code,name,market,外資,投信,自營,三大法人,shares
0050,元大台灣50,上市,33891154.0,1600000.0,31238322.0,66729476.0,15570500000.0
00715L,期街口布蘭特正2,上市,14166000.0,0.0,36392942.0,50558942.0,553691793.0
2887,台新新光金,上市,-93151235.0,140314000.0,361932.0,47524697.0,24866399230.0
00637L,元大滬深300正2,上市,12100000.0,0.0,23769361.0,35869361.0,1091606000.0
00919,群益台灣精選高息,上市,162594.0,0.0,25627777.0,25790371.0,18601635000.0
00981A,主動統一台股增長,上市,4744060.0,0.0,16423011.0,21167071.0,2971209000.0
00982A,主動群益台灣強棒,上市,3626400.0,0.0,16481031.0,20107431.0,2023936000.0
00988A,主動統一全球創新,上市,3843500.0,0.0,11034000.0,14877500.0,922437000.0
00830,國泰費城半導體,上市,8016373.0,0.0,6851000.0,14867373.0,477465000.0
00680L,元大美債20正2,上市,0.0,0.0,14723382.0,14723382.0,3107076000.0
2313,華通,上市,10213034.0,118000.0,1162876.0,11493910.0,1191820589.0
2344,華邦電,上市,9066070.0,249000.0,1757277.0,11072347.0,4500000193.0
00712,復華富時不動產,上市,4876500.0,0.0,5189204.0,10065704.0,4730511000.0
00885,富邦越南,上市,9090918.0,0.0,832585.0,9923503.0,812738000.0
0052,富邦科技,上市,4451570.0,1430000.0,3989422.0,9870992.0,1616500000.0
00642U,期元大S&P石油,上市,661000.0,0.0,7681600.0,8342600.0,233821000.0
2885,元大金,上市,20904353.0,-13401000.0,455759.0,7959112.0,13331149946.0
00878,國泰永續高股息,上市,627261.0,0.0,6263803.0,6891064.0,21194290000.0
2884,玉山金,上市,-71997235.0,76889000.0,805985.0,5697750.0,16174000000.0
2330,台積電,上市,4729949.0,250000.0,132549.0,5112498.0,25932524521.0
00633L,富邦上証正2,上市,1621000.0,0.0,3345368.0,4966368.0,173958000.0
8028,昇陽半導體,上市,3066128.0,1060000.0,202979.0,4329107.0,172628033.0
1717,長興,上市,3555156.0,0.0,769759.0,4324915.0,1172245483.0
2883,凱基金,上市,-715362.0,5369000.0,-415140.0,4238498.0,16975033203.0
00663L,國泰臺灣加權正2,上市,5000.0,0.0,3867295.0,3872295.0,116163000.0
3045,台灣大,上市,-24210968.0,27626000.0,349952.0,3764984.0,3723261811.0
00922,國泰台灣領袖50,上市,1829895.0,0.0,1908728.0,3738623.0,1655686000.0
2867,三商壽,上市,3779660.0,0.0,-182000.0,3597660.0,5899501044.0
00940,元大台灣價值高息,上市,-7000.0,0.0,3521087.0,3514087.0,10903365000.0
00939,統一台灣高息動能,上市,28000.0,0.0,3240435.0,3268435.0,2050976000.0
8131,福懋科,上市,3215830.0,0.0,-30244.0,3185586.0,442222223.0
00991A,主動復華未來50,上市,13323000.0,0.0,-10158819.0,3164181.0,1516416000.0
009813,貝萊德標普卓越50,上市,129000.0,0.0,3032000.0,3161000.0,696324000.0
3715,定穎投控,上市,3287628.0,-300000.0,161082.0,3148710.0,277674584.0
5871,中租-KY,上市,9887180.0,-6802000.0,52560.0,3137740.0,1711421161.0
2609,陽明,上市,2521688.0,-44000.0,623802.0,3101490.0,3492104270.0
2618,長榮航,上市,3730442.0,-769000.0,137495.0,3098937.0,5400444335.0
00671R,富邦NASDAQ反1,上市,0.0,0.0,3008000.0,3008000.0,648384000.0
00915,凱基優選高股息30,上市,-410000.0,0.0,3347441.0,2937441.0,1047483000.0
1326,台化,上市,349209.0,0.0,2492499.0,2841708.0,5861186291.0
00665L,富邦恒生國企正2,上市,-48000.0,0.0,2887907.0,2839907.0,529965000.0
5522,遠雄,上市,1487278.0,1286000.0,60000.0,2833278.0,781596241.0
00688L,國泰20年美債正2,上市,42000.0,0.0,2656797.0,2698797.0,1366115000.0
8021,尖點,上市,2625576.0,0.0,-3364.0,2622212.0,142042467.0
8112,至上,上市,2096000.0,-2012.0,482564.0,2576552.0,525291698.0
00985A,主動野村台灣50,上市,137000.0,0.0,2355555.0,2492555.0,517789000.0
009802,富邦旗艦50,上市,242000.0,0.0,2080204.0,2322204.0,622995000.0
00965,元大航太防衛科技,上市,941090.0,0.0,1337993.0,2279083.0,744992000.0
2633,台灣高鐵,上市,2235278.0,0.0,6000.0,2241278.0,5628293058.0
00650L,復華香港正2,上市,275000.0,0.0,1931486.0,2206486.0,156838000.0
00882,中信中國高股息,上市,968000.0,0.0,1153430.0,2121430.0,2354849000.0
2637,慧洋-KY,上市,1739500.0,-7000.0,39729.0,1772229.0,746409199.0
2610,華航,上市,1634560.0,51000.0,52743.0,1738303.0,6083923559.0
00941,中信上游半導體,上市,1351000.0,0.0,364887.0,1715887.0,539791000.0
1605,華新,上市,552472.0,1650000.0,-511732.0,1690740.0,4431332948.0
1711,永光,上市,1683992.0,0.0,763.0,1684755.0,547752226.0
2104,國際中橡,上市,1688000.0,0.0,-8001.0,1679999.0,984733625.0
5880,合庫金,上市,1685292.0,0.0,-14340.0,1670952.0,15680936914.0
9907,統一實,上市,-5704040.0,7312000.0,-10985.0,1596975.0,1579145342.0
00655L,國泰中國A50正2,上市,786000.0,0.0,717361.0,1503361.0,93458000.0
00713,元大台灣高息低波,上市,117759.0,-250000.0,1627996.0,1495755.0,2606512000.0
3006,晶豪科,上市,727700.0,0.0,741870.0,1469570.0,286172238.0
2323,中環,上市,1474000.0,0.0,-8000.0,1466000.0,1089348328.0
8039,台虹,上市,1568992.0,4000.0,-111347.0,1461645.0,256650999.0
1316,上曜,上市,1631000.0,0.0,-190000.0,1441000.0,367089019.0
2603,長榮,上市,-2494193.0,3844000.0,66630.0,1416437.0,2165042996.0
2449,京元電子,上市,1775594.0,-606001.0,237342.0,1406935.0,1222745065.0
6209,今國光,上市,1316183.0,0.0,55303.0,1371486.0,174429171.0
00989A,主動摩根美國科技,上市,343000.0,0.0,1028105.0,1371105.0,146117000.0
00934,中信成長高股息,上市,70000.0,0.0,1279795.0,1349795.0,492026000.0
6531,愛普*,上市,1438998.0,0.0,-94234.0,1344764.0,162492232.0
3017,奇鋐,上市,795866.0,513000.0,33477.0,1342343.0,388167157.0
00706L,期元大S&P日圓正2,上市,139000.0,0.0,1169122.0,1308122.0,212270853.0
1101,台泥,上市,1308495.0,0.0,-15455.0,1293040.0,7551181742.0
2605,新興,上市,1509978.0,0.0,-218569.0,1291409.0,585353297.0
00898,國泰基因免疫革命,上市,1501000.0,0.0,-215114.0,1285886.0,189476000.0
00983A,主動中信ARK創新,上市,61100.0,0.0,1199899.0,1260999.0,312686000.0
4904,遠傳,上市,2435121.0,-1265000.0,78544.0,1248665.0,3605705357.0
00900,富邦特選高股息30,上市,62600.0,205000.0,963527.0,1231127.0,2654025000.0
9945,潤泰新,上市,1197920.0,0.0,12233.0,1210153.0,2844225086.0
1727,中華化,上市,1163940.0,0.0,25132.0,1189072.0,125365479.0
00910,第一金太空衛星,上市,-566000.0,0.0,1743586.0,1177586.0,62939000.0
6706,惠特,上市,1056000.0,0.0,121517.0,1177517.0,78548865.0
1229,聯華,上市,1169982.0,-1000.0,0.0,1168982.0,1795960668.0
1314,中石化,上市,1075000.0,0.0,65000.0,1140000.0,3784850130.0
1402,遠東新,上市,1802467.0,-700000.0,25497.0,1127964.0,5352875227.0
00936,台新永續高息中小,上市,13000.0,0.0,1086917.0,1099917.0,606797000.0
2880,華南金,上市,-25711107.0,26263000.0,520000.0,1071893.0,13916965089.0
00881,國泰台灣科技龍頭,上市,673000.0,0.0,390852.0,1063852.0,2216403000.0
00631L,元大台灣50正2,上市,-8100.0,0.0,1033442.0,1025342.0,121584000.0
8110,華東,上市,1010800.0,0.0,-31000.0,979800.0,517739876.0
00675L,富邦臺灣加權正2,上市,16000.0,0.0,948049.0,964049.0,116786000.0
3701,大眾控,上市,921000.0,0.0,18053.0,939053.0,236526612.0
3543,州巧,上市,928000.0,0.0,4157.0,932157.0,89263150.0
4722,國精化,上市,163661.0,737000.0,13728.0,914389.0,101059159.0
2501,國建,上市,775951.0,0.0,128000.0,903951.0,1159561059.0
2404,漢唐,上市,926951.0,-126000.0,72568.0,873519.0,190586698.0
006208,富邦台50,上市,271912.0,0.0,596781.0,868693.0,1922040000.0
2646,星宇航空,上市,890540.0,0.0,-28000.0,862540.0,3008735000.0
00980A,主動野村臺灣優選,上市,697638.0,0.0,155702.0,853340.0,627730000.0
00918,大華優利高填息30,上市,1846000.0,0.0,-997734.0,848266.0,3754764000.0
00639,富邦深100,上市,198500.0,0.0,613080.0,811580.0,141403000.0
6139,亞翔,上市,962138.0,-242000.0,89313.0,809451.0,233319058.0
6176,瑞儀,上市,1871000.0,-1111221.0,47701.0,807480.0,465027263.0
00905,FT臺灣Smart,上市,77000.0,0.0,721021.0,798021.0,382327000.0
1304,台聚,上市,740008.0,0.0,21498.0,761506.0,1188763500.0
2542,興富發,上市,802200.0,0.0,-54231.0,747969.0,2173083539.0
00961,FT臺灣永續高息,上市,136000.0,0.0,606528.0,742528.0,214011000.0
2615,萬海,上市,810577.0,-29000.0,-50696.0,730881.0,2806146293.0
00902,中信電池及儲能,上市,449000.0,0.0,281209.0,730209.0,362497000.0
1609,大亞,上市,713426.0,0.0,-1396.0,712030.0,785261944.0
2451,創見,上市,-216150.0,860000.0,61680.0,705530.0,430701675.0
00636,國泰中國A50,上市,36000.0,0.0,647134.0,683134.0,141825000.0
3044,健鼎,上市,1444683.0,-813000.0,42399.0,674082.0,525605898.0
2548,華固,上市,540991.0,0.0,126231.0,667222.0,319718697.0
009809,富邦淨零ESG50,上市,-8000.0,0.0,652500.0,644500.0,56363000.0
00945B,凱基美國非投等債,上市,-23000.0,0.0,625898.0,602898.0,943318000.0
4989,榮科,上市,587830.0,0.0,2274.0,590104.0,137776500.0
00930,永豐ESG低碳高息,上市,10014.0,0.0,553536.0,563550.0,274279000.0
3576,聯合再生,上市,452000.0,0.0,90305.0,542305.0,1627795375.0
009811,統一美國50,上市,0.0,0.0,538264.0,538264.0,436950000.0
1514,亞力,上市,564493.0,0.0,-26366.0,538127.0,273108473.0
4526,東台,上市,533010.0,0.0,453.0,533463.0,254826461.0
2897,王道銀行,上市,529022.0,0.0,0.0,529022.0,2805357878.0
2329,華泰,上市,508990.0,0.0,10871.0,519861.0,560004333.0
00893,國泰智能電動車,上市,-135000.0,0.0,647567.0,512567.0,423384000.0
3025,星通,上市,515750.0,0.0,-6000.0,509750.0,56736440.0
00909,國泰數位支付服務,上市,237002.0,0.0,266309.0,503311.0,223704000.0
4142,國光生,上市,492000.0,0.0,-1000.0,491000.0,429507750.0
2915,潤泰全,上市,409251.0,0.0,41000.0,450251.0,1104318772.0
1409,新纖,上市,494000.0,0.0,-43871.0,450129.0,1618409286.0
1708,東鹼,上市,421984.0,0.0,829.0,422813.0,249001651.0
6272,驊陞,上市,415000.0,0.0,-6000.0,409000.0,81763948.0
5515,建國,上市,411000.0,0.0,-5000.0,406000.0,201600084.0
6426,統新,上市,400000.0,0.0,3770.0,403770.0,38509000.0
1444,力麗,上市,366574.0,0.0,29000.0,395574.0,995595059.0
2838,聯邦銀,上市,388039.0,0.0,6204.0,394243.0,4340551779.0
2540,愛山林,上市,394261.0,0.0,-1000.0,393261.0,944873965.0
1714,和桐,上市,363000.0,0.0,29000.0,392000.0,991824808.0
1312,國喬,上市,328000.0,0.0,60299.0,388299.0,1106620328.0
00982D,主動富邦動態入息,上市,463000.0,0.0,-84000.0,379000.0,108229000.0
6477,安集,上市,375000.0,0.0,-815.0,374185.0,123787196.0
2455,全新,上市,-269003.0,118000.0,512306.0,361303.0,184905918.0
2388,威盛,上市,476449.0,0.0,-117113.0,359336.0,555600941.0
9955,佳龍,上市,356000.0,0.0,2000.0,358000.0,104435829.0
3231,緯創,上市,3039646.0,-2425000.0,-260021.0,354625.0,3180412250.0
00986A,主動台新龍頭成長,上市,-98000.0,0.0,451135.0,353135.0,70827000.0
6177,達麗,上市,807229.0,-548000.0,93208.0,352437.0,471878411.0
0061,元大寶滬深,上市,293000.0,0.0,51090.0,344090.0,119116000.0
00960,野村全球航運龍頭,上市,-4000.0,0.0,338900.0,334900.0,141495000.0
6806,森崴能源,上市,323500.0,0.0,704.0,324204.0,274642902.0
00739,元大MSCI A股,上市,4000.0,0.0,315830.0,319830.0,29488000.0
7610,聯友金屬-創,上市,323000.0,0.0,-3298.0,319702.0,48600000.0
2258,鴻華先進-創,上市,313250.0,0.0,6155.0,319405.0,1741314000.0
00926,凱基全球菁英55,上市,7000.0,0.0,304379.0,311379.0,86482000.0
2034,允強,上市,297000.0,0.0,7004.0,304004.0,523547879.0
5534,長虹,上市,248266.0,0.0,52845.0,301111.0,290325960.0
3052,夆典,上市,299000.0,0.0,1000.0,300000.0,233245771.0
00949,復華日本龍頭,上市,0.0,0.0,292694.0,292694.0,207928000.0
4566,時碩工業,上市,209000.0,0.0,76621.0,285621.0,109809726.0
1308,亞聚,上市,279000.0,0.0,0.0,279000.0,593743919.0
2543,皇昌,上市,286923.0,0.0,-12212.0,274711.0,532383961.0
00647L,元大S&P500正2,上市,-1000.0,0.0,268407.0,267407.0,6916000.0
00938,凱基優選30,上市,-106300.0,0.0,373523.0,267223.0,92516000.0
00686R,群益臺灣加權反1,上市,0.0,0.0,267000.0,267000.0,142276000.0
00897,富邦基因免疫生技,上市,116000.0,0.0,147159.0,263159.0,182512000.0
00964,中信亞太高股息,上市,0.0,0.0,260719.0,260719.0,26624000.0
006205,富邦上証,上市,13000.0,0.0,244681.0,257681.0,114939000.0
00935,野村臺灣新科技50,上市,43000.0,0.0,211189.0,254189.0,422504000.0
3376,新日興,上市,130163.0,0.0,123123.0,253286.0,195763822.0
00894,中信小資高價30,上市,111000.0,0.0,139100.0,250100.0,143509000.0
6805,富世達,上市,158747.0,38000.0,50883.0,247630.0,68553896.0
6830,汎銓,上市,228000.0,0.0,14280.0,242280.0,51781846.0
2399,映泰,上市,238000.0,0.0,3955.0,241955.0,178100000.0
2614,東森,上市,242000.0,0.0,-2000.0,240000.0,327264946.0
3550,聯穎,上市,235000.0,0.0,0.0,235000.0,107550000.0
8996,高力,上市,149473.0,103000.0,-23895.0,228578.0,91471435.0
009801,中信美國創新科技,上市,-6000.0,0.0,233461.0,227461.0,176119000.0
4739,康普,上市,157034.0,0.0,62841.0,219875.0,118649269.0
1305,華夏,上市,221000.0,0.0,-2002.0,218998.0,581050494.0
00670L,富邦NASDAQ正2,上市,0.0,0.0,216688.0,216688.0,85145000.0
2597,潤弘,上市,220085.0,0.0,-4340.0,215745.0,310716000.0
00927,群益半導體收益,上市,-10500.0,0.0,221723.0,211223.0,472397000.0
2405,輔信,上市,213000.0,0.0,-4000.0,209000.0,343427303.0
1519,華城,上市,187032.0,114000.0,-93538.0,207494.0,315880844.0
4916,事欣科,上市,-279000.0,0.0,486485.0,207485.0,110602900.0
1722,台肥,上市,201102.0,0.0,5549.0,206651.0,980000000.0
00895,富邦未來車,上市,5023.0,0.0,198714.0,203737.0,176416000.0
6443,元晶,上市,-566561.0,0.0,768000.0,201439.0,538691466.0
8210,勤誠,上市,-255355.0,348000.0,108263.0,200908.0,125302665.0
1309,台達化,上市,218000.0,0.0,-18001.0,199999.0,397586848.0
00971,野村美國研發龍頭,上市,-8000.0,0.0,205778.0,197778.0,101677000.0
1102,亞泥,上市,-9332629.0,9282000.0,244079.0,193450.0,3546562881.0
00685L,群益臺灣加權正2,上市,-1000.0,0.0,191549.0,190549.0,26139000.0
1513,中興電,上市,201531.0,-2000.0,-16677.0,182854.0,503112515.0
9958,世紀鋼,上市,183007.0,0.0,-291.0,182716.0,246896665.0
3356,奇偶,上市,182000.0,0.0,464.0,182464.0,79941672.0
009803,玉山市值動能50,上市,275000.0,0.0,-94000.0,181000.0,129828000.0
2466,冠西電,上市,177000.0,0.0,4000.0,181000.0,173458697.0
4960,誠美材,上市,188000.0,0.0,-8000.0,180000.0,571705388.0
2233,宇隆,上市,166000.0,0.0,8916.0,174916.0,60288089.0
5608,四維航,上市,156000.0,0.0,17701.0,173701.0,389271614.0
2442,新美齊,上市,172174.0,0.0,1000.0,173174.0,268905778.0
3257,虹冠電,上市,169000.0,0.0,-15.0,168985.0,79823590.0
2528,皇普,上市,168351.0,0.0,-1000.0,167351.0,434026467.0
009812,野村日本東證,上市,201000.0,0.0,-35138.0,165862.0,98382000.0
6120,達運,上市,163969.0,0.0,999.0,164968.0,598999602.0
2845,遠東銀,上市,149013.0,0.0,13000.0,162013.0,4865284731.0
1529,樂事綠能,上市,158000.0,0.0,-2000.0,156000.0,155095074.0
00899,FT潔淨能源,上市,0.0,0.0,152801.0,152801.0,20635000.0
6869,雲豹能源,上市,147996.0,0.0,1000.0,148996.0,137830041.0
2383,台光電,上市,-53818.0,151000.0,47902.0,145084.0,346773599.0
009804,聯邦台精彩50,上市,500.0,0.0,142822.0,143322.0,112892000.0
4306,炎洲,上市,143000.0,0.0,-1000.0,142000.0,676757216.0
3023,信邦,上市,265885.0,-142000.0,15986.0,139871.0,240069014.0
6669,緯穎,上市,54312.0,35000.0,49258.0,138570.0,185840791.0
00983D,主動富邦複合收益,上市,12000.0,0.0,126216.0,138216.0,102697000.0
00947,台新臺灣IC設計,上市,-11000.0,0.0,144556.0,133556.0,113364000.0
6283,淳安,上市,132000.0,0.0,1000.0,133000.0,147906343.0
2836,高雄銀,上市,127009.0,0.0,3000.0,130009.0,1839916985.0
2478,大毅,上市,128000.0,0.0,0.0,128000.0,144731339.0
4737,華廣,上市,121000.0,0.0,5108.0,126108.0,67272653.0
7750,新代,上市,125000.0,0.0,205.0,125205.0,71843000.0
4720,德淵,上市,118000.0,-508.0,3000.0,120492.0,114516037.0
6165,浪凡,上市,119000.0,0.0,0.0,119000.0,77752623.0
6243,迅杰,上市,113000.0,0.0,3014.0,116014.0,45268841.0
00717,富邦美國特別股,上市,112000.0,0.0,1000.0,113000.0,152605000.0
00903,富邦元宇宙,上市,6000.0,0.0,106297.0,112297.0,69221000.0
00735,國泰臺韓科技,上市,-9000.0,0.0,121000.0,112000.0,10289000.0
2241,艾姆勒,上市,108000.0,0.0,2000.0,110000.0,104602306.0
2345,智邦,上市,-160334.0,52000.0,217190.0,108856.0,561117897.0
3038,全台,上市,109000.0,-485.0,0.0,108515.0,157407603.0
9917,中保科,上市,286993.0,-183000.0,2000.0,105993.0,451197093.0
2458,義隆,上市,-1200507.0,1269263.0,32638.0,101394.0,303880392.0
1440,南紡,上市,102000.0,0.0,-1087.0,100913.0,1656815857.0
5519,隆大,上市,101000.0,0.0,-549.0,100451.0,219197180.0
7788,松川精密,上市,101000.0,0.0,-1000.0,100000.0,79745993.0
00944,野村趨勢動能高息,上市,-1000.0,0.0,100685.0,99685.0,107581000.0
1589,永冠-KY,上市,99199.0,0.0,125.0,99324.0,153135941.0
00901,永豐智能車供應鏈,上市,10000.0,0.0,88918.0,98918.0,86349000.0
9946,三發地產,上市,96000.0,0.0,2000.0,98000.0,326554150.0
00921,兆豐龍頭等權重,上市,58000.0,0.0,38840.0,96840.0,97770000.0
00932,兆豐永續高息等權,上市,23000.0,0.0,73704.0,96704.0,250783000.0
1560,中砂,上市,-12001.0,125000.0,-16864.0,96135.0,146277234.0
3092,鴻碩,上市,97000.0,0.0,-1000.0,96000.0,106552030.0
5225,東科-KY,上市,96000.0,0.0,0.0,96000.0,78416677.0
1449,佳和,上市,96000.0,0.0,0.0,96000.0,127114572.0
2545,皇翔,上市,95988.0,0.0,0.0,95988.0,379734808.0
6112,邁達特,上市,91000.0,0.0,3045.0,94045.0,188357336.0
4746,台耀,上市,94000.0,0.0,-1437.0,92563.0,120255963.0
3003,健和興,上市,89000.0,0.0,-14.0,88986.0,155654890.0
2425,承啟,上市,88000.0,0.0,0.0,88000.0,96498831.0
3024,憶聲,上市,88000.0,0.0,0.0,88000.0,277157496.0
6789,采鈺,上市,109100.0,0.0,-21977.0,87123.0,318299119.0
1618,合機,上市,90000.0,0.0,-3000.0,87000.0,192691747.0
00892,富邦台灣半導體,上市,-156000.0,0.0,242675.0,86675.0,250292000.0
00669R,國泰美國道瓊反1,上市,0.0,0.0,86144.0,86144.0,222117000.0
2385,群光,上市,668981.0,-541623.0,-42246.0,85112.0,760053172.0
6168,宏齊,上市,81000.0,0.0,4000.0,85000.0,206069801.0
00912,中信臺灣智慧50,上市,10000.0,0.0,74220.0,84220.0,55753000.0
00923,群益台ESG低碳50,上市,-16922.0,0.0,100961.0,84039.0,801423000.0
00640L,富邦日本正2,上市,-2000.0,0.0,84580.0,82580.0,10419000.0
1786,科妍,上市,82996.0,0.0,-811.0,82185.0,72191688.0
009808,華南永昌優選50,上市,-136000.0,0.0,218022.0,82022.0,51011000.0
1773,勝一,上市,76207.0,0.0,5000.0,81207.0,300000000.0
8478,東哥遊艇,上市,90156.0,0.0,-10596.0,79560.0,93972276.0
3027,盛達,上市,80000.0,0.0,-1000.0,79000.0,116039561.0
00731,復華富時高息低波,上市,-5000.0,0.0,83446.0,78446.0,39100000.0
3583,辛耘,上市,57018.0,0.0,18037.0,75055.0,80328000.0
7786,東方風能,上市,75000.0,0.0,0.0,75000.0,175361444.0
5521,工信,上市,-40612.0,0.0,114000.0,73388.0,492280155.0
2613,中櫃,上市,72000.0,0.0,1000.0,73000.0,148423458.0
1582,信錦,上市,74000.0,0.0,-1004.0,72996.0,144268604.0
00728,第一金工業30,上市,0.0,0.0,72595.0,72595.0,43923000.0
2020,美亞,上市,72000.0,0.0,0.0,72000.0,267031320.0
6668,中揚光,上市,72000.0,0.0,0.0,72000.0,107116087.0
00641R,富邦日本反1,上市,0.0,0.0,70000.0,70000.0,80758000.0
2530,華建,上市,-122025.0,0.0,190000.0,67975.0,839988000.0
6834,天二科技,上市,66000.0,0.0,0.0,66000.0,88471082.0
6412,群電,上市,70993.0,0.0,-5000.0,65993.0,400769126.0
1712,興農,上市,44985.0,0.0,19975.0,64960.0,420492585.0
2305,全友,上市,64000.0,0.0,0.0,64000.0,205660827.0
2204,中華,上市,59000.0,-1672.0,5207.0,62535.0,553620342.0
6794,向榮生技,上市,70000.0,0.0,-8000.0,62000.0,63567000.0
6796,晉弘,上市,61000.0,0.0,0.0,61000.0,38233970.0
00652,富邦印度,上市,-21000.0,0.0,81740.0,60740.0,85035000.0
1806,冠軍,上市,61000.0,0.0,-1000.0,60000.0,390403870.0
00690,兆豐藍籌30,上市,-325.0,0.0,59401.0,59076.0,78330000.0
1540,喬福,上市,57000.0,0.0,2000.0,59000.0,85473612.0
00850,元大臺灣ESG永續,上市,142000.0,0.0,-83027.0,58973.0,450944000.0
5876,上海商銀,上市,1299946.0,-1602000.0,360954.0,58900.0,4861603140.0
910322,康師傅-DR,上市,58000.0,0.0,0.0,58000.0,23117402.0
1905,華紙,上市,46000.0,0.0,11141.0,57141.0,1102835316.0
00876,元大全球5G,上市,-23000.0,0.0,80060.0,57060.0,81024000.0
1616,億泰,上市,67000.0,0.0,-10000.0,57000.0,194148515.0
3031,佰鴻,上市,52000.0,0.0,5000.0,57000.0,173203224.0
1103,嘉泥,上市,48000.0,0.0,8000.0,56000.0,790247459.0
1436,華友聯,上市,54199.0,0.0,13.0,54212.0,172700652.0
2462,良得電,上市,53000.0,0.0,502.0,53502.0,150144074.0
6592,和潤企業,上市,52076.0,0.0,170.0,52246.0,623150493.0
2636,台驊控股,上市,52999.0,0.0,-1000.0,51999.0,141835230.0
006207,復華滬深,上市,11000.0,0.0,40652.0,51652.0,25392000.0
6873,泓德能源,上市,51027.0,0.0,0.0,51027.0,141872370.0
00643,群益深証中小,上市,13000.0,0.0,37798.0,50798.0,99073000.0
6944,兆聯實業,上市,81999.0,-33000.0,1698.0,50697.0,76308312.0
5607,遠雄港,上市,49664.0,0.0,0.0,49664.0,370552913.0
1340,勝悅-KY,上市,48000.0,0.0,0.0,48000.0,152922855.0
5283,禾聯碩,上市,48000.0,0.0,0.0,48000.0,87600510.0
4564,元翎,上市,51000.0,0.0,-3001.0,47999.0,232788303.0
4585,達明,上市,28760.0,0.0,19026.0,47786.0,102800000.0
5234,達興材料,上市,37279.0,0.0,9909.0,47188.0,102715911.0
020030,統一智慧電動車N,上市,0.0,0.0,47000.0,47000.0,0.0
6205,詮欣,上市,47000.0,0.0,-1000.0,46000.0,82235907.0
1215,卜蜂,上市,-1945005.0,1991000.0,-1027.0,44968.0,294790098.0
3010,華立,上市,-225007.0,293000.0,-25264.0,42729.0,259436817.0
4571,鈞興-KY,上市,44712.0,0.0,-2000.0,42712.0,53017115.0
6192,巨路,上市,78000.0,0.0,-36000.0,42000.0,96155770.0
3454,晶睿,上市,41020.0,0.0,0.0,41020.0,86567893.0
2488,漢平,上市,41000.0,0.0,0.0,41000.0,79999433.0
1563,巧新,上市,30000.0,0.0,10318.0,40318.0,230782140.0
2505,國揚,上市,40000.0,0.0,0.0,40000.0,380000000.0
00852L,國泰美國道瓊正2,上市,0.0,0.0,39919.0,39919.0,8865000.0
7769,鴻勁,上市,28670.0,12000.0,-1000.0,39670.0,179930000.0
8499,鼎炫-KY,上市,47014.0,0.0,-7482.0,39532.0,41165557.0
009810,玉山全球藍籌100,上市,0.0,0.0,38762.0,38762.0,27154000.0
006206,元大上證50,上市,0.0,0.0,38112.0,38112.0,33278000.0
4137,麗豐-KY,上市,37615.0,0.0,-90.0,37525.0,82492350.0
00737,國泰AI機器人,上市,1000.0,0.0,36311.0,37311.0,23538000.0
6414,樺漢,上市,-442003.0,489000.0,-9892.0,37105.0,137539720.0
4576,大銀微系統,上市,44000.0,0.0,-7000.0,37000.0,119801848.0
2883B,凱基金乙特,上市,-5000.0,0.0,42000.0,37000.0,1582142374.0
2390,云辰,上市,37000.0,0.0,0.0,37000.0,192619442.0
00783,富邦中証500,上市,0.0,0.0,36597.0,36597.0,10531000.0
3437,榮創,上市,34000.0,0.0,1000.0,35000.0,144548000.0
2534,宏盛,上市,39978.0,0.0,-5002.0,34976.0,474227970.0
3443,創意,上市,51541.0,-111000.0,94423.0,34964.0,134011911.0
3019,亞光,上市,54964.0,0.0,-21260.0,33704.0,279243901.0
00861,元大全球未來通訊,上市,10.0,0.0,33647.0,33657.0,72412000.0
7765,中華資安,上市,33000.0,0.0,0.0,33000.0,40677000.0
2364,倫飛,上市,32000.0,0.0,-1.0,31999.0,52388648.0
1313,聯成,上市,29500.0,0.0,2000.0,31500.0,1349689607.0
3056,富華新,上市,31372.0,0.0,0.0,31372.0,480555051.0
2415,錩新,上市,31000.0,0.0,0.0,31000.0,90000000.0
1516,川飛,上市,31000.0,0.0,0.0,31000.0,40008195.0
2727,王品,上市,29996.0,0.0,504.0,30500.0,84451109.0
1587,吉茂,上市,34000.0,0.0,-3512.0,30488.0,80055672.0
1568,倉佑,上市,30000.0,0.0,0.0,30000.0,103086559.0
2429,銘旺科,上市,35444.0,0.0,-6001.0,29443.0,85500000.0
00908,富邦入息REITs+,上市,-1000.0,0.0,30322.0,29322.0,40916000.0
7791,皇家可口,上市,29000.0,0.0,0.0,29000.0,80000000.0
4104,佳醫,上市,29000.0,0.0,-355.0,28645.0,171567456.0
3321,同泰,上市,28001.0,0.0,0.0,28001.0,53113769.0
1451,年興,上市,28000.0,0.0,0.0,28000.0,198000000.0
00904,台新臺灣半導體30,上市,-22820.0,0.0,50775.0,27955.0,136112000.0
2338,光罩,上市,-41995.0,0.0,69593.0,27598.0,316849183.0
2538,基泰,上市,28000.0,0.0,-1000.0,27000.0,445025495.0
2908,特力,上市,20000.0,0.0,7000.0,27000.0,509887558.0
3004,豐達科,上市,32548.0,0.0,-6083.0,26465.0,55685055.0
5706,鳳凰,上市,26450.0,0.0,0.0,26450.0,84910920.0
3135,凌航,上市,26000.0,0.0,0.0,26000.0,77493405.0
6142,友勁,上市,14000.0,0.0,12000.0,26000.0,330779215.0
6206,飛捷,上市,27323.0,0.0,-1367.0,25956.0,143062324.0
6885,全福生技,上市,26000.0,0.0,-1000.0,25000.0,133214000.0
6937,天虹,上市,24000.0,0.0,704.0,24704.0,67576263.0
1446,宏和,上市,22000.0,0.0,2000.0,24000.0,137709513.0
2482,連宇,上市,22000.0,0.0,2000.0,24000.0,77882711.0
0055,元大MSCI金融,上市,-24845.0,0.0,48070.0,23225.0,80654000.0
2444,兆勁,上市,23000.0,0.0,0.0,23000.0,101569573.0
3717,聯嘉投控,上市,23000.0,0.0,0.0,23000.0,207845445.0
4572,駐龍,上市,30998.0,-8000.0,0.0,22998.0,4000000.0
2228,劍麟,上市,75995.0,-12000.0,-41240.0,22755.0,79531339.0
1702,南僑,上市,22000.0,0.0,0.0,22000.0,294132962.0
5244,弘凱,上市,24000.0,0.0,-2000.0,22000.0,68241899.0
6863,永道-KY,上市,22000.0,0.0,0.0,22000.0,74888000.0
1597,直得,上市,26000.0,0.0,-4709.0,21291.0,89261804.0
2527,宏璟,上市,20000.0,-327.0,0.0,19673.0,270306000.0
1713,國化,上市,19000.0,0.0,0.0,19000.0,150951700.0
1464,得力,上市,19000.0,0.0,0.0,19000.0,425575733.0
3029,零壹,上市,42994.0,0.0,-24105.0,18889.0,167005212.0
8374,羅昇,上市,19000.0,0.0,-840.0,18160.0,112250487.0
7740,熙特爾-創,上市,18000.0,0.0,0.0,18000.0,53200000.0
2477,美隆電,上市,18000.0,0.0,0.0,18000.0,158573244.0
3714,富采,上市,-18250.0,0.0,35999.0,17749.0,737940460.0
2239,英利-KY,上市,17000.0,0.0,0.0,17000.0,120346593.0
2753,八方雲集,上市,-42002.0,0.0,58163.0,16161.0,66644796.0
2062,橋椿,上市,10000.0,0.0,6000.0,16000.0,199994152.0
6416,瑞祺電通,上市,13000.0,0.0,3000.0,16000.0,73348460.0
3419,譁裕,上市,16000.0,0.0,0.0,16000.0,120480417.0
6136,富爾特,上市,16000.0,0.0,0.0,16000.0,115536412.0
4119,旭富,上市,18000.0,0.0,-2009.0,15991.0,119508634.0
1438,三地開發,上市,15000.0,0.0,0.0,15000.0,111205759.0
00875,國泰網路資安,上市,103000.0,0.0,-88225.0,14775.0,14988000.0
8016,矽創,上市,15996.0,2000.0,-3364.0,14632.0,120136876.0
8114,振樺電,上市,14198.0,0.0,0.0,14198.0,76384772.0
8940,新天地,上市,14000.0,0.0,0.0,14000.0,67491032.0
2069,運錩,上市,17000.0,0.0,-3000.0,14000.0,166386836.0
2108,南帝,上市,10000.0,0.0,4000.0,14000.0,492416659.0
2022,聚亨,上市,14000.0,0.0,0.0,14000.0,337168138.0
8464,億豐,上市,118196.0,-114500.0,9986.0,13682.0,293020200.0
1903,士紙,上市,17000.0,0.0,-4000.0,13000.0,260039121.0
00645,富邦日本,上市,-3000.0,0.0,15971.0,12971.0,49997000.0
3416,融程電,上市,13998.0,0.0,-1749.0,12249.0,79746502.0
3058,立德,上市,14000.0,0.0,-2000.0,12000.0,201722779.0
2471,資通,上市,12000.0,0.0,0.0,12000.0,47253890.0
1718,中纖,上市,11000.0,0.0,1000.0,12000.0,1685905745.0
2701,萬企,上市,11000.0,0.0,1000.0,12000.0,449967838.0
9919,康那香,上市,12000.0,0.0,0.0,12000.0,195362750.0
3054,立萬利,上市,9000.0,0.0,2000.0,11000.0,80651041.0
1603,華電,上市,10990.0,0.0,0.0,10990.0,191688000.0
2642,宅配通,上市,10959.0,0.0,0.0,10959.0,95467000.0
3515,華擎,上市,14074.0,0.0,-3312.0,10762.0,123556329.0
9927,泰銘,上市,10556.0,0.0,0.0,10556.0,120000000.0
8112A,至上甲特,上市,0.0,10000.0,0.0,10000.0,30000000.0
3043,科風,上市,11000.0,0.0,-1000.0,10000.0,38975634.0
6591,動力-KY,上市,11000.0,0.0,-1000.0,10000.0,41122465.0
3040,遠見,上市,17000.0,0.0,-7000.0,10000.0,63000000.0
4557,永新-KY,上市,10000.0,0.0,0.0,10000.0,47971840.0
4569,六方科-KY,上市,9000.0,0.0,1000.0,10000.0,30600000.0
1776,展宇,上市,10000.0,0.0,0.0,10000.0,60106952.0
2414,精技,上市,10000.0,0.0,0.0,10000.0,161735846.0
1615,大山,上市,10000.0,0.0,0.0,10000.0,196663702.0
00678,群益那斯達克生技,上市,13000.0,0.0,-3000.0,10000.0,7948000.0
2546,根基,上市,10000.0,0.0,0.0,10000.0,130524193.0
1707,葡萄王,上市,9995.0,0.0,-284.0,9711.0,148137373.0
5258,虹堡,上市,7995.0,0.0,1156.0,9151.0,110364894.0
3501,維熹,上市,10000.0,0.0,-1000.0,9000.0,118257927.0
6405,悅城,上市,9000.0,0.0,0.0,9000.0,65800000.0
9942,茂順,上市,9000.0,0.0,0.0,9000.0,83161320.0
8476,台境*,上市,7000.0,0.0,2000.0,9000.0,166226358.0
1417,嘉裕,上市,9000.0,0.0,0.0,9000.0,189941840.0
1454,台富,上市,12000.0,0.0,-3000.0,9000.0,129833848.0
2722,夏都,上市,9000.0,0.0,0.0,9000.0,143169696.0
2497,怡利電,上市,-3000.0,0.0,11000.0,8000.0,118087676.0
6742,澤米,上市,10000.0,0.0,-2000.0,8000.0,71267948.0
3494,誠研,上市,5000.0,0.0,3000.0,8000.0,94800000.0
4994,傳奇,上市,8000.0,0.0,0.0,8000.0,66383400.0
6117,迎廣,上市,9000.0,0.0,-1000.0,8000.0,91516615.0
6957,裕慶-KY,上市,7000.0,0.0,19.0,7019.0,55512950.0
3094,聯傑,上市,7000.0,0.0,1.0,7001.0,83117089.0
3686,達能,上市,5000.0,0.0,2000.0,7000.0,76495118.0
6936,永鴻生技,上市,5000.0,0.0,2000.0,7000.0,72759000.0
6969,成信實業*-創,上市,3000.0,0.0,4000.0,7000.0,38142903.0
6534,正瀚-創,上市,8000.0,0.0,-1000.0,7000.0,102800000.0
1539,巨庭,上市,7000.0,0.0,0.0,7000.0,65370000.0
01002T,土銀國泰R1,上市,7000.0,0.0,0.0,7000.0,0.0
2524,京城,上市,7611.0,0.0,-1000.0,6611.0,365983545.0
4952,凌通,上市,7000.0,0.0,-405.0,6595.0,108815816.0
00762,元大全球AI,上市,-1507.0,0.0,7730.0,6223.0,61248000.0
1725,元禎,上市,3000.0,0.0,3110.0,6110.0,181829978.0
1626,艾美特-KY,上市,11000.0,0.0,-5000.0,6000.0,149821721.0
00963,中信全球高股息,上市,-2000.0,0.0,8000.0,6000.0,92433000.0
2748,雲品,上市,5000.0,0.0,1000.0,6000.0,105778740.0
2904,匯僑,上市,6000.0,0.0,0.0,6000.0,77834432.0
4560,強信-KY,上市,6000.0,0.0,0.0,6000.0,68097240.0
4588,玖鼎電力,上市,4000.0,0.0,2000.0,6000.0,42985000.0
6472,保瑞,上市,-8002.0,0.0,13473.0,5471.0,124454023.0
00733,富邦臺灣中小,上市,54010.0,0.0,-48995.0,5015.0,141466000.0
1475,業旺,上市,5000.0,0.0,0.0,5000.0,66016749.0
1467,南緯,上市,5000.0,0.0,0.0,5000.0,233624667.0
020039,元大加權N,上市,0.0,0.0,5000.0,5000.0,0.0
6614,資拓宏宇,上市,5000.0,0.0,0.0,5000.0,80660521.0
6641,基士德-KY,上市,5000.0,0.0,0.0,5000.0,36500000.0
7705,三商餐飲,上市,5000.0,0.0,0.0,5000.0,66067304.0
3530,晶相光,上市,1000.0,0.0,4000.0,5000.0,77475900.0
9136,巨騰-DR,上市,5000.0,0.0,0.0,5000.0,160000000.0
3046,建碁,上市,2000.0,0.0,2999.0,4999.0,78448013.0
3591,艾笛森,上市,4000.0,0.0,0.0,4000.0,145482435.0
4439,冠星-KY,上市,3000.0,0.0,1000.0,4000.0,38035800.0
2243,宏旭-KY,上市,2000.0,0.0,2000.0,4000.0,69373596.0
020020,元大台股領航N,上市,0.0,0.0,4000.0,4000.0,0.0
5215,科嘉-KY,上市,3000.0,0.0,892.0,3892.0,64337500.0
5292,華懋,上市,3000.0,0.0,0.0,3000.0,42108000.0
4108,懷特,上市,0.0,0.0,3000.0,3000.0,198618879.0
6552,易華電,上市,3000.0,0.0,0.0,3000.0,83000000.0
6743,安普新,上市,3000.0,0.0,0.0,3000.0,150000000.0
6674,鋐寶科技,上市,3000.0,0.0,0.0,3000.0,68697659.0
1456,怡華,上市,1000.0,0.0,2000.0,3000.0,93720000.0
1337,再生-KY,上市,3000.0,0.0,0.0,3000.0,268954729.0
2891B,中信金乙特,上市,0.0,0.0,3000.0,3000.0,333330000.0
1414,東和,上市,-47000.0,0.0,50000.0,3000.0,220000000.0
6582,申豐,上市,3000.0,0.0,0.0,3000.0,106174141.0
00920,富邦ESG綠色電力,上市,0.0,0.0,2660.0,2660.0,11280000.0
6277,宏正,上市,2000.0,0.0,645.0,2645.0,119471166.0
6994,富威電力,上市,3000.0,0.0,-429.0,2571.0,73828571.0
1503,士電,上市,39571.0,0.0,-37036.0,2535.0,520972223.0
00668,國泰美國道瓊,上市,-1000.0,0.0,3016.0,2016.0,10033000.0
1709,和益,上市,2000.0,0.0,0.0,2000.0,477016272.0
1453,大將,上市,2000.0,0.0,0.0,2000.0,113243048.0
1220,台榮,上市,5000.0,0.0,-3000.0,2000.0,177077944.0
1233,天仁,上市,0.0,0.0,2000.0,2000.0,90591948.0
2881B,富邦金乙特,上市,0.0,0.0,2000.0,2000.0,666660000.0
2739,寒舍,上市,2000.0,0.0,0.0,2000.0,91526000.0
2433,互盛電,上市,1000.0,0.0,1000.0,2000.0,144496011.0
1817,凱撒衛,上市,2000.0,0.0,0.0,2000.0,72600000.0
7736,虎山,上市,2000.0,0.0,0.0,2000.0,76000000.0
6689,伊雲谷,上市,3000.0,0.0,-1000.0,2000.0,68000000.0
6431,光麗-KY,上市,2000.0,0.0,0.0,2000.0,97398835.0
9912,偉聯,上市,0.0,0.0,2000.0,2000.0,54170569.0
3308,聯德,上市,1000.0,0.0,1000.0,2000.0,60000000.0
2702,華園,上市,2000.0,0.0,0.0,2000.0,156613249.0
2891C,中信金丙特,上市,0.0,0.0,2000.0,2000.0,166660000.0
00654R,富邦印度反1,上市,0.0,0.0,1998.0,1998.0,20466000.0
1762,中化生,上市,1000.0,0.0,766.0,1766.0,76918000.0
6202,盛群,上市,1000.0,0.0,356.0,1356.0,230388200.0
2348,海悅,上市,347.0,0.0,849.0,1196.0,151898853.0
7631,聚賢研發-創,上市,1000.0,0.0,5.0,1005.0,19800000.0
02001R,富邦蘋果反一N,上市,0.0,0.0,1000.0,1000.0,0.0
9929,秋雨,上市,0.0,0.0,1000.0,1000.0,101280000.0
2029,盛餘,上市,1000.0,0.0,0.0,1000.0,321180000.0
2024,志聯,上市,1000.0,0.0,0.0,1000.0,97500000.0
2882B,國泰金乙特,上市,0.0,0.0,1000.0,1000.0,700000000.0
2887F,台新新光戊特二,上市,0.0,1000.0,0.0,1000.0,300000000.0
00660,元大歐洲50,上市,0.0,0.0,1000.0,1000.0,7531000.0
020029,元大ESG高股息N,上市,0.0,0.0,1000.0,1000.0,0.0
02001L,富邦蘋果正二N,上市,0.0,0.0,1000.0,1000.0,0.0
1101B,台泥乙特,上市,0.0,0.0,1000.0,1000.0,200000000.0
1468,昶和,上市,1000.0,0.0,0.0,1000.0,160405244.0
1338,廣華-KY,上市,1000.0,0.0,0.0,1000.0,83840000.0
1521,大億,上市,2000.0,0.0,-1000.0,1000.0,76230000.0
1583,程泰,上市,0.0,0.0,1000.0,1000.0,109400372.0
6201,亞弘電,上市,0.0,0.0,1000.0,1000.0,89200000.0
6128,上福,上市,1000.0,0.0,0.0,1000.0,127588740.0
4581,光隆精密-KY,上市,1000.0,0.0,0.0,1000.0,33899000.0
3528,安馳,上市,1000.0,0.0,0.0,1000.0,66639216.0
9918,欣天然,上市,1000.0,0.0,0.0,1000.0,180537453.0
8482,商億-KY,上市,1000.0,0.0,0.0,1000.0,107444000.0
8487,愛爾達-創,上市,1000.0,0.0,0.0,1000.0,26535000.0
910861,神州-DR,上市,1000.0,0.0,0.0,1000.0,33726976.0
8438,昶昕,上市,1000.0,0.0,0.0,1000.0,69943000.0
1323,永裕,上市,1000.0,0.0,0.0,1000.0,91274554.0
6924,榮惠-KY創,上市,1000.0,0.0,0.0,1000.0,20850000.0
2254,巨鎧精密-創,上市,0.0,0.0,999.0,999.0,63907680.0
1339,昭輝,上市,1000.0,0.0,-139.0,861.0,74123875.0
2059,川湖,上市,-71291.0,65000.0,7102.0,811.0,95297072.0
9928,中視,上市,0.0,0.0,705.0,705.0,70724583.0
9924,福興,上市,0.0,-447.0,1000.0,553.0,150761736.0
6695,芯鼎,上市,2000.0,0.0,-1630.0,370.0,96459650.0
1423,利華,上市,0.0,0.0,222.0,222.0,99648000.0
006204,永豐臺灣加權,上市,0.0,0.0,164.0,164.0,1500000.0
2321,東訊,上市,0.0,0.0,11.0,11.0,30271929.0
8101,華冠,上市,0.0,0.0,4.0,4.0,46466216.0
2432,倚天酷碁-創,上市,11000.0,0.0,-11000.0,0.0,61860000.0
6771,平和環保-創,上市,0.0,0.0,0.0,0.0,31179500.0
2032,新鋼,上市,0.0,0.0,0.0,0.0,130521545.0
2616,山隆,上市,0.0,0.0,0.0,0.0,137281827.0
00636K,國泰中國A50+U,上市,0.0,0.0,0.0,0.0,62100.0
00668K,國泰美國道瓊+U,上市,0.0,0.0,0.0,0.0,2500.0
00666R,富邦恒生國企反1,上市,0.0,0.0,0.0,0.0,15124000.0
00657K,國泰日經225+U,上市,0.0,0.0,0.0,0.0,2900.0
00681R,元大美債20反1,上市,0.0,0.0,0.0,0.0,7594000.0
00689R,國泰20年美債反1,上市,0.0,0.0,0.0,0.0,6889000.0
1512,瑞利,上市,-3000.0,0.0,3000.0,0.0,98183498.0
1473,台南,上市,0.0,0.0,0.0,0.0,146153534.0
7721,微程式,上市,0.0,0.0,0.0,0.0,55370000.0
7730,暉盛-創,上市,3000.0,0.0,-3000.0,0.0,36796731.0
9944,新麗,上市,0.0,0.0,0.0,0.0,105908100.0
3669,圓展,上市,0.0,0.0,0.0,0.0,92919950.0
3652,精聯,上市,0.0,0.0,0.0,0.0,75097500.0
3296,勝德,上市,0.0,0.0,0.0,0.0,96724450.0
3164,景岳,上市,0.0,0.0,0.0,0.0,86010364.0
3051,力特,上市,0.0,0.0,0.0,0.0,167000000.0
4807,日成-KY,上市,0.0,0.0,0.0,0.0,38396032.0
4148,全宇生技-KY,上市,0.0,0.0,0.0,0.0,67235701.0
4552,力達-KY,上市,0.0,0.0,0.0,0.0,116000000.0
6916,華凌,上市,-3000.0,0.0,2999.0,-1.0,67500000.0
1537,廣隆,上市,-4.0,0.0,0.0,-4.0,82062794.0
8462,柏文,上市,-3.0,0.0,-90.0,-93.0,79292063.0
0053,元大電子,上市,-30.0,0.0,-475.0,-505.0,4988000.0
6230,尼得科超眾,上市,-1000.0,0.0,317.0,-683.0,86343396.0
7749,意騰-KY,上市,2165.0,0.0,-3076.0,-911.0,46485728.0
2945,三商家購,上市,-1000.0,0.0,44.0,-956.0,67500000.0
3229,晟鈦,上市,-962.0,0.0,0.0,-962.0,64263000.0
3557,嘉威,上市,-1000.0,0.0,0.0,-1000.0,84315435.0
3432,台端,上市,-1000.0,0.0,0.0,-1000.0,42230000.0
5546,永固-KY,上市,-1000.0,0.0,0.0,-1000.0,82353402.0
6887,寶綠特-KY,上市,-1000.0,0.0,0.0,-1000.0,74116512.0
6423,億而得-創,上市,-1000.0,0.0,0.0,-1000.0,30014520.0
6464,台數科,上市,-3000.0,0.0,2000.0,-1000.0,128781532.0
6666,羅麗芬-KY,上市,-1000.0,0.0,0.0,-1000.0,47388000.0
8466,美吉吉-KY,上市,-1000.0,0.0,0.0,-1000.0,79825628.0
8488,吉源-KY,上市,-1000.0,0.0,0.0,-1000.0,73500000.0
020037,元大金融高股息N,上市,0.0,0.0,-1000.0,-1000.0,0.0
2712,遠雄來,上市,-1000.0,0.0,0.0,-1000.0,105000000.0
2430,燦坤,上市,-1000.0,0.0,0.0,-1000.0,116800000.0
2424,隴華,上市,-1000.0,0.0,0.0,-1000.0,58985000.0
2114,鑫永銓,上市,-1000.0,0.0,0.0,-1000.0,77991707.0
1541,錩泰,上市,-1000.0,0.0,0.0,-1000.0,78800000.0
1527,鑽全,上市,-1000.0,0.0,0.0,-1000.0,138570640.0
1466,聚隆,上市,-7000.0,0.0,6000.0,-1000.0,111157320.0
1525,江申,上市,-1000.0,0.0,0.0,-1000.0,73400135.0
1324,地球,上市,-1000.0,0.0,0.0,-1000.0,75121882.0
1459,聯發,上市,-1000.0,0.0,0.0,-1000.0,358628907.0
1452,宏益,上市,-1000.0,0.0,0.0,-1000.0,132641400.0
1441,大東,上市,-1000.0,0.0,0.0,-1000.0,71744387.0
00851,台新全球AI,上市,0.0,0.0,-1000.0,-1000.0,6525000.0
6581,鋼聯,上市,-1000.0,0.0,0.0,-1000.0,111270887.0
911868,同方友友-DR,上市,-1000.0,0.0,0.0,-1000.0,140000000.0
1614,三洋電,上市,-1000.0,0.0,0.0,-1000.0,269113406.0
6606,建德工業,上市,-1000.0,0.0,0.0,-1000.0,110303783.0
6958,日盛台駿,上市,-1000.0,0.0,0.0,-1000.0,403289360.0
0057,富邦摩台,上市,0.0,0.0,-1001.0,-1001.0,1527000.0
00661,元大日經225,上市,-1000.0,0.0,-20.0,-1020.0,23925000.0
00703,台新MSCI中國,上市,0.0,0.0,-1097.0,-1097.0,11550000.0
6115,鎰勝,上市,-2000.0,0.0,653.0,-1347.0,187662154.0
2013,中鋼構,上市,-1900.0,0.0,515.0,-1385.0,200000000.0
3712,永崴投控,上市,-1000.0,0.0,-720.0,-1720.0,246242146.0
1730,花仙子,上市,-2000.0,0.0,203.0,-1797.0,63233851.0
1517,利奇,上市,-2000.0,0.0,100.0,-1900.0,223300007.0
2514,龍邦,上市,-1900.0,0.0,0.0,-1900.0,394729278.0
00711B,復華彭博新興債,上市,30000.0,0.0,-31926.0,-1926.0,1006261000.0
1735,日勝化,上市,-11000.0,0.0,9037.0,-1963.0,99388000.0
020038,元大ESG配息N,上市,0.0,0.0,-2000.0,-2000.0,0.0
020028,元大特選電動車N,上市,0.0,0.0,-2000.0,-2000.0,0.0
1526,日馳,上市,-2000.0,0.0,0.0,-2000.0,60000000.0
1506,正道,上市,-2000.0,0.0,0.0,-2000.0,300388501.0
1416,廣豐,上市,-2000.0,0.0,0.0,-2000.0,185342168.0
1203,味王,上市,-2000.0,0.0,0.0,-2000.0,240000000.0
1256,鮮活果汁-KY,上市,-2000.0,0.0,0.0,-2000.0,35772160.0
1731,美吾華,上市,-2000.0,0.0,0.0,-2000.0,132915244.0
912000,晨訊科-DR,上市,-2000.0,0.0,0.0,-2000.0,155883516.0
8481,政伸,上市,-2000.0,0.0,0.0,-2000.0,66601866.0
8367,建新國際,上市,-2000.0,0.0,0.0,-2000.0,92172031.0
6861,睿生光電,上市,-2000.0,0.0,0.0,-2000.0,41531650.0
6835,圓裕,上市,-2000.0,0.0,0.0,-2000.0,66172297.0
4438,廣越,上市,-2000.0,0.0,0.0,-2000.0,113425455.0
4190,佐登-KY,上市,-3000.0,0.0,1000.0,-2000.0,61668812.0
6715,嘉基,上市,-2000.0,0.0,0.0,-2000.0,66364505.0
1906,寶隆,上市,-4000.0,0.0,1999.0,-2001.0,151000000.0
1232,大統益,上市,-2003.0,0.0,0.0,-2003.0,159974915.0
4532,瑞智,上市,978.0,0.0,-3000.0,-2022.0,504895105.0
2038,海光,上市,-2060.0,0.0,0.0,-2060.0,194134303.0
6754,匯僑設計,上市,-2000.0,-70.0,0.0,-2070.0,66000000.0
00657,國泰日經225,上市,1000.0,0.0,-3178.0,-2178.0,7084000.0
6585,鼎基,上市,11000.0,0.0,-13227.0,-2227.0,72133587.0
6902,GOGOLOOK,上市,-2480.0,0.0,0.0,-2480.0,35356638.0
4999,鑫禾,上市,-4000.0,0.0,1465.0,-2535.0,74417200.0
6183,關貿,上市,-3000.0,0.0,0.0,-3000.0,150000000.0
3518,柏騰,上市,-3000.0,0.0,0.0,-3000.0,97662230.0
6918,愛派司,上市,-3000.0,0.0,0.0,-3000.0,34571000.0
2248,華勝-KY,上市,-3000.0,0.0,0.0,-3000.0,47600000.0
2373,震旦行,上市,-4000.0,0.0,1000.0,-3000.0,236202518.0
2434,統懋,上市,-2000.0,0.0,-1000.0,-3000.0,37000000.0
1439,雋揚,上市,-3000.0,0.0,0.0,-3000.0,92000000.0
1474,弘裕,上市,-1000.0,0.0,-2000.0,-3000.0,129896969.0
1535,中宇,上市,-4000.0,0.0,1000.0,-3000.0,123742552.0
020032,元大綠能N,上市,0.0,0.0,-3000.0,-3000.0,0.0
1315,達新,上市,-3000.0,0.0,0.0,-3000.0,99099000.0
1413,宏洲,上市,-3000.0,0.0,0.0,-3000.0,132112454.0
2438,翔耀,上市,-3000.0,0.0,0.0,-3000.0,65195641.0
1437,勤益控,上市,-3000.0,0.0,0.0,-3000.0,203371284.0
4930,燦星網,上市,-3000.0,0.0,0.0,-3000.0,80000000.0
6671,三能-KY,上市,-3000.0,0.0,-184.0,-3184.0,60750000.0
7722,LINEPAY,上市,-4000.0,0.0,685.0,-3315.0,68000000.0
2606,裕民,上市,-2107422.0,2188000.0,-84196.0,-3618.0,845055712.0
1472,三洋實業,上市,-3995.0,0.0,0.0,-3995.0,52488082.0
00771,元大US高息特別股,上市,0.0,0.0,-3998.0,-3998.0,15225000.0
00736,國泰新興市場,上市,0.0,0.0,-4000.0,-4000.0,6727000.0
1235,興泰,上市,-4000.0,0.0,0.0,-4000.0,188577836.0
1726,永記,上市,-4000.0,0.0,0.0,-4000.0,162000000.0
6988,威力暘-創,上市,0.0,0.0,-4000.0,-4000.0,47600000.0
6906,現觀科,上市,-2000.0,-2000.0,0.0,-4000.0,33537400.0
1531,高林股,上市,-4000.0,0.0,0.0,-4000.0,182108080.0
4133,亞諾法,上市,-4000.0,0.0,0.0,-4000.0,60553594.0
4935,茂林-KY,上市,-4000.0,0.0,0.0,-4000.0,128864091.0
3266,昇陽,上市,-4000.0,0.0,0.0,-4000.0,352314309.0
1457,宜進,上市,-4000.0,0.0,0.0,-4000.0,316730022.0
6951,青新-創,上市,-4000.0,0.0,0.0,-4000.0,46000000.0
9943,好樂迪,上市,-4000.0,0.0,0.0,-4000.0,125171510.0
2882,國泰金,上市,20945410.0,-20623130.0,-327119.0,-4839.0,14669210128.0
2762,世界健身-KY,上市,-5000.0,0.0,0.0,-5000.0,112500000.0
1809,中釉,上市,-5000.0,0.0,0.0,-5000.0,167041937.0
2025,千興,上市,-5000.0,0.0,0.0,-5000.0,172660536.0
2030,彰源,上市,-5000.0,0.0,0.0,-5000.0,280526027.0
1236,宏亞,上市,-4000.0,0.0,-1000.0,-5000.0,86674008.0
1432,大魯閣,上市,-3000.0,0.0,-2000.0,-5000.0,108000000.0
1465,偉全,上市,-2000.0,0.0,-3000.0,-5000.0,103607267.0
1530,亞崴,上市,-6000.0,0.0,1000.0,-5000.0,94594171.0
4426,利勤,上市,-5000.0,0.0,0.0,-5000.0,172677198.0
5525,順天,上市,-6000.0,0.0,1000.0,-5000.0,318105378.0
8463,潤泰材,上市,-5000.0,0.0,0.0,-5000.0,150000000.0
9905,大華,上市,-5000.0,0.0,0.0,-5000.0,305000000.0
7732,金興精密,上市,-5000.0,0.0,0.0,-5000.0,64680000.0
6224,聚鼎,上市,-4000.0,0.0,-1000.0,-5000.0,85645361.0
2465,麗臺,上市,-6000.0,0.0,1000.0,-5000.0,93946031.0
2007,燁興,上市,-5000.0,0.0,0.0,-5000.0,530651613.0
6782,視陽,上市,-1003.0,0.0,-4019.0,-5022.0,63000000.0
9906,欣巴巴,上市,-2000.0,0.0,-3400.0,-5400.0,90376358.0
3593,力銘,上市,-5400.0,0.0,0.0,-5400.0,55825449.0
2506,太設,上市,-1493.0,0.0,-4000.0,-5493.0,387000000.0
2504,國產,上市,6093000.0,-6133072.0,34509.0,-5563.0,1180000000.0
3130,一零四,上市,-5699.0,0.0,85.0,-5614.0,33190700.0
4441,振大環球,上市,-6000.0,0.0,236.0,-5764.0,68017578.0
4771,望隼,上市,-7000.0,0.0,1000.0,-6000.0,58044700.0
6598,ABC-KY,上市,-7000.0,0.0,1000.0,-6000.0,102787561.0
2109,華豐,上市,-6000.0,0.0,0.0,-6000.0,279349134.0
1533,車王電,上市,-6000.0,0.0,0.0,-6000.0,98547486.0
2460,建通,上市,-10000.0,0.0,4000.0,-6000.0,169200000.0
3036A,文曄甲特,上市,-6000.0,0.0,0.0,-6000.0,135000000.0
6541,泰福-KY,上市,-8000.0,0.0,1719.0,-6281.0,264680367.0
4106,雃博,上市,-8000.0,0.0,1640.0,-6360.0,100911557.0
6645,金萬林-創,上市,-10000.0,0.0,3000.0,-7000.0,60864050.0
4155,訊映,上市,-7000.0,0.0,0.0,-7000.0,144814164.0
5907,大洋-KY,上市,-1000.0,0.0,-6000.0,-7000.0,195531000.0
2028,威致,上市,-7000.0,0.0,0.0,-7000.0,325714800.0
2496,卓越,上市,-7000.0,0.0,0.0,-7000.0,19100440.0
2227,裕日車,上市,-7109.0,0.0,0.0,-7109.0,300000000.0
1109,信大,上市,-7000.0,0.0,-320.0,-7320.0,341158868.0
1617,榮星,上市,-9000.0,0.0,1228.0,-7772.0,169514700.0
2008,高興昌,上市,-8000.0,0.0,0.0,-8000.0,190852293.0
2459,敦吉,上市,-5000.0,0.0,-3000.0,-8000.0,105595615.0
2483,百容,上市,-8000.0,0.0,0.0,-8000.0,107889807.0
2706,第一店,上市,-10000.0,0.0,2000.0,-8000.0,499998346.0
5007,三星,上市,-8000.0,0.0,0.0,-8000.0,294940154.0
3679,新至陞,上市,-8000.0,0.0,0.0,-8000.0,63022229.0
8443,阿瘦,上市,-8000.0,0.0,0.0,-8000.0,66800000.0
6226,光鼎,上市,-11000.0,0.0,2999.0,-8001.0,115534789.0
2731,雄獅,上市,4996.0,0.0,-13000.0,-8004.0,93277739.0
8454,富邦媒,上市,-9709.0,0.0,1537.0,-8172.0,264975275.0
1723,中碳,上市,-7200.0,0.0,-1000.0,-8200.0,236904480.0
00951,台新日本半導體,上市,-40950.0,0.0,32341.0,-8609.0,196042000.0
8429,金麗-KY,上市,-9000.0,0.0,0.0,-9000.0,185747151.0
8442,威宏-KY,上市,-9000.0,0.0,0.0,-9000.0,67476465.0
6792,詠業,上市,-9000.0,0.0,0.0,-9000.0,47875325.0
6914,阜爾運通,上市,-9000.0,0.0,0.0,-9000.0,66226000.0
6184,大豐電,上市,-9000.0,0.0,0.0,-9000.0,158261131.0
3716,中化控股,上市,-9000.0,0.0,0.0,-9000.0,149765614.0
2017,官田鋼,上市,-9000.0,0.0,0.0,-9000.0,446874691.0
1463,強盛新,上市,-7000.0,0.0,-2000.0,-9000.0,173268381.0
00682U,期元大美元指數,上市,0.0,0.0,-9094.0,-9094.0,7644000.0
2611,志信,上市,-6000.0,0.0,-4000.0,-10000.0,189002272.0
6550,北極星藥業-KY,上市,-16000.0,0.0,6000.0,-10000.0,770433022.0
00956,中信日經高股息,上市,1000.0,0.0,-11118.0,-10118.0,25630000.0
020034,元大IC設計N,上市,0.0,0.0,-11000.0,-11000.0,0.0
1471,首利,上市,-11000.0,0.0,0.0,-11000.0,150414536.0
1783,和康生,上市,-11000.0,0.0,0.0,-11000.0,89680115.0
8411,福貞-KY,上市,-9000.0,0.0,-2000.0,-11000.0,218404319.0
3021,鴻名,上市,-11000.0,0.0,0.0,-11000.0,94890000.0
2328,廣宇,上市,-10009.0,0.0,-1010.0,-11019.0,518346282.0
3150,鈺寶-創,上市,-3000.0,0.0,-8552.0,-11552.0,44377001.0
4942,嘉彰,上市,-12000.0,0.0,0.0,-12000.0,142367613.0
5285,界霖,上市,-12000.0,0.0,0.0,-12000.0,102040926.0
8105,凌巨,上市,-10000.0,0.0,-2000.0,-12000.0,441544851.0
6790,永豐實,上市,-12000.0,0.0,0.0,-12000.0,267129021.0
00700,富邦恒生國企,上市,-6000.0,0.0,-6131.0,-12131.0,51983000.0
6515,穎崴,上市,-45921.0,36000.0,-2730.0,-12651.0,36041642.0
00730,富邦臺灣優質高息,上市,0.0,0.0,-12763.0,-12763.0,78044000.0
6933,AMAX-KY,上市,-12000.0,0.0,-829.0,-12829.0,42355467.0
6116,彩晶,上市,102076.0,0.0,-115000.0,-12924.0,2858654851.0
00702,國泰標普低波高息,上市,50.0,0.0,-13000.0,-12950.0,6688000.0
7711,永擎,上市,-13000.0,0.0,0.0,-13000.0,71754695.0
6776,展碁國際,上市,-13000.0,0.0,0.0,-13000.0,91581430.0
6281,全國電,上市,-10000.0,0.0,-3000.0,-13000.0,99172945.0
8201,無敵,上市,-13000.0,0.0,0.0,-13000.0,62366275.0
8467,波力-KY,上市,-13000.0,0.0,0.0,-13000.0,50373575.0
3504,揚明光,上市,-12000.0,0.0,-1000.0,-13000.0,114059785.0
6952,大武山,上市,-11000.0,0.0,-2000.0,-13000.0,68345000.0
2420,新巨,上市,-41009.0,30000.0,-2000.0,-13009.0,152648688.0
1218,泰山,上市,-12024.0,0.0,-1000.0,-13024.0,499999038.0
9930,中聯資源,上市,-14000.0,0.0,639.0,-13361.0,248540368.0
1558,伸興,上市,-13000.0,-194.0,-337.0,-13531.0,66535631.0
00653L,富邦印度正2,上市,0.0,0.0,-13627.0,-13627.0,16903000.0
2033,佳大,上市,-14000.0,0.0,0.0,-14000.0,80694536.0
4583,台灣精銳,上市,-16654.0,0.0,2169.0,-14485.0,80171351.0
2480,敦陽科,上市,-14004.0,1000.0,-1706.0,-14710.0,106360291.0
2250,IKKA-KY,上市,-15000.0,0.0,0.0,-15000.0,36388226.0
9935,慶豐富,上市,-20000.0,0.0,5000.0,-15000.0,177838926.0
6854,錼創科技-KY創,上市,-18000.0,0.0,3000.0,-15000.0,117678622.0
2397,友通,上市,-15000.0,0.0,-1000.0,-16000.0,114488857.0
4164,承業醫,上市,-10008.0,0.0,-6000.0,-16008.0,185711966.0
9934,成霖,上市,-16567.0,0.0,0.0,-16567.0,411016962.0
8162,微矽電子-創,上市,-12000.0,0.0,-5000.0,-17000.0,68702000.0
6657,華安,上市,-16000.0,0.0,-1000.0,-17000.0,88658000.0
1734,杏輝,上市,-17000.0,0.0,0.0,-17000.0,190196774.0
2423,固緯,上市,-21000.0,0.0,4000.0,-17000.0,145047289.0
00907,永豐優息存股,上市,2164.0,0.0,-19326.0,-17162.0,201633000.0
4766,南寶,上市,8278.0,-26000.0,-273.0,-17995.0,120570780.0
9103,美德醫療-DR,上市,-18000.0,0.0,0.0,-18000.0,205531500.0
2107,厚生,上市,-17000.0,0.0,-1000.0,-18000.0,303593400.0
2816,旺旺保,上市,-17000.0,0.0,-1000.0,-18000.0,223608000.0
2427,三商電,上市,-18000.0,0.0,0.0,-18000.0,197301339.0
6928,攸泰科技,上市,-18000.0,0.0,-668.0,-18668.0,86000000.0
2247,汎德永業,上市,-19002.0,0.0,139.0,-18863.0,80708735.0
3311,閎暉,上市,-18000.0,0.0,-1000.0,-19000.0,100000000.0
1321,大洋,上市,-19000.0,0.0,0.0,-19000.0,227228268.0
2705,六福,上市,-19000.0,0.0,0.0,-19000.0,191312830.0
6756,威鋒電子,上市,-18000.0,0.0,-1264.0,-19264.0,69868000.0
2536,宏普,上市,-19889.0,0.0,0.0,-19889.0,332808652.0
2387,精元,上市,-16000.0,0.0,-4000.0,-20000.0,195251051.0
1733,五鼎,上市,-19000.0,0.0,-1000.0,-20000.0,99950192.0
9908,大台北,上市,-20000.0,0.0,0.0,-20000.0,516358000.0
3588,通嘉,上市,-20000.0,0.0,0.0,-20000.0,62014182.0
5288,豐祥-KY,上市,-20000.0,0.0,0.0,-20000.0,69730022.0
6216,居易,上市,-20000.0,0.0,-159.0,-20159.0,96189637.0
5306,桂盟,上市,-21205.0,0.0,1000.0,-20205.0,126000772.0
3305,昇貿,上市,65877.0,0.0,-86190.0,-20313.0,134237474.0
2608,嘉里大榮,上市,-21000.0,0.0,445.0,-20555.0,467000498.0
2929,淘帝-KY,上市,-21000.0,0.0,0.0,-21000.0,109493838.0
3041,揚智,上市,-22000.0,0.0,1000.0,-21000.0,140223647.0
6504,南六,上市,-21000.0,0.0,0.0,-21000.0,72600000.0
9902,台火,上市,-20000.0,0.0,-1000.0,-21000.0,98049600.0
2707,晶華,上市,-21004.0,0.0,0.0,-21004.0,127403238.0
2820,華票,上市,-21658.0,0.0,0.0,-21658.0,1342960000.0
2850,新產,上市,-44002.0,-11000.0,33334.0,-21668.0,315963300.0
2612,中航,上市,110993.0,0.0,-132741.0,-21748.0,197484593.0
6526,達發,上市,-24506.0,0.0,2743.0,-21763.0,167505554.0
6698,旭暉應材,上市,-22000.0,0.0,234.0,-21766.0,66389753.0
2012,春雨,上市,-22000.0,0.0,0.0,-22000.0,302162700.0
1219,福壽,上市,-15000.0,0.0,-7000.0,-22000.0,341238364.0
2453,凌群,上市,-22007.0,0.0,0.0,-22007.0,100000000.0
9937,全國,上市,-22000.0,0.0,-681.0,-22681.0,309043000.0
2360,致茂,上市,-151435.0,30000.0,98665.0,-22770.0,425261742.0
2474,可成,上市,-526510.0,323940.0,179772.0,-22798.0,623669068.0
4562,穎漢,上市,-22000.0,0.0,-1000.0,-23000.0,87546000.0
1611,中電,上市,-27000.0,0.0,3968.0,-23032.0,322735742.0
6024,群益期,上市,16001.0,0.0,-40000.0,-23999.0,249937584.0
6838,台新藥,上市,-24000.0,0.0,0.0,-24000.0,150977100.0
9939,宏全,上市,-935.0,-23000.0,-205.0,-24140.0,295786475.0
6491,晶碩,上市,-27002.0,0.0,2120.0,-24882.0,78000000.0
6931,青松健康,上市,-25000.0,0.0,0.0,-25000.0,66152160.0
5484,慧友,上市,-25000.0,0.0,0.0,-25000.0,66801000.0
8081,致新,上市,-28003.0,2000.0,989.0,-25014.0,86172072.0
1604,聲寶,上市,-26000.0,0.0,0.0,-26000.0,384200000.0
1515,力山,上市,-21000.0,0.0,-5000.0,-26000.0,181473500.0
00648R,元大S&P500反1,上市,0.0,0.0,-26000.0,-26000.0,172188000.0
2450,神腦,上市,-6000.0,0.0,-20000.0,-26000.0,258252657.0
1342,八貫,上市,-26004.0,0.0,0.0,-26004.0,79248902.0
3705,永信,上市,-24012.0,0.0,-2000.0,-26012.0,266422983.0
1760,寶齡富錦,上市,-26015.0,0.0,0.0,-26015.0,85739013.0
00972,野村日本動能高息,上市,0.0,0.0,-26818.0,-26818.0,21672000.0
00684R,期元大美元指反1,上市,0.0,0.0,-27000.0,-27000.0,8688000.0
1108,幸福,上市,-27000.0,0.0,0.0,-27000.0,404738049.0
6965,中傑-KY,上市,-26000.0,0.0,-1000.0,-27000.0,156336000.0
1110,東泥,上市,-27000.0,0.0,0.0,-27000.0,572000797.0
00710B,復華彭博非投等債,上市,-5000.0,-100000.0,77395.0,-27605.0,204261000.0
3406,玉晶光,上市,-333834.0,304000.0,2191.0,-27643.0,112743063.0
1720,生達,上市,-28000.0,0.0,0.0,-28000.0,178696089.0
1752,南光,上市,-24000.0,0.0,-4000.0,-28000.0,100988472.0
00714,群益道瓊美國地產,上市,0.0,0.0,-28066.0,-28066.0,26567000.0
00917,中信特選金融,上市,2000.0,0.0,-30482.0,-28482.0,26478000.0
6579,研揚,上市,-30000.0,0.0,1000.0,-29000.0,169451221.0
1217,愛之味,上市,-29000.0,0.0,0.0,-29000.0,494513336.0
1227,佳格,上市,-26018.0,0.0,-3001.0,-29019.0,915089591.0
2236,百達-KY,上市,-30000.0,0.0,0.0,-30000.0,59555656.0
6525,捷敏-KY,上市,-32000.0,0.0,2000.0,-30000.0,129047384.0
7780,大研生醫*,上市,-15000.0,0.0,-15767.0,-30767.0,81002417.0
00683L,期元大美元指正2,上市,0.0,0.0,-30867.0,-30867.0,12934000.0
2115,六暉-KY,上市,-31000.0,0.0,0.0,-31000.0,104373163.0
6108,競國,上市,-33000.0,0.0,2000.0,-31000.0,159899311.0
3607,谷崧,上市,-28200.0,0.0,-4000.0,-32200.0,121662239.0
3617,碩天,上市,-53003.0,0.0,20266.0,-32737.0,94166049.0
2849,安泰銀,上市,-34000.0,0.0,1000.0,-33000.0,1957609349.0
1590,亞德客-KY,上市,-33843.0,0.0,134.0,-33709.0,199999998.0
9925,新保,上市,-34000.0,0.0,0.0,-34000.0,387489605.0
5269,祥碩,上市,-35676.0,0.0,57.0,-35619.0,74777129.0
6573,虹揚-KY,上市,-35000.0,0.0,-1000.0,-36000.0,80499345.0
4555,氣立,上市,-36000.0,0.0,-9.0,-36009.0,69984037.0
3209,全科,上市,-35016.0,-1499.0,0.0,-36515.0,234712751.0
6753,龍德造船,上市,-360910.0,120000.0,204281.0,-36629.0,113137500.0
00913,兆豐台灣晶圓製造,上市,-4000.0,0.0,-32940.0,-36940.0,10766000.0
8473,山林水,上市,-36000.0,0.0,-1000.0,-37000.0,180852418.0
1225,福懋油,上市,-37000.0,0.0,0.0,-37000.0,242268306.0
2516,新建,上市,-36000.0,0.0,-2000.0,-38000.0,226278457.0
6901,鑽石投資,上市,-43000.0,0.0,5000.0,-38000.0,851800000.0
5538,東明-KY,上市,-37000.0,0.0,-1000.0,-38000.0,201203333.0
6141,柏承,上市,-38016.0,0.0,0.0,-38016.0,113354005.0
0051,元大中型100,上市,-1000.0,0.0,-37609.0,-38609.0,24000000.0
6949,沛爾生醫*-創,上市,-39000.0,0.0,57.0,-38943.0,58609550.0
6719,力智,上市,-26990.0,0.0,-11964.0,-38954.0,105387289.0
3704,合勤控,上市,-37874.0,0.0,-1108.0,-38982.0,415444970.0
00709,富邦歐洲,上市,0.0,0.0,-39000.0,-39000.0,16460000.0
1732,毛寶,上市,-39000.0,0.0,0.0,-39000.0,42443957.0
1234,黑松,上市,-39000.0,0.0,-26.0,-39026.0,401871094.0
2351,順德,上市,-15992.0,0.0,-23210.0,-39202.0,182140249.0
2493,揚博,上市,-40095.0,0.0,687.0,-39408.0,126796629.0
00916,國泰全球品牌50,上市,-4000.0,0.0,-36000.0,-40000.0,69919000.0
5471,松翰,上市,-39000.0,0.0,-1496.0,-40496.0,167877062.0
3338,泰碩,上市,-42000.0,0.0,443.0,-41557.0,87908141.0
3346,麗清,上市,-42000.0,0.0,0.0,-42000.0,121228352.0
3015,全漢,上市,-40000.0,0.0,-3959.0,-43959.0,187261950.0
6862,三集瑞-KY,上市,-44000.0,0.0,0.0,-44000.0,50000000.0
8213,志超,上市,-51000.0,0.0,7000.0,-44000.0,271242488.0
3533,嘉澤,上市,-63110.0,0.0,18899.0,-44211.0,112534691.0
1201,味全,上市,-44000.0,0.0,-587.0,-44587.0,506062914.0
1419,新紡,上市,6000.0,0.0,-51896.0,-45896.0,300041280.0
2923,鼎固-KY,上市,-48000.0,0.0,2000.0,-46000.0,1740296982.0
1536,和大,上市,-113000.0,0.0,66720.0,-46280.0,278959513.0
8045,達運光電,上市,-48000.0,0.0,-315.0,-48315.0,94996815.0
4536,拓凱,上市,-49003.0,0.0,0.0,-49003.0,90820000.0
6799,來頡,上市,-52000.0,0.0,1480.0,-50520.0,43705553.0
5533,皇鼎,上市,-50705.0,0.0,0.0,-50705.0,285244944.0
6923,中台,上市,-46000.0,0.0,-4870.0,-50870.0,91488000.0
3312,弘憶股,上市,-50000.0,0.0,-1000.0,-51000.0,182626815.0
6625,必應,上市,-52000.0,0.0,989.0,-51011.0,57972488.0
4440,宜新實業,上市,-51000.0,0.0,-31.0,-51031.0,67598000.0
8072,陞泰,上市,-51995.0,0.0,0.0,-51995.0,80000000.0
2426,鼎元,上市,-52000.0,0.0,0.0,-52000.0,300622252.0
8341,日友,上市,-53000.0,0.0,868.0,-52132.0,130000000.0
2492,華新科,上市,-36900.0,0.0,-15497.0,-52397.0,485804774.0
1598,岱宇,上市,-55000.0,0.0,1901.0,-53099.0,179142092.0
6691,洋基工程,上市,-57502.0,0.0,3625.0,-53877.0,121487209.0
2484,希華,上市,-57000.0,0.0,2000.0,-55000.0,159421022.0
2906,高林,上市,-55000.0,0.0,0.0,-55000.0,209116648.0
4912,聯德控股-KY,上市,-55000.0,0.0,-1000.0,-56000.0,67093099.0
8104,錸寶,上市,-42000.0,0.0,-15000.0,-57000.0,104058192.0
1737,臺鹽,上市,-54000.0,0.0,-3000.0,-57000.0,200000000.0
4551,智伸科,上市,-3004.0,-45000.0,-9051.0,-57055.0,115222498.0
3563,牧德,上市,-54400.0,0.0,-2669.0,-57069.0,63960858.0
2851,中再保,上市,-8000.0,0.0,-50000.0,-58000.0,800388750.0
4958,臻鼎-KY,上市,6500611.0,-6450000.0,-109300.0,-58689.0,956652509.0
1612,宏泰,上市,-56015.0,0.0,-3084.0,-59099.0,316080063.0
3622,洋華,上市,-47000.0,0.0,-13000.0,-60000.0,151327600.0
8249,菱光,上市,-59000.0,0.0,-1001.0,-60001.0,137824500.0
8222,寶一,上市,-61000.0,0.0,-1000.0,-62000.0,68573500.0
1460,宏遠,上市,-19000.0,0.0,-43000.0,-62000.0,694643484.0
6449,鈺邦,上市,-60000.0,0.0,-3169.0,-63169.0,91918514.0
9911,櫻花,上市,-67007.0,0.0,3395.0,-63612.0,222389584.0
2547,日勝生,上市,-65000.0,0.0,0.0,-65000.0,1035094649.0
2208,台船,上市,-65000.0,0.0,0.0,-65000.0,1274539449.0
00911,兆豐洲際半導體,上市,-2971.0,0.0,-63342.0,-66313.0,17403000.0
6451,訊芯-KY,上市,-104049.0,0.0,37284.0,-66765.0,107464800.0
2539,櫻花建,上市,-64009.0,0.0,-3010.0,-67019.0,1193102581.0
1319,東陽,上市,-70388.0,0.0,2541.0,-67847.0,591477068.0
3014,聯陽,上市,28994.0,-97722.0,836.0,-67892.0,166020124.0
2832,台產,上市,-67000.0,0.0,-1090.0,-68090.0,253540280.0
4755,三福化,上市,-70000.0,0.0,1000.0,-69000.0,100706000.0
4961,天鈺,上市,-63000.0,2000.0,-8787.0,-69787.0,121253603.0
2392,正崴,上市,-70796.0,0.0,237.0,-70559.0,512326940.0
1805,寶徠,上市,-73000.0,0.0,2000.0,-71000.0,134970455.0
2535,達欣工,上市,-71000.0,0.0,-6.0,-71006.0,270793967.0
6197,佳必琪,上市,-61004.0,0.0,-10549.0,-71553.0,122085882.0
5203,訊連,上市,-71004.0,0.0,-1432.0,-72436.0,79098800.0
4414,如興,上市,-74000.0,0.0,1000.0,-73000.0,263795773.0
6438,迅得,上市,-52002.0,0.0,-21406.0,-73408.0,82206325.0
2049,上銀,上市,-74003.0,0.0,326.0,-73677.0,353792240.0
8261,富鼎,上市,-68005.0,0.0,-7303.0,-75308.0,118792493.0
00943,兆豐電子高息等權,上市,-2000.0,0.0,-74028.0,-76028.0,51389000.0
5222,全訊,上市,-63100.0,0.0,-13377.0,-76477.0,90866968.0
3661,世芯-KY,上市,-89465.0,-5000.0,17041.0,-77424.0,80855695.0
2207,和泰車,上市,-427816.0,351000.0,-715.0,-77531.0,557102768.0
2441,超豐,上市,-1212011.0,985000.0,149286.0,-77725.0,568845921.0
2704,國賓,上市,-78000.0,0.0,0.0,-78000.0,366923343.0
4545,銘鈺,上市,-78000.0,0.0,0.0,-78000.0,77000000.0
4770,上品,上市,-75167.0,0.0,-3676.0,-78843.0,79976000.0
9940,信義,上市,-86000.0,0.0,7000.0,-79000.0,736846500.0
2302,麗正,上市,-64000.0,0.0,-15000.0,-79000.0,166302881.0
6558,興能高,上市,-80000.0,0.0,1000.0,-79000.0,93788875.0
3055,蔚華科,上市,-69000.0,0.0,-11117.0,-80117.0,114974918.0
3008,大立光,上市,-103962.0,-6000.0,29746.0,-80216.0,133468197.0
2461,光群雷,上市,-80900.0,0.0,0.0,-80900.0,173617284.0
8011,台通,上市,-78000.0,0.0,-3000.0,-81000.0,165921891.0
2362,藍天,上市,-81924.0,0.0,0.0,-81924.0,622263000.0
5531,鄉林,上市,-82000.0,0.0,0.0,-82000.0,1077589245.0
3532,台勝科,上市,-191004.0,0.0,107190.0,-83814.0,387848300.0
3062,建漢,上市,-86000.0,0.0,1009.0,-84991.0,330136018.0
6269,台郡,上市,-101000.0,0.0,14952.0,-86048.0,323131481.0
00962,台新AI優息動能,上市,-32000.0,0.0,-54419.0,-86419.0,58420000.0
3048,益登,上市,-88000.0,0.0,1301.0,-86699.0,269829794.0
8215,明基材,上市,-89000.0,0.0,-1000.0,-90000.0,320674514.0
8926,台汽電,上市,-92018.0,0.0,364.0,-91654.0,730282000.0
2491,吉祥全,上市,-92000.0,0.0,0.0,-92000.0,82008000.0
3050,鈺德,上市,-94000.0,0.0,0.0,-94000.0,154984450.0
2031,新光鋼,上市,-93000.0,0.0,-3454.0,-96454.0,321146341.0
1477,聚陽,上市,693994.0,-831722.0,40204.0,-97524.0,246693713.0
4540,全球傳動,上市,-99000.0,0.0,454.0,-98546.0,112140457.0
3034,聯詠,上市,321594.0,-453970.0,33158.0,-99218.0,608511469.0
3703,欣陸,上市,-100000.0,0.0,-1.0,-100001.0,823215980.0
2359,所羅門,上市,-124000.0,0.0,21609.0,-102391.0,171471052.0
3028,增你強,上市,-105018.0,0.0,2000.0,-103018.0,237241193.0
3380,明泰,上市,-103900.0,0.0,578.0,-103322.0,541718460.0
3026,禾伸堂,上市,-97007.0,1000.0,-7861.0,-103868.0,165890318.0
8404,百和興業-KY,上市,-98000.0,0.0,-7000.0,-105000.0,419933884.0
00692,富邦公司治理,上市,109000.0,0.0,-214915.0,-105915.0,669280000.0
2476,鉅祥,上市,-96005.0,0.0,-11869.0,-107874.0,210896003.0
2468,華經,上市,-108000.0,0.0,0.0,-108000.0,69961249.0
2355,敬鵬,上市,-104243.0,8000.0,-12121.0,-108364.0,397495420.0
2316,楠梓電,上市,-8050.0,0.0,-101810.0,-109860.0,182740536.0
2439,美律,上市,1876991.0,-1989151.0,1604.0,-110556.0,253839614.0
6166,凌華,上市,-114930.0,0.0,3279.0,-111651.0,217497257.0
2440,太空梭,上市,-113000.0,0.0,0.0,-113000.0,139117271.0
1789,神隆,上市,-117000.0,0.0,4000.0,-113000.0,790739222.0
6409,旭隼,上市,-124458.0,-40.0,11434.0,-113064.0,87711366.0
3047,訊舟,上市,-113000.0,0.0,-812.0,-113812.0,223700858.0
1231,聯華食,上市,-113920.0,0.0,-395.0,-114315.0,298454475.0
00770,國泰北美科技,上市,-14960.0,0.0,-99429.0,-114389.0,80958000.0
3535,晶彩科,上市,-115000.0,0.0,0.0,-115000.0,79052356.0
2472,立隆電,上市,-80006.0,0.0,-35652.0,-115658.0,164735137.0
6214,精誠,上市,-140006.0,0.0,24251.0,-115755.0,272243066.0
1710,東聯,上市,-86000.0,0.0,-32406.0,-118406.0,885703029.0
1104,環泥,上市,-172020.0,0.0,52946.0,-119074.0,686681816.0
2428,興勤,上市,-2003.0,-90000.0,-29007.0,-121010.0,128112726.0
2617,台航,上市,-115017.0,0.0,-7264.0,-122281.0,417294487.0
2601,益航,上市,-111833.0,0.0,-11000.0,-122833.0,824776067.0
2723,美食-KY,上市,-122006.0,0.0,-1000.0,-123006.0,180000000.0
2431,聯昌,上市,-126000.0,0.0,1000.0,-125000.0,110927014.0
1736,喬山,上市,-65002.0,-63000.0,2690.0,-125312.0,303394617.0
4968,立積,上市,-117000.0,0.0,-10565.0,-127565.0,92209898.0
1447,力鵬,上市,-128222.0,0.0,0.0,-128222.0,910071242.0
5434,崇越,上市,29661.0,-160000.0,1128.0,-129211.0,191332275.0
3033,威健,上市,-104023.0,-2143.0,-23163.0,-129329.0,478694110.0
6189,豐藝,上市,-134013.0,3000.0,1107.0,-129906.0,263779657.0
1532,勤美,上市,-128000.0,-1352.0,-1000.0,-130352.0,422604271.0
00924,復華S&P500成長,上市,-50850.0,0.0,-80132.0,-130982.0,478103000.0
1455,集盛,上市,-131000.0,0.0,-239.0,-131239.0,531688380.0
1907,永豐餘,上市,-128969.0,0.0,-5000.0,-133969.0,1660371495.0
2855,統一證,上市,-133988.0,0.0,0.0,-133988.0,1601414478.0
4976,佳凌,上市,-134000.0,0.0,0.0,-134000.0,141351000.0
3653,健策,上市,-409349.0,143000.0,130710.0,-135639.0,142922005.0
3060,銘異,上市,-110000.0,0.0,-26372.0,-136372.0,137563190.0
3645,達邁,上市,-138000.0,0.0,-1177.0,-139177.0,136754207.0
00656R,國泰中國A50反1,上市,0.0,0.0,-146020.0,-146020.0,20357000.0
6152,百一,上市,-144000.0,0.0,-2262.0,-146262.0,167738463.0
3596,智易,上市,-149261.0,0.0,527.0,-148734.0,220354321.0
6133,金橋,上市,-147000.0,0.0,-5000.0,-152000.0,117006294.0
4956,光鋐,上市,-152000.0,0.0,-1331.0,-153331.0,100408236.0
2015,豐興,上市,-177014.0,19000.0,-199.0,-158213.0,581599424.0
1524,耿鼎,上市,-164000.0,0.0,4412.0,-159588.0,165310397.0
2368,金像電,上市,-469114.0,158000.0,151310.0,-159804.0,491839505.0
4919,新唐,上市,-179000.0,0.0,16799.0,-162201.0,419765268.0
2417,圓剛,上市,-163000.0,0.0,0.0,-163000.0,157463864.0
00954,中信日本半導體,上市,-8000.0,0.0,-156610.0,-164610.0,71247000.0
6446,藥華藥,上市,-167815.0,0.0,1160.0,-166655.0,379939370.0
6215,和椿,上市,-167500.0,0.0,453.0,-167047.0,82789693.0
2103,台橡,上市,-133030.0,0.0,-36000.0,-169030.0,825709978.0
01009T,王道圓滿R1,上市,0.0,0.0,-172000.0,-172000.0,0.0
7799,禾榮科,上市,-134960.0,0.0,-38000.0,-172960.0,156487500.0
1808,潤隆,上市,-75239.0,-100000.0,1990.0,-173249.0,893031743.0
6196,帆宣,上市,895464.0,-848000.0,-224332.0,-176868.0,202204480.0
2342,茂矽,上市,-179000.0,0.0,2000.0,-177000.0,157524744.0
3016,嘉晶,上市,-162000.0,0.0,-15716.0,-177716.0,288541819.0
6589,台康生技,上市,-177000.0,0.0,-2179.0,-179179.0,306600211.0
6456,GIS-KY,上市,-177000.0,0.0,-4346.0,-181346.0,337939800.0
00651R,復華香港反1,上市,0.0,0.0,-182000.0,-182000.0,36192000.0
2852,第一保,上市,-186000.0,-1141.0,1000.0,-186141.0,301163784.0
6831,邁科,上市,-182000.0,0.0,-6408.0,-188408.0,67500000.0
1434,福懋,上市,-184000.0,0.0,-5000.0,-189000.0,1684664637.0
6533,晶心科,上市,-186778.0,0.0,-3918.0,-190696.0,50650911.0
2511,太子,上市,-197000.0,0.0,0.0,-197000.0,1623326147.0
1476,儒鴻,上市,-198047.0,-1000.0,-146.0,-199193.0,274367111.0
1307,三芳,上市,-204000.0,0.0,4000.0,-200000.0,397818126.0
3665,貿聯-KY,上市,-197123.0,51301.0,-60094.0,-205916.0,193969420.0
1325,恆大,上市,-210000.0,0.0,1000.0,-209000.0,85281198.0
4949,有成精密,上市,-214000.0,0.0,-1470.0,-215470.0,67050543.0
4927,泰鼎-KY,上市,-219004.0,0.0,625.0,-218379.0,264937988.0
6890,來億-KY,上市,-215617.0,-4000.0,-3737.0,-223354.0,249400000.0
3711,日月光投控,上市,7698258.0,-8188001.0,263276.0,-226467.0,4422175232.0
3057,喬鼎,上市,-226000.0,0.0,-1098.0,-227098.0,60325729.0
3032,偉訓,上市,-192000.0,0.0,-37628.0,-229628.0,113285626.0
3138,耀登,上市,-223000.0,0.0,-7723.0,-230723.0,50308063.0
3035,智原,上市,-228851.0,0.0,-4157.0,-233008.0,260550313.0
1810,和成,上市,-230000.0,0.0,-4000.0,-234000.0,302303719.0
6670,復盛應用,上市,440995.0,-737778.0,60683.0,-236100.0,139386973.0
3413,京鼎,上市,-228913.0,4000.0,-13101.0,-238014.0,108022907.0
3059,華晶科,上市,-216900.0,0.0,-23416.0,-240316.0,307242025.0
2913,農林,上市,-245000.0,0.0,-1000.0,-246000.0,790000000.0
3049,精金,上市,-248127.0,0.0,1489.0,-246638.0,802010529.0
1608,華榮,上市,-182000.0,0.0,-68234.0,-250234.0,632773506.0
6658,聯策,上市,-252000.0,0.0,-36.0,-252036.0,36370000.0
6164,華興,上市,-255000.0,0.0,1000.0,-254000.0,80000000.0
1795,美時,上市,-237363.0,0.0,-20977.0,-258340.0,266923812.0
5388,中磊,上市,-270008.0,0.0,11340.0,-258668.0,300429542.0
3030,德律,上市,878896.0,-1123000.0,-16286.0,-260390.0,236216000.0
4934,太極,上市,-258000.0,0.0,-4000.0,-262000.0,225000000.0
1310,台苯,上市,-263000.0,0.0,-23.0,-263023.0,527869764.0
6919,康霈*,上市,-262743.0,0.0,-2674.0,-265417.0,1550897860.0
3673,TPK-KY,上市,-213000.0,0.0,-52549.0,-265549.0,406663759.0
6909,創控,上市,-269000.0,0.0,-969.0,-269969.0,67222200.0
6962,奕力-KY,上市,-274014.0,6000.0,-6589.0,-274603.0,492396565.0
1210,大成,上市,-156021.0,-117000.0,-4224.0,-277245.0,894767222.0
2509,全坤建,上市,-284000.0,0.0,3000.0,-281000.0,224550530.0
6505,台塑化,上市,-461046.0,0.0,179698.0,-281348.0,9525959652.0
1528,恩德,上市,-284000.0,0.0,661.0,-283339.0,191331000.0
2498,宏達電,上市,-181905.0,0.0,-102373.0,-284278.0,835198486.0
5284,jpp-KY,上市,-259982.0,0.0,-25597.0,-285579.0,50928860.0
2375,凱美,上市,-315000.0,0.0,28367.0,-286633.0,108675334.0
2332,友訊,上市,-268000.0,0.0,-18862.0,-286862.0,602272073.0
00952,凱基台灣AI50,上市,11000.0,0.0,-299642.0,-288642.0,246775000.0
3002,歐格,上市,-291000.0,0.0,1658.0,-289342.0,102000000.0
3149,正達,上市,-291000.0,0.0,1000.0,-290000.0,226233604.0
2363,矽統,上市,-273000.0,0.0,-22432.0,-295432.0,514988161.0
6442,光聖,上市,-530981.0,209000.0,21708.0,-300273.0,77343078.0
00634R,富邦上証反1,上市,-144000.0,0.0,-157999.0,-301999.0,47256000.0
6155,鈞寶,上市,-304000.0,0.0,-3686.0,-307686.0,88023988.0
8163,達方,上市,-243888.0,-75000.0,4176.0,-314712.0,280000001.0
4736,泰博,上市,-318000.0,0.0,0.0,-318000.0,95374469.0
3011,今皓,上市,-322000.0,0.0,4000.0,-318000.0,125146851.0
6605,帝寶,上市,265070.0,-580000.0,-3101.0,-318031.0,165816397.0
6781,AES-KY,上市,-141060.0,-122000.0,-55726.0,-318786.0,85418780.0
9941,裕融,上市,-904471.0,543000.0,14259.0,-347212.0,575636346.0
9914,美利達,上市,-353995.0,0.0,3430.0,-350565.0,298983800.0
3022,威強電,上市,-333000.0,3000.0,-20981.0,-350981.0,176597790.0
3013,晟銘電,上市,-356535.0,0.0,-1892.0,-358427.0,205138930.0
2412,中華電,上市,-315481.0,-6000.0,-39945.0,-361426.0,7757446545.0
2231,為升,上市,-276003.0,0.0,-88977.0,-364980.0,135917608.0
6768,志強-KY,上市,-268905.0,-100000.0,1400.0,-367505.0,200095061.0
2421,建準,上市,-366006.0,0.0,-9150.0,-375156.0,273443669.0
2102,泰豐,上市,-384000.0,0.0,1000.0,-383000.0,473329207.0
8103,瀚荃,上市,-386510.0,0.0,-915.0,-387425.0,78436671.0
3167,大量,上市,42188.0,-480000.0,49632.0,-388180.0,88361787.0
1904,正隆,上市,-389028.0,0.0,-471.0,-389499.0,1108274522.0
2436,偉詮電,上市,-376007.0,0.0,-18375.0,-394382.0,199928074.0
5243,乙盛-KY,上市,-397000.0,0.0,1246.0,-395754.0,168528915.0
2395,研華,上市,-396639.0,-1000.0,-793.0,-398432.0,864167125.0
2464,盟立,上市,-402000.0,0.0,-3111.0,-405111.0,206451226.0
00676R,富邦臺灣加權反1,上市,0.0,0.0,-424932.0,-424932.0,122333683.0
2485,兆赫,上市,-345000.0,0.0,-80123.0,-425123.0,317689037.0
3694,海華,上市,-554000.0,0.0,126909.0,-427091.0,154947208.0
8070,長華*,上市,-390000.0,0.0,-39891.0,-429891.0,725648455.0
9921,巨大,上市,-434810.0,0.0,2039.0,-432771.0,392064626.0
3545,敦泰,上市,-429000.0,0.0,-4482.0,-433482.0,221312881.0
3090,日電貿,上市,-421008.0,0.0,-13086.0,-434094.0,287567150.0
2010,春源,上市,-435033.0,0.0,0.0,-435033.0,647655390.0
00752,中信中國50,上市,27000.0,0.0,-466076.0,-439076.0,321216000.0
2520,冠德,上市,4872868.0,-5420000.0,106425.0,-440707.0,609487110.0
9910,豐泰,上市,-449052.0,0.0,8101.0,-440951.0,987482831.0
1909,榮成,上市,-451991.0,0.0,5000.0,-446991.0,1327685727.0
2349,錸德,上市,-450000.0,0.0,1000.0,-449000.0,693679663.0
00638R,元大滬深300反1,上市,0.0,0.0,-450020.0,-450020.0,33448000.0
2912,統一超,上市,-282622.0,-200000.0,16273.0,-466349.0,1039622255.0
3605,宏致,上市,-468000.0,0.0,-903.0,-468903.0,162353086.0
8271,宇瞻,上市,-462000.0,0.0,-10646.0,-472646.0,128129266.0
3592,瑞鼎,上市,515884.0,-985280.0,-8000.0,-477396.0,75855226.0
9802,鈺齊-KY,上市,-401006.0,-11000.0,-65797.0,-477803.0,200991673.0
3005,神基,上市,-175841.0,-333000.0,24001.0,-484840.0,620215900.0
4938,和碩,上市,-2490167.0,1735000.0,267792.0,-487375.0,2682200103.0
1721,國慶科技,上市,-519000.0,0.0,28678.0,-490322.0,184884092.0
3042,晶技,上市,-491010.0,0.0,-3575.0,-494585.0,342992971.0
2607,榮運,上市,1445989.0,-1945000.0,2000.0,-497011.0,533570547.0
3708,上緯投控,上市,-463004.0,0.0,-37435.0,-500439.0,107275529.0
2889,國票金,上市,-505231.0,0.0,3000.0,-502231.0,3633563471.0
2340,台亞,上市,-480000.0,0.0,-23099.0,-503099.0,438622846.0
6415,矽力*-KY,上市,-496880.0,0.0,-8164.0,-505044.0,388056131.0
2634,漢翔,上市,-1455006.0,0.0,949489.0,-505517.0,941867101.0
6235,華孚,上市,-489006.0,0.0,-20102.0,-509108.0,199906306.0
2376,技嘉,上市,-358083.0,-189000.0,34031.0,-513052.0,669888886.0
2379,瑞昱,上市,-378833.0,-151000.0,1353.0,-528480.0,512863641.0
00981T,平衡凱基雙核收息,上市,86000.0,0.0,-617575.0,-531575.0,133261000.0
1216,統一,上市,-13541493.0,12852000.0,156843.0,-532650.0,5682015421.0
8046,南電,上市,-693788.0,15000.0,139690.0,-539098.0,646165487.0
5469,瀚宇博,上市,-447766.0,0.0,-91761.0,-539527.0,486166000.0
2467,志聖,上市,-683002.0,0.0,137409.0,-545593.0,156755348.0
2905,三商,上市,-536000.0,0.0,-27600.0,-563600.0,1110371703.0
009800,中信NASDAQ,上市,-46995.0,0.0,-528890.0,-575885.0,315891000.0
00701,國泰股利精選30,上市,-35000.0,0.0,-547529.0,-582529.0,223891000.0
2401,凌陽,上市,-550000.0,0.0,-35508.0,-585508.0,591994919.0
2537,聯上發,上市,-588000.0,0.0,-1008.0,-589008.0,300557795.0
2101,南港,上市,-602099.0,0.0,8988.0,-593111.0,733934904.0
00896,中信綠能及電動車,上市,161000.0,0.0,-755450.0,-594450.0,304880000.0
00757,統一FANG+,上市,-57450.0,0.0,-539831.0,-597281.0,365494000.0
2308,台達電,上市,-865171.0,277000.0,-12062.0,-600233.0,2597543329.0
2365,昆盈,上市,-612950.0,0.0,-1718.0,-614668.0,221528496.0
1442,名軒,上市,3273946.0,-3890000.0,557.0,-615497.0,366211358.0
00693U,期街口S&P黃豆,上市,-8000.0,0.0,-616735.0,-624735.0,90666000.0
2014,中鴻,上市,-575000.0,0.0,-56000.0,-631000.0,1435544446.0
2206,三陽工業,上市,-284015.0,-351000.0,3509.0,-631506.0,791796604.0
4967,十銓,上市,-701507.0,0.0,67340.0,-634167.0,84963288.0
2645,長榮航太,上市,-3206254.0,2571000.0,-51515.0,-686769.0,374570962.0
2023,燁輝,上市,-691000.0,0.0,-48.0,-691048.0,1903240214.0
6153,嘉聯益,上市,-742000.0,0.0,45678.0,-696322.0,636177694.0
2009,第一銅,上市,-697009.0,0.0,-24680.0,-721689.0,359622165.0
2419,仲琦,上市,-730000.0,0.0,-37.0,-730037.0,321317229.0
2354,鴻準,上市,-731983.0,0.0,-12403.0,-744386.0,1414485192.0
4764,雙鍵,上市,-636000.0,0.0,-109003.0,-745003.0,85542062.0
2413,環科,上市,-770000.0,0.0,21234.0,-748766.0,127359200.0
8033,雷虎,上市,-608340.0,0.0,-156694.0,-765034.0,152629775.0
00891,中信關鍵半導體,上市,73022.0,0.0,-888240.0,-815218.0,1190590000.0
9933,中鼎,上市,-838918.0,0.0,-796.0,-839714.0,892693124.0
1522,堤維西,上市,-835000.0,-1372.0,-4183.0,-840555.0,312897881.0
2211,長榮鋼,上市,-3096000.0,2260000.0,-8870.0,-844870.0,417091463.0
3447,展達,上市,-848000.0,0.0,-52.0,-848052.0,77331120.0
00763U,期街口道瓊銅,上市,-12000.0,0.0,-855106.0,-867106.0,40565000.0
6672,騰輝電子-KY,上市,-883000.0,0.0,723.0,-882277.0,71434745.0
6285,啟碁,上市,-882118.0,-15000.0,3531.0,-893587.0,484020629.0
2317,鴻海,上市,5783448.0,-7182128.0,484172.0,-914508.0,13964222294.0
6213,聯茂,上市,-796005.0,0.0,-127643.0,-923648.0,362957218.0
9938,百和,上市,-921774.0,-50000.0,14512.0,-957262.0,297963902.0
2106,建大,上市,-996000.0,0.0,12922.0,-983078.0,954890000.0
00674R,期元大S&P黃金反1,上市,0.0,0.0,-1037125.0,-1037125.0,97103000.0
9904,寶成,上市,-2255000.0,1062000.0,150201.0,-1042799.0,2946787213.0
6282,康舒,上市,-1094990.0,0.0,38086.0,-1056904.0,856029125.0
1301,台塑,上市,-1164787.0,0.0,75740.0,-1089047.0,6365740781.0
00753L,中信中國50正2,上市,1944000.0,0.0,-3034130.0,-1090130.0,764157000.0
4915,致伸,上市,-568809.0,-530000.0,145.0,-1098664.0,471142824.0
4906,正文,上市,-1139000.0,0.0,-3711.0,-1142711.0,427594111.0
6191,精成科,上市,-892152.0,16000.0,-268207.0,-1144359.0,499303000.0
2347,聯強,上市,3737989.0,-5172000.0,263402.0,-1170609.0,1667946968.0
2369,菱生,上市,-1179000.0,0.0,3325.0,-1175675.0,380102344.0
00635U,期元大S&P黃金,上市,-23992.0,0.0,-1155194.0,-1179186.0,206514000.0
2006,東和鋼鐵,上市,-1257016.0,-90000.0,120015.0,-1227001.0,730213818.0
2515,中工,上市,-1229838.0,0.0,-6182.0,-1236020.0,1607904084.0
3189,景碩,上市,-1286660.0,53000.0,-3062.0,-1236722.0,456812660.0
00664R,國泰臺灣加權反1,上市,0.0,0.0,-1259130.0,-1259130.0,741075000.0
2495,普安,上市,-1262000.0,0.0,-925.0,-1262925.0,273551538.0
6757,台灣虎航,上市,-966129.0,-300000.0,-5152.0,-1271281.0,459530000.0
6278,台表科,上市,-1264008.0,-53000.0,3000.0,-1314008.0,292398353.0
2486,一詮,上市,-1219000.0,0.0,-102991.0,-1321991.0,233958579.0
2454,聯發科,上市,-1597379.0,260731.0,-1181.0,-1337829.0,1603912182.0
2374,佳能,上市,-1312922.0,0.0,-30040.0,-1342962.0,324579133.0
2834,臺企銀,上市,-1357677.0,-2000.0,-12000.0,-1371677.0,9718061849.0
2630,亞航,上市,-1541200.0,0.0,164593.0,-1376607.0,209438204.0
2457,飛宏,上市,-1324000.0,0.0,-74705.0,-1398705.0,424772416.0
2903,遠百,上市,-5347035.0,3907000.0,24842.0,-1415193.0,1416940589.0
2331,精英,上市,-1376000.0,0.0,-39562.0,-1415562.0,557402968.0
00929,復華台灣科技優息,上市,-144208.0,0.0,-1301947.0,-1446155.0,7362139000.0
3706,神達,上市,-1108260.0,0.0,-350869.0,-1459129.0,1327212468.0
2357,華碩,上市,-5487613.0,3975305.0,34610.0,-1477698.0,742760280.0
6271,同欣電,上市,-1660842.0,-18000.0,195301.0,-1483541.0,209058024.0
2406,國碩,上市,-1578000.0,0.0,59945.0,-1518055.0,350905689.0
00708L,期元大S&P黃金正2,上市,-41000.0,0.0,-1486751.0,-1527751.0,87573000.0
3036,文曄,上市,-5182703.0,3628000.0,19606.0,-1535097.0,1265209751.0
00865B,國泰US短期公債,上市,-321000.0,0.0,-1370124.0,-1691124.0,149744000.0
9105,泰金寶-DR,上市,-1592000.0,0.0,-121000.0,-1713000.0,1655366936.0
00985B,群益ESG投等債0-5,上市,-1135000.0,0.0,-678827.0,-1813827.0,479001000.0
2393,億光,上市,5087782.0,-7092873.0,16000.0,-1989091.0,443393086.0
2489,瑞軒,上市,-2027000.0,0.0,-11000.0,-2038000.0,610000000.0
2881,富邦金,上市,5689618.0,-7869026.0,129234.0,-2050174.0,14007364952.0
3450,聯鈞,上市,-2464990.0,0.0,382589.0,-2082401.0,145681382.0
8422,可寧衛*,上市,-12926110.0,10840000.0,-122270.0,-2208380.0,1136796050.0
4763,材料*-KY,上市,-2151020.0,0.0,-69999.0,-2221019.0,989146670.0
00984A,主動安聯台灣高息,上市,-34000.0,0.0,-2187906.0,-2221906.0,305458000.0
4977,眾達-KY,上市,-2186000.0,0.0,-54679.0,-2240679.0,80189841.0
6257,矽格,上市,-35008.0,-2240000.0,-126580.0,-2401588.0,483912325.0
1802,台玻,上市,-362997.0,-1877000.0,-162465.0,-2402462.0,2908060800.0
2327,國巨*,上市,-1535421.0,-831000.0,-112054.0,-2478475.0,2072965820.0
2371,大同,上市,6567583.0,-8850000.0,-249171.0,-2531588.0,2150834851.0
2812,台中銀,上市,-2636437.0,0.0,17556.0,-2618881.0,6021625921.0
2481,強茂,上市,-3127007.0,541000.0,-78111.0,-2664118.0,382114927.0
2886,兆豐金,上市,-4770407.0,1694000.0,355000.0,-2721407.0,14833378282.0
00673R,期元大S&P原油反1,上市,0.0,0.0,-2722237.0,-2722237.0,69550646.0
00662,富邦NASDAQ,上市,-135050.0,0.0,-2589472.0,-2724522.0,610529000.0
2352,佳世達,上市,-2784932.0,0.0,-40378.0,-2825310.0,1580506505.0
2201,裕隆,上市,-3127019.0,0.0,-2876.0,-3129895.0,1070001251.0
2887I,台新新光辛特,上市,-3132030.0,0.0,0.0,-3132030.0,3096420552.0
6005,群益證,上市,-6271022.0,3095535.0,0.0,-3175487.0,2170908097.0
8150,南茂,上市,-3488550.0,0.0,125003.0,-3363547.0,704523126.0
2408,南亞科,上市,-6858449.0,657000.0,2807271.0,-3394178.0,3098627894.0
2301,光寶科,上市,-617430.0,-2606000.0,-232216.0,-3455646.0,2316775763.0
00946,群益科技高息成長,上市,374000.0,0.0,-4233909.0,-3859909.0,705746000.0
2891,中信金,上市,19675863.0,-23932299.0,78362.0,-4178074.0,19649766114.0
2356,英業達,上市,-4539363.0,0.0,289610.0,-4249753.0,3587475066.0
00738U,期元大道瓊白銀,上市,-461795.0,0.0,-4099923.0,-4561718.0,161799000.0
2801,彰銀,上市,-4873280.0,0.0,231000.0,-4642280.0,11766046253.0
2377,微星,上市,-4831563.0,0.0,34831.0,-4796732.0,844856199.0
3037,欣興,上市,-4275059.0,-537000.0,-6782.0,-4818841.0,1529600197.0
00646,元大S&P500,上市,-444695.0,0.0,-4537051.0,-4981746.0,487485000.0
2303,聯電,上市,3460240.0,-9596747.0,754140.0,-5382367.0,12588156344.0
1303,南亞,上市,1324983.0,-6696000.0,-46106.0,-5417123.0,7930821589.0
2382,廣達,上市,-6817905.0,686565.0,552005.0,-5579335.0,3862627432.0
1504,東元,上市,10347953.0,-16113000.0,-187848.0,-5952895.0,2376440684.0
2312,金寶,上市,-5143030.0,0.0,-1162599.0,-6305629.0,1504839211.0
2105,正新,上市,-5182129.0,-1256000.0,-83516.0,-6521645.0,3241415536.0
2324,仁寶,上市,-335655.0,-6784000.0,-159356.0,-7279011.0,4407146625.0
2367,燿華,上市,-7524019.0,0.0,162210.0,-7361809.0,706253175.0
6239,力成,上市,-4044153.0,-3352000.0,-9911.0,-7406064.0,759146634.0
2002,中鋼,上市,-7430139.0,0.0,-132822.0,-7562961.0,15734860997.0
2402,毅嘉,上市,-8157011.0,143000.0,430758.0,-7583253.0,307536533.0
009805,台新美國電力基建,上市,-900.0,0.0,-7771759.0,-7772659.0,352816000.0
00632R,元大台灣50反1,上市,0.0,0.0,-8226358.0,-8226358.0,1706707730.0
2353,宏碁,上市,-9109770.0,-460000.0,-129365.0,-9699135.0,3047853828.0
3702,大聯大,上市,-14764333.0,4801000.0,125851.0,-9837482.0,1679056833.0
2337,旺宏,上市,-10075300.0,0.0,-127319.0,-10202619.0,1855826441.0
00953B,群益優選非投等債,上市,-12623000.0,3600000.0,-3252294.0,-12275294.0,4096675000.0
2027,大成鋼,上市,-20979133.0,6780000.0,344336.0,-13854797.0,2584260615.0
2890,永豐金,上市,-19096211.0,4974000.0,221008.0,-13901203.0,14502322275.0
2409,友達,上市,-16347240.0,0.0,1896979.0,-14450261.0,7547098972.0
3481,群創,上市,-20805173.0,0.0,4471999.0,-16333174.0,7989197337.0
2892,第一金,上市,46993260.0,-66546000.0,1344000.0,-18208740.0,14379468650.0
0056,元大高股息,上市,-3589955.0,0.0,-17073070.0,-20663025.0,14154534000.0
00990A,主動元大AI新經濟,上市,3067000.0,0.0,-47094788.0,-44027788.0,1999522000.0
6770,力積電,上市,-92260429.0,0.0,-4083376.0,-96343805.0,4188064801.0
006201,元大富櫃50,上櫃,0.0,0.0,0.0,40498.0,0.0
00679B,元大美債20年,上櫃,0.0,0.0,0.0,11478148.0,0.0
00687B,國泰20年美債,上櫃,0.0,0.0,0.0,5742937.0,0.0
00687C,國泰20年美債+櫃U,上櫃,0.0,0.0,0.0,0.0,0.0
00694B,富邦美債1-3,上櫃,0.0,0.0,0.0,-51902.0,0.0
00695B,富邦美債7-10,上櫃,0.0,0.0,0.0,118845.0,0.0
00696B,富邦美債20年,上櫃,0.0,0.0,0.0,41859.0,0.0
00697B,元大美債7-10,上櫃,0.0,0.0,0.0,41372.0,0.0
00719B,元大美債1-3,上櫃,0.0,0.0,0.0,-1816055.0,0.0
00720B,元大投資級公司債,上櫃,0.0,0.0,0.0,1517029.0,0.0
00722B,群益投資級電信債,上櫃,0.0,0.0,0.0,84547.0,0.0
00723B,群益投資級科技債,上櫃,0.0,0.0,0.0,-3000.0,0.0
00724B,群益投資級金融債,上櫃,0.0,0.0,0.0,139938.0,0.0
00725B,國泰投資級公司債,上櫃,0.0,0.0,0.0,431083.0,0.0
00726B,國泰新興投等債,上櫃,0.0,0.0,0.0,19743.0,0.0
00727B,國泰優選非投等債,上櫃,0.0,0.0,0.0,-20691.0,0.0
00734B,台新JPM新興債,上櫃,0.0,0.0,0.0,-1000.0,0.0
00740B,富邦全球投等債,上櫃,0.0,0.0,0.0,-1129145.0,0.0
00741B,富邦全球非投等債,上櫃,0.0,0.0,0.0,12834.0,0.0
00746B,富邦A級公司債,上櫃,0.0,0.0,0.0,55.0,0.0
00749B,凱基新興債10+,上櫃,0.0,0.0,0.0,0.0,0.0
00750B,凱基科技債10+,上櫃,0.0,0.0,0.0,0.0,0.0
00751B,元大AAA至A公司債,上櫃,0.0,0.0,0.0,1459879.0,0.0
00754B,群益AAA-AA公司債,上櫃,0.0,0.0,0.0,0.0,0.0
00755B,群益投資級公用債,上櫃,0.0,0.0,0.0,0.0,0.0
00756B,群益投等新興公債,上櫃,0.0,0.0,0.0,32000.0,0.0
00758B,復華能源債,上櫃,0.0,0.0,0.0,0.0,0.0
00759B,復華製藥債,上櫃,0.0,0.0,0.0,0.0,0.0
00760B,復華新興企業債,上櫃,0.0,0.0,0.0,-2126.0,0.0
00761B,國泰A級公司債,上櫃,0.0,0.0,0.0,74907.0,0.0
00764B,群益25年美債,上櫃,0.0,0.0,0.0,122834.0,0.0
00768B,復華20年美債,上櫃,0.0,0.0,0.0,171282.0,0.0
00772B,中信高評級公司債,上櫃,0.0,0.0,0.0,462038.0,0.0
00773B,中信優先金融債,上櫃,0.0,0.0,0.0,112605.0,0.0
00777B,凱基AAA至A公司債,上櫃,0.0,0.0,0.0,-1000.0,0.0
00778B,凱基金融債20+,上櫃,0.0,0.0,0.0,10000.0,0.0
00779B,凱基美債25+,上櫃,0.0,0.0,0.0,0.0,0.0
00780B,國泰A級金融債,上櫃,0.0,0.0,0.0,-4000.0,0.0
00781B,國泰A級科技債,上櫃,0.0,0.0,0.0,-2000.0,0.0
00782B,國泰A級公用債,上櫃,0.0,0.0,0.0,969.0,0.0
00785B,富邦金融投等債,上櫃,0.0,0.0,0.0,82.0,0.0
00786B,元大10年IG銀行債,上櫃,0.0,0.0,0.0,22458.0,0.0
00787B,元大10年IG醫療債,上櫃,0.0,0.0,0.0,27973.0,0.0
00788B,元大10年IG電能債,上櫃,0.0,0.0,0.0,120000.0,0.0
00789B,復華公司債A3,上櫃,0.0,0.0,0.0,-142.0,0.0
00791B,復華信用債1-5,上櫃,0.0,0.0,0.0,5978.0,0.0
00792B,群益A級公司債,上櫃,0.0,0.0,0.0,8405.0,0.0
00793B,群益AAA-A醫療債,上櫃,0.0,0.0,0.0,1000.0,0.0
00795B,中信美國公債20年,上櫃,0.0,0.0,0.0,1393410.0,0.0
00799B,國泰A級醫療債,上櫃,0.0,0.0,0.0,-37638.0,0.0
00834B,第一金金融債10+,上櫃,0.0,0.0,0.0,0.0,0.0
00836B,永豐10年A公司債,上櫃,0.0,0.0,0.0,61685.0,0.0
00840B,凱基IG精選15+,上櫃,0.0,0.0,0.0,0.0,0.0
00841B,凱基AAA-AA公司債,上櫃,0.0,0.0,0.0,0.0,0.0
00842B,台新美元銀行債,上櫃,0.0,0.0,0.0,4000.0,0.0
00845B,富邦新興投等債,上櫃,0.0,0.0,0.0,-4049.0,0.0
00846B,富邦歐洲銀行債,上櫃,0.0,0.0,0.0,2877.0,0.0
00847B,中信美國市政債,上櫃,0.0,0.0,0.0,5000.0,0.0
00848B,中信新興亞洲債,上櫃,0.0,0.0,0.0,1000.0,0.0
00849B,中信EM主權債0-5,上櫃,0.0,0.0,0.0,-2291.0,0.0
00853B,統一美債10年Aa-A,上櫃,0.0,0.0,0.0,4950.0,0.0
00856B,永豐1-3年美公債,上櫃,0.0,0.0,0.0,-3000.0,0.0
00857B,永豐20年美公債,上櫃,0.0,0.0,0.0,618770.0,0.0
00858,永豐美國500大,上櫃,0.0,0.0,0.0,-106209.0,0.0
00859B,群益0-1年美債,上櫃,0.0,0.0,0.0,-224364.0,0.0
00860B,群益1-5Y投資級債,上櫃,0.0,0.0,0.0,-10409.0,0.0
00862B,中信投資級公司債,上櫃,0.0,0.0,0.0,2558.0,0.0
00863B,中信全球電信債,上櫃,0.0,0.0,0.0,-25000.0,0.0
00864B,中信美國公債0-1,上櫃,0.0,0.0,0.0,-391000.0,0.0
00867B,新光A-BBB電信債,上櫃,0.0,0.0,0.0,-104.0,0.0
00870B,元大15年EM主權債,上櫃,0.0,0.0,0.0,1000.0,0.0
00877,復華中國5G,上櫃,0.0,0.0,0.0,-767517.0,0.0
00883B,中信ESG投資級債,上櫃,0.0,0.0,0.0,1107.0,0.0
00884B,中信低碳新興債,上櫃,0.0,0.0,0.0,-2374.0,0.0
00886,永豐美國科技,上櫃,0.0,0.0,0.0,-298200.0,0.0
00887,永豐中國科技50大,上櫃,0.0,0.0,0.0,4163637.0,0.0
00888,永豐台灣ESG,上櫃,0.0,0.0,0.0,-7659.0,0.0
00890B,凱基ESG BBB債15+,上櫃,0.0,0.0,0.0,0.0,0.0
00928,中信上櫃ESG 30,上櫃,0.0,0.0,0.0,319767.0,0.0
00931B,統一美債20年,上櫃,0.0,0.0,0.0,1066364.0,0.0
00933B,國泰10Y+金融債,上櫃,0.0,0.0,0.0,376543.0,0.0
00937B,群益ESG投等債20+,上櫃,0.0,0.0,0.0,8903075.0,0.0
00942B,台新美A公司債20+,上櫃,0.0,0.0,0.0,1042954.0,0.0
00948B,中信優息投資級債,上櫃,0.0,0.0,0.0,2046001.0,0.0
00950B,凱基A級公司債,上櫃,0.0,0.0,0.0,1757463.0,0.0
00955,中信日本商社,上櫃,0.0,0.0,0.0,-1165207.0,0.0
00957B,兆豐US優選投等債,上櫃,0.0,0.0,0.0,-41405.0,0.0
00958B,永豐ESG銀行債15+,上櫃,0.0,0.0,0.0,808763.0,0.0
00959B,大華投等美債15Y+,上櫃,0.0,0.0,0.0,617536.0,0.0
00966B,統一ESG投等債15+,上櫃,0.0,0.0,0.0,345144.0,0.0
00967B,元大優息美債,上櫃,0.0,0.0,0.0,94000.0,0.0
00968B,元大優息投等債,上櫃,0.0,0.0,0.0,778500.0,0.0
00969B,元大零息超長美債,上櫃,0.0,0.0,0.0,415297.0,0.0
00970B,新光BBB投等債20+,上櫃,0.0,0.0,0.0,1093094.0,0.0
009806,台新標普500,上櫃,0.0,0.0,0.0,-12984.0,0.0
009807,台新標普科技精選,上櫃,0.0,0.0,0.0,-50832.0,0.0
00980B,台新特選IG債10+,上櫃,0.0,0.0,0.0,-1415113.0,0.0
00980D,主動聯博投等入息,上櫃,0.0,0.0,0.0,-450283.0,0.0
00980T,平衡凱基美國TOP,上櫃,0.0,0.0,0.0,303451.0,0.0
009814,富邦標普500,上櫃,0.0,0.0,0.0,1458758.0,0.0
00981B,第一金優選非投債,上櫃,0.0,0.0,0.0,-3514482.0,0.0
00981D,主動中信非投等債,上櫃,0.0,0.0,0.0,-8419928.0,0.0
00982B,FT投資級債20+,上櫃,0.0,0.0,0.0,19072.0,0.0
00983B,大華優利美公債20,上櫃,0.0,0.0,0.0,-609540.0,0.0
00984B,大華優利美A債15,上櫃,0.0,0.0,0.0,-4015927.0,0.0
00986B,FT金融債10+,上櫃,0.0,0.0,0.0,84000.0,0.0
02001B,統一美國政府債N,上櫃,0.0,0.0,0.0,1000.0,0.0
020025,統一亞洲半導體N,上櫃,0.0,0.0,0.0,90000.0,0.0
020027,元大上櫃ESG成長N,上櫃,0.0,0.0,0.0,10000.0,0.0
020033,統一恒生科期N,上櫃,0.0,0.0,0.0,-3000.0,0.0
1259,安心,上櫃,0.0,0.0,0.0,-1000.0,32389500.0
1264,德麥,上櫃,0.0,0.0,0.0,-2000.0,37052367.0
1268,漢來美食,上櫃,0.0,0.0,0.0,-2000.0,42223730.0
1295,生合,上櫃,0.0,0.0,0.0,-20396.0,37599800.0
1336,台翰,上櫃,0.0,0.0,0.0,-5000.0,77614419.0
1565,精華,上櫃,0.0,0.0,0.0,-5000.0,50416516.0
1569,濱川,上櫃,0.0,0.0,0.0,-15086.0,144247441.0
1570,力肯,上櫃,0.0,0.0,0.0,1000.0,51500839.0
1580,新麥,上櫃,0.0,0.0,0.0,-2000.0,49339242.0
1584,精剛,上櫃,0.0,0.0,0.0,138980.0,232470533.0
1586,和勤,上櫃,0.0,0.0,0.0,-48000.0,129500467.0
1591,駿吉-KY,上櫃,0.0,0.0,0.0,4956.0,38048047.0
1593,祺驊,上櫃,0.0,0.0,0.0,-4000.0,39784772.0
1595,川寶,上櫃,0.0,0.0,0.0,14000.0,57554896.0
1599,宏佳騰,上櫃,0.0,0.0,0.0,3000.0,73028764.0
1777,生泰,上櫃,0.0,0.0,0.0,-4000.0,44591713.0
1781,合世,上櫃,0.0,0.0,0.0,-1000.0,47407605.0
1784,訊聯,上櫃,0.0,0.0,0.0,-58324.0,53121191.0
1785,光洋科,上櫃,0.0,0.0,0.0,5587727.0,595950743.0
1799,易威,上櫃,0.0,0.0,0.0,6001.0,248775894.0
1815,富喬,上櫃,0.0,0.0,0.0,11336985.0,585459487.0
2061,風青,上櫃,0.0,0.0,0.0,3000.0,57378052.0
2063,世鎧,上櫃,0.0,0.0,0.0,4000.0,48101453.0
2065,世豐,上櫃,0.0,0.0,0.0,-1000.0,63516707.0
2066,世德,上櫃,0.0,0.0,0.0,1000.0,44449527.0
2067,嘉鋼,上櫃,0.0,0.0,0.0,77107.0,33858177.0
2070,精湛,上櫃,0.0,0.0,0.0,16004.0,41782800.0
2221,大甲,上櫃,0.0,0.0,0.0,-2000.0,42325000.0
2230,泰茂,上櫃,0.0,0.0,0.0,-38144.0,68029605.0
2596,綠意,上櫃,0.0,0.0,0.0,-10000.0,100000000.0
2640,大車隊,上櫃,0.0,0.0,0.0,-16000.0,59264956.0
2641,正德,上櫃,0.0,0.0,0.0,-178193.0,330333744.0
2643,捷迅,上櫃,0.0,0.0,0.0,3000.0,35000000.0
2718,全心投控,上櫃,0.0,0.0,0.0,-3087.0,87576000.0
2719,燦星旅,上櫃,0.0,0.0,0.0,-1000.0,69182500.0
2726,雅茗-KY,上櫃,0.0,0.0,0.0,-9000.0,37689817.0
2729,瓦城,上櫃,0.0,0.0,0.0,2000.0,43040783.0
2732,六角,上櫃,0.0,0.0,0.0,1000.0,46518570.0
2734,易飛網,上櫃,0.0,0.0,0.0,2000.0,57259760.0
2736,富野,上櫃,0.0,0.0,0.0,-8000.0,79972230.0
2740,天蔥,上櫃,0.0,0.0,0.0,2000.0,16762016.0
2743,山富,上櫃,0.0,0.0,0.0,-1743.0,46815210.0
2745,五福,上櫃,0.0,0.0,0.0,-13029.0,33808526.0
2751,王座,上櫃,0.0,0.0,0.0,-1000.0,19811250.0
2755,揚秦,上櫃,0.0,0.0,0.0,4000.0,46792491.0
2756,聯發國際,上櫃,0.0,0.0,0.0,-25032.0,24597584.0
2926,誠品生活,上櫃,0.0,0.0,0.0,-2000.0,47389650.0
3066,李洲,上櫃,0.0,0.0,0.0,7000.0,83070612.0
3071,協禧,上櫃,0.0,0.0,0.0,17000.0,110000000.0
3073,天方能源,上櫃,0.0,0.0,0.0,-13318.0,39511028.0
3078,僑威,上櫃,0.0,0.0,0.0,-17226.0,227391064.0
3081,聯亞,上櫃,0.0,0.0,0.0,-45400.0,101869004.0
3083,網龍,上櫃,0.0,0.0,0.0,8009.0,86486858.0
3086,華義,上櫃,0.0,0.0,0.0,-6895.0,272710510.0
3088,艾訊,上櫃,0.0,0.0,0.0,-18928.0,113011197.0
3093,港建*,上櫃,0.0,0.0,0.0,-5000.0,145155576.0
3095,及成,上櫃,0.0,0.0,0.0,123.0,14680000.0
3105,穩懋,上櫃,0.0,0.0,0.0,-2265810.0,423940384.0
3114,好德,上櫃,0.0,0.0,0.0,-8000.0,67722584.0
3118,進階,上櫃,0.0,0.0,0.0,-1000.0,32452860.0
3122,笙泉,上櫃,0.0,0.0,0.0,-87.0,40771918.0
3128,昇銳,上櫃,0.0,0.0,0.0,-3000.0,50156538.0
3131,弘塑,上櫃,0.0,0.0,0.0,687892.0,29258927.0
3141,晶宏,上櫃,0.0,0.0,0.0,-154941.0,75460728.0
3147,大綜,上櫃,0.0,0.0,0.0,-11008.0,43686831.0
3152,璟德,上櫃,0.0,0.0,0.0,54936.0,39016200.0
3162,精確,上櫃,0.0,0.0,0.0,-321908.0,154153162.0
3163,波若威,上櫃,0.0,0.0,0.0,106716.0,94635370.0
3169,亞信,上櫃,0.0,0.0,0.0,31815.0,63306981.0
3171,炎洲流通,上櫃,0.0,0.0,0.0,2000.0,33118158.0
3176,基亞,上櫃,0.0,0.0,0.0,98000.0,139306755.0
3178,公準,上櫃,0.0,0.0,0.0,6929.0,45050000.0
3188,鑫龍騰,上櫃,0.0,0.0,0.0,433000.0,189087767.0
3205,佰研,上櫃,0.0,0.0,0.0,5000.0,67545631.0
3206,志豐,上櫃,0.0,0.0,0.0,-1000.0,58916621.0
3207,耀勝,上櫃,0.0,0.0,0.0,36455.0,66422124.0
3211,順達,上櫃,0.0,0.0,0.0,-1149257.0,154387021.0
3213,茂訊,上櫃,0.0,0.0,0.0,43594.0,58685547.0
3217,優群,上櫃,0.0,0.0,0.0,-330058.0,90104203.0
3218,大學光,上櫃,0.0,0.0,0.0,33359.0,84724899.0
3219,倚強科,上櫃,0.0,0.0,0.0,-32000.0,71780880.0
3221,台嘉碩,上櫃,0.0,0.0,0.0,65000.0,104989210.0
3224,三顧,上櫃,0.0,0.0,0.0,2000.0,78172648.0
3226,龍鋒,上櫃,0.0,0.0,0.0,1000.0,64430573.0
3227,原相,上櫃,0.0,0.0,0.0,-156059.0,151912842.0
3228,金麗科,上櫃,0.0,0.0,0.0,-15571.0,71937495.0
3230,錦明,上櫃,0.0,0.0,0.0,-6864.0,86010900.0
3232,昱捷,上櫃,0.0,0.0,0.0,-1000.0,46567865.0
3234,光環,上櫃,0.0,0.0,0.0,144676.0,111474692.0
3236,千如,上櫃,0.0,0.0,0.0,457040.0,105000613.0
3252,海灣,上櫃,0.0,0.0,0.0,-2000.0,50195754.0
3260,威剛,上櫃,0.0,0.0,0.0,712015.0,336463418.0
3264,欣銓,上櫃,0.0,0.0,0.0,-381166.0,490170076.0
3265,台星科,上櫃,0.0,0.0,0.0,489807.0,136261659.0
3268,海德威,上櫃,0.0,0.0,0.0,-2000.0,34720796.0
3272,東碩,上櫃,0.0,0.0,0.0,-3000.0,61176789.0
3276,宇環,上櫃,0.0,0.0,0.0,8000.0,69712666.0
3284,太普高,上櫃,0.0,0.0,0.0,10410.0,108482473.0
3285,微端,上櫃,0.0,0.0,0.0,1000.0,42735324.0
3287,廣寰科,上櫃,0.0,0.0,0.0,-23952.0,43970483.0
3289,宜特,上櫃,0.0,0.0,0.0,-67949.0,86746371.0
3290,東浦,上櫃,0.0,0.0,0.0,50462.0,90215034.0
3293,鈊象,上櫃,0.0,0.0,0.0,39161.0,281801560.0
3294,英濟,上櫃,0.0,0.0,0.0,-30689.0,132015919.0
3297,杭特,上櫃,0.0,0.0,0.0,41995.0,36049445.0
3303,岱稜,上櫃,0.0,0.0,0.0,40024.0,94790607.0
3306,鼎天,上櫃,0.0,0.0,0.0,-3059.0,50607702.0
3310,佳穎,上櫃,0.0,0.0,0.0,-2000.0,74948402.0
3313,斐成,上櫃,0.0,0.0,0.0,-10000.0,221133831.0
3317,尼克森,上櫃,0.0,0.0,0.0,-19117.0,90000000.0
3322,建舜電,上櫃,0.0,0.0,0.0,-72000.0,137582157.0
3323,加百裕,上櫃,0.0,0.0,0.0,-1687358.0,99593385.0
3324,雙鴻,上櫃,0.0,0.0,0.0,1615921.0,93076837.0
3325,旭品,上櫃,0.0,0.0,0.0,-17000.0,110168610.0
3332,幸康,上櫃,0.0,0.0,0.0,0.0,48104246.0
3339,泰谷,上櫃,0.0,0.0,0.0,206017.0,66568300.0
3349,寶德,上櫃,0.0,0.0,0.0,-158000.0,47821648.0
3354,律勝,上櫃,0.0,0.0,0.0,89711.0,70112426.0
3357,臺慶科,上櫃,0.0,0.0,0.0,-109933.0,116385739.0
3360,尚立,上櫃,0.0,0.0,0.0,-221.0,76402244.0
3362,先進光,上櫃,0.0,0.0,0.0,-119422.0,147445475.0
3363,上詮,上櫃,0.0,0.0,0.0,-617300.0,113640567.0
3372,典範,上櫃,0.0,0.0,0.0,435654.0,235324000.0
3373,熱映,上櫃,0.0,0.0,0.0,-13000.0,47618782.0
3374,精材,上櫃,0.0,0.0,0.0,-107785.0,271364316.0
3379,彬台,上櫃,0.0,0.0,0.0,-33541.0,38041748.0
3388,崇越電,上櫃,0.0,0.0,0.0,1000.0,81599825.0
3390,旭軟,上櫃,0.0,0.0,0.0,13956.0,79329659.0
3402,漢科,上櫃,0.0,0.0,0.0,67000.0,73047692.0
3430,奇鈦科,上櫃,0.0,0.0,0.0,59000.0,33716085.0
3434,哲固,上櫃,0.0,0.0,0.0,1000.0,35754740.0
3438,類比科,上櫃,0.0,0.0,0.0,-25000.0,47165815.0
3441,聯一光,上櫃,0.0,0.0,0.0,42000.0,40039920.0
3444,利機,上櫃,0.0,0.0,0.0,3587.0,44996877.0
3455,由田,上櫃,0.0,0.0,0.0,13709.0,59850750.0
3465,進泰電子,上櫃,0.0,0.0,0.0,-1000.0,42329862.0
3466,德晉,上櫃,0.0,0.0,0.0,2000.0,77892073.0
3467,台灣精材,上櫃,0.0,0.0,0.0,14768.0,31556569.0
3479,安勤,上櫃,0.0,0.0,0.0,-50865.0,72630164.0
3483,力致,上櫃,0.0,0.0,0.0,91534.0,99049257.0
3484,崧騰,上櫃,0.0,0.0,0.0,-20171.0,78828189.0
3489,森寶,上櫃,0.0,0.0,0.0,29000.0,90452155.0
3490,單井,上櫃,0.0,0.0,0.0,-78599.0,55006435.0
3491,昇達科,上櫃,0.0,0.0,0.0,215656.0,68805125.0
3492,長盛,上櫃,0.0,0.0,0.0,1002.0,35531600.0
3498,陽程,上櫃,0.0,0.0,0.0,150047.0,61273008.0
3499,環天科,上櫃,0.0,0.0,0.0,107841.0,54970596.0
3508,位速,上櫃,0.0,0.0,0.0,-2993.0,108866737.0
3511,矽瑪,上櫃,0.0,0.0,0.0,35751.0,79972945.0
3512,皇龍,上櫃,0.0,0.0,0.0,-7000.0,113072372.0
3516,亞帝歐,上櫃,0.0,0.0,0.0,0.0,59560874.0
3520,華盈,上櫃,0.0,0.0,0.0,-33000.0,83846778.0
3521,鴻翊,上櫃,0.0,0.0,0.0,-22000.0,185765552.0
3522,御嵿,上櫃,0.0,0.0,0.0,1000.0,104096209.0
3526,凡甲,上櫃,0.0,0.0,0.0,100787.0,66839477.0
3527,聚積,上櫃,0.0,0.0,0.0,7000.0,44445125.0
3529,力旺,上櫃,0.0,0.0,0.0,41583.0,74686492.0
3537,堡達,上櫃,0.0,0.0,0.0,185000.0,56242979.0
3540,曜越,上櫃,0.0,0.0,0.0,66704.0,84458548.0
3541,西柏,上櫃,0.0,0.0,0.0,-2002.0,56349142.0
3546,宇峻,上櫃,0.0,0.0,0.0,16109.0,61348690.0
3548,兆利,上櫃,0.0,0.0,0.0,-16496.0,68244175.0
3551,世禾,上櫃,0.0,0.0,0.0,-600451.0,62274890.0
3552,同致,上櫃,0.0,0.0,0.0,-95397.0,97918334.0
3555,博士旺,上櫃,0.0,0.0,0.0,-7399.0,39998797.0
3556,禾瑞亞,上櫃,0.0,0.0,0.0,-4000.0,63702844.0
3558,神準,上櫃,0.0,0.0,0.0,-30392.0,59060881.0
3564,其陽,上櫃,0.0,0.0,0.0,-17000.0,59123100.0
3570,大塚,上櫃,0.0,0.0,0.0,4000.0,17097000.0
3577,泓格,上櫃,0.0,0.0,0.0,8040.0,63965653.0
3580,友威科,上櫃,0.0,0.0,0.0,32162.0,39470657.0
3581,博磊,上櫃,0.0,0.0,0.0,138877.0,51006000.0
3587,閎康,上櫃,0.0,0.0,0.0,-258325.0,69369988.0
3594,磐儀,上櫃,0.0,0.0,0.0,14.0,95948358.0
3597,映興,上櫃,0.0,0.0,0.0,-4001.0,39236440.0
3609,三一東林,上櫃,0.0,0.0,0.0,0.0,38419387.0
3611,鼎翰,上櫃,0.0,0.0,0.0,-24000.0,47554634.0
3615,安可,上櫃,0.0,0.0,0.0,126000.0,68466976.0
3623,富晶通,上櫃,0.0,0.0,0.0,32.0,29185946.0
3624,光頡,上櫃,0.0,0.0,0.0,-966025.0,117340842.0
3625,西勝,上櫃,0.0,0.0,0.0,-388146.0,58100000.0
3628,盈正,上櫃,0.0,0.0,0.0,-126075.0,45000000.0
3630,新鉅科,上櫃,0.0,0.0,0.0,1111.0,204191848.0
3631,晟楠,上櫃,0.0,0.0,0.0,-2000.0,81820909.0
3646,艾恩特,上櫃,0.0,0.0,0.0,-1000.0,39297371.0
3663,鑫科,上櫃,0.0,0.0,0.0,40488.0,108494074.0
3666,光耀,上櫃,0.0,0.0,0.0,19000.0,138949850.0
3672,康聯訊,上櫃,0.0,0.0,0.0,2000.0,40790375.0
3675,德微,上櫃,0.0,0.0,0.0,-72721.0,53057923.0
3680,家登,上櫃,0.0,0.0,0.0,-266841.0,96211690.0
3684,榮昌,上櫃,0.0,0.0,0.0,20000.0,30304737.0
3685,元創精密,上櫃,0.0,0.0,0.0,-839000.0,79574000.0
3687,歐買尬,上櫃,0.0,0.0,0.0,37000.0,30124059.0
3689,湧德,上櫃,0.0,0.0,0.0,1373107.0,89390991.0
3691,碩禾,上櫃,0.0,0.0,0.0,-28324.0,91883420.0
3693,營邦,上櫃,0.0,0.0,0.0,-132697.0,42990694.0
3707,漢磊,上櫃,0.0,0.0,0.0,-395480.0,400484353.0
3709,鑫聯大投控,上櫃,0.0,0.0,0.0,-106701.0,145569450.0
3710,連展投控,上櫃,0.0,0.0,0.0,-106000.0,177086787.0
3713,新晶投控,上櫃,0.0,0.0,0.0,61000.0,88099380.0
4102,永日,上櫃,0.0,0.0,0.0,-2009.0,42373443.0
4105,東洋,上櫃,0.0,0.0,0.0,49076.0,248649959.0
4107,邦特,上櫃,0.0,0.0,0.0,1000.0,69298336.0
4109,加捷生醫,上櫃,0.0,0.0,0.0,11000.0,118736681.0
4111,濟生,上櫃,0.0,0.0,0.0,-7150.0,59832135.0
4113,聯上,上櫃,0.0,0.0,0.0,-2000.0,231138137.0
4114,健喬,上櫃,0.0,0.0,0.0,40000.0,550429688.0
4116,明基醫,上櫃,0.0,0.0,0.0,-1000.0,44566000.0
4120,友華,上櫃,0.0,0.0,0.0,-5000.0,86747119.0
4121,優盛,上櫃,0.0,0.0,0.0,29000.0,83111045.0
4123,晟德,上櫃,0.0,0.0,0.0,-389100.0,807456341.0
4126,太醫,上櫃,0.0,0.0,0.0,-14000.0,72600000.0
4127,天良,上櫃,0.0,0.0,0.0,-8000.0,45760000.0
4128,中天,上櫃,0.0,0.0,0.0,19989.0,588170597.0
4129,聯合,上櫃,0.0,0.0,0.0,-143313.0,96437650.0
4130,健亞,上櫃,0.0,0.0,0.0,53189.0,0.0
4131,浩泰,上櫃,0.0,0.0,0.0,1000.0,39857000.0
4138,曜亞,上櫃,0.0,0.0,0.0,-1000.0,39930000.0
4139,馬光-KY,上櫃,0.0,0.0,0.0,-5000.0,45009911.0
4147,中裕,上櫃,0.0,0.0,0.0,-17754.0,273202425.0
4153,鈺緯,上櫃,0.0,0.0,0.0,-1000.0,58668197.0
4157,太景*-KY,上櫃,0.0,0.0,0.0,-101004.0,711833575.0
4160,訊聯基因,上櫃,0.0,0.0,0.0,-3000.0,26690334.0
4161,聿新科,上櫃,0.0,0.0,0.0,-48932.0,59798204.0
4162,智擎,上櫃,0.0,0.0,0.0,14898.0,143677640.0
4166,友霖,上櫃,0.0,0.0,0.0,4000.0,243035089.0
4167,松瑞藥,上櫃,0.0,0.0,0.0,-86000.0,331554307.0
4168,醣聯,上櫃,0.0,0.0,0.0,24000.0,112521318.0
4171,瑞基,上櫃,0.0,0.0,0.0,12903.0,58057469.0
4173,久裕,上櫃,0.0,0.0,0.0,24000.0,74574355.0
4174,浩鼎,上櫃,0.0,0.0,0.0,-367511.0,131579687.0
4205,中華食,上櫃,0.0,0.0,0.0,8000.0,97649228.0
4207,環泰,上櫃,0.0,0.0,0.0,-66000.0,188611108.0
4303,信立,上櫃,0.0,0.0,0.0,-95145.0,132447444.0
4401,東隆興,上櫃,0.0,0.0,0.0,-2000.0,122692012.0
4402,郡都開發,上櫃,0.0,0.0,0.0,-983.0,67991830.0
4413,飛寶企業,上櫃,0.0,0.0,0.0,-1000.0,31314689.0
4416,三圓,上櫃,0.0,0.0,0.0,5000.0,73586213.0
4417,金洲,上櫃,0.0,0.0,0.0,-4981.0,83971399.0
4420,光明,上櫃,0.0,0.0,0.0,7900.0,40455000.0
4432,銘旺實,上櫃,0.0,0.0,0.0,-3000.0,50589000.0
4433,興采,上櫃,0.0,0.0,0.0,-5000.0,61299774.0
4442,竣邦-KY,上櫃,0.0,0.0,0.0,268000.0,32883649.0
4502,健信,上櫃,0.0,0.0,0.0,1000.0,57469686.0
4503,金雨,上櫃,0.0,0.0,0.0,879.0,78313326.0
4506,崇友,上櫃,0.0,0.0,0.0,-2000.0,177012000.0
4510,高鋒,上櫃,0.0,0.0,0.0,-89006.0,108977724.0
4513,福裕,上櫃,0.0,0.0,0.0,91000.0,143761921.0
4523,永彰,上櫃,0.0,0.0,0.0,-2194.0,64949000.0
4527,方土霖,上櫃,0.0,0.0,0.0,0.0,68537133.0
4533,協易機,上櫃,0.0,0.0,0.0,-47075.0,178434110.0
4534,慶騰,上櫃,0.0,0.0,0.0,12974.0,86788948.0
4538,大詠城,上櫃,0.0,0.0,0.0,-3000.0,59469604.0
4541,晟田,上櫃,0.0,0.0,0.0,-22746.0,67647068.0
4542,科嶠,上櫃,0.0,0.0,0.0,13000.0,35254258.0
4543,萬在,上櫃,0.0,0.0,0.0,-288275.0,62760915.0
4549,桓達,上櫃,0.0,0.0,0.0,13740.0,57002445.0
4554,橙的,上櫃,0.0,0.0,0.0,-4000.0,30276584.0
4556,旭然,上櫃,0.0,0.0,0.0,-1000.0,42302840.0
4558,寶緯,上櫃,0.0,0.0,0.0,18454.0,50000000.0
4561,健椿,上櫃,0.0,0.0,0.0,26000.0,58521619.0
4563,百德,上櫃,0.0,0.0,0.0,6856.0,54950000.0
4568,科際精密,上櫃,0.0,0.0,0.0,1000.0,32045125.0
4577,達航科技,上櫃,0.0,0.0,0.0,-185734.0,49137998.0
4580,捷流閥業,上櫃,0.0,0.0,0.0,-1000.0,46803109.0
4702,中美實,上櫃,0.0,0.0,0.0,4636.0,72333200.0
4706,大恭,上櫃,0.0,0.0,0.0,-1000.0,79030093.0
4707,磐亞,上櫃,0.0,0.0,0.0,101000.0,413808151.0
4711,永純,上櫃,0.0,0.0,0.0,-1000.0,61056000.0
4714,永捷,上櫃,0.0,0.0,0.0,432000.0,221838188.0
4716,大立,上櫃,0.0,0.0,0.0,38590.0,94427191.0
4721,美琪瑪,上櫃,0.0,0.0,0.0,12998.0,74986304.0
4726,永昕,上櫃,0.0,0.0,0.0,-386.0,207041800.0
4729,熒茂,上櫃,0.0,0.0,0.0,85999.0,79226741.0
4735,豪展,上櫃,0.0,0.0,0.0,3000.0,41568758.0
4741,泓瀚,上櫃,0.0,0.0,0.0,4000.0,34812079.0
4743,合一,上櫃,0.0,0.0,0.0,-270164.0,480533486.0
4744,皇將,上櫃,0.0,0.0,0.0,37000.0,56948450.0
4745,合富-KY,上櫃,0.0,0.0,0.0,16551.0,66220547.0
4749,新應材,上櫃,0.0,0.0,0.0,98735.0,94732865.0
4754,國碳科,上櫃,0.0,0.0,0.0,-1000.0,30283215.0
4760,勤凱,上櫃,0.0,0.0,0.0,-95439.0,32778289.0
4768,晶呈科技,上櫃,0.0,0.0,0.0,81675.0,48200288.0
4772,台特化,上櫃,0.0,0.0,0.0,13260.0,147681552.0
4903,聯光通,上櫃,0.0,0.0,0.0,-491469.0,105343714.0
4907,富宇,上櫃,0.0,0.0,0.0,2199.0,118145778.0
4908,前鼎,上櫃,0.0,0.0,0.0,61887.0,78216907.0
4909,新復興,上櫃,0.0,0.0,0.0,347336.0,93356864.0
4911,德英,上櫃,0.0,0.0,0.0,-2000.0,68817133.0
4923,力士,上櫃,0.0,0.0,0.0,0.0,36940360.0
4931,新盛力,上櫃,0.0,0.0,0.0,-1248672.0,65565761.0
4933,友輝,上櫃,0.0,0.0,0.0,1056.0,82662675.0
4939,亞電,上櫃,0.0,0.0,0.0,-1482075.0,98200868.0
4946,辣椒,上櫃,0.0,0.0,0.0,9000.0,8852816.0
4950,金耘國際,上櫃,0.0,0.0,0.0,1427.0,57729107.0
4951,精拓科,上櫃,0.0,0.0,0.0,-14013.0,34148713.0
4953,緯軟,上櫃,0.0,0.0,0.0,-182997.0,74326386.0
4966,譜瑞-KY,上櫃,0.0,0.0,0.0,-235747.0,78957788.0
4971,IET-KY,上櫃,0.0,0.0,0.0,248000.0,47185743.0
4972,湯石照明,上櫃,0.0,0.0,0.0,11000.0,56888587.0
4973,廣穎,上櫃,0.0,0.0,0.0,140124.0,65292843.0
4974,亞泰,上櫃,0.0,0.0,0.0,20994.0,72500104.0
4979,華星光,上櫃,0.0,0.0,0.0,5078365.0,142802027.0
4991,環宇-KY,上櫃,0.0,0.0,0.0,2464527.0,121363372.0
4995,晶達,上櫃,0.0,0.0,0.0,1000.0,42592036.0
5009,榮剛,上櫃,0.0,0.0,0.0,604875.0,602471197.0
5011,久陽,上櫃,0.0,0.0,0.0,-2000.0,100673922.0
5014,建錩,上櫃,0.0,0.0,0.0,-2020.0,183265054.0
5015,華祺,上櫃,0.0,0.0,0.0,0.0,60639189.0
5201,凱衛,上櫃,0.0,0.0,0.0,10000.0,38674600.0
5202,力新,上櫃,0.0,0.0,0.0,31000.0,89094000.0
5205,中茂,上櫃,0.0,0.0,0.0,6000.0,14200000.0
5206,坤悅,上櫃,0.0,0.0,0.0,-8000.0,180093375.0
5209,新鼎,上櫃,0.0,0.0,0.0,-2098.0,28567224.0
5210,寶碩,上櫃,0.0,0.0,0.0,-1900.0,82177779.0
5212,凌網,上櫃,0.0,0.0,0.0,-1000.0,34633000.0
5213,亞昕,上櫃,0.0,0.0,0.0,3000.0,721334326.0
5220,萬達光電,上櫃,0.0,0.0,0.0,5000.0,39667000.0
5223,安力-KY,上櫃,0.0,0.0,0.0,0.0,44549781.0
5227,立凱-KY,上櫃,0.0,0.0,0.0,656.0,96000000.0
5228,鈺鎧,上櫃,0.0,0.0,0.0,8000.0,38056253.0
5230,雷笛克光學,上櫃,0.0,0.0,0.0,23000.0,56303831.0
5236,凌陽創新,上櫃,0.0,0.0,0.0,-21315.0,0.0
5245,智晶,上櫃,0.0,0.0,0.0,-3000.0,45127141.0
5251,天鉞電,上櫃,0.0,0.0,0.0,-555370.0,33733377.0
5263,智崴,上櫃,0.0,0.0,0.0,-24805.0,78936891.0
5272,笙科,上櫃,0.0,0.0,0.0,-12000.0,55276118.0
5274,信驊,上櫃,0.0,0.0,0.0,70832.0,41582953.0
5278,尚凡*,上櫃,0.0,0.0,0.0,-51000.0,300000000.0
5287,數字,上櫃,0.0,0.0,0.0,1000.0,60310050.0
5289,宜鼎,上櫃,0.0,0.0,0.0,-563742.0,98289931.0
5291,邑昇,上櫃,0.0,0.0,0.0,1000.0,41890606.0
5299,杰力,上櫃,0.0,0.0,0.0,-6000.0,50888981.0
5302,太欣,上櫃,0.0,0.0,0.0,9000.0,159888349.0
5309,系統電,上櫃,0.0,0.0,0.0,-1706080.0,230967451.0
5312,寶島科,上櫃,0.0,0.0,0.0,-6786.0,60059898.0
5314,世紀*,上櫃,0.0,0.0,0.0,-173005.0,292000000.0
5315,光聯,上櫃,0.0,0.0,0.0,-281662.0,106351832.0
5321,美而快,上櫃,0.0,0.0,0.0,5000.0,59543149.0
5328,華容,上櫃,0.0,0.0,0.0,-99000.0,172710724.0
5340,建榮,上櫃,0.0,0.0,0.0,-166736.0,194893964.0
5344,立衛,上櫃,0.0,0.0,0.0,11000.0,79447460.0
5347,世界,上櫃,0.0,0.0,0.0,2988582.0,1878502192.0
5351,鈺創,上櫃,0.0,0.0,0.0,-434440.0,328636781.0
5353,台林,上櫃,0.0,0.0,0.0,-3000.0,76500000.0
5355,佳總,上櫃,0.0,0.0,0.0,-29000.0,77500000.0
5356,協益,上櫃,0.0,0.0,0.0,-2000.0,103040000.0
5364,力麗店,上櫃,0.0,0.0,0.0,-528.0,63849940.0
5371,中光電,上櫃,0.0,0.0,0.0,-2144530.0,0.0
5381,合正,上櫃,0.0,0.0,0.0,181000.0,207690562.0
5386,青雲,上櫃,0.0,0.0,0.0,-1.0,54121322.0
5392,能率,上櫃,0.0,0.0,0.0,-694954.0,180093388.0
5398,慕康生醫,上櫃,0.0,0.0,0.0,35000.0,49465460.0
5403,中菲,上櫃,0.0,0.0,0.0,12000.0,78120722.0
5410,國眾,上櫃,0.0,0.0,0.0,12942.0,93368623.0
5425,台半,上櫃,0.0,0.0,0.0,-578503.0,263485486.0
5426,振發,上櫃,0.0,0.0,0.0,20000.0,143800000.0
5432,新門,上櫃,0.0,0.0,0.0,5000.0,20687804.0
5438,東友,上櫃,0.0,0.0,0.0,11975.0,112536565.0
5439,高技,上櫃,0.0,0.0,0.0,-247659.0,92975752.0
5443,均豪,上櫃,0.0,0.0,0.0,155889.0,164746644.0
5450,南良,上櫃,0.0,0.0,0.0,-1000.0,122403239.0
5452,佶優,上櫃,0.0,0.0,0.0,269000.0,148763669.0
5455,昇益,上櫃,0.0,0.0,0.0,-1000.0,65501813.0
5457,宣德,上櫃,0.0,0.0,0.0,-64874.0,196237000.0
5460,同協,上櫃,0.0,0.0,0.0,-1000.0,58778130.0
5464,霖宏,上櫃,0.0,0.0,0.0,-1000.0,71071490.0
5465,富驊,上櫃,0.0,0.0,0.0,-3896.0,147682629.0
5468,凱鈺,上櫃,0.0,0.0,0.0,-109000.0,58922909.0
5474,聰泰,上櫃,0.0,0.0,0.0,-37542.0,39756944.0
5475,德宏,上櫃,0.0,0.0,0.0,-147000.0,127127017.0
5478,智冠,上櫃,0.0,0.0,0.0,-140604.0,156074332.0
5481,新華,上櫃,0.0,0.0,0.0,21000.0,71402891.0
5483,中美晶,上櫃,0.0,0.0,0.0,1222169.0,641221651.0
5487,通泰,上櫃,0.0,0.0,0.0,-1000.0,24222516.0
5488,松普,上櫃,0.0,0.0,0.0,-1000.0,91586124.0
5489,彩富,上櫃,0.0,0.0,0.0,-3000.0,102706441.0
5490,同亨,上櫃,0.0,0.0,0.0,83869.0,96152201.0
5493,三聯,上櫃,0.0,0.0,0.0,158118.0,43689255.0
5498,凱崴,上櫃,0.0,0.0,0.0,-3894324.0,193548545.0
5508,永信建,上櫃,0.0,0.0,0.0,-816788.0,217428133.0
5511,德昌,上櫃,0.0,0.0,0.0,4000.0,136000000.0
5512,力麒,上櫃,0.0,0.0,0.0,-156000.0,766312494.0
5514,三豐,上櫃,0.0,0.0,0.0,-1000.0,236118280.0
5516,雙喜,上櫃,0.0,0.0,0.0,1000.0,51545223.0
5523,豐謙,上櫃,0.0,0.0,0.0,-1000.0,155001464.0
5529,鉅陞,上櫃,0.0,0.0,0.0,-7000.0,105769350.0
5530,龍巖,上櫃,0.0,0.0,0.0,-27000.0,420084199.0
5536,聖暉*,上櫃,0.0,0.0,0.0,-32240.0,124080930.0
5543,桓鼎-KY,上櫃,0.0,0.0,0.0,-1000.0,46703593.0
5548,安倉,上櫃,0.0,0.0,0.0,-4000.0,63723065.0
5603,陸海,上櫃,0.0,0.0,0.0,-19700.0,104876607.0
5604,中連,上櫃,0.0,0.0,0.0,1000.0,108782968.0
5609,中菲行,上櫃,0.0,0.0,0.0,-5000.0,142884000.0
5703,亞都,上櫃,0.0,0.0,0.0,-1000.0,70239594.0
5704,老爺知,上櫃,0.0,0.0,0.0,3000.0,58861658.0
5864,致和證,上櫃,0.0,0.0,0.0,-51000.0,504490084.0
5903,全家,上櫃,0.0,0.0,0.0,10876.0,223220000.0
5904,寶雅,上櫃,0.0,0.0,0.0,71000.0,1064438260.0
5905,南仁湖,上櫃,0.0,0.0,0.0,47160.0,281623235.0
6015,宏遠證,上櫃,0.0,0.0,0.0,14000.0,403614082.0
6016,康和證,上櫃,0.0,0.0,0.0,-11000.0,772419946.0
6020,大展證,上櫃,0.0,0.0,0.0,1000.0,252353154.0
6021,美好證,上櫃,0.0,0.0,0.0,-2000.0,312005974.0
6023,元大期,上櫃,0.0,0.0,0.0,-6000.0,447972732.0
6026,福邦證,上櫃,0.0,0.0,0.0,-19000.0,396161841.0
6101,寬魚國際,上櫃,0.0,0.0,0.0,11000.0,116601850.0
6104,創惟,上櫃,0.0,0.0,0.0,247434.0,91127107.0
6109,亞元,上櫃,0.0,0.0,0.0,651.0,87825414.0
6111,大宇資,上櫃,0.0,0.0,0.0,26927.0,108511051.0
6113,亞矽,上櫃,0.0,0.0,0.0,-22000.0,52549455.0
6114,久威,上櫃,0.0,0.0,0.0,2000.0,43911937.0
6118,建達,上櫃,0.0,0.0,0.0,50976.0,90889573.0
6121,新普,上櫃,0.0,0.0,0.0,-107325.0,184970519.0
6122,擎邦,上櫃,0.0,0.0,0.0,91121.0,78091632.0
6123,上奇,上櫃,0.0,0.0,0.0,5497.0,62089430.0
6124,業強,上櫃,0.0,0.0,0.0,-2000.0,182479945.0
6125,廣運,上櫃,0.0,0.0,0.0,59055.0,259011150.0
6126,信音,上櫃,0.0,0.0,0.0,84000.0,130050754.0
6127,九豪,上櫃,0.0,0.0,0.0,-402867.0,108079751.0
6129,普誠,上櫃,0.0,0.0,0.0,80824.0,160574120.0
6130,上亞科技,上櫃,0.0,0.0,0.0,-35000.0,49300000.0
6134,萬旭,上櫃,0.0,0.0,0.0,552166.0,81882117.0
6138,茂達,上櫃,0.0,0.0,0.0,-58886.0,75633500.0
6140,訊達,上櫃,0.0,0.0,0.0,-19864.0,54897760.0
6143,振曜,上櫃,0.0,0.0,0.0,24742.0,86058897.0
6146,耕興,上櫃,0.0,0.0,0.0,-40110.0,101867199.0
6147,頎邦,上櫃,0.0,0.0,0.0,-14235.0,744577539.0
6148,驊宏資,上櫃,0.0,0.0,0.0,-57148.0,46603757.0
6150,撼訊,上櫃,0.0,0.0,0.0,-7565.0,48345985.0
6151,晉倫,上櫃,0.0,0.0,0.0,-40000.0,55257300.0
6154,順發,上櫃,0.0,0.0,0.0,-1000.0,80080000.0
6156,松上,上櫃,0.0,0.0,0.0,-113000.0,107875010.0
6158,禾昌,上櫃,0.0,0.0,0.0,-5000.0,55028788.0
6160,欣技,上櫃,0.0,0.0,0.0,29855.0,68489120.0
6161,捷波,上櫃,0.0,0.0,0.0,-27024.0,56237477.0
6163,華電網,上櫃,0.0,0.0,0.0,-1340716.0,148838747.0
6167,久正,上櫃,0.0,0.0,0.0,-12000.0,143080000.0
6169,昱泉,上櫃,0.0,0.0,0.0,-1000.0,23394960.0
6170,統振,上櫃,0.0,0.0,0.0,1000.0,97260038.0
6171,大城地產,上櫃,0.0,0.0,0.0,-2000.0,100000000.0
6173,信昌電,上櫃,0.0,0.0,0.0,128247.0,160928000.0
6174,安碁,上櫃,0.0,0.0,0.0,6000.0,50000000.0
6175,立敦,上櫃,0.0,0.0,0.0,-982997.0,150121812.0
6179,亞通,上櫃,0.0,0.0,0.0,-30991.0,177324650.0
6180,橘子,上櫃,0.0,0.0,0.0,37663.0,175493573.0
6182,合晶,上櫃,0.0,0.0,0.0,572426.0,625305662.0
6185,幃翔,上櫃,0.0,0.0,0.0,110000.0,149867531.0
6186,新潤,上櫃,0.0,0.0,0.0,119203.0,194907598.0
6187,萬潤,上櫃,0.0,0.0,0.0,120777.0,98262739.0
6188,廣明,上櫃,0.0,0.0,0.0,55587.0,278358910.0
6190,萬泰科,上櫃,0.0,0.0,0.0,278878.0,186522441.0
6194,育富,上櫃,0.0,0.0,0.0,-27000.0,48000000.0
6195,詩肯,上櫃,0.0,0.0,0.0,1000.0,50192942.0
6199,天品,上櫃,0.0,0.0,0.0,60532.0,61760018.0
6203,海韻電,上櫃,0.0,0.0,0.0,-77636.0,82401370.0
6204,艾華,上櫃,0.0,0.0,0.0,97995.0,23102080.0
6207,雷科,上櫃,0.0,0.0,0.0,-36501.0,93066484.0
6208,日揚,上櫃,0.0,0.0,0.0,-2000.0,94462343.0
6210,慶生,上櫃,0.0,0.0,0.0,16000.0,35048000.0
6212,理銘,上櫃,0.0,0.0,0.0,1000.0,102000000.0
6217,中探針,上櫃,0.0,0.0,0.0,-30732.0,117210018.0
6218,豪勉,上櫃,0.0,0.0,0.0,22278.0,64262000.0
6219,富旺,上櫃,0.0,0.0,0.0,45901.0,124967090.0
6220,岳豐,上櫃,0.0,0.0,0.0,178000.0,146462640.0
6221,晉泰,上櫃,0.0,0.0,0.0,-5000.0,168601206.0
6223,旺矽,上櫃,0.0,0.0,0.0,-42274.0,97981309.0
6227,茂綸,上櫃,0.0,0.0,0.0,5243.0,76111786.0
6228,全譜,上櫃,0.0,0.0,0.0,4446.0,29000000.0
6229,研通,上櫃,0.0,0.0,0.0,6981.0,40360700.0
6231,系微,上櫃,0.0,0.0,0.0,-38784.0,45652186.0
6233,旺玖,上櫃,0.0,0.0,0.0,74000.0,80971896.0
6234,高僑,上櫃,0.0,0.0,0.0,-429650.0,100386398.0
6237,驊訊,上櫃,0.0,0.0,0.0,47288.0,79645371.0
6242,立康,上櫃,0.0,0.0,0.0,1000.0,31806500.0
6244,茂迪,上櫃,0.0,0.0,0.0,3470298.0,387041875.0
6245,立端,上櫃,0.0,0.0,0.0,53937.0,146608303.0
6246,臺龍,上櫃,0.0,0.0,0.0,-4.0,37851415.0
6248,沛波,上櫃,0.0,0.0,0.0,22766.0,99956149.0
6259,百徽,上櫃,0.0,0.0,0.0,-3000.0,28056146.0
6261,久元,上櫃,0.0,0.0,0.0,18000.0,128497989.0
6263,普萊德,上櫃,0.0,0.0,0.0,5000.0,62500964.0
6265,方土昶,上櫃,0.0,0.0,0.0,-247000.0,118172151.0
6266,泰詠,上櫃,0.0,0.0,0.0,-7960.0,153871641.0
6270,倍微,上櫃,0.0,0.0,0.0,4000.0,72145759.0
6274,台燿,上櫃,0.0,0.0,0.0,2034155.0,299460093.0
6275,元山,上櫃,0.0,0.0,0.0,-280619.0,80344567.0
6276,安鈦克,上櫃,0.0,0.0,0.0,-2000.0,22043000.0
6279,胡連,上櫃,0.0,0.0,0.0,-53680.0,119015736.0
6284,佳邦,上櫃,0.0,0.0,0.0,-47915.0,148980341.0
6290,良維,上櫃,0.0,0.0,0.0,-903073.0,169652410.0
6291,沛亨,上櫃,0.0,0.0,0.0,-202571.0,42000000.0
6292,迅德,上櫃,0.0,0.0,0.0,-5000.0,46600712.0
6294,智基,上櫃,0.0,0.0,0.0,-1259.0,26047106.0
6411,晶焱,上櫃,0.0,0.0,0.0,-26103.0,99508031.0
6417,韋僑,上櫃,0.0,0.0,0.0,-2000.0,42274000.0
6418,詠昇,上櫃,0.0,0.0,0.0,15830.0,34522000.0
6419,京晨科,上櫃,0.0,0.0,0.0,-37968.0,13159170.0
6425,易發,上櫃,0.0,0.0,0.0,42027.0,51382317.0
6432,今展科,上櫃,0.0,0.0,0.0,44000.0,38784067.0
6435,大中,上櫃,0.0,0.0,0.0,-117250.0,37461300.0
6441,廣錠,上櫃,0.0,0.0,0.0,1000.0,53318429.0
6461,益得,上櫃,0.0,0.0,0.0,2000.0,110324527.0
6462,神盾,上櫃,0.0,0.0,0.0,-583622.0,91250754.0
6465,威潤,上櫃,0.0,0.0,0.0,-2000.0,59073685.0
6469,大樹,上櫃,0.0,0.0,0.0,-18057.0,159085152.0
6470,宇智,上櫃,0.0,0.0,0.0,-9015.0,37694100.0
6474,華豫寧,上櫃,0.0,0.0,0.0,-4000.0,52526199.0
6485,點序,上櫃,0.0,0.0,0.0,-140042.0,47366493.0
6486,互動,上櫃,0.0,0.0,0.0,-32000.0,50893286.0
6488,環球晶,上櫃,0.0,0.0,0.0,132629.0,478113725.0
6492,生華科,上櫃,0.0,0.0,0.0,61617.0,114903620.0
6494,九齊,上櫃,0.0,0.0,0.0,-2000.0,31559690.0
6498,久禾光,上櫃,0.0,0.0,0.0,-1000.0,47475892.0
6499,益安,上櫃,0.0,0.0,0.0,207095.0,96944893.0
6506,雙邦,上櫃,0.0,0.0,0.0,5000.0,82360826.0
6508,惠光,上櫃,0.0,0.0,0.0,12000.0,86538864.0
6509,聚和,上櫃,0.0,0.0,0.0,-47000.0,197080553.0
6510,精測,上櫃,0.0,0.0,0.0,-24245.0,32929138.0
6516,勤崴國際,上櫃,0.0,0.0,0.0,-15000.0,56336935.0
6517,保勝光學,上櫃,0.0,0.0,0.0,15891.0,30579053.0
6523,達爾膚,上櫃,0.0,0.0,0.0,-2000.0,45047625.0
6530,創威,上櫃,0.0,0.0,0.0,-74394.0,33750000.0
6532,瑞耘,上櫃,0.0,0.0,0.0,23000.0,37445147.0
6535,順藥,上櫃,0.0,0.0,0.0,-22063.0,167840825.0
6538,倉和,上櫃,0.0,0.0,0.0,-13678.0,37270493.0
6546,正基,上櫃,0.0,0.0,0.0,-24191.0,66848449.0
6547,高端疫苗,上櫃,0.0,0.0,0.0,-176696.0,328943644.0
6548,長科*,上櫃,0.0,0.0,0.0,360502.0,950464700.0
6560,欣普羅,上櫃,0.0,0.0,0.0,1921.0,33474715.0
6561,是方,上櫃,0.0,0.0,0.0,4000.0,77958370.0
6568,宏觀,上櫃,0.0,0.0,0.0,-35182.0,30796200.0
6569,醫揚,上櫃,0.0,0.0,0.0,-1000.0,42820745.0
6570,維田,上櫃,0.0,0.0,0.0,-2000.0,37119170.0
6576,逸達,上櫃,0.0,0.0,0.0,-8000.0,157540541.0
6577,勁豐,上櫃,0.0,0.0,0.0,-3000.0,60060145.0
6578,達邦蛋白,上櫃,0.0,0.0,0.0,-15000.0,71941901.0
6584,南俊國際,上櫃,0.0,0.0,0.0,81127.0,71379810.0
6588,東典光電,上櫃,0.0,0.0,0.0,-231969.0,34700825.0
6593,台灣銘板,上櫃,0.0,0.0,0.0,2570.0,31856609.0
6596,寬宏藝術,上櫃,0.0,0.0,0.0,-69316.0,38000000.0
6603,富強鑫,上櫃,0.0,0.0,0.0,877021.0,167442946.0
6609,瀧澤科,上櫃,0.0,0.0,0.0,10074.0,72456246.0
6612,奈米醫材,上櫃,0.0,0.0,0.0,23777.0,52266043.0
6613,朋億*,上櫃,0.0,0.0,0.0,36037.0,77801485.0
6616,特昇-KY,上櫃,0.0,0.0,0.0,-1000.0,35428473.0
6617,共信-KY,上櫃,0.0,0.0,0.0,67000.0,127506100.0
6624,萬年清,上櫃,0.0,0.0,0.0,32000.0,22579482.0
6629,泰金-KY,上櫃,0.0,0.0,0.0,-12209.0,38379563.0
6637,醫影,上櫃,0.0,0.0,0.0,-1000.0,26810000.0
6640,均華,上櫃,0.0,0.0,0.0,-4868.0,28911500.0
6642,富致,上櫃,0.0,0.0,0.0,-1000.0,37399662.0
6643,M31,上櫃,0.0,0.0,0.0,-71593.0,42620160.0
6649,台生材,上櫃,0.0,0.0,0.0,-9201.0,42000000.0
6651,全宇昕,上櫃,0.0,0.0,0.0,-26945.0,34601541.0
6664,群翊,上櫃,0.0,0.0,0.0,55940.0,61151307.0
6667,信紘科,上櫃,0.0,0.0,0.0,170350.0,49278878.0
6679,鈺太,上櫃,0.0,0.0,0.0,-9855.0,54975335.0
6680,鑫創電子,上櫃,0.0,0.0,0.0,3.0,25071427.0
6683,雍智科技,上櫃,0.0,0.0,0.0,-114788.0,27552661.0
6684,安格,上櫃,0.0,0.0,0.0,-94000.0,44559496.0
6690,安碁資訊,上櫃,0.0,0.0,0.0,0.0,29999720.0
6692,進能服,上櫃,0.0,0.0,0.0,1000.0,58843890.0
6693,廣閎科,上櫃,0.0,0.0,0.0,6000.0,45720000.0
6697,東捷資訊,上櫃,0.0,0.0,0.0,-1000.0,27323364.0
6703,軒郁,上櫃,0.0,0.0,0.0,-179.0,36257210.0
6712,長聖,上櫃,0.0,0.0,0.0,22401.0,100488861.0
6716,應廣,上櫃,0.0,0.0,0.0,-8000.0,30241814.0
6720,久昌,上櫃,0.0,0.0,0.0,-15000.0,30225741.0
6727,亞泰金屬,上櫃,0.0,0.0,0.0,-5000.0,26884177.0
6732,昇佳電子,上櫃,0.0,0.0,0.0,9888.0,48912618.0
6733,博晟生醫,上櫃,0.0,0.0,0.0,27911.0,134316026.0
6735,美達科技,上櫃,0.0,0.0,0.0,-20000.0,46182292.0
6739,竹陞科技,上櫃,0.0,0.0,0.0,-64770.0,23392500.0
6741,91APP*-KY,上櫃,0.0,0.0,0.0,24827.0,120577997.0
6751,智聯服務,上櫃,0.0,0.0,0.0,9000.0,22200000.0
6752,叡揚,上櫃,0.0,0.0,0.0,-958.0,38258471.0
6761,穩得,上櫃,0.0,0.0,0.0,-125112.0,34955867.0
6763,綠界科技*,上櫃,0.0,0.0,0.0,-16992.0,184039130.0
6767,台微醫,上櫃,0.0,0.0,0.0,-1000.0,39183630.0
6785,昱展新藥,上櫃,0.0,0.0,0.0,16718.0,66800000.0
6788,華景電,上櫃,0.0,0.0,0.0,-20364.0,38739683.0
6791,虎門科技,上櫃,0.0,0.0,0.0,-4656.0,20847000.0
6803,崑鼎,上櫃,0.0,0.0,0.0,-19000.0,72794385.0
6804,明係,上櫃,0.0,0.0,0.0,7000.0,47500000.0
6811,宏碁資訊,上櫃,0.0,0.0,0.0,-18197.0,41449000.0
6821,聯寶,上櫃,0.0,0.0,0.0,-5000.0,35913193.0
6823,濾能,上櫃,0.0,0.0,0.0,107000.0,33233920.0
6829,千附精密,上櫃,0.0,0.0,0.0,-8023.0,59169000.0
6840,東研信超,上櫃,0.0,0.0,0.0,-4000.0,30767284.0
6841,長佳智能,上櫃,0.0,0.0,0.0,12925.0,95223000.0
6859,伯特光,上櫃,0.0,0.0,0.0,-23035.0,41588600.0
6865,偉康科技,上櫃,0.0,0.0,0.0,0.0,15840645.0
6870,騰雲,上櫃,0.0,0.0,0.0,99000.0,28317550.0
6875,國邑*,上櫃,0.0,0.0,0.0,10000.0,129182804.0
6877,鏵友益,上櫃,0.0,0.0,0.0,48225.0,47167122.0
6895,宏碩系統,上櫃,0.0,0.0,0.0,23700.0,34100000.0
6903,巨漢,上櫃,0.0,0.0,0.0,-11032.0,66676000.0
6910,德鴻,上櫃,0.0,0.0,0.0,-50000.0,30521000.0
6913,鴻呈,上櫃,0.0,0.0,0.0,2900.0,43848863.0
6922,宸曜,上櫃,0.0,0.0,0.0,3162.0,27155385.0
6925,意藍,上櫃,0.0,0.0,0.0,42555.0,20000300.0
6929,佑全,上櫃,0.0,0.0,0.0,2000.0,45090000.0
6953,家碩,上櫃,0.0,0.0,0.0,-9000.0,30014600.0
6967,汎瑋材料,上櫃,0.0,0.0,0.0,-33000.0,30404477.0
6968,萬達寵物,上櫃,0.0,0.0,0.0,4000.0,50436279.0
6982,大井泵浦,上櫃,0.0,0.0,0.0,1000.0,40752381.0
6996,力領科技,上櫃,0.0,0.0,0.0,1000.0,42090333.0
7402,邑錡,上櫃,0.0,0.0,0.0,432827.0,35280646.0
7547,碩網,上櫃,0.0,0.0,0.0,2000.0,33963000.0
7642,昶瑞機電,上櫃,0.0,0.0,0.0,12722.0,30194258.0
7703,銳澤,上櫃,0.0,0.0,0.0,-37974.0,34745000.0
7704,明遠精密,上櫃,0.0,0.0,0.0,0.0,33769804.0
7712,博盛半導體,上櫃,0.0,0.0,0.0,-53000.0,32561873.0
7713,威力德生醫,上櫃,0.0,0.0,0.0,3000.0,45478843.0
7714,創泓科技,上櫃,0.0,0.0,0.0,111000.0,21000000.0
7715,裕山,上櫃,0.0,0.0,0.0,0.0,32756500.0
7717,萊德光電-KY,上櫃,0.0,0.0,0.0,18003.0,24831518.0
7723,築間,上櫃,0.0,0.0,0.0,38000.0,49619550.0
7728,光焱科技,上櫃,0.0,0.0,0.0,-4000.0,13992621.0
7734,印能科技,上櫃,0.0,0.0,0.0,2528.0,28000000.0
7738,東聯互動,上櫃,0.0,0.0,0.0,-5000.0,27355799.0
7743,金利食安,上櫃,0.0,0.0,0.0,1000.0,36483338.0
7744,崴寶,上櫃,0.0,0.0,0.0,21000.0,32076710.0
7747,昕奇雲端,上櫃,0.0,0.0,0.0,-3000.0,30168600.0
7751,竑騰,上櫃,0.0,0.0,0.0,-10500.0,26888600.0
7757,金色三麥,上櫃,0.0,0.0,0.0,4000.0,24100000.0
7767,仁大資訊,上櫃,0.0,0.0,0.0,-380.0,30100000.0
7777,能率亞洲,上櫃,0.0,0.0,0.0,129200.0,186606250.0
7805,威聯通,上櫃,0.0,0.0,0.0,2000.0,39750122.0
7810,捷創科技,上櫃,0.0,0.0,0.0,24000.0,20250000.0
8027,鈦昇,上櫃,0.0,0.0,0.0,76649.0,109750596.0
8032,光菱,上櫃,0.0,0.0,0.0,8838.0,51810300.0
8034,榮群,上櫃,0.0,0.0,0.0,736701.0,56586353.0
8038,長園科,上櫃,0.0,0.0,0.0,174000.0,62278190.0
8040,九暘,上櫃,0.0,0.0,0.0,-11608.0,96413874.0
8042,金山電,上櫃,0.0,0.0,0.0,-738316.0,131479954.0
8043,蜜望實,上櫃,0.0,0.0,0.0,-688953.0,79907170.0
8044,網家,上櫃,0.0,0.0,0.0,4000.0,204768065.0
8047,星雲,上櫃,0.0,0.0,0.0,-10000.0,34613011.0
8048,德勝,上櫃,0.0,0.0,0.0,-25606.0,59436924.0
8049,晶采,上櫃,0.0,0.0,0.0,0.0,118279808.0
8050,廣積,上櫃,0.0,0.0,0.0,-51088.0,205204891.0
8054,安國,上櫃,0.0,0.0,0.0,-2363021.0,108732566.0
8059,凱碩,上櫃,0.0,0.0,0.0,-71020.0,116466300.0
8064,東捷,上櫃,0.0,0.0,0.0,-510412.0,184817836.0
8066,來思達,上櫃,0.0,0.0,0.0,-1.0,36642304.0
8068,全達,上櫃,0.0,0.0,0.0,9000.0,80765949.0
8069,元太,上櫃,0.0,0.0,0.0,-320874.0,1154678380.0
8071,能率網通,上櫃,0.0,0.0,0.0,30000.0,60084283.0
8074,鉅橡,上櫃,0.0,0.0,0.0,-1054089.0,86974466.0
8076,伍豐,上櫃,0.0,0.0,0.0,163129.0,292213592.0
8080,泰霖,上櫃,0.0,0.0,0.0,-1.0,67163821.0
8083,瑞穎,上櫃,0.0,0.0,0.0,16002.0,35133193.0
8084,巨虹,上櫃,0.0,0.0,0.0,-28000.0,69514149.0
8085,福華,上櫃,0.0,0.0,0.0,-14016.0,139983060.0
8086,宏捷科,上櫃,0.0,0.0,0.0,871357.0,196516123.0
8087,麗升能源,上櫃,0.0,0.0,0.0,0.0,38646042.0
8088,品安,上櫃,0.0,0.0,0.0,-309373.0,60921749.0
8089,康全電訊,上櫃,0.0,0.0,0.0,43949.0,65998718.0
8091,翔名,上櫃,0.0,0.0,0.0,-3352.0,56943651.0
8092,建暐,上櫃,0.0,0.0,0.0,-1000.0,57172325.0
8096,擎亞,上櫃,0.0,0.0,0.0,-627717.0,149343066.0
8097,常珵,上櫃,0.0,0.0,0.0,-6000.0,60302468.0
8099,大世科,上櫃,0.0,0.0,0.0,-37585.0,100072800.0
8107,大億金茂,上櫃,0.0,0.0,0.0,3991.0,75000000.0
8109,博大,上櫃,0.0,0.0,0.0,62320.0,82161236.0
8111,立碁,上櫃,0.0,0.0,0.0,303490.0,109102223.0
8121,越峰,上櫃,0.0,0.0,0.0,33116.0,212993743.0
8147,正淩,上櫃,0.0,0.0,0.0,17106.0,41817166.0
8155,博智,上櫃,0.0,0.0,0.0,764389.0,62367700.0
8171,天宇,上櫃,0.0,0.0,0.0,-5974.0,112853326.0
8176,智捷,上櫃,0.0,0.0,0.0,-754.0,59800000.0
8182,加高,上櫃,0.0,0.0,0.0,0.0,107041215.0
8183,精星,上櫃,0.0,0.0,0.0,95767.0,0.0
8227,巨有科技,上櫃,0.0,0.0,0.0,-98991.0,39543000.0
8234,新漢,上櫃,0.0,0.0,0.0,-287305.0,141226472.0
8240,華宏,上櫃,0.0,0.0,0.0,3611.0,100004414.0
8255,朋程,上櫃,0.0,0.0,0.0,9558.0,101961041.0
8277,商丞,上櫃,0.0,0.0,0.0,-19553.0,39500000.0
8284,三竹,上櫃,0.0,0.0,0.0,-1000.0,47303000.0
8289,泰藝,上櫃,0.0,0.0,0.0,-3000.0,68333765.0
8299,群聯,上櫃,0.0,0.0,0.0,-2031306.0,221165247.0
8342,益張,上櫃,0.0,0.0,0.0,1000.0,33536692.0
8349,恒耀,上櫃,0.0,0.0,0.0,2001.0,208821391.0
8349A,恒耀甲特,上櫃,0.0,0.0,0.0,-10000.0,0.0
8354,冠好,上櫃,0.0,0.0,0.0,-4000.0,78532263.0
8358,金居,上櫃,0.0,0.0,0.0,185570.0,252588000.0
8383,千附,上櫃,0.0,0.0,0.0,8740.0,113760482.0
8390,金益鼎,上櫃,0.0,0.0,0.0,-628162.0,96116128.0
8401,白紗科,上櫃,0.0,0.0,0.0,1000.0,70669058.0
8403,盛弘,上櫃,0.0,0.0,0.0,-29000.0,137640343.0
8409,商之器,上櫃,0.0,0.0,0.0,-3.0,32000000.0
8410,森田,上櫃,0.0,0.0,0.0,-6000.0,36589200.0
8415,大國鋼,上櫃,0.0,0.0,0.0,-255000.0,1031500000.0
8421,旭源,上櫃,0.0,0.0,0.0,-15000.0,54817140.0
8423,保綠-KY,上櫃,0.0,0.0,0.0,-1000.0,41714030.0
8424,惠普,上櫃,0.0,0.0,0.0,2000.0,36054368.0
8426,紅木-KY,上櫃,0.0,0.0,0.0,3000.0,50242500.0
8431,匯鑽科,上櫃,0.0,0.0,0.0,1125314.0,48778331.0
8432,東生華,上櫃,0.0,0.0,0.0,1000.0,38398140.0
8433,弘帆,上櫃,0.0,0.0,0.0,-3000.0,54506098.0
8436,大江,上櫃,0.0,0.0,0.0,-20196.0,117728830.0
8437,大地-KY,上櫃,0.0,0.0,0.0,2000.0,47014070.0
8440,綠電,上櫃,0.0,0.0,0.0,8119.0,50255299.0
8444,綠河-KY,上櫃,0.0,0.0,0.0,8000.0,125104845.0
8446,華研,上櫃,0.0,0.0,0.0,6033.0,52914405.0
8450,霹靂,上櫃,0.0,0.0,0.0,1000.0,51309947.0
8472,夠麻吉,上櫃,0.0,0.0,0.0,3000.0,17735800.0
8489,三貝德,上櫃,0.0,0.0,0.0,-38000.0,59948960.0
8906,花王,上櫃,0.0,0.0,0.0,20000.0,44037370.0
8908,欣雄,上櫃,0.0,0.0,0.0,-12000.0,315332742.0
8916,光隆,上櫃,0.0,0.0,0.0,-9000.0,148591646.0
8917,欣泰,上櫃,0.0,0.0,0.0,-3000.0,162652459.0
8924,大田,上櫃,0.0,0.0,0.0,9000.0,83800000.0
8927,北基,上櫃,0.0,0.0,0.0,-36370.0,419068367.0
8930,青鋼,上櫃,0.0,0.0,0.0,-18081.0,81809406.0
8931,大汽電,上櫃,0.0,0.0,0.0,0.0,122254862.0
8932,智通*,上櫃,0.0,0.0,0.0,118875.0,426013152.0
8933,愛地雅,上櫃,0.0,0.0,0.0,-2021.0,326724305.0
8935,邦泰,上櫃,0.0,0.0,0.0,-16170.0,113495000.0
8936,國統,上櫃,0.0,0.0,0.0,-142134.0,248078157.0
8937,合騏,上櫃,0.0,0.0,0.0,-17000.0,441680272.0
8938,明安,上櫃,0.0,0.0,0.0,7000.0,156986490.0
8942,森鉅,上櫃,0.0,0.0,0.0,227000.0,198842255.0
9949,琉園,上櫃,0.0,0.0,0.0,1572.0,44860763.0
9951,皇田,上櫃,0.0,0.0,0.0,-6001.0,73300000.0
9962,有益,上櫃,0.0,0.0,0.0,-1000.0,90220260.0
