code,name,market,外資,投信,自營,三大法人,shares
00919,群益台灣精選高息,上市,52551434.0,0.0,34686059.0,87237493.0,18697135000.0
2887,台新新光金,上市,-67900397.0,107766824.0,632358.0,40498785.0,24866399230.0
00878,國泰永續高股息,上市,13812738.0,0.0,21732978.0,35545716.0,21258790000.0
6770,力積電,上市,26352541.0,3165000.0,4685182.0,34202723.0,4188064801.0
2303,聯電,上市,31770530.0,-10028430.0,-73995.0,21668105.0,12555278344.0
00900,富邦特選高股息30,上市,1071000.0,0.0,19490345.0,20561345.0,2678525000.0
2883,凱基金,上市,12294003.0,5724178.0,135676.0,18153857.0,16975033203.0
00939,統一台灣高息動能,上市,1927700.0,0.0,13928298.0,15855998.0,2075476000.0
0050,元大台灣50,上市,-7722385.0,2000000.0,20650307.0,14927922.0,15591500000.0
2867,三商壽,上市,14650000.0,0.0,-20000.0,14630000.0,5899501044.0
2801,彰銀,上市,10913664.0,248000.0,395980.0,11557644.0,11766046253.0
2884,玉山金,上市,-79880068.0,90730742.0,516935.0,11367609.0,16174000000.0
1216,統一,上市,-13858995.0,24634878.0,50585.0,10826468.0,5682015421.0
00665L,富邦恒生國企正2,上市,2237000.0,0.0,7489430.0,9726430.0,531965000.0
2834,臺企銀,上市,8860113.0,278000.0,105467.0,9243580.0,9718061849.0
2618,長榮航,上市,8823906.0,-1275000.0,1436625.0,8985531.0,5400444335.0
4927,泰鼎-KY,上市,8719410.0,0.0,17478.0,8736888.0,264937988.0
2890,永豐金,上市,6322541.0,1882259.0,431210.0,8636010.0,14502322275.0
5880,合庫金,上市,8856051.0,-490585.0,227621.0,8593087.0,15680936914.0
2880,華南金,上市,-1172840.0,9410474.0,327483.0,8565117.0,13916965089.0
8131,福懋科,上市,8350000.0,0.0,80754.0,8430754.0,442222223.0
2610,華航,上市,8150883.0,-534000.0,642543.0,8259426.0,6083923559.0
5871,中租-KY,上市,38537167.0,-30233442.0,-46860.0,8256865.0,1711421161.0
00929,復華台灣科技優息,上市,3760254.0,0.0,4437926.0,8198180.0,7385139000.0
00940,元大台灣價值高息,上市,1862000.0,0.0,6307311.0,8169311.0,10929865000.0
2812,台中銀,上市,8141513.0,-4000.0,-324000.0,7813513.0,6021625921.0
3715,定穎投控,上市,6327382.0,441000.0,213336.0,6981718.0,277674584.0
00753L,中信中國50正2,上市,3238000.0,0.0,3540886.0,6778886.0,764157000.0
00637L,元大滬深300正2,上市,4936000.0,0.0,1790772.0,6726772.0,1121606000.0
1727,中華化,上市,6475980.0,0.0,15482.0,6491462.0,125365479.0
1101,台泥,上市,10179880.0,-4571240.0,676333.0,6284973.0,7551181742.0
00982A,主動群益台灣強棒,上市,4834645.0,0.0,1291550.0,6126195.0,2026936000.0
2609,陽明,上市,40661311.0,-34619272.0,-24230.0,6017809.0,3492104270.0
00680L,元大美債20正2,上市,0.0,0.0,5961363.0,5961363.0,3124576000.0
00712,復華富時不動產,上市,3114000.0,0.0,2470807.0,5584807.0,4743511000.0
1314,中石化,上市,5000300.0,0.0,278250.0,5278550.0,3784850130.0
3231,緯創,上市,8887885.0,-4311073.0,141928.0,4718740.0,3180412250.0
00915,凱基優選高股息30,上市,-117456.0,0.0,4770307.0,4652851.0,1055983000.0
00650L,復華香港正2,上市,493000.0,0.0,3771877.0,4264877.0,156838000.0
4763,材料*-KY,上市,1522535.0,2647000.0,-9615.0,4159920.0,989146670.0
2603,長榮,上市,77010.0,3884060.0,27754.0,3988824.0,2165042996.0
1717,長興,上市,3795968.0,28000.0,109761.0,3933729.0,1172245483.0
9945,潤泰新,上市,3711668.0,53000.0,118916.0,3883584.0,2844225086.0
5876,上海商銀,上市,83048371.0,-79191798.0,-13235.0,3843338.0,4861603140.0
2312,金寶,上市,3581000.0,0.0,208574.0,3789574.0,1504839211.0
2882,國泰金,上市,24252198.0,-20587174.0,102046.0,3767070.0,14669210128.0
6209,今國光,上市,3868190.0,0.0,-112155.0,3756035.0,174429171.0
2881,富邦金,上市,11370479.0,-7915915.0,282998.0,3737562.0,14007364952.0
00924,復華S&P500成長,上市,586000.0,0.0,2896996.0,3482996.0,479103000.0
00713,元大台灣高息低波,上市,2228090.0,-50000.0,1233590.0,3411680.0,2614012000.0
2542,興富發,上市,4731819.0,-1605000.0,65744.0,3192563.0,2173083539.0
00885,富邦越南,上市,1142733.0,0.0,2005416.0,3148149.0,815738000.0
2301,光寶科,上市,5198681.0,-2512079.0,405757.0,3092359.0,2316775763.0
2002,中鋼,上市,11371330.0,-8140654.0,-146492.0,3084184.0,15734860997.0
3030,德律,上市,3786550.0,-1155000.0,433757.0,3065307.0,236216000.0
6005,群益證,上市,-317000.0,3310000.0,0.0,2993000.0,2170908097.0
6282,康舒,上市,2795000.0,0.0,185686.0,2980686.0,856029125.0
00945B,凱基美國非投等債,上市,3404000.0,0.0,-701432.0,2702568.0,939318000.0
2323,中環,上市,2526000.0,0.0,9000.0,2535000.0,1089348328.0
0056,元大高股息,上市,1182504.0,0.0,1342003.0,2524507.0,14138034000.0
1513,中興電,上市,2383624.0,17000.0,121139.0,2521763.0,503112515.0
3017,奇鋐,上市,2001314.0,389991.0,106323.0,2497628.0,388167157.0
1504,東元,上市,21028428.0,-18599000.0,13269.0,2442697.0,2376440684.0
2317,鴻海,上市,7818286.0,-7165755.0,1788586.0,2441117.0,13964222294.0
4722,國精化,上市,2221000.0,0.0,36045.0,2257045.0,101059159.0
00688L,國泰20年美債正2,上市,34000.0,0.0,2126020.0,2160020.0,1374615000.0
2201,裕隆,上市,1734780.0,144000.0,252648.0,2131428.0,1070001251.0
8422,可寧衛*,上市,-8712860.0,10828000.0,15826.0,2130966.0,1136796050.0
00663L,國泰臺灣加權正2,上市,243000.0,0.0,1882693.0,2125693.0,124163000.0
00922,國泰台灣領袖50,上市,934000.0,0.0,1124294.0,2058294.0,1837186000.0
1718,中纖,上市,2022000.0,0.0,9972.0,2031972.0,1685905745.0
2501,國建,上市,1848450.0,-5000.0,166000.0,2009450.0,1159561059.0
2845,遠東銀,上市,2128439.0,-176000.0,-16000.0,1936439.0,4865284731.0
00752,中信中國50,上市,483000.0,0.0,1429992.0,1912992.0,321216000.0
1605,華新,上市,2632460.0,-942000.0,215117.0,1905577.0,4431332948.0
00706L,期元大S&P日圓正2,上市,-1000.0,0.0,1894319.0,1893319.0,212270853.0
1229,聯華,上市,1894040.0,13000.0,-22118.0,1884922.0,1795960668.0
2891,中信金,上市,28834515.0,-26563537.0,-463743.0,1807235.0,19649766114.0
3036,文曄,上市,-2641155.0,4336000.0,64068.0,1758913.0,1265209751.0
2354,鴻準,上市,1595682.0,36000.0,83769.0,1715451.0,1414485192.0
1316,上曜,上市,1874136.0,-2000.0,-163888.0,1708248.0,367089019.0
00961,FT臺灣永續高息,上市,768000.0,0.0,874392.0,1642392.0,215511000.0
2371,大同,上市,10680801.0,-8847000.0,-191555.0,1642246.0,2150834851.0
1326,台化,上市,1345828.0,3000.0,272571.0,1621399.0,5861186291.0
2368,金像電,上市,579853.0,775001.0,181576.0,1536430.0,491839505.0
00918,大華優利高填息30,上市,3098600.0,0.0,-1625205.0,1473395.0,3757764000.0
0052,富邦科技,上市,5277045.0,199000.0,-4009150.0,1466895.0,1608000000.0
5469,瀚宇博,上市,1405233.0,0.0,58617.0,1463850.0,486166000.0
00965,元大航太防衛科技,上市,2074200.0,0.0,-614571.0,1459629.0,747492000.0
2614,東森,上市,1432000.0,-2000.0,3138.0,1433138.0,327264946.0
006208,富邦台50,上市,796467.0,0.0,627546.0,1424013.0,1920540000.0
009813,貝萊德標普卓越50,上市,113000.0,0.0,1309000.0,1422000.0,700824000.0
2646,星宇航空,上市,1400002.0,1000.0,-6000.0,1395002.0,3008735000.0
6505,台塑化,上市,1114854.0,152298.0,59854.0,1327006.0,9525959652.0
00700,富邦恒生國企,上市,515000.0,0.0,811241.0,1326241.0,53483000.0
1409,新纖,上市,1360800.0,0.0,-53198.0,1307602.0,1618409286.0
2836,高雄銀,上市,1310000.0,0.0,-10000.0,1300000.0,1839916985.0
2633,台灣高鐵,上市,157827.0,1137000.0,2956.0,1297783.0,5628293058.0
3711,日月光投控,上市,10655084.0,-9566199.0,157387.0,1246272.0,4422175232.0
00941,中信上游半導體,上市,241000.0,0.0,997399.0,1238399.0,545291000.0
2889,國票金,上市,1244000.0,0.0,-9000.0,1235000.0,3633563471.0
5522,遠雄,上市,1184476.0,105000.0,-90183.0,1199293.0,781596241.0
2838,聯邦銀,上市,1228000.0,-26000.0,-13060.0,1188940.0,4340551779.0
00936,台新永續高息中小,上市,-102300.0,0.0,1276095.0,1173795.0,609797000.0
00693U,期街口S&P黃豆,上市,-3000.0,0.0,1168593.0,1165593.0,91666000.0
00633L,富邦上証正2,上市,510000.0,0.0,638927.0,1148927.0,179458000.0
009802,富邦旗艦50,上市,184000.0,0.0,964521.0,1148521.0,624995000.0
00881,國泰台灣科技龍頭,上市,892000.0,233000.0,22555.0,1147555.0,2216403000.0
1711,永光,上市,1109000.0,0.0,7609.0,1116609.0,547752226.0
2498,宏達電,上市,1099081.0,23000.0,-10990.0,1111091.0,835198486.0
2615,萬海,上市,839371.0,205428.0,65372.0,1110171.0,2806146293.0
00985B,群益ESG投等債0-5,上市,-606000.0,0.0,1706091.0,1100091.0,479001000.0
2630,亞航,上市,1059200.0,0.0,5940.0,1065140.0,209438204.0
2104,國際中橡,上市,1048000.0,0.0,-2122.0,1045878.0,984733625.0
6196,帆宣,上市,1649000.0,-822000.0,216295.0,1043295.0,202204480.0
2328,廣宇,上市,1114000.0,0.0,-76680.0,1037320.0,518346282.0
2915,潤泰全,上市,1012000.0,-29000.0,24487.0,1007487.0,1104318772.0
2548,華固,上市,1200539.0,0.0,-196789.0,1003750.0,319718697.0
00930,永豐ESG低碳高息,上市,104000.0,0.0,871450.0,975450.0,275779000.0
2204,中華,上市,992355.0,-39000.0,16015.0,969370.0,553620342.0
9941,裕融,上市,273550.0,581000.0,43908.0,898458.0,575636346.0
2855,統一證,上市,892105.0,-15000.0,0.0,877105.0,1601414478.0
2345,智邦,上市,876084.0,17577.0,-36903.0,856758.0,561117897.0
8103,瀚荃,上市,803430.0,0.0,20000.0,823430.0,78436671.0
1514,亞力,上市,793846.0,0.0,29017.0,822863.0,273108473.0
8110,華東,上市,1004000.0,0.0,-192000.0,812000.0,517739876.0
2412,中華電,上市,947625.0,-190296.0,26424.0,783753.0,7757446545.0
4938,和碩,上市,38273356.0,-37506289.0,7984.0,775051.0,2682200103.0
1434,福懋,上市,798000.0,-21000.0,-4000.0,773000.0,1684664637.0
2331,精英,上市,726000.0,0.0,31148.0,757148.0,557402968.0
2363,矽統,上市,733000.0,0.0,9868.0,742868.0,514988161.0
9907,統一實,上市,-3917000.0,4645000.0,11000.0,739000.0,1579145342.0
8210,勤誠,上市,72249.0,581800.0,78922.0,732971.0,125302665.0
2208,台船,上市,721000.0,-5000.0,10000.0,726000.0,1274539449.0
1402,遠東新,上市,600794.0,61000.0,59799.0,721593.0,5352875227.0
4764,雙鍵,上市,641000.0,0.0,78496.0,719496.0,85542062.0
2324,仁寶,上市,6659156.0,-5805000.0,-141263.0,712893.0,4407146625.0
2436,偉詮電,上市,593000.0,0.0,67810.0,660810.0,201528074.0
2377,微星,上市,790563.0,-134000.0,-990.0,655573.0,844856199.0
2404,漢唐,上市,776025.0,-189000.0,62541.0,649566.0,190586698.0
2606,裕民,上市,-1294258.0,2157000.0,-224997.0,637745.0,845055712.0
2528,皇普,上市,636300.0,0.0,1000.0,637300.0,434026467.0
1503,士電,上市,520277.0,66000.0,48593.0,634870.0,520972223.0
3708,上緯投控,上市,547000.0,0.0,57902.0,604902.0,107275529.0
3703,欣陸,上市,474852.0,0.0,125000.0,599852.0,823215980.0
2637,慧洋-KY,上市,859000.0,-228000.0,-31514.0,599486.0,746409199.0
2441,超豐,上市,-993913.0,681000.0,892950.0,580037.0,568845921.0
6753,龍德造船,上市,276530.0,0.0,300450.0,576980.0,113137500.0
00938,凱基優選30,上市,-25000.0,0.0,601726.0,576726.0,92516000.0
00989A,主動摩根美國科技,上市,-162000.0,0.0,732876.0,570876.0,148617000.0
00731,復華富時高息低波,上市,32000.0,0.0,533835.0,565835.0,39600000.0
00639,富邦深100,上市,-183000.0,0.0,742665.0,559665.0,141403000.0
00905,FT臺灣Smart,上市,21000.0,0.0,538625.0,559625.0,383327000.0
6235,華孚,上市,544000.0,-1000.0,16600.0,559600.0,199906306.0
6177,達麗,上市,554323.0,0.0,2735.0,557058.0,471878411.0
3044,健鼎,上市,1310386.0,-793000.0,37635.0,555021.0,525605898.0
2457,飛宏,上市,525000.0,0.0,30000.0,555000.0,424772416.0
00636,國泰中國A50,上市,-17000.0,0.0,571011.0,554011.0,144325000.0
5292,華懋,上市,550000.0,0.0,0.0,550000.0,42108000.0
2449,京元電子,上市,1582507.0,-1041000.0,2367.0,543874.0,1222745065.0
2369,菱生,上市,675000.0,0.0,-135506.0,539494.0,380102344.0
1702,南僑,上市,536844.0,0.0,-1000.0,535844.0,294132962.0
2338,光罩,上市,525000.0,0.0,1934.0,526934.0,316849183.0
3605,宏致,上市,519000.0,0.0,1684.0,520684.0,162353086.0
00982D,主動富邦動態入息,上市,-3033000.0,0.0,3540000.0,507000.0,108229000.0
00944,野村趨勢動能高息,上市,0.0,0.0,496970.0,496970.0,107581000.0
00631L,元大台灣50正2,上市,93660.0,0.0,403135.0,496795.0,117584000.0
2645,長榮航太,上市,-2353000.0,2757000.0,89973.0,493973.0,374570962.0
4904,遠傳,上市,1323789.0,-837153.0,6000.0,492636.0,3605705357.0
3049,精金,上市,498000.0,0.0,-9176.0,488824.0,802010529.0
6213,聯茂,上市,374000.0,0.0,112660.0,486660.0,362957218.0
00646,元大S&P500,上市,50450.0,0.0,430124.0,480574.0,483485000.0
00926,凱基全球菁英55,上市,10000.0,0.0,468861.0,478861.0,86482000.0
1215,卜蜂,上市,-1342000.0,1807000.0,10441.0,475441.0,294790098.0
4958,臻鼎-KY,上市,7924476.0,-7338000.0,-114351.0,472125.0,956652509.0
1440,南紡,上市,474000.0,0.0,-8036.0,465964.0,1656815857.0
2476,鉅祥,上市,454000.0,0.0,7586.0,461586.0,210896003.0
1210,大成,上市,225408.0,229000.0,5000.0,459408.0,894767222.0
5515,建國,上市,357099.0,0.0,85000.0,442099.0,201600084.0
2489,瑞軒,上市,467000.0,0.0,-32455.0,434545.0,610000000.0
2539,櫻花建,上市,346000.0,11000.0,71000.0,428000.0,1193102581.0
00909,國泰數位支付服務,上市,1301109.0,0.0,-880411.0,420698.0,223204000.0
4919,新唐,上市,421000.0,0.0,-344.0,420656.0,419765268.0
3090,日電貿,上市,429652.0,-1000.0,-8990.0,419662.0,287567150.0
2468,華經,上市,417000.0,0.0,-2118.0,414882.0,69961249.0
3673,TPK-KY,上市,386356.0,0.0,23160.0,409516.0,406663759.0
6962,奕力-KY,上市,405000.0,0.0,908.0,405908.0,492396565.0
2597,潤弘,上市,404000.0,0.0,686.0,404686.0,310716000.0
009809,富邦淨零ESG50,上市,-16000.0,0.0,420450.0,404450.0,60863000.0
00701,國泰股利精選30,上市,-8000.0,0.0,412378.0,404378.0,223891000.0
4142,國光生,上市,393000.0,0.0,10972.0,403972.0,429507750.0
2472,立隆電,上市,444108.0,0.0,-45756.0,398352.0,164735137.0
00635U,期元大S&P黃金,上市,-4999.0,0.0,402931.0,397932.0,208014000.0
00983A,主動中信ARK創新,上市,-14000.0,0.0,408267.0,394267.0,313686000.0
5534,長虹,上市,431570.0,0.0,-37713.0,393857.0,290325960.0
1609,大亞,上市,343741.0,0.0,49586.0,393327.0,785261944.0
00896,中信綠能及電動車,上市,150000.0,0.0,242220.0,392220.0,304880000.0
2105,正新,上市,1898320.0,-1289000.0,-217605.0,391715.0,3241415536.0
3714,富采,上市,391342.0,0.0,150.0,391492.0,737940460.0
00952,凱基台灣AI50,上市,-8000.0,0.0,393351.0,385351.0,246775000.0
00673R,期元大S&P原油反1,上市,0.0,0.0,384358.0,384358.0,68550646.0
00686R,群益臺灣加權反1,上市,0.0,0.0,369000.0,369000.0,142276000.0
00902,中信電池及儲能,上市,-16000.0,0.0,380642.0,364642.0,363497000.0
009804,聯邦台精彩50,上市,6000.0,0.0,353566.0,359566.0,112892000.0
3052,夆典,上市,356000.0,0.0,3000.0,359000.0,233245771.0
2530,華建,上市,466035.0,0.0,-109000.0,357035.0,839988000.0
00932,兆豐永續高息等權,上市,1000.0,0.0,355738.0,356738.0,251283000.0
6191,精成科,上市,376194.0,5000.0,-25381.0,355813.0,499303000.0
3645,達邁,上市,347000.0,0.0,-32.0,346968.0,136754207.0
3059,華晶科,上市,415000.0,0.0,-70284.0,344716.0,307242025.0
2511,太子,上市,345000.0,0.0,-2000.0,343000.0,1623326147.0
3025,星通,上市,342000.0,0.0,1000.0,343000.0,56736440.0
2401,凌陽,上市,326884.0,0.0,14181.0,341065.0,591994919.0
3033,威健,上市,361140.0,0.0,-23344.0,337796.0,478694110.0
3257,虹冠電,上市,335000.0,0.0,2585.0,337585.0,79823590.0
2101,南港,上市,332170.0,0.0,1981.0,334151.0,733934904.0
6176,瑞儀,上市,1220000.0,-940000.0,50263.0,330263.0,465027263.0
3056,富華新,上市,532100.0,0.0,-207449.0,324651.0,480555051.0
2504,國產,上市,4228000.0,-3977000.0,73000.0,324000.0,1180000000.0
3563,牧德,上市,263600.0,0.0,59163.0,322763.0,63960858.0
1307,三芳,上市,368000.0,0.0,-56250.0,311750.0,397818126.0
3535,晶彩科,上市,309000.0,0.0,0.0,309000.0,79052356.0
5519,隆大,上市,217000.0,0.0,89701.0,306701.0,219197180.0
2543,皇昌,上市,300496.0,0.0,5249.0,305745.0,532383961.0
1442,名軒,上市,4190773.0,-3890000.0,3126.0,303899.0,366211358.0
00850,元大臺灣ESG永續,上市,167018.0,0.0,134266.0,301284.0,451444000.0
2009,第一銅,上市,286000.0,0.0,15064.0,301064.0,359622165.0
6285,啟碁,上市,275638.0,-4000.0,25424.0,297062.0,484020629.0
2014,中鴻,上市,124000.0,0.0,172998.0,296998.0,1435544446.0
009801,中信美國創新科技,上市,13000.0,0.0,279746.0,292746.0,177119000.0
6214,精誠,上市,293161.0,0.0,-667.0,292494.0,272243066.0
2455,全新,上市,281031.0,-5000.0,13595.0,289626.0,184905918.0
3312,弘憶股,上市,285000.0,0.0,2000.0,287000.0,182626815.0
1536,和大,上市,274000.0,0.0,10089.0,284089.0,278959513.0
2365,昆盈,上市,279695.0,0.0,-17.0,279678.0,221528496.0
1103,嘉泥,上市,300000.0,0.0,-21000.0,279000.0,790247459.0
6869,雲豹能源,上市,268357.0,0.0,1000.0,269357.0,137830041.0
2308,台達電,上市,-873051.0,473312.0,666294.0,266555.0,2597543329.0
8926,台汽電,上市,262729.0,0.0,-5271.0,257458.0,730282000.0
1227,佳格,上市,258000.0,0.0,-1528.0,256472.0,915089591.0
6591,動力-KY,上市,257000.0,0.0,-900.0,256100.0,41122465.0
00935,野村臺灣新科技50,上市,120000.0,0.0,135423.0,255423.0,422504000.0
2330,台積電,上市,1647084.0,-2473232.0,1080997.0,254849.0,25932524521.0
0061,元大寶滬深,上市,50000.0,0.0,199128.0,249128.0,120616000.0
00685L,群益臺灣加權正2,上市,0.0,0.0,246146.0,246146.0,27139000.0
6901,鑽石投資,上市,234000.0,0.0,9000.0,243000.0,851800000.0
6112,邁達特,上市,239000.0,0.0,1419.0,240419.0,188357336.0
5234,達興材料,上市,217950.0,0.0,20864.0,238814.0,102715911.0
00730,富邦臺灣優質高息,上市,-1000.0,0.0,235742.0,234742.0,78544000.0
2439,美律,上市,2390059.0,-2112000.0,-43773.0,234286.0,253839614.0
2049,上銀,上市,200175.0,11000.0,21633.0,232808.0,353792240.0
2241,艾姆勒,上市,230000.0,0.0,1000.0,231000.0,104602306.0
6197,佳必琪,上市,225000.0,0.0,3536.0,228536.0,122085882.0
9958,世紀鋼,上市,196498.0,0.0,31893.0,228391.0,246896665.0
00927,群益半導體收益,上市,2000.0,0.0,224596.0,226596.0,472897000.0
8011,台通,上市,222000.0,0.0,3000.0,225000.0,165921891.0
00895,富邦未來車,上市,-3000.0,0.0,227000.0,224000.0,176416000.0
1810,和成,上市,216000.0,0.0,4331.0,220331.0,302303719.0
6944,兆聯實業,上市,211077.0,0.0,8305.0,219382.0,76308312.0
2332,友訊,上市,209000.0,0.0,9772.0,218772.0,602272073.0
2429,銘旺科,上市,215000.0,0.0,251.0,215251.0,85500000.0
00960,野村全球航運龍頭,上市,-5000.0,0.0,215760.0,210760.0,143995000.0
5225,東科-KY,上市,211267.0,0.0,-1119.0,210148.0,78416677.0
2427,三商電,上市,207000.0,0.0,1000.0,208000.0,197301339.0
00971,野村美國研發龍頭,上市,-1000.0,0.0,206326.0,205326.0,101677000.0
2727,王品,上市,205286.0,0.0,-129.0,205157.0,84451109.0
4564,元翎,上市,203000.0,0.0,2000.0,205000.0,232788303.0
3022,威強電,上市,201781.0,0.0,2240.0,204021.0,176597790.0
2851,中再保,上市,244000.0,0.0,-40000.0,204000.0,800388750.0
1104,環泥,上市,202850.0,0.0,0.0,202850.0,686681816.0
6558,興能高,上市,215000.0,0.0,-14362.0,200638.0,93788875.0
00733,富邦臺灣中小,上市,-30000.0,0.0,230308.0,200308.0,141966000.0
6117,迎廣,上市,195000.0,0.0,5000.0,200000.0,91516615.0
8222,寶一,上市,195000.0,0.0,5000.0,200000.0,68573500.0
2393,億光,上市,7222150.0,-7158000.0,135072.0,199222.0,443393086.0
1608,華榮,上市,137000.0,-1000.0,60328.0,196328.0,632773506.0
1708,東鹼,上市,218000.0,0.0,-24391.0,193609.0,249001651.0
6438,迅得,上市,180000.0,0.0,13118.0,193118.0,82206325.0
4164,承業醫,上市,185287.0,0.0,5000.0,190287.0,185711966.0
2731,雄獅,上市,184608.0,0.0,5374.0,189982.0,93277739.0
2362,藍天,上市,185340.0,0.0,521.0,185861.0,622263000.0
006205,富邦上証,上市,-1000.0,0.0,185787.0,184787.0,114939000.0
8464,億豐,上市,179530.0,-7000.0,10261.0,182791.0,293020200.0
3011,今皓,上市,191000.0,0.0,-9000.0,182000.0,125146851.0
00645,富邦日本,上市,-7000.0,0.0,188812.0,181812.0,49997000.0
00648R,元大S&P500反1,上市,0.0,0.0,181000.0,181000.0,172188000.0
4540,全球傳動,上市,181000.0,0.0,-786.0,180214.0,112140457.0
6672,騰輝電子-KY,上市,177000.0,0.0,3000.0,180000.0,71434745.0
00897,富邦基因免疫生技,上市,-40000.0,0.0,219369.0,179369.0,182512000.0
3311,閎暉,上市,182000.0,0.0,-2722.0,179278.0,100000000.0
2206,三陽工業,上市,316265.0,-163000.0,26000.0,179265.0,791796604.0
7769,鴻勁,上市,38068.0,147500.0,-9997.0,175571.0,179930000.0
2601,益航,上市,154000.0,0.0,20000.0,174000.0,824776067.0
9921,巨大,上市,172158.0,0.0,1358.0,173516.0,392064626.0
2392,正崴,上市,173000.0,0.0,-45.0,172955.0,512326940.0
5222,全訊,上市,171000.0,0.0,1484.0,172484.0,90866968.0
00949,復華日本龍頭,上市,0.0,0.0,172062.0,172062.0,207928000.0
00921,兆豐龍頭等權重,上市,1000.0,0.0,168492.0,169492.0,98270000.0
6805,富世達,上市,-26977.0,209000.0,-13601.0,168422.0,68553896.0
2348,海悅,上市,127850.0,0.0,40227.0,168077.0,151898853.0
4976,佳凌,上市,169000.0,0.0,-1000.0,168000.0,141351000.0
2913,農林,上市,153142.0,0.0,14001.0,167143.0,790000000.0
3055,蔚華科,上市,185255.0,0.0,-22477.0,162778.0,114974918.0
6789,采鈺,上市,123399.0,0.0,34774.0,158173.0,318299119.0
6592,和潤企業,上市,164626.0,0.0,-8196.0,156430.0,623150493.0
8114,振樺電,上市,155000.0,0.0,247.0,155247.0,76384772.0
3712,永崴投控,上市,154000.0,0.0,0.0,154000.0,246242146.0
2383,台光電,上市,41477.0,109941.0,111.0,151529.0,346773599.0
3032,偉訓,上市,208633.0,0.0,-58239.0,150394.0,113285626.0
1773,勝一,上市,145322.0,0.0,815.0,146137.0,300000000.0
3661,世芯-KY,上市,32639.0,78098.0,35364.0,146101.0,80855695.0
2537,聯上發,上市,155000.0,0.0,-8924.0,146076.0,300557795.0
2351,順德,上市,103000.0,0.0,42146.0,145146.0,182140249.0
8404,百和興業-KY,上市,144000.0,-1000.0,2000.0,145000.0,419933884.0
6477,安集,上市,143000.0,0.0,862.0,143862.0,123787196.0
1477,聚陽,上市,1433000.0,-1346000.0,55465.0,142465.0,246693713.0
1436,華友聯,上市,136435.0,0.0,5927.0,142362.0,172700652.0
6831,邁科,上市,69000.0,67000.0,6000.0,142000.0,67500000.0
3550,聯穎,上市,157000.0,0.0,-15430.0,141570.0,107550000.0
6781,AES-KY,上市,77601.0,28000.0,35779.0,141380.0,85418780.0
3376,新日興,上市,48000.0,0.0,93256.0,141256.0,195763822.0
2466,冠西電,上市,138000.0,0.0,0.0,138000.0,173458697.0
2010,春源,上市,140000.0,0.0,-2000.0,138000.0,647655390.0
2820,華票,上市,126000.0,0.0,11000.0,137000.0,1342960000.0
1723,中碳,上市,131066.0,0.0,5000.0,136066.0,236904480.0
2505,國揚,上市,128000.0,0.0,5000.0,133000.0,380000000.0
6695,芯鼎,上市,132000.0,0.0,0.0,132000.0,96459650.0
00893,國泰智能電動車,上市,7120.0,0.0,123884.0,131004.0,424884000.0
2538,基泰,上市,125000.0,0.0,6000.0,131000.0,445025495.0
2617,台航,上市,126000.0,0.0,4000.0,130000.0,417294487.0
009810,玉山全球藍籌100,上市,18000.0,0.0,111885.0,129885.0,27154000.0
1611,中電,上市,132000.0,0.0,-2268.0,129732.0,322735742.0
8249,菱光,上市,129000.0,0.0,-1.0,128999.0,137824500.0
6531,愛普*,上市,109995.0,2000.0,15023.0,127018.0,162492232.0
00692,富邦公司治理,上市,41000.0,0.0,85976.0,126976.0,669280000.0
2390,云辰,上市,141000.0,0.0,-16000.0,125000.0,192619442.0
1714,和桐,上市,105000.0,0.0,20000.0,125000.0,991824808.0
6139,亞翔,上市,243008.0,-132000.0,13369.0,124377.0,233319058.0
2723,美食-KY,上市,125000.0,0.0,-1000.0,124000.0,180000000.0
00717,富邦美國特別股,上市,13000.0,0.0,110000.0,123000.0,152605000.0
3705,永信,上市,116296.0,0.0,6259.0,122555.0,266422983.0
1563,巧新,上市,120000.0,0.0,2000.0,122000.0,230782140.0
8105,凌巨,上市,102000.0,0.0,20000.0,122000.0,441544851.0
6412,群電,上市,125350.0,0.0,-3929.0,121421.0,400769126.0
2613,中櫃,上市,125000.0,0.0,-4000.0,121000.0,148423458.0
2636,台驊控股,上市,120000.0,0.0,0.0,120000.0,141835230.0
3704,合勤控,上市,117000.0,0.0,-440.0,116560.0,415444970.0
3591,艾笛森,上市,48000.0,0.0,68000.0,116000.0,145482435.0
6168,宏齊,上市,113000.0,0.0,3000.0,116000.0,206069801.0
2103,台橡,上市,104650.0,0.0,11000.0,115650.0,825709978.0
1308,亞聚,上市,100000.0,0.0,14901.0,114901.0,593743919.0
6269,台郡,上市,119000.0,0.0,-4105.0,114895.0,323131481.0
2017,官田鋼,上市,115000.0,0.0,-780.0,114220.0,446874691.0
6806,森崴能源,上市,116544.0,0.0,-2423.0,114121.0,274642902.0
6472,保瑞,上市,110902.0,1000.0,1945.0,113847.0,124454023.0
1449,佳和,上市,103000.0,0.0,10470.0,113470.0,127114572.0
6206,飛捷,上市,111000.0,0.0,1513.0,112513.0,143062324.0
2417,圓剛,上市,109000.0,0.0,2952.0,111952.0,157463864.0
9914,美利達,上市,107488.0,0.0,4131.0,111619.0,298983800.0
1519,華城,上市,52415.0,66000.0,-8795.0,109620.0,315880844.0
9934,成霖,上市,86000.0,0.0,21000.0,107000.0,411016962.0
4960,誠美材,上市,95000.0,0.0,10000.0,105000.0,571705388.0
3454,晶睿,上市,-20000.0,0.0,125000.0,105000.0,86567893.0
2431,聯昌,上市,107000.0,0.0,-2156.0,104844.0,110927014.0
4119,旭富,上市,99000.0,0.0,3359.0,102359.0,119508634.0
2897,王道銀行,上市,87000.0,-11000.0,26000.0,102000.0,2805357878.0
6414,樺漢,上市,-357254.0,485000.0,-25847.0,101899.0,137539720.0
8454,富邦媒,上市,98712.0,3000.0,0.0,101712.0,264975275.0
3706,神達,上市,-56690.0,2100.0,155225.0,100635.0,1327212468.0
009811,統一美國50,上市,10000.0,0.0,89931.0,99931.0,442950000.0
00684R,期元大美元指反1,上市,0.0,0.0,99000.0,99000.0,8688000.0
2020,美亞,上市,100000.0,0.0,-1000.0,99000.0,267031320.0
00652,富邦印度,上市,-2000.0,0.0,99616.0,97616.0,86535000.0
6133,金橋,上市,82250.0,0.0,14000.0,96250.0,117006294.0
1217,愛之味,上市,90000.0,0.0,5000.0,95000.0,494513336.0
1806,冠軍,上市,89000.0,0.0,6000.0,95000.0,390403870.0
8478,東哥遊艇,上市,113824.0,0.0,-19802.0,94022.0,93972276.0
2428,興勤,上市,73000.0,0.0,20140.0,93140.0,128112726.0
00907,永豐優息存股,上市,1000.0,0.0,92043.0,93043.0,202133000.0
3092,鴻碩,上市,93000.0,0.0,0.0,93000.0,106552030.0
2034,允強,上市,84000.0,0.0,7000.0,91000.0,523547879.0
1312,國喬,上市,17500.0,0.0,72708.0,90208.0,1106620328.0
3010,華立,上市,-184000.0,307000.0,-34388.0,88612.0,259436817.0
00962,台新AI優息動能,上市,-1000.0,0.0,89000.0,88000.0,58920000.0
1808,潤隆,上市,389549.0,-300000.0,-2000.0,87549.0,893031743.0
5471,松翰,上市,85000.0,0.0,1649.0,86649.0,167877062.0
3717,聯嘉投控,上市,76000.0,0.0,10000.0,86000.0,207845445.0
2534,宏盛,上市,90275.0,0.0,-5000.0,85275.0,474227970.0
3607,谷崧,上市,78000.0,0.0,7000.0,85000.0,121662239.0
1616,億泰,上市,81000.0,0.0,4000.0,85000.0,194148515.0
1218,泰山,上市,69000.0,0.0,14955.0,83955.0,499999038.0
00916,國泰全球品牌50,上市,4000.0,0.0,79241.0,83241.0,69919000.0
00901,永豐智能車供應鏈,上市,0.0,0.0,82287.0,82287.0,86349000.0
2059,川湖,上市,44385.0,23576.0,14185.0,82146.0,95297072.0
4576,大銀微系統,上市,73000.0,0.0,8000.0,81000.0,119801848.0
1532,勤美,上市,118000.0,0.0,-37638.0,80362.0,422604271.0
00708L,期元大S&P黃金正2,上市,0.0,0.0,80331.0,80331.0,86073000.0
00898,國泰基因免疫革命,上市,78000.0,0.0,1987.0,79987.0,189476000.0
3338,泰碩,上市,81000.0,0.0,-2000.0,79000.0,87908141.0
6937,天虹,上市,83000.0,-5000.0,445.0,78445.0,67576263.0
2536,宏普,上市,71000.0,0.0,6000.0,77000.0,332808652.0
2612,中航,上市,62709.0,0.0,13687.0,76396.0,197484593.0
2453,凌群,上市,77000.0,0.0,-1000.0,76000.0,100000000.0
1515,力山,上市,68000.0,0.0,7000.0,75000.0,181473500.0
1618,合機,上市,74478.0,0.0,395.0,74873.0,192691747.0
1309,台達化,上市,70000.0,0.0,4604.0,74604.0,397586848.0
1809,中釉,上市,73000.0,0.0,1000.0,74000.0,167041937.0
8473,山林水,上市,70000.0,0.0,4000.0,74000.0,180852418.0
1597,直得,上市,76000.0,0.0,-3770.0,72230.0,89261804.0
6141,柏承,上市,72000.0,0.0,0.0,72000.0,113354005.0
2478,大毅,上市,71000.0,0.0,1000.0,72000.0,144731339.0
2258,鴻華先進-創,上市,78000.0,2000.0,-8901.0,71099.0,1741314000.0
2611,志信,上市,61000.0,0.0,10000.0,71000.0,189002272.0
2739,寒舍,上市,71000.0,0.0,0.0,71000.0,91526000.0
1789,神隆,上市,70000.0,0.0,0.0,70000.0,790739222.0
6796,晉弘,上市,70000.0,0.0,0.0,70000.0,38233970.0
1589,永冠-KY,上市,70000.0,0.0,-39.0,69961.0,153135941.0
3447,展達,上市,67000.0,0.0,2440.0,69440.0,77331120.0
6605,帝寶,上市,631000.0,-581000.0,19139.0,69139.0,165816397.0
3051,力特,上市,65000.0,0.0,4000.0,69000.0,167000000.0
1325,恆大,上市,69000.0,0.0,0.0,69000.0,85281198.0
4934,太極,上市,65000.0,0.0,3000.0,68000.0,225000000.0
1517,利奇,上市,72000.0,0.0,-4126.0,67874.0,223300007.0
00947,台新臺灣IC設計,上市,-7000.0,0.0,74053.0,67053.0,113364000.0
3031,佰鴻,上市,72000.0,0.0,-5000.0,67000.0,173203224.0
2395,研華,上市,-14346.0,82200.0,-1191.0,66663.0,864167125.0
00899,FT潔淨能源,上市,1000.0,0.0,65265.0,66265.0,20635000.0
9906,欣巴巴,上市,71000.0,0.0,-5000.0,66000.0,90376358.0
3416,融程電,上市,60000.0,0.0,5289.0,65289.0,79746502.0
1907,永豐餘,上市,66000.0,0.0,-1000.0,65000.0,1660371495.0
1313,聯成,上市,93000.0,0.0,-28000.0,65000.0,1349689607.0
9917,中保科,上市,228900.0,-182000.0,18000.0,64900.0,451197093.0
2425,承啟,上市,55000.0,0.0,9000.0,64000.0,96498831.0
4306,炎洲,上市,26000.0,0.0,37000.0,63000.0,676757216.0
6573,虹揚-KY,上市,56000.0,0.0,7000.0,63000.0,80499345.0
2340,台亞,上市,39000.0,0.0,23903.0,62903.0,438622846.0
3533,嘉澤,上市,11067.0,4000.0,47186.0,62253.0,112534691.0
3437,榮創,上市,63000.0,0.0,-1000.0,62000.0,144548000.0
3665,貿聯-KY,上市,-3933669.0,3943227.0,51748.0,61306.0,193969420.0
1201,味全,上市,44000.0,0.0,16421.0,60421.0,506062914.0
4551,智伸科,上市,96468.0,-45000.0,8914.0,60382.0,115222498.0
5531,鄉林,上市,57000.0,0.0,3000.0,60000.0,1077589245.0
4956,光鋐,上市,64000.0,0.0,-4000.0,60000.0,100408236.0
2527,宏璟,上市,52000.0,0.0,7000.0,59000.0,270306000.0
2440,太空梭,上市,60000.0,0.0,-2000.0,58000.0,139117271.0
4746,台耀,上市,52000.0,0.0,5329.0,57329.0,120255963.0
3149,正達,上市,56126.0,0.0,1000.0,57126.0,226233604.0
00963,中信全球高股息,上市,-245000.0,0.0,301946.0,56946.0,92433000.0
009808,華南永昌優選50,上市,0.0,0.0,56934.0,56934.0,51011000.0
6689,伊雲谷,上市,57000.0,0.0,-1000.0,56000.0,68000000.0
2305,全友,上市,44000.0,0.0,12000.0,56000.0,205660827.0
6757,台灣虎航,上市,1746063.0,-1683000.0,-7291.0,55772.0,459530000.0
2231,為升,上市,50731.0,0.0,4871.0,55602.0,135917608.0
2442,新美齊,上市,56000.0,0.0,-633.0,55367.0,268905778.0
4562,穎漢,上市,52000.0,0.0,3000.0,55000.0,87546000.0
2493,揚博,上市,54029.0,0.0,116.0,54145.0,126796629.0
5203,訊連,上市,56000.0,0.0,-2156.0,53844.0,79098800.0
8374,羅昇,上市,54000.0,0.0,-475.0,53525.0,112250487.0
3050,鈺德,上市,48000.0,0.0,5000.0,53000.0,154984450.0
6756,威鋒電子,上市,55000.0,0.0,-2038.0,52962.0,69868000.0
9911,櫻花,上市,52348.0,-2000.0,2456.0,52804.0,222389584.0
1560,中砂,上市,-28691.0,79000.0,1980.0,52289.0,146277234.0
00762,元大全球AI,上市,5000.0,0.0,47145.0,52145.0,61248000.0
1582,信錦,上市,51500.0,0.0,0.0,51500.0,144268604.0
3583,辛耘,上市,44970.0,0.0,6326.0,51296.0,80328000.0
00934,中信成長高股息,上市,62000.0,0.0,-11547.0,50453.0,492026000.0
1795,美時,上市,52999.0,-8000.0,5399.0,50398.0,266923812.0
7750,新代,上市,50000.0,0.0,80.0,50080.0,71843000.0
2233,宇隆,上市,62000.0,-8000.0,-4003.0,49997.0,60288089.0
3003,健和興,上市,56000.0,0.0,-6860.0,49140.0,155654890.0
6550,北極星藥業-KY,上市,47000.0,0.0,2000.0,49000.0,770433022.0
6215,和椿,上市,49990.0,0.0,-1031.0,48959.0,82789693.0
2484,希華,上市,45000.0,0.0,3545.0,48545.0,159421022.0
2421,建準,上市,-137500.0,0.0,185998.0,48498.0,273443669.0
4557,永新-KY,上市,48000.0,0.0,0.0,48000.0,47971840.0
00683L,期元大美元指正2,上市,0.0,0.0,48000.0,48000.0,12934000.0
2480,敦陽科,上市,44000.0,0.0,3914.0,47914.0,106360291.0
00912,中信臺灣智慧50,上市,7000.0,0.0,40849.0,47849.0,55753000.0
2540,愛山林,上市,100013.0,-37000.0,-17000.0,46013.0,944873965.0
2106,建大,上市,41000.0,0.0,5000.0,46000.0,954890000.0
8429,金麗-KY,上市,46000.0,0.0,0.0,46000.0,185747151.0
3413,京鼎,上市,48000.0,-4000.0,1335.0,45335.0,108022907.0
3004,豐達科,上市,140000.0,0.0,-94726.0,45274.0,55685055.0
0055,元大MSCI金融,上市,22000.0,0.0,23083.0,45083.0,80654000.0
5607,遠雄港,上市,37000.0,0.0,7000.0,44000.0,370552913.0
3346,麗清,上市,40000.0,0.0,4000.0,44000.0,121228352.0
2033,佳大,上市,44000.0,0.0,0.0,44000.0,80694536.0
00669R,國泰美國道瓊反1,上市,0.0,0.0,43998.0,43998.0,222117000.0
3596,智易,上市,50500.0,0.0,-7460.0,43040.0,220354321.0
4720,德淵,上市,35000.0,0.0,8000.0,43000.0,114516037.0
6668,中揚光,上市,43000.0,0.0,0.0,43000.0,107116087.0
2460,建通,上市,42000.0,0.0,1000.0,43000.0,169200000.0
6957,裕慶-KY,上市,42000.0,0.0,0.0,42000.0,55512950.0
1707,葡萄王,上市,47130.0,0.0,-5323.0,41807.0,148137373.0
00891,中信關鍵半導體,上市,41000.0,0.0,688.0,41688.0,1185590000.0
5706,鳳凰,上市,42034.0,0.0,-998.0,41036.0,84910920.0
2387,精元,上市,42000.0,0.0,-1000.0,41000.0,195251051.0
7749,意騰-KY,上市,37146.0,0.0,3627.0,40773.0,46485728.0
1709,和益,上市,30000.0,0.0,10000.0,40000.0,477016272.0
1464,得力,上市,40000.0,0.0,0.0,40000.0,425575733.0
2022,聚亨,上市,32000.0,0.0,8000.0,40000.0,337168138.0
4414,如興,上市,32000.0,0.0,7000.0,39000.0,263795773.0
6931,青松健康,上市,39000.0,0.0,0.0,39000.0,66152160.0
2015,豐興,上市,12517.0,35000.0,-9344.0,38173.0,581599424.0
4770,上品,上市,34000.0,0.0,4069.0,38069.0,79976000.0
006207,復華滬深,上市,0.0,0.0,37447.0,37447.0,25392000.0
4766,南寶,上市,56913.0,-22000.0,2111.0,37024.0,120570780.0
3686,達能,上市,37000.0,0.0,0.0,37000.0,76495118.0
3058,立德,上市,35000.0,0.0,2000.0,37000.0,201722779.0
020029,元大ESG高股息N,上市,0.0,0.0,37000.0,37000.0,0.0
7610,聯友金屬-創,上市,37000.0,0.0,0.0,37000.0,48600000.0
6658,聯策,上市,38000.0,0.0,-1099.0,36901.0,36370000.0
2413,環科,上市,33000.0,0.0,3000.0,36000.0,127359200.0
3694,海華,上市,35722.0,0.0,-504.0,35218.0,154947208.0
9919,康那香,上市,36000.0,0.0,-1000.0,35000.0,195362750.0
2007,燁興,上市,33000.0,0.0,2000.0,35000.0,530651613.0
8213,志超,上市,31000.0,0.0,4000.0,35000.0,271242488.0
6166,凌華,上市,65000.0,0.0,-30026.0,34974.0,217497257.0
00728,第一金工業30,上市,-1000.0,0.0,35662.0,34662.0,43923000.0
00638R,元大滬深300反1,上市,0.0,0.0,34160.0,34160.0,33948000.0
2832,台產,上市,24000.0,-2000.0,12000.0,34000.0,253540280.0
9933,中鼎,上市,32534.0,0.0,986.0,33520.0,892693124.0
1617,榮星,上市,33000.0,0.0,500.0,33500.0,169514700.0
6885,全福生技,上市,33000.0,0.0,0.0,33000.0,133214000.0
2397,友通,上市,33000.0,0.0,0.0,33000.0,114488857.0
4968,立積,上市,29612.0,0.0,2787.0,32399.0,92209898.0
2474,可成,上市,402028.0,-433000.0,63145.0,32173.0,623669068.0
2748,雲品,上市,30000.0,0.0,2000.0,32000.0,105778740.0
6863,永道-KY,上市,31000.0,0.0,956.0,31956.0,74888000.0
2419,仲琦,上市,25000.0,0.0,6795.0,31795.0,321317229.0
009805,台新美國電力基建,上市,-23000.0,0.0,54496.0,31496.0,342316000.0
0057,富邦摩台,上市,0.0,0.0,31000.0,31000.0,1527000.0
4952,凌通,上市,27000.0,0.0,4000.0,31000.0,108815816.0
2062,橋椿,上市,33000.0,-2000.0,0.0,31000.0,199994152.0
5434,崇越,上市,183637.0,-157000.0,4021.0,30658.0,191332275.0
6230,尼得科超眾,上市,31000.0,0.0,-768.0,30232.0,86343396.0
1444,力麗,上市,32000.0,0.0,-2144.0,29856.0,995595059.0
1337,再生-KY,上市,29000.0,0.0,0.0,29000.0,268954729.0
02001L,富邦蘋果正二N,上市,0.0,0.0,29000.0,29000.0,0.0
020020,元大台股領航N,上市,0.0,0.0,29000.0,29000.0,0.0
3518,柏騰,上市,24000.0,0.0,5000.0,29000.0,97662230.0
1342,八貫,上市,28000.0,0.0,845.0,28845.0,79248902.0
1612,宏泰,上市,20000.0,0.0,6998.0,26998.0,316080063.0
6873,泓德能源,上市,28646.0,0.0,-2409.0,26237.0,141872370.0
6614,資拓宏宇,上市,26000.0,0.0,0.0,26000.0,80660521.0
1219,福壽,上市,27000.0,0.0,-1000.0,26000.0,341238364.0
00783,富邦中証500,上市,0.0,0.0,25060.0,25060.0,10531000.0
7722,LINEPAY,上市,16372.0,0.0,8629.0,25001.0,68000000.0
00972,野村日本動能高息,上市,-5000.0,0.0,29479.0,24479.0,21672000.0
00920,富邦ESG綠色電力,上市,16000.0,0.0,8043.0,24043.0,11280000.0
1733,五鼎,上市,26000.0,-1000.0,-1000.0,24000.0,99950192.0
2109,華豐,上市,23000.0,0.0,1000.0,24000.0,279349134.0
3356,奇偶,上市,25000.0,0.0,-1000.0,24000.0,79941672.0
2108,南帝,上市,20880.0,0.0,2386.0,23266.0,492416659.0
2236,百達-KY,上市,23000.0,0.0,0.0,23000.0,59555656.0
1471,首利,上市,22000.0,0.0,1000.0,23000.0,150414536.0
1473,台南,上市,15000.0,0.0,8000.0,23000.0,146153534.0
3528,安馳,上市,22000.0,0.0,1000.0,23000.0,66639216.0
6776,展碁國際,上市,22000.0,0.0,1000.0,23000.0,91581430.0
910322,康師傅-DR,上市,23000.0,0.0,0.0,23000.0,23117402.0
00986A,主動台新龍頭成長,上市,-28000.0,0.0,50819.0,22819.0,71827000.0
00739,元大MSCI A股,上市,0.0,0.0,22675.0,22675.0,29488000.0
3019,亞光,上市,80000.0,0.0,-57475.0,22525.0,279243901.0
2491,吉祥全,上市,37000.0,0.0,-15000.0,22000.0,82008000.0
3622,洋華,上市,19000.0,0.0,3000.0,22000.0,151327600.0
2038,海光,上市,21000.0,0.0,1000.0,22000.0,194134303.0
7791,皇家可口,上市,22000.0,0.0,0.0,22000.0,80000000.0
6589,台康生技,上市,23150.0,0.0,-1240.0,21910.0,306189576.0
1598,岱宇,上市,23000.0,0.0,-1186.0,21814.0,179142092.0
00943,兆豐電子高息等權,上市,0.0,0.0,21721.0,21721.0,51389000.0
6515,穎崴,上市,-27513.0,47000.0,2124.0,21611.0,36041642.0
2364,倫飛,上市,19100.0,0.0,2000.0,21100.0,52388648.0
6854,錼創科技-KY創,上市,25040.0,0.0,-3990.0,21050.0,117678622.0
9902,台火,上市,20000.0,0.0,1000.0,21000.0,98049600.0
1568,倉佑,上市,21000.0,0.0,0.0,21000.0,103086559.0
1737,臺鹽,上市,21000.0,0.0,0.0,21000.0,200000000.0
4137,麗豐-KY,上市,21000.0,0.0,0.0,21000.0,82492350.0
6768,志強-KY,上市,29000.0,-5000.0,-3468.0,20532.0,200095061.0
6909,創控,上市,26000.0,0.0,-5998.0,20002.0,67171700.0
020030,統一智慧電動車N,上市,0.0,0.0,20000.0,20000.0,0.0
8462,柏文,上市,19000.0,0.0,906.0,19906.0,79292063.0
1712,興農,上市,-47000.0,0.0,66420.0,19420.0,420492585.0
00771,元大US高息特別股,上市,0.0,0.0,19105.0,19105.0,15225000.0
1527,鑽全,上市,19000.0,0.0,0.0,19000.0,138570640.0
1456,怡華,上市,14000.0,0.0,3000.0,17000.0,93720000.0
2107,厚生,上市,11000.0,0.0,6000.0,17000.0,303593400.0
9935,慶豐富,上市,17000.0,0.0,0.0,17000.0,177838926.0
6928,攸泰科技,上市,18000.0,0.0,-1000.0,17000.0,86000000.0
6782,視陽,上市,18000.0,0.0,-1147.0,16853.0,63000000.0
6742,澤米,上市,15000.0,0.0,1000.0,16000.0,71267948.0
6205,詮欣,上市,11000.0,0.0,5000.0,16000.0,82235907.0
1446,宏和,上市,11000.0,0.0,5000.0,16000.0,137709513.0
3557,嘉威,上市,16000.0,0.0,0.0,16000.0,84315435.0
3026,禾伸堂,上市,12000.0,-1000.0,5000.0,16000.0,165890318.0
1321,大洋,上市,17000.0,0.0,-1000.0,16000.0,227228268.0
4566,時碩工業,上市,11000.0,0.0,4100.0,15100.0,109809726.0
2243,宏旭-KY,上市,3000.0,0.0,12000.0,15000.0,69373596.0
5244,弘凱,上市,16000.0,0.0,-1000.0,15000.0,68241899.0
7711,永擎,上市,15000.0,0.0,0.0,15000.0,71754695.0
1590,亞德客-KY,上市,-11861.0,26000.0,374.0,14513.0,199999998.0
2753,八方雲集,上市,28000.0,0.0,-13756.0,14244.0,66644796.0
4560,強信-KY,上市,12000.0,0.0,2000.0,14000.0,68097240.0
6743,安普新,上市,11000.0,0.0,3000.0,14000.0,150000000.0
2488,漢平,上市,15000.0,0.0,-1000.0,14000.0,79999433.0
1760,寶齡富錦,上市,12000.0,0.0,2000.0,14000.0,85739013.0
3038,全台,上市,53000.0,0.0,-39000.0,14000.0,157407603.0
9930,中聯資源,上市,13463.0,0.0,-122.0,13341.0,248540368.0
9940,信義,上市,9761.0,0.0,3534.0,13295.0,736846500.0
1419,新紡,上市,13000.0,0.0,184.0,13184.0,300041280.0
020028,元大特選電動車N,上市,0.0,0.0,13000.0,13000.0,0.0
2923,鼎固-KY,上市,-3000.0,0.0,16000.0,13000.0,1740296982.0
2701,萬企,上市,12000.0,0.0,1000.0,13000.0,449967838.0
3046,建碁,上市,11000.0,0.0,2000.0,13000.0,78448013.0
4104,佳醫,上市,12000.0,0.0,900.0,12900.0,171567456.0
6933,AMAX-KY,上市,11000.0,0.0,1197.0,12197.0,42355467.0
1465,偉全,上市,8000.0,0.0,4000.0,12000.0,103607267.0
3617,碩天,上市,17154.0,0.0,-5462.0,11692.0,94166049.0
8072,陞泰,上市,11000.0,0.0,0.0,11000.0,80000000.0
6416,瑞祺電通,上市,12000.0,0.0,-1000.0,11000.0,73348460.0
6552,易華電,上市,11000.0,0.0,0.0,11000.0,83000000.0
9927,泰銘,上市,4000.0,0.0,7000.0,11000.0,120000000.0
6582,申豐,上市,11000.0,0.0,0.0,11000.0,106174141.0
2514,龍邦,上市,8000.0,0.0,2000.0,10000.0,394729278.0
00875,國泰網路資安,上市,-1000.0,0.0,11000.0,10000.0,14988000.0
6136,富爾特,上市,6000.0,0.0,4000.0,10000.0,115536412.0
020038,元大ESG配息N,上市,0.0,0.0,10000.0,10000.0,0.0
1725,元禎,上市,8000.0,0.0,2000.0,10000.0,181829978.0
4737,華廣,上市,9000.0,0.0,581.0,9581.0,67272653.0
00668,國泰美國道瓊,上市,-1000.0,0.0,10022.0,9022.0,10033000.0
2450,神腦,上市,9000.0,0.0,0.0,9000.0,258252657.0
1533,車王電,上市,7000.0,0.0,2000.0,9000.0,98547486.0
020039,元大加權N,上市,0.0,0.0,9000.0,9000.0,0.0
2906,高林,上市,8000.0,0.0,1000.0,9000.0,209116648.0
1516,川飛,上市,11000.0,0.0,-2000.0,9000.0,40008195.0
1909,榮成,上市,-44011.0,0.0,53000.0,8989.0,1327685727.0
3588,通嘉,上市,7532.0,0.0,994.0,8526.0,62014182.0
2908,特力,上市,5000.0,0.0,3000.0,8000.0,509887558.0
1615,大山,上市,6000.0,0.0,2000.0,8000.0,196663702.0
9942,茂順,上市,8000.0,0.0,0.0,8000.0,83161320.0
2471,資通,上市,5000.0,0.0,3000.0,8000.0,47253890.0
5907,大洋-KY,上市,8000.0,0.0,0.0,8000.0,195531000.0
5215,科嘉-KY,上市,7000.0,0.0,1000.0,8000.0,64337500.0
6283,淳安,上市,8000.0,0.0,0.0,8000.0,147906343.0
8341,日友,上市,9000.0,0.0,-1000.0,8000.0,130000000.0
7730,暉盛-創,上市,11000.0,0.0,-3000.0,8000.0,36796731.0
3008,大立光,上市,-31450.0,34899.0,4193.0,7642.0,133468197.0
00654R,富邦印度反1,上市,0.0,0.0,7410.0,7410.0,20466000.0
00656R,國泰中國A50反1,上市,0.0,0.0,7100.0,7100.0,20357000.0
00908,富邦入息REITs+,上市,-86000.0,0.0,93000.0,7000.0,40916000.0
5283,禾聯碩,上市,7000.0,0.0,0.0,7000.0,87600510.0
6192,巨路,上市,35000.0,0.0,-28000.0,7000.0,96155770.0
4190,佐登-KY,上市,7000.0,0.0,0.0,7000.0,61668812.0
1233,天仁,上市,0.0,0.0,7000.0,7000.0,90591948.0
1903,士紙,上市,7000.0,0.0,-1.0,6999.0,260039121.0
3406,玉晶光,上市,-296127.0,306000.0,-2886.0,6987.0,112743063.0
2467,志聖,上市,8573.0,-18000.0,16107.0,6680.0,156755348.0
1413,宏洲,上市,6000.0,0.0,0.0,6000.0,132112454.0
1437,勤益控,上市,5000.0,0.0,1000.0,6000.0,203371284.0
6906,現觀科,上市,16000.0,-10000.0,0.0,6000.0,33537400.0
6224,聚鼎,上市,4000.0,0.0,2000.0,6000.0,85645361.0
5484,慧友,上市,6000.0,0.0,0.0,6000.0,66801000.0
6835,圓裕,上市,6000.0,0.0,0.0,6000.0,66172297.0
8940,新天地,上市,6000.0,0.0,0.0,6000.0,67491032.0
4807,日成-KY,上市,4000.0,0.0,2000.0,6000.0,38396032.0
2115,六暉-KY,上市,4000.0,0.0,2000.0,6000.0,104373163.0
1234,黑松,上市,4000.0,0.0,2000.0,6000.0,401871094.0
1451,年興,上市,1000.0,0.0,5000.0,6000.0,198000000.0
1416,廣豐,上市,5000.0,0.0,1000.0,6000.0,185342168.0
1539,巨庭,上市,6000.0,0.0,0.0,6000.0,65370000.0
00678,群益那斯達克生技,上市,50000.0,0.0,-44189.0,5811.0,7948000.0
6491,晶碩,上市,7000.0,0.0,-1199.0,5801.0,78000000.0
00640L,富邦日本正2,上市,0.0,0.0,5447.0,5447.0,10419000.0
2546,根基,上市,6000.0,0.0,-738.0,5262.0,130524193.0
7799,禾榮科,上市,-12990.0,17000.0,1071.0,5081.0,156487500.0
7786,東方風能,上市,5000.0,0.0,0.0,5000.0,175361444.0
6579,研揚,上市,5000.0,0.0,0.0,5000.0,169451221.0
6585,鼎基,上市,3000.0,0.0,2000.0,5000.0,72133587.0
1232,大統益,上市,6000.0,0.0,-1000.0,5000.0,159974915.0
00681R,元大美債20反1,上市,0.0,0.0,5000.0,5000.0,7594000.0
3321,同泰,上市,5000.0,0.0,0.0,5000.0,53113769.0
2461,光群雷,上市,4000.0,0.0,1000.0,5000.0,173617284.0
2516,新建,上市,3000.0,0.0,2000.0,5000.0,226278457.0
1614,三洋電,上市,3000.0,0.0,2000.0,5000.0,269113406.0
2705,六福,上市,5000.0,0.0,0.0,5000.0,191312830.0
2438,翔耀,上市,5000.0,0.0,0.0,5000.0,65195641.0
00737,國泰AI機器人,上市,-11000.0,0.0,15703.0,4703.0,23538000.0
2462,良得電,上市,0.0,0.0,4590.0,4590.0,150144074.0
4536,拓凱,上市,5398.0,0.0,-1200.0,4198.0,90820000.0
4440,宜新實業,上市,0.0,0.0,4031.0,4031.0,67598000.0
3669,圓展,上市,4000.0,0.0,0.0,4000.0,92919950.0
2762,世界健身-KY,上市,2000.0,0.0,2000.0,4000.0,112500000.0
1526,日馳,上市,4000.0,0.0,0.0,4000.0,60000000.0
1530,亞崴,上市,1000.0,0.0,3000.0,4000.0,94594171.0
1417,嘉裕,上市,4000.0,0.0,0.0,4000.0,189941840.0
020036,元大金融配息N,上市,0.0,0.0,4000.0,4000.0,0.0
1776,展宇,上市,4000.0,0.0,0.0,4000.0,60106952.0
1463,強盛新,上市,1000.0,0.0,3000.0,4000.0,173268381.0
01001T,土銀富邦R1,上市,4000.0,0.0,0.0,4000.0,0.0
6024,群益期,上市,77000.0,0.0,-73000.0,4000.0,249937584.0
8215,明基材,上市,3000.0,0.0,1000.0,4000.0,320674514.0
9905,大華,上市,1000.0,0.0,3000.0,4000.0,305000000.0
6914,阜爾運通,上市,4000.0,0.0,0.0,4000.0,66226000.0
2465,麗臺,上市,5000.0,0.0,-1000.0,4000.0,93946031.0
2432,倚天酷碁-創,上市,-1000.0,0.0,5000.0,4000.0,61860000.0
4588,玖鼎電力,上市,3000.0,0.0,1000.0,4000.0,42985000.0
7631,聚賢研發-創,上市,0.0,0.0,3000.0,3000.0,19800000.0
2250,IKKA-KY,上市,3000.0,0.0,0.0,3000.0,36388226.0
6936,永鴻生技,上市,2000.0,0.0,1000.0,3000.0,72759000.0
7705,三商餐飲,上市,0.0,0.0,3000.0,3000.0,66067304.0
6969,成信實業*-創,上市,10000.0,0.0,-7000.0,3000.0,38142903.0
8463,潤泰材,上市,1000.0,0.0,2000.0,3000.0,150000000.0
9946,三發地產,上市,3000.0,0.0,0.0,3000.0,326554150.0
9943,好樂迪,上市,2000.0,0.0,1000.0,3000.0,125171510.0
1110,東泥,上市,3000.0,0.0,0.0,3000.0,572000797.0
2008,高興昌,上市,1000.0,0.0,2000.0,3000.0,190852293.0
2028,威致,上市,4000.0,0.0,-1000.0,3000.0,325714800.0
2433,互盛電,上市,1000.0,0.0,2000.0,3000.0,144496011.0
1101B,台泥乙特,上市,0.0,0.0,3000.0,3000.0,200000000.0
1466,聚隆,上市,1000.0,0.0,2000.0,3000.0,111157320.0
3679,新至陞,上市,2000.0,0.0,1000.0,3000.0,63022229.0
3168,眾福科,上市,3000.0,0.0,0.0,3000.0,75099649.0
3419,譁裕,上市,3000.0,0.0,0.0,3000.0,120480417.0
1762,中化生,上市,4000.0,0.0,-1126.0,2874.0,76918000.0
6830,汎銓,上市,16000.0,0.0,-13139.0,2861.0,51781846.0
1455,集盛,上市,5000.0,0.0,-2398.0,2602.0,531688380.0
00655L,國泰中國A50正2,上市,10000.0,0.0,-7524.0,2476.0,94458000.0
6625,必應,上市,-2000.0,0.0,4325.0,2325.0,57972488.0
3515,華擎,上市,7000.0,-1000.0,-3819.0,2181.0,123556329.0
3150,鈺寶-創,上市,5000.0,0.0,-2982.0,2018.0,44377001.0
4755,三福化,上市,3000.0,0.0,-1000.0,2000.0,100706000.0
4771,望隼,上市,2000.0,0.0,0.0,2000.0,58044700.0
2891B,中信金乙特,上市,0.0,0.0,2000.0,2000.0,333330000.0
2506,太設,上市,-7000.0,0.0,9000.0,2000.0,387000000.0
1468,昶和,上市,0.0,0.0,2000.0,2000.0,160405244.0
1525,江申,上市,0.0,0.0,2000.0,2000.0,73400135.0
1535,中宇,上市,1000.0,0.0,1000.0,2000.0,123742552.0
1453,大將,上市,2000.0,0.0,0.0,2000.0,113243048.0
1423,利華,上市,1000.0,0.0,1000.0,2000.0,99648000.0
1338,廣華-KY,上市,1000.0,0.0,1000.0,2000.0,83840000.0
1236,宏亞,上市,2000.0,0.0,0.0,2000.0,86674008.0
1323,永裕,上市,2000.0,0.0,0.0,2000.0,91274554.0
1730,花仙子,上市,-2000.0,0.0,4000.0,2000.0,63233851.0
1731,美吾華,上市,-1000.0,0.0,3000.0,2000.0,132915244.0
7721,微程式,上市,2000.0,0.0,0.0,2000.0,55370000.0
6918,愛派司,上市,2000.0,0.0,0.0,2000.0,34571000.0
8487,愛爾達-創,上市,2000.0,0.0,0.0,2000.0,26535000.0
4930,燦星網,上市,0.0,0.0,2000.0,2000.0,80000000.0
6958,日盛台駿,上市,2000.0,0.0,0.0,2000.0,403289360.0
2891C,中信金丙特,上市,0.0,0.0,2000.0,2000.0,166660000.0
6799,來頡,上市,2000.0,0.0,-1.0,1999.0,43705553.0
1339,昭輝,上市,2000.0,0.0,-158.0,1842.0,74123875.0
006204,永豐臺灣加權,上市,0.0,0.0,1366.0,1366.0,1500000.0
020037,元大金融高股息N,上市,0.0,0.0,1000.0,1000.0,0.0
01004T,土銀富邦R2,上市,1000.0,0.0,0.0,1000.0,0.0
6861,睿生光電,上市,1000.0,0.0,0.0,1000.0,41531650.0
8482,商億-KY,上市,1000.0,0.0,0.0,1000.0,107444000.0
9912,偉聯,上市,0.0,0.0,1000.0,1000.0,54170569.0
8162,微矽電子-創,上市,1000.0,0.0,0.0,1000.0,68702000.0
7765,中華資安,上市,0.0,0.0,1000.0,1000.0,40677000.0
6115,鎰勝,上市,-3000.0,0.0,4000.0,1000.0,187662154.0
6128,上福,上市,1000.0,0.0,0.0,1000.0,127588740.0
6183,關貿,上市,0.0,0.0,1000.0,1000.0,150000000.0
4994,傳奇,上市,1000.0,0.0,0.0,1000.0,66383400.0
6405,悅城,上市,-5000.0,0.0,6000.0,1000.0,65800000.0
2012,春雨,上市,1000.0,0.0,0.0,1000.0,302162700.0
2254,巨鎧精密-創,上市,0.0,0.0,1000.0,1000.0,63907680.0
2849,安泰銀,上市,-2000.0,0.0,3000.0,1000.0,1957609349.0
4935,茂林-KY,上市,1000.0,0.0,0.0,1000.0,128864091.0
4912,聯德控股-KY,上市,-1000.0,0.0,2000.0,1000.0,67093099.0
4585,達明,上市,2000.0,0.0,-1000.0,1000.0,102800000.0
4155,訊映,上市,1000.0,0.0,0.0,1000.0,144814164.0
4133,亞諾法,上市,1000.0,0.0,0.0,1000.0,60553594.0
3296,勝德,上市,2000.0,0.0,-1000.0,1000.0,96724450.0
2535,達欣工,上市,2000.0,0.0,-1006.0,994.0,270793967.0
1735,日勝化,上市,0.0,0.0,4.0,4.0,99388000.0
1474,弘裕,上市,0.0,0.0,0.0,0.0,129896969.0
1512,瑞利,上市,0.0,0.0,0.0,0.0,98183498.0
1438,三地開發,上市,-1000.0,0.0,1000.0,0.0,111205759.0
1235,興泰,上市,-1000.0,0.0,1000.0,0.0,188577836.0
2029,盛餘,上市,1000.0,0.0,-1000.0,0.0,321180000.0
2025,千興,上市,1000.0,0.0,-1000.0,0.0,172660536.0
1817,凱撒衛,上市,0.0,0.0,0.0,0.0,72600000.0
3164,景岳,上市,-1000.0,0.0,1000.0,0.0,86010364.0
2910,統領,上市,-1000.0,0.0,1000.0,0.0,175403000.0
2509,全坤建,上市,6000.0,0.0,-6000.0,0.0,224550530.0
5007,三星,上市,-1000.0,0.0,1000.0,0.0,294940154.0
5538,東明-KY,上市,-1000.0,0.0,1000.0,0.0,201203333.0
8488,吉源-KY,上市,-1000.0,0.0,1000.0,0.0,73500000.0
6754,匯僑設計,上市,0.0,0.0,0.0,0.0,66000000.0
6581,鋼聯,上市,0.0,0.0,0.0,0.0,111270887.0
1443,立益物流,上市,-1000.0,0.0,1000.0,0.0,135343011.0
1531,高林股,上市,0.0,0.0,0.0,0.0,182108080.0
1418,東華,上市,-1000.0,0.0,1000.0,0.0,56834309.0
00636K,國泰中國A50+U,上市,0.0,0.0,0.0,0.0,62100.0
00657K,國泰日經225+U,上市,0.0,0.0,0.0,0.0,2900.0
00682U,期元大美元指數,上市,0.0,0.0,0.0,0.0,7644000.0
00668K,國泰美國道瓊+U,上市,0.0,0.0,0.0,0.0,2500.0
00736,國泰新興市場,上市,0.0,0.0,0.0,0.0,6727000.0
00689R,國泰20年美債反1,上市,0.0,0.0,0.0,0.0,6889000.0
00851,台新全球AI,上市,-1000.0,0.0,1000.0,0.0,6525000.0
4106,雃博,上市,-1000.0,0.0,1000.0,0.0,100911557.0
02001R,富邦蘋果反一N,上市,0.0,0.0,0.0,0.0,0.0
2702,華園,上市,3000.0,0.0,-3000.0,0.0,156613249.0
1231,聯華食,上市,2030.0,0.0,-2078.0,-48.0,298454475.0
2482,連宇,上市,-2000.0,0.0,1860.0,-140.0,77882711.0
00913,兆豐台灣晶圓製造,上市,0.0,0.0,-592.0,-592.0,10766000.0
00661,元大日經225,上市,-1000.0,0.0,32.0,-968.0,24425000.0
911868,同方友友-DR,上市,-1000.0,0.0,0.0,-1000.0,140000000.0
6771,平和環保-創,上市,-2000.0,0.0,1000.0,-1000.0,31179500.0
6606,建德工業,上市,-2000.0,0.0,1000.0,-1000.0,110303783.0
00707R,期元大S&P日圓反1,上市,0.0,0.0,-1000.0,-1000.0,5855000.0
00711B,復華彭博新興債,上市,0.0,0.0,-1000.0,-1000.0,1006261000.0
00666R,富邦恒生國企反1,上市,0.0,0.0,-1000.0,-1000.0,15124000.0
6792,詠業,上市,-1000.0,0.0,0.0,-1000.0,47875325.0
6955,邦睿生技-創,上市,0.0,0.0,-1000.0,-1000.0,24800785.0
8443,阿瘦,上市,-1000.0,0.0,0.0,-1000.0,66800000.0
8481,政伸,上市,-1000.0,0.0,0.0,-1000.0,66601866.0
9103,美德醫療-DR,上市,-1000.0,0.0,0.0,-1000.0,205531500.0
8367,建新國際,上市,-1000.0,0.0,0.0,-1000.0,92172031.0
6592A,和潤企業甲特,上市,0.0,-1000.0,0.0,-1000.0,50000000.0
6504,南六,上市,-1000.0,0.0,0.0,-1000.0,72600000.0
020031,統一IC設計臺灣N,上市,0.0,0.0,-1000.0,-1000.0,0.0
1203,味王,上市,-1000.0,0.0,0.0,-1000.0,240000000.0
1108,幸福,上市,-6000.0,0.0,5000.0,-1000.0,404738049.0
1324,地球,上市,-1000.0,0.0,0.0,-1000.0,75121882.0
1475,業旺,上市,-4000.0,0.0,3000.0,-1000.0,66016749.0
1521,大億,上市,-2000.0,0.0,1000.0,-1000.0,76230000.0
2247,汎德永業,上市,-2000.0,0.0,1000.0,-1000.0,80708735.0
2430,燦坤,上市,0.0,0.0,-1000.0,-1000.0,116800000.0
2423,固緯,上市,2000.0,0.0,-3000.0,-1000.0,145047289.0
2314,台揚,上市,-1000.0,0.0,0.0,-1000.0,106126422.0
2483,百容,上市,6000.0,0.0,-7000.0,-1000.0,107889807.0
2496,卓越,上市,-1000.0,0.0,0.0,-1000.0,19100440.0
2706,第一店,上市,-3000.0,0.0,2000.0,-1000.0,499998346.0
2712,遠雄來,上市,-1000.0,0.0,0.0,-1000.0,105000000.0
2904,匯僑,上市,-1000.0,0.0,0.0,-1000.0,77834432.0
2945,三商家購,上市,-1000.0,0.0,0.0,-1000.0,67500000.0
2881B,富邦金乙特,上市,-1000.0,0.0,0.0,-1000.0,666660000.0
3494,誠研,上市,-1000.0,0.0,0.0,-1000.0,94800000.0
4949,有成精密,上市,-2000.0,0.0,961.0,-1039.0,67050543.0
4999,鑫禾,上市,0.0,0.0,-1156.0,-1156.0,74417200.0
9928,中視,上市,0.0,0.0,-1263.0,-1263.0,70724583.0
2031,新光鋼,上市,-10704.0,0.0,9312.0,-1392.0,321146341.0
6464,台數科,上市,-4000.0,0.0,2005.0,-1995.0,128781532.0
2616,山隆,上市,-1999.0,0.0,0.0,-1999.0,137281827.0
2642,宅配通,上市,-2000.0,0.0,0.0,-2000.0,95467000.0
4439,冠星-KY,上市,-3000.0,0.0,1000.0,-2000.0,38035800.0
3652,精聯,上市,-2000.0,0.0,0.0,-2000.0,75097500.0
2032,新鋼,上市,-2000.0,0.0,0.0,-2000.0,130521545.0
1805,寶徠,上市,-2000.0,0.0,0.0,-2000.0,134970455.0
2434,統懋,上市,-1000.0,0.0,-1000.0,-2000.0,37000000.0
1540,喬福,上市,-4000.0,0.0,2000.0,-2000.0,85473612.0
1432,大魯閣,上市,-2000.0,0.0,0.0,-2000.0,108000000.0
1452,宏益,上市,-1000.0,0.0,-1000.0,-2000.0,132641400.0
6641,基士德-KY,上市,-2000.0,0.0,0.0,-2000.0,36500000.0
6655,科定,上市,-2000.0,0.0,0.0,-2000.0,80571817.0
6423,億而得-創,上市,1000.0,0.0,-3000.0,-2000.0,30014520.0
5285,界霖,上市,-5000.0,0.0,3000.0,-2000.0,102040926.0
9918,欣天然,上市,-2000.0,0.0,0.0,-2000.0,180537453.0
7740,熙特爾-創,上市,-2000.0,0.0,0.0,-2000.0,53200000.0
7732,金興精密,上市,-2000.0,0.0,0.0,-2000.0,64680000.0
6902,GOGOLOOK,上市,-2000.0,0.0,0.0,-2000.0,35356638.0
6794,向榮生技,上市,-2000.0,0.0,0.0,-2000.0,63567000.0
9926,新海,上市,-2000.0,0.0,0.0,-2000.0,179504075.0
006203,元大MSCI台灣,上市,0.0,0.0,-2000.0,-2000.0,10218000.0
00775B,台新投等債15+,上市,-1000.0,0.0,-1000.0,-2000.0,232100000.0
2420,新巨,上市,-8000.0,0.0,6000.0,-2000.0,152648688.0
01010T,京城樂富R1,上市,-2000.0,0.0,0.0,-2000.0,0.0
6592B,和潤企業乙特,上市,0.0,-2000.0,0.0,-2000.0,50000000.0
6807,峰源-KY,上市,-3000.0,0.0,1000.0,-2000.0,54000000.0
3015,全漢,上市,-4000.0,0.0,1845.0,-2155.0,187261950.0
8476,台境*,上市,-1000.0,0.0,-1256.0,-2256.0,166226358.0
8499,鼎炫-KY,上市,-3000.0,0.0,256.0,-2744.0,41165557.0
3130,一零四,上市,-2999.0,0.0,0.0,-2999.0,33190700.0
2415,錩新,上市,-5000.0,0.0,2000.0,-3000.0,90000000.0
3043,科風,上市,-3000.0,0.0,0.0,-3000.0,38975634.0
01009T,王道圓滿R1,上市,0.0,0.0,-3000.0,-3000.0,0.0
8438,昶昕,上市,-5000.0,0.0,2000.0,-3000.0,69943000.0
6924,榮惠-KY創,上市,-3000.0,0.0,0.0,-3000.0,20850000.0
5533,皇鼎,上市,-3000.0,0.0,0.0,-3000.0,285244944.0
6657,華安,上市,-2000.0,0.0,-1000.0,-3000.0,88658000.0
2459,敦吉,上市,-3000.0,0.0,0.0,-3000.0,105595615.0
4148,全宇生技-KY,上市,-4000.0,0.0,1000.0,-3000.0,67235701.0
1506,正道,上市,-4000.0,0.0,1000.0,-3000.0,300388501.0
3266,昇陽,上市,-3000.0,0.0,0.0,-3000.0,352314309.0
6988,威力暘-創,上市,-1000.0,0.0,-2001.0,-3001.0,47600000.0
6526,達發,上市,7078.0,0.0,-10120.0,-3042.0,167505554.0
6916,華凌,上市,-3000.0,0.0,-69.0,-3069.0,67500000.0
2359,所羅門,上市,-3000.0,0.0,-177.0,-3177.0,171471052.0
1109,信大,上市,-4000.0,0.0,790.0,-3210.0,341158868.0
2375,凱美,上市,-6000.0,0.0,2761.0,-3239.0,108675334.0
0051,元大中型100,上市,-1000.0,0.0,-2356.0,-3356.0,24000000.0
0053,元大電子,上市,-1000.0,0.0,-2678.0,-3678.0,4988000.0
6951,青新-創,上市,-4000.0,0.0,0.0,-4000.0,46000000.0
6862,三集瑞-KY,上市,-4000.0,0.0,0.0,-4000.0,50000000.0
9924,福興,上市,-14000.0,0.0,10000.0,-4000.0,150761736.0
2069,運錩,上市,-4000.0,0.0,0.0,-4000.0,166386836.0
1445,大宇,上市,-1000.0,0.0,-3000.0,-4000.0,130666034.0
1537,廣隆,上市,-4000.0,0.0,0.0,-4000.0,82062794.0
4108,懷特,上市,-5000.0,0.0,1000.0,-4000.0,198618879.0
4426,利勤,上市,-4000.0,0.0,0.0,-4000.0,172677198.0
3229,晟鈦,上市,-3000.0,0.0,-1000.0,-4000.0,64263000.0
3308,聯德,上市,-6000.0,0.0,2000.0,-4000.0,60000000.0
2722,夏都,上市,-5000.0,0.0,1000.0,-4000.0,143169696.0
3501,維熹,上市,-4000.0,0.0,-156.0,-4156.0,118257927.0
2373,震旦行,上市,-6316.0,0.0,2000.0,-4316.0,236202518.0
1472,三洋實業,上市,-4000.0,0.0,-1000.0,-5000.0,52488082.0
4441,振大環球,上市,-5000.0,0.0,0.0,-5000.0,68017578.0
8411,福貞-KY,上市,-6000.0,0.0,1000.0,-5000.0,218404319.0
6965,中傑-KY,上市,-6000.0,0.0,1000.0,-5000.0,156336000.0
9136,巨騰-DR,上市,-5000.0,0.0,0.0,-5000.0,160000000.0
6670,復盛應用,上市,539683.0,-558000.0,12904.0,-5413.0,139386973.0
7780,大研生醫*,上市,6020.0,0.0,-12000.0,-5980.0,81002417.0
1470,大統新創,上市,-6000.0,0.0,0.0,-6000.0,85767000.0
3040,遠見,上市,-7172.0,0.0,1000.0,-6172.0,63000000.0
4555,氣立,上市,-7000.0,0.0,784.0,-6216.0,69984037.0
1726,永記,上市,-8295.0,0.0,2000.0,-6295.0,162000000.0
3716,中化控股,上市,-6500.0,0.0,0.0,-6500.0,149765614.0
6949,沛爾生醫*-創,上市,-10000.0,0.0,3487.0,-6513.0,58609550.0
00647L,元大S&P500正2,上市,1000.0,0.0,-7552.0,-6552.0,6916000.0
1457,宜進,上市,-7000.0,0.0,0.0,-7000.0,316730022.0
9944,新麗,上市,-10000.0,0.0,3000.0,-7000.0,105908100.0
9937,全國,上市,-10000.0,0.0,3000.0,-7000.0,309043000.0
00702,國泰標普低波高息,上市,-11000.0,0.0,4000.0,-7000.0,6688000.0
1626,艾美特-KY,上市,-11000.0,0.0,4000.0,-7000.0,149821721.0
6952,大武山,上市,5000.0,0.0,-12000.0,-7000.0,68345000.0
4583,台灣精銳,上市,-5790.0,0.0,-1407.0,-7197.0,80171351.0
1906,寶隆,上市,-7000.0,0.0,-381.0,-7381.0,151000000.0
2458,義隆,上市,-1291342.0,1269000.0,14820.0,-7522.0,303880392.0
00892,富邦台灣半導體,上市,-9000.0,0.0,1180.0,-7820.0,250292000.0
6715,嘉基,上市,-4000.0,0.0,-4000.0,-8000.0,66364505.0
6834,天二科技,上市,-8000.0,0.0,0.0,-8000.0,88471082.0
8201,無敵,上市,-10000.0,0.0,2000.0,-8000.0,62366275.0
2248,華勝-KY,上市,-7000.0,0.0,-1000.0,-8000.0,47600000.0
1604,聲寶,上市,-6000.0,0.0,-2000.0,-8000.0,384200000.0
00714,群益道瓊美國地產,上市,-28000.0,0.0,19663.0,-8337.0,26567000.0
9908,大台北,上市,-6000.0,0.0,-3000.0,-9000.0,516358000.0
6790,永豐實,上市,-10000.0,0.0,1000.0,-9000.0,267129021.0
6674,鋐寶科技,上市,-9000.0,0.0,0.0,-9000.0,68697659.0
1256,鮮活果汁-KY,上市,-9000.0,0.0,0.0,-9000.0,35772160.0
2426,鼎元,上市,-1000.0,0.0,-8000.0,-9000.0,300622252.0
4438,廣越,上市,-11000.0,0.0,2000.0,-9000.0,113425455.0
2887E,台新新光戊特一,上市,-9000.0,0.0,0.0,-9000.0,500000000.0
6698,旭暉應材,上市,-12000.0,0.0,2772.0,-9228.0,66389753.0
6838,台新藥,上市,-9000.0,0.0,-1000.0,-10000.0,150977100.0
6184,大豐電,上市,-10000.0,0.0,0.0,-10000.0,158261131.0
4572,駐龍,上市,-2000.0,-8000.0,0.0,-10000.0,4000000.0
2227,裕日車,上市,-10000.0,0.0,0.0,-10000.0,300000000.0
1752,南光,上市,-10000.0,0.0,0.0,-10000.0,100988472.0
1529,樂事綠能,上市,-8000.0,0.0,-2027.0,-10027.0,155095074.0
8081,致新,上市,-9000.0,-1000.0,-590.0,-10590.0,86172072.0
2302,麗正,上市,-17000.0,0.0,6000.0,-11000.0,166302881.0
1459,聯發,上市,-12000.0,0.0,1000.0,-11000.0,358628907.0
020034,元大IC設計N,上市,0.0,0.0,-11000.0,-11000.0,0.0
2414,精技,上市,-12000.0,0.0,1000.0,-11000.0,161735846.0
3054,立萬利,上市,-13000.0,0.0,2000.0,-11000.0,80651041.0
3021,鴻名,上市,-12000.0,0.0,1000.0,-11000.0,94890000.0
6598,ABC-KY,上市,-11000.0,0.0,0.0,-11000.0,102787561.0
6534,正瀚-創,上市,-8000.0,0.0,-3000.0,-11000.0,102800000.0
6281,全國電,上市,5000.0,0.0,-16000.0,-11000.0,99172945.0
9925,新保,上市,-14000.0,0.0,3000.0,-11000.0,387489605.0
3504,揚明光,上市,-11000.0,0.0,-2000.0,-13000.0,114059785.0
2424,隴華,上市,-13000.0,0.0,0.0,-13000.0,58985000.0
1439,雋揚,上市,-12000.0,0.0,-1000.0,-13000.0,92000000.0
6277,宏正,上市,-13000.0,0.0,-125.0,-13125.0,119471166.0
00690,兆豐藍籌30,上市,63000.0,0.0,-76498.0,-13498.0,78330000.0
5288,豐祥-KY,上市,-13000.0,0.0,-1000.0,-14000.0,69730022.0
2444,兆勁,上市,-14000.0,0.0,0.0,-14000.0,101569573.0
6216,居易,上市,-13000.0,0.0,-1170.0,-14170.0,96189637.0
1225,福懋油,上市,-14220.0,0.0,0.0,-14220.0,242268306.0
00703,台新MSCI中國,上市,0.0,0.0,-14617.0,-14617.0,11550000.0
6202,盛群,上市,-12000.0,0.0,-2747.0,-14747.0,230388200.0
6645,金萬林-創,上市,0.0,0.0,-14999.0,-14999.0,60864050.0
6226,光鼎,上市,-15000.0,0.0,0.0,-15000.0,115534789.0
1220,台榮,上市,-15000.0,0.0,0.0,-15000.0,177077944.0
2704,國賓,上市,-16000.0,0.0,1000.0,-15000.0,366923343.0
4552,力達-KY,上市,-15000.0,0.0,0.0,-15000.0,116000000.0
4942,嘉彰,上市,-17000.0,0.0,1905.0,-15095.0,142367613.0
1558,伸興,上市,-16000.0,0.0,638.0,-15362.0,66535631.0
2102,泰豐,上市,-16000.0,0.0,0.0,-16000.0,473329207.0
00660,元大歐洲50,上市,0.0,0.0,-16000.0,-16000.0,7531000.0
2013,中鋼構,上市,-15000.0,0.0,-1076.0,-16076.0,200000000.0
6994,富威電力,上市,-20000.0,0.0,3810.0,-16190.0,73828571.0
8045,達運光電,上市,-17000.0,0.0,358.0,-16642.0,94996815.0
2477,美隆電,上市,-23000.0,0.0,6000.0,-17000.0,158573244.0
2030,彰源,上市,-15000.0,0.0,-2000.0,-17000.0,280526027.0
1783,和康生,上市,-16000.0,0.0,-1000.0,-17000.0,89680115.0
8467,波力-KY,上市,-17000.0,0.0,-1.0,-17001.0,50373575.0
2352,佳世達,上市,1857353.0,-1892276.0,17786.0,-17137.0,1580506505.0
00710B,復華彭博非投等債,上市,0.0,-100000.0,82492.0,-17508.0,206261000.0
6525,捷敏-KY,上市,-20000.0,0.0,2000.0,-18000.0,129047384.0
3380,明泰,上市,-18000.0,0.0,-191.0,-18191.0,541718460.0
4571,鈞興-KY,上市,-17000.0,0.0,-1466.0,-18466.0,53017115.0
1732,毛寶,上市,-28000.0,0.0,9000.0,-19000.0,42443957.0
6142,友勁,上市,-19000.0,0.0,0.0,-19000.0,330779215.0
3029,零壹,上市,-28000.0,0.0,8109.0,-19891.0,167005212.0
7736,虎山,上市,-21000.0,0.0,1000.0,-20000.0,76000000.0
2707,晶華,上市,-19000.0,0.0,-1000.0,-20000.0,127403238.0
5525,順天,上市,-20000.0,0.0,-1000.0,-21000.0,318105378.0
2816,旺旺保,上市,-23000.0,0.0,2000.0,-21000.0,223608000.0
6257,矽格,上市,1676956.0,-2165000.0,466510.0,-21534.0,483912325.0
6431,光麗-KY,上市,-21000.0,0.0,-1000.0,-22000.0,97398835.0
3094,聯傑,上市,-22000.0,0.0,0.0,-22000.0,83117089.0
2608,嘉里大榮,上市,-31000.0,0.0,8998.0,-22002.0,467000498.0
1587,吉茂,上市,-21000.0,0.0,-2000.0,-23000.0,80055672.0
912000,晨訊科-DR,上市,-23000.0,0.0,0.0,-23000.0,155883516.0
7788,松川精密,上市,-23000.0,0.0,-834.0,-23834.0,79745993.0
1603,華電,上市,-23000.0,-1000.0,0.0,-24000.0,191688000.0
4915,致伸,上市,283188.0,-293000.0,-14396.0,-24208.0,471142824.0
00735,國泰臺韓科技,上市,0.0,0.0,-27000.0,-27000.0,10289000.0
4569,六方科-KY,上市,-29000.0,0.0,1000.0,-28000.0,30600000.0
2239,英利-KY,上市,-25000.0,0.0,-3000.0,-28000.0,120346593.0
6541,泰福-KY,上市,-26999.0,0.0,-1001.0,-28000.0,264680367.0
1734,杏輝,上市,-29000.0,0.0,0.0,-29000.0,190196774.0
00657,國泰日經225,上市,-3000.0,0.0,-26586.0,-29586.0,7084000.0
5306,桂盟,上市,-32000.0,0.0,1000.0,-31000.0,126000772.0
2912,統一超,上市,77464.0,-117571.0,8676.0,-31431.0,1039622255.0
8033,雷虎,上市,14925.0,0.0,-47750.0,-32825.0,152629775.0
2929,淘帝-KY,上市,-33000.0,0.0,0.0,-33000.0,109493838.0
2405,輔信,上市,-40000.0,0.0,7000.0,-33000.0,343427303.0
2492,華新科,上市,45000.0,9000.0,-87541.0,-33541.0,485804774.0
6189,豐藝,上市,-23712.0,0.0,-10000.0,-33712.0,263779657.0
6108,競國,上市,-32000.0,0.0,-2000.0,-34000.0,159899311.0
9939,宏全,上市,-19191.0,-19000.0,3606.0,-34585.0,295786475.0
3013,晟銘電,上市,-34886.0,-81000.0,81260.0,-34626.0,205138930.0
5258,虹堡,上市,-36000.0,0.0,1060.0,-34940.0,110364894.0
2524,京城,上市,-27000.0,0.0,-8000.0,-35000.0,365983545.0
5243,乙盛-KY,上市,-39000.0,0.0,2937.0,-36063.0,168528915.0
00653L,富邦印度正2,上市,1000.0,0.0,-38086.0,-37086.0,16903000.0
1340,勝悅-KY,上市,-36000.0,0.0,-2000.0,-38000.0,152922855.0
6923,中台,上市,-40000.0,0.0,-59.0,-40059.0,91488000.0
00894,中信小資高價30,上市,249000.0,0.0,-289380.0,-40380.0,143509000.0
6120,達運,上市,-42400.0,0.0,2000.0,-40400.0,598999602.0
4739,康普,上市,-39000.0,0.0,-1988.0,-40988.0,118649269.0
3545,敦泰,上市,-38711.0,0.0,-5130.0,-43841.0,221312881.0
00876,元大全球5G,上市,-62000.0,0.0,17889.0,-44111.0,81524000.0
6409,旭隼,上市,-36387.0,2000.0,-10124.0,-44511.0,87711366.0
2385,群光,上市,427430.0,-477000.0,5001.0,-44569.0,760053172.0
3027,盛達,上市,-47000.0,0.0,1000.0,-46000.0,116039561.0
4532,瑞智,上市,-67000.0,0.0,19998.0,-47002.0,504895105.0
3002,歐格,上市,-48000.0,0.0,-2000.0,-50000.0,102000000.0
1467,南緯,上市,-51000.0,0.0,1000.0,-50000.0,233624667.0
3041,揚智,上市,-46200.0,0.0,-4365.0,-50565.0,140223647.0
6456,GIS-KY,上市,-52000.0,0.0,-910.0,-52910.0,337939800.0
00917,中信特選金融,上市,-25000.0,0.0,-28213.0,-53213.0,26478000.0
2545,皇翔,上市,-51000.0,0.0,-3000.0,-54000.0,379734808.0
3530,晶相光,上市,-54000.0,0.0,0.0,-54000.0,77475900.0
5388,中磊,上市,-56858.0,0.0,2564.0,-54294.0,300429542.0
00956,中信日經高股息,上市,-53000.0,0.0,-1478.0,-54478.0,25630000.0
3057,喬鼎,上市,-76000.0,0.0,21040.0,-54960.0,60325729.0
6533,晶心科,上市,-52507.0,0.0,-3170.0,-55677.0,50650911.0
3443,創意,上市,-58116.0,-43000.0,41091.0,-60025.0,134011911.0
00985A,主動野村台灣50,上市,180165.0,0.0,-240294.0,-60129.0,517789000.0
8016,矽創,上市,-62000.0,-1000.0,1999.0,-61001.0,120136876.0
2464,盟立,上市,-62000.0,0.0,371.0,-61629.0,206451226.0
6669,緯穎,上市,-133069.0,37673.0,33151.0,-62245.0,185840791.0
6719,力智,上市,-57000.0,-1000.0,-4275.0,-62275.0,105387289.0
00709,富邦歐洲,上市,1000.0,0.0,-64000.0,-63000.0,16460000.0
00903,富邦元宇宙,上市,3000.0,0.0,-66621.0,-63621.0,69721000.0
1736,喬山,上市,-67000.0,0.0,1925.0,-65075.0,303394617.0
3543,州巧,上市,-68000.0,0.0,1000.0,-67000.0,89263150.0
00852L,國泰美國道瓊正2,上市,0.0,0.0,-67890.0,-67890.0,8865000.0
1476,儒鴻,上市,-163810.0,95000.0,18.0,-68792.0,274367111.0
00770,國泰北美科技,上市,0.0,0.0,-69379.0,-69379.0,80958000.0
1710,東聯,上市,-66000.0,0.0,-4000.0,-70000.0,885703029.0
1720,生達,上市,-69000.0,0.0,-1000.0,-70000.0,178696089.0
5269,祥碩,上市,-99107.0,1492.0,21738.0,-75877.0,74777129.0
1414,東和,上市,-122000.0,-1000.0,47000.0,-76000.0,220000000.0
2515,中工,上市,-306024.0,0.0,226878.0,-79146.0,1607904084.0
2316,楠梓電,上市,-77000.0,0.0,-2854.0,-79854.0,182740536.0
6451,訊芯-KY,上市,-72000.0,0.0,-8935.0,-80935.0,107464800.0
1713,國化,上市,-91000.0,0.0,10000.0,-81000.0,150951700.0
2852,第一保,上市,-79000.0,0.0,-2000.0,-81000.0,301163784.0
1786,科妍,上市,-81000.0,0.0,-1626.0,-82626.0,72191688.0
1460,宏遠,上市,12000.0,0.0,-95000.0,-83000.0,694643484.0
3138,耀登,上市,-87000.0,0.0,3000.0,-84000.0,50308063.0
3014,聯陽,上市,13000.0,-100000.0,2657.0,-84343.0,166020124.0
00670L,富邦NASDAQ正2,上市,8010.0,0.0,-92981.0,-84971.0,85145000.0
2497,怡利電,上市,-88000.0,0.0,918.0,-87082.0,118087676.0
8046,南電,上市,-62792.0,-108900.0,79482.0,-92210.0,646165487.0
4545,銘鈺,上市,-81000.0,0.0,-11617.0,-92617.0,77000000.0
2883B,凱基金乙特,上市,0.0,0.0,-95000.0,-95000.0,1582142374.0
5608,四維航,上市,-89000.0,0.0,-7306.0,-96306.0,389271614.0
00861,元大全球未來通訊,上市,-25971.0,0.0,-70919.0,-96890.0,72412000.0
00675L,富邦臺灣加權正2,上市,13000.0,0.0,-111961.0,-98961.0,117286000.0
4736,泰博,上市,-99900.0,0.0,0.0,-99900.0,95374469.0
6271,同欣電,上市,-20997.0,-6000.0,-73441.0,-100438.0,209058024.0
3023,信邦,上市,15000.0,-120000.0,2841.0,-102159.0,240069014.0
6449,鈺邦,上市,-76000.0,0.0,-26746.0,-102746.0,91918514.0
00651R,復華香港反1,上市,0.0,0.0,-106900.0,-106900.0,36192000.0
6243,迅杰,上市,-107000.0,0.0,-1000.0,-108000.0,45268841.0
9910,豐泰,上市,-118069.0,-3000.0,8178.0,-112891.0,987482831.0
00634R,富邦上証反1,上市,0.0,0.0,-112900.0,-112900.0,47256000.0
1522,堤維西,上市,-123000.0,0.0,7534.0,-115466.0,312897881.0
8104,錸寶,上市,-111041.0,0.0,-9000.0,-120041.0,104058192.0
6165,浪凡,上市,-114000.0,0.0,-7000.0,-121000.0,77752623.0
00964,中信亞太高股息,上市,55000.0,0.0,-176000.0,-121000.0,26624000.0
00951,台新日本半導體,上市,-294000.0,0.0,170784.0,-123216.0,196042000.0
00923,群益台ESG低碳50,上市,18000.0,0.0,-142727.0,-124727.0,801423000.0
2355,敬鵬,上市,-129684.0,0.0,2411.0,-127273.0,397495420.0
3048,益登,上市,-131000.0,0.0,2703.0,-128297.0,269829794.0
1524,耿鼎,上市,-131000.0,0.0,1622.0,-129378.0,165310397.0
6691,洋基工程,上市,-115724.0,-10000.0,-4421.0,-130145.0,121487209.0
2207,和泰車,上市,-520599.0,376176.0,11733.0,-132690.0,557102768.0
2547,日勝生,上市,-144340.0,0.0,8000.0,-136340.0,1035094649.0
8261,富鼎,上市,-139227.0,0.0,1156.0,-138071.0,118792493.0
3024,憶聲,上市,-140000.0,0.0,-1000.0,-141000.0,277157496.0
00643,群益深証中小,上市,-97000.0,0.0,-46874.0,-143874.0,99573000.0
9955,佳龍,上市,-148000.0,0.0,-1000.0,-149000.0,104475729.0
1305,華夏,上市,-147000.0,0.0,-2001.0,-149001.0,581050494.0
00983D,主動富邦複合收益,上市,-9000.0,0.0,-140968.0,-149968.0,102697000.0
3035,智原,上市,-157851.0,1000.0,3812.0,-153039.0,260550313.0
3532,台勝科,上市,-431000.0,2000.0,275846.0,-153154.0,387848300.0
2905,三商,上市,-79000.0,0.0,-95346.0,-174346.0,1110371703.0
4961,天鈺,上市,-175361.0,0.0,-240.0,-175601.0,121253603.0
8996,高力,上市,-261865.0,56000.0,30162.0,-175703.0,91471435.0
00910,第一金太空衛星,上市,7100.0,0.0,-183411.0,-176311.0,64939000.0
6116,彩晶,上市,-87000.0,0.0,-90933.0,-177933.0,2858654851.0
00954,中信日本半導體,上市,6070.0,0.0,-184389.0,-178319.0,71247000.0
9802,鈺齊-KY,上市,-183020.0,-615.0,-462.0,-184097.0,200991673.0
00757,統一FANG+,上市,45025.0,0.0,-230601.0,-185576.0,365494000.0
2388,威盛,上市,-236254.0,2000.0,46788.0,-187466.0,555600941.0
3305,昇貿,上市,-165000.0,0.0,-22680.0,-187680.0,134237474.0
2850,新產,上市,-181424.0,-7000.0,-196.0,-188620.0,315963300.0
4989,榮科,上市,-186000.0,0.0,-4960.0,-190960.0,137776500.0
2211,長榮鋼,上市,-2415000.0,2256000.0,-34167.0,-193167.0,417091463.0
3653,健策,上市,-2009147.0,1748659.0,67283.0,-193205.0,142922005.0
5284,jpp-KY,上市,-190100.0,0.0,-4570.0,-194670.0,50928860.0
3042,晶技,上市,-290000.0,-9000.0,89896.0,-209104.0,342992971.0
6890,來億-KY,上市,-555535.0,311000.0,33522.0,-211013.0,249400000.0
00674R,期元大S&P黃金反1,上市,0.0,0.0,-211133.0,-211133.0,93103000.0
1304,台聚,上市,-292000.0,0.0,74438.0,-217562.0,1188763500.0
3701,大眾控,上市,-217000.0,0.0,-3144.0,-220144.0,236526612.0
00865B,國泰US短期公債,上市,66000.0,0.0,-297246.0,-231246.0,148744000.0
3005,神基,上市,220179.0,-469000.0,14230.0,-234591.0,620215900.0
3209,全科,上市,-236000.0,0.0,1000.0,-235000.0,234712751.0
3062,建漢,上市,-208900.0,0.0,-27060.0,-235960.0,330136018.0
6446,藥華藥,上市,-276713.0,35000.0,5593.0,-236120.0,379939370.0
00904,台新臺灣半導體30,上市,8910.0,250000.0,-506928.0,-248018.0,136112000.0
00671R,富邦NASDAQ反1,上市,0.0,0.0,-255820.0,-255820.0,648384000.0
3034,聯詠,上市,180414.0,-456526.0,10416.0,-265696.0,608511469.0
3135,凌航,上市,-268000.0,0.0,2000.0,-266000.0,77493405.0
6155,鈞寶,上市,-278000.0,0.0,2646.0,-275354.0,88023988.0
1310,台苯,上市,-260000.0,0.0,-16778.0,-276778.0,527869764.0
6153,嘉聯益,上市,-315692.0,0.0,36562.0,-279130.0,636177694.0
00911,兆豐洲際半導體,上市,-848.0,0.0,-282452.0,-283300.0,17403000.0
2342,茂矽,上市,-286000.0,0.0,1915.0,-284085.0,157524744.0
3592,瑞鼎,上市,694360.0,-990000.0,-1675.0,-297315.0,75855226.0
2349,錸德,上市,-327500.0,0.0,9000.0,-318500.0,693679663.0
2374,佳能,上市,-285000.0,-2000.0,-33869.0,-320869.0,324579133.0
1904,正隆,上市,-326999.0,0.0,4604.0,-322395.0,1108274522.0
3189,景碩,上市,-619789.0,0.0,287857.0,-331932.0,456812660.0
00662,富邦NASDAQ,上市,81070.0,0.0,-421513.0,-340443.0,609529000.0
6426,統新,上市,-340000.0,0.0,-822.0,-340822.0,38509000.0
2228,劍麟,上市,-390000.0,57000.0,-15785.0,-348785.0,79531339.0
2607,榮運,上市,862490.0,-1215000.0,0.0,-352510.0,533570547.0
4906,正文,上市,-376000.0,0.0,23086.0,-352914.0,427594111.0
2520,冠德,上市,4657000.0,-5435000.0,411531.0,-366469.0,609487110.0
3028,增你強,上市,-373000.0,0.0,-4000.0,-377000.0,237241193.0
4916,事欣科,上市,-454067.0,0.0,71013.0,-383054.0,110602900.0
009803,玉山市值動能50,上市,421000.0,0.0,-809240.0,-388240.0,129328000.0
009800,中信NASDAQ,上市,39005.0,0.0,-434311.0,-395306.0,315891000.0
1721,國慶科技,上市,-388000.0,0.0,-9010.0,-397010.0,184884092.0
2605,新興,上市,-262306.0,0.0,-136217.0,-398523.0,585353297.0
5521,工信,上市,-326000.0,0.0,-84507.0,-410507.0,492280155.0
3006,晶豪科,上市,1994.0,0.0,-417390.0,-415396.0,286172238.0
3167,大量,上市,-440010.0,0.0,21080.0,-418930.0,88361787.0
4526,東台,上市,-419000.0,0.0,0.0,-419000.0,254826461.0
6152,百一,上市,-437000.0,0.0,11047.0,-425953.0,167738463.0
1447,力鵬,上市,-448000.0,0.0,14000.0,-434000.0,910071242.0
6415,矽力*-KY,上市,-478257.0,13000.0,1289.0,-463968.0,388056131.0
00763U,期街口道瓊銅,上市,-4000.0,0.0,-460466.0,-464466.0,40565000.0
2885,元大金,上市,11539849.0,-12505024.0,493212.0,-471963.0,13331149946.0
2360,致茂,上市,-8252255.0,7716447.0,57453.0,-478355.0,425261742.0
9938,百和,上市,-446000.0,-59000.0,20754.0,-484246.0,297963902.0
006206,元大上證50,上市,21000.0,0.0,-516643.0,-495643.0,33278000.0
1319,東陽,上市,-510400.0,10000.0,-14286.0,-514686.0,591477068.0
6164,華興,上市,-530000.0,0.0,5000.0,-525000.0,80000000.0
1301,台塑,上市,-346812.0,-322858.0,140097.0,-529573.0,6365740781.0
00676R,富邦臺灣加權反1,上市,0.0,0.0,-542252.0,-542252.0,122333683.0
2356,英業達,上市,-653780.0,73000.0,17503.0,-563277.0,3587475066.0
3047,訊舟,上市,-578000.0,0.0,-2007.0,-580007.0,223700858.0
00988A,主動統一全球創新,上市,906000.0,0.0,-1492000.0,-586000.0,936937000.0
3045,台灣大,上市,-30418603.0,29799003.0,11782.0,-607818.0,3723261811.0
2353,宏碁,上市,175000.0,-689000.0,-100636.0,-614636.0,3047853828.0
2376,技嘉,上市,-360438.0,-241000.0,-14338.0,-615776.0,669888886.0
2023,燁輝,上市,-556142.0,0.0,-66000.0,-622142.0,1903240214.0
2903,遠百,上市,-4593120.0,3927000.0,25000.0,-641120.0,1416940589.0
8028,昇陽半導體,上市,-635910.0,-1000.0,-20294.0,-657204.0,172628033.0
3037,欣興,上市,-1728628.0,389000.0,666282.0,-673346.0,1529600197.0
2347,聯強,上市,4614499.0,-5333000.0,30833.0,-687668.0,1667946968.0
2402,毅嘉,上市,-718000.0,0.0,28141.0,-689859.0,307536533.0
6919,康霈*,上市,-698502.0,1122.0,7116.0,-690264.0,1550897860.0
3016,嘉晶,上市,-758000.0,0.0,-17580.0,-775580.0,288541819.0
6278,台表科,上市,-791725.0,-56000.0,12133.0,-835592.0,292398353.0
00641R,富邦日本反1,上市,0.0,0.0,-860492.0,-860492.0,80758000.0
2327,國巨*,上市,-210050.0,-180283.0,-476448.0,-866781.0,2072965820.0
009812,野村日本東證,上市,-1000.0,0.0,-867431.0,-868431.0,97882000.0
8271,宇瞻,上市,-967000.0,-1000.0,68183.0,-899817.0,128129266.0
6442,光聖,上市,-855907.0,-73000.0,23727.0,-905180.0,77343078.0
2379,瑞昱,上市,-1340308.0,405300.0,1831.0,-933177.0,512863641.0
00984A,主動安聯台灣高息,上市,-12000.0,0.0,-969142.0,-981142.0,303458000.0
1528,恩德,上市,-1019000.0,0.0,16499.0,-1002501.0,191331000.0
00664R,國泰臺灣加權反1,上市,0.0,0.0,-1023553.0,-1023553.0,741075000.0
8112,至上,上市,-994864.0,-6000.0,-85945.0,-1086809.0,525291698.0
1905,華紙,上市,-1131800.0,0.0,-6885.0,-1138685.0,1102835316.0
3060,銘異,上市,-1082000.0,0.0,-72133.0,-1154133.0,137563190.0
4977,眾達-KY,上市,-1187000.0,0.0,-4580.0,-1191580.0,80189841.0
2454,聯發科,上市,-1842620.0,217461.0,365736.0,-1259423.0,1603912182.0
2485,兆赫,上市,-1035995.0,0.0,-247643.0,-1283638.0,317689037.0
00830,國泰費城半導體,上市,-558388.0,0.0,-735230.0,-1293618.0,477965000.0
2406,國碩,上市,-1346000.0,0.0,9549.0,-1336451.0,350905689.0
1722,台肥,上市,-202161.0,-1057000.0,-96179.0,-1355340.0,980000000.0
8163,達方,上市,-1365850.0,0.0,-15121.0,-1380971.0,280000001.0
6706,惠特,上市,-1332609.0,0.0,-58302.0,-1390911.0,78568865.0
2886,兆豐金,上市,-3615147.0,2016180.0,194000.0,-1404967.0,14833378282.0
4967,十銓,上市,-1388000.0,-1000.0,-30140.0,-1419140.0,84963288.0
2408,南亞科,上市,-3408905.0,-4000.0,1992073.0,-1420832.0,3098627894.0
2486,一詮,上市,-1681000.0,0.0,167140.0,-1513860.0,233958579.0
2399,映泰,上市,-1514000.0,0.0,-171.0,-1514171.0,178100000.0
6443,元晶,上市,-2055998.0,0.0,503000.0,-1552998.0,538691466.0
2887I,台新新光辛特,上市,-1574000.0,0.0,0.0,-1574000.0,3096420552.0
00946,群益科技高息成長,上市,587000.0,0.0,-2240626.0,-1653626.0,699746000.0
9904,寶成,上市,-3241000.0,1464000.0,116104.0,-1660896.0,2946787213.0
00953B,群益優選非投等債,上市,4193000.0,0.0,-5860000.0,-1667000.0,4096675000.0
2634,漢翔,上市,-1639737.0,-5000.0,-107660.0,-1752397.0,941867101.0
8070,長華*,上市,-1716800.0,-7000.0,-49220.0,-1773020.0,725648455.0
9105,泰金寶-DR,上市,-1682000.0,0.0,-114124.0,-1796124.0,1655366936.0
2495,普安,上市,-1796129.0,0.0,-18368.0,-1814497.0,273551538.0
2481,強茂,上市,-3000586.0,1406000.0,-302776.0,-1897362.0,382114927.0
2357,華碩,上市,-5685542.0,3685236.0,34115.0,-1966191.0,742760280.0
8039,台虹,上市,-3094831.0,-2000.0,1050573.0,-2046258.0,256650999.0
6239,力成,上市,2052222.0,-4099000.0,-49386.0,-2096164.0,759146634.0
3450,聯鈞,上市,-2113446.0,-130000.0,-58093.0,-2301539.0,145681382.0
2006,東和鋼鐵,上市,-2542000.0,-98000.0,314270.0,-2325730.0,730213818.0
3576,聯合再生,上市,-2377256.0,0.0,10000.0,-2367256.0,1627795375.0
00981T,平衡凱基雙核收息,上市,-70000.0,0.0,-2539378.0,-2609378.0,133261000.0
2451,創見,上市,-2527255.0,0.0,-163910.0,-2691165.0,430701675.0
00738U,期元大道瓊白銀,上市,-196779.0,0.0,-2644848.0,-2841627.0,154799000.0
2367,燿華,上市,-2874302.0,0.0,-86929.0,-2961231.0,706253175.0
2892,第一金,上市,63100716.0,-66903908.0,654855.0,-3148337.0,14379468650.0
8021,尖點,上市,-2540840.0,-782000.0,47262.0,-3275578.0,142042467.0
8150,南茂,上市,-3194623.0,0.0,-83761.0,-3278384.0,704523126.0
00882,中信中國高股息,上市,-721000.0,0.0,-2654624.0,-3375624.0,2350349000.0
1802,台玻,上市,-5935096.0,1000.0,718165.0,-5215931.0,2908060800.0
1102,亞泥,上市,-15188887.0,9038000.0,85044.0,-6065843.0,3546562881.0
2329,華泰,上市,-5707499.0,0.0,-650044.0,-6357543.0,560004333.0
00642U,期元大S&P石油,上市,7000.0,0.0,-6373525.0,-6366525.0,238321000.0
00980A,主動野村臺灣優選,上市,298000.0,0.0,-6931811.0,-6633811.0,627730000.0
3702,大聯大,上市,-13008129.0,5944000.0,195850.0,-6868279.0,1679056833.0
2409,友達,上市,-8214618.0,366000.0,150107.0,-7698511.0,7547098972.0
2382,廣達,上市,-9454847.0,697663.0,527129.0,-8230055.0,3862627432.0
00981A,主動統一台股增長,上市,9025000.0,0.0,-19107441.0,-10082441.0,2971209000.0
1303,南亞,上市,-16725874.0,3031478.0,2000967.0,-11693429.0,7930821589.0
2313,華通,上市,-12702132.0,744000.0,61917.0,-11896215.0,1191820589.0
2027,大成鋼,上市,-20757196.0,6775000.0,259103.0,-13723093.0,2584260615.0
00632R,元大台灣50反1,上市,110000.0,0.0,-14109629.0,-13999629.0,1701707730.0
00715L,期街口布蘭特正2,上市,3000.0,0.0,-16264272.0,-16261272.0,600691793.0
2337,旺宏,上市,-19565280.0,-621000.0,-2761885.0,-22948165.0,1855826441.0
3481,群創,上市,-26092498.0,239000.0,2223246.0,-23630252.0,7989197337.0
2344,華邦電,上市,-76632670.0,206000.0,-1731782.0,-78158452.0,4500000193.0
00991A,主動復華未來50,上市,121415.0,0.0,-130508979.0,-130387564.0,1512916000.0
006201,元大富櫃50,上櫃,0.0,0.0,0.0,13181.0,0.0
00679B,元大美債20年,上櫃,0.0,0.0,0.0,8706030.0,0.0
00687B,國泰20年美債,上櫃,0.0,0.0,0.0,9580591.0,0.0
00687C,國泰20年美債+櫃U,上櫃,0.0,0.0,0.0,0.0,0.0
00694B,富邦美債1-3,上櫃,0.0,0.0,0.0,4000.0,0.0
00695B,富邦美債7-10,上櫃,0.0,0.0,0.0,40101.0,0.0
00696B,富邦美債20年,上櫃,0.0,0.0,0.0,246969.0,0.0
00697B,元大美債7-10,上櫃,0.0,0.0,0.0,-30402.0,0.0
00719B,元大美債1-3,上櫃,0.0,0.0,0.0,-1635.0,0.0
00720B,元大投資級公司債,上櫃,0.0,0.0,0.0,1147883.0,0.0
00722B,群益投資級電信債,上櫃,0.0,0.0,0.0,-66842.0,0.0
00723B,群益投資級科技債,上櫃,0.0,0.0,0.0,2000.0,0.0
00724B,群益投資級金融債,上櫃,0.0,0.0,0.0,721096.0,0.0
00725B,國泰投資級公司債,上櫃,0.0,0.0,0.0,522162.0,0.0
00726B,國泰新興投等債,上櫃,0.0,0.0,0.0,-80526.0,0.0
00727B,國泰優選非投等債,上櫃,0.0,0.0,0.0,6779.0,0.0
00734B,台新JPM新興債,上櫃,0.0,0.0,0.0,0.0,0.0
00740B,富邦全球投等債,上櫃,0.0,0.0,0.0,-55050.0,0.0
00741B,富邦全球非投等債,上櫃,0.0,0.0,0.0,19844.0,0.0
00746B,富邦A級公司債,上櫃,0.0,0.0,0.0,-15987.0,0.0
00749B,凱基新興債10+,上櫃,0.0,0.0,0.0,0.0,0.0
00750B,凱基科技債10+,上櫃,0.0,0.0,0.0,0.0,0.0
00751B,元大AAA至A公司債,上櫃,0.0,0.0,0.0,1740261.0,0.0
00754B,群益AAA-AA公司債,上櫃,0.0,0.0,0.0,0.0,0.0
00755B,群益投資級公用債,上櫃,0.0,0.0,0.0,18000.0,0.0
00756B,群益投等新興公債,上櫃,0.0,0.0,0.0,8000.0,0.0
00758B,復華能源債,上櫃,0.0,0.0,0.0,-20.0,0.0
00759B,復華製藥債,上櫃,0.0,0.0,0.0,-1000.0,0.0
00760B,復華新興企業債,上櫃,0.0,0.0,0.0,944.0,0.0
00761B,國泰A級公司債,上櫃,0.0,0.0,0.0,14002.0,0.0
00764B,群益25年美債,上櫃,0.0,0.0,0.0,127698.0,0.0
00768B,復華20年美債,上櫃,0.0,0.0,0.0,-143996.0,0.0
00772B,中信高評級公司債,上櫃,0.0,0.0,0.0,659360.0,0.0
00773B,中信優先金融債,上櫃,0.0,0.0,0.0,-11737.0,0.0
00777B,凱基AAA至A公司債,上櫃,0.0,0.0,0.0,1000.0,0.0
00778B,凱基金融債20+,上櫃,0.0,0.0,0.0,-9000.0,0.0
00779B,凱基美債25+,上櫃,0.0,0.0,0.0,0.0,0.0
00780B,國泰A級金融債,上櫃,0.0,0.0,0.0,1000.0,0.0
00781B,國泰A級科技債,上櫃,0.0,0.0,0.0,-2349.0,0.0
00782B,國泰A級公用債,上櫃,0.0,0.0,0.0,-9993.0,0.0
00785B,富邦金融投等債,上櫃,0.0,0.0,0.0,1000.0,0.0
00786B,元大10年IG銀行債,上櫃,0.0,0.0,0.0,14681.0,0.0
00787B,元大10年IG醫療債,上櫃,0.0,0.0,0.0,22931.0,0.0
00788B,元大10年IG電能債,上櫃,0.0,0.0,0.0,17000.0,0.0
00789B,復華公司債A3,上櫃,0.0,0.0,0.0,3940.0,0.0
00791B,復華信用債1-5,上櫃,0.0,0.0,0.0,0.0,0.0
00792B,群益A級公司債,上櫃,0.0,0.0,0.0,-1999.0,0.0
00793B,群益AAA-A醫療債,上櫃,0.0,0.0,0.0,-1000.0,0.0
00795B,中信美國公債20年,上櫃,0.0,0.0,0.0,1299472.0,0.0
00799B,國泰A級醫療債,上櫃,0.0,0.0,0.0,-16275.0,0.0
00834B,第一金金融債10+,上櫃,0.0,0.0,0.0,-1000.0,0.0
00836B,永豐10年A公司債,上櫃,0.0,0.0,0.0,-98430.0,0.0
00840B,凱基IG精選15+,上櫃,0.0,0.0,0.0,0.0,0.0
00841B,凱基AAA-AA公司債,上櫃,0.0,0.0,0.0,2000.0,0.0
00842B,台新美元銀行債,上櫃,0.0,0.0,0.0,-75000.0,0.0
00845B,富邦新興投等債,上櫃,0.0,0.0,0.0,-1000.0,0.0
00846B,富邦歐洲銀行債,上櫃,0.0,0.0,0.0,-4000.0,0.0
00847B,中信美國市政債,上櫃,0.0,0.0,0.0,0.0,0.0
00848B,中信新興亞洲債,上櫃,0.0,0.0,0.0,0.0,0.0
00849B,中信EM主權債0-5,上櫃,0.0,0.0,0.0,-673.0,0.0
00853B,統一美債10年Aa-A,上櫃,0.0,0.0,0.0,4879.0,0.0
00856B,永豐1-3年美公債,上櫃,0.0,0.0,0.0,6904.0,0.0
00857B,永豐20年美公債,上櫃,0.0,0.0,0.0,268567.0,0.0
00858,永豐美國500大,上櫃,0.0,0.0,0.0,19333.0,0.0
00859B,群益0-1年美債,上櫃,0.0,0.0,0.0,-115165.0,0.0
00860B,群益1-5Y投資級債,上櫃,0.0,0.0,0.0,7011.0,0.0
00862B,中信投資級公司債,上櫃,0.0,0.0,0.0,9843.0,0.0
00863B,中信全球電信債,上櫃,0.0,0.0,0.0,-10000.0,0.0
00864B,中信美國公債0-1,上櫃,0.0,0.0,0.0,-83000.0,0.0
00867B,新光A-BBB電信債,上櫃,0.0,0.0,0.0,-106.0,0.0
00870B,元大15年EM主權債,上櫃,0.0,0.0,0.0,0.0,0.0
00877,復華中國5G,上櫃,0.0,0.0,0.0,-239430.0,0.0
00883B,中信ESG投資級債,上櫃,0.0,0.0,0.0,-32.0,0.0
00884B,中信低碳新興債,上櫃,0.0,0.0,0.0,1035.0,0.0
00886,永豐美國科技,上櫃,0.0,0.0,0.0,16047.0,0.0
00887,永豐中國科技50大,上櫃,0.0,0.0,0.0,-2051878.0,0.0
00888,永豐台灣ESG,上櫃,0.0,0.0,0.0,74260.0,0.0
00890B,凱基ESG BBB債15+,上櫃,0.0,0.0,0.0,7000.0,0.0
00928,中信上櫃ESG 30,上櫃,0.0,0.0,0.0,18184.0,0.0
00931B,統一美債20年,上櫃,0.0,0.0,0.0,542163.0,0.0
00933B,國泰10Y+金融債,上櫃,0.0,0.0,0.0,1811645.0,0.0
00937B,群益ESG投等債20+,上櫃,0.0,0.0,0.0,12974000.0,0.0
00942B,台新美A公司債20+,上櫃,0.0,0.0,0.0,702495.0,0.0
00948B,中信優息投資級債,上櫃,0.0,0.0,0.0,3032000.0,0.0
00950B,凱基A級公司債,上櫃,0.0,0.0,0.0,9740657.0,0.0
00955,中信日本商社,上櫃,0.0,0.0,0.0,-2520569.0,0.0
00957B,兆豐US優選投等債,上櫃,0.0,0.0,0.0,-88861.0,0.0
00958B,永豐ESG銀行債15+,上櫃,0.0,0.0,0.0,-79604.0,0.0
00959B,大華投等美債15Y+,上櫃,0.0,0.0,0.0,884594.0,0.0
00966B,統一ESG投等債15+,上櫃,0.0,0.0,0.0,-34325.0,0.0
00967B,元大優息美債,上櫃,0.0,0.0,0.0,-87100.0,0.0
00968B,元大優息投等債,上櫃,0.0,0.0,0.0,1334012.0,0.0
00969B,元大零息超長美債,上櫃,0.0,0.0,0.0,-390920.0,0.0
00970B,新光BBB投等債20+,上櫃,0.0,0.0,0.0,596827.0,0.0
009806,台新標普500,上櫃,0.0,0.0,0.0,-2916.0,0.0
009807,台新標普科技精選,上櫃,0.0,0.0,0.0,52226.0,0.0
00980B,台新特選IG債10+,上櫃,0.0,0.0,0.0,160974.0,0.0
00980D,主動聯博投等入息,上櫃,0.0,0.0,0.0,147128.0,0.0
00980T,平衡凱基美國TOP,上櫃,0.0,0.0,0.0,464692.0,0.0
009814,富邦標普500,上櫃,0.0,0.0,0.0,13819000.0,0.0
00981B,第一金優選非投債,上櫃,0.0,0.0,0.0,-3325488.0,0.0
00981D,主動中信非投等債,上櫃,0.0,0.0,0.0,-2769210.0,0.0
00982B,FT投資級債20+,上櫃,0.0,0.0,0.0,116703.0,0.0
00983B,大華優利美公債20,上櫃,0.0,0.0,0.0,-426905.0,0.0
00984B,大華優利美A債15,上櫃,0.0,0.0,0.0,-3138291.0,0.0
00986B,FT金融債10+,上櫃,0.0,0.0,0.0,5000.0,0.0
02001B,統一美國政府債N,上櫃,0.0,0.0,0.0,1000.0,0.0
020025,統一亞洲半導體N,上櫃,0.0,0.0,0.0,73000.0,0.0
020027,元大上櫃ESG成長N,上櫃,0.0,0.0,0.0,-18000.0,0.0
020033,統一恒生科期N,上櫃,0.0,0.0,0.0,1000.0,0.0
020035,元大上櫃ESG高息N,上櫃,0.0,0.0,0.0,1000.0,0.0
1240,茂生農經,上櫃,0.0,0.0,0.0,0.0,46443992.0
1264,德麥,上櫃,0.0,0.0,0.0,-1000.0,37052367.0
1295,生合,上櫃,0.0,0.0,0.0,50060.0,37599800.0
1336,台翰,上櫃,0.0,0.0,0.0,4000.0,77614419.0
1565,精華,上櫃,0.0,0.0,0.0,37000.0,50416516.0
1569,濱川,上櫃,0.0,0.0,0.0,442122.0,144247441.0
1570,力肯,上櫃,0.0,0.0,0.0,-43000.0,51500839.0
1580,新麥,上櫃,0.0,0.0,0.0,1000.0,49339242.0
1584,精剛,上櫃,0.0,0.0,0.0,374000.0,232470533.0
1586,和勤,上櫃,0.0,0.0,0.0,-138000.0,129500467.0
1591,駿吉-KY,上櫃,0.0,0.0,0.0,-8056.0,38048047.0
1593,祺驊,上櫃,0.0,0.0,0.0,10000.0,39784772.0
1595,川寶,上櫃,0.0,0.0,0.0,-9000.0,57554896.0
1599,宏佳騰,上櫃,0.0,0.0,0.0,1000.0,73028764.0
1777,生泰,上櫃,0.0,0.0,0.0,-6154.0,44591713.0
1781,合世,上櫃,0.0,0.0,0.0,-3.0,47407605.0
1784,訊聯,上櫃,0.0,0.0,0.0,-67126.0,53121191.0
1785,光洋科,上櫃,0.0,0.0,0.0,24450.0,595950743.0
1796,金穎生技,上櫃,0.0,0.0,0.0,1000.0,41459793.0
1799,易威,上櫃,0.0,0.0,0.0,16008.0,248775894.0
1815,富喬,上櫃,0.0,0.0,0.0,-1431405.0,585459487.0
2061,風青,上櫃,0.0,0.0,0.0,-8000.0,57378052.0
2063,世鎧,上櫃,0.0,0.0,0.0,2000.0,48101453.0
2065,世豐,上櫃,0.0,0.0,0.0,-1000.0,63516707.0
2066,世德,上櫃,0.0,0.0,0.0,1000.0,44449527.0
2067,嘉鋼,上櫃,0.0,0.0,0.0,-799.0,33858177.0
2070,精湛,上櫃,0.0,0.0,0.0,16000.0,41782800.0
2221,大甲,上櫃,0.0,0.0,0.0,4000.0,42325000.0
2230,泰茂,上櫃,0.0,0.0,0.0,-9029.0,68029605.0
2596,綠意,上櫃,0.0,0.0,0.0,44000.0,100000000.0
2640,大車隊,上櫃,0.0,0.0,0.0,0.0,59264956.0
2641,正德,上櫃,0.0,0.0,0.0,23484.0,330333744.0
2643,捷迅,上櫃,0.0,0.0,0.0,1000.0,35000000.0
2718,全心投控,上櫃,0.0,0.0,0.0,24000.0,87576000.0
2719,燦星旅,上櫃,0.0,0.0,0.0,1000.0,69182500.0
2726,雅茗-KY,上櫃,0.0,0.0,0.0,-6000.0,37689817.0
2729,瓦城,上櫃,0.0,0.0,0.0,1000.0,43040783.0
2732,六角,上櫃,0.0,0.0,0.0,-2000.0,46518570.0
2734,易飛網,上櫃,0.0,0.0,0.0,7999.0,57259760.0
2736,富野,上櫃,0.0,0.0,0.0,17000.0,79972230.0
2740,天蔥,上櫃,0.0,0.0,0.0,-1000.0,16762016.0
2743,山富,上櫃,0.0,0.0,0.0,22743.0,46815210.0
2745,五福,上櫃,0.0,0.0,0.0,-983.0,33808526.0
2751,王座,上櫃,0.0,0.0,0.0,-1000.0,19811250.0
2752,豆府,上櫃,0.0,0.0,0.0,-10.0,26693861.0
2754,亞洲藏壽司,上櫃,0.0,0.0,0.0,5000.0,46907000.0
2755,揚秦,上櫃,0.0,0.0,0.0,12014.0,46792491.0
2916,滿心,上櫃,0.0,0.0,0.0,1000.0,64626878.0
3066,李洲,上櫃,0.0,0.0,0.0,-1099.0,83070612.0
3067,全域,上櫃,0.0,0.0,0.0,9.0,20000000.0
3071,協禧,上櫃,0.0,0.0,0.0,44022.0,110000000.0
3073,天方能源,上櫃,0.0,0.0,0.0,-5000.0,39511028.0
3078,僑威,上櫃,0.0,0.0,0.0,37241.0,227391064.0
3081,聯亞,上櫃,0.0,0.0,0.0,133351.0,101869004.0
3083,網龍,上櫃,0.0,0.0,0.0,-8000.0,86486858.0
3086,華義,上櫃,0.0,0.0,0.0,-4078.0,272710510.0
3088,艾訊,上櫃,0.0,0.0,0.0,83017.0,113011197.0
3093,港建*,上櫃,0.0,0.0,0.0,7000.0,145155576.0
3105,穩懋,上櫃,0.0,0.0,0.0,1918233.0,423940384.0
3114,好德,上櫃,0.0,0.0,0.0,8000.0,67722584.0
3118,進階,上櫃,0.0,0.0,0.0,11000.0,32452860.0
3122,笙泉,上櫃,0.0,0.0,0.0,3971.0,40771918.0
3128,昇銳,上櫃,0.0,0.0,0.0,145000.0,50156538.0
3131,弘塑,上櫃,0.0,0.0,0.0,-27869.0,29258927.0
3141,晶宏,上櫃,0.0,0.0,0.0,48837.0,75460728.0
3147,大綜,上櫃,0.0,0.0,0.0,10985.0,43686831.0
3152,璟德,上櫃,0.0,0.0,0.0,-104581.0,39016200.0
3162,精確,上櫃,0.0,0.0,0.0,112061.0,154153162.0
3163,波若威,上櫃,0.0,0.0,0.0,-31576.0,94635370.0
3169,亞信,上櫃,0.0,0.0,0.0,-39624.0,63306981.0
3171,炎洲流通,上櫃,0.0,0.0,0.0,-1000.0,33118158.0
3176,基亞,上櫃,0.0,0.0,0.0,3000.0,139306755.0
3178,公準,上櫃,0.0,0.0,0.0,-25000.0,45050000.0
3188,鑫龍騰,上櫃,0.0,0.0,0.0,208000.0,189087767.0
3205,佰研,上櫃,0.0,0.0,0.0,-55000.0,67545631.0
3206,志豐,上櫃,0.0,0.0,0.0,-7000.0,58916621.0
3207,耀勝,上櫃,0.0,0.0,0.0,16538.0,66422124.0
3211,順達,上櫃,0.0,0.0,0.0,2717601.0,154387021.0
3213,茂訊,上櫃,0.0,0.0,0.0,43405.0,58685547.0
3217,優群,上櫃,0.0,0.0,0.0,-60816.0,90104203.0
3218,大學光,上櫃,0.0,0.0,0.0,48703.0,84724899.0
3219,倚強科,上櫃,0.0,0.0,0.0,-38762.0,71780880.0
3221,台嘉碩,上櫃,0.0,0.0,0.0,1000.0,104989210.0
3224,三顧,上櫃,0.0,0.0,0.0,15000.0,78172648.0
3226,龍鋒,上櫃,0.0,0.0,0.0,4000.0,64430573.0
3227,原相,上櫃,0.0,0.0,0.0,102821.0,151912842.0
3228,金麗科,上櫃,0.0,0.0,0.0,-15624.0,71937495.0
3230,錦明,上櫃,0.0,0.0,0.0,33998.0,86010900.0
3232,昱捷,上櫃,0.0,0.0,0.0,16000.0,46567865.0
3234,光環,上櫃,0.0,0.0,0.0,-150000.0,111474692.0
3236,千如,上櫃,0.0,0.0,0.0,-2514198.0,105000613.0
3252,海灣,上櫃,0.0,0.0,0.0,-789.0,50195754.0
3260,威剛,上櫃,0.0,0.0,0.0,-2917387.0,336463418.0
3264,欣銓,上櫃,0.0,0.0,0.0,-24955.0,490170076.0
3265,台星科,上櫃,0.0,0.0,0.0,68341.0,136261659.0
3268,海德威,上櫃,0.0,0.0,0.0,-9.0,34720796.0
3272,東碩,上櫃,0.0,0.0,0.0,-36000.0,61176789.0
3276,宇環,上櫃,0.0,0.0,0.0,-8000.0,69712666.0
3284,太普高,上櫃,0.0,0.0,0.0,20000.0,108482473.0
3287,廣寰科,上櫃,0.0,0.0,0.0,0.0,43970483.0
3289,宜特,上櫃,0.0,0.0,0.0,-438404.0,86746371.0
3290,東浦,上櫃,0.0,0.0,0.0,239679.0,90215034.0
3293,鈊象,上櫃,0.0,0.0,0.0,-35639.0,281801560.0
3294,英濟,上櫃,0.0,0.0,0.0,281956.0,132015919.0
3297,杭特,上櫃,0.0,0.0,0.0,81923.0,36049445.0
3303,岱稜,上櫃,0.0,0.0,0.0,3000.0,94790607.0
3306,鼎天,上櫃,0.0,0.0,0.0,-4664.0,50607702.0
3310,佳穎,上櫃,0.0,0.0,0.0,-18000.0,74948402.0
3313,斐成,上櫃,0.0,0.0,0.0,-5000.0,221133831.0
3317,尼克森,上櫃,0.0,0.0,0.0,3438.0,90000000.0
3322,建舜電,上櫃,0.0,0.0,0.0,174000.0,137582157.0
3323,加百裕,上櫃,0.0,0.0,0.0,695833.0,99593385.0
3324,雙鴻,上櫃,0.0,0.0,0.0,3096341.0,93076837.0
3325,旭品,上櫃,0.0,0.0,0.0,89000.0,110168610.0
3332,幸康,上櫃,0.0,0.0,0.0,0.0,48104246.0
3339,泰谷,上櫃,0.0,0.0,0.0,79000.0,66568300.0
3349,寶德,上櫃,0.0,0.0,0.0,-57000.0,47821648.0
3354,律勝,上櫃,0.0,0.0,0.0,-63000.0,70112426.0
3357,臺慶科,上櫃,0.0,0.0,0.0,170818.0,116385739.0
3360,尚立,上櫃,0.0,0.0,0.0,514.0,76402244.0
3362,先進光,上櫃,0.0,0.0,0.0,69621.0,147445475.0
3363,上詮,上櫃,0.0,0.0,0.0,-877096.0,113640567.0
3372,典範,上櫃,0.0,0.0,0.0,-149853.0,235324000.0
3373,熱映,上櫃,0.0,0.0,0.0,-8519.0,47618782.0
3374,精材,上櫃,0.0,0.0,0.0,244841.0,271364316.0
3379,彬台,上櫃,0.0,0.0,0.0,43675.0,38041748.0
3388,崇越電,上櫃,0.0,0.0,0.0,-5000.0,81599825.0
3390,旭軟,上櫃,0.0,0.0,0.0,2998.0,79329659.0
3402,漢科,上櫃,0.0,0.0,0.0,-22564.0,73047692.0
3430,奇鈦科,上櫃,0.0,0.0,0.0,28807.0,33716085.0
3434,哲固,上櫃,0.0,0.0,0.0,2000.0,35754740.0
3438,類比科,上櫃,0.0,0.0,0.0,7000.0,47165815.0
3441,聯一光,上櫃,0.0,0.0,0.0,30000.0,40039920.0
3444,利機,上櫃,0.0,0.0,0.0,-26000.0,44996877.0
3455,由田,上櫃,0.0,0.0,0.0,33000.0,59850750.0
3466,德晉,上櫃,0.0,0.0,0.0,-99000.0,77892073.0
3467,台灣精材,上櫃,0.0,0.0,0.0,-13651.0,31556569.0
3479,安勤,上櫃,0.0,0.0,0.0,-1162.0,72630164.0
3483,力致,上櫃,0.0,0.0,0.0,115039.0,99049257.0
3484,崧騰,上櫃,0.0,0.0,0.0,27000.0,78828189.0
3489,森寶,上櫃,0.0,0.0,0.0,3000.0,90452155.0
3490,單井,上櫃,0.0,0.0,0.0,144000.0,55006435.0
3491,昇達科,上櫃,0.0,0.0,0.0,100034.0,68805125.0
3492,長盛,上櫃,0.0,0.0,0.0,997.0,35531600.0
3498,陽程,上櫃,0.0,0.0,0.0,-31988.0,61273008.0
3499,環天科,上櫃,0.0,0.0,0.0,-46696.0,54970596.0
3508,位速,上櫃,0.0,0.0,0.0,7004.0,108866737.0
3511,矽瑪,上櫃,0.0,0.0,0.0,-68337.0,79972945.0
3512,皇龍,上櫃,0.0,0.0,0.0,7000.0,113072372.0
3516,亞帝歐,上櫃,0.0,0.0,0.0,1000.0,59560874.0
3520,華盈,上櫃,0.0,0.0,0.0,15000.0,83846778.0
3521,鴻翊,上櫃,0.0,0.0,0.0,23999.0,185765552.0
3522,御嵿,上櫃,0.0,0.0,0.0,-4000.0,104096209.0
3526,凡甲,上櫃,0.0,0.0,0.0,68728.0,66839477.0
3527,聚積,上櫃,0.0,0.0,0.0,-95000.0,44445125.0
3529,力旺,上櫃,0.0,0.0,0.0,-36187.0,74686492.0
3537,堡達,上櫃,0.0,0.0,0.0,-58000.0,56242979.0
3540,曜越,上櫃,0.0,0.0,0.0,-2000.0,84458548.0
3546,宇峻,上櫃,0.0,0.0,0.0,28290.0,61348690.0
3548,兆利,上櫃,0.0,0.0,0.0,131035.0,68244175.0
3551,世禾,上櫃,0.0,0.0,0.0,-215598.0,62274890.0
3552,同致,上櫃,0.0,0.0,0.0,19002.0,97918334.0
3555,博士旺,上櫃,0.0,0.0,0.0,-114223.0,39998797.0
3556,禾瑞亞,上櫃,0.0,0.0,0.0,-3000.0,63702844.0
3558,神準,上櫃,0.0,0.0,0.0,-18656.0,59060881.0
3564,其陽,上櫃,0.0,0.0,0.0,26987.0,59123100.0
3570,大塚,上櫃,0.0,0.0,0.0,-1000.0,17097000.0
3577,泓格,上櫃,0.0,0.0,0.0,22974.0,63965653.0
3580,友威科,上櫃,0.0,0.0,0.0,30742.0,39470657.0
3581,博磊,上櫃,0.0,0.0,0.0,512571.0,51006000.0
3587,閎康,上櫃,0.0,0.0,0.0,27967.0,69369988.0
3594,磐儀,上櫃,0.0,0.0,0.0,-3006.0,95948358.0
3597,映興,上櫃,0.0,0.0,0.0,-3000.0,39236440.0
3609,三一東林,上櫃,0.0,0.0,0.0,-43000.0,38419387.0
3611,鼎翰,上櫃,0.0,0.0,0.0,6000.0,47554634.0
3615,安可,上櫃,0.0,0.0,0.0,67802.0,68466976.0
3623,富晶通,上櫃,0.0,0.0,0.0,-1000.0,29185946.0
3624,光頡,上櫃,0.0,0.0,0.0,-493546.0,117340842.0
3625,西勝,上櫃,0.0,0.0,0.0,-222041.0,58100000.0
3628,盈正,上櫃,0.0,0.0,0.0,98027.0,45000000.0
3630,新鉅科,上櫃,0.0,0.0,0.0,4120.0,204191848.0
3631,晟楠,上櫃,0.0,0.0,0.0,22000.0,81820909.0
3646,艾恩特,上櫃,0.0,0.0,0.0,-5000.0,39297371.0
3663,鑫科,上櫃,0.0,0.0,0.0,4000.0,108494074.0
3666,光耀,上櫃,0.0,0.0,0.0,18000.0,138949850.0
3672,康聯訊,上櫃,0.0,0.0,0.0,7000.0,40790375.0
3675,德微,上櫃,0.0,0.0,0.0,-32747.0,53057923.0
3680,家登,上櫃,0.0,0.0,0.0,127853.0,96211690.0
3684,榮昌,上櫃,0.0,0.0,0.0,-17000.0,30304737.0
3685,元創精密,上櫃,0.0,0.0,0.0,-25000.0,79574000.0
3687,歐買尬,上櫃,0.0,0.0,0.0,91000.0,30124059.0
3689,湧德,上櫃,0.0,0.0,0.0,346165.0,89390991.0
3691,碩禾,上櫃,0.0,0.0,0.0,61295.0,91883420.0
3693,營邦,上櫃,0.0,0.0,0.0,-180072.0,42990694.0
3707,漢磊,上櫃,0.0,0.0,0.0,-225319.0,400484353.0
3709,鑫聯大投控,上櫃,0.0,0.0,0.0,-122503.0,145569450.0
3710,連展投控,上櫃,0.0,0.0,0.0,8000.0,177086787.0
3713,新晶投控,上櫃,0.0,0.0,0.0,-9000.0,88099380.0
4102,永日,上櫃,0.0,0.0,0.0,-1994.0,42373443.0
4105,東洋,上櫃,0.0,0.0,0.0,-116239.0,248649959.0
4107,邦特,上櫃,0.0,0.0,0.0,-3000.0,69298336.0
4109,加捷生醫,上櫃,0.0,0.0,0.0,34000.0,118736681.0
4111,濟生,上櫃,0.0,0.0,0.0,-2000.0,59832135.0
4113,聯上,上櫃,0.0,0.0,0.0,169199.0,231138137.0
4114,健喬,上櫃,0.0,0.0,0.0,150000.0,550429688.0
4116,明基醫,上櫃,0.0,0.0,0.0,2000.0,44566000.0
4120,友華,上櫃,0.0,0.0,0.0,-9000.0,86747119.0
4121,優盛,上櫃,0.0,0.0,0.0,93000.0,83111045.0
4123,晟德,上櫃,0.0,0.0,0.0,657276.0,807456341.0
4126,太醫,上櫃,0.0,0.0,0.0,-5000.0,72600000.0
4127,天良,上櫃,0.0,0.0,0.0,1.0,45760000.0
4128,中天,上櫃,0.0,0.0,0.0,75068.0,588170597.0
4129,聯合,上櫃,0.0,0.0,0.0,-324166.0,96437650.0
4130,健亞,上櫃,0.0,0.0,0.0,200000.0,0.0
4131,浩泰,上櫃,0.0,0.0,0.0,-1000.0,39857000.0
4138,曜亞,上櫃,0.0,0.0,0.0,-1000.0,39930000.0
4147,中裕,上櫃,0.0,0.0,0.0,10521.0,273202425.0
4153,鈺緯,上櫃,0.0,0.0,0.0,-1000.0,58668197.0
4157,太景*-KY,上櫃,0.0,0.0,0.0,-524147.0,711833575.0
4160,訊聯基因,上櫃,0.0,0.0,0.0,-1000.0,26690334.0
4161,聿新科,上櫃,0.0,0.0,0.0,1000.0,59798204.0
4162,智擎,上櫃,0.0,0.0,0.0,366826.0,143677640.0
4163,鐿鈦,上櫃,0.0,0.0,0.0,-3000.0,50675143.0
4166,友霖,上櫃,0.0,0.0,0.0,26000.0,243035089.0
4167,松瑞藥,上櫃,0.0,0.0,0.0,-197841.0,331554307.0
4168,醣聯,上櫃,0.0,0.0,0.0,-38000.0,112521318.0
4171,瑞基,上櫃,0.0,0.0,0.0,-2000.0,58057469.0
4173,久裕,上櫃,0.0,0.0,0.0,-12000.0,74574355.0
4174,浩鼎,上櫃,0.0,0.0,0.0,-241347.0,131579687.0
4175,杏一,上櫃,0.0,0.0,0.0,-1000.0,42323307.0
4207,環泰,上櫃,0.0,0.0,0.0,1000.0,188611108.0
4303,信立,上櫃,0.0,0.0,0.0,158866.0,132447444.0
4401,東隆興,上櫃,0.0,0.0,0.0,8000.0,122692012.0
4402,郡都開發,上櫃,0.0,0.0,0.0,8000.0,67991830.0
4413,飛寶企業,上櫃,0.0,0.0,0.0,-1000.0,31314689.0
4416,三圓,上櫃,0.0,0.0,0.0,0.0,73586213.0
4417,金洲,上櫃,0.0,0.0,0.0,13672.0,83971399.0
4420,光明,上櫃,0.0,0.0,0.0,4004.0,40455000.0
4432,銘旺實,上櫃,0.0,0.0,0.0,2000.0,50589000.0
4433,興采,上櫃,0.0,0.0,0.0,-1000.0,61299774.0
4442,竣邦-KY,上櫃,0.0,0.0,0.0,-5000.0,32883649.0
4502,健信,上櫃,0.0,0.0,0.0,0.0,57469686.0
4503,金雨,上櫃,0.0,0.0,0.0,33859.0,78313326.0
4506,崇友,上櫃,0.0,0.0,0.0,-8000.0,177012000.0
4510,高鋒,上櫃,0.0,0.0,0.0,28092.0,108977724.0
4513,福裕,上櫃,0.0,0.0,0.0,24797.0,143761921.0
4523,永彰,上櫃,0.0,0.0,0.0,-21099.0,64949000.0
4527,方土霖,上櫃,0.0,0.0,0.0,1000.0,68537133.0
4533,協易機,上櫃,0.0,0.0,0.0,206453.0,178434110.0
4534,慶騰,上櫃,0.0,0.0,0.0,-23256.0,86788948.0
4535,至興,上櫃,0.0,0.0,0.0,-1000.0,75661740.0
4538,大詠城,上櫃,0.0,0.0,0.0,-9000.0,59469604.0
4541,晟田,上櫃,0.0,0.0,0.0,175000.0,67647068.0
4542,科嶠,上櫃,0.0,0.0,0.0,23000.0,35254258.0
4543,萬在,上櫃,0.0,0.0,0.0,44009.0,62760915.0
4549,桓達,上櫃,0.0,0.0,0.0,4657.0,57002445.0
4550,長佳,上櫃,0.0,0.0,0.0,2000.0,37838783.0
4558,寶緯,上櫃,0.0,0.0,0.0,4000.0,50000000.0
4561,健椿,上櫃,0.0,0.0,0.0,33000.0,58521619.0
4563,百德,上櫃,0.0,0.0,0.0,17809.0,54950000.0
4577,達航科技,上櫃,0.0,0.0,0.0,926964.0,49137998.0
4580,捷流閥業,上櫃,0.0,0.0,0.0,-1000.0,46803109.0
4702,中美實,上櫃,0.0,0.0,0.0,3909.0,72333200.0
4707,磐亞,上櫃,0.0,0.0,0.0,29000.0,413808151.0
4711,永純,上櫃,0.0,0.0,0.0,-1437.0,61056000.0
4714,永捷,上櫃,0.0,0.0,0.0,635014.0,221838188.0
4716,大立,上櫃,0.0,0.0,0.0,13000.0,94427191.0
4721,美琪瑪,上櫃,0.0,0.0,0.0,21802.0,74986304.0
4726,永昕,上櫃,0.0,0.0,0.0,26000.0,207041800.0
4728,雙美,上櫃,0.0,0.0,0.0,2000.0,54463000.0
4729,熒茂,上櫃,0.0,0.0,0.0,-255905.0,79226741.0
4735,豪展,上櫃,0.0,0.0,0.0,-1000.0,41568758.0
4741,泓瀚,上櫃,0.0,0.0,0.0,-1000.0,34812079.0
4743,合一,上櫃,0.0,0.0,0.0,-189004.0,480533486.0
4744,皇將,上櫃,0.0,0.0,0.0,-56200.0,56948450.0
4745,合富-KY,上櫃,0.0,0.0,0.0,98548.0,66220547.0
4749,新應材,上櫃,0.0,0.0,0.0,158583.0,94732865.0
4754,國碳科,上櫃,0.0,0.0,0.0,-880.0,30283215.0
4760,勤凱,上櫃,0.0,0.0,0.0,30001.0,32778289.0
4768,晶呈科技,上櫃,0.0,0.0,0.0,-74429.0,48200288.0
4772,台特化,上櫃,0.0,0.0,0.0,237261.0,147681552.0
4903,聯光通,上櫃,0.0,0.0,0.0,-324232.0,105343714.0
4907,富宇,上櫃,0.0,0.0,0.0,4000.0,118145778.0
4908,前鼎,上櫃,0.0,0.0,0.0,-8225.0,78216907.0
4909,新復興,上櫃,0.0,0.0,0.0,-516874.0,93356864.0
4911,德英,上櫃,0.0,0.0,0.0,0.0,68817133.0
4923,力士,上櫃,0.0,0.0,0.0,-2000.0,36940360.0
4931,新盛力,上櫃,0.0,0.0,0.0,493965.0,65565761.0
4933,友輝,上櫃,0.0,0.0,0.0,-7855.0,82662675.0
4939,亞電,上櫃,0.0,0.0,0.0,-546135.0,98200868.0
4946,辣椒,上櫃,0.0,0.0,0.0,1000.0,8852816.0
4950,金耘國際,上櫃,0.0,0.0,0.0,-2000.0,57729107.0
4951,精拓科,上櫃,0.0,0.0,0.0,-3000.0,34148713.0
4953,緯軟,上櫃,0.0,0.0,0.0,-7474.0,74326386.0
4966,譜瑞-KY,上櫃,0.0,0.0,0.0,19530.0,78957788.0
4971,IET-KY,上櫃,0.0,0.0,0.0,450303.0,47185743.0
4972,湯石照明,上櫃,0.0,0.0,0.0,-1000.0,56888587.0
4973,廣穎,上櫃,0.0,0.0,0.0,-678683.0,65292843.0
4974,亞泰,上櫃,0.0,0.0,0.0,25599.0,72500104.0
4979,華星光,上櫃,0.0,0.0,0.0,-2824109.0,142802027.0
4991,環宇-KY,上櫃,0.0,0.0,0.0,1500241.0,121363372.0
4995,晶達,上櫃,0.0,0.0,0.0,-2000.0,42592036.0
5009,榮剛,上櫃,0.0,0.0,0.0,1917727.0,602471197.0
5011,久陽,上櫃,0.0,0.0,0.0,1000.0,100673922.0
5013,強新,上櫃,0.0,0.0,0.0,1.0,133416000.0
5014,建錩,上櫃,0.0,0.0,0.0,6003.0,183265054.0
5015,華祺,上櫃,0.0,0.0,0.0,-1000.0,60639189.0
5201,凱衛,上櫃,0.0,0.0,0.0,127000.0,38674600.0
5202,力新,上櫃,0.0,0.0,0.0,14924.0,89094000.0
5206,坤悅,上櫃,0.0,0.0,0.0,2000.0,180093375.0
5209,新鼎,上櫃,0.0,0.0,0.0,4000.0,28567224.0
5210,寶碩,上櫃,0.0,0.0,0.0,-33.0,82177779.0
5213,亞昕,上櫃,0.0,0.0,0.0,25000.0,721334326.0
5220,萬達光電,上櫃,0.0,0.0,0.0,3000.0,39667000.0
5223,安力-KY,上櫃,0.0,0.0,0.0,-1000.0,44549781.0
5227,立凱-KY,上櫃,0.0,0.0,0.0,-1181.0,96000000.0
5228,鈺鎧,上櫃,0.0,0.0,0.0,-2000.0,38056253.0
5230,雷笛克光學,上櫃,0.0,0.0,0.0,2000.0,56303831.0
5236,凌陽創新,上櫃,0.0,0.0,0.0,-25891.0,0.0
5245,智晶,上櫃,0.0,0.0,0.0,2000.0,45127141.0
5251,天鉞電,上櫃,0.0,0.0,0.0,51685.0,33733377.0
5263,智崴,上櫃,0.0,0.0,0.0,-22000.0,78936891.0
5272,笙科,上櫃,0.0,0.0,0.0,0.0,55276118.0
5274,信驊,上櫃,0.0,0.0,0.0,-5714.0,41582953.0
5278,尚凡*,上櫃,0.0,0.0,0.0,122111.0,300000000.0
5287,數字,上櫃,0.0,0.0,0.0,-65000.0,60310050.0
5289,宜鼎,上櫃,0.0,0.0,0.0,-103143.0,98289931.0
5291,邑昇,上櫃,0.0,0.0,0.0,3000.0,41890606.0
5299,杰力,上櫃,0.0,0.0,0.0,-2000.0,50888981.0
5302,太欣,上櫃,0.0,0.0,0.0,14000.0,159888349.0
5309,系統電,上櫃,0.0,0.0,0.0,6478797.0,230967451.0
5310,天剛,上櫃,0.0,0.0,0.0,802.0,28943517.0
5312,寶島科,上櫃,0.0,0.0,0.0,-44005.0,60059898.0
5314,世紀*,上櫃,0.0,0.0,0.0,-311197.0,292000000.0
5315,光聯,上櫃,0.0,0.0,0.0,94000.0,106351832.0
5321,美而快,上櫃,0.0,0.0,0.0,9116.0,59543149.0
5328,華容,上櫃,0.0,0.0,0.0,-1698030.0,172710724.0
5340,建榮,上櫃,0.0,0.0,0.0,-133180.0,194893964.0
5347,世界,上櫃,0.0,0.0,0.0,149925.0,1878502192.0
5351,鈺創,上櫃,0.0,0.0,0.0,-1170877.0,328636781.0
5353,台林,上櫃,0.0,0.0,0.0,29990.0,76500000.0
5355,佳總,上櫃,0.0,0.0,0.0,5398.0,77500000.0
5356,協益,上櫃,0.0,0.0,0.0,-10000.0,103040000.0
5364,力麗店,上櫃,0.0,0.0,0.0,-6000.0,63849940.0
5371,中光電,上櫃,0.0,0.0,0.0,1611022.0,0.0
5381,合正,上櫃,0.0,0.0,0.0,-121390.0,207690562.0
5386,青雲,上櫃,0.0,0.0,0.0,-630000.0,54121322.0
5392,能率,上櫃,0.0,0.0,0.0,162669.0,180093388.0
5398,慕康生醫,上櫃,0.0,0.0,0.0,-47000.0,49465460.0
5403,中菲,上櫃,0.0,0.0,0.0,4000.0,78120722.0
5410,國眾,上櫃,0.0,0.0,0.0,-6000.0,93368623.0
5425,台半,上櫃,0.0,0.0,0.0,-570537.0,263485486.0
5426,振發,上櫃,0.0,0.0,0.0,106250.0,143800000.0
5432,新門,上櫃,0.0,0.0,0.0,-25303.0,20687804.0
5438,東友,上櫃,0.0,0.0,0.0,69989.0,112536565.0
5439,高技,上櫃,0.0,0.0,0.0,-416522.0,92975752.0
5443,均豪,上櫃,0.0,0.0,0.0,205796.0,164746644.0
5450,南良,上櫃,0.0,0.0,0.0,22000.0,122403239.0
5452,佶優,上櫃,0.0,0.0,0.0,43000.0,148763669.0
5457,宣德,上櫃,0.0,0.0,0.0,-61222.0,196237000.0
5460,同協,上櫃,0.0,0.0,0.0,11000.0,58778130.0
5464,霖宏,上櫃,0.0,0.0,0.0,5000.0,71071490.0
5465,富驊,上櫃,0.0,0.0,0.0,-17020.0,147682629.0
5468,凱鈺,上櫃,0.0,0.0,0.0,-28000.0,58922909.0
5474,聰泰,上櫃,0.0,0.0,0.0,-14120.0,39756944.0
5475,德宏,上櫃,0.0,0.0,0.0,178000.0,127127017.0
5478,智冠,上櫃,0.0,0.0,0.0,2000.0,156074332.0
5481,新華,上櫃,0.0,0.0,0.0,-88000.0,71402891.0
5483,中美晶,上櫃,0.0,0.0,0.0,440158.0,641221651.0
5487,通泰,上櫃,0.0,0.0,0.0,1000.0,24222516.0
5488,松普,上櫃,0.0,0.0,0.0,-5000.0,91586124.0
5489,彩富,上櫃,0.0,0.0,0.0,1000.0,102706441.0
5490,同亨,上櫃,0.0,0.0,0.0,86000.0,96152201.0
5493,三聯,上櫃,0.0,0.0,0.0,-2991.0,43689255.0
5498,凱崴,上櫃,0.0,0.0,0.0,1038152.0,193548545.0
5508,永信建,上櫃,0.0,0.0,0.0,-1732902.0,217428133.0
5511,德昌,上櫃,0.0,0.0,0.0,1000.0,136000000.0
5512,力麒,上櫃,0.0,0.0,0.0,145150.0,766312494.0
5514,三豐,上櫃,0.0,0.0,0.0,-2000.0,236118280.0
5523,豐謙,上櫃,0.0,0.0,0.0,-1000.0,155001464.0
5529,鉅陞,上櫃,0.0,0.0,0.0,0.0,105769350.0
5530,龍巖,上櫃,0.0,0.0,0.0,45000.0,420084199.0
5536,聖暉*,上櫃,0.0,0.0,0.0,34722.0,124080930.0
5548,安倉,上櫃,0.0,0.0,0.0,1000.0,63723065.0
5603,陸海,上櫃,0.0,0.0,0.0,-18000.0,104876607.0
5609,中菲行,上櫃,0.0,0.0,0.0,-48000.0,142884000.0
5701,劍湖山,上櫃,0.0,0.0,0.0,73.0,143000000.0
5704,老爺知,上櫃,0.0,0.0,0.0,0.0,58861658.0
5864,致和證,上櫃,0.0,0.0,0.0,-11000.0,504490084.0
5902,德記,上櫃,0.0,0.0,0.0,3000.0,94500000.0
5903,全家,上櫃,0.0,0.0,0.0,3010.0,223220000.0
5904,寶雅,上櫃,0.0,0.0,0.0,-30798.0,1064438260.0
5905,南仁湖,上櫃,0.0,0.0,0.0,347639.0,281623235.0
6015,宏遠證,上櫃,0.0,0.0,0.0,-15000.0,403614082.0
6016,康和證,上櫃,0.0,0.0,0.0,54000.0,772419946.0
6021,美好證,上櫃,0.0,0.0,0.0,28000.0,312005974.0
6023,元大期,上櫃,0.0,0.0,0.0,-11000.0,447972732.0
6026,福邦證,上櫃,0.0,0.0,0.0,-9000.0,396161841.0
6101,寬魚國際,上櫃,0.0,0.0,0.0,7000.0,116601850.0
6104,創惟,上櫃,0.0,0.0,0.0,99694.0,91127107.0
6109,亞元,上櫃,0.0,0.0,0.0,3749.0,87825414.0
6111,大宇資,上櫃,0.0,0.0,0.0,206259.0,108511051.0
6113,亞矽,上櫃,0.0,0.0,0.0,-3837.0,52549455.0
6114,久威,上櫃,0.0,0.0,0.0,5323.0,43911937.0
6118,建達,上櫃,0.0,0.0,0.0,-273270.0,90889573.0
6121,新普,上櫃,0.0,0.0,0.0,-127807.0,184970519.0
6122,擎邦,上櫃,0.0,0.0,0.0,2050.0,78091632.0
6123,上奇,上櫃,0.0,0.0,0.0,1856.0,62089430.0
6124,業強,上櫃,0.0,0.0,0.0,-1000.0,182479945.0
6125,廣運,上櫃,0.0,0.0,0.0,472812.0,259011150.0
6126,信音,上櫃,0.0,0.0,0.0,355030.0,130050754.0
6127,九豪,上櫃,0.0,0.0,0.0,-130509.0,108079751.0
6129,普誠,上櫃,0.0,0.0,0.0,18986.0,160574120.0
6130,上亞科技,上櫃,0.0,0.0,0.0,35851.0,49300000.0
6134,萬旭,上櫃,0.0,0.0,0.0,-492611.0,81882117.0
6138,茂達,上櫃,0.0,0.0,0.0,255.0,75633500.0
6140,訊達,上櫃,0.0,0.0,0.0,-69000.0,54897760.0
6143,振曜,上櫃,0.0,0.0,0.0,147858.0,86058897.0
6144,得利影,上櫃,0.0,0.0,0.0,-1000.0,38273701.0
6146,耕興,上櫃,0.0,0.0,0.0,-801.0,101867199.0
6147,頎邦,上櫃,0.0,0.0,0.0,-381320.0,744577539.0
6148,驊宏資,上櫃,0.0,0.0,0.0,58016.0,46603757.0
6150,撼訊,上櫃,0.0,0.0,0.0,11609.0,48345985.0
6151,晉倫,上櫃,0.0,0.0,0.0,-31000.0,55257300.0
6154,順發,上櫃,0.0,0.0,0.0,2000.0,80080000.0
6156,松上,上櫃,0.0,0.0,0.0,110000.0,107875010.0
6158,禾昌,上櫃,0.0,0.0,0.0,-3000.0,55028788.0
6160,欣技,上櫃,0.0,0.0,0.0,-3000.0,68489120.0
6161,捷波,上櫃,0.0,0.0,0.0,0.0,56237477.0
6163,華電網,上櫃,0.0,0.0,0.0,41000.0,148838747.0
6167,久正,上櫃,0.0,0.0,0.0,13000.0,143080000.0
6170,統振,上櫃,0.0,0.0,0.0,8000.0,97260038.0
6171,大城地產,上櫃,0.0,0.0,0.0,2000.0,100000000.0
6173,信昌電,上櫃,0.0,0.0,0.0,105062.0,160928000.0
6174,安碁,上櫃,0.0,0.0,0.0,6000.0,50000000.0
6175,立敦,上櫃,0.0,0.0,0.0,-105653.0,150121812.0
6179,亞通,上櫃,0.0,0.0,0.0,-72759.0,177324650.0
6180,橘子,上櫃,0.0,0.0,0.0,85378.0,175493573.0
6182,合晶,上櫃,0.0,0.0,0.0,-3529069.0,625305662.0
6185,幃翔,上櫃,0.0,0.0,0.0,5000.0,149867531.0
6186,新潤,上櫃,0.0,0.0,0.0,-658.0,194907598.0
6187,萬潤,上櫃,0.0,0.0,0.0,-63588.0,98262739.0
6188,廣明,上櫃,0.0,0.0,0.0,526318.0,278358910.0
6190,萬泰科,上櫃,0.0,0.0,0.0,-84101.0,186522441.0
6194,育富,上櫃,0.0,0.0,0.0,-38000.0,48000000.0
6195,詩肯,上櫃,0.0,0.0,0.0,4000.0,50192942.0
6199,天品,上櫃,0.0,0.0,0.0,-52503.0,61760018.0
6203,海韻電,上櫃,0.0,0.0,0.0,-117888.0,82401370.0
6204,艾華,上櫃,0.0,0.0,0.0,-15000.0,23102080.0
6207,雷科,上櫃,0.0,0.0,0.0,113873.0,93066484.0
6208,日揚,上櫃,0.0,0.0,0.0,3000.0,94462343.0
6212,理銘,上櫃,0.0,0.0,0.0,-1000.0,102000000.0
6217,中探針,上櫃,0.0,0.0,0.0,336094.0,117210018.0
6218,豪勉,上櫃,0.0,0.0,0.0,-55000.0,64262000.0
6219,富旺,上櫃,0.0,0.0,0.0,57000.0,124967090.0
6220,岳豐,上櫃,0.0,0.0,0.0,-40000.0,146462640.0
6221,晉泰,上櫃,0.0,0.0,0.0,55000.0,168601206.0
6223,旺矽,上櫃,0.0,0.0,0.0,219392.0,97981309.0
6227,茂綸,上櫃,0.0,0.0,0.0,3526.0,76111786.0
6228,全譜,上櫃,0.0,0.0,0.0,-2845.0,29000000.0
6229,研通,上櫃,0.0,0.0,0.0,6000.0,40360700.0
6231,系微,上櫃,0.0,0.0,0.0,-12198.0,45652186.0
6233,旺玖,上櫃,0.0,0.0,0.0,-22000.0,80971896.0
6234,高僑,上櫃,0.0,0.0,0.0,-19982.0,100386398.0
6237,驊訊,上櫃,0.0,0.0,0.0,34998.0,79645371.0
6240,松崗,上櫃,0.0,0.0,0.0,-1000.0,22867370.0
6241,易通展,上櫃,0.0,0.0,0.0,4000.0,45533670.0
6244,茂迪,上櫃,0.0,0.0,0.0,-2588971.0,387041875.0
6245,立端,上櫃,0.0,0.0,0.0,76533.0,146608303.0
6248,沛波,上櫃,0.0,0.0,0.0,29000.0,99956149.0
6259,百徽,上櫃,0.0,0.0,0.0,3000.0,28056146.0
6261,久元,上櫃,0.0,0.0,0.0,27000.0,128497989.0
6263,普萊德,上櫃,0.0,0.0,0.0,16000.0,62500964.0
6265,方土昶,上櫃,0.0,0.0,0.0,-840088.0,118172151.0
6266,泰詠,上櫃,0.0,0.0,0.0,-6000.0,153871641.0
6274,台燿,上櫃,0.0,0.0,0.0,2532630.0,299460093.0
6275,元山,上櫃,0.0,0.0,0.0,-794976.0,80344567.0
6276,安鈦克,上櫃,0.0,0.0,0.0,0.0,22043000.0
6279,胡連,上櫃,0.0,0.0,0.0,-27926.0,119015736.0
6284,佳邦,上櫃,0.0,0.0,0.0,-8077.0,148980341.0
6290,良維,上櫃,0.0,0.0,0.0,1232875.0,169652410.0
6291,沛亨,上櫃,0.0,0.0,0.0,-8899.0,42000000.0
6292,迅德,上櫃,0.0,0.0,0.0,-2000.0,46600712.0
6294,智基,上櫃,0.0,0.0,0.0,0.0,26047106.0
6411,晶焱,上櫃,0.0,0.0,0.0,-13799.0,99508031.0
6417,韋僑,上櫃,0.0,0.0,0.0,-21000.0,42274000.0
6418,詠昇,上櫃,0.0,0.0,0.0,55000.0,34522000.0
6419,京晨科,上櫃,0.0,0.0,0.0,56341.0,13159170.0
6425,易發,上櫃,0.0,0.0,0.0,616120.0,51382317.0
6432,今展科,上櫃,0.0,0.0,0.0,-34000.0,38784067.0
6435,大中,上櫃,0.0,0.0,0.0,-21108.0,37461300.0
6441,廣錠,上櫃,0.0,0.0,0.0,-8000.0,53318429.0
6461,益得,上櫃,0.0,0.0,0.0,16991.0,110324527.0
6462,神盾,上櫃,0.0,0.0,0.0,-50278.0,91250754.0
6469,大樹,上櫃,0.0,0.0,0.0,72307.0,159085152.0
6470,宇智,上櫃,0.0,0.0,0.0,9000.0,37694100.0
6474,華豫寧,上櫃,0.0,0.0,0.0,3000.0,52526199.0
6485,點序,上櫃,0.0,0.0,0.0,58000.0,47366493.0
6486,互動,上櫃,0.0,0.0,0.0,23000.0,50893286.0
6488,環球晶,上櫃,0.0,0.0,0.0,-206056.0,478113725.0
6492,生華科,上櫃,0.0,0.0,0.0,-62001.0,114903620.0
6494,九齊,上櫃,0.0,0.0,0.0,18000.0,31559690.0
6496,科懋,上櫃,0.0,0.0,0.0,-1000.0,47290220.0
6498,久禾光,上櫃,0.0,0.0,0.0,8000.0,47475892.0
6499,益安,上櫃,0.0,0.0,0.0,104928.0,96944893.0
6506,雙邦,上櫃,0.0,0.0,0.0,-1000.0,82360826.0
6508,惠光,上櫃,0.0,0.0,0.0,4000.0,86538864.0
6509,聚和,上櫃,0.0,0.0,0.0,12000.0,197080553.0
6510,精測,上櫃,0.0,0.0,0.0,-117726.0,32929138.0
6516,勤崴國際,上櫃,0.0,0.0,0.0,35000.0,56336935.0
6517,保勝光學,上櫃,0.0,0.0,0.0,65124.0,30579053.0
6523,達爾膚,上櫃,0.0,0.0,0.0,23000.0,45047625.0
6530,創威,上櫃,0.0,0.0,0.0,-69783.0,33750000.0
6532,瑞耘,上櫃,0.0,0.0,0.0,2000.0,37445147.0
6535,順藥,上櫃,0.0,0.0,0.0,-12202.0,167840825.0
6538,倉和,上櫃,0.0,0.0,0.0,-8000.0,37270493.0
6546,正基,上櫃,0.0,0.0,0.0,8059.0,66848449.0
6547,高端疫苗,上櫃,0.0,0.0,0.0,-86663.0,328943644.0
6548,長科*,上櫃,0.0,0.0,0.0,909190.0,950464700.0
6556,勝品,上櫃,0.0,0.0,0.0,-1000.0,28750000.0
6560,欣普羅,上櫃,0.0,0.0,0.0,729.0,33474715.0
6561,是方,上櫃,0.0,0.0,0.0,-40000.0,77958370.0
6568,宏觀,上櫃,0.0,0.0,0.0,-4735.0,30796200.0
6569,醫揚,上櫃,0.0,0.0,0.0,12000.0,42820745.0
6570,維田,上櫃,0.0,0.0,0.0,6000.0,37119170.0
6576,逸達,上櫃,0.0,0.0,0.0,-154000.0,157540541.0
6577,勁豐,上櫃,0.0,0.0,0.0,-3000.0,60060145.0
6578,達邦蛋白,上櫃,0.0,0.0,0.0,0.0,71941901.0
6584,南俊國際,上櫃,0.0,0.0,0.0,104596.0,71379810.0
6588,東典光電,上櫃,0.0,0.0,0.0,-197890.0,34700825.0
6593,台灣銘板,上櫃,0.0,0.0,0.0,-2000.0,31856609.0
6596,寬宏藝術,上櫃,0.0,0.0,0.0,128863.0,38000000.0
6603,富強鑫,上櫃,0.0,0.0,0.0,-383708.0,167442946.0
6609,瀧澤科,上櫃,0.0,0.0,0.0,4016.0,72456246.0
6612,奈米醫材,上櫃,0.0,0.0,0.0,548.0,52266043.0
6613,朋億*,上櫃,0.0,0.0,0.0,82949.0,77801485.0
6616,特昇-KY,上櫃,0.0,0.0,0.0,-23000.0,35428473.0
6617,共信-KY,上櫃,0.0,0.0,0.0,-9000.0,127506100.0
6624,萬年清,上櫃,0.0,0.0,0.0,21141.0,22579482.0
6637,醫影,上櫃,0.0,0.0,0.0,-1000.0,26810000.0
6640,均華,上櫃,0.0,0.0,0.0,-670.0,28911500.0
6642,富致,上櫃,0.0,0.0,0.0,-3000.0,37399662.0
6643,M31,上櫃,0.0,0.0,0.0,-6559.0,42620160.0
6649,台生材,上櫃,0.0,0.0,0.0,1000.0,42000000.0
6651,全宇昕,上櫃,0.0,0.0,0.0,30009.0,34601541.0
6654,天正國際,上櫃,0.0,0.0,0.0,-4000.0,40962720.0
6664,群翊,上櫃,0.0,0.0,0.0,123216.0,61151307.0
6667,信紘科,上櫃,0.0,0.0,0.0,158000.0,49278878.0
6679,鈺太,上櫃,0.0,0.0,0.0,-111096.0,54975335.0
6683,雍智科技,上櫃,0.0,0.0,0.0,-25740.0,27552661.0
6684,安格,上櫃,0.0,0.0,0.0,28000.0,44559496.0
6690,安碁資訊,上櫃,0.0,0.0,0.0,4000.0,29999720.0
6692,進能服,上櫃,0.0,0.0,0.0,-950.0,58843890.0
6693,廣閎科,上櫃,0.0,0.0,0.0,-6000.0,45720000.0
6703,軒郁,上櫃,0.0,0.0,0.0,-5226.0,36257210.0
6712,長聖,上櫃,0.0,0.0,0.0,-6303.0,100488861.0
6716,應廣,上櫃,0.0,0.0,0.0,2000.0,30241814.0
6720,久昌,上櫃,0.0,0.0,0.0,-3000.0,30225741.0
6727,亞泰金屬,上櫃,0.0,0.0,0.0,105000.0,26884177.0
6728,上洋,上櫃,0.0,0.0,0.0,17000.0,30120000.0
6732,昇佳電子,上櫃,0.0,0.0,0.0,-9295.0,48912618.0
6733,博晟生醫,上櫃,0.0,0.0,0.0,19000.0,134316026.0
6735,美達科技,上櫃,0.0,0.0,0.0,-14000.0,46182292.0
6739,竹陞科技,上櫃,0.0,0.0,0.0,30415.0,23392500.0
6741,91APP*-KY,上櫃,0.0,0.0,0.0,28000.0,120577997.0
6751,智聯服務,上櫃,0.0,0.0,0.0,0.0,22200000.0
6752,叡揚,上櫃,0.0,0.0,0.0,-4000.0,38258471.0
6761,穩得,上櫃,0.0,0.0,0.0,53194.0,34955867.0
6762,達亞,上櫃,0.0,0.0,0.0,523.0,36930288.0
6763,綠界科技*,上櫃,0.0,0.0,0.0,177999.0,184039130.0
6785,昱展新藥,上櫃,0.0,0.0,0.0,62606.0,66800000.0
6788,華景電,上櫃,0.0,0.0,0.0,519708.0,38739683.0
6791,虎門科技,上櫃,0.0,0.0,0.0,-3000.0,20847000.0
6803,崑鼎,上櫃,0.0,0.0,0.0,3000.0,72794385.0
6811,宏碁資訊,上櫃,0.0,0.0,0.0,-4935.0,41449000.0
6821,聯寶,上櫃,0.0,0.0,0.0,-2000.0,35913193.0
6823,濾能,上櫃,0.0,0.0,0.0,152000.0,33233920.0
6829,千附精密,上櫃,0.0,0.0,0.0,48000.0,59169000.0
6840,東研信超,上櫃,0.0,0.0,0.0,-2000.0,30767284.0
6841,長佳智能,上櫃,0.0,0.0,0.0,47777.0,95223000.0
6843,進典,上櫃,0.0,0.0,0.0,-1000.0,33304000.0
6846,綠茵,上櫃,0.0,0.0,0.0,-1000.0,27066039.0
6855,數泓科,上櫃,0.0,0.0,0.0,2000.0,23249716.0
6859,伯特光,上櫃,0.0,0.0,0.0,-11996.0,41588600.0
6865,偉康科技,上櫃,0.0,0.0,0.0,5.0,15840645.0
6870,騰雲,上櫃,0.0,0.0,0.0,70980.0,28317550.0
6872,浩宇生醫,上櫃,0.0,0.0,0.0,-1000.0,70750511.0
6874,倍力,上櫃,0.0,0.0,0.0,-2000.0,22000000.0
6875,國邑*,上櫃,0.0,0.0,0.0,54000.0,129182804.0
6877,鏵友益,上櫃,0.0,0.0,0.0,29120.0,47167122.0
6894,衛司特,上櫃,0.0,0.0,0.0,-3931.0,23800000.0
6895,宏碩系統,上櫃,0.0,0.0,0.0,29955.0,34100000.0
6899,創為精密,上櫃,0.0,0.0,0.0,-1000.0,42398491.0
6903,巨漢,上櫃,0.0,0.0,0.0,-126000.0,66676000.0
6910,德鴻,上櫃,0.0,0.0,0.0,-28000.0,30521000.0
6913,鴻呈,上櫃,0.0,0.0,0.0,8000.0,43848863.0
6922,宸曜,上櫃,0.0,0.0,0.0,3117.0,27155385.0
6925,意藍,上櫃,0.0,0.0,0.0,16950.0,20000300.0
6929,佑全,上櫃,0.0,0.0,0.0,2000.0,45090000.0
6953,家碩,上櫃,0.0,0.0,0.0,3000.0,30014600.0
6967,汎瑋材料,上櫃,0.0,0.0,0.0,56892.0,30404477.0
6968,萬達寵物,上櫃,0.0,0.0,0.0,4000.0,50436279.0
6982,大井泵浦,上櫃,0.0,0.0,0.0,18000.0,40752381.0
6996,力領科技,上櫃,0.0,0.0,0.0,-16000.0,42090333.0
7402,邑錡,上櫃,0.0,0.0,0.0,-63380.0,35280646.0
7547,碩網,上櫃,0.0,0.0,0.0,2000.0,33963000.0
7584,樂意,上櫃,0.0,0.0,0.0,-1000.0,16462808.0
7642,昶瑞機電,上櫃,0.0,0.0,0.0,11000.0,30194258.0
7703,銳澤,上櫃,0.0,0.0,0.0,45000.0,34745000.0
7712,博盛半導體,上櫃,0.0,0.0,0.0,68000.0,32561873.0
7713,威力德生醫,上櫃,0.0,0.0,0.0,-1000.0,45478843.0
7714,創泓科技,上櫃,0.0,0.0,0.0,-1000.0,21000000.0
7715,裕山,上櫃,0.0,0.0,0.0,12000.0,32756500.0
7716,昱臺國際,上櫃,0.0,0.0,0.0,1000.0,22500000.0
7717,萊德光電-KY,上櫃,0.0,0.0,0.0,11000.0,24831518.0
7723,築間,上櫃,0.0,0.0,0.0,17000.0,49619550.0
7728,光焱科技,上櫃,0.0,0.0,0.0,-12900.0,13992621.0
7734,印能科技,上櫃,0.0,0.0,0.0,3669.0,28000000.0
7738,東聯互動,上櫃,0.0,0.0,0.0,0.0,27355799.0
7744,崴寶,上櫃,0.0,0.0,0.0,-23000.0,32076710.0
7747,昕奇雲端,上櫃,0.0,0.0,0.0,-1000.0,30168600.0
7751,竑騰,上櫃,0.0,0.0,0.0,505.0,26888600.0
7767,仁大資訊,上櫃,0.0,0.0,0.0,-4000.0,30100000.0
7782,光速火箭,上櫃,0.0,0.0,0.0,9000.0,23213000.0
8027,鈦昇,上櫃,0.0,0.0,0.0,295417.0,109750596.0
8032,光菱,上櫃,0.0,0.0,0.0,14000.0,51810300.0
8034,榮群,上櫃,0.0,0.0,0.0,233000.0,56586353.0
8038,長園科,上櫃,0.0,0.0,0.0,64000.0,62278190.0
8040,九暘,上櫃,0.0,0.0,0.0,15000.0,96413874.0
8042,金山電,上櫃,0.0,0.0,0.0,150383.0,131479954.0
8043,蜜望實,上櫃,0.0,0.0,0.0,12643.0,79907170.0
8044,網家,上櫃,0.0,0.0,0.0,182000.0,204768065.0
8047,星雲,上櫃,0.0,0.0,0.0,-60933.0,34613011.0
8048,德勝,上櫃,0.0,0.0,0.0,-34045.0,59436924.0
8049,晶采,上櫃,0.0,0.0,0.0,10198.0,118279808.0
8050,廣積,上櫃,0.0,0.0,0.0,48990.0,205204891.0
8054,安國,上櫃,0.0,0.0,0.0,1190434.0,108732566.0
8059,凱碩,上櫃,0.0,0.0,0.0,29000.0,116466300.0
8064,東捷,上櫃,0.0,0.0,0.0,-29500.0,184817836.0
8066,來思達,上櫃,0.0,0.0,0.0,-1000.0,36642304.0
8068,全達,上櫃,0.0,0.0,0.0,56001.0,80765949.0
8069,元太,上櫃,0.0,0.0,0.0,239838.0,1154678380.0
8071,能率網通,上櫃,0.0,0.0,0.0,-3000.0,60084283.0
8074,鉅橡,上櫃,0.0,0.0,0.0,-1329632.0,86974466.0
8076,伍豐,上櫃,0.0,0.0,0.0,70073.0,292213592.0
8080,泰霖,上櫃,0.0,0.0,0.0,1.0,67163821.0
8083,瑞穎,上櫃,0.0,0.0,0.0,-1000.0,35133193.0
8084,巨虹,上櫃,0.0,0.0,0.0,17000.0,69514149.0
8085,福華,上櫃,0.0,0.0,0.0,297639.0,139983060.0
8086,宏捷科,上櫃,0.0,0.0,0.0,415626.0,196516123.0
8087,麗升能源,上櫃,0.0,0.0,0.0,1003.0,38646042.0
8088,品安,上櫃,0.0,0.0,0.0,91642.0,60921749.0
8089,康全電訊,上櫃,0.0,0.0,0.0,-28067.0,65998718.0
8091,翔名,上櫃,0.0,0.0,0.0,30644.0,56943651.0
8092,建暐,上櫃,0.0,0.0,0.0,-2000.0,57172325.0
8093,保銳,上櫃,0.0,0.0,0.0,-201.0,56567567.0
8096,擎亞,上櫃,0.0,0.0,0.0,-323199.0,149343066.0
8097,常珵,上櫃,0.0,0.0,0.0,26005.0,60302468.0
8099,大世科,上櫃,0.0,0.0,0.0,3000.0,100072800.0
8107,大億金茂,上櫃,0.0,0.0,0.0,2000.0,75000000.0
8109,博大,上櫃,0.0,0.0,0.0,6063.0,82161236.0
8111,立碁,上櫃,0.0,0.0,0.0,54300.0,109102223.0
8121,越峰,上櫃,0.0,0.0,0.0,-2491.0,212993743.0
8147,正淩,上櫃,0.0,0.0,0.0,-9065.0,41817166.0
8155,博智,上櫃,0.0,0.0,0.0,-110646.0,62367700.0
8171,天宇,上櫃,0.0,0.0,0.0,27003.0,112853326.0
8176,智捷,上櫃,0.0,0.0,0.0,-352.0,59800000.0
8182,加高,上櫃,0.0,0.0,0.0,-2000.0,107041215.0
8183,精星,上櫃,0.0,0.0,0.0,73134.0,0.0
8227,巨有科技,上櫃,0.0,0.0,0.0,12980.0,39543000.0
8234,新漢,上櫃,0.0,0.0,0.0,-43648.0,141226472.0
8240,華宏,上櫃,0.0,0.0,0.0,49235.0,100004414.0
8255,朋程,上櫃,0.0,0.0,0.0,334.0,101961041.0
8277,商丞,上櫃,0.0,0.0,0.0,-117383.0,39500000.0
8279,生展,上櫃,0.0,0.0,0.0,-1000.0,27100851.0
8284,三竹,上櫃,0.0,0.0,0.0,4000.0,47303000.0
8289,泰藝,上櫃,0.0,0.0,0.0,1000.0,68333765.0
8299,群聯,上櫃,0.0,0.0,0.0,124777.0,221165247.0
8349,恒耀,上櫃,0.0,0.0,0.0,-9000.0,208821391.0
8354,冠好,上櫃,0.0,0.0,0.0,-660.0,78532263.0
8358,金居,上櫃,0.0,0.0,0.0,216887.0,252588000.0
8383,千附,上櫃,0.0,0.0,0.0,30000.0,113760482.0
8390,金益鼎,上櫃,0.0,0.0,0.0,-1025243.0,96116128.0
8401,白紗科,上櫃,0.0,0.0,0.0,23000.0,70669058.0
8403,盛弘,上櫃,0.0,0.0,0.0,0.0,137640343.0
8410,森田,上櫃,0.0,0.0,0.0,-6000.0,36589200.0
8415,大國鋼,上櫃,0.0,0.0,0.0,-206648.0,1031500000.0
8421,旭源,上櫃,0.0,0.0,0.0,-3000.0,54817140.0
8423,保綠-KY,上櫃,0.0,0.0,0.0,-1000.0,41714030.0
8424,惠普,上櫃,0.0,0.0,0.0,7000.0,36054368.0
8431,匯鑽科,上櫃,0.0,0.0,0.0,-52279.0,48778331.0
8432,東生華,上櫃,0.0,0.0,0.0,-20.0,38398140.0
8433,弘帆,上櫃,0.0,0.0,0.0,-4000.0,54506098.0
8435,鉅邁,上櫃,0.0,0.0,0.0,1000.0,35200450.0
8436,大江,上櫃,0.0,0.0,0.0,2949.0,117728830.0
8440,綠電,上櫃,0.0,0.0,0.0,18000.0,50255299.0
8444,綠河-KY,上櫃,0.0,0.0,0.0,0.0,125104845.0
8446,華研,上櫃,0.0,0.0,0.0,0.0,52914405.0
8450,霹靂,上櫃,0.0,0.0,0.0,3000.0,51309947.0
8472,夠麻吉,上櫃,0.0,0.0,0.0,-2000.0,17735800.0
8489,三貝德,上櫃,0.0,0.0,0.0,0.0,59948960.0
8906,花王,上櫃,0.0,0.0,0.0,25000.0,44037370.0
8908,欣雄,上櫃,0.0,0.0,0.0,7000.0,315332742.0
8916,光隆,上櫃,0.0,0.0,0.0,33000.0,148591646.0
8924,大田,上櫃,0.0,0.0,0.0,1877.0,83800000.0
8927,北基,上櫃,0.0,0.0,0.0,-27000.0,419068367.0
8929,富堡,上櫃,0.0,0.0,0.0,2000.0,50580862.0
8930,青鋼,上櫃,0.0,0.0,0.0,61002.0,81809406.0
8931,大汽電,上櫃,0.0,0.0,0.0,0.0,122254862.0
8932,智通*,上櫃,0.0,0.0,0.0,253453.0,426013152.0
8933,愛地雅,上櫃,0.0,0.0,0.0,-13896.0,326724305.0
8935,邦泰,上櫃,0.0,0.0,0.0,22000.0,113495000.0
8936,國統,上櫃,0.0,0.0,0.0,270897.0,248078157.0
8937,合騏,上櫃,0.0,0.0,0.0,-62417.0,441680272.0
8938,明安,上櫃,0.0,0.0,0.0,66000.0,156986490.0
8942,森鉅,上櫃,0.0,0.0,0.0,33000.0,198842255.0
9949,琉園,上櫃,0.0,0.0,0.0,-1000.0,44860763.0
9951,皇田,上櫃,0.0,0.0,0.0,10000.0,73300000.0
9962,有益,上櫃,0.0,0.0,0.0,-1000.0,90220260.0
