code,name,market,外資,投信,自營,三大法人,shares
6770,力積電,上市,51490259.0,149000.0,2299838.0,53939097.0,4188064801.0
2887,台新新光金,上市,-45463755.0,93186000.0,828492.0,48550737.0,24866399230.0
00919,群益台灣精選高息,上市,15386715.0,0.0,30690556.0,46077271.0,18733635000.0
2337,旺宏,上市,8635329.0,4565000.0,1681484.0,14881813.0,1855826441.0
1216,統一,上市,-9179522.0,20658000.0,826188.0,12304666.0,5682015421.0
00637L,元大滬深300正2,上市,7626000.0,0.0,4162877.0,11788877.0,1131106000.0
00680L,元大美債20正2,上市,160000.0,0.0,10605179.0,10765179.0,3129576000.0
00632R,元大台灣50反1,上市,-80000.0,0.0,10681096.0,10601096.0,1701707730.0
00671R,富邦NASDAQ反1,上市,0.0,0.0,9074000.0,9074000.0,648384000.0
2303,聯電,上市,22856899.0,-17646074.0,1996682.0,7207507.0,12555278344.0
00712,復華富時不動產,上市,4552526.0,0.0,2635203.0,7187729.0,4743511000.0
5522,遠雄,上市,6176000.0,0.0,-121261.0,6054739.0,781596241.0
2880,華南金,上市,-11667334.0,15277000.0,1736406.0,5346072.0,13916965089.0
2329,華泰,上市,5118100.0,0.0,44545.0,5162645.0,560004333.0
00688L,國泰20年美債正2,上市,52000.0,0.0,4502044.0,4554044.0,1374615000.0
00929,復華台灣科技優息,上市,1713200.0,0.0,2586523.0,4299723.0,7386139000.0
00900,富邦特選高股息30,上市,13000.0,0.0,3946311.0,3959311.0,2691025000.0
3037,欣興,上市,3605490.0,-92000.0,294647.0,3808137.0,1529600197.0
2883,凱基金,上市,-503757.0,2477000.0,1782493.0,3755736.0,16975033203.0
00878,國泰永續高股息,上市,-822560.0,0.0,4468800.0,3646240.0,21273790000.0
8422,可寧衛*,上市,-7388797.0,10845000.0,-104897.0,3351306.0,1136796050.0
1314,中石化,上市,3077200.0,0.0,249512.0,3326712.0,3784850130.0
1802,台玻,上市,3754990.0,-200000.0,-292425.0,3262565.0,2908060800.0
1319,東陽,上市,2083910.0,981473.0,24155.0,3089538.0,591477068.0
2867,三商壽,上市,1476000.0,0.0,1549000.0,3025000.0,5899501044.0
00915,凱基優選高股息30,上市,-626000.0,0.0,3607495.0,2981495.0,1060483000.0
00945B,凱基美國非投等債,上市,3100000.0,0.0,-153591.0,2946409.0,939818000.0
6282,康舒,上市,2478000.0,6000.0,429451.0,2913451.0,856029125.0
00953B,群益優選非投等債,上市,6873100.0,0.0,-3988000.0,2885100.0,4091675000.0
8039,台虹,上市,2700050.0,0.0,136633.0,2836683.0,256650999.0
00665L,富邦恒生國企正2,上市,960000.0,0.0,1794743.0,2754743.0,531965000.0
00715L,期街口布蘭特正2,上市,5605000.0,0.0,-2874737.0,2730263.0,586691793.0
2618,長榮航,上市,3191913.0,-1101746.0,595896.0,2686063.0,5400444335.0
2542,興富發,上市,3962800.0,-1673000.0,7981.0,2297781.0,2173083539.0
6005,群益證,上市,-3471000.0,5737000.0,0.0,2266000.0,2170908097.0
00939,統一台灣高息動能,上市,-257000.0,0.0,2506233.0,2249233.0,2085476000.0
2371,大同,上市,10565150.0,-8844000.0,498813.0,2219963.0,2150834851.0
00985B,群益ESG投等債0-5,上市,2458000.0,0.0,-322000.0,2136000.0,479001000.0
5880,合庫金,上市,1104409.0,-1000.0,1008583.0,2111992.0,15680936914.0
2406,國碩,上市,2098600.0,0.0,9000.0,2107600.0,350905689.0
00961,FT臺灣永續高息,上市,-11000.0,0.0,2111870.0,2100870.0,217011000.0
3060,銘異,上市,1933000.0,0.0,74361.0,2007361.0,137563190.0
2610,華航,上市,1845819.0,-844000.0,974030.0,1975849.0,6083923559.0
00713,元大台灣高息低波,上市,241295.0,-415000.0,1911156.0,1737451.0,2617512000.0
3189,景碩,上市,1221860.0,15000.0,435494.0,1672354.0,456812660.0
2324,仁寶,上市,8525256.0,-7348000.0,453078.0,1630334.0,4407146625.0
00752,中信中國50,上市,292000.0,0.0,1327756.0,1619756.0,321216000.0
00940,元大台灣價值高息,上市,-15195.0,0.0,1623965.0,1608770.0,10935865000.0
2548,華固,上市,983600.0,0.0,586829.0,1570429.0,319718697.0
3532,台勝科,上市,1545038.0,0.0,14082.0,1559120.0,387848300.0
00935,野村臺灣新科技50,上市,300050.0,0.0,1193198.0,1493248.0,422504000.0
00686R,群益臺灣加權反1,上市,0.0,0.0,1445000.0,1445000.0,142276000.0
5871,中租-KY,上市,1138737.0,107676.0,165532.0,1411945.0,1711421161.0
8110,華東,上市,1408000.0,0.0,1000.0,1409000.0,517739876.0
2330,台積電,上市,-3241941.0,1699800.0,2933438.0,1391297.0,25932524521.0
8021,尖點,上市,1356066.0,0.0,-964.0,1355102.0,142042467.0
2408,南亞科,上市,-3616199.0,273000.0,4680661.0,1337462.0,3098627894.0
00983D,主動富邦複合收益,上市,-456000.0,0.0,1779389.0,1323389.0,102697000.0
8150,南茂,上市,1258500.0,0.0,-16977.0,1241523.0,704523126.0
00650L,復華香港正2,上市,1133000.0,0.0,48712.0,1181712.0,156838000.0
6919,康霈*,上市,1038523.0,0.0,14000.0,1052523.0,1550897860.0
9907,統一實,上市,-2847000.0,3780217.0,61729.0,994946.0,1579145342.0
00635U,期元大S&P黃金,上市,-18000.0,0.0,962070.0,944070.0,208014000.0
6443,元晶,上市,933886.0,0.0,4067.0,937953.0,538691466.0
2492,華新科,上市,813000.0,0.0,110559.0,923559.0,485804774.0
00633L,富邦上証正2,上市,258000.0,0.0,626944.0,884944.0,180458000.0
2301,光寶科,上市,-1105624.0,1567000.0,422463.0,883839.0,2316775763.0
6139,亞翔,上市,993572.0,-27000.0,-95467.0,871105.0,233319058.0
00885,富邦越南,上市,1334000.0,0.0,-467191.0,866809.0,815738000.0
00676R,富邦臺灣加權反1,上市,0.0,0.0,855188.0,855188.0,122333683.0
2882,國泰金,上市,19214461.0,-18807139.0,441280.0,848602.0,14669210128.0
4764,雙鍵,上市,847000.0,0.0,-2457.0,844543.0,85542062.0
1316,上曜,上市,842000.0,0.0,0.0,842000.0,367089019.0
00673R,期元大S&P原油反1,上市,0.0,0.0,779046.0,779046.0,69050646.0
1608,華榮,上市,741995.0,0.0,17102.0,759097.0,632773506.0
00708L,期元大S&P黃金正2,上市,-20000.0,0.0,775188.0,755188.0,86073000.0
1409,新纖,上市,516000.0,0.0,194228.0,710228.0,1618409286.0
2614,東森,上市,710000.0,0.0,0.0,710000.0,327264946.0
2201,裕隆,上市,550000.0,0.0,150013.0,700013.0,1070001251.0
9945,潤泰新,上市,616000.0,-50000.0,118400.0,684400.0,2844225086.0
5534,長虹,上市,521000.0,0.0,141371.0,662371.0,290325960.0
3036,文曄,上市,-3533500.0,3999000.0,194869.0,660369.0,1265209751.0
4977,眾達-KY,上市,657800.0,0.0,-8863.0,648937.0,80189841.0
4927,泰鼎-KY,上市,631000.0,0.0,10000.0,641000.0,264937988.0
2317,鴻海,上市,-1793312.0,-1779000.0,4211778.0,639466.0,13964222294.0
00701,國泰股利精選30,上市,-6000.0,0.0,637063.0,631063.0,224391000.0
00982D,主動富邦動態入息,上市,-10000.0,0.0,605000.0,595000.0,108229000.0
4919,新唐,上市,503000.0,0.0,90349.0,593349.0,419765268.0
8131,福懋科,上市,571850.0,0.0,12626.0,584476.0,442222223.0
1307,三芳,上市,579000.0,0.0,-6000.0,573000.0,397818126.0
2485,兆赫,上市,385800.0,0.0,182226.0,568026.0,317689037.0
1522,堤維西,上市,468000.0,-3260.0,34907.0,499647.0,312897881.0
2836,高雄銀,上市,340420.0,0.0,144620.0,485040.0,1839916985.0
00636,國泰中國A50,上市,135000.0,0.0,349236.0,484236.0,144825000.0
3167,大量,上市,469900.0,0.0,3986.0,473886.0,88361787.0
2458,義隆,上市,-1181000.0,1616921.0,30781.0,466702.0,303880392.0
2312,金寶,上市,759000.0,0.0,-320083.0,438917.0,1504839211.0
1215,卜蜂,上市,-1676850.0,2085000.0,23243.0,431393.0,294790098.0
6152,百一,上市,419052.0,0.0,2000.0,421052.0,167738463.0
2801,彰銀,上市,-352734.0,-1000.0,774000.0,420266.0,11766046253.0
2349,錸德,上市,401000.0,0.0,10965.0,411965.0,693679663.0
1708,東鹼,上市,414000.0,0.0,-17204.0,396796.0,249001651.0
2467,志聖,上市,378000.0,11000.0,4380.0,393380.0,156755348.0
2399,映泰,上市,386000.0,0.0,-2588.0,383412.0,178100000.0
4906,正文,上市,537000.0,-5426.0,-152642.0,378932.0,427594111.0
6426,統新,上市,395000.0,0.0,-16206.0,378794.0,38509000.0
3010,華立,上市,-78000.0,416481.0,39633.0,378114.0,259436817.0
1560,中砂,上市,228004.0,167000.0,-21820.0,373184.0,146277234.0
00936,台新永續高息中小,上市,-109000.0,0.0,478044.0,369044.0,611297000.0
6155,鈞寶,上市,360000.0,0.0,-3455.0,356545.0,88023988.0
1702,南僑,上市,347000.0,-3578.0,7000.0,350422.0,294132962.0
00693U,期街口S&P黃豆,上市,46000.0,0.0,300537.0,346537.0,92666000.0
009802,富邦旗艦50,上市,-15800.0,0.0,359988.0,344188.0,625495000.0
2852,第一保,上市,335000.0,0.0,7000.0,342000.0,301163784.0
3048,益登,上市,328000.0,0.0,11561.0,339561.0,269829794.0
2451,創見,上市,692140.0,-109145.0,-250307.0,332688.0,430701675.0
00960,野村全球航運龍頭,上市,0.0,0.0,331875.0,331875.0,143995000.0
3576,聯合再生,上市,264100.0,0.0,63980.0,328080.0,1627795375.0
2421,建準,上市,275601.0,0.0,34307.0,309908.0,273443669.0
2241,艾姆勒,上市,297000.0,0.0,2000.0,299000.0,104602306.0
8033,雷虎,上市,292377.0,0.0,-3000.0,289377.0,152629775.0
1587,吉茂,上市,279100.0,0.0,896.0,279996.0,80055672.0
3044,健鼎,上市,1142401.0,-907000.0,44130.0,279531.0,525605898.0
2472,立隆電,上市,332207.0,0.0,-55261.0,276946.0,164735137.0
3025,星通,上市,274000.0,0.0,-2000.0,272000.0,56736440.0
1312,國喬,上市,-113000.0,0.0,376796.0,263796.0,1106620328.0
00897,富邦基因免疫生技,上市,17000.0,0.0,243815.0,260815.0,182512000.0
2501,國建,上市,370000.0,0.0,-110000.0,260000.0,1159561059.0
4916,事欣科,上市,264100.0,0.0,-6211.0,257889.0,110602900.0
1444,力麗,上市,235000.0,0.0,13000.0,248000.0,995595059.0
2419,仲琦,上市,236000.0,0.0,10454.0,246454.0,321317229.0
3016,嘉晶,上市,144000.0,0.0,101249.0,245249.0,288541819.0
7769,鴻勁,上市,-81089.0,308800.0,17000.0,244711.0,179930000.0
2412,中華電,上市,-163884.0,14000.0,391279.0,241395.0,7757446545.0
8028,昇陽半導體,上市,228970.0,0.0,11867.0,240837.0,172628033.0
2204,中華,上市,-27000.0,247679.0,19823.0,240502.0,553620342.0
006205,富邦上証,上市,110000.0,0.0,127946.0,237946.0,114939000.0
3023,信邦,上市,159806.0,53000.0,21646.0,234452.0,240069014.0
9941,裕融,上市,-439000.0,620000.0,52514.0,233514.0,575636346.0
2383,台光電,上市,22055.0,144000.0,66151.0,232206.0,346773599.0
1440,南紡,上市,149000.0,0.0,82271.0,231271.0,1656815857.0
5521,工信,上市,-253000.0,0.0,474000.0,221000.0,492280155.0
1532,勤美,上市,208000.0,-5194.0,12118.0,214924.0,422604271.0
00898,國泰基因免疫革命,上市,49000.0,0.0,164633.0,213633.0,189476000.0
6442,光聖,上市,337877.0,-176000.0,49689.0,211566.0,77343078.0
00700,富邦恒生國企,上市,30000.0,0.0,177097.0,207097.0,53483000.0
3006,晶豪科,上市,301000.0,0.0,-94976.0,206024.0,286172238.0
00639,富邦深100,上市,-19000.0,0.0,219037.0,200037.0,141903000.0
3665,貿聯-KY,上市,49110.0,126000.0,23944.0,199054.0,193969420.0
2404,漢唐,上市,229789.0,-2000.0,-32161.0,195628.0,190586698.0
0061,元大寶滬深,上市,169000.0,0.0,26621.0,195621.0,121116000.0
6278,台表科,上市,226000.0,-33300.0,-1181.0,191519.0,292398353.0
4934,太極,上市,183000.0,0.0,7000.0,190000.0,225000000.0
3052,夆典,上市,186000.0,0.0,0.0,186000.0,233245771.0
00733,富邦臺灣中小,上市,-49000.0,0.0,232185.0,183185.0,142466000.0
9939,宏全,上市,154000.0,7000.0,21097.0,182097.0,295786475.0
6177,達麗,上市,441000.0,-233000.0,-30320.0,177680.0,471878411.0
6805,富世達,上市,-26965.0,203000.0,406.0,176441.0,68553896.0
2228,劍麟,上市,69000.0,114000.0,-9999.0,173001.0,79531339.0
1229,聯華,上市,77000.0,0.0,86551.0,163551.0,1795960668.0
00952,凱基台灣AI50,上市,-23000.0,0.0,184432.0,161432.0,246775000.0
2405,輔信,上市,150000.0,0.0,10000.0,160000.0,343427303.0
2493,揚博,上市,161000.0,0.0,-3091.0,157909.0,126796629.0
2630,亞航,上市,159000.0,0.0,-3480.0,155520.0,209438204.0
006206,元大上證50,上市,9000.0,0.0,146124.0,155124.0,33278000.0
6133,金橋,上市,122000.0,0.0,18000.0,140000.0,117006294.0
8404,百和興業-KY,上市,112000.0,0.0,24000.0,136000.0,419933884.0
00731,復華富時高息低波,上市,-2000.0,0.0,137802.0,135802.0,39600000.0
00655L,國泰中國A50正2,上市,178000.0,0.0,-42369.0,135631.0,94958000.0
00930,永豐ESG低碳高息,上市,0.0,0.0,134895.0,134895.0,276279000.0
00944,野村趨勢動能高息,上市,-2000.0,0.0,136561.0,134561.0,108581000.0
5234,達興材料,上市,96770.0,0.0,31583.0,128353.0,102715911.0
2913,農林,上市,85000.0,0.0,42000.0,127000.0,790000000.0
2511,太子,上市,57000.0,0.0,69913.0,126913.0,1623326147.0
3706,神達,上市,43400.0,24000.0,55009.0,122409.0,1327212468.0
6414,樺漢,上市,-528500.0,623000.0,24201.0,118701.0,137539720.0
00932,兆豐永續高息等權,上市,-35257.0,0.0,151787.0,116530.0,251283000.0
1217,愛之味,上市,110000.0,0.0,6000.0,116000.0,494513336.0
00876,元大全球5G,上市,-52000.0,0.0,167469.0,115469.0,81524000.0
009809,富邦淨零ESG50,上市,0.0,0.0,115000.0,115000.0,63863000.0
8011,台通,上市,121000.0,0.0,-7000.0,114000.0,165921891.0
00908,富邦入息REITs+,上市,0.0,0.0,113289.0,113289.0,40916000.0
2528,皇普,上市,101000.0,0.0,12000.0,113000.0,434026467.0
6541,泰福-KY,上市,102000.0,0.0,9000.0,111000.0,264680367.0
3017,奇鋐,上市,-191640.0,258000.0,41147.0,107507.0,388167157.0
6271,同欣電,上市,-94834.0,0.0,202174.0,107340.0,209058024.0
6605,帝寶,上市,698000.0,-608000.0,17162.0,107162.0,165816397.0
2538,基泰,上市,106000.0,0.0,1000.0,107000.0,445025495.0
8016,矽創,上市,98300.0,-668.0,7829.0,105461.0,120136876.0
00783,富邦中証500,上市,0.0,0.0,104092.0,104092.0,10531000.0
2439,美律,上市,2065000.0,-2101376.0,140323.0,103947.0,253839614.0
1417,嘉裕,上市,110000.0,0.0,-7000.0,103000.0,189941840.0
00903,富邦元宇宙,上市,-54000.0,0.0,156426.0,102426.0,69721000.0
00654R,富邦印度反1,上市,0.0,0.0,101048.0,101048.0,20466000.0
1227,佳格,上市,62000.0,0.0,36935.0,98935.0,915089591.0
3026,禾伸堂,上市,87000.0,0.0,9392.0,96392.0,165890318.0
2881,富邦金,上市,5838365.0,-6692000.0,950006.0,96371.0,14007364952.0
3022,威強電,上市,92000.0,0.0,4000.0,96000.0,176597790.0
4737,華廣,上市,96000.0,0.0,-1000.0,95000.0,67272653.0
1721,國慶科技,上市,81000.0,0.0,13870.0,94870.0,184884092.0
006208,富邦台50,上市,100720.0,0.0,-7805.0,92915.0,1919040000.0
1907,永豐餘,上市,23000.0,0.0,68333.0,91333.0,1660371495.0
3703,欣陸,上市,62000.0,0.0,29000.0,91000.0,823215980.0
6592,和潤企業,上市,39000.0,0.0,51549.0,90549.0,623150493.0
6189,豐藝,上市,82999.0,0.0,7072.0,90071.0,263779657.0
8464,億豐,上市,75620.0,0.0,12826.0,88446.0,293020200.0
5531,鄉林,上市,56000.0,0.0,32000.0,88000.0,1077589245.0
3705,永信,上市,79000.0,0.0,8321.0,87321.0,266422983.0
2375,凱美,上市,87000.0,0.0,-405.0,86595.0,108675334.0
00651R,復華香港反1,上市,35000.0,0.0,50920.0,85920.0,36192000.0
8103,瀚荃,上市,80050.0,0.0,4500.0,84550.0,78436671.0
1309,台達化,上市,62000.0,0.0,21280.0,83280.0,397586848.0
2727,王品,上市,77000.0,0.0,4000.0,81000.0,84451109.0
3057,喬鼎,上市,63000.0,0.0,17058.0,80058.0,60325729.0
2481,強茂,上市,-675996.0,488000.0,266205.0,78209.0,382114927.0
00949,復華日本龍頭,上市,3000.0,0.0,75119.0,78119.0,208428000.0
1528,恩德,上市,63000.0,0.0,14000.0,77000.0,191331000.0
9940,信義,上市,48000.0,0.0,29000.0,77000.0,736846500.0
00941,中信上游半導體,上市,-24970.0,0.0,101953.0,76983.0,545291000.0
00962,台新AI優息動能,上市,-3000.0,0.0,78624.0,75624.0,58920000.0
6431,光麗-KY,上市,74000.0,0.0,1000.0,75000.0,97398835.0
2414,精技,上市,68000.0,0.0,6000.0,74000.0,161735846.0
2029,盛餘,上市,73000.0,0.0,1000.0,74000.0,321180000.0
00912,中信臺灣智慧50,上市,-20775.0,0.0,94008.0,73233.0,57253000.0
2038,海光,上市,72000.0,0.0,1000.0,73000.0,194134303.0
2022,聚亨,上市,72000.0,0.0,0.0,72000.0,337168138.0
3321,同泰,上市,72000.0,0.0,0.0,72000.0,53113769.0
2530,華建,上市,200000.0,0.0,-128000.0,72000.0,839988000.0
5388,中磊,上市,30000.0,0.0,41556.0,71556.0,300429542.0
2849,安泰銀,上市,-27000.0,0.0,98000.0,71000.0,1957609349.0
1789,神隆,上市,39000.0,0.0,32000.0,71000.0,790739222.0
3209,全科,上市,78000.0,0.0,-8000.0,70000.0,234712751.0
2010,春源,上市,43000.0,0.0,27000.0,70000.0,647655390.0
3032,偉訓,上市,76000.0,0.0,-6284.0,69716.0,113285626.0
6706,惠特,上市,-69000.0,0.0,138335.0,69335.0,78568865.0
6166,凌華,上市,72020.0,0.0,-4256.0,67764.0,217497257.0
1414,東和,上市,6000.0,0.0,61000.0,67000.0,220000000.0
2545,皇翔,上市,47000.0,0.0,18000.0,65000.0,379734808.0
6669,緯穎,上市,-41228.0,48000.0,57852.0,64624.0,185840791.0
00717,富邦美國特別股,上市,134000.0,0.0,-70000.0,64000.0,152605000.0
2505,國揚,上市,57000.0,0.0,6000.0,63000.0,380000000.0
2348,海悅,上市,55000.0,0.0,6017.0,61017.0,151898853.0
00638R,元大滬深300反1,上市,0.0,0.0,60980.0,60980.0,33948000.0
00916,國泰全球品牌50,上市,-17000.0,0.0,77784.0,60784.0,69919000.0
1773,勝一,上市,50000.0,0.0,10770.0,60770.0,300000000.0
4306,炎洲,上市,69000.0,0.0,-10000.0,59000.0,676757216.0
3622,洋華,上市,60000.0,0.0,-3000.0,57000.0,151327600.0
2534,宏盛,上市,18000.0,0.0,38000.0,56000.0,474227970.0
2908,特力,上市,36000.0,0.0,19000.0,55000.0,509887558.0
2444,兆勁,上市,55000.0,0.0,0.0,55000.0,101569573.0
8499,鼎炫-KY,上市,55000.0,0.0,-723.0,54277.0,41165557.0
6197,佳必琪,上市,51287.0,0.0,2633.0,53920.0,122085882.0
1231,聯華食,上市,42000.0,0.0,11263.0,53263.0,298454475.0
8163,達方,上市,58100.0,-3854.0,-1315.0,52931.0,280000001.0
009808,華南永昌優選50,上市,-97000.0,0.0,149808.0,52808.0,53011000.0
2345,智邦,上市,-196945.0,282000.0,-32505.0,52550.0,561117897.0
1517,利奇,上市,45000.0,0.0,5972.0,50972.0,223300007.0
8478,東哥遊艇,上市,78000.0,0.0,-27074.0,50926.0,93972276.0
4569,六方科-KY,上市,50000.0,0.0,-1000.0,49000.0,30600000.0
4414,如興,上市,47000.0,0.0,1000.0,48000.0,263795773.0
00947,台新臺灣IC設計,上市,-14000.0,0.0,61746.0,47746.0,113364000.0
1321,大洋,上市,43000.0,0.0,4000.0,47000.0,227228268.0
2020,美亞,上市,43000.0,0.0,3000.0,46000.0,267031320.0
00739,元大MSCI A股,上市,23000.0,0.0,21815.0,44815.0,29488000.0
00678,群益那斯達克生技,上市,-129000.0,0.0,173078.0,44078.0,7948000.0
4440,宜新實業,上市,43000.0,0.0,1000.0,44000.0,67598000.0
2832,台產,上市,22000.0,0.0,21000.0,43000.0,253540280.0
1909,榮成,上市,-23997.0,0.0,66000.0,42003.0,1327685727.0
2536,宏普,上市,45000.0,0.0,-3000.0,42000.0,332808652.0
2364,倫飛,上市,42640.0,0.0,-1000.0,41640.0,52388648.0
6215,和椿,上市,40000.0,0.0,1251.0,41251.0,82789693.0
2636,台驊控股,上市,36000.0,0.0,4698.0,40698.0,141835230.0
8454,富邦媒,上市,32075.0,0.0,8284.0,40359.0,264975275.0
2478,大毅,上市,27000.0,0.0,13000.0,40000.0,144731339.0
3701,大眾控,上市,20500.0,0.0,19307.0,39807.0,236526612.0
3515,華擎,上市,47000.0,1000.0,-8517.0,39483.0,123556329.0
6226,光鼎,上市,38000.0,0.0,1000.0,39000.0,115534789.0
6472,保瑞,上市,24603.0,0.0,12713.0,37316.0,124454023.0
00921,兆豐龍頭等權重,上市,-16000.0,0.0,51160.0,35160.0,98270000.0
1337,再生-KY,上市,35000.0,0.0,0.0,35000.0,268954729.0
5283,禾聯碩,上市,34000.0,0.0,1000.0,35000.0,87600510.0
2484,希華,上市,39000.0,0.0,-5000.0,34000.0,159421022.0
6192,巨路,上市,35000.0,0.0,-1000.0,34000.0,96155770.0
3607,谷崧,上市,32000.0,0.0,2000.0,34000.0,121662239.0
7750,新代,上市,34976.0,0.0,-1000.0,33976.0,71843000.0
8104,錸寶,上市,33000.0,0.0,0.0,33000.0,104058192.0
1712,興農,上市,16000.0,0.0,16176.0,32176.0,420492585.0
1419,新紡,上市,27000.0,0.0,4005.0,31005.0,300041280.0
1709,和益,上市,32000.0,0.0,-1000.0,31000.0,477016272.0
2428,興勤,上市,15000.0,0.0,15765.0,30765.0,128112726.0
6438,迅得,上市,34000.0,0.0,-3244.0,30756.0,82206325.0
7788,松川精密,上市,30000.0,0.0,0.0,30000.0,79745993.0
1103,嘉泥,上市,0.0,0.0,29000.0,29000.0,790247459.0
1618,合機,上市,28000.0,0.0,0.0,28000.0,192691747.0
2488,漢平,上市,27000.0,0.0,999.0,27999.0,79999433.0
2211,長榮鋼,上市,-2278000.0,2258657.0,47000.0,27657.0,417091463.0
006207,復華滬深,上市,15000.0,0.0,12241.0,27241.0,25392000.0
2597,潤弘,上市,16173.0,0.0,11000.0,27173.0,310716000.0
8222,寶一,上市,27000.0,0.0,0.0,27000.0,68573500.0
6914,阜爾運通,上市,27000.0,0.0,0.0,27000.0,66226000.0
1219,福壽,上市,22000.0,0.0,5000.0,27000.0,341238364.0
4585,達明,上市,23070.0,0.0,3000.0,26070.0,102800000.0
9925,新保,上市,8000.0,0.0,18000.0,26000.0,387489605.0
5519,隆大,上市,23000.0,0.0,2000.0,25000.0,219197180.0
7799,禾榮科,上市,21616.0,0.0,3000.0,24616.0,156487500.0
00652,富邦印度,上市,1000.0,0.0,23442.0,24442.0,87535000.0
3686,達能,上市,22000.0,0.0,2000.0,24000.0,76495118.0
4564,元翎,上市,19000.0,0.0,4999.0,23999.0,232788303.0
2062,橋椿,上市,26000.0,-3000.0,0.0,23000.0,199994152.0
1603,華電,上市,23000.0,0.0,0.0,23000.0,191688000.0
3530,晶相光,上市,22000.0,0.0,766.0,22766.0,77475900.0
2034,允強,上市,-39880.0,0.0,61998.0,22118.0,523547879.0
2929,淘帝-KY,上市,22000.0,0.0,0.0,22000.0,109493838.0
910322,康師傅-DR,上市,22000.0,0.0,0.0,22000.0,23117402.0
1707,葡萄王,上市,3000.0,0.0,18566.0,21566.0,148137373.0
1714,和桐,上市,19000.0,0.0,2000.0,21000.0,991824808.0
00920,富邦ESG綠色電力,上市,0.0,0.0,20798.0,20798.0,11280000.0
9919,康那香,上市,17000.0,0.0,3000.0,20000.0,195362750.0
6115,鎰勝,上市,19000.0,0.0,840.0,19840.0,187662154.0
3046,建碁,上市,16000.0,0.0,3000.0,19000.0,78448013.0
6515,穎崴,上市,-42075.0,56000.0,4991.0,18916.0,36041642.0
6206,飛捷,上市,11000.0,-1306.0,9222.0,18916.0,143062324.0
00917,中信特選金融,上市,20000.0,0.0,-1589.0,18411.0,26478000.0
1447,力鵬,上市,17000.0,0.0,1000.0,18000.0,910071242.0
6933,AMAX-KY,上市,17000.0,0.0,349.0,17349.0,42355467.0
8462,柏文,上市,15000.0,0.0,2000.0,17000.0,79292063.0
4960,誠美材,上市,21000.0,0.0,-4000.0,17000.0,571705388.0
1232,大統益,上市,6000.0,0.0,11000.0,17000.0,159974915.0
6196,帆宣,上市,1077100.0,-1028000.0,-32146.0,16954.0,202204480.0
00653L,富邦印度正2,上市,0.0,0.0,16953.0,16953.0,16903000.0
8374,羅昇,上市,18000.0,0.0,-1298.0,16702.0,112250487.0
6937,天虹,上市,17000.0,0.0,-482.0,16518.0,67576263.0
1342,八貫,上市,17000.0,0.0,-749.0,16251.0,79248902.0
1436,華友聯,上市,17000.0,0.0,-789.0,16211.0,172700652.0
02001R,富邦蘋果反一N,上市,0.0,0.0,16000.0,16000.0,0.0
6585,鼎基,上市,16000.0,0.0,-25.0,15975.0,72133587.0
9935,慶豐富,上市,15000.0,0.0,0.0,15000.0,177838926.0
1713,國化,上市,16000.0,0.0,-1000.0,15000.0,150951700.0
4560,強信-KY,上市,15000.0,0.0,0.0,15000.0,68097240.0
2031,新光鋼,上市,1020.0,0.0,13158.0,14178.0,321146341.0
1733,五鼎,上市,13000.0,0.0,1000.0,14000.0,99950192.0
2482,連宇,上市,3000.0,0.0,10193.0,13193.0,77882711.0
1903,士紙,上市,3000.0,0.0,10000.0,13000.0,260039121.0
1233,天仁,上市,0.0,0.0,13000.0,13000.0,90591948.0
2460,建通,上市,13000.0,0.0,0.0,13000.0,169200000.0
3257,虹冠電,上市,12000.0,0.0,1000.0,13000.0,79823590.0
7749,意騰-KY,上市,12048.0,0.0,778.0,12826.0,46485728.0
5225,東科-KY,上市,11000.0,0.0,1642.0,12642.0,78416677.0
5706,鳳凰,上市,12238.0,0.0,0.0,12238.0,84910920.0
6691,洋基工程,上市,28260.0,-11000.0,-5044.0,12216.0,121487209.0
6799,來頡,上市,11200.0,0.0,962.0,12162.0,43705553.0
6790,永豐實,上市,5000.0,0.0,7000.0,12000.0,267129021.0
8341,日友,上市,5000.0,0.0,7000.0,12000.0,130000000.0
4557,永新-KY,上市,10000.0,0.0,2000.0,12000.0,47971840.0
6949,沛爾生醫*-創,上市,-1000.0,0.0,12591.0,11591.0,58609550.0
6184,大豐電,上市,11000.0,0.0,0.0,11000.0,158261131.0
9938,百和,上市,-49000.0,0.0,59993.0,10993.0,297963902.0
6128,上福,上市,9000.0,0.0,1578.0,10578.0,127588740.0
1617,榮星,上市,7000.0,0.0,3500.0,10500.0,169514700.0
1737,臺鹽,上市,10000.0,0.0,0.0,10000.0,200000000.0
1533,車王電,上市,11000.0,0.0,-1000.0,10000.0,98547486.0
1203,味王,上市,2000.0,0.0,8000.0,10000.0,240000000.0
9927,泰銘,上市,8000.0,0.0,2000.0,10000.0,120000000.0
7791,皇家可口,上市,8000.0,0.0,2000.0,10000.0,80000000.0
1437,勤益控,上市,10000.0,0.0,0.0,10000.0,203371284.0
2904,匯僑,上市,10000.0,0.0,0.0,10000.0,77834432.0
2227,裕日車,上市,2643.0,0.0,7000.0,9643.0,300000000.0
2881B,富邦金乙特,上市,-1000.0,0.0,10000.0,9000.0,666660000.0
2851,中再保,上市,14000.0,0.0,-5000.0,9000.0,800388750.0
2461,光群雷,上市,8000.0,0.0,1000.0,9000.0,173617284.0
1463,強盛新,上市,13000.0,0.0,-4000.0,9000.0,173268381.0
8367,建新國際,上市,9000.0,0.0,0.0,9000.0,92172031.0
8481,政伸,上市,9000.0,0.0,0.0,9000.0,66601866.0
9918,欣天然,上市,9000.0,0.0,0.0,9000.0,180537453.0
6534,正瀚-創,上市,2000.0,0.0,7000.0,9000.0,102800000.0
2432,倚天酷碁-創,上市,0.0,0.0,9000.0,9000.0,61860000.0
9136,巨騰-DR,上市,9000.0,0.0,0.0,9000.0,160000000.0
2906,高林,上市,6000.0,0.0,3000.0,9000.0,209116648.0
6834,天二科技,上市,9000.0,0.0,-26.0,8974.0,88471082.0
1339,昭輝,上市,8000.0,0.0,892.0,8892.0,74123875.0
8926,台汽電,上市,-22000.0,0.0,30126.0,8126.0,730282000.0
6862,三集瑞-KY,上市,8000.0,0.0,0.0,8000.0,50000000.0
1527,鑽全,上市,8000.0,0.0,0.0,8000.0,138570640.0
00689R,國泰20年美債反1,上市,0.0,0.0,8000.0,8000.0,6889000.0
2107,厚生,上市,7000.0,0.0,1000.0,8000.0,303593400.0
1783,和康生,上市,9000.0,0.0,-1000.0,8000.0,89680115.0
9937,全國,上市,-1000.0,0.0,8925.0,7925.0,309043000.0
4576,大銀微系統,上市,-1000.0,0.0,8637.0,7637.0,119801848.0
2462,良得電,上市,8000.0,0.0,-387.0,7613.0,150144074.0
6579,研揚,上市,1000.0,0.0,6427.0,7427.0,169451221.0
6838,台新藥,上市,7000.0,0.0,0.0,7000.0,150977100.0
8473,山林水,上市,8000.0,0.0,-1000.0,7000.0,180852418.0
7732,金興精密,上市,6000.0,0.0,1000.0,7000.0,64680000.0
7610,聯友金屬-創,上市,7000.0,0.0,0.0,7000.0,48600000.0
1537,廣隆,上市,6000.0,0.0,1000.0,7000.0,82062794.0
4155,訊映,上市,1000.0,0.0,6000.0,7000.0,144814164.0
3501,維熹,上市,8000.0,0.0,-1000.0,7000.0,118257927.0
3296,勝德,上市,5000.0,0.0,2000.0,7000.0,96724450.0
0057,富邦摩台,上市,0.0,0.0,7000.0,7000.0,1527000.0
9908,大台北,上市,-15000.0,0.0,21730.0,6730.0,516358000.0
00972,野村日本動能高息,上市,0.0,0.0,6495.0,6495.0,21672000.0
1604,聲寶,上市,-10000.0,0.0,16000.0,6000.0,384200000.0
1201,味全,上市,-2000.0,0.0,8000.0,6000.0,506062914.0
1234,黑松,上市,-5000.0,0.0,11000.0,6000.0,401871094.0
020037,元大金融高股息N,上市,0.0,0.0,6000.0,6000.0,0.0
00711B,復華彭博新興債,上市,1000.0,0.0,4100.0,5100.0,1006261000.0
6464,台數科,上市,-1000.0,0.0,6031.0,5031.0,128781532.0
1325,恆大,上市,5000.0,0.0,0.0,5000.0,85281198.0
1467,南緯,上市,5000.0,0.0,0.0,5000.0,233624667.0
5525,順天,上市,-6000.0,0.0,11000.0,5000.0,318105378.0
5007,三星,上市,-3000.0,0.0,8000.0,5000.0,294940154.0
3557,嘉威,上市,4000.0,0.0,1000.0,5000.0,84315435.0
2527,宏璟,上市,3000.0,0.0,2000.0,5000.0,270306000.0
2450,神腦,上市,1000.0,0.0,4000.0,5000.0,258252657.0
2373,震旦行,上市,-2000.0,0.0,7000.0,5000.0,236202518.0
2915,潤泰全,上市,-25000.0,-90000.0,119883.0,4883.0,1104318772.0
00714,群益道瓊美國地產,上市,0.0,0.0,4523.0,4523.0,26567000.0
6183,關貿,上市,0.0,0.0,4347.0,4347.0,150000000.0
1474,弘裕,上市,-3000.0,0.0,7000.0,4000.0,129896969.0
2028,威致,上市,4000.0,0.0,0.0,4000.0,325714800.0
3150,鈺寶-創,上市,0.0,0.0,4000.0,4000.0,44377001.0
5292,華懋,上市,4000.0,0.0,0.0,4000.0,42108000.0
5484,慧友,上市,4000.0,0.0,0.0,4000.0,66801000.0
1806,冠軍,上市,5000.0,0.0,-1000.0,4000.0,390403870.0
2702,華園,上市,3000.0,0.0,1000.0,4000.0,156613249.0
6581,鋼聯,上市,0.0,0.0,4000.0,4000.0,111270887.0
1614,三洋電,上市,-2000.0,0.0,6000.0,4000.0,269113406.0
7722,LINEPAY,上市,3355.0,0.0,443.0,3798.0,68000000.0
00710B,復華彭博非投等債,上市,0.0,0.0,3639.0,3639.0,206261000.0
6024,群益期,上市,31000.0,0.0,-27377.0,3623.0,249937584.0
3033,威健,上市,-12000.0,0.0,15429.0,3429.0,478694110.0
00728,第一金工業30,上市,-7000.0,0.0,10313.0,3313.0,44423000.0
00702,國泰標普低波高息,上市,0.0,0.0,3000.0,3000.0,6688000.0
020034,元大IC設計N,上市,0.0,0.0,3000.0,3000.0,0.0
1539,巨庭,上市,4000.0,0.0,-1000.0,3000.0,65370000.0
1776,展宇,上市,3000.0,0.0,0.0,3000.0,60106952.0
1454,台富,上市,3000.0,0.0,0.0,3000.0,129833848.0
7721,微程式,上市,2000.0,0.0,1000.0,3000.0,55370000.0
8940,新天地,上市,4000.0,0.0,-1000.0,3000.0,67491032.0
9906,欣巴巴,上市,2000.0,0.0,1000.0,3000.0,90376358.0
9926,新海,上市,-3000.0,0.0,6000.0,3000.0,179504075.0
6655,科定,上市,-1000.0,0.0,4000.0,3000.0,80571817.0
6906,現觀科,上市,8000.0,-5000.0,0.0,3000.0,33537400.0
4439,冠星-KY,上市,3000.0,0.0,0.0,3000.0,38035800.0
4755,三福化,上市,3000.0,0.0,0.0,3000.0,100706000.0
2516,新建,上市,2000.0,0.0,1000.0,3000.0,226278457.0
3617,碩天,上市,1000.0,0.0,1796.0,2796.0,94166049.0
4190,佐登-KY,上市,2000.0,0.0,0.0,2000.0,61668812.0
4426,利勤,上市,1000.0,0.0,1000.0,2000.0,172677198.0
4994,傳奇,上市,1000.0,0.0,1000.0,2000.0,66383400.0
2115,六暉-KY,上市,1000.0,0.0,1000.0,2000.0,104373163.0
2430,燦坤,上市,-1000.0,0.0,3000.0,2000.0,116800000.0
6835,圓裕,上市,2000.0,0.0,0.0,2000.0,66172297.0
6504,南六,上市,0.0,0.0,2000.0,2000.0,72600000.0
9928,中視,上市,0.0,0.0,2000.0,2000.0,70724583.0
7765,中華資安,上市,2000.0,0.0,0.0,2000.0,40677000.0
1473,台南,上市,1000.0,0.0,1000.0,2000.0,146153534.0
1465,偉全,上市,2000.0,0.0,0.0,2000.0,103607267.0
1416,廣豐,上市,1000.0,0.0,1000.0,2000.0,185342168.0
1432,大魯閣,上市,2000.0,0.0,0.0,2000.0,108000000.0
1525,江申,上市,0.0,0.0,2000.0,2000.0,73400135.0
1101B,台泥乙特,上市,0.0,0.0,2000.0,2000.0,200000000.0
01004T,土銀富邦R2,上市,2000.0,0.0,0.0,2000.0,0.0
020012,富邦行動通訊N,上市,0.0,0.0,2000.0,2000.0,0.0
2891C,中信金丙特,上市,0.0,0.0,2000.0,2000.0,166660000.0
4930,燦星網,上市,2000.0,0.0,0.0,2000.0,80000000.0
020030,統一智慧電動車N,上市,0.0,0.0,2000.0,2000.0,0.0
3591,艾笛森,上市,-20000.0,0.0,21999.0,1999.0,145482435.0
6671,三能-KY,上市,1000.0,0.0,901.0,1901.0,60750000.0
2642,宅配通,上市,1772.0,0.0,0.0,1772.0,95467000.0
4106,雃博,上市,-1000.0,0.0,2291.0,1291.0,100911557.0
1762,中化生,上市,0.0,0.0,1223.0,1223.0,76918000.0
1475,業旺,上市,3000.0,0.0,-2000.0,1000.0,66016749.0
1438,三地開發,上市,0.0,0.0,1000.0,1000.0,111205759.0
1410,南染,上市,-1000.0,0.0,2000.0,1000.0,62000000.0
1235,興泰,上市,-4000.0,0.0,5000.0,1000.0,188577836.0
01007T,兆豐國泰R2,上市,1000.0,0.0,0.0,1000.0,0.0
6598,ABC-KY,上市,1000.0,0.0,0.0,1000.0,102787561.0
6902,GOGOLOOK,上市,0.0,0.0,1000.0,1000.0,35356638.0
6924,榮惠-KY創,上市,0.0,0.0,1000.0,1000.0,20850000.0
6552,易華電,上市,1000.0,0.0,0.0,1000.0,83000000.0
7705,三商餐飲,上市,1000.0,0.0,0.0,1000.0,66067304.0
8112A,至上甲特,上市,0.0,1000.0,0.0,1000.0,30000000.0
2509,全坤建,上市,0.0,0.0,1000.0,1000.0,224550530.0
2882B,國泰金乙特,上市,0.0,0.0,1000.0,1000.0,700000000.0
2723,美食-KY,上市,-11000.0,0.0,12000.0,1000.0,180000000.0
2254,巨鎧精密-創,上市,-2000.0,0.0,3000.0,1000.0,63907680.0
4807,日成-KY,上市,1000.0,0.0,0.0,1000.0,38396032.0
5288,豐祥-KY,上市,-1000.0,0.0,2000.0,1000.0,69730022.0
1418,東華,上市,0.0,0.0,1000.0,1000.0,56834309.0
1341,富林-KY,上市,1000.0,0.0,0.0,1000.0,52850634.0
6958,日盛台駿,上市,1000.0,0.0,0.0,1000.0,403289360.0
00775B,台新投等債15+,上市,1000.0,0.0,-1.0,999.0,232100000.0
2420,新巨,上市,1579.0,0.0,-1000.0,579.0,152648688.0
3308,聯德,上市,2000.0,0.0,-1886.0,114.0,60000000.0
00684R,期元大美元指反1,上市,0.0,0.0,9.0,9.0,8688000.0
6230,尼得科超眾,上市,-2000.0,0.0,2001.0,1.0,86343396.0
6281,全國電,上市,-1000.0,0.0,1000.0,0.0,99172945.0
6243,迅杰,上市,-4000.0,0.0,4000.0,0.0,45268841.0
6918,愛派司,上市,-2000.0,0.0,2000.0,0.0,34571000.0
6782,視陽,上市,-1000.0,0.0,1000.0,0.0,63000000.0
8487,愛爾達-創,上市,-3000.0,0.0,3000.0,0.0,26535000.0
9934,成霖,上市,4000.0,0.0,-4000.0,0.0,411016962.0
00636K,國泰中國A50+U,上市,0.0,0.0,0.0,0.0,62100.0
00657K,國泰日經225+U,上市,0.0,0.0,0.0,0.0,2900.0
00681R,元大美債20反1,上市,0.0,0.0,0.0,0.0,7594000.0
00668K,國泰美國道瓊+U,上市,0.0,0.0,0.0,0.0,2500.0
020031,統一IC設計臺灣N,上市,0.0,0.0,0.0,0.0,0.0
1456,怡華,上市,-2000.0,0.0,2000.0,0.0,93720000.0
1583,程泰,上市,-1000.0,0.0,1000.0,0.0,109400372.0
1725,元禎,上市,0.0,0.0,0.0,0.0,181829978.0
3164,景岳,上市,0.0,0.0,0.0,0.0,86010364.0
3168,眾福科,上市,1000.0,0.0,-1000.0,0.0,75099649.0
3419,譁裕,上市,-1000.0,0.0,1000.0,0.0,120480417.0
1413,宏洲,上市,-1000.0,0.0,1000.0,0.0,132112454.0
1460,宏遠,上市,9000.0,0.0,-9000.0,0.0,694643484.0
1323,永裕,上市,0.0,0.0,0.0,0.0,91274554.0
2109,華豐,上市,0.0,0.0,0.0,0.0,279349134.0
2102,泰豐,上市,-18000.0,0.0,18000.0,0.0,473329207.0
1805,寶徠,上市,-1000.0,0.0,1000.0,0.0,134970455.0
2496,卓越,上市,-1000.0,0.0,1000.0,0.0,19100440.0
2459,敦吉,上市,-2000.0,0.0,2000.0,0.0,105595615.0
2712,遠雄來,上市,-1000.0,0.0,1000.0,0.0,105000000.0
2722,夏都,上市,-2000.0,0.0,2000.0,0.0,143169696.0
6606,建德工業,上市,-2000.0,0.0,2000.0,0.0,110303783.0
1516,川飛,上市,0.0,0.0,0.0,0.0,40008195.0
6582,申豐,上市,0.0,0.0,0.0,0.0,106174141.0
006204,永豐臺灣加權,上市,-7000.0,0.0,6990.0,-10.0,1500000.0
1760,寶齡富錦,上市,-7106.0,0.0,7000.0,-106.0,85739013.0
3583,辛耘,上市,-2985.0,0.0,2627.0,-358.0,80328000.0
3034,聯詠,上市,241087.0,-323000.0,81422.0,-491.0,608511469.0
4137,麗豐-KY,上市,-2443.0,0.0,1882.0,-561.0,82492350.0
6873,泓德能源,上市,0.0,0.0,-641.0,-641.0,141872370.0
1726,永記,上市,-8000.0,0.0,7200.0,-800.0,162000000.0
4999,鑫禾,上市,-2000.0,0.0,1130.0,-870.0,74417200.0
2017,官田鋼,上市,-4000.0,0.0,3130.0,-870.0,446874691.0
2705,六福,上市,10.0,0.0,-1000.0,-990.0,191312830.0
6715,嘉基,上市,-2000.0,0.0,1000.0,-1000.0,66364505.0
2397,友通,上市,-2000.0,0.0,1000.0,-1000.0,114488857.0
911868,同方友友-DR,上市,-1000.0,0.0,0.0,-1000.0,140000000.0
1110,東泥,上市,-10000.0,0.0,9000.0,-1000.0,572000797.0
6141,柏承,上市,-4000.0,0.0,3000.0,-1000.0,113354005.0
5546,永固-KY,上市,-2000.0,0.0,1000.0,-1000.0,82353402.0
1443,立益物流,上市,-1000.0,0.0,0.0,-1000.0,135343011.0
1730,花仙子,上市,-1000.0,0.0,0.0,-1000.0,63233851.0
4119,旭富,上市,-3000.0,0.0,2000.0,-1000.0,119508634.0
4133,亞諾法,上市,-1000.0,0.0,0.0,-1000.0,60553594.0
3679,新至陞,上市,-1000.0,0.0,0.0,-1000.0,63022229.0
2706,第一店,上市,-4000.0,0.0,3000.0,-1000.0,499998346.0
1817,凱撒衛,上市,-1000.0,0.0,0.0,-1000.0,72600000.0
2024,志聯,上市,-1000.0,0.0,0.0,-1000.0,97500000.0
1535,中宇,上市,-1000.0,0.0,0.0,-1000.0,123742552.0
1435,中福,上市,0.0,0.0,-1000.0,-1000.0,139780080.0
020029,元大ESG高股息N,上市,0.0,0.0,-1000.0,-1000.0,0.0
1324,地球,上市,-1000.0,0.0,0.0,-1000.0,75121882.0
020032,元大綠能N,上市,0.0,0.0,-1000.0,-1000.0,0.0
6887,寶綠特-KY,上市,-2000.0,0.0,1000.0,-1000.0,74116512.0
6754,匯僑設計,上市,0.0,0.0,-1000.0,-1000.0,66000000.0
6614,資拓宏宇,上市,-1000.0,0.0,0.0,-1000.0,80660521.0
6641,基士德-KY,上市,-1000.0,0.0,0.0,-1000.0,36500000.0
6423,億而得-創,上市,-1000.0,0.0,0.0,-1000.0,30014520.0
00660,元大歐洲50,上市,0.0,0.0,-1000.0,-1000.0,7531000.0
9942,茂順,上市,-3000.0,0.0,2000.0,-1000.0,83161320.0
9944,新麗,上市,-1000.0,0.0,0.0,-1000.0,105908100.0
9931,欣高,上市,-2000.0,0.0,1000.0,-1000.0,120369303.0
8488,吉源-KY,上市,-1000.0,0.0,0.0,-1000.0,73500000.0
7730,暉盛-創,上市,-2000.0,0.0,1000.0,-1000.0,36796731.0
4104,佳醫,上市,-7878.0,0.0,6823.0,-1055.0,171567456.0
5215,科嘉-KY,上市,-1000.0,0.0,-196.0,-1196.0,64337500.0
1611,中電,上市,-9000.0,0.0,7433.0,-1567.0,322735742.0
00771,元大US高息特別股,上市,0.0,0.0,-1999.0,-1999.0,15225000.0
00905,FT臺灣Smart,上市,-28800.0,0.0,26800.0,-2000.0,383327000.0
020028,元大特選電動車N,上市,0.0,0.0,-2000.0,-2000.0,0.0
1459,聯發,上市,-3000.0,0.0,1000.0,-2000.0,358628907.0
1472,三洋實業,上市,-2000.0,0.0,0.0,-2000.0,52488082.0
1455,集盛,上市,-9000.0,0.0,7000.0,-2000.0,531688380.0
1445,大宇,上市,-2000.0,0.0,0.0,-2000.0,130666034.0
8463,潤泰材,上市,-2000.0,0.0,0.0,-2000.0,150000000.0
8438,昶昕,上市,-1000.0,0.0,-1000.0,-2000.0,69943000.0
8442,威宏-KY,上市,0.0,0.0,-2000.0,-2000.0,67476465.0
8411,福貞-KY,上市,-4000.0,0.0,2000.0,-2000.0,218404319.0
6674,鋐寶科技,上市,-2000.0,0.0,0.0,-2000.0,68835659.0
6742,澤米,上市,-1000.0,0.0,-1000.0,-2000.0,71267948.0
6863,永道-KY,上市,-3000.0,0.0,1000.0,-2000.0,74888000.0
6957,裕慶-KY,上市,-2000.0,0.0,0.0,-2000.0,55512950.0
1731,美吾華,上市,-3000.0,0.0,1000.0,-2000.0,132915244.0
1531,高林股,上市,-2000.0,0.0,0.0,-2000.0,182108080.0
3652,精聯,上市,-2000.0,0.0,0.0,-2000.0,75097500.0
3054,立萬利,上市,-3000.0,0.0,1000.0,-2000.0,80651041.0
2032,新鋼,上市,-3000.0,0.0,1000.0,-2000.0,130521545.0
2433,互盛電,上市,-3000.0,0.0,1000.0,-2000.0,144496011.0
2739,寒舍,上市,-2000.0,0.0,0.0,-2000.0,91526000.0
2762,世界健身-KY,上市,-2000.0,0.0,0.0,-2000.0,112500000.0
2910,統領,上市,-3000.0,0.0,1000.0,-2000.0,175403000.0
2901,欣欣,上市,-2000.0,0.0,0.0,-2000.0,73043283.0
2483,百容,上市,-4000.0,0.0,2000.0,-2000.0,107889807.0
2546,根基,上市,-7000.0,0.0,5000.0,-2000.0,130524193.0
9943,好樂迪,上市,-2000.0,0.0,0.0,-2000.0,125171510.0
4588,玖鼎電力,上市,-3000.0,0.0,1000.0,-2000.0,42985000.0
6771,平和環保-創,上市,0.0,0.0,-2000.0,-2000.0,31179500.0
2820,華票,上市,-93000.0,0.0,91000.0,-2000.0,1342960000.0
3311,閎暉,上市,-7000.0,0.0,4403.0,-2597.0,100000000.0
3669,圓展,上市,-3000.0,0.0,0.0,-3000.0,92919950.0
4935,茂林-KY,上市,-3000.0,0.0,0.0,-3000.0,128864091.0
2748,雲品,上市,-4000.0,0.0,1000.0,-3000.0,105778740.0
2423,固緯,上市,-6000.0,0.0,3000.0,-3000.0,145047289.0
2243,宏旭-KY,上市,1000.0,0.0,-4000.0,-3000.0,69373596.0
6695,芯鼎,上市,-5000.0,0.0,2000.0,-3000.0,96459650.0
6645,金萬林-創,上市,2000.0,0.0,-5000.0,-3000.0,60864050.0
1451,年興,上市,-4000.0,0.0,1000.0,-3000.0,198000000.0
1452,宏益,上市,-13000.0,0.0,10000.0,-3000.0,132641400.0
1468,昶和,上市,0.0,0.0,-3000.0,-3000.0,160405244.0
1466,聚隆,上市,-3000.0,0.0,0.0,-3000.0,111157320.0
1338,廣華-KY,上市,-3000.0,0.0,0.0,-3000.0,83840000.0
1256,鮮活果汁-KY,上市,-2000.0,0.0,-1000.0,-3000.0,35772160.0
1526,日馳,上市,-4000.0,0.0,1000.0,-3000.0,60000000.0
1512,瑞利,上市,-3000.0,0.0,0.0,-3000.0,98183498.0
1530,亞崴,上市,-3000.0,0.0,0.0,-3000.0,94594171.0
01010T,京城樂富R1,上市,-3000.0,0.0,0.0,-3000.0,0.0
7631,聚賢研發-創,上市,0.0,0.0,-3000.0,-3000.0,19800000.0
3416,融程電,上市,0.0,0.0,-3078.0,-3078.0,79746502.0
3003,健和興,上市,2000.0,0.0,-5303.0,-3303.0,155654890.0
1735,日勝化,上市,-1000.0,0.0,-2519.0,-3519.0,99388000.0
1734,杏輝,上市,-5000.0,0.0,1000.0,-4000.0,190196774.0
1540,喬福,上市,-3000.0,0.0,-1000.0,-4000.0,85473612.0
1236,宏亞,上市,-6000.0,0.0,2000.0,-4000.0,86674008.0
1225,福懋油,上市,-4000.0,0.0,0.0,-4000.0,242268306.0
020039,元大加權N,上市,0.0,0.0,-4000.0,-4000.0,0.0
6931,青松健康,上市,-4000.0,0.0,0.0,-4000.0,66152160.0
8429,金麗-KY,上市,-5000.0,0.0,1000.0,-4000.0,185747151.0
8162,微矽電子-創,上市,-8000.0,0.0,4000.0,-4000.0,68702000.0
006203,元大MSCI台灣,上市,-1000.0,0.0,-3000.0,-4000.0,10218000.0
2701,萬企,上市,-6000.0,0.0,2000.0,-4000.0,449967838.0
3518,柏騰,上市,-7000.0,0.0,3000.0,-4000.0,97662230.0
3040,遠見,上市,-4000.0,0.0,0.0,-4000.0,63000000.0
4148,全宇生技-KY,上市,-4000.0,0.0,0.0,-4000.0,67235701.0
5244,弘凱,上市,-4000.0,0.0,0.0,-4000.0,68241899.0
1446,宏和,上市,6000.0,0.0,-10000.0,-4000.0,137709513.0
00986A,主動台新龍頭成長,上市,120000.0,0.0,-124009.0,-4009.0,72327000.0
2013,中鋼構,上市,-7000.0,0.0,2900.0,-4100.0,200000000.0
3528,安馳,上市,-4000.0,0.0,-353.0,-4353.0,66639216.0
2514,龍邦,上市,-12000.0,0.0,7408.0,-4592.0,394729278.0
1457,宜進,上市,-6000.0,0.0,1000.0,-5000.0,316730022.0
5285,界霖,上市,-6000.0,0.0,1000.0,-5000.0,102040926.0
4108,懷特,上市,-6000.0,0.0,1000.0,-5000.0,198618879.0
2247,汎德永業,上市,-7000.0,0.0,2000.0,-5000.0,80708735.0
1220,台榮,上市,-5000.0,0.0,0.0,-5000.0,177077944.0
1340,勝悅-KY,上市,-4000.0,0.0,-1000.0,-5000.0,152922855.0
1453,大將,上市,-5000.0,0.0,0.0,-5000.0,113243048.0
1568,倉佑,上市,-5000.0,0.0,0.0,-5000.0,103086559.0
8482,商億-KY,上市,-5000.0,0.0,0.0,-5000.0,107444000.0
6201,亞弘電,上市,-5000.0,0.0,0.0,-5000.0,89200000.0
2007,燁興,上市,-6000.0,0.0,1000.0,-5000.0,530651613.0
8476,台境*,上市,-5000.0,0.0,-23.0,-5023.0,166226358.0
00861,元大全球未來通訊,上市,9020.0,0.0,-14061.0,-5041.0,72412000.0
0053,元大電子,上市,0.0,0.0,-5168.0,-5168.0,4988000.0
1109,信大,上市,-9000.0,0.0,3707.0,-5293.0,341158868.0
6405,悅城,上市,-6000.0,0.0,499.0,-5501.0,65800000.0
1906,寶隆,上市,-5000.0,0.0,-619.0,-5619.0,151000000.0
3002,歐格,上市,-4000.0,0.0,-1870.0,-5870.0,102000000.0
2415,錩新,上市,-7000.0,0.0,1055.0,-5945.0,90000000.0
3130,一零四,上市,-5999.0,0.0,0.0,-5999.0,33190700.0
3716,中化控股,上市,-6000.0,0.0,0.0,-6000.0,149765614.0
2923,鼎固-KY,上市,-52000.0,0.0,46000.0,-6000.0,1740296982.0
2616,山隆,上市,-6000.0,0.0,0.0,-6000.0,137281827.0
2069,運錩,上市,-6000.0,0.0,0.0,-6000.0,166386836.0
6776,展碁國際,上市,-8000.0,0.0,2000.0,-6000.0,91581430.0
6796,晉弘,上市,-6000.0,0.0,0.0,-6000.0,38233970.0
9905,大華,上市,-7000.0,0.0,1000.0,-6000.0,305000000.0
1558,伸興,上市,-5000.0,0.0,-1000.0,-6000.0,66535631.0
1752,南光,上市,-4000.0,0.0,-2000.0,-6000.0,100988472.0
2477,美隆電,上市,-8000.0,0.0,2000.0,-6000.0,158573244.0
4952,凌通,上市,-9000.0,0.0,2973.0,-6027.0,108815816.0
2103,台橡,上市,-34000.0,0.0,27906.0,-6094.0,825709978.0
9930,中聯資源,上市,-17000.0,0.0,10830.0,-6170.0,248540368.0
6531,愛普*,上市,-101000.0,88000.0,6584.0,-6416.0,162492232.0
6625,必應,上市,-7000.0,0.0,528.0,-6472.0,57972488.0
7711,永擎,上市,-7000.0,0.0,0.0,-7000.0,71754695.0
1615,大山,上市,-14000.0,0.0,7000.0,-7000.0,196663702.0
1108,幸福,上市,-8000.0,0.0,1000.0,-7000.0,404738049.0
2012,春雨,上市,-8000.0,0.0,1000.0,-7000.0,302162700.0
2390,云辰,上市,-25000.0,0.0,18000.0,-7000.0,192619442.0
9946,三發地產,上市,-6000.0,0.0,-1000.0,-7000.0,326554150.0
4771,望隼,上市,-8000.0,0.0,1000.0,-7000.0,58044700.0
2250,IKKA-KY,上市,-7000.0,0.0,-31.0,-7031.0,36388226.0
3094,聯傑,上市,-14000.0,0.0,6912.0,-7088.0,83117089.0
2753,八方雲集,上市,2067.0,0.0,-9403.0,-7336.0,66644796.0
00657,國泰日經225,上市,-2000.0,0.0,-5761.0,-7761.0,7084000.0
2425,承啟,上市,-9000.0,0.0,1000.0,-8000.0,96498831.0
1732,毛寶,上市,-8000.0,0.0,0.0,-8000.0,42443957.0
1506,正道,上市,-8000.0,0.0,0.0,-8000.0,300388501.0
7786,東方風能,上市,-22000.0,14000.0,0.0,-8000.0,175361444.0
8443,阿瘦,上市,-9000.0,0.0,1000.0,-8000.0,66800000.0
6592B,和潤企業乙特,上市,0.0,-8000.0,0.0,-8000.0,50000000.0
4555,氣立,上市,-9000.0,0.0,968.0,-8032.0,69984037.0
2059,川湖,上市,-25334.0,25000.0,-8163.0,-8497.0,95297072.0
00899,FT潔淨能源,上市,0.0,0.0,-8672.0,-8672.0,21135000.0
020020,元大台股領航N,上市,0.0,0.0,-9000.0,-9000.0,0.0
1626,艾美特-KY,上市,-9000.0,0.0,0.0,-9000.0,149821721.0
1464,得力,上市,-10000.0,0.0,1000.0,-9000.0,425575733.0
1423,利華,上市,-8000.0,0.0,-1000.0,-9000.0,99648000.0
8201,無敵,上市,-8000.0,0.0,-1000.0,-9000.0,62366275.0
6969,成信實業*-創,上市,-1000.0,0.0,-8000.0,-9000.0,38142903.0
6936,永鴻生技,上市,-8000.0,0.0,-1000.0,-9000.0,72759000.0
2471,資通,上市,-9000.0,0.0,0.0,-9000.0,47253890.0
6928,攸泰科技,上市,-10000.0,0.0,980.0,-9020.0,86000000.0
2368,金像電,上市,42510.0,-132000.0,79661.0,-9829.0,491839505.0
6965,中傑-KY,上市,-16000.0,0.0,6000.0,-10000.0,156336000.0
7736,虎山,上市,-10000.0,0.0,0.0,-10000.0,76000000.0
02001L,富邦蘋果正二N,上市,0.0,0.0,-10000.0,-10000.0,0.0
4942,嘉彰,上市,-11000.0,0.0,1000.0,-10000.0,142367613.0
4438,廣越,上市,-15000.0,0.0,5000.0,-10000.0,113425455.0
3021,鴻名,上市,-13000.0,0.0,3000.0,-10000.0,94890000.0
4441,振大環球,上市,-9000.0,0.0,-2000.0,-11000.0,68017578.0
4572,駐龍,上市,-11000.0,0.0,0.0,-11000.0,4000000.0
6573,虹揚-KY,上市,-8000.0,0.0,-3000.0,-11000.0,80499345.0
2424,隴華,上市,-9000.0,0.0,-2043.0,-11043.0,58985000.0
00703,台新MSCI中國,上市,0.0,0.0,-11136.0,-11136.0,11550000.0
4583,台灣精銳,上市,-12855.0,0.0,1264.0,-11591.0,80171351.0
3015,全漢,上市,-18774.0,408.0,6662.0,-11704.0,187261950.0
2704,國賓,上市,-23000.0,0.0,11000.0,-12000.0,366923343.0
6277,宏正,上市,-14000.0,0.0,2000.0,-12000.0,119471166.0
00913,兆豐台灣晶圓製造,上市,0.0,0.0,-12195.0,-12195.0,10766000.0
6412,群電,上市,-25925.0,-1418.0,15048.0,-12295.0,400769126.0
6916,華凌,上市,-12000.0,0.0,-317.0,-12317.0,67500000.0
6689,伊雲谷,上市,-14116.0,0.0,1321.0,-12795.0,68000000.0
6794,向榮生技,上市,-13000.0,0.0,0.0,-13000.0,63567000.0
2008,高興昌,上市,-13000.0,0.0,0.0,-13000.0,190852293.0
4766,南寶,上市,-4000.0,-11000.0,1814.0,-13186.0,120570780.0
00690,兆豐藍籌30,上市,4000.0,0.0,-17737.0,-13737.0,78330000.0
7740,熙特爾-創,上市,-18000.0,0.0,4000.0,-14000.0,53200000.0
5306,桂盟,上市,-14000.0,0.0,0.0,-14000.0,126000772.0
6136,富爾特,上市,-15000.0,0.0,1000.0,-14000.0,115536412.0
2033,佳大,上市,-14000.0,0.0,0.0,-14000.0,80694536.0
2453,凌群,上市,-15000.0,0.0,1000.0,-14000.0,100000000.0
3266,昇陽,上市,-9000.0,0.0,-5000.0,-14000.0,352314309.0
2108,南帝,上市,-33000.0,0.0,18910.0,-14090.0,492416659.0
6658,聯策,上市,-15000.0,0.0,832.0,-14168.0,36370000.0
2025,千興,上市,-16000.0,0.0,1000.0,-15000.0,172660536.0
2438,翔耀,上市,-14000.0,0.0,-1000.0,-15000.0,65195641.0
2465,麗臺,上市,-15000.0,0.0,0.0,-15000.0,93946031.0
3229,晟鈦,上市,-14000.0,0.0,-1000.0,-15000.0,64263000.0
6952,大武山,上市,0.0,0.0,-15000.0,-15000.0,68345000.0
8045,達運光電,上市,-10000.0,0.0,-5000.0,-15000.0,94996815.0
1439,雋揚,上市,-18000.0,0.0,2000.0,-16000.0,92000000.0
1434,福懋,上市,-81000.0,0.0,64312.0,-16688.0,1684664637.0
8467,波力-KY,上市,-16000.0,0.0,-961.0,-16961.0,50373575.0
6451,訊芯-KY,上市,-30000.0,0.0,12778.0,-17222.0,107464800.0
6224,聚鼎,上市,-20000.0,0.0,2000.0,-18000.0,85645361.0
9902,台火,上市,-20000.0,0.0,2000.0,-18000.0,98049600.0
3050,鈺德,上市,-21000.0,0.0,3000.0,-18000.0,154984450.0
6988,威力暘-創,上市,-22000.0,0.0,3000.0,-19000.0,47600000.0
6213,聯茂,上市,-9146.0,0.0,-9886.0,-19032.0,362957218.0
6491,晶碩,上市,-20000.0,0.0,798.0,-19202.0,78000000.0
1598,岱宇,上市,-26000.0,0.0,6770.0,-19230.0,179142092.0
1616,億泰,上市,-17000.0,0.0,-2235.0,-19235.0,194148515.0
9921,巨大,上市,18000.0,-50000.0,12524.0,-19476.0,392064626.0
2114,鑫永銓,上市,-20000.0,0.0,0.0,-20000.0,77991707.0
3494,誠研,上市,-20000.0,0.0,-1000.0,-21000.0,94800000.0
4552,力達-KY,上市,-22000.0,0.0,1000.0,-21000.0,116000000.0
9924,福興,上市,-25000.0,0.0,4000.0,-21000.0,150761736.0
6830,汎銓,上市,-35000.0,0.0,13346.0,-21654.0,51781846.0
5258,虹堡,上市,-24000.0,0.0,2049.0,-21951.0,110364894.0
1515,力山,上市,-19000.0,0.0,-3000.0,-22000.0,181473500.0
912000,晨訊科-DR,上市,-23000.0,0.0,0.0,-23000.0,155883516.0
4912,聯德控股-KY,上市,-25000.0,0.0,2000.0,-23000.0,67093099.0
6719,力智,上市,-32000.0,0.0,8516.0,-23484.0,105387289.0
5203,訊連,上市,-22995.0,0.0,-1004.0,-23999.0,79098800.0
4720,德淵,上市,-24000.0,0.0,0.0,-24000.0,114516037.0
2239,英利-KY,上市,-35000.0,0.0,11000.0,-24000.0,120346593.0
6743,安普新,上市,-23000.0,0.0,-1000.0,-24000.0,150000000.0
00683L,期元大美元指正2,上市,0.0,0.0,-24000.0,-24000.0,12934000.0
1104,環泥,上市,-47000.0,0.0,22841.0,-24159.0,686681816.0
4746,台耀,上市,-24000.0,0.0,-853.0,-24853.0,120255963.0
6698,旭暉應材,上市,-20000.0,0.0,-4962.0,-24962.0,66389753.0
1471,首利,上市,-22000.0,0.0,-3000.0,-25000.0,150414536.0
7780,大研生醫*,上市,-15000.0,0.0,-10000.0,-25000.0,81002417.0
00875,國泰網路資安,上市,-18000.0,0.0,-7023.0,-25023.0,14988000.0
6861,睿生光電,上市,-25000.0,0.0,-775.0,-25775.0,41531650.0
6216,居易,上市,-27000.0,0.0,1107.0,-25893.0,96189637.0
6657,華安,上市,-27000.0,0.0,1000.0,-26000.0,88658000.0
2466,冠西電,上市,-35000.0,0.0,9000.0,-26000.0,173458697.0
2816,旺旺保,上市,-28000.0,0.0,2000.0,-26000.0,223608000.0
2707,晶華,上市,-34000.0,0.0,8000.0,-26000.0,127403238.0
9958,世紀鋼,上市,-29000.0,2000.0,254.0,-26746.0,246896665.0
3058,立德,上市,-28000.0,0.0,1000.0,-27000.0,201722779.0
3437,榮創,上市,-26000.0,0.0,-1000.0,-27000.0,144548000.0
5907,大洋-KY,上市,-27000.0,0.0,0.0,-27000.0,195531000.0
6112,邁達特,上市,-29000.0,0.0,1992.0,-27008.0,188357336.0
9911,櫻花,上市,-42000.0,0.0,14885.0,-27115.0,222389584.0
6909,創控,上市,-28000.0,0.0,0.0,-28000.0,67171700.0
6205,詮欣,上市,-30000.0,0.0,2000.0,-28000.0,82235907.0
2506,太設,上市,-18000.0,0.0,-10000.0,-28000.0,387000000.0
4770,上品,上市,-27600.0,0.0,-638.0,-28238.0,79976000.0
2258,鴻華先進-創,上市,-68000.0,0.0,39741.0,-28259.0,1741314000.0
6885,全福生技,上市,-30000.0,0.0,1000.0,-29000.0,133214000.0
6901,鑽石投資,上市,-67000.0,0.0,38000.0,-29000.0,851800000.0
9103,美德醫療-DR,上市,-29000.0,0.0,0.0,-29000.0,205531500.0
4562,穎漢,上市,-32000.0,0.0,2000.0,-30000.0,87546000.0
6214,精誠,上市,-40000.0,0.0,9785.0,-30215.0,272243066.0
4164,承業醫,上市,-9000.0,0.0,-22337.0,-31337.0,185711966.0
1590,亞德客-KY,上市,-35835.0,0.0,3285.0,-32550.0,199999998.0
3443,創意,上市,-23253.0,-85000.0,75604.0,-32649.0,134011911.0
5533,皇鼎,上市,-34000.0,0.0,1000.0,-33000.0,285244944.0
0051,元大中型100,上市,-1000.0,0.0,-32159.0,-33159.0,24000000.0
5538,東明-KY,上市,-35000.0,0.0,1000.0,-34000.0,201203333.0
2611,志信,上市,-4000.0,0.0,-30000.0,-34000.0,189002272.0
3504,揚明光,上市,-36000.0,0.0,1994.0,-34006.0,114059785.0
6994,富威電力,上市,-38000.0,0.0,3000.0,-35000.0,73828571.0
1563,巧新,上市,-41000.0,0.0,6000.0,-35000.0,230782140.0
00735,國泰臺韓科技,上市,33000.0,0.0,-68000.0,-35000.0,10289000.0
2480,敦陽科,上市,-41907.0,0.0,5885.0,-36022.0,106360291.0
00661,元大日經225,上市,0.0,0.0,-36091.0,-36091.0,24425000.0
5222,全訊,上市,-31103.0,-3000.0,-2431.0,-36534.0,90866968.0
1904,正隆,上市,-74000.0,0.0,37401.0,-36599.0,1108274522.0
2535,達欣工,上市,-47000.0,0.0,9993.0,-37007.0,270793967.0
2436,偉詮電,上市,-41000.0,0.0,3859.0,-37141.0,201528074.0
2429,銘旺科,上市,-38000.0,0.0,483.0,-37517.0,85500000.0
4566,時碩工業,上市,-47000.0,0.0,9241.0,-37759.0,109809726.0
00882,中信中國高股息,上市,-46000.0,0.0,8142.0,-37858.0,2350349000.0
6117,迎廣,上市,-30000.0,0.0,-8000.0,-38000.0,91516615.0
00709,富邦歐洲,上市,69.0,0.0,-39000.0,-38931.0,16460000.0
2305,全友,上市,-47000.0,0.0,8000.0,-39000.0,205660827.0
00730,富邦臺灣優質高息,上市,-1000.0,0.0,-38907.0,-39907.0,78544000.0
00669R,國泰美國道瓊反1,上市,0.0,0.0,-40000.0,-40000.0,222117000.0
00943,兆豐電子高息等權,上市,-6000.0,0.0,-34901.0,-40901.0,51389000.0
3454,晶睿,上市,-41000.0,0.0,0.0,-41000.0,86567893.0
00647L,元大S&P500正2,上市,-2000.0,0.0,-39224.0,-41224.0,6916000.0
6409,旭隼,上市,-43250.0,0.0,1096.0,-42154.0,87711366.0
00852L,國泰美國道瓊正2,上市,0.0,0.0,-42585.0,-42585.0,8865000.0
1786,科妍,上市,-44000.0,0.0,1070.0,-42930.0,72191688.0
1218,泰山,上市,-65000.0,0.0,22000.0,-43000.0,499999038.0
2426,鼎元,上市,-48000.0,0.0,4969.0,-43031.0,300622252.0
1582,信錦,上市,-49000.0,0.0,5545.0,-43455.0,144268604.0
3008,大立光,上市,-100337.0,43000.0,13826.0,-43511.0,133468197.0
00956,中信日經高股息,上市,-51000.0,0.0,6978.0,-44022.0,25630000.0
2338,光罩,上市,-35000.0,0.0,-9087.0,-44087.0,316849183.0
3036A,文曄甲特,上市,0.0,-45000.0,0.0,-45000.0,135000000.0
00737,國泰AI機器人,上市,-44000.0,0.0,-1006.0,-45006.0,23538000.0
2417,圓剛,上市,-60000.0,0.0,14657.0,-45343.0,157463864.0
8072,陞泰,上市,-46055.0,0.0,0.0,-46055.0,80000000.0
4142,國光生,上市,-39928.0,0.0,-6482.0,-46410.0,429507750.0
00938,凱基優選30,上市,-1000.0,0.0,-45995.0,-46995.0,93016000.0
3043,科風,上市,-49000.0,0.0,0.0,-49000.0,38975634.0
6756,威鋒電子,上市,-53000.0,0.0,3871.0,-49129.0,69868000.0
00736,國泰新興市場,上市,0.0,0.0,-50000.0,-50000.0,6727000.0
2489,瑞軒,上市,-76000.0,0.0,25987.0,-50013.0,610000000.0
3346,麗清,上市,-51000.0,0.0,0.0,-51000.0,121228352.0
2524,京城,上市,-49000.0,0.0,-2000.0,-51000.0,365983545.0
00850,元大臺灣ESG永續,上市,19058.0,0.0,-70279.0,-51221.0,451444000.0
3588,通嘉,上市,-51402.0,0.0,0.0,-51402.0,62014182.0
6944,兆聯實業,上市,-7955.0,10000.0,-53693.0,-51648.0,76308312.0
4571,鈞興-KY,上市,-51940.0,0.0,0.0,-51940.0,53017115.0
1809,中釉,上市,-56000.0,0.0,4000.0,-52000.0,167041937.0
2030,彰源,上市,-55000.0,0.0,3000.0,-52000.0,280526027.0
2608,嘉里大榮,上市,-68000.0,0.0,15618.0,-52382.0,467000498.0
4739,康普,上市,-53000.0,2000.0,-1450.0,-52450.0,118649269.0
3055,蔚華科,上市,-47000.0,0.0,-5451.0,-52451.0,114974918.0
6591,動力-KY,上市,-52000.0,0.0,-989.0,-52989.0,41122465.0
6589,台康生技,上市,-63000.0,0.0,10000.0,-53000.0,306189576.0
5471,松翰,上市,-55000.0,0.0,1371.0,-53629.0,167877062.0
4736,泰博,上市,-60000.0,0.0,6000.0,-54000.0,95374469.0
00645,富邦日本,上市,-13000.0,0.0,-41131.0,-54131.0,49997000.0
6416,瑞祺電通,上市,-55000.0,0.0,0.0,-55000.0,73348460.0
2476,鉅祥,上市,-52000.0,0.0,-3316.0,-55316.0,210896003.0
3596,智易,上市,-67944.0,0.0,12269.0,-55675.0,220354321.0
2497,怡利電,上市,-60000.0,0.0,4000.0,-56000.0,118087676.0
9802,鈺齊-KY,上市,-71000.0,-10000.0,24785.0,-56215.0,200991673.0
2884,玉山金,上市,-14359248.0,13586000.0,715369.0,-57879.0,16174000000.0
6108,競國,上市,-59000.0,0.0,0.0,-59000.0,159899311.0
6142,友勁,上市,-63000.0,0.0,4000.0,-59000.0,330779215.0
3031,佰鴻,上市,-64000.0,0.0,5000.0,-59000.0,173203224.0
6449,鈺邦,上市,-156000.0,0.0,96862.0,-59138.0,91918514.0
6456,GIS-KY,上市,-62000.0,0.0,2738.0,-59262.0,337939800.0
1308,亞聚,上市,-82000.0,0.0,22024.0,-59976.0,593743919.0
1449,佳和,上市,-59000.0,0.0,-981.0,-59981.0,127114572.0
2413,環科,上市,-56000.0,0.0,-4000.0,-60000.0,127359200.0
1597,直得,上市,-61000.0,0.0,468.0,-60532.0,89261804.0
6283,淳安,上市,-62000.0,0.0,0.0,-62000.0,147906343.0
6477,安集,上市,-64000.0,0.0,1125.0,-62875.0,123787196.0
6525,捷敏-KY,上市,-69000.0,0.0,6000.0,-63000.0,129047384.0
8114,振樺電,上市,-63500.0,0.0,-800.0,-64300.0,76384772.0
2236,百達-KY,上市,-65000.0,0.0,0.0,-65000.0,59555656.0
6672,騰輝電子-KY,上市,-80000.0,0.0,15000.0,-65000.0,71434745.0
3447,展達,上市,-65000.0,0.0,-1359.0,-66359.0,77331120.0
2442,新美齊,上市,-71000.0,0.0,4000.0,-67000.0,268905778.0
0055,元大MSCI金融,上市,0.0,0.0,-67293.0,-67293.0,80654000.0
2457,飛宏,上市,-113000.0,0.0,44291.0,-68709.0,424772416.0
2231,為升,上市,-46000.0,0.0,-24100.0,-70100.0,135917608.0
2362,藍天,上市,-93000.0,0.0,21990.0,-71010.0,622263000.0
00674R,期元大S&P黃金反1,上市,0.0,0.0,-72188.0,-72188.0,93103000.0
3092,鴻碩,上市,-71713.0,0.0,-1000.0,-72713.0,106552030.0
3653,健策,上市,-94538.0,-27000.0,47829.0,-73709.0,142922005.0
2387,精元,上市,-75000.0,0.0,1000.0,-74000.0,195251051.0
2547,日勝生,上市,-141000.0,0.0,67000.0,-74000.0,1035094649.0
6854,錼創科技-KY創,上市,-76000.0,0.0,2000.0,-74000.0,117678622.0
3004,豐達科,上市,57000.0,0.0,-131306.0,-74306.0,55685055.0
2376,技嘉,上市,-195851.0,15000.0,104452.0,-76399.0,669888886.0
4551,智伸科,上市,-36000.0,-44000.0,3443.0,-76557.0,115222498.0
2302,麗正,上市,-79000.0,0.0,0.0,-79000.0,166302881.0
8213,志超,上市,-82000.0,0.0,3000.0,-79000.0,271242488.0
6176,瑞儀,上市,1399000.0,-1533027.0,53312.0,-80715.0,465027263.0
00640L,富邦日本正2,上市,-1000.0,0.0,-80260.0,-81260.0,10419000.0
2106,建大,上市,-110000.0,0.0,28666.0,-81334.0,954890000.0
5269,祥碩,上市,-80812.0,3000.0,-4258.0,-82070.0,74777129.0
4961,天鈺,上市,-86900.0,0.0,4137.0,-82763.0,121253603.0
2359,所羅門,上市,-81975.0,0.0,-2091.0,-84066.0,171471052.0
1519,華城,上市,-159385.0,80000.0,-6223.0,-85608.0,315880844.0
5607,遠雄港,上市,-93800.0,0.0,8000.0,-85800.0,370552913.0
2440,太空梭,上市,-91000.0,0.0,3000.0,-88000.0,139117271.0
9914,美利達,上市,-140000.0,0.0,51769.0,-88231.0,298983800.0
6869,雲豹能源,上市,-95000.0,0.0,5272.0,-89728.0,137830041.0
3029,零壹,上市,-93000.0,0.0,3228.0,-89772.0,167005212.0
009810,玉山全球藍籌100,上市,2000.0,0.0,-91990.0,-89990.0,27154000.0
1720,生達,上市,-102000.0,0.0,12000.0,-90000.0,178696089.0
3356,奇偶,上市,-91000.0,0.0,-148.0,-91148.0,79941672.0
00763U,期街口道瓊銅,上市,-7000.0,0.0,-86026.0,-93026.0,40565000.0
4536,拓凱,上市,-95000.0,0.0,1492.0,-93508.0,90820000.0
3338,泰碩,上市,-97000.0,0.0,2000.0,-95000.0,87908141.0
00656R,國泰中國A50反1,上市,0.0,0.0,-96150.0,-96150.0,20357000.0
2401,凌陽,上市,-114000.0,0.0,16793.0,-97207.0,591994919.0
6526,達發,上市,-110997.0,6000.0,6121.0,-98876.0,167505554.0
4968,立積,上市,-79000.0,0.0,-20323.0,-99323.0,92209898.0
3661,世芯-KY,上市,-165100.0,90500.0,-25560.0,-100160.0,80855695.0
4956,光鋐,上市,-101000.0,0.0,-5000.0,-106000.0,100408236.0
6668,中揚光,上市,-107000.0,0.0,1000.0,-106000.0,107116087.0
6670,復盛應用,上市,385010.0,-490547.0,-771.0,-106308.0,139386973.0
4540,全球傳動,上市,-99000.0,0.0,-7890.0,-106890.0,112140457.0
2897,王道銀行,上市,-327000.0,0.0,219000.0,-108000.0,2805357878.0
1718,中纖,上市,-179000.0,0.0,70000.0,-109000.0,1685905745.0
4949,有成精密,上市,-106000.0,0.0,-4000.0,-110000.0,67050543.0
2834,臺企銀,上市,-1217354.0,0.0,1106630.0,-110724.0,9718061849.0
2731,雄獅,上市,-85000.0,0.0,-25839.0,-110839.0,93277739.0
3376,新日興,上市,-144584.0,0.0,33454.0,-111130.0,195763822.0
2427,三商電,上市,-109000.0,0.0,-3000.0,-112000.0,197301339.0
1476,儒鴻,上市,-122708.0,0.0,7489.0,-115219.0,274367111.0
2363,矽統,上市,-132000.0,0.0,13297.0,-118703.0,514988161.0
6806,森崴能源,上市,-135000.0,0.0,16113.0,-118887.0,274642902.0
2431,聯昌,上市,-119000.0,0.0,-200.0,-119200.0,110927014.0
6753,龍德造船,上市,-123000.0,0.0,3727.0,-119273.0,113137500.0
00923,群益台ESG低碳50,上市,1000.0,0.0,-120517.0,-119517.0,801423000.0
9910,豐泰,上市,-150544.0,0.0,29532.0,-121012.0,987482831.0
3024,憶聲,上市,-124000.0,0.0,0.0,-124000.0,277157496.0
3138,耀登,上市,-124000.0,0.0,-170.0,-124170.0,50308063.0
1808,潤隆,上市,28000.0,-200000.0,47000.0,-125000.0,893031743.0
3056,富華新,上市,-130000.0,0.0,4000.0,-126000.0,480555051.0
3406,玉晶光,上市,-508000.0,372000.0,9768.0,-126232.0,112743063.0
6533,晶心科,上市,-110327.0,0.0,-15959.0,-126286.0,50650911.0
6168,宏齊,上市,-129000.0,0.0,1000.0,-128000.0,206069801.0
6235,華孚,上市,-126000.0,0.0,-3576.0,-129576.0,199906306.0
4532,瑞智,上市,-160000.0,-5702.0,36000.0,-129702.0,504895105.0
3312,弘憶股,上市,-131000.0,0.0,0.0,-131000.0,182626815.0
3038,全台,上市,-95000.0,0.0,-36000.0,-131000.0,157407603.0
2101,南港,上市,-173000.0,0.0,41000.0,-132000.0,733934904.0
6165,浪凡,上市,-132000.0,0.0,0.0,-132000.0,77752623.0
1589,永冠-KY,上市,-134000.0,0.0,968.0,-133032.0,153135941.0
2233,宇隆,上市,-127000.0,0.0,-6290.0,-133290.0,60288089.0
4958,臻鼎-KY,上市,481354.0,-732000.0,115227.0,-135419.0,956652509.0
8081,致新,上市,-139000.0,0.0,2960.0,-136040.0,86172072.0
6153,嘉聯益,上市,-269000.0,0.0,131996.0,-137004.0,636177694.0
2328,廣宇,上市,-234000.0,0.0,95872.0,-138128.0,518346282.0
5515,建國,上市,-140000.0,0.0,1000.0,-139000.0,201600084.0
2539,櫻花建,上市,-167000.0,0.0,28000.0,-139000.0,1193102581.0
8210,勤誠,上市,-63439.0,-45000.0,-30918.0,-139357.0,125302665.0
3090,日電貿,上市,-169000.0,-1841.0,30483.0,-140358.0,287567150.0
3047,訊舟,上市,-146000.0,0.0,5000.0,-141000.0,223700858.0
3717,聯嘉投控,上市,-155000.0,0.0,13000.0,-142000.0,207845445.0
00963,中信全球高股息,上市,5000.0,0.0,-147000.0,-142000.0,92433000.0
00901,永豐智能車供應鏈,上市,-70000.0,0.0,-72215.0,-142215.0,86349000.0
3380,明泰,上市,-135000.0,0.0,-7982.0,-142982.0,541718460.0
00666R,富邦恒生國企反1,上市,0.0,0.0,-143040.0,-143040.0,15124000.0
00911,兆豐洲際半導體,上市,-1885.0,0.0,-143791.0,-145676.0,17403000.0
3450,聯鈞,上市,118247.0,-139000.0,-125063.0,-145816.0,145681382.0
2015,豐興,上市,-265000.0,95000.0,23432.0,-146568.0,581599424.0
2379,瑞昱,上市,-764375.0,541000.0,76342.0,-147033.0,512863641.0
3051,力特,上市,-141000.0,0.0,-10000.0,-151000.0,167000000.0
3027,盛達,上市,-151000.0,0.0,-1000.0,-152000.0,116039561.0
6923,中台,上市,-154000.0,0.0,-200.0,-154200.0,91488000.0
2850,新產,上市,-194000.0,14000.0,22073.0,-157927.0,315963300.0
2883B,凱基金乙特,上市,-130000.0,0.0,-28000.0,-158000.0,1582142374.0
8105,凌巨,上市,-144000.0,0.0,-16000.0,-160000.0,441544851.0
1810,和成,上市,-168000.0,0.0,7513.0,-160487.0,302303719.0
1503,士電,上市,-182184.0,0.0,20789.0,-161395.0,520972223.0
1723,中碳,上市,-173900.0,0.0,12000.0,-161900.0,236904480.0
2504,國產,上市,2728000.0,-2927067.0,36403.0,-162664.0,1180000000.0
3605,宏致,上市,-175000.0,0.0,11446.0,-163554.0,162353086.0
6781,AES-KY,上市,-214800.0,50000.0,-86.0,-164886.0,85418780.0
6269,台郡,上市,-196000.0,0.0,29936.0,-166064.0,323131481.0
00902,中信電池及儲能,上市,-1000.0,0.0,-166854.0,-167854.0,363497000.0
1612,宏泰,上市,-188000.0,0.0,20124.0,-167876.0,316080063.0
3041,揚智,上市,-174000.0,0.0,5873.0,-168127.0,140223647.0
9955,佳龍,上市,-170000.0,0.0,1000.0,-169000.0,104475729.0
2351,順德,上市,-173000.0,0.0,-844.0,-173844.0,182140249.0
3673,TPK-KY,上市,-207000.0,0.0,32377.0,-174623.0,406663759.0
3645,達邁,上市,-175000.0,0.0,-3394.0,-178394.0,136754207.0
4545,銘鈺,上市,-179000.0,0.0,521.0,-178479.0,77000000.0
1710,東聯,上市,-214000.0,0.0,34810.0,-179190.0,885703029.0
00907,永豐優息存股,上市,2000.0,0.0,-182308.0,-180308.0,202133000.0
2365,昆盈,上市,-183000.0,0.0,1372.0,-181628.0,221528496.0
6890,來億-KY,上市,-213455.0,0.0,30894.0,-182561.0,249400000.0
4976,佳凌,上市,-190000.0,0.0,0.0,-190000.0,141351000.0
2355,敬鵬,上市,-203000.0,-4067.0,15426.0,-191641.0,397495420.0
2049,上銀,上市,-207942.0,0.0,14051.0,-193891.0,353792240.0
3042,晶技,上市,-222421.0,-1000.0,28195.0,-195226.0,342992971.0
2360,致茂,上市,52472.0,-294000.0,43728.0,-197800.0,425261742.0
00643,群益深証中小,上市,17000.0,0.0,-214937.0,-197937.0,99573000.0
6831,邁科,上市,-202000.0,0.0,0.0,-202000.0,67500000.0
00927,群益半導體收益,上市,-7000.0,0.0,-195961.0,-202961.0,472897000.0
00668,國泰美國道瓊,上市,-1000.0,0.0,-203333.0,-204333.0,10033000.0
8215,明基材,上市,-203000.0,0.0,-2000.0,-205000.0,320674514.0
2208,台船,上市,-214000.0,-37000.0,43000.0,-208000.0,1274539449.0
00762,元大全球AI,上市,1000.0,0.0,-210433.0,-209433.0,61248000.0
2342,茂矽,上市,-209000.0,0.0,-1000.0,-210000.0,157524744.0
3563,牧德,上市,-222990.0,0.0,12210.0,-210780.0,63960858.0
00895,富邦未來車,上市,-289900.0,0.0,78674.0,-211226.0,176416000.0
4526,東台,上市,-211000.0,0.0,-722.0,-211722.0,254826461.0
2206,三陽工業,上市,-155000.0,-96000.0,37740.0,-213260.0,791796604.0
9933,中鼎,上市,-232000.0,9000.0,9607.0,-213393.0,892693124.0
6789,采鈺,上市,-205699.0,11000.0,-20367.0,-215066.0,318299119.0
8070,長華*,上市,-243000.0,0.0,23237.0,-219763.0,725648455.0
3708,上緯投控,上市,-211000.0,1000.0,-9943.0,-219943.0,107275529.0
3035,智原,上市,-248681.0,0.0,28183.0,-220498.0,260550313.0
2838,聯邦銀,上市,-550000.0,0.0,325053.0,-224947.0,4340551779.0
3712,永崴投控,上市,-231000.0,0.0,-38.0,-231038.0,246242146.0
9917,中保科,上市,-82000.0,-198000.0,43000.0,-237000.0,451197093.0
2474,可成,上市,401565.0,-718000.0,74405.0,-242030.0,623669068.0
2645,長榮航太,上市,-152900.0,-114000.0,18536.0,-248364.0,374570962.0
3543,州巧,上市,-271000.0,0.0,22000.0,-249000.0,89263150.0
3694,海華,上市,-254000.0,0.0,4862.0,-249138.0,154947208.0
1310,台苯,上市,-256881.0,0.0,4163.0,-252718.0,527869764.0
2354,鴻準,上市,-314000.0,28000.0,28879.0,-257121.0,1414485192.0
6558,興能高,上市,-271000.0,0.0,13267.0,-257733.0,93788875.0
2613,中櫃,上市,-261000.0,0.0,3000.0,-258000.0,148423458.0
6446,藥華藥,上市,-267089.0,1000.0,8046.0,-258043.0,379939370.0
1402,遠東新,上市,-234004.0,-212000.0,187011.0,-258993.0,5352875227.0
3533,嘉澤,上市,-255196.0,3000.0,-8435.0,-260631.0,112534691.0
1536,和大,上市,-250000.0,0.0,-13547.0,-263547.0,278959513.0
2617,台航,上市,-277000.0,0.0,13435.0,-263565.0,417294487.0
2455,全新,上市,-259905.0,0.0,-5658.0,-265563.0,184905918.0
1305,華夏,上市,-291000.0,0.0,25000.0,-266000.0,581050494.0
2912,統一超,上市,-182143.0,-130000.0,39808.0,-272335.0,1039622255.0
1736,喬山,上市,-220800.0,-60000.0,7153.0,-273647.0,303394617.0
3135,凌航,上市,-263000.0,0.0,-11000.0,-274000.0,77493405.0
2392,正崴,上市,-284000.0,0.0,9644.0,-274356.0,512326940.0
00964,中信亞太高股息,上市,0.0,0.0,-276098.0,-276098.0,26624000.0
6550,北極星藥業-KY,上市,-316414.0,0.0,40000.0,-276414.0,770433022.0
3014,聯陽,上市,-193000.0,-101071.0,10766.0,-283305.0,166020124.0
8249,菱光,上市,-288000.0,0.0,2684.0,-285316.0,137824500.0
2543,皇昌,上市,-314664.0,0.0,25825.0,-288839.0,532383961.0
5284,jpp-KY,上市,-271000.0,0.0,-23834.0,-294834.0,50928860.0
2601,益航,上市,-317000.0,0.0,22000.0,-295000.0,824776067.0
1504,東元,上市,500701.0,-1037000.0,235661.0,-300638.0,2376440684.0
4722,國精化,上市,-306000.0,0.0,220.0,-305780.0,101059159.0
4989,榮科,上市,-309980.0,0.0,0.0,-309980.0,137776500.0
1477,聚陽,上市,973000.0,-1345502.0,59580.0,-312922.0,246693713.0
00894,中信小資高價30,上市,-30000.0,0.0,-284180.0,-314180.0,142509000.0
3592,瑞鼎,上市,706000.0,-1023000.0,-1190.0,-318190.0,75855226.0
6202,盛群,上市,-324000.0,0.0,4559.0,-319441.0,230388200.0
2023,燁輝,上市,-476000.0,0.0,155000.0,-321000.0,1903240214.0
5434,崇越,上市,-96993.0,-227000.0,1122.0,-322871.0,191332275.0
8261,富鼎,上市,-327000.0,0.0,189.0,-326811.0,118792493.0
5608,四維航,上市,-344001.0,0.0,17041.0,-326960.0,389271614.0
2374,佳能,上市,-324243.0,0.0,-12664.0,-336907.0,324587133.0
2612,中航,上市,-249000.0,0.0,-90850.0,-339850.0,197484593.0
3714,富采,上市,-359000.0,0.0,11998.0,-347002.0,737940460.0
6768,志強-KY,上市,-193000.0,-161184.0,5784.0,-348400.0,200095061.0
00770,國泰北美科技,上市,25011.0,0.0,-374548.0,-349537.0,80458000.0
1102,亞泥,上市,-5726019.0,4714000.0,662226.0,-349793.0,3546562881.0
3149,正達,上市,-352000.0,0.0,1000.0,-351000.0,226233604.0
3062,建漢,上市,-364000.0,0.0,11214.0,-352786.0,330136018.0
2009,第一銅,上市,-345000.0,0.0,-9239.0,-354239.0,359622165.0
1529,樂事綠能,上市,-361000.0,0.0,6246.0,-354754.0,155095074.0
00685L,群益臺灣加權正2,上市,4000.0,0.0,-358909.0,-354909.0,27139000.0
5469,瀚宇博,上市,-377000.0,0.0,21536.0,-355464.0,486166000.0
3005,神基,上市,-365600.0,-76000.0,83572.0,-358028.0,620215900.0
2104,國際中橡,上市,-392000.0,0.0,32775.0,-359225.0,984733625.0
1795,美時,上市,-310011.0,0.0,-51106.0,-361117.0,266923812.0
3028,增你強,上市,-367000.0,0.0,1000.0,-366000.0,237241193.0
4763,材料*-KY,上市,-3126111.0,2602000.0,156565.0,-367546.0,989146670.0
3550,聯穎,上市,-370000.0,0.0,1728.0,-368272.0,107550000.0
2855,統一證,上市,-375000.0,0.0,0.0,-375000.0,1601414478.0
3545,敦泰,上市,-385136.0,0.0,8535.0,-376601.0,221312881.0
2540,愛山林,上市,-421970.0,0.0,44000.0,-377970.0,944873965.0
00634R,富邦上証反1,上市,-5000.0,0.0,-373100.0,-378100.0,47256000.0
8996,高力,上市,-137871.0,-301000.0,60000.0,-378871.0,91471435.0
00934,中信成長高股息,上市,-40000.0,0.0,-343496.0,-383496.0,492026000.0
2491,吉祥全,上市,69000.0,0.0,-454034.0,-385034.0,82008000.0
00985A,主動野村台灣50,上市,220000.0,0.0,-622859.0,-402859.0,517789000.0
3704,合勤控,上市,-425000.0,0.0,18373.0,-406627.0,415444970.0
009804,聯邦台精彩50,上市,-171000.0,0.0,-235931.0,-406931.0,112892000.0
1304,台聚,上市,-459000.0,0.0,41133.0,-417867.0,1188763500.0
1524,耿鼎,上市,-419000.0,0.0,-7642.0,-426642.0,165310397.0
1717,長興,上市,-486000.0,0.0,57971.0,-428029.0,1172245483.0
00893,國泰智能電動車,上市,-415904.0,0.0,-18500.0,-434404.0,424884000.0
1711,永光,上市,-462000.0,0.0,18444.0,-443556.0,547752226.0
009812,野村日本東證,上市,13010.0,0.0,-461422.0,-448412.0,97882000.0
2515,中工,上市,-798795.0,0.0,345619.0,-453176.0,1607904084.0
6415,矽力*-KY,上市,-444105.0,37600.0,-46684.0,-453189.0,388056131.0
3715,定穎投控,上市,-400209.0,50000.0,-106482.0,-456691.0,277674584.0
6962,奕力-KY,上市,-466000.0,0.0,5412.0,-460588.0,492396565.0
00926,凱基全球菁英55,上市,4100.0,0.0,-471051.0,-466951.0,86482000.0
3413,京鼎,上市,-443000.0,-3000.0,-21210.0,-467210.0,108022907.0
1514,亞力,上市,-445864.0,0.0,-22606.0,-468470.0,273108473.0
00641R,富邦日本反1,上市,0.0,0.0,-469000.0,-469000.0,79258000.0
2395,研華,上市,-523050.0,11000.0,39845.0,-472205.0,864167125.0
6285,啟碁,上市,-610000.0,59000.0,58302.0,-492698.0,484020629.0
2454,聯發科,上市,-1411459.0,399000.0,518487.0,-493972.0,1603912182.0
2464,盟立,上市,-485000.0,0.0,-10601.0,-495601.0,206451226.0
2607,榮運,上市,338000.0,-870000.0,19000.0,-513000.0,533570547.0
00675L,富邦臺灣加權正2,上市,-24000.0,0.0,-496119.0,-520119.0,118786000.0
2369,菱生,上市,-485000.0,0.0,-39873.0,-524873.0,380102344.0
1727,中華化,上市,-528000.0,0.0,160.0,-527840.0,125365479.0
00692,富邦公司治理,上市,-6575.0,0.0,-526726.0,-533301.0,669280000.0
5243,乙盛-KY,上市,-551000.0,0.0,-3184.0,-554184.0,168528915.0
009801,中信美國創新科技,上市,-475000.0,0.0,-86733.0,-561733.0,177119000.0
6505,台塑化,上市,-926954.0,0.0,353326.0,-573628.0,9525959652.0
6164,華興,上市,-545000.0,0.0,-34555.0,-579555.0,80000000.0
2633,台灣高鐵,上市,-671541.0,0.0,91000.0,-580541.0,5628293058.0
1210,大成,上市,-896500.0,265000.0,25455.0,-606045.0,894767222.0
2845,遠東銀,上市,-932000.0,0.0,317000.0,-615000.0,4865284731.0
2340,台亞,上市,-578000.0,0.0,-42012.0,-620012.0,438622846.0
2634,漢翔,上市,-591000.0,-35000.0,-10767.0,-636767.0,941867101.0
1513,中興電,上市,-668834.0,0.0,21616.0,-647218.0,503112515.0
2316,楠梓電,上市,-670000.0,0.0,13317.0,-656683.0,182740536.0
6757,台灣虎航,上市,1061075.0,-1692000.0,-42557.0,-673482.0,459530000.0
9904,寶成,上市,-988200.0,79182.0,232272.0,-676746.0,2946787213.0
3059,華晶科,上市,-682000.0,0.0,-2747.0,-684747.0,307242025.0
2637,慧洋-KY,上市,-164990.0,-202243.0,-320667.0,-687900.0,746409199.0
00892,富邦台灣半導體,上市,-65000.0,0.0,-623383.0,-688383.0,250292000.0
2537,聯上發,上市,-711000.0,0.0,13651.0,-697349.0,300557795.0
3011,今皓,上市,-719000.0,0.0,3000.0,-716000.0,125146851.0
2332,友訊,上市,-806000.0,0.0,79360.0,-726640.0,602272073.0
2520,冠德,上市,4764000.0,-5420000.0,-74159.0,-730159.0,609487110.0
2892,第一金,上市,81600848.0,-83289000.0,956610.0,-731542.0,14379468650.0
00910,第一金太空衛星,上市,7130.0,0.0,-756598.0,-749468.0,64939000.0
6239,力成,上市,3499000.0,-4250000.0,-14628.0,-765628.0,759146634.0
3535,晶彩科,上市,-782050.0,0.0,-1000.0,-783050.0,79052356.0
3019,亞光,上市,-749000.0,0.0,-39338.0,-788338.0,279243901.0
00954,中信日本半導體,上市,-240960.0,0.0,-551766.0,-792726.0,71247000.0
1609,大亞,上市,-834098.0,7000.0,16919.0,-810179.0,785261944.0
2603,長榮,上市,-777091.0,-145000.0,110276.0,-811815.0,2165042996.0
1101,台泥,上市,-1637138.0,29000.0,796017.0,-812121.0,7551181742.0
2385,群光,上市,-648119.0,-207071.0,37047.0,-818143.0,760053172.0
3305,昇貿,上市,-752900.0,0.0,-70778.0,-823678.0,134237474.0
2468,華經,上市,-829000.0,0.0,961.0,-828039.0,69961249.0
2495,普安,上市,-827000.0,0.0,-10788.0,-837788.0,273551538.0
2905,三商,上市,-884000.0,0.0,43728.0,-840272.0,1110371703.0
1313,聯成,上市,-896000.0,0.0,48000.0,-848000.0,1349689607.0
2891,中信金,上市,20270197.0,-23008000.0,1876171.0,-861632.0,19649766114.0
00965,元大航太防衛科技,上市,-3067757.0,-300000.0,2503339.0,-864418.0,751492000.0
00865B,國泰US短期公債,上市,1011000.0,0.0,-1878316.0,-867316.0,148744000.0
4904,遠傳,上市,-691392.0,-322000.0,128775.0,-884617.0,3605705357.0
00971,野村美國研發龍頭,上市,860.0,0.0,-900009.0,-899149.0,101677000.0
2646,星宇航空,上市,-1047400.0,0.0,126900.0,-920500.0,3008735000.0
2498,宏達電,上市,-702850.0,0.0,-234828.0,-937678.0,835198486.0
00896,中信綠能及電動車,上市,-78000.0,0.0,-885864.0,-963864.0,304880000.0
2388,威盛,上市,-879830.0,0.0,-89160.0,-968990.0,555600941.0
00753L,中信中國50正2,上市,288000.0,0.0,-1259209.0,-971209.0,766157000.0
2889,國票金,上市,-1252813.0,0.0,259000.0,-993813.0,3633563471.0
8046,南電,上市,-685629.0,-651000.0,285618.0,-1051011.0,646165487.0
3013,晟銘電,上市,-857000.0,-200000.0,-13879.0,-1070879.0,205138930.0
3711,日月光投控,上市,-565766.0,-856000.0,347138.0,-1074628.0,4422175232.0
00738U,期元大道瓊白銀,上市,-112000.0,0.0,-976741.0,-1088741.0,152299000.0
2393,億光,上市,6578000.0,-7682235.0,3000.0,-1101235.0,443393086.0
2377,微星,上市,-1237000.0,21000.0,106961.0,-1109039.0,844856199.0
00631L,元大台灣50正2,上市,-16522.0,0.0,-1096149.0,-1112671.0,117084000.0
009803,玉山市值動能50,上市,-4000.0,0.0,-1145129.0,-1149129.0,127828000.0
2347,聯強,上市,4723000.0,-5982372.0,103599.0,-1155773.0,1667946968.0
00981T,平衡凱基雙核收息,上市,-57000.0,0.0,-1099956.0,-1156956.0,124761000.0
6120,達運,上市,-1169000.0,0.0,2.0,-1168998.0,598999602.0
6191,精成科,上市,-1036000.0,37000.0,-171651.0,-1170651.0,499303000.0
6116,彩晶,上市,-1421000.0,0.0,244642.0,-1176358.0,2858654851.0
4915,致伸,上市,-799163.0,-440836.0,16148.0,-1223851.0,471142824.0
8271,宇瞻,上市,-1218980.0,0.0,-5108.0,-1224088.0,128129266.0
2903,遠百,上市,-6247000.0,4920000.0,82730.0,-1244270.0,1416940589.0
2014,中鴻,上市,-1227000.0,0.0,-20633.0,-1247633.0,1435544446.0
00951,台新日本半導體,上市,-524000.0,0.0,-808286.0,-1332286.0,195042000.0
3030,德律,上市,190300.0,-1444000.0,-84171.0,-1337871.0,236216000.0
009811,統一美國50,上市,20000.0,0.0,-1365760.0,-1345760.0,442950000.0
2327,國巨*,上市,-1881834.0,45215.0,470951.0,-1365668.0,2072965820.0
00706L,期元大S&P日圓正2,上市,0.0,0.0,-1374514.0,-1374514.0,210270853.0
00670L,富邦NASDAQ正2,上市,42000.0,0.0,-1438928.0,-1396928.0,85145000.0
2105,正新,上市,-1523598.0,-301886.0,427835.0,-1397649.0,3241415536.0
1905,華紙,上市,-1466000.0,0.0,40000.0,-1426000.0,1102835316.0
1722,台肥,上市,-222000.0,-1241000.0,34132.0,-1428868.0,980000000.0
5876,上海商銀,上市,-605251.0,-1608000.0,725474.0,-1487777.0,4861603140.0
2331,精英,上市,-1581800.0,0.0,93739.0,-1488061.0,557402968.0
2308,台達電,上市,-2171087.0,205000.0,468424.0,-1497663.0,2597543329.0
4967,十銓,上市,-1360407.0,0.0,-153910.0,-1514317.0,84963288.0
2006,東和鋼鐵,上市,-1886000.0,-48000.0,417735.0,-1516265.0,730213818.0
00980A,主動野村臺灣優選,上市,44562.0,0.0,-1622964.0,-1578402.0,625730000.0
009800,中信NASDAQ,上市,-93495.0,0.0,-1485039.0,-1578534.0,315891000.0
2402,毅嘉,上市,-1773000.0,0.0,188154.0,-1584846.0,307536533.0
6257,矽格,上市,1179500.0,-2819000.0,11317.0,-1628183.0,483912325.0
2812,台中銀,上市,-1788535.0,0.0,124483.0,-1664052.0,6021625921.0
00984A,主動安聯台灣高息,上市,-82000.0,0.0,-1604855.0,-1686855.0,302958000.0
00989A,主動摩根美國科技,上市,-664880.0,0.0,-1168190.0,-1833070.0,148617000.0
00757,統一FANG+,上市,-211672.0,0.0,-1621873.0,-1833545.0,364994000.0
00881,國泰台灣科技龍頭,上市,-1802000.0,182000.0,-312141.0,-1932141.0,2216403000.0
00646,元大S&P500,上市,-74526.0,0.0,-1863179.0,-1937705.0,482985000.0
00904,台新臺灣半導體30,上市,-132027.0,0.0,-1834469.0,-1966496.0,135612000.0
2323,中環,上市,-2382000.0,0.0,306000.0,-2076000.0,1089348328.0
2449,京元電子,上市,-478567.0,-2005000.0,370311.0,-2113256.0,1222745065.0
00983A,主動中信ARK創新,上市,-422000.0,0.0,-1799133.0,-2221133.0,314686000.0
3045,台灣大,上市,-2411442.0,113000.0,56480.0,-2241962.0,3723261811.0
00924,復華S&P500成長,上市,-690795.0,0.0,-1645751.0,-2336546.0,478103000.0
00663L,國泰臺灣加權正2,上市,-29000.0,0.0,-2360772.0,-2389772.0,124163000.0
00642U,期元大S&P石油,上市,21000.0,0.0,-2576228.0,-2555228.0,233821000.0
3049,精金,上市,-2672000.0,0.0,-23160.0,-2695160.0,802010529.0
2441,超豐,上市,-3684000.0,746000.0,232732.0,-2705268.0,568845921.0
8112,至上,上市,-2441000.0,-3057.0,-282199.0,-2726256.0,525291698.0
00946,群益科技高息成長,上市,159180.0,0.0,-2930213.0,-2771033.0,697746000.0
00662,富邦NASDAQ,上市,534499.0,0.0,-3400866.0,-2866367.0,609029000.0
2357,華碩,上市,-7306314.0,4319800.0,75480.0,-2911034.0,742760280.0
2887I,台新新光辛特,上市,-2933761.0,0.0,0.0,-2933761.0,3096420552.0
00909,國泰數位支付服務,上市,-1286748.0,0.0,-1734544.0,-3021292.0,222704000.0
3702,大聯大,上市,-9583191.0,6292000.0,260952.0,-3030239.0,1679056833.0
00664R,國泰臺灣加權反1,上市,0.0,0.0,-3154000.0,-3154000.0,741075000.0
6209,今國光,上市,-3193500.0,0.0,632.0,-3192868.0,174429171.0
2356,英業達,上市,-3826188.0,69000.0,485748.0,-3271440.0,3587475066.0
9105,泰金寶-DR,上市,-3296000.0,0.0,-2035.0,-3298035.0,1655366936.0
009813,貝萊德標普卓越50,上市,592970.0,0.0,-4004859.0,-3411889.0,700824000.0
00891,中信關鍵半導體,上市,-23930.0,0.0,-3408225.0,-3432155.0,1184590000.0
4938,和碩,上市,-5565318.0,1449054.0,441658.0,-3674606.0,2682200103.0
1442,名軒,上市,181000.0,-3890000.0,12791.0,-3696209.0,366211358.0
1326,台化,上市,-4052166.0,0.0,281979.0,-3770187.0,5861186291.0
00922,國泰台灣領袖50,上市,-17133903.0,0.0,13270496.0,-3863407.0,1834686000.0
2605,新興,上市,-5196000.0,1400000.0,-524693.0,-4320693.0,585353297.0
2609,陽明,上市,-3547358.0,-1028000.0,41101.0,-4534257.0,3492104270.0
3231,緯創,上市,-5687174.0,99000.0,931965.0,-4656209.0,3180412250.0
2606,裕民,上市,-7172000.0,2815451.0,-306236.0,-4662785.0,845055712.0
2615,萬海,上市,-4698211.0,0.0,-212580.0,-4910791.0,2806146293.0
1303,南亞,上市,-5872805.0,118000.0,804424.0,-4950381.0,7930821589.0
2367,燿華,上市,-3333400.0,0.0,-1629344.0,-4962744.0,706253175.0
00648R,元大S&P500反1,上市,-61000.0,0.0,-4911000.0,-4972000.0,172188000.0
1301,台塑,上市,-5457000.0,0.0,338327.0,-5118673.0,6365740781.0
2352,佳世達,上市,-5274080.0,10000.0,117000.0,-5147080.0,1580506505.0
2353,宏碁,上市,-5322735.0,-200626.0,-343150.0,-5866511.0,3047853828.0
2002,中鋼,上市,-7079673.0,39000.0,853786.0,-6186887.0,15734860997.0
1605,華新,上市,-6628000.0,18000.0,339430.0,-6270570.0,4431332948.0
00830,國泰費城半導體,上市,-2678204.0,0.0,-3600146.0,-6278350.0,477965000.0
2027,大成鋼,上市,-15936454.0,6780000.0,1536315.0,-7620139.0,2584260615.0
2885,元大金,上市,-4668441.0,-4152000.0,794892.0,-8025549.0,13331149946.0
2344,華邦電,上市,-5512616.0,161000.0,-3563302.0,-8914918.0,4500000193.0
2890,永豐金,上市,-9199337.0,-1464000.0,659328.0,-10004009.0,14502322275.0
2486,一詮,上市,-10587774.0,0.0,175567.0,-10412207.0,233958579.0
009805,台新美國電力基建,上市,171000.0,0.0,-10806746.0,-10635746.0,341816000.0
00982A,主動群益台灣強棒,上市,-89500.0,0.0,-10595970.0,-10685470.0,2026936000.0
2886,兆豐金,上市,-14230612.0,617000.0,1370986.0,-12242626.0,14833378282.0
2382,廣達,上市,-13879159.0,23000.0,1248713.0,-12607446.0,3862627432.0
2409,友達,上市,-12970400.0,157000.0,148200.0,-12665200.0,7547098972.0
00988A,主動統一全球創新,上市,-778000.0,0.0,-12351936.0,-13129936.0,938437000.0
0050,元大台灣50,上市,-52666025.0,1000000.0,38375022.0,-13291003.0,15585000000.0
2313,華通,上市,-16828341.0,134000.0,2018666.0,-14675675.0,1191820589.0
3481,群創,上市,-22141483.0,184000.0,587279.0,-21370204.0,7989197337.0
0052,富邦科技,上市,1273795.0,161000.0,-25303430.0,-23868635.0,1602000000.0
0056,元大高股息,上市,-8633141.0,0.0,-22513753.0,-31146894.0,14138034000.0
00981A,主動統一台股增長,上市,-125838.0,0.0,-32558805.0,-32684643.0,2968709000.0
00918,大華優利高填息30,上市,-749750.0,0.0,-44932772.0,-45682522.0,3757764000.0
00991A,主動復華未來50,上市,-4784800.0,0.0,-183880979.0,-188665779.0,1358916000.0
006201,元大富櫃50,上櫃,0.0,0.0,0.0,-40708.0,0.0
00679B,元大美債20年,上櫃,0.0,0.0,0.0,7826020.0,0.0
00687B,國泰20年美債,上櫃,0.0,0.0,0.0,20352860.0,0.0
00687C,國泰20年美債+櫃U,上櫃,0.0,0.0,0.0,0.0,0.0
00694B,富邦美債1-3,上櫃,0.0,0.0,0.0,-6649.0,0.0
00695B,富邦美債7-10,上櫃,0.0,0.0,0.0,-10077.0,0.0
00696B,富邦美債20年,上櫃,0.0,0.0,0.0,202114.0,0.0
00697B,元大美債7-10,上櫃,0.0,0.0,0.0,54037.0,0.0
00719B,元大美債1-3,上櫃,0.0,0.0,0.0,239039.0,0.0
00720B,元大投資級公司債,上櫃,0.0,0.0,0.0,2874087.0,0.0
00722B,群益投資級電信債,上櫃,0.0,0.0,0.0,235916.0,0.0
00723B,群益投資級科技債,上櫃,0.0,0.0,0.0,-1000.0,0.0
00724B,群益投資級金融債,上櫃,0.0,0.0,0.0,33118.0,0.0
00725B,國泰投資級公司債,上櫃,0.0,0.0,0.0,-798106.0,0.0
00726B,國泰新興投等債,上櫃,0.0,0.0,0.0,22033.0,0.0
00727B,國泰優選非投等債,上櫃,0.0,0.0,0.0,-7126.0,0.0
00734B,台新JPM新興債,上櫃,0.0,0.0,0.0,12000.0,0.0
00740B,富邦全球投等債,上櫃,0.0,0.0,0.0,30449.0,0.0
00741B,富邦全球非投等債,上櫃,0.0,0.0,0.0,3176.0,0.0
00746B,富邦A級公司債,上櫃,0.0,0.0,0.0,-1904.0,0.0
00749B,凱基新興債10+,上櫃,0.0,0.0,0.0,4000.0,0.0
00750B,凱基科技債10+,上櫃,0.0,0.0,0.0,0.0,0.0
00751B,元大AAA至A公司債,上櫃,0.0,0.0,0.0,209498.0,0.0
00754B,群益AAA-AA公司債,上櫃,0.0,0.0,0.0,-1000.0,0.0
00755B,群益投資級公用債,上櫃,0.0,0.0,0.0,10004.0,0.0
00756B,群益投等新興公債,上櫃,0.0,0.0,0.0,113000.0,0.0
00758B,復華能源債,上櫃,0.0,0.0,0.0,0.0,0.0
00759B,復華製藥債,上櫃,0.0,0.0,0.0,0.0,0.0
00760B,復華新興企業債,上櫃,0.0,0.0,0.0,8503.0,0.0
00761B,國泰A級公司債,上櫃,0.0,0.0,0.0,11160.0,0.0
00764B,群益25年美債,上櫃,0.0,0.0,0.0,406635.0,0.0
00768B,復華20年美債,上櫃,0.0,0.0,0.0,226748.0,0.0
00772B,中信高評級公司債,上櫃,0.0,0.0,0.0,964541.0,0.0
00773B,中信優先金融債,上櫃,0.0,0.0,0.0,299101.0,0.0
00777B,凱基AAA至A公司債,上櫃,0.0,0.0,0.0,4000.0,0.0
00778B,凱基金融債20+,上櫃,0.0,0.0,0.0,0.0,0.0
00779B,凱基美債25+,上櫃,0.0,0.0,0.0,18000.0,0.0
00780B,國泰A級金融債,上櫃,0.0,0.0,0.0,7148.0,0.0
00781B,國泰A級科技債,上櫃,0.0,0.0,0.0,7000.0,0.0
00782B,國泰A級公用債,上櫃,0.0,0.0,0.0,4000.0,0.0
00785B,富邦金融投等債,上櫃,0.0,0.0,0.0,34.0,0.0
00786B,元大10年IG銀行債,上櫃,0.0,0.0,0.0,8750.0,0.0
00787B,元大10年IG醫療債,上櫃,0.0,0.0,0.0,-26699.0,0.0
00788B,元大10年IG電能債,上櫃,0.0,0.0,0.0,7702.0,0.0
00789B,復華公司債A3,上櫃,0.0,0.0,0.0,4960.0,0.0
00791B,復華信用債1-5,上櫃,0.0,0.0,0.0,0.0,0.0
00792B,群益A級公司債,上櫃,0.0,0.0,0.0,-1.0,0.0
00793B,群益AAA-A醫療債,上櫃,0.0,0.0,0.0,11000.0,0.0
00795B,中信美國公債20年,上櫃,0.0,0.0,0.0,3237882.0,0.0
00799B,國泰A級醫療債,上櫃,0.0,0.0,0.0,64942.0,0.0
00834B,第一金金融債10+,上櫃,0.0,0.0,0.0,0.0,0.0
00836B,永豐10年A公司債,上櫃,0.0,0.0,0.0,-10000.0,0.0
00840B,凱基IG精選15+,上櫃,0.0,0.0,0.0,0.0,0.0
00841B,凱基AAA-AA公司債,上櫃,0.0,0.0,0.0,0.0,0.0
00842B,台新美元銀行債,上櫃,0.0,0.0,0.0,-1000.0,0.0
00844B,新光15年IG金融債,上櫃,0.0,0.0,0.0,5000.0,0.0
00845B,富邦新興投等債,上櫃,0.0,0.0,0.0,-1000.0,0.0
00846B,富邦歐洲銀行債,上櫃,0.0,0.0,0.0,-2888.0,0.0
00847B,中信美國市政債,上櫃,0.0,0.0,0.0,-1000.0,0.0
00848B,中信新興亞洲債,上櫃,0.0,0.0,0.0,22.0,0.0
00849B,中信EM主權債0-5,上櫃,0.0,0.0,0.0,-2755.0,0.0
00853B,統一美債10年Aa-A,上櫃,0.0,0.0,0.0,11545.0,0.0
00856B,永豐1-3年美公債,上櫃,0.0,0.0,0.0,-461000.0,0.0
00857B,永豐20年美公債,上櫃,0.0,0.0,0.0,945920.0,0.0
00858,永豐美國500大,上櫃,0.0,0.0,0.0,-435992.0,0.0
00859B,群益0-1年美債,上櫃,0.0,0.0,0.0,-555455.0,0.0
00860B,群益1-5Y投資級債,上櫃,0.0,0.0,0.0,-6534.0,0.0
00862B,中信投資級公司債,上櫃,0.0,0.0,0.0,27088.0,0.0
00863B,中信全球電信債,上櫃,0.0,0.0,0.0,4000.0,0.0
00864B,中信美國公債0-1,上櫃,0.0,0.0,0.0,-44000.0,0.0
00867B,新光A-BBB電信債,上櫃,0.0,0.0,0.0,-100.0,0.0
00870B,元大15年EM主權債,上櫃,0.0,0.0,0.0,5000.0,0.0
00877,復華中國5G,上櫃,0.0,0.0,0.0,222665.0,0.0
00883B,中信ESG投資級債,上櫃,0.0,0.0,0.0,-104.0,0.0
00884B,中信低碳新興債,上櫃,0.0,0.0,0.0,-771.0,0.0
00886,永豐美國科技,上櫃,0.0,0.0,0.0,89.0,0.0
00887,永豐中國科技50大,上櫃,0.0,0.0,0.0,4687511.0,0.0
00888,永豐台灣ESG,上櫃,0.0,0.0,0.0,-154700.0,0.0
00890B,凱基ESG BBB債15+,上櫃,0.0,0.0,0.0,2000.0,0.0
00928,中信上櫃ESG 30,上櫃,0.0,0.0,0.0,-8061.0,0.0
00931B,統一美債20年,上櫃,0.0,0.0,0.0,1525838.0,0.0
00933B,國泰10Y+金融債,上櫃,0.0,0.0,0.0,4058296.0,0.0
00937B,群益ESG投等債20+,上櫃,0.0,0.0,0.0,19463691.0,0.0
00942B,台新美A公司債20+,上櫃,0.0,0.0,0.0,592065.0,0.0
00948B,中信優息投資級債,上櫃,0.0,0.0,0.0,2656267.0,0.0
00950B,凱基A級公司債,上櫃,0.0,0.0,0.0,8925061.0,0.0
00955,中信日本商社,上櫃,0.0,0.0,0.0,-5318507.0,0.0
00957B,兆豐US優選投等債,上櫃,0.0,0.0,0.0,-276001.0,0.0
00958B,永豐ESG銀行債15+,上櫃,0.0,0.0,0.0,620078.0,0.0
00959B,大華投等美債15Y+,上櫃,0.0,0.0,0.0,575741.0,0.0
00966B,統一ESG投等債15+,上櫃,0.0,0.0,0.0,80696.0,0.0
00967B,元大優息美債,上櫃,0.0,0.0,0.0,-280473.0,0.0
00968B,元大優息投等債,上櫃,0.0,0.0,0.0,-770342.0,0.0
00969B,元大零息超長美債,上櫃,0.0,0.0,0.0,249882.0,0.0
00970B,新光BBB投等債20+,上櫃,0.0,0.0,0.0,148728.0,0.0
009806,台新標普500,上櫃,0.0,0.0,0.0,-63663.0,0.0
009807,台新標普科技精選,上櫃,0.0,0.0,0.0,20673.0,0.0
00980B,台新特選IG債10+,上櫃,0.0,0.0,0.0,19672.0,0.0
00980D,主動聯博投等入息,上櫃,0.0,0.0,0.0,-397041.0,0.0
00980T,平衡凱基美國TOP,上櫃,0.0,0.0,0.0,-57884.0,0.0
00981B,第一金優選非投債,上櫃,0.0,0.0,0.0,-10854358.0,0.0
00981D,主動中信非投等債,上櫃,0.0,0.0,0.0,-2846599.0,0.0
00982B,FT投資級債20+,上櫃,0.0,0.0,0.0,4710.0,0.0
00983B,大華優利美公債20,上櫃,0.0,0.0,0.0,-3100.0,0.0
00984B,大華優利美A債15,上櫃,0.0,0.0,0.0,-201488.0,0.0
00986B,FT金融債10+,上櫃,0.0,0.0,0.0,29000.0,0.0
020025,統一亞洲半導體N,上櫃,0.0,0.0,0.0,118000.0,0.0
020027,元大上櫃ESG成長N,上櫃,0.0,0.0,0.0,1000.0,0.0
020033,統一恒生科期N,上櫃,0.0,0.0,0.0,-10000.0,0.0
020035,元大上櫃ESG高息N,上櫃,0.0,0.0,0.0,-1000.0,0.0
1240,茂生農經,上櫃,0.0,0.0,0.0,-1000.0,46443992.0
1264,德麥,上櫃,0.0,0.0,0.0,3000.0,37052367.0
1268,漢來美食,上櫃,0.0,0.0,0.0,-1000.0,42223730.0
1294,漢田生技,上櫃,0.0,0.0,0.0,-1000.0,36625875.0
1295,生合,上櫃,0.0,0.0,0.0,29000.0,37599800.0
1336,台翰,上櫃,0.0,0.0,0.0,-33000.0,77614419.0
1565,精華,上櫃,0.0,0.0,0.0,8792.0,50416516.0
1569,濱川,上櫃,0.0,0.0,0.0,-162434.0,144247441.0
1570,力肯,上櫃,0.0,0.0,0.0,-4000.0,51500839.0
1580,新麥,上櫃,0.0,0.0,0.0,-1000.0,49339242.0
1584,精剛,上櫃,0.0,0.0,0.0,110998.0,232470533.0
1586,和勤,上櫃,0.0,0.0,0.0,74436.0,129500467.0
1591,駿吉-KY,上櫃,0.0,0.0,0.0,20993.0,38048047.0
1593,祺驊,上櫃,0.0,0.0,0.0,1000.0,39784772.0
1595,川寶,上櫃,0.0,0.0,0.0,-16868.0,57554896.0
1599,宏佳騰,上櫃,0.0,0.0,0.0,-1000.0,73028764.0
1742,台蠟,上櫃,0.0,0.0,0.0,0.0,92671300.0
1777,生泰,上櫃,0.0,0.0,0.0,-1020.0,44591713.0
1781,合世,上櫃,0.0,0.0,0.0,995.0,47407605.0
1784,訊聯,上櫃,0.0,0.0,0.0,-21377.0,53121191.0
1785,光洋科,上櫃,0.0,0.0,0.0,-1768435.0,595950743.0
1799,易威,上櫃,0.0,0.0,0.0,5028.0,248775894.0
1815,富喬,上櫃,0.0,0.0,0.0,-1244601.0,585459487.0
2061,風青,上櫃,0.0,0.0,0.0,-11000.0,57378052.0
2063,世鎧,上櫃,0.0,0.0,0.0,1000.0,48101453.0
2064,晉椿,上櫃,0.0,0.0,0.0,-1000.0,69330000.0
2065,世豐,上櫃,0.0,0.0,0.0,2861.0,63516707.0
2066,世德,上櫃,0.0,0.0,0.0,2000.0,44449527.0
2067,嘉鋼,上櫃,0.0,0.0,0.0,-4000.0,33858177.0
2070,精湛,上櫃,0.0,0.0,0.0,-6000.0,41782800.0
2230,泰茂,上櫃,0.0,0.0,0.0,-31797.0,68029605.0
2596,綠意,上櫃,0.0,0.0,0.0,32000.0,100000000.0
2640,大車隊,上櫃,0.0,0.0,0.0,1000.0,59264956.0
2641,正德,上櫃,0.0,0.0,0.0,-2612186.0,330333744.0
2643,捷迅,上櫃,0.0,0.0,0.0,0.0,35000000.0
2718,全心投控,上櫃,0.0,0.0,0.0,-3261.0,87576000.0
2729,瓦城,上櫃,0.0,0.0,0.0,-4000.0,43040783.0
2732,六角,上櫃,0.0,0.0,0.0,1000.0,46518570.0
2734,易飛網,上櫃,0.0,0.0,0.0,24000.0,57259760.0
2736,富野,上櫃,0.0,0.0,0.0,-3000.0,79972230.0
2740,天蔥,上櫃,0.0,0.0,0.0,0.0,16762016.0
2743,山富,上櫃,0.0,0.0,0.0,12577.0,46815210.0
2745,五福,上櫃,0.0,0.0,0.0,-7219.0,33808526.0
2751,王座,上櫃,0.0,0.0,0.0,-2000.0,19811250.0
2752,豆府,上櫃,0.0,0.0,0.0,2000.0,26693861.0
2754,亞洲藏壽司,上櫃,0.0,0.0,0.0,3000.0,46907000.0
2755,揚秦,上櫃,0.0,0.0,0.0,2000.0,46792491.0
2756,聯發國際,上櫃,0.0,0.0,0.0,7993.0,24597584.0
2916,滿心,上櫃,0.0,0.0,0.0,0.0,64626878.0
2926,誠品生活,上櫃,0.0,0.0,0.0,-1000.0,47389650.0
2949,欣新網,上櫃,0.0,0.0,0.0,-1000.0,30641100.0
3066,李洲,上櫃,0.0,0.0,0.0,1000.0,83070612.0
3071,協禧,上櫃,0.0,0.0,0.0,165492.0,110000000.0
3073,天方能源,上櫃,0.0,0.0,0.0,-35000.0,39511028.0
3078,僑威,上櫃,0.0,0.0,0.0,86602.0,227391064.0
3081,聯亞,上櫃,0.0,0.0,0.0,221436.0,101869004.0
3083,網龍,上櫃,0.0,0.0,0.0,-3000.0,86486858.0
3086,華義,上櫃,0.0,0.0,0.0,-31286.0,272710510.0
3088,艾訊,上櫃,0.0,0.0,0.0,-40821.0,113011197.0
3093,港建*,上櫃,0.0,0.0,0.0,24000.0,145155576.0
3105,穩懋,上櫃,0.0,0.0,0.0,970808.0,423940384.0
3114,好德,上櫃,0.0,0.0,0.0,0.0,67722584.0
3118,進階,上櫃,0.0,0.0,0.0,-1000.0,32452860.0
3122,笙泉,上櫃,0.0,0.0,0.0,-179.0,40771918.0
3128,昇銳,上櫃,0.0,0.0,0.0,-135000.0,50156538.0
3131,弘塑,上櫃,0.0,0.0,0.0,-102608.0,29258927.0
3141,晶宏,上櫃,0.0,0.0,0.0,-15915.0,75460728.0
3147,大綜,上櫃,0.0,0.0,0.0,-1004.0,43686831.0
3152,璟德,上櫃,0.0,0.0,0.0,-244412.0,39016200.0
3158,嘉實,上櫃,0.0,0.0,0.0,1000.0,30665925.0
3162,精確,上櫃,0.0,0.0,0.0,25365.0,154153162.0
3163,波若威,上櫃,0.0,0.0,0.0,112924.0,94635370.0
3169,亞信,上櫃,0.0,0.0,0.0,-70097.0,63306981.0
3171,炎洲流通,上櫃,0.0,0.0,0.0,-4000.0,33118158.0
3176,基亞,上櫃,0.0,0.0,0.0,6000.0,139306755.0
3178,公準,上櫃,0.0,0.0,0.0,-133000.0,45050000.0
3188,鑫龍騰,上櫃,0.0,0.0,0.0,138000.0,189087767.0
3205,佰研,上櫃,0.0,0.0,0.0,14000.0,67545631.0
3206,志豐,上櫃,0.0,0.0,0.0,-6000.0,58916621.0
3207,耀勝,上櫃,0.0,0.0,0.0,-62401.0,66422124.0
3211,順達,上櫃,0.0,0.0,0.0,769809.0,154387021.0
3213,茂訊,上櫃,0.0,0.0,0.0,-17338.0,58685547.0
3217,優群,上櫃,0.0,0.0,0.0,-132582.0,90104203.0
3218,大學光,上櫃,0.0,0.0,0.0,7322.0,84724899.0
3219,倚強科,上櫃,0.0,0.0,0.0,1212.0,71780880.0
3221,台嘉碩,上櫃,0.0,0.0,0.0,10000.0,104989210.0
3224,三顧,上櫃,0.0,0.0,0.0,-4000.0,78172648.0
3226,龍鋒,上櫃,0.0,0.0,0.0,1000.0,64430573.0
3227,原相,上櫃,0.0,0.0,0.0,-84802.0,151912842.0
3228,金麗科,上櫃,0.0,0.0,0.0,-18181.0,71937495.0
3230,錦明,上櫃,0.0,0.0,0.0,-33163.0,86010900.0
3232,昱捷,上櫃,0.0,0.0,0.0,-3000.0,46567865.0
3234,光環,上櫃,0.0,0.0,0.0,-117000.0,111474692.0
3236,千如,上櫃,0.0,0.0,0.0,3387030.0,105000613.0
3252,海灣,上櫃,0.0,0.0,0.0,7.0,50195754.0
3260,威剛,上櫃,0.0,0.0,0.0,-796588.0,336463418.0
3264,欣銓,上櫃,0.0,0.0,0.0,-1490750.0,490170076.0
3265,台星科,上櫃,0.0,0.0,0.0,-2393.0,136261659.0
3268,海德威,上櫃,0.0,0.0,0.0,-1.0,34720796.0
3272,東碩,上櫃,0.0,0.0,0.0,1000.0,61176789.0
3276,宇環,上櫃,0.0,0.0,0.0,-41000.0,69712666.0
3284,太普高,上櫃,0.0,0.0,0.0,-74953.0,108482473.0
3285,微端,上櫃,0.0,0.0,0.0,-999.0,42735324.0
3287,廣寰科,上櫃,0.0,0.0,0.0,-2000.0,43970483.0
3289,宜特,上櫃,0.0,0.0,0.0,55233.0,86746371.0
3290,東浦,上櫃,0.0,0.0,0.0,-177502.0,90215034.0
3293,鈊象,上櫃,0.0,0.0,0.0,36622.0,281801560.0
3294,英濟,上櫃,0.0,0.0,0.0,-133160.0,132015919.0
3297,杭特,上櫃,0.0,0.0,0.0,-226.0,36049445.0
3303,岱稜,上櫃,0.0,0.0,0.0,-6053.0,94790607.0
3306,鼎天,上櫃,0.0,0.0,0.0,-60124.0,50607702.0
3310,佳穎,上櫃,0.0,0.0,0.0,-3000.0,74948402.0
3313,斐成,上櫃,0.0,0.0,0.0,82549.0,221133831.0
3317,尼克森,上櫃,0.0,0.0,0.0,18939.0,90000000.0
3322,建舜電,上櫃,0.0,0.0,0.0,-264000.0,137582157.0
3323,加百裕,上櫃,0.0,0.0,0.0,153393.0,99593385.0
3324,雙鴻,上櫃,0.0,0.0,0.0,35947.0,93076837.0
3325,旭品,上櫃,0.0,0.0,0.0,-38000.0,110168610.0
3332,幸康,上櫃,0.0,0.0,0.0,-12000.0,48104246.0
3339,泰谷,上櫃,0.0,0.0,0.0,-56000.0,66568300.0
3349,寶德,上櫃,0.0,0.0,0.0,-193015.0,47821648.0
3354,律勝,上櫃,0.0,0.0,0.0,155975.0,70112426.0
3357,臺慶科,上櫃,0.0,0.0,0.0,-114466.0,116385739.0
3360,尚立,上櫃,0.0,0.0,0.0,7000.0,76402244.0
3362,先進光,上櫃,0.0,0.0,0.0,-56463.0,147445475.0
3363,上詮,上櫃,0.0,0.0,0.0,-146000.0,113640567.0
3372,典範,上櫃,0.0,0.0,0.0,-251707.0,235324000.0
3373,熱映,上櫃,0.0,0.0,0.0,-6000.0,47618782.0
3374,精材,上櫃,0.0,0.0,0.0,-91244.0,271364316.0
3379,彬台,上櫃,0.0,0.0,0.0,-14588.0,38041748.0
3388,崇越電,上櫃,0.0,0.0,0.0,-10000.0,81599825.0
3390,旭軟,上櫃,0.0,0.0,0.0,1000.0,79329659.0
3402,漢科,上櫃,0.0,0.0,0.0,-172869.0,73047692.0
3430,奇鈦科,上櫃,0.0,0.0,0.0,42688.0,33716085.0
3434,哲固,上櫃,0.0,0.0,0.0,-28000.0,35754740.0
3438,類比科,上櫃,0.0,0.0,0.0,8000.0,47165815.0
3441,聯一光,上櫃,0.0,0.0,0.0,29000.0,40039920.0
3444,利機,上櫃,0.0,0.0,0.0,-237274.0,44996877.0
3455,由田,上櫃,0.0,0.0,0.0,-1048.0,59850750.0
3466,德晉,上櫃,0.0,0.0,0.0,-5000.0,77892073.0
3467,台灣精材,上櫃,0.0,0.0,0.0,-70000.0,31556569.0
3479,安勤,上櫃,0.0,0.0,0.0,-79122.0,72630164.0
3483,力致,上櫃,0.0,0.0,0.0,-2463.0,99049257.0
3484,崧騰,上櫃,0.0,0.0,0.0,-32472.0,78828189.0
3489,森寶,上櫃,0.0,0.0,0.0,0.0,90452155.0
3490,單井,上櫃,0.0,0.0,0.0,35000.0,55006435.0
3491,昇達科,上櫃,0.0,0.0,0.0,-9036.0,68805125.0
3492,長盛,上櫃,0.0,0.0,0.0,-17000.0,35531600.0
3498,陽程,上櫃,0.0,0.0,0.0,-97186.0,61273008.0
3499,環天科,上櫃,0.0,0.0,0.0,14008.0,54970596.0
3508,位速,上櫃,0.0,0.0,0.0,-15000.0,108866737.0
3511,矽瑪,上櫃,0.0,0.0,0.0,-25029.0,79972945.0
3512,皇龍,上櫃,0.0,0.0,0.0,9000.0,113072372.0
3520,華盈,上櫃,0.0,0.0,0.0,4000.0,83846778.0
3521,鴻翊,上櫃,0.0,0.0,0.0,32994.0,185765552.0
3522,御嵿,上櫃,0.0,0.0,0.0,-14001.0,104096209.0
3526,凡甲,上櫃,0.0,0.0,0.0,3307.0,66839477.0
3527,聚積,上櫃,0.0,0.0,0.0,86000.0,44445125.0
3529,力旺,上櫃,0.0,0.0,0.0,-96362.0,74686492.0
3537,堡達,上櫃,0.0,0.0,0.0,-88000.0,56242979.0
3540,曜越,上櫃,0.0,0.0,0.0,-32000.0,84458548.0
3541,西柏,上櫃,0.0,0.0,0.0,1000.0,56349142.0
3546,宇峻,上櫃,0.0,0.0,0.0,-62860.0,61348690.0
3548,兆利,上櫃,0.0,0.0,0.0,-142228.0,68244175.0
3551,世禾,上櫃,0.0,0.0,0.0,237894.0,62274890.0
3552,同致,上櫃,0.0,0.0,0.0,-16988.0,97918334.0
3555,博士旺,上櫃,0.0,0.0,0.0,-90000.0,39998797.0
3556,禾瑞亞,上櫃,0.0,0.0,0.0,0.0,63702844.0
3558,神準,上櫃,0.0,0.0,0.0,-52777.0,59060881.0
3564,其陽,上櫃,0.0,0.0,0.0,-29291.0,59123100.0
3570,大塚,上櫃,0.0,0.0,0.0,-2000.0,17097000.0
3577,泓格,上櫃,0.0,0.0,0.0,-16817.0,63965653.0
3580,友威科,上櫃,0.0,0.0,0.0,-55237.0,39470657.0
3581,博磊,上櫃,0.0,0.0,0.0,-616325.0,51006000.0
3587,閎康,上櫃,0.0,0.0,0.0,-43141.0,69369988.0
3594,磐儀,上櫃,0.0,0.0,0.0,-45414.0,95948358.0
3597,映興,上櫃,0.0,0.0,0.0,-1000.0,39236440.0
3609,三一東林,上櫃,0.0,0.0,0.0,-12000.0,38419387.0
3611,鼎翰,上櫃,0.0,0.0,0.0,-1000.0,47554634.0
3615,安可,上櫃,0.0,0.0,0.0,-90000.0,68466976.0
3623,富晶通,上櫃,0.0,0.0,0.0,38.0,29185946.0
3624,光頡,上櫃,0.0,0.0,0.0,-862089.0,117340842.0
3625,西勝,上櫃,0.0,0.0,0.0,55720.0,58100000.0
3628,盈正,上櫃,0.0,0.0,0.0,87586.0,45000000.0
3630,新鉅科,上櫃,0.0,0.0,0.0,-278948.0,204191848.0
3631,晟楠,上櫃,0.0,0.0,0.0,1000.0,81820909.0
3646,艾恩特,上櫃,0.0,0.0,0.0,-4000.0,39297371.0
3663,鑫科,上櫃,0.0,0.0,0.0,-89756.0,108494074.0
3664,安瑞-KY,上櫃,0.0,0.0,0.0,-723.0,75945377.0
3666,光耀,上櫃,0.0,0.0,0.0,-11000.0,138949850.0
3672,康聯訊,上櫃,0.0,0.0,0.0,-8000.0,40790375.0
3675,德微,上櫃,0.0,0.0,0.0,-11448.0,53057923.0
3680,家登,上櫃,0.0,0.0,0.0,-251892.0,96211690.0
3684,榮昌,上櫃,0.0,0.0,0.0,-17000.0,30304737.0
3685,元創精密,上櫃,0.0,0.0,0.0,-47000.0,79574000.0
3687,歐買尬,上櫃,0.0,0.0,0.0,38000.0,30124059.0
3689,湧德,上櫃,0.0,0.0,0.0,-259853.0,89390991.0
3691,碩禾,上櫃,0.0,0.0,0.0,26554.0,91883420.0
3693,營邦,上櫃,0.0,0.0,0.0,-38785.0,42990694.0
3707,漢磊,上櫃,0.0,0.0,0.0,-4562464.0,400484353.0
3709,鑫聯大投控,上櫃,0.0,0.0,0.0,-42280.0,145569450.0
3710,連展投控,上櫃,0.0,0.0,0.0,8000.0,177086787.0
3713,新晶投控,上櫃,0.0,0.0,0.0,-27000.0,88099380.0
4102,永日,上櫃,0.0,0.0,0.0,-11000.0,42373443.0
4105,東洋,上櫃,0.0,0.0,0.0,176674.0,248649959.0
4107,邦特,上櫃,0.0,0.0,0.0,-7115.0,69298336.0
4109,加捷生醫,上櫃,0.0,0.0,0.0,8910.0,118736681.0
4111,濟生,上櫃,0.0,0.0,0.0,5000.0,59832135.0
4113,聯上,上櫃,0.0,0.0,0.0,35000.0,231138137.0
4114,健喬,上櫃,0.0,0.0,0.0,-13247.0,550429688.0
4116,明基醫,上櫃,0.0,0.0,0.0,-2000.0,44566000.0
4120,友華,上櫃,0.0,0.0,0.0,-10000.0,86747119.0
4121,優盛,上櫃,0.0,0.0,0.0,60000.0,83111045.0
4123,晟德,上櫃,0.0,0.0,0.0,216589.0,807456341.0
4126,太醫,上櫃,0.0,0.0,0.0,-1000.0,72600000.0
4127,天良,上櫃,0.0,0.0,0.0,-1000.0,45760000.0
4128,中天,上櫃,0.0,0.0,0.0,18295.0,588170597.0
4129,聯合,上櫃,0.0,0.0,0.0,-11268.0,96437650.0
4130,健亞,上櫃,0.0,0.0,0.0,48000.0,0.0
4131,浩泰,上櫃,0.0,0.0,0.0,1000.0,39857000.0
4138,曜亞,上櫃,0.0,0.0,0.0,-2000.0,39930000.0
4147,中裕,上櫃,0.0,0.0,0.0,-219407.0,273202425.0
4153,鈺緯,上櫃,0.0,0.0,0.0,-827.0,58668197.0
4157,太景*-KY,上櫃,0.0,0.0,0.0,-710020.0,711833575.0
4160,訊聯基因,上櫃,0.0,0.0,0.0,-2000.0,26690334.0
4161,聿新科,上櫃,0.0,0.0,0.0,-2000.0,59798204.0
4162,智擎,上櫃,0.0,0.0,0.0,325862.0,143677640.0
4163,鐿鈦,上櫃,0.0,0.0,0.0,-2000.0,50675143.0
4166,友霖,上櫃,0.0,0.0,0.0,5000.0,243035089.0
4167,松瑞藥,上櫃,0.0,0.0,0.0,-173000.0,331554307.0
4168,醣聯,上櫃,0.0,0.0,0.0,-116940.0,112521318.0
4171,瑞基,上櫃,0.0,0.0,0.0,1009.0,58057469.0
4173,久裕,上櫃,0.0,0.0,0.0,-44000.0,74574355.0
4174,浩鼎,上櫃,0.0,0.0,0.0,20662.0,131579687.0
4175,杏一,上櫃,0.0,0.0,0.0,-4000.0,42323307.0
4207,環泰,上櫃,0.0,0.0,0.0,10000.0,188611108.0
4303,信立,上櫃,0.0,0.0,0.0,59605.0,132447444.0
4401,東隆興,上櫃,0.0,0.0,0.0,3000.0,122692012.0
4413,飛寶企業,上櫃,0.0,0.0,0.0,-1000.0,31314689.0
4416,三圓,上櫃,0.0,0.0,0.0,-1000.0,73586213.0
4417,金洲,上櫃,0.0,0.0,0.0,6910.0,83971399.0
4420,光明,上櫃,0.0,0.0,0.0,5890.0,40455000.0
4432,銘旺實,上櫃,0.0,0.0,0.0,-2000.0,50589000.0
4433,興采,上櫃,0.0,0.0,0.0,13000.0,61299774.0
4442,竣邦-KY,上櫃,0.0,0.0,0.0,-2000.0,32883649.0
4502,健信,上櫃,0.0,0.0,0.0,1000.0,57469686.0
4503,金雨,上櫃,0.0,0.0,0.0,-30350.0,78313326.0
4506,崇友,上櫃,0.0,0.0,0.0,7999.0,177012000.0
4510,高鋒,上櫃,0.0,0.0,0.0,115992.0,108977724.0
4513,福裕,上櫃,0.0,0.0,0.0,-47000.0,143761921.0
4523,永彰,上櫃,0.0,0.0,0.0,36059.0,64949000.0
4527,方土霖,上櫃,0.0,0.0,0.0,1000.0,68537133.0
4528,江興鍛,上櫃,0.0,0.0,0.0,-1000.0,84165695.0
4533,協易機,上櫃,0.0,0.0,0.0,-32582.0,178434110.0
4534,慶騰,上櫃,0.0,0.0,0.0,-39547.0,86788948.0
4535,至興,上櫃,0.0,0.0,0.0,-2000.0,75661740.0
4538,大詠城,上櫃,0.0,0.0,0.0,-4000.0,59469604.0
4541,晟田,上櫃,0.0,0.0,0.0,-20705.0,67647068.0
4542,科嶠,上櫃,0.0,0.0,0.0,16000.0,35254258.0
4543,萬在,上櫃,0.0,0.0,0.0,4999.0,62760915.0
4549,桓達,上櫃,0.0,0.0,0.0,10694.0,57002445.0
4550,長佳,上櫃,0.0,0.0,0.0,-1000.0,37838783.0
4554,橙的,上櫃,0.0,0.0,0.0,-1000.0,30276584.0
4558,寶緯,上櫃,0.0,0.0,0.0,-1326.0,50000000.0
4561,健椿,上櫃,0.0,0.0,0.0,-5000.0,58521619.0
4563,百德,上櫃,0.0,0.0,0.0,9823.0,54950000.0
4577,達航科技,上櫃,0.0,0.0,0.0,-203021.0,49137998.0
4580,捷流閥業,上櫃,0.0,0.0,0.0,-4000.0,46803109.0
4706,大恭,上櫃,0.0,0.0,0.0,6000.0,79030093.0
4707,磐亞,上櫃,0.0,0.0,0.0,44000.0,413808151.0
4711,永純,上櫃,0.0,0.0,0.0,538.0,61056000.0
4714,永捷,上櫃,0.0,0.0,0.0,47496.0,221838188.0
4716,大立,上櫃,0.0,0.0,0.0,-62000.0,94427191.0
4721,美琪瑪,上櫃,0.0,0.0,0.0,1014.0,74986304.0
4726,永昕,上櫃,0.0,0.0,0.0,-52879.0,207041800.0
4729,熒茂,上櫃,0.0,0.0,0.0,18000.0,79226741.0
4735,豪展,上櫃,0.0,0.0,0.0,-6.0,41568758.0
4741,泓瀚,上櫃,0.0,0.0,0.0,-11981.0,34812079.0
4743,合一,上櫃,0.0,0.0,0.0,158560.0,480533486.0
4744,皇將,上櫃,0.0,0.0,0.0,-31000.0,56948450.0
4745,合富-KY,上櫃,0.0,0.0,0.0,41000.0,66220547.0
4747,強生,上櫃,0.0,0.0,0.0,1000.0,90922064.0
4749,新應材,上櫃,0.0,0.0,0.0,-4733.0,94732865.0
4760,勤凱,上櫃,0.0,0.0,0.0,14140.0,32778289.0
4768,晶呈科技,上櫃,0.0,0.0,0.0,-41722.0,48200288.0
4772,台特化,上櫃,0.0,0.0,0.0,-10971.0,147681552.0
4903,聯光通,上櫃,0.0,0.0,0.0,-274059.0,105343714.0
4907,富宇,上櫃,0.0,0.0,0.0,3000.0,118145778.0
4908,前鼎,上櫃,0.0,0.0,0.0,-46171.0,78216907.0
4909,新復興,上櫃,0.0,0.0,0.0,-625823.0,93356864.0
4911,德英,上櫃,0.0,0.0,0.0,3000.0,68817133.0
4923,力士,上櫃,0.0,0.0,0.0,4000.0,36940360.0
4924,欣厚-KY,上櫃,0.0,0.0,0.0,0.0,37164409.0
4931,新盛力,上櫃,0.0,0.0,0.0,149323.0,65565761.0
4933,友輝,上櫃,0.0,0.0,0.0,-28946.0,82662675.0
4939,亞電,上櫃,0.0,0.0,0.0,-186259.0,98200868.0
4946,辣椒,上櫃,0.0,0.0,0.0,-9000.0,8852816.0
4951,精拓科,上櫃,0.0,0.0,0.0,2000.0,34148713.0
4953,緯軟,上櫃,0.0,0.0,0.0,48000.0,74326386.0
4966,譜瑞-KY,上櫃,0.0,0.0,0.0,-48440.0,78957788.0
4971,IET-KY,上櫃,0.0,0.0,0.0,-146138.0,47185743.0
4972,湯石照明,上櫃,0.0,0.0,0.0,-1000.0,56888587.0
4973,廣穎,上櫃,0.0,0.0,0.0,-155253.0,65292843.0
4974,亞泰,上櫃,0.0,0.0,0.0,-42111.0,72500104.0
4979,華星光,上櫃,0.0,0.0,0.0,73232.0,142802027.0
4991,環宇-KY,上櫃,0.0,0.0,0.0,-109200.0,121363372.0
4995,晶達,上櫃,0.0,0.0,0.0,-23.0,42592036.0
5009,榮剛,上櫃,0.0,0.0,0.0,-480236.0,602471197.0
5011,久陽,上櫃,0.0,0.0,0.0,-1000.0,100673922.0
5013,強新,上櫃,0.0,0.0,0.0,-27000.0,133416000.0
5014,建錩,上櫃,0.0,0.0,0.0,3000.0,183265054.0
5015,華祺,上櫃,0.0,0.0,0.0,-4000.0,60639189.0
5201,凱衛,上櫃,0.0,0.0,0.0,64000.0,38674600.0
5202,力新,上櫃,0.0,0.0,0.0,-13000.0,89094000.0
5206,坤悅,上櫃,0.0,0.0,0.0,0.0,180093375.0
5209,新鼎,上櫃,0.0,0.0,0.0,-1055.0,28567224.0
5210,寶碩,上櫃,0.0,0.0,0.0,-6098.0,82177779.0
5212,凌網,上櫃,0.0,0.0,0.0,-1000.0,34633000.0
5213,亞昕,上櫃,0.0,0.0,0.0,61000.0,721334326.0
5220,萬達光電,上櫃,0.0,0.0,0.0,-1000.0,39667000.0
5223,安力-KY,上櫃,0.0,0.0,0.0,-2000.0,44549781.0
5227,立凱-KY,上櫃,0.0,0.0,0.0,17715.0,96000000.0
5228,鈺鎧,上櫃,0.0,0.0,0.0,-7000.0,38056253.0
5230,雷笛克光學,上櫃,0.0,0.0,0.0,4986.0,56303831.0
5236,凌陽創新,上櫃,0.0,0.0,0.0,-52884.0,0.0
5245,智晶,上櫃,0.0,0.0,0.0,7841.0,45127141.0
5251,天鉞電,上櫃,0.0,0.0,0.0,8619.0,33733377.0
5263,智崴,上櫃,0.0,0.0,0.0,0.0,78936891.0
5272,笙科,上櫃,0.0,0.0,0.0,-1007.0,55276118.0
5274,信驊,上櫃,0.0,0.0,0.0,95761.0,41582953.0
5278,尚凡*,上櫃,0.0,0.0,0.0,-21879.0,300000000.0
5287,數字,上櫃,0.0,0.0,0.0,-8000.0,60310050.0
5289,宜鼎,上櫃,0.0,0.0,0.0,-457864.0,98289931.0
5291,邑昇,上櫃,0.0,0.0,0.0,3000.0,41890606.0
5299,杰力,上櫃,0.0,0.0,0.0,-8000.0,50888981.0
5301,寶得利,上櫃,0.0,0.0,0.0,1000.0,53928846.0
5302,太欣,上櫃,0.0,0.0,0.0,11000.0,159888349.0
5309,系統電,上櫃,0.0,0.0,0.0,-1914266.0,230967451.0
5310,天剛,上櫃,0.0,0.0,0.0,-1000.0,28943517.0
5312,寶島科,上櫃,0.0,0.0,0.0,9000.0,60059898.0
5314,世紀*,上櫃,0.0,0.0,0.0,254363.0,292000000.0
5315,光聯,上櫃,0.0,0.0,0.0,-129000.0,106351832.0
5321,美而快,上櫃,0.0,0.0,0.0,-18928.0,59543149.0
5328,華容,上櫃,0.0,0.0,0.0,1530883.0,172710724.0
5340,建榮,上櫃,0.0,0.0,0.0,-67094.0,194893964.0
5344,立衛,上櫃,0.0,0.0,0.0,-3000.0,79447460.0
5345,馥鴻,上櫃,0.0,0.0,0.0,1000.0,37795000.0
5347,世界,上櫃,0.0,0.0,0.0,1784754.0,1878502192.0
5351,鈺創,上櫃,0.0,0.0,0.0,-2635980.0,328636781.0
5353,台林,上櫃,0.0,0.0,0.0,-88318.0,76500000.0
5355,佳總,上櫃,0.0,0.0,0.0,28189.0,77500000.0
5356,協益,上櫃,0.0,0.0,0.0,-13000.0,103040000.0
5371,中光電,上櫃,0.0,0.0,0.0,-286806.0,0.0
5381,合正,上櫃,0.0,0.0,0.0,-51069.0,207690562.0
5386,青雲,上櫃,0.0,0.0,0.0,47000.0,54121322.0
5392,能率,上櫃,0.0,0.0,0.0,149081.0,180093388.0
5398,慕康生醫,上櫃,0.0,0.0,0.0,12000.0,49465460.0
5403,中菲,上櫃,0.0,0.0,0.0,-2000.0,78120722.0
5410,國眾,上櫃,0.0,0.0,0.0,-8015.0,93368623.0
5425,台半,上櫃,0.0,0.0,0.0,-7881.0,263485486.0
5426,振發,上櫃,0.0,0.0,0.0,-44232.0,143800000.0
5432,新門,上櫃,0.0,0.0,0.0,-1001.0,20687804.0
5438,東友,上櫃,0.0,0.0,0.0,-89208.0,112536565.0
5439,高技,上櫃,0.0,0.0,0.0,-174523.0,92975752.0
5443,均豪,上櫃,0.0,0.0,0.0,-18253.0,164746644.0
5450,南良,上櫃,0.0,0.0,0.0,-21005.0,122403239.0
5452,佶優,上櫃,0.0,0.0,0.0,-141000.0,148763669.0
5455,昇益,上櫃,0.0,0.0,0.0,-1000.0,65501813.0
5457,宣德,上櫃,0.0,0.0,0.0,8814.0,196237000.0
5460,同協,上櫃,0.0,0.0,0.0,-2000.0,58778130.0
5464,霖宏,上櫃,0.0,0.0,0.0,0.0,71071490.0
5465,富驊,上櫃,0.0,0.0,0.0,-84057.0,147682629.0
5468,凱鈺,上櫃,0.0,0.0,0.0,-17000.0,58922909.0
5474,聰泰,上櫃,0.0,0.0,0.0,-23506.0,39756944.0
5475,德宏,上櫃,0.0,0.0,0.0,85000.0,127127017.0
5478,智冠,上櫃,0.0,0.0,0.0,-6000.0,156074332.0
5481,新華,上櫃,0.0,0.0,0.0,-59000.0,71402891.0
5483,中美晶,上櫃,0.0,0.0,0.0,-680627.0,641221651.0
5487,通泰,上櫃,0.0,0.0,0.0,4000.0,24222516.0
5488,松普,上櫃,0.0,0.0,0.0,-12004.0,91586124.0
5489,彩富,上櫃,0.0,0.0,0.0,-6000.0,102706441.0
5490,同亨,上櫃,0.0,0.0,0.0,-31471.0,96152201.0
5493,三聯,上櫃,0.0,0.0,0.0,36080.0,43689255.0
5498,凱崴,上櫃,0.0,0.0,0.0,3370024.0,193548545.0
5508,永信建,上櫃,0.0,0.0,0.0,-1796153.0,217428133.0
5511,德昌,上櫃,0.0,0.0,0.0,-6000.0,136000000.0
5512,力麒,上櫃,0.0,0.0,0.0,147000.0,766312494.0
5523,豐謙,上櫃,0.0,0.0,0.0,-1000.0,155001464.0
5529,鉅陞,上櫃,0.0,0.0,0.0,-1000.0,105769350.0
5530,龍巖,上櫃,0.0,0.0,0.0,-62000.0,420084199.0
5536,聖暉*,上櫃,0.0,0.0,0.0,24590.0,124080930.0
5543,桓鼎-KY,上櫃,0.0,0.0,0.0,1000.0,46703593.0
5548,安倉,上櫃,0.0,0.0,0.0,0.0,63723065.0
5603,陸海,上櫃,0.0,0.0,0.0,-1000.0,104876607.0
5609,中菲行,上櫃,0.0,0.0,0.0,-29000.0,142884000.0
5701,劍湖山,上櫃,0.0,0.0,0.0,400.0,143000000.0
5864,致和證,上櫃,0.0,0.0,0.0,-73000.0,504490084.0
5903,全家,上櫃,0.0,0.0,0.0,6000.0,223220000.0
5904,寶雅,上櫃,0.0,0.0,0.0,-4000.0,1064438260.0
5905,南仁湖,上櫃,0.0,0.0,0.0,73048.0,281623235.0
6015,宏遠證,上櫃,0.0,0.0,0.0,4000.0,403614082.0
6016,康和證,上櫃,0.0,0.0,0.0,94000.0,772419946.0
6021,美好證,上櫃,0.0,0.0,0.0,0.0,312005974.0
6023,元大期,上櫃,0.0,0.0,0.0,19000.0,447972732.0
6026,福邦證,上櫃,0.0,0.0,0.0,-1000.0,396161841.0
6101,寬魚國際,上櫃,0.0,0.0,0.0,-1000.0,116601850.0
6104,創惟,上櫃,0.0,0.0,0.0,-414610.0,91127107.0
6109,亞元,上櫃,0.0,0.0,0.0,-14464.0,87825414.0
6111,大宇資,上櫃,0.0,0.0,0.0,69814.0,108511051.0
6113,亞矽,上櫃,0.0,0.0,0.0,-29480.0,52549455.0
6114,久威,上櫃,0.0,0.0,0.0,1000.0,43911937.0
6118,建達,上櫃,0.0,0.0,0.0,201847.0,90889573.0
6121,新普,上櫃,0.0,0.0,0.0,453316.0,184970519.0
6122,擎邦,上櫃,0.0,0.0,0.0,23050.0,78091632.0
6123,上奇,上櫃,0.0,0.0,0.0,1994.0,62089430.0
6125,廣運,上櫃,0.0,0.0,0.0,-211931.0,259011150.0
6126,信音,上櫃,0.0,0.0,0.0,-392988.0,130050754.0
6127,九豪,上櫃,0.0,0.0,0.0,-201677.0,108079751.0
6129,普誠,上櫃,0.0,0.0,0.0,-40004.0,160574120.0
6130,上亞科技,上櫃,0.0,0.0,0.0,78000.0,49300000.0
6134,萬旭,上櫃,0.0,0.0,0.0,115000.0,81882117.0
6138,茂達,上櫃,0.0,0.0,0.0,14450.0,75633500.0
6140,訊達,上櫃,0.0,0.0,0.0,-75000.0,54897760.0
6143,振曜,上櫃,0.0,0.0,0.0,68018.0,86058897.0
6144,得利影,上櫃,0.0,0.0,0.0,-1000.0,38273701.0
6146,耕興,上櫃,0.0,0.0,0.0,-118987.0,101867199.0
6147,頎邦,上櫃,0.0,0.0,0.0,-109550.0,744577539.0
6148,驊宏資,上櫃,0.0,0.0,0.0,-501005.0,46603757.0
6150,撼訊,上櫃,0.0,0.0,0.0,-20190.0,48345985.0
6151,晉倫,上櫃,0.0,0.0,0.0,-18000.0,55257300.0
6154,順發,上櫃,0.0,0.0,0.0,-2000.0,80080000.0
6156,松上,上櫃,0.0,0.0,0.0,-25000.0,107875010.0
6158,禾昌,上櫃,0.0,0.0,0.0,-2000.0,55028788.0
6160,欣技,上櫃,0.0,0.0,0.0,-8003.0,68489120.0
6161,捷波,上櫃,0.0,0.0,0.0,-13000.0,56237477.0
6163,華電網,上櫃,0.0,0.0,0.0,-263000.0,148838747.0
6167,久正,上櫃,0.0,0.0,0.0,-51000.0,143080000.0
6169,昱泉,上櫃,0.0,0.0,0.0,-2418.0,23394960.0
6170,統振,上櫃,0.0,0.0,0.0,16000.0,97260038.0
6173,信昌電,上櫃,0.0,0.0,0.0,39949.0,160928000.0
6174,安碁,上櫃,0.0,0.0,0.0,-1000.0,50000000.0
6175,立敦,上櫃,0.0,0.0,0.0,2948805.0,150121812.0
6179,亞通,上櫃,0.0,0.0,0.0,61723.0,177324650.0
6180,橘子,上櫃,0.0,0.0,0.0,16376.0,175493573.0
6182,合晶,上櫃,0.0,0.0,0.0,-107077.0,625305662.0
6185,幃翔,上櫃,0.0,0.0,0.0,-6000.0,149867531.0
6186,新潤,上櫃,0.0,0.0,0.0,-2000.0,194907598.0
6187,萬潤,上櫃,0.0,0.0,0.0,-161644.0,98262739.0
6188,廣明,上櫃,0.0,0.0,0.0,-74698.0,278358910.0
6190,萬泰科,上櫃,0.0,0.0,0.0,1020110.0,186522441.0
6194,育富,上櫃,0.0,0.0,0.0,0.0,48000000.0
6195,詩肯,上櫃,0.0,0.0,0.0,0.0,50192942.0
6199,天品,上櫃,0.0,0.0,0.0,86009.0,61760018.0
6203,海韻電,上櫃,0.0,0.0,0.0,-22210.0,82401370.0
6204,艾華,上櫃,0.0,0.0,0.0,-15000.0,23102080.0
6207,雷科,上櫃,0.0,0.0,0.0,1830.0,93066484.0
6208,日揚,上櫃,0.0,0.0,0.0,6021.0,94462343.0
6212,理銘,上櫃,0.0,0.0,0.0,-1000.0,102000000.0
6217,中探針,上櫃,0.0,0.0,0.0,-83121.0,117210018.0
6218,豪勉,上櫃,0.0,0.0,0.0,11000.0,64262000.0
6219,富旺,上櫃,0.0,0.0,0.0,99319.0,124967090.0
6220,岳豐,上櫃,0.0,0.0,0.0,-168000.0,146462640.0
6221,晉泰,上櫃,0.0,0.0,0.0,22000.0,168601206.0
6222,立軒,上櫃,0.0,0.0,0.0,-1000.0,95688878.0
6223,旺矽,上櫃,0.0,0.0,0.0,88812.0,97981309.0
6227,茂綸,上櫃,0.0,0.0,0.0,-6836.0,76111786.0
6229,研通,上櫃,0.0,0.0,0.0,-4009.0,40360700.0
6231,系微,上櫃,0.0,0.0,0.0,-9574.0,45652186.0
6233,旺玖,上櫃,0.0,0.0,0.0,4000.0,80971896.0
6234,高僑,上櫃,0.0,0.0,0.0,137334.0,100386398.0
6237,驊訊,上櫃,0.0,0.0,0.0,-9361.0,79645371.0
6240,松崗,上櫃,0.0,0.0,0.0,-1000.0,22867370.0
6244,茂迪,上櫃,0.0,0.0,0.0,895287.0,387041875.0
6245,立端,上櫃,0.0,0.0,0.0,-54104.0,146608303.0
6246,臺龍,上櫃,0.0,0.0,0.0,-4010.0,37851415.0
6248,沛波,上櫃,0.0,0.0,0.0,1984.0,99956149.0
6259,百徽,上櫃,0.0,0.0,0.0,0.0,28056146.0
6261,久元,上櫃,0.0,0.0,0.0,78000.0,128497989.0
6263,普萊德,上櫃,0.0,0.0,0.0,3000.0,62500964.0
6265,方土昶,上櫃,0.0,0.0,0.0,1563088.0,118172151.0
6266,泰詠,上櫃,0.0,0.0,0.0,63000.0,153871641.0
6270,倍微,上櫃,0.0,0.0,0.0,4000.0,72145759.0
6274,台燿,上櫃,0.0,0.0,0.0,-27326.0,299460093.0
6275,元山,上櫃,0.0,0.0,0.0,-54000.0,80344567.0
6276,安鈦克,上櫃,0.0,0.0,0.0,1000.0,22043000.0
6279,胡連,上櫃,0.0,0.0,0.0,-105793.0,119015736.0
6284,佳邦,上櫃,0.0,0.0,0.0,229877.0,148980341.0
6290,良維,上櫃,0.0,0.0,0.0,-771176.0,169652410.0
6291,沛亨,上櫃,0.0,0.0,0.0,-88432.0,42000000.0
6292,迅德,上櫃,0.0,0.0,0.0,-4000.0,46600712.0
6294,智基,上櫃,0.0,0.0,0.0,-1000.0,26047106.0
6411,晶焱,上櫃,0.0,0.0,0.0,4999.0,99508031.0
6417,韋僑,上櫃,0.0,0.0,0.0,-21000.0,42274000.0
6418,詠昇,上櫃,0.0,0.0,0.0,-3137.0,34522000.0
6419,京晨科,上櫃,0.0,0.0,0.0,-2000.0,13159170.0
6425,易發,上櫃,0.0,0.0,0.0,-159805.0,51382317.0
6432,今展科,上櫃,0.0,0.0,0.0,34000.0,38784067.0
6435,大中,上櫃,0.0,0.0,0.0,22.0,37461300.0
6441,廣錠,上櫃,0.0,0.0,0.0,-1000.0,53318429.0
6461,益得,上櫃,0.0,0.0,0.0,1000.0,110324527.0
6462,神盾,上櫃,0.0,0.0,0.0,-250276.0,91250754.0
6465,威潤,上櫃,0.0,0.0,0.0,1252.0,59073685.0
6469,大樹,上櫃,0.0,0.0,0.0,43998.0,159085152.0
6470,宇智,上櫃,0.0,0.0,0.0,-16045.0,37694100.0
6482,弘煜科,上櫃,0.0,0.0,0.0,52.0,28634463.0
6485,點序,上櫃,0.0,0.0,0.0,62955.0,47366493.0
6486,互動,上櫃,0.0,0.0,0.0,-26000.0,50893286.0
6488,環球晶,上櫃,0.0,0.0,0.0,-1227411.0,478113725.0
6492,生華科,上櫃,0.0,0.0,0.0,-16046.0,114903620.0
6494,九齊,上櫃,0.0,0.0,0.0,-8000.0,31559690.0
6496,科懋,上櫃,0.0,0.0,0.0,-2000.0,47290220.0
6498,久禾光,上櫃,0.0,0.0,0.0,2000.0,47475892.0
6499,益安,上櫃,0.0,0.0,0.0,-89760.0,96944893.0
6506,雙邦,上櫃,0.0,0.0,0.0,-3000.0,82360826.0
6508,惠光,上櫃,0.0,0.0,0.0,12000.0,86538864.0
6509,聚和,上櫃,0.0,0.0,0.0,34000.0,197080553.0
6510,精測,上櫃,0.0,0.0,0.0,166015.0,32929138.0
6517,保勝光學,上櫃,0.0,0.0,0.0,-36359.0,30579053.0
6523,達爾膚,上櫃,0.0,0.0,0.0,-1000.0,45047625.0
6530,創威,上櫃,0.0,0.0,0.0,-5000.0,33750000.0
6532,瑞耘,上櫃,0.0,0.0,0.0,-23000.0,37445147.0
6535,順藥,上櫃,0.0,0.0,0.0,11808.0,167840825.0
6538,倉和,上櫃,0.0,0.0,0.0,-40000.0,37270493.0
6546,正基,上櫃,0.0,0.0,0.0,-88501.0,66848449.0
6547,高端疫苗,上櫃,0.0,0.0,0.0,-5058.0,328943644.0
6548,長科*,上櫃,0.0,0.0,0.0,-168496.0,950464700.0
6556,勝品,上櫃,0.0,0.0,0.0,-1000.0,28750000.0
6560,欣普羅,上櫃,0.0,0.0,0.0,-24051.0,33474715.0
6561,是方,上櫃,0.0,0.0,0.0,-108200.0,77958370.0
6568,宏觀,上櫃,0.0,0.0,0.0,163970.0,30796200.0
6569,醫揚,上櫃,0.0,0.0,0.0,1000.0,42820745.0
6570,維田,上櫃,0.0,0.0,0.0,-1000.0,37119170.0
6576,逸達,上櫃,0.0,0.0,0.0,-11000.0,157540541.0
6577,勁豐,上櫃,0.0,0.0,0.0,-7000.0,60060145.0
6578,達邦蛋白,上櫃,0.0,0.0,0.0,4000.0,71941901.0
6584,南俊國際,上櫃,0.0,0.0,0.0,-45066.0,71379810.0
6588,東典光電,上櫃,0.0,0.0,0.0,-37516.0,34700825.0
6593,台灣銘板,上櫃,0.0,0.0,0.0,-1000.0,31856609.0
6596,寬宏藝術,上櫃,0.0,0.0,0.0,-7942.0,38000000.0
6603,富強鑫,上櫃,0.0,0.0,0.0,-318536.0,167442946.0
6609,瀧澤科,上櫃,0.0,0.0,0.0,-22000.0,72456246.0
6612,奈米醫材,上櫃,0.0,0.0,0.0,1855.0,52266043.0
6613,朋億*,上櫃,0.0,0.0,0.0,38415.0,77801485.0
6616,特昇-KY,上櫃,0.0,0.0,0.0,-1000.0,35428473.0
6617,共信-KY,上櫃,0.0,0.0,0.0,-30000.0,127506100.0
6624,萬年清,上櫃,0.0,0.0,0.0,-12000.0,22579482.0
6629,泰金-KY,上櫃,0.0,0.0,0.0,-4000.0,38379563.0
6637,醫影,上櫃,0.0,0.0,0.0,-1000.0,26810000.0
6640,均華,上櫃,0.0,0.0,0.0,-6243.0,28911500.0
6642,富致,上櫃,0.0,0.0,0.0,-8000.0,37399662.0
6643,M31,上櫃,0.0,0.0,0.0,-89551.0,42620160.0
6649,台生材,上櫃,0.0,0.0,0.0,-11001.0,42000000.0
6651,全宇昕,上櫃,0.0,0.0,0.0,24120.0,34601541.0
6654,天正國際,上櫃,0.0,0.0,0.0,-1000.0,40962720.0
6664,群翊,上櫃,0.0,0.0,0.0,-56847.0,61151307.0
6667,信紘科,上櫃,0.0,0.0,0.0,130004.0,49278878.0
6679,鈺太,上櫃,0.0,0.0,0.0,-62895.0,54975335.0
6680,鑫創電子,上櫃,0.0,0.0,0.0,1000.0,25071427.0
6683,雍智科技,上櫃,0.0,0.0,0.0,-453604.0,27552661.0
6684,安格,上櫃,0.0,0.0,0.0,-33000.0,44559496.0
6690,安碁資訊,上櫃,0.0,0.0,0.0,3000.0,29999720.0
6692,進能服,上櫃,0.0,0.0,0.0,2000.0,58843890.0
6693,廣閎科,上櫃,0.0,0.0,0.0,-24000.0,45720000.0
6697,東捷資訊,上櫃,0.0,0.0,0.0,-1000.0,27323364.0
6703,軒郁,上櫃,0.0,0.0,0.0,-6000.0,36257210.0
6708,天擎,上櫃,0.0,0.0,0.0,2000.0,29008779.0
6712,長聖,上櫃,0.0,0.0,0.0,-26000.0,100488861.0
6716,應廣,上櫃,0.0,0.0,0.0,1000.0,30241814.0
6720,久昌,上櫃,0.0,0.0,0.0,1000.0,30225741.0
6727,亞泰金屬,上櫃,0.0,0.0,0.0,-9000.0,26884177.0
6728,上洋,上櫃,0.0,0.0,0.0,1000.0,30120000.0
6730,常廣,上櫃,0.0,0.0,0.0,-2128.0,36298151.0
6732,昇佳電子,上櫃,0.0,0.0,0.0,-5392.0,48912618.0
6733,博晟生醫,上櫃,0.0,0.0,0.0,-12805.0,134316026.0
6735,美達科技,上櫃,0.0,0.0,0.0,3736.0,46182292.0
6739,竹陞科技,上櫃,0.0,0.0,0.0,8864.0,23392500.0
6741,91APP*-KY,上櫃,0.0,0.0,0.0,-68566.0,120577997.0
6751,智聯服務,上櫃,0.0,0.0,0.0,2000.0,22200000.0
6752,叡揚,上櫃,0.0,0.0,0.0,5000.0,38258471.0
6761,穩得,上櫃,0.0,0.0,0.0,-30569.0,34955867.0
6763,綠界科技*,上櫃,0.0,0.0,0.0,-6118.0,184039130.0
6785,昱展新藥,上櫃,0.0,0.0,0.0,-37546.0,66800000.0
6788,華景電,上櫃,0.0,0.0,0.0,1356641.0,38739683.0
6791,虎門科技,上櫃,0.0,0.0,0.0,-6000.0,20847000.0
6803,崑鼎,上櫃,0.0,0.0,0.0,-23000.0,72794385.0
6804,明係,上櫃,0.0,0.0,0.0,5000.0,47500000.0
6811,宏碁資訊,上櫃,0.0,0.0,0.0,-13007.0,41449000.0
6821,聯寶,上櫃,0.0,0.0,0.0,-5000.0,35913193.0
6823,濾能,上櫃,0.0,0.0,0.0,31648.0,33233920.0
6829,千附精密,上櫃,0.0,0.0,0.0,-23421.0,59169000.0
6840,東研信超,上櫃,0.0,0.0,0.0,-5000.0,30767284.0
6841,長佳智能,上櫃,0.0,0.0,0.0,-92000.0,95223000.0
6843,進典,上櫃,0.0,0.0,0.0,-1000.0,33304000.0
6859,伯特光,上櫃,0.0,0.0,0.0,-18037.0,41588600.0
6865,偉康科技,上櫃,0.0,0.0,0.0,-2732.0,15840645.0
6870,騰雲,上櫃,0.0,0.0,0.0,52385.0,28317550.0
6875,國邑*,上櫃,0.0,0.0,0.0,-41000.0,129182804.0
6877,鏵友益,上櫃,0.0,0.0,0.0,194000.0,47167122.0
6895,宏碩系統,上櫃,0.0,0.0,0.0,48834.0,34100000.0
6899,創為精密,上櫃,0.0,0.0,0.0,-2000.0,42398491.0
6903,巨漢,上櫃,0.0,0.0,0.0,67000.0,66676000.0
6910,德鴻,上櫃,0.0,0.0,0.0,4864.0,30521000.0
6913,鴻呈,上櫃,0.0,0.0,0.0,-9256.0,43848863.0
6922,宸曜,上櫃,0.0,0.0,0.0,-17810.0,27155385.0
6925,意藍,上櫃,0.0,0.0,0.0,-29609.0,20000300.0
6929,佑全,上櫃,0.0,0.0,0.0,1000.0,45090000.0
6953,家碩,上櫃,0.0,0.0,0.0,20000.0,30014600.0
6967,汎瑋材料,上櫃,0.0,0.0,0.0,-892.0,30404477.0
6968,萬達寵物,上櫃,0.0,0.0,0.0,1000.0,50436279.0
6982,大井泵浦,上櫃,0.0,0.0,0.0,-9000.0,40752381.0
6996,力領科技,上櫃,0.0,0.0,0.0,-24000.0,42090333.0
7402,邑錡,上櫃,0.0,0.0,0.0,-3000.0,35280646.0
7556,意德士,上櫃,0.0,0.0,0.0,8000.0,29080869.0
7584,樂意,上櫃,0.0,0.0,0.0,-1000.0,16462808.0
7642,昶瑞機電,上櫃,0.0,0.0,0.0,-1343.0,30194258.0
7703,銳澤,上櫃,0.0,0.0,0.0,15000.0,34745000.0
7712,博盛半導體,上櫃,0.0,0.0,0.0,-16000.0,32561873.0
7714,創泓科技,上櫃,0.0,0.0,0.0,33000.0,21000000.0
7715,裕山,上櫃,0.0,0.0,0.0,29000.0,32756500.0
7717,萊德光電-KY,上櫃,0.0,0.0,0.0,6795.0,24831518.0
7718,友鋮,上櫃,0.0,0.0,0.0,-3000.0,46356484.0
7723,築間,上櫃,0.0,0.0,0.0,2000.0,49619550.0
7728,光焱科技,上櫃,0.0,0.0,0.0,-26007.0,13992621.0
7734,印能科技,上櫃,0.0,0.0,0.0,6467.0,28000000.0
7738,東聯互動,上櫃,0.0,0.0,0.0,-4000.0,27355799.0
7744,崴寶,上櫃,0.0,0.0,0.0,19739.0,32076710.0
7751,竑騰,上櫃,0.0,0.0,0.0,-6418.0,26888600.0
7753,星亞,上櫃,0.0,0.0,0.0,-1000.0,25000000.0
7770,君曜,上櫃,0.0,0.0,0.0,-1000.0,30062053.0
7782,光速火箭,上櫃,0.0,0.0,0.0,-9000.0,23213000.0
8024,佑華,上櫃,0.0,0.0,0.0,-1000.0,45160100.0
8027,鈦昇,上櫃,0.0,0.0,0.0,811233.0,109750596.0
8032,光菱,上櫃,0.0,0.0,0.0,-1005.0,51810300.0
8034,榮群,上櫃,0.0,0.0,0.0,338000.0,56586353.0
8038,長園科,上櫃,0.0,0.0,0.0,-44307.0,62278190.0
8040,九暘,上櫃,0.0,0.0,0.0,-10000.0,96413874.0
8042,金山電,上櫃,0.0,0.0,0.0,135272.0,131479954.0
8043,蜜望實,上櫃,0.0,0.0,0.0,-335058.0,79907170.0
8044,網家,上櫃,0.0,0.0,0.0,-36000.0,204768065.0
8047,星雲,上櫃,0.0,0.0,0.0,14519.0,34613011.0
8048,德勝,上櫃,0.0,0.0,0.0,25000.0,59436924.0
8049,晶采,上櫃,0.0,0.0,0.0,9995.0,118279808.0
8050,廣積,上櫃,0.0,0.0,0.0,-27000.0,205204891.0
8054,安國,上櫃,0.0,0.0,0.0,-1330096.0,108732566.0
8059,凱碩,上櫃,0.0,0.0,0.0,9539.0,116466300.0
8064,東捷,上櫃,0.0,0.0,0.0,-40415.0,184817836.0
8068,全達,上櫃,0.0,0.0,0.0,7776.0,80765949.0
8069,元太,上櫃,0.0,0.0,0.0,-520535.0,1154678380.0
8071,能率網通,上櫃,0.0,0.0,0.0,-27242.0,60084283.0
8074,鉅橡,上櫃,0.0,0.0,0.0,262923.0,86974466.0
8076,伍豐,上櫃,0.0,0.0,0.0,-29939.0,292213592.0
8083,瑞穎,上櫃,0.0,0.0,0.0,2000.0,35133193.0
8084,巨虹,上櫃,0.0,0.0,0.0,85000.0,69514149.0
8085,福華,上櫃,0.0,0.0,0.0,-66961.0,139983060.0
8086,宏捷科,上櫃,0.0,0.0,0.0,-173711.0,196516123.0
8088,品安,上櫃,0.0,0.0,0.0,-668078.0,60921749.0
8089,康全電訊,上櫃,0.0,0.0,0.0,-35628.0,65998718.0
8091,翔名,上櫃,0.0,0.0,0.0,6999.0,56943651.0
8096,擎亞,上櫃,0.0,0.0,0.0,-1709992.0,149343066.0
8097,常珵,上櫃,0.0,0.0,0.0,-9000.0,60302468.0
8099,大世科,上櫃,0.0,0.0,0.0,7000.0,100072800.0
8107,大億金茂,上櫃,0.0,0.0,0.0,26987.0,75000000.0
8109,博大,上櫃,0.0,0.0,0.0,-6000.0,82161236.0
8111,立碁,上櫃,0.0,0.0,0.0,101955.0,109102223.0
8121,越峰,上櫃,0.0,0.0,0.0,-30382.0,212993743.0
8147,正淩,上櫃,0.0,0.0,0.0,5254.0,41817166.0
8155,博智,上櫃,0.0,0.0,0.0,-306814.0,62367700.0
8171,天宇,上櫃,0.0,0.0,0.0,-6000.0,112853326.0
8176,智捷,上櫃,0.0,0.0,0.0,-17.0,59800000.0
8182,加高,上櫃,0.0,0.0,0.0,-1000.0,107041215.0
8183,精星,上櫃,0.0,0.0,0.0,-93136.0,0.0
8227,巨有科技,上櫃,0.0,0.0,0.0,3989.0,39543000.0
8234,新漢,上櫃,0.0,0.0,0.0,-400268.0,141226472.0
8240,華宏,上櫃,0.0,0.0,0.0,-82281.0,100004414.0
8255,朋程,上櫃,0.0,0.0,0.0,19937.0,101961041.0
8277,商丞,上櫃,0.0,0.0,0.0,131183.0,39500000.0
8279,生展,上櫃,0.0,0.0,0.0,-1000.0,27100851.0
8284,三竹,上櫃,0.0,0.0,0.0,2000.0,47303000.0
8289,泰藝,上櫃,0.0,0.0,0.0,-1000.0,68333765.0
8299,群聯,上櫃,0.0,0.0,0.0,-564275.0,221165247.0
8342,益張,上櫃,0.0,0.0,0.0,1000.0,33536692.0
8349,恒耀,上櫃,0.0,0.0,0.0,5000.0,208821391.0
8354,冠好,上櫃,0.0,0.0,0.0,-1000.0,78532263.0
8358,金居,上櫃,0.0,0.0,0.0,728916.0,252588000.0
8383,千附,上櫃,0.0,0.0,0.0,5516.0,113760482.0
8390,金益鼎,上櫃,0.0,0.0,0.0,-33021.0,96116128.0
8401,白紗科,上櫃,0.0,0.0,0.0,3000.0,70669058.0
8403,盛弘,上櫃,0.0,0.0,0.0,-25000.0,137640343.0
8409,商之器,上櫃,0.0,0.0,0.0,-7000.0,32000000.0
8410,森田,上櫃,0.0,0.0,0.0,-6000.0,36589200.0
8415,大國鋼,上櫃,0.0,0.0,0.0,-168000.0,1031500000.0
8423,保綠-KY,上櫃,0.0,0.0,0.0,-48113.0,41714030.0
8424,惠普,上櫃,0.0,0.0,0.0,-1000.0,36054368.0
8426,紅木-KY,上櫃,0.0,0.0,0.0,-1000.0,50242500.0
8431,匯鑽科,上櫃,0.0,0.0,0.0,365636.0,48778331.0
8432,東生華,上櫃,0.0,0.0,0.0,0.0,38398140.0
8433,弘帆,上櫃,0.0,0.0,0.0,-3000.0,54506098.0
8435,鉅邁,上櫃,0.0,0.0,0.0,0.0,35200450.0
8436,大江,上櫃,0.0,0.0,0.0,13125.0,117728830.0
8437,大地-KY,上櫃,0.0,0.0,0.0,-5000.0,47014070.0
8440,綠電,上櫃,0.0,0.0,0.0,6000.0,50255299.0
8444,綠河-KY,上櫃,0.0,0.0,0.0,12000.0,125104845.0
8446,華研,上櫃,0.0,0.0,0.0,-2755.0,52914405.0
8450,霹靂,上櫃,0.0,0.0,0.0,8000.0,51309947.0
8472,夠麻吉,上櫃,0.0,0.0,0.0,-2000.0,17735800.0
8489,三貝德,上櫃,0.0,0.0,0.0,-69000.0,59948960.0
8906,花王,上櫃,0.0,0.0,0.0,-63000.0,44037370.0
8908,欣雄,上櫃,0.0,0.0,0.0,-6000.0,315332742.0
8916,光隆,上櫃,0.0,0.0,0.0,-15000.0,148591646.0
8917,欣泰,上櫃,0.0,0.0,0.0,-75.0,162652459.0
8924,大田,上櫃,0.0,0.0,0.0,4420.0,83800000.0
8927,北基,上櫃,0.0,0.0,0.0,-35999.0,419068367.0
8928,鉅明,上櫃,0.0,0.0,0.0,-1000.0,50854015.0
8930,青鋼,上櫃,0.0,0.0,0.0,-1000.0,81809406.0
8932,智通*,上櫃,0.0,0.0,0.0,-27238.0,426013152.0
8933,愛地雅,上櫃,0.0,0.0,0.0,-2000.0,326724305.0
8935,邦泰,上櫃,0.0,0.0,0.0,-43371.0,113495000.0
8936,國統,上櫃,0.0,0.0,0.0,-560926.0,248078157.0
8937,合騏,上櫃,0.0,0.0,0.0,-7965.0,441680272.0
8938,明安,上櫃,0.0,0.0,0.0,35869.0,156986490.0
8942,森鉅,上櫃,0.0,0.0,0.0,31000.0,198842255.0
9949,琉園,上櫃,0.0,0.0,0.0,13000.0,44860763.0
9951,皇田,上櫃,0.0,0.0,0.0,0.0,73300000.0
