code,name,market,外資,投信,自營,三大法人,shares
00715L,期街口布蘭特正2,上市,8214000.0,0.0,82913327.0,91127327.0,962884000.0
00637L,元大滬深300正2,上市,8077000.0,0.0,16056861.0,24133861.0,1205606000.0
00632R,元大台灣50反1,上市,487000.0,0.0,22834262.0,23321262.0,1944707730.0
2891,中信金,上市,16866661.0,-8900138.0,1780847.0,9747370.0,19649766114.0
00664R,國泰臺灣加權反1,上市,0.0,0.0,9412300.0,9412300.0,748575000.0
00953B,群益優選非投等債,上市,-225000.0,0.0,9440001.0,9215001.0,4006675000.0
00642U,期元大S&P石油,上市,422909.0,0.0,8405877.0,8828786.0,190821000.0
00881,國泰台灣科技龍頭,上市,842000.0,50000.0,7458041.0,8350041.0,2347903000.0
00712,復華富時不動產,上市,3154000.0,0.0,4622153.0,7776153.0,5045011000.0
3711,日月光投控,上市,14642410.0,-6554373.0,-469425.0,7618612.0,4422175232.0
2301,光寶科,上市,16300097.0,-8094559.0,-607343.0,7598195.0,2316775763.0
00882,中信中國高股息,上市,973040.0,0.0,6171310.0,7144350.0,2383349000.0
00680L,元大美債20正2,上市,9000.0,0.0,7020748.0,7029748.0,3239076000.0
2885,元大金,上市,-155047.0,4396383.0,1878129.0,6119465.0,13331149946.0
2317,鴻海,上市,2654929.0,1110410.0,1962039.0,5727378.0,13964222294.0
2890,永豐金,上市,-4101383.0,8031607.0,1710410.0,5640634.0,14502322275.0
2303,聯電,上市,6534593.0,-3317116.0,1762470.0,4979947.0,12555278344.0
2867,三商壽,上市,2496348.0,0.0,1914000.0,4410348.0,5899501044.0
2408,南亞科,上市,4594354.0,1268000.0,-1794414.0,4067940.0,3098627894.0
00671R,富邦NASDAQ反1,上市,0.0,0.0,3925630.0,3925630.0,648384000.0
00885,富邦越南,上市,1867290.0,0.0,1688065.0,3555355.0,865238000.0
00945B,凱基美國非投等債,上市,265000.0,0.0,3159843.0,3424843.0,961318000.0
2105,正新,上市,2353177.0,350331.0,659328.0,3362836.0,3241415536.0
9904,寶成,上市,1646209.0,1363000.0,69829.0,3079038.0,2946787213.0
009802,富邦旗艦50,上市,443200.0,0.0,2522421.0,2965621.0,667495000.0
1409,新纖,上市,2751000.0,11000.0,92766.0,2854766.0,1618409286.0
00941,中信上游半導體,上市,989000.0,0.0,1727616.0,2716616.0,595291000.0
00669R,國泰美國道瓊反1,上市,0.0,0.0,2596262.0,2596262.0,223117000.0
00706L,期元大S&P日圓正2,上市,0.0,0.0,2474065.0,2474065.0,204770853.0
2884,玉山金,上市,1807074.0,607357.0,11624.0,2426055.0,16174000000.0
00915,凱基優選高股息30,上市,-8650.0,0.0,2359383.0,2350733.0,1110483000.0
00985B,群益ESG投等債0-5,上市,-986000.0,0.0,3250589.0,2264589.0,507001000.0
6505,台塑化,上市,3224000.0,-24213.0,-946806.0,2252981.0,9525959652.0
2903,遠百,上市,2123000.0,234000.0,-312000.0,2045000.0,1416940589.0
8150,南茂,上市,1538409.0,20215.0,437443.0,1996067.0,717240126.0
8110,華東,上市,1587100.0,0.0,263000.0,1850100.0,517739876.0
00981T,平衡凱基雙核收息,上市,-28000.0,0.0,1790883.0,1762883.0,144261000.0
6139,亞翔,上市,911794.0,964000.0,-122241.0,1753553.0,233319058.0
2369,菱生,上市,1711000.0,0.0,-30101.0,1680899.0,380102344.0
2498,宏達電,上市,1390005.0,-19000.0,293183.0,1664188.0,835198486.0
00648R,元大S&P500反1,上市,0.0,0.0,1589120.0,1589120.0,172188000.0
3450,聯鈞,上市,1819915.0,-159000.0,-92957.0,1567958.0,145681382.0
8271,宇瞻,上市,1599006.0,-1000.0,-33887.0,1564119.0,128129266.0
00982D,主動富邦動態入息,上市,-86000.0,0.0,1639000.0,1553000.0,120229000.0
6005,群益證,上市,1554000.0,-146000.0,0.0,1408000.0,2170908097.0
00633L,富邦上証正2,上市,855000.0,0.0,522722.0,1377722.0,186458000.0
009811,統一美國50,上市,105010.0,0.0,1102091.0,1207101.0,439950000.0
6239,力成,上市,3254552.0,-1115096.0,-935036.0,1204420.0,759146634.0
00983D,主動富邦複合收益,上市,94000.0,0.0,1044000.0,1138000.0,110197000.0
2449,京元電子,上市,-6332682.0,10423000.0,-2981468.0,1108850.0,1222745065.0
00961,FT臺灣永續高息,上市,-324989.0,0.0,1422922.0,1097933.0,266511000.0
2606,裕民,上市,1228000.0,15000.0,-184461.0,1058539.0,845055712.0
00902,中信電池及儲能,上市,708000.0,0.0,329598.0,1037598.0,375997000.0
3060,銘異,上市,963000.0,0.0,2776.0,965776.0,137563190.0
00688L,國泰20年美債正2,上市,0.0,0.0,917846.0,917846.0,1406615000.0
2912,統一超,上市,-332979.0,1169129.0,49949.0,886099.0,1039622255.0
3305,昇貿,上市,864000.0,0.0,2237.0,866237.0,134237474.0
2368,金像電,上市,-299957.0,1255010.0,-124526.0,830527.0,491839505.0
00635U,期元大S&P黃金,上市,2928800.0,0.0,-2099238.0,829562.0,248514000.0
6456,GIS-KY,上市,788000.0,0.0,39748.0,827748.0,337939800.0
1102,亞泥,上市,5377.0,193813.0,599768.0,798958.0,3546562881.0
5871,中租-KY,上市,955881.0,-226437.0,312.0,729756.0,1711421161.0
00693U,期街口S&P黃豆,上市,145000.0,0.0,554709.0,699709.0,119666000.0
2208,台船,上市,641829.0,0.0,6000.0,647829.0,1274539449.0
9938,百和,上市,-2899.0,850000.0,-221688.0,625413.0,297963902.0
00655L,國泰中國A50正2,上市,195000.0,0.0,430347.0,625347.0,97958000.0
3006,晶豪科,上市,748680.0,40000.0,-164490.0,624190.0,286172238.0
00636,國泰中國A50,上市,54000.0,0.0,537675.0,591675.0,149325000.0
2441,超豐,上市,-2304000.0,2943000.0,-47605.0,591395.0,568845921.0
3622,洋華,上市,578000.0,0.0,-13000.0,565000.0,151327600.0
00986A,主動台新龍頭成長,上市,107000.0,0.0,441238.0,548238.0,83327000.0
8131,福懋科,上市,553000.0,0.0,-7923.0,545077.0,442222223.0
2451,創見,上市,-434000.0,971000.0,-9000.0,528000.0,430701675.0
00646,元大S&P500,上市,-35210.0,0.0,533402.0,498192.0,476985000.0
2646,星宇航空,上市,474954.0,0.0,10000.0,484954.0,3008735000.0
5515,建國,上市,480600.0,0.0,-4000.0,476600.0,201600084.0
00960,野村全球航運龍頭,上市,-37000.0,0.0,497817.0,460817.0,150995000.0
6558,興能高,上市,453000.0,0.0,597.0,453597.0,93788875.0
1402,遠東新,上市,1177385.0,-473000.0,-261290.0,443095.0,5352875227.0
2634,漢翔,上市,898700.0,0.0,-460592.0,438108.0,941867101.0
00963,中信全球高股息,上市,5000.0,0.0,429838.0,434838.0,94433000.0
00936,台新永續高息中小,上市,-192000.0,0.0,615018.0,423018.0,630297000.0
00645,富邦日本,上市,31910.0,0.0,368888.0,400798.0,50497000.0
2543,皇昌,上市,301000.0,0.0,96544.0,397544.0,532383961.0
8070,長華*,上市,250012.0,128641.0,17739.0,396392.0,725648455.0
009812,野村日本東證,上市,-6000.0,0.0,390435.0,384435.0,103382000.0
00639,富邦深100,上市,294000.0,0.0,83842.0,377842.0,151403000.0
2101,南港,上市,399000.0,0.0,-21434.0,377566.0,733934904.0
3005,神基,上市,192513.0,169000.0,4336.0,365849.0,620215900.0
3645,達邁,上市,363000.0,0.0,-471.0,362529.0,136754207.0
5522,遠雄,上市,340000.0,0.0,12000.0,352000.0,781596241.0
3605,宏致,上市,351000.0,0.0,214.0,351214.0,151379908.0
00897,富邦基因免疫生技,上市,506000.0,0.0,-174902.0,331098.0,186012000.0
2476,鉅祥,上市,291768.0,0.0,28933.0,320701.0,210896003.0
1440,南紡,上市,368000.0,0.0,-52148.0,315852.0,1656815857.0
3701,大眾控,上市,303000.0,0.0,-418.0,302582.0,236526612.0
6235,華孚,上市,313000.0,-1000.0,-10294.0,301706.0,199906306.0
3059,華晶科,上市,276000.0,33000.0,-12655.0,296345.0,307242025.0
3016,嘉晶,上市,307000.0,0.0,-10706.0,296294.0,288541819.0
1522,堤維西,上市,293000.0,0.0,2626.0,295626.0,312897881.0
2428,興勤,上市,-923700.0,1148000.0,68869.0,293169.0,128112726.0
2855,統一證,上市,39850.0,251000.0,0.0,290850.0,1601414478.0
00971,野村美國研發龍頭,上市,32000.0,0.0,257319.0,289319.0,87677000.0
009800,中信NASDAQ,上市,55000.0,0.0,233536.0,288536.0,315891000.0
009805,台新美國電力基建,上市,335160.0,0.0,-46672.0,288488.0,328816000.0
3665,貿聯-KY,上市,181465.0,94421.0,11106.0,286992.0,193969420.0
2231,為升,上市,327000.0,0.0,-41136.0,285864.0,135917608.0
4164,承業醫,上市,288000.0,0.0,-2425.0,285575.0,185711966.0
2464,盟立,上市,289000.0,0.0,-3634.0,285366.0,206451226.0
00926,凱基全球菁英55,上市,32000.0,0.0,250832.0,282832.0,80482000.0
2731,雄獅,上市,231000.0,24000.0,15408.0,270408.0,93277739.0
5269,祥碩,上市,289510.0,-18190.0,-1636.0,269684.0,74777129.0
2614,東森,上市,268000.0,-3000.0,1000.0,266000.0,327264946.0
6257,矽格,上市,-2163000.0,2446000.0,-20429.0,262571.0,483912325.0
1455,集盛,上市,260000.0,0.0,-29.0,259971.0,531688380.0
3704,合勤控,上市,249574.0,0.0,7147.0,256721.0,412565422.0
4526,東台,上市,255000.0,0.0,613.0,255613.0,254826461.0
2359,所羅門,上市,256000.0,0.0,-2095.0,253905.0,171471052.0
2363,矽統,上市,275000.0,0.0,-28128.0,246872.0,514988161.0
00898,國泰基因免疫革命,上市,167990.0,0.0,73573.0,241563.0,195976000.0
006205,富邦上証,上市,388000.0,0.0,-153447.0,234553.0,121439000.0
00652,富邦印度,上市,-780.0,0.0,230086.0,229306.0,95535000.0
00944,野村趨勢動能高息,上市,-6000.0,0.0,234873.0,228873.0,119081000.0
4904,遠傳,上市,1587269.0,-1356612.0,-2302.0,228355.0,3605705357.0
00938,凱基優選30,上市,-20000.0,0.0,246841.0,226841.0,96016000.0
00651R,復華香港反1,上市,-1000.0,0.0,226110.0,225110.0,36692000.0
009803,玉山市值動能50,上市,92690.0,0.0,126094.0,218784.0,103828000.0
00907,永豐優息存股,上市,0.0,0.0,217524.0,217524.0,206133000.0
1720,生達,上市,213000.0,0.0,1000.0,214000.0,178696089.0
2360,致茂,上市,-116056.0,428397.0,-101900.0,210441.0,425273742.0
2236,百達-KY,上市,200000.0,0.0,5000.0,205000.0,53508189.0
3019,亞光,上市,239288.0,0.0,-36458.0,202830.0,279243901.0
6805,富世達,上市,48995.0,162000.0,-9916.0,201079.0,68553896.0
1616,億泰,上市,203000.0,0.0,-5693.0,197307.0,194148515.0
8404,百和興業-KY,上市,186000.0,-2000.0,13000.0,197000.0,419933884.0
2421,建準,上市,-854759.0,1205000.0,-155134.0,195107.0,273443669.0
6753,龍德造船,上市,202000.0,0.0,-8619.0,193381.0,113137500.0
6243,迅杰,上市,193000.0,0.0,0.0,193000.0,45268841.0
8222,寶一,上市,190000.0,0.0,0.0,190000.0,68573500.0
2468,華經,上市,190000.0,0.0,0.0,190000.0,69961249.0
006206,元大上證50,上市,13634.0,0.0,176202.0,189836.0,35278000.0
6691,洋基工程,上市,127000.0,40000.0,17097.0,184097.0,121487209.0
1618,合機,上市,187000.0,0.0,-3486.0,183514.0,192691747.0
9921,巨大,上市,178697.0,-5000.0,5925.0,179622.0,392064626.0
2457,飛宏,上市,304000.0,0.0,-126031.0,177969.0,424772416.0
2413,環科,上市,163000.0,0.0,12526.0,175526.0,127359200.0
1563,巧新,上市,172000.0,0.0,0.0,172000.0,230782140.0
2419,仲琦,上市,173000.0,0.0,-2576.0,170424.0,321317229.0
2023,燁輝,上市,199461.0,6000.0,-36000.0,169461.0,1926356214.0
1907,永豐餘,上市,118030.0,0.0,51000.0,169030.0,1660371495.0
009809,富邦淨零ESG50,上市,0.0,0.0,165481.0,165481.0,85863000.0
6890,來億-KY,上市,208467.0,4000.0,-47282.0,165185.0,249400000.0
009801,中信美國創新科技,上市,0.0,0.0,163833.0,163833.0,187119000.0
2233,宇隆,上市,121000.0,0.0,36807.0,157807.0,60288089.0
00735,國泰臺韓科技,上市,7000.0,0.0,150000.0,157000.0,9789000.0
3703,欣陸,上市,125000.0,0.0,32000.0,157000.0,823215980.0
3049,精金,上市,160000.0,0.0,-4564.0,155436.0,802010529.0
2630,亞航,上市,225519.0,0.0,-70552.0,154967.0,209438204.0
0061,元大寶滬深,上市,10000.0,0.0,143987.0,153987.0,125616000.0
00972,野村日本動能高息,上市,413000.0,0.0,-260242.0,152758.0,24172000.0
9933,中鼎,上市,-371000.0,517000.0,5203.0,151203.0,892493506.0
3034,聯詠,上市,-85954.0,84868.0,150703.0,149617.0,608511469.0
6668,中揚光,上市,146000.0,0.0,1000.0,147000.0,107116087.0
3024,憶聲,上市,139000.0,0.0,1000.0,140000.0,277157496.0
00714,群益道瓊美國地產,上市,22000.0,0.0,117136.0,139136.0,27567000.0
2399,映泰,上市,136000.0,0.0,2091.0,138091.0,178100000.0
3694,海華,上市,1966000.0,-1826000.0,-9272.0,130728.0,154947208.0
3714,富采,上市,215999.0,0.0,-87651.0,128348.0,737940460.0
6155,鈞寶,上市,-220000.0,0.0,347000.0,127000.0,88023988.0
3406,玉晶光,上市,-104147.0,294000.0,-63061.0,126792.0,112743063.0
00920,富邦ESG綠色電力,上市,186000.0,0.0,-59257.0,126743.0,11780000.0
00684R,期元大美元指反1,上市,0.0,0.0,125000.0,125000.0,9688000.0
9910,豐泰,上市,121213.0,-13121.0,14156.0,122248.0,987482831.0
2342,茂矽,上市,120000.0,0.0,1438.0,121438.0,157524744.0
3028,增你強,上市,161000.0,0.0,-40000.0,121000.0,237241193.0
4722,國精化,上市,116145.0,-1000.0,4676.0,119821.0,101059159.0
1532,勤美,上市,115000.0,0.0,3045.0,118045.0,422604271.0
1810,和成,上市,114000.0,0.0,3000.0,117000.0,302303719.0
3447,展達,上市,117000.0,0.0,-90.0,116910.0,77331120.0
00730,富邦臺灣優質高息,上市,-3000.0,0.0,119474.0,116474.0,78544000.0
2392,正崴,上市,98000.0,0.0,16453.0,114453.0,512326940.0
00666R,富邦恒生國企反1,上市,-1000.0,0.0,114120.0,113120.0,15124000.0
3023,信邦,上市,-921000.0,993000.0,40635.0,112635.0,240069014.0
4540,全球傳動,上市,111200.0,0.0,-684.0,110516.0,112140457.0
6592,和潤企業,上市,105000.0,0.0,3578.0,108578.0,623150493.0
6672,騰輝電子-KY,上市,106000.0,0.0,1277.0,107277.0,71434745.0
00656R,國泰中國A50反1,上市,0.0,0.0,106970.0,106970.0,20357000.0
8374,羅昇,上市,84000.0,0.0,22760.0,106760.0,112250487.0
6189,豐藝,上市,82000.0,-2309.0,26462.0,106153.0,263779657.0
3535,晶彩科,上市,106000.0,0.0,0.0,106000.0,79052356.0
1529,樂事綠能,上市,103000.0,0.0,749.0,103749.0,155095074.0
00927,群益半導體收益,上市,171020.0,0.0,-68608.0,102412.0,492397000.0
6449,鈺邦,上市,110100.0,0.0,-9924.0,100176.0,91933514.0
8072,陞泰,上市,100000.0,0.0,139.0,100139.0,80000000.0
2493,揚博,上市,92000.0,0.0,5187.0,97187.0,126796629.0
2347,聯強,上市,676498.0,-610456.0,31094.0,97136.0,1667946968.0
020032,元大綠能N,上市,0.0,0.0,97000.0,97000.0,0.0
3010,華立,上市,75000.0,11634.0,9477.0,96111.0,259436817.0
00738U,期元大道瓊白銀,上市,-179750.0,0.0,275618.0,95868.0,147299000.0
8996,高力,上市,150710.0,58000.0,-115000.0,93710.0,91471435.0
2852,第一保,上市,93000.0,0.0,0.0,93000.0,301163784.0
2365,昆盈,上市,93000.0,0.0,-1.0,92999.0,221528496.0
00923,群益台ESG低碳50,上市,54000.0,0.0,38039.0,92039.0,801923000.0
00653L,富邦印度正2,上市,0.0,0.0,91719.0,91719.0,17903000.0
1526,日馳,上市,88000.0,0.0,2000.0,90000.0,60000000.0
1736,喬山,上市,83000.0,0.0,637.0,83637.0,303394617.0
4133,亞諾法,上市,82027.0,0.0,1000.0,83027.0,60553594.0
2530,華建,上市,-18000.0,0.0,101000.0,83000.0,839988000.0
6742,澤米,上市,82000.0,0.0,0.0,82000.0,71267948.0
2467,志聖,上市,55000.0,40000.0,-13938.0,81062.0,156755348.0
7740,熙特爾-創,上市,80000.0,0.0,-193.0,79807.0,53200000.0
9802,鈺齊-KY,上市,56000.0,63000.0,-39573.0,79427.0,200991673.0
6944,兆聯實業,上市,73000.0,1000.0,4732.0,78732.0,76308312.0
1536,和大,上市,-227000.0,0.0,305530.0,78530.0,278959513.0
2038,海光,上市,76000.0,0.0,1000.0,77000.0,194134303.0
4934,太極,上市,73000.0,0.0,4000.0,77000.0,225000000.0
2607,榮運,上市,68500.0,3000.0,5000.0,76500.0,533570547.0
4562,穎漢,上市,75000.0,0.0,-311.0,74689.0,87546000.0
9941,裕融,上市,32050.0,-8000.0,50417.0,74467.0,575636346.0
3532,台勝科,上市,69000.0,-2934.0,8155.0,74221.0,387848300.0
2388,威盛,上市,1080.0,6000.0,64856.0,71936.0,555600941.0
00903,富邦元宇宙,上市,123000.0,0.0,-52446.0,70554.0,70221000.0
8028,昇陽半導體,上市,434101.0,-312000.0,-52587.0,69514.0,172628033.0
7786,東方風能,上市,68100.0,0.0,0.0,68100.0,175361444.0
2338,光罩,上市,77340.0,0.0,-10072.0,67268.0,316849183.0
6695,芯鼎,上市,68000.0,0.0,-767.0,67233.0,96494650.0
2258,鴻華先進-創,上市,51300.0,0.0,15285.0,66585.0,1741314000.0
6415,矽力*-KY,上市,181716.0,-99000.0,-18354.0,64362.0,388056131.0
6757,台灣虎航,上市,-26000.0,83000.0,7236.0,64236.0,459530000.0
7799,禾榮科,上市,82000.0,0.0,-18130.0,63870.0,156487500.0
8210,勤誠,上市,60904.0,18000.0,-15420.0,63484.0,125302665.0
5222,全訊,上市,59000.0,0.0,4461.0,63461.0,90866968.0
6834,天二科技,上市,62000.0,0.0,-298.0,61702.0,88471082.0
6283,淳安,上市,59000.0,0.0,0.0,59000.0,147906343.0
8473,山林水,上市,4000.0,0.0,55000.0,59000.0,180852418.0
1227,佳格,上市,33000.0,0.0,25002.0,58002.0,915089591.0
4916,事欣科,上市,58000.0,0.0,-495.0,57505.0,110602900.0
4564,元翎,上市,54000.0,0.0,1904.0,55904.0,232788303.0
00708L,期元大S&P黃金正2,上市,-230000.0,0.0,283509.0,53509.0,102573000.0
6862,三集瑞-KY,上市,39000.0,0.0,14166.0,53166.0,50000000.0
6957,裕慶-KY,上市,66000.0,0.0,-13000.0,53000.0,55512950.0
6625,必應,上市,54000.0,0.0,-1000.0,53000.0,57972488.0
2417,圓剛,上市,52000.0,0.0,595.0,52595.0,157463864.0
00731,復華富時高息低波,上市,17000.0,-190000.0,224794.0,51794.0,42100000.0
5234,達興材料,上市,632740.0,-583000.0,1074.0,50814.0,102715911.0
1795,美時,上市,218005.0,130000.0,-297494.0,50511.0,267043812.0
1517,利奇,上市,49000.0,0.0,1453.0,50453.0,223300007.0
2367,燿華,上市,48000.0,0.0,2206.0,50206.0,706253175.0
910322,康師傅-DR,上市,50000.0,0.0,0.0,50000.0,23117402.0
3591,艾笛森,上市,-152000.0,0.0,201000.0,49000.0,145609435.0
2427,三商電,上市,50000.0,0.0,-1000.0,49000.0,197301339.0
2340,台亞,上市,-70000.0,0.0,118653.0,48653.0,438622846.0
7711,永擎,上市,47000.0,0.0,0.0,47000.0,71754695.0
8249,菱光,上市,53000.0,0.0,-6282.0,46718.0,137824500.0
2429,銘旺科,上市,46000.0,0.0,124.0,46124.0,85500000.0
1519,華城,上市,29959.0,-3179.0,18635.0,45415.0,315880844.0
1540,喬福,上市,44000.0,0.0,1000.0,45000.0,85473612.0
6215,和椿,上市,61815.0,0.0,-16889.0,44926.0,82789693.0
1533,車王電,上市,43000.0,0.0,0.0,43000.0,98547486.0
00956,中信日經高股息,上市,132000.0,0.0,-89030.0,42970.0,29630000.0
00737,國泰AI機器人,上市,9000.0,0.0,32325.0,41325.0,23038000.0
6768,志強-KY,上市,41000.0,0.0,47.0,41047.0,200095061.0
9930,中聯資源,上市,45000.0,0.0,-4000.0,41000.0,248540368.0
1587,吉茂,上市,41000.0,0.0,0.0,41000.0,80055672.0
2816,旺旺保,上市,41000.0,0.0,0.0,41000.0,223608000.0
2207,和泰車,上市,34326.0,-7939.0,14138.0,40525.0,557102768.0
6205,詮欣,上市,39000.0,0.0,1000.0,40000.0,82235907.0
5484,慧友,上市,38000.0,0.0,1000.0,39000.0,66801000.0
00728,第一金工業30,上市,16000.0,0.0,22315.0,38315.0,45923000.0
6689,伊雲谷,上市,40000.0,-3013.0,1124.0,38111.0,68000000.0
00717,富邦美國特別股,上市,16000.0,0.0,22000.0,38000.0,153605000.0
1597,直得,上市,41872.0,0.0,-4926.0,36946.0,89261804.0
6230,尼得科超眾,上市,37000.0,0.0,-173.0,36827.0,86343396.0
7749,意騰-KY,上市,37432.0,0.0,-679.0,36753.0,46485728.0
1615,大山,上市,36000.0,0.0,0.0,36000.0,196663702.0
912000,晨訊科-DR,上市,35000.0,0.0,0.0,35000.0,158343516.0
6277,宏正,上市,45000.0,0.0,-10140.0,34860.0,119471166.0
2608,嘉里大榮,上市,28000.0,0.0,6000.0,34000.0,467000498.0
2849,安泰銀,上市,24000.0,0.0,9000.0,33000.0,1957609349.0
2444,兆勁,上市,33000.0,0.0,0.0,33000.0,101569573.0
1307,三芳,上市,1000.0,0.0,32000.0,33000.0,397818126.0
3504,揚明光,上市,33000.0,0.0,-878.0,32122.0,114059785.0
3257,虹冠電,上市,31000.0,0.0,1000.0,32000.0,79823590.0
6789,采鈺,上市,47240.0,1000.0,-16693.0,31547.0,318302119.0
6885,全福生技,上市,32000.0,0.0,-1000.0,31000.0,133214000.0
7721,微程式,上市,31000.0,0.0,0.0,31000.0,55370000.0
6550,北極星藥業-KY,上市,30000.0,0.0,1000.0,31000.0,770433022.0
5880,合庫金,上市,-231181.0,-98711.0,360552.0,30660.0,15680936914.0
4414,如興,上市,26000.0,0.0,4000.0,30000.0,263795773.0
3583,辛耘,上市,34020.0,0.0,-4735.0,29285.0,80328000.0
6573,虹揚-KY,上市,28000.0,0.0,1000.0,29000.0,80499345.0
1416,廣豐,上市,21000.0,0.0,8000.0,29000.0,185342168.0
6781,AES-KY,上市,-143409.0,216880.0,-45052.0,28419.0,85418780.0
2645,長榮航太,上市,11000.0,0.0,17199.0,28199.0,374570962.0
5288,豐祥-KY,上市,27000.0,0.0,1000.0,28000.0,69730022.0
4770,上品,上市,128905.0,-101000.0,-592.0,27313.0,79976000.0
3528,安馳,上市,28000.0,0.0,-852.0,27148.0,66639216.0
1463,強盛新,上市,26000.0,0.0,0.0,26000.0,173268381.0
9955,佳龍,上市,24000.0,0.0,2000.0,26000.0,104475729.0
2415,錩新,上市,23000.0,0.0,3000.0,26000.0,90000000.0
3346,麗清,上市,25000.0,0.0,0.0,25000.0,121228352.0
1103,嘉泥,上市,15000.0,0.0,10000.0,25000.0,790247459.0
9906,欣巴巴,上市,23000.0,0.0,1772.0,24772.0,90376358.0
5519,隆大,上市,24000.0,0.0,0.0,24000.0,219197180.0
2516,新建,上市,24000.0,0.0,0.0,24000.0,226278457.0
2524,京城,上市,18000.0,0.0,6000.0,24000.0,369940545.0
3661,世芯-KY,上市,15069.0,-8983.0,17554.0,23640.0,80855695.0
9902,台火,上市,23000.0,0.0,0.0,23000.0,98049600.0
1110,東泥,上市,17000.0,0.0,5000.0,22000.0,572000797.0
6838,台新藥,上市,21000.0,0.0,1000.0,22000.0,150977100.0
00905,FT臺灣Smart,上市,125300.0,0.0,-103622.0,21678.0,383827000.0
1476,儒鴻,上市,41016.0,12379.0,-31760.0,21635.0,274367111.0
6605,帝寶,上市,17000.0,0.0,4519.0,21519.0,165816397.0
3596,智易,上市,20422.0,0.0,859.0,21281.0,220354321.0
00736,國泰新興市場,上市,0.0,0.0,21000.0,21000.0,6727000.0
2597,潤弘,上市,17800.0,0.0,3000.0,20800.0,310716000.0
00700,富邦恒生國企,上市,59000.0,0.0,-38254.0,20746.0,57483000.0
6830,汎銓,上市,21000.0,0.0,-1056.0,19944.0,51781846.0
6533,晶心科,上市,-141722.0,8000.0,153519.0,19797.0,50650911.0
3004,豐達科,上市,19000.0,0.0,0.0,19000.0,55685055.0
1805,寶徠,上市,19000.0,0.0,0.0,19000.0,134970455.0
2546,根基,上市,26000.0,0.0,-7000.0,19000.0,130524193.0
00710B,復華彭博非投等債,上市,26000.0,0.0,-7284.0,18716.0,205761000.0
9136,巨騰-DR,上市,18000.0,0.0,0.0,18000.0,160000000.0
6937,天虹,上市,22000.0,0.0,-4197.0,17803.0,67576263.0
1732,毛寶,上市,8000.0,0.0,9000.0,17000.0,42443957.0
8201,無敵,上市,19000.0,0.0,-2000.0,17000.0,62366275.0
3416,融程電,上市,18000.0,0.0,-1079.0,16921.0,79746502.0
4551,智伸科,上市,14000.0,0.0,2159.0,16159.0,115222498.0
00709,富邦歐洲,上市,-4000.0,0.0,20000.0,16000.0,16960000.0
6412,群電,上市,71000.0,-65000.0,9294.0,15294.0,400769126.0
1229,聯華,上市,32342.0,-26000.0,8661.0,15003.0,1795960668.0
3025,星通,上市,15000.0,0.0,0.0,15000.0,56736440.0
00917,中信特選金融,上市,487000.0,0.0,-472311.0,14689.0,26978000.0
8454,富邦媒,上市,15641.0,-1000.0,-138.0,14503.0,264975275.0
3150,鈺寶-創,上市,-3000.0,0.0,17000.0,14000.0,44377001.0
4771,望隼,上市,14000.0,0.0,0.0,14000.0,58044700.0
1583,程泰,上市,14000.0,0.0,0.0,14000.0,109400372.0
3008,大立光,上市,22785.0,1648.0,-10917.0,13516.0,133468197.0
00932,兆豐永續高息等權,上市,-14000.0,0.0,27250.0,13250.0,259283000.0
1417,嘉裕,上市,10000.0,0.0,3000.0,13000.0,189941840.0
8045,達運光電,上市,11000.0,0.0,2000.0,13000.0,94996815.0
2434,統懋,上市,14000.0,0.0,-1055.0,12945.0,37000000.0
006207,復華滬深,上市,11000.0,0.0,1610.0,12610.0,26892000.0
1234,黑松,上市,12000.0,0.0,0.0,12000.0,401871094.0
2762,世界健身-KY,上市,12000.0,0.0,0.0,12000.0,112500000.0
4737,華廣,上市,14000.0,0.0,-2000.0,12000.0,67272653.0
4569,六方科-KY,上市,8000.0,0.0,4000.0,12000.0,30600000.0
6906,現觀科,上市,11000.0,0.0,1000.0,12000.0,33537400.0
8162,微矽電子-創,上市,14000.0,0.0,-2000.0,12000.0,68702000.0
1614,三洋電,上市,12000.0,0.0,0.0,12000.0,269113406.0
4560,強信-KY,上市,11000.0,0.0,0.0,11000.0,68097240.0
2905,三商,上市,11484.0,0.0,-1000.0,10484.0,1110371703.0
6965,中傑-KY,上市,11000.0,0.0,-1000.0,10000.0,156336000.0
1225,福懋油,上市,10000.0,0.0,0.0,10000.0,242268306.0
6606,建德工業,上市,9000.0,0.0,1000.0,10000.0,110303783.0
3003,健和興,上市,19000.0,0.0,-9560.0,9440.0,155654890.0
00702,國泰標普低波高息,上市,0.0,0.0,9065.0,9065.0,6688000.0
6719,力智,上市,14000.0,-1000.0,-3977.0,9023.0,105387289.0
7788,松川精密,上市,14000.0,0.0,-5000.0,9000.0,79745993.0
4155,訊映,上市,6000.0,0.0,3000.0,9000.0,146059164.0
1217,愛之味,上市,6000.0,0.0,3000.0,9000.0,494513336.0
020028,元大特選電動車N,上市,0.0,0.0,9000.0,9000.0,0.0
1101B,台泥乙特,上市,0.0,0.0,9000.0,9000.0,200000000.0
2832,台產,上市,9000.0,-2000.0,2000.0,9000.0,253540280.0
2613,中櫃,上市,8000.0,0.0,1000.0,9000.0,148423458.0
4919,新唐,上市,39000.0,0.0,-30541.0,8459.0,419765268.0
2442,新美齊,上市,9049.0,0.0,-1000.0,8049.0,268905778.0
020029,元大ESG高股息N,上市,0.0,0.0,8000.0,8000.0,0.0
3716,中化控股,上市,8000.0,0.0,0.0,8000.0,149765614.0
4552,力達-KY,上市,8000.0,0.0,0.0,8000.0,116000000.0
3419,譁裕,上市,5000.0,0.0,3000.0,8000.0,120480417.0
8463,潤泰材,上市,8000.0,0.0,0.0,8000.0,150000000.0
00913,兆豐台灣晶圓製造,上市,0.0,0.0,7739.0,7739.0,10766000.0
00962,台新AI優息動能,上市,5000.0,0.0,2107.0,7107.0,62420000.0
1459,聯發,上市,2000.0,0.0,5000.0,7000.0,358628907.0
1475,業旺,上市,7000.0,0.0,0.0,7000.0,66016749.0
2527,宏璟,上市,5000.0,0.0,2000.0,7000.0,270306000.0
8467,波力-KY,上市,8000.0,0.0,-1000.0,7000.0,50373575.0
6431,光麗-KY,上市,6000.0,0.0,1000.0,7000.0,97398835.0
3669,圓展,上市,6000.0,0.0,1000.0,7000.0,92919950.0
2908,特力,上市,7000.0,0.0,0.0,7000.0,509887558.0
2477,美隆電,上市,2000.0,0.0,5000.0,7000.0,158573244.0
2836,高雄銀,上市,12000.0,0.0,-5058.0,6942.0,1839916985.0
2642,宅配通,上市,5851.0,0.0,1000.0,6851.0,95467000.0
1590,亞德客-KY,上市,61308.0,-33001.0,-21638.0,6669.0,199999998.0
00733,富邦臺灣中小,上市,23331.0,0.0,-17035.0,6296.0,146966000.0
2706,第一店,上市,6000.0,0.0,0.0,6000.0,499998346.0
2491,吉祥全,上市,-1000.0,0.0,7000.0,6000.0,82008000.0
2033,佳大,上市,6000.0,0.0,0.0,6000.0,80694536.0
2107,厚生,上市,6000.0,0.0,0.0,6000.0,303593400.0
6423,億而得-創,上市,5000.0,0.0,1000.0,6000.0,30014520.0
7765,中華資安,上市,6000.0,0.0,0.0,6000.0,40677000.0
7610,聯友金屬-創,上市,6000.0,0.0,0.0,6000.0,48600000.0
8367,建新國際,上市,6000.0,0.0,0.0,6000.0,92172031.0
5203,訊連,上市,5000.0,-4000.0,4940.0,5940.0,79098800.0
00682U,期元大美元指數,上市,0.0,0.0,5927.0,5927.0,7644000.0
7722,LINEPAY,上市,5202.0,0.0,399.0,5601.0,68000000.0
6955,邦睿生技-創,上市,2000.0,0.0,3000.0,5000.0,24800785.0
9946,三發地產,上市,4000.0,0.0,1000.0,5000.0,326554150.0
4720,德淵,上市,5000.0,0.0,0.0,5000.0,114516037.0
1541,錩泰,上市,5000.0,0.0,0.0,5000.0,78800000.0
2430,燦坤,上市,4000.0,0.0,1000.0,5000.0,116800000.0
2701,萬企,上市,5000.0,0.0,0.0,5000.0,449967838.0
6952,大武山,上市,5000.0,0.0,0.0,5000.0,68345000.0
3057,喬鼎,上市,5000.0,0.0,0.0,5000.0,60325729.0
1109,信大,上市,4000.0,0.0,810.0,4810.0,341158868.0
006204,永豐臺灣加權,上市,0.0,0.0,4510.0,4510.0,1500000.0
2247,汎德永業,上市,6000.0,0.0,-2000.0,4000.0,80708735.0
3229,晟鈦,上市,3000.0,0.0,1000.0,4000.0,64263000.0
8487,愛爾達-創,上市,1000.0,0.0,3000.0,4000.0,26535000.0
6405,悅城,上市,-6000.0,0.0,9748.0,3748.0,65800000.0
2013,中鋼構,上市,0.0,0.0,3020.0,3020.0,200000000.0
6645,金萬林-創,上市,17000.0,0.0,-13997.0,3003.0,60864050.0
3130,一零四,上市,3001.0,0.0,0.0,3001.0,33190700.0
6464,台數科,上市,3000.0,0.0,0.0,3000.0,125013138.0
3679,新至陞,上市,2000.0,0.0,1000.0,3000.0,63022229.0
4441,振大環球,上市,3000.0,0.0,0.0,3000.0,68017578.0
6115,鎰勝,上市,2000.0,0.0,1000.0,3000.0,187662154.0
2114,鑫永銓,上市,3000.0,0.0,0.0,3000.0,77991707.0
2433,互盛電,上市,3000.0,0.0,0.0,3000.0,144496011.0
2702,華園,上市,2000.0,0.0,1000.0,3000.0,156613249.0
6951,青新-創,上市,0.0,0.0,3000.0,3000.0,46000000.0
3717,聯嘉投控,上市,2999.0,0.0,0.0,2999.0,207845445.0
6928,攸泰科技,上市,3000.0,0.0,-86.0,2914.0,86000000.0
6591,動力-KY,上市,4000.0,0.0,-1443.0,2557.0,41122465.0
6641,基士德-KY,上市,1000.0,0.0,1000.0,2000.0,36500000.0
1323,永裕,上市,3000.0,0.0,-1000.0,2000.0,91274554.0
1730,花仙子,上市,2000.0,0.0,0.0,2000.0,63233851.0
8482,商億-KY,上市,1000.0,0.0,1000.0,2000.0,107444000.0
9925,新保,上市,1000.0,0.0,1000.0,2000.0,387489605.0
5546,永固-KY,上市,4000.0,0.0,-2000.0,2000.0,82353402.0
2910,統領,上市,2000.0,0.0,0.0,2000.0,175403000.0
2891B,中信金乙特,上市,0.0,0.0,2000.0,2000.0,333330000.0
2904,匯僑,上市,2000.0,0.0,0.0,2000.0,77834432.0
2923,鼎固-KY,上市,2000.0,0.0,0.0,2000.0,1740296982.0
2722,夏都,上市,2000.0,0.0,0.0,2000.0,143169696.0
2008,高興昌,上市,2000.0,0.0,0.0,2000.0,190852293.0
00771,元大US高息特別股,上市,0.0,0.0,2000.0,2000.0,15225000.0
1236,宏亞,上市,4000.0,0.0,-2000.0,2000.0,86674008.0
1539,巨庭,上市,2000.0,0.0,0.0,2000.0,65370000.0
1521,大億,上市,2000.0,0.0,0.0,2000.0,76230000.0
1472,三洋實業,上市,1000.0,0.0,1000.0,2000.0,52488082.0
1456,怡華,上市,2000.0,0.0,0.0,2000.0,93720000.0
1324,地球,上市,1000.0,0.0,1000.0,2000.0,75121882.0
6771,平和環保-創,上市,2000.0,0.0,0.0,2000.0,31179500.0
3266,昇陽,上市,2000.0,0.0,0.0,2000.0,352314309.0
00739,元大MSCI A股,上市,5000.0,0.0,-3025.0,1975.0,29488000.0
6671,三能-KY,上市,2000.0,0.0,-128.0,1872.0,60750000.0
3149,正達,上市,2000.0,0.0,-323.0,1677.0,226233604.0
1735,日勝化,上市,2001.0,0.0,-325.0,1676.0,99388000.0
1906,寶隆,上市,-3000.0,0.0,4618.0,1618.0,151000000.0
4961,天鈺,上市,383477.0,-383658.0,1724.0,1543.0,121253603.0
9958,世紀鋼,上市,-39990.0,68000.0,-26784.0,1226.0,246896665.0
00861,元大全球未來通訊,上市,31000.0,0.0,-29939.0,1061.0,77912000.0
1410,南染,上市,-2000.0,0.0,3000.0,1000.0,62000000.0
1438,三地開發,上市,1000.0,0.0,0.0,1000.0,111205759.0
1468,昶和,上市,1000.0,0.0,0.0,1000.0,160405244.0
1441,大東,上市,1000.0,0.0,0.0,1000.0,71744387.0
1506,正道,上市,1000.0,0.0,0.0,1000.0,300388501.0
1203,味王,上市,1000.0,0.0,0.0,1000.0,240000000.0
01001T,土銀富邦R1,上市,1000.0,0.0,0.0,1000.0,0.0
2024,志聯,上市,1000.0,0.0,0.0,1000.0,97500000.0
1726,永記,上市,1000.0,0.0,0.0,1000.0,162000000.0
2115,六暉-KY,上市,1000.0,0.0,0.0,1000.0,104373163.0
2254,巨鎧精密-創,上市,1000.0,0.0,0.0,1000.0,63907680.0
2496,卓越,上市,1000.0,0.0,0.0,1000.0,19100440.0
2497,怡利電,上市,1000.0,0.0,0.0,1000.0,122799676.0
1470,大統新創,上市,1000.0,0.0,0.0,1000.0,85767000.0
020037,元大金融高股息N,上市,0.0,0.0,1000.0,1000.0,0.0
1413,宏洲,上市,1000.0,0.0,0.0,1000.0,132112454.0
1443,立益物流,上市,1000.0,0.0,0.0,1000.0,135343011.0
8488,吉源-KY,上市,1000.0,0.0,0.0,1000.0,73500000.0
8466,美吉吉-KY,上市,1000.0,0.0,0.0,1000.0,79825628.0
7736,虎山,上市,1000.0,0.0,0.0,1000.0,76000000.0
6754,匯僑設計,上市,1000.0,0.0,0.0,1000.0,66000000.0
6887,寶綠特-KY,上市,-2000.0,0.0,3000.0,1000.0,74116512.0
6916,華凌,上市,1000.0,0.0,0.0,1000.0,67500000.0
4994,傳奇,上市,1000.0,0.0,0.0,1000.0,66383400.0
5538,東明-KY,上市,1000.0,0.0,0.0,1000.0,201203333.0
4190,佐登-KY,上市,0.0,0.0,1000.0,1000.0,61682812.0
3168,眾福科,上市,1000.0,0.0,0.0,1000.0,77099649.0
3432,台端,上市,1000.0,0.0,0.0,1000.0,42230000.0
3557,嘉威,上市,1000.0,0.0,0.0,1000.0,84315435.0
2939,永邑-KY,上市,1000.0,0.0,0.0,1000.0,45548665.0
2945,三商家購,上市,1000.0,0.0,0.0,1000.0,67500000.0
2901,欣欣,上市,1000.0,0.0,0.0,1000.0,73043283.0
2887G,台新新光庚特一,上市,1000.0,0.0,0.0,1000.0,75000000.0
6582,申豐,上市,3000.0,0.0,-2000.0,1000.0,106174141.0
7631,聚賢研發-創,上市,1000.0,0.0,0.0,1000.0,19800000.0
2007,燁興,上市,1000.0,0.0,0.0,1000.0,530651613.0
1341,富林-KY,上市,1000.0,0.0,0.0,1000.0,52850634.0
6581,鋼聯,上市,1000.0,0.0,0.0,1000.0,111270887.0
6924,榮惠-KY創,上市,1000.0,0.0,-73.0,927.0,20850000.0
00668,國泰美國道瓊,上市,0.0,0.0,777.0,777.0,13033000.0
00636K,國泰中國A50+U,上市,0.0,0.0,100.0,100.0,62100.0
00657K,國泰日經225+U,上市,0.0,0.0,0.0,0.0,2900.0
00668K,國泰美國道瓊+U,上市,0.0,0.0,0.0,0.0,2500.0
00681R,元大美債20反1,上市,4000.0,0.0,-4000.0,0.0,7594000.0
00711B,復華彭博新興債,上市,-1000.0,0.0,1000.0,0.0,1006261000.0
00689R,國泰20年美債反1,上市,0.0,0.0,0.0,0.0,6889000.0
1233,天仁,上市,1000.0,0.0,-1000.0,0.0,90591948.0
1530,亞崴,上市,0.0,0.0,0.0,0.0,94594171.0
1439,雋揚,上市,0.0,0.0,0.0,0.0,92000000.0
1435,中福,上市,0.0,0.0,0.0,0.0,139780080.0
2459,敦吉,上市,-3000.0,0.0,3000.0,0.0,105595615.0
2424,隴華,上市,0.0,0.0,0.0,0.0,58345000.0
2712,遠雄來,上市,0.0,0.0,0.0,0.0,105000000.0
2506,太設,上市,0.0,0.0,0.0,0.0,387000000.0
2373,震旦行,上市,0.0,0.0,0.0,0.0,236202518.0
1725,元禎,上市,1000.0,0.0,-1000.0,0.0,181829978.0
1776,展宇,上市,0.0,0.0,0.0,0.0,60106952.0
6988,威力暘-創,上市,0.0,0.0,0.0,0.0,47600000.0
7732,金興精密,上市,0.0,0.0,0.0,0.0,64680000.0
6914,阜爾運通,上市,-4000.0,0.0,4000.0,0.0,66226000.0
6666,羅麗芬-KY,上市,0.0,0.0,0.0,0.0,47388000.0
6655,科定,上市,0.0,0.0,0.0,0.0,80571817.0
8443,阿瘦,上市,-1000.0,0.0,1000.0,0.0,66800000.0
9931,欣高,上市,0.0,0.0,0.0,0.0,120369303.0
9944,新麗,上市,1000.0,0.0,-1000.0,0.0,105908100.0
8940,新天地,上市,0.0,0.0,0.0,0.0,67491032.0
9912,偉聯,上市,1000.0,0.0,-1000.0,0.0,54170569.0
1315,達新,上市,0.0,0.0,0.0,0.0,99099000.0
1731,美吾華,上市,0.0,0.0,0.0,0.0,132915244.0
2881B,富邦金乙特,上市,0.0,0.0,0.0,0.0,666660000.0
3054,立萬利,上市,0.0,0.0,0.0,0.0,80651041.0
3652,精聯,上市,-2000.0,0.0,2000.0,0.0,75097500.0
3164,景岳,上市,0.0,0.0,0.0,0.0,86010364.0
4581,光隆精密-KY,上市,1000.0,0.0,-1000.0,0.0,33899000.0
5906,台南-KY,上市,0.0,0.0,0.0,0.0,35741412.0
6958,日盛台駿,上市,0.0,0.0,0.0,0.0,403289360.0
7750,新代,上市,0.0,0.0,0.0,0.0,71843000.0
9929,秋雨,上市,1000.0,0.0,-1000.0,0.0,101280000.0
6183,關貿,上市,0.0,0.0,-10.0,-10.0,150000000.0
5525,順天,上市,1000.0,0.0,-2000.0,-1000.0,318105378.0
4572,駐龍,上市,-2000.0,0.0,1000.0,-1000.0,4000000.0
4807,日成-KY,上市,-1000.0,0.0,0.0,-1000.0,38396032.0
1531,高林股,上市,-1000.0,0.0,0.0,-1000.0,182108080.0
9926,新海,上市,-1000.0,0.0,0.0,-1000.0,179504075.0
9918,欣天然,上市,-1000.0,0.0,0.0,-1000.0,180537453.0
8481,政伸,上市,-1000.0,0.0,0.0,-1000.0,66601866.0
2348A,海悅甲特,上市,-1000.0,0.0,0.0,-1000.0,30000000.0
020038,元大ESG配息N,上市,0.0,0.0,-1000.0,-1000.0,0.0
2483,百容,上市,-5000.0,0.0,4000.0,-1000.0,107889807.0
1423,利華,上市,-1000.0,0.0,0.0,-1000.0,99648000.0
1535,中宇,上市,-1000.0,0.0,0.0,-1000.0,123742552.0
1512,瑞利,上市,2000.0,0.0,-3000.0,-1000.0,98183498.0
1474,弘裕,上市,-4000.0,0.0,3000.0,-1000.0,129896969.0
1525,江申,上市,-1000.0,0.0,0.0,-1000.0,73400135.0
911868,同方友友-DR,上市,-1000.0,0.0,0.0,-1000.0,140000000.0
020030,統一智慧電動車N,上市,0.0,0.0,-1000.0,-1000.0,0.0
2432,倚天酷碁-創,上市,0.0,0.0,-1000.0,-1000.0,61860000.0
2227,裕日車,上市,2993.0,0.0,-4000.0,-1007.0,300000000.0
00949,復華日本龍頭,上市,161000.0,0.0,-162038.0,-1038.0,214428000.0
1256,鮮活果汁-KY,上市,-1051.0,0.0,0.0,-1051.0,35772160.0
1339,昭輝,上市,-3000.0,0.0,1774.0,-1226.0,74123875.0
4999,鑫禾,上市,-3000.0,0.0,1701.0,-1299.0,74417200.0
6201,亞弘電,上市,-2000.0,0.0,0.0,-2000.0,89200000.0
4755,三福化,上市,-5000.0,0.0,3000.0,-2000.0,100706000.0
3138,耀登,上市,-3000.0,0.0,1000.0,-2000.0,50310363.0
2897B,王道銀乙特,上市,-2000.0,0.0,0.0,-2000.0,250000000.0
8411,福貞-KY,上市,-2000.0,0.0,0.0,-2000.0,218404319.0
6794,向榮生技,上市,-2000.0,0.0,0.0,-2000.0,63567000.0
020020,元大台股領航N,上市,0.0,0.0,-2000.0,-2000.0,0.0
00660,元大歐洲50,上市,0.0,0.0,-2000.0,-2000.0,7531000.0
2109,華豐,上市,-2000.0,0.0,0.0,-2000.0,279349134.0
2028,威致,上市,-2000.0,0.0,0.0,-2000.0,325714800.0
1516,川飛,上市,0.0,0.0,-2000.0,-2000.0,40008195.0
2250,IKKA-KY,上市,-2000.0,0.0,-1.0,-2001.0,36388226.0
0057,富邦摩台,上市,-45.0,0.0,-1956.0,-2001.0,1527000.0
1611,中電,上市,-6000.0,0.0,3483.0,-2517.0,322735742.0
2460,建通,上市,-1000.0,0.0,-1874.0,-2874.0,169200000.0
6698,旭暉應材,上市,-3000.0,0.0,10.0,-2990.0,66389753.0
6674,鋐寶科技,上市,-3000.0,0.0,0.0,-3000.0,68835659.0
3021,鴻名,上市,-3000.0,0.0,0.0,-3000.0,94890000.0
4148,全宇生技-KY,上市,-3000.0,0.0,0.0,-3000.0,67235701.0
5007,三星,上市,0.0,0.0,-3000.0,-3000.0,294940154.0
2012,春雨,上市,-1000.0,0.0,-2000.0,-3000.0,302162700.0
2314,台揚,上市,-3000.0,0.0,0.0,-3000.0,106126422.0
2425,承啟,上市,-4000.0,0.0,1000.0,-3000.0,96498831.0
006203,元大MSCI台灣,上市,0.0,0.0,-3000.0,-3000.0,10218000.0
1235,興泰,上市,-4000.0,0.0,1000.0,-3000.0,188577836.0
1108,幸福,上市,-3000.0,0.0,0.0,-3000.0,404738049.0
1465,偉全,上市,1000.0,0.0,-4000.0,-3000.0,103607267.0
1473,台南,上市,-2000.0,0.0,-1000.0,-3000.0,146153534.0
1558,伸興,上市,-2000.0,0.0,-1000.0,-3000.0,66535631.0
6108,競國,上市,-7000.0,0.0,3891.0,-3109.0,159899311.0
6658,聯策,上市,-3000.0,0.0,-412.0,-3412.0,36370000.0
00657,國泰日經225,上市,40000.0,0.0,-43459.0,-3459.0,7084000.0
00875,國泰網路資安,上市,4000.0,0.0,-7511.0,-3511.0,14988000.0
6670,復盛應用,上市,-45350.0,-45000.0,86824.0,-3526.0,139386973.0
9937,全國,上市,-4000.0,0.0,175.0,-3825.0,309043000.0
00783,富邦中証500,上市,1000.0,0.0,-4947.0,-3947.0,10531000.0
1454,台富,上市,-4000.0,0.0,0.0,-4000.0,129833848.0
2453,凌群,上市,-5000.0,0.0,1000.0,-4000.0,100000000.0
2616,山隆,上市,-6000.0,0.0,2000.0,-4000.0,137281827.0
6504,南六,上市,-5000.0,0.0,1000.0,-4000.0,72600000.0
7730,暉盛-創,上市,-7000.0,0.0,3000.0,-4000.0,36796731.0
6931,青松健康,上市,-2000.0,0.0,-2000.0,-4000.0,66152160.0
3296,勝德,上市,-1000.0,0.0,-3000.0,-4000.0,96724450.0
3311,閎暉,上市,-4000.0,0.0,-83.0,-4083.0,100000000.0
6472,保瑞,上市,79441.0,-31977.0,-51643.0,-4179.0,124454023.0
6936,永鴻生技,上市,-3000.0,0.0,-2000.0,-5000.0,72759000.0
1457,宜進,上市,-2000.0,0.0,-3000.0,-5000.0,316730022.0
3308,聯德,上市,-6000.0,0.0,1000.0,-5000.0,60000000.0
4108,懷特,上市,-5000.0,0.0,0.0,-5000.0,198618879.0
2509,全坤建,上市,-5000.0,0.0,0.0,-5000.0,224550530.0
2440,太空梭,上市,-6000.0,0.0,1000.0,-5000.0,139117271.0
2248,華勝-KY,上市,2000.0,0.0,-7000.0,-5000.0,47600000.0
2025,千興,上市,-2000.0,0.0,-3000.0,-5000.0,172660536.0
1338,廣華-KY,上市,-5000.0,0.0,0.0,-5000.0,83840000.0
1467,南緯,上市,-5000.0,0.0,0.0,-5000.0,233624667.0
9943,好樂迪,上市,-5000.0,0.0,0.0,-5000.0,125171510.0
3592,瑞鼎,上市,25254.0,-31392.0,978.0,-5160.0,75855226.0
1419,新紡,上市,-6000.0,0.0,23.0,-5977.0,300041280.0
4585,達明,上市,-4990.0,0.0,-1000.0,-5990.0,102800000.0
4935,茂林-KY,上市,-7000.0,0.0,1000.0,-6000.0,128864091.0
6128,上福,上市,-2000.0,0.0,-4000.0,-6000.0,127588740.0
3002,歐格,上市,-10000.0,0.0,4000.0,-6000.0,102000000.0
1418,東華,上市,-6000.0,0.0,0.0,-6000.0,56834309.0
6552,易華電,上市,-7000.0,0.0,1000.0,-6000.0,83000000.0
2891C,中信金丙特,上市,0.0,0.0,-6000.0,-6000.0,166660000.0
6969,成信實業*-創,上市,-19000.0,0.0,12973.0,-6027.0,38142903.0
8341,日友,上市,12000.0,0.0,-18891.0,-6891.0,130000000.0
9908,大台北,上市,-11000.0,0.0,4000.0,-7000.0,516358000.0
6796,晉弘,上市,-8000.0,0.0,1000.0,-7000.0,38233970.0
6909,創控,上市,-7000.0,0.0,0.0,-7000.0,67171700.0
3011,今皓,上市,-8000.0,0.0,1000.0,-7000.0,112719251.0
3494,誠研,上市,-6000.0,0.0,-1000.0,-7000.0,94800000.0
4440,宜新實業,上市,-5000.0,0.0,-2000.0,-7000.0,67598000.0
1445,大宇,上市,-4000.0,0.0,-3000.0,-7000.0,130666034.0
1903,士紙,上市,-8000.0,0.0,1000.0,-7000.0,260039121.0
1752,南光,上市,-6000.0,0.0,-1000.0,-7000.0,100988472.0
2397,友通,上市,-7000.0,0.0,0.0,-7000.0,114488857.0
6807,峰源-KY,上市,-7000.0,0.0,0.0,-7000.0,54000000.0
2488,漢平,上市,-8000.0,0.0,999.0,-7001.0,79999433.0
2029,盛餘,上市,-9000.0,0.0,1928.0,-7072.0,321180000.0
4106,雃博,上市,-7000.0,0.0,-189.0,-7189.0,100911557.0
3338,泰碩,上市,-8000.0,0.0,622.0,-7378.0,87908141.0
1762,中化生,上市,-9000.0,0.0,1135.0,-7865.0,76918000.0
1733,五鼎,上市,-7000.0,-1000.0,0.0,-8000.0,99950192.0
6024,群益期,上市,-8000.0,0.0,0.0,-8000.0,249937584.0
6136,富爾特,上市,-8000.0,0.0,0.0,-8000.0,115536412.0
6918,愛派司,上市,-8000.0,0.0,0.0,-8000.0,34571000.0
6657,華安,上市,-8000.0,0.0,0.0,-8000.0,88658000.0
4588,玖鼎電力,上市,-8000.0,0.0,0.0,-8000.0,42985000.0
2438,翔耀,上市,-7000.0,0.0,-1000.0,-8000.0,65195641.0
1232,大統益,上市,-6000.0,0.0,-2450.0,-8450.0,159974915.0
2850,新產,上市,-16000.0,1000.0,6307.0,-8693.0,315963300.0
4137,麗豐-KY,上市,-10000.0,0.0,1092.0,-8908.0,82492350.0
1451,年興,上市,-8000.0,0.0,-1000.0,-9000.0,198000000.0
8476,台境*,上市,-4000.0,0.0,-5000.0,-9000.0,166226358.0
6835,圓裕,上市,-9000.0,0.0,0.0,-9000.0,66172297.0
3135,凌航,上市,-9000.0,0.0,0.0,-9000.0,77493405.0
3040,遠見,上市,-9000.0,0.0,0.0,-9000.0,63000000.0
2062,橋椿,上市,70000.0,-79000.0,-58.0,-9058.0,199994152.0
1453,大將,上市,-7000.0,0.0,-3000.0,-10000.0,113243048.0
00851,台新全球AI,上市,0.0,0.0,-10000.0,-10000.0,6525000.0
6592A,和潤企業甲特,上市,0.0,-10000.0,0.0,-10000.0,50000000.0
2906,高林,上市,-10000.0,0.0,0.0,-10000.0,209116648.0
0053,元大電子,上市,1025.0,0.0,-11462.0,-10437.0,4988000.0
1786,科妍,上市,122000.0,0.0,-132826.0,-10826.0,72191688.0
1783,和康生,上市,-11000.0,0.0,0.0,-11000.0,89680115.0
1707,葡萄王,上市,21000.0,-28000.0,-4000.0,-11000.0,148137373.0
6168,宏齊,上市,-11000.0,0.0,0.0,-11000.0,206069801.0
1537,廣隆,上市,-12000.0,0.0,996.0,-11004.0,82062794.0
8499,鼎炫-KY,上市,-12000.0,0.0,587.0,-11413.0,41165557.0
2393,億光,上市,-382192.0,373000.0,-2310.0,-11502.0,443393086.0
2482,連宇,上市,-13000.0,0.0,1490.0,-11510.0,77882711.0
6861,睿生光電,上市,-11000.0,-1000.0,0.0,-12000.0,41531650.0
5215,科嘉-KY,上市,-15000.0,0.0,3000.0,-12000.0,64337500.0
3321,同泰,上市,-12000.0,0.0,0.0,-12000.0,53113769.0
2838A,聯邦銀甲特,上市,-12000.0,0.0,0.0,-12000.0,200000000.0
2239,英利-KY,上市,-8000.0,0.0,-4000.0,-12000.0,120346593.0
1432,大魯閣,上市,-9000.0,0.0,-3000.0,-12000.0,108000000.0
1466,聚隆,上市,-13000.0,0.0,0.0,-13000.0,111157320.0
1220,台榮,上市,-13000.0,0.0,0.0,-13000.0,177077944.0
2450,神腦,上市,-15000.0,0.0,2000.0,-13000.0,258252657.0
6792,詠業,上市,-13000.0,0.0,0.0,-13000.0,47875325.0
6598,ABC-KY,上市,-12000.0,0.0,-1000.0,-13000.0,102787561.0
1316,上曜,上市,-9000.0,-4000.0,-2.0,-13002.0,367089019.0
02001L,富邦蘋果正二N,上市,0.0,0.0,-14000.0,-14000.0,0.0
2466,冠西電,上市,-13000.0,0.0,-1000.0,-14000.0,173458697.0
2739,寒舍,上市,-15000.0,0.0,1000.0,-14000.0,91526000.0
020039,元大加權N,上市,0.0,0.0,-14000.0,-14000.0,0.0
6776,展碁國際,上市,-17000.0,0.0,3000.0,-14000.0,81581430.0
7705,三商餐飲,上市,-14000.0,0.0,0.0,-14000.0,66067304.0
4930,燦星網,上市,-14000.0,0.0,0.0,-14000.0,80000000.0
1760,寶齡富錦,上市,-14000.0,0.0,0.0,-14000.0,85739013.0
00654R,富邦印度反1,上市,0.0,0.0,-14002.0,-14002.0,20466000.0
5225,東科-KY,上市,-13970.0,0.0,-361.0,-14331.0,78416677.0
1817,凱撒衛,上市,-14000.0,0.0,-490.0,-14490.0,72600000.0
00896,中信綠能及電動車,上市,58000.0,0.0,-72954.0,-14954.0,221880000.0
1568,倉佑,上市,-15000.0,0.0,0.0,-15000.0,103086559.0
1734,杏輝,上市,-15000.0,0.0,0.0,-15000.0,190196774.0
4426,利勤,上市,-18000.0,0.0,3000.0,-15000.0,172677198.0
1460,宏遠,上市,-15000.0,0.0,0.0,-15000.0,694643484.0
1617,榮星,上市,-17000.0,0.0,1941.0,-15059.0,169514700.0
6799,來頡,上市,0.0,-16000.0,707.0,-15293.0,43059133.0
2362,藍天,上市,-31000.0,0.0,15626.0,-15374.0,622263000.0
5258,虹堡,上市,-17000.0,0.0,1562.0,-15438.0,110364894.0
6854,錼創科技-KY創,上市,-9000.0,0.0,-6473.0,-15473.0,117678622.0
1452,宏益,上市,-22000.0,0.0,6000.0,-16000.0,132641400.0
020034,元大IC設計N,上市,0.0,0.0,-17000.0,-17000.0,0.0
4439,冠星-KY,上市,-12000.0,0.0,-5000.0,-17000.0,38035800.0
6994,富威電力,上市,-17000.0,0.0,-593.0,-17593.0,73828571.0
6184,大豐電,上市,-18000.0,0.0,0.0,-18000.0,158261131.0
2882B,國泰金乙特,上市,0.0,0.0,-18000.0,-18000.0,700000000.0
2505,國揚,上市,-21000.0,0.0,3000.0,-18000.0,380000000.0
2536,宏普,上市,-18000.0,0.0,0.0,-18000.0,332808652.0
2106,建大,上市,-34000.0,0.0,15958.0,-18042.0,954890000.0
1524,耿鼎,上市,-18000.0,0.0,-377.0,-18377.0,165310397.0
6863,永道-KY,上市,-19000.0,0.0,582.0,-18418.0,74888000.0
3032,偉訓,上市,13000.0,0.0,-31429.0,-18429.0,113285626.0
6226,光鼎,上市,-20000.0,0.0,1000.0,-19000.0,115534789.0
3043,科風,上市,-19000.0,0.0,0.0,-19000.0,38975634.0
9942,茂順,上市,-20000.0,0.0,1000.0,-19000.0,83161320.0
1737,臺鹽,上市,-19000.0,0.0,0.0,-19000.0,200000000.0
3038,全台,上市,-19000.0,0.0,-9.0,-19009.0,157407603.0
6515,穎崴,上市,-14635.0,-1109.0,-4143.0,-19887.0,36049182.0
7791,皇家可口,上市,-20000.0,0.0,0.0,-20000.0,80000000.0
2243,宏旭-KY,上市,-17000.0,0.0,-3000.0,-20000.0,69373596.0
2704,國賓,上市,-20000.0,0.0,0.0,-20000.0,366923343.0
5283,禾聯碩,上市,-20000.0,0.0,0.0,-20000.0,73000425.0
2020,美亞,上市,-22000.0,0.0,1658.0,-20342.0,267031320.0
2636,台驊控股,上市,-12901.0,0.0,-8222.0,-21123.0,141835230.0
4583,台灣精銳,上市,-12934.0,-9001.0,731.0,-21204.0,80171351.0
00899,FT潔淨能源,上市,2000.0,0.0,-23897.0,-21897.0,22135000.0
1437,勤益控,上市,-32000.0,0.0,10000.0,-22000.0,203371284.0
1321,大洋,上市,-22000.0,0.0,0.0,-22000.0,227228268.0
6192,巨路,上市,-23000.0,0.0,302.0,-22698.0,96155770.0
00763U,期街口道瓊銅,上市,-8000.0,0.0,-14811.0,-22811.0,45565000.0
6669,緯穎,上市,-85181.0,118869.0,-56627.0,-22939.0,185840791.0
1337,再生-KY,上市,-23000.0,0.0,0.0,-23000.0,268954729.0
2540,愛山林,上市,-14000.0,-3000.0,-6000.0,-23000.0,944873965.0
1626,艾美特-KY,上市,-26000.0,0.0,3000.0,-23000.0,149821721.0
5471,松翰,上市,-23000.0,0.0,-53.0,-23053.0,167877062.0
6579,研揚,上市,-23000.0,0.0,-69.0,-23069.0,169451221.0
2402,毅嘉,上市,2627000.0,-2543000.0,-107764.0,-23764.0,307536533.0
2723,美食-KY,上市,-18000.0,0.0,-5996.0,-23996.0,180000000.0
2707,晶華,上市,-33000.0,0.0,9000.0,-24000.0,127403238.0
3530,晶相光,上市,-25000.0,0.0,584.0,-24416.0,77475900.0
5244,弘凱,上市,-35000.0,0.0,10000.0,-25000.0,68241899.0
1447,力鵬,上市,-71000.0,0.0,46000.0,-25000.0,910071242.0
4576,大銀微系統,上市,-15000.0,0.0,-10309.0,-25309.0,119801848.0
6477,安集,上市,-6000.0,0.0,-19314.0,-25314.0,123787196.0
2462,良得電,上市,-26000.0,0.0,606.0,-25394.0,150144074.0
1598,岱宇,上市,-30000.0,0.0,4558.0,-25442.0,179142092.0
8438,昶昕,上市,-26000.0,0.0,0.0,-26000.0,69943000.0
6281,全國電,上市,-26000.0,0.0,0.0,-26000.0,99172945.0
4119,旭富,上市,-24000.0,0.0,-2000.0,-26000.0,119508634.0
5292,華懋,上市,-25000.0,0.0,-1000.0,-26000.0,42108000.0
2887I,台新新光辛特,上市,-27000.0,0.0,0.0,-27000.0,3096420552.0
00916,國泰全球品牌50,上市,-260000.0,0.0,232660.0,-27340.0,70419000.0
1527,鑽全,上市,-28000.0,0.0,0.0,-28000.0,138570640.0
01007T,兆豐國泰R2,上市,-28000.0,0.0,0.0,-28000.0,0.0
6164,華興,上市,-33000.0,0.0,5000.0,-28000.0,80000000.0
4952,凌通,上市,-29000.0,0.0,993.0,-28007.0,108815816.0
00892,富邦台灣半導體,上市,-83000.0,0.0,54542.0,-28458.0,253792000.0
2727,王品,上市,-28677.0,-1049.0,1244.0,-28482.0,84451109.0
00647L,元大S&P500正2,上市,-2000.0,0.0,-26623.0,-28623.0,7416000.0
6443,元晶,上市,-20980.0,0.0,-7759.0,-28739.0,538691466.0
2069,運錩,上市,-24000.0,0.0,-5000.0,-29000.0,166386836.0
2929,淘帝-KY,上市,-25000.0,0.0,-4000.0,-29000.0,109493838.0
3607,谷崧,上市,-32000.0,0.0,3000.0,-29000.0,121662239.0
8213,志超,上市,-27000.0,0.0,-2000.0,-29000.0,271242488.0
009810,玉山全球藍籌100,上市,53000.0,0.0,-82405.0,-29405.0,26654000.0
6224,聚鼎,上市,-31900.0,0.0,2000.0,-29900.0,85645361.0
8105,凌巨,上市,-32000.0,0.0,2000.0,-30000.0,441544851.0
2032,新鋼,上市,-30000.0,0.0,0.0,-30000.0,130521545.0
2461,光群雷,上市,-30000.0,0.0,0.0,-30000.0,173617284.0
00895,富邦未來車,上市,-54963.0,0.0,24602.0,-30361.0,174916000.0
9914,美利達,上市,28000.0,0.0,-58553.0,-30553.0,298983800.0
8442,威宏-KY,上市,-32000.0,0.0,1000.0,-31000.0,67476465.0
2406,國碩,上市,-36000.0,0.0,5000.0,-31000.0,350905689.0
6592B,和潤企業乙特,上市,0.0,-31000.0,0.0,-31000.0,50000000.0
4764,雙鍵,上市,-33900.0,0.0,2000.0,-31900.0,85542062.0
3686,達能,上市,-31000.0,0.0,-1000.0,-32000.0,76495118.0
02001S,策元大加權策略N,上市,0.0,0.0,-32000.0,-32000.0,0.0
8462,柏文,上市,-19000.0,0.0,-14000.0,-33000.0,79296063.0
6743,安普新,上市,-33000.0,0.0,0.0,-33000.0,150000000.0
4942,嘉彰,上市,-33000.0,0.0,-36.0,-33036.0,142367613.0
3563,牧德,上市,-39824.0,0.0,6109.0,-33715.0,58146234.0
3092,鴻碩,上市,-37000.0,0.0,3000.0,-34000.0,106552030.0
4536,拓凱,上市,-33000.0,0.0,-1291.0,-34291.0,90820000.0
4736,泰博,上市,-18000.0,2000.0,-20000.0,-36000.0,95374469.0
1414,東和,上市,-35000.0,-1000.0,0.0,-36000.0,220000000.0
1340,勝悅-KY,上市,-29000.0,0.0,-7000.0,-36000.0,152922855.0
1219,福壽,上市,-41000.0,0.0,4000.0,-37000.0,341238364.0
020031,統一IC設計臺灣N,上市,0.0,0.0,-37000.0,-37000.0,0.0
2439,美律,上市,-290000.0,336754.0,-84002.0,-37248.0,253895414.0
3029,零壹,上市,-47415.0,15000.0,-5432.0,-37847.0,167005212.0
4766,南寶,上市,-11862.0,-35000.0,8998.0,-37864.0,120570780.0
6117,迎廣,上市,-37000.0,0.0,-980.0,-37980.0,91516615.0
6901,鑽石投資,上市,-39000.0,0.0,1000.0,-38000.0,851800000.0
6782,視陽,上市,-1000.0,-38000.0,616.0,-38384.0,63000000.0
2404,漢唐,上市,211649.0,-355580.0,104605.0,-39326.0,190586698.0
00943,兆豐電子高息等權,上市,29000.0,0.0,-68482.0,-39482.0,52389000.0
4977,眾達-KY,上市,-23000.0,0.0,-16670.0,-39670.0,80189841.0
9905,大華,上市,-40000.0,0.0,0.0,-40000.0,305000000.0
2390,云辰,上市,-41000.0,0.0,1000.0,-40000.0,192619442.0
4949,有成精密,上市,-39900.0,0.0,-540.0,-40440.0,67050543.0
00934,中信成長高股息,上市,-37000.0,0.0,-3655.0,-40655.0,497526000.0
3588,通嘉,上市,-41000.0,0.0,42.0,-40958.0,62014182.0
5306,桂盟,上市,-41000.0,0.0,0.0,-41000.0,126000772.0
1589,永冠-KY,上市,-42000.0,0.0,956.0,-41044.0,153135941.0
9103,美德醫療-DR,上市,-41000.0,0.0,-934.0,-41934.0,205531500.0
6715,嘉基,上市,-42937.0,0.0,627.0,-42310.0,66364505.0
2705,六福,上市,-38000.0,0.0,-5000.0,-43000.0,191312830.0
2414,精技,上市,-43000.0,0.0,0.0,-43000.0,161735846.0
1231,聯華食,上市,-44300.0,0.0,1252.0,-43048.0,298454475.0
2514,龍邦,上市,-44000.0,0.0,851.0,-43149.0,394729278.0
9935,慶豐富,上市,-44000.0,0.0,0.0,-44000.0,177838926.0
6902,GOGOLOOK,上市,-44000.0,0.0,0.0,-44000.0,35356638.0
6112,邁達特,上市,-39000.0,0.0,-5119.0,-44119.0,188357336.0
2015,豐興,上市,-8000.0,0.0,-36238.0,-44238.0,581599424.0
2302,麗正,上市,-49000.0,-1000.0,5000.0,-45000.0,166302881.0
3094,聯傑,上市,-47000.0,0.0,1430.0,-45570.0,83117089.0
00703,台新MSCI中國,上市,1000.0,0.0,-46990.0,-45990.0,11550000.0
6534,正瀚-創,上市,-45768.0,0.0,-644.0,-46412.0,102800000.0
6949,沛爾生醫*-創,上市,-46000.0,0.0,-751.0,-46751.0,58609550.0
2484,希華,上市,-48000.0,0.0,1217.0,-46783.0,159421022.0
4438,廣越,上市,-49000.0,0.0,2000.0,-47000.0,113425455.0
6197,佳必琪,上市,7000.0,-45000.0,-9111.0,-47111.0,122085882.0
6873,泓德能源,上市,-45000.0,-1194.0,-961.0,-47155.0,141872370.0
2601,益航,上市,-36000.0,0.0,-12000.0,-48000.0,824776067.0
00921,兆豐龍頭等權重,上市,51000.0,0.0,-99059.0,-48059.0,102270000.0
1604,聲寶,上市,-50000.0,0.0,1000.0,-49000.0,384200000.0
1709,和益,上市,-49000.0,0.0,0.0,-49000.0,477016272.0
2206,三陽工業,上市,-50011.0,-5817.0,5000.0,-50828.0,791796604.0
3533,嘉澤,上市,23558.0,-59503.0,-15565.0,-51510.0,112534691.0
6438,迅得,上市,-68023.0,0.0,16356.0,-51667.0,82206325.0
4571,鈞興-KY,上市,-46000.0,0.0,-5885.0,-51885.0,53017115.0
00674R,期元大S&P黃金反1,上市,0.0,0.0,-52704.0,-52704.0,89103000.0
6216,居易,上市,-54000.0,0.0,1038.0,-52962.0,96189637.0
2423,固緯,上市,-51000.0,0.0,-2000.0,-53000.0,145047289.0
6426,統新,上市,-54000.0,0.0,0.0,-54000.0,38509000.0
6491,晶碩,上市,-48000.0,6000.0,-12252.0,-54252.0,78000000.0
4976,佳凌,上市,-55000.0,0.0,285.0,-54715.0,141408000.0
3051,力特,上市,-55000.0,0.0,0.0,-55000.0,167000000.0
00678,群益那斯達克生技,上市,-8000.0,0.0,-47748.0,-55748.0,8448000.0
2383,台光電,上市,-149323.0,91393.0,1874.0,-56056.0,346773599.0
6206,飛捷,上市,-16000.0,-40000.0,-287.0,-56287.0,143062324.0
2331,精英,上市,137000.0,0.0,-194000.0,-57000.0,557402968.0
1342,八貫,上市,-57000.0,0.0,0.0,-57000.0,78615259.0
2022,聚亨,上市,-57000.0,0.0,0.0,-57000.0,337168138.0
1104,環泥,上市,-41000.0,5000.0,-21107.0,-57107.0,686681816.0
1201,味全,上市,-47000.0,0.0,-10485.0,-57485.0,506062914.0
3518,柏騰,上市,-59000.0,0.0,1000.0,-58000.0,97887230.0
3041,揚智,上市,-58000.0,0.0,-397.0,-58397.0,140223647.0
5531,鄉林,上市,-58523.0,0.0,0.0,-58523.0,1077589245.0
00912,中信臺灣智慧50,上市,-26940.0,0.0,-32461.0,-59401.0,57253000.0
00640L,富邦日本正2,上市,0.0,0.0,-59730.0,-59730.0,10919000.0
1436,華友聯,上市,-48800.0,0.0,-11078.0,-59878.0,172700652.0
1713,國化,上市,-50000.0,0.0,-10000.0,-60000.0,150951700.0
4746,台耀,上市,-58000.0,0.0,-2036.0,-60036.0,120255963.0
2471,資通,上市,-61000.0,0.0,0.0,-61000.0,47253890.0
6541,泰福-KY,上市,-61000.0,0.0,-393.0,-61393.0,264680367.0
1446,宏和,上市,-62000.0,0.0,0.0,-62000.0,137709513.0
00690,兆豐藍籌30,上市,51000.0,0.0,-114669.0,-63669.0,77830000.0
6446,藥華藥,上市,-60054.0,-6000.0,1933.0,-64121.0,379220704.0
2480,敦陽科,上市,-21000.0,-42884.0,-295.0,-64179.0,106360291.0
9911,櫻花,上市,-61000.0,-14000.0,10563.0,-64437.0,222389584.0
8478,東哥遊艇,上市,-65000.0,0.0,-631.0,-65631.0,93972276.0
9917,中保科,上市,-63000.0,-8000.0,5000.0,-66000.0,451197093.0
4912,聯德控股-KY,上市,-66000.0,0.0,0.0,-66000.0,65303099.0
6141,柏承,上市,-67000.0,0.0,1000.0,-66000.0,113354005.0
4960,誠美材,上市,-67000.0,0.0,13.0,-66987.0,571705388.0
1773,勝一,上市,-67116.0,0.0,-70.0,-67186.0,300000000.0
0051,元大中型100,上市,5000.0,0.0,-72320.0,-67320.0,23000000.0
3046,建碁,上市,-68999.0,0.0,1000.0,-67999.0,78448013.0
5706,鳳凰,上市,-70000.0,0.0,2000.0,-68000.0,84910920.0
2535,達欣工,上市,-71000.0,0.0,1729.0,-69271.0,270793967.0
5907,大洋-KY,上市,-70000.0,0.0,0.0,-70000.0,195531000.0
2374,佳能,上市,22769.0,-4000.0,-89885.0,-71116.0,324587133.0
7780,大研生醫*,上市,-72000.0,0.0,0.0,-72000.0,81002417.0
2305,全友,上市,-75000.0,0.0,2000.0,-73000.0,205660827.0
4555,氣立,上市,-74000.0,0.0,1000.0,-73000.0,69984037.0
8464,億豐,上市,-63382.0,-2621.0,-7034.0,-73037.0,293020200.0
6756,威鋒電子,上市,-82000.0,8000.0,52.0,-73948.0,69868000.0
3027,盛達,上市,-75000.0,0.0,0.0,-75000.0,116039561.0
3454,晶睿,上市,-77000.0,0.0,2000.0,-75000.0,86567893.0
3356,奇偶,上市,-75000.0,0.0,-2.0,-75002.0,79941672.0
1301,台塑,上市,2318159.0,-2043082.0,-350717.0,-75640.0,6365740781.0
6923,中台,上市,-74000.0,0.0,-1700.0,-75700.0,91488000.0
2465,麗臺,上市,-73803.0,0.0,-2144.0,-75947.0,93946031.0
6933,AMAX-KY,上市,-76000.0,0.0,0.0,-76000.0,42138907.0
2753,八方雲集,上市,-60631.0,-1000.0,-14411.0,-76042.0,66644796.0
2431,聯昌,上市,-78000.0,0.0,1522.0,-76478.0,110927014.0
6152,百一,上市,-80000.0,0.0,3000.0,-77000.0,167738463.0
2485,兆赫,上市,6000.0,0.0,-83202.0,-77202.0,317689037.0
5533,皇鼎,上市,-78000.0,0.0,0.0,-78000.0,285244944.0
4545,銘鈺,上市,-78000.0,0.0,0.0,-78000.0,77000000.0
3209,全科,上市,-102000.0,-3692.0,27000.0,-78692.0,234712751.0
3617,碩天,上市,-49000.0,-30000.0,-1918.0,-80918.0,94166049.0
2059,川湖,上市,-133477.0,49612.0,864.0,-83001.0,95297072.0
6526,達發,上市,-77992.0,-8000.0,1772.0,-84220.0,167505554.0
2352,佳世達,上市,-507352.0,496000.0,-72902.0,-84254.0,1580506505.0
8033,雷虎,上市,-94000.0,0.0,9396.0,-84604.0,152629775.0
4967,十銓,上市,-15000.0,-1000.0,-69558.0,-85558.0,84963288.0
00964,中信亞太高股息,上市,0.0,0.0,-86010.0,-86010.0,17624000.0
5243,乙盛-KY,上市,-78000.0,0.0,-8494.0,-86494.0,168528915.0
6585,鼎基,上市,-73000.0,0.0,-13717.0,-86717.0,72133587.0
6416,瑞祺電通,上市,-86000.0,0.0,-1000.0,-87000.0,73348460.0
2030,彰源,上市,-89000.0,0.0,2000.0,-87000.0,280526027.0
3380,明泰,上市,-170004.0,-12000.0,94704.0,-87300.0,541718460.0
6525,捷敏-KY,上市,-89000.0,0.0,1000.0,-88000.0,129047384.0
5607,遠雄港,上市,-70000.0,0.0,-19000.0,-89000.0,370552913.0
1702,南僑,上市,-221000.0,130000.0,1705.0,-89295.0,294132962.0
2838,聯邦銀,上市,-35000.0,-46000.0,-9098.0,-90098.0,4340551779.0
4104,佳醫,上市,-90050.0,0.0,-627.0,-90677.0,171567456.0
4557,永新-KY,上市,-92000.0,0.0,-2000.0,-94000.0,47971840.0
2887Z1,台新新光己特,上市,-94000.0,0.0,0.0,-94000.0,300000000.0
6196,帆宣,上市,1153362.0,-1262000.0,13390.0,-95248.0,202204480.0
2228,劍麟,上市,-90334.0,0.0,-6075.0,-96409.0,79531339.0
00661,元大日經225,上市,-3000.0,0.0,-93942.0,-96942.0,25425000.0
3708,上緯投控,上市,-252000.0,167000.0,-13067.0,-98067.0,107275529.0
3443,創意,上市,-169217.0,192450.0,-121384.0,-98151.0,134011911.0
00643,群益深証中小,上市,-29000.0,0.0,-71614.0,-100614.0,101573000.0
6451,訊芯-KY,上市,-82950.0,0.0,-18305.0,-101255.0,107464800.0
2364,倫飛,上市,-103000.0,0.0,355.0,-102645.0,52388648.0
1806,冠軍,上市,-80996.0,-23316.0,1000.0,-103312.0,390403870.0
3702,大聯大,上市,9943669.0,-10017020.0,-31027.0,-104378.0,1679056833.0
4968,立積,上市,-94000.0,12000.0,-22732.0,-104732.0,92209898.0
2204,中華,上市,137000.0,-255000.0,12542.0,-105458.0,553620342.0
6589,台康生技,上市,-92000.0,0.0,-14000.0,-106000.0,306189576.0
2009,第一銅,上市,-26000.0,0.0,-80747.0,-106747.0,359622165.0
3501,維熹,上市,-104000.0,0.0,-3000.0,-107000.0,118257927.0
3653,健策,上市,-31365.0,26133.0,-102494.0,-107726.0,142922005.0
2379,瑞昱,上市,217963.0,-421376.0,94973.0,-108440.0,512863641.0
2504,國產,上市,-142000.0,-1000.0,34503.0,-108497.0,1180000000.0
2637,慧洋-KY,上市,-61316.0,-6000.0,-41435.0,-108751.0,746409199.0
1560,中砂,上市,-97984.0,13500.0,-24844.0,-109328.0,146277234.0
6706,惠特,上市,-112950.0,0.0,3098.0,-109852.0,78568865.0
3050,鈺德,上市,-95000.0,0.0,-15000.0,-110000.0,154984450.0
3055,蔚華科,上市,-111000.0,0.0,52.0,-110948.0,114974918.0
4956,光鋐,上市,-112000.0,0.0,446.0,-111554.0,100408236.0
2420,新巨,上市,-109000.0,0.0,-3000.0,-112000.0,152648688.0
1789,神隆,上市,-118000.0,0.0,5912.0,-112088.0,790739222.0
8215,明基材,上市,-266000.0,149000.0,3000.0,-114000.0,320674514.0
4566,時碩工業,上市,-117000.0,0.0,500.0,-116500.0,109809726.0
4739,康普,上市,-76000.0,-43000.0,1895.0,-117105.0,118649269.0
6214,精誠,上市,-112200.0,-4260.0,-1044.0,-117504.0,272243066.0
6133,金橋,上市,-118000.0,0.0,0.0,-118000.0,117006294.0
00638R,元大滬深300反1,上市,-80000.0,0.0,-38600.0,-118600.0,33948000.0
3543,州巧,上市,-120000.0,0.0,209.0,-119791.0,89263150.0
8429,金麗-KY,上市,-121000.0,0.0,0.0,-121000.0,185747151.0
9924,福興,上市,-125400.0,0.0,0.0,-125400.0,150761736.0
00951,台新日本半導體,上市,51200.0,0.0,-176739.0,-125539.0,192042000.0
1434,福懋,上市,-172000.0,0.0,45381.0,-126619.0,1684664637.0
3550,聯穎,上市,-128000.0,0.0,1098.0,-126902.0,87550000.0
00908,富邦入息REITs+,上市,-27000.0,0.0,-100632.0,-127632.0,42416000.0
6442,光聖,上市,-214991.0,129000.0,-42637.0,-128628.0,77343078.0
00852L,國泰美國道瓊正2,上市,0.0,0.0,-129805.0,-129805.0,8865000.0
2426,鼎元,上市,-132000.0,0.0,1073.0,-130927.0,300622252.0
3437,榮創,上市,-133000.0,0.0,1000.0,-132000.0,144548000.0
2316,楠梓電,上市,-37000.0,-71000.0,-24397.0,-132397.0,182740536.0
5534,長虹,上市,-7000.0,0.0,-125532.0,-132532.0,290325960.0
6142,友勁,上市,-134000.0,0.0,0.0,-134000.0,330779215.0
1471,首利,上市,-137000.0,0.0,3000.0,-134000.0,150414536.0
5285,界霖,上市,-136000.0,0.0,1000.0,-135000.0,102040926.0
1721,國慶科技,上市,-138000.0,0.0,2133.0,-135867.0,184884092.0
3058,立德,上市,-126912.0,0.0,-10000.0,-136912.0,201722779.0
00952,凱基台灣AI50,上市,-43000.0,0.0,-94285.0,-137285.0,248775000.0
3705,永信,上市,-134000.0,0.0,-5612.0,-139612.0,266422983.0
2538,基泰,上市,-141000.0,0.0,0.0,-141000.0,445025495.0
1603,華電,上市,-140000.0,-2000.0,0.0,-142000.0,191688000.0
8016,矽創,上市,-283760.0,131345.0,9538.0,-142877.0,120136876.0
8114,振樺電,上市,-160583.0,13000.0,3250.0,-144333.0,76384772.0
2017,官田鋼,上市,-152000.0,0.0,6793.0,-145207.0,446874691.0
2108,南帝,上市,-142000.0,0.0,-4041.0,-146041.0,492416659.0
1449,佳和,上市,-150000.0,0.0,3412.0,-146588.0,127114572.0
2748,雲品,上市,-145000.0,0.0,-2000.0,-147000.0,105778740.0
2401,凌陽,上市,-40000.0,10000.0,-119007.0,-149007.0,591994919.0
2534,宏盛,上市,-154000.0,0.0,4110.0,-149890.0,474227970.0
5608,四維航,上市,-157025.0,0.0,6442.0,-150583.0,389271614.0
5388,中磊,上市,358409.0,25000.0,-536027.0,-152618.0,300429542.0
00683L,期元大美元指正2,上市,0.0,0.0,-154000.0,-154000.0,13934000.0
3031,佰鴻,上市,-130000.0,0.0,-24153.0,-154153.0,173203224.0
6790,永豐實,上市,14000.0,0.0,-168555.0,-154555.0,267129021.0
1325,恆大,上市,-156050.0,0.0,0.0,-156050.0,85281198.0
2537,聯上發,上市,-159000.0,0.0,2699.0,-156301.0,300557795.0
00850,元大臺灣ESG永續,上市,34229.0,30000.0,-225944.0,-161715.0,450944000.0
1904,正隆,上市,-112000.0,-14893.0,-39000.0,-165893.0,1108274522.0
00634R,富邦上証反1,上市,0.0,0.0,-170000.0,-170000.0,47256000.0
3047,訊舟,上市,-174000.0,0.0,3497.0,-170503.0,223700858.0
6409,旭隼,上市,-167806.0,-5633.0,949.0,-172490.0,87711366.0
8104,錸寶,上市,-172000.0,0.0,-2000.0,-174000.0,105058192.0
2611,志信,上市,-177000.0,0.0,1000.0,-176000.0,189002272.0
6177,達麗,上市,-172000.0,0.0,-4252.0,-176252.0,471878411.0
00752,中信中國50,上市,-6897.0,0.0,-169424.0,-176321.0,303716000.0
6202,盛群,上市,-187000.0,10000.0,-450.0,-177450.0,230388200.0
3042,晶技,上市,-7000.0,137000.0,-307543.0,-177543.0,342992971.0
2351,順德,上市,-143000.0,0.0,-34858.0,-177858.0,182140249.0
3026,禾伸堂,上市,-197000.0,-1000.0,14163.0,-183837.0,165890318.0
3052,夆典,上市,-187000.0,0.0,0.0,-187000.0,233245771.0
3014,聯陽,上市,-157823.0,-33025.0,-264.0,-191112.0,166035124.0
6414,樺漢,上市,-494390.0,297000.0,6051.0,-191339.0,137539720.0
1515,力山,上市,-195000.0,0.0,2551.0,-192449.0,181473500.0
1309,台達化,上市,-204000.0,0.0,10624.0,-193376.0,397586848.0
00692,富邦公司治理,上市,134020.0,0.0,-327507.0,-193487.0,669280000.0
1310,台苯,上市,-207000.0,0.0,10229.0,-196771.0,527869764.0
4915,致伸,上市,3104.0,-210725.0,10792.0,-196829.0,471174824.0
1809,中釉,上市,-202000.0,0.0,0.0,-202000.0,167041937.0
6166,凌華,上市,-201291.0,0.0,-1312.0,-202603.0,217497257.0
00770,國泰北美科技,上市,48000.0,0.0,-254000.0,-206000.0,78958000.0
1528,恩德,上市,-216000.0,0.0,4886.0,-211114.0,191331000.0
2010,春源,上市,-214000.0,0.0,2567.0,-211433.0,647655390.0
00762,元大全球AI,上市,37548.0,0.0,-251894.0,-214346.0,60248000.0
2102,泰豐,上市,-216000.0,0.0,1000.0,-215000.0,473329207.0
6165,浪凡,上市,-214000.0,0.0,-1000.0,-215000.0,77752623.0
1714,和桐,上市,-261000.0,0.0,45000.0,-216000.0,991824808.0
1708,東鹼,上市,-220000.0,0.0,3241.0,-216759.0,249001651.0
4306,炎洲,上市,-216000.0,0.0,-1000.0,-217000.0,676757216.0
9919,康那香,上市,-224000.0,0.0,5000.0,-219000.0,195362750.0
3022,威強電,上市,-225000.0,0.0,-213.0,-225213.0,176597790.0
2851,中再保,上市,-193000.0,0.0,-33000.0,-226000.0,800388750.0
2820,華票,上市,-230000.0,9000.0,-7000.0,-228000.0,1342960000.0
8081,致新,上市,-256775.0,22389.0,4899.0,-229487.0,86172072.0
2349,錸德,上市,-233000.0,0.0,0.0,-233000.0,693679663.0
00701,國泰股利精選30,上市,-26000.0,0.0,-207704.0,-233704.0,224891000.0
4989,榮科,上市,-286000.0,0.0,49616.0,-236384.0,137776500.0
00911,兆豐洲際半導體,上市,-602626.0,0.0,363940.0,-238686.0,19403000.0
3712,永崴投控,上市,-251000.0,-2741.0,3202.0,-250539.0,246242146.0
1215,卜蜂,上市,-216212.0,-27000.0,-7424.0,-250636.0,294790098.0
00686R,群益臺灣加權反1,上市,-5000.0,0.0,-245700.0,-250700.0,143776000.0
0055,元大MSCI金融,上市,1161.0,0.0,-253769.0,-252608.0,80654000.0
8011,台通,上市,-253000.0,0.0,-1000.0,-254000.0,165921891.0
2915,潤泰全,上市,200000.0,-444000.0,-10777.0,-254777.0,1104318772.0
3035,智原,上市,-171860.0,0.0,-84197.0,-256057.0,260550313.0
2436,偉詮電,上市,-263000.0,5000.0,8.0,-257992.0,201528074.0
1723,中碳,上市,-120501.0,-139000.0,-1000.0,-260501.0,236904480.0
2501,國建,上市,-285000.0,-1000.0,24323.0,-261677.0,1159561059.0
2395,研華,上市,-225320.0,-73353.0,32303.0,-266370.0,864167125.0
2387,精元,上市,-264000.0,-2704.0,-244.0,-266948.0,195251051.0
2328,廣宇,上市,-170000.0,0.0,-98108.0,-268108.0,518346282.0
2241,艾姆勒,上市,-286000.0,0.0,15000.0,-271000.0,104602306.0
2345,智邦,上市,-190326.0,3628.0,-84322.0,-271020.0,561117897.0
3048,益登,上市,-272000.0,0.0,239.0,-271761.0,269829794.0
2348,海悅,上市,-272000.0,0.0,-712.0,-272712.0,151898853.0
2412,中華電,上市,10672.0,-495165.0,208303.0,-276190.0,7757446545.0
2545,皇翔,上市,-280900.0,0.0,2855.0,-278045.0,379734808.0
8103,瀚荃,上市,-284850.0,0.0,1000.0,-283850.0,92278436.0
2405,輔信,上市,-286000.0,0.0,0.0,-286000.0,343427303.0
6531,愛普*,上市,-302570.0,120000.0,-103813.0,-286383.0,162492232.0
2458,義隆,上市,-854000.0,590000.0,-23753.0,-287753.0,303880392.0
1712,興農,上市,-210000.0,-104000.0,25252.0,-288748.0,420492585.0
1464,得力,上市,-292000.0,0.0,2000.0,-290000.0,425575733.0
1218,泰山,上市,-297000.0,0.0,2885.0,-294115.0,499999038.0
2528,皇普,上市,-300500.0,0.0,0.0,-300500.0,434026467.0
1319,東陽,上市,-731000.0,602203.0,-174464.0,-303261.0,591477068.0
2520,冠德,上市,-210800.0,0.0,-92972.0,-303772.0,609487110.0
2617,台航,上市,-307000.0,0.0,2403.0,-304597.0,417294487.0
3030,德律,上市,905132.0,-1194000.0,-18915.0,-307783.0,236216000.0
6213,聯茂,上市,983070.0,-996000.0,-296647.0,-309577.0,362957218.0
5284,jpp-KY,上市,-306908.0,0.0,-4341.0,-311249.0,50928860.0
009804,聯邦台精彩50,上市,82000.0,0.0,-401520.0,-319520.0,114392000.0
2883B,凱基金乙特,上市,-463000.0,0.0,141000.0,-322000.0,1582142374.0
1612,宏泰,上市,-336100.0,0.0,7334.0,-328766.0,316080063.0
6176,瑞儀,上市,-645900.0,376383.0,-64274.0,-333791.0,465027263.0
2539,櫻花建,上市,-332000.0,-4987.0,2352.0,-334635.0,1193102581.0
1608,華榮,上市,-230990.0,-2000.0,-101831.0,-334821.0,632773506.0
3515,華擎,上市,314200.0,-641000.0,-9725.0,-336525.0,123556329.0
00894,中信小資高價30,上市,-112800.0,0.0,-224506.0,-337306.0,132509000.0
5876,上海商銀,上市,-829665.0,-336168.0,826182.0,-339651.0,4861603140.0
00930,永豐ESG低碳高息,上市,-78000.0,0.0,-263877.0,-341877.0,285279000.0
2385,群光,上市,-768017.0,231000.0,194613.0,-342404.0,760053172.0
00757,統一FANG+,上市,478632.0,0.0,-821286.0,-342654.0,357994000.0
1442,名軒,上市,-344000.0,0.0,-694.0,-344694.0,366211358.0
2548,華固,上市,-282950.0,0.0,-62309.0,-345259.0,319718697.0
6806,森崴能源,上市,-397057.0,0.0,50283.0,-346774.0,274642902.0
1444,力麗,上市,-359000.0,0.0,10454.0,-348546.0,995595059.0
1711,永光,上市,-347000.0,0.0,-4376.0,-351376.0,547752226.0
2211,長榮鋼,上市,-435000.0,75000.0,7912.0,-352088.0,417091463.0
3090,日電貿,上市,-295468.0,-35820.0,-21879.0,-353167.0,287567150.0
1718,中纖,上市,-369000.0,0.0,12000.0,-357000.0,1685905745.0
3017,奇鋐,上市,4534.0,-86225.0,-285436.0,-367127.0,388167157.0
3673,TPK-KY,上市,-172489.0,0.0,-195207.0,-367696.0,406663759.0
00910,第一金太空衛星,上市,81094.0,0.0,-453500.0,-372406.0,73439000.0
2355,敬鵬,上市,-373000.0,0.0,-316.0,-373316.0,397495420.0
6278,台表科,上市,-770700.0,331743.0,65204.0,-373753.0,292398353.0
3312,弘憶股,上市,-364408.0,0.0,-10000.0,-374408.0,182626815.0
3576,聯合再生,上市,-385000.0,0.0,10000.0,-375000.0,1627795375.0
1727,中華化,上市,-375000.0,0.0,-1108.0,-376108.0,125365479.0
4142,國光生,上市,-388000.0,0.0,10000.0,-378000.0,429507750.0
2495,普安,上市,-286000.0,6000.0,-99792.0,-379792.0,273551538.0
2812,台中銀,上市,-367142.0,0.0,-15000.0,-382142.0,5921625921.0
1582,信錦,上市,-382000.0,0.0,-708.0,-382708.0,144268604.0
9934,成霖,上市,-391000.0,0.0,1000.0,-390000.0,411016962.0
5469,瀚宇博,上市,-1707000.0,1345000.0,-28621.0,-390621.0,486166000.0
00876,元大全球5G,上市,22663.0,0.0,-414524.0,-391861.0,81524000.0
00935,野村臺灣新科技50,上市,89350.0,0.0,-488578.0,-399228.0,413504000.0
2371,大同,上市,354001.0,313076.0,-1069498.0,-402421.0,2150834851.0
2455,全新,上市,-249000.0,4000.0,-170991.0,-415991.0,184905918.0
3062,建漢,上市,-403000.0,0.0,-18335.0,-421335.0,330177418.0
2486,一詮,上市,-157000.0,0.0,-268796.0,-425796.0,233958579.0
2892,第一金,上市,-435451.0,-742627.0,752151.0,-425927.0,14379468650.0
8163,達方,上市,-422000.0,-3751.0,-5967.0,-431718.0,280000001.0
6869,雲豹能源,上市,-426000.0,0.0,-5935.0,-431935.0,137830041.0
00865B,國泰US短期公債,上市,-791000.0,0.0,358806.0,-432194.0,129244000.0
6282,康舒,上市,1525593.0,-39000.0,-1922057.0,-435464.0,858477125.0
1503,士電,上市,-308486.0,19960.0,-154867.0,-443393.0,520972223.0
5434,崇越,上市,-496453.0,50000.0,-5788.0,-452241.0,191332275.0
2633,台灣高鐵,上市,-726649.0,290000.0,-16000.0,-452649.0,5628293058.0
6120,達運,上市,-457700.0,0.0,3000.0,-454700.0,598999602.0
3545,敦泰,上市,-476600.0,16000.0,-2957.0,-463557.0,221345214.0
6191,精成科,上市,1208550.0,-1689000.0,9788.0,-470662.0,499303000.0
3376,新日興,上市,601127.0,-825000.0,-255993.0,-479866.0,195763822.0
3413,京鼎,上市,-224000.0,-229000.0,-29804.0,-482804.0,108022907.0
02001R,富邦蘋果反一N,上市,0.0,0.0,-486000.0,-486000.0,0.0
2049,上銀,上市,-311481.0,-198000.0,4711.0,-504770.0,353792240.0
3044,健鼎,上市,749445.0,-1350000.0,89771.0,-510784.0,525605898.0
6269,台郡,上市,-350000.0,0.0,-162512.0,-512512.0,323167981.0
4958,臻鼎-KY,上市,-8940038.0,8042300.0,379650.0,-518088.0,956652509.0
2375,凱美,上市,-445001.0,0.0,-75432.0,-520433.0,108675334.0
00904,台新臺灣半導體30,上市,29000.0,0.0,-558562.0,-529562.0,140612000.0
2612,中航,上市,-525000.0,0.0,-5317.0,-530317.0,197484593.0
00947,台新臺灣IC設計,上市,-73000.0,0.0,-457930.0,-530930.0,113864000.0
00641R,富邦日本反1,上市,0.0,0.0,-531341.0,-531341.0,67258000.0
2605,新興,上市,189000.0,0.0,-722188.0,-533188.0,585353297.0
3036,文曄,上市,626195.0,-966000.0,-202884.0,-542689.0,1169049401.0
1308,亞聚,上市,-552000.0,0.0,9283.0,-542717.0,593743919.0
6271,同欣電,上市,-454811.0,6000.0,-100375.0,-549186.0,209058024.0
8261,富鼎,上市,-541000.0,-1000.0,-9774.0,-551774.0,118792493.0
9939,宏全,上市,-523794.0,0.0,-28320.0,-552114.0,295786475.0
1609,大亞,上市,-1518289.0,886163.0,78747.0,-553379.0,785261944.0
1514,亞力,上市,-509137.0,-43000.0,-2384.0,-554521.0,273108473.0
00676R,富邦臺灣加權反1,上市,0.0,0.0,-559824.0,-559824.0,125833683.0
2308,台達電,上市,-556495.0,-100602.0,91987.0,-565110.0,2597543329.0
3715,定穎投控,上市,-752437.0,491000.0,-320825.0,-582262.0,277674584.0
9940,信義,上市,-612000.0,0.0,3861.0,-608139.0,736846500.0
6116,彩晶,上市,-478000.0,0.0,-152280.0,-630280.0,2940328851.0
3015,全漢,上市,-651583.0,30000.0,-9248.0,-630831.0,187261950.0
009808,華南永昌優選50,上市,67000.0,0.0,-697931.0,-630931.0,55511000.0
1710,東聯,上市,-658000.0,0.0,25381.0,-632619.0,885703029.0
5521,工信,上市,-636000.0,0.0,3000.0,-633000.0,492280155.0
00685L,群益臺灣加權正2,上市,19000.0,0.0,-654774.0,-635774.0,25639000.0
8112,至上,上市,316538.0,-299789.0,-678571.0,-661822.0,525291698.0
2454,聯發科,上市,-526301.0,52596.0,-200333.0,-674038.0,1603912182.0
3056,富華新,上市,-681000.0,0.0,1465.0,-679535.0,480555051.0
00893,國泰智能電動車,上市,5415.0,0.0,-686708.0,-681293.0,421384000.0
00924,復華S&P500成長,上市,95600.0,0.0,-787531.0,-691931.0,476603000.0
6919,康霈*,上市,-761303.0,0.0,64197.0,-697106.0,1550897860.0
1909,榮成,上市,-516000.0,0.0,-191000.0,-707000.0,1327685727.0
4938,和碩,上市,-1130678.0,-529755.0,938163.0,-722270.0,2682212603.0
2324,仁寶,上市,-5840783.0,5697030.0,-583223.0,-726976.0,4407146625.0
8039,台虹,上市,-296001.0,-3000.0,-437367.0,-736368.0,256650999.0
00954,中信日本半導體,上市,-102900.0,0.0,-633677.0,-736577.0,69747000.0
2357,華碩,上市,-791437.0,-91513.0,130951.0,-751999.0,742760280.0
2354,鴻準,上市,-679930.0,-5759.0,-73843.0,-759532.0,1414485192.0
2031,新光鋼,上市,-782000.0,0.0,2832.0,-779168.0,321146341.0
6962,奕力-KY,上市,-770000.0,10000.0,-28451.0,-788451.0,492396565.0
1722,台肥,上市,-873000.0,60000.0,19697.0,-793303.0,980000000.0
2323,中環,上市,-509000.0,0.0,-288000.0,-797000.0,1089348328.0
1312,國喬,上市,-523000.0,0.0,-274134.0,-797134.0,1106620328.0
00989A,主動摩根美國科技,上市,0.0,0.0,-804991.0,-804991.0,150617000.0
9907,統一實,上市,-588000.0,-248000.0,24072.0,-811928.0,1579145342.0
8926,台汽電,上市,-820000.0,3000.0,-4208.0,-821208.0,730282000.0
4532,瑞智,上市,-826691.0,0.0,2579.0,-824112.0,504895105.0
2034,允強,上市,-768000.0,0.0,-73001.0,-841001.0,523547879.0
2332,友訊,上市,-337737.0,0.0,-510687.0,-848424.0,602272073.0
2472,立隆電,上市,-674042.0,-84000.0,-91679.0,-849721.0,164735137.0
2474,可成,上市,-616390.0,-230579.0,-9484.0,-856453.0,623669068.0
1477,聚陽,上市,-971932.0,117000.0,-6117.0,-861049.0,246693713.0
1305,華夏,上市,-898000.0,0.0,3966.0,-894034.0,581050494.0
8046,南電,上市,1131358.0,-1176297.0,-849279.0,-894218.0,646165487.0
00983A,主動中信ARK創新,上市,864000.0,0.0,-1791694.0,-927694.0,318686000.0
00670L,富邦NASDAQ正2,上市,36000.0,0.0,-968011.0,-932011.0,80145000.0
2547,日勝生,上市,-923000.0,0.0,-10670.0,-933670.0,1035094649.0
4927,泰鼎-KY,上市,-938000.0,0.0,556.0,-937444.0,264937988.0
1717,長興,上市,-608903.0,-8000.0,-331397.0,-948300.0,1172245483.0
3013,晟銘電,上市,-963650.0,0.0,-48336.0,-1011986.0,205138930.0
2913,農林,上市,-854000.0,0.0,-161323.0,-1015323.0,790000000.0
1210,大成,上市,-1222305.0,96000.0,72452.0,-1053853.0,894767222.0
2882,國泰金,上市,3534899.0,-4927252.0,336104.0,-1056249.0,14669210128.0
3167,大量,上市,-1085095.0,60000.0,-34690.0,-1059785.0,88361787.0
3033,威健,上市,-913000.0,-168196.0,17205.0,-1063991.0,478694110.0
2014,中鴻,上市,-983000.0,0.0,-98504.0,-1081504.0,1435544446.0
00965,元大航太防衛科技,上市,315908.0,-1750000.0,324377.0,-1109715.0,804992000.0
00946,群益科技高息成長,上市,-1621900.0,0.0,496399.0,-1125501.0,697746000.0
2313,華通,上市,665065.0,15000.0,-1854065.0,-1174000.0,1191820589.0
4906,正文,上市,-1161000.0,-5377.0,-15898.0,-1182275.0,427594111.0
6285,啟碁,上市,-1357330.0,364903.0,-195108.0,-1187535.0,484103039.0
00985A,主動野村台灣50,上市,122000.0,0.0,-1315113.0,-1193113.0,467289000.0
00631L,元大台灣50正2,上市,-306800.0,0.0,-892469.0,-1199269.0,113584000.0
00909,國泰數位支付服務,上市,-797024.0,0.0,-502897.0,-1299921.0,205204000.0
2006,東和鋼鐵,上市,-1357086.0,-58994.0,103536.0,-1312544.0,730213818.0
00713,元大台灣高息低波,上市,-814623.0,-250000.0,-328860.0,-1393483.0,2715012000.0
2489,瑞軒,上市,-1390000.0,0.0,-21668.0,-1411668.0,610000000.0
9945,潤泰新,上市,-1424565.0,-7000.0,-451.0,-1432016.0,2844225086.0
3481,群創,上市,-451456.0,-45687.0,-941039.0,-1438182.0,7989197337.0
2603,長榮,上市,-1772602.0,331160.0,-2059.0,-1443501.0,2165042996.0
1513,中興電,上市,-3535479.0,2014700.0,59995.0,-1460784.0,503112515.0
2845,遠東銀,上市,-1367000.0,-48000.0,-73000.0,-1488000.0,4865284731.0
3706,神達,上市,1212417.0,-2016200.0,-708481.0,-1512264.0,1327212468.0
2377,微星,上市,4748752.0,-6546505.0,272096.0,-1525657.0,844856199.0
1216,統一,上市,-2680307.0,163844.0,976461.0,-1540002.0,5682015421.0
3045,台灣大,上市,-1573447.0,106309.0,-90697.0,-1557835.0,3723261811.0
2511,太子,上市,-1576000.0,0.0,11925.0,-1564075.0,1623326147.0
2478,大毅,上市,-1572000.0,0.0,-14010.0,-1586010.0,144731339.0
1905,華紙,上市,-1560000.0,0.0,-51453.0,-1611453.0,1102835316.0
00662,富邦NASDAQ,上市,-679012.0,0.0,-994591.0,-1673603.0,595029000.0
2103,台橡,上市,-1714991.0,0.0,39932.0,-1675059.0,825709978.0
00675L,富邦臺灣加權正2,上市,4182.0,0.0,-1702508.0,-1698326.0,120786000.0
2897,王道銀行,上市,-1657000.0,-69000.0,-52743.0,-1778743.0,2805357878.0
2880,華南金,上市,-4635030.0,630035.0,2224868.0,-1780127.0,13916965089.0
00939,統一台灣高息動能,上市,-46000.0,0.0,-1736089.0,-1782089.0,2151476000.0
2104,國際中橡,上市,-1836999.0,0.0,-22731.0,-1859730.0,984733625.0
2201,裕隆,上市,-1946000.0,0.0,-139.0,-1946139.0,1070001251.0
1303,南亞,上市,9902017.0,-7332685.0,-4575834.0,-2006502.0,7930821589.0
00901,永豐智能車供應鏈,上市,-2000.0,0.0,-2027484.0,-2029484.0,81849000.0
6153,嘉聯益,上市,-2265000.0,0.0,232230.0,-2032770.0,636177694.0
1504,東元,上市,6580894.0,-7528690.0,-1161967.0,-2109763.0,2376440684.0
8021,尖點,上市,-528822.0,-1669000.0,-9077.0,-2206899.0,142180467.0
006208,富邦台50,上市,-2102249.0,5000.0,-246757.0,-2344006.0,1907540000.0
2889,國票金,上市,-2399573.0,0.0,24000.0,-2375573.0,3633563471.0
2353,宏碁,上市,-1727571.0,-898000.0,234347.0,-2391224.0,3047853828.0
2312,金寶,上市,-10918900.0,5987000.0,2515056.0,-2416844.0,1504839211.0
2376,技嘉,上市,-2823153.0,-217001.0,610453.0,-2429701.0,669888886.0
2344,華邦電,上市,21510.0,2835000.0,-5290121.0,-2433611.0,4500000193.0
1304,台聚,上市,-2333800.0,0.0,-126884.0,-2460684.0,1188763500.0
2356,英業達,上市,-792244.0,-2304000.0,542998.0,-2553246.0,3587475066.0
2492,華新科,上市,-2712965.0,-4000.0,-29349.0,-2746314.0,485804774.0
1313,聯成,上市,-2769482.0,0.0,16000.0,-2753482.0,1349689607.0
6209,今國光,上市,-2682950.0,0.0,-91016.0,-2773966.0,174429171.0
2609,陽明,上市,6690717.0,-9076617.0,-404700.0,-2790600.0,3492104270.0
2834,臺企銀,上市,-2547632.0,-92000.0,-173621.0,-2813253.0,9718061849.0
00830,國泰費城半導體,上市,-2351870.0,0.0,-510230.0,-2862100.0,502965000.0
4763,材料*-KY,上市,-2829089.0,-20898.0,-75491.0,-2925478.0,989146670.0
2481,強茂,上市,-1164051.0,-38000.0,-1776450.0,-2978501.0,382114927.0
2382,廣達,上市,-2201795.0,-1246138.0,436423.0,-3011510.0,3862627432.0
00984A,主動安聯台灣高息,上市,-127565.0,0.0,-3077532.0,-3205097.0,309958000.0
2542,興富發,上市,-2191834.0,273000.0,-1488589.0,-3407423.0,2173083539.0
00663L,國泰臺灣加權正2,上市,-323000.0,0.0,-3462190.0,-3785190.0,109163000.0
009813,貝萊德標普卓越50,上市,-640700.0,0.0,-3222988.0,-3863688.0,699824000.0
9105,泰金寶-DR,上市,-3978000.0,0.0,-154144.0,-4132144.0,1655366936.0
2330,台積電,上市,-5426153.0,154129.0,1016458.0,-4255566.0,25932615521.0
1314,中石化,上市,-2724170.0,0.0,-1655022.0,-4379192.0,3784850130.0
2610,華航,上市,-11170245.0,6577000.0,146181.0,-4447064.0,6083923559.0
00650L,復華香港正2,上市,-2127000.0,0.0,-2566390.0,-4693390.0,144838000.0
3231,緯創,上市,-3759615.0,-499970.0,-517800.0,-4777385.0,3180412250.0
2329,華泰,上市,-3974250.0,0.0,-880919.0,-4855169.0,560228333.0
1326,台化,上市,-4925334.0,-16000.0,-90543.0,-5031877.0,5861186291.0
00922,國泰台灣領袖50,上市,-2796996.0,0.0,-2254355.0,-5051351.0,1626686000.0
00980A,主動野村臺灣優選,上市,177050.0,0.0,-6139068.0,-5962018.0,591730000.0
00673R,期元大S&P原油反1,上市,0.0,0.0,-6060471.0,-6060471.0,93050646.0
3189,景碩,上市,-4561560.0,-488000.0,-1326872.0,-6376432.0,456812660.0
00891,中信關鍵半導體,上市,-16000.0,0.0,-6498231.0,-6514231.0,1240590000.0
2618,長榮航,上市,-15291011.0,8342000.0,391548.0,-6557463.0,5400444335.0
00918,大華優利高填息30,上市,-3753000.0,0.0,-3385099.0,-7138099.0,3526264000.0
1802,台玻,上市,-7962984.0,0.0,518220.0,-7444764.0,2908060800.0
00940,元大台灣價值高息,上市,-8077113.0,0.0,218177.0,-7858936.0,10994365000.0
2615,萬海,上市,9865704.0,-18636692.0,905332.0,-7865656.0,2806146293.0
1101,台泥,上市,-7708811.0,-139000.0,-254205.0,-8102016.0,7551181742.0
00982A,主動群益台灣強棒,上市,2187451.0,0.0,-10403947.0,-8216496.0,1877436000.0
2337,旺宏,上市,-7870041.0,306000.0,-973858.0,-8537899.0,1855826441.0
00665L,富邦恒生國企正2,上市,-325000.0,0.0,-8326984.0,-8651984.0,460965000.0
2327,國巨*,上市,-8560746.0,431348.0,-690819.0,-8820217.0,2072965820.0
00753L,中信中國50正2,上市,-677000.0,0.0,-8362710.0,-9039710.0,727157000.0
1605,華新,上市,-4839900.0,-115950.0,-4541428.0,-9497278.0,4431332948.0
00988A,主動統一全球創新,上市,2000.0,0.0,-9814962.0,-9812962.0,875437000.0
2887,台新新光金,上市,-14498352.0,5197760.0,-881384.0,-10181976.0,24866399230.0
2801,彰銀,上市,-19262611.0,9867000.0,-1810000.0,-11205611.0,11766046253.0
00929,復華台灣科技優息,上市,-2752796.0,0.0,-8462831.0,-11215627.0,7400139000.0
2886,兆豐金,上市,-5850828.0,-7131417.0,1654602.0,-11327643.0,14833378282.0
00981A,主動統一台股增長,上市,2359604.0,0.0,-14636049.0,-12276445.0,2016709000.0
2002,中鋼,上市,-11989414.0,-1585524.0,581927.0,-12993011.0,15734860997.0
2881,富邦金,上市,-39699962.0,25410772.0,173379.0,-14115811.0,14007364952.0
2027,大成鋼,上市,-14713314.0,90000.0,419248.0,-14204066.0,2584260615.0
3037,欣興,上市,-15003243.0,11644.0,-256679.0,-15248278.0,1529664197.0
8422,可寧衛*,上市,-13644610.0,106000.0,-2127463.0,-15666073.0,1136796050.0
2515,中工,上市,-15807289.0,10000.0,-2267685.0,-18064974.0,1530899822.0
2883,凱基金,上市,-22693995.0,775450.0,3388757.0,-18529788.0,16975033203.0
2409,友達,上市,-19267527.0,-152616.0,60560.0,-19359583.0,7547098972.0
6770,力積電,上市,-25414483.0,0.0,-1803958.0,-27218441.0,4188064801.0
00900,富邦特選高股息30,上市,-1012500.0,0.0,-27605478.0,-28617978.0,2767525000.0
00878,國泰永續高股息,上市,-427078.0,0.0,-31835940.0,-32263018.0,21367290000.0
00919,群益台灣精選高息,上市,-31992403.0,0.0,-9715379.0,-41707782.0,18735135000.0
0056,元大高股息,上市,-27502929.0,0.0,-42027580.0,-69530509.0,13982034000.0
0050,元大台灣50,上市,-50061361.0,0.0,-42428486.0,-92489847.0,14702500000.0
006201,元大富櫃50,上櫃,0.0,0.0,0.0,48111.0,0.0
00679B,元大美債20年,上櫃,0.0,0.0,0.0,2345611.0,0.0
00687B,國泰20年美債,上櫃,0.0,0.0,0.0,10337855.0,0.0
00687C,國泰20年美債+櫃U,上櫃,0.0,0.0,0.0,200.0,0.0
00694B,富邦美債1-3,上櫃,0.0,0.0,0.0,13280.0,0.0
00695B,富邦美債7-10,上櫃,0.0,0.0,0.0,53532.0,0.0
00696B,富邦美債20年,上櫃,0.0,0.0,0.0,168763.0,0.0
00697B,元大美債7-10,上櫃,0.0,0.0,0.0,178283.0,0.0
00719B,元大美債1-3,上櫃,0.0,0.0,0.0,635188.0,0.0
00720B,元大投資級公司債,上櫃,0.0,0.0,0.0,2763554.0,0.0
00722B,群益投資級電信債,上櫃,0.0,0.0,0.0,157952.0,0.0
00723B,群益投資級科技債,上櫃,0.0,0.0,0.0,-1000.0,0.0
00724B,群益投資級金融債,上櫃,0.0,0.0,0.0,196569.0,0.0
00725B,國泰投資級公司債,上櫃,0.0,0.0,0.0,1016154.0,0.0
00726B,國泰新興投等債,上櫃,0.0,0.0,0.0,10251.0,0.0
00727B,國泰優選非投等債,上櫃,0.0,0.0,0.0,18525.0,0.0
00734B,台新JPM新興債,上櫃,0.0,0.0,0.0,24010.0,0.0
00740B,富邦全球投等債,上櫃,0.0,0.0,0.0,-11318.0,0.0
00741B,富邦全球非投等債,上櫃,0.0,0.0,0.0,8804.0,0.0
00746B,富邦A級公司債,上櫃,0.0,0.0,0.0,5281.0,0.0
00749B,凱基新興債10+,上櫃,0.0,0.0,0.0,-1000.0,0.0
00750B,凱基科技債10+,上櫃,0.0,0.0,0.0,0.0,0.0
00751B,元大AAA至A公司債,上櫃,0.0,0.0,0.0,1373549.0,0.0
00754B,群益AAA-AA公司債,上櫃,0.0,0.0,0.0,-4000.0,0.0
00755B,群益投資級公用債,上櫃,0.0,0.0,0.0,0.0,0.0
00756B,群益投等新興公債,上櫃,0.0,0.0,0.0,18000.0,0.0
00758B,復華能源債,上櫃,0.0,0.0,0.0,-3000.0,0.0
00759B,復華製藥債,上櫃,0.0,0.0,0.0,0.0,0.0
00760B,復華新興企業債,上櫃,0.0,0.0,0.0,5468.0,0.0
00761B,國泰A級公司債,上櫃,0.0,0.0,0.0,39000.0,0.0
00764B,群益25年美債,上櫃,0.0,0.0,0.0,190920.0,0.0
00768B,復華20年美債,上櫃,0.0,0.0,0.0,-18793.0,0.0
00772B,中信高評級公司債,上櫃,0.0,0.0,0.0,1369608.0,0.0
00773B,中信優先金融債,上櫃,0.0,0.0,0.0,254268.0,0.0
00777B,凱基AAA至A公司債,上櫃,0.0,0.0,0.0,2000.0,0.0
00778B,凱基金融債20+,上櫃,0.0,0.0,0.0,-38000.0,0.0
00779B,凱基美債25+,上櫃,0.0,0.0,0.0,4000.0,0.0
00780B,國泰A級金融債,上櫃,0.0,0.0,0.0,7085.0,0.0
00781B,國泰A級科技債,上櫃,0.0,0.0,0.0,10951.0,0.0
00782B,國泰A級公用債,上櫃,0.0,0.0,0.0,-15361.0,0.0
00785B,富邦金融投等債,上櫃,0.0,0.0,0.0,-1000.0,0.0
00786B,元大10年IG銀行債,上櫃,0.0,0.0,0.0,-396500.0,0.0
00787B,元大10年IG醫療債,上櫃,0.0,0.0,0.0,-8897.0,0.0
00788B,元大10年IG電能債,上櫃,0.0,0.0,0.0,-176.0,0.0
00789B,復華公司債A3,上櫃,0.0,0.0,0.0,-1004.0,0.0
00791B,復華信用債1-5,上櫃,0.0,0.0,0.0,0.0,0.0
00792B,群益A級公司債,上櫃,0.0,0.0,0.0,-5000.0,0.0
00793B,群益AAA-A醫療債,上櫃,0.0,0.0,0.0,0.0,0.0
00795B,中信美國公債20年,上櫃,0.0,0.0,0.0,2904062.0,0.0
00799B,國泰A級醫療債,上櫃,0.0,0.0,0.0,26514.0,0.0
00834B,第一金金融債10+,上櫃,0.0,0.0,0.0,0.0,0.0
00836B,永豐10年A公司債,上櫃,0.0,0.0,0.0,-1000.0,0.0
00840B,凱基IG精選15+,上櫃,0.0,0.0,0.0,20000.0,0.0
00841B,凱基AAA-AA公司債,上櫃,0.0,0.0,0.0,1000.0,0.0
00842B,台新美元銀行債,上櫃,0.0,0.0,0.0,0.0,0.0
00844B,新光15年IG金融債,上櫃,0.0,0.0,0.0,-6000.0,0.0
00845B,富邦新興投等債,上櫃,0.0,0.0,0.0,1000.0,0.0
00846B,富邦歐洲銀行債,上櫃,0.0,0.0,0.0,10998.0,0.0
00847B,中信美國市政債,上櫃,0.0,0.0,0.0,8947.0,0.0
00848B,中信新興亞洲債,上櫃,0.0,0.0,0.0,0.0,0.0
00849B,中信EM主權債0-5,上櫃,0.0,0.0,0.0,-2859.0,0.0
00853B,統一美債10年Aa-A,上櫃,0.0,0.0,0.0,21119.0,0.0
00856B,永豐1-3年美公債,上櫃,0.0,0.0,0.0,-1000.0,0.0
00857B,永豐20年美公債,上櫃,0.0,0.0,0.0,582717.0,0.0
00858,永豐美國500大,上櫃,0.0,0.0,0.0,-206235.0,0.0
00859B,群益0-1年美債,上櫃,0.0,0.0,0.0,-11023.0,0.0
00860B,群益1-5Y投資級債,上櫃,0.0,0.0,0.0,-35000.0,0.0
00862B,中信投資級公司債,上櫃,0.0,0.0,0.0,15141.0,0.0
00863B,中信全球電信債,上櫃,0.0,0.0,0.0,-1000.0,0.0
00864B,中信美國公債0-1,上櫃,0.0,0.0,0.0,108000.0,0.0
00867B,新光A-BBB電信債,上櫃,0.0,0.0,0.0,-228.0,0.0
00870B,元大15年EM主權債,上櫃,0.0,0.0,0.0,9000.0,0.0
00877,復華中國5G,上櫃,0.0,0.0,0.0,-140294.0,0.0
00883B,中信ESG投資級債,上櫃,0.0,0.0,0.0,-4457.0,0.0
00884B,中信低碳新興債,上櫃,0.0,0.0,0.0,-567.0,0.0
00886,永豐美國科技,上櫃,0.0,0.0,0.0,-12678.0,0.0
00887,永豐中國科技50大,上櫃,0.0,0.0,0.0,842788.0,0.0
00888,永豐台灣ESG,上櫃,0.0,0.0,0.0,-22949.0,0.0
00890B,凱基ESG BBB債15+,上櫃,0.0,0.0,0.0,5000.0,0.0
00928,中信上櫃ESG 30,上櫃,0.0,0.0,0.0,-59310.0,0.0
00931B,統一美債20年,上櫃,0.0,0.0,0.0,929834.0,0.0
00933B,國泰10Y+金融債,上櫃,0.0,0.0,0.0,6694432.0,0.0
00937B,群益ESG投等債20+,上櫃,0.0,0.0,0.0,13758031.0,0.0
00942B,台新美A公司債20+,上櫃,0.0,0.0,0.0,506667.0,0.0
00948B,中信優息投資級債,上櫃,0.0,0.0,0.0,5037738.0,0.0
00950B,凱基A級公司債,上櫃,0.0,0.0,0.0,1865015.0,0.0
00955,中信日本商社,上櫃,0.0,0.0,0.0,-684714.0,0.0
00957B,兆豐US優選投等債,上櫃,0.0,0.0,0.0,210246.0,0.0
00958B,永豐ESG銀行債15+,上櫃,0.0,0.0,0.0,97717.0,0.0
00959B,大華投等美債15Y+,上櫃,0.0,0.0,0.0,457907.0,0.0
00966B,統一ESG投等債15+,上櫃,0.0,0.0,0.0,113876.0,0.0
00967B,元大優息美債,上櫃,0.0,0.0,0.0,166444.0,0.0
00968B,元大優息投等債,上櫃,0.0,0.0,0.0,272868.0,0.0
00969B,元大零息超長美債,上櫃,0.0,0.0,0.0,79000.0,0.0
00970B,新光BBB投等債20+,上櫃,0.0,0.0,0.0,1238857.0,0.0
009806,台新標普500,上櫃,0.0,0.0,0.0,-21000.0,0.0
009807,台新標普科技精選,上櫃,0.0,0.0,0.0,-26507.0,0.0
00980B,台新特選IG債10+,上櫃,0.0,0.0,0.0,28954.0,0.0
00980D,主動聯博投等入息,上櫃,0.0,0.0,0.0,199378.0,0.0
00980T,平衡凱基美國TOP,上櫃,0.0,0.0,0.0,-94599.0,0.0
00981B,第一金優選非投債,上櫃,0.0,0.0,0.0,-9655768.0,0.0
00981D,主動中信非投等債,上櫃,0.0,0.0,0.0,489595.0,0.0
00982B,FT投資級債20+,上櫃,0.0,0.0,0.0,92679.0,0.0
00983B,大華優利美公債20,上櫃,0.0,0.0,0.0,14939.0,0.0
00984B,大華優利美A債15,上櫃,0.0,0.0,0.0,78761.0,0.0
00986B,FT金融債10+,上櫃,0.0,0.0,0.0,-12000.0,0.0
020023,元大櫃買半導體N,上櫃,0.0,0.0,0.0,-15000.0,0.0
020025,統一亞洲半導體N,上櫃,0.0,0.0,0.0,25000.0,0.0
020027,元大上櫃ESG成長N,上櫃,0.0,0.0,0.0,-37000.0,0.0
020033,統一恒生科期N,上櫃,0.0,0.0,0.0,-27000.0,0.0
020035,元大上櫃ESG高息N,上櫃,0.0,0.0,0.0,-10000.0,0.0
020040,元大上櫃ESG龍頭N,上櫃,0.0,0.0,0.0,60000.0,0.0
1240,茂生農經,上櫃,0.0,0.0,0.0,-2000.0,46443992.0
1259,安心,上櫃,0.0,0.0,0.0,-2000.0,32389500.0
1268,漢來美食,上櫃,0.0,0.0,0.0,-7000.0,42223730.0
1294,漢田生技,上櫃,0.0,0.0,0.0,5000.0,36625875.0
1295,生合,上櫃,0.0,0.0,0.0,-19950.0,37599800.0
1336,台翰,上櫃,0.0,0.0,0.0,8000.0,77614419.0
1565,精華,上櫃,0.0,0.0,0.0,-18803.0,50416516.0
1569,濱川,上櫃,0.0,0.0,0.0,-158246.0,144247441.0
1570,力肯,上櫃,0.0,0.0,0.0,-17000.0,51500839.0
1580,新麥,上櫃,0.0,0.0,0.0,-4000.0,49339242.0
1584,精剛,上櫃,0.0,0.0,0.0,-101909.0,232470533.0
1586,和勤,上櫃,0.0,0.0,0.0,-15000.0,129500467.0
1591,駿吉-KY,上櫃,0.0,0.0,0.0,-72627.0,38048047.0
1593,祺驊,上櫃,0.0,0.0,0.0,12000.0,39784772.0
1595,川寶,上櫃,0.0,0.0,0.0,-5000.0,57554896.0
1599,宏佳騰,上櫃,0.0,0.0,0.0,7000.0,73028764.0
1777,生泰,上櫃,0.0,0.0,0.0,5995.0,44591713.0
1781,合世,上櫃,0.0,0.0,0.0,-1207.0,47407605.0
1784,訊聯,上櫃,0.0,0.0,0.0,-161943.0,53121191.0
1785,光洋科,上櫃,0.0,0.0,0.0,111723.0,595950743.0
1788,杏昌,上櫃,0.0,0.0,0.0,0.0,44520971.0
1796,金穎生技,上櫃,0.0,0.0,0.0,-1000.0,41459793.0
1799,易威,上櫃,0.0,0.0,0.0,49669.0,248775894.0
1813,寶利徠,上櫃,0.0,0.0,0.0,-1000.0,46635510.0
1815,富喬,上櫃,0.0,0.0,0.0,-44375.0,585459487.0
2063,世鎧,上櫃,0.0,0.0,0.0,-4089.0,48101453.0
2064,晉椿,上櫃,0.0,0.0,0.0,-1000.0,69330000.0
2065,世豐,上櫃,0.0,0.0,0.0,-25000.0,63516707.0
2066,世德,上櫃,0.0,0.0,0.0,-4000.0,44449527.0
2067,嘉鋼,上櫃,0.0,0.0,0.0,1000.0,33858177.0
2070,精湛,上櫃,0.0,0.0,0.0,-31053.0,41782800.0
2221,大甲,上櫃,0.0,0.0,0.0,-1000.0,42325000.0
2230,泰茂,上櫃,0.0,0.0,0.0,-13434.0,68029605.0
2640,大車隊,上櫃,0.0,0.0,0.0,1000.0,59264956.0
2641,正德,上櫃,0.0,0.0,0.0,-918770.0,330333744.0
2643,捷迅,上櫃,0.0,0.0,0.0,2000.0,35000000.0
2718,全心投控,上櫃,0.0,0.0,0.0,-50899.0,87576000.0
2719,燦星旅,上櫃,0.0,0.0,0.0,2000.0,69182500.0
2726,雅茗-KY,上櫃,0.0,0.0,0.0,-1000.0,37689817.0
2729,瓦城,上櫃,0.0,0.0,0.0,1000.0,43040783.0
2732,六角,上櫃,0.0,0.0,0.0,-11000.0,46518570.0
2734,易飛網,上櫃,0.0,0.0,0.0,-32109.0,57259760.0
2736,富野,上櫃,0.0,0.0,0.0,-7000.0,79972230.0
2740,天蔥,上櫃,0.0,0.0,0.0,1000.0,16762016.0
2743,山富,上櫃,0.0,0.0,0.0,-57543.0,46815210.0
2745,五福,上櫃,0.0,0.0,0.0,-13979.0,33808526.0
2751,王座,上櫃,0.0,0.0,0.0,0.0,19811250.0
2754,亞洲藏壽司,上櫃,0.0,0.0,0.0,-11000.0,46907000.0
2755,揚秦,上櫃,0.0,0.0,0.0,-13225.0,46792491.0
2756,聯發國際,上櫃,0.0,0.0,0.0,-7000.0,24597584.0
2916,滿心,上櫃,0.0,0.0,0.0,3000.0,64626878.0
2926,誠品生活,上櫃,0.0,0.0,0.0,3000.0,47389650.0
2947,振宇五金,上櫃,0.0,0.0,0.0,-2000.0,23642366.0
3066,李洲,上櫃,0.0,0.0,0.0,-2000.0,83070612.0
3071,協禧,上櫃,0.0,0.0,0.0,11050.0,110000000.0
3073,天方能源,上櫃,0.0,0.0,0.0,-25000.0,39511028.0
3078,僑威,上櫃,0.0,0.0,0.0,-323288.0,227391064.0
3081,聯亞,上櫃,0.0,0.0,0.0,-318770.0,101869004.0
3083,網龍,上櫃,0.0,0.0,0.0,-15000.0,86486858.0
3086,華義,上櫃,0.0,0.0,0.0,43382.0,272710510.0
3088,艾訊,上櫃,0.0,0.0,0.0,33244.0,113011197.0
3093,港建*,上櫃,0.0,0.0,0.0,-5000.0,145155576.0
3095,及成,上櫃,0.0,0.0,0.0,-102.0,14680000.0
3105,穩懋,上櫃,0.0,0.0,0.0,70049.0,423940384.0
3114,好德,上櫃,0.0,0.0,0.0,5000.0,67722584.0
3115,富榮綱,上櫃,0.0,0.0,0.0,-3000.0,72197615.0
3122,笙泉,上櫃,0.0,0.0,0.0,20971.0,40771918.0
3128,昇銳,上櫃,0.0,0.0,0.0,69999.0,50156538.0
3131,弘塑,上櫃,0.0,0.0,0.0,-85340.0,29258927.0
3141,晶宏,上櫃,0.0,0.0,0.0,45521.0,75460728.0
3147,大綜,上櫃,0.0,0.0,0.0,-92928.0,43686831.0
3152,璟德,上櫃,0.0,0.0,0.0,-9066.0,39016200.0
3162,精確,上櫃,0.0,0.0,0.0,-146010.0,154153162.0
3163,波若威,上櫃,0.0,0.0,0.0,-13800.0,94635370.0
3169,亞信,上櫃,0.0,0.0,0.0,-29360.0,63306981.0
3171,炎洲流通,上櫃,0.0,0.0,0.0,3000.0,33118158.0
3176,基亞,上櫃,0.0,0.0,0.0,-30000.0,139306755.0
3178,公準,上櫃,0.0,0.0,0.0,14000.0,45050000.0
3188,鑫龍騰,上櫃,0.0,0.0,0.0,-42390.0,189087767.0
3191,雲嘉南,上櫃,0.0,0.0,0.0,2000.0,43597381.0
3205,佰研,上櫃,0.0,0.0,0.0,0.0,67545631.0
3206,志豐,上櫃,0.0,0.0,0.0,-2000.0,58916621.0
3207,耀勝,上櫃,0.0,0.0,0.0,-98377.0,66422124.0
3211,順達,上櫃,0.0,0.0,0.0,454881.0,154387021.0
3213,茂訊,上櫃,0.0,0.0,0.0,26317.0,58685547.0
3217,優群,上櫃,0.0,0.0,0.0,-441384.0,90104203.0
3218,大學光,上櫃,0.0,0.0,0.0,-31165.0,84724899.0
3219,倚強科,上櫃,0.0,0.0,0.0,-32611.0,71780880.0
3221,台嘉碩,上櫃,0.0,0.0,0.0,23000.0,104989210.0
3224,三顧,上櫃,0.0,0.0,0.0,0.0,78172648.0
3226,龍鋒,上櫃,0.0,0.0,0.0,1000.0,64430573.0
3227,原相,上櫃,0.0,0.0,0.0,-252019.0,151912842.0
3228,金麗科,上櫃,0.0,0.0,0.0,-3090.0,71937495.0
3230,錦明,上櫃,0.0,0.0,0.0,181508.0,86010900.0
3232,昱捷,上櫃,0.0,0.0,0.0,1000.0,46567865.0
3234,光環,上櫃,0.0,0.0,0.0,-54000.0,111474692.0
3236,千如,上櫃,0.0,0.0,0.0,1137440.0,105000613.0
3252,海灣,上櫃,0.0,0.0,0.0,2000.0,50195754.0
3259,鑫創,上櫃,0.0,0.0,0.0,1031.0,72965934.0
3260,威剛,上櫃,0.0,0.0,0.0,-1458085.0,336463418.0
3264,欣銓,上櫃,0.0,0.0,0.0,-1116135.0,490170076.0
3265,台星科,上櫃,0.0,0.0,0.0,-205880.0,136261659.0
3268,海德威,上櫃,0.0,0.0,0.0,-7766.0,34720796.0
3272,東碩,上櫃,0.0,0.0,0.0,-2000.0,61176789.0
3276,宇環,上櫃,0.0,0.0,0.0,9000.0,69712666.0
3284,太普高,上櫃,0.0,0.0,0.0,29909.0,108482473.0
3285,微端,上櫃,0.0,0.0,0.0,0.0,42735324.0
3287,廣寰科,上櫃,0.0,0.0,0.0,-61000.0,43970483.0
3289,宜特,上櫃,0.0,0.0,0.0,-58714.0,86746371.0
3290,東浦,上櫃,0.0,0.0,0.0,122923.0,90215034.0
3293,鈊象,上櫃,0.0,0.0,0.0,-690196.0,281801560.0
3294,英濟,上櫃,0.0,0.0,0.0,272302.0,132015919.0
3297,杭特,上櫃,0.0,0.0,0.0,103992.0,36049445.0
3303,岱稜,上櫃,0.0,0.0,0.0,-1660.0,94790607.0
3306,鼎天,上櫃,0.0,0.0,0.0,17000.0,50607702.0
3310,佳穎,上櫃,0.0,0.0,0.0,2000.0,74948402.0
3313,斐成,上櫃,0.0,0.0,0.0,103000.0,221133831.0
3317,尼克森,上櫃,0.0,0.0,0.0,108592.0,90000000.0
3322,建舜電,上櫃,0.0,0.0,0.0,20000.0,137582157.0
3323,加百裕,上櫃,0.0,0.0,0.0,-145627.0,99593385.0
3324,雙鴻,上櫃,0.0,0.0,0.0,-190276.0,93076837.0
3325,旭品,上櫃,0.0,0.0,0.0,-59037.0,110168610.0
3332,幸康,上櫃,0.0,0.0,0.0,-21000.0,48104246.0
3339,泰谷,上櫃,0.0,0.0,0.0,64923.0,66568300.0
3349,寶德,上櫃,0.0,0.0,0.0,23000.0,47821648.0
3354,律勝,上櫃,0.0,0.0,0.0,2000.0,70112426.0
3357,臺慶科,上櫃,0.0,0.0,0.0,277381.0,116385739.0
3360,尚立,上櫃,0.0,0.0,0.0,5864.0,76402244.0
3362,先進光,上櫃,0.0,0.0,0.0,126333.0,147445475.0
3363,上詮,上櫃,0.0,0.0,0.0,-324130.0,113640567.0
3372,典範,上櫃,0.0,0.0,0.0,-81015.0,235324000.0
3373,熱映,上櫃,0.0,0.0,0.0,-7429.0,47618782.0
3374,精材,上櫃,0.0,0.0,0.0,-607655.0,271364316.0
3379,彬台,上櫃,0.0,0.0,0.0,15643.0,38041748.0
3388,崇越電,上櫃,0.0,0.0,0.0,2000.0,81599825.0
3390,旭軟,上櫃,0.0,0.0,0.0,-20000.0,79329659.0
3402,漢科,上櫃,0.0,0.0,0.0,23373.0,73047692.0
3426,台興,上櫃,0.0,0.0,0.0,-1000.0,0.0
3430,奇鈦科,上櫃,0.0,0.0,0.0,39000.0,33716085.0
3434,哲固,上櫃,0.0,0.0,0.0,-29000.0,35754740.0
3438,類比科,上櫃,0.0,0.0,0.0,2000.0,47165815.0
3441,聯一光,上櫃,0.0,0.0,0.0,-6000.0,40039920.0
3444,利機,上櫃,0.0,0.0,0.0,-25.0,44996877.0
3455,由田,上櫃,0.0,0.0,0.0,-40000.0,59850750.0
3465,進泰電子,上櫃,0.0,0.0,0.0,0.0,42329862.0
3466,德晉,上櫃,0.0,0.0,0.0,276343.0,77892073.0
3467,台灣精材,上櫃,0.0,0.0,0.0,-10000.0,31556569.0
3479,安勤,上櫃,0.0,0.0,0.0,-139808.0,72630164.0
3483,力致,上櫃,0.0,0.0,0.0,51704.0,99049257.0
3484,崧騰,上櫃,0.0,0.0,0.0,-77325.0,78828189.0
3490,單井,上櫃,0.0,0.0,0.0,-85366.0,55006435.0
3491,昇達科,上櫃,0.0,0.0,0.0,9932.0,68805125.0
3492,長盛,上櫃,0.0,0.0,0.0,42000.0,35531600.0
3498,陽程,上櫃,0.0,0.0,0.0,-179301.0,61273008.0
3499,環天科,上櫃,0.0,0.0,0.0,6191.0,54970596.0
3508,位速,上櫃,0.0,0.0,0.0,-19961.0,108866737.0
3511,矽瑪,上櫃,0.0,0.0,0.0,-25078.0,79972945.0
3512,皇龍,上櫃,0.0,0.0,0.0,-5000.0,113072372.0
3516,亞帝歐,上櫃,0.0,0.0,0.0,-2000.0,59560874.0
3520,華盈,上櫃,0.0,0.0,0.0,3000.0,83846778.0
3521,鴻翊,上櫃,0.0,0.0,0.0,-3405.0,185765552.0
3522,御嵿,上櫃,0.0,0.0,0.0,-5.0,104096209.0
3526,凡甲,上櫃,0.0,0.0,0.0,-51632.0,66839477.0
3527,聚積,上櫃,0.0,0.0,0.0,-3000.0,44445125.0
3529,力旺,上櫃,0.0,0.0,0.0,-388711.0,74686492.0
3537,堡達,上櫃,0.0,0.0,0.0,-736009.0,56242979.0
3540,曜越,上櫃,0.0,0.0,0.0,-72474.0,84458548.0
3541,西柏,上櫃,0.0,0.0,0.0,-5002.0,56349142.0
3546,宇峻,上櫃,0.0,0.0,0.0,83202.0,61348690.0
3548,兆利,上櫃,0.0,0.0,0.0,80255.0,68244175.0
3551,世禾,上櫃,0.0,0.0,0.0,-12267.0,62274890.0
3552,同致,上櫃,0.0,0.0,0.0,-39894.0,97918334.0
3555,博士旺,上櫃,0.0,0.0,0.0,8000.0,39998797.0
3556,禾瑞亞,上櫃,0.0,0.0,0.0,5000.0,63702844.0
3558,神準,上櫃,0.0,0.0,0.0,-10287.0,59060881.0
3564,其陽,上櫃,0.0,0.0,0.0,11217.0,59123100.0
3570,大塚,上櫃,0.0,0.0,0.0,3000.0,17097000.0
3577,泓格,上櫃,0.0,0.0,0.0,30154.0,63965653.0
3580,友威科,上櫃,0.0,0.0,0.0,-14086.0,39470657.0
3581,博磊,上櫃,0.0,0.0,0.0,450942.0,51006000.0
3587,閎康,上櫃,0.0,0.0,0.0,43772.0,69369988.0
3594,磐儀,上櫃,0.0,0.0,0.0,-16608.0,95948358.0
3597,映興,上櫃,0.0,0.0,0.0,-7039.0,39236440.0
3609,三一東林,上櫃,0.0,0.0,0.0,-54000.0,38419387.0
3611,鼎翰,上櫃,0.0,0.0,0.0,11000.0,47554634.0
3615,安可,上櫃,0.0,0.0,0.0,-22000.0,68466976.0
3623,富晶通,上櫃,0.0,0.0,0.0,-2000.0,29185946.0
3624,光頡,上櫃,0.0,0.0,0.0,603514.0,117340842.0
3625,西勝,上櫃,0.0,0.0,0.0,-27307.0,58100000.0
3628,盈正,上櫃,0.0,0.0,0.0,-156375.0,45000000.0
3630,新鉅科,上櫃,0.0,0.0,0.0,81000.0,204191848.0
3631,晟楠,上櫃,0.0,0.0,0.0,4000.0,81820909.0
3646,艾恩特,上櫃,0.0,0.0,0.0,-1000.0,39297371.0
3663,鑫科,上櫃,0.0,0.0,0.0,36818.0,108494074.0
3664,安瑞-KY,上櫃,0.0,0.0,0.0,-7000.0,75945377.0
3666,光耀,上櫃,0.0,0.0,0.0,-5000.0,138949850.0
3672,康聯訊,上櫃,0.0,0.0,0.0,-6000.0,40790375.0
3675,德微,上櫃,0.0,0.0,0.0,57944.0,53057923.0
3680,家登,上櫃,0.0,0.0,0.0,101502.0,96211690.0
3684,榮昌,上櫃,0.0,0.0,0.0,-2000.0,30304737.0
3685,元創精密,上櫃,0.0,0.0,0.0,4000.0,79574000.0
3687,歐買尬,上櫃,0.0,0.0,0.0,-16828.0,30124059.0
3689,湧德,上櫃,0.0,0.0,0.0,-113315.0,89390991.0
3691,碩禾,上櫃,0.0,0.0,0.0,-45000.0,91883420.0
3693,營邦,上櫃,0.0,0.0,0.0,-148091.0,42990694.0
3707,漢磊,上櫃,0.0,0.0,0.0,-85321.0,400484353.0
3709,鑫聯大投控,上櫃,0.0,0.0,0.0,775397.0,145569450.0
4102,永日,上櫃,0.0,0.0,0.0,-7000.0,42373443.0
4105,東洋,上櫃,0.0,0.0,0.0,195956.0,248649959.0
4107,邦特,上櫃,0.0,0.0,0.0,3000.0,69298336.0
4109,加捷生醫,上櫃,0.0,0.0,0.0,-76000.0,118736681.0
4111,濟生,上櫃,0.0,0.0,0.0,-8000.0,59832135.0
4113,聯上,上櫃,0.0,0.0,0.0,39000.0,231138137.0
4114,健喬,上櫃,0.0,0.0,0.0,115318.0,550429688.0
4116,明基醫,上櫃,0.0,0.0,0.0,-7000.0,44566000.0
4120,友華,上櫃,0.0,0.0,0.0,-2000.0,86747119.0
4121,優盛,上櫃,0.0,0.0,0.0,-6000.0,83111045.0
4123,晟德,上櫃,0.0,0.0,0.0,-234912.0,807456341.0
4126,太醫,上櫃,0.0,0.0,0.0,5000.0,72600000.0
4127,天良,上櫃,0.0,0.0,0.0,0.0,45760000.0
4128,中天,上櫃,0.0,0.0,0.0,-260093.0,588170597.0
4129,聯合,上櫃,0.0,0.0,0.0,-95536.0,96437650.0
4130,健亞,上櫃,0.0,0.0,0.0,58020.0,0.0
4138,曜亞,上櫃,0.0,0.0,0.0,2000.0,39930000.0
4139,馬光-KY,上櫃,0.0,0.0,0.0,-2000.0,45009911.0
4147,中裕,上櫃,0.0,0.0,0.0,50536.0,273202425.0
4153,鈺緯,上櫃,0.0,0.0,0.0,2809.0,58668197.0
4157,太景*-KY,上櫃,0.0,0.0,0.0,-108147.0,711833575.0
4160,訊聯基因,上櫃,0.0,0.0,0.0,-1067.0,26690334.0
4161,聿新科,上櫃,0.0,0.0,0.0,-66000.0,59798204.0
4162,智擎,上櫃,0.0,0.0,0.0,4945.0,143677640.0
4166,友霖,上櫃,0.0,0.0,0.0,117000.0,243035089.0
4167,松瑞藥,上櫃,0.0,0.0,0.0,-6005.0,331554307.0
4168,醣聯,上櫃,0.0,0.0,0.0,30177.0,112521318.0
4171,瑞基,上櫃,0.0,0.0,0.0,4000.0,58057469.0
4173,久裕,上櫃,0.0,0.0,0.0,-11000.0,74574355.0
4174,浩鼎,上櫃,0.0,0.0,0.0,275869.0,131579687.0
4175,杏一,上櫃,0.0,0.0,0.0,2000.0,42323307.0
4198,欣大健康,上櫃,0.0,0.0,0.0,-1000.0,24108000.0
4205,中華食,上櫃,0.0,0.0,0.0,5000.0,97649228.0
4207,環泰,上櫃,0.0,0.0,0.0,38000.0,188611108.0
4303,信立,上櫃,0.0,0.0,0.0,-202448.0,132447444.0
4401,東隆興,上櫃,0.0,0.0,0.0,-4000.0,122692012.0
4402,郡都開發,上櫃,0.0,0.0,0.0,3186.0,67991830.0
4416,三圓,上櫃,0.0,0.0,0.0,-3000.0,73586213.0
4417,金洲,上櫃,0.0,0.0,0.0,-58000.0,83971399.0
4420,光明,上櫃,0.0,0.0,0.0,-3076.0,40455000.0
4430,耀億,上櫃,0.0,0.0,0.0,0.0,56273609.0
4432,銘旺實,上櫃,0.0,0.0,0.0,5000.0,50589000.0
4433,興采,上櫃,0.0,0.0,0.0,-506.0,61299774.0
4442,竣邦-KY,上櫃,0.0,0.0,0.0,323009.0,32883649.0
4502,健信,上櫃,0.0,0.0,0.0,3000.0,57469686.0
4503,金雨,上櫃,0.0,0.0,0.0,-27094.0,78313326.0
4506,崇友,上櫃,0.0,0.0,0.0,23000.0,177012000.0
4510,高鋒,上櫃,0.0,0.0,0.0,140143.0,108977724.0
4513,福裕,上櫃,0.0,0.0,0.0,85362.0,143761921.0
4523,永彰,上櫃,0.0,0.0,0.0,7183.0,64949000.0
4527,方土霖,上櫃,0.0,0.0,0.0,0.0,68537133.0
4533,協易機,上櫃,0.0,0.0,0.0,-13886.0,178434110.0
4534,慶騰,上櫃,0.0,0.0,0.0,54818.0,86788948.0
4535,至興,上櫃,0.0,0.0,0.0,-1000.0,75661740.0
4538,大詠城,上櫃,0.0,0.0,0.0,-4000.0,59469604.0
4541,晟田,上櫃,0.0,0.0,0.0,310000.0,67647068.0
4542,科嶠,上櫃,0.0,0.0,0.0,1000.0,35254258.0
4543,萬在,上櫃,0.0,0.0,0.0,10.0,62760915.0
4549,桓達,上櫃,0.0,0.0,0.0,-21987.0,57002445.0
4550,長佳,上櫃,0.0,0.0,0.0,-1000.0,37838783.0
4554,橙的,上櫃,0.0,0.0,0.0,-2675.0,30276584.0
4556,旭然,上櫃,0.0,0.0,0.0,4000.0,42302840.0
4558,寶緯,上櫃,0.0,0.0,0.0,-6400.0,50000000.0
4561,健椿,上櫃,0.0,0.0,0.0,34000.0,58521619.0
4563,百德,上櫃,0.0,0.0,0.0,-16064.0,54950000.0
4577,達航科技,上櫃,0.0,0.0,0.0,-35165.0,49137998.0
4580,捷流閥業,上櫃,0.0,0.0,0.0,-20000.0,46803109.0
4584,君帆,上櫃,0.0,0.0,0.0,-2000.0,30002400.0
4702,中美實,上櫃,0.0,0.0,0.0,-15332.0,72333200.0
4706,大恭,上櫃,0.0,0.0,0.0,7000.0,79030093.0
4707,磐亞,上櫃,0.0,0.0,0.0,-41000.0,413808151.0
4714,永捷,上櫃,0.0,0.0,0.0,-219815.0,221838188.0
4716,大立,上櫃,0.0,0.0,0.0,-126925.0,94427191.0
4721,美琪瑪,上櫃,0.0,0.0,0.0,20006.0,74986304.0
4726,永昕,上櫃,0.0,0.0,0.0,26999.0,207041800.0
4728,雙美,上櫃,0.0,0.0,0.0,2000.0,54463000.0
4729,熒茂,上櫃,0.0,0.0,0.0,-10000.0,79226741.0
4735,豪展,上櫃,0.0,0.0,0.0,0.0,41568758.0
4741,泓瀚,上櫃,0.0,0.0,0.0,20000.0,34812079.0
4743,合一,上櫃,0.0,0.0,0.0,389416.0,480533486.0
4744,皇將,上櫃,0.0,0.0,0.0,-111000.0,56948450.0
4745,合富-KY,上櫃,0.0,0.0,0.0,-11993.0,66220547.0
4747,強生,上櫃,0.0,0.0,0.0,1000.0,90922064.0
4749,新應材,上櫃,0.0,0.0,0.0,-187991.0,94732865.0
4754,國碳科,上櫃,0.0,0.0,0.0,1000.0,30283215.0
4760,勤凱,上櫃,0.0,0.0,0.0,-60735.0,32778289.0
4768,晶呈科技,上櫃,0.0,0.0,0.0,108185.0,48200288.0
4772,台特化,上櫃,0.0,0.0,0.0,-179049.0,147681552.0
4903,聯光通,上櫃,0.0,0.0,0.0,-454411.0,105343714.0
4907,富宇,上櫃,0.0,0.0,0.0,-1000.0,118145778.0
4908,前鼎,上櫃,0.0,0.0,0.0,65157.0,78216907.0
4909,新復興,上櫃,0.0,0.0,0.0,379801.0,93356864.0
4911,德英,上櫃,0.0,0.0,0.0,11000.0,68817133.0
4923,力士,上櫃,0.0,0.0,0.0,-2000.0,36940360.0
4924,欣厚-KY,上櫃,0.0,0.0,0.0,-1000.0,37164409.0
4931,新盛力,上櫃,0.0,0.0,0.0,-114791.0,65565761.0
4933,友輝,上櫃,0.0,0.0,0.0,-220609.0,82662675.0
4939,亞電,上櫃,0.0,0.0,0.0,82572.0,98200868.0
4946,辣椒,上櫃,0.0,0.0,0.0,15077.0,8852816.0
4950,金耘國際,上櫃,0.0,0.0,0.0,0.0,57729107.0
4951,精拓科,上櫃,0.0,0.0,0.0,606.0,34148713.0
4953,緯軟,上櫃,0.0,0.0,0.0,-66853.0,74326386.0
4966,譜瑞-KY,上櫃,0.0,0.0,0.0,-423463.0,78957788.0
4971,IET-KY,上櫃,0.0,0.0,0.0,-460843.0,47185743.0
4972,湯石照明,上櫃,0.0,0.0,0.0,-8000.0,56888587.0
4973,廣穎,上櫃,0.0,0.0,0.0,198203.0,65292843.0
4974,亞泰,上櫃,0.0,0.0,0.0,70907.0,72500104.0
4979,華星光,上櫃,0.0,0.0,0.0,-1127902.0,142802027.0
4987,科誠,上櫃,0.0,0.0,0.0,-3000.0,0.0
4991,環宇-KY,上櫃,0.0,0.0,0.0,78000.0,121363372.0
4995,晶達,上櫃,0.0,0.0,0.0,0.0,42592036.0
5009,榮剛,上櫃,0.0,0.0,0.0,21030.0,602471197.0
5011,久陽,上櫃,0.0,0.0,0.0,28999.0,100673922.0
5014,建錩,上櫃,0.0,0.0,0.0,-84029.0,183265054.0
5015,華祺,上櫃,0.0,0.0,0.0,2000.0,60639189.0
5201,凱衛,上櫃,0.0,0.0,0.0,76000.0,38674600.0
5202,力新,上櫃,0.0,0.0,0.0,27724.0,89094000.0
5206,坤悅,上櫃,0.0,0.0,0.0,-13000.0,180093375.0
5209,新鼎,上櫃,0.0,0.0,0.0,-24273.0,28567224.0
5210,寶碩,上櫃,0.0,0.0,0.0,0.0,82177779.0
5211,蒙恬,上櫃,0.0,0.0,0.0,-5000.0,32024727.0
5212,凌網,上櫃,0.0,0.0,0.0,7000.0,34633000.0
5213,亞昕,上櫃,0.0,0.0,0.0,-162000.0,721334326.0
5227,立凱-KY,上櫃,0.0,0.0,0.0,-7604.0,96000000.0
5228,鈺鎧,上櫃,0.0,0.0,0.0,11047.0,38056253.0
5230,雷笛克光學,上櫃,0.0,0.0,0.0,13637.0,56303831.0
5236,凌陽創新,上櫃,0.0,0.0,0.0,-66419.0,0.0
5245,智晶,上櫃,0.0,0.0,0.0,-59.0,45127141.0
5251,天鉞電,上櫃,0.0,0.0,0.0,203440.0,33733377.0
5263,智崴,上櫃,0.0,0.0,0.0,-4384.0,78936891.0
5272,笙科,上櫃,0.0,0.0,0.0,3079.0,55276118.0
5274,信驊,上櫃,0.0,0.0,0.0,-24057.0,41582953.0
5278,尚凡*,上櫃,0.0,0.0,0.0,-3000.0,300000000.0
5287,數字,上櫃,0.0,0.0,0.0,0.0,60310050.0
5289,宜鼎,上櫃,0.0,0.0,0.0,316285.0,98289931.0
5291,邑昇,上櫃,0.0,0.0,0.0,-5000.0,41890606.0
5299,杰力,上櫃,0.0,0.0,0.0,-22067.0,50888981.0
5302,太欣,上櫃,0.0,0.0,0.0,-11000.0,159888349.0
5309,系統電,上櫃,0.0,0.0,0.0,904696.0,230967451.0
5310,天剛,上櫃,0.0,0.0,0.0,2000.0,28943517.0
5312,寶島科,上櫃,0.0,0.0,0.0,-27278.0,60059898.0
5314,世紀*,上櫃,0.0,0.0,0.0,-1370109.0,292000000.0
5315,光聯,上櫃,0.0,0.0,0.0,84000.0,106351832.0
5321,美而快,上櫃,0.0,0.0,0.0,-37000.0,59543149.0
5328,華容,上櫃,0.0,0.0,0.0,1104518.0,172710724.0
5340,建榮,上櫃,0.0,0.0,0.0,-329003.0,194893964.0
5344,立衛,上櫃,0.0,0.0,0.0,12000.0,79447460.0
5347,世界,上櫃,0.0,0.0,0.0,-2467760.0,1878502192.0
5351,鈺創,上櫃,0.0,0.0,0.0,-442217.0,328636781.0
5353,台林,上櫃,0.0,0.0,0.0,-7115.0,76500000.0
5355,佳總,上櫃,0.0,0.0,0.0,9848.0,77500000.0
5356,協益,上櫃,0.0,0.0,0.0,-6000.0,103040000.0
5364,力麗店,上櫃,0.0,0.0,0.0,2793.0,63849940.0
5371,中光電,上櫃,0.0,0.0,0.0,303278.0,0.0
5381,合正,上櫃,0.0,0.0,0.0,34753.0,207690562.0
5386,青雲,上櫃,0.0,0.0,0.0,-109048.0,54121322.0
5392,能率,上櫃,0.0,0.0,0.0,584912.0,180093388.0
5398,慕康生醫,上櫃,0.0,0.0,0.0,10000.0,49465460.0
5403,中菲,上櫃,0.0,0.0,0.0,60000.0,78120722.0
5410,國眾,上櫃,0.0,0.0,0.0,-35253.0,93368623.0
5425,台半,上櫃,0.0,0.0,0.0,-1309114.0,263485486.0
5426,振發,上櫃,0.0,0.0,0.0,25778.0,143800000.0
5432,新門,上櫃,0.0,0.0,0.0,-2009.0,20687804.0
5438,東友,上櫃,0.0,0.0,0.0,73758.0,112536565.0
5439,高技,上櫃,0.0,0.0,0.0,493693.0,92975752.0
5443,均豪,上櫃,0.0,0.0,0.0,325961.0,164746644.0
5452,佶優,上櫃,0.0,0.0,0.0,57727.0,148763669.0
5457,宣德,上櫃,0.0,0.0,0.0,47263.0,196237000.0
5460,同協,上櫃,0.0,0.0,0.0,6006.0,58778130.0
5464,霖宏,上櫃,0.0,0.0,0.0,4000.0,71071490.0
5465,富驊,上櫃,0.0,0.0,0.0,-151475.0,147682629.0
5468,凱鈺,上櫃,0.0,0.0,0.0,-8439.0,58922909.0
5474,聰泰,上櫃,0.0,0.0,0.0,-10570.0,39756944.0
5475,德宏,上櫃,0.0,0.0,0.0,-220076.0,127127017.0
5478,智冠,上櫃,0.0,0.0,0.0,-121557.0,156074332.0
5481,新華,上櫃,0.0,0.0,0.0,331000.0,71402891.0
5483,中美晶,上櫃,0.0,0.0,0.0,-2047100.0,641221651.0
5487,通泰,上櫃,0.0,0.0,0.0,-9000.0,24222516.0
5488,松普,上櫃,0.0,0.0,0.0,-3001.0,91586124.0
5489,彩富,上櫃,0.0,0.0,0.0,3000.0,102706441.0
5490,同亨,上櫃,0.0,0.0,0.0,-12001.0,96152201.0
5493,三聯,上櫃,0.0,0.0,0.0,-37316.0,43689255.0
5498,凱崴,上櫃,0.0,0.0,0.0,-3583997.0,193548545.0
5508,永信建,上櫃,0.0,0.0,0.0,192967.0,217428133.0
5511,德昌,上櫃,0.0,0.0,0.0,-2000.0,136000000.0
5512,力麒,上櫃,0.0,0.0,0.0,-255000.0,766312494.0
5523,豐謙,上櫃,0.0,0.0,0.0,-1000.0,155001464.0
5529,鉅陞,上櫃,0.0,0.0,0.0,-7000.0,105769350.0
5530,龍巖,上櫃,0.0,0.0,0.0,-18000.0,420084199.0
5536,聖暉*,上櫃,0.0,0.0,0.0,506922.0,124080930.0
5543,桓鼎-KY,上櫃,0.0,0.0,0.0,-1816.0,46703593.0
5548,安倉,上櫃,0.0,0.0,0.0,3000.0,63723065.0
5601,台聯櫃,上櫃,0.0,0.0,0.0,-1000.0,64800000.0
5603,陸海,上櫃,0.0,0.0,0.0,1000.0,104876607.0
5609,中菲行,上櫃,0.0,0.0,0.0,-23000.0,142884000.0
5704,老爺知,上櫃,0.0,0.0,0.0,1000.0,58861658.0
5864,致和證,上櫃,0.0,0.0,0.0,0.0,504490084.0
5902,德記,上櫃,0.0,0.0,0.0,-2000.0,94500000.0
5903,全家,上櫃,0.0,0.0,0.0,-6000.0,223220000.0
5904,寶雅,上櫃,0.0,0.0,0.0,-80726.0,1064438260.0
5905,南仁湖,上櫃,0.0,0.0,0.0,263616.0,281623235.0
6015,宏遠證,上櫃,0.0,0.0,0.0,8000.0,403614082.0
6016,康和證,上櫃,0.0,0.0,0.0,199000.0,772419946.0
6021,美好證,上櫃,0.0,0.0,0.0,33000.0,312005974.0
6023,元大期,上櫃,0.0,0.0,0.0,7000.0,447972732.0
6026,福邦證,上櫃,0.0,0.0,0.0,157000.0,396161841.0
6104,創惟,上櫃,0.0,0.0,0.0,-57909.0,91127107.0
6109,亞元,上櫃,0.0,0.0,0.0,34000.0,87825414.0
6111,大宇資,上櫃,0.0,0.0,0.0,-220375.0,108511051.0
6113,亞矽,上櫃,0.0,0.0,0.0,-28050.0,52549455.0
6114,久威,上櫃,0.0,0.0,0.0,-1000.0,43911937.0
6118,建達,上櫃,0.0,0.0,0.0,-5034.0,90889573.0
6121,新普,上櫃,0.0,0.0,0.0,-166341.0,184970519.0
6122,擎邦,上櫃,0.0,0.0,0.0,-10001.0,78091632.0
6123,上奇,上櫃,0.0,0.0,0.0,-7626.0,62089430.0
6124,業強,上櫃,0.0,0.0,0.0,-1000.0,182479945.0
6125,廣運,上櫃,0.0,0.0,0.0,92966.0,259011150.0
6126,信音,上櫃,0.0,0.0,0.0,112000.0,130050754.0
6127,九豪,上櫃,0.0,0.0,0.0,-764295.0,108079751.0
6129,普誠,上櫃,0.0,0.0,0.0,33355.0,160574120.0
6130,上亞科技,上櫃,0.0,0.0,0.0,-39000.0,49300000.0
6134,萬旭,上櫃,0.0,0.0,0.0,6000.0,81882117.0
6138,茂達,上櫃,0.0,0.0,0.0,21396.0,75633500.0
6140,訊達,上櫃,0.0,0.0,0.0,125000.0,54897760.0
6143,振曜,上櫃,0.0,0.0,0.0,119889.0,86058897.0
6144,得利影,上櫃,0.0,0.0,0.0,0.0,38273701.0
6146,耕興,上櫃,0.0,0.0,0.0,-31443.0,101867199.0
6147,頎邦,上櫃,0.0,0.0,0.0,-1646264.0,744577539.0
6148,驊宏資,上櫃,0.0,0.0,0.0,128500.0,46603757.0
6150,撼訊,上櫃,0.0,0.0,0.0,-29358.0,48345985.0
6151,晉倫,上櫃,0.0,0.0,0.0,-34094.0,55257300.0
6154,順發,上櫃,0.0,0.0,0.0,-1000.0,80080000.0
6156,松上,上櫃,0.0,0.0,0.0,-13577.0,107875010.0
6158,禾昌,上櫃,0.0,0.0,0.0,-2000.0,55028788.0
6160,欣技,上櫃,0.0,0.0,0.0,-7693.0,68489120.0
6161,捷波,上櫃,0.0,0.0,0.0,7549.0,56237477.0
6163,華電網,上櫃,0.0,0.0,0.0,-24253.0,148838747.0
6167,久正,上櫃,0.0,0.0,0.0,-36000.0,143080000.0
6170,統振,上櫃,0.0,0.0,0.0,-44000.0,97260038.0
6171,大城地產,上櫃,0.0,0.0,0.0,0.0,100000000.0
6173,信昌電,上櫃,0.0,0.0,0.0,-813361.0,160928000.0
6174,安碁,上櫃,0.0,0.0,0.0,-1991.0,50000000.0
6175,立敦,上櫃,0.0,0.0,0.0,60064.0,150121812.0
6179,亞通,上櫃,0.0,0.0,0.0,947165.0,177324650.0
6180,橘子,上櫃,0.0,0.0,0.0,-52191.0,175493573.0
6182,合晶,上櫃,0.0,0.0,0.0,571182.0,625305662.0
6185,幃翔,上櫃,0.0,0.0,0.0,40000.0,149867531.0
6186,新潤,上櫃,0.0,0.0,0.0,-34733.0,194907598.0
6187,萬潤,上櫃,0.0,0.0,0.0,-141736.0,98262739.0
6188,廣明,上櫃,0.0,0.0,0.0,358443.0,278358910.0
6190,萬泰科,上櫃,0.0,0.0,0.0,-410840.0,186522441.0
6194,育富,上櫃,0.0,0.0,0.0,17000.0,48000000.0
6195,詩肯,上櫃,0.0,0.0,0.0,-8000.0,50192942.0
6199,天品,上櫃,0.0,0.0,0.0,-51195.0,61760018.0
6203,海韻電,上櫃,0.0,0.0,0.0,79372.0,82401370.0
6204,艾華,上櫃,0.0,0.0,0.0,-141001.0,23102080.0
6207,雷科,上櫃,0.0,0.0,0.0,115386.0,93066484.0
6208,日揚,上櫃,0.0,0.0,0.0,-7296.0,94462343.0
6210,慶生,上櫃,0.0,0.0,0.0,-4000.0,35048000.0
6212,理銘,上櫃,0.0,0.0,0.0,-1.0,102000000.0
6217,中探針,上櫃,0.0,0.0,0.0,425529.0,117210018.0
6218,豪勉,上櫃,0.0,0.0,0.0,-12581.0,64262000.0
6219,富旺,上櫃,0.0,0.0,0.0,-83250.0,124967090.0
6220,岳豐,上櫃,0.0,0.0,0.0,-25000.0,146462640.0
6221,晉泰,上櫃,0.0,0.0,0.0,-18000.0,168601206.0
6222,立軒,上櫃,0.0,0.0,0.0,-4000.0,95688878.0
6223,旺矽,上櫃,0.0,0.0,0.0,-172925.0,97981309.0
6227,茂綸,上櫃,0.0,0.0,0.0,3229.0,76111786.0
6229,研通,上櫃,0.0,0.0,0.0,6000.0,40360700.0
6231,系微,上櫃,0.0,0.0,0.0,127896.0,45652186.0
6233,旺玖,上櫃,0.0,0.0,0.0,-99000.0,80971896.0
6234,高僑,上櫃,0.0,0.0,0.0,-19227.0,100386398.0
6237,驊訊,上櫃,0.0,0.0,0.0,-52448.0,79645371.0
6240,松崗,上櫃,0.0,0.0,0.0,-10000.0,22867370.0
6241,易通展,上櫃,0.0,0.0,0.0,2000.0,45533670.0
6242,立康,上櫃,0.0,0.0,0.0,-1000.0,31806500.0
6244,茂迪,上櫃,0.0,0.0,0.0,-225699.0,387041875.0
6245,立端,上櫃,0.0,0.0,0.0,-61639.0,146608303.0
6246,臺龍,上櫃,0.0,0.0,0.0,-200.0,37851415.0
6248,沛波,上櫃,0.0,0.0,0.0,-10811.0,99956149.0
6261,久元,上櫃,0.0,0.0,0.0,5000.0,128497989.0
6263,普萊德,上櫃,0.0,0.0,0.0,-41995.0,62500964.0
6264,富裔,上櫃,0.0,0.0,0.0,-6000.0,136355291.0
6265,方土昶,上櫃,0.0,0.0,0.0,-215000.0,118172151.0
6266,泰詠,上櫃,0.0,0.0,0.0,-119872.0,153871641.0
6270,倍微,上櫃,0.0,0.0,0.0,2000.0,72145759.0
6274,台燿,上櫃,0.0,0.0,0.0,-1622867.0,299460093.0
6275,元山,上櫃,0.0,0.0,0.0,-35000.0,80344567.0
6276,安鈦克,上櫃,0.0,0.0,0.0,-5012.0,22043000.0
6279,胡連,上櫃,0.0,0.0,0.0,-419210.0,119015736.0
6284,佳邦,上櫃,0.0,0.0,0.0,193051.0,148980341.0
6290,良維,上櫃,0.0,0.0,0.0,30998.0,169652410.0
6291,沛亨,上櫃,0.0,0.0,0.0,-81324.0,42000000.0
6292,迅德,上櫃,0.0,0.0,0.0,6000.0,46600712.0
6294,智基,上櫃,0.0,0.0,0.0,1000.0,26047106.0
6411,晶焱,上櫃,0.0,0.0,0.0,169456.0,99508031.0
6417,韋僑,上櫃,0.0,0.0,0.0,-21000.0,42274000.0
6418,詠昇,上櫃,0.0,0.0,0.0,10000.0,34522000.0
6419,京晨科,上櫃,0.0,0.0,0.0,-3000.0,13159170.0
6425,易發,上櫃,0.0,0.0,0.0,38727.0,51382317.0
6432,今展科,上櫃,0.0,0.0,0.0,-35998.0,38784067.0
6435,大中,上櫃,0.0,0.0,0.0,-33000.0,37461300.0
6441,廣錠,上櫃,0.0,0.0,0.0,1992.0,53318429.0
6461,益得,上櫃,0.0,0.0,0.0,19000.0,110324527.0
6462,神盾,上櫃,0.0,0.0,0.0,28726.0,91250754.0
6469,大樹,上櫃,0.0,0.0,0.0,132653.0,159085152.0
6470,宇智,上櫃,0.0,0.0,0.0,-47000.0,37694100.0
6485,點序,上櫃,0.0,0.0,0.0,-113999.0,47366493.0
6486,互動,上櫃,0.0,0.0,0.0,-1000.0,50893286.0
6488,環球晶,上櫃,0.0,0.0,0.0,-437043.0,478113725.0
6492,生華科,上櫃,0.0,0.0,0.0,31998.0,114903620.0
6494,九齊,上櫃,0.0,0.0,0.0,-11003.0,31559690.0
6496,科懋,上櫃,0.0,0.0,0.0,2000.0,47290220.0
6498,久禾光,上櫃,0.0,0.0,0.0,5889.0,47475892.0
6499,益安,上櫃,0.0,0.0,0.0,-59895.0,96944893.0
6508,惠光,上櫃,0.0,0.0,0.0,-27000.0,86538864.0
6509,聚和,上櫃,0.0,0.0,0.0,35000.0,197080553.0
6510,精測,上櫃,0.0,0.0,0.0,24960.0,32929138.0
6516,勤崴國際,上櫃,0.0,0.0,0.0,2000.0,56336935.0
6517,保勝光學,上櫃,0.0,0.0,0.0,11582.0,30579053.0
6523,達爾膚,上櫃,0.0,0.0,0.0,-7000.0,45047625.0
6527,明達醫,上櫃,0.0,0.0,0.0,-2000.0,25458550.0
6530,創威,上櫃,0.0,0.0,0.0,-34638.0,33750000.0
6532,瑞耘,上櫃,0.0,0.0,0.0,3990.0,37445147.0
6535,順藥,上櫃,0.0,0.0,0.0,64880.0,167840825.0
6538,倉和,上櫃,0.0,0.0,0.0,5019.0,37270493.0
6542,隆中,上櫃,0.0,0.0,0.0,5000.0,42000630.0
6546,正基,上櫃,0.0,0.0,0.0,129814.0,66848449.0
6547,高端疫苗,上櫃,0.0,0.0,0.0,150574.0,328943644.0
6548,長科*,上櫃,0.0,0.0,0.0,466000.0,950464700.0
6560,欣普羅,上櫃,0.0,0.0,0.0,-21000.0,33474715.0
6561,是方,上櫃,0.0,0.0,0.0,-81700.0,77958370.0
6568,宏觀,上櫃,0.0,0.0,0.0,-2124.0,30796200.0
6569,醫揚,上櫃,0.0,0.0,0.0,-4961.0,42820745.0
6570,維田,上櫃,0.0,0.0,0.0,2901.0,37119170.0
6576,逸達,上櫃,0.0,0.0,0.0,-25002.0,157540541.0
6577,勁豐,上櫃,0.0,0.0,0.0,-6000.0,60060145.0
6578,達邦蛋白,上櫃,0.0,0.0,0.0,27000.0,71941901.0
6584,南俊國際,上櫃,0.0,0.0,0.0,203100.0,71379810.0
6590,普鴻,上櫃,0.0,0.0,0.0,-2000.0,28695603.0
6593,台灣銘板,上櫃,0.0,0.0,0.0,65676.0,31856609.0
6596,寬宏藝術,上櫃,0.0,0.0,0.0,-83176.0,38000000.0
6597,立誠,上櫃,0.0,0.0,0.0,0.0,30042250.0
6603,富強鑫,上櫃,0.0,0.0,0.0,-94197.0,167442946.0
6609,瀧澤科,上櫃,0.0,0.0,0.0,25018.0,72456246.0
6612,奈米醫材,上櫃,0.0,0.0,0.0,-1000.0,52266043.0
6613,朋億*,上櫃,0.0,0.0,0.0,-67226.0,77801485.0
6616,特昇-KY,上櫃,0.0,0.0,0.0,-3000.0,35428473.0
6617,共信-KY,上櫃,0.0,0.0,0.0,1000.0,127506100.0
6624,萬年清,上櫃,0.0,0.0,0.0,4000.0,22579482.0
6629,泰金-KY,上櫃,0.0,0.0,0.0,5000.0,38379563.0
6640,均華,上櫃,0.0,0.0,0.0,22568.0,28911500.0
6642,富致,上櫃,0.0,0.0,0.0,-6000.0,37399662.0
6643,M31,上櫃,0.0,0.0,0.0,-165798.0,42620160.0
6649,台生材,上櫃,0.0,0.0,0.0,-66687.0,42000000.0
6651,全宇昕,上櫃,0.0,0.0,0.0,-41000.0,34601541.0
6654,天正國際,上櫃,0.0,0.0,0.0,2000.0,40962720.0
6661,威健生技,上櫃,0.0,0.0,0.0,-1000.0,23304248.0
6664,群翊,上櫃,0.0,0.0,0.0,31385.0,61151307.0
6667,信紘科,上櫃,0.0,0.0,0.0,-36167.0,49278878.0
6679,鈺太,上櫃,0.0,0.0,0.0,-17308.0,54975335.0
6683,雍智科技,上櫃,0.0,0.0,0.0,-49927.0,27552661.0
6684,安格,上櫃,0.0,0.0,0.0,-7499.0,44559496.0
6690,安碁資訊,上櫃,0.0,0.0,0.0,-6050.0,29999720.0
6692,進能服,上櫃,0.0,0.0,0.0,1067.0,58843890.0
6693,廣閎科,上櫃,0.0,0.0,0.0,7000.0,45720000.0
6697,東捷資訊,上櫃,0.0,0.0,0.0,1000.0,27323364.0
6703,軒郁,上櫃,0.0,0.0,0.0,-5000.0,36257210.0
6712,長聖,上櫃,0.0,0.0,0.0,-20077.0,100488861.0
6716,應廣,上櫃,0.0,0.0,0.0,5102.0,30241814.0
6720,久昌,上櫃,0.0,0.0,0.0,-2000.0,30225741.0
6727,亞泰金屬,上櫃,0.0,0.0,0.0,-4000.0,26884177.0
6728,上洋,上櫃,0.0,0.0,0.0,3000.0,30120000.0
6732,昇佳電子,上櫃,0.0,0.0,0.0,-8158.0,48912618.0
6733,博晟生醫,上櫃,0.0,0.0,0.0,-17000.0,134316026.0
6735,美達科技,上櫃,0.0,0.0,0.0,2000.0,46182292.0
6739,竹陞科技,上櫃,0.0,0.0,0.0,3452.0,23392500.0
6741,91APP*-KY,上櫃,0.0,0.0,0.0,-145000.0,120577997.0
6751,智聯服務,上櫃,0.0,0.0,0.0,3000.0,22200000.0
6752,叡揚,上櫃,0.0,0.0,0.0,3326.0,38258471.0
6761,穩得,上櫃,0.0,0.0,0.0,70753.0,34955867.0
6762,達亞,上櫃,0.0,0.0,0.0,2000.0,36930288.0
6763,綠界科技*,上櫃,0.0,0.0,0.0,-139942.0,184039130.0
6785,昱展新藥,上櫃,0.0,0.0,0.0,54901.0,66800000.0
6788,華景電,上櫃,0.0,0.0,0.0,9930.0,38739683.0
6791,虎門科技,上櫃,0.0,0.0,0.0,-4075.0,20847000.0
6803,崑鼎,上櫃,0.0,0.0,0.0,-12000.0,72794385.0
6804,明係,上櫃,0.0,0.0,0.0,2000.0,47500000.0
6811,宏碁資訊,上櫃,0.0,0.0,0.0,-55680.0,41449000.0
6821,聯寶,上櫃,0.0,0.0,0.0,-3995.0,35913193.0
6823,濾能,上櫃,0.0,0.0,0.0,10000.0,33233920.0
6829,千附精密,上櫃,0.0,0.0,0.0,-25232.0,59169000.0
6840,東研信超,上櫃,0.0,0.0,0.0,-3000.0,30767284.0
6841,長佳智能,上櫃,0.0,0.0,0.0,-110327.0,95223000.0
6843,進典,上櫃,0.0,0.0,0.0,2000.0,33304000.0
6846,綠茵,上櫃,0.0,0.0,0.0,2000.0,27066039.0
6859,伯特光,上櫃,0.0,0.0,0.0,29449.0,41588600.0
6870,騰雲,上櫃,0.0,0.0,0.0,-9038.0,28317550.0
6874,倍力,上櫃,0.0,0.0,0.0,-3000.0,22000000.0
6875,國邑*,上櫃,0.0,0.0,0.0,-3000.0,129182804.0
6877,鏵友益,上櫃,0.0,0.0,0.0,215011.0,47167122.0
6895,宏碩系統,上櫃,0.0,0.0,0.0,30417.0,34100000.0
6899,創為精密,上櫃,0.0,0.0,0.0,-3000.0,42398491.0
6903,巨漢,上櫃,0.0,0.0,0.0,-150729.0,66676000.0
6913,鴻呈,上櫃,0.0,0.0,0.0,-35000.0,43848863.0
6922,宸曜,上櫃,0.0,0.0,0.0,-64803.0,27155385.0
6925,意藍,上櫃,0.0,0.0,0.0,41074.0,20000300.0
6929,佑全,上櫃,0.0,0.0,0.0,-1000.0,45090000.0
6953,家碩,上櫃,0.0,0.0,0.0,2000.0,30014600.0
6967,汎瑋材料,上櫃,0.0,0.0,0.0,-1000.0,30404477.0
6968,萬達寵物,上櫃,0.0,0.0,0.0,0.0,50436279.0
6971,惠民實業,上櫃,0.0,0.0,0.0,6000.0,38668000.0
6982,大井泵浦,上櫃,0.0,0.0,0.0,17000.0,40752381.0
6996,力領科技,上櫃,0.0,0.0,0.0,-56000.0,42090333.0
6997,博弘,上櫃,0.0,0.0,0.0,-2000.0,22100500.0
7402,邑錡,上櫃,0.0,0.0,0.0,79000.0,35280646.0
7547,碩網,上櫃,0.0,0.0,0.0,18000.0,33963000.0
7556,意德士,上櫃,0.0,0.0,0.0,4600.0,29080869.0
7642,昶瑞機電,上櫃,0.0,0.0,0.0,-369.0,30194258.0
7703,銳澤,上櫃,0.0,0.0,0.0,26973.0,34745000.0
7704,明遠精密,上櫃,0.0,0.0,0.0,2000.0,33769804.0
7712,博盛半導體,上櫃,0.0,0.0,0.0,7000.0,32561873.0
7713,威力德生醫,上櫃,0.0,0.0,0.0,0.0,45478843.0
7714,創泓科技,上櫃,0.0,0.0,0.0,17000.0,21000000.0
7717,萊德光電-KY,上櫃,0.0,0.0,0.0,17000.0,24831518.0
7718,友鋮,上櫃,0.0,0.0,0.0,-14000.0,46356484.0
7723,築間,上櫃,0.0,0.0,0.0,30000.0,49619550.0
7728,光焱科技,上櫃,0.0,0.0,0.0,-26484.0,13992621.0
7734,印能科技,上櫃,0.0,0.0,0.0,-21230.0,28000000.0
7738,東聯互動,上櫃,0.0,0.0,0.0,32000.0,27355799.0
7747,昕奇雲端,上櫃,0.0,0.0,0.0,-1000.0,30168600.0
7751,竑騰,上櫃,0.0,0.0,0.0,-12396.0,26888600.0
7753,星亞,上櫃,0.0,0.0,0.0,6000.0,25000000.0
7757,金色三麥,上櫃,0.0,0.0,0.0,-11000.0,24100000.0
7782,光速火箭,上櫃,0.0,0.0,0.0,-1000.0,23213000.0
8024,佑華,上櫃,0.0,0.0,0.0,-1000.0,45160100.0
8027,鈦昇,上櫃,0.0,0.0,0.0,-342651.0,109750596.0
8032,光菱,上櫃,0.0,0.0,0.0,9808.0,51810300.0
8034,榮群,上櫃,0.0,0.0,0.0,-93000.0,56586353.0
8038,長園科,上櫃,0.0,0.0,0.0,-1525904.0,62278190.0
8040,九暘,上櫃,0.0,0.0,0.0,-84319.0,96413874.0
8042,金山電,上櫃,0.0,0.0,0.0,1207694.0,131479954.0
8043,蜜望實,上櫃,0.0,0.0,0.0,-492712.0,79907170.0
8044,網家,上櫃,0.0,0.0,0.0,-119264.0,204768065.0
8047,星雲,上櫃,0.0,0.0,0.0,-72705.0,34613011.0
8048,德勝,上櫃,0.0,0.0,0.0,-207144.0,59436924.0
8049,晶采,上櫃,0.0,0.0,0.0,3272.0,118279808.0
8050,廣積,上櫃,0.0,0.0,0.0,-36728.0,205204891.0
8054,安國,上櫃,0.0,0.0,0.0,-141646.0,108732566.0
8059,凱碩,上櫃,0.0,0.0,0.0,115388.0,116466300.0
8064,東捷,上櫃,0.0,0.0,0.0,-123561.0,184817836.0
8066,來思達,上櫃,0.0,0.0,0.0,-4764.0,36642304.0
8068,全達,上櫃,0.0,0.0,0.0,-31001.0,80765949.0
8069,元太,上櫃,0.0,0.0,0.0,-1279162.0,1154678380.0
8071,能率網通,上櫃,0.0,0.0,0.0,-29001.0,60084283.0
8074,鉅橡,上櫃,0.0,0.0,0.0,398294.0,86974466.0
8076,伍豐,上櫃,0.0,0.0,0.0,64348.0,292213592.0
8080,泰霖,上櫃,0.0,0.0,0.0,1083.0,67163821.0
8083,瑞穎,上櫃,0.0,0.0,0.0,-5000.0,35133193.0
8084,巨虹,上櫃,0.0,0.0,0.0,40000.0,69514149.0
8085,福華,上櫃,0.0,0.0,0.0,-159049.0,139983060.0
8086,宏捷科,上櫃,0.0,0.0,0.0,-213472.0,196516123.0
8087,麗升能源,上櫃,0.0,0.0,0.0,-5000.0,38646042.0
8088,品安,上櫃,0.0,0.0,0.0,219010.0,60921749.0
8089,康全電訊,上櫃,0.0,0.0,0.0,81413.0,65998718.0
8091,翔名,上櫃,0.0,0.0,0.0,30844.0,56943651.0
8092,建暐,上櫃,0.0,0.0,0.0,-5000.0,57172325.0
8093,保銳,上櫃,0.0,0.0,0.0,19000.0,56567567.0
8096,擎亞,上櫃,0.0,0.0,0.0,-374672.0,149343066.0
8097,常珵,上櫃,0.0,0.0,0.0,-32075.0,60302468.0
8099,大世科,上櫃,0.0,0.0,0.0,-15000.0,100072800.0
8107,大億金茂,上櫃,0.0,0.0,0.0,-2232.0,75000000.0
8109,博大,上櫃,0.0,0.0,0.0,-4688.0,82161236.0
8111,立碁,上櫃,0.0,0.0,0.0,-831125.0,109102223.0
8121,越峰,上櫃,0.0,0.0,0.0,-61300.0,212993743.0
8147,正淩,上櫃,0.0,0.0,0.0,7110.0,41817166.0
8155,博智,上櫃,0.0,0.0,0.0,-150242.0,62367700.0
8171,天宇,上櫃,0.0,0.0,0.0,-8028.0,112853326.0
8176,智捷,上櫃,0.0,0.0,0.0,13927.0,59800000.0
8182,加高,上櫃,0.0,0.0,0.0,-6000.0,107041215.0
8183,精星,上櫃,0.0,0.0,0.0,-9096.0,0.0
8227,巨有科技,上櫃,0.0,0.0,0.0,-20043.0,39543000.0
8234,新漢,上櫃,0.0,0.0,0.0,297488.0,141226472.0
8240,華宏,上櫃,0.0,0.0,0.0,-13824.0,100004414.0
8255,朋程,上櫃,0.0,0.0,0.0,-81980.0,101961041.0
8277,商丞,上櫃,0.0,0.0,0.0,76781.0,39500000.0
8279,生展,上櫃,0.0,0.0,0.0,12000.0,27100851.0
8289,泰藝,上櫃,0.0,0.0,0.0,1000.0,68333765.0
8299,群聯,上櫃,0.0,0.0,0.0,274792.0,221165247.0
8349,恒耀,上櫃,0.0,0.0,0.0,-4000.0,208821391.0
8349A,恒耀甲特,上櫃,0.0,0.0,0.0,-2000.0,0.0
8358,金居,上櫃,0.0,0.0,0.0,-808113.0,252588000.0
8383,千附,上櫃,0.0,0.0,0.0,-115568.0,113760482.0
8390,金益鼎,上櫃,0.0,0.0,0.0,780016.0,96116128.0
8401,白紗科,上櫃,0.0,0.0,0.0,-14000.0,70669058.0
8403,盛弘,上櫃,0.0,0.0,0.0,167000.0,137640343.0
8409,商之器,上櫃,0.0,0.0,0.0,999.0,32000000.0
8410,森田,上櫃,0.0,0.0,0.0,-2165.0,36589200.0
8415,大國鋼,上櫃,0.0,0.0,0.0,-28294.0,1031500000.0
8426,紅木-KY,上櫃,0.0,0.0,0.0,5653.0,50242500.0
8431,匯鑽科,上櫃,0.0,0.0,0.0,199999.0,48778331.0
8432,東生華,上櫃,0.0,0.0,0.0,1000.0,38398140.0
8433,弘帆,上櫃,0.0,0.0,0.0,24000.0,54506098.0
8435,鉅邁,上櫃,0.0,0.0,0.0,-2000.0,35200450.0
8436,大江,上櫃,0.0,0.0,0.0,-84139.0,117728830.0
8437,大地-KY,上櫃,0.0,0.0,0.0,-10000.0,47014070.0
8440,綠電,上櫃,0.0,0.0,0.0,25345.0,50255299.0
8444,綠河-KY,上櫃,0.0,0.0,0.0,-3000.0,125104845.0
8446,華研,上櫃,0.0,0.0,0.0,7933.0,52914405.0
8450,霹靂,上櫃,0.0,0.0,0.0,-2000.0,51309947.0
8472,夠麻吉,上櫃,0.0,0.0,0.0,15130.0,17735800.0
8477,創業家,上櫃,0.0,0.0,0.0,-1000.0,84170616.0
8489,三貝德,上櫃,0.0,0.0,0.0,14000.0,59948960.0
8906,花王,上櫃,0.0,0.0,0.0,5000.0,44037370.0
8908,欣雄,上櫃,0.0,0.0,0.0,5000.0,315332742.0
8916,光隆,上櫃,0.0,0.0,0.0,-3000.0,148591646.0
8917,欣泰,上櫃,0.0,0.0,0.0,1000.0,162652459.0
8921,沈氏,上櫃,0.0,0.0,0.0,-1000.0,46592159.0
8924,大田,上櫃,0.0,0.0,0.0,11000.0,83800000.0
8927,北基,上櫃,0.0,0.0,0.0,159508.0,419068367.0
8928,鉅明,上櫃,0.0,0.0,0.0,4000.0,50854015.0
8929,富堡,上櫃,0.0,0.0,0.0,13000.0,50580862.0
8930,青鋼,上櫃,0.0,0.0,0.0,-57000.0,81809406.0
8931,大汽電,上櫃,0.0,0.0,0.0,-13020.0,122254862.0
8932,智通*,上櫃,0.0,0.0,0.0,-174765.0,426013152.0
8933,愛地雅,上櫃,0.0,0.0,0.0,-66569.0,326724305.0
8935,邦泰,上櫃,0.0,0.0,0.0,39819.0,113495000.0
8936,國統,上櫃,0.0,0.0,0.0,-284022.0,248078157.0
8937,合騏,上櫃,0.0,0.0,0.0,-21933.0,441680272.0
8938,明安,上櫃,0.0,0.0,0.0,77000.0,156986490.0
8942,森鉅,上櫃,0.0,0.0,0.0,32000.0,198842255.0
9950,萬國通,上櫃,0.0,0.0,0.0,1000.0,167716000.0
9951,皇田,上櫃,0.0,0.0,0.0,-48000.0,73300000.0
9962,有益,上櫃,0.0,0.0,0.0,-4000.0,90220260.0
