code,name,market,外資,投信,自營,三大法人,shares
00403A,主動統一升級50,上市,137352225.0,0.0,109045339.0,246397564.0,15552519000.0
00981A,主動統一台股增長,上市,139081078.0,0.0,65016637.0,204097715.0,9217709000.0
00631L,元大台灣50正2,上市,14525138.0,0.0,58481783.0,73006921.0,6461848000.0
00405A,主動富邦台灣龍耀,上市,19108300.0,0.0,33182355.0,52290655.0,2645745000.0
00402A,主動安聯美國科技,上市,-34000.0,0.0,43533558.0,43499558.0,812127000.0
00407A,主動凱基台灣,上市,-16005600.0,0.0,48229319.0,32223719.0,2512739000.0
00988A,主動統一全球創新,上市,25992012.0,0.0,5129202.0,31121214.0,2844437000.0
2303,聯電,上市,65873616.0,-44966991.0,5660885.0,26567510.0,12576984870.0
00992A,主動群益科技創新,上市,6925600.0,0.0,18410631.0,25336231.0,2321955000.0
009816,凱基台灣TOP50,上市,7788549.0,0.0,17087201.0,24875750.0,10406344000.0
00400A,主動國泰動能高息,上市,26617000.0,0.0,-2734971.0,23882029.0,1726140000.0
00712,復華富時不動產,上市,12554030.0,0.0,10819999.0,23374029.0,5331011000.0
00990A,主動元大AI新經濟,上市,19949012.0,0.0,1375380.0,21324392.0,2265522000.0
8150,南茂,上市,13827303.0,6480000.0,962067.0,21269370.0,704523126.0
00999A,主動野村臺灣高息,上市,9470850.0,0.0,11154203.0,20625053.0,1268517000.0
009820,元大納斯達克精選,上市,-797000.0,0.0,21359704.0,20562704.0,1367202000.0
2363,矽統,上市,19230246.0,0.0,1170060.0,20400306.0,514988161.0
00406A,主動中信台灣收益,上市,552000.0,0.0,19536616.0,20088616.0,750062000.0
00982A,主動群益台灣強棒,上市,5351975.0,0.0,14174076.0,19526051.0,2157936000.0
0050,元大台灣50,上市,8681068.0,6383000.0,4240461.0,19304529.0,20754500000.0
00991A,主動復華未來50,上市,3938020.0,13590000.0,506550.0,18034570.0,3454416000.0
2406,國碩,上市,16837853.0,0.0,120763.0,16958616.0,350905689.0
00918,大華優利高填息30,上市,6028669.0,0.0,9682399.0,15711068.0,3574764000.0
00673R,期元大S&P原油反1,上市,-133000.0,0.0,13164243.0,13031243.0,519550646.0
1303,南亞,上市,10396725.0,4024179.0,-1401990.0,13018914.0,7930821589.0
2881,富邦金,上市,29531083.0,-16352308.0,-489506.0,12689269.0,14007364952.0
3706,神達,上市,5275495.0,6022000.0,507958.0,11805453.0,1327212468.0
2330,台積電,上市,7399623.0,4742597.0,-386238.0,11755982.0,25932370067.0
2884,玉山金,上市,13398722.0,-5291267.0,2273849.0,10381304.0,16174000000.0
2890,永豐金,上市,-53579625.0,63471268.0,390453.0,10282096.0,14502322275.0
009824,群益美國科技巨頭,上市,0.0,0.0,9816508.0,9816508.0,729347000.0
00404A,主動聯博動能50,上市,-19000.0,0.0,7883284.0,7864284.0,326795000.0
2892,第一金,上市,-90746752.0,98425000.0,106434.0,7784682.0,14379468650.0
6257,矽格,上市,7183911.0,209133.0,336020.0,7729064.0,483912325.0
8033,雷虎,上市,7489261.0,0.0,118567.0,7607828.0,164629775.0
2886,兆豐金,上市,-56860968.0,64186555.0,202600.0,7528187.0,14833378282.0
2464,盟立,上市,7018082.0,-178000.0,282715.0,7122797.0,206431226.0
00929,復華台灣科技優息,上市,4524900.0,0.0,2308045.0,6832945.0,4543139000.0
00891,中信關鍵半導體,上市,8295200.0,0.0,-1503296.0,6791904.0,1653090000.0
3005,神基,上市,6371097.0,-450537.0,247614.0,6168174.0,624310150.0
2352,佳世達,上市,-2534825.0,8368000.0,154774.0,5987949.0,1580506505.0
00994A,主動第一金台股優,上市,1407000.0,0.0,4243701.0,5650701.0,304190000.0
00993A,主動安聯台灣,上市,1631349.0,0.0,3525344.0,5156693.0,791091000.0
00637L,元大滬深300正2,上市,408000.0,0.0,4723580.0,5131580.0,719106000.0
00983A,主動中信ARK創新,上市,2118000.0,0.0,2996211.0,5114211.0,122686000.0
009805,台新美國電力基建,上市,1121000.0,0.0,3905220.0,5026220.0,644816000.0
009819,中信數據及電力,上市,213000.0,0.0,4663734.0,4876734.0,691745000.0
00980A,主動野村臺灣優選,上市,4480975.0,-3038000.0,3290045.0,4733020.0,709230000.0
2382,廣達,上市,2111628.0,2514970.0,43004.0,4669602.0,3862627432.0
00922,國泰台灣領袖50,上市,3021276.0,1988000.0,-461608.0,4547668.0,2076186000.0
00830,國泰費城半導體,上市,3153734.0,0.0,1279551.0,4433285.0,725965000.0
00997A,主動群益美國增長,上市,2796500.0,0.0,1632559.0,4429059.0,1082377000.0
2449,京元電子,上市,5212592.0,-661670.0,-154125.0,4396797.0,1222745065.0
00940,元大台灣價值高息,上市,529100.0,0.0,3817169.0,4346269.0,5547865000.0
00896,中信綠能及電動車,上市,2173000.0,0.0,2155849.0,4328849.0,403880000.0
2515,中工,上市,4061479.0,0.0,5206.0,4066685.0,1607904084.0
2027,大成鋼,上市,-25230139.0,28016067.0,1270848.0,4056776.0,2584260615.0
2338,光罩,上市,3971255.0,0.0,45310.0,4016565.0,366849183.0
00900,富邦特選高股息30,上市,3923100.0,0.0,51028.0,3974128.0,1657525000.0
3605,宏致,上市,3695352.0,0.0,224833.0,3920185.0,174697441.0
2375,凱美,上市,3884000.0,0.0,-27859.0,3856141.0,108675334.0
0052,富邦科技,上市,-691798.0,0.0,4109081.0,3417283.0,2562000000.0
2327,國巨*,上市,13307232.0,-9811573.0,-224460.0,3271199.0,2071465484.0
1301,台塑,上市,3110457.0,0.0,145770.0,3256227.0,6365740781.0
1314,中石化,上市,3459780.0,0.0,-254970.0,3204810.0,3784850130.0
4526,東台,上市,3178022.0,0.0,3951.0,3181973.0,254826461.0
9907,統一實,上市,-1211817.0,4349915.0,-468.0,3137630.0,1579145342.0
2547,日勝生,上市,-432811.0,3461258.0,-10000.0,3018447.0,1035094649.0
00987A,主動台新優勢成長,上市,1159000.0,0.0,1852220.0,3011220.0,172143000.0
009813,貝萊德標普卓越50,上市,69261.0,0.0,2892308.0,2961569.0,370324000.0
3711,日月光投控,上市,1936969.0,1012519.0,-8484.0,2941004.0,4470572282.0
00995A,主動中信台灣卓越,上市,825800.0,0.0,2089501.0,2915301.0,303035000.0
2105,正新,上市,2084056.0,773206.0,48766.0,2906028.0,3241415536.0
8046,南電,上市,2431248.0,430000.0,-34055.0,2827193.0,646165487.0
2301,光寶科,上市,3672738.0,-1004000.0,79418.0,2748156.0,2316107763.0
1609,大亞,上市,2645319.0,0.0,51621.0,2696940.0,785261944.0
2887,台新新光金,上市,-23793611.0,26847000.0,-401056.0,2652333.0,24866399230.0
00985A,主動野村台灣50,上市,745000.0,0.0,1878415.0,2623415.0,473789000.0
2481,強茂,上市,1997950.0,-41000.0,588678.0,2545628.0,382114927.0
00916,國泰全球品牌50,上市,86050.0,0.0,2437864.0,2523914.0,142419000.0
2377,微星,上市,-7739821.0,10981842.0,-747980.0,2494041.0,844856199.0
2887I,台新新光辛特,上市,2469175.0,0.0,0.0,2469175.0,3096420552.0
6271,同欣電,上市,798201.0,649000.0,966115.0,2413316.0,209058024.0
2484,希華,上市,2050000.0,0.0,213425.0,2263425.0,159421022.0
00663L,國泰臺灣加權正2,上市,156000.0,0.0,2100457.0,2256457.0,145663000.0
1710,東聯,上市,2094900.0,0.0,51903.0,2146803.0,885703029.0
00965,元大航太防衛科技,上市,12000.0,0.0,2095258.0,2107258.0,455992000.0
2492,華新科,上市,2474578.0,33000.0,-406414.0,2101164.0,485204774.0
2204,中華,上市,606382.0,1396605.0,15244.0,2018231.0,553620342.0
3717,聯嘉投控,上市,1103906.0,0.0,877405.0,1981311.0,207845445.0
8261,富鼎,上市,1980000.0,0.0,-56678.0,1923322.0,118878393.0
00996A,主動兆豐台灣豐收,上市,-375000.0,0.0,2282666.0,1907666.0,320399000.0
3413,京鼎,上市,1888276.0,0.0,7490.0,1895766.0,110762280.0
2371,大同,上市,1238132.0,659000.0,-25808.0,1871324.0,2150834851.0
3037,欣興,上市,119712.0,2054000.0,-302936.0,1870776.0,1588872956.0
00671R,富邦NASDAQ反1,上市,0.0,0.0,1835840.0,1835840.0,540384000.0
4532,瑞智,上市,141767.0,1745177.0,-62239.0,1824705.0,494895105.0
6753,龍德造船,上市,1446851.0,0.0,294478.0,1741329.0,117253224.0
6282,康舒,上市,1580079.0,220000.0,-113291.0,1686788.0,856031294.0
00753L,中信中國50正2,上市,792000.0,0.0,887571.0,1679571.0,770657000.0
3042,晶技,上市,1254988.0,0.0,403195.0,1658183.0,342992971.0
4916,事欣科,上市,1550600.0,0.0,105848.0,1656448.0,110602900.0
1326,台化,上市,1053662.0,0.0,601295.0,1654957.0,5861186291.0
1515,力山,上市,1599310.0,0.0,2440.0,1601750.0,181473500.0
2302,麗正,上市,1566218.0,0.0,-19961.0,1546257.0,166302881.0
1905,華紙,上市,1534478.0,0.0,3277.0,1537755.0,1102835316.0
9938,百和,上市,-226000.0,1726458.0,34864.0,1535322.0,297963902.0
3033,威健,上市,2062000.0,-561759.0,600.0,1500841.0,483590330.0
3035,智原,上市,1245332.0,0.0,210264.0,1455596.0,260550313.0
00924,復華S&P500成長,上市,69045.0,0.0,1373041.0,1442086.0,446603000.0
00881,國泰台灣科技龍頭,上市,222000.0,0.0,1218591.0,1440591.0,2375403000.0
6189,豐藝,上市,1396438.0,13729.0,7755.0,1417922.0,263779657.0
00946,群益科技高息成長,上市,-357053.0,0.0,1749540.0,1392487.0,475246000.0
6719,力智,上市,1277000.0,0.0,56811.0,1333811.0,105483989.0
00897,富邦基因免疫生技,上市,877800.0,0.0,406686.0,1284486.0,144512000.0
3017,奇鋐,上市,870718.0,308000.0,51980.0,1230698.0,392543007.0
2646,星宇航空,上市,365489.0,853000.0,-1584.0,1216905.0,3008735000.0
3014,聯陽,上市,-659967.0,1872915.0,3078.0,1216026.0,165979124.0
2365,昆盈,上市,1175968.0,0.0,-9999.0,1165969.0,221528496.0
2347,聯強,上市,-3006574.0,4079626.0,73215.0,1146267.0,1667946968.0
1308,亞聚,上市,1145000.0,0.0,-2708.0,1142292.0,593743919.0
00898,國泰基因免疫革命,上市,1258000.0,0.0,-121840.0,1136160.0,147976000.0
6672,騰輝電子-KY,上市,1163470.0,0.0,-38852.0,1124618.0,71434745.0
2466,冠西電,上市,1129900.0,0.0,-5351.0,1124549.0,173458697.0
2883,凱基金,上市,13573409.0,-7675415.0,-4834624.0,1063370.0,18556989414.0
00885,富邦越南,上市,444000.0,0.0,595957.0,1039957.0,627238000.0
6224,聚鼎,上市,1003348.0,0.0,-895.0,1002453.0,85645361.0
009811,統一美國50,上市,4000.0,0.0,975013.0,979013.0,260950000.0
2645,長榮航太,上市,878118.0,-42000.0,138933.0,975051.0,374570962.0
5876,上海商銀,上市,-2444730.0,3298000.0,120874.0,974144.0,4861603140.0
3055,蔚華科,上市,831980.0,0.0,108555.0,940535.0,114974918.0
009802,富邦旗艦50,上市,-50000.0,0.0,989303.0,939303.0,533995000.0
4989,榮科,上市,939143.0,0.0,-1000.0,938143.0,137776500.0
1444,力麗,上市,975120.0,0.0,-46820.0,928300.0,995595059.0
1210,大成,上市,275564.0,517000.0,134813.0,927377.0,894767222.0
00650L,復華香港正2,上市,1066000.0,0.0,-138669.0,927331.0,139838000.0
1477,聚陽,上市,-411892.0,1277466.0,56240.0,921814.0,246693713.0
00923,群益台ESG低碳50,上市,17000.0,0.0,898314.0,915314.0,850923000.0
1313,聯成,上市,893000.0,0.0,17558.0,910558.0,1330846107.0
00915,凱基優選高股息30,上市,-134000.0,0.0,1042775.0,908775.0,531483000.0
3015,全漢,上市,856483.0,25786.0,3754.0,886023.0,187261950.0
3694,海華,上市,876158.0,0.0,3695.0,879853.0,154929208.0
2404,漢唐,上市,845076.0,18000.0,16071.0,879147.0,190586698.0
2345,智邦,上市,717708.0,67205.0,90389.0,875302.0,561117897.0
00894,中信小資高價30,上市,-284000.0,0.0,1157483.0,873483.0,151509000.0
6438,迅得,上市,767186.0,0.0,104495.0,871681.0,82206325.0
2504,國產,上市,-1095000.0,1975961.0,-10598.0,870363.0,1180000000.0
00733,富邦臺灣中小,上市,168062.0,0.0,701868.0,869930.0,67466000.0
1714,和桐,上市,819000.0,0.0,25000.0,844000.0,991824808.0
1216,統一,上市,-335610.0,928447.0,247587.0,840424.0,5682015421.0
2838,聯邦銀,上市,840575.0,0.0,-2344.0,838231.0,4340551779.0
3189,景碩,上市,333009.0,839095.0,-337398.0,834706.0,526915760.0
2441,超豐,上市,369006.0,446000.0,14135.0,829141.0,568845921.0
7795,長廣,上市,849749.0,0.0,-24098.0,825651.0,78828500.0
00984A,主動安聯台灣高息,上市,1392000.0,0.0,-567109.0,824891.0,490458000.0
009803,玉山市值動能50,上市,258000.0,0.0,548474.0,806474.0,166328000.0
00401A,主動摩根台灣鑫收,上市,-229000.0,0.0,1034858.0,805858.0,241895000.0
3092,鴻碩,上市,795698.0,0.0,3052.0,798750.0,106649250.0
2421,建準,上市,801989.0,0.0,-9423.0,792566.0,286943669.0
1810,和成,上市,705398.0,104773.0,-17904.0,792267.0,302303719.0
2820,華票,上市,804917.0,0.0,-20000.0,784917.0,1342960000.0
4960,誠美材,上市,777078.0,0.0,188.0,777266.0,571705388.0
00934,中信成長高股息,上市,49100.0,0.0,724577.0,773677.0,410026000.0
2478,大毅,上市,769084.0,0.0,1000.0,770084.0,144731339.0
5880,合庫金,上市,614159.0,-16425.0,171660.0,769394.0,15680936914.0
2357,華碩,上市,1411080.0,398360.0,-1067064.0,742376.0,742760280.0
2328,廣宇,上市,395387.0,0.0,341665.0,737052.0,518346282.0
2049,上銀,上市,955725.0,-395030.0,172562.0,733257.0,353792240.0
00735,國泰臺韓科技,上市,58531.0,0.0,669855.0,728386.0,105789000.0
1711,永光,上市,718750.0,0.0,-9165.0,709585.0,547752226.0
2530,華建,上市,-238121.0,949100.0,-9000.0,701979.0,841255731.0
6177,達麗,上市,-1210417.0,1905304.0,1516.0,696403.0,471891426.0
2520,冠德,上市,690139.0,0.0,1424.0,691563.0,609487110.0
2387,精元,上市,-174900.0,864154.0,-154.0,689100.0,195251051.0
8021,尖點,上市,338171.0,506000.0,-161000.0,683171.0,145042467.0
8016,矽創,上市,793003.0,-135048.0,23263.0,681218.0,120136876.0
00664R,國泰臺灣加權反1,上市,-365000.0,0.0,1042517.0,677517.0,785575000.0
6164,華興,上市,658000.0,0.0,19386.0,677386.0,80000000.0
6757,台灣虎航,上市,672011.0,0.0,2207.0,674218.0,459530000.0
6239,力成,上市,2752139.0,-2076797.0,-4742.0,670600.0,759146634.0
00893,國泰智能電動車,上市,173600.0,0.0,492139.0,665739.0,365884000.0
1460,宏遠,上市,674949.0,0.0,-11000.0,663949.0,694643484.0
1304,台聚,上市,761264.0,0.0,-98000.0,663264.0,1188763500.0
2393,億光,上市,-965000.0,1584173.0,41115.0,660288.0,443393086.0
00904,台新臺灣半導體30,上市,254100.0,0.0,405086.0,659186.0,170112000.0
00910,第一金太空衛星,上市,395050.0,0.0,241408.0,636458.0,133939000.0
2528,皇普,上市,-151600.0,771750.0,-5000.0,615150.0,435996467.0
6168,宏齊,上市,613750.0,0.0,999.0,614749.0,205761801.0
6743,安普新,上市,117150.0,501434.0,-4000.0,614584.0,150000000.0
009818,華南永昌NASDAQxT,上市,2000.0,0.0,608090.0,610090.0,56652000.0
2436,偉詮電,上市,709603.0,0.0,-104481.0,605122.0,200093175.0
2359,所羅門,上市,544707.0,0.0,59111.0,603818.0,171471052.0
1721,國慶科技,上市,597000.0,0.0,6442.0,603442.0,184884092.0
009801,中信美國創新科技,上市,15000.0,0.0,577724.0,592724.0,101119000.0
2395,研華,上市,626750.0,-70683.0,32685.0,588752.0,868254487.0
00641R,富邦日本反1,上市,0.0,0.0,586950.0,586950.0,75758000.0
2467,志聖,上市,572982.0,-49927.0,54506.0,577561.0,156755348.0
00945B,凱基美國非投等債,上市,-176000.0,0.0,748783.0,572783.0,821318000.0
3416,融程電,上市,512241.0,0.0,59412.0,571653.0,80493769.0
4915,致伸,上市,-1467000.0,1859842.0,153985.0,546827.0,471880824.0
009800,中信NASDAQ,上市,9000.0,0.0,533792.0,542792.0,289891000.0
8105,凌巨,上市,522000.0,0.0,8000.0,530000.0,441544851.0
00757,統一FANG+,上市,134308.0,0.0,382942.0,517250.0,286494000.0
3090,日電貿,上市,73958.0,438586.0,1356.0,513900.0,287567150.0
2493,揚博,上市,498265.0,5000.0,8929.0,512194.0,126796629.0
020030,統一智慧電動車N,上市,0.0,0.0,506000.0,506000.0,0.0
9935,慶豐富,上市,178184.0,322650.0,-4000.0,496834.0,177838926.0
3030,德律,上市,344333.0,10000.0,137929.0,492262.0,236216000.0
00981T,平衡凱基雙核收息,上市,-23000.0,0.0,505588.0,482588.0,195261000.0
6133,金橋,上市,483170.0,0.0,-1000.0,482170.0,117006294.0
1617,榮星,上市,-2000.0,0.0,481992.0,479992.0,169514700.0
2897,王道銀行,上市,-703976.0,1211000.0,-28117.0,478907.0,2805357878.0
6155,鈞寶,上市,465500.0,0.0,1000.0,466500.0,88023988.0
1712,興農,上市,-318386.0,787550.0,-6600.0,462564.0,420492585.0
6526,達發,上市,368882.0,74000.0,-1690.0,441192.0,167505554.0
3652,精聯,上市,435000.0,0.0,-1000.0,434000.0,75097500.0
00936,台新永續高息中小,上市,9000.0,0.0,410730.0,419730.0,208797000.0
2308,台達電,上市,396862.0,67686.0,-48951.0,415597.0,2597543329.0
00989A,主動摩根美國科技,上市,1037000.0,0.0,-621737.0,415263.0,76117000.0
9941,裕融,上市,411502.0,-2115.0,0.0,409387.0,575636346.0
00905,FT臺灣Smart,上市,134035.0,0.0,266637.0,400672.0,338327000.0
2006,東和鋼鐵,上市,69200.0,336307.0,-5007.0,400500.0,730213818.0
00850,元大臺灣ESG永續,上市,74000.0,0.0,312758.0,386758.0,415444000.0
00962,台新AI優息動能,上市,39000.0,0.0,340986.0,379986.0,55420000.0
6166,凌華,上市,378595.0,0.0,1368.0,379963.0,217779257.0
6909,創控,上市,365000.0,0.0,14699.0,379699.0,67222200.0
00675L,富邦臺灣加權正2,上市,63000.0,0.0,316482.0,379482.0,107286000.0
2454,聯發科,上市,494255.0,-153249.0,29946.0,370952.0,1603895407.0
3034,聯詠,上市,968124.0,-732098.0,132132.0,368158.0,608511469.0
3026,禾伸堂,上市,320293.0,85000.0,-37526.0,367767.0,165890318.0
1514,亞力,上市,318793.0,0.0,47946.0,366739.0,273108473.0
00643,群益深証中小,上市,0.0,0.0,359110.0,359110.0,73553000.0
00949,復華日本龍頭,上市,31000.0,0.0,326534.0,357534.0,179928000.0
3135,凌航,上市,346672.0,0.0,4657.0,351329.0,93802057.0
00932,兆豐永續高息等權,上市,-257000.0,0.0,603529.0,346529.0,126783000.0
00638R,元大滬深300反1,上市,0.0,0.0,341500.0,341500.0,24448000.0
1305,華夏,上市,330000.0,0.0,8349.0,338349.0,581050494.0
9958,世紀鋼,上市,225646.0,107000.0,5639.0,338285.0,246896665.0
6834,天二科技,上市,326000.0,0.0,9208.0,335208.0,88471082.0
00692,富邦公司治理,上市,-22900.0,0.0,358028.0,335128.0,614280000.0
00926,凱基全球菁英55,上市,-430450.0,0.0,753975.0,323525.0,88982000.0
2855,統一證,上市,-371000.0,693877.0,0.0,322877.0,1601414478.0
6831,邁科,上市,62709.0,287000.0,-28257.0,321452.0,67500000.0
3591,艾笛森,上市,317767.0,0.0,0.0,317767.0,145386835.0
6409,旭隼,上市,287965.0,58193.0,-35276.0,310882.0,88253566.0
3013,晟銘電,上市,368000.0,0.0,-58092.0,309908.0,205138930.0
009812,野村日本東證,上市,0.0,0.0,307501.0,307501.0,100882000.0
4142,國光生,上市,321921.0,0.0,-14556.0,307365.0,429507750.0
00895,富邦未來車,上市,139046.0,0.0,165158.0,304204.0,149916000.0
1503,士電,上市,298843.0,0.0,3241.0,302084.0,520972223.0
00690,兆豐藍籌30,上市,26000.0,0.0,272593.0,298593.0,80830000.0
3588,通嘉,上市,294137.0,0.0,-371.0,293766.0,61993182.0
00713,元大台灣高息低波,上市,1020058.0,-58000.0,-671769.0,290289.0,1744512000.0
1446,宏和,上市,291153.0,0.0,-1000.0,290153.0,137709513.0
3002,歐格,上市,287499.0,0.0,570.0,288069.0,102000000.0
2022,聚亨,上市,287879.0,0.0,0.0,287879.0,337168138.0
6196,帆宣,上市,282834.0,-37000.0,41535.0,287369.0,220329529.0
00670L,富邦NASDAQ正2,上市,-1977.0,0.0,287904.0,285927.0,76145000.0
00738U,期元大道瓊白銀,上市,35450.0,0.0,247908.0,283358.0,247299000.0
6669,緯穎,上市,-173651.0,434000.0,21606.0,281955.0,185840791.0
00693U,期街口S&P黃豆,上市,66000.0,0.0,214990.0,280990.0,87166000.0
2915,潤泰全,上市,349541.0,-68000.0,-8057.0,273484.0,1104318772.0
5608,四維航,上市,274329.0,0.0,-2988.0,271341.0,389276138.0
1608,華榮,上市,-94990.0,367996.0,-6704.0,266302.0,632773506.0
3545,敦泰,上市,264970.0,0.0,-2128.0,262842.0,222456016.0
3665,貿聯-KY,上市,264712.0,-37000.0,33511.0,261223.0,195078405.0
00964,中信亞太高股息,上市,331000.0,0.0,-71101.0,259899.0,68124000.0
3583,辛耘,上市,336398.0,-82000.0,5057.0,259455.0,80346080.0
2511,太子,上市,269290.0,0.0,-11000.0,258290.0,1623326147.0
00752,中信中國50,上市,104475.0,0.0,153634.0,258109.0,293716000.0
1316,上曜,上市,255000.0,0.0,-442.0,254558.0,375946150.0
6658,聯策,上市,232941.0,0.0,19356.0,252297.0,36370000.0
006205,富邦上証,上市,160000.0,0.0,91594.0,251594.0,96939000.0
1467,南緯,上市,242000.0,0.0,6088.0,248088.0,233624667.0
4934,太極,上市,256978.0,0.0,-9056.0,247922.0,225000000.0
2832,台產,上市,-172002.0,434250.0,-18000.0,244248.0,253540280.0
00665L,富邦恒生國企正2,上市,581000.0,0.0,-338840.0,242160.0,568465000.0
006206,元大上證50,上市,0.0,0.0,240318.0,240318.0,27778000.0
8163,達方,上市,239551.0,0.0,-4797.0,234754.0,280000001.0
3051,力特,上市,227630.0,0.0,0.0,227630.0,167000000.0
4746,台耀,上市,220871.0,0.0,6419.0,227290.0,120255963.0
6525,捷敏-KY,上市,211073.0,-1864.0,17577.0,226786.0,129047384.0
3443,創意,上市,67524.0,212032.0,-53016.0,226540.0,134011911.0
00920,富邦ESG綠色電力,上市,133000.0,0.0,93082.0,226082.0,20280000.0
006207,復華滬深,上市,165000.0,0.0,60122.0,225122.0,21392000.0
3056,富華新,上市,223419.0,0.0,-763.0,222656.0,480555051.0
00921,兆豐龍頭等權重,上市,-40000.0,0.0,258747.0,218747.0,55770000.0
1217,愛之味,上市,224000.0,0.0,-7000.0,217000.0,494513336.0
2401,凌陽,上市,276285.0,0.0,-59391.0,216894.0,591994919.0
2534,宏盛,上市,221130.0,0.0,-6118.0,215012.0,474227970.0
3257,虹冠電,上市,214000.0,0.0,939.0,214939.0,79823590.0
9946,三發地產,上市,188000.0,25000.0,0.0,213000.0,326554150.0
5521,工信,上市,214000.0,0.0,-1036.0,212964.0,492280155.0
00971,野村美國研發龍頭,上市,6000.0,0.0,206684.0,212684.0,60677000.0
3596,智易,上市,-588927.0,823998.0,-22914.0,212157.0,220354321.0
3645,達邁,上市,213205.0,0.0,-1399.0,211806.0,136754207.0
3023,信邦,上市,-928528.0,1114000.0,25503.0,210975.0,240069014.0
4977,眾達-KY,上市,237124.0,0.0,-30231.0,206893.0,80189841.0
00669R,國泰美國道瓊反1,上市,0.0,0.0,204623.0,204623.0,205117000.0
4766,南寶,上市,239468.0,-55000.0,17465.0,201933.0,120570780.0
2428,興勤,上市,252918.0,0.0,-51214.0,201704.0,128112726.0
00986A,主動台新龍頭成長,上市,91000.0,0.0,109821.0,200821.0,41827000.0
00951,台新日本半導體,上市,492320.0,0.0,-292479.0,199841.0,188542000.0
3338,泰碩,上市,198032.0,0.0,0.0,198032.0,87908141.0
00909,國泰數位支付服務,上市,255210.0,0.0,-62618.0,192592.0,107204000.0
7769,鴻勁,上市,-57515.0,256000.0,-6593.0,191892.0,179930000.0
6789,采鈺,上市,148941.0,1000.0,40748.0,190689.0,318299119.0
6446,藥華藥,上市,103122.0,82623.0,4211.0,189956.0,381606370.0
3622,洋華,上市,75002.0,111504.0,2095.0,188601.0,151327600.0
2390,云辰,上市,187947.0,0.0,0.0,187947.0,192619442.0
2539,櫻花建,上市,776226.0,-591810.0,909.0,185325.0,1193102581.0
1722,台肥,上市,173260.0,0.0,11040.0,184300.0,980000000.0
9911,櫻花,上市,187000.0,-2000.0,-1000.0,184000.0,222389584.0
1736,喬山,上市,320112.0,-136000.0,-899.0,183213.0,303394617.0
5285,界霖,上市,184588.0,0.0,-3000.0,181588.0,102040926.0
6541,泰福-KY,上市,179157.0,0.0,0.0,179157.0,264986367.0
3661,世芯-KY,上市,96483.0,28000.0,53100.0,177583.0,82091340.0
5222,全訊,上市,175301.0,0.0,1956.0,177257.0,91094968.0
2379,瑞昱,上市,-2541142.0,2920193.0,-204583.0,174468.0,515512641.0
6830,汎銓,上市,189500.0,0.0,-16332.0,173168.0,53446888.0
2442,新美齊,上市,173011.0,0.0,0.0,173011.0,325232021.0
3022,威強電,上市,160071.0,14544.0,-1914.0,172701.0,176597790.0
6215,和椿,上市,162229.0,0.0,7988.0,170217.0,82789693.0
8996,高力,上市,177668.0,-12008.0,2783.0,168443.0,93387429.0
009804,聯邦台精彩50,上市,520000.0,0.0,-353820.0,166180.0,119392000.0
6670,復盛應用,上市,157000.0,11712.0,-4067.0,164645.0,139386973.0
8476,台境*,上市,158587.0,0.0,1000.0,159587.0,166226358.0
1560,中砂,上市,-3418.0,185000.0,-22181.0,159401.0,149617480.0
4949,有成精密,上市,155000.0,0.0,3755.0,158755.0,67722043.0
1590,亞德客-KY,上市,159428.0,1000.0,-2125.0,158303.0,199999998.0
6799,來頡,上市,157641.0,0.0,-426.0,157215.0,43652193.0
00770,國泰北美科技,上市,32925.0,0.0,121729.0,154654.0,79458000.0
1727,中華化,上市,266707.0,0.0,-112174.0,154533.0,128019559.0
4763,材料*-KY,上市,-85107.0,242053.0,-3708.0,153238.0,989146670.0
4961,天鈺,上市,89980.0,66000.0,-3416.0,152564.0,121253603.0
3004,豐達科,上市,156458.0,0.0,-4319.0,152139.0,64365055.0
1618,合機,上市,150000.0,0.0,-3650.0,146350.0,192691747.0
009809,富邦淨零ESG50,上市,-18000.0,0.0,162557.0,144557.0,30863000.0
8442,威宏-KY,上市,-22997.0,163335.0,0.0,140338.0,70169764.0
2368,金像電,上市,115587.0,0.0,23767.0,139354.0,517016714.0
8464,億豐,上市,-133920.0,270450.0,1336.0,137866.0,293020200.0
1536,和大,上市,135000.0,0.0,-814.0,134186.0,278959513.0
7818,溢泰實業,上市,133756.0,0.0,0.0,133756.0,167946000.0
3311,閎暉,上市,130222.0,0.0,1822.0,132044.0,100000000.0
6472,保瑞,上市,134218.0,0.0,-2351.0,131867.0,128001570.0
00654R,富邦印度反1,上市,0.0,0.0,131400.0,131400.0,19466000.0
1231,聯華食,上市,129908.0,0.0,-2057.0,127851.0,298454475.0
3094,聯傑,上市,131218.0,0.0,-4000.0,127218.0,83117089.0
2527,宏璟,上市,211136.0,-84068.0,0.0,127068.0,270306000.0
9925,新保,上市,130030.0,0.0,-8000.0,122030.0,387489605.0
2062,橋椿,上市,122000.0,0.0,0.0,122000.0,199994152.0
00651R,復華香港反1,上市,45000.0,0.0,76370.0,121370.0,32192000.0
1734,杏輝,上市,120964.0,0.0,0.0,120964.0,190196774.0
1808,潤隆,上市,122000.0,0.0,-2000.0,120000.0,893031743.0
6205,詮欣,上市,118105.0,0.0,-1329.0,116776.0,82235907.0
2247,汎德永業,上市,-19888.0,134172.0,2000.0,116284.0,80708735.0
2440,太空梭,上市,115480.0,0.0,0.0,115480.0,139117271.0
2258,鴻華先進-創,上市,113000.0,0.0,230.0,113230.0,1751076800.0
3321,同泰,上市,117000.0,0.0,-4000.0,113000.0,86113769.0
3617,碩天,上市,102249.0,10747.0,-87.0,112909.0,94766049.0
1436,華友聯,上市,112000.0,0.0,0.0,112000.0,194151795.0
8438,昶昕,上市,102000.0,0.0,9389.0,111389.0,69943000.0
4155,訊映,上市,110468.0,0.0,0.0,110468.0,144684164.0
2906,高林,上市,113500.0,0.0,-5000.0,108500.0,209116648.0
3679,新至陞,上市,-21640.0,130997.0,-1000.0,108357.0,63022229.0
2017,官田鋼,上市,112000.0,0.0,-4000.0,108000.0,446874691.0
1540,喬福,上市,107000.0,0.0,0.0,107000.0,85473612.0
6873,泓德能源,上市,107050.0,0.0,-1001.0,106049.0,142649099.0
4588,玖鼎電力,上市,104000.0,0.0,1456.0,105456.0,42985000.0
2211,長榮鋼,上市,90407.0,-1593.0,15871.0,104685.0,417091463.0
2329,華泰,上市,180660.0,0.0,-76027.0,104633.0,658948333.0
2427,三商電,上市,104349.0,0.0,0.0,104349.0,197999573.0
4104,佳醫,上市,103050.0,0.0,0.0,103050.0,188367456.0
1604,聲寶,上市,100700.0,0.0,2000.0,102700.0,384200000.0
1449,佳和,上市,103000.0,0.0,-349.0,102651.0,127114572.0
00912,中信臺灣智慧50,上市,9000.0,0.0,92365.0,101365.0,59253000.0
2102,泰豐,上市,107020.0,0.0,-6000.0,101020.0,473329207.0
7780,大研生醫*,上市,110000.0,0.0,-9368.0,100632.0,810024170.0
2477,美隆電,上市,-164385.0,267450.0,-3000.0,100065.0,158573244.0
1806,冠軍,上市,97000.0,0.0,3000.0,100000.0,390403870.0
00903,富邦元宇宙,上市,-53000.0,0.0,151942.0,98942.0,50221000.0
2597,潤弘,上市,-81000.0,191406.0,-13000.0,97406.0,310716000.0
4555,氣立,上市,97080.0,0.0,0.0,97080.0,69987653.0
6928,攸泰科技,上市,97000.0,0.0,0.0,97000.0,86000000.0
5234,達興材料,上市,98000.0,0.0,-1157.0,96843.0,102715911.0
2731,雄獅,上市,-134810.0,241142.0,-11310.0,95022.0,93277739.0
7760,享溫馨,上市,95000.0,0.0,0.0,95000.0,66048000.0
6558,興能高,上市,93000.0,0.0,0.0,93000.0,93788875.0
009808,華南永昌優選50,上市,-40000.0,0.0,132022.0,92022.0,41011000.0
5269,祥碩,上市,-230824.0,300000.0,22629.0,91805.0,74156679.0
00941,中信上游半導體,上市,-228086.0,0.0,319707.0,91621.0,441291000.0
2236,百達-KY,上市,87000.0,0.0,2673.0,89673.0,62130976.0
9940,信義,上市,80550.0,0.0,8227.0,88777.0,736846500.0
4938,和碩,上市,3285119.0,-3120062.0,-76373.0,88684.0,2682044103.0
00662,富邦NASDAQ,上市,215296.0,0.0,-127013.0,88283.0,855529000.0
1568,倉佑,上市,154000.0,0.0,-66000.0,88000.0,103086559.0
00954,中信日本半導體,上市,189000.0,0.0,-101741.0,87259.0,107747000.0
1760,寶齡富錦,上市,85010.0,0.0,1000.0,86010.0,85739013.0
00674R,期元大S&P黃金反1,上市,5000.0,0.0,80761.0,85761.0,15920555.0
1702,南僑,上市,87000.0,0.0,-3000.0,84000.0,294132962.0
00972,野村日本動能高息,上市,-56000.0,0.0,139683.0,83683.0,19172000.0
6781,AES-KY,上市,87664.0,0.0,-5790.0,81874.0,85418780.0
8404,百和興業-KY,上市,83280.0,0.0,-2000.0,81280.0,419933884.0
5525,順天,上市,82000.0,0.0,-1000.0,81000.0,318105378.0
2433,互盛電,上市,79000.0,0.0,2000.0,81000.0,144496011.0
2480,敦陽科,上市,64920.0,9457.0,6107.0,80484.0,106360291.0
0061,元大寶滬深,上市,5100.0,0.0,74986.0,80086.0,98616000.0
4536,拓凱,上市,76178.0,-1000.0,2841.0,78019.0,90820000.0
1442,名軒,上市,79000.0,0.0,-1144.0,77856.0,366211358.0
1603,華電,上市,49000.0,0.0,28000.0,77000.0,191688000.0
00730,富邦臺灣優質高息,上市,-20000.0,0.0,96914.0,76914.0,71044000.0
5203,訊連,上市,76100.0,0.0,-5.0,76095.0,79342550.0
1773,勝一,上市,72278.0,0.0,1991.0,74269.0,300000000.0
1532,勤美,上市,421000.0,-346982.0,0.0,74018.0,422604271.0
5258,虹堡,上市,73000.0,0.0,444.0,73444.0,110364894.0
2305,全友,上市,81000.0,0.0,-8338.0,72662.0,205660827.0
3050,鈺德,上市,68000.0,0.0,2000.0,70000.0,154984450.0
2911,麗嬰房,上市,70000.0,0.0,0.0,70000.0,105125999.0
2364,倫飛,上市,69016.0,0.0,908.0,69924.0,52388648.0
1907,永豐餘,上市,-741730.0,819196.0,-8000.0,69466.0,1660371495.0
6165,浪凡,上市,68000.0,0.0,0.0,68000.0,77752623.0
1587,吉茂,上市,66000.0,0.0,1703.0,67703.0,80055672.0
2887E,台新新光戊特一,上市,67000.0,0.0,0.0,67000.0,500000000.0
00737,國泰AI機器人,上市,59000.0,0.0,7534.0,66534.0,22538000.0
00875,國泰網路資安,上市,1000.0,0.0,64243.0,65243.0,13488000.0
2420,新巨,上市,138176.0,-74514.0,1000.0,64662.0,152648688.0
6477,安集,上市,65000.0,0.0,-597.0,64403.0,123787196.0
2536,宏普,上市,62000.0,0.0,1000.0,63000.0,332808652.0
7610,聯友金屬-創,上市,62762.0,0.0,209.0,62971.0,48585456.0
3518,柏騰,上市,68841.0,0.0,-6000.0,62841.0,102467230.0
6805,富世達,上市,56292.0,-3000.0,8934.0,62226.0,68553896.0
3296,勝德,上市,62000.0,0.0,0.0,62000.0,96724450.0
1321,大洋,上市,64000.0,0.0,-2000.0,62000.0,227228268.0
2316,楠梓電,上市,55967.0,0.0,6000.0,61967.0,182740536.0
6414,樺漢,上市,277807.0,-163000.0,-52904.0,61903.0,145886397.0
1513,中興電,上市,-3332.0,87516.0,-23412.0,60772.0,503112515.0
2608,嘉里大榮,上市,55000.0,0.0,5330.0,60330.0,467000498.0
7803,雲象科技-創,上市,54000.0,0.0,5000.0,59000.0,94412888.0
6405,悅城,上市,54981.0,0.0,3706.0,58687.0,65800000.0
00739,元大MSCI A股,上市,269000.0,0.0,-211269.0,57731.0,25988000.0
00700,富邦恒生國企,上市,58000.0,0.0,-477.0,57523.0,34983000.0
1473,台南,上市,56000.0,0.0,1000.0,57000.0,146153534.0
1524,耿鼎,上市,54300.0,0.0,2000.0,56300.0,165310397.0
8466,美吉吉-KY,上市,55000.0,0.0,0.0,55000.0,79825628.0
3167,大量,上市,56995.0,0.0,-2000.0,54995.0,89185209.0
3041,揚智,上市,50008.0,0.0,4683.0,54691.0,140223647.0
2429,銘旺科,上市,64225.0,0.0,-10187.0,54038.0,85500000.0
2611,志信,上市,53000.0,0.0,0.0,53000.0,189002272.0
1737,臺鹽,上市,53986.0,0.0,-2000.0,51986.0,200000000.0
1324,地球,上市,52000.0,0.0,-1000.0,51000.0,75121882.0
2505,國揚,上市,54695.0,0.0,-6000.0,48695.0,380000000.0
4770,上品,上市,46663.0,0.0,573.0,47236.0,79976000.0
00636,國泰中國A50,上市,272000.0,0.0,-225184.0,46816.0,99825000.0
00653L,富邦印度正2,上市,16000.0,0.0,30492.0,46492.0,15903000.0
009810,玉山全球藍籌100,上市,6000.0,0.0,39601.0,45601.0,19154000.0
4590,富田-創,上市,44000.0,0.0,1045.0,45045.0,54838400.0
4545,銘鈺,上市,45000.0,0.0,0.0,45000.0,77000000.0
4737,華廣,上市,45000.0,0.0,0.0,45000.0,77398253.0
6869,雲豹能源,上市,-31447.0,0.0,75924.0,44477.0,137830041.0
7822,倍利科,上市,39738.0,0.0,4051.0,43789.0,45560763.0
00709,富邦歐洲,上市,351.0,0.0,43000.0,43351.0,15460000.0
1735,日勝化,上市,44000.0,0.0,-730.0,43270.0,99388000.0
2706,第一店,上市,48000.0,0.0,-5000.0,43000.0,499998346.0
2613,中櫃,上市,42000.0,0.0,0.0,42000.0,148423458.0
00652,富邦印度,上市,125500.0,0.0,-84819.0,40681.0,67035000.0
4562,穎漢,上市,40000.0,0.0,679.0,40679.0,87546000.0
1805,寶徠,上市,41000.0,0.0,-1000.0,40000.0,134970455.0
6533,晶心科,上市,34819.0,5000.0,-133.0,39686.0,50650911.0
2483,百容,上市,39000.0,0.0,0.0,39000.0,107889807.0
5225,東科-KY,上市,36023.0,0.0,2132.0,38155.0,79136499.0
4108,懷特,上市,36000.0,0.0,2000.0,38000.0,198618879.0
1110,東泥,上市,43000.0,0.0,-5000.0,38000.0,572000797.0
2109,華豐,上市,36000.0,0.0,2000.0,38000.0,279349134.0
1417,嘉裕,上市,39000.0,0.0,-2000.0,37000.0,189941840.0
5522,遠雄,上市,-561300.0,597793.0,0.0,36493.0,781596241.0
6937,天虹,上市,33000.0,0.0,2746.0,35746.0,67655263.0
2546,根基,上市,37010.0,0.0,-2000.0,35010.0,130524193.0
2705,六福,上市,41000.0,0.0,-6000.0,35000.0,191312830.0
2038,海光,上市,38000.0,0.0,-3000.0,35000.0,194134303.0
4736,泰博,上市,35000.0,0.0,-1000.0,34000.0,95374469.0
1783,和康生,上市,33000.0,0.0,1000.0,34000.0,89698115.0
020036,元大金融配息N,上市,0.0,0.0,34000.0,34000.0,0.0
00728,第一金工業30,上市,3000.0,0.0,30028.0,33028.0,38923000.0
6931,青松健康,上市,34000.0,0.0,-1000.0,33000.0,66152160.0
1531,高林股,上市,32000.0,0.0,1000.0,33000.0,182108080.0
00930,永豐ESG低碳高息,上市,-174000.0,0.0,206528.0,32528.0,134279000.0
7750,新代,上市,38000.0,-6000.0,495.0,32495.0,71843000.0
4106,雃博,上市,34000.0,0.0,-1767.0,32233.0,100911557.0
2801,彰銀,上市,-82764365.0,82885639.0,-89650.0,31624.0,11766046253.0
2250,IKKA-KY,上市,26000.0,0.0,5082.0,31082.0,36388226.0
2438,翔耀,上市,29000.0,0.0,2000.0,31000.0,71195641.0
00852L,國泰美國道瓊正2,上市,0.0,0.0,30895.0,30895.0,8865000.0
6902,GOGOLOOK,上市,30472.0,0.0,0.0,30472.0,35529948.0
3712,永崴投控,上市,29735.0,0.0,660.0,30395.0,246242146.0
4912,聯德控股-KY,上市,31000.0,0.0,-1000.0,30000.0,66993099.0
7786,東方風能,上市,30000.0,0.0,0.0,30000.0,175953944.0
2881C,富邦金丙特,上市,30000.0,0.0,0.0,30000.0,333330000.0
8478,東哥遊艇,上市,28000.0,0.0,1000.0,29000.0,93972276.0
4976,佳凌,上市,31464.0,0.0,-2488.0,28976.0,141351000.0
6115,鎰勝,上市,29000.0,0.0,-210.0,28790.0,187662154.0
00731,復華富時高息低波,上市,0.0,0.0,28771.0,28771.0,22100000.0
2849,安泰銀,上市,30000.0,0.0,-2000.0,28000.0,1957609349.0
9919,康那香,上市,28000.0,0.0,0.0,28000.0,195362750.0
9943,好樂迪,上市,30977.0,0.0,-3000.0,27977.0,125171510.0
5283,禾聯碩,上市,26942.0,0.0,1000.0,27942.0,87600510.0
2543,皇昌,上市,33526.0,0.0,-6037.0,27489.0,528541961.0
5531,鄉林,上市,27003.0,0.0,0.0,27003.0,977589245.0
7705,三商餐飲,上市,26000.0,0.0,1000.0,27000.0,66067304.0
2701,萬企,上市,28000.0,0.0,-1000.0,27000.0,449967838.0
1615,大山,上市,27000.0,0.0,0.0,27000.0,196663702.0
6272,驊陞,上市,26000.0,0.0,1000.0,27000.0,81763948.0
1786,科妍,上市,32003.0,0.0,-5536.0,26467.0,74827641.0
4952,凌通,上市,36104.0,0.0,-9678.0,26426.0,108815816.0
4414,如興,上市,26002.0,0.0,0.0,26002.0,263795773.0
9934,成霖,上市,31000.0,0.0,-5000.0,26000.0,411016962.0
1459,聯發,上市,32000.0,0.0,-6000.0,26000.0,358628907.0
2020,美亞,上市,26000.0,0.0,-180.0,25820.0,267031320.0
00944,野村趨勢動能高息,上市,140000.0,0.0,-114213.0,25787.0,56081000.0
6949,沛爾生醫*-創,上市,26340.0,0.0,-655.0,25685.0,65580050.0
7631,聚賢研發-創,上市,24002.0,0.0,1568.0,25570.0,20142000.0
2397,友通,上市,25460.0,0.0,0.0,25460.0,114488857.0
00656R,國泰中國A50反1,上市,0.0,0.0,25460.0,25460.0,20357000.0
3592,瑞鼎,上市,-179001.0,204378.0,-285.0,25092.0,75855226.0
2107,厚生,上市,32039.0,0.0,-7000.0,25039.0,303593400.0
2114,鑫永銓,上市,27000.0,0.0,-2000.0,25000.0,77991707.0
2243,宏旭-KY,上市,20000.0,0.0,5000.0,25000.0,69373596.0
1234,黑松,上市,31000.0,0.0,-6000.0,25000.0,401871094.0
4764,雙鍵,上市,27000.0,0.0,-2000.0,25000.0,85542062.0
7821,神數,上市,21000.0,0.0,4000.0,25000.0,121913300.0
6591,動力-KY,上市,25000.0,0.0,-327.0,24673.0,41122465.0
6906,現觀科,上市,24000.0,0.0,646.0,24646.0,33537400.0
00899,FT潔淨能源,上市,0.0,0.0,24475.0,24475.0,16635000.0
8045,達運光電,上市,25000.0,0.0,-783.0,24217.0,95041815.0
2524,京城,上市,26001.0,0.0,-2000.0,24001.0,365983545.0
2516,新建,上市,24000.0,0.0,0.0,24000.0,226278457.0
1233,天仁,上市,24000.0,0.0,0.0,24000.0,90591948.0
6657,華安,上市,23000.0,0.0,0.0,23000.0,88808000.0
00851,台新全球AI,上市,1000.0,0.0,21000.0,22000.0,5525000.0
2748,雲品,上市,22000.0,0.0,0.0,22000.0,105778740.0
1414,東和,上市,23000.0,0.0,-1000.0,22000.0,198000000.0
8462,柏文,上市,21409.0,0.0,0.0,21409.0,80386616.0
3419,譁裕,上市,21138.0,0.0,0.0,21138.0,120480417.0
4585,達明,上市,21000.0,0.0,94.0,21094.0,104609000.0
1906,寶隆,上市,21000.0,0.0,0.0,21000.0,151000000.0
00678,群益那斯達克生技,上市,53000.0,0.0,-32225.0,20775.0,7948000.0
9930,中聯資源,上市,20000.0,0.0,266.0,20266.0,248540368.0
1325,恆大,上市,20100.0,0.0,0.0,20100.0,85281198.0
00901,永豐智能車供應鏈,上市,-97000.0,0.0,116682.0,19682.0,63349000.0
9908,大台北,上市,19226.0,0.0,0.0,19226.0,516358000.0
9905,大華,上市,22000.0,0.0,-3000.0,19000.0,305000000.0
2228,劍麟,上市,19000.0,0.0,0.0,19000.0,79779692.0
6216,居易,上市,19000.0,0.0,-46.0,18954.0,97296137.0
00762,元大全球AI,上市,-61998.0,0.0,80674.0,18676.0,47748000.0
3532,台勝科,上市,-141931.0,105000.0,55454.0,18523.0,387848300.0
00640L,富邦日本正2,上市,1000.0,0.0,17441.0,18441.0,7419000.0
2923,鼎固-KY,上市,27000.0,0.0,-9000.0,18000.0,1740296982.0
4572,駐龍,上市,17000.0,0.0,1000.0,18000.0,40000000.0
6863,永道-KY,上市,20000.0,0.0,-2151.0,17849.0,74888000.0
1789,神隆,上市,18000.0,0.0,-260.0,17740.0,790739222.0
1432,大魯閣,上市,17409.0,0.0,0.0,17409.0,108000000.0
02001L,富邦蘋果正二N,上市,0.0,0.0,17000.0,17000.0,0.0
6534,正瀚-創,上市,18000.0,0.0,-1000.0,17000.0,102800000.0
5533,皇鼎,上市,27000.0,0.0,-10000.0,17000.0,285244944.0
5306,桂盟,上市,17000.0,0.0,0.0,17000.0,126000772.0
1537,廣隆,上市,19592.0,0.0,-2597.0,16995.0,82062794.0
6969,成信實業*-創,上市,18000.0,0.0,-1167.0,16833.0,43857189.0
6923,中台,上市,17236.0,0.0,-972.0,16264.0,91488000.0
6934,心誠鎂,上市,16000.0,0.0,0.0,16000.0,35972762.0
6024,群益期,上市,15962.0,0.0,0.0,15962.0,249937584.0
1339,昭輝,上市,16000.0,0.0,-542.0,15458.0,74123875.0
4771,望隼,上市,15385.0,0.0,0.0,15385.0,58708700.0
6838,台新藥,上市,13000.0,0.0,2000.0,15000.0,150977100.0
9944,新麗,上市,14000.0,0.0,1000.0,15000.0,105908100.0
1456,怡華,上市,14000.0,0.0,1000.0,15000.0,93720000.0
1535,中宇,上市,15000.0,0.0,0.0,15000.0,123742552.0
2248,華勝-KY,上市,15000.0,0.0,0.0,15000.0,47600000.0
2722,夏都,上市,14000.0,0.0,1000.0,15000.0,143169696.0
3046,建碁,上市,14372.0,0.0,-320.0,14052.0,78448013.0
6277,宏正,上市,14020.0,0.0,0.0,14020.0,119471166.0
6201,亞弘電,上市,16000.0,0.0,-2000.0,14000.0,89200000.0
4133,亞諾法,上市,14000.0,0.0,0.0,14000.0,60553594.0
1726,永記,上市,15000.0,0.0,-1000.0,14000.0,162000000.0
1526,日馳,上市,8000.0,0.0,6000.0,14000.0,60000000.0
2545,皇翔,上市,7138.0,0.0,6369.0,13507.0,379734808.0
2459,敦吉,上市,13000.0,0.0,0.0,13000.0,105595615.0
020028,元大特選電動車N,上市,0.0,0.0,13000.0,13000.0,0.0
1733,五鼎,上市,13000.0,0.0,0.0,13000.0,99950192.0
3669,圓展,上市,13000.0,0.0,0.0,13000.0,92919950.0
00943,兆豐電子高息等權,上市,-37000.0,0.0,49605.0,12605.0,41889000.0
2482,連宇,上市,9000.0,0.0,3468.0,12468.0,77882711.0
2723,美食-KY,上市,12528.0,0.0,-108.0,12420.0,180000000.0
6756,威鋒電子,上市,12000.0,0.0,373.0,12373.0,69990000.0
2616,山隆,上市,10000.0,0.0,2211.0,12211.0,137281827.0
2013,中鋼構,上市,4000.0,0.0,8050.0,12050.0,200000000.0
3040,遠見,上市,12002.0,0.0,0.0,12002.0,66224538.0
2945,三商家購,上市,2000.0,0.0,10000.0,12000.0,67500000.0
6916,華凌,上市,12000.0,0.0,0.0,12000.0,67500000.0
7791,皇家可口,上市,16000.0,0.0,-4000.0,12000.0,80000000.0
7768,頌勝科技,上市,12000.0,0.0,0.0,12000.0,70065000.0
1419,新紡,上市,13000.0,0.0,-1000.0,12000.0,300041280.0
1219,福壽,上市,25000.0,0.0,-13000.0,12000.0,341238364.0
1108,幸福,上市,10000.0,0.0,2000.0,12000.0,404738049.0
1109,信大,上市,13000.0,0.0,-1000.0,12000.0,341158868.0
1470,大統新創,上市,12000.0,0.0,0.0,12000.0,85767000.0
2707,晶華,上市,13000.0,0.0,-1345.0,11655.0,127403238.0
00952,凱基台灣AI50,上市,-27842.0,0.0,39426.0,11584.0,243775000.0
1530,亞崴,上市,9000.0,0.0,2574.0,11574.0,94594171.0
6230,尼得科超眾,上市,11000.0,0.0,297.0,11297.0,86343396.0
8103,瀚荃,上市,-16000.0,0.0,27217.0,11217.0,78436671.0
6957,裕慶-KY,上市,11000.0,0.0,83.0,11083.0,55512950.0
1471,首利,上市,9010.0,0.0,2000.0,11010.0,150414536.0
1220,台榮,上市,12000.0,0.0,-1000.0,11000.0,177077944.0
1732,毛寶,上市,11000.0,0.0,0.0,11000.0,42443957.0
6955,邦睿生技-創,上市,16000.0,0.0,-5000.0,11000.0,24800785.0
2908,特力,上市,26000.0,0.0,-15000.0,11000.0,509887558.0
2101,南港,上市,16000.0,0.0,-5000.0,11000.0,733934904.0
00657,國泰日經225,上市,2000.0,0.0,8323.0,10323.0,6584000.0
8341,日友,上市,13000.0,0.0,-3000.0,10000.0,130000000.0
8367,建新國際,上市,9000.0,0.0,1000.0,10000.0,92172031.0
2881A,富邦特,上市,10000.0,0.0,0.0,10000.0,600000000.0
2417,圓剛,上市,11000.0,0.0,-1000.0,10000.0,157218864.0
1614,三洋電,上市,13500.0,0.0,-4000.0,9500.0,269113406.0
9937,全國,上市,11000.0,0.0,-1951.0,9049.0,309043000.0
9918,欣天然,上市,9000.0,0.0,0.0,9000.0,180537453.0
6921,嘉雨思-創,上市,9000.0,0.0,0.0,9000.0,31836941.0
3432,台端,上市,9000.0,0.0,0.0,9000.0,42230000.0
2008,高興昌,上市,9000.0,0.0,0.0,9000.0,190852293.0
00717,富邦美國特別股,上市,1000.0,0.0,8000.0,9000.0,126605000.0
4569,六方科-KY,上市,9000.0,0.0,-14.0,8986.0,30600000.0
00938,凱基優選30,上市,-140000.0,0.0,148459.0,8459.0,93516000.0
00908,富邦入息REITs+,上市,-3000.0,0.0,11308.0,8308.0,35416000.0
5292,華懋,上市,7910.0,0.0,144.0,8054.0,42108000.0
6281,全國電,上市,9000.0,0.0,-1000.0,8000.0,99172945.0
3150,鈺寶-創,上市,0.0,0.0,8000.0,8000.0,44377001.0
8072,陞泰,上市,7000.0,0.0,1000.0,8000.0,80000000.0
1468,昶和,上市,8000.0,0.0,0.0,8000.0,160405244.0
3003,健和興,上市,8000.0,0.0,-558.0,7442.0,155654890.0
1762,中化生,上市,6850.0,0.0,420.0,7270.0,76918000.0
2816,旺旺保,上市,9230.0,0.0,-2000.0,7230.0,223608000.0
00634R,富邦上証反1,上市,0.0,0.0,7100.0,7100.0,47256000.0
6674,鋐寶科技,上市,6000.0,0.0,1000.0,7000.0,68550659.0
5538,東明-KY,上市,7000.0,0.0,0.0,7000.0,201203333.0
4441,振大環球,上市,7000.0,0.0,0.0,7000.0,68175578.0
1521,大億,上市,7000.0,0.0,0.0,7000.0,76230000.0
6951,青新-創,上市,7000.0,0.0,0.0,7000.0,46000000.0
2227,裕日車,上市,8922.0,0.0,-2000.0,6922.0,300000000.0
3054,立萬利,上市,6456.0,0.0,0.0,6456.0,80651041.0
00982T,平衡兆豐台美動能,上市,-1000.0,0.0,7441.0,6441.0,18597000.0
0051,元大中型100,上市,-958.0,0.0,7339.0,6381.0,24500000.0
6515,穎崴,上市,-7508.0,-1000.0,14713.0,6205.0,36038042.0
6914,阜爾運通,上市,7017.0,0.0,-1000.0,6017.0,66226000.0
9906,欣巴巴,上市,4000.0,0.0,2000.0,6000.0,90376358.0
4440,宜新實業,上市,5000.0,0.0,1000.0,6000.0,67598000.0
020039,元大加權N,上市,0.0,0.0,6000.0,6000.0,0.0
020031,統一IC設計臺灣N,上市,0.0,0.0,6000.0,6000.0,0.0
1451,年興,上市,11000.0,0.0,-5000.0,6000.0,198000000.0
1439,雋揚,上市,7000.0,0.0,-1000.0,6000.0,92000000.0
6958,日盛台駿,上市,8000.0,0.0,-2000.0,6000.0,401289360.0
4999,鑫禾,上市,6000.0,0.0,-70.0,5930.0,74417200.0
3530,晶相光,上市,6390.0,0.0,-1000.0,5390.0,77475900.0
0057,富邦摩台,上市,0.0,0.0,5307.0,5307.0,1527000.0
00861,元大全球未來通訊,上市,36237.0,0.0,-31196.0,5041.0,68412000.0
6666,羅麗芬-KY,上市,5000.0,0.0,2.0,5002.0,47388000.0
6671,三能-KY,上市,6000.0,0.0,-1000.0,5000.0,60750000.0
6722,輝創,上市,4000.0,0.0,1000.0,5000.0,88400000.0
9926,新海,上市,5000.0,0.0,0.0,5000.0,179504075.0
5007,三星,上市,7000.0,0.0,-2000.0,5000.0,294940154.0
5215,科嘉-KY,上市,7000.0,0.0,-2000.0,5000.0,64337500.0
1340,勝悅-KY,上市,11000.0,0.0,-6000.0,5000.0,152922855.0
1203,味王,上市,6000.0,0.0,-1000.0,5000.0,240000000.0
1512,瑞利,上市,5000.0,0.0,0.0,5000.0,98183498.0
020032,元大綠能N,上市,0.0,0.0,5000.0,5000.0,0.0
1437,勤益控,上市,8000.0,0.0,-3000.0,5000.0,201871284.0
1730,花仙子,上市,5000.0,0.0,0.0,5000.0,63233851.0
6606,建德工業,上市,5000.0,0.0,0.0,5000.0,110303783.0
4930,燦星網,上市,4000.0,0.0,1000.0,5000.0,80000000.0
7730,暉盛-創,上市,2667.0,0.0,1820.0,4487.0,36796731.0
2488,漢平,上市,5350.0,0.0,-1000.0,4350.0,79999433.0
6426,統新,上市,4000.0,0.0,125.0,4125.0,38509000.0
00689R,國泰20年美債反1,上市,-65000.0,0.0,69009.0,4009.0,6889000.0
00736,國泰新興市場,上市,11000.0,0.0,-7000.0,4000.0,6227000.0
2028,威致,上市,7000.0,0.0,-3000.0,4000.0,325714800.0
9912,偉聯,上市,1000.0,0.0,3000.0,4000.0,54170569.0
4438,廣越,上市,5000.0,0.0,-1000.0,4000.0,113425455.0
3593,力銘,上市,4000.0,0.0,0.0,4000.0,60825449.0
4148,全宇生技-KY,上市,2000.0,0.0,2000.0,4000.0,67235701.0
3168,眾福科,上市,4000.0,0.0,0.0,4000.0,75099649.0
1443,立益物流,上市,5000.0,0.0,-1000.0,4000.0,135343011.0
2702,華園,上市,4000.0,0.0,0.0,4000.0,156613249.0
1413,宏洲,上市,4000.0,0.0,0.0,4000.0,132112454.0
3266,昇陽,上市,7000.0,0.0,-3000.0,4000.0,352314309.0
6585,鼎基,上市,-14228.0,0.0,18000.0,3772.0,72133587.0
6933,AMAX-KY,上市,3458.0,0.0,-1.0,3457.0,42384800.0
00660,元大歐洲50,上市,37.0,0.0,3000.0,3037.0,7531000.0
3164,景岳,上市,-1000.0,0.0,4000.0,3000.0,86010364.0
6184,大豐電,上市,3000.0,0.0,0.0,3000.0,162127629.0
020020,元大台股領航N,上市,0.0,0.0,3000.0,3000.0,0.0
1236,宏亞,上市,1000.0,0.0,2000.0,3000.0,86674008.0
1315,達新,上市,3000.0,0.0,0.0,3000.0,99099000.0
2432,倚天酷碁-創,上市,3000.0,0.0,-1.0,2999.0,61860000.0
6988,威力暘-創,上市,1000.0,0.0,1999.0,2999.0,47600000.0
1466,聚隆,上市,0.0,0.0,2705.0,2705.0,111157320.0
2850,新產,上市,6350.0,-3000.0,-1000.0,2350.0,315963300.0
1541,錩泰,上市,1118.0,0.0,1000.0,2118.0,78800000.0
1533,車王電,上市,-1000.0,0.0,3000.0,2000.0,98547486.0
1475,業旺,上市,1000.0,0.0,1000.0,2000.0,66016749.0
1235,興泰,上市,2000.0,0.0,0.0,2000.0,188577836.0
1441,大東,上市,2000.0,0.0,0.0,2000.0,71744387.0
1454,台富,上市,4000.0,0.0,-2000.0,2000.0,129833848.0
2712,遠雄來,上市,2000.0,0.0,0.0,2000.0,105000000.0
01010T,京城樂富R1,上市,2000.0,0.0,0.0,2000.0,0.0
2012,春雨,上市,5000.0,0.0,-3000.0,2000.0,302162700.0
020038,元大ESG配息N,上市,0.0,0.0,2000.0,2000.0,0.0
6794,向榮生技,上市,2000.0,0.0,0.0,2000.0,63637000.0
8940,新天地,上市,1000.0,0.0,1000.0,2000.0,67491032.0
4439,冠星-KY,上市,2000.0,0.0,0.0,2000.0,38112187.0
4581,光隆精密-KY,上市,2000.0,0.0,0.0,2000.0,33899000.0
2910,統領,上市,2000.0,0.0,0.0,2000.0,175403000.0
6581,鋼聯,上市,4000.0,0.0,-2000.0,2000.0,111270887.0
1463,強盛新,上市,3000.0,0.0,-1000.0,2000.0,173268381.0
1418,東華,上市,2000.0,0.0,0.0,2000.0,56834309.0
6715,嘉基,上市,1000.0,0.0,824.0,1824.0,67099670.0
6183,關貿,上市,2000.0,0.0,-281.0,1719.0,150000000.0
006203,元大MSCI台灣,上市,2000.0,0.0,-956.0,1044.0,10218000.0
6771,平和環保-創,上市,1041.0,0.0,0.0,1041.0,31179500.0
9929,秋雨,上市,0.0,0.0,1040.0,1040.0,101280000.0
5906,台南-KY,上市,1000.0,0.0,0.0,1000.0,35741412.0
01002T,土銀國泰R1,上市,1000.0,0.0,0.0,1000.0,0.0
00707R,期元大S&P日圓反1,上市,0.0,0.0,1000.0,1000.0,5855000.0
8481,政伸,上市,3000.0,0.0,-2000.0,1000.0,66601866.0
7732,金興精密,上市,1000.0,0.0,0.0,1000.0,64680000.0
7736,虎山,上市,1000.0,0.0,0.0,1000.0,76000000.0
6225,天瀚,上市,1000.0,0.0,0.0,1000.0,27800000.0
2254,巨鎧精密-創,上市,1000.0,0.0,0.0,1000.0,63907680.0
2024,志聯,上市,1000.0,0.0,0.0,1000.0,97500000.0
020000,富邦特選蘋果N,上市,0.0,0.0,1000.0,1000.0,0.0
020029,元大ESG高股息N,上市,0.0,0.0,1000.0,1000.0,0.0
2642,宅配通,上市,3000.0,0.0,-2000.0,1000.0,95467000.0
2904,匯僑,上市,1000.0,0.0,0.0,1000.0,77834432.0
1539,巨庭,上市,3000.0,0.0,-2000.0,1000.0,65370000.0
1583,程泰,上市,0.0,0.0,1000.0,1000.0,109400372.0
1438,三地開發,上市,3000.0,0.0,-2054.0,946.0,111205759.0
00771,元大US高息特別股,上市,0.0,0.0,915.0,915.0,14225000.0
9902,台火,上市,0.0,0.0,607.0,607.0,98049600.0
6202,盛群,上市,85620.0,0.0,-85087.0,533.0,230388200.0
9924,福興,上市,77000.0,-75584.0,-1000.0,416.0,150761736.0
1558,伸興,上市,32060.0,-30212.0,-1563.0,285.0,64535631.0
006204,永豐臺灣加權,上市,0.0,0.0,194.0,194.0,1500000.0
00636K,國泰中國A50+U,上市,0.0,0.0,0.0,0.0,62100.0
00643K,群益深証中小+R,上市,0.0,0.0,0.0,0.0,147000.0
00657K,國泰日經225+U,上市,0.0,0.0,0.0,0.0,2900.0
8488,吉源-KY,上市,0.0,0.0,0.0,0.0,73500000.0
6887,寶綠特-KY,上市,-1000.0,0.0,1000.0,0.0,74151512.0
6614,資拓宏宇,上市,0.0,0.0,0.0,0.0,80660521.0
1410,南染,上市,0.0,0.0,0.0,0.0,62000000.0
00666R,富邦恒生國企反1,上市,-2000.0,0.0,2000.0,0.0,14624000.0
00681R,元大美債20反1,上市,0.0,0.0,0.0,0.0,7594000.0
00668K,國泰美國道瓊+U,上市,0.0,0.0,0.0,0.0,2500.0
6952,大武山,上市,0.0,0.0,0.0,0.0,68345000.0
6908,宏碁遊戲-創,上市,0.0,0.0,-1.0,-1.0,37180000.0
6192,巨路,上市,-367.0,0.0,286.0,-81.0,96155770.0
1817,凱撒衛,上市,2000.0,0.0,-2097.0,-97.0,72600000.0
8162,微矽電子-創,上市,-3859.0,0.0,3758.0,-101.0,68702000.0
00684R,期元大美元指反1,上市,0.0,0.0,-200.0,-200.0,9688000.0
7823,奧義賽博-KY創,上市,-1000.0,0.0,758.0,-242.0,33490890.0
4571,鈞興-KY,上市,-588.0,0.0,-70.0,-658.0,53017115.0
00661,元大日經225,上市,-8000.0,0.0,7338.0,-662.0,23425000.0
8487,愛爾達-創,上市,-1000.0,0.0,279.0,-721.0,26535000.0
00647L,元大S&P500正2,上市,0.0,0.0,-957.0,-957.0,6416000.0
020037,元大金融高股息N,上市,0.0,0.0,-1000.0,-1000.0,0.0
6625,必應,上市,-1000.0,0.0,0.0,-1000.0,57972488.0
8467,波力-KY,上市,-1000.0,0.0,0.0,-1000.0,48373575.0
911622,泰聚亨-DR,上市,-1000.0,0.0,0.0,-1000.0,30000000.0
6936,永鴻生技,上市,-1000.0,0.0,0.0,-1000.0,72804000.0
6796,晉弘,上市,-1000.0,0.0,0.0,-1000.0,40233970.0
6645,金萬林-創,上市,-1000.0,0.0,0.0,-1000.0,60864050.0
6431,光麗-KY,上市,-2000.0,0.0,1000.0,-1000.0,97398835.0
00682U,期元大美元指數,上市,0.0,0.0,-1000.0,-1000.0,7644000.0
1527,鑽全,上市,0.0,0.0,-1000.0,-1000.0,138570640.0
9927,泰銘,上市,-1088.0,0.0,0.0,-1088.0,120000000.0
00702,國泰標普低波高息,上市,0.0,0.0,-1121.0,-1121.0,6688000.0
00775B,台新投等債15+,上市,0.0,0.0,-1122.0,-1122.0,232100000.0
006208,富邦台50,上市,-485163.0,0.0,483808.0,-1355.0,1829540000.0
2239,英利-KY,上市,-3000.0,0.0,1644.0,-1356.0,117712593.0
2540,愛山林,上市,-1600.0,0.0,0.0,-1600.0,944873965.0
4583,台灣精銳,上市,542.0,0.0,-2419.0,-1877.0,80171351.0
00711B,復華彭博新興債,上市,0.0,0.0,-1961.0,-1961.0,872261000.0
6243,迅杰,上市,-2000.0,0.0,15.0,-1985.0,45268841.0
2891B,中信金乙特,上市,0.0,0.0,-2000.0,-2000.0,333330000.0
6641,基士德-KY,上市,-1000.0,0.0,-1000.0,-2000.0,36500000.0
6598,ABC-KY,上市,-3000.0,0.0,1000.0,-2000.0,102819061.0
6835,圓裕,上市,-2000.0,0.0,0.0,-2000.0,66172297.0
1452,宏益,上市,-2000.0,0.0,0.0,-2000.0,132641400.0
1435,中福,上市,-2000.0,0.0,0.0,-2000.0,139780080.0
2414,精技,上市,30000.0,0.0,-32000.0,-2000.0,161735846.0
020034,元大IC設計N,上市,0.0,0.0,-2000.0,-2000.0,0.0
1516,川飛,上市,-2000.0,0.0,0.0,-2000.0,40008195.0
6807,峰源-KY,上市,-2000.0,0.0,0.0,-2000.0,54000000.0
2380,虹光,上市,-3000.0,0.0,0.0,-3000.0,60000000.0
2506,太設,上市,-3000.0,0.0,0.0,-3000.0,387000000.0
2887G,台新新光庚特一,上市,-3000.0,0.0,0.0,-3000.0,75000000.0
1472,三洋實業,上市,-1000.0,0.0,-2000.0,-3000.0,52488082.0
3494,誠研,上市,-9000.0,0.0,6000.0,-3000.0,94800000.0
4560,強信-KY,上市,-5000.0,0.0,2000.0,-3000.0,68097240.0
4994,傳奇,上市,-3000.0,0.0,0.0,-3000.0,66383400.0
4942,嘉彰,上市,-3000.0,0.0,0.0,-3000.0,142367613.0
00683L,期元大美元指正2,上市,0.0,0.0,-3999.0,-3999.0,11434000.0
1465,偉全,上市,2000.0,0.0,-6000.0,-4000.0,103607267.0
1453,大將,上市,0.0,0.0,-4000.0,-4000.0,113243048.0
1101B,台泥乙特,上市,0.0,0.0,-4000.0,-4000.0,200000000.0
1720,生達,上市,-1000.0,0.0,-3000.0,-4000.0,178696089.0
2108,南帝,上市,-3000.0,0.0,-1000.0,-4000.0,492416659.0
2314,台揚,上市,-4000.0,0.0,0.0,-4000.0,106126422.0
6464,台數科,上市,-5000.0,0.0,1000.0,-4000.0,128781532.0
8201,無敵,上市,-3000.0,0.0,-1010.0,-4010.0,62366275.0
1256,鮮活果汁-KY,上市,-3040.0,0.0,-1000.0,-4040.0,35772160.0
2030,彰源,上市,729.0,0.0,-5000.0,-4271.0,280526027.0
3027,盛達,上市,-3840.0,0.0,-674.0,-4514.0,129960299.0
6792,詠業,上市,-5000.0,0.0,0.0,-5000.0,47875325.0
2424,隴華,上市,-5000.0,0.0,0.0,-5000.0,59585000.0
1474,弘裕,上市,-5000.0,0.0,0.0,-5000.0,129896969.0
1525,江申,上市,-5000.0,0.0,0.0,-5000.0,73400135.0
6582,申豐,上市,-5000.0,0.0,0.0,-5000.0,106174141.0
2891C,中信金丙特,上市,0.0,-5000.0,0.0,-5000.0,166660000.0
4540,全球傳動,上市,-4825.0,0.0,-193.0,-5018.0,115186724.0
2348,海悅,上市,-4667.0,0.0,-901.0,-5568.0,151898853.0
7749,意騰-KY,上市,-5000.0,0.0,-590.0,-5590.0,46485728.0
1903,士紙,上市,-4260.0,0.0,-1357.0,-5617.0,260039121.0
2471,資通,上市,-5680.0,0.0,0.0,-5680.0,47253890.0
1445,大宇,上市,-2000.0,0.0,-4000.0,-6000.0,130666034.0
6965,中傑-KY,上市,-7000.0,0.0,1000.0,-6000.0,156336000.0
6416,瑞祺電通,上市,-5000.0,0.0,-1000.0,-6000.0,73348460.0
8411,福貞-KY,上市,-6000.0,0.0,0.0,-6000.0,218404319.0
2514,龍邦,上市,7000.0,0.0,-13001.0,-6001.0,394729278.0
3557,嘉威,上市,-5050.0,0.0,-1000.0,-6050.0,84315435.0
2423,固緯,上市,-4184.0,0.0,-2000.0,-6184.0,145047289.0
6754,匯僑設計,上市,4000.0,-10191.0,0.0,-6191.0,66000000.0
6782,視陽,上市,-5735.0,0.0,-944.0,-6679.0,63000000.0
2465,麗臺,上市,-8874.0,0.0,2000.0,-6874.0,93946031.0
6504,南六,上市,-7000.0,0.0,0.0,-7000.0,72600000.0
2882A,國泰特,上市,-7000.0,0.0,0.0,-7000.0,833300000.0
0053,元大電子,上市,7.0,0.0,-7207.0,-7200.0,5488000.0
3308,聯德,上市,-9000.0,0.0,1000.0,-8000.0,60000000.0
4935,茂林-KY,上市,-6000.0,0.0,-2000.0,-8000.0,128864091.0
2453,凌群,上市,-8000.0,0.0,0.0,-8000.0,100000000.0
2509,全坤建,上市,-4000.0,0.0,-4000.0,-8000.0,224550530.0
2373,震旦行,上市,-8000.0,0.0,0.0,-8000.0,236202518.0
1506,正道,上市,-10000.0,0.0,2000.0,-8000.0,300388501.0
7740,熙特爾-創,上市,-8936.0,0.0,816.0,-8120.0,53200000.0
3653,健策,上市,187595.0,-204000.0,7590.0,-8815.0,146732803.0
4807,日成-KY,上市,-9000.0,0.0,0.0,-9000.0,48996032.0
4426,利勤,上市,-10000.0,0.0,1000.0,-9000.0,172677198.0
9802,鈺齊-KY,上市,-8435.0,0.0,-619.0,-9054.0,200991673.0
2636,台驊控股,上市,-6000.0,0.0,-3822.0,-9822.0,141835230.0
4557,永新-KY,上市,-10996.0,0.0,1000.0,-9996.0,47971840.0
2033,佳大,上市,-10000.0,0.0,0.0,-10000.0,80694536.0
1725,元禎,上市,-9000.0,0.0,-1000.0,-10000.0,181829978.0
2495,普安,上市,13825.0,0.0,-24123.0,-10298.0,273551538.0
3501,維熹,上市,-10580.0,0.0,154.0,-10426.0,118257927.0
8374,羅昇,上市,-7000.0,0.0,-3689.0,-10689.0,112250487.0
00668,國泰美國道瓊,上市,-1000.0,0.0,-9857.0,-10857.0,7533000.0
1447,力鵬,上市,-60000.0,0.0,49113.0,-10887.0,910071242.0
4582,聚恆-創,上市,-14930.0,0.0,4000.0,-10930.0,75480000.0
1416,廣豐,上市,-13000.0,0.0,2000.0,-11000.0,185342168.0
1323,永裕,上市,-11000.0,0.0,0.0,-11000.0,91274554.0
3229,晟鈦,上市,-11000.0,0.0,0.0,-11000.0,64263000.0
4190,佐登-KY,上市,-10000.0,0.0,-1178.0,-11178.0,61444112.0
8463,潤泰材,上市,-9000.0,0.0,-3000.0,-12000.0,150000000.0
1423,利華,上市,-12000.0,0.0,0.0,-12000.0,99648000.0
6918,愛派司,上市,-14000.0,0.0,1000.0,-13000.0,34571000.0
6924,榮惠-KY創,上市,-19000.0,0.0,6000.0,-13000.0,20624000.0
4943,康控-KY,上市,-13000.0,0.0,0.0,-13000.0,126694353.0
8499,鼎炫-KY,上市,-14000.0,0.0,964.0,-13036.0,41165557.0
2753,八方雲集,上市,-276000.0,262960.0,0.0,-13040.0,66644796.0
6552,易華電,上市,-16995.0,0.0,3000.0,-13995.0,83000000.0
6885,全福生技,上市,-15000.0,0.0,1000.0,-14000.0,133061000.0
6136,富爾特,上市,-12000.0,0.0,-2000.0,-14000.0,115536412.0
2115,六暉-KY,上市,-12000.0,0.0,-3000.0,-15000.0,104373163.0
1457,宜進,上市,-10000.0,0.0,-5000.0,-15000.0,316730022.0
3686,達能,上市,-17009.0,0.0,2000.0,-15009.0,76495118.0
1528,恩德,上市,-15000.0,0.0,-561.0,-15561.0,191331000.0
8039,台虹,上市,124730.0,11000.0,-151655.0,-15925.0,263668994.0
9942,茂順,上市,-16000.0,0.0,0.0,-16000.0,83161320.0
4552,力達-KY,上市,-17000.0,0.0,1000.0,-16000.0,116000000.0
6854,錼創科技-KY創,上市,-16000.0,0.0,-406.0,-16406.0,117678622.0
6890,來億-KY,上市,-49165.0,-8000.0,40633.0,-16532.0,249400000.0
1598,岱宇,上市,-16000.0,0.0,-1000.0,-17000.0,179142092.0
1529,樂事綠能,上市,-18000.0,0.0,1000.0,-17000.0,155095074.0
9955,佳龍,上市,-18000.0,0.0,0.0,-18000.0,104435829.0
6235,華孚,上市,-18000.0,0.0,0.0,-18000.0,199906306.0
1731,美吾華,上市,-16000.0,0.0,-3000.0,-19000.0,132915244.0
4306,炎洲,上市,-27406.0,0.0,8000.0,-19406.0,676757216.0
5284,jpp-KY,上市,7055.0,0.0,-26926.0,-19871.0,52892683.0
6579,研揚,上市,-20105.0,0.0,-318.0,-20423.0,169451221.0
2852,第一保,上市,283366.0,-292932.0,-11000.0,-20566.0,301163784.0
7722,LINEPAY,上市,-18897.0,0.0,-1777.0,-20674.0,68000000.0
4195,基米-創,上市,-21000.0,0.0,0.0,-21000.0,80000057.0
3029,零壹,上市,179033.0,-200152.0,54.0,-21065.0,167005212.0
9931,欣高,上市,-21000.0,0.0,-239.0,-21239.0,120369303.0
3130,一零四,上市,-21999.0,0.0,0.0,-21999.0,33190700.0
910322,康師傅-DR,上市,-22000.0,0.0,0.0,-22000.0,21365402.0
4178,永笙-KY,上市,-22000.0,0.0,0.0,-22000.0,215866981.0
1337,再生-KY,上市,-17000.0,0.0,-5000.0,-22000.0,268954729.0
2762,世界健身-KY,上市,-21000.0,0.0,-2000.0,-23000.0,112500000.0
6141,柏承,上市,-23000.0,0.0,0.0,-23000.0,113354005.0
1215,卜蜂,上市,-22162.0,0.0,-1146.0,-23308.0,294790098.0
6689,伊雲谷,上市,-23850.0,0.0,-176.0,-24026.0,68000000.0
2455,全新,上市,-52930.0,-6000.0,34742.0,-24188.0,184905918.0
00783,富邦中証500,上市,0.0,0.0,-24935.0,-24935.0,8031000.0
7827,漢康-KY創,上市,-30000.0,0.0,5000.0,-25000.0,139605737.0
3057,喬鼎,上市,-26000.0,0.0,1000.0,-25000.0,67864629.0
3021,鴻名,上市,-17000.0,0.0,-8834.0,-25834.0,94890000.0
3447,展達,上市,-26000.0,0.0,0.0,-26000.0,77449120.0
2739,寒舍,上市,-19080.0,0.0,-7000.0,-26080.0,91526000.0
1517,利奇,上市,-29000.0,0.0,2079.0,-26921.0,220000007.0
00714,群益道瓊美國地產,上市,-251000.0,0.0,224030.0,-26970.0,21067000.0
2460,建通,上市,-25999.0,0.0,-1000.0,-26999.0,169200000.0
1338,廣華-KY,上市,-25000.0,0.0,-2000.0,-27000.0,83840000.0
5907,大洋-KY,上市,-27000.0,0.0,0.0,-27000.0,195531000.0
8249,菱光,上市,-28000.0,0.0,937.0,-27063.0,137824500.0
8070,長華*,上市,-1053138.0,1074535.0,-48501.0,-27104.0,725648455.0
00703,台新MSCI中國,上市,0.0,0.0,-27194.0,-27194.0,9550000.0
2103,台橡,上市,-22586.0,0.0,-4860.0,-27446.0,825709978.0
1218,泰山,上市,-24000.0,0.0,-3635.0,-27635.0,499999038.0
3043,科風,上市,-26989.0,0.0,-1000.0,-27989.0,38975634.0
2207,和泰車,上市,-112559.0,82317.0,1617.0,-28625.0,557102768.0
7721,微程式,上市,-30000.0,0.0,0.0,-30000.0,55370000.0
2612,中航,上市,-32910.0,0.0,2437.0,-30473.0,197484593.0
00710B,復華彭博非投等債,上市,-42000.0,0.0,11441.0,-30559.0,180761000.0
6283,淳安,上市,-31000.0,0.0,0.0,-31000.0,148981343.0
4119,旭富,上市,-32000.0,0.0,1000.0,-31000.0,119508634.0
5484,慧友,上市,-31150.0,0.0,0.0,-31150.0,66801000.0
2929,淘帝-KY,上市,-27000.0,0.0,-5000.0,-32000.0,109493838.0
3052,夆典,上市,-42000.0,0.0,10000.0,-32000.0,233245771.0
3437,榮創,上市,-33793.0,0.0,999.0,-32794.0,144548000.0
2882B,國泰金乙特,上市,-19000.0,-10000.0,-4000.0,-33000.0,700000000.0
2434,統懋,上市,-32000.0,0.0,-1944.0,-33944.0,37000000.0
9136,巨騰-DR,上市,-34000.0,0.0,-12.0,-34012.0,138028000.0
3701,大眾控,上市,-34000.0,0.0,-262.0,-34262.0,236637616.0
3533,嘉澤,上市,213612.0,-265000.0,16388.0,-35000.0,112534691.0
1752,南光,上市,-35000.0,0.0,0.0,-35000.0,100988472.0
2468,華經,上市,-35000.0,0.0,-486.0,-35486.0,69961249.0
3563,牧德,上市,-67030.0,0.0,30544.0,-36486.0,63960858.0
7711,永擎,上市,-38000.0,0.0,881.0,-37119.0,71700445.0
2450,神腦,上市,-39000.0,0.0,1000.0,-38000.0,258252657.0
2430,燦坤,上市,-38000.0,0.0,0.0,-38000.0,116800000.0
1232,大統益,上市,-38000.0,0.0,0.0,-38000.0,159974915.0
4169,泰宗,上市,-28040.0,0.0,-10000.0,-38040.0,66431612.0
3705,永信,上市,-39080.0,0.0,321.0,-38759.0,266422983.0
1434,福懋,上市,-27000.0,0.0,-12000.0,-39000.0,1684664637.0
1713,國化,上市,-39200.0,0.0,0.0,-39200.0,150951700.0
5534,長虹,上市,-26067.0,0.0,-13178.0,-39245.0,315325960.0
8429,金麗-KY,上市,-40000.0,0.0,0.0,-40000.0,185747151.0
6668,中揚光,上市,-40000.0,0.0,0.0,-40000.0,107116087.0
1103,嘉泥,上市,-27198.0,0.0,-13000.0,-40198.0,832874553.0
2881B,富邦金乙特,上市,-17000.0,0.0,-24000.0,-41000.0,666660000.0
6790,永豐實,上市,-61000.0,0.0,20000.0,-41000.0,267129021.0
6698,旭暉應材,上市,-42000.0,0.0,1000.0,-41000.0,66389753.0
6117,迎廣,上市,-40990.0,0.0,-38.0,-41028.0,92560911.0
1709,和益,上市,-32170.0,0.0,-12194.0,-44364.0,477016272.0
2072,世紀風電,上市,15000.0,-98000.0,37000.0,-46000.0,192000000.0
2727,王品,上市,58689.0,-133752.0,27000.0,-48063.0,82940109.0
00913,兆豐台灣晶圓製造,上市,6090.0,0.0,-54251.0,-48161.0,40766000.0
3535,晶彩科,上市,-49000.0,0.0,-526.0,-49526.0,79052356.0
2462,良得電,上市,-53000.0,0.0,2474.0,-50526.0,150784482.0
5244,弘凱,上市,-52000.0,0.0,0.0,-52000.0,68241899.0
4566,時碩工業,上市,-54300.0,0.0,66.0,-54234.0,109993047.0
2106,建大,上市,-45000.0,0.0,-9456.0,-54456.0,954890000.0
3138,耀登,上市,-55905.0,0.0,237.0,-55668.0,56396114.0
2015,豐興,上市,-53000.0,0.0,-3000.0,-56000.0,581599424.0
1464,得力,上市,-52184.0,0.0,-4000.0,-56184.0,425575733.0
7765,中華資安,上市,5000.0,-62125.0,0.0,-57125.0,40681000.0
3515,華擎,上市,13000.0,24138.0,-94996.0,-57858.0,123544049.0
1563,巧新,上市,-62000.0,0.0,3793.0,-58207.0,230782140.0
2444,兆勁,上市,-61000.0,0.0,1000.0,-60000.0,101569573.0
3543,州巧,上市,-61339.0,0.0,0.0,-61339.0,110263150.0
2383,台光電,上市,60944.0,-166626.0,43290.0,-62392.0,358321114.0
6776,展碁國際,上市,-63000.0,0.0,-1000.0,-64000.0,91581430.0
2457,飛宏,上市,-25161.0,0.0,-39558.0,-64719.0,424772416.0
2497,怡利電,上市,-63976.0,0.0,-1224.0,-65200.0,130887676.0
2342,茂矽,上市,-58000.0,0.0,-9430.0,-67430.0,157474744.0
8114,振樺電,上市,-64900.0,-1000.0,-2441.0,-68341.0,76487772.0
6861,睿生光電,上市,-79218.0,0.0,10855.0,-68363.0,41599250.0
5288,豐祥-KY,上市,-71000.0,0.0,-298.0,-71298.0,69698722.0
2009,第一銅,上市,-85830.0,0.0,14301.0,-71529.0,359622165.0
6491,晶碩,上市,-73756.0,0.0,753.0,-73003.0,78000000.0
3032,偉訓,上市,-97000.0,0.0,23374.0,-73626.0,113285626.0
2461,光群雷,上市,-74893.0,0.0,1000.0,-73893.0,174998350.0
5519,隆大,上市,-72000.0,0.0,-2000.0,-74000.0,219197180.0
2059,川湖,上市,-78705.0,-2600.0,6621.0,-74684.0,95297072.0
4739,康普,上市,-105595.0,0.0,28947.0,-76648.0,124649269.0
00655L,國泰中國A50正2,上市,-176000.0,0.0,97650.0,-78350.0,58458000.0
3047,訊舟,上市,-103000.0,0.0,24000.0,-79000.0,224761608.0
1616,億泰,上市,-79000.0,0.0,-406.0,-79406.0,194148515.0
1225,福懋油,上市,33900.0,0.0,-113419.0,-79519.0,242268306.0
2905,三商,上市,-74000.0,0.0,-6000.0,-80000.0,1110371703.0
3038,全台,上市,43000.0,-124541.0,1000.0,-80541.0,157407603.0
1104,環泥,上市,-80610.0,0.0,-386.0,-80996.0,686681816.0
2419,仲琦,上市,-80100.0,0.0,-1381.0,-81481.0,321317229.0
1776,展宇,上市,-81776.0,0.0,-16.0,-81792.0,60106952.0
3716,中化控股,上市,-78621.0,0.0,-5000.0,-83621.0,149765614.0
5706,鳳凰,上市,-86000.0,0.0,356.0,-85644.0,84910920.0
2413,環科,上市,-85516.0,0.0,-176.0,-85692.0,127359200.0
2601,益航,上市,-101991.0,0.0,16000.0,-85991.0,824776067.0
3528,安馳,上市,-89237.0,0.0,3000.0,-86237.0,66639216.0
00911,兆豐洲際半導體,上市,6354.0,0.0,-95109.0,-88755.0,19403000.0
8454,富邦媒,上市,14849.0,-101186.0,-3248.0,-89585.0,264975275.0
2491,吉祥全,上市,-92000.0,0.0,1000.0,-91000.0,82008000.0
1597,直得,上市,-108314.0,0.0,17154.0,-91160.0,89261804.0
1623,大東電,上市,-6000.0,0.0,-86000.0,-92000.0,66000000.0
7799,禾榮科,上市,-92518.0,0.0,0.0,-92518.0,157995500.0
4551,智伸科,上市,-55000.0,-37000.0,-905.0,-92905.0,115222498.0
6901,鑽石投資,上市,-114332.0,0.0,21000.0,-93332.0,852860000.0
2617,台航,上市,-92000.0,0.0,-4262.0,-96262.0,417294487.0
00701,國泰股利精選30,上市,10025.0,0.0,-106966.0,-96941.0,173891000.0
2029,盛餘,上市,-93902.0,0.0,-4000.0,-97902.0,321180000.0
6128,上福,上市,-98000.0,0.0,-428.0,-98428.0,127588740.0
2025,千興,上市,-104000.0,0.0,4000.0,-100000.0,172660536.0
1309,台達化,上市,-102000.0,0.0,1459.0,-100541.0,397586848.0
6706,惠特,上市,-90028.0,0.0,-11371.0,-101399.0,78548865.0
3406,玉晶光,上市,-145435.0,15000.0,28305.0,-102130.0,112743063.0
4137,麗豐-KY,上市,-381936.0,280380.0,-1141.0,-102697.0,82492350.0
8104,錸寶,上市,-102000.0,0.0,-1000.0,-103000.0,104058192.0
6944,兆聯實業,上市,-97585.0,-7493.0,930.0,-104148.0,76687912.0
1708,東鹼,上市,-54821.0,0.0,-50146.0,-104967.0,249001651.0
5515,建國,上市,-82000.0,-20000.0,-4631.0,-106631.0,201600084.0
3450,聯鈞,上市,-88461.0,0.0,-20444.0,-108905.0,145681382.0
00639,富邦深100,上市,62000.0,0.0,-172418.0,-110418.0,99403000.0
912000,晨訊科-DR,上市,-111000.0,0.0,0.0,-111000.0,159293516.0
9910,豐泰,上市,-42388.0,-76146.0,6677.0,-111857.0,987482831.0
2069,運錩,上市,-105000.0,0.0,-7000.0,-112000.0,166386836.0
2704,國賓,上市,-115340.0,0.0,2000.0,-113340.0,366923343.0
2614,東森,上市,-114710.0,0.0,-1000.0,-115710.0,327264946.0
1723,中碳,上市,-81000.0,0.0,-35293.0,-116293.0,236904480.0
1201,味全,上市,-113000.0,0.0,-4032.0,-117032.0,506062914.0
1795,美時,上市,-83389.0,-30941.0,-6191.0,-120521.0,266873812.0
2007,燁興,上市,-119000.0,0.0,-2000.0,-121000.0,530651613.0
6691,洋基工程,上市,-604946.0,473000.0,6933.0,-125013.0,121487209.0
5607,遠雄港,上市,-123366.0,0.0,-2000.0,-125366.0,370552913.0
00956,中信日經高股息,上市,10000.0,0.0,-136777.0,-126777.0,34130000.0
4722,國精化,上市,-108389.0,0.0,-18648.0,-127037.0,102784914.0
2538,基泰,上市,-131000.0,0.0,-2000.0,-133000.0,445025495.0
1476,儒鴻,上市,-76795.0,-68054.0,10344.0,-134505.0,274367111.0
009817,國泰日本不動產,上市,-212000.0,0.0,76958.0,-135042.0,256936000.0
2415,錩新,上市,-136148.0,0.0,757.0,-135391.0,90000000.0
2431,聯昌,上市,-137000.0,0.0,1000.0,-136000.0,110927014.0
6768,志強-KY,上市,-133000.0,-1958.0,-3559.0,-138517.0,200095061.0
6214,精誠,上市,-414747.0,264136.0,10794.0,-139817.0,272243066.0
6152,百一,上市,-143700.0,0.0,3000.0,-140700.0,167738463.0
1707,葡萄王,上市,-144014.0,0.0,1234.0,-142780.0,148137373.0
4968,立積,上市,-152800.0,0.0,2802.0,-149998.0,92209898.0
2537,聯上發,上市,-152691.0,0.0,868.0,-151823.0,300557795.0
2032,新鋼,上市,-151807.0,0.0,-1000.0,-152807.0,130521545.0
00648R,元大S&P500反1,上市,0.0,0.0,-155000.0,-155000.0,140688000.0
6550,北極星藥業-KY,上市,-158108.0,0.0,2000.0,-156108.0,894792688.0
2535,達欣工,上市,-162268.0,0.0,-533.0,-162801.0,270793967.0
2360,致茂,上市,-163956.0,-22377.0,23332.0,-163001.0,425245742.0
6862,三集瑞-KY,上市,-166000.0,0.0,-355.0,-166355.0,50000000.0
6573,虹揚-KY,上市,-163000.0,0.0,-4427.0,-167427.0,80499345.0
2402,毅嘉,上市,-447470.0,0.0,275478.0,-171992.0,307536533.0
00646,元大S&P500,上市,39233.0,0.0,-211710.0,-172477.0,562485000.0
3058,立德,上市,-177000.0,0.0,4000.0,-173000.0,201722779.0
6206,飛捷,上市,-166501.0,-1662.0,-10566.0,-178729.0,143062324.0
1626,艾美特-KY,上市,-174000.0,0.0,-6471.0,-180471.0,149821721.0
6142,友勁,上市,-188050.0,0.0,5000.0,-183050.0,330779215.0
2392,正崴,上市,-183000.0,0.0,-6304.0,-189304.0,512326940.0
5243,乙盛-KY,上市,-223812.0,0.0,30569.0,-193243.0,168528915.0
8210,勤誠,上市,-192223.0,10000.0,-11033.0,-193256.0,125319146.0
2362,藍天,上市,-208000.0,0.0,7428.0,-200572.0,622263000.0
6226,光鼎,上市,-200000.0,0.0,-2000.0,-202000.0,115534789.0
2607,榮運,上市,-202000.0,0.0,0.0,-202000.0,533570547.0
2472,立隆電,上市,-95878.0,16000.0,-125619.0,-205497.0,164735137.0
00876,元大全球5G,上市,-107999.0,0.0,-97526.0,-205525.0,74524000.0
9103,美德醫療-DR,上市,-207000.0,0.0,-1403.0,-208403.0,205531500.0
2913,農林,上市,-206000.0,0.0,-5000.0,-211000.0,790000000.0
6742,澤米,上市,-212412.0,0.0,-175.0,-212587.0,71267948.0
6412,群電,上市,-186995.0,33408.0,-59645.0,-213232.0,400769126.0
8215,明基材,上市,-216793.0,0.0,-2807.0,-219600.0,320674514.0
3504,揚明光,上市,-224060.0,0.0,891.0,-223169.0,114059785.0
2031,新光鋼,上市,-252441.0,26150.0,2566.0,-223725.0,321146341.0
2233,宇隆,上市,-227727.0,0.0,1985.0,-225742.0,60288089.0
3607,谷崧,上市,-233062.0,0.0,4000.0,-229062.0,121662239.0
00645,富邦日本,上市,125.0,0.0,-230212.0,-230087.0,43997000.0
6605,帝寶,上市,-232212.0,0.0,-2509.0,-234721.0,165816397.0
2425,承啟,上市,-233500.0,0.0,-1877.0,-235377.0,96498831.0
2206,三陽工業,上市,-69272.0,-168987.0,-2000.0,-240259.0,773675604.0
00902,中信電池及儲能,上市,-109000.0,0.0,-132425.0,-241425.0,225497000.0
3702,大聯大,上市,-29252000.0,29953623.0,-944362.0,-242739.0,1682278898.0
6112,邁達特,上市,-235000.0,0.0,-11725.0,-246725.0,188357336.0
1582,信錦,上市,-165000.0,-58080.0,-24995.0,-248075.0,144268604.0
2883B,凱基金乙特,上市,-154000.0,0.0,-97000.0,-251000.0,1582142374.0
8011,台通,上市,-255000.0,0.0,3000.0,-252000.0,165921891.0
3025,星通,上市,-258001.0,0.0,1172.0,-256829.0,56736440.0
6442,光聖,上市,26324.0,-285000.0,-4899.0,-263575.0,78537835.0
7788,松川精密,上市,-343000.0,0.0,77028.0,-265972.0,79745993.0
2836,高雄銀,上市,-267000.0,0.0,-1001.0,-268001.0,1839916985.0
1227,佳格,上市,-262000.0,0.0,-9421.0,-271421.0,915089591.0
0055,元大MSCI金融,上市,-12990.0,0.0,-261367.0,-274357.0,90654000.0
3305,昇貿,上市,-233884.0,0.0,-43096.0,-276980.0,144647946.0
1310,台苯,上市,-296360.0,0.0,18695.0,-277665.0,527869764.0
8028,昇陽半導體,上市,-555159.0,175000.0,91674.0,-288485.0,179396083.0
2851,中再保,上市,-376346.0,80000.0,4000.0,-292346.0,800388750.0
9917,中保科,上市,-292000.0,0.0,-1000.0,-293000.0,451197093.0
6197,佳必琪,上市,-265915.0,-6000.0,-21657.0,-293572.0,122085882.0
5434,崇越,上市,-1033581.0,752116.0,-18424.0,-299889.0,193657655.0
00633L,富邦上証正2,上市,-314000.0,0.0,10002.0,-303998.0,112458000.0
4956,光鋐,上市,-311950.0,0.0,2412.0,-309538.0,100408236.0
4164,承業醫,上市,-311875.0,0.0,373.0,-311502.0,195310989.0
2351,順德,上市,-504949.0,251000.0,-61434.0,-315383.0,182140249.0
3715,定穎投控,上市,-253218.0,0.0,-62943.0,-316161.0,283574584.0
2374,佳能,上市,-249788.0,0.0,-70869.0,-320657.0,337992133.0
8213,志超,上市,-322000.0,0.0,-5254.0,-327254.0,271242488.0
3356,奇偶,上市,-327826.0,0.0,-676.0,-328502.0,79941672.0
2231,為升,上市,-362500.0,0.0,33065.0,-329435.0,135931870.0
1904,正隆,上市,-344845.0,0.0,8000.0,-336845.0,1108274522.0
1611,中電,上市,-342620.0,0.0,2993.0,-339627.0,322735742.0
00983D,主動富邦複合收益,上市,-49000.0,0.0,-292000.0,-341000.0,102197000.0
6592,和潤企業,上市,-67670.0,-279000.0,-2015.0,-348685.0,623150493.0
9914,美利達,上市,-511371.0,161000.0,-2408.0,-352779.0,298983800.0
1522,堤維西,上市,-6000.0,-352149.0,2894.0,-355255.0,312897881.0
6415,矽力*-KY,上市,62702.0,-412000.0,-7487.0,-356785.0,388948107.0
4576,大銀微系統,上市,-391994.0,0.0,35146.0,-356848.0,119801848.0
3049,精金,上市,-342129.0,0.0,-16001.0,-358130.0,802010529.0
3209,全科,上市,150716.0,-502593.0,-13505.0,-365382.0,235391189.0
4755,三福化,上市,-365890.0,0.0,0.0,-365890.0,100706000.0
1342,八貫,上市,-370798.0,0.0,-1000.0,-371798.0,78000902.0
2241,艾姆勒,上市,-375000.0,0.0,3176.0,-371824.0,104602306.0
3024,憶聲,上市,-371000.0,0.0,-3000.0,-374000.0,277157496.0
2548,華固,上市,-196950.0,-146000.0,-40240.0,-383190.0,319718697.0
4564,元翎,上市,-387965.0,0.0,812.0,-387153.0,232788303.0
3008,大立光,上市,-225708.0,-193614.0,30458.0,-388864.0,130798197.0
2615,萬海,上市,-471374.0,113003.0,-33418.0,-391789.0,2806146293.0
1455,集盛,上市,-399683.0,0.0,5052.0,-394631.0,531688380.0
00907,永豐優息存股,上市,-125000.0,0.0,-272562.0,-397562.0,164133000.0
4927,泰鼎-KY,上市,-400800.0,0.0,1880.0,-398920.0,264937988.0
00963,中信全球高股息,上市,-149000.0,0.0,-255025.0,-404025.0,97933000.0
00706L,期元大S&P日圓正2,上市,-59000.0,0.0,-353954.0,-412954.0,158270853.0
9921,巨大,上市,-419098.0,0.0,1515.0,-417583.0,392065395.0
1409,新纖,上市,1033793.0,0.0,-1454377.0,-420584.0,1618409286.0
6695,芯鼎,上市,-425052.0,0.0,1778.0,-423274.0,106477650.0
3708,上緯投控,上市,-283000.0,-130000.0,-18509.0,-431509.0,92105384.0
3011,今皓,上市,-438917.0,0.0,1000.0,-437917.0,129600851.0
2331,精英,上市,-369700.0,-50000.0,-27012.0,-446712.0,557402968.0
3703,欣陸,上市,-447000.0,0.0,-3256.0,-450256.0,823215980.0
00917,中信特選金融,上市,-255000.0,0.0,-207623.0,-462623.0,62478000.0
6994,富威電力,上市,694000.0,0.0,-1158459.0,-464459.0,74162071.0
1307,三芳,上市,-464950.0,-4940.0,-4797.0,-474687.0,397818126.0
6962,奕力-KY,上市,-467000.0,0.0,-11015.0,-478015.0,492396565.0
6919,康霈*,上市,-484847.0,0.0,1570.0,-483277.0,1557267860.0
3010,華立,上市,-433909.0,-55827.0,4246.0,-485490.0,259436817.0
8473,山林水,上市,-486651.0,0.0,-1000.0,-487651.0,181201378.0
8081,致新,上市,-984995.0,365628.0,131714.0,-487653.0,86172072.0
6451,訊芯-KY,上市,-446179.0,-53000.0,-9754.0,-508933.0,112077729.0
6449,鈺邦,上市,-326638.0,-198000.0,9647.0,-514991.0,91886014.0
6108,競國,上市,-531999.0,0.0,1000.0,-530999.0,154494311.0
1809,中釉,上市,-540282.0,0.0,-1179.0,-541461.0,167041937.0
2354,鴻準,上市,-548990.0,2000.0,-19094.0,-566084.0,1414485192.0
2486,一詮,上市,-134628.0,-497000.0,56081.0,-575547.0,233958579.0
3060,銘異,上市,-587199.0,0.0,7539.0,-579660.0,137563190.0
5388,中磊,上市,-69000.0,-475535.0,-40362.0,-584897.0,304342542.0
2912,統一超,上市,-838966.0,251853.0,-1000.0,-588113.0,1039622255.0
5469,瀚宇博,上市,-2665197.0,2145000.0,-71055.0,-591252.0,486166000.0
3028,增你強,上市,-603686.0,79119.0,-69275.0,-593842.0,237241193.0
6589,台康生技,上市,-596538.0,0.0,-1274.0,-597812.0,306871174.0
3019,亞光,上市,-599047.0,0.0,-7913.0,-606960.0,279243901.0
1229,聯華,上市,-899934.0,294000.0,-2764.0,-608698.0,1795960668.0
2201,裕隆,上市,-614518.0,0.0,-1563.0,-616081.0,1070001251.0
00642U,期元大S&P石油,上市,-66900.0,0.0,-557450.0,-624350.0,106321000.0
6531,愛普*,上市,-123424.0,-482930.0,-23999.0,-630353.0,162846540.0
2023,燁輝,上市,-621930.0,0.0,-14000.0,-635930.0,1841240214.0
2405,輔信,上市,-639000.0,0.0,0.0,-639000.0,343427303.0
1440,南紡,上市,-650000.0,0.0,4409.0,-645591.0,1656815857.0
8271,宇瞻,上市,-528950.0,45000.0,-166025.0,-649975.0,129614266.0
2388,威盛,上市,-568872.0,0.0,-82143.0,-651015.0,555954941.0
2637,慧洋-KY,上市,147126.0,-799253.0,-37396.0,-689523.0,746409199.0
4720,德淵,上市,-564000.0,-130361.0,-1321.0,-695682.0,114516037.0
3062,建漢,上市,-677379.0,0.0,-26123.0,-703502.0,330091818.0
00865B,國泰US短期公債,上市,-387794.0,0.0,-318766.0,-706560.0,271744000.0
3312,弘憶股,上市,-727870.0,0.0,-6805.0,-734675.0,182626815.0
6191,精成科,上市,-3394962.0,2849000.0,-189686.0,-735648.0,499303000.0
2034,允強,上市,-736100.0,0.0,-3121.0,-739221.0,528995589.0
2104,國際中橡,上市,-737698.0,0.0,-4188.0,-741886.0,984733625.0
00960,野村全球航運龍頭,上市,-87000.0,0.0,-662260.0,-749260.0,65495000.0
3044,健鼎,上市,2248949.0,-3015000.0,-4371.0,-770422.0,525605898.0
2439,美律,上市,347000.0,-1130238.0,-26229.0,-809467.0,253644914.0
8222,寶一,上市,-801187.0,0.0,-9925.0,-811112.0,68573500.0
6443,元晶,上市,-825811.0,0.0,2360.0,-823451.0,512796730.0
2476,鉅祥,上市,-1214018.0,0.0,375961.0,-838057.0,218171223.0
00708L,期元大S&P黃金正2,上市,-119000.0,0.0,-722412.0,-841412.0,119573000.0
6209,今國光,上市,-840687.0,0.0,-16838.0,-857525.0,180501561.0
4919,新唐,上市,-778521.0,17000.0,-96796.0,-858317.0,419765268.0
009821,野村稀土關鍵資源,上市,112050.0,0.0,-972699.0,-860649.0,734340000.0
5471,松翰,上市,-847660.0,0.0,-16131.0,-863791.0,167877062.0
6176,瑞儀,上市,865765.0,-1732726.0,655.0,-866306.0,465027263.0
2014,中鴻,上市,-849000.0,0.0,-22000.0,-871000.0,1435544446.0
00982D,主動富邦動態入息,上市,0.0,0.0,-877000.0,-877000.0,73729000.0
3704,合勤控,上市,-868765.0,0.0,-10000.0,-878765.0,415444970.0
2458,義隆,上市,-2133246.0,1341876.0,-88794.0,-880164.0,303880392.0
1909,榮成,上市,-849086.0,0.0,-35000.0,-884086.0,1327685727.0
00635U,期元大S&P黃金,上市,-89794.0,0.0,-800437.0,-890231.0,297514000.0
3346,麗清,上市,-893683.0,0.0,-11919.0,-905602.0,121228352.0
2903,遠百,上市,-1621000.0,693000.0,11307.0,-916693.0,1416940589.0
3380,明泰,上市,-914000.0,0.0,-10329.0,-924329.0,541718460.0
9933,中鼎,上市,-1004539.0,0.0,67813.0,-936726.0,945508873.0
2605,新興,上市,-901010.0,0.0,-45515.0,-946525.0,585353297.0
6139,亞翔,上市,-1495234.0,492000.0,-13715.0,-1016949.0,235575724.0
2323,中環,上市,-730758.0,0.0,-287479.0,-1018237.0,1089348328.0
4967,十銓,上市,-979780.0,50000.0,-104015.0,-1033795.0,84963288.0
8422,可寧衛*,上市,-3143900.0,2150000.0,-67425.0,-1061325.0,1357391830.0
2630,亞航,上市,-1227817.0,0.0,158151.0,-1069666.0,209438204.0
9939,宏全,上市,-1526465.0,-2431.0,457532.0,-1071364.0,295786475.0
1717,長興,上市,-949551.0,1615.0,-127542.0,-1075478.0,1172245483.0
6213,聯茂,上市,-1405418.0,551000.0,-223731.0,-1078149.0,363562218.0
2426,鼎元,上市,-731640.0,-405000.0,-1395.0,-1138035.0,300622252.0
2501,國建,上市,-1665682.0,512000.0,4188.0,-1149494.0,1159561059.0
2606,裕民,上市,-624717.0,-605000.0,62472.0,-1167245.0,845055712.0
3714,富采,上市,-1157781.0,0.0,-21906.0,-1179687.0,737940460.0
00935,野村臺灣新科技50,上市,-684835.0,-778000.0,197965.0,-1264870.0,752504000.0
3006,晶豪科,上市,-1358612.0,10000.0,70348.0,-1278264.0,297285758.0
00715L,期街口布蘭特正2,上市,-270000.0,0.0,-1032408.0,-1302408.0,127191793.0
00961,FT臺灣永續高息,上市,-566000.0,0.0,-788590.0,-1354590.0,253511000.0
2603,長榮,上市,2365612.0,-1326053.0,-2432978.0,-1393419.0,2165042996.0
00763U,期街口道瓊銅,上市,-281000.0,0.0,-1113569.0,-1394569.0,49565000.0
2355,敬鵬,上市,-1275836.0,0.0,-122786.0,-1398622.0,397495420.0
2349,錸德,上市,-1418000.0,0.0,-1000.0,-1419000.0,693679663.0
2485,兆赫,上市,-1422000.0,0.0,-26959.0,-1448959.0,317689037.0
1519,華城,上市,-1150727.0,-283315.0,-43989.0,-1478031.0,315880844.0
00688L,國泰20年美債正2,上市,-495000.0,0.0,-1060908.0,-1555908.0,639615000.0
00676R,富邦臺灣加權反1,上市,-243000.0,0.0,-1313530.0,-1556530.0,172833683.0
2376,技嘉,上市,-2712287.0,1219000.0,-157153.0,-1650440.0,669888886.0
00892,富邦台灣半導體,上市,774500.0,0.0,-2430282.0,-1655782.0,277292000.0
6278,台表科,上市,-2630021.0,943660.0,-59775.0,-1746136.0,292398353.0
1504,東元,上市,-1705713.0,-795.0,-44768.0,-1751276.0,2376440684.0
2845,遠東銀,上市,-4069000.0,2322000.0,-19045.0,-1766045.0,4865284731.0
1612,宏泰,上市,-1780000.0,-4506.0,-3440.0,-1787946.0,316080063.0
2208,台船,上市,-1804767.0,0.0,-34034.0,-1838801.0,1274539449.0
2332,友訊,上市,-1843508.0,0.0,-7234.0,-1850742.0,602170373.0
8131,福懋科,上市,-1724577.0,0.0,-173636.0,-1898213.0,442222223.0
00939,統一台灣高息動能,上市,-2229000.0,0.0,321167.0,-1907833.0,1202976000.0
3376,新日興,上市,-1853193.0,-70000.0,-12948.0,-1936141.0,195763822.0
2369,菱生,上市,-1904590.0,0.0,-31870.0,-1936460.0,380102344.0
1319,東陽,上市,-1321582.0,-631026.0,13469.0,-1939139.0,591477068.0
00985B,群益ESG投等債0-5,上市,236000.0,0.0,-2181770.0,-1945770.0,612001000.0
2889,國票金,上市,-1951906.0,0.0,-14139.0,-1966045.0,3633563471.0
6120,達運,上市,-1928472.0,0.0,-80052.0,-2008524.0,598999602.0
2633,台灣高鐵,上市,-5985475.0,3996000.0,-24201.0,-2013676.0,5628293058.0
3059,華晶科,上市,-2058742.0,0.0,-22095.0,-2080837.0,307702025.0
4906,正文,上市,-1968462.0,0.0,-121780.0,-2090242.0,434485057.0
8926,台汽電,上市,-2599975.0,493978.0,6412.0,-2099585.0,830282000.0
00882,中信中國高股息,上市,-578000.0,0.0,-1564837.0,-2142837.0,2032349000.0
2451,創見,上市,-2325957.0,225000.0,-59097.0,-2160054.0,431345675.0
8110,華東,上市,-2140992.0,0.0,-43615.0,-2184607.0,517739876.0
4904,遠傳,上市,-7531036.0,4007000.0,1263020.0,-2261016.0,3607705357.0
3036,文曄,上市,7615471.0,-10124931.0,167041.0,-2342419.0,1269148301.0
3231,緯創,上市,-12861490.0,10367000.0,147906.0,-2346584.0,3180412250.0
3550,聯穎,上市,-2450241.0,0.0,11006.0,-2439235.0,107550000.0
2010,春源,上市,-2508254.0,0.0,-4000.0,-2512254.0,647655390.0
9105,泰金寶-DR,上市,-3329000.0,0.0,794978.0,-2534022.0,1655366936.0
3016,嘉晶,上市,-2822829.0,0.0,52188.0,-2770641.0,288541819.0
6153,嘉聯益,上市,-2812704.0,0.0,7402.0,-2805302.0,636177694.0
3048,益登,上市,-2894137.0,0.0,79748.0,-2814389.0,269829794.0
6505,台塑化,上市,-2400980.0,-579683.0,157286.0,-2823377.0,9525959652.0
2812,台中銀,上市,-2852415.0,4439.0,-54428.0,-2902404.0,6021625921.0
2367,燿華,上市,-2835647.0,0.0,-140885.0,-2976532.0,706253175.0
2885,元大金,上市,-2942385.0,-658133.0,603807.0,-2996711.0,13331149946.0
9945,潤泰新,上市,-2850172.0,-75000.0,-81730.0,-3006902.0,2844225086.0
6456,GIS-KY,上市,-2939867.0,0.0,-100333.0,-3040200.0,337939800.0
00686R,群益臺灣加權反1,上市,0.0,0.0,-3106951.0,-3106951.0,191776000.0
2474,可成,上市,-3884118.0,822334.0,-65449.0,-3127233.0,538821068.0
3576,聯合再生,上市,-3111500.0,0.0,-46000.0,-3157500.0,1627795375.0
2498,宏達電,上市,-2779432.0,0.0,-390561.0,-3169993.0,836065086.0
2385,群光,上市,-672102.0,-2544623.0,19852.0,-3196873.0,765721188.0
3031,佰鴻,上市,-3256806.0,0.0,-962.0,-3257768.0,173203224.0
2340,台亞,上市,-3021320.0,0.0,-264036.0,-3285356.0,438622846.0
00878,國泰永續高股息,上市,-2537850.0,0.0,-878258.0,-3416108.0,18345790000.0
2312,金寶,上市,-3606893.0,0.0,120885.0,-3486008.0,1505781211.0
1402,遠東新,上市,-6595516.0,3122523.0,-20602.0,-3493595.0,5352875227.0
2356,英業達,上市,-10628122.0,6371000.0,632268.0,-3624854.0,3587475066.0
2399,映泰,上市,-3655335.0,0.0,-728.0,-3656063.0,178100000.0
3673,TPK-KY,上市,-3447260.0,0.0,-356190.0,-3803450.0,406663759.0
2882,國泰金,上市,27510116.0,-30750476.0,-793597.0,-4033957.0,14669210128.0
5871,中租-KY,上市,-2891229.0,-1379393.0,19714.0,-4250908.0,1711421161.0
6285,啟碁,上市,-3996197.0,-31294.0,-297313.0,-4324804.0,483663719.0
2542,興富發,上市,-6771361.0,2755000.0,-384885.0,-4401246.0,2173083539.0
2412,中華電,上市,-7327373.0,2910252.0,-52000.0,-4469121.0,7757446545.0
2880,華南金,上市,1742253.0,-7713642.0,1448572.0,-4522817.0,13916965089.0
6269,台郡,上市,-4349795.0,0.0,-236518.0,-4586313.0,323831481.0
2313,華通,上市,-3992727.0,-425000.0,-445895.0,-4863622.0,1191820589.0
6005,群益證,上市,-365000.0,-4538996.0,0.0,-4903996.0,2170908097.0
00947,台新臺灣IC設計,上市,-1674930.0,500000.0,-3734749.0,-4909679.0,270364000.0
2489,瑞軒,上市,-5069570.0,0.0,155987.0,-4913583.0,610000000.0
3045,台灣大,上市,-8945840.0,3877565.0,99253.0,-4969022.0,3723261811.0
2353,宏碁,上市,4500211.0,-8377667.0,-1301427.0,-5178883.0,3047853828.0
2634,漢翔,上市,-5767618.0,317000.0,261737.0,-5188881.0,941867101.0
4958,臻鼎-KY,上市,-5442471.0,560000.0,-534486.0,-5416957.0,1070598156.0
1312,國喬,上市,-5391862.0,0.0,-45793.0,-5437655.0,1106620328.0
00680L,元大美債20正2,上市,-581000.0,0.0,-4877245.0,-5458245.0,1505076000.0
2408,南亞科,上市,-1966356.0,-3896000.0,-21426.0,-5883782.0,3098627894.0
3149,正達,上市,-7150857.0,0.0,-48922.0,-7199779.0,226233604.0
8112,至上,上市,-9829553.0,2507566.0,-94905.0,-7416892.0,525291698.0
2867,三商壽,上市,-7485722.0,0.0,-115000.0,-7600722.0,5899501044.0
1102,亞泥,上市,42426722.0,-52437852.0,2356079.0,-7655051.0,3546562881.0
2834,臺企銀,上市,-8692778.0,-10540.0,5425.0,-8697893.0,9718061849.0
2609,陽明,上市,-8960428.0,31390.0,80892.0,-8848146.0,3492104270.0
2618,長榮航,上市,-23657152.0,15307150.0,-1169556.0,-9519558.0,5400444335.0
1802,台玻,上市,-7682873.0,-122000.0,-2269961.0,-10074834.0,2908060800.0
1605,華新,上市,-9848955.0,0.0,-592770.0,-10441725.0,4431332948.0
00953B,群益優選非投等債,上市,-7624982.0,0.0,-3181047.0,-10806029.0,4284175000.0
2891,中信金,上市,-11649596.0,-2005114.0,2481739.0,-11172971.0,19676898381.0
2324,仁寶,上市,-3797454.0,-8684000.0,-91209.0,-12572663.0,4407146625.0
1718,中纖,上市,-15339660.0,0.0,1561074.0,-13778586.0,1685905745.0
00919,群益台灣精選高息,上市,-831693.0,0.0,-13505041.0,-14336734.0,18068635000.0
3481,群創,上市,-12185938.0,-1718000.0,-2383183.0,-16287121.0,7989197337.0
00984D,主動聯博全球非投,上市,-3279000.0,0.0,-13678467.0,-16957467.0,496057000.0
6770,力積電,上市,-16750208.0,6000.0,-1476046.0,-18220254.0,4710019546.0
0056,元大高股息,上市,-7285546.0,-80000.0,-15485178.0,-22850724.0,13628034000.0
2317,鴻海,上市,-22390281.0,-1296863.0,146510.0,-23540634.0,14028648626.0
6116,彩晶,上市,-20530427.0,81000.0,-3142896.0,-23592323.0,2858654851.0
2610,華航,上市,-41398769.0,17711974.0,-762339.0,-24449134.0,6117941273.0
2337,旺宏,上市,-18461956.0,-6290000.0,-423105.0,-25175061.0,1981308820.0
2002,中鋼,上市,-25089257.0,0.0,-436374.0,-25525631.0,15734860997.0
1101,台泥,上市,-26751833.0,0.0,-81867.0,-26833700.0,7523181742.0
9904,寶成,上市,7501524.0,-35824892.0,-916344.0,-29239712.0,2946787213.0
2344,華邦電,上市,-22678176.0,-6644449.0,-3923734.0,-33246359.0,4500000193.0
00632R,元大台灣50反1,上市,-4280000.0,0.0,-29574307.0,-33854307.0,2491207730.0
00927,群益半導體收益,上市,-12577670.0,0.0,-38812525.0,-51390195.0,918897000.0
2409,友達,上市,-163160578.0,-298919.0,-8240616.0,-171700113.0,7547098972.0
006201,元大富櫃50,上櫃,0.0,0.0,0.0,-101428.0,0.0
00679B,元大美債20年,上櫃,0.0,0.0,0.0,4328214.0,0.0
00687B,國泰20年美債,上櫃,0.0,0.0,0.0,1691369.0,0.0
00687C,國泰20年美債+櫃U,上櫃,0.0,0.0,0.0,0.0,0.0
00694B,富邦美債1-3,上櫃,0.0,0.0,0.0,-27670.0,0.0
00695B,富邦美債7-10,上櫃,0.0,0.0,0.0,15079.0,0.0
00696B,富邦美債20年,上櫃,0.0,0.0,0.0,19880369.0,0.0
00697B,元大美債7-10,上櫃,0.0,0.0,0.0,-121221.0,0.0
00719B,元大美債1-3,上櫃,0.0,0.0,0.0,-443179.0,0.0
00720B,元大投資級公司債,上櫃,0.0,0.0,0.0,-667745.0,0.0
00722B,群益投資級電信債,上櫃,0.0,0.0,0.0,-951050.0,0.0
00723B,群益投資級科技債,上櫃,0.0,0.0,0.0,-7000.0,0.0
00724B,群益投資級金融債,上櫃,0.0,0.0,0.0,-446934.0,0.0
00725B,國泰投資級公司債,上櫃,0.0,0.0,0.0,-2615410.0,0.0
00726B,國泰新興投等債,上櫃,0.0,0.0,0.0,1530.0,0.0
00727B,國泰優選非投等債,上櫃,0.0,0.0,0.0,-41257.0,0.0
00734B,台新JPM新興債,上櫃,0.0,0.0,0.0,6000.0,0.0
00740B,富邦全球投等債,上櫃,0.0,0.0,0.0,-127170.0,0.0
00741B,富邦全球非投等債,上櫃,0.0,0.0,0.0,8881.0,0.0
00746B,富邦A級公司債,上櫃,0.0,0.0,0.0,103000.0,0.0
00749B,凱基新興債10+,上櫃,0.0,0.0,0.0,1000.0,0.0
00750B,凱基科技債10+,上櫃,0.0,0.0,0.0,0.0,0.0
00751B,元大AAA至A公司債,上櫃,0.0,0.0,0.0,-730374.0,0.0
00754B,群益AAA-AA公司債,上櫃,0.0,0.0,0.0,66000.0,0.0
00755B,群益投資級公用債,上櫃,0.0,0.0,0.0,-10225.0,0.0
00756B,群益投等新興公債,上櫃,0.0,0.0,0.0,4001.0,0.0
00758B,復華能源債,上櫃,0.0,0.0,0.0,0.0,0.0
00759B,復華製藥債,上櫃,0.0,0.0,0.0,0.0,0.0
00760B,復華新興企業債,上櫃,0.0,0.0,0.0,1337.0,0.0
00761B,國泰A級公司債,上櫃,0.0,0.0,0.0,-65914.0,0.0
00764B,群益25年美債,上櫃,0.0,0.0,0.0,-127509.0,0.0
00768B,復華20年美債,上櫃,0.0,0.0,0.0,-453064.0,0.0
00772B,中信高評級公司債,上櫃,0.0,0.0,0.0,-747948.0,0.0
00773B,中信優先金融債,上櫃,0.0,0.0,0.0,-30529.0,0.0
00777B,凱基AAA至A公司債,上櫃,0.0,0.0,0.0,10000.0,0.0
00778B,凱基金融債20+,上櫃,0.0,0.0,0.0,1000.0,0.0
00779B,凱基美債25+,上櫃,0.0,0.0,0.0,2000.0,0.0
00780B,國泰A級金融債,上櫃,0.0,0.0,0.0,89748.0,0.0
00781B,國泰A級科技債,上櫃,0.0,0.0,0.0,-55156.0,0.0
00782B,國泰A級公用債,上櫃,0.0,0.0,0.0,-44150.0,0.0
00785B,富邦金融投等債,上櫃,0.0,0.0,0.0,-1203.0,0.0
00786B,元大10年IG銀行債,上櫃,0.0,0.0,0.0,12773.0,0.0
00787B,元大10年IG醫療債,上櫃,0.0,0.0,0.0,-3327.0,0.0
00788B,元大10年IG電能債,上櫃,0.0,0.0,0.0,907.0,0.0
00789B,復華公司債A3,上櫃,0.0,0.0,0.0,-1000.0,0.0
00791B,復華信用債1-5,上櫃,0.0,0.0,0.0,-900.0,0.0
00792B,群益A級公司債,上櫃,0.0,0.0,0.0,-36902.0,0.0
00793B,群益AAA-A醫療債,上櫃,0.0,0.0,0.0,317.0,0.0
00795B,中信美國公債20年,上櫃,0.0,0.0,0.0,-860911.0,0.0
00799B,國泰A級醫療債,上櫃,0.0,0.0,0.0,-72745.0,0.0
00834B,第一金金融債10+,上櫃,0.0,0.0,0.0,0.0,0.0
00836B,永豐10年A公司債,上櫃,0.0,0.0,0.0,-3103.0,0.0
00840B,凱基IG精選15+,上櫃,0.0,0.0,0.0,0.0,0.0
00841B,凱基AAA-AA公司債,上櫃,0.0,0.0,0.0,0.0,0.0
00842B,台新美元銀行債,上櫃,0.0,0.0,0.0,-251000.0,0.0
00844B,新光15年IG金融債,上櫃,0.0,0.0,0.0,-1000.0,0.0
00845B,富邦新興投等債,上櫃,0.0,0.0,0.0,-133.0,0.0
00846B,富邦歐洲銀行債,上櫃,0.0,0.0,0.0,-11127.0,0.0
00847B,中信美國市政債,上櫃,0.0,0.0,0.0,10000.0,0.0
00848B,中信新興亞洲債,上櫃,0.0,0.0,0.0,6000.0,0.0
00849B,中信EM主權債0-5,上櫃,0.0,0.0,0.0,1212.0,0.0
00853B,統一美債10年Aa-A,上櫃,0.0,0.0,0.0,1845.0,0.0
00856B,永豐1-3年美公債,上櫃,0.0,0.0,0.0,2000.0,0.0
00857B,永豐20年美公債,上櫃,0.0,0.0,0.0,165650.0,0.0
00858,永豐美國500大,上櫃,0.0,0.0,0.0,185106.0,0.0
00859B,群益0-1年美債,上櫃,0.0,0.0,0.0,-10540.0,0.0
00860B,群益1-5Y投資級債,上櫃,0.0,0.0,0.0,-21098.0,0.0
00862B,中信投資級公司債,上櫃,0.0,0.0,0.0,13948.0,0.0
00863B,中信全球電信債,上櫃,0.0,0.0,0.0,-2064.0,0.0
00864B,中信美國公債0-1,上櫃,0.0,0.0,0.0,-301425.0,0.0
00867B,新光A-BBB電信債,上櫃,0.0,0.0,0.0,-2054.0,0.0
00870B,元大15年EM主權債,上櫃,0.0,0.0,0.0,559.0,0.0
00877,復華中國5G,上櫃,0.0,0.0,0.0,-1071511.0,0.0
00884B,中信低碳新興債,上櫃,0.0,0.0,0.0,1063.0,0.0
00886,永豐美國科技,上櫃,0.0,0.0,0.0,2831.0,0.0
00887,永豐中國科技50大,上櫃,0.0,0.0,0.0,-4113223.0,0.0
00888,永豐台灣ESG,上櫃,0.0,0.0,0.0,-479769.0,0.0
00890B,凱基ESG BBB債15+,上櫃,0.0,0.0,0.0,1000.0,0.0
00928,中信上櫃ESG 30,上櫃,0.0,0.0,0.0,-81258.0,0.0
00931B,統一美債20年,上櫃,0.0,0.0,0.0,397565.0,0.0
00933B,國泰10Y+金融債,上櫃,0.0,0.0,0.0,-2957089.0,0.0
00937B,群益ESG投等債20+,上櫃,0.0,0.0,0.0,-35601060.0,0.0
00942B,台新美A公司債20+,上櫃,0.0,0.0,0.0,-4985404.0,0.0
00948B,中信優息投資級債,上櫃,0.0,0.0,0.0,-7982955.0,0.0
00950B,凱基A級公司債,上櫃,0.0,0.0,0.0,-6632262.0,0.0
00955,中信日本商社,上櫃,0.0,0.0,0.0,378144.0,0.0
00957B,兆豐US優選投等債,上櫃,0.0,0.0,0.0,57375.0,0.0
00958B,永豐ESG銀行債15+,上櫃,0.0,0.0,0.0,80000.0,0.0
00959B,大華投等美債15Y+,上櫃,0.0,0.0,0.0,-942810.0,0.0
00966B,統一ESG投等債15+,上櫃,0.0,0.0,0.0,-309285.0,0.0
00967B,元大優息美債,上櫃,0.0,0.0,0.0,128816.0,0.0
00968B,元大優息投等債,上櫃,0.0,0.0,0.0,3258432.0,0.0
00969B,元大零息超長美債,上櫃,0.0,0.0,0.0,-625686.0,0.0
00970B,新光BBB投等債20+,上櫃,0.0,0.0,0.0,-305880.0,0.0
009806,台新標普500,上櫃,0.0,0.0,0.0,5977.0,0.0
009807,台新標普科技精選,上櫃,0.0,0.0,0.0,153139.0,0.0
00980B,台新特選IG債10+,上櫃,0.0,0.0,0.0,14824.0,0.0
00980D,主動聯博投等入息,上櫃,0.0,0.0,0.0,-247380.0,0.0
00980T,平衡凱基美國TOP,上櫃,0.0,0.0,0.0,72878.0,0.0
009814,富邦標普500,上櫃,0.0,0.0,0.0,1482311.0,0.0
009815,大華美國MAG7+,上櫃,0.0,0.0,0.0,2692201.0,0.0
00981B,第一金優選非投債,上櫃,0.0,0.0,0.0,-412482.0,0.0
00981D,主動中信非投等債,上櫃,0.0,0.0,0.0,480290.0,0.0
009822,華南永昌未來金融,上櫃,0.0,0.0,0.0,-28456.0,0.0
009823,群益S&P500,上櫃,0.0,0.0,0.0,-599943.0,0.0
00982B,FT投資級債20+,上櫃,0.0,0.0,0.0,-3759.0,0.0
00983B,大華優利美公債20,上櫃,0.0,0.0,0.0,-160877.0,0.0
00984B,大華優利美A債15,上櫃,0.0,0.0,0.0,-1110268.0,0.0
00985D,主動貝萊德優投等,上櫃,0.0,0.0,0.0,425037.0,0.0
00986B,FT金融債10+,上櫃,0.0,0.0,0.0,-2039.0,0.0
00986D,主動復華金融債息,上櫃,0.0,0.0,0.0,388633.0,0.0
00987B,野村10+澳洲公債,上櫃,0.0,0.0,0.0,-94280.0,0.0
00988B,玉山嚴選非投債,上櫃,0.0,0.0,0.0,-453482.0,0.0
00989B,台新美國非投等債,上櫃,0.0,0.0,0.0,60980.0,0.0
00998A,主動復華金融股息,上櫃,0.0,0.0,0.0,136562.0,0.0
020025,統一亞洲半導體N,上櫃,0.0,0.0,0.0,-283000.0,0.0
020027,元大上櫃ESG成長N,上櫃,0.0,0.0,0.0,117000.0,0.0
020033,統一恒生科期N,上櫃,0.0,0.0,0.0,1000.0,0.0
020035,元大上櫃ESG高息N,上櫃,0.0,0.0,0.0,1000.0,0.0
020040,元大上櫃ESG龍頭N,上櫃,0.0,0.0,0.0,141000.0,0.0
020041,兆豐半導體氣候N,上櫃,0.0,0.0,0.0,20000.0,0.0
1259,安心,上櫃,0.0,0.0,0.0,-1000.0,32389500.0
1264,德麥,上櫃,0.0,0.0,0.0,-350.0,37052367.0
1268,漢來美食,上櫃,0.0,0.0,0.0,2092.0,42223730.0
1294,漢田生技,上櫃,0.0,0.0,0.0,13000.0,36625875.0
1295,生合,上櫃,0.0,0.0,0.0,0.0,37599800.0
1336,台翰,上櫃,0.0,0.0,0.0,3831.0,77614419.0
1565,精華,上櫃,0.0,0.0,0.0,-45194.0,50416516.0
1569,濱川,上櫃,0.0,0.0,0.0,-326100.0,144247441.0
1570,力肯,上櫃,0.0,0.0,0.0,-14213.0,51500839.0
1580,新麥,上櫃,0.0,0.0,0.0,9000.0,49339242.0
1584,精剛,上櫃,0.0,0.0,0.0,175900.0,232470533.0
1586,和勤,上櫃,0.0,0.0,0.0,47566.0,129500467.0
1593,祺驊,上櫃,0.0,0.0,0.0,1000.0,39784772.0
1595,川寶,上櫃,0.0,0.0,0.0,-235372.0,57554896.0
1599,宏佳騰,上櫃,0.0,0.0,0.0,-4343.0,73028764.0
1742,台蠟,上櫃,0.0,0.0,0.0,353.0,92671300.0
1777,生泰,上櫃,0.0,0.0,0.0,2000.0,44591713.0
1780,立弘,上櫃,0.0,0.0,0.0,-9559.0,109075173.0
1781,合世,上櫃,0.0,0.0,0.0,-6000.0,47407605.0
1784,訊聯,上櫃,0.0,0.0,0.0,-5930.0,53121191.0
1785,光洋科,上櫃,0.0,0.0,0.0,50543.0,595950743.0
1788,杏昌,上櫃,0.0,0.0,0.0,-5421.0,44520971.0
1799,易威,上櫃,0.0,0.0,0.0,53368.0,248775894.0
1813,寶利徠,上櫃,0.0,0.0,0.0,2000.0,46635510.0
1815,富喬,上櫃,0.0,0.0,0.0,-13427794.0,585459487.0
2061,風青,上櫃,0.0,0.0,0.0,91000.0,57378052.0
2063,世鎧,上櫃,0.0,0.0,0.0,-2000.0,48101453.0
2064,晉椿,上櫃,0.0,0.0,0.0,-4000.0,69330000.0
2065,世豐,上櫃,0.0,0.0,0.0,3000.0,63516707.0
2066,世德,上櫃,0.0,0.0,0.0,-17490.0,44449527.0
2067,嘉鋼,上櫃,0.0,0.0,0.0,1000.0,33858177.0
2070,精湛,上櫃,0.0,0.0,0.0,-20060.0,41782800.0
2221,大甲,上櫃,0.0,0.0,0.0,-393.0,42325000.0
2230,泰茂,上櫃,0.0,0.0,0.0,-35982.0,68029605.0
2235,謚源,上櫃,0.0,0.0,0.0,27.0,35878000.0
2596,綠意,上櫃,0.0,0.0,0.0,4702.0,100000000.0
2640,大車隊,上櫃,0.0,0.0,0.0,-26000.0,59264956.0
2641,正德,上櫃,0.0,0.0,0.0,-407849.0,330333744.0
2643,捷迅,上櫃,0.0,0.0,0.0,-9000.0,35000000.0
2718,全心投控,上櫃,0.0,0.0,0.0,97373.0,87576000.0
2719,燦星旅,上櫃,0.0,0.0,0.0,-11000.0,69182500.0
2724,藝舍-KY,上櫃,0.0,0.0,0.0,969.0,59656345.0
2726,雅茗-KY,上櫃,0.0,0.0,0.0,-11220.0,37689817.0
2729,瓦城,上櫃,0.0,0.0,0.0,-9045.0,43040783.0
2732,六角,上櫃,0.0,0.0,0.0,6000.0,46518570.0
2734,易飛網,上櫃,0.0,0.0,0.0,-20000.0,57259760.0
2736,富野,上櫃,0.0,0.0,0.0,-10550.0,79972230.0
2743,山富,上櫃,0.0,0.0,0.0,35793.0,46815210.0
2745,五福,上櫃,0.0,0.0,0.0,98226.0,33808526.0
2751,王座,上櫃,0.0,0.0,0.0,-1000.0,19811250.0
2752,豆府,上櫃,0.0,0.0,0.0,1000.0,26693861.0
2754,亞洲藏壽司,上櫃,0.0,0.0,0.0,-1000.0,46907000.0
2755,揚秦,上櫃,0.0,0.0,0.0,-1346.0,46792491.0
2916,滿心,上櫃,0.0,0.0,0.0,-7000.0,64626878.0
2947,振宇五金,上櫃,0.0,0.0,0.0,-1000.0,23642366.0
2949,欣新網,上櫃,0.0,0.0,0.0,1000.0,30641100.0
3066,李洲,上櫃,0.0,0.0,0.0,12751.0,83070612.0
3071,協禧,上櫃,0.0,0.0,0.0,-9000.0,110000000.0
3073,天方能源,上櫃,0.0,0.0,0.0,-8453.0,39511028.0
3078,僑威,上櫃,0.0,0.0,0.0,849891.0,227391064.0
3081,聯亞,上櫃,0.0,0.0,0.0,-176078.0,101869004.0
3083,網龍,上櫃,0.0,0.0,0.0,14798.0,86486858.0
3086,華義*,上櫃,0.0,0.0,0.0,-30931.0,272710510.0
3088,艾訊,上櫃,0.0,0.0,0.0,-750060.0,113011197.0
3093,港建*,上櫃,0.0,0.0,0.0,1450398.0,145155576.0
3095,及成,上櫃,0.0,0.0,0.0,0.0,14680000.0
3105,穩懋,上櫃,0.0,0.0,0.0,-1342934.0,423940384.0
3114,好德,上櫃,0.0,0.0,0.0,27886.0,67722584.0
3115,富榮綱,上櫃,0.0,0.0,0.0,-5000.0,72197615.0
3118,進階,上櫃,0.0,0.0,0.0,-6000.0,32452860.0
3122,笙泉,上櫃,0.0,0.0,0.0,-51000.0,40771918.0
3128,昇銳,上櫃,0.0,0.0,0.0,-8708.0,50156538.0
3131,弘塑,上櫃,0.0,0.0,0.0,40308.0,29258927.0
3141,晶宏,上櫃,0.0,0.0,0.0,50120.0,75460728.0
3147,大綜,上櫃,0.0,0.0,0.0,-445098.0,43686831.0
3152,璟德,上櫃,0.0,0.0,0.0,-637639.0,39016200.0
3162,精確,上櫃,0.0,0.0,0.0,-52988.0,154153162.0
3163,波若威,上櫃,0.0,0.0,0.0,-377577.0,94635370.0
3169,亞信,上櫃,0.0,0.0,0.0,-52456.0,63306981.0
3171,炎洲流通,上櫃,0.0,0.0,0.0,8035.0,33118158.0
3176,基亞,上櫃,0.0,0.0,0.0,205816.0,139306755.0
3178,公準,上櫃,0.0,0.0,0.0,28498.0,45050000.0
3188,鑫龍騰,上櫃,0.0,0.0,0.0,65000.0,189087767.0
3191,雲嘉南,上櫃,0.0,0.0,0.0,-7000.0,43597381.0
3205,佰研,上櫃,0.0,0.0,0.0,9064.0,67545631.0
3206,志豐,上櫃,0.0,0.0,0.0,14970.0,58916621.0
3207,耀勝,上櫃,0.0,0.0,0.0,-34786.0,66422124.0
3211,順達,上櫃,0.0,0.0,0.0,-725020.0,154387021.0
3213,茂訊,上櫃,0.0,0.0,0.0,135346.0,58685547.0
3217,優群,上櫃,0.0,0.0,0.0,-170946.0,90104203.0
3218,大學光,上櫃,0.0,0.0,0.0,20737.0,84724899.0
3219,倚強科,上櫃,0.0,0.0,0.0,-12228.0,71780880.0
3221,台嘉碩,上櫃,0.0,0.0,0.0,7240559.0,104989210.0
3224,三顧,上櫃,0.0,0.0,0.0,11095.0,78172648.0
3227,原相,上櫃,0.0,0.0,0.0,2805166.0,151912842.0
3228,金麗科,上櫃,0.0,0.0,0.0,-64594.0,71937495.0
3230,錦明,上櫃,0.0,0.0,0.0,-4863.0,86010900.0
3232,昱捷,上櫃,0.0,0.0,0.0,-3045.0,46567865.0
3234,光環,上櫃,0.0,0.0,0.0,-343956.0,111474692.0
3236,千如,上櫃,0.0,0.0,0.0,6199146.0,105000613.0
3252,海灣,上櫃,0.0,0.0,0.0,-2000.0,50195754.0
3259,鑫創,上櫃,0.0,0.0,0.0,-1009.0,72965934.0
3260,威剛,上櫃,0.0,0.0,0.0,-4393923.0,336463418.0
3264,欣銓,上櫃,0.0,0.0,0.0,2431142.0,490170076.0
3265,台星科,上櫃,0.0,0.0,0.0,240720.0,136261659.0
3268,海德威,上櫃,0.0,0.0,0.0,36427.0,34720796.0
3272,東碩,上櫃,0.0,0.0,0.0,-4000.0,61176789.0
3276,宇環,上櫃,0.0,0.0,0.0,-41903.0,69712666.0
3284,太普高,上櫃,0.0,0.0,0.0,241321.0,108482473.0
3285,微端,上櫃,0.0,0.0,0.0,6041.0,42735324.0
3287,廣寰科,上櫃,0.0,0.0,0.0,-1031.0,43970483.0
3288,點晶,上櫃,0.0,0.0,0.0,4192.0,16380000.0
3289,宜特,上櫃,0.0,0.0,0.0,26610.0,86746371.0
3290,東浦,上櫃,0.0,0.0,0.0,-187113.0,90215034.0
3293,鈊象,上櫃,0.0,0.0,0.0,2291306.0,281801560.0
3294,英濟,上櫃,0.0,0.0,0.0,-229781.0,132015919.0
3297,杭特,上櫃,0.0,0.0,0.0,8430.0,36049445.0
3303,岱稜,上櫃,0.0,0.0,0.0,9930.0,94790607.0
3306,鼎天,上櫃,0.0,0.0,0.0,55228.0,50607702.0
3313,斐成,上櫃,0.0,0.0,0.0,9000.0,221133831.0
3317,尼克森,上櫃,0.0,0.0,0.0,-71995.0,90000000.0
3322,建舜電,上櫃,0.0,0.0,0.0,-113285.0,137582157.0
3323,加百裕,上櫃,0.0,0.0,0.0,-53909.0,99593385.0
3324,雙鴻,上櫃,0.0,0.0,0.0,245551.0,93076837.0
3325,旭品,上櫃,0.0,0.0,0.0,-39010.0,110168610.0
3332,幸康,上櫃,0.0,0.0,0.0,0.0,48104246.0
3339,泰谷,上櫃,0.0,0.0,0.0,76140.0,66568300.0
3349,寶德,上櫃,0.0,0.0,0.0,70529.0,47821648.0
3354,律勝,上櫃,0.0,0.0,0.0,-19870.0,70112426.0
3357,臺慶科,上櫃,0.0,0.0,0.0,-1281806.0,116385739.0
3360,尚立,上櫃,0.0,0.0,0.0,-1831904.0,76402244.0
3362,先進光,上櫃,0.0,0.0,0.0,-416381.0,147445475.0
3363,上詮,上櫃,0.0,0.0,0.0,425821.0,113640567.0
3372,典範,上櫃,0.0,0.0,0.0,-251000.0,235324000.0
3373,熱映,上櫃,0.0,0.0,0.0,-16000.0,47618782.0
3374,精材,上櫃,0.0,0.0,0.0,-368894.0,271364316.0
3379,彬台,上櫃,0.0,0.0,0.0,-130000.0,38041748.0
3388,崇越電,上櫃,0.0,0.0,0.0,13078.0,81599825.0
3390,旭軟,上櫃,0.0,0.0,0.0,-54564.0,79329659.0
3402,漢科,上櫃,0.0,0.0,0.0,386298.0,73047692.0
3430,奇鈦科,上櫃,0.0,0.0,0.0,-155757.0,33716085.0
3434,哲固,上櫃,0.0,0.0,0.0,42000.0,35754740.0
3438,類比科,上櫃,0.0,0.0,0.0,-37481.0,47165815.0
3441,聯一光,上櫃,0.0,0.0,0.0,-86037.0,40039920.0
3444,利機,上櫃,0.0,0.0,0.0,-55671.0,44996877.0
3455,由田,上櫃,0.0,0.0,0.0,-59007.0,59850750.0
3465,進泰電子,上櫃,0.0,0.0,0.0,-14000.0,42329862.0
3466,德晉,上櫃,0.0,0.0,0.0,-148412.0,77892073.0
3467,台灣精材,上櫃,0.0,0.0,0.0,34000.0,31556569.0
3479,安勤,上櫃,0.0,0.0,0.0,-156251.0,72630164.0
3483,力致,上櫃,0.0,0.0,0.0,107495.0,99049257.0
3484,崧騰,上櫃,0.0,0.0,0.0,51975.0,78828189.0
3485,敘豐,上櫃,0.0,0.0,0.0,-88210.0,38500850.0
3489,森寶,上櫃,0.0,0.0,0.0,117000.0,90452155.0
3490,單井,上櫃,0.0,0.0,0.0,188060.0,55006435.0
3491,昇達科,上櫃,0.0,0.0,0.0,-29160.0,68805125.0
3492,長盛,上櫃,0.0,0.0,0.0,2000.0,35531600.0
3498,陽程,上櫃,0.0,0.0,0.0,127460.0,61273008.0
3499,環天科,上櫃,0.0,0.0,0.0,-10001.0,54970596.0
3508,位速,上櫃,0.0,0.0,0.0,9000.0,108866737.0
3511,矽瑪,上櫃,0.0,0.0,0.0,27102.0,79972945.0
3512,皇龍,上櫃,0.0,0.0,0.0,-6151.0,113072372.0
3516,亞帝歐,上櫃,0.0,0.0,0.0,-4672.0,59560874.0
3520,華盈,上櫃,0.0,0.0,0.0,3313.0,83846778.0
3521,台鋼建設,上櫃,0.0,0.0,0.0,18067.0,185765552.0
3522,御嵿,上櫃,0.0,0.0,0.0,12999.0,104096209.0
3523,迎輝,上櫃,0.0,0.0,0.0,2000.0,64257868.0
3526,凡甲,上櫃,0.0,0.0,0.0,-34251.0,66839477.0
3527,聚積,上櫃,0.0,0.0,0.0,-3000.0,44445125.0
3529,力旺,上櫃,0.0,0.0,0.0,-31144.0,74686492.0
3537,堡達,上櫃,0.0,0.0,0.0,-97757.0,56242979.0
3540,曜越,上櫃,0.0,0.0,0.0,-2516.0,84458548.0
3541,西柏,上櫃,0.0,0.0,0.0,-199.0,56349142.0
3546,宇峻,上櫃,0.0,0.0,0.0,-8208.0,61348690.0
3548,兆利,上櫃,0.0,0.0,0.0,-21051.0,68244175.0
3551,世禾,上櫃,0.0,0.0,0.0,2060.0,62274890.0
3552,同致,上櫃,0.0,0.0,0.0,12244.0,97918334.0
3555,博士旺,上櫃,0.0,0.0,0.0,-20863.0,39998797.0
3556,禾瑞亞,上櫃,0.0,0.0,0.0,-662928.0,63702844.0
3558,神準,上櫃,0.0,0.0,0.0,-18940.0,59060881.0
3564,其陽,上櫃,0.0,0.0,0.0,5980.0,59123100.0
3567,逸昌,上櫃,0.0,0.0,0.0,-30944.0,33954000.0
3570,大塚,上櫃,0.0,0.0,0.0,-3100.0,17097000.0
3577,泓格,上櫃,0.0,0.0,0.0,-14912.0,63965653.0
3580,友威科,上櫃,0.0,0.0,0.0,126172.0,39470657.0
3581,博磊,上櫃,0.0,0.0,0.0,13143.0,51006000.0
3587,閎康,上櫃,0.0,0.0,0.0,176409.0,69369988.0
3594,磐儀,上櫃,0.0,0.0,0.0,-424860.0,95948358.0
3597,映興,上櫃,0.0,0.0,0.0,-26000.0,39236440.0
3609,三一東林,上櫃,0.0,0.0,0.0,-33032.0,38419387.0
3611,鼎翰,上櫃,0.0,0.0,0.0,24915.0,47554634.0
3615,安可,上櫃,0.0,0.0,0.0,-216464.0,68466976.0
3623,富晶通,上櫃,0.0,0.0,0.0,-29354.0,29185946.0
3624,光頡,上櫃,0.0,0.0,0.0,290425.0,117340842.0
3625,西勝,上櫃,0.0,0.0,0.0,-29000.0,58100000.0
3628,盈正,上櫃,0.0,0.0,0.0,118438.0,45000000.0
3630,新鉅科,上櫃,0.0,0.0,0.0,-37011.0,204191848.0
3631,晟楠,上櫃,0.0,0.0,0.0,2000.0,81820909.0
3646,艾恩特,上櫃,0.0,0.0,0.0,-986.0,39297371.0
3663,鑫科,上櫃,0.0,0.0,0.0,-90885.0,108494074.0
3664,安瑞-KY,上櫃,0.0,0.0,0.0,-5000.0,75945377.0
3666,光耀,上櫃,0.0,0.0,0.0,-11001.0,138949850.0
3672,康聯訊,上櫃,0.0,0.0,0.0,5088.0,40790375.0
3675,德微,上櫃,0.0,0.0,0.0,70200.0,53057923.0
3680,家登,上櫃,0.0,0.0,0.0,781717.0,96211690.0
3684,榮昌,上櫃,0.0,0.0,0.0,3000.0,30304737.0
3685,元創精密,上櫃,0.0,0.0,0.0,20307.0,79574000.0
3687,歐買尬,上櫃,0.0,0.0,0.0,123573.0,30124059.0
3689,湧德,上櫃,0.0,0.0,0.0,581497.0,89390991.0
3691,碩禾,上櫃,0.0,0.0,0.0,-370620.0,91883420.0
3693,營邦,上櫃,0.0,0.0,0.0,-85016.0,42990694.0
3707,漢磊,上櫃,0.0,0.0,0.0,-4014284.0,400484353.0
3709,鑫聯大投控,上櫃,0.0,0.0,0.0,-215201.0,145569450.0
3710,連展投控,上櫃,0.0,0.0,0.0,-26000.0,177086787.0
3713,新晶投控,上櫃,0.0,0.0,0.0,12000.0,88099380.0
4102,永日,上櫃,0.0,0.0,0.0,-1000.0,42373443.0
4105,東洋,上櫃,0.0,0.0,0.0,994295.0,248649959.0
4107,邦特,上櫃,0.0,0.0,0.0,-7646.0,69298336.0
4109,加捷生醫,上櫃,0.0,0.0,0.0,-169278.0,118736681.0
4111,濟生,上櫃,0.0,0.0,0.0,2000.0,59832135.0
4113,聯上,上櫃,0.0,0.0,0.0,215590.0,231138137.0
4114,健喬,上櫃,0.0,0.0,0.0,-200114.0,550429688.0
4116,明基醫,上櫃,0.0,0.0,0.0,-426.0,44566000.0
4120,友華,上櫃,0.0,0.0,0.0,-14000.0,86747119.0
4121,優盛,上櫃,0.0,0.0,0.0,-3747.0,83111045.0
4123,晟德,上櫃,0.0,0.0,0.0,468434.0,807456341.0
4126,太醫,上櫃,0.0,0.0,0.0,-7000.0,72600000.0
4127,天良,上櫃,0.0,0.0,0.0,78161.0,45760000.0
4128,中天,上櫃,0.0,0.0,0.0,131339.0,588170597.0
4129,聯合,上櫃,0.0,0.0,0.0,35585.0,96437650.0
4130,健亞,上櫃,0.0,0.0,0.0,290053.0,0.0
4131,浩泰,上櫃,0.0,0.0,0.0,2000.0,39857000.0
4138,曜亞,上櫃,0.0,0.0,0.0,1000.0,39930000.0
4147,中裕,上櫃,0.0,0.0,0.0,-593748.0,273202425.0
4153,鈺緯,上櫃,0.0,0.0,0.0,0.0,58668197.0
4157,太景*-KY,上櫃,0.0,0.0,0.0,195253.0,711833575.0
4160,訊聯基因,上櫃,0.0,0.0,0.0,2000.0,26690334.0
4161,聿新科,上櫃,0.0,0.0,0.0,12000.0,59798204.0
4162,智擎,上櫃,0.0,0.0,0.0,244942.0,143677640.0
4163,鐿鈦,上櫃,0.0,0.0,0.0,38000.0,50675143.0
4166,友霖,上櫃,0.0,0.0,0.0,-92000.0,243035089.0
4167,松瑞藥,上櫃,0.0,0.0,0.0,233721.0,331554307.0
4168,醣聯,上櫃,0.0,0.0,0.0,18999.0,112521318.0
4171,瑞基,上櫃,0.0,0.0,0.0,-21000.0,58057469.0
4173,久裕,上櫃,0.0,0.0,0.0,40976.0,74574355.0
4174,浩鼎,上櫃,0.0,0.0,0.0,-16657.0,131579687.0
4175,杏一,上櫃,0.0,0.0,0.0,6000.0,42323307.0
4188,安克,上櫃,0.0,0.0,0.0,488.0,63332900.0
4198,欣大健康,上櫃,0.0,0.0,0.0,2000.0,24108000.0
4205,中華食,上櫃,0.0,0.0,0.0,-1000.0,97649228.0
4207,環泰,上櫃,0.0,0.0,0.0,15000.0,188611108.0
4303,信立,上櫃,0.0,0.0,0.0,-54333.0,132447444.0
4304,勝昱,上櫃,0.0,0.0,0.0,3000.0,61038065.0
4305,世坤,上櫃,0.0,0.0,0.0,5000.0,55014000.0
4401,東隆興,上櫃,0.0,0.0,0.0,-1000.0,122692012.0
4402,郡都開發,上櫃,0.0,0.0,0.0,-1498.0,67991830.0
4406,新昕纖,上櫃,0.0,0.0,0.0,1000.0,51912000.0
4413,飛寶企業,上櫃,0.0,0.0,0.0,4000.0,31314689.0
4416,三圓,上櫃,0.0,0.0,0.0,17000.0,73586213.0
4417,金洲,上櫃,0.0,0.0,0.0,-32000.0,83971399.0
4419,皇家美食,上櫃,0.0,0.0,0.0,-3000.0,169163133.0
4420,光明,上櫃,0.0,0.0,0.0,76009.0,40455000.0
4430,耀億,上櫃,0.0,0.0,0.0,-1000.0,56273609.0
4432,銘旺實,上櫃,0.0,0.0,0.0,-4013.0,50589000.0
4433,興采,上櫃,0.0,0.0,0.0,5000.0,61299774.0
4442,竣邦-KY,上櫃,0.0,0.0,0.0,4000.0,32883649.0
4503,金雨,上櫃,0.0,0.0,0.0,-185223.0,78313326.0
4506,崇友,上櫃,0.0,0.0,0.0,-6000.0,177012000.0
4510,高鋒,上櫃,0.0,0.0,0.0,49877.0,108977724.0
4513,福裕,上櫃,0.0,0.0,0.0,-8001.0,143761921.0
4523,永彰,上櫃,0.0,0.0,0.0,-70710.0,64949000.0
4527,方土霖,上櫃,0.0,0.0,0.0,-4000.0,68537133.0
4528,江興鍛,上櫃,0.0,0.0,0.0,-3033.0,84165695.0
4529,淳紳,上櫃,0.0,0.0,0.0,-28000.0,84549096.0
4530,宏易,上櫃,0.0,0.0,0.0,-2000.0,35794959.0
4533,協易機,上櫃,0.0,0.0,0.0,51439.0,178434110.0
4534,慶騰,上櫃,0.0,0.0,0.0,63500.0,86788948.0
4535,至興,上櫃,0.0,0.0,0.0,-1000.0,75661740.0
4538,大詠城,上櫃,0.0,0.0,0.0,-5000.0,59469604.0
4541,晟田,上櫃,0.0,0.0,0.0,426726.0,67647068.0
4542,科嶠,上櫃,0.0,0.0,0.0,45577.0,35254258.0
4543,萬在,上櫃,0.0,0.0,0.0,45549.0,62760915.0
4549,桓達,上櫃,0.0,0.0,0.0,-1666.0,57002445.0
4550,長佳,上櫃,0.0,0.0,0.0,-2035.0,37838783.0
4554,橙的,上櫃,0.0,0.0,0.0,-2586.0,30276584.0
4556,旭然,上櫃,0.0,0.0,0.0,-8000.0,42302840.0
4561,健椿,上櫃,0.0,0.0,0.0,53391.0,58521619.0
4563,百德,上櫃,0.0,0.0,0.0,-994.0,54950000.0
4577,達航科技,上櫃,0.0,0.0,0.0,-59247.0,49137998.0
4580,捷流閥業,上櫃,0.0,0.0,0.0,20000.0,46803109.0
4702,中美實,上櫃,0.0,0.0,0.0,20765.0,72333200.0
4706,大恭,上櫃,0.0,0.0,0.0,-1000.0,79030093.0
4707,磐亞,上櫃,0.0,0.0,0.0,-239725.0,413808151.0
4711,永純,上櫃,0.0,0.0,0.0,-2006.0,61056000.0
4714,永捷,上櫃,0.0,0.0,0.0,-87000.0,221838188.0
4716,大立,上櫃,0.0,0.0,0.0,-15810.0,94427191.0
4721,美琪瑪,上櫃,0.0,0.0,0.0,-178680.0,74986304.0
4726,永昕,上櫃,0.0,0.0,0.0,-21899.0,207041800.0
4728,雙美,上櫃,0.0,0.0,0.0,71.0,54463000.0
4729,熒茂,上櫃,0.0,0.0,0.0,133295.0,79226741.0
4735,豪展,上櫃,0.0,0.0,0.0,-2000.0,41568758.0
4741,泓瀚,上櫃,0.0,0.0,0.0,-23021.0,34812079.0
4743,合一,上櫃,0.0,0.0,0.0,538629.0,480533486.0
4744,皇將,上櫃,0.0,0.0,0.0,-5000.0,56948450.0
4745,合富-KY,上櫃,0.0,0.0,0.0,29843.0,66220547.0
4747,強生,上櫃,0.0,0.0,0.0,-1000.0,90922064.0
4749,新應材,上櫃,0.0,0.0,0.0,80467.0,94732865.0
4754,國碳科,上櫃,0.0,0.0,0.0,2000.0,30283215.0
4760,勤凱,上櫃,0.0,0.0,0.0,-108557.0,32778289.0
4767,誠泰科技,上櫃,0.0,0.0,0.0,0.0,31415000.0
4768,晶呈科技,上櫃,0.0,0.0,0.0,-104181.0,48200288.0
4772,台特化,上櫃,0.0,0.0,0.0,159195.0,147681552.0
4903,聯光通,上櫃,0.0,0.0,0.0,-229262.0,105343714.0
4905,台聯電,上櫃,0.0,0.0,0.0,-2000.0,29260044.0
4907,富宇,上櫃,0.0,0.0,0.0,5000.0,118145778.0
4908,前鼎,上櫃,0.0,0.0,0.0,179474.0,78216907.0
4909,新復興,上櫃,0.0,0.0,0.0,-185962.0,93356864.0
4911,德英,上櫃,0.0,0.0,0.0,6000.0,68817133.0
4923,力士,上櫃,0.0,0.0,0.0,13000.0,36940360.0
4924,欣厚-KY,上櫃,0.0,0.0,0.0,-26366.0,37164409.0
4931,新盛力,上櫃,0.0,0.0,0.0,208852.0,65565761.0
4933,友輝,上櫃,0.0,0.0,0.0,7000.0,82662675.0
4939,亞電,上櫃,0.0,0.0,0.0,-508161.0,98200868.0
4946,辣椒,上櫃,0.0,0.0,0.0,14000.0,8852816.0
4951,精拓科,上櫃,0.0,0.0,0.0,12897.0,34148713.0
4953,緯軟,上櫃,0.0,0.0,0.0,19862.0,74326386.0
4966,譜瑞-KY,上櫃,0.0,0.0,0.0,8983.0,78957788.0
4971,IET-KY,上櫃,0.0,0.0,0.0,20811.0,47185743.0
4972,湯石照明,上櫃,0.0,0.0,0.0,-1000.0,56888587.0
4973,廣穎,上櫃,0.0,0.0,0.0,210848.0,65292843.0
4974,亞泰,上櫃,0.0,0.0,0.0,-12764.0,72500104.0
4979,華星光,上櫃,0.0,0.0,0.0,-934579.0,142802027.0
4991,環宇-KY,上櫃,0.0,0.0,0.0,108415.0,121363372.0
4995,晶達,上櫃,0.0,0.0,0.0,5000.0,42592036.0
5009,榮剛,上櫃,0.0,0.0,0.0,571107.0,602471197.0
5011,久陽,上櫃,0.0,0.0,0.0,640942.0,100673922.0
5013,強新,上櫃,0.0,0.0,0.0,0.0,133416000.0
5014,建錩,上櫃,0.0,0.0,0.0,-38001.0,183265054.0
5015,華祺,上櫃,0.0,0.0,0.0,-11000.0,60639189.0
5016,松和,上櫃,0.0,0.0,0.0,0.0,49622076.0
5201,凱衛,上櫃,0.0,0.0,0.0,64005.0,38674600.0
5202,力新,上櫃,0.0,0.0,0.0,-10000.0,89094000.0
5206,坤悅,上櫃,0.0,0.0,0.0,10999.0,180093375.0
5209,新鼎,上櫃,0.0,0.0,0.0,51810.0,28567224.0
5210,寶碩,上櫃,0.0,0.0,0.0,17102.0,82177779.0
5211,蒙恬,上櫃,0.0,0.0,0.0,-44764.0,32024727.0
5212,凌網,上櫃,0.0,0.0,0.0,1000.0,34633000.0
5213,亞昕,上櫃,0.0,0.0,0.0,151766.0,721334326.0
5220,萬達光電,上櫃,0.0,0.0,0.0,-9971.0,39667000.0
5223,安力-KY,上櫃,0.0,0.0,0.0,3824.0,44549781.0
5227,立凱-KY,上櫃,0.0,0.0,0.0,6000.0,96000000.0
5228,鈺鎧,上櫃,0.0,0.0,0.0,935805.0,38056253.0
5230,雷笛克光學,上櫃,0.0,0.0,0.0,-25686.0,56303831.0
5236,凌陽創新,上櫃,0.0,0.0,0.0,-26628.0,0.0
5245,智晶,上櫃,0.0,0.0,0.0,12000.0,45127141.0
5251,天鉞電,上櫃,0.0,0.0,0.0,-3817.0,33733377.0
5263,智崴,上櫃,0.0,0.0,0.0,4170.0,78936891.0
5272,笙科,上櫃,0.0,0.0,0.0,1998.0,55276118.0
5274,信驊,上櫃,0.0,0.0,0.0,21754.0,41582953.0
5278,尚凡*,上櫃,0.0,0.0,0.0,45345.0,300000000.0
5287,數字,上櫃,0.0,0.0,0.0,99272.0,60310050.0
5289,宜鼎,上櫃,0.0,0.0,0.0,169730.0,98289931.0
5291,邑昇,上櫃,0.0,0.0,0.0,-362237.0,41890606.0
5299,杰力,上櫃,0.0,0.0,0.0,140331.0,50888981.0
5302,太欣,上櫃,0.0,0.0,0.0,132966.0,159888349.0
5309,系統電,上櫃,0.0,0.0,0.0,-213675.0,230967451.0
5310,天剛,上櫃,0.0,0.0,0.0,3647.0,28943517.0
5312,寶島科,上櫃,0.0,0.0,0.0,2936.0,60059898.0
5314,世紀*,上櫃,0.0,0.0,0.0,-2709374.0,292000000.0
5315,光聯,上櫃,0.0,0.0,0.0,-189737.0,106351832.0
5324,士開,上櫃,0.0,0.0,0.0,-14000.0,226379090.0
5328,華容,上櫃,0.0,0.0,0.0,-1434475.0,172710724.0
5340,建榮,上櫃,0.0,0.0,0.0,-205225.0,194893964.0
5344,立衛,上櫃,0.0,0.0,0.0,5999.0,79447460.0
5345,馥鴻,上櫃,0.0,0.0,0.0,-1631.0,37795000.0
5347,世界,上櫃,0.0,0.0,0.0,-5585421.0,1878502192.0
5351,鈺創,上櫃,0.0,0.0,0.0,-4889403.0,328636781.0
5353,台林,上櫃,0.0,0.0,0.0,-20766.0,76500000.0
5355,佳總,上櫃,0.0,0.0,0.0,5000.0,77500000.0
5356,協益,上櫃,0.0,0.0,0.0,15000.0,103040000.0
5364,力麗店,上櫃,0.0,0.0,0.0,17000.0,63849940.0
5371,中光電,上櫃,0.0,0.0,0.0,-287473.0,0.0
5381,光譜,上櫃,0.0,0.0,0.0,348057.0,207690562.0
5386,青雲,上櫃,0.0,0.0,0.0,28422.0,54121322.0
5392,能率,上櫃,0.0,0.0,0.0,-289316.0,180093388.0
5398,慕康生醫,上櫃,0.0,0.0,0.0,-73.0,49465460.0
5403,中菲,上櫃,0.0,0.0,0.0,9050.0,78120722.0
5410,國眾,上櫃,0.0,0.0,0.0,-74798.0,93368623.0
5425,台半,上櫃,0.0,0.0,0.0,1645220.0,263485486.0
5426,振發,上櫃,0.0,0.0,0.0,229298.0,143800000.0
5432,新門,上櫃,0.0,0.0,0.0,-13560.0,20687804.0
5438,東友,上櫃,0.0,0.0,0.0,-25264.0,112536565.0
5439,高技,上櫃,0.0,0.0,0.0,-688525.0,92975752.0
5443,均豪,上櫃,0.0,0.0,0.0,2855731.0,164746644.0
5450,南良,上櫃,0.0,0.0,0.0,-10000.0,122403239.0
5452,佶優,上櫃,0.0,0.0,0.0,-46850.0,148763669.0
5457,宣德,上櫃,0.0,0.0,0.0,-95604.0,196237000.0
5460,同協,上櫃,0.0,0.0,0.0,94060.0,58778130.0
5464,霖宏,上櫃,0.0,0.0,0.0,-75374.0,71071490.0
5465,富驊,上櫃,0.0,0.0,0.0,7000.0,147682629.0
5468,凱鈺,上櫃,0.0,0.0,0.0,27000.0,58922909.0
5474,聰泰,上櫃,0.0,0.0,0.0,-53444.0,39756944.0
5475,德宏,上櫃,0.0,0.0,0.0,-54009.0,127127017.0
5478,智冠,上櫃,0.0,0.0,0.0,1000.0,156074332.0
5481,新華,上櫃,0.0,0.0,0.0,34688.0,71402891.0
5483,中美晶,上櫃,0.0,0.0,0.0,14458145.0,641221651.0
5487,通泰,上櫃,0.0,0.0,0.0,-7001.0,24222516.0
5488,松普,上櫃,0.0,0.0,0.0,108000.0,91586124.0
5489,彩富,上櫃,0.0,0.0,0.0,-16463.0,102706441.0
5490,同亨,上櫃,0.0,0.0,0.0,73921.0,96152201.0
5493,三聯,上櫃,0.0,0.0,0.0,14240.0,43689255.0
5498,凱崴,上櫃,0.0,0.0,0.0,-280909.0,193548545.0
5508,永信建,上櫃,0.0,0.0,0.0,129658.0,217428133.0
5511,德昌,上櫃,0.0,0.0,0.0,56063.0,136000000.0
5512,力麒,上櫃,0.0,0.0,0.0,265629.0,766312494.0
5514,三豐,上櫃,0.0,0.0,0.0,-3000.0,236118280.0
5516,雙喜,上櫃,0.0,0.0,0.0,3451.0,51545223.0
5520,力泰,上櫃,0.0,0.0,0.0,-1000.0,59975245.0
5523,豐謙,上櫃,0.0,0.0,0.0,-5000.0,155001464.0
5529,鉅陞,上櫃,0.0,0.0,0.0,1000.0,105769350.0
5530,龍巖,上櫃,0.0,0.0,0.0,71031.0,420084199.0
5536,聖暉*,上櫃,0.0,0.0,0.0,216570.0,124080930.0
5547,久舜,上櫃,0.0,0.0,0.0,-1000.0,51000000.0
5548,安倉,上櫃,0.0,0.0,0.0,-1000.0,63723065.0
5603,陸海,上櫃,0.0,0.0,0.0,19029.0,104876607.0
5604,中連,上櫃,0.0,0.0,0.0,2000.0,108782968.0
5609,中菲行,上櫃,0.0,0.0,0.0,26000.0,142884000.0
5701,劍湖山,上櫃,0.0,0.0,0.0,3762.0,143000000.0
5864,致和證,上櫃,0.0,0.0,0.0,-2374969.0,504490084.0
5878,台名,上櫃,0.0,0.0,0.0,10000.0,25024303.0
5902,德記,上櫃,0.0,0.0,0.0,3000.0,94500000.0
5903,全家,上櫃,0.0,0.0,0.0,8000.0,223220000.0
5904,寶雅,上櫃,0.0,0.0,0.0,-95270.0,1064438260.0
5905,南仁湖,上櫃,0.0,0.0,0.0,-48477.0,281623235.0
6015,宏遠證,上櫃,0.0,0.0,0.0,-613000.0,403614082.0
6016,康和證,上櫃,0.0,0.0,0.0,-2385000.0,772419946.0
6020,大展證,上櫃,0.0,0.0,0.0,1000.0,252353154.0
6021,美好證,上櫃,0.0,0.0,0.0,-3548.0,312005974.0
6023,元大期,上櫃,0.0,0.0,0.0,438000.0,447972732.0
6026,福邦證,上櫃,0.0,0.0,0.0,4804105.0,396161841.0
6101,寬魚國際,上櫃,0.0,0.0,0.0,9678.0,116601850.0
6103,合邦,上櫃,0.0,0.0,0.0,-1.0,13604891.0
6104,創惟,上櫃,0.0,0.0,0.0,108604.0,91127107.0
6109,亞元,上櫃,0.0,0.0,0.0,-18929.0,87825414.0
6111,光聚晶電,上櫃,0.0,0.0,0.0,19199.0,108511051.0
6113,亞矽,上櫃,0.0,0.0,0.0,-31997.0,52549455.0
6114,久威,上櫃,0.0,0.0,0.0,-7000.0,43911937.0
6118,建達,上櫃,0.0,0.0,0.0,-13000.0,90889573.0
6121,新普,上櫃,0.0,0.0,0.0,-26894.0,184970519.0
6122,擎邦,上櫃,0.0,0.0,0.0,320228.0,78091632.0
6123,上奇,上櫃,0.0,0.0,0.0,3000.0,62089430.0
6124,業強,上櫃,0.0,0.0,0.0,-7001.0,182479945.0
6125,廣運,上櫃,0.0,0.0,0.0,-6297.0,259011150.0
6126,信音,上櫃,0.0,0.0,0.0,-230919.0,130050754.0
6127,九豪,上櫃,0.0,0.0,0.0,4875474.0,108079751.0
6129,普誠,上櫃,0.0,0.0,0.0,154293.0,160574120.0
6130,上亞科技,上櫃,0.0,0.0,0.0,-15000.0,49300000.0
6134,萬旭,上櫃,0.0,0.0,0.0,-378862.0,81882117.0
6138,茂達,上櫃,0.0,0.0,0.0,-308668.0,75633500.0
6140,訊達,上櫃,0.0,0.0,0.0,-14221.0,54897760.0
6143,振曜,上櫃,0.0,0.0,0.0,19104.0,86058897.0
6146,耕興,上櫃,0.0,0.0,0.0,27333.0,101867199.0
6147,頎邦,上櫃,0.0,0.0,0.0,-1328541.0,744577539.0
6148,驊宏資,上櫃,0.0,0.0,0.0,46915.0,46603757.0
6150,撼訊,上櫃,0.0,0.0,0.0,-78000.0,48345985.0
6151,晉倫,上櫃,0.0,0.0,0.0,64000.0,55257300.0
6154,順發,上櫃,0.0,0.0,0.0,-10000.0,80080000.0
6156,松上,上櫃,0.0,0.0,0.0,530020.0,107875010.0
6158,禾昌,上櫃,0.0,0.0,0.0,1000.0,55028788.0
6160,欣技,上櫃,0.0,0.0,0.0,-1001.0,68489120.0
6161,捷波,上櫃,0.0,0.0,0.0,34003.0,56237477.0
6163,華電網,上櫃,0.0,0.0,0.0,-6420.0,148838747.0
6167,久正,上櫃,0.0,0.0,0.0,42300.0,143080000.0
6169,昱泉,上櫃,0.0,0.0,0.0,1068.0,23394960.0
6170,統振,上櫃,0.0,0.0,0.0,33949.0,97260038.0
6171,大城地產,上櫃,0.0,0.0,0.0,1000.0,100000000.0
6173,信昌電,上櫃,0.0,0.0,0.0,527904.0,160928000.0
6174,安碁,上櫃,0.0,0.0,0.0,1490696.0,50000000.0
6175,立敦,上櫃,0.0,0.0,0.0,589504.0,150121812.0
6179,亞通,上櫃,0.0,0.0,0.0,272801.0,177324650.0
6180,橘子,上櫃,0.0,0.0,0.0,-192741.0,175493573.0
6182,合晶,上櫃,0.0,0.0,0.0,178531.0,625305662.0
6185,幃翔,上櫃,0.0,0.0,0.0,-108.0,149867531.0
6186,新潤,上櫃,0.0,0.0,0.0,457059.0,194907598.0
6187,萬潤,上櫃,0.0,0.0,0.0,-186448.0,98262739.0
6188,廣明,上櫃,0.0,0.0,0.0,-86233.0,278358910.0
6190,萬泰科,上櫃,0.0,0.0,0.0,583773.0,186522441.0
6194,育富,上櫃,0.0,0.0,0.0,6000.0,48000000.0
6195,詩肯,上櫃,0.0,0.0,0.0,0.0,50192942.0
6198,瑞築,上櫃,0.0,0.0,0.0,4000.0,171400350.0
6199,天品,上櫃,0.0,0.0,0.0,-14538.0,61760018.0
6203,海韻電,上櫃,0.0,0.0,0.0,-3223.0,82401370.0
6204,艾華,上櫃,0.0,0.0,0.0,-257013.0,23102080.0
6207,雷科,上櫃,0.0,0.0,0.0,-1491798.0,93066484.0
6208,日揚,上櫃,0.0,0.0,0.0,-61282.0,94462343.0
6210,慶生,上櫃,0.0,0.0,0.0,1000.0,35048000.0
6212,理銘,上櫃,0.0,0.0,0.0,0.0,102000000.0
6217,中探針,上櫃,0.0,0.0,0.0,26247.0,117210018.0
6218,豪勉,上櫃,0.0,0.0,0.0,-49326.0,64262000.0
6219,富旺,上櫃,0.0,0.0,0.0,-40447.0,124967090.0
6220,岳豐,上櫃,0.0,0.0,0.0,53052.0,146462640.0
6221,晉泰,上櫃,0.0,0.0,0.0,21971.0,168601206.0
6223,旺矽,上櫃,0.0,0.0,0.0,201955.0,97981309.0
6227,茂綸,上櫃,0.0,0.0,0.0,-68388.0,76111786.0
6228,全譜,上櫃,0.0,0.0,0.0,73.0,29000000.0
6229,研通,上櫃,0.0,0.0,0.0,3000.0,40360700.0
6231,系微,上櫃,0.0,0.0,0.0,94527.0,45652186.0
6233,旺玖,上櫃,0.0,0.0,0.0,9999.0,80971896.0
6234,高僑,上櫃,0.0,0.0,0.0,-165718.0,100386398.0
6237,驊訊,上櫃,0.0,0.0,0.0,-73899.0,79645371.0
6240,松崗,上櫃,0.0,0.0,0.0,972.0,22867370.0
6241,鑫永洋,上櫃,0.0,0.0,0.0,5834.0,45533670.0
6242,立康,上櫃,0.0,0.0,0.0,-1000.0,31806500.0
6244,茂迪,上櫃,0.0,0.0,0.0,-940344.0,387041875.0
6245,立端,上櫃,0.0,0.0,0.0,-221259.0,146608303.0
6246,臺龍,上櫃,0.0,0.0,0.0,-9002.0,37851415.0
6248,沛波,上櫃,0.0,0.0,0.0,105000.0,99956149.0
6259,百徽,上櫃,0.0,0.0,0.0,304067.0,28056146.0
6261,久元,上櫃,0.0,0.0,0.0,157033.0,128497989.0
6263,普萊德,上櫃,0.0,0.0,0.0,37155.0,62500964.0
6264,富裔,上櫃,0.0,0.0,0.0,890.0,136355291.0
6265,方土昶,上櫃,0.0,0.0,0.0,-223404.0,118172151.0
6266,泰詠,上櫃,0.0,0.0,0.0,49001.0,153871641.0
6270,倍微,上櫃,0.0,0.0,0.0,-65632.0,72145759.0
6274,台燿,上櫃,0.0,0.0,0.0,125962.0,299460093.0
6275,元山,上櫃,0.0,0.0,0.0,7899.0,80344567.0
6276,安鈦克,上櫃,0.0,0.0,0.0,-23000.0,22043000.0
6279,胡連,上櫃,0.0,0.0,0.0,34718.0,119015736.0
6284,佳邦,上櫃,0.0,0.0,0.0,-629543.0,148980341.0
6290,良維,上櫃,0.0,0.0,0.0,165828.0,169652410.0
6291,沛亨,上櫃,0.0,0.0,0.0,-260090.0,42000000.0
6292,迅德,上櫃,0.0,0.0,0.0,196373.0,46600712.0
6294,智基,上櫃,0.0,0.0,0.0,-3000.0,26047106.0
6411,晶焱,上櫃,0.0,0.0,0.0,-177829.0,99508031.0
6417,韋僑,上櫃,0.0,0.0,0.0,-140902.0,42274000.0
6418,詠昇,上櫃,0.0,0.0,0.0,30000.0,34522000.0
6419,京晨科,上櫃,0.0,0.0,0.0,12000.0,13159170.0
6423,億而得,上櫃,0.0,0.0,0.0,35000.0,31016000.0
6425,易發,上櫃,0.0,0.0,0.0,-137183.0,51382317.0
6432,今展科,上櫃,0.0,0.0,0.0,307934.0,38784067.0
6435,大中,上櫃,0.0,0.0,0.0,-298030.0,37461300.0
6441,廣錠,上櫃,0.0,0.0,0.0,36000.0,53318429.0
6461,益得,上櫃,0.0,0.0,0.0,-12000.0,110324527.0
6462,神盾,上櫃,0.0,0.0,0.0,4911.0,91250754.0
6465,威潤,上櫃,0.0,0.0,0.0,-70998.0,59073685.0
6469,大樹,上櫃,0.0,0.0,0.0,141649.0,159085152.0
6470,宇智,上櫃,0.0,0.0,0.0,12000.0,37694100.0
6474,華豫寧,上櫃,0.0,0.0,0.0,5000.0,52526199.0
6485,點序,上櫃,0.0,0.0,0.0,-67207.0,47366493.0
6486,互動,上櫃,0.0,0.0,0.0,18944.0,50893286.0
6488,環球晶,上櫃,0.0,0.0,0.0,-341415.0,478113725.0
6492,生華科,上櫃,0.0,0.0,0.0,23797.0,114903620.0
6494,九齊,上櫃,0.0,0.0,0.0,-48900.0,31559690.0
6496,科懋,上櫃,0.0,0.0,0.0,-2000.0,47290220.0
6498,久禾光,上櫃,0.0,0.0,0.0,-61000.0,47475892.0
6499,益安,上櫃,0.0,0.0,0.0,10403.0,96944893.0
6506,雙邦,上櫃,0.0,0.0,0.0,7760.0,82360826.0
6508,惠光,上櫃,0.0,0.0,0.0,1000.0,86538864.0
6509,聚和,上櫃,0.0,0.0,0.0,1470906.0,197080553.0
6510,精測,上櫃,0.0,0.0,0.0,27550.0,32929138.0
6516,勤崴國際,上櫃,0.0,0.0,0.0,3000.0,56336935.0
6517,保勝光學,上櫃,0.0,0.0,0.0,-124425.0,30579053.0
6523,達爾膚,上櫃,0.0,0.0,0.0,-23000.0,45047625.0
6530,創威,上櫃,0.0,0.0,0.0,-47504.0,33750000.0
6532,瑞耘,上櫃,0.0,0.0,0.0,62188.0,37445147.0
6535,順藥,上櫃,0.0,0.0,0.0,10050.0,167840825.0
6538,倉和,上櫃,0.0,0.0,0.0,323584.0,37270493.0
6542,隆中,上櫃,0.0,0.0,0.0,-1000.0,42000630.0
6546,正基,上櫃,0.0,0.0,0.0,-64201.0,66848449.0
6547,高端疫苗,上櫃,0.0,0.0,0.0,-108999.0,328943644.0
6548,長科*,上櫃,0.0,0.0,0.0,868907.0,950464700.0
6560,欣普羅,上櫃,0.0,0.0,0.0,9000.0,33474715.0
6561,是方,上櫃,0.0,0.0,0.0,46259.0,77958370.0
6568,宏觀,上櫃,0.0,0.0,0.0,-1176.0,30796200.0
6569,醫揚,上櫃,0.0,0.0,0.0,-15769.0,42820745.0
6570,維田,上櫃,0.0,0.0,0.0,23000.0,37119170.0
6574,霈方,上櫃,0.0,0.0,0.0,13271.0,21990000.0
6576,逸達,上櫃,0.0,0.0,0.0,-3835.0,157540541.0
6577,勁豐,上櫃,0.0,0.0,0.0,62420.0,60060145.0
6578,達邦蛋白,上櫃,0.0,0.0,0.0,-2000.0,71941901.0
6584,南俊國際,上櫃,0.0,0.0,0.0,-322178.0,71379810.0
6588,東典光電,上櫃,0.0,0.0,0.0,9283.0,34700825.0
6593,台灣銘板,上櫃,0.0,0.0,0.0,-14000.0,31856609.0
6596,寬宏藝術,上櫃,0.0,0.0,0.0,-2261.0,38000000.0
6597,立誠,上櫃,0.0,0.0,0.0,2000.0,30042250.0
6603,富強鑫,上櫃,0.0,0.0,0.0,366892.0,167442946.0
6609,瀧澤科,上櫃,0.0,0.0,0.0,75511.0,72456246.0
6612,奈米醫材,上櫃,0.0,0.0,0.0,-3000.0,52266043.0
6613,朋億*,上櫃,0.0,0.0,0.0,-51111.0,77801485.0
6615,慧智,上櫃,0.0,0.0,0.0,-7000.0,21593400.0
6617,共信-KY,上櫃,0.0,0.0,0.0,73110.0,127506100.0
6620,漢達,上櫃,0.0,0.0,0.0,23000.0,165981900.0
6624,萬年清,上櫃,0.0,0.0,0.0,-1000.0,22579482.0
6629,泰金-KY,上櫃,0.0,0.0,0.0,-1000.0,38379563.0
6637,醫影,上櫃,0.0,0.0,0.0,-2000.0,26810000.0
6640,均華,上櫃,0.0,0.0,0.0,50634.0,28911500.0
6642,富致,上櫃,0.0,0.0,0.0,72955.0,37399662.0
6643,M31,上櫃,0.0,0.0,0.0,20503.0,42620160.0
6649,台生材,上櫃,0.0,0.0,0.0,-3000.0,42000000.0
6651,全宇昕,上櫃,0.0,0.0,0.0,-35391.0,34601541.0
6654,天正國際,上櫃,0.0,0.0,0.0,-8431.0,40962720.0
6664,群翊,上櫃,0.0,0.0,0.0,45526.0,61151307.0
6667,信紘科,上櫃,0.0,0.0,0.0,14646.0,49278878.0
6679,鈺太,上櫃,0.0,0.0,0.0,-31505.0,54975335.0
6683,雍智科技,上櫃,0.0,0.0,0.0,4537.0,27552661.0
6684,安格,上櫃,0.0,0.0,0.0,572894.0,44559496.0
6690,安碁資訊,上櫃,0.0,0.0,0.0,-32000.0,29999720.0
6692,進能服,上櫃,0.0,0.0,0.0,3000.0,58843890.0
6693,廣閎科,上櫃,0.0,0.0,0.0,-35658.0,45720000.0
6697,東捷資訊,上櫃,0.0,0.0,0.0,3000.0,27323364.0
6703,軒郁,上櫃,0.0,0.0,0.0,67651.0,36257210.0
6708,天擎,上櫃,0.0,0.0,0.0,0.0,29008779.0
6712,長聖,上櫃,0.0,0.0,0.0,6911.0,100488861.0
6716,應廣,上櫃,0.0,0.0,0.0,-27166.0,30241814.0
6720,久昌,上櫃,0.0,0.0,0.0,6098.0,30225741.0
6725,矽科宏晟,上櫃,0.0,0.0,0.0,24796.0,37130000.0
6727,亞泰金屬,上櫃,0.0,0.0,0.0,-40088.0,26884177.0
6728,上洋,上櫃,0.0,0.0,0.0,15000.0,30120000.0
6732,昇佳電子,上櫃,0.0,0.0,0.0,19763.0,48912618.0
6733,博晟生醫,上櫃,0.0,0.0,0.0,33000.0,134316026.0
6735,美達科技,上櫃,0.0,0.0,0.0,97524.0,46182292.0
6739,竹陞科技,上櫃,0.0,0.0,0.0,-32656.0,23392500.0
6741,91APP*-KY,上櫃,0.0,0.0,0.0,22000.0,120577997.0
6751,智聯服務,上櫃,0.0,0.0,0.0,-2000.0,22200000.0
6752,叡揚,上櫃,0.0,0.0,0.0,4000.0,38258471.0
6761,穩得,上櫃,0.0,0.0,0.0,-41665.0,34955867.0
6763,綠界科技*,上櫃,0.0,0.0,0.0,-140405.0,184039130.0
6785,昱展新藥,上櫃,0.0,0.0,0.0,25981.0,66800000.0
6788,華景電,上櫃,0.0,0.0,0.0,154299.0,38739683.0
6791,虎門科技,上櫃,0.0,0.0,0.0,3000.0,20847000.0
6803,崑鼎,上櫃,0.0,0.0,0.0,-40044.0,72794385.0
6804,明係,上櫃,0.0,0.0,0.0,-5000.0,47500000.0
6811,宏碁資訊,上櫃,0.0,0.0,0.0,37771.0,41449000.0
6821,聯寶,上櫃,0.0,0.0,0.0,-163992.0,35913193.0
6823,濾能,上櫃,0.0,0.0,0.0,-8600.0,33233920.0
6829,千附精密,上櫃,0.0,0.0,0.0,60994.0,59169000.0
6840,東研信超,上櫃,0.0,0.0,0.0,-1000.0,30767284.0
6841,長佳智能,上櫃,0.0,0.0,0.0,59302.0,95223000.0
6843,進典,上櫃,0.0,0.0,0.0,-6000.0,33304000.0
6844,諾貝兒,上櫃,0.0,0.0,0.0,4000.0,37428440.0
6846,綠茵,上櫃,0.0,0.0,0.0,-2000.0,27066039.0
6856,鑫傳,上櫃,0.0,0.0,0.0,-2000.0,28200000.0
6859,伯特光,上櫃,0.0,0.0,0.0,-62030.0,41588600.0
6865,偉康科技,上櫃,0.0,0.0,0.0,1000.0,15840645.0
6870,騰雲,上櫃,0.0,0.0,0.0,-20799.0,28317550.0
6872,浩宇生醫,上櫃,0.0,0.0,0.0,4000.0,70750511.0
6874,倍力,上櫃,0.0,0.0,0.0,1000.0,22000000.0
6875,國邑*,上櫃,0.0,0.0,0.0,1852.0,129182804.0
6877,鏵友益,上櫃,0.0,0.0,0.0,59844.0,47167122.0
6884,海柏特,上櫃,0.0,0.0,0.0,-1000.0,18390000.0
6894,衛司特,上櫃,0.0,0.0,0.0,-3855.0,23800000.0
6895,宏碩系統,上櫃,0.0,0.0,0.0,-5772.0,34100000.0
6899,創為精密,上櫃,0.0,0.0,0.0,0.0,42398491.0
6903,巨漢,上櫃,0.0,0.0,0.0,-187521.0,66676000.0
6907,雅特力-KY,上櫃,0.0,0.0,0.0,-148368.0,62562500.0
6910,德鴻,上櫃,0.0,0.0,0.0,-7000.0,30521000.0
6913,鴻呈,上櫃,0.0,0.0,0.0,16962.0,43848863.0
6922,宸曜,上櫃,0.0,0.0,0.0,28905.0,27155385.0
6925,意藍,上櫃,0.0,0.0,0.0,3000.0,20000300.0
6945,圓祥生技,上櫃,0.0,0.0,0.0,4000.0,97531160.0
6953,家碩,上櫃,0.0,0.0,0.0,7499.0,30014600.0
6961,旅天下,上櫃,0.0,0.0,0.0,1000.0,26834000.0
6967,汎瑋材料,上櫃,0.0,0.0,0.0,-1000.0,30404477.0
6968,萬達寵物,上櫃,0.0,0.0,0.0,-22028.0,50436279.0
6971,惠民實業,上櫃,0.0,0.0,0.0,1000.0,38668000.0
6982,大井泵浦,上櫃,0.0,0.0,0.0,-6000.0,40752381.0
6983,華洋精機,上櫃,0.0,0.0,0.0,9000.0,18020000.0
6986,和迅,上櫃,0.0,0.0,0.0,26000.0,52134000.0
6996,力領科技,上櫃,0.0,0.0,0.0,-7205.0,42090333.0
6997,博弘,上櫃,0.0,0.0,0.0,-1000.0,22100500.0
7402,邑錡,上櫃,0.0,0.0,0.0,490356.0,35280646.0
7547,碩網,上櫃,0.0,0.0,0.0,7000.0,33963000.0
7556,意德士,上櫃,0.0,0.0,0.0,16710.0,29080869.0
7642,昶瑞機電,上櫃,0.0,0.0,0.0,7035.0,30194258.0
7703,銳澤,上櫃,0.0,0.0,0.0,-21129.0,34745000.0
7704,明遠精密,上櫃,0.0,0.0,0.0,35000.0,33769804.0
7709,榮田,上櫃,0.0,0.0,0.0,-20140.0,39102740.0
7712,博盛半導體,上櫃,0.0,0.0,0.0,13052.0,32561873.0
7713,威力德生醫,上櫃,0.0,0.0,0.0,0.0,45478843.0
7714,創泓科技,上櫃,0.0,0.0,0.0,44962.0,21000000.0
7715,裕山,上櫃,0.0,0.0,0.0,98965.0,32756500.0
7717,萊德光電-KY,上櫃,0.0,0.0,0.0,12568.0,24831518.0
7718,友鋮,上櫃,0.0,0.0,0.0,-1000.0,46356484.0
7723,築間,上櫃,0.0,0.0,0.0,-2000.0,49619550.0
7728,光焱科技,上櫃,0.0,0.0,0.0,1471.0,13992621.0
7734,印能科技,上櫃,0.0,0.0,0.0,-13038.0,28000000.0
7738,東聯互動,上櫃,0.0,0.0,0.0,-1000.0,27355799.0
7744,崴寶,上櫃,0.0,0.0,0.0,7270.0,32076710.0
7751,竑騰,上櫃,0.0,0.0,0.0,-27736.0,26888600.0
7753,星亞,上櫃,0.0,0.0,0.0,0.0,25000000.0
7757,金色三麥,上櫃,0.0,0.0,0.0,-5000.0,24100000.0
7767,仁大資訊,上櫃,0.0,0.0,0.0,-4000.0,30100000.0
7770,君曜,上櫃,0.0,0.0,0.0,-1000.0,30062053.0
7772,耀穎,上櫃,0.0,0.0,0.0,11780.0,26498600.0
7777,能率亞洲,上櫃,0.0,0.0,0.0,-179155.0,186606250.0
7792,安葆,上櫃,0.0,0.0,0.0,4106.0,46662000.0
7794,宏碁智新,上櫃,0.0,0.0,0.0,11000.0,28000000.0
7805,威聯通,上櫃,0.0,0.0,0.0,1260.0,39750122.0
7810,捷創科技,上櫃,0.0,0.0,0.0,-15293.0,20250000.0
7819,精誠金融,上櫃,0.0,0.0,0.0,10000.0,25263500.0
7820,立盈,上櫃,0.0,0.0,0.0,28000.0,37768096.0
7828,創新服務,上櫃,0.0,0.0,0.0,26500.0,40493911.0
7839,達人網,上櫃,0.0,0.0,0.0,-29000.0,15096025.0
7842,天能綠電,上櫃,0.0,0.0,0.0,7000.0,18250000.0
8024,佑華,上櫃,0.0,0.0,0.0,-10000.0,45160100.0
8027,鈦昇,上櫃,0.0,0.0,0.0,69639.0,109750596.0
8032,光菱,上櫃,0.0,0.0,0.0,-16111.0,51810300.0
8034,榮群,上櫃,0.0,0.0,0.0,-33000.0,56586353.0
8038,長園科,上櫃,0.0,0.0,0.0,58765.0,62278190.0
8040,九暘,上櫃,0.0,0.0,0.0,-337459.0,96413874.0
8042,金山電,上櫃,0.0,0.0,0.0,-266583.0,131479954.0
8043,蜜望實,上櫃,0.0,0.0,0.0,-987971.0,79907170.0
8044,網家,上櫃,0.0,0.0,0.0,-333467.0,204768065.0
8047,星雲,上櫃,0.0,0.0,0.0,-5000.0,34613011.0
8048,德勝,上櫃,0.0,0.0,0.0,-124611.0,59436924.0
8049,晶采,上櫃,0.0,0.0,0.0,-21391.0,118279808.0
8050,廣積,上櫃,0.0,0.0,0.0,-57764.0,205204891.0
8054,安國,上櫃,0.0,0.0,0.0,-298903.0,108732566.0
8059,凱碩,上櫃,0.0,0.0,0.0,141124.0,116466300.0
8064,東捷,上櫃,0.0,0.0,0.0,-670985.0,184817836.0
8066,來思達,上櫃,0.0,0.0,0.0,1000.0,36642304.0
8067,志旭,上櫃,0.0,0.0,0.0,1000.0,20700000.0
8068,全達,上櫃,0.0,0.0,0.0,-18000.0,80765949.0
8069,元太,上櫃,0.0,0.0,0.0,-1795325.0,1154678380.0
8071,能率網通,上櫃,0.0,0.0,0.0,-142005.0,60084283.0
8074,鉅橡,上櫃,0.0,0.0,0.0,-263097.0,86974466.0
8076,伍豐,上櫃,0.0,0.0,0.0,49112.0,292213592.0
8080,泰霖,上櫃,0.0,0.0,0.0,-1000.0,67163821.0
8083,瑞穎,上櫃,0.0,0.0,0.0,-40.0,35133193.0
8084,巨虹,上櫃,0.0,0.0,0.0,30000.0,69514149.0
8085,福華,上櫃,0.0,0.0,0.0,-65847.0,139983060.0
8086,宏捷科,上櫃,0.0,0.0,0.0,-1583103.0,196516123.0
8087,麗升能源,上櫃,0.0,0.0,0.0,7929.0,38646042.0
8088,品安,上櫃,0.0,0.0,0.0,-359289.0,60921749.0
8089,康全電訊,上櫃,0.0,0.0,0.0,9749.0,65998718.0
8091,翔名,上櫃,0.0,0.0,0.0,157628.0,56943651.0
8092,建暐,上櫃,0.0,0.0,0.0,7000.0,57172325.0
8096,擎亞,上櫃,0.0,0.0,0.0,-246000.0,149343066.0
8097,常珵,上櫃,0.0,0.0,0.0,11000.0,60302468.0
8099,大世科,上櫃,0.0,0.0,0.0,18034.0,100072800.0
8102,傑霖科技,上櫃,0.0,0.0,0.0,0.0,23358350.0
8107,大億金茂,上櫃,0.0,0.0,0.0,-7036.0,75000000.0
8109,博大,上櫃,0.0,0.0,0.0,72612.0,82161236.0
8111,立碁,上櫃,0.0,0.0,0.0,38110.0,109102223.0
8121,越峰,上櫃,0.0,0.0,0.0,271171.0,212993743.0
8147,正淩,上櫃,0.0,0.0,0.0,-73952.0,41817166.0
8155,博智,上櫃,0.0,0.0,0.0,-72104.0,62367700.0
8171,天宇,上櫃,0.0,0.0,0.0,5035.0,112853326.0
8176,智捷,上櫃,0.0,0.0,0.0,216001.0,59800000.0
8182,加高,上櫃,0.0,0.0,0.0,2374424.0,107041215.0
8183,精星,上櫃,0.0,0.0,0.0,-30636.0,0.0
8227,巨有科技,上櫃,0.0,0.0,0.0,-342934.0,39543000.0
8234,新漢,上櫃,0.0,0.0,0.0,-194168.0,141226472.0
8240,華宏,上櫃,0.0,0.0,0.0,4734.0,100004414.0
8255,朋程,上櫃,0.0,0.0,0.0,-73747.0,101961041.0
8277,商丞,上櫃,0.0,0.0,0.0,22000.0,39500000.0
8279,生展,上櫃,0.0,0.0,0.0,3000.0,27100851.0
8284,三竹,上櫃,0.0,0.0,0.0,4000.0,47303000.0
8289,泰藝,上櫃,0.0,0.0,0.0,717568.0,68333765.0
8299,群聯,上櫃,0.0,0.0,0.0,-645009.0,221165247.0
8349,恒耀,上櫃,0.0,0.0,0.0,-1000.0,208821391.0
8354,冠好,上櫃,0.0,0.0,0.0,42851.0,78532263.0
8358,金居,上櫃,0.0,0.0,0.0,-2224357.0,252588000.0
8383,千附,上櫃,0.0,0.0,0.0,-848007.0,113760482.0
8390,金益鼎,上櫃,0.0,0.0,0.0,-336491.0,96116128.0
8401,白紗科,上櫃,0.0,0.0,0.0,-3000.0,70669058.0
8403,盛弘,上櫃,0.0,0.0,0.0,-17000.0,137640343.0
8410,森田,上櫃,0.0,0.0,0.0,-11000.0,36589200.0
8415,大國鋼,上櫃,0.0,0.0,0.0,-38000.0,1031500000.0
8416,實威,上櫃,0.0,0.0,0.0,-2000.0,28210710.0
8421,旭源,上櫃,0.0,0.0,0.0,-3000.0,54817140.0
8423,保綠-KY,上櫃,0.0,0.0,0.0,1000.0,41714030.0
8424,惠普,上櫃,0.0,0.0,0.0,6000.0,36054368.0
8426,紅木-KY,上櫃,0.0,0.0,0.0,1781.0,50242500.0
8431,匯鑽科,上櫃,0.0,0.0,0.0,-44400.0,48778331.0
8432,東生華,上櫃,0.0,0.0,0.0,2514.0,38398140.0
8433,弘帆,上櫃,0.0,0.0,0.0,5000.0,54506098.0
8435,鉅邁,上櫃,0.0,0.0,0.0,-5000.0,35200450.0
8436,大江,上櫃,0.0,0.0,0.0,-706911.0,117728830.0
8437,大地-KY,上櫃,0.0,0.0,0.0,-5678.0,47014070.0
8440,綠電,上櫃,0.0,0.0,0.0,2450.0,50255299.0
8446,華研,上櫃,0.0,0.0,0.0,20000.0,52914405.0
8450,霹靂,上櫃,0.0,0.0,0.0,-8000.0,51309947.0
8455,大拓-KY,上櫃,0.0,0.0,0.0,-2000.0,25219056.0
8472,夠麻吉,上櫃,0.0,0.0,0.0,-1000.0,17735800.0
8477,創業家,上櫃,0.0,0.0,0.0,-11070.0,84170616.0
8489,三貝德,上櫃,0.0,0.0,0.0,-3000.0,59948960.0
8905,裕國,上櫃,0.0,0.0,0.0,-49.0,119440000.0
8906,花王,上櫃,0.0,0.0,0.0,0.0,44037370.0
8908,欣雄,上櫃,0.0,0.0,0.0,41400.0,315332742.0
8916,光隆,上櫃,0.0,0.0,0.0,-18000.0,148591646.0
8917,欣泰,上櫃,0.0,0.0,0.0,0.0,162652459.0
8924,大田,上櫃,0.0,0.0,0.0,126904.0,83800000.0
8927,北基,上櫃,0.0,0.0,0.0,90748.0,419068367.0
8928,鉅明,上櫃,0.0,0.0,0.0,-3000.0,50854015.0
8929,富堡,上櫃,0.0,0.0,0.0,3469.0,50580862.0
8930,青鋼,上櫃,0.0,0.0,0.0,-2000.0,81809406.0
8931,大汽電,上櫃,0.0,0.0,0.0,-18000.0,122254862.0
8932,智通*,上櫃,0.0,0.0,0.0,-706460.0,426013152.0
8933,愛地雅,上櫃,0.0,0.0,0.0,51000.0,326724305.0
8935,邦泰,上櫃,0.0,0.0,0.0,-90015.0,113495000.0
8936,國統,上櫃,0.0,0.0,0.0,-4186075.0,248078157.0
8937,合騏*,上櫃,0.0,0.0,0.0,-22000.0,441680272.0
8938,明安,上櫃,0.0,0.0,0.0,134142.0,156986490.0
8941,關中,上櫃,0.0,0.0,0.0,-1000.0,34972071.0
8942,森鉅,上櫃,0.0,0.0,0.0,-56000.0,198842255.0
9949,琉園,上櫃,0.0,0.0,0.0,-1147.0,44860763.0
9950,萬國通,上櫃,0.0,0.0,0.0,-7036.0,167716000.0
9951,皇田,上櫃,0.0,0.0,0.0,-26127.0,73300000.0
9960,邁達康,上櫃,0.0,0.0,0.0,8013.0,33592500.0
9962,有益,上櫃,0.0,0.0,0.0,-2189.0,90220260.0
