code,name,market,外資,投信,自營,三大法人,shares
2409,友達,上市,182387756.0,37459.0,14271570.0,196696785.0,7547098972.0
00632R,元大台灣50反1,上市,-17000.0,0.0,39904965.0,39887965.0,2025207730.0
2887,台新新光金,上市,27309254.0,-673825.0,649000.0,27284429.0,24866399230.0
2027,大成鋼,上市,19006000.0,0.0,2682291.0,21688291.0,2584260615.0
2002,中鋼,上市,17170553.0,0.0,-366276.0,16804277.0,15734860997.0
00990A,主動元大AI新經濟,上市,3461000.0,0.0,11952004.0,15413004.0,1851522000.0
00642U,期元大S&P石油,上市,-1374010.0,0.0,15187995.0,13813985.0,226321000.0
2481,強茂,上市,10453335.0,1780000.0,289062.0,12522397.0,382114927.0
2891,中信金,上市,8044540.0,1957893.0,2048578.0,12051011.0,19677816903.0
00993A,主動安聯台灣,上市,159300.0,0.0,11077864.0,11237164.0,1147091000.0
2344,華邦電,上市,8415701.0,2257625.0,383110.0,11056436.0,4500000193.0
00988A,主動統一全球創新,上市,4526000.0,0.0,6379854.0,10905854.0,1085437000.0
2886,兆豐金,上市,7200918.0,798142.0,2513865.0,10512925.0,14833378282.0
6213,聯茂,上市,7110568.0,508000.0,1138061.0,8756629.0,362957218.0
2883,凱基金,上市,4519515.0,-231927.0,4250801.0,8538389.0,16974847040.0
00715L,期街口布蘭特正2,上市,1047000.0,0.0,5409771.0,6456771.0,154691793.0
2892,第一金,上市,6609514.0,-16149.0,-144555.0,6448810.0,14379468650.0
1717,長興,上市,5662900.0,276000.0,413887.0,6352787.0,1172245483.0
6443,元晶,上市,6223092.0,0.0,2800.0,6225892.0,538691466.0
2834,臺企銀,上市,5963005.0,-24000.0,109000.0,6048005.0,9718061849.0
3702,大聯大,上市,3924561.0,1272000.0,598863.0,5795424.0,1679056833.0
3576,聯合再生,上市,5766000.0,0.0,1000.0,5767000.0,1627795375.0
2880,華南金,上市,2523125.0,-50000.0,2902807.0,5375932.0,13916965089.0
00934,中信成長高股息,上市,2317000.0,0.0,3043599.0,5360599.0,440526000.0
3481,群創,上市,4772545.0,109353.0,420337.0,5302235.0,7989197337.0
2337,旺宏,上市,1697352.0,491000.0,2491224.0,4679576.0,1855826441.0
5243,乙盛-KY,上市,4418782.0,0.0,250392.0,4669174.0,168528915.0
00708L,期元大S&P黃金正2,上市,698000.0,0.0,3884204.0,4582204.0,114573000.0
00635U,期元大S&P黃金,上市,361220.0,0.0,4095175.0,4456395.0,331514000.0
2618,長榮航,上市,2342483.0,591215.0,1449430.0,4383128.0,5400444335.0
00991A,主動復華未來50,上市,2596678.0,0.0,1689315.0,4285993.0,2235916000.0
00939,統一台灣高息動能,上市,1979000.0,0.0,2177382.0,4156382.0,1473976000.0
8039,台虹,上市,3623845.0,0.0,330131.0,3953976.0,256650999.0
2890,永豐金,上市,1505274.0,226809.0,2132938.0,3865021.0,14502322275.0
8046,南電,上市,2130200.0,1144000.0,239156.0,3513356.0,646165487.0
2812,台中銀,上市,3319601.0,-8000.0,-83000.0,3228601.0,6021625921.0
1216,統一,上市,2012470.0,-59000.0,1264558.0,3218028.0,5682015421.0
00713,元大台灣高息低波,上市,551.0,0.0,3036226.0,3036777.0,2265012000.0
00830,國泰費城半導體,上市,1108891.0,0.0,1779226.0,2888117.0,811965000.0
00995A,主動中信台灣卓越,上市,8000.0,0.0,2857310.0,2865310.0,324535000.0
2887I,台新新光辛特,上市,2844000.0,0.0,0.0,2844000.0,3096420552.0
6116,彩晶,上市,2685000.0,0.0,142547.0,2827547.0,2858654851.0
3711,日月光投控,上市,-476300.0,3193360.0,-54824.0,2662236.0,4422175232.0
3045,台灣大,上市,1099150.0,471261.0,879000.0,2449411.0,3723261811.0
4960,誠美材,上市,2270051.0,0.0,104054.0,2374105.0,571705388.0
00915,凱基優選高股息30,上市,406000.0,0.0,1868034.0,2274034.0,821483000.0
3167,大量,上市,674474.0,1578000.0,-68951.0,2183523.0,89185209.0
2884,玉山金,上市,-60179.0,-206375.0,2345421.0,2078867.0,16174000000.0
8438,昶昕,上市,1960000.0,-1000.0,7554.0,1966554.0,69943000.0
2406,國碩,上市,1964119.0,0.0,-18559.0,1945560.0,350905689.0
3049,精金,上市,2016600.0,0.0,-97824.0,1918776.0,802010529.0
00676R,富邦臺灣加權反1,上市,30000.0,0.0,1862507.0,1892507.0,144333683.0
00994A,主動第一金台股優,上市,683000.0,0.0,1093802.0,1776802.0,122190000.0
00763U,期街口道瓊銅,上市,289000.0,0.0,1369041.0,1658041.0,74565000.0
2101,南港,上市,1491366.0,0.0,56387.0,1547753.0,733934904.0
1589,永冠-KY,上市,1521952.0,0.0,0.0,1521952.0,153135941.0
00945B,凱基美國非投等債,上市,645000.0,0.0,824881.0,1469881.0,878818000.0
2867,三商壽,上市,1416000.0,0.0,2000.0,1418000.0,5899501044.0
00917,中信特選金融,上市,-96000.0,0.0,1494240.0,1398240.0,71478000.0
00664R,國泰臺灣加權反1,上市,0.0,0.0,1387363.0,1387363.0,775075000.0
2912,統一超,上市,1410045.0,-52000.0,1031.0,1359076.0,1039622255.0
1102,亞泥,上市,88743.0,87286.0,1134000.0,1310029.0,3546562881.0
4938,和碩,上市,536257.0,-129920.0,895792.0,1302129.0,2682165103.0
3189,景碩,上市,1921857.0,-920000.0,283460.0,1285317.0,526925960.0
00882,中信中國高股息,上市,-154951.0,0.0,1424432.0,1269481.0,2118349000.0
2845,遠東銀,上市,1324000.0,-12000.0,-97000.0,1215000.0,4865284731.0
2897,王道銀行,上市,1289000.0,0.0,-86000.0,1203000.0,2805357878.0
6706,惠特,上市,1072000.0,0.0,115065.0,1187065.0,78548865.0
6282,康舒,上市,1635200.0,-110000.0,-340599.0,1184601.0,856029125.0
3673,TPK-KY,上市,1155193.0,0.0,28111.0,1183304.0,406663759.0
8150,南茂,上市,856913.0,115000.0,201980.0,1173893.0,704523126.0
1210,大成,上市,1110975.0,28000.0,-19867.0,1119108.0,894767222.0
2371,大同,上市,667495.0,-2000.0,449562.0,1115057.0,2150834851.0
6770,力積電,上市,846814.0,-72000.0,253913.0,1028727.0,4243803715.0
9933,中鼎,上市,1079900.0,-1000.0,-54387.0,1024513.0,900409873.0
6120,達運,上市,1020000.0,0.0,-6917.0,1013083.0,598999602.0
1904,正隆,上市,725000.0,0.0,270000.0,995000.0,1108274522.0
009811,統一美國50,上市,-120000.0,0.0,1114111.0,994111.0,370450000.0
2352,佳世達,上市,1002302.0,-70000.0,24126.0,956428.0,1580506505.0
2006,東和鋼鐵,上市,1206901.0,0.0,-258000.0,948901.0,730213818.0
8105,凌巨,上市,945000.0,0.0,-1000.0,944000.0,441544851.0
2105,正新,上市,-161538.0,-3834.0,1087204.0,921832.0,3241415536.0
7780,大研生醫*,上市,779000.0,0.0,102644.0,881644.0,810024170.0
00885,富邦越南,上市,654000.0,0.0,226829.0,880829.0,733738000.0
3036,文曄,上市,-2325792.0,2906847.0,294330.0,875385.0,1264585901.0
1905,華紙,上市,706000.0,0.0,151000.0,857000.0,1102835316.0
5876,上海商銀,上市,-720141.0,-6000.0,1575200.0,849059.0,4861603140.0
1909,榮成,上市,783408.0,0.0,49000.0,832408.0,1327685727.0
2646,星宇航空,上市,880033.0,0.0,-50000.0,830033.0,3008735000.0
4142,國光生,上市,832000.0,0.0,-20000.0,812000.0,429507750.0
009805,台新美國電力基建,上市,25000.0,0.0,784884.0,809884.0,690316000.0
6152,百一,上市,793000.0,0.0,-8000.0,785000.0,167738463.0
00900,富邦特選高股息30,上市,568500.0,0.0,214815.0,783315.0,2166525000.0
00961,FT臺灣永續高息,上市,727000.0,0.0,40248.0,767248.0,187011000.0
2393,億光,上市,716025.0,-2206.0,50831.0,764650.0,443393086.0
9958,世紀鋼,上市,736105.0,0.0,14765.0,750870.0,246896665.0
3209,全科,上市,733000.0,0.0,12000.0,745000.0,234712751.0
2347,聯強,上市,141785.0,-340.0,596632.0,738077.0,1667946968.0
6456,GIS-KY,上市,694523.0,0.0,27924.0,722447.0,337939800.0
009817,國泰日本不動產,上市,1396000.0,0.0,-703524.0,692476.0,316436000.0
4956,光鋐,上市,681000.0,0.0,713.0,681713.0,100408236.0
8021,尖點,上市,665200.0,11000.0,-8772.0,667428.0,145042467.0
3023,信邦,上市,572000.0,-3000.0,96856.0,665856.0,240069014.0
2605,新興,上市,180183.0,0.0,484192.0,664375.0,585353297.0
2467,志聖,上市,720898.0,9000.0,-80645.0,649253.0,156755348.0
00633L,富邦上証正2,上市,279000.0,0.0,366176.0,645176.0,167958000.0
2356,英業達,上市,-631370.0,396113.0,864736.0,629479.0,3587475066.0
2206,三陽工業,上市,667010.0,-31000.0,-6998.0,629012.0,783675604.0
2377,微星,上市,347516.0,51000.0,229721.0,628237.0,844856199.0
2338,光罩,上市,763020.0,0.0,-163076.0,599944.0,366849183.0
00910,第一金太空衛星,上市,219143.0,0.0,363290.0,582433.0,88439000.0
2881,富邦金,上市,-945499.0,1689663.0,-163341.0,580823.0,14007364952.0
5434,崇越,上市,404015.0,153000.0,17863.0,574878.0,191332275.0
2340,台亞,上市,513000.0,0.0,47801.0,560801.0,438622846.0
00983A,主動中信ARK創新,上市,13000.0,0.0,500624.0,513624.0,288686000.0
00965,元大航太防衛科技,上市,-15000.0,0.0,524991.0,509991.0,677492000.0
3037,欣興,上市,-1303030.0,3015978.0,-1206858.0,506090.0,1575531197.0
2349,錸德,上市,474000.0,0.0,0.0,474000.0,693679663.0
2023,燁輝,上市,461000.0,0.0,-14000.0,447000.0,1876240214.0
6830,汎銓,上市,470000.0,0.0,-41942.0,428058.0,51781846.0
1708,東鹼,上市,396000.0,0.0,11694.0,407694.0,249001651.0
2301,光寶科,上市,-250881.0,88808.0,550185.0,388112.0,2316775763.0
2103,台橡,上市,400900.0,-2000.0,-19214.0,379686.0,825709978.0
00670L,富邦NASDAQ正2,上市,-37000.0,0.0,413492.0,376492.0,93145000.0
6909,創控,上市,347000.0,0.0,14317.0,361317.0,67222200.0
00960,野村全球航運龍頭,上市,-2000.0,0.0,362985.0,360985.0,82495000.0
00639,富邦深100,上市,-7000.0,0.0,367190.0,360190.0,122403000.0
2851,中再保,上市,357000.0,0.0,-2933.0,354067.0,800388750.0
009818,華南永昌NASDAQxT,上市,0.0,0.0,351104.0,351104.0,106652000.0
4919,新唐,上市,367950.0,-5000.0,-22722.0,340228.0,419765268.0
00893,國泰智能電動車,上市,-42000.0,0.0,381415.0,339415.0,395884000.0
2497,怡利電,上市,329000.0,-1000.0,10000.0,338000.0,130887676.0
1723,中碳,上市,116000.0,0.0,217000.0,333000.0,236904480.0
2883B,凱基金乙特,上市,833000.0,0.0,-520000.0,313000.0,1582142374.0
00949,復華日本龍頭,上市,30000.0,0.0,280015.0,310015.0,209428000.0
2102,泰豐,上市,311000.0,0.0,-1000.0,310000.0,473329207.0
3443,創意,上市,82611.0,233197.0,-16027.0,299781.0,134011911.0
6505,台塑化,上市,514078.0,0.0,-215614.0,298464.0,9525959652.0
3533,嘉澤,上市,302600.0,3920.0,-8239.0,298281.0,112534691.0
6196,帆宣,上市,297005.0,-2000.0,-1257.0,293748.0,202204480.0
6168,宏齊,上市,219000.0,0.0,70250.0,289250.0,206069801.0
00701,國泰股利精選30,上市,55000.0,0.0,220247.0,275247.0,191891000.0
1477,聚陽,上市,204625.0,-2495.0,72742.0,274872.0,246693713.0
8464,億豐,上市,270680.0,0.0,-3000.0,267680.0,293020200.0
00936,台新永續高息中小,上市,123000.0,0.0,142161.0,265161.0,388797000.0
00733,富邦臺灣中小,上市,172009.0,0.0,85814.0,257823.0,99966000.0
1471,首利,上市,256000.0,0.0,0.0,256000.0,150414536.0
1229,聯華,上市,265000.0,0.0,-12028.0,252972.0,1795960668.0
6209,今國光,上市,240000.0,-3000.0,14980.0,251980.0,174429171.0
2104,國際中橡,上市,241000.0,0.0,6999.0,247999.0,984733625.0
6269,台郡,上市,221000.0,0.0,22653.0,243653.0,323831481.0
00984D,主動聯博全球非投,上市,2000.0,0.0,241000.0,243000.0,136557000.0
2426,鼎元,上市,-20200.0,0.0,259096.0,238896.0,300622252.0
00932,兆豐永續高息等權,上市,30000.0,0.0,202198.0,232198.0,208783000.0
5608,四維航,上市,239000.0,0.0,-10000.0,229000.0,389271614.0
2351,順德,上市,407000.0,0.0,-180719.0,226281.0,182140249.0
1786,科妍,上市,233100.0,0.0,-9588.0,223512.0,72191688.0
00981T,平衡凱基雙核收息,上市,-3000.0,0.0,222541.0,219541.0,187761000.0
2332,友訊,上市,188000.0,0.0,30882.0,218882.0,602242373.0
2379,瑞昱,上市,37186.0,24640.0,156321.0,218147.0,515512641.0
2903,遠百,上市,260000.0,4000.0,-51000.0,213000.0,1416940589.0
4904,遠傳,上市,-239745.0,517244.0,-76297.0,201202.0,3607025357.0
00640L,富邦日本正2,上市,-46700.0,0.0,243932.0,197232.0,13419000.0
00692,富邦公司治理,上市,74000.0,0.0,120156.0,194156.0,644280000.0
009800,中信NASDAQ,上市,-11800.0,0.0,203262.0,191462.0,312391000.0
4764,雙鍵,上市,215000.0,0.0,-28774.0,186226.0,85542062.0
00903,富邦元宇宙,上市,-428000.0,0.0,612518.0,184518.0,62221000.0
00898,國泰基因免疫革命,上市,148000.0,0.0,28292.0,176292.0,171976000.0
2030,彰源,上市,179000.0,0.0,-5083.0,173917.0,280526027.0
2312,金寶,上市,218200.0,0.0,-48561.0,169639.0,1504839211.0
3705,永信,上市,178000.0,0.0,-9000.0,169000.0,266422983.0
3701,大眾控,上市,168900.0,-2000.0,2000.0,168900.0,236526612.0
3026,禾伸堂,上市,217510.0,0.0,-50278.0,167232.0,165890318.0
2015,豐興,上市,163000.0,0.0,1000.0,164000.0,581599424.0
2548,華固,上市,106000.0,0.0,57461.0,163461.0,319718697.0
6531,愛普*,上市,198255.0,14000.0,-49453.0,162802.0,162492232.0
1809,中釉,上市,162000.0,0.0,655.0,162655.0,167041937.0
00634R,富邦上証反1,上市,0.0,0.0,162000.0,162000.0,47256000.0
1337,再生-KY,上市,176000.0,0.0,-14000.0,162000.0,268954729.0
2388,威盛,上市,213000.0,-8000.0,-43425.0,161575.0,555600941.0
1907,永豐餘,上市,135000.0,0.0,22000.0,157000.0,1660371495.0
8131,福懋科,上市,172000.0,-3000.0,-14144.0,154856.0,442222223.0
9945,潤泰新,上市,185600.0,0.0,-33123.0,152477.0,2844225086.0
6491,晶碩,上市,144599.0,5000.0,650.0,150249.0,78000000.0
1310,台苯,上市,62000.0,0.0,86759.0,148759.0,527869764.0
00938,凱基優選30,上市,39900.0,0.0,108361.0,148261.0,88516000.0
7822,倍利科,上市,138410.0,0.0,9000.0,147410.0,45560763.0
1903,士紙,上市,133000.0,0.0,13741.0,146741.0,260039121.0
2461,光群雷,上市,146999.0,0.0,-1000.0,145999.0,173617284.0
00986A,主動台新龍頭成長,上市,-10000.0,0.0,152110.0,142110.0,49327000.0
2072,世紀風電,上市,140699.0,0.0,-677.0,140022.0,192000000.0
3312,弘憶股,上市,134000.0,0.0,6000.0,140000.0,182626815.0
009803,玉山市值動能50,上市,364000.0,0.0,-224716.0,139284.0,135328000.0
6589,台康生技,上市,135000.0,0.0,3000.0,138000.0,306881302.0
00983D,主動富邦複合收益,上市,-7000.0,0.0,144782.0,137782.0,102197000.0
8454,富邦媒,上市,136628.0,1498.0,-1000.0,137126.0,264975275.0
2364,倫飛,上市,132000.0,0.0,1301.0,133301.0,52388648.0
1720,生達,上市,128000.0,0.0,4686.0,132686.0,178696089.0
2031,新光鋼,上市,137500.0,0.0,-5000.0,132500.0,321146341.0
00902,中信電池及儲能,上市,-558000.0,0.0,690057.0,132057.0,293497000.0
6658,聯策,上市,132000.0,0.0,-309.0,131691.0,36370000.0
00954,中信日本半導體,上市,67050.0,0.0,64151.0,131201.0,118747000.0
3563,牧德,上市,139600.0,0.0,-8689.0,130911.0,63960858.0
1514,亞力,上市,158500.0,0.0,-28598.0,129902.0,273108473.0
6446,藥華藥,上市,110735.0,-1000.0,17885.0,127620.0,379909370.0
2383,台光電,上市,-19797.0,177129.0,-35257.0,122075.0,346773599.0
6592,和潤企業,上市,130100.0,-1000.0,-7327.0,121773.0,623150493.0
2243,宏旭-KY,上市,113000.0,0.0,8000.0,121000.0,69373596.0
00982T,平衡兆豐台美動能,上市,0.0,0.0,119278.0,119278.0,24597000.0
2540,愛山林,上市,99000.0,0.0,18000.0,117000.0,944873965.0
1323,永裕,上市,106636.0,0.0,6061.0,112697.0,91274554.0
00926,凱基全球菁英55,上市,-1000.0,0.0,112224.0,111224.0,91482000.0
3535,晶彩科,上市,110000.0,0.0,-1000.0,109000.0,79052356.0
9907,統一實,上市,104000.0,3320.0,100.0,107420.0,1579145342.0
6670,復盛應用,上市,8005.0,97460.0,681.0,106146.0,139386973.0
00636,國泰中國A50,上市,-23000.0,0.0,128139.0,105139.0,117325000.0
2376,技嘉,上市,-138221.0,9091.0,231887.0,102757.0,669888886.0
00941,中信上游半導體,上市,-1626991.0,0.0,1728970.0,101979.0,489791000.0
2457,飛宏,上市,94000.0,0.0,7205.0,101205.0,424772416.0
00943,兆豐電子高息等權,上市,477000.0,0.0,-376775.0,100225.0,43389000.0
4164,承業醫,上市,100000.0,0.0,-1954.0,98046.0,185711966.0
4927,泰鼎-KY,上市,93716.0,0.0,3149.0,96865.0,264937988.0
6789,采鈺,上市,109878.0,0.0,-13179.0,96699.0,318299119.0
7610,聯友金屬-創,上市,93000.0,0.0,1133.0,94133.0,48585456.0
1718,中纖,上市,110000.0,0.0,-16209.0,93791.0,1685905745.0
2634,漢翔,上市,67000.0,0.0,26426.0,93426.0,941867101.0
00643,群益深証中小,上市,-66000.0,0.0,157988.0,91988.0,91073000.0
5269,祥碩,上市,97919.0,4000.0,-10224.0,91695.0,74777129.0
3005,神基,上市,-204334.0,0.0,295411.0,91077.0,620215900.0
1316,上曜,上市,102000.0,0.0,-11299.0,90701.0,367089019.0
5225,東科-KY,上市,90100.0,0.0,-19.0,90081.0,78416677.0
00895,富邦未來車,上市,-113000.0,0.0,202800.0,89800.0,165916000.0
2355,敬鵬,上市,134030.0,-4013.0,-40538.0,89479.0,397495420.0
00850,元大臺灣ESG永續,上市,111000.0,20000.0,-41818.0,89182.0,434944000.0
3583,辛耘,上市,78935.0,0.0,9963.0,88898.0,80328000.0
6806,森崴能源,上市,88000.0,0.0,-1000.0,87000.0,274642902.0
2597,潤弘,上市,88938.0,-1000.0,-4000.0,83938.0,310716000.0
00971,野村美國研發龍頭,上市,-7000.0,0.0,90814.0,83814.0,86177000.0
020030,統一智慧電動車N,上市,0.0,0.0,83000.0,83000.0,0.0
2820,華票,上市,58000.0,8000.0,16000.0,82000.0,1342960000.0
1527,鑽全,上市,78000.0,0.0,3000.0,81000.0,138570640.0
3024,憶聲,上市,77000.0,0.0,2000.0,79000.0,277157496.0
7769,鴻勁,上市,68987.0,43000.0,-33066.0,78921.0,179930000.0
1449,佳和,上市,65960.0,0.0,12763.0,78723.0,127114572.0
2323,中環,上市,118000.0,0.0,-41036.0,76964.0,1089348328.0
2258,鴻華先進-創,上市,90000.0,0.0,-14974.0,75026.0,1741314000.0
3056,富華新,上市,71500.0,0.0,3000.0,74500.0,480555051.0
8222,寶一,上市,74225.0,0.0,0.0,74225.0,68573500.0
4566,時碩工業,上市,66000.0,0.0,6218.0,72218.0,109954742.0
6451,訊芯-KY,上市,83000.0,0.0,-11070.0,71930.0,107464800.0
6164,華興,上市,68000.0,0.0,2000.0,70000.0,80000000.0
3011,今皓,上市,69000.0,0.0,1000.0,70000.0,129646851.0
2345,智邦,上市,-242736.0,394500.0,-81821.0,69943.0,561117897.0
6442,光聖,上市,-88800.0,152000.0,6313.0,69513.0,78073288.0
4576,大銀微系統,上市,32000.0,0.0,37104.0,69104.0,119801848.0
1906,寶隆,上市,65000.0,0.0,1821.0,66821.0,151000000.0
00962,台新AI優息動能,上市,159000.0,0.0,-92763.0,66237.0,52420000.0
6805,富世達,上市,-63419.0,180000.0,-51273.0,65308.0,68553896.0
6672,騰輝電子-KY,上市,65000.0,0.0,-1130.0,63870.0,71434745.0
6541,泰福-KY,上市,64000.0,0.0,-1000.0,63000.0,264680367.0
6585,鼎基,上市,59000.0,0.0,3000.0,62000.0,72133587.0
6838,台新藥,上市,61000.0,0.0,-30.0,60970.0,150977100.0
2402,毅嘉,上市,-145132.0,-4000.0,209734.0,60602.0,307536533.0
00920,富邦ESG綠色電力,上市,-165000.0,0.0,225543.0,60543.0,19280000.0
2466,冠西電,上市,62000.0,-3000.0,0.0,59000.0,173458697.0
00982D,主動富邦動態入息,上市,28000.0,0.0,30000.0,58000.0,91729000.0
5515,建國,上市,60000.0,0.0,-2236.0,57764.0,201600084.0
9934,成霖,上市,56000.0,0.0,1000.0,57000.0,411016962.0
2427,三商電,上市,57000.0,0.0,0.0,57000.0,197301339.0
2038,海光,上市,56000.0,0.0,-1000.0,55000.0,194134303.0
2069,運錩,上市,39000.0,0.0,16000.0,55000.0,166386836.0
9939,宏全,上市,14000.0,0.0,40096.0,54096.0,295786475.0
4746,台耀,上市,73000.0,0.0,-18926.0,54074.0,120255963.0
2348,海悅,上市,18000.0,0.0,35832.0,53832.0,151898853.0
3092,鴻碩,上市,47000.0,0.0,6000.0,53000.0,106552030.0
2913,農林,上市,59000.0,0.0,-6179.0,52821.0,790000000.0
4739,康普,上市,82000.0,0.0,-29404.0,52596.0,124649269.0
00762,元大全球AI,上市,1000.0,0.0,51377.0,52377.0,51248000.0
6573,虹揚-KY,上市,63000.0,0.0,-11000.0,52000.0,80499345.0
1217,愛之味,上市,50000.0,0.0,2000.0,52000.0,494513336.0
6582,申豐,上市,52000.0,0.0,0.0,52000.0,106174141.0
00731,復華富時高息低波,上市,-4000.0,0.0,55777.0,51777.0,29100000.0
2537,聯上發,上市,55000.0,0.0,-4001.0,50999.0,300557795.0
1324,地球,上市,50000.0,0.0,0.0,50000.0,75121882.0
020034,元大IC設計N,上市,0.0,0.0,50000.0,50000.0,0.0
8261,富鼎,上市,41000.0,0.0,8897.0,49897.0,118792493.0
6885,全福生技,上市,62000.0,0.0,-15000.0,47000.0,133214000.0
1219,福壽,上市,43000.0,0.0,4000.0,47000.0,341238364.0
2465,麗臺,上市,45000.0,0.0,1000.0,46000.0,93946031.0
4104,佳醫,上市,50000.0,0.0,-4060.0,45940.0,188367456.0
6854,錼創科技-KY創,上市,45000.0,0.0,-544.0,44456.0,117678622.0
6873,泓德能源,上市,73999.0,0.0,-29890.0,44109.0,141872370.0
6550,北極星藥業-KY,上市,45000.0,0.0,-1000.0,44000.0,859892688.0
6141,柏承,上市,44000.0,0.0,0.0,44000.0,113354005.0
3051,力特,上市,42000.0,0.0,2000.0,44000.0,167000000.0
1444,力麗,上市,54000.0,0.0,-11000.0,43000.0,995595059.0
00956,中信日經高股息,上市,-3000.0,0.0,45595.0,42595.0,34630000.0
020031,統一IC設計臺灣N,上市,0.0,0.0,42000.0,42000.0,0.0
6426,統新,上市,31000.0,0.0,11000.0,42000.0,38509000.0
1108,幸福,上市,41000.0,0.0,0.0,41000.0,404738049.0
4551,智伸科,上市,45000.0,0.0,-4846.0,40154.0,115222498.0
1225,福懋油,上市,42000.0,0.0,-3000.0,39000.0,242268306.0
1737,臺鹽,上市,39000.0,0.0,0.0,39000.0,200000000.0
1597,直得,上市,-27000.0,0.0,65632.0,38632.0,89261804.0
1463,強盛新,上市,42000.0,0.0,-4000.0,38000.0,173268381.0
4737,華廣,上市,38000.0,0.0,0.0,38000.0,77285253.0
3704,合勤控,上市,50000.0,0.0,-12160.0,37840.0,415444970.0
2451,創見,上市,12160.0,17870.0,7000.0,37030.0,430692675.0
00645,富邦日本,上市,458.0,0.0,35797.0,36255.0,55997000.0
8499,鼎炫-KY,上市,36000.0,0.0,-196.0,35804.0,41165557.0
8341,日友,上市,36000.0,0.0,-1001.0,34999.0,130000000.0
9103,美德醫療-DR,上市,33000.0,0.0,0.0,33000.0,205531500.0
7795,長廣,上市,45000.0,-12000.0,0.0,33000.0,78828500.0
5292,華懋,上市,34000.0,0.0,-1000.0,33000.0,42108000.0
4755,三福化,上市,34000.0,0.0,-2000.0,32000.0,100706000.0
2850,新產,上市,32000.0,0.0,-2.0,31998.0,315963300.0
2455,全新,上市,-380165.0,432000.0,-20214.0,31621.0,184905918.0
3419,譁裕,上市,32000.0,0.0,-1000.0,31000.0,120480417.0
2707,晶華,上市,35000.0,0.0,-4000.0,31000.0,127403238.0
6933,AMAX-KY,上市,24000.0,0.0,6258.0,30258.0,42384800.0
00944,野村趨勢動能高息,上市,0.0,0.0,30007.0,30007.0,70581000.0
910322,康師傅-DR,上市,30000.0,0.0,0.0,30000.0,21965402.0
1707,葡萄王,上市,31000.0,0.0,-1000.0,30000.0,148137373.0
2115,六暉-KY,上市,33000.0,0.0,-3000.0,30000.0,104373163.0
00952,凱基台灣AI50,上市,232000.0,0.0,-202092.0,29908.0,227275000.0
6890,來億-KY,上市,31742.0,0.0,-2000.0,29742.0,249400000.0
2929,淘帝-KY,上市,30000.0,0.0,-1000.0,29000.0,109493838.0
3027,盛達,上市,29000.0,0.0,0.0,29000.0,130100549.0
1760,寶齡富錦,上市,29000.0,0.0,0.0,29000.0,85739013.0
1231,聯華食,上市,29000.0,0.0,-200.0,28800.0,298454475.0
2204,中華,上市,6000.0,23710.0,-1000.0,28710.0,553620342.0
9919,康那香,上市,28000.0,0.0,0.0,28000.0,195362750.0
9917,中保科,上市,38900.0,-4000.0,-7000.0,27900.0,451197093.0
2748,雲品,上市,28000.0,0.0,-1000.0,27000.0,105778740.0
2425,承啟,上市,20000.0,0.0,6000.0,26000.0,96498831.0
9924,福興,上市,23000.0,0.0,3000.0,26000.0,150761736.0
00647L,元大S&P500正2,上市,-16000.0,0.0,41924.0,25924.0,7416000.0
00757,統一FANG+,上市,-127373.0,0.0,152575.0,25202.0,340994000.0
2705,六福,上市,25000.0,0.0,0.0,25000.0,191312830.0
009810,玉山全球藍籌100,上市,-1000.0,0.0,25106.0,24106.0,23654000.0
3413,京鼎,上市,11700.0,14000.0,-1624.0,24076.0,108022907.0
6526,達發,上市,26174.0,-1000.0,-1932.0,23242.0,167505554.0
6165,浪凡,上市,30000.0,0.0,-7000.0,23000.0,77752623.0
2636,台驊控股,上市,25000.0,0.0,-2184.0,22816.0,141835230.0
1201,味全,上市,48000.0,0.0,-25323.0,22677.0,506062914.0
9911,櫻花,上市,35000.0,0.0,-12742.0,22258.0,222389584.0
0055,元大MSCI金融,上市,11015.0,0.0,11126.0,22141.0,80154000.0
00638R,元大滬深300反1,上市,0.0,0.0,22020.0,22020.0,26948000.0
6277,宏正,上市,26000.0,0.0,-4940.0,21060.0,119471166.0
020029,元大ESG高股息N,上市,0.0,0.0,21000.0,21000.0,0.0
6552,易華電,上市,21000.0,0.0,0.0,21000.0,83000000.0
3665,貿聯-KY,上市,-521934.0,566114.0,-23331.0,20849.0,193969420.0
00963,中信全球高股息,上市,-1173000.0,0.0,1193506.0,20506.0,89433000.0
1517,利奇,上市,-5000.0,0.0,25476.0,20476.0,220000007.0
00656R,國泰中國A50反1,上市,0.0,0.0,20010.0,20010.0,20357000.0
00921,兆豐龍頭等權重,上市,40000.0,0.0,-20460.0,19540.0,71270000.0
8463,潤泰材,上市,19000.0,0.0,0.0,19000.0,150000000.0
6742,澤米,上市,19000.0,0.0,0.0,19000.0,71267948.0
1725,元禎,上市,23000.0,0.0,-4000.0,19000.0,181829978.0
2613,中櫃,上市,20000.0,0.0,-1000.0,19000.0,148423458.0
4590,富田-創,上市,16000.0,0.0,2107.0,18107.0,54838400.0
6937,天虹,上市,18000.0,-1000.0,748.0,17748.0,67655263.0
2303,聯電,上市,-3790349.0,1610000.0,2197746.0,17397.0,12578524619.0
2390,云辰,上市,17000.0,0.0,0.0,17000.0,192619442.0
3338,泰碩,上市,20000.0,0.0,-3000.0,17000.0,87908141.0
6472,保瑞,上市,51625.0,-52456.0,17465.0,16634.0,127414270.0
3557,嘉威,上市,16000.0,0.0,0.0,16000.0,84315435.0
2424,隴華,上市,17000.0,0.0,-1000.0,16000.0,59585000.0
1568,倉佑,上市,19000.0,0.0,-3000.0,16000.0,103086559.0
0061,元大寶滬深,上市,-5000.0,0.0,20648.0,15648.0,109116000.0
00703,台新MSCI中國,上市,0.0,0.0,15482.0,15482.0,10550000.0
6271,同欣電,上市,9840.0,0.0,5272.0,15112.0,209058024.0
7730,暉盛-創,上市,21000.0,0.0,-5951.0,15049.0,36796731.0
6534,正瀚-創,上市,9000.0,0.0,6000.0,15000.0,102800000.0
2524,京城,上市,15000.0,0.0,0.0,15000.0,365983545.0
2608,嘉里大榮,上市,15000.0,0.0,-378.0,14622.0,467000498.0
00852L,國泰美國道瓊正2,上市,2000.0,0.0,12609.0,14609.0,8865000.0
00678,群益那斯達克生技,上市,0.0,0.0,14596.0,14596.0,7948000.0
00908,富邦入息REITs+,上市,-56000.0,0.0,70538.0,14538.0,38916000.0
00655L,國泰中國A50正2,上市,18000.0,0.0,-3722.0,14278.0,84458000.0
00875,國泰網路資安,上市,-11000.0,0.0,25198.0,14198.0,13488000.0
9942,茂順,上市,13000.0,0.0,1000.0,14000.0,83161320.0
6914,阜爾運通,上市,9000.0,0.0,4000.0,13000.0,66226000.0
6861,睿生光電,上市,13000.0,0.0,-1.0,12999.0,41531650.0
8478,東哥遊艇,上市,13000.0,0.0,-22.0,12978.0,93972276.0
2250,IKKA-KY,上市,9000.0,0.0,3293.0,12293.0,36388226.0
00783,富邦中証500,上市,0.0,0.0,12037.0,12037.0,10531000.0
9918,欣天然,上市,12000.0,0.0,0.0,12000.0,180537453.0
1732,毛寶,上市,10000.0,0.0,2000.0,12000.0,42443957.0
6183,關貿,上市,12000.0,0.0,-787.0,11213.0,150000000.0
5607,遠雄港,上市,11000.0,0.0,0.0,11000.0,370552913.0
4555,氣立,上市,10000.0,0.0,1000.0,11000.0,69984037.0
6645,金萬林-創,上市,6000.0,0.0,5000.0,11000.0,60864050.0
9937,全國,上市,13000.0,0.0,-2000.0,11000.0,309043000.0
00736,國泰新興市場,上市,0.0,0.0,11000.0,11000.0,6727000.0
8374,羅昇,上市,11000.0,0.0,-474.0,10526.0,112250487.0
6112,邁達特,上市,21000.0,0.0,-10723.0,10277.0,188357336.0
1232,大統益,上市,11000.0,0.0,-1000.0,10000.0,159974915.0
5484,慧友,上市,11000.0,-1000.0,-24.0,9976.0,66801000.0
4119,旭富,上市,9000.0,0.0,7.0,9007.0,119508634.0
2247,汎德永業,上市,9000.0,0.0,0.0,9000.0,80708735.0
2248,華勝-KY,上市,7000.0,0.0,2000.0,9000.0,47600000.0
006205,富邦上証,上市,-2000.0,0.0,10633.0,8633.0,106439000.0
1776,展宇,上市,4000.0,0.0,4000.0,8000.0,60106952.0
1539,巨庭,上市,-1000.0,0.0,9000.0,8000.0,65370000.0
2739,寒舍,上市,8000.0,0.0,0.0,8000.0,91526000.0
2702,華園,上市,9000.0,0.0,-1000.0,8000.0,156613249.0
3712,永崴投控,上市,8000.0,0.0,-414.0,7586.0,246242146.0
00972,野村日本動能高息,上市,0.0,0.0,7509.0,7509.0,20672000.0
7740,熙特爾-創,上市,8000.0,0.0,-1000.0,7000.0,53200000.0
7791,皇家可口,上市,7000.0,0.0,0.0,7000.0,80000000.0
5533,皇鼎,上市,6000.0,0.0,1000.0,7000.0,285244944.0
6283,淳安,上市,6000.0,0.0,1000.0,7000.0,148981343.0
6957,裕慶-KY,上市,8000.0,0.0,-1000.0,7000.0,55512950.0
3607,谷崧,上市,9000.0,0.0,-2000.0,7000.0,121662239.0
2881C,富邦金丙特,上市,7000.0,0.0,0.0,7000.0,333330000.0
3257,虹冠電,上市,8000.0,-1000.0,0.0,7000.0,79823590.0
2397,友通,上市,7000.0,0.0,-1000.0,6000.0,114488857.0
1733,五鼎,上市,6000.0,0.0,0.0,6000.0,99950192.0
1453,大將,上市,2000.0,0.0,4000.0,6000.0,113243048.0
00717,富邦美國特別股,上市,-8000.0,0.0,14000.0,6000.0,142605000.0
3003,健和興,上市,-1000.0,0.0,6340.0,5340.0,155654890.0
1467,南緯,上市,-2000.0,0.0,7000.0,5000.0,233624667.0
1321,大洋,上市,5000.0,0.0,0.0,5000.0,227228268.0
2645,長榮航太,上市,6024.0,-80000.0,78793.0,4817.0,374570962.0
3406,玉晶光,上市,5320.0,-1000.0,442.0,4762.0,112743063.0
00989A,主動摩根美國科技,上市,161000.0,0.0,-156614.0,4386.0,122117000.0
6790,永豐實,上市,4000.0,0.0,0.0,4000.0,267129021.0
6794,向榮生技,上市,4000.0,0.0,0.0,4000.0,63567000.0
6641,基士德-KY,上市,4000.0,0.0,0.0,4000.0,36500000.0
6657,華安,上市,-1000.0,0.0,5000.0,4000.0,88658000.0
3679,新至陞,上市,4000.0,0.0,0.0,4000.0,63022229.0
1506,正道,上市,0.0,0.0,4000.0,4000.0,300388501.0
1218,泰山,上市,2000.0,0.0,2000.0,4000.0,499999038.0
3002,歐格,上市,4000.0,0.0,-69.0,3931.0,102000000.0
00702,國泰標普低波高息,上市,0.0,0.0,3638.0,3638.0,6688000.0
00668,國泰美國道瓊,上市,-1000.0,0.0,4592.0,3592.0,11533000.0
00700,富邦恒生國企,上市,-1000.0,0.0,4491.0,3491.0,37483000.0
2488,漢平,上市,13000.0,0.0,-9663.0,3337.0,79999433.0
4952,凌通,上市,0.0,0.0,3230.0,3230.0,108815816.0
5258,虹堡,上市,3000.0,0.0,0.0,3000.0,110364894.0
6136,富爾特,上市,-1000.0,0.0,4000.0,3000.0,115536412.0
6201,亞弘電,上市,2000.0,0.0,1000.0,3000.0,89200000.0
020028,元大特選電動車N,上市,0.0,0.0,3000.0,3000.0,0.0
01007T,兆豐國泰R2,上市,3000.0,0.0,0.0,3000.0,0.0
1805,寶徠,上市,5000.0,0.0,-2000.0,3000.0,134970455.0
2314,台揚,上市,3000.0,0.0,0.0,3000.0,106126422.0
2432,倚天酷碁-創,上市,-3000.0,0.0,6000.0,3000.0,61860000.0
5284,jpp-KY,上市,-16000.0,0.0,18279.0,2279.0,50928860.0
6666,羅麗芬-KY,上市,2000.0,0.0,0.0,2000.0,47388000.0
6504,南六,上市,2000.0,0.0,0.0,2000.0,72600000.0
6792,詠業,上市,1000.0,0.0,1000.0,2000.0,47875325.0
6955,邦睿生技-創,上市,0.0,0.0,2000.0,2000.0,24800785.0
2901,欣欣,上市,2000.0,0.0,0.0,2000.0,73043283.0
2906,高林,上市,2000.0,0.0,0.0,2000.0,209116648.0
3038,全台,上市,7000.0,0.0,-5000.0,2000.0,157407603.0
2911,麗嬰房,上市,0.0,0.0,1171.0,1171.0,105125999.0
006207,復華滬深,上市,-4000.0,0.0,5162.0,1162.0,23892000.0
1447,力鵬,上市,1000.0,0.0,0.0,1000.0,910071242.0
3494,誠研,上市,1000.0,0.0,0.0,1000.0,94800000.0
3518,柏騰,上市,1000.0,0.0,0.0,1000.0,102662230.0
6908,宏碁遊戲-創,上市,0.0,0.0,1000.0,1000.0,37180000.0
6931,青松健康,上市,1000.0,0.0,0.0,1000.0,66152160.0
6230,尼得科超眾,上市,1000.0,0.0,0.0,1000.0,86343396.0
4155,訊映,上市,1000.0,0.0,0.0,1000.0,144814164.0
6906,現觀科,上市,1000.0,0.0,0.0,1000.0,33537400.0
00707R,期元大S&P日圓反1,上市,0.0,0.0,1000.0,1000.0,5855000.0
2380,虹光,上市,1000.0,0.0,0.0,1000.0,216934084.0
5283,禾聯碩,上市,1000.0,0.0,0.0,1000.0,87600510.0
2462,良得電,上市,0.0,0.0,401.0,401.0,150144074.0
3308,聯德,上市,-3000.0,0.0,3381.0,381.0,60000000.0
00851,台新全球AI,上市,0.0,0.0,231.0,231.0,6025000.0
00711B,復華彭博新興債,上市,-59400.0,0.0,59553.0,153.0,1006261000.0
006204,永豐臺灣加權,上市,0.0,0.0,150.0,150.0,1500000.0
00775B,台新投等債15+,上市,0.0,0.0,30.0,30.0,232100000.0
00681R,元大美債20反1,上市,0.0,0.0,0.0,0.0,7594000.0
8411,福貞-KY,上市,-2000.0,0.0,2000.0,0.0,218404319.0
8467,波力-KY,上市,0.0,0.0,0.0,0.0,48373575.0
8482,商億-KY,上市,0.0,0.0,0.0,0.0,107444000.0
4190,佐登-KY,上市,-1000.0,0.0,1000.0,0.0,61444112.0
4439,冠星-KY,上市,0.0,0.0,0.0,0.0,38035800.0
4440,宜新實業,上市,-1000.0,0.0,1000.0,0.0,67598000.0
5546,永固-KY,上市,0.0,0.0,0.0,0.0,82353402.0
6698,旭暉應材,上市,-1000.0,0.0,1000.0,0.0,66389753.0
00657K,國泰日經225+U,上市,0.0,0.0,0.0,0.0,2900.0
00636K,國泰中國A50+U,上市,0.0,0.0,0.0,0.0,62100.0
00668K,國泰美國道瓊+U,上市,0.0,0.0,0.0,0.0,2500.0
3311,閎暉,上市,-1000.0,0.0,1000.0,0.0,100000000.0
1443,立益物流,上市,1000.0,0.0,-1000.0,0.0,135343011.0
6771,平和環保-創,上市,0.0,0.0,0.0,0.0,31179500.0
9929,秋雨,上市,0.0,0.0,0.0,0.0,101280000.0
00710B,復華彭博非投等債,上市,6000.0,0.0,-6004.0,-4.0,184261000.0
2062,橋椿,上市,-1000.0,0.0,993.0,-7.0,199994152.0
6243,迅杰,上市,0.0,0.0,-233.0,-233.0,45268841.0
4564,元翎,上市,-3000.0,0.0,2409.0,-591.0,232788303.0
4766,南寶,上市,5000.0,-2000.0,-3689.0,-689.0,120570780.0
00714,群益道瓊美國地產,上市,11000.0,0.0,-11990.0,-990.0,24567000.0
00689R,國泰20年美債反1,上市,0.0,0.0,-1000.0,-1000.0,6889000.0
020020,元大台股領航N,上市,0.0,0.0,-1000.0,-1000.0,0.0
020039,元大加權N,上市,0.0,0.0,-1000.0,-1000.0,0.0
912000,晨訊科-DR,上市,-1000.0,0.0,0.0,-1000.0,159293516.0
7736,虎山,上市,0.0,0.0,-1000.0,-1000.0,76000000.0
1470,大統新創,上市,0.0,0.0,-1000.0,-1000.0,85767000.0
3043,科風,上市,-1000.0,0.0,0.0,-1000.0,38975634.0
4560,強信-KY,上市,3000.0,0.0,-4000.0,-1000.0,68097240.0
4581,光隆精密-KY,上市,-1000.0,0.0,0.0,-1000.0,33899000.0
4133,亞諾法,上市,0.0,0.0,-1000.0,-1000.0,60553594.0
6921,嘉雨思-創,上市,-4000.0,0.0,3000.0,-1000.0,31836941.0
7705,三商餐飲,上市,-1000.0,0.0,0.0,-1000.0,66067304.0
2109,華豐,上市,-1000.0,0.0,0.0,-1000.0,279349134.0
2254,巨鎧精密-創,上市,-1000.0,0.0,0.0,-1000.0,63907680.0
1783,和康生,上市,-13000.0,0.0,12000.0,-1000.0,89680115.0
1752,南光,上市,-1000.0,0.0,0.0,-1000.0,100988472.0
1203,味王,上市,-2000.0,0.0,1000.0,-1000.0,240000000.0
1465,偉全,上市,-1000.0,0.0,0.0,-1000.0,103607267.0
3164,景岳,上市,-1000.0,0.0,0.0,-1000.0,86010364.0
2904,匯僑,上市,-1000.0,0.0,0.0,-1000.0,77834432.0
2838A,聯邦銀甲特,上市,-1000.0,0.0,0.0,-1000.0,200000000.0
2509,全坤建,上市,-1000.0,0.0,0.0,-1000.0,224550530.0
2433,互盛電,上市,-1000.0,0.0,0.0,-1000.0,144496011.0
2423,固緯,上市,-1000.0,0.0,0.0,-1000.0,145047289.0
6807,峰源-KY,上市,-1000.0,0.0,0.0,-1000.0,54000000.0
6592B,和潤企業乙特,上市,-1000.0,0.0,0.0,-1000.0,50000000.0
6952,大武山,上市,-1000.0,0.0,0.0,-1000.0,68345000.0
1614,三洋電,上市,-5000.0,0.0,4000.0,-1000.0,269113406.0
1413,宏洲,上市,-1000.0,0.0,0.0,-1000.0,132112454.0
1731,美吾華,上市,-1000.0,0.0,0.0,-1000.0,132915244.0
00771,元大US高息特別股,上市,0.0,0.0,-1359.0,-1359.0,14225000.0
8103,瀚荃,上市,4030.0,0.0,-5688.0,-1658.0,78436671.0
00660,元大歐洲50,上市,256.0,0.0,-2000.0,-1744.0,8031000.0
9912,偉聯,上市,-999.0,0.0,-1000.0,-1999.0,54170569.0
9928,中視,上市,0.0,0.0,-2000.0,-2000.0,70724583.0
8488,吉源-KY,上市,-2000.0,0.0,0.0,-2000.0,73500000.0
8443,阿瘦,上市,-2000.0,0.0,0.0,-2000.0,66800000.0
1418,東華,上市,-2000.0,0.0,0.0,-2000.0,56834309.0
6918,愛派司,上市,-3000.0,0.0,1000.0,-2000.0,34571000.0
6924,榮惠-KY創,上市,2000.0,0.0,-4000.0,-2000.0,20624000.0
6674,鋐寶科技,上市,-2000.0,0.0,0.0,-2000.0,68550659.0
3716,中化控股,上市,-1000.0,0.0,-1000.0,-2000.0,149765614.0
4552,力達-KY,上市,-2000.0,0.0,0.0,-2000.0,116000000.0
5538,東明-KY,上市,-4000.0,0.0,2000.0,-2000.0,201203333.0
6189,豐藝,上市,3000.0,0.0,-5000.0,-2000.0,263779657.0
1459,聯發,上市,-3000.0,0.0,1000.0,-2000.0,358628907.0
1435,中福,上市,-2000.0,0.0,0.0,-2000.0,139780080.0
1423,利華,上市,-4000.0,0.0,2000.0,-2000.0,99648000.0
2114,鑫永銓,上市,-2000.0,0.0,0.0,-2000.0,77991707.0
2024,志聯,上市,-2000.0,0.0,0.0,-2000.0,97500000.0
2430,燦坤,上市,-2000.0,0.0,0.0,-2000.0,116800000.0
2762,世界健身-KY,上市,-2000.0,0.0,0.0,-2000.0,112500000.0
1315,達新,上市,-1000.0,0.0,-1000.0,-2000.0,99099000.0
00737,國泰AI機器人,上市,-16000.0,0.0,13311.0,-2689.0,24538000.0
6533,晶心科,上市,-3000.0,0.0,302.0,-2698.0,50650911.0
6464,台數科,上市,-2000.0,0.0,-1000.0,-3000.0,128781532.0
6969,成信實業*-創,上市,-3000.0,0.0,0.0,-3000.0,43857189.0
6184,大豐電,上市,-3000.0,0.0,0.0,-3000.0,158261131.0
6117,迎廣,上市,-5000.0,0.0,2000.0,-3000.0,91516615.0
4994,傳奇,上市,-3000.0,0.0,0.0,-3000.0,66383400.0
4148,全宇生技-KY,上市,-2000.0,0.0,-1000.0,-3000.0,67235701.0
8487,愛爾達-創,上市,0.0,0.0,-3000.0,-3000.0,26535000.0
8481,政伸,上市,-3000.0,0.0,0.0,-3000.0,66601866.0
7732,金興精密,上市,-2000.0,0.0,-1000.0,-3000.0,64680000.0
2712,遠雄來,上市,-3000.0,0.0,0.0,-3000.0,105000000.0
2882B,國泰金乙特,上市,0.0,0.0,-3000.0,-3000.0,700000000.0
2939,永邑-KY,上市,-3000.0,0.0,0.0,-3000.0,45548665.0
2945,三商家購,上市,-3000.0,0.0,0.0,-3000.0,67500000.0
3168,眾福科,上市,-2000.0,0.0,-1000.0,-3000.0,75099649.0
2025,千興,上市,-5000.0,0.0,2000.0,-3000.0,172660536.0
1533,車王電,上市,-3000.0,0.0,0.0,-3000.0,98547486.0
1537,廣隆,上市,-3000.0,0.0,0.0,-3000.0,82062794.0
1583,程泰,上市,-4000.0,0.0,1000.0,-3000.0,109400372.0
1410,南染,上市,-3000.0,0.0,0.0,-3000.0,62000000.0
1438,三地開發,上市,-3000.0,0.0,0.0,-3000.0,111205759.0
1439,雋揚,上市,-2000.0,0.0,-1000.0,-3000.0,92000000.0
1454,台富,上市,-4000.0,0.0,1000.0,-3000.0,129833848.0
1468,昶和,上市,-1000.0,0.0,-2000.0,-3000.0,160405244.0
1512,瑞利,上市,-2000.0,0.0,-1000.0,-3000.0,98183498.0
1530,亞崴,上市,-4000.0,0.0,1000.0,-3000.0,94594171.0
1521,大億,上市,-4000.0,0.0,1000.0,-3000.0,76230000.0
9943,好樂迪,上市,-2000.0,0.0,-1000.0,-3000.0,125171510.0
7631,聚賢研發-創,上市,-3000.0,0.0,0.0,-3000.0,19800000.0
4106,雃博,上市,-4000.0,0.0,1000.0,-3000.0,100911557.0
00916,國泰全球品牌50,上市,16000.0,0.0,-19238.0,-3238.0,69419000.0
7722,LINEPAY,上市,5148.0,-8000.0,-588.0,-3440.0,68000000.0
2637,慧洋-KY,上市,15667.0,-213.0,-18921.0,-3467.0,746409199.0
2701,萬企,上市,-4000.0,0.0,0.0,-4000.0,449967838.0
2910,統領,上市,-4000.0,0.0,0.0,-4000.0,175403000.0
1472,三洋實業,上市,-3000.0,0.0,-1000.0,-4000.0,52488082.0
1474,弘裕,上市,-4000.0,0.0,0.0,-4000.0,129896969.0
1441,大東,上市,-4000.0,0.0,0.0,-4000.0,71744387.0
1233,天仁,上市,-4000.0,0.0,0.0,-4000.0,90591948.0
1235,興泰,上市,-4000.0,0.0,0.0,-4000.0,188577836.0
1558,伸興,上市,-4000.0,0.0,0.0,-4000.0,64535631.0
2008,高興昌,上市,-4000.0,0.0,0.0,-4000.0,190852293.0
2033,佳大,上市,-4000.0,0.0,0.0,-4000.0,80694536.0
6754,匯僑設計,上市,-4000.0,0.0,0.0,-4000.0,66000000.0
4807,日成-KY,上市,-4000.0,0.0,0.0,-4000.0,48996032.0
8442,威宏-KY,上市,-4000.0,0.0,0.0,-4000.0,67476465.0
9944,新麗,上市,-4000.0,0.0,0.0,-4000.0,105908100.0
4930,燦星網,上市,-4000.0,0.0,0.0,-4000.0,80000000.0
6581,鋼聯,上市,-4000.0,0.0,0.0,-4000.0,111270887.0
1730,花仙子,上市,-4000.0,0.0,0.0,-4000.0,63233851.0
6108,競國,上市,-35000.0,0.0,30717.0,-4283.0,159899311.0
0053,元大電子,上市,0.0,0.0,-4890.0,-4890.0,4988000.0
006203,元大MSCI台灣,上市,0.0,0.0,-5000.0,-5000.0,10218000.0
1817,凱撒衛,上市,-5000.0,0.0,0.0,-5000.0,72600000.0
3229,晟鈦,上市,-15000.0,0.0,10000.0,-5000.0,64263000.0
3432,台端,上市,-5000.0,0.0,0.0,-5000.0,42230000.0
2373,震旦行,上市,-5000.0,0.0,0.0,-5000.0,236202518.0
4557,永新-KY,上市,-5000.0,0.0,0.0,-5000.0,47971840.0
4572,駐龍,上市,-5000.0,0.0,0.0,-5000.0,40000000.0
3652,精聯,上市,-2000.0,0.0,-3000.0,-5000.0,75097500.0
6936,永鴻生技,上市,-5000.0,0.0,0.0,-5000.0,72759000.0
6916,華凌,上市,-6000.0,0.0,1000.0,-5000.0,67500000.0
0057,富邦摩台,上市,0.0,0.0,-5000.0,-5000.0,1527000.0
3055,蔚華科,上市,-5000.0,0.0,-62.0,-5062.0,114974918.0
1339,昭輝,上市,-8000.0,0.0,2930.0,-5070.0,74123875.0
00682U,期元大美元指數,上市,0.0,0.0,-5197.0,-5197.0,7644000.0
1726,永記,上市,-4457.0,0.0,-1000.0,-5457.0,162000000.0
1475,業旺,上市,-5000.0,0.0,-1000.0,-6000.0,66016749.0
1236,宏亞,上市,-7000.0,0.0,1000.0,-6000.0,86674008.0
2450,神腦,上市,-6000.0,0.0,0.0,-6000.0,258252657.0
8466,美吉吉-KY,上市,-6000.0,0.0,0.0,-6000.0,79825628.0
8367,建新國際,上市,-6000.0,0.0,0.0,-6000.0,92172031.0
3669,圓展,上市,-12000.0,0.0,6000.0,-6000.0,92919950.0
4108,懷特,上市,-6000.0,0.0,0.0,-6000.0,198618879.0
5306,桂盟,上市,-6000.0,0.0,0.0,-6000.0,126000772.0
6951,青新-創,上市,-6000.0,0.0,0.0,-6000.0,46000000.0
1457,宜進,上市,-16000.0,0.0,10000.0,-6000.0,316730022.0
3266,昇陽,上市,-4000.0,0.0,-2000.0,-6000.0,352314309.0
1529,樂事綠能,上市,-7000.0,0.0,995.0,-6005.0,155095074.0
006206,元大上證50,上市,-1000.0,0.0,-5346.0,-6346.0,31278000.0
6216,居易,上市,-6000.0,0.0,-649.0,-6649.0,96189637.0
2723,美食-KY,上市,0.0,0.0,-6708.0,-6708.0,180000000.0
1456,怡華,上市,-23000.0,0.0,16277.0,-6723.0,93720000.0
8162,微矽電子-創,上市,-5000.0,0.0,-1993.0,-6993.0,68702000.0
6431,光麗-KY,上市,-8000.0,0.0,1000.0,-7000.0,97398835.0
1417,嘉裕,上市,-7000.0,0.0,0.0,-7000.0,189941840.0
1234,黑松,上市,-9000.0,0.0,2000.0,-7000.0,401871094.0
1541,錩泰,上市,-6000.0,0.0,-1000.0,-7000.0,78800000.0
1535,中宇,上市,-7000.0,0.0,0.0,-7000.0,123742552.0
1615,大山,上市,-9000.0,0.0,2000.0,-7000.0,196663702.0
2012,春雨,上市,-10000.0,0.0,3000.0,-7000.0,302162700.0
2538,基泰,上市,-12000.0,0.0,5000.0,-7000.0,445025495.0
2506,太設,上市,-8000.0,0.0,1000.0,-7000.0,387000000.0
3296,勝德,上市,-7000.0,0.0,0.0,-7000.0,96724450.0
2881B,富邦金乙特,上市,0.0,0.0,-7000.0,-7000.0,666660000.0
00739,元大MSCI A股,上市,0.0,0.0,-7034.0,-7034.0,26988000.0
00657,國泰日經225,上市,-38000.0,0.0,30775.0,-7225.0,7584000.0
2013,中鋼構,上市,-14000.0,0.0,6633.0,-7367.0,200000000.0
2642,宅配通,上市,-7900.0,0.0,0.0,-7900.0,95467000.0
6863,永道-KY,上市,-9000.0,0.0,1039.0,-7961.0,74888000.0
6902,GOGOLOOK,上市,-8000.0,0.0,0.0,-8000.0,35356638.0
4438,廣越,上市,-10000.0,0.0,2000.0,-8000.0,113425455.0
9927,泰銘,上市,-8000.0,0.0,0.0,-8000.0,120000000.0
2704,國賓,上市,-8000.0,0.0,0.0,-8000.0,366923343.0
1256,鮮活果汁-KY,上市,-2000.0,0.0,-6000.0,-8000.0,35772160.0
3022,威強電,上市,-8000.0,0.0,-137.0,-8137.0,176597790.0
8404,百和興業-KY,上市,-9000.0,0.0,424.0,-8576.0,419933884.0
6224,聚鼎,上市,-9987.0,0.0,1000.0,-8987.0,85645361.0
4588,玖鼎電力,上市,-9000.0,0.0,2.0,-8998.0,42985000.0
7711,永擎,上市,-10000.0,0.0,1000.0,-9000.0,71734195.0
1531,高林股,上市,-8000.0,0.0,-1000.0,-9000.0,182108080.0
3150,鈺寶-創,上市,-7000.0,0.0,-2000.0,-9000.0,44377001.0
2516,新建,上市,-8000.0,0.0,-1000.0,-9000.0,226278457.0
2459,敦吉,上市,-9000.0,0.0,0.0,-9000.0,105595615.0
1416,廣豐,上市,-9000.0,0.0,0.0,-9000.0,185342168.0
2227,裕日車,上市,-6000.0,0.0,-3000.0,-9000.0,300000000.0
1525,江申,上市,-9000.0,0.0,-110.0,-9110.0,73400135.0
2722,夏都,上市,-7152.0,0.0,-2000.0,-9152.0,143169696.0
6768,志強-KY,上市,-15000.0,-1168.0,6818.0,-9350.0,200095061.0
3130,一零四,上市,-9872.0,0.0,0.0,-9872.0,33190700.0
4935,茂林-KY,上市,-7875.0,0.0,-2000.0,-9875.0,128864091.0
5907,大洋-KY,上市,-10000.0,0.0,0.0,-10000.0,195531000.0
6901,鑽石投資,上市,-10000.0,0.0,0.0,-10000.0,851800000.0
6598,ABC-KY,上市,-8000.0,0.0,-2000.0,-10000.0,102787561.0
9926,新海,上市,-10000.0,0.0,0.0,-10000.0,179504075.0
1626,艾美特-KY,上市,-10000.0,0.0,0.0,-10000.0,149821721.0
1436,華友聯,上市,-8001.0,0.0,-2000.0,-10001.0,172700652.0
3501,維熹,上市,-9000.0,0.0,-1052.0,-10052.0,118257927.0
2207,和泰車,上市,-8350.0,-1000.0,-999.0,-10349.0,557102768.0
1103,嘉泥,上市,-10000.0,0.0,-1000.0,-11000.0,790247459.0
3321,同泰,上市,-10000.0,0.0,-1000.0,-11000.0,86113769.0
2429,銘旺科,上市,-11000.0,0.0,0.0,-11000.0,85500000.0
9905,大華,上市,-11000.0,0.0,0.0,-11000.0,305000000.0
00709,富邦歐洲,上市,-1000.0,0.0,-10000.0,-11000.0,18460000.0
8429,金麗-KY,上市,-11000.0,0.0,0.0,-11000.0,185747151.0
8940,新天地,上市,-10000.0,0.0,-1000.0,-11000.0,67491032.0
6614,資拓宏宇,上市,-4000.0,0.0,-7000.0,-11000.0,80660521.0
4569,六方科-KY,上市,-11000.0,0.0,0.0,-11000.0,30600000.0
2514,龍邦,上市,-10000.0,0.0,-1524.0,-11524.0,394729278.0
1702,南僑,上市,-31000.0,-3530.0,23000.0,-11530.0,294132962.0
6756,威鋒電子,上市,-12500.0,0.0,850.0,-11650.0,69868000.0
6887,寶綠特-KY,上市,-11000.0,0.0,-1000.0,-12000.0,74116512.0
5525,順天,上市,-12000.0,0.0,0.0,-12000.0,318105378.0
4942,嘉彰,上市,-9000.0,0.0,-3000.0,-12000.0,142367613.0
2228,劍麟,上市,-12000.0,0.0,0.0,-12000.0,79531339.0
2483,百容,上市,-10000.0,0.0,-2000.0,-12000.0,107889807.0
3346,麗清,上市,-7000.0,0.0,-5000.0,-12000.0,121228352.0
3530,晶相光,上市,4000.0,0.0,-16000.0,-12000.0,77475900.0
9930,中聯資源,上市,-10000.0,0.0,-2046.0,-12046.0,248540368.0
6695,芯鼎,上市,-13000.0,0.0,193.0,-12807.0,96459650.0
3416,融程電,上市,-11000.0,0.0,-1819.0,-12819.0,79746502.0
6928,攸泰科技,上市,-13000.0,0.0,0.0,-13000.0,86000000.0
6115,鎰勝,上市,-13000.0,0.0,-110.0,-13110.0,187662154.0
1515,力山,上市,-18000.0,0.0,4829.0,-13171.0,181473500.0
3025,星通,上市,-14000.0,-1000.0,1663.0,-13337.0,56736440.0
6415,矽力*-KY,上市,102580.0,-53000.0,-63565.0,-13985.0,388056131.0
5285,界霖,上市,-15000.0,0.0,1000.0,-14000.0,102040926.0
2444,兆勁,上市,-14000.0,0.0,0.0,-14000.0,101569573.0
1526,日馳,上市,-14000.0,0.0,0.0,-14000.0,60000000.0
1109,信大,上市,-15000.0,0.0,283.0,-14717.0,341158868.0
3588,通嘉,上市,-20000.0,0.0,5005.0,-14995.0,61993182.0
3528,安馳,上市,-32000.0,0.0,17004.0,-14996.0,66639216.0
1220,台榮,上市,-15000.0,0.0,0.0,-15000.0,177077944.0
5215,科嘉-KY,上市,-13000.0,0.0,-2000.0,-15000.0,64337500.0
9906,欣巴巴,上市,-12000.0,0.0,-3000.0,-15000.0,90376358.0
7765,中華資安,上市,-8000.0,0.0,-7000.0,-15000.0,40677000.0
9925,新保,上市,-7000.0,0.0,-9000.0,-16000.0,387489605.0
1110,東泥,上市,-16000.0,0.0,0.0,-16000.0,572000797.0
4571,鈞興-KY,上市,-16000.0,0.0,0.0,-16000.0,53017115.0
4720,德淵,上市,-19000.0,0.0,3000.0,-16000.0,114516037.0
3021,鴻名,上市,-8000.0,0.0,-8000.0,-16000.0,94890000.0
2480,敦陽科,上市,-13000.0,0.0,-3023.0,-16023.0,106360291.0
009802,富邦旗艦50,上市,430700.0,0.0,-447030.0,-16330.0,533495000.0
2029,盛餘,上市,-17000.0,0.0,421.0,-16579.0,321180000.0
4137,麗豐-KY,上市,-16967.0,0.0,0.0,-16967.0,82492350.0
2302,麗正,上市,2000.0,0.0,-19000.0,-17000.0,166302881.0
3135,凌航,上市,-15000.0,0.0,-2000.0,-17000.0,77493405.0
8201,無敵,上市,-9000.0,0.0,-8000.0,-17000.0,62366275.0
7721,微程式,上市,-20220.0,0.0,3000.0,-17220.0,55370000.0
3605,宏致,上市,-27000.0,0.0,9375.0,-17625.0,162353086.0
4545,銘鈺,上市,-18000.0,0.0,0.0,-18000.0,77000000.0
5007,三星,上市,-18000.0,0.0,0.0,-18000.0,294940154.0
3040,遠見,上市,-18000.0,0.0,0.0,-18000.0,63000000.0
2028,威致,上市,-18000.0,0.0,0.0,-18000.0,325714800.0
2107,厚生,上市,-17000.0,0.0,-1000.0,-18000.0,303593400.0
2415,錩新,上市,-16000.0,0.0,-2000.0,-18000.0,90000000.0
2546,根基,上市,-28000.0,0.0,10000.0,-18000.0,130524193.0
6689,伊雲谷,上市,-15000.0,0.0,-3262.0,-18262.0,68000000.0
4999,鑫禾,上市,-18000.0,0.0,-440.0,-18440.0,74417200.0
00654R,富邦印度反1,上市,0.0,0.0,-18745.0,-18745.0,20466000.0
1452,宏益,上市,-18000.0,0.0,-1000.0,-19000.0,132641400.0
2106,建大,上市,-10000.0,0.0,-9000.0,-19000.0,954890000.0
6579,研揚,上市,-20000.0,0.0,1000.0,-19000.0,169451221.0
6281,全國電,上市,-19000.0,0.0,0.0,-19000.0,99172945.0
9908,大台北,上市,-19000.0,0.0,0.0,-19000.0,516358000.0
1516,川飛,上市,-19000.0,0.0,0.0,-19000.0,40008195.0
3094,聯傑,上市,-20000.0,0.0,125.0,-19875.0,83117089.0
1451,年興,上市,-20000.0,0.0,0.0,-20000.0,198000000.0
6192,巨路,上市,-17000.0,0.0,-3000.0,-20000.0,96155770.0
8011,台通,上市,-23000.0,0.0,3000.0,-20000.0,165921891.0
2420,新巨,上市,-20000.0,0.0,0.0,-20000.0,152648688.0
6606,建德工業,上市,-24000.0,0.0,4000.0,-20000.0,110303783.0
6715,嘉基,上市,-114000.0,140000.0,-46126.0,-20126.0,66364505.0
9931,欣高,上市,-21000.0,0.0,212.0,-20788.0,120369303.0
1762,中化生,上市,-22000.0,0.0,1110.0,-20890.0,76918000.0
1604,聲寶,上市,-21000.0,0.0,0.0,-21000.0,384200000.0
2440,太空梭,上市,-23000.0,0.0,2000.0,-21000.0,139117271.0
2505,國揚,上市,-17000.0,0.0,-4000.0,-21000.0,380000000.0
7786,東方風能,上市,-22000.0,0.0,1000.0,-21000.0,175361444.0
8462,柏文,上市,-18000.0,0.0,-3000.0,-21000.0,79292063.0
6834,天二科技,上市,-21000.0,0.0,0.0,-21000.0,88471082.0
6835,圓裕,上市,-21000.0,0.0,0.0,-21000.0,66172297.0
6796,晉弘,上市,-21000.0,0.0,0.0,-21000.0,40233970.0
3057,喬鼎,上市,-20000.0,0.0,-1000.0,-21000.0,67864629.0
6272,驊陞,上市,-21000.0,0.0,0.0,-21000.0,81763948.0
4583,台灣精銳,上市,-21038.0,0.0,-364.0,-21402.0,80171351.0
2520,冠德,上市,-23001.0,0.0,1516.0,-21485.0,609487110.0
6671,三能-KY,上市,-6000.0,0.0,-15895.0,-21895.0,60750000.0
7788,松川精密,上市,-21000.0,0.0,-1000.0,-22000.0,79745993.0
2491,吉祥全,上市,-22000.0,0.0,0.0,-22000.0,82008000.0
2816,旺旺保,上市,-25000.0,0.0,3000.0,-22000.0,223608000.0
2417,圓剛,上市,-24000.0,0.0,1000.0,-23000.0,157293864.0
2891B,中信金乙特,上市,0.0,0.0,-23000.0,-23000.0,333330000.0
1473,台南,上市,-25000.0,0.0,2000.0,-23000.0,146153534.0
00661,元大日經225,上市,0.0,0.0,-23156.0,-23156.0,25425000.0
1432,大魯閣,上市,-25000.0,0.0,1000.0,-24000.0,108000000.0
2706,第一店,上市,-18000.0,0.0,-6000.0,-24000.0,499998346.0
8104,錸寶,上市,-26000.0,0.0,2000.0,-24000.0,104058192.0
1419,新紡,上市,-23000.0,0.0,-1034.0,-24034.0,300041280.0
3046,建碁,上市,-24000.0,0.0,-411.0,-24411.0,78448013.0
6753,龍德造船,上市,1045.0,0.0,-25898.0,-24853.0,113137500.0
2482,連宇,上市,-25000.0,0.0,0.0,-25000.0,77882711.0
911868,同方友友-DR,上市,-25000.0,0.0,0.0,-25000.0,140000000.0
2438,翔耀,上市,-25000.0,0.0,0.0,-25000.0,65195641.0
2923,鼎固-KY,上市,-33000.0,0.0,7000.0,-26000.0,1740296982.0
6591,動力-KY,上市,-27000.0,0.0,336.0,-26664.0,41122465.0
9935,慶豐富,上市,-27000.0,0.0,0.0,-27000.0,177838926.0
1445,大宇,上市,-26000.0,0.0,-1000.0,-27000.0,130666034.0
00770,國泰北美科技,上市,-145981.0,0.0,118546.0,-27435.0,93958000.0
2017,官田鋼,上市,-28000.0,0.0,0.0,-28000.0,446874691.0
6405,悅城,上市,-52000.0,0.0,23967.0,-28033.0,65800000.0
6923,中台,上市,-27000.0,0.0,-2000.0,-29000.0,91488000.0
1101B,台泥乙特,上市,0.0,0.0,-29000.0,-29000.0,200000000.0
2032,新鋼,上市,-29000.0,0.0,0.0,-29000.0,130521545.0
2453,凌群,上市,-29000.0,0.0,0.0,-29000.0,100000000.0
1623,大東電,上市,-31000.0,0.0,2000.0,-29000.0,66000000.0
6416,瑞祺電通,上市,-30000.0,0.0,0.0,-30000.0,73348460.0
4441,振大環球,上市,-30000.0,0.0,0.0,-30000.0,68017578.0
1455,集盛,上市,-36000.0,0.0,5649.0,-30351.0,531688380.0
7749,意騰-KY,上市,-26980.0,0.0,-4000.0,-30980.0,46485728.0
4562,穎漢,上市,-31000.0,0.0,0.0,-31000.0,87546000.0
6722,輝創,上市,-33000.0,0.0,2000.0,-31000.0,88400000.0
9802,鈺齊-KY,上市,-30000.0,0.0,-1512.0,-31512.0,200991673.0
5288,豐祥-KY,上市,-32000.0,0.0,0.0,-32000.0,69714722.0
009809,富邦淨零ESG50,上市,3000.0,0.0,-35264.0,-32264.0,39863000.0
2887E,台新新光戊特一,上市,-33000.0,0.0,0.0,-33000.0,500000000.0
1714,和桐,上市,-18000.0,0.0,-15000.0,-33000.0,991824808.0
3504,揚明光,上市,-32100.0,0.0,-1000.0,-33100.0,114059785.0
2108,南帝,上市,-33000.0,0.0,-589.0,-33589.0,492416659.0
3010,華立,上市,-27195.0,2502.0,-9043.0,-33736.0,259436817.0
2007,燁興,上市,-34000.0,0.0,0.0,-34000.0,530651613.0
6958,日盛台駿,上市,-37000.0,0.0,3000.0,-34000.0,403289360.0
7750,新代,上市,-36000.0,0.0,1823.0,-34177.0,71843000.0
2527,宏璟,上市,-30000.0,0.0,-5000.0,-35000.0,270306000.0
00901,永豐智能車供應鏈,上市,264000.0,0.0,-299496.0,-35496.0,69349000.0
6965,中傑-KY,上市,-36000.0,0.0,0.0,-36000.0,156336000.0
1464,得力,上市,-36000.0,0.0,0.0,-36000.0,425575733.0
2536,宏普,上市,-14000.0,0.0,-23000.0,-37000.0,332808652.0
3686,達能,上市,-37000.0,0.0,0.0,-37000.0,76495118.0
6782,視陽,上市,-37000.0,0.0,-54.0,-37054.0,63000000.0
9941,裕融,上市,-14000.0,-2000.0,-21976.0,-37976.0,575636346.0
9902,台火,上市,-38000.0,0.0,0.0,-38000.0,98049600.0
2832,台產,上市,-38000.0,0.0,0.0,-38000.0,253540280.0
1713,國化,上市,-40000.0,0.0,2000.0,-38000.0,150951700.0
2239,英利-KY,上市,-39000.0,0.0,906.0,-38094.0,117712593.0
3356,奇偶,上市,-38000.0,0.0,-304.0,-38304.0,79941672.0
0051,元大中型100,上市,1000.0,0.0,-39654.0,-38654.0,24500000.0
3447,展達,上市,-39000.0,0.0,0.0,-39000.0,77331120.0
2908,特力,上市,-39000.0,0.0,0.0,-39000.0,509887558.0
2852,第一保,上市,-31000.0,0.0,-9000.0,-40000.0,301163784.0
1325,恆大,上市,-40000.0,0.0,0.0,-40000.0,85281198.0
3041,揚智,上市,-41000.0,0.0,364.0,-40636.0,140223647.0
00646,元大S&P500,上市,-15993.0,130000.0,-154921.0,-40914.0,535485000.0
6988,威力暘-創,上市,-40000.0,0.0,-1000.0,-41000.0,47600000.0
2316,楠梓電,上市,-7000.0,0.0,-35364.0,-42364.0,182740536.0
1437,勤益控,上市,-42000.0,0.0,-1000.0,-43000.0,201871284.0
2236,百達-KY,上市,-43000.0,0.0,0.0,-43000.0,61401689.0
2460,建通,上市,-45000.0,0.0,1999.0,-43001.0,169200000.0
4585,達明,上市,-36000.0,0.0,-7131.0,-43131.0,102800000.0
4736,泰博,上市,-44000.0,0.0,0.0,-44000.0,95374469.0
5706,鳳凰,上市,-46000.0,0.0,2000.0,-44000.0,84910920.0
2414,精技,上市,-45000.0,0.0,1000.0,-44000.0,161735846.0
6668,中揚光,上市,-40000.0,0.0,-4000.0,-44000.0,107116087.0
00706L,期元大S&P日圓正2,上市,1000.0,0.0,-45307.0,-44307.0,180270853.0
2331,精英,上市,-32299.0,0.0,-12136.0,-44435.0,557402968.0
2753,八方雲集,上市,-43000.0,0.0,-1735.0,-44735.0,66644796.0
1466,聚隆,上市,-45000.0,0.0,0.0,-45000.0,111157320.0
4770,上品,上市,-47000.0,0.0,1752.0,-45248.0,79976000.0
8045,達運光電,上市,-42000.0,0.0,-3413.0,-45413.0,94996815.0
6625,必應,上市,-43000.0,0.0,-2465.0,-45465.0,57972488.0
2601,益航,上市,-46000.0,0.0,0.0,-46000.0,824776067.0
6949,沛爾生醫*-創,上市,-46677.0,0.0,472.0,-46205.0,64797550.0
2633,台灣高鐵,上市,28180.0,-3000.0,-72000.0,-46820.0,5628293058.0
1618,合機,上市,-45000.0,0.0,-2432.0,-47432.0,192691747.0
3617,碩天,上市,-46704.0,0.0,-1173.0,-47877.0,94166049.0
6743,安普新,上市,-51000.0,0.0,3000.0,-48000.0,150000000.0
2399,映泰,上市,-104005.0,-3000.0,58000.0,-49005.0,178100000.0
8081,致新,上市,-69000.0,19000.0,981.0,-49019.0,86172072.0
3031,佰鴻,上市,-37000.0,0.0,-12887.0,-49887.0,173203224.0
00752,中信中國50,上市,-4000.0,0.0,-45985.0,-49985.0,308716000.0
6226,光鼎,上市,-50000.0,0.0,0.0,-50000.0,115534789.0
4426,利勤,上市,-47000.0,0.0,-4000.0,-51000.0,172677198.0
2471,資通,上市,-53000.0,0.0,2000.0,-51000.0,47253890.0
00684R,期元大美元指反1,上市,0.0,0.0,-51000.0,-51000.0,9688000.0
1342,八貫,上市,-51000.0,0.0,0.0,-51000.0,78000902.0
2034,允強,上市,-64000.0,0.0,12776.0,-51224.0,523547879.0
6214,精誠,上市,-50000.0,0.0,-1262.0,-51262.0,272243066.0
2727,王品,上市,-46000.0,0.0,-6227.0,-52227.0,84451109.0
6944,兆聯實業,上市,-6962.0,0.0,-45624.0,-52586.0,76308312.0
1734,杏輝,上市,-53000.0,0.0,0.0,-53000.0,190196774.0
8249,菱光,上市,-49000.0,0.0,-4029.0,-53029.0,137824500.0
6781,AES-KY,上市,3709.0,-38000.0,-18807.0,-53098.0,85418780.0
6412,群電,上市,-51000.0,-2399.0,-3.0,-53402.0,400769126.0
9105,泰金寶-DR,上市,-37000.0,0.0,-17577.0,-54577.0,1655366936.0
8072,陞泰,上市,-56000.0,0.0,1000.0,-55000.0,80000000.0
2849,安泰銀,上市,-53000.0,0.0,-2000.0,-55000.0,1957609349.0
1612,宏泰,上市,-55000.0,0.0,-924.0,-55924.0,316080063.0
7799,禾榮科,上市,-56000.0,0.0,0.0,-56000.0,156487500.0
009801,中信美國創新科技,上市,-10000.0,0.0,-46002.0,-56002.0,140619000.0
4536,拓凱,上市,-55000.0,0.0,-1085.0,-56085.0,90820000.0
6177,達麗,上市,-13000.0,-8000.0,-35563.0,-56563.0,471878411.0
2387,精元,上市,-58000.0,0.0,421.0,-57579.0,195251051.0
1721,國慶科技,上市,-58000.0,0.0,0.0,-58000.0,184884092.0
1590,亞德客-KY,上市,-164810.0,0.0,106208.0,-58602.0,199999998.0
6776,展碁國際,上市,-59000.0,0.0,0.0,-59000.0,91581430.0
1540,喬福,上市,-71000.0,0.0,11000.0,-60000.0,85473612.0
1709,和益,上市,-61000.0,0.0,1000.0,-60000.0,477016272.0
2405,輔信,上市,-60000.0,0.0,0.0,-60000.0,343427303.0
02001R,富邦蘋果反一N,上市,0.0,0.0,-60000.0,-60000.0,0.0
3703,欣陸,上市,-42000.0,0.0,-19000.0,-61000.0,823215980.0
00690,兆豐藍籌30,上市,-2000.0,0.0,-59951.0,-61951.0,78330000.0
2477,美隆電,上市,-54000.0,0.0,-9000.0,-63000.0,158573244.0
1617,榮星,上市,-57000.0,0.0,-6030.0,-63030.0,169514700.0
2545,皇翔,上市,-63000.0,0.0,-442.0,-63442.0,379734808.0
4976,佳凌,上市,-64000.0,0.0,502.0,-63498.0,141351000.0
3305,昇貿,上市,-71000.0,0.0,7450.0,-63550.0,134237474.0
6799,來頡,上市,-63000.0,0.0,-1327.0,-64327.0,43705553.0
2231,為升,上市,-144999.0,0.0,80512.0,-64487.0,135917608.0
2375,凱美,上市,-47000.0,0.0,-17761.0,-64761.0,108675334.0
1340,勝悅-KY,上市,-67000.0,0.0,2000.0,-65000.0,152922855.0
6133,金橋,上市,-74000.0,0.0,9000.0,-65000.0,117006294.0
8114,振樺電,上市,-67000.0,0.0,1886.0,-65114.0,76384772.0
3054,立萬利,上市,-25700.0,0.0,-39626.0,-65326.0,80651041.0
6558,興能高,上市,-66000.0,0.0,0.0,-66000.0,93788875.0
1598,岱宇,上市,-66000.0,0.0,0.0,-66000.0,179142092.0
9940,信義,上市,-62000.0,0.0,-4132.0,-66132.0,736846500.0
3622,洋華,上市,-66000.0,0.0,-964.0,-66964.0,151327600.0
1446,宏和,上市,-60000.0,0.0,-7000.0,-67000.0,137709513.0
2468,華經,上市,-68000.0,0.0,339.0,-67661.0,69961249.0
009808,華南永昌優選50,上市,84000.0,0.0,-152617.0,-68617.0,44511000.0
02001L,富邦蘋果正二N,上市,0.0,0.0,-69000.0,-69000.0,0.0
3013,晟銘電,上市,-50160.0,0.0,-19365.0,-69525.0,205138930.0
3015,全漢,上市,-66000.0,-2558.0,-2145.0,-70703.0,187261950.0
6515,穎崴,上市,62590.0,-144000.0,9986.0,-71424.0,36041642.0
1806,冠軍,上市,-41000.0,0.0,-33000.0,-74000.0,390403870.0
1810,和成,上市,-77000.0,0.0,2999.0,-74001.0,302303719.0
1603,華電,上市,-79000.0,0.0,4000.0,-75000.0,191688000.0
6862,三集瑞-KY,上市,-70950.0,0.0,-4578.0,-75528.0,50000000.0
2022,聚亨,上市,-94000.0,0.0,18000.0,-76000.0,337168138.0
00899,FT潔淨能源,上市,1000.0,0.0,-77337.0,-76337.0,18635000.0
4968,立積,上市,-70904.0,0.0,-5609.0,-76513.0,92209898.0
2607,榮運,上市,-70000.0,0.0,-7000.0,-77000.0,533570547.0
2059,川湖,上市,-79508.0,8129.0,-6408.0,-77787.0,95297072.0
00930,永豐ESG低碳高息,上市,34293.0,0.0,-112138.0,-77845.0,204279000.0
9921,巨大,上市,-84843.0,0.0,6495.0,-78348.0,392064626.0
3017,奇鋐,上市,-52280.0,105000.0,-131360.0,-78640.0,388167157.0
4912,聯德控股-KY,上市,-79000.0,-1000.0,1000.0,-79000.0,67093099.0
5244,弘凱,上市,-79000.0,0.0,-9.0,-79009.0,68241899.0
1532,勤美,上市,-73000.0,-5125.0,-1000.0,-79125.0,422604271.0
2360,致茂,上市,-423756.0,288656.0,55184.0,-79916.0,425245742.0
2431,聯昌,上市,-81000.0,0.0,928.0,-80072.0,110927014.0
3052,夆典,上市,-64000.0,0.0,-17000.0,-81000.0,233245771.0
00730,富邦臺灣優質高息,上市,67000.0,0.0,-149362.0,-82362.0,77544000.0
2617,台航,上市,-63000.0,0.0,-21101.0,-84101.0,417294487.0
00911,兆豐洲際半導體,上市,201.0,0.0,-86214.0,-86013.0,20403000.0
2359,所羅門,上市,-82000.0,0.0,-5495.0,-87495.0,171471052.0
2612,中航,上市,-73000.0,0.0,-14606.0,-87606.0,197484593.0
8476,台境*,上市,-70000.0,0.0,-18000.0,-88000.0,166226358.0
6525,捷敏-KY,上市,-87000.0,0.0,-1000.0,-88000.0,129047384.0
1616,億泰,上市,-88000.0,0.0,-79.0,-88079.0,194148515.0
4771,望隼,上市,-89000.0,0.0,0.0,-89000.0,58044700.0
6024,群益期,上市,-99865.0,0.0,10000.0,-89865.0,249937584.0
2838,聯邦銀,上市,-69000.0,-4000.0,-17000.0,-90000.0,4340551779.0
2630,亞航,上市,-71000.0,0.0,-19550.0,-90550.0,209438204.0
00985A,主動野村台灣50,上市,898000.0,0.0,-989756.0,-91756.0,519789000.0
2208,台船,上市,-104420.0,0.0,11000.0,-93420.0,1274539449.0
2241,艾姆勒,上市,-95122.0,0.0,1000.0,-94122.0,104602306.0
2528,皇普,上市,-95100.0,0.0,0.0,-95100.0,434026467.0
6605,帝寶,上市,-97000.0,0.0,1865.0,-95135.0,165816397.0
6128,上福,上市,-96000.0,0.0,781.0,-95219.0,127588740.0
1522,堤維西,上市,-92000.0,-3217.0,-291.0,-95508.0,312897881.0
1414,東和,上市,-101000.0,0.0,5000.0,-96000.0,198000000.0
00728,第一金工業30,上市,-3000.0,0.0,-93621.0,-96621.0,40923000.0
3515,華擎,上市,-104700.0,0.0,7244.0,-97456.0,123546569.0
2404,漢唐,上市,533407.0,-628000.0,-3230.0,-97823.0,190586698.0
6235,華孚,上市,-99211.0,0.0,1019.0,-98192.0,199906306.0
8473,山林水,上市,-98000.0,0.0,-486.0,-98486.0,180852418.0
00683L,期元大美元指正2,上市,0.0,0.0,-99490.0,-99490.0,11934000.0
6669,緯穎,上市,-62089.0,-31671.0,-5928.0,-99688.0,185840791.0
2905,三商,上市,-93000.0,0.0,-6882.0,-99882.0,1110371703.0
1104,環泥,上市,-101000.0,0.0,442.0,-100558.0,686681816.0
3717,聯嘉投控,上市,-122000.0,0.0,20000.0,-102000.0,207845445.0
2362,藍天,上市,-99000.0,-1000.0,-2350.0,-102350.0,622263000.0
1560,中砂,上市,-45951.0,-23000.0,-34921.0,-103872.0,146277234.0
2611,志信,上市,-104000.0,0.0,0.0,-104000.0,189002272.0
2836,高雄銀,上市,-267000.0,0.0,163000.0,-104000.0,1839916985.0
3138,耀登,上市,-106908.0,0.0,1942.0,-104966.0,50308063.0
6719,力智,上市,-104000.0,0.0,-3279.0,-107279.0,105387289.0
6869,雲豹能源,上市,-110980.0,0.0,1401.0,-109579.0,137830041.0
6166,凌華,上市,-103870.0,0.0,-7871.0,-111741.0,217497257.0
9955,佳龍,上市,-105000.0,0.0,-10000.0,-115000.0,104435829.0
2534,宏盛,上市,-116000.0,0.0,0.0,-116000.0,474227970.0
1301,台塑,上市,138228.0,0.0,-254682.0,-116454.0,6365740781.0
2882,國泰金,上市,-1193596.0,1643586.0,-566949.0,-116959.0,14669210128.0
00876,元大全球5G,上市,-122882.0,0.0,5478.0,-117404.0,77024000.0
6994,富威電力,上市,-115000.0,0.0,-2584.0,-117584.0,74162071.0
00666R,富邦恒生國企反1,上市,-6000.0,0.0,-111980.0,-117980.0,15124000.0
8163,達方,上市,-121000.0,-3803.0,2624.0,-122179.0,280000001.0
6206,飛捷,上市,-130000.0,-1288.0,7810.0,-123478.0,143062324.0
1611,中電,上市,-123000.0,0.0,-532.0,-123532.0,322735742.0
1795,美時,上市,-105075.0,-6000.0,-12492.0,-123567.0,266873812.0
3532,台勝科,上市,-94100.0,0.0,-29511.0,-123611.0,387848300.0
6142,友勁,上市,-124000.0,0.0,0.0,-124000.0,330779215.0
5519,隆大,上市,-108000.0,0.0,-19693.0,-127693.0,219197180.0
00913,兆豐台灣晶圓製造,上市,247000.0,0.0,-375178.0,-128178.0,21766000.0
2428,興勤,上市,-126000.0,0.0,-2726.0,-128726.0,128112726.0
00652,富邦印度,上市,-2000.0,0.0,-127608.0,-129608.0,68035000.0
2436,偉詮電,上市,-95800.0,-17000.0,-16865.0,-129665.0,199928074.0
6215,和椿,上市,-119990.0,0.0,-9843.0,-129833.0,82789693.0
8926,台汽電,上市,-176000.0,52000.0,-5871.0,-129871.0,730282000.0
1460,宏遠,上市,-129000.0,0.0,-1000.0,-130000.0,694643484.0
3008,大立光,上市,-126376.0,670.0,-5168.0,-130874.0,133468197.0
2474,可成,上市,-300285.0,-1000.0,169003.0,-132282.0,561369068.0
5471,松翰,上市,-132750.0,0.0,51.0,-132699.0,167877062.0
3014,聯陽,上市,-165000.0,31944.0,0.0,-133056.0,165987124.0
3592,瑞鼎,上市,-151000.0,20000.0,-2816.0,-133816.0,75855226.0
2233,宇隆,上市,-120000.0,-1000.0,-16150.0,-137150.0,60288089.0
6197,佳必琪,上市,-125000.0,0.0,-12470.0,-137470.0,122085882.0
2401,凌陽,上市,-141000.0,-20000.0,22254.0,-138746.0,591994919.0
1503,士電,上市,-130223.0,0.0,-9167.0,-139390.0,520972223.0
2395,研華,上市,-130350.0,0.0,-9162.0,-139512.0,864167125.0
2478,大毅,上市,-139000.0,0.0,-1218.0,-140218.0,144731339.0
6449,鈺邦,上市,-138000.0,0.0,-2247.0,-140247.0,91898514.0
9136,巨騰-DR,上市,-141000.0,0.0,0.0,-141000.0,151162000.0
3035,智原,上市,-44240.0,0.0,-97755.0,-141995.0,260550313.0
4977,眾達-KY,上市,-143950.0,0.0,1673.0,-142277.0,80189841.0
4414,如興,上市,-116526.0,0.0,-29000.0,-145526.0,263795773.0
4722,國精化,上市,-138150.0,-15000.0,5209.0,-147941.0,102784914.0
1442,名軒,上市,-151000.0,0.0,-199.0,-151199.0,366211358.0
3004,豐達科,上市,-139649.0,0.0,-11662.0,-151311.0,64250855.0
6934,心誠鎂,上市,-127000.0,0.0,-24534.0,-151534.0,35972762.0
1338,廣華-KY,上市,-151000.0,0.0,-4661.0,-155661.0,83840000.0
00861,元大全球未來通訊,上市,-16864.0,0.0,-139156.0,-156020.0,70412000.0
2542,興富發,上市,-80000.0,-9000.0,-67189.0,-156189.0,2173083539.0
3059,華晶科,上市,-157000.0,0.0,-215.0,-157215.0,307717025.0
6205,詮欣,上市,-157000.0,-1000.0,481.0,-157519.0,82235907.0
1736,喬山,上市,-152000.0,0.0,-6551.0,-158551.0,303394617.0
2731,雄獅,上市,-162000.0,0.0,-1526.0,-163526.0,93277739.0
8070,長華*,上市,-188000.0,53000.0,-33977.0,-168977.0,725648455.0
9946,三發地產,上市,-176000.0,0.0,-1000.0,-177000.0,326554150.0
3019,亞光,上市,-134000.0,0.0,-44657.0,-178657.0,279243901.0
1227,佳格,上市,-174000.0,0.0,-7000.0,-181000.0,915089591.0
5388,中磊,上市,11000.0,0.0,-193115.0,-182115.0,300429542.0
2543,皇昌,上市,-152000.0,0.0,-33664.0,-185664.0,528541961.0
2211,長榮鋼,上市,-250000.0,67675.0,-3802.0,-186127.0,417091463.0
3058,立德,上市,-187000.0,0.0,0.0,-187000.0,201722779.0
5531,鄉林,上市,-184000.0,0.0,-4000.0,-188000.0,1077589245.0
3032,偉訓,上市,-188000.0,0.0,-281.0,-188281.0,113285626.0
2486,一詮,上市,-273000.0,0.0,83076.0,-189924.0,233958579.0
3047,訊舟,上市,-193000.0,0.0,2662.0,-190338.0,223700858.0
1563,巧新,上市,-188000.0,0.0,-3271.0,-191271.0,225608140.0
1524,耿鼎,上市,-192000.0,0.0,-1000.0,-193000.0,165310397.0
2476,鉅祥,上市,-177000.0,0.0,-16700.0,-193700.0,210896003.0
1519,華城,上市,-104433.0,-81600.0,-7910.0,-193943.0,315880844.0
4306,炎洲,上市,-208000.0,0.0,12000.0,-196000.0,676757216.0
5880,合庫金,上市,-126472.0,-34000.0,-37170.0,-197642.0,15680936914.0
4532,瑞智,上市,-205000.0,-5627.0,11769.0,-198858.0,504895105.0
00897,富邦基因免疫生技,上市,-112000.0,0.0,-87926.0,-199926.0,164512000.0
2413,環科,上市,-201000.0,-1000.0,1646.0,-200354.0,127359200.0
2511,太子,上市,-157000.0,0.0,-45000.0,-202000.0,1623326147.0
3550,聯穎,上市,-207000.0,0.0,3484.0,-203516.0,107550000.0
3050,鈺德,上市,-206000.0,0.0,1000.0,-205000.0,154984450.0
1319,東陽,上市,-462599.0,-2507.0,258078.0,-207028.0,591477068.0
00735,國泰臺韓科技,上市,-303960.0,0.0,96272.0,-207688.0,66289000.0
1735,日勝化,上市,14000.0,0.0,-222092.0,-208092.0,99388000.0
2020,美亞,上市,-205000.0,0.0,-3239.0,-208239.0,267031320.0
8016,矽創,上市,-153000.0,20340.0,-80358.0,-213018.0,120136876.0
00896,中信綠能及電動車,上市,492000.0,0.0,-705831.0,-213831.0,299880000.0
1215,卜蜂,上市,-210000.0,0.0,-3832.0,-213832.0,294790098.0
1434,福懋,上市,-230000.0,26000.0,-13000.0,-217000.0,1684664637.0
5534,長虹,上市,-222000.0,0.0,3817.0,-218183.0,315325960.0
2365,昆盈,上市,-223000.0,0.0,2116.0,-220884.0,221528496.0
3591,艾笛森,上市,-40000.0,0.0,-182735.0,-222735.0,145386835.0
2539,櫻花建,上市,-223000.0,0.0,-424.0,-223424.0,1193102581.0
00951,台新日本半導體,上市,14160.0,0.0,-242310.0,-228150.0,274042000.0
6691,洋基工程,上市,-210000.0,-17000.0,-1479.0,-228479.0,121487209.0
2305,全友,上市,-247000.0,0.0,17423.0,-229577.0,205660827.0
4540,全球傳動,上市,-231000.0,0.0,-3745.0,-234745.0,112140457.0
00685L,群益臺灣加權正2,上市,6000.0,0.0,-243435.0,-237435.0,35139000.0
1609,大亞,上市,-231093.0,-1000.0,-6050.0,-238143.0,785261944.0
3545,敦泰,上市,-223000.0,0.0,-15799.0,-238799.0,221312881.0
2493,揚博,上市,-224324.0,-2000.0,-15837.0,-242161.0,126796629.0
6409,旭隼,上市,-239555.0,6447.0,-9532.0,-242640.0,87703566.0
3661,世芯-KY,上市,-421166.0,154200.0,21252.0,-245714.0,80855695.0
00651R,復華香港反1,上市,0.0,0.0,-247460.0,-247460.0,34192000.0
8271,宇瞻,上市,-149000.0,-2000.0,-97500.0,-248500.0,128129266.0
2891C,中信金丙特,上市,5000.0,0.0,-259000.0,-254000.0,166660000.0
3645,達邁,上市,-199000.0,0.0,-55621.0,-254621.0,136754207.0
2530,華建,上市,-512002.0,0.0,252000.0,-260002.0,839988000.0
3016,嘉晶,上市,-208000.0,0.0,-55117.0,-263117.0,288541819.0
1587,吉茂,上市,-263000.0,0.0,-657.0,-263657.0,80055672.0
6153,嘉聯益,上市,-277000.0,0.0,12997.0,-264003.0,636177694.0
00924,復華S&P500成長,上市,-217458.0,0.0,-49122.0,-266580.0,485103000.0
2535,達欣工,上市,-326000.0,0.0,49973.0,-276027.0,270793967.0
8033,雷虎,上市,-280782.0,0.0,0.0,-280782.0,152629775.0
2616,山隆,上市,-279599.0,0.0,-2469.0,-282068.0,137281827.0
1513,中興電,上市,-269043.0,0.0,-14958.0,-284001.0,503112515.0
3028,增你強,上市,-257120.0,0.0,-27283.0,-284403.0,237241193.0
1710,東聯,上市,-320000.0,0.0,35110.0,-284890.0,885703029.0
3029,零壹,上市,-229000.0,0.0,-55914.0,-284914.0,167005212.0
00674R,期元大S&P黃金反1,上市,-2000.0,0.0,-285976.0,-287976.0,84603000.0
3694,海華,上市,-290000.0,0.0,1416.0,-288584.0,154947208.0
00653L,富邦印度正2,上市,-53000.0,0.0,-238197.0,-291197.0,21403000.0
1808,潤隆,上市,-263000.0,0.0,-31000.0,-294000.0,893031743.0
2603,長榮,上市,-627476.0,-14000.0,347240.0,-294236.0,2165042996.0
2441,超豐,上市,-187668.0,11000.0,-118273.0,-294941.0,568845921.0
6477,安集,上市,-295164.0,0.0,-583.0,-295747.0,123787196.0
1722,台肥,上市,-204830.0,0.0,-93027.0,-297857.0,980000000.0
2484,希華,上市,-304000.0,0.0,3011.0,-300989.0,159421022.0
6414,樺漢,上市,-277950.0,-1000.0,-22094.0,-301044.0,137539720.0
2392,正崴,上市,-266650.0,0.0,-35976.0,-302626.0,512326940.0
2439,美律,上市,-279000.0,-2358.0,-21517.0,-302875.0,253826914.0
5203,訊連,上市,-306000.0,0.0,-2666.0,-308666.0,79098800.0
5222,全訊,上市,-301990.0,0.0,-8449.0,-310439.0,90866968.0
6155,鈞寶,上市,-314000.0,0.0,1954.0,-312046.0,88023988.0
6831,邁科,上市,-316000.0,0.0,501.0,-315499.0,67500000.0
2464,盟立,上市,-266000.0,0.0,-51733.0,-317733.0,206351226.0
4934,太極,上市,-318000.0,0.0,0.0,-318000.0,225000000.0
00947,台新臺灣IC設計,上市,165000.0,0.0,-484063.0,-319063.0,180364000.0
8213,志超,上市,-313000.0,0.0,-10000.0,-323000.0,271242488.0
2342,茂矽,上市,-324000.0,0.0,-1791.0,-325791.0,157524744.0
3030,德律,上市,-106970.0,-127000.0,-92169.0,-326139.0,236216000.0
6176,瑞儀,上市,-474000.0,-4014.0,147713.0,-330301.0,465027263.0
4916,事欣科,上市,-216650.0,-1000.0,-115498.0,-333148.0,110602900.0
2363,矽統,上市,-289000.0,0.0,-45457.0,-334457.0,514988161.0
2472,立隆電,上市,-246255.0,0.0,-89740.0,-335995.0,164735137.0
009812,野村日本東證,上市,2173.0,0.0,-342353.0,-340180.0,119882000.0
2614,東森,上市,-364000.0,0.0,21000.0,-343000.0,327264946.0
6202,盛群,上市,-345100.0,0.0,-771.0,-345871.0,230388200.0
2915,潤泰全,上市,-298000.0,-7000.0,-42000.0,-347000.0,1104318772.0
4915,致伸,上市,-434000.0,79189.0,-341.0,-355152.0,471142824.0
00904,台新臺灣半導體30,上市,-88000.0,0.0,-267973.0,-355973.0,180612000.0
5522,遠雄,上市,-357425.0,0.0,1000.0,-356425.0,781596241.0
4961,天鈺,上市,-394000.0,29000.0,2240.0,-362760.0,121253603.0
3653,健策,上市,-391440.0,23500.0,-3886.0,-371826.0,142922005.0
2014,中鴻,上市,-394136.0,0.0,21998.0,-372138.0,1435544446.0
5234,達興材料,上市,-345900.0,-14000.0,-12844.0,-372744.0,102715911.0
6962,奕力-KY,上市,-367000.0,0.0,-6181.0,-373181.0,492396565.0
3062,建漢,上市,-339358.0,0.0,-37307.0,-376665.0,330091818.0
3042,晶技,上市,-375050.0,0.0,-11349.0,-386399.0,342992971.0
3034,聯詠,上市,-489728.0,15080.0,84691.0,-389957.0,608511469.0
1440,南紡,上市,-384000.0,0.0,-6972.0,-390972.0,1656815857.0
1476,儒鴻,上市,-357144.0,-24831.0,-9723.0,-391698.0,274367111.0
3596,智易,上市,-408900.0,31000.0,-29144.0,-407044.0,220354321.0
5521,工信,上市,-431000.0,0.0,17909.0,-413091.0,492280155.0
1789,神隆,上市,-418502.0,0.0,-1087.0,-419589.0,790739222.0
2385,群光,上市,-643528.0,-35925.0,259235.0,-420218.0,760053172.0
00675L,富邦臺灣加權正2,上市,69700.0,0.0,-493775.0,-424075.0,122786000.0
3006,晶豪科,上市,-183041.0,-35000.0,-207211.0,-425252.0,297285758.0
8996,高力,上市,-429850.0,16999.0,-16831.0,-429682.0,91471435.0
4906,正文,上市,-424550.0,-5353.0,-3612.0,-433515.0,427594111.0
1727,中華化,上市,-439500.0,-2000.0,140.0,-441360.0,125365479.0
1712,興農,上市,-246000.0,0.0,-198781.0,-444781.0,420492585.0
1608,華榮,上市,-409000.0,0.0,-36216.0,-445216.0,632773506.0
1773,勝一,上市,-442000.0,0.0,-15289.0,-457289.0,300000000.0
00693U,期街口S&P黃豆,上市,6000.0,0.0,-466361.0,-460361.0,98666000.0
9914,美利達,上市,-451741.0,0.0,-9740.0,-461481.0,298983800.0
3450,聯鈞,上市,-454507.0,0.0,-13575.0,-468082.0,145681382.0
3048,益登,上市,-471000.0,0.0,-33988.0,-504988.0,269829794.0
2374,佳能,上市,-476000.0,0.0,-30741.0,-506741.0,336579133.0
1307,三芳,上市,-480000.0,0.0,-27282.0,-507282.0,397818126.0
4763,材料*-KY,上市,-454472.0,-8000.0,-46953.0,-509425.0,989146670.0
3543,州巧,上市,-513782.0,0.0,4000.0,-509782.0,110263150.0
3380,明泰,上市,-239000.0,0.0,-278906.0,-517906.0,541718460.0
00923,群益台ESG低碳50,上市,213027.0,0.0,-736117.0,-523090.0,948923000.0
6438,迅得,上市,-410000.0,1000.0,-115809.0,-524809.0,82206325.0
2354,鴻準,上市,-499096.0,3000.0,-32304.0,-528400.0,1414485192.0
2515,中工,上市,-516000.0,-2000.0,-17323.0,-535323.0,1607904084.0
2412,中華電,上市,-525787.0,63244.0,-81000.0,-543543.0,7757446545.0
2606,裕民,上市,-474278.0,-3516.0,-67294.0,-545088.0,845055712.0
9910,豐泰,上市,-630257.0,22000.0,54981.0,-553276.0,987482831.0
009813,貝萊德標普卓越50,上市,-25950.0,0.0,-529000.0,-554950.0,586824000.0
4949,有成精密,上市,-519400.0,0.0,-37000.0,-556400.0,67050543.0
00650L,復華香港正2,上市,-20000.0,0.0,-539485.0,-559485.0,125338000.0
3044,健鼎,上市,-742768.0,-26606.0,209673.0,-559701.0,525605898.0
00907,永豐優息存股,上市,25290.0,0.0,-589767.0,-564477.0,178133000.0
3714,富采,上市,-1356392.0,0.0,791538.0,-564854.0,737940460.0
4526,東台,上市,-563971.0,0.0,-4199.0,-568170.0,254826461.0
6139,亞翔,上市,-564925.0,-3000.0,-1994.0,-569919.0,233319058.0
2009,第一銅,上市,-556800.0,-4000.0,-14213.0,-575013.0,359622165.0
2049,上銀,上市,-153111.0,-325000.0,-106865.0,-584976.0,353792240.0
00912,中信臺灣智慧50,上市,-126000.0,0.0,-461355.0,-587355.0,57253000.0
3708,上緯投控,上市,-533000.0,0.0,-55163.0,-588163.0,97605384.0
4967,十銓,上市,-521000.0,-1000.0,-69946.0,-591946.0,84963288.0
6191,精成科,上市,-566000.0,0.0,-26285.0,-592285.0,499303000.0
1504,東元,上市,-545757.0,0.0,-47161.0,-592918.0,2376440684.0
2357,華碩,上市,-1249566.0,414502.0,212018.0,-623046.0,742760280.0
3149,正達,上市,-635000.0,0.0,1112.0,-633888.0,226233604.0
6257,矽格,上市,-425950.0,183000.0,-404715.0,-647665.0,483912325.0
2547,日勝生,上市,-651000.0,0.0,23.0,-650977.0,1035094649.0
2458,義隆,上市,-634143.0,15936.0,-32923.0,-651130.0,303880392.0
6005,群益證,上市,-723000.0,66000.0,0.0,-657000.0,2170908097.0
1312,國喬,上市,-703000.0,0.0,42671.0,-660329.0,1106620328.0
2010,春源,上市,-642000.0,0.0,-34001.0,-676001.0,647655390.0
3090,日電貿,上市,-665000.0,-4816.0,-8157.0,-677973.0,287567150.0
1536,和大,上市,-635000.0,0.0,-46478.0,-681478.0,278959513.0
00648R,元大S&P500反1,上市,-11000.0,0.0,-676000.0,-687000.0,146688000.0
1313,聯成,上市,-695000.0,0.0,6137.0,-688863.0,1330846107.0
2442,新美齊,上市,-680000.0,0.0,-9000.0,-689000.0,325232021.0
3033,威健,上市,-743000.0,-1000.0,28696.0,-715304.0,478694110.0
2421,建準,上市,-643601.0,0.0,-81988.0,-725589.0,286943669.0
8215,明基材,上市,-751394.0,0.0,-3013.0,-754407.0,320674514.0
2324,仁寶,上市,-604402.0,120687.0,-285613.0,-769328.0,4407146625.0
6757,台灣虎航,上市,-752938.0,0.0,-24999.0,-777937.0,459530000.0
3231,緯創,上市,-2753185.0,1209759.0,736577.0,-806849.0,3180412250.0
00680L,元大美債20正2,上市,-106000.0,0.0,-701185.0,-807185.0,2189576000.0
2889,國票金,上市,-803000.0,-1000.0,-5784.0,-809784.0,3633563471.0
2201,裕隆,上市,-738701.0,-2000.0,-69668.0,-810369.0,1070001251.0
2615,萬海,上市,-447978.0,25618.0,-391361.0,-813721.0,2806146293.0
2609,陽明,上市,-716697.0,3034.0,-101505.0,-815168.0,3492104270.0
2501,國建,上市,-770000.0,4000.0,-53030.0,-819030.0,1159561059.0
2368,金像電,上市,-687608.0,19310.0,-153080.0,-821378.0,491839505.0
6278,台表科,上市,-853000.0,38718.0,-8876.0,-823158.0,292398353.0
2454,聯發科,上市,-824336.0,-27277.0,11239.0,-840374.0,1603904290.0
2492,華新科,上市,-988095.0,13000.0,112284.0,-862811.0,485804774.0
5469,瀚宇博,上市,-857000.0,0.0,-22041.0,-879041.0,486166000.0
9938,百和,上市,-849100.0,0.0,-30778.0,-879878.0,297963902.0
1711,永光,上市,-709900.0,0.0,-213497.0,-923397.0,547752226.0
2495,普安,上市,-826870.0,-4000.0,-95753.0,-926623.0,273551538.0
00894,中信小資高價30,上市,90000.0,0.0,-1018903.0,-928903.0,142009000.0
3060,銘異,上市,-937000.0,0.0,2766.0,-934234.0,137563190.0
4989,榮科,上市,-935760.0,0.0,-8067.0,-943827.0,137776500.0
00688L,國泰20年美債正2,上市,-2021000.0,0.0,1040666.0,-980334.0,927115000.0
1582,信錦,上市,-1335761.0,0.0,332361.0,-1003400.0,144268604.0
1409,新纖,上市,-931000.0,0.0,-82937.0,-1013937.0,1618409286.0
006208,富邦台50,上市,-279345.0,0.0,-794735.0,-1074080.0,1869540000.0
5871,中租-KY,上市,-1115768.0,-21307.0,56867.0,-1080208.0,1711421161.0
9904,寶成,上市,-1971459.0,50247.0,815201.0,-1106011.0,2946787213.0
00905,FT臺灣Smart,上市,-162999.0,0.0,-954681.0,-1117680.0,352827000.0
00662,富邦NASDAQ,上市,-7880.0,0.0,-1112682.0,-1120562.0,706029000.0
00641R,富邦日本反1,上市,0.0,0.0,-1123839.0,-1123839.0,78258000.0
2329,華泰,上市,-1514950.0,-7000.0,343898.0,-1178052.0,658976333.0
00964,中信亞太高股息,上市,-119000.0,0.0,-1102548.0,-1221548.0,50624000.0
2504,國產,上市,-1207000.0,-10013.0,-17660.0,-1234673.0,1180000000.0
00982A,主動群益台灣強棒,上市,264124.0,0.0,-1520611.0,-1256487.0,1883936000.0
2498,宏達電,上市,-1021400.0,0.0,-246976.0,-1268376.0,835198486.0
00935,野村臺灣新科技50,上市,-102972.0,-356000.0,-814184.0,-1273156.0,525004000.0
2485,兆赫,上市,-1143134.0,0.0,-145951.0,-1289085.0,317689037.0
009804,聯邦台精彩50,上市,-81000.0,0.0,-1221078.0,-1302078.0,110392000.0
2328,廣宇,上市,-1120000.0,0.0,-188535.0,-1308535.0,518346282.0
00673R,期元大S&P原油反1,上市,-478000.0,0.0,-850944.0,-1328944.0,249550646.0
6285,啟碁,上市,-2077099.0,775000.0,-47033.0,-1349132.0,483663719.0
00865B,國泰US短期公債,上市,-7000.0,0.0,-1372959.0,-1379959.0,214744000.0
2855,統一證,上市,-1448000.0,1000.0,0.0,-1447000.0,1601414478.0
00892,富邦台灣半導體,上市,536000.0,30000.0,-2102981.0,-1536981.0,245792000.0
00686R,群益臺灣加權反1,上市,15000.0,0.0,-1563700.0,-1548700.0,162776000.0
00738U,期元大道瓊白銀,上市,958400.0,0.0,-2550491.0,-1592091.0,297299000.0
00980A,主動野村臺灣優選,上市,146000.0,0.0,-1739579.0,-1593579.0,690730000.0
00940,元大台灣價值高息,上市,1599000.0,0.0,-3222911.0,-1623911.0,8292865000.0
3437,榮創,上市,-1680000.0,0.0,-6715.0,-1686715.0,144548000.0
00953B,群益優選非投等債,上市,500.0,0.0,-1705000.0,-1704500.0,4208175000.0
1304,台聚,上市,-1929801.0,0.0,207259.0,-1722542.0,1188763500.0
2353,宏碁,上市,-2546443.0,-22125.0,802954.0,-1765614.0,3047853828.0
8028,昇陽半導體,上市,-1606680.0,-2000.0,-178256.0,-1786936.0,172628033.0
2419,仲琦,上市,-1529500.0,0.0,-269864.0,-1799364.0,321317229.0
8422,可寧衛*,上市,-1629000.0,-17000.0,-171875.0,-1817875.0,1136796050.0
2308,台達電,上市,-2171503.0,96101.0,240799.0,-1834603.0,2597543329.0
00669R,國泰美國道瓊反1,上市,0.0,0.0,-1838069.0,-1838069.0,216117000.0
00637L,元大滬深300正2,上市,123000.0,0.0,-1990570.0,-1867570.0,1026106000.0
1309,台達化,上市,-2097000.0,0.0,181004.0,-1915996.0,397586848.0
2369,菱生,上市,-1719796.0,0.0,-239458.0,-1959254.0,380102344.0
1528,恩德,上市,-1837000.0,-2000.0,-123998.0,-1962998.0,191331000.0
2801,彰銀,上市,-2045917.0,-27000.0,87000.0,-1985917.0,11766046253.0
8112,至上,上市,-1865500.0,-3016.0,-204684.0,-2073200.0,525291698.0
3376,新日興,上市,-2062000.0,0.0,-81054.0,-2143054.0,195763822.0
1326,台化,上市,-2215573.0,17000.0,6380.0,-2192193.0,5861186291.0
8110,華東,上市,-2196087.0,-6000.0,-54459.0,-2256546.0,517739876.0
2327,國巨*,上市,-2153750.0,-44668.0,-76609.0,-2275027.0,2072965820.0
00663L,國泰臺灣加權正2,上市,1033000.0,0.0,-3318221.0,-2285221.0,175663000.0
3706,神達,上市,-2216973.0,0.0,-85414.0,-2302387.0,1327212468.0
00985B,群益ESG投等債0-5,上市,532000.0,0.0,-2839289.0,-2307289.0,498501000.0
00987A,主動台新優勢成長,上市,-1505000.0,0.0,-870021.0,-2375021.0,135143000.0
6239,力成,上市,-2914322.0,151500.0,305018.0,-2457804.0,759146634.0
1314,中石化,上市,-2371261.0,0.0,-135060.0,-2506321.0,3784850130.0
2313,華通,上市,-2125489.0,389000.0,-773587.0,-2510076.0,1191820589.0
1605,華新,上市,-2298238.0,-177395.0,-156553.0,-2632186.0,4431332948.0
1308,亞聚,上市,-2607000.0,0.0,-58667.0,-2665667.0,593743919.0
00881,國泰台灣科技龍頭,上市,-3212737.0,0.0,522106.0,-2690631.0,2390903000.0
1305,華夏,上市,-2732833.0,0.0,-22472.0,-2755305.0,581050494.0
1101,台泥,上市,-2901497.0,-6000.0,135038.0,-2772459.0,7523181742.0
00946,群益科技高息成長,上市,-237000.0,0.0,-2641374.0,-2878374.0,612746000.0
00753L,中信中國50正2,上市,-2572000.0,0.0,-374038.0,-2946038.0,765657000.0
2610,華航,上市,-2205306.0,-582000.0,-173670.0,-2960976.0,6083923559.0
2382,廣達,上市,-4648824.0,1037842.0,301369.0,-3309613.0,3862627432.0
8210,勤誠,上市,-2390513.0,-974000.0,-74359.0,-3438872.0,125302665.0
4958,臻鼎-KY,上市,-3973801.0,223482.0,284360.0,-3465959.0,956652509.0
00671R,富邦NASDAQ反1,上市,0.0,0.0,-3572566.0,-3572566.0,561884000.0
1802,台玻,上市,-3261820.0,0.0,-401156.0,-3662976.0,2908060800.0
00992A,主動群益科技創新,上市,6214076.0,0.0,-10136062.0,-3921986.0,1602455000.0
00891,中信關鍵半導體,上市,-683957.0,0.0,-3313184.0,-3997141.0,1370090000.0
3715,定穎投控,上市,-3920895.0,-20000.0,-103993.0,-4044888.0,283574584.0
00984A,主動安聯台灣高息,上市,-13000.0,0.0,-4360882.0,-4373882.0,360958000.0
00909,國泰數位支付服務,上市,-1211395.0,0.0,-3171057.0,-4382452.0,205204000.0
1303,南亞,上市,-6438337.0,2535000.0,-610028.0,-4513365.0,7930821589.0
00712,復華富時不動產,上市,-2584000.0,0.0,-2514556.0,-5098556.0,5182511000.0
2408,南亞科,上市,-3486075.0,-1004427.0,-832968.0,-5323470.0,3098627894.0
00918,大華優利高填息30,上市,-32880.0,0.0,-5417705.0,-5450585.0,3800764000.0
2317,鴻海,上市,-5413842.0,-433548.0,327433.0,-5519957.0,13964222294.0
00922,國泰台灣領袖50,上市,-182658.0,0.0,-5553519.0,-5736177.0,1996186000.0
2885,元大金,上市,-9930139.0,1720366.0,2322498.0,-5887275.0,13331149946.0
2449,京元電子,上市,-3664790.0,-2357927.0,94326.0,-5928391.0,1222745065.0
1402,遠東新,上市,-6046307.0,71042.0,-87513.0,-6062778.0,5352875227.0
2489,瑞軒,上市,-5500122.0,-32000.0,-646663.0,-6178785.0,610000000.0
00665L,富邦恒生國企正2,上市,-914000.0,0.0,-5716174.0,-6630174.0,511465000.0
2367,燿華,上市,-7349381.0,-11000.0,-125313.0,-7485694.0,706253175.0
00996A,主動兆豐台灣豐收,上市,6500.0,0.0,-9099882.0,-9093382.0,303899000.0
6919,康霈*,上市,-9345539.0,0.0,-11012.0,-9356551.0,1550897860.0
2330,台積電,上市,-9385603.0,-192771.0,136029.0,-9442345.0,25932524521.0
0052,富邦科技,上市,-7140305.0,-100000.0,-7713093.0,-14953398.0,2528000000.0
00929,復華台灣科技優息,上市,-4880539.0,0.0,-11648238.0,-16528777.0,5753139000.0
00878,國泰永續高股息,上市,-4384733.0,0.0,-20146814.0,-24531547.0,19987290000.0
009816,凱基台灣TOP50,上市,2486160.0,0.0,-30133591.0,-27647431.0,8209844000.0
00927,群益半導體收益,上市,-33928.0,0.0,-29939248.0,-29973176.0,669397000.0
00919,群益台灣精選高息,上市,-3110476.0,0.0,-35115160.0,-38225636.0,19409135000.0
00981A,主動統一台股增長,上市,-27873722.0,0.0,-19293486.0,-47167208.0,5135209000.0
0050,元大台灣50,上市,-44024005.0,3000000.0,-11292333.0,-52316338.0,18504000000.0
0056,元大高股息,上市,-15313769.0,250000.0,-103914231.0,-118978000.0,14239034000.0
00631L,元大台灣50正2,上市,-33088445.0,-7656000.0,-91353863.0,-132098308.0,3804848000.0
006201,元大富櫃50,上櫃,0.0,0.0,0.0,-4089.0,0.0
00679B,元大美債20年,上櫃,0.0,0.0,0.0,-6548945.0,0.0
00687B,國泰20年美債,上櫃,0.0,0.0,0.0,2013441.0,0.0
00687C,國泰20年美債+櫃U,上櫃,0.0,0.0,0.0,0.0,0.0
00694B,富邦美債1-3,上櫃,0.0,0.0,0.0,6275.0,0.0
00695B,富邦美債7-10,上櫃,0.0,0.0,0.0,-2093.0,0.0
00696B,富邦美債20年,上櫃,0.0,0.0,0.0,-162797.0,0.0
00697B,元大美債7-10,上櫃,0.0,0.0,0.0,8408.0,0.0
00719B,元大美債1-3,上櫃,0.0,0.0,0.0,676197.0,0.0
00720B,元大投資級公司債,上櫃,0.0,0.0,0.0,1030104.0,0.0
00722B,群益投資級電信債,上櫃,0.0,0.0,0.0,-18988.0,0.0
00723B,群益投資級科技債,上櫃,0.0,0.0,0.0,30000.0,0.0
00724B,群益投資級金融債,上櫃,0.0,0.0,0.0,-24523.0,0.0
00725B,國泰投資級公司債,上櫃,0.0,0.0,0.0,706173.0,0.0
00726B,國泰新興投等債,上櫃,0.0,0.0,0.0,-6781.0,0.0
00727B,國泰優選非投等債,上櫃,0.0,0.0,0.0,24196.0,0.0
00734B,台新JPM新興債,上櫃,0.0,0.0,0.0,1000.0,0.0
00740B,富邦全球投等債,上櫃,0.0,0.0,0.0,-223986.0,0.0
00741B,富邦全球非投等債,上櫃,0.0,0.0,0.0,3074.0,0.0
00746B,富邦A級公司債,上櫃,0.0,0.0,0.0,-151722.0,0.0
00749B,凱基新興債10+,上櫃,0.0,0.0,0.0,0.0,0.0
00750B,凱基科技債10+,上櫃,0.0,0.0,0.0,0.0,0.0
00751B,元大AAA至A公司債,上櫃,0.0,0.0,0.0,912072.0,0.0
00754B,群益AAA-AA公司債,上櫃,0.0,0.0,0.0,3996.0,0.0
00755B,群益投資級公用債,上櫃,0.0,0.0,0.0,-997.0,0.0
00756B,群益投等新興公債,上櫃,0.0,0.0,0.0,-3000.0,0.0
00758B,復華能源債,上櫃,0.0,0.0,0.0,-2.0,0.0
00759B,復華製藥債,上櫃,0.0,0.0,0.0,-328.0,0.0
00760B,復華新興企業債,上櫃,0.0,0.0,0.0,-1261.0,0.0
00761B,國泰A級公司債,上櫃,0.0,0.0,0.0,18896.0,0.0
00764B,群益25年美債,上櫃,0.0,0.0,0.0,-35565.0,0.0
00768B,復華20年美債,上櫃,0.0,0.0,0.0,-27939.0,0.0
00772B,中信高評級公司債,上櫃,0.0,0.0,0.0,575067.0,0.0
00773B,中信優先金融債,上櫃,0.0,0.0,0.0,407622.0,0.0
00777B,凱基AAA至A公司債,上櫃,0.0,0.0,0.0,-1000.0,0.0
00778B,凱基金融債20+,上櫃,0.0,0.0,0.0,1000.0,0.0
00779B,凱基美債25+,上櫃,0.0,0.0,0.0,0.0,0.0
00780B,國泰A級金融債,上櫃,0.0,0.0,0.0,-3000.0,0.0
00781B,國泰A級科技債,上櫃,0.0,0.0,0.0,-3874.0,0.0
00782B,國泰A級公用債,上櫃,0.0,0.0,0.0,-508.0,0.0
00785B,富邦金融投等債,上櫃,0.0,0.0,0.0,605.0,0.0
00786B,元大10年IG銀行債,上櫃,0.0,0.0,0.0,0.0,0.0
00787B,元大10年IG醫療債,上櫃,0.0,0.0,0.0,16940.0,0.0
00788B,元大10年IG電能債,上櫃,0.0,0.0,0.0,91990.0,0.0
00789B,復華公司債A3,上櫃,0.0,0.0,0.0,1118.0,0.0
00791B,復華信用債1-5,上櫃,0.0,0.0,0.0,-800.0,0.0
00792B,群益A級公司債,上櫃,0.0,0.0,0.0,2000.0,0.0
00793B,群益AAA-A醫療債,上櫃,0.0,0.0,0.0,0.0,0.0
00795B,中信美國公債20年,上櫃,0.0,0.0,0.0,-216646.0,0.0
00799B,國泰A級醫療債,上櫃,0.0,0.0,0.0,7105.0,0.0
00834B,第一金金融債10+,上櫃,0.0,0.0,0.0,0.0,0.0
00836B,永豐10年A公司債,上櫃,0.0,0.0,0.0,4000.0,0.0
00840B,凱基IG精選15+,上櫃,0.0,0.0,0.0,0.0,0.0
00841B,凱基AAA-AA公司債,上櫃,0.0,0.0,0.0,0.0,0.0
00842B,台新美元銀行債,上櫃,0.0,0.0,0.0,-6000.0,0.0
00844B,新光15年IG金融債,上櫃,0.0,0.0,0.0,0.0,0.0
00845B,富邦新興投等債,上櫃,0.0,0.0,0.0,0.0,0.0
00846B,富邦歐洲銀行債,上櫃,0.0,0.0,0.0,1000.0,0.0
00847B,中信美國市政債,上櫃,0.0,0.0,0.0,-1009.0,0.0
00848B,中信新興亞洲債,上櫃,0.0,0.0,0.0,-3.0,0.0
00849B,中信EM主權債0-5,上櫃,0.0,0.0,0.0,-4915.0,0.0
00853B,統一美債10年Aa-A,上櫃,0.0,0.0,0.0,16596.0,0.0
00856B,永豐1-3年美公債,上櫃,0.0,0.0,0.0,-8000.0,0.0
00857B,永豐20年美公債,上櫃,0.0,0.0,0.0,615402.0,0.0
00858,永豐美國500大,上櫃,0.0,0.0,0.0,-47904.0,0.0
00859B,群益0-1年美債,上櫃,0.0,0.0,0.0,2000.0,0.0
00860B,群益1-5Y投資級債,上櫃,0.0,0.0,0.0,0.0,0.0
00862B,中信投資級公司債,上櫃,0.0,0.0,0.0,-14111.0,0.0
00863B,中信全球電信債,上櫃,0.0,0.0,0.0,0.0,0.0
00864B,中信美國公債0-1,上櫃,0.0,0.0,0.0,-180000.0,0.0
00867B,新光A-BBB電信債,上櫃,0.0,0.0,0.0,0.0,0.0
00870B,元大15年EM主權債,上櫃,0.0,0.0,0.0,0.0,0.0
00877,復華中國5G,上櫃,0.0,0.0,0.0,786236.0,0.0
00883B,中信ESG投資級債,上櫃,0.0,0.0,0.0,9430.0,0.0
00884B,中信低碳新興債,上櫃,0.0,0.0,0.0,-1179.0,0.0
00886,永豐美國科技,上櫃,0.0,0.0,0.0,52.0,0.0
00887,永豐中國科技50大,上櫃,0.0,0.0,0.0,833077.0,0.0
00888,永豐台灣ESG,上櫃,0.0,0.0,0.0,-13118461.0,0.0
00890B,凱基ESG BBB債15+,上櫃,0.0,0.0,0.0,1000.0,0.0
00928,中信上櫃ESG 30,上櫃,0.0,0.0,0.0,-682840.0,0.0
00931B,統一美債20年,上櫃,0.0,0.0,0.0,-382838.0,0.0
00933B,國泰10Y+金融債,上櫃,0.0,0.0,0.0,2760368.0,0.0
00937B,群益ESG投等債20+,上櫃,0.0,0.0,0.0,-8961871.0,0.0
00942B,台新美A公司債20+,上櫃,0.0,0.0,0.0,132571.0,0.0
00948B,中信優息投資級債,上櫃,0.0,0.0,0.0,1526902.0,0.0
00950B,凱基A級公司債,上櫃,0.0,0.0,0.0,296865.0,0.0
00955,中信日本商社,上櫃,0.0,0.0,0.0,2726582.0,0.0
00957B,兆豐US優選投等債,上櫃,0.0,0.0,0.0,103053.0,0.0
00958B,永豐ESG銀行債15+,上櫃,0.0,0.0,0.0,115424.0,0.0
00959B,大華投等美債15Y+,上櫃,0.0,0.0,0.0,290744.0,0.0
00966B,統一ESG投等債15+,上櫃,0.0,0.0,0.0,130501.0,0.0
00967B,元大優息美債,上櫃,0.0,0.0,0.0,274355.0,0.0
00968B,元大優息投等債,上櫃,0.0,0.0,0.0,520623.0,0.0
00969B,元大零息超長美債,上櫃,0.0,0.0,0.0,-686086.0,0.0
00970B,新光BBB投等債20+,上櫃,0.0,0.0,0.0,90122.0,0.0
009806,台新標普500,上櫃,0.0,0.0,0.0,-53657.0,0.0
009807,台新標普科技精選,上櫃,0.0,0.0,0.0,79612.0,0.0
00980B,台新特選IG債10+,上櫃,0.0,0.0,0.0,157666.0,0.0
00980D,主動聯博投等入息,上櫃,0.0,0.0,0.0,192445.0,0.0
00980T,平衡凱基美國TOP,上櫃,0.0,0.0,0.0,49308.0,0.0
009814,富邦標普500,上櫃,0.0,0.0,0.0,62055.0,0.0
009815,大華美國MAG7+,上櫃,0.0,0.0,0.0,-1418710.0,0.0
00981B,第一金優選非投債,上櫃,0.0,0.0,0.0,6826000.0,0.0
00981D,主動中信非投等債,上櫃,0.0,0.0,0.0,7917424.0,0.0
00982B,FT投資級債20+,上櫃,0.0,0.0,0.0,-4014.0,0.0
00983B,大華優利美公債20,上櫃,0.0,0.0,0.0,-77326.0,0.0
00984B,大華優利美A債15,上櫃,0.0,0.0,0.0,662931.0,0.0
00985D,主動貝萊德優投等,上櫃,0.0,0.0,0.0,896607.0,0.0
00986B,FT金融債10+,上櫃,0.0,0.0,0.0,20000.0,0.0
00987B,野村10+澳洲公債,上櫃,0.0,0.0,0.0,-387378.0,0.0
00988B,玉山嚴選非投債,上櫃,0.0,0.0,0.0,371880.0,0.0
00989B,台新美國非投等債,上櫃,0.0,0.0,0.0,7815000.0,0.0
020025,統一亞洲半導體N,上櫃,0.0,0.0,0.0,-27000.0,0.0
020027,元大上櫃ESG成長N,上櫃,0.0,0.0,0.0,-1000.0,0.0
020035,元大上櫃ESG高息N,上櫃,0.0,0.0,0.0,-16000.0,0.0
020040,元大上櫃ESG龍頭N,上櫃,0.0,0.0,0.0,-4000.0,0.0
020041,兆豐半導體氣候N,上櫃,0.0,0.0,0.0,-2000.0,0.0
1264,德麥,上櫃,0.0,0.0,0.0,-2000.0,37052367.0
1268,漢來美食,上櫃,0.0,0.0,0.0,1000.0,42223730.0
1294,漢田生技,上櫃,0.0,0.0,0.0,0.0,36625875.0
1295,生合,上櫃,0.0,0.0,0.0,3057.0,37599800.0
1565,精華,上櫃,0.0,0.0,0.0,23000.0,50416516.0
1569,濱川,上櫃,0.0,0.0,0.0,20268.0,144247441.0
1570,力肯,上櫃,0.0,0.0,0.0,-6000.0,51500839.0
1580,新麥,上櫃,0.0,0.0,0.0,1000.0,49339242.0
1584,精剛,上櫃,0.0,0.0,0.0,69491.0,232470533.0
1586,和勤,上櫃,0.0,0.0,0.0,-55000.0,129500467.0
1591,駿吉-KY,上櫃,0.0,0.0,0.0,-34000.0,38048047.0
1593,祺驊,上櫃,0.0,0.0,0.0,2000.0,39784772.0
1595,川寶,上櫃,0.0,0.0,0.0,7000.0,57554896.0
1599,宏佳騰,上櫃,0.0,0.0,0.0,-1000.0,73028764.0
1777,生泰,上櫃,0.0,0.0,0.0,-1000.0,44591713.0
1781,合世,上櫃,0.0,0.0,0.0,-1100.0,47407605.0
1784,訊聯,上櫃,0.0,0.0,0.0,-56.0,53121191.0
1785,光洋科,上櫃,0.0,0.0,0.0,-2789461.0,595950743.0
1788,杏昌,上櫃,0.0,0.0,0.0,3000.0,44520971.0
1796,金穎生技,上櫃,0.0,0.0,0.0,-14000.0,41459793.0
1799,易威,上櫃,0.0,0.0,0.0,-3000.0,248775894.0
1813,寶利徠,上櫃,0.0,0.0,0.0,7000.0,46635510.0
1815,富喬,上櫃,0.0,0.0,0.0,-3056195.0,585459487.0
2061,風青,上櫃,0.0,0.0,0.0,-12000.0,57378052.0
2063,世鎧,上櫃,0.0,0.0,0.0,-1000.0,48101453.0
2064,晉椿,上櫃,0.0,0.0,0.0,10000.0,69330000.0
2065,世豐,上櫃,0.0,0.0,0.0,-15098.0,63516707.0
2066,世德,上櫃,0.0,0.0,0.0,-1000.0,44449527.0
2070,精湛,上櫃,0.0,0.0,0.0,-12750.0,41782800.0
2221,大甲,上櫃,0.0,0.0,0.0,-3000.0,42325000.0
2230,泰茂,上櫃,0.0,0.0,0.0,-93287.0,68029605.0
2596,綠意,上櫃,0.0,0.0,0.0,-7000.0,100000000.0
2640,大車隊,上櫃,0.0,0.0,0.0,92970.0,59264956.0
2641,正德,上櫃,0.0,0.0,0.0,-201221.0,330333744.0
2643,捷迅,上櫃,0.0,0.0,0.0,-3000.0,35000000.0
2718,全心投控,上櫃,0.0,0.0,0.0,-3000.0,87576000.0
2719,燦星旅,上櫃,0.0,0.0,0.0,3000.0,69182500.0
2729,瓦城,上櫃,0.0,0.0,0.0,-1000.0,43040783.0
2732,六角,上櫃,0.0,0.0,0.0,-2000.0,46518570.0
2734,易飛網,上櫃,0.0,0.0,0.0,3230.0,57259760.0
2736,富野,上櫃,0.0,0.0,0.0,17296.0,79972230.0
2743,山富,上櫃,0.0,0.0,0.0,-15874.0,46815210.0
2745,五福,上櫃,0.0,0.0,0.0,23022.0,33808526.0
2751,王座,上櫃,0.0,0.0,0.0,1000.0,19811250.0
2752,豆府,上櫃,0.0,0.0,0.0,1000.0,26693861.0
2754,亞洲藏壽司,上櫃,0.0,0.0,0.0,-3000.0,46907000.0
2755,揚秦,上櫃,0.0,0.0,0.0,-6000.0,46792491.0
2756,聯發國際,上櫃,0.0,0.0,0.0,-7000.0,24597584.0
2916,滿心,上櫃,0.0,0.0,0.0,5000.0,64626878.0
2926,誠品生活,上櫃,0.0,0.0,0.0,4000.0,47389650.0
2948,寶陞,上櫃,0.0,0.0,0.0,-1000.0,32000000.0
3066,李洲,上櫃,0.0,0.0,0.0,-28311.0,83070612.0
3071,協禧,上櫃,0.0,0.0,0.0,194000.0,110000000.0
3073,天方能源,上櫃,0.0,0.0,0.0,17109.0,39511028.0
3078,僑威,上櫃,0.0,0.0,0.0,-195589.0,227391064.0
3081,聯亞,上櫃,0.0,0.0,0.0,778472.0,101869004.0
3083,網龍,上櫃,0.0,0.0,0.0,-7000.0,86486858.0
3086,華義,上櫃,0.0,0.0,0.0,57942.0,272710510.0
3088,艾訊,上櫃,0.0,0.0,0.0,-59432.0,113011197.0
3093,港建*,上櫃,0.0,0.0,0.0,-9000.0,145155576.0
3105,穩懋,上櫃,0.0,0.0,0.0,5551398.0,423940384.0
3114,好德,上櫃,0.0,0.0,0.0,-6000.0,67722584.0
3118,進階,上櫃,0.0,0.0,0.0,-1000.0,32452860.0
3122,笙泉,上櫃,0.0,0.0,0.0,10000.0,40771918.0
3128,昇銳,上櫃,0.0,0.0,0.0,30112.0,50156538.0
3131,弘塑,上櫃,0.0,0.0,0.0,141432.0,29258927.0
3141,晶宏,上櫃,0.0,0.0,0.0,1553.0,75460728.0
3147,大綜,上櫃,0.0,0.0,0.0,-30464.0,43686831.0
3152,璟德,上櫃,0.0,0.0,0.0,-361941.0,39016200.0
3158,嘉實,上櫃,0.0,0.0,0.0,-1000.0,30665925.0
3162,精確,上櫃,0.0,0.0,0.0,929468.0,154153162.0
3163,波若威,上櫃,0.0,0.0,0.0,1615514.0,94635370.0
3169,亞信,上櫃,0.0,0.0,0.0,-39894.0,63306981.0
3171,炎洲流通,上櫃,0.0,0.0,0.0,-1000.0,33118158.0
3176,基亞,上櫃,0.0,0.0,0.0,156000.0,139306755.0
3178,公準,上櫃,0.0,0.0,0.0,-1112.0,45050000.0
3188,鑫龍騰,上櫃,0.0,0.0,0.0,-177152.0,189087767.0
3205,佰研,上櫃,0.0,0.0,0.0,-27667.0,67545631.0
3206,志豐,上櫃,0.0,0.0,0.0,-10000.0,58916621.0
3207,耀勝,上櫃,0.0,0.0,0.0,-56010.0,66422124.0
3211,順達,上櫃,0.0,0.0,0.0,405060.0,154387021.0
3213,茂訊,上櫃,0.0,0.0,0.0,-1121.0,58685547.0
3217,優群,上櫃,0.0,0.0,0.0,-66634.0,90104203.0
3218,大學光,上櫃,0.0,0.0,0.0,-7763.0,84724899.0
3219,倚強科,上櫃,0.0,0.0,0.0,6013.0,71780880.0
3221,台嘉碩,上櫃,0.0,0.0,0.0,-2130996.0,104989210.0
3224,三顧,上櫃,0.0,0.0,0.0,-1000.0,78172648.0
3226,龍鋒,上櫃,0.0,0.0,0.0,1000.0,64430573.0
3227,原相,上櫃,0.0,0.0,0.0,-160874.0,151912842.0
3228,金麗科,上櫃,0.0,0.0,0.0,27220.0,71937495.0
3230,錦明,上櫃,0.0,0.0,0.0,-82998.0,86010900.0
3232,昱捷,上櫃,0.0,0.0,0.0,1000.0,46567865.0
3234,光環,上櫃,0.0,0.0,0.0,5863.0,111474692.0
3236,千如,上櫃,0.0,0.0,0.0,-751151.0,105000613.0
3252,海灣,上櫃,0.0,0.0,0.0,-7000.0,50195754.0
3259,鑫創,上櫃,0.0,0.0,0.0,-38001.0,72965934.0
3260,威剛,上櫃,0.0,0.0,0.0,-4641610.0,336463418.0
3264,欣銓,上櫃,0.0,0.0,0.0,-1632662.0,490170076.0
3265,台星科,上櫃,0.0,0.0,0.0,349750.0,136261659.0
3268,海德威,上櫃,0.0,0.0,0.0,0.0,34720796.0
3272,東碩,上櫃,0.0,0.0,0.0,-3000.0,61176789.0
3276,宇環,上櫃,0.0,0.0,0.0,-13000.0,69712666.0
3284,太普高,上櫃,0.0,0.0,0.0,6209.0,108482473.0
3285,微端,上櫃,0.0,0.0,0.0,0.0,42735324.0
3287,廣寰科,上櫃,0.0,0.0,0.0,0.0,43970483.0
3289,宜特,上櫃,0.0,0.0,0.0,74701.0,86746371.0
3290,東浦,上櫃,0.0,0.0,0.0,-76269.0,90215034.0
3293,鈊象,上櫃,0.0,0.0,0.0,172058.0,281801560.0
3294,英濟,上櫃,0.0,0.0,0.0,25756.0,132015919.0
3297,杭特,上櫃,0.0,0.0,0.0,-15305.0,36049445.0
3303,岱稜,上櫃,0.0,0.0,0.0,-32000.0,94790607.0
3306,鼎天,上櫃,0.0,0.0,0.0,-24766.0,50607702.0
3310,佳穎,上櫃,0.0,0.0,0.0,-1000.0,74948402.0
3313,斐成,上櫃,0.0,0.0,0.0,-3032.0,221133831.0
3317,尼克森,上櫃,0.0,0.0,0.0,-249065.0,90000000.0
3322,建舜電,上櫃,0.0,0.0,0.0,-9000.0,137582157.0
3323,加百裕,上櫃,0.0,0.0,0.0,-85506.0,99593385.0
3324,雙鴻,上櫃,0.0,0.0,0.0,272035.0,93076837.0
3325,旭品,上櫃,0.0,0.0,0.0,-13453.0,110168610.0
3332,幸康,上櫃,0.0,0.0,0.0,-1000.0,48104246.0
3339,泰谷,上櫃,0.0,0.0,0.0,-70731.0,66568300.0
3349,寶德,上櫃,0.0,0.0,0.0,-43000.0,47821648.0
3354,律勝,上櫃,0.0,0.0,0.0,30000.0,70112426.0
3357,臺慶科,上櫃,0.0,0.0,0.0,-312777.0,116385739.0
3360,尚立,上櫃,0.0,0.0,0.0,-4452.0,76402244.0
3362,先進光,上櫃,0.0,0.0,0.0,-95209.0,147445475.0
3363,上詮,上櫃,0.0,0.0,0.0,-143612.0,113640567.0
3372,典範,上櫃,0.0,0.0,0.0,-65863.0,235324000.0
3373,熱映,上櫃,0.0,0.0,0.0,-4000.0,47618782.0
3374,精材,上櫃,0.0,0.0,0.0,-290295.0,271364316.0
3379,彬台,上櫃,0.0,0.0,0.0,6790.0,38041748.0
3388,崇越電,上櫃,0.0,0.0,0.0,-3000.0,81599825.0
3390,旭軟,上櫃,0.0,0.0,0.0,10821.0,79329659.0
3402,漢科,上櫃,0.0,0.0,0.0,-53489.0,73047692.0
3430,奇鈦科,上櫃,0.0,0.0,0.0,-701.0,33716085.0
3434,哲固,上櫃,0.0,0.0,0.0,3000.0,35754740.0
3438,類比科,上櫃,0.0,0.0,0.0,-1000.0,47165815.0
3441,聯一光,上櫃,0.0,0.0,0.0,-13000.0,40039920.0
3444,利機,上櫃,0.0,0.0,0.0,45360.0,44996877.0
3455,由田,上櫃,0.0,0.0,0.0,524976.0,59850750.0
3465,進泰電子,上櫃,0.0,0.0,0.0,-2000.0,42329862.0
3466,德晉,上櫃,0.0,0.0,0.0,108875.0,77892073.0
3467,台灣精材,上櫃,0.0,0.0,0.0,3000.0,31556569.0
3479,安勤,上櫃,0.0,0.0,0.0,-79118.0,72630164.0
3483,力致,上櫃,0.0,0.0,0.0,29303.0,99049257.0
3484,崧騰,上櫃,0.0,0.0,0.0,-48831.0,78828189.0
3489,森寶,上櫃,0.0,0.0,0.0,-4000.0,90452155.0
3490,單井,上櫃,0.0,0.0,0.0,-48018.0,55006435.0
3491,昇達科,上櫃,0.0,0.0,0.0,143915.0,68805125.0
3492,長盛,上櫃,0.0,0.0,0.0,-84465.0,35531600.0
3498,陽程,上櫃,0.0,0.0,0.0,493245.0,61273008.0
3499,環天科,上櫃,0.0,0.0,0.0,63364.0,54970596.0
3508,位速,上櫃,0.0,0.0,0.0,115000.0,108866737.0
3511,矽瑪,上櫃,0.0,0.0,0.0,-44543.0,79972945.0
3512,皇龍,上櫃,0.0,0.0,0.0,3000.0,113072372.0
3520,華盈,上櫃,0.0,0.0,0.0,-3000.0,83846778.0
3521,台鋼建設,上櫃,0.0,0.0,0.0,1967.0,185765552.0
3522,御嵿,上櫃,0.0,0.0,0.0,6842.0,104096209.0
3523,迎輝,上櫃,0.0,0.0,0.0,3000.0,64257868.0
3526,凡甲,上櫃,0.0,0.0,0.0,-93610.0,66839477.0
3527,聚積,上櫃,0.0,0.0,0.0,-16000.0,44445125.0
3529,力旺,上櫃,0.0,0.0,0.0,-18532.0,74686492.0
3537,堡達,上櫃,0.0,0.0,0.0,-29000.0,56242979.0
3540,曜越,上櫃,0.0,0.0,0.0,-8909.0,84458548.0
3541,西柏,上櫃,0.0,0.0,0.0,-2000.0,56349142.0
3546,宇峻,上櫃,0.0,0.0,0.0,-619.0,61348690.0
3548,兆利,上櫃,0.0,0.0,0.0,-26466.0,68244175.0
3551,世禾,上櫃,0.0,0.0,0.0,5180.0,62274890.0
3552,同致,上櫃,0.0,0.0,0.0,127663.0,97918334.0
3555,博士旺,上櫃,0.0,0.0,0.0,-32000.0,39998797.0
3556,禾瑞亞,上櫃,0.0,0.0,0.0,-7000.0,63702844.0
3558,神準,上櫃,0.0,0.0,0.0,644.0,59060881.0
3564,其陽,上櫃,0.0,0.0,0.0,14184.0,59123100.0
3567,逸昌,上櫃,0.0,0.0,0.0,14000.0,33954000.0
3570,大塚,上櫃,0.0,0.0,0.0,-1000.0,17097000.0
3577,泓格,上櫃,0.0,0.0,0.0,6000.0,63965653.0
3580,友威科,上櫃,0.0,0.0,0.0,102688.0,39470657.0
3581,博磊,上櫃,0.0,0.0,0.0,-70321.0,51006000.0
3587,閎康,上櫃,0.0,0.0,0.0,-55471.0,69369988.0
3594,磐儀,上櫃,0.0,0.0,0.0,35487.0,95948358.0
3597,映興,上櫃,0.0,0.0,0.0,-1000.0,39236440.0
3609,三一東林,上櫃,0.0,0.0,0.0,-4000.0,38419387.0
3611,鼎翰,上櫃,0.0,0.0,0.0,-4000.0,47554634.0
3615,安可,上櫃,0.0,0.0,0.0,-431870.0,68466976.0
3623,富晶通,上櫃,0.0,0.0,0.0,-4162.0,29185946.0
3624,光頡,上櫃,0.0,0.0,0.0,-116521.0,117340842.0
3625,西勝,上櫃,0.0,0.0,0.0,-59779.0,58100000.0
3628,盈正,上櫃,0.0,0.0,0.0,-64267.0,45000000.0
3630,新鉅科,上櫃,0.0,0.0,0.0,-84840.0,204191848.0
3631,晟楠,上櫃,0.0,0.0,0.0,-18000.0,81820909.0
3663,鑫科,上櫃,0.0,0.0,0.0,354754.0,108494074.0
3664,安瑞-KY,上櫃,0.0,0.0,0.0,14361.0,75945377.0
3666,光耀,上櫃,0.0,0.0,0.0,-1000.0,138949850.0
3675,德微,上櫃,0.0,0.0,0.0,-6386.0,53057923.0
3680,家登,上櫃,0.0,0.0,0.0,-170819.0,96211690.0
3684,榮昌,上櫃,0.0,0.0,0.0,2006.0,30304737.0
3685,元創精密,上櫃,0.0,0.0,0.0,-2000.0,79574000.0
3687,歐買尬,上櫃,0.0,0.0,0.0,59317.0,30124059.0
3689,湧德,上櫃,0.0,0.0,0.0,-350388.0,89390991.0
3691,碩禾,上櫃,0.0,0.0,0.0,-38002.0,91883420.0
3693,營邦,上櫃,0.0,0.0,0.0,-250474.0,42990694.0
3707,漢磊,上櫃,0.0,0.0,0.0,-543646.0,400484353.0
3709,鑫聯大投控,上櫃,0.0,0.0,0.0,-275484.0,145569450.0
3710,連展投控,上櫃,0.0,0.0,0.0,4000.0,177086787.0
3713,新晶投控,上櫃,0.0,0.0,0.0,10000.0,88099380.0
4102,永日,上櫃,0.0,0.0,0.0,-1000.0,42373443.0
4105,東洋,上櫃,0.0,0.0,0.0,-206722.0,248649959.0
4107,邦特,上櫃,0.0,0.0,0.0,-3000.0,69298336.0
4109,加捷生醫,上櫃,0.0,0.0,0.0,4861.0,118736681.0
4111,濟生,上櫃,0.0,0.0,0.0,1000.0,59832135.0
4113,聯上,上櫃,0.0,0.0,0.0,-37000.0,231138137.0
4114,健喬,上櫃,0.0,0.0,0.0,-100804.0,550429688.0
4116,明基醫,上櫃,0.0,0.0,0.0,0.0,44566000.0
4120,友華,上櫃,0.0,0.0,0.0,-3000.0,86747119.0
4121,優盛,上櫃,0.0,0.0,0.0,3000.0,83111045.0
4123,晟德,上櫃,0.0,0.0,0.0,-678438.0,807456341.0
4126,太醫,上櫃,0.0,0.0,0.0,2000.0,72600000.0
4128,中天,上櫃,0.0,0.0,0.0,175501.0,588170597.0
4129,聯合,上櫃,0.0,0.0,0.0,-17164.0,96437650.0
4130,健亞,上櫃,0.0,0.0,0.0,268972.0,0.0
4131,浩泰,上櫃,0.0,0.0,0.0,1000.0,39857000.0
4138,曜亞,上櫃,0.0,0.0,0.0,0.0,39930000.0
4147,中裕,上櫃,0.0,0.0,0.0,-50910.0,273202425.0
4153,鈺緯,上櫃,0.0,0.0,0.0,-3000.0,58668197.0
4157,太景*-KY,上櫃,0.0,0.0,0.0,13402.0,711833575.0
4160,訊聯基因,上櫃,0.0,0.0,0.0,7949.0,26690334.0
4161,聿新科,上櫃,0.0,0.0,0.0,26012.0,59798204.0
4162,智擎,上櫃,0.0,0.0,0.0,48218.0,143677640.0
4163,鐿鈦,上櫃,0.0,0.0,0.0,0.0,50675143.0
4166,友霖,上櫃,0.0,0.0,0.0,11000.0,243035089.0
4167,松瑞藥,上櫃,0.0,0.0,0.0,-114916.0,331554307.0
4168,醣聯,上櫃,0.0,0.0,0.0,47699.0,112521318.0
4171,瑞基,上櫃,0.0,0.0,0.0,4000.0,58057469.0
4173,久裕,上櫃,0.0,0.0,0.0,-10000.0,74574355.0
4174,浩鼎,上櫃,0.0,0.0,0.0,69000.0,131579687.0
4175,杏一,上櫃,0.0,0.0,0.0,-1000.0,42323307.0
4205,中華食,上櫃,0.0,0.0,0.0,3000.0,97649228.0
4207,環泰,上櫃,0.0,0.0,0.0,-65000.0,188611108.0
4303,信立,上櫃,0.0,0.0,0.0,-95341.0,132447444.0
4401,東隆興,上櫃,0.0,0.0,0.0,-2000.0,122692012.0
4402,郡都開發,上櫃,0.0,0.0,0.0,-1000.0,67991830.0
4406,新昕纖,上櫃,0.0,0.0,0.0,-1000.0,51912000.0
4416,三圓,上櫃,0.0,0.0,0.0,39000.0,73586213.0
4417,金洲,上櫃,0.0,0.0,0.0,-3000.0,83971399.0
4420,光明,上櫃,0.0,0.0,0.0,-3000.0,40455000.0
4432,銘旺實,上櫃,0.0,0.0,0.0,-1000.0,50589000.0
4433,興采,上櫃,0.0,0.0,0.0,1000.0,61299774.0
4502,健信,上櫃,0.0,0.0,0.0,-1000.0,57469686.0
4503,金雨,上櫃,0.0,0.0,0.0,-86000.0,78313326.0
4506,崇友,上櫃,0.0,0.0,0.0,48000.0,177012000.0
4510,高鋒,上櫃,0.0,0.0,0.0,-226401.0,108977724.0
4513,福裕,上櫃,0.0,0.0,0.0,-46001.0,143761921.0
4523,永彰,上櫃,0.0,0.0,0.0,-923.0,64949000.0
4527,方土霖,上櫃,0.0,0.0,0.0,4000.0,68537133.0
4528,江興鍛,上櫃,0.0,0.0,0.0,-1000.0,84165695.0
4533,協易機,上櫃,0.0,0.0,0.0,154672.0,178434110.0
4534,慶騰,上櫃,0.0,0.0,0.0,-49936.0,86788948.0
4535,至興,上櫃,0.0,0.0,0.0,-1000.0,75661740.0
4538,大詠城,上櫃,0.0,0.0,0.0,0.0,59469604.0
4541,晟田,上櫃,0.0,0.0,0.0,-77686.0,67647068.0
4542,科嶠,上櫃,0.0,0.0,0.0,8222.0,35254258.0
4543,萬在,上櫃,0.0,0.0,0.0,39795.0,62760915.0
4549,桓達,上櫃,0.0,0.0,0.0,-36647.0,57002445.0
4556,旭然,上櫃,0.0,0.0,0.0,-2000.0,42302840.0
4558,寶緯,上櫃,0.0,0.0,0.0,-2940.0,50000000.0
4561,健椿,上櫃,0.0,0.0,0.0,2308.0,58521619.0
4563,百德,上櫃,0.0,0.0,0.0,-21125.0,54950000.0
4577,達航科技,上櫃,0.0,0.0,0.0,96567.0,49137998.0
4580,捷流閥業,上櫃,0.0,0.0,0.0,-8000.0,46803109.0
4702,中美實,上櫃,0.0,0.0,0.0,3000.0,72333200.0
4706,大恭,上櫃,0.0,0.0,0.0,1000.0,79030093.0
4707,磐亞,上櫃,0.0,0.0,0.0,-234000.0,413808151.0
4711,永純,上櫃,0.0,0.0,0.0,-3000.0,61056000.0
4714,永捷,上櫃,0.0,0.0,0.0,-34066.0,221838188.0
4716,大立,上櫃,0.0,0.0,0.0,-52955.0,94427191.0
4721,美琪瑪,上櫃,0.0,0.0,0.0,14341.0,74986304.0
4726,永昕,上櫃,0.0,0.0,0.0,3970.0,207041800.0
4729,熒茂,上櫃,0.0,0.0,0.0,8338.0,79226741.0
4735,豪展,上櫃,0.0,0.0,0.0,9000.0,41568758.0
4741,泓瀚,上櫃,0.0,0.0,0.0,-43000.0,34812079.0
4743,合一,上櫃,0.0,0.0,0.0,177043.0,480533486.0
4744,皇將,上櫃,0.0,0.0,0.0,66999.0,56948450.0
4745,合富-KY,上櫃,0.0,0.0,0.0,-14000.0,66220547.0
4747,強生,上櫃,0.0,0.0,0.0,1000.0,90922064.0
4749,新應材,上櫃,0.0,0.0,0.0,-427137.0,94732865.0
4760,勤凱,上櫃,0.0,0.0,0.0,-195517.0,32778289.0
4767,誠泰科技,上櫃,0.0,0.0,0.0,-1000.0,31415000.0
4768,晶呈科技,上櫃,0.0,0.0,0.0,-52364.0,48200288.0
4772,台特化,上櫃,0.0,0.0,0.0,-808635.0,147681552.0
4903,聯光通,上櫃,0.0,0.0,0.0,26569.0,105343714.0
4907,富宇,上櫃,0.0,0.0,0.0,1000.0,118145778.0
4908,前鼎,上櫃,0.0,0.0,0.0,34012.0,78216907.0
4909,新復興,上櫃,0.0,0.0,0.0,214425.0,93356864.0
4911,德英,上櫃,0.0,0.0,0.0,23955.0,68817133.0
4923,力士,上櫃,0.0,0.0,0.0,1149.0,36940360.0
4924,欣厚-KY,上櫃,0.0,0.0,0.0,-9000.0,37164409.0
4931,新盛力,上櫃,0.0,0.0,0.0,60481.0,65565761.0
4933,友輝,上櫃,0.0,0.0,0.0,-59800.0,82662675.0
4939,亞電,上櫃,0.0,0.0,0.0,214115.0,98200868.0
4946,辣椒,上櫃,0.0,0.0,0.0,5893.0,8852816.0
4950,金耘國際,上櫃,0.0,0.0,0.0,-3000.0,57729107.0
4951,精拓科,上櫃,0.0,0.0,0.0,-16095.0,34148713.0
4953,緯軟,上櫃,0.0,0.0,0.0,-4601.0,74326386.0
4966,譜瑞-KY,上櫃,0.0,0.0,0.0,-79308.0,78957788.0
4971,IET-KY,上櫃,0.0,0.0,0.0,164990.0,47185743.0
4973,廣穎,上櫃,0.0,0.0,0.0,-120000.0,65292843.0
4974,亞泰,上櫃,0.0,0.0,0.0,23816.0,72500104.0
4979,華星光,上櫃,0.0,0.0,0.0,247500.0,142802027.0
4987,科誠,上櫃,0.0,0.0,0.0,-1000.0,0.0
4991,環宇-KY,上櫃,0.0,0.0,0.0,506984.0,121363372.0
4995,晶達,上櫃,0.0,0.0,0.0,-5000.0,42592036.0
5009,榮剛,上櫃,0.0,0.0,0.0,-153813.0,602471197.0
5011,久陽,上櫃,0.0,0.0,0.0,-5000.0,100673922.0
5014,建錩,上櫃,0.0,0.0,0.0,-13001.0,183265054.0
5015,華祺,上櫃,0.0,0.0,0.0,-19000.0,60639189.0
5016,松和,上櫃,0.0,0.0,0.0,-3782.0,49622076.0
5201,凱衛,上櫃,0.0,0.0,0.0,-7000.0,38674600.0
5202,力新,上櫃,0.0,0.0,0.0,-20001.0,89094000.0
5206,坤悅,上櫃,0.0,0.0,0.0,5000.0,180093375.0
5209,新鼎,上櫃,0.0,0.0,0.0,1662.0,28567224.0
5210,寶碩,上櫃,0.0,0.0,0.0,-10000.0,82177779.0
5211,蒙恬,上櫃,0.0,0.0,0.0,-10000.0,32024727.0
5212,凌網,上櫃,0.0,0.0,0.0,1000.0,34633000.0
5213,亞昕,上櫃,0.0,0.0,0.0,-171000.0,721334326.0
5220,萬達光電,上櫃,0.0,0.0,0.0,2000.0,39667000.0
5223,安力-KY,上櫃,0.0,0.0,0.0,-1000.0,44549781.0
5227,立凱-KY,上櫃,0.0,0.0,0.0,-24998.0,96000000.0
5228,鈺鎧,上櫃,0.0,0.0,0.0,-34198.0,38056253.0
5230,雷笛克光學,上櫃,0.0,0.0,0.0,9000.0,56303831.0
5236,凌陽創新,上櫃,0.0,0.0,0.0,5917.0,0.0
5245,智晶,上櫃,0.0,0.0,0.0,-3010.0,45127141.0
5251,天鉞電,上櫃,0.0,0.0,0.0,-14183.0,33733377.0
5263,智崴,上櫃,0.0,0.0,0.0,-5284.0,78936891.0
5272,笙科,上櫃,0.0,0.0,0.0,5902.0,55276118.0
5274,信驊,上櫃,0.0,0.0,0.0,20921.0,41582953.0
5278,尚凡*,上櫃,0.0,0.0,0.0,-26042.0,300000000.0
5287,數字,上櫃,0.0,0.0,0.0,-12469.0,60310050.0
5289,宜鼎,上櫃,0.0,0.0,0.0,-85626.0,98289931.0
5291,邑昇,上櫃,0.0,0.0,0.0,244393.0,41890606.0
5299,杰力,上櫃,0.0,0.0,0.0,45169.0,50888981.0
5301,寶得利,上櫃,0.0,0.0,0.0,1000.0,53928846.0
5302,太欣,上櫃,0.0,0.0,0.0,60999.0,159888349.0
5309,系統電,上櫃,0.0,0.0,0.0,-529753.0,230967451.0
5310,天剛,上櫃,0.0,0.0,0.0,-2000.0,28943517.0
5312,寶島科,上櫃,0.0,0.0,0.0,-16000.0,60059898.0
5314,世紀*,上櫃,0.0,0.0,0.0,36726.0,292000000.0
5315,光聯,上櫃,0.0,0.0,0.0,-26000.0,106351832.0
5321,美而快,上櫃,0.0,0.0,0.0,-16000.0,59543149.0
5324,士開,上櫃,0.0,0.0,0.0,-40000.0,226379090.0
5328,華容,上櫃,0.0,0.0,0.0,-401012.0,172710724.0
5340,建榮,上櫃,0.0,0.0,0.0,693654.0,194893964.0
5347,世界,上櫃,0.0,0.0,0.0,-4116605.0,1878502192.0
5351,鈺創,上櫃,0.0,0.0,0.0,-4198369.0,328636781.0
5353,台林,上櫃,0.0,0.0,0.0,-4000.0,76500000.0
5355,佳總,上櫃,0.0,0.0,0.0,-36.0,77500000.0
5356,協益,上櫃,0.0,0.0,0.0,-9000.0,103040000.0
5364,力麗店,上櫃,0.0,0.0,0.0,-11000.0,63849940.0
5371,中光電,上櫃,0.0,0.0,0.0,-543914.0,0.0
5386,青雲,上櫃,0.0,0.0,0.0,-11000.0,54121322.0
5392,能率,上櫃,0.0,0.0,0.0,118932.0,180093388.0
5398,慕康生醫,上櫃,0.0,0.0,0.0,-44000.0,49465460.0
5403,中菲,上櫃,0.0,0.0,0.0,6500.0,78120722.0
5410,國眾,上櫃,0.0,0.0,0.0,-41000.0,93368623.0
5425,台半,上櫃,0.0,0.0,0.0,-108875.0,263485486.0
5426,振發,上櫃,0.0,0.0,0.0,-1823.0,143800000.0
5432,新門,上櫃,0.0,0.0,0.0,-3815.0,20687804.0
5438,東友,上櫃,0.0,0.0,0.0,994.0,112536565.0
5439,高技,上櫃,0.0,0.0,0.0,-14520.0,92975752.0
5443,均豪,上櫃,0.0,0.0,0.0,139311.0,164746644.0
5450,南良,上櫃,0.0,0.0,0.0,2980.0,122403239.0
5452,佶優,上櫃,0.0,0.0,0.0,-368528.0,148763669.0
5457,宣德,上櫃,0.0,0.0,0.0,45194.0,196237000.0
5460,同協,上櫃,0.0,0.0,0.0,-2000.0,58778130.0
5464,霖宏,上櫃,0.0,0.0,0.0,4000.0,71071490.0
5465,富驊,上櫃,0.0,0.0,0.0,23158.0,147682629.0
5468,凱鈺,上櫃,0.0,0.0,0.0,-6001.0,58922909.0
5474,聰泰,上櫃,0.0,0.0,0.0,9773.0,39756944.0
5475,德宏,上櫃,0.0,0.0,0.0,912907.0,127127017.0
5478,智冠,上櫃,0.0,0.0,0.0,-11381.0,156074332.0
5481,新華,上櫃,0.0,0.0,0.0,6000.0,71402891.0
5483,中美晶,上櫃,0.0,0.0,0.0,434339.0,641221651.0
5487,通泰,上櫃,0.0,0.0,0.0,1000.0,24222516.0
5488,松普,上櫃,0.0,0.0,0.0,-3979.0,91586124.0
5489,彩富,上櫃,0.0,0.0,0.0,0.0,102706441.0
5490,同亨,上櫃,0.0,0.0,0.0,-47521.0,96152201.0
5493,三聯,上櫃,0.0,0.0,0.0,-1168.0,43689255.0
5498,凱崴,上櫃,0.0,0.0,0.0,-367367.0,193548545.0
5508,永信建,上櫃,0.0,0.0,0.0,-151661.0,217428133.0
5511,德昌,上櫃,0.0,0.0,0.0,-85000.0,136000000.0
5512,力麒,上櫃,0.0,0.0,0.0,-21000.0,766312494.0
5514,三豐,上櫃,0.0,0.0,0.0,-90.0,236118280.0
5520,力泰,上櫃,0.0,0.0,0.0,-1000.0,59975245.0
5523,豐謙,上櫃,0.0,0.0,0.0,0.0,155001464.0
5530,龍巖,上櫃,0.0,0.0,0.0,-123000.0,420084199.0
5536,聖暉*,上櫃,0.0,0.0,0.0,11912.0,124080930.0
5548,安倉,上櫃,0.0,0.0,0.0,1000.0,63723065.0
5603,陸海,上櫃,0.0,0.0,0.0,-3000.0,104876607.0
5604,中連,上櫃,0.0,0.0,0.0,-1000.0,108782968.0
5609,中菲行,上櫃,0.0,0.0,0.0,0.0,142884000.0
5704,老爺知,上櫃,0.0,0.0,0.0,1000.0,58861658.0
5864,致和證,上櫃,0.0,0.0,0.0,-592000.0,504490084.0
5903,全家,上櫃,0.0,0.0,0.0,4001.0,223220000.0
5904,寶雅,上櫃,0.0,0.0,0.0,-456.0,1064438260.0
5905,南仁湖,上櫃,0.0,0.0,0.0,3778.0,281623235.0
6015,宏遠證,上櫃,0.0,0.0,0.0,-196000.0,403614082.0
6016,康和證,上櫃,0.0,0.0,0.0,-862000.0,772419946.0
6021,美好證,上櫃,0.0,0.0,0.0,-42000.0,312005974.0
6023,元大期,上櫃,0.0,0.0,0.0,-17000.0,447972732.0
6026,福邦證,上櫃,0.0,0.0,0.0,-378000.0,396161841.0
6101,寬魚國際,上櫃,0.0,0.0,0.0,-1000.0,116601850.0
6104,創惟,上櫃,0.0,0.0,0.0,-78895.0,91127107.0
6109,亞元,上櫃,0.0,0.0,0.0,58000.0,87825414.0
6111,光聚晶電,上櫃,0.0,0.0,0.0,44217.0,108511051.0
6113,亞矽,上櫃,0.0,0.0,0.0,-75000.0,52549455.0
6114,久威,上櫃,0.0,0.0,0.0,-1000.0,43911937.0
6118,建達,上櫃,0.0,0.0,0.0,60487.0,90889573.0
6121,新普,上櫃,0.0,0.0,0.0,-38057.0,184970519.0
6122,擎邦,上櫃,0.0,0.0,0.0,19452.0,78091632.0
6123,上奇,上櫃,0.0,0.0,0.0,25000.0,62089430.0
6124,業強,上櫃,0.0,0.0,0.0,-4000.0,182479945.0
6125,廣運,上櫃,0.0,0.0,0.0,123915.0,259011150.0
6126,信音,上櫃,0.0,0.0,0.0,-159842.0,130050754.0
6127,九豪,上櫃,0.0,0.0,0.0,-409722.0,108079751.0
6129,普誠,上櫃,0.0,0.0,0.0,-1421.0,160574120.0
6130,上亞科技,上櫃,0.0,0.0,0.0,134451.0,49300000.0
6134,萬旭,上櫃,0.0,0.0,0.0,-173704.0,81882117.0
6138,茂達,上櫃,0.0,0.0,0.0,-217846.0,75633500.0
6140,訊達,上櫃,0.0,0.0,0.0,10042.0,54897760.0
6143,振曜,上櫃,0.0,0.0,0.0,-443077.0,86058897.0
6146,耕興,上櫃,0.0,0.0,0.0,28342.0,101867199.0
6147,頎邦,上櫃,0.0,0.0,0.0,3360548.0,744577539.0
6148,驊宏資,上櫃,0.0,0.0,0.0,-19031.0,46603757.0
6150,撼訊,上櫃,0.0,0.0,0.0,-20940.0,48345985.0
6151,晉倫,上櫃,0.0,0.0,0.0,-175000.0,55257300.0
6154,順發,上櫃,0.0,0.0,0.0,0.0,80080000.0
6156,松上,上櫃,0.0,0.0,0.0,22913.0,107875010.0
6158,禾昌,上櫃,0.0,0.0,0.0,-7000.0,55028788.0
6160,欣技,上櫃,0.0,0.0,0.0,4351.0,68489120.0
6161,捷波,上櫃,0.0,0.0,0.0,-570.0,56237477.0
6163,華電網,上櫃,0.0,0.0,0.0,-180757.0,148838747.0
6167,久正,上櫃,0.0,0.0,0.0,-36000.0,143080000.0
6169,昱泉,上櫃,0.0,0.0,0.0,3000.0,23394960.0
6170,統振,上櫃,0.0,0.0,0.0,-12000.0,97260038.0
6171,大城地產,上櫃,0.0,0.0,0.0,-55.0,100000000.0
6173,信昌電,上櫃,0.0,0.0,0.0,-419057.0,160928000.0
6174,安碁,上櫃,0.0,0.0,0.0,-6970.0,50000000.0
6175,立敦,上櫃,0.0,0.0,0.0,32726.0,150121812.0
6179,亞通,上櫃,0.0,0.0,0.0,-66027.0,177324650.0
6180,橘子,上櫃,0.0,0.0,0.0,2996.0,175493573.0
6182,合晶,上櫃,0.0,0.0,0.0,-1060906.0,625305662.0
6185,幃翔,上櫃,0.0,0.0,0.0,1150.0,149867531.0
6186,新潤,上櫃,0.0,0.0,0.0,92091.0,194907598.0
6187,萬潤,上櫃,0.0,0.0,0.0,94716.0,98262739.0
6188,廣明,上櫃,0.0,0.0,0.0,594665.0,278358910.0
6190,萬泰科,上櫃,0.0,0.0,0.0,112786.0,186522441.0
6194,育富,上櫃,0.0,0.0,0.0,-1969.0,48000000.0
6199,天品,上櫃,0.0,0.0,0.0,-40000.0,61760018.0
6203,海韻電,上櫃,0.0,0.0,0.0,17559.0,82401370.0
6204,艾華,上櫃,0.0,0.0,0.0,10979.0,23102080.0
6207,雷科,上櫃,0.0,0.0,0.0,-26694.0,93066484.0
6208,日揚,上櫃,0.0,0.0,0.0,25000.0,94462343.0
6217,中探針,上櫃,0.0,0.0,0.0,-20388.0,117210018.0
6218,豪勉,上櫃,0.0,0.0,0.0,-11125.0,64262000.0
6219,富旺,上櫃,0.0,0.0,0.0,-8000.0,124967090.0
6220,岳豐,上櫃,0.0,0.0,0.0,76232.0,146462640.0
6221,晉泰,上櫃,0.0,0.0,0.0,-31000.0,168601206.0
6223,旺矽,上櫃,0.0,0.0,0.0,-306947.0,97981309.0
6227,茂綸,上櫃,0.0,0.0,0.0,-50862.0,76111786.0
6229,研通,上櫃,0.0,0.0,0.0,-1003.0,40360700.0
6231,系微,上櫃,0.0,0.0,0.0,-76594.0,45652186.0
6233,旺玖,上櫃,0.0,0.0,0.0,-26000.0,80971896.0
6234,高僑,上櫃,0.0,0.0,0.0,223658.0,100386398.0
6237,驊訊,上櫃,0.0,0.0,0.0,7906.0,79645371.0
6240,松崗,上櫃,0.0,0.0,0.0,6000.0,22867370.0
6244,茂迪,上櫃,0.0,0.0,0.0,1997630.0,387041875.0
6245,立端,上櫃,0.0,0.0,0.0,-31256.0,146608303.0
6246,臺龍,上櫃,0.0,0.0,0.0,-10001.0,37851415.0
6248,沛波,上櫃,0.0,0.0,0.0,-9309.0,99956149.0
6259,百徽,上櫃,0.0,0.0,0.0,-1000.0,28056146.0
6261,久元,上櫃,0.0,0.0,0.0,-151228.0,128497989.0
6263,普萊德,上櫃,0.0,0.0,0.0,-3000.0,62500964.0
6264,富裔,上櫃,0.0,0.0,0.0,-5000.0,136355291.0
6265,方土昶,上櫃,0.0,0.0,0.0,-108164.0,118172151.0
6266,泰詠,上櫃,0.0,0.0,0.0,2844.0,153871641.0
6270,倍微,上櫃,0.0,0.0,0.0,19000.0,72145759.0
6274,台燿,上櫃,0.0,0.0,0.0,1638118.0,299460093.0
6275,元山,上櫃,0.0,0.0,0.0,-5524.0,80344567.0
6276,安鈦克,上櫃,0.0,0.0,0.0,-1264.0,22043000.0
6279,胡連,上櫃,0.0,0.0,0.0,-96851.0,119015736.0
6284,佳邦,上櫃,0.0,0.0,0.0,-137768.0,148980341.0
6290,良維,上櫃,0.0,0.0,0.0,-333054.0,169652410.0
6291,沛亨,上櫃,0.0,0.0,0.0,-175251.0,42000000.0
6292,迅德,上櫃,0.0,0.0,0.0,3000.0,46600712.0
6294,智基,上櫃,0.0,0.0,0.0,-1000.0,26047106.0
6411,晶焱,上櫃,0.0,0.0,0.0,-23215.0,99508031.0
6417,韋僑,上櫃,0.0,0.0,0.0,-8000.0,42274000.0
6418,詠昇,上櫃,0.0,0.0,0.0,-27000.0,34522000.0
6419,京晨科,上櫃,0.0,0.0,0.0,-3000.0,13159170.0
6423,億而得,上櫃,0.0,0.0,0.0,-3000.0,31016000.0
6425,易發,上櫃,0.0,0.0,0.0,-10528.0,51382317.0
6432,今展科,上櫃,0.0,0.0,0.0,-25372.0,38784067.0
6435,大中,上櫃,0.0,0.0,0.0,16695.0,37461300.0
6441,廣錠,上櫃,0.0,0.0,0.0,-24000.0,53318429.0
6461,益得,上櫃,0.0,0.0,0.0,8001.0,110324527.0
6462,神盾,上櫃,0.0,0.0,0.0,221529.0,91250754.0
6465,威潤,上櫃,0.0,0.0,0.0,3000.0,59073685.0
6469,大樹,上櫃,0.0,0.0,0.0,111034.0,159085152.0
6470,宇智,上櫃,0.0,0.0,0.0,-19318.0,37694100.0
6485,點序,上櫃,0.0,0.0,0.0,51501.0,47366493.0
6486,互動,上櫃,0.0,0.0,0.0,-42488.0,50893286.0
6488,環球晶,上櫃,0.0,0.0,0.0,-54133.0,478113725.0
6492,生華科,上櫃,0.0,0.0,0.0,237203.0,114903620.0
6494,九齊,上櫃,0.0,0.0,0.0,-7000.0,31559690.0
6496,科懋,上櫃,0.0,0.0,0.0,1000.0,47290220.0
6498,久禾光,上櫃,0.0,0.0,0.0,-10000.0,47475892.0
6499,益安,上櫃,0.0,0.0,0.0,-39000.0,96944893.0
6506,雙邦,上櫃,0.0,0.0,0.0,8000.0,82360826.0
6508,惠光,上櫃,0.0,0.0,0.0,-12000.0,86538864.0
6509,聚和,上櫃,0.0,0.0,0.0,-1077186.0,197080553.0
6510,精測,上櫃,0.0,0.0,0.0,-65846.0,32929138.0
6516,勤崴國際,上櫃,0.0,0.0,0.0,-4000.0,56336935.0
6517,保勝光學,上櫃,0.0,0.0,0.0,-15905.0,30579053.0
6523,達爾膚,上櫃,0.0,0.0,0.0,3000.0,45047625.0
6527,明達醫,上櫃,0.0,0.0,0.0,2000.0,25458550.0
6530,創威,上櫃,0.0,0.0,0.0,389560.0,33750000.0
6532,瑞耘,上櫃,0.0,0.0,0.0,-90000.0,37445147.0
6535,順藥,上櫃,0.0,0.0,0.0,-9611.0,167840825.0
6538,倉和,上櫃,0.0,0.0,0.0,-9000.0,37270493.0
6542,隆中,上櫃,0.0,0.0,0.0,1000.0,42000630.0
6546,正基,上櫃,0.0,0.0,0.0,17134.0,66848449.0
6547,高端疫苗,上櫃,0.0,0.0,0.0,564002.0,328943644.0
6548,長科*,上櫃,0.0,0.0,0.0,-721217.0,950464700.0
6560,欣普羅,上櫃,0.0,0.0,0.0,4097.0,33474715.0
6561,是方,上櫃,0.0,0.0,0.0,8234.0,77958370.0
6568,宏觀,上櫃,0.0,0.0,0.0,-83056.0,30796200.0
6569,醫揚,上櫃,0.0,0.0,0.0,-2000.0,42820745.0
6570,維田,上櫃,0.0,0.0,0.0,-1000.0,37119170.0
6574,霈方,上櫃,0.0,0.0,0.0,-2000.0,21990000.0
6576,逸達,上櫃,0.0,0.0,0.0,-1000.0,157540541.0
6577,勁豐,上櫃,0.0,0.0,0.0,1000.0,60060145.0
6578,達邦蛋白,上櫃,0.0,0.0,0.0,0.0,71941901.0
6584,南俊國際,上櫃,0.0,0.0,0.0,38000.0,71379810.0
6588,東典光電,上櫃,0.0,0.0,0.0,-508131.0,34700825.0
6593,台灣銘板,上櫃,0.0,0.0,0.0,-5000.0,31856609.0
6596,寬宏藝術,上櫃,0.0,0.0,0.0,-92626.0,38000000.0
6603,富強鑫,上櫃,0.0,0.0,0.0,-56802.0,167442946.0
6609,瀧澤科,上櫃,0.0,0.0,0.0,18000.0,72456246.0
6613,朋億*,上櫃,0.0,0.0,0.0,30033.0,77801485.0
6615,慧智,上櫃,0.0,0.0,0.0,-1000.0,21593400.0
6616,特昇-KY,上櫃,0.0,0.0,0.0,-1000.0,35428473.0
6617,共信-KY,上櫃,0.0,0.0,0.0,-8000.0,127506100.0
6620,漢達,上櫃,0.0,0.0,0.0,-65000.0,165981900.0
6624,萬年清,上櫃,0.0,0.0,0.0,-3000.0,22579482.0
6637,醫影,上櫃,0.0,0.0,0.0,2000.0,26810000.0
6640,均華,上櫃,0.0,0.0,0.0,40268.0,28911500.0
6642,富致,上櫃,0.0,0.0,0.0,-5000.0,37399662.0
6643,M31,上櫃,0.0,0.0,0.0,-93951.0,42620160.0
6649,台生材,上櫃,0.0,0.0,0.0,-8039.0,42000000.0
6651,全宇昕,上櫃,0.0,0.0,0.0,-12996.0,34601541.0
6654,天正國際,上櫃,0.0,0.0,0.0,-1000.0,40962720.0
6662,樂斯科,上櫃,0.0,0.0,0.0,1000.0,25612400.0
6664,群翊,上櫃,0.0,0.0,0.0,171033.0,61151307.0
6667,信紘科,上櫃,0.0,0.0,0.0,-68212.0,49278878.0
6679,鈺太,上櫃,0.0,0.0,0.0,-5070.0,54975335.0
6683,雍智科技,上櫃,0.0,0.0,0.0,-175691.0,27552661.0
6684,安格,上櫃,0.0,0.0,0.0,-9961.0,44559496.0
6690,安碁資訊,上櫃,0.0,0.0,0.0,6000.0,29999720.0
6692,進能服,上櫃,0.0,0.0,0.0,-1000.0,58843890.0
6693,廣閎科,上櫃,0.0,0.0,0.0,33631.0,45720000.0
6697,東捷資訊,上櫃,0.0,0.0,0.0,0.0,27323364.0
6703,軒郁,上櫃,0.0,0.0,0.0,32157.0,36257210.0
6708,天擎,上櫃,0.0,0.0,0.0,-3000.0,29008779.0
6712,長聖,上櫃,0.0,0.0,0.0,-12780.0,100488861.0
6716,應廣,上櫃,0.0,0.0,0.0,-1000.0,30241814.0
6720,久昌,上櫃,0.0,0.0,0.0,-63000.0,30225741.0
6725,矽科宏晟,上櫃,0.0,0.0,0.0,-36434.0,37130000.0
6727,亞泰金屬,上櫃,0.0,0.0,0.0,138037.0,26884177.0
6728,上洋,上櫃,0.0,0.0,0.0,-4000.0,30120000.0
6732,昇佳電子,上櫃,0.0,0.0,0.0,19401.0,48912618.0
6733,博晟生醫,上櫃,0.0,0.0,0.0,21000.0,134316026.0
6735,美達科技,上櫃,0.0,0.0,0.0,-23000.0,46182292.0
6739,竹陞科技,上櫃,0.0,0.0,0.0,125691.0,23392500.0
6741,91APP*-KY,上櫃,0.0,0.0,0.0,-263000.0,120577997.0
6751,智聯服務,上櫃,0.0,0.0,0.0,-3000.0,22200000.0
6752,叡揚,上櫃,0.0,0.0,0.0,-1935.0,38258471.0
6761,穩得,上櫃,0.0,0.0,0.0,6742.0,34955867.0
6763,綠界科技*,上櫃,0.0,0.0,0.0,51000.0,184039130.0
6767,台微醫,上櫃,0.0,0.0,0.0,1000.0,39183630.0
6785,昱展新藥,上櫃,0.0,0.0,0.0,-9965.0,66800000.0
6788,華景電,上櫃,0.0,0.0,0.0,463675.0,38739683.0
6791,虎門科技,上櫃,0.0,0.0,0.0,0.0,20847000.0
6803,崑鼎,上櫃,0.0,0.0,0.0,5000.0,72794385.0
6804,明係,上櫃,0.0,0.0,0.0,2000.0,47500000.0
6811,宏碁資訊,上櫃,0.0,0.0,0.0,-3777.0,41449000.0
6821,聯寶,上櫃,0.0,0.0,0.0,5811.0,35913193.0
6823,濾能,上櫃,0.0,0.0,0.0,6000.0,33233920.0
6829,千附精密,上櫃,0.0,0.0,0.0,-40017.0,59169000.0
6840,東研信超,上櫃,0.0,0.0,0.0,-22000.0,30767284.0
6841,長佳智能,上櫃,0.0,0.0,0.0,-25358.0,95223000.0
6843,進典,上櫃,0.0,0.0,0.0,1000.0,33304000.0
6846,綠茵,上櫃,0.0,0.0,0.0,-2000.0,27066039.0
6859,伯特光,上櫃,0.0,0.0,0.0,-3600.0,41588600.0
6865,偉康科技,上櫃,0.0,0.0,0.0,4000.0,15840645.0
6870,騰雲,上櫃,0.0,0.0,0.0,-9000.0,28317550.0
6874,倍力,上櫃,0.0,0.0,0.0,-16000.0,22000000.0
6875,國邑*,上櫃,0.0,0.0,0.0,-16238.0,129182804.0
6877,鏵友益,上櫃,0.0,0.0,0.0,187877.0,47167122.0
6881,潤德,上櫃,0.0,0.0,0.0,1000.0,15000000.0
6894,衛司特,上櫃,0.0,0.0,0.0,12999.0,23800000.0
6895,宏碩系統,上櫃,0.0,0.0,0.0,-34584.0,34100000.0
6903,巨漢,上櫃,0.0,0.0,0.0,-147862.0,66676000.0
6907,雅特力-KY,上櫃,0.0,0.0,0.0,-3000.0,62562500.0
6910,德鴻,上櫃,0.0,0.0,0.0,-12000.0,30521000.0
6913,鴻呈,上櫃,0.0,0.0,0.0,14588.0,43848863.0
6922,宸曜,上櫃,0.0,0.0,0.0,-11000.0,27155385.0
6925,意藍,上櫃,0.0,0.0,0.0,-10178.0,20000300.0
6953,家碩,上櫃,0.0,0.0,0.0,-2000.0,30014600.0
6961,旅天下,上櫃,0.0,0.0,0.0,-7000.0,26834000.0
6967,汎瑋材料,上櫃,0.0,0.0,0.0,1000.0,30404477.0
6968,萬達寵物,上櫃,0.0,0.0,0.0,8000.0,50436279.0
6982,大井泵浦,上櫃,0.0,0.0,0.0,6000.0,40752381.0
6996,力領科技,上櫃,0.0,0.0,0.0,-6000.0,42090333.0
7402,邑錡,上櫃,0.0,0.0,0.0,114658.0,35280646.0
7547,碩網,上櫃,0.0,0.0,0.0,-100438.0,33963000.0
7556,意德士,上櫃,0.0,0.0,0.0,-1000.0,29080869.0
7584,樂意,上櫃,0.0,0.0,0.0,0.0,16462808.0
7642,昶瑞機電,上櫃,0.0,0.0,0.0,1352.0,30194258.0
7703,銳澤,上櫃,0.0,0.0,0.0,82268.0,34745000.0
7704,明遠精密,上櫃,0.0,0.0,0.0,6000.0,33769804.0
7709,榮田,上櫃,0.0,0.0,0.0,89000.0,39102740.0
7712,博盛半導體,上櫃,0.0,0.0,0.0,47000.0,32561873.0
7713,威力德生醫,上櫃,0.0,0.0,0.0,-1000.0,45478843.0
7714,創泓科技,上櫃,0.0,0.0,0.0,-5000.0,21000000.0
7715,裕山,上櫃,0.0,0.0,0.0,-4000.0,32756500.0
7717,萊德光電-KY,上櫃,0.0,0.0,0.0,-18200.0,24831518.0
7718,友鋮,上櫃,0.0,0.0,0.0,-1000.0,46356484.0
7723,築間,上櫃,0.0,0.0,0.0,-9000.0,49619550.0
7728,光焱科技,上櫃,0.0,0.0,0.0,-4240.0,13992621.0
7734,印能科技,上櫃,0.0,0.0,0.0,151651.0,28000000.0
7738,東聯互動,上櫃,0.0,0.0,0.0,-2000.0,27355799.0
7744,崴寶,上櫃,0.0,0.0,0.0,1878.0,32076710.0
7751,竑騰,上櫃,0.0,0.0,0.0,61800.0,26888600.0
7757,金色三麥,上櫃,0.0,0.0,0.0,-1000.0,24100000.0
7770,君曜,上櫃,0.0,0.0,0.0,3000.0,30062053.0
7777,能率亞洲,上櫃,0.0,0.0,0.0,-3084.0,186606250.0
7782,光速火箭,上櫃,0.0,0.0,0.0,1000.0,23213000.0
7792,安葆,上櫃,0.0,0.0,0.0,-22000.0,46662000.0
7805,威聯通,上櫃,0.0,0.0,0.0,-10000.0,39750122.0
7810,捷創科技,上櫃,0.0,0.0,0.0,125193.0,20250000.0
7811,民盛,上櫃,0.0,0.0,0.0,-7878.0,33377000.0
8024,佑華,上櫃,0.0,0.0,0.0,-1000.0,45160100.0
8027,鈦昇,上櫃,0.0,0.0,0.0,121325.0,109750596.0
8032,光菱,上櫃,0.0,0.0,0.0,-1000.0,51810300.0
8034,榮群,上櫃,0.0,0.0,0.0,-35001.0,56586353.0
8038,長園科,上櫃,0.0,0.0,0.0,-49455.0,62278190.0
8040,九暘,上櫃,0.0,0.0,0.0,-21000.0,96413874.0
8042,金山電,上櫃,0.0,0.0,0.0,-257466.0,131479954.0
8043,蜜望實,上櫃,0.0,0.0,0.0,126726.0,79907170.0
8044,網家,上櫃,0.0,0.0,0.0,-17000.0,204768065.0
8047,星雲,上櫃,0.0,0.0,0.0,7000.0,34613011.0
8048,德勝,上櫃,0.0,0.0,0.0,19308.0,59436924.0
8049,晶采,上櫃,0.0,0.0,0.0,4425.0,118279808.0
8050,廣積,上櫃,0.0,0.0,0.0,30000.0,205204891.0
8054,安國,上櫃,0.0,0.0,0.0,46452.0,108732566.0
8059,凱碩,上櫃,0.0,0.0,0.0,50000.0,116466300.0
8064,東捷,上櫃,0.0,0.0,0.0,32264.0,184817836.0
8066,來思達,上櫃,0.0,0.0,0.0,-5000.0,36642304.0
8068,全達,上櫃,0.0,0.0,0.0,-1695.0,80765949.0
8069,元太,上櫃,0.0,0.0,0.0,12092.0,1154678380.0
8071,能率網通,上櫃,0.0,0.0,0.0,-50188.0,60084283.0
8074,鉅橡,上櫃,0.0,0.0,0.0,-83619.0,86974466.0
8076,伍豐,上櫃,0.0,0.0,0.0,-35512.0,292213592.0
8083,瑞穎,上櫃,0.0,0.0,0.0,-12000.0,35133193.0
8084,巨虹,上櫃,0.0,0.0,0.0,80828.0,69514149.0
8085,福華,上櫃,0.0,0.0,0.0,52821.0,139983060.0
8086,宏捷科,上櫃,0.0,0.0,0.0,597637.0,196516123.0
8087,麗升能源,上櫃,0.0,0.0,0.0,3991.0,38646042.0
8088,品安,上櫃,0.0,0.0,0.0,-192118.0,60921749.0
8089,康全電訊,上櫃,0.0,0.0,0.0,-34707.0,65998718.0
8091,翔名,上櫃,0.0,0.0,0.0,-169321.0,56943651.0
8092,建暐,上櫃,0.0,0.0,0.0,-1000.0,57172325.0
8096,擎亞,上櫃,0.0,0.0,0.0,-325395.0,149343066.0
8097,常珵,上櫃,0.0,0.0,0.0,14367.0,60302468.0
8099,大世科,上櫃,0.0,0.0,0.0,-1208.0,100072800.0
8107,大億金茂,上櫃,0.0,0.0,0.0,-5125.0,75000000.0
8109,博大,上櫃,0.0,0.0,0.0,-8000.0,82161236.0
8111,立碁,上櫃,0.0,0.0,0.0,-109200.0,109102223.0
8121,越峰,上櫃,0.0,0.0,0.0,-30012.0,212993743.0
8147,正淩,上櫃,0.0,0.0,0.0,82338.0,41817166.0
8155,博智,上櫃,0.0,0.0,0.0,-87200.0,62367700.0
8171,天宇,上櫃,0.0,0.0,0.0,2000.0,112853326.0
8176,智捷,上櫃,0.0,0.0,0.0,9000.0,59800000.0
8182,加高,上櫃,0.0,0.0,0.0,-94000.0,107041215.0
8183,精星,上櫃,0.0,0.0,0.0,-8720.0,0.0
8227,巨有科技,上櫃,0.0,0.0,0.0,-18135.0,39543000.0
8234,新漢,上櫃,0.0,0.0,0.0,-27432.0,141226472.0
8240,華宏,上櫃,0.0,0.0,0.0,-212839.0,100004414.0
8255,朋程,上櫃,0.0,0.0,0.0,-48723.0,101961041.0
8272,全景軟體,上櫃,0.0,0.0,0.0,1000.0,18997755.0
8277,商丞,上櫃,0.0,0.0,0.0,-28978.0,39500000.0
8289,泰藝,上櫃,0.0,0.0,0.0,122000.0,68333765.0
8299,群聯,上櫃,0.0,0.0,0.0,-1510174.0,221165247.0
8342,益張,上櫃,0.0,0.0,0.0,-1000.0,33536692.0
8349,恒耀,上櫃,0.0,0.0,0.0,-5000.0,208821391.0
8354,冠好,上櫃,0.0,0.0,0.0,-1000.0,78532263.0
8358,金居,上櫃,0.0,0.0,0.0,-124226.0,252588000.0
8383,千附,上櫃,0.0,0.0,0.0,-5000.0,113760482.0
8390,金益鼎,上櫃,0.0,0.0,0.0,-153554.0,96116128.0
8401,白紗科,上櫃,0.0,0.0,0.0,-5000.0,70669058.0
8403,盛弘,上櫃,0.0,0.0,0.0,27000.0,137640343.0
8409,商之器,上櫃,0.0,0.0,0.0,-60.0,32000000.0
8410,森田,上櫃,0.0,0.0,0.0,-3000.0,36589200.0
8415,大國鋼,上櫃,0.0,0.0,0.0,34523.0,1031500000.0
8421,旭源,上櫃,0.0,0.0,0.0,-1000.0,54817140.0
8423,保綠-KY,上櫃,0.0,0.0,0.0,-1000.0,41714030.0
8426,紅木-KY,上櫃,0.0,0.0,0.0,-6000.0,50242500.0
8431,匯鑽科,上櫃,0.0,0.0,0.0,-84328.0,48778331.0
8432,東生華,上櫃,0.0,0.0,0.0,-1000.0,38398140.0
8433,弘帆,上櫃,0.0,0.0,0.0,1000.0,54506098.0
8435,鉅邁,上櫃,0.0,0.0,0.0,-1000.0,35200450.0
8436,大江,上櫃,0.0,0.0,0.0,259489.0,117728830.0
8437,大地-KY,上櫃,0.0,0.0,0.0,1000.0,47014070.0
8440,綠電,上櫃,0.0,0.0,0.0,-9940.0,50255299.0
8444,綠河-KY,上櫃,0.0,0.0,0.0,5000.0,125104845.0
8446,華研,上櫃,0.0,0.0,0.0,-9347.0,52914405.0
8450,霹靂,上櫃,0.0,0.0,0.0,0.0,51309947.0
8472,夠麻吉,上櫃,0.0,0.0,0.0,-1000.0,17735800.0
8477,創業家,上櫃,0.0,0.0,0.0,2000.0,84170616.0
8489,三貝德,上櫃,0.0,0.0,0.0,40095.0,59948960.0
8905,裕國,上櫃,0.0,0.0,0.0,1000.0,119440000.0
8908,欣雄,上櫃,0.0,0.0,0.0,6000.0,315332742.0
8916,光隆,上櫃,0.0,0.0,0.0,-7000.0,148591646.0
8917,欣泰,上櫃,0.0,0.0,0.0,3.0,162652459.0
8924,大田,上櫃,0.0,0.0,0.0,10931.0,83800000.0
8927,北基,上櫃,0.0,0.0,0.0,279000.0,419068367.0
8929,富堡,上櫃,0.0,0.0,0.0,1000.0,50580862.0
8930,青鋼,上櫃,0.0,0.0,0.0,-8000.0,81809406.0
8931,大汽電,上櫃,0.0,0.0,0.0,-3000.0,122254862.0
8932,智通*,上櫃,0.0,0.0,0.0,-381599.0,426013152.0
8933,愛地雅,上櫃,0.0,0.0,0.0,-27334.0,326724305.0
8935,邦泰,上櫃,0.0,0.0,0.0,-59596.0,113495000.0
8936,國統,上櫃,0.0,0.0,0.0,-570222.0,248078157.0
8938,明安,上櫃,0.0,0.0,0.0,128816.0,156986490.0
8942,森鉅,上櫃,0.0,0.0,0.0,39000.0,198842255.0
9949,琉園,上櫃,0.0,0.0,0.0,-2000.0,44860763.0
9950,萬國通,上櫃,0.0,0.0,0.0,-7000.0,167716000.0
9951,皇田,上櫃,0.0,0.0,0.0,-2377.0,73300000.0
9960,邁達康,上櫃,0.0,0.0,0.0,-2000.0,33592500.0
