code,name,market,外資,投信,自營,三大法人,shares
6770,力積電,上市,120688756.0,15000.0,10466555.0,131170311.0,4243803715.0
2337,旺宏,上市,81634207.0,-147000.0,665019.0,82152226.0,1981308820.0
2408,南亞科,上市,62166974.0,809330.0,528489.0,63504793.0,3098627894.0
2356,英業達,上市,25878392.0,7708120.0,2067852.0,35654364.0,3587475066.0
00673R,期元大S&P原油反1,上市,-160000.0,0.0,24805942.0,24645942.0,787550646.0
009820,元大納斯達克精選,上市,6382000.0,0.0,15449507.0,21831507.0,1684702000.0
00999A,主動野村臺灣高息,上市,3988050.0,0.0,17451510.0,21439560.0,1524017000.0
00992A,主動群益科技創新,上市,4714484.0,0.0,14946501.0,19660985.0,2807455000.0
00878,國泰永續高股息,上市,-2201530.0,0.0,21843164.0,19641634.0,18812290000.0
2449,京元電子,上市,22857351.0,-5045926.0,-322410.0,17489015.0,1222745065.0
00680L,元大美債20正2,上市,-406000.0,0.0,14779473.0,14373473.0,1856076000.0
2353,宏碁,上市,12782569.0,-897665.0,1506837.0,13391741.0,3047853828.0
2618,長榮航,上市,-15338438.0,28288924.0,408860.0,13359346.0,5400444335.0
2610,華航,上市,12819156.0,-132000.0,254594.0,12941750.0,6117941273.0
2317,鴻海,上市,12866010.0,130253.0,-172524.0,12823739.0,14028648626.0
2329,華泰,上市,11627292.0,0.0,332487.0,11959779.0,658948333.0
00929,復華台灣科技優息,上市,-16034595.0,0.0,27796585.0,11761990.0,4639139000.0
2324,仁寶,上市,19507144.0,-7725935.0,-553578.0,11227631.0,4407146625.0
00940,元大台灣價值高息,上市,-3642190.0,0.0,14843796.0,11201606.0,5764365000.0
6239,力成,上市,9558879.0,-1044391.0,121664.0,8636152.0,759146634.0
2484,希華,上市,8173920.0,0.0,54454.0,8228374.0,159421022.0
2886,兆豐金,上市,-1815741.0,9002313.0,225482.0,7412054.0,14833378282.0
8150,南茂,上市,7028175.0,405000.0,-116131.0,7317044.0,704523126.0
00918,大華優利高填息30,上市,-2494000.0,0.0,9770545.0,7276545.0,3053764000.0
1314,中石化,上市,6970000.0,0.0,-10778.0,6959222.0,3784850130.0
6116,彩晶,上市,6246231.0,0.0,345316.0,6591547.0,2858654851.0
00713,元大台灣高息低波,上市,-3690258.0,180000.0,9863749.0,6353491.0,1843512000.0
00891,中信關鍵半導體,上市,4882100.0,0.0,1289273.0,6171373.0,1775590000.0
6005,群益證,上市,6213220.0,-92000.0,0.0,6121220.0,2170908097.0
009819,中信數據及電力,上市,6000.0,0.0,5973901.0,5979901.0,610245000.0
3149,正達,上市,5693947.0,0.0,22025.0,5715972.0,226233604.0
00900,富邦特選高股息30,上市,1395010.0,0.0,4164415.0,5559425.0,1759025000.0
3042,晶技,上市,4858961.0,0.0,102669.0,4961630.0,342992971.0
00688L,國泰20年美債正2,上市,69000.0,0.0,4828972.0,4897972.0,764115000.0
00637L,元大滬深300正2,上市,-2330000.0,0.0,7190601.0,4860601.0,790606000.0
1582,信錦,上市,4388373.0,362150.0,-74901.0,4675622.0,144268604.0
00915,凱基優選高股息30,上市,-722160.0,0.0,5129571.0,4407411.0,589483000.0
3231,緯創,上市,2936732.0,1124568.0,286663.0,4347963.0,3180412250.0
2881,富邦金,上市,33906429.0,-29133782.0,-439440.0,4333207.0,14007364952.0
009813,貝萊德標普卓越50,上市,990000.0,0.0,3190000.0,4180000.0,438324000.0
00909,國泰數位支付服務,上市,953800.0,0.0,2784915.0,3738715.0,129704000.0
00953B,群益優選非投等債,上市,-1113000.0,0.0,4714000.0,3601000.0,4394175000.0
2609,陽明,上市,3235751.0,232.0,290918.0,3526901.0,3492104270.0
1409,新纖,上市,3181838.0,0.0,143796.0,3325634.0,1618409286.0
0056,元大高股息,上市,2848479.0,0.0,432375.0,3280854.0,13616534000.0
7788,松川精密,上市,3093000.0,0.0,36784.0,3129784.0,79745993.0
6282,康舒,上市,3870955.0,0.0,-910168.0,2960787.0,856031294.0
3035,智原,上市,2783989.0,0.0,88960.0,2872949.0,260550313.0
00983A,主動中信ARK創新,上市,-757000.0,0.0,3605980.0,2848980.0,210186000.0
3062,建漢,上市,2659550.0,0.0,181970.0,2841520.0,330091818.0
3704,合勤控,上市,2768000.0,0.0,-1928.0,2766072.0,415444970.0
8028,昇陽半導體,上市,-276142.0,3351000.0,-347895.0,2726963.0,179396083.0
00757,統一FANG+,上市,779791.0,0.0,1890653.0,2670444.0,293494000.0
4938,和碩,上市,2574735.0,-84908.0,118919.0,2608746.0,2682044103.0
3059,華晶科,上市,2566000.0,0.0,34932.0,2600932.0,307702025.0
2492,華新科,上市,2334478.0,195000.0,47618.0,2577096.0,485204774.0
2376,技嘉,上市,947946.0,1370157.0,174055.0,2492158.0,669888886.0
3033,威健,上市,3853982.0,-20262.0,-1383651.0,2450069.0,478694110.0
3380,明泰,上市,2377000.0,0.0,33799.0,2410799.0,541718460.0
4967,十銓,上市,2331324.0,0.0,-6645.0,2324679.0,84963288.0
00997A,主動群益美國增長,上市,-131149.0,0.0,2425950.0,2294801.0,990877000.0
2426,鼎元,上市,2262567.0,0.0,29178.0,2291745.0,300622252.0
00936,台新永續高息中小,上市,434000.0,0.0,1807113.0,2241113.0,243297000.0
2349,錸德,上市,2242000.0,0.0,-5000.0,2237000.0,693679663.0
2637,慧洋-KY,上市,2297001.0,-121066.0,27337.0,2203272.0,746409199.0
009805,台新美國電力基建,上市,11060.0,0.0,2185960.0,2197020.0,705316000.0
2401,凌陽,上市,2593509.0,0.0,-405954.0,2187555.0,591994919.0
2451,創見,上市,2461703.0,-424000.0,73753.0,2111456.0,430692675.0
2646,星宇航空,上市,2109674.0,0.0,-5584.0,2104090.0,3008735000.0
3702,大聯大,上市,2804089.0,-491832.0,-226975.0,2085282.0,1682278898.0
00895,富邦未來車,上市,183996.0,0.0,1893548.0,2077544.0,154916000.0
00945B,凱基美國非投等債,上市,807000.0,0.0,1236565.0,2043565.0,858818000.0
009817,國泰日本不動產,上市,285000.0,0.0,1654439.0,1939439.0,270936000.0
2006,東和鋼鐵,上市,1944404.0,-23957.0,-9778.0,1910669.0,730213818.0
00902,中信電池及儲能,上市,155200.0,0.0,1724557.0,1879757.0,233497000.0
1905,華紙,上市,1893000.0,0.0,-24002.0,1868998.0,1102835316.0
2419,仲琦,上市,1623898.0,0.0,210054.0,1833952.0,321317229.0
3016,嘉晶,上市,1954289.0,0.0,-136459.0,1817830.0,288541819.0
5388,中磊,上市,1697635.0,924.0,114246.0,1812805.0,300429542.0
8131,福懋科,上市,1648887.0,0.0,115399.0,1764286.0,442222223.0
00985A,主動野村台灣50,上市,958000.0,0.0,792416.0,1750416.0,509789000.0
1710,東聯,上市,1659000.0,0.0,53000.0,1712000.0,885703029.0
2201,裕隆,上市,1711277.0,0.0,-6771.0,1704506.0,1070001251.0
00932,兆豐永續高息等權,上市,113000.0,0.0,1567781.0,1680781.0,149783000.0
00939,統一台灣高息動能,上市,149000.0,0.0,1470124.0,1619124.0,1231976000.0
1504,東元,上市,1519068.0,0.0,64740.0,1583808.0,2376440684.0
009811,統一美國50,上市,15150.0,0.0,1559083.0,1574233.0,289950000.0
2851,中再保,上市,1528000.0,0.0,-11423.0,1516577.0,800388750.0
2027,大成鋼,上市,3489136.0,0.0,-2066619.0,1422517.0,2584260615.0
3605,宏致,上市,1343607.0,0.0,73106.0,1416713.0,174816441.0
2413,環科,上市,1384450.0,0.0,-73.0,1384377.0,127359200.0
1718,中纖,上市,1356179.0,0.0,13784.0,1369963.0,1685905745.0
2436,偉詮電,上市,1320261.0,0.0,-39168.0,1281093.0,200093175.0
2913,農林,上市,1249000.0,0.0,4000.0,1253000.0,790000000.0
3028,增你強,上市,1219086.0,0.0,32893.0,1251979.0,237241193.0
2603,長榮,上市,-10649265.0,11320099.0,578660.0,1249494.0,2165042996.0
2369,菱生,上市,1688251.0,0.0,-443662.0,1244589.0,380102344.0
6531,愛普*,上市,347388.0,896211.0,-16687.0,1226912.0,162846540.0
8070,長華*,上市,1373940.0,-64695.0,-86444.0,1222801.0,725648455.0
6224,聚鼎,上市,1164000.0,0.0,24846.0,1188846.0,85645361.0
3005,神基,上市,1289393.0,-18920.0,-95987.0,1174486.0,624310150.0
4919,新唐,上市,818789.0,0.0,308233.0,1127022.0,419765268.0
3055,蔚華科,上市,1134065.0,0.0,-17545.0,1116520.0,114974918.0
3045,台灣大,上市,-1267648.0,2368153.0,10580.0,1111085.0,3723261811.0
2501,國建,上市,1082480.0,0.0,1000.0,1083480.0,1159561059.0
8163,達方,上市,1062458.0,0.0,-3632.0,1058826.0,280000001.0
3019,亞光,上市,1266523.0,0.0,-239214.0,1027309.0,279243901.0
6757,台灣虎航,上市,1022664.0,0.0,-125.0,1022539.0,459530000.0
00907,永豐優息存股,上市,916000.0,0.0,86419.0,1002419.0,183633000.0
2634,漢翔,上市,971100.0,-6000.0,-2510.0,962590.0,941867101.0
00923,群益台ESG低碳50,上市,-2704920.0,1000000.0,2662382.0,957462.0,847423000.0
8271,宇瞻,上市,897543.0,0.0,39943.0,937486.0,129614266.0
00924,復華S&P500成長,上市,105005.0,0.0,814700.0,919705.0,454103000.0
00947,台新臺灣IC設計,上市,304698.0,0.0,585428.0,890126.0,200364000.0
4526,東台,上市,998001.0,0.0,-114445.0,883556.0,254826461.0
00965,元大航太防衛科技,上市,-62760.0,-295000.0,1236755.0,878995.0,500992000.0
00898,國泰基因免疫革命,上市,171000.0,0.0,706101.0,877101.0,159976000.0
9945,潤泰新,上市,855146.0,0.0,20958.0,876104.0,2844225086.0
2328,廣宇,上市,1061500.0,0.0,-198570.0,862930.0,518346282.0
2442,新美齊,上市,821000.0,0.0,8000.0,829000.0,325232021.0
3591,艾笛森,上市,626067.0,0.0,202013.0,828080.0,145386835.0
6862,三集瑞-KY,上市,726291.0,0.0,99895.0,826186.0,50000000.0
3305,昇貿,上市,913040.0,0.0,-108422.0,804618.0,134237474.0
3311,閎暉,上市,786051.0,0.0,-779.0,785272.0,100000000.0
2340,台亞,上市,984500.0,0.0,-203530.0,780970.0,438622846.0
00946,群益科技高息成長,上市,-4582000.0,0.0,5352246.0,770246.0,491746000.0
2405,輔信,上市,760000.0,0.0,1000.0,761000.0,343427303.0
8112,至上,上市,222114.0,-43978.0,552141.0,730277.0,525291698.0
00662,富邦NASDAQ,上市,1216566.0,-40000.0,-453806.0,722760.0,756529000.0
5243,乙盛-KY,上市,814927.0,0.0,-100361.0,714566.0,168528915.0
2601,益航,上市,706000.0,0.0,3000.0,709000.0,824776067.0
9933,中鼎,上市,1098800.0,0.0,-390000.0,708800.0,900409873.0
00949,復華日本龍頭,上市,312000.0,0.0,396646.0,708646.0,191928000.0
1722,台肥,上市,693076.0,0.0,6482.0,699558.0,980000000.0
3049,精金,上市,650000.0,0.0,34418.0,684418.0,802010529.0
2241,艾姆勒,上市,653984.0,0.0,15184.0,669168.0,104602306.0
00655L,國泰中國A50正2,上市,-68000.0,0.0,729778.0,661778.0,65458000.0
1709,和益,上市,651000.0,0.0,3000.0,654000.0,477016272.0
00633L,富邦上証正2,上市,-70000.0,0.0,718401.0,648401.0,139458000.0
6257,矽格,上市,854323.0,-74599.0,-145162.0,634562.0,483912325.0
6141,柏承,上市,617000.0,0.0,11295.0,628295.0,113354005.0
5522,遠雄,上市,602000.0,-1000.0,25000.0,626000.0,781596241.0
3090,日電貿,上市,722506.0,-54186.0,-55474.0,612846.0,287567150.0
3030,德律,上市,635939.0,0.0,-23893.0,612046.0,236216000.0
3135,凌航,上市,612002.0,0.0,-4317.0,607685.0,77493405.0
2406,國碩,上市,631637.0,0.0,-25322.0,606315.0,350905689.0
8473,山林水,上市,595321.0,0.0,-4587.0,590734.0,181201378.0
00930,永豐ESG低碳高息,上市,192000.0,0.0,396916.0,588916.0,144779000.0
2404,漢唐,上市,848050.0,-50000.0,-213418.0,584632.0,190586698.0
6799,來頡,上市,579500.0,0.0,2454.0,581954.0,43652193.0
00693U,期街口S&P黃豆,上市,-4000.0,0.0,578168.0,574168.0,96166000.0
2399,映泰,上市,572000.0,0.0,-879.0,571121.0,178100000.0
2023,燁輝,上市,599000.0,0.0,-33000.0,566000.0,1876240214.0
3694,海華,上市,574000.0,0.0,-10724.0,563276.0,154929208.0
3312,弘憶股,上市,596007.0,0.0,-33000.0,563007.0,182626815.0
6166,凌華,上市,568305.0,0.0,-8819.0,559486.0,217497257.0
3037,欣興,上市,344308.0,469000.0,-254148.0,559160.0,1589228785.0
2363,矽統,上市,690711.0,0.0,-134006.0,556705.0,514988161.0
00701,國泰股利精選30,上市,23000.0,0.0,531821.0,554821.0,176391000.0
2458,義隆,上市,585123.0,10200.0,-43158.0,552165.0,303880392.0
1316,上曜,上市,527905.0,0.0,22983.0,550888.0,367089019.0
1514,亞力,上市,560530.0,0.0,-19589.0,540941.0,273108473.0
2390,云辰,上市,537000.0,0.0,-6000.0,531000.0,192619442.0
1447,力鵬,上市,508721.0,0.0,11000.0,519721.0,910071242.0
4555,氣立,上市,544925.0,0.0,-28453.0,516472.0,69987653.0
6189,豐藝,上市,545267.0,-25983.0,-5000.0,514284.0,263779657.0
3010,華立,上市,428048.0,95649.0,-16552.0,507145.0,259436817.0
2497,怡利電,上市,500545.0,0.0,2234.0,502779.0,130887676.0
1216,統一,上市,-5392126.0,5798000.0,94445.0,500319.0,5682015421.0
7740,熙特爾-創,上市,494000.0,0.0,-1732.0,492268.0,53200000.0
00885,富邦越南,上市,53277.0,0.0,431284.0,484561.0,650238000.0
3026,禾伸堂,上市,-58696.0,551000.0,-10906.0,481398.0,165890318.0
1455,集盛,上市,483351.0,0.0,-6981.0,476370.0,531688380.0
2392,正崴,上市,471915.0,0.0,799.0,472714.0,512326940.0
6834,天二科技,上市,472880.0,0.0,-235.0,472645.0,88471082.0
00941,中信上游半導體,上市,-58244.0,0.0,519689.0,461445.0,452291000.0
2605,新興,上市,219131.0,0.0,239220.0,458351.0,585353297.0
00676R,富邦臺灣加權反1,上市,0.0,0.0,456309.0,456309.0,172833683.0
00971,野村美國研發龍頭,上市,-94500.0,0.0,545988.0,451488.0,66677000.0
4566,時碩工業,上市,420896.0,0.0,20143.0,441039.0,109993047.0
3014,聯陽,上市,421984.0,16444.0,-4053.0,434375.0,165987124.0
1568,倉佑,上市,-24020.0,0.0,451328.0,427308.0,103086559.0
6558,興能高,上市,424000.0,0.0,2000.0,426000.0,93788875.0
00641R,富邦日本反1,上市,0.0,0.0,425000.0,425000.0,74758000.0
2379,瑞昱,上市,-107203.0,586604.0,-56658.0,422743.0,515512641.0
6446,藥華藥,上市,438167.0,7000.0,-27121.0,418046.0,379916370.0
3708,上緯投控,上市,643000.0,0.0,-226047.0,416953.0,92105384.0
2428,興勤,上市,347136.0,0.0,61901.0,409037.0,128112726.0
2455,全新,上市,649236.0,-100000.0,-142659.0,406577.0,184905918.0
2537,聯上發,上市,382000.0,0.0,15000.0,397000.0,300557795.0
8104,錸寶,上市,345000.0,0.0,51177.0,396177.0,104058192.0
00956,中信日經高股息,上市,-385000.0,0.0,780628.0,395628.0,34630000.0
2539,櫻花建,上市,353201.0,0.0,40454.0,393655.0,1193102581.0
00897,富邦基因免疫生技,上市,117000.0,0.0,275332.0,392332.0,153012000.0
6412,群電,上市,384042.0,847.0,5643.0,390532.0,400769126.0
9941,裕融,上市,463298.0,-72388.0,-1989.0,388921.0,575636346.0
1476,儒鴻,上市,300270.0,-2917.0,82085.0,379438.0,274367111.0
6206,飛捷,上市,367740.0,-6806.0,18472.0,379406.0,143062324.0
2421,建準,上市,403063.0,0.0,-27195.0,375868.0,286943669.0
00692,富邦公司治理,上市,274143.0,0.0,98864.0,373007.0,619280000.0
6155,鈞寶,上市,368633.0,0.0,3517.0,372150.0,88023988.0
3058,立德,上市,363000.0,0.0,0.0,363000.0,201722779.0
9939,宏全,上市,374051.0,-12028.0,-1350.0,360673.0,295786475.0
3450,聯鈞,上市,180510.0,0.0,178058.0,358568.0,145681382.0
2316,楠梓電,上市,428714.0,0.0,-77382.0,351332.0,182740536.0
00670L,富邦NASDAQ正2,上市,-1995.0,0.0,351946.0,349951.0,75145000.0
00916,國泰全球品牌50,上市,567000.0,0.0,-220816.0,346184.0,62419000.0
2332,友訊,上市,303000.0,0.0,32086.0,335086.0,602242373.0
5531,鄉林,上市,328000.0,0.0,0.0,328000.0,1077589245.0
5285,界霖,上市,347800.0,0.0,-25407.0,322393.0,102040926.0
1477,聚陽,上市,326731.0,-58620.0,42204.0,310315.0,246693713.0
2461,光群雷,上市,305000.0,0.0,4000.0,309000.0,174998350.0
1723,中碳,上市,317397.0,0.0,-10698.0,306699.0,236904480.0
2032,新鋼,上市,292022.0,0.0,13000.0,305022.0,130521545.0
00972,野村日本動能高息,上市,0.0,0.0,297599.0,297599.0,20172000.0
1313,聯成,上市,271000.0,0.0,19127.0,290127.0,1330846107.0
8374,羅昇,上市,335917.0,0.0,-47978.0,287939.0,112250487.0
8454,富邦媒,上市,256052.0,-22000.0,50640.0,284692.0,264975275.0
2527,宏璟,上市,285000.0,0.0,-1980.0,283020.0,270306000.0
6120,達運,上市,426000.0,0.0,-154135.0,271865.0,598999602.0
3518,柏騰,上市,267000.0,0.0,2000.0,269000.0,102662230.0
9958,世紀鋼,上市,259000.0,0.0,9820.0,268820.0,246896665.0
2511,太子,上市,275000.0,0.0,-8000.0,267000.0,1623326147.0
2362,藍天,上市,266000.0,0.0,-2056.0,263944.0,622263000.0
2478,大毅,上市,216750.0,0.0,46844.0,263594.0,144731339.0
9935,慶豐富,上市,263000.0,0.0,0.0,263000.0,177838926.0
1309,台達化,上市,212000.0,0.0,48201.0,260201.0,397586848.0
6214,精誠,上市,240402.0,626.0,18866.0,259894.0,272243066.0
3443,創意,上市,758157.0,-198817.0,-299466.0,259874.0,134011911.0
6277,宏正,上市,258000.0,0.0,575.0,258575.0,119471166.0
6550,北極星藥業-KY,上市,283000.0,0.0,-26000.0,257000.0,894792688.0
3321,同泰,上市,263050.0,0.0,-7000.0,256050.0,86113769.0
3645,達邁,上市,399842.0,0.0,-146251.0,253591.0,136754207.0
2342,茂矽,上市,254710.0,0.0,-2003.0,252707.0,157474744.0
2014,中鴻,上市,251000.0,0.0,1000.0,252000.0,1435544446.0
1789,神隆,上市,254000.0,0.0,-3000.0,251000.0,790739222.0
1587,吉茂,上市,139000.0,0.0,108583.0,247583.0,80055672.0
3413,京鼎,上市,369956.0,-75000.0,-49774.0,245182.0,110762280.0
4764,雙鍵,上市,-62000.0,309000.0,-2254.0,244746.0,85542062.0
2462,良得電,上市,236029.0,0.0,3278.0,239307.0,150784482.0
2347,聯強,上市,-392780.0,-3261.0,633307.0,237266.0,1667946968.0
1444,力麗,上市,237000.0,0.0,-1000.0,236000.0,995595059.0
3034,聯詠,上市,-485848.0,766979.0,-45353.0,235778.0,608511469.0
00964,中信亞太高股息,上市,548000.0,0.0,-313741.0,234259.0,65124000.0
2243,宏旭-KY,上市,226071.0,0.0,7004.0,233075.0,69373596.0
3056,富華新,上市,255000.0,0.0,-22000.0,233000.0,480555051.0
4306,炎洲,上市,223999.0,0.0,9000.0,232999.0,676757216.0
6215,和椿,上市,257770.0,0.0,-25388.0,232382.0,82789693.0
1560,中砂,上市,261186.0,-2000.0,-27597.0,231589.0,146277234.0
006205,富邦上証,上市,378000.0,0.0,-149744.0,228256.0,100939000.0
3607,谷崧,上市,228000.0,0.0,0.0,228000.0,121662239.0
2258,鴻華先進-創,上市,245000.0,0.0,-17248.0,227752.0,1751076800.0
7769,鴻勁,上市,-166259.0,393500.0,-95.0,227146.0,179930000.0
6443,元晶,上市,388635.0,0.0,-161809.0,226826.0,512796730.0
009801,中信美國創新科技,上市,-46000.0,0.0,269804.0,223804.0,117119000.0
00926,凱基全球菁英55,上市,-1000.0,0.0,221968.0,220968.0,89982000.0
6438,迅得,上市,205397.0,0.0,12565.0,217962.0,82206325.0
2887I,台新新光辛特,上市,215000.0,0.0,0.0,215000.0,3096420552.0
2444,兆勁,上市,215000.0,0.0,-2000.0,213000.0,101569573.0
00943,兆豐電子高息等權,上市,229000.0,0.0,-16601.0,212399.0,42389000.0
1522,堤維西,上市,209000.0,0.0,799.0,209799.0,312897881.0
8021,尖點,上市,226289.0,0.0,-17684.0,208605.0,145042467.0
2476,鉅祥,上市,390012.0,0.0,-181586.0,208426.0,218171223.0
3094,聯傑,上市,222000.0,0.0,-17003.0,204997.0,83117089.0
4532,瑞智,上市,216000.0,-31843.0,17076.0,201233.0,494895105.0
2616,山隆,上市,196000.0,0.0,4997.0,200997.0,137281827.0
3003,健和興,上市,203000.0,0.0,-3027.0,199973.0,155654890.0
6525,捷敏-KY,上市,204659.0,-9157.0,2915.0,198417.0,129047384.0
1618,合機,上市,203000.0,0.0,-4999.0,198001.0,192691747.0
1218,泰山,上市,197000.0,0.0,-2000.0,195000.0,499999038.0
912000,晨訊科-DR,上市,194000.0,0.0,0.0,194000.0,159293516.0
2535,達欣工,上市,241088.0,0.0,-47986.0,193102.0,270793967.0
9955,佳龍,上市,191000.0,0.0,2000.0,193000.0,104435829.0
9802,鈺齊-KY,上市,245000.0,-52000.0,-542.0,192458.0,200991673.0
3046,建碁,上市,193069.0,0.0,-1021.0,192048.0,78448013.0
2104,國際中橡,上市,195000.0,0.0,-3560.0,191440.0,984733625.0
5608,四維航,上市,191000.0,0.0,0.0,191000.0,389276138.0
6196,帆宣,上市,177209.0,5000.0,5248.0,187457.0,220329529.0
4916,事欣科,上市,124995.0,0.0,62457.0,187452.0,110602900.0
2636,台驊控股,上市,185915.0,0.0,-344.0,185571.0,141835230.0
8222,寶一,上市,187000.0,0.0,-5000.0,182000.0,68573500.0
2233,宇隆,上市,284510.0,0.0,-108266.0,176244.0,60288089.0
4571,鈞興-KY,上市,177447.0,0.0,-3835.0,173612.0,53017115.0
1762,中化生,上市,177337.0,0.0,-4000.0,173337.0,76918000.0
00960,野村全球航運龍頭,上市,-25000.0,0.0,198316.0,173316.0,68495000.0
6226,光鼎,上市,173225.0,0.0,0.0,173225.0,115534789.0
2630,亞航,上市,173000.0,0.0,0.0,173000.0,209438204.0
1338,廣華-KY,上市,166000.0,0.0,4000.0,170000.0,83840000.0
00986A,主動台新龍頭成長,上市,-282000.0,0.0,451778.0,169778.0,43327000.0
009818,華南永昌NASDAQxT,上市,0.0,0.0,166410.0,166410.0,60152000.0
8103,瀚荃,上市,223653.0,0.0,-57473.0,166180.0,78436671.0
3545,敦泰,上市,188000.0,0.0,-23943.0,164057.0,221151215.0
1524,耿鼎,上市,128000.0,0.0,33447.0,161447.0,165310397.0
1521,大億,上市,161000.0,0.0,0.0,161000.0,76230000.0
6451,訊芯-KY,上市,172847.0,0.0,-13215.0,159632.0,107464800.0
6743,安普新,上市,157021.0,0.0,1000.0,158021.0,150000000.0
9946,三發地產,上市,158000.0,0.0,0.0,158000.0,326554150.0
6805,富世達,上市,533930.0,-388000.0,10582.0,156512.0,68553896.0
3416,融程電,上市,175000.0,0.0,-19266.0,155734.0,80493769.0
4540,全球傳動,上市,160313.0,0.0,-5125.0,155188.0,112140457.0
2017,官田鋼,上市,147077.0,0.0,8000.0,155077.0,446874691.0
2612,中航,上市,121023.0,0.0,33271.0,154294.0,197484593.0
6405,悅城,上市,162732.0,0.0,-9351.0,153381.0,65800000.0
00661,元大日經225,上市,-5060.0,0.0,158107.0,153047.0,23925000.0
4106,雃博,上市,150000.0,0.0,-1951.0,148049.0,100911557.0
8105,凌巨,上市,153000.0,0.0,-5000.0,148000.0,441544851.0
00640L,富邦日本正2,上市,-35000.0,0.0,181164.0,146164.0,8919000.0
2617,台航,上市,126000.0,0.0,19937.0,145937.0,417294487.0
00634R,富邦上証反1,上市,0.0,0.0,145000.0,145000.0,47256000.0
1432,大魯閣,上市,144000.0,0.0,0.0,144000.0,108000000.0
2387,精元,上市,145000.0,0.0,-1174.0,143826.0,195251051.0
1540,喬福,上市,142000.0,0.0,0.0,142000.0,85473612.0
6133,金橋,上市,139000.0,0.0,1000.0,140000.0,117006294.0
2460,建通,上市,139023.0,0.0,-1000.0,138023.0,169200000.0
3588,通嘉,上市,138143.0,0.0,-1000.0,137143.0,61993182.0
6768,志強-KY,上市,144000.0,-9620.0,2373.0,136753.0,200095061.0
6235,華孚,上市,124216.0,0.0,12022.0,136238.0,199906306.0
6281,全國電,上市,136000.0,0.0,0.0,136000.0,99172945.0
7780,大研生醫*,上市,138896.0,0.0,-3030.0,135866.0,810024170.0
7610,聯友金屬-創,上市,135260.0,0.0,200.0,135460.0,48585456.0
5258,虹堡,上市,136042.0,0.0,-1704.0,134338.0,110364894.0
4956,光鋐,上市,128000.0,0.0,6000.0,134000.0,100408236.0
1909,榮成,上市,135000.0,0.0,-4000.0,131000.0,1327685727.0
2062,橋椿,上市,129000.0,0.0,1612.0,130612.0,199994152.0
0061,元大寶滬深,上市,21000.0,0.0,108865.0,129865.0,102616000.0
4195,基米-創,上市,126000.0,0.0,0.0,126000.0,80000057.0
2069,運錩,上市,125000.0,0.0,0.0,125000.0,166386836.0
2613,中櫃,上市,121075.0,0.0,3000.0,124075.0,148423458.0
2030,彰源,上市,109000.0,0.0,15000.0,124000.0,280526027.0
00638R,元大滬深300反1,上市,-18000.0,0.0,142000.0,124000.0,27448000.0
3712,永崴投控,上市,129000.0,0.0,-5689.0,123311.0,246242146.0
2731,雄獅,上市,154024.0,-35000.0,4000.0,123024.0,93277739.0
1616,億泰,上市,122000.0,0.0,-962.0,121038.0,194148515.0
2029,盛餘,上市,122000.0,0.0,-1000.0,121000.0,321180000.0
00700,富邦恒生國企,上市,-33940.0,0.0,154819.0,120879.0,35983000.0
6414,樺漢,上市,177197.0,-2000.0,-54625.0,120572.0,145886397.0
3024,憶聲,上市,133000.0,0.0,-13000.0,120000.0,277157496.0
3701,大眾控,上市,111100.0,0.0,8400.0,119500.0,236637616.0
3052,夆典,上市,99000.0,0.0,20000.0,119000.0,233245771.0
6449,鈺邦,上市,-22000.0,71000.0,69000.0,118000.0,91886014.0
6552,易華電,上市,117145.0,0.0,-62.0,117083.0,83000000.0
6742,澤米,上市,112060.0,0.0,5000.0,117060.0,71267948.0
8011,台通,上市,117890.0,0.0,-2000.0,115890.0,165921891.0
00656R,國泰中國A50反1,上市,0.0,0.0,115350.0,115350.0,20357000.0
3346,麗清,上市,-117000.0,0.0,231634.0,114634.0,121228352.0
6205,詮欣,上市,111808.0,0.0,2300.0,114108.0,82235907.0
00904,台新臺灣半導體30,上市,-407935.0,0.0,517916.0,109981.0,172112000.0
3504,揚明光,上市,111536.0,0.0,-2000.0,109536.0,114059785.0
2072,世紀風電,上市,108098.0,0.0,1000.0,109098.0,192000000.0
00645,富邦日本,上市,-9963.0,0.0,118972.0,109009.0,50497000.0
1466,聚隆,上市,107000.0,0.0,1000.0,108000.0,111157320.0
8464,億豐,上市,106523.0,0.0,849.0,107372.0,293020200.0
6192,巨路,上市,109000.0,0.0,-2179.0,106821.0,96155770.0
1903,士紙,上市,108000.0,0.0,-4000.0,104000.0,260039121.0
00717,富邦美國特別股,上市,23000.0,0.0,81000.0,104000.0,132105000.0
2911,麗嬰房,上市,105000.0,0.0,-2011.0,102989.0,105125999.0
4807,日成-KY,上市,114145.0,0.0,-13000.0,101145.0,48996032.0
3406,玉晶光,上市,157349.0,-31000.0,-25778.0,100571.0,112743063.0
00674R,期元大S&P黃金反1,上市,0.0,0.0,98125.0,98125.0,16420555.0
00647L,元大S&P500正2,上市,22000.0,0.0,75927.0,97927.0,6416000.0
3550,聯穎,上市,93150.0,0.0,3653.0,96803.0,107550000.0
1108,幸福,上市,96000.0,0.0,0.0,96000.0,404738049.0
6885,全福生技,上市,100125.0,0.0,-5000.0,95125.0,133019000.0
3038,全台,上市,97000.0,0.0,-3000.0,94000.0,157407603.0
2351,順德,上市,153061.0,0.0,-60029.0,93032.0,182140249.0
1713,國化,上市,93000.0,0.0,-1000.0,92000.0,150951700.0
00944,野村趨勢動能高息,上市,-40000.0,0.0,127295.0,87295.0,58081000.0
4414,如興,上市,89964.0,0.0,-3000.0,86964.0,263795773.0
2427,三商電,上市,87000.0,0.0,-1000.0,86000.0,197999573.0
6573,虹揚-KY,上市,79000.0,0.0,6661.0,85661.0,80499345.0
3138,耀登,上市,111873.0,0.0,-26963.0,84910.0,56396114.0
00951,台新日本半導體,上市,-1128000.0,0.0,1212601.0,84601.0,193042000.0
6585,鼎基,上市,85000.0,0.0,-1000.0,84000.0,72133587.0
2397,友通,上市,83000.0,0.0,1000.0,84000.0,114488857.0
6605,帝寶,上市,40000.0,0.0,42741.0,82741.0,165816397.0
6164,華興,上市,80000.0,0.0,2000.0,82000.0,80000000.0
2908,特力,上市,82000.0,0.0,0.0,82000.0,509887558.0
6902,GOGOLOOK,上市,82000.0,0.0,0.0,82000.0,35358948.0
009810,玉山全球藍籌100,上市,0.0,0.0,81538.0,81538.0,19654000.0
2106,建大,上市,69100.0,0.0,12000.0,81100.0,954890000.0
6283,淳安,上市,88021.0,0.0,-7000.0,81021.0,148981343.0
2115,六暉-KY,上市,81000.0,0.0,0.0,81000.0,104373163.0
2906,高林,上市,76000.0,0.0,4000.0,80000.0,209116648.0
00737,國泰AI機器人,上市,-15900.0,0.0,95644.0,79744.0,22538000.0
1325,恆大,上市,77000.0,0.0,0.0,77000.0,85281198.0
2524,京城,上市,77000.0,0.0,0.0,77000.0,365983545.0
00731,復華富時高息低波,上市,119000.0,0.0,-42219.0,76781.0,24600000.0
4770,上品,上市,72500.0,0.0,3440.0,75940.0,79976000.0
1904,正隆,上市,78000.0,0.0,-2948.0,75052.0,1108274522.0
1467,南緯,上市,75000.0,0.0,0.0,75000.0,233624667.0
6890,來億-KY,上市,75661.0,0.0,-826.0,74835.0,249400000.0
6901,鑽石投資,上市,56000.0,0.0,18000.0,74000.0,852860000.0
1464,得力,上市,74000.0,0.0,0.0,74000.0,425575733.0
1720,生達,上市,75000.0,0.0,-1000.0,74000.0,178696089.0
3015,全漢,上市,73000.0,1370.0,-1269.0,73101.0,187261950.0
3716,中化控股,上市,82025.0,0.0,-9000.0,73025.0,149765614.0
2762,世界健身-KY,上市,73000.0,0.0,0.0,73000.0,112500000.0
9921,巨大,上市,93091.0,0.0,-20281.0,72810.0,392064626.0
3002,歐格,上市,72000.0,0.0,0.0,72000.0,102000000.0
9918,欣天然,上市,72000.0,0.0,0.0,72000.0,180537453.0
6790,永豐實,上市,72000.0,0.0,-25.0,71975.0,267129021.0
1907,永豐餘,上市,80000.0,0.0,-8303.0,71697.0,1660371495.0
00892,富邦台灣半導體,上市,-396500.0,0.0,467820.0,71320.0,273292000.0
1598,岱宇,上市,80000.0,0.0,-9001.0,70999.0,179142092.0
2540,愛山林,上市,77955.0,0.0,-7000.0,70955.0,944873965.0
2364,倫飛,上市,69013.0,0.0,1000.0,70013.0,52388648.0
3652,精聯,上市,70000.0,0.0,0.0,70000.0,75097500.0
3583,辛耘,上市,-72699.0,81000.0,61668.0,69969.0,80346080.0
2417,圓剛,上市,66917.0,0.0,2427.0,69344.0,157218864.0
9942,茂順,上市,69000.0,0.0,0.0,69000.0,83161320.0
2645,長榮航太,上市,71898.0,-2000.0,-1494.0,68404.0,374570962.0
1517,利奇,上市,68000.0,0.0,311.0,68311.0,220000007.0
4426,利勤,上市,51000.0,0.0,17000.0,68000.0,172677198.0
5607,遠雄港,上市,59253.0,0.0,8000.0,67253.0,370552913.0
4536,拓凱,上市,69007.0,0.0,-1988.0,67019.0,90820000.0
1201,味全,上市,68000.0,0.0,-2006.0,65994.0,506062914.0
2034,允強,上市,61000.0,0.0,4468.0,65468.0,528995589.0
2459,敦吉,上市,64910.0,0.0,-1000.0,63910.0,105595615.0
6115,鎰勝,上市,65000.0,0.0,-1309.0,63691.0,187662154.0
4904,遠傳,上市,-3378558.0,2894048.0,548139.0,63629.0,3607025357.0
5706,鳳凰,上市,63248.0,0.0,-1000.0,62248.0,84910920.0
00678,群益那斯達克生技,上市,49000.0,0.0,13206.0,62206.0,7948000.0
9940,信義,上市,33107.0,0.0,29000.0,62107.0,736846500.0
1459,聯發,上市,61409.0,0.0,0.0,61409.0,358628907.0
6830,汎銓,上市,84520.0,0.0,-23143.0,61377.0,53446888.0
6965,中傑-KY,上市,62000.0,0.0,-1000.0,61000.0,156336000.0
2431,聯昌,上市,62000.0,0.0,-1000.0,61000.0,110927014.0
2323,中環,上市,142000.0,0.0,-81374.0,60626.0,1089348328.0
5215,科嘉-KY,上市,61000.0,0.0,-1000.0,60000.0,64337500.0
6165,浪凡,上市,62000.0,0.0,-2000.0,60000.0,77752623.0
1617,榮星,上市,61000.0,0.0,-1033.0,59967.0,169514700.0
5288,豐祥-KY,上市,62000.0,0.0,-2495.0,59505.0,69698722.0
2441,超豐,上市,132748.0,-11000.0,-62559.0,59189.0,568845921.0
2015,豐興,上市,67086.0,-5000.0,-3000.0,59086.0,581599424.0
3022,威強電,上市,68168.0,-9842.0,30.0,58356.0,176597790.0
00852L,國泰美國道瓊正2,上市,1000.0,0.0,57013.0,58013.0,8865000.0
1416,廣豐,上市,58000.0,0.0,0.0,58000.0,185342168.0
3050,鈺德,上市,59000.0,0.0,-1000.0,58000.0,154984450.0
3164,景岳,上市,58000.0,0.0,0.0,58000.0,86010364.0
00875,國泰網路資安,上市,66000.0,0.0,-8340.0,57660.0,13488000.0
1339,昭輝,上市,54000.0,0.0,3453.0,57453.0,74123875.0
9943,好樂迪,上市,57000.0,0.0,0.0,57000.0,125171510.0
2103,台橡,上市,33000.0,0.0,22505.0,55505.0,825709978.0
1323,永裕,上市,52000.0,0.0,3000.0,55000.0,91274554.0
2009,第一銅,上市,55000.0,0.0,-867.0,54133.0,359622165.0
2727,王品,上市,-9276.0,-18000.0,80982.0,53706.0,82940109.0
6202,盛群,上市,50800.0,0.0,2382.0,53182.0,230388200.0
3043,科風,上市,53000.0,0.0,-1000.0,52000.0,38975634.0
1527,鑽全,上市,54000.0,0.0,-2699.0,51301.0,138570640.0
7795,長廣,上市,51000.0,0.0,76.0,51076.0,78828500.0
1219,福壽,上市,47000.0,0.0,4000.0,51000.0,341238364.0
00908,富邦入息REITs+,上市,0.0,0.0,50628.0,50628.0,36916000.0
1604,聲寶,上市,51000.0,0.0,-1000.0,50000.0,384200000.0
1732,毛寶,上市,49000.0,0.0,0.0,49000.0,42443957.0
2705,六福,上市,50000.0,0.0,-1000.0,49000.0,191312830.0
2739,寒舍,上市,47000.0,0.0,1000.0,48000.0,91526000.0
2506,太設,上市,48000.0,0.0,0.0,48000.0,387000000.0
1225,福懋油,上市,53993.0,0.0,-6000.0,47993.0,242268306.0
7750,新代,上市,58818.0,0.0,-11638.0,47180.0,71843000.0
8476,台境*,上市,47000.0,0.0,-1000.0,46000.0,166226358.0
6776,展碁國際,上市,46000.0,0.0,0.0,46000.0,91581430.0
6722,輝創,上市,48000.0,0.0,-2000.0,46000.0,88400000.0
00710B,復華彭博非投等債,上市,-3000.0,0.0,48953.0,45953.0,183261000.0
3041,揚智,上市,45011.0,0.0,904.0,45915.0,140223647.0
3703,欣陸,上市,49000.0,0.0,-3678.0,45322.0,823215980.0
2415,錩新,上市,46040.0,0.0,-1000.0,45040.0,90000000.0
2702,華園,上市,39000.0,0.0,6000.0,45000.0,156613249.0
4942,嘉彰,上市,49007.0,0.0,-6000.0,43007.0,142367613.0
7730,暉盛-創,上市,39000.0,0.0,2915.0,41915.0,36796731.0
5515,建國,上市,38000.0,-2000.0,5131.0,41131.0,201600084.0
8442,威宏-KY,上市,40000.0,0.0,1000.0,41000.0,70169764.0
2457,飛宏,上市,75000.0,0.0,-34115.0,40885.0,424772416.0
6216,居易,上市,42000.0,0.0,-1166.0,40834.0,96189637.0
3419,譁裕,上市,39000.0,0.0,1000.0,40000.0,120480417.0
00711B,復華彭博新興債,上市,40000.0,0.0,-888.0,39112.0,872261000.0
1531,高林股,上市,39000.0,0.0,0.0,39000.0,182108080.0
6668,中揚光,上市,39000.0,0.0,-1000.0,38000.0,107116087.0
00921,兆豐龍頭等權重,上市,-69000.0,0.0,106479.0,37479.0,60270000.0
00982T,平衡兆豐台美動能,上市,-3000.0,0.0,40100.0,37100.0,19597000.0
1460,宏遠,上市,36000.0,0.0,0.0,36000.0,694643484.0
5306,桂盟,上市,35132.0,0.0,0.0,35132.0,126000772.0
1626,艾美特-KY,上市,31000.0,0.0,3000.0,34000.0,149821721.0
00903,富邦元宇宙,上市,0.0,0.0,33969.0,33969.0,52721000.0
2239,英利-KY,上市,34000.0,0.0,-339.0,33661.0,117712593.0
5225,東科-KY,上市,35000.0,0.0,-1475.0,33525.0,79136499.0
3528,安馳,上市,15000.0,0.0,18433.0,33433.0,66639216.0
1234,黑松,上市,34000.0,0.0,-799.0,33201.0,401871094.0
9914,美利達,上市,32711.0,0.0,-214.0,32497.0,298983800.0
6781,AES-KY,上市,46512.0,0.0,-14042.0,32470.0,85418780.0
7760,享溫馨,上市,32000.0,0.0,0.0,32000.0,66048000.0
6431,光麗-KY,上市,32000.0,0.0,0.0,32000.0,97398835.0
3515,華擎,上市,45700.0,0.0,-14348.0,31352.0,123544049.0
6592,和潤企業,上市,31287.0,0.0,0.0,31287.0,623150493.0
1414,東和,上市,27001.0,0.0,4000.0,31001.0,198000000.0
1417,嘉裕,上市,26000.0,0.0,5000.0,31000.0,189941840.0
1537,廣隆,上市,32000.0,0.0,-1000.0,31000.0,82062794.0
1526,日馳,上市,31000.0,0.0,0.0,31000.0,60000000.0
00683L,期元大美元指正2,上市,0.0,0.0,30951.0,30951.0,11434000.0
1583,程泰,上市,30200.0,0.0,38.0,30238.0,109400372.0
2832,台產,上市,30000.0,0.0,120.0,30120.0,253540280.0
2477,美隆電,上市,33010.0,0.0,-3000.0,30010.0,158573244.0
2509,全坤建,上市,29000.0,0.0,1000.0,30000.0,224550530.0
2546,根基,上市,29957.0,0.0,0.0,29957.0,130524193.0
4562,穎漢,上市,30000.0,0.0,-629.0,29371.0,87546000.0
020029,元大ESG高股息N,上市,0.0,0.0,28000.0,28000.0,0.0
911868,同方友友-DR,上市,28000.0,0.0,0.0,28000.0,140000000.0
2434,統懋,上市,24000.0,0.0,3418.0,27418.0,37000000.0
3167,大量,上市,34500.0,0.0,-7418.0,27082.0,89185209.0
00912,中信臺灣智慧50,上市,-490000.0,0.0,517064.0,27064.0,59253000.0
1776,展宇,上市,25000.0,0.0,2000.0,27000.0,60106952.0
1110,東泥,上市,26000.0,0.0,1000.0,27000.0,572000797.0
2227,裕日車,上市,26574.0,0.0,0.0,26574.0,300000000.0
2420,新巨,上市,30077.0,1496.0,-5000.0,26573.0,152648688.0
7722,LINEPAY,上市,27406.0,0.0,-1000.0,26406.0,68000000.0
1342,八貫,上市,26092.0,0.0,0.0,26092.0,78000902.0
4108,懷特,上市,29032.0,0.0,-3000.0,26032.0,198618879.0
1614,三洋電,上市,27000.0,0.0,-1000.0,26000.0,269113406.0
2482,連宇,上市,25000.0,0.0,280.0,25280.0,77882711.0
3494,誠研,上市,25000.0,0.0,0.0,25000.0,94800000.0
1103,嘉泥,上市,44000.0,0.0,-19000.0,25000.0,790247459.0
00771,元大US高息特別股,上市,0.0,0.0,25000.0,25000.0,14225000.0
1786,科妍,上市,25045.0,0.0,-237.0,24808.0,74827641.0
8201,無敵,上市,24800.0,0.0,0.0,24800.0,62366275.0
3557,嘉威,上市,-13000.0,0.0,37000.0,24000.0,84315435.0
4935,茂林-KY,上市,19000.0,0.0,5000.0,24000.0,128864091.0
2059,川湖,上市,53271.0,-33995.0,4508.0,23784.0,95297072.0
00666R,富邦恒生國企反1,上市,0.0,0.0,23000.0,23000.0,14624000.0
1446,宏和,上市,24000.0,0.0,-1000.0,23000.0,137709513.0
6831,邁科,上市,17146.0,0.0,5853.0,22999.0,67500000.0
009809,富邦淨零ESG50,上市,0.0,0.0,22989.0,22989.0,34863000.0
020036,元大金融配息N,上市,0.0,0.0,22000.0,22000.0,0.0
2642,宅配通,上市,23000.0,0.0,-1000.0,22000.0,95467000.0
4976,佳凌,上市,26068.0,0.0,-4114.0,21954.0,141351000.0
00762,元大全球AI,上市,0.0,0.0,21220.0,21220.0,47748000.0
2012,春雨,上市,16000.0,0.0,5000.0,21000.0,302162700.0
6024,群益期,上市,21000.0,0.0,0.0,21000.0,249937584.0
2440,太空梭,上市,19000.0,0.0,2000.0,21000.0,139117271.0
2424,隴華,上市,21000.0,0.0,0.0,21000.0,59585000.0
2923,鼎固-KY,上市,21000.0,0.0,0.0,21000.0,1740296982.0
6944,兆聯實業,上市,76206.0,0.0,-55303.0,20903.0,76687912.0
6689,伊雲谷,上市,21000.0,0.0,-492.0,20508.0,68000000.0
5007,三星,上市,20000.0,0.0,0.0,20000.0,294940154.0
1783,和康生,上市,21000.0,0.0,-1000.0,20000.0,89680115.0
1726,永記,上市,19980.0,0.0,0.0,19980.0,162000000.0
7821,神數,上市,19000.0,0.0,0.0,19000.0,121913300.0
3296,勝德,上市,19000.0,0.0,0.0,19000.0,96724450.0
3057,喬鼎,上市,19665.0,0.0,-1000.0,18665.0,67864629.0
8249,菱光,上市,28000.0,0.0,-9469.0,18531.0,137824500.0
7765,中華資安,上市,21440.0,0.0,-3000.0,18440.0,40681000.0
4572,駐龍,上市,18050.0,0.0,-5.0,18045.0,40000000.0
1535,中宇,上市,18007.0,0.0,0.0,18007.0,123742552.0
2466,冠西電,上市,16000.0,0.0,2000.0,18000.0,173458697.0
00651R,復華香港反1,上市,0.0,0.0,17870.0,17870.0,33192000.0
00733,富邦臺灣中小,上市,-26920.0,0.0,44120.0,17200.0,72966000.0
6838,台新藥,上市,16000.0,0.0,1000.0,17000.0,150977100.0
1337,再生-KY,上市,17000.0,0.0,0.0,17000.0,268954729.0
6951,青新-創,上市,17000.0,0.0,0.0,17000.0,46000000.0
6906,現觀科,上市,11000.0,0.0,5338.0,16338.0,33537400.0
00962,台新AI優息動能,上市,-70000.0,0.0,86096.0,16096.0,48420000.0
5283,禾聯碩,上市,16058.0,0.0,0.0,16058.0,87600510.0
1439,雋揚,上市,16000.0,0.0,0.0,16000.0,92000000.0
2706,第一店,上市,16000.0,0.0,0.0,16000.0,499998346.0
00668,國泰美國道瓊,上市,-2000.0,0.0,17970.0,15970.0,11533000.0
6112,邁達特,上市,19075.0,0.0,-3292.0,15783.0,188357336.0
6969,成信實業*-創,上市,16000.0,0.0,-265.0,15735.0,43857189.0
4545,銘鈺,上市,21000.0,0.0,-5478.0,15522.0,77000000.0
9937,全國,上市,14000.0,0.0,1381.0,15381.0,309043000.0
6928,攸泰科技,上市,15000.0,0.0,0.0,15000.0,86000000.0
6914,阜爾運通,上市,15000.0,0.0,0.0,15000.0,66226000.0
6887,寶綠特-KY,上市,16000.0,0.0,-1000.0,15000.0,74151512.0
9905,大華,上市,15000.0,0.0,0.0,15000.0,305000000.0
1456,怡華,上市,15000.0,0.0,0.0,15000.0,93720000.0
2114,鑫永銓,上市,17000.0,0.0,-2000.0,15000.0,77991707.0
2247,汎德永業,上市,14872.0,0.0,-148.0,14724.0,80708735.0
1449,佳和,上市,5120.0,0.0,9346.0,14466.0,127114572.0
1256,鮮活果汁-KY,上市,19025.0,0.0,-5000.0,14025.0,35772160.0
2109,華豐,上市,14000.0,0.0,0.0,14000.0,279349134.0
1506,正道,上市,14000.0,0.0,0.0,14000.0,300388501.0
5533,皇鼎,上市,14000.0,0.0,0.0,14000.0,285244944.0
5538,東明-KY,上市,14000.0,0.0,0.0,14000.0,201203333.0
2483,百容,上市,16000.0,0.0,-2000.0,14000.0,107889807.0
1463,強盛新,上市,14000.0,0.0,0.0,14000.0,173268381.0
9930,中聯資源,上市,14933.0,0.0,-1526.0,13407.0,248540368.0
3054,立萬利,上市,12000.0,0.0,1000.0,13000.0,80651041.0
3266,昇陽,上市,12000.0,0.0,1000.0,13000.0,352314309.0
6491,晶碩,上市,19000.0,0.0,-6106.0,12894.0,78000000.0
0051,元大中型100,上市,-2726.0,0.0,14741.0,12015.0,24500000.0
9931,欣高,上市,12000.0,0.0,0.0,12000.0,120369303.0
8411,福貞-KY,上市,12000.0,0.0,0.0,12000.0,218404319.0
6931,青松健康,上市,12000.0,0.0,0.0,12000.0,66152160.0
2033,佳大,上市,12000.0,0.0,0.0,12000.0,80694536.0
00983D,主動富邦複合收益,上市,-41000.0,0.0,53000.0,12000.0,105197000.0
1457,宜進,上市,27000.0,0.0,-15000.0,12000.0,316730022.0
00709,富邦歐洲,上市,-1000.0,0.0,12968.0,11968.0,15460000.0
5284,jpp-KY,上市,46573.0,0.0,-35324.0,11249.0,50928860.0
00899,FT潔淨能源,上市,-7000.0,0.0,18205.0,11205.0,16135000.0
6614,資拓宏宇,上市,11000.0,0.0,5.0,11005.0,80660521.0
2722,夏都,上市,11000.0,0.0,0.0,11000.0,143169696.0
2849,安泰銀,上市,23000.0,0.0,-12000.0,11000.0,1957609349.0
6916,華凌,上市,10000.0,0.0,1000.0,11000.0,67500000.0
6796,晉弘,上市,11000.0,0.0,0.0,11000.0,40233970.0
8463,潤泰材,上市,11000.0,0.0,0.0,11000.0,150000000.0
8481,政伸,上市,11000.0,0.0,0.0,11000.0,66601866.0
8443,阿瘦,上市,11000.0,0.0,-17.0,10983.0,66800000.0
3209,全科,上市,38197.0,2290.0,-29636.0,10851.0,235391189.0
2536,宏普,上市,11000.0,0.0,-1000.0,10000.0,332808652.0
5525,順天,上市,14000.0,0.0,-4000.0,10000.0,318105378.0
7705,三商餐飲,上市,10000.0,0.0,0.0,10000.0,66067304.0
1445,大宇,上市,10000.0,0.0,0.0,10000.0,130666034.0
2028,威致,上市,10000.0,0.0,0.0,10000.0,325714800.0
1752,南光,上市,10000.0,0.0,0.0,10000.0,100988472.0
6581,鋼聯,上市,10000.0,0.0,0.0,10000.0,111270887.0
2013,中鋼構,上市,11000.0,0.0,-1124.0,9876.0,200000000.0
1734,杏輝,上市,9459.0,0.0,0.0,9459.0,190196774.0
1454,台富,上市,10000.0,0.0,-1000.0,9000.0,129833848.0
7732,金興精密,上市,10000.0,0.0,-1000.0,9000.0,64680000.0
6934,心誠鎂,上市,9000.0,0.0,0.0,9000.0,35972762.0
9908,大台北,上市,11000.0,0.0,-2000.0,9000.0,516358000.0
6183,關貿,上市,8000.0,0.0,1000.0,9000.0,150000000.0
2891B,中信金乙特,上市,0.0,0.0,9000.0,9000.0,333330000.0
1413,宏洲,上市,9000.0,0.0,0.0,9000.0,132112454.0
1516,川飛,上市,10959.0,0.0,-2000.0,8959.0,40008195.0
2250,IKKA-KY,上市,8593.0,0.0,-438.0,8155.0,36388226.0
2701,萬企,上市,8000.0,0.0,0.0,8000.0,449967838.0
3432,台端,上市,8000.0,0.0,0.0,8000.0,42230000.0
1470,大統新創,上市,8000.0,0.0,0.0,8000.0,85767000.0
1472,三洋實業,上市,6342.0,0.0,1000.0,7342.0,52488082.0
3447,展達,上市,7123.0,0.0,0.0,7123.0,77449120.0
2910,統領,上市,7000.0,0.0,0.0,7000.0,175403000.0
2904,匯僑,上市,7000.0,0.0,0.0,7000.0,77834432.0
6184,大豐電,上市,7000.0,0.0,0.0,7000.0,162127629.0
2008,高興昌,上市,7000.0,0.0,0.0,7000.0,190852293.0
1452,宏益,上市,7000.0,0.0,0.0,7000.0,132641400.0
1423,利華,上市,7000.0,0.0,0.0,7000.0,99648000.0
1203,味王,上市,7000.0,0.0,0.0,7000.0,240000000.0
6908,宏碁遊戲-創,上市,5000.0,0.0,2000.0,7000.0,37180000.0
6958,日盛台駿,上市,10000.0,0.0,-3000.0,7000.0,403289360.0
9926,新海,上市,6998.0,0.0,0.0,6998.0,179504075.0
6541,泰福-KY,上市,9182.0,0.0,-2342.0,6840.0,264986367.0
00703,台新MSCI中國,上市,0.0,0.0,6432.0,6432.0,10050000.0
1321,大洋,上市,-6600.0,0.0,13000.0,6400.0,227228268.0
2007,燁興,上市,10000.0,0.0,-4000.0,6000.0,530651613.0
5546,永固-KY,上市,6000.0,0.0,0.0,6000.0,82353402.0
4581,光隆精密-KY,上市,10000.0,0.0,-4000.0,6000.0,33899000.0
4440,宜新實業,上市,6000.0,0.0,0.0,6000.0,67598000.0
8940,新天地,上市,6000.0,0.0,0.0,6000.0,67491032.0
1465,偉全,上市,6000.0,0.0,0.0,6000.0,103607267.0
020032,元大綠能N,上市,0.0,0.0,6000.0,6000.0,0.0
2025,千興,上市,10000.0,0.0,-4000.0,6000.0,172660536.0
1473,台南,上市,6000.0,0.0,0.0,6000.0,146153534.0
1541,錩泰,上市,6000.0,0.0,0.0,6000.0,78800000.0
2365,昆盈,上市,18065.0,0.0,-12551.0,5514.0,221528496.0
9924,福興,上市,5018.0,0.0,0.0,5018.0,150761736.0
6806,森崴能源,上市,5000.0,0.0,0.0,5000.0,274642902.0
2024,志聯,上市,5000.0,0.0,0.0,5000.0,97500000.0
1805,寶徠,上市,10000.0,0.0,-5000.0,5000.0,134970455.0
020011,統一微波高息20N,上市,0.0,0.0,5000.0,5000.0,0.0
1468,昶和,上市,5000.0,0.0,0.0,5000.0,160405244.0
2373,震旦行,上市,11000.0,0.0,-6000.0,5000.0,236202518.0
5484,慧友,上市,5000.0,0.0,0.0,5000.0,66801000.0
2432,倚天酷碁-創,上市,5000.0,0.0,0.0,5000.0,61860000.0
6582,申豐,上市,7000.0,0.0,-2000.0,5000.0,106174141.0
7631,聚賢研發-創,上市,0.0,0.0,5000.0,5000.0,20142000.0
3021,鴻名,上市,0.0,0.0,4995.0,4995.0,94890000.0
4155,訊映,上市,7975.0,0.0,-3000.0,4975.0,144684164.0
1612,宏泰,上市,1000.0,-22132.0,26059.0,4927.0,316080063.0
2905,三商,上市,11000.0,0.0,-6150.0,4850.0,1110371703.0
4994,傳奇,上市,5819.0,0.0,-1000.0,4819.0,66383400.0
1558,伸興,上市,3000.0,0.0,1136.0,4136.0,64535631.0
4557,永新-KY,上市,4000.0,0.0,13.0,4013.0,47971840.0
4439,冠星-KY,上市,4000.0,0.0,0.0,4000.0,38112187.0
4133,亞諾法,上市,4000.0,0.0,0.0,4000.0,60553594.0
6655,科定,上市,5000.0,0.0,-1000.0,4000.0,80571817.0
1475,業旺,上市,6000.0,0.0,-2000.0,4000.0,66016749.0
1512,瑞利,上市,4000.0,0.0,0.0,4000.0,98183498.0
8467,波力-KY,上市,4000.0,0.0,0.0,4000.0,48373575.0
4137,麗豐-KY,上市,2000.0,0.0,1747.0,3747.0,82492350.0
7711,永擎,上市,3866.0,0.0,-359.0,3507.0,71734195.0
2107,厚生,上市,3176.0,0.0,0.0,3176.0,303593400.0
00739,元大MSCI A股,上市,-878.0,0.0,3937.0,3059.0,25988000.0
00682U,期元大美元指數,上市,0.0,0.0,3000.0,3000.0,7644000.0
1525,江申,上市,3000.0,0.0,0.0,3000.0,73400135.0
1441,大東,上市,3000.0,0.0,0.0,3000.0,71744387.0
1236,宏亞,上市,3000.0,0.0,0.0,3000.0,86674008.0
6598,ABC-KY,上市,3000.0,0.0,0.0,3000.0,102819061.0
2901,欣欣,上市,3000.0,0.0,0.0,3000.0,73043283.0
6807,峰源-KY,上市,3000.0,0.0,0.0,3000.0,54000000.0
9929,秋雨,上市,3000.0,0.0,0.0,3000.0,101280000.0
6754,匯僑設計,上市,3000.0,0.0,-111.0,2889.0,66000000.0
8404,百和興業-KY,上市,1691.0,0.0,1000.0,2691.0,419933884.0
00657,國泰日經225,上市,0.0,0.0,2348.0,2348.0,6584000.0
6657,華安,上市,2978.0,0.0,-912.0,2066.0,88808000.0
1418,東華,上市,4000.0,0.0,-2000.0,2000.0,56834309.0
6464,台數科,上市,2000.0,0.0,0.0,2000.0,128781532.0
2939,永邑-KY,上市,2000.0,0.0,0.0,2000.0,45548665.0
8367,建新國際,上市,2000.0,0.0,0.0,2000.0,92172031.0
6794,向榮生技,上市,2000.0,0.0,0.0,2000.0,63637000.0
6936,永鴻生技,上市,2000.0,0.0,0.0,2000.0,72804000.0
6955,邦睿生技-創,上市,0.0,0.0,2000.0,2000.0,24800785.0
9927,泰銘,上市,3000.0,0.0,-1000.0,2000.0,120000000.0
9912,偉聯,上市,2000.0,0.0,0.0,2000.0,54170569.0
1410,南染,上市,1000.0,0.0,1000.0,2000.0,62000000.0
6230,尼得科超眾,上市,3016.0,0.0,-1884.0,1132.0,86343396.0
3679,新至陞,上市,3000.0,0.0,-2000.0,1000.0,63022229.0
3593,力銘,上市,1000.0,0.0,0.0,1000.0,60825449.0
2945,三商家購,上市,1000.0,0.0,0.0,1000.0,67500000.0
2712,遠雄來,上市,1000.0,0.0,0.0,1000.0,105000000.0
1438,三地開發,上市,-1000.0,0.0,2000.0,1000.0,111205759.0
1453,大將,上市,1000.0,0.0,0.0,1000.0,113243048.0
1235,興泰,上市,1000.0,0.0,0.0,1000.0,188577836.0
1312A,國喬特,上市,1000.0,0.0,0.0,1000.0,20000000.0
020000,富邦特選蘋果N,上市,0.0,0.0,1000.0,1000.0,0.0
00736,國泰新興市場,上市,0.0,0.0,1000.0,1000.0,6227000.0
00684R,期元大美元指反1,上市,0.0,0.0,1000.0,1000.0,9688000.0
911608,明輝-DR,上市,1000.0,0.0,0.0,1000.0,34222146.0
1443,立益物流,上市,1000.0,0.0,0.0,1000.0,135343011.0
2891C,中信金丙特,上市,0.0,0.0,1000.0,1000.0,166660000.0
6671,三能-KY,上市,9000.0,0.0,-8024.0,976.0,60750000.0
006204,永豐臺灣加權,上市,-900.0,0.0,1527.0,627.0,1500000.0
00851,台新全球AI,上市,-1000.0,0.0,1599.0,599.0,5525000.0
00714,群益道瓊美國地產,上市,18000.0,0.0,-17511.0,489.0,22067000.0
2607,榮運,上市,2066.0,0.0,-2000.0,66.0,533570547.0
00660,元大歐洲50,上市,65.0,0.0,0.0,65.0,7531000.0
3011,今皓,上市,19.0,0.0,0.0,19.0,129646851.0
6645,金萬林-創,上市,5000.0,0.0,-5000.0,0.0,60864050.0
00657K,國泰日經225+U,上市,0.0,0.0,0.0,0.0,2900.0
00636K,國泰中國A50+U,上市,0.0,0.0,0.0,0.0,62100.0
00668K,國泰美國道瓊+U,上市,0.0,0.0,0.0,0.0,2500.0
9944,新麗,上市,0.0,0.0,0.0,0.0,105908100.0
6918,愛派司,上市,0.0,0.0,0.0,0.0,34571000.0
6988,威力暘-創,上市,-6000.0,0.0,6000.0,0.0,47600000.0
020028,元大特選電動車N,上市,0.0,0.0,0.0,0.0,0.0
6225,天瀚,上市,0.0,0.0,-25.0,-25.0,27800000.0
1730,花仙子,上市,0.0,0.0,-30.0,-30.0,63233851.0
6666,羅麗芬-KY,上市,0.0,0.0,-50.0,-50.0,47388000.0
6201,亞弘電,上市,-1000.0,0.0,0.0,-1000.0,89200000.0
2314,台揚,上市,-1000.0,0.0,0.0,-1000.0,106126422.0
8482,商億-KY,上市,-1000.0,0.0,0.0,-1000.0,107444000.0
2380,虹光,上市,-1000.0,0.0,0.0,-1000.0,216934084.0
020037,元大金融高股息N,上市,0.0,0.0,-1000.0,-1000.0,0.0
7823,奧義賽博-KY創,上市,-1000.0,0.0,-9.0,-1009.0,33490890.0
7736,虎山,上市,-1000.0,0.0,-91.0,-1091.0,76000000.0
00702,國泰標普低波高息,上市,0.0,0.0,-1938.0,-1938.0,6688000.0
00689R,國泰20年美債反1,上市,41000.0,0.0,-43000.0,-2000.0,6889000.0
910322,康師傅-DR,上市,-2000.0,0.0,0.0,-2000.0,21165402.0
020039,元大加權N,上市,0.0,0.0,-2000.0,-2000.0,0.0
2496,卓越,上市,-2000.0,0.0,0.0,-2000.0,19100440.0
3008,大立光,上市,51821.0,-9000.0,-45329.0,-2508.0,130798197.0
4169,泰宗,上市,-2868.0,0.0,0.0,-2868.0,66431612.0
0057,富邦摩台,上市,0.0,0.0,-2918.0,-2918.0,1527000.0
8487,愛爾達-創,上市,-6000.0,0.0,3000.0,-3000.0,26535000.0
8341,日友,上市,-2119.0,0.0,-1000.0,-3119.0,130000000.0
00989A,主動摩根美國科技,上市,-563000.0,0.0,559433.0,-3567.0,78117000.0
2514,龍邦,上市,-3000.0,0.0,-624.0,-3624.0,394729278.0
7799,禾榮科,上市,-5908.0,0.0,2034.0,-3874.0,157995500.0
006207,復華滬深,上市,133100.0,0.0,-137720.0,-4620.0,21892000.0
1590,亞德客-KY,上市,-17411.0,0.0,12627.0,-4784.0,199999998.0
6641,基士德-KY,上市,-3000.0,0.0,-1937.0,-4937.0,36500000.0
4569,六方科-KY,上市,-5965.0,0.0,1000.0,-4965.0,30600000.0
3150,鈺寶-創,上市,11000.0,0.0,-15976.0,-4976.0,44377001.0
4190,佐登-KY,上市,-6000.0,0.0,1000.0,-5000.0,61444112.0
5907,大洋-KY,上市,-5000.0,0.0,0.0,-5000.0,195531000.0
6674,鋐寶科技,上市,-5000.0,0.0,0.0,-5000.0,68550659.0
1539,巨庭,上市,-5000.0,0.0,0.0,-5000.0,65370000.0
2254,巨鎧精密-創,上市,-3000.0,0.0,-2000.0,-5000.0,63907680.0
1817,凱撒衛,上市,-3000.0,0.0,-2000.0,-5000.0,72600000.0
4722,國精化,上市,-23000.0,0.0,17982.0,-5018.0,102784914.0
0053,元大電子,上市,-999.0,0.0,-4368.0,-5367.0,4988000.0
3130,一零四,上市,-5905.0,0.0,0.0,-5905.0,33190700.0
3168,眾福科,上市,-6000.0,0.0,0.0,-6000.0,75099649.0
00982D,主動富邦動態入息,上市,0.0,0.0,-6000.0,-6000.0,83229000.0
1315,達新,上市,-6000.0,0.0,0.0,-6000.0,99099000.0
6753,龍德造船,上市,-2000.0,0.0,-4215.0,-6215.0,117253224.0
00901,永豐智能車供應鏈,上市,68000.0,0.0,-74314.0,-6314.0,63849000.0
4977,眾達-KY,上市,7786.0,0.0,-14555.0,-6769.0,80189841.0
1906,寶隆,上市,-6000.0,0.0,-780.0,-6780.0,151000000.0
1324,地球,上市,-7000.0,0.0,0.0,-7000.0,75121882.0
2882A,國泰特,上市,-7000.0,0.0,0.0,-7000.0,833300000.0
1232,大統益,上市,-6000.0,0.0,-1000.0,-7000.0,159974915.0
6472,保瑞,上市,8090.0,0.0,-15347.0,-7257.0,128001570.0
1419,新紡,上市,-6000.0,0.0,-1333.0,-7333.0,300041280.0
4438,廣越,上市,-6000.0,0.0,-1385.0,-7385.0,113425455.0
4119,旭富,上市,-8754.0,0.0,1000.0,-7754.0,119508634.0
2248,華勝-KY,上市,25000.0,0.0,-33000.0,-8000.0,47600000.0
00652,富邦印度,上市,-11940.0,0.0,3072.0,-8868.0,68035000.0
006203,元大MSCI台灣,上市,1000.0,0.0,-9881.0,-8881.0,10218000.0
4583,台灣精銳,上市,-47491.0,0.0,38516.0,-8975.0,80171351.0
4148,全宇生技-KY,上市,-10000.0,0.0,1000.0,-9000.0,67235701.0
3686,達能,上市,-9000.0,0.0,0.0,-9000.0,76495118.0
9934,成霖,上市,-9000.0,0.0,0.0,-9000.0,411016962.0
6924,榮惠-KY創,上市,-11000.0,0.0,2000.0,-9000.0,20624000.0
2471,資通,上市,-9000.0,0.0,0.0,-9000.0,47253890.0
4930,燦星網,上市,4000.0,0.0,-14000.0,-10000.0,80000000.0
3040,遠見,上市,-10000.0,0.0,0.0,-10000.0,63000000.0
6921,嘉雨思-創,上市,-12108.0,0.0,2000.0,-10108.0,31836941.0
1436,華友聯,上市,-11538.0,0.0,1000.0,-10538.0,194151795.0
6625,必應,上市,-10998.0,0.0,377.0,-10621.0,57972488.0
1233,天仁,上市,-14000.0,0.0,3000.0,-11000.0,90591948.0
3047,訊舟,上市,-17000.0,0.0,5966.0,-11034.0,223700858.0
2468,華經,上市,-10000.0,0.0,-1038.0,-11038.0,69961249.0
6756,威鋒電子,上市,-13000.0,0.0,1783.0,-11217.0,69990000.0
00728,第一金工業30,上市,-173000.0,0.0,161258.0,-11742.0,39423000.0
8499,鼎炫-KY,上市,-10000.0,0.0,-1899.0,-11899.0,41165557.0
9906,欣巴巴,上市,-13982.0,0.0,2000.0,-11982.0,90376358.0
7791,皇家可口,上市,-12000.0,0.0,0.0,-12000.0,80000000.0
7721,微程式,上市,-13000.0,0.0,1000.0,-12000.0,55370000.0
2423,固緯,上市,-9000.0,0.0,-3000.0,-12000.0,145047289.0
2491,吉祥全,上市,-10000.0,0.0,-3000.0,-13000.0,82008000.0
2881B,富邦金乙特,上市,-22000.0,0.0,9000.0,-13000.0,666660000.0
020038,元大ESG配息N,上市,0.0,0.0,-13000.0,-13000.0,0.0
1737,臺鹽,上市,-13000.0,0.0,0.0,-13000.0,200000000.0
9902,台火,上市,-14000.0,0.0,872.0,-13128.0,98049600.0
5292,華懋,上市,-23036.0,0.0,9701.0,-13335.0,42108000.0
1109,信大,上市,-13000.0,0.0,-806.0,-13806.0,341158868.0
4736,泰博,上市,-12902.0,0.0,-1000.0,-13902.0,95374469.0
4968,立積,上市,-55000.0,0.0,40738.0,-14262.0,92209898.0
4999,鑫禾,上市,-14000.0,0.0,-616.0,-14616.0,74417200.0
1220,台榮,上市,-15000.0,0.0,0.0,-15000.0,177077944.0
1471,首利,上市,-14000.0,0.0,-1000.0,-15000.0,150414536.0
2608,嘉里大榮,上市,-14000.0,0.0,-1079.0,-15079.0,467000498.0
4737,華廣,上市,-17530.0,0.0,2000.0,-15530.0,77398253.0
1725,元禎,上市,-19000.0,0.0,3000.0,-16000.0,181829978.0
020030,統一智慧電動車N,上市,0.0,0.0,-16000.0,-16000.0,0.0
9917,中保科,上市,-11269.0,-5000.0,0.0,-16269.0,451197093.0
2611,志信,上市,-24000.0,0.0,7000.0,-17000.0,189002272.0
2433,互盛電,上市,-16000.0,0.0,-1000.0,-17000.0,144496011.0
6128,上福,上市,-16000.0,0.0,-1001.0,-17001.0,127588740.0
6789,采鈺,上市,27662.0,1000.0,-46082.0,-17420.0,318299119.0
4441,振大環球,上市,-19825.0,0.0,2000.0,-17825.0,68175578.0
7818,溢泰實業,上市,-18000.0,0.0,0.0,-18000.0,167946000.0
1515,力山,上市,-18000.0,0.0,-737.0,-18737.0,181473500.0
00783,富邦中証500,上市,17000.0,0.0,-35748.0,-18748.0,9031000.0
00681R,元大美債20反1,上市,85000.0,0.0,-104000.0,-19000.0,7594000.0
6835,圓裕,上市,-19000.0,0.0,0.0,-19000.0,66172297.0
2882B,國泰金乙特,上市,0.0,0.0,-19000.0,-19000.0,700000000.0
2723,美食-KY,上市,-15003.0,0.0,-4000.0,-19003.0,180000000.0
1474,弘裕,上市,-20000.0,0.0,0.0,-20000.0,129896969.0
02001L,富邦蘋果正二N,上市,0.0,0.0,-20000.0,-20000.0,0.0
00730,富邦臺灣優質高息,上市,115000.0,0.0,-135575.0,-20575.0,74544000.0
2211,長榮鋼,上市,-10000.0,-7825.0,-3007.0,-20832.0,417091463.0
910861,神州-DR,上市,-21000.0,0.0,0.0,-21000.0,33726976.0
4560,強信-KY,上市,-9000.0,0.0,-12000.0,-21000.0,68097240.0
4771,望隼,上市,-13000.0,0.0,-8000.0,-21000.0,58708700.0
1437,勤益控,上市,-21000.0,0.0,0.0,-21000.0,201871284.0
6142,友勁,上市,-20799.0,0.0,-1000.0,-21799.0,330779215.0
6477,安集,上市,-23000.0,0.0,1000.0,-22000.0,123787196.0
020031,統一IC設計臺灣N,上市,0.0,0.0,-22000.0,-22000.0,0.0
7768,頌勝科技,上市,-22003.0,0.0,0.0,-22003.0,70065000.0
1530,亞崴,上市,-19000.0,0.0,-3434.0,-22434.0,94594171.0
006206,元大上證50,上市,2000.0,0.0,-24501.0,-22501.0,28778000.0
3308,聯德,上市,-21000.0,0.0,-1502.0,-22502.0,60000000.0
2530,華建,上市,-38000.0,-5000.0,20000.0,-23000.0,841255731.0
7803,雲象科技-創,上市,-4000.0,0.0,-19000.0,-23000.0,94412888.0
2707,晶華,上市,-21975.0,0.0,-1046.0,-23021.0,127403238.0
6909,創控,上市,-24000.0,0.0,0.0,-24000.0,67222200.0
5244,弘凱,上市,-24000.0,0.0,0.0,-24000.0,68241899.0
6534,正瀚-創,上市,-27000.0,0.0,2167.0,-24833.0,102800000.0
6952,大武山,上市,-25000.0,0.0,0.0,-25000.0,68345000.0
6117,迎廣,上市,6000.0,0.0,-31067.0,-25067.0,92560911.0
6606,建德工業,上市,-21000.0,0.0,-5000.0,-26000.0,110303783.0
2881C,富邦金丙特,上市,-27000.0,0.0,0.0,-27000.0,333330000.0
6504,南六,上市,-26000.0,0.0,-1000.0,-27000.0,72600000.0
3229,晟鈦,上市,20700.0,0.0,-48000.0,-27300.0,64263000.0
2450,神腦,上市,-27000.0,0.0,-1000.0,-28000.0,258252657.0
2480,敦陽科,上市,-21974.0,-9119.0,2838.0,-28255.0,106360291.0
2852,第一保,上市,-28000.0,0.0,-1000.0,-29000.0,301163784.0
3501,維熹,上市,-32000.0,0.0,1968.0,-30032.0,118257927.0
2414,精技,上市,-30071.0,0.0,0.0,-30071.0,161735846.0
3092,鴻碩,上市,-31000.0,0.0,305.0,-30695.0,106649250.0
00639,富邦深100,上市,-453000.0,0.0,422152.0,-30848.0,110903000.0
1603,華電,上市,-28000.0,0.0,-3000.0,-31000.0,191688000.0
1319,東陽,上市,-404599.0,-275951.0,648549.0,-32001.0,591477068.0
2348,海悅,上市,-32140.0,0.0,-1770.0,-33910.0,151898853.0
00850,元大臺灣ESG永續,上市,-64000.0,81000.0,-51111.0,-34111.0,416944000.0
1451,年興,上市,-35000.0,0.0,0.0,-35000.0,198000000.0
8045,達運光電,上市,43000.0,0.0,-78117.0,-35117.0,95041815.0
6505,台塑化,上市,-89471.0,33000.0,20255.0,-36216.0,9525959652.0
6957,裕慶-KY,上市,-36921.0,0.0,542.0,-36379.0,55512950.0
6933,AMAX-KY,上市,-33000.0,0.0,-3407.0,-36407.0,42384800.0
3622,洋華,上市,-33000.0,0.0,-3770.0,-36770.0,151327600.0
020034,元大IC設計N,上市,0.0,0.0,-37000.0,-37000.0,0.0
00893,國泰智能電動車,上市,-582995.0,0.0,545913.0,-37082.0,372384000.0
8462,柏文,上市,-37000.0,0.0,-1035.0,-38035.0,80392616.0
9925,新保,上市,-38000.0,0.0,-1000.0,-39000.0,387489605.0
2704,國賓,上市,-39000.0,0.0,0.0,-39000.0,366923343.0
6136,富爾特,上市,-28000.0,0.0,-12000.0,-40000.0,115536412.0
3029,零壹,上市,-29917.0,-8059.0,-4879.0,-42855.0,167005212.0
8422,可寧衛*,上市,35800.0,-24000.0,-54784.0,-42984.0,1357391830.0
2488,漢平,上市,-46000.0,0.0,2000.0,-44000.0,79999433.0
4552,力達-KY,上市,-44000.0,0.0,0.0,-44000.0,116000000.0
4588,玖鼎電力,上市,-44000.0,0.0,-311.0,-44311.0,42985000.0
4178,永笙-KY,上市,-46000.0,0.0,0.0,-46000.0,215866981.0
5519,隆大,上市,-45000.0,0.0,-1000.0,-46000.0,219197180.0
00982A,主動群益台灣強棒,上市,9661701.0,370000.0,-10077726.0,-46025.0,2263936000.0
5203,訊連,上市,-43000.0,0.0,-3547.0,-46547.0,79098800.0
1615,大山,上市,-38000.0,0.0,-9000.0,-47000.0,196663702.0
2887E,台新新光戊特一,上市,-47000.0,0.0,0.0,-47000.0,500000000.0
8016,矽創,上市,-624.0,-10451.0,-36031.0,-47106.0,120136876.0
6792,詠業,上市,-47765.0,0.0,97.0,-47668.0,47875325.0
009808,華南永昌優選50,上市,-477000.0,0.0,429208.0,-47792.0,42511000.0
00938,凱基優選30,上市,139000.0,0.0,-186943.0,-47943.0,81516000.0
6923,中台,上市,-49000.0,0.0,1001.0,-47999.0,91488000.0
3705,永信,上市,-48930.0,0.0,0.0,-48930.0,266422983.0
1760,寶齡富錦,上市,-51000.0,0.0,2000.0,-49000.0,85739013.0
2108,南帝,上市,-40511.0,0.0,-8514.0,-49025.0,492416659.0
1806,冠軍,上市,-51000.0,0.0,1000.0,-50000.0,390403870.0
1532,勤美,上市,-48000.0,0.0,-3000.0,-51000.0,422604271.0
01009T,王道圓滿R1,上市,-51000.0,0.0,0.0,-51000.0,0.0
3530,晶相光,上市,-49949.0,0.0,-1116.0,-51065.0,77475900.0
2516,新建,上市,-50000.0,0.0,-1200.0,-51200.0,226278457.0
1714,和桐,上市,-42000.0,0.0,-9395.0,-51395.0,991824808.0
020020,元大台股領航N,上市,0.0,0.0,-52000.0,-52000.0,0.0
8072,陞泰,上市,-50567.0,0.0,-2000.0,-52567.0,80000000.0
7822,倍利科,上市,-55836.0,0.0,2061.0,-53775.0,45560763.0
2498,宏達電,上市,313425.0,-6000.0,-361661.0,-54236.0,836065086.0
1231,聯華食,上市,-56000.0,0.0,1726.0,-54274.0,298454475.0
1731,美吾華,上市,-55000.0,0.0,0.0,-55000.0,132915244.0
4961,天鈺,上市,-68626.0,19000.0,-6342.0,-55968.0,121253603.0
4590,富田-創,上市,-56000.0,0.0,-802.0,-56802.0,54838400.0
3669,圓展,上市,-50000.0,0.0,-8000.0,-58000.0,92919950.0
1707,葡萄王,上市,-59000.0,0.0,534.0,-58466.0,148137373.0
2816,旺旺保,上市,-59000.0,0.0,0.0,-59000.0,223608000.0
4564,元翎,上市,-66010.0,0.0,6812.0,-59198.0,232788303.0
8478,東哥遊艇,上市,-60106.0,0.0,-2634.0,-62740.0,93972276.0
00954,中信日本半導體,上市,-968920.0,0.0,905116.0,-63804.0,99247000.0
9919,康那香,上市,-65000.0,0.0,1000.0,-64000.0,195362750.0
8033,雷虎,上市,-32624.0,0.0,-33402.0,-66026.0,152629775.0
6863,永道-KY,上市,-67000.0,0.0,-722.0,-67722.0,74888000.0
6949,沛爾生醫*-創,上市,-70202.0,0.0,2045.0,-68157.0,65580050.0
6715,嘉基,上市,-71990.0,0.0,-232.0,-72222.0,67099670.0
6409,旭隼,上市,-52141.0,-983.0,-20283.0,-73407.0,87703566.0
00636,國泰中國A50,上市,-59000.0,0.0,-15713.0,-74713.0,105825000.0
6589,台康生技,上市,-78000.0,0.0,3000.0,-75000.0,306881302.0
00654R,富邦印度反1,上市,0.0,0.0,-77030.0,-77030.0,19466000.0
00763U,期街口道瓊銅,上市,211000.0,0.0,-289130.0,-78130.0,54065000.0
2038,海光,上市,-85980.0,0.0,4000.0,-81980.0,194134303.0
1733,五鼎,上市,-84000.0,0.0,2000.0,-82000.0,99950192.0
6994,富威電力,上市,-79225.0,0.0,-2869.0,-82094.0,74162071.0
6782,視陽,上市,-81906.0,0.0,-211.0,-82117.0,63000000.0
00770,國泰北美科技,上市,-7921.0,0.0,-74207.0,-82128.0,82958000.0
6243,迅杰,上市,-83000.0,0.0,211.0,-82789.0,45268841.0
1736,喬山,上市,-83920.0,0.0,-553.0,-84473.0,303394617.0
2465,麗臺,上市,-82061.0,0.0,-3000.0,-85061.0,93946031.0
2439,美律,上市,-55814.0,-33234.0,3876.0,-85172.0,253644914.0
8466,美吉吉-KY,上市,-88000.0,0.0,-107.0,-88107.0,79825628.0
6869,雲豹能源,上市,-82115.0,0.0,-7038.0,-89153.0,137830041.0
2022,聚亨,上市,-103766.0,0.0,12947.0,-90819.0,337168138.0
2430,燦坤,上市,-90000.0,0.0,-1000.0,-91000.0,116800000.0
1623,大東電,上市,-27000.0,0.0,-64096.0,-91096.0,66000000.0
2467,志聖,上市,216506.0,-346781.0,39175.0,-91100.0,156755348.0
7749,意騰-KY,上市,-81450.0,0.0,-10524.0,-91974.0,46485728.0
4934,太極,上市,-92000.0,0.0,0.0,-92000.0,225000000.0
00861,元大全球未來通訊,上市,-137935.0,0.0,44473.0,-93462.0,68412000.0
1307,三芳,上市,-71000.0,-24266.0,749.0,-94517.0,397818126.0
1735,日勝化,上市,-102000.0,0.0,6242.0,-95758.0,99388000.0
4164,承業醫,上市,-99917.0,0.0,3769.0,-96148.0,195310989.0
2543,皇昌,上市,-96838.0,0.0,514.0,-96324.0,528541961.0
3563,牧德,上市,-73824.0,-10000.0,-12774.0,-96598.0,63960858.0
5222,全訊,上市,-88946.0,-1000.0,-7439.0,-97385.0,91094968.0
2545,皇翔,上市,-94000.0,0.0,-3711.0,-97711.0,379734808.0
4582,聚恆-創,上市,-98000.0,0.0,0.0,-98000.0,75480000.0
6526,達發,上市,-6629.0,-40000.0,-52677.0,-99306.0,167505554.0
3533,嘉澤,上市,252670.0,-319000.0,-33302.0,-99632.0,112534691.0
4104,佳醫,上市,-100000.0,0.0,-37.0,-100037.0,188367456.0
3257,虹冠電,上市,-94000.0,0.0,-7816.0,-101816.0,79823590.0
2505,國揚,上市,-101000.0,0.0,-2000.0,-103000.0,380000000.0
8215,明基材,上市,-102500.0,0.0,-757.0,-103257.0,320674514.0
6854,錼創科技-KY創,上市,-104833.0,0.0,1170.0,-103663.0,117678622.0
00917,中信特選金融,上市,-10000.0,0.0,-93890.0,-103890.0,64478000.0
6272,驊陞,上市,-105000.0,0.0,0.0,-105000.0,81763948.0
006208,富邦台50,上市,15601.0,0.0,-122023.0,-106422.0,1830540000.0
6669,緯穎,上市,191035.0,-191987.0,-105809.0,-106761.0,185840791.0
2597,潤弘,上市,-107968.0,0.0,335.0,-107633.0,310716000.0
00952,凱基台灣AI50,上市,-487758.0,0.0,375095.0,-112663.0,230275000.0
3356,奇偶,上市,-117908.0,0.0,3812.0,-114096.0,79941672.0
3543,州巧,上市,-116909.0,0.0,2000.0,-114909.0,110263150.0
4551,智伸科,上市,62004.0,-198000.0,19904.0,-116092.0,115222498.0
6591,動力-KY,上市,-118000.0,0.0,949.0,-117051.0,41122465.0
6579,研揚,上市,-116850.0,0.0,-956.0,-117806.0,169451221.0
3535,晶彩科,上市,-119198.0,0.0,115.0,-119083.0,79052356.0
2302,麗正,上市,-63120.0,0.0,-56839.0,-119959.0,166302881.0
3661,世芯-KY,上市,181536.0,-224000.0,-77581.0,-120045.0,82091340.0
2102,泰豐,上市,-118000.0,0.0,-3000.0,-121000.0,473329207.0
2748,雲品,上市,-118024.0,0.0,-3000.0,-121024.0,105778740.0
3592,瑞鼎,上市,-81223.0,-19026.0,-22748.0,-122997.0,75855226.0
1442,名軒,上市,-124000.0,0.0,957.0,-123043.0,366211358.0
2753,八方雲集,上市,-118980.0,-4275.0,-1064.0,-124319.0,66644796.0
2383,台光電,上市,-136280.0,48695.0,-38777.0,-126362.0,358321114.0
00876,元大全球5G,上市,-123940.0,0.0,-2678.0,-126618.0,74524000.0
1533,車王電,上市,-134138.0,0.0,4000.0,-130138.0,98547486.0
3338,泰碩,上市,-130016.0,0.0,-362.0,-130378.0,87908141.0
2228,劍麟,上市,-133000.0,0.0,-1746.0,-134746.0,79779692.0
2820,華票,上市,-132000.0,0.0,-4000.0,-136000.0,1342960000.0
2020,美亞,上市,-136000.0,0.0,-249.0,-136249.0,267031320.0
7786,東方風能,上市,-139000.0,0.0,1901.0,-137099.0,175953944.0
00643,群益深証中小,上市,-164000.0,0.0,26332.0,-137668.0,80573000.0
6515,穎崴,上市,39719.0,-120000.0,-62151.0,-142432.0,36041642.0
3617,碩天,上市,-137640.0,391.0,-5441.0,-142690.0,94766049.0
6919,康霈*,上市,-153401.0,-13000.0,23431.0,-142970.0,1557267860.0
6176,瑞儀,上市,153002.0,-104337.0,-193544.0,-144879.0,465027263.0
2538,基泰,上市,-164997.0,0.0,20000.0,-144997.0,445025495.0
3596,智易,上市,-143678.0,0.0,-2026.0,-145704.0,220354321.0
00653L,富邦印度正2,上市,7000.0,0.0,-154220.0,-147220.0,17903000.0
2453,凌群,上市,-146764.0,0.0,-1000.0,-147764.0,100000000.0
6873,泓德能源,上市,-139524.0,0.0,-8359.0,-147883.0,141872370.0
8438,昶昕,上市,-115000.0,0.0,-33318.0,-148318.0,69943000.0
2425,承啟,上市,-157850.0,0.0,4000.0,-153850.0,96498831.0
8081,致新,上市,-168351.0,13376.0,-3843.0,-158818.0,86172072.0
6719,力智,上市,-161071.0,0.0,-1673.0,-162744.0,105483989.0
2368,金像電,上市,547585.0,-548988.0,-164595.0,-165998.0,517016714.0
6152,百一,上市,-185000.0,0.0,19000.0,-166000.0,167738463.0
6937,天虹,上市,-139165.0,0.0,-27874.0,-167039.0,67655263.0
5269,祥碩,上市,-89535.0,1000.0,-80957.0,-169492.0,74156679.0
4952,凌通,上市,-166589.0,0.0,-6098.0,-172687.0,108815816.0
3031,佰鴻,上市,-173527.0,0.0,-681.0,-174208.0,173203224.0
2547,日勝生,上市,-180000.0,0.0,3558.0,-176442.0,1035094649.0
5534,長虹,上市,-113938.0,-58000.0,-4623.0,-176561.0,315325960.0
2031,新光鋼,上市,-160000.0,-18913.0,-607.0,-179520.0,321146341.0
4912,聯德控股-KY,上市,-179959.0,0.0,-1003.0,-180962.0,66993099.0
6416,瑞祺電通,上市,-181016.0,0.0,0.0,-181016.0,73348460.0
1809,中釉,上市,-186920.0,0.0,1000.0,-185920.0,167041937.0
9136,巨騰-DR,上市,-188000.0,0.0,0.0,-188000.0,143720000.0
2429,銘旺科,上市,-192000.0,0.0,0.0,-192000.0,85500000.0
1529,樂事綠能,上市,-195000.0,0.0,856.0,-194144.0,155095074.0
2236,百達-KY,上市,-185119.0,0.0,-10000.0,-195119.0,62130976.0
3048,益登,上市,-326621.0,0.0,128142.0,-198479.0,269829794.0
6426,統新,上市,-200000.0,0.0,-33.0,-200033.0,38509000.0
5234,達興材料,上市,-166736.0,0.0,-33482.0,-200218.0,102715911.0
1708,東鹼,上市,-151563.0,0.0,-50436.0,-201999.0,249001651.0
2101,南港,上市,-194373.0,0.0,-9000.0,-203373.0,733934904.0
00669R,國泰美國道瓊反1,上市,0.0,0.0,-203500.0,-203500.0,208617000.0
2331,精英,上市,-199105.0,-5000.0,-943.0,-205048.0,557402968.0
2493,揚博,上市,-200406.0,0.0,-8837.0,-209243.0,126796629.0
5434,崇越,上市,-186470.0,-1652.0,-24157.0,-212279.0,193657655.0
1702,南僑,上市,-214000.0,0.0,-619.0,-214619.0,294132962.0
6658,聯策,上市,-218141.0,0.0,2881.0,-215260.0,36370000.0
2338,光罩,上市,-255200.0,0.0,39905.0,-215295.0,366849183.0
8213,志超,上市,-210000.0,0.0,-6942.0,-216942.0,271242488.0
1340,勝悅-KY,上市,-219970.0,0.0,3000.0,-216970.0,152922855.0
3023,信邦,上市,-71980.0,-136000.0,-13502.0,-221482.0,240069014.0
3665,貿聯-KY,上市,553019.0,-819107.0,43849.0,-222239.0,195078405.0
9911,櫻花,上市,-225000.0,0.0,2682.0,-222318.0,222389584.0
3004,豐達科,上市,-234064.0,0.0,10633.0,-223431.0,64365055.0
2375,凱美,上市,-319995.0,0.0,91853.0,-228142.0,108675334.0
8114,振樺電,上市,-178984.0,0.0,-49345.0,-228329.0,76384772.0
3025,星通,上市,-232000.0,0.0,3000.0,-229000.0,56736440.0
2395,研華,上市,-176839.0,-7000.0,-46698.0,-230537.0,868254487.0
4585,達明,上市,-203786.0,0.0,-26985.0,-230771.0,104609000.0
00963,中信全球高股息,上市,-158000.0,0.0,-78000.0,-236000.0,88933000.0
00934,中信成長高股息,上市,-777500.0,0.0,541203.0,-236297.0,407026000.0
3032,偉訓,上市,-115398.0,0.0,-121539.0,-236937.0,113285626.0
1611,中電,上市,-237000.0,0.0,-832.0,-237832.0,322735742.0
8162,微矽電子-創,上市,-232658.0,0.0,-5447.0,-238105.0,68702000.0
6695,芯鼎,上市,-236950.0,0.0,-4000.0,-240950.0,96477650.0
2520,冠德,上市,-246247.0,0.0,2884.0,-243363.0,609487110.0
6177,達麗,上市,70101.0,-270000.0,-43665.0,-243564.0,471878411.0
6672,騰輝電子-KY,上市,-215850.0,0.0,-28914.0,-244764.0,71434745.0
1104,環泥,上市,-250990.0,0.0,0.0,-250990.0,686681816.0
6533,晶心科,上市,-253922.0,0.0,18.0,-253904.0,50650911.0
2528,皇普,上市,-261000.0,0.0,2000.0,-259000.0,435996467.0
8429,金麗-KY,上市,-261000.0,0.0,0.0,-261000.0,185747151.0
2438,翔耀,上市,-258800.0,0.0,-4980.0,-263780.0,71195641.0
6442,光聖,上市,-81493.0,-159000.0,-25285.0,-265778.0,78537835.0
5521,工信,上市,-265000.0,0.0,-3140.0,-268140.0,492280155.0
1217,愛之味,上市,-268000.0,0.0,-1000.0,-269000.0,494513336.0
6271,同欣電,上市,-172220.0,0.0,-102692.0,-274912.0,209058024.0
4927,泰鼎-KY,上市,-254772.0,0.0,-21037.0,-275809.0,264937988.0
2614,東森,上市,-279060.0,0.0,621.0,-278439.0,327264946.0
6861,睿生光電,上市,-282729.0,0.0,285.0,-282444.0,41599250.0
2534,宏盛,上市,-281900.0,0.0,-1392.0,-283292.0,474227970.0
2850,新產,上市,-280000.0,-4000.0,-594.0,-284594.0,315963300.0
3027,盛達,上市,-285000.0,0.0,-980.0,-285980.0,129960299.0
00648R,元大S&P500反1,上市,11000.0,0.0,-300000.0,-289000.0,146688000.0
2915,潤泰全,上市,-173500.0,-117000.0,-3391.0,-293891.0,1104318772.0
2486,一詮,上市,420301.0,-580000.0,-136391.0,-296090.0,233958579.0
3437,榮創,上市,-300000.0,0.0,3000.0,-297000.0,144548000.0
0055,元大MSCI金融,上市,-115960.0,0.0,-182683.0,-298643.0,81154000.0
6691,洋基工程,上市,-239405.0,0.0,-60208.0,-299613.0,121487209.0
3717,聯嘉投控,上市,-360004.0,0.0,53000.0,-307004.0,207845445.0
1440,南紡,上市,-320000.0,0.0,10389.0,-309611.0,1656815857.0
2357,華碩,上市,-859308.0,496508.0,51750.0,-311050.0,742760280.0
2495,普安,上市,-61401.0,0.0,-250634.0,-312035.0,273551538.0
00920,富邦ESG綠色電力,上市,-153931.0,0.0,-160794.0,-314725.0,20280000.0
00675L,富邦臺灣加權正2,上市,-58027.0,0.0,-265486.0,-323513.0,113286000.0
4755,三福化,上市,-318750.0,0.0,-5918.0,-324668.0,100706000.0
2472,立隆電,上市,-410830.0,37000.0,43945.0,-329885.0,164735137.0
1310,台苯,上市,-340000.0,0.0,8352.0,-331648.0,527869764.0
2207,和泰車,上市,-260309.0,-86000.0,4756.0,-341553.0,557102768.0
1227,佳格,上市,-355000.0,0.0,-13150.0,-368150.0,915089591.0
00690,兆豐藍籌30,上市,44000.0,0.0,-415479.0,-371479.0,80830000.0
00706L,期元大S&P日圓正2,上市,7000.0,0.0,-386050.0,-379050.0,156770853.0
3653,健策,上市,-504963.0,186000.0,-64783.0,-383746.0,146732803.0
8210,勤誠,上市,-215827.0,-145000.0,-26440.0,-387267.0,125319146.0
1210,大成,上市,-389871.0,-8000.0,5244.0,-392627.0,894767222.0
2883B,凱基金乙特,上市,-506000.0,0.0,101000.0,-405000.0,1582142374.0
1795,美時,上市,-400995.0,0.0,-5456.0,-406451.0,266873812.0
2360,致茂,上市,-244443.0,-151529.0,-14553.0,-410525.0,425245742.0
3189,景碩,上市,-70413.0,2286.0,-353139.0,-421266.0,526915760.0
3013,晟銘電,上市,-386775.0,0.0,-66363.0,-453138.0,205138930.0
1434,福懋,上市,-455000.0,0.0,-2239.0,-457239.0,1684664637.0
6962,奕力-KY,上市,-459960.0,-21000.0,22605.0,-458355.0,492396565.0
4576,大銀微系統,上市,-391559.0,0.0,-68435.0,-459994.0,119801848.0
3017,奇鋐,上市,-459121.0,65000.0,-74322.0,-468443.0,392543007.0
4766,南寶,上市,-447085.0,-2000.0,-21255.0,-470340.0,120570780.0
4746,台耀,上市,-474002.0,0.0,0.0,-474002.0,120255963.0
2204,中華,上市,-390877.0,-88210.0,-1000.0,-480087.0,553620342.0
00981T,平衡凱基雙核收息,上市,-26000.0,0.0,-460132.0,-486132.0,176761000.0
2355,敬鵬,上市,-136876.0,-30000.0,-320453.0,-487329.0,397495420.0
00905,FT臺灣Smart,上市,-526000.0,0.0,33073.0,-492927.0,333827000.0
2231,為升,上市,-504360.0,0.0,-5977.0,-510337.0,135931870.0
4142,國光生,上市,-528000.0,0.0,2799.0,-525201.0,429507750.0
2393,億光,上市,-514894.0,-153410.0,133023.0,-535281.0,443393086.0
4960,誠美材,上市,-439035.0,0.0,-100999.0,-540034.0,571705388.0
6698,旭暉應材,上市,-536994.0,0.0,-3063.0,-540057.0,66389753.0
00911,兆豐洲際半導體,上市,-34629.0,0.0,-511353.0,-545982.0,18903000.0
6168,宏齊,上市,-548000.0,0.0,2000.0,-546000.0,205761801.0
00646,元大S&P500,上市,6970.0,230000.0,-786358.0,-549388.0,557485000.0
6670,復盛應用,上市,-459951.0,-21961.0,-73357.0,-555269.0,139386973.0
9103,美德醫療-DR,上市,-568006.0,0.0,-1081.0,-569087.0,205531500.0
1528,恩德,上市,-608000.0,0.0,1000.0,-607000.0,191331000.0
009800,中信NASDAQ,上市,-4540.0,0.0,-610057.0,-614597.0,292391000.0
2374,佳能,上市,-543485.0,0.0,-87263.0,-630748.0,336570133.0
4949,有成精密,上市,-611030.0,0.0,-36035.0,-647065.0,67722043.0
2352,佳世達,上市,-607839.0,0.0,-43460.0,-651299.0,1580506505.0
1773,勝一,上市,-602969.0,0.0,-52780.0,-655749.0,300000000.0
2838,聯邦銀,上市,-640680.0,0.0,-15228.0,-655908.0,4340551779.0
2010,春源,上市,-663799.0,0.0,6829.0,-656970.0,647655390.0
2897,王道銀行,上市,-660000.0,0.0,2000.0,-658000.0,2805357878.0
9910,豐泰,上市,-543760.0,-87000.0,-43289.0,-674049.0,987482831.0
1312,國喬,上市,-698000.0,0.0,10554.0,-687446.0,1106620328.0
00882,中信中國高股息,上市,-1314821.0,0.0,623213.0,-691608.0,2049849000.0
00910,第一金太空衛星,上市,-382684.0,0.0,-312882.0,-695566.0,100939000.0
2206,三陽工業,上市,-694907.0,-9000.0,2000.0,-701907.0,783675604.0
00894,中信小資高價30,上市,-310000.0,0.0,-400746.0,-710746.0,155009000.0
8996,高力,上市,-377959.0,-286000.0,-50557.0,-714516.0,93387429.0
6285,啟碁,上市,-574523.0,20768.0,-166004.0,-719759.0,483663719.0
2359,所羅門,上市,-572633.0,0.0,-154090.0,-726723.0,171471052.0
00865B,國泰US短期公債,上市,-476000.0,0.0,-251978.0,-727978.0,252244000.0
6108,競國,上市,-720700.0,0.0,-14087.0,-734787.0,154494311.0
00985B,群益ESG投等債0-5,上市,0.0,0.0,-740000.0,-740000.0,514501000.0
00752,中信中國50,上市,-318817.0,0.0,-424639.0,-743456.0,303216000.0
1308,亞聚,上市,-765807.0,0.0,7729.0,-758078.0,593743919.0
6269,台郡,上市,-707000.0,0.0,-52596.0,-759596.0,323831481.0
1808,潤隆,上市,-777292.0,0.0,15000.0,-762292.0,893031743.0
2615,萬海,上市,-716456.0,1408.0,-48710.0,-763758.0,2806146293.0
8261,富鼎,上市,-751431.0,0.0,-18305.0,-769736.0,118878393.0
2836,高雄銀,上市,-765000.0,0.0,-6000.0,-771000.0,1839916985.0
3376,新日興,上市,-667952.0,0.0,-122752.0,-790704.0,195763822.0
1597,直得,上市,-695000.0,0.0,-102069.0,-797069.0,89261804.0
1712,興農,上市,-830001.0,0.0,14005.0,-815996.0,420492585.0
1727,中華化,上市,-821045.0,0.0,235.0,-820810.0,128019559.0
009812,野村日本東證,上市,-111000.0,0.0,-720844.0,-831844.0,111882000.0
5871,中租-KY,上市,-2326372.0,1452908.0,12982.0,-860482.0,1711421161.0
2504,國產,上市,-879000.0,-10000.0,2857.0,-886143.0,1180000000.0
1305,華夏,上市,-925000.0,0.0,34924.0,-890076.0,581050494.0
3051,力特,上市,-904001.0,0.0,6062.0,-897939.0,167000000.0
2345,智邦,上市,-765359.0,-58000.0,-76669.0,-900028.0,561117897.0
1215,卜蜂,上市,-28726.0,-8000.0,-866226.0,-902952.0,294790098.0
3060,銘異,上市,-902000.0,0.0,-1952.0,-903952.0,137563190.0
4739,康普,上市,-780688.0,0.0,-145838.0,-926526.0,124649269.0
2327,國巨*,上市,-1412412.0,26422.0,457452.0,-928538.0,2071465484.0
1563,巧新,上市,-58000.0,0.0,-894045.0,-952045.0,230782140.0
009804,聯邦台精彩50,上市,-546000.0,0.0,-410486.0,-956486.0,118892000.0
9938,百和,上市,-843572.0,-113298.0,-1618.0,-958488.0,297963902.0
2105,正新,上市,-1017443.0,-45041.0,98427.0,-964057.0,3241415536.0
00913,兆豐台灣晶圓製造,上市,-1216000.0,0.0,225684.0,-990316.0,22766000.0
3036,文曄,上市,-368788.0,-615967.0,-25244.0,-1009999.0,1269148301.0
2208,台船,上市,-1002000.0,-7000.0,-4000.0,-1013000.0,1274539449.0
2385,群光,上市,-794248.0,-216505.0,-7167.0,-1017920.0,760053172.0
2929,淘帝-KY,上市,-1017000.0,0.0,-3330.0,-1020330.0,109493838.0
009803,玉山市值動能50,上市,-711000.0,0.0,-310098.0,-1021098.0,134328000.0
3706,神達,上市,-1132599.0,5000.0,84291.0,-1043308.0,1327212468.0
4720,德淵,上市,-1012000.0,0.0,-40470.0,-1052470.0,114516037.0
00993A,主動安聯台灣,上市,166180.0,0.0,-1223831.0,-1057651.0,875591000.0
1721,國慶科技,上市,-1068000.0,0.0,-2000.0,-1070000.0,184884092.0
00987A,主動台新優勢成長,上市,179000.0,0.0,-1256342.0,-1077342.0,202643000.0
3532,台勝科,上市,-795144.0,0.0,-291351.0,-1086495.0,387848300.0
00996A,主動兆豐台灣豐收,上市,343750.0,0.0,-1449964.0,-1106214.0,329899000.0
6139,亞翔,上市,-1112005.0,107000.0,-108834.0,-1113839.0,235575724.0
1519,華城,上市,-800137.0,-246120.0,-73319.0,-1119576.0,315880844.0
3006,晶豪科,上市,-898047.0,0.0,-234193.0,-1132240.0,297285758.0
00664R,國泰臺灣加權反1,上市,0.0,0.0,-1134203.0,-1134203.0,776575000.0
2305,全友,上市,-1023000.0,0.0,-118185.0,-1141185.0,205660827.0
00735,國泰臺韓科技,上市,-452728.0,0.0,-690000.0,-1142728.0,73289000.0
6197,佳必琪,上市,-1128925.0,0.0,-98257.0,-1227182.0,122085882.0
6415,矽力*-KY,上市,-222118.0,-843000.0,-204547.0,-1269665.0,388948107.0
6209,今國光,上市,-1276510.0,0.0,6002.0,-1270508.0,174429171.0
1229,聯華,上市,-1263879.0,0.0,-28000.0,-1291879.0,1795960668.0
6278,台表科,上市,-84874.0,-142238.0,-1067047.0,-1294159.0,292398353.0
1536,和大,上市,-1368939.0,0.0,12805.0,-1356134.0,278959513.0
6153,嘉聯益,上市,-1341930.0,0.0,-39433.0,-1381363.0,636177694.0
00961,FT臺灣永續高息,上市,-162000.0,0.0,-1226081.0,-1388081.0,171011000.0
1810,和成,上市,-1400900.0,0.0,-4642.0,-1405542.0,302303719.0
2464,盟立,上市,-1122448.0,0.0,-283890.0,-1406338.0,206351226.0
2354,鴻準,上市,-1376503.0,2000.0,-62527.0,-1437030.0,1414485192.0
2889,國票金,上市,-1436500.0,0.0,-5000.0,-1441500.0,3633563471.0
2049,上銀,上市,-1331180.0,0.0,-140971.0,-1472151.0,353792240.0
6706,惠特,上市,-1297808.0,0.0,-191211.0,-1489019.0,78548865.0
2890,永豐金,上市,-1664875.0,189493.0,-18422.0,-1493804.0,14502322275.0
2548,華固,上市,-1417757.0,0.0,-106130.0,-1523887.0,319718697.0
2454,聯發科,上市,-856431.0,-623680.0,-71972.0,-1552083.0,1603895407.0
00995A,主動中信台灣卓越,上市,-479000.0,0.0,-1103430.0,-1582430.0,325035000.0
00922,國泰台灣領袖50,上市,-2513093.0,0.0,923940.0,-1589153.0,2057686000.0
2891,中信金,上市,-10717246.0,9368901.0,-261884.0,-1610229.0,19677816903.0
00671R,富邦NASDAQ反1,上市,0.0,0.0,-1627900.0,-1627900.0,546884000.0
1513,中興電,上市,-1508150.0,-4000.0,-133636.0,-1645786.0,503112515.0
2903,遠百,上市,-1744789.0,-12000.0,9295.0,-1747494.0,1416940589.0
3044,健鼎,上市,-1670325.0,-49985.0,-81052.0,-1801362.0,525605898.0
2402,毅嘉,上市,-1027334.0,-516000.0,-266180.0,-1809514.0,307536533.0
2867,三商壽,上市,-1830000.0,0.0,3000.0,-1827000.0,5899501044.0
2855,統一證,上市,-1826000.0,-24166.0,0.0,-1850166.0,1601414478.0
9907,統一實,上市,-1786756.0,-72221.0,-5000.0,-1863977.0,1579145342.0
00401A,主動摩根台灣鑫收,上市,-3029921.0,0.0,1085209.0,-1944712.0,261395000.0
1711,永光,上市,-1967774.0,0.0,-18032.0,-1985806.0,547752226.0
2388,威盛,上市,-1854503.0,0.0,-152868.0,-2007371.0,555954941.0
2308,台達電,上市,-1742544.0,-121189.0,-149151.0,-2012884.0,2597543329.0
3715,定穎投控,上市,-1770133.0,0.0,-252481.0,-2022614.0,283574584.0
4989,榮科,上市,-2017000.0,0.0,-7083.0,-2024083.0,137776500.0
3711,日月光投控,上市,-2361460.0,401204.0,-79007.0,-2039263.0,4422175232.0
2885,元大金,上市,4990843.0,-7216020.0,177388.0,-2047789.0,13331149946.0
8926,台汽電,上市,-2084929.0,0.0,-14633.0,-2099562.0,830282000.0
8110,華東,上市,-2505726.0,0.0,353522.0,-2152204.0,517739876.0
5469,瀚宇博,上市,-2252397.0,0.0,39768.0,-2212629.0,486166000.0
1608,華榮,上市,-2227861.0,-23968.0,17456.0,-2234373.0,632773506.0
2606,裕民,上市,-2136414.0,-15000.0,-129880.0,-2281294.0,845055712.0
00686R,群益臺灣加權反1,上市,0.0,0.0,-2299000.0,-2299000.0,178276000.0
4906,正文,上市,-2583105.0,0.0,255599.0,-2327506.0,434485057.0
1605,華新,上市,-1986260.0,139.0,-388453.0,-2374574.0,4431332948.0
4915,致伸,上市,-2263224.0,-110600.0,-2827.0,-2376651.0,471880824.0
00663L,國泰臺灣加權正2,上市,176210.0,0.0,-2684249.0,-2508039.0,115663000.0
1301,台塑,上市,-2361699.0,-15000.0,-142294.0,-2518993.0,6365740781.0
2409,友達,上市,-840692.0,85252.0,-1893095.0,-2648535.0,7547098972.0
2485,兆赫,上市,-2382102.0,0.0,-401987.0,-2784089.0,317689037.0
2912,統一超,上市,-7446212.0,4657000.0,-781.0,-2789993.0,1039622255.0
1609,大亞,上市,-2808766.0,0.0,-14553.0,-2823319.0,785261944.0
4958,臻鼎-KY,上市,239975.0,-2618127.0,-461630.0,-2839782.0,1070598156.0
3714,富采,上市,-2655472.0,0.0,-333646.0,-2989118.0,737940460.0
00685L,群益臺灣加權正2,上市,-9910.0,0.0,-2995127.0,-3005037.0,51639000.0
2377,微星,上市,-2605169.0,3770.0,-422980.0,-3024379.0,844856199.0
3576,聯合再生,上市,-3042200.0,0.0,11471.0,-3030729.0,1627795375.0
2515,中工,上市,-3168000.0,0.0,8838.0,-3159162.0,1607904084.0
00980A,主動野村臺灣優選,上市,-4898980.0,739000.0,939813.0,-3220167.0,757230000.0
00708L,期元大S&P黃金正2,上市,-23000.0,0.0,-3269768.0,-3292768.0,111573000.0
2882,國泰金,上市,17727281.0,-21169128.0,147209.0,-3294638.0,14669210128.0
1503,士電,上市,-3170022.0,0.0,-132044.0,-3302066.0,520972223.0
1304,台聚,上市,-3669990.0,0.0,341306.0,-3328684.0,1188763500.0
8039,台虹,上市,-3165143.0,-14000.0,-320654.0,-3499797.0,263668994.0
2845,遠東銀,上市,-3472349.0,0.0,-29000.0,-3501349.0,4865284731.0
00896,中信綠能及電動車,上市,-1693000.0,0.0,-1889780.0,-3582780.0,271380000.0
00994A,主動第一金台股優,上市,-3794051.0,0.0,100820.0,-3693231.0,311190000.0
4763,材料*-KY,上市,-3824011.0,0.0,-40243.0,-3864254.0,989146670.0
00881,國泰台灣科技龍頭,上市,-1634764.0,-442000.0,-1947036.0,-4023800.0,2358903000.0
1717,長興,上市,-4657566.0,451848.0,169099.0,-4036619.0,1172245483.0
6191,精成科,上市,-4194624.0,0.0,5944.0,-4188680.0,499303000.0
2481,強茂,上市,-12952446.0,8022000.0,449877.0,-4480569.0,382114927.0
3673,TPK-KY,上市,-3655765.0,0.0,-1004527.0,-4660292.0,406663759.0
2382,廣達,上市,-17684521.0,12612352.0,38319.0,-5033850.0,3862627432.0
00642U,期元大S&P石油,上市,-1047964.0,0.0,-3993890.0,-5041854.0,113321000.0
2371,大同,上市,-4955702.0,0.0,-103395.0,-5059097.0,2150834851.0
5471,松翰,上市,-5042070.0,0.0,-24945.0,-5067015.0,167877062.0
00984A,主動安聯台灣高息,上市,-1450000.0,0.0,-3699890.0,-5149890.0,454958000.0
00400A,主動國泰動能高息,上市,-5108108.0,0.0,-180192.0,-5288300.0,1532640000.0
00635U,期元大S&P黃金,上市,-1164049.0,0.0,-4238600.0,-5402649.0,291514000.0
5880,合庫金,上市,-5778782.0,81000.0,192575.0,-5505207.0,15680936914.0
2542,興富發,上市,-5547762.0,1000.0,-16566.0,-5563328.0,2173083539.0
2412,中華電,上市,-9468182.0,3518702.0,358744.0,-5590736.0,7757446545.0
00650L,復華香港正2,上市,-299000.0,0.0,-5370567.0,-5669567.0,121338000.0
8046,南電,上市,-4031693.0,-1987000.0,-58051.0,-6076744.0,646165487.0
2330,台積電,上市,-7078615.0,465061.0,466451.0,-6147103.0,25932370067.0
2312,金寶,上市,-6901985.0,0.0,319530.0,-6582455.0,1505781211.0
009802,富邦旗艦50,上市,-1457670.0,0.0,-5130152.0,-6587822.0,539995000.0
00927,群益半導體收益,上市,-7273640.0,0.0,423712.0,-6849928.0,785397000.0
2812,台中銀,上市,-6914892.0,0.0,-3000.0,-6917892.0,6021625921.0
00738U,期元大道瓊白銀,上市,-1867953.0,0.0,-5191813.0,-7059766.0,248799000.0
6456,GIS-KY,上市,-7042562.0,0.0,-272755.0,-7315317.0,337939800.0
9904,寶成,上市,-5062977.0,-2252862.0,-26122.0,-7341961.0,2946787213.0
2834,臺企銀,上市,-7739707.0,0.0,-35000.0,-7774707.0,9718061849.0
1326,台化,上市,-7582180.0,0.0,-236134.0,-7818314.0,5861186291.0
6213,聯茂,上市,-7693354.0,0.0,-307445.0,-8000799.0,363562218.0
5876,上海商銀,上市,-10485663.0,2426000.0,18991.0,-8040672.0,4861603140.0
00712,復華富時不動產,上市,410500.0,0.0,-8470423.0,-8059923.0,5001511000.0
0052,富邦科技,上市,-5299960.0,0.0,-3612941.0,-8912901.0,2518000000.0
00830,國泰費城半導體,上市,-6325856.0,0.0,-3267699.0,-9593555.0,647965000.0
2489,瑞軒,上市,-9312690.0,0.0,-511889.0,-9824579.0,610000000.0
1402,遠東新,上市,18907622.0,-28366845.0,-406145.0,-9865368.0,5352875227.0
2474,可成,上市,-6968368.0,-2683604.0,-581058.0,-10233030.0,561369068.0
1802,台玻,上市,-10144891.0,610000.0,-1048771.0,-10583662.0,2908060800.0
2367,燿華,上市,-10755213.0,0.0,-348568.0,-11103781.0,706253175.0
00715L,期街口布蘭特正2,上市,201000.0,0.0,-11615278.0,-11414278.0,95191793.0
00984D,主動聯博全球非投,上市,59000.0,0.0,-11555181.0,-11496181.0,336557000.0
2801,彰銀,上市,-10683282.0,-1400000.0,-36000.0,-12119282.0,11766046253.0
00919,群益台灣精選高息,上市,-29228240.0,0.0,17090731.0,-12137509.0,17453135000.0
2301,光寶科,上市,-11471721.0,-124208.0,-604508.0,-12200437.0,2316775763.0
2633,台灣高鐵,上市,-12810450.0,0.0,68684.0,-12741766.0,5628293058.0
00935,野村臺灣新科技50,上市,-5623327.0,0.0,-7697494.0,-13320821.0,650504000.0
1102,亞泥,上市,-12119811.0,-1460511.0,24543.0,-13555779.0,3546562881.0
00632R,元大台灣50反1,上市,-2032000.0,0.0,-11759440.0,-13791440.0,2314207730.0
2887,台新新光金,上市,-59196068.0,43583814.0,1800394.0,-13811860.0,24866399230.0
2880,華南金,上市,-46412019.0,31452000.0,-109608.0,-15069627.0,13916965089.0
2002,中鋼,上市,-14546608.0,-41000.0,-729047.0,-15316655.0,15734860997.0
1101,台泥,上市,-16495144.0,0.0,51554.0,-16443590.0,7523181742.0
00665L,富邦恒生國企正2,上市,387000.0,0.0,-17380773.0,-16993773.0,503965000.0
00753L,中信中國50正2,上市,-1125000.0,0.0,-16148752.0,-17273752.0,741657000.0
9105,泰金寶-DR,上市,-18076800.0,0.0,-902169.0,-18978969.0,1602322936.0
2883,凱基金,上市,-9177364.0,-10313613.0,22610.0,-19468367.0,16974847040.0
00990A,主動元大AI新經濟,上市,-8281338.0,0.0,-15711715.0,-23993053.0,1939522000.0
2892,第一金,上市,-25867747.0,-29352.0,129201.0,-25767898.0,14379468650.0
1303,南亞,上市,-25023704.0,363000.0,-1195192.0,-25855896.0,7930821589.0
2303,聯電,上市,59187.0,-34484005.0,2337870.0,-32086948.0,12576984870.0
2884,玉山金,上市,-18091817.0,-18101899.0,36456.0,-36157260.0,16174000000.0
00988A,主動統一全球創新,上市,-474000.0,0.0,-37494259.0,-37968259.0,1999937000.0
2313,華通,上市,-33742667.0,-3001000.0,-2580924.0,-39324591.0,1191820589.0
2344,華邦電,上市,-51733715.0,4855777.0,-1201085.0,-48079023.0,4500000193.0
0050,元大台灣50,上市,-39725344.0,688000.0,-21961060.0,-60998404.0,19074500000.0
00991A,主動復華未來50,上市,-11681835.0,460000.0,-64951878.0,-76173713.0,2864416000.0
00631L,元大台灣50正2,上市,-30591803.0,0.0,-48295853.0,-78887656.0,4609348000.0
00403A,主動統一升級50,上市,-80093494.0,0.0,-20211935.0,-100305429.0,18153519000.0
00981A,主動統一台股增長,上市,-93497580.0,0.0,-19810924.0,-113308504.0,9118209000.0
009816,凱基台灣TOP50,上市,-41987658.0,0.0,-93012539.0,-135000197.0,8911344000.0
3481,群創,上市,-289338059.0,109777.0,-20798819.0,-310027101.0,7989197337.0
006201,元大富櫃50,上櫃,0.0,0.0,0.0,97338.0,0.0
00679B,元大美債20年,上櫃,0.0,0.0,0.0,12311314.0,0.0
00687B,國泰20年美債,上櫃,0.0,0.0,0.0,23189011.0,0.0
00687C,國泰20年美債+櫃U,上櫃,0.0,0.0,0.0,0.0,0.0
00694B,富邦美債1-3,上櫃,0.0,0.0,0.0,-8744.0,0.0
00695B,富邦美債7-10,上櫃,0.0,0.0,0.0,-17632.0,0.0
00696B,富邦美債20年,上櫃,0.0,0.0,0.0,206077.0,0.0
00697B,元大美債7-10,上櫃,0.0,0.0,0.0,-159247.0,0.0
00719B,元大美債1-3,上櫃,0.0,0.0,0.0,-686402.0,0.0
00720B,元大投資級公司債,上櫃,0.0,0.0,0.0,3606510.0,0.0
00722B,群益投資級電信債,上櫃,0.0,0.0,0.0,449503.0,0.0
00723B,群益投資級科技債,上櫃,0.0,0.0,0.0,-1071.0,0.0
00724B,群益投資級金融債,上櫃,0.0,0.0,0.0,130517.0,0.0
00725B,國泰投資級公司債,上櫃,0.0,0.0,0.0,3474423.0,0.0
00726B,國泰新興投等債,上櫃,0.0,0.0,0.0,78152.0,0.0
00727B,國泰優選非投等債,上櫃,0.0,0.0,0.0,-6877.0,0.0
00734B,台新JPM新興債,上櫃,0.0,0.0,0.0,29996.0,0.0
00740B,富邦全球投等債,上櫃,0.0,0.0,0.0,-185016.0,0.0
00741B,富邦全球非投等債,上櫃,0.0,0.0,0.0,47834.0,0.0
00746B,富邦A級公司債,上櫃,0.0,0.0,0.0,5000.0,0.0
00749B,凱基新興債10+,上櫃,0.0,0.0,0.0,0.0,0.0
00750B,凱基科技債10+,上櫃,0.0,0.0,0.0,0.0,0.0
00751B,元大AAA至A公司債,上櫃,0.0,0.0,0.0,3179886.0,0.0
00754B,群益AAA-AA公司債,上櫃,0.0,0.0,0.0,4041.0,0.0
00755B,群益投資級公用債,上櫃,0.0,0.0,0.0,3000.0,0.0
00756B,群益投等新興公債,上櫃,0.0,0.0,0.0,66900.0,0.0
00758B,復華能源債,上櫃,0.0,0.0,0.0,-2.0,0.0
00759B,復華製藥債,上櫃,0.0,0.0,0.0,-1.0,0.0
00760B,復華新興企業債,上櫃,0.0,0.0,0.0,11999.0,0.0
00761B,國泰A級公司債,上櫃,0.0,0.0,0.0,20160.0,0.0
00764B,群益25年美債,上櫃,0.0,0.0,0.0,364394.0,0.0
00768B,復華20年美債,上櫃,0.0,0.0,0.0,63406.0,0.0
00772B,中信高評級公司債,上櫃,0.0,0.0,0.0,1711266.0,0.0
00773B,中信優先金融債,上櫃,0.0,0.0,0.0,222569.0,0.0
00777B,凱基AAA至A公司債,上櫃,0.0,0.0,0.0,-1000.0,0.0
00778B,凱基金融債20+,上櫃,0.0,0.0,0.0,0.0,0.0
00779B,凱基美債25+,上櫃,0.0,0.0,0.0,13000.0,0.0
00780B,國泰A級金融債,上櫃,0.0,0.0,0.0,-9142.0,0.0
00781B,國泰A級科技債,上櫃,0.0,0.0,0.0,-72146.0,0.0
00782B,國泰A級公用債,上櫃,0.0,0.0,0.0,-5616.0,0.0
00785B,富邦金融投等債,上櫃,0.0,0.0,0.0,-1000.0,0.0
00786B,元大10年IG銀行債,上櫃,0.0,0.0,0.0,58336.0,0.0
00787B,元大10年IG醫療債,上櫃,0.0,0.0,0.0,3999.0,0.0
00788B,元大10年IG電能債,上櫃,0.0,0.0,0.0,32811.0,0.0
00789B,復華公司債A3,上櫃,0.0,0.0,0.0,2999.0,0.0
00791B,復華信用債1-5,上櫃,0.0,0.0,0.0,20.0,0.0
00792B,群益A級公司債,上櫃,0.0,0.0,0.0,-1003.0,0.0
00793B,群益AAA-A醫療債,上櫃,0.0,0.0,0.0,-380.0,0.0
00795B,中信美國公債20年,上櫃,0.0,0.0,0.0,2574460.0,0.0
00799B,國泰A級醫療債,上櫃,0.0,0.0,0.0,-19691.0,0.0
00834B,第一金金融債10+,上櫃,0.0,0.0,0.0,1000.0,0.0
00836B,永豐10年A公司債,上櫃,0.0,0.0,0.0,-256.0,0.0
00840B,凱基IG精選15+,上櫃,0.0,0.0,0.0,0.0,0.0
00841B,凱基AAA-AA公司債,上櫃,0.0,0.0,0.0,0.0,0.0
00842B,台新美元銀行債,上櫃,0.0,0.0,0.0,33000.0,0.0
00844B,新光15年IG金融債,上櫃,0.0,0.0,0.0,-1.0,0.0
00845B,富邦新興投等債,上櫃,0.0,0.0,0.0,35.0,0.0
00846B,富邦歐洲銀行債,上櫃,0.0,0.0,0.0,-1006.0,0.0
00847B,中信美國市政債,上櫃,0.0,0.0,0.0,0.0,0.0
00848B,中信新興亞洲債,上櫃,0.0,0.0,0.0,4000.0,0.0
00849B,中信EM主權債0-5,上櫃,0.0,0.0,0.0,1674.0,0.0
00853B,統一美債10年Aa-A,上櫃,0.0,0.0,0.0,16631.0,0.0
00856B,永豐1-3年美公債,上櫃,0.0,0.0,0.0,-1304.0,0.0
00857B,永豐20年美公債,上櫃,0.0,0.0,0.0,1116482.0,0.0
00858,永豐美國500大,上櫃,0.0,0.0,0.0,181430.0,0.0
00859B,群益0-1年美債,上櫃,0.0,0.0,0.0,42321.0,0.0
00860B,群益1-5Y投資級債,上櫃,0.0,0.0,0.0,-3275.0,0.0
00862B,中信投資級公司債,上櫃,0.0,0.0,0.0,142000.0,0.0
00863B,中信全球電信債,上櫃,0.0,0.0,0.0,2000.0,0.0
00864B,中信美國公債0-1,上櫃,0.0,0.0,0.0,-226000.0,0.0
00867B,新光A-BBB電信債,上櫃,0.0,0.0,0.0,42.0,0.0
00870B,元大15年EM主權債,上櫃,0.0,0.0,0.0,3036.0,0.0
00877,復華中國5G,上櫃,0.0,0.0,0.0,-433815.0,0.0
00884B,中信低碳新興債,上櫃,0.0,0.0,0.0,64.0,0.0
00886,永豐美國科技,上櫃,0.0,0.0,0.0,-28661.0,0.0
00887,永豐中國科技50大,上櫃,0.0,0.0,0.0,-8532.0,0.0
00888,永豐台灣ESG,上櫃,0.0,0.0,0.0,-2404564.0,0.0
00890B,凱基ESG BBB債15+,上櫃,0.0,0.0,0.0,18000.0,0.0
00928,中信上櫃ESG 30,上櫃,0.0,0.0,0.0,354857.0,0.0
00931B,統一美債20年,上櫃,0.0,0.0,0.0,4125061.0,0.0
00933B,國泰10Y+金融債,上櫃,0.0,0.0,0.0,3468004.0,0.0
00937B,群益ESG投等債20+,上櫃,0.0,0.0,0.0,33774559.0,0.0
00942B,台新美A公司債20+,上櫃,0.0,0.0,0.0,603335.0,0.0
00948B,中信優息投資級債,上櫃,0.0,0.0,0.0,7931101.0,0.0
00950B,凱基A級公司債,上櫃,0.0,0.0,0.0,684377.0,0.0
00955,中信日本商社,上櫃,0.0,0.0,0.0,-2675232.0,0.0
00957B,兆豐US優選投等債,上櫃,0.0,0.0,0.0,453828.0,0.0
00958B,永豐ESG銀行債15+,上櫃,0.0,0.0,0.0,483188.0,0.0
00959B,大華投等美債15Y+,上櫃,0.0,0.0,0.0,937945.0,0.0
00966B,統一ESG投等債15+,上櫃,0.0,0.0,0.0,-142825.0,0.0
00967B,元大優息美債,上櫃,0.0,0.0,0.0,121655.0,0.0
00968B,元大優息投等債,上櫃,0.0,0.0,0.0,952918.0,0.0
00969B,元大零息超長美債,上櫃,0.0,0.0,0.0,164946.0,0.0
00970B,新光BBB投等債20+,上櫃,0.0,0.0,0.0,2243790.0,0.0
009806,台新標普500,上櫃,0.0,0.0,0.0,3383.0,0.0
009807,台新標普科技精選,上櫃,0.0,0.0,0.0,-40369.0,0.0
00980B,台新特選IG債10+,上櫃,0.0,0.0,0.0,215144.0,0.0
00980D,主動聯博投等入息,上櫃,0.0,0.0,0.0,182500.0,0.0
00980T,平衡凱基美國TOP,上櫃,0.0,0.0,0.0,190797.0,0.0
009814,富邦標普500,上櫃,0.0,0.0,0.0,214796.0,0.0
009815,大華美國MAG7+,上櫃,0.0,0.0,0.0,5589383.0,0.0
00981B,第一金優選非投債,上櫃,0.0,0.0,0.0,285636.0,0.0
00981D,主動中信非投等債,上櫃,0.0,0.0,0.0,2659565.0,0.0
00982B,FT投資級債20+,上櫃,0.0,0.0,0.0,63847.0,0.0
00983B,大華優利美公債20,上櫃,0.0,0.0,0.0,-245357.0,0.0
00984B,大華優利美A債15,上櫃,0.0,0.0,0.0,554422.0,0.0
00985D,主動貝萊德優投等,上櫃,0.0,0.0,0.0,80345.0,0.0
00986B,FT金融債10+,上櫃,0.0,0.0,0.0,3798.0,0.0
00986D,主動復華金融債息,上櫃,0.0,0.0,0.0,1637999.0,0.0
00987B,野村10+澳洲公債,上櫃,0.0,0.0,0.0,368084.0,0.0
00988B,玉山嚴選非投債,上櫃,0.0,0.0,0.0,289902.0,0.0
00989B,台新美國非投等債,上櫃,0.0,0.0,0.0,665000.0,0.0
00998A,主動復華金融股息,上櫃,0.0,0.0,0.0,150599.0,0.0
020025,統一亞洲半導體N,上櫃,0.0,0.0,0.0,27000.0,0.0
020027,元大上櫃ESG成長N,上櫃,0.0,0.0,0.0,0.0,0.0
020033,統一恒生科期N,上櫃,0.0,0.0,0.0,1000.0,0.0
020041,兆豐半導體氣候N,上櫃,0.0,0.0,0.0,27000.0,0.0
1240,茂生農經,上櫃,0.0,0.0,0.0,2000.0,46443992.0
1264,德麥,上櫃,0.0,0.0,0.0,1000.0,37052367.0
1268,漢來美食,上櫃,0.0,0.0,0.0,8000.0,42223730.0
1294,漢田生技,上櫃,0.0,0.0,0.0,-1000.0,36625875.0
1295,生合,上櫃,0.0,0.0,0.0,15000.0,37599800.0
1336,台翰,上櫃,0.0,0.0,0.0,12000.0,77614419.0
1565,精華,上櫃,0.0,0.0,0.0,-17000.0,50416516.0
1569,濱川,上櫃,0.0,0.0,0.0,-174213.0,144247441.0
1570,力肯,上櫃,0.0,0.0,0.0,381654.0,51500839.0
1580,新麥,上櫃,0.0,0.0,0.0,0.0,49339242.0
1584,精剛,上櫃,0.0,0.0,0.0,680000.0,232470533.0
1586,和勤,上櫃,0.0,0.0,0.0,-24000.0,129500467.0
1591,駿吉-KY,上櫃,0.0,0.0,0.0,-2000.0,38048047.0
1593,祺驊,上櫃,0.0,0.0,0.0,1000.0,39784772.0
1595,川寶,上櫃,0.0,0.0,0.0,-96103.0,57554896.0
1599,宏佳騰,上櫃,0.0,0.0,0.0,4000.0,73028764.0
1742,台蠟,上櫃,0.0,0.0,0.0,-1000.0,92671300.0
1777,生泰,上櫃,0.0,0.0,0.0,1000.0,44591713.0
1781,合世,上櫃,0.0,0.0,0.0,-2000.0,47407605.0
1784,訊聯,上櫃,0.0,0.0,0.0,137293.0,53121191.0
1785,光洋科,上櫃,0.0,0.0,0.0,886173.0,595950743.0
1788,杏昌,上櫃,0.0,0.0,0.0,3000.0,44520971.0
1796,金穎生技,上櫃,0.0,0.0,0.0,6000.0,41459793.0
1799,易威,上櫃,0.0,0.0,0.0,-7629.0,248775894.0
1813,寶利徠,上櫃,0.0,0.0,0.0,-19985.0,46635510.0
1815,富喬,上櫃,0.0,0.0,0.0,7284820.0,585459487.0
2061,風青,上櫃,0.0,0.0,0.0,53000.0,57378052.0
2063,世鎧,上櫃,0.0,0.0,0.0,-1000.0,48101453.0
2064,晉椿,上櫃,0.0,0.0,0.0,2000.0,69330000.0
2065,世豐,上櫃,0.0,0.0,0.0,5000.0,63516707.0
2066,世德,上櫃,0.0,0.0,0.0,21000.0,44449527.0
2070,精湛,上櫃,0.0,0.0,0.0,-149711.0,41782800.0
2221,大甲,上櫃,0.0,0.0,0.0,71000.0,42325000.0
2230,泰茂,上櫃,0.0,0.0,0.0,22068.0,68029605.0
2596,綠意,上櫃,0.0,0.0,0.0,117000.0,100000000.0
2640,大車隊,上櫃,0.0,0.0,0.0,4059.0,59264956.0
2641,正德,上櫃,0.0,0.0,0.0,-86104.0,330333744.0
2643,捷迅,上櫃,0.0,0.0,0.0,16000.0,35000000.0
2718,全心投控,上櫃,0.0,0.0,0.0,-5994.0,87576000.0
2726,雅茗-KY,上櫃,0.0,0.0,0.0,19000.0,37689817.0
2729,瓦城,上櫃,0.0,0.0,0.0,4064.0,43040783.0
2732,六角,上櫃,0.0,0.0,0.0,8000.0,46518570.0
2734,易飛網,上櫃,0.0,0.0,0.0,-44420.0,57259760.0
2736,富野,上櫃,0.0,0.0,0.0,-28000.0,79972230.0
2743,山富,上櫃,0.0,0.0,0.0,37210.0,46815210.0
2745,五福,上櫃,0.0,0.0,0.0,30000.0,33808526.0
2751,王座,上櫃,0.0,0.0,0.0,5000.0,19811250.0
2752,豆府,上櫃,0.0,0.0,0.0,-1000.0,26693861.0
2754,亞洲藏壽司,上櫃,0.0,0.0,0.0,12000.0,46907000.0
2755,揚秦,上櫃,0.0,0.0,0.0,-5000.0,46792491.0
2756,聯發國際,上櫃,0.0,0.0,0.0,4000.0,24597584.0
2916,滿心,上櫃,0.0,0.0,0.0,18000.0,64626878.0
2926,誠品生活,上櫃,0.0,0.0,0.0,14000.0,47389650.0
2937,集雅社,上櫃,0.0,0.0,0.0,2000.0,47896173.0
3066,李洲,上櫃,0.0,0.0,0.0,291006.0,83070612.0
3071,協禧,上櫃,0.0,0.0,0.0,99048.0,110000000.0
3073,天方能源,上櫃,0.0,0.0,0.0,-1675.0,39511028.0
3078,僑威,上櫃,0.0,0.0,0.0,79140.0,227391064.0
3081,聯亞,上櫃,0.0,0.0,0.0,-740503.0,101869004.0
3083,網龍,上櫃,0.0,0.0,0.0,46499.0,86486858.0
3085,新零售,上櫃,0.0,0.0,0.0,648.0,53581570.0
3086,華義*,上櫃,0.0,0.0,0.0,162820.0,272710510.0
3088,艾訊,上櫃,0.0,0.0,0.0,-101703.0,113011197.0
3093,港建*,上櫃,0.0,0.0,0.0,-47200.0,145155576.0
3095,及成,上櫃,0.0,0.0,0.0,0.0,14680000.0
3105,穩懋,上櫃,0.0,0.0,0.0,-1273254.0,423940384.0
3114,好德,上櫃,0.0,0.0,0.0,4081.0,67722584.0
3115,富榮綱,上櫃,0.0,0.0,0.0,3000.0,72197615.0
3118,進階,上櫃,0.0,0.0,0.0,0.0,32452860.0
3122,笙泉,上櫃,0.0,0.0,0.0,87020.0,40771918.0
3128,昇銳,上櫃,0.0,0.0,0.0,0.0,50156538.0
3131,弘塑,上櫃,0.0,0.0,0.0,281826.0,29258927.0
3141,晶宏,上櫃,0.0,0.0,0.0,150189.0,75460728.0
3147,大綜,上櫃,0.0,0.0,0.0,-33429.0,43686831.0
3152,璟德,上櫃,0.0,0.0,0.0,-397171.0,39016200.0
3158,嘉實,上櫃,0.0,0.0,0.0,0.0,30665925.0
3162,精確,上櫃,0.0,0.0,0.0,-355292.0,154153162.0
3163,波若威,上櫃,0.0,0.0,0.0,-403232.0,94635370.0
3169,亞信,上櫃,0.0,0.0,0.0,273968.0,63306981.0
3171,炎洲流通,上櫃,0.0,0.0,0.0,1036.0,33118158.0
3176,基亞,上櫃,0.0,0.0,0.0,50172.0,139306755.0
3178,公準,上櫃,0.0,0.0,0.0,-11000.0,45050000.0
3188,鑫龍騰,上櫃,0.0,0.0,0.0,6252.0,189087767.0
3191,雲嘉南,上櫃,0.0,0.0,0.0,5935.0,43597381.0
3205,佰研,上櫃,0.0,0.0,0.0,52984.0,67545631.0
3206,志豐,上櫃,0.0,0.0,0.0,320642.0,58916621.0
3207,耀勝,上櫃,0.0,0.0,0.0,-183634.0,66422124.0
3211,順達,上櫃,0.0,0.0,0.0,-684762.0,154387021.0
3213,茂訊,上櫃,0.0,0.0,0.0,154247.0,58685547.0
3217,優群,上櫃,0.0,0.0,0.0,-1296322.0,90104203.0
3218,大學光,上櫃,0.0,0.0,0.0,-27790.0,84724899.0
3219,倚強科,上櫃,0.0,0.0,0.0,-45453.0,71780880.0
3221,台嘉碩,上櫃,0.0,0.0,0.0,3067184.0,104989210.0
3224,三顧,上櫃,0.0,0.0,0.0,10000.0,78172648.0
3226,龍鋒,上櫃,0.0,0.0,0.0,-4000.0,64430573.0
3227,原相,上櫃,0.0,0.0,0.0,-396604.0,151912842.0
3228,金麗科,上櫃,0.0,0.0,0.0,164149.0,71937495.0
3230,錦明,上櫃,0.0,0.0,0.0,197991.0,86010900.0
3232,昱捷,上櫃,0.0,0.0,0.0,122041.0,46567865.0
3234,光環,上櫃,0.0,0.0,0.0,181758.0,111474692.0
3236,千如,上櫃,0.0,0.0,0.0,-64331.0,105000613.0
3252,海灣,上櫃,0.0,0.0,0.0,-2000.0,50195754.0
3259,鑫創,上櫃,0.0,0.0,0.0,-634.0,72965934.0
3260,威剛,上櫃,0.0,0.0,0.0,-1103721.0,336463418.0
3264,欣銓,上櫃,0.0,0.0,0.0,1866636.0,490170076.0
3265,台星科,上櫃,0.0,0.0,0.0,180992.0,136261659.0
3268,海德威,上櫃,0.0,0.0,0.0,32000.0,34720796.0
3272,東碩,上櫃,0.0,0.0,0.0,7000.0,61176789.0
3276,宇環,上櫃,0.0,0.0,0.0,-12000.0,69712666.0
3284,太普高,上櫃,0.0,0.0,0.0,16385.0,108482473.0
3285,微端,上櫃,0.0,0.0,0.0,-9000.0,42735324.0
3287,廣寰科,上櫃,0.0,0.0,0.0,-57451.0,43970483.0
3289,宜特,上櫃,0.0,0.0,0.0,-368461.0,86746371.0
3290,東浦,上櫃,0.0,0.0,0.0,186470.0,90215034.0
3293,鈊象,上櫃,0.0,0.0,0.0,-715029.0,281801560.0
3294,英濟,上櫃,0.0,0.0,0.0,98948.0,132015919.0
3297,杭特,上櫃,0.0,0.0,0.0,2942.0,36049445.0
3303,岱稜,上櫃,0.0,0.0,0.0,62387.0,94790607.0
3306,鼎天,上櫃,0.0,0.0,0.0,7804.0,50607702.0
3310,佳穎,上櫃,0.0,0.0,0.0,-1801.0,74948402.0
3313,斐成,上櫃,0.0,0.0,0.0,40094.0,221133831.0
3317,尼克森,上櫃,0.0,0.0,0.0,603027.0,90000000.0
3322,建舜電,上櫃,0.0,0.0,0.0,-77939.0,137582157.0
3323,加百裕,上櫃,0.0,0.0,0.0,113671.0,99593385.0
3324,雙鴻,上櫃,0.0,0.0,0.0,65471.0,93076837.0
3325,旭品,上櫃,0.0,0.0,0.0,-11745.0,110168610.0
3332,幸康,上櫃,0.0,0.0,0.0,12000.0,48104246.0
3339,泰谷,上櫃,0.0,0.0,0.0,-25308.0,66568300.0
3349,寶德,上櫃,0.0,0.0,0.0,33000.0,47821648.0
3354,律勝,上櫃,0.0,0.0,0.0,201150.0,70112426.0
3357,臺慶科,上櫃,0.0,0.0,0.0,-42135.0,116385739.0
3360,尚立,上櫃,0.0,0.0,0.0,79835.0,76402244.0
3362,先進光,上櫃,0.0,0.0,0.0,37564.0,147445475.0
3363,上詮,上櫃,0.0,0.0,0.0,-284763.0,113640567.0
3372,典範,上櫃,0.0,0.0,0.0,-633290.0,235324000.0
3373,熱映,上櫃,0.0,0.0,0.0,-3910.0,47618782.0
3374,精材,上櫃,0.0,0.0,0.0,2514052.0,271364316.0
3379,彬台,上櫃,0.0,0.0,0.0,-10000.0,38041748.0
3388,崇越電,上櫃,0.0,0.0,0.0,-64304.0,81599825.0
3390,旭軟,上櫃,0.0,0.0,0.0,-345986.0,79329659.0
3402,漢科,上櫃,0.0,0.0,0.0,-206826.0,73047692.0
3430,奇鈦科,上櫃,0.0,0.0,0.0,-64129.0,33716085.0
3434,哲固,上櫃,0.0,0.0,0.0,-1327.0,35754740.0
3438,類比科,上櫃,0.0,0.0,0.0,-155016.0,47165815.0
3441,聯一光,上櫃,0.0,0.0,0.0,285619.0,40039920.0
3444,利機,上櫃,0.0,0.0,0.0,63678.0,44996877.0
3455,由田,上櫃,0.0,0.0,0.0,895206.0,59850750.0
3465,進泰電子,上櫃,0.0,0.0,0.0,3000.0,42329862.0
3466,德晉,上櫃,0.0,0.0,0.0,-192367.0,77892073.0
3467,台灣精材,上櫃,0.0,0.0,0.0,35140.0,31556569.0
3479,安勤,上櫃,0.0,0.0,0.0,471.0,72630164.0
3483,力致,上櫃,0.0,0.0,0.0,77247.0,99049257.0
3484,崧騰,上櫃,0.0,0.0,0.0,-16356.0,78828189.0
3485,敘豐,上櫃,0.0,0.0,0.0,143984.0,38500850.0
3489,森寶,上櫃,0.0,0.0,0.0,-8000.0,90452155.0
3490,單井,上櫃,0.0,0.0,0.0,327238.0,55006435.0
3491,昇達科,上櫃,0.0,0.0,0.0,297720.0,68805125.0
3492,長盛,上櫃,0.0,0.0,0.0,15993.0,35531600.0
3498,陽程,上櫃,0.0,0.0,0.0,-315302.0,61273008.0
3499,環天科,上櫃,0.0,0.0,0.0,18923.0,54970596.0
3508,位速,上櫃,0.0,0.0,0.0,-6264.0,108866737.0
3511,矽瑪,上櫃,0.0,0.0,0.0,43000.0,79972945.0
3512,皇龍,上櫃,0.0,0.0,0.0,27000.0,113072372.0
3516,亞帝歐,上櫃,0.0,0.0,0.0,4000.0,59560874.0
3520,華盈,上櫃,0.0,0.0,0.0,49000.0,83846778.0
3521,台鋼建設,上櫃,0.0,0.0,0.0,21842.0,185765552.0
3522,御嵿,上櫃,0.0,0.0,0.0,-32138.0,104096209.0
3523,迎輝,上櫃,0.0,0.0,0.0,9000.0,64257868.0
3526,凡甲,上櫃,0.0,0.0,0.0,245721.0,66839477.0
3527,聚積,上櫃,0.0,0.0,0.0,8000.0,44445125.0
3529,力旺,上櫃,0.0,0.0,0.0,-198629.0,74686492.0
3531,先益,上櫃,0.0,0.0,0.0,-5449.0,61175011.0
3537,堡達,上櫃,0.0,0.0,0.0,-78801.0,56242979.0
3540,曜越,上櫃,0.0,0.0,0.0,41000.0,84458548.0
3541,西柏,上櫃,0.0,0.0,0.0,0.0,56349142.0
3546,宇峻,上櫃,0.0,0.0,0.0,115955.0,61348690.0
3548,兆利,上櫃,0.0,0.0,0.0,-24385.0,68244175.0
3551,世禾,上櫃,0.0,0.0,0.0,1664190.0,62274890.0
3552,同致,上櫃,0.0,0.0,0.0,16319.0,97918334.0
3555,博士旺,上櫃,0.0,0.0,0.0,-11582.0,39998797.0
3556,禾瑞亞,上櫃,0.0,0.0,0.0,44324.0,63702844.0
3558,神準,上櫃,0.0,0.0,0.0,213262.0,59060881.0
3564,其陽,上櫃,0.0,0.0,0.0,19964.0,59123100.0
3567,逸昌,上櫃,0.0,0.0,0.0,83024.0,33954000.0
3570,大塚,上櫃,0.0,0.0,0.0,11000.0,17097000.0
3577,泓格,上櫃,0.0,0.0,0.0,178599.0,63965653.0
3580,友威科,上櫃,0.0,0.0,0.0,227876.0,39470657.0
3581,博磊,上櫃,0.0,0.0,0.0,-48450.0,51006000.0
3587,閎康,上櫃,0.0,0.0,0.0,76197.0,69369988.0
3594,磐儀,上櫃,0.0,0.0,0.0,-117369.0,95948358.0
3597,映興,上櫃,0.0,0.0,0.0,3000.0,39236440.0
3609,三一東林,上櫃,0.0,0.0,0.0,-122161.0,38419387.0
3611,鼎翰,上櫃,0.0,0.0,0.0,11018.0,47554634.0
3615,安可,上櫃,0.0,0.0,0.0,-115653.0,68466976.0
3623,富晶通,上櫃,0.0,0.0,0.0,-1000.0,29185946.0
3624,光頡,上櫃,0.0,0.0,0.0,305067.0,117340842.0
3625,西勝,上櫃,0.0,0.0,0.0,93992.0,58100000.0
3628,盈正,上櫃,0.0,0.0,0.0,43478.0,45000000.0
3630,新鉅科,上櫃,0.0,0.0,0.0,147030.0,204191848.0
3631,晟楠,上櫃,0.0,0.0,0.0,-19000.0,81820909.0
3632,研勤,上櫃,0.0,0.0,0.0,1000.0,22000000.0
3646,艾恩特,上櫃,0.0,0.0,0.0,0.0,39297371.0
3663,鑫科,上櫃,0.0,0.0,0.0,381083.0,108494074.0
3666,光耀,上櫃,0.0,0.0,0.0,-13000.0,138949850.0
3675,德微,上櫃,0.0,0.0,0.0,-130488.0,53057923.0
3680,家登,上櫃,0.0,0.0,0.0,-170183.0,96211690.0
3684,榮昌,上櫃,0.0,0.0,0.0,22001.0,30304737.0
3685,元創精密,上櫃,0.0,0.0,0.0,10000.0,79574000.0
3687,歐買尬,上櫃,0.0,0.0,0.0,138511.0,30124059.0
3689,湧德,上櫃,0.0,0.0,0.0,2739084.0,89390991.0
3691,碩禾,上櫃,0.0,0.0,0.0,-278249.0,91883420.0
3693,營邦,上櫃,0.0,0.0,0.0,73693.0,42990694.0
3707,漢磊,上櫃,0.0,0.0,0.0,-8065525.0,400484353.0
3709,鑫聯大投控,上櫃,0.0,0.0,0.0,495752.0,145569450.0
3710,連展投控,上櫃,0.0,0.0,0.0,22000.0,177086787.0
3713,新晶投控,上櫃,0.0,0.0,0.0,-279000.0,88099380.0
4102,永日,上櫃,0.0,0.0,0.0,-5000.0,42373443.0
4105,東洋,上櫃,0.0,0.0,0.0,-155325.0,248649959.0
4107,邦特,上櫃,0.0,0.0,0.0,28926.0,69298336.0
4109,加捷生醫,上櫃,0.0,0.0,0.0,15999.0,118736681.0
4111,濟生,上櫃,0.0,0.0,0.0,-4000.0,59832135.0
4113,聯上,上櫃,0.0,0.0,0.0,-66000.0,231138137.0
4114,健喬,上櫃,0.0,0.0,0.0,-471526.0,550429688.0
4116,明基醫,上櫃,0.0,0.0,0.0,-11938.0,44566000.0
4120,友華,上櫃,0.0,0.0,0.0,1166.0,86747119.0
4121,優盛,上櫃,0.0,0.0,0.0,-51000.0,83111045.0
4123,晟德,上櫃,0.0,0.0,0.0,371808.0,807456341.0
4126,太醫,上櫃,0.0,0.0,0.0,5000.0,72600000.0
4127,天良,上櫃,0.0,0.0,0.0,18000.0,45760000.0
4128,中天,上櫃,0.0,0.0,0.0,21982.0,588170597.0
4129,聯合,上櫃,0.0,0.0,0.0,-218665.0,96437650.0
4130,健亞,上櫃,0.0,0.0,0.0,15064.0,0.0
4131,浩泰,上櫃,0.0,0.0,0.0,-908.0,39857000.0
4138,曜亞,上櫃,0.0,0.0,0.0,-3000.0,39930000.0
4139,馬光-KY,上櫃,0.0,0.0,0.0,-6268.0,45009911.0
4147,中裕,上櫃,0.0,0.0,0.0,-477341.0,273202425.0
4153,鈺緯,上櫃,0.0,0.0,0.0,1000.0,58668197.0
4154,樂威科-KY,上櫃,0.0,0.0,0.0,5000.0,38390000.0
4157,太景*-KY,上櫃,0.0,0.0,0.0,-6827.0,711833575.0
4160,訊聯基因,上櫃,0.0,0.0,0.0,-15000.0,26690334.0
4161,聿新科,上櫃,0.0,0.0,0.0,-9088.0,59798204.0
4162,智擎,上櫃,0.0,0.0,0.0,-115677.0,143677640.0
4163,鐿鈦,上櫃,0.0,0.0,0.0,-13991.0,50675143.0
4166,友霖,上櫃,0.0,0.0,0.0,-13000.0,243035089.0
4167,松瑞藥,上櫃,0.0,0.0,0.0,453023.0,331554307.0
4168,醣聯,上櫃,0.0,0.0,0.0,-95950.0,112521318.0
4171,瑞基,上櫃,0.0,0.0,0.0,10373.0,58057469.0
4173,久裕,上櫃,0.0,0.0,0.0,-26000.0,74574355.0
4174,浩鼎,上櫃,0.0,0.0,0.0,171628.0,131579687.0
4175,杏一,上櫃,0.0,0.0,0.0,-6000.0,42323307.0
4198,欣大健康,上櫃,0.0,0.0,0.0,1000.0,24108000.0
4205,中華食,上櫃,0.0,0.0,0.0,-1000.0,97649228.0
4207,環泰,上櫃,0.0,0.0,0.0,37017.0,188611108.0
4303,信立,上櫃,0.0,0.0,0.0,72815.0,132447444.0
4304,勝昱,上櫃,0.0,0.0,0.0,14000.0,61038065.0
4401,東隆興,上櫃,0.0,0.0,0.0,2981.0,122692012.0
4402,郡都開發,上櫃,0.0,0.0,0.0,9995.0,67991830.0
4413,飛寶企業,上櫃,0.0,0.0,0.0,-1000.0,31314689.0
4416,三圓,上櫃,0.0,0.0,0.0,45000.0,73586213.0
4417,金洲,上櫃,0.0,0.0,0.0,-64000.0,83971399.0
4420,光明,上櫃,0.0,0.0,0.0,6613.0,40455000.0
4430,耀億,上櫃,0.0,0.0,0.0,-1000.0,56273609.0
4432,銘旺實,上櫃,0.0,0.0,0.0,4000.0,50589000.0
4433,興采,上櫃,0.0,0.0,0.0,-1000.0,61299774.0
4442,竣邦-KY,上櫃,0.0,0.0,0.0,-29090.0,32883649.0
4502,健信,上櫃,0.0,0.0,0.0,12000.0,57469686.0
4503,金雨,上櫃,0.0,0.0,0.0,-15986.0,78313326.0
4506,崇友,上櫃,0.0,0.0,0.0,-25031.0,177012000.0
4510,高鋒,上櫃,0.0,0.0,0.0,-95857.0,108977724.0
4513,福裕,上櫃,0.0,0.0,0.0,199000.0,143761921.0
4523,永彰,上櫃,0.0,0.0,0.0,69000.0,64949000.0
4527,方土霖,上櫃,0.0,0.0,0.0,-2000.0,68537133.0
4528,江興鍛,上櫃,0.0,0.0,0.0,100.0,84165695.0
4529,淳紳,上櫃,0.0,0.0,0.0,-396.0,84549096.0
4530,宏易,上櫃,0.0,0.0,0.0,-2934.0,35794959.0
4533,協易機,上櫃,0.0,0.0,0.0,59797.0,178434110.0
4534,慶騰,上櫃,0.0,0.0,0.0,21663.0,86788948.0
4535,至興,上櫃,0.0,0.0,0.0,-4000.0,75661740.0
4538,大詠城,上櫃,0.0,0.0,0.0,-4993.0,59469604.0
4541,晟田,上櫃,0.0,0.0,0.0,-47585.0,67647068.0
4542,科嶠,上櫃,0.0,0.0,0.0,3268.0,35254258.0
4543,萬在,上櫃,0.0,0.0,0.0,116534.0,62760915.0
4549,桓達,上櫃,0.0,0.0,0.0,177583.0,57002445.0
4550,長佳,上櫃,0.0,0.0,0.0,3000.0,37838783.0
4554,橙的,上櫃,0.0,0.0,0.0,4011.0,30276584.0
4556,旭然,上櫃,0.0,0.0,0.0,-4001.0,42302840.0
4558,寶緯,上櫃,0.0,0.0,0.0,4000.0,50000000.0
4561,健椿,上櫃,0.0,0.0,0.0,-1908.0,58521619.0
4563,百德,上櫃,0.0,0.0,0.0,7042.0,54950000.0
4577,達航科技,上櫃,0.0,0.0,0.0,-46665.0,49137998.0
4580,捷流閥業,上櫃,0.0,0.0,0.0,21000.0,46803109.0
4702,中美實,上櫃,0.0,0.0,0.0,20024.0,72333200.0
4706,大恭,上櫃,0.0,0.0,0.0,2003.0,79030093.0
4707,磐亞,上櫃,0.0,0.0,0.0,67084.0,413808151.0
4711,永純,上櫃,0.0,0.0,0.0,-83000.0,61056000.0
4714,永捷,上櫃,0.0,0.0,0.0,-233918.0,221838188.0
4716,大立,上櫃,0.0,0.0,0.0,-43000.0,94427191.0
4721,美琪瑪,上櫃,0.0,0.0,0.0,-42217.0,74986304.0
4726,永昕,上櫃,0.0,0.0,0.0,60747.0,207041800.0
4728,雙美,上櫃,0.0,0.0,0.0,1112.0,54463000.0
4729,熒茂,上櫃,0.0,0.0,0.0,127995.0,79226741.0
4735,豪展,上櫃,0.0,0.0,0.0,1000.0,41568758.0
4741,泓瀚,上櫃,0.0,0.0,0.0,43000.0,34812079.0
4743,合一,上櫃,0.0,0.0,0.0,-1170630.0,480533486.0
4744,皇將,上櫃,0.0,0.0,0.0,72000.0,56948450.0
4745,合富-KY,上櫃,0.0,0.0,0.0,43000.0,66220547.0
4747,強生,上櫃,0.0,0.0,0.0,3000.0,90922064.0
4749,新應材,上櫃,0.0,0.0,0.0,-320003.0,94732865.0
4754,國碳科,上櫃,0.0,0.0,0.0,1000.0,30283215.0
4760,勤凱,上櫃,0.0,0.0,0.0,-160756.0,32778289.0
4767,誠泰科技,上櫃,0.0,0.0,0.0,2000.0,31415000.0
4768,晶呈科技,上櫃,0.0,0.0,0.0,105776.0,48200288.0
4772,台特化,上櫃,0.0,0.0,0.0,-85304.0,147681552.0
4806,桂田文創,上櫃,0.0,0.0,0.0,181.0,69924107.0
4903,聯光通,上櫃,0.0,0.0,0.0,-514906.0,105343714.0
4905,台聯電,上櫃,0.0,0.0,0.0,0.0,29260044.0
4907,富宇,上櫃,0.0,0.0,0.0,9000.0,118145778.0
4908,前鼎,上櫃,0.0,0.0,0.0,-561755.0,78216907.0
4909,新復興,上櫃,0.0,0.0,0.0,-146166.0,93356864.0
4911,德英,上櫃,0.0,0.0,0.0,-4000.0,68817133.0
4923,力士,上櫃,0.0,0.0,0.0,7998.0,36940360.0
4924,欣厚-KY,上櫃,0.0,0.0,0.0,18000.0,37164409.0
4931,新盛力,上櫃,0.0,0.0,0.0,-338033.0,65565761.0
4933,友輝,上櫃,0.0,0.0,0.0,304173.0,82662675.0
4939,亞電,上櫃,0.0,0.0,0.0,2012372.0,98200868.0
4946,辣椒,上櫃,0.0,0.0,0.0,984.0,8852816.0
4950,金耘國際,上櫃,0.0,0.0,0.0,-10000.0,57729107.0
4951,精拓科,上櫃,0.0,0.0,0.0,171360.0,34148713.0
4953,緯軟,上櫃,0.0,0.0,0.0,113032.0,74326386.0
4966,譜瑞-KY,上櫃,0.0,0.0,0.0,207908.0,78957788.0
4971,IET-KY,上櫃,0.0,0.0,0.0,42127.0,47185743.0
4972,湯石照明,上櫃,0.0,0.0,0.0,-2000.0,56888587.0
4973,廣穎,上櫃,0.0,0.0,0.0,1707675.0,65292843.0
4974,亞泰,上櫃,0.0,0.0,0.0,254000.0,72500104.0
4979,華星光,上櫃,0.0,0.0,0.0,-1642927.0,142802027.0
4991,環宇-KY,上櫃,0.0,0.0,0.0,-1015278.0,121363372.0
4995,晶達,上櫃,0.0,0.0,0.0,3000.0,42592036.0
5009,榮剛,上櫃,0.0,0.0,0.0,1299392.0,602471197.0
5011,久陽,上櫃,0.0,0.0,0.0,44185.0,100673922.0
5013,強新,上櫃,0.0,0.0,0.0,6000.0,133416000.0
5014,建錩,上櫃,0.0,0.0,0.0,43207.0,183265054.0
5015,華祺,上櫃,0.0,0.0,0.0,3000.0,60639189.0
5016,松和,上櫃,0.0,0.0,0.0,30000.0,49622076.0
5201,凱衛,上櫃,0.0,0.0,0.0,-32990.0,38674600.0
5202,力新,上櫃,0.0,0.0,0.0,192256.0,89094000.0
5206,坤悅,上櫃,0.0,0.0,0.0,-29000.0,180093375.0
5209,新鼎,上櫃,0.0,0.0,0.0,12000.0,28567224.0
5210,寶碩,上櫃,0.0,0.0,0.0,220060.0,82177779.0
5211,蒙恬,上櫃,0.0,0.0,0.0,8000.0,32024727.0
5212,凌網,上櫃,0.0,0.0,0.0,-2000.0,34633000.0
5213,亞昕,上櫃,0.0,0.0,0.0,53000.0,721334326.0
5220,萬達光電,上櫃,0.0,0.0,0.0,6000.0,39667000.0
5223,安力-KY,上櫃,0.0,0.0,0.0,-9041.0,44549781.0
5227,立凱-KY,上櫃,0.0,0.0,0.0,-32918.0,96000000.0
5228,鈺鎧,上櫃,0.0,0.0,0.0,24092.0,38056253.0
5230,雷笛克光學,上櫃,0.0,0.0,0.0,18994.0,56303831.0
5236,凌陽創新,上櫃,0.0,0.0,0.0,138106.0,0.0
5245,智晶,上櫃,0.0,0.0,0.0,49163.0,45127141.0
5251,天鉞電,上櫃,0.0,0.0,0.0,38637.0,33733377.0
5263,智崴,上櫃,0.0,0.0,0.0,4044.0,78936891.0
5272,笙科,上櫃,0.0,0.0,0.0,-54883.0,55276118.0
5274,信驊,上櫃,0.0,0.0,0.0,1429.0,41582953.0
5278,尚凡*,上櫃,0.0,0.0,0.0,-31434.0,300000000.0
5287,數字,上櫃,0.0,0.0,0.0,-57000.0,60310050.0
5289,宜鼎,上櫃,0.0,0.0,0.0,518754.0,98289931.0
5291,邑昇,上櫃,0.0,0.0,0.0,-144416.0,41890606.0
5299,杰力,上櫃,0.0,0.0,0.0,-76925.0,50888981.0
5302,太欣,上櫃,0.0,0.0,0.0,290855.0,159888349.0
5309,系統電,上櫃,0.0,0.0,0.0,-568446.0,230967451.0
5312,寶島科,上櫃,0.0,0.0,0.0,29000.0,60059898.0
5314,世紀*,上櫃,0.0,0.0,0.0,-13737.0,292000000.0
5315,光聯,上櫃,0.0,0.0,0.0,34836.0,106351832.0
5321,美而快,上櫃,0.0,0.0,0.0,9000.0,59543149.0
5324,士開,上櫃,0.0,0.0,0.0,-24000.0,226379090.0
5328,華容,上櫃,0.0,0.0,0.0,400988.0,172710724.0
5340,建榮,上櫃,0.0,0.0,0.0,-74842.0,194893964.0
5344,立衛,上櫃,0.0,0.0,0.0,-1000.0,79447460.0
5345,馥鴻,上櫃,0.0,0.0,0.0,11363.0,37795000.0
5347,世界,上櫃,0.0,0.0,0.0,-2601622.0,1878502192.0
5351,鈺創,上櫃,0.0,0.0,0.0,4775432.0,328636781.0
5353,台林,上櫃,0.0,0.0,0.0,30000.0,76500000.0
5355,佳總,上櫃,0.0,0.0,0.0,8999.0,77500000.0
5356,協益,上櫃,0.0,0.0,0.0,3000.0,103040000.0
5364,力麗店,上櫃,0.0,0.0,0.0,37000.0,63849940.0
5371,中光電,上櫃,0.0,0.0,0.0,453157.0,0.0
5381,光譜,上櫃,0.0,0.0,0.0,-104000.0,207690562.0
5386,青雲,上櫃,0.0,0.0,0.0,12214.0,54121322.0
5392,能率,上櫃,0.0,0.0,0.0,-273718.0,180093388.0
5398,慕康生醫,上櫃,0.0,0.0,0.0,3000.0,49465460.0
5403,中菲,上櫃,0.0,0.0,0.0,51000.0,78120722.0
5410,國眾,上櫃,0.0,0.0,0.0,370051.0,93368623.0
5425,台半,上櫃,0.0,0.0,0.0,7696446.0,263485486.0
5426,振發,上櫃,0.0,0.0,0.0,118685.0,143800000.0
5432,新門,上櫃,0.0,0.0,0.0,-13977.0,20687804.0
5438,東友,上櫃,0.0,0.0,0.0,-4517.0,112536565.0
5439,高技,上櫃,0.0,0.0,0.0,-518717.0,92975752.0
5443,均豪,上櫃,0.0,0.0,0.0,-282092.0,164746644.0
5450,南良,上櫃,0.0,0.0,0.0,1000.0,122403239.0
5452,佶優,上櫃,0.0,0.0,0.0,-146459.0,148763669.0
5455,昇益,上櫃,0.0,0.0,0.0,-2000.0,65501813.0
5457,宣德,上櫃,0.0,0.0,0.0,-210842.0,196237000.0
5460,同協,上櫃,0.0,0.0,0.0,-9331.0,58778130.0
5464,霖宏,上櫃,0.0,0.0,0.0,432013.0,71071490.0
5465,富驊,上櫃,0.0,0.0,0.0,-112000.0,147682629.0
5468,凱鈺,上櫃,0.0,0.0,0.0,1000.0,58922909.0
5474,聰泰,上櫃,0.0,0.0,0.0,6306.0,39756944.0
5475,德宏,上櫃,0.0,0.0,0.0,128471.0,127127017.0
5478,智冠,上櫃,0.0,0.0,0.0,6734.0,156074332.0
5481,新華,上櫃,0.0,0.0,0.0,-33000.0,71402891.0
5483,中美晶,上櫃,0.0,0.0,0.0,5717364.0,641221651.0
5487,通泰,上櫃,0.0,0.0,0.0,2000.0,24222516.0
5488,松普,上櫃,0.0,0.0,0.0,62000.0,91586124.0
5489,彩富,上櫃,0.0,0.0,0.0,-13000.0,102706441.0
5490,同亨,上櫃,0.0,0.0,0.0,109026.0,96152201.0
5493,三聯,上櫃,0.0,0.0,0.0,12124.0,43689255.0
5498,凱崴,上櫃,0.0,0.0,0.0,-18311.0,193548545.0
5508,永信建,上櫃,0.0,0.0,0.0,-244282.0,217428133.0
5511,德昌,上櫃,0.0,0.0,0.0,-29316.0,136000000.0
5512,力麒,上櫃,0.0,0.0,0.0,51000.0,766312494.0
5514,三豐,上櫃,0.0,0.0,0.0,6000.0,236118280.0
5516,雙喜,上櫃,0.0,0.0,0.0,-2000.0,51545223.0
5520,力泰,上櫃,0.0,0.0,0.0,-1000.0,59975245.0
5523,豐謙,上櫃,0.0,0.0,0.0,1000.0,155001464.0
5529,鉅陞,上櫃,0.0,0.0,0.0,123000.0,105769350.0
5530,龍巖,上櫃,0.0,0.0,0.0,-54000.0,420084199.0
5536,聖暉*,上櫃,0.0,0.0,0.0,325220.0,124080930.0
5543,桓鼎-KY,上櫃,0.0,0.0,0.0,-1000.0,46703593.0
5548,安倉,上櫃,0.0,0.0,0.0,-4000.0,63723065.0
5601,台聯櫃,上櫃,0.0,0.0,0.0,-3000.0,64800000.0
5603,陸海,上櫃,0.0,0.0,0.0,5071.0,104876607.0
5604,中連,上櫃,0.0,0.0,0.0,-5000.0,108782968.0
5609,中菲行,上櫃,0.0,0.0,0.0,40315.0,142884000.0
5704,老爺知,上櫃,0.0,0.0,0.0,-1000.0,58861658.0
5864,致和證,上櫃,0.0,0.0,0.0,3238960.0,504490084.0
5902,德記,上櫃,0.0,0.0,0.0,18000.0,94500000.0
5903,全家,上櫃,0.0,0.0,0.0,-19990.0,223220000.0
5904,寶雅,上櫃,0.0,0.0,0.0,55916.0,1064438260.0
5905,南仁湖,上櫃,0.0,0.0,0.0,30678.0,281623235.0
6015,宏遠證,上櫃,0.0,0.0,0.0,-353000.0,403614082.0
6016,康和證,上櫃,0.0,0.0,0.0,89715.0,772419946.0
6020,大展證,上櫃,0.0,0.0,0.0,-7000.0,252353154.0
6021,美好證,上櫃,0.0,0.0,0.0,64028.0,312005974.0
6023,元大期,上櫃,0.0,0.0,0.0,59000.0,447972732.0
6026,福邦證,上櫃,0.0,0.0,0.0,702500.0,396161841.0
6101,寬魚國際,上櫃,0.0,0.0,0.0,-26000.0,116601850.0
6103,合邦,上櫃,0.0,0.0,0.0,81.0,13604891.0
6104,創惟,上櫃,0.0,0.0,0.0,-240243.0,91127107.0
6109,亞元,上櫃,0.0,0.0,0.0,-18436.0,87825414.0
6111,光聚晶電,上櫃,0.0,0.0,0.0,-24122.0,108511051.0
6113,亞矽,上櫃,0.0,0.0,0.0,76000.0,52549455.0
6114,久威,上櫃,0.0,0.0,0.0,-3000.0,43911937.0
6118,建達,上櫃,0.0,0.0,0.0,-114000.0,90889573.0
6121,新普,上櫃,0.0,0.0,0.0,291662.0,184970519.0
6122,擎邦,上櫃,0.0,0.0,0.0,-15367.0,78091632.0
6123,上奇,上櫃,0.0,0.0,0.0,-18000.0,62089430.0
6124,業強,上櫃,0.0,0.0,0.0,-16000.0,182479945.0
6125,廣運,上櫃,0.0,0.0,0.0,-270268.0,259011150.0
6126,信音,上櫃,0.0,0.0,0.0,1006342.0,130050754.0
6127,九豪,上櫃,0.0,0.0,0.0,7652478.0,108079751.0
6129,普誠,上櫃,0.0,0.0,0.0,-94515.0,160574120.0
6130,上亞科技,上櫃,0.0,0.0,0.0,-26682.0,49300000.0
6134,萬旭,上櫃,0.0,0.0,0.0,556368.0,81882117.0
6138,茂達,上櫃,0.0,0.0,0.0,-24683.0,75633500.0
6140,訊達,上櫃,0.0,0.0,0.0,2271.0,54897760.0
6143,振曜,上櫃,0.0,0.0,0.0,768388.0,86058897.0
6146,耕興,上櫃,0.0,0.0,0.0,-41414.0,101867199.0
6147,頎邦,上櫃,0.0,0.0,0.0,1950148.0,744577539.0
6148,驊宏資,上櫃,0.0,0.0,0.0,76520.0,46603757.0
6150,撼訊,上櫃,0.0,0.0,0.0,188600.0,48345985.0
6151,晉倫,上櫃,0.0,0.0,0.0,24840.0,55257300.0
6154,順發,上櫃,0.0,0.0,0.0,1000.0,80080000.0
6156,松上,上櫃,0.0,0.0,0.0,32310.0,107875010.0
6158,禾昌,上櫃,0.0,0.0,0.0,-8000.0,55028788.0
6160,欣技,上櫃,0.0,0.0,0.0,11589.0,68489120.0
6161,捷波,上櫃,0.0,0.0,0.0,-305241.0,56237477.0
6163,華電網,上櫃,0.0,0.0,0.0,-581801.0,148838747.0
6167,久正,上櫃,0.0,0.0,0.0,-157023.0,143080000.0
6169,昱泉,上櫃,0.0,0.0,0.0,-9.0,23394960.0
6170,統振,上櫃,0.0,0.0,0.0,82000.0,97260038.0
6171,大城地產,上櫃,0.0,0.0,0.0,-4000.0,100000000.0
6173,信昌電,上櫃,0.0,0.0,0.0,49608.0,160928000.0
6174,安碁,上櫃,0.0,0.0,0.0,934.0,50000000.0
6175,立敦,上櫃,0.0,0.0,0.0,3388952.0,150121812.0
6179,亞通,上櫃,0.0,0.0,0.0,196232.0,177324650.0
6180,橘子,上櫃,0.0,0.0,0.0,-266427.0,175493573.0
6182,合晶,上櫃,0.0,0.0,0.0,-2926678.0,625305662.0
6185,幃翔,上櫃,0.0,0.0,0.0,21834.0,149867531.0
6186,新潤,上櫃,0.0,0.0,0.0,65580.0,194907598.0
6187,萬潤,上櫃,0.0,0.0,0.0,-1186826.0,98262739.0
6188,廣明,上櫃,0.0,0.0,0.0,-628615.0,278358910.0
6190,萬泰科,上櫃,0.0,0.0,0.0,-1486963.0,186522441.0
6194,育富,上櫃,0.0,0.0,0.0,17001.0,48000000.0
6195,詩肯,上櫃,0.0,0.0,0.0,3000.0,50192942.0
6199,天品,上櫃,0.0,0.0,0.0,-21193.0,61760018.0
6203,海韻電,上櫃,0.0,0.0,0.0,59999.0,82401370.0
6204,艾華,上櫃,0.0,0.0,0.0,-143106.0,23102080.0
6207,雷科,上櫃,0.0,0.0,0.0,-1759268.0,93066484.0
6208,日揚,上櫃,0.0,0.0,0.0,33038.0,94462343.0
6210,慶生,上櫃,0.0,0.0,0.0,6000.0,35048000.0
6212,理銘,上櫃,0.0,0.0,0.0,-2000.0,102000000.0
6217,中探針,上櫃,0.0,0.0,0.0,-10855.0,117210018.0
6218,豪勉,上櫃,0.0,0.0,0.0,-307812.0,64262000.0
6219,富旺,上櫃,0.0,0.0,0.0,11000.0,124967090.0
6220,岳豐,上櫃,0.0,0.0,0.0,-488022.0,146462640.0
6221,晉泰,上櫃,0.0,0.0,0.0,66000.0,168601206.0
6223,旺矽,上櫃,0.0,0.0,0.0,-160245.0,97981309.0
6227,茂綸,上櫃,0.0,0.0,0.0,766779.0,76111786.0
6229,研通,上櫃,0.0,0.0,0.0,26000.0,40360700.0
6231,系微,上櫃,0.0,0.0,0.0,103905.0,45652186.0
6233,旺玖,上櫃,0.0,0.0,0.0,-27961.0,80971896.0
6234,高僑,上櫃,0.0,0.0,0.0,-374211.0,100386398.0
6237,驊訊,上櫃,0.0,0.0,0.0,197841.0,79645371.0
6240,松崗,上櫃,0.0,0.0,0.0,12000.0,22867370.0
6241,鑫永洋,上櫃,0.0,0.0,0.0,6000.0,45533670.0
6244,茂迪,上櫃,0.0,0.0,0.0,4235085.0,387041875.0
6245,立端,上櫃,0.0,0.0,0.0,-71495.0,146608303.0
6246,臺龍,上櫃,0.0,0.0,0.0,4000.0,37851415.0
6248,沛波,上櫃,0.0,0.0,0.0,19993.0,99956149.0
6259,百徽,上櫃,0.0,0.0,0.0,100756.0,28056146.0
6261,久元,上櫃,0.0,0.0,0.0,975371.0,128497989.0
6263,普萊德,上櫃,0.0,0.0,0.0,-36000.0,62500964.0
6265,方土昶,上櫃,0.0,0.0,0.0,327954.0,118172151.0
6266,泰詠,上櫃,0.0,0.0,0.0,122198.0,153871641.0
6270,倍微,上櫃,0.0,0.0,0.0,73500.0,72145759.0
6274,台燿,上櫃,0.0,0.0,0.0,236344.0,299460093.0
6275,元山,上櫃,0.0,0.0,0.0,58175.0,80344567.0
6276,安鈦克,上櫃,0.0,0.0,0.0,21000.0,22043000.0
6279,胡連,上櫃,0.0,0.0,0.0,-22731.0,119015736.0
6284,佳邦,上櫃,0.0,0.0,0.0,730896.0,148980341.0
6290,良維,上櫃,0.0,0.0,0.0,1768042.0,169652410.0
6291,沛亨,上櫃,0.0,0.0,0.0,710959.0,42000000.0
6292,迅德,上櫃,0.0,0.0,0.0,-102384.0,46600712.0
6294,智基,上櫃,0.0,0.0,0.0,3271.0,26047106.0
6411,晶焱,上櫃,0.0,0.0,0.0,1304404.0,99508031.0
6417,韋僑,上櫃,0.0,0.0,0.0,-1938.0,42274000.0
6418,詠昇,上櫃,0.0,0.0,0.0,-9000.0,34522000.0
6419,京晨科,上櫃,0.0,0.0,0.0,51586.0,13159170.0
6423,億而得,上櫃,0.0,0.0,0.0,-19000.0,31016000.0
6425,易發,上櫃,0.0,0.0,0.0,-215838.0,51382317.0
6432,今展科,上櫃,0.0,0.0,0.0,-182566.0,38784067.0
6435,大中,上櫃,0.0,0.0,0.0,-195494.0,37461300.0
6441,廣錠,上櫃,0.0,0.0,0.0,-28960.0,53318429.0
6461,益得,上櫃,0.0,0.0,0.0,1008.0,110324527.0
6462,神盾,上櫃,0.0,0.0,0.0,-90736.0,91250754.0
6465,威潤,上櫃,0.0,0.0,0.0,-59000.0,59073685.0
6469,大樹,上櫃,0.0,0.0,0.0,224363.0,159085152.0
6470,宇智,上櫃,0.0,0.0,0.0,41039.0,37694100.0
6474,華豫寧,上櫃,0.0,0.0,0.0,202000.0,52526199.0
6482,弘煜科,上櫃,0.0,0.0,0.0,3000.0,28634463.0
6485,點序,上櫃,0.0,0.0,0.0,-61886.0,47366493.0
6486,互動,上櫃,0.0,0.0,0.0,6000.0,50893286.0
6488,環球晶,上櫃,0.0,0.0,0.0,226965.0,478113725.0
6492,生華科,上櫃,0.0,0.0,0.0,58913.0,114903620.0
6494,九齊,上櫃,0.0,0.0,0.0,-63000.0,31559690.0
6496,科懋,上櫃,0.0,0.0,0.0,0.0,47290220.0
6498,久禾光,上櫃,0.0,0.0,0.0,41000.0,47475892.0
6499,益安,上櫃,0.0,0.0,0.0,-132129.0,96944893.0
6506,雙邦,上櫃,0.0,0.0,0.0,-31000.0,82360826.0
6508,惠光,上櫃,0.0,0.0,0.0,9000.0,86538864.0
6509,聚和,上櫃,0.0,0.0,0.0,522230.0,197080553.0
6510,精測,上櫃,0.0,0.0,0.0,-79433.0,32929138.0
6516,勤崴國際,上櫃,0.0,0.0,0.0,25000.0,56336935.0
6517,保勝光學,上櫃,0.0,0.0,0.0,-59154.0,30579053.0
6523,達爾膚,上櫃,0.0,0.0,0.0,4000.0,45047625.0
6527,明達醫,上櫃,0.0,0.0,0.0,2000.0,25458550.0
6530,創威,上櫃,0.0,0.0,0.0,-58438.0,33750000.0
6532,瑞耘,上櫃,0.0,0.0,0.0,80319.0,37445147.0
6535,順藥,上櫃,0.0,0.0,0.0,-7247.0,167840825.0
6538,倉和,上櫃,0.0,0.0,0.0,74999.0,37270493.0
6542,隆中,上櫃,0.0,0.0,0.0,-371.0,42000630.0
6546,正基,上櫃,0.0,0.0,0.0,293292.0,66848449.0
6547,高端疫苗,上櫃,0.0,0.0,0.0,89054.0,328943644.0
6548,長科*,上櫃,0.0,0.0,0.0,6277923.0,950464700.0
6560,欣普羅,上櫃,0.0,0.0,0.0,-12000.0,33474715.0
6561,是方,上櫃,0.0,0.0,0.0,39361.0,77958370.0
6568,宏觀,上櫃,0.0,0.0,0.0,52003.0,30796200.0
6569,醫揚,上櫃,0.0,0.0,0.0,7333.0,42820745.0
6570,維田,上櫃,0.0,0.0,0.0,-14426.0,37119170.0
6574,霈方,上櫃,0.0,0.0,0.0,35088.0,21990000.0
6576,逸達,上櫃,0.0,0.0,0.0,-24000.0,157540541.0
6577,勁豐,上櫃,0.0,0.0,0.0,2000.0,60060145.0
6578,達邦蛋白,上櫃,0.0,0.0,0.0,13000.0,71941901.0
6584,南俊國際,上櫃,0.0,0.0,0.0,-146728.0,71379810.0
6588,東典光電,上櫃,0.0,0.0,0.0,142877.0,34700825.0
6593,台灣銘板,上櫃,0.0,0.0,0.0,6.0,31856609.0
6596,寬宏藝術,上櫃,0.0,0.0,0.0,-27777.0,38000000.0
6597,立誠,上櫃,0.0,0.0,0.0,-1000.0,30042250.0
6603,富強鑫,上櫃,0.0,0.0,0.0,588110.0,167442946.0
6609,瀧澤科,上櫃,0.0,0.0,0.0,-134440.0,72456246.0
6612,奈米醫材,上櫃,0.0,0.0,0.0,2000.0,52266043.0
6613,朋億*,上櫃,0.0,0.0,0.0,-55322.0,77801485.0
6615,慧智,上櫃,0.0,0.0,0.0,1000.0,21593400.0
6616,特昇-KY,上櫃,0.0,0.0,0.0,-11000.0,35428473.0
6617,共信-KY,上櫃,0.0,0.0,0.0,-37241.0,127506100.0
6620,漢達,上櫃,0.0,0.0,0.0,-34302.0,165981900.0
6624,萬年清,上櫃,0.0,0.0,0.0,1000.0,22579482.0
6629,泰金-KY,上櫃,0.0,0.0,0.0,2913.0,38379563.0
6637,醫影,上櫃,0.0,0.0,0.0,-1000.0,26810000.0
6640,均華,上櫃,0.0,0.0,0.0,-75422.0,28911500.0
6642,富致,上櫃,0.0,0.0,0.0,358996.0,37399662.0
6643,M31,上櫃,0.0,0.0,0.0,-87919.0,42620160.0
6649,台生材,上櫃,0.0,0.0,0.0,0.0,42000000.0
6651,全宇昕,上櫃,0.0,0.0,0.0,77057.0,34601541.0
6654,天正國際,上櫃,0.0,0.0,0.0,31699.0,40962720.0
6662,樂斯科,上櫃,0.0,0.0,0.0,2000.0,25612400.0
6664,群翊,上櫃,0.0,0.0,0.0,140075.0,61151307.0
6667,信紘科,上櫃,0.0,0.0,0.0,575286.0,49278878.0
6679,鈺太,上櫃,0.0,0.0,0.0,-120599.0,54975335.0
6683,雍智科技,上櫃,0.0,0.0,0.0,25944.0,27552661.0
6684,安格,上櫃,0.0,0.0,0.0,-61146.0,44559496.0
6690,安碁資訊,上櫃,0.0,0.0,0.0,16981.0,29999720.0
6692,進能服,上櫃,0.0,0.0,0.0,-3963.0,58843890.0
6693,廣閎科,上櫃,0.0,0.0,0.0,316469.0,45720000.0
6697,東捷資訊,上櫃,0.0,0.0,0.0,0.0,27323364.0
6703,軒郁,上櫃,0.0,0.0,0.0,11000.0,36257210.0
6708,天擎,上櫃,0.0,0.0,0.0,3000.0,29008779.0
6712,長聖,上櫃,0.0,0.0,0.0,12566.0,100488861.0
6716,應廣,上櫃,0.0,0.0,0.0,59804.0,30241814.0
6720,久昌,上櫃,0.0,0.0,0.0,-19468.0,30225741.0
6725,矽科宏晟,上櫃,0.0,0.0,0.0,-23351.0,37130000.0
6727,亞泰金屬,上櫃,0.0,0.0,0.0,-762070.0,26884177.0
6728,上洋,上櫃,0.0,0.0,0.0,-3000.0,30120000.0
6730,常廣,上櫃,0.0,0.0,0.0,-7000.0,36298151.0
6732,昇佳電子,上櫃,0.0,0.0,0.0,38706.0,48912618.0
6733,博晟生醫,上櫃,0.0,0.0,0.0,74013.0,134316026.0
6735,美達科技,上櫃,0.0,0.0,0.0,110962.0,46182292.0
6739,竹陞科技,上櫃,0.0,0.0,0.0,31367.0,23392500.0
6741,91APP*-KY,上櫃,0.0,0.0,0.0,-193990.0,120577997.0
6751,智聯服務,上櫃,0.0,0.0,0.0,-6000.0,22200000.0
6752,叡揚,上櫃,0.0,0.0,0.0,-5000.0,38258471.0
6761,穩得,上櫃,0.0,0.0,0.0,73132.0,34955867.0
6762,達亞,上櫃,0.0,0.0,0.0,1000.0,36930288.0
6763,綠界科技*,上櫃,0.0,0.0,0.0,-58375.0,184039130.0
6767,台微醫,上櫃,0.0,0.0,0.0,1000.0,39183630.0
6785,昱展新藥,上櫃,0.0,0.0,0.0,-17101.0,66800000.0
6788,華景電,上櫃,0.0,0.0,0.0,77460.0,38739683.0
6791,虎門科技,上櫃,0.0,0.0,0.0,4000.0,20847000.0
6803,崑鼎,上櫃,0.0,0.0,0.0,-22000.0,72794385.0
6804,明係,上櫃,0.0,0.0,0.0,-1000.0,47500000.0
6811,宏碁資訊,上櫃,0.0,0.0,0.0,66421.0,41449000.0
6821,聯寶,上櫃,0.0,0.0,0.0,262407.0,35913193.0
6823,濾能,上櫃,0.0,0.0,0.0,13000.0,33233920.0
6829,千附精密,上櫃,0.0,0.0,0.0,55946.0,59169000.0
6840,東研信超,上櫃,0.0,0.0,0.0,-18066.0,30767284.0
6841,長佳智能,上櫃,0.0,0.0,0.0,-136978.0,95223000.0
6843,進典,上櫃,0.0,0.0,0.0,-4000.0,33304000.0
6844,諾貝兒,上櫃,0.0,0.0,0.0,1000.0,37428440.0
6846,綠茵,上櫃,0.0,0.0,0.0,1000.0,27066039.0
6855,數泓科,上櫃,0.0,0.0,0.0,1000.0,23249716.0
6859,伯特光,上櫃,0.0,0.0,0.0,73414.0,41588600.0
6865,偉康科技,上櫃,0.0,0.0,0.0,950.0,15840645.0
6870,騰雲,上櫃,0.0,0.0,0.0,28160.0,28317550.0
6872,浩宇生醫,上櫃,0.0,0.0,0.0,-2000.0,70750511.0
6874,倍力,上櫃,0.0,0.0,0.0,-11000.0,22000000.0
6875,國邑*,上櫃,0.0,0.0,0.0,-32108.0,129182804.0
6877,鏵友益,上櫃,0.0,0.0,0.0,-10004.0,47167122.0
6881,潤德,上櫃,0.0,0.0,0.0,-9000.0,15000000.0
6884,海柏特,上櫃,0.0,0.0,0.0,0.0,18390000.0
6894,衛司特,上櫃,0.0,0.0,0.0,35313.0,23800000.0
6895,宏碩系統,上櫃,0.0,0.0,0.0,-18961.0,34100000.0
6899,創為精密,上櫃,0.0,0.0,0.0,-27092.0,42398491.0
6903,巨漢,上櫃,0.0,0.0,0.0,-201392.0,66676000.0
6907,雅特力-KY,上櫃,0.0,0.0,0.0,83996.0,62562500.0
6910,德鴻,上櫃,0.0,0.0,0.0,-4000.0,30521000.0
6913,鴻呈,上櫃,0.0,0.0,0.0,64936.0,43848863.0
6922,宸曜,上櫃,0.0,0.0,0.0,30682.0,27155385.0
6925,意藍,上櫃,0.0,0.0,0.0,5000.0,20000300.0
6929,佑全,上櫃,0.0,0.0,0.0,0.0,45090000.0
6953,家碩,上櫃,0.0,0.0,0.0,-14461.0,30014600.0
6961,旅天下,上櫃,0.0,0.0,0.0,7000.0,26834000.0
6967,汎瑋材料,上櫃,0.0,0.0,0.0,-66000.0,30404477.0
6968,萬達寵物,上櫃,0.0,0.0,0.0,-6000.0,50436279.0
6971,惠民實業,上櫃,0.0,0.0,0.0,-2000.0,38668000.0
6982,大井泵浦,上櫃,0.0,0.0,0.0,-12000.0,40752381.0
6983,華洋精機,上櫃,0.0,0.0,0.0,6000.0,18020000.0
6996,力領科技,上櫃,0.0,0.0,0.0,54149.0,42090333.0
7402,邑錡,上櫃,0.0,0.0,0.0,-3762.0,35280646.0
7547,碩網,上櫃,0.0,0.0,0.0,-26000.0,33963000.0
7556,意德士,上櫃,0.0,0.0,0.0,-11061.0,29080869.0
7584,樂意,上櫃,0.0,0.0,0.0,7000.0,16462808.0
7642,昶瑞機電,上櫃,0.0,0.0,0.0,-3000.0,30194258.0
7703,銳澤,上櫃,0.0,0.0,0.0,-137000.0,34745000.0
7704,明遠精密,上櫃,0.0,0.0,0.0,-4964.0,33769804.0
7709,榮田,上櫃,0.0,0.0,0.0,33981.0,39102740.0
7712,博盛半導體,上櫃,0.0,0.0,0.0,-28252.0,32561873.0
7714,創泓科技,上櫃,0.0,0.0,0.0,14000.0,21000000.0
7715,裕山,上櫃,0.0,0.0,0.0,-10000.0,32756500.0
7717,萊德光電-KY,上櫃,0.0,0.0,0.0,-3450.0,24831518.0
7718,友鋮,上櫃,0.0,0.0,0.0,-13000.0,46356484.0
7723,築間,上櫃,0.0,0.0,0.0,2000.0,49619550.0
7728,光焱科技,上櫃,0.0,0.0,0.0,83000.0,13992621.0
7734,印能科技,上櫃,0.0,0.0,0.0,-15389.0,28000000.0
7738,東聯互動,上櫃,0.0,0.0,0.0,-8000.0,27355799.0
7744,崴寶,上櫃,0.0,0.0,0.0,52020.0,32076710.0
7751,竑騰,上櫃,0.0,0.0,0.0,6841.0,26888600.0
7753,星亞,上櫃,0.0,0.0,0.0,-3000.0,25000000.0
7767,仁大資訊,上櫃,0.0,0.0,0.0,-2000.0,30100000.0
7770,君曜,上櫃,0.0,0.0,0.0,-18000.0,30062053.0
7772,耀穎,上櫃,0.0,0.0,0.0,-38000.0,26498600.0
7777,能率亞洲,上櫃,0.0,0.0,0.0,1730923.0,186606250.0
7782,光速火箭,上櫃,0.0,0.0,0.0,-1000.0,23213000.0
7792,安葆,上櫃,0.0,0.0,0.0,-19696.0,46662000.0
7805,威聯通,上櫃,0.0,0.0,0.0,60390.0,39750122.0
7810,捷創科技,上櫃,0.0,0.0,0.0,-8453.0,20250000.0
7811,民盛,上櫃,0.0,0.0,0.0,1000.0,33377000.0
7819,精誠金融,上櫃,0.0,0.0,0.0,34050.0,25263500.0
7820,立盈,上櫃,0.0,0.0,0.0,-16000.0,37768096.0
7828,創新服務,上櫃,0.0,0.0,0.0,195189.0,40493911.0
7842,天能綠電,上櫃,0.0,0.0,0.0,1000.0,18250000.0
8024,佑華,上櫃,0.0,0.0,0.0,7000.0,45160100.0
8027,鈦昇,上櫃,0.0,0.0,0.0,146678.0,109750596.0
8032,光菱,上櫃,0.0,0.0,0.0,1000.0,51810300.0
8034,榮群,上櫃,0.0,0.0,0.0,14075.0,56586353.0
8038,長園科,上櫃,0.0,0.0,0.0,-60397.0,62278190.0
8040,九暘,上櫃,0.0,0.0,0.0,-380580.0,96413874.0
8042,金山電,上櫃,0.0,0.0,0.0,-97150.0,131479954.0
8043,蜜望實,上櫃,0.0,0.0,0.0,564273.0,79907170.0
8044,網家,上櫃,0.0,0.0,0.0,70222.0,204768065.0
8047,星雲,上櫃,0.0,0.0,0.0,-22446.0,34613011.0
8048,德勝,上櫃,0.0,0.0,0.0,-73619.0,59436924.0
8049,晶采,上櫃,0.0,0.0,0.0,100769.0,118279808.0
8050,廣積,上櫃,0.0,0.0,0.0,-571121.0,205204891.0
8054,安國,上櫃,0.0,0.0,0.0,143894.0,108732566.0
8059,凱碩,上櫃,0.0,0.0,0.0,75000.0,116466300.0
8064,東捷,上櫃,0.0,0.0,0.0,-1971014.0,184817836.0
8066,來思達,上櫃,0.0,0.0,0.0,-10000.0,36642304.0
8068,全達,上櫃,0.0,0.0,0.0,-76553.0,80765949.0
8069,元太,上櫃,0.0,0.0,0.0,-829142.0,1154678380.0
8071,能率網通,上櫃,0.0,0.0,0.0,-9250.0,60084283.0
8074,鉅橡,上櫃,0.0,0.0,0.0,-3293.0,86974466.0
8076,伍豐,上櫃,0.0,0.0,0.0,403727.0,292213592.0
8080,泰霖,上櫃,0.0,0.0,0.0,-2999.0,67163821.0
8083,瑞穎,上櫃,0.0,0.0,0.0,-13000.0,35133193.0
8084,巨虹,上櫃,0.0,0.0,0.0,18960.0,69514149.0
8085,福華,上櫃,0.0,0.0,0.0,49281.0,139983060.0
8086,宏捷科,上櫃,0.0,0.0,0.0,755648.0,196516123.0
8087,麗升能源,上櫃,0.0,0.0,0.0,0.0,38646042.0
8088,品安,上櫃,0.0,0.0,0.0,-788742.0,60921749.0
8089,康全電訊,上櫃,0.0,0.0,0.0,-4475.0,65998718.0
8091,翔名,上櫃,0.0,0.0,0.0,5421.0,56943651.0
8092,建暐,上櫃,0.0,0.0,0.0,29000.0,57172325.0
8096,擎亞,上櫃,0.0,0.0,0.0,2326230.0,149343066.0
8097,常珵,上櫃,0.0,0.0,0.0,10039.0,60302468.0
8099,大世科,上櫃,0.0,0.0,0.0,19784.0,100072800.0
8102,傑霖科技,上櫃,0.0,0.0,0.0,-4000.0,23358350.0
8107,大億金茂,上櫃,0.0,0.0,0.0,70107.0,75000000.0
8109,博大,上櫃,0.0,0.0,0.0,21389.0,82161236.0
8111,立碁,上櫃,0.0,0.0,0.0,-606401.0,109102223.0
8121,越峰,上櫃,0.0,0.0,0.0,275332.0,212993743.0
8147,正淩,上櫃,0.0,0.0,0.0,-105875.0,41817166.0
8155,博智,上櫃,0.0,0.0,0.0,-147233.0,62367700.0
8171,天宇,上櫃,0.0,0.0,0.0,60112.0,112853326.0
8176,智捷,上櫃,0.0,0.0,0.0,72000.0,59800000.0
8182,加高,上櫃,0.0,0.0,0.0,424731.0,107041215.0
8183,精星,上櫃,0.0,0.0,0.0,41828.0,0.0
8227,巨有科技,上櫃,0.0,0.0,0.0,-218961.0,39543000.0
8234,新漢,上櫃,0.0,0.0,0.0,-236011.0,141226472.0
8240,華宏,上櫃,0.0,0.0,0.0,-148635.0,100004414.0
8255,朋程,上櫃,0.0,0.0,0.0,277594.0,101961041.0
8272,全景軟體,上櫃,0.0,0.0,0.0,-1000.0,18997755.0
8277,商丞,上櫃,0.0,0.0,0.0,7120.0,39500000.0
8279,生展,上櫃,0.0,0.0,0.0,2000.0,27100851.0
8289,泰藝,上櫃,0.0,0.0,0.0,1311691.0,68333765.0
8291,尚茂,上櫃,0.0,0.0,0.0,-1000.0,17478450.0
8299,群聯,上櫃,0.0,0.0,0.0,392310.0,221165247.0
8342,益張,上櫃,0.0,0.0,0.0,-1000.0,33536692.0
8349,恒耀,上櫃,0.0,0.0,0.0,7101.0,208821391.0
8354,冠好,上櫃,0.0,0.0,0.0,7019.0,78532263.0
8358,金居,上櫃,0.0,0.0,0.0,158732.0,252588000.0
8383,千附,上櫃,0.0,0.0,0.0,232595.0,113760482.0
8390,金益鼎,上櫃,0.0,0.0,0.0,408164.0,96116128.0
8401,白紗科,上櫃,0.0,0.0,0.0,-31000.0,70669058.0
8403,盛弘,上櫃,0.0,0.0,0.0,88110.0,137640343.0
8409,商之器,上櫃,0.0,0.0,0.0,-1.0,32000000.0
8410,森田,上櫃,0.0,0.0,0.0,-5000.0,36589200.0
8415,大國鋼,上櫃,0.0,0.0,0.0,-95790.0,1031500000.0
8416,實威,上櫃,0.0,0.0,0.0,39000.0,28210710.0
8423,保綠-KY,上櫃,0.0,0.0,0.0,-1000.0,41714030.0
8424,惠普,上櫃,0.0,0.0,0.0,0.0,36054368.0
8426,紅木-KY,上櫃,0.0,0.0,0.0,-4000.0,50242500.0
8431,匯鑽科,上櫃,0.0,0.0,0.0,-55267.0,48778331.0
8432,東生華,上櫃,0.0,0.0,0.0,0.0,38398140.0
8433,弘帆,上櫃,0.0,0.0,0.0,0.0,54506098.0
8436,大江,上櫃,0.0,0.0,0.0,471005.0,117728830.0
8437,大地-KY,上櫃,0.0,0.0,0.0,-3000.0,47014070.0
8440,綠電,上櫃,0.0,0.0,0.0,-219000.0,50255299.0
8444,綠河-KY,上櫃,0.0,0.0,0.0,-1000.0,125104845.0
8446,華研,上櫃,0.0,0.0,0.0,-16000.0,52914405.0
8450,霹靂,上櫃,0.0,0.0,0.0,6000.0,51309947.0
8455,大拓-KY,上櫃,0.0,0.0,0.0,-2000.0,25219056.0
8472,夠麻吉,上櫃,0.0,0.0,0.0,4000.0,17735800.0
8477,創業家,上櫃,0.0,0.0,0.0,6000.0,84170616.0
8489,三貝德,上櫃,0.0,0.0,0.0,45995.0,59948960.0
8905,裕國,上櫃,0.0,0.0,0.0,999.0,119440000.0
8906,花王,上櫃,0.0,0.0,0.0,0.0,44037370.0
8908,欣雄,上櫃,0.0,0.0,0.0,45000.0,315332742.0
8916,光隆,上櫃,0.0,0.0,0.0,-20072.0,148591646.0
8917,欣泰,上櫃,0.0,0.0,0.0,272.0,162652459.0
8924,大田,上櫃,0.0,0.0,0.0,19245.0,83800000.0
8927,北基,上櫃,0.0,0.0,0.0,155453.0,419068367.0
8928,鉅明,上櫃,0.0,0.0,0.0,2000.0,50854015.0
8929,富堡,上櫃,0.0,0.0,0.0,-7985.0,50580862.0
8930,青鋼,上櫃,0.0,0.0,0.0,-27000.0,81809406.0
8931,大汽電,上櫃,0.0,0.0,0.0,-16000.0,122254862.0
8932,智通*,上櫃,0.0,0.0,0.0,-333535.0,426013152.0
8933,愛地雅,上櫃,0.0,0.0,0.0,97541.0,326724305.0
8935,邦泰,上櫃,0.0,0.0,0.0,217251.0,113495000.0
8936,國統,上櫃,0.0,0.0,0.0,2246230.0,248078157.0
8937,合騏*,上櫃,0.0,0.0,0.0,37000.0,441680272.0
8938,明安,上櫃,0.0,0.0,0.0,60925.0,156986490.0
8941,關中,上櫃,0.0,0.0,0.0,-2000.0,34972071.0
8942,森鉅,上櫃,0.0,0.0,0.0,286012.0,198842255.0
9949,琉園,上櫃,0.0,0.0,0.0,2000.0,44860763.0
9950,萬國通,上櫃,0.0,0.0,0.0,4000.0,167716000.0
9951,皇田,上櫃,0.0,0.0,0.0,0.0,73300000.0
9960,邁達康,上櫃,0.0,0.0,0.0,1000.0,33592500.0
9962,有益,上櫃,0.0,0.0,0.0,-3000.0,90220260.0
