code,name,market,外資,投信,自營,三大法人,shares
00403A,主動統一升級50,上市,270939051.0,0.0,101948507.0,372887558.0,15807519000.0
00685L,群益臺灣加權正2,上市,6193309.0,0.0,224415465.0,230608774.0,5747836000.0
00631L,元大台灣50正2,上市,34786736.0,0.0,142976496.0,177763232.0,7232348000.0
00981A,主動統一台股增長,上市,91494681.0,0.0,30107523.0,121602204.0,9543209000.0
00407A,主動凱基台灣,上市,58513502.0,0.0,46742245.0,105255747.0,2647239000.0
0050,元大台灣50,上市,39055497.0,0.0,38655688.0,77711185.0,22325500000.0
00405A,主動富邦台灣龍耀,上市,33817213.0,0.0,41804959.0,75622172.0,3244245000.0
009816,凱基台灣TOP50,上市,32826250.0,0.0,34991677.0,67817927.0,12004344000.0
00878,國泰永續高股息,上市,30338650.0,0.0,23089986.0,53428636.0,18863790000.0
00991A,主動復華未來50,上市,33257892.0,0.0,13979333.0,47237225.0,4527416000.0
1326,台化,上市,44300807.0,99000.0,-67842.0,44331965.0,5861186291.0
00400A,主動國泰動能高息,上市,22485150.0,0.0,14548072.0,37033222.0,1905640000.0
00982A,主動群益台灣強棒,上市,21134103.0,1800000.0,13671102.0,36605205.0,2261436000.0
2887,台新新光金,上市,24546320.0,7383252.0,-282597.0,31646975.0,25115061997.0
00992A,主動群益科技創新,上市,16836150.0,0.0,8568169.0,25404319.0,2303955000.0
1101,台泥,上市,22642097.0,-1000.0,912497.0,23553594.0,7523181742.0
00881,國泰台灣科技龍頭,上市,19311634.0,0.0,816028.0,20127662.0,2978403000.0
2883,凱基金,上市,18961772.0,919763.0,-237327.0,19644208.0,18556989414.0
8150,南茂,上市,17373469.0,-4000.0,1083256.0,18452725.0,704523126.0
00891,中信關鍵半導體,上市,13405435.0,0.0,4788283.0,18193718.0,1924090000.0
1301,台塑,上市,15600036.0,-1032000.0,2499138.0,17067174.0,6365740781.0
2892,第一金,上市,15290644.0,945257.0,98793.0,16334694.0,14379468650.0
0052,富邦科技,上市,10545439.0,0.0,5599818.0,16145257.0,2577500000.0
2317,鴻海,上市,13474127.0,698763.0,937747.0,15110637.0,14028648626.0
2886,兆豐金,上市,16176946.0,-1567583.0,-487869.0,14121494.0,14833378282.0
00929,復華台灣科技優息,上市,2631168.0,0.0,10692625.0,13323793.0,5051639000.0
4958,臻鼎-KY,上市,7339847.0,5692688.0,164499.0,13197034.0,1070598156.0
00940,元大台灣價值高息,上市,837800.0,0.0,11986752.0,12824552.0,5220365000.0
1717,長興,上市,10852469.0,300596.0,1220470.0,12373535.0,1184245483.0
2812,台中銀,上市,15177248.0,-2828000.0,-201000.0,12148248.0,6425074858.0
2891,中信金,上市,4170210.0,7811723.0,-418052.0,11563881.0,19675932806.0
3706,神達,上市,9739482.0,163000.0,1464023.0,11366505.0,1327212468.0
00999A,主動野村臺灣高息,上市,5306000.0,0.0,5461768.0,10767768.0,997517000.0
2449,京元電子,上市,5110920.0,3123527.0,1163691.0,9398138.0,1283882318.0
00988A,主動統一全球創新,上市,2279417.0,0.0,7111000.0,9390417.0,3265937000.0
2354,鴻準,上市,7957800.0,21000.0,876869.0,8855669.0,1414485192.0
2897,王道銀行,上市,7468000.0,1252000.0,-25000.0,8695000.0,2805357878.0
00927,群益半導體收益,上市,17527000.0,0.0,-8950767.0,8576233.0,1372897000.0
00900,富邦特選高股息30,上市,4110700.0,0.0,4309634.0,8420334.0,1555025000.0
5876,上海商銀,上市,7229446.0,1264000.0,-175765.0,8317681.0,4910219171.0
0056,元大高股息,上市,-752779.0,0.0,8917679.0,8164900.0,14087034000.0
2890,永豐金,上市,8809751.0,-637898.0,-265753.0,7906100.0,14792168721.0
00637L,元大滬深300正2,上市,1315000.0,0.0,6584315.0,7899315.0,742106000.0
3711,日月光投控,上市,7292149.0,-554278.0,900737.0,7638608.0,4470572282.0
3189,景碩,上市,7170006.0,185092.0,24705.0,7379803.0,526910360.0
1402,遠東新,上市,3520294.0,3641102.0,152667.0,7314063.0,5352875227.0
4763,材料*-KY,上市,5490043.0,989000.0,475727.0,6954770.0,989146670.0
2885,元大金,上市,8266158.0,-1580938.0,-242914.0,6442306.0,13331149946.0
2618,長榮航,上市,2327190.0,3757010.0,155273.0,6239473.0,5400444335.0
2845,遠東銀,上市,578975.0,4399000.0,1242975.0,6220950.0,4865284731.0
00993A,主動安聯台灣,上市,3745000.0,0.0,2433694.0,6178694.0,765091000.0
00980A,主動野村臺灣優選,上市,3861240.0,0.0,2247179.0,6108419.0,811230000.0
2330,台積電,上市,5730863.0,103869.0,130565.0,5965297.0,25932370067.0
1709,和益,上市,5601297.0,0.0,227858.0,5829155.0,477016272.0
2327,國巨*,上市,10023598.0,-4130691.0,-147070.0,5745837.0,2058730688.0
6505,台塑化,上市,5036329.0,62000.0,462958.0,5561287.0,9525959652.0
3042,晶技,上市,5188913.0,97000.0,238346.0,5524259.0,342992971.0
00961,FT臺灣永續高息,上市,2706050.0,0.0,2635825.0,5341875.0,782511000.0
6239,力成,上市,4130258.0,271196.0,740849.0,5142303.0,759146634.0
009820,元大納斯達克精選,上市,172000.0,0.0,4968306.0,5140306.0,1136702000.0
1102,亞泥,上市,3065090.0,2156487.0,-240060.0,4981517.0,3546562881.0
2312,金寶,上市,3812847.0,0.0,1039739.0,4852586.0,1505781211.0
2880,華南金,上市,9349137.0,-4297000.0,-417100.0,4635037.0,14056134739.0
1504,東元,上市,4537872.0,7000.0,84316.0,4629188.0,2376440684.0
00663L,國泰臺灣加權正2,上市,243000.0,0.0,4281310.0,4524310.0,150163000.0
2603,長榮,上市,5002115.0,-779601.0,93101.0,4315615.0,2165042996.0
00922,國泰台灣領袖50,上市,10844082.0,0.0,-6563421.0,4280661.0,2137686000.0
1312,國喬,上市,4228000.0,0.0,35719.0,4263719.0,1526620328.0
2353,宏碁,上市,1293774.0,2850462.0,5171.0,4149407.0,3047853828.0
2382,廣達,上市,1618405.0,2326880.0,188150.0,4133435.0,4107627432.0
00404A,主動聯博動能50,上市,3335000.0,0.0,773492.0,4108492.0,343295000.0
00923,群益台ESG低碳50,上市,3819000.0,0.0,286150.0,4105150.0,954423000.0
1314,中石化,上市,4202249.0,0.0,-136000.0,4066249.0,3784850130.0
2371,大同,上市,4067572.0,-161000.0,104912.0,4011484.0,2150834851.0
00984A,主動安聯台灣高息,上市,2115000.0,0.0,1842530.0,3957530.0,639958000.0
2615,萬海,上市,3786486.0,228867.0,-92769.0,3922584.0,2806146293.0
00996A,主動兆豐台灣豐收,上市,1683000.0,0.0,2207682.0,3890682.0,295899000.0
00990A,主動元大AI新經濟,上市,1055524.0,0.0,2613982.0,3669506.0,2430022000.0
2027,大成鋼,上市,2133887.0,1023000.0,448205.0,3605092.0,2584260615.0
00408A,主動第一金優股息,上市,2000.0,0.0,3538488.0,3540488.0,150634000.0
1714,和桐,上市,3160100.0,0.0,236792.0,3396892.0,991824808.0
1802,台玻,上市,2918060.0,409000.0,-101734.0,3225326.0,2908060800.0
009804,聯邦台精彩50,上市,1985376.0,0.0,1057447.0,3042823.0,153392000.0
00401A,主動摩根台灣鑫收,上市,10043000.0,0.0,-7007732.0,3035268.0,230395000.0
6271,同欣電,上市,2750436.0,0.0,249236.0,2999672.0,209058024.0
2385,群光,上市,2895997.0,110966.0,-26464.0,2980499.0,765721188.0
1216,統一,上市,3755349.0,-638000.0,-241463.0,2875886.0,5682015421.0
2357,華碩,上市,1106166.0,1291261.0,239334.0,2636761.0,742760280.0
3231,緯創,上市,1289491.0,1141778.0,200126.0,2631395.0,3180052250.0
00713,元大台灣高息低波,上市,972525.0,0.0,1653717.0,2626242.0,1689512000.0
3406,玉晶光,上市,110710.0,2422500.0,-101124.0,2432086.0,112743063.0
3034,聯詠,上市,1821696.0,630181.0,-22642.0,2429235.0,608511469.0
00892,富邦台灣半導體,上市,5103000.0,0.0,-2774641.0,2328359.0,330292000.0
2484,希華,上市,2247221.0,0.0,43286.0,2290507.0,159421022.0
00896,中信綠能及電動車,上市,553000.0,0.0,1661196.0,2214196.0,391880000.0
6005,群益證,上市,3190268.0,-1010000.0,0.0,2180268.0,2170908097.0
00939,統一台灣高息動能,上市,246000.0,0.0,1912375.0,2158375.0,1165476000.0
3037,欣興,上市,4270266.0,-2732677.0,620545.0,2158134.0,1641322596.0
00987A,主動台新優勢成長,上市,1197000.0,0.0,944488.0,2141488.0,156143000.0
6257,矽格,上市,1626459.0,293129.0,202946.0,2122534.0,483912325.0
006208,富邦台50,上市,1187378.0,0.0,835007.0,2022385.0,1860540000.0
1722,台肥,上市,1973000.0,0.0,5026.0,1978026.0,980000000.0
00994A,主動第一金台股優,上市,892000.0,0.0,1071817.0,1963817.0,285190000.0
2436,偉詮電,上市,1852700.0,0.0,96255.0,1948955.0,200093175.0
00995A,主動中信台灣卓越,上市,2868000.0,0.0,-991711.0,1876289.0,273035000.0
2412,中華電,上市,2171781.0,-303052.0,5000.0,1873729.0,7757446545.0
3045,台灣大,上市,1129836.0,949244.0,-247662.0,1831418.0,3723261811.0
4906,正文,上市,1453790.0,0.0,364909.0,1818699.0,434485057.0
009829,大華韓國KOSPI50,上市,-890000.0,0.0,2590254.0,1700254.0,298370000.0
00915,凱基優選高股息30,上市,20000.0,0.0,1677408.0,1697408.0,509983000.0
3576,聯合再生,上市,1657735.0,0.0,39000.0,1696735.0,1627795375.0
2356,英業達,上市,1323653.0,467309.0,-100475.0,1690487.0,3587475066.0
2395,研華,上市,1116420.0,424000.0,143323.0,1683743.0,868254487.0
2369,菱生,上市,1620885.0,0.0,22046.0,1642931.0,380102344.0
2542,興富發,上市,-1480745.0,3108000.0,-51894.0,1575361.0,2153083539.0
3035,智原,上市,1267767.0,0.0,295697.0,1563464.0,260550313.0
3715,定穎投控,上市,1347898.0,0.0,194564.0,1542462.0,283574584.0
2498,宏達電,上市,1408470.0,0.0,126923.0,1535393.0,836065086.0
009803,玉山市值動能50,上市,353000.0,0.0,1181472.0,1534472.0,187328000.0
6933,AMAX-KY,上市,1442184.0,0.0,44809.0,1486993.0,42384800.0
2441,超豐,上市,1606408.0,-264000.0,58383.0,1400791.0,568845921.0
3714,富采,上市,1319335.0,0.0,56865.0,1376200.0,737940460.0
00947,台新臺灣IC設計,上市,833062.0,0.0,511224.0,1344286.0,283364000.0
2377,微星,上市,1757291.0,-76000.0,-359136.0,1322155.0,844856199.0
1711,永光,上市,1294199.0,0.0,12304.0,1306503.0,547752226.0
2328,廣宇,上市,1153120.0,0.0,147243.0,1300363.0,518346282.0
00934,中信成長高股息,上市,3595095.0,0.0,-2299966.0,1295129.0,427026000.0
2637,慧洋-KY,上市,1095508.0,108459.0,79687.0,1283654.0,746409199.0
1434,福懋,上市,1248455.0,0.0,5000.0,1253455.0,1684664637.0
00952,凱基台灣AI50,上市,280054.0,0.0,959500.0,1239554.0,247775000.0
6226,光鼎,上市,1221000.0,0.0,8000.0,1229000.0,115534789.0
00894,中信小資高價30,上市,1569000.0,0.0,-350145.0,1218855.0,148509000.0
3712,永崴投控,上市,1197650.0,0.0,1000.0,1198650.0,246242146.0
2342,茂矽,上市,1179690.0,0.0,5567.0,1185257.0,157335244.0
00693U,期街口S&P黃豆,上市,330000.0,0.0,852268.0,1182268.0,72166000.0
1503,士電,上市,1064591.0,7000.0,107361.0,1178952.0,520972223.0
4576,大銀微系統,上市,1028665.0,0.0,142712.0,1171377.0,119801848.0
6285,啟碁,上市,1204019.0,-180934.0,143075.0,1166160.0,483441359.0
2105,正新,上市,1156522.0,-33866.0,-28768.0,1093888.0,3241415536.0
00735,國泰臺韓科技,上市,715069.0,0.0,375401.0,1090470.0,123289000.0
2049,上銀,上市,989674.0,-81000.0,176119.0,1084793.0,353792240.0
1440,南紡,上市,1041472.0,0.0,43000.0,1084472.0,1656815857.0
00671R,富邦NASDAQ反1,上市,0.0,0.0,1082088.0,1082088.0,520884000.0
1560,中砂,上市,942392.0,-30000.0,120813.0,1033205.0,149617480.0
3702,大聯大,上市,984327.0,300000.0,-266742.0,1017585.0,1682278898.0
8103,瀚荃,上市,964133.0,0.0,42967.0,1007100.0,78436671.0
2352,佳世達,上市,979163.0,25000.0,1214.0,1005377.0,1580506505.0
00701,國泰股利精選30,上市,147000.0,0.0,831851.0,978851.0,169891000.0
2515,中工,上市,1018289.0,0.0,-45000.0,973289.0,1607904084.0
2633,台灣高鐵,上市,231400.0,710000.0,6000.0,947400.0,5628293058.0
2889,國票金,上市,976368.0,0.0,-42440.0,933928.0,3633563471.0
9907,統一實,上市,945632.0,-17737.0,4000.0,931895.0,1579145342.0
009821,野村稀土關鍵資源,上市,0.0,0.0,930187.0,930187.0,519840000.0
1319,東陽,上市,770770.0,101916.0,49000.0,921686.0,591477068.0
3532,台勝科,上市,194375.0,694000.0,26559.0,914934.0,387848300.0
00715L,期街口布蘭特正2,上市,-89000.0,0.0,999355.0,910355.0,83691793.0
00885,富邦越南,上市,354153.0,0.0,539590.0,893743.0,602238000.0
1519,華城,上市,737890.0,15000.0,129520.0,882410.0,347468929.0
2421,建準,上市,953861.0,61000.0,-138316.0,876545.0,286943669.0
2340,台亞,上市,887500.0,0.0,-32104.0,855396.0,438622846.0
00633L,富邦上証正2,上市,136000.0,0.0,712718.0,848718.0,116958000.0
00675L,富邦臺灣加權正2,上市,60000.0,0.0,761657.0,821657.0,108786000.0
4927,泰鼎-KY,上市,828741.0,0.0,-13082.0,815659.0,264937988.0
2406,國碩,上市,803579.0,0.0,6261.0,809840.0,350905689.0
00905,FT臺灣Smart,上市,464000.0,0.0,320043.0,784043.0,359827000.0
3005,神基,上市,823793.0,-21250.0,-24977.0,777566.0,624310150.0
6196,帆宣,上市,860601.0,-150000.0,57647.0,768248.0,220329529.0
2106,建大,上市,764500.0,0.0,3000.0,767500.0,954890000.0
2103,台橡,上市,446993.0,0.0,303107.0,750100.0,825709978.0
2486,一詮,上市,732408.0,0.0,-7384.0,725024.0,233958579.0
00913,兆豐台灣晶圓製造,上市,1211000.0,0.0,-511648.0,699352.0,59266000.0
2474,可成,上市,674917.0,-17000.0,39596.0,697513.0,538821068.0
1513,中興電,上市,523982.0,7000.0,150284.0,681266.0,503112515.0
1808,潤隆,上市,183000.0,479000.0,16000.0,678000.0,893031743.0
00997A,主動群益美國增長,上市,3721100.0,-6647000.0,3591074.0,665174.0,1159377000.0
00935,野村臺灣新科技50,上市,21428200.0,0.0,-20767411.0,660789.0,898504000.0
00850,元大臺灣ESG永續,上市,530033.0,0.0,123186.0,653219.0,416944000.0
00932,兆豐永續高息等權,上市,-202000.0,0.0,839329.0,637329.0,111783000.0
00904,台新臺灣半導體30,上市,1483544.0,0.0,-852865.0,630679.0,160112000.0
00985A,主動野村台灣50,上市,53000.0,0.0,573685.0,626685.0,450789000.0
3013,晟銘電,上市,277411.0,0.0,337637.0,615048.0,205138930.0
00669R,國泰美國道瓊反1,上市,0.0,0.0,613590.0,613590.0,205117000.0
2485,兆赫,上市,573062.0,0.0,39122.0,612184.0,317689037.0
6139,亞翔,上市,497337.0,61900.0,35441.0,594678.0,235575724.0
00641R,富邦日本反1,上市,0.0,0.0,592092.0,592092.0,92258000.0
00692,富邦公司治理,上市,221050.0,0.0,355550.0,576600.0,613780000.0
1522,堤維西,上市,575000.0,0.0,1000.0,576000.0,312897881.0
2204,中華,上市,580009.0,-5831.0,1358.0,575536.0,553620342.0
4919,新唐,上市,442786.0,19000.0,107277.0,569063.0,419765268.0
5292,華懋,上市,500080.0,0.0,66350.0,566430.0,46318800.0
00936,台新永續高息中小,上市,9000.0,0.0,542873.0,551873.0,193797000.0
4960,誠美材,上市,537276.0,0.0,3812.0,541088.0,571705388.0
1597,直得,上市,520336.0,0.0,15739.0,536075.0,89261804.0
2316,楠梓電,上市,414854.0,0.0,111324.0,526178.0,182740536.0
00907,永豐優息存股,上市,87000.0,0.0,434734.0,521734.0,148133000.0
8021,尖點,上市,460495.0,63000.0,-1875.0,521620.0,145042467.0
3545,敦泰,上市,569203.0,0.0,-49185.0,520018.0,222411350.0
2351,順德,上市,421498.0,56000.0,37203.0,514701.0,182140249.0
5608,四維航,上市,511303.0,0.0,2663.0,513966.0,389276138.0
00946,群益科技高息成長,上市,53000.0,0.0,453406.0,506406.0,445246000.0
1313,聯成,上市,526891.0,0.0,-25077.0,501814.0,1330846107.0
1455,集盛,上市,553124.0,0.0,-52620.0,500504.0,531688380.0
2329,華泰,上市,495019.0,0.0,3064.0,498083.0,658948333.0
3044,健鼎,上市,105926.0,385265.0,1547.0,492738.0,525605898.0
1905,華紙,上市,479062.0,0.0,12355.0,491417.0,1102835316.0
2491,吉祥全,上市,500000.0,0.0,-12000.0,488000.0,82008000.0
00690,兆豐藍籌30,上市,2283.0,0.0,476170.0,478453.0,83830000.0
4967,十銓,上市,385914.0,102000.0,-11859.0,476055.0,84963288.0
2379,瑞昱,上市,-491140.0,817046.0,147725.0,473631.0,515512641.0
2034,允強,上市,474255.0,0.0,-5380.0,468875.0,528995589.0
6202,盛群,上市,684030.0,-220000.0,-1706.0,462324.0,230388200.0
2399,映泰,上市,458267.0,0.0,3587.0,461854.0,178100000.0
2801,彰銀,上市,-2929844.0,3263000.0,121790.0,454946.0,12060197409.0
4770,上品,上市,472746.0,0.0,-36050.0,436696.0,79976000.0
1708,東鹼,上市,500735.0,0.0,-67013.0,433722.0,249001651.0
2030,彰源,上市,422943.0,0.0,5544.0,428487.0,280526027.0
5534,長虹,上市,338000.0,93000.0,-4100.0,426900.0,315325960.0
2367,燿華,上市,404477.0,0.0,19090.0,423567.0,706253175.0
3055,蔚華科,上市,410929.0,0.0,6860.0,417789.0,114974918.0
8926,台汽電,上市,414338.0,0.0,-155.0,414183.0,830282000.0
8210,勤誠,上市,541633.0,-184000.0,51551.0,409184.0,125319146.0
00962,台新AI優息動能,上市,22000.0,0.0,382112.0,404112.0,56420000.0
2392,正崴,上市,421218.0,0.0,-30251.0,390967.0,512326940.0
3673,TPK-KY,上市,271060.0,0.0,119897.0,390957.0,406663759.0
00930,永豐ESG低碳高息,上市,759000.0,0.0,-373387.0,385613.0,127779000.0
2313,華通,上市,-4585080.0,4380000.0,587865.0,382785.0,1233820589.0
2401,凌陽,上市,440328.0,0.0,-60593.0,379735.0,591994919.0
00642U,期元大S&P石油,上市,-8118.0,0.0,365113.0,356995.0,71321000.0
8261,富鼎,上市,336958.0,0.0,19271.0,356229.0,118878393.0
3149,正達,上市,451274.0,0.0,-96674.0,354600.0,286233604.0
6706,惠特,上市,275335.0,0.0,75673.0,351008.0,78548865.0
1104,環泥,上市,340880.0,0.0,-1000.0,339880.0,686681816.0
6438,迅得,上市,309062.0,0.0,29431.0,338493.0,82206325.0
2493,揚博,上市,288057.0,8000.0,42349.0,338406.0,126796629.0
6525,捷敏-KY,上市,319868.0,-3758.0,17244.0,333354.0,129047384.0
2537,聯上發,上市,329592.0,0.0,3000.0,332592.0,300557795.0
1712,興農,上市,326337.0,0.0,868.0,327205.0,420492585.0
2338,光罩,上市,344967.0,0.0,-21142.0,323825.0,366849183.0
3563,牧德,上市,305940.0,0.0,17677.0,323617.0,63960858.0
5243,乙盛-KY,上市,316928.0,0.0,2375.0,319303.0,168528915.0
4949,有成精密,上市,319000.0,0.0,0.0,319000.0,67722043.0
2855,統一證,上市,-1647842.0,1966673.0,0.0,318831.0,1601414478.0
2014,中鴻,上市,304001.0,0.0,12000.0,316001.0,1435544446.0
2836,高雄銀,上市,317851.0,0.0,-3000.0,314851.0,1858316153.0
9910,豐泰,上市,186433.0,120000.0,4176.0,310609.0,987482831.0
6415,矽力*-KY,上市,713873.0,-424000.0,20329.0,310202.0,388948107.0
6209,今國光,上市,301474.0,0.0,4752.0,306226.0,180501561.0
3583,辛耘,上市,215621.0,0.0,86551.0,302172.0,80346080.0
8028,昇陽半導體,上市,248177.0,0.0,53331.0,301508.0,179396083.0
6213,聯茂,上市,1380054.0,-1039000.0,-39802.0,301252.0,363562218.0
3014,聯陽,上市,320401.0,14310.0,-33470.0,301241.0,165954124.0
6197,佳必琪,上市,232905.0,-90000.0,155927.0,298832.0,122085882.0
3661,世芯-KY,上市,145080.0,55500.0,94479.0,295059.0,86204722.0
1810,和成,上市,291991.0,0.0,1084.0,293075.0,302303719.0
2476,鉅祥,上市,265583.0,-102000.0,126354.0,289937.0,218171223.0
2597,潤弘,上市,241928.0,51000.0,-6000.0,286928.0,310716000.0
6753,龍德造船,上市,253457.0,0.0,32086.0,285543.0,117253224.0
2645,長榮航太,上市,189677.0,74000.0,18322.0,281999.0,374570962.0
9904,寶成,上市,81000.0,38566.0,155735.0,275301.0,2946787213.0
3023,信邦,上市,453999.0,-166000.0,-12703.0,275296.0,240069014.0
3533,嘉澤,上市,301366.0,-28000.0,736.0,274102.0,112534691.0
2388,威盛,上市,220657.0,0.0,52269.0,272926.0,555954941.0
1305,華夏,上市,289547.0,0.0,-18453.0,271094.0,581050494.0
00981T,平衡凱基雙核收息,上市,0.0,0.0,270453.0,270453.0,248761000.0
8016,矽創,上市,202227.0,74411.0,-6363.0,270275.0,120136876.0
00983A,主動中信ARK創新,上市,1032000.0,0.0,-764284.0,267716.0,84686000.0
009813,貝萊德標普卓越50,上市,254.0,0.0,264029.0,264283.0,331824000.0
9925,新保,上市,316000.0,0.0,-54668.0,261332.0,387489605.0
2547,日勝生,上市,252000.0,0.0,6716.0,258716.0,1035094649.0
3665,貿聯-KY,上市,-378563.0,621976.0,14878.0,258291.0,195078405.0
5269,祥碩,上市,212597.0,20000.0,24731.0,257328.0,74156359.0
009808,華南永昌優選50,上市,168000.0,0.0,86699.0,254699.0,39511000.0
2017,官田鋼,上市,248620.0,0.0,2000.0,250620.0,446874691.0
2006,東和鋼鐵,上市,-327023.0,621504.0,-45721.0,248760.0,730213818.0
2458,義隆,上市,199074.0,80620.0,-33283.0,246411.0,303880392.0
3031,佰鴻,上市,243448.0,0.0,1999.0,245447.0,173203224.0
2601,益航,上市,235208.0,0.0,6000.0,241208.0,824776067.0
6442,光聖,上市,249213.0,6000.0,-15825.0,239388.0,80450155.0
5285,界霖,上市,152839.0,0.0,86285.0,239124.0,102040926.0
1904,正隆,上市,225213.0,0.0,13762.0,238975.0,1108274522.0
2404,漢唐,上市,208267.0,-17000.0,44012.0,235279.0,190586698.0
3535,晶彩科,上市,228471.0,0.0,2274.0,230745.0,79052356.0
6869,雲豹能源,上市,231826.0,0.0,-2544.0,229282.0,137830041.0
2241,艾姆勒,上市,226118.0,0.0,1000.0,227118.0,104602306.0
6177,達麗,上市,-102624.0,347000.0,-18380.0,225996.0,471891426.0
3030,德律,上市,185240.0,0.0,40416.0,225656.0,236216000.0
6805,富世達,上市,224307.0,0.0,-2386.0,221921.0,68553896.0
1308,亞聚,上市,218304.0,0.0,-7490.0,210814.0,593743919.0
00912,中信臺灣智慧50,上市,89000.0,0.0,120949.0,209949.0,58253000.0
2501,國建,上市,206874.0,0.0,940.0,207814.0,1159561059.0
00949,復華日本龍頭,上市,119140.0,0.0,83797.0,202937.0,167428000.0
2419,仲琦,上市,187449.0,0.0,10000.0,197449.0,321317229.0
00893,國泰智能電動車,上市,82000.0,0.0,115234.0,197234.0,358384000.0
3312,弘憶股,上市,193000.0,0.0,2000.0,195000.0,182626815.0
2465,麗臺,上市,173376.0,0.0,20000.0,193376.0,93946031.0
3694,海華,上市,182879.0,0.0,5000.0,187879.0,154890708.0
6691,洋基工程,上市,139012.0,47000.0,1129.0,187141.0,121487209.0
6215,和椿,上市,192679.0,0.0,-7292.0,185387.0,82789693.0
3515,華擎,上市,175047.0,3000.0,-768.0,177279.0,123544049.0
4968,立積,上市,175096.0,0.0,2150.0,177246.0,92209898.0
6781,AES-KY,上市,160553.0,0.0,15418.0,175971.0,85418780.0
00733,富邦臺灣中小,上市,126.0,0.0,174505.0,174631.0,64466000.0
2607,榮運,上市,170649.0,0.0,2000.0,172649.0,533570547.0
1476,儒鴻,上市,-38604.0,196518.0,13236.0,171150.0,274367111.0
8213,志超,上市,167000.0,0.0,4089.0,171089.0,271242488.0
2451,創見,上市,59340.0,127800.0,-16171.0,170969.0,431345675.0
2467,志聖,上市,136065.0,50071.0,-15539.0,170597.0,156855348.0
2355,敬鵬,上市,177000.0,0.0,-6997.0,170003.0,397495420.0
6937,天虹,上市,152416.0,0.0,15657.0,168073.0,67655263.0
009817,國泰日本不動產,上市,0.0,0.0,166898.0,166898.0,223436000.0
2704,國賓,上市,152400.0,0.0,7000.0,159400.0,366923343.0
00648R,元大S&P500反1,上市,0.0,0.0,153085.0,153085.0,142688000.0
2345,智邦,上市,359517.0,-337800.0,129332.0,151049.0,561117897.0
2402,毅嘉,上市,-36694.0,0.0,187247.0,150553.0,307536533.0
1514,亞力,上市,111500.0,8000.0,30571.0,150071.0,278570642.0
00898,國泰基因免疫革命,上市,187000.0,0.0,-37976.0,149024.0,116976000.0
6176,瑞儀,上市,155699.0,0.0,-6783.0,148916.0,348770447.0
00770,國泰北美科技,上市,-3000.0,0.0,151895.0,148895.0,78458000.0
6719,力智,上市,144656.0,0.0,3326.0,147982.0,105483989.0
3019,亞光,上市,116624.0,0.0,31179.0,147803.0,279243901.0
1447,力鵬,上市,139021.0,0.0,6000.0,145021.0,910071242.0
5284,jpp-KY,上市,120906.0,0.0,24048.0,144954.0,52892683.0
2636,台驊控股,上市,155649.0,0.0,-11121.0,144528.0,141835230.0
00897,富邦基因免疫生技,上市,0.0,0.0,140685.0,140685.0,128512000.0
2610,華航,上市,-719647.0,780000.0,78997.0,139350.0,6117941273.0
00938,凱基優選30,上市,-74000.0,0.0,212316.0,138316.0,99516000.0
3062,建漢,上市,137109.0,0.0,769.0,137878.0,330081818.0
4722,國精化,上市,137964.0,0.0,-1842.0,136122.0,102784914.0
6191,精成科,上市,25857.0,115000.0,-5657.0,135200.0,499303000.0
7780,大研生醫*,上市,-160000.0,289000.0,1580.0,130580.0,810024170.0
6658,聯策,上市,122014.0,0.0,3270.0,125284.0,36370000.0
00636,國泰中國A50,上市,38000.0,0.0,87219.0,125219.0,93825000.0
2613,中櫃,上市,124139.0,0.0,682.0,124821.0,148423458.0
3008,大立光,上市,-159638.0,233524.0,49880.0,123766.0,130798197.0
2527,宏璟,上市,193572.0,0.0,-70037.0,123535.0,270306000.0
6756,威鋒電子,上市,120994.0,0.0,0.0,120994.0,69990000.0
2530,華建,上市,158832.0,0.0,-38000.0,120832.0,841255731.0
3338,泰碩,上市,120083.0,0.0,-1000.0,119083.0,87908141.0
00941,中信上游半導體,上市,188000.0,0.0,-70416.0,117584.0,455791000.0
2612,中航,上市,131496.0,0.0,-15507.0,115989.0,197484593.0
00651R,復華香港反1,上市,0.0,0.0,112750.0,112750.0,32192000.0
2630,亞航,上市,109016.0,0.0,1747.0,110763.0,209438204.0
2031,新光鋼,上市,116654.0,-7761.0,1229.0,110122.0,321146341.0
2405,輔信,上市,106901.0,0.0,3000.0,109901.0,343427303.0
00944,野村趨勢動能高息,上市,40000.0,0.0,68840.0,108840.0,53581000.0
1532,勤美,上市,145812.0,0.0,-38000.0,107812.0,422604271.0
4961,天鈺,上市,104197.0,0.0,2889.0,107086.0,121253603.0
6550,北極星藥業-KY,上市,102956.0,0.0,4000.0,106956.0,894792688.0
2425,承啟,上市,54649.0,0.0,52000.0,106649.0,96498831.0
1713,國化,上市,104002.0,0.0,-1000.0,103002.0,150951700.0
2413,環科,上市,101000.0,0.0,1453.0,102453.0,127359200.0
00645,富邦日本,上市,-61904.0,0.0,163151.0,101247.0,42997000.0
00895,富邦未來車,上市,31000.0,0.0,69950.0,100950.0,143916000.0
4551,智伸科,上市,-188541.0,250000.0,36099.0,97558.0,115222498.0
2069,運錩,上市,95192.0,0.0,2000.0,97192.0,166386836.0
2723,美食-KY,上市,91884.0,0.0,5000.0,96884.0,180000000.0
2816,旺旺保,上市,95181.0,0.0,1000.0,96181.0,223608000.0
00655L,國泰中國A50正2,上市,-2000.0,0.0,96706.0,94706.0,57958000.0
2428,興勤,上市,92105.0,0.0,1497.0,93602.0,128112726.0
3592,瑞鼎,上市,89684.0,4608.0,-1000.0,93292.0,75855226.0
8114,振樺電,上市,94196.0,0.0,-3000.0,91196.0,76487772.0
2545,皇翔,上市,89901.0,0.0,793.0,90694.0,379734808.0
2108,南帝,上市,101898.0,0.0,-13489.0,88409.0,492416659.0
00652,富邦印度,上市,90000.0,0.0,-2230.0,87770.0,61035000.0
2323,中環,上市,136248.0,0.0,-50000.0,86248.0,1089348328.0
2258,鴻華先進-創,上市,72000.0,0.0,14227.0,86227.0,1751076800.0
9921,巨大,上市,56456.0,0.0,29765.0,86221.0,392065395.0
2387,精元,上市,82241.0,0.0,1000.0,83241.0,195251051.0
009809,富邦淨零ESG50,上市,-1000.0,0.0,83333.0,82333.0,30363000.0
6189,豐藝,上市,78098.0,-6841.0,10479.0,81736.0,263779657.0
4904,遠傳,上市,406909.0,-271276.0,-54322.0,81311.0,3607705357.0
00730,富邦臺灣優質高息,上市,3000.0,0.0,77672.0,80672.0,69544000.0
3413,京鼎,上市,146451.0,-85000.0,18698.0,80149.0,110762280.0
1540,喬福,上市,79020.0,0.0,1000.0,80020.0,85473612.0
6515,穎崴,上市,11935.0,69000.0,-2869.0,78066.0,36038042.0
020039,元大加權N,上市,0.0,0.0,77000.0,77000.0,0.0
3021,鴻名,上市,78000.0,0.0,-1000.0,77000.0,94890000.0
7795,長廣,上市,71708.0,0.0,4016.0,75724.0,78828500.0
00920,富邦ESG綠色電力,上市,-1000.0,0.0,76699.0,75699.0,20280000.0
4585,達明,上市,74066.0,0.0,1007.0,75073.0,104609000.0
4766,南寶,上市,71989.0,0.0,993.0,72982.0,120570780.0
8163,達方,上市,74481.0,0.0,-1745.0,72736.0,280000001.0
1449,佳和,上市,72000.0,0.0,622.0,72622.0,127114572.0
3518,柏騰,上市,72000.0,0.0,316.0,72316.0,102467230.0
5225,東科-KY,上市,70330.0,0.0,-29.0,70301.0,79136499.0
1707,葡萄王,上市,73036.0,0.0,-3399.0,69637.0,148137373.0
1463,強盛新,上市,65000.0,0.0,4000.0,69000.0,173268381.0
2331,精英,上市,21590.0,0.0,47000.0,68590.0,557402968.0
1735,日勝化,上市,74000.0,0.0,-6008.0,67992.0,99388000.0
2029,盛餘,上市,66574.0,0.0,1000.0,67574.0,321180000.0
2102,泰豐,上市,63501.0,0.0,4000.0,67501.0,473329207.0
3048,益登,上市,75312.0,0.0,-7856.0,67456.0,269829794.0
1524,耿鼎,上市,66026.0,0.0,1000.0,67026.0,165310397.0
2243,宏旭-KY,上市,65549.0,0.0,32.0,65581.0,69373596.0
00876,元大全球5G,上市,211000.0,0.0,-145645.0,65355.0,95024000.0
4438,廣越,上市,68146.0,0.0,-3337.0,64809.0,113425455.0
6672,騰輝電子-KY,上市,24538.0,0.0,39656.0,64194.0,71434745.0
1419,新紡,上市,128000.0,-70000.0,6000.0,64000.0,300041280.0
1720,生達,上市,66000.0,0.0,-2383.0,63617.0,196565698.0
6947,台鎔科技,上市,51272.0,0.0,11000.0,62272.0,106126334.0
00901,永豐智能車供應鏈,上市,443000.0,0.0,-380878.0,62122.0,62349000.0
1325,恆大,上市,60000.0,0.0,2000.0,62000.0,85281198.0
2528,皇普,上市,57999.0,0.0,4000.0,61999.0,435996467.0
6206,飛捷,上市,53030.0,-2139.0,10171.0,61062.0,143062324.0
6861,睿生光電,上市,62571.0,0.0,-1657.0,60914.0,41599250.0
3701,大眾控,上市,74637.0,0.0,-13764.0,60873.0,236637616.0
006206,元大上證50,上市,11000.0,0.0,48885.0,59885.0,26778000.0
00640L,富邦日本正2,上市,5000.0,0.0,54371.0,59371.0,6419000.0
6742,澤米,上市,58120.0,0.0,1000.0,59120.0,71267948.0
1471,首利,上市,56000.0,0.0,1949.0,57949.0,150414536.0
00908,富邦入息REITs+,上市,-32000.0,0.0,89628.0,57628.0,34416000.0
7855,和運租車,上市,57000.0,0.0,0.0,57000.0,277304928.0
3257,虹冠電,上市,57000.0,0.0,0.0,57000.0,79823590.0
6799,來頡,上市,56000.0,0.0,952.0,56952.0,43652193.0
9933,中鼎,上市,-337449.0,403000.0,-9484.0,56067.0,944437034.0
1307,三芳,上市,62000.0,-9958.0,4000.0,56042.0,397818126.0
8070,長華*,上市,70010.0,-7712.0,-6309.0,55989.0,725648455.0
6994,富威電力,上市,50075.0,0.0,5521.0,55596.0,74162071.0
1806,冠軍,上市,54298.0,0.0,1000.0,55298.0,390403870.0
4952,凌通,上市,64249.0,0.0,-8998.0,55251.0,108815816.0
2504,國產,上市,86489.0,-2000.0,-30000.0,54489.0,1180000000.0
7822,倍利科,上市,52993.0,0.0,1495.0,54488.0,45560763.0
4119,旭富,上市,62000.0,0.0,-8551.0,53449.0,119508634.0
0061,元大寶滬深,上市,58000.0,0.0,-4894.0,53106.0,96116000.0
2849,安泰銀,上市,50000.0,0.0,3000.0,53000.0,1957609349.0
2025,千興,上市,50419.0,0.0,2000.0,52419.0,172660536.0
6592,和潤企業,上市,-108080.0,159000.0,1214.0,52134.0,741845008.0
1236,宏亞,上市,51800.0,0.0,0.0,51800.0,86674008.0
3056,富華新,上市,51387.0,0.0,0.0,51387.0,480555051.0
1436,華友聯,上市,49129.0,0.0,2000.0,51129.0,194151795.0
00861,元大全球未來通訊,上市,151000.0,0.0,-99980.0,51020.0,69912000.0
8081,致新,上市,25000.0,54000.0,-28202.0,50798.0,86172072.0
2420,新巨,上市,49140.0,0.0,1000.0,50140.0,152648688.0
2739,寒舍,上市,49000.0,0.0,1000.0,50000.0,91526000.0
1466,聚隆,上市,53337.0,0.0,-4000.0,49337.0,111157320.0
3060,銘異,上市,48588.0,0.0,0.0,48588.0,137563190.0
1702,南僑,上市,48000.0,0.0,0.0,48000.0,294132962.0
912000,晨訊科-DR,上市,48000.0,0.0,0.0,48000.0,159293516.0
6698,旭暉應材,上市,47000.0,0.0,1000.0,48000.0,66389753.0
5244,弘凱,上市,48000.0,0.0,0.0,48000.0,68241899.0
1590,亞德客-KY,上市,42673.0,0.0,2440.0,45113.0,199999998.0
00943,兆豐電子高息等權,上市,2000.0,0.0,42875.0,44875.0,40389000.0
2495,普安,上市,51065.0,20000.0,-26821.0,44244.0,273551538.0
00903,富邦元宇宙,上市,-1000.0,0.0,45000.0,44000.0,47221000.0
2109,華豐,上市,41989.0,0.0,2000.0,43989.0,279349134.0
6885,全福生技,上市,42600.0,0.0,1000.0,43600.0,133061000.0
00956,中信日經高股息,上市,0.0,0.0,43448.0,43448.0,33130000.0
2453,凌群,上市,43101.0,0.0,0.0,43101.0,100000000.0
6552,易華電,上市,43000.0,0.0,0.0,43000.0,83000000.0
2923,鼎固-KY,上市,48999.0,0.0,-6000.0,42999.0,1740296982.0
00911,兆豐洲際半導體,上市,-3150.0,0.0,46000.0,42850.0,32403000.0
6426,統新,上市,-31774.0,62000.0,10804.0,41030.0,38509000.0
3607,谷崧,上市,35000.0,0.0,6000.0,41000.0,121662239.0
1568,倉佑,上市,41328.0,0.0,-1106.0,40222.0,103086559.0
3308,聯德,上市,40000.0,0.0,0.0,40000.0,60000000.0
1587,吉茂,上市,38999.0,0.0,877.0,39876.0,80055672.0
6526,達發,上市,-18262.0,0.0,57957.0,39695.0,167505554.0
6405,悅城,上市,40000.0,0.0,-998.0,39002.0,65800000.0
4755,三福化,上市,21000.0,0.0,18000.0,39000.0,100706000.0
1215,卜蜂,上市,37990.0,0.0,1000.0,38990.0,294790098.0
1442,名軒,上市,34980.0,0.0,4000.0,38980.0,366211358.0
2460,建通,上市,36967.0,0.0,2000.0,38967.0,169200000.0
3138,耀登,上市,36892.0,0.0,2074.0,38966.0,56392314.0
00700,富邦恒生國企,上市,26000.0,0.0,12323.0,38323.0,31983000.0
9802,鈺齊-KY,上市,-228693.0,184000.0,82890.0,38197.0,200991673.0
00709,富邦歐洲,上市,0.0,0.0,37722.0,37722.0,14960000.0
2020,美亞,上市,36004.0,0.0,1000.0,37004.0,267031320.0
6491,晶碩,上市,62797.0,-35000.0,8735.0,36532.0,78000000.0
0051,元大中型100,上市,0.0,0.0,36121.0,36121.0,24500000.0
6243,迅杰,上市,35564.0,0.0,544.0,36108.0,45268841.0
1604,聲寶,上市,35000.0,0.0,1000.0,36000.0,384200000.0
4562,穎漢,上市,37000.0,0.0,-1105.0,35895.0,87546000.0
2104,國際中橡,上市,27291.0,0.0,8000.0,35291.0,984733625.0
5469,瀚宇博,上市,41016.0,0.0,-6008.0,35008.0,486166000.0
3027,盛達,上市,35000.0,0.0,0.0,35000.0,129160299.0
00989A,主動摩根美國科技,上市,-3000.0,0.0,37820.0,34820.0,66617000.0
8104,錸寶,上市,32536.0,0.0,2000.0,34536.0,104058192.0
00674R,期元大S&P黃金反1,上市,1000.0,0.0,33289.0,34289.0,14420555.0
020028,元大特選電動車N,上市,0.0,0.0,34000.0,34000.0,0.0
6909,創控,上市,34000.0,0.0,0.0,34000.0,67212600.0
2616,山隆,上市,32000.0,0.0,2000.0,34000.0,137281827.0
1533,車王電,上市,33000.0,0.0,1000.0,34000.0,98547486.0
3028,增你強,上市,37000.0,0.0,-3796.0,33204.0,237241193.0
2832,台產,上市,22701.0,0.0,10382.0,33083.0,253540280.0
3528,安馳,上市,33970.0,0.0,-1000.0,32970.0,66639216.0
3419,譁裕,上市,35000.0,0.0,-3000.0,32000.0,120480417.0
6235,華孚,上市,50050.0,0.0,-18169.0,31881.0,199906306.0
00653L,富邦印度正2,上市,0.0,0.0,31366.0,31366.0,12903000.0
6689,伊雲谷,上市,33000.0,0.0,-2000.0,31000.0,68000000.0
6789,采鈺,上市,-149656.0,78000.0,102440.0,30784.0,318299119.0
009810,玉山全球藍籌100,上市,-15000.0,0.0,45558.0,30558.0,19154000.0
6412,群電,上市,27087.0,8000.0,-4654.0,30433.0,400769126.0
1444,力麗,上市,21668.0,0.0,8000.0,29668.0,995595059.0
2480,敦陽科,上市,29327.0,2688.0,-3107.0,28908.0,106360291.0
6117,迎廣,上市,25719.0,0.0,2851.0,28570.0,92560911.0
8438,昶昕,上市,27425.0,0.0,1000.0,28425.0,69943000.0
00909,國泰數位支付服務,上市,73000.0,0.0,-44789.0,28211.0,106704000.0
2236,百達-KY,上市,26839.0,0.0,1270.0,28109.0,62130976.0
009818,華南永昌NASDAQxT,上市,-1000.0,0.0,29000.0,28000.0,46152000.0
6591,動力-KY,上市,28000.0,0.0,0.0,28000.0,41122465.0
6830,汎銓,上市,-49095.0,0.0,77074.0,27979.0,53446888.0
9958,世紀鋼,上市,56030.0,0.0,-29000.0,27030.0,246896665.0
6657,華安,上市,26000.0,0.0,1000.0,27000.0,88808000.0
2524,京城,上市,25000.0,0.0,2000.0,27000.0,365983545.0
4736,泰博,上市,31881.0,0.0,-5000.0,26881.0,95374469.0
1337,再生-KY,上市,24080.0,0.0,2000.0,26080.0,268954729.0
006205,富邦上証,上市,-17000.0,0.0,43039.0,26039.0,93439000.0
6743,安普新,上市,24759.0,0.0,1000.0,25759.0,150000000.0
6409,旭隼,上市,15750.0,902.0,8957.0,25609.0,88253566.0
1783,和康生,上市,25000.0,0.0,0.0,25000.0,89698115.0
3705,永信,上市,23000.0,0.0,2000.0,25000.0,266422983.0
1340,勝悅-KY,上市,24000.0,0.0,0.0,24000.0,152922855.0
1464,得力,上市,53000.0,0.0,-29000.0,24000.0,425575733.0
1225,福懋油,上市,24000.0,0.0,0.0,24000.0,242268306.0
1617,榮星,上市,-23851.0,0.0,47827.0,23976.0,169514700.0
00731,復華富時高息低波,上市,-13000.0,0.0,36920.0,23920.0,20100000.0
8110,華東,上市,35769.0,0.0,-12334.0,23435.0,517739876.0
1731,美吾華,上市,22000.0,0.0,1000.0,23000.0,132915244.0
020034,元大IC設計N,上市,0.0,0.0,23000.0,23000.0,0.0
2028,威致,上市,29000.0,0.0,-6000.0,23000.0,325714800.0
7610,聯友金屬-創,上市,21288.0,0.0,1596.0,22884.0,58305456.0
00638R,元大滬深300反1,上市,0.0,0.0,22490.0,22490.0,22948000.0
6168,宏齊,上市,24621.0,0.0,-2171.0,22450.0,205761801.0
7821,神數,上市,22000.0,0.0,0.0,22000.0,121913300.0
1528,恩德,上市,21000.0,0.0,1000.0,22000.0,191331000.0
00634R,富邦上証反1,上市,-6000.0,0.0,27651.0,21651.0,42756000.0
00763U,期街口道瓊銅,上市,1000.0,0.0,20370.0,21370.0,41065000.0
1582,信錦,上市,30435.0,0.0,-9347.0,21088.0,144268604.0
5236,凌陽創新,上市,20826.0,0.0,0.0,20826.0,60004038.0
5434,崇越,上市,28822.0,-4888.0,-3492.0,20442.0,193657655.0
7750,新代,上市,6842.0,11000.0,2533.0,20375.0,71843000.0
7740,熙特爾-創,上市,17000.0,0.0,3127.0,20127.0,60000000.0
2417,圓剛,上市,22103.0,0.0,-2000.0,20103.0,157218864.0
5222,全訊,上市,18920.0,0.0,1131.0,20051.0,91094968.0
9919,康那香,上市,19000.0,0.0,1000.0,20000.0,195362750.0
5484,慧友,上市,20000.0,0.0,0.0,20000.0,66801000.0
6283,淳安,上市,19000.0,0.0,1000.0,20000.0,147581343.0
2059,川湖,上市,41916.0,-24029.0,1657.0,19544.0,95297072.0
00656R,國泰中國A50反1,上市,0.0,0.0,19465.0,19465.0,20357000.0
4164,承業醫,上市,20695.0,0.0,-1483.0,19212.0,195310989.0
9912,偉聯,上市,17000.0,0.0,2000.0,19000.0,53792569.0
3686,達能,上市,19000.0,0.0,0.0,19000.0,76495118.0
4555,氣立,上市,17000.0,0.0,2000.0,19000.0,69987653.0
2904,匯僑,上市,19000.0,0.0,0.0,19000.0,77834432.0
3591,艾笛森,上市,18991.0,0.0,0.0,18991.0,145386835.0
2471,資通,上市,18941.0,0.0,0.0,18941.0,47253890.0
1623,大東電,上市,18035.0,0.0,512.0,18547.0,66000000.0
3652,精聯,上市,19000.0,0.0,-1000.0,18000.0,75097500.0
020029,元大ESG高股息N,上市,0.0,0.0,18000.0,18000.0,0.0
00639,富邦深100,上市,1000.0,0.0,16279.0,17279.0,95903000.0
006207,復華滬深,上市,2000.0,0.0,15149.0,17149.0,20892000.0
3588,通嘉,上市,18000.0,0.0,-977.0,17023.0,61991182.0
2440,太空梭,上市,16000.0,0.0,1000.0,17000.0,139117271.0
9955,佳龍,上市,16000.0,0.0,1000.0,17000.0,104424629.0
020020,元大台股領航N,上市,0.0,0.0,17000.0,17000.0,0.0
8072,陞泰,上市,16000.0,0.0,1000.0,17000.0,80000000.0
020030,統一智慧電動車N,上市,0.0,0.0,17000.0,17000.0,0.0
2705,六福,上市,16000.0,0.0,1000.0,17000.0,191312830.0
00683L,期元大美元指正2,上市,2000.0,0.0,14951.0,16951.0,11434000.0
8476,台境*,上市,15590.0,0.0,1000.0,16590.0,166226358.0
00654R,富邦印度反1,上市,1000.0,0.0,15000.0,16000.0,19466000.0
7705,三商餐飲,上市,15000.0,0.0,1000.0,16000.0,66067304.0
6757,台灣虎航,上市,15000.0,0.0,1000.0,16000.0,459530000.0
4545,銘鈺,上市,16000.0,0.0,0.0,16000.0,77000000.0
2642,宅配通,上市,16000.0,0.0,0.0,16000.0,95467000.0
1437,勤益控,上市,15000.0,0.0,1000.0,16000.0,201871284.0
7803,雲象科技-創,上市,6000.0,0.0,9950.0,15950.0,94412888.0
1432,大魯閣,上市,14599.0,0.0,1000.0,15599.0,108000000.0
3167,大量,上市,-40605.0,51000.0,5147.0,15542.0,89513491.0
1321,大洋,上市,15079.0,0.0,0.0,15079.0,227228268.0
2509,全坤建,上市,13000.0,0.0,2000.0,15000.0,224550530.0
7631,聚賢研發-創,上市,21649.0,0.0,-6653.0,14996.0,20142000.0
00717,富邦美國特別股,上市,-2000.0,0.0,16515.0,14515.0,119605000.0
00986A,主動台新龍頭成長,上市,19000.0,0.0,-4722.0,14278.0,39327000.0
4536,拓凱,上市,14095.0,1000.0,-830.0,14265.0,90820000.0
4108,懷特,上市,14000.0,0.0,0.0,14000.0,198618879.0
2908,特力,上市,10000.0,0.0,4000.0,14000.0,509887558.0
2254,巨鎧精密-創,上市,9000.0,0.0,5000.0,14000.0,63907680.0
9905,大華,上市,20000.0,0.0,-6000.0,14000.0,305000000.0
3057,喬鼎,上市,13000.0,0.0,1000.0,14000.0,67864629.0
00666R,富邦恒生國企反1,上市,0.0,0.0,13050.0,13050.0,12124000.0
6558,興能高,上市,12000.0,0.0,1000.0,13000.0,93788875.0
4942,嘉彰,上市,13000.0,0.0,0.0,13000.0,142367613.0
5306,桂盟,上市,-39000.0,50000.0,2000.0,13000.0,126000772.0
6225,天瀚,上市,13000.0,0.0,0.0,13000.0,27800000.0
2438,翔耀,上市,13000.0,0.0,0.0,13000.0,71195641.0
3002,歐格,上市,12000.0,0.0,998.0,12998.0,102000000.0
2431,聯昌,上市,10995.0,0.0,2000.0,12995.0,110927014.0
2380,虹光,上市,12894.0,0.0,0.0,12894.0,60000000.0
1903,士紙,上市,10000.0,0.0,2892.0,12892.0,260039121.0
00661,元大日經225,上市,1000.0,0.0,11670.0,12670.0,23425000.0
8473,山林水,上市,10499.0,0.0,2000.0,12499.0,181201378.0
3016,嘉晶,上市,-101097.0,0.0,113378.0,12281.0,288541819.0
4771,望隼,上市,17042.0,0.0,-4933.0,12109.0,58708700.0
7689,大鵬科CLMX,上市,6000.0,0.0,6000.0,12000.0,58507250.0
3669,圓展,上市,11000.0,0.0,1000.0,12000.0,92919950.0
00643,群益深証中小,上市,32000.0,0.0,-20012.0,11988.0,72503000.0
6230,尼得科超眾,上市,13000.0,0.0,-1090.0,11910.0,86343396.0
2022,聚亨,上市,13487.0,0.0,-2000.0,11487.0,337168138.0
2497,怡利電,上市,-10500.0,20000.0,1830.0,11330.0,130887676.0
2032,新鋼,上市,11212.0,0.0,0.0,11212.0,130521545.0
6969,成信實業*-創,上市,10000.0,0.0,1012.0,11012.0,43857189.0
1220,台榮,上市,9000.0,0.0,2000.0,11000.0,177077944.0
1217,愛之味,上市,11000.0,0.0,0.0,11000.0,494513336.0
1110,東泥,上市,7000.0,0.0,4000.0,11000.0,572000797.0
5538,東明-KY,上市,10000.0,0.0,910.0,10910.0,201203333.0
1103,嘉泥,上市,7170.0,0.0,3000.0,10170.0,832874553.0
1452,宏益,上市,9000.0,0.0,1000.0,10000.0,132641400.0
4155,訊映,上市,13000.0,0.0,-3000.0,10000.0,144684164.0
3150,鈺寶-創,上市,12000.0,0.0,-2000.0,10000.0,44377001.0
6128,上福,上市,6000.0,0.0,4000.0,10000.0,127588740.0
7760,享溫馨,上市,10000.0,0.0,0.0,10000.0,66048000.0
8442,威宏-KY,上市,8000.0,0.0,2000.0,10000.0,70169764.0
8429,金麗-KY,上市,9000.0,0.0,1000.0,10000.0,185747151.0
1446,宏和,上市,8000.0,0.0,2000.0,10000.0,137709513.0
2247,汎德永業,上市,8329.0,0.0,1000.0,9329.0,80708735.0
8404,百和興業-KY,上市,8283.0,0.0,1000.0,9283.0,419933884.0
2850,新產,上市,-86505.0,101000.0,-5394.0,9101.0,315963300.0
2748,雲品,上市,9000.0,0.0,0.0,9000.0,105778740.0
2433,互盛電,上市,8000.0,0.0,1000.0,9000.0,144496011.0
1410,南染,上市,8000.0,0.0,1000.0,9000.0,62000000.0
9902,台火,上市,8000.0,0.0,1000.0,9000.0,98049600.0
7835,永悅健康-創,上市,3000.0,0.0,6000.0,9000.0,46544367.0
6776,展碁國際,上市,10000.0,0.0,-1000.0,9000.0,91581430.0
5288,豐祥-KY,上市,74000.0,-59000.0,-6004.0,8996.0,69698722.0
1733,五鼎,上市,7862.0,0.0,1000.0,8862.0,99950192.0
2482,連宇,上市,10000.0,0.0,-1167.0,8833.0,77882711.0
00682U,期元大美元指數,上市,0.0,0.0,8700.0,8700.0,7644000.0
00783,富邦中証500,上市,0.0,0.0,8117.0,8117.0,7031000.0
2013,中鋼構,上市,12000.0,0.0,-4000.0,8000.0,200000000.0
2239,英利-KY,上市,7000.0,0.0,1000.0,8000.0,117712593.0
2414,精技,上市,11000.0,0.0,-3000.0,8000.0,161735846.0
2722,夏都,上市,8000.0,0.0,0.0,8000.0,143169696.0
4582,聚恆-創,上市,1000.0,0.0,7000.0,8000.0,75480000.0
2702,華園,上市,6000.0,0.0,2000.0,8000.0,156613249.0
2430,燦坤,上市,6999.0,0.0,1000.0,7999.0,116800000.0
1906,寶隆,上市,2924.0,0.0,5000.0,7924.0,151000000.0
2237,華德動能-創,上市,-2000.0,0.0,9000.0,7000.0,128937901.0
4569,六方科-KY,上市,7000.0,0.0,0.0,7000.0,30600000.0
6431,光麗-KY,上市,7000.0,0.0,0.0,7000.0,97398835.0
9935,慶豐富,上市,7999.0,0.0,-1000.0,6999.0,177838926.0
0057,富邦摩台,上市,0.0,0.0,6812.0,6812.0,1527000.0
2611,志信,上市,5467.0,0.0,1000.0,6467.0,189002272.0
4195,基米-創,上市,4000.0,0.0,2198.0,6198.0,80000057.0
00762,元大全球AI,上市,-1000.0,0.0,7137.0,6137.0,46748000.0
6955,邦睿生技-創,上市,2000.0,0.0,4064.0,6064.0,24800785.0
5907,大洋-KY,上市,5000.0,0.0,1000.0,6000.0,195531000.0
9927,泰銘,上市,-35000.0,0.0,41000.0,6000.0,120000000.0
9906,欣巴巴,上市,4000.0,0.0,2000.0,6000.0,90376358.0
4133,亞諾法,上市,5000.0,0.0,1000.0,6000.0,60553594.0
4169,泰宗,上市,6000.0,0.0,0.0,6000.0,66431612.0
2207,和泰車,上市,-65659.0,71000.0,0.0,5341.0,557102768.0
2012,春雨,上市,3000.0,0.0,2000.0,5000.0,302162700.0
1725,元禎,上市,3000.0,0.0,2000.0,5000.0,181829978.0
6928,攸泰科技,上市,5000.0,0.0,0.0,5000.0,86000000.0
6796,晉弘,上市,6000.0,0.0,-1000.0,5000.0,40233970.0
4414,如興,上市,4000.0,0.0,1000.0,5000.0,263795773.0
6582,申豐,上市,2000.0,0.0,3000.0,5000.0,106174141.0
1315,達新,上市,3997.0,0.0,1000.0,4997.0,99099000.0
00657,國泰日經225,上市,-1000.0,0.0,5849.0,4849.0,6084000.0
00972,野村日本動能高息,上市,102000.0,0.0,-97322.0,4678.0,15672000.0
0053,元大電子,上市,-999.0,0.0,5510.0,4511.0,9988000.0
1529,樂事綠能,上市,-6723.0,0.0,11000.0,4277.0,155095074.0
3092,鴻碩,上市,4000.0,0.0,144.0,4144.0,106649250.0
4178,永笙-KY,上市,2000.0,0.0,2000.0,4000.0,215866981.0
1473,台南,上市,2000.0,0.0,2000.0,4000.0,146153534.0
1423,利華,上市,3000.0,0.0,1000.0,4000.0,99648000.0
1454,台富,上市,3000.0,0.0,1000.0,4000.0,129833848.0
1235,興泰,上市,3000.0,0.0,1000.0,4000.0,188577836.0
6835,圓裕,上市,3000.0,0.0,1000.0,4000.0,66172297.0
6887,寶綠特-KY,上市,6000.0,0.0,-2000.0,4000.0,74151512.0
6916,華凌,上市,4000.0,0.0,0.0,4000.0,67500000.0
4935,茂林-KY,上市,6000.0,0.0,-2000.0,4000.0,128864091.0
5546,永固-KY,上市,-1000.0,0.0,5000.0,4000.0,82353402.0
3266,昇陽,上市,2000.0,0.0,2000.0,4000.0,352314309.0
4588,玖鼎電力,上市,3000.0,0.0,1000.0,4000.0,42985000.0
9943,好樂迪,上市,4000.0,0.0,0.0,4000.0,125171510.0
6133,金橋,上市,1955.0,0.0,2000.0,3955.0,117006294.0
00739,元大MSCI A股,上市,1000.0,0.0,2924.0,3924.0,25488000.0
4999,鑫禾,上市,5000.0,0.0,-1216.0,3784.0,74417200.0
6605,帝寶,上市,7031.0,0.0,-3273.0,3758.0,165816397.0
4583,台灣精銳,上市,3180.0,0.0,-21.0,3159.0,80171351.0
7768,頌勝科技,上市,2020.0,0.0,1000.0,3020.0,70065000.0
006204,永豐臺灣加權,上市,0.0,0.0,3005.0,3005.0,1500000.0
00736,國泰新興市場,上市,-1000.0,0.0,4000.0,3000.0,6727000.0
00660,元大歐洲50,上市,1000.0,0.0,2000.0,3000.0,7031000.0
020012,富邦行動通訊N,上市,0.0,0.0,3000.0,3000.0,0.0
6931,青松健康,上市,3000.0,0.0,0.0,3000.0,66152160.0
6936,永鴻生技,上市,2000.0,0.0,1000.0,3000.0,72804000.0
5215,科嘉-KY,上市,7000.0,0.0,-4000.0,3000.0,64337500.0
1445,大宇,上市,2000.0,0.0,1000.0,3000.0,130666034.0
1521,大億,上市,2000.0,0.0,1000.0,3000.0,76230000.0
2712,遠雄來,上市,2000.0,0.0,1000.0,3000.0,105000000.0
2891B,中信金乙特,上市,0.0,0.0,3000.0,3000.0,333330000.0
3043,科風,上市,3000.0,0.0,0.0,3000.0,38975634.0
6807,峰源-KY,上市,2000.0,0.0,1000.0,3000.0,54000000.0
1323,永裕,上市,1984.0,0.0,1000.0,2984.0,91274554.0
1459,聯發,上市,-37.0,0.0,3000.0,2963.0,268971680.0
8201,無敵,上市,1823.0,0.0,1000.0,2823.0,62366275.0
1460,宏遠,上市,-3438.0,0.0,6000.0,2562.0,694643484.0
6924,榮惠-KY創,上市,4100.0,0.0,-2000.0,2100.0,20624000.0
9944,新麗,上市,9020.0,0.0,-7000.0,2020.0,105908100.0
3018,隆銘綠能,上市,2000.0,0.0,2.0,2002.0,75377715.0
6958,日盛台駿,上市,-1000.0,0.0,3000.0,2000.0,401289360.0
1418,東華,上市,2000.0,0.0,0.0,2000.0,56834309.0
1730,花仙子,上市,-1000.0,0.0,3000.0,2000.0,63233851.0
2881C,富邦金丙特,上市,2000.0,0.0,0.0,2000.0,333330000.0
9924,福興,上市,1000.0,0.0,1000.0,2000.0,150761736.0
8481,政伸,上市,2000.0,0.0,0.0,2000.0,66601866.0
01010T,京城樂富R1,上市,2000.0,0.0,0.0,2000.0,0.0
020036,元大金融配息N,上市,0.0,0.0,2000.0,2000.0,0.0
7791,皇家可口,上市,-1000.0,0.0,3000.0,2000.0,80000000.0
6641,基士德-KY,上市,2000.0,0.0,0.0,2000.0,36500000.0
5525,順天,上市,16000.0,0.0,-14000.0,2000.0,318105378.0
4737,華廣,上市,2000.0,0.0,0.0,2000.0,77398253.0
6504,南六,上市,1000.0,0.0,1000.0,2000.0,72600000.0
1506,正道,上市,0.0,0.0,2000.0,2000.0,300388501.0
1539,巨庭,上市,2000.0,0.0,0.0,2000.0,65370000.0
1324,地球,上市,2000.0,0.0,0.0,2000.0,75121882.0
2881B,富邦金乙特,上市,0.0,0.0,2000.0,2000.0,666660000.0
00684R,期元大美元指反1,上市,0.0,0.0,1996.0,1996.0,9688000.0
006203,元大MSCI台灣,上市,0.0,0.0,1821.0,1821.0,10218000.0
2231,為升,上市,1000.0,0.0,672.0,1672.0,135931870.0
5234,達興材料,上市,4000.0,0.0,-2410.0,1590.0,102715911.0
5706,鳳凰,上市,6279.0,0.0,-5000.0,1279.0,83767920.0
6449,鈺邦,上市,-1759.0,0.0,2908.0,1149.0,91878014.0
00689R,國泰20年美債反1,上市,0.0,0.0,1020.0,1020.0,6889000.0
00681R,元大美債20反1,上市,1000.0,0.0,0.0,1000.0,7594000.0
020032,元大綠能N,上市,0.0,0.0,1000.0,1000.0,0.0
8482,商億-KY,上市,0.0,0.0,1000.0,1000.0,107444000.0
5007,三星,上市,0.0,0.0,1000.0,1000.0,294940154.0
6722,輝創,上市,0.0,0.0,1000.0,1000.0,88400000.0
6934,心誠鎂,上市,1000.0,0.0,0.0,1000.0,35972762.0
1776,展宇,上市,1000.0,0.0,0.0,1000.0,60106952.0
1435,中福,上市,0.0,0.0,1000.0,1000.0,139780080.0
1438,三地開發,上市,0.0,0.0,1000.0,1000.0,111205759.0
1441,大東,上市,0.0,0.0,1000.0,1000.0,71744387.0
1109,信大,上市,0.0,0.0,1000.0,1000.0,341158868.0
1203,味王,上市,-1000.0,0.0,2000.0,1000.0,240000000.0
1474,弘裕,上市,0.0,0.0,1000.0,1000.0,129896969.0
1626,艾美特-KY,上市,0.0,0.0,1000.0,1000.0,149821721.0
2911,麗嬰房,上市,0.0,0.0,1000.0,1000.0,105125999.0
2701,萬企,上市,-3000.0,0.0,4000.0,1000.0,449967838.0
3296,勝德,上市,1000.0,0.0,0.0,1000.0,96724450.0
2432,倚天酷碁-創,上市,0.0,0.0,1000.0,1000.0,61860000.0
6952,大武山,上市,1000.0,0.0,0.0,1000.0,68345000.0
6951,青新-創,上市,1000.0,0.0,0.0,1000.0,52000000.0
1341,富林-KY,上市,0.0,0.0,1000.0,1000.0,52850634.0
1526,日馳,上市,714.0,0.0,0.0,714.0,60000000.0
6854,錼創科技-KY創,上市,3000.0,0.0,-2378.0,622.0,117678622.0
3051,力特,上市,-1050.0,0.0,1597.0,547.0,167000000.0
00875,國泰網路資安,上市,1000.0,0.0,-678.0,322.0,14988000.0
1234,黑松,上市,-2000.0,0.0,2254.0,254.0,401871094.0
6902,GOGOLOOK,上市,60.0,0.0,0.0,60.0,35529948.0
00737,國泰AI機器人,上市,-2000.0,0.0,2041.0,41.0,22538000.0
00657K,國泰日經225+U,上市,0.0,0.0,0.0,0.0,2900.0
00668K,國泰美國道瓊+U,上市,0.0,0.0,0.0,0.0,7500.0
020000,富邦特選蘋果N,上市,0.0,0.0,0.0,0.0,0.0
8488,吉源-KY,上市,0.0,0.0,0.0,0.0,73500000.0
9931,欣高,上市,-1000.0,0.0,1000.0,0.0,120369303.0
00643K,群益深証中小+R,上市,0.0,0.0,0.0,0.0,197000.0
00636K,國泰中國A50+U,上市,0.0,0.0,0.0,0.0,62100.0
6754,匯僑設計,上市,-1000.0,0.0,1000.0,0.0,66000000.0
6655,科定,上市,-1000.0,0.0,1000.0,0.0,80571817.0
6921,嘉雨思-創,上市,0.0,0.0,0.0,0.0,31836941.0
6918,愛派司,上市,-1000.0,0.0,1000.0,0.0,34571000.0
6965,中傑-KY,上市,-1000.0,0.0,1000.0,0.0,156336000.0
7732,金興精密,上市,-1000.0,0.0,1000.0,0.0,64680000.0
4994,傳奇,上市,0.0,0.0,0.0,0.0,66383400.0
1456,怡華,上市,1000.0,0.0,-1000.0,0.0,93720000.0
1583,程泰,上市,-1000.0,0.0,1000.0,0.0,109400372.0
1475,業旺,上市,0.0,0.0,0.0,0.0,66016749.0
1468,昶和,上市,0.0,0.0,0.0,0.0,160405244.0
1752,南光,上市,-1000.0,0.0,1000.0,0.0,100988472.0
2024,志聯,上市,-1000.0,0.0,1000.0,0.0,97500000.0
3164,景岳,上市,-1000.0,0.0,1000.0,0.0,86010364.0
4190,佐登-KY,上市,-1000.0,0.0,1000.0,0.0,61266647.0
4557,永新-KY,上市,0.0,0.0,0.0,0.0,47971840.0
2939,永邑-KY,上市,0.0,0.0,0.0,0.0,45548665.0
1413,宏洲,上市,-1000.0,0.0,1000.0,0.0,132112454.0
2250,IKKA-KY,上市,0.0,0.0,0.0,0.0,36388226.0
2516,新建,上市,-1001.0,0.0,1000.0,-1.0,226278457.0
2488,漢平,上市,-93.0,0.0,0.0,-93.0,79999433.0
6908,宏碁遊戲-創,上市,0.0,0.0,-100.0,-100.0,37180000.0
3032,偉訓,上市,18553.0,0.0,-19000.0,-447.0,113285626.0
00668,國泰美國道瓊,上市,0.0,0.0,-464.0,-464.0,7483000.0
9926,新海,上市,-2000.0,0.0,1000.0,-1000.0,179504075.0
9941A,裕融甲特,上市,-1000.0,0.0,0.0,-1000.0,100000000.0
8411,福貞-KY,上市,-4000.0,0.0,3000.0,-1000.0,218404319.0
8467,波力-KY,上市,-1000.0,0.0,0.0,-1000.0,48373575.0
6792,詠業,上市,-1000.0,0.0,0.0,-1000.0,47875325.0
6645,金萬林-創,上市,0.0,0.0,-1000.0,-1000.0,60864050.0
6281,全國電,上市,-1000.0,0.0,0.0,-1000.0,99172945.0
3168,眾福科,上市,-1000.0,0.0,0.0,-1000.0,75099649.0
4148,全宇生技-KY,上市,-1000.0,0.0,0.0,-1000.0,67235701.0
3679,新至陞,上市,-1000.0,0.0,0.0,-1000.0,63022229.0
2450,神腦,上市,-2000.0,0.0,1000.0,-1000.0,258252657.0
2945,三商家購,上市,-1000.0,0.0,0.0,-1000.0,67500000.0
2901,欣欣,上市,-2000.0,0.0,1000.0,-1000.0,73043283.0
2882B,國泰金乙特,上市,0.0,0.0,-1000.0,-1000.0,700000000.0
2008,高興昌,上市,-2000.0,0.0,1000.0,-1000.0,190852293.0
2314,台揚,上市,-1000.0,0.0,0.0,-1000.0,108596422.0
1453,大將,上市,-2000.0,0.0,1000.0,-1000.0,113243048.0
1233,天仁,上市,-2000.0,0.0,1000.0,-1000.0,90591948.0
6771,平和環保-創,上市,-2000.0,0.0,1000.0,-1000.0,31179500.0
4930,燦星網,上市,-2000.0,0.0,1000.0,-1000.0,80000000.0
6606,建德工業,上市,-2000.0,0.0,1000.0,-1000.0,110303783.0
9929,秋雨,上市,-2000.0,0.0,1000.0,-1000.0,101280000.0
8499,鼎炫-KY,上市,-1000.0,0.0,-23.0,-1023.0,41165557.0
7823,奧義賽博-KY創,上市,-2000.0,0.0,900.0,-1100.0,33490890.0
8487,愛爾達-創,上市,-1000.0,0.0,-101.0,-1101.0,26535000.0
1530,亞崴,上市,-820.0,0.0,-309.0,-1129.0,94594171.0
00775B,台新投等債15+,上市,0.0,0.0,-1301.0,-1301.0,232100000.0
3004,豐達科,上市,-2308.0,0.0,1000.0,-1308.0,64365055.0
3015,全漢,上市,0.0,0.0,-1337.0,-1337.0,187261950.0
00971,野村美國研發龍頭,上市,1000.0,0.0,-2715.0,-1715.0,55177000.0
6862,三集瑞-KY,上市,-1000.0,0.0,-956.0,-1956.0,50000000.0
2348,海悅,上市,-1988.0,0.0,0.0,-1988.0,159485596.0
2114,鑫永銓,上市,-2000.0,0.0,0.0,-2000.0,77991707.0
1541,錩泰,上市,-2000.0,0.0,0.0,-2000.0,78800000.0
1472,三洋實業,上市,-3000.0,0.0,1000.0,-2000.0,52488082.0
1439,雋揚,上市,-2000.0,0.0,0.0,-2000.0,92000000.0
1416,廣豐,上市,19000.0,0.0,-21000.0,-2000.0,185342168.0
3311,閎暉,上市,-2000.0,0.0,0.0,-2000.0,100000000.0
3432,台端,上市,-2000.0,0.0,0.0,-2000.0,42230000.0
2929,淘帝-KY,上市,-3000.0,0.0,1000.0,-2000.0,109493838.0
6838,台新藥,上市,-3000.0,0.0,1000.0,-2000.0,150977100.0
6794,向榮生技,上市,-2000.0,0.0,0.0,-2000.0,63637000.0
6674,鋐寶科技,上市,-2000.0,0.0,0.0,-2000.0,68550659.0
7736,虎山,上市,-3000.0,0.0,1000.0,-2000.0,76000000.0
5522,遠雄,上市,-2000.0,7000.0,-7000.0,-2000.0,781596241.0
8478,東哥遊艇,上市,23000.0,0.0,-25000.0,-2000.0,93972276.0
9918,欣天然,上市,-2000.0,0.0,0.0,-2000.0,180537453.0
01007T,兆豐國泰R2,上市,-2000.0,0.0,0.0,-2000.0,0.0
1614,三洋電,上市,-4000.0,0.0,2000.0,-2000.0,269113406.0
911868,同方友友-DR,上市,-2000.0,0.0,0.0,-2000.0,140000000.0
6581,鋼聯,上市,-3000.0,0.0,1000.0,-2000.0,111270887.0
2227,裕日車,上市,-4025.0,0.0,2000.0,-2025.0,300000000.0
1817,凱撒衛,上市,-1000.0,0.0,-2000.0,-3000.0,72600000.0
1338,廣華-KY,上市,-3000.0,0.0,0.0,-3000.0,83840000.0
1525,江申,上市,-4000.0,0.0,1000.0,-3000.0,73400135.0
2496,卓越,上市,-3000.0,0.0,0.0,-3000.0,19100440.0
3557,嘉威,上市,-3000.0,0.0,0.0,-3000.0,84315435.0
8466,美吉吉-KY,上市,-4000.0,0.0,1000.0,-3000.0,79445628.0
8367,建新國際,上市,-4000.0,0.0,1000.0,-3000.0,92172031.0
6464,台數科,上市,-4000.0,0.0,1000.0,-3000.0,133932793.0
6666,羅麗芬-KY,上市,-3000.0,0.0,0.0,-3000.0,47388000.0
4106,雃博,上市,-2000.0,0.0,-1000.0,-3000.0,100911557.0
7730,暉盛-創,上市,-3000.0,0.0,-50.0,-3050.0,36796731.0
2211,長榮鋼,上市,-36000.0,46789.0,-14517.0,-3728.0,417091463.0
1762,中化生,上市,-3000.0,0.0,-1000.0,-4000.0,76918000.0
2373,震旦行,上市,-5000.0,0.0,1000.0,-4000.0,236202518.0
4552,力達-KY,上市,-5000.0,0.0,1000.0,-4000.0,116000000.0
6183,關貿,上市,-3000.0,0.0,-1000.0,-4000.0,150000000.0
9937,全國,上市,-6000.0,0.0,2000.0,-4000.0,309043000.0
1443,立益物流,上市,-5000.0,0.0,1000.0,-4000.0,135343011.0
00714,群益道瓊美國地產,上市,-1000.0,0.0,-3154.0,-4154.0,20067000.0
00711B,復華彭博新興債,上市,-5000.0,0.0,824.0,-4176.0,871761000.0
2514,龍邦,上市,-5000.0,0.0,754.0,-4246.0,394729278.0
6890,來億-KY,上市,-20102.0,20000.0,-4311.0,-4413.0,249400000.0
5519,隆大,上市,-5450.0,0.0,1000.0,-4450.0,230157039.0
00771,元大US高息特別股,上市,0.0,0.0,-4780.0,-4780.0,14225000.0
6201,亞弘電,上市,-5000.0,0.0,0.0,-5000.0,89200000.0
7786,東方風能,上市,-7000.0,0.0,2000.0,-5000.0,175953944.0
2424,隴華,上市,-5000.0,0.0,0.0,-5000.0,59585000.0
1512,瑞利,上市,-6000.0,0.0,1000.0,-5000.0,98183498.0
3130,一零四,上市,-6000.0,0.0,1000.0,-5000.0,33190700.0
9930,中聯資源,上市,-3000.0,0.0,-2182.0,-5182.0,248540368.0
8464,億豐,上市,-65001.0,60000.0,-205.0,-5206.0,293020200.0
2038,海光,上市,-6539.0,0.0,1000.0,-5539.0,194134303.0
8463,潤泰材,上市,-7000.0,0.0,1000.0,-6000.0,150000000.0
7721,微程式,上市,-4000.0,0.0,-2000.0,-6000.0,55370000.0
6614,資拓宏宇,上市,-7000.0,0.0,1000.0,-6000.0,80660521.0
1535,中宇,上市,-7000.0,0.0,1000.0,-6000.0,123742552.0
2115,六暉-KY,上市,1000.0,0.0,-7000.0,-6000.0,104373163.0
2762,世界健身-KY,上市,-7000.0,0.0,1000.0,-6000.0,112500000.0
4439,冠星-KY,上市,-6000.0,0.0,0.0,-6000.0,38112187.0
3025,星通,上市,-6000.0,0.0,0.0,-6000.0,56736440.0
2248,華勝-KY,上市,-6001.0,0.0,0.0,-6001.0,47600000.0
00647L,元大S&P500正2,上市,0.0,0.0,-6501.0,-6501.0,6416000.0
6155,鈞寶,上市,-6998.0,0.0,0.0,-6998.0,88023988.0
6790,永豐實,上市,-9900.0,0.0,2712.0,-7188.0,267129021.0
6625,必應,上市,-7000.0,0.0,-363.0,-7363.0,57972488.0
00916,國泰全球品牌50,上市,-2000.0,0.0,-5562.0,-7562.0,105919000.0
3494,誠研,上市,-8000.0,0.0,0.0,-8000.0,94800000.0
2910,統領,上市,-10000.0,0.0,2000.0,-8000.0,175403000.0
2887E,台新新光戊特一,上市,-8000.0,0.0,0.0,-8000.0,500000000.0
6534,正瀚-創,上市,-9000.0,0.0,979.0,-8021.0,102800000.0
3530,晶相光,上市,-6880.0,0.0,-1273.0,-8153.0,77475900.0
00703,台新MSCI中國,上市,0.0,0.0,-8291.0,-8291.0,9550000.0
4426,利勤,上市,-11000.0,0.0,2000.0,-9000.0,172677198.0
5533,皇鼎,上市,-2000.0,0.0,-7000.0,-9000.0,285244944.0
4571,鈞興-KY,上市,-8000.0,0.0,-1000.0,-9000.0,53017115.0
3010,華立,上市,-6000.0,0.0,-3034.0,-9034.0,259436817.0
00702,國泰標普低波高息,上市,0.0,0.0,-9286.0,-9286.0,6688000.0
8162,微矽電子-創,上市,-8564.0,0.0,-1207.0,-9771.0,68702000.0
3437,榮創,上市,-13997.0,0.0,4000.0,-9997.0,144548000.0
7765,中華資安,上市,-10000.0,0.0,0.0,-10000.0,40681000.0
8940,新天地,上市,-9000.0,0.0,-1000.0,-10000.0,67491032.0
3501,維熹,上市,-11000.0,0.0,1000.0,-10000.0,118257927.0
2423,固緯,上市,-12000.0,0.0,2000.0,-10000.0,145047289.0
5283,禾聯碩,上市,-10464.0,0.0,0.0,-10464.0,87600510.0
00899,FT潔淨能源,上市,0.0,0.0,-10472.0,-10472.0,16135000.0
2228,劍麟,上市,-11555.0,0.0,1079.0,-10476.0,79779692.0
6957,裕慶-KY,上市,-10891.0,0.0,0.0,-10891.0,55512950.0
00917,中信特選金融,上市,140100.0,0.0,-151086.0,-10986.0,61478000.0
910322,康師傅-DR,上市,-11000.0,0.0,0.0,-11000.0,20765402.0
6024,群益期,上市,-13000.0,0.0,2000.0,-11000.0,266683403.0
2444,兆勁,上市,-12000.0,0.0,1000.0,-11000.0,101569573.0
9136,巨騰-DR,上市,-12000.0,0.0,680.0,-11320.0,133636000.0
3038,全台,上市,-13602.0,0.0,2000.0,-11602.0,157407603.0
02001L,富邦蘋果正二N,上市,0.0,0.0,-12000.0,-12000.0,0.0
8033,雷虎,上市,-28122.0,0.0,15968.0,-12154.0,164629775.0
1232,大統益,上市,-13180.0,0.0,1000.0,-12180.0,159974915.0
1726,永記,上市,-12271.0,0.0,0.0,-12271.0,162000000.0
00852L,國泰美國道瓊正2,上市,0.0,0.0,-12313.0,-12313.0,8365000.0
2466,冠西電,上市,-11590.0,0.0,-1000.0,-12590.0,173458697.0
4572,駐龍,上市,-13000.0,0.0,0.0,-13000.0,40000000.0
2434,統懋,上市,-15000.0,0.0,1996.0,-13004.0,37000000.0
00710B,復華彭博非投等債,上市,5000.0,0.0,-18659.0,-13659.0,179761000.0
4590,富田-創,上市,-15080.0,0.0,1351.0,-13729.0,54838400.0
00982T,平衡兆豐台美動能,上市,0.0,0.0,-13760.0,-13760.0,16597000.0
1615,大山,上市,-15850.0,0.0,2000.0,-13850.0,198630339.0
1339,昭輝,上市,-11000.0,0.0,-3000.0,-14000.0,74123875.0
4440,宜新實業,上市,-4000.0,0.0,-10000.0,-14000.0,67598000.0
1457,宜進,上市,-16000.0,0.0,2000.0,-14000.0,316730022.0
5203,訊連,上市,-10057.0,0.0,-4001.0,-14058.0,77342550.0
2233,宇隆,上市,-10353.0,0.0,-4000.0,-14353.0,60288089.0
1465,偉全,上市,-11433.0,0.0,-3000.0,-14433.0,103607267.0
6906,現觀科,上市,-15980.0,0.0,1341.0,-14639.0,33537400.0
7799,禾榮科,上市,-16000.0,0.0,1000.0,-15000.0,157995500.0
1603,華電,上市,-12001.0,0.0,-3000.0,-15001.0,191688000.0
4104,佳醫,上市,-15956.0,0.0,790.0,-15166.0,188367456.0
7722,LINEPAY,上市,-14194.0,0.0,-1006.0,-15200.0,71400000.0
9942,茂順,上市,-16220.0,0.0,1000.0,-15220.0,83161320.0
3040,遠見,上市,-17000.0,0.0,1000.0,-16000.0,66224538.0
8341,日友,上市,-16000.0,0.0,-390.0,-16390.0,130000000.0
8249,菱光,上市,-16950.0,0.0,0.0,-16950.0,137824500.0
6192,巨路,上市,-15120.0,0.0,-2000.0,-17120.0,96155770.0
2608,嘉里大榮,上市,-19000.0,0.0,1717.0,-17283.0,467000498.0
6863,永道-KY,上市,-17000.0,0.0,-1087.0,-18087.0,74888000.0
9940,信義,上市,-24000.0,0.0,5769.0,-18231.0,736846500.0
00728,第一金工業30,上市,-40000.0,0.0,21670.0,-18330.0,39923000.0
3017,奇鋐,上市,-176363.0,176000.0,-18128.0,-18491.0,392543007.0
2062,橋椿,上市,-18718.0,0.0,-157.0,-18875.0,199994152.0
7827,漢康-KY創,上市,-25010.0,0.0,6034.0,-18976.0,139605737.0
8462,柏文,上市,-17000.0,0.0,-2072.0,-19072.0,80386616.0
1618,合機,上市,-20905.0,0.0,1000.0,-19905.0,192691747.0
2459,敦吉,上市,-17973.0,0.0,-2000.0,-19973.0,105595615.0
1451,年興,上市,-21000.0,0.0,1000.0,-20000.0,198000000.0
4956,光鋐,上市,-21756.0,0.0,1250.0,-20506.0,100408236.0
4720,德淵,上市,-20930.0,0.0,0.0,-20930.0,114516037.0
1108,幸福,上市,-24000.0,0.0,3000.0,-21000.0,404738049.0
2906,高林,上市,-23000.0,0.0,1922.0,-21078.0,209116648.0
3617,碩天,上市,-29900.0,1000.0,7074.0,-21826.0,94766049.0
6873,泓德能源,上市,-22000.0,0.0,0.0,-22000.0,142649099.0
6923,中台,上市,-24000.0,0.0,1000.0,-23000.0,90439000.0
4807,日成-KY,上市,-23000.0,0.0,0.0,-23000.0,48996032.0
6715,嘉基,上市,-35912.0,0.0,12627.0,-23285.0,67099670.0
8045,達運光電,上市,-24692.0,0.0,751.0,-23941.0,95041815.0
6184,大豐電,上市,-26000.0,0.0,2000.0,-24000.0,162127629.0
3321,同泰,上市,-27000.0,0.0,3000.0,-24000.0,86113769.0
1805,寶徠,上市,-27000.0,0.0,3000.0,-24000.0,134970455.0
5515,建國,上市,-14148.0,0.0,-10398.0,-24546.0,201600084.0
6277,宏正,上市,-23000.0,0.0,-1992.0,-24992.0,119471166.0
2707,晶華,上市,-26000.0,0.0,595.0,-25405.0,127403238.0
2360,致茂,上市,-122115.0,72220.0,24224.0,-25671.0,425245742.0
1527,鑽全,上市,-27000.0,0.0,1000.0,-26000.0,138570640.0
2429,銘旺科,上市,-27000.0,0.0,1000.0,-26000.0,85500000.0
1256,鮮活果汁-KY,上市,-24005.0,0.0,-2000.0,-26005.0,35772160.0
00902,中信電池及儲能,上市,105000.0,0.0,-132099.0,-27099.0,223997000.0
020031,統一IC設計臺灣N,上市,0.0,0.0,-28000.0,-28000.0,0.0
7818,溢泰實業,上市,-26000.0,0.0,-2000.0,-28000.0,167946000.0
6834,天二科技,上市,-27761.0,0.0,-638.0,-28399.0,88471082.0
8222,寶一,上市,-28629.0,0.0,0.0,-28629.0,68573500.0
1558,伸興,上市,-28805.0,0.0,0.0,-28805.0,64535631.0
6573,虹揚-KY,上市,-31280.0,0.0,2000.0,-29280.0,80499345.0
4916,事欣科,上市,-28000.0,0.0,-1934.0,-29934.0,110602900.0
00960,野村全球航運龍頭,上市,-1889.0,0.0,-28053.0,-29942.0,59495000.0
6988,威力暘-創,上市,-37000.0,0.0,7000.0,-30000.0,47600000.0
009824,群益美國科技巨頭,上市,20000.0,0.0,-50211.0,-30211.0,558847000.0
3022,威強電,上市,-23961.0,0.0,-6956.0,-30917.0,176597790.0
00991B,貝萊德A級公司債,上市,0.0,0.0,-31520.0,-31520.0,227328000.0
2007,燁興,上市,-36200.0,0.0,4000.0,-32200.0,530651613.0
1467,南緯,上市,-32715.0,0.0,0.0,-32715.0,233624667.0
4441,振大環球,上市,46000.0,-30000.0,-49000.0,-33000.0,68175578.0
2415,錩新,上市,-35082.0,0.0,1701.0,-33381.0,90000000.0
1516,川飛,上市,-34000.0,0.0,0.0,-34000.0,40008195.0
2887H,台新新光庚特二,上市,-34000.0,0.0,0.0,-34000.0,219668000.0
2390,云辰,上市,-36001.0,0.0,2000.0,-34001.0,192619442.0
6598,ABC-KY,上市,-36809.0,0.0,2000.0,-34809.0,102819061.0
1809,中釉,上市,-41617.0,0.0,6033.0,-35584.0,167041937.0
9908,大台北,上市,-36950.0,0.0,977.0,-35973.0,516358000.0
4532,瑞智,上市,-25990.0,-13067.0,2605.0,-36452.0,494895105.0
6585,鼎基,上市,-37604.0,0.0,1146.0,-36458.0,72133587.0
6944,兆聯實業,上市,27297.0,-71000.0,6895.0,-36808.0,99694286.0
6914,阜爾運通,上市,-35000.0,0.0,-2000.0,-37000.0,66226000.0
4560,強信-KY,上市,-35000.0,0.0,-2000.0,-37000.0,68097240.0
1732,毛寶,上市,-38000.0,0.0,1000.0,-37000.0,42443957.0
3054,立萬利,上市,-38950.0,0.0,0.0,-38950.0,80651041.0
2506,太設,上市,-42000.0,0.0,3000.0,-39000.0,387000000.0
6669,緯穎,上市,-432783.0,17875.0,375850.0,-39058.0,185840791.0
8374,羅昇,上市,-40000.0,0.0,0.0,-40000.0,112250487.0
6768,志強-KY,上市,-38572.0,-3948.0,2035.0,-40485.0,200095061.0
009812,野村日本東證,上市,219000.0,0.0,-260603.0,-41603.0,92882000.0
2706,第一店,上市,-46000.0,0.0,4000.0,-42000.0,499998346.0
1789,神隆,上市,-37831.0,0.0,-4291.0,-42122.0,790739222.0
1760,寶齡富錦,上市,-42153.0,0.0,0.0,-42153.0,85739013.0
6112,邁達特,上市,-41363.0,0.0,-992.0,-42355.0,188357336.0
6164,華興,上市,-43963.0,0.0,1000.0,-42963.0,80000000.0
1598,岱宇,上市,-43543.0,0.0,0.0,-43543.0,179142092.0
3416,融程電,上市,-38049.0,0.0,-5775.0,-43824.0,80493769.0
2015,豐興,上市,28000.0,-60000.0,-12000.0,-44000.0,581599424.0
2206,三陽工業,上市,-42817.0,0.0,-2000.0,-44817.0,773675604.0
6579,研揚,上市,-59882.0,0.0,13995.0,-45887.0,169451221.0
9939,宏全,上市,80000.0,-126884.0,224.0,-46660.0,295786475.0
1417,嘉裕,上市,-48022.0,0.0,1000.0,-47022.0,189941840.0
00678,群益那斯達克生技,上市,223000.0,0.0,-270285.0,-47285.0,8948000.0
2838,聯邦銀,上市,-27740.0,-1000.0,-18940.0,-47680.0,4607828961.0
020038,元大ESG配息N,上市,0.0,0.0,-48000.0,-48000.0,0.0
2891C,中信金丙特,上市,0.0,0.0,-48000.0,-48000.0,166660000.0
8454,富邦媒,上市,-67370.0,19449.0,-2117.0,-50038.0,264975275.0
3346,麗清,上市,-51000.0,0.0,707.0,-50293.0,121228352.0
2468,華經,上市,-52000.0,0.0,1000.0,-51000.0,69961249.0
3052,夆典,上市,-52000.0,0.0,1000.0,-51000.0,233245771.0
1517,利奇,上市,-52000.0,0.0,997.0,-51003.0,220000007.0
2033,佳大,上市,-50686.0,0.0,-904.0,-51590.0,80694536.0
3447,展達,上市,-52001.0,0.0,0.0,-52001.0,77449120.0
1515,力山,上市,-55010.0,0.0,2420.0,-52590.0,181473500.0
6282,康舒,上市,153652.0,-275000.0,67550.0,-53798.0,856031294.0
3622,洋華,上市,-135286.0,0.0,80574.0,-54712.0,151327600.0
1342,八貫,上市,-55000.0,0.0,0.0,-55000.0,78000902.0
4934,太極,上市,-56837.0,0.0,1000.0,-55837.0,225000000.0
1795,美時,上市,-15733.0,-22000.0,-18301.0,-56034.0,266873812.0
6414,樺漢,上市,-66797.0,-2000.0,10909.0,-57888.0,145886397.0
6272,驊陞,上市,-59000.0,0.0,1000.0,-58000.0,81763948.0
2505,國揚,上市,-59000.0,0.0,0.0,-59000.0,380000000.0
4915,致伸,上市,-111886.0,85650.0,-32928.0,-59164.0,471880824.0
2534,宏盛,上市,-60878.0,0.0,1000.0,-59878.0,474227970.0
2383,台光電,上市,-188606.0,113058.0,14617.0,-60931.0,358321114.0
6216,居易,上市,-60000.0,0.0,-1167.0,-61167.0,97296137.0
3041,揚智,上市,-64320.0,0.0,1765.0,-62555.0,142096647.0
2107,厚生,上市,-64576.0,0.0,2000.0,-62576.0,303593400.0
1537,廣隆,上市,-62000.0,0.0,-857.0,-62857.0,82062794.0
2397,友通,上市,-60940.0,0.0,-2000.0,-62940.0,114488857.0
00926,凱基全球菁英55,上市,-159000.0,0.0,95426.0,-63574.0,103982000.0
2364,倫飛,上市,-65149.0,0.0,0.0,-65149.0,52388648.0
3058,立德,上市,-68000.0,0.0,2000.0,-66000.0,201722779.0
6443,元晶,上市,-111502.0,0.0,45000.0,-66502.0,512796730.0
2461,光群雷,上市,-67868.0,0.0,0.0,-67868.0,174998350.0
1734,杏輝,上市,-69860.0,0.0,1000.0,-68860.0,190196774.0
7711,永擎,上市,-23329.0,0.0,-45582.0,-68911.0,71700445.0
3050,鈺德,上市,-70000.0,0.0,0.0,-70000.0,154984450.0
1721,國慶科技,上市,-69033.0,0.0,-1000.0,-70033.0,184884092.0
6416,瑞祺電通,上市,-70842.0,0.0,0.0,-70842.0,73348460.0
8011,台通,上市,-73000.0,0.0,2000.0,-71000.0,165921891.0
3046,建碁,上市,-69227.0,0.0,-2326.0,-71553.0,78448013.0
9946,三發地產,上市,-68000.0,0.0,-5000.0,-73000.0,326554150.0
6695,芯鼎,上市,-74515.0,0.0,-236.0,-74751.0,106477650.0
2852,第一保,上市,-79000.0,0.0,2000.0,-77000.0,301163784.0
3047,訊舟,上市,-79000.0,0.0,1766.0,-77234.0,224761608.0
6115,鎰勝,上市,-74000.0,0.0,-4000.0,-78000.0,187662154.0
2511,太子,上市,-73878.0,0.0,-7000.0,-80878.0,1623326147.0
7749,意騰-KY,上市,-82088.0,0.0,9.0,-82079.0,46485728.0
1231,聯華食,上市,-75235.0,0.0,-8702.0,-83937.0,328299922.0
9934,成霖,上市,-87000.0,0.0,2000.0,-85000.0,411016962.0
6136,富爾特,上市,-86900.0,0.0,0.0,-86900.0,115536412.0
1616,億泰,上市,-88000.0,0.0,927.0,-87073.0,194148515.0
3356,奇偶,上市,-87421.0,0.0,-1000.0,-88421.0,80541672.0
5258,虹堡,上市,-90000.0,0.0,190.0,-89810.0,110364894.0
4540,全球傳動,上市,-92654.0,0.0,-457.0,-93111.0,115186724.0
0055,元大MSCI金融,上市,17818.0,0.0,-111180.0,-93362.0,84654000.0
2454,聯發科,上市,-339475.0,-2906.0,248398.0,-93983.0,1603895407.0
2427,三商電,上市,-95000.0,0.0,1000.0,-94000.0,197999573.0
4142,國光生,上市,-93000.0,0.0,-2380.0,-95380.0,429507750.0
3716,中化控股,上市,-97381.0,0.0,1000.0,-96381.0,150579211.0
1786,科妍,上市,-97000.0,0.0,-758.0,-97758.0,74827641.0
2010,春源,上市,-98000.0,0.0,0.0,-98000.0,647655390.0
2731,雄獅,上市,-100000.0,0.0,1508.0,-98492.0,93277739.0
00757,統一FANG+,上市,6138.0,0.0,-105673.0,-99535.0,267494000.0
2072,世紀風電,上市,-101000.0,0.0,1000.0,-100000.0,192000000.0
9103,美德醫療-DR,上市,-99000.0,0.0,-1401.0,-100401.0,205531500.0
3703,欣陸,上市,-100995.0,-2000.0,2000.0,-100995.0,823215980.0
1737,臺鹽,上市,-104000.0,0.0,2000.0,-102000.0,200000000.0
1414,東和,上市,-103000.0,0.0,1000.0,-102000.0,198000000.0
7769,鴻勁,上市,309898.0,-415900.0,3617.0,-102385.0,179930000.0
2753,八方雲集,上市,-102150.0,-1842.0,-1000.0,-104992.0,66644796.0
3550,聯穎,上市,-99188.0,0.0,-6000.0,-105188.0,107550000.0
6142,友勁,上市,-112920.0,0.0,6000.0,-106920.0,330779215.0
1229,聯華,上市,-840130.0,721000.0,11166.0,-107964.0,1831879881.0
6152,百一,上市,-112960.0,0.0,1000.0,-111960.0,167738463.0
2614,東森,上市,-114506.0,0.0,2000.0,-112506.0,327264946.0
009801,中信美國創新科技,上市,0.0,0.0,-114441.0,-114441.0,94619000.0
6670,復盛應用,上市,-173296.0,72785.0,-15056.0,-115567.0,139386973.0
2727,王品,上市,-18000.0,-80000.0,-18723.0,-116723.0,82940109.0
9911,櫻花,上市,-118780.0,1000.0,0.0,-117780.0,222332287.0
2546,根基,上市,-39126.0,-81000.0,1000.0,-119126.0,146187097.0
2535,達欣工,上市,2474.0,-120000.0,-2548.0,-120074.0,270793967.0
2362,藍天,上市,-111850.0,0.0,-10983.0,-122833.0,622263000.0
2374,佳能,上市,-140219.0,0.0,15786.0,-124433.0,337992133.0
1219,福壽,上市,-127370.0,0.0,1000.0,-126370.0,341238364.0
2349,錸德,上市,-133636.0,0.0,5000.0,-128636.0,693679663.0
2009,第一銅,上市,-107853.0,0.0,-21529.0,-129382.0,359622165.0
1531,高林股,上市,-132000.0,0.0,2000.0,-130000.0,182108080.0
2477,美隆電,上市,-131985.0,0.0,998.0,-130987.0,158573244.0
6165,浪凡,上市,-141505.0,0.0,10000.0,-131505.0,77752623.0
00964,中信亞太高股息,上市,-9000.0,0.0,-123717.0,-132717.0,65124000.0
4989,榮科,上市,-117185.0,0.0,-16944.0,-134129.0,172776500.0
00982D,主動富邦動態入息,上市,1000.0,0.0,-135887.0,-134887.0,76729000.0
6166,凌華,上市,-141501.0,0.0,290.0,-141211.0,217779257.0
4566,時碩工業,上市,-143000.0,0.0,1536.0,-141464.0,110283047.0
2101,南港,上市,-98245.0,0.0,-44094.0,-142339.0,733934904.0
3653,健策,上市,-57420.0,-88000.0,766.0,-144654.0,146732803.0
1477,聚陽,上市,36417.0,-182486.0,59.0,-146010.0,246693713.0
00963,中信全球高股息,上市,-6000.0,0.0,-141248.0,-147248.0,114933000.0
1907,永豐餘,上市,40343.0,-193000.0,4000.0,-148657.0,1660371495.0
1201,味全,上市,-155115.0,0.0,1000.0,-154115.0,506062914.0
2347,聯強,上市,720088.0,-826904.0,-48856.0,-155672.0,1667946968.0
2483,百容,上市,-156653.0,0.0,0.0,-156653.0,107889807.0
3708,上緯投控,上市,-134000.0,0.0,-24000.0,-158000.0,92105384.0
2308,台達電,上市,-498601.0,194904.0,144043.0,-159654.0,2597543329.0
6541,泰福-KY,上市,-162000.0,0.0,1890.0,-160110.0,264986367.0
1736,喬山,上市,95648.0,-259000.0,2339.0,-161013.0,303394617.0
2617,台航,上市,-163896.0,0.0,1855.0,-162041.0,417294487.0
6224,聚鼎,上市,-160382.0,0.0,-6000.0,-166382.0,85645361.0
2538,基泰,上市,-174999.0,0.0,3000.0,-171999.0,445025495.0
3003,健和興,上市,-169149.0,0.0,-3480.0,-172629.0,155654890.0
3229,晟鈦,上市,-173987.0,0.0,0.0,-173987.0,64263000.0
2363,矽統,上市,-280560.0,0.0,105583.0,-174977.0,514988161.0
1316,上曜,上市,-178000.0,0.0,3000.0,-175000.0,401646150.0
2882,國泰金,上市,-4359635.0,4182687.0,921.0,-176027.0,14669210128.0
2539,櫻花建,上市,-234122.0,31000.0,25726.0,-177396.0,1193102581.0
2915,潤泰全,上市,-165295.0,99000.0,-111450.0,-177745.0,1104318772.0
6589,台康生技,上市,-177529.0,0.0,-1095.0,-178624.0,306871174.0
3029,零壹,上市,-182479.0,-2307.0,5580.0,-179206.0,167005212.0
3717,聯嘉投控,上市,-220504.0,0.0,40212.0,-180292.0,207845445.0
3443,創意,上市,-194861.0,13547.0,-3003.0,-184317.0,134011911.0
6533,晶心科,上市,-184732.0,0.0,151.0,-184581.0,50650911.0
8271,宇瞻,上市,-49897.0,-121000.0,-15817.0,-186714.0,129614266.0
1218,泰山,上市,-190000.0,0.0,451.0,-189549.0,499999038.0
2462,良得電,上市,-194136.0,0.0,1000.0,-193136.0,150784482.0
2302,麗正,上市,-206211.0,0.0,6077.0,-200134.0,166302881.0
5607,遠雄港,上市,-222148.0,0.0,22000.0,-200148.0,370552913.0
00910,第一金太空衛星,上市,45000.0,0.0,-245397.0,-200397.0,115939000.0
4306,炎洲,上市,-195000.0,0.0,-6000.0,-201000.0,676757216.0
4137,麗豐-KY,上市,-198930.0,0.0,-2252.0,-201182.0,82492350.0
2472,立隆電,上市,342082.0,-553000.0,7940.0,-202978.0,164735137.0
00965,元大航太防衛科技,上市,-241942.0,0.0,38814.0,-203128.0,403492000.0
8215,明基材,上市,-199989.0,0.0,-3162.0,-203151.0,320674514.0
2365,昆盈,上市,-204000.0,0.0,-1000.0,-205000.0,221528496.0
9917,中保科,上市,-214070.0,7000.0,0.0,-207070.0,451197093.0
2208,台船,上市,-219901.0,0.0,10000.0,-209901.0,1274539449.0
1310,台苯,上市,-214006.0,0.0,3505.0,-210501.0,527869764.0
2393,億光,上市,645430.0,-819484.0,-37279.0,-211333.0,443393086.0
009811,統一美國50,上市,-5000.0,0.0,-209837.0,-214837.0,237450000.0
00706L,期元大S&P日圓正2,上市,4000.0,0.0,-222676.0,-218676.0,131270853.0
1536,和大,上市,-206639.0,0.0,-21022.0,-227661.0,278959513.0
4746,台耀,上市,-120000.0,-111000.0,2000.0,-229000.0,120255963.0
6108,競國,上市,-221305.0,0.0,-10000.0,-231305.0,154494311.0
00945B,凱基美國非投等債,上市,0.0,0.0,-235700.0,-235700.0,818818000.0
6214,精誠,上市,-395000.0,150000.0,7838.0,-237162.0,272243066.0
2540,愛山林,上市,-306314.0,0.0,69000.0,-237314.0,944873965.0
4977,眾達-KY,上市,-322075.0,0.0,84595.0,-237480.0,80189841.0
3504,揚明光,上市,-236470.0,0.0,-3105.0,-239575.0,114059785.0
2913,農林,上市,-243000.0,0.0,3000.0,-240000.0,790000000.0
6451,訊芯-KY,上市,-263653.0,0.0,20567.0,-243086.0,112077729.0
00670L,富邦NASDAQ正2,上市,-33000.0,0.0,-210742.0,-243742.0,77145000.0
2455,全新,上市,-662543.0,526000.0,-107545.0,-244088.0,184905918.0
2883B,凱基金乙特,上市,-28000.0,0.0,-217000.0,-245000.0,1582142374.0
6477,安集,上市,-250192.0,0.0,191.0,-250001.0,123787196.0
2851,中再保,上市,-668660.0,353000.0,63691.0,-251969.0,800388750.0
8131,福懋科,上市,-263840.0,0.0,7986.0,-255854.0,442222223.0
2905,三商,上市,-247000.0,0.0,-12000.0,-259000.0,1110371703.0
5471,松翰,上市,-252352.0,0.0,-8912.0,-261264.0,167877062.0
5521,工信,上市,-265000.0,0.0,-1000.0,-266000.0,492280155.0
2543,皇昌,上市,-294247.0,0.0,27438.0,-266809.0,528541961.0
2548,華固,上市,-248119.0,0.0,-21678.0,-269797.0,335704631.0
9914,美利達,上市,-167666.0,-152000.0,42966.0,-276700.0,298983800.0
5531,鄉林,上市,-287000.0,0.0,7000.0,-280000.0,977589245.0
6116,彩晶,上市,-217807.0,0.0,-68238.0,-286045.0,2858654851.0
6120,達運,上市,-290553.0,0.0,1365.0,-289188.0,598999602.0
6205,詮欣,上市,-291811.0,0.0,723.0,-291088.0,82235907.0
4912,聯德控股-KY,上市,-294079.0,0.0,0.0,-294079.0,66993099.0
6668,中揚光,上市,-298066.0,0.0,1000.0,-297066.0,107116087.0
3305,昇貿,上市,-298050.0,0.0,-3032.0,-301082.0,143286669.0
6278,台表科,上市,-371832.0,99000.0,-36673.0,-309505.0,292398353.0
3011,今皓,上市,-313000.0,0.0,1000.0,-312000.0,129600851.0
1723,中碳,上市,-313303.0,0.0,-5244.0,-318547.0,236904480.0
00924,復華S&P500成長,上市,-1116.0,0.0,-320028.0,-321144.0,435103000.0
4526,東台,上市,-326950.0,0.0,5689.0,-321261.0,254826461.0
2887I,台新新光辛特,上市,-324000.0,0.0,0.0,-324000.0,3096420552.0
00738U,期元大道瓊白銀,上市,394520.0,0.0,-718722.0,-324202.0,240299000.0
4564,元翎,上市,-330000.0,0.0,-152.0,-330152.0,232788303.0
1611,中電,上市,-331163.0,0.0,0.0,-331163.0,322735742.0
3059,華晶科,上市,-320034.0,20000.0,-32672.0,-332706.0,307668025.0
6831,邁科,上市,-137547.0,-202000.0,2590.0,-336957.0,67500000.0
6782,視陽,上市,-318098.0,0.0,-20664.0,-338762.0,63000000.0
1612,宏泰,上市,-332208.0,-9082.0,1231.0,-340059.0,316080063.0
3135,凌航,上市,-317730.0,0.0,-23885.0,-341615.0,93802057.0
00752,中信中國50,上市,-130569.0,0.0,-216417.0,-346986.0,256216000.0
4764,雙鍵,上市,-242716.0,-104000.0,-5900.0,-352616.0,85542062.0
3543,州巧,上市,-359679.0,0.0,2000.0,-357679.0,110263150.0
2439,美律,上市,-374031.0,9000.0,-635.0,-365666.0,248641314.0
1608,華榮,上市,-360646.0,-9836.0,-7045.0,-377527.0,632773506.0
6531,愛普*,上市,-468020.0,51867.0,38449.0,-377704.0,162846540.0
2478,大毅,上市,-375328.0,0.0,-2996.0,-378324.0,144731339.0
6472,保瑞,上市,-363334.0,-1000.0,-15373.0,-379707.0,127756059.0
1710,東聯,上市,-280106.0,0.0,-102930.0,-383036.0,885703029.0
1304,台聚,上市,-413751.0,0.0,28447.0,-385304.0,1188763500.0
00921,兆豐龍頭等權重,上市,-68680.0,0.0,-334962.0,-403642.0,54770000.0
1773,勝一,上市,-418630.0,0.0,13766.0,-404864.0,300000000.0
2536,宏普,上市,-433248.0,0.0,2000.0,-431248.0,332808652.0
4739,康普,上市,-385144.0,0.0,-55685.0,-440829.0,124649269.0
00402A,主動安聯美國科技,上市,22000.0,0.0,-467036.0,-445036.0,710127000.0
3380,明泰,上市,-440959.0,0.0,-11156.0,-452115.0,541718460.0
3704,合勤控,上市,-458000.0,0.0,3028.0,-454972.0,415444970.0
2520,冠德,上市,-913987.0,448000.0,10991.0,-454996.0,609487110.0
9938,百和,上市,-181000.0,-281099.0,245.0,-461854.0,297963902.0
6141,柏承,上市,-469871.0,0.0,2000.0,-467871.0,113354005.0
8996,高力,上市,-542130.0,36000.0,31663.0,-474467.0,93387429.0
9941,裕融,上市,-705816.0,295329.0,-79328.0,-489815.0,575636346.0
2376,技嘉,上市,-894272.0,410091.0,-12899.0,-497080.0,669888886.0
1210,大成,上市,-633116.0,130000.0,1696.0,-501420.0,894767222.0
8422,可寧衛*,上市,-388000.0,30000.0,-146951.0,-504951.0,1357391830.0
3596,智易,上市,-500942.0,0.0,-12201.0,-513143.0,220354321.0
1309,台達化,上市,-554966.0,0.0,41486.0,-513480.0,397586848.0
2332,友訊,上市,-525905.0,0.0,-6036.0,-531941.0,602170373.0
3645,達邁,上市,-534617.0,0.0,2177.0,-532440.0,136754207.0
5880,合庫金,上市,1692325.0,-2271743.0,43784.0,-535634.0,16072960337.0
2820,華票,上市,-571000.0,0.0,3000.0,-568000.0,1342960000.0
00983D,主動富邦複合收益,上市,-65000.0,0.0,-529829.0,-594829.0,104197000.0
2903,遠百,上市,-1332114.0,732000.0,-4524.0,-604638.0,1416940589.0
2442,新美齊,上市,-613000.0,0.0,-1000.0,-614000.0,325232021.0
4976,佳凌,上市,-622770.0,0.0,670.0,-622100.0,141218000.0
6901,鑽石投資,上市,-620950.0,0.0,-14000.0,-634950.0,852860000.0
00688L,國泰20年美債正2,上市,-298000.0,0.0,-362980.0,-660980.0,627115000.0
2606,裕民,上市,-1003197.0,355000.0,-22481.0,-670678.0,845055712.0
00882,中信中國高股息,上市,-34000.0,0.0,-641062.0,-675062.0,1974849000.0
3209,全科,上市,-666562.0,0.0,-25775.0,-692337.0,235391189.0
3094,聯傑,上市,-701742.0,0.0,-5061.0,-706803.0,83117089.0
1909,榮成,上市,-850000.0,0.0,140000.0,-710000.0,1327685727.0
2605,新興,上市,-946443.0,0.0,165849.0,-780594.0,585353297.0
8046,南電,上市,-504726.0,-217000.0,-63012.0,-784738.0,646165487.0
2912,統一超,上市,-487014.0,-311000.0,-2892.0,-800906.0,1039622255.0
2375,凱美,上市,-707660.0,-100000.0,-5905.0,-813565.0,108675334.0
2305,全友,上市,-886832.0,0.0,59332.0,-827500.0,205660827.0
3036,文曄,上市,-512139.0,-286188.0,-33787.0,-832114.0,1270562701.0
2023,燁輝,上市,-989930.0,0.0,115000.0,-874930.0,1821240214.0
7788,松川精密,上市,-927042.0,0.0,35185.0,-891857.0,79745993.0
00650L,復華香港正2,上市,-33000.0,0.0,-908839.0,-941839.0,96338000.0
6446,藥華藥,上市,-25886.0,-974852.0,9420.0,-991318.0,422434636.0
009800,中信NASDAQ,上市,-121000.0,0.0,-882383.0,-1003383.0,294891000.0
3605,宏致,上市,-755755.0,0.0,-260806.0,-1016561.0,174697441.0
1227,佳格,上市,-1016500.0,0.0,-467.0,-1016967.0,915089591.0
3376,新日興,上市,-921990.0,0.0,-104487.0,-1026477.0,195763822.0
00954,中信日本半導體,上市,-30000.0,0.0,-997562.0,-1027562.0,123747000.0
5388,中磊,上市,-946606.0,0.0,-81892.0,-1028498.0,304342542.0
3024,憶聲,上市,-1042525.0,0.0,1000.0,-1041525.0,277157496.0
9945,潤泰新,上市,-1185000.0,0.0,98945.0,-1086055.0,2844225086.0
4938,和碩,上市,-2457990.0,1460896.0,-120368.0,-1117462.0,2682044103.0
2359,所羅門,上市,-1215851.0,0.0,56416.0,-1159435.0,171471052.0
00646,元大S&P500,上市,178389.0,0.0,-1389474.0,-1211085.0,613485000.0
6456,GIS-KY,上市,-1229467.0,0.0,-8077.0,-1237544.0,337939800.0
1609,大亞,上市,-1256114.0,0.0,14637.0,-1241477.0,785261944.0
2464,盟立,上市,-1720038.0,332000.0,142673.0,-1245365.0,216680434.0
2492,華新科,上市,-1044017.0,-232000.0,-7292.0,-1283309.0,485204774.0
6153,嘉聯益,上市,-1244674.0,0.0,-43766.0,-1288440.0,636177694.0
2481,強茂,上市,-1819947.0,0.0,491679.0,-1328268.0,382114927.0
00865B,國泰US短期公債,上市,-318000.0,0.0,-1054605.0,-1372605.0,308744000.0
9105,泰金寶-DR,上市,-1392100.0,0.0,12524.0,-1379576.0,1635789636.0
3090,日電貿,上市,-1618970.0,0.0,92399.0,-1526571.0,287567150.0
00635U,期元大S&P黃金,上市,16085.0,0.0,-1564732.0,-1548647.0,305014000.0
8112,至上,上市,-1764751.0,130000.0,71013.0,-1563738.0,565293058.0
00951,台新日本半導體,上市,-174850.0,0.0,-1491240.0,-1666090.0,227542000.0
2368,金像電,上市,-4152840.0,2129932.0,313630.0,-1709278.0,517016714.0
1605,華新,上市,-1770202.0,-801.0,39986.0,-1731017.0,4431332948.0
8039,台虹,上市,-2460615.0,222000.0,401896.0,-1836719.0,263668994.0
2457,飛宏,上市,-1849561.0,0.0,6876.0,-1842685.0,424772416.0
3026,禾伸堂,上市,-2397584.0,554250.0,-32437.0,-1875771.0,165890318.0
2489,瑞軒,上市,-4809148.0,0.0,2891836.0,-1917312.0,610000000.0
2426,鼎元,上市,-2263968.0,0.0,325386.0,-1938582.0,300622252.0
3033,威健,上市,-1652997.0,-274334.0,-40040.0,-1967371.0,483590330.0
2881,富邦金,上市,-3901001.0,1542742.0,312005.0,-2046254.0,14007364952.0
00708L,期元大S&P黃金正2,上市,44000.0,0.0,-2137374.0,-2093374.0,143073000.0
00662,富邦NASDAQ,上市,-621517.0,0.0,-1515574.0,-2137091.0,906529000.0
2201,裕隆,上市,-1609020.0,-387000.0,-144285.0,-2140305.0,1070001251.0
8105,凌巨,上市,-2254659.0,0.0,-2175.0,-2256834.0,441544851.0
3049,精金,上市,-2313442.0,0.0,-92000.0,-2405442.0,802010529.0
1727,中華化,上市,-2588589.0,0.0,32379.0,-2556210.0,128019559.0
2634,漢翔,上市,-2523472.0,0.0,-102291.0,-2625763.0,941867101.0
3450,聯鈞,上市,-3491658.0,870000.0,-74736.0,-2696394.0,145681382.0
00753L,中信中國50正2,上市,-336000.0,0.0,-2362083.0,-2698083.0,660157000.0
1303,南亞,上市,-6697232.0,4339000.0,-414739.0,-2772971.0,7930821589.0
2834,臺企銀,上市,173146.0,-3004453.0,-137000.0,-2968307.0,10398326179.0
2646,星宇航空,上市,-3039116.0,0.0,-29969.0,-3069085.0,3008735000.0
2301,光寶科,上市,-3168179.0,246943.0,-190943.0,-3112179.0,2316107763.0
00665L,富邦恒生國企正2,上市,-174000.0,0.0,-3155337.0,-3329337.0,403965000.0
5871,中租-KY,上市,-6159132.0,2513031.0,119266.0,-3526835.0,1745649584.0
009819,中信數據及電力,上市,-13000.0,0.0,-3620782.0,-3633782.0,594745000.0
6269,台郡,上市,-3859928.0,0.0,203110.0,-3656818.0,323831481.0
6962,奕力-KY,上市,-3906000.0,0.0,35668.0,-3870332.0,492396565.0
00830,國泰費城半導體,上市,-525458.0,0.0,-3451438.0,-3976896.0,841465000.0
2002,中鋼,上市,-5562298.0,970000.0,241155.0,-4351143.0,15734860997.0
2884,玉山金,上市,-9517830.0,4095543.0,500528.0,-4921759.0,17723510471.0
00680L,元大美債20正2,上市,-257000.0,0.0,-4935166.0,-5192166.0,1458076000.0
00686R,群益臺灣加權反1,上市,0.0,0.0,-5498506.0,-5498506.0,263776000.0
00676R,富邦臺灣加權反1,上市,0.0,0.0,-5596367.0,-5596367.0,195833683.0
00410A,主動永豐科技趨勢,上市,47170.0,0.0,-5654388.0,-5607218.0,153860000.0
2337,旺宏,上市,-5051469.0,-1518000.0,-391669.0,-6961138.0,1981308820.0
009805,台新美國電力基建,上市,58000.0,0.0,-7503308.0,-7445308.0,613816000.0
3006,晶豪科,上市,-7680409.0,99000.0,-357261.0,-7938670.0,297285758.0
00985B,群益ESG投等債0-5,上市,-515000.0,0.0,-7885784.0,-8400784.0,671001000.0
6919,康霈*,上市,-9132578.0,-1000.0,-245027.0,-9378605.0,1557200860.0
009802,富邦旗艦50,上市,56630270.0,0.0,-66130623.0,-9500353.0,635495000.0
3481,群創,上市,-6751062.0,-61913.0,-3589843.0,-10402818.0,7989197337.0
00664R,國泰臺灣加權反1,上市,0.0,0.0,-10694888.0,-10694888.0,879575000.0
1718,中纖,上市,-11041047.0,0.0,-297782.0,-11338829.0,1685905745.0
1409,新纖,上市,-12110979.0,155000.0,416780.0,-11539199.0,1618409286.0
2324,仁寶,上市,-11703229.0,-449924.0,-64345.0,-12217498.0,4407146625.0
2609,陽明,上市,-14370596.0,247478.0,-865819.0,-14988937.0,3492104270.0
009826,貝萊德世界股票,上市,16643.0,0.0,-15161810.0,-15145167.0,729304000.0
2409,友達,上市,-14643154.0,-1138705.0,-603407.0,-16385266.0,7547098972.0
2303,聯電,上市,-33937241.0,11099147.0,2713306.0,-20124788.0,12570093899.0
00984D,主動聯博全球非投,上市,27000.0,0.0,-26226402.0,-26199402.0,1120057000.0
00673R,期元大S&P原油反1,上市,500.0,0.0,-34929384.0,-34928884.0,665050646.0
2408,南亞科,上市,-38741394.0,-1281196.0,-2564128.0,-42586718.0,3098627894.0
00406A,主動中信台灣收益,上市,65310100.0,0.0,-108007407.0,-42697307.0,3320562000.0
00712,復華富時不動產,上市,-990000.0,0.0,-44761747.0,-45751747.0,5114011000.0
00919,群益台灣精選高息,上市,-11421400.0,1183000.0,-38893610.0,-49132010.0,18245635000.0
00953B,群益優選非投等債,上市,44118.0,0.0,-58044348.0,-58000230.0,4551675000.0
2344,華邦電,上市,-56231559.0,-6417229.0,-4371012.0,-67019800.0,4500000193.0
6770,力積電,上市,-78072135.0,-7000.0,-2447061.0,-80526196.0,4710019546.0
00918,大華優利高填息30,上市,-2327367.0,0.0,-82621076.0,-84948443.0,3502264000.0
00632R,元大台灣50反1,上市,-45340000.0,0.0,-59834037.0,-105174037.0,2802207730.0
00411A,主動統一前沿科技,上櫃,0.0,0.0,0.0,1216645.0,0.0
006201,元大富櫃50,上櫃,0.0,0.0,0.0,83254.0,0.0
00679B,元大美債20年,上櫃,0.0,0.0,0.0,-10392234.0,0.0
00687B,國泰20年美債,上櫃,0.0,0.0,0.0,-6648518.0,0.0
00687C,國泰20年美債+櫃U,上櫃,0.0,0.0,0.0,0.0,0.0
00694B,富邦美債1-3,上櫃,0.0,0.0,0.0,-20854.0,0.0
00695B,富邦美債7-10,上櫃,0.0,0.0,0.0,-20045.0,0.0
00696B,富邦美債20年,上櫃,0.0,0.0,0.0,-177626.0,0.0
00697B,元大美債7-10,上櫃,0.0,0.0,0.0,-453289.0,0.0
00719B,元大美債1-3,上櫃,0.0,0.0,0.0,-1686323.0,0.0
00720B,元大投資級公司債,上櫃,0.0,0.0,0.0,-1321995.0,0.0
00722B,群益投資級電信債,上櫃,0.0,0.0,0.0,-530784.0,0.0
00723B,群益投資級科技債,上櫃,0.0,0.0,0.0,-49000.0,0.0
00724B,群益投資級金融債,上櫃,0.0,0.0,0.0,-84908.0,0.0
00725B,國泰投資級公司債,上櫃,0.0,0.0,0.0,432694.0,0.0
00726B,國泰新興投等債,上櫃,0.0,0.0,0.0,42891.0,0.0
00727B,國泰優選非投等債,上櫃,0.0,0.0,0.0,-28582.0,0.0
00734B,台新JPM新興債,上櫃,0.0,0.0,0.0,-1000.0,0.0
00740B,富邦全球投等債,上櫃,0.0,0.0,0.0,-649436.0,0.0
00741B,富邦全球非投等債,上櫃,0.0,0.0,0.0,7738.0,0.0
00746B,富邦A級公司債,上櫃,0.0,0.0,0.0,-15028.0,0.0
00749B,凱基新興債10+,上櫃,0.0,0.0,0.0,0.0,0.0
00750B,凱基科技債10+,上櫃,0.0,0.0,0.0,0.0,0.0
00751B,元大AAA至A公司債,上櫃,0.0,0.0,0.0,-2443521.0,0.0
00754B,群益AAA-AA公司債,上櫃,0.0,0.0,0.0,-11036.0,0.0
00755B,群益投資級公用債,上櫃,0.0,0.0,0.0,-4002.0,0.0
00756B,群益投等新興公債,上櫃,0.0,0.0,0.0,-32500.0,0.0
00758B,復華能源債,上櫃,0.0,0.0,0.0,-20.0,0.0
00759B,復華製藥債,上櫃,0.0,0.0,0.0,433.0,0.0
00760B,復華新興企業債,上櫃,0.0,0.0,0.0,1995.0,0.0
00761B,國泰A級公司債,上櫃,0.0,0.0,0.0,-155578.0,0.0
00764B,群益25年美債,上櫃,0.0,0.0,0.0,-214720.0,0.0
00768B,復華20年美債,上櫃,0.0,0.0,0.0,-531865.0,0.0
00772B,中信高評級公司債,上櫃,0.0,0.0,0.0,-571119.0,0.0
00773B,中信優先金融債,上櫃,0.0,0.0,0.0,-103681.0,0.0
00777B,凱基AAA至A公司債,上櫃,0.0,0.0,0.0,0.0,0.0
00778B,凱基金融債20+,上櫃,0.0,0.0,0.0,0.0,0.0
00779B,凱基美債25+,上櫃,0.0,0.0,0.0,-1000.0,0.0
00780B,國泰A級金融債,上櫃,0.0,0.0,0.0,-19049.0,0.0
00781B,國泰A級科技債,上櫃,0.0,0.0,0.0,-48347.0,0.0
00782B,國泰A級公用債,上櫃,0.0,0.0,0.0,-96710.0,0.0
00785B,富邦金融投等債,上櫃,0.0,0.0,0.0,-129.0,0.0
00786B,元大10年IG銀行債,上櫃,0.0,0.0,0.0,-6358.0,0.0
00787B,元大10年IG醫療債,上櫃,0.0,0.0,0.0,-4901.0,0.0
00788B,元大10年IG電能債,上櫃,0.0,0.0,0.0,-3086.0,0.0
00789B,復華公司債A3,上櫃,0.0,0.0,0.0,-31.0,0.0
00791B,復華信用債1-5,上櫃,0.0,0.0,0.0,0.0,0.0
00792B,群益A級公司債,上櫃,0.0,0.0,0.0,-70483.0,0.0
00793B,群益AAA-A醫療債,上櫃,0.0,0.0,0.0,19104.0,0.0
00795B,中信美國公債20年,上櫃,0.0,0.0,0.0,-1181203.0,0.0
00799B,國泰A級醫療債,上櫃,0.0,0.0,0.0,15692.0,0.0
00834B,第一金金融債10+,上櫃,0.0,0.0,0.0,-3000.0,0.0
00836B,永豐10年A公司債,上櫃,0.0,0.0,0.0,13931.0,0.0
00840B,凱基IG精選15+,上櫃,0.0,0.0,0.0,0.0,0.0
00841B,凱基AAA-AA公司債,上櫃,0.0,0.0,0.0,0.0,0.0
00842B,台新美元銀行債,上櫃,0.0,0.0,0.0,-120472.0,0.0
00844B,台新15年IG金融債,上櫃,0.0,0.0,0.0,0.0,0.0
00845B,富邦新興投等債,上櫃,0.0,0.0,0.0,1000.0,0.0
00846B,富邦歐洲銀行債,上櫃,0.0,0.0,0.0,-1166.0,0.0
00847B,中信美國市政債,上櫃,0.0,0.0,0.0,1000.0,0.0
00848B,中信新興亞洲債,上櫃,0.0,0.0,0.0,4999.0,0.0
00849B,中信EM主權債0-5,上櫃,0.0,0.0,0.0,527.0,0.0
00853B,統一美債10年Aa-A,上櫃,0.0,0.0,0.0,-2005.0,0.0
00856B,永豐1-3年美公債,上櫃,0.0,0.0,0.0,1000.0,0.0
00857B,永豐20年美公債,上櫃,0.0,0.0,0.0,-101258.0,0.0
00858,永豐美國500大,上櫃,0.0,0.0,0.0,-161518.0,0.0
00859B,群益0-1年美債,上櫃,0.0,0.0,0.0,-390855.0,0.0
00860B,群益1-5Y投資級債,上櫃,0.0,0.0,0.0,-6039.0,0.0
00862B,中信投資級公司債,上櫃,0.0,0.0,0.0,-58000.0,0.0
00863B,中信全球電信債,上櫃,0.0,0.0,0.0,0.0,0.0
00864B,中信美國公債0-1,上櫃,0.0,0.0,0.0,-231000.0,0.0
00867B,台新A-BBB電信債,上櫃,0.0,0.0,0.0,-1000.0,0.0
00870B,元大15年EM主權債,上櫃,0.0,0.0,0.0,5000.0,0.0
00877,復華中國5G,上櫃,0.0,0.0,0.0,-516621.0,0.0
00884B,中信低碳新興債,上櫃,0.0,0.0,0.0,-290.0,0.0
00886,永豐美國科技,上櫃,0.0,0.0,0.0,-935.0,0.0
00887,永豐中國科技50大,上櫃,0.0,0.0,0.0,-934437.0,0.0
00888,永豐台灣ESG,上櫃,0.0,0.0,0.0,4737931.0,0.0
00890B,凱基ESG BBB債15+,上櫃,0.0,0.0,0.0,0.0,0.0
00928,中信上櫃ESG 30,上櫃,0.0,0.0,0.0,426998.0,0.0
00931B,統一美債20年,上櫃,0.0,0.0,0.0,-816852.0,0.0
00933B,國泰10Y+金融債,上櫃,0.0,0.0,0.0,-7692534.0,0.0
00937B,群益ESG投等債20+,上櫃,0.0,0.0,0.0,-11205018.0,0.0
00942B,台新美A公司債20+,上櫃,0.0,0.0,0.0,234981.0,0.0
00948B,中信優息投資級債,上櫃,0.0,0.0,0.0,627728.0,0.0
00950B,凱基A級公司債,上櫃,0.0,0.0,0.0,-1989058.0,0.0
00955,中信日本商社,上櫃,0.0,0.0,0.0,5603285.0,0.0
00957B,兆豐US優選投等債,上櫃,0.0,0.0,0.0,-44876.0,0.0
00958B,永豐ESG銀行債15+,上櫃,0.0,0.0,0.0,-59514.0,0.0
00959B,大華投等美債15Y+,上櫃,0.0,0.0,0.0,-1422838.0,0.0
00966B,統一ESG投等債15+,上櫃,0.0,0.0,0.0,-193507.0,0.0
00967B,元大優息美債,上櫃,0.0,0.0,0.0,-90295.0,0.0
00968B,元大優息投等債,上櫃,0.0,0.0,0.0,-353385.0,0.0
00969B,元大零息超長美債,上櫃,0.0,0.0,0.0,-772900.0,0.0
00970B,台新BBB投等債20+,上櫃,0.0,0.0,0.0,-813569.0,0.0
009806,台新標普500,上櫃,0.0,0.0,0.0,-9632.0,0.0
009807,台新標普科技精選,上櫃,0.0,0.0,0.0,-5669.0,0.0
00980B,台新特選IG債10+,上櫃,0.0,0.0,0.0,-7130.0,0.0
00980D,主動聯博投等入息,上櫃,0.0,0.0,0.0,-217199.0,0.0
00980T,平衡凱基美國TOP,上櫃,0.0,0.0,0.0,10032.0,0.0
009814,富邦標普500,上櫃,0.0,0.0,0.0,-375408.0,0.0
009815,大華美國MAG7+,上櫃,0.0,0.0,0.0,509134.0,0.0
00981B,第一金優選非投債,上櫃,0.0,0.0,0.0,-4172932.0,0.0
00981D,主動中信非投等債,上櫃,0.0,0.0,0.0,118132.0,0.0
009822,華南永昌未來金融,上櫃,0.0,0.0,0.0,16956.0,0.0
009823,群益S&P500,上櫃,0.0,0.0,0.0,-612307.0,0.0
009825,聯邦美國金融創新,上櫃,0.0,0.0,0.0,36900.0,0.0
00982B,FT投資級債20+,上櫃,0.0,0.0,0.0,-153810.0,0.0
00983B,大華優利美公債20,上櫃,0.0,0.0,0.0,-49823.0,0.0
00984B,大華優利美A債15,上櫃,0.0,0.0,0.0,-829889.0,0.0
00985D,主動貝萊德優投等,上櫃,0.0,0.0,0.0,-529450.0,0.0
00986B,FT金融債10+,上櫃,0.0,0.0,0.0,-502178.0,0.0
00986D,主動復華金融債息,上櫃,0.0,0.0,0.0,-129496.0,0.0
00987B,野村10+澳洲公債,上櫃,0.0,0.0,0.0,-123581.0,0.0
00987D,主動統一美債量化,上櫃,0.0,0.0,0.0,-267764.0,0.0
00988B,玉山嚴選非投債,上櫃,0.0,0.0,0.0,-802225.0,0.0
00989B,台新美國非投等債,上櫃,0.0,0.0,0.0,1260986.0,0.0
00990B,國泰收益非投等債,上櫃,0.0,0.0,0.0,177615.0,0.0
00998A,主動復華金融股息,上櫃,0.0,0.0,0.0,-1830000.0,0.0
020025,統一亞洲半導體N,上櫃,0.0,0.0,0.0,44000.0,0.0
020033,統一恒生科期N,上櫃,0.0,0.0,0.0,-32000.0,0.0
020041,兆豐半導體氣候N,上櫃,0.0,0.0,0.0,4000.0,0.0
1240,茂生農經,上櫃,0.0,0.0,0.0,1255.0,46443992.0
1259,安心,上櫃,0.0,0.0,0.0,4000.0,32389500.0
1264,德麥,上櫃,0.0,0.0,0.0,-2048.0,37052367.0
1268,漢來美食,上櫃,0.0,0.0,0.0,-3000.0,42223730.0
1294,漢田生技,上櫃,0.0,0.0,0.0,-2000.0,36625875.0
1295,生合,上櫃,0.0,0.0,0.0,7000.0,37599800.0
1336,台翰,上櫃,0.0,0.0,0.0,30382.0,77614419.0
1565,精華,上櫃,0.0,0.0,0.0,21614.0,50416516.0
1569,濱川,上櫃,0.0,0.0,0.0,93417.0,144247441.0
1570,力肯,上櫃,0.0,0.0,0.0,-7000.0,51500839.0
1580,新麥,上櫃,0.0,0.0,0.0,-19718.0,49339242.0
1584,精剛,上櫃,0.0,0.0,0.0,150902.0,232470533.0
1586,和勤,上櫃,0.0,0.0,0.0,-31971.0,129500467.0
1591,駿吉-KY,上櫃,0.0,0.0,0.0,-43541.0,38048047.0
1595,川寶,上櫃,0.0,0.0,0.0,154096.0,57554896.0
1599,宏佳騰,上櫃,0.0,0.0,0.0,-1000.0,73028764.0
1742,台蠟,上櫃,0.0,0.0,0.0,2000.0,92671300.0
1777,生泰,上櫃,0.0,0.0,0.0,997.0,44591713.0
1780,立弘,上櫃,0.0,0.0,0.0,34000.0,109075173.0
1781,合世,上櫃,0.0,0.0,0.0,-2000.0,47407605.0
1784,訊聯,上櫃,0.0,0.0,0.0,-40912.0,53121191.0
1785,光洋科,上櫃,0.0,0.0,0.0,291681.0,595950743.0
1788,杏昌,上櫃,0.0,0.0,0.0,-1803.0,44520971.0
1796,金穎生技,上櫃,0.0,0.0,0.0,-1000.0,41459793.0
1799,易威,上櫃,0.0,0.0,0.0,22551.0,248775894.0
1813,寶利徠,上櫃,0.0,0.0,0.0,-222.0,46635510.0
1815,富喬,上櫃,0.0,0.0,0.0,13453000.0,585459487.0
2061,風青,上櫃,0.0,0.0,0.0,974516.0,57378052.0
2063,世鎧,上櫃,0.0,0.0,0.0,-110.0,48101453.0
2064,晉椿,上櫃,0.0,0.0,0.0,6000.0,69330000.0
2065,世豐,上櫃,0.0,0.0,0.0,-2968.0,63516707.0
2066,世德,上櫃,0.0,0.0,0.0,24.0,44449527.0
2067,嘉鋼,上櫃,0.0,0.0,0.0,-258.0,33858177.0
2070,精湛,上櫃,0.0,0.0,0.0,-23460.0,41782800.0
2221,大甲,上櫃,0.0,0.0,0.0,-84557.0,42325000.0
2230,泰茂,上櫃,0.0,0.0,0.0,6083.0,68029605.0
2596,綠意,上櫃,0.0,0.0,0.0,8777.0,100000000.0
2640,大車隊,上櫃,0.0,0.0,0.0,4109.0,59264956.0
2641,正德,上櫃,0.0,0.0,0.0,99126.0,330333744.0
2643,捷迅,上櫃,0.0,0.0,0.0,1000.0,35000000.0
2718,全心投控,上櫃,0.0,0.0,0.0,-3000.0,87576000.0
2719,燦星旅,上櫃,0.0,0.0,0.0,-1000.0,69182500.0
2726,雅茗-KY,上櫃,0.0,0.0,0.0,-98.0,37689817.0
2729,瓦城,上櫃,0.0,0.0,0.0,2383.0,43040783.0
2732,六角,上櫃,0.0,0.0,0.0,2000.0,46518570.0
2734,易飛網,上櫃,0.0,0.0,0.0,-1000.0,57259760.0
2736,富野,上櫃,0.0,0.0,0.0,1313.0,79972230.0
2743,山富,上櫃,0.0,0.0,0.0,24000.0,46815210.0
2745,五福,上櫃,0.0,0.0,0.0,-17484.0,33808526.0
2751,王座,上櫃,0.0,0.0,0.0,-1000.0,19811250.0
2752,豆府,上櫃,0.0,0.0,0.0,1000.0,26693861.0
2755,揚秦,上櫃,0.0,0.0,0.0,1522.0,46792491.0
2756,聯發國際,上櫃,0.0,0.0,0.0,2380.0,24597584.0
2916,滿心,上櫃,0.0,0.0,0.0,2000.0,64626878.0
2949,欣新網,上櫃,0.0,0.0,0.0,-1000.0,30641100.0
3066,李洲,上櫃,0.0,0.0,0.0,-114353.0,83070612.0
3071,協禧,上櫃,0.0,0.0,0.0,41901.0,110000000.0
3073,天方能源,上櫃,0.0,0.0,0.0,2000.0,39511028.0
3078,僑威,上櫃,0.0,0.0,0.0,-83425.0,227391064.0
3081,聯亞,上櫃,0.0,0.0,0.0,-160438.0,101869004.0
3083,網龍,上櫃,0.0,0.0,0.0,4041.0,86486858.0
3086,華義*,上櫃,0.0,0.0,0.0,89565.0,272710510.0
3088,艾訊,上櫃,0.0,0.0,0.0,67591.0,113011197.0
3093,港建*,上櫃,0.0,0.0,0.0,83000.0,145155576.0
3105,穩懋,上櫃,0.0,0.0,0.0,11699854.0,423940384.0
3114,好德,上櫃,0.0,0.0,0.0,63051.0,67722584.0
3118,進階,上櫃,0.0,0.0,0.0,1000.0,32452860.0
3122,笙泉,上櫃,0.0,0.0,0.0,12001.0,40771918.0
3128,昇銳,上櫃,0.0,0.0,0.0,-1310.0,50156538.0
3131,弘塑,上櫃,0.0,0.0,0.0,92236.0,29258927.0
3141,晶宏,上櫃,0.0,0.0,0.0,1385963.0,75460728.0
3147,大綜,上櫃,0.0,0.0,0.0,35962.0,43686831.0
3152,璟德,上櫃,0.0,0.0,0.0,3615.0,39016200.0
3162,精確,上櫃,0.0,0.0,0.0,-122802.0,154153162.0
3163,波若威,上櫃,0.0,0.0,0.0,217013.0,94635370.0
3169,亞信,上櫃,0.0,0.0,0.0,31187.0,63306981.0
3171,炎洲流通,上櫃,0.0,0.0,0.0,2000.0,33118158.0
3176,基亞,上櫃,0.0,0.0,0.0,-458406.0,139306755.0
3178,公準,上櫃,0.0,0.0,0.0,-13832.0,45050000.0
3188,鑫龍騰,上櫃,0.0,0.0,0.0,13000.0,189087767.0
3191,雲嘉南,上櫃,0.0,0.0,0.0,3000.0,43597381.0
3205,佰研,上櫃,0.0,0.0,0.0,-1999.0,67545631.0
3206,志豐,上櫃,0.0,0.0,0.0,2068.0,58916621.0
3207,耀勝,上櫃,0.0,0.0,0.0,-24017.0,66422124.0
3211,順達,上櫃,0.0,0.0,0.0,-687953.0,154387021.0
3213,茂訊,上櫃,0.0,0.0,0.0,-1592.0,58685547.0
3217,優群,上櫃,0.0,0.0,0.0,-81213.0,90104203.0
3218,大學光,上櫃,0.0,0.0,0.0,89874.0,84724899.0
3219,倚強科,上櫃,0.0,0.0,0.0,41095.0,71780880.0
3221,台嘉碩,上櫃,0.0,0.0,0.0,1075291.0,104989210.0
3224,三顧,上櫃,0.0,0.0,0.0,4000.0,78172648.0
3226,龍鋒,上櫃,0.0,0.0,0.0,-1000.0,64430573.0
3227,原相,上櫃,0.0,0.0,0.0,85031.0,151912842.0
3228,金麗科,上櫃,0.0,0.0,0.0,-51597.0,71937495.0
3230,錦明,上櫃,0.0,0.0,0.0,-2363.0,86010900.0
3232,昱捷,上櫃,0.0,0.0,0.0,0.0,46567865.0
3234,光環,上櫃,0.0,0.0,0.0,441980.0,111474692.0
3236,千如,上櫃,0.0,0.0,0.0,-467046.0,105000613.0
3252,海灣,上櫃,0.0,0.0,0.0,8000.0,50195754.0
3260,威剛,上櫃,0.0,0.0,0.0,-1425411.0,336463418.0
3264,欣銓,上櫃,0.0,0.0,0.0,1416494.0,490170076.0
3265,台星科,上櫃,0.0,0.0,0.0,-453785.0,136261659.0
3268,海德威,上櫃,0.0,0.0,0.0,28097.0,34720796.0
3272,東碩,上櫃,0.0,0.0,0.0,23180.0,61176789.0
3276,宇環,上櫃,0.0,0.0,0.0,-17000.0,69712666.0
3284,太普高,上櫃,0.0,0.0,0.0,-2878.0,108482473.0
3285,微端,上櫃,0.0,0.0,0.0,-6951.0,42735324.0
3287,廣寰科,上櫃,0.0,0.0,0.0,-21076.0,43970483.0
3288,點晶,上櫃,0.0,0.0,0.0,2043.0,16380000.0
3289,宜特,上櫃,0.0,0.0,0.0,272297.0,86746371.0
3290,東浦,上櫃,0.0,0.0,0.0,-46423.0,90215034.0
3293,鈊象,上櫃,0.0,0.0,0.0,-1575916.0,281801560.0
3294,英濟,上櫃,0.0,0.0,0.0,-28199.0,132015919.0
3297,杭特,上櫃,0.0,0.0,0.0,-3215.0,36049445.0
3303,岱稜,上櫃,0.0,0.0,0.0,-16767.0,94790607.0
3306,鼎天,上櫃,0.0,0.0,0.0,10000.0,50607702.0
3310,佳穎,上櫃,0.0,0.0,0.0,6000.0,74948402.0
3313,斐成,上櫃,0.0,0.0,0.0,-5980.0,221133831.0
3317,尼克森,上櫃,0.0,0.0,0.0,57402.0,90000000.0
3322,建舜電,上櫃,0.0,0.0,0.0,-88086.0,137582157.0
3323,加百裕,上櫃,0.0,0.0,0.0,-73042.0,99593385.0
3324,雙鴻,上櫃,0.0,0.0,0.0,1918807.0,93076837.0
3325,旭品,上櫃,0.0,0.0,0.0,-8153.0,110168610.0
3332,幸康,上櫃,0.0,0.0,0.0,-1950.0,48104246.0
3339,泰谷,上櫃,0.0,0.0,0.0,-338232.0,66568300.0
3349,寶德,上櫃,0.0,0.0,0.0,32000.0,47821648.0
3354,律勝,上櫃,0.0,0.0,0.0,-59170.0,70112426.0
3357,臺慶科,上櫃,0.0,0.0,0.0,-68375.0,116385739.0
3360,尚立,上櫃,0.0,0.0,0.0,-53810.0,76402244.0
3362,先進光,上櫃,0.0,0.0,0.0,248329.0,147445475.0
3363,上詮,上櫃,0.0,0.0,0.0,362631.0,113640567.0
3372,典範,上櫃,0.0,0.0,0.0,79311.0,235324000.0
3373,熱映,上櫃,0.0,0.0,0.0,1000.0,47618782.0
3374,精材,上櫃,0.0,0.0,0.0,3619636.0,271364316.0
3379,彬台,上櫃,0.0,0.0,0.0,11538.0,38041748.0
3388,崇越電,上櫃,0.0,0.0,0.0,161229.0,81599825.0
3390,旭軟,上櫃,0.0,0.0,0.0,-1000.0,79329659.0
3402,漢科,上櫃,0.0,0.0,0.0,4131.0,73047692.0
3430,奇鈦科,上櫃,0.0,0.0,0.0,13356.0,33716085.0
3434,哲固,上櫃,0.0,0.0,0.0,18000.0,35754740.0
3438,類比科,上櫃,0.0,0.0,0.0,-12914.0,47165815.0
3441,聯一光,上櫃,0.0,0.0,0.0,192976.0,40039920.0
3444,利機,上櫃,0.0,0.0,0.0,-27039.0,44996877.0
3455,由田,上櫃,0.0,0.0,0.0,-151096.0,59850750.0
3466,德晉,上櫃,0.0,0.0,0.0,17892.0,77892073.0
3467,台灣精材,上櫃,0.0,0.0,0.0,2000.0,31556569.0
3479,安勤,上櫃,0.0,0.0,0.0,56726.0,72630164.0
3483,力致,上櫃,0.0,0.0,0.0,40632.0,99049257.0
3484,崧騰,上櫃,0.0,0.0,0.0,-28156.0,78828189.0
3485,敘豐,上櫃,0.0,0.0,0.0,49305.0,38500850.0
3489,森寶,上櫃,0.0,0.0,0.0,-73597.0,90452155.0
3490,單井,上櫃,0.0,0.0,0.0,-683114.0,55006435.0
3491,昇達科,上櫃,0.0,0.0,0.0,48004.0,68805125.0
3492,長盛,上櫃,0.0,0.0,0.0,2000.0,35531600.0
3498,陽程,上櫃,0.0,0.0,0.0,-530813.0,61273008.0
3499,環天科,上櫃,0.0,0.0,0.0,-1149.0,54970596.0
3508,位速,上櫃,0.0,0.0,0.0,10609.0,108866737.0
3511,矽瑪,上櫃,0.0,0.0,0.0,26997.0,79972945.0
3512,皇龍,上櫃,0.0,0.0,0.0,-1000.0,113072372.0
3516,亞帝歐,上櫃,0.0,0.0,0.0,-4000.0,59560874.0
3520,華盈,上櫃,0.0,0.0,0.0,-44072.0,83846778.0
3521,台鋼建設,上櫃,0.0,0.0,0.0,-200.0,185765552.0
3522,御嵿,上櫃,0.0,0.0,0.0,1000.0,104096209.0
3523,迎輝,上櫃,0.0,0.0,0.0,2000.0,64257868.0
3526,凡甲,上櫃,0.0,0.0,0.0,-27573.0,66839477.0
3527,聚積,上櫃,0.0,0.0,0.0,29858.0,44445125.0
3529,力旺,上櫃,0.0,0.0,0.0,-95635.0,74686492.0
3537,堡達,上櫃,0.0,0.0,0.0,-47099.0,56242979.0
3540,曜越,上櫃,0.0,0.0,0.0,-499607.0,84458548.0
3541,西柏,上櫃,0.0,0.0,0.0,8122.0,56349142.0
3546,宇峻,上櫃,0.0,0.0,0.0,46280.0,61348690.0
3548,兆利,上櫃,0.0,0.0,0.0,-42122.0,68244175.0
3551,世禾,上櫃,0.0,0.0,0.0,153191.0,62274890.0
3552,同致,上櫃,0.0,0.0,0.0,10771.0,97918334.0
3555,博士旺,上櫃,0.0,0.0,0.0,54362.0,39998797.0
3556,禾瑞亞,上櫃,0.0,0.0,0.0,88197.0,63702844.0
3558,神準,上櫃,0.0,0.0,0.0,-6132.0,59060881.0
3564,其陽,上櫃,0.0,0.0,0.0,7500.0,59123100.0
3567,逸昌,上櫃,0.0,0.0,0.0,9254.0,33954000.0
3570,大塚,上櫃,0.0,0.0,0.0,1000.0,17097000.0
3577,泓格,上櫃,0.0,0.0,0.0,-194472.0,63965653.0
3580,友威科,上櫃,0.0,0.0,0.0,109573.0,39470657.0
3581,博磊,上櫃,0.0,0.0,0.0,-8682.0,51006000.0
3587,閎康,上櫃,0.0,0.0,0.0,161701.0,69369988.0
3594,磐儀,上櫃,0.0,0.0,0.0,-268222.0,95948358.0
3597,映興,上櫃,0.0,0.0,0.0,0.0,39236440.0
3609,三一東林,上櫃,0.0,0.0,0.0,-10205.0,38419387.0
3611,鼎翰,上櫃,0.0,0.0,0.0,-8079.0,47554634.0
3615,安可,上櫃,0.0,0.0,0.0,67332.0,68466976.0
3623,富晶通,上櫃,0.0,0.0,0.0,11018.0,29185946.0
3624,光頡,上櫃,0.0,0.0,0.0,115313.0,117340842.0
3625,西勝,上櫃,0.0,0.0,0.0,-66033.0,58100000.0
3628,盈正,上櫃,0.0,0.0,0.0,19258.0,45000000.0
3630,新鉅科,上櫃,0.0,0.0,0.0,-88600.0,204191848.0
3631,晟楠,上櫃,0.0,0.0,0.0,14180.0,81820909.0
3646,艾恩特,上櫃,0.0,0.0,0.0,1000.0,39297371.0
3663,鑫科,上櫃,0.0,0.0,0.0,133660.0,108494074.0
3666,光耀,上櫃,0.0,0.0,0.0,-2000.0,138949850.0
3672,康聯訊,上櫃,0.0,0.0,0.0,1.0,40790375.0
3675,德微,上櫃,0.0,0.0,0.0,217960.0,53057923.0
3680,家登,上櫃,0.0,0.0,0.0,1125155.0,96211690.0
3684,榮昌,上櫃,0.0,0.0,0.0,993.0,30304737.0
3685,元創精密,上櫃,0.0,0.0,0.0,-187749.0,79574000.0
3687,歐買尬,上櫃,0.0,0.0,0.0,16000.0,30124059.0
3689,湧德,上櫃,0.0,0.0,0.0,19825.0,89390991.0
3691,碩禾,上櫃,0.0,0.0,0.0,293167.0,91883420.0
3693,營邦,上櫃,0.0,0.0,0.0,459179.0,42990694.0
3707,漢磊,上櫃,0.0,0.0,0.0,731434.0,400484353.0
3709,鑫聯大投控,上櫃,0.0,0.0,0.0,-63666.0,145569450.0
3710,連展投控,上櫃,0.0,0.0,0.0,48000.0,177086787.0
3713,新晶投控,上櫃,0.0,0.0,0.0,-3556.0,88099380.0
4102,永日,上櫃,0.0,0.0,0.0,-2000.0,42373443.0
4105,東洋,上櫃,0.0,0.0,0.0,-51002.0,248649959.0
4107,邦特,上櫃,0.0,0.0,0.0,-6021.0,69298336.0
4109,加捷生醫,上櫃,0.0,0.0,0.0,721.0,118736681.0
4111,濟生,上櫃,0.0,0.0,0.0,-8000.0,59832135.0
4113,聯上,上櫃,0.0,0.0,0.0,22294.0,231138137.0
4114,健喬,上櫃,0.0,0.0,0.0,-9503.0,550429688.0
4116,明基醫,上櫃,0.0,0.0,0.0,1000.0,44566000.0
4121,優盛,上櫃,0.0,0.0,0.0,-4297.0,83111045.0
4123,晟德,上櫃,0.0,0.0,0.0,-606450.0,807456341.0
4126,太醫,上櫃,0.0,0.0,0.0,5000.0,72600000.0
4127,天良,上櫃,0.0,0.0,0.0,23824.0,45760000.0
4128,中天,上櫃,0.0,0.0,0.0,-104255.0,588170597.0
4129,聯合,上櫃,0.0,0.0,0.0,-142000.0,96437650.0
4131,浩泰,上櫃,0.0,0.0,0.0,135.0,39857000.0
4138,曜亞,上櫃,0.0,0.0,0.0,-2000.0,39930000.0
4139,馬光-KY,上櫃,0.0,0.0,0.0,4000.0,45009911.0
4147,中裕,上櫃,0.0,0.0,0.0,-239587.0,273202425.0
4153,鈺緯,上櫃,0.0,0.0,0.0,0.0,58668197.0
4157,太景*-KY,上櫃,0.0,0.0,0.0,-87401.0,711833575.0
4160,訊聯基因,上櫃,0.0,0.0,0.0,-2410.0,26690334.0
4161,聿新科,上櫃,0.0,0.0,0.0,18000.0,59798204.0
4162,智擎,上櫃,0.0,0.0,0.0,-70689.0,143677640.0
4163,鐿鈦,上櫃,0.0,0.0,0.0,-27397.0,50675143.0
4166,友霖,上櫃,0.0,0.0,0.0,25000.0,243035089.0
4167,松瑞藥,上櫃,0.0,0.0,0.0,-378195.0,331554307.0
4168,醣聯,上櫃,0.0,0.0,0.0,-15208.0,112521318.0
4171,瑞基,上櫃,0.0,0.0,0.0,-987.0,58057469.0
4173,久裕,上櫃,0.0,0.0,0.0,-2207.0,74574355.0
4174,浩鼎,上櫃,0.0,0.0,0.0,-301157.0,131579687.0
4175,杏一,上櫃,0.0,0.0,0.0,5000.0,42323307.0
4188,安克,上櫃,0.0,0.0,0.0,-13000.0,63332900.0
4205,中華食,上櫃,0.0,0.0,0.0,1000.0,97649228.0
4207,環泰,上櫃,0.0,0.0,0.0,18120.0,188611108.0
4303,信立,上櫃,0.0,0.0,0.0,-407642.0,132447444.0
4304,勝昱,上櫃,0.0,0.0,0.0,19000.0,61038065.0
4401,東隆興,上櫃,0.0,0.0,0.0,1000.0,122692012.0
4402,郡都開發,上櫃,0.0,0.0,0.0,43.0,67991830.0
4406,新昕纖,上櫃,0.0,0.0,0.0,5000.0,51912000.0
4413,飛寶企業,上櫃,0.0,0.0,0.0,1007.0,31314689.0
4416,三圓,上櫃,0.0,0.0,0.0,98000.0,73586213.0
4417,金洲,上櫃,0.0,0.0,0.0,31000.0,83971399.0
4419,皇家美食,上櫃,0.0,0.0,0.0,-1000.0,169163133.0
4420,光明,上櫃,0.0,0.0,0.0,43000.0,40455000.0
4430,耀億,上櫃,0.0,0.0,0.0,-1000.0,56273609.0
4432,銘旺實,上櫃,0.0,0.0,0.0,-1063.0,50589000.0
4433,興采,上櫃,0.0,0.0,0.0,-3000.0,61299774.0
4442,竣邦-KY,上櫃,0.0,0.0,0.0,-1000.0,32883649.0
4502,健信,上櫃,0.0,0.0,0.0,-1797.0,57469686.0
4503,金雨,上櫃,0.0,0.0,0.0,-10837.0,78313326.0
4506,崇友,上櫃,0.0,0.0,0.0,12000.0,177012000.0
4510,高鋒,上櫃,0.0,0.0,0.0,-113197.0,108977724.0
4513,福裕,上櫃,0.0,0.0,0.0,24000.0,143761921.0
4523,永彰,上櫃,0.0,0.0,0.0,13934.0,64949000.0
4527,方土霖,上櫃,0.0,0.0,0.0,10000.0,68537133.0
4528,江興鍛,上櫃,0.0,0.0,0.0,-1263.0,84165695.0
4533,協易機,上櫃,0.0,0.0,0.0,-315709.0,178434110.0
4534,慶騰,上櫃,0.0,0.0,0.0,33443.0,86788948.0
4538,大詠城,上櫃,0.0,0.0,0.0,-3000.0,59469604.0
4541,晟田,上櫃,0.0,0.0,0.0,-122342.0,67647068.0
4542,科嶠,上櫃,0.0,0.0,0.0,-215624.0,35254258.0
4543,萬在,上櫃,0.0,0.0,0.0,27100.0,62760915.0
4549,桓達,上櫃,0.0,0.0,0.0,13875.0,57002445.0
4554,橙的,上櫃,0.0,0.0,0.0,10795.0,30276584.0
4556,旭然,上櫃,0.0,0.0,0.0,30966.0,42302840.0
4558,寶緯,上櫃,0.0,0.0,0.0,16000.0,50000000.0
4561,健椿,上櫃,0.0,0.0,0.0,29778.0,58521619.0
4563,百德,上櫃,0.0,0.0,0.0,14999.0,54950000.0
4568,科際精密,上櫃,0.0,0.0,0.0,-2000.0,32045125.0
4577,達航科技,上櫃,0.0,0.0,0.0,-4514.0,49137998.0
4580,捷流閥業,上櫃,0.0,0.0,0.0,217000.0,46803109.0
4702,中美實,上櫃,0.0,0.0,0.0,-2000.0,72333200.0
4707,磐亞,上櫃,0.0,0.0,0.0,-1422183.0,413808151.0
4711,永純,上櫃,0.0,0.0,0.0,-2100.0,61056000.0
4714,永捷,上櫃,0.0,0.0,0.0,-44939.0,221838188.0
4716,大立,上櫃,0.0,0.0,0.0,6093.0,94427191.0
4721,美琪瑪,上櫃,0.0,0.0,0.0,-101772.0,74986304.0
4726,永昕,上櫃,0.0,0.0,0.0,-30.0,207041800.0
4729,熒茂,上櫃,0.0,0.0,0.0,14000.0,79226741.0
4735,豪展,上櫃,0.0,0.0,0.0,-4020.0,41568758.0
4741,泓瀚,上櫃,0.0,0.0,0.0,-24474.0,34812079.0
4743,合一,上櫃,0.0,0.0,0.0,-113943.0,480533486.0
4744,皇將,上櫃,0.0,0.0,0.0,0.0,56948450.0
4745,合富-KY,上櫃,0.0,0.0,0.0,-119.0,66220547.0
4747,強生*,上櫃,0.0,0.0,0.0,-2880.0,90922064.0
4749,新應材,上櫃,0.0,0.0,0.0,137750.0,94732865.0
4754,國碳科,上櫃,0.0,0.0,0.0,-1000.0,30283215.0
4760,勤凱,上櫃,0.0,0.0,0.0,108678.0,32778289.0
4767,誠泰科技,上櫃,0.0,0.0,0.0,-12.0,31415000.0
4768,晶呈科技,上櫃,0.0,0.0,0.0,-15261.0,48200288.0
4772,台特化,上櫃,0.0,0.0,0.0,132173.0,147681552.0
4903,聯光通,上櫃,0.0,0.0,0.0,235810.0,105343714.0
4905,台聯電,上櫃,0.0,0.0,0.0,-4000.0,29260044.0
4907,富宇,上櫃,0.0,0.0,0.0,9000.0,118145778.0
4908,前鼎,上櫃,0.0,0.0,0.0,124252.0,78216907.0
4909,新復興,上櫃,0.0,0.0,0.0,-93637.0,93356864.0
4911,德英,上櫃,0.0,0.0,0.0,8921.0,68817133.0
4923,力士,上櫃,0.0,0.0,0.0,-83999.0,36940360.0
4924,欣厚-KY,上櫃,0.0,0.0,0.0,9000.0,37164409.0
4931,新盛力,上櫃,0.0,0.0,0.0,-421510.0,65565761.0
4933,友輝,上櫃,0.0,0.0,0.0,-9.0,82662675.0
4939,亞電,上櫃,0.0,0.0,0.0,181303.0,98200868.0
4946,辣椒,上櫃,0.0,0.0,0.0,-1000.0,8852816.0
4951,精拓科,上櫃,0.0,0.0,0.0,20164.0,34148713.0
4953,緯致,上櫃,0.0,0.0,0.0,-44507.0,74326386.0
4966,譜瑞-KY,上櫃,0.0,0.0,0.0,44607.0,78957788.0
4971,IET-KY,上櫃,0.0,0.0,0.0,274747.0,47185743.0
4972,湯石照明,上櫃,0.0,0.0,0.0,3677.0,56888587.0
4973,廣穎,上櫃,0.0,0.0,0.0,-47835.0,65292843.0
4974,亞泰,上櫃,0.0,0.0,0.0,2684.0,72500104.0
4979,華星光,上櫃,0.0,0.0,0.0,-801832.0,142802027.0
4991,環宇-KY,上櫃,0.0,0.0,0.0,-1257455.0,121363372.0
4995,晶達,上櫃,0.0,0.0,0.0,1000.0,42592036.0
5009,榮剛,上櫃,0.0,0.0,0.0,839746.0,602471197.0
5011,久陽,上櫃,0.0,0.0,0.0,-24870.0,100673922.0
5013,強新,上櫃,0.0,0.0,0.0,3000.0,133416000.0
5014,建錩,上櫃,0.0,0.0,0.0,5000.0,183265054.0
5015,華祺,上櫃,0.0,0.0,0.0,70.0,60639189.0
5016,松和,上櫃,0.0,0.0,0.0,-1000.0,49622076.0
5201,凱衛,上櫃,0.0,0.0,0.0,-1000.0,38674600.0
5202,力新,上櫃,0.0,0.0,0.0,5000.0,89094000.0
5206,坤悅,上櫃,0.0,0.0,0.0,7530.0,180093375.0
5209,新鼎,上櫃,0.0,0.0,0.0,-43680.0,28567224.0
5210,寶碩,上櫃,0.0,0.0,0.0,-19853.0,82177779.0
5211,蒙恬,上櫃,0.0,0.0,0.0,3200.0,32024727.0
5212,凌網,上櫃,0.0,0.0,0.0,1000.0,34633000.0
5213,亞昕,上櫃,0.0,0.0,0.0,115647.0,721334326.0
5227,立凱-KY,上櫃,0.0,0.0,0.0,83865.0,96000000.0
5228,鈺鎧,上櫃,0.0,0.0,0.0,3611.0,38056253.0
5230,雷笛克光學,上櫃,0.0,0.0,0.0,4008.0,56303831.0
5245,智晶,上櫃,0.0,0.0,0.0,4000.0,45127141.0
5251,天鉞電,上櫃,0.0,0.0,0.0,11762.0,33733377.0
5263,智崴,上櫃,0.0,0.0,0.0,33206.0,78936891.0
5272,笙科,上櫃,0.0,0.0,0.0,18982.0,55276118.0
5274,信驊,上櫃,0.0,0.0,0.0,-22537.0,41582953.0
5276,達輝-KY,上櫃,0.0,0.0,0.0,1000.0,39500000.0
5278,尚凡*,上櫃,0.0,0.0,0.0,19288.0,300000000.0
5287,數字,上櫃,0.0,0.0,0.0,-44288.0,60310050.0
5289,宜鼎,上櫃,0.0,0.0,0.0,-113596.0,98289931.0
5291,邑昇,上櫃,0.0,0.0,0.0,482781.0,41890606.0
5299,杰力,上櫃,0.0,0.0,0.0,31656.0,50888981.0
5302,太欣,上櫃,0.0,0.0,0.0,83050.0,159888349.0
5309,系統電,上櫃,0.0,0.0,0.0,-5443.0,230967451.0
5310,天剛,上櫃,0.0,0.0,0.0,-1000.0,28943517.0
5312,寶島科,上櫃,0.0,0.0,0.0,-3000.0,60059898.0
5314,世紀*,上櫃,0.0,0.0,0.0,-497363.0,292000000.0
5315,光聯,上櫃,0.0,0.0,0.0,18000.0,106351832.0
5321,美而快,上櫃,0.0,0.0,0.0,-832796.0,59543149.0
5324,士開,上櫃,0.0,0.0,0.0,-27000.0,226379090.0
5328,華容,上櫃,0.0,0.0,0.0,-135329.0,172710724.0
5340,建榮,上櫃,0.0,0.0,0.0,331801.0,194893964.0
5344,立衛,上櫃,0.0,0.0,0.0,3000.0,79447460.0
5345,馥鴻,上櫃,0.0,0.0,0.0,560.0,37795000.0
5347,世界,上櫃,0.0,0.0,0.0,665651.0,1878502192.0
5351,鈺創,上櫃,0.0,0.0,0.0,-3290686.0,328636781.0
5353,台林,上櫃,0.0,0.0,0.0,19000.0,76500000.0
5356,協益,上櫃,0.0,0.0,0.0,-1000.0,103040000.0
5364,力麗店,上櫃,0.0,0.0,0.0,2000.0,63849940.0
5381,光譜,上櫃,0.0,0.0,0.0,-139492.0,207690562.0
5386,青雲,上櫃,0.0,0.0,0.0,-54398.0,54121322.0
5392,能率,上櫃,0.0,0.0,0.0,-683091.0,180093388.0
5398,慕康生醫,上櫃,0.0,0.0,0.0,10372.0,49465460.0
5403,中菲,上櫃,0.0,0.0,0.0,74000.0,78120722.0
5410,國眾,上櫃,0.0,0.0,0.0,-93386.0,93368623.0
5425,台半,上櫃,0.0,0.0,0.0,-2075923.0,263485486.0
5426,振發,上櫃,0.0,0.0,0.0,-91259.0,143800000.0
5432,新門,上櫃,0.0,0.0,0.0,-44760.0,20687804.0
5438,東友,上櫃,0.0,0.0,0.0,3000.0,112536565.0
5439,高技,上櫃,0.0,0.0,0.0,-261898.0,92975752.0
5443,均豪,上櫃,0.0,0.0,0.0,-1411216.0,164746644.0
5450,南良,上櫃,0.0,0.0,0.0,5620.0,122403239.0
5452,佶優,上櫃,0.0,0.0,0.0,-61070.0,148763669.0
5455,昇益,上櫃,0.0,0.0,0.0,-1000.0,65501813.0
5457,宣德,上櫃,0.0,0.0,0.0,-33366.0,196237000.0
5460,同協,上櫃,0.0,0.0,0.0,-3855.0,58778130.0
5464,霖宏,上櫃,0.0,0.0,0.0,-59412.0,71071490.0
5465,富驊,上櫃,0.0,0.0,0.0,19000.0,147682629.0
5468,凱鈺,上櫃,0.0,0.0,0.0,-14905.0,58922909.0
5474,聰泰,上櫃,0.0,0.0,0.0,5668.0,39756944.0
5475,德宏,上櫃,0.0,0.0,0.0,-289910.0,127127017.0
5478,智冠,上櫃,0.0,0.0,0.0,-16224.0,156074332.0
5481,新華,上櫃,0.0,0.0,0.0,-29001.0,71402891.0
5483,中美晶,上櫃,0.0,0.0,0.0,5323321.0,641221651.0
5487,通泰,上櫃,0.0,0.0,0.0,-856.0,24222516.0
5488,松普,上櫃,0.0,0.0,0.0,35318.0,91586124.0
5489,彩富,上櫃,0.0,0.0,0.0,-6878.0,102706441.0
5490,同亨,上櫃,0.0,0.0,0.0,-77221.0,96152201.0
5493,三聯,上櫃,0.0,0.0,0.0,-19053.0,43689255.0
5498,凱崴,上櫃,0.0,0.0,0.0,-213492.0,193548545.0
5508,永信建,上櫃,0.0,0.0,0.0,-40000.0,217428133.0
5511,德昌,上櫃,0.0,0.0,0.0,-16405.0,136000000.0
5512,力麒,上櫃,0.0,0.0,0.0,-31531.0,766312494.0
5514,三豐,上櫃,0.0,0.0,0.0,-1000.0,236118280.0
5516,雙喜,上櫃,0.0,0.0,0.0,3033.0,51545223.0
5529,鉅陞,上櫃,0.0,0.0,0.0,15998.0,105769350.0
5530,龍巖,上櫃,0.0,0.0,0.0,-80000.0,420084199.0
5536,聖暉*,上櫃,0.0,0.0,0.0,124704.0,124080930.0
5543,桓鼎-KY,上櫃,0.0,0.0,0.0,-1000.0,46703593.0
5547,久舜,上櫃,0.0,0.0,0.0,4000.0,51000000.0
5548,安倉,上櫃,0.0,0.0,0.0,1000.0,63723065.0
5603,陸海,上櫃,0.0,0.0,0.0,3512.0,104876607.0
5604,中連,上櫃,0.0,0.0,0.0,7000.0,108782968.0
5609,中菲行,上櫃,0.0,0.0,0.0,-3611.0,142884000.0
5701,劍湖山,上櫃,0.0,0.0,0.0,1000.0,143000000.0
5704,老爺知,上櫃,0.0,0.0,0.0,-1416.0,58861658.0
5864,致和證,上櫃,0.0,0.0,0.0,837288.0,504490084.0
5902,德記,上櫃,0.0,0.0,0.0,50.0,94500000.0
5903,全家,上櫃,0.0,0.0,0.0,-8511.0,223220000.0
5904,寶雅*,上櫃,0.0,0.0,0.0,-4539156.0,1064438260.0
5905,南仁湖,上櫃,0.0,0.0,0.0,-17569.0,281623235.0
6015,宏遠證,上櫃,0.0,0.0,0.0,927305.0,403614082.0
6016,康和證,上櫃,0.0,0.0,0.0,337308.0,772419946.0
6020,大展證,上櫃,0.0,0.0,0.0,2000.0,252353154.0
6021,美好證,上櫃,0.0,0.0,0.0,42000.0,312005974.0
6023,元大期,上櫃,0.0,0.0,0.0,-69450.0,447972732.0
6026,福邦證,上櫃,0.0,0.0,0.0,359000.0,396161841.0
6101,寬魚國際,上櫃,0.0,0.0,0.0,-51987.0,116601850.0
6104,創惟,上櫃,0.0,0.0,0.0,-17345.0,91127107.0
6109,亞元,上櫃,0.0,0.0,0.0,-2440.0,87825414.0
6111,光聚晶電,上櫃,0.0,0.0,0.0,-75040.0,108511051.0
6113,亞矽,上櫃,0.0,0.0,0.0,7000.0,52549455.0
6114,久威,上櫃,0.0,0.0,0.0,-1000.0,43911937.0
6118,建達,上櫃,0.0,0.0,0.0,9940.0,90889573.0
6121,新普,上櫃,0.0,0.0,0.0,64162.0,184970519.0
6122,擎邦,上櫃,0.0,0.0,0.0,17097.0,78091632.0
6123,上奇,上櫃,0.0,0.0,0.0,9000.0,62089430.0
6124,業強,上櫃,0.0,0.0,0.0,1000.0,182479945.0
6125,廣運,上櫃,0.0,0.0,0.0,56298.0,259011150.0
6126,信音,上櫃,0.0,0.0,0.0,41057.0,130050754.0
6127,九豪,上櫃,0.0,0.0,0.0,785388.0,108079751.0
6129,普誠,上櫃,0.0,0.0,0.0,176064.0,160574120.0
6130,上亞科技,上櫃,0.0,0.0,0.0,23000.0,49300000.0
6134,萬旭,上櫃,0.0,0.0,0.0,22252.0,81882117.0
6138,茂達,上櫃,0.0,0.0,0.0,97524.0,75633500.0
6140,訊達,上櫃,0.0,0.0,0.0,-6900.0,54897760.0
6143,振曜,上櫃,0.0,0.0,0.0,-125662.0,86058897.0
6146,耕興,上櫃,0.0,0.0,0.0,35829.0,101867199.0
6147,頎邦,上櫃,0.0,0.0,0.0,-440597.0,744577539.0
6148,驊宏資,上櫃,0.0,0.0,0.0,12233.0,46603757.0
6150,撼訊,上櫃,0.0,0.0,0.0,41315.0,48345985.0
6151,晉倫,上櫃,0.0,0.0,0.0,26919.0,55257300.0
6154,順發,上櫃,0.0,0.0,0.0,0.0,80080000.0
6156,松上,上櫃,0.0,0.0,0.0,-60854.0,107875010.0
6158,禾昌,上櫃,0.0,0.0,0.0,29248.0,55028788.0
6160,欣技,上櫃,0.0,0.0,0.0,-4995.0,68489120.0
6161,捷波,上櫃,0.0,0.0,0.0,6000.0,56237477.0
6163,華電網,上櫃,0.0,0.0,0.0,68909.0,148838747.0
6167,久正,上櫃,0.0,0.0,0.0,5007.0,143080000.0
6169,昱泉,上櫃,0.0,0.0,0.0,-1.0,23394960.0
6170,統振,上櫃,0.0,0.0,0.0,-19155.0,97260038.0
6171,大城地產,上櫃,0.0,0.0,0.0,2000.0,100000000.0
6173,信昌電,上櫃,0.0,0.0,0.0,1058429.0,160928000.0
6174,安碁,上櫃,0.0,0.0,0.0,-123689.0,50000000.0
6175,立敦,上櫃,0.0,0.0,0.0,20135.0,150121812.0
6179,亞通,上櫃,0.0,0.0,0.0,-774817.0,177324650.0
6180,橘子,上櫃,0.0,0.0,0.0,-210036.0,175493573.0
6182,合晶,上櫃,0.0,0.0,0.0,10789889.0,625305662.0
6185,幃翔,上櫃,0.0,0.0,0.0,2443.0,149867531.0
6186,新潤,上櫃,0.0,0.0,0.0,-246875.0,194907598.0
6187,萬潤,上櫃,0.0,0.0,0.0,-227985.0,98262739.0
6188,廣明,上櫃,0.0,0.0,0.0,80361.0,278358910.0
6190,萬泰科,上櫃,0.0,0.0,0.0,509769.0,186522441.0
6194,育富,上櫃,0.0,0.0,0.0,4050.0,48000000.0
6195,詩肯,上櫃,0.0,0.0,0.0,-2298.0,50192942.0
6199,天品,上櫃,0.0,0.0,0.0,20895.0,61760018.0
6203,海韻電,上櫃,0.0,0.0,0.0,15010.0,82401370.0
6204,艾華,上櫃,0.0,0.0,0.0,110854.0,23102080.0
6207,雷科,上櫃,0.0,0.0,0.0,80356.0,93066484.0
6208,日揚,上櫃,0.0,0.0,0.0,49015.0,94462343.0
6210,慶生,上櫃,0.0,0.0,0.0,-204.0,35048000.0
6217,中探針,上櫃,0.0,0.0,0.0,1315876.0,117210018.0
6218,豪勉,上櫃,0.0,0.0,0.0,485173.0,64262000.0
6219,富旺,上櫃,0.0,0.0,0.0,1100.0,124967090.0
6220,岳豐,上櫃,0.0,0.0,0.0,-68998.0,146462640.0
6221,晉泰,上櫃,0.0,0.0,0.0,0.0,168601206.0
6222,立軒,上櫃,0.0,0.0,0.0,2000.0,95688878.0
6223,旺矽,上櫃,0.0,0.0,0.0,-278903.0,97981309.0
6227,茂綸,上櫃,0.0,0.0,0.0,36201.0,76111786.0
6229,研通,上櫃,0.0,0.0,0.0,8000.0,40360700.0
6231,系微,上櫃,0.0,0.0,0.0,41327.0,45652186.0
6233,旺玖,上櫃,0.0,0.0,0.0,17963.0,80971896.0
6234,高僑,上櫃,0.0,0.0,0.0,54095.0,100386398.0
6237,驊訊,上櫃,0.0,0.0,0.0,34102.0,79645371.0
6240,松崗,上櫃,0.0,0.0,0.0,-11454.0,22867370.0
6241,鑫永洋,上櫃,0.0,0.0,0.0,-12000.0,45533670.0
6244,茂迪,上櫃,0.0,0.0,0.0,-357565.0,387041875.0
6245,立端,上櫃,0.0,0.0,0.0,-175543.0,146608303.0
6246,臺龍,上櫃,0.0,0.0,0.0,7712.0,37851415.0
6248,沛波,上櫃,0.0,0.0,0.0,0.0,99956149.0
6259,百徽,上櫃,0.0,0.0,0.0,39520.0,28056146.0
6261,久元,上櫃,0.0,0.0,0.0,232368.0,128497989.0
6263,普萊德,上櫃,0.0,0.0,0.0,72131.0,62500964.0
6265,方土昶,上櫃,0.0,0.0,0.0,-589309.0,118172151.0
6266,泰詠,上櫃,0.0,0.0,0.0,-3890.0,153871641.0
6270,倍微,上櫃,0.0,0.0,0.0,72401.0,72145759.0
6274,台燿,上櫃,0.0,0.0,0.0,-195585.0,299460093.0
6275,元山,上櫃,0.0,0.0,0.0,-12061.0,80344567.0
6276,安鈦克,上櫃,0.0,0.0,0.0,1000.0,22043000.0
6279,胡連,上櫃,0.0,0.0,0.0,239771.0,119015736.0
6284,佳邦,上櫃,0.0,0.0,0.0,-167905.0,148980341.0
6290,良維,上櫃,0.0,0.0,0.0,-139415.0,169652410.0
6291,沛亨,上櫃,0.0,0.0,0.0,140729.0,42000000.0
6292,迅德,上櫃,0.0,0.0,0.0,990.0,46600712.0
6294,智基,上櫃,0.0,0.0,0.0,-1488.0,26047106.0
6411,晶焱,上櫃,0.0,0.0,0.0,48007.0,99508031.0
6417,韋僑,上櫃,0.0,0.0,0.0,-10189.0,42274000.0
6418,詠昇,上櫃,0.0,0.0,0.0,21441.0,34522000.0
6419,京晨科,上櫃,0.0,0.0,0.0,-27800.0,13159170.0
6423,億而得,上櫃,0.0,0.0,0.0,24000.0,31016000.0
6425,易發,上櫃,0.0,0.0,0.0,-664961.0,51382317.0
6432,今展科,上櫃,0.0,0.0,0.0,-11677.0,38784067.0
6435,大中,上櫃,0.0,0.0,0.0,97811.0,37461300.0
6441,廣錠,上櫃,0.0,0.0,0.0,16200.0,53318429.0
6461,益得,上櫃,0.0,0.0,0.0,-16000.0,110324527.0
6462,神盾,上櫃,0.0,0.0,0.0,118302.0,91250754.0
6465,威潤,上櫃,0.0,0.0,0.0,16028.0,59073685.0
6469,大樹,上櫃,0.0,0.0,0.0,-282671.0,159085152.0
6470,宇智,上櫃,0.0,0.0,0.0,14926.0,37694100.0
6474,華豫寧,上櫃,0.0,0.0,0.0,0.0,52526199.0
6482,弘煜科,上櫃,0.0,0.0,0.0,19.0,28634463.0
6485,點序,上櫃,0.0,0.0,0.0,-5690.0,47366493.0
6486,互動,上櫃,0.0,0.0,0.0,5567.0,50893286.0
6488,環球晶,上櫃,0.0,0.0,0.0,3730368.0,478113725.0
6492,生華科,上櫃,0.0,0.0,0.0,10589.0,114903620.0
6494,九齊,上櫃,0.0,0.0,0.0,32078.0,31559690.0
6498,久禾光,上櫃,0.0,0.0,0.0,-8000.0,47475892.0
6499,益安,上櫃,0.0,0.0,0.0,-202800.0,96944893.0
6506,雙邦,上櫃,0.0,0.0,0.0,8000.0,82360826.0
6508,惠光,上櫃,0.0,0.0,0.0,2000.0,86538864.0
6509,聚和,上櫃,0.0,0.0,0.0,-164150.0,197080553.0
6510,精測,上櫃,0.0,0.0,0.0,-44468.0,32929138.0
6516,勤崴國際,上櫃,0.0,0.0,0.0,-8092.0,56336935.0
6517,保勝光學,上櫃,0.0,0.0,0.0,-84356.0,30579053.0
6523,達爾膚,上櫃,0.0,0.0,0.0,3000.0,45047625.0
6530,創威,上櫃,0.0,0.0,0.0,-302162.0,33750000.0
6532,瑞耘,上櫃,0.0,0.0,0.0,144936.0,37445147.0
6535,順藥,上櫃,0.0,0.0,0.0,74983.0,167840825.0
6538,倉和,上櫃,0.0,0.0,0.0,60067.0,37270493.0
6542,隆中,上櫃,0.0,0.0,0.0,2000.0,42000630.0
6546,正基,上櫃,0.0,0.0,0.0,33547.0,66848449.0
6547,高端疫苗,上櫃,0.0,0.0,0.0,-296027.0,328943644.0
6548,長科*,上櫃,0.0,0.0,0.0,467536.0,950464700.0
6556,勝品,上櫃,0.0,0.0,0.0,-1000.0,28750000.0
6560,欣普羅,上櫃,0.0,0.0,0.0,5000.0,33474715.0
6561,是方,上櫃,0.0,0.0,0.0,3051.0,77958370.0
6568,宏觀,上櫃,0.0,0.0,0.0,-1456.0,30796200.0
6569,醫揚,上櫃,0.0,0.0,0.0,-7383.0,42820745.0
6570,維田,上櫃,0.0,0.0,0.0,25000.0,37119170.0
6574,霈方,上櫃,0.0,0.0,0.0,-6041.0,21990000.0
6576,逸達,上櫃,0.0,0.0,0.0,-23000.0,157540541.0
6577,勁豐,上櫃,0.0,0.0,0.0,-3217.0,60060145.0
6578,達邦蛋白,上櫃,0.0,0.0,0.0,7000.0,71941901.0
6584,南俊國際,上櫃,0.0,0.0,0.0,268024.0,71379810.0
6588,東典光電,上櫃,0.0,0.0,0.0,-74807.0,34700825.0
6590,普鴻,上櫃,0.0,0.0,0.0,1000.0,28695603.0
6593,台灣銘板,上櫃,0.0,0.0,0.0,10000.0,31856609.0
6596,寬宏藝術,上櫃,0.0,0.0,0.0,4930.0,38000000.0
6603,富強鑫,上櫃,0.0,0.0,0.0,43918.0,167442946.0
6609,瀧澤科,上櫃,0.0,0.0,0.0,84210.0,72456246.0
6612,奈米醫材,上櫃,0.0,0.0,0.0,3023.0,52266043.0
6613,朋億*,上櫃,0.0,0.0,0.0,-261931.0,77801485.0
6615,慧智,上櫃,0.0,0.0,0.0,-1000.0,21593400.0
6617,共信-KY,上櫃,0.0,0.0,0.0,-158224.0,127506100.0
6620,漢達,上櫃,0.0,0.0,0.0,-38077.0,165981900.0
6629,泰金-KY,上櫃,0.0,0.0,0.0,-1001.0,38379563.0
6637,醫影,上櫃,0.0,0.0,0.0,1000.0,26810000.0
6640,均華,上櫃,0.0,0.0,0.0,-79452.0,28911500.0
6642,富致,上櫃,0.0,0.0,0.0,46869.0,37399662.0
6643,M31,上櫃,0.0,0.0,0.0,91919.0,42620160.0
6649,台生材,上櫃,0.0,0.0,0.0,5000.0,42000000.0
6651,全宇昕,上櫃,0.0,0.0,0.0,127720.0,34601541.0
6654,天正國際,上櫃,0.0,0.0,0.0,14486.0,40962720.0
6664,群翊,上櫃,0.0,0.0,0.0,236929.0,61151307.0
6667,信紘科,上櫃,0.0,0.0,0.0,-50925.0,49278878.0
6679,鈺太,上櫃,0.0,0.0,0.0,75946.0,54975335.0
6683,雍智科技,上櫃,0.0,0.0,0.0,7076.0,27552661.0
6684,安格,上櫃,0.0,0.0,0.0,17970.0,44559496.0
6690,安碁資訊,上櫃,0.0,0.0,0.0,0.0,29999720.0
6692,進能服,上櫃,0.0,0.0,0.0,984.0,58843890.0
6693,廣閎科,上櫃,0.0,0.0,0.0,-92167.0,45720000.0
6697,東捷資訊,上櫃,0.0,0.0,0.0,33000.0,27323364.0
6703,軒郁,上櫃,0.0,0.0,0.0,3000.0,36257210.0
6708,天擎,上櫃,0.0,0.0,0.0,-1000.0,29008779.0
6712,長聖,上櫃,0.0,0.0,0.0,-54258.0,100488861.0
6716,應廣,上櫃,0.0,0.0,0.0,5218.0,30241814.0
6720,久昌,上櫃,0.0,0.0,0.0,-2736.0,30225741.0
6725,矽科宏晟,上櫃,0.0,0.0,0.0,25805.0,37130000.0
6727,亞泰金屬,上櫃,0.0,0.0,0.0,292009.0,26884177.0
6728,上洋,上櫃,0.0,0.0,0.0,259.0,30120000.0
6732,昇佳電子,上櫃,0.0,0.0,0.0,4037.0,48912618.0
6733,博晟生醫,上櫃,0.0,0.0,0.0,95187.0,134316026.0
6735,美達科技,上櫃,0.0,0.0,0.0,54663.0,46182292.0
6739,竹陞科技,上櫃,0.0,0.0,0.0,16321.0,23392500.0
6741,91APP*-KY,上櫃,0.0,0.0,0.0,-99466.0,120577997.0
6751,智聯服務,上櫃,0.0,0.0,0.0,-2000.0,22200000.0
6761,穩得,上櫃,0.0,0.0,0.0,118681.0,34955867.0
6763,綠界科技*,上櫃,0.0,0.0,0.0,-83738.0,184039130.0
6785,昱展新藥,上櫃,0.0,0.0,0.0,-17581.0,66800000.0
6788,華景電,上櫃,0.0,0.0,0.0,101442.0,38739683.0
6791,虎門科技,上櫃,0.0,0.0,0.0,-1000.0,20847000.0
6803,崑鼎,上櫃,0.0,0.0,0.0,-5183.0,72794385.0
6804,明係,上櫃,0.0,0.0,0.0,14000.0,47500000.0
6811,宏碁資訊,上櫃,0.0,0.0,0.0,-9047.0,41449000.0
6821,聯寶,上櫃,0.0,0.0,0.0,24796.0,35913193.0
6823,濾能,上櫃,0.0,0.0,0.0,-11387.0,33233920.0
6829,千附精密,上櫃,0.0,0.0,0.0,144145.0,59169000.0
6840,東研信超,上櫃,0.0,0.0,0.0,54504.0,30767284.0
6841,長佳智能,上櫃,0.0,0.0,0.0,1700.0,95223000.0
6843,進典,上櫃,0.0,0.0,0.0,-1000.0,33304000.0
6846,綠茵,上櫃,0.0,0.0,0.0,4000.0,27066039.0
6859,伯特光,上櫃,0.0,0.0,0.0,5820.0,41588600.0
6865,偉康科技,上櫃,0.0,0.0,0.0,1.0,15840645.0
6870,騰雲,上櫃,0.0,0.0,0.0,32609.0,28317550.0
6872,浩宇生醫,上櫃,0.0,0.0,0.0,-110.0,70750511.0
6874,倍力,上櫃,0.0,0.0,0.0,8000.0,22000000.0
6875,國邑*,上櫃,0.0,0.0,0.0,-4995.0,129182804.0
6877,鏵友益,上櫃,0.0,0.0,0.0,33853.0,47167122.0
6894,衛司特,上櫃,0.0,0.0,0.0,836.0,23800000.0
6895,宏碩系統,上櫃,0.0,0.0,0.0,-38760.0,34100000.0
6903,巨漢,上櫃,0.0,0.0,0.0,72829.0,66676000.0
6907,雅特力-KY,上櫃,0.0,0.0,0.0,32171.0,62562500.0
6910,德鴻,上櫃,0.0,0.0,0.0,7000.0,30521000.0
6913,鴻呈,上櫃,0.0,0.0,0.0,-168487.0,43848863.0
6922,宸曜,上櫃,0.0,0.0,0.0,-40472.0,27155385.0
6925,意藍,上櫃,0.0,0.0,0.0,10000.0,20000300.0
6945,圓祥生技,上櫃,0.0,0.0,0.0,-193000.0,97531160.0
6953,家碩,上櫃,0.0,0.0,0.0,58752.0,30014600.0
6967,汎瑋材料,上櫃,0.0,0.0,0.0,-9014.0,30404477.0
6968,萬達寵物,上櫃,0.0,0.0,0.0,-13000.0,50436279.0
6982,大井泵浦,上櫃,0.0,0.0,0.0,5000.0,40752381.0
6983,華洋精機,上櫃,0.0,0.0,0.0,13829.0,18020000.0
6986,和迅,上櫃,0.0,0.0,0.0,13000.0,52134000.0
6996,力領科技,上櫃,0.0,0.0,0.0,-1000.0,42090333.0
7402,邑錡,上櫃,0.0,0.0,0.0,-14061.0,35280646.0
7547,碩網,上櫃,0.0,0.0,0.0,0.0,33963000.0
7556,意德士,上櫃,0.0,0.0,0.0,7310.0,29080869.0
7584,樂意,上櫃,0.0,0.0,0.0,2000.0,16462808.0
7642,昶瑞機電,上櫃,0.0,0.0,0.0,8000.0,30194258.0
7703,銳澤,上櫃,0.0,0.0,0.0,9001.0,34745000.0
7704,明遠精密,上櫃,0.0,0.0,0.0,2028.0,33769804.0
7709,榮田,上櫃,0.0,0.0,0.0,18140.0,39102740.0
7712,博盛半導體,上櫃,0.0,0.0,0.0,40497.0,32561873.0
7713,威力德生醫,上櫃,0.0,0.0,0.0,0.0,45478843.0
7714,創泓科技,上櫃,0.0,0.0,0.0,7036.0,21000000.0
7715,裕山,上櫃,0.0,0.0,0.0,-5000.0,32756500.0
7717,萊德光電-KY,上櫃,0.0,0.0,0.0,47950.0,24831518.0
7718,友鋮,上櫃,0.0,0.0,0.0,75.0,46356484.0
7723,築間,上櫃,0.0,0.0,0.0,0.0,49619550.0
7728,光焱科技,上櫃,0.0,0.0,0.0,8085.0,13992621.0
7734,印能科技,上櫃,0.0,0.0,0.0,-10500.0,28000000.0
7738,東聯互動,上櫃,0.0,0.0,0.0,2000.0,27355799.0
7744,崴寶,上櫃,0.0,0.0,0.0,-1954.0,32076710.0
7751,竑騰,上櫃,0.0,0.0,0.0,-128126.0,26888600.0
7753,星亞,上櫃,0.0,0.0,0.0,1000.0,25000000.0
7757,金色三麥,上櫃,0.0,0.0,0.0,0.0,24100000.0
7767,仁大資訊,上櫃,0.0,0.0,0.0,3000.0,30100000.0
7770,君曜,上櫃,0.0,0.0,0.0,-1000.0,30062053.0
7772,耀穎,上櫃,0.0,0.0,0.0,31968.0,26498600.0
7777,能率亞洲,上櫃,0.0,0.0,0.0,-435457.0,186606250.0
7792,安葆,上櫃,0.0,0.0,0.0,58538.0,46662000.0
7805,威聯通,上櫃,0.0,0.0,0.0,-20000.0,39750122.0
7810,捷創科技,上櫃,0.0,0.0,0.0,7031.0,20250000.0
7814,海昌生技,上櫃,0.0,0.0,0.0,6000.0,45000000.0
7819,精誠金融,上櫃,0.0,0.0,0.0,13000.0,25263500.0
7820,立盈,上櫃,0.0,0.0,0.0,1000.0,37768096.0
7828,創新服務,上櫃,0.0,0.0,0.0,22842.0,40493911.0
7842,天能綠電,上櫃,0.0,0.0,0.0,-6000.0,18250000.0
8024,佑華,上櫃,0.0,0.0,0.0,-211.0,45160100.0
8027,鈦昇,上櫃,0.0,0.0,0.0,569034.0,109750596.0
8032,光菱,上櫃,0.0,0.0,0.0,7634.0,51810300.0
8034,榮群,上櫃,0.0,0.0,0.0,3002.0,56586353.0
8038,長園科,上櫃,0.0,0.0,0.0,35961.0,62278190.0
8040,九暘,上櫃,0.0,0.0,0.0,16784.0,96413874.0
8042,金山電,上櫃,0.0,0.0,0.0,576868.0,131479954.0
8043,蜜望實,上櫃,0.0,0.0,0.0,-174784.0,79907170.0
8044,網家,上櫃,0.0,0.0,0.0,2069.0,204768065.0
8048,德勝,上櫃,0.0,0.0,0.0,8585.0,59436924.0
8049,晶采,上櫃,0.0,0.0,0.0,-15512.0,118279808.0
8050,廣積,上櫃,0.0,0.0,0.0,15074.0,205204891.0
8054,安國,上櫃,0.0,0.0,0.0,193466.0,108732566.0
8059,凱碩,上櫃,0.0,0.0,0.0,23500.0,116466300.0
8064,東捷,上櫃,0.0,0.0,0.0,21643.0,184817836.0
8066,來思達,上櫃,0.0,0.0,0.0,2854.0,36642304.0
8068,全達,上櫃,0.0,0.0,0.0,21000.0,80765949.0
8069,元太,上櫃,0.0,0.0,0.0,975464.0,1154678380.0
8071,能率網通,上櫃,0.0,0.0,0.0,-67966.0,60084283.0
8074,鉅橡,上櫃,0.0,0.0,0.0,114204.0,86974466.0
8076,伍豐,上櫃,0.0,0.0,0.0,-222999.0,292213592.0
8080,泰霖,上櫃,0.0,0.0,0.0,-957.0,67163821.0
8083,瑞穎,上櫃,0.0,0.0,0.0,-20000.0,35133193.0
8084,巨虹,上櫃,0.0,0.0,0.0,-8452.0,69514149.0
8085,福華,上櫃,0.0,0.0,0.0,132666.0,139983060.0
8086,宏捷科,上櫃,0.0,0.0,0.0,1410104.0,196516123.0
8087,麗升能源,上櫃,0.0,0.0,0.0,23.0,38646042.0
8088,品安,上櫃,0.0,0.0,0.0,-172875.0,60921749.0
8089,康全電訊,上櫃,0.0,0.0,0.0,-35486.0,65998718.0
8091,翔名,上櫃,0.0,0.0,0.0,13131.0,56943651.0
8092,建暐,上櫃,0.0,0.0,0.0,133.0,57172325.0
8093,保銳,上櫃,0.0,0.0,0.0,-6000.0,56567567.0
8096,擎亞,上櫃,0.0,0.0,0.0,151952.0,149343066.0
8097,常珵,上櫃,0.0,0.0,0.0,4000.0,60302468.0
8099,大世科,上櫃,0.0,0.0,0.0,-25814.0,100072800.0
8102,傑霖科技,上櫃,0.0,0.0,0.0,-2000.0,23358350.0
8107,大億金茂,上櫃,0.0,0.0,0.0,107.0,75000000.0
8109,博大,上櫃,0.0,0.0,0.0,87400.0,82161236.0
8111,立碁,上櫃,0.0,0.0,0.0,-1326033.0,109102223.0
8121,越峰,上櫃,0.0,0.0,0.0,92105.0,212993743.0
8147,正淩,上櫃,0.0,0.0,0.0,-29935.0,41817166.0
8155,博智,上櫃,0.0,0.0,0.0,30733.0,62367700.0
8171,天宇,上櫃,0.0,0.0,0.0,16000.0,112853326.0
8176,智捷,上櫃,0.0,0.0,0.0,-4803.0,59800000.0
8182,加高,上櫃,0.0,0.0,0.0,41545.0,107041215.0
8183,精星,上櫃,0.0,0.0,0.0,17056.0,121251068.0
8227,巨有科技,上櫃,0.0,0.0,0.0,-38960.0,39543000.0
8234,新漢,上櫃,0.0,0.0,0.0,97151.0,141226472.0
8240,華宏,上櫃,0.0,0.0,0.0,-135742.0,100004414.0
8255,朋程,上櫃,0.0,0.0,0.0,79511.0,101961041.0
8277,商丞,上櫃,0.0,0.0,0.0,-1000.0,39500000.0
8279,生展,上櫃,0.0,0.0,0.0,6477.0,27100851.0
8284,三竹,上櫃,0.0,0.0,0.0,2882.0,47303000.0
8289,泰藝,上櫃,0.0,0.0,0.0,164385.0,68333765.0
8291,尚茂,上櫃,0.0,0.0,0.0,6000.0,17478450.0
8299,群聯,上櫃,0.0,0.0,0.0,-889577.0,221165247.0
8349,恒耀,上櫃,0.0,0.0,0.0,24000.0,208821391.0
8354,冠好,上櫃,0.0,0.0,0.0,5186.0,78532263.0
8358,金居,上櫃,0.0,0.0,0.0,-4195785.0,252588000.0
8383,千附,上櫃,0.0,0.0,0.0,169629.0,113760482.0
8390,金益鼎,上櫃,0.0,0.0,0.0,-85820.0,96116128.0
8401,白紗科,上櫃,0.0,0.0,0.0,11000.0,70669058.0
8403,盛弘,上櫃,0.0,0.0,0.0,-3000.0,137640343.0
8409,商之器,上櫃,0.0,0.0,0.0,-1.0,32000000.0
8410,森田,上櫃,0.0,0.0,0.0,2883.0,36589200.0
8415,大國鋼,上櫃,0.0,0.0,0.0,197000.0,1031500000.0
8421,旭源,上櫃,0.0,0.0,0.0,-102962.0,54817140.0
8431,匯鑽科,上櫃,0.0,0.0,0.0,39091.0,48778331.0
8433,弘帆,上櫃,0.0,0.0,0.0,1000.0,54506098.0
8435,鉅邁,上櫃,0.0,0.0,0.0,5945.0,35200450.0
8436,大江,上櫃,0.0,0.0,0.0,-58034.0,117728830.0
8437,大地-KY,上櫃,0.0,0.0,0.0,-3.0,47014070.0
8440,綠電,上櫃,0.0,0.0,0.0,1000.0,50255299.0
8444,綠河-KY,上櫃,0.0,0.0,0.0,8000.0,125104845.0
8446,華研,上櫃,0.0,0.0,0.0,6378.0,52914405.0
8450,霹靂,上櫃,0.0,0.0,0.0,952.0,51309947.0
8472,夠麻吉,上櫃,0.0,0.0,0.0,5000.0,17735800.0
8477,創業家,上櫃,0.0,0.0,0.0,-1000.0,84170616.0
8489,三貝德,上櫃,0.0,0.0,0.0,6000.0,59948960.0
8905,裕國,上櫃,0.0,0.0,0.0,763.0,119440000.0
8906,花王,上櫃,0.0,0.0,0.0,5351.0,44037370.0
8908,欣雄,上櫃,0.0,0.0,0.0,46900.0,315332742.0
8916,光隆,上櫃,0.0,0.0,0.0,1995.0,148591646.0
8924,大田,上櫃,0.0,0.0,0.0,18711.0,83800000.0
8927,北基,上櫃,0.0,0.0,0.0,74431.0,419068367.0
8928,鉅明,上櫃,0.0,0.0,0.0,-2958.0,50854015.0
8929,富堡,上櫃,0.0,0.0,0.0,1100.0,50580862.0
8930,青鋼,上櫃,0.0,0.0,0.0,-2000.0,81809406.0
8931,大汽電,上櫃,0.0,0.0,0.0,5000.0,122254862.0
8932,智通*,上櫃,0.0,0.0,0.0,-736706.0,426013152.0
8933,愛地雅,上櫃,0.0,0.0,0.0,-3000.0,326724305.0
8935,邦泰,上櫃,0.0,0.0,0.0,11000.0,113495000.0
8936,國統,上櫃,0.0,0.0,0.0,144209.0,248078157.0
8937,合騏*,上櫃,0.0,0.0,0.0,-40000.0,441680272.0
8938,明安,上櫃,0.0,0.0,0.0,3872.0,156986490.0
8942,森鉅,上櫃,0.0,0.0,0.0,-20052.0,198842255.0
9949,琉園,上櫃,0.0,0.0,0.0,-11017.0,44860763.0
9950,萬國通,上櫃,0.0,0.0,0.0,200.0,167716000.0
9951,皇田,上櫃,0.0,0.0,0.0,67999.0,73300000.0
9960,邁達康,上櫃,0.0,0.0,0.0,40.0,33592500.0
9962,有益,上櫃,0.0,0.0,0.0,-1000.0,90220260.0
