code,name,market,外資,投信,自營,三大法人,shares
00631L,元大台灣50正2,上市,-2776831.0,0.0,51683276.0,48906445.0,7415848000.0
2317,鴻海,上市,22635286.0,2099832.0,2231085.0,26966203.0,14028648626.0
2884,玉山金,上市,22050561.0,2710114.0,1449457.0,26210132.0,16192000000.0
2002,中鋼,上市,19355221.0,-46000.0,623783.0,19933004.0,15734860997.0
00981A,主動統一台股增長,上市,56033196.0,0.0,-37983136.0,18050060.0,9725209000.0
2812,台中銀,上市,18115924.0,0.0,-81000.0,18034924.0,6021625921.0
2618,長榮航,上市,19824202.0,-3504142.0,442669.0,16762729.0,5400444335.0
2634,漢翔,上市,14423408.0,-5000.0,1808158.0,16226566.0,941867101.0
2885,元大金,上市,23763184.0,-5553385.0,-2415713.0,15794086.0,13331149946.0
2615,萬海,上市,13922398.0,131758.0,377413.0,14431569.0,2806146293.0
2801,彰銀,上市,965853.0,12929000.0,-208000.0,13686853.0,11766046253.0
1402,遠東新,上市,12926429.0,19954.0,-125831.0,12820552.0,5352875227.0
2609,陽明,上市,12481902.0,-590.0,229303.0,12710615.0,3492104270.0
00940,元大台灣價值高息,上市,1928000.0,0.0,9913865.0,11841865.0,5491365000.0
3576,聯合再生,上市,11742712.0,0.0,-19000.0,11723712.0,1627795375.0
2324,仁寶,上市,10348772.0,113231.0,1138313.0,11600316.0,4407146625.0
00403A,主動統一升級50,上市,43716375.0,0.0,-32512483.0,11203892.0,16873519000.0
2883,凱基金,上市,7286913.0,3125160.0,698110.0,11110183.0,18556989414.0
2882,國泰金,上市,12384602.0,-1619366.0,-124653.0,10640583.0,14669210128.0
00671R,富邦NASDAQ反1,上市,0.0,0.0,10564005.0,10564005.0,540384000.0
5880,合庫金,上市,10027726.0,25000.0,187327.0,10240053.0,15680936914.0
2603,長榮,上市,10551368.0,-1359994.0,411142.0,9602516.0,2165042996.0
2610,華航,上市,6223978.0,2727000.0,182199.0,9133177.0,6117941273.0
00637L,元大滬深300正2,上市,-1007000.0,0.0,10116735.0,9109735.0,751606000.0
1314,中石化,上市,8491941.0,0.0,80555.0,8572496.0,3784850130.0
3045,台灣大,上市,10647424.0,-2373001.0,223691.0,8498114.0,3723261811.0
00992A,主動群益科技創新,上市,17632000.0,0.0,-9325398.0,8306602.0,2425455000.0
2412,中華電,上市,8347560.0,-233633.0,-33040.0,8080887.0,7757446545.0
2356,英業達,上市,11432087.0,-4141725.0,670306.0,7960668.0,3587475066.0
2382,廣達,上市,5936494.0,969697.0,826257.0,7732448.0,3862627432.0
2353,宏碁,上市,10215105.0,-3509910.0,794846.0,7500041.0,3047853828.0
3231,緯創,上市,8143909.0,-1713815.0,810561.0,7240655.0,3180052250.0
1101,台泥,上市,7359585.0,-32000.0,-135745.0,7191840.0,7523181742.0
00918,大華優利高填息30,上市,4402235.0,0.0,2770915.0,7173150.0,3495764000.0
2891,中信金,上市,7090012.0,-1412884.0,1071077.0,6748205.0,19676898381.0
2886,兆豐金,上市,-3030954.0,7391549.0,2314479.0,6675074.0,14833378282.0
2892,第一金,上市,-2391577.0,8637313.0,371306.0,6617042.0,14379468650.0
2312,金寶,上市,6020978.0,0.0,493737.0,6514715.0,1505781211.0
00953B,群益優選非投等債,上市,-1988000.0,0.0,8484087.0,6496087.0,4142175000.0
2330,台積電,上市,4975729.0,973707.0,213634.0,6163070.0,25932370067.0
5876,上海商銀,上市,7655027.0,-1953000.0,392884.0,6094911.0,4861603140.0
8112,至上,上市,5777380.0,-171000.0,315679.0,5922059.0,525291698.0
009816,凱基台灣TOP50,上市,33892892.0,0.0,-28025232.0,5867660.0,11414344000.0
1810,和成,上市,5735121.0,0.0,85336.0,5820457.0,302303719.0
00882,中信中國高股息,上市,-2000.0,0.0,5737471.0,5735471.0,2034849000.0
2646,星宇航空,上市,5462835.0,0.0,48905.0,5511740.0,3008735000.0
1102,亞泥,上市,4897884.0,-4753.0,568344.0,5461475.0,3546562881.0
5871,中租-KY,上市,2556120.0,2785000.0,992.0,5342112.0,1711421161.0
3706,神達,上市,3419086.0,1392000.0,327942.0,5139028.0,1327212468.0
2890,永豐金,上市,-7225992.0,11795360.0,239668.0,4809036.0,14502322275.0
2027,大成鋼,上市,4102195.0,149000.0,374152.0,4625347.0,2584260615.0
00999A,主動野村臺灣高息,上市,3025000.0,0.0,1437656.0,4462656.0,1206517000.0
00993A,主動安聯台灣,上市,5531000.0,0.0,-1246158.0,4284842.0,784591000.0
009824,群益美國科技巨頭,上市,10.0,0.0,3943827.0,3943837.0,671847000.0
2880,華南金,上市,-7097622.0,8414000.0,2324574.0,3640952.0,13916965089.0
4904,遠傳,上市,5125255.0,-1922091.0,420134.0,3623298.0,3607705357.0
2881,富邦金,上市,1636773.0,2065182.0,-280979.0,3420976.0,14007364952.0
00663L,國泰臺灣加權正2,上市,982000.0,0.0,2382644.0,3364644.0,158163000.0
2208,台船,上市,3299200.0,0.0,-22000.0,3277200.0,1274539449.0
00405A,主動富邦台灣龍耀,上市,15860017.0,0.0,-12753276.0,3106741.0,3318245000.0
00900,富邦特選高股息30,上市,1414000.0,0.0,1648984.0,3062984.0,1617025000.0
1605,華新,上市,2692886.0,-14366.0,322732.0,3001252.0,4431332948.0
2867,三商壽,上市,3311000.0,0.0,-345000.0,2966000.0,5899501044.0
2897,王道銀行,上市,2994692.0,0.0,-38000.0,2956692.0,2805357878.0
4938,和碩,上市,4772587.0,-2165000.0,321382.0,2928969.0,2682044103.0
00982A,主動群益台灣強棒,上市,3279000.0,0.0,-371472.0,2907528.0,2209436000.0
1312,國喬,上市,2705801.0,0.0,28260.0,2734061.0,1506620328.0
2606,裕民,上市,3426170.0,-727000.0,11798.0,2710968.0,845055712.0
2377,微星,上市,1483329.0,680000.0,501469.0,2664798.0,844856199.0
009821,野村稀土關鍵資源,上市,-29000.0,0.0,2653703.0,2624703.0,732340000.0
4763,材料*-KY,上市,2111282.0,10000.0,498828.0,2620110.0,989146670.0
2357,華碩,上市,2890016.0,-487064.0,194146.0,2597098.0,742760280.0
00878,國泰永續高股息,上市,2754715.0,0.0,-196656.0,2558059.0,18345290000.0
00693U,期街口S&P黃豆,上市,500000.0,0.0,2050580.0,2550580.0,83166000.0
2371,大同,上市,2547341.0,-16000.0,-21336.0,2510005.0,2150834851.0
2889,國票金,上市,2471000.0,0.0,-41000.0,2430000.0,3633563471.0
1718,中纖,上市,789150.0,1441000.0,190000.0,2420150.0,1685905745.0
3026,禾伸堂,上市,2107684.0,321000.0,-44385.0,2384299.0,165890318.0
2887I,台新新光辛特,上市,2352000.0,0.0,0.0,2352000.0,3096420552.0
00633L,富邦上証正2,上市,-243000.0,0.0,2551046.0,2308046.0,122958000.0
00980A,主動野村臺灣優選,上市,3810000.0,0.0,-1507290.0,2302710.0,708730000.0
00642U,期元大S&P石油,上市,-5000.0,0.0,2181836.0,2176836.0,101321000.0
2630,亞航,上市,2008000.0,0.0,133822.0,2141822.0,209438204.0
2347,聯強,上市,4173091.0,-2239000.0,187155.0,2121246.0,1667946968.0
00715L,期街口布蘭特正2,上市,1290000.0,0.0,803354.0,2093354.0,119691793.0
8422,可寧衛*,上市,2084335.0,0.0,-32084.0,2052251.0,1357391830.0
00713,元大台灣高息低波,上市,341915.0,0.0,1663046.0,2004961.0,1725512000.0
2006,東和鋼鐵,上市,1961117.0,-39000.0,-7000.0,1915117.0,730213818.0
2836,高雄銀,上市,1830100.0,0.0,-25000.0,1805100.0,1839916985.0
2633,台灣高鐵,上市,1763395.0,68000.0,-40029.0,1791366.0,5628293058.0
2915,潤泰全,上市,1782503.0,0.0,-45.0,1782458.0,1104318772.0
9933,中鼎,上市,1834352.0,-9400.0,-46134.0,1778818.0,944437034.0
2385,群光,上市,2756035.0,-1094443.0,84739.0,1746331.0,765721188.0
9907,統一實,上市,3129000.0,-1478000.0,-22503.0,1628497.0,1579145342.0
6505,台塑化,上市,1556110.0,0.0,68152.0,1624262.0,9525959652.0
00939,統一台灣高息動能,上市,410900.0,0.0,1178099.0,1588999.0,1196976000.0
2301,光寶科,上市,855483.0,79049.0,617706.0,1552238.0,2316107763.0
1434,福懋,上市,1536450.0,0.0,-17252.0,1519198.0,1684664637.0
00407A,主動凱基台灣,上市,1936764.0,0.0,-420700.0,1516064.0,3028739000.0
2515,中工,上市,1403000.0,0.0,36820.0,1439820.0,1607904084.0
00712,復華富時不動產,上市,-110000.0,0.0,1548421.0,1438421.0,5007011000.0
9105,泰金寶-DR,上市,677000.0,0.0,724820.0,1401820.0,1649062636.0
00669R,國泰美國道瓊反1,上市,-20000.0,0.0,1394058.0,1374058.0,205117000.0
9945,潤泰新,上市,1382822.0,0.0,-27739.0,1355083.0,2844225086.0
2912,統一超,上市,187312.0,1159000.0,-9425.0,1336887.0,1039622255.0
3037,欣興,上市,951249.0,573000.0,-193224.0,1331025.0,1641322596.0
2313,華通,上市,1037139.0,26000.0,261291.0,1324430.0,1191820589.0
6525,捷敏-KY,上市,1285588.0,33000.0,-12662.0,1305926.0,129047384.0
9939,宏全,上市,1067990.0,222000.0,13145.0,1303135.0,295786475.0
6176,瑞儀,上市,1100794.0,3000.0,124458.0,1228252.0,465027263.0
5388,中磊,上市,1077000.0,0.0,102172.0,1179172.0,304342542.0
6213,聯茂,上市,905848.0,-62000.0,326327.0,1170175.0,363562218.0
009820,元大納斯達克精選,上市,-53000.0,0.0,1128580.0,1075580.0,1301702000.0
00915,凱基優選高股息30,上市,944000.0,0.0,115544.0,1059544.0,523483000.0
009819,中信數據及電力,上市,-101000.0,0.0,1125183.0,1024183.0,679745000.0
8081,致新,上市,1018968.0,0.0,-4937.0,1014031.0,86172072.0
2820,華票,上市,1010000.0,0.0,-18072.0,991928.0,1342960000.0
2605,新興,上市,923971.0,0.0,67840.0,991811.0,585353297.0
3694,海華,上市,980193.0,0.0,11066.0,991259.0,154929208.0
2903,遠百,上市,1005880.0,0.0,-18000.0,987880.0,1416940589.0
00402A,主動安聯美國科技,上市,0.0,0.0,963821.0,963821.0,743127000.0
3605,宏致,上市,660300.0,0.0,293762.0,954062.0,174697441.0
1513,中興電,上市,1239954.0,-414000.0,125314.0,951268.0,503112515.0
1304,台聚,上市,1042000.0,0.0,-112389.0,929611.0,1188763500.0
3711,日月光投控,上市,-933903.0,843466.0,1010082.0,919645.0,4470572282.0
2905,三商,上市,932320.0,0.0,-14000.0,918320.0,1110371703.0
00401A,主動摩根台灣鑫收,上市,2078000.0,0.0,-1165430.0,912570.0,242895000.0
00894,中信小資高價30,上市,1010000.0,0.0,-99255.0,910745.0,149009000.0
00881,國泰台灣科技龍頭,上市,234100.0,0.0,675095.0,909195.0,2411903000.0
2331,精英,上市,909800.0,0.0,-5001.0,904799.0,557402968.0
2851,中再保,上市,916469.0,0.0,-11902.0,904567.0,800388750.0
3034,聯詠,上市,1540142.0,-676219.0,23055.0,886978.0,608511469.0
00996A,主動兆豐台灣豐收,上市,1653830.0,0.0,-785221.0,868609.0,321399000.0
00995A,主動中信台灣卓越,上市,1417000.0,0.0,-550057.0,866943.0,300035000.0
009805,台新美國電力基建,上市,44000.0,0.0,800791.0,844791.0,621816000.0
2323,中環,上市,851265.0,0.0,-44000.0,807265.0,1089348328.0
00891,中信關鍵半導體,上市,-1166360.0,0.0,1968577.0,802217.0,1717090000.0
3702,大聯大,上市,-924847.0,1390000.0,304725.0,769878.0,1682278898.0
3545,敦泰,上市,794060.0,0.0,-26224.0,767836.0,222456016.0
2913,農林,上市,775776.0,0.0,-8224.0,767552.0,790000000.0
3035,智原,上市,640090.0,0.0,107397.0,747487.0,260550313.0
00987A,主動台新優勢成長,上市,589000.0,0.0,157524.0,746524.0,174643000.0
2308,台達電,上市,-1380580.0,1886409.0,238080.0,743909.0,2597543329.0
00985A,主動野村台灣50,上市,597000.0,0.0,131076.0,728076.0,469789000.0
6753,龍德造船,上市,395376.0,0.0,329780.0,725156.0,117253224.0
6477,安集,上市,810345.0,0.0,-108376.0,701969.0,123787196.0
009817,國泰日本不動產,上市,397000.0,0.0,302776.0,699776.0,246936000.0
00907,永豐優息存股,上市,565000.0,0.0,134409.0,699409.0,157633000.0
3029,零壹,上市,693927.0,0.0,-1798.0,692129.0,167005212.0
1609,大亞,上市,553839.0,0.0,133155.0,686994.0,785261944.0
009802,富邦旗艦50,上市,564199.0,0.0,114932.0,679131.0,533995000.0
00655L,國泰中國A50正2,上市,38000.0,0.0,631403.0,669403.0,57958000.0
00946,群益科技高息成長,上市,-7000.0,0.0,675926.0,668926.0,464246000.0
00675L,富邦臺灣加權正2,上市,20000.0,0.0,643888.0,663888.0,115786000.0
3022,威強電,上市,619263.0,0.0,27705.0,646968.0,176597790.0
2845,遠東銀,上市,708600.0,3000.0,-65000.0,646600.0,4865284731.0
00927,群益半導體收益,上市,3428000.0,0.0,-2788856.0,639144.0,1355397000.0
1216,統一,上市,-5084057.0,4706058.0,1015807.0,637808.0,5682015421.0
00947,台新臺灣IC設計,上市,660200.0,0.0,-25981.0,634219.0,284364000.0
1722,台肥,上市,650772.0,0.0,-18169.0,632603.0,980000000.0
2543,皇昌,上市,635637.0,0.0,-8447.0,627190.0,528541961.0
1712,興農,上市,622000.0,5000.0,-9397.0,617603.0,420492585.0
2617,台航,上市,616000.0,0.0,-3689.0,612311.0,417294487.0
1909,榮成,上市,609550.0,0.0,-21000.0,588550.0,1327685727.0
00896,中信綠能及電動車,上市,431000.0,0.0,133510.0,564510.0,391880000.0
2355,敬鵬,上市,676376.0,-115000.0,-2187.0,559189.0,397495420.0
00916,國泰全球品牌50,上市,-6000.0,0.0,558841.0,552841.0,120919000.0
3019,亞光,上市,528212.0,0.0,9194.0,537406.0,279243901.0
2498,宏達電,上市,563620.0,1000.0,-30464.0,534156.0,836065086.0
2542,興富發,上市,-7894417.0,7055000.0,1359846.0,520429.0,2153083539.0
00892,富邦台灣半導體,上市,1100250.0,0.0,-585489.0,514761.0,324292000.0
2367,燿華,上市,258605.0,0.0,245855.0,504460.0,706253175.0
4532,瑞智,上市,529000.0,0.0,-26077.0,502923.0,494895105.0
009804,聯邦台精彩50,上市,565000.0,0.0,-62103.0,502897.0,158892000.0
4566,時碩工業,上市,509000.0,0.0,-7402.0,501598.0,109993047.0
4915,致伸,上市,1207000.0,-702000.0,-4736.0,500264.0,471880824.0
6120,達運,上市,454000.0,0.0,45700.0,499700.0,598999602.0
2354,鴻準,上市,435459.0,11000.0,50743.0,497202.0,1414485192.0
3703,欣陸,上市,509125.0,0.0,-16000.0,493125.0,823215980.0
3450,聯鈞,上市,258791.0,225000.0,7319.0,491110.0,145681382.0
2485,兆赫,上市,687537.0,-87000.0,-118303.0,482234.0,317689037.0
2442,新美齊,上市,482000.0,0.0,0.0,482000.0,325232021.0
1514,亞力,上市,469928.0,0.0,9809.0,479737.0,273108473.0
2401,凌陽,上市,384252.0,0.0,81609.0,465861.0,591994919.0
2548,華固,上市,431000.0,0.0,28354.0,459354.0,319718697.0
5521,工信,上市,467160.0,0.0,-8796.0,458364.0,492280155.0
1310,台苯,上市,413001.0,0.0,42528.0,455529.0,527869764.0
6531,愛普*,上市,440603.0,-43000.0,40252.0,437855.0,162846540.0
2023,燁輝,上市,445460.0,0.0,-10000.0,435460.0,1841240214.0
2637,慧洋-KY,上市,41207.0,380000.0,12784.0,433991.0,746409199.0
00917,中信特選金融,上市,-29000.0,0.0,456311.0,427311.0,61478000.0
00909,國泰數位支付服務,上市,401000.0,0.0,23096.0,424096.0,106704000.0
1316,上曜,上市,423164.0,0.0,0.0,423164.0,401646150.0
00905,FT臺灣Smart,上市,136000.0,0.0,284586.0,420586.0,358327000.0
00984A,主動安聯台灣高息,上市,2363000.0,0.0,-1945619.0,417381.0,639958000.0
00961,FT臺灣永續高息,上市,165950.0,0.0,247341.0,413291.0,445011000.0
2103,台橡,上市,291942.0,0.0,121028.0,412970.0,825709978.0
00923,群益台ESG低碳50,上市,296505.0,0.0,115991.0,412496.0,853423000.0
1103,嘉泥,上市,422000.0,0.0,-10000.0,412000.0,832874553.0
2201,裕隆,上市,386661.0,0.0,20593.0,407254.0,1070001251.0
00945B,凱基美國非投等債,上市,-1748000.0,0.0,2151138.0,403138.0,802318000.0
00404A,主動聯博動能50,上市,1072000.0,0.0,-669619.0,402381.0,364295000.0
6789,采鈺,上市,399559.0,2000.0,-2666.0,398893.0,318299119.0
2511,太子,上市,376726.0,0.0,21000.0,397726.0,1623326147.0
00692,富邦公司治理,上市,319000.0,0.0,76328.0,395328.0,615280000.0
8261,富鼎,上市,341820.0,44000.0,8306.0,394126.0,118878393.0
2883B,凱基金乙特,上市,532000.0,0.0,-138000.0,394000.0,1582142374.0
2328,廣宇,上市,380184.0,0.0,-3089.0,377095.0,518346282.0
2727,王品,上市,374890.0,0.0,-3138.0,371752.0,82940109.0
3653,健策,上市,140704.0,156289.0,71499.0,368492.0,146732803.0
2397,友通,上市,370000.0,0.0,-2000.0,368000.0,114488857.0
6214,精誠,上市,342957.0,0.0,24615.0,367572.0,272243066.0
00639,富邦深100,上市,-25000.0,0.0,390315.0,365315.0,97403000.0
006208,富邦台50,上市,-403547.0,3000.0,764873.0,364326.0,1844040000.0
1604,聲寶,上市,359050.0,0.0,-6000.0,353050.0,384200000.0
2010,春源,上市,360498.0,0.0,-8000.0,352498.0,647655390.0
009813,貝萊德標普卓越50,上市,20254.0,0.0,324325.0,344579.0,344324000.0
3712,永崴投控,上市,343208.0,0.0,1000.0,344208.0,246242146.0
00763U,期街口道瓊銅,上市,-1000.0,0.0,342951.0,341951.0,46565000.0
00936,台新永續高息中小,上市,231000.0,0.0,101512.0,332512.0,206797000.0
1307,三芳,上市,327000.0,3000.0,0.0,330000.0,397818126.0
1442,名軒,上市,328014.0,0.0,0.0,328014.0,366211358.0
3665,貿聯-KY,上市,-402535.0,640000.0,85043.0,322508.0,195078405.0
6243,迅杰,上市,316000.0,0.0,-8683.0,307317.0,45268841.0
00706L,期元大S&P日圓正2,上市,6000.0,0.0,298127.0,304127.0,155270853.0
4916,事欣科,上市,160000.0,0.0,144112.0,304112.0,110602900.0
6873,泓德能源,上市,294426.0,0.0,8170.0,302596.0,142649099.0
00960,野村全球航運龍頭,上市,15000.0,0.0,286576.0,301576.0,60495000.0
020039,元大加權N,上市,0.0,0.0,298000.0,298000.0,0.0
1227,佳格,上市,308075.0,0.0,-12724.0,295351.0,915089591.0
00897,富邦基因免疫生技,上市,7000.0,0.0,282288.0,289288.0,143012000.0
3416,融程電,上市,268005.0,0.0,18999.0,287004.0,80493769.0
4564,元翎,上市,292249.0,0.0,-6391.0,285858.0,232788303.0
2362,藍天,上市,297169.0,0.0,-13000.0,284169.0,622263000.0
2436,偉詮電,上市,251129.0,0.0,32853.0,283982.0,200093175.0
5515,建國,上市,266961.0,0.0,12784.0,279745.0,201600084.0
9925,新保,上市,272102.0,0.0,7000.0,279102.0,387489605.0
3704,合勤控,上市,217200.0,0.0,60773.0,277973.0,415444970.0
6277,宏正,上市,275030.0,0.0,2000.0,277030.0,119471166.0
6456,GIS-KY,上市,269243.0,0.0,358.0,269601.0,337939800.0
00949,復華日本龍頭,上市,122240.0,0.0,145444.0,267684.0,174928000.0
3596,智易,上市,269259.0,0.0,-4573.0,264686.0,220354321.0
3047,訊舟,上市,274035.0,0.0,-11000.0,263035.0,224761608.0
00850,元大臺灣ESG永續,上市,194100.0,0.0,65763.0,259863.0,415444000.0
1519,華城,上市,257318.0,0.0,-1041.0,256277.0,315880844.0
2547,日勝生,上市,-226000.0,476000.0,1.0,250001.0,1035094649.0
4961,天鈺,上市,237067.0,0.0,11068.0,248135.0,121253603.0
1444,力麗,上市,-163000.0,430000.0,-19000.0,248000.0,995595059.0
8222,寶一,上市,256000.0,0.0,-8974.0,247026.0,68573500.0
00912,中信臺灣智慧50,上市,41000.0,0.0,205343.0,246343.0,60253000.0
2329,華泰,上市,233217.0,0.0,11409.0,244626.0,658948333.0
2607,榮運,上市,248000.0,0.0,-7000.0,241000.0,533570547.0
1618,合機,上市,238513.0,0.0,186.0,238699.0,192691747.0
9938,百和,上市,133000.0,8000.0,94984.0,235984.0,297963902.0
1907,永豐餘,上市,228833.0,0.0,7000.0,235833.0,1660371495.0
2838,聯邦銀,上市,296000.0,0.0,-65049.0,230951.0,4340551779.0
9919,康那香,上市,231000.0,0.0,-2000.0,229000.0,195362750.0
00904,台新臺灣半導體30,上市,-54000.0,0.0,274794.0,220794.0,164612000.0
2348,海悅,上市,212000.0,0.0,7692.0,219692.0,151898853.0
00930,永豐ESG低碳高息,上市,47000.0,0.0,172174.0,219174.0,133279000.0
2611,志信,上市,218000.0,0.0,0.0,218000.0,189002272.0
2636,台驊控股,上市,215018.0,0.0,-2000.0,213018.0,141835230.0
2540,愛山林,上市,231000.0,0.0,-19000.0,212000.0,944873965.0
8213,志超,上市,215000.0,0.0,-3000.0,212000.0,271242488.0
1808,潤隆,上市,207800.0,0.0,2000.0,209800.0,893031743.0
00648R,元大S&P500反1,上市,-6000.0,0.0,215000.0,209000.0,140688000.0
1616,億泰,上市,208000.0,0.0,-2.0,207998.0,194148515.0
5288,豐祥-KY,上市,125258.0,68000.0,11723.0,204981.0,69698722.0
5608,四維航,上市,204000.0,0.0,0.0,204000.0,389276138.0
2022,聚亨,上市,203661.0,0.0,0.0,203661.0,337168138.0
1540,喬福,上市,201000.0,0.0,0.0,201000.0,85473612.0
00893,國泰智能電動車,上市,85200.0,0.0,113291.0,198491.0,361384000.0
9935,慶豐富,上市,198300.0,0.0,0.0,198300.0,177838926.0
6414,樺漢,上市,218094.0,0.0,-22751.0,195343.0,145886397.0
2387,精元,上市,197000.0,0.0,-2000.0,195000.0,195251051.0
00924,復華S&P500成長,上市,221045.0,0.0,-27009.0,194036.0,439103000.0
2405,輔信,上市,196000.0,0.0,-2000.0,194000.0,343427303.0
1905,華紙,上市,375220.0,-149000.0,-36378.0,189842.0,1102835316.0
1711,永光,上市,207616.0,0.0,-21053.0,186563.0,547752226.0
009803,玉山市值動能50,上市,-86000.0,0.0,271624.0,185624.0,185828000.0
8271,宇瞻,上市,168886.0,-31000.0,45277.0,183163.0,129614266.0
9940,信義,上市,185000.0,0.0,-6000.0,179000.0,736846500.0
9921,巨大,上市,188696.0,1000.0,-10862.0,178834.0,392065395.0
2402,毅嘉,上市,149000.0,0.0,29435.0,178435.0,307536533.0
6962,奕力-KY,上市,174411.0,0.0,1068.0,175479.0,492396565.0
9958,世紀鋼,上市,-145518.0,260000.0,60616.0,175098.0,246896665.0
1104,環泥,上市,192000.0,0.0,-17036.0,174964.0,686681816.0
00653L,富邦印度正2,上市,131000.0,0.0,43095.0,174095.0,14403000.0
00934,中信成長高股息,上市,232000.0,0.0,-59369.0,172631.0,423026000.0
9934,成霖,上市,172072.0,0.0,0.0,172072.0,411016962.0
2419,仲琦,上市,220011.0,-39000.0,-9011.0,172000.0,321317229.0
1440,南紡,上市,191000.0,0.0,-21000.0,170000.0,1656815857.0
8210,勤誠,上市,129754.0,19000.0,17295.0,166049.0,125319146.0
00674R,期元大S&P黃金反1,上市,0.0,0.0,165648.0,165648.0,15420555.0
2029,盛餘,上市,167000.0,0.0,-4000.0,163000.0,321180000.0
4582,聚恆-創,上市,167000.0,0.0,-4000.0,163000.0,75480000.0
3006,晶豪科,上市,97620.0,-80000.0,142661.0,160281.0,297285758.0
5469,瀚宇博,上市,151470.0,0.0,7904.0,159374.0,486166000.0
2364,倫飛,上市,158000.0,0.0,1000.0,159000.0,52388648.0
00932,兆豐永續高息等權,上市,-74000.0,0.0,232912.0,158912.0,122783000.0
8114,振樺電,上市,155127.0,0.0,3351.0,158478.0,76487772.0
3592,瑞鼎,上市,285226.0,-124000.0,-3221.0,158005.0,75855226.0
9911,櫻花,上市,159818.0,1000.0,-3000.0,157818.0,222389584.0
00989A,主動摩根美國科技,上市,-13000.0,0.0,170479.0,157479.0,72617000.0
1524,耿鼎,上市,160230.0,0.0,-6000.0,154230.0,165310397.0
6605,帝寶,上市,156000.0,0.0,-1963.0,154037.0,165816397.0
9914,美利達,上市,165879.0,0.0,-12491.0,153388.0,298983800.0
9941,裕融,上市,169144.0,0.0,-16000.0,153144.0,575636346.0
6550,北極星藥業-KY,上市,154000.0,0.0,-1000.0,153000.0,894792688.0
2379,瑞昱,上市,-218395.0,362663.0,7874.0,152142.0,515512641.0
2107,厚生,上市,149000.0,0.0,0.0,149000.0,303593400.0
00636,國泰中國A50,上市,-206000.0,0.0,354814.0,148814.0,98325000.0
00735,國泰臺韓科技,上市,187660.0,0.0,-42000.0,145660.0,113789000.0
2613,中櫃,上市,142000.0,0.0,3000.0,145000.0,148423458.0
9946,三發地產,上市,77950.0,81000.0,-15000.0,143950.0,326554150.0
2612,中航,上市,143856.0,0.0,-152.0,143704.0,197484593.0
6944,兆聯實業,上市,125072.0,0.0,18559.0,143631.0,76687912.0
2020,美亞,上市,147160.0,0.0,-4000.0,143160.0,267031320.0
6206,飛捷,上市,125000.0,0.0,16288.0,141288.0,143062324.0
2537,聯上發,上市,177201.0,0.0,-36000.0,141201.0,300557795.0
00738U,期元大道瓊白銀,上市,-85750.0,0.0,226393.0,140643.0,247799000.0
009812,野村日本東證,上市,237000.0,0.0,-98284.0,138716.0,99382000.0
2030,彰源,上市,142000.0,0.0,-4000.0,138000.0,280526027.0
6177,達麗,上市,124000.0,6000.0,7000.0,137000.0,471891426.0
1503,士電,上市,-115791.0,233000.0,19230.0,136439.0,520972223.0
009801,中信美國創新科技,上市,-23000.0,0.0,159373.0,136373.0,98119000.0
2480,敦陽科,上市,134231.0,0.0,1838.0,136069.0,106360291.0
5222,全訊,上市,136570.0,0.0,-1143.0,135427.0,91094968.0
2106,建大,上市,142000.0,0.0,-7000.0,135000.0,954890000.0
1437,勤益控,上市,134000.0,0.0,0.0,134000.0,201871284.0
9103,美德醫療-DR,上市,133000.0,0.0,306.0,133306.0,205531500.0
1466,聚隆,上市,142299.0,0.0,-9017.0,133282.0,111157320.0
5534,長虹,上市,142004.0,0.0,-10408.0,131596.0,315325960.0
2453,凌群,上市,134000.0,0.0,-3000.0,131000.0,100000000.0
2101,南港,上市,161000.0,0.0,-30999.0,130001.0,733934904.0
2707,晶華,上市,129175.0,0.0,-2000.0,127175.0,127403238.0
2059,川湖,上市,65624.0,76094.0,-15003.0,126715.0,95297072.0
00901,永豐智能車供應鏈,上市,137000.0,0.0,-11080.0,125920.0,63349000.0
6869,雲豹能源,上市,125675.0,0.0,-271.0,125404.0,137830041.0
6541,泰福-KY,上市,124433.0,0.0,0.0,124433.0,264986367.0
3014,聯陽,上市,140925.0,-25000.0,8330.0,124255.0,165979124.0
1463,強盛新,上市,124000.0,0.0,0.0,124000.0,173268381.0
1210,大成,上市,-42955.0,0.0,166930.0,123975.0,894767222.0
3062,建漢,上市,140151.0,0.0,-21000.0,119151.0,330091818.0
00898,國泰基因免疫革命,上市,231000.0,0.0,-112937.0,118063.0,140476000.0
1217,愛之味,上市,125000.0,0.0,-7000.0,118000.0,494513336.0
2597,潤弘,上市,125220.0,1000.0,-8427.0,117793.0,310716000.0
6412,群電,上市,123126.0,0.0,-5400.0,117726.0,400769126.0
4306,炎洲,上市,117150.0,0.0,0.0,117150.0,676757216.0
2211,長榮鋼,上市,71000.0,115000.0,-69074.0,116926.0,417091463.0
3017,奇鋐,上市,-425532.0,451200.0,90727.0,116395.0,392543007.0
1476,儒鴻,上市,422224.0,-323415.0,15700.0,114509.0,274367111.0
009811,統一美國50,上市,-316000.0,0.0,429721.0,113721.0,249450000.0
5607,遠雄港,上市,113438.0,0.0,0.0,113438.0,370552913.0
3515,華擎,上市,111000.0,0.0,2012.0,113012.0,123544049.0
00986A,主動台新龍頭成長,上市,25000.0,0.0,86798.0,111798.0,41327000.0
5258,虹堡,上市,94071.0,0.0,17000.0,111071.0,110364894.0
1603,華電,上市,120273.0,0.0,-10000.0,110273.0,191688000.0
1617,榮星,上市,105252.0,0.0,4833.0,110085.0,169514700.0
3046,建碁,上市,109080.0,0.0,1000.0,110080.0,78448013.0
1231,聯華食,上市,104107.0,0.0,5841.0,109948.0,298454475.0
2374,佳能,上市,102090.0,0.0,6661.0,108751.0,337992133.0
6165,浪凡,上市,108453.0,0.0,0.0,108453.0,77752623.0
00733,富邦臺灣中小,上市,370000.0,0.0,-262532.0,107468.0,65966000.0
6579,研揚,上市,17180.0,0.0,89852.0,107032.0,169451221.0
1464,得力,上市,104717.0,0.0,2000.0,106717.0,425575733.0
2753,八方雲集,上市,105000.0,0.0,1000.0,106000.0,66644796.0
2102,泰豐,上市,113940.0,0.0,-8000.0,105940.0,473329207.0
3532,台勝科,上市,-363714.0,1102000.0,-632655.0,105631.0,387848300.0
3056,富華新,上市,114000.0,0.0,-9000.0,105000.0,480555051.0
2929,淘帝-KY,上市,105000.0,0.0,0.0,105000.0,109493838.0
8473,山林水,上市,109000.0,0.0,-4947.0,104053.0,181201378.0
2614,東森,上市,104000.0,0.0,0.0,104000.0,327264946.0
8404,百和興業-KY,上市,109199.0,0.0,-6000.0,103199.0,419933884.0
1215,卜蜂,上市,115000.0,0.0,-12484.0,102516.0,294790098.0
9802,鈺齊-KY,上市,104170.0,0.0,-2000.0,102170.0,200991673.0
6416,瑞祺電通,上市,89002.0,0.0,11892.0,100894.0,73348460.0
8016,矽創,上市,91940.0,3000.0,5778.0,100718.0,120136876.0
00956,中信日經高股息,上市,17000.0,0.0,83015.0,100015.0,34630000.0
6115,鎰勝,上市,102000.0,0.0,-2000.0,100000.0,187662154.0
1734,杏輝,上市,100590.0,0.0,-1000.0,99590.0,190196774.0
1806,冠軍,上市,104000.0,0.0,-5000.0,99000.0,390403870.0
00964,中信亞太高股息,上市,-290000.0,0.0,388929.0,98929.0,69124000.0
6598,ABC-KY,上市,105000.0,0.0,-7000.0,98000.0,102819061.0
2420,新巨,上市,107010.0,0.0,-9100.0,97910.0,152648688.0
3030,德律,上市,67175.0,2000.0,25784.0,94959.0,236216000.0
1736,喬山,上市,107500.0,0.0,-13081.0,94419.0,303394617.0
7821,神數,上市,94000.0,0.0,0.0,94000.0,121913300.0
2704,國賓,上市,94000.0,0.0,0.0,94000.0,366923343.0
00753L,中信中國50正2,上市,-2087000.0,0.0,2180941.0,93941.0,728157000.0
2009,第一銅,上市,97300.0,0.0,-3516.0,93784.0,359622165.0
3013,晟銘電,上市,100000.0,0.0,-6426.0,93574.0,205138930.0
4557,永新-KY,上市,95000.0,0.0,-2000.0,93000.0,47971840.0
1598,岱宇,上市,94880.0,0.0,-2000.0,92880.0,179142092.0
1201,味全,上市,99000.0,0.0,-7000.0,92000.0,506062914.0
9908,大台北,上市,100000.0,0.0,-9001.0,90999.0,516358000.0
2351,順德,上市,143820.0,-72000.0,17345.0,89165.0,182140249.0
2546,根基,上市,93094.0,0.0,-4000.0,89094.0,130524193.0
3055,蔚華科,上市,40896.0,0.0,48000.0,88896.0,114974918.0
5706,鳳凰,上市,90000.0,0.0,-2000.0,88000.0,84910920.0
1536,和大,上市,58000.0,0.0,29787.0,87787.0,278959513.0
00926,凱基全球菁英55,上市,-4000.0,0.0,91731.0,87731.0,92482000.0
5225,東科-KY,上市,85985.0,0.0,-245.0,85740.0,79136499.0
6472,保瑞,上市,86746.0,0.0,-2679.0,84067.0,127756059.0
5531,鄉林,上市,83000.0,0.0,0.0,83000.0,977589245.0
4736,泰博,上市,79000.0,0.0,4000.0,83000.0,95374469.0
00983D,主動富邦複合收益,上市,-47000.0,0.0,130000.0,83000.0,100197000.0
1590,亞德客-KY,上市,-13383.0,85000.0,9940.0,81557.0,199999998.0
1558,伸興,上市,-15000.0,0.0,95000.0,80000.0,64535631.0
4764,雙鍵,上市,-350102.0,423000.0,6873.0,79771.0,85542062.0
4590,富田-創,上市,79000.0,0.0,617.0,79617.0,54838400.0
6757,台灣虎航,上市,90041.0,0.0,-10650.0,79391.0,459530000.0
6285,啟碁,上市,511763.0,-473000.0,40288.0,79051.0,483663719.0
4119,旭富,上市,83951.0,0.0,-5000.0,78951.0,119508634.0
2359,所羅門,上市,24530.0,0.0,54361.0,78891.0,171471052.0
2465,麗臺,上市,88711.0,0.0,-10076.0,78635.0,93946031.0
1702,南僑,上市,85191.0,0.0,-7000.0,78191.0,294132962.0
00910,第一金太空衛星,上市,45001.0,0.0,33157.0,78158.0,127939000.0
3701,大眾控,上市,75450.0,0.0,2273.0,77723.0,236637616.0
9136,巨騰-DR,上市,77000.0,0.0,-10.0,76990.0,136444000.0
2535,達欣工,上市,77007.0,0.0,-139.0,76868.0,270793967.0
2365,昆盈,上市,74000.0,0.0,2000.0,76000.0,221528496.0
2852,第一保,上市,70000.0,0.0,6000.0,76000.0,301163784.0
6781,AES-KY,上市,29033.0,0.0,45874.0,74907.0,85418780.0
0061,元大寶滬深,上市,-1000.0,0.0,75407.0,74407.0,97116000.0
2534,宏盛,上市,83200.0,0.0,-9000.0,74200.0,474227970.0
0055,元大MSCI金融,上市,14010.0,0.0,59266.0,73276.0,90154000.0
2528,皇普,上市,70900.0,0.0,2000.0,72900.0,435996467.0
3380,明泰,上市,108049.0,0.0,-35165.0,72884.0,541718460.0
6863,永道-KY,上市,71000.0,0.0,999.0,71999.0,74888000.0
3708,上緯投控,上市,75000.0,-2000.0,-1069.0,71931.0,92105384.0
6790,永豐實,上市,67860.0,4000.0,0.0,71860.0,267129021.0
3406,玉晶光,上市,167611.0,-45000.0,-51442.0,71169.0,112743063.0
4164,承業醫,上市,75000.0,0.0,-4852.0,70148.0,195310989.0
00944,野村趨勢動能高息,上市,0.0,0.0,68317.0,68317.0,55081000.0
6136,富爾特,上市,70000.0,0.0,-2000.0,68000.0,115536412.0
00730,富邦臺灣優質高息,上市,43000.0,0.0,24914.0,67914.0,71044000.0
4142,國光生,上市,76707.0,0.0,-9073.0,67634.0,429507750.0
6657,華安,上市,67000.0,0.0,0.0,67000.0,88808000.0
2538,基泰,上市,67000.0,0.0,0.0,67000.0,445025495.0
1445,大宇,上市,65000.0,0.0,2000.0,67000.0,130666034.0
3376,新日興,上市,57826.0,0.0,8687.0,66513.0,195763822.0
6969,成信實業*-創,上市,67000.0,0.0,-1000.0,66000.0,43857189.0
3038,全台,上市,68000.0,0.0,-2000.0,66000.0,157407603.0
4540,全球傳動,上市,70000.0,0.0,-4001.0,65999.0,115186724.0
4536,拓凱,上市,63910.0,0.0,2000.0,65910.0,90820000.0
2428,興勤,上市,68116.0,0.0,-2458.0,65658.0,128112726.0
00652,富邦印度,上市,44000.0,0.0,21190.0,65190.0,64535000.0
006205,富邦上証,上市,-97000.0,40000.0,122140.0,65140.0,95439000.0
7786,東方風能,上市,64000.0,0.0,1000.0,65000.0,175953944.0
2482,連宇,上市,65000.0,0.0,-1739.0,63261.0,77882711.0
1904,正隆,上市,83234.0,0.0,-20000.0,63234.0,1108274522.0
1532,勤美,上市,68000.0,0.0,-5000.0,63000.0,422604271.0
9930,中聯資源,上市,71000.0,0.0,-8000.0,63000.0,248540368.0
3583,辛耘,上市,77526.0,-20000.0,5068.0,62594.0,80346080.0
00952,凱基台灣AI50,上市,-65000.0,0.0,126576.0,61576.0,244775000.0
4771,望隼,上市,61000.0,0.0,289.0,61289.0,58708700.0
3010,華立,上市,50167.0,0.0,10997.0,61164.0,259436817.0
00983A,主動中信ARK創新,上市,-606998.0,0.0,667962.0,60964.0,99686000.0
3607,谷崧,上市,60794.0,0.0,0.0,60794.0,121662239.0
2748,雲品,上市,61000.0,0.0,-2000.0,59000.0,105778740.0
3338,泰碩,上市,55971.0,0.0,2821.0,58792.0,87908141.0
1597,直得,上市,59368.0,-24000.0,23075.0,58443.0,89261804.0
3229,晟鈦,上市,60000.0,0.0,-1980.0,58020.0,64263000.0
1713,國化,上市,57890.0,0.0,0.0,57890.0,150951700.0
00690,兆豐藍籌30,上市,-15606.0,0.0,73344.0,57738.0,81830000.0
3032,偉訓,上市,62091.0,0.0,-4390.0,57701.0,113285626.0
00938,凱基優選30,上市,-66000.0,0.0,123462.0,57462.0,94516000.0
2438,翔耀,上市,62000.0,0.0,-6000.0,56000.0,71195641.0
3027,盛達,上市,56000.0,0.0,-206.0,55794.0,129960299.0
9924,福興,上市,57028.0,0.0,-2000.0,55028.0,150761736.0
00972,野村日本動能高息,上市,2000.0,0.0,52278.0,54278.0,17672000.0
1308,亞聚,上市,83478.0,0.0,-30000.0,53478.0,593743919.0
6768,志強-KY,上市,153000.0,-100000.0,-978.0,52022.0,200095061.0
912000,晨訊科-DR,上市,51000.0,0.0,0.0,51000.0,159293516.0
1537,廣隆,上市,52000.0,0.0,-1000.0,51000.0,82062794.0
2731,雄獅,上市,52940.0,0.0,-2000.0,50940.0,93277739.0
3025,星通,上市,54773.0,0.0,-4000.0,50773.0,56736440.0
6534,正瀚-創,上市,50000.0,0.0,0.0,50000.0,102800000.0
5203,訊連,上市,52000.0,0.0,-2000.0,50000.0,79342550.0
2038,海光,上市,48000.0,0.0,1000.0,49000.0,194134303.0
6592,和潤企業,上市,57340.0,0.0,-8922.0,48418.0,741845008.0
6196,帆宣,上市,14204.0,6000.0,28126.0,48330.0,220329529.0
6743,安普新,上市,62000.0,0.0,-14000.0,48000.0,150000000.0
4155,訊映,上市,47666.0,0.0,0.0,47666.0,144684164.0
1110,東泥,上市,47000.0,0.0,0.0,47000.0,572000797.0
3052,夆典,上市,47000.0,0.0,0.0,47000.0,233245771.0
2427,三商電,上市,55478.0,0.0,-9000.0,46478.0,197999573.0
1342,八貫,上市,28760.0,19000.0,-1369.0,46391.0,78000902.0
00895,富邦未來車,上市,-250000.0,0.0,295966.0,45966.0,147916000.0
00921,兆豐龍頭等權重,上市,31000.0,0.0,14926.0,45926.0,54770000.0
006206,元大上證50,上市,-12867.0,0.0,58603.0,45736.0,27278000.0
9944,新麗,上市,45000.0,0.0,0.0,45000.0,105908100.0
4770,上品,上市,45006.0,0.0,-882.0,44124.0,79976000.0
6112,邁達特,上市,45000.0,0.0,-983.0,44017.0,188357336.0
8249,菱光,上市,46000.0,0.0,-2000.0,44000.0,137824500.0
00982D,主動富邦動態入息,上市,-10000.0,0.0,54000.0,44000.0,73729000.0
1432,大魯閣,上市,44000.0,0.0,0.0,44000.0,108000000.0
5525,順天,上市,40000.0,0.0,3000.0,43000.0,318105378.0
7740,熙特爾-創,上市,40000.0,0.0,2829.0,42829.0,53200000.0
4968,立積,上市,42700.0,0.0,84.0,42784.0,92209898.0
6558,興能高,上市,42000.0,0.0,0.0,42000.0,93788875.0
3716,中化控股,上市,42000.0,0.0,0.0,42000.0,149765614.0
2444,兆勁,上市,43000.0,0.0,-1000.0,42000.0,101569573.0
7799,禾榮科,上市,41000.0,0.0,1000.0,42000.0,157995500.0
00762,元大全球AI,上市,95000.0,0.0,-53070.0,41930.0,48248000.0
00645,富邦日本,上市,-872.0,0.0,42561.0,41689.0,43497000.0
6128,上福,上市,-5000.0,0.0,46233.0,41233.0,127588740.0
00752,中信中國50,上市,-44000.0,0.0,84115.0,40115.0,282216000.0
3686,達能,上市,42000.0,0.0,-2000.0,40000.0,76495118.0
3051,力特,上市,48000.0,0.0,-8719.0,39281.0,167000000.0
8341,日友,上市,42022.0,0.0,-2836.0,39186.0,130000000.0
6152,百一,上市,49172.0,0.0,-10000.0,39172.0,167738463.0
2923,鼎固-KY,上市,9000.0,0.0,30000.0,39000.0,1740296982.0
6670,復盛應用,上市,184000.0,-142000.0,-3115.0,38885.0,139386973.0
9902,台火,上市,42000.0,0.0,-3456.0,38544.0,98049600.0
6024,群益期,上市,38338.0,0.0,0.0,38338.0,249937584.0
1416,廣豐,上市,38000.0,0.0,0.0,38000.0,185342168.0
1789,神隆,上市,55000.0,0.0,-17000.0,38000.0,790739222.0
1232,大統益,上市,39717.0,0.0,-2001.0,37716.0,159974915.0
2062,橋椿,上市,39155.0,0.0,-2000.0,37155.0,199994152.0
2069,運錩,上市,36000.0,0.0,0.0,36000.0,166386836.0
2505,國揚,上市,41145.0,0.0,-6000.0,35145.0,380000000.0
7610,聯友金屬-創,上市,35132.0,0.0,0.0,35132.0,48585456.0
5244,弘凱,上市,37000.0,0.0,-2000.0,35000.0,68241899.0
4572,駐龍,上市,35000.0,0.0,0.0,35000.0,40000000.0
2460,建通,上市,37000.0,0.0,-2000.0,35000.0,169200000.0
2031,新光鋼,上市,-61839.0,101000.0,-4261.0,34900.0,321146341.0
1903,士紙,上市,34485.0,0.0,132.0,34617.0,260039121.0
00962,台新AI優息動能,上市,214000.0,0.0,-179858.0,34142.0,54420000.0
7711,永擎,上市,33917.0,0.0,154.0,34071.0,71700445.0
2032,新鋼,上市,34000.0,0.0,0.0,34000.0,130521545.0
6689,伊雲谷,上市,35030.0,0.0,-1091.0,33939.0,68000000.0
6669,緯穎,上市,-91214.0,85341.0,39696.0,33823.0,185840791.0
3004,豐達科,上市,33791.0,0.0,-107.0,33684.0,64365055.0
4755,三福化,上市,32000.0,0.0,1000.0,33000.0,100706000.0
8104,錸寶,上市,34000.0,0.0,-1000.0,33000.0,104058192.0
2013,中鋼構,上市,35000.0,0.0,-2049.0,32951.0,200000000.0
9926,新海,上市,32000.0,0.0,0.0,32000.0,179504075.0
2115,六暉-KY,上市,32000.0,0.0,0.0,32000.0,104373163.0
8011,台通,上市,32000.0,0.0,0.0,32000.0,165921891.0
3011,今皓,上市,31910.0,0.0,0.0,31910.0,129600851.0
00717,富邦美國特別股,上市,143000.0,0.0,-111148.0,31852.0,123105000.0
6585,鼎基,上市,26049.0,11000.0,-5897.0,31152.0,72133587.0
2015,豐興,上市,38110.0,0.0,-7000.0,31110.0,581599424.0
6281,全國電,上市,31044.0,0.0,0.0,31044.0,99172945.0
4952,凌通,上市,45000.0,0.0,-14000.0,31000.0,108815816.0
2468,華經,上市,31000.0,0.0,0.0,31000.0,69961249.0
1731,美吾華,上市,31000.0,0.0,0.0,31000.0,132915244.0
8478,東哥遊艇,上市,33000.0,0.0,-2011.0,30989.0,93972276.0
6108,競國,上市,54900.0,0.0,-24000.0,30900.0,154494311.0
009818,華南永昌NASDAQxT,上市,-3000.0,0.0,33705.0,30705.0,53652000.0
3714,富采,上市,41000.0,0.0,-10611.0,30389.0,737940460.0
1733,五鼎,上市,30283.0,0.0,0.0,30283.0,99950192.0
020031,統一IC設計臺灣N,上市,0.0,0.0,30000.0,30000.0,0.0
4935,茂林-KY,上市,31000.0,0.0,-1000.0,30000.0,128864091.0
2434,統懋,上市,9761.0,0.0,20000.0,29761.0,37000000.0
00903,富邦元宇宙,上市,236000.0,0.0,-206539.0,29461.0,49221000.0
1339,昭輝,上市,29000.0,0.0,0.0,29000.0,74123875.0
1473,台南,上市,29000.0,0.0,0.0,29000.0,146153534.0
2207,和泰車,上市,32308.0,1000.0,-5126.0,28182.0,557102768.0
2762,世界健身-KY,上市,26000.0,0.0,2000.0,28000.0,112500000.0
4934,太極,上市,37000.0,0.0,-9000.0,28000.0,225000000.0
2450,神腦,上市,30000.0,0.0,-3000.0,27000.0,258252657.0
1732,毛寶,上市,27000.0,0.0,0.0,27000.0,42443957.0
00875,國泰網路資安,上市,-1000.0,0.0,27995.0,26995.0,13488000.0
1582,信錦,上市,186379.0,-39000.0,-121210.0,26169.0,144268604.0
2250,IKKA-KY,上市,26040.0,0.0,0.0,26040.0,36388226.0
2477,美隆電,上市,28000.0,0.0,-2000.0,26000.0,158573244.0
4912,聯德控股-KY,上市,26000.0,0.0,0.0,26000.0,66993099.0
6671,三能-KY,上市,26000.0,0.0,0.0,26000.0,60750000.0
4766,南寶,上市,29000.0,0.0,-3379.0,25621.0,120570780.0
3563,牧德,上市,9420.0,-4000.0,19738.0,25158.0,63960858.0
6438,迅得,上市,25000.0,0.0,93.0,25093.0,82206325.0
911868,同方友友-DR,上市,25000.0,0.0,0.0,25000.0,140000000.0
4588,玖鼎電力,上市,24200.0,0.0,583.0,24783.0,42985000.0
1786,科妍,上市,27000.0,0.0,-2792.0,24208.0,74827641.0
00634R,富邦上証反1,上市,0.0,0.0,24101.0,24101.0,47256000.0
2258,鴻華先進-創,上市,53000.0,0.0,-28925.0,24075.0,1751076800.0
2706,第一店,上市,24000.0,0.0,0.0,24000.0,499998346.0
6283,淳安,上市,24000.0,0.0,0.0,24000.0,148981343.0
4545,銘鈺,上市,26000.0,0.0,-2000.0,24000.0,77000000.0
009810,玉山全球藍籌100,上市,0.0,0.0,23139.0,23139.0,19154000.0
910322,康師傅-DR,上市,23000.0,0.0,0.0,23000.0,21365402.0
1438,三地開發,上市,30000.0,0.0,-7000.0,23000.0,111205759.0
00731,復華富時高息低波,上市,-55000.0,0.0,77281.0,22281.0,22100000.0
2545,皇翔,上市,121000.0,0.0,-98746.0,22254.0,379734808.0
2228,劍麟,上市,21256.0,0.0,943.0,22199.0,79779692.0
6957,裕慶-KY,上市,20160.0,0.0,1961.0,22121.0,55512950.0
2509,全坤建,上市,22000.0,0.0,0.0,22000.0,224550530.0
6230,尼得科超眾,上市,23000.0,0.0,-1000.0,22000.0,86343396.0
00700,富邦恒生國企,上市,-29000.0,0.0,50426.0,21426.0,34983000.0
1323,永裕,上市,21000.0,0.0,0.0,21000.0,91274554.0
1539,巨庭,上市,21000.0,0.0,0.0,21000.0,65370000.0
1626,艾美特-KY,上市,21000.0,0.0,0.0,21000.0,149821721.0
1417,嘉裕,上市,21000.0,0.0,0.0,21000.0,189941840.0
5283,禾聯碩,上市,21000.0,0.0,0.0,21000.0,87600510.0
2705,六福,上市,23000.0,0.0,-2000.0,21000.0,191312830.0
1321,大洋,上市,24000.0,0.0,-3000.0,21000.0,227228268.0
6581,鋼聯,上市,21000.0,0.0,0.0,21000.0,111270887.0
2108,南帝,上市,25021.0,0.0,-4155.0,20866.0,492416659.0
1516,川飛,上市,21000.0,0.0,-290.0,20710.0,40008195.0
9943,好樂迪,上市,20000.0,0.0,0.0,20000.0,125171510.0
02001L,富邦蘋果正二N,上市,0.0,0.0,20000.0,20000.0,0.0
6216,居易,上市,21000.0,0.0,-1270.0,19730.0,97296137.0
00997A,主動群益美國增長,上市,261000.0,0.0,-241317.0,19683.0,1275377000.0
0051,元大中型100,上市,-963.0,0.0,20040.0,19077.0,24500000.0
3669,圓展,上市,19000.0,0.0,0.0,19000.0,92919950.0
6582,申豐,上市,19000.0,0.0,0.0,19000.0,106174141.0
00982T,平衡兆豐台美動能,上市,0.0,0.0,18950.0,18950.0,18597000.0
00770,國泰北美科技,上市,2000.0,0.0,16589.0,18589.0,79458000.0
6776,展碁國際,上市,16044.0,0.0,2000.0,18044.0,91581430.0
2488,漢平,上市,20001.0,0.0,-2000.0,18001.0,79999433.0
1459,聯發,上市,18000.0,0.0,0.0,18000.0,358628907.0
1531,高林股,上市,18000.0,0.0,0.0,18000.0,182108080.0
2939,永邑-KY,上市,19000.0,0.0,-1000.0,18000.0,45548665.0
3054,立萬利,上市,18000.0,0.0,-24.0,17976.0,80651041.0
6589,台康生技,上市,22922.0,0.0,-5000.0,17922.0,306871174.0
6835,圓裕,上市,18000.0,0.0,-1000.0,17000.0,66172297.0
1256,鮮活果汁-KY,上市,16983.0,0.0,0.0,16983.0,35772160.0
009808,華南永昌優選50,上市,195000.0,0.0,-178965.0,16035.0,40511000.0
4552,力達-KY,上市,16000.0,0.0,0.0,16000.0,116000000.0
2722,夏都,上市,18000.0,0.0,-2000.0,16000.0,143169696.0
4930,燦星網,上市,17000.0,0.0,-1000.0,16000.0,80000000.0
2527,宏璟,上市,48519.0,0.0,-32626.0,15893.0,270306000.0
3135,凌航,上市,17450.0,0.0,-1883.0,15567.0,93802057.0
009809,富邦淨零ESG50,上市,-14000.0,0.0,29244.0,15244.0,32363000.0
5236,凌陽創新,上市,16280.0,0.0,-1171.0,15109.0,60004038.0
2514,龍邦,上市,21000.0,0.0,-5961.0,15039.0,394729278.0
4555,氣立,上市,20000.0,0.0,-5000.0,15000.0,69987653.0
5533,皇鼎,上市,15000.0,0.0,0.0,15000.0,285244944.0
1453,大將,上市,13000.0,0.0,2000.0,15000.0,113243048.0
6756,威鋒電子,上市,19000.0,0.0,-4063.0,14937.0,69990000.0
3308,聯德,上市,15000.0,0.0,-804.0,14196.0,60000000.0
1325,恆大,上市,14124.0,0.0,0.0,14124.0,85281198.0
2072,世紀風電,上市,16099.0,0.0,-2000.0,14099.0,192000000.0
2028,威致,上市,14000.0,0.0,0.0,14000.0,325714800.0
2433,互盛電,上市,16000.0,0.0,-2000.0,14000.0,144496011.0
4426,利勤,上市,13000.0,0.0,1000.0,14000.0,172677198.0
6504,南六,上市,14000.0,0.0,0.0,14000.0,72600000.0
1530,亞崴,上市,15000.0,0.0,-1000.0,14000.0,94594171.0
1730,花仙子,上市,14000.0,0.0,0.0,14000.0,63233851.0
6887,寶綠特-KY,上市,16000.0,0.0,-2000.0,14000.0,74151512.0
00640L,富邦日本正2,上市,0.0,0.0,13366.0,13366.0,6919000.0
2739,寒舍,上市,13090.0,0.0,0.0,13090.0,91526000.0
00771,元大US高息特別股,上市,0.0,0.0,13003.0,13003.0,14225000.0
8466,美吉吉-KY,上市,14000.0,0.0,-1000.0,13000.0,79825628.0
8411,福貞-KY,上市,13000.0,0.0,0.0,13000.0,218404319.0
1418,東華,上市,13000.0,0.0,0.0,13000.0,56834309.0
2506,太設,上市,13000.0,0.0,0.0,13000.0,387000000.0
2459,敦吉,上市,15000.0,0.0,-2000.0,13000.0,105595615.0
6464,台數科,上市,13000.0,0.0,0.0,13000.0,128781532.0
3150,鈺寶-創,上市,14000.0,0.0,-1000.0,13000.0,44377001.0
3266,昇陽,上市,13000.0,0.0,-1.0,12999.0,352314309.0
4195,基米-創,上市,15000.0,0.0,-2003.0,12997.0,80000057.0
7721,微程式,上市,12000.0,0.0,958.0,12958.0,55370000.0
6515,穎崴,上市,86110.0,-74000.0,577.0,12687.0,36038042.0
00971,野村美國研發龍頭,上市,-1000.0,0.0,13365.0,12365.0,58677000.0
2539,櫻花建,上市,-12109.0,0.0,24121.0,12012.0,1193102581.0
4414,如興,上市,27000.0,0.0,-15000.0,12000.0,263795773.0
1452,宏益,上市,9000.0,0.0,3000.0,12000.0,132641400.0
8072,陞泰,上市,12000.0,0.0,0.0,12000.0,80000000.0
00638R,元大滬深300反1,上市,0.0,0.0,12000.0,12000.0,24448000.0
6641,基士德-KY,上市,15000.0,0.0,-3000.0,12000.0,36500000.0
4440,宜新實業,上市,11000.0,0.0,1000.0,12000.0,67598000.0
2616,山隆,上市,19000.0,0.0,-7000.0,12000.0,137281827.0
4569,六方科-KY,上市,13987.0,0.0,-2055.0,11932.0,30600000.0
6184,大豐電,上市,11000.0,0.0,0.0,11000.0,162127629.0
2431,聯昌,上市,19000.0,0.0,-8000.0,11000.0,110927014.0
9905,大華,上市,5000.0,0.0,6000.0,11000.0,305000000.0
6931,青松健康,上市,12000.0,0.0,-1000.0,11000.0,66152160.0
1752,南光,上市,11000.0,0.0,0.0,11000.0,100988472.0
006207,復華滬深,上市,-50000.0,0.0,60968.0,10968.0,20892000.0
1735,日勝化,上市,17000.0,-12000.0,5609.0,10609.0,99388000.0
3043,科風,上市,11491.0,0.0,-1000.0,10491.0,38975634.0
6272,驊陞,上市,13000.0,0.0,-3000.0,10000.0,81763948.0
020012,富邦行動通訊N,上市,0.0,0.0,10000.0,10000.0,0.0
6854,錼創科技-KY創,上市,10000.0,0.0,0.0,10000.0,117678622.0
1225,福懋油,上市,11000.0,0.0,-1254.0,9746.0,242268306.0
3024,憶聲,上市,18087.0,0.0,-9000.0,9087.0,277157496.0
2524,京城,上市,9000.0,0.0,0.0,9000.0,365983545.0
3168,眾福科,上市,8000.0,0.0,1000.0,9000.0,75099649.0
1324,地球,上市,9000.0,0.0,0.0,9000.0,75121882.0
1475,業旺,上市,10000.0,0.0,-1000.0,9000.0,66016749.0
9906,欣巴巴,上市,9000.0,0.0,0.0,9000.0,90376358.0
2702,華園,上市,7000.0,0.0,2000.0,9000.0,156613249.0
4438,廣越,上市,8970.0,0.0,0.0,8970.0,113425455.0
7736,虎山,上市,8300.0,0.0,0.0,8300.0,76000000.0
9927,泰銘,上市,10042.0,0.0,-2000.0,8042.0,120000000.0
00683L,期元大美元指正2,上市,5000.0,0.0,3000.0,8000.0,11434000.0
6965,中傑-KY,上市,8000.0,0.0,0.0,8000.0,156336000.0
1906,寶隆,上市,10000.0,0.0,-2000.0,8000.0,151000000.0
1203,味王,上市,10000.0,0.0,-2000.0,8000.0,240000000.0
020000,富邦特選蘋果N,上市,0.0,0.0,8000.0,8000.0,0.0
4560,強信-KY,上市,12000.0,0.0,-4000.0,8000.0,68097240.0
6606,建德工業,上市,10000.0,0.0,-2000.0,8000.0,110303783.0
4571,鈞興-KY,上市,8000.0,0.0,-460.0,7540.0,53017115.0
2025,千興,上市,7396.0,0.0,0.0,7396.0,172660536.0
2458,義隆,上市,-29780.0,0.0,37132.0,7352.0,303880392.0
00739,元大MSCI A股,上市,52000.0,0.0,-44783.0,7217.0,25988000.0
3679,新至陞,上市,7113.0,0.0,0.0,7113.0,63022229.0
6183,關貿,上市,7000.0,0.0,0.0,7000.0,150000000.0
2642,宅配通,上市,7000.0,0.0,0.0,7000.0,95467000.0
8467,波力-KY,上市,7000.0,0.0,0.0,7000.0,48373575.0
1439,雋揚,上市,7000.0,0.0,0.0,7000.0,92000000.0
1435,中福,上市,7000.0,0.0,0.0,7000.0,139780080.0
1527,鑽全,上市,7000.0,0.0,0.0,7000.0,138570640.0
4441,振大環球,上市,6863.0,0.0,0.0,6863.0,68175578.0
3617,碩天,上市,9000.0,0.0,-2392.0,6608.0,94766049.0
00702,國泰標普低波高息,上市,0.0,0.0,6481.0,6481.0,6688000.0
4169,泰宗,上市,4000.0,0.0,2364.0,6364.0,66431612.0
4104,佳醫,上市,-1660.0,0.0,8000.0,6340.0,188367456.0
6923,中台,上市,4000.0,0.0,2004.0,6004.0,91488000.0
8463,潤泰材,上市,6000.0,0.0,0.0,6000.0,150000000.0
8367,建新國際,上市,6000.0,0.0,0.0,6000.0,92172031.0
9937,全國,上市,6000.0,0.0,0.0,6000.0,309043000.0
6201,亞弘電,上市,6000.0,0.0,0.0,6000.0,89200000.0
5538,東明-KY,上市,6000.0,0.0,0.0,6000.0,201203333.0
2701,萬企,上市,6000.0,0.0,0.0,6000.0,449967838.0
2882A,國泰特,上市,6000.0,0.0,0.0,6000.0,833300000.0
1233,天仁,上市,6000.0,0.0,-2.0,5998.0,90591948.0
8374,羅昇,上市,7000.0,0.0,-1369.0,5631.0,112250487.0
6526,達發,上市,6320.0,1000.0,-1732.0,5588.0,167505554.0
7769,鴻勁,上市,-77393.0,77600.0,5380.0,5587.0,179930000.0
00709,富邦歐洲,上市,0.0,40000.0,-34858.0,5142.0,15460000.0
2243,宏旭-KY,上市,-966.0,13000.0,-7000.0,5034.0,69373596.0
2227,裕日車,上市,4000.0,0.0,1000.0,5000.0,300000000.0
2832,台產,上市,5000.0,0.0,0.0,5000.0,253540280.0
5007,三星,上市,5000.0,0.0,0.0,5000.0,294940154.0
4108,懷特,上市,6000.0,0.0,-1000.0,5000.0,198618879.0
1525,江申,上市,8000.0,0.0,-3000.0,5000.0,73400135.0
2008,高興昌,上市,5000.0,0.0,0.0,5000.0,190852293.0
1737,臺鹽,上市,5000.0,0.0,0.0,5000.0,200000000.0
8487,愛爾達-創,上市,2000.0,0.0,2111.0,4111.0,26535000.0
9955,佳龍,上市,4000.0,0.0,0.0,4000.0,104435829.0
1725,元禎,上市,14000.0,0.0,-10000.0,4000.0,181829978.0
1441,大東,上市,4000.0,0.0,0.0,4000.0,71744387.0
1235,興泰,上市,4000.0,0.0,0.0,4000.0,188577836.0
1236,宏亞,上市,7000.0,0.0,-3000.0,4000.0,86674008.0
1220,台榮,上市,4000.0,0.0,0.0,4000.0,177077944.0
4148,全宇生技-KY,上市,4000.0,0.0,0.0,4000.0,67235701.0
4439,冠星-KY,上市,4000.0,0.0,0.0,4000.0,38112187.0
3432,台端,上市,4000.0,0.0,0.0,4000.0,42230000.0
2849,安泰銀,上市,4000.0,0.0,0.0,4000.0,1957609349.0
2945,三商家購,上市,4000.0,0.0,0.0,4000.0,67500000.0
2241,艾姆勒,上市,4000.0,0.0,0.0,4000.0,104602306.0
2109,華豐,上市,4000.0,0.0,0.0,4000.0,279349134.0
2114,鑫永銓,上市,4000.0,0.0,0.0,4000.0,77991707.0
6771,平和環保-創,上市,4000.0,0.0,0.0,4000.0,31179500.0
2399,映泰,上市,55514.0,-52000.0,416.0,3930.0,178100000.0
6426,統新,上市,5229.0,0.0,-1319.0,3910.0,38509000.0
6189,豐藝,上市,-12308.0,24000.0,-8603.0,3089.0,263779657.0
6197,佳必琪,上市,862.0,0.0,2153.0,3015.0,122085882.0
6645,金萬林-創,上市,2000.0,0.0,1000.0,3000.0,60864050.0
3164,景岳,上市,3000.0,0.0,0.0,3000.0,86010364.0
4190,佐登-KY,上市,12000.0,0.0,-9000.0,3000.0,61444112.0
2836A,高雄銀甲特,上市,3000.0,0.0,0.0,3000.0,40000000.0
020038,元大ESG配息N,上市,0.0,0.0,3000.0,3000.0,0.0
1454,台富,上市,3000.0,0.0,0.0,3000.0,129833848.0
1521,大億,上市,3000.0,0.0,0.0,3000.0,76230000.0
1472,三洋實業,上市,3000.0,0.0,0.0,3000.0,52488082.0
1817,凱撒衛,上市,3000.0,0.0,0.0,3000.0,72600000.0
00682U,期元大美元指數,上市,0.0,0.0,3000.0,3000.0,7644000.0
8443,阿瘦,上市,3000.0,0.0,0.0,3000.0,66800000.0
6754,匯僑設計,上市,3000.0,0.0,0.0,3000.0,66000000.0
6796,晉弘,上市,3000.0,0.0,0.0,3000.0,40233970.0
2881C,富邦金丙特,上市,3000.0,0.0,0.0,3000.0,333330000.0
2432,倚天酷碁-創,上市,5000.0,0.0,-2000.0,3000.0,61860000.0
6951,青新-創,上市,6000.0,0.0,-3014.0,2986.0,46000000.0
00657,國泰日經225,上市,-333000.0,0.0,335971.0,2971.0,6584000.0
2239,英利-KY,上市,12000.0,0.0,-9045.0,2955.0,117712593.0
1723,中碳,上市,6117.0,-2000.0,-1266.0,2851.0,236904480.0
2012,春雨,上市,1000.0,0.0,1000.0,2000.0,302162700.0
6916,華凌,上市,1000.0,0.0,1000.0,2000.0,67500000.0
7791,皇家可口,上市,2000.0,0.0,0.0,2000.0,80000000.0
6936,永鴻生技,上市,2000.0,0.0,0.0,2000.0,72804000.0
006203,元大MSCI台灣,上市,0.0,0.0,2000.0,2000.0,10218000.0
2881B,富邦金乙特,上市,-3000.0,0.0,5000.0,2000.0,666660000.0
3057,喬鼎,上市,2000.0,0.0,0.0,2000.0,67864629.0
00920,富邦ESG綠色電力,上市,99000.0,0.0,-97009.0,1991.0,20280000.0
00908,富邦入息REITs+,上市,0.0,0.0,1930.0,1930.0,35416000.0
4106,雃博,上市,3850.0,0.0,-2000.0,1850.0,100911557.0
7722,LINEPAY,上市,-5278.0,9000.0,-2253.0,1469.0,68000000.0
006204,永豐臺灣加權,上市,0.0,0.0,1212.0,1212.0,1500000.0
00681R,元大美債20反1,上市,-42000.0,0.0,43150.0,1150.0,7594000.0
00689R,國泰20年美債反1,上市,51000.0,0.0,-49950.0,1050.0,6889000.0
00736,國泰新興市場,上市,0.0,0.0,1000.0,1000.0,6727000.0
00660,元大歐洲50,上市,-1000.0,0.0,2000.0,1000.0,7531000.0
6955,邦睿生技-創,上市,1000.0,0.0,0.0,1000.0,24800785.0
8481,政伸,上市,1000.0,0.0,0.0,1000.0,66601866.0
8482,商億-KY,上市,1000.0,0.0,0.0,1000.0,107444000.0
1583,程泰,上市,1000.0,0.0,0.0,1000.0,109400372.0
1541,錩泰,上市,1000.0,0.0,0.0,1000.0,78800000.0
020029,元大ESG高股息N,上市,0.0,0.0,1000.0,1000.0,0.0
020020,元大台股領航N,上市,0.0,0.0,1000.0,1000.0,0.0
2887G,台新新光庚特一,上市,1000.0,0.0,0.0,1000.0,75000000.0
2024,志聯,上市,1000.0,0.0,0.0,1000.0,97500000.0
2348A,海悅甲特,上市,1000.0,0.0,0.0,1000.0,30000000.0
6655,科定,上市,1000.0,0.0,0.0,1000.0,80571817.0
4994,傳奇,上市,4000.0,0.0,-3000.0,1000.0,66383400.0
4999,鑫禾,上市,2000.0,0.0,-1000.0,1000.0,74417200.0
2380,虹光,上市,1000.0,0.0,0.0,1000.0,60000000.0
1341,富林-KY,上市,1000.0,0.0,0.0,1000.0,52850634.0
1413,宏洲,上市,1000.0,0.0,0.0,1000.0,132112454.0
9929,秋雨,上市,2000.0,0.0,-1000.0,1000.0,101280000.0
2608,嘉里大榮,上市,6732.0,0.0,-6000.0,732.0,467000498.0
00711B,復華彭博新興債,上市,1000.0,0.0,-314.0,686.0,871761000.0
1468,昶和,上市,0.0,0.0,679.0,679.0,160405244.0
1447,力鵬,上市,-595759.0,613000.0,-17000.0,241.0,910071242.0
1474,弘裕,上市,0.0,0.0,0.0,0.0,129896969.0
1805,寶徠,上市,0.0,0.0,0.0,0.0,134970455.0
1470,大統新創,上市,1000.0,0.0,-1000.0,0.0,85767000.0
00775B,台新投等債15+,上市,-22000.0,0.0,22000.0,0.0,232100000.0
00657K,國泰日經225+U,上市,0.0,0.0,0.0,0.0,2900.0
00668K,國泰美國道瓊+U,上市,0.0,0.0,0.0,0.0,7500.0
00636K,國泰中國A50+U,上市,0.0,0.0,0.0,0.0,62100.0
00643K,群益深証中小+R,上市,0.0,0.0,0.0,0.0,197000.0
00625K,富邦上証+R,上市,0.0,0.0,0.0,0.0,333000.0
7765,中華資安,上市,0.0,0.0,0.0,0.0,40681000.0
2496,卓越,上市,0.0,0.0,0.0,0.0,19100440.0
6722,輝創,上市,0.0,0.0,0.0,0.0,88400000.0
6807,峰源-KY,上市,0.0,0.0,0.0,0.0,54000000.0
1614,三洋電,上市,0.0,0.0,0.0,0.0,269113406.0
1443,立益物流,上市,4000.0,0.0,-4000.0,0.0,135343011.0
1315,達新,上市,0.0,0.0,0.0,0.0,99099000.0
020030,統一智慧電動車N,上市,0.0,0.0,0.0,0.0,0.0
2007,燁興,上市,0.0,0.0,0.0,0.0,530651613.0
9931,欣高,上市,0.0,0.0,-405.0,-405.0,120369303.0
3311,閎暉,上市,10080.0,0.0,-10486.0,-406.0,100000000.0
7730,暉盛-創,上市,0.0,0.0,-567.0,-567.0,36796731.0
2906,高林,上市,1390.0,0.0,-2000.0,-610.0,209116648.0
6952,大武山,上市,-1000.0,0.0,0.0,-1000.0,68345000.0
6958,日盛台駿,上市,-5000.0,0.0,4000.0,-1000.0,401289360.0
7732,金興精密,上市,8000.0,0.0,-9000.0,-1000.0,64680000.0
7705,三商餐飲,上市,-1000.0,0.0,0.0,-1000.0,66067304.0
6918,愛派司,上市,-1000.0,0.0,0.0,-1000.0,34571000.0
8940,新天地,上市,-1000.0,0.0,0.0,-1000.0,67491032.0
9918,欣天然,上市,-1000.0,0.0,0.0,-1000.0,180537453.0
8201,無敵,上市,-1000.0,0.0,0.0,-1000.0,62366275.0
00666R,富邦恒生國企反1,上市,0.0,0.0,-1000.0,-1000.0,14624000.0
1465,偉全,上市,-1000.0,0.0,0.0,-1000.0,103607267.0
4133,亞諾法,上市,3000.0,0.0,-4000.0,-1000.0,60553594.0
5907,大洋-KY,上市,-1000.0,0.0,0.0,-1000.0,195531000.0
6924,榮惠-KY創,上市,8030.0,0.0,-9064.0,-1034.0,20624000.0
6908,宏碁遊戲-創,上市,0.0,0.0,-1092.0,-1092.0,37180000.0
7631,聚賢研發-創,上市,-5000.0,0.0,3812.0,-1188.0,20142000.0
2520,冠德,上市,-4925.0,0.0,3267.0,-1658.0,609487110.0
0057,富邦摩台,上市,0.0,0.0,-1993.0,-1993.0,1527000.0
7823,奧義賽博-KY創,上市,-1000.0,0.0,-1000.0,-2000.0,33490890.0
2891C,中信金丙特,上市,0.0,0.0,-2000.0,-2000.0,166660000.0
2901,欣欣,上市,-2000.0,0.0,0.0,-2000.0,73043283.0
6674,鋐寶科技,上市,-2000.0,0.0,0.0,-2000.0,68550659.0
6614,資拓宏宇,上市,-1000.0,0.0,-1000.0,-2000.0,80660521.0
9912,偉聯,上市,-2000.0,0.0,0.0,-2000.0,53792569.0
8488,吉源-KY,上市,1000.0,0.0,-3000.0,-2000.0,73500000.0
8442,威宏-KY,上市,-2000.0,0.0,0.0,-2000.0,70169764.0
020028,元大特選電動車N,上市,0.0,0.0,-2000.0,-2000.0,0.0
020034,元大IC設計N,上市,0.0,0.0,-2000.0,-2000.0,0.0
3138,耀登,上市,-1982.0,0.0,-140.0,-2122.0,56396114.0
3622,洋華,上市,0.0,0.0,-2195.0,-2195.0,151327600.0
2231,為升,上市,1000.0,0.0,-3525.0,-2525.0,135931870.0
4583,台灣精銳,上市,0.0,0.0,-2701.0,-2701.0,80171351.0
6192,巨路,上市,-1890.0,0.0,-1000.0,-2890.0,96155770.0
2373,震旦行,上市,-3000.0,0.0,0.0,-3000.0,236202518.0
6794,向榮生技,上市,-3000.0,0.0,0.0,-3000.0,63637000.0
1419,新紡,上市,1000.0,0.0,-4090.0,-3090.0,300041280.0
8464,億豐,上市,3813.0,0.0,-6979.0,-3166.0,293020200.0
2017,官田鋼,上市,2490.0,0.0,-6000.0,-3510.0,446874691.0
6914,阜爾運通,上市,-3620.0,0.0,0.0,-3620.0,66226000.0
3530,晶相光,上市,1000.0,0.0,-4751.0,-3751.0,77475900.0
3049,精金,上市,-3878.0,0.0,0.0,-3878.0,802010529.0
3021,鴻名,上市,10000.0,0.0,-14000.0,-4000.0,94890000.0
3296,勝德,上市,-2000.0,0.0,-2000.0,-4000.0,96724450.0
1512,瑞利,上市,-4000.0,0.0,0.0,-4000.0,98183498.0
6491,晶碩,上市,-2162.0,0.0,-1840.0,-4002.0,78000000.0
00899,FT潔淨能源,上市,-2000.0,0.0,-2431.0,-4431.0,16635000.0
00783,富邦中証500,上市,30000.0,0.0,-34572.0,-4572.0,7031000.0
2247,汎德永業,上市,13377.0,0.0,-18000.0,-4623.0,80708735.0
2430,燦坤,上市,-3000.0,0.0,-2000.0,-5000.0,116800000.0
2904,匯僑,上市,-5000.0,0.0,0.0,-5000.0,77834432.0
2882B,國泰金乙特,上市,-6000.0,0.0,1000.0,-5000.0,700000000.0
6431,光麗-KY,上市,-6000.0,0.0,1000.0,-5000.0,97398835.0
6921,嘉雨思-創,上市,5000.0,0.0,-10003.0,-5003.0,31836941.0
2491,吉祥全,上市,-24100.0,28000.0,-9000.0,-5100.0,82008000.0
3557,嘉威,上市,-5350.0,0.0,0.0,-5350.0,84315435.0
00710B,復華彭博非投等債,上市,-417000.0,0.0,411423.0,-5577.0,180761000.0
3705,永信,上市,-5759.0,0.0,0.0,-5759.0,266422983.0
6666,羅麗芬-KY,上市,-6000.0,0.0,0.0,-6000.0,47388000.0
6934,心誠鎂,上市,-6000.0,0.0,0.0,-6000.0,35972762.0
6988,威力暘-創,上市,-8000.0,0.0,2000.0,-6000.0,47600000.0
1338,廣華-KY,上市,-5000.0,0.0,-1000.0,-6000.0,83840000.0
2423,固緯,上市,0.0,0.0,-6061.0,-6061.0,145047289.0
4137,麗豐-KY,上市,-5000.0,0.0,-1243.0,-6243.0,82492350.0
00647L,元大S&P500正2,上市,0.0,0.0,-6436.0,-6436.0,6416000.0
00668,國泰美國道瓊,上市,2000.0,0.0,-8931.0,-6931.0,7483000.0
00703,台新MSCI中國,上市,0.0,0.0,-6955.0,-6955.0,9550000.0
6838,台新藥,上市,-7000.0,0.0,0.0,-7000.0,150977100.0
3050,鈺德,上市,-4000.0,0.0,-3000.0,-7000.0,154984450.0
3494,誠研,上市,-5000.0,0.0,-2000.0,-7000.0,94800000.0
7803,雲象科技-創,上市,2000.0,0.0,-9001.0,-7001.0,94412888.0
4585,達明,上市,-5586.0,0.0,-2290.0,-7876.0,104609000.0
1568,倉佑,上市,20000.0,0.0,-28000.0,-8000.0,103086559.0
01004T,土銀富邦R2,上市,-8000.0,0.0,0.0,-8000.0,0.0
6906,現觀科,上市,-3000.0,0.0,-5056.0,-8056.0,33537400.0
00701,國泰股利精選30,上市,29000.0,0.0,-37278.0,-8278.0,173391000.0
7827,漢康-KY創,上市,-2000.0,0.0,-6401.0,-8401.0,139605737.0
00714,群益道瓊美國地產,上市,-186000.0,0.0,177425.0,-8575.0,21067000.0
7818,溢泰實業,上市,-8690.0,0.0,0.0,-8690.0,167946000.0
3130,一零四,上市,-8706.0,0.0,0.0,-8706.0,33190700.0
2887E,台新新光戊特一,上市,-9000.0,0.0,0.0,-9000.0,500000000.0
1587,吉茂,上市,-8000.0,0.0,-1000.0,-9000.0,80055672.0
4960,誠美材,上市,-7600.0,0.0,-1864.0,-9464.0,571705388.0
1456,怡華,上市,-1000.0,0.0,-9000.0,-10000.0,93720000.0
1783,和康生,上市,-8000.0,0.0,-2000.0,-10000.0,89698115.0
1234,黑松,上市,-2000.0,0.0,-8000.0,-10000.0,401871094.0
3040,遠見,上市,4000.0,-14000.0,0.0,-10000.0,66224538.0
2891B,中信金乙特,上市,0.0,0.0,-11000.0,-11000.0,333330000.0
1720,生達,上市,-7470.0,0.0,-4000.0,-11470.0,178696089.0
2887H,台新新光庚特二,上市,-12000.0,0.0,0.0,-12000.0,219668000.0
3447,展達,上市,-1000.0,0.0,-11000.0,-12000.0,77449120.0
3437,榮創,上市,-10000.0,0.0,-2000.0,-12000.0,144548000.0
1533,車王電,上市,11000.0,0.0,-23071.0,-12071.0,98547486.0
1410,南染,上市,-12000.0,0.0,-370.0,-12370.0,62000000.0
00661,元大日經225,上市,-29960.0,0.0,17321.0,-12639.0,23425000.0
2104,國際中橡,上市,4236.0,0.0,-17000.0,-12764.0,984733625.0
8462,柏文,上市,-11798.0,0.0,-1000.0,-12798.0,80386616.0
2910,統領,上市,-14000.0,0.0,1021.0,-12979.0,175403000.0
4977,眾達-KY,上市,-48900.0,-25000.0,60011.0,-13889.0,80189841.0
5215,科嘉-KY,上市,-13000.0,0.0,-1000.0,-14000.0,64337500.0
2516,新建,上市,3000.0,0.0,-17000.0,-14000.0,226278457.0
910861,神州-DR,上市,-14000.0,0.0,0.0,-14000.0,34016976.0
00708L,期元大S&P黃金正2,上市,-257000.0,0.0,242936.0,-14064.0,126573000.0
8499,鼎炫-KY,上市,-14000.0,0.0,-205.0,-14205.0,41165557.0
6902,GOGOLOOK,上市,-13686.0,0.0,-1000.0,-14686.0,35529948.0
6792,詠業,上市,-2000.0,0.0,-13000.0,-15000.0,47875325.0
1451,年興,上市,-15000.0,0.0,0.0,-15000.0,198000000.0
1455,集盛,上市,28000.0,0.0,-43313.0,-15313.0,531688380.0
3003,健和興,上市,-13874.0,0.0,-1494.0,-15368.0,155654890.0
1623,大東電,上市,-16504.0,0.0,999.0,-15505.0,66000000.0
1414,東和,上市,0.0,0.0,-16000.0,-16000.0,198000000.0
2033,佳大,上市,-15000.0,0.0,-1000.0,-16000.0,80694536.0
2424,隴華,上市,-16000.0,0.0,0.0,-16000.0,59585000.0
4562,穎漢,上市,-13000.0,0.0,-3000.0,-16000.0,87546000.0
6933,AMAX-KY,上市,-19020.0,0.0,2762.0,-16258.0,42384800.0
0053,元大電子,上市,21.0,0.0,-16822.0,-16801.0,5488000.0
1423,利華,上市,-17000.0,0.0,0.0,-17000.0,99648000.0
3652,精聯,上市,12000.0,0.0,-29000.0,-17000.0,75097500.0
1109,信大,上市,-9000.0,0.0,-8015.0,-17015.0,341158868.0
2723,美食-KY,上市,-13854.0,0.0,-4000.0,-17854.0,180000000.0
2908,特力,上市,-18000.0,0.0,0.0,-18000.0,509887558.0
2034,允強,上市,-10000.0,0.0,-8664.0,-18664.0,528995589.0
2314,台揚,上市,-19000.0,0.0,0.0,-19000.0,108596422.0
1108,幸福,上市,-19000.0,0.0,0.0,-19000.0,404738049.0
1776,展宇,上市,-7000.0,0.0,-12000.0,-19000.0,60106952.0
00728,第一金工業30,上市,22000.0,0.0,-41140.0,-19140.0,38423000.0
5519,隆大,上市,10000.0,0.0,-29284.0,-19284.0,219197180.0
8454,富邦媒,上市,-20957.0,11812.0,-10193.0,-19338.0,264975275.0
6591,動力-KY,上市,-19651.0,0.0,-50.0,-19701.0,41122465.0
2462,良得電,上市,-19000.0,0.0,-971.0,-19971.0,150784482.0
6830,汎銓,上市,-17951.0,0.0,-2218.0,-20169.0,53446888.0
3419,譁裕,上市,-19000.0,0.0,-2000.0,-21000.0,120480417.0
00635U,期元大S&P黃金,上市,-64415.0,0.0,42802.0,-21613.0,304514000.0
7749,意騰-KY,上市,-19000.0,0.0,-2708.0,-21708.0,46485728.0
1457,宜進,上市,-22000.0,0.0,0.0,-22000.0,316730022.0
00737,國泰AI機器人,上市,-3000.0,0.0,-19799.0,-22799.0,22538000.0
9942,茂順,上市,-23169.0,0.0,0.0,-23169.0,83161320.0
1762,中化生,上市,-21000.0,0.0,-2405.0,-23405.0,76918000.0
7760,享溫馨,上市,-23000.0,0.0,-1000.0,-24000.0,66048000.0
4807,日成-KY,上市,-19000.0,0.0,-5000.0,-24000.0,48996032.0
4746,台耀,上市,-25865.0,0.0,1848.0,-24017.0,120255963.0
3356,奇偶,上市,-5817.0,0.0,-19002.0,-24819.0,80541672.0
6937,天虹,上市,-24090.0,0.0,-893.0,-24983.0,67655263.0
6117,迎廣,上市,-23900.0,0.0,-2000.0,-25900.0,92560911.0
7822,倍利科,上市,-24000.0,0.0,-2000.0,-26000.0,45560763.0
6994,富威電力,上市,-27000.0,0.0,877.0,-26123.0,74162071.0
6691,洋基工程,上市,-71000.0,49000.0,-4286.0,-26286.0,121487209.0
3528,安馳,上市,-25462.0,0.0,-1000.0,-26462.0,66639216.0
2501,國建,上市,-3000.0,0.0,-23911.0,-26911.0,1159561059.0
6235,華孚,上市,-26320.0,0.0,-621.0,-26941.0,199906306.0
9917,中保科,上市,-20291.0,0.0,-7000.0,-27291.0,451197093.0
3041,揚智,上市,-12000.0,0.0,-16246.0,-28246.0,140223647.0
4737,華廣,上市,-24000.0,0.0,-5000.0,-29000.0,77398253.0
6166,凌華,上市,-43868.0,0.0,14435.0,-29433.0,217779257.0
3501,維熹,上市,-30000.0,0.0,0.0,-30000.0,118257927.0
1337,再生-KY,上市,-30000.0,0.0,0.0,-30000.0,268954729.0
1560,中砂,上市,-48044.0,1000.0,16834.0,-30210.0,149617480.0
1760,寶齡富錦,上市,-22510.0,0.0,-7727.0,-30237.0,85739013.0
3346,麗清,上市,-29000.0,0.0,-2761.0,-31761.0,121228352.0
6552,易華電,上市,-30000.0,0.0,-2000.0,-32000.0,83000000.0
6928,攸泰科技,上市,-28000.0,0.0,-4056.0,-32056.0,86000000.0
1795,美時,上市,33000.0,0.0,-65129.0,-32129.0,266873812.0
2451,創見,上市,435772.0,-502000.0,33364.0,-32864.0,431345675.0
2440,太空梭,上市,-48000.0,0.0,15000.0,-33000.0,139117271.0
7768,頌勝科技,上市,-32000.0,0.0,-1029.0,-33029.0,70065000.0
6799,來頡,上市,-33000.0,0.0,-1621.0,-34621.0,43652193.0
1446,宏和,上市,-35000.0,0.0,0.0,-35000.0,137709513.0
2392,正崴,上市,-42000.0,0.0,5903.0,-36097.0,512326940.0
7750,新代,上市,-41950.0,5000.0,82.0,-36868.0,71843000.0
4942,嘉彰,上市,-35000.0,0.0,-2000.0,-37000.0,142367613.0
00656R,國泰中國A50反1,上市,0.0,0.0,-37750.0,-37750.0,20357000.0
6861,睿生光電,上市,-38861.0,0.0,196.0,-38665.0,41599250.0
2850,新產,上市,-34940.0,1000.0,-5000.0,-38940.0,315963300.0
6625,必應,上市,-41000.0,0.0,499.0,-40501.0,57972488.0
3058,立德,上市,-45000.0,0.0,4000.0,-41000.0,201722779.0
6885,全福生技,上市,-40000.0,0.0,-1000.0,-41000.0,133061000.0
3002,歐格,上市,-21000.0,0.0,-20244.0,-41244.0,102000000.0
1726,永記,上市,-41990.0,0.0,0.0,-41990.0,162000000.0
3535,晶彩科,上市,-40748.0,0.0,-1610.0,-42358.0,79052356.0
00678,群益那斯達克生技,上市,-172000.0,0.0,129578.0,-42422.0,8448000.0
6890,來億-KY,上市,-44955.0,10000.0,-7943.0,-42898.0,249400000.0
6205,詮欣,上市,-42970.0,0.0,0.0,-42970.0,82235907.0
00852L,國泰美國道瓊正2,上市,0.0,0.0,-42993.0,-42993.0,8365000.0
00654R,富邦印度反1,上市,0.0,0.0,-43000.0,-43000.0,19466000.0
1340,勝悅-KY,上市,-46000.0,0.0,0.0,-46000.0,152922855.0
2911,麗嬰房,上市,-19000.0,0.0,-27000.0,-46000.0,105125999.0
1460,宏遠,上市,-46000.0,0.0,0.0,-46000.0,694643484.0
1506,正道,上市,-48300.0,0.0,1000.0,-47300.0,300388501.0
4178,永笙-KY,上市,-47990.0,0.0,0.0,-47990.0,215866981.0
5306,桂盟,上市,-56000.0,0.0,8000.0,-48000.0,126000772.0
4976,佳凌,上市,-30930.0,0.0,-17200.0,-48130.0,141351000.0
1517,利奇,上市,-47540.0,0.0,-1363.0,-48903.0,220000007.0
3023,信邦,上市,-190482.0,122000.0,19138.0,-49344.0,240069014.0
2493,揚博,上市,-80000.0,0.0,30498.0,-49502.0,126796629.0
6698,旭暉應材,上市,-49000.0,0.0,-1000.0,-50000.0,66389753.0
8162,微矽電子-創,上市,-42000.0,0.0,-8000.0,-50000.0,68702000.0
00943,兆豐電子高息等權,上市,-160000.0,0.0,109499.0,-50501.0,41889000.0
2816,旺旺保,上市,-52000.0,0.0,0.0,-52000.0,223608000.0
3543,州巧,上市,-53000.0,0.0,-1000.0,-54000.0,110263150.0
3321,同泰,上市,-29000.0,0.0,-25000.0,-54000.0,86113769.0
1449,佳和,上市,-57000.0,0.0,2998.0,-54002.0,127114572.0
3092,鴻碩,上市,-40000.0,0.0,-14199.0,-54199.0,106649250.0
2466,冠西電,上市,-124443.0,80000.0,-10000.0,-54443.0,173458697.0
5484,慧友,上市,-21400.0,-15000.0,-19000.0,-55400.0,66801000.0
6668,中揚光,上市,-49234.0,0.0,-7100.0,-56334.0,107116087.0
2413,環科,上市,-55060.0,0.0,-2770.0,-57830.0,127359200.0
6831,邁科,上市,-31025.0,-70000.0,43157.0,-57868.0,67500000.0
7780,大研生醫*,上市,-59000.0,0.0,0.0,-59000.0,810024170.0
2429,銘旺科,上市,-61000.0,0.0,497.0,-60503.0,85500000.0
3031,佰鴻,上市,-24802.0,-26000.0,-12345.0,-63147.0,173203224.0
3504,揚明光,上市,-51135.0,0.0,-12325.0,-63460.0,114059785.0
5292,華懋,上市,-60750.0,-9000.0,4386.0,-65364.0,42108000.0
6949,沛爾生醫*-創,上市,-64000.0,0.0,-3032.0,-67032.0,65580050.0
4576,大銀微系統,上市,-69389.0,0.0,396.0,-68993.0,119801848.0
5234,達興材料,上市,-54024.0,-1000.0,-14271.0,-69295.0,102715911.0
4949,有成精密,上市,-53000.0,-17000.0,-1101.0,-71101.0,67722043.0
1526,日馳,上市,-71000.0,0.0,-331.0,-71331.0,60000000.0
6405,悅城,上市,-70000.0,0.0,-2000.0,-72000.0,65800000.0
3518,柏騰,上市,-76080.0,0.0,4000.0,-72080.0,102467230.0
5269,祥碩,上市,-99015.0,38000.0,-11473.0,-72488.0,74156679.0
1471,首利,上市,-71000.0,0.0,-2000.0,-73000.0,150414536.0
00861,元大全球未來通訊,上市,-4639.0,0.0,-70882.0,-75521.0,69412000.0
2248,華勝-KY,上市,-75991.0,0.0,0.0,-75991.0,47600000.0
5434,崇越,上市,-266138.0,181000.0,8519.0,-76619.0,193657655.0
6409,旭隼,上市,-159064.0,81323.0,-498.0,-78239.0,88253566.0
6862,三集瑞-KY,上市,-72810.0,0.0,-5646.0,-78456.0,50000000.0
1313,聯成,上市,-55662.0,0.0,-23092.0,-78754.0,1330846107.0
5243,乙盛-KY,上市,-46537.0,0.0,-32448.0,-78985.0,168528915.0
3257,虹冠電,上市,-77000.0,0.0,-2000.0,-79000.0,79823590.0
6224,聚鼎,上市,-52093.0,0.0,-27290.0,-79383.0,85645361.0
3588,通嘉,上市,-79000.0,0.0,-2000.0,-81000.0,61993182.0
5285,界霖,上市,-83208.0,0.0,410.0,-82798.0,102040926.0
8103,瀚荃,上市,-88060.0,0.0,3864.0,-84196.0,78436671.0
6164,華興,上市,-50662.0,0.0,-35130.0,-85792.0,80000000.0
3005,神基,上市,-500066.0,6000.0,407965.0,-86101.0,624310150.0
00902,中信電池及儲能,上市,-37000.0,0.0,-50429.0,-87429.0,226497000.0
6658,聯策,上市,-76170.0,-9000.0,-3165.0,-88335.0,36370000.0
6573,虹揚-KY,上市,-82000.0,0.0,-10000.0,-92000.0,80499345.0
8045,達運光電,上市,105214.0,0.0,-197407.0,-92193.0,95041815.0
6909,創控,上市,-83000.0,0.0,-9221.0,-92221.0,67212600.0
6695,芯鼎,上市,-97000.0,0.0,4004.0,-92996.0,106477650.0
4720,德淵,上市,-69000.0,-24000.0,0.0,-93000.0,114516037.0
2461,光群雷,上市,-53159.0,0.0,-41000.0,-94159.0,174998350.0
5471,松翰,上市,-109016.0,0.0,14545.0,-94471.0,167877062.0
8215,明基材,上市,-69000.0,-8000.0,-19960.0,-96960.0,320674514.0
6782,視陽,上市,-94000.0,0.0,-2961.0,-96961.0,63000000.0
3312,弘憶股,上市,-98808.0,0.0,-1934.0,-100742.0,182626815.0
1612,宏泰,上市,-101740.0,6000.0,-5353.0,-101093.0,316080063.0
1563,巧新,上市,-73000.0,0.0,-28351.0,-101351.0,230782140.0
2349,錸德,上市,-103137.0,0.0,-1000.0,-104137.0,693679663.0
6215,和椿,上市,-100571.0,0.0,-4824.0,-105395.0,82789693.0
5284,jpp-KY,上市,-103911.0,0.0,-3759.0,-107670.0,52892683.0
1707,葡萄王,上市,-106000.0,1000.0,-3000.0,-108000.0,148137373.0
6742,澤米,上市,-105952.0,0.0,-3001.0,-108953.0,71267948.0
2233,宇隆,上市,-150000.0,45000.0,-4346.0,-109346.0,60288089.0
00643,群益深証中小,上市,-28000.0,0.0,-85504.0,-113504.0,73003000.0
3533,嘉澤,上市,-102739.0,-19000.0,5818.0,-115921.0,112534691.0
4956,光鋐,上市,-68874.0,-26000.0,-25671.0,-120545.0,100408236.0
2345,智邦,上市,-173487.0,33000.0,17373.0,-123114.0,561117897.0
8163,達方,上市,-89000.0,0.0,-34877.0,-123877.0,280000001.0
1773,勝一,上市,-124955.0,0.0,965.0,-123990.0,300000000.0
1611,中電,上市,-116000.0,0.0,-9256.0,-125256.0,322735742.0
8429,金麗-KY,上市,-126000.0,0.0,0.0,-126000.0,185747151.0
2474,可成,上市,-1236628.0,1076000.0,34349.0,-126279.0,538821068.0
4551,智伸科,上市,-161000.0,37000.0,-2863.0,-126863.0,115222498.0
1727,中華化,上市,-114225.0,0.0,-13309.0,-127534.0,128019559.0
00651R,復華香港反1,上市,0.0,0.0,-131972.0,-131972.0,32192000.0
1326,台化,上市,-1404692.0,0.0,1271328.0,-133364.0,5861186291.0
6805,富世達,上市,-279564.0,110000.0,33580.0,-135984.0,68553896.0
6706,惠特,上市,-128385.0,0.0,-7677.0,-136062.0,78548865.0
3059,華晶科,上市,-113331.0,0.0,-25159.0,-138490.0,307702025.0
2236,百達-KY,上市,-141890.0,0.0,-2196.0,-144086.0,62130976.0
1535,中宇,上市,-150000.0,0.0,5000.0,-145000.0,123742552.0
3591,艾笛森,上市,-124685.0,0.0,-24224.0,-148909.0,145386835.0
00876,元大全球5G,上市,-1600.0,0.0,-148000.0,-149600.0,91524000.0
6133,金橋,上市,-153890.0,0.0,-10.0,-153900.0,117006294.0
5522,遠雄,上市,-135784.0,3000.0,-23000.0,-155784.0,781596241.0
00913,兆豐台灣晶圓製造,上市,332000.0,0.0,-488937.0,-156937.0,46766000.0
4739,康普,上市,-154455.0,0.0,-5102.0,-159557.0,124649269.0
2497,怡利電,上市,-160057.0,0.0,-172.0,-160229.0,130887676.0
2415,錩新,上市,-201000.0,44000.0,-6337.0,-163337.0,90000000.0
2338,光罩,上市,-158109.0,0.0,-5633.0,-163742.0,366849183.0
2417,圓剛,上市,-164000.0,0.0,-87.0,-164087.0,157218864.0
2376,技嘉,上市,-1017044.0,654990.0,191545.0,-170509.0,669888886.0
3645,達邁,上市,-126216.0,-37000.0,-8139.0,-171355.0,136754207.0
6209,今國光,上市,-251564.0,0.0,78902.0,-172662.0,180501561.0
2390,云辰,上市,-177058.0,0.0,714.0,-176344.0,192619442.0
6269,台郡,上市,-221850.0,0.0,44867.0,-176983.0,323831481.0
3015,全漢,上市,-241074.0,68000.0,-4391.0,-177465.0,187261950.0
2408,南亞科,上市,-2986159.0,2160211.0,644471.0,-181477.0,3098627894.0
3167,大量,上市,-45207.0,-144000.0,5517.0,-183690.0,89513491.0
1809,中釉,上市,-169050.0,0.0,-14725.0,-183775.0,167041937.0
1319,東陽,上市,683205.0,-403000.0,-465092.0,-184887.0,591477068.0
2049,上銀,上市,-130406.0,-91000.0,34293.0,-187113.0,353792240.0
2014,中鴻,上市,-176000.0,0.0,-17000.0,-193000.0,1435544446.0
3048,益登,上市,-168000.0,0.0,-26648.0,-194648.0,269829794.0
1710,東聯,上市,-183453.0,0.0,-12003.0,-195456.0,885703029.0
4722,國精化,上市,-187507.0,0.0,-10835.0,-198342.0,102784914.0
2421,建準,上市,-211797.0,0.0,10965.0,-200832.0,286943669.0
3661,世芯-KY,上市,-245480.0,3600.0,38933.0,-202947.0,86204722.0
3090,日電貿,上市,-23214.0,-396000.0,213327.0,-205887.0,287567150.0
2471,資通,上市,-203110.0,0.0,-3000.0,-206110.0,47253890.0
2439,美律,上市,-216000.0,0.0,-1727.0,-217727.0,253644914.0
1309,台達化,上市,-200000.0,0.0,-19908.0,-219908.0,397586848.0
2414,精技,上市,-292000.0,53000.0,19000.0,-220000.0,161735846.0
6715,嘉基,上市,-215000.0,-10000.0,2275.0,-222725.0,67099670.0
6139,亞翔,上市,-469989.0,190000.0,54742.0,-225247.0,235575724.0
6282,康舒,上市,-252830.0,-7000.0,33490.0,-226340.0,856031294.0
2504,國產,上市,-185000.0,20000.0,-64087.0,-229087.0,1180000000.0
2425,承啟,上市,-246687.0,39000.0,-23000.0,-230687.0,96498831.0
6901,鑽石投資,上市,-227000.0,0.0,-8000.0,-235000.0,852860000.0
1615,大山,上市,-241270.0,0.0,0.0,-241270.0,196663702.0
1218,泰山,上市,-235000.0,0.0,-6607.0,-241607.0,499999038.0
1522,堤維西,上市,-241000.0,0.0,-4408.0,-245408.0,312897881.0
00911,兆豐洲際半導體,上市,-362.0,0.0,-254574.0,-254936.0,26903000.0
8438,昶昕,上市,-256000.0,0.0,-1518.0,-257518.0,69943000.0
2495,普安,上市,-253900.0,0.0,-7786.0,-261686.0,273551538.0
6142,友勁,上市,-241000.0,0.0,-23000.0,-264000.0,330779215.0
6451,訊芯-KY,上市,-248672.0,-14000.0,-5069.0,-267741.0,112077729.0
3443,創意,上市,-436117.0,161539.0,6308.0,-268270.0,134011911.0
8021,尖點,上市,-8406.0,108893.0,-372735.0,-272248.0,145042467.0
2489,瑞軒,上市,-238110.0,0.0,-34394.0,-272504.0,610000000.0
2467,志聖,上市,-62004.0,-212000.0,1391.0,-272613.0,156755348.0
3305,昇貿,上市,-299000.0,0.0,25200.0,-273800.0,144647946.0
1721,國慶科技,上市,-275702.0,0.0,1000.0,-274702.0,184884092.0
2530,華建,上市,-256737.0,7000.0,-26000.0,-275737.0,841255731.0
4906,正文,上市,-100496.0,-130000.0,-46984.0,-277480.0,434485057.0
2457,飛宏,上市,-294812.0,0.0,10616.0,-284196.0,424772416.0
1477,聚陽,上市,-279260.0,5000.0,-11050.0,-285310.0,246693713.0
1219,福壽,上市,-283000.0,0.0,-5000.0,-288000.0,341238364.0
6442,光聖,上市,-211034.0,-100000.0,21726.0,-289308.0,80450155.0
009800,中信NASDAQ,上市,-62000.0,0.0,-229806.0,-291806.0,288891000.0
6155,鈞寶,上市,-312742.0,37000.0,-16556.0,-292298.0,88023988.0
3008,大立光,上市,-380520.0,58000.0,29223.0,-293297.0,130798197.0
7795,長廣,上市,-297795.0,0.0,2402.0,-295393.0,78828500.0
7788,松川精密,上市,-299000.0,0.0,2568.0,-296432.0,79745993.0
6168,宏齊,上市,-292229.0,0.0,-5172.0,-297401.0,205761801.0
2360,致茂,上市,-1012403.0,712998.0,1152.0,-298253.0,425245742.0
2316,楠梓電,上市,-374341.0,81000.0,-5123.0,-298464.0,182740536.0
2536,宏普,上市,-310000.0,0.0,-100.0,-310100.0,332808652.0
1528,恩德,上市,-267150.0,-43000.0,-11.0,-310161.0,191331000.0
3060,銘異,上市,-374723.0,75000.0,-14348.0,-314071.0,137563190.0
6719,力智,上市,-339048.0,0.0,22362.0,-316686.0,105483989.0
6415,矽力*-KY,上市,-458929.0,146000.0,-8632.0,-321561.0,388948107.0
00670L,富邦NASDAQ正2,上市,-9000.0,0.0,-313893.0,-322893.0,74145000.0
00757,統一FANG+,上市,-312020.0,0.0,-12025.0,-324045.0,272494000.0
1467,南緯,上市,-332000.0,0.0,7587.0,-324413.0,233624667.0
2393,億光,上市,-992000.0,-9000.0,671053.0,-329947.0,443393086.0
2476,鉅祥,上市,-520625.0,0.0,182057.0,-338568.0,218171223.0
2342,茂矽,上市,-340148.0,0.0,-1415.0,-341563.0,157474744.0
00965,元大航太防衛科技,上市,-458000.0,0.0,115353.0,-342647.0,439492000.0
2454,聯發科,上市,-528934.0,43906.0,140927.0,-344101.0,1603895407.0
2302,麗正,上市,-376178.0,47000.0,-15685.0,-344863.0,166302881.0
3033,威健,上市,-439000.0,0.0,93438.0,-345562.0,483590330.0
6449,鈺邦,上市,-350644.0,0.0,-1790.0,-352434.0,91886014.0
4967,十銓,上市,-357980.0,0.0,2030.0,-355950.0,84963288.0
3550,聯穎,上市,-395413.0,48000.0,-11702.0,-359115.0,107550000.0
8110,華東,上市,-338867.0,0.0,-27195.0,-366062.0,517739876.0
3044,健鼎,上市,-343527.0,-129712.0,105103.0,-368136.0,525605898.0
4919,新唐,上市,125269.0,-565000.0,65883.0,-373848.0,419765268.0
6446,藥華藥,上市,-384881.0,15000.0,-4100.0,-373981.0,381606370.0
3016,嘉晶,上市,-386000.0,0.0,11508.0,-374492.0,288541819.0
1305,華夏,上市,-331000.0,0.0,-44067.0,-375067.0,581050494.0
2404,漢唐,上市,-391873.0,-13000.0,25235.0,-379638.0,190586698.0
1717,長興,上市,-433156.0,0.0,52503.0,-380653.0,1172245483.0
8996,高力,上市,-76485.0,-302000.0,-6979.0,-385464.0,93387429.0
6116,彩晶,上市,-280985.0,0.0,-107223.0,-388208.0,2858654851.0
2305,全友,上市,-422868.0,40000.0,-10783.0,-393651.0,205660827.0
6202,盛群,上市,-368840.0,0.0,-33021.0,-401861.0,230388200.0
2383,台光電,上市,-669424.0,301950.0,-59545.0,-427019.0,358321114.0
2464,盟立,上市,-433067.0,0.0,5311.0,-427756.0,216680434.0
6141,柏承,上市,-427521.0,0.0,-8403.0,-435924.0,113354005.0
3094,聯傑,上市,-449001.0,0.0,12197.0,-436804.0,83117089.0
00408A,主動第一金優股息,上市,127000.0,0.0,-572313.0,-445313.0,173634000.0
8476,台境*,上市,-495850.0,62000.0,-17000.0,-450850.0,166226358.0
6533,晶心科,上市,-442693.0,0.0,-10582.0,-453275.0,50650911.0
2368,金像電,上市,345113.0,-885776.0,80607.0,-460056.0,517016714.0
6443,元晶,上市,-457309.0,0.0,-12000.0,-469309.0,512796730.0
00954,中信日本半導體,上市,-790000.0,0.0,320458.0,-469542.0,114747000.0
00963,中信全球高股息,上市,-412000.0,0.0,-64778.0,-476778.0,99433000.0
00641R,富邦日本反1,上市,0.0,0.0,-484720.0,-484720.0,80758000.0
2395,研華,上市,-780964.0,187000.0,105523.0,-488441.0,868254487.0
1436,華友聯,上市,-511000.0,0.0,0.0,-511000.0,194151795.0
00650L,復華香港正2,上市,-944000.0,0.0,418481.0,-525519.0,116838000.0
4927,泰鼎-KY,上市,-518465.0,0.0,-13335.0,-531800.0,264937988.0
1229,聯華,上市,-511602.0,1000.0,-24652.0,-535254.0,1795960668.0
1504,東元,上市,-600144.0,102000.0,-38729.0,-536873.0,2376440684.0
3028,增你強,上市,-543000.0,0.0,-4999.0,-547999.0,237241193.0
00994A,主動第一金台股優,上市,-479000.0,0.0,-75304.0,-554304.0,305190000.0
6919,康霈*,上市,-524241.0,0.0,-31324.0,-555565.0,1557267860.0
1529,樂事綠能,上市,-558307.0,0.0,0.0,-558307.0,155095074.0
2472,立隆電,上市,-559442.0,-50000.0,23899.0,-585543.0,164735137.0
1708,東鹼,上市,-701000.0,119000.0,-5306.0,-587306.0,249001651.0
6278,台表科,上市,-680978.0,56000.0,26287.0,-598691.0,292398353.0
3149,正達,上市,-603199.0,0.0,-2502.0,-605701.0,226233604.0
3209,全科,上市,-543051.0,-66000.0,-5373.0,-614424.0,235391189.0
4526,東台,上市,-617929.0,0.0,-9459.0,-627388.0,254826461.0
1709,和益,上市,-680252.0,0.0,48417.0,-631835.0,477016272.0
00676R,富邦臺灣加權反1,上市,140000.0,0.0,-776789.0,-636789.0,168833683.0
2204,中華,上市,-792000.0,163000.0,-8365.0,-637365.0,553620342.0
00686R,群益臺灣加權反1,上市,0.0,0.0,-637460.0,-637460.0,197276000.0
6153,嘉聯益,上市,-636690.0,0.0,-27422.0,-664112.0,636177694.0
8105,凌巨,上市,-749000.0,115000.0,-39402.0,-673402.0,441544851.0
2601,益航,上市,-687101.0,0.0,6.0,-687095.0,824776067.0
2645,長榮航太,上市,166073.0,-983000.0,127043.0,-689884.0,374570962.0
2375,凱美,上市,-759805.0,55000.0,2723.0,-702082.0,108675334.0
2388,威盛,上市,-410739.0,-162000.0,-133689.0,-706428.0,555954941.0
3715,定穎投控,上市,-662439.0,-63000.0,12871.0,-712568.0,283574584.0
2455,全新,上市,-700466.0,94000.0,-134418.0,-740884.0,184905918.0
3673,TPK-KY,上市,-652352.0,0.0,-102065.0,-754417.0,406663759.0
1515,力山,上市,-297590.0,79000.0,-559129.0,-777719.0,181473500.0
00951,台新日本半導體,上市,-1264000.0,0.0,479718.0,-784282.0,218542000.0
2855,統一證,上市,-792303.0,0.0,0.0,-792303.0,1601414478.0
00688L,國泰20年美債正2,上市,-373000.0,0.0,-439504.0,-812504.0,641115000.0
2206,三陽工業,上市,-915000.0,0.0,84000.0,-831000.0,773675604.0
00830,國泰費城半導體,上市,-775516.0,0.0,-60680.0,-836196.0,792965000.0
00680L,元大美債20正2,上市,-35000.0,0.0,-801439.0,-836439.0,1508576000.0
6271,同欣電,上市,-864411.0,0.0,25322.0,-839089.0,209058024.0
6257,矽格,上市,-734959.0,-129000.0,10875.0,-853084.0,483912325.0
8070,長華*,上市,-873452.0,0.0,9769.0,-863683.0,725648455.0
8926,台汽電,上市,-844000.0,-6000.0,-17373.0,-867373.0,830282000.0
00400A,主動國泰動能高息,上市,11046200.0,0.0,-11916727.0,-870527.0,1938640000.0
00941,中信上游半導體,上市,-76578.0,0.0,-794513.0,-871091.0,453791000.0
2441,超豐,上市,-1420897.0,416000.0,118208.0,-886689.0,568845921.0
2483,百容,上市,-907817.0,0.0,-10688.0,-918505.0,107889807.0
2340,台亞,上市,-823095.0,0.0,-120827.0,-943922.0,438622846.0
2406,國碩,上市,-1189169.0,181000.0,54244.0,-953925.0,350905689.0
2478,大毅,上市,-1018000.0,68000.0,-9195.0,-959195.0,144731339.0
2426,鼎元,上市,-965423.0,0.0,-5820.0,-971243.0,300622252.0
3042,晶技,上市,-1221331.0,-333000.0,572123.0,-982208.0,342992971.0
9904,寶成,上市,2777500.0,-3138000.0,-624155.0,-984655.0,2946787213.0
6191,精成科,上市,-1032000.0,0.0,13159.0,-1018841.0,499303000.0
3717,聯嘉投控,上市,-1067222.0,0.0,47828.0,-1019394.0,207845445.0
00990A,主動元大AI新經濟,上市,3946100.0,0.0,-5011808.0,-1065708.0,2464022000.0
9910,豐泰,上市,-493592.0,-568000.0,-42775.0,-1104367.0,987482831.0
6226,光鼎,上市,-507000.0,56000.0,-664000.0,-1115000.0,115534789.0
6005,群益證,上市,3910760.0,-5080000.0,0.0,-1169240.0,2170908097.0
3413,京鼎,上市,-1047013.0,0.0,-122346.0,-1169359.0,110762280.0
00922,國泰台灣領袖50,上市,2370020.0,0.0,-3586649.0,-1216629.0,2114186000.0
6672,騰輝電子-KY,上市,-1221946.0,14000.0,-15977.0,-1223923.0,71434745.0
00646,元大S&P500,上市,-4586.0,150000.0,-1417222.0,-1271808.0,572485000.0
2363,矽統,上市,-1348022.0,0.0,3157.0,-1344865.0,514988161.0
2834,臺企銀,上市,-1221312.0,31000.0,-156000.0,-1346312.0,9718061849.0
3189,景碩,上市,-1190755.0,-73000.0,-193274.0,-1457029.0,526915760.0
2449,京元電子,上市,-2074774.0,43570.0,551929.0,-1479275.0,1222745065.0
1608,華榮,上市,-1541000.0,0.0,-1930.0,-1542930.0,632773506.0
6239,力成,上市,-2847883.0,644000.0,630499.0,-1573384.0,759146634.0
8039,台虹,上市,-1567166.0,0.0,-20364.0,-1587530.0,263668994.0
00929,復華台灣科技優息,上市,3440446.0,0.0,-5049356.0,-1608910.0,4741639000.0
00662,富邦NASDAQ,上市,-50978.0,65000.0,-1752354.0,-1738332.0,870029000.0
3036,文曄,上市,-1535353.0,-230381.0,18238.0,-1747496.0,1269148301.0
6834,天二科技,上市,-1900009.0,32000.0,6853.0,-1861156.0,88471082.0
2484,希華,上市,-1935598.0,79000.0,-34986.0,-1891584.0,159421022.0
8046,南電,上市,-3460204.0,1488100.0,3325.0,-1968779.0,646165487.0
2352,佳世達,上市,-1418330.0,-14000.0,-566470.0,-1998800.0,1580506505.0
8028,昇陽半導體,上市,-2079422.0,98000.0,-21353.0,-2002775.0,179396083.0
8131,福懋科,上市,-2058482.0,0.0,41013.0,-2017469.0,442222223.0
00865B,國泰US短期公債,上市,-861000.0,0.0,-1194155.0,-2055155.0,274244000.0
8033,雷虎,上市,-2554168.0,78000.0,150000.0,-2326168.0,164629775.0
00673R,期元大S&P原油反1,上市,-1837000.0,0.0,-510022.0,-2347022.0,480550646.0
00935,野村臺灣新科技50,上市,2835400.0,565000.0,-5788852.0,-2388452.0,833504000.0
2486,一詮,上市,-2492227.0,200000.0,-102746.0,-2394973.0,233958579.0
0052,富邦科技,上市,1665598.0,529000.0,-4788595.0,-2593997.0,2629500000.0
00985B,群益ESG投等債0-5,上市,-2811000.0,0.0,167918.0,-2643082.0,600001000.0
00919,群益台灣精選高息,上市,1362226.0,0.0,-4020856.0,-2658630.0,18160135000.0
2369,菱生,上市,-2753995.0,0.0,-43378.0,-2797373.0,380102344.0
00981T,平衡凱基雙核收息,上市,0.0,0.0,-2817928.0,-2817928.0,220761000.0
2492,華新科,上市,832252.0,-4978000.0,1325313.0,-2820435.0,485204774.0
2337,旺宏,上市,-2687656.0,-274000.0,122656.0,-2839000.0,1981308820.0
4989,榮科,上市,-3272000.0,0.0,3414.0,-3268586.0,137776500.0
00885,富邦越南,上市,-1457869.0,0.0,-1928337.0,-3386206.0,612238000.0
0050,元大台灣50,上市,-4226583.0,3248000.0,-2495015.0,-3473598.0,21600500000.0
1409,新纖,上市,-3571900.0,0.0,26903.0,-3544997.0,1618409286.0
2105,正新,上市,-1674767.0,-2367000.0,263206.0,-3778561.0,3241415536.0
1802,台玻,上市,-3265985.0,-404000.0,-229717.0,-3899702.0,2908060800.0
2481,強茂,上市,-6999477.0,2668000.0,46843.0,-4284634.0,382114927.0
1714,和桐,上市,-4833714.0,483000.0,3940.0,-4346774.0,991824808.0
2332,友訊,上市,-4968615.0,0.0,80859.0,-4887756.0,602170373.0
00664R,國泰臺灣加權反1,上市,0.0,0.0,-5182611.0,-5182611.0,755575000.0
00988A,主動統一全球創新,上市,-1458207.0,0.0,-4124439.0,-5582646.0,3351437000.0
00665L,富邦恒生國企正2,上市,-1464000.0,0.0,-4367892.0,-5831892.0,472465000.0
2327,國巨*,上市,-6733675.0,216731.0,445037.0,-6071907.0,2071465484.0
1301,台塑,上市,-7796181.0,358000.0,776476.0,-6661705.0,6365740781.0
4958,臻鼎-KY,上市,-6639838.0,-754393.0,243295.0,-7150936.0,1070598156.0
00685L,群益臺灣加權正2,上市,-814000.0,0.0,-8716724.0,-9530724.0,5679336000.0
2344,華邦電,上市,-6028509.0,-4568815.0,820227.0,-9777097.0,4500000193.0
2887,台新新光金,上市,-21391157.0,11868473.0,-1744269.0,-11266953.0,24866399230.0
00991A,主動復華未來50,上市,8174310.0,0.0,-21640314.0,-13466004.0,4482916000.0
2303,聯電,上市,-11396333.0,-6127119.0,2579027.0,-14944425.0,12576984870.0
1303,南亞,上市,-23551563.0,8190039.0,-144803.0,-15506327.0,7930821589.0
8150,南茂,上市,-15725068.0,-387000.0,185910.0,-15926158.0,704523126.0
00984D,主動聯博全球非投,上市,-1832000.0,0.0,-14424000.0,-16256000.0,582557000.0
6770,力積電,上市,-20195909.0,-3410000.0,3536917.0,-20068992.0,4710019546.0
00406A,主動中信台灣收益,上市,1504150.0,0.0,-25046104.0,-23541954.0,1129562000.0
2409,友達,上市,-23202407.0,75900.0,-1206192.0,-24332699.0,7547098972.0
0056,元大高股息,上市,168398.0,0.0,-27839302.0,-27670904.0,14210534000.0
00632R,元大台灣50反1,上市,2485000.0,0.0,-53098283.0,-50613283.0,2322207730.0
3481,群創,上市,-62999176.0,-20771159.0,-6388966.0,-90159301.0,7989197337.0
006201,元大富櫃50,上櫃,0.0,0.0,0.0,-11446.0,0.0
00679B,元大美債20年,上櫃,0.0,0.0,0.0,-618370.0,0.0
00687B,國泰20年美債,上櫃,0.0,0.0,0.0,673900.0,0.0
00687C,國泰20年美債+櫃U,上櫃,0.0,0.0,0.0,0.0,0.0
00694B,富邦美債1-3,上櫃,0.0,0.0,0.0,-32111.0,0.0
00695B,富邦美債7-10,上櫃,0.0,0.0,0.0,-19998.0,0.0
00696B,富邦美債20年,上櫃,0.0,0.0,0.0,-662.0,0.0
00697B,元大美債7-10,上櫃,0.0,0.0,0.0,99746.0,0.0
00719B,元大美債1-3,上櫃,0.0,0.0,0.0,-1489297.0,0.0
00720B,元大投資級公司債,上櫃,0.0,0.0,0.0,-1831423.0,0.0
00722B,群益投資級電信債,上櫃,0.0,0.0,0.0,-102821.0,0.0
00723B,群益投資級科技債,上櫃,0.0,0.0,0.0,-13050.0,0.0
00724B,群益投資級金融債,上櫃,0.0,0.0,0.0,174181.0,0.0
00725B,國泰投資級公司債,上櫃,0.0,0.0,0.0,-1322839.0,0.0
00726B,國泰新興投等債,上櫃,0.0,0.0,0.0,-8856.0,0.0
00727B,國泰優選非投等債,上櫃,0.0,0.0,0.0,2841.0,0.0
00734B,台新JPM新興債,上櫃,0.0,0.0,0.0,2000.0,0.0
00740B,富邦全球投等債,上櫃,0.0,0.0,0.0,-154772.0,0.0
00741B,富邦全球非投等債,上櫃,0.0,0.0,0.0,21135.0,0.0
00746B,富邦A級公司債,上櫃,0.0,0.0,0.0,-2949.0,0.0
00749B,凱基新興債10+,上櫃,0.0,0.0,0.0,0.0,0.0
00750B,凱基科技債10+,上櫃,0.0,0.0,0.0,0.0,0.0
00751B,元大AAA至A公司債,上櫃,0.0,0.0,0.0,-654936.0,0.0
00754B,群益AAA-AA公司債,上櫃,0.0,0.0,0.0,-21000.0,0.0
00755B,群益投資級公用債,上櫃,0.0,0.0,0.0,-18005.0,0.0
00756B,群益投等新興公債,上櫃,0.0,0.0,0.0,-51188.0,0.0
00758B,復華能源債,上櫃,0.0,0.0,0.0,0.0,0.0
00759B,復華製藥債,上櫃,0.0,0.0,0.0,-2000.0,0.0
00760B,復華新興企業債,上櫃,0.0,0.0,0.0,5365.0,0.0
00761B,國泰A級公司債,上櫃,0.0,0.0,0.0,-21125.0,0.0
00764B,群益25年美債,上櫃,0.0,0.0,0.0,-349555.0,0.0
00768B,復華20年美債,上櫃,0.0,0.0,0.0,-20656.0,0.0
00772B,中信高評級公司債,上櫃,0.0,0.0,0.0,-290172.0,0.0
00773B,中信優先金融債,上櫃,0.0,0.0,0.0,71550.0,0.0
00777B,凱基AAA至A公司債,上櫃,0.0,0.0,0.0,0.0,0.0
00778B,凱基金融債20+,上櫃,0.0,0.0,0.0,0.0,0.0
00779B,凱基美債25+,上櫃,0.0,0.0,0.0,2000.0,0.0
00780B,國泰A級金融債,上櫃,0.0,0.0,0.0,-16257.0,0.0
00781B,國泰A級科技債,上櫃,0.0,0.0,0.0,-86272.0,0.0
00782B,國泰A級公用債,上櫃,0.0,0.0,0.0,-33257.0,0.0
00785B,富邦金融投等債,上櫃,0.0,0.0,0.0,-202.0,0.0
00786B,元大10年IG銀行債,上櫃,0.0,0.0,0.0,12001.0,0.0
00787B,元大10年IG醫療債,上櫃,0.0,0.0,0.0,-6197.0,0.0
00788B,元大10年IG電能債,上櫃,0.0,0.0,0.0,-66.0,0.0
00789B,復華公司債A3,上櫃,0.0,0.0,0.0,0.0,0.0
00791B,復華信用債1-5,上櫃,0.0,0.0,0.0,0.0,0.0
00792B,群益A級公司債,上櫃,0.0,0.0,0.0,-1940.0,0.0
00793B,群益AAA-A醫療債,上櫃,0.0,0.0,0.0,848.0,0.0
00795B,中信美國公債20年,上櫃,0.0,0.0,0.0,613988.0,0.0
00799B,國泰A級醫療債,上櫃,0.0,0.0,0.0,-140760.0,0.0
00834B,第一金金融債10+,上櫃,0.0,0.0,0.0,-3000.0,0.0
00836B,永豐10年A公司債,上櫃,0.0,0.0,0.0,5000.0,0.0
00840B,凱基IG精選15+,上櫃,0.0,0.0,0.0,0.0,0.0
00841B,凱基AAA-AA公司債,上櫃,0.0,0.0,0.0,-2000.0,0.0
00842B,台新美元銀行債,上櫃,0.0,0.0,0.0,-168967.0,0.0
00844B,台新15年IG金融債,上櫃,0.0,0.0,0.0,0.0,0.0
00845B,富邦新興投等債,上櫃,0.0,0.0,0.0,793.0,0.0
00846B,富邦歐洲銀行債,上櫃,0.0,0.0,0.0,0.0,0.0
00847B,中信美國市政債,上櫃,0.0,0.0,0.0,21000.0,0.0
00848B,中信新興亞洲債,上櫃,0.0,0.0,0.0,12000.0,0.0
00849B,中信EM主權債0-5,上櫃,0.0,0.0,0.0,102132.0,0.0
00853B,統一美債10年Aa-A,上櫃,0.0,0.0,0.0,11528.0,0.0
00856B,永豐1-3年美公債,上櫃,0.0,0.0,0.0,0.0,0.0
00857B,永豐20年美公債,上櫃,0.0,0.0,0.0,96883.0,0.0
00858,永豐美國500大,上櫃,0.0,0.0,0.0,-517637.0,0.0
00859B,群益0-1年美債,上櫃,0.0,0.0,0.0,97205.0,0.0
00860B,群益1-5Y投資級債,上櫃,0.0,0.0,0.0,81.0,0.0
00862B,中信投資級公司債,上櫃,0.0,0.0,0.0,-3154.0,0.0
00863B,中信全球電信債,上櫃,0.0,0.0,0.0,2000.0,0.0
00864B,中信美國公債0-1,上櫃,0.0,0.0,0.0,-854000.0,0.0
00867B,台新A-BBB電信債,上櫃,0.0,0.0,0.0,-1532.0,0.0
00870B,元大15年EM主權債,上櫃,0.0,0.0,0.0,-116.0,0.0
00877,復華中國5G,上櫃,0.0,0.0,0.0,-65903.0,0.0
00884B,中信低碳新興債,上櫃,0.0,0.0,0.0,-760.0,0.0
00886,永豐美國科技,上櫃,0.0,0.0,0.0,385.0,0.0
00887,永豐中國科技50大,上櫃,0.0,0.0,0.0,-769795.0,0.0
00888,永豐台灣ESG,上櫃,0.0,0.0,0.0,-11679367.0,0.0
00890B,凱基ESG BBB債15+,上櫃,0.0,0.0,0.0,13000.0,0.0
00928,中信上櫃ESG 30,上櫃,0.0,0.0,0.0,-750953.0,0.0
00931B,統一美債20年,上櫃,0.0,0.0,0.0,109220.0,0.0
00933B,國泰10Y+金融債,上櫃,0.0,0.0,0.0,545626.0,0.0
00937B,群益ESG投等債20+,上櫃,0.0,0.0,0.0,-22196803.0,0.0
00942B,台新美A公司債20+,上櫃,0.0,0.0,0.0,112859.0,0.0
00948B,中信優息投資級債,上櫃,0.0,0.0,0.0,-808531.0,0.0
00950B,凱基A級公司債,上櫃,0.0,0.0,0.0,-1513999.0,0.0
00955,中信日本商社,上櫃,0.0,0.0,0.0,2957498.0,0.0
00957B,兆豐US優選投等債,上櫃,0.0,0.0,0.0,68081.0,0.0
00958B,永豐ESG銀行債15+,上櫃,0.0,0.0,0.0,128616.0,0.0
00959B,大華投等美債15Y+,上櫃,0.0,0.0,0.0,-261220.0,0.0
00966B,統一ESG投等債15+,上櫃,0.0,0.0,0.0,14818.0,0.0
00967B,元大優息美債,上櫃,0.0,0.0,0.0,-76771.0,0.0
00968B,元大優息投等債,上櫃,0.0,0.0,0.0,-117929.0,0.0
00969B,元大零息超長美債,上櫃,0.0,0.0,0.0,857885.0,0.0
00970B,台新BBB投等債20+,上櫃,0.0,0.0,0.0,-222595.0,0.0
009806,台新標普500,上櫃,0.0,0.0,0.0,484.0,0.0
009807,台新標普科技精選,上櫃,0.0,0.0,0.0,9328.0,0.0
00980B,台新特選IG債10+,上櫃,0.0,0.0,0.0,23982.0,0.0
00980D,主動聯博投等入息,上櫃,0.0,0.0,0.0,-462710.0,0.0
00980T,平衡凱基美國TOP,上櫃,0.0,0.0,0.0,120458.0,0.0
009814,富邦標普500,上櫃,0.0,0.0,0.0,177123.0,0.0
009815,大華美國MAG7+,上櫃,0.0,0.0,0.0,830324.0,0.0
00981B,第一金優選非投債,上櫃,0.0,0.0,0.0,-9513486.0,0.0
00981D,主動中信非投等債,上櫃,0.0,0.0,0.0,1193197.0,0.0
009822,華南永昌未來金融,上櫃,0.0,0.0,0.0,253345.0,0.0
009823,群益S&P500,上櫃,0.0,0.0,0.0,880379.0,0.0
009825,聯邦美國金融創新,上櫃,0.0,0.0,0.0,757800.0,0.0
00982B,FT投資級債20+,上櫃,0.0,0.0,0.0,-7504.0,0.0
00983B,大華優利美公債20,上櫃,0.0,0.0,0.0,3590.0,0.0
00984B,大華優利美A債15,上櫃,0.0,0.0,0.0,-154867.0,0.0
00985D,主動貝萊德優投等,上櫃,0.0,0.0,0.0,-674000.0,0.0
00986B,FT金融債10+,上櫃,0.0,0.0,0.0,-115.0,0.0
00986D,主動復華金融債息,上櫃,0.0,0.0,0.0,-134951.0,0.0
00987B,野村10+澳洲公債,上櫃,0.0,0.0,0.0,23530.0,0.0
00988B,玉山嚴選非投債,上櫃,0.0,0.0,0.0,-701132.0,0.0
00989B,台新美國非投等債,上櫃,0.0,0.0,0.0,-69068.0,0.0
00990B,國泰收益非投等債,上櫃,0.0,0.0,0.0,794866.0,0.0
00998A,主動復華金融股息,上櫃,0.0,0.0,0.0,-262292.0,0.0
020025,統一亞洲半導體N,上櫃,0.0,0.0,0.0,6000.0,0.0
020033,統一恒生科期N,上櫃,0.0,0.0,0.0,1000.0,0.0
020041,兆豐半導體氣候N,上櫃,0.0,0.0,0.0,-26000.0,0.0
1240,茂生農經,上櫃,0.0,0.0,0.0,-1000.0,46443992.0
1259,安心,上櫃,0.0,0.0,0.0,-1000.0,32389500.0
1264,德麥,上櫃,0.0,0.0,0.0,-8000.0,37052367.0
1268,漢來美食,上櫃,0.0,0.0,0.0,10032.0,42223730.0
1294,漢田生技,上櫃,0.0,0.0,0.0,2000.0,36625875.0
1295,生合,上櫃,0.0,0.0,0.0,-6000.0,37599800.0
1336,台翰,上櫃,0.0,0.0,0.0,292244.0,77614419.0
1565,精華,上櫃,0.0,0.0,0.0,35851.0,50416516.0
1569,濱川,上櫃,0.0,0.0,0.0,35000.0,144247441.0
1570,力肯,上櫃,0.0,0.0,0.0,-19000.0,51500839.0
1580,新麥,上櫃,0.0,0.0,0.0,-20000.0,49339242.0
1584,精剛,上櫃,0.0,0.0,0.0,-114990.0,232470533.0
1586,和勤,上櫃,0.0,0.0,0.0,-54863.0,129500467.0
1593,祺驊,上櫃,0.0,0.0,0.0,0.0,39784772.0
1595,川寶,上櫃,0.0,0.0,0.0,-35298.0,57554896.0
1599,宏佳騰,上櫃,0.0,0.0,0.0,-3154.0,73028764.0
1742,台蠟,上櫃,0.0,0.0,0.0,-1000.0,92671300.0
1777,生泰,上櫃,0.0,0.0,0.0,8000.0,44591713.0
1780,立弘,上櫃,0.0,0.0,0.0,26000.0,109075173.0
1781,合世,上櫃,0.0,0.0,0.0,-5001.0,47407605.0
1784,訊聯,上櫃,0.0,0.0,0.0,-16874.0,53121191.0
1785,光洋科,上櫃,0.0,0.0,0.0,-720066.0,595950743.0
1788,杏昌,上櫃,0.0,0.0,0.0,20000.0,44520971.0
1796,金穎生技,上櫃,0.0,0.0,0.0,2000.0,41459793.0
1799,易威,上櫃,0.0,0.0,0.0,-13191.0,248775894.0
1813,寶利徠,上櫃,0.0,0.0,0.0,-1000.0,46635510.0
1815,富喬,上櫃,0.0,0.0,0.0,-1031332.0,585459487.0
2061,風青,上櫃,0.0,0.0,0.0,-364.0,57378052.0
2063,世鎧,上櫃,0.0,0.0,0.0,1000.0,48101453.0
2064,晉椿,上櫃,0.0,0.0,0.0,-5639.0,69330000.0
2065,世豐,上櫃,0.0,0.0,0.0,7000.0,63516707.0
2066,世德,上櫃,0.0,0.0,0.0,8000.0,44449527.0
2070,精湛,上櫃,0.0,0.0,0.0,28012.0,41782800.0
2221,大甲,上櫃,0.0,0.0,0.0,-141001.0,42325000.0
2230,泰茂,上櫃,0.0,0.0,0.0,-58137.0,68029605.0
2235,謚源,上櫃,0.0,0.0,0.0,-1000.0,35878000.0
2596,綠意,上櫃,0.0,0.0,0.0,1000.0,100000000.0
2640,大車隊,上櫃,0.0,0.0,0.0,4817.0,59264956.0
2641,正德,上櫃,0.0,0.0,0.0,426208.0,330333744.0
2643,捷迅,上櫃,0.0,0.0,0.0,17000.0,35000000.0
2718,全心投控,上櫃,0.0,0.0,0.0,6000.0,87576000.0
2719,燦星旅,上櫃,0.0,0.0,0.0,4000.0,69182500.0
2724,藝舍-KY,上櫃,0.0,0.0,0.0,753.0,59656345.0
2729,瓦城,上櫃,0.0,0.0,0.0,1000.0,43040783.0
2732,六角,上櫃,0.0,0.0,0.0,2000.0,46518570.0
2734,易飛網,上櫃,0.0,0.0,0.0,3000.0,57259760.0
2736,富野,上櫃,0.0,0.0,0.0,15000.0,79972230.0
2743,山富,上櫃,0.0,0.0,0.0,40094.0,46815210.0
2745,五福,上櫃,0.0,0.0,0.0,-15005.0,33808526.0
2751,王座,上櫃,0.0,0.0,0.0,0.0,19811250.0
2752,豆府,上櫃,0.0,0.0,0.0,-1000.0,26693861.0
2754,亞洲藏壽司,上櫃,0.0,0.0,0.0,0.0,46907000.0
2755,揚秦,上櫃,0.0,0.0,0.0,-28266.0,46792491.0
2756,聯發國際,上櫃,0.0,0.0,0.0,-7000.0,24597584.0
2916,滿心,上櫃,0.0,0.0,0.0,-6000.0,64626878.0
2926,誠品生活,上櫃,0.0,0.0,0.0,2000.0,47389650.0
2947,振宇五金,上櫃,0.0,0.0,0.0,-2000.0,23642366.0
3066,李洲,上櫃,0.0,0.0,0.0,-41000.0,83070612.0
3071,協禧,上櫃,0.0,0.0,0.0,18710.0,110000000.0
3073,天方能源,上櫃,0.0,0.0,0.0,54000.0,39511028.0
3078,僑威,上櫃,0.0,0.0,0.0,237843.0,227391064.0
3081,聯亞,上櫃,0.0,0.0,0.0,-211371.0,101869004.0
3083,網龍,上櫃,0.0,0.0,0.0,14997.0,86486858.0
3086,華義*,上櫃,0.0,0.0,0.0,-12001.0,272710510.0
3088,艾訊,上櫃,0.0,0.0,0.0,192177.0,113011197.0
3093,港建*,上櫃,0.0,0.0,0.0,-148641.0,145155576.0
3105,穩懋,上櫃,0.0,0.0,0.0,1499680.0,423940384.0
3114,好德,上櫃,0.0,0.0,0.0,-118484.0,67722584.0
3115,富榮綱,上櫃,0.0,0.0,0.0,-2000.0,72197615.0
3118,進階,上櫃,0.0,0.0,0.0,9999.0,32452860.0
3122,笙泉,上櫃,0.0,0.0,0.0,15038.0,40771918.0
3128,昇銳,上櫃,0.0,0.0,0.0,21497.0,50156538.0
3131,弘塑,上櫃,0.0,0.0,0.0,-44204.0,29258927.0
3141,晶宏,上櫃,0.0,0.0,0.0,37735.0,75460728.0
3147,大綜,上櫃,0.0,0.0,0.0,232690.0,43686831.0
3152,璟德,上櫃,0.0,0.0,0.0,5110.0,39016200.0
3158,嘉實,上櫃,0.0,0.0,0.0,-1000.0,30665925.0
3162,精確,上櫃,0.0,0.0,0.0,18218.0,154153162.0
3163,波若威,上櫃,0.0,0.0,0.0,171244.0,94635370.0
3169,亞信,上櫃,0.0,0.0,0.0,97010.0,63306981.0
3171,炎洲流通,上櫃,0.0,0.0,0.0,-1000.0,33118158.0
3176,基亞,上櫃,0.0,0.0,0.0,-71000.0,139306755.0
3178,公準,上櫃,0.0,0.0,0.0,-9296.0,45050000.0
3188,鑫龍騰,上櫃,0.0,0.0,0.0,50999.0,189087767.0
3191,雲嘉南,上櫃,0.0,0.0,0.0,-1000.0,43597381.0
3205,佰研,上櫃,0.0,0.0,0.0,35258.0,67545631.0
3206,志豐,上櫃,0.0,0.0,0.0,-6000.0,58916621.0
3207,耀勝,上櫃,0.0,0.0,0.0,-17709.0,66422124.0
3211,順達,上櫃,0.0,0.0,0.0,-1010312.0,154387021.0
3213,茂訊,上櫃,0.0,0.0,0.0,232664.0,58685547.0
3217,優群,上櫃,0.0,0.0,0.0,109725.0,90104203.0
3218,大學光,上櫃,0.0,0.0,0.0,116227.0,84724899.0
3219,倚強科,上櫃,0.0,0.0,0.0,15909.0,71780880.0
3221,台嘉碩,上櫃,0.0,0.0,0.0,-202141.0,104989210.0
3224,三顧,上櫃,0.0,0.0,0.0,9000.0,78172648.0
3227,原相,上櫃,0.0,0.0,0.0,432255.0,151912842.0
3228,金麗科,上櫃,0.0,0.0,0.0,5611.0,71937495.0
3230,錦明,上櫃,0.0,0.0,0.0,-463970.0,86010900.0
3232,昱捷,上櫃,0.0,0.0,0.0,2000.0,46567865.0
3234,光環,上櫃,0.0,0.0,0.0,-251995.0,111474692.0
3236,千如,上櫃,0.0,0.0,0.0,-573132.0,105000613.0
3259,鑫創,上櫃,0.0,0.0,0.0,90.0,72965934.0
3260,威剛,上櫃,0.0,0.0,0.0,329273.0,336463418.0
3264,欣銓,上櫃,0.0,0.0,0.0,266816.0,490170076.0
3265,台星科,上櫃,0.0,0.0,0.0,148246.0,136261659.0
3268,海德威,上櫃,0.0,0.0,0.0,-21000.0,34720796.0
3272,東碩,上櫃,0.0,0.0,0.0,4000.0,61176789.0
3276,宇環,上櫃,0.0,0.0,0.0,265467.0,69712666.0
3284,太普高,上櫃,0.0,0.0,0.0,-94090.0,108482473.0
3285,微端,上櫃,0.0,0.0,0.0,6000.0,42735324.0
3287,廣寰科,上櫃,0.0,0.0,0.0,11000.0,43970483.0
3288,點晶,上櫃,0.0,0.0,0.0,5900.0,16380000.0
3289,宜特,上櫃,0.0,0.0,0.0,-28817.0,86746371.0
3290,東浦,上櫃,0.0,0.0,0.0,-112061.0,90215034.0
3293,鈊象,上櫃,0.0,0.0,0.0,410612.0,281801560.0
3294,英濟,上櫃,0.0,0.0,0.0,23144.0,132015919.0
3297,杭特,上櫃,0.0,0.0,0.0,-33298.0,36049445.0
3303,岱稜,上櫃,0.0,0.0,0.0,-94290.0,94790607.0
3306,鼎天,上櫃,0.0,0.0,0.0,49054.0,50607702.0
3310,佳穎,上櫃,0.0,0.0,0.0,0.0,74948402.0
3313,斐成,上櫃,0.0,0.0,0.0,14000.0,221133831.0
3317,尼克森,上櫃,0.0,0.0,0.0,-530782.0,90000000.0
3322,建舜電,上櫃,0.0,0.0,0.0,65901.0,137582157.0
3323,加百裕,上櫃,0.0,0.0,0.0,32737.0,99593385.0
3324,雙鴻,上櫃,0.0,0.0,0.0,461431.0,93076837.0
3325,旭品,上櫃,0.0,0.0,0.0,30168.0,110168610.0
3332,幸康,上櫃,0.0,0.0,0.0,1000.0,48104246.0
3339,泰谷,上櫃,0.0,0.0,0.0,-62234.0,66568300.0
3349,寶德,上櫃,0.0,0.0,0.0,-14000.0,47821648.0
3354,律勝,上櫃,0.0,0.0,0.0,-35000.0,70112426.0
3357,臺慶科,上櫃,0.0,0.0,0.0,-627378.0,116385739.0
3360,尚立,上櫃,0.0,0.0,0.0,-84400.0,76402244.0
3362,先進光,上櫃,0.0,0.0,0.0,-274426.0,147445475.0
3363,上詮,上櫃,0.0,0.0,0.0,32487.0,113640567.0
3372,典範,上櫃,0.0,0.0,0.0,-117063.0,235324000.0
3373,熱映,上櫃,0.0,0.0,0.0,-1000.0,47618782.0
3374,精材,上櫃,0.0,0.0,0.0,-2061144.0,271364316.0
3379,彬台,上櫃,0.0,0.0,0.0,-7994.0,38041748.0
3388,崇越電,上櫃,0.0,0.0,0.0,11174.0,81599825.0
3390,旭軟,上櫃,0.0,0.0,0.0,18000.0,79329659.0
3402,漢科,上櫃,0.0,0.0,0.0,-146975.0,73047692.0
3430,奇鈦科,上櫃,0.0,0.0,0.0,7857.0,33716085.0
3434,哲固,上櫃,0.0,0.0,0.0,52000.0,35754740.0
3438,類比科,上櫃,0.0,0.0,0.0,-18633.0,47165815.0
3441,聯一光,上櫃,0.0,0.0,0.0,-654070.0,40039920.0
3444,利機,上櫃,0.0,0.0,0.0,38574.0,44996877.0
3455,由田,上櫃,0.0,0.0,0.0,-226109.0,59850750.0
3465,進泰電子,上櫃,0.0,0.0,0.0,15000.0,42329862.0
3466,德晉,上櫃,0.0,0.0,0.0,6267.0,77892073.0
3467,台灣精材,上櫃,0.0,0.0,0.0,-11000.0,31556569.0
3479,安勤,上櫃,0.0,0.0,0.0,831243.0,72630164.0
3483,力致,上櫃,0.0,0.0,0.0,28928.0,99049257.0
3484,崧騰,上櫃,0.0,0.0,0.0,-24055.0,78828189.0
3485,敘豐,上櫃,0.0,0.0,0.0,-33284.0,38500850.0
3489,森寶,上櫃,0.0,0.0,0.0,-41000.0,90452155.0
3490,單井,上櫃,0.0,0.0,0.0,-73001.0,55006435.0
3491,昇達科,上櫃,0.0,0.0,0.0,-86721.0,68805125.0
3492,長盛,上櫃,0.0,0.0,0.0,-2000.0,35531600.0
3498,陽程,上櫃,0.0,0.0,0.0,-75294.0,61273008.0
3499,環天科,上櫃,0.0,0.0,0.0,-10018.0,54970596.0
3508,位速,上櫃,0.0,0.0,0.0,-19000.0,108866737.0
3511,矽瑪,上櫃,0.0,0.0,0.0,-70001.0,79972945.0
3512,皇龍,上櫃,0.0,0.0,0.0,-5113.0,113072372.0
3516,亞帝歐,上櫃,0.0,0.0,0.0,10000.0,59560874.0
3520,華盈,上櫃,0.0,0.0,0.0,105999.0,83846778.0
3521,台鋼建設,上櫃,0.0,0.0,0.0,-7798.0,185765552.0
3522,御嵿,上櫃,0.0,0.0,0.0,-8000.0,104096209.0
3523,迎輝,上櫃,0.0,0.0,0.0,-1000.0,64257868.0
3526,凡甲,上櫃,0.0,0.0,0.0,-61734.0,66839477.0
3527,聚積,上櫃,0.0,0.0,0.0,-70010.0,44445125.0
3529,力旺,上櫃,0.0,0.0,0.0,27182.0,74686492.0
3537,堡達,上櫃,0.0,0.0,0.0,-88882.0,56242979.0
3540,曜越,上櫃,0.0,0.0,0.0,25950.0,84458548.0
3541,西柏,上櫃,0.0,0.0,0.0,5000.0,56349142.0
3546,宇峻,上櫃,0.0,0.0,0.0,66158.0,61348690.0
3548,兆利,上櫃,0.0,0.0,0.0,53543.0,68244175.0
3551,世禾,上櫃,0.0,0.0,0.0,-117203.0,62274890.0
3552,同致,上櫃,0.0,0.0,0.0,11000.0,97918334.0
3555,博士旺,上櫃,0.0,0.0,0.0,6151.0,39998797.0
3556,禾瑞亞,上櫃,0.0,0.0,0.0,143584.0,63702844.0
3558,神準,上櫃,0.0,0.0,0.0,22943.0,59060881.0
3564,其陽,上櫃,0.0,0.0,0.0,-40000.0,59123100.0
3567,逸昌,上櫃,0.0,0.0,0.0,19001.0,33954000.0
3570,大塚,上櫃,0.0,0.0,0.0,7880.0,17097000.0
3577,泓格,上櫃,0.0,0.0,0.0,-408208.0,63965653.0
3580,友威科,上櫃,0.0,0.0,0.0,37041.0,39470657.0
3581,博磊,上櫃,0.0,0.0,0.0,12211.0,51006000.0
3587,閎康,上櫃,0.0,0.0,0.0,6068.0,69369988.0
3594,磐儀,上櫃,0.0,0.0,0.0,117187.0,95948358.0
3597,映興,上櫃,0.0,0.0,0.0,4000.0,39236440.0
3609,三一東林,上櫃,0.0,0.0,0.0,-7577.0,38419387.0
3611,鼎翰,上櫃,0.0,0.0,0.0,9065.0,47554634.0
3615,安可,上櫃,0.0,0.0,0.0,-60741.0,68466976.0
3623,富晶通,上櫃,0.0,0.0,0.0,3000.0,29185946.0
3624,光頡,上櫃,0.0,0.0,0.0,433093.0,117340842.0
3625,西勝,上櫃,0.0,0.0,0.0,-58211.0,58100000.0
3628,盈正,上櫃,0.0,0.0,0.0,15305.0,45000000.0
3630,新鉅科,上櫃,0.0,0.0,0.0,-5757.0,204191848.0
3631,晟楠,上櫃,0.0,0.0,0.0,1000.0,81820909.0
3646,艾恩特,上櫃,0.0,0.0,0.0,16000.0,39297371.0
3663,鑫科,上櫃,0.0,0.0,0.0,-18102.0,108494074.0
3666,光耀,上櫃,0.0,0.0,0.0,-3000.0,138949850.0
3672,康聯訊,上櫃,0.0,0.0,0.0,-677.0,40790375.0
3675,德微,上櫃,0.0,0.0,0.0,-191832.0,53057923.0
3680,家登,上櫃,0.0,0.0,0.0,683934.0,96211690.0
3684,榮昌,上櫃,0.0,0.0,0.0,8000.0,30304737.0
3685,元創精密,上櫃,0.0,0.0,0.0,-307975.0,79574000.0
3687,歐買尬,上櫃,0.0,0.0,0.0,111534.0,30124059.0
3689,湧德,上櫃,0.0,0.0,0.0,-27504.0,89390991.0
3691,碩禾,上櫃,0.0,0.0,0.0,-63004.0,91883420.0
3693,營邦,上櫃,0.0,0.0,0.0,30052.0,42990694.0
3707,漢磊,上櫃,0.0,0.0,0.0,-1633786.0,400484353.0
3709,鑫聯大投控,上櫃,0.0,0.0,0.0,213915.0,145569450.0
3710,連展投控,上櫃,0.0,0.0,0.0,-20000.0,177086787.0
3713,新晶投控,上櫃,0.0,0.0,0.0,-4099.0,88099380.0
4102,永日,上櫃,0.0,0.0,0.0,8076.0,42373443.0
4105,東洋,上櫃,0.0,0.0,0.0,-2203325.0,248649959.0
4107,邦特,上櫃,0.0,0.0,0.0,3555.0,69298336.0
4109,加捷生醫,上櫃,0.0,0.0,0.0,-14000.0,118736681.0
4111,濟生,上櫃,0.0,0.0,0.0,4000.0,59832135.0
4113,聯上,上櫃,0.0,0.0,0.0,30000.0,231138137.0
4114,健喬,上櫃,0.0,0.0,0.0,-597031.0,550429688.0
4116,明基醫,上櫃,0.0,0.0,0.0,127.0,44566000.0
4120,友華,上櫃,0.0,0.0,0.0,2315.0,86747119.0
4121,優盛,上櫃,0.0,0.0,0.0,7972.0,83111045.0
4123,晟德,上櫃,0.0,0.0,0.0,-244521.0,807456341.0
4126,太醫,上櫃,0.0,0.0,0.0,-24000.0,72600000.0
4127,天良,上櫃,0.0,0.0,0.0,-51375.0,45760000.0
4128,中天,上櫃,0.0,0.0,0.0,-108349.0,588170597.0
4129,聯合,上櫃,0.0,0.0,0.0,-73186.0,96437650.0
4130,健亞,上櫃,0.0,0.0,0.0,-150498.0,0.0
4138,曜亞,上櫃,0.0,0.0,0.0,0.0,39930000.0
4139,馬光-KY,上櫃,0.0,0.0,0.0,-3000.0,45009911.0
4147,中裕,上櫃,0.0,0.0,0.0,-199990.0,273202425.0
4153,鈺緯,上櫃,0.0,0.0,0.0,3000.0,58668197.0
4157,太景*-KY,上櫃,0.0,0.0,0.0,-70146.0,711833575.0
4160,訊聯基因,上櫃,0.0,0.0,0.0,-6000.0,26690334.0
4161,聿新科,上櫃,0.0,0.0,0.0,6000.0,59798204.0
4162,智擎,上櫃,0.0,0.0,0.0,59084.0,143677640.0
4163,鐿鈦,上櫃,0.0,0.0,0.0,5662.0,50675143.0
4166,友霖,上櫃,0.0,0.0,0.0,-3000.0,243035089.0
4167,松瑞藥,上櫃,0.0,0.0,0.0,127647.0,331554307.0
4168,醣聯,上櫃,0.0,0.0,0.0,8834.0,112521318.0
4171,瑞基,上櫃,0.0,0.0,0.0,-24174.0,58057469.0
4173,久裕,上櫃,0.0,0.0,0.0,15000.0,74574355.0
4174,浩鼎,上櫃,0.0,0.0,0.0,-52000.0,131579687.0
4175,杏一,上櫃,0.0,0.0,0.0,1000.0,42323307.0
4198,欣大健康,上櫃,0.0,0.0,0.0,-4000.0,24108000.0
4205,中華食,上櫃,0.0,0.0,0.0,1000.0,97649228.0
4207,環泰,上櫃,0.0,0.0,0.0,66576.0,188611108.0
4303,信立,上櫃,0.0,0.0,0.0,205239.0,132447444.0
4304,勝昱,上櫃,0.0,0.0,0.0,-9000.0,61038065.0
4305,世坤,上櫃,0.0,0.0,0.0,1000.0,55014000.0
4401,東隆興,上櫃,0.0,0.0,0.0,90.0,122692012.0
4402,郡都開發,上櫃,0.0,0.0,0.0,2000.0,67991830.0
4406,新昕纖,上櫃,0.0,0.0,0.0,-2000.0,51912000.0
4413,飛寶企業,上櫃,0.0,0.0,0.0,-1388.0,31314689.0
4416,三圓,上櫃,0.0,0.0,0.0,-5000.0,73586213.0
4417,金洲,上櫃,0.0,0.0,0.0,16340.0,83971399.0
4420,光明,上櫃,0.0,0.0,0.0,7000.0,40455000.0
4430,耀億,上櫃,0.0,0.0,0.0,1000.0,56273609.0
4432,銘旺實,上櫃,0.0,0.0,0.0,2225.0,50589000.0
4433,興采,上櫃,0.0,0.0,0.0,-1000.0,61299774.0
4442,竣邦-KY,上櫃,0.0,0.0,0.0,-3000.0,32883649.0
4502,健信,上櫃,0.0,0.0,0.0,2000.0,57469686.0
4503,金雨,上櫃,0.0,0.0,0.0,2719.0,78313326.0
4506,崇友,上櫃,0.0,0.0,0.0,106274.0,177012000.0
4510,高鋒,上櫃,0.0,0.0,0.0,58264.0,108977724.0
4513,福裕,上櫃,0.0,0.0,0.0,200747.0,143761921.0
4523,永彰,上櫃,0.0,0.0,0.0,21999.0,64949000.0
4527,方土霖,上櫃,0.0,0.0,0.0,0.0,68537133.0
4528,江興鍛,上櫃,0.0,0.0,0.0,3995.0,84165695.0
4530,宏易,上櫃,0.0,0.0,0.0,-2000.0,35794959.0
4533,協易機,上櫃,0.0,0.0,0.0,50000.0,178434110.0
4534,慶騰,上櫃,0.0,0.0,0.0,-406292.0,86788948.0
4535,至興,上櫃,0.0,0.0,0.0,1000.0,75661740.0
4538,大詠城,上櫃,0.0,0.0,0.0,0.0,59469604.0
4541,晟田,上櫃,0.0,0.0,0.0,1148064.0,67647068.0
4542,科嶠,上櫃,0.0,0.0,0.0,58000.0,35254258.0
4543,萬在,上櫃,0.0,0.0,0.0,34005.0,62760915.0
4549,桓達,上櫃,0.0,0.0,0.0,22859.0,57002445.0
4550,長佳,上櫃,0.0,0.0,0.0,-3249.0,37838783.0
4554,橙的,上櫃,0.0,0.0,0.0,11090.0,30276584.0
4556,旭然,上櫃,0.0,0.0,0.0,90000.0,42302840.0
4558,寶緯,上櫃,0.0,0.0,0.0,9000.0,50000000.0
4561,健椿,上櫃,0.0,0.0,0.0,31160.0,58521619.0
4563,百德,上櫃,0.0,0.0,0.0,30000.0,54950000.0
4568,科際精密,上櫃,0.0,0.0,0.0,1000.0,32045125.0
4577,達航科技,上櫃,0.0,0.0,0.0,-30250.0,49137998.0
4580,捷流閥業,上櫃,0.0,0.0,0.0,0.0,46803109.0
4702,中美實,上櫃,0.0,0.0,0.0,-4027.0,72333200.0
4706,大恭,上櫃,0.0,0.0,0.0,1000.0,79030093.0
4707,磐亞,上櫃,0.0,0.0,0.0,164744.0,413808151.0
4711,永純,上櫃,0.0,0.0,0.0,38000.0,61056000.0
4714,永捷,上櫃,0.0,0.0,0.0,18026.0,221838188.0
4716,大立,上櫃,0.0,0.0,0.0,-206516.0,94427191.0
4721,美琪瑪,上櫃,0.0,0.0,0.0,-18926.0,74986304.0
4726,永昕,上櫃,0.0,0.0,0.0,7723.0,207041800.0
4728,雙美,上櫃,0.0,0.0,0.0,1000.0,54463000.0
4729,熒茂,上櫃,0.0,0.0,0.0,22000.0,79226741.0
4741,泓瀚,上櫃,0.0,0.0,0.0,-34546.0,34812079.0
4743,合一,上櫃,0.0,0.0,0.0,-829292.0,480533486.0
4744,皇將,上櫃,0.0,0.0,0.0,-23000.0,56948450.0
4745,合富-KY,上櫃,0.0,0.0,0.0,-233.0,66220547.0
4749,新應材,上櫃,0.0,0.0,0.0,9847.0,94732865.0
4754,國碳科,上櫃,0.0,0.0,0.0,13000.0,30283215.0
4760,勤凱,上櫃,0.0,0.0,0.0,37895.0,32778289.0
4767,誠泰科技,上櫃,0.0,0.0,0.0,2000.0,31415000.0
4768,晶呈科技,上櫃,0.0,0.0,0.0,-39387.0,48200288.0
4772,台特化,上櫃,0.0,0.0,0.0,75153.0,147681552.0
4806,桂田文創,上櫃,0.0,0.0,0.0,-1.0,69924107.0
4903,聯光通,上櫃,0.0,0.0,0.0,14000.0,105343714.0
4905,台聯電,上櫃,0.0,0.0,0.0,-5000.0,29260044.0
4907,富宇,上櫃,0.0,0.0,0.0,1000.0,118145778.0
4908,前鼎,上櫃,0.0,0.0,0.0,-74554.0,78216907.0
4909,新復興,上櫃,0.0,0.0,0.0,36976.0,93356864.0
4911,德英,上櫃,0.0,0.0,0.0,14000.0,68817133.0
4923,力士,上櫃,0.0,0.0,0.0,-132930.0,36940360.0
4924,欣厚-KY,上櫃,0.0,0.0,0.0,-5000.0,37164409.0
4931,新盛力,上櫃,0.0,0.0,0.0,-335597.0,65565761.0
4933,友輝,上櫃,0.0,0.0,0.0,-20000.0,82662675.0
4939,亞電,上櫃,0.0,0.0,0.0,-689392.0,98200868.0
4946,辣椒,上櫃,0.0,0.0,0.0,6900.0,8852816.0
4951,精拓科,上櫃,0.0,0.0,0.0,-46308.0,34148713.0
4953,緯軟,上櫃,0.0,0.0,0.0,113248.0,74326386.0
4966,譜瑞-KY,上櫃,0.0,0.0,0.0,36642.0,78957788.0
4971,IET-KY,上櫃,0.0,0.0,0.0,-5487.0,47185743.0
4973,廣穎,上櫃,0.0,0.0,0.0,-152312.0,65292843.0
4974,亞泰,上櫃,0.0,0.0,0.0,56891.0,72500104.0
4979,華星光,上櫃,0.0,0.0,0.0,-266173.0,142802027.0
4991,環宇-KY,上櫃,0.0,0.0,0.0,-655130.0,121363372.0
4995,晶達,上櫃,0.0,0.0,0.0,1000.0,42592036.0
5009,榮剛,上櫃,0.0,0.0,0.0,211241.0,602471197.0
5011,久陽,上櫃,0.0,0.0,0.0,-162000.0,100673922.0
5013,強新,上櫃,0.0,0.0,0.0,-1000.0,133416000.0
5014,建錩,上櫃,0.0,0.0,0.0,65000.0,183265054.0
5015,華祺,上櫃,0.0,0.0,0.0,-2000.0,60639189.0
5201,凱衛,上櫃,0.0,0.0,0.0,31818.0,38674600.0
5202,力新,上櫃,0.0,0.0,0.0,12999.0,89094000.0
5206,坤悅,上櫃,0.0,0.0,0.0,-4000.0,180093375.0
5209,新鼎,上櫃,0.0,0.0,0.0,5000.0,28567224.0
5210,寶碩,上櫃,0.0,0.0,0.0,48000.0,82177779.0
5211,蒙恬,上櫃,0.0,0.0,0.0,10458.0,32024727.0
5213,亞昕,上櫃,0.0,0.0,0.0,88000.0,721334326.0
5220,萬達光電,上櫃,0.0,0.0,0.0,-234.0,39667000.0
5223,安力-KY,上櫃,0.0,0.0,0.0,-5000.0,44549781.0
5227,立凱-KY,上櫃,0.0,0.0,0.0,136272.0,96000000.0
5228,鈺鎧,上櫃,0.0,0.0,0.0,-133492.0,38056253.0
5230,雷笛克光學,上櫃,0.0,0.0,0.0,19000.0,56303831.0
5245,智晶,上櫃,0.0,0.0,0.0,1000.0,45127141.0
5251,天鉞電,上櫃,0.0,0.0,0.0,-7647.0,33733377.0
5263,智崴,上櫃,0.0,0.0,0.0,-25137.0,78936891.0
5272,笙科,上櫃,0.0,0.0,0.0,-17000.0,55276118.0
5274,信驊,上櫃,0.0,0.0,0.0,-93455.0,41582953.0
5276,達輝-KY,上櫃,0.0,0.0,0.0,-1000.0,39500000.0
5278,尚凡*,上櫃,0.0,0.0,0.0,20001.0,300000000.0
5287,數字,上櫃,0.0,0.0,0.0,-410.0,60310050.0
5289,宜鼎,上櫃,0.0,0.0,0.0,-129235.0,98289931.0
5291,邑昇,上櫃,0.0,0.0,0.0,-119747.0,41890606.0
5299,杰力,上櫃,0.0,0.0,0.0,-71368.0,50888981.0
5302,太欣,上櫃,0.0,0.0,0.0,-196260.0,159888349.0
5309,系統電,上櫃,0.0,0.0,0.0,-182676.0,230967451.0
5312,寶島科,上櫃,0.0,0.0,0.0,23991.0,60059898.0
5314,世紀*,上櫃,0.0,0.0,0.0,739558.0,292000000.0
5315,光聯,上櫃,0.0,0.0,0.0,29948.0,106351832.0
5321,美而快,上櫃,0.0,0.0,0.0,-132000.0,59543149.0
5324,士開,上櫃,0.0,0.0,0.0,53760.0,226379090.0
5328,華容,上櫃,0.0,0.0,0.0,-531453.0,172710724.0
5340,建榮,上櫃,0.0,0.0,0.0,-10433.0,194893964.0
5344,立衛,上櫃,0.0,0.0,0.0,-4020.0,79447460.0
5345,馥鴻,上櫃,0.0,0.0,0.0,6228.0,37795000.0
5347,世界,上櫃,0.0,0.0,0.0,-3082886.0,1878502192.0
5351,鈺創,上櫃,0.0,0.0,0.0,-3681937.0,328636781.0
5353,台林,上櫃,0.0,0.0,0.0,11000.0,76500000.0
5356,協益,上櫃,0.0,0.0,0.0,-8532.0,103040000.0
5364,力麗店,上櫃,0.0,0.0,0.0,24000.0,63849940.0
5371,中光電,上櫃,0.0,0.0,0.0,940113.0,0.0
5381,光譜,上櫃,0.0,0.0,0.0,-206141.0,207690562.0
5386,青雲,上櫃,0.0,0.0,0.0,-121915.0,54121322.0
5392,能率,上櫃,0.0,0.0,0.0,49131.0,180093388.0
5398,慕康生醫,上櫃,0.0,0.0,0.0,4163.0,49465460.0
5403,中菲,上櫃,0.0,0.0,0.0,43117.0,78120722.0
5410,國眾,上櫃,0.0,0.0,0.0,88149.0,93368623.0
5425,台半,上櫃,0.0,0.0,0.0,-2299728.0,263485486.0
5426,振發,上櫃,0.0,0.0,0.0,-54785.0,143800000.0
5432,新門,上櫃,0.0,0.0,0.0,-3003.0,20687804.0
5438,東友,上櫃,0.0,0.0,0.0,2000.0,112536565.0
5439,高技,上櫃,0.0,0.0,0.0,-152431.0,92975752.0
5443,均豪,上櫃,0.0,0.0,0.0,-175617.0,164746644.0
5450,南良,上櫃,0.0,0.0,0.0,79603.0,122403239.0
5452,佶優,上櫃,0.0,0.0,0.0,-47260.0,148763669.0
5455,昇益,上櫃,0.0,0.0,0.0,1.0,65501813.0
5457,宣德,上櫃,0.0,0.0,0.0,-18844.0,196237000.0
5460,同協,上櫃,0.0,0.0,0.0,1000.0,58778130.0
5464,霖宏,上櫃,0.0,0.0,0.0,-131000.0,71071490.0
5465,富驊,上櫃,0.0,0.0,0.0,6000.0,147682629.0
5468,凱鈺,上櫃,0.0,0.0,0.0,-72888.0,58922909.0
5474,聰泰,上櫃,0.0,0.0,0.0,45559.0,39756944.0
5475,德宏,上櫃,0.0,0.0,0.0,244956.0,127127017.0
5478,智冠,上櫃,0.0,0.0,0.0,12000.0,156074332.0
5481,新華,上櫃,0.0,0.0,0.0,-27000.0,71402891.0
5483,中美晶,上櫃,0.0,0.0,0.0,-1328963.0,641221651.0
5487,通泰,上櫃,0.0,0.0,0.0,5000.0,24222516.0
5488,松普,上櫃,0.0,0.0,0.0,45999.0,91586124.0
5489,彩富,上櫃,0.0,0.0,0.0,-33000.0,102706441.0
5490,同亨,上櫃,0.0,0.0,0.0,330540.0,96152201.0
5493,三聯,上櫃,0.0,0.0,0.0,2576.0,43689255.0
5498,凱崴,上櫃,0.0,0.0,0.0,-84196.0,193548545.0
5508,永信建,上櫃,0.0,0.0,0.0,-37904.0,217428133.0
5511,德昌,上櫃,0.0,0.0,0.0,117188.0,136000000.0
5512,力麒,上櫃,0.0,0.0,0.0,168556.0,766312494.0
5514,三豐,上櫃,0.0,0.0,0.0,0.0,236118280.0
5516,雙喜,上櫃,0.0,0.0,0.0,237.0,51545223.0
5529,鉅陞,上櫃,0.0,0.0,0.0,11000.0,105769350.0
5530,龍巖,上櫃,0.0,0.0,0.0,78000.0,420084199.0
5536,聖暉*,上櫃,0.0,0.0,0.0,27378.0,124080930.0
5547,久舜,上櫃,0.0,0.0,0.0,-3000.0,51000000.0
5548,安倉,上櫃,0.0,0.0,0.0,-19614.0,63723065.0
5601,台聯櫃,上櫃,0.0,0.0,0.0,3000.0,64800000.0
5603,陸海,上櫃,0.0,0.0,0.0,-1129.0,104876607.0
5604,中連,上櫃,0.0,0.0,0.0,-6000.0,108782968.0
5609,中菲行,上櫃,0.0,0.0,0.0,220649.0,142884000.0
5701,劍湖山,上櫃,0.0,0.0,0.0,2000.0,143000000.0
5704,老爺知,上櫃,0.0,0.0,0.0,1000.0,58861658.0
5864,致和證,上櫃,0.0,0.0,0.0,-747880.0,504490084.0
5903,全家,上櫃,0.0,0.0,0.0,3780.0,223220000.0
5904,寶雅,上櫃,0.0,0.0,0.0,124778.0,1064438260.0
5905,南仁湖,上櫃,0.0,0.0,0.0,-68440.0,281623235.0
6015,宏遠證,上櫃,0.0,0.0,0.0,26015.0,403614082.0
6016,康和證,上櫃,0.0,0.0,0.0,-333000.0,772419946.0
6020,大展證,上櫃,0.0,0.0,0.0,9000.0,252353154.0
6021,美好證,上櫃,0.0,0.0,0.0,-7000.0,312005974.0
6023,元大期,上櫃,0.0,0.0,0.0,98000.0,447972732.0
6026,福邦證,上櫃,0.0,0.0,0.0,200102.0,396161841.0
6101,寬魚國際,上櫃,0.0,0.0,0.0,-2023.0,116601850.0
6104,創惟,上櫃,0.0,0.0,0.0,225066.0,91127107.0
6109,亞元,上櫃,0.0,0.0,0.0,-16002.0,87825414.0
6111,光聚晶電,上櫃,0.0,0.0,0.0,51001.0,108511051.0
6113,亞矽,上櫃,0.0,0.0,0.0,7027.0,52549455.0
6114,久威,上櫃,0.0,0.0,0.0,-2000.0,43911937.0
6118,建達,上櫃,0.0,0.0,0.0,24000.0,90889573.0
6121,新普,上櫃,0.0,0.0,0.0,170299.0,184970519.0
6122,擎邦,上櫃,0.0,0.0,0.0,-58812.0,78091632.0
6123,上奇,上櫃,0.0,0.0,0.0,-2000.0,62089430.0
6124,業強,上櫃,0.0,0.0,0.0,-1081.0,182479945.0
6125,廣運,上櫃,0.0,0.0,0.0,-73846.0,259011150.0
6126,信音,上櫃,0.0,0.0,0.0,21679.0,130050754.0
6127,九豪,上櫃,0.0,0.0,0.0,-736176.0,108079751.0
6129,普誠,上櫃,0.0,0.0,0.0,-248281.0,160574120.0
6130,上亞科技,上櫃,0.0,0.0,0.0,-83000.0,49300000.0
6134,萬旭,上櫃,0.0,0.0,0.0,-53207.0,81882117.0
6138,茂達,上櫃,0.0,0.0,0.0,-521781.0,75633500.0
6140,訊達,上櫃,0.0,0.0,0.0,-8598.0,54897760.0
6143,振曜,上櫃,0.0,0.0,0.0,5779.0,86058897.0
6144,得利影,上櫃,0.0,0.0,0.0,-72.0,38273701.0
6146,耕興,上櫃,0.0,0.0,0.0,76426.0,101867199.0
6147,頎邦,上櫃,0.0,0.0,0.0,144333.0,744577539.0
6148,驊宏資,上櫃,0.0,0.0,0.0,21520.0,46603757.0
6150,撼訊,上櫃,0.0,0.0,0.0,42330.0,48345985.0
6151,晉倫,上櫃,0.0,0.0,0.0,-3050.0,55257300.0
6154,順發,上櫃,0.0,0.0,0.0,39000.0,80080000.0
6156,松上,上櫃,0.0,0.0,0.0,-89764.0,107875010.0
6158,禾昌,上櫃,0.0,0.0,0.0,-9000.0,55028788.0
6160,欣技,上櫃,0.0,0.0,0.0,-11908.0,68489120.0
6161,捷波,上櫃,0.0,0.0,0.0,20000.0,56237477.0
6163,華電網,上櫃,0.0,0.0,0.0,54321.0,148838747.0
6167,久正,上櫃,0.0,0.0,0.0,-29000.0,143080000.0
6169,昱泉,上櫃,0.0,0.0,0.0,-2006.0,23394960.0
6170,統振,上櫃,0.0,0.0,0.0,-1999.0,97260038.0
6171,大城地產,上櫃,0.0,0.0,0.0,-1000.0,100000000.0
6173,信昌電,上櫃,0.0,0.0,0.0,-896148.0,160928000.0
6174,安碁,上櫃,0.0,0.0,0.0,-42000.0,50000000.0
6175,立敦,上櫃,0.0,0.0,0.0,-1178760.0,150121812.0
6179,亞通,上櫃,0.0,0.0,0.0,-63873.0,177324650.0
6180,橘子,上櫃,0.0,0.0,0.0,48928.0,175493573.0
6182,合晶,上櫃,0.0,0.0,0.0,-7637229.0,625305662.0
6185,幃翔,上櫃,0.0,0.0,0.0,5680.0,149867531.0
6186,新潤,上櫃,0.0,0.0,0.0,236285.0,194907598.0
6187,萬潤,上櫃,0.0,0.0,0.0,106234.0,98262739.0
6188,廣明,上櫃,0.0,0.0,0.0,246147.0,278358910.0
6190,萬泰科,上櫃,0.0,0.0,0.0,-562217.0,186522441.0
6194,育富,上櫃,0.0,0.0,0.0,-4000.0,48000000.0
6195,詩肯,上櫃,0.0,0.0,0.0,0.0,50192942.0
6199,天品,上櫃,0.0,0.0,0.0,82539.0,61760018.0
6203,海韻電,上櫃,0.0,0.0,0.0,34196.0,82401370.0
6204,艾華,上櫃,0.0,0.0,0.0,-45052.0,23102080.0
6207,雷科,上櫃,0.0,0.0,0.0,-622222.0,93066484.0
6208,日揚,上櫃,0.0,0.0,0.0,-116447.0,94462343.0
6217,中探針,上櫃,0.0,0.0,0.0,91209.0,117210018.0
6218,豪勉,上櫃,0.0,0.0,0.0,-43497.0,64262000.0
6219,富旺,上櫃,0.0,0.0,0.0,220006.0,124967090.0
6220,岳豐,上櫃,0.0,0.0,0.0,-196145.0,146462640.0
6221,晉泰,上櫃,0.0,0.0,0.0,44978.0,168601206.0
6223,旺矽,上櫃,0.0,0.0,0.0,-309844.0,97981309.0
6227,茂綸,上櫃,0.0,0.0,0.0,27876.0,76111786.0
6228,全譜,上櫃,0.0,0.0,0.0,-1000.0,29000000.0
6229,研通,上櫃,0.0,0.0,0.0,10000.0,40360700.0
6231,系微,上櫃,0.0,0.0,0.0,38443.0,45652186.0
6233,旺玖,上櫃,0.0,0.0,0.0,38967.0,80971896.0
6234,高僑,上櫃,0.0,0.0,0.0,-94882.0,100386398.0
6237,驊訊,上櫃,0.0,0.0,0.0,-36143.0,79645371.0
6240,松崗,上櫃,0.0,0.0,0.0,5414.0,22867370.0
6241,鑫永洋,上櫃,0.0,0.0,0.0,79999.0,45533670.0
6242,立康,上櫃,0.0,0.0,0.0,-1000.0,31806500.0
6244,茂迪,上櫃,0.0,0.0,0.0,593854.0,387041875.0
6245,立端,上櫃,0.0,0.0,0.0,286550.0,146608303.0
6246,臺龍,上櫃,0.0,0.0,0.0,-6000.0,37851415.0
6248,沛波,上櫃,0.0,0.0,0.0,-1828.0,99956149.0
6259,百徽,上櫃,0.0,0.0,0.0,-2870.0,28056146.0
6261,久元,上櫃,0.0,0.0,0.0,-38934.0,128497989.0
6263,普萊德,上櫃,0.0,0.0,0.0,33000.0,62500964.0
6264,富裔,上櫃,0.0,0.0,0.0,-3582.0,136355291.0
6265,方土昶,上櫃,0.0,0.0,0.0,15593.0,118172151.0
6266,泰詠,上櫃,0.0,0.0,0.0,53999.0,153871641.0
6270,倍微,上櫃,0.0,0.0,0.0,-15000.0,72145759.0
6274,台燿,上櫃,0.0,0.0,0.0,-436311.0,299460093.0
6275,元山,上櫃,0.0,0.0,0.0,-85413.0,80344567.0
6276,安鈦克,上櫃,0.0,0.0,0.0,-5000.0,22043000.0
6279,胡連,上櫃,0.0,0.0,0.0,124606.0,119015736.0
6284,佳邦,上櫃,0.0,0.0,0.0,-700219.0,148980341.0
6290,良維,上櫃,0.0,0.0,0.0,-358355.0,169652410.0
6291,沛亨,上櫃,0.0,0.0,0.0,-82372.0,42000000.0
6292,迅德,上櫃,0.0,0.0,0.0,11040.0,46600712.0
6294,智基,上櫃,0.0,0.0,0.0,-3001.0,26047106.0
6411,晶焱,上櫃,0.0,0.0,0.0,-59660.0,99508031.0
6417,韋僑,上櫃,0.0,0.0,0.0,12000.0,42274000.0
6418,詠昇,上櫃,0.0,0.0,0.0,-4000.0,34522000.0
6419,京晨科,上櫃,0.0,0.0,0.0,1000.0,13159170.0
6423,億而得,上櫃,0.0,0.0,0.0,-5000.0,31016000.0
6425,易發,上櫃,0.0,0.0,0.0,18949.0,51382317.0
6432,今展科,上櫃,0.0,0.0,0.0,-99821.0,38784067.0
6435,大中,上櫃,0.0,0.0,0.0,-185926.0,37461300.0
6441,廣錠,上櫃,0.0,0.0,0.0,17000.0,53318429.0
6461,益得,上櫃,0.0,0.0,0.0,-23000.0,110324527.0
6462,神盾,上櫃,0.0,0.0,0.0,-109693.0,91250754.0
6465,威潤,上櫃,0.0,0.0,0.0,10867.0,59073685.0
6469,大樹,上櫃,0.0,0.0,0.0,102419.0,159085152.0
6470,宇智,上櫃,0.0,0.0,0.0,1000.0,37694100.0
6474,華豫寧,上櫃,0.0,0.0,0.0,-1000.0,52526199.0
6482,弘煜科,上櫃,0.0,0.0,0.0,33000.0,28634463.0
6485,點序,上櫃,0.0,0.0,0.0,76982.0,47366493.0
6486,互動,上櫃,0.0,0.0,0.0,-1489.0,50893286.0
6488,環球晶,上櫃,0.0,0.0,0.0,-1038532.0,478113725.0
6492,生華科,上櫃,0.0,0.0,0.0,40000.0,114903620.0
6494,九齊,上櫃,0.0,0.0,0.0,-16000.0,31559690.0
6498,久禾光,上櫃,0.0,0.0,0.0,42920.0,47475892.0
6499,益安,上櫃,0.0,0.0,0.0,-23259.0,96944893.0
6506,雙邦,上櫃,0.0,0.0,0.0,9000.0,82360826.0
6508,惠光,上櫃,0.0,0.0,0.0,-245.0,86538864.0
6509,聚和,上櫃,0.0,0.0,0.0,-265363.0,197080553.0
6510,精測,上櫃,0.0,0.0,0.0,39417.0,32929138.0
6512,啟發電,上櫃,0.0,0.0,0.0,-45.0,25260000.0
6516,勤崴國際,上櫃,0.0,0.0,0.0,0.0,56336935.0
6517,保勝光學,上櫃,0.0,0.0,0.0,33366.0,30579053.0
6523,達爾膚,上櫃,0.0,0.0,0.0,-2000.0,45047625.0
6527,明達醫,上櫃,0.0,0.0,0.0,-2000.0,25458550.0
6530,創威,上櫃,0.0,0.0,0.0,-20768.0,33750000.0
6532,瑞耘,上櫃,0.0,0.0,0.0,13992.0,37445147.0
6535,順藥,上櫃,0.0,0.0,0.0,80123.0,167840825.0
6538,倉和,上櫃,0.0,0.0,0.0,-257752.0,37270493.0
6542,隆中,上櫃,0.0,0.0,0.0,-1000.0,42000630.0
6546,正基,上櫃,0.0,0.0,0.0,24406.0,66848449.0
6547,高端疫苗,上櫃,0.0,0.0,0.0,-413313.0,328943644.0
6548,長科*,上櫃,0.0,0.0,0.0,-156706.0,950464700.0
6560,欣普羅,上櫃,0.0,0.0,0.0,29.0,33474715.0
6561,是方,上櫃,0.0,0.0,0.0,13424.0,77958370.0
6568,宏觀,上櫃,0.0,0.0,0.0,3372.0,30796200.0
6569,醫揚,上櫃,0.0,0.0,0.0,11130.0,42820745.0
6570,維田,上櫃,0.0,0.0,0.0,33000.0,37119170.0
6574,霈方,上櫃,0.0,0.0,0.0,-898.0,21990000.0
6576,逸達,上櫃,0.0,0.0,0.0,76009.0,157540541.0
6577,勁豐,上櫃,0.0,0.0,0.0,7000.0,60060145.0
6578,達邦蛋白,上櫃,0.0,0.0,0.0,4000.0,71941901.0
6584,南俊國際,上櫃,0.0,0.0,0.0,-53915.0,71379810.0
6588,東典光電,上櫃,0.0,0.0,0.0,-4880.0,34700825.0
6590,普鴻,上櫃,0.0,0.0,0.0,1000.0,28695603.0
6593,台灣銘板,上櫃,0.0,0.0,0.0,1000.0,31856609.0
6596,寬宏藝術,上櫃,0.0,0.0,0.0,22685.0,38000000.0
6603,富強鑫,上櫃,0.0,0.0,0.0,112105.0,167442946.0
6609,瀧澤科,上櫃,0.0,0.0,0.0,-15000.0,72456246.0
6612,奈米醫材,上櫃,0.0,0.0,0.0,-1000.0,52266043.0
6613,朋億*,上櫃,0.0,0.0,0.0,-24672.0,77801485.0
6617,共信-KY,上櫃,0.0,0.0,0.0,-9000.0,127506100.0
6620,漢達,上櫃,0.0,0.0,0.0,-100231.0,165981900.0
6624,萬年清,上櫃,0.0,0.0,0.0,-3000.0,22579482.0
6629,泰金-KY,上櫃,0.0,0.0,0.0,-1.0,38379563.0
6637,醫影,上櫃,0.0,0.0,0.0,0.0,26810000.0
6640,均華,上櫃,0.0,0.0,0.0,170.0,28911500.0
6642,富致,上櫃,0.0,0.0,0.0,-20000.0,37399662.0
6643,M31,上櫃,0.0,0.0,0.0,-84512.0,42620160.0
6649,台生材,上櫃,0.0,0.0,0.0,-4000.0,42000000.0
6651,全宇昕,上櫃,0.0,0.0,0.0,1055.0,34601541.0
6654,天正國際,上櫃,0.0,0.0,0.0,5020.0,40962720.0
6662,樂斯科,上櫃,0.0,0.0,0.0,1000.0,25612400.0
6664,群翊,上櫃,0.0,0.0,0.0,-44503.0,61151307.0
6667,信紘科,上櫃,0.0,0.0,0.0,-1686.0,49278878.0
6679,鈺太,上櫃,0.0,0.0,0.0,9970.0,54975335.0
6683,雍智科技,上櫃,0.0,0.0,0.0,-107965.0,27552661.0
6684,安格,上櫃,0.0,0.0,0.0,-6071.0,44559496.0
6690,安碁資訊,上櫃,0.0,0.0,0.0,26099.0,29999720.0
6692,進能服,上櫃,0.0,0.0,0.0,4000.0,58843890.0
6693,廣閎科,上櫃,0.0,0.0,0.0,-131448.0,45720000.0
6697,東捷資訊,上櫃,0.0,0.0,0.0,0.0,27323364.0
6703,軒郁,上櫃,0.0,0.0,0.0,-976.0,36257210.0
6708,天擎,上櫃,0.0,0.0,0.0,1000.0,29008779.0
6712,長聖,上櫃,0.0,0.0,0.0,-55873.0,100488861.0
6716,應廣,上櫃,0.0,0.0,0.0,12000.0,30241814.0
6720,久昌,上櫃,0.0,0.0,0.0,1756.0,30225741.0
6725,矽科宏晟,上櫃,0.0,0.0,0.0,-1719.0,37130000.0
6727,亞泰金屬,上櫃,0.0,0.0,0.0,-36953.0,26884177.0
6728,上洋,上櫃,0.0,0.0,0.0,12000.0,30120000.0
6730,常廣,上櫃,0.0,0.0,0.0,3000.0,36298151.0
6732,昇佳電子,上櫃,0.0,0.0,0.0,60115.0,48912618.0
6733,博晟生醫,上櫃,0.0,0.0,0.0,1982.0,134316026.0
6735,美達科技,上櫃,0.0,0.0,0.0,-4116.0,46182292.0
6739,竹陞科技,上櫃,0.0,0.0,0.0,21988.0,23392500.0
6741,91APP*-KY,上櫃,0.0,0.0,0.0,549797.0,120577997.0
6751,智聯服務,上櫃,0.0,0.0,0.0,4000.0,22200000.0
6752,叡揚,上櫃,0.0,0.0,0.0,2000.0,38258471.0
6761,穩得,上櫃,0.0,0.0,0.0,-52447.0,34955867.0
6762,達亞,上櫃,0.0,0.0,0.0,-692.0,36930288.0
6763,綠界科技*,上櫃,0.0,0.0,0.0,19574.0,184039130.0
6785,昱展新藥,上櫃,0.0,0.0,0.0,17198.0,66800000.0
6788,華景電,上櫃,0.0,0.0,0.0,-24268.0,38739683.0
6791,虎門科技,上櫃,0.0,0.0,0.0,10000.0,20847000.0
6803,崑鼎,上櫃,0.0,0.0,0.0,12000.0,72794385.0
6804,明係,上櫃,0.0,0.0,0.0,71000.0,47500000.0
6811,宏碁資訊,上櫃,0.0,0.0,0.0,26787.0,41449000.0
6821,聯寶,上櫃,0.0,0.0,0.0,-22000.0,35913193.0
6823,濾能,上櫃,0.0,0.0,0.0,-9078.0,33233920.0
6829,千附精密,上櫃,0.0,0.0,0.0,-185749.0,59169000.0
6840,東研信超,上櫃,0.0,0.0,0.0,22887.0,30767284.0
6841,長佳智能,上櫃,0.0,0.0,0.0,-12287.0,95223000.0
6843,進典,上櫃,0.0,0.0,0.0,-4000.0,33304000.0
6844,諾貝兒,上櫃,0.0,0.0,0.0,-1000.0,37428440.0
6855,數泓科,上櫃,0.0,0.0,0.0,-1000.0,23249716.0
6859,伯特光,上櫃,0.0,0.0,0.0,925.0,41588600.0
6870,騰雲,上櫃,0.0,0.0,0.0,-102688.0,28317550.0
6872,浩宇生醫,上櫃,0.0,0.0,0.0,951.0,70750511.0
6874,倍力,上櫃,0.0,0.0,0.0,1000.0,22000000.0
6875,國邑*,上櫃,0.0,0.0,0.0,-915.0,129182804.0
6877,鏵友益,上櫃,0.0,0.0,0.0,15000.0,47167122.0
6881,潤德,上櫃,0.0,0.0,0.0,0.0,15000000.0
6884,海柏特,上櫃,0.0,0.0,0.0,2000.0,18390000.0
6894,衛司特,上櫃,0.0,0.0,0.0,-3063.0,23800000.0
6895,宏碩系統,上櫃,0.0,0.0,0.0,1740.0,34100000.0
6899,創為精密,上櫃,0.0,0.0,0.0,8000.0,42398491.0
6903,巨漢,上櫃,0.0,0.0,0.0,38927.0,66676000.0
6907,雅特力-KY,上櫃,0.0,0.0,0.0,-301906.0,62562500.0
6910,德鴻,上櫃,0.0,0.0,0.0,1000.0,30521000.0
6913,鴻呈,上櫃,0.0,0.0,0.0,72383.0,43848863.0
6922,宸曜,上櫃,0.0,0.0,0.0,83733.0,27155385.0
6925,意藍,上櫃,0.0,0.0,0.0,13000.0,20000300.0
6945,圓祥生技,上櫃,0.0,0.0,0.0,-78000.0,97531160.0
6953,家碩,上櫃,0.0,0.0,0.0,16088.0,30014600.0
6961,旅天下,上櫃,0.0,0.0,0.0,2000.0,26834000.0
6967,汎瑋材料,上櫃,0.0,0.0,0.0,46000.0,30404477.0
6968,萬達寵物,上櫃,0.0,0.0,0.0,41874.0,50436279.0
6971,惠民實業,上櫃,0.0,0.0,0.0,-1000.0,38668000.0
6982,大井泵浦,上櫃,0.0,0.0,0.0,3987.0,40752381.0
6983,華洋精機,上櫃,0.0,0.0,0.0,-4905.0,18020000.0
6986,和迅,上櫃,0.0,0.0,0.0,-6000.0,52134000.0
6996,力領科技,上櫃,0.0,0.0,0.0,6189.0,42090333.0
6997,博弘,上櫃,0.0,0.0,0.0,-1000.0,22100500.0
7402,邑錡,上櫃,0.0,0.0,0.0,52427.0,35280646.0
7547,碩網,上櫃,0.0,0.0,0.0,7000.0,33963000.0
7556,意德士,上櫃,0.0,0.0,0.0,-5491.0,29080869.0
7584,樂意,上櫃,0.0,0.0,0.0,-1000.0,16462808.0
7642,昶瑞機電,上櫃,0.0,0.0,0.0,-3979.0,30194258.0
7703,銳澤,上櫃,0.0,0.0,0.0,9955.0,34745000.0
7704,明遠精密,上櫃,0.0,0.0,0.0,-1000.0,33769804.0
7709,榮田,上櫃,0.0,0.0,0.0,-1001.0,39102740.0
7712,博盛半導體,上櫃,0.0,0.0,0.0,-118270.0,32561873.0
7713,威力德生醫,上櫃,0.0,0.0,0.0,-2000.0,45478843.0
7714,創泓科技,上櫃,0.0,0.0,0.0,18000.0,21000000.0
7715,裕山,上櫃,0.0,0.0,0.0,-22793.0,32756500.0
7717,萊德光電-KY,上櫃,0.0,0.0,0.0,-16348.0,24831518.0
7718,友鋮,上櫃,0.0,0.0,0.0,4000.0,46356484.0
7723,築間,上櫃,0.0,0.0,0.0,0.0,49619550.0
7728,光焱科技,上櫃,0.0,0.0,0.0,2355.0,13992621.0
7734,印能科技,上櫃,0.0,0.0,0.0,99691.0,28000000.0
7738,東聯互動,上櫃,0.0,0.0,0.0,6998.0,27355799.0
7743,金利食安,上櫃,0.0,0.0,0.0,2000.0,36483338.0
7744,崴寶,上櫃,0.0,0.0,0.0,2444.0,32076710.0
7747,昕奇雲端,上櫃,0.0,0.0,0.0,-1000.0,30168600.0
7751,竑騰,上櫃,0.0,0.0,0.0,11498.0,26888600.0
7753,星亞,上櫃,0.0,0.0,0.0,10000.0,25000000.0
7757,金色三麥,上櫃,0.0,0.0,0.0,5000.0,24100000.0
7767,仁大資訊,上櫃,0.0,0.0,0.0,-3000.0,30100000.0
7772,耀穎,上櫃,0.0,0.0,0.0,-1985.0,26498600.0
7777,能率亞洲,上櫃,0.0,0.0,0.0,139969.0,186606250.0
7792,安葆,上櫃,0.0,0.0,0.0,6495.0,46662000.0
7794,宏碁智新,上櫃,0.0,0.0,0.0,-2000.0,28000000.0
7805,威聯通,上櫃,0.0,0.0,0.0,91.0,39750122.0
7810,捷創科技,上櫃,0.0,0.0,0.0,1048.0,20250000.0
7814,海昌生技,上櫃,0.0,0.0,0.0,12000.0,45000000.0
7819,精誠金融,上櫃,0.0,0.0,0.0,-8920.0,25263500.0
7820,立盈,上櫃,0.0,0.0,0.0,0.0,37768096.0
7828,創新服務,上櫃,0.0,0.0,0.0,-44729.0,40493911.0
7839,達人網,上櫃,0.0,0.0,0.0,-10000.0,15096025.0
7842,天能綠電,上櫃,0.0,0.0,0.0,0.0,18250000.0
8024,佑華,上櫃,0.0,0.0,0.0,19000.0,45160100.0
8027,鈦昇,上櫃,0.0,0.0,0.0,263157.0,109750596.0
8032,光菱,上櫃,0.0,0.0,0.0,13000.0,51810300.0
8034,榮群,上櫃,0.0,0.0,0.0,2000.0,56586353.0
8038,長園科,上櫃,0.0,0.0,0.0,35999.0,62278190.0
8040,九暘,上櫃,0.0,0.0,0.0,-138023.0,96413874.0
8042,金山電,上櫃,0.0,0.0,0.0,-1309448.0,131479954.0
8043,蜜望實,上櫃,0.0,0.0,0.0,-1411370.0,79907170.0
8044,網家,上櫃,0.0,0.0,0.0,150786.0,204768065.0
8047,星雲,上櫃,0.0,0.0,0.0,-2000.0,34613011.0
8048,德勝,上櫃,0.0,0.0,0.0,-1798.0,59436924.0
8049,晶采,上櫃,0.0,0.0,0.0,42136.0,118279808.0
8050,廣積,上櫃,0.0,0.0,0.0,599674.0,205204891.0
8054,安國,上櫃,0.0,0.0,0.0,74059.0,108732566.0
8059,凱碩,上櫃,0.0,0.0,0.0,6998.0,116466300.0
8064,東捷,上櫃,0.0,0.0,0.0,-326735.0,184817836.0
8068,全達,上櫃,0.0,0.0,0.0,30000.0,80765949.0
8069,元太,上櫃,0.0,0.0,0.0,1188503.0,1154678380.0
8071,能率網通,上櫃,0.0,0.0,0.0,7712.0,60084283.0
8074,鉅橡,上櫃,0.0,0.0,0.0,-108732.0,86974466.0
8076,伍豐,上櫃,0.0,0.0,0.0,109379.0,292213592.0
8080,泰霖,上櫃,0.0,0.0,0.0,1000.0,67163821.0
8083,瑞穎,上櫃,0.0,0.0,0.0,-4023.0,35133193.0
8084,巨虹,上櫃,0.0,0.0,0.0,-21000.0,69514149.0
8085,福華,上櫃,0.0,0.0,0.0,52377.0,139983060.0
8086,宏捷科,上櫃,0.0,0.0,0.0,71843.0,196516123.0
8087,麗升能源,上櫃,0.0,0.0,0.0,1000.0,38646042.0
8088,品安,上櫃,0.0,0.0,0.0,31648.0,60921749.0
8089,康全電訊,上櫃,0.0,0.0,0.0,27826.0,65998718.0
8091,翔名,上櫃,0.0,0.0,0.0,-25309.0,56943651.0
8092,建暐,上櫃,0.0,0.0,0.0,15000.0,57172325.0
8096,擎亞,上櫃,0.0,0.0,0.0,368850.0,149343066.0
8097,常珵,上櫃,0.0,0.0,0.0,7000.0,60302468.0
8099,大世科,上櫃,0.0,0.0,0.0,12453.0,100072800.0
8102,傑霖科技,上櫃,0.0,0.0,0.0,-1000.0,23358350.0
8107,大億金茂,上櫃,0.0,0.0,0.0,2000.0,75000000.0
8109,博大,上櫃,0.0,0.0,0.0,-74443.0,82161236.0
8111,立碁,上櫃,0.0,0.0,0.0,163440.0,109102223.0
8121,越峰,上櫃,0.0,0.0,0.0,-228494.0,212993743.0
8147,正淩,上櫃,0.0,0.0,0.0,-48523.0,41817166.0
8155,博智,上櫃,0.0,0.0,0.0,32217.0,62367700.0
8171,天宇,上櫃,0.0,0.0,0.0,11009.0,112853326.0
8176,智捷,上櫃,0.0,0.0,0.0,2000.0,59800000.0
8182,加高,上櫃,0.0,0.0,0.0,-77318.0,107041215.0
8183,精星,上櫃,0.0,0.0,0.0,61483.0,121251068.0
8227,巨有科技,上櫃,0.0,0.0,0.0,-128169.0,39543000.0
8234,新漢,上櫃,0.0,0.0,0.0,127144.0,141226472.0
8240,華宏,上櫃,0.0,0.0,0.0,30677.0,100004414.0
8255,朋程,上櫃,0.0,0.0,0.0,-148123.0,101961041.0
8277,商丞,上櫃,0.0,0.0,0.0,20005.0,39500000.0
8279,生展,上櫃,0.0,0.0,0.0,-2000.0,27100851.0
8284,三竹,上櫃,0.0,0.0,0.0,-2000.0,47303000.0
8289,泰藝,上櫃,0.0,0.0,0.0,-1710.0,68333765.0
8291,尚茂,上櫃,0.0,0.0,0.0,-1000.0,17478450.0
8299,群聯,上櫃,0.0,0.0,0.0,207022.0,221165247.0
8349,恒耀,上櫃,0.0,0.0,0.0,27000.0,208821391.0
8354,冠好,上櫃,0.0,0.0,0.0,-2000.0,78532263.0
8358,金居,上櫃,0.0,0.0,0.0,-2358489.0,252588000.0
8383,千附,上櫃,0.0,0.0,0.0,-88069.0,113760482.0
8390,金益鼎,上櫃,0.0,0.0,0.0,16292.0,96116128.0
8401,白紗科,上櫃,0.0,0.0,0.0,5000.0,70669058.0
8403,盛弘,上櫃,0.0,0.0,0.0,8000.0,137640343.0
8409,商之器,上櫃,0.0,0.0,0.0,1000.0,32000000.0
8410,森田,上櫃,0.0,0.0,0.0,-5000.0,36589200.0
8415,大國鋼,上櫃,0.0,0.0,0.0,233578.0,1031500000.0
8421,旭源,上櫃,0.0,0.0,0.0,71613.0,54817140.0
8423,保綠-KY,上櫃,0.0,0.0,0.0,-9000.0,41714030.0
8424,惠普,上櫃,0.0,0.0,0.0,-6000.0,36054368.0
8426,紅木-KY,上櫃,0.0,0.0,0.0,-2000.0,50242500.0
8431,匯鑽科,上櫃,0.0,0.0,0.0,102892.0,48778331.0
8432,東生華,上櫃,0.0,0.0,0.0,2978.0,38398140.0
8433,弘帆,上櫃,0.0,0.0,0.0,3000.0,54506098.0
8436,大江,上櫃,0.0,0.0,0.0,44524.0,117728830.0
8437,大地-KY,上櫃,0.0,0.0,0.0,1000.0,47014070.0
8440,綠電,上櫃,0.0,0.0,0.0,0.0,50255299.0
8446,華研,上櫃,0.0,0.0,0.0,11333.0,52914405.0
8450,霹靂,上櫃,0.0,0.0,0.0,1472.0,51309947.0
8455,大拓-KY,上櫃,0.0,0.0,0.0,-1000.0,25219056.0
8472,夠麻吉,上櫃,0.0,0.0,0.0,1992.0,17735800.0
8477,創業家,上櫃,0.0,0.0,0.0,8036.0,84170616.0
8489,三貝德,上櫃,0.0,0.0,0.0,-1000.0,59948960.0
8905,裕國,上櫃,0.0,0.0,0.0,1001.0,119440000.0
8906,花王,上櫃,0.0,0.0,0.0,1172.0,44037370.0
8908,欣雄,上櫃,0.0,0.0,0.0,9456.0,315332742.0
8916,光隆,上櫃,0.0,0.0,0.0,-8595.0,148591646.0
8924,大田,上櫃,0.0,0.0,0.0,16000.0,83800000.0
8927,北基,上櫃,0.0,0.0,0.0,69000.0,419068367.0
8928,鉅明,上櫃,0.0,0.0,0.0,-1000.0,50854015.0
8929,富堡,上櫃,0.0,0.0,0.0,17900.0,50580862.0
8930,青鋼,上櫃,0.0,0.0,0.0,2000.0,81809406.0
8931,大汽電,上櫃,0.0,0.0,0.0,2000.0,122254862.0
8932,智通*,上櫃,0.0,0.0,0.0,-463330.0,426013152.0
8933,愛地雅,上櫃,0.0,0.0,0.0,9000.0,326724305.0
8935,邦泰,上櫃,0.0,0.0,0.0,-56001.0,113495000.0
8936,國統,上櫃,0.0,0.0,0.0,-29765.0,248078157.0
8937,合騏*,上櫃,0.0,0.0,0.0,-7000.0,441680272.0
8938,明安,上櫃,0.0,0.0,0.0,91101.0,156986490.0
8942,森鉅,上櫃,0.0,0.0,0.0,50973.0,198842255.0
9949,琉園,上櫃,0.0,0.0,0.0,250.0,44860763.0
9951,皇田,上櫃,0.0,0.0,0.0,23960.0,73300000.0
9960,邁達康,上櫃,0.0,0.0,0.0,-524.0,33592500.0
9962,有益,上櫃,0.0,0.0,0.0,-1000.0,90220260.0
