code,name,market,外資,投信,自營,三大法人,shares
00403A,主動統一升級50,上市,88931278.0,0.0,38720317.0,127651595.0,18275519000.0
00981A,主動統一台股增長,上市,119545295.0,0.0,-7563264.0,111982031.0,11114209000.0
00410A,主動永豐科技趨勢,上市,-163700.0,0.0,105871339.0,105707639.0,282360000.0
00991A,主動復華未來50,上市,83515901.0,0.0,-20481503.0,63034398.0,5664916000.0
00407A,主動凱基台灣,上市,-121500.0,0.0,27499175.0,27377675.0,3224239000.0
2344,華邦電,上市,25984321.0,-95073.0,835579.0,26724827.0,4500000193.0
3231,緯創,上市,13991730.0,9288339.0,2026323.0,25306392.0,3180052250.0
00918,大華優利高填息30,上市,-445500.0,0.0,15260309.0,14814809.0,3398264000.0
2408,南亞科,上市,12888995.0,-101065.0,722900.0,13510830.0,3098627894.0
2356,英業達,上市,12570486.0,-207142.0,626074.0,12989418.0,3587475066.0
00406A,主動中信台灣收益,上市,-947000.0,0.0,12310055.0,11363055.0,1777062000.0
2324,仁寶,上市,9901837.0,1061555.0,231514.0,11194906.0,4407146625.0
2891,中信金,上市,11095659.0,-1206517.0,933773.0,10822915.0,19676898381.0
00992A,主動群益科技創新,上市,20775851.0,0.0,-10205914.0,10569937.0,2576455000.0
00753L,中信中國50正2,上市,-1157000.0,0.0,11477813.0,10320813.0,690657000.0
2312,金寶,上市,8621769.0,0.0,622930.0,9244699.0,1505781211.0
2317,鴻海,上市,10136158.0,213516.0,-1208356.0,9141318.0,14028648626.0
2618,長榮航,上市,13613595.0,-3476001.0,-1045591.0,9092003.0,5400444335.0
00940,元大台灣價值高息,上市,-5825738.0,0.0,14341446.0,8515708.0,5411365000.0
0056,元大高股息,上市,9309736.0,300000.0,-1981626.0,7628110.0,14357534000.0
00632R,元大台灣50反1,上市,91655000.0,0.0,-84038252.0,7616748.0,2126707730.0
2610,華航,上市,10116837.0,-2009396.0,-568350.0,7539091.0,6117941273.0
2337,旺宏,上市,7554550.0,-182000.0,-376537.0,6996013.0,1981308820.0
1605,華新,上市,6366660.0,17836.0,472661.0,6857157.0,4431332948.0
3711,日月光投控,上市,5452644.0,382486.0,280319.0,6115449.0,4470572282.0
00706L,期元大S&P日圓正2,上市,-135000.0,0.0,6202859.0,6067859.0,140770853.0
00999A,主動野村臺灣高息,上市,7878000.0,0.0,-1899749.0,5978251.0,1194517000.0
2332,友訊,上市,5707195.0,0.0,178217.0,5885412.0,602170373.0
3042,晶技,上市,5167618.0,-138000.0,585033.0,5614651.0,342992971.0
00400A,主動國泰動能高息,上市,14355080.0,0.0,-8770704.0,5584376.0,2167140000.0
8422,可寧衛*,上市,4737308.0,6000.0,14315.0,4757623.0,1357391830.0
1216,統一,上市,6102784.0,-1567583.0,-44778.0,4490423.0,5682015421.0
4938,和碩,上市,4112901.0,188607.0,66535.0,4368043.0,2682044103.0
4904,遠傳,上市,5037490.0,-621057.0,-76594.0,4339839.0,3607705357.0
2006,東和鋼鐵,上市,4442441.0,-232119.0,8003.0,4218325.0,730213818.0
4763,材料*-KY,上市,3939459.0,-1888.0,259872.0,4197443.0,989146670.0
6226,光鼎,上市,3724000.0,-2000.0,143052.0,3865052.0,115534789.0
2027,大成鋼,上市,8185739.0,-5243152.0,859066.0,3801653.0,2584260615.0
2313,華通,上市,3962967.0,19000.0,-197731.0,3784236.0,1233820589.0
9105,泰金寶-DR,上市,3639000.0,0.0,105493.0,3744493.0,1639648636.0
2603,長榮,上市,4139627.0,-496258.0,-45475.0,3597894.0,2165042996.0
2327,國巨*,上市,3675238.0,-42121.0,-54904.0,3578213.0,2058730688.0
3706,神達,上市,3393181.0,-8000.0,5152.0,3390333.0,1327212468.0
009816,凱基台灣TOP50,上市,80558729.0,0.0,-77276056.0,3282673.0,12201344000.0
3035,智原,上市,3172098.0,0.0,77721.0,3249819.0,260550313.0
2359,所羅門,上市,2973040.0,0.0,162206.0,3135246.0,171471052.0
6116,彩晶,上市,3113968.0,0.0,12519.0,3126487.0,2858654851.0
9904,寶成,上市,3367770.0,-94905.0,-171919.0,3100946.0,2946787213.0
2376,技嘉,上市,4572182.0,-234186.0,-1310831.0,3027165.0,669888886.0
00665L,富邦恒生國企正2,上市,-187000.0,0.0,3203966.0,3016966.0,414965000.0
2890,永豐金,上市,2710853.0,-94858.0,366724.0,2982719.0,14502322275.0
6202,盛群,上市,2953900.0,0.0,19429.0,2973329.0,230388200.0
2812,台中銀,上市,-1445158.0,3904676.0,472000.0,2931518.0,6021625921.0
5388,中磊,上市,2749904.0,-2681.0,124030.0,2871253.0,304342542.0
2867,三商壽,上市,4023000.0,0.0,-1236000.0,2787000.0,5899501044.0
00900,富邦特選高股息30,上市,2721010.0,0.0,35772.0,2756782.0,1598525000.0
2615,萬海,上市,2740690.0,-3645.0,-40574.0,2696471.0,2806146293.0
6919,康霈*,上市,2712679.0,0.0,-55887.0,2656792.0,1557200860.0
6282,康舒,上市,1898303.0,338000.0,412247.0,2648550.0,856031294.0
6505,台塑化,上市,3027997.0,24000.0,-496567.0,2555430.0,9525959652.0
00927,群益半導體收益,上市,4494000.0,0.0,-1990479.0,2503521.0,1369397000.0
2388,威盛,上市,2182622.0,0.0,308476.0,2491098.0,555954941.0
3006,晶豪科,上市,2188892.0,0.0,277774.0,2466666.0,297285758.0
3037,欣興,上市,1785144.0,763577.0,-144118.0,2404603.0,1641322596.0
8112,至上,上市,2458740.0,-4496.0,-75327.0,2378917.0,565293058.0
2883,凱基金,上市,-8512896.0,10520086.0,340064.0,2347254.0,18556989414.0
8039,台虹,上市,2356574.0,0.0,-242887.0,2113687.0,263668994.0
2426,鼎元,上市,2060603.0,0.0,46868.0,2107471.0,300622252.0
2371,大同,上市,2522051.0,-527000.0,91975.0,2087026.0,2150834851.0
6206,飛捷,上市,2040572.0,-4643.0,37921.0,2073850.0,143062324.0
00993A,主動安聯台灣,上市,7482000.0,0.0,-5413093.0,2068907.0,788591000.0
2352,佳世達,上市,2117114.0,0.0,-69485.0,2047629.0,1580506505.0
6209,今國光,上市,1886450.0,0.0,129412.0,2015862.0,180501561.0
2369,菱生,上市,2044990.0,0.0,-30482.0,2014508.0,380102344.0
1717,長興,上市,1417083.0,307265.0,288839.0,2013187.0,1184245483.0
009819,中信數據及電力,上市,594000.0,0.0,1418832.0,2012832.0,668745000.0
4989,榮科,上市,696406.0,0.0,1248390.0,1944796.0,172776500.0
9933,中鼎,上市,1884927.0,2000.0,-47825.0,1839102.0,944437034.0
00664R,國泰臺灣加權反1,上市,-299000.0,0.0,2122246.0,1823246.0,718575000.0
6166,凌華,上市,1800350.0,0.0,17414.0,1817764.0,217779257.0
3033,威健,上市,1514998.0,310537.0,-55020.0,1770515.0,483590330.0
3702,大聯大,上市,2877315.0,-1214060.0,91468.0,1754723.0,1682278898.0
2382,廣達,上市,2009889.0,-234966.0,-45988.0,1728935.0,3862627432.0
00947,台新臺灣IC設計,上市,2822000.0,0.0,-1100771.0,1721229.0,309864000.0
00752,中信中國50,上市,117764.0,-500000.0,2021453.0,1639217.0,261716000.0
2605,新興,上市,1657363.0,4000.0,-23547.0,1637816.0,585353297.0
2486,一詮,上市,1729000.0,0.0,-174613.0,1554387.0,233958579.0
2881,富邦金,上市,-4135602.0,5904525.0,-244111.0,1524812.0,14007364952.0
4906,正文,上市,1504857.0,0.0,-10359.0,1494498.0,434485057.0
2323,中環,上市,1533000.0,0.0,-42071.0,1490929.0,1089348328.0
2887,台新新光金,上市,1368383.0,-953974.0,1048108.0,1462517.0,24866399230.0
2454,聯發科,上市,1146260.0,174773.0,128754.0,1449787.0,1603895407.0
009805,台新美國電力基建,上市,1039000.0,0.0,403025.0,1442025.0,611816000.0
3017,奇鋐,上市,825060.0,571000.0,44139.0,1440199.0,392543007.0
2353,宏碁,上市,3173790.0,-1521911.0,-223878.0,1428001.0,3047853828.0
009817,國泰日本不動產,上市,808000.0,0.0,599189.0,1407189.0,229436000.0
1608,華榮,上市,1328155.0,-8192.0,64710.0,1384673.0,632773506.0
3605,宏致,上市,1118079.0,0.0,248354.0,1366433.0,174697441.0
00996A,主動兆豐台灣豐收,上市,929000.0,0.0,436612.0,1365612.0,322899000.0
2377,微星,上市,1565637.0,-405632.0,193124.0,1353129.0,844856199.0
2441,超豐,上市,1325613.0,-1000.0,-23834.0,1300779.0,568845921.0
5521,工信,上市,1314559.0,0.0,-20381.0,1294178.0,492280155.0
3714,富采,上市,1307985.0,0.0,-52513.0,1255472.0,737940460.0
2637,慧洋-KY,上市,443989.0,847000.0,-38779.0,1252210.0,746409199.0
2329,華泰,上市,1397513.0,0.0,-157091.0,1240422.0,658948333.0
00994A,主動第一金台股優,上市,3179000.0,0.0,-1944767.0,1234233.0,306690000.0
2049,上銀,上市,445593.0,659616.0,124316.0,1229525.0,353792240.0
00995A,主動中信台灣卓越,上市,4522000.0,0.0,-3295114.0,1226886.0,322035000.0
3022,威強電,上市,1133934.0,-2619.0,58686.0,1190001.0,176597790.0
2501,國建,上市,1811030.0,-567000.0,-58122.0,1185908.0,1159561059.0
00951,台新日本半導體,上市,544388.0,0.0,638285.0,1182673.0,225542000.0
8131,福懋科,上市,1178360.0,0.0,-17264.0,1161096.0,442222223.0
00671R,富邦NASDAQ反1,上市,-27000.0,0.0,1173650.0,1146650.0,535884000.0
2401,凌陽,上市,1327770.0,0.0,-181782.0,1145988.0,591994919.0
5876,上海商銀,上市,2664320.0,-1510000.0,-56976.0,1097344.0,4861603140.0
00916,國泰全球品牌50,上市,120000.0,0.0,951995.0,1071995.0,116919000.0
3189,景碩,上市,973648.0,-1000.0,92890.0,1065538.0,526915760.0
00885,富邦越南,上市,-423000.0,0.0,1479084.0,1056084.0,612238000.0
2412,中華電,上市,1908566.0,-632434.0,-228000.0,1048132.0,7757446545.0
00650L,復華香港正2,上市,-135000.0,0.0,1181443.0,1046443.0,101838000.0
2489,瑞軒,上市,1112007.0,2000.0,-73541.0,1040466.0,610000000.0
3019,亞光,上市,995194.0,0.0,942.0,996136.0,279243901.0
1909,榮成,上市,1043000.0,0.0,-57000.0,986000.0,1327685727.0
020039,元大加權N,上市,0.0,0.0,970000.0,970000.0,0.0
00408A,主動第一金優股息,上市,-35000.0,0.0,1004218.0,969218.0,170634000.0
2374,佳能,上市,930608.0,2000.0,36440.0,969048.0,337992133.0
3704,合勤控,上市,976022.0,0.0,-22539.0,953483.0,415444970.0
2436,偉詮電,上市,941387.0,0.0,-26323.0,915064.0,200093175.0
2362,藍天,上市,947636.0,0.0,-32720.0,914916.0,622263000.0
00404A,主動聯博動能50,上市,-4000.0,0.0,905236.0,901236.0,369795000.0
009820,元大納斯達克精選,上市,-228000.0,0.0,1122634.0,894634.0,1268702000.0
00673R,期元大S&P原油反1,上市,-166000.0,0.0,1050754.0,884754.0,547050646.0
009813,貝萊德標普卓越50,上市,-421744.0,0.0,1305000.0,883256.0,341324000.0
1795,美時,上市,899272.0,-74000.0,26860.0,852132.0,266873812.0
00641R,富邦日本反1,上市,0.0,0.0,835500.0,835500.0,80758000.0
00985A,主動野村台灣50,上市,-36000.0,0.0,862862.0,826862.0,472289000.0
6443,元晶,上市,831754.0,0.0,-11000.0,820754.0,512796730.0
2458,義隆,上市,992270.0,-141414.0,-48161.0,802695.0,303880392.0
1504,東元,上市,834848.0,-1342.0,-36256.0,797250.0,2376440684.0
1718,中纖,上市,1131867.0,-14000.0,-320722.0,797145.0,1685905745.0
00991B,貝萊德A級公司債,上市,0.0,0.0,788587.0,788587.0,222828000.0
00653L,富邦印度正2,上市,112000.0,0.0,654238.0,766238.0,13903000.0
00894,中信小資高價30,上市,1049000.0,0.0,-286640.0,762360.0,148509000.0
6269,台郡,上市,762883.0,0.0,-5030.0,757853.0,323831481.0
3576,聯合再生,上市,823813.0,0.0,-69000.0,754813.0,1627795375.0
6285,啟碁,上市,701112.0,65000.0,-17072.0,749040.0,483663719.0
1536,和大,上市,687969.0,0.0,50889.0,738858.0,278959513.0
00954,中信日本半導體,上市,458000.0,0.0,279967.0,737967.0,120747000.0
00965,元大航太防衛科技,上市,110000.0,0.0,626948.0,736948.0,437492000.0
2484,希華,上市,788810.0,-2000.0,-50112.0,736698.0,159421022.0
6414,樺漢,上市,689041.0,0.0,43490.0,732531.0,145886397.0
009802,富邦旗艦50,上市,1386085.0,0.0,-668062.0,718023.0,531495000.0
6176,瑞儀,上市,853032.0,-220479.0,78246.0,710799.0,465027263.0
2421,建準,上市,671175.0,2000.0,33492.0,706667.0,286943669.0
2340,台亞,上市,716515.0,0.0,-30227.0,686288.0,438622846.0
8261,富鼎,上市,869609.0,-139000.0,-50796.0,679813.0,118878393.0
2606,裕民,上市,930634.0,-248000.0,-14149.0,668485.0,845055712.0
2354,鴻準,上市,707161.0,6000.0,-49759.0,663402.0,1414485192.0
2915,潤泰全,上市,707127.0,0.0,-56000.0,651127.0,1104318772.0
3380,明泰,上市,661942.0,4000.0,-20478.0,645464.0,541718460.0
6550,北極星藥業-KY,上市,656000.0,0.0,-20000.0,636000.0,894792688.0
00936,台新永續高息中小,上市,3000.0,0.0,631660.0,634660.0,201797000.0
3545,敦泰,上市,642170.0,0.0,-10206.0,631964.0,222456016.0
6139,亞翔,上市,5837.0,548000.0,73642.0,627479.0,235575724.0
2882,國泰金,上市,-5442173.0,6596709.0,-532814.0,621722.0,14669210128.0
00945B,凱基美國非投等債,上市,-349000.0,0.0,970537.0,621537.0,790318000.0
2009,第一銅,上市,642000.0,0.0,-30596.0,611404.0,359622165.0
3229,晟鈦,上市,614900.0,0.0,-10000.0,604900.0,64263000.0
2233,宇隆,上市,605793.0,0.0,-7964.0,597829.0,60288089.0
2903,遠百,上市,643000.0,4000.0,-53009.0,593991.0,1416940589.0
1609,大亞,上市,697782.0,2000.0,-105903.0,593879.0,785261944.0
00652,富邦印度,上市,116000.0,12000.0,445123.0,573123.0,63535000.0
3413,京鼎,上市,463240.0,30000.0,79093.0,572333.0,110762280.0
2609,陽明,上市,638223.0,-32221.0,-42824.0,563178.0,3492104270.0
2328,廣宇,上市,593210.0,0.0,-34346.0,558864.0,518346282.0
00892,富邦台灣半導體,上市,1611160.0,0.0,-1053783.0,557377.0,331292000.0
8114,振樺電,上市,562775.0,0.0,-8623.0,554152.0,76487772.0
00924,復華S&P500成長,上市,-143935.0,0.0,691435.0,547500.0,435103000.0
2476,鉅祥,上市,328383.0,126000.0,88282.0,542665.0,218171223.0
00960,野村全球航運龍頭,上市,25000.0,0.0,515216.0,540216.0,56495000.0
00896,中信綠能及電動車,上市,-501920.0,0.0,1024034.0,522114.0,393380000.0
5871,中租-KY,上市,1325866.0,-522943.0,-281493.0,521430.0,1711421161.0
4576,大銀微系統,上市,478296.0,0.0,33964.0,512260.0,119801848.0
2464,盟立,上市,445000.0,0.0,65210.0,510210.0,216680434.0
2838,聯邦銀,上市,705266.0,18000.0,-217677.0,505589.0,4340551779.0
8070,長華*,上市,516239.0,-3832.0,-7293.0,505114.0,725648455.0
2457,飛宏,上市,527200.0,0.0,-27180.0,500020.0,424772416.0
009824,群益美國科技巨頭,上市,-38000.0,0.0,535880.0,497880.0,656347000.0
00980A,主動野村臺灣優選,上市,-1677160.0,18914000.0,-16740919.0,495921.0,796730000.0
2379,瑞昱,上市,327140.0,98367.0,70098.0,495605.0,515512641.0
2601,益航,上市,504770.0,0.0,-19000.0,485770.0,824776067.0
00882,中信中國高股息,上市,278000.0,0.0,201361.0,479361.0,1970349000.0
9103,美德醫療-DR,上市,476000.0,0.0,-487.0,475513.0,205531500.0
2363,矽統,上市,501000.0,0.0,-28355.0,472645.0,514988161.0
1513,中興電,上市,540541.0,-85295.0,15831.0,471077.0,503112515.0
2466,冠西電,上市,482000.0,-2000.0,-18000.0,462000.0,173458697.0
00949,復華日本龍頭,上市,-906.0,0.0,462048.0,461142.0,172428000.0
2014,中鴻,上市,534000.0,0.0,-73000.0,461000.0,1435544446.0
00715L,期街口布蘭特正2,上市,133520.0,0.0,318017.0,451537.0,106191793.0
6533,晶心科,上市,441162.0,0.0,571.0,441733.0,50650911.0
2855,統一證,上市,228316.0,212000.0,0.0,440316.0,1601414478.0
00997A,主動群益美國增長,上市,-98936.0,0.0,523657.0,424721.0,1268877000.0
1907,永豐餘,上市,41895.0,437410.0,-65000.0,414305.0,1660371495.0
6491,晶碩,上市,380680.0,0.0,31090.0,411770.0,78000000.0
00897,富邦基因免疫生技,上市,-267000.0,0.0,678205.0,411205.0,142012000.0
3149,正達,上市,438332.0,0.0,-30251.0,408081.0,226233604.0
3596,智易,上市,508596.0,-99227.0,-6013.0,403356.0,220354321.0
6451,訊芯-KY,上市,400436.0,0.0,-3603.0,396833.0,112077729.0
3048,益登,上市,373384.0,0.0,19594.0,392978.0,269829794.0
3376,新日興,上市,310617.0,1000.0,75005.0,386622.0,195763822.0
3028,增你強,上市,352466.0,-1926.0,34650.0,385190.0,237241193.0
8103,瀚荃,上市,402435.0,0.0,-19537.0,382898.0,78436671.0
3443,創意,上市,272573.0,53901.0,55257.0,381731.0,134011911.0
6196,帆宣,上市,371444.0,12000.0,-5598.0,377846.0,220329529.0
1313,聯成,上市,465609.0,0.0,-89331.0,376278.0,1330846107.0
00946,群益科技高息成長,上市,249020.0,0.0,123973.0,372993.0,459746000.0
6120,達運,上市,389000.0,0.0,-21728.0,367272.0,598999602.0
2455,全新,上市,-1691.0,241000.0,123135.0,362444.0,184905918.0
2504,國產,上市,495101.0,-73000.0,-72713.0,349388.0,1180000000.0
3016,嘉晶,上市,359606.0,0.0,-12074.0,347532.0,288541819.0
009812,野村日本東證,上市,-1000.0,0.0,347934.0,346934.0,97382000.0
00893,國泰智能電動車,上市,44000.0,0.0,302761.0,346761.0,359884000.0
1409,新纖,上市,286758.0,172000.0,-117041.0,341717.0,1618409286.0
00907,永豐優息存股,上市,-12888.0,0.0,352885.0,339997.0,151133000.0
3026,禾伸堂,上市,1412358.0,-1131000.0,58276.0,339634.0,165890318.0
3062,建漢,上市,393000.0,0.0,-55384.0,337616.0,330091818.0
6477,安集,上市,333000.0,0.0,1167.0,334167.0,123787196.0
00939,統一台灣高息動能,上市,1132200.0,0.0,-807275.0,324925.0,1179476000.0
6168,宏齊,上市,337020.0,0.0,-13267.0,323753.0,205761801.0
6579,研揚,上市,320380.0,2000.0,-632.0,321748.0,169451221.0
00709,富邦歐洲,上市,10000.0,31000.0,279000.0,320000.0,15460000.0
2392,正崴,上市,314987.0,4000.0,-1156.0,317831.0,512326940.0
1440,南紡,上市,389000.0,9000.0,-81292.0,316708.0,1656815857.0
00642U,期元大S&P石油,上市,-21070.0,0.0,336840.0,315770.0,88821000.0
3653,健策,上市,90653.0,224000.0,-418.0,314235.0,146732803.0
2402,毅嘉,上市,260764.0,0.0,50865.0,311629.0,307536533.0
3023,信邦,上市,-49908.0,238000.0,120410.0,308502.0,240069014.0
1563,巧新,上市,364966.0,0.0,-56530.0,308436.0,225608140.0
6962,奕力-KY,上市,366081.0,0.0,-59540.0,306541.0,492396565.0
009804,聯邦台精彩50,上市,446000.0,0.0,-143419.0,302581.0,157392000.0
2385,群光,上市,578607.0,-248729.0,-29363.0,300515.0,765721188.0
2420,新巨,上市,330000.0,0.0,-41852.0,288148.0,152648688.0
6235,華孚,上市,295000.0,0.0,-7440.0,287560.0,199906306.0
1316,上曜,上市,302426.0,0.0,-16000.0,286426.0,401646150.0
6669,緯穎,上市,-131166.0,429921.0,-20244.0,278511.0,185840791.0
3010,華立,上市,302239.0,276.0,-26470.0,276045.0,259436817.0
2543,皇昌,上市,286248.0,2000.0,-17772.0,270476.0,528541961.0
6589,台康生技,上市,278000.0,0.0,-10000.0,268000.0,306871174.0
2342,茂矽,上市,358454.0,0.0,-92901.0,265553.0,157474744.0
4927,泰鼎-KY,上市,327000.0,0.0,-64208.0,262792.0,264937988.0
2399,映泰,上市,272430.0,0.0,-11421.0,261009.0,178100000.0
3504,揚明光,上市,181000.0,0.0,77929.0,258929.0,114059785.0
4746,台耀,上市,176118.0,0.0,80777.0,256895.0,120255963.0
1308,亞聚,上市,283975.0,0.0,-32085.0,251890.0,593743919.0
8011,台通,上市,273000.0,0.0,-23000.0,250000.0,165921891.0
6412,群電,上市,255957.0,-2560.0,-13969.0,239428.0,400769126.0
3416,融程電,上市,228000.0,0.0,11012.0,239012.0,80493769.0
6598,ABC-KY,上市,238000.0,0.0,0.0,238000.0,102819061.0
8210,勤誠,上市,-56008.0,286000.0,7549.0,237541.0,125319146.0
009811,統一美國50,上市,-1000.0,0.0,237712.0,236712.0,246450000.0
2331,精英,上市,287000.0,0.0,-51014.0,235986.0,557402968.0
00972,野村日本動能高息,上市,40000.0,0.0,194889.0,234889.0,16672000.0
8110,華東,上市,177000.0,0.0,57768.0,234768.0,517739876.0
2351,順德,上市,-298000.0,550000.0,-18620.0,233380.0,182140249.0
6153,嘉聯益,上市,396232.0,0.0,-168632.0,227600.0,636177694.0
00932,兆豐永續高息等權,上市,-10000.0,0.0,232926.0,222926.0,118283000.0
2645,長榮航太,上市,287822.0,-71000.0,3058.0,219880.0,374570962.0
1736,喬山,上市,6140.0,219000.0,-11000.0,214140.0,303394617.0
6456,GIS-KY,上市,238313.0,0.0,-25130.0,213183.0,337939800.0
6830,汎銓,上市,142463.0,57000.0,12745.0,212208.0,53446888.0
1733,五鼎,上市,213038.0,0.0,-1000.0,212038.0,99950192.0
8046,南電,上市,-168039.0,38000.0,341202.0,211163.0,646165487.0
1568,倉佑,上市,272000.0,0.0,-61758.0,210242.0,103086559.0
4956,光鋐,上市,227000.0,0.0,-18685.0,208315.0,100408236.0
8016,矽創,上市,362007.0,-145770.0,-8566.0,207671.0,120136876.0
7769,鴻勁,上市,-136418.0,339000.0,4970.0,207552.0,179930000.0
9958,世紀鋼,上市,310376.0,-115000.0,5427.0,200803.0,246896665.0
2301,光寶科,上市,-543188.0,-3929.0,746120.0,199003.0,2316107763.0
2478,大毅,上市,315100.0,-127000.0,10306.0,198406.0,144731339.0
2630,亞航,上市,170808.0,0.0,27501.0,198309.0,209438204.0
00934,中信成長高股息,上市,-50895.0,0.0,248806.0,197911.0,427026000.0
6442,光聖,上市,194511.0,-4150.0,4884.0,195245.0,80450155.0
4720,德淵,上市,200000.0,0.0,-5897.0,194103.0,114516037.0
2883B,凱基金乙特,上市,176000.0,0.0,17000.0,193000.0,1582142374.0
00987A,主動台新優勢成長,上市,2722220.0,0.0,-2530349.0,191871.0,177143000.0
00971,野村美國研發龍頭,上市,13000.0,0.0,177027.0,190027.0,57177000.0
6416,瑞祺電通,上市,204009.0,0.0,-14000.0,190009.0,73348460.0
3338,泰碩,上市,202786.0,0.0,-13000.0,189786.0,87908141.0
3669,圓展,上市,199000.0,0.0,-10000.0,189000.0,92919950.0
7750,新代,上市,196561.0,0.0,-8405.0,188156.0,71843000.0
4912,聯德控股-KY,上市,203000.0,0.0,-17000.0,186000.0,66993099.0
5258,虹堡,上市,211000.0,0.0,-25000.0,186000.0,110364894.0
00763U,期街口道瓊銅,上市,-149000.0,0.0,333204.0,184204.0,43565000.0
00902,中信電池及儲能,上市,-43842.0,0.0,227516.0,183674.0,227497000.0
009818,華南永昌NASDAQxT,上市,0.0,0.0,182065.0,182065.0,51152000.0
8996,高力,上市,160000.0,-99.0,17024.0,176925.0,93387429.0
6719,力智,上市,158067.0,0.0,15761.0,173828.0,105483989.0
1215,卜蜂,上市,182615.0,2000.0,-11092.0,173523.0,294790098.0
2355,敬鵬,上市,317000.0,0.0,-144119.0,172881.0,397495420.0
2419,仲琦,上市,204266.0,0.0,-32291.0,171975.0,321317229.0
1517,利奇,上市,178109.0,0.0,-7000.0,171109.0,220000007.0
3592,瑞鼎,上市,229475.0,-52000.0,-10801.0,166674.0,75855226.0
1467,南緯,上市,119164.0,0.0,44000.0,163164.0,233624667.0
3305,昇貿,上市,85393.0,0.0,77338.0,162731.0,144647946.0
3533,嘉澤,上市,296362.0,-133000.0,-1951.0,161411.0,112534691.0
3015,全漢,上市,181180.0,-5689.0,-14477.0,161014.0,187261950.0
1597,直得,上市,137720.0,0.0,21659.0,159379.0,89261804.0
1449,佳和,上市,171091.0,0.0,-12001.0,159090.0,127114572.0
4532,瑞智,上市,198000.0,-13000.0,-26089.0,158911.0,494895105.0
3030,德律,上市,111377.0,2000.0,45072.0,158449.0,236216000.0
6706,惠特,上市,184710.0,-34000.0,4284.0,154994.0,78548865.0
00983A,主動中信ARK創新,上市,-7000.0,0.0,159403.0,152403.0,99186000.0
6446,藥華藥,上市,151118.0,-410.0,540.0,151248.0,422437303.0
1905,華紙,上市,255698.0,0.0,-105167.0,150531.0,1102835316.0
3047,訊舟,上市,158028.0,0.0,-8000.0,150028.0,224761608.0
1723,中碳,上市,147999.0,0.0,1002.0,149001.0,236904480.0
2397,友通,上市,157000.0,0.0,-11000.0,146000.0,114488857.0
3406,玉晶光,上市,117659.0,0.0,28159.0,145818.0,112743063.0
8163,達方,上市,204404.0,0.0,-60397.0,144007.0,280000001.0
6472,保瑞,上市,137004.0,0.0,6509.0,143513.0,127756059.0
3003,健和興,上市,169070.0,0.0,-27790.0,141280.0,155654890.0
5269,祥碩,上市,122730.0,0.0,18276.0,141006.0,74156679.0
6831,邁科,上市,-188034.0,320000.0,8335.0,140301.0,67500000.0
2612,中航,上市,148000.0,0.0,-8899.0,139101.0,197484593.0
2405,輔信,上市,148000.0,0.0,-9000.0,139000.0,343427303.0
00904,台新臺灣半導體30,上市,358000.0,0.0,-220078.0,137922.0,164112000.0
00895,富邦未來車,上市,-83000.0,0.0,219309.0,136309.0,146916000.0
00984A,主動安聯台灣高息,上市,438000.0,0.0,-306335.0,131665.0,658958000.0
3673,TPK-KY,上市,24425.0,0.0,105875.0,130300.0,406663759.0
4961,天鈺,上市,150000.0,0.0,-19817.0,130183.0,121253603.0
2465,麗臺,上市,139335.0,0.0,-9904.0,129431.0,93946031.0
1737,臺鹽,上市,-53886.0,0.0,183000.0,129114.0,200000000.0
1618,合機,上市,132344.0,0.0,-3535.0,128809.0,192691747.0
1309,台達化,上市,213000.0,0.0,-85127.0,127873.0,397586848.0
00986A,主動台新龍頭成長,上市,-3000.0,0.0,129073.0,126073.0,41327000.0
4960,誠美材,上市,149097.0,0.0,-23117.0,125980.0,571705388.0
5608,四維航,上市,139452.0,0.0,-15000.0,124452.0,389276138.0
4766,南寶,上市,126140.0,1000.0,-2983.0,124157.0,120570780.0
00956,中信日經高股息,上市,9000.0,0.0,115052.0,124052.0,34130000.0
3059,華晶科,上市,144519.0,0.0,-23218.0,121301.0,307702025.0
00926,凱基全球菁英55,上市,113000.0,0.0,8109.0,121109.0,95482000.0
9136,巨騰-DR,上市,121000.0,0.0,79.0,121079.0,135515000.0
00717,富邦美國特別股,上市,91000.0,0.0,28000.0,119000.0,122105000.0
2617,台航,上市,159849.0,0.0,-44047.0,115802.0,417294487.0
6670,復盛應用,上市,106000.0,17000.0,-14136.0,108864.0,139386973.0
2365,昆盈,上市,132000.0,0.0,-23511.0,108489.0,221528496.0
2413,環科,上市,121951.0,0.0,-14000.0,107951.0,127359200.0
6438,迅得,上市,94000.0,0.0,12028.0,106028.0,82206325.0
6695,芯鼎,上市,116942.0,0.0,-11000.0,105942.0,106477650.0
00915,凱基優選高股息30,上市,-91000.0,0.0,196057.0,105057.0,515983000.0
5243,乙盛-KY,上市,409127.0,-300000.0,-4192.0,104935.0,168528915.0
02001L,富邦蘋果正二N,上市,0.0,0.0,104000.0,104000.0,0.0
6781,AES-KY,上市,87711.0,0.0,13851.0,101562.0,85418780.0
6278,台表科,上市,-7519.0,143000.0,-34829.0,100652.0,292398353.0
009800,中信NASDAQ,上市,-20778.0,0.0,119203.0,98425.0,288391000.0
1444,力麗,上市,162878.0,-12000.0,-54000.0,96878.0,995595059.0
3058,立德,上市,102000.0,0.0,-6000.0,96000.0,201722779.0
00710B,復華彭博非投等債,上市,-2000.0,0.0,97379.0,95379.0,180761000.0
3024,憶聲,上市,162000.0,0.0,-69000.0,93000.0,277157496.0
4566,時碩工業,上市,88666.0,0.0,2367.0,91033.0,109993047.0
1904,正隆,上市,134602.0,7000.0,-52000.0,89602.0,1108274522.0
3437,榮創,上市,100000.0,0.0,-12000.0,88000.0,144548000.0
2072,世紀風電,上市,87736.0,0.0,-1000.0,86736.0,192000000.0
1711,永光,上市,76142.0,0.0,10544.0,86686.0,547752226.0
2387,精元,上市,106000.0,-5478.0,-14000.0,86522.0,195251051.0
8454,富邦媒,上市,117891.0,903.0,-32646.0,86148.0,264975275.0
2030,彰源,上市,138859.0,0.0,-53000.0,85859.0,280526027.0
009810,玉山全球藍籌100,上市,27000.0,0.0,58140.0,85140.0,19154000.0
4142,國光生,上市,102000.0,0.0,-17029.0,84971.0,429507750.0
2023,燁輝,上市,209104.0,11000.0,-136000.0,84104.0,1841240214.0
3515,華擎,上市,101757.0,-903.0,-16880.0,83974.0,123544049.0
6005,群益證,上市,-2122494.0,2206151.0,0.0,83657.0,2170908097.0
2481,強茂,上市,129438.0,-149000.0,102903.0,83341.0,382114927.0
6994,富威電力,上市,85000.0,0.0,-2000.0,83000.0,74162071.0
1532,勤美,上市,96000.0,0.0,-13259.0,82741.0,422604271.0
1617,榮星,上市,83876.0,0.0,-1967.0,81909.0,169514700.0
00989A,主動摩根美國科技,上市,-410718.0,0.0,491458.0,80740.0,73117000.0
00952,凱基台灣AI50,上市,1125174.0,0.0,-1046045.0,79129.0,246775000.0
8081,致新,上市,134000.0,-45851.0,-10494.0,77655.0,86172072.0
6205,詮欣,上市,87664.0,0.0,-10954.0,76710.0,82235907.0
5285,界霖,上市,260200.0,-120000.0,-63630.0,76570.0,102040926.0
8105,凌巨,上市,136060.0,-3000.0,-57000.0,76060.0,441544851.0
00850,元大臺灣ESG永續,上市,-107586.0,473000.0,-290048.0,75366.0,416944000.0
2417,圓剛,上市,78326.0,0.0,-3000.0,75326.0,157218864.0
2302,麗正,上市,101789.0,5000.0,-31673.0,75116.0,166302881.0
8249,菱光,上市,100000.0,0.0,-25000.0,75000.0,137824500.0
3031,佰鴻,上市,132875.0,0.0,-60457.0,72418.0,173203224.0
1319,東陽,上市,113553.0,3000.0,-44469.0,72084.0,591477068.0
4771,望隼,上市,74000.0,0.0,-2016.0,71984.0,58708700.0
1342,八貫,上市,77181.0,-1000.0,-5481.0,70700.0,78000902.0
020034,元大IC設計N,上市,0.0,0.0,70000.0,70000.0,0.0
2434,統懋,上市,79000.0,0.0,-10922.0,68078.0,37000000.0
6768,志強-KY,上市,72000.0,-2000.0,-4543.0,65457.0,200095061.0
00693U,期街口S&P黃豆,上市,-20000.0,0.0,85422.0,65422.0,75666000.0
1616,億泰,上市,68168.0,0.0,-4112.0,64056.0,194148515.0
3014,聯陽,上市,107709.0,-6620.0,-37193.0,63896.0,165979124.0
00982T,平衡兆豐台美動能,上市,0.0,0.0,63779.0,63779.0,18597000.0
3652,精聯,上市,75000.0,0.0,-12000.0,63000.0,75097500.0
1471,首利,上市,67000.0,0.0,-4000.0,63000.0,150414536.0
2467,志聖,上市,128156.0,-43851.0,-22493.0,61812.0,156855348.0
3005,神基,上市,335000.0,-212157.0,-61154.0,61689.0,624310150.0
00674R,期元大S&P黃金反1,上市,0.0,0.0,61667.0,61667.0,15420555.0
2395,研華,上市,730138.0,-750000.0,80763.0,60901.0,868254487.0
3060,銘異,上市,76000.0,-1000.0,-14336.0,60664.0,137563190.0
2885,元大金,上市,-3563505.0,3892626.0,-268557.0,60564.0,13331149946.0
1727,中華化,上市,69577.0,0.0,-9514.0,60063.0,128019559.0
00700,富邦恒生國企,上市,-208975.0,0.0,268602.0,59627.0,34983000.0
1590,亞德客-KY,上市,75230.0,0.0,-15609.0,59621.0,199999998.0
6742,澤米,上市,63002.0,0.0,-4000.0,59002.0,71267948.0
6947,台鎔科技,上市,59000.0,0.0,0.0,59000.0,106126334.0
1735,日勝化,上市,56910.0,0.0,485.0,57395.0,99388000.0
6933,AMAX-KY,上市,53967.0,0.0,1563.0,55530.0,42384800.0
6558,興能高,上市,61000.0,0.0,-6000.0,55000.0,93788875.0
2887H,台新新光庚特二,上市,55000.0,0.0,0.0,55000.0,219668000.0
9940,信義,上市,72205.0,0.0,-17326.0,54879.0,736846500.0
00730,富邦臺灣優質高息,上市,129000.0,0.0,-74716.0,54284.0,70044000.0
2031,新光鋼,上市,72000.0,-7000.0,-10873.0,54127.0,321146341.0
2852,第一保,上市,60197.0,0.0,-7000.0,53197.0,301163784.0
3617,碩天,上市,97438.0,-1066.0,-43210.0,53162.0,94766049.0
4952,凌通,上市,102000.0,0.0,-49121.0,52879.0,108815816.0
4552,力達-KY,上市,69000.0,0.0,-17000.0,52000.0,116000000.0
00910,第一金太空衛星,上市,-54000.0,0.0,104710.0,50710.0,126439000.0
8045,達運光電,上市,60000.0,0.0,-9802.0,50198.0,95041815.0
3312,弘憶股,上市,89000.0,0.0,-38989.0,50011.0,182626815.0
5244,弘凱,上市,52000.0,0.0,-3000.0,49000.0,68241899.0
2849,安泰銀,上市,126000.0,0.0,-78000.0,48000.0,1957609349.0
1419,新紡,上市,-32000.0,85000.0,-5000.0,48000.0,300041280.0
1476,儒鴻,上市,67220.0,-3818.0,-15643.0,47759.0,274367111.0
1524,耿鼎,上市,51629.0,0.0,-4000.0,47629.0,165310397.0
00852L,國泰美國道瓊正2,上市,-2000.0,0.0,49428.0,47428.0,8365000.0
00898,國泰基因免疫革命,上市,31000.0,0.0,15750.0,46750.0,140476000.0
2062,橋椿,上市,70930.0,0.0,-25000.0,45930.0,199994152.0
7827,漢康-KY創,上市,54000.0,0.0,-8384.0,45616.0,139605737.0
00921,兆豐龍頭等權重,上市,18000.0,0.0,27321.0,45321.0,55270000.0
912000,晨訊科-DR,上市,45000.0,0.0,0.0,45000.0,159293516.0
2545,皇翔,上市,66501.0,0.0,-22001.0,44500.0,379734808.0
2851,中再保,上市,94006.0,0.0,-49648.0,44358.0,800388750.0
4770,上品,上市,49970.0,0.0,-5790.0,44180.0,79976000.0
1446,宏和,上市,44000.0,0.0,0.0,44000.0,137709513.0
6756,威鋒電子,上市,57000.0,0.0,-13601.0,43399.0,69990000.0
1603,華電,上市,59219.0,0.0,-16000.0,43219.0,191688000.0
6937,天虹,上市,41976.0,0.0,1185.0,43161.0,67655263.0
3447,展達,上市,45000.0,0.0,-2000.0,43000.0,77449120.0
6541,泰福-KY,上市,49430.0,0.0,-7000.0,42430.0,264986367.0
6689,伊雲谷,上市,57000.0,0.0,-14990.0,42010.0,68000000.0
3027,盛達,上市,45000.0,0.0,-3000.0,42000.0,129960299.0
00634R,富邦上証反1,上市,0.0,0.0,42000.0,42000.0,47256000.0
6715,嘉基,上市,47873.0,0.0,-5909.0,41964.0,67099670.0
7780,大研生醫*,上市,70000.0,0.0,-28289.0,41711.0,810024170.0
1810,和成,上市,66563.0,-17062.0,-8878.0,40623.0,302303719.0
2059,川湖,上市,-91041.0,140085.0,-8958.0,40086.0,95297072.0
2015,豐興,上市,-7166.0,73000.0,-26000.0,39834.0,581599424.0
00912,中信臺灣智慧50,上市,-139000.0,0.0,178799.0,39799.0,61253000.0
6672,騰輝電子-KY,上市,43347.0,-1000.0,-2669.0,39678.0,71434745.0
00930,永豐ESG低碳高息,上市,-16000.0,0.0,55519.0,39519.0,130779000.0
4583,台灣精銳,上市,43251.0,0.0,-4140.0,39111.0,80171351.0
00647L,元大S&P500正2,上市,-25000.0,0.0,62396.0,37396.0,6416000.0
3056,富華新,上市,76752.0,0.0,-39666.0,37086.0,480555051.0
8104,錸寶,上市,40001.0,0.0,-3000.0,37001.0,104058192.0
6283,淳安,上市,40000.0,0.0,-3000.0,37000.0,148981343.0
6799,來頡,上市,85005.0,0.0,-48056.0,36949.0,43652193.0
3661,世芯-KY,上市,9183.0,1000.0,26523.0,36706.0,86204722.0
3419,譁裕,上市,38000.0,0.0,-2000.0,36000.0,120480417.0
5484,慧友,上市,46000.0,0.0,-11000.0,35000.0,66801000.0
2887G,台新新光庚特一,上市,34000.0,0.0,0.0,34000.0,75000000.0
2546,根基,上市,-57978.0,106000.0,-15000.0,33022.0,130524193.0
5531,鄉林,上市,60000.0,0.0,-27000.0,33000.0,977589245.0
6782,視陽,上市,35831.0,0.0,-2893.0,32938.0,63000000.0
2349,錸德,上市,49608.0,0.0,-17000.0,32608.0,693679663.0
00762,元大全球AI,上市,0.0,0.0,32419.0,32419.0,48248000.0
4545,銘鈺,上市,41000.0,0.0,-9000.0,32000.0,77000000.0
3712,永崴投控,上市,35000.0,0.0,-4000.0,31000.0,246242146.0
8404,百和興業-KY,上市,45000.0,0.0,-14000.0,31000.0,419933884.0
1786,科妍,上市,34000.0,0.0,-3419.0,30581.0,74827641.0
6431,光麗-KY,上市,36000.0,0.0,-6000.0,30000.0,97398835.0
00770,國泰北美科技,上市,6000.0,0.0,23633.0,29633.0,79458000.0
00728,第一金工業30,上市,-74000.0,0.0,103590.0,29590.0,38923000.0
3138,耀登,上市,35689.0,0.0,-6260.0,29429.0,56392314.0
2427,三商電,上市,34000.0,0.0,-5000.0,29000.0,197999573.0
00737,國泰AI機器人,上市,145000.0,0.0,-116428.0,28572.0,22538000.0
9939,宏全,上市,147000.0,-108000.0,-10725.0,28275.0,295786475.0
1707,葡萄王,上市,34244.0,0.0,-6000.0,28244.0,148137373.0
0053,元大電子,上市,-15992.0,0.0,44056.0,28064.0,5488000.0
3021,鴻名,上市,59000.0,0.0,-31000.0,28000.0,94890000.0
6112,邁達特,上市,35000.0,0.0,-7006.0,27994.0,188357336.0
3013,晟銘電,上市,40558.0,2000.0,-14856.0,27702.0,205138930.0
1522,堤維西,上市,47296.0,0.0,-20000.0,27296.0,312897881.0
8072,陞泰,上市,31000.0,0.0,-4000.0,27000.0,80000000.0
6197,佳必琪,上市,-144684.0,61000.0,110317.0,26633.0,122085882.0
6863,永道-KY,上市,31000.0,0.0,-5176.0,25824.0,74888000.0
6789,采鈺,上市,40392.0,5000.0,-19783.0,25609.0,318299119.0
4571,鈞興-KY,上市,29000.0,0.0,-4882.0,24118.0,53017115.0
5288,豐祥-KY,上市,-46000.0,78000.0,-7988.0,24012.0,69698722.0
2102,泰豐,上市,34000.0,0.0,-10000.0,24000.0,473329207.0
4555,氣立,上市,38000.0,0.0,-14009.0,23991.0,69987653.0
00903,富邦元宇宙,上市,-7000.0,0.0,30114.0,23114.0,49221000.0
1809,中釉,上市,31421.0,0.0,-8414.0,23007.0,167041937.0
1512,瑞利,上市,26000.0,0.0,-3000.0,23000.0,98183498.0
1539,巨庭,上市,24000.0,0.0,-1000.0,23000.0,65370000.0
2450,神腦,上市,32000.0,0.0,-9000.0,23000.0,258252657.0
6189,豐藝,上市,66000.0,-10072.0,-33405.0,22523.0,263779657.0
5234,達興材料,上市,28099.0,0.0,-5732.0,22367.0,102715911.0
2498,宏達電,上市,64251.0,0.0,-41921.0,22330.0,836065086.0
2069,運錩,上市,31000.0,0.0,-9000.0,22000.0,166386836.0
2228,劍麟,上市,25000.0,0.0,-3000.0,22000.0,79779692.0
2816,旺旺保,上市,27000.0,0.0,-5000.0,22000.0,223608000.0
2025,千興,上市,32994.0,0.0,-11000.0,21994.0,172660536.0
6854,錼創科技-KY創,上市,26000.0,0.0,-4092.0,21908.0,117678622.0
8215,明基材,上市,34848.0,0.0,-13198.0,21650.0,320674514.0
2423,固緯,上市,39001.0,0.0,-18113.0,20888.0,145047289.0
2548,華固,上市,34041.0,2000.0,-15202.0,20839.0,319718697.0
2338,光罩,上市,152447.0,0.0,-131900.0,20547.0,366849183.0
6117,迎廣,上市,22495.0,0.0,-2075.0,20420.0,92560911.0
5222,全訊,上市,43000.0,0.0,-22778.0,20222.0,91094968.0
3356,奇偶,上市,35802.0,0.0,-15917.0,19885.0,80541672.0
009809,富邦淨零ESG50,上市,-106000.0,0.0,125692.0,19692.0,32363000.0
00962,台新AI優息動能,上市,-317000.0,0.0,336127.0,19127.0,53920000.0
1776,展宇,上市,31000.0,0.0,-12000.0,19000.0,60106952.0
3296,勝德,上市,25000.0,0.0,-6000.0,19000.0,96724450.0
4935,茂林-KY,上市,25000.0,0.0,-6000.0,19000.0,128864091.0
6591,動力-KY,上市,20000.0,0.0,-1000.0,19000.0,41122465.0
6658,聯策,上市,33744.0,0.0,-15060.0,18684.0,36370000.0
6931,青松健康,上市,24000.0,0.0,-6000.0,18000.0,66152160.0
2033,佳大,上市,25000.0,0.0,-7000.0,18000.0,80694536.0
1435,中福,上市,1000.0,0.0,17000.0,18000.0,139780080.0
2509,全坤建,上市,23000.0,0.0,-5000.0,18000.0,224550530.0
6958,日盛台駿,上市,26000.0,0.0,-8000.0,18000.0,401289360.0
6526,達發,上市,33284.0,1000.0,-16320.0,17964.0,167505554.0
4585,達明,上市,22000.0,0.0,-4526.0,17474.0,104609000.0
2462,良得電,上市,20000.0,0.0,-2857.0,17143.0,150784482.0
6625,必應,上市,29017.0,0.0,-11998.0,17019.0,57972488.0
1439,雋揚,上市,19000.0,0.0,-2000.0,17000.0,92000000.0
4438,廣越,上市,18000.0,0.0,-1000.0,17000.0,113425455.0
2453,凌群,上市,20948.0,0.0,-4000.0,16948.0,100000000.0
00703,台新MSCI中國,上市,0.0,0.0,16926.0,16926.0,9550000.0
4949,有成精密,上市,25000.0,0.0,-9000.0,16000.0,67722043.0
2832,台產,上市,30000.0,0.0,-14000.0,16000.0,253540280.0
3701,大眾控,上市,22000.0,0.0,-6184.0,15816.0,236637616.0
6215,和椿,上市,31000.0,0.0,-15614.0,15386.0,82789693.0
2406,國碩,上市,123580.0,-5000.0,-103541.0,15039.0,350905689.0
7768,頌勝科技,上市,24000.0,0.0,-9000.0,15000.0,70065000.0
9912,偉聯,上市,21000.0,0.0,-6000.0,15000.0,53792569.0
3054,立萬利,上市,18000.0,0.0,-3000.0,15000.0,80651041.0
6753,龍德造船,上市,24000.0,0.0,-9109.0,14891.0,117253224.0
6224,聚鼎,上市,37901.0,0.0,-23542.0,14359.0,85645361.0
8162,微矽電子-創,上市,53000.0,0.0,-38941.0,14059.0,68702000.0
3686,達能,上市,35000.0,0.0,-21000.0,14000.0,76495118.0
6949,沛爾生醫*-創,上市,17000.0,0.0,-3269.0,13731.0,65580050.0
6776,展碁國際,上市,39167.0,0.0,-26000.0,13167.0,91581430.0
8940,新天地,上市,14000.0,0.0,-1000.0,13000.0,67491032.0
1615,大山,上市,15000.0,0.0,-2000.0,13000.0,196663702.0
2477,美隆電,上市,17000.0,0.0,-4000.0,13000.0,158573244.0
6108,競國,上市,24999.0,0.0,-12119.0,12880.0,154494311.0
6164,華興,上市,13673.0,0.0,-1000.0,12673.0,80000000.0
00739,元大MSCI A股,上市,-11000.0,0.0,23485.0,12485.0,25988000.0
6698,旭暉應材,上市,49020.0,0.0,-37000.0,12020.0,66389753.0
1762,中化生,上市,36000.0,0.0,-24000.0,12000.0,76918000.0
3057,喬鼎,上市,13000.0,0.0,-1000.0,12000.0,67864629.0
2471,資通,上市,13000.0,0.0,-1000.0,12000.0,47253890.0
2404,漢唐,上市,418077.0,-446000.0,39057.0,11134.0,190586698.0
2516,新建,上市,17000.0,0.0,-6000.0,11000.0,226278457.0
020000,富邦特選蘋果N,上市,0.0,0.0,11000.0,11000.0,0.0
2911,麗嬰房,上市,14000.0,0.0,-3000.0,11000.0,105125999.0
2364,倫飛,上市,12974.0,0.0,-2000.0,10974.0,52388648.0
1623,大東電,上市,12141.0,0.0,-1815.0,10326.0,66000000.0
2028,威致,上市,17000.0,0.0,-7000.0,10000.0,325714800.0
1473,台南,上市,13000.0,0.0,-3000.0,10000.0,146153534.0
2838A,聯邦銀甲特,上市,10000.0,0.0,0.0,10000.0,200000000.0
00638R,元大滬深300反1,上市,0.0,0.0,9900.0,9900.0,24448000.0
8464,億豐,上市,27390.0,-4467.0,-13238.0,9685.0,293020200.0
1773,勝一,上市,15039.0,2000.0,-7536.0,9503.0,300000000.0
1783,和康生,上市,12264.0,0.0,-3000.0,9264.0,89698115.0
1447,力鵬,上市,39035.0,-9000.0,-21000.0,9035.0,910071242.0
1451,年興,上市,14000.0,0.0,-5000.0,9000.0,198000000.0
2227,裕日車,上市,16000.0,0.0,-7000.0,9000.0,300000000.0
6183,關貿,上市,14000.0,0.0,-5000.0,9000.0,150000000.0
6965,中傑-KY,上市,10000.0,0.0,-1000.0,9000.0,156336000.0
4930,燦星網,上市,11000.0,0.0,-2000.0,9000.0,80000000.0
00663L,國泰臺灣加權正2,上市,183000.0,0.0,-174158.0,8842.0,175663000.0
00678,群益那斯達克生技,上市,-277000.0,0.0,285395.0,8395.0,8448000.0
2357,華碩,上市,121633.0,-96679.0,-16723.0,8231.0,742760280.0
00660,元大歐洲50,上市,200.0,0.0,8000.0,8200.0,7531000.0
6916,華凌,上市,10000.0,0.0,-1991.0,8009.0,67500000.0
5306,桂盟,上市,15000.0,0.0,-7000.0,8000.0,126000772.0
00736,國泰新興市場,上市,1000.0,0.0,7000.0,8000.0,6727000.0
1817,凱撒衛,上市,9000.0,0.0,-1000.0,8000.0,72600000.0
1535,中宇,上市,10000.0,0.0,-2000.0,8000.0,123742552.0
020031,統一IC設計臺灣N,上市,0.0,0.0,8000.0,8000.0,0.0
1445,大宇,上市,16000.0,0.0,-8000.0,8000.0,130666034.0
1413,宏洲,上市,10000.0,0.0,-2000.0,8000.0,132112454.0
1457,宜進,上市,14826.0,0.0,-7000.0,7826.0,316730022.0
2505,國揚,上市,22370.0,0.0,-15000.0,7370.0,380000000.0
00901,永豐智能車供應鏈,上市,389000.0,0.0,-381681.0,7319.0,63349000.0
3593,力銘,上市,7000.0,0.0,0.0,7000.0,60825449.0
6281,全國電,上市,9000.0,0.0,-2000.0,7000.0,99172945.0
2887E,台新新光戊特一,上市,7000.0,0.0,0.0,7000.0,500000000.0
1587,吉茂,上市,7871.0,0.0,-1000.0,6871.0,80055672.0
2636,台驊控股,上市,11840.0,0.0,-5000.0,6840.0,141835230.0
1530,亞崴,上市,9420.0,0.0,-2703.0,6717.0,94594171.0
6908,宏碁遊戲-創,上市,7000.0,0.0,-346.0,6654.0,37180000.0
8411,福貞-KY,上市,6000.0,0.0,0.0,6000.0,218404319.0
9931,欣高,上市,9000.0,0.0,-3000.0,6000.0,120369303.0
6464,台數科,上市,16000.0,0.0,-10000.0,6000.0,128781532.0
2939,永邑-KY,上市,7000.0,0.0,-1000.0,6000.0,45548665.0
1203,味王,上市,10000.0,0.0,-4000.0,6000.0,240000000.0
1110,東泥,上市,20000.0,0.0,-14000.0,6000.0,572000797.0
1614,三洋電,上市,17000.0,0.0,-11000.0,6000.0,269113406.0
4569,六方科-KY,上市,8000.0,0.0,-2005.0,5995.0,30600000.0
00645,富邦日本,上市,195125.0,0.0,-189143.0,5982.0,43497000.0
00899,FT潔淨能源,上市,1000.0,0.0,4980.0,5980.0,16135000.0
3588,通嘉,上市,49443.0,0.0,-43813.0,5630.0,61993182.0
7803,雲象科技-創,上市,16000.0,0.0,-10470.0,5530.0,94412888.0
6691,洋基工程,上市,-8995.0,-1000.0,15460.0,5465.0,121487209.0
7795,長廣,上市,-6000.0,0.0,11164.0,5164.0,78828500.0
6936,永鴻生技,上市,6000.0,0.0,-1000.0,5000.0,72804000.0
6988,威力暘-創,上市,2000.0,0.0,3000.0,5000.0,47600000.0
8201,無敵,上市,7000.0,0.0,-2000.0,5000.0,62366275.0
8488,吉源-KY,上市,7000.0,0.0,-2000.0,5000.0,73500000.0
5546,永固-KY,上市,2000.0,0.0,3000.0,5000.0,82353402.0
2881A,富邦特,上市,5000.0,0.0,0.0,5000.0,600000000.0
2524,京城,上市,0.0,0.0,5000.0,5000.0,365983545.0
1432,大魯閣,上市,31000.0,0.0,-26000.0,5000.0,108000000.0
1456,怡華,上市,7000.0,0.0,-2000.0,5000.0,93720000.0
1725,元禎,上市,14000.0,0.0,-9000.0,5000.0,181829978.0
3018,隆銘綠能,上市,6000.0,0.0,-1000.0,5000.0,75377715.0
2488,漢平,上市,11971.0,0.0,-7000.0,4971.0,79999433.0
00714,群益道瓊美國地產,上市,3000.0,0.0,1877.0,4877.0,21067000.0
6969,成信實業*-創,上市,6000.0,0.0,-1327.0,4673.0,43857189.0
7749,意騰-KY,上市,9000.0,0.0,-4774.0,4226.0,46485728.0
6902,GOGOLOOK,上市,7000.0,0.0,-2967.0,4033.0,35529948.0
6885,全福生技,上市,7000.0,0.0,-3000.0,4000.0,133061000.0
4807,日成-KY,上市,51000.0,0.0,-47000.0,4000.0,48996032.0
1752,南光,上市,6000.0,0.0,-2000.0,4000.0,100988472.0
1805,寶徠,上市,7000.0,0.0,-3000.0,4000.0,134970455.0
1583,程泰,上市,10000.0,0.0,-6000.0,4000.0,109400372.0
020020,元大台股領航N,上市,0.0,0.0,4000.0,4000.0,0.0
6606,建德工業,上市,16000.0,0.0,-12000.0,4000.0,110303783.0
006203,元大MSCI台灣,上市,-1989.0,0.0,5916.0,3927.0,10218000.0
3257,虹冠電,上市,103910.0,0.0,-100000.0,3910.0,79823590.0
9927,泰銘,上市,-6940.0,0.0,10000.0,3060.0,120000000.0
9926,新海,上市,7000.0,0.0,-4000.0,3000.0,179504075.0
8482,商億-KY,上市,6000.0,0.0,-3000.0,3000.0,107444000.0
5538,東明-KY,上市,8000.0,0.0,-5000.0,3000.0,201203333.0
6657,華安,上市,5000.0,0.0,-2000.0,3000.0,88808000.0
6754,匯僑設計,上市,5000.0,0.0,-2000.0,3000.0,66000000.0
5007,三星,上市,10000.0,0.0,-7000.0,3000.0,294940154.0
2424,隴華,上市,3000.0,0.0,0.0,3000.0,59585000.0
1234,黑松,上市,22000.0,0.0,-19000.0,3000.0,401871094.0
1235,興泰,上市,7000.0,0.0,-4000.0,3000.0,188577836.0
2008,高興昌,上市,9000.0,0.0,-6000.0,3000.0,190852293.0
9919,康那香,上市,10000.0,0.0,-7000.0,3000.0,195362750.0
1443,立益物流,上市,6000.0,0.0,-3000.0,3000.0,135343011.0
2432,倚天酷碁-創,上市,2000.0,0.0,1000.0,3000.0,61860000.0
009801,中信美國創新科技,上市,-2000.0,0.0,4882.0,2882.0,97119000.0
3092,鴻碩,上市,7000.0,0.0,-4250.0,2750.0,106649250.0
6216,居易,上市,7000.0,0.0,-4690.0,2310.0,97296137.0
6192,巨路,上市,8297.0,0.0,-6003.0,2294.0,96155770.0
4164,承業醫,上市,10488.0,0.0,-8201.0,2287.0,195310989.0
00702,國泰標普低波高息,上市,0.0,0.0,2131.0,2131.0,6688000.0
3046,建碁,上市,18080.0,0.0,-16020.0,2060.0,78448013.0
1516,川飛,上市,3000.0,0.0,-1000.0,2000.0,40008195.0
2702,華園,上市,6000.0,0.0,-4000.0,2000.0,156613249.0
6906,現觀科,上市,2000.0,0.0,0.0,2000.0,33537400.0
020038,元大ESG配息N,上市,0.0,0.0,2000.0,2000.0,0.0
1438,三地開發,上市,8000.0,0.0,-6000.0,2000.0,111205759.0
1441,大東,上市,3000.0,0.0,-1000.0,2000.0,71744387.0
1541,錩泰,上市,4000.0,0.0,-2000.0,2000.0,78800000.0
1453,大將,上市,6000.0,0.0,-4000.0,2000.0,113243048.0
6230,尼得科超眾,上市,10000.0,0.0,-8000.0,2000.0,86343396.0
6835,圓裕,上市,11000.0,0.0,-9000.0,2000.0,66172297.0
6655,科定,上市,3000.0,0.0,-1000.0,2000.0,80571817.0
3150,鈺寶-創,上市,7000.0,0.0,-5000.0,2000.0,44377001.0
2882B,國泰金乙特,上市,0.0,0.0,2000.0,2000.0,700000000.0
4148,全宇生技-KY,上市,4000.0,0.0,-2000.0,2000.0,67235701.0
7711,永擎,上市,5990.0,0.0,-4238.0,1752.0,71700445.0
6142,友勁,上市,5001.0,0.0,-4000.0,1001.0,330779215.0
9918,欣天然,上市,5000.0,0.0,-4000.0,1000.0,180537453.0
8481,政伸,上市,3000.0,0.0,-2000.0,1000.0,66601866.0
6666,羅麗芬-KY,上市,3000.0,0.0,-2000.0,1000.0,47388000.0
6796,晉弘,上市,2000.0,0.0,-1000.0,1000.0,40233970.0
4426,利勤,上市,5000.0,0.0,-4000.0,1000.0,172677198.0
4581,光隆精密-KY,上市,1000.0,0.0,0.0,1000.0,33899000.0
1474,弘裕,上市,4000.0,0.0,-3000.0,1000.0,129896969.0
2012,春雨,上市,8000.0,0.0,-7000.0,1000.0,302162700.0
020028,元大特選電動車N,上市,0.0,0.0,1000.0,1000.0,0.0
01010T,京城樂富R1,上市,1000.0,0.0,0.0,1000.0,0.0
1108,幸福,上市,16000.0,0.0,-15000.0,1000.0,404738049.0
00689R,國泰20年美債反1,上市,0.0,0.0,1000.0,1000.0,6889000.0
00851,台新全球AI,上市,-1000.0,0.0,2000.0,1000.0,5525000.0
2433,互盛電,上市,7000.0,0.0,-6000.0,1000.0,144496011.0
2496,卓越,上市,1000.0,0.0,0.0,1000.0,19100440.0
1730,花仙子,上市,2000.0,0.0,-1000.0,1000.0,63233851.0
2528,皇普,上市,13000.0,0.0,-12000.0,1000.0,435996467.0
2250,IKKA-KY,上市,2000.0,0.0,-1000.0,1000.0,36388226.0
2891C,中信金丙特,上市,0.0,0.0,1000.0,1000.0,166660000.0
4588,玖鼎電力,上市,1000.0,0.0,0.0,1000.0,42985000.0
7823,奧義賽博-KY創,上市,2000.0,0.0,-1001.0,999.0,33490890.0
00682U,期元大美元指數,上市,0.0,0.0,999.0,999.0,7644000.0
2254,巨鎧精密-創,上市,0.0,0.0,927.0,927.0,63907680.0
6581,鋼聯,上市,6000.0,0.0,-5082.0,918.0,111270887.0
0051,元大中型100,上市,30.0,0.0,806.0,836.0,24500000.0
3167,大量,上市,226000.0,-276000.0,50717.0,717.0,89513491.0
3308,聯德,上市,2000.0,0.0,-1658.0,342.0,60000000.0
006204,永豐臺灣加權,上市,-10100.0,0.0,10214.0,114.0,1500000.0
00771,元大US高息特別股,上市,0.0,0.0,69.0,69.0,14225000.0
6955,邦睿生技-創,上市,0.0,0.0,18.0,18.0,24800785.0
7721,微程式,上市,3000.0,0.0,-3000.0,0.0,55370000.0
8467,波力-KY,上市,3000.0,0.0,-3000.0,0.0,48373575.0
9905,大華,上市,7000.0,0.0,-7000.0,0.0,305000000.0
6201,亞弘電,上市,4000.0,0.0,-4000.0,0.0,89200000.0
6184,大豐電,上市,3000.0,0.0,-3000.0,0.0,162127629.0
3432,台端,上市,1000.0,0.0,-1000.0,0.0,42230000.0
3164,景岳,上市,2000.0,0.0,-2000.0,0.0,86010364.0
2945,三商家購,上市,2000.0,0.0,-2000.0,0.0,67500000.0
2901,欣欣,上市,1000.0,0.0,-1000.0,0.0,73043283.0
4560,強信-KY,上市,3000.0,0.0,-3000.0,0.0,68097240.0
4119,旭富,上市,3000.0,0.0,-3000.0,0.0,119508634.0
4190,佐登-KY,上市,1000.0,0.0,-1000.0,0.0,61444112.0
00636K,國泰中國A50+U,上市,0.0,0.0,0.0,0.0,62100.0
00657K,國泰日經225+U,上市,0.0,0.0,0.0,0.0,2900.0
00668K,國泰美國道瓊+U,上市,0.0,0.0,0.0,0.0,7500.0
2024,志聯,上市,3000.0,0.0,-3000.0,0.0,97500000.0
2115,六暉-KY,上市,2000.0,0.0,-2000.0,0.0,104373163.0
1454,台富,上市,3000.0,0.0,-3000.0,0.0,129833848.0
1521,大億,上市,2000.0,0.0,-2000.0,0.0,76230000.0
6582,申豐,上市,3000.0,0.0,-3000.0,0.0,106174141.0
1341,富林-KY,上市,1000.0,0.0,-1000.0,0.0,52850634.0
9929,秋雨,上市,4000.0,0.0,-4000.0,0.0,101280000.0
00711B,復華彭博新興債,上市,3600.0,0.0,-4002.0,-402.0,871761000.0
00657,國泰日經225,上市,205000.0,0.0,-205761.0,-761.0,6584000.0
3622,洋華,上市,13849.0,-3965.0,-10853.0,-969.0,151327600.0
00681R,元大美債20反1,上市,5000.0,0.0,-5998.0,-998.0,7594000.0
2239,英利-KY,上市,0.0,0.0,-1000.0,-1000.0,117712593.0
1525,江申,上市,0.0,0.0,-1000.0,-1000.0,73400135.0
4994,傳奇,上市,2000.0,0.0,-3000.0,-1000.0,66383400.0
2891B,中信金乙特,上市,0.0,0.0,-1000.0,-1000.0,333330000.0
2881B,富邦金乙特,上市,0.0,0.0,-1000.0,-1000.0,666660000.0
9928,中視,上市,0.0,0.0,-1000.0,-1000.0,70724583.0
020030,統一智慧電動車N,上市,0.0,0.0,-1000.0,-1000.0,0.0
6807,峰源-KY,上市,0.0,0.0,-1000.0,-1000.0,54000000.0
6645,金萬林-創,上市,1000.0,0.0,-2017.0,-1017.0,60864050.0
00775B,台新投等債15+,上市,0.0,0.0,-1272.0,-1272.0,232100000.0
00920,富邦ESG綠色電力,上市,62000.0,0.0,-63708.0,-1708.0,20280000.0
7631,聚賢研發-創,上市,-2910.0,0.0,959.0,-1951.0,20142000.0
1470,大統新創,上市,0.0,0.0,-2000.0,-2000.0,85767000.0
5906,台南-KY,上市,-1000.0,0.0,-1000.0,-2000.0,35741412.0
00656R,國泰中國A50反1,上市,0.0,0.0,-2000.0,-2000.0,20357000.0
1475,業旺,上市,2000.0,0.0,-4000.0,-2000.0,66016749.0
1472,三洋實業,上市,2000.0,0.0,-4000.0,-2000.0,52488082.0
1468,昶和,上市,2000.0,0.0,-4000.0,-2000.0,160405244.0
1423,利華,上市,1000.0,0.0,-3000.0,-2000.0,99648000.0
1416,廣豐,上市,2000.0,0.0,-4000.0,-2000.0,185342168.0
9944,新麗,上市,1000.0,0.0,-3000.0,-2000.0,105908100.0
910861,神州-DR,上市,-2000.0,0.0,0.0,-2000.0,34016976.0
8367,建新國際,上市,0.0,0.0,-2000.0,-2000.0,92172031.0
6934,心誠鎂,上市,-1000.0,0.0,-1000.0,-2000.0,35972762.0
6924,榮惠-KY創,上市,1000.0,0.0,-3000.0,-2000.0,20624000.0
7732,金興精密,上市,3000.0,0.0,-5000.0,-2000.0,64680000.0
7835,永悅健康-創,上市,-2000.0,0.0,0.0,-2000.0,46544367.0
2712,遠雄來,上市,1000.0,0.0,-3000.0,-2000.0,105000000.0
5215,科嘉-KY,上市,1000.0,0.0,-3000.0,-2000.0,64337500.0
6641,基士德-KY,上市,3000.0,0.0,-5007.0,-2007.0,36500000.0
5236,凌陽創新,上市,20527.0,0.0,-22577.0,-2050.0,60004038.0
1220,台榮,上市,1277.0,0.0,-4000.0,-2723.0,177077944.0
00943,兆豐電子高息等權,上市,-1072000.0,0.0,1069094.0,-2906.0,40889000.0
3043,科風,上市,-2000.0,0.0,-1000.0,-3000.0,38975634.0
6952,大武山,上市,1000.0,0.0,-4000.0,-3000.0,68345000.0
3266,昇陽,上市,11000.0,0.0,-14000.0,-3000.0,352314309.0
1236,宏亞,上市,6000.0,0.0,-9000.0,-3000.0,86674008.0
1340,勝悅-KY,上市,1000.0,0.0,-4000.0,-3000.0,152922855.0
1233,天仁,上市,-1000.0,0.0,-2000.0,-3000.0,90591948.0
1626,艾美特-KY,上市,1000.0,0.0,-4000.0,-3000.0,149821721.0
1906,寶隆,上市,1000.0,0.0,-4000.0,-3000.0,151000000.0
1726,永記,上市,3000.0,0.0,-6000.0,-3000.0,162000000.0
6674,鋐寶科技,上市,-1000.0,0.0,-2000.0,-3000.0,68550659.0
8463,潤泰材,上市,4000.0,0.0,-7000.0,-3000.0,150000000.0
8466,美吉吉-KY,上市,-1000.0,0.0,-2000.0,-3000.0,79825628.0
2642,宅配通,上市,-1000.0,0.0,-2000.0,-3000.0,95467000.0
8499,鼎炫-KY,上市,2000.0,0.0,-5063.0,-3063.0,41165557.0
1531,高林股,上市,1050.0,0.0,-5000.0,-3950.0,182108080.0
8443,阿瘦,上市,2000.0,0.0,-6000.0,-4000.0,66800000.0
7689,大鵬科CLMX,上市,-4000.0,0.0,0.0,-4000.0,58507250.0
6722,輝創,上市,4000.0,0.0,-8000.0,-4000.0,88400000.0
6838,台新藥,上市,2000.0,0.0,-6000.0,-4000.0,150977100.0
2882A,國泰特,上市,-4000.0,0.0,0.0,-4000.0,833300000.0
1101B,台泥乙特,上市,0.0,0.0,-4000.0,-4000.0,200000000.0
2468,華經,上市,-2114.0,0.0,-2000.0,-4114.0,69961249.0
3528,安馳,上市,2000.0,0.0,-6117.0,-4117.0,66639216.0
00668,國泰美國道瓊,上市,1000.0,0.0,-5669.0,-4669.0,7483000.0
0057,富邦摩台,上市,-992.0,0.0,-4000.0,-4992.0,1527000.0
2415,錩新,上市,10000.0,-2000.0,-13000.0,-5000.0,90000000.0
1410,南染,上市,-4000.0,0.0,-1000.0,-5000.0,62000000.0
4439,冠星-KY,上市,-3000.0,0.0,-2000.0,-5000.0,38112187.0
2929,淘帝-KY,上市,10000.0,0.0,-15000.0,-5000.0,109493838.0
3041,揚智,上市,78000.0,0.0,-83000.0,-5000.0,140223647.0
6671,三能-KY,上市,-3000.0,0.0,-2000.0,-5000.0,60750000.0
6136,富爾特,上市,22000.0,0.0,-27000.0,-5000.0,115536412.0
7705,三商餐飲,上市,-3000.0,0.0,-2000.0,-5000.0,66067304.0
7736,虎山,上市,-3000.0,0.0,-2000.0,-5000.0,76000000.0
6887,寶綠特-KY,上市,-3000.0,0.0,-2000.0,-5000.0,74151512.0
8442,威宏-KY,上市,-9000.0,0.0,4000.0,-5000.0,70169764.0
2514,龍邦,上市,8000.0,0.0,-13154.0,-5154.0,394729278.0
5225,東科-KY,上市,-3000.0,0.0,-2968.0,-5968.0,79136499.0
3494,誠研,上市,1000.0,0.0,-7000.0,-6000.0,94800000.0
8429,金麗-KY,上市,11000.0,0.0,-17000.0,-6000.0,185747151.0
1324,地球,上市,-4000.0,0.0,-2000.0,-6000.0,75121882.0
1338,廣華-KY,上市,-4000.0,0.0,-2000.0,-6000.0,83840000.0
020029,元大ESG高股息N,上市,0.0,0.0,-6000.0,-6000.0,0.0
2109,華豐,上市,0.0,0.0,-6000.0,-6000.0,279349134.0
7740,熙特爾-創,上市,-14000.0,0.0,7966.0,-6034.0,53200000.0
7722,LINEPAY,上市,-4785.0,0.0,-1623.0,-6408.0,68000000.0
4108,懷特,上市,-4000.0,0.0,-3000.0,-7000.0,198618879.0
2705,六福,上市,1000.0,0.0,-8000.0,-7000.0,191312830.0
6534,正瀚-創,上市,3000.0,0.0,-10164.0,-7164.0,102800000.0
1256,鮮活果汁-KY,上市,-3000.0,0.0,-4233.0,-7233.0,35772160.0
7730,暉盛-創,上市,-6000.0,0.0,-1654.0,-7654.0,36796731.0
2850,新產,上市,3263.0,3000.0,-14000.0,-7737.0,315963300.0
00639,富邦深100,上市,-228000.0,0.0,220159.0,-7841.0,97403000.0
1418,東華,上市,-2000.0,0.0,-6000.0,-8000.0,56834309.0
1323,永裕,上市,5000.0,0.0,-13000.0,-8000.0,91274554.0
6928,攸泰科技,上市,-6000.0,0.0,-2000.0,-8000.0,86000000.0
6504,南六,上市,17000.0,0.0,-25000.0,-8000.0,72600000.0
6552,易華電,上市,38000.0,0.0,-46000.0,-8000.0,83000000.0
6794,向榮生技,上市,-6000.0,0.0,-2000.0,-8000.0,63637000.0
2429,銘旺科,上市,25000.0,0.0,-33000.0,-8000.0,85500000.0
6951,青新-創,上市,-7000.0,0.0,-1043.0,-8043.0,46000000.0
6272,驊陞,上市,-8849.0,0.0,0.0,-8849.0,81763948.0
1315,達新,上市,5000.0,0.0,-14000.0,-9000.0,99099000.0
9937,全國,上市,2000.0,0.0,-11000.0,-9000.0,309043000.0
8487,愛爾達-創,上市,-4000.0,0.0,-5001.0,-9001.0,26535000.0
6921,嘉雨思-創,上市,4000.0,0.0,-13006.0,-9006.0,31836941.0
6792,詠業,上市,1000.0,0.0,-10023.0,-9023.0,47875325.0
2910,統領,上市,-4000.0,0.0,-5024.0,-9024.0,175403000.0
1339,昭輝,上市,-6000.0,0.0,-3447.0,-9447.0,74123875.0
2722,夏都,上市,3000.0,0.0,-13000.0,-10000.0,143169696.0
6771,平和環保-創,上市,-13000.0,0.0,2709.0,-10291.0,31179500.0
00861,元大全球未來通訊,上市,-1994.0,0.0,-8493.0,-10487.0,69912000.0
006206,元大上證50,上市,-11000.0,0.0,389.0,-10611.0,27278000.0
6405,悅城,上市,-6000.0,0.0,-4634.0,-10634.0,65800000.0
5525,順天,上市,-8000.0,0.0,-3000.0,-11000.0,318105378.0
9906,欣巴巴,上市,-21000.0,0.0,10000.0,-11000.0,90376358.0
2314,台揚,上市,-11000.0,0.0,0.0,-11000.0,108596422.0
2248,華勝-KY,上市,-9000.0,0.0,-2000.0,-11000.0,47600000.0
00654R,富邦印度反1,上市,0.0,0.0,-11000.0,-11000.0,19466000.0
4441,振大環球,上市,-5147.0,0.0,-6000.0,-11147.0,68175578.0
1720,生達,上市,10157.0,0.0,-21577.0,-11420.0,178696089.0
3038,全台,上市,-1994.0,0.0,-10000.0,-11994.0,157407603.0
2373,震旦行,上市,-6000.0,0.0,-6000.0,-12000.0,236202518.0
2904,匯僑,上市,-10000.0,0.0,-2000.0,-12000.0,77834432.0
7765,中華資安,上市,-11000.0,0.0,-1000.0,-12000.0,40681000.0
7791,皇家可口,上市,-12000.0,0.0,0.0,-12000.0,80000000.0
00707R,期元大S&P日圓反1,上市,0.0,0.0,-12010.0,-12010.0,5855000.0
2431,聯昌,上市,-11000.0,0.0,-1017.0,-12017.0,110927014.0
00908,富邦入息REITs+,上市,-12000.0,0.0,-88.0,-12088.0,35416000.0
2231,為升,上市,-14857.0,0.0,2651.0,-12206.0,135931870.0
7799,禾榮科,上市,-2000.0,0.0,-10429.0,-12429.0,157995500.0
006205,富邦上証,上市,-320000.0,73000.0,234092.0,-12908.0,94939000.0
2428,興勤,上市,-6153.0,0.0,-6798.0,-12951.0,128112726.0
7821,神數,上市,-10000.0,0.0,-3000.0,-13000.0,121913300.0
3557,嘉威,上市,-11000.0,0.0,-2000.0,-13000.0,84315435.0
4562,穎漢,上市,-10000.0,0.0,-3000.0,-13000.0,87546000.0
1452,宏益,上市,-8000.0,0.0,-6000.0,-14000.0,132641400.0
4572,駐龍,上市,-13090.0,0.0,-1000.0,-14090.0,40000000.0
2534,宏盛,上市,5000.0,0.0,-19106.0,-14106.0,474227970.0
6862,三集瑞-KY,上市,-13000.0,0.0,-1176.0,-14176.0,50000000.0
3530,晶相光,上市,3000.0,0.0,-17207.0,-14207.0,77475900.0
006207,復華滬深,上市,-26000.0,0.0,11570.0,-14430.0,20892000.0
3025,星通,上市,-7031.0,0.0,-8409.0,-15440.0,56736440.0
4999,鑫禾,上市,-12000.0,0.0,-3453.0,-15453.0,74417200.0
00670L,富邦NASDAQ正2,上市,-1000.0,0.0,-14959.0,-15959.0,76145000.0
1466,聚隆,上市,-14000.0,0.0,-2000.0,-16000.0,111157320.0
1460,宏遠,上市,-4067.0,0.0,-12000.0,-16067.0,694643484.0
00731,復華富時高息低波,上市,55000.0,0.0,-71610.0,-16610.0,20600000.0
3694,海華,上市,-5000.0,0.0,-11899.0,-16899.0,154929208.0
1465,偉全,上市,-7980.0,0.0,-9000.0,-16980.0,103607267.0
4440,宜新實業,上市,-12000.0,0.0,-5000.0,-17000.0,67598000.0
911868,同方友友-DR,上市,-17000.0,0.0,0.0,-17000.0,140000000.0
6873,泓德能源,上市,-10652.0,0.0,-6507.0,-17159.0,142649099.0
9921,巨大,上市,-18337.0,2000.0,-1003.0,-17340.0,392065395.0
2114,鑫永銓,上市,-13930.0,0.0,-4000.0,-17930.0,77991707.0
1417,嘉裕,上市,-16000.0,0.0,-2000.0,-18000.0,189941840.0
4942,嘉彰,上市,-15000.0,0.0,-3000.0,-18000.0,142367613.0
3168,眾福科,上市,-16000.0,0.0,-2000.0,-18000.0,75099649.0
2923,鼎固-KY,上市,56000.0,0.0,-74000.0,-18000.0,1740296982.0
2701,萬企,上市,-8000.0,0.0,-10000.0,-18000.0,449967838.0
00783,富邦中証500,上市,-33000.0,0.0,14934.0,-18066.0,7031000.0
1721,國慶科技,上市,18447.0,0.0,-37000.0,-18553.0,184884092.0
2247,汎德永業,上市,-17593.0,0.0,-1000.0,-18593.0,80708735.0
1201,味全,上市,-1776.0,0.0,-17000.0,-18776.0,506062914.0
4582,聚恆-創,上市,-16800.0,0.0,-2000.0,-18800.0,75480000.0
2430,燦坤,上市,-14820.0,0.0,-4000.0,-18820.0,116800000.0
2483,百容,上市,-65000.0,0.0,46000.0,-19000.0,107889807.0
2108,南帝,上市,4000.0,0.0,-23956.0,-19956.0,492416659.0
1463,強盛新,上市,-7000.0,0.0,-13000.0,-20000.0,173268381.0
4590,富田-創,上市,-19000.0,0.0,-1207.0,-20207.0,54838400.0
7822,倍利科,上市,-17998.0,0.0,-2700.0,-20698.0,45560763.0
6923,中台,上市,-18000.0,0.0,-2960.0,-20960.0,91488000.0
2706,第一店,上市,-5000.0,0.0,-16000.0,-21000.0,499998346.0
3040,遠見,上市,-9000.0,0.0,-12000.0,-21000.0,66224538.0
1760,寶齡富錦,上市,-19000.0,0.0,-2000.0,-21000.0,85739013.0
1537,廣隆,上市,-11214.0,0.0,-10002.0,-21216.0,82062794.0
3051,力特,上市,-15000.0,0.0,-7000.0,-22000.0,167000000.0
4133,亞諾法,上市,-18000.0,0.0,-4000.0,-22000.0,60553594.0
2007,燁興,上市,-9000.0,0.0,-13000.0,-22000.0,530651613.0
6243,迅杰,上市,139000.0,0.0,-161499.0,-22499.0,45268841.0
1459,聯發,上市,-23635.0,0.0,1000.0,-22635.0,358628907.0
3034,聯詠,上市,173435.0,-193560.0,-2659.0,-22784.0,608511469.0
7786,東方風能,上市,-18806.0,0.0,-4000.0,-22806.0,175953944.0
8222,寶一,上市,-20824.0,0.0,-2000.0,-22824.0,68573500.0
5284,jpp-KY,上市,-44000.0,0.0,21012.0,-22988.0,52892683.0
2506,太設,上市,-14000.0,0.0,-9000.0,-23000.0,387000000.0
4195,基米-創,上市,-24000.0,0.0,986.0,-23014.0,80000057.0
1540,喬福,上市,22020.0,0.0,-45151.0,-23131.0,85473612.0
6128,上福,上市,30000.0,0.0,-53158.0,-23158.0,127588740.0
3708,上緯投控,上市,-19000.0,0.0,-4208.0,-23208.0,92105384.0
4977,眾達-KY,上市,-48733.0,0.0,25380.0,-23353.0,80189841.0
6914,阜爾運通,上市,-21632.0,0.0,-2000.0,-23632.0,66226000.0
6409,旭隼,上市,-13707.0,-2269.0,-7827.0,-23803.0,88253566.0
00875,國泰網路資安,上市,-1030.0,0.0,-22808.0,-23838.0,13488000.0
00666R,富邦恒生國企反1,上市,-3000.0,0.0,-21000.0,-24000.0,14624000.0
5533,皇鼎,上市,-7000.0,0.0,-17000.0,-24000.0,285244944.0
9934,成霖,上市,-15426.0,0.0,-9000.0,-24426.0,411016962.0
4557,永新-KY,上市,-24000.0,0.0,-1000.0,-25000.0,47971840.0
2887Z1,台新新光己特,上市,-25000.0,0.0,0.0,-25000.0,300000000.0
4934,太極,上市,-12000.0,0.0,-13000.0,-25000.0,225000000.0
1732,毛寶,上市,-5008.0,0.0,-21000.0,-26008.0,42443957.0
1560,中砂,上市,-747114.0,694000.0,27099.0,-26015.0,149617480.0
00661,元大日經225,上市,34000.0,0.0,-60187.0,-26187.0,23425000.0
4106,雃博,上市,-38940.0,0.0,11999.0,-26941.0,100911557.0
3032,偉訓,上市,-10000.0,0.0,-17000.0,-27000.0,113285626.0
9943,好樂迪,上市,-16008.0,0.0,-11000.0,-27008.0,125171510.0
3002,歐格,上市,-3000.0,0.0,-24104.0,-27104.0,102000000.0
1109,信大,上市,-6000.0,0.0,-21190.0,-27190.0,341158868.0
6592,和潤企業,上市,12758.0,-6000.0,-34539.0,-27781.0,741845008.0
2748,雲品,上市,-23000.0,0.0,-5000.0,-28000.0,105778740.0
2444,兆勁,上市,-26000.0,0.0,-2000.0,-28000.0,101569573.0
8341,日友,上市,-22000.0,0.0,-6175.0,-28175.0,130000000.0
2497,怡利電,上市,-24985.0,0.0,-3416.0,-28401.0,130887676.0
5292,華懋,上市,-28000.0,0.0,-814.0,-28814.0,46318800.0
6585,鼎基,上市,-25703.0,0.0,-3233.0,-28936.0,72133587.0
6614,資拓宏宇,上市,-29000.0,0.0,0.0,-29000.0,80660521.0
7760,享溫馨,上市,-21000.0,0.0,-8000.0,-29000.0,66048000.0
3563,牧德,上市,-46000.0,0.0,16409.0,-29591.0,63960858.0
6918,愛派司,上市,-29000.0,0.0,-1000.0,-30000.0,34571000.0
4155,訊映,上市,-25012.0,0.0,-5000.0,-30012.0,144684164.0
1533,車王電,上市,-23081.0,0.0,-7000.0,-30081.0,98547486.0
1903,士紙,上市,-23000.0,0.0,-7210.0,-30210.0,260039121.0
00684R,期元大美元指反1,上市,0.0,0.0,-30756.0,-30756.0,9688000.0
1529,樂事綠能,上市,-16841.0,0.0,-14000.0,-30841.0,155095074.0
4736,泰博,上市,-24855.0,0.0,-6000.0,-30855.0,95374469.0
2616,山隆,上市,-28000.0,0.0,-3004.0,-31004.0,137281827.0
0055,元大MSCI金融,上市,-254818.0,0.0,223479.0,-31339.0,89154000.0
2440,太空梭,上市,-71840.0,0.0,40000.0,-31840.0,139117271.0
3550,聯穎,上市,-2000.0,-1000.0,-28867.0,-31867.0,107550000.0
9942,茂順,上市,-27000.0,0.0,-5000.0,-32000.0,83161320.0
9902,台火,上市,-28000.0,0.0,-4000.0,-32000.0,98049600.0
1558,伸興,上市,-25130.0,0.0,-7000.0,-32130.0,64535631.0
00669R,國泰美國道瓊反1,上市,-9000.0,0.0,-23466.0,-32466.0,205117000.0
4137,麗豐-KY,上市,-24000.0,0.0,-8628.0,-32628.0,82492350.0
4414,如興,上市,-30000.0,0.0,-3000.0,-33000.0,263795773.0
9955,佳龍,上市,-31000.0,0.0,-2000.0,-33000.0,104424629.0
5706,鳳凰,上市,-28000.0,0.0,-5134.0,-33134.0,83767920.0
1436,華友聯,上市,-28616.0,0.0,-5000.0,-33616.0,194151795.0
4178,永笙-KY,上市,-4000.0,0.0,-30000.0,-34000.0,215866981.0
00964,中信亞太高股息,上市,-872000.0,0.0,837722.0,-34278.0,70624000.0
2482,連宇,上市,-31000.0,0.0,-3986.0,-34986.0,77882711.0
1731,美吾華,上市,-32000.0,0.0,-3000.0,-35000.0,132915244.0
2906,高林,上市,-18000.0,0.0,-17000.0,-35000.0,209116648.0
5203,訊連,上市,-36000.0,0.0,1000.0,-35000.0,79342550.0
1598,岱宇,上市,-16608.0,0.0,-18648.0,-35256.0,179142092.0
00876,元大全球5G,上市,90022.0,0.0,-125708.0,-35686.0,94024000.0
4737,華廣,上市,-35000.0,0.0,-1000.0,-36000.0,77398253.0
2020,美亞,上市,-26970.0,0.0,-10000.0,-36970.0,267031320.0
2459,敦吉,上市,-33000.0,0.0,-4000.0,-37000.0,105595615.0
3679,新至陞,上市,-24000.0,0.0,-13000.0,-37000.0,63022229.0
2438,翔耀,上市,-21000.0,0.0,-16000.0,-37000.0,71195641.0
00690,兆豐藍籌30,上市,-37998.0,0.0,337.0,-37661.0,84330000.0
2038,海光,上市,-16947.0,0.0,-21000.0,-37947.0,194134303.0
8476,台境*,上市,-31000.0,-2000.0,-5000.0,-38000.0,166226358.0
7818,溢泰實業,上市,-19000.0,0.0,-19000.0,-38000.0,167946000.0
2535,達欣工,上市,-158000.0,156000.0,-36108.0,-38108.0,270793967.0
3591,艾笛森,上市,-1798.0,0.0,-36915.0,-38713.0,145386835.0
00944,野村趨勢動能高息,上市,-198951.0,0.0,159379.0,-39572.0,53581000.0
2032,新鋼,上市,-26000.0,0.0,-14000.0,-40000.0,130521545.0
6668,中揚光,上市,-33000.0,0.0,-7000.0,-40000.0,107116087.0
1604,聲寶,上市,-27395.0,0.0,-13000.0,-40395.0,384200000.0
3346,麗清,上市,20000.0,0.0,-61237.0,-41237.0,121228352.0
6909,創控,上市,5050.0,0.0,-46779.0,-41729.0,67212600.0
00909,國泰數位支付服務,上市,-12000.0,0.0,-30727.0,-42727.0,105204000.0
5519,隆大,上市,-34000.0,0.0,-9098.0,-43098.0,219197180.0
8374,羅昇,上市,-42382.0,0.0,-809.0,-43191.0,112250487.0
3705,永信,上市,-36000.0,0.0,-8000.0,-44000.0,266422983.0
1528,恩德,上市,-36000.0,0.0,-8000.0,-44000.0,191331000.0
1506,正道,上市,-3000.0,0.0,-41000.0,-44000.0,300388501.0
2613,中櫃,上市,-39000.0,0.0,-5000.0,-44000.0,148423458.0
1806,冠軍,上市,-32000.0,0.0,-12000.0,-44000.0,390403870.0
8213,志超,上市,24000.0,0.0,-68032.0,-44032.0,271242488.0
8021,尖點,上市,116392.0,-160000.0,-562.0,-44170.0,145042467.0
2614,東森,上市,-37492.0,0.0,-7000.0,-44492.0,327264946.0
6957,裕慶-KY,上市,-38466.0,0.0,-6100.0,-44566.0,55512950.0
2460,建通,上市,-20900.0,0.0,-24000.0,-44900.0,169200000.0
2704,國賓,上市,-18000.0,0.0,-27000.0,-45000.0,366923343.0
4169,泰宗,上市,-42000.0,0.0,-3058.0,-45058.0,66431612.0
3583,辛耘,上市,-83392.0,39000.0,-735.0,-45127.0,80346080.0
00917,中信特選金融,上市,-67980.0,0.0,22666.0,-45314.0,61478000.0
3607,谷崧,上市,-47280.0,0.0,-3000.0,-50280.0,121662239.0
2753,八方雲集,上市,-46670.0,-2000.0,-2207.0,-50877.0,66644796.0
3130,一零四,上市,-46120.0,0.0,-5748.0,-51868.0,33190700.0
6133,金橋,上市,-26000.0,0.0,-26000.0,-52000.0,117006294.0
6605,帝寶,上市,-50899.0,1000.0,-3052.0,-52951.0,165816397.0
2707,晶華,上市,-46000.0,0.0,-7336.0,-53336.0,127403238.0
2491,吉祥全,上市,-6000.0,0.0,-48000.0,-54000.0,82008000.0
9930,中聯資源,上市,-40000.0,0.0,-15000.0,-55000.0,248540368.0
9924,福興,上市,-44000.0,0.0,-11000.0,-55000.0,150761736.0
1702,南僑,上市,-48897.0,0.0,-7027.0,-55924.0,294132962.0
3050,鈺德,上市,-51000.0,0.0,-5000.0,-56000.0,154984450.0
6944,兆聯實業,上市,-138494.0,84540.0,-2808.0,-56762.0,76687912.0
4739,康普,上市,-90037.0,0.0,31111.0,-58926.0,124649269.0
7610,聯友金屬-創,上市,-59000.0,0.0,-1000.0,-60000.0,48585456.0
2495,普安,上市,-51686.0,0.0,-9218.0,-60904.0,273551538.0
2258,鴻華先進-創,上市,54980.0,0.0,-116871.0,-61891.0,1751076800.0
2107,厚生,上市,-55560.0,0.0,-7000.0,-62560.0,303593400.0
2207,和泰車,上市,-35463.0,-4255.0,-23012.0,-62730.0,557102768.0
009821,野村稀土關鍵資源,上市,-210000.0,0.0,147029.0,-62971.0,712840000.0
1337,再生-KY,上市,-58956.0,0.0,-6000.0,-64956.0,268954729.0
2731,雄獅,上市,-58511.0,-2307.0,-4679.0,-65497.0,93277739.0
2739,寒舍,上市,-67000.0,0.0,1000.0,-66000.0,91526000.0
1582,信錦,上市,-19013.0,0.0,-48017.0,-67030.0,144268604.0
6191,精成科,上市,-18825.0,3000.0,-52032.0,-67857.0,499303000.0
8478,東哥遊艇,上市,-63902.0,0.0,-4000.0,-67902.0,93972276.0
2414,精技,上市,-44000.0,-1000.0,-23000.0,-68000.0,161735846.0
6573,虹揚-KY,上市,-34029.0,0.0,-34000.0,-68029.0,80499345.0
00905,FT臺灣Smart,上市,-51000.0,0.0,-17664.0,-68664.0,362327000.0
2236,百達-KY,上市,-52823.0,0.0,-17110.0,-69933.0,62130976.0
3011,今皓,上市,-68000.0,0.0,-2000.0,-70000.0,129600851.0
2017,官田鋼,上市,-58035.0,0.0,-14000.0,-72035.0,446874691.0
2461,光群雷,上市,-67407.0,0.0,-5000.0,-72407.0,174998350.0
2520,冠德,上市,-21000.0,4000.0,-55902.0,-72902.0,609487110.0
1611,中電,上市,-60238.0,0.0,-13000.0,-73238.0,322735742.0
1514,亞力,上市,-68040.0,0.0,-6690.0,-74730.0,273108473.0
2013,中鋼構,上市,-60000.0,0.0,-14753.0,-74753.0,200000000.0
00683L,期元大美元指正2,上市,-178000.0,0.0,102930.0,-75070.0,11434000.0
2607,榮運,上市,-58401.0,0.0,-17000.0,-75401.0,533570547.0
2597,潤弘,上市,-51659.0,1159.0,-25418.0,-75918.0,310716000.0
6869,雲豹能源,上市,-66000.0,0.0,-10218.0,-76218.0,137830041.0
1455,集盛,上市,-7954.0,0.0,-68512.0,-76466.0,531688380.0
3094,聯傑,上市,-53944.0,0.0,-23000.0,-76944.0,83117089.0
6115,鎰勝,上市,-58000.0,0.0,-19000.0,-77000.0,187662154.0
1434,福懋,上市,-11336.0,5000.0,-71730.0,-78066.0,1684664637.0
1442,名軒,上市,-34287.0,0.0,-45000.0,-79287.0,366211358.0
2029,盛餘,上市,-70000.0,0.0,-10179.0,-80179.0,321180000.0
3518,柏騰,上市,-60000.0,0.0,-21000.0,-81000.0,102467230.0
00938,凱基優選30,上市,515000.0,0.0,-596276.0,-81276.0,98016000.0
1503,士電,上市,-65357.0,2000.0,-18227.0,-81584.0,520972223.0
3321,同泰,上市,-72000.0,0.0,-9997.0,-81997.0,86113769.0
5522,遠雄,上市,-8000.0,2000.0,-76000.0,-82000.0,781596241.0
1225,福懋油,上市,-80000.0,0.0,-2000.0,-82000.0,242268306.0
1519,華城,上市,-57465.0,2557.0,-27289.0,-82197.0,315880844.0
4755,三福化,上市,-77818.0,0.0,-5890.0,-83708.0,100706000.0
5607,遠雄港,上市,-78000.0,2000.0,-8000.0,-84000.0,370552913.0
6141,柏承,上市,-65000.0,0.0,-19000.0,-84000.0,113354005.0
2022,聚亨,上市,-71001.0,0.0,-13000.0,-84001.0,337168138.0
5283,禾聯碩,上市,-84000.0,0.0,-2000.0,-86000.0,87600510.0
9908,大台北,上市,-60000.0,0.0,-26002.0,-86002.0,516358000.0
1526,日馳,上市,-39383.0,0.0,-47000.0,-86383.0,60000000.0
00733,富邦臺灣中小,上市,733123.0,0.0,-820520.0,-87397.0,66966000.0
2390,云辰,上市,-66551.0,0.0,-21000.0,-87551.0,192619442.0
6890,來億-KY,上市,923.0,-68000.0,-21735.0,-88812.0,249400000.0
8438,昶昕,上市,-74050.0,0.0,-16079.0,-90129.0,69943000.0
2474,可成,上市,354256.0,-429035.0,-15494.0,-90273.0,538821068.0
009808,華南永昌優選50,上市,138000.0,0.0,-228360.0,-90360.0,40511000.0
1713,國化,上市,-86000.0,0.0,-6000.0,-92000.0,150951700.0
8926,台汽電,上市,14684.0,-1725.0,-108211.0,-95252.0,830282000.0
8462,柏文,上市,-95423.0,0.0,-249.0,-95672.0,80386616.0
00651R,復華香港反1,上市,-26000.0,0.0,-71000.0,-97000.0,32192000.0
1321,大洋,上市,-80000.0,0.0,-17090.0,-97090.0,227228268.0
6531,愛普*,上市,-431762.0,303145.0,30186.0,-98431.0,162846540.0
5515,建國,上市,-47058.0,0.0,-51413.0,-98471.0,201600084.0
6426,統新,上市,-97010.0,0.0,-2091.0,-99101.0,38509000.0
9935,慶豐富,上市,-96800.0,0.0,-4000.0,-100800.0,177838926.0
4722,國精化,上市,-126341.0,0.0,25216.0,-101125.0,102784914.0
6152,百一,上市,-94838.0,0.0,-7000.0,-101838.0,167738463.0
9941,裕融,上市,-95025.0,-4000.0,-3162.0,-102187.0,575636346.0
6805,富世達,上市,-148265.0,0.0,45537.0,-102728.0,68553896.0
2243,宏旭-KY,上市,-100350.0,-1000.0,-2000.0,-103350.0,69373596.0
2611,志信,上市,-82000.0,0.0,-22000.0,-104000.0,189002272.0
2034,允強,上市,-62000.0,0.0,-42443.0,-104443.0,528995589.0
6024,群益期,上市,-92902.0,-4000.0,-8000.0,-104902.0,249937584.0
8028,昇陽半導體,上市,-181773.0,85000.0,-11402.0,-108175.0,179396083.0
00913,兆豐台灣晶圓製造,上市,-158000.0,0.0,49610.0,-108390.0,51266000.0
1307,三芳,上市,-118000.0,-10000.0,19383.0,-108617.0,397818126.0
3052,夆典,上市,-103000.0,0.0,-7000.0,-110000.0,233245771.0
4104,佳醫,上市,-107000.0,0.0,-4000.0,-111000.0,188367456.0
1414,東和,上市,-99771.0,0.0,-12000.0,-111771.0,198000000.0
7788,松川精密,上市,-159000.0,0.0,47197.0,-111803.0,79745993.0
6515,穎崴,上市,-107177.0,-4610.0,-476.0,-112263.0,36038042.0
2762,世界健身-KY,上市,-110046.0,0.0,-4000.0,-114046.0,112500000.0
1515,力山,上市,-107000.0,-2000.0,-6000.0,-115000.0,181473500.0
4968,立積,上市,-107301.0,0.0,-10185.0,-117486.0,92209898.0
1612,宏泰,上市,-105265.0,-2000.0,-11299.0,-118564.0,316080063.0
2723,美食-KY,上市,-106000.0,0.0,-14000.0,-120000.0,180000000.0
1232,大統益,上市,-118561.0,0.0,-3000.0,-121561.0,159974915.0
9917,中保科,上市,-99448.0,2000.0,-25000.0,-122448.0,451197093.0
5434,崇越,上市,-32983.0,-73763.0,-15861.0,-122607.0,193657655.0
3055,蔚華科,上市,-117000.0,0.0,-5870.0,-122870.0,114974918.0
2908,特力,上市,2000.0,0.0,-126000.0,-124000.0,509887558.0
1103,嘉泥,上市,-97312.0,0.0,-30000.0,-127312.0,832874553.0
1325,恆大,上市,-116000.0,0.0,-12000.0,-128000.0,85281198.0
00636,國泰中國A50,上市,-88000.0,0.0,-40918.0,-128918.0,95825000.0
9911,櫻花,上市,-123546.0,3000.0,-9000.0,-129546.0,222389584.0
3716,中化控股,上市,-126629.0,0.0,-3000.0,-129629.0,149765614.0
8033,雷虎,上市,-138309.0,-2000.0,10000.0,-130309.0,164629775.0
2539,櫻花建,上市,-96000.0,0.0,-37609.0,-133609.0,1193102581.0
6790,永豐實,上市,-44000.0,0.0,-91000.0,-135000.0,267129021.0
4536,拓凱,上市,-69750.0,0.0,-65371.0,-135121.0,90820000.0
1464,得力,上市,-125342.0,0.0,-10000.0,-135342.0,425575733.0
3717,聯嘉投控,上市,-46000.0,0.0,-90920.0,-136920.0,207845445.0
0061,元大寶滬深,上市,-739000.0,0.0,600888.0,-138112.0,96616000.0
00640L,富邦日本正2,上市,4000.0,0.0,-142814.0,-138814.0,6919000.0
9802,鈺齊-KY,上市,-133000.0,2000.0,-10003.0,-141003.0,200991673.0
1437,勤益控,上市,-125086.0,0.0,-16000.0,-141086.0,201871284.0
3311,閎暉,上市,-126000.0,0.0,-15704.0,-141704.0,100000000.0
3209,全科,上市,-113000.0,0.0,-31932.0,-144932.0,235391189.0
8473,山林水,上市,-136442.0,0.0,-9080.0,-145522.0,181201378.0
6861,睿生光電,上市,-145982.0,0.0,-535.0,-146517.0,41599250.0
2439,美律,上市,-181000.0,-2512.0,36261.0,-147251.0,253644914.0
5907,大洋-KY,上市,-144000.0,0.0,-4000.0,-148000.0,195531000.0
9925,新保,上市,-125000.0,0.0,-24000.0,-149000.0,387489605.0
2241,艾姆勒,上市,-114887.0,0.0,-35180.0,-150067.0,104602306.0
1734,杏輝,上市,-111107.0,0.0,-39000.0,-150107.0,190196774.0
4564,元翎,上市,-153000.0,0.0,-256.0,-153256.0,232788303.0
2540,愛山林,上市,-1137497.0,0.0,984000.0,-153497.0,944873965.0
2905,三商,上市,-92133.0,0.0,-63000.0,-155133.0,1110371703.0
00643,群益深証中小,上市,48000.0,0.0,-203756.0,-155756.0,73003000.0
2530,華建,上市,-156000.0,4000.0,-6000.0,-158000.0,841255731.0
2211,長榮鋼,上市,17869.0,0.0,-176888.0,-159019.0,417091463.0
1708,東鹼,上市,-149613.0,-3000.0,-10044.0,-162657.0,249001651.0
3135,凌航,上市,-157313.0,0.0,-6164.0,-163477.0,93802057.0
3501,維熹,上市,-163000.0,0.0,-2000.0,-165000.0,118257927.0
4540,全球傳動,上市,-163612.0,0.0,-3059.0,-166671.0,115186724.0
00738U,期元大道瓊白銀,上市,-318938.0,0.0,146861.0,-172077.0,244799000.0
6277,宏正,上市,-169510.0,0.0,-8980.0,-178490.0,119471166.0
1104,環泥,上市,-145955.0,4000.0,-39003.0,-180958.0,686681816.0
1229,聯華,上市,252436.0,-320000.0,-113778.0,-181342.0,1831879881.0
6743,安普新,上市,-161000.0,0.0,-21000.0,-182000.0,150000000.0
9946,三發地產,上市,-82000.0,-3000.0,-98000.0,-183000.0,326554150.0
00692,富邦公司治理,上市,-537000.0,0.0,351053.0,-185947.0,615280000.0
1305,華夏,上市,-118000.0,0.0,-71838.0,-189838.0,581050494.0
00911,兆豐洲際半導體,上市,-12467.0,0.0,-186280.0,-198747.0,30403000.0
3049,精金,上市,-183965.0,0.0,-20047.0,-204012.0,802010529.0
00635U,期元大S&P黃金,上市,-50595.0,0.0,-159551.0,-210146.0,302014000.0
2537,聯上發,上市,-194230.0,0.0,-16000.0,-210230.0,300557795.0
5469,瀚宇博,上市,30151.0,3000.0,-243456.0,-210305.0,486166000.0
3645,達邁,上市,-202057.0,0.0,-9856.0,-211913.0,136754207.0
2527,宏璟,上市,-184000.0,0.0,-31127.0,-215127.0,270306000.0
9914,美利達,上市,-194548.0,-12000.0,-10353.0,-216901.0,298983800.0
2305,全友,上市,-158306.0,-1000.0,-59357.0,-218663.0,205660827.0
6901,鑽石投資,上市,-168000.0,0.0,-52000.0,-220000.0,852860000.0
4764,雙鍵,上市,-333476.0,119000.0,-9599.0,-224075.0,85542062.0
1789,神隆,上市,-186234.0,0.0,-40687.0,-226921.0,790739222.0
2106,建大,上市,-190000.0,0.0,-38000.0,-228000.0,954890000.0
1527,鑽全,上市,-26000.0,0.0,-204000.0,-230000.0,138570640.0
2538,基泰,上市,-211700.0,0.0,-26000.0,-237700.0,445025495.0
4551,智伸科,上市,-240000.0,3000.0,-4499.0,-241499.0,115222498.0
00402A,主動安聯美國科技,上市,10106.0,0.0,-259036.0,-248930.0,741127000.0
1217,愛之味,上市,-228000.0,0.0,-28000.0,-256000.0,494513336.0
2727,王品,上市,-226758.0,0.0,-32375.0,-259133.0,82940109.0
1231,聯華食,上市,-238876.0,0.0,-22000.0,-260876.0,298454475.0
6415,矽力*-KY,上市,26804.0,-302000.0,14282.0,-260914.0,388948107.0
2010,春源,上市,-197546.0,0.0,-66096.0,-263642.0,647655390.0
2608,嘉里大榮,上市,-219000.0,0.0,-45000.0,-264000.0,467000498.0
00675L,富邦臺灣加權正2,上市,17000.0,0.0,-287420.0,-270420.0,115786000.0
3543,州巧,上市,-266370.0,0.0,-5000.0,-271370.0,110263150.0
1219,福壽,上市,-219142.0,0.0,-53000.0,-272142.0,341238364.0
4306,炎洲,上市,-255000.0,0.0,-25000.0,-280000.0,676757216.0
4526,東台,上市,-266797.0,0.0,-15148.0,-281945.0,254826461.0
2347,聯強,上市,-121466.0,-106501.0,-61382.0,-289349.0,1667946968.0
6257,矽格,上市,-241108.0,-18726.0,-32252.0,-292086.0,483912325.0
1304,台聚,上市,-189426.0,0.0,-108218.0,-297644.0,1188763500.0
00982D,主動富邦動態入息,上市,0.0,0.0,-300000.0,-300000.0,73229000.0
5534,長虹,上市,-317900.0,34000.0,-18325.0,-302225.0,315325960.0
2101,南港,上市,-345044.0,0.0,39901.0,-305143.0,733934904.0
6449,鈺邦,上市,-314600.0,0.0,8787.0,-305813.0,91886014.0
1709,和益,上市,-277697.0,0.0,-28740.0,-306437.0,477016272.0
00963,中信全球高股息,上市,-205000.0,0.0,-143533.0,-348533.0,103433000.0
00648R,元大S&P500反1,上市,0.0,0.0,-358300.0,-358300.0,142188000.0
2536,宏普,上市,-337000.0,0.0,-37000.0,-374000.0,332808652.0
3044,健鼎,上市,-574814.0,151982.0,46957.0,-375875.0,525605898.0
3008,大立光,上市,-472655.0,66913.0,28298.0,-377444.0,130798197.0
3535,晶彩科,上市,-386000.0,0.0,-1599.0,-387599.0,79052356.0
1710,東聯,上市,-265469.0,0.0,-148749.0,-414218.0,885703029.0
6155,鈞寶,上市,-428930.0,4000.0,2194.0,-422736.0,88023988.0
1310,台苯,上市,-308374.0,0.0,-118094.0,-426468.0,527869764.0
3004,豐達科,上市,-414527.0,0.0,-12211.0,-426738.0,64365055.0
4967,十銓,上市,-529630.0,-30000.0,125828.0,-433802.0,84963288.0
1312,國喬,上市,-85990.0,0.0,-353933.0,-439923.0,1526620328.0
3703,欣陸,上市,-374900.0,2000.0,-69981.0,-442881.0,823215980.0
2880,華南金,上市,-9802919.0,8526000.0,828012.0,-448907.0,13916965089.0
2206,三陽工業,上市,-84704.0,-320000.0,-53000.0,-457704.0,773675604.0
9938,百和,上市,-755000.0,312000.0,-20494.0,-463494.0,297963902.0
2316,楠梓電,上市,-517007.0,8000.0,42849.0,-466158.0,182740536.0
1808,潤隆,上市,-507800.0,0.0,32000.0,-475800.0,893031743.0
2442,新美齊,上市,-452376.0,0.0,-26000.0,-478376.0,325232021.0
2345,智邦,上市,-533209.0,153550.0,-122877.0,-502536.0,561117897.0
2492,華新科,上市,133000.0,-1020000.0,379479.0,-507521.0,485204774.0
4915,致伸,上市,-459000.0,-4000.0,-49028.0,-512028.0,471880824.0
6834,天二科技,上市,-509023.0,0.0,-3759.0,-512782.0,88471082.0
00655L,國泰中國A50正2,上市,-380000.0,0.0,-133004.0,-513004.0,57958000.0
2348,海悅,上市,-514000.0,0.0,-7855.0,-521855.0,151898853.0
1712,興農,上市,-485268.0,3000.0,-39740.0,-522008.0,420492585.0
3665,貿聯-KY,上市,-1078353.0,541995.0,6929.0,-529429.0,195078405.0
2367,燿華,上市,-411577.0,0.0,-132469.0,-544046.0,706253175.0
1210,大成,上市,-399309.0,3000.0,-156799.0,-553108.0,894767222.0
2836,高雄銀,上市,-443942.0,0.0,-110760.0,-554702.0,1839916985.0
6271,同欣電,上市,-449181.0,0.0,-108601.0,-557782.0,209058024.0
00983D,主動富邦複合收益,上市,0.0,0.0,-561151.0,-561151.0,101697000.0
1227,佳格,上市,-336152.0,3000.0,-228286.0,-561438.0,915089591.0
1218,泰山,上市,-511000.0,0.0,-52000.0,-563000.0,499999038.0
00891,中信關鍵半導體,上市,2769560.0,0.0,-3337919.0,-568359.0,1755090000.0
3532,台勝科,上市,-54604.0,-760000.0,241267.0,-573337.0,387848300.0
4919,新唐,上市,-222149.0,-165000.0,-188941.0,-576090.0,419765268.0
3715,定穎投控,上市,-629970.0,-44000.0,94820.0,-579150.0,283574584.0
00701,國泰股利精選30,上市,154000.0,0.0,-741583.0,-587583.0,170391000.0
3036,文曄,上市,-3181822.0,2599427.0,-6628.0,-589023.0,1269148301.0
9910,豐泰,上市,-548965.0,-15815.0,-44554.0,-609334.0,987482831.0
6165,浪凡,上市,-611000.0,0.0,-8000.0,-619000.0,77752623.0
00646,元大S&P500,上市,-126010.0,0.0,-495088.0,-621098.0,572485000.0
009803,玉山市值動能50,上市,-274000.0,0.0,-351746.0,-625746.0,192328000.0
2912,統一超,上市,-142097.0,-486240.0,-38000.0,-666337.0,1039622255.0
2472,立隆電,上市,-199485.0,-513000.0,41068.0,-671417.0,164735137.0
6757,台灣虎航,上市,-673130.0,0.0,-21995.0,-695125.0,459530000.0
4916,事欣科,上市,-746936.0,0.0,37846.0,-709090.0,110602900.0
2368,金像電,上市,-501544.0,-169014.0,-58806.0,-729364.0,517016714.0
2913,農林,上市,-718000.0,0.0,-15564.0,-733564.0,790000000.0
6177,達麗,上市,-868919.0,0.0,121000.0,-747919.0,471891426.0
00676R,富邦臺灣加權反1,上市,-343000.0,0.0,-420655.0,-763655.0,161333683.0
5471,松翰,上市,-811458.0,0.0,30160.0,-781298.0,167877062.0
3029,零壹,上市,-761996.0,-3157.0,-16536.0,-781689.0,167005212.0
2493,揚博,上市,-805196.0,0.0,15285.0,-789911.0,126796629.0
2547,日勝生,上市,-689000.0,0.0,-124969.0,-813969.0,1035094649.0
2204,中華,上市,-373444.0,-258000.0,-196000.0,-827444.0,553620342.0
2425,承啟,上市,-832218.0,-1000.0,-1000.0,-834218.0,96498831.0
00922,國泰台灣領袖50,上市,-708601.0,0.0,-128085.0,-836686.0,2157686000.0
00708L,期元大S&P黃金正2,上市,-618000.0,0.0,-219333.0,-837333.0,127573000.0
1722,台肥,上市,-841374.0,4000.0,-41015.0,-878389.0,980000000.0
3450,聯鈞,上市,950372.0,-1886000.0,47170.0,-888458.0,145681382.0
2104,國際中橡,上市,-833000.0,0.0,-56563.0,-889563.0,984733625.0
2103,台橡,上市,-744905.0,0.0,-149042.0,-893947.0,825709978.0
1402,遠東新,上市,1532198.0,-2094170.0,-340465.0,-902437.0,5352875227.0
2208,台船,上市,-873344.0,0.0,-40000.0,-913344.0,1274539449.0
2887I,台新新光辛特,上市,-945000.0,0.0,0.0,-945000.0,3096420552.0
2360,致茂,上市,-895059.0,-87640.0,9953.0,-972746.0,425245742.0
2383,台光電,上市,-1385068.0,488379.0,-76080.0,-972769.0,358321114.0
3045,台灣大,上市,22304.0,-900047.0,-123175.0,-1000918.0,3723261811.0
1802,台玻,上市,-310080.0,8000.0,-726860.0,-1028940.0,2908060800.0
00865B,國泰US短期公債,上市,-376960.0,0.0,-653388.0,-1030348.0,277744000.0
1477,聚陽,上市,-1147120.0,163000.0,-53528.0,-1037648.0,246693713.0
2201,裕隆,上市,-1573962.0,517000.0,-38349.0,-1095311.0,1070001251.0
6525,捷敏-KY,上市,-1101751.0,0.0,5028.0,-1096723.0,129047384.0
4976,佳凌,上市,-990667.0,0.0,-107719.0,-1098386.0,141351000.0
2542,興富發,上市,-801136.0,-122000.0,-176906.0,-1100042.0,2153083539.0
9945,潤泰新,上市,-954662.0,-5000.0,-168713.0,-1128375.0,2844225086.0
00633L,富邦上証正2,上市,-261000.0,0.0,-867818.0,-1128818.0,118458000.0
00981T,平衡凱基雙核收息,上市,-31000.0,0.0,-1117347.0,-1148347.0,227261000.0
2897,王道銀行,上市,309672.0,-1335000.0,-134000.0,-1159328.0,2805357878.0
2375,凱美,上市,-1302700.0,120000.0,11880.0,-1170820.0,108675334.0
00401A,主動摩根台灣鑫收,上市,2426000.0,0.0,-3644884.0,-1218884.0,230395000.0
00686R,群益臺灣加權反1,上市,-10000.0,0.0,-1240000.0,-1250000.0,209776000.0
9907,統一實,上市,-1137970.0,7000.0,-120736.0,-1251706.0,1579145342.0
1714,和桐,上市,-2572516.0,1088000.0,225038.0,-1259478.0,991824808.0
2511,太子,上市,-1079000.0,0.0,-210000.0,-1289000.0,1623326147.0
2485,兆赫,上市,-1295390.0,0.0,2352.0,-1293038.0,317689037.0
2480,敦陽科,上市,-1274654.0,-3431.0,-21782.0,-1299867.0,106360291.0
6214,精誠,上市,-1351000.0,-4002.0,34297.0,-1320705.0,272243066.0
00961,FT臺灣永續高息,上市,-1153700.0,0.0,-298030.0,-1451730.0,444511000.0
00757,統一FANG+,上市,-1131991.0,0.0,-390687.0,-1522678.0,280494000.0
2393,億光,上市,-1354290.0,224701.0,-433834.0,-1563423.0,443393086.0
8271,宇瞻,上市,-1714822.0,140000.0,-2724.0,-1577546.0,129614266.0
00982A,主動群益台灣強棒,上市,396930.0,0.0,-1983849.0,-1586919.0,2301936000.0
2820,華票,上市,-1484155.0,0.0,-125000.0,-1609155.0,1342960000.0
6213,聯茂,上市,-1520000.0,0.0,-92967.0,-1612967.0,363562218.0
2515,中工,上市,-1584831.0,0.0,-28930.0,-1613761.0,1607904084.0
00713,元大台灣高息低波,上市,-519349.0,0.0,-1116231.0,-1635580.0,1712512000.0
00990A,主動元大AI新經濟,上市,-850906.0,0.0,-871169.0,-1722075.0,2467022000.0
006208,富邦台50,上市,333622.0,26000.0,-2096144.0,-1736522.0,1866040000.0
2646,星宇航空,上市,-709410.0,-888000.0,-206831.0,-1804241.0,3008735000.0
8150,南茂,上市,-1687493.0,-1376847.0,850551.0,-2213789.0,704523126.0
1102,亞泥,上市,-34063.0,-2014879.0,-175000.0,-2223942.0,3546562881.0
00929,復華台灣科技優息,上市,4591321.0,0.0,-6913963.0,-2322642.0,4821139000.0
2105,正新,上市,-1950333.0,-282688.0,-90427.0,-2323448.0,3241415536.0
00735,國泰臺韓科技,上市,-2091657.0,0.0,-341000.0,-2432657.0,125289000.0
2884,玉山金,上市,-2655546.0,-210552.0,419689.0,-2446409.0,16192000000.0
2845,遠東銀,上市,-2324130.0,0.0,-236695.0,-2560825.0,4865284731.0
2449,京元電子,上市,-6398287.0,3719708.0,49864.0,-2628715.0,1222745065.0
3090,日電貿,上市,114150.0,-2846000.0,16103.0,-2715747.0,287567150.0
5880,合庫金,上市,-6656751.0,4020432.0,-261145.0,-2897464.0,15680936914.0
00688L,國泰20年美債正2,上市,-834000.0,0.0,-2078988.0,-2912988.0,633115000.0
2633,台灣高鐵,上市,-748000.0,-1812000.0,-385000.0,-2945000.0,5628293058.0
00830,國泰費城半導體,上市,-2753154.0,0.0,-413718.0,-3166872.0,816465000.0
2889,國票金,上市,-2984000.0,0.0,-189190.0,-3173190.0,3633563471.0
1314,中石化,上市,-2974204.0,0.0,-204546.0,-3178750.0,3784850130.0
00935,野村臺灣新科技50,上市,9770767.0,0.0,-13071548.0,-3300781.0,886504000.0
2308,台達電,上市,-3341798.0,-215118.0,-13351.0,-3570267.0,2597543329.0
00985B,群益ESG投等債0-5,上市,-964000.0,0.0,-2676406.0,-3640406.0,602501000.0
0052,富邦科技,上市,-4716329.0,0.0,871599.0,-3844730.0,2702000000.0
00988A,主動統一全球創新,上市,5272497.0,0.0,-9165420.0,-3892923.0,3449937000.0
6239,力成,上市,-3935560.0,-4395.0,21283.0,-3918672.0,759146634.0
2886,兆豐金,上市,-8876054.0,4646631.0,284343.0,-3945080.0,14833378282.0
00941,中信上游半導體,上市,-2964952.0,0.0,-1017516.0,-3982468.0,459291000.0
2451,創見,上市,-4072661.0,-4000.0,-75704.0,-4152365.0,431345675.0
2634,漢翔,上市,-3673196.0,-342000.0,-161910.0,-4177106.0,941867101.0
00662,富邦NASDAQ,上市,-384462.0,0.0,-3890336.0,-4274798.0,885529000.0
1301,台塑,上市,-5079620.0,0.0,-381973.0,-5461593.0,6365740781.0
00712,復華富時不動產,上市,-3863900.0,0.0,-1599801.0,-5463701.0,4956511000.0
1326,台化,上市,-6449462.0,852000.0,-93552.0,-5691014.0,5861186291.0
00637L,元大滬深300正2,上市,-2654000.0,0.0,-3596561.0,-6250561.0,742106000.0
00680L,元大美債20正2,上市,-1218000.0,0.0,-5715168.0,-6933168.0,1492576000.0
00923,群益台ESG低碳50,上市,-617985.0,0.0,-6984622.0,-7602607.0,866923000.0
2002,中鋼,上市,-6855253.0,71264.0,-1192726.0,-7976715.0,15734860997.0
4958,臻鼎-KY,上市,-10778277.0,2859655.0,-193050.0,-8111672.0,1070598156.0
2330,台積電,上市,-9716947.0,387450.0,-1587400.0,-10916897.0,25932370067.0
00953B,群益優選非投等債,上市,-4230982.0,0.0,-9716617.0,-13947599.0,4145175000.0
00919,群益台灣精選高息,上市,-7992984.0,0.0,-6665720.0,-14658704.0,18184635000.0
2409,友達,上市,-15901374.0,1315445.0,-270636.0,-14856565.0,7547098972.0
00984D,主動聯博全球非投,上市,-1679000.0,0.0,-15980000.0,-17659000.0,697057000.0
2892,第一金,上市,-22190049.0,2295232.0,1781321.0,-18113496.0,14379468650.0
009826,貝萊德世界股票,上市,-48011.0,0.0,-19477000.0,-19525011.0,384804000.0
00405A,主動富邦台灣龍耀,上市,39708045.0,0.0,-59399860.0,-19691815.0,3736245000.0
2801,彰銀,上市,-23335831.0,4244253.0,-633000.0,-19724578.0,11766046253.0
3481,群創,上市,-17706581.0,-710211.0,-2790125.0,-21206917.0,7989197337.0
0050,元大台灣50,上市,55359860.0,4604000.0,-82996874.0,-23033014.0,22487000000.0
1101,台泥,上市,-23554419.0,4000.0,-213056.0,-23763475.0,7523181742.0
2834,臺企銀,上市,-33426420.0,4742954.0,827000.0,-27856466.0,9718061849.0
6770,力積電,上市,-32777937.0,-209000.0,578645.0,-32408292.0,4710019546.0
00881,國泰台灣科技龍頭,上市,-15752417.0,0.0,-18198964.0,-33951381.0,2499403000.0
1303,南亞,上市,-49229560.0,13225714.0,467641.0,-35536205.0,7930821589.0
00685L,群益臺灣加權正2,上市,2940.0,0.0,-40731881.0,-40728941.0,6824336000.0
00878,國泰永續高股息,上市,-7368372.0,0.0,-35946028.0,-43314400.0,18436790000.0
00631L,元大台灣50正2,上市,278966.0,0.0,-61514231.0,-61235265.0,7952348000.0
2303,聯電,上市,-89164346.0,14663724.0,22809.0,-74477813.0,12576984870.0
006201,元大富櫃50,上櫃,0.0,0.0,0.0,-87232.0,0.0
00679B,元大美債20年,上櫃,0.0,0.0,0.0,912141.0,0.0
00687B,國泰20年美債,上櫃,0.0,0.0,0.0,1930351.0,0.0
00687C,國泰20年美債+櫃U,上櫃,0.0,0.0,0.0,0.0,0.0
00694B,富邦美債1-3,上櫃,0.0,0.0,0.0,87534.0,0.0
00695B,富邦美債7-10,上櫃,0.0,0.0,0.0,28837.0,0.0
00696B,富邦美債20年,上櫃,0.0,0.0,0.0,-13714.0,0.0
00697B,元大美債7-10,上櫃,0.0,0.0,0.0,-258146.0,0.0
00719B,元大美債1-3,上櫃,0.0,0.0,0.0,699749.0,0.0
00720B,元大投資級公司債,上櫃,0.0,0.0,0.0,799044.0,0.0
00722B,群益投資級電信債,上櫃,0.0,0.0,0.0,72538.0,0.0
00723B,群益投資級科技債,上櫃,0.0,0.0,0.0,-6493.0,0.0
00724B,群益投資級金融債,上櫃,0.0,0.0,0.0,-84409.0,0.0
00725B,國泰投資級公司債,上櫃,0.0,0.0,0.0,-226738.0,0.0
00726B,國泰新興投等債,上櫃,0.0,0.0,0.0,1073229.0,0.0
00727B,國泰優選非投等債,上櫃,0.0,0.0,0.0,-6481.0,0.0
00734B,台新JPM新興債,上櫃,0.0,0.0,0.0,0.0,0.0
00740B,富邦全球投等債,上櫃,0.0,0.0,0.0,67791.0,0.0
00741B,富邦全球非投等債,上櫃,0.0,0.0,0.0,1015.0,0.0
00746B,富邦A級公司債,上櫃,0.0,0.0,0.0,20671.0,0.0
00749B,凱基新興債10+,上櫃,0.0,0.0,0.0,-2000.0,0.0
00750B,凱基科技債10+,上櫃,0.0,0.0,0.0,0.0,0.0
00751B,元大AAA至A公司債,上櫃,0.0,0.0,0.0,-65074.0,0.0
00754B,群益AAA-AA公司債,上櫃,0.0,0.0,0.0,3800.0,0.0
00755B,群益投資級公用債,上櫃,0.0,0.0,0.0,-3200.0,0.0
00756B,群益投等新興公債,上櫃,0.0,0.0,0.0,-32440.0,0.0
00758B,復華能源債,上櫃,0.0,0.0,0.0,-1000.0,0.0
00759B,復華製藥債,上櫃,0.0,0.0,0.0,-35.0,0.0
00760B,復華新興企業債,上櫃,0.0,0.0,0.0,-1140.0,0.0
00761B,國泰A級公司債,上櫃,0.0,0.0,0.0,-80539.0,0.0
00764B,群益25年美債,上櫃,0.0,0.0,0.0,-24624.0,0.0
00768B,復華20年美債,上櫃,0.0,0.0,0.0,-74982.0,0.0
00772B,中信高評級公司債,上櫃,0.0,0.0,0.0,83417.0,0.0
00773B,中信優先金融債,上櫃,0.0,0.0,0.0,-54542.0,0.0
00777B,凱基AAA至A公司債,上櫃,0.0,0.0,0.0,-24000.0,0.0
00778B,凱基金融債20+,上櫃,0.0,0.0,0.0,-2000.0,0.0
00779B,凱基美債25+,上櫃,0.0,0.0,0.0,12000.0,0.0
00780B,國泰A級金融債,上櫃,0.0,0.0,0.0,5920.0,0.0
00781B,國泰A級科技債,上櫃,0.0,0.0,0.0,2223.0,0.0
00782B,國泰A級公用債,上櫃,0.0,0.0,0.0,-84252.0,0.0
00785B,富邦金融投等債,上櫃,0.0,0.0,0.0,-103.0,0.0
00786B,元大10年IG銀行債,上櫃,0.0,0.0,0.0,15212.0,0.0
00787B,元大10年IG醫療債,上櫃,0.0,0.0,0.0,3807.0,0.0
00788B,元大10年IG電能債,上櫃,0.0,0.0,0.0,66882.0,0.0
00789B,復華公司債A3,上櫃,0.0,0.0,0.0,5914.0,0.0
00791B,復華信用債1-5,上櫃,0.0,0.0,0.0,0.0,0.0
00792B,群益A級公司債,上櫃,0.0,0.0,0.0,4800.0,0.0
00793B,群益AAA-A醫療債,上櫃,0.0,0.0,0.0,45175.0,0.0
00795B,中信美國公債20年,上櫃,0.0,0.0,0.0,-1238333.0,0.0
00799B,國泰A級醫療債,上櫃,0.0,0.0,0.0,-153476.0,0.0
00834B,第一金金融債10+,上櫃,0.0,0.0,0.0,-3000.0,0.0
00836B,永豐10年A公司債,上櫃,0.0,0.0,0.0,0.0,0.0
00840B,凱基IG精選15+,上櫃,0.0,0.0,0.0,0.0,0.0
00841B,凱基AAA-AA公司債,上櫃,0.0,0.0,0.0,-1000.0,0.0
00842B,台新美元銀行債,上櫃,0.0,0.0,0.0,-55833.0,0.0
00844B,台新15年IG金融債,上櫃,0.0,0.0,0.0,0.0,0.0
00845B,富邦新興投等債,上櫃,0.0,0.0,0.0,0.0,0.0
00846B,富邦歐洲銀行債,上櫃,0.0,0.0,0.0,-2127.0,0.0
00847B,中信美國市政債,上櫃,0.0,0.0,0.0,14771.0,0.0
00848B,中信新興亞洲債,上櫃,0.0,0.0,0.0,-1.0,0.0
00849B,中信EM主權債0-5,上櫃,0.0,0.0,0.0,-1118.0,0.0
00853B,統一美債10年Aa-A,上櫃,0.0,0.0,0.0,9624.0,0.0
00856B,永豐1-3年美公債,上櫃,0.0,0.0,0.0,90.0,0.0
00857B,永豐20年美公債,上櫃,0.0,0.0,0.0,451322.0,0.0
00858,永豐美國500大,上櫃,0.0,0.0,0.0,97241.0,0.0
00859B,群益0-1年美債,上櫃,0.0,0.0,0.0,30996.0,0.0
00860B,群益1-5Y投資級債,上櫃,0.0,0.0,0.0,3801.0,0.0
00862B,中信投資級公司債,上櫃,0.0,0.0,0.0,20897.0,0.0
00863B,中信全球電信債,上櫃,0.0,0.0,0.0,1136.0,0.0
00864B,中信美國公債0-1,上櫃,0.0,0.0,0.0,69004.0,0.0
00867B,台新A-BBB電信債,上櫃,0.0,0.0,0.0,-3260.0,0.0
00870B,元大15年EM主權債,上櫃,0.0,0.0,0.0,-68.0,0.0
00877,復華中國5G,上櫃,0.0,0.0,0.0,-1217898.0,0.0
00884B,中信低碳新興債,上櫃,0.0,0.0,0.0,-906.0,0.0
00886,永豐美國科技,上櫃,0.0,0.0,0.0,75.0,0.0
00887,永豐中國科技50大,上櫃,0.0,0.0,0.0,-7959350.0,0.0
00888,永豐台灣ESG,上櫃,0.0,0.0,0.0,463642.0,0.0
00890B,凱基ESG BBB債15+,上櫃,0.0,0.0,0.0,0.0,0.0
00928,中信上櫃ESG 30,上櫃,0.0,0.0,0.0,169750.0,0.0
00931B,統一美債20年,上櫃,0.0,0.0,0.0,238427.0,0.0
00933B,國泰10Y+金融債,上櫃,0.0,0.0,0.0,-3421617.0,0.0
00937B,群益ESG投等債20+,上櫃,0.0,0.0,0.0,3086293.0,0.0
00942B,台新美A公司債20+,上櫃,0.0,0.0,0.0,73675.0,0.0
00948B,中信優息投資級債,上櫃,0.0,0.0,0.0,-462508.0,0.0
00950B,凱基A級公司債,上櫃,0.0,0.0,0.0,-377429.0,0.0
00955,中信日本商社,上櫃,0.0,0.0,0.0,5526940.0,0.0
00957B,兆豐US優選投等債,上櫃,0.0,0.0,0.0,11501.0,0.0
00958B,永豐ESG銀行債15+,上櫃,0.0,0.0,0.0,110024.0,0.0
00959B,大華投等美債15Y+,上櫃,0.0,0.0,0.0,42757.0,0.0
00966B,統一ESG投等債15+,上櫃,0.0,0.0,0.0,-21726.0,0.0
00967B,元大優息美債,上櫃,0.0,0.0,0.0,681397.0,0.0
00968B,元大優息投等債,上櫃,0.0,0.0,0.0,-1026794.0,0.0
00969B,元大零息超長美債,上櫃,0.0,0.0,0.0,-158968.0,0.0
00970B,台新BBB投等債20+,上櫃,0.0,0.0,0.0,248010.0,0.0
009806,台新標普500,上櫃,0.0,0.0,0.0,126991.0,0.0
009807,台新標普科技精選,上櫃,0.0,0.0,0.0,41378.0,0.0
00980B,台新特選IG債10+,上櫃,0.0,0.0,0.0,-5240.0,0.0
00980D,主動聯博投等入息,上櫃,0.0,0.0,0.0,41056.0,0.0
00980T,平衡凱基美國TOP,上櫃,0.0,0.0,0.0,153268.0,0.0
009814,富邦標普500,上櫃,0.0,0.0,0.0,674859.0,0.0
009815,大華美國MAG7+,上櫃,0.0,0.0,0.0,741855.0,0.0
00981B,第一金優選非投債,上櫃,0.0,0.0,0.0,2497130.0,0.0
00981D,主動中信非投等債,上櫃,0.0,0.0,0.0,931686.0,0.0
009822,華南永昌未來金融,上櫃,0.0,0.0,0.0,202969.0,0.0
009823,群益S&P500,上櫃,0.0,0.0,0.0,4230871.0,0.0
009825,聯邦美國金融創新,上櫃,0.0,0.0,0.0,711000.0,0.0
00982B,FT投資級債20+,上櫃,0.0,0.0,0.0,1845.0,0.0
00983B,大華優利美公債20,上櫃,0.0,0.0,0.0,-44220.0,0.0
00984B,大華優利美A債15,上櫃,0.0,0.0,0.0,210676.0,0.0
00985D,主動貝萊德優投等,上櫃,0.0,0.0,0.0,-642999.0,0.0
00986B,FT金融債10+,上櫃,0.0,0.0,0.0,-117519.0,0.0
00986D,主動復華金融債息,上櫃,0.0,0.0,0.0,-335832.0,0.0
00987B,野村10+澳洲公債,上櫃,0.0,0.0,0.0,98196.0,0.0
00988B,玉山嚴選非投債,上櫃,0.0,0.0,0.0,-833268.0,0.0
00989B,台新美國非投等債,上櫃,0.0,0.0,0.0,-47000.0,0.0
00990B,國泰收益非投等債,上櫃,0.0,0.0,0.0,555371.0,0.0
00998A,主動復華金融股息,上櫃,0.0,0.0,0.0,-2751088.0,0.0
020025,統一亞洲半導體N,上櫃,0.0,0.0,0.0,-71000.0,0.0
020033,統一恒生科期N,上櫃,0.0,0.0,0.0,1997000.0,0.0
020041,兆豐半導體氣候N,上櫃,0.0,0.0,0.0,14000.0,0.0
1240,茂生農經,上櫃,0.0,0.0,0.0,1000.0,46443992.0
1259,安心,上櫃,0.0,0.0,0.0,-7000.0,32389500.0
1264,德麥,上櫃,0.0,0.0,0.0,-9117.0,37052367.0
1268,漢來美食,上櫃,0.0,0.0,0.0,-5000.0,42223730.0
1294,漢田生技,上櫃,0.0,0.0,0.0,1000.0,36625875.0
1295,生合,上櫃,0.0,0.0,0.0,-8000.0,37599800.0
1336,台翰,上櫃,0.0,0.0,0.0,11915.0,77614419.0
1565,精華,上櫃,0.0,0.0,0.0,36962.0,50416516.0
1569,濱川,上櫃,0.0,0.0,0.0,-17000.0,144247441.0
1570,力肯,上櫃,0.0,0.0,0.0,-1000.0,51500839.0
1580,新麥,上櫃,0.0,0.0,0.0,460.0,49339242.0
1584,精剛,上櫃,0.0,0.0,0.0,20564.0,232470533.0
1586,和勤,上櫃,0.0,0.0,0.0,-42349.0,129500467.0
1591,駿吉-KY,上櫃,0.0,0.0,0.0,-78549.0,38048047.0
1595,川寶,上櫃,0.0,0.0,0.0,-6933.0,57554896.0
1599,宏佳騰,上櫃,0.0,0.0,0.0,-642.0,73028764.0
1742,台蠟,上櫃,0.0,0.0,0.0,449.0,92671300.0
1777,生泰,上櫃,0.0,0.0,0.0,-1001.0,44591713.0
1780,立弘,上櫃,0.0,0.0,0.0,-38971.0,109075173.0
1781,合世,上櫃,0.0,0.0,0.0,3993.0,47407605.0
1784,訊聯,上櫃,0.0,0.0,0.0,7909.0,53121191.0
1785,光洋科,上櫃,0.0,0.0,0.0,91352.0,595950743.0
1788,杏昌,上櫃,0.0,0.0,0.0,5401.0,44520971.0
1796,金穎生技,上櫃,0.0,0.0,0.0,-4042.0,41459793.0
1799,易威,上櫃,0.0,0.0,0.0,-43000.0,248775894.0
1813,寶利徠,上櫃,0.0,0.0,0.0,-452.0,46635510.0
1815,富喬,上櫃,0.0,0.0,0.0,3550366.0,585459487.0
2035,唐榮,上櫃,0.0,0.0,0.0,-1000.0,350000000.0
2061,風青,上櫃,0.0,0.0,0.0,-354228.0,57378052.0
2064,晉椿,上櫃,0.0,0.0,0.0,992.0,69330000.0
2065,世豐,上櫃,0.0,0.0,0.0,-5000.0,63516707.0
2066,世德,上櫃,0.0,0.0,0.0,5525.0,44449527.0
2067,嘉鋼,上櫃,0.0,0.0,0.0,-10.0,33858177.0
2070,精湛,上櫃,0.0,0.0,0.0,-14000.0,41782800.0
2221,大甲,上櫃,0.0,0.0,0.0,-27137.0,42325000.0
2230,泰茂,上櫃,0.0,0.0,0.0,-16721.0,68029605.0
2596,綠意,上櫃,0.0,0.0,0.0,21009.0,100000000.0
2640,大車隊,上櫃,0.0,0.0,0.0,21740.0,59264956.0
2641,正德,上櫃,0.0,0.0,0.0,232559.0,330333744.0
2643,捷迅,上櫃,0.0,0.0,0.0,0.0,35000000.0
2718,全心投控,上櫃,0.0,0.0,0.0,-9979.0,87576000.0
2719,燦星旅,上櫃,0.0,0.0,0.0,4053.0,69182500.0
2726,雅茗-KY,上櫃,0.0,0.0,0.0,-1050.0,37689817.0
2729,瓦城,上櫃,0.0,0.0,0.0,-23929.0,43040783.0
2734,易飛網,上櫃,0.0,0.0,0.0,-3000.0,57259760.0
2736,富野,上櫃,0.0,0.0,0.0,9000.0,79972230.0
2743,山富,上櫃,0.0,0.0,0.0,-76586.0,46815210.0
2745,五福,上櫃,0.0,0.0,0.0,-41011.0,33808526.0
2752,豆府,上櫃,0.0,0.0,0.0,1000.0,26693861.0
2754,亞洲藏壽司,上櫃,0.0,0.0,0.0,16000.0,46907000.0
2755,揚秦,上櫃,0.0,0.0,0.0,-1000.0,46792491.0
2756,聯發國際,上櫃,0.0,0.0,0.0,-2226.0,24597584.0
2916,滿心,上櫃,0.0,0.0,0.0,6000.0,64626878.0
3066,李洲,上櫃,0.0,0.0,0.0,-72985.0,83070612.0
3071,協禧,上櫃,0.0,0.0,0.0,-64790.0,110000000.0
3073,天方能源,上櫃,0.0,0.0,0.0,12000.0,39511028.0
3078,僑威,上櫃,0.0,0.0,0.0,39967.0,227391064.0
3081,聯亞,上櫃,0.0,0.0,0.0,151166.0,101869004.0
3083,網龍,上櫃,0.0,0.0,0.0,17200.0,86486858.0
3086,華義*,上櫃,0.0,0.0,0.0,-241.0,272710510.0
3088,艾訊,上櫃,0.0,0.0,0.0,614448.0,113011197.0
3093,港建*,上櫃,0.0,0.0,0.0,-17011.0,145155576.0
3095,及成,上櫃,0.0,0.0,0.0,267.0,14680000.0
3105,穩懋,上櫃,0.0,0.0,0.0,-1017326.0,423940384.0
3114,好德,上櫃,0.0,0.0,0.0,21547.0,67722584.0
3118,進階,上櫃,0.0,0.0,0.0,-1008.0,32452860.0
3122,笙泉,上櫃,0.0,0.0,0.0,-16149.0,40771918.0
3128,昇銳,上櫃,0.0,0.0,0.0,-5000.0,50156538.0
3131,弘塑,上櫃,0.0,0.0,0.0,-29180.0,29258927.0
3141,晶宏,上櫃,0.0,0.0,0.0,354450.0,75460728.0
3147,大綜,上櫃,0.0,0.0,0.0,10242.0,43686831.0
3152,璟德,上櫃,0.0,0.0,0.0,-11183.0,39016200.0
3162,精確,上櫃,0.0,0.0,0.0,-58190.0,154153162.0
3163,波若威,上櫃,0.0,0.0,0.0,421592.0,94635370.0
3169,亞信,上櫃,0.0,0.0,0.0,29722.0,63306981.0
3171,炎洲流通,上櫃,0.0,0.0,0.0,1.0,33118158.0
3176,基亞,上櫃,0.0,0.0,0.0,-31000.0,139306755.0
3178,公準,上櫃,0.0,0.0,0.0,25603.0,45050000.0
3188,鑫龍騰,上櫃,0.0,0.0,0.0,21998.0,189087767.0
3191,雲嘉南,上櫃,0.0,0.0,0.0,-2000.0,43597381.0
3205,佰研,上櫃,0.0,0.0,0.0,8000.0,67545631.0
3206,志豐,上櫃,0.0,0.0,0.0,10999.0,58916621.0
3207,耀勝,上櫃,0.0,0.0,0.0,-37899.0,66422124.0
3211,順達,上櫃,0.0,0.0,0.0,-385680.0,154387021.0
3213,茂訊,上櫃,0.0,0.0,0.0,65507.0,58685547.0
3217,優群,上櫃,0.0,0.0,0.0,-71066.0,90104203.0
3218,大學光,上櫃,0.0,0.0,0.0,39452.0,84724899.0
3219,倚強科,上櫃,0.0,0.0,0.0,46894.0,71780880.0
3221,台嘉碩,上櫃,0.0,0.0,0.0,165741.0,104989210.0
3224,三顧,上櫃,0.0,0.0,0.0,-3000.0,78172648.0
3226,龍鋒,上櫃,0.0,0.0,0.0,0.0,64430573.0
3227,原相,上櫃,0.0,0.0,0.0,299226.0,151912842.0
3228,金麗科,上櫃,0.0,0.0,0.0,-19469.0,71937495.0
3230,錦明,上櫃,0.0,0.0,0.0,-95224.0,86010900.0
3232,昱捷,上櫃,0.0,0.0,0.0,0.0,46567865.0
3234,光環,上櫃,0.0,0.0,0.0,392666.0,111474692.0
3236,千如,上櫃,0.0,0.0,0.0,145998.0,105000613.0
3252,海灣,上櫃,0.0,0.0,0.0,-1000.0,50195754.0
3260,威剛,上櫃,0.0,0.0,0.0,-1996753.0,336463418.0
3264,欣銓,上櫃,0.0,0.0,0.0,259630.0,490170076.0
3265,台星科,上櫃,0.0,0.0,0.0,217673.0,136261659.0
3268,海德威,上櫃,0.0,0.0,0.0,10000.0,34720796.0
3272,東碩,上櫃,0.0,0.0,0.0,-10.0,61176789.0
3276,宇環,上櫃,0.0,0.0,0.0,46994.0,69712666.0
3284,太普高,上櫃,0.0,0.0,0.0,14970.0,108482473.0
3285,微端,上櫃,0.0,0.0,0.0,1047.0,42735324.0
3287,廣寰科,上櫃,0.0,0.0,0.0,-14999.0,43970483.0
3288,點晶,上櫃,0.0,0.0,0.0,1000.0,16380000.0
3289,宜特,上櫃,0.0,0.0,0.0,141242.0,86746371.0
3290,東浦,上櫃,0.0,0.0,0.0,-16548.0,90215034.0
3293,鈊象,上櫃,0.0,0.0,0.0,113103.0,281801560.0
3294,英濟,上櫃,0.0,0.0,0.0,-19183.0,132015919.0
3297,杭特,上櫃,0.0,0.0,0.0,6522.0,36049445.0
3303,岱稜,上櫃,0.0,0.0,0.0,174000.0,94790607.0
3306,鼎天,上櫃,0.0,0.0,0.0,72358.0,50607702.0
3310,佳穎,上櫃,0.0,0.0,0.0,4872.0,74948402.0
3313,斐成,上櫃,0.0,0.0,0.0,-4699.0,221133831.0
3317,尼克森,上櫃,0.0,0.0,0.0,-94361.0,90000000.0
3322,建舜電,上櫃,0.0,0.0,0.0,40017.0,137582157.0
3323,加百裕,上櫃,0.0,0.0,0.0,94790.0,99593385.0
3324,雙鴻,上櫃,0.0,0.0,0.0,42624.0,93076837.0
3325,旭品,上櫃,0.0,0.0,0.0,44908.0,110168610.0
3339,泰谷,上櫃,0.0,0.0,0.0,-86978.0,66568300.0
3349,寶德,上櫃,0.0,0.0,0.0,-38000.0,47821648.0
3354,律勝,上櫃,0.0,0.0,0.0,4388.0,70112426.0
3357,臺慶科,上櫃,0.0,0.0,0.0,-321235.0,116385739.0
3360,尚立,上櫃,0.0,0.0,0.0,-25000.0,76402244.0
3362,先進光,上櫃,0.0,0.0,0.0,-1268129.0,147445475.0
3363,上詮,上櫃,0.0,0.0,0.0,194963.0,113640567.0
3372,典範,上櫃,0.0,0.0,0.0,-19687.0,235324000.0
3373,熱映,上櫃,0.0,0.0,0.0,-1053.0,47618782.0
3374,精材,上櫃,0.0,0.0,0.0,325192.0,271364316.0
3379,彬台,上櫃,0.0,0.0,0.0,29024.0,38041748.0
3388,崇越電,上櫃,0.0,0.0,0.0,-112264.0,81599825.0
3390,旭軟,上櫃,0.0,0.0,0.0,12411.0,79329659.0
3402,漢科,上櫃,0.0,0.0,0.0,232074.0,73047692.0
3430,奇鈦科,上櫃,0.0,0.0,0.0,44610.0,33716085.0
3434,哲固,上櫃,0.0,0.0,0.0,3996.0,35754740.0
3438,類比科,上櫃,0.0,0.0,0.0,6023.0,47165815.0
3441,聯一光,上櫃,0.0,0.0,0.0,-1604206.0,40039920.0
3444,利機,上櫃,0.0,0.0,0.0,125.0,44996877.0
3455,由田,上櫃,0.0,0.0,0.0,104955.0,59850750.0
3465,進泰電子,上櫃,0.0,0.0,0.0,-1000.0,42329862.0
3466,德晉,上櫃,0.0,0.0,0.0,23049.0,77892073.0
3467,台灣精材,上櫃,0.0,0.0,0.0,-15116.0,31556569.0
3479,安勤,上櫃,0.0,0.0,0.0,434075.0,72630164.0
3483,力致,上櫃,0.0,0.0,0.0,61013.0,99049257.0
3484,崧騰,上櫃,0.0,0.0,0.0,-44421.0,78828189.0
3485,敘豐,上櫃,0.0,0.0,0.0,-50067.0,38500850.0
3490,單井,上櫃,0.0,0.0,0.0,82779.0,55006435.0
3491,昇達科,上櫃,0.0,0.0,0.0,221610.0,68805125.0
3498,陽程,上櫃,0.0,0.0,0.0,247010.0,61273008.0
3499,環天科,上櫃,0.0,0.0,0.0,756.0,54970596.0
3508,位速,上櫃,0.0,0.0,0.0,7000.0,108866737.0
3511,矽瑪,上櫃,0.0,0.0,0.0,-61152.0,79972945.0
3512,皇龍,上櫃,0.0,0.0,0.0,-7000.0,113072372.0
3516,亞帝歐,上櫃,0.0,0.0,0.0,4000.0,59560874.0
3520,華盈,上櫃,0.0,0.0,0.0,454190.0,83846778.0
3521,台鋼建設,上櫃,0.0,0.0,0.0,-5999.0,185765552.0
3522,御嵿,上櫃,0.0,0.0,0.0,-37001.0,104096209.0
3523,迎輝,上櫃,0.0,0.0,0.0,-7000.0,64257868.0
3526,凡甲,上櫃,0.0,0.0,0.0,89930.0,66839477.0
3527,聚積,上櫃,0.0,0.0,0.0,-4221.0,44445125.0
3529,力旺,上櫃,0.0,0.0,0.0,-116508.0,74686492.0
3537,堡達,上櫃,0.0,0.0,0.0,-164247.0,56242979.0
3540,曜越,上櫃,0.0,0.0,0.0,-31844.0,84458548.0
3541,西柏,上櫃,0.0,0.0,0.0,1682.0,56349142.0
3546,宇峻,上櫃,0.0,0.0,0.0,-6011.0,61348690.0
3548,兆利,上櫃,0.0,0.0,0.0,18850.0,68244175.0
3551,世禾,上櫃,0.0,0.0,0.0,103771.0,62274890.0
3552,同致,上櫃,0.0,0.0,0.0,57086.0,97918334.0
3555,博士旺,上櫃,0.0,0.0,0.0,8590.0,39998797.0
3556,禾瑞亞,上櫃,0.0,0.0,0.0,3918.0,63702844.0
3558,神準,上櫃,0.0,0.0,0.0,17878.0,59060881.0
3564,其陽,上櫃,0.0,0.0,0.0,4835.0,59123100.0
3567,逸昌,上櫃,0.0,0.0,0.0,-1000.0,33954000.0
3570,大塚,上櫃,0.0,0.0,0.0,2166.0,17097000.0
3577,泓格,上櫃,0.0,0.0,0.0,164164.0,63965653.0
3580,友威科,上櫃,0.0,0.0,0.0,14014.0,39470657.0
3581,博磊,上櫃,0.0,0.0,0.0,-168353.0,51006000.0
3587,閎康,上櫃,0.0,0.0,0.0,-19725.0,69369988.0
3594,磐儀,上櫃,0.0,0.0,0.0,43586.0,95948358.0
3597,映興,上櫃,0.0,0.0,0.0,9000.0,39236440.0
3609,三一東林,上櫃,0.0,0.0,0.0,-6000.0,38419387.0
3611,鼎翰,上櫃,0.0,0.0,0.0,26000.0,47554634.0
3615,安可,上櫃,0.0,0.0,0.0,-1991.0,68466976.0
3623,富晶通,上櫃,0.0,0.0,0.0,1000.0,29185946.0
3624,光頡,上櫃,0.0,0.0,0.0,89758.0,117340842.0
3625,西勝,上櫃,0.0,0.0,0.0,-31839.0,58100000.0
3628,盈正,上櫃,0.0,0.0,0.0,-11222.0,45000000.0
3630,新鉅科,上櫃,0.0,0.0,0.0,-159203.0,204191848.0
3631,晟楠,上櫃,0.0,0.0,0.0,960.0,81820909.0
3646,艾恩特,上櫃,0.0,0.0,0.0,-2000.0,39297371.0
3663,鑫科,上櫃,0.0,0.0,0.0,-14418.0,108494074.0
3666,光耀,上櫃,0.0,0.0,0.0,-1000.0,138949850.0
3672,康聯訊,上櫃,0.0,0.0,0.0,-1000.0,40790375.0
3675,德微,上櫃,0.0,0.0,0.0,-10982.0,53057923.0
3680,家登,上櫃,0.0,0.0,0.0,282686.0,96211690.0
3684,榮昌,上櫃,0.0,0.0,0.0,1870.0,30304737.0
3685,元創精密,上櫃,0.0,0.0,0.0,118188.0,79574000.0
3687,歐買尬,上櫃,0.0,0.0,0.0,-7100.0,30124059.0
3689,湧德,上櫃,0.0,0.0,0.0,-195201.0,89390991.0
3691,碩禾,上櫃,0.0,0.0,0.0,-120631.0,91883420.0
3693,營邦,上櫃,0.0,0.0,0.0,62075.0,42990694.0
3707,漢磊,上櫃,0.0,0.0,0.0,24765.0,400484353.0
3709,鑫聯大投控,上櫃,0.0,0.0,0.0,58282.0,145569450.0
3710,連展投控,上櫃,0.0,0.0,0.0,-30000.0,177086787.0
3713,新晶投控,上櫃,0.0,0.0,0.0,-2000.0,88099380.0
4102,永日,上櫃,0.0,0.0,0.0,-2000.0,42373443.0
4105,東洋,上櫃,0.0,0.0,0.0,89510.0,248649959.0
4107,邦特,上櫃,0.0,0.0,0.0,-10868.0,69298336.0
4109,加捷生醫,上櫃,0.0,0.0,0.0,25757.0,118736681.0
4111,濟生,上櫃,0.0,0.0,0.0,8564.0,59832135.0
4113,聯上,上櫃,0.0,0.0,0.0,25618.0,231138137.0
4114,健喬,上櫃,0.0,0.0,0.0,-787.0,550429688.0
4116,明基醫,上櫃,0.0,0.0,0.0,0.0,44566000.0
4120,友華,上櫃,0.0,0.0,0.0,29000.0,86747119.0
4121,優盛,上櫃,0.0,0.0,0.0,-5027.0,83111045.0
4123,晟德,上櫃,0.0,0.0,0.0,1191099.0,807456341.0
4126,太醫,上櫃,0.0,0.0,0.0,-5000.0,72600000.0
4127,天良,上櫃,0.0,0.0,0.0,38010.0,45760000.0
4128,中天,上櫃,0.0,0.0,0.0,-1113352.0,588170597.0
4129,聯合,上櫃,0.0,0.0,0.0,-19456.0,96437650.0
4138,曜亞,上櫃,0.0,0.0,0.0,1000.0,39930000.0
4147,中裕,上櫃,0.0,0.0,0.0,267023.0,273202425.0
4153,鈺緯,上櫃,0.0,0.0,0.0,-800.0,58668197.0
4157,太景*-KY,上櫃,0.0,0.0,0.0,-63628.0,711833575.0
4160,訊聯基因,上櫃,0.0,0.0,0.0,3000.0,26690334.0
4161,聿新科,上櫃,0.0,0.0,0.0,1049.0,59798204.0
4162,智擎,上櫃,0.0,0.0,0.0,65632.0,143677640.0
4163,鐿鈦,上櫃,0.0,0.0,0.0,-1182.0,50675143.0
4166,友霖,上櫃,0.0,0.0,0.0,33000.0,243035089.0
4167,松瑞藥,上櫃,0.0,0.0,0.0,-273310.0,331554307.0
4168,醣聯,上櫃,0.0,0.0,0.0,-28037.0,112521318.0
4171,瑞基,上櫃,0.0,0.0,0.0,7999.0,58057469.0
4173,久裕,上櫃,0.0,0.0,0.0,5237.0,74574355.0
4174,浩鼎,上櫃,0.0,0.0,0.0,3345.0,131579687.0
4175,杏一,上櫃,0.0,0.0,0.0,1000.0,42323307.0
4188,安克,上櫃,0.0,0.0,0.0,2000.0,63332900.0
4198,欣大健康,上櫃,0.0,0.0,0.0,1000.0,24108000.0
4205,中華食,上櫃,0.0,0.0,0.0,-3505.0,97649228.0
4207,環泰,上櫃,0.0,0.0,0.0,-1737.0,188611108.0
4303,信立,上櫃,0.0,0.0,0.0,72479.0,132447444.0
4304,勝昱,上櫃,0.0,0.0,0.0,-3000.0,61038065.0
4401,東隆興,上櫃,0.0,0.0,0.0,-213.0,122692012.0
4402,郡都開發,上櫃,0.0,0.0,0.0,59997.0,67991830.0
4406,新昕纖,上櫃,0.0,0.0,0.0,9000.0,51912000.0
4416,三圓,上櫃,0.0,0.0,0.0,5000.0,73586213.0
4417,金洲,上櫃,0.0,0.0,0.0,5000.0,83971399.0
4420,光明,上櫃,0.0,0.0,0.0,16254.0,40455000.0
4430,耀億,上櫃,0.0,0.0,0.0,0.0,56273609.0
4432,銘旺實,上櫃,0.0,0.0,0.0,2000.0,50589000.0
4433,興采,上櫃,0.0,0.0,0.0,-1169.0,61299774.0
4442,竣邦-KY,上櫃,0.0,0.0,0.0,-93079.0,32883649.0
4503,金雨,上櫃,0.0,0.0,0.0,-25319.0,78313326.0
4506,崇友,上櫃,0.0,0.0,0.0,59095.0,177012000.0
4510,高鋒,上櫃,0.0,0.0,0.0,84838.0,108977724.0
4513,福裕,上櫃,0.0,0.0,0.0,50404.0,143761921.0
4523,永彰,上櫃,0.0,0.0,0.0,-1000.0,64949000.0
4527,方土霖,上櫃,0.0,0.0,0.0,5000.0,68537133.0
4528,江興鍛,上櫃,0.0,0.0,0.0,19886.0,84165695.0
4533,協易機,上櫃,0.0,0.0,0.0,-25108.0,178434110.0
4534,慶騰,上櫃,0.0,0.0,0.0,-552314.0,86788948.0
4535,至興,上櫃,0.0,0.0,0.0,-1964.0,75661740.0
4538,大詠城,上櫃,0.0,0.0,0.0,-2000.0,59469604.0
4541,晟田,上櫃,0.0,0.0,0.0,134863.0,67647068.0
4542,科嶠,上櫃,0.0,0.0,0.0,82922.0,35254258.0
4543,萬在,上櫃,0.0,0.0,0.0,-1110.0,62760915.0
4549,桓達,上櫃,0.0,0.0,0.0,18273.0,57002445.0
4550,長佳,上櫃,0.0,0.0,0.0,-1000.0,37838783.0
4554,橙的,上櫃,0.0,0.0,0.0,1000.0,30276584.0
4556,旭然,上櫃,0.0,0.0,0.0,47035.0,42302840.0
4558,寶緯,上櫃,0.0,0.0,0.0,-1986.0,50000000.0
4561,健椿,上櫃,0.0,0.0,0.0,27000.0,58521619.0
4563,百德,上櫃,0.0,0.0,0.0,-16355.0,54950000.0
4577,達航科技,上櫃,0.0,0.0,0.0,137241.0,49137998.0
4580,捷流閥業,上櫃,0.0,0.0,0.0,7692.0,46803109.0
4584,君帆,上櫃,0.0,0.0,0.0,-2000.0,30002400.0
4702,中美實,上櫃,0.0,0.0,0.0,-8000.0,72333200.0
4707,磐亞,上櫃,0.0,0.0,0.0,167709.0,413808151.0
4711,永純,上櫃,0.0,0.0,0.0,2820.0,61056000.0
4714,永捷,上櫃,0.0,0.0,0.0,273617.0,221838188.0
4716,大立,上櫃,0.0,0.0,0.0,-35000.0,94427191.0
4721,美琪瑪,上櫃,0.0,0.0,0.0,63342.0,74986304.0
4726,永昕,上櫃,0.0,0.0,0.0,-4874.0,207041800.0
4729,熒茂,上櫃,0.0,0.0,0.0,69000.0,79226741.0
4735,豪展,上櫃,0.0,0.0,0.0,-3009.0,41568758.0
4741,泓瀚,上櫃,0.0,0.0,0.0,-1381.0,34812079.0
4743,合一,上櫃,0.0,0.0,0.0,-133773.0,480533486.0
4744,皇將,上櫃,0.0,0.0,0.0,-2000.0,56948450.0
4745,合富-KY,上櫃,0.0,0.0,0.0,58131.0,66220547.0
4747,強生,上櫃,0.0,0.0,0.0,1000.0,90922064.0
4749,新應材,上櫃,0.0,0.0,0.0,-80039.0,94732865.0
4754,國碳科,上櫃,0.0,0.0,0.0,1000.0,30283215.0
4760,勤凱,上櫃,0.0,0.0,0.0,24009.0,32778289.0
4768,晶呈科技,上櫃,0.0,0.0,0.0,42300.0,48200288.0
4772,台特化,上櫃,0.0,0.0,0.0,219093.0,147681552.0
4903,聯光通,上櫃,0.0,0.0,0.0,459100.0,105343714.0
4905,台聯電,上櫃,0.0,0.0,0.0,2000.0,29260044.0
4907,富宇,上櫃,0.0,0.0,0.0,30568.0,118145778.0
4908,前鼎,上櫃,0.0,0.0,0.0,37488.0,78216907.0
4909,新復興,上櫃,0.0,0.0,0.0,-33052.0,93356864.0
4911,德英,上櫃,0.0,0.0,0.0,-3000.0,68817133.0
4923,力士,上櫃,0.0,0.0,0.0,15400.0,36940360.0
4924,欣厚-KY,上櫃,0.0,0.0,0.0,2000.0,37164409.0
4931,新盛力,上櫃,0.0,0.0,0.0,62547.0,65565761.0
4933,友輝,上櫃,0.0,0.0,0.0,3297.0,82662675.0
4939,亞電,上櫃,0.0,0.0,0.0,542683.0,98200868.0
4946,辣椒,上櫃,0.0,0.0,0.0,-6357.0,8852816.0
4950,金耘國際,上櫃,0.0,0.0,0.0,-1000.0,57729107.0
4951,精拓科,上櫃,0.0,0.0,0.0,9035.0,34148713.0
4953,緯致,上櫃,0.0,0.0,0.0,90717.0,74326386.0
4966,譜瑞-KY,上櫃,0.0,0.0,0.0,87257.0,78957788.0
4971,IET-KY,上櫃,0.0,0.0,0.0,142432.0,47185743.0
4972,湯石照明,上櫃,0.0,0.0,0.0,7721.0,56888587.0
4973,廣穎,上櫃,0.0,0.0,0.0,-196054.0,65292843.0
4974,亞泰,上櫃,0.0,0.0,0.0,22952.0,72500104.0
4979,華星光,上櫃,0.0,0.0,0.0,601627.0,142802027.0
4991,環宇-KY,上櫃,0.0,0.0,0.0,159198.0,121363372.0
4995,晶達,上櫃,0.0,0.0,0.0,-3000.0,42592036.0
5009,榮剛,上櫃,0.0,0.0,0.0,951628.0,602471197.0
5011,久陽,上櫃,0.0,0.0,0.0,-78241.0,100673922.0
5013,強新,上櫃,0.0,0.0,0.0,5000.0,133416000.0
5014,建錩,上櫃,0.0,0.0,0.0,-4570.0,183265054.0
5016,松和,上櫃,0.0,0.0,0.0,-2000.0,49622076.0
5201,凱衛,上櫃,0.0,0.0,0.0,3001.0,38674600.0
5202,力新,上櫃,0.0,0.0,0.0,-1144.0,89094000.0
5206,坤悅,上櫃,0.0,0.0,0.0,-1000.0,180093375.0
5209,新鼎,上櫃,0.0,0.0,0.0,-2438.0,28567224.0
5210,寶碩,上櫃,0.0,0.0,0.0,-206000.0,82177779.0
5211,蒙恬,上櫃,0.0,0.0,0.0,4063.0,32024727.0
5213,亞昕,上櫃,0.0,0.0,0.0,27824.0,721334326.0
5220,萬達光電,上櫃,0.0,0.0,0.0,3998.0,39667000.0
5227,立凱-KY,上櫃,0.0,0.0,0.0,-80054.0,96000000.0
5228,鈺鎧,上櫃,0.0,0.0,0.0,-104445.0,38056253.0
5230,雷笛克光學,上櫃,0.0,0.0,0.0,-13081.0,56303831.0
5245,智晶,上櫃,0.0,0.0,0.0,4000.0,45127141.0
5251,天鉞電,上櫃,0.0,0.0,0.0,2169.0,33733377.0
5263,智崴,上櫃,0.0,0.0,0.0,-11039.0,78936891.0
5272,笙科,上櫃,0.0,0.0,0.0,6998.0,55276118.0
5274,信驊,上櫃,0.0,0.0,0.0,115350.0,41582953.0
5276,達輝-KY,上櫃,0.0,0.0,0.0,0.0,39500000.0
5278,尚凡*,上櫃,0.0,0.0,0.0,65275.0,300000000.0
5287,數字,上櫃,0.0,0.0,0.0,-46096.0,60310050.0
5289,宜鼎,上櫃,0.0,0.0,0.0,-331036.0,98289931.0
5291,邑昇,上櫃,0.0,0.0,0.0,11223.0,41890606.0
5299,杰力,上櫃,0.0,0.0,0.0,-131284.0,50888981.0
5301,寶得利,上櫃,0.0,0.0,0.0,1000.0,53928846.0
5302,太欣,上櫃,0.0,0.0,0.0,-13967.0,159888349.0
5309,系統電,上櫃,0.0,0.0,0.0,158041.0,230967451.0
5312,寶島科,上櫃,0.0,0.0,0.0,-63.0,60059898.0
5314,世紀*,上櫃,0.0,0.0,0.0,17886.0,292000000.0
5315,光聯,上櫃,0.0,0.0,0.0,-84229.0,106351832.0
5321,美而快,上櫃,0.0,0.0,0.0,52671.0,59543149.0
5324,士開,上櫃,0.0,0.0,0.0,455000.0,226379090.0
5328,華容,上櫃,0.0,0.0,0.0,-960748.0,172710724.0
5340,建榮,上櫃,0.0,0.0,0.0,-48823.0,194893964.0
5344,立衛,上櫃,0.0,0.0,0.0,9.0,79447460.0
5345,馥鴻,上櫃,0.0,0.0,0.0,1046.0,37795000.0
5347,世界,上櫃,0.0,0.0,0.0,-4359052.0,1878502192.0
5351,鈺創,上櫃,0.0,0.0,0.0,1714659.0,328636781.0
5353,台林,上櫃,0.0,0.0,0.0,19600.0,76500000.0
5355,佳總,上櫃,0.0,0.0,0.0,10000.0,77500000.0
5356,協益,上櫃,0.0,0.0,0.0,-16501.0,103040000.0
5364,力麗店,上櫃,0.0,0.0,0.0,1000.0,63849940.0
5371,中光電,上櫃,0.0,0.0,0.0,180963.0,0.0
5381,光譜,上櫃,0.0,0.0,0.0,-5000.0,207690562.0
5386,青雲,上櫃,0.0,0.0,0.0,-5593.0,54121322.0
5392,能率,上櫃,0.0,0.0,0.0,523634.0,180093388.0
5398,慕康生醫,上櫃,0.0,0.0,0.0,-191.0,49465460.0
5403,中菲,上櫃,0.0,0.0,0.0,-39000.0,78120722.0
5410,國眾,上櫃,0.0,0.0,0.0,227088.0,93368623.0
5425,台半,上櫃,0.0,0.0,0.0,-620500.0,263485486.0
5426,振發,上櫃,0.0,0.0,0.0,36014.0,143800000.0
5432,新門,上櫃,0.0,0.0,0.0,11869.0,20687804.0
5438,東友,上櫃,0.0,0.0,0.0,-21285.0,112536565.0
5439,高技,上櫃,0.0,0.0,0.0,-74583.0,92975752.0
5443,均豪,上櫃,0.0,0.0,0.0,192927.0,164746644.0
5450,南良,上櫃,0.0,0.0,0.0,47621.0,122403239.0
5452,佶優,上櫃,0.0,0.0,0.0,24733.0,148763669.0
5455,昇益,上櫃,0.0,0.0,0.0,-391.0,65501813.0
5457,宣德,上櫃,0.0,0.0,0.0,-253012.0,196237000.0
5460,同協,上櫃,0.0,0.0,0.0,3000.0,58778130.0
5464,霖宏,上櫃,0.0,0.0,0.0,-254640.0,71071490.0
5465,富驊,上櫃,0.0,0.0,0.0,-7000.0,147682629.0
5468,凱鈺,上櫃,0.0,0.0,0.0,11000.0,58922909.0
5474,聰泰,上櫃,0.0,0.0,0.0,26636.0,39756944.0
5475,德宏,上櫃,0.0,0.0,0.0,194000.0,127127017.0
5478,智冠,上櫃,0.0,0.0,0.0,-36482.0,156074332.0
5481,新華,上櫃,0.0,0.0,0.0,-5000.0,71402891.0
5483,中美晶,上櫃,0.0,0.0,0.0,9465900.0,641221651.0
5487,通泰,上櫃,0.0,0.0,0.0,9000.0,24222516.0
5488,松普,上櫃,0.0,0.0,0.0,-29060.0,91586124.0
5489,彩富,上櫃,0.0,0.0,0.0,-5000.0,102706441.0
5490,同亨,上櫃,0.0,0.0,0.0,557091.0,96152201.0
5493,三聯,上櫃,0.0,0.0,0.0,42744.0,43689255.0
5498,凱崴,上櫃,0.0,0.0,0.0,-497271.0,193548545.0
5508,永信建,上櫃,0.0,0.0,0.0,-37606.0,217428133.0
5511,德昌,上櫃,0.0,0.0,0.0,-12664.0,136000000.0
5512,力麒,上櫃,0.0,0.0,0.0,-198548.0,766312494.0
5514,三豐,上櫃,0.0,0.0,0.0,2000.0,236118280.0
5516,雙喜,上櫃,0.0,0.0,0.0,-1359.0,51545223.0
5523,豐謙,上櫃,0.0,0.0,0.0,0.0,155001464.0
5529,鉅陞,上櫃,0.0,0.0,0.0,43.0,105769350.0
5530,龍巖,上櫃,0.0,0.0,0.0,-45560.0,420084199.0
5536,聖暉*,上櫃,0.0,0.0,0.0,96095.0,124080930.0
5547,久舜,上櫃,0.0,0.0,0.0,10000.0,51000000.0
5548,安倉,上櫃,0.0,0.0,0.0,-5150.0,63723065.0
5603,陸海,上櫃,0.0,0.0,0.0,-1477.0,104876607.0
5609,中菲行,上櫃,0.0,0.0,0.0,-72537.0,142884000.0
5701,劍湖山,上櫃,0.0,0.0,0.0,-10000.0,143000000.0
5704,老爺知,上櫃,0.0,0.0,0.0,-4000.0,58861658.0
5864,致和證,上櫃,0.0,0.0,0.0,-18880.0,504490084.0
5902,德記,上櫃,0.0,0.0,0.0,-1000.0,94500000.0
5903,全家,上櫃,0.0,0.0,0.0,-7788.0,223220000.0
5905,南仁湖,上櫃,0.0,0.0,0.0,-172807.0,281623235.0
6015,宏遠證,上櫃,0.0,0.0,0.0,-633686.0,403614082.0
6016,康和證,上櫃,0.0,0.0,0.0,8450.0,772419946.0
6020,大展證,上櫃,0.0,0.0,0.0,3000.0,252353154.0
6021,美好證,上櫃,0.0,0.0,0.0,-4000.0,312005974.0
6023,元大期,上櫃,0.0,0.0,0.0,-380000.0,447972732.0
6026,福邦證,上櫃,0.0,0.0,0.0,-99855.0,396161841.0
6101,寬魚國際,上櫃,0.0,0.0,0.0,-27000.0,116601850.0
6104,創惟,上櫃,0.0,0.0,0.0,88345.0,91127107.0
6109,亞元,上櫃,0.0,0.0,0.0,272497.0,87825414.0
6111,光聚晶電,上櫃,0.0,0.0,0.0,-9271.0,108511051.0
6113,亞矽,上櫃,0.0,0.0,0.0,13124.0,52549455.0
6114,久威,上櫃,0.0,0.0,0.0,965.0,43911937.0
6118,建達,上櫃,0.0,0.0,0.0,15000.0,90889573.0
6121,新普,上櫃,0.0,0.0,0.0,273138.0,184970519.0
6122,擎邦,上櫃,0.0,0.0,0.0,-109927.0,78091632.0
6123,上奇,上櫃,0.0,0.0,0.0,-5177.0,62089430.0
6124,業強,上櫃,0.0,0.0,0.0,-2101.0,182479945.0
6125,廣運,上櫃,0.0,0.0,0.0,143636.0,259011150.0
6126,信音,上櫃,0.0,0.0,0.0,63593.0,130050754.0
6127,九豪,上櫃,0.0,0.0,0.0,-187673.0,108079751.0
6129,普誠,上櫃,0.0,0.0,0.0,-42653.0,160574120.0
6130,上亞科技,上櫃,0.0,0.0,0.0,-6000.0,49300000.0
6134,萬旭,上櫃,0.0,0.0,0.0,-25280.0,81882117.0
6138,茂達,上櫃,0.0,0.0,0.0,-25624.0,75633500.0
6140,訊達,上櫃,0.0,0.0,0.0,-2992.0,54897760.0
6143,振曜,上櫃,0.0,0.0,0.0,64027.0,86058897.0
6146,耕興,上櫃,0.0,0.0,0.0,-181188.0,101867199.0
6147,頎邦,上櫃,0.0,0.0,0.0,-5452980.0,744577539.0
6148,驊宏資,上櫃,0.0,0.0,0.0,40995.0,46603757.0
6150,撼訊,上櫃,0.0,0.0,0.0,6787.0,48345985.0
6151,晉倫,上櫃,0.0,0.0,0.0,-59206.0,55257300.0
6154,順發,上櫃,0.0,0.0,0.0,1000.0,80080000.0
6156,松上,上櫃,0.0,0.0,0.0,31839.0,107875010.0
6158,禾昌,上櫃,0.0,0.0,0.0,-7700.0,55028788.0
6160,欣技,上櫃,0.0,0.0,0.0,9847.0,68489120.0
6161,捷波,上櫃,0.0,0.0,0.0,9000.0,56237477.0
6163,華電網,上櫃,0.0,0.0,0.0,90843.0,148838747.0
6167,久正,上櫃,0.0,0.0,0.0,10835.0,143080000.0
6169,昱泉,上櫃,0.0,0.0,0.0,-1002.0,23394960.0
6170,統振,上櫃,0.0,0.0,0.0,-82427.0,97260038.0
6173,信昌電,上櫃,0.0,0.0,0.0,-42344.0,160928000.0
6174,安碁,上櫃,0.0,0.0,0.0,316435.0,50000000.0
6175,立敦,上櫃,0.0,0.0,0.0,-45637.0,150121812.0
6179,亞通,上櫃,0.0,0.0,0.0,63949.0,177324650.0
6180,橘子,上櫃,0.0,0.0,0.0,-226676.0,175493573.0
6182,合晶,上櫃,0.0,0.0,0.0,1175993.0,625305662.0
6185,幃翔,上櫃,0.0,0.0,0.0,-14219.0,149867531.0
6186,新潤,上櫃,0.0,0.0,0.0,-298863.0,194907598.0
6187,萬潤,上櫃,0.0,0.0,0.0,387762.0,98262739.0
6188,廣明,上櫃,0.0,0.0,0.0,331023.0,278358910.0
6190,萬泰科,上櫃,0.0,0.0,0.0,150407.0,186522441.0
6194,育富,上櫃,0.0,0.0,0.0,5000.0,48000000.0
6195,詩肯,上櫃,0.0,0.0,0.0,0.0,50192942.0
6199,天品,上櫃,0.0,0.0,0.0,-56910.0,61760018.0
6203,海韻電,上櫃,0.0,0.0,0.0,13350.0,82401370.0
6204,艾華,上櫃,0.0,0.0,0.0,3572.0,23102080.0
6207,雷科,上櫃,0.0,0.0,0.0,-686855.0,93066484.0
6208,日揚,上櫃,0.0,0.0,0.0,3868.0,94462343.0
6210,慶生,上櫃,0.0,0.0,0.0,-1003.0,35048000.0
6217,中探針,上櫃,0.0,0.0,0.0,2985.0,117210018.0
6218,豪勉,上櫃,0.0,0.0,0.0,64994.0,64262000.0
6219,富旺,上櫃,0.0,0.0,0.0,-41263.0,124967090.0
6220,岳豐,上櫃,0.0,0.0,0.0,66306.0,146462640.0
6221,晉泰,上櫃,0.0,0.0,0.0,-3400.0,168601206.0
6223,旺矽,上櫃,0.0,0.0,0.0,3718.0,97981309.0
6227,茂綸,上櫃,0.0,0.0,0.0,414932.0,76111786.0
6229,研通,上櫃,0.0,0.0,0.0,12978.0,40360700.0
6231,系微,上櫃,0.0,0.0,0.0,-36353.0,45652186.0
6233,旺玖,上櫃,0.0,0.0,0.0,-2005.0,80971896.0
6234,高僑,上櫃,0.0,0.0,0.0,26504.0,100386398.0
6237,驊訊,上櫃,0.0,0.0,0.0,300.0,79645371.0
6240,松崗,上櫃,0.0,0.0,0.0,-6996.0,22867370.0
6241,鑫永洋,上櫃,0.0,0.0,0.0,-31000.0,45533670.0
6244,茂迪,上櫃,0.0,0.0,0.0,696298.0,387041875.0
6245,立端,上櫃,0.0,0.0,0.0,252199.0,146608303.0
6246,臺龍,上櫃,0.0,0.0,0.0,-1000.0,37851415.0
6248,沛波,上櫃,0.0,0.0,0.0,5991.0,99956149.0
6259,百徽,上櫃,0.0,0.0,0.0,-94832.0,28056146.0
6261,久元,上櫃,0.0,0.0,0.0,15992.0,128497989.0
6263,普萊德,上櫃,0.0,0.0,0.0,134784.0,62500964.0
6264,富裔,上櫃,0.0,0.0,0.0,3000.0,136355291.0
6265,方土昶,上櫃,0.0,0.0,0.0,-222863.0,118172151.0
6266,泰詠,上櫃,0.0,0.0,0.0,-24395.0,153871641.0
6270,倍微,上櫃,0.0,0.0,0.0,-5051.0,72145759.0
6274,台燿,上櫃,0.0,0.0,0.0,-518226.0,299460093.0
6275,元山,上櫃,0.0,0.0,0.0,-4481.0,80344567.0
6276,安鈦克,上櫃,0.0,0.0,0.0,-166.0,22043000.0
6279,胡連,上櫃,0.0,0.0,0.0,97362.0,119015736.0
6284,佳邦,上櫃,0.0,0.0,0.0,-8125.0,148980341.0
6290,良維,上櫃,0.0,0.0,0.0,-136263.0,169652410.0
6291,沛亨,上櫃,0.0,0.0,0.0,-43958.0,42000000.0
6292,迅德,上櫃,0.0,0.0,0.0,-11234.0,46600712.0
6294,智基,上櫃,0.0,0.0,0.0,-10.0,26047106.0
6411,晶焱,上櫃,0.0,0.0,0.0,-24937.0,99508031.0
6417,韋僑,上櫃,0.0,0.0,0.0,1949.0,42274000.0
6418,詠昇,上櫃,0.0,0.0,0.0,15000.0,34522000.0
6419,京晨科,上櫃,0.0,0.0,0.0,20445.0,13159170.0
6423,億而得,上櫃,0.0,0.0,0.0,-4000.0,31016000.0
6425,易發,上櫃,0.0,0.0,0.0,12432.0,51382317.0
6432,今展科,上櫃,0.0,0.0,0.0,-1201691.0,38784067.0
6435,大中,上櫃,0.0,0.0,0.0,6810.0,37461300.0
6441,廣錠,上櫃,0.0,0.0,0.0,3998.0,53318429.0
6461,益得,上櫃,0.0,0.0,0.0,24882.0,110324527.0
6462,神盾,上櫃,0.0,0.0,0.0,18554.0,91250754.0
6465,威潤,上櫃,0.0,0.0,0.0,-37322.0,59073685.0
6469,大樹,上櫃,0.0,0.0,0.0,-356321.0,159085152.0
6470,宇智,上櫃,0.0,0.0,0.0,24880.0,37694100.0
6474,華豫寧,上櫃,0.0,0.0,0.0,2000.0,52526199.0
6482,弘煜科,上櫃,0.0,0.0,0.0,-30999.0,28634463.0
6485,點序,上櫃,0.0,0.0,0.0,-26298.0,47366493.0
6486,互動,上櫃,0.0,0.0,0.0,-78060.0,50893286.0
6488,環球晶,上櫃,0.0,0.0,0.0,-1792112.0,478113725.0
6492,生華科,上櫃,0.0,0.0,0.0,47114.0,114903620.0
6494,九齊,上櫃,0.0,0.0,0.0,10905.0,31559690.0
6498,久禾光,上櫃,0.0,0.0,0.0,50993.0,47475892.0
6499,益安,上櫃,0.0,0.0,0.0,10168.0,96944893.0
6506,雙邦,上櫃,0.0,0.0,0.0,-2000.0,82360826.0
6508,惠光,上櫃,0.0,0.0,0.0,-11850.0,86538864.0
6509,聚和,上櫃,0.0,0.0,0.0,-11520.0,197080553.0
6510,精測,上櫃,0.0,0.0,0.0,107360.0,32929138.0
6516,勤崴國際,上櫃,0.0,0.0,0.0,7000.0,56336935.0
6517,保勝光學,上櫃,0.0,0.0,0.0,-23373.0,30579053.0
6523,達爾膚,上櫃,0.0,0.0,0.0,2547.0,45047625.0
6527,明達醫,上櫃,0.0,0.0,0.0,-3988.0,25458550.0
6530,創威,上櫃,0.0,0.0,0.0,1566.0,33750000.0
6532,瑞耘,上櫃,0.0,0.0,0.0,-29409.0,37445147.0
6535,順藥,上櫃,0.0,0.0,0.0,17854.0,167840825.0
6538,倉和,上櫃,0.0,0.0,0.0,-55196.0,37270493.0
6542,隆中,上櫃,0.0,0.0,0.0,0.0,42000630.0
6546,正基,上櫃,0.0,0.0,0.0,10858.0,66848449.0
6547,高端疫苗,上櫃,0.0,0.0,0.0,409230.0,328943644.0
6548,長科*,上櫃,0.0,0.0,0.0,998553.0,950464700.0
6556,勝品,上櫃,0.0,0.0,0.0,-1000.0,28750000.0
6560,欣普羅,上櫃,0.0,0.0,0.0,-50.0,33474715.0
6561,是方,上櫃,0.0,0.0,0.0,-74853.0,77958370.0
6568,宏觀,上櫃,0.0,0.0,0.0,28420.0,30796200.0
6569,醫揚,上櫃,0.0,0.0,0.0,-4912.0,42820745.0
6570,維田,上櫃,0.0,0.0,0.0,140027.0,37119170.0
6574,霈方,上櫃,0.0,0.0,0.0,6430.0,21990000.0
6576,逸達,上櫃,0.0,0.0,0.0,-30000.0,157540541.0
6577,勁豐,上櫃,0.0,0.0,0.0,13000.0,60060145.0
6578,達邦蛋白,上櫃,0.0,0.0,0.0,-1000.0,71941901.0
6584,南俊國際,上櫃,0.0,0.0,0.0,32188.0,71379810.0
6588,東典光電,上櫃,0.0,0.0,0.0,-386268.0,34700825.0
6593,台灣銘板,上櫃,0.0,0.0,0.0,-1000.0,31856609.0
6596,寬宏藝術,上櫃,0.0,0.0,0.0,-25361.0,38000000.0
6603,富強鑫,上櫃,0.0,0.0,0.0,-177560.0,167442946.0
6609,瀧澤科,上櫃,0.0,0.0,0.0,64000.0,72456246.0
6613,朋億*,上櫃,0.0,0.0,0.0,-20114.0,77801485.0
6615,慧智,上櫃,0.0,0.0,0.0,3000.0,21593400.0
6617,共信-KY,上櫃,0.0,0.0,0.0,-1502.0,127506100.0
6620,漢達,上櫃,0.0,0.0,0.0,-268817.0,165981900.0
6629,泰金-KY,上櫃,0.0,0.0,0.0,12000.0,38379563.0
6637,醫影,上櫃,0.0,0.0,0.0,9770.0,26810000.0
6640,均華,上櫃,0.0,0.0,0.0,-355.0,28911500.0
6642,富致,上櫃,0.0,0.0,0.0,22190.0,37399662.0
6643,M31,上櫃,0.0,0.0,0.0,73761.0,42620160.0
6649,台生材,上櫃,0.0,0.0,0.0,-25376.0,42000000.0
6651,全宇昕,上櫃,0.0,0.0,0.0,-4802.0,34601541.0
6654,天正國際,上櫃,0.0,0.0,0.0,13514.0,40962720.0
6664,群翊,上櫃,0.0,0.0,0.0,-90797.0,61151307.0
6667,信紘科,上櫃,0.0,0.0,0.0,-2233.0,49278878.0
6679,鈺太,上櫃,0.0,0.0,0.0,46372.0,54975335.0
6683,雍智科技,上櫃,0.0,0.0,0.0,-105939.0,27552661.0
6684,安格,上櫃,0.0,0.0,0.0,-12728.0,44559496.0
6690,安碁資訊,上櫃,0.0,0.0,0.0,66.0,29999720.0
6693,廣閎科,上櫃,0.0,0.0,0.0,-303015.0,45720000.0
6697,東捷資訊,上櫃,0.0,0.0,0.0,-5020.0,27323364.0
6703,軒郁,上櫃,0.0,0.0,0.0,-15266.0,36257210.0
6712,長聖,上櫃,0.0,0.0,0.0,23951.0,100488861.0
6716,應廣,上櫃,0.0,0.0,0.0,3318.0,30241814.0
6720,久昌,上櫃,0.0,0.0,0.0,20050.0,30225741.0
6725,矽科宏晟,上櫃,0.0,0.0,0.0,20877.0,37130000.0
6727,亞泰金屬,上櫃,0.0,0.0,0.0,32000.0,26884177.0
6728,上洋,上櫃,0.0,0.0,0.0,10000.0,30120000.0
6730,常廣,上櫃,0.0,0.0,0.0,5000.0,36298151.0
6732,昇佳電子,上櫃,0.0,0.0,0.0,18736.0,48912618.0
6733,博晟生醫,上櫃,0.0,0.0,0.0,-64913.0,134316026.0
6735,美達科技,上櫃,0.0,0.0,0.0,2642.0,46182292.0
6739,竹陞科技,上櫃,0.0,0.0,0.0,11841.0,23392500.0
6741,91APP*-KY,上櫃,0.0,0.0,0.0,-4482.0,120577997.0
6751,智聯服務,上櫃,0.0,0.0,0.0,1000.0,22200000.0
6752,叡揚,上櫃,0.0,0.0,0.0,2000.0,38258471.0
6761,穩得,上櫃,0.0,0.0,0.0,183.0,34955867.0
6762,達亞,上櫃,0.0,0.0,0.0,2000.0,36930288.0
6763,綠界科技*,上櫃,0.0,0.0,0.0,59894.0,184039130.0
6767,台微醫,上櫃,0.0,0.0,0.0,2000.0,39183630.0
6785,昱展新藥,上櫃,0.0,0.0,0.0,-2545.0,66800000.0
6788,華景電,上櫃,0.0,0.0,0.0,2716.0,38739683.0
6791,虎門科技,上櫃,0.0,0.0,0.0,1488.0,20847000.0
6803,崑鼎,上櫃,0.0,0.0,0.0,4977.0,72794385.0
6804,明係,上櫃,0.0,0.0,0.0,-24000.0,47500000.0
6811,宏碁資訊,上櫃,0.0,0.0,0.0,29927.0,41449000.0
6821,聯寶,上櫃,0.0,0.0,0.0,9001.0,35913193.0
6823,濾能,上櫃,0.0,0.0,0.0,-4000.0,33233920.0
6829,千附精密,上櫃,0.0,0.0,0.0,31371.0,59169000.0
6840,東研信超,上櫃,0.0,0.0,0.0,5964.0,30767284.0
6841,長佳智能,上櫃,0.0,0.0,0.0,-20241.0,95223000.0
6844,諾貝兒,上櫃,0.0,0.0,0.0,1000.0,37428440.0
6855,數泓科,上櫃,0.0,0.0,0.0,-1000.0,23249716.0
6859,伯特光,上櫃,0.0,0.0,0.0,-3119.0,41588600.0
6865,偉康科技,上櫃,0.0,0.0,0.0,1737.0,15840645.0
6870,騰雲,上櫃,0.0,0.0,0.0,-7924.0,28317550.0
6872,浩宇生醫,上櫃,0.0,0.0,0.0,3900.0,70750511.0
6874,倍力,上櫃,0.0,0.0,0.0,-1795.0,22000000.0
6875,國邑*,上櫃,0.0,0.0,0.0,-27000.0,129182804.0
6877,鏵友益,上櫃,0.0,0.0,0.0,114773.0,47167122.0
6894,衛司特,上櫃,0.0,0.0,0.0,-1117.0,23800000.0
6895,宏碩系統,上櫃,0.0,0.0,0.0,-217.0,34100000.0
6899,創為精密,上櫃,0.0,0.0,0.0,1000.0,42398491.0
6903,巨漢,上櫃,0.0,0.0,0.0,40437.0,66676000.0
6907,雅特力-KY,上櫃,0.0,0.0,0.0,-34474.0,62562500.0
6910,德鴻,上櫃,0.0,0.0,0.0,5000.0,30521000.0
6913,鴻呈,上櫃,0.0,0.0,0.0,34161.0,43848863.0
6922,宸曜,上櫃,0.0,0.0,0.0,21170.0,27155385.0
6925,意藍,上櫃,0.0,0.0,0.0,13000.0,20000300.0
6945,圓祥生技,上櫃,0.0,0.0,0.0,12000.0,97531160.0
6953,家碩,上櫃,0.0,0.0,0.0,3295.0,30014600.0
6961,旅天下,上櫃,0.0,0.0,0.0,-8000.0,26834000.0
6967,汎瑋材料,上櫃,0.0,0.0,0.0,-990.0,30404477.0
6968,萬達寵物,上櫃,0.0,0.0,0.0,17000.0,50436279.0
6971,惠民實業,上櫃,0.0,0.0,0.0,2000.0,38668000.0
6982,大井泵浦,上櫃,0.0,0.0,0.0,0.0,40752381.0
6983,華洋精機,上櫃,0.0,0.0,0.0,328.0,18020000.0
6986,和迅,上櫃,0.0,0.0,0.0,-18000.0,52134000.0
6996,力領科技,上櫃,0.0,0.0,0.0,16024.0,42090333.0
6997,博弘,上櫃,0.0,0.0,0.0,-1000.0,22100500.0
7402,邑錡,上櫃,0.0,0.0,0.0,-1028.0,35280646.0
7547,碩網,上櫃,0.0,0.0,0.0,10000.0,33963000.0
7556,意德士,上櫃,0.0,0.0,0.0,-8246.0,29080869.0
7584,樂意,上櫃,0.0,0.0,0.0,-1000.0,16462808.0
7642,昶瑞機電,上櫃,0.0,0.0,0.0,-1000.0,30194258.0
7703,銳澤,上櫃,0.0,0.0,0.0,-16571.0,34745000.0
7704,明遠精密,上櫃,0.0,0.0,0.0,24000.0,33769804.0
7709,榮田,上櫃,0.0,0.0,0.0,7044.0,39102740.0
7712,博盛半導體,上櫃,0.0,0.0,0.0,-7583.0,32561873.0
7714,創泓科技,上櫃,0.0,0.0,0.0,-54345.0,21000000.0
7715,裕山,上櫃,0.0,0.0,0.0,17000.0,32756500.0
7717,萊德光電-KY,上櫃,0.0,0.0,0.0,16957.0,24831518.0
7718,友鋮,上櫃,0.0,0.0,0.0,-1000.0,46356484.0
7723,築間,上櫃,0.0,0.0,0.0,-11000.0,49619550.0
7728,光焱科技,上櫃,0.0,0.0,0.0,4000.0,13992621.0
7734,印能科技,上櫃,0.0,0.0,0.0,65428.0,28000000.0
7738,東聯互動,上櫃,0.0,0.0,0.0,-4000.0,27355799.0
7743,金利食安,上櫃,0.0,0.0,0.0,-1000.0,36483338.0
7744,崴寶,上櫃,0.0,0.0,0.0,-385.0,32076710.0
7751,竑騰,上櫃,0.0,0.0,0.0,-6813.0,26888600.0
7753,星亞,上櫃,0.0,0.0,0.0,1000.0,25000000.0
7757,金色三麥,上櫃,0.0,0.0,0.0,1000.0,24100000.0
7767,仁大資訊,上櫃,0.0,0.0,0.0,10000.0,30100000.0
7770,君曜,上櫃,0.0,0.0,0.0,-3000.0,30062053.0
7772,耀穎,上櫃,0.0,0.0,0.0,15524.0,26498600.0
7777,能率亞洲,上櫃,0.0,0.0,0.0,391540.0,186606250.0
7782,光速火箭,上櫃,0.0,0.0,0.0,0.0,23213000.0
7792,安葆,上櫃,0.0,0.0,0.0,21173.0,46662000.0
7794,宏碁智新,上櫃,0.0,0.0,0.0,-1000.0,28000000.0
7805,威聯通,上櫃,0.0,0.0,0.0,-184.0,39750122.0
7810,捷創科技,上櫃,0.0,0.0,0.0,3000.0,20250000.0
7814,海昌生技,上櫃,0.0,0.0,0.0,3000.0,45000000.0
7819,精誠金融,上櫃,0.0,0.0,0.0,12081.0,25263500.0
7820,立盈,上櫃,0.0,0.0,0.0,-2000.0,37768096.0
7828,創新服務,上櫃,0.0,0.0,0.0,50740.0,40493911.0
7842,天能綠電,上櫃,0.0,0.0,0.0,1000.0,18250000.0
8024,佑華,上櫃,0.0,0.0,0.0,7787.0,45160100.0
8027,鈦昇,上櫃,0.0,0.0,0.0,-670610.0,109750596.0
8032,光菱,上櫃,0.0,0.0,0.0,-10000.0,51810300.0
8034,榮群,上櫃,0.0,0.0,0.0,27000.0,56586353.0
8038,長園科,上櫃,0.0,0.0,0.0,-23003.0,62278190.0
8040,九暘,上櫃,0.0,0.0,0.0,-3635.0,96413874.0
8042,金山電,上櫃,0.0,0.0,0.0,407602.0,131479954.0
8043,蜜望實,上櫃,0.0,0.0,0.0,227463.0,79907170.0
8044,網家,上櫃,0.0,0.0,0.0,97000.0,204768065.0
8047,星雲,上櫃,0.0,0.0,0.0,-300.0,34613011.0
8048,德勝,上櫃,0.0,0.0,0.0,27186.0,59436924.0
8049,晶采,上櫃,0.0,0.0,0.0,-19377.0,118279808.0
8050,廣積,上櫃,0.0,0.0,0.0,1139776.0,205204891.0
8054,安國,上櫃,0.0,0.0,0.0,38843.0,108732566.0
8059,凱碩,上櫃,0.0,0.0,0.0,-80963.0,116466300.0
8064,東捷,上櫃,0.0,0.0,0.0,-73016.0,184817836.0
8066,來思達,上櫃,0.0,0.0,0.0,470.0,36642304.0
8068,全達,上櫃,0.0,0.0,0.0,9000.0,80765949.0
8069,元太,上櫃,0.0,0.0,0.0,-708920.0,1154678380.0
8071,能率網通,上櫃,0.0,0.0,0.0,-153160.0,60084283.0
8074,鉅橡,上櫃,0.0,0.0,0.0,-30032.0,86974466.0
8076,伍豐,上櫃,0.0,0.0,0.0,67879.0,292213592.0
8080,泰霖,上櫃,0.0,0.0,0.0,3421.0,67163821.0
8083,瑞穎,上櫃,0.0,0.0,0.0,-63334.0,35133193.0
8084,巨虹,上櫃,0.0,0.0,0.0,-46804.0,69514149.0
8085,福華,上櫃,0.0,0.0,0.0,44949.0,139983060.0
8086,宏捷科,上櫃,0.0,0.0,0.0,454965.0,196516123.0
8088,品安,上櫃,0.0,0.0,0.0,-129802.0,60921749.0
8089,康全電訊,上櫃,0.0,0.0,0.0,-53196.0,65998718.0
8091,翔名,上櫃,0.0,0.0,0.0,-155.0,56943651.0
8092,建暐,上櫃,0.0,0.0,0.0,6790.0,57172325.0
8096,擎亞,上櫃,0.0,0.0,0.0,-1308784.0,149343066.0
8097,常珵,上櫃,0.0,0.0,0.0,10025.0,60302468.0
8099,大世科,上櫃,0.0,0.0,0.0,31337.0,100072800.0
8107,大億金茂,上櫃,0.0,0.0,0.0,5990.0,75000000.0
8109,博大,上櫃,0.0,0.0,0.0,-10364.0,82161236.0
8111,立碁,上櫃,0.0,0.0,0.0,2111762.0,109102223.0
8121,越峰,上櫃,0.0,0.0,0.0,-58324.0,212993743.0
8147,正淩,上櫃,0.0,0.0,0.0,-28460.0,41817166.0
8155,博智,上櫃,0.0,0.0,0.0,-117028.0,62367700.0
8171,天宇,上櫃,0.0,0.0,0.0,-37000.0,112853326.0
8176,智捷,上櫃,0.0,0.0,0.0,-3417.0,59800000.0
8182,加高,上櫃,0.0,0.0,0.0,-258896.0,107041215.0
8183,精星,上櫃,0.0,0.0,0.0,15807.0,121251068.0
8227,巨有科技,上櫃,0.0,0.0,0.0,34277.0,39543000.0
8234,新漢,上櫃,0.0,0.0,0.0,228624.0,141226472.0
8240,華宏,上櫃,0.0,0.0,0.0,24186.0,100004414.0
8255,朋程,上櫃,0.0,0.0,0.0,53125.0,101961041.0
8272,全景軟體,上櫃,0.0,0.0,0.0,-1000.0,18997755.0
8277,商丞,上櫃,0.0,0.0,0.0,49000.0,39500000.0
8279,生展,上櫃,0.0,0.0,0.0,11000.0,27100851.0
8284,三竹,上櫃,0.0,0.0,0.0,-1000.0,47303000.0
8289,泰藝,上櫃,0.0,0.0,0.0,46308.0,68333765.0
8299,群聯,上櫃,0.0,0.0,0.0,864588.0,221165247.0
8349,恒耀,上櫃,0.0,0.0,0.0,45000.0,208821391.0
8354,冠好,上櫃,0.0,0.0,0.0,855.0,78532263.0
8358,金居,上櫃,0.0,0.0,0.0,214349.0,252588000.0
8383,千附,上櫃,0.0,0.0,0.0,-837995.0,113760482.0
8390,金益鼎,上櫃,0.0,0.0,0.0,130380.0,96116128.0
8401,白紗科,上櫃,0.0,0.0,0.0,-577.0,70669058.0
8403,盛弘,上櫃,0.0,0.0,0.0,-31000.0,137640343.0
8410,森田,上櫃,0.0,0.0,0.0,26518.0,36589200.0
8415,大國鋼,上櫃,0.0,0.0,0.0,-128000.0,1031500000.0
8421,旭源,上櫃,0.0,0.0,0.0,39374.0,54817140.0
8424,惠普,上櫃,0.0,0.0,0.0,-2000.0,36054368.0
8426,紅木-KY,上櫃,0.0,0.0,0.0,18000.0,50242500.0
8431,匯鑽科,上櫃,0.0,0.0,0.0,115361.0,48778331.0
8432,東生華,上櫃,0.0,0.0,0.0,-2000.0,38398140.0
8433,弘帆,上櫃,0.0,0.0,0.0,1000.0,54506098.0
8435,鉅邁,上櫃,0.0,0.0,0.0,5323.0,35200450.0
8436,大江,上櫃,0.0,0.0,0.0,-75071.0,117728830.0
8437,大地-KY,上櫃,0.0,0.0,0.0,2835.0,47014070.0
8440,綠電,上櫃,0.0,0.0,0.0,6976.0,50255299.0
8446,華研,上櫃,0.0,0.0,0.0,-2945.0,52914405.0
8450,霹靂,上櫃,0.0,0.0,0.0,351.0,51309947.0
8472,夠麻吉,上櫃,0.0,0.0,0.0,2000.0,17735800.0
8477,創業家,上櫃,0.0,0.0,0.0,386.0,84170616.0
8489,三貝德,上櫃,0.0,0.0,0.0,-1010.0,59948960.0
8905,裕國,上櫃,0.0,0.0,0.0,356.0,119440000.0
8906,花王,上櫃,0.0,0.0,0.0,3000.0,44037370.0
8908,欣雄,上櫃,0.0,0.0,0.0,9000.0,315332742.0
8916,光隆,上櫃,0.0,0.0,0.0,-45187.0,148591646.0
8924,大田,上櫃,0.0,0.0,0.0,-7569.0,83800000.0
8927,北基,上櫃,0.0,0.0,0.0,87000.0,419068367.0
8928,鉅明,上櫃,0.0,0.0,0.0,-999.0,50854015.0
8929,富堡,上櫃,0.0,0.0,0.0,-5317.0,50580862.0
8930,青鋼,上櫃,0.0,0.0,0.0,14224.0,81809406.0
8931,大汽電,上櫃,0.0,0.0,0.0,2985.0,122254862.0
8932,智通*,上櫃,0.0,0.0,0.0,245738.0,426013152.0
8933,愛地雅,上櫃,0.0,0.0,0.0,7000.0,326724305.0
8935,邦泰,上櫃,0.0,0.0,0.0,-29225.0,113495000.0
8936,國統,上櫃,0.0,0.0,0.0,-210318.0,248078157.0
8937,合騏*,上櫃,0.0,0.0,0.0,-9049.0,441680272.0
8938,明安,上櫃,0.0,0.0,0.0,-9162.0,156986490.0
8941,關中,上櫃,0.0,0.0,0.0,-1000.0,34972071.0
8942,森鉅,上櫃,0.0,0.0,0.0,22893.0,198842255.0
9949,琉園,上櫃,0.0,0.0,0.0,995.0,44860763.0
9950,萬國通,上櫃,0.0,0.0,0.0,-380.0,167716000.0
9951,皇田,上櫃,0.0,0.0,0.0,5000.0,73300000.0
9960,邁達康,上櫃,0.0,0.0,0.0,-1000.0,33592500.0
9962,有益,上櫃,0.0,0.0,0.0,-144.0,90220260.0
