code,name,market,外資,投信,自營,三大法人,shares
00403A,主動統一升級50,上市,44473300.0,0.0,27060548.0,71533848.0,15702519000.0
2610,華航,上市,52215807.0,8000.0,3235956.0,55459763.0,6117941273.0
00981A,主動統一台股增長,上市,34956595.0,0.0,8884654.0,43841249.0,9271709000.0
1301,台塑,上市,39475499.0,0.0,-7754.0,39467745.0,6365740781.0
00918,大華優利高填息30,上市,7289384.0,0.0,30574764.0,37864148.0,3613264000.0
00680L,元大美債20正2,上市,800000.0,0.0,35167800.0,35967800.0,1574576000.0
009824,群益美國科技巨頭,上市,12300.0,0.0,33876008.0,33888308.0,628347000.0
2892,第一金,上市,6023055.0,19339000.0,286528.0,25648583.0,14379468650.0
5880,合庫金,上市,23417883.0,94000.0,107528.0,23619411.0,15680936914.0
2344,華邦電,上市,-16919451.0,37035644.0,954516.0,21070709.0,4500000193.0
00673R,期元大S&P原油反1,上市,456000.0,0.0,19871253.0,20327253.0,569050646.0
2834,臺企銀,上市,18512573.0,0.0,-2000.0,18510573.0,9718061849.0
00919,群益台灣精選高息,上市,1130839.0,0.0,14500926.0,15631765.0,18027635000.0
3481,群創,上市,10243611.0,641000.0,3755096.0,14639707.0,7989197337.0
2883,凱基金,上市,6187957.0,7576000.0,563938.0,14327895.0,18556989414.0
2618,長榮航,上市,13423165.0,-283000.0,524267.0,13664432.0,5400444335.0
1101,台泥,上市,12700000.0,-9000.0,190814.0,12881814.0,7523181742.0
2801,彰銀,上市,14683952.0,-35000.0,-2070000.0,12578952.0,11766046253.0
2890,永豐金,上市,-18369976.0,30661000.0,57018.0,12348042.0,14502322275.0
00688L,國泰20年美債正2,上市,-124000.0,0.0,11392041.0,11268041.0,657115000.0
1802,台玻,上市,11113395.0,0.0,-1164089.0,9949306.0,2908060800.0
00940,元大台灣價值高息,上市,903000.0,0.0,8881004.0,9784004.0,5564365000.0
1314,中石化,上市,9485018.0,0.0,16000.0,9501018.0,3784850130.0
3037,欣興,上市,6227587.0,2754000.0,462624.0,9444211.0,1588872956.0
00992A,主動群益科技創新,上市,1960700.0,0.0,7428287.0,9388987.0,2390955000.0
2880,華南金,上市,-17042840.0,25343000.0,28368.0,8328528.0,13916965089.0
1402,遠東新,上市,-6008522.0,13928000.0,250414.0,8169892.0,5352875227.0
1718,中纖,上市,7855150.0,0.0,252661.0,8107811.0,1685905745.0
00999A,主動野村臺灣高息,上市,-229900.0,0.0,7978977.0,7749077.0,1295517000.0
2812,台中銀,上市,7521240.0,0.0,121446.0,7642686.0,6021625921.0
00990A,主動元大AI新經濟,上市,16034109.0,0.0,-8472161.0,7561948.0,2216022000.0
009820,元大納斯達克精選,上市,1202050.0,0.0,6035226.0,7237276.0,1411702000.0
8110,華東,上市,6396931.0,0.0,131161.0,6528092.0,517739876.0
1326,台化,上市,5900123.0,0.0,477329.0,6377452.0,5861186291.0
2886,兆豐金,上市,-26839049.0,32401000.0,701244.0,6263195.0,14833378282.0
2105,正新,上市,6219086.0,-74933.0,77037.0,6221190.0,3241415536.0
2845,遠東銀,上市,-2631872.0,8470000.0,17000.0,5855128.0,4865284731.0
2408,南亞科,上市,-10245685.0,15911000.0,173455.0,5838770.0,3098627894.0
6213,聯茂,上市,3956597.0,1357000.0,174382.0,5487979.0,363562218.0
1717,長興,上市,5209475.0,-2155.0,194212.0,5401532.0,1172245483.0
00929,復華台灣科技優息,上市,-160760.0,0.0,5491019.0,5330259.0,4552639000.0
1216,統一,上市,-3893015.0,9269026.0,-170734.0,5205277.0,5682015421.0
1303,南亞,上市,-6802796.0,11009450.0,892044.0,5098698.0,7930821589.0
8046,南電,上市,4302579.0,485000.0,297305.0,5084884.0,646165487.0
00878,國泰永續高股息,上市,886506.0,0.0,4109808.0,4996314.0,18359290000.0
00637L,元大滬深300正2,上市,-309000.0,0.0,5289023.0,4980023.0,729106000.0
4938,和碩,上市,5618390.0,-1519000.0,279233.0,4378623.0,2682044103.0
00982A,主動群益台灣強棒,上市,-2265551.0,0.0,6604924.0,4339373.0,2164436000.0
2449,京元電子,上市,7789679.0,-3809510.0,258124.0,4238293.0,1222745065.0
00642U,期元大S&P石油,上市,258609.0,0.0,3945040.0,4203649.0,107321000.0
3045,台灣大,上市,3773539.0,337000.0,-130522.0,3980017.0,3723261811.0
009805,台新美國電力基建,上市,1737000.0,0.0,2200176.0,3937176.0,656316000.0
009819,中信數據及電力,上市,294480.0,0.0,3557100.0,3851580.0,702745000.0
9945,潤泰新,上市,2546047.0,1159000.0,129.0,3705176.0,2844225086.0
2633,台灣高鐵,上市,-6921596.0,10502000.0,-26049.0,3554355.0,5628293058.0
00900,富邦特選高股息30,上市,-89000.0,0.0,3626697.0,3537697.0,1674525000.0
6505,台塑化,上市,3925278.0,-240705.0,-150619.0,3533954.0,9525959652.0
6757,台灣虎航,上市,2619952.0,600000.0,89472.0,3309424.0,459530000.0
2472,立隆電,上市,2936045.0,97000.0,107191.0,3140236.0,164735137.0
00946,群益科技高息成長,上市,1308000.0,0.0,1829565.0,3137565.0,477246000.0
6139,亞翔,上市,2789097.0,211000.0,85339.0,3085436.0,235575724.0
1513,中興電,上市,-1091277.0,4521000.0,-355642.0,3074081.0,503112515.0
00401A,主動摩根台灣鑫收,上市,287000.0,0.0,2722057.0,3009057.0,242895000.0
6672,騰輝電子-KY,上市,2843490.0,-1000.0,109813.0,2952303.0,71434745.0
2458,義隆,上市,3265009.0,-565358.0,84468.0,2784119.0,303880392.0
00994A,主動第一金台股優,上市,1449508.0,0.0,1306801.0,2756309.0,306690000.0
00402A,主動安聯美國科技,上市,-389000.0,0.0,3143761.0,2754761.0,844127000.0
1312,國喬,上市,2675000.0,0.0,63984.0,2738984.0,1106620328.0
2867,三商壽,上市,-349000.0,0.0,3084000.0,2735000.0,5899501044.0
00983A,主動中信ARK創新,上市,452000.0,0.0,2254580.0,2706580.0,138686000.0
5876,上海商銀,上市,-3847228.0,6203000.0,316002.0,2671774.0,4861603140.0
1714,和桐,上市,2691485.0,0.0,-60000.0,2631485.0,991824808.0
2542,興富發,上市,2544908.0,74000.0,-72784.0,2546124.0,2173083539.0
2887,台新新光金,上市,10396910.0,-7149000.0,-728528.0,2519382.0,24866399230.0
6271,同欣電,上市,1755746.0,482000.0,271554.0,2509300.0,209058024.0
2855,統一證,上市,2388000.0,9000.0,0.0,2397000.0,1601414478.0
2363,矽統,上市,1839360.0,0.0,546726.0,2386086.0,514988161.0
4904,遠傳,上市,-13058817.0,15144000.0,290813.0,2375996.0,3607705357.0
00404A,主動聯博動能50,上市,-108000.0,0.0,2435201.0,2327201.0,314295000.0
3189,景碩,上市,-1201611.0,3176414.0,287071.0,2261874.0,526915760.0
1229,聯華,上市,2170924.0,-2000.0,-6038.0,2162886.0,1795960668.0
2356,英業達,上市,2735611.0,-102000.0,-480405.0,2153206.0,3587475066.0
2887I,台新新光辛特,上市,2095871.0,0.0,0.0,2095871.0,3096420552.0
1210,大成,上市,1588589.0,259000.0,153000.0,2000589.0,894767222.0
2404,漢唐,上市,776515.0,1125000.0,66724.0,1968239.0,190586698.0
1434,福懋,上市,1954880.0,0.0,0.0,1954880.0,1684664637.0
2451,創見,上市,1911157.0,24000.0,-25531.0,1909626.0,431345675.0
00965,元大航太防衛科技,上市,796000.0,-450000.0,1523931.0,1869931.0,458992000.0
2912,統一超,上市,1254320.0,721709.0,-107000.0,1869029.0,1039622255.0
00715L,期街口布蘭特正2,上市,1016000.0,0.0,842244.0,1858244.0,127191793.0
5871,中租-KY,上市,1805054.0,-155194.0,-8434.0,1641426.0,1711421161.0
3059,華晶科,上市,1232532.0,-2000.0,404059.0,1634591.0,307702025.0
6901,鑽石投資,上市,1578000.0,0.0,6851.0,1584851.0,852860000.0
00980A,主動野村臺灣優選,上市,2201300.0,0.0,-657648.0,1543652.0,710730000.0
009813,貝萊德標普卓越50,上市,1896206.0,0.0,-408140.0,1488066.0,381324000.0
2606,裕民,上市,1500460.0,-23000.0,-11581.0,1465879.0,845055712.0
9907,統一實,上市,4664075.0,-3160000.0,-91706.0,1412369.0,1579145342.0
00712,復華富時不動產,上市,-44000.0,0.0,1455199.0,1411199.0,5412511000.0
00910,第一金太空衛星,上市,1399231.0,0.0,-34614.0,1364617.0,135939000.0
2820,華票,上市,1346495.0,0.0,15000.0,1361495.0,1342960000.0
1477,聚陽,上市,2757191.0,-1519329.0,99604.0,1337466.0,246693713.0
2889,國票金,上市,1303969.0,0.0,32000.0,1335969.0,3633563471.0
00985A,主動野村台灣50,上市,38000.0,0.0,1267150.0,1305150.0,479289000.0
00915,凱基優選高股息30,上市,132000.0,0.0,1153506.0,1285506.0,541483000.0
9933,中鼎,上市,1338123.0,-3000.0,-52673.0,1282450.0,945508873.0
00713,元大台灣高息低波,上市,434165.0,0.0,827117.0,1261282.0,1745012000.0
00633L,富邦上証正2,上市,-16000.0,0.0,1274417.0,1258417.0,113958000.0
2504,國產,上市,-1862975.0,3161127.0,-40455.0,1257697.0,1180000000.0
00907,永豐優息存股,上市,-2000.0,0.0,1209651.0,1207651.0,171133000.0
2547,日勝生,上市,1168000.0,0.0,9000.0,1177000.0,1035094649.0
00936,台新永續高息中小,上市,-317000.0,0.0,1471708.0,1154708.0,216297000.0
3042,晶技,上市,1532603.0,-238000.0,-180168.0,1114435.0,342992971.0
2006,東和鋼鐵,上市,6427654.0,-5335378.0,-24468.0,1067808.0,730213818.0
00982D,主動富邦動態入息,上市,376000.0,0.0,687987.0,1063987.0,74229000.0
2329,華泰,上市,1104397.0,0.0,-83169.0,1021228.0,658948333.0
8016,矽創,上市,958039.0,13000.0,48492.0,1019531.0,120136876.0
00995A,主動中信台灣卓越,上市,1126000.0,0.0,-108481.0,1017519.0,310035000.0
6415,矽力*-KY,上市,957360.0,40000.0,-1742.0,995618.0,388948107.0
3014,聯陽,上市,881813.0,18603.0,69209.0,969625.0,165979124.0
009800,中信NASDAQ,上市,-24000.0,0.0,950964.0,926964.0,289891000.0
6409,旭隼,上市,818164.0,-1000.0,105486.0,922650.0,88253566.0
2836,高雄銀,上市,861680.0,0.0,24000.0,885680.0,1839916985.0
00935,野村臺灣新科技50,上市,1725064.0,155000.0,-1007545.0,872519.0,735504000.0
00885,富邦越南,上市,237120.0,0.0,625521.0,862641.0,630238000.0
2368,金像電,上市,1598045.0,-701000.0,-35364.0,861681.0,517016714.0
009811,統一美國50,上市,-8000.0,0.0,869471.0,861471.0,271950000.0
2316,楠梓電,上市,861774.0,0.0,-2500.0,859274.0,182740536.0
2412,中華電,上市,96388.0,348000.0,410435.0,854823.0,7757446545.0
3591,艾笛森,上市,920929.0,0.0,-70488.0,850441.0,145386835.0
1308,亞聚,上市,845037.0,0.0,-2788.0,842249.0,593743919.0
00891,中信關鍵半導體,上市,1181097.0,0.0,-340221.0,840876.0,1639090000.0
009817,國泰日本不動產,上市,949000.0,0.0,-123373.0,825627.0,256936000.0
2377,微星,上市,-65440.0,1056000.0,-167284.0,823276.0,844856199.0
1515,力山,上市,813628.0,0.0,8940.0,822568.0,181473500.0
1227,佳格,上市,815767.0,0.0,6000.0,821767.0,915089591.0
2883B,凱基金乙特,上市,907000.0,0.0,-98000.0,809000.0,1582142374.0
00987A,主動台新優勢成長,上市,82000.0,0.0,719417.0,801417.0,173643000.0
2327,國巨*,上市,-2709079.0,3350000.0,157244.0,798165.0,2071465484.0
6176,瑞儀,上市,4553006.0,-3851363.0,70772.0,772415.0,465027263.0
4306,炎洲,上市,768220.0,0.0,1000.0,769220.0,676757216.0
2492,華新科,上市,1122044.0,31000.0,-387739.0,765305.0,485204774.0
4532,瑞智,上市,763000.0,0.0,-105.0,762895.0,494895105.0
00655L,國泰中國A50正2,上市,40000.0,0.0,695338.0,735338.0,58458000.0
2409,友達,上市,2191233.0,-25000.0,-1433477.0,732756.0,7547098972.0
2352,佳世達,上市,866561.0,-7000.0,-128484.0,731077.0,1580506505.0
6141,柏承,上市,731300.0,0.0,-755.0,730545.0,113354005.0
00830,國泰費城半導體,上市,1017050.0,0.0,-287132.0,729918.0,710965000.0
00643,群益深証中小,上市,-49000.0,0.0,741639.0,692639.0,74073000.0
2340,台亞,上市,1199940.0,0.0,-535701.0,664239.0,438622846.0
009801,中信美國創新科技,上市,467000.0,0.0,188563.0,655563.0,102119000.0
2548,華固,上市,1251324.0,-219000.0,-392890.0,639434.0,319718697.0
4976,佳凌,上市,634806.0,0.0,6.0,634812.0,141351000.0
2014,中鴻,上市,659000.0,0.0,-29000.0,630000.0,1435544446.0
00983D,主動富邦複合收益,上市,345000.0,0.0,285000.0,630000.0,103197000.0
00893,國泰智能電動車,上市,40200.0,0.0,587733.0,627933.0,365884000.0
00639,富邦深100,上市,-129000.0,0.0,746613.0,617613.0,100903000.0
2897,王道銀行,上市,591000.0,0.0,20894.0,611894.0,2805357878.0
9934,成霖,上市,616565.0,0.0,-5000.0,611565.0,411016962.0
3596,智易,上市,704029.0,562000.0,-661549.0,604480.0,220354321.0
1476,儒鴻,上市,206859.0,335674.0,53485.0,596018.0,274367111.0
00939,統一台灣高息動能,上市,341000.0,0.0,254252.0,595252.0,1214976000.0
00934,中信成長高股息,上市,-149000.0,0.0,732899.0,583899.0,408026000.0
2637,慧洋-KY,上市,516000.0,3000.0,34006.0,553006.0,746409199.0
00735,國泰臺韓科技,上市,516766.0,0.0,15993.0,532759.0,103289000.0
00897,富邦基因免疫生技,上市,244000.0,0.0,279747.0,523747.0,145012000.0
2425,承啟,上市,513101.0,0.0,5754.0,518855.0,96498831.0
5469,瀚宇博,上市,517096.0,0.0,-4349.0,512747.0,486166000.0
3406,玉晶光,上市,654765.0,-197000.0,54491.0,512256.0,112743063.0
4766,南寶,上市,550000.0,-47000.0,212.0,503212.0,120570780.0
00932,兆豐永續高息等權,上市,-586000.0,0.0,1084489.0,498489.0,127783000.0
2520,冠德,上市,525245.0,0.0,-32395.0,492850.0,609487110.0
3034,聯詠,上市,305325.0,-13164.0,196461.0,488622.0,608511469.0
00757,統一FANG+,上市,711263.0,0.0,-227536.0,483727.0,286994000.0
1304,台聚,上市,401000.0,0.0,76947.0,477947.0,1188763500.0
00898,國泰基因免疫革命,上市,345000.0,0.0,120465.0,465465.0,150976000.0
2478,大毅,上市,461458.0,0.0,3000.0,464458.0,144731339.0
3703,欣陸,上市,457000.0,0.0,3606.0,460606.0,823215980.0
6414,樺漢,上市,796849.0,-348000.0,9288.0,458137.0,145886397.0
9921,巨大,上市,456093.0,-2000.0,3414.0,457507.0,392065395.0
2206,三陽工業,上市,361039.0,94450.0,0.0,455489.0,773675604.0
1722,台肥,上市,471133.0,-15000.0,-4000.0,452133.0,980000000.0
2439,美律,上市,448000.0,-8158.0,9929.0,449771.0,253644914.0
2493,揚博,上市,403989.0,0.0,43926.0,447915.0,126796629.0
8163,達方,上市,467206.0,0.0,-22147.0,445059.0,280000001.0
00949,復華日本龍頭,上市,247000.0,0.0,197548.0,444548.0,180428000.0
00909,國泰數位支付服務,上市,178005.0,0.0,258285.0,436290.0,108204000.0
2838,聯邦銀,上市,470534.0,0.0,-40941.0,429593.0,4340551779.0
00916,國泰全球品牌50,上市,330000.0,0.0,99315.0,429315.0,145919000.0
00985B,群益ESG投等債0-5,上市,-1191000.0,0.0,1616338.0,425338.0,606501000.0
00993A,主動安聯台灣,上市,-203000.0,0.0,618591.0,415591.0,804591000.0
00924,復華S&P500成長,上市,353500.0,0.0,50336.0,403836.0,448603000.0
2527,宏璟,上市,402632.0,-633.0,155.0,402154.0,270306000.0
3090,日電貿,上市,439682.0,0.0,-41541.0,398141.0,287567150.0
00636,國泰中國A50,上市,14000.0,0.0,380813.0,394813.0,101325000.0
6691,洋基工程,上市,375637.0,1000.0,14949.0,391586.0,121487209.0
2201,裕隆,上市,411935.0,-4000.0,-22873.0,385062.0,1070001251.0
3704,合勤控,上市,391612.0,0.0,-10812.0,380800.0,415444970.0
2537,聯上發,上市,402095.0,0.0,-22001.0,380094.0,300557795.0
2646,星宇航空,上市,376300.0,0.0,-4409.0,371891.0,3008735000.0
2010,春源,上市,371094.0,0.0,-245.0,370849.0,647655390.0
00693U,期街口S&P黃豆,上市,0.0,0.0,361648.0,361648.0,88166000.0
6446,藥華藥,上市,344191.0,31000.0,-24597.0,350594.0,381606370.0
8114,振樺電,上市,451135.0,-2000.0,-105772.0,343363.0,76487772.0
1709,和益,上市,331530.0,0.0,0.0,331530.0,477016272.0
009802,富邦旗艦50,上市,-608000.0,0.0,935369.0,327369.0,533995000.0
2540,愛山林,上市,336652.0,0.0,-15000.0,321652.0,944873965.0
5434,崇越,上市,473125.0,-148652.0,-6500.0,317973.0,193657655.0
6196,帆宣,上市,294722.0,2000.0,16050.0,312772.0,220329529.0
00945B,凱基美國非投等債,上市,15000.0,0.0,293497.0,308497.0,821818000.0
2395,研華,上市,354699.0,14000.0,-60790.0,307909.0,868254487.0
00923,群益台ESG低碳50,上市,75507.0,0.0,231787.0,307294.0,850923000.0
6257,矽格,上市,92481.0,379400.0,-166607.0,305274.0,483912325.0
5519,隆大,上市,150424.0,0.0,145998.0,296422.0,219197180.0
00952,凱基台灣AI50,上市,193000.0,0.0,102640.0,295640.0,242775000.0
5471,松翰,上市,292359.0,0.0,1623.0,293982.0,167877062.0
1464,得力,上市,288000.0,0.0,0.0,288000.0,425575733.0
1218,泰山,上市,283000.0,0.0,4000.0,287000.0,499999038.0
2485,兆赫,上市,357000.0,-3000.0,-75684.0,278316.0,317689037.0
3617,碩天,上市,263034.0,0.0,13494.0,276528.0,94766049.0
1305,華夏,上市,224000.0,0.0,52446.0,276446.0,581050494.0
3013,晟銘電,上市,282000.0,0.0,-7397.0,274603.0,205138930.0
2727,王品,上市,181761.0,-2470.0,93000.0,272291.0,82940109.0
00895,富邦未來車,上市,14700.0,0.0,257543.0,272243.0,150916000.0
9938,百和,上市,120690.0,0.0,149974.0,270664.0,297963902.0
2383,台光電,上市,354447.0,14075.0,-109018.0,259504.0,358321114.0
00670L,富邦NASDAQ正2,上市,-11000.0,0.0,263470.0,252470.0,75145000.0
00902,中信電池及儲能,上市,91000.0,0.0,159867.0,250867.0,225497000.0
1907,永豐餘,上市,269690.0,-19713.0,0.0,249977.0,1660371495.0
00920,富邦ESG綠色電力,上市,6000.0,0.0,240394.0,246394.0,20280000.0
6243,迅杰,上市,249991.0,0.0,-4151.0,245840.0,45268841.0
00951,台新日本半導體,上市,347780.0,0.0,-102859.0,244921.0,186042000.0
006205,富邦上証,上市,-55000.0,0.0,297033.0,242033.0,97439000.0
2347,聯強,上市,2178075.0,-1947000.0,7012.0,238087.0,1667946968.0
6831,邁科,上市,66257.0,168000.0,2197.0,236454.0,67500000.0
4764,雙鍵,上市,223018.0,0.0,7234.0,230252.0,85542062.0
2753,八方雲集,上市,223000.0,0.0,1000.0,224000.0,66644796.0
3515,華擎,上市,228155.0,0.0,-5919.0,222236.0,123544049.0
2852,第一保,上市,216000.0,-2206.0,8000.0,221794.0,301163784.0
2436,偉詮電,上市,293628.0,10000.0,-87873.0,215755.0,200093175.0
00652,富邦印度,上市,129000.0,0.0,84707.0,213707.0,67035000.0
7827,漢康-KY創,上市,211627.0,0.0,-2000.0,209627.0,139605737.0
4551,智伸科,上市,217279.0,0.0,-8000.0,209279.0,115222498.0
1604,聲寶,上市,200094.0,0.0,9000.0,209094.0,384200000.0
2528,皇普,上市,206000.0,0.0,0.0,206000.0,435996467.0
3652,精聯,上市,211000.0,0.0,-5180.0,205820.0,75097500.0
3305,昇貿,上市,250000.0,0.0,-46225.0,203775.0,144647946.0
8464,億豐,上市,-189420.0,387645.0,1220.0,199445.0,293020200.0
1444,力麗,上市,192600.0,0.0,0.0,192600.0,995595059.0
2905,三商,上市,187000.0,0.0,5486.0,192486.0,1110371703.0
00989A,主動摩根美國科技,上市,-22000.0,0.0,214175.0,192175.0,77617000.0
00669R,國泰美國道瓊反1,上市,0.0,0.0,191800.0,191800.0,205117000.0
1201,味全,上市,185518.0,0.0,5000.0,190518.0,506062914.0
0055,元大MSCI金融,上市,54000.0,0.0,133046.0,187046.0,89654000.0
4414,如興,上市,186000.0,0.0,0.0,186000.0,263795773.0
00971,野村美國研發龍頭,上市,78000.0,0.0,106388.0,184388.0,62677000.0
1736,喬山,上市,181046.0,3000.0,-1002.0,183044.0,303394617.0
7780,大研生醫*,上市,243018.0,0.0,-61914.0,181104.0,810024170.0
2428,興勤,上市,180141.0,0.0,208.0,180349.0,128112726.0
00986A,主動台新龍頭成長,上市,50000.0,0.0,130134.0,180134.0,41827000.0
009818,華南永昌NASDAQxT,上市,32000.0,0.0,146471.0,178471.0,56652000.0
6670,復盛應用,上市,-41010.0,358496.0,-139354.0,178132.0,139386973.0
2739,寒舍,上市,179797.0,0.0,-3000.0,176797.0,91526000.0
00943,兆豐電子高息等權,上市,-350000.0,0.0,525603.0,175603.0,41889000.0
1342,八貫,上市,176555.0,0.0,-1000.0,175555.0,78000902.0
0061,元大寶滬深,上市,60000.0,0.0,106600.0,166600.0,98616000.0
3312,弘憶股,上市,190078.0,0.0,-25107.0,164971.0,182626815.0
2107,厚生,上市,157185.0,0.0,7000.0,164185.0,303593400.0
1597,直得,上市,159507.0,-1000.0,5568.0,164075.0,89261804.0
00701,國泰股利精選30,上市,-145000.0,0.0,298592.0,153592.0,174891000.0
6781,AES-KY,上市,139069.0,0.0,14270.0,153339.0,85418780.0
00653L,富邦印度正2,上市,34000.0,0.0,119167.0,153167.0,15903000.0
4536,拓凱,上市,152000.0,1000.0,-1077.0,151923.0,90820000.0
1702,南僑,上市,143052.0,0.0,7000.0,150052.0,294132962.0
3653,健策,上市,253466.0,-106133.0,1598.0,148931.0,146732803.0
9914,美利達,上市,147000.0,0.0,-1000.0,146000.0,298983800.0
3443,創意,上市,-43622.0,241496.0,-52392.0,145482.0,134011911.0
3023,信邦,上市,139553.0,-2000.0,7019.0,144572.0,240069014.0
00770,國泰北美科技,上市,66958.0,0.0,76769.0,143727.0,80458000.0
0056,元大高股息,上市,765946.0,0.0,-622789.0,143157.0,13586034000.0
6024,群益期,上市,141680.0,0.0,0.0,141680.0,249937584.0
1217,愛之味,上市,131003.0,0.0,9000.0,140003.0,494513336.0
00783,富邦中証500,上市,30000.0,0.0,105328.0,135328.0,8031000.0
2101,南港,上市,134000.0,0.0,1000.0,135000.0,733934904.0
1713,國化,上市,131000.0,0.0,0.0,131000.0,150951700.0
2536,宏普,上市,127000.0,0.0,3000.0,130000.0,332808652.0
2887E,台新新光戊特一,上市,129000.0,0.0,0.0,129000.0,500000000.0
00717,富邦美國特別股,上市,129000.0,0.0,-1000.0,128000.0,126605000.0
2617,台航,上市,-83354.0,0.0,210370.0,127016.0,417294487.0
3138,耀登,上市,125800.0,0.0,-1232.0,124568.0,56396114.0
00876,元大全球5G,上市,159005.0,0.0,-35392.0,123613.0,75024000.0
1560,中砂,上市,164146.0,0.0,-41347.0,122799.0,149617480.0
1710,東聯,上市,111145.0,0.0,7662.0,118807.0,885703029.0
00730,富邦臺灣優質高息,上市,-11000.0,0.0,124035.0,113035.0,74044000.0
3533,嘉澤,上市,126310.0,6000.0,-20548.0,111762.0,112534691.0
6789,采鈺,上市,80692.0,0.0,29646.0,110338.0,318299119.0
00926,凱基全球菁英55,上市,587040.0,0.0,-478126.0,108914.0,89982000.0
009803,玉山市值動能50,上市,-247750.0,0.0,356342.0,108592.0,160328000.0
3543,州巧,上市,105000.0,0.0,0.0,105000.0,110263150.0
2483,百容,上市,107000.0,0.0,-3007.0,103993.0,107889807.0
2707,晶華,上市,93000.0,0.0,9000.0,102000.0,127403238.0
006206,元大上證50,上市,-59000.0,0.0,160975.0,101975.0,28278000.0
2535,達欣工,上市,141106.0,0.0,-41000.0,100106.0,270793967.0
4104,佳醫,上市,100000.0,0.0,0.0,100000.0,188367456.0
3257,虹冠電,上市,99048.0,0.0,0.0,99048.0,79823590.0
009810,玉山全球藍籌100,上市,19999.0,0.0,78406.0,98405.0,19154000.0
00930,永豐ESG低碳高息,上市,-33000.0,0.0,130401.0,97401.0,139779000.0
8213,志超,上市,96000.0,0.0,-183.0,95817.0,271242488.0
2062,橋椿,上市,95000.0,0.0,-380.0,94620.0,199994152.0
1103,嘉泥,上市,81015.0,0.0,10000.0,91015.0,832874553.0
00850,元大臺灣ESG永續,上市,-109791.0,0.0,200121.0,90330.0,415444000.0
1506,正道,上市,88000.0,0.0,1000.0,89000.0,300388501.0
1616,億泰,上市,-26890.0,0.0,114000.0,87110.0,194148515.0
8476,台境*,上市,85195.0,0.0,0.0,85195.0,166226358.0
9958,世紀鋼,上市,-16132.0,0.0,101202.0,85070.0,246896665.0
9905,大華,上市,82000.0,0.0,3000.0,85000.0,305000000.0
6552,易華電,上市,85000.0,0.0,0.0,85000.0,83000000.0
1615,大山,上市,82000.0,0.0,0.0,82000.0,196663702.0
2612,中航,上市,80870.0,0.0,999.0,81869.0,197484593.0
2849,安泰銀,上市,57000.0,0.0,24000.0,81000.0,1957609349.0
009809,富邦淨零ESG50,上市,-97000.0,0.0,177790.0,80790.0,30863000.0
2387,精元,上市,77000.0,0.0,1000.0,78000.0,195251051.0
2059,川湖,上市,126657.0,-50650.0,625.0,76632.0,95297072.0
2511,太子,上市,47019.0,0.0,29000.0,76019.0,1623326147.0
6790,永豐實,上市,75395.0,0.0,0.0,75395.0,267129021.0
009812,野村日本東證,上市,234000.0,0.0,-158644.0,75356.0,102882000.0
1110,東泥,上市,74000.0,0.0,0.0,74000.0,572000797.0
3716,中化控股,上市,73000.0,0.0,0.0,73000.0,149765614.0
9925,新保,上市,71972.0,0.0,1000.0,72972.0,387489605.0
00645,富邦日本,上市,127.0,0.0,72540.0,72667.0,43997000.0
2538,基泰,上市,65480.0,0.0,7000.0,72480.0,445025495.0
00962,台新AI優息動能,上市,-217500.0,0.0,289790.0,72290.0,55420000.0
1219,福壽,上市,64212.0,0.0,8000.0,72212.0,341238364.0
2204,中華,上市,65000.0,-3232.0,10000.0,71768.0,553620342.0
4977,眾達-KY,上市,106093.0,-1000.0,-33958.0,71135.0,80189841.0
006207,復華滬深,上市,-8000.0,0.0,78470.0,70470.0,21392000.0
6177,達麗,上市,69000.0,0.0,1000.0,70000.0,471891426.0
2211,長榮鋼,上市,64088.0,0.0,5333.0,69421.0,417091463.0
2114,鑫永銓,上市,69080.0,0.0,78.0,69158.0,77991707.0
4178,永笙-KY,上市,67000.0,0.0,2000.0,69000.0,215866981.0
1234,黑松,上市,64000.0,0.0,4618.0,68618.0,401871094.0
3052,夆典,上市,60000.0,0.0,8000.0,68000.0,233245771.0
00739,元大MSCI A股,上市,18000.0,0.0,48175.0,66175.0,25988000.0
3686,達能,上市,65760.0,0.0,0.0,65760.0,76495118.0
4566,時碩工業,上市,64508.0,0.0,-168.0,64340.0,109993047.0
2882B,國泰金乙特,上市,63000.0,0.0,1000.0,64000.0,700000000.0
6226,光鼎,上市,-25000.0,0.0,88724.0,63724.0,115534789.0
3416,融程電,上市,69000.0,0.0,-5710.0,63290.0,80493769.0
8404,百和興業-KY,上市,63000.0,0.0,0.0,63000.0,419933884.0
00903,富邦元宇宙,上市,165000.0,0.0,-102000.0,63000.0,50221000.0
1720,生達,上市,65000.0,0.0,-2000.0,63000.0,178696089.0
1540,喬福,上市,65000.0,0.0,-2000.0,63000.0,85473612.0
2501,國建,上市,96974.0,0.0,-34530.0,62444.0,1159561059.0
00710B,復華彭博非投等債,上市,-1000.0,0.0,63440.0,62440.0,180761000.0
1527,鑽全,上市,61000.0,0.0,1000.0,62000.0,138570640.0
2455,全新,上市,149267.0,0.0,-87641.0,61626.0,184905918.0
3004,豐達科,上市,60976.0,0.0,-5.0,60971.0,64365055.0
6657,華安,上市,58000.0,0.0,0.0,58000.0,88808000.0
2832,台產,上市,56200.0,0.0,1523.0,57723.0,253540280.0
2103,台橡,上市,144446.0,0.0,-87261.0,57185.0,825709978.0
1737,臺鹽,上市,57000.0,0.0,0.0,57000.0,200000000.0
9955,佳龍,上市,57000.0,0.0,0.0,57000.0,104435829.0
9911,櫻花,上市,55000.0,0.0,973.0,55973.0,222389584.0
00714,群益道瓊美國地產,上市,-4000.0,0.0,59454.0,55454.0,21067000.0
1734,杏輝,上市,55407.0,0.0,0.0,55407.0,190196774.0
00921,兆豐龍頭等權重,上市,-67000.0,0.0,121902.0,54902.0,55770000.0
00982T,平衡兆豐台美動能,上市,0.0,0.0,53884.0,53884.0,18597000.0
6283,淳安,上市,53050.0,0.0,-1000.0,52050.0,148981343.0
5225,東科-KY,上市,52000.0,0.0,11.0,52011.0,79136499.0
1731,美吾華,上市,49000.0,0.0,3000.0,52000.0,132915244.0
4564,元翎,上市,50000.0,0.0,1069.0,51069.0,232788303.0
00731,復華富時高息低波,上市,43000.0,0.0,7981.0,50981.0,23600000.0
00646,元大S&P500,上市,35629.0,0.0,14900.0,50529.0,560485000.0
2462,良得電,上市,49000.0,0.0,-609.0,48391.0,150784482.0
9935,慶豐富,上市,46000.0,0.0,1000.0,47000.0,177838926.0
1437,勤益控,上市,44000.0,0.0,3000.0,47000.0,201871284.0
4164,承業醫,上市,45950.0,0.0,952.0,46902.0,195310989.0
2608,嘉里大榮,上市,36334.0,0.0,9000.0,45334.0,467000498.0
2020,美亞,上市,45000.0,0.0,0.0,45000.0,267031320.0
7750,新代,上市,53390.0,-1000.0,-8106.0,44284.0,71843000.0
2207,和泰車,上市,27476.0,19000.0,-2273.0,44203.0,557102768.0
1436,華友聯,上市,43000.0,0.0,1000.0,44000.0,194151795.0
7610,聯友金屬-創,上市,43320.0,0.0,25.0,43345.0,48585456.0
7788,松川精密,上市,59782.0,0.0,-16706.0,43076.0,79745993.0
8462,柏文,上市,42000.0,0.0,1000.0,43000.0,80386616.0
009804,聯邦台精彩50,上市,-149000.0,0.0,191477.0,42477.0,117392000.0
6155,鈞寶,上市,48217.0,0.0,-6056.0,42161.0,88023988.0
6115,鎰勝,上市,41000.0,0.0,1000.0,42000.0,187662154.0
2614,東森,上市,41578.0,0.0,0.0,41578.0,327264946.0
1776,展宇,上市,37070.0,0.0,3000.0,40070.0,60106952.0
2748,雲品,上市,39975.0,0.0,0.0,39975.0,105778740.0
8478,東哥遊艇,上市,39000.0,0.0,0.0,39000.0,93972276.0
00661,元大日經225,上市,1000.0,0.0,35838.0,36838.0,23425000.0
3712,永崴投控,上市,44255.0,0.0,-7731.0,36524.0,246242146.0
9908,大台北,上市,36000.0,0.0,0.0,36000.0,516358000.0
1535,中宇,上市,36000.0,0.0,0.0,36000.0,123742552.0
2477,美隆電,上市,36000.0,0.0,0.0,36000.0,158573244.0
00657,國泰日經225,上市,0.0,0.0,35796.0,35796.0,6584000.0
7799,禾榮科,上市,34319.0,0.0,0.0,34319.0,157995500.0
6214,精誠,上市,40097.0,-4000.0,-1780.0,34317.0,272243066.0
6165,浪凡,上市,34000.0,0.0,0.0,34000.0,77752623.0
00852L,國泰美國道瓊正2,上市,0.0,0.0,33508.0,33508.0,8865000.0
2236,百達-KY,上市,34070.0,0.0,-700.0,33370.0,62130976.0
1708,東鹼,上市,58506.0,0.0,-25303.0,33203.0,249001651.0
2816,旺旺保,上市,31000.0,0.0,2000.0,33000.0,223608000.0
9940,信義,上市,24855.0,0.0,7999.0,32854.0,736846500.0
4106,雃博,上市,29000.0,0.0,3544.0,32544.0,100911557.0
00640L,富邦日本正2,上市,-21000.0,0.0,53537.0,32537.0,7419000.0
2438,翔耀,上市,31000.0,0.0,1000.0,32000.0,71195641.0
1806,冠軍,上市,32000.0,0.0,0.0,32000.0,390403870.0
2881C,富邦金丙特,上市,32000.0,0.0,0.0,32000.0,333330000.0
6863,永道-KY,上市,31000.0,0.0,942.0,31942.0,74888000.0
2480,敦陽科,上市,31000.0,0.0,306.0,31306.0,106360291.0
3605,宏致,上市,194698.0,0.0,-164027.0,30671.0,174697441.0
5515,建國,上市,73995.0,-2000.0,-41374.0,30621.0,201600084.0
2228,劍麟,上市,29000.0,0.0,1039.0,30039.0,79779692.0
2032,新鋼,上市,30000.0,0.0,0.0,30000.0,130521545.0
1587,吉茂,上市,28000.0,0.0,2000.0,30000.0,80055672.0
1108,幸福,上市,29000.0,0.0,1000.0,30000.0,404738049.0
020031,統一IC設計臺灣N,上市,0.0,0.0,30000.0,30000.0,0.0
00944,野村趨勢動能高息,上市,27000.0,0.0,2380.0,29380.0,56081000.0
00771,元大US高息特別股,上市,0.0,0.0,29000.0,29000.0,14225000.0
1473,台南,上市,29000.0,0.0,0.0,29000.0,146153534.0
2459,敦吉,上市,50000.0,0.0,-21000.0,29000.0,105595615.0
2607,榮運,上市,29000.0,0.0,0.0,29000.0,533570547.0
4736,泰博,上市,29912.0,0.0,-1000.0,28912.0,95374469.0
00901,永豐智能車供應鏈,上市,-106000.0,0.0,134723.0,28723.0,63349000.0
6625,必應,上市,28000.0,0.0,75.0,28075.0,57972488.0
5292,華懋,上市,28000.0,-1000.0,1000.0,28000.0,42108000.0
9942,茂順,上市,26000.0,0.0,2000.0,28000.0,83161320.0
3311,閎暉,上市,27850.0,0.0,-93.0,27757.0,100000000.0
6792,詠業,上市,27200.0,0.0,0.0,27200.0,47875325.0
7631,聚賢研發-創,上市,37000.0,0.0,-9934.0,27066.0,20142000.0
2705,六福,上市,25000.0,0.0,2000.0,27000.0,191312830.0
00684R,期元大美元指反1,上市,0.0,0.0,27000.0,27000.0,9688000.0
00899,FT潔淨能源,上市,1000.0,0.0,25277.0,26277.0,16135000.0
2012,春雨,上市,25000.0,0.0,1000.0,26000.0,302162700.0
5215,科嘉-KY,上市,25000.0,0.0,1000.0,26000.0,64337500.0
2424,隴華,上市,25000.0,0.0,0.0,25000.0,59585000.0
7722,LINEPAY,上市,16275.0,0.0,8662.0,24937.0,68000000.0
6906,現觀科,上市,24723.0,0.0,-545.0,24178.0,33537400.0
2539,櫻花建,上市,61039.0,-10929.0,-26000.0,24110.0,1193102581.0
3669,圓展,上市,24000.0,0.0,0.0,24000.0,92919950.0
9924,福興,上市,23420.0,-865.0,1000.0,23555.0,150761736.0
2850,新產,上市,120325.0,-98000.0,1000.0,23325.0,315963300.0
00861,元大全球未來通訊,上市,158216.0,0.0,-135187.0,23029.0,68412000.0
2906,高林,上市,21000.0,0.0,2000.0,23000.0,209116648.0
020030,統一智慧電動車N,上市,0.0,0.0,23000.0,23000.0,0.0
00683L,期元大美元指正2,上市,13000.0,0.0,9900.0,22900.0,11434000.0
00908,富邦入息REITs+,上市,0.0,0.0,22178.0,22178.0,35416000.0
1231,聯華食,上市,32080.0,0.0,-9924.0,22156.0,298454475.0
2450,神腦,上市,21000.0,0.0,1000.0,22000.0,258252657.0
2545,皇翔,上市,23000.0,0.0,-1000.0,22000.0,379734808.0
2414,精技,上市,64000.0,0.0,-42000.0,22000.0,161735846.0
6914,阜爾運通,上市,21000.0,0.0,1000.0,22000.0,66226000.0
3530,晶相光,上市,21000.0,0.0,1000.0,22000.0,77475900.0
3150,鈺寶-創,上市,19000.0,0.0,2800.0,21800.0,44377001.0
7786,東方風能,上市,22760.0,0.0,-1000.0,21760.0,175953944.0
1590,亞德客-KY,上市,21325.0,23000.0,-22599.0,21726.0,199999998.0
3532,台勝科,上市,-4236.0,-1000.0,26552.0,21316.0,387848300.0
4771,望隼,上市,21072.0,0.0,0.0,21072.0,58708700.0
8341,日友,上市,20000.0,0.0,0.0,20000.0,130000000.0
2881A,富邦特,上市,20000.0,0.0,0.0,20000.0,600000000.0
1903,士紙,上市,18970.0,0.0,1000.0,19970.0,260039121.0
1530,亞崴,上市,21000.0,0.0,-1267.0,19733.0,94594171.0
1537,廣隆,上市,18000.0,0.0,896.0,18896.0,82062794.0
6192,巨路,上市,20350.0,0.0,-1475.0,18875.0,96155770.0
8499,鼎炫-KY,上市,19000.0,0.0,-216.0,18784.0,41165557.0
6957,裕慶-KY,上市,17290.0,0.0,1004.0,18294.0,55512950.0
6873,泓德能源,上市,17000.0,0.0,1285.0,18285.0,142649099.0
2342,茂矽,上市,17750.0,0.0,70.0,17820.0,157474744.0
1906,寶隆,上市,16000.0,0.0,1000.0,17000.0,151000000.0
2706,第一店,上市,17000.0,0.0,0.0,17000.0,499998346.0
1789,神隆,上市,17076.0,0.0,-209.0,16867.0,790739222.0
5288,豐祥-KY,上市,21032.0,0.0,-5000.0,16032.0,69698722.0
7803,雲象科技-創,上市,16000.0,0.0,0.0,16000.0,94412888.0
1732,毛寶,上市,16000.0,0.0,0.0,16000.0,42443957.0
2704,國賓,上市,16000.0,0.0,0.0,16000.0,366923343.0
6183,關貿,上市,15000.0,0.0,985.0,15985.0,150000000.0
5269,祥碩,上市,13320.0,9000.0,-6369.0,15951.0,74156679.0
6491,晶碩,上市,18000.0,0.0,-2736.0,15264.0,78000000.0
00711B,復華彭博新興債,上市,7000.0,0.0,8061.0,15061.0,872261000.0
5525,順天,上市,13000.0,0.0,2000.0,15000.0,318105378.0
4438,廣越,上市,15000.0,0.0,0.0,15000.0,113425455.0
2360,致茂,上市,260089.0,-249276.0,3535.0,14348.0,425245742.0
2247,汎德永業,上市,14000.0,0.0,0.0,14000.0,80708735.0
2882A,國泰特,上市,14000.0,0.0,0.0,14000.0,833300000.0
5546,永固-KY,上市,13000.0,0.0,1000.0,14000.0,82353402.0
6838,台新藥,上市,14000.0,0.0,0.0,14000.0,150977100.0
4137,麗豐-KY,上市,14000.0,0.0,0.0,14000.0,82492350.0
00911,兆豐洲際半導體,上市,23333.0,0.0,-9521.0,13812.0,19403000.0
3501,維熹,上市,14000.0,0.0,-211.0,13789.0,118257927.0
6658,聯策,上市,-2315.0,0.0,16064.0,13749.0,36370000.0
00675L,富邦臺灣加權正2,上市,-19200.0,0.0,32924.0,13724.0,106286000.0
4576,大銀微系統,上市,22724.0,0.0,-9321.0,13403.0,119801848.0
4961,天鈺,上市,9136.0,11000.0,-6737.0,13399.0,121253603.0
6931,青松健康,上市,12000.0,0.0,1000.0,13000.0,66152160.0
1730,花仙子,上市,13000.0,0.0,0.0,13000.0,63233851.0
1466,聚隆,上市,13000.0,0.0,0.0,13000.0,111157320.0
1417,嘉裕,上市,13000.0,0.0,0.0,13000.0,189941840.0
1558,伸興,上市,13000.0,-375.0,-11.0,12614.0,64535631.0
00709,富邦歐洲,上市,2000.0,0.0,10608.0,12608.0,14960000.0
00775B,台新投等債15+,上市,12000.0,0.0,206.0,12206.0,232100000.0
1109,信大,上市,11000.0,0.0,1129.0,12129.0,341158868.0
020000,富邦特選蘋果N,上市,0.0,0.0,12000.0,12000.0,0.0
006208,富邦台50,上市,-34668.0,0.0,46059.0,11391.0,1829040000.0
9944,新麗,上市,8000.0,0.0,3000.0,11000.0,105908100.0
2505,國揚,上市,8156.0,0.0,2000.0,10156.0,380000000.0
00654R,富邦印度反1,上市,0.0,0.0,10001.0,10001.0,19466000.0
1805,寶徠,上市,10000.0,0.0,0.0,10000.0,134970455.0
2008,高興昌,上市,5000.0,0.0,5000.0,10000.0,190852293.0
9927,泰銘,上市,10000.0,0.0,0.0,10000.0,120000000.0
8442,威宏-KY,上市,10000.0,0.0,0.0,10000.0,70169764.0
8429,金麗-KY,上市,10000.0,0.0,0.0,10000.0,185747151.0
6921,嘉雨思-創,上市,8000.0,0.0,2000.0,10000.0,31836941.0
9937,全國,上市,8000.0,0.0,1999.0,9999.0,309043000.0
6944,兆聯實業,上市,-21518.0,-821.0,32113.0,9774.0,76687912.0
00728,第一金工業30,上市,-18000.0,0.0,27593.0,9593.0,38923000.0
2417,圓剛,上市,10090.0,0.0,-1000.0,9090.0,157218864.0
020039,元大加權N,上市,0.0,0.0,9000.0,9000.0,0.0
1521,大億,上市,9000.0,0.0,0.0,9000.0,76230000.0
5007,三星,上市,9980.0,0.0,-1000.0,8980.0,294940154.0
1446,宏和,上市,7347.0,0.0,1000.0,8347.0,137709513.0
2467,志聖,上市,14249.0,219.0,-6261.0,8207.0,156755348.0
00972,野村日本動能高息,上市,0.0,0.0,8048.0,8048.0,19172000.0
9906,欣巴巴,上市,7000.0,0.0,1000.0,8000.0,90376358.0
1410,南染,上市,8000.0,0.0,0.0,8000.0,62000000.0
2506,太設,上市,4000.0,0.0,4000.0,8000.0,387000000.0
00763U,期街口道瓊銅,上市,0.0,0.0,7840.0,7840.0,49565000.0
00668,國泰美國道瓊,上市,-1000.0,0.0,8516.0,7516.0,7533000.0
1762,中化生,上市,4000.0,0.0,3000.0,7000.0,76918000.0
6988,威力暘-創,上市,5000.0,0.0,2000.0,7000.0,47600000.0
5533,皇鼎,上市,-2000.0,0.0,9000.0,7000.0,285244944.0
4557,永新-KY,上市,7000.0,0.0,0.0,7000.0,47971840.0
4560,強信-KY,上市,5000.0,0.0,2000.0,7000.0,68097240.0
01002T,土銀國泰R1,上市,7000.0,0.0,0.0,7000.0,0.0
3266,昇陽,上市,8000.0,0.0,-1000.0,7000.0,352314309.0
3057,喬鼎,上市,7784.0,0.0,-1000.0,6784.0,67864629.0
3583,辛耘,上市,-18326.0,-1000.0,25866.0,6540.0,80346080.0
1773,勝一,上市,5713.0,1000.0,-442.0,6271.0,300000000.0
4440,宜新實業,上市,4000.0,0.0,2000.0,6000.0,67598000.0
2038,海光,上市,5000.0,0.0,0.0,5000.0,194134303.0
8487,愛爾達-創,上市,5000.0,0.0,0.0,5000.0,26535000.0
2923,鼎固-KY,上市,7000.0,0.0,-2000.0,5000.0,1740296982.0
020020,元大台股領航N,上市,0.0,0.0,5000.0,5000.0,0.0
1101B,台泥乙特,上市,10000.0,0.0,-5000.0,5000.0,200000000.0
1456,怡華,上市,7000.0,0.0,-2000.0,5000.0,93720000.0
1472,三洋實業,上市,5000.0,0.0,0.0,5000.0,52488082.0
1603,華電,上市,5000.0,0.0,0.0,5000.0,191688000.0
9902,台火,上市,4000.0,0.0,806.0,4806.0,98049600.0
3528,安馳,上市,3570.0,0.0,1000.0,4570.0,66639216.0
7736,虎山,上市,3000.0,0.0,1000.0,4000.0,76000000.0
1340,勝悅-KY,上市,4000.0,0.0,0.0,4000.0,152922855.0
2887F,台新新光戊特二,上市,4000.0,0.0,0.0,4000.0,300000000.0
2509,全坤建,上市,4000.0,0.0,0.0,4000.0,224550530.0
2227,裕日車,上市,3000.0,0.0,1000.0,4000.0,300000000.0
9943,好樂迪,上市,995.0,0.0,3000.0,3995.0,125171510.0
6689,伊雲谷,上市,3000.0,0.0,390.0,3390.0,68000000.0
6579,研揚,上市,4000.0,0.0,-810.0,3190.0,169451221.0
4119,旭富,上市,3000.0,0.0,3.0,3003.0,119508634.0
3557,嘉威,上市,3000.0,0.0,0.0,3000.0,84315435.0
020028,元大特選電動車N,上市,0.0,0.0,3000.0,3000.0,0.0
020029,元大ESG高股息N,上市,0.0,0.0,3000.0,3000.0,0.0
1315,達新,上市,3000.0,0.0,0.0,3000.0,99099000.0
5906,台南-KY,上市,4000.0,0.0,-1000.0,3000.0,35741412.0
6958,日盛台駿,上市,2000.0,0.0,1000.0,3000.0,401289360.0
4582,聚恆-創,上市,0.0,0.0,3000.0,3000.0,75480000.0
3022,威強電,上市,8000.0,0.0,-5155.0,2845.0,176597790.0
8045,達運光電,上市,3000.0,0.0,-273.0,2727.0,95041815.0
00647L,元大S&P500正2,上市,-2000.0,0.0,4637.0,2637.0,6416000.0
8996,高力,上市,16770.0,-1000.0,-13399.0,2371.0,93387429.0
2488,漢平,上市,1028.0,0.0,1000.0,2028.0,79999433.0
00736,國泰新興市場,上市,107000.0,0.0,-104992.0,2008.0,6227000.0
020032,元大綠能N,上市,0.0,0.0,2000.0,2000.0,0.0
1459,聯發,上市,2000.0,0.0,0.0,2000.0,358628907.0
2314,台揚,上市,2000.0,0.0,0.0,2000.0,106126422.0
8411,福貞-KY,上市,2000.0,0.0,0.0,2000.0,218404319.0
8367,建新國際,上市,1000.0,0.0,1000.0,2000.0,92172031.0
8463,潤泰材,上市,0.0,0.0,2000.0,2000.0,150000000.0
6464,台數科,上市,2000.0,0.0,0.0,2000.0,128781532.0
6955,邦睿生技-創,上市,0.0,0.0,2000.0,2000.0,24800785.0
7823,奧義賽博-KY創,上市,2000.0,0.0,0.0,2000.0,33490890.0
4930,燦星網,上市,2000.0,0.0,0.0,2000.0,80000000.0
2915,潤泰全,上市,1834.0,0.0,0.0,1834.0,1104318772.0
00682U,期元大美元指數,上市,0.0,0.0,1762.0,1762.0,7644000.0
0053,元大電子,上市,282.0,0.0,1459.0,1741.0,5488000.0
006203,元大MSCI台灣,上市,0.0,0.0,1217.0,1217.0,10218000.0
020036,元大金融配息N,上市,0.0,0.0,1000.0,1000.0,0.0
020012,富邦行動通訊N,上市,0.0,0.0,1000.0,1000.0,0.0
01009T,王道圓滿R1,上市,1000.0,0.0,0.0,1000.0,0.0
1512,瑞利,上市,1000.0,0.0,0.0,1000.0,98183498.0
1475,業旺,上市,0.0,0.0,1000.0,1000.0,66016749.0
1441,大東,上市,1000.0,0.0,0.0,1000.0,71744387.0
1439,雋揚,上市,1000.0,0.0,0.0,1000.0,92000000.0
1236,宏亞,上市,1000.0,0.0,0.0,1000.0,86674008.0
2254,巨鎧精密-創,上市,1000.0,0.0,0.0,1000.0,63907680.0
1752,南光,上市,1000.0,0.0,0.0,1000.0,100988472.0
2881B,富邦金乙特,上市,2000.0,0.0,-1000.0,1000.0,666660000.0
5538,東明-KY,上市,-1000.0,0.0,2000.0,1000.0,201203333.0
6835,圓裕,上市,1000.0,0.0,0.0,1000.0,66172297.0
6887,寶綠特-KY,上市,0.0,0.0,1000.0,1000.0,74151512.0
6655,科定,上市,1000.0,0.0,0.0,1000.0,80571817.0
6225,天瀚,上市,1000.0,0.0,0.0,1000.0,27800000.0
8481,政伸,上市,1000.0,0.0,0.0,1000.0,66601866.0
9946,三發地產,上市,0.0,0.0,1000.0,1000.0,326554150.0
8011,台通,上市,0.0,0.0,1000.0,1000.0,165921891.0
3018,隆銘綠能,上市,1000.0,0.0,0.0,1000.0,75377715.0
1614,三洋電,上市,-2000.0,0.0,3000.0,1000.0,269113406.0
1525,江申,上市,1000.0,0.0,-1.0,999.0,73400135.0
3592,瑞鼎,上市,-6166.0,9458.0,-2488.0,804.0,75855226.0
1419,新紡,上市,-245.0,0.0,1000.0,755.0,300041280.0
7765,中華資安,上市,4476.0,-1886.0,-2000.0,590.0,40681000.0
3593,力銘,上市,501.0,0.0,0.0,501.0,60825449.0
1617,榮星,上市,4300.0,0.0,-3825.0,475.0,169514700.0
006204,永豐臺灣加權,上市,0.0,0.0,229.0,229.0,1500000.0
00636K,國泰中國A50+U,上市,0.0,0.0,0.0,0.0,62100.0
00643K,群益深証中小+R,上市,0.0,0.0,0.0,0.0,127000.0
00668K,國泰美國道瓊+U,上市,0.0,0.0,0.0,0.0,2500.0
00657K,國泰日經225+U,上市,0.0,0.0,0.0,0.0,2900.0
00681R,元大美債20反1,上市,25000.0,0.0,-25000.0,0.0,7594000.0
1454,台富,上市,-1000.0,0.0,1000.0,0.0,129833848.0
1465,偉全,上市,0.0,0.0,0.0,0.0,103607267.0
1452,宏益,上市,0.0,0.0,0.0,0.0,132641400.0
1203,味王,上市,-2000.0,0.0,2000.0,0.0,240000000.0
4190,佐登-KY,上市,-1000.0,0.0,1000.0,0.0,61444112.0
8466,美吉吉-KY,上市,0.0,0.0,0.0,0.0,79825628.0
6794,向榮生技,上市,0.0,0.0,0.0,0.0,63637000.0
6796,晉弘,上市,0.0,0.0,0.0,0.0,40233970.0
2397,友通,上市,-1000.0,0.0,1000.0,0.0,114488857.0
6908,宏碁遊戲-創,上市,0.0,0.0,-32.0,-32.0,37180000.0
8467,波力-KY,上市,0.0,0.0,-590.0,-590.0,48373575.0
2471,資通,上市,-1000.0,0.0,0.0,-1000.0,47253890.0
1418,東華,上市,-1000.0,0.0,0.0,-1000.0,56834309.0
9912,偉聯,上市,-1000.0,0.0,0.0,-1000.0,54170569.0
6674,鋐寶科技,上市,-1000.0,0.0,0.0,-1000.0,68550659.0
4439,冠星-KY,上市,-1000.0,0.0,0.0,-1000.0,38112187.0
2939,永邑-KY,上市,-1000.0,0.0,0.0,-1000.0,45548665.0
2945,三商家購,上市,-1000.0,0.0,0.0,-1000.0,67500000.0
6136,富爾特,上市,4000.0,0.0,-5000.0,-1000.0,115536412.0
4581,光隆精密-KY,上市,-1000.0,0.0,0.0,-1000.0,33899000.0
4994,傳奇,上市,-1000.0,0.0,0.0,-1000.0,66383400.0
00660,元大歐洲50,上市,0.0,0.0,-1000.0,-1000.0,7531000.0
2636,台驊控股,上市,-4000.0,1000.0,2000.0,-1000.0,141835230.0
2642,宅配通,上市,-3000.0,0.0,2000.0,-1000.0,95467000.0
2712,遠雄來,上市,-1000.0,0.0,0.0,-1000.0,105000000.0
2496,卓越,上市,-1000.0,0.0,0.0,-1000.0,19100440.0
1817,凱撒衛,上市,-1000.0,0.0,0.0,-1000.0,72600000.0
1516,川飛,上市,-1000.0,0.0,0.0,-1000.0,40008195.0
6952,大武山,上市,-1000.0,0.0,0.0,-1000.0,68345000.0
1341,富林-KY,上市,-1000.0,0.0,0.0,-1000.0,52850634.0
9929,秋雨,上市,-2000.0,0.0,1000.0,-1000.0,101280000.0
00707R,期元大S&P日圓反1,上市,0.0,0.0,-1000.0,-1000.0,5855000.0
6581,鋼聯,上市,-2000.0,0.0,1000.0,-1000.0,111270887.0
1413,宏洲,上市,-1000.0,0.0,0.0,-1000.0,132112454.0
2722,夏都,上市,-2000.0,0.0,0.0,-2000.0,143169696.0
2901,欣欣,上市,-4000.0,0.0,2000.0,-2000.0,73043283.0
1468,昶和,上市,-2000.0,0.0,0.0,-2000.0,160405244.0
1533,車王電,上市,-3000.0,0.0,1000.0,-2000.0,98547486.0
4108,懷特,上市,-6000.0,0.0,4000.0,-2000.0,198618879.0
6936,永鴻生技,上市,-2000.0,0.0,0.0,-2000.0,72804000.0
6666,羅麗芬-KY,上市,-2000.0,0.0,0.0,-2000.0,47388000.0
9926,新海,上市,-2000.0,0.0,0.0,-2000.0,179504075.0
8482,商億-KY,上市,-2000.0,0.0,0.0,-2000.0,107444000.0
8488,吉源-KY,上市,-2000.0,0.0,0.0,-2000.0,73500000.0
8443,阿瘦,上市,-2000.0,0.0,0.0,-2000.0,66800000.0
912000,晨訊科-DR,上市,-2000.0,0.0,0.0,-2000.0,159293516.0
4562,穎漢,上市,-1000.0,0.0,-1128.0,-2128.0,87546000.0
6606,建德工業,上市,-358.0,0.0,-2000.0,-2358.0,110303783.0
4572,駐龍,上市,-2940.0,0.0,0.0,-2940.0,40000000.0
7769,鴻勁,上市,40975.0,-49000.0,5057.0,-2968.0,179930000.0
910861,神州-DR,上市,-3000.0,0.0,0.0,-3000.0,33726976.0
9918,欣天然,上市,-3000.0,0.0,0.0,-3000.0,180537453.0
6645,金萬林-創,上市,-4000.0,0.0,1000.0,-3000.0,60864050.0
6534,正瀚-創,上市,-3000.0,0.0,0.0,-3000.0,102800000.0
5907,大洋-KY,上市,-3000.0,0.0,0.0,-3000.0,195531000.0
3432,台端,上市,-3000.0,0.0,0.0,-3000.0,42230000.0
1541,錩泰,上市,-3000.0,0.0,0.0,-3000.0,78800000.0
1256,鮮活果汁-KY,上市,-3000.0,0.0,0.0,-3000.0,35772160.0
1220,台榮,上市,-4000.0,0.0,1000.0,-3000.0,177077944.0
1726,永記,上市,-4000.0,0.0,1000.0,-3000.0,162000000.0
2024,志聯,上市,-4000.0,0.0,1000.0,-3000.0,97500000.0
2373,震旦行,上市,-3000.0,0.0,0.0,-3000.0,236202518.0
6807,峰源-KY,上市,-3000.0,0.0,0.0,-3000.0,54000000.0
1457,宜進,上市,-3000.0,0.0,0.0,-3000.0,316730022.0
6771,平和環保-創,上市,-3000.0,0.0,-15.0,-3015.0,31179500.0
6969,成信實業*-創,上市,-3000.0,0.0,-100.0,-3100.0,43857189.0
2616,山隆,上市,-4000.0,0.0,777.0,-3223.0,137281827.0
6671,三能-KY,上市,-3000.0,0.0,-320.0,-3320.0,60750000.0
6918,愛派司,上市,-3000.0,0.0,-1000.0,-4000.0,34571000.0
8201,無敵,上市,-4000.0,0.0,0.0,-4000.0,62366275.0
911608,明輝-DR,上市,-4000.0,0.0,0.0,-4000.0,34222146.0
8940,新天地,上市,-4000.0,0.0,0.0,-4000.0,67491032.0
6184,大豐電,上市,-4000.0,0.0,0.0,-4000.0,162127629.0
5244,弘凱,上市,-4000.0,0.0,0.0,-4000.0,68241899.0
2430,燦坤,上市,-4000.0,0.0,0.0,-4000.0,116800000.0
1324,地球,上市,-5000.0,0.0,1000.0,-4000.0,75121882.0
00875,國泰網路資安,上市,386000.0,0.0,-390000.0,-4000.0,13488000.0
1443,立益物流,上市,-4000.0,0.0,0.0,-4000.0,135343011.0
00762,元大全球AI,上市,-1999.0,0.0,-2155.0,-4154.0,47748000.0
0057,富邦摩台,上市,1.0,0.0,-4502.0,-4501.0,1527000.0
00690,兆豐藍籌30,上市,-17000.0,0.0,12479.0,-4521.0,80330000.0
1623,大東電,上市,-4995.0,0.0,0.0,-4995.0,66000000.0
2423,固緯,上市,-6000.0,0.0,1000.0,-5000.0,145047289.0
2115,六暉-KY,上市,-11000.0,0.0,6000.0,-5000.0,104373163.0
6916,華凌,上市,7000.0,0.0,-12000.0,-5000.0,67500000.0
6902,GOGOLOOK,上市,-4000.0,0.0,-1000.0,-5000.0,35529948.0
6754,匯僑設計,上市,-5000.0,-136.0,0.0,-5136.0,66000000.0
2611,志信,上市,-5410.0,0.0,0.0,-5410.0,189002272.0
1563,巧新,上市,-9000.0,0.0,3237.0,-5763.0,230782140.0
8021,尖點,上市,7965.0,0.0,-13890.0,-5925.0,145042467.0
6965,中傑-KY,上市,-5000.0,0.0,-1000.0,-6000.0,156336000.0
6431,光麗-KY,上市,-6000.0,0.0,0.0,-6000.0,97398835.0
5306,桂盟,上市,-10000.0,0.0,4000.0,-6000.0,126000772.0
1583,程泰,上市,-6000.0,0.0,0.0,-6000.0,109400372.0
1235,興泰,上市,-8000.0,0.0,2000.0,-6000.0,188577836.0
020034,元大IC設計N,上市,0.0,0.0,-6000.0,-6000.0,0.0
1414,東和,上市,-8000.0,0.0,2000.0,-6000.0,198000000.0
1321,大洋,上市,-8000.0,0.0,2000.0,-6000.0,227228268.0
1524,耿鼎,上市,-7000.0,0.0,1000.0,-6000.0,165310397.0
4583,台灣精銳,上市,-4000.0,0.0,-2200.0,-6200.0,80171351.0
00678,群益那斯達克生技,上市,127000.0,0.0,-133278.0,-6278.0,7948000.0
8249,菱光,上市,-3000.0,0.0,-3332.0,-6332.0,137824500.0
6641,基士德-KY,上市,-8000.0,0.0,1186.0,-6814.0,36500000.0
4588,玖鼎電力,上市,-7000.0,0.0,151.0,-6849.0,42985000.0
6951,青新-創,上市,-7000.0,0.0,0.0,-7000.0,46000000.0
6934,心誠鎂,上市,-7000.0,0.0,0.0,-7000.0,35972762.0
3168,眾福科,上市,-10000.0,0.0,3000.0,-7000.0,75099649.0
1445,大宇,上市,-10000.0,0.0,3000.0,-7000.0,130666034.0
1539,巨庭,上市,-9000.0,0.0,2000.0,-7000.0,65370000.0
1526,日馳,上市,-7000.0,0.0,0.0,-7000.0,60000000.0
2904,匯僑,上市,-7000.0,0.0,0.0,-7000.0,77834432.0
1733,五鼎,上市,-7000.0,0.0,0.0,-7000.0,99950192.0
1783,和康生,上市,-9000.0,0.0,2000.0,-7000.0,89698115.0
2248,華勝-KY,上市,-7000.0,0.0,0.0,-7000.0,47600000.0
6277,宏正,上市,-3000.0,0.0,-4004.0,-7004.0,119471166.0
5203,訊連,上市,-7000.0,0.0,-134.0,-7134.0,79342550.0
1225,福懋油,上市,-7171.0,0.0,0.0,-7171.0,242268306.0
1735,日勝化,上市,-8000.0,0.0,0.0,-8000.0,99388000.0
2723,美食-KY,上市,-5000.0,0.0,-3000.0,-8000.0,180000000.0
6722,輝創,上市,-8000.0,0.0,0.0,-8000.0,88400000.0
6504,南六,上市,-8000.0,0.0,0.0,-8000.0,72600000.0
4148,全宇生技-KY,上市,-7000.0,0.0,-1000.0,-8000.0,67235701.0
4807,日成-KY,上市,-6000.0,0.0,-2000.0,-8000.0,48996032.0
5607,遠雄港,上市,-9615.0,0.0,1000.0,-8615.0,370552913.0
3021,鴻名,上市,-732.0,0.0,-8000.0,-8732.0,94890000.0
2433,互盛電,上市,-10000.0,0.0,1000.0,-9000.0,144496011.0
2028,威致,上市,-9000.0,0.0,0.0,-9000.0,325714800.0
00703,台新MSCI中國,上市,0.0,0.0,-9908.0,-9908.0,9550000.0
3679,新至陞,上市,-9955.0,0.0,0.0,-9955.0,63022229.0
4942,嘉彰,上市,-10000.0,0.0,0.0,-10000.0,142367613.0
7818,溢泰實業,上市,-10000.0,0.0,0.0,-10000.0,167946000.0
7791,皇家可口,上市,-10000.0,0.0,0.0,-10000.0,80000000.0
2109,華豐,上市,-11000.0,0.0,1000.0,-10000.0,279349134.0
2701,萬企,上市,-10000.0,0.0,0.0,-10000.0,449967838.0
1453,大將,上市,-12000.0,0.0,2000.0,-10000.0,113243048.0
2546,根基,上市,-2010.0,0.0,-8000.0,-10010.0,130524193.0
6756,威鋒電子,上市,-2000.0,0.0,-8016.0,-10016.0,69990000.0
6614,資拓宏宇,上市,1000.0,0.0,-12000.0,-11000.0,80660521.0
1323,永裕,上市,-11000.0,0.0,0.0,-11000.0,91274554.0
5531,鄉林,上市,-11000.0,0.0,0.0,-11000.0,977589245.0
1423,利華,上市,-12000.0,0.0,1000.0,-11000.0,99648000.0
1338,廣華-KY,上市,-15000.0,0.0,4000.0,-11000.0,83840000.0
2524,京城,上市,-11000.0,0.0,0.0,-11000.0,365983545.0
6224,聚鼎,上市,-12200.0,0.0,1000.0,-11200.0,85645361.0
00733,富邦臺灣中小,上市,94000.0,0.0,-105325.0,-11325.0,67466000.0
4967,十銓,上市,51855.0,0.0,-63212.0,-11357.0,84963288.0
7749,意騰-KY,上市,-10996.0,3000.0,-3638.0,-11634.0,46485728.0
6598,ABC-KY,上市,-14000.0,0.0,2000.0,-12000.0,102819061.0
4426,利勤,上市,-12000.0,0.0,0.0,-12000.0,172677198.0
020037,元大金融高股息N,上市,0.0,0.0,-12000.0,-12000.0,0.0
3054,立萬利,上市,-12000.0,0.0,-161.0,-12161.0,80651041.0
4133,亞諾法,上市,-13000.0,0.0,0.0,-13000.0,60553594.0
6201,亞弘電,上市,-13000.0,0.0,0.0,-13000.0,89200000.0
4999,鑫禾,上市,-13000.0,0.0,-63.0,-13063.0,74417200.0
00666R,富邦恒生國企反1,上市,-7000.0,0.0,-6570.0,-13570.0,14624000.0
1471,首利,上市,-13783.0,0.0,0.0,-13783.0,150414536.0
2482,連宇,上市,-14000.0,0.0,74.0,-13926.0,77882711.0
1626,艾美特-KY,上市,-14000.0,0.0,0.0,-14000.0,149821721.0
2427,三商電,上市,-14000.0,0.0,0.0,-14000.0,197999573.0
3130,一零四,上市,-14889.0,0.0,0.0,-14889.0,33190700.0
1451,年興,上市,-22000.0,0.0,7000.0,-15000.0,198000000.0
910322,康師傅-DR,上市,-15000.0,0.0,0.0,-15000.0,21165402.0
7730,暉盛-創,上市,-18700.0,0.0,3000.0,-15700.0,36796731.0
1712,興農,上市,-19000.0,0.0,3114.0,-15886.0,420492585.0
2013,中鋼構,上市,-68515.0,0.0,52585.0,-15930.0,200000000.0
1474,弘裕,上市,-16000.0,0.0,0.0,-16000.0,129896969.0
1467,南緯,上市,-16000.0,0.0,0.0,-16000.0,233624667.0
6869,雲豹能源,上市,-28000.0,0.0,11901.0,-16099.0,137830041.0
00656R,國泰中國A50反1,上市,0.0,0.0,-16100.0,-16100.0,20357000.0
3308,聯德,上市,-16000.0,0.0,-155.0,-16155.0,60000000.0
3167,大量,上市,24830.0,-25000.0,-16121.0,-16291.0,89185209.0
2049,上銀,上市,32937.0,0.0,-49473.0,-16536.0,353792240.0
6949,沛爾生醫*-創,上市,-18000.0,0.0,1070.0,-16930.0,65580050.0
7768,頌勝科技,上市,-16000.0,0.0,-1000.0,-17000.0,70065000.0
6128,上福,上市,31000.0,0.0,-48000.0,-17000.0,127588740.0
1233,天仁,上市,-17000.0,0.0,0.0,-17000.0,90591948.0
2702,華園,上市,-18000.0,0.0,1000.0,-17000.0,156613249.0
7795,長廣,上市,-16830.0,0.0,-1000.0,-17830.0,78828500.0
3025,星通,上市,-17000.0,0.0,-1000.0,-18000.0,56736440.0
3494,誠研,上市,-18000.0,0.0,0.0,-18000.0,94800000.0
2033,佳大,上市,-18000.0,0.0,0.0,-18000.0,80694536.0
1463,強盛新,上市,-18000.0,0.0,0.0,-18000.0,173268381.0
1760,寶齡富錦,上市,-19000.0,0.0,1000.0,-18000.0,85739013.0
6230,尼得科超眾,上市,-19000.0,0.0,797.0,-18203.0,86343396.0
3058,立德,上市,-17449.0,0.0,-1000.0,-18449.0,201722779.0
6582,申豐,上市,-20000.0,0.0,1000.0,-19000.0,106174141.0
6438,迅得,上市,-10000.0,0.0,-9310.0,-19310.0,82206325.0
4552,力達-KY,上市,-20000.0,0.0,0.0,-20000.0,116000000.0
02001L,富邦蘋果正二N,上市,0.0,0.0,-20000.0,-20000.0,0.0
00638R,元大滬深300反1,上市,0.0,0.0,-20300.0,-20300.0,26948000.0
3024,憶聲,上市,-18000.0,0.0,-3000.0,-21000.0,277157496.0
00651R,復華香港反1,上市,-40000.0,0.0,18870.0,-21130.0,32192000.0
00737,國泰AI機器人,上市,9000.0,0.0,-30274.0,-21274.0,22538000.0
2514,龍邦,上市,-22000.0,0.0,369.0,-21631.0,394729278.0
3705,永信,上市,-21000.0,0.0,-750.0,-21750.0,266422983.0
5222,全訊,上市,-16842.0,0.0,-4986.0,-21828.0,91094968.0
3092,鴻碩,上市,-22000.0,0.0,0.0,-22000.0,106649250.0
1598,岱宇,上市,-23000.0,0.0,1000.0,-22000.0,179142092.0
4571,鈞興-KY,上市,-23093.0,1000.0,0.0,-22093.0,53017115.0
2250,IKKA-KY,上市,-22000.0,0.0,-148.0,-22148.0,36388226.0
6206,飛捷,上市,-6928.0,-2000.0,-13796.0,-22724.0,143062324.0
2929,淘帝-KY,上市,-22999.0,0.0,0.0,-22999.0,109493838.0
4935,茂林-KY,上市,-24000.0,0.0,1000.0,-23000.0,128864091.0
1339,昭輝,上市,-25000.0,0.0,1997.0,-23003.0,74123875.0
4590,富田-創,上市,-23950.0,0.0,165.0,-23785.0,54838400.0
2017,官田鋼,上市,-23807.0,0.0,0.0,-23807.0,446874691.0
9931,欣高,上市,-24000.0,0.0,0.0,-24000.0,120369303.0
6885,全福生技,上市,-24090.0,0.0,0.0,-24090.0,133061000.0
6933,AMAX-KY,上市,-19117.0,0.0,-5724.0,-24841.0,42384800.0
4737,華廣,上市,-26000.0,0.0,1000.0,-25000.0,77398253.0
0051,元大中型100,上市,286.0,0.0,-25414.0,-25128.0,24500000.0
6281,全國電,上市,-26270.0,0.0,1000.0,-25270.0,99172945.0
00960,野村全球航運龍頭,上市,165.0,0.0,-25786.0,-25621.0,64995000.0
2104,國際中橡,上市,-26674.0,0.0,486.0,-26188.0,984733625.0
6782,視陽,上市,-25942.0,0.0,-418.0,-26360.0,63000000.0
00956,中信日經高股息,上市,-130000.0,0.0,103429.0,-26571.0,34130000.0
4569,六方科-KY,上市,-24917.0,0.0,-2000.0,-26917.0,30600000.0
6928,攸泰科技,上市,-27999.0,0.0,1000.0,-26999.0,86000000.0
4155,訊映,上市,-27030.0,0.0,0.0,-27030.0,144684164.0
9930,中聯資源,上市,-28739.0,0.0,1000.0,-27739.0,248540368.0
2645,長榮航太,上市,-30799.0,2000.0,875.0,-27924.0,374570962.0
1786,科妍,上市,-28000.0,0.0,15.0,-27985.0,74827641.0
2102,泰豐,上市,-31000.0,0.0,3000.0,-28000.0,473329207.0
2239,英利-KY,上市,-29000.0,0.0,1000.0,-28000.0,117712593.0
4441,振大環球,上市,-17000.0,0.0,-11000.0,-28000.0,68175578.0
3164,景岳,上市,-29000.0,0.0,1000.0,-28000.0,86010364.0
6799,來頡,上市,-29210.0,0.0,981.0,-28229.0,43652193.0
1455,集盛,上市,-30975.0,0.0,2247.0,-28728.0,531688380.0
3043,科風,上市,-29000.0,0.0,0.0,-29000.0,38975634.0
6215,和椿,上市,-29741.0,0.0,299.0,-29442.0,82789693.0
3040,遠見,上市,-30000.0,0.0,0.0,-30000.0,66224538.0
2243,宏旭-KY,上市,-29748.0,-1000.0,0.0,-30748.0,69373596.0
2364,倫飛,上市,-31000.0,0.0,0.0,-31000.0,52388648.0
6416,瑞祺電通,上市,-31000.0,0.0,0.0,-31000.0,73348460.0
8028,昇陽半導體,上市,2362.0,0.0,-33563.0,-31201.0,179396083.0
6591,動力-KY,上市,-31830.0,0.0,167.0,-31663.0,41122465.0
2069,運錩,上市,-35000.0,0.0,3000.0,-32000.0,166386836.0
2597,潤弘,上市,-66000.0,0.0,34000.0,-32000.0,310716000.0
6937,天虹,上市,-25350.0,0.0,-7036.0,-32386.0,67655263.0
3027,盛達,上市,-32300.0,0.0,-672.0,-32972.0,129960299.0
6112,邁達特,上市,-35023.0,0.0,1850.0,-33173.0,188357336.0
3032,偉訓,上市,-30000.0,0.0,-5449.0,-35449.0,113285626.0
4585,達明,上市,-35000.0,0.0,-465.0,-35465.0,104609000.0
4912,聯德控股-KY,上市,-36001.0,0.0,0.0,-36001.0,66993099.0
7711,永擎,上市,-34065.0,0.0,-2497.0,-36562.0,71700445.0
2025,千興,上市,-20621.0,0.0,-17000.0,-37621.0,172660536.0
00938,凱基優選30,上市,-92000.0,0.0,54067.0,-37933.0,92516000.0
7721,微程式,上市,-38000.0,0.0,0.0,-38000.0,55370000.0
6890,來億-KY,上市,-35000.0,0.0,-3148.0,-38148.0,249400000.0
1517,利奇,上市,-38000.0,0.0,-313.0,-38313.0,220000007.0
6285,啟碁,上市,880830.0,-833000.0,-86227.0,-38397.0,483663719.0
00702,國泰標普低波高息,上市,0.0,0.0,-38703.0,-38703.0,6688000.0
3038,全台,上市,-43000.0,-938.0,5000.0,-38938.0,157407603.0
4195,基米-創,上市,-39000.0,0.0,0.0,-39000.0,80000057.0
1442,名軒,上市,-40000.0,0.0,963.0,-39037.0,366211358.0
6830,汎銓,上市,-40433.0,0.0,1032.0,-39401.0,53446888.0
6715,嘉基,上市,-15000.0,0.0,-24561.0,-39561.0,67099670.0
1432,大魯閣,上市,-39999.0,0.0,0.0,-39999.0,108000000.0
1416,廣豐,上市,-40000.0,0.0,0.0,-40000.0,185342168.0
2731,雄獅,上市,28091.0,-66000.0,-2362.0,-40271.0,93277739.0
2440,太空梭,上市,-40873.0,0.0,0.0,-40873.0,139117271.0
2516,新建,上市,-41000.0,0.0,0.0,-41000.0,226278457.0
4968,立積,上市,-51400.0,0.0,10224.0,-41176.0,92209898.0
00689R,國泰20年美債反1,上市,51000.0,0.0,-94000.0,-43000.0,6889000.0
2348,海悅,上市,-41320.0,0.0,-2014.0,-43334.0,151898853.0
6117,迎廣,上市,-34000.0,0.0,-10861.0,-44861.0,92560911.0
3694,海華,上市,-42000.0,0.0,-3022.0,-45022.0,154929208.0
5284,jpp-KY,上市,-32950.0,0.0,-12120.0,-45070.0,52892683.0
3701,大眾控,上市,-42910.0,0.0,-2173.0,-45083.0,236637616.0
4540,全球傳動,上市,-47935.0,0.0,2650.0,-45285.0,115186724.0
4545,銘鈺,上市,-45965.0,0.0,0.0,-45965.0,77000000.0
4169,泰宗,上市,-46000.0,0.0,0.0,-46000.0,66431612.0
1438,三地開發,上市,-41000.0,0.0,-5000.0,-46000.0,111205759.0
1316,上曜,上市,-47241.0,0.0,-33.0,-47274.0,375946150.0
2468,華經,上市,-47533.0,0.0,0.0,-47533.0,69961249.0
00634R,富邦上証反1,上市,0.0,0.0,-49000.0,-49000.0,47256000.0
4555,氣立,上市,-49327.0,0.0,207.0,-49120.0,69987653.0
1529,樂事綠能,上市,-49035.0,0.0,-354.0,-49389.0,155095074.0
1810,和成,上市,-20000.0,-31002.0,1146.0,-49856.0,302303719.0
6923,中台,上市,-50000.0,0.0,-296.0,-50296.0,91488000.0
2913,農林,上市,-51000.0,0.0,-111.0,-51111.0,790000000.0
2497,怡利電,上市,-48996.0,0.0,-2133.0,-51129.0,130887676.0
6272,驊陞,上市,-51889.0,0.0,0.0,-51889.0,81763948.0
2630,亞航,上市,-54000.0,0.0,1465.0,-52535.0,209438204.0
5608,四維航,上市,-56015.0,0.0,3000.0,-53015.0,389276138.0
5283,禾聯碩,上市,-54018.0,0.0,1000.0,-53018.0,87600510.0
6477,安集,上市,-53000.0,0.0,-552.0,-53552.0,123787196.0
2029,盛餘,上市,-59000.0,0.0,5000.0,-54000.0,321180000.0
1337,再生-KY,上市,-54000.0,0.0,0.0,-54000.0,268954729.0
2762,世界健身-KY,上市,-53525.0,0.0,-1000.0,-54525.0,112500000.0
3622,洋華,上市,-54000.0,0.0,-662.0,-54662.0,151327600.0
6585,鼎基,上市,-54000.0,0.0,-1000.0,-55000.0,72133587.0
2911,麗嬰房,上市,-61000.0,0.0,6000.0,-55000.0,105125999.0
2402,毅嘉,上市,47010.0,0.0,-103754.0,-56744.0,307536533.0
2401,凌陽,上市,86497.0,10000.0,-154189.0,-57692.0,591994919.0
6142,友勁,上市,-57782.0,0.0,0.0,-57782.0,330779215.0
6153,嘉聯益,上市,-33025.0,0.0,-24817.0,-57842.0,636177694.0
1725,元禎,上市,-61000.0,0.0,3000.0,-58000.0,181829978.0
6515,穎崴,上市,-67889.0,6000.0,3728.0,-58161.0,36038042.0
4755,三福化,上市,-56970.0,0.0,-1340.0,-58310.0,100706000.0
2031,新光鋼,上市,-41020.0,0.0,-17557.0,-58577.0,321146341.0
6235,華孚,上市,-59926.0,0.0,1000.0,-58926.0,199906306.0
6526,達發,上市,-74556.0,16000.0,-2418.0,-60974.0,167505554.0
8222,寶一,上市,-64000.0,0.0,1000.0,-63000.0,68573500.0
3563,牧德,上市,-61648.0,-1000.0,-1175.0,-63823.0,63960858.0
6108,競國,上市,-65837.0,0.0,860.0,-64977.0,154494311.0
4720,德淵,上市,-63000.0,-1982.0,0.0,-64982.0,114516037.0
7760,享溫馨,上市,-40000.0,0.0,-25000.0,-65000.0,66048000.0
2908,特力,上市,5000.0,0.0,-72000.0,-67000.0,509887558.0
9802,鈺齊-KY,上市,-52000.0,0.0,-15474.0,-67474.0,200991673.0
6533,晶心科,上市,-68219.0,0.0,735.0,-67484.0,50650911.0
1522,堤維西,上市,-73000.0,-2652.0,6821.0,-68831.0,312897881.0
6742,澤米,上市,-69213.0,0.0,-371.0,-69584.0,71267948.0
3545,敦泰,上市,-28999.0,2000.0,-43582.0,-70581.0,222456016.0
7821,神數,上市,-72000.0,0.0,1000.0,-71000.0,121913300.0
2431,聯昌,上市,-71000.0,0.0,0.0,-71000.0,110927014.0
1808,潤隆,上市,-64535.0,0.0,-7000.0,-71535.0,893031743.0
2453,凌群,上市,-73000.0,0.0,0.0,-73000.0,100000000.0
5534,長虹,上市,-68343.0,0.0,-5705.0,-74048.0,315325960.0
2233,宇隆,上市,-39895.0,0.0,-34164.0,-74059.0,60288089.0
1325,恆大,上市,-75000.0,0.0,0.0,-75000.0,85281198.0
2613,中櫃,上市,-77000.0,0.0,0.0,-77000.0,148423458.0
3047,訊舟,上市,-79663.0,0.0,2255.0,-77408.0,224761608.0
6605,帝寶,上市,-84945.0,1000.0,5202.0,-78743.0,165816397.0
4770,上品,上市,-75900.0,0.0,-3312.0,-79212.0,79976000.0
3296,勝德,上市,-85000.0,0.0,5305.0,-79695.0,96724450.0
2903,遠百,上市,-857000.0,777000.0,0.0,-80000.0,1416940589.0
6216,居易,上市,-80000.0,0.0,-241.0,-80241.0,97296137.0
3044,健鼎,上市,99609.0,-181000.0,1035.0,-80356.0,525605898.0
009808,華南永昌優選50,上市,34000.0,0.0,-115291.0,-81291.0,41511000.0
1447,力鵬,上市,-84000.0,0.0,2000.0,-82000.0,910071242.0
6854,錼創科技-KY創,上市,-85000.0,0.0,2310.0,-82690.0,117678622.0
4952,凌通,上市,-77974.0,0.0,-5000.0,-82974.0,108815816.0
3229,晟鈦,上市,-84000.0,0.0,0.0,-84000.0,64263000.0
00892,富邦台灣半導體,上市,-166000.0,0.0,81988.0,-84012.0,271792000.0
3419,譁裕,上市,-84054.0,0.0,0.0,-84054.0,120480417.0
3645,達邁,上市,-84040.0,-2000.0,1578.0,-84462.0,136754207.0
6861,睿生光電,上市,-83624.0,0.0,-1586.0,-85210.0,41599250.0
2231,為升,上市,-80000.0,0.0,-6954.0,-86954.0,135931870.0
00700,富邦恒生國企,上市,42000.0,0.0,-129259.0,-87259.0,34983000.0
1532,勤美,上市,-45500.0,-2613.0,-40000.0,-88113.0,422604271.0
00912,中信臺灣智慧50,上市,-52000.0,0.0,-37483.0,-89483.0,59253000.0
9939,宏全,上市,-55918.0,2000.0,-36428.0,-90346.0,295786475.0
2461,光群雷,上市,-91000.0,0.0,0.0,-91000.0,174998350.0
3056,富華新,上市,-95088.0,0.0,1804.0,-93284.0,480555051.0
9136,巨騰-DR,上市,-94000.0,0.0,234.0,-93766.0,138453000.0
2420,新巨,上市,-86000.0,0.0,-8000.0,-94000.0,152648688.0
3002,歐格,上市,-97920.0,0.0,-1.0,-97921.0,102000000.0
2305,全友,上市,-100000.0,0.0,555.0,-99445.0,205660827.0
6753,龍德造船,上市,-86900.0,0.0,-13114.0,-100014.0,117253224.0
1460,宏遠,上市,-101970.0,0.0,0.0,-101970.0,694643484.0
1232,大統益,上市,-105030.0,0.0,2000.0,-103030.0,159974915.0
2442,新美齊,上市,-103000.0,0.0,-1000.0,-104000.0,325232021.0
3209,全科,上市,-89638.0,-4898.0,-9694.0,-104230.0,235391189.0
8162,微矽電子-創,上市,-120000.0,0.0,15523.0,-104477.0,68702000.0
9917,中保科,上市,-488000.0,382000.0,-1000.0,-107000.0,451197093.0
6449,鈺邦,上市,-84763.0,0.0,-23452.0,-108215.0,91886014.0
6531,愛普*,上市,-390807.0,214211.0,68221.0,-108375.0,162846540.0
5234,達興材料,上市,-96866.0,-11000.0,-2537.0,-110403.0,102715911.0
00881,國泰台灣科技龍頭,上市,48100.0,-120000.0,-39015.0,-110915.0,2368403000.0
5258,虹堡,上市,-111000.0,0.0,10.0,-110990.0,110364894.0
3518,柏騰,上市,-115000.0,0.0,4000.0,-111000.0,102467230.0
6743,安普新,上市,-111998.0,0.0,-2000.0,-113998.0,150000000.0
1618,合機,上市,-113401.0,0.0,-1001.0,-114402.0,192691747.0
3030,德律,上市,-112854.0,0.0,-2596.0,-115450.0,236216000.0
6768,志強-KY,上市,-114000.0,0.0,-2750.0,-116750.0,200095061.0
2434,統懋,上市,-117600.0,0.0,0.0,-117600.0,37000000.0
3447,展達,上市,-118000.0,0.0,0.0,-118000.0,77449120.0
2030,彰源,上市,-90251.0,0.0,-28000.0,-118251.0,280526027.0
1531,高林股,上市,-119000.0,0.0,0.0,-119000.0,182108080.0
8374,羅昇,上市,-104940.0,0.0,-14175.0,-119115.0,112250487.0
1904,正隆,上市,-119440.0,0.0,0.0,-119440.0,1108274522.0
1707,葡萄王,上市,-121000.0,0.0,749.0,-120251.0,148137373.0
2429,銘旺科,上市,-123693.0,0.0,0.0,-123693.0,85500000.0
7822,倍利科,上市,-129766.0,0.0,4800.0,-124966.0,45560763.0
8072,陞泰,上市,-127000.0,0.0,0.0,-127000.0,80000000.0
3607,谷崧,上市,-130000.0,0.0,2000.0,-128000.0,121662239.0
2543,皇昌,上市,-129194.0,0.0,973.0,-128221.0,528541961.0
8081,致新,上市,-184847.0,66000.0,-10021.0,-128868.0,86172072.0
3011,今皓,上市,-130000.0,0.0,-1000.0,-131000.0,129600851.0
2406,國碩,上市,-125661.0,0.0,-8733.0,-134394.0,350905689.0
9919,康那香,上市,-137000.0,0.0,0.0,-137000.0,195362750.0
1611,中電,上市,-122000.0,0.0,-18597.0,-140597.0,322735742.0
2007,燁興,上市,-142000.0,0.0,0.0,-142000.0,530651613.0
00641R,富邦日本反1,上市,0.0,0.0,-142351.0,-142351.0,74758000.0
4934,太極,上市,-144412.0,0.0,0.0,-144412.0,225000000.0
6205,詮欣,上市,-144800.0,0.0,-1000.0,-145800.0,82235907.0
6558,興能高,上市,-147000.0,0.0,0.0,-147000.0,93788875.0
9103,美德醫療-DR,上市,-145000.0,0.0,-4095.0,-149095.0,205531500.0
3321,同泰,上市,-155882.0,0.0,1000.0,-154882.0,86113769.0
3708,上緯投控,上市,-167000.0,-1000.0,10635.0,-157365.0,92105384.0
2432,倚天酷碁-創,上市,-180000.0,0.0,20414.0,-159586.0,61860000.0
1449,佳和,上市,-151000.0,0.0,-9000.0,-160000.0,127114572.0
8473,山林水,上市,-160852.0,0.0,-1001.0,-161853.0,181201378.0
2374,佳能,上市,-659970.0,0.0,495357.0,-164613.0,337992133.0
00663L,國泰臺灣加權正2,上市,94000.0,0.0,-259556.0,-165556.0,142163000.0
6426,統新,上市,-165669.0,0.0,-14.0,-165683.0,38509000.0
6573,虹揚-KY,上市,-165000.0,0.0,-1932.0,-166932.0,80499345.0
4916,事欣科,上市,-147000.0,0.0,-23301.0,-170301.0,110602900.0
5521,工信,上市,-172000.0,0.0,1000.0,-171000.0,492280155.0
00905,FT臺灣Smart,上市,-78000.0,0.0,-94952.0,-172952.0,335327000.0
1309,台達化,上市,-170000.0,0.0,-3611.0,-173611.0,397586848.0
1215,卜蜂,上市,-176000.0,0.0,155.0,-175845.0,294790098.0
2106,建大,上市,-179150.0,0.0,2000.0,-177150.0,954890000.0
7740,熙特爾-創,上市,-177000.0,0.0,-232.0,-177232.0,53200000.0
3050,鈺德,上市,-181000.0,0.0,0.0,-181000.0,154984450.0
3356,奇偶,上市,-184718.0,0.0,-1000.0,-185718.0,79941672.0
6669,緯穎,上市,-91632.0,-12700.0,-83116.0,-187448.0,185840791.0
2476,鉅祥,上市,-272054.0,0.0,82185.0,-189869.0,218171223.0
5484,慧友,上市,-189000.0,0.0,-1000.0,-190000.0,66801000.0
3041,揚智,上市,-194000.0,0.0,-57.0,-194057.0,140223647.0
2323,中環,上市,244873.0,0.0,-441000.0,-196127.0,1089348328.0
3015,全漢,上市,-186772.0,-1000.0,-12645.0,-200417.0,187261950.0
2466,冠西電,上市,-201000.0,0.0,0.0,-201000.0,173458697.0
2491,吉祥全,上市,-202000.0,0.0,1000.0,-201000.0,82008000.0
1612,宏泰,上市,-346798.0,0.0,139402.0,-207396.0,316080063.0
1568,倉佑,上市,-210482.0,0.0,2000.0,-208482.0,103086559.0
3017,奇鋐,上市,-344789.0,159200.0,-23992.0,-209581.0,392543007.0
1721,國慶科技,上市,-210000.0,0.0,0.0,-210000.0,184884092.0
3588,通嘉,上市,-178060.0,0.0,-34615.0,-212675.0,61993182.0
6152,百一,上市,-212199.0,0.0,-2000.0,-214199.0,167738463.0
6202,盛群,上市,-264038.0,0.0,49412.0,-214626.0,230388200.0
3413,京鼎,上市,-201872.0,0.0,-14134.0,-216006.0,110762280.0
5706,鳳凰,上市,-216312.0,0.0,-588.0,-216900.0,84910920.0
8438,昶昕,上市,-208445.0,0.0,-9000.0,-217445.0,69943000.0
00961,FT臺灣永續高息,上市,572000.0,0.0,-791527.0,-219527.0,241511000.0
6805,富世達,上市,-193401.0,-18000.0,-8696.0,-220097.0,68553896.0
2355,敬鵬,上市,-91619.0,-5000.0,-124509.0,-221128.0,397495420.0
2465,麗臺,上市,-225342.0,0.0,-2216.0,-227558.0,93946031.0
2393,億光,上市,-172998.0,-17621.0,-37334.0,-227953.0,443393086.0
2108,南帝,上市,-230000.0,0.0,949.0,-229051.0,492416659.0
3010,華立,上市,666045.0,-889000.0,-10784.0,-233739.0,259436817.0
3437,榮創,上市,-234970.0,0.0,0.0,-234970.0,144548000.0
6776,展碁國際,上市,-237000.0,0.0,-2000.0,-239000.0,91581430.0
00692,富邦公司治理,上市,14000.0,0.0,-254342.0,-240342.0,613280000.0
2034,允強,上市,-244000.0,0.0,-1699.0,-245699.0,528995589.0
2530,華建,上市,-275000.0,-5000.0,34000.0,-246000.0,841255731.0
4956,光鋐,上市,-245279.0,-1000.0,-5.0,-246284.0,100408236.0
8104,錸寶,上市,-249000.0,0.0,0.0,-249000.0,104058192.0
3031,佰鴻,上市,-248300.0,-1000.0,-1522.0,-250822.0,173203224.0
4949,有成精密,上市,-249570.0,-1000.0,-1049.0,-251619.0,67722043.0
6706,惠特,上市,-235255.0,0.0,-17307.0,-252562.0,78548865.0
2359,所羅門,上市,-221491.0,0.0,-33129.0,-254620.0,171471052.0
00662,富邦NASDAQ,上市,4627647.0,0.0,-4884557.0,-256910.0,838029000.0
00674R,期元大S&P黃金反1,上市,-150000.0,0.0,-114681.0,-264681.0,15920555.0
1723,中碳,上市,-239000.0,0.0,-28487.0,-267487.0,236904480.0
8103,瀚荃,上市,-461200.0,0.0,192840.0,-268360.0,78436671.0
3338,泰碩,上市,-269462.0,0.0,597.0,-268865.0,87908141.0
6133,金橋,上市,-270000.0,0.0,0.0,-270000.0,117006294.0
4746,台耀,上市,-275000.0,0.0,-467.0,-275467.0,120255963.0
00706L,期元大S&P日圓正2,上市,0.0,0.0,-276000.0,-276000.0,158270853.0
6592,和潤企業,上市,-285048.0,5000.0,1723.0,-278325.0,623150493.0
3135,凌航,上市,-305396.0,0.0,24255.0,-281141.0,93802057.0
8033,雷虎,上市,-282599.0,0.0,0.0,-282599.0,164629775.0
3029,零壹,上市,20035.0,-4727.0,-303256.0,-287948.0,167005212.0
2444,兆勁,上市,-289000.0,0.0,1000.0,-288000.0,101569573.0
6589,台康生技,上市,-292100.0,0.0,-1.0,-292101.0,306871174.0
4989,榮科,上市,-294900.0,0.0,-3403.0,-298303.0,137776500.0
00922,國泰台灣領袖50,上市,236737.0,0.0,-539337.0,-302600.0,2076186000.0
2208,台船,上市,-304940.0,0.0,1000.0,-303940.0,1274539449.0
3346,麗清,上市,-306580.0,0.0,1700.0,-304880.0,121228352.0
3016,嘉晶,上市,-305449.0,0.0,-1135.0,-306584.0,288541819.0
6443,元晶,上市,-351463.0,0.0,43697.0,-307766.0,512796730.0
6412,群電,上市,-309278.0,-1000.0,-1211.0,-311489.0,400769126.0
6668,中揚光,上市,-315000.0,0.0,1000.0,-314000.0,107116087.0
3062,建漢,上市,-302350.0,0.0,-15277.0,-317627.0,330091818.0
4722,國精化,上市,-249787.0,0.0,-68184.0,-317971.0,102784914.0
2022,聚亨,上市,-326144.0,0.0,0.0,-326144.0,337168138.0
2241,艾姆勒,上市,-327330.0,0.0,769.0,-326561.0,104602306.0
00917,中信特選金融,上市,-703000.0,0.0,376085.0,-326915.0,62478000.0
8039,台虹,上市,-309047.0,3000.0,-23172.0,-329219.0,263668994.0
1440,南紡,上市,-352000.0,0.0,17657.0,-334343.0,1656815857.0
6442,光聖,上市,-311146.0,-34000.0,10255.0,-334891.0,78537835.0
6862,三集瑞-KY,上市,-338000.0,0.0,2552.0,-335448.0,50000000.0
2392,正崴,上市,-324560.0,0.0,-12731.0,-337291.0,512326940.0
2454,聯發科,上市,1362548.0,-1688793.0,-16913.0,-343158.0,1603895407.0
00981T,平衡凱基雙核收息,上市,50000.0,0.0,-395404.0,-345404.0,192261000.0
6120,達運,上市,-314489.0,0.0,-44121.0,-358610.0,598999602.0
8271,宇瞻,上市,-366475.0,-2000.0,9047.0,-359428.0,129614266.0
2601,益航,上市,-368465.0,0.0,2000.0,-366465.0,824776067.0
3661,世芯-KY,上市,-311032.0,-49151.0,-13317.0,-373500.0,82091340.0
6525,捷敏-KY,上市,-337451.0,0.0,-36288.0,-373739.0,129047384.0
6191,精成科,上市,-346624.0,0.0,-28074.0,-374698.0,499303000.0
00904,台新臺灣半導體30,上市,-250000.0,0.0,-125311.0,-375311.0,169612000.0
00865B,國泰US短期公債,上市,1289000.0,0.0,-1665849.0,-376849.0,274244000.0
3535,晶彩科,上市,-377900.0,0.0,-8.0,-377908.0,79052356.0
2415,錩新,上市,-379246.0,0.0,700.0,-378546.0,90000000.0
00405A,主動富邦台灣龍耀,上市,6719410.0,0.0,-7100734.0,-381324.0,2555745000.0
2534,宏盛,上市,-380000.0,0.0,-3000.0,-383000.0,474227970.0
00894,中信小資高價30,上市,-169750.0,0.0,-214776.0,-384526.0,152509000.0
1528,恩德,上市,-384000.0,-2000.0,432.0,-385568.0,191331000.0
6197,佳必琪,上市,-255522.0,1000.0,-131808.0,-386330.0,122085882.0
6834,天二科技,上市,-346000.0,0.0,-43122.0,-389122.0,88471082.0
3003,健和興,上市,-391000.0,0.0,393.0,-390607.0,155654890.0
2390,云辰,上市,-392846.0,0.0,-2.0,-392848.0,192619442.0
2419,仲琦,上市,-383000.0,-2000.0,-10557.0,-395557.0,321317229.0
3665,貿聯-KY,上市,-124926.0,-246038.0,-27201.0,-398165.0,195078405.0
6472,保瑞,上市,-332003.0,0.0,-68387.0,-400390.0,128001570.0
2609,陽明,上市,-629319.0,-1000.0,228437.0,-401882.0,3492104270.0
1307,三芳,上市,-383000.0,0.0,-19898.0,-402898.0,397818126.0
2302,麗正,上市,-335840.0,0.0,-72392.0,-408232.0,166302881.0
2015,豐興,上市,-417000.0,0.0,259.0,-416741.0,581599424.0
6405,悅城,上市,-421382.0,0.0,-313.0,-421695.0,65800000.0
1519,華城,上市,-365145.0,-50647.0,-6735.0,-422527.0,315880844.0
3008,大立光,上市,-692711.0,196846.0,68538.0,-427327.0,130798197.0
2405,輔信,上市,-428000.0,0.0,-1000.0,-429000.0,343427303.0
2338,光罩,上市,-316662.0,0.0,-115686.0,-432348.0,366849183.0
2413,環科,上市,-437980.0,0.0,-1000.0,-438980.0,127359200.0
6164,華興,上市,-439709.0,0.0,0.0,-439709.0,80000000.0
2515,中工,上市,-491021.0,0.0,50698.0,-440323.0,1607904084.0
00963,中信全球高股息,上市,0.0,0.0,-443006.0,-443006.0,97933000.0
6962,奕力-KY,上市,-434555.0,5000.0,-15976.0,-445531.0,492396565.0
9941,裕融,上市,-29000.0,-417000.0,-5988.0,-451988.0,575636346.0
6909,創控,上市,-453000.0,0.0,0.0,-453000.0,67222200.0
00996A,主動兆豐台灣豐收,上市,-322000.0,0.0,-133786.0,-455786.0,322899000.0
6698,旭暉應材,上市,-458003.0,0.0,-192.0,-458195.0,66389753.0
2258,鴻華先進-創,上市,-475000.0,0.0,2962.0,-472038.0,1751076800.0
8210,勤誠,上市,-398191.0,-78000.0,2028.0,-474163.0,125319146.0
3046,建碁,上市,-275000.0,0.0,-202143.0,-477143.0,78448013.0
2328,廣宇,上市,-421000.0,0.0,-57316.0,-478316.0,518346282.0
2027,大成鋼,上市,-400208.0,0.0,-102461.0,-502669.0,2584260615.0
1310,台苯,上市,-525529.0,0.0,17998.0,-507531.0,527869764.0
6994,富威電力,上市,-512000.0,0.0,0.0,-512000.0,74162071.0
2495,普安,上市,-576219.0,-1000.0,53608.0,-523611.0,273551538.0
2009,第一銅,上市,-438000.0,0.0,-86570.0,-524570.0,359622165.0
5243,乙盛-KY,上市,-432928.0,0.0,-98705.0,-531633.0,168528915.0
8215,明基材,上市,-532667.0,-2000.0,583.0,-534084.0,320674514.0
4927,泰鼎-KY,上市,-550832.0,0.0,-1280.0,-552112.0,264937988.0
00635U,期元大S&P黃金,上市,292835.0,0.0,-851280.0,-558445.0,293514000.0
3504,揚明光,上市,-559870.0,0.0,0.0,-559870.0,114059785.0
6166,凌華,上市,-526721.0,0.0,-38000.0,-564721.0,217779257.0
6451,訊芯-KY,上市,-562161.0,1000.0,-9769.0,-570930.0,112077729.0
2345,智邦,上市,-309524.0,-369952.0,74288.0,-605188.0,561117897.0
1503,士電,上市,-562021.0,-14000.0,-31347.0,-607368.0,520972223.0
6189,豐藝,上市,-633404.0,0.0,5000.0,-628404.0,263779657.0
3026,禾伸堂,上市,-528906.0,-107000.0,7374.0,-628532.0,165890318.0
1104,環泥,上市,-634900.0,0.0,0.0,-634900.0,686681816.0
6550,北極星藥業-KY,上市,-665000.0,0.0,0.0,-665000.0,894792688.0
8454,富邦媒,上市,-221374.0,-407000.0,-40484.0,-668858.0,264975275.0
2421,建準,上市,-632800.0,-3000.0,-41449.0,-677249.0,286943669.0
2349,錸德,上市,-687000.0,0.0,-5000.0,-692000.0,693679663.0
4142,國光生,上市,-703000.0,0.0,710.0,-702290.0,429507750.0
6541,泰福-KY,上市,-711975.0,0.0,-262.0,-712237.0,264986367.0
6695,芯鼎,上市,-691021.0,0.0,-29633.0,-720654.0,106477650.0
2353,宏碁,上市,-411699.0,-112000.0,-203871.0,-727570.0,3047853828.0
3033,威健,上市,-763355.0,-4142.0,38767.0,-728730.0,483590330.0
3028,增你強,上市,-711043.0,4000.0,-24860.0,-731903.0,237241193.0
1582,信錦,上市,-635000.0,-2000.0,-95507.0,-732507.0,144268604.0
2388,威盛,上市,-626368.0,24000.0,-141953.0,-744321.0,555954941.0
2362,藍天,上市,-748000.0,0.0,81.0,-747919.0,622263000.0
1905,華紙,上市,-703617.0,-5000.0,-41930.0,-750547.0,1102835316.0
3049,精金,上市,-749095.0,0.0,-6001.0,-755096.0,802010529.0
6168,宏齊,上市,-757367.0,0.0,-3000.0,-760367.0,205761801.0
2891,中信金,上市,2816275.0,-3125842.0,-468830.0,-778397.0,19676898381.0
8131,福懋科,上市,-892898.0,0.0,113447.0,-779451.0,442222223.0
6719,力智,上市,-817007.0,0.0,31779.0,-785228.0,105483989.0
3035,智原,上市,-419900.0,0.0,-366135.0,-786035.0,260550313.0
2481,強茂,上市,-8159647.0,7576000.0,-210517.0,-794164.0,382114927.0
5388,中磊,上市,-781713.0,0.0,-15004.0,-796717.0,304342542.0
2332,友訊,上市,-816047.0,0.0,4862.0,-811185.0,602170373.0
1809,中釉,上市,-818900.0,0.0,0.0,-818900.0,167041937.0
2379,瑞昱,上市,-829718.0,12578.0,-9834.0,-826974.0,515512641.0
2365,昆盈,上市,-825500.0,0.0,-3420.0,-828920.0,221528496.0
3717,聯嘉投控,上市,-817000.0,0.0,-20000.0,-837000.0,207845445.0
2484,希華,上市,-849855.0,0.0,-21755.0,-871610.0,159421022.0
1536,和大,上市,-867000.0,0.0,-12220.0,-879220.0,278959513.0
1795,美時,上市,-909000.0,-882.0,-4039.0,-913921.0,266873812.0
2376,技嘉,上市,-1417237.0,572000.0,-81474.0,-926711.0,669888886.0
3055,蔚華科,上市,-903010.0,0.0,-44840.0,-947850.0,114974918.0
2331,精英,上市,-964125.0,-5000.0,10895.0,-958230.0,557402968.0
4960,誠美材,上市,-1036100.0,0.0,67013.0,-969087.0,571705388.0
2357,華碩,上市,-1342062.0,402157.0,-40643.0,-980548.0,742760280.0
1909,榮成,上市,-1018020.0,0.0,20000.0,-998020.0,1327685727.0
8070,長華*,上市,-1009000.0,0.0,-11805.0,-1020805.0,725648455.0
00896,中信綠能及電動車,上市,-132000.0,0.0,-892109.0,-1024109.0,405880000.0
3550,聯穎,上市,-1016453.0,0.0,-11479.0,-1027932.0,107550000.0
1727,中華化,上市,-1005350.0,0.0,-31424.0,-1036774.0,128019559.0
4763,材料*-KY,上市,-941625.0,-9628.0,-99173.0,-1050426.0,989146670.0
2885,元大金,上市,12080594.0,-13233000.0,99889.0,-1052517.0,13331149946.0
3051,力特,上市,-1039361.0,0.0,-14172.0,-1053533.0,167000000.0
2317,鴻海,上市,-2631772.0,1167885.0,393929.0,-1069958.0,14028648626.0
00913,兆豐台灣晶圓製造,上市,-361000.0,0.0,-718003.0,-1079003.0,36766000.0
2486,一詮,上市,-669452.0,-427000.0,-22476.0,-1118928.0,233958579.0
00752,中信中國50,上市,20666.0,0.0,-1166651.0,-1145985.0,298716000.0
3380,明泰,上市,-1115000.0,0.0,-32628.0,-1147628.0,541718460.0
3060,銘異,上市,-1168583.0,0.0,3000.0,-1165583.0,137563190.0
00648R,元大S&P500反1,上市,0.0,0.0,-1172802.0,-1172802.0,143688000.0
2367,燿華,上市,-1135094.0,0.0,-74193.0,-1209287.0,706253175.0
2308,台達電,上市,-137781.0,-1196501.0,84677.0,-1249605.0,2597543329.0
2882,國泰金,上市,-990440.0,78217.0,-361505.0,-1273728.0,14669210128.0
6456,GIS-KY,上市,-1161986.0,0.0,-119465.0,-1281451.0,337939800.0
00964,中信亞太高股息,上市,-21000.0,0.0,-1265154.0,-1286154.0,66124000.0
2457,飛宏,上市,-1209656.0,0.0,-86332.0,-1295988.0,424772416.0
1608,華榮,上市,-1237020.0,-13622.0,-49858.0,-1300500.0,632773506.0
3376,新日興,上市,-1230827.0,0.0,-109853.0,-1340680.0,195763822.0
2881,富邦金,上市,-627227.0,-568113.0,-155867.0,-1351207.0,14007364952.0
3048,益登,上市,-1308920.0,0.0,-47925.0,-1356845.0,269829794.0
2354,鴻準,上市,-1270000.0,-4000.0,-85771.0,-1359771.0,1414485192.0
1319,東陽,上市,3127595.0,-4695000.0,169709.0,-1397696.0,591477068.0
00954,中信日本半導體,上市,156927.0,0.0,-1560653.0,-1403726.0,100247000.0
3450,聯鈞,上市,-1517785.0,15000.0,16764.0,-1486021.0,145681382.0
3036,文曄,上市,-1171286.0,-274460.0,-44813.0,-1490559.0,1269148301.0
00708L,期元大S&P黃金正2,上市,201900.0,0.0,-1693543.0,-1491643.0,115573000.0
6269,台郡,上市,-1209476.0,0.0,-291515.0,-1500991.0,323831481.0
2351,順德,上市,-1697410.0,204000.0,-27963.0,-1521373.0,182140249.0
5522,遠雄,上市,128000.0,-231000.0,-1463000.0,-1566000.0,781596241.0
2489,瑞軒,上市,-1291430.0,7000.0,-322232.0,-1606662.0,610000000.0
6005,群益證,上市,3547091.0,-5154430.0,0.0,-1607339.0,2170908097.0
3094,聯傑,上市,-1596000.0,0.0,-37900.0,-1633900.0,83117089.0
4526,東台,上市,-1651771.0,0.0,11326.0,-1640445.0,254826461.0
9910,豐泰,上市,-1386990.0,-356247.0,99435.0,-1643802.0,987482831.0
1609,大亞,上市,-1591820.0,0.0,-57257.0,-1649077.0,785261944.0
2634,漢翔,上市,-1654500.0,0.0,-31740.0,-1686240.0,941867101.0
2385,群光,上市,-497044.0,-780004.0,-461325.0,-1738373.0,760053172.0
4739,康普,上市,-1736552.0,0.0,-14382.0,-1750934.0,124649269.0
00984A,主動安聯台灣高息,上市,-445000.0,0.0,-1337426.0,-1782426.0,481458000.0
1711,永光,上市,-1728011.0,0.0,-56050.0,-1784061.0,547752226.0
3019,亞光,上市,-1384543.0,0.0,-412208.0,-1796751.0,279243901.0
00685L,群益臺灣加權正2,上市,-39487.0,0.0,-1779908.0,-1819395.0,107639000.0
00941,中信上游半導體,上市,-175948.0,0.0,-1667037.0,-1842985.0,441291000.0
6278,台表科,上市,-1065762.0,-921000.0,105891.0,-1880871.0,292398353.0
1504,東元,上市,-1379982.0,-7000.0,-498522.0,-1885504.0,2376440684.0
2615,萬海,上市,-1596467.0,-177000.0,-116068.0,-1889535.0,2806146293.0
3702,大聯大,上市,-1038501.0,337000.0,-1232249.0,-1933750.0,1682278898.0
6209,今國光,上市,-1543131.0,0.0,-410109.0,-1953240.0,180501561.0
1514,亞力,上市,-1934809.0,-1000.0,-62293.0,-1998102.0,273108473.0
2605,新興,上市,-1688000.0,0.0,-343999.0,-2031999.0,585353297.0
00664R,國泰臺灣加權反1,上市,0.0,0.0,-2052002.0,-2052002.0,785575000.0
2460,建通,上市,-2053000.0,0.0,-1380.0,-2054380.0,169200000.0
8112,至上,上市,-1804000.0,-44914.0,-212352.0,-2061266.0,525291698.0
8261,富鼎,上市,-2096267.0,7000.0,-1191.0,-2090458.0,118878393.0
2023,燁輝,上市,-2126000.0,0.0,3218.0,-2122782.0,1841240214.0
00650L,復華香港正2,上市,41000.0,0.0,-2261751.0,-2220751.0,139338000.0
2851,中再保,上市,-2028828.0,1000.0,-216002.0,-2243830.0,800388750.0
6919,康霈*,上市,-2262823.0,0.0,-8769.0,-2271592.0,1557267860.0
2369,菱生,上市,-2171920.0,0.0,-177041.0,-2348961.0,380102344.0
2474,可成,上市,-1930070.0,-457916.0,32311.0,-2355675.0,538821068.0
2498,宏達電,上市,-1816274.0,-4000.0,-537175.0,-2357449.0,836065086.0
4915,致伸,上市,-2357031.0,214000.0,-309334.0,-2452365.0,471880824.0
00671R,富邦NASDAQ反1,上市,47000.0,0.0,-2507500.0,-2460500.0,545384000.0
3715,定穎投控,上市,-2339067.0,-3000.0,-120242.0,-2462309.0,283574584.0
3005,神基,上市,-2118027.0,214000.0,-588301.0,-2492328.0,624310150.0
2464,盟立,上市,-2415681.0,3000.0,-139623.0,-2552304.0,206431226.0
3576,聯合再生,上市,-2597981.0,0.0,-275.0,-2598256.0,1627795375.0
1605,華新,上市,-2541790.0,-19000.0,-99057.0,-2659847.0,4431332948.0
00676R,富邦臺灣加權反1,上市,-173000.0,0.0,-2586509.0,-2759509.0,172833683.0
2382,廣達,上市,-5590595.0,2864402.0,-52825.0,-2779018.0,3862627432.0
3673,TPK-KY,上市,-2310830.0,0.0,-524614.0,-2835444.0,406663759.0
5285,界霖,上市,-2915400.0,0.0,-47615.0,-2963015.0,102040926.0
2375,凱美,上市,-3105544.0,0.0,38269.0,-3067275.0,108675334.0
4906,正文,上市,-3058388.0,-5000.0,-82691.0,-3146079.0,434485057.0
3006,晶豪科,上市,-3044988.0,5000.0,-194339.0,-3234327.0,297285758.0
4919,新唐,上市,-1140179.0,-2007000.0,-215425.0,-3362604.0,419765268.0
3706,神達,上市,-3598710.0,-1000.0,-70266.0,-3669976.0,1327212468.0
0052,富邦科技,上市,-2194633.0,0.0,-1724760.0,-3919393.0,2552500000.0
2399,映泰,上市,-3931199.0,-2000.0,-4454.0,-3937653.0,178100000.0
00927,群益半導體收益,上市,-1816430.0,130000.0,-2350273.0,-4036703.0,811897000.0
1102,亞泥,上市,1336400.0,-6433856.0,1060705.0,-4036751.0,3546562881.0
00947,台新臺灣IC設計,上市,-1130009.0,0.0,-3033869.0,-4163878.0,242364000.0
8422,可寧衛*,上市,-4133900.0,-24000.0,-28049.0,-4185949.0,1357391830.0
00686R,群益臺灣加權反1,上市,0.0,0.0,-4220000.0,-4220000.0,191776000.0
6239,力成,上市,-2967492.0,223608.0,-1488066.0,-4231950.0,759146634.0
00738U,期元大道瓊白銀,上市,574140.0,0.0,-5019928.0,-4445788.0,247799000.0
2603,長榮,上市,-4230246.0,-283855.0,-23573.0,-4537674.0,2165042996.0
00406A,主動中信台灣收益,上市,196080.0,0.0,-4789821.0,-4593741.0,733562000.0
8926,台汽電,上市,-5740758.0,1127000.0,-6002.0,-4619760.0,830282000.0
2441,超豐,上市,-2532244.0,-1821000.0,-290856.0,-4644100.0,568845921.0
2371,大同,上市,-4557013.0,-4000.0,-220920.0,-4781933.0,2150834851.0
2426,鼎元,上市,-4814898.0,8000.0,-3753.0,-4810651.0,300622252.0
00753L,中信中國50正2,上市,294000.0,0.0,-5178096.0,-4884096.0,757657000.0
2301,光寶科,上市,-1291867.0,-3501588.0,-129470.0,-4922925.0,2316107763.0
00882,中信中國高股息,上市,128000.0,0.0,-5094479.0,-4966479.0,2026349000.0
3149,正達,上市,-5082875.0,0.0,-61835.0,-5144710.0,226233604.0
1313,聯成,上市,-5425371.0,0.0,101480.0,-5323891.0,1330846107.0
3714,富采,上市,-5369945.0,0.0,-240613.0,-5610558.0,737940460.0
3231,緯創,上市,-13679981.0,7671000.0,274816.0,-5734165.0,3180412250.0
3711,日月光投控,上市,235471.0,-5775444.0,-545711.0,-6085684.0,4470572282.0
1409,新纖,上市,-6164955.0,0.0,2497.0,-6162458.0,1618409286.0
2330,台積電,上市,-6103672.0,179060.0,-310438.0,-6235050.0,25932370067.0
9105,泰金寶-DR,上市,-6976490.0,0.0,545018.0,-6431472.0,1655366936.0
00984D,主動聯博全球非投,上市,125000.0,0.0,-6628000.0,-6503000.0,456057000.0
8105,凌巨,上市,-6433000.0,0.0,-75618.0,-6508618.0,441544851.0
2313,華通,上市,-6246691.0,2000.0,-738190.0,-6982881.0,1191820589.0
4958,臻鼎-KY,上市,-7349498.0,-337500.0,161058.0,-7525940.0,1070598156.0
2884,玉山金,上市,-30257446.0,22770000.0,-174016.0,-7661462.0,16174000000.0
00988A,主動統一全球創新,上市,-1018335.0,0.0,-7151732.0,-8170067.0,2782437000.0
00665L,富邦恒生國企正2,上市,-441000.0,0.0,-7957992.0,-8398992.0,571465000.0
2002,中鋼,上市,-9129577.0,-11000.0,-236205.0,-9376782.0,15734860997.0
00997A,主動群益美國增長,上市,395000.0,0.0,-10355927.0,-9960927.0,1029877000.0
2303,聯電,上市,11768117.0,-26375763.0,3926046.0,-10681600.0,12576984870.0
00400A,主動國泰動能高息,上市,-3102800.0,0.0,-8445427.0,-11548227.0,1595140000.0
00991A,主動復華未來50,上市,3682150.0,0.0,-18035019.0,-14352869.0,3332416000.0
9904,寶成,上市,-8839000.0,-5732000.0,-47000.0,-14618000.0,2946787213.0
6116,彩晶,上市,-14464397.0,35000.0,-417345.0,-14846742.0,2858654851.0
6282,康舒,上市,-13692086.0,-2000.0,-1393196.0,-15087282.0,856031294.0
00632R,元大台灣50反1,上市,-2700000.0,0.0,-15388724.0,-18088724.0,2367707730.0
2324,仁寶,上市,-17691267.0,-32000.0,-1266735.0,-18990002.0,4407146625.0
00953B,群益優選非投等債,上市,-23382000.0,0.0,3146464.0,-20235536.0,4270675000.0
8150,南茂,上市,-21119166.0,-2000.0,-1551173.0,-22672339.0,704523126.0
0050,元大台灣50,上市,-23490994.0,2150000.0,-5293767.0,-26634761.0,20491000000.0
2312,金寶,上市,-33120413.0,-3000.0,-1179529.0,-34302942.0,1505781211.0
00631L,元大台灣50正2,上市,2264690.0,0.0,-47676831.0,-45412141.0,6107348000.0
009816,凱基台灣TOP50,上市,6086465.0,0.0,-52177167.0,-46090702.0,10114344000.0
2337,旺宏,上市,-54162831.0,-4096000.0,-3093762.0,-61352593.0,1981308820.0
009821,野村稀土關鍵資源,上市,51850.0,0.0,-68998208.0,-68946358.0,752840000.0
6770,力積電,上市,-87947500.0,799000.0,-1757720.0,-88906220.0,4710019546.0
00407A,主動凱基台灣,上市,159200.0,0.0,-238802126.0,-238642926.0,1789239000.0
006201,元大富櫃50,上櫃,0.0,0.0,0.0,8044.0,0.0
00679B,元大美債20年,上櫃,0.0,0.0,0.0,26999045.0,0.0
00687B,國泰20年美債,上櫃,0.0,0.0,0.0,41090996.0,0.0
00687C,國泰20年美債+櫃U,上櫃,0.0,0.0,0.0,1000.0,0.0
00694B,富邦美債1-3,上櫃,0.0,0.0,0.0,47353.0,0.0
00695B,富邦美債7-10,上櫃,0.0,0.0,0.0,627.0,0.0
00696B,富邦美債20年,上櫃,0.0,0.0,0.0,918501.0,0.0
00697B,元大美債7-10,上櫃,0.0,0.0,0.0,43682.0,0.0
00719B,元大美債1-3,上櫃,0.0,0.0,0.0,1062606.0,0.0
00720B,元大投資級公司債,上櫃,0.0,0.0,0.0,10567650.0,0.0
00722B,群益投資級電信債,上櫃,0.0,0.0,0.0,620643.0,0.0
00723B,群益投資級科技債,上櫃,0.0,0.0,0.0,1822.0,0.0
00724B,群益投資級金融債,上櫃,0.0,0.0,0.0,299150.0,0.0
00725B,國泰投資級公司債,上櫃,0.0,0.0,0.0,2984824.0,0.0
00726B,國泰新興投等債,上櫃,0.0,0.0,0.0,77034.0,0.0
00727B,國泰優選非投等債,上櫃,0.0,0.0,0.0,16144.0,0.0
00734B,台新JPM新興債,上櫃,0.0,0.0,0.0,47316.0,0.0
00740B,富邦全球投等債,上櫃,0.0,0.0,0.0,523489.0,0.0
00741B,富邦全球非投等債,上櫃,0.0,0.0,0.0,27972.0,0.0
00746B,富邦A級公司債,上櫃,0.0,0.0,0.0,29835.0,0.0
00749B,凱基新興債10+,上櫃,0.0,0.0,0.0,2000.0,0.0
00750B,凱基科技債10+,上櫃,0.0,0.0,0.0,0.0,0.0
00751B,元大AAA至A公司債,上櫃,0.0,0.0,0.0,6168508.0,0.0
00754B,群益AAA-AA公司債,上櫃,0.0,0.0,0.0,21105.0,0.0
00755B,群益投資級公用債,上櫃,0.0,0.0,0.0,70357.0,0.0
00756B,群益投等新興公債,上櫃,0.0,0.0,0.0,112591.0,0.0
00758B,復華能源債,上櫃,0.0,0.0,0.0,29000.0,0.0
00759B,復華製藥債,上櫃,0.0,0.0,0.0,60190.0,0.0
00760B,復華新興企業債,上櫃,0.0,0.0,0.0,37630.0,0.0
00761B,國泰A級公司債,上櫃,0.0,0.0,0.0,212355.0,0.0
00764B,群益25年美債,上櫃,0.0,0.0,0.0,3467244.0,0.0
00768B,復華20年美債,上櫃,0.0,0.0,0.0,328723.0,0.0
00772B,中信高評級公司債,上櫃,0.0,0.0,0.0,4607776.0,0.0
00773B,中信優先金融債,上櫃,0.0,0.0,0.0,703736.0,0.0
00777B,凱基AAA至A公司債,上櫃,0.0,0.0,0.0,0.0,0.0
00778B,凱基金融債20+,上櫃,0.0,0.0,0.0,4000.0,0.0
00779B,凱基美債25+,上櫃,0.0,0.0,0.0,30000.0,0.0
00780B,國泰A級金融債,上櫃,0.0,0.0,0.0,22940.0,0.0
00781B,國泰A級科技債,上櫃,0.0,0.0,0.0,17035.0,0.0
00782B,國泰A級公用債,上櫃,0.0,0.0,0.0,398847.0,0.0
00785B,富邦金融投等債,上櫃,0.0,0.0,0.0,2048.0,0.0
00786B,元大10年IG銀行債,上櫃,0.0,0.0,0.0,26341.0,0.0
00787B,元大10年IG醫療債,上櫃,0.0,0.0,0.0,31940.0,0.0
00788B,元大10年IG電能債,上櫃,0.0,0.0,0.0,52339.0,0.0
00789B,復華公司債A3,上櫃,0.0,0.0,0.0,15974.0,0.0
00791B,復華信用債1-5,上櫃,0.0,0.0,0.0,100.0,0.0
00792B,群益A級公司債,上櫃,0.0,0.0,0.0,177000.0,0.0
00793B,群益AAA-A醫療債,上櫃,0.0,0.0,0.0,14094.0,0.0
00795B,中信美國公債20年,上櫃,0.0,0.0,0.0,7859545.0,0.0
00799B,國泰A級醫療債,上櫃,0.0,0.0,0.0,407229.0,0.0
00834B,第一金金融債10+,上櫃,0.0,0.0,0.0,0.0,0.0
00836B,永豐10年A公司債,上櫃,0.0,0.0,0.0,8874.0,0.0
00840B,凱基IG精選15+,上櫃,0.0,0.0,0.0,0.0,0.0
00841B,凱基AAA-AA公司債,上櫃,0.0,0.0,0.0,0.0,0.0
00842B,台新美元銀行債,上櫃,0.0,0.0,0.0,90000.0,0.0
00844B,新光15年IG金融債,上櫃,0.0,0.0,0.0,0.0,0.0
00845B,富邦新興投等債,上櫃,0.0,0.0,0.0,100.0,0.0
00846B,富邦歐洲銀行債,上櫃,0.0,0.0,0.0,1000.0,0.0
00847B,中信美國市政債,上櫃,0.0,0.0,0.0,13000.0,0.0
00848B,中信新興亞洲債,上櫃,0.0,0.0,0.0,0.0,0.0
00849B,中信EM主權債0-5,上櫃,0.0,0.0,0.0,1310.0,0.0
00853B,統一美債10年Aa-A,上櫃,0.0,0.0,0.0,68511.0,0.0
00857B,永豐20年美公債,上櫃,0.0,0.0,0.0,3519032.0,0.0
00858,永豐美國500大,上櫃,0.0,0.0,0.0,82125.0,0.0
00859B,群益0-1年美債,上櫃,0.0,0.0,0.0,-488657.0,0.0
00860B,群益1-5Y投資級債,上櫃,0.0,0.0,0.0,14950.0,0.0
00862B,中信投資級公司債,上櫃,0.0,0.0,0.0,79069.0,0.0
00863B,中信全球電信債,上櫃,0.0,0.0,0.0,2000.0,0.0
00864B,中信美國公債0-1,上櫃,0.0,0.0,0.0,-94000.0,0.0
00867B,新光A-BBB電信債,上櫃,0.0,0.0,0.0,-1946.0,0.0
00870B,元大15年EM主權債,上櫃,0.0,0.0,0.0,3059.0,0.0
00877,復華中國5G,上櫃,0.0,0.0,0.0,287986.0,0.0
00884B,中信低碳新興債,上櫃,0.0,0.0,0.0,3294.0,0.0
00886,永豐美國科技,上櫃,0.0,0.0,0.0,978.0,0.0
00887,永豐中國科技50大,上櫃,0.0,0.0,0.0,191533.0,0.0
00888,永豐台灣ESG,上櫃,0.0,0.0,0.0,-1950213.0,0.0
00890B,凱基ESG BBB債15+,上櫃,0.0,0.0,0.0,36000.0,0.0
00928,中信上櫃ESG 30,上櫃,0.0,0.0,0.0,-31658.0,0.0
00931B,統一美債20年,上櫃,0.0,0.0,0.0,3799165.0,0.0
00933B,國泰10Y+金融債,上櫃,0.0,0.0,0.0,11960301.0,0.0
00937B,群益ESG投等債20+,上櫃,0.0,0.0,0.0,114933770.0,0.0
00942B,台新美A公司債20+,上櫃,0.0,0.0,0.0,1338523.0,0.0
00948B,中信優息投資級債,上櫃,0.0,0.0,0.0,11008684.0,0.0
00950B,凱基A級公司債,上櫃,0.0,0.0,0.0,4684108.0,0.0
00955,中信日本商社,上櫃,0.0,0.0,0.0,2004662.0,0.0
00957B,兆豐US優選投等債,上櫃,0.0,0.0,0.0,1440039.0,0.0
00958B,永豐ESG銀行債15+,上櫃,0.0,0.0,0.0,1135426.0,0.0
00959B,大華投等美債15Y+,上櫃,0.0,0.0,0.0,1117836.0,0.0
00966B,統一ESG投等債15+,上櫃,0.0,0.0,0.0,853672.0,0.0
00967B,元大優息美債,上櫃,0.0,0.0,0.0,985783.0,0.0
00968B,元大優息投等債,上櫃,0.0,0.0,0.0,2549539.0,0.0
00969B,元大零息超長美債,上櫃,0.0,0.0,0.0,1115660.0,0.0
00970B,新光BBB投等債20+,上櫃,0.0,0.0,0.0,1564075.0,0.0
009806,台新標普500,上櫃,0.0,0.0,0.0,86377.0,0.0
009807,台新標普科技精選,上櫃,0.0,0.0,0.0,6859.0,0.0
00980B,台新特選IG債10+,上櫃,0.0,0.0,0.0,106739.0,0.0
00980D,主動聯博投等入息,上櫃,0.0,0.0,0.0,359012.0,0.0
00980T,平衡凱基美國TOP,上櫃,0.0,0.0,0.0,211665.0,0.0
009814,富邦標普500,上櫃,0.0,0.0,0.0,208000.0,0.0
009815,大華美國MAG7+,上櫃,0.0,0.0,0.0,3309556.0,0.0
00981B,第一金優選非投債,上櫃,0.0,0.0,0.0,1078680.0,0.0
00981D,主動中信非投等債,上櫃,0.0,0.0,0.0,1501735.0,0.0
009822,華南永昌未來金融,上櫃,0.0,0.0,0.0,914470.0,0.0
009823,群益S&P500,上櫃,0.0,0.0,0.0,30009269.0,0.0
00982B,FT投資級債20+,上櫃,0.0,0.0,0.0,42881.0,0.0
00983B,大華優利美公債20,上櫃,0.0,0.0,0.0,433171.0,0.0
00984B,大華優利美A債15,上櫃,0.0,0.0,0.0,2488753.0,0.0
00985D,主動貝萊德優投等,上櫃,0.0,0.0,0.0,-713373.0,0.0
00986B,FT金融債10+,上櫃,0.0,0.0,0.0,80080.0,0.0
00986D,主動復華金融債息,上櫃,0.0,0.0,0.0,555242.0,0.0
00987B,野村10+澳洲公債,上櫃,0.0,0.0,0.0,374439.0,0.0
00988B,玉山嚴選非投債,上櫃,0.0,0.0,0.0,-177049.0,0.0
00989B,台新美國非投等債,上櫃,0.0,0.0,0.0,195000.0,0.0
00998A,主動復華金融股息,上櫃,0.0,0.0,0.0,-2051844.0,0.0
020001,富邦存股雙十N,上櫃,0.0,0.0,0.0,7000.0,0.0
020025,統一亞洲半導體N,上櫃,0.0,0.0,0.0,25000.0,0.0
020027,元大上櫃ESG成長N,上櫃,0.0,0.0,0.0,57000.0,0.0
020033,統一恒生科期N,上櫃,0.0,0.0,0.0,-5000.0,0.0
020041,兆豐半導體氣候N,上櫃,0.0,0.0,0.0,-2000.0,0.0
1240,茂生農經,上櫃,0.0,0.0,0.0,-6000.0,46443992.0
1259,安心,上櫃,0.0,0.0,0.0,-2000.0,32389500.0
1264,德麥,上櫃,0.0,0.0,0.0,8910.0,37052367.0
1268,漢來美食,上櫃,0.0,0.0,0.0,1000.0,42223730.0
1294,漢田生技,上櫃,0.0,0.0,0.0,6000.0,36625875.0
1295,生合,上櫃,0.0,0.0,0.0,-14000.0,37599800.0
1336,台翰,上櫃,0.0,0.0,0.0,-15000.0,77614419.0
1565,精華,上櫃,0.0,0.0,0.0,49613.0,50416516.0
1569,濱川,上櫃,0.0,0.0,0.0,-201347.0,144247441.0
1570,力肯,上櫃,0.0,0.0,0.0,16944.0,51500839.0
1580,新麥,上櫃,0.0,0.0,0.0,18340.0,49339242.0
1584,精剛,上櫃,0.0,0.0,0.0,-728519.0,232470533.0
1586,和勤,上櫃,0.0,0.0,0.0,44000.0,129500467.0
1593,祺驊,上櫃,0.0,0.0,0.0,-1000.0,39784772.0
1595,川寶,上櫃,0.0,0.0,0.0,-79282.0,57554896.0
1599,宏佳騰,上櫃,0.0,0.0,0.0,-43000.0,73028764.0
1780,立弘,上櫃,0.0,0.0,0.0,-36334.0,109075173.0
1781,合世,上櫃,0.0,0.0,0.0,-2000.0,47407605.0
1784,訊聯,上櫃,0.0,0.0,0.0,-165791.0,53121191.0
1785,光洋科,上櫃,0.0,0.0,0.0,536471.0,595950743.0
1788,杏昌,上櫃,0.0,0.0,0.0,-2000.0,44520971.0
1796,金穎生技,上櫃,0.0,0.0,0.0,2994.0,41459793.0
1799,易威,上櫃,0.0,0.0,0.0,35000.0,248775894.0
1813,寶利徠,上櫃,0.0,0.0,0.0,-5000.0,46635510.0
1815,富喬,上櫃,0.0,0.0,0.0,3232356.0,585459487.0
2061,風青,上櫃,0.0,0.0,0.0,-34600.0,57378052.0
2063,世鎧,上櫃,0.0,0.0,0.0,-2000.0,48101453.0
2064,晉椿,上櫃,0.0,0.0,0.0,-6000.0,69330000.0
2066,世德,上櫃,0.0,0.0,0.0,22000.0,44449527.0
2067,嘉鋼,上櫃,0.0,0.0,0.0,-218.0,33858177.0
2070,精湛,上櫃,0.0,0.0,0.0,-95039.0,41782800.0
2221,大甲,上櫃,0.0,0.0,0.0,-266000.0,42325000.0
2230,泰茂,上櫃,0.0,0.0,0.0,3509.0,68029605.0
2235,謚源,上櫃,0.0,0.0,0.0,3000.0,35878000.0
2596,綠意,上櫃,0.0,0.0,0.0,-3000.0,100000000.0
2640,大車隊,上櫃,0.0,0.0,0.0,0.0,59264956.0
2641,正德,上櫃,0.0,0.0,0.0,57625.0,330333744.0
2643,捷迅,上櫃,0.0,0.0,0.0,36000.0,35000000.0
2718,全心投控,上櫃,0.0,0.0,0.0,-8000.0,87576000.0
2719,燦星旅,上櫃,0.0,0.0,0.0,14000.0,69182500.0
2726,雅茗-KY,上櫃,0.0,0.0,0.0,4859.0,37689817.0
2729,瓦城,上櫃,0.0,0.0,0.0,2000.0,43040783.0
2732,六角,上櫃,0.0,0.0,0.0,924.0,46518570.0
2734,易飛網,上櫃,0.0,0.0,0.0,56959.0,57259760.0
2736,富野,上櫃,0.0,0.0,0.0,3395.0,79972230.0
2743,山富,上櫃,0.0,0.0,0.0,6186.0,46815210.0
2745,五福,上櫃,0.0,0.0,0.0,180450.0,33808526.0
2752,豆府,上櫃,0.0,0.0,0.0,5000.0,26693861.0
2754,亞洲藏壽司,上櫃,0.0,0.0,0.0,-4000.0,46907000.0
2755,揚秦,上櫃,0.0,0.0,0.0,3239.0,46792491.0
2756,聯發國際,上櫃,0.0,0.0,0.0,2000.0,24597584.0
2916,滿心,上櫃,0.0,0.0,0.0,20000.0,64626878.0
2926,誠品生活,上櫃,0.0,0.0,0.0,0.0,47389650.0
2941,米斯特,上櫃,0.0,0.0,0.0,-1000.0,15390000.0
2949,欣新網,上櫃,0.0,0.0,0.0,1000.0,30641100.0
3066,李洲,上櫃,0.0,0.0,0.0,-34658.0,83070612.0
3071,協禧,上櫃,0.0,0.0,0.0,-432954.0,110000000.0
3073,天方能源,上櫃,0.0,0.0,0.0,-16000.0,39511028.0
3078,僑威,上櫃,0.0,0.0,0.0,-444001.0,227391064.0
3081,聯亞,上櫃,0.0,0.0,0.0,254531.0,101869004.0
3083,網龍,上櫃,0.0,0.0,0.0,16570.0,86486858.0
3086,華義*,上櫃,0.0,0.0,0.0,-32569.0,272710510.0
3088,艾訊,上櫃,0.0,0.0,0.0,290178.0,113011197.0
3093,港建*,上櫃,0.0,0.0,0.0,21019.0,145155576.0
3095,及成,上櫃,0.0,0.0,0.0,1000.0,14680000.0
3105,穩懋,上櫃,0.0,0.0,0.0,-4717743.0,423940384.0
3114,好德,上櫃,0.0,0.0,0.0,-320773.0,67722584.0
3115,富榮綱,上櫃,0.0,0.0,0.0,995.0,72197615.0
3118,進階,上櫃,0.0,0.0,0.0,5000.0,32452860.0
3122,笙泉,上櫃,0.0,0.0,0.0,-97243.0,40771918.0
3128,昇銳,上櫃,0.0,0.0,0.0,-155869.0,50156538.0
3131,弘塑,上櫃,0.0,0.0,0.0,-58048.0,29258927.0
3141,晶宏,上櫃,0.0,0.0,0.0,69.0,75460728.0
3147,大綜,上櫃,0.0,0.0,0.0,-88501.0,43686831.0
3158,嘉實,上櫃,0.0,0.0,0.0,1000.0,30665925.0
3162,精確,上櫃,0.0,0.0,0.0,52305.0,154153162.0
3163,波若威,上櫃,0.0,0.0,0.0,-316803.0,94635370.0
3169,亞信,上櫃,0.0,0.0,0.0,-32469.0,63306981.0
3171,炎洲流通,上櫃,0.0,0.0,0.0,-3000.0,33118158.0
3176,基亞,上櫃,0.0,0.0,0.0,34844.0,139306755.0
3178,公準,上櫃,0.0,0.0,0.0,-67000.0,45050000.0
3188,鑫龍騰,上櫃,0.0,0.0,0.0,30000.0,189087767.0
3191,雲嘉南,上櫃,0.0,0.0,0.0,13672.0,43597381.0
3205,佰研,上櫃,0.0,0.0,0.0,25000.0,67545631.0
3206,志豐,上櫃,0.0,0.0,0.0,1000.0,58916621.0
3207,耀勝,上櫃,0.0,0.0,0.0,-505634.0,66422124.0
3211,順達,上櫃,0.0,0.0,0.0,-1324619.0,154387021.0
3213,茂訊,上櫃,0.0,0.0,0.0,-248006.0,58685547.0
3217,優群,上櫃,0.0,0.0,0.0,1133357.0,90104203.0
3218,大學光,上櫃,0.0,0.0,0.0,2234.0,84724899.0
3219,倚強科,上櫃,0.0,0.0,0.0,-61364.0,71780880.0
3221,台嘉碩,上櫃,0.0,0.0,0.0,-24483.0,104989210.0
3224,三顧,上櫃,0.0,0.0,0.0,-25000.0,78172648.0
3226,龍鋒,上櫃,0.0,0.0,0.0,1000.0,64430573.0
3227,原相,上櫃,0.0,0.0,0.0,1579987.0,151912842.0
3228,金麗科,上櫃,0.0,0.0,0.0,-72141.0,71937495.0
3230,錦明,上櫃,0.0,0.0,0.0,-333166.0,86010900.0
3232,昱捷,上櫃,0.0,0.0,0.0,-3000.0,46567865.0
3234,光環,上櫃,0.0,0.0,0.0,-2083570.0,111474692.0
3236,千如,上櫃,0.0,0.0,0.0,1122881.0,105000613.0
3252,海灣,上櫃,0.0,0.0,0.0,1000.0,50195754.0
3259,鑫創,上櫃,0.0,0.0,0.0,1719.0,72965934.0
3260,威剛,上櫃,0.0,0.0,0.0,330690.0,336463418.0
3264,欣銓,上櫃,0.0,0.0,0.0,-371900.0,490170076.0
3265,台星科,上櫃,0.0,0.0,0.0,-236489.0,136261659.0
3268,海德威,上櫃,0.0,0.0,0.0,-18000.0,34720796.0
3272,東碩,上櫃,0.0,0.0,0.0,0.0,61176789.0
3276,宇環,上櫃,0.0,0.0,0.0,-8000.0,69712666.0
3284,太普高,上櫃,0.0,0.0,0.0,488245.0,108482473.0
3285,微端,上櫃,0.0,0.0,0.0,-19000.0,42735324.0
3287,廣寰科,上櫃,0.0,0.0,0.0,-28000.0,43970483.0
3288,點晶,上櫃,0.0,0.0,0.0,-10000.0,16380000.0
3289,宜特,上櫃,0.0,0.0,0.0,-320496.0,86746371.0
3290,東浦,上櫃,0.0,0.0,0.0,90668.0,90215034.0
3293,鈊象,上櫃,0.0,0.0,0.0,-160972.0,281801560.0
3294,英濟,上櫃,0.0,0.0,0.0,-301510.0,132015919.0
3297,杭特,上櫃,0.0,0.0,0.0,-207349.0,36049445.0
3303,岱稜,上櫃,0.0,0.0,0.0,-457379.0,94790607.0
3306,鼎天,上櫃,0.0,0.0,0.0,-37347.0,50607702.0
3310,佳穎,上櫃,0.0,0.0,0.0,-2000.0,74948402.0
3313,斐成,上櫃,0.0,0.0,0.0,10693.0,221133831.0
3317,尼克森,上櫃,0.0,0.0,0.0,-789230.0,90000000.0
3322,建舜電,上櫃,0.0,0.0,0.0,-242000.0,137582157.0
3323,加百裕,上櫃,0.0,0.0,0.0,-233889.0,99593385.0
3324,雙鴻,上櫃,0.0,0.0,0.0,-874676.0,93076837.0
3325,旭品,上櫃,0.0,0.0,0.0,-56000.0,110168610.0
3332,幸康,上櫃,0.0,0.0,0.0,-1000.0,48104246.0
3339,泰谷,上櫃,0.0,0.0,0.0,-332273.0,66568300.0
3349,寶德,上櫃,0.0,0.0,0.0,-11000.0,47821648.0
3354,律勝,上櫃,0.0,0.0,0.0,-70000.0,70112426.0
3357,臺慶科,上櫃,0.0,0.0,0.0,-481911.0,116385739.0
3360,尚立,上櫃,0.0,0.0,0.0,-1119784.0,76402244.0
3362,先進光,上櫃,0.0,0.0,0.0,956353.0,147445475.0
3363,上詮,上櫃,0.0,0.0,0.0,483135.0,113640567.0
3372,典範,上櫃,0.0,0.0,0.0,-537053.0,235324000.0
3373,熱映,上櫃,0.0,0.0,0.0,-11000.0,47618782.0
3374,精材,上櫃,0.0,0.0,0.0,570383.0,271364316.0
3379,彬台,上櫃,0.0,0.0,0.0,-52000.0,38041748.0
3388,崇越電,上櫃,0.0,0.0,0.0,-96235.0,81599825.0
3390,旭軟,上櫃,0.0,0.0,0.0,-249087.0,79329659.0
3402,漢科,上櫃,0.0,0.0,0.0,1141897.0,73047692.0
3430,奇鈦科,上櫃,0.0,0.0,0.0,-281815.0,33716085.0
3434,哲固,上櫃,0.0,0.0,0.0,-274396.0,35754740.0
3438,類比科,上櫃,0.0,0.0,0.0,-37031.0,47165815.0
3441,聯一光,上櫃,0.0,0.0,0.0,213349.0,40039920.0
3444,利機,上櫃,0.0,0.0,0.0,-79050.0,44996877.0
3455,由田,上櫃,0.0,0.0,0.0,-299007.0,59850750.0
3465,進泰電子,上櫃,0.0,0.0,0.0,-8000.0,42329862.0
3466,德晉,上櫃,0.0,0.0,0.0,-7878.0,77892073.0
3467,台灣精材,上櫃,0.0,0.0,0.0,-26000.0,31556569.0
3479,安勤,上櫃,0.0,0.0,0.0,-4260.0,72630164.0
3483,力致,上櫃,0.0,0.0,0.0,-56944.0,99049257.0
3484,崧騰,上櫃,0.0,0.0,0.0,-15206.0,78828189.0
3485,敘豐,上櫃,0.0,0.0,0.0,11000.0,38500850.0
3489,森寶,上櫃,0.0,0.0,0.0,48000.0,90452155.0
3490,單井,上櫃,0.0,0.0,0.0,39635.0,55006435.0
3491,昇達科,上櫃,0.0,0.0,0.0,-572404.0,68805125.0
3492,長盛,上櫃,0.0,0.0,0.0,-5000.0,35531600.0
3498,陽程,上櫃,0.0,0.0,0.0,-335234.0,61273008.0
3499,環天科,上櫃,0.0,0.0,0.0,-2454.0,54970596.0
3508,位速,上櫃,0.0,0.0,0.0,-88915.0,108866737.0
3511,矽瑪,上櫃,0.0,0.0,0.0,-33000.0,79972945.0
3512,皇龍,上櫃,0.0,0.0,0.0,2000.0,113072372.0
3516,亞帝歐,上櫃,0.0,0.0,0.0,21028.0,59560874.0
3520,華盈,上櫃,0.0,0.0,0.0,-36000.0,83846778.0
3521,台鋼建設,上櫃,0.0,0.0,0.0,10009.0,185765552.0
3522,御嵿,上櫃,0.0,0.0,0.0,-110001.0,104096209.0
3523,迎輝,上櫃,0.0,0.0,0.0,-7000.0,64257868.0
3526,凡甲,上櫃,0.0,0.0,0.0,-80233.0,66839477.0
3527,聚積,上櫃,0.0,0.0,0.0,76099.0,44445125.0
3529,力旺,上櫃,0.0,0.0,0.0,219128.0,74686492.0
3537,堡達,上櫃,0.0,0.0,0.0,-87084.0,56242979.0
3540,曜越,上櫃,0.0,0.0,0.0,-65039.0,84458548.0
3541,西柏,上櫃,0.0,0.0,0.0,-31000.0,56349142.0
3546,宇峻,上櫃,0.0,0.0,0.0,54027.0,61348690.0
3548,兆利,上櫃,0.0,0.0,0.0,-27477.0,68244175.0
3551,世禾,上櫃,0.0,0.0,0.0,4559.0,62274890.0
3552,同致,上櫃,0.0,0.0,0.0,39979.0,97918334.0
3555,博士旺,上櫃,0.0,0.0,0.0,-12430.0,39998797.0
3556,禾瑞亞,上櫃,0.0,0.0,0.0,-28646.0,63702844.0
3558,神準,上櫃,0.0,0.0,0.0,-29688.0,59060881.0
3564,其陽,上櫃,0.0,0.0,0.0,-16189.0,59123100.0
3567,逸昌,上櫃,0.0,0.0,0.0,64000.0,33954000.0
3570,大塚,上櫃,0.0,0.0,0.0,5000.0,17097000.0
3577,泓格,上櫃,0.0,0.0,0.0,-115488.0,63965653.0
3580,友威科,上櫃,0.0,0.0,0.0,-288587.0,39470657.0
3581,博磊,上櫃,0.0,0.0,0.0,-97562.0,51006000.0
3587,閎康,上櫃,0.0,0.0,0.0,-96065.0,69369988.0
3594,磐儀,上櫃,0.0,0.0,0.0,-34063.0,95948358.0
3597,映興,上櫃,0.0,0.0,0.0,1000.0,39236440.0
3609,三一東林,上櫃,0.0,0.0,0.0,-14000.0,38419387.0
3611,鼎翰,上櫃,0.0,0.0,0.0,3748.0,47554634.0
3615,安可,上櫃,0.0,0.0,0.0,-1087183.0,68466976.0
3623,富晶通,上櫃,0.0,0.0,0.0,-3386.0,29185946.0
3624,光頡,上櫃,0.0,0.0,0.0,320604.0,117340842.0
3625,西勝,上櫃,0.0,0.0,0.0,-21727.0,58100000.0
3628,盈正,上櫃,0.0,0.0,0.0,30473.0,45000000.0
3630,新鉅科,上櫃,0.0,0.0,0.0,-634080.0,204191848.0
3631,晟楠,上櫃,0.0,0.0,0.0,-11000.0,81820909.0
3632,研勤,上櫃,0.0,0.0,0.0,2000.0,22000000.0
3646,艾恩特,上櫃,0.0,0.0,0.0,0.0,39297371.0
3663,鑫科,上櫃,0.0,0.0,0.0,-159173.0,108494074.0
3666,光耀,上櫃,0.0,0.0,0.0,-6000.0,138949850.0
3672,康聯訊,上櫃,0.0,0.0,0.0,2000.0,40790375.0
3675,德微,上櫃,0.0,0.0,0.0,-101936.0,53057923.0
3680,家登,上櫃,0.0,0.0,0.0,22779.0,96211690.0
3684,榮昌,上櫃,0.0,0.0,0.0,-23000.0,30304737.0
3685,元創精密,上櫃,0.0,0.0,0.0,-11000.0,79574000.0
3687,歐買尬,上櫃,0.0,0.0,0.0,11000.0,30124059.0
3689,湧德,上櫃,0.0,0.0,0.0,124610.0,89390991.0
3691,碩禾,上櫃,0.0,0.0,0.0,-46245.0,91883420.0
3693,營邦,上櫃,0.0,0.0,0.0,55044.0,42990694.0
3707,漢磊,上櫃,0.0,0.0,0.0,-4889380.0,400484353.0
3709,鑫聯大投控,上櫃,0.0,0.0,0.0,-77516.0,145569450.0
3710,連展投控,上櫃,0.0,0.0,0.0,-78112.0,177086787.0
3713,新晶投控,上櫃,0.0,0.0,0.0,0.0,88099380.0
4102,永日,上櫃,0.0,0.0,0.0,-3000.0,42373443.0
4105,東洋,上櫃,0.0,0.0,0.0,164000.0,248649959.0
4107,邦特,上櫃,0.0,0.0,0.0,10596.0,69298336.0
4109,加捷生醫,上櫃,0.0,0.0,0.0,-4283.0,118736681.0
4111,濟生,上櫃,0.0,0.0,0.0,20013.0,59832135.0
4113,聯上,上櫃,0.0,0.0,0.0,-27000.0,231138137.0
4114,健喬,上櫃,0.0,0.0,0.0,-87610.0,550429688.0
4116,明基醫,上櫃,0.0,0.0,0.0,-4495.0,44566000.0
4120,友華,上櫃,0.0,0.0,0.0,0.0,86747119.0
4121,優盛,上櫃,0.0,0.0,0.0,2000.0,83111045.0
4123,晟德,上櫃,0.0,0.0,0.0,-848.0,807456341.0
4126,太醫,上櫃,0.0,0.0,0.0,-11000.0,72600000.0
4127,天良,上櫃,0.0,0.0,0.0,101000.0,45760000.0
4128,中天,上櫃,0.0,0.0,0.0,170164.0,588170597.0
4129,聯合,上櫃,0.0,0.0,0.0,8830.0,96437650.0
4130,健亞,上櫃,0.0,0.0,0.0,14945.0,0.0
4131,浩泰,上櫃,0.0,0.0,0.0,-631.0,39857000.0
4138,曜亞,上櫃,0.0,0.0,0.0,-152.0,39930000.0
4139,馬光-KY,上櫃,0.0,0.0,0.0,-1000.0,45009911.0
4147,中裕,上櫃,0.0,0.0,0.0,-8504.0,273202425.0
4153,鈺緯,上櫃,0.0,0.0,0.0,-4000.0,58668197.0
4157,太景*-KY,上櫃,0.0,0.0,0.0,-54584.0,711833575.0
4160,訊聯基因,上櫃,0.0,0.0,0.0,4000.0,26690334.0
4161,聿新科,上櫃,0.0,0.0,0.0,0.0,59798204.0
4162,智擎,上櫃,0.0,0.0,0.0,-68001.0,143677640.0
4163,鐿鈦,上櫃,0.0,0.0,0.0,-1096.0,50675143.0
4166,友霖,上櫃,0.0,0.0,0.0,103000.0,243035089.0
4167,松瑞藥,上櫃,0.0,0.0,0.0,100657.0,331554307.0
4168,醣聯,上櫃,0.0,0.0,0.0,34000.0,112521318.0
4171,瑞基,上櫃,0.0,0.0,0.0,-8334.0,58057469.0
4173,久裕,上櫃,0.0,0.0,0.0,-4000.0,74574355.0
4174,浩鼎,上櫃,0.0,0.0,0.0,-187266.0,131579687.0
4188,安克,上櫃,0.0,0.0,0.0,8000.0,63332900.0
4198,欣大健康,上櫃,0.0,0.0,0.0,-1000.0,24108000.0
4205,中華食,上櫃,0.0,0.0,0.0,1000.0,97649228.0
4207,環泰,上櫃,0.0,0.0,0.0,13000.0,188611108.0
4303,信立,上櫃,0.0,0.0,0.0,-84611.0,132447444.0
4304,勝昱,上櫃,0.0,0.0,0.0,2000.0,61038065.0
4401,東隆興,上櫃,0.0,0.0,0.0,-22000.0,122692012.0
4402,郡都開發,上櫃,0.0,0.0,0.0,998.0,67991830.0
4406,新昕纖,上櫃,0.0,0.0,0.0,-1000.0,51912000.0
4413,飛寶企業,上櫃,0.0,0.0,0.0,1000.0,31314689.0
4416,三圓,上櫃,0.0,0.0,0.0,-254000.0,73586213.0
4417,金洲,上櫃,0.0,0.0,0.0,28000.0,83971399.0
4419,皇家美食,上櫃,0.0,0.0,0.0,983.0,169163133.0
4420,光明,上櫃,0.0,0.0,0.0,7001.0,40455000.0
4430,耀億,上櫃,0.0,0.0,0.0,-3000.0,56273609.0
4432,銘旺實,上櫃,0.0,0.0,0.0,2000.0,50589000.0
4433,興采,上櫃,0.0,0.0,0.0,-4000.0,61299774.0
4502,健信,上櫃,0.0,0.0,0.0,5000.0,57469686.0
4503,金雨,上櫃,0.0,0.0,0.0,-37040.0,78313326.0
4506,崇友,上櫃,0.0,0.0,0.0,60400.0,177012000.0
4510,高鋒,上櫃,0.0,0.0,0.0,-380840.0,108977724.0
4513,福裕,上櫃,0.0,0.0,0.0,18866.0,143761921.0
4523,永彰,上櫃,0.0,0.0,0.0,3000.0,64949000.0
4527,方土霖,上櫃,0.0,0.0,0.0,-1000.0,68537133.0
4528,江興鍛,上櫃,0.0,0.0,0.0,1000.0,84165695.0
4529,淳紳,上櫃,0.0,0.0,0.0,-7122.0,84549096.0
4530,宏易,上櫃,0.0,0.0,0.0,0.0,35794959.0
4533,協易機,上櫃,0.0,0.0,0.0,-397677.0,178434110.0
4534,慶騰,上櫃,0.0,0.0,0.0,-1662.0,86788948.0
4535,至興,上櫃,0.0,0.0,0.0,-4000.0,75661740.0
4538,大詠城,上櫃,0.0,0.0,0.0,6000.0,59469604.0
4541,晟田,上櫃,0.0,0.0,0.0,16228.0,67647068.0
4542,科嶠,上櫃,0.0,0.0,0.0,-39050.0,35254258.0
4543,萬在,上櫃,0.0,0.0,0.0,-18980.0,62760915.0
4549,桓達,上櫃,0.0,0.0,0.0,11646.0,57002445.0
4550,長佳,上櫃,0.0,0.0,0.0,-2000.0,37838783.0
4554,橙的,上櫃,0.0,0.0,0.0,27385.0,30276584.0
4556,旭然,上櫃,0.0,0.0,0.0,-3782.0,42302840.0
4558,寶緯,上櫃,0.0,0.0,0.0,-1000.0,50000000.0
4561,健椿,上櫃,0.0,0.0,0.0,-8291.0,58521619.0
4563,百德,上櫃,0.0,0.0,0.0,-6046.0,54950000.0
4568,科際精密,上櫃,0.0,0.0,0.0,-1000.0,32045125.0
4577,達航科技,上櫃,0.0,0.0,0.0,-203517.0,49137998.0
4580,捷流閥業,上櫃,0.0,0.0,0.0,0.0,46803109.0
4702,中美實,上櫃,0.0,0.0,0.0,9910.0,72333200.0
4706,大恭,上櫃,0.0,0.0,0.0,2000.0,79030093.0
4707,磐亞,上櫃,0.0,0.0,0.0,148012.0,413808151.0
4711,永純,上櫃,0.0,0.0,0.0,10000.0,61056000.0
4714,永捷,上櫃,0.0,0.0,0.0,-259000.0,221838188.0
4716,大立,上櫃,0.0,0.0,0.0,389953.0,94427191.0
4721,美琪瑪,上櫃,0.0,0.0,0.0,-443253.0,74986304.0
4726,永昕,上櫃,0.0,0.0,0.0,-98040.0,207041800.0
4728,雙美,上櫃,0.0,0.0,0.0,-1000.0,54463000.0
4729,熒茂,上櫃,0.0,0.0,0.0,-56001.0,79226741.0
4735,豪展,上櫃,0.0,0.0,0.0,0.0,41568758.0
4741,泓瀚,上櫃,0.0,0.0,0.0,-224170.0,34812079.0
4743,合一,上櫃,0.0,0.0,0.0,297150.0,480533486.0
4744,皇將,上櫃,0.0,0.0,0.0,-9044.0,56948450.0
4745,合富-KY,上櫃,0.0,0.0,0.0,5000.0,66220547.0
4747,強生,上櫃,0.0,0.0,0.0,-14000.0,90922064.0
4749,新應材,上櫃,0.0,0.0,0.0,-66950.0,94732865.0
4754,國碳科,上櫃,0.0,0.0,0.0,2000.0,30283215.0
4760,勤凱,上櫃,0.0,0.0,0.0,241009.0,32778289.0
4768,晶呈科技,上櫃,0.0,0.0,0.0,-234216.0,48200288.0
4772,台特化,上櫃,0.0,0.0,0.0,25755.0,147681552.0
4806,桂田文創,上櫃,0.0,0.0,0.0,-7.0,69924107.0
4903,聯光通,上櫃,0.0,0.0,0.0,536300.0,105343714.0
4905,台聯電,上櫃,0.0,0.0,0.0,-8000.0,29260044.0
4907,富宇,上櫃,0.0,0.0,0.0,11000.0,118145778.0
4908,前鼎,上櫃,0.0,0.0,0.0,-471766.0,78216907.0
4909,新復興,上櫃,0.0,0.0,0.0,-13669.0,93356864.0
4911,德英,上櫃,0.0,0.0,0.0,3000.0,68817133.0
4923,力士,上櫃,0.0,0.0,0.0,-28000.0,36940360.0
4924,欣厚-KY,上櫃,0.0,0.0,0.0,-44000.0,37164409.0
4931,新盛力,上櫃,0.0,0.0,0.0,-248523.0,65565761.0
4933,友輝,上櫃,0.0,0.0,0.0,30019.0,82662675.0
4939,亞電,上櫃,0.0,0.0,0.0,-309214.0,98200868.0
4946,辣椒,上櫃,0.0,0.0,0.0,5880.0,8852816.0
4951,精拓科,上櫃,0.0,0.0,0.0,-223973.0,34148713.0
4953,緯軟,上櫃,0.0,0.0,0.0,-180456.0,74326386.0
4966,譜瑞-KY,上櫃,0.0,0.0,0.0,-237373.0,78957788.0
4971,IET-KY,上櫃,0.0,0.0,0.0,4767.0,47185743.0
4972,湯石照明,上櫃,0.0,0.0,0.0,3859.0,56888587.0
4973,廣穎,上櫃,0.0,0.0,0.0,-444151.0,65292843.0
4974,亞泰,上櫃,0.0,0.0,0.0,24570.0,72500104.0
4979,華星光,上櫃,0.0,0.0,0.0,377436.0,142802027.0
4991,環宇-KY,上櫃,0.0,0.0,0.0,118396.0,121363372.0
4995,晶達,上櫃,0.0,0.0,0.0,-6000.0,42592036.0
5009,榮剛,上櫃,0.0,0.0,0.0,-1868347.0,602471197.0
5011,久陽,上櫃,0.0,0.0,0.0,-186230.0,100673922.0
5013,強新,上櫃,0.0,0.0,0.0,3000.0,133416000.0
5014,建錩,上櫃,0.0,0.0,0.0,-14001.0,183265054.0
5015,華祺,上櫃,0.0,0.0,0.0,6000.0,60639189.0
5016,松和,上櫃,0.0,0.0,0.0,1000.0,49622076.0
5201,凱衛,上櫃,0.0,0.0,0.0,19001.0,38674600.0
5202,力新,上櫃,0.0,0.0,0.0,-32685.0,89094000.0
5206,坤悅,上櫃,0.0,0.0,0.0,-13000.0,180093375.0
5209,新鼎,上櫃,0.0,0.0,0.0,-8000.0,28567224.0
5210,寶碩,上櫃,0.0,0.0,0.0,630181.0,82177779.0
5211,蒙恬,上櫃,0.0,0.0,0.0,6000.0,32024727.0
5213,亞昕,上櫃,0.0,0.0,0.0,45000.0,721334326.0
5220,萬達光電,上櫃,0.0,0.0,0.0,-10000.0,39667000.0
5223,安力-KY,上櫃,0.0,0.0,0.0,-7000.0,44549781.0
5227,立凱-KY,上櫃,0.0,0.0,0.0,37000.0,96000000.0
5228,鈺鎧,上櫃,0.0,0.0,0.0,-114270.0,38056253.0
5230,雷笛克光學,上櫃,0.0,0.0,0.0,509941.0,56303831.0
5236,凌陽創新,上櫃,0.0,0.0,0.0,19969.0,0.0
5245,智晶,上櫃,0.0,0.0,0.0,-52000.0,45127141.0
5251,天鉞電,上櫃,0.0,0.0,0.0,-164691.0,33733377.0
5263,智崴,上櫃,0.0,0.0,0.0,10000.0,78936891.0
5272,笙科,上櫃,0.0,0.0,0.0,-71174.0,55276118.0
5274,信驊,上櫃,0.0,0.0,0.0,-70996.0,41582953.0
5276,達輝-KY,上櫃,0.0,0.0,0.0,1000.0,39500000.0
5278,尚凡*,上櫃,0.0,0.0,0.0,13000.0,300000000.0
5287,數字,上櫃,0.0,0.0,0.0,17380.0,60310050.0
5289,宜鼎,上櫃,0.0,0.0,0.0,-770880.0,98289931.0
5291,邑昇,上櫃,0.0,0.0,0.0,-2043.0,41890606.0
5299,杰力,上櫃,0.0,0.0,0.0,-207771.0,50888981.0
5302,太欣,上櫃,0.0,0.0,0.0,-738400.0,159888349.0
5309,系統電,上櫃,0.0,0.0,0.0,-1053932.0,230967451.0
5310,天剛,上櫃,0.0,0.0,0.0,1000.0,28943517.0
5312,寶島科,上櫃,0.0,0.0,0.0,-61000.0,60059898.0
5314,世紀*,上櫃,0.0,0.0,0.0,-97280.0,292000000.0
5315,光聯,上櫃,0.0,0.0,0.0,-26013.0,106351832.0
5324,士開,上櫃,0.0,0.0,0.0,22000.0,226379090.0
5328,華容,上櫃,0.0,0.0,0.0,2889938.0,172710724.0
5340,建榮,上櫃,0.0,0.0,0.0,-293241.0,194893964.0
5344,立衛,上櫃,0.0,0.0,0.0,19000.0,79447460.0
5347,世界,上櫃,0.0,0.0,0.0,-1881537.0,1878502192.0
5351,鈺創,上櫃,0.0,0.0,0.0,-446188.0,328636781.0
5353,台林,上櫃,0.0,0.0,0.0,54060.0,76500000.0
5355,佳總,上櫃,0.0,0.0,0.0,798.0,77500000.0
5356,協益,上櫃,0.0,0.0,0.0,2000.0,103040000.0
5364,力麗店,上櫃,0.0,0.0,0.0,-8559.0,63849940.0
5371,中光電,上櫃,0.0,0.0,0.0,-3066470.0,0.0
5381,光譜,上櫃,0.0,0.0,0.0,-401559.0,207690562.0
5386,青雲,上櫃,0.0,0.0,0.0,331795.0,54121322.0
5392,能率,上櫃,0.0,0.0,0.0,903884.0,180093388.0
5398,慕康生醫,上櫃,0.0,0.0,0.0,-5000.0,49465460.0
5403,中菲,上櫃,0.0,0.0,0.0,-3960.0,78120722.0
5410,國眾,上櫃,0.0,0.0,0.0,32109.0,93368623.0
5425,台半,上櫃,0.0,0.0,0.0,-2818007.0,263485486.0
5426,振發,上櫃,0.0,0.0,0.0,30189.0,143800000.0
5432,新門,上櫃,0.0,0.0,0.0,-89960.0,20687804.0
5438,東友,上櫃,0.0,0.0,0.0,44452.0,112536565.0
5439,高技,上櫃,0.0,0.0,0.0,-258941.0,92975752.0
5443,均豪,上櫃,0.0,0.0,0.0,-369074.0,164746644.0
5450,南良,上櫃,0.0,0.0,0.0,-7000.0,122403239.0
5452,佶優,上櫃,0.0,0.0,0.0,-583253.0,148763669.0
5455,昇益,上櫃,0.0,0.0,0.0,1000.0,65501813.0
5457,宣德,上櫃,0.0,0.0,0.0,-237463.0,196237000.0
5460,同協,上櫃,0.0,0.0,0.0,-27000.0,58778130.0
5464,霖宏,上櫃,0.0,0.0,0.0,253994.0,71071490.0
5465,富驊,上櫃,0.0,0.0,0.0,-47556.0,147682629.0
5468,凱鈺,上櫃,0.0,0.0,0.0,57430.0,58922909.0
5474,聰泰,上櫃,0.0,0.0,0.0,29246.0,39756944.0
5475,德宏,上櫃,0.0,0.0,0.0,25015.0,127127017.0
5478,智冠,上櫃,0.0,0.0,0.0,41430.0,156074332.0
5481,新華,上櫃,0.0,0.0,0.0,-20000.0,71402891.0
5483,中美晶,上櫃,0.0,0.0,0.0,452442.0,641221651.0
5487,通泰,上櫃,0.0,0.0,0.0,10000.0,24222516.0
5488,松普,上櫃,0.0,0.0,0.0,-12000.0,91586124.0
5489,彩富,上櫃,0.0,0.0,0.0,-58000.0,102706441.0
5490,同亨,上櫃,0.0,0.0,0.0,297821.0,96152201.0
5493,三聯,上櫃,0.0,0.0,0.0,295833.0,43689255.0
5498,凱崴,上櫃,0.0,0.0,0.0,-352257.0,193548545.0
5508,永信建,上櫃,0.0,0.0,0.0,63558.0,217428133.0
5511,德昌,上櫃,0.0,0.0,0.0,23000.0,136000000.0
5512,力麒,上櫃,0.0,0.0,0.0,331004.0,766312494.0
5523,豐謙,上櫃,0.0,0.0,0.0,-1000.0,155001464.0
5529,鉅陞,上櫃,0.0,0.0,0.0,2000.0,105769350.0
5530,龍巖,上櫃,0.0,0.0,0.0,-128082.0,420084199.0
5536,聖暉*,上櫃,0.0,0.0,0.0,105490.0,124080930.0
5543,桓鼎-KY,上櫃,0.0,0.0,0.0,-6000.0,46703593.0
5547,久舜,上櫃,0.0,0.0,0.0,-3000.0,51000000.0
5548,安倉,上櫃,0.0,0.0,0.0,-4000.0,63723065.0
5603,陸海,上櫃,0.0,0.0,0.0,18031.0,104876607.0
5604,中連,上櫃,0.0,0.0,0.0,-3000.0,108782968.0
5609,中菲行,上櫃,0.0,0.0,0.0,0.0,142884000.0
5701,劍湖山,上櫃,0.0,0.0,0.0,22001.0,143000000.0
5704,老爺知,上櫃,0.0,0.0,0.0,2000.0,58861658.0
5864,致和證,上櫃,0.0,0.0,0.0,-832000.0,504490084.0
5902,德記,上櫃,0.0,0.0,0.0,-1244.0,94500000.0
5903,全家,上櫃,0.0,0.0,0.0,6986.0,223220000.0
5904,寶雅,上櫃,0.0,0.0,0.0,70367.0,1064438260.0
5905,南仁湖,上櫃,0.0,0.0,0.0,-9343.0,281623235.0
6015,宏遠證,上櫃,0.0,0.0,0.0,43610.0,403614082.0
6016,康和證,上櫃,0.0,0.0,0.0,-924000.0,772419946.0
6020,大展證,上櫃,0.0,0.0,0.0,0.0,252353154.0
6021,美好證,上櫃,0.0,0.0,0.0,-45180.0,312005974.0
6023,元大期,上櫃,0.0,0.0,0.0,215000.0,447972732.0
6026,福邦證,上櫃,0.0,0.0,0.0,-1840000.0,396161841.0
6028,公勝保經,上櫃,0.0,0.0,0.0,-3000.0,25000000.0
6101,寬魚國際,上櫃,0.0,0.0,0.0,-194000.0,116601850.0
6103,合邦,上櫃,0.0,0.0,0.0,122.0,13604891.0
6104,創惟,上櫃,0.0,0.0,0.0,-796119.0,91127107.0
6109,亞元,上櫃,0.0,0.0,0.0,11000.0,87825414.0
6111,光聚晶電,上櫃,0.0,0.0,0.0,40531.0,108511051.0
6113,亞矽,上櫃,0.0,0.0,0.0,-58695.0,52549455.0
6114,久威,上櫃,0.0,0.0,0.0,1000.0,43911937.0
6118,建達,上櫃,0.0,0.0,0.0,-70345.0,90889573.0
6121,新普,上櫃,0.0,0.0,0.0,11232.0,184970519.0
6122,擎邦,上櫃,0.0,0.0,0.0,59179.0,78091632.0
6123,上奇,上櫃,0.0,0.0,0.0,7664.0,62089430.0
6124,業強,上櫃,0.0,0.0,0.0,-15000.0,182479945.0
6125,廣運,上櫃,0.0,0.0,0.0,-113934.0,259011150.0
6126,信音,上櫃,0.0,0.0,0.0,317061.0,130050754.0
6127,九豪,上櫃,0.0,0.0,0.0,59220.0,108079751.0
6129,普誠,上櫃,0.0,0.0,0.0,-635616.0,160574120.0
6130,上亞科技,上櫃,0.0,0.0,0.0,-40000.0,49300000.0
6134,萬旭,上櫃,0.0,0.0,0.0,204829.0,81882117.0
6138,茂達,上櫃,0.0,0.0,0.0,-130845.0,75633500.0
6140,訊達,上櫃,0.0,0.0,0.0,-30604.0,54897760.0
6143,振曜,上櫃,0.0,0.0,0.0,-112112.0,86058897.0
6146,耕興,上櫃,0.0,0.0,0.0,82100.0,101867199.0
6147,頎邦,上櫃,0.0,0.0,0.0,-3730162.0,744577539.0
6148,驊宏資,上櫃,0.0,0.0,0.0,-2582.0,46603757.0
6150,撼訊,上櫃,0.0,0.0,0.0,-7345.0,48345985.0
6151,晉倫,上櫃,0.0,0.0,0.0,-62923.0,55257300.0
6154,順發,上櫃,0.0,0.0,0.0,0.0,80080000.0
6156,松上,上櫃,0.0,0.0,0.0,512314.0,107875010.0
6158,禾昌,上櫃,0.0,0.0,0.0,0.0,55028788.0
6160,欣技,上櫃,0.0,0.0,0.0,-2330.0,68489120.0
6161,捷波,上櫃,0.0,0.0,0.0,-13911.0,56237477.0
6163,華電網,上櫃,0.0,0.0,0.0,-96793.0,148838747.0
6167,久正,上櫃,0.0,0.0,0.0,-25164.0,143080000.0
6169,昱泉,上櫃,0.0,0.0,0.0,5000.0,23394960.0
6170,統振,上櫃,0.0,0.0,0.0,337730.0,97260038.0
6171,大城地產,上櫃,0.0,0.0,0.0,3000.0,100000000.0
6173,信昌電,上櫃,0.0,0.0,0.0,-21580.0,160928000.0
6174,安碁,上櫃,0.0,0.0,0.0,-228459.0,50000000.0
6175,立敦,上櫃,0.0,0.0,0.0,-838335.0,150121812.0
6179,亞通,上櫃,0.0,0.0,0.0,-137878.0,177324650.0
6180,橘子,上櫃,0.0,0.0,0.0,-700980.0,175493573.0
6182,合晶,上櫃,0.0,0.0,0.0,5740783.0,625305662.0
6185,幃翔,上櫃,0.0,0.0,0.0,19574.0,149867531.0
6186,新潤,上櫃,0.0,0.0,0.0,562807.0,194907598.0
6187,萬潤,上櫃,0.0,0.0,0.0,-138483.0,98262739.0
6188,廣明,上櫃,0.0,0.0,0.0,-175332.0,278358910.0
6190,萬泰科,上櫃,0.0,0.0,0.0,-268473.0,186522441.0
6194,育富,上櫃,0.0,0.0,0.0,-1000.0,48000000.0
6195,詩肯,上櫃,0.0,0.0,0.0,6000.0,50192942.0
6199,天品,上櫃,0.0,0.0,0.0,-90046.0,61760018.0
6203,海韻電,上櫃,0.0,0.0,0.0,-3050.0,82401370.0
6204,艾華,上櫃,0.0,0.0,0.0,37621.0,23102080.0
6207,雷科,上櫃,0.0,0.0,0.0,-176792.0,93066484.0
6208,日揚,上櫃,0.0,0.0,0.0,-272036.0,94462343.0
6210,慶生,上櫃,0.0,0.0,0.0,8000.0,35048000.0
6212,理銘,上櫃,0.0,0.0,0.0,-1000.0,102000000.0
6217,中探針,上櫃,0.0,0.0,0.0,-425859.0,117210018.0
6218,豪勉,上櫃,0.0,0.0,0.0,86880.0,64262000.0
6219,富旺,上櫃,0.0,0.0,0.0,139050.0,124967090.0
6220,岳豐,上櫃,0.0,0.0,0.0,46012.0,146462640.0
6221,晉泰,上櫃,0.0,0.0,0.0,-4000.0,168601206.0
6222,立軒,上櫃,0.0,0.0,0.0,-2000.0,95688878.0
6223,旺矽,上櫃,0.0,0.0,0.0,-182731.0,97981309.0
6227,茂綸,上櫃,0.0,0.0,0.0,75655.0,76111786.0
6228,全譜,上櫃,0.0,0.0,0.0,-5986.0,29000000.0
6229,研通,上櫃,0.0,0.0,0.0,-21000.0,40360700.0
6231,系微,上櫃,0.0,0.0,0.0,51315.0,45652186.0
6233,旺玖,上櫃,0.0,0.0,0.0,-185000.0,80971896.0
6234,高僑,上櫃,0.0,0.0,0.0,-559380.0,100386398.0
6237,驊訊,上櫃,0.0,0.0,0.0,-371523.0,79645371.0
6241,鑫永洋,上櫃,0.0,0.0,0.0,26999.0,45533670.0
6244,茂迪,上櫃,0.0,0.0,0.0,-167577.0,387041875.0
6245,立端,上櫃,0.0,0.0,0.0,-16471.0,146608303.0
6246,臺龍,上櫃,0.0,0.0,0.0,90074.0,37851415.0
6248,沛波,上櫃,0.0,0.0,0.0,6000.0,99956149.0
6259,百徽,上櫃,0.0,0.0,0.0,-50021.0,28056146.0
6261,久元,上櫃,0.0,0.0,0.0,-451905.0,128497989.0
6263,普萊德,上櫃,0.0,0.0,0.0,-434095.0,62500964.0
6265,方土昶,上櫃,0.0,0.0,0.0,-972375.0,118172151.0
6266,泰詠,上櫃,0.0,0.0,0.0,40000.0,153871641.0
6270,倍微,上櫃,0.0,0.0,0.0,708433.0,72145759.0
6274,台燿,上櫃,0.0,0.0,0.0,-534957.0,299460093.0
6275,元山,上櫃,0.0,0.0,0.0,-91918.0,80344567.0
6276,安鈦克,上櫃,0.0,0.0,0.0,-10000.0,22043000.0
6279,胡連,上櫃,0.0,0.0,0.0,-50012.0,119015736.0
6284,佳邦,上櫃,0.0,0.0,0.0,474488.0,148980341.0
6290,良維,上櫃,0.0,0.0,0.0,-302635.0,169652410.0
6291,沛亨,上櫃,0.0,0.0,0.0,111378.0,42000000.0
6292,迅德,上櫃,0.0,0.0,0.0,-66930.0,46600712.0
6294,智基,上櫃,0.0,0.0,0.0,2000.0,26047106.0
6411,晶焱,上櫃,0.0,0.0,0.0,-179883.0,99508031.0
6417,韋僑,上櫃,0.0,0.0,0.0,23021.0,42274000.0
6418,詠昇,上櫃,0.0,0.0,0.0,6000.0,34522000.0
6419,京晨科,上櫃,0.0,0.0,0.0,-74000.0,13159170.0
6423,億而得,上櫃,0.0,0.0,0.0,-15000.0,31016000.0
6425,易發,上櫃,0.0,0.0,0.0,-85476.0,51382317.0
6432,今展科,上櫃,0.0,0.0,0.0,-141588.0,38784067.0
6435,大中,上櫃,0.0,0.0,0.0,-162048.0,37461300.0
6441,廣錠,上櫃,0.0,0.0,0.0,4998.0,53318429.0
6461,益得,上櫃,0.0,0.0,0.0,12994.0,110324527.0
6462,神盾,上櫃,0.0,0.0,0.0,-712284.0,91250754.0
6465,威潤,上櫃,0.0,0.0,0.0,6000.0,59073685.0
6469,大樹,上櫃,0.0,0.0,0.0,17089.0,159085152.0
6470,宇智,上櫃,0.0,0.0,0.0,30000.0,37694100.0
6474,華豫寧,上櫃,0.0,0.0,0.0,6000.0,52526199.0
6482,弘煜科,上櫃,0.0,0.0,0.0,-24000.0,28634463.0
6485,點序,上櫃,0.0,0.0,0.0,-191729.0,47366493.0
6486,互動,上櫃,0.0,0.0,0.0,29791.0,50893286.0
6488,環球晶,上櫃,0.0,0.0,0.0,215251.0,478113725.0
6492,生華科,上櫃,0.0,0.0,0.0,45886.0,114903620.0
6494,九齊,上櫃,0.0,0.0,0.0,-61274.0,31559690.0
6496,科懋,上櫃,0.0,0.0,0.0,-2000.0,47290220.0
6498,久禾光,上櫃,0.0,0.0,0.0,-48754.0,47475892.0
6499,益安,上櫃,0.0,0.0,0.0,-27521.0,96944893.0
6506,雙邦,上櫃,0.0,0.0,0.0,-8000.0,82360826.0
6508,惠光,上櫃,0.0,0.0,0.0,-41000.0,86538864.0
6509,聚和,上櫃,0.0,0.0,0.0,-72743.0,197080553.0
6510,精測,上櫃,0.0,0.0,0.0,-14567.0,32929138.0
6512,啟發電,上櫃,0.0,0.0,0.0,1000.0,25260000.0
6516,勤崴國際,上櫃,0.0,0.0,0.0,-14000.0,56336935.0
6517,保勝光學,上櫃,0.0,0.0,0.0,142891.0,30579053.0
6523,達爾膚,上櫃,0.0,0.0,0.0,-2000.0,45047625.0
6530,創威,上櫃,0.0,0.0,0.0,126727.0,33750000.0
6532,瑞耘,上櫃,0.0,0.0,0.0,26559.0,37445147.0
6535,順藥,上櫃,0.0,0.0,0.0,-43300.0,167840825.0
6538,倉和,上櫃,0.0,0.0,0.0,-72321.0,37270493.0
6542,隆中,上櫃,0.0,0.0,0.0,-2000.0,42000630.0
6546,正基,上櫃,0.0,0.0,0.0,-106230.0,66848449.0
6547,高端疫苗,上櫃,0.0,0.0,0.0,-215747.0,328943644.0
6548,長科*,上櫃,0.0,0.0,0.0,-4037021.0,950464700.0
6556,勝品,上櫃,0.0,0.0,0.0,-1000.0,28750000.0
6560,欣普羅,上櫃,0.0,0.0,0.0,-3000.0,33474715.0
6561,是方,上櫃,0.0,0.0,0.0,-5359.0,77958370.0
6568,宏觀,上櫃,0.0,0.0,0.0,-98454.0,30796200.0
6569,醫揚,上櫃,0.0,0.0,0.0,-2021.0,42820745.0
6570,維田,上櫃,0.0,0.0,0.0,47000.0,37119170.0
6574,霈方,上櫃,0.0,0.0,0.0,-14075.0,21990000.0
6576,逸達,上櫃,0.0,0.0,0.0,-3673.0,157540541.0
6577,勁豐,上櫃,0.0,0.0,0.0,-3000.0,60060145.0
6578,達邦蛋白,上櫃,0.0,0.0,0.0,7000.0,71941901.0
6584,南俊國際,上櫃,0.0,0.0,0.0,1112931.0,71379810.0
6588,東典光電,上櫃,0.0,0.0,0.0,-91323.0,34700825.0
6590,普鴻,上櫃,0.0,0.0,0.0,-1000.0,28695603.0
6593,台灣銘板,上櫃,0.0,0.0,0.0,20000.0,31856609.0
6596,寬宏藝術,上櫃,0.0,0.0,0.0,9511.0,38000000.0
6597,立誠,上櫃,0.0,0.0,0.0,0.0,30042250.0
6603,富強鑫,上櫃,0.0,0.0,0.0,-250130.0,167442946.0
6609,瀧澤科,上櫃,0.0,0.0,0.0,-19012.0,72456246.0
6612,奈米醫材,上櫃,0.0,0.0,0.0,11000.0,52266043.0
6613,朋億*,上櫃,0.0,0.0,0.0,-9606.0,77801485.0
6615,慧智,上櫃,0.0,0.0,0.0,-5000.0,21593400.0
6616,特昇-KY,上櫃,0.0,0.0,0.0,-3000.0,35428473.0
6617,共信-KY,上櫃,0.0,0.0,0.0,70000.0,127506100.0
6620,漢達,上櫃,0.0,0.0,0.0,-293875.0,165981900.0
6629,泰金-KY,上櫃,0.0,0.0,0.0,-1901.0,38379563.0
6637,醫影,上櫃,0.0,0.0,0.0,3000.0,26810000.0
6640,均華,上櫃,0.0,0.0,0.0,-6941.0,28911500.0
6642,富致,上櫃,0.0,0.0,0.0,-59000.0,37399662.0
6643,M31,上櫃,0.0,0.0,0.0,-54829.0,42620160.0
6649,台生材,上櫃,0.0,0.0,0.0,-2000.0,42000000.0
6651,全宇昕,上櫃,0.0,0.0,0.0,-132599.0,34601541.0
6654,天正國際,上櫃,0.0,0.0,0.0,-33991.0,40962720.0
6662,樂斯科,上櫃,0.0,0.0,0.0,2000.0,25612400.0
6664,群翊,上櫃,0.0,0.0,0.0,-34721.0,61151307.0
6667,信紘科,上櫃,0.0,0.0,0.0,-113807.0,49278878.0
6679,鈺太,上櫃,0.0,0.0,0.0,30487.0,54975335.0
6683,雍智科技,上櫃,0.0,0.0,0.0,-13611.0,27552661.0
6684,安格,上櫃,0.0,0.0,0.0,-48939.0,44559496.0
6690,安碁資訊,上櫃,0.0,0.0,0.0,-32000.0,29999720.0
6692,進能服,上櫃,0.0,0.0,0.0,0.0,58843890.0
6693,廣閎科,上櫃,0.0,0.0,0.0,-62574.0,45720000.0
6697,東捷資訊,上櫃,0.0,0.0,0.0,-5000.0,27323364.0
6703,軒郁,上櫃,0.0,0.0,0.0,23363.0,36257210.0
6708,天擎,上櫃,0.0,0.0,0.0,-2000.0,29008779.0
6712,長聖,上櫃,0.0,0.0,0.0,4498.0,100488861.0
6716,應廣,上櫃,0.0,0.0,0.0,-71988.0,30241814.0
6720,久昌,上櫃,0.0,0.0,0.0,-9621.0,30225741.0
6725,矽科宏晟,上櫃,0.0,0.0,0.0,-88622.0,37130000.0
6727,亞泰金屬,上櫃,0.0,0.0,0.0,-91805.0,26884177.0
6728,上洋,上櫃,0.0,0.0,0.0,-1000.0,30120000.0
6732,昇佳電子,上櫃,0.0,0.0,0.0,55636.0,48912618.0
6733,博晟生醫,上櫃,0.0,0.0,0.0,-63075.0,134316026.0
6735,美達科技,上櫃,0.0,0.0,0.0,-35971.0,46182292.0
6739,竹陞科技,上櫃,0.0,0.0,0.0,-15384.0,23392500.0
6741,91APP*-KY,上櫃,0.0,0.0,0.0,-22839.0,120577997.0
6751,智聯服務,上櫃,0.0,0.0,0.0,0.0,22200000.0
6752,叡揚,上櫃,0.0,0.0,0.0,1000.0,38258471.0
6761,穩得,上櫃,0.0,0.0,0.0,-297751.0,34955867.0
6762,達亞,上櫃,0.0,0.0,0.0,-2000.0,36930288.0
6763,綠界科技*,上櫃,0.0,0.0,0.0,-29461.0,184039130.0
6785,昱展新藥,上櫃,0.0,0.0,0.0,3166.0,66800000.0
6788,華景電,上櫃,0.0,0.0,0.0,-170028.0,38739683.0
6791,虎門科技,上櫃,0.0,0.0,0.0,4000.0,20847000.0
6803,崑鼎,上櫃,0.0,0.0,0.0,19000.0,72794385.0
6804,明係,上櫃,0.0,0.0,0.0,-38000.0,47500000.0
6811,宏碁資訊,上櫃,0.0,0.0,0.0,-392864.0,41449000.0
6821,聯寶,上櫃,0.0,0.0,0.0,-304000.0,35913193.0
6823,濾能,上櫃,0.0,0.0,0.0,0.0,33233920.0
6829,千附精密,上櫃,0.0,0.0,0.0,-518364.0,59169000.0
6840,東研信超,上櫃,0.0,0.0,0.0,1000.0,30767284.0
6841,長佳智能,上櫃,0.0,0.0,0.0,-2318.0,95223000.0
6843,進典,上櫃,0.0,0.0,0.0,1000.0,33304000.0
6844,諾貝兒,上櫃,0.0,0.0,0.0,0.0,37428440.0
6846,綠茵,上櫃,0.0,0.0,0.0,1000.0,27066039.0
6856,鑫傳,上櫃,0.0,0.0,0.0,1000.0,28200000.0
6859,伯特光,上櫃,0.0,0.0,0.0,-5532.0,41588600.0
6865,偉康科技,上櫃,0.0,0.0,0.0,-2000.0,15840645.0
6870,騰雲,上櫃,0.0,0.0,0.0,1125.0,28317550.0
6874,倍力,上櫃,0.0,0.0,0.0,-4000.0,22000000.0
6875,國邑*,上櫃,0.0,0.0,0.0,-21000.0,129182804.0
6877,鏵友益,上櫃,0.0,0.0,0.0,-94645.0,47167122.0
6881,潤德,上櫃,0.0,0.0,0.0,2000.0,15000000.0
6894,衛司特,上櫃,0.0,0.0,0.0,2923.0,23800000.0
6895,宏碩系統,上櫃,0.0,0.0,0.0,-3228.0,34100000.0
6899,創為精密,上櫃,0.0,0.0,0.0,2000.0,42398491.0
6903,巨漢,上櫃,0.0,0.0,0.0,149322.0,66676000.0
6907,雅特力-KY,上櫃,0.0,0.0,0.0,4829.0,62562500.0
6910,德鴻,上櫃,0.0,0.0,0.0,-1000.0,30521000.0
6913,鴻呈,上櫃,0.0,0.0,0.0,26703.0,43848863.0
6922,宸曜,上櫃,0.0,0.0,0.0,-35625.0,27155385.0
6925,意藍,上櫃,0.0,0.0,0.0,3470.0,20000300.0
6929,佑全,上櫃,0.0,0.0,0.0,-1000.0,45090000.0
6945,圓祥生技,上櫃,0.0,0.0,0.0,-109000.0,97531160.0
6953,家碩,上櫃,0.0,0.0,0.0,4801.0,30014600.0
6961,旅天下,上櫃,0.0,0.0,0.0,-6000.0,26834000.0
6967,汎瑋材料,上櫃,0.0,0.0,0.0,15000.0,30404477.0
6968,萬達寵物,上櫃,0.0,0.0,0.0,0.0,50436279.0
6971,惠民實業,上櫃,0.0,0.0,0.0,3000.0,38668000.0
6982,大井泵浦,上櫃,0.0,0.0,0.0,-21000.0,40752381.0
6983,華洋精機,上櫃,0.0,0.0,0.0,11000.0,18020000.0
6996,力領科技,上櫃,0.0,0.0,0.0,10543.0,42090333.0
6997,博弘,上櫃,0.0,0.0,0.0,2000.0,22100500.0
7402,邑錡,上櫃,0.0,0.0,0.0,-5083.0,35280646.0
7547,碩網,上櫃,0.0,0.0,0.0,-19000.0,33963000.0
7556,意德士,上櫃,0.0,0.0,0.0,2338.0,29080869.0
7584,樂意,上櫃,0.0,0.0,0.0,9000.0,16462808.0
7642,昶瑞機電,上櫃,0.0,0.0,0.0,2617.0,30194258.0
7703,銳澤,上櫃,0.0,0.0,0.0,218155.0,34745000.0
7704,明遠精密,上櫃,0.0,0.0,0.0,-1000.0,33769804.0
7709,榮田,上櫃,0.0,0.0,0.0,-51591.0,39102740.0
7712,博盛半導體,上櫃,0.0,0.0,0.0,74000.0,32561873.0
7713,威力德生醫,上櫃,0.0,0.0,0.0,2000.0,45478843.0
7714,創泓科技,上櫃,0.0,0.0,0.0,-7823.0,21000000.0
7715,裕山,上櫃,0.0,0.0,0.0,-52730.0,32756500.0
7717,萊德光電-KY,上櫃,0.0,0.0,0.0,-12083.0,24831518.0
7718,友鋮,上櫃,0.0,0.0,0.0,2000.0,46356484.0
7723,築間,上櫃,0.0,0.0,0.0,-6000.0,49619550.0
7728,光焱科技,上櫃,0.0,0.0,0.0,-10343.0,13992621.0
7734,印能科技,上櫃,0.0,0.0,0.0,10427.0,28000000.0
7738,東聯互動,上櫃,0.0,0.0,0.0,-3000.0,27355799.0
7743,金利食安,上櫃,0.0,0.0,0.0,-1000.0,36483338.0
7744,崴寶,上櫃,0.0,0.0,0.0,960.0,32076710.0
7751,竑騰,上櫃,0.0,0.0,0.0,-36041.0,26888600.0
7753,星亞,上櫃,0.0,0.0,0.0,-1000.0,25000000.0
7757,金色三麥,上櫃,0.0,0.0,0.0,-7000.0,24100000.0
7767,仁大資訊,上櫃,0.0,0.0,0.0,-1000.0,30100000.0
7770,君曜,上櫃,0.0,0.0,0.0,-4000.0,30062053.0
7772,耀穎,上櫃,0.0,0.0,0.0,1000.0,26498600.0
7777,能率亞洲,上櫃,0.0,0.0,0.0,-61198.0,186606250.0
7792,安葆,上櫃,0.0,0.0,0.0,-18290.0,46662000.0
7794,宏碁智新,上櫃,0.0,0.0,0.0,-6000.0,28000000.0
7805,威聯通,上櫃,0.0,0.0,0.0,-24226.0,39750122.0
7810,捷創科技,上櫃,0.0,0.0,0.0,-11048.0,20250000.0
7811,民盛,上櫃,0.0,0.0,0.0,9000.0,33377000.0
7819,精誠金融,上櫃,0.0,0.0,0.0,-12000.0,25263500.0
7820,立盈,上櫃,0.0,0.0,0.0,13000.0,37768096.0
7828,創新服務,上櫃,0.0,0.0,0.0,13430.0,40493911.0
7839,達人網,上櫃,0.0,0.0,0.0,0.0,15096025.0
7842,天能綠電,上櫃,0.0,0.0,0.0,0.0,18250000.0
8024,佑華,上櫃,0.0,0.0,0.0,-120148.0,45160100.0
8027,鈦昇,上櫃,0.0,0.0,0.0,127010.0,109750596.0
8032,光菱,上櫃,0.0,0.0,0.0,39000.0,51810300.0
8034,榮群,上櫃,0.0,0.0,0.0,-8000.0,56586353.0
8038,長園科,上櫃,0.0,0.0,0.0,105000.0,62278190.0
8040,九暘,上櫃,0.0,0.0,0.0,-734274.0,96413874.0
8042,金山電,上櫃,0.0,0.0,0.0,329990.0,131479954.0
8043,蜜望實,上櫃,0.0,0.0,0.0,-1228514.0,79907170.0
8044,網家,上櫃,0.0,0.0,0.0,-34068.0,204768065.0
8047,星雲,上櫃,0.0,0.0,0.0,-4366.0,34613011.0
8048,德勝,上櫃,0.0,0.0,0.0,34673.0,59436924.0
8049,晶采,上櫃,0.0,0.0,0.0,78855.0,118279808.0
8050,廣積,上櫃,0.0,0.0,0.0,-9666.0,205204891.0
8054,安國,上櫃,0.0,0.0,0.0,-1777461.0,108732566.0
8059,凱碩,上櫃,0.0,0.0,0.0,-22000.0,116466300.0
8064,東捷,上櫃,0.0,0.0,0.0,-1257936.0,184817836.0
8066,來思達,上櫃,0.0,0.0,0.0,-4000.0,36642304.0
8068,全達,上櫃,0.0,0.0,0.0,-29782.0,80765949.0
8069,元太,上櫃,0.0,0.0,0.0,-247880.0,1154678380.0
8071,能率網通,上櫃,0.0,0.0,0.0,152532.0,60084283.0
8074,鉅橡,上櫃,0.0,0.0,0.0,-469804.0,86974466.0
8076,伍豐,上櫃,0.0,0.0,0.0,-117531.0,292213592.0
8080,泰霖,上櫃,0.0,0.0,0.0,-1000.0,67163821.0
8083,瑞穎,上櫃,0.0,0.0,0.0,-6000.0,35133193.0
8084,巨虹,上櫃,0.0,0.0,0.0,-43000.0,69514149.0
8085,福華,上櫃,0.0,0.0,0.0,-132000.0,139983060.0
8086,宏捷科,上櫃,0.0,0.0,0.0,-1264071.0,196516123.0
8087,麗升能源,上櫃,0.0,0.0,0.0,1000.0,38646042.0
8088,品安,上櫃,0.0,0.0,0.0,58781.0,60921749.0
8089,康全電訊,上櫃,0.0,0.0,0.0,-92398.0,65998718.0
8091,翔名,上櫃,0.0,0.0,0.0,-776911.0,56943651.0
8092,建暐,上櫃,0.0,0.0,0.0,5000.0,57172325.0
8096,擎亞,上櫃,0.0,0.0,0.0,-394823.0,149343066.0
8097,常珵,上櫃,0.0,0.0,0.0,-29000.0,60302468.0
8099,大世科,上櫃,0.0,0.0,0.0,-9499.0,100072800.0
8102,傑霖科技,上櫃,0.0,0.0,0.0,-3000.0,23358350.0
8107,大億金茂,上櫃,0.0,0.0,0.0,0.0,75000000.0
8109,博大,上櫃,0.0,0.0,0.0,-12655.0,82161236.0
8111,立碁,上櫃,0.0,0.0,0.0,-154605.0,109102223.0
8121,越峰,上櫃,0.0,0.0,0.0,-79191.0,212993743.0
8147,正淩,上櫃,0.0,0.0,0.0,-58435.0,41817166.0
8155,博智,上櫃,0.0,0.0,0.0,64757.0,62367700.0
8171,天宇,上櫃,0.0,0.0,0.0,-26503.0,112853326.0
8176,智捷,上櫃,0.0,0.0,0.0,1000.0,59800000.0
8182,加高,上櫃,0.0,0.0,0.0,11815.0,107041215.0
8183,精星,上櫃,0.0,0.0,0.0,22604.0,0.0
8227,巨有科技,上櫃,0.0,0.0,0.0,-107231.0,39543000.0
8234,新漢,上櫃,0.0,0.0,0.0,-417123.0,141226472.0
8240,華宏,上櫃,0.0,0.0,0.0,-104770.0,100004414.0
8255,朋程,上櫃,0.0,0.0,0.0,-144187.0,101961041.0
8272,全景軟體,上櫃,0.0,0.0,0.0,4000.0,18997755.0
8277,商丞,上櫃,0.0,0.0,0.0,-48040.0,39500000.0
8279,生展,上櫃,0.0,0.0,0.0,1000.0,27100851.0
8284,三竹,上櫃,0.0,0.0,0.0,-1000.0,47303000.0
8289,泰藝,上櫃,0.0,0.0,0.0,328780.0,68333765.0
8291,尚茂,上櫃,0.0,0.0,0.0,0.0,17478450.0
8299,群聯,上櫃,0.0,0.0,0.0,-195115.0,221165247.0
8342,益張,上櫃,0.0,0.0,0.0,0.0,33536692.0
8349,恒耀,上櫃,0.0,0.0,0.0,60976.0,208821391.0
8354,冠好,上櫃,0.0,0.0,0.0,30.0,78532263.0
8358,金居,上櫃,0.0,0.0,0.0,-1193875.0,252588000.0
8383,千附,上櫃,0.0,0.0,0.0,-695974.0,113760482.0
8390,金益鼎,上櫃,0.0,0.0,0.0,44859.0,96116128.0
8401,白紗科,上櫃,0.0,0.0,0.0,1000.0,70669058.0
8403,盛弘,上櫃,0.0,0.0,0.0,-4000.0,137640343.0
8409,商之器,上櫃,0.0,0.0,0.0,-2.0,32000000.0
8410,森田,上櫃,0.0,0.0,0.0,-3000.0,36589200.0
8415,大國鋼,上櫃,0.0,0.0,0.0,103975.0,1031500000.0
8421,旭源,上櫃,0.0,0.0,0.0,-4000.0,54817140.0
8423,保綠-KY,上櫃,0.0,0.0,0.0,2000.0,41714030.0
8424,惠普,上櫃,0.0,0.0,0.0,6000.0,36054368.0
8431,匯鑽科,上櫃,0.0,0.0,0.0,-12900.0,48778331.0
8432,東生華,上櫃,0.0,0.0,0.0,-2297.0,38398140.0
8435,鉅邁,上櫃,0.0,0.0,0.0,2000.0,35200450.0
8436,大江,上櫃,0.0,0.0,0.0,64956.0,117728830.0
8437,大地-KY,上櫃,0.0,0.0,0.0,17000.0,47014070.0
8440,綠電,上櫃,0.0,0.0,0.0,3998.0,50255299.0
8446,華研,上櫃,0.0,0.0,0.0,7000.0,52914405.0
8450,霹靂,上櫃,0.0,0.0,0.0,42000.0,51309947.0
8455,大拓-KY,上櫃,0.0,0.0,0.0,2000.0,25219056.0
8477,創業家,上櫃,0.0,0.0,0.0,2000.0,84170616.0
8489,三貝德,上櫃,0.0,0.0,0.0,-19000.0,59948960.0
8905,裕國,上櫃,0.0,0.0,0.0,-11000.0,119440000.0
8906,花王,上櫃,0.0,0.0,0.0,6000.0,44037370.0
8908,欣雄,上櫃,0.0,0.0,0.0,-92000.0,315332742.0
8916,光隆,上櫃,0.0,0.0,0.0,8338.0,148591646.0
8917,欣泰,上櫃,0.0,0.0,0.0,1000.0,162652459.0
8923,時報,上櫃,0.0,0.0,0.0,-1000.0,30375800.0
8924,大田,上櫃,0.0,0.0,0.0,35648.0,83800000.0
8927,北基,上櫃,0.0,0.0,0.0,-32000.0,419068367.0
8928,鉅明,上櫃,0.0,0.0,0.0,-2000.0,50854015.0
8929,富堡,上櫃,0.0,0.0,0.0,0.0,50580862.0
8930,青鋼,上櫃,0.0,0.0,0.0,-1000.0,81809406.0
8931,大汽電,上櫃,0.0,0.0,0.0,3000.0,122254862.0
8932,智通*,上櫃,0.0,0.0,0.0,580087.0,426013152.0
8933,愛地雅,上櫃,0.0,0.0,0.0,55186.0,326724305.0
8935,邦泰,上櫃,0.0,0.0,0.0,-103730.0,113495000.0
8936,國統,上櫃,0.0,0.0,0.0,843514.0,248078157.0
8937,合騏*,上櫃,0.0,0.0,0.0,-11001.0,441680272.0
8938,明安,上櫃,0.0,0.0,0.0,96000.0,156986490.0
8942,森鉅,上櫃,0.0,0.0,0.0,10000.0,198842255.0
9949,琉園,上櫃,0.0,0.0,0.0,-12040.0,44860763.0
9951,皇田,上櫃,0.0,0.0,0.0,15560.0,73300000.0
9960,邁達康,上櫃,0.0,0.0,0.0,-12000.0,33592500.0
9962,有益,上櫃,0.0,0.0,0.0,3000.0,90220260.0
