code,market,open,close,lots
0050,上市,78.1,79.2,235675.856
0051,上市,111.7,113.5,116.109
0052,上市,46.53,46.95,92091.571
0053,上市,175.0,177.9,37.621
0055,上市,33.07,33.19,243.359
0056,上市,38.84,39.02,84399.927
0057,上市,234.65,235.1,47.466
0061,上市,22.77,23.47,381.046
006203,上市,142.55,144.25,13.328
006204,上市,172.0,175.7,10.616
006205,上市,38.84,40.02,1206.251
006206,上市,36.0,36.83,55.177
006207,上市,31.02,31.56,637.155
006208,上市,180.55,183.6,7576.534
00625K,上市,8.43,8.43,1.0
00631L,上市,22.37,22.93,267370.56
00632R,上市,13.63,13.44,224181.313
00633L,上市,45.61,47.25,4998.34
00634R,上市,3.34,3.26,1802.502
00635U,上市,50.7,50.7,9950.811
00636,上市,26.53,27.26,1460.782
00636K,上市,8.58,8.58,0.2
00637L,上市,18.82,19.52,42309.357
00638R,上市,7.1,6.98,1130.801
00639,上市,15.35,15.86,1428.098
00640L,上市,93.35,94.1,917.256
00641R,上市,4.05,4.05,3033.138
00642U,上市,26.78,26.53,53551.325
00643,上市,17.57,18.11,3174.794
00643K,上市,3.78,3.79,2.0
00645,上市,52.8,53.1,367.66
00646,上市,67.7,67.85,3879.113
00647L,上市,109.3,112.1,629.039
00648R,上市,4.42,4.41,4215.51
00650L,上市,17.19,17.57,6253.676
00651R,上市,5.39,5.21,1340.929
00652,上市,33.25,34.03,577.767
00653L,上市,45.1,47.05,1709.832
00654R,上市,6.97,6.79,262.462
00655L,上市,31.96,32.91,3010.567
00656R,上市,6.26,6.18,320.571
00657,上市,65.85,66.45,191.428
00657K,上市,20.92,20.92,0.1
00660,上市,42.62,43.09,35.239
00661,上市,72.45,72.75,226.276
00662,上市,101.55,101.8,5023.015
00663L,上市,63.85,65.75,26868.746
00664R,上市,2.22,2.17,63977.53
00665L,上市,9.73,9.9,30264.011
00666R,上市,9.13,9.05,46.97
00668,上市,55.4,55.2,181.782
00668K,上市,17.01,17.01,0.2
00669R,上市,5.79,5.76,4849.148
00670L,上市,151.0,151.85,3445.268
00671R,上市,2.89,2.88,17163.091
00673R,上市,14.04,14.01,211469.229
00674R,上市,5.13,5.12,1545.173
00675L,上市,193.95,199.4,6381.989
00676R,上市,7.52,7.43,12105.438
00678,上市,35.92,35.94,470.668
00680L,上市,7.19,7.22,29451.599
00681R,上市,20.77,20.76,122.17
00682U,上市,20.14,20.25,105.887
00683L,上市,21.36,21.0,281.179
00684R,上市,15.3,15.35,25.792
00685L,上市,175.05,179.55,2340.506
00686R,上市,1.35,1.33,8880.932
00688L,上市,7.17,7.22,15934.76
00689R,上市,21.75,21.64,495.137
00690,上市,52.95,54.85,701.764
00692,上市,68.55,69.85,2695.5
00693U,上市,21.7,21.8,1974.673
00700,上市,17.32,17.66,462.824
00701,上市,29.18,29.34,767.562
00702,上市,23.83,23.86,52.77
00703,上市,20.71,20.55,70.97
00706L,上市,19.6,19.66,3478.291
00707R,上市,0.0,0.0,0.0
00708L,上市,103.65,103.6,7781.003
00709,上市,38.23,38.21,546.749
00710B,上市,19.02,18.94,204.941
00711B,上市,16.05,16.12,227.525
00712,上市,8.78,8.81,21583.758
00713,上市,52.25,52.3,11275.485
00714,上市,20.77,20.72,212.375
00715L,上市,48.1,46.48,85436.857
00717,上市,14.95,15.07,548.071
00728,上市,45.1,45.93,328.575
00730,上市,22.74,22.96,363.975
00731,上市,71.4,72.2,781.246
00733,上市,57.95,59.1,2834.302
00735,上市,69.75,72.2,3979.992
00736,上市,28.35,28.68,129.606
00737,上市,33.05,33.92,324.475
00738U,上市,62.3,62.65,11995.526
00739,上市,26.71,27.24,286.865
00752,上市,23.94,24.34,2062.446
00753L,上市,10.47,10.75,25508.843
00757,上市,111.0,111.25,2870.214
00762,上市,85.45,86.15,1112.579
00763U,上市,31.05,30.98,1196.125
00770,上市,52.3,52.9,1230.069
00771,上市,16.1,16.09,24.384
00775B,上市,32.8,32.85,91.642
00783,上市,27.31,28.0,205.244
00830,上市,58.3,58.85,33113.518
00850,上市,64.35,65.8,3000.022
00851,上市,56.65,56.55,22.667
00852L,上市,28.98,29.36,1029.917
00861,上市,67.4,67.95,786.318
00865B,上市,48.38,48.22,5121.055
00875,上市,39.72,40.3,521.268
00876,上市,65.0,66.0,881.68
00878,上市,22.65,22.92,95761.338
00881,上市,38.45,39.07,32425.768
00882,上市,15.6,15.7,7477.816
00885,上市,17.6,17.95,7162.805
00891,上市,24.94,25.28,27163.172
00892,上市,30.33,31.16,1858.706
00893,上市,34.0,34.77,4280.568
00894,上市,35.07,36.27,4179.234
00895,上市,40.22,40.85,875.087
00896,上市,21.33,21.87,9502.912
00897,上市,9.7,9.93,2769.773
00898,上市,8.14,8.34,1649.977
00899,上市,23.65,24.02,452.645
00900,上市,14.06,14.23,21106.085
00901,上市,30.52,31.16,574.311
00902,上市,14.09,14.41,4047.377
00903,上市,16.12,16.29,1960.532
00904,上市,29.6,30.08,9981.213
00905,上市,20.14,20.61,3076.577
00907,上市,14.69,14.82,567.93
00908,上市,13.68,13.79,1492.914
00909,上市,38.91,39.68,6470.366
00910,上市,65.0,67.4,4504.089
00911,上市,37.72,38.37,1122.247
00912,上市,25.25,25.74,1321.39
00913,上市,30.61,31.17,895.188
00915,上市,23.52,23.79,7634.539
00916,上市,25.51,25.7,378.877
00917,上市,20.86,21.3,3356.298
00918,上市,22.33,22.53,25400.307
00919,上市,22.9,23.0,100032.498
00920,上市,21.97,22.95,4461.634
00921,上市,18.51,19.01,481.907
00922,上市,28.89,29.36,60371.476
00923,上市,29.55,30.2,17813.511
00924,上市,28.25,28.28,3696.978
00926,上市,23.05,23.27,1543.832
00927,上市,25.12,25.51,26166.504
00929,上市,19.44,19.65,47074.837
00930,上市,17.31,17.57,1868.681
00932,上市,14.75,14.96,1213.829
00934,上市,21.17,21.44,3516.29
00935,上市,39.38,40.0,16281.169
00936,上市,17.82,17.94,3393.155
00938,上市,19.0,19.22,1251.947
00939,上市,15.66,15.88,13593.821
00940,上市,9.71,9.82,69097.006
00941,上市,22.65,22.91,10567.963
00943,上市,15.31,15.73,1432.682
00944,上市,15.6,15.8,1682.652
00945B,上市,14.61,14.59,6882.6
00946,上市,10.28,10.38,13626.892
00947,上市,23.7,24.73,9246.867
00949,上市,20.12,20.05,1559.536
00951,上市,14.0,14.33,7952.716
00952,上市,13.28,13.59,4407.24
00953B,上市,9.67,9.66,24508.233
00954,上市,14.85,15.27,5012.603
00956,上市,12.6,12.71,855.805
00960,上市,17.95,17.67,766.639
00961,上市,9.99,10.08,5827.579
00962,上市,10.96,11.07,612.219
00963,上市,12.63,12.72,1844.957
00964,上市,13.52,13.68,3295.108
00965,上市,25.4,25.61,5413.405
00971,上市,15.03,15.2,819.337
00972,上市,19.59,19.56,311.47
009800,上市,10.97,11.03,3456.316
009801,上市,10.55,10.68,2511.777
009802,上市,12.66,13.18,10464.49
009803,上市,15.79,16.26,2487.376
009804,上市,17.14,17.5,3149.503
009805,上市,15.15,15.39,21801.565
009808,上市,22.62,23.03,1318.929
009809,上市,12.52,12.78,802.003
00980A,上市,17.97,18.38,18219.248
009810,上市,18.53,18.52,211.929
009811,上市,11.3,11.38,5613.973
009812,上市,11.85,11.89,910.608
009813,上市,10.1,10.18,8822.685
009816,上市,11.09,11.23,461341.108
009817,上市,9.45,9.56,2500.141
009818,上市,15.05,15.28,15548.837
00981A,上市,21.83,22.2,277320.692
00981T,上市,11.17,11.23,5260.803
00982A,上市,17.07,17.33,61610.695
00982D,上市,10.11,10.1,6037.913
00982T,上市,11.02,11.3,615.997
00983A,上市,10.74,10.91,4952.586
00983D,上市,10.28,10.26,2559.836
00984A,上市,12.96,13.07,15015.236
00984D,上市,10.01,10.0,4188.117
00985A,上市,16.65,16.84,14497.271
00985B,上市,10.33,10.28,12450.243
00986A,上市,12.17,12.5,2968.963
00987A,上市,13.24,13.38,7077.297
00988A,上市,13.8,14.34,67526.082
00989A,上市,14.1,14.37,4305.111
00990A,上市,12.83,13.29,69376.27
00991A,上市,13.25,13.58,123395.914
00992A,上市,14.16,14.39,103224.706
00993A,上市,11.14,11.22,70540.694
00994A,上市,13.03,13.44,10223.638
00995A,上市,12.44,12.81,18119.321
00996A,上市,10.17,10.44,41781.431
01001T,上市,11.99,11.95,45.0
01002T,上市,14.18,14.2,16.0
01004T,上市,10.9,10.91,313.0
01007T,上市,13.27,13.28,120.0
01009T,上市,5.75,5.75,168.0
01010T,上市,10.0,10.0,39.687
020000,上市,21.25,21.25,10.0
020011,上市,0.0,0.0,0.0
020012,上市,18.64,18.64,8.0
02001L,上市,70.55,73.2,49.0
02001R,上市,0.67,0.67,171.0
020020,上市,17.51,18.31,50.0
020028,上市,15.51,15.64,24.0
020029,上市,10.07,10.15,8.0
020030,上市,12.31,12.35,9.0
020031,上市,6.95,7.02,39.0
020032,上市,8.9,8.9,1.0
020034,上市,9.0,9.26,17.0
020036,上市,0.0,0.0,0.0
020037,上市,8.6,8.61,3.0
020038,上市,7.83,7.84,14.0
020039,上市,10.94,11.02,26.0
1101,上市,24.1,25.4,65704.406
1101B,上市,45.65,45.65,23.15
1102,上市,35.85,35.6,8235.795
1103,上市,13.7,13.9,681.507
1104,上市,29.4,29.25,1518.951
1108,上市,14.9,14.85,233.71
1109,上市,15.3,15.45,183.924
1110,上市,14.6,15.0,186.232
1201,上市,13.65,13.55,399.744
1203,上市,40.0,40.3,48.574
1210,上市,55.3,54.5,2607.128
1213,上市,9.49,9.32,26.021
1215,上市,141.5,141.0,1129.522
1216,上市,73.3,72.7,8275.982
1217,上市,10.35,10.3,417.695
1218,上市,19.6,19.45,1022.713
1219,上市,13.9,13.8,493.79
1220,上市,12.4,12.45,72.233
1225,上市,33.05,32.2,224.513
1227,上市,30.8,30.3,994.674
1229,上市,45.1,44.9,1965.209
1231,上市,93.4,93.0,338.808
1232,上市,149.5,150.0,83.34
1233,上市,29.05,29.25,31.201
1234,上市,35.9,35.85,275.21
1235,上市,38.75,41.25,64.326
1236,上市,25.1,25.55,38.957
1256,上市,157.5,154.5,73.12
1301,上市,47.2,47.2,29815.49
1303,上市,83.9,85.1,110264.175
1304,上市,16.0,16.0,24823.983
1305,上市,15.95,15.9,19846.65
1307,上市,31.6,31.8,813.543
1308,上市,17.05,16.75,19123.734
1309,上市,23.85,23.85,8551.827
1310,上市,10.7,10.3,12496.476
1312,上市,13.0,12.85,19466.351
1312A,上市,22.5,22.45,6.199
1313,上市,12.3,11.8,11339.09
1314,上市,0.0,0.0,0.0
1315,上市,63.3,64.0,22.279
1316,上市,12.1,12.15,1256.569
1319,上市,81.2,81.5,1895.176
1321,上市,33.75,33.6,279.133
1323,上市,24.05,22.2,1071.924
1324,上市,13.25,11.8,1430.923
1325,上市,27.35,27.35,141.551
1326,上市,45.4,45.1,35978.689
1337,上市,6.08,5.66,1512.993
1338,上市,15.7,16.05,312.402
1339,上市,41.65,41.4,48.734
1340,上市,6.72,6.7,436.328
1341,上市,59.8,59.5,8.002
1342,上市,89.5,88.9,504.596
1402,上市,26.8,26.4,14453.85
1409,上市,15.7,15.95,4118.536
1410,上市,31.4,31.45,30.924
1413,上市,9.93,9.92,7.301
1414,上市,17.0,17.25,198.684
1416,上市,11.4,11.55,245.381
1417,上市,9.24,9.12,131.334
1418,上市,18.3,19.05,36.722
1419,上市,61.5,62.5,170.497
1423,上市,40.35,40.1,20.436
1432,上市,17.5,17.45,272.118
1434,上市,16.7,16.5,2397.166
1435,上市,14.75,14.75,2.121
1436,上市,53.8,54.0,133.881
1437,上市,30.65,30.55,86.852
1438,上市,28.45,28.05,14.154
1439,上市,27.9,27.65,30.602
1440,上市,12.65,12.7,1003.748
1441,上市,9.85,9.95,16.74
1442,上市,27.6,27.6,725.089
1443,上市,22.6,23.85,27.663
1444,上市,6.26,6.29,512.667
1445,上市,12.7,12.45,76.046
1446,上市,16.5,16.55,150.234
1447,上市,5.2,5.14,920.338
1449,上市,14.5,14.95,16596.303
1451,上市,18.3,18.3,199.997
1452,上市,12.1,12.0,211.932
1453,上市,12.35,12.35,49.931
1454,上市,12.85,12.65,34.146
1455,上市,8.53,8.63,418.753
1456,上市,14.45,14.0,136.62
1457,上市,15.25,15.25,413.162
1459,上市,11.7,11.7,150.903
1460,上市,7.1,7.06,738.025
1463,上市,17.65,17.95,91.559
1464,上市,10.3,10.4,422.722
1465,上市,12.25,12.25,109.421
1466,上市,17.15,17.0,205.809
1467,上市,7.12,7.1,82.256
1468,上市,11.65,12.2,65.0
1470,上市,21.5,22.55,17.691
1471,上市,11.8,12.15,677.944
1472,上市,95.2,96.0,17.47
1473,上市,24.3,23.85,67.414
1474,上市,10.05,9.93,33.473
1475,上市,28.7,29.55,53.009
1476,上市,325.0,326.0,1263.852
1477,上市,220.0,220.0,1824.343
1503,上市,183.0,186.5,1412.434
1504,上市,59.8,60.4,9086.364
1506,上市,11.1,11.0,197.304
1512,上市,7.35,7.46,129.635
1513,上市,147.0,148.0,3546.269
1514,上市,102.5,105.5,1677.791
1515,上市,23.7,24.0,166.623
1516,上市,21.5,20.9,21.1
1517,上市,11.2,11.3,156.949
1519,上市,812.0,830.0,1699.267
1521,上市,26.95,25.15,60.261
1522,上市,31.9,32.2,632.627
1522A,上市,50.4,50.5,6.0
1524,上市,30.35,30.1,866.457
1525,上市,64.4,63.4,57.239
1526,上市,16.7,16.65,104.87
1527,上市,32.8,32.45,127.48
1528,上市,27.25,27.2,38339.259
1529,上市,23.8,24.6,1185.297
1530,上市,26.6,26.45,35.791
1531,上市,13.15,13.2,98.5
1532,上市,22.0,22.15,645.374
1533,上市,29.25,29.4,77.659
1535,上市,52.2,52.5,52.607
1536,上市,47.25,48.9,1075.629
1537,上市,125.0,124.0,57.575
1538,上市,12.65,12.65,8.118
1539,上市,16.4,16.55,62.617
1540,上市,22.0,22.2,211.557
1541,上市,26.75,26.55,40.362
1558,上市,92.3,92.7,38.659
1560,上市,498.0,501.0,3815.909
1563,上市,41.35,41.5,549.469
1568,上市,22.65,22.7,114.625
1582,上市,109.5,105.0,10724.673
1583,上市,43.5,44.15,25.869
1587,上市,37.5,37.3,627.043
1590,上市,1055.0,1075.0,974.666
1597,上市,90.2,93.4,2415.557
1598,上市,19.6,19.2,498.292
1603,上市,32.3,32.45,196.63
1604,上市,25.8,25.45,650.513
1605,上市,30.9,32.0,39572.297
1608,上市,31.6,32.3,2004.081
1609,上市,32.5,33.4,3428.016
1611,上市,12.3,12.3,301.9
1612,上市,34.7,35.05,470.334
1614,上市,31.8,32.0,60.592
1615,上市,46.0,46.05,87.147
1616,上市,23.35,23.65,426.298
1617,上市,14.75,14.85,101.567
1618,上市,38.7,39.0,444.636
1623,上市,182.0,182.5,150.384
1626,上市,10.05,10.1,128.721
1702,上市,36.25,36.4,244.747
1707,上市,121.0,122.0,95.528
1708,上市,41.25,38.95,14218.921
1709,上市,17.9,17.95,416.025
1710,上市,14.35,13.65,11578.124
1711,上市,34.1,33.35,42855.363
1712,上市,43.55,43.1,701.646
1713,上市,46.8,47.15,137.477
1714,上市,9.63,9.57,2743.314
1717,上市,62.8,67.1,45786.384
1718,上市,7.5,7.34,6230.612
1720,上市,64.5,63.8,277.077
1721,上市,16.8,17.1,816.584
1722,上市,46.1,45.9,2052.893
1723,上市,80.0,78.1,4595.801
1725,上市,29.95,29.65,156.145
1726,上市,75.1,75.1,43.338
1727,上市,47.9,50.4,3207.789
1730,上市,52.8,53.2,23.488
1731,上市,21.7,21.8,93.956
1732,上市,26.2,26.3,531.849
1733,上市,29.9,29.6,122.116
1734,上市,31.85,31.65,368.653
1735,上市,22.8,22.75,972.436
1736,上市,124.5,125.0,560.633
1737,上市,31.85,32.0,75.931
1752,上市,35.9,35.75,76.925
1760,上市,64.9,64.4,122.317
1762,上市,27.8,27.75,79.021
1773,上市,149.5,149.0,2560.121
1776,上市,15.7,15.4,30.476
1783,上市,42.85,43.0,113.356
1786,上市,60.7,61.1,208.631
1789,上市,21.85,21.85,1454.09
1795,上市,216.0,216.5,2072.413
1802,上市,56.0,59.0,54516.24
1805,上市,10.5,10.85,101.617
1806,上市,8.35,8.37,323.837
1808,上市,31.15,31.15,1009.852
1809,上市,25.5,26.35,3019.551
1810,上市,17.15,17.45,818.344
1817,上市,38.85,39.05,29.261
1903,上市,49.4,49.85,150.079
1904,上市,18.85,18.6,1957.537
1905,上市,14.25,14.1,10254.028
1906,上市,11.8,11.7,299.905
1907,上市,26.15,25.9,1153.912
1909,上市,10.0,9.62,7232.729
2002,上市,19.8,19.95,47760.443
2002A,上市,38.95,38.95,30.34
2006,上市,70.5,70.6,2164.411
2007,上市,7.96,8.12,243.19
2008,上市,27.05,28.1,24.148
2009,上市,40.45,40.6,1323.512
2010,上市,25.15,25.1,1899.525
2012,上市,15.5,16.0,52.622
2013,上市,44.0,44.1,104.033
2014,上市,18.6,18.65,6770.794
2015,上市,62.5,63.4,266.464
2017,上市,9.71,9.87,709.158
2020,上市,25.5,25.2,952.788
2022,上市,9.04,9.13,651.218
2023,上市,14.5,14.35,865.371
2024,上市,14.8,14.65,33.587
2025,上市,11.25,11.5,89.741
2027,上市,38.0,38.5,29534.925
2028,上市,18.3,18.3,107.857
2029,上市,20.5,20.6,125.207
2030,上市,16.3,16.3,654.656
2031,上市,40.85,41.25,1759.119
2032,上市,17.0,17.0,750.608
2033,上市,16.3,16.25,105.388
2034,上市,20.55,20.7,1612.517
2038,上市,15.6,15.5,282.439
2049,上市,239.0,241.5,4907.32
2059,上市,3320.0,3315.0,490.398
2062,上市,20.45,20.95,225.1
2069,上市,18.65,18.75,147.766
2072,上市,179.0,185.0,742.807
2101,上市,35.8,36.4,1482.937
2102,上市,20.1,20.05,860.09
2103,上市,19.65,19.05,5256.849
2104,上市,12.2,12.2,2200.903
2105,上市,31.05,31.3,7588.29
2106,上市,18.55,18.35,760.252
2107,上市,25.35,25.4,180.27
2108,上市,25.6,25.1,1597.371
2109,上市,14.65,14.7,166.676
2114,上市,87.9,87.7,49.719
2115,上市,21.65,21.5,76.637
2201,上市,27.0,27.55,2327.101
2204,上市,55.3,54.9,1361.744
2206,上市,59.9,59.5,629.648
2207,上市,494.5,495.5,347.344
2208,上市,20.75,20.7,2491.171
2211,上市,99.8,100.5,611.344
2227,上市,50.5,51.1,70.923
2228,上市,90.5,91.1,203.261
2231,上市,118.0,118.5,712.109
2233,上市,219.0,221.5,314.714
2236,上市,112.5,116.5,599.47
2239,上市,23.2,23.05,100.383
2241,上市,28.15,28.0,216.182
2243,上市,21.0,20.6,1014.258
2247,上市,239.5,238.0,39.397
2248,上市,49.0,49.3,63.421
2250,上市,61.2,62.4,28.579
2254,上市,68.9,68.9,30.181
2258,上市,27.0,27.55,898.915
2301,上市,152.0,156.5,17193.891
2302,上市,18.0,18.1,399.371
2303,上市,59.8,60.3,161796.136
2305,上市,16.35,16.65,3480.362
2308,上市,1630.0,1665.0,13400.336
2312,上市,22.2,22.45,11660.307
2313,上市,290.0,274.0,118089.367
2314,上市,13.8,13.8,558.03
2316,上市,95.7,98.1,8896.272
2317,上市,196.5,201.5,66909.375
2321,上市,14.25,14.2,3.924
2323,上市,10.95,11.2,7240.808
2324,上市,26.85,27.9,32325.57
2327,上市,267.5,271.5,23604.593
2328,上市,44.5,45.7,2953.136
2329,上市,51.5,53.8,16566.981
2330,上市,1935.0,1950.0,53813.263
2331,上市,21.4,21.9,1813.561
2332,上市,15.2,15.4,3512.294
2337,上市,150.0,150.0,22684.444
2338,上市,45.15,45.15,3720.466
2340,上市,28.1,29.1,7609.875
2342,上市,30.0,29.8,1269.774
2344,上市,93.1,95.6,171450.402
2345,上市,1680.0,1710.0,5374.24
2347,上市,80.0,81.1,9487.268
2348,上市,80.2,79.7,431.578
2348A,上市,38.1,38.15,110.995
2349,上市,13.0,13.25,3003.076
2351,上市,110.0,118.0,16352.538
2352,上市,23.6,23.8,4776.5
2353,上市,27.25,27.45,12181.618
2354,上市,50.9,50.9,7188.119
2355,上市,51.5,52.0,22577.405
2356,上市,41.8,42.65,21187.128
2357,上市,565.0,562.0,3447.711
2359,上市,111.0,111.5,744.986
2360,上市,1725.0,1725.0,2434.349
2362,上市,37.6,38.8,655.63
2363,上市,48.05,48.45,2952.016
2364,上市,63.2,63.8,107.333
2365,上市,32.5,31.9,1426.551
2367,上市,74.6,74.3,88366.652
2368,上市,983.0,998.0,8015.709
2369,上市,29.4,31.0,14316.382
2371,上市,31.8,32.8,22177.029
2373,上市,56.7,56.7,56.68
2374,上市,69.0,68.9,2402.193
2375,上市,76.0,78.1,1092.393
2376,上市,229.5,244.5,10714.474
2377,上市,90.4,92.2,5246.093
2379,上市,510.0,505.0,2766.136
2380,上市,5.07,5.51,545.769
2382,上市,295.0,307.5,54410.413
2383,上市,3160.0,3170.0,2230.541
2385,上市,123.0,123.5,3098.315
2387,上市,40.0,39.2,502.312
2388,上市,50.4,54.6,5558.526
2390,上市,10.1,10.25,447.112
2392,上市,33.9,34.6,1629.724
2393,上市,68.1,70.2,4034.368
2395,上市,339.0,348.5,3507.052
2397,上市,55.1,56.5,138.16
2399,上市,35.9,37.95,40114.675
2401,上市,19.65,20.05,1734.045
2402,上市,52.9,56.9,18631.822
2404,上市,883.0,904.0,4082.334
2405,上市,15.2,15.5,1268.475
2406,上市,31.6,32.6,7921.245
2408,上市,217.0,223.0,95259.021
2409,上市,16.7,17.05,341826.176
2412,上市,134.5,134.0,7745.262
2413,上市,50.2,51.2,2778.484
2414,上市,43.2,43.3,146.997
2415,上市,30.3,29.8,567.892
2417,上市,38.5,39.95,2935.619
2419,上市,34.5,36.95,21645.865
2420,上市,51.7,51.9,160.174
2421,上市,130.5,131.5,7734.807
2423,上市,47.95,48.65,41.636
2424,上市,24.45,24.55,39.23
2425,上市,26.6,27.0,241.737
2426,上市,36.35,39.1,47309.037
2427,上市,23.2,23.2,379.039
2428,上市,153.0,156.0,3747.724
2429,上市,38.4,40.0,285.493
2430,上市,21.8,21.95,57.37
2431,上市,11.7,11.9,367.282
2432,上市,26.3,26.7,17.036
2433,上市,45.8,45.7,33.333
2434,上市,29.2,29.1,17.6
2436,上市,60.0,62.7,4083.361
2438,上市,21.9,20.6,728.009
2439,上市,87.9,88.0,2225.173
2440,上市,14.4,14.55,287.76
2441,上市,89.0,94.5,21790.276
2442,上市,20.3,20.6,1818.539
2444,上市,12.55,12.5,368.26
2449,上市,281.0,280.0,16308.372
2450,上市,29.35,29.35,105.967
2451,上市,242.0,248.0,8091.071
2453,上市,52.8,53.1,210.842
2454,上市,1520.0,1580.0,14575.742
2455,上市,306.0,290.5,40867.128
2457,上市,24.2,24.8,1684.2
2458,上市,128.0,131.0,5156.9
2459,上市,64.9,65.6,55.881
2460,上市,27.4,27.0,527.284
2461,上市,19.0,18.45,2323.298
2462,上市,21.95,22.4,220.207
2464,上市,67.1,68.0,1837.825
2465,上市,56.0,59.7,1067.045
2466,上市,54.5,59.7,2255.097
2467,上市,426.0,449.0,4765.731
2468,上市,33.8,34.05,237.192
2471,上市,51.4,52.0,142.643
2472,上市,133.0,140.5,9428.147
2474,上市,193.5,192.5,1777.64
2476,上市,93.0,94.9,6613.599
2477,上市,24.05,24.1,156.829
2478,上市,60.9,62.1,1324.552
2480,上市,141.0,140.0,161.879
2481,上市,107.5,102.0,66694.975
2482,上市,17.0,17.05,125.412
2483,上市,21.25,21.15,109.364
2484,上市,29.8,30.2,2908.378
2485,上市,77.2,73.0,32267.466
2486,上市,151.5,158.5,11773.36
2488,上市,49.9,49.5,433.678
2489,上市,38.45,38.9,34718.181
2491,上市,14.85,15.05,113.463
2492,上市,117.5,121.0,7556.098
2493,上市,109.5,115.5,1854.885
2495,上市,33.0,33.7,5582.613
2496,上市,66.7,66.1,8.067
2497,上市,51.6,50.8,518.599
2498,上市,40.05,40.7,7288.662
2501,上市,22.85,23.25,3134.8
2504,上市,36.3,36.8,2546.162
2505,上市,19.35,19.5,481.645
2506,上市,8.97,9.0,172.166
2509,上市,14.1,14.2,101.523
2511,上市,8.15,8.18,1281.329
2514,上市,13.55,13.55,105.26
2515,上市,13.2,13.5,6013.077
2516,上市,13.3,13.55,199.03
2520,上市,31.6,31.75,1023.144
2524,上市,38.75,39.0,111.341
2527,上市,30.45,30.95,266.726
2528,上市,24.6,24.5,258.623
2530,上市,24.0,23.95,938.597
2534,上市,19.8,19.9,257.01
2535,上市,71.0,72.0,2359.523
2536,上市,22.5,22.7,1441.523
2537,上市,10.35,10.4,572.111
2538,上市,10.0,10.1,491.688
2539,上市,48.0,47.95,585.436
2540,上市,47.45,47.85,505.319
2542,上市,36.0,36.25,2968.234
2543,上市,58.7,58.5,1152.215
2545,上市,35.85,36.35,219.903
2546,上市,79.8,79.3,230.479
2547,上市,10.75,10.75,1608.676
2548,上市,123.0,127.0,3104.93
2597,上市,152.5,153.5,455.447
2601,上市,5.85,5.77,1293.467
2603,上市,203.5,202.0,13540.511
2605,上市,40.5,38.75,18542.116
2606,上市,60.4,60.7,3236.761
2607,上市,52.4,51.5,476.855
2608,上市,31.2,30.85,289.052
2609,上市,52.2,51.7,21535.779
2610,上市,18.65,18.55,25515.741
2611,上市,13.95,13.85,335.82
2612,上市,55.0,56.3,693.206
2613,上市,23.8,23.55,314.615
2614,上市,20.6,20.9,348.494
2615,上市,79.9,78.8,8690.938
2616,上市,15.7,15.4,1248.111
2617,上市,30.75,30.6,548.58
2618,上市,35.0,35.2,13727.363
2630,上市,46.75,47.15,494.206
2633,上市,26.9,26.6,5856.509
2634,上市,46.8,47.4,3098.537
2636,上市,69.1,67.8,537.489
2637,上市,69.9,69.4,1774.686
2642,上市,23.2,23.4,46.233
2645,上市,148.0,150.0,619.803
2646,上市,21.05,21.3,4449.472
2701,上市,10.75,10.75,106.752
2702,上市,12.95,13.0,451.897
2704,上市,42.6,42.35,143.432
2705,上市,16.55,16.65,185.68
2706,上市,12.4,12.45,169.919
2707,上市,189.0,190.0,262.806
2712,上市,14.5,14.9,45.301
2722,上市,23.95,23.85,62.342
2723,上市,69.5,69.5,124.779
2727,上市,228.5,228.5,240.836
2731,上市,166.0,164.5,501.717
2739,上市,34.05,34.0,75.621
2748,上市,39.95,40.3,151.184
2753,上市,182.5,180.0,189.491
2762,上市,72.4,72.7,28.828
2801,上市,20.95,20.9,17323.966
2812,上市,21.15,21.0,11267.459
2816,上市,30.8,31.05,101.426
2820,上市,16.9,16.95,1213.942
2832,上市,47.5,47.55,103.673
2834,上市,15.4,15.35,20510.315
2836,上市,12.2,12.2,1633.282
2836A,上市,24.65,24.7,24.0
2838,上市,20.8,20.95,2029.98
2838A,上市,54.6,54.4,44.005
2845,上市,12.65,12.65,10181.5
2849,上市,13.1,13.55,323.061
2850,上市,117.5,119.0,594.439
2851,上市,31.0,31.1,1814.958
2852,上市,25.9,25.95,351.362
2855,上市,32.6,33.1,6479.084
2867,上市,7.82,7.76,7699.23
2880,上市,34.2,33.95,13309.386
2881,上市,89.2,89.2,17573.091
2881A,上市,64.0,64.0,282.415
2881B,上市,62.5,62.5,72.36
2881C,上市,51.7,51.6,86.036
2882,上市,73.6,73.8,28126.441
2882A,上市,62.1,62.1,48.051
2882B,上市,60.8,60.7,129.787
2883,上市,21.0,21.35,88997.51
2883B,上市,8.39,8.32,2426.375
2884,上市,32.85,32.45,24182.082
2885,上市,46.75,47.1,24855.331
2886,上市,39.9,39.35,27544.571
2887,上市,24.75,24.7,48634.424
2887E,上市,51.1,51.1,186.921
2887F,上市,47.8,47.75,120.675
2887G,上市,42.5,42.6,145.661
2887H,上市,41.6,41.2,457.117
2887I,上市,9.4,9.4,2910.469
2887Z1,上市,17.65,17.65,323.567
2889,上市,15.35,15.35,2359.049
2890,上市,32.6,32.7,23642.666
2891,上市,56.3,56.5,72173.236
2891B,上市,64.0,64.2,3.22
2891C,上市,61.4,61.5,10.665
2892,上市,28.9,28.8,16267.109
2897,上市,10.1,10.1,3916.851
2897B,上市,11.9,11.9,44.997
2901,上市,23.5,23.8,35.33
2903,上市,23.1,23.15,1796.274
2904,上市,16.75,16.75,31.224
2905,上市,14.65,14.7,540.522
2906,上市,12.95,12.9,120.373
2908,上市,20.0,20.1,142.878
2910,上市,21.0,21.4,22.244
2911,上市,4.98,5.1,97.66
2912,上市,231.0,229.0,2126.8
2913,上市,12.35,12.4,971.257
2915,上市,47.5,47.9,1312.055
2923,上市,17.95,19.5,332.107
2929,上市,6.26,6.34,188.914
2939,上市,26.05,25.8,11.306
2945,上市,41.9,40.9,27.37
3002,上市,18.35,19.3,373.471
3003,上市,49.7,50.0,258.042
3004,上市,110.0,112.0,687.201
3005,上市,99.4,101.0,4506.719
3006,上市,168.0,160.5,26947.583
3008,上市,2220.0,2280.0,928.475
3010,上市,126.5,126.5,1198.443
3011,上市,12.15,12.6,916.731
3013,上市,99.9,101.0,1572.772
3014,上市,117.5,118.0,832.079
3015,上市,49.65,50.3,272.648
3016,上市,53.4,53.9,990.284
3017,上市,2200.0,2230.0,3868.944
3018,上市,11.45,11.4,8.704
3019,上市,124.5,126.0,1800.326
3021,上市,15.95,16.0,63.392
3022,上市,61.5,62.2,546.657
3023,上市,272.0,272.5,1321.763
3024,上市,10.25,10.35,724.697
3025,上市,63.9,64.2,1564.916
3026,上市,167.0,167.0,17023.593
3027,上市,19.1,19.45,386.882
3028,上市,54.1,54.8,3353.49
3029,上市,95.0,99.0,2479.028
3030,上市,268.0,272.5,10735.769
3031,上市,23.2,23.7,1675.368
3032,上市,62.9,63.8,232.559
3033,上市,32.8,33.1,3469.646
3034,上市,389.5,391.5,2561.929
3035,上市,143.0,150.5,2356.58
3036,上市,234.5,233.5,3645.889
3037,上市,606.0,620.0,40382.195
3038,上市,20.45,20.75,299.087
3040,上市,50.5,50.0,168.439
3041,上市,22.2,22.0,976.882
3042,上市,95.9,98.0,5910.767
3043,上市,19.5,19.6,83.045
3044,上市,367.0,370.0,5205.748
3045,上市,109.5,109.5,7390.361
3046,上市,47.1,47.2,184.52
3047,上市,15.65,16.0,1274.237
3048,上市,35.0,35.7,1475.128
3049,上市,11.2,11.4,6998.834
3050,上市,13.15,13.3,771.61
3051,上市,20.05,20.9,712.232
3052,上市,11.05,11.1,791.712
3054,上市,59.7,62.2,1044.922
3055,上市,58.7,60.0,796.534
3056,上市,14.8,15.15,1426.673
3057,上市,15.85,16.05,151.504
3058,上市,9.25,9.24,1062.518
3059,上市,36.5,37.15,1352.054
3060,上市,30.0,30.3,2287.605
3062,上市,29.9,30.5,27107.644
3090,上市,92.4,94.3,2861.288
3092,上市,29.0,28.9,439.717
3094,上市,23.3,23.55,282.789
3130,上市,219.5,220.0,55.413
3135,上市,108.5,114.0,1612.026
3138,上市,177.5,182.0,4928.817
3149,上市,42.3,43.45,3397.297
3150,上市,19.0,18.05,43.022
3164,上市,18.0,18.0,84.555
3167,上市,507.0,539.0,1809.219
3168,上市,41.35,42.15,36.25
3189,上市,391.5,394.0,15644.754
3209,上市,42.1,43.05,2336.597
3229,上市,18.75,18.8,76.368
3231,上市,126.5,131.0,40544.498
3257,上市,53.1,52.8,457.047
3266,上市,13.45,13.5,93.489
3296,上市,21.55,21.55,185.678
3305,上市,108.5,110.0,4141.999
3308,上市,21.1,21.1,117.326
3311,上市,31.8,32.8,324.18
3312,上市,35.8,37.1,1053.886
3321,上市,16.2,16.5,326.33
3338,上市,59.4,60.4,585.311
3346,上市,18.3,18.2,419.267
3356,上市,48.75,49.35,279.64
3376,上市,206.5,211.5,9293.464
3380,上市,38.5,41.05,19188.622
3406,上市,450.0,446.0,323.567
3413,上市,298.5,302.0,1911.939
3416,上市,146.5,149.0,157.086
3419,上市,15.5,15.5,294.575
3432,上市,17.0,16.1,117.764
3437,上市,20.3,20.8,2091.831
3443,上市,2500.0,2510.0,3309.931
3447,上市,38.1,38.9,182.557
3450,上市,268.0,271.5,13440.188
3481,上市,24.7,26.2,368105.745
3494,上市,7.9,7.84,65.048
3501,上市,48.0,47.75,97.291
3504,上市,52.3,52.3,129.375
3515,上市,210.0,217.0,650.482
3518,上市,20.65,20.7,167.487
3528,上市,65.4,66.9,231.459
3530,上市,60.8,62.2,251.656
3532,上市,134.5,141.0,2995.079
3533,上市,2145.0,2230.0,1620.662
3535,上市,122.5,121.0,8286.696
3543,上市,46.0,46.5,966.758
3545,上市,49.05,49.4,1574.038
3550,上市,18.0,18.25,967.771
3557,上市,30.45,30.65,30.635
3563,上市,839.0,842.0,3822.05
3576,上市,20.6,21.3,22745.064
3583,上市,548.0,557.0,2601.733
3588,上市,49.0,51.1,764.439
3591,上市,21.5,22.3,9167.613
3592,上市,223.0,224.5,508.695
3593,上市,13.55,13.4,33.609
3596,上市,170.0,172.5,1876.709
3605,上市,63.8,66.6,5246.915
3607,上市,14.25,14.2,139.293
3617,上市,169.0,170.0,207.794
3622,上市,57.1,56.9,373.449
3645,上市,70.5,76.4,6198.847
3652,上市,26.8,27.0,31.219
3653,上市,3950.0,4010.0,1649.302
3661,上市,2800.0,2860.0,2027.754
3665,上市,2100.0,2015.0,2700.249
3669,上市,39.2,35.8,710.918
3673,上市,51.3,51.7,20108.158
3679,上市,120.0,120.5,41.698
3686,上市,17.05,17.45,195.59
3694,上市,54.6,55.5,737.0
3701,上市,55.3,56.4,3125.872
3702,上市,92.0,91.9,13389.254
3703,上市,22.2,22.2,1080.32
3704,上市,32.7,34.35,4577.611
3705,上市,55.6,56.0,382.003
3706,上市,76.6,79.3,14309.605
3708,上市,115.0,113.5,612.328
3711,上市,364.0,383.0,25746.033
3712,上市,17.05,18.1,3716.566
3714,上市,50.8,52.1,37482.658
3715,上市,190.0,194.5,44314.167
3716,上市,33.05,32.9,90.698
3717,上市,22.85,23.85,4103.555
4104,上市,77.8,77.5,339.303
4106,上市,22.3,22.3,75.818
4108,上市,12.6,12.7,274.811
4119,上市,52.5,52.3,119.784
4133,上市,22.5,22.5,106.63
4137,上市,105.5,107.0,66.843
4142,上市,18.3,18.2,956.831
4148,上市,42.8,41.5,202.721
4155,上市,13.3,13.15,139.225
4164,上市,31.4,31.45,927.243
4169,上市,147.0,145.0,1878.735
4190,上市,27.2,26.85,58.933
4306,上市,13.6,13.5,1326.823
4414,上市,11.75,11.75,353.97
4426,上市,8.8,8.69,283.215
4438,上市,58.7,56.9,65.87
4439,上市,86.0,89.8,33.476
4440,上市,17.65,17.3,15.204
4441,上市,188.5,193.0,100.654
4526,上市,33.3,34.5,3430.567
4532,上市,26.05,25.9,1747.777
4536,上市,151.5,151.5,168.575
4540,上市,42.6,43.35,1108.315
4545,上市,30.3,31.5,158.152
4551,上市,134.0,132.0,644.626
4552,上市,21.1,21.05,74.411
4555,上市,36.0,35.75,84.289
4557,上市,56.5,57.3,91.216
4560,上市,33.0,32.75,549.0
4562,上市,30.65,30.85,232.0
4564,上市,18.6,18.65,452.492
4566,上市,56.2,58.1,432.456
4569,上市,141.0,141.5,85.395
4571,上市,151.0,153.5,187.029
4572,上市,143.0,141.5,25.308
4576,上市,143.0,149.0,4827.501
4581,上市,49.0,49.85,6.0
4583,上市,660.0,678.0,117.442
4585,上市,300.0,300.5,231.945
4588,上市,58.7,58.0,167.745
4590,上市,71.7,73.0,145.351
4720,上市,18.15,18.3,3012.312
4722,上市,172.0,169.5,1694.595
4736,上市,122.5,122.0,173.381
4737,上市,71.0,70.0,479.226
4739,上市,77.4,79.2,2179.156
4746,上市,55.2,54.5,656.376
4755,上市,140.0,137.5,560.036
4763,上市,42.35,43.0,4985.19
4764,上市,129.5,136.0,2812.962
4766,上市,321.5,320.0,302.221
4770,上市,219.0,228.5,598.863
4771,上市,187.5,185.5,101.192
4807,上市,14.35,14.25,46.806
4904,上市,94.4,93.3,5137.064
4906,上市,37.4,39.25,54426.612
4912,上市,89.9,90.6,362.18
4915,上市,72.0,72.6,1190.435
4916,上市,56.3,56.9,1929.542
4919,上市,89.6,91.4,6952.444
4927,上市,42.6,41.3,11708.774
4930,上市,19.5,19.55,31.396
4934,上市,16.35,16.5,784.267
4935,上市,36.25,36.1,57.332
4938,上市,78.6,79.6,10550.165
4942,上市,38.45,38.55,72.206
4943,上市,11.2,10.7,23.88
4949,上市,67.1,70.0,3410.282
4952,上市,39.7,40.0,241.024
4956,上市,36.5,35.4,15297.011
4958,上市,247.5,247.5,28674.117
4960,上市,20.15,20.5,11631.573
4961,上市,151.0,152.5,1040.978
4967,上市,227.0,224.5,11343.745
4968,上市,107.0,108.0,1071.787
4976,上市,28.1,28.2,485.134
4977,上市,194.0,186.5,9396.358
4989,上市,65.0,69.3,14445.863
4994,上市,99.1,101.0,45.836
4999,上市,21.15,21.25,51.028
5007,上市,56.0,56.6,102.819
5203,上市,63.0,63.1,353.642
5215,上市,37.05,36.95,34.771
5222,上市,113.0,116.5,863.325
5225,上市,81.0,80.1,243.368
5234,上市,370.0,392.0,1422.58
5243,上市,99.5,103.5,4675.942
5244,上市,39.65,38.75,1495.74
5258,上市,46.5,46.65,266.607
5269,上市,1100.0,1110.0,788.777
5283,上市,54.3,54.6,55.671
5284,上市,288.0,292.0,2828.382
5285,上市,50.0,51.0,401.626
5288,上市,142.5,141.5,67.389
5292,上市,215.0,214.5,719.117
5306,上市,86.1,85.0,266.149
5388,上市,82.6,81.6,8739.271
5434,上市,368.5,360.0,1393.594
5469,上市,82.2,84.0,1891.599
5471,上市,37.9,39.4,492.443
5484,上市,42.9,42.5,561.375
5515,上市,37.75,37.85,551.824
5519,上市,33.2,33.4,354.454
5521,上市,12.85,12.35,12581.312
5522,上市,73.1,73.6,917.518
5525,上市,24.6,25.3,84.062
5531,上市,8.82,8.85,1491.76
5533,上市,14.4,14.45,196.097
5534,上市,80.0,80.5,953.346
5538,上市,30.25,30.9,49.12
5546,上市,17.0,16.4,49.05
5607,上市,46.0,46.3,350.199
5608,上市,16.4,16.6,1014.232
5706,上市,52.1,52.1,286.42
5871,上市,109.0,109.5,3775.842
5871A,上市,102.0,102.0,25.408
5876,上市,39.75,39.55,5488.3
5880,上市,23.9,23.85,14752.107
5906,上市,47.95,48.0,2.28
5907,上市,5.83,5.87,225.991
6005,上市,28.45,29.15,12751.416
6024,上市,57.0,57.4,439.226
6108,上市,15.95,16.3,225.594
6112,上市,46.0,46.9,797.248
6115,上市,46.9,47.0,97.98
6116,上市,8.22,8.4,23862.792
6117,上市,70.4,71.8,265.817
6120,上市,12.85,13.55,5195.304
6128,上市,20.8,20.95,80.983
6133,上市,22.25,23.0,901.258
6136,上市,24.45,24.25,83.592
6139,上市,540.0,554.0,3956.606
6141,上市,19.75,21.9,2224.313
6142,上市,9.3,9.45,675.275
6152,上市,16.9,16.6,3666.738
6153,上市,16.25,17.35,8127.426
6155,上市,42.5,44.3,1196.17
6164,上市,11.85,12.2,670.096
6165,上市,45.65,45.5,225.263
6166,上市,58.3,59.3,429.983
6168,上市,27.15,27.3,22846.059
6176,上市,91.5,91.4,3060.235
6177,上市,47.55,47.55,789.116
6183,上市,91.1,92.6,30.645
6184,上市,47.55,47.75,82.616
6189,上市,45.15,45.65,479.777
6191,上市,91.2,94.3,3861.82
6192,上市,118.0,119.0,141.26
6196,上市,297.5,302.0,3666.525
6197,上市,181.5,182.0,7663.457
6201,上市,49.9,50.0,26.575
6202,上市,46.45,49.15,1805.1
6205,上市,53.2,54.5,953.15
6206,上市,99.5,103.5,1101.958
6209,上市,51.3,54.5,3195.861
6213,上市,194.0,197.0,60003.64
6214,上市,110.5,111.0,595.958
6215,上市,94.5,96.5,797.015
6216,上市,25.0,25.1,104.905
6224,上市,40.2,40.5,113.668
6225,上市,21.3,20.15,5.324
6226,上市,11.85,12.3,1044.636
6230,上市,146.0,146.0,129.164
6235,上市,45.2,45.55,708.271
6239,上市,200.0,211.0,10585.239
6243,上市,29.25,29.7,143.045
6257,上市,161.0,170.5,27263.162
6269,上市,62.0,64.1,4393.379
6271,上市,160.0,168.5,11243.108
6272,上市,32.6,32.35,199.575
6277,上市,70.6,72.0,516.608
6278,上市,94.6,94.7,1594.744
6281,上市,55.1,54.4,178.23
6282,上市,44.0,45.5,16099.991
6283,上市,20.9,20.65,43.264
6285,上市,212.0,216.5,67261.729
6405,上市,38.05,37.0,3572.234
6409,上市,738.0,739.0,549.967
6412,上市,75.2,78.3,1764.795
6414,上市,278.5,283.5,1246.929
6415,上市,289.0,299.5,5607.741
6416,上市,78.9,79.9,136.899
6426,上市,187.5,176.0,5094.839
6431,上市,22.1,22.1,150.214
6438,上市,174.5,177.0,4922.087
6442,上市,2235.0,2165.0,3062.535
6443,上市,39.7,40.4,23444.082
6446,上市,656.0,648.0,1770.596
6449,上市,152.5,155.0,339.477
6451,上市,357.5,357.5,1158.723
6456,上市,55.9,55.6,3495.542
6464,上市,76.0,77.1,29.664
6472,上市,427.5,416.5,1438.242
6477,上市,33.15,33.65,492.504
6491,上市,293.5,293.0,400.569
6504,上市,41.1,42.3,74.392
6505,上市,55.6,54.3,20932.861
6515,上市,7700.0,7810.0,205.874
6525,上市,82.2,83.5,390.365
6526,上市,495.0,488.0,418.933
6531,上市,490.0,478.0,4674.502
6533,上市,179.5,183.5,336.423
6534,上市,94.2,94.3,277.877
6541,上市,43.2,42.8,413.981
6550,上市,19.5,19.15,816.204
6552,上市,26.25,26.45,93.68
6558,上市,27.3,27.9,389.794
6573,上市,12.5,12.5,181.125
6579,上市,120.0,119.0,306.305
6581,上市,107.5,107.0,26.42
6582,上市,33.8,33.0,155.15
6585,上市,96.8,95.7,78.282
6589,上市,56.4,55.8,400.259
6591,上市,59.5,60.9,266.05
6592,上市,62.2,63.0,519.888
6592A,上市,97.6,97.6,1.232
6592B,上市,98.0,98.1,8.508
6598,上市,22.55,22.8,110.908
6605,上市,134.0,134.5,167.081
6606,上市,24.25,24.0,115.464
6614,上市,40.2,41.1,56.188
6625,上市,77.9,77.4,220.036
6641,上市,18.1,18.45,27.925
6645,上市,13.3,13.35,32.104
6655,上市,129.5,129.0,18.353
6657,上市,41.75,41.7,198.012
6658,上市,73.0,74.0,1897.809
6666,上市,40.0,40.45,12.491
6668,上市,33.95,33.55,239.019
6669,上市,3495.0,3570.0,1673.11
6670,上市,263.0,262.0,353.542
6671,上市,30.2,30.5,97.165
6672,上市,138.0,141.5,5167.53
6674,上市,17.75,18.35,42.0
6689,上市,73.7,74.6,409.94
6691,上市,575.0,582.0,525.969
6695,上市,38.45,39.45,216.004
6698,上市,30.05,30.95,141.186
6706,上市,122.0,126.0,5426.982
6715,上市,377.0,377.0,2953.805
6719,上市,163.0,164.0,285.151
6722,上市,38.55,39.5,129.751
6742,上市,40.35,40.75,172.838
6743,上市,22.45,23.25,201.614
6753,上市,128.0,129.0,391.271
6754,上市,45.5,45.6,33.13
6756,上市,71.0,73.0,153.98
6757,上市,49.15,50.1,1068.438
6768,上市,84.2,86.7,407.198
6770,上市,55.9,57.6,115253.686
6771,上市,44.8,44.35,29.103
6776,上市,58.0,59.4,482.181
6781,上市,998.0,1015.0,1323.423
6782,上市,196.5,197.0,208.678
6789,上市,345.0,342.0,4451.833
6790,上市,40.35,40.55,152.603
6792,上市,55.5,56.0,45.587
6794,上市,85.8,82.5,29.002
6796,上市,71.3,71.8,41.572
6799,上市,75.8,75.6,59.63
6805,上市,1900.0,1890.0,2755.129
6806,上市,28.2,28.2,3237.885
6807,上市,42.9,42.15,26.285
6830,上市,640.0,662.0,2579.12
6831,上市,403.0,418.5,1931.589
6834,上市,31.85,32.5,454.557
6835,上市,37.9,38.35,505.004
6838,上市,32.0,31.95,3480.029
6854,上市,142.0,141.5,517.468
6861,上市,129.0,130.5,734.829
6862,上市,163.5,169.5,300.504
6863,上市,88.1,90.1,68.987
6869,上市,85.0,84.4,518.028
6873,上市,89.0,88.5,1070.836
6885,上市,25.2,24.45,331.892
6887,上市,43.8,44.1,41.159
6890,上市,162.0,159.5,549.16
6901,上市,13.95,13.95,380.815
6902,上市,74.1,75.1,17.352
6906,上市,68.2,68.9,32.352
6908,上市,39.1,38.95,85.46
6909,上市,48.8,48.55,2280.691
6914,上市,151.0,151.5,65.451
6916,上市,18.5,17.4,17.065
6918,上市,77.0,76.8,61.508
6919,上市,109.5,115.5,28114.941
6921,上市,70.8,72.1,92.77
6923,上市,77.7,76.1,98.34
6924,上市,82.0,80.6,23.05
6928,上市,46.5,46.45,59.131
6931,上市,50.3,49.95,183.686
6933,上市,153.0,161.0,2381.328
6934,上市,80.5,83.0,160.292
6936,上市,34.5,34.8,29.327
6937,上市,259.5,264.5,597.894
6944,上市,833.0,896.0,2206.225
6949,上市,592.0,608.0,195.396
6951,上市,78.2,78.3,62.079
6952,上市,38.8,38.7,25.123
6955,上市,162.0,165.5,14.0
6957,上市,155.0,154.0,181.019
6958,上市,17.85,18.1,151.907
6958A,上市,18.6,18.6,7.0
6962,上市,33.2,33.5,2169.128
6965,上市,86.4,87.0,60.686
6969,上市,28.25,29.15,201.106
6988,上市,15.0,14.8,32.2
6994,上市,63.8,68.2,830.392
7610,上市,436.5,443.0,1010.341
7631,上市,111.0,111.0,85.237
7705,上市,34.9,34.65,32.872
7711,上市,283.5,294.0,678.46
7721,上市,85.0,81.6,1523.997
7722,上市,306.5,317.5,170.939
7730,上市,175.5,187.0,259.605
7732,上市,35.0,34.75,17.104
7736,上市,81.1,82.7,42.01
7740,上市,171.0,174.0,178.44
7749,上市,370.0,364.5,240.278
7750,上市,1460.0,1445.0,466.322
7765,上市,225.0,228.5,66.719
7769,上市,4200.0,4260.0,1114.585
7780,上市,21.0,21.3,4242.423
7786,上市,133.5,129.5,189.06
7788,上市,135.0,139.5,276.066
7791,上市,66.5,66.8,44.721
7795,上市,345.0,349.5,388.394
7799,上市,332.0,348.0,344.026
7822,上市,1745.0,1825.0,1091.208
7823,上市,78.9,80.5,20.211
8011,上市,20.3,21.15,4539.324
8016,上市,195.0,202.0,1560.529
8021,上市,276.0,293.0,29101.508
8028,上市,185.0,187.0,9245.839
8033,上市,135.5,137.0,1717.315
8039,上市,126.5,124.0,24532.454
8045,上市,75.5,74.0,160.81
8046,上市,658.0,637.0,32033.845
8070,上市,43.6,44.25,1147.835
8072,上市,27.05,28.5,654.539
8081,上市,233.0,235.0,287.432
8101,上市,14.05,14.4,14.258
8103,上市,81.3,84.1,978.25
8104,上市,31.8,31.95,382.283
8105,上市,13.35,13.55,3189.095
8110,上市,49.35,50.4,9438.746
8112,上市,80.9,82.8,16175.869
8112A,上市,46.2,46.3,29.592
8114,上市,170.5,174.0,465.295
8131,上市,60.9,61.8,3781.478
8150,上市,59.0,60.9,12797.29
8162,上市,38.95,40.2,178.377
8163,上市,26.8,27.05,696.792
8201,上市,12.2,12.5,82.502
8210,上市,855.0,898.0,4047.784
8213,上市,32.95,33.55,422.165
8215,上市,23.5,24.8,2719.522
8222,上市,34.5,34.75,176.191
8249,上市,47.95,48.8,328.773
8261,上市,107.0,108.5,4025.003
8271,上市,147.5,155.5,7983.656
8341,上市,76.2,76.2,135.571
8367,上市,43.2,43.05,28.031
8374,上市,71.8,71.2,1155.421
8404,上市,18.25,18.35,404.865
8411,上市,12.25,12.35,158.468
8422,上市,29.15,30.25,18453.706
8429,上市,6.87,6.91,207.323
8438,上市,80.0,81.7,8256.191
8442,上市,51.5,51.7,49.885
8443,上市,11.9,12.05,74.08
8454,上市,180.5,182.0,349.089
8462,上市,140.0,142.0,151.184
8463,上市,22.2,22.4,82.293
8464,上市,350.0,350.5,789.347
8466,上市,17.9,18.0,64.115
8467,上市,151.5,152.5,32.346
8473,上市,36.5,36.2,580.606
8476,上市,18.35,19.0,467.118
8478,上市,158.0,163.5,153.564
8481,上市,41.95,42.1,33.272
8482,上市,47.4,50.0,20.0
8487,上市,79.9,79.5,16.233
8488,上市,9.7,9.74,11.0
8499,上市,262.5,270.5,84.134
8926,上市,43.1,43.5,1133.743
8940,上市,18.95,18.65,20.473
8996,上市,955.0,921.0,5753.842
9103,上市,5.07,5.04,836.983
910322,上市,27.0,27.15,4.956
9105,上市,5.53,5.55,7683.313
910861,上市,4.25,4.44,70.0
9110,上市,3.12,3.07,37.0
911608,上市,2.85,2.92,53.118
911622,上市,4.0,3.96,9.026
911868,上市,1.24,1.23,601.959
912000,上市,2.5,2.48,371.703
9136,上市,8.98,9.57,1460.381
9802,上市,76.1,77.3,704.373
9902,上市,14.55,14.55,189.927
9904,上市,28.8,28.9,5524.213
9905,上市,21.3,21.25,105.132
9906,上市,42.9,42.55,90.721
9907,上市,18.75,18.55,2426.371
9908,上市,29.85,29.75,932.983
9910,上市,79.9,81.0,2008.363
9911,上市,85.7,84.5,463.538
9912,上市,12.7,12.75,107.015
9914,上市,64.0,61.9,4706.225
9917,上市,116.5,114.5,697.076
9918,上市,44.5,43.0,911.775
9919,上市,15.5,15.5,414.189
9921,上市,71.1,70.1,1481.182
9924,上市,44.95,45.45,59.198
9925,上市,40.75,40.75,178.637
9926,上市,49.65,49.7,58.291
9927,上市,68.7,68.6,99.975
9928,上市,18.35,18.05,40.849
9929,上市,11.9,12.35,31.532
9930,上市,70.2,71.0,102.678
9931,上市,36.3,35.95,439.87
9933,上市,36.15,36.0,8915.32
9934,上市,9.43,9.4,269.261
9935,上市,19.05,19.1,102.412
9937,上市,56.8,57.4,98.61
9938,上市,45.8,45.5,1804.92
9939,上市,117.0,115.5,1890.238
9940,上市,20.2,20.0,535.114
9941,上市,76.1,77.0,1201.179
9941A,上市,50.8,50.8,1.33
9942,上市,115.5,116.0,105.616
9943,上市,57.6,57.9,71.852
9944,上市,16.4,16.4,44.818
9945,上市,25.7,25.6,3908.562
9946,上市,17.3,17.2,251.914
9955,上市,30.7,31.2,528.727
9958,上市,109.5,112.0,1731.674
006201,上櫃,36.09,36.0,405.909
00679B,上櫃,27.44,27.4,79648.1
00687B,上櫃,28.49,28.5,31306.168
00687C,上櫃,9.46,9.46,25.0
00694B,上櫃,42.23,42.04,285.712
00695B,上櫃,35.92,35.91,298.898
00696B,上櫃,29.85,29.85,2859.49
00697B,上櫃,36.3,36.18,675.494
00719B,上櫃,31.48,31.35,3503.924
00720B,上櫃,33.74,33.8,8830.444
00722B,上櫃,36.95,37.04,2959.462
00723B,上櫃,31.62,31.59,339.524
00724B,上櫃,34.35,34.47,3766.561
00725B,上櫃,35.88,35.87,5636.17
00726B,上櫃,33.2,33.34,203.545
00727B,上櫃,40.23,40.25,144.872
00734B,上櫃,15.91,15.95,126.087
00740B,上櫃,39.27,39.31,3678.885
00741B,上櫃,37.82,37.92,118.142
00746B,上櫃,36.26,36.37,1964.064
00749B,上櫃,32.16,32.12,102.0
00750B,上櫃,33.93,33.93,100.001
00751B,上櫃,32.18,32.28,17509.838
00754B,上櫃,34.34,34.49,315.867
00755B,上櫃,33.29,33.45,161.99
00756B,上櫃,31.5,31.65,195.294
00758B,上櫃,52.15,52.35,101.005
00759B,上櫃,55.5,55.5,100.091
00760B,上櫃,54.15,54.25,140.587
00761B,上櫃,35.03,35.21,697.157
00764B,上櫃,28.44,28.47,8111.629
00768B,上櫃,51.8,51.75,170.371
00772B,上櫃,34.28,34.4,5985.641
00773B,上櫃,36.31,36.39,1917.808
00777B,上櫃,33.39,33.36,101.11
00778B,上櫃,34.99,34.99,100.0
00779B,上櫃,28.82,28.85,318.034
00780B,上櫃,37.97,37.94,232.201
00781B,上櫃,29.2,29.21,117.377
00782B,上櫃,31.15,31.31,145.49
00785B,上櫃,35.67,35.67,53.076
00786B,上櫃,33.16,33.15,16.001
00787B,上櫃,33.05,33.07,33.029
00788B,上櫃,30.58,30.58,70.215
00789B,上櫃,49.75,49.77,105.041
00791B,上櫃,57.3,57.3,100.011
00792B,上櫃,32.24,32.23,252.411
00793B,上櫃,31.18,31.21,176.062
00795B,上櫃,27.65,27.67,8047.286
00799B,上櫃,30.27,30.29,234.497
00834B,上櫃,34.78,34.73,104.0
00836B,上櫃,29.28,29.27,3.027
00840B,上櫃,30.62,30.62,100.0
00841B,上櫃,29.82,29.82,100.012
00842B,上櫃,31.61,31.55,413.563
00844B,上櫃,32.2,32.16,85.0
00845B,上櫃,33.62,33.59,102.0
00846B,上櫃,36.39,36.43,102.027
00847B,上櫃,26.1,26.24,457.07
00848B,上櫃,34.86,34.82,403.04
00849B,上櫃,37.6,37.61,425.213
00853B,上櫃,28.15,28.22,599.588
00856B,上櫃,37.99,37.91,20.826
00857B,上櫃,23.72,23.7,2159.334
00858,上櫃,32.19,32.52,1488.446
00859B,上櫃,41.32,41.1,3259.124
00860B,上櫃,38.49,38.42,112.0
00862B,上櫃,32.12,32.14,1521.739
00863B,上櫃,32.73,32.69,412.895
00864B,上櫃,46.65,46.49,3047.575
00867B,上櫃,31.92,31.9,88.0
00870B,上櫃,28.75,28.85,67.062
00877,上櫃,28.05,29.49,8001.508
00883B,上櫃,31.25,31.43,365.43
00884B,上櫃,29.74,30.09,537.131
00886,上櫃,35.1,35.6,39.466
00887,上櫃,12.25,12.79,11328.723
00888,上櫃,23.97,24.25,10766.526
00890B,上櫃,32.84,32.8,492.282
00928,上櫃,25.89,26.19,1341.665
00931B,上櫃,13.87,13.87,2977.018
00933B,上櫃,16.23,16.25,12416.535
00937B,上櫃,15.05,15.07,96356.149
00942B,上櫃,14.61,14.62,3596.372
00948B,上櫃,9.59,9.61,19060.343
00950B,上櫃,14.29,14.32,6895.312
00955,上櫃,16.39,16.25,13351.448
00957B,上櫃,13.69,13.72,2936.873
00958B,上櫃,9.39,9.39,4430.625
00959B,上櫃,9.46,9.48,3614.54
00966B,上櫃,14.13,14.14,1543.083
00967B,上櫃,9.34,9.34,1330.31
00968B,上櫃,9.42,9.42,4247.473
00969B,上櫃,8.63,8.62,762.688
00970B,上櫃,9.52,9.52,2904.281
009806,上櫃,11.62,11.89,206.306
009807,上櫃,12.41,12.83,403.089
00980B,上櫃,9.61,9.62,453.594
00980D,上櫃,20.59,20.61,2314.806
00980T,上櫃,10.34,10.49,2353.07
009814,上櫃,9.9,10.03,3829.883
009815,上櫃,9.55,9.63,15987.216
00981B,上櫃,9.36,9.36,16318.269
00981D,上櫃,10.4,10.41,7378.078
00982B,上櫃,9.97,10.0,90.61
00983B,上櫃,16.05,16.05,558.792
00984B,上櫃,16.62,16.67,9179.045
00985D,上櫃,10.23,10.21,1918.667
00986B,上櫃,10.01,10.01,188.101
00987B,上櫃,15.82,15.77,2523.074
00988B,上櫃,19.96,19.96,526.306
00989B,上櫃,10.01,10.0,5719.891
020001,上櫃,0.0,0.0,0.0
020025,上櫃,24.86,25.42,268.0
020027,上櫃,7.61,7.73,21.0
020033,上櫃,3.84,3.88,11.0
020035,上櫃,10.17,10.33,26.0
020040,上櫃,8.35,8.34,33.0
020041,上櫃,15.16,15.29,67.0
1240,上櫃,59.1,58.9,27.66
1259,上櫃,59.8,59.8,15.245
1264,上櫃,280.0,279.5,45.019
1268,上櫃,157.0,157.0,4.36
1294,上櫃,81.8,81.2,20.618
1295,上櫃,60.4,61.7,123.283
1336,上櫃,13.95,13.95,103.759
1565,上櫃,103.5,103.5,264.166
1569,上櫃,51.6,52.3,834.554
1570,上櫃,31.95,31.75,30.81
1580,上櫃,129.5,129.5,38.602
1584,上櫃,21.85,22.25,1323.47
1586,上櫃,22.75,22.7,264.778
1591,上櫃,42.95,44.05,221.09
1593,上櫃,33.2,33.9,13.165
1595,上櫃,41.4,42.1,184.389
1599,上櫃,25.4,25.4,16.546
1742,上櫃,16.2,16.15,28.941
1777,上櫃,71.7,71.8,60.24
1781,上櫃,12.1,12.05,18.482
1784,上櫃,79.2,79.1,123.018
1785,上櫃,93.5,95.5,38619.495
1788,上櫃,136.0,136.5,35.052
1796,上櫃,41.0,40.8,24.096
1799,上櫃,41.0,42.8,693.744
1813,上櫃,13.5,13.55,4.923
1815,上櫃,108.0,112.0,70500.178
2035,上櫃,28.3,28.6,86.311
2061,上櫃,16.9,17.0,118.54
2063,上櫃,27.3,27.25,22.48
2064,上櫃,11.65,11.8,8.546
2065,上櫃,31.4,30.75,58.105
2066,上櫃,50.1,49.6,59.451
2067,上櫃,7.69,7.65,30.0
2070,上櫃,39.1,38.6,246.707
2073,上櫃,26.5,26.5,2.0
2221,上櫃,30.85,30.9,10.632
2230,上櫃,30.9,31.4,190.906
2235,上櫃,0.0,0.0,0.13
2596,上櫃,32.55,32.55,28.411
2640,上櫃,173.5,168.0,131.409
2641,上櫃,18.05,18.15,1533.883
2643,上櫃,69.0,69.3,46.223
2718,上櫃,46.5,46.6,14.282
2719,上櫃,27.0,27.3,22.209
2724,上櫃,17.85,18.05,13.717
2726,上櫃,10.05,10.0,25.0
2729,上櫃,170.0,173.0,13.805
2732,上櫃,66.6,67.4,34.228
2734,上櫃,16.4,16.5,106.788
2736,上櫃,13.15,13.2,116.367
2740,上櫃,38.0,38.0,21.002
2743,上櫃,73.8,74.7,107.388
2745,上櫃,106.5,106.5,232.737
2751,上櫃,59.9,61.2,67.35
2752,上櫃,212.0,212.0,96.081
2754,上櫃,68.1,68.8,54.048
2755,上櫃,140.5,143.5,104.26
2756,上櫃,70.1,70.4,59.503
2916,上櫃,47.85,47.7,42.151
2924,上櫃,18.0,18.6,2.001
2926,上櫃,38.1,38.25,53.012
2937,上櫃,43.5,43.5,2.631
2941,上櫃,0.0,0.0,0.101
2947,上櫃,78.5,79.6,5.105
2948,上櫃,38.65,40.0,4.0
2949,上櫃,60.6,59.8,4.811
3064,上櫃,20.0,22.9,29.65
3066,上櫃,17.6,18.95,499.48
3067,上櫃,0.0,0.0,0.0
3071,上櫃,27.3,28.0,640.048
3073,上櫃,26.1,25.85,171.504
3078,上櫃,57.4,57.9,642.197
3081,上櫃,2080.0,2040.0,4660.073
3083,上櫃,27.5,27.05,43.299
3085,上櫃,13.4,13.4,1.0
3086,上櫃,335.0,325.0,274.066
3088,上櫃,82.6,84.7,633.751
3093,上櫃,57.8,57.8,4721.727
3095,上櫃,31.55,31.55,43.233
3105,上櫃,430.5,440.0,40094.354
3114,上櫃,26.25,26.75,73.176
3115,上櫃,9.48,9.45,8.162
3118,上櫃,33.6,33.65,20.195
3122,上櫃,24.65,25.2,75.673
3128,上櫃,24.2,24.35,173.954
3131,上櫃,3300.0,3340.0,832.989
3141,上櫃,43.5,43.55,703.365
3147,上櫃,159.0,161.5,171.845
3152,上櫃,162.0,163.5,2592.936
3158,上櫃,90.0,90.9,7.394
3162,上櫃,61.9,66.8,7839.946
3163,上櫃,1110.0,1145.0,3094.058
3169,上櫃,91.0,93.3,141.579
3171,上櫃,66.4,67.9,131.081
3176,上櫃,32.95,33.0,236.827
3178,上櫃,64.9,64.5,326.983
3188,上櫃,28.4,28.0,371.569
3191,上櫃,13.85,13.85,15.097
3205,上櫃,60.2,61.1,959.541
3206,上櫃,38.05,38.5,218.694
3207,上櫃,68.5,68.1,359.086
3211,上櫃,370.5,378.5,10976.23
3213,上櫃,103.0,104.5,600.272
3217,上櫃,155.0,157.0,701.531
3218,上櫃,133.0,131.5,251.72
3219,上櫃,62.6,63.0,144.758
3221,上櫃,35.5,36.15,5877.154
3224,上櫃,40.6,39.1,152.811
3226,上櫃,46.35,44.3,15.032
3227,上櫃,185.0,189.0,868.824
3228,上櫃,133.5,135.5,285.091
3230,上櫃,39.75,39.05,397.438
3232,上櫃,22.35,22.35,4.225
3234,上櫃,90.2,95.8,4990.286
3236,上櫃,30.3,31.05,1722.729
3252,上櫃,19.95,20.2,71.717
3259,上櫃,17.3,17.35,43.263
3260,上櫃,391.0,389.0,25912.532
3264,上櫃,161.5,164.5,11175.174
3265,上櫃,150.5,158.0,6994.282
3268,上櫃,14.5,14.55,85.002
3272,上櫃,15.85,15.65,54.786
3276,上櫃,14.05,14.1,159.927
3284,上櫃,19.35,19.5,93.689
3285,上櫃,28.45,29.0,10.33
3287,上櫃,28.3,28.35,39.514
3288,上櫃,15.3,15.25,7.246
3289,上櫃,132.0,137.0,3234.833
3290,上櫃,45.35,46.1,895.351
3293,上櫃,787.0,772.0,2174.848
3294,上櫃,31.5,32.5,345.959
3297,上櫃,32.9,32.7,118.949
3303,上櫃,45.8,45.4,124.023
3306,上櫃,46.65,47.65,129.748
3310,上櫃,70.3,71.4,116.737
3313,上櫃,12.55,12.6,101.7
3317,上櫃,51.1,51.3,2264.428
3322,上櫃,13.4,13.3,3207.384
3323,上櫃,33.25,33.1,520.184
3324,上櫃,980.0,1005.0,5818.792
3325,上櫃,12.5,12.65,174.697
3332,上櫃,55.6,56.3,12.798
3339,上櫃,43.75,45.45,14795.47
3349,上櫃,28.0,28.0,166.012
3354,上櫃,24.45,25.45,429.514
3357,上櫃,150.0,151.0,1294.892
3360,上櫃,14.3,14.6,276.118
3362,上櫃,95.8,97.0,349.425
3363,上櫃,710.0,720.0,1405.499
3372,上櫃,19.1,19.45,494.015
3373,上櫃,17.25,17.3,68.766
3374,上櫃,161.0,165.5,3226.243
3379,上櫃,37.8,38.05,208.307
3388,上櫃,65.8,69.9,675.499
3390,上櫃,21.25,21.85,183.715
3402,上櫃,121.5,122.5,547.984
3426,上櫃,47.55,47.6,22.0
3430,上櫃,70.0,71.9,305.851
3434,上櫃,28.65,28.35,107.639
3438,上櫃,44.8,44.7,72.4
3441,上櫃,29.95,30.75,109.335
3444,上櫃,67.0,69.6,547.479
3455,上櫃,167.5,167.5,1090.431
3465,上櫃,37.2,37.95,42.075
3466,上櫃,35.15,34.5,221.034
3467,上櫃,40.55,41.5,53.109
3479,上櫃,85.9,86.4,193.328
3483,上櫃,76.8,77.5,366.317
3484,上櫃,45.2,46.6,369.029
3489,上櫃,23.1,23.4,119.44
3490,上櫃,27.3,27.05,3681.219
3491,上櫃,1730.0,1790.0,2922.387
3492,上櫃,24.65,24.4,78.174
3498,上櫃,74.6,76.5,4635.717
3499,上櫃,17.7,18.0,106.155
3508,上櫃,29.25,29.25,177.669
3511,上櫃,19.2,19.2,143.261
3512,上櫃,21.5,21.4,48.102
3516,上櫃,18.85,18.95,23.791
3520,上櫃,14.15,14.2,55.018
3521,上櫃,12.85,13.45,109.635
3522,上櫃,12.65,12.9,77.255
3523,上櫃,12.9,13.2,8.282
3526,上櫃,292.0,293.0,1037.252
3527,上櫃,53.3,52.9,71.167
3529,上櫃,2860.0,2925.0,934.847
3531,上櫃,21.2,21.75,15.0
3537,上櫃,42.6,43.75,170.335
3540,上櫃,26.75,26.75,218.666
3541,上櫃,24.2,24.2,37.959
3546,上櫃,68.7,69.4,118.158
3548,上櫃,81.2,81.7,233.949
3551,上櫃,175.0,176.0,419.523
3552,上櫃,54.9,53.8,461.324
3555,上櫃,181.5,181.5,102.544
3556,上櫃,46.5,45.8,421.188
3558,上櫃,111.0,112.5,185.366
3564,上櫃,40.7,41.35,66.61
3567,上櫃,25.75,26.1,120.507
3570,上櫃,164.0,166.5,18.644
3577,上櫃,77.6,76.1,165.301
3580,上櫃,73.0,77.2,1311.988
3581,上櫃,66.8,66.7,576.792
3587,上櫃,249.0,254.5,1939.062
3594,上櫃,39.3,39.0,71.604
3597,上櫃,23.85,23.75,21.024
3609,上櫃,25.7,26.2,140.897
3611,上櫃,186.0,186.0,34.472
3615,上櫃,32.55,32.8,1725.944
3623,上櫃,21.25,22.05,87.183
3624,上櫃,46.45,47.8,697.009
3625,上櫃,16.15,17.0,289.62
3628,上櫃,66.0,64.6,70.5
3629,上櫃,0.0,0.0,0.0
3630,上櫃,27.6,28.35,646.191
3631,上櫃,27.8,26.55,85.27
3632,上櫃,9.12,9.45,46.476
3646,上櫃,24.0,24.0,26.135
3663,上櫃,68.0,70.0,1807.418
3664,上櫃,8.3,8.25,60.232
3666,上櫃,26.0,26.05,16.373
3672,上櫃,10.95,10.65,22.691
3675,上櫃,197.0,198.0,685.975
3680,上櫃,385.0,404.5,1711.384
3684,上櫃,59.3,60.3,86.474
3685,上櫃,29.1,28.6,268.773
3687,上櫃,70.7,70.2,84.192
3689,上櫃,125.0,126.5,16294.333
3691,上櫃,107.5,110.0,494.71
3693,上櫃,515.0,547.0,3416.125
3707,上櫃,51.0,50.6,1875.83
3709,上櫃,66.8,69.1,2372.105
3710,上櫃,6.28,6.38,363.198
3713,上櫃,14.15,14.0,159.118
4102,上櫃,19.35,19.35,34.315
4105,上櫃,74.7,73.8,909.022
4107,上櫃,117.5,118.0,78.382
4109,上櫃,12.45,12.5,169.727
4111,上櫃,29.25,29.35,88.487
4113,上櫃,17.0,16.45,600.344
4114,上櫃,31.35,31.2,524.163
4116,上櫃,39.55,39.6,29.539
4120,上櫃,47.35,48.25,55.785
4121,上櫃,15.4,15.4,183.954
4123,上櫃,41.3,41.1,1625.391
4126,上櫃,80.5,80.4,130.645
4127,上櫃,36.35,35.35,32.989
4128,上櫃,17.25,17.15,626.337
4129,上櫃,99.5,99.2,251.714
4130,上櫃,34.6,34.15,855.276
4131,上櫃,34.5,35.75,98.58
4138,上櫃,61.2,62.0,35.631
4139,上櫃,25.05,24.85,20.0
4147,上櫃,56.7,56.1,1360.231
4153,上櫃,33.6,32.85,132.263
4154,上櫃,14.45,14.45,18.0
4157,上櫃,11.2,11.2,1092.386
4160,上櫃,44.9,45.7,33.946
4161,上櫃,24.5,24.7,51.234
4162,上櫃,58.5,58.5,219.041
4163,上櫃,108.0,108.0,46.163
4166,上櫃,25.9,25.5,74.0
4167,上櫃,20.7,20.7,1074.173
4168,上櫃,23.8,23.15,151.342
4171,上櫃,18.95,18.55,114.443
4173,上櫃,20.65,20.5,113.114
4174,上櫃,39.0,39.0,368.963
4175,上櫃,56.8,56.1,34.532
4183,上櫃,16.0,16.0,4.001
4188,上櫃,12.2,12.2,53.558
4192,上櫃,19.9,20.5,9.524
4198,上櫃,36.7,39.8,14.526
4205,上櫃,77.7,77.7,19.358
4207,上櫃,18.3,18.5,780.447
4303,上櫃,55.0,55.0,543.552
4304,上櫃,28.5,29.8,33.001
4305,上櫃,43.4,43.7,4.001
4401,上櫃,15.1,14.95,57.276
4402,上櫃,17.65,16.8,48.062
4406,上櫃,9.96,9.96,5.03
4413,上櫃,0.0,0.0,0.761
4416,上櫃,13.1,12.85,362.444
4417,上櫃,50.4,50.2,75.328
4419,上櫃,51.0,51.0,1.259
4420,上櫃,41.15,41.05,82.957
4430,上櫃,17.7,17.9,19.668
4432,上櫃,15.6,15.5,65.0
4433,上櫃,20.95,20.9,14.635
4442,上櫃,62.9,61.1,284.908
4502,上櫃,15.8,15.75,28.101
4503,上櫃,40.0,40.2,117.832
4506,上櫃,117.0,117.5,17.624
4510,上櫃,42.8,42.45,576.92
4513,上櫃,16.65,16.85,222.808
4523,上櫃,30.0,30.05,283.674
4527,上櫃,42.65,43.25,38.533
4528,上櫃,17.65,17.65,23.618
4529,上櫃,3.06,3.05,44.008
4530,上櫃,28.45,27.95,27.494
4533,上櫃,29.85,30.35,1397.597
4534,上櫃,23.55,23.35,720.21
4535,上櫃,28.25,28.2,10.241
4538,上櫃,18.95,18.9,16.062
4541,上櫃,41.0,41.45,483.692
4542,上櫃,172.0,172.0,199.978
4543,上櫃,30.8,31.6,269.956
4549,上櫃,107.0,101.0,914.343
4550,上櫃,24.85,24.55,6.251
4554,上櫃,29.3,29.1,40.263
4556,上櫃,27.5,27.0,27.107
4558,上櫃,19.3,19.4,62.051
4561,上櫃,32.1,32.8,99.219
4563,上櫃,40.7,40.8,121.885
4568,上櫃,42.3,42.0,5.058
4577,上櫃,107.0,116.5,3582.621
4580,上櫃,79.7,79.5,29.668
4584,上櫃,41.8,41.35,15.313
4609,上櫃,5.25,5.25,2.0
4702,上櫃,10.0,9.99,50.316
4706,上櫃,30.35,30.6,6.644
4707,上櫃,11.45,11.55,1653.155
4711,上櫃,15.55,15.5,55.058
4714,上櫃,14.1,14.25,617.712
4716,上櫃,14.1,14.1,285.122
4721,上櫃,73.4,74.0,562.239
4726,上櫃,30.8,30.7,198.773
4728,上櫃,386.0,383.5,4.085
4729,上櫃,19.2,19.85,155.667
4735,上櫃,31.1,31.55,39.677
4741,上櫃,44.5,45.85,1281.747
4743,上櫃,54.5,54.6,1336.984
4744,上櫃,36.55,36.85,527.133
4745,上櫃,19.95,19.55,280.269
4747,上櫃,55.2,55.7,33.153
4749,上櫃,843.0,868.0,1639.654
4754,上櫃,37.9,37.4,19.771
4760,上櫃,222.0,227.5,1516.816
4767,上櫃,25.8,25.05,10.238
4768,上櫃,447.5,478.0,1793.509
4772,上櫃,289.5,292.5,1725.476
4804,上櫃,4.47,4.47,624.584
4806,上櫃,10.15,10.45,14.039
4903,上櫃,45.9,45.3,3520.455
4905,上櫃,84.7,84.0,30.861
4907,上櫃,40.7,41.35,14.051
4908,上櫃,108.0,108.0,3478.223
4909,上櫃,58.8,58.6,1838.752
4911,上櫃,38.5,38.8,172.13
4923,上櫃,37.0,36.55,117.157
4924,上櫃,10.1,9.88,170.353
4931,上櫃,135.5,133.5,5614.561
4933,上櫃,58.0,57.9,182.087
4939,上櫃,28.7,29.85,1268.566
4946,上櫃,108.0,110.0,54.867
4950,上櫃,16.75,17.2,83.817
4951,上櫃,71.5,71.9,426.297
4953,上櫃,118.0,120.0,840.268
4966,上櫃,480.0,478.0,651.095
4971,上櫃,641.0,645.0,726.99
4972,上櫃,17.55,17.5,23.984
4973,上櫃,74.3,76.2,7822.54
4974,上櫃,70.5,70.6,135.122
4979,上櫃,434.0,421.5,2041.461
4987,上櫃,81.2,81.3,11.698
4991,上櫃,508.0,517.0,1105.627
4995,上櫃,40.75,40.8,15.089
5009,上櫃,32.35,32.45,1185.221
5011,上櫃,13.0,13.1,259.276
5013,上櫃,28.75,29.05,23.25
5014,上櫃,10.3,10.3,183.243
5015,上櫃,25.8,25.75,16.534
5016,上櫃,31.45,31.3,652.751
5201,上櫃,38.95,38.8,67.508
5202,上櫃,12.7,12.85,152.635
5205,上櫃,29.9,28.9,11.001
5206,上櫃,28.35,29.0,49.15
5209,上櫃,168.0,167.0,13.254
5210,上櫃,21.9,21.85,50.201
5211,上櫃,21.25,21.3,51.587
5212,上櫃,51.5,50.9,156.238
5213,上櫃,27.2,27.05,513.846
5220,上櫃,19.5,19.25,12.449
5223,上櫃,26.55,26.05,27.607
5227,上櫃,22.3,22.1,388.391
5228,上櫃,23.2,22.9,98.277
5230,上櫃,16.15,16.1,97.595
5236,上櫃,135.5,140.5,577.902
5245,上櫃,23.4,23.4,67.103
5251,上櫃,28.3,28.7,120.589
5263,上櫃,91.7,94.4,387.252
5272,上櫃,21.8,22.2,172.798
5274,上櫃,12200.0,12615.0,207.616
5276,上櫃,15.55,15.5,8.0
5278,上櫃,23.9,24.0,336.688
5287,上櫃,168.5,168.0,76.203
5289,上櫃,1050.0,1075.0,1684.881
5291,上櫃,68.7,71.3,2425.581
5299,上櫃,81.0,79.2,197.952
5301,上櫃,0.0,0.0,0.002
5302,上櫃,10.6,10.9,323.618
5309,上櫃,57.6,57.8,2308.947
5310,上櫃,25.6,26.0,6.483
5312,上櫃,97.0,97.3,28.263
5314,上櫃,80.0,79.0,4176.6
5315,上櫃,22.6,22.8,342.702
5321,上櫃,23.8,23.95,24.898
5324,上櫃,11.95,12.0,190.646
5328,上櫃,23.3,24.1,2762.418
5340,上櫃,115.5,120.0,15451.479
5344,上櫃,13.65,13.8,42.71
5345,上櫃,23.45,23.5,29.198
5347,上櫃,125.5,131.0,36749.881
5348,上櫃,17.1,17.1,12.312
5351,上櫃,69.5,71.0,5526.467
5353,上櫃,24.65,24.65,72.683
5355,上櫃,6.15,6.63,40.229
5356,上櫃,25.45,25.35,137.834
5364,上櫃,11.35,11.35,103.295
5371,上櫃,73.9,74.8,2848.211
5386,上櫃,333.5,333.5,331.512
5392,上櫃,36.3,36.65,801.671
5398,上櫃,21.6,21.65,48.126
5403,上櫃,98.5,99.5,57.177
5410,上櫃,30.15,30.2,291.455
5425,上櫃,60.0,57.7,9541.403
5426,上櫃,19.5,20.0,407.975
5432,上櫃,136.0,135.0,29.586
5438,上櫃,18.8,19.4,100.114
5439,上櫃,285.0,305.0,7793.129
5443,上櫃,104.0,108.0,6656.331
5450,上櫃,14.35,14.7,61.945
5452,上櫃,32.8,32.9,1692.941
5455,上櫃,0.0,0.0,6000.002
5457,上櫃,35.2,35.65,1069.683
5460,上櫃,14.55,14.45,101.101
5464,上櫃,28.8,28.45,426.489
5465,上櫃,25.15,25.55,116.217
5468,上櫃,17.85,18.65,161.419
5474,上櫃,135.0,135.0,218.756
5475,上櫃,279.5,284.5,7203.058
5478,上櫃,98.9,99.7,114.887
5481,上櫃,22.4,21.95,218.501
5483,上櫃,109.0,112.0,6639.656
5487,上櫃,27.85,27.8,11.003
5488,上櫃,9.96,10.1,332.874
5489,上櫃,40.2,41.0,85.116
5490,上櫃,26.9,26.9,371.474
5493,上櫃,78.0,79.2,92.916
5498,上櫃,56.5,59.2,8516.986
5508,上櫃,50.7,50.9,332.545
5511,上櫃,74.0,74.1,130.707
5512,上櫃,7.83,7.86,639.492
5514,上櫃,15.75,15.85,16.297
5516,上櫃,12.55,12.85,6.417
5520,上櫃,82.0,82.0,1.276
5523,上櫃,29.3,29.9,12.769
5529,上櫃,25.5,25.7,47.553
5530,上櫃,47.0,46.85,248.025
5536,上櫃,705.0,693.0,1279.9
5543,上櫃,27.65,27.25,20.141
5547,上櫃,22.3,22.35,62.461
5548,上櫃,24.9,25.05,87.0
5601,上櫃,36.5,36.5,1.0
5603,上櫃,16.9,16.9,26.584
5604,上櫃,34.3,34.6,15.34
5609,上櫃,79.0,78.8,105.252
5701,上櫃,3.54,3.53,54.271
5703,上櫃,13.2,13.75,5.051
5704,上櫃,21.6,21.8,39.861
5864,上櫃,23.3,23.8,4955.954
5878,上櫃,41.0,41.0,8.765
5902,上櫃,39.0,38.9,19.15
5903,上櫃,190.0,190.5,20.068
5904,上櫃,509.0,506.0,199.64
5905,上櫃,7.73,7.98,1352.742
6015,上櫃,13.45,13.5,1335.702
6016,上櫃,16.8,17.1,5248.314
6020,上櫃,19.5,19.4,6.0
6021,上櫃,30.15,30.2,159.404
6023,上櫃,100.5,99.6,233.356
6026,上櫃,14.9,14.95,1818.534
6028,上櫃,88.8,90.2,250.33
6101,上櫃,40.1,39.65,253.309
6103,上櫃,42.0,41.5,7.237
6104,上櫃,92.4,92.2,1214.434
6109,上櫃,11.9,11.85,321.805
6111,上櫃,43.4,44.0,442.495
6113,上櫃,19.95,19.95,81.814
6114,上櫃,29.55,29.5,25.237
6118,上櫃,17.1,17.45,149.457
6121,上櫃,345.5,348.0,319.605
6122,上櫃,51.6,50.9,191.729
6123,上櫃,43.5,43.75,53.319
6124,上櫃,28.85,31.6,148.255
6125,上櫃,52.8,52.9,1104.191
6126,上櫃,32.0,32.05,2157.519
6127,上櫃,39.65,39.8,7067.476
6129,上櫃,15.3,15.85,570.755
6130,上櫃,24.7,25.05,218.94
6134,上櫃,28.7,30.5,1360.448
6138,上櫃,215.5,217.5,378.965
6140,上櫃,17.9,18.05,215.059
6143,上櫃,98.0,100.0,970.133
6144,上櫃,16.6,16.6,2.221
6146,上櫃,196.0,196.0,410.559
6147,上櫃,98.0,98.7,20255.086
6148,上櫃,32.9,33.95,322.969
6150,上櫃,56.8,57.2,232.952
6151,上櫃,32.85,32.55,519.914
6154,上櫃,13.4,13.4,8.044
6156,上櫃,19.45,19.75,381.975
6158,上櫃,17.95,18.15,85.343
6160,上櫃,15.6,15.7,100.181
6161,上櫃,40.1,40.35,112.887
6163,上櫃,61.5,61.0,6244.962
6167,上櫃,12.95,13.25,688.604
6169,上櫃,16.25,16.3,33.493
6170,上櫃,51.4,51.3,253.828
6171,上櫃,27.3,26.6,65.806
6173,上櫃,59.9,62.3,2045.781
6174,上櫃,22.6,22.4,92.994
6175,上櫃,47.8,50.3,4783.476
6179,上櫃,24.15,24.2,752.694
6180,上櫃,43.75,43.6,286.519
6182,上櫃,31.7,33.55,5198.312
6185,上櫃,14.05,13.95,173.499
6186,上櫃,40.0,40.35,400.986
6187,上櫃,968.0,980.0,784.109
6188,上櫃,87.8,89.4,1161.663
6190,上櫃,57.3,61.0,16833.29
6194,上櫃,32.8,32.75,88.492
6195,上櫃,24.5,24.5,31.36
6198,上櫃,21.65,21.65,2.0
6199,上櫃,110.5,114.0,416.928
6203,上櫃,66.9,67.7,143.672
6204,上櫃,62.2,60.0,58.556
6207,上櫃,50.8,52.5,1992.526
6208,上櫃,58.2,56.6,2205.505
6210,上櫃,19.7,19.9,3.368
6212,上櫃,27.3,27.05,12.479
6217,上櫃,215.0,195.5,24254.486
6218,上櫃,29.5,31.45,3951.243
6219,上櫃,14.7,14.6,184.162
6220,上櫃,33.9,33.55,561.431
6221,上櫃,27.0,26.45,97.987
6222,上櫃,20.9,20.7,94.595
6223,上櫃,4155.0,4310.0,975.551
6227,上櫃,92.0,91.9,2090.082
6228,上櫃,23.25,23.95,18.0
6229,上櫃,20.8,20.45,108.815
6231,上櫃,273.0,269.0,1732.634
6233,上櫃,25.2,25.55,317.118
6234,上櫃,28.45,29.15,947.32
6236,上櫃,0.0,0.0,0.0
6237,上櫃,35.4,36.5,388.527
6240,上櫃,18.15,18.6,16.2
6241,上櫃,11.25,10.95,39.664
6242,上櫃,37.8,37.75,3.243
6244,上櫃,26.1,26.4,4119.559
6245,上櫃,71.0,73.0,1313.328
6246,上櫃,17.05,17.0,27.58
6248,上櫃,20.1,20.15,63.159
6259,上櫃,17.05,17.3,6.761
6261,上櫃,81.0,79.2,4006.293
6263,上櫃,123.0,125.5,59.555
6264,上櫃,6.36,6.56,45.009
6265,上櫃,37.1,38.2,3101.532
6266,上櫃,28.1,28.3,134.925
6270,上櫃,24.4,24.65,256.569
6274,上櫃,723.0,725.0,20142.289
6275,上櫃,46.95,47.95,336.34
6276,上櫃,33.3,33.35,42.986
6279,上櫃,106.5,105.5,825.255
6284,上櫃,82.9,83.7,1126.551
6290,上櫃,206.0,207.5,4638.935
6291,上櫃,394.5,377.0,2910.757
6292,上櫃,44.85,45.0,115.427
6294,上櫃,40.35,40.3,29.415
6411,上櫃,75.3,76.1,317.023
6417,上櫃,103.5,102.5,25.005
6418,上櫃,29.45,29.35,100.023
6419,上櫃,90.0,92.1,243.138
6423,上櫃,83.9,87.0,72.364
6425,上櫃,65.0,66.0,332.718
6432,上櫃,33.0,32.7,117.122
6435,上櫃,165.0,160.5,1066.578
6441,上櫃,19.55,19.15,222.761
6461,上櫃,18.35,18.45,119.131
6462,上櫃,103.5,104.0,1319.359
6465,上櫃,45.0,46.5,295.088
6469,上櫃,81.8,82.2,233.18
6470,上櫃,46.7,47.8,122.357
6474,上櫃,35.9,36.0,5.25
6482,上櫃,33.1,31.95,24.511
6485,上櫃,79.5,79.9,389.29
6486,上櫃,87.2,87.0,237.508
6488,上櫃,426.0,436.0,2575.906
6492,上櫃,48.6,49.3,386.127
6494,上櫃,48.0,48.7,346.793
6496,上櫃,26.75,26.65,16.353
6498,上櫃,86.8,87.5,29.517
6499,上櫃,89.4,90.2,373.458
6506,上櫃,16.6,16.5,116.469
6508,上櫃,26.75,26.85,102.654
6509,上櫃,43.75,44.9,3781.73
6510,上櫃,3495.0,3435.0,615.38
6512,上櫃,19.65,19.6,23.33
6516,上櫃,61.7,62.0,35.803
6517,上櫃,55.8,56.1,125.695
6523,上櫃,116.5,116.0,17.98
6527,上櫃,70.4,70.0,60.83
6530,上櫃,98.4,98.5,11506.445
6532,上櫃,74.1,74.4,594.628
6535,上櫃,140.0,141.0,117.391
6538,上櫃,73.4,73.0,114.193
6542,上櫃,54.0,53.9,18.01
6546,上櫃,67.7,69.0,663.362
6547,上櫃,59.3,59.5,2060.175
6548,上櫃,48.2,48.8,10023.396
6556,上櫃,67.4,65.7,2.136
6560,上櫃,39.75,39.75,54.988
6561,上櫃,356.0,365.0,232.057
6568,上櫃,239.0,224.0,2197.62
6569,上櫃,95.7,96.0,19.345
6570,上櫃,38.5,38.5,115.921
6574,上櫃,102.0,99.8,98.841
6576,上櫃,77.5,77.5,91.666
6577,上櫃,76.0,76.0,6.674
6578,上櫃,18.0,17.9,31.014
6584,上櫃,633.0,654.0,192.11
6588,上櫃,137.5,127.0,4796.909
6590,上櫃,70.0,70.1,14.317
6593,上櫃,36.5,36.85,43.664
6596,上櫃,95.5,97.9,422.755
6597,上櫃,59.6,59.5,6.0
6603,上櫃,20.95,21.25,656.127
6609,上櫃,37.5,38.0,360.812
6612,上櫃,70.0,69.0,33.451
6613,上櫃,206.5,210.0,298.989
6615,上櫃,34.2,34.2,4.834
6616,上櫃,10.1,10.3,22.009
6617,上櫃,67.1,66.6,206.262
6620,上櫃,69.6,69.2,225.083
6624,上櫃,58.5,58.9,32.153
6629,上櫃,118.5,116.5,107.647
6637,上櫃,71.2,72.6,14.457
6640,上櫃,1375.0,1460.0,1025.828
6642,上櫃,53.6,54.0,152.39
6643,上櫃,472.0,478.0,1081.856
6649,上櫃,44.3,43.3,138.003
6651,上櫃,90.1,91.0,90.632
6654,上櫃,90.0,90.0,31.011
6661,上櫃,18.3,18.45,14.0
6662,上櫃,29.5,29.65,14.582
6664,上櫃,370.0,351.0,3070.052
6667,上櫃,240.0,242.5,174.494
6679,上櫃,253.5,254.0,526.488
6680,上櫃,57.7,55.5,14.825
6683,上櫃,1465.0,1450.0,3370.303
6684,上櫃,42.5,43.0,122.067
6690,上櫃,168.0,168.5,89.855
6692,上櫃,32.4,32.65,96.591
6693,上櫃,130.0,130.0,1352.622
6697,上櫃,41.4,41.85,19.04
6703,上櫃,120.0,117.5,104.875
6708,上櫃,39.5,40.0,18.071
6712,上櫃,142.5,141.0,229.347
6716,上櫃,71.4,74.0,660.103
6720,上櫃,169.5,167.0,84.798
6721,上櫃,58.7,59.5,37.084
6725,上櫃,274.0,282.0,1044.502
6727,上櫃,371.0,367.0,403.566
6728,上櫃,119.0,119.5,18.553
6730,上櫃,36.0,36.7,47.418
6732,上櫃,148.0,151.0,113.602
6733,上櫃,32.4,32.05,286.917
6735,上櫃,64.2,64.2,237.197
6739,上櫃,1555.0,1555.0,263.623
6741,上櫃,62.0,61.7,187.392
6751,上櫃,51.0,50.6,42.854
6752,上櫃,107.0,107.0,38.943
6761,上櫃,163.0,166.0,1199.589
6762,上櫃,0.0,0.0,0.225
6763,上櫃,48.0,47.85,289.199
6767,上櫃,28.3,28.3,5.02
6785,上櫃,199.5,173.5,407.829
6788,上櫃,388.0,392.5,1986.811
6791,上櫃,100.5,100.0,12.411
6803,上櫃,290.5,291.0,63.703
6804,上櫃,16.65,16.65,18.446
6811,上櫃,186.5,188.0,103.082
6821,上櫃,53.0,53.5,894.691
6823,上櫃,62.4,62.3,163.444
6829,上櫃,119.5,118.5,352.603
6840,上櫃,60.5,60.8,45.97
6841,上櫃,60.4,59.6,235.688
6843,上櫃,43.95,46.1,77.567
6844,上櫃,64.0,64.0,3.177
6846,上櫃,70.5,71.0,8.1
6855,上櫃,110.0,110.0,6.159
6856,上櫃,0.0,0.0,0.0
6859,上櫃,116.0,114.5,27.98
6865,上櫃,38.4,37.7,36.306
6870,上櫃,185.0,187.5,33.936
6872,上櫃,16.85,16.9,24.06
6874,上櫃,87.0,88.9,41.607
6875,上櫃,38.85,38.05,24.402
6877,上櫃,119.0,123.5,1446.071
6881,上櫃,238.0,239.5,6.069
6884,上櫃,34.0,34.1,9.0
6894,上櫃,351.0,351.0,100.976
6895,上櫃,171.0,176.0,107.207
6899,上櫃,55.0,54.6,102.197
6903,上櫃,314.0,323.5,2497.558
6904,上櫃,121.0,121.0,1.0
6907,上櫃,113.0,118.5,334.149
6910,上櫃,29.35,30.05,120.106
6913,上櫃,115.0,120.0,619.778
6922,上櫃,157.0,157.5,29.939
6925,上櫃,71.3,72.0,63.4
6929,上櫃,30.05,30.05,1.09
6953,上櫃,220.0,222.5,68.36
6961,上櫃,56.8,57.2,73.088
6967,上櫃,62.6,64.5,45.335
6968,上櫃,45.7,45.6,24.864
6971,上櫃,29.2,29.3,25.0
6982,上櫃,52.8,51.9,22.445
6996,上櫃,168.5,168.5,56.732
6997,上櫃,0.0,0.0,0.46
700008,上櫃,0.23,0.35,996.0
700010,上櫃,0.0,0.0,0.0
700015,上櫃,0.0,0.0,0.0
700016,上櫃,4.0,4.37,2.0
700017,上櫃,0.0,0.0,0.0
700018,上櫃,0.6,0.6,18.0
700019,上櫃,0.52,0.51,441.0
700020,上櫃,0.0,0.0,0.0
700021,上櫃,0.0,0.0,0.0
700022,上櫃,2.1,2.0,444.0
700023,上櫃,0.31,0.35,61.0
700024,上櫃,0.39,0.4,1017.0
700025,上櫃,0.41,0.53,99.0
700027,上櫃,0.28,0.28,5.0
700028,上櫃,0.78,0.8,24.0
700029,上櫃,0.1,0.1,200.0
700030,上櫃,0.0,0.0,0.0
700032,上櫃,0.0,0.0,0.0
700033,上櫃,0.0,0.0,0.0
700034,上櫃,0.82,0.82,1.0
700035,上櫃,0.0,0.0,0.0
700042,上櫃,0.0,0.0,0.0
700043,上櫃,0.36,0.4,385.0
700044,上櫃,0.9,0.9,6.0
700045,上櫃,0.0,0.0,0.0
700046,上櫃,0.0,0.0,0.0
700047,上櫃,2.2,1.25,96.0
700050,上櫃,0.0,0.0,0.0
700051,上櫃,0.0,0.0,0.0
700052,上櫃,0.0,0.0,0.0
700054,上櫃,0.0,0.0,0.0
700057,上櫃,0.05,0.06,12.0
700058,上櫃,0.0,0.0,0.0
700059,上櫃,0.0,0.0,0.0
700060,上櫃,0.38,0.38,2.0
700061,上櫃,0.0,0.0,0.0
700062,上櫃,0.0,0.0,0.0
700063,上櫃,0.0,0.0,0.0
700064,上櫃,0.0,0.0,0.0
700065,上櫃,0.17,0.17,131.0
700066,上櫃,0.0,0.0,0.0
700067,上櫃,0.0,0.0,0.0
700068,上櫃,0.0,0.0,0.0
700069,上櫃,0.66,0.72,3.0
70006C,上櫃,0.0,0.0,0.0
700070,上櫃,0.0,0.0,0.0
700074,上櫃,0.0,0.0,0.0
700075,上櫃,0.0,0.0,0.0
700076,上櫃,0.0,0.0,0.0
700077,上櫃,0.0,0.0,0.0
700078,上櫃,11.3,13.5,54.0
700079,上櫃,0.0,0.0,0.0
700083,上櫃,0.0,0.0,0.0
700086,上櫃,2.78,2.78,2.0
700092,上櫃,0.0,0.0,0.0
700096,上櫃,0.0,0.0,0.0
700099,上櫃,1.45,1.48,287.0
700102,上櫃,0.0,0.0,0.0
700103,上櫃,0.18,0.19,10.0
700113,上櫃,0.86,1.17,81.0
700117,上櫃,19.2,19.2,1.0
700118,上櫃,0.5,0.49,136.0
700119,上櫃,0.0,0.0,0.0
700120,上櫃,0.0,0.0,0.0
700121,上櫃,0.0,0.0,0.0
700122,上櫃,0.24,0.19,455.0
700124,上櫃,0.0,0.0,0.0
700125,上櫃,0.0,0.0,0.0
700126,上櫃,10.4,10.5,4.0
700127,上櫃,0.03,0.03,1.0
700128,上櫃,6.35,6.35,1.0
700129,上櫃,0.0,0.0,0.0
700130,上櫃,0.0,0.0,0.0
700132,上櫃,0.22,0.26,23.0
700133,上櫃,0.0,0.0,0.0
700134,上櫃,0.0,0.0,0.0
700135,上櫃,0.0,0.0,0.0
700137,上櫃,0.0,0.0,0.0
700138,上櫃,0.9,0.9,40.0
700139,上櫃,0.24,0.43,208.0
700141,上櫃,0.0,0.0,0.0
700142,上櫃,0.16,0.16,30.0
700143,上櫃,0.0,0.0,0.0
700144,上櫃,0.0,0.0,0.0
700146,上櫃,0.0,0.0,0.0
700149,上櫃,0.0,0.0,0.0
700150,上櫃,0.0,0.0,0.0
700151,上櫃,0.0,0.0,0.0
700153,上櫃,0.0,0.0,0.0
700154,上櫃,0.0,0.0,0.0
700155,上櫃,0.19,0.2,2.0
700157,上櫃,0.0,0.0,0.0
700163,上櫃,0.0,0.0,0.0
700164,上櫃,0.0,0.0,0.0
700170,上櫃,0.0,0.0,0.0
700171,上櫃,0.0,0.0,0.0
700173,上櫃,1.9,2.35,2.0
700176,上櫃,0.2,0.2,1.0
700178,上櫃,0.0,0.0,0.0
700179,上櫃,10.8,10.8,5.0
700180,上櫃,0.0,0.0,0.0
700183,上櫃,0.0,0.0,0.0
700184,上櫃,0.42,0.44,757.0
700185,上櫃,0.0,0.0,0.0
700186,上櫃,0.24,0.24,2.0
700187,上櫃,0.2,0.23,545.0
700188,上櫃,0.22,0.22,5.0
700189,上櫃,0.73,0.74,71.0
700190,上櫃,4.6,4.9,524.0
700191,上櫃,0.26,0.26,110.0
700192,上櫃,0.0,0.0,0.0
700193,上櫃,0.0,0.0,0.0
700194,上櫃,0.0,0.0,0.0
700195,上櫃,0.55,0.63,1044.0
700196,上櫃,0.0,0.0,0.0
700197,上櫃,0.25,0.26,52.0
700198,上櫃,0.38,0.38,8.0
700199,上櫃,1.32,1.31,122.0
700200,上櫃,0.0,0.0,0.0
700201,上櫃,2.37,2.37,1.0
700202,上櫃,0.53,0.57,175.0
700203,上櫃,0.0,0.0,0.0
700204,上櫃,0.57,0.6,279.0
700205,上櫃,0.53,0.63,1835.0
700206,上櫃,0.48,0.55,414.0
700207,上櫃,0.68,0.73,194.0
700208,上櫃,0.0,0.0,0.0
700212,上櫃,0.05,0.05,10.0
700227,上櫃,0.0,0.0,0.0
700228,上櫃,0.47,0.44,98.0
700229,上櫃,0.0,0.0,0.0
700230,上櫃,9.7,9.7,6.0
700231,上櫃,7.3,7.95,3.0
700232,上櫃,0.0,0.0,0.0
700243,上櫃,12.6,13.0,8.0
700245,上櫃,21.0,21.5,3.0
700247,上櫃,0.0,0.0,0.0
700248,上櫃,0.0,0.0,0.0
700249,上櫃,0.6,0.6,10.0
700250,上櫃,0.0,0.0,0.0
700251,上櫃,5.45,5.45,1.0
700252,上櫃,0.0,0.0,0.0
700253,上櫃,0.0,0.0,0.0
700254,上櫃,0.41,0.42,108.0
700255,上櫃,0.0,0.0,0.0
700256,上櫃,0.0,0.0,0.0
700257,上櫃,0.3,0.3,6.0
700258,上櫃,0.42,0.42,1.0
700259,上櫃,1.5,1.5,1.0
700260,上櫃,0.25,0.22,177.0
700261,上櫃,3.24,3.5,11.0
700262,上櫃,0.0,0.0,0.0
700263,上櫃,2.64,2.68,2.0
700264,上櫃,0.0,0.0,0.0
700265,上櫃,0.7,0.74,60.0
700266,上櫃,0.65,0.65,1.0
700267,上櫃,2.01,2.01,3.0
700268,上櫃,0.05,0.04,201.0
700269,上櫃,0.35,0.35,2.0
700270,上櫃,0.0,0.0,0.0
700271,上櫃,0.0,0.0,0.0
700272,上櫃,0.2,0.19,303.0
700273,上櫃,0.0,0.0,0.0
700274,上櫃,0.0,0.0,0.0
700275,上櫃,0.77,0.84,128.0
700276,上櫃,0.6,0.61,460.0
700277,上櫃,1.19,1.25,23.0
700278,上櫃,0.0,0.0,0.0
700279,上櫃,0.0,0.0,0.0
700281,上櫃,0.0,0.0,0.0
700282,上櫃,0.0,0.0,0.0
700283,上櫃,0.93,0.99,163.0
700284,上櫃,0.42,0.44,205.0
700285,上櫃,0.0,0.0,0.0
700286,上櫃,0.0,0.0,0.0
700287,上櫃,0.0,0.0,0.0
700288,上櫃,0.0,0.0,0.0
700289,上櫃,0.0,0.0,0.0
700290,上櫃,0.0,0.0,0.0
700291,上櫃,0.0,0.0,0.0
700292,上櫃,3.4,4.5,529.0
700300,上櫃,0.0,0.0,0.0
700301,上櫃,0.1,0.1,35.0
700302,上櫃,0.0,0.0,0.0
700303,上櫃,0.0,0.0,0.0
700304,上櫃,0.0,0.0,0.0
700305,上櫃,0.0,0.0,0.0
700306,上櫃,0.0,0.0,0.0
700307,上櫃,0.0,0.0,0.0
700308,上櫃,0.0,0.0,0.0
700309,上櫃,0.04,0.04,51.0
700310,上櫃,0.0,0.0,0.0
700313,上櫃,0.0,0.0,0.0
700317,上櫃,0.0,0.0,0.0
700321,上櫃,0.0,0.0,0.0
700329,上櫃,0.0,0.0,0.0
700330,上櫃,0.0,0.0,0.0
700331,上櫃,0.0,0.0,0.0
700332,上櫃,0.0,0.0,0.0
700333,上櫃,0.0,0.0,0.0
700337,上櫃,0.0,0.0,0.0
700338,上櫃,0.0,0.0,0.0
700339,上櫃,0.0,0.0,0.0
700340,上櫃,0.0,0.0,0.0
700342,上櫃,0.0,0.0,0.0
700343,上櫃,0.0,0.0,0.0
700344,上櫃,0.43,0.43,2.0
700345,上櫃,0.54,0.54,456.0
700346,上櫃,1.0,1.01,207.0
700347,上櫃,0.0,0.0,0.0
700348,上櫃,0.0,0.0,0.0
700349,上櫃,0.18,0.17,6.0
700350,上櫃,0.0,0.0,0.0
700351,上櫃,5.4,5.65,3.0
700352,上櫃,0.28,0.28,50.0
700353,上櫃,0.0,0.0,0.0
700354,上櫃,0.43,0.44,18.0
700355,上櫃,0.0,0.0,0.0
700356,上櫃,1.86,2.1,90.0
700357,上櫃,0.34,0.34,3.0
700358,上櫃,0.42,0.42,9.0
700359,上櫃,0.64,0.67,161.0
700360,上櫃,1.1,1.14,45.0
700361,上櫃,0.0,0.0,0.0
700364,上櫃,0.0,0.0,0.0
700366,上櫃,0.0,0.0,0.0
700367,上櫃,0.0,0.0,0.0
700377,上櫃,0.0,0.0,0.0
700380,上櫃,0.0,0.0,0.0
700381,上櫃,0.0,0.0,0.0
700382,上櫃,0.0,0.0,0.0
700383,上櫃,0.0,0.0,0.0
700384,上櫃,1.69,1.79,30.0
700385,上櫃,0.0,0.0,0.0
700394,上櫃,0.0,0.0,0.0
700395,上櫃,0.0,0.0,0.0
700397,上櫃,0.9,0.73,90.0
700399,上櫃,0.0,0.0,0.0
700400,上櫃,0.0,0.0,0.0
700402,上櫃,4.25,4.8,88.0
700405,上櫃,0.0,0.0,0.0
700406,上櫃,0.44,0.35,34.0
700407,上櫃,1.5,1.53,555.0
700408,上櫃,0.0,0.0,0.0
700410,上櫃,0.0,0.0,0.0
700411,上櫃,0.15,0.19,444.0
700412,上櫃,2.4,2.46,14.0
700413,上櫃,1.05,1.1,93.0
700414,上櫃,0.0,0.0,0.0
700415,上櫃,1.52,1.71,1082.0
700416,上櫃,0.32,0.36,1116.0
700417,上櫃,0.4,0.4,162.0
700418,上櫃,2.64,2.8,126.0
700419,上櫃,2.6,2.6,3.0
700421,上櫃,0.0,0.0,0.0
700429,上櫃,6.3,6.3,1.0
700430,上櫃,0.0,0.0,0.0
700436,上櫃,0.0,0.0,0.0
700439,上櫃,2.36,2.36,1.0
700442,上櫃,0.0,0.0,0.0
700443,上櫃,3.39,3.53,38.0
700444,上櫃,0.0,0.0,0.0
700445,上櫃,0.0,0.0,0.0
700447,上櫃,0.0,0.0,0.0
700448,上櫃,0.0,0.0,0.0
700449,上櫃,0.0,0.0,0.0
700450,上櫃,0.15,0.15,499.0
700451,上櫃,1.07,1.07,54.0
700452,上櫃,0.0,0.0,0.0
700453,上櫃,28.4,27.4,28.0
700454,上櫃,0.0,0.0,0.0
700455,上櫃,0.0,0.0,0.0
700456,上櫃,0.0,0.0,0.0
700458,上櫃,0.0,0.0,0.0
700459,上櫃,0.0,0.0,0.0
700460,上櫃,0.0,0.0,0.0
700461,上櫃,0.19,0.22,50.0
700462,上櫃,0.0,0.0,0.0
700463,上櫃,0.0,0.0,0.0
700464,上櫃,4.67,4.61,131.0
700465,上櫃,0.0,0.0,0.0
700466,上櫃,0.0,0.0,0.0
700467,上櫃,0.0,0.0,0.0
700468,上櫃,0.0,0.0,0.0
700469,上櫃,0.0,0.0,0.0
700470,上櫃,0.0,0.0,0.0
700471,上櫃,0.1,0.1,1.0
700472,上櫃,0.0,0.0,0.0
700473,上櫃,0.0,0.0,0.0
700474,上櫃,10.5,12.0,105.0
700475,上櫃,0.0,0.0,0.0
700476,上櫃,0.0,0.0,0.0
700477,上櫃,0.03,0.03,12.0
700478,上櫃,0.0,0.0,0.0
700479,上櫃,0.16,0.16,21.0
700480,上櫃,0.0,0.0,0.0
700481,上櫃,0.0,0.0,0.0
700482,上櫃,16.4,16.4,2.0
700483,上櫃,0.0,0.0,0.0
700484,上櫃,0.0,0.0,0.0
700485,上櫃,0.0,0.0,0.0
700486,上櫃,0.0,0.0,0.0
700487,上櫃,19.4,19.4,350.0
700488,上櫃,0.0,0.0,0.0
700489,上櫃,0.0,0.0,0.0
700490,上櫃,0.0,0.0,0.0
700491,上櫃,0.0,0.0,0.0
700492,上櫃,0.0,0.0,0.0
700493,上櫃,0.09,0.09,1.0
700494,上櫃,0.0,0.0,0.0
700495,上櫃,0.0,0.0,0.0
700496,上櫃,0.09,0.09,90.0
700497,上櫃,0.0,0.0,0.0
700498,上櫃,3.45,3.55,143.0
700499,上櫃,5.25,5.25,29.0
700500,上櫃,0.0,0.0,0.0
700501,上櫃,0.0,0.0,0.0
700502,上櫃,0.0,0.0,0.0
700503,上櫃,0.0,0.0,0.0
700504,上櫃,0.0,0.0,0.0
700505,上櫃,0.0,0.0,0.0
700506,上櫃,0.0,0.0,0.0
700507,上櫃,0.0,0.0,0.0
700508,上櫃,0.0,0.0,0.0
700509,上櫃,0.0,0.0,0.0
700510,上櫃,0.0,0.0,0.0
700511,上櫃,0.07,0.07,20.0
700512,上櫃,0.0,0.0,0.0
700513,上櫃,0.0,0.0,0.0
700514,上櫃,0.0,0.0,0.0
700515,上櫃,0.0,0.0,0.0
700516,上櫃,0.0,0.0,0.0
700517,上櫃,0.0,0.0,0.0
700518,上櫃,0.0,0.0,0.0
700519,上櫃,0.0,0.0,0.0
700520,上櫃,0.0,0.0,0.0
700521,上櫃,1.1,1.1,8.0
700522,上櫃,13.3,13.3,3.0
700523,上櫃,0.11,0.11,221.0
700524,上櫃,0.0,0.0,0.0
700525,上櫃,0.0,0.0,0.0
700526,上櫃,0.0,0.0,0.0
700527,上櫃,9.9,9.8,11.0
700528,上櫃,0.0,0.0,0.0
700529,上櫃,19.9,19.9,7.0
700530,上櫃,0.43,0.41,65.0
700531,上櫃,0.0,0.0,0.0
700532,上櫃,0.33,0.5,28.0
700533,上櫃,0.0,0.0,0.0
700534,上櫃,0.0,0.0,0.0
700535,上櫃,0.0,0.0,0.0
700536,上櫃,0.0,0.0,0.0
700537,上櫃,20.4,20.4,7.0
700538,上櫃,0.0,0.0,0.0
700539,上櫃,0.0,0.0,0.0
700540,上櫃,0.0,0.0,0.0
700541,上櫃,0.0,0.0,0.0
700542,上櫃,0.0,0.0,0.0
700543,上櫃,0.0,0.0,0.0
700544,上櫃,0.0,0.0,0.0
700545,上櫃,0.0,0.0,0.0
700546,上櫃,0.0,0.0,0.0
700547,上櫃,0.79,0.81,25.0
700548,上櫃,0.0,0.0,0.0
700549,上櫃,0.0,0.0,0.0
700550,上櫃,0.0,0.0,0.0
700551,上櫃,0.0,0.0,0.0
700552,上櫃,5.15,5.15,2.0
700553,上櫃,0.0,0.0,0.0
700554,上櫃,0.0,0.0,0.0
700555,上櫃,0.38,0.38,26.0
700556,上櫃,0.0,0.0,0.0
700557,上櫃,0.0,0.0,0.0
700558,上櫃,0.14,0.14,20.0
700559,上櫃,0.0,0.0,0.0
700560,上櫃,0.1,0.1,20.0
700561,上櫃,0.3,0.36,70.0
700562,上櫃,0.0,0.0,0.0
700563,上櫃,0.49,0.49,43.0
700564,上櫃,0.0,0.0,0.0
700565,上櫃,0.0,0.0,0.0
700566,上櫃,0.0,0.0,0.0
700567,上櫃,0.0,0.0,0.0
700568,上櫃,0.95,1.05,287.0
700569,上櫃,4.5,4.62,29.0
700570,上櫃,0.0,0.0,0.0
700571,上櫃,6.3,6.45,8.0
700572,上櫃,0.0,0.0,0.0
700573,上櫃,1.91,2.53,63.0
700574,上櫃,0.0,0.0,0.0
700575,上櫃,0.0,0.0,0.0
700576,上櫃,1.09,1.06,124.0
700577,上櫃,0.0,0.0,0.0
700578,上櫃,0.01,0.02,30.0
700579,上櫃,1.58,1.75,25.0
700580,上櫃,10.0,10.0,1.0
700581,上櫃,0.0,0.0,0.0
700582,上櫃,6.8,6.95,34.0
700583,上櫃,0.0,0.0,0.0
700584,上櫃,0.0,0.0,0.0
700585,上櫃,0.0,0.0,0.0
700586,上櫃,0.0,0.0,0.0
700587,上櫃,11.6,11.6,168.0
700588,上櫃,0.0,0.0,0.0
700589,上櫃,0.0,0.0,0.0
700590,上櫃,5.5,5.55,16.0
700591,上櫃,0.0,0.0,0.0
700592,上櫃,0.0,0.0,0.0
700593,上櫃,0.0,0.0,0.0
700594,上櫃,0.63,0.67,1061.0
700595,上櫃,3.48,3.45,5.0
700596,上櫃,0.0,0.0,0.0
700597,上櫃,0.0,0.0,0.0
700598,上櫃,0.0,0.0,0.0
700599,上櫃,0.0,0.0,0.0
700600,上櫃,0.0,0.0,0.0
700601,上櫃,0.0,0.0,0.0
700602,上櫃,0.0,0.0,0.0
700603,上櫃,0.0,0.0,0.0
700604,上櫃,0.0,0.0,0.0
700605,上櫃,0.35,0.33,30.0
700606,上櫃,0.0,0.0,0.0
700607,上櫃,0.0,0.0,0.0
700608,上櫃,0.0,0.0,0.0
700609,上櫃,0.0,0.0,0.0
700610,上櫃,0.0,0.0,0.0
700611,上櫃,0.0,0.0,0.0
700612,上櫃,0.0,0.0,0.0
700613,上櫃,0.25,0.3,19.0
700614,上櫃,0.0,0.0,0.0
700615,上櫃,1.53,1.53,2.0
700616,上櫃,0.0,0.0,0.0
700617,上櫃,0.0,0.0,0.0
700618,上櫃,0.0,0.0,0.0
700619,上櫃,0.0,0.0,0.0
700620,上櫃,0.0,0.0,0.0
700621,上櫃,0.0,0.0,0.0
700622,上櫃,0.0,0.0,0.0
700623,上櫃,0.0,0.0,0.0
700624,上櫃,0.0,0.0,0.0
700625,上櫃,0.0,0.0,0.0
700626,上櫃,0.0,0.0,0.0
700627,上櫃,0.0,0.0,0.0
700628,上櫃,0.0,0.0,0.0
700629,上櫃,0.0,0.0,0.0
700630,上櫃,0.0,0.0,0.0
700631,上櫃,0.0,0.0,0.0
700632,上櫃,0.0,0.0,0.0
700633,上櫃,0.0,0.0,0.0
700634,上櫃,0.0,0.0,0.0
700635,上櫃,4.35,4.69,210.0
700636,上櫃,0.0,0.0,0.0
700637,上櫃,0.31,0.31,150.0
700638,上櫃,0.42,0.46,586.0
700639,上櫃,0.0,0.0,0.0
700640,上櫃,0.0,0.0,0.0
700641,上櫃,0.0,0.0,0.0
700642,上櫃,0.0,0.0,0.0
700643,上櫃,0.0,0.0,0.0
700644,上櫃,0.0,0.0,0.0
700645,上櫃,17.2,17.2,1.0
700646,上櫃,0.0,0.0,0.0
700647,上櫃,0.96,1.04,966.0
700648,上櫃,0.0,0.0,0.0
700649,上櫃,0.0,0.0,0.0
700650,上櫃,0.0,0.0,0.0
700651,上櫃,0.0,0.0,0.0
700652,上櫃,0.0,0.0,0.0
700653,上櫃,0.0,0.0,0.0
700654,上櫃,0.0,0.0,0.0
700655,上櫃,0.0,0.0,0.0
700656,上櫃,0.0,0.0,0.0
700657,上櫃,0.0,0.0,0.0
700658,上櫃,0.0,0.0,0.0
700659,上櫃,0.26,0.29,15.0
700660,上櫃,0.57,0.59,45.0
700661,上櫃,0.0,0.0,0.0
700662,上櫃,0.0,0.0,0.0
700663,上櫃,0.0,0.0,0.0
700664,上櫃,0.0,0.0,0.0
700665,上櫃,0.0,0.0,0.0
700666,上櫃,0.97,1.0,46.0
700667,上櫃,0.0,0.0,0.0
700668,上櫃,0.08,0.08,10.0
700669,上櫃,1.58,1.61,62.0
700670,上櫃,0.23,0.23,20.0
700671,上櫃,0.0,0.0,0.0
700672,上櫃,4.4,4.4,1.0
700673,上櫃,0.0,0.0,0.0
700674,上櫃,0.0,0.0,0.0
700675,上櫃,0.37,0.45,703.0
700676,上櫃,0.36,0.4,75.0
700677,上櫃,0.48,0.51,92.0
700678,上櫃,0.0,0.0,0.0
700679,上櫃,0.0,0.0,0.0
700680,上櫃,0.0,0.0,0.0
700681,上櫃,0.47,0.48,90.0
700682,上櫃,2.81,2.82,7.0
700683,上櫃,4.31,4.21,185.0
700684,上櫃,4.88,4.91,11.0
700685,上櫃,0.42,0.52,163.0
700686,上櫃,0.0,0.0,0.0
700687,上櫃,0.46,0.47,47.0
700688,上櫃,1.91,2.12,313.0
700689,上櫃,0.0,0.0,0.0
700690,上櫃,0.0,0.0,0.0
700691,上櫃,0.0,0.0,0.0
700692,上櫃,0.0,0.0,0.0
700693,上櫃,0.0,0.0,0.0
700694,上櫃,0.0,0.0,0.0
700695,上櫃,0.0,0.0,0.0
700696,上櫃,0.0,0.0,0.0
700697,上櫃,0.0,0.0,0.0
700698,上櫃,0.0,0.0,0.0
700699,上櫃,0.0,0.0,0.0
700700,上櫃,0.0,0.0,0.0
700701,上櫃,2.29,2.29,4.0
700702,上櫃,0.0,0.0,0.0
700703,上櫃,0.0,0.0,0.0
700704,上櫃,0.0,0.0,0.0
700705,上櫃,0.0,0.0,0.0
700706,上櫃,0.12,0.12,1.0
700707,上櫃,2.98,2.93,26.0
700708,上櫃,0.36,0.36,12.0
700709,上櫃,0.0,0.0,0.0
700710,上櫃,0.39,0.39,47.0
700711,上櫃,2.19,2.28,39.0
700712,上櫃,0.0,0.0,0.0
700713,上櫃,0.0,0.0,0.0
700714,上櫃,0.0,0.0,0.0
700715,上櫃,0.0,0.0,0.0
700716,上櫃,0.0,0.0,0.0
700717,上櫃,0.0,0.0,0.0
700718,上櫃,8.85,9.2,2.0
700719,上櫃,0.0,0.0,0.0
700720,上櫃,7.0,7.0,2.0
700721,上櫃,0.51,0.45,233.0
700722,上櫃,0.0,0.0,0.0
700723,上櫃,0.0,0.0,0.0
700724,上櫃,0.0,0.0,0.0
700725,上櫃,0.0,0.0,0.0
700726,上櫃,0.0,0.0,0.0
700727,上櫃,9.8,9.8,2.0
700728,上櫃,0.0,0.0,0.0
700729,上櫃,0.0,0.0,0.0
700730,上櫃,0.0,0.0,0.0
700731,上櫃,0.0,0.0,0.0
700732,上櫃,0.3,0.3,5.0
700733,上櫃,0.01,0.01,35.0
700734,上櫃,0.0,0.0,0.0
700735,上櫃,0.0,0.0,0.0
700736,上櫃,0.0,0.0,0.0
700737,上櫃,0.3,0.3,20.0
700738,上櫃,1.4,1.29,661.0
700739,上櫃,0.0,0.0,0.0
700740,上櫃,0.0,0.0,0.0
700741,上櫃,0.0,0.0,0.0
700742,上櫃,0.0,0.0,0.0
700743,上櫃,0.0,0.0,0.0
700744,上櫃,0.0,0.0,0.0
700745,上櫃,0.0,0.0,0.0
700746,上櫃,0.0,0.0,0.0
700747,上櫃,0.0,0.0,0.0
700748,上櫃,0.0,0.0,0.0
700749,上櫃,0.0,0.0,0.0
700750,上櫃,10.7,10.3,3.0
700751,上櫃,0.0,0.0,0.0
700752,上櫃,0.48,0.48,6.0
700753,上櫃,0.0,0.0,0.0
700754,上櫃,0.5,0.47,208.0
700755,上櫃,2.48,2.58,27.0
700756,上櫃,2.46,2.48,135.0
700757,上櫃,3.95,4.17,257.0
700758,上櫃,0.65,0.66,11.0
700759,上櫃,0.0,0.0,0.0
700760,上櫃,0.0,0.0,0.0
700761,上櫃,0.0,0.0,0.0
700762,上櫃,1.68,1.68,40.0
700763,上櫃,0.0,0.0,0.0
700764,上櫃,0.0,0.0,0.0
700765,上櫃,5.15,5.15,10.0
700766,上櫃,4.93,5.15,30.0
700767,上櫃,0.0,0.0,0.0
700768,上櫃,1.29,1.29,12.0
700769,上櫃,9.15,9.15,3.0
700770,上櫃,0.0,0.0,0.0
700771,上櫃,0.0,0.0,0.0
700772,上櫃,0.0,0.0,0.0
700773,上櫃,0.0,0.0,0.0
700774,上櫃,0.0,0.0,0.0
700775,上櫃,0.0,0.0,0.0
700776,上櫃,0.0,0.0,0.0
700777,上櫃,0.0,0.0,0.0
700778,上櫃,0.0,0.0,0.0
700779,上櫃,0.0,0.0,0.0
700780,上櫃,0.0,0.0,0.0
700781,上櫃,0.0,0.0,0.0
700782,上櫃,0.1,0.1,499.0
700783,上櫃,0.0,0.0,0.0
700784,上櫃,5.5,5.6,86.0
700785,上櫃,0.0,0.0,0.0
700786,上櫃,7.35,7.5,48.0
700787,上櫃,1.45,1.52,26.0
700788,上櫃,0.0,0.0,0.0
700789,上櫃,0.68,0.7,176.0
700790,上櫃,0.0,0.0,0.0
700791,上櫃,6.35,6.25,34.0
700792,上櫃,0.0,0.0,0.0
700793,上櫃,0.0,0.0,0.0
700794,上櫃,0.0,0.0,0.0
700795,上櫃,2.6,2.6,17.0
700796,上櫃,0.0,0.0,0.0
700797,上櫃,0.0,0.0,0.0
700798,上櫃,0.0,0.0,0.0
700799,上櫃,0.0,0.0,0.0
700800,上櫃,0.26,0.26,107.0
700801,上櫃,0.0,0.0,0.0
700802,上櫃,0.0,0.0,0.0
700803,上櫃,0.0,0.0,0.0
700804,上櫃,0.0,0.0,0.0
700805,上櫃,25.9,25.9,1.0
700806,上櫃,0.0,0.0,0.0
700807,上櫃,0.0,0.0,0.0
700808,上櫃,0.23,0.27,244.0
700809,上櫃,0.0,0.0,0.0
700810,上櫃,0.0,0.0,0.0
700811,上櫃,0.0,0.0,0.0
700812,上櫃,0.44,0.44,1.0
700813,上櫃,0.0,0.0,0.0
700814,上櫃,0.0,0.0,0.0
700815,上櫃,0.0,0.0,0.0
700816,上櫃,0.0,0.0,0.0
700817,上櫃,0.0,0.0,0.0
700818,上櫃,0.0,0.0,0.0
700819,上櫃,0.0,0.0,0.0
700820,上櫃,0.0,0.0,0.0
700821,上櫃,6.2,6.2,16.0
700822,上櫃,0.0,0.0,0.0
700823,上櫃,0.0,0.0,0.0
700824,上櫃,0.0,0.0,0.0
700825,上櫃,0.0,0.0,0.0
700826,上櫃,0.0,0.0,0.0
700827,上櫃,0.0,0.0,0.0
700828,上櫃,7.6,7.6,17.0
700829,上櫃,0.0,0.0,0.0
700830,上櫃,0.0,0.0,0.0
700831,上櫃,0.87,1.03,318.0
700832,上櫃,0.0,0.0,0.0
700833,上櫃,0.0,0.0,0.0
700834,上櫃,0.0,0.0,0.0
700835,上櫃,0.0,0.0,0.0
700836,上櫃,0.0,0.0,0.0
700837,上櫃,0.0,0.0,0.0
700838,上櫃,0.0,0.0,0.0
700839,上櫃,0.0,0.0,0.0
700840,上櫃,0.0,0.0,0.0
700841,上櫃,0.0,0.0,0.0
700842,上櫃,0.0,0.0,0.0
700843,上櫃,0.51,0.53,976.0
700844,上櫃,0.37,0.42,22.0
700845,上櫃,0.38,0.38,2.0
700846,上櫃,1.01,1.01,1.0
700847,上櫃,0.41,0.49,5.0
700848,上櫃,0.61,0.75,67.0
700849,上櫃,0.0,0.0,0.0
700850,上櫃,0.0,0.0,0.0
700851,上櫃,0.0,0.0,0.0
700852,上櫃,0.0,0.0,0.0
700853,上櫃,0.0,0.0,0.0
700854,上櫃,0.0,0.0,0.0
700855,上櫃,0.0,0.0,0.0
700856,上櫃,0.0,0.0,0.0
700857,上櫃,0.0,0.0,0.0
700858,上櫃,0.0,0.0,0.0
700859,上櫃,0.0,0.0,0.0
700860,上櫃,0.43,0.48,295.0
700861,上櫃,0.0,0.0,0.0
700862,上櫃,0.0,0.0,0.0
700863,上櫃,0.0,0.0,0.0
700864,上櫃,4.26,4.26,1.0
700865,上櫃,0.12,0.12,8.0
700866,上櫃,0.0,0.0,0.0
700867,上櫃,0.0,0.0,0.0
700868,上櫃,0.0,0.0,0.0
700869,上櫃,0.0,0.0,0.0
700870,上櫃,0.0,0.0,0.0
700871,上櫃,1.19,1.19,10.0
700872,上櫃,0.0,0.0,0.0
700873,上櫃,0.0,0.0,0.0
700874,上櫃,0.0,0.0,0.0
700875,上櫃,1.49,1.49,1.0
700876,上櫃,36.5,37.0,49.0
700877,上櫃,0.39,0.39,228.0
700878,上櫃,0.0,0.0,0.0
700879,上櫃,0.0,0.0,0.0
700880,上櫃,0.0,0.0,0.0
700881,上櫃,0.0,0.0,0.0
700882,上櫃,0.0,0.0,0.0
700883,上櫃,0.0,0.0,0.0
700884,上櫃,0.0,0.0,0.0
700885,上櫃,0.0,0.0,0.0
700886,上櫃,0.0,0.0,0.0
700887,上櫃,0.29,0.29,1.0
700888,上櫃,0.43,0.5,21.0
700889,上櫃,0.0,0.0,0.0
700890,上櫃,2.67,2.67,5.0
700891,上櫃,0.0,0.0,0.0
700892,上櫃,0.0,0.0,0.0
700893,上櫃,0.53,0.64,296.0
700894,上櫃,1.18,1.25,5.0
700895,上櫃,0.0,0.0,0.0
700896,上櫃,0.0,0.0,0.0
700897,上櫃,0.23,0.23,20.0
700898,上櫃,0.61,0.66,340.0
700899,上櫃,1.0,1.04,531.0
700900,上櫃,0.0,0.0,0.0
700901,上櫃,0.38,0.38,1.0
700902,上櫃,0.39,0.39,10.0
700903,上櫃,0.0,0.0,0.0
700904,上櫃,6.0,6.15,518.0
700905,上櫃,1.45,1.69,5.0
700906,上櫃,1.0,1.0,20.0
700907,上櫃,0.0,0.0,0.0
700908,上櫃,0.0,0.0,0.0
700909,上櫃,0.0,0.0,0.0
700910,上櫃,0.0,0.0,0.0
700911,上櫃,0.0,0.0,0.0
700912,上櫃,0.0,0.0,0.0
700913,上櫃,0.0,0.0,0.0
700914,上櫃,0.86,0.96,1887.0
700915,上櫃,0.0,0.0,0.0
700916,上櫃,0.0,0.0,0.0
700917,上櫃,0.0,0.0,0.0
700918,上櫃,0.0,0.0,0.0
700919,上櫃,0.01,0.01,6.0
700920,上櫃,39.7,40.8,47.0
700921,上櫃,1.01,1.23,348.0
700922,上櫃,0.02,0.02,998.0
700923,上櫃,0.09,0.08,304.0
700924,上櫃,0.96,0.95,165.0
700925,上櫃,0.0,0.0,0.0
700926,上櫃,55.5,55.5,1.0
700927,上櫃,0.12,0.12,20.0
700928,上櫃,2.1,2.14,3.0
700929,上櫃,2.28,2.31,13.0
700930,上櫃,0.0,0.0,0.0
700931,上櫃,0.0,0.0,0.0
700932,上櫃,1.27,1.3,110.0
700933,上櫃,40.1,40.1,5.0
700934,上櫃,0.0,0.0,0.0
700935,上櫃,0.0,0.0,0.0
700936,上櫃,1.53,2.34,14.0
700937,上櫃,0.0,0.0,0.0
700938,上櫃,0.49,0.49,107.0
700939,上櫃,0.0,0.0,0.0
700940,上櫃,0.0,0.0,0.0
700941,上櫃,0.68,0.66,75.0
700942,上櫃,0.04,0.09,166.0
700943,上櫃,0.0,0.0,0.0
700944,上櫃,0.43,0.43,1.0
700945,上櫃,0.0,0.0,0.0
700946,上櫃,0.0,0.0,0.0
700947,上櫃,0.0,0.0,0.0
700948,上櫃,0.0,0.0,0.0
700949,上櫃,0.0,0.0,0.0
700950,上櫃,0.0,0.0,0.0
700951,上櫃,0.0,0.0,0.0
700952,上櫃,0.0,0.0,0.0
700953,上櫃,0.0,0.0,0.0
700954,上櫃,0.0,0.0,0.0
700955,上櫃,0.0,0.0,0.0
700956,上櫃,2.72,3.28,3.0
700957,上櫃,0.0,0.0,0.0
700958,上櫃,0.0,0.0,0.0
700959,上櫃,0.0,0.0,0.0
700960,上櫃,0.0,0.0,0.0
700961,上櫃,0.0,0.0,0.0
700962,上櫃,0.0,0.0,0.0
700963,上櫃,0.0,0.0,0.0
700964,上櫃,0.28,0.31,2.0
700965,上櫃,0.0,0.0,0.0
700966,上櫃,0.0,0.0,0.0
700967,上櫃,0.79,0.79,3.0
700968,上櫃,0.0,0.0,0.0
700969,上櫃,14.8,14.8,1.0
700970,上櫃,0.0,0.0,0.0
700971,上櫃,0.17,0.17,20.0
700972,上櫃,0.18,0.21,3.0
700973,上櫃,0.0,0.0,0.0
700974,上櫃,0.0,0.0,0.0
700975,上櫃,0.0,0.0,0.0
700976,上櫃,0.0,0.0,0.0
700977,上櫃,0.0,0.0,0.0
700978,上櫃,0.0,0.0,0.0
700979,上櫃,0.0,0.0,0.0
700980,上櫃,0.0,0.0,0.0
700981,上櫃,0.09,0.08,120.0
700982,上櫃,0.1,0.1,10.0
700983,上櫃,0.0,0.0,0.0
700984,上櫃,1.1,1.15,21.0
700985,上櫃,0.0,0.0,0.0
700986,上櫃,0.0,0.0,0.0
700987,上櫃,0.0,0.0,0.0
700988,上櫃,0.0,0.0,0.0
700989,上櫃,0.03,0.03,2.0
700990,上櫃,0.0,0.0,0.0
700991,上櫃,2.32,2.32,2.0
700992,上櫃,10.2,10.2,10.0
700993,上櫃,0.0,0.0,0.0
700994,上櫃,0.0,0.0,0.0
700995,上櫃,0.29,0.29,100.0
700996,上櫃,0.0,0.0,0.0
700997,上櫃,0.0,0.0,0.0
700998,上櫃,0.0,0.0,0.0
700999,上櫃,0.0,0.0,0.0
701000,上櫃,0.0,0.0,0.0
701001,上櫃,0.0,0.0,0.0
701002,上櫃,0.0,0.0,0.0
701003,上櫃,0.0,0.0,0.0
701004,上櫃,0.0,0.0,0.0
701005,上櫃,0.0,0.0,0.0
701006,上櫃,0.0,0.0,0.0
701007,上櫃,0.0,0.0,0.0
701008,上櫃,0.0,0.0,0.0
701009,上櫃,0.0,0.0,0.0
701010,上櫃,0.77,0.77,1.0
701011,上櫃,0.14,0.14,20.0
701012,上櫃,0.0,0.0,0.0
701013,上櫃,0.0,0.0,0.0
701014,上櫃,0.0,0.0,0.0
701015,上櫃,0.0,0.0,0.0
701016,上櫃,0.0,0.0,0.0
701017,上櫃,0.0,0.0,0.0
701018,上櫃,0.0,0.0,0.0
701019,上櫃,0.0,0.0,0.0
701020,上櫃,0.0,0.0,0.0
701021,上櫃,0.0,0.0,0.0
701022,上櫃,0.0,0.0,0.0
701023,上櫃,0.0,0.0,0.0
701024,上櫃,0.0,0.0,0.0
701025,上櫃,0.0,0.0,0.0
701026,上櫃,0.0,0.0,0.0
701027,上櫃,0.0,0.0,0.0
701028,上櫃,0.0,0.0,0.0
701029,上櫃,0.0,0.0,0.0
701030,上櫃,0.0,0.0,0.0
701031,上櫃,0.0,0.0,0.0
701032,上櫃,0.0,0.0,0.0
701033,上櫃,0.0,0.0,0.0
701034,上櫃,0.0,0.0,0.0
701035,上櫃,0.0,0.0,0.0
701036,上櫃,0.0,0.0,0.0
701037,上櫃,6.5,6.5,1.0
701038,上櫃,0.0,0.0,0.0
701039,上櫃,0.0,0.0,0.0
701040,上櫃,0.17,0.17,10.0
701041,上櫃,0.54,0.54,1.0
701042,上櫃,1.1,1.08,128.0
701043,上櫃,0.0,0.0,0.0
701044,上櫃,0.15,0.15,8.0
701045,上櫃,4.54,4.74,3.0
701046,上櫃,4.63,4.57,16.0
701047,上櫃,0.02,0.02,1.0
701048,上櫃,0.0,0.0,0.0
701049,上櫃,0.0,0.0,0.0
701050,上櫃,0.0,0.0,0.0
701051,上櫃,0.0,0.0,0.0
701052,上櫃,0.12,0.12,30.0
701053,上櫃,0.18,0.18,87.0
701054,上櫃,0.71,0.71,20.0
701055,上櫃,0.0,0.0,0.0
701056,上櫃,0.0,0.0,0.0
701057,上櫃,0.0,0.0,0.0
701058,上櫃,0.0,0.0,0.0
701059,上櫃,0.0,0.0,0.0
701060,上櫃,0.0,0.0,0.0
701061,上櫃,0.0,0.0,0.0
701062,上櫃,4.88,6.1,5.0
701063,上櫃,0.0,0.0,0.0
701064,上櫃,0.68,0.68,1.0
701065,上櫃,0.01,0.01,37.0
701066,上櫃,0.0,0.0,0.0
701067,上櫃,0.0,0.0,0.0
701068,上櫃,0.0,0.0,0.0
701069,上櫃,0.0,0.0,0.0
701070,上櫃,0.0,0.0,0.0
701071,上櫃,0.0,0.0,0.0
701072,上櫃,0.0,0.0,0.0
701073,上櫃,0.0,0.0,0.0
701074,上櫃,1.05,1.19,206.0
701075,上櫃,0.3,0.35,43.0
701076,上櫃,0.0,0.0,0.0
701077,上櫃,0.0,0.0,0.0
701078,上櫃,0.0,0.0,0.0
701079,上櫃,0.0,0.0,0.0
701080,上櫃,0.0,0.0,0.0
701081,上櫃,0.0,0.0,0.0
701082,上櫃,0.0,0.0,0.0
701083,上櫃,0.0,0.0,0.0
701084,上櫃,0.0,0.0,0.0
701085,上櫃,0.26,0.31,30.0
701086,上櫃,0.33,0.37,11.0
701087,上櫃,0.0,0.0,0.0
701088,上櫃,0.0,0.0,0.0
701089,上櫃,0.0,0.0,0.0
701090,上櫃,0.0,0.0,0.0
701091,上櫃,0.0,0.0,0.0
701092,上櫃,0.0,0.0,0.0
701093,上櫃,0.0,0.0,0.0
701094,上櫃,0.0,0.0,0.0
701095,上櫃,1.91,1.98,6.0
701096,上櫃,1.41,1.53,20.0
701097,上櫃,2.72,2.71,15.0
701098,上櫃,0.0,0.0,0.0
701099,上櫃,0.2,0.25,11.0
701100,上櫃,0.0,0.0,0.0
701101,上櫃,0.66,0.66,1.0
701102,上櫃,0.0,0.0,0.0
701103,上櫃,1.59,1.87,8.0
701104,上櫃,1.2,1.55,46.0
701105,上櫃,0.83,0.81,47.0
701106,上櫃,0.51,0.51,2.0
701107,上櫃,1.54,1.53,176.0
701108,上櫃,0.0,0.0,0.0
701109,上櫃,2.99,2.99,1.0
701110,上櫃,0.0,0.0,0.0
701111,上櫃,0.25,0.25,5.0
701112,上櫃,0.0,0.0,0.0
701113,上櫃,0.0,0.0,0.0
701114,上櫃,0.0,0.0,0.0
701115,上櫃,0.0,0.0,0.0
701116,上櫃,0.0,0.0,0.0
701117,上櫃,0.0,0.0,0.0
701118,上櫃,0.0,0.0,0.0
701119,上櫃,0.0,0.0,0.0
701120,上櫃,0.0,0.0,0.0
701121,上櫃,0.0,0.0,0.0
701122,上櫃,0.0,0.0,0.0
701123,上櫃,0.0,0.0,0.0
701124,上櫃,0.88,0.85,4.0
701125,上櫃,0.0,0.0,0.0
701126,上櫃,12.0,12.1,2.0
701127,上櫃,0.0,0.0,0.0
701128,上櫃,0.0,0.0,0.0
701129,上櫃,0.0,0.0,0.0
701130,上櫃,0.0,0.0,0.0
701131,上櫃,0.0,0.0,0.0
701132,上櫃,0.0,0.0,0.0
701133,上櫃,6.0,6.85,21.0
701134,上櫃,6.35,6.7,37.0
701135,上櫃,5.55,5.55,10.0
701136,上櫃,0.0,0.0,0.0
701137,上櫃,4.0,4.54,25.0
701138,上櫃,0.0,0.0,0.0
701139,上櫃,0.0,0.0,0.0
701140,上櫃,0.0,0.0,0.0
701141,上櫃,0.0,0.0,0.0
701142,上櫃,0.32,0.49,55.0
701143,上櫃,11.0,11.0,1.0
701144,上櫃,10.6,10.6,15.0
701145,上櫃,0.0,0.0,0.0
701146,上櫃,0.0,0.0,0.0
701147,上櫃,0.0,0.0,0.0
701148,上櫃,1.1,1.65,166.0
701149,上櫃,0.32,0.33,264.0
701150,上櫃,0.5,0.54,93.0
701151,上櫃,6.25,6.25,1.0
701152,上櫃,4.29,4.79,121.0
701153,上櫃,0.0,0.0,0.0
701154,上櫃,0.01,0.01,711.0
701155,上櫃,0.0,0.0,0.0
701156,上櫃,0.0,0.0,0.0
701157,上櫃,0.0,0.0,0.0
701158,上櫃,5.65,5.65,6.0
701159,上櫃,0.0,0.0,0.0
701160,上櫃,0.0,0.0,0.0
701161,上櫃,0.0,0.0,0.0
701162,上櫃,1.18,1.33,80.0
701163,上櫃,0.0,0.0,0.0
701164,上櫃,0.0,0.0,0.0
701165,上櫃,0.0,0.0,0.0
701166,上櫃,0.0,0.0,0.0
701167,上櫃,0.0,0.0,0.0
701168,上櫃,0.0,0.0,0.0
701169,上櫃,0.0,0.0,0.0
701170,上櫃,0.0,0.0,0.0
701171,上櫃,0.0,0.0,0.0
701172,上櫃,0.0,0.0,0.0
701173,上櫃,5.75,6.4,212.0
701174,上櫃,0.0,0.0,0.0
701175,上櫃,0.17,0.18,100.0
701176,上櫃,0.0,0.0,0.0
701177,上櫃,0.0,0.0,0.0
701178,上櫃,0.0,0.0,0.0
701179,上櫃,4.63,4.5,8.0
701180,上櫃,0.0,0.0,0.0
701181,上櫃,4.62,4.62,2.0
701182,上櫃,0.0,0.0,0.0
701183,上櫃,0.0,0.0,0.0
701184,上櫃,0.0,0.0,0.0
701185,上櫃,0.0,0.0,0.0
701186,上櫃,0.0,0.0,0.0
701187,上櫃,0.53,0.67,74.0
701188,上櫃,0.0,0.0,0.0
701189,上櫃,0.0,0.0,0.0
701190,上櫃,0.0,0.0,0.0
701191,上櫃,2.79,2.92,680.0
701192,上櫃,0.0,0.0,0.0
701193,上櫃,4.96,4.75,77.0
701194,上櫃,0.0,0.0,0.0
701195,上櫃,0.0,0.0,0.0
701196,上櫃,0.0,0.0,0.0
701197,上櫃,0.0,0.0,0.0
701198,上櫃,0.0,0.0,0.0
701199,上櫃,3.15,4.11,11.0
701200,上櫃,0.42,0.42,24.0
701201,上櫃,0.78,0.74,2217.0
701202,上櫃,0.6,0.61,35.0
701203,上櫃,0.0,0.0,0.0
701204,上櫃,0.22,0.3,22.0
701205,上櫃,0.79,0.79,1.0
701206,上櫃,0.0,0.0,0.0
701207,上櫃,0.0,0.0,0.0
701208,上櫃,0.0,0.0,0.0
701209,上櫃,0.0,0.0,0.0
701211,上櫃,0.0,0.0,0.0
701212,上櫃,0.0,0.0,0.0
701213,上櫃,0.0,0.0,0.0
701214,上櫃,0.0,0.0,0.0
701215,上櫃,0.0,0.0,0.0
701216,上櫃,0.0,0.0,0.0
701217,上櫃,0.0,0.0,0.0
701218,上櫃,2.6,3.11,16.0
701219,上櫃,0.0,0.0,0.0
701220,上櫃,0.0,0.0,0.0
701221,上櫃,0.0,0.0,0.0
701222,上櫃,0.0,0.0,0.0
701223,上櫃,0.0,0.0,0.0
701224,上櫃,0.0,0.0,0.0
701225,上櫃,0.0,0.0,0.0
701226,上櫃,0.0,0.0,0.0
701227,上櫃,0.47,0.5,6.0
701228,上櫃,3.73,3.85,7.0
701229,上櫃,0.0,0.0,0.0
701230,上櫃,0.0,0.0,0.0
701231,上櫃,0.0,0.0,0.0
701232,上櫃,0.0,0.0,0.0
701233,上櫃,0.0,0.0,0.0
701234,上櫃,28.0,28.0,93.0
701235,上櫃,0.0,0.0,0.0
701236,上櫃,0.0,0.0,0.0
701237,上櫃,0.17,0.24,308.0
701238,上櫃,0.0,0.0,0.0
701239,上櫃,0.0,0.0,0.0
701240,上櫃,0.04,0.04,5.0
701241,上櫃,0.0,0.0,0.0
701242,上櫃,0.0,0.0,0.0
701243,上櫃,7.15,6.8,56.0
701244,上櫃,0.44,0.45,3.0
701245,上櫃,0.0,0.0,0.0
701246,上櫃,3.66,3.66,2.0
701247,上櫃,0.05,0.05,50.0
701248,上櫃,0.0,0.0,0.0
701249,上櫃,0.06,0.06,1.0
701250,上櫃,0.06,0.06,64.0
701251,上櫃,6.8,6.8,1.0
701252,上櫃,8.1,9.0,40.0
701253,上櫃,0.0,0.0,0.0
701254,上櫃,0.27,0.27,20.0
701255,上櫃,0.0,0.0,0.0
701256,上櫃,0.04,0.04,80.0
701257,上櫃,0.0,0.0,0.0
701258,上櫃,0.0,0.0,0.0
701259,上櫃,0.0,0.0,0.0
701260,上櫃,0.0,0.0,0.0
701261,上櫃,0.0,0.0,0.0
701262,上櫃,0.66,0.73,171.0
701263,上櫃,0.0,0.0,0.0
701266,上櫃,3.66,3.95,124.0
701270,上櫃,0.0,0.0,0.0
701271,上櫃,0.0,0.0,0.0
701272,上櫃,0.0,0.0,0.0
701273,上櫃,0.0,0.0,0.0
701274,上櫃,1.79,1.84,55.0
701275,上櫃,0.41,0.41,1.0
701276,上櫃,2.41,2.41,25.0
701277,上櫃,2.03,2.45,449.0
701278,上櫃,0.0,0.0,0.0
701279,上櫃,0.57,0.61,217.0
701280,上櫃,0.0,0.0,0.0
701281,上櫃,0.2,0.2,90.0
701282,上櫃,0.0,0.0,0.0
701283,上櫃,0.0,0.0,0.0
701284,上櫃,0.68,0.68,9.0
701285,上櫃,0.0,0.0,0.0
701286,上櫃,0.0,0.0,0.0
701287,上櫃,0.0,0.0,0.0
701288,上櫃,0.0,0.0,0.0
701289,上櫃,0.0,0.0,0.0
701290,上櫃,0.0,0.0,0.0
701291,上櫃,0.0,0.0,0.0
701293,上櫃,0.0,0.0,0.0
701294,上櫃,0.45,0.45,10.0
701295,上櫃,0.0,0.0,0.0
701296,上櫃,0.0,0.0,0.0
701297,上櫃,0.0,0.0,0.0
701298,上櫃,0.39,0.39,25.0
701299,上櫃,0.0,0.0,0.0
701300,上櫃,0.0,0.0,0.0
701301,上櫃,0.56,0.56,23.0
701302,上櫃,0.0,0.0,0.0
701303,上櫃,0.0,0.0,0.0
701304,上櫃,14.8,14.8,1.0
701305,上櫃,8.0,8.0,1.0
701306,上櫃,0.0,0.0,0.0
701307,上櫃,0.26,0.3,4.0
701308,上櫃,0.0,0.0,0.0
701309,上櫃,0.0,0.0,0.0
701310,上櫃,0.0,0.0,0.0
701311,上櫃,0.35,0.36,444.0
701312,上櫃,0.0,0.0,0.0
701313,上櫃,0.0,0.0,0.0
701314,上櫃,0.0,0.0,0.0
701315,上櫃,0.42,0.42,18.0
701316,上櫃,0.0,0.0,0.0
701317,上櫃,0.0,0.0,0.0
701318,上櫃,0.0,0.0,0.0
701319,上櫃,0.0,0.0,0.0
701320,上櫃,0.2,0.2,5.0
701321,上櫃,33.0,33.0,1.0
701322,上櫃,0.0,0.0,0.0
701323,上櫃,0.0,0.0,0.0
701324,上櫃,1.21,1.63,584.0
701325,上櫃,0.73,0.77,213.0
701326,上櫃,2.01,2.12,395.0
701327,上櫃,0.0,0.0,0.0
701328,上櫃,0.0,0.0,0.0
701329,上櫃,0.0,0.0,0.0
701330,上櫃,0.0,0.0,0.0
701331,上櫃,0.0,0.0,0.0
701332,上櫃,0.0,0.0,0.0
701333,上櫃,0.0,0.0,0.0
701334,上櫃,4.41,4.41,10.0
701335,上櫃,0.0,0.0,0.0
701336,上櫃,0.0,0.0,0.0
701337,上櫃,1.16,1.16,1.0
701338,上櫃,0.0,0.0,0.0
701339,上櫃,0.0,0.0,0.0
701340,上櫃,33.0,33.0,1.0
701341,上櫃,0.0,0.0,0.0
701342,上櫃,0.0,0.0,0.0
701343,上櫃,0.0,0.0,0.0
701344,上櫃,0.0,0.0,0.0
701345,上櫃,0.0,0.0,0.0
701346,上櫃,0.0,0.0,0.0
701347,上櫃,0.0,0.0,0.0
701348,上櫃,1.1,2.11,12.0
701349,上櫃,0.0,0.0,0.0
701350,上櫃,0.0,0.0,0.0
701351,上櫃,0.0,0.0,0.0
701352,上櫃,0.0,0.0,0.0
701353,上櫃,0.0,0.0,0.0
701354,上櫃,0.02,0.02,14.0
701355,上櫃,0.0,0.0,0.0
701356,上櫃,6.3,6.25,3.0
701357,上櫃,0.0,0.0,0.0
701358,上櫃,0.0,0.0,0.0
701359,上櫃,0.0,0.0,0.0
701360,上櫃,0.0,0.0,0.0
701361,上櫃,0.0,0.0,0.0
701362,上櫃,6.8,7.0,2.0
701363,上櫃,0.0,0.0,0.0
701364,上櫃,0.0,0.0,0.0
701365,上櫃,0.08,0.08,8.0
701366,上櫃,0.0,0.0,0.0
701367,上櫃,0.0,0.0,0.0
701368,上櫃,0.0,0.0,0.0
701371,上櫃,0.69,0.84,76.0
701372,上櫃,0.0,0.0,0.0
701374,上櫃,2.22,2.22,57.0
701375,上櫃,0.0,0.0,0.0
701376,上櫃,4.06,4.06,10.0
701377,上櫃,3.8,3.8,10.0
701378,上櫃,0.24,0.28,20.0
701379,上櫃,0.0,0.0,0.0
701380,上櫃,0.1,0.1,11.0
701381,上櫃,0.59,0.63,50.0
701382,上櫃,0.0,0.0,0.0
701383,上櫃,0.0,0.0,0.0
701384,上櫃,0.0,0.0,0.0
701386,上櫃,0.0,0.0,0.0
701387,上櫃,0.38,0.38,2.0
701388,上櫃,0.0,0.0,0.0
701389,上櫃,0.0,0.0,0.0
701390,上櫃,13.0,13.0,20.0
701391,上櫃,0.0,0.0,0.0
701392,上櫃,0.0,0.0,0.0
701393,上櫃,1.45,1.45,7.0
701394,上櫃,0.0,0.0,0.0
701395,上櫃,0.0,0.0,0.0
701397,上櫃,0.0,0.0,0.0
701398,上櫃,0.27,0.27,226.0
701399,上櫃,0.0,0.0,0.0
701400,上櫃,2.32,2.3,75.0
701401,上櫃,0.0,0.0,0.0
701402,上櫃,0.0,0.0,0.0
701403,上櫃,0.26,0.28,3024.0
701405,上櫃,0.0,0.0,0.0
701406,上櫃,0.05,0.05,15.0
701407,上櫃,0.0,0.0,0.0
701408,上櫃,0.22,0.22,6.0
701409,上櫃,1.83,2.03,71.0
701410,上櫃,0.0,0.0,0.0
701411,上櫃,0.0,0.0,0.0
701412,上櫃,1.06,1.06,3.0
701413,上櫃,0.0,0.0,0.0
701415,上櫃,0.0,0.0,0.0
701416,上櫃,0.93,0.93,8.0
701417,上櫃,3.0,3.05,43.0
701418,上櫃,0.0,0.0,0.0
701419,上櫃,1.65,1.57,45.0
701420,上櫃,0.0,0.0,0.0
701421,上櫃,0.0,0.0,0.0
701422,上櫃,0.33,0.33,8.0
701423,上櫃,0.0,0.0,0.0
701424,上櫃,0.0,0.0,0.0
701425,上櫃,0.0,0.0,0.0
701426,上櫃,0.0,0.0,0.0
701428,上櫃,0.0,0.0,0.0
701429,上櫃,0.0,0.0,0.0
701430,上櫃,2.14,2.11,610.0
701431,上櫃,2.5,2.47,532.0
701432,上櫃,0.0,0.0,0.0
701433,上櫃,0.44,0.43,30.0
701434,上櫃,0.0,0.0,0.0
701435,上櫃,0.35,0.37,490.0
701436,上櫃,0.0,0.0,0.0
701437,上櫃,2.52,2.55,21.0
701438,上櫃,2.38,2.29,213.0
701439,上櫃,1.86,1.86,20.0
701440,上櫃,3.65,3.65,1.0
701441,上櫃,3.23,3.08,10.0
701442,上櫃,0.38,0.41,158.0
701443,上櫃,0.0,0.0,0.0
701444,上櫃,22.0,22.0,1.0
701445,上櫃,0.0,0.0,0.0
701446,上櫃,0.39,0.42,75.0
701447,上櫃,20.0,21.8,20.0
701448,上櫃,0.0,0.0,0.0
701449,上櫃,0.0,0.0,0.0
701450,上櫃,0.0,0.0,0.0
701451,上櫃,0.0,0.0,0.0
701452,上櫃,0.0,0.0,0.0
701453,上櫃,0.0,0.0,0.0
701454,上櫃,0.0,0.0,0.0
701455,上櫃,0.0,0.0,0.0
701456,上櫃,0.0,0.0,0.0
701457,上櫃,0.0,0.0,0.0
701458,上櫃,0.0,0.0,0.0
701460,上櫃,0.58,0.55,66.0
701461,上櫃,0.0,0.0,0.0
701462,上櫃,0.0,0.0,0.0
701464,上櫃,0.0,0.0,0.0
701465,上櫃,0.1,0.1,20.0
701466,上櫃,0.0,0.0,0.0
701467,上櫃,0.0,0.0,0.0
701468,上櫃,1.04,1.04,2.0
701469,上櫃,0.0,0.0,0.0
701470,上櫃,0.0,0.0,0.0
701471,上櫃,1.59,1.58,238.0
701472,上櫃,0.54,0.54,2.0
701473,上櫃,6.85,7.15,3.0
701474,上櫃,4.36,4.26,21.0
701475,上櫃,2.22,2.3,36.0
701476,上櫃,0.0,0.0,0.0
701477,上櫃,0.19,0.18,391.0
701478,上櫃,8.3,8.3,1.0
701479,上櫃,0.0,0.0,0.0
701481,上櫃,0.0,0.0,0.0
701482,上櫃,0.0,0.0,0.0
701483,上櫃,0.32,0.32,645.0
701484,上櫃,0.0,0.0,0.0
701485,上櫃,0.0,0.0,0.0
701486,上櫃,0.0,0.0,0.0
701487,上櫃,0.0,0.0,0.0
701488,上櫃,0.0,0.0,0.0
701489,上櫃,0.0,0.0,0.0
701490,上櫃,0.0,0.0,0.0
701491,上櫃,0.0,0.0,0.0
701492,上櫃,1.61,1.61,10.0
701493,上櫃,1.0,1.0,1.0
701494,上櫃,0.7,0.7,350.0
701495,上櫃,0.0,0.0,0.0
701496,上櫃,0.0,0.0,0.0
701497,上櫃,18.9,18.9,1.0
701498,上櫃,0.0,0.0,0.0
701500,上櫃,0.0,0.0,0.0
701501,上櫃,0.0,0.0,0.0
701502,上櫃,0.0,0.0,0.0
701503,上櫃,0.91,0.93,124.0
701504,上櫃,0.0,0.0,0.0
701505,上櫃,0.0,0.0,0.0
701508,上櫃,0.0,0.0,0.0
701509,上櫃,1.33,1.33,8.0
701510,上櫃,0.0,0.0,0.0
701511,上櫃,1.91,1.91,16.0
701512,上櫃,0.0,0.0,0.0
701513,上櫃,0.0,0.0,0.0
701514,上櫃,0.0,0.0,0.0
701515,上櫃,0.0,0.0,0.0
701516,上櫃,0.0,0.0,0.0
701517,上櫃,0.0,0.0,0.0
701518,上櫃,15.5,15.5,1.0
701519,上櫃,0.0,0.0,0.0
701520,上櫃,0.0,0.0,0.0
701521,上櫃,0.0,0.0,0.0
701522,上櫃,0.0,0.0,0.0
701523,上櫃,0.0,0.0,0.0
701524,上櫃,0.38,0.38,1.0
701525,上櫃,4.09,4.11,12.0
701526,上櫃,0.07,0.07,9.0
701527,上櫃,0.0,0.0,0.0
701528,上櫃,0.0,0.0,0.0
701529,上櫃,0.0,0.0,0.0
701530,上櫃,0.0,0.0,0.0
701531,上櫃,0.24,0.24,30.0
701532,上櫃,0.01,0.01,15.0
701533,上櫃,0.52,0.58,60.0
701534,上櫃,0.0,0.0,0.0
701535,上櫃,0.0,0.0,0.0
701536,上櫃,0.0,0.0,0.0
701537,上櫃,0.0,0.0,0.0
701538,上櫃,0.58,0.54,15.0
701540,上櫃,0.47,0.47,1.0
701541,上櫃,0.0,0.0,0.0
701542,上櫃,0.08,0.07,60.0
701543,上櫃,0.0,0.0,0.0
701545,上櫃,2.78,2.78,50.0
701546,上櫃,0.91,1.19,431.0
701547,上櫃,24.6,24.6,2.0
701548,上櫃,0.49,0.5,1549.0
701549,上櫃,0.0,0.0,0.0
701550,上櫃,0.0,0.0,0.0
701551,上櫃,10.1,10.1,3.0
701552,上櫃,0.0,0.0,0.0
701553,上櫃,0.0,0.0,0.0
701554,上櫃,0.0,0.0,0.0
701555,上櫃,0.0,0.0,0.0
701556,上櫃,0.0,0.0,0.0
701557,上櫃,0.0,0.0,0.0
701558,上櫃,0.42,0.42,1.0
701559,上櫃,1.04,1.04,5.0
701560,上櫃,5.1,5.9,2.0
701561,上櫃,0.0,0.0,0.0
701562,上櫃,0.0,0.0,0.0
701563,上櫃,0.0,0.0,0.0
701564,上櫃,0.0,0.0,0.0
701565,上櫃,3.73,3.68,2.0
701566,上櫃,0.0,0.0,0.0
701567,上櫃,0.0,0.0,0.0
701569,上櫃,0.0,0.0,0.0
701570,上櫃,0.66,0.64,508.0
701571,上櫃,1.67,1.87,724.0
701572,上櫃,0.07,0.07,1.0
701573,上櫃,0.0,0.0,0.0
701574,上櫃,0.07,0.07,1.0
701575,上櫃,0.0,0.0,0.0
701576,上櫃,0.0,0.0,0.0
701577,上櫃,0.0,0.0,0.0
701578,上櫃,0.0,0.0,0.0
701579,上櫃,0.0,0.0,0.0
701580,上櫃,2.19,2.84,4.0
701581,上櫃,0.0,0.0,0.0
701582,上櫃,0.0,0.0,0.0
701583,上櫃,0.0,0.0,0.0
701584,上櫃,0.0,0.0,0.0
701585,上櫃,7.0,7.0,1.0
701586,上櫃,7.2,7.2,3.0
701587,上櫃,0.0,0.0,0.0
701588,上櫃,0.0,0.0,0.0
701589,上櫃,0.0,0.0,0.0
701590,上櫃,0.0,0.0,0.0
701591,上櫃,0.0,0.0,0.0
701592,上櫃,1.95,1.95,20.0
701593,上櫃,1.57,1.93,197.0
701594,上櫃,0.0,0.0,0.0
701595,上櫃,0.31,0.42,552.0
701596,上櫃,0.0,0.0,0.0
701597,上櫃,0.0,0.0,0.0
701598,上櫃,0.0,0.0,0.0
701599,上櫃,0.0,0.0,0.0
701600,上櫃,0.0,0.0,0.0
701601,上櫃,0.0,0.0,0.0
701602,上櫃,0.59,0.59,15.0
701603,上櫃,0.18,0.18,1.0
701604,上櫃,17.5,17.5,1.0
701605,上櫃,0.0,0.0,0.0
701606,上櫃,0.0,0.0,0.0
701607,上櫃,0.0,0.0,0.0
701608,上櫃,0.0,0.0,0.0
701609,上櫃,0.0,0.0,0.0
701610,上櫃,0.0,0.0,0.0
701611,上櫃,0.9,0.9,1.0
701612,上櫃,0.0,0.0,0.0
701613,上櫃,0.0,0.0,0.0
701614,上櫃,0.0,0.0,0.0
701615,上櫃,3.0,3.0,11.0
701616,上櫃,0.34,0.35,496.0
701617,上櫃,0.26,0.26,67.0
701618,上櫃,0.14,0.14,40.0
701619,上櫃,0.0,0.0,0.0
701620,上櫃,0.16,0.21,83.0
701621,上櫃,0.21,0.27,20.0
701622,上櫃,0.0,0.0,0.0
701623,上櫃,0.18,0.14,318.0
701624,上櫃,2.46,2.46,58.0
701625,上櫃,1.74,1.74,170.0
701626,上櫃,1.61,1.69,4.0
701627,上櫃,0.18,0.19,524.0
701628,上櫃,0.0,0.0,0.0
701629,上櫃,0.0,0.0,0.0
701630,上櫃,12.8,12.8,1.0
701631,上櫃,3.6,3.6,5.0
701632,上櫃,0.0,0.0,0.0
701633,上櫃,4.01,4.01,50.0
701634,上櫃,0.0,0.0,0.0
701635,上櫃,0.0,0.0,0.0
701636,上櫃,0.0,0.0,0.0
701637,上櫃,0.0,0.0,0.0
701640,上櫃,9.45,9.45,5.0
701641,上櫃,0.0,0.0,0.0
701642,上櫃,0.64,0.68,2.0
701643,上櫃,1.12,1.12,3.0
701644,上櫃,0.39,0.42,2.0
701645,上櫃,0.0,0.0,0.0
701646,上櫃,0.64,0.6,165.0
701647,上櫃,4.93,4.7,205.0
701648,上櫃,0.0,0.0,0.0
701650,上櫃,2.0,2.0,1.0
701651,上櫃,7.95,7.95,1.0
701652,上櫃,0.0,0.0,0.0
701653,上櫃,2.81,3.12,2.0
701654,上櫃,0.5,0.51,787.0
701655,上櫃,0.0,0.0,0.0
701656,上櫃,0.59,0.59,10.0
701657,上櫃,0.19,0.19,1.0
701658,上櫃,0.0,0.0,0.0
701659,上櫃,0.0,0.0,0.0
701660,上櫃,0.0,0.0,0.0
701661,上櫃,0.0,0.0,0.0
701662,上櫃,0.0,0.0,0.0
701663,上櫃,0.0,0.0,0.0
701664,上櫃,10.6,10.6,1.0
701665,上櫃,0.0,0.0,0.0
701666,上櫃,0.0,0.0,0.0
701667,上櫃,0.5,0.5,5.0
701668,上櫃,0.0,0.0,0.0
701669,上櫃,0.0,0.0,0.0
701670,上櫃,15.0,15.0,1.0
701671,上櫃,0.58,0.61,738.0
701672,上櫃,1.49,1.73,41.0
701673,上櫃,0.0,0.0,0.0
701674,上櫃,0.0,0.0,0.0
701675,上櫃,0.52,0.52,20.0
701676,上櫃,10.8,11.0,35.0
701677,上櫃,8.65,8.65,1.0
701678,上櫃,0.0,0.0,0.0
701679,上櫃,0.0,0.0,0.0
701680,上櫃,6.3,7.75,25.0
701681,上櫃,0.0,0.0,0.0
701682,上櫃,0.0,0.0,0.0
701683,上櫃,0.27,0.28,3.0
701684,上櫃,0.0,0.0,0.0
701685,上櫃,0.0,0.0,0.0
701686,上櫃,2.62,3.07,100.0
701688,上櫃,0.64,0.65,677.0
701689,上櫃,0.17,0.2,50.0
701690,上櫃,0.0,0.0,0.0
701691,上櫃,0.0,0.0,0.0
701692,上櫃,1.33,1.3,936.0
701693,上櫃,0.0,0.0,0.0
701694,上櫃,0.0,0.0,0.0
701695,上櫃,0.0,0.0,0.0
701696,上櫃,2.19,2.32,17.0
701697,上櫃,1.87,2.05,419.0
701698,上櫃,1.75,1.74,46.0
701699,上櫃,0.0,0.0,0.0
701700,上櫃,9.25,9.25,1.0
701701,上櫃,0.0,0.0,0.0
701702,上櫃,15.1,15.1,5.0
701703,上櫃,0.0,0.0,0.0
701705,上櫃,0.0,0.0,0.0
701706,上櫃,0.48,0.48,1.0
701707,上櫃,3.85,3.6,2.0
701708,上櫃,0.0,0.0,0.0
701709,上櫃,0.0,0.0,0.0
701710,上櫃,9.9,10.3,2.0
701711,上櫃,0.0,0.0,0.0
701712,上櫃,1.88,1.88,30.0
701713,上櫃,0.0,0.0,0.0
701714,上櫃,3.98,4.15,12.0
701715,上櫃,4.28,4.87,4.0
701716,上櫃,0.09,0.09,294.0
701717,上櫃,0.0,0.0,0.0
701718,上櫃,0.0,0.0,0.0
701719,上櫃,0.58,0.59,153.0
701720,上櫃,1.35,1.35,6.0
701721,上櫃,0.0,0.0,0.0
701722,上櫃,4.75,4.93,73.0
701723,上櫃,0.0,0.0,0.0
701724,上櫃,0.0,0.0,0.0
701725,上櫃,0.0,0.0,0.0
701726,上櫃,3.5,4.4,332.0
701727,上櫃,9.1,9.1,2.0
701728,上櫃,0.0,0.0,0.0
701729,上櫃,0.0,0.0,0.0
701730,上櫃,0.0,0.0,0.0
701731,上櫃,1.48,1.24,38.0
701732,上櫃,0.0,0.0,0.0
701733,上櫃,0.0,0.0,0.0
701734,上櫃,0.0,0.0,0.0
701735,上櫃,0.0,0.0,0.0
701736,上櫃,0.0,0.0,0.0
701737,上櫃,0.0,0.0,0.0
701738,上櫃,1.62,1.48,51.0
701739,上櫃,0.0,0.0,0.0
701740,上櫃,4.7,5.35,5.0
701741,上櫃,4.72,4.68,13.0
701742,上櫃,2.09,2.3,59.0
701743,上櫃,0.0,0.0,0.0
701744,上櫃,0.0,0.0,0.0
701745,上櫃,0.0,0.0,0.0
701746,上櫃,3.85,4.0,2.0
701747,上櫃,0.0,0.0,0.0
701748,上櫃,0.89,0.86,3.0
701749,上櫃,0.0,0.0,0.0
701750,上櫃,0.0,0.0,0.0
701751,上櫃,0.0,0.0,0.0
701752,上櫃,2.84,2.84,1.0
701753,上櫃,3.02,3.35,55.0
701754,上櫃,0.0,0.0,0.0
701755,上櫃,0.0,0.0,0.0
701756,上櫃,0.0,0.0,0.0
701757,上櫃,0.0,0.0,0.0
701758,上櫃,0.0,0.0,0.0
701759,上櫃,0.0,0.0,0.0
701760,上櫃,0.4,0.4,25.0
701761,上櫃,0.0,0.0,0.0
701762,上櫃,0.0,0.0,0.0
701763,上櫃,7.4,8.0,29.0
701764,上櫃,2.46,2.49,74.0
701765,上櫃,2.5,2.6,194.0
701767,上櫃,0.0,0.0,0.0
701768,上櫃,0.0,0.0,0.0
701769,上櫃,1.04,1.12,84.0
701770,上櫃,0.0,0.0,0.0
701771,上櫃,1.56,1.56,1.0
701772,上櫃,0.0,0.0,0.0
701773,上櫃,0.0,0.0,0.0
701774,上櫃,0.0,0.0,0.0
701775,上櫃,0.68,0.76,153.0
701776,上櫃,1.25,1.3,11.0
701777,上櫃,0.0,0.0,0.0
701778,上櫃,0.08,0.08,998.0
701779,上櫃,0.0,0.0,0.0
701780,上櫃,0.0,0.0,0.0
701781,上櫃,0.3,0.33,1503.0
701782,上櫃,0.0,0.0,0.0
701783,上櫃,0.32,0.33,5.0
701784,上櫃,5.2,6.0,181.0
701785,上櫃,0.0,0.0,0.0
701786,上櫃,0.29,0.32,140.0
701787,上櫃,0.0,0.0,0.0
701788,上櫃,0.0,0.0,0.0
701789,上櫃,0.21,0.21,40.0
701790,上櫃,0.0,0.0,0.0
701791,上櫃,0.0,0.0,0.0
701792,上櫃,0.0,0.0,0.0
701793,上櫃,0.0,0.0,0.0
701794,上櫃,0.0,0.0,0.0
701797,上櫃,0.0,0.0,0.0
701798,上櫃,0.0,0.0,0.0
701799,上櫃,0.55,0.55,5.0
701800,上櫃,0.0,0.0,0.0
701801,上櫃,0.0,0.0,0.0
701802,上櫃,0.0,0.0,0.0
701803,上櫃,0.0,0.0,0.0
701804,上櫃,0.38,0.39,152.0
701805,上櫃,0.56,0.56,70.0
701806,上櫃,0.45,0.45,100.0
701807,上櫃,0.39,0.39,78.0
701808,上櫃,0.0,0.0,0.0
701809,上櫃,37.3,37.8,43.0
701810,上櫃,0.0,0.0,0.0
701811,上櫃,0.0,0.0,0.0
701812,上櫃,0.25,0.25,60.0
701813,上櫃,0.0,0.0,0.0
701815,上櫃,0.0,0.0,0.0
701817,上櫃,0.0,0.0,0.0
701818,上櫃,3.23,3.21,15.0
701819,上櫃,0.4,0.4,15.0
701820,上櫃,0.0,0.0,0.0
701821,上櫃,0.0,0.0,0.0
701822,上櫃,0.0,0.0,0.0
701824,上櫃,0.0,0.0,0.0
701825,上櫃,0.0,0.0,0.0
701826,上櫃,1.0,1.05,478.0
701827,上櫃,0.0,0.0,0.0
701828,上櫃,5.3,5.15,4.0
701829,上櫃,0.0,0.0,0.0
701830,上櫃,0.0,0.0,0.0
701831,上櫃,0.0,0.0,0.0
701832,上櫃,0.0,0.0,0.0
701833,上櫃,0.0,0.0,0.0
701834,上櫃,0.0,0.0,0.0
701835,上櫃,0.0,0.0,0.0
701836,上櫃,0.31,0.31,60.0
701837,上櫃,7.5,7.5,10.0
701838,上櫃,0.0,0.0,0.0
701839,上櫃,0.67,0.76,3.0
701840,上櫃,2.8,3.0,30.0
701841,上櫃,4.83,4.98,42.0
701842,上櫃,0.0,0.0,0.0
701843,上櫃,0.0,0.0,0.0
701844,上櫃,0.0,0.0,0.0
701845,上櫃,0.0,0.0,0.0
701846,上櫃,0.0,0.0,0.0
701847,上櫃,0.0,0.0,0.0
701848,上櫃,0.0,0.0,0.0
701849,上櫃,0.0,0.0,0.0
701850,上櫃,1.9,1.96,166.0
701851,上櫃,0.0,0.0,0.0
701852,上櫃,3.62,3.6,3.0
701853,上櫃,0.44,0.44,160.0
701854,上櫃,0.0,0.0,0.0
701855,上櫃,2.96,3.09,3.0
701856,上櫃,0.0,0.0,0.0
701857,上櫃,0.0,0.0,0.0
701858,上櫃,0.0,0.0,0.0
701859,上櫃,0.0,0.0,0.0
701860,上櫃,1.93,1.93,1.0
701861,上櫃,0.0,0.0,0.0
701862,上櫃,0.0,0.0,0.0
701863,上櫃,2.14,2.14,100.0
701864,上櫃,0.21,0.21,103.0
701865,上櫃,0.22,0.22,1.0
701866,上櫃,0.0,0.0,0.0
701867,上櫃,0.0,0.0,0.0
701868,上櫃,0.55,0.57,48.0
701869,上櫃,4.73,4.73,2.0
701870,上櫃,5.2,5.2,2.0
701871,上櫃,0.0,0.0,0.0
701872,上櫃,0.0,0.0,0.0
701873,上櫃,0.0,0.0,0.0
701874,上櫃,0.08,0.08,40.0
701875,上櫃,0.0,0.0,0.0
701876,上櫃,5.45,5.55,2.0
701877,上櫃,0.64,0.71,39.0
701878,上櫃,0.28,0.26,2111.0
701880,上櫃,0.51,0.53,600.0
701881,上櫃,0.0,0.0,0.0
701882,上櫃,0.0,0.0,0.0
701884,上櫃,0.96,1.02,7.0
701885,上櫃,0.0,0.0,0.0
701886,上櫃,1.8,1.8,1.0
701887,上櫃,2.82,2.82,7.0
701888,上櫃,0.9,0.87,15.0
701889,上櫃,0.0,0.0,0.0
701890,上櫃,0.0,0.0,0.0
701891,上櫃,0.0,0.0,0.0
701892,上櫃,0.0,0.0,0.0
701893,上櫃,0.0,0.0,0.0
701894,上櫃,0.0,0.0,0.0
701895,上櫃,0.14,0.14,70.0
701896,上櫃,1.22,1.49,41.0
701897,上櫃,0.0,0.0,0.0
701898,上櫃,7.05,7.05,5.0
701899,上櫃,5.0,5.0,2.0
701900,上櫃,2.58,2.71,58.0
701901,上櫃,1.13,1.13,29.0
701902,上櫃,1.16,1.15,12.0
701903,上櫃,0.3,0.3,226.0
701905,上櫃,0.0,0.0,0.0
701906,上櫃,14.4,14.4,4.0
701907,上櫃,0.0,0.0,0.0
701908,上櫃,0.0,0.0,0.0
701909,上櫃,0.0,0.0,0.0
701911,上櫃,2.39,2.58,36.0
701912,上櫃,0.0,0.0,0.0
701913,上櫃,0.0,0.0,0.0
701914,上櫃,0.41,0.48,31.0
701917,上櫃,0.0,0.0,0.0
701918,上櫃,8.15,8.15,1.0
701919,上櫃,0.0,0.0,0.0
701920,上櫃,0.0,0.0,0.0
701921,上櫃,0.0,0.0,0.0
701922,上櫃,0.0,0.0,0.0
701923,上櫃,0.0,0.0,0.0
701925,上櫃,0.0,0.0,0.0
701926,上櫃,0.0,0.0,0.0
701927,上櫃,0.0,0.0,0.0
701928,上櫃,4.32,4.33,4.0
701929,上櫃,0.0,0.0,0.0
701930,上櫃,0.0,0.0,0.0
701931,上櫃,0.0,0.0,0.0
701932,上櫃,0.39,0.38,198.0
701933,上櫃,0.0,0.0,0.0
701934,上櫃,0.0,0.0,0.0
701935,上櫃,0.0,0.0,0.0
701936,上櫃,0.0,0.0,0.0
701937,上櫃,0.0,0.0,0.0
701938,上櫃,0.0,0.0,0.0
701939,上櫃,0.0,0.0,0.0
701940,上櫃,0.0,0.0,0.0
701941,上櫃,0.0,0.0,0.0
701942,上櫃,0.0,0.0,0.0
701943,上櫃,0.0,0.0,0.0
701944,上櫃,0.48,0.48,10.0
701945,上櫃,0.0,0.0,0.0
701946,上櫃,0.0,0.0,0.0
701947,上櫃,0.0,0.0,0.0
701948,上櫃,0.0,0.0,0.0
701949,上櫃,0.26,0.26,1.0
701950,上櫃,7.1,7.1,14.0
701951,上櫃,0.0,0.0,0.0
701952,上櫃,0.0,0.0,0.0
701953,上櫃,0.0,0.0,0.0
701954,上櫃,14.7,14.7,1.0
701955,上櫃,14.5,14.9,6.0
701956,上櫃,0.0,0.0,0.0
701957,上櫃,5.6,5.6,2.0
701959,上櫃,0.0,0.0,0.0
701960,上櫃,0.0,0.0,0.0
701961,上櫃,0.0,0.0,0.0
701963,上櫃,0.0,0.0,0.0
701964,上櫃,0.0,0.0,0.0
701965,上櫃,0.0,0.0,0.0
701966,上櫃,0.0,0.0,0.0
701967,上櫃,0.0,0.0,0.0
701968,上櫃,1.44,1.52,31.0
701971,上櫃,1.84,1.84,153.0
701972,上櫃,0.0,0.0,0.0
701973,上櫃,0.0,0.0,0.0
701974,上櫃,0.0,0.0,0.0
701976,上櫃,0.0,0.0,0.0
701977,上櫃,0.0,0.0,0.0
701978,上櫃,0.0,0.0,0.0
701979,上櫃,1.22,1.19,20.0
701980,上櫃,1.42,1.42,6.0
701981,上櫃,0.0,0.0,0.0
701982,上櫃,0.0,0.0,0.0
701983,上櫃,0.0,0.0,0.0
701984,上櫃,0.0,0.0,0.0
701986,上櫃,0.48,0.48,6.0
701987,上櫃,0.2,0.2,20.0
701989,上櫃,1.9,2.19,488.0
701990,上櫃,0.0,0.0,0.0
701991,上櫃,0.0,0.0,0.0
701992,上櫃,0.0,0.0,0.0
701993,上櫃,0.0,0.0,0.0
701994,上櫃,0.0,0.0,0.0
701995,上櫃,0.0,0.0,0.0
701996,上櫃,0.0,0.0,0.0
701997,上櫃,0.43,0.43,130.0
701998,上櫃,0.0,0.0,0.0
701999,上櫃,0.0,0.0,0.0
702000,上櫃,0.0,0.0,0.0
702001,上櫃,0.0,0.0,0.0
702002,上櫃,0.23,0.23,5.0
702003,上櫃,0.26,0.26,10.0
702004,上櫃,0.0,0.0,0.0
702005,上櫃,0.42,0.42,3.0
702006,上櫃,1.41,1.58,473.0
702007,上櫃,0.0,0.0,0.0
702008,上櫃,0.0,0.0,0.0
702009,上櫃,0.0,0.0,0.0
702010,上櫃,0.0,0.0,0.0
702011,上櫃,2.2,2.14,84.0
702012,上櫃,0.0,0.0,0.0
702016,上櫃,3.9,3.9,2.0
702017,上櫃,0.0,0.0,0.0
702018,上櫃,0.0,0.0,0.0
702019,上櫃,0.0,0.0,0.0
702020,上櫃,1.38,1.28,256.0
702021,上櫃,0.0,0.0,0.0
702022,上櫃,0.9,0.9,3.0
702023,上櫃,1.59,1.46,11.0
702024,上櫃,1.86,2.09,1157.0
702025,上櫃,4.91,4.91,5.0
702027,上櫃,0.0,0.0,0.0
702028,上櫃,13.5,13.1,3.0
702029,上櫃,0.0,0.0,0.0
702030,上櫃,0.0,0.0,0.0
702031,上櫃,0.29,0.29,246.0
702033,上櫃,0.0,0.0,0.0
702034,上櫃,0.65,0.65,10.0
702035,上櫃,0.84,0.89,590.0
702038,上櫃,0.0,0.0,0.0
702039,上櫃,1.92,2.05,8.0
702040,上櫃,0.25,0.25,51.0
702041,上櫃,0.75,0.75,70.0
702042,上櫃,0.0,0.0,0.0
702043,上櫃,0.0,0.0,0.0
702044,上櫃,0.0,0.0,0.0
702045,上櫃,28.0,28.0,1.0
702046,上櫃,15.2,14.9,21.0
702047,上櫃,0.0,0.0,0.0
702049,上櫃,0.0,0.0,0.0
702051,上櫃,0.0,0.0,0.0
702053,上櫃,16.4,16.3,4.0
702054,上櫃,0.0,0.0,0.0
702055,上櫃,0.32,0.32,200.0
702056,上櫃,2.06,2.06,2.0
702057,上櫃,0.0,0.0,0.0
702058,上櫃,0.0,0.0,0.0
702059,上櫃,0.0,0.0,0.0
702060,上櫃,6.5,6.5,1.0
702061,上櫃,0.0,0.0,0.0
702062,上櫃,8.6,8.75,104.0
702063,上櫃,0.0,0.0,0.0
702064,上櫃,0.0,0.0,0.0
702065,上櫃,0.0,0.0,0.0
702067,上櫃,0.0,0.0,0.0
702068,上櫃,0.98,1.04,56.0
702069,上櫃,0.0,0.0,0.0
702071,上櫃,0.0,0.0,0.0
702072,上櫃,1.02,1.0,52.0
702073,上櫃,0.0,0.0,0.0
702074,上櫃,0.44,0.44,68.0
702075,上櫃,0.0,0.0,0.0
702076,上櫃,4.45,4.01,38.0
702077,上櫃,0.0,0.0,0.0
702078,上櫃,0.0,0.0,0.0
702079,上櫃,0.0,0.0,0.0
702080,上櫃,0.0,0.0,0.0
702081,上櫃,0.64,0.64,18.0
702082,上櫃,0.0,0.0,0.0
702083,上櫃,10.7,10.8,74.0
702084,上櫃,0.13,0.13,1.0
702085,上櫃,0.0,0.0,0.0
702086,上櫃,15.3,15.3,1.0
702087,上櫃,0.0,0.0,0.0
702089,上櫃,0.0,0.0,0.0
702091,上櫃,0.31,0.31,3.0
702092,上櫃,1.71,1.92,97.0
702093,上櫃,0.0,0.0,0.0
702094,上櫃,0.0,0.0,0.0
702095,上櫃,0.07,0.07,10.0
702096,上櫃,0.44,0.45,41.0
702097,上櫃,0.0,0.0,0.0
702098,上櫃,0.0,0.0,0.0
702099,上櫃,0.0,0.0,0.0
702101,上櫃,0.0,0.0,0.0
702102,上櫃,0.0,0.0,0.0
702103,上櫃,0.0,0.0,0.0
702104,上櫃,0.0,0.0,0.0
702105,上櫃,0.0,0.0,0.0
702106,上櫃,2.6,2.62,10.0
702107,上櫃,0.27,0.27,250.0
702108,上櫃,0.0,0.0,0.0
702109,上櫃,6.15,6.15,2.0
702110,上櫃,0.0,0.0,0.0
702111,上櫃,0.0,0.0,0.0
702112,上櫃,0.0,0.0,0.0
702113,上櫃,0.0,0.0,0.0
702114,上櫃,3.33,3.26,217.0
702115,上櫃,0.0,0.0,0.0
702116,上櫃,0.0,0.0,0.0
702117,上櫃,0.0,0.0,0.0
702118,上櫃,14.6,15.5,2.0
702119,上櫃,0.0,0.0,0.0
702120,上櫃,0.0,0.0,0.0
702121,上櫃,3.53,3.53,1.0
702123,上櫃,0.0,0.0,0.0
702124,上櫃,5.95,5.95,10.0
702125,上櫃,3.16,3.38,58.0
702126,上櫃,0.0,0.0,0.0
702127,上櫃,0.0,0.0,0.0
702128,上櫃,0.0,0.0,0.0
702129,上櫃,0.0,0.0,0.0
702130,上櫃,0.0,0.0,0.0
702131,上櫃,0.0,0.0,0.0
702133,上櫃,0.0,0.0,0.0
702134,上櫃,0.0,0.0,0.0
702135,上櫃,11.4,11.6,20.0
702137,上櫃,0.62,0.62,10.0
702138,上櫃,0.0,0.0,0.0
702139,上櫃,0.0,0.0,0.0
702140,上櫃,3.05,3.05,1.0
702141,上櫃,0.0,0.0,0.0
702142,上櫃,2.83,2.83,4.0
702143,上櫃,0.0,0.0,0.0
702144,上櫃,0.0,0.0,0.0
702145,上櫃,0.0,0.0,0.0
702146,上櫃,0.0,0.0,0.0
702147,上櫃,0.0,0.0,0.0
702148,上櫃,6.45,6.6,3.0
702149,上櫃,3.99,4.65,17.0
702150,上櫃,10.0,10.0,9.0
702151,上櫃,2.96,2.96,1.0
702152,上櫃,0.0,0.0,0.0
702153,上櫃,0.0,0.0,0.0
702154,上櫃,0.0,0.0,0.0
702155,上櫃,0.96,0.96,1.0
702156,上櫃,0.65,0.74,29.0
702157,上櫃,3.0,3.12,112.0
702158,上櫃,0.49,0.48,549.0
702160,上櫃,2.5,2.45,15.0
702161,上櫃,5.95,5.95,60.0
702162,上櫃,0.0,0.0,0.0
702163,上櫃,0.5,0.5,1.0
702164,上櫃,0.0,0.0,0.0
702165,上櫃,0.0,0.0,0.0
702166,上櫃,0.9,1.07,33.0
702167,上櫃,0.0,0.0,0.0
702168,上櫃,0.0,0.0,0.0
702169,上櫃,0.0,0.0,0.0
702170,上櫃,62.5,62.5,2.0
702171,上櫃,5.85,5.85,1.0
702172,上櫃,0.0,0.0,0.0
702173,上櫃,0.29,0.29,100.0
702174,上櫃,0.0,0.0,0.0
702175,上櫃,0.0,0.0,0.0
702176,上櫃,0.15,0.13,1455.0
702177,上櫃,0.0,0.0,0.0
702178,上櫃,0.0,0.0,0.0
702179,上櫃,0.0,0.0,0.0
702180,上櫃,0.0,0.0,0.0
702181,上櫃,0.0,0.0,0.0
702182,上櫃,0.0,0.0,0.0
702183,上櫃,2.3,2.57,243.0
702185,上櫃,0.0,0.0,0.0
702186,上櫃,0.0,0.0,0.0
702187,上櫃,0.0,0.0,0.0
702188,上櫃,0.0,0.0,0.0
702189,上櫃,14.0,13.4,9.0
702190,上櫃,0.0,0.0,0.0
702191,上櫃,0.0,0.0,0.0
702192,上櫃,2.33,2.33,1.0
702193,上櫃,0.0,0.0,0.0
702194,上櫃,2.95,3.01,34.0
702195,上櫃,0.0,0.0,0.0
702198,上櫃,0.0,0.0,0.0
702199,上櫃,0.0,0.0,0.0
702200,上櫃,0.0,0.0,0.0
702201,上櫃,0.0,0.0,0.0
702202,上櫃,0.0,0.0,0.0
702203,上櫃,0.0,0.0,0.0
702204,上櫃,0.0,0.0,0.0
702205,上櫃,2.2,2.4,15.0
702206,上櫃,0.0,0.0,0.0
702207,上櫃,0.0,0.0,0.0
702208,上櫃,0.0,0.0,0.0
702209,上櫃,0.0,0.0,0.0
702210,上櫃,0.0,0.0,0.0
702211,上櫃,0.0,0.0,0.0
702212,上櫃,0.0,0.0,0.0
702213,上櫃,0.0,0.0,0.0
702214,上櫃,0.0,0.0,0.0
702215,上櫃,4.27,4.32,50.0
702216,上櫃,2.85,2.7,6.0
702217,上櫃,0.48,0.48,20.0
702218,上櫃,0.0,0.0,0.0
702219,上櫃,0.0,0.0,0.0
702220,上櫃,0.0,0.0,0.0
702221,上櫃,0.0,0.0,0.0
702222,上櫃,0.28,0.28,6.0
702223,上櫃,0.0,0.0,0.0
702224,上櫃,1.49,1.4,1050.0
702225,上櫃,1.2,1.63,133.0
702226,上櫃,1.42,1.42,10.0
702228,上櫃,0.0,0.0,0.0
702229,上櫃,0.0,0.0,0.0
702230,上櫃,3.91,3.98,38.0
702231,上櫃,4.57,4.5,305.0
702232,上櫃,0.0,0.0,0.0
702233,上櫃,5.25,5.6,87.0
702234,上櫃,0.0,0.0,0.0
702235,上櫃,0.0,0.0,0.0
702238,上櫃,1.5,1.5,10.0
702239,上櫃,4.8,4.9,8.0
702240,上櫃,4.58,4.58,30.0
702241,上櫃,5.1,5.05,23.0
702242,上櫃,2.83,2.79,138.0
702244,上櫃,0.0,0.0,0.0
702245,上櫃,0.0,0.0,0.0
702246,上櫃,4.83,5.5,15.0
702247,上櫃,3.99,4.29,73.0
702248,上櫃,0.0,0.0,0.0
702249,上櫃,1.37,1.33,78.0
702250,上櫃,0.0,0.0,0.0
702251,上櫃,0.0,0.0,0.0
702252,上櫃,5.85,5.9,2.0
702253,上櫃,0.0,0.0,0.0
702254,上櫃,0.0,0.0,0.0
702255,上櫃,0.0,0.0,0.0
702256,上櫃,0.0,0.0,0.0
702257,上櫃,0.0,0.0,0.0
702258,上櫃,0.0,0.0,0.0
702259,上櫃,2.29,2.29,5.0
702260,上櫃,0.0,0.0,0.0
702261,上櫃,0.0,0.0,0.0
702262,上櫃,0.0,0.0,0.0
702263,上櫃,1.84,1.85,15.0
702264,上櫃,1.22,1.22,5.0
702265,上櫃,1.61,1.61,1.0
702266,上櫃,0.0,0.0,0.0
702267,上櫃,0.0,0.0,0.0
702268,上櫃,2.9,3.01,262.0
702269,上櫃,2.43,2.66,1199.0
702270,上櫃,2.34,2.34,50.0
702271,上櫃,3.29,3.07,54.0
702272,上櫃,0.0,0.0,0.0
702273,上櫃,1.11,1.14,495.0
702274,上櫃,7.1,7.1,1.0
702275,上櫃,9.7,9.7,1.0
702276,上櫃,2.82,3.04,74.0
702278,上櫃,0.0,0.0,0.0
702280,上櫃,0.0,0.0,0.0
702281,上櫃,2.58,2.69,33.0
702283,上櫃,0.0,0.0,0.0
702284,上櫃,0.0,0.0,0.0
702285,上櫃,2.98,2.8,67.0
702286,上櫃,0.0,0.0,0.0
702287,上櫃,0.0,0.0,0.0
702288,上櫃,0.0,0.0,0.0
702289,上櫃,28.9,28.9,1.0
702290,上櫃,2.64,2.64,10.0
702291,上櫃,0.0,0.0,0.0
702292,上櫃,0.0,0.0,0.0
702293,上櫃,1.29,1.29,10.0
702294,上櫃,0.39,0.39,62.0
702296,上櫃,0.0,0.0,0.0
702298,上櫃,0.0,0.0,0.0
702299,上櫃,1.19,1.22,31.0
702300,上櫃,0.0,0.0,0.0
702301,上櫃,0.25,0.28,139.0
702302,上櫃,12.9,12.9,5.0
702303,上櫃,0.0,0.0,0.0
702304,上櫃,0.0,0.0,0.0
702305,上櫃,0.0,0.0,0.0
702306,上櫃,23.1,23.7,8.0
702307,上櫃,0.0,0.0,0.0
702308,上櫃,0.0,0.0,0.0
702309,上櫃,0.0,0.0,0.0
702310,上櫃,0.0,0.0,0.0
702311,上櫃,0.0,0.0,0.0
702312,上櫃,5.0,5.0,4.0
702313,上櫃,0.0,0.0,0.0
702314,上櫃,0.78,0.78,25.0
702315,上櫃,0.0,0.0,0.0
702316,上櫃,0.0,0.0,0.0
702317,上櫃,0.0,0.0,0.0
702318,上櫃,9.55,9.75,280.0
702319,上櫃,0.58,0.58,10.0
702320,上櫃,0.0,0.0,0.0
702321,上櫃,0.0,0.0,0.0
702322,上櫃,0.86,1.02,2362.0
702323,上櫃,0.0,0.0,0.0
702324,上櫃,0.0,0.0,0.0
702325,上櫃,0.85,0.87,363.0
702327,上櫃,0.1,0.1,3.0
702328,上櫃,11.7,11.7,1.0
702329,上櫃,0.0,0.0,0.0
702330,上櫃,0.0,0.0,0.0
702331,上櫃,0.0,0.0,0.0
702332,上櫃,0.0,0.0,0.0
702333,上櫃,2.19,2.14,80.0
702334,上櫃,8.3,8.3,10.0
702336,上櫃,4.38,4.38,5.0
702337,上櫃,0.4,0.42,35.0
702338,上櫃,0.0,0.0,0.0
702339,上櫃,0.0,0.0,0.0
702340,上櫃,0.0,0.0,0.0
702341,上櫃,0.0,0.0,0.0
702342,上櫃,5.5,5.5,1.0
702343,上櫃,0.0,0.0,0.0
702344,上櫃,2.12,2.12,168.0
702345,上櫃,0.0,0.0,0.0
702346,上櫃,0.0,0.0,0.0
702347,上櫃,0.0,0.0,0.0
702348,上櫃,1.06,1.05,120.0
702349,上櫃,0.16,0.16,30.0
702350,上櫃,0.0,0.0,0.0
702351,上櫃,0.0,0.0,0.0
702352,上櫃,0.0,0.0,0.0
702353,上櫃,2.02,2.02,1.0
702354,上櫃,0.0,0.0,0.0
702355,上櫃,2.52,2.71,4.0
702356,上櫃,2.99,3.21,20.0
702357,上櫃,0.49,0.49,9.0
702358,上櫃,7.3,7.3,1.0
702359,上櫃,0.0,0.0,0.0
702361,上櫃,0.0,0.0,0.0
702362,上櫃,1.5,1.53,21.0
702363,上櫃,3.79,3.83,56.0
702364,上櫃,1.9,1.9,10.0
702365,上櫃,0.0,0.0,0.0
702366,上櫃,0.0,0.0,0.0
702367,上櫃,0.0,0.0,0.0
702368,上櫃,0.0,0.0,0.0
702369,上櫃,0.0,0.0,0.0
702370,上櫃,0.0,0.0,0.0
702371,上櫃,0.0,0.0,0.0
702372,上櫃,0.0,0.0,0.0
702373,上櫃,2.07,2.0,4.0
702374,上櫃,0.0,0.0,0.0
702375,上櫃,0.0,0.0,0.0
702376,上櫃,0.0,0.0,0.0
702377,上櫃,0.0,0.0,0.0
702378,上櫃,2.01,2.01,30.0
702379,上櫃,1.52,1.53,12.0
702380,上櫃,0.11,0.11,10.0
702381,上櫃,0.0,0.0,0.0
702384,上櫃,0.34,0.34,45.0
702385,上櫃,0.0,0.0,0.0
702386,上櫃,0.0,0.0,0.0
702387,上櫃,0.0,0.0,0.0
702388,上櫃,7.3,7.3,5.0
702389,上櫃,0.0,0.0,0.0
702390,上櫃,0.0,0.0,0.0
702391,上櫃,0.0,0.0,0.0
702392,上櫃,0.0,0.0,0.0
702393,上櫃,1.6,1.73,20.0
702394,上櫃,0.0,0.0,0.0
702395,上櫃,1.03,1.23,97.0
702396,上櫃,0.0,0.0,0.0
702397,上櫃,0.0,0.0,0.0
702398,上櫃,0.0,0.0,0.0
702400,上櫃,0.0,0.0,0.0
702401,上櫃,0.0,0.0,0.0
702402,上櫃,0.0,0.0,0.0
702403,上櫃,0.0,0.0,0.0
702404,上櫃,0.0,0.0,0.0
702405,上櫃,0.0,0.0,0.0
702406,上櫃,0.91,1.05,6.0
702407,上櫃,0.0,0.0,0.0
702408,上櫃,28.5,28.5,1.0
702409,上櫃,0.26,0.24,32.0
702410,上櫃,0.0,0.0,0.0
702411,上櫃,0.0,0.0,0.0
702412,上櫃,2.1,1.99,4.0
702413,上櫃,2.9,3.0,32.0
702414,上櫃,1.58,1.52,220.0
702415,上櫃,0.0,0.0,0.0
702416,上櫃,0.0,0.0,0.0
702417,上櫃,0.0,0.0,0.0
702418,上櫃,0.0,0.0,0.0
702419,上櫃,0.0,0.0,0.0
702420,上櫃,0.0,0.0,0.0
702421,上櫃,0.0,0.0,0.0
702422,上櫃,0.0,0.0,0.0
702423,上櫃,0.0,0.0,0.0
702424,上櫃,0.0,0.0,0.0
702425,上櫃,0.0,0.0,0.0
702426,上櫃,1.52,1.52,15.0
702427,上櫃,0.99,1.23,82.0
702428,上櫃,1.17,1.23,70.0
702429,上櫃,0.0,0.0,0.0
702430,上櫃,0.41,0.58,186.0
702431,上櫃,1.34,1.21,56.0
702434,上櫃,0.47,0.47,20.0
702435,上櫃,0.51,0.51,52.0
702436,上櫃,0.0,0.0,0.0
702437,上櫃,0.29,0.36,100.0
702438,上櫃,0.19,0.19,50.0
702439,上櫃,0.0,0.0,0.0
702440,上櫃,0.0,0.0,0.0
702441,上櫃,0.9,1.09,613.0
702442,上櫃,0.0,0.0,0.0
702443,上櫃,0.0,0.0,0.0
702444,上櫃,0.22,0.22,20.0
702445,上櫃,1.09,1.36,706.0
702446,上櫃,0.0,0.0,0.0
702447,上櫃,0.0,0.0,0.0
702448,上櫃,0.0,0.0,0.0
702449,上櫃,0.33,0.4,852.0
702450,上櫃,0.22,0.27,1031.0
702451,上櫃,0.9,0.9,5.0
702452,上櫃,0.0,0.0,0.0
702455,上櫃,0.0,0.0,0.0
702456,上櫃,0.0,0.0,0.0
702457,上櫃,0.0,0.0,0.0
702458,上櫃,4.28,4.52,440.0
702459,上櫃,2.43,2.43,1.0
702460,上櫃,0.0,0.0,0.0
702461,上櫃,0.0,0.0,0.0
702462,上櫃,1.34,1.37,7.0
702463,上櫃,0.0,0.0,0.0
702464,上櫃,0.0,0.0,0.0
702465,上櫃,0.95,0.94,28.0
702466,上櫃,0.0,0.0,0.0
702467,上櫃,6.35,6.45,23.0
702468,上櫃,0.0,0.0,0.0
702469,上櫃,2.05,6.3,2.0
702470,上櫃,0.0,0.0,0.0
702471,上櫃,0.0,0.0,0.0
702472,上櫃,0.19,0.19,5.0
702473,上櫃,6.0,6.0,2.0
702474,上櫃,1.34,1.34,1.0
702475,上櫃,0.0,0.0,0.0
702476,上櫃,0.0,0.0,0.0
702477,上櫃,0.0,0.0,0.0
702478,上櫃,0.0,0.0,0.0
702479,上櫃,0.0,0.0,0.0
702480,上櫃,0.18,0.18,6.0
702481,上櫃,0.53,0.75,76.0
702482,上櫃,0.0,0.0,0.0
702483,上櫃,1.85,1.85,2.0
702484,上櫃,0.0,0.0,0.0
702485,上櫃,0.0,0.0,0.0
702486,上櫃,0.0,0.0,0.0
702487,上櫃,1.39,1.39,1.0
702488,上櫃,0.0,0.0,0.0
702489,上櫃,0.0,0.0,0.0
702490,上櫃,3.07,3.07,1.0
702491,上櫃,0.0,0.0,0.0
702492,上櫃,0.0,0.0,0.0
702493,上櫃,0.17,0.17,201.0
702495,上櫃,11.0,11.0,3.0
702496,上櫃,11.9,12.3,129.0
702498,上櫃,0.35,0.45,1446.0
702499,上櫃,2.57,2.83,2.0
702501,上櫃,1.48,1.48,1.0
702502,上櫃,0.0,0.0,0.0
702503,上櫃,0.0,0.0,0.0
702504,上櫃,0.0,0.0,0.0
702505,上櫃,0.0,0.0,0.0
702506,上櫃,2.04,2.18,60.0
702507,上櫃,0.32,0.37,573.0
702508,上櫃,0.7,0.71,282.0
702509,上櫃,0.0,0.0,0.0
702510,上櫃,0.0,0.0,0.0
702511,上櫃,38.2,38.2,1.0
702512,上櫃,0.0,0.0,0.0
702513,上櫃,0.0,0.0,0.0
702514,上櫃,1.58,1.58,10.0
702515,上櫃,1.2,1.12,52.0
702516,上櫃,0.4,0.41,184.0
702517,上櫃,0.0,0.0,0.0
702518,上櫃,0.0,0.0,0.0
702519,上櫃,0.02,0.02,51.0
702520,上櫃,0.0,0.0,0.0
702521,上櫃,3.0,3.0,10.0
702522,上櫃,0.0,0.0,0.0
702523,上櫃,0.22,0.22,203.0
702524,上櫃,0.0,0.0,0.0
702525,上櫃,36.9,36.9,1.0
702526,上櫃,20.4,20.4,7.0
702527,上櫃,1.58,1.73,20.0
702528,上櫃,8.7,8.7,12.0
702529,上櫃,0.0,0.0,0.0
702530,上櫃,4.74,4.74,10.0
702531,上櫃,0.0,0.0,0.0
702532,上櫃,2.98,3.47,76.0
702533,上櫃,2.57,2.26,9.0
702534,上櫃,0.0,0.0,0.0
702535,上櫃,0.0,0.0,0.0
702536,上櫃,0.23,0.29,664.0
702537,上櫃,0.0,0.0,0.0
702538,上櫃,0.0,0.0,0.0
702539,上櫃,0.0,0.0,0.0
702540,上櫃,3.92,3.92,5.0
702541,上櫃,3.29,3.43,158.0
702542,上櫃,0.0,0.0,0.0
702543,上櫃,0.0,0.0,0.0
702544,上櫃,0.0,0.0,0.0
702545,上櫃,0.0,0.0,0.0
702546,上櫃,0.0,0.0,0.0
702547,上櫃,0.0,0.0,0.0
702548,上櫃,13.2,13.7,15.0
702549,上櫃,0.52,0.54,38.0
702550,上櫃,0.97,1.17,2124.0
702551,上櫃,4.1,4.1,1.0
702552,上櫃,0.0,0.0,0.0
702553,上櫃,5.2,5.2,1.0
702554,上櫃,21.0,21.0,2.0
702555,上櫃,0.9,0.98,126.0
702556,上櫃,0.0,0.0,0.0
702557,上櫃,28.1,28.1,1.0
702558,上櫃,7.3,7.15,10.0
702559,上櫃,0.0,0.0,0.0
702560,上櫃,6.45,6.65,222.0
702561,上櫃,0.0,0.0,0.0
702562,上櫃,0.0,0.0,0.0
702563,上櫃,0.0,0.0,0.0
702564,上櫃,0.0,0.0,0.0
702565,上櫃,1.45,1.65,7.0
702566,上櫃,0.0,0.0,0.0
702567,上櫃,11.2,11.2,2.0
702568,上櫃,0.62,0.64,41.0
702569,上櫃,0.0,0.0,0.0
702570,上櫃,8.55,9.1,3.0
702571,上櫃,0.0,0.0,0.0
702572,上櫃,3.16,3.7,38.0
702573,上櫃,2.25,2.25,1.0
702574,上櫃,3.52,4.3,17.0
702575,上櫃,2.17,2.29,8.0
702576,上櫃,0.0,0.0,0.0
702577,上櫃,0.0,0.0,0.0
702578,上櫃,2.49,2.8,24.0
702579,上櫃,31.0,30.9,49.0
702580,上櫃,0.0,0.0,0.0
702581,上櫃,0.0,0.0,0.0
702582,上櫃,7.75,7.9,2.0
702583,上櫃,7.7,8.2,20.0
702584,上櫃,1.5,1.31,30.0
702585,上櫃,0.0,0.0,0.0
702586,上櫃,0.56,0.56,20.0
702587,上櫃,2.58,2.74,13.0
702588,上櫃,1.25,1.62,191.0
702589,上櫃,2.29,2.29,3.0
702590,上櫃,3.28,3.7,285.0
702591,上櫃,2.83,3.0,217.0
702592,上櫃,3.44,3.82,139.0
702593,上櫃,2.94,3.03,6.0
702594,上櫃,0.0,0.0,0.0
702595,上櫃,1.87,1.46,207.0
702597,上櫃,8.6,8.6,9.0
702598,上櫃,2.01,2.01,10.0
702599,上櫃,7.25,7.25,1.0
702600,上櫃,3.7,3.82,202.0
702601,上櫃,0.06,0.06,70.0
702602,上櫃,0.0,0.0,0.0
702603,上櫃,0.22,0.25,12.0
702604,上櫃,0.0,0.0,0.0
702605,上櫃,0.34,0.34,10.0
702607,上櫃,2.55,2.8,157.0
702608,上櫃,0.0,0.0,0.0
702609,上櫃,1.75,1.91,15.0
702610,上櫃,0.4,0.5,447.0
702611,上櫃,0.48,0.49,2435.0
702612,上櫃,0.8,1.3,1103.0
702613,上櫃,1.17,1.4,2710.0
702614,上櫃,3.6,3.6,10.0
702615,上櫃,2.12,2.28,205.0
702616,上櫃,3.19,3.27,42.0
702617,上櫃,7.0,7.0,10.0
702618,上櫃,0.0,0.0,0.0
702619,上櫃,1.9,2.3,126.0
702620,上櫃,0.0,0.0,0.0
702621,上櫃,0.0,0.0,0.0
702622,上櫃,0.0,0.0,0.0
702623,上櫃,0.0,0.0,0.0
702624,上櫃,4.24,4.24,2.0
702625,上櫃,0.3,0.3,5.0
702626,上櫃,1.3,1.3,17.0
702627,上櫃,2.37,2.38,6.0
702628,上櫃,15.2,15.2,1.0
702629,上櫃,0.0,0.0,0.0
702630,上櫃,0.0,0.0,0.0
702631,上櫃,9.6,9.6,1.0
702632,上櫃,0.0,0.0,0.0
702633,上櫃,0.45,0.51,407.0
702634,上櫃,0.0,0.0,0.0
702635,上櫃,0.0,0.0,0.0
702636,上櫃,3.42,3.8,57.0
702637,上櫃,0.0,0.0,0.0
702638,上櫃,0.0,0.0,0.0
702639,上櫃,5.8,5.8,21.0
702640,上櫃,4.71,5.05,15.0
702641,上櫃,0.79,0.85,329.0
702642,上櫃,0.0,0.0,0.0
702643,上櫃,10.5,10.6,4.0
702644,上櫃,0.0,0.0,0.0
702645,上櫃,9.15,10.0,3.0
702646,上櫃,0.0,0.0,0.0
702647,上櫃,0.87,1.02,86.0
702648,上櫃,1.88,2.05,493.0
702649,上櫃,3.2,3.5,331.0
702650,上櫃,2.1,2.1,20.0
702651,上櫃,0.0,0.0,0.0
702652,上櫃,0.0,0.0,0.0
702653,上櫃,0.0,0.0,0.0
702654,上櫃,0.0,0.0,0.0
702655,上櫃,5.5,5.5,1.0
702656,上櫃,3.56,3.85,7.0
702657,上櫃,2.4,2.82,34.0
702658,上櫃,1.53,1.62,110.0
702659,上櫃,0.0,0.0,0.0
702660,上櫃,1.32,1.5,417.0
702661,上櫃,0.0,0.0,0.0
702662,上櫃,4.13,4.13,10.0
702663,上櫃,0.11,0.11,10.0
702664,上櫃,0.0,0.0,0.0
702665,上櫃,0.0,0.0,0.0
702666,上櫃,1.46,1.45,186.0
702667,上櫃,0.0,0.0,0.0
702668,上櫃,0.0,0.0,0.0
702669,上櫃,0.0,0.0,0.0
702670,上櫃,0.0,0.0,0.0
702671,上櫃,0.46,0.61,1358.0
702672,上櫃,0.0,0.0,0.0
702673,上櫃,1.6,1.63,130.0
702674,上櫃,0.0,0.0,0.0
702675,上櫃,0.0,0.0,0.0
702676,上櫃,6.0,6.0,1.0
702677,上櫃,0.0,0.0,0.0
702678,上櫃,0.26,0.33,232.0
702679,上櫃,0.0,0.0,0.0
702680,上櫃,0.0,0.0,0.0
702681,上櫃,0.0,0.0,0.0
702682,上櫃,0.0,0.0,0.0
702683,上櫃,0.54,0.54,30.0
702685,上櫃,2.44,2.44,8.0
702686,上櫃,0.22,0.22,100.0
702687,上櫃,0.0,0.0,0.0
702688,上櫃,0.26,0.27,3.0
702689,上櫃,0.0,0.0,0.0
702690,上櫃,8.8,8.8,20.0
702691,上櫃,0.0,0.0,0.0
702692,上櫃,0.0,0.0,0.0
702693,上櫃,0.53,0.53,10.0
702694,上櫃,0.0,0.0,0.0
702695,上櫃,0.0,0.0,0.0
702696,上櫃,0.0,0.0,0.0
702697,上櫃,0.0,0.0,0.0
702698,上櫃,0.0,0.0,0.0
702699,上櫃,0.3,0.3,10.0
702700,上櫃,2.01,2.01,12.0
702701,上櫃,0.0,0.0,0.0
702702,上櫃,1.61,1.46,29.0
702703,上櫃,0.0,0.0,0.0
702704,上櫃,0.0,0.0,0.0
702705,上櫃,0.0,0.0,0.0
702706,上櫃,0.0,0.0,0.0
702707,上櫃,2.6,2.64,44.0
702708,上櫃,0.0,0.0,0.0
702709,上櫃,4.49,5.4,29.0
702710,上櫃,0.0,0.0,0.0
702711,上櫃,0.0,0.0,0.0
702712,上櫃,0.0,0.0,0.0
702713,上櫃,0.0,0.0,0.0
702714,上櫃,0.0,0.0,0.0
702715,上櫃,0.0,0.0,0.0
702716,上櫃,0.0,0.0,0.0
702717,上櫃,0.0,0.0,0.0
702718,上櫃,0.0,0.0,0.0
702719,上櫃,0.26,0.27,31.0
702722,上櫃,0.0,0.0,0.0
702723,上櫃,0.64,0.64,30.0
702724,上櫃,0.0,0.0,0.0
702725,上櫃,0.38,0.49,579.0
702726,上櫃,2.45,2.56,20.0
702727,上櫃,1.45,1.45,2.0
702728,上櫃,0.95,1.1,15.0
702729,上櫃,1.2,1.36,366.0
702730,上櫃,0.0,0.0,0.0
702731,上櫃,0.0,0.0,0.0
702732,上櫃,0.0,0.0,0.0
702733,上櫃,0.0,0.0,0.0
702734,上櫃,1.39,1.39,1.0
702735,上櫃,0.0,0.0,0.0
702736,上櫃,0.12,0.12,10.0
702737,上櫃,0.0,0.0,0.0
702738,上櫃,0.0,0.0,0.0
702739,上櫃,2.36,2.62,151.0
702740,上櫃,0.0,0.0,0.0
702741,上櫃,2.0,1.99,41.0
702742,上櫃,0.0,0.0,0.0
702743,上櫃,2.12,2.12,120.0
702744,上櫃,0.0,0.0,0.0
702745,上櫃,0.0,0.0,0.0
702746,上櫃,7.35,7.3,100.0
702747,上櫃,0.0,0.0,0.0
702748,上櫃,1.72,1.64,8.0
702749,上櫃,0.0,0.0,0.0
702750,上櫃,0.0,0.0,0.0
702751,上櫃,0.0,0.0,0.0
702752,上櫃,0.48,0.47,351.0
702753,上櫃,1.52,1.57,19.0
702754,上櫃,0.63,0.65,742.0
702755,上櫃,0.89,0.91,7.0
702757,上櫃,0.0,0.0,0.0
702758,上櫃,0.78,0.78,10.0
702759,上櫃,0.0,0.0,0.0
702760,上櫃,0.0,0.0,0.0
702761,上櫃,0.0,0.0,0.0
702762,上櫃,0.0,0.0,0.0
702763,上櫃,0.0,0.0,0.0
702764,上櫃,0.0,0.0,0.0
702765,上櫃,1.47,1.47,20.0
702766,上櫃,0.24,0.24,5.0
702767,上櫃,0.27,0.27,1.0
702768,上櫃,2.99,3.1,66.0
702769,上櫃,2.13,2.21,101.0
702770,上櫃,0.0,0.0,0.0
702771,上櫃,0.0,0.0,0.0
702772,上櫃,0.66,0.67,251.0
702773,上櫃,0.0,0.0,0.0
702774,上櫃,0.0,0.0,0.0
702775,上櫃,0.0,0.0,0.0
702776,上櫃,1.34,1.49,1236.0
702777,上櫃,2.75,2.82,1534.0
702778,上櫃,0.0,0.0,0.0
702779,上櫃,0.0,0.0,0.0
702780,上櫃,0.0,0.0,0.0
702781,上櫃,0.0,0.0,0.0
702782,上櫃,12.1,11.7,3.0
702783,上櫃,0.0,0.0,0.0
702784,上櫃,5.9,6.15,237.0
702785,上櫃,0.0,0.0,0.0
702786,上櫃,0.0,0.0,0.0
702787,上櫃,1.99,1.99,100.0
702788,上櫃,0.0,0.0,0.0
702789,上櫃,0.0,0.0,0.0
702790,上櫃,0.0,0.0,0.0
702791,上櫃,0.0,0.0,0.0
702792,上櫃,0.0,0.0,0.0
702794,上櫃,0.0,0.0,0.0
702795,上櫃,0.49,0.62,106.0
702796,上櫃,0.0,0.0,0.0
702797,上櫃,3.57,3.57,10.0
702798,上櫃,1.15,1.21,129.0
702800,上櫃,0.92,0.5,11.0
702801,上櫃,2.6,3.08,32.0
702802,上櫃,0.34,0.35,582.0
702803,上櫃,0.0,0.0,0.0
702804,上櫃,0.7,0.7,2.0
702805,上櫃,0.48,0.48,53.0
702806,上櫃,1.88,1.88,1.0
702807,上櫃,0.56,0.71,686.0
702808,上櫃,0.4,0.46,971.0
702809,上櫃,0.0,0.0,0.0
702810,上櫃,0.0,0.0,0.0
702811,上櫃,0.0,0.0,0.0
702812,上櫃,0.0,0.0,0.0
702813,上櫃,1.77,1.77,6.0
702814,上櫃,0.71,0.9,75.0
702815,上櫃,0.0,0.0,0.0
702816,上櫃,0.77,0.78,6.0
702817,上櫃,5.8,6.55,2.0
702818,上櫃,4.76,4.6,15.0
702819,上櫃,4.32,4.62,307.0
702820,上櫃,0.51,0.5,29.0
702821,上櫃,0.42,0.42,12.0
702822,上櫃,0.0,0.0,0.0
702823,上櫃,0.0,0.0,0.0
702824,上櫃,1.99,1.89,185.0
702825,上櫃,2.58,2.62,185.0
702826,上櫃,0.0,0.0,0.0
702827,上櫃,7.6,7.6,1.0
702828,上櫃,0.66,0.67,67.0
702829,上櫃,0.82,0.82,157.0
702830,上櫃,1.32,1.49,145.0
702831,上櫃,0.0,0.0,0.0
702832,上櫃,0.0,0.0,0.0
702833,上櫃,2.02,2.32,618.0
702834,上櫃,2.62,3.15,151.0
702835,上櫃,1.98,1.98,20.0
702836,上櫃,0.38,0.3,105.0
702837,上櫃,0.0,0.0,0.0
702838,上櫃,0.4,0.4,1.0
702839,上櫃,0.0,0.0,0.0
702840,上櫃,0.0,0.0,0.0
702841,上櫃,15.4,15.5,3.0
702842,上櫃,1.73,1.72,83.0
702843,上櫃,1.64,1.73,23.0
702844,上櫃,1.1,1.06,41.0
702845,上櫃,0.0,0.0,0.0
702846,上櫃,0.0,0.0,0.0
702847,上櫃,2.32,2.42,26.0
702848,上櫃,0.0,0.0,0.0
702849,上櫃,0.31,0.31,10.0
702850,上櫃,0.34,0.34,1.0
702851,上櫃,1.15,1.15,50.0
702853,上櫃,0.0,0.0,0.0
702854,上櫃,0.0,0.0,0.0
702855,上櫃,3.31,3.31,5.0
702856,上櫃,3.21,3.3,22.0
702857,上櫃,0.0,0.0,0.0
702858,上櫃,0.0,0.0,0.0
702859,上櫃,1.82,1.82,20.0
702860,上櫃,0.0,0.0,0.0
702861,上櫃,3.21,3.39,13.0
702862,上櫃,0.0,0.0,0.0
702863,上櫃,0.0,0.0,0.0
702864,上櫃,1.4,1.4,6.0
702865,上櫃,0.0,0.0,0.0
702866,上櫃,0.0,0.0,0.0
702867,上櫃,0.52,0.52,15.0
702868,上櫃,1.93,1.93,1.0
702869,上櫃,0.0,0.0,0.0
702870,上櫃,0.0,0.0,0.0
702871,上櫃,0.0,0.0,0.0
702872,上櫃,0.0,0.0,0.0
702873,上櫃,0.0,0.0,0.0
702874,上櫃,0.64,0.64,20.0
702875,上櫃,2.86,3.33,4.0
702876,上櫃,3.64,3.93,14.0
702877,上櫃,0.0,0.0,0.0
702878,上櫃,6.55,6.75,17.0
702879,上櫃,6.0,6.0,10.0
702880,上櫃,0.0,0.0,0.0
702881,上櫃,0.0,0.0,0.0
702882,上櫃,0.0,0.0,0.0
702883,上櫃,0.98,0.98,5.0
702884,上櫃,0.99,1.1,32.0
702885,上櫃,1.35,1.56,1418.0
702886,上櫃,0.94,1.05,675.0
702888,上櫃,4.78,4.82,11.0
702889,上櫃,0.0,0.0,0.0
702890,上櫃,0.0,0.0,0.0
702891,上櫃,1.86,1.86,10.0
702892,上櫃,0.0,0.0,0.0
702893,上櫃,0.0,0.0,0.0
702894,上櫃,0.0,0.0,0.0
702895,上櫃,1.99,1.99,5.0
702896,上櫃,4.62,4.62,8.0
702897,上櫃,0.0,0.0,0.0
702898,上櫃,0.0,0.0,0.0
702899,上櫃,0.0,0.0,0.0
702901,上櫃,0.32,0.32,52.0
702902,上櫃,0.0,0.0,0.0
702903,上櫃,2.89,3.13,51.0
702904,上櫃,1.91,1.96,65.0
702905,上櫃,8.9,8.9,3.0
702906,上櫃,2.01,2.05,1599.0
702907,上櫃,0.0,0.0,0.0
702908,上櫃,0.0,0.0,0.0
702909,上櫃,0.4,0.4,80.0
702910,上櫃,1.52,1.38,809.0
702911,上櫃,3.48,3.48,1.0
702912,上櫃,0.0,0.0,0.0
702913,上櫃,2.03,2.29,28.0
702914,上櫃,0.11,0.11,206.0
702915,上櫃,4.92,4.92,10.0
702917,上櫃,0.0,0.0,0.0
702918,上櫃,0.0,0.0,0.0
702919,上櫃,0.68,0.77,352.0
702920,上櫃,2.73,3.12,333.0
702921,上櫃,0.45,0.44,68.0
702922,上櫃,1.35,1.35,10.0
702923,上櫃,0.0,0.0,0.0
702924,上櫃,0.0,0.0,0.0
702925,上櫃,2.19,2.13,25.0
702926,上櫃,0.0,0.0,0.0
702927,上櫃,0.0,0.0,0.0
702928,上櫃,0.41,0.41,60.0
702929,上櫃,0.0,0.0,0.0
702930,上櫃,0.0,0.0,0.0
702931,上櫃,3.78,4.21,199.0
702932,上櫃,0.0,0.0,0.0
702935,上櫃,0.0,0.0,0.0
702936,上櫃,0.0,0.0,0.0
702937,上櫃,0.0,0.0,0.0
702938,上櫃,0.0,0.0,0.0
702939,上櫃,0.0,0.0,0.0
702940,上櫃,0.0,0.0,0.0
702941,上櫃,0.0,0.0,0.0
702942,上櫃,0.0,0.0,0.0
702943,上櫃,8.25,8.1,10.0
702944,上櫃,2.17,2.21,377.0
702945,上櫃,0.55,0.59,425.0
702946,上櫃,0.0,0.0,0.0
702947,上櫃,0.54,0.78,113.0
702948,上櫃,2.3,2.18,30.0
702949,上櫃,5.15,5.6,371.0
702950,上櫃,1.05,1.16,32.0
702951,上櫃,1.06,1.06,5.0
702952,上櫃,0.81,1.08,365.0
702953,上櫃,2.36,2.32,10.0
702954,上櫃,0.0,0.0,0.0
702955,上櫃,0.0,0.0,0.0
702956,上櫃,0.0,0.0,0.0
702957,上櫃,0.28,0.29,101.0
702958,上櫃,0.0,0.0,0.0
702959,上櫃,0.0,0.0,0.0
702960,上櫃,2.02,2.2,65.0
702961,上櫃,2.93,3.06,386.0
702962,上櫃,2.21,2.36,164.0
702963,上櫃,1.88,1.88,6.0
702964,上櫃,0.3,0.3,13.0
702965,上櫃,0.0,0.0,0.0
702966,上櫃,0.0,0.0,0.0
702967,上櫃,2.95,2.91,79.0
702968,上櫃,3.58,3.46,257.0
702969,上櫃,0.0,0.0,0.0
702970,上櫃,0.0,0.0,0.0
702971,上櫃,3.0,3.76,29.0
702973,上櫃,2.74,2.89,643.0
702974,上櫃,2.43,2.62,59.0
702975,上櫃,0.0,0.0,0.0
702976,上櫃,0.0,0.0,0.0
702977,上櫃,1.32,1.32,100.0
702978,上櫃,0.0,0.0,0.0
702979,上櫃,1.03,1.03,1.0
702980,上櫃,0.0,0.0,0.0
702981,上櫃,0.0,0.0,0.0
702982,上櫃,0.0,0.0,0.0
702983,上櫃,0.0,0.0,0.0
702984,上櫃,1.12,1.15,40.0
702985,上櫃,1.02,1.02,3.0
702986,上櫃,0.0,0.0,0.0
702987,上櫃,0.0,0.0,0.0
702988,上櫃,0.0,0.0,0.0
702989,上櫃,1.47,1.5,486.0
702990,上櫃,3.44,3.59,16.0
702991,上櫃,0.0,0.0,0.0
702992,上櫃,1.5,1.65,831.0
702993,上櫃,4.7,4.7,7.0
702994,上櫃,0.0,0.0,0.0
702995,上櫃,0.0,0.0,0.0
702996,上櫃,0.43,0.43,5.0
702997,上櫃,0.0,0.0,0.0
702998,上櫃,4.13,4.16,160.0
702999,上櫃,2.38,2.52,369.0
703000,上櫃,1.75,1.74,54.0
703001,上櫃,1.86,1.86,32.0
703002,上櫃,1.12,1.1,25.0
703003,上櫃,2.4,2.31,12.0
703004,上櫃,0.0,0.0,0.0
703005,上櫃,0.0,0.0,0.0
703006,上櫃,0.0,0.0,0.0
703007,上櫃,2.27,2.64,254.0
703008,上櫃,0.0,0.0,0.0
703009,上櫃,0.47,0.49,20.0
703010,上櫃,1.76,1.76,4.0
703011,上櫃,1.27,1.33,366.0
703012,上櫃,0.62,0.72,986.0
703013,上櫃,0.64,0.77,381.0
703014,上櫃,1.93,1.93,5.0
703016,上櫃,0.26,0.33,465.0
703017,上櫃,1.01,1.08,957.0
703018,上櫃,0.81,1.22,304.0
703019,上櫃,0.0,0.0,0.0
703021,上櫃,0.0,0.0,0.0
703022,上櫃,1.63,1.97,13.0
703023,上櫃,0.0,0.0,0.0
703024,上櫃,0.0,0.0,0.0
703025,上櫃,0.0,0.0,0.0
703026,上櫃,1.63,1.72,147.0
703027,上櫃,0.0,0.0,0.0
703029,上櫃,0.0,0.0,0.0
703030,上櫃,0.0,0.0,0.0
703031,上櫃,0.0,0.0,0.0
703032,上櫃,0.0,0.0,0.0
703033,上櫃,1.07,1.07,47.0
703034,上櫃,0.0,0.0,0.0
703036,上櫃,0.28,0.28,10.0
703037,上櫃,0.0,0.0,0.0
703038,上櫃,2.01,2.23,1051.0
703039,上櫃,0.0,0.0,0.0
703040,上櫃,0.0,0.0,0.0
703041,上櫃,0.0,0.0,0.0
703042,上櫃,0.0,0.0,0.0
703043,上櫃,0.0,0.0,0.0
703044,上櫃,0.77,0.86,902.0
703045,上櫃,0.0,0.0,0.0
703046,上櫃,0.88,0.92,413.0
703047,上櫃,2.71,2.84,22.0
703048,上櫃,1.97,2.02,20.0
703049,上櫃,5.65,6.0,8.0
703050,上櫃,8.2,8.2,1.0
703051,上櫃,1.19,1.19,29.0
703052,上櫃,0.45,0.45,550.0
703053,上櫃,1.97,1.96,61.0
703054,上櫃,0.0,0.0,0.0
703055,上櫃,0.0,0.0,0.0
703056,上櫃,0.0,0.0,0.0
703057,上櫃,0.0,0.0,0.0
703058,上櫃,0.0,0.0,0.0
703059,上櫃,7.5,6.85,50.0
703060,上櫃,0.78,0.91,82.0
703061,上櫃,0.58,0.6,20.0
703062,上櫃,0.0,0.0,0.0
703063,上櫃,0.0,0.0,0.0
703064,上櫃,1.82,1.82,3.0
703065,上櫃,0.0,0.0,0.0
703066,上櫃,0.0,0.0,0.0
703067,上櫃,1.45,1.68,72.0
703068,上櫃,1.74,1.82,194.0
703069,上櫃,0.71,0.71,2.0
703070,上櫃,0.0,0.0,0.0
703071,上櫃,26.0,26.0,1.0
703072,上櫃,0.0,0.0,0.0
703073,上櫃,1.25,1.25,10.0
703074,上櫃,0.0,0.0,0.0
703075,上櫃,0.0,0.0,0.0
703076,上櫃,3.62,3.62,1.0
703077,上櫃,0.0,0.0,0.0
703078,上櫃,0.82,0.95,533.0
703079,上櫃,0.47,0.59,2786.0
703080,上櫃,2.98,2.52,246.0
703082,上櫃,4.68,4.68,1.0
703083,上櫃,0.0,0.0,0.0
703084,上櫃,0.0,0.0,0.0
703085,上櫃,0.0,0.0,0.0
703086,上櫃,1.2,1.22,2.0
703087,上櫃,0.0,0.0,0.0
703088,上櫃,0.0,0.0,0.0
703089,上櫃,2.47,2.47,6.0
703090,上櫃,0.0,0.0,0.0
703091,上櫃,0.0,0.0,0.0
703092,上櫃,0.0,0.0,0.0
703093,上櫃,0.0,0.0,0.0
703094,上櫃,0.45,0.48,291.0
703095,上櫃,2.02,2.02,5.0
703096,上櫃,0.0,0.0,0.0
703097,上櫃,0.0,0.0,0.0
703098,上櫃,26.3,24.4,31.0
703099,上櫃,0.0,0.0,0.0
703100,上櫃,0.0,0.0,0.0
703101,上櫃,0.0,0.0,0.0
703102,上櫃,0.0,0.0,0.0
703103,上櫃,0.0,0.0,0.0
703104,上櫃,0.0,0.0,0.0
703105,上櫃,0.25,0.2,370.0
703106,上櫃,3.5,3.8,31.0
703107,上櫃,1.39,1.46,341.0
703108,上櫃,0.0,0.0,0.0
703109,上櫃,0.0,0.0,0.0
703110,上櫃,2.05,2.05,2.0
703111,上櫃,0.0,0.0,0.0
703112,上櫃,0.0,0.0,0.0
703113,上櫃,0.0,0.0,0.0
703114,上櫃,0.14,0.12,119.0
703115,上櫃,1.08,1.08,26.0
703116,上櫃,0.0,0.0,0.0
703117,上櫃,0.57,0.61,31.0
703118,上櫃,0.0,0.0,0.0
703119,上櫃,3.53,3.44,218.0
703120,上櫃,0.0,0.0,0.0
703121,上櫃,0.0,0.0,0.0
703122,上櫃,0.41,0.41,738.0
703123,上櫃,0.67,0.67,3.0
703124,上櫃,0.0,0.0,0.0
703125,上櫃,0.0,0.0,0.0
703126,上櫃,3.97,3.97,14.0
703127,上櫃,0.32,0.32,101.0
703128,上櫃,0.0,0.0,0.0
703129,上櫃,0.62,0.6,19.0
703130,上櫃,1.01,1.3,129.0
703131,上櫃,0.91,0.86,240.0
703132,上櫃,0.62,0.61,2234.0
703133,上櫃,0.71,0.77,2738.0
703134,上櫃,0.0,0.0,0.0
703135,上櫃,0.42,0.43,2.0
703136,上櫃,1.01,1.11,51.0
703137,上櫃,0.44,0.44,783.0
703138,上櫃,0.0,0.0,0.0
703139,上櫃,0.0,0.0,0.0
703140,上櫃,4.82,4.8,8.0
703141,上櫃,0.35,0.35,60.0
703142,上櫃,0.0,0.0,0.0
703143,上櫃,0.0,0.0,0.0
703144,上櫃,3.41,3.43,34.0
703145,上櫃,0.63,0.64,400.0
703146,上櫃,0.0,0.0,0.0
703147,上櫃,0.0,0.0,0.0
703148,上櫃,0.0,0.0,0.0
703149,上櫃,0.0,0.0,0.0
703150,上櫃,0.2,0.2,10.0
703151,上櫃,0.17,0.18,21.0
703152,上櫃,0.0,0.0,0.0
703153,上櫃,0.0,0.0,0.0
703154,上櫃,2.46,2.46,1.0
703155,上櫃,0.0,0.0,0.0
703156,上櫃,0.0,0.0,0.0
703157,上櫃,0.0,0.0,0.0
703158,上櫃,0.0,0.0,0.0
703159,上櫃,0.0,0.0,0.0
703160,上櫃,2.53,2.53,5.0
703161,上櫃,0.0,0.0,0.0
703162,上櫃,0.0,0.0,0.0
703163,上櫃,0.39,0.4,674.0
703164,上櫃,0.92,1.15,310.0
703165,上櫃,0.0,0.0,0.0
703166,上櫃,0.0,0.0,0.0
703167,上櫃,0.17,0.27,76.0
703168,上櫃,2.43,2.43,5.0
703169,上櫃,2.4,2.4,5.0
703170,上櫃,0.13,0.14,205.0
703171,上櫃,2.77,2.77,1.0
703172,上櫃,3.4,3.4,1.0
703173,上櫃,3.3,3.35,4.0
703174,上櫃,0.73,0.82,1331.0
703175,上櫃,1.12,1.14,6.0
703176,上櫃,1.48,1.45,25.0
703177,上櫃,1.27,1.18,16.0
703178,上櫃,1.78,1.87,12.0
703179,上櫃,5.35,5.65,120.0
703180,上櫃,0.0,0.0,0.0
703181,上櫃,0.0,0.0,0.0
703182,上櫃,0.0,0.0,0.0
703183,上櫃,2.11,2.57,65.0
703184,上櫃,8.0,7.45,53.0
703185,上櫃,0.0,0.0,0.0
703186,上櫃,0.98,1.04,2.0
703187,上櫃,0.0,0.0,0.0
703188,上櫃,0.78,0.85,11.0
703189,上櫃,0.0,0.0,0.0
703190,上櫃,1.06,1.21,13.0
703191,上櫃,0.0,0.0,0.0
703192,上櫃,0.0,0.0,0.0
703193,上櫃,0.0,0.0,0.0
703194,上櫃,0.16,0.23,133.0
703195,上櫃,1.27,1.26,46.0
703196,上櫃,0.0,0.0,0.0
703197,上櫃,0.0,0.0,0.0
703198,上櫃,0.0,0.0,0.0
703199,上櫃,0.0,0.0,0.0
703200,上櫃,0.0,0.0,0.0
703201,上櫃,0.0,0.0,0.0
703202,上櫃,0.59,0.59,10.0
703203,上櫃,0.0,0.0,0.0
703204,上櫃,0.36,0.38,420.0
703205,上櫃,0.0,0.0,0.0
703206,上櫃,2.57,2.59,2.0
703207,上櫃,0.0,0.0,0.0
703208,上櫃,0.0,0.0,0.0
703209,上櫃,0.0,0.0,0.0
703210,上櫃,0.0,0.0,0.0
703211,上櫃,0.22,0.23,6.0
703212,上櫃,0.0,0.0,0.0
703213,上櫃,0.0,0.0,0.0
703214,上櫃,2.9,2.9,5.0
703215,上櫃,6.1,6.85,56.0
703216,上櫃,1.68,1.57,290.0
703217,上櫃,0.0,0.0,0.0
703218,上櫃,0.0,0.0,0.0
703219,上櫃,0.0,0.0,0.0
703220,上櫃,3.62,3.62,5.0
703221,上櫃,0.0,0.0,0.0
703222,上櫃,0.0,0.0,0.0
703223,上櫃,1.97,2.0,53.0
703224,上櫃,0.93,0.97,270.0
703225,上櫃,0.0,0.0,0.0
703226,上櫃,0.0,0.0,0.0
703227,上櫃,0.0,0.0,0.0
703228,上櫃,0.0,0.0,0.0
703229,上櫃,0.0,0.0,0.0
703230,上櫃,3.93,3.93,7.0
703231,上櫃,0.42,0.42,3.0
703232,上櫃,0.0,0.0,0.0
703233,上櫃,0.0,0.0,0.0
703234,上櫃,0.0,0.0,0.0
703235,上櫃,1.97,1.97,5.0
703236,上櫃,0.82,1.05,17.0
703237,上櫃,2.33,2.33,4.0
703238,上櫃,3.0,3.43,198.0
703239,上櫃,0.0,0.0,0.0
703240,上櫃,0.45,0.47,200.0
703241,上櫃,0.0,0.0,0.0
703242,上櫃,0.0,0.0,0.0
703243,上櫃,0.95,0.74,1216.0
703245,上櫃,0.0,0.0,0.0
703246,上櫃,4.63,4.85,6.0
703247,上櫃,2.14,2.25,4.0
703248,上櫃,0.0,0.0,0.0
703249,上櫃,0.8,0.84,14.0
703250,上櫃,2.53,2.74,671.0
703251,上櫃,0.0,0.0,0.0
703252,上櫃,0.0,0.0,0.0
703253,上櫃,2.59,2.88,11.0
703254,上櫃,2.58,2.81,6.0
703255,上櫃,2.0,2.12,31.0
703256,上櫃,0.0,0.0,0.0
703257,上櫃,1.5,1.75,2350.0
703258,上櫃,8.9,8.75,97.0
703259,上櫃,0.78,0.71,23.0
703260,上櫃,0.0,0.0,0.0
703261,上櫃,8.55,9.2,16.0
703262,上櫃,0.0,0.0,0.0
703263,上櫃,1.37,1.41,263.0
703264,上櫃,0.04,0.04,10.0
703265,上櫃,0.0,0.0,0.0
703266,上櫃,0.0,0.0,0.0
703267,上櫃,0.0,0.0,0.0
703268,上櫃,3.37,3.37,3.0
703269,上櫃,0.0,0.0,0.0
703270,上櫃,0.0,0.0,0.0
703271,上櫃,0.47,0.47,449.0
703272,上櫃,0.0,0.0,0.0
703273,上櫃,0.0,0.0,0.0
703274,上櫃,5.1,5.4,52.0
703275,上櫃,15.6,15.6,2.0
703277,上櫃,1.91,1.87,10.0
703278,上櫃,0.0,0.0,0.0
703279,上櫃,0.0,0.0,0.0
703280,上櫃,0.0,0.0,0.0
703281,上櫃,0.0,0.0,0.0
703282,上櫃,2.31,2.31,20.0
703283,上櫃,1.89,1.88,37.0
703284,上櫃,9.85,9.85,1.0
703285,上櫃,0.0,0.0,0.0
703286,上櫃,1.1,1.1,5.0
703287,上櫃,1.13,1.13,18.0
703288,上櫃,1.75,1.75,2.0
703289,上櫃,2.18,2.29,124.0
703290,上櫃,0.0,0.0,0.0
703291,上櫃,0.0,0.0,0.0
703292,上櫃,3.15,3.09,32.0
703293,上櫃,2.04,2.25,228.0
703294,上櫃,0.0,0.0,0.0
703295,上櫃,3.64,3.7,20.0
703296,上櫃,4.8,4.65,34.0
703297,上櫃,0.0,0.0,0.0
703298,上櫃,0.76,0.77,83.0
703299,上櫃,0.89,1.23,1732.0
703300,上櫃,3.8,3.77,25.0
703301,上櫃,0.0,0.0,0.0
703302,上櫃,0.0,0.0,0.0
703303,上櫃,0.0,0.0,0.0
703304,上櫃,0.0,0.0,0.0
703305,上櫃,0.35,0.36,380.0
703306,上櫃,5.85,6.1,45.0
703307,上櫃,3.5,3.49,95.0
703308,上櫃,0.0,0.0,0.0
703309,上櫃,0.8,0.92,260.0
703310,上櫃,0.65,0.63,30.0
703311,上櫃,0.0,0.0,0.0
703312,上櫃,0.0,0.0,0.0
703313,上櫃,0.0,0.0,0.0
703314,上櫃,0.0,0.0,0.0
703315,上櫃,3.94,3.94,10.0
703316,上櫃,12.1,12.1,30.0
703317,上櫃,0.0,0.0,0.0
703318,上櫃,0.0,0.0,0.0
703319,上櫃,0.0,0.0,0.0
703320,上櫃,0.47,0.52,113.0
703321,上櫃,0.0,0.0,0.0
703322,上櫃,8.5,8.5,1.0
703323,上櫃,3.01,3.58,76.0
703324,上櫃,0.0,0.0,0.0
703325,上櫃,0.0,0.0,0.0
703326,上櫃,0.0,0.0,0.0
703327,上櫃,1.4,1.5,516.0
703328,上櫃,0.0,0.0,0.0
703329,上櫃,0.0,0.0,0.0
703330,上櫃,0.36,0.36,45.0
703331,上櫃,0.0,0.0,0.0
703332,上櫃,0.93,1.01,2.0
703333,上櫃,0.0,0.0,0.0
703334,上櫃,0.0,0.0,0.0
703335,上櫃,2.66,2.15,87.0
703336,上櫃,0.0,0.0,0.0
703337,上櫃,0.0,0.0,0.0
703338,上櫃,0.11,0.11,1.0
703339,上櫃,1.95,1.89,21.0
703340,上櫃,0.0,0.0,0.0
703341,上櫃,0.0,0.0,0.0
703342,上櫃,0.0,0.0,0.0
703343,上櫃,2.87,2.87,10.0
703344,上櫃,10.5,10.4,104.0
703345,上櫃,7.4,7.4,6.0
703346,上櫃,2.79,3.0,81.0
703347,上櫃,0.93,0.93,1.0
703348,上櫃,0.0,0.0,0.0
703349,上櫃,10.1,10.3,2.0
703350,上櫃,0.0,0.0,0.0
703351,上櫃,4.29,4.27,981.0
703352,上櫃,0.0,0.0,0.0
703353,上櫃,2.96,3.11,259.0
703354,上櫃,2.54,2.69,70.0
703355,上櫃,0.0,0.0,0.0
703356,上櫃,2.0,2.0,5.0
703357,上櫃,0.0,0.0,0.0
703358,上櫃,0.22,0.24,8.0
703359,上櫃,0.0,0.0,0.0
703360,上櫃,0.0,0.0,0.0
703361,上櫃,26.1,27.3,2.0
703362,上櫃,10.5,10.5,2.0
703363,上櫃,0.0,0.0,0.0
703364,上櫃,0.0,0.0,0.0
703365,上櫃,0.0,0.0,0.0
703366,上櫃,6.0,5.95,81.0
703367,上櫃,0.0,0.0,0.0
703368,上櫃,7.05,6.6,577.0
703369,上櫃,1.45,1.45,11.0
703370,上櫃,2.15,2.18,12.0
703371,上櫃,1.56,1.67,90.0
703372,上櫃,3.14,3.14,23.0
703373,上櫃,1.0,1.13,167.0
703374,上櫃,1.18,1.24,27.0
703375,上櫃,2.52,2.53,76.0
703376,上櫃,0.0,0.0,0.0
703377,上櫃,0.0,0.0,0.0
703378,上櫃,3.01,3.7,171.0
703379,上櫃,0.0,0.0,0.0
703380,上櫃,1.2,1.2,4.0
703381,上櫃,5.9,5.55,16.0
703382,上櫃,2.44,2.44,8.0
703383,上櫃,3.32,2.5,39.0
703384,上櫃,0.31,0.33,11.0
703385,上櫃,0.0,0.0,0.0
703386,上櫃,0.86,1.05,118.0
703387,上櫃,0.0,0.0,0.0
703388,上櫃,0.0,0.0,0.0
703389,上櫃,0.57,0.61,1009.0
703390,上櫃,0.0,0.0,0.0
703391,上櫃,0.0,0.0,0.0
703392,上櫃,0.0,0.0,0.0
703393,上櫃,0.0,0.0,0.0
703394,上櫃,0.0,0.0,0.0
703395,上櫃,0.0,0.0,0.0
703396,上櫃,2.79,2.88,88.0
703397,上櫃,1.02,0.99,40.0
703398,上櫃,0.0,0.0,0.0
703399,上櫃,2.08,2.17,1441.0
703400,上櫃,4.1,4.45,91.0
703401,上櫃,0.65,0.84,314.0
703402,上櫃,0.0,0.0,0.0
703403,上櫃,0.0,0.0,0.0
703404,上櫃,5.1,5.25,9.0
703405,上櫃,0.0,0.0,0.0
703406,上櫃,0.79,0.88,471.0
703407,上櫃,0.85,0.89,240.0
703408,上櫃,34.1,34.1,18.0
703409,上櫃,5.8,5.8,2.0
703410,上櫃,0.77,0.77,50.0
703411,上櫃,0.0,0.0,0.0
703412,上櫃,0.13,0.12,102.0
703413,上櫃,2.06,2.0,15.0
703414,上櫃,0.56,0.62,283.0
703415,上櫃,0.6,0.8,138.0
703416,上櫃,0.61,0.71,527.0
703417,上櫃,0.71,0.84,70.0
703418,上櫃,0.92,1.06,917.0
703419,上櫃,1.11,1.25,755.0
703420,上櫃,0.86,0.96,110.0
703421,上櫃,0.0,0.0,0.0
703422,上櫃,1.99,1.99,1.0
703423,上櫃,0.28,0.31,158.0
703424,上櫃,14.0,14.0,2.0
703425,上櫃,0.32,0.32,144.0
703426,上櫃,1.32,1.32,50.0
703427,上櫃,0.0,0.0,0.0
703428,上櫃,2.4,2.98,250.0
703429,上櫃,0.0,0.0,0.0
703430,上櫃,2.01,2.2,72.0
703431,上櫃,1.13,1.13,70.0
703432,上櫃,2.12,2.02,30.0
703433,上櫃,26.0,26.0,1.0
703434,上櫃,1.63,1.89,107.0
703435,上櫃,0.0,0.0,0.0
703436,上櫃,0.35,0.35,10.0
703437,上櫃,3.16,3.16,7.0
703438,上櫃,1.86,1.99,954.0
703439,上櫃,0.47,0.47,6.0
703440,上櫃,0.8,0.8,2.0
703441,上櫃,0.99,1.0,325.0
703442,上櫃,1.2,1.35,24.0
703443,上櫃,0.0,0.0,0.0
703444,上櫃,0.0,0.0,0.0
703445,上櫃,1.09,1.09,100.0
703446,上櫃,1.23,1.34,146.0
703447,上櫃,0.0,0.0,0.0
703448,上櫃,0.0,0.0,0.0
703449,上櫃,0.0,0.0,0.0
703450,上櫃,0.0,0.0,0.0
703451,上櫃,0.0,0.0,0.0
703452,上櫃,0.0,0.0,0.0
703453,上櫃,0.91,1.01,573.0
703454,上櫃,1.32,1.39,941.0
703455,上櫃,0.0,0.0,0.0
703456,上櫃,0.0,0.0,0.0
703457,上櫃,0.0,0.0,0.0
703458,上櫃,0.0,0.0,0.0
703459,上櫃,2.52,2.87,114.0
703460,上櫃,0.66,0.66,1.0
703461,上櫃,0.0,0.0,0.0
703462,上櫃,0.0,0.0,0.0
703463,上櫃,0.48,0.48,24.0
703464,上櫃,0.34,0.33,49.0
703465,上櫃,0.52,0.53,19.0
703466,上櫃,1.6,1.58,595.0
703467,上櫃,1.6,1.6,906.0
703468,上櫃,0.83,0.82,26.0
703469,上櫃,0.0,0.0,0.0
703470,上櫃,1.0,1.05,452.0
703471,上櫃,1.02,1.06,1805.0
703472,上櫃,0.83,0.84,717.0
703473,上櫃,0.85,0.89,412.0
703474,上櫃,0.0,0.0,0.0
703475,上櫃,0.72,0.71,136.0
703476,上櫃,0.41,0.39,99.0
703477,上櫃,0.39,0.44,174.0
703478,上櫃,0.63,0.64,63.0
703479,上櫃,4.23,4.2,18.0
703480,上櫃,4.13,4.13,5.0
703481,上櫃,4.28,4.23,4.0
703482,上櫃,4.85,5.0,30.0
703483,上櫃,2.54,2.58,26.0
703484,上櫃,0.2,0.21,72.0
703485,上櫃,0.0,0.0,0.0
703486,上櫃,0.72,0.93,429.0
703487,上櫃,0.45,0.45,20.0
703488,上櫃,9.85,9.85,2.0
703489,上櫃,0.0,0.0,0.0
703490,上櫃,0.0,0.0,0.0
703491,上櫃,0.0,0.0,0.0
703492,上櫃,0.0,0.0,0.0
703493,上櫃,1.34,1.49,407.0
703494,上櫃,2.36,2.41,65.0
703495,上櫃,0.0,0.0,0.0
703496,上櫃,6.95,6.95,30.0
703497,上櫃,1.74,2.01,86.0
703498,上櫃,2.36,2.67,612.0
703499,上櫃,0.0,0.0,0.0
703500,上櫃,2.22,2.29,20.0
703501,上櫃,2.52,2.52,4.0
703502,上櫃,0.0,0.0,0.0
703503,上櫃,0.0,0.0,0.0
703504,上櫃,0.37,0.37,136.0
703505,上櫃,0.0,0.0,0.0
703506,上櫃,0.0,0.0,0.0
703507,上櫃,0.0,0.0,0.0
703508,上櫃,0.0,0.0,0.0
703509,上櫃,0.0,0.0,0.0
703510,上櫃,0.0,0.0,0.0
703511,上櫃,0.0,0.0,0.0
703512,上櫃,2.85,3.07,226.0
703513,上櫃,1.02,1.02,7.0
703514,上櫃,0.0,0.0,0.0
703515,上櫃,0.0,0.0,0.0
703516,上櫃,0.64,0.64,20.0
703517,上櫃,0.18,0.18,1.0
703518,上櫃,0.0,0.0,0.0
703519,上櫃,0.0,0.0,0.0
703520,上櫃,0.0,0.0,0.0
703521,上櫃,1.35,1.35,32.0
703522,上櫃,0.53,0.61,5463.0
703523,上櫃,0.41,0.41,21.0
703524,上櫃,0.0,0.0,0.0
703525,上櫃,1.21,1.45,199.0
703526,上櫃,0.8,1.02,401.0
703527,上櫃,0.81,1.0,1066.0
703528,上櫃,0.0,0.0,0.0
703529,上櫃,0.17,0.2,13.0
703530,上櫃,0.0,0.0,0.0
703531,上櫃,1.33,1.45,85.0
703532,上櫃,1.27,1.34,126.0
703533,上櫃,1.34,1.42,132.0
703534,上櫃,1.51,1.65,519.0
703535,上櫃,1.54,1.54,11.0
703536,上櫃,0.84,0.92,386.0
703537,上櫃,1.13,1.26,310.0
703538,上櫃,15.0,16.3,8.0
703539,上櫃,0.88,1.0,247.0
703540,上櫃,0.92,1.09,383.0
703541,上櫃,0.36,0.4,322.0
703542,上櫃,0.0,0.0,0.0
703543,上櫃,0.93,1.05,5.0
703544,上櫃,0.13,0.19,70.0
703545,上櫃,0.19,0.24,204.0
703546,上櫃,0.88,0.87,173.0
703547,上櫃,1.16,1.19,43.0
703548,上櫃,0.89,0.89,198.0
703549,上櫃,0.0,0.0,0.0
703550,上櫃,0.53,0.53,2.0
703552,上櫃,0.31,0.31,10.0
703553,上櫃,0.0,0.0,0.0
703554,上櫃,0.0,0.0,0.0
703555,上櫃,0.0,0.0,0.0
703556,上櫃,0.0,0.0,0.0
703557,上櫃,0.0,0.0,0.0
703558,上櫃,0.19,0.2,110.0
703559,上櫃,0.0,0.0,0.0
703560,上櫃,0.0,0.0,0.0
703561,上櫃,1.28,1.39,400.0
703562,上櫃,0.0,0.0,0.0
703563,上櫃,0.23,0.28,110.0
703564,上櫃,0.0,0.0,0.0
703565,上櫃,0.0,0.0,0.0
703566,上櫃,38.5,35.9,3.0
703568,上櫃,0.52,0.52,1.0
703569,上櫃,0.14,0.22,31.0
703570,上櫃,0.0,0.0,0.0
703571,上櫃,0.0,0.0,0.0
703572,上櫃,0.84,0.97,62.0
703573,上櫃,0.0,0.0,0.0
703574,上櫃,2.27,2.28,33.0
703575,上櫃,1.66,1.66,10.0
703576,上櫃,0.0,0.0,0.0
703577,上櫃,0.0,0.0,0.0
703578,上櫃,0.47,0.38,69.0
703579,上櫃,0.0,0.0,0.0
703580,上櫃,0.0,0.0,0.0
703581,上櫃,1.86,1.85,82.0
703582,上櫃,1.88,1.7,460.0
703583,上櫃,1.19,1.15,2633.0
703584,上櫃,0.0,0.0,0.0
703585,上櫃,0.0,0.0,0.0
703586,上櫃,2.25,2.5,126.0
703587,上櫃,0.0,0.0,0.0
703588,上櫃,2.52,2.72,205.0
703589,上櫃,1.26,1.26,16.0
703590,上櫃,0.0,0.0,0.0
703591,上櫃,0.0,0.0,0.0
703592,上櫃,0.21,0.21,1.0
703593,上櫃,0.46,0.65,892.0
703594,上櫃,0.92,1.22,56.0
703595,上櫃,0.04,0.13,26.0
703596,上櫃,0.6,0.6,7.0
703597,上櫃,0.15,0.19,286.0
703598,上櫃,0.0,0.0,0.0
703599,上櫃,0.53,0.53,1.0
703600,上櫃,0.39,0.39,2.0
703601,上櫃,0.34,0.4,549.0
703602,上櫃,0.0,0.0,0.0
703603,上櫃,0.78,0.85,218.0
703604,上櫃,1.69,1.79,670.0
703605,上櫃,0.46,0.56,1777.0
703606,上櫃,49.5,49.5,1.0
703607,上櫃,0.0,0.0,0.0
703608,上櫃,0.0,0.0,0.0
703609,上櫃,0.18,0.18,7.0
703610,上櫃,0.0,0.0,0.0
703611,上櫃,2.81,3.22,3.0
703612,上櫃,0.77,0.82,74.0
703613,上櫃,0.49,0.49,1.0
703614,上櫃,0.0,0.0,0.0
703615,上櫃,0.0,0.0,0.0
703616,上櫃,0.57,0.56,10.0
703617,上櫃,0.57,0.58,55.0
703618,上櫃,0.58,0.6,113.0
703619,上櫃,0.66,0.7,157.0
703620,上櫃,0.0,0.0,0.0
703621,上櫃,0.25,0.25,30.0
703622,上櫃,2.05,2.41,53.0
703623,上櫃,0.0,0.0,0.0
703624,上櫃,9.0,9.0,1.0
703625,上櫃,0.0,0.0,0.0
703626,上櫃,0.53,0.53,10.0
703627,上櫃,1.0,1.0,12.0
703628,上櫃,0.0,0.0,0.0
703629,上櫃,0.65,0.74,51.0
703630,上櫃,0.73,0.71,351.0
703631,上櫃,7.3,9.2,13.0
703632,上櫃,0.0,0.0,0.0
703633,上櫃,0.0,0.0,0.0
703634,上櫃,0.0,0.0,0.0
703635,上櫃,0.0,0.0,0.0
703636,上櫃,0.56,0.58,133.0
703637,上櫃,1.63,1.88,169.0
703638,上櫃,0.0,0.0,0.0
703639,上櫃,0.48,0.48,20.0
703640,上櫃,0.0,0.0,0.0
703641,上櫃,19.9,19.9,1.0
703642,上櫃,0.48,0.48,1.0
703643,上櫃,0.0,0.0,0.0
703644,上櫃,0.13,0.13,50.0
703645,上櫃,0.16,0.16,1.0
703646,上櫃,3.55,3.55,1.0
703647,上櫃,0.44,0.52,1407.0
703648,上櫃,2.58,2.62,23.0
703649,上櫃,0.0,0.0,0.0
703650,上櫃,0.18,0.19,60.0
703651,上櫃,1.02,1.17,1228.0
703652,上櫃,0.7,0.7,4.0
703653,上櫃,0.0,0.0,0.0
703654,上櫃,1.0,1.01,58.0
703655,上櫃,0.0,0.0,0.0
703656,上櫃,0.0,0.0,0.0
703657,上櫃,1.28,1.03,1265.0
703658,上櫃,2.27,1.9,348.0
703659,上櫃,0.0,0.0,0.0
703660,上櫃,0.0,0.0,0.0
703661,上櫃,6.8,7.15,2.0
703662,上櫃,4.64,4.64,1.0
703663,上櫃,0.0,0.0,0.0
703664,上櫃,0.0,0.0,0.0
703665,上櫃,0.0,0.0,0.0
703666,上櫃,1.31,1.31,2.0
703667,上櫃,0.79,0.97,32.0
703668,上櫃,9.95,9.95,1.0
703669,上櫃,0.0,0.0,0.0
703670,上櫃,0.0,0.0,0.0
703671,上櫃,2.53,2.55,66.0
703672,上櫃,0.0,0.0,0.0
703673,上櫃,0.0,0.0,0.0
703674,上櫃,5.35,5.35,10.0
703675,上櫃,0.22,0.32,18.0
703676,上櫃,0.0,0.0,0.0
703677,上櫃,0.49,0.56,2490.0
703678,上櫃,5.1,5.1,5.0
703679,上櫃,0.0,0.0,0.0
703681,上櫃,0.35,0.38,18.0
703682,上櫃,0.48,0.56,1102.0
703683,上櫃,1.44,1.82,85.0
703684,上櫃,0.0,0.0,0.0
703685,上櫃,6.05,6.05,10.0
703686,上櫃,13.6,14.8,3.0
703687,上櫃,1.76,1.96,35.0
703688,上櫃,0.0,0.0,0.0
703689,上櫃,0.77,0.85,14.0
703690,上櫃,1.29,1.29,3.0
703691,上櫃,2.3,2.3,1.0
703692,上櫃,0.0,0.0,0.0
703693,上櫃,0.71,0.67,15.0
703694,上櫃,0.0,0.0,0.0
703695,上櫃,51.5,51.5,19.0
703696,上櫃,0.0,0.0,0.0
703697,上櫃,0.0,0.0,0.0
703698,上櫃,5.1,5.1,10.0
703699,上櫃,0.0,0.0,0.0
703700,上櫃,0.0,0.0,0.0
703701,上櫃,0.48,0.49,121.0
703702,上櫃,0.0,0.0,0.0
703703,上櫃,0.38,0.38,319.0
703704,上櫃,0.37,0.37,50.0
703705,上櫃,1.81,1.91,446.0
703706,上櫃,0.0,0.0,0.0
703707,上櫃,1.03,1.03,4.0
703708,上櫃,0.0,0.0,0.0
703709,上櫃,0.0,0.0,0.0
703710,上櫃,0.0,0.0,0.0
703711,上櫃,8.2,8.2,1.0
703712,上櫃,0.0,0.0,0.0
703713,上櫃,0.0,0.0,0.0
703714,上櫃,0.78,0.78,5.0
703716,上櫃,7.0,7.65,2.0
703717,上櫃,0.83,0.83,28.0
703718,上櫃,0.0,0.0,0.0
703719,上櫃,0.0,0.0,0.0
703720,上櫃,1.11,1.17,61.0
703721,上櫃,0.0,0.0,0.0
703722,上櫃,0.0,0.0,0.0
703723,上櫃,0.0,0.0,0.0
703724,上櫃,0.0,0.0,0.0
703725,上櫃,3.45,3.45,1.0
703726,上櫃,1.28,1.28,13.0
703727,上櫃,0.53,0.54,222.0
703728,上櫃,2.12,2.24,17.0
703729,上櫃,0.49,0.49,495.0
703730,上櫃,0.0,0.0,0.0
703731,上櫃,0.26,0.26,25.0
703732,上櫃,0.0,0.0,0.0
703733,上櫃,0.0,0.0,0.0
703734,上櫃,0.0,0.0,0.0
703735,上櫃,0.0,0.0,0.0
703736,上櫃,4.33,4.33,1.0
703737,上櫃,0.0,0.0,0.0
703738,上櫃,0.0,0.0,0.0
703739,上櫃,0.0,0.0,0.0
703740,上櫃,0.56,0.6,71.0
703741,上櫃,0.0,0.0,0.0
703742,上櫃,1.32,1.32,2.0
703743,上櫃,0.0,0.0,0.0
703744,上櫃,1.64,1.75,321.0
703745,上櫃,0.65,0.65,16.0
703746,上櫃,1.45,1.39,37.0
703747,上櫃,4.88,4.88,5.0
703748,上櫃,0.15,0.17,52.0
703749,上櫃,0.0,0.0,0.0
703750,上櫃,0.52,0.53,110.0
703751,上櫃,17.0,17.8,2.0
703752,上櫃,1.43,1.4,8.0
703753,上櫃,0.3,0.32,960.0
703754,上櫃,1.37,1.4,15.0
703755,上櫃,0.0,0.0,0.0
703756,上櫃,0.21,0.2,9.0
703757,上櫃,0.0,0.0,0.0
703758,上櫃,0.22,0.22,15.0
703759,上櫃,1.98,2.25,13.0
703760,上櫃,1.07,1.15,31.0
703761,上櫃,0.0,0.0,0.0
703762,上櫃,0.63,0.69,304.0
703763,上櫃,0.79,0.81,161.0
703764,上櫃,4.32,4.96,40.0
703765,上櫃,0.0,0.0,0.0
703766,上櫃,0.0,0.0,0.0
703767,上櫃,0.93,0.93,2.0
703768,上櫃,0.0,0.0,0.0
703769,上櫃,1.23,1.23,15.0
703770,上櫃,2.46,2.49,211.0
703771,上櫃,1.58,1.54,25.0
703772,上櫃,0.0,0.0,0.0
703773,上櫃,0.0,0.0,0.0
703774,上櫃,1.0,1.0,3.0
703775,上櫃,2.5,2.5,2.0
703776,上櫃,0.56,0.56,30.0
703777,上櫃,0.0,0.0,0.0
703778,上櫃,0.0,0.0,0.0
703779,上櫃,1.14,1.16,20.0
703780,上櫃,0.43,0.47,70.0
703781,上櫃,0.0,0.0,0.0
703782,上櫃,0.31,0.31,66.0
703783,上櫃,3.23,3.18,58.0
703784,上櫃,1.33,1.19,112.0
703785,上櫃,2.03,2.03,2.0
703786,上櫃,3.64,3.64,7.0
703787,上櫃,0.0,0.0,0.0
703788,上櫃,0.84,0.84,14.0
703789,上櫃,0.0,0.0,0.0
703790,上櫃,0.53,0.61,228.0
703791,上櫃,0.0,0.0,0.0
703792,上櫃,0.0,0.0,0.0
703793,上櫃,0.0,0.0,0.0
703794,上櫃,12.8,13.0,9.0
703795,上櫃,1.06,1.08,935.0
703796,上櫃,0.0,0.0,0.0
703797,上櫃,0.0,0.0,0.0
703798,上櫃,0.0,0.0,0.0
703799,上櫃,2.25,2.25,100.0
703800,上櫃,0.0,0.0,0.0
703801,上櫃,10.8,11.1,20.0
703802,上櫃,0.0,0.0,0.0
703803,上櫃,0.0,0.0,0.0
703804,上櫃,0.23,0.23,24.0
703805,上櫃,0.0,0.0,0.0
703806,上櫃,1.23,1.36,853.0
703807,上櫃,0.0,0.0,0.0
703808,上櫃,0.0,0.0,0.0
703809,上櫃,0.65,0.65,130.0
703810,上櫃,0.77,0.98,508.0
703811,上櫃,0.0,0.0,0.0
703812,上櫃,3.13,3.35,42.0
703813,上櫃,0.46,0.45,294.0
703814,上櫃,1.13,1.13,20.0
703815,上櫃,0.0,0.0,0.0
703816,上櫃,0.0,0.0,0.0
703817,上櫃,0.0,0.0,0.0
703818,上櫃,0.0,0.0,0.0
703819,上櫃,0.0,0.0,0.0
703820,上櫃,0.0,0.0,0.0
703821,上櫃,0.0,0.0,0.0
703822,上櫃,0.57,0.6,133.0
703823,上櫃,5.0,5.0,14.0
703824,上櫃,0.0,0.0,0.0
703825,上櫃,2.01,2.01,20.0
703826,上櫃,0.0,0.0,0.0
703827,上櫃,0.0,0.0,0.0
703828,上櫃,0.0,0.0,0.0
703829,上櫃,0.67,0.67,1.0
703830,上櫃,0.0,0.0,0.0
703831,上櫃,4.94,4.94,1.0
703832,上櫃,0.51,0.58,15.0
703833,上櫃,0.0,0.0,0.0
703834,上櫃,0.0,0.0,0.0
703835,上櫃,0.0,0.0,0.0
703836,上櫃,0.77,0.8,488.0
703837,上櫃,0.0,0.0,0.0
703838,上櫃,3.54,3.91,194.0
703839,上櫃,1.49,1.48,82.0
703840,上櫃,0.0,0.0,0.0
703841,上櫃,0.0,0.0,0.0
703842,上櫃,3.98,3.98,10.0
703843,上櫃,0.0,0.0,0.0
703844,上櫃,0.0,0.0,0.0
703845,上櫃,0.0,0.0,0.0
703846,上櫃,1.07,1.07,13.0
703847,上櫃,1.22,1.21,12.0
703848,上櫃,3.28,3.28,1.0
703849,上櫃,0.0,0.0,0.0
703850,上櫃,17.0,17.0,20.0
703851,上櫃,0.0,0.0,0.0
703853,上櫃,1.76,1.81,28.0
703854,上櫃,0.26,0.26,14.0
703855,上櫃,1.32,1.31,372.0
703856,上櫃,0.32,0.32,648.0
703857,上櫃,0.0,0.0,0.0
703858,上櫃,0.0,0.0,0.0
703859,上櫃,0.0,0.0,0.0
703860,上櫃,0.61,0.65,1495.0
703861,上櫃,0.61,0.64,340.0
703862,上櫃,0.86,0.95,1483.0
703863,上櫃,2.49,2.52,154.0
703864,上櫃,0.0,0.0,0.0
703865,上櫃,0.0,0.0,0.0
703866,上櫃,0.72,0.76,120.0
703867,上櫃,0.34,0.34,10.0
703868,上櫃,0.0,0.0,0.0
703869,上櫃,0.53,0.53,210.0
703870,上櫃,0.0,0.0,0.0
703871,上櫃,0.0,0.0,0.0
703872,上櫃,0.0,0.0,0.0
703873,上櫃,1.39,1.4,3.0
703874,上櫃,0.69,0.87,23.0
703875,上櫃,0.7,0.7,69.0
703876,上櫃,0.0,0.0,0.0
703877,上櫃,0.6,0.65,10.0
703878,上櫃,0.0,0.0,0.0
703879,上櫃,0.63,0.63,35.0
703880,上櫃,3.07,3.04,13.0
703881,上櫃,2.77,2.77,5.0
703882,上櫃,2.12,2.17,4987.0
703883,上櫃,0.0,0.0,0.0
703884,上櫃,1.15,1.16,19.0
703885,上櫃,0.98,0.98,1.0
703886,上櫃,0.93,0.96,111.0
703887,上櫃,0.0,0.0,0.0
703888,上櫃,0.74,0.74,28.0
703889,上櫃,1.29,1.29,12.0
703890,上櫃,0.0,0.0,0.0
703891,上櫃,0.89,0.93,135.0
703892,上櫃,1.44,1.5,12.0
703893,上櫃,0.51,0.51,110.0
703894,上櫃,1.7,2.27,262.0
703895,上櫃,10.4,10.3,20.0
703896,上櫃,0.0,0.0,0.0
703897,上櫃,0.0,0.0,0.0
703898,上櫃,0.0,0.0,0.0
703899,上櫃,0.0,0.0,0.0
703900,上櫃,8.0,8.0,1.0
703901,上櫃,0.75,0.75,1.0
703902,上櫃,0.82,0.94,120.0
703903,上櫃,0.0,0.0,0.0
703904,上櫃,0.84,0.84,100.0
703905,上櫃,0.0,0.0,0.0
703906,上櫃,1.13,1.13,56.0
703907,上櫃,0.38,0.39,146.0
703908,上櫃,6.75,6.75,1.0
703909,上櫃,1.06,1.17,165.0
703910,上櫃,0.68,0.8,5.0
703911,上櫃,1.34,1.34,2.0
703912,上櫃,0.0,0.0,0.0
703913,上櫃,0.0,0.0,0.0
703914,上櫃,0.0,0.0,0.0
703917,上櫃,0.0,0.0,0.0
703918,上櫃,0.0,0.0,0.0
703919,上櫃,0.0,0.0,0.0
703920,上櫃,0.0,0.0,0.0
703921,上櫃,0.29,0.3,12.0
703922,上櫃,0.23,0.25,62.0
703923,上櫃,0.0,0.0,0.0
703924,上櫃,0.0,0.0,0.0
703925,上櫃,0.0,0.0,0.0
703926,上櫃,0.0,0.0,0.0
703927,上櫃,0.0,0.0,0.0
703928,上櫃,0.0,0.0,0.0
703929,上櫃,0.0,0.0,0.0
703930,上櫃,0.35,0.35,80.0
703931,上櫃,0.0,0.0,0.0
703932,上櫃,0.0,0.0,0.0
703933,上櫃,0.0,0.0,0.0
703934,上櫃,0.88,1.01,447.0
703935,上櫃,0.68,0.72,86.0
703937,上櫃,0.0,0.0,0.0
703938,上櫃,0.11,0.11,30.0
703939,上櫃,0.38,0.5,43.0
703940,上櫃,0.34,0.34,163.0
703941,上櫃,0.0,0.0,0.0
703942,上櫃,1.18,1.16,165.0
703943,上櫃,3.66,4.2,20.0
703944,上櫃,0.0,0.0,0.0
703945,上櫃,1.47,1.47,10.0
703946,上櫃,1.03,1.23,1600.0
703947,上櫃,1.44,1.44,2.0
703948,上櫃,1.22,1.25,500.0
703949,上櫃,1.07,1.1,709.0
703950,上櫃,0.0,0.0,0.0
703951,上櫃,12.5,13.0,47.0
703952,上櫃,0.0,0.0,0.0
703953,上櫃,0.95,1.03,2690.0
703954,上櫃,1.82,1.86,313.0
703955,上櫃,1.09,1.03,187.0
703956,上櫃,0.0,0.0,0.0
703957,上櫃,1.45,1.45,1.0
703958,上櫃,0.0,0.0,0.0
703959,上櫃,0.25,0.25,1.0
703960,上櫃,0.0,0.0,0.0
703961,上櫃,0.73,0.7,161.0
703962,上櫃,0.39,0.41,817.0
703963,上櫃,4.72,4.5,138.0
703964,上櫃,0.0,0.0,0.0
703965,上櫃,0.71,0.77,2181.0
703966,上櫃,0.69,0.68,27.0
703967,上櫃,0.53,0.5,54.0
703968,上櫃,0.0,0.0,0.0
703969,上櫃,2.62,2.62,30.0
703970,上櫃,3.0,2.97,32.0
703971,上櫃,0.0,0.0,0.0
703972,上櫃,0.0,0.0,0.0
703973,上櫃,2.79,3.18,83.0
703974,上櫃,0.49,0.53,99.0
703975,上櫃,0.72,0.72,46.0
703976,上櫃,0.46,0.46,3.0
703977,上櫃,0.0,0.0,0.0
703978,上櫃,0.0,0.0,0.0
703979,上櫃,1.0,1.06,1166.0
703980,上櫃,0.91,1.18,4801.0
703981,上櫃,4.29,4.38,20.0
703982,上櫃,0.0,0.0,0.0
703983,上櫃,0.46,0.51,321.0
703984,上櫃,0.0,0.0,0.0
703985,上櫃,2.68,2.68,2.0
703986,上櫃,0.0,0.0,0.0
703987,上櫃,0.0,0.0,0.0
703988,上櫃,0.0,0.0,0.0
703989,上櫃,0.0,0.0,0.0
703990,上櫃,0.0,0.0,0.0
703991,上櫃,0.0,0.0,0.0
703992,上櫃,0.0,0.0,0.0
703993,上櫃,1.74,1.88,294.0
703994,上櫃,0.0,0.0,0.0
703995,上櫃,0.0,0.0,0.0
703996,上櫃,0.0,0.0,0.0
703997,上櫃,0.0,0.0,0.0
703998,上櫃,7.2,7.2,10.0
703999,上櫃,1.84,1.81,35.0
704000,上櫃,0.0,0.0,0.0
704001,上櫃,0.84,0.85,140.0
704002,上櫃,0.49,0.49,90.0
704003,上櫃,0.58,0.58,5.0
704004,上櫃,0.0,0.0,0.0
704005,上櫃,0.0,0.0,0.0
704006,上櫃,0.2,0.2,3.0
704007,上櫃,0.0,0.0,0.0
704008,上櫃,0.0,0.0,0.0
704009,上櫃,8.5,8.45,15.0
704010,上櫃,9.0,8.45,7.0
704011,上櫃,0.27,0.28,15.0
704012,上櫃,0.43,0.43,184.0
704013,上櫃,0.48,0.48,50.0
704014,上櫃,0.56,0.62,309.0
704015,上櫃,1.06,1.05,119.0
704016,上櫃,0.83,0.86,1477.0
704017,上櫃,0.93,0.99,500.0
704018,上櫃,0.0,0.0,0.0
704019,上櫃,2.28,2.28,10.0
704020,上櫃,1.0,0.99,1157.0
704021,上櫃,0.55,0.59,758.0
704022,上櫃,0.0,0.0,0.0
704023,上櫃,0.41,0.44,365.0
704024,上櫃,1.0,1.0,2.0
704025,上櫃,0.0,0.0,0.0
704026,上櫃,0.36,0.36,3.0
704027,上櫃,2.77,2.76,21.0
704028,上櫃,2.2,2.26,195.0
704029,上櫃,2.21,2.37,69.0
704030,上櫃,0.0,0.0,0.0
704031,上櫃,0.0,0.0,0.0
704032,上櫃,0.0,0.0,0.0
704033,上櫃,0.52,0.48,270.0
704034,上櫃,0.51,0.67,771.0
704035,上櫃,0.43,0.51,1002.0
704036,上櫃,0.52,0.61,2265.0
704037,上櫃,0.0,0.0,0.0
704038,上櫃,0.0,0.0,0.0
704039,上櫃,0.8,1.04,62.0
704040,上櫃,0.0,0.0,0.0
704041,上櫃,0.47,0.46,116.0
704042,上櫃,4.33,4.46,19.0
704043,上櫃,0.0,0.0,0.0
704044,上櫃,0.38,0.37,156.0
704045,上櫃,0.68,0.58,553.0
704046,上櫃,1.54,1.82,160.0
704047,上櫃,1.81,2.17,50.0
704048,上櫃,0.46,0.46,10.0
704049,上櫃,0.0,0.0,0.0
704050,上櫃,6.55,7.15,2.0
704051,上櫃,4.23,4.46,197.0
704052,上櫃,0.0,0.0,0.0
704053,上櫃,0.0,0.0,0.0
704054,上櫃,0.81,0.96,208.0
704055,上櫃,1.5,1.66,101.0
704056,上櫃,1.62,1.95,1837.0
704057,上櫃,0.0,0.0,0.0
704058,上櫃,0.0,0.0,0.0
704059,上櫃,0.0,0.0,0.0
704060,上櫃,1.02,1.06,113.0
704061,上櫃,0.0,0.0,0.0
704062,上櫃,1.77,1.96,93.0
704063,上櫃,0.0,0.0,0.0
704064,上櫃,1.76,1.76,1.0
704065,上櫃,0.0,0.0,0.0
704066,上櫃,0.0,0.0,0.0
704067,上櫃,2.13,2.16,47.0
704068,上櫃,0.0,0.0,0.0
704069,上櫃,1.62,1.79,135.0
704070,上櫃,1.59,1.59,15.0
704071,上櫃,1.31,1.49,105.0
704072,上櫃,0.5,0.52,635.0
704073,上櫃,0.0,0.0,0.0
704074,上櫃,0.27,0.27,140.0
704075,上櫃,0.97,1.15,461.0
704076,上櫃,0.61,0.63,104.0
704077,上櫃,0.0,0.0,0.0
704078,上櫃,0.0,0.0,0.0
704079,上櫃,0.0,0.0,0.0
704080,上櫃,0.0,0.0,0.0
704081,上櫃,0.48,0.56,1334.0
704082,上櫃,0.96,0.83,480.0
704083,上櫃,0.48,0.51,1251.0
704084,上櫃,5.85,5.85,1.0
704085,上櫃,0.49,0.51,34.0
704086,上櫃,0.48,0.51,744.0
704087,上櫃,0.38,0.38,122.0
704088,上櫃,0.0,0.0,0.0
704089,上櫃,0.0,0.0,0.0
704090,上櫃,0.63,0.63,8.0
704091,上櫃,0.87,0.92,28.0
704092,上櫃,0.0,0.0,0.0
704093,上櫃,0.0,0.0,0.0
704094,上櫃,0.42,0.42,20.0
704095,上櫃,0.73,0.75,28.0
704096,上櫃,0.0,0.0,0.0
704097,上櫃,0.0,0.0,0.0
704098,上櫃,0.0,0.0,0.0
704099,上櫃,0.0,0.0,0.0
704100,上櫃,0.0,0.0,0.0
704101,上櫃,0.38,0.38,21.0
704102,上櫃,0.0,0.0,0.0
704103,上櫃,1.6,1.67,222.0
704104,上櫃,0.55,0.6,549.0
704105,上櫃,0.5,0.52,838.0
704106,上櫃,0.48,0.49,211.0
704107,上櫃,0.47,0.47,484.0
704108,上櫃,0.67,0.71,479.0
704109,上櫃,2.22,2.35,877.0
704110,上櫃,0.93,0.93,10.0
704111,上櫃,0.0,0.0,0.0
704112,上櫃,0.81,0.83,305.0
704113,上櫃,0.0,0.0,0.0
704114,上櫃,0.0,0.0,0.0
704115,上櫃,0.0,0.0,0.0
704116,上櫃,0.0,0.0,0.0
704117,上櫃,0.0,0.0,0.0
704118,上櫃,2.3,1.71,140.0
704119,上櫃,0.0,0.0,0.0
704120,上櫃,0.0,0.0,0.0
704121,上櫃,0.32,0.32,5.0
704122,上櫃,0.71,0.73,1571.0
704123,上櫃,0.87,0.94,118.0
704124,上櫃,1.52,1.95,194.0
704125,上櫃,0.0,0.0,0.0
704126,上櫃,0.0,0.0,0.0
704127,上櫃,0.0,0.0,0.0
704128,上櫃,0.0,0.0,0.0
704129,上櫃,0.83,0.83,52.0
704130,上櫃,0.0,0.0,0.0
704131,上櫃,0.0,0.0,0.0
704132,上櫃,0.43,0.5,232.0
704133,上櫃,0.0,0.0,0.0
704134,上櫃,1.27,1.27,5.0
704135,上櫃,0.39,0.4,2538.0
704136,上櫃,1.05,1.01,422.0
704137,上櫃,1.19,1.19,1.0
704138,上櫃,0.0,0.0,0.0
704139,上櫃,0.0,0.0,0.0
704140,上櫃,0.0,0.0,0.0
704141,上櫃,0.0,0.0,0.0
704142,上櫃,0.0,0.0,0.0
704143,上櫃,0.31,0.36,781.0
704144,上櫃,0.0,0.0,0.0
704145,上櫃,0.0,0.0,0.0
704146,上櫃,2.67,2.67,1.0
704147,上櫃,0.0,0.0,0.0
704148,上櫃,0.65,0.71,57.0
704149,上櫃,0.0,0.0,0.0
704150,上櫃,0.0,0.0,0.0
704151,上櫃,0.0,0.0,0.0
704152,上櫃,0.0,0.0,0.0
704153,上櫃,1.72,1.72,8.0
704154,上櫃,0.0,0.0,0.0
704155,上櫃,0.0,0.0,0.0
704156,上櫃,0.0,0.0,0.0
704157,上櫃,0.0,0.0,0.0
704159,上櫃,0.0,0.0,0.0
704160,上櫃,0.0,0.0,0.0
704161,上櫃,0.31,0.36,692.0
704162,上櫃,0.0,0.0,0.0
704163,上櫃,3.24,3.43,3.0
704164,上櫃,0.0,0.0,0.0
704165,上櫃,0.94,0.94,100.0
704166,上櫃,0.0,0.0,0.0
704167,上櫃,0.77,0.8,29.0
704168,上櫃,1.08,1.28,481.0
704169,上櫃,0.0,0.0,0.0
704170,上櫃,0.94,0.89,20.0
704171,上櫃,2.38,2.38,1.0
704172,上櫃,0.0,0.0,0.0
704173,上櫃,2.6,2.9,32.0
704174,上櫃,0.0,0.0,0.0
704175,上櫃,6.9,6.9,1.0
704176,上櫃,1.36,1.4,115.0
704177,上櫃,0.84,0.86,35.0
704178,上櫃,0.79,0.82,258.0
704179,上櫃,0.22,0.22,15.0
704180,上櫃,0.58,0.59,360.0
704181,上櫃,0.13,0.13,2.0
704182,上櫃,0.0,0.0,0.0
704183,上櫃,0.87,0.87,34.0
704184,上櫃,0.0,0.0,0.0
704185,上櫃,1.17,1.11,76.0
704186,上櫃,0.0,0.0,0.0
704187,上櫃,2.42,2.42,6.0
704188,上櫃,0.0,0.0,0.0
704189,上櫃,13.0,14.0,2.0
704190,上櫃,1.41,1.75,20.0
704191,上櫃,0.0,0.0,0.0
704192,上櫃,0.0,0.0,0.0
704193,上櫃,0.58,0.58,1.0
704194,上櫃,0.0,0.0,0.0
704195,上櫃,0.0,0.0,0.0
704196,上櫃,1.43,1.5,68.0
704197,上櫃,0.77,0.77,100.0
704198,上櫃,0.9,0.9,4.0
704199,上櫃,0.37,0.42,557.0
704200,上櫃,0.0,0.0,0.0
704201,上櫃,0.0,0.0,0.0
704202,上櫃,0.0,0.0,0.0
704203,上櫃,0.55,0.56,92.0
704204,上櫃,0.0,0.0,0.0
704205,上櫃,0.31,0.31,85.0
704206,上櫃,0.0,0.0,0.0
704207,上櫃,0.0,0.0,0.0
704208,上櫃,0.0,0.0,0.0
704209,上櫃,0.0,0.0,0.0
704210,上櫃,1.36,1.55,130.0
704211,上櫃,1.38,1.53,942.0
704212,上櫃,1.68,1.81,101.0
704213,上櫃,2.03,2.02,6.0
704214,上櫃,2.28,2.42,90.0
704215,上櫃,0.56,0.57,6.0
704216,上櫃,0.0,0.0,0.0
704217,上櫃,0.0,0.0,0.0
704218,上櫃,0.0,0.0,0.0
704219,上櫃,0.48,0.48,36.0
704220,上櫃,0.59,0.59,1.0
704221,上櫃,0.48,0.48,1.0
704222,上櫃,0.0,0.0,0.0
704223,上櫃,0.54,0.54,20.0
704224,上櫃,0.0,0.0,0.0
704225,上櫃,0.0,0.0,0.0
704226,上櫃,0.0,0.0,0.0
704227,上櫃,0.39,0.4,51.0
704228,上櫃,2.16,2.16,10.0
704229,上櫃,1.47,1.43,344.0
704230,上櫃,3.55,3.55,1.0
704231,上櫃,0.0,0.0,0.0
704232,上櫃,0.0,0.0,0.0
704233,上櫃,0.39,0.41,6.0
704234,上櫃,0.0,0.0,0.0
704235,上櫃,0.0,0.0,0.0
704236,上櫃,0.57,0.64,96.0
704237,上櫃,0.0,0.0,0.0
704238,上櫃,0.36,0.48,1482.0
704239,上櫃,0.66,0.72,735.0
704240,上櫃,3.06,3.17,9.0
704241,上櫃,0.0,0.0,0.0
704242,上櫃,1.58,1.79,699.0
704243,上櫃,1.65,1.86,182.0
704244,上櫃,1.26,1.42,25.0
704245,上櫃,0.37,0.36,7.0
704246,上櫃,0.33,0.37,260.0
704247,上櫃,0.34,0.36,980.0
704248,上櫃,0.0,0.0,0.0
704249,上櫃,4.89,4.89,10.0
704250,上櫃,0.29,0.32,264.0
704251,上櫃,0.67,0.69,55.0
704252,上櫃,0.0,0.0,0.0
704253,上櫃,0.76,0.75,11.0
704254,上櫃,0.95,1.03,1036.0
704255,上櫃,0.25,0.6,877.0
704256,上櫃,1.31,1.33,198.0
704257,上櫃,1.66,1.74,509.0
704258,上櫃,1.92,2.1,1116.0
704259,上櫃,0.0,0.0,0.0
704260,上櫃,0.9,0.91,121.0
704261,上櫃,0.0,0.0,0.0
704262,上櫃,4.65,5.15,535.0
704263,上櫃,0.71,0.68,2476.0
704264,上櫃,6.5,6.5,1.0
704265,上櫃,0.0,0.0,0.0
704266,上櫃,0.0,0.0,0.0
704267,上櫃,0.0,0.0,0.0
704268,上櫃,0.0,0.0,0.0
704269,上櫃,0.0,0.0,0.0
704270,上櫃,0.0,0.0,0.0
704271,上櫃,3.7,3.9,211.0
704272,上櫃,3.16,3.6,466.0
704273,上櫃,0.59,0.78,393.0
704274,上櫃,0.0,0.0,0.0
704275,上櫃,0.0,0.0,0.0
704276,上櫃,0.89,0.93,789.0
704277,上櫃,0.9,0.92,106.0
704278,上櫃,0.0,0.0,0.0
704279,上櫃,0.43,0.43,84.0
704280,上櫃,0.53,0.55,97.0
704281,上櫃,0.53,0.58,590.0
704282,上櫃,1.72,1.84,152.0
704283,上櫃,0.9,0.9,28.0
704284,上櫃,0.5,0.5,1.0
704285,上櫃,0.0,0.0,0.0
704286,上櫃,0.0,0.0,0.0
704287,上櫃,0.53,0.61,1423.0
704288,上櫃,0.77,0.87,109.0
704289,上櫃,0.76,0.84,2180.0
704290,上櫃,0.58,0.68,2015.0
704291,上櫃,0.71,0.65,25.0
704292,上櫃,0.64,0.7,23.0
704293,上櫃,0.66,0.68,112.0
704294,上櫃,0.59,0.7,1373.0
704295,上櫃,0.58,0.61,2451.0
704296,上櫃,0.58,0.6,127.0
704297,上櫃,0.0,0.0,0.0
704298,上櫃,0.0,0.0,0.0
704299,上櫃,0.0,0.0,0.0
704300,上櫃,0.0,0.0,0.0
704301,上櫃,0.0,0.0,0.0
704304,上櫃,5.75,5.5,2.0
704305,上櫃,0.46,0.48,21.0
704306,上櫃,2.46,2.46,109.0
704307,上櫃,0.0,0.0,0.0
704308,上櫃,0.84,0.83,30.0
704309,上櫃,0.0,0.0,0.0
704310,上櫃,20.9,20.9,1.0
704311,上櫃,0.51,0.51,1.0
704312,上櫃,0.32,0.43,11.0
704313,上櫃,0.0,0.0,0.0
704314,上櫃,0.0,0.0,0.0
704315,上櫃,0.37,0.37,1299.0
704316,上櫃,2.79,3.14,16.0
704317,上櫃,0.85,0.83,171.0
704318,上櫃,0.25,0.25,1.0
704319,上櫃,0.0,0.0,0.0
704320,上櫃,1.95,1.94,318.0
704321,上櫃,0.7,0.95,318.0
704322,上櫃,1.41,1.42,144.0
704323,上櫃,8.2,8.2,2.0
704324,上櫃,3.75,3.97,58.0
704325,上櫃,1.75,1.72,693.0
704326,上櫃,0.0,0.0,0.0
704327,上櫃,0.0,0.0,0.0
704328,上櫃,0.55,0.54,100.0
704329,上櫃,3.16,3.41,28.0
704330,上櫃,10.7,10.7,6.0
704331,上櫃,0.0,0.0,0.0
704332,上櫃,0.34,0.35,158.0
704333,上櫃,0.0,0.0,0.0
704334,上櫃,1.12,1.12,1.0
704335,上櫃,0.0,0.0,0.0
704336,上櫃,0.0,0.0,0.0
704337,上櫃,0.0,0.0,0.0
704338,上櫃,0.0,0.0,0.0
704339,上櫃,2.79,2.92,405.0
704340,上櫃,0.0,0.0,0.0
704341,上櫃,0.0,0.0,0.0
704342,上櫃,0.0,0.0,0.0
704343,上櫃,0.0,0.0,0.0
704344,上櫃,0.46,0.46,698.0
704345,上櫃,0.0,0.0,0.0
704346,上櫃,0.0,0.0,0.0
704347,上櫃,0.46,0.46,70.0
704348,上櫃,0.35,0.35,30.0
704349,上櫃,1.04,1.1,13.0
704350,上櫃,0.0,0.0,0.0
704351,上櫃,0.9,0.92,909.0
704352,上櫃,1.03,1.04,318.0
704353,上櫃,1.83,1.85,886.0
704354,上櫃,6.0,6.0,20.0
704355,上櫃,15.5,15.5,3.0
704356,上櫃,23.5,22.5,267.0
704357,上櫃,0.0,0.0,0.0
704358,上櫃,12.6,12.6,2.0
704359,上櫃,2.88,2.88,1.0
704360,上櫃,0.24,0.24,120.0
704361,上櫃,0.0,0.0,0.0
704362,上櫃,0.71,0.83,159.0
704363,上櫃,0.0,0.0,0.0
704364,上櫃,0.0,0.0,0.0
704365,上櫃,0.0,0.0,0.0
704366,上櫃,0.58,0.58,118.0
704367,上櫃,0.21,0.21,1.0
704368,上櫃,0.38,0.38,30.0
704369,上櫃,0.33,0.36,50.0
704370,上櫃,0.0,0.0,0.0
704371,上櫃,8.5,8.5,1.0
704372,上櫃,0.59,0.61,33.0
704373,上櫃,0.0,0.0,0.0
704374,上櫃,1.57,1.57,7.0
704375,上櫃,0.0,0.0,0.0
704376,上櫃,0.0,0.0,0.0
704377,上櫃,0.0,0.0,0.0
704378,上櫃,0.0,0.0,0.0
704379,上櫃,10.4,10.4,1.0
704380,上櫃,0.0,0.0,0.0
704381,上櫃,2.19,2.19,31.0
704382,上櫃,3.05,3.05,6.0
704383,上櫃,0.0,0.0,0.0
704384,上櫃,0.0,0.0,0.0
704385,上櫃,0.0,0.0,0.0
704386,上櫃,0.0,0.0,0.0
704387,上櫃,2.09,2.17,30.0
704388,上櫃,7.35,7.35,1.0
704389,上櫃,0.0,0.0,0.0
704390,上櫃,0.0,0.0,0.0
704391,上櫃,0.54,0.54,30.0
704392,上櫃,0.49,0.51,260.0
704393,上櫃,0.92,0.94,656.0
704394,上櫃,0.38,0.38,2901.0
704395,上櫃,0.38,0.37,7.0
704396,上櫃,2.71,2.91,3.0
704397,上櫃,1.24,1.34,938.0
704398,上櫃,0.25,0.25,150.0
704399,上櫃,0.51,0.51,10.0
704400,上櫃,1.85,1.93,74.0
704401,上櫃,0.24,0.3,6.0
704402,上櫃,0.0,0.0,0.0
704403,上櫃,0.0,0.0,0.0
704404,上櫃,1.37,1.41,101.0
704405,上櫃,0.0,0.0,0.0
704406,上櫃,0.28,0.28,2.0
704407,上櫃,0.44,0.48,190.0
704408,上櫃,0.0,0.0,0.0
704409,上櫃,1.96,2.01,91.0
704410,上櫃,0.0,0.0,0.0
704411,上櫃,9.85,9.85,37.0
704412,上櫃,1.12,1.12,144.0
704413,上櫃,0.25,0.24,1201.0
704414,上櫃,2.02,2.02,5.0
704415,上櫃,0.0,0.0,0.0
704416,上櫃,0.47,0.47,150.0
704417,上櫃,2.03,1.98,903.0
704418,上櫃,2.29,2.39,145.0
704419,上櫃,3.78,3.78,10.0
704420,上櫃,0.0,0.0,0.0
704421,上櫃,0.0,0.0,0.0
704422,上櫃,0.0,0.0,0.0
704423,上櫃,0.47,0.59,855.0
704424,上櫃,0.57,0.58,140.0
704425,上櫃,0.0,0.0,0.0
704426,上櫃,1.11,1.12,278.0
704427,上櫃,0.83,0.92,1953.0
704428,上櫃,0.0,0.0,0.0
704429,上櫃,0.0,0.0,0.0
704430,上櫃,1.21,1.21,37.0
704431,上櫃,0.0,0.0,0.0
704432,上櫃,0.9,0.92,1564.0
704433,上櫃,0.0,0.0,0.0
704434,上櫃,2.2,2.22,1082.0
704435,上櫃,0.44,0.49,50.0
704436,上櫃,1.64,1.73,63.0
704437,上櫃,0.0,0.0,0.0
704438,上櫃,9.5,9.5,2.0
704439,上櫃,0.0,0.0,0.0
704440,上櫃,0.97,0.79,211.0
704441,上櫃,0.0,0.0,0.0
704442,上櫃,0.0,0.0,0.0
704443,上櫃,0.0,0.0,0.0
704444,上櫃,0.5,0.49,40.0
704445,上櫃,0.49,0.47,396.0
704446,上櫃,2.3,1.95,91.0
704447,上櫃,8.0,8.5,5.0
704448,上櫃,0.0,0.0,0.0
704449,上櫃,0.0,0.0,0.0
704450,上櫃,1.13,1.13,8.0
704451,上櫃,1.14,1.12,190.0
704452,上櫃,0.44,0.44,141.0
704453,上櫃,2.28,2.28,1.0
704454,上櫃,0.0,0.0,0.0
704455,上櫃,3.27,3.23,25.0
704456,上櫃,0.0,0.0,0.0
704457,上櫃,0.0,0.0,0.0
704458,上櫃,15.5,15.5,1.0
704459,上櫃,0.54,0.55,50.0
704460,上櫃,0.0,0.0,0.0
704461,上櫃,1.61,1.72,16.0
704462,上櫃,0.0,0.0,0.0
704463,上櫃,0.49,0.51,22.0
704464,上櫃,0.0,0.0,0.0
704465,上櫃,0.0,0.0,0.0
704466,上櫃,2.31,2.31,30.0
704467,上櫃,0.0,0.0,0.0
704468,上櫃,0.0,0.0,0.0
704469,上櫃,1.26,1.19,39.0
704470,上櫃,1.22,1.19,29.0
704471,上櫃,0.86,0.84,371.0
704472,上櫃,0.0,0.0,0.0
704473,上櫃,0.0,0.0,0.0
704474,上櫃,0.0,0.0,0.0
704475,上櫃,0.0,0.0,0.0
704476,上櫃,0.0,0.0,0.0
704477,上櫃,0.0,0.0,0.0
704478,上櫃,6.5,6.7,3.0
704479,上櫃,0.0,0.0,0.0
704480,上櫃,0.37,0.39,597.0
704481,上櫃,6.2,6.0,15.0
704482,上櫃,0.5,0.51,52.0
704483,上櫃,0.23,0.23,6.0
704484,上櫃,0.63,0.63,659.0
704485,上櫃,0.13,0.17,113.0
704486,上櫃,0.0,0.0,0.0
704487,上櫃,0.0,0.0,0.0
704488,上櫃,0.51,0.55,122.0
704489,上櫃,0.0,0.0,0.0
704490,上櫃,0.74,0.85,861.0
704491,上櫃,0.96,0.99,556.0
704492,上櫃,1.66,1.67,271.0
704493,上櫃,0.0,0.0,0.0
704494,上櫃,0.96,1.01,1304.0
704495,上櫃,0.7,0.79,913.0
704496,上櫃,0.59,0.65,1721.0
704497,上櫃,0.0,0.0,0.0
704498,上櫃,0.0,0.0,0.0
704499,上櫃,0.0,0.0,0.0
704500,上櫃,0.0,0.0,0.0
704501,上櫃,0.0,0.0,0.0
704502,上櫃,1.03,1.02,233.0
704503,上櫃,0.0,0.0,0.0
704504,上櫃,0.0,0.0,0.0
704505,上櫃,0.0,0.0,0.0
704506,上櫃,0.0,0.0,0.0
704507,上櫃,0.28,0.29,480.0
704508,上櫃,2.67,2.67,100.0
704509,上櫃,0.6,0.61,54.0
704510,上櫃,2.68,2.82,38.0
704511,上櫃,2.04,2.62,92.0
704512,上櫃,0.79,0.79,50.0
704513,上櫃,0.0,0.0,0.0
704514,上櫃,0.0,0.0,0.0
704515,上櫃,0.0,0.0,0.0
704516,上櫃,0.0,0.0,0.0
704517,上櫃,0.0,0.0,0.0
704518,上櫃,0.0,0.0,0.0
704519,上櫃,1.4,1.33,136.0
704520,上櫃,0.27,0.27,10.0
704521,上櫃,0.0,0.0,0.0
704522,上櫃,0.9,0.98,500.0
704523,上櫃,1.29,1.32,413.0
704524,上櫃,3.78,3.8,25.0
704525,上櫃,0.0,0.0,0.0
704526,上櫃,0.0,0.0,0.0
704527,上櫃,0.0,0.0,0.0
704528,上櫃,0.0,0.0,0.0
704529,上櫃,11.5,12.6,2.0
704530,上櫃,0.0,0.0,0.0
704531,上櫃,19.7,19.7,10.0
704532,上櫃,0.73,0.71,336.0
704533,上櫃,0.78,0.79,127.0
704534,上櫃,0.4,0.4,1.0
704535,上櫃,1.48,1.44,140.0
704536,上櫃,0.53,0.53,30.0
704537,上櫃,0.86,0.93,393.0
704538,上櫃,0.0,0.0,0.0
704539,上櫃,2.5,2.5,1.0
704540,上櫃,0.83,0.78,159.0
704541,上櫃,0.0,0.0,0.0
704542,上櫃,1.65,1.86,183.0
704543,上櫃,1.2,1.42,53.0
704544,上櫃,1.07,1.09,227.0
704545,上櫃,0.91,1.04,234.0
704546,上櫃,0.44,0.44,3.0
704547,上櫃,0.47,0.5,20.0
704548,上櫃,0.0,0.0,0.0
704549,上櫃,0.86,0.86,2.0
704550,上櫃,0.0,0.0,0.0
704551,上櫃,0.0,0.0,0.0
704552,上櫃,1.11,1.18,358.0
704553,上櫃,4.22,4.2,88.0
704554,上櫃,4.57,4.57,2.0
704555,上櫃,0.0,0.0,0.0
704556,上櫃,0.0,0.0,0.0
704557,上櫃,0.0,0.0,0.0
704558,上櫃,0.64,0.67,392.0
704559,上櫃,0.0,0.0,0.0
704560,上櫃,0.0,0.0,0.0
704561,上櫃,0.0,0.0,0.0
704562,上櫃,4.08,4.36,13.0
704563,上櫃,2.81,2.84,370.0
704564,上櫃,2.2,2.2,11.0
704565,上櫃,0.71,0.78,128.0
704566,上櫃,0.54,0.58,183.0
704567,上櫃,2.91,3.56,482.0
704568,上櫃,0.0,0.0,0.0
704569,上櫃,5.7,5.7,1.0
704570,上櫃,0.0,0.0,0.0
704571,上櫃,0.0,0.0,0.0
704572,上櫃,0.91,1.06,141.0
704573,上櫃,0.0,0.0,0.0
704574,上櫃,0.0,0.0,0.0
704575,上櫃,0.0,0.0,0.0
704576,上櫃,0.21,0.21,120.0
704577,上櫃,0.31,0.34,512.0
704578,上櫃,0.61,0.64,761.0
704579,上櫃,0.73,0.8,784.0
704580,上櫃,0.0,0.0,0.0
704581,上櫃,0.61,0.64,737.0
704582,上櫃,0.14,0.14,150.0
704583,上櫃,0.71,0.8,733.0
704584,上櫃,0.8,0.91,714.0
704585,上櫃,0.0,0.0,0.0
704586,上櫃,0.0,0.0,0.0
704587,上櫃,0.0,0.0,0.0
704588,上櫃,0.29,0.33,39.0
704589,上櫃,1.03,1.09,28.0
704590,上櫃,0.35,0.35,1.0
704591,上櫃,0.0,0.0,0.0
704592,上櫃,0.0,0.0,0.0
704593,上櫃,7.9,9.1,8.0
704594,上櫃,3.61,3.75,166.0
704595,上櫃,0.0,0.0,0.0
704596,上櫃,0.0,0.0,0.0
704597,上櫃,0.53,0.5,554.0
704598,上櫃,0.32,0.32,62.0
704599,上櫃,4.85,4.85,10.0
704600,上櫃,4.83,5.3,8.0
704601,上櫃,3.4,3.82,9.0
704602,上櫃,0.0,0.0,0.0
704603,上櫃,0.0,0.0,0.0
704604,上櫃,0.0,0.0,0.0
704605,上櫃,0.87,0.86,20.0
704606,上櫃,9.2,10.7,53.0
704607,上櫃,1.13,1.13,64.0
704608,上櫃,1.01,1.12,87.0
704609,上櫃,0.0,0.0,0.0
704610,上櫃,0.19,0.19,3.0
704611,上櫃,0.0,0.0,0.0
704612,上櫃,3.67,3.67,1.0
704613,上櫃,0.0,0.0,0.0
704614,上櫃,0.6,0.58,70.0
704615,上櫃,0.0,0.0,0.0
704616,上櫃,0.0,0.0,0.0
704617,上櫃,0.0,0.0,0.0
704618,上櫃,2.34,3.55,2.0
704619,上櫃,0.0,0.0,0.0
704620,上櫃,2.79,2.79,1.0
704621,上櫃,0.0,0.0,0.0
704622,上櫃,1.07,1.14,20.0
704623,上櫃,1.24,1.24,20.0
704624,上櫃,0.0,0.0,0.0
704625,上櫃,0.0,0.0,0.0
704626,上櫃,2.8,2.87,8.0
704627,上櫃,0.0,0.0,0.0
704628,上櫃,0.0,0.0,0.0
704629,上櫃,0.0,0.0,0.0
704630,上櫃,5.7,6.3,4.0
704631,上櫃,0.0,0.0,0.0
704632,上櫃,3.1,3.1,1.0
704633,上櫃,3.12,3.21,107.0
704634,上櫃,0.0,0.0,0.0
704635,上櫃,0.0,0.0,0.0
704636,上櫃,0.0,0.0,0.0
704637,上櫃,0.46,0.46,10.0
704638,上櫃,0.28,0.28,14.0
704639,上櫃,0.6,0.6,24.0
704640,上櫃,0.0,0.0,0.0
704641,上櫃,16.1,14.7,4.0
704642,上櫃,0.0,0.0,0.0
704643,上櫃,1.65,1.73,67.0
704644,上櫃,0.0,0.0,0.0
704645,上櫃,0.88,0.89,30.0
704646,上櫃,0.35,0.35,20.0
704647,上櫃,0.0,0.0,0.0
704648,上櫃,16.5,16.5,10.0
704649,上櫃,0.0,0.0,0.0
704650,上櫃,2.12,2.12,25.0
704651,上櫃,0.0,0.0,0.0
704652,上櫃,0.0,0.0,0.0
704653,上櫃,2.07,2.08,606.0
704654,上櫃,6.6,6.9,15.0
704655,上櫃,1.25,1.26,428.0
704656,上櫃,0.0,0.0,0.0
704657,上櫃,0.3,0.3,10.0
704658,上櫃,0.0,0.0,0.0
704659,上櫃,0.0,0.0,0.0
704660,上櫃,0.0,0.0,0.0
704661,上櫃,0.0,0.0,0.0
704662,上櫃,1.61,1.61,11.0
704663,上櫃,0.0,0.0,0.0
704664,上櫃,0.28,0.28,202.0
704665,上櫃,1.48,1.45,316.0
704666,上櫃,1.54,1.94,791.0
704667,上櫃,0.43,0.46,859.0
704668,上櫃,0.69,0.74,487.0
704669,上櫃,0.97,1.05,310.0
704670,上櫃,0.0,0.0,0.0
704671,上櫃,0.0,0.0,0.0
704672,上櫃,0.58,0.6,60.0
704673,上櫃,0.0,0.0,0.0
704674,上櫃,0.0,0.0,0.0
704675,上櫃,9.0,10.5,60.0
704676,上櫃,0.0,0.0,0.0
704677,上櫃,0.97,1.03,1475.0
704678,上櫃,0.0,0.0,0.0
704679,上櫃,0.48,0.53,147.0
704680,上櫃,0.33,0.34,144.0
704681,上櫃,4.52,4.33,2.0
704682,上櫃,2.31,2.31,10.0
704683,上櫃,4.49,4.69,67.0
704684,上櫃,0.0,0.0,0.0
704685,上櫃,7.7,7.85,212.0
704686,上櫃,0.29,0.29,10.0
704687,上櫃,1.88,1.93,141.0
704688,上櫃,11.0,10.9,22.0
704689,上櫃,0.0,0.0,0.0
704690,上櫃,0.0,0.0,0.0
704691,上櫃,0.0,0.0,0.0
704692,上櫃,2.06,2.06,10.0
704693,上櫃,0.0,0.0,0.0
704694,上櫃,0.0,0.0,0.0
704695,上櫃,5.25,5.25,2.0
704696,上櫃,0.0,0.0,0.0
704697,上櫃,1.49,1.78,538.0
704698,上櫃,0.66,0.69,3321.0
704699,上櫃,0.0,0.0,0.0
704700,上櫃,0.0,0.0,0.0
704701,上櫃,0.0,0.0,0.0
704702,上櫃,0.0,0.0,0.0
704703,上櫃,0.0,0.0,0.0
704704,上櫃,1.0,1.04,177.0
704705,上櫃,1.22,1.2,11.0
704706,上櫃,0.62,0.73,574.0
704707,上櫃,0.37,0.43,715.0
704708,上櫃,2.0,2.8,2.0
704709,上櫃,0.0,0.0,0.0
704710,上櫃,0.4,0.42,488.0
704711,上櫃,0.3,0.3,896.0
704712,上櫃,0.36,0.4,8084.0
704713,上櫃,2.5,2.42,18.0
704714,上櫃,0.0,0.0,0.0
704715,上櫃,1.22,1.33,202.0
704716,上櫃,0.0,0.0,0.0
704717,上櫃,0.0,0.0,0.0
704718,上櫃,0.0,0.0,0.0
704719,上櫃,0.4,0.4,25.0
704720,上櫃,0.0,0.0,0.0
704721,上櫃,4.13,4.25,312.0
704722,上櫃,1.53,1.72,224.0
704723,上櫃,5.25,5.25,4.0
704724,上櫃,3.0,2.78,137.0
704725,上櫃,2.29,2.29,3.0
704726,上櫃,0.0,0.0,0.0
704727,上櫃,1.66,2.2,419.0
704728,上櫃,0.53,0.56,126.0
704729,上櫃,0.0,0.0,0.0
704730,上櫃,0.0,0.0,0.0
704731,上櫃,0.0,0.0,0.0
704732,上櫃,1.47,1.62,1970.0
704733,上櫃,2.55,2.55,50.0
704734,上櫃,0.0,0.0,0.0
704735,上櫃,0.0,0.0,0.0
704736,上櫃,0.0,0.0,0.0
704737,上櫃,0.51,0.51,4.0
704738,上櫃,5.5,4.93,36.0
704739,上櫃,2.88,3.38,7.0
704740,上櫃,0.0,0.0,0.0
704741,上櫃,2.36,2.42,17.0
704742,上櫃,1.71,1.74,34.0
704743,上櫃,6.75,7.2,51.0
704744,上櫃,3.24,3.05,50.0
704745,上櫃,0.8,0.87,210.0
704746,上櫃,0.29,0.29,112.0
704747,上櫃,0.0,0.0,0.0
704748,上櫃,2.33,2.66,59.0
704749,上櫃,0.0,0.0,0.0
704750,上櫃,0.48,0.48,9.0
704751,上櫃,0.0,0.0,0.0
704752,上櫃,0.41,0.47,1433.0
704753,上櫃,0.0,0.0,0.0
704754,上櫃,0.43,0.45,171.0
704755,上櫃,0.18,0.17,100.0
704756,上櫃,4.84,4.84,20.0
704757,上櫃,0.0,0.0,0.0
704758,上櫃,3.24,3.24,1.0
704759,上櫃,0.36,0.36,20.0
704760,上櫃,0.0,0.0,0.0
704761,上櫃,0.25,0.25,1.0
704762,上櫃,1.25,1.3,22.0
704763,上櫃,0.0,0.0,0.0
704764,上櫃,0.63,0.65,9.0
704765,上櫃,0.77,0.82,612.0
704766,上櫃,0.55,0.57,4378.0
704767,上櫃,0.0,0.0,0.0
704768,上櫃,1.59,1.51,267.0
704769,上櫃,0.71,0.71,11.0
704770,上櫃,0.0,0.0,0.0
704771,上櫃,0.77,0.77,519.0
704772,上櫃,0.0,0.0,0.0
704773,上櫃,0.0,0.0,0.0
704774,上櫃,0.82,0.82,16.0
704775,上櫃,2.4,2.56,68.0
704776,上櫃,2.03,2.03,5.0
704777,上櫃,0.0,0.0,0.0
704778,上櫃,0.66,0.68,55.0
704779,上櫃,1.83,1.83,1.0
704780,上櫃,0.0,0.0,0.0
704781,上櫃,0.0,0.0,0.0
704782,上櫃,0.0,0.0,0.0
704783,上櫃,0.28,0.28,200.0
704784,上櫃,4.48,4.28,10.0
704785,上櫃,0.71,0.73,110.0
704786,上櫃,4.97,5.15,28.0
704787,上櫃,7.15,7.25,32.0
704788,上櫃,0.0,0.0,0.0
704789,上櫃,27.0,26.0,2.0
704790,上櫃,0.0,0.0,0.0
704791,上櫃,3.35,3.36,160.0
704792,上櫃,0.0,0.0,0.0
704793,上櫃,4.79,5.75,253.0
704794,上櫃,2.31,2.66,420.0
704795,上櫃,0.48,0.46,8.0
704796,上櫃,4.81,4.79,49.0
704797,上櫃,3.89,4.1,124.0
704798,上櫃,0.33,0.35,5.0
704799,上櫃,0.54,0.55,150.0
704800,上櫃,0.53,0.62,910.0
704801,上櫃,0.0,0.0,0.0
704802,上櫃,7.4,7.4,9.0
704803,上櫃,7.05,7.0,14.0
704804,上櫃,5.85,6.0,65.0
704805,上櫃,0.0,0.0,0.0
704806,上櫃,0.52,0.52,20.0
704807,上櫃,2.85,2.85,5.0
704808,上櫃,1.88,2.15,656.0
704809,上櫃,6.2,6.5,290.0
704810,上櫃,0.0,0.0,0.0
704811,上櫃,2.17,2.2,43.0
704812,上櫃,0.0,0.0,0.0
704813,上櫃,0.0,0.0,0.0
704814,上櫃,0.98,1.03,101.0
704815,上櫃,1.22,1.43,381.0
704816,上櫃,0.0,0.0,0.0
704817,上櫃,0.0,0.0,0.0
704818,上櫃,1.86,1.91,60.0
704819,上櫃,0.97,0.99,225.0
704820,上櫃,0.0,0.0,0.0
704821,上櫃,1.47,1.58,85.0
704822,上櫃,0.0,0.0,0.0
704823,上櫃,2.7,2.7,5.0
704824,上櫃,0.21,0.21,250.0
704825,上櫃,0.0,0.0,0.0
704826,上櫃,3.48,3.34,626.0
704827,上櫃,0.0,0.0,0.0
704828,上櫃,0.53,0.53,19.0
704829,上櫃,0.0,0.0,0.0
704830,上櫃,0.0,0.0,0.0
704831,上櫃,3.21,3.21,5.0
704832,上櫃,0.29,0.32,46.0
704833,上櫃,0.0,0.0,0.0
704834,上櫃,18.7,21.6,37.0
704835,上櫃,0.0,0.0,0.0
704836,上櫃,0.0,0.0,0.0
704837,上櫃,0.0,0.0,0.0
704838,上櫃,2.29,2.84,727.0
704839,上櫃,2.44,2.73,178.0
704840,上櫃,0.0,0.0,0.0
704841,上櫃,0.37,0.34,107.0
704842,上櫃,0.66,0.79,876.0
704843,上櫃,0.28,0.28,1.0
704844,上櫃,0.5,0.57,1702.0
704845,上櫃,0.0,0.0,0.0
704846,上櫃,0.0,0.0,0.0
704847,上櫃,0.0,0.0,0.0
704848,上櫃,1.28,1.39,358.0
704849,上櫃,0.0,0.0,0.0
704850,上櫃,0.0,0.0,0.0
704851,上櫃,1.52,1.66,328.0
704852,上櫃,1.7,1.7,15.0
704853,上櫃,0.0,0.0,0.0
704854,上櫃,0.94,0.91,27.0
704855,上櫃,0.81,0.75,261.0
704856,上櫃,6.85,6.85,1.0
704857,上櫃,0.0,0.0,0.0
704858,上櫃,0.0,0.0,0.0
704859,上櫃,0.0,0.0,0.0
704860,上櫃,0.0,0.0,0.0
704861,上櫃,0.0,0.0,0.0
704862,上櫃,1.73,1.72,20.0
704863,上櫃,1.09,1.1,150.0
704864,上櫃,3.19,3.29,11.0
704865,上櫃,0.0,0.0,0.0
704866,上櫃,0.51,0.51,50.0
704867,上櫃,0.48,0.5,325.0
704868,上櫃,0.78,0.81,493.0
704869,上櫃,0.4,0.42,69.0
704870,上櫃,0.0,0.0,0.0
704871,上櫃,0.0,0.0,0.0
704872,上櫃,0.0,0.0,0.0
704873,上櫃,0.0,0.0,0.0
704874,上櫃,0.0,0.0,0.0
704875,上櫃,0.0,0.0,0.0
704876,上櫃,0.0,0.0,0.0
704877,上櫃,6.6,6.6,1.0
704878,上櫃,0.0,0.0,0.0
704879,上櫃,2.11,2.3,4.0
704880,上櫃,0.65,0.66,262.0
704881,上櫃,1.12,1.13,399.0
704882,上櫃,0.7,0.7,109.0
704883,上櫃,0.0,0.0,0.0
704884,上櫃,0.0,0.0,0.0
704885,上櫃,0.0,0.0,0.0
704886,上櫃,0.92,0.95,22.0
704887,上櫃,0.0,0.0,0.0
704888,上櫃,1.6,1.6,3.0
704889,上櫃,0.0,0.0,0.0
704890,上櫃,0.0,0.0,0.0
704891,上櫃,0.0,0.0,0.0
704892,上櫃,0.7,0.7,1.0
704893,上櫃,10.4,10.7,29.0
704894,上櫃,1.46,1.39,1153.0
704895,上櫃,0.45,0.46,22.0
704896,上櫃,0.63,0.71,322.0
704897,上櫃,1.16,1.17,661.0
704898,上櫃,0.37,0.37,50.0
704899,上櫃,0.43,0.44,31.0
704900,上櫃,0.0,0.0,0.0
704901,上櫃,0.0,0.0,0.0
704902,上櫃,0.0,0.0,0.0
704903,上櫃,0.0,0.0,0.0
704904,上櫃,0.58,0.58,30.0
704905,上櫃,0.0,0.0,0.0
704906,上櫃,1.98,1.99,28.0
704907,上櫃,0.71,0.77,342.0
704908,上櫃,0.0,0.0,0.0
704909,上櫃,7.35,7.35,5.0
704910,上櫃,4.75,4.73,12.0
704911,上櫃,3.57,4.41,2.0
704912,上櫃,0.0,0.0,0.0
704913,上櫃,3.46,3.11,77.0
704914,上櫃,0.0,0.0,0.0
704915,上櫃,0.0,0.0,0.0
704916,上櫃,0.94,0.97,34.0
704917,上櫃,0.33,0.33,3.0
704918,上櫃,0.0,0.0,0.0
704919,上櫃,0.51,0.58,1083.0
704920,上櫃,0.32,0.41,17.0
704921,上櫃,4.2,4.2,5.0
704922,上櫃,0.0,0.0,0.0
704923,上櫃,0.0,0.0,0.0
704924,上櫃,1.86,1.86,1.0
704925,上櫃,0.0,0.0,0.0
704926,上櫃,2.43,3.0,4.0
704927,上櫃,0.0,0.0,0.0
704928,上櫃,0.0,0.0,0.0
704929,上櫃,2.18,2.23,11.0
704930,上櫃,0.33,0.33,91.0
704931,上櫃,0.36,0.36,20.0
704932,上櫃,0.51,0.51,5.0
704933,上櫃,1.03,1.23,301.0
704934,上櫃,0.0,0.0,0.0
704935,上櫃,0.95,1.03,300.0
704936,上櫃,1.51,1.47,75.0
704937,上櫃,0.75,0.75,1.0
704938,上櫃,0.0,0.0,0.0
704939,上櫃,0.0,0.0,0.0
704940,上櫃,5.35,5.5,26.0
704941,上櫃,5.05,5.15,32.0
704942,上櫃,0.0,0.0,0.0
704943,上櫃,0.21,0.16,12.0
704944,上櫃,1.24,1.38,26.0
704945,上櫃,1.06,1.04,418.0
704946,上櫃,0.81,0.8,97.0
704947,上櫃,0.86,0.95,3833.0
704948,上櫃,0.68,0.73,1094.0
704949,上櫃,0.68,0.68,1.0
704950,上櫃,0.0,0.0,0.0
704951,上櫃,0.0,0.0,0.0
704952,上櫃,0.88,0.88,17.0
704953,上櫃,0.71,0.71,21.0
704954,上櫃,3.34,3.54,65.0
704955,上櫃,1.22,1.29,80.0
704956,上櫃,2.37,2.37,6.0
704957,上櫃,0.76,0.76,38.0
704958,上櫃,0.0,0.0,0.0
704959,上櫃,1.22,1.27,183.0
704960,上櫃,0.0,0.0,0.0
704961,上櫃,7.5,8.0,43.0
704962,上櫃,0.0,0.0,0.0
704963,上櫃,0.0,0.0,0.0
704964,上櫃,0.0,0.0,0.0
704965,上櫃,1.71,1.62,32.0
704966,上櫃,0.0,0.0,0.0
704967,上櫃,0.0,0.0,0.0
704968,上櫃,2.5,2.72,157.0
704969,上櫃,0.0,0.0,0.0
704970,上櫃,0.8,0.78,300.0
704971,上櫃,1.66,1.75,3.0
704972,上櫃,0.0,0.0,0.0
704973,上櫃,11.6,11.6,1.0
704974,上櫃,0.0,0.0,0.0
704975,上櫃,0.0,0.0,0.0
704976,上櫃,0.0,0.0,0.0
704977,上櫃,0.0,0.0,0.0
704978,上櫃,0.0,0.0,0.0
704979,上櫃,0.0,0.0,0.0
704980,上櫃,0.0,0.0,0.0
704981,上櫃,0.0,0.0,0.0
704982,上櫃,0.0,0.0,0.0
704983,上櫃,1.1,1.15,34.0
704984,上櫃,1.35,1.44,169.0
704985,上櫃,0.0,0.0,0.0
704986,上櫃,0.66,0.68,128.0
704987,上櫃,0.57,0.57,77.0
704988,上櫃,0.81,0.81,10.0
704989,上櫃,0.0,0.0,0.0
704990,上櫃,0.87,0.94,285.0
704991,上櫃,1.61,1.65,68.0
704992,上櫃,0.0,0.0,0.0
704993,上櫃,0.0,0.0,0.0
704994,上櫃,0.0,0.0,0.0
704995,上櫃,0.41,0.46,411.0
704996,上櫃,0.0,0.0,0.0
704997,上櫃,0.0,0.0,0.0
704998,上櫃,0.55,0.55,100.0
704999,上櫃,2.05,1.98,148.0
705000,上櫃,1.04,1.04,3.0
705001,上櫃,3.61,3.63,43.0
705002,上櫃,0.69,0.68,60.0
705003,上櫃,0.71,0.73,72.0
705004,上櫃,1.02,0.88,60.0
705005,上櫃,0.57,0.57,4.0
705006,上櫃,0.0,0.0,0.0
705007,上櫃,0.0,0.0,0.0
705008,上櫃,0.79,0.8,929.0
705009,上櫃,2.34,2.36,32.0
705010,上櫃,2.1,2.16,782.0
705011,上櫃,0.65,0.72,1833.0
705012,上櫃,0.0,0.0,0.0
705013,上櫃,3.27,3.42,52.0
705014,上櫃,3.53,3.34,617.0
705015,上櫃,7.65,7.95,9.0
705016,上櫃,1.74,1.68,14.0
705017,上櫃,1.15,1.15,15.0
705018,上櫃,0.0,0.0,0.0
705019,上櫃,3.16,3.16,10.0
705020,上櫃,0.95,0.95,1.0
705021,上櫃,0.0,0.0,0.0
705022,上櫃,0.0,0.0,0.0
705023,上櫃,0.0,0.0,0.0
705024,上櫃,3.52,3.63,2.0
705025,上櫃,0.0,0.0,0.0
705026,上櫃,2.89,2.48,132.0
705027,上櫃,0.0,0.0,0.0
705028,上櫃,0.79,0.94,196.0
705029,上櫃,1.04,1.04,50.0
705030,上櫃,0.0,0.0,0.0
705031,上櫃,0.0,0.0,0.0
705032,上櫃,1.21,1.28,195.0
705033,上櫃,26.5,27.0,2.0
705034,上櫃,0.0,0.0,0.0
705035,上櫃,6.7,6.75,202.0
705036,上櫃,2.31,2.63,112.0
705037,上櫃,3.46,3.2,100.0
705038,上櫃,2.47,2.27,909.0
705039,上櫃,11.3,11.8,3.0
705040,上櫃,15.7,15.8,4.0
705041,上櫃,0.0,0.0,0.0
705042,上櫃,0.68,0.62,176.0
705043,上櫃,1.48,1.74,1264.0
705044,上櫃,0.0,0.0,0.0
705045,上櫃,0.0,0.0,0.0
705046,上櫃,1.68,1.59,60.0
705047,上櫃,0.95,0.97,53.0
705048,上櫃,2.95,2.74,775.0
705049,上櫃,0.0,0.0,0.0
705050,上櫃,0.52,0.51,54.0
705051,上櫃,0.0,0.0,0.0
705052,上櫃,0.0,0.0,0.0
705053,上櫃,0.0,0.0,0.0
705054,上櫃,0.98,0.98,4.0
705055,上櫃,1.88,2.51,5.0
705056,上櫃,1.13,1.13,5.0
705057,上櫃,0.57,0.61,1598.0
705058,上櫃,0.95,1.01,879.0
705059,上櫃,0.71,0.73,121.0
705060,上櫃,0.0,0.0,0.0
705061,上櫃,3.67,3.9,53.0
705062,上櫃,3.17,3.13,9.0
705063,上櫃,2.51,2.4,21.0
705064,上櫃,0.59,0.7,248.0
705065,上櫃,0.0,0.0,0.0
705066,上櫃,1.28,1.28,5.0
705067,上櫃,4.7,4.7,10.0
705068,上櫃,1.96,1.89,51.0
705069,上櫃,0.37,0.37,10.0
705070,上櫃,2.14,2.42,46.0
705071,上櫃,0.0,0.0,0.0
705072,上櫃,2.05,2.27,83.0
705073,上櫃,0.0,0.0,0.0
705074,上櫃,0.53,0.58,1382.0
705075,上櫃,0.66,0.66,965.0
705076,上櫃,0.99,1.0,401.0
705077,上櫃,0.0,0.0,0.0
705078,上櫃,1.86,1.86,2.0
705079,上櫃,18.6,18.6,5.0
705080,上櫃,0.75,0.75,1.0
705081,上櫃,2.69,2.69,3.0
705082,上櫃,1.43,1.43,150.0
705083,上櫃,1.02,1.08,538.0
705084,上櫃,2.38,2.38,5.0
705085,上櫃,0.0,0.0,0.0
705086,上櫃,1.71,1.93,69.0
705087,上櫃,0.91,0.89,744.0
705088,上櫃,0.64,0.65,55.0
705089,上櫃,0.49,0.53,35.0
705090,上櫃,0.43,0.45,1392.0
705091,上櫃,0.81,0.81,120.0
705092,上櫃,0.61,0.61,123.0
705093,上櫃,1.05,1.04,415.0
705094,上櫃,0.58,0.61,370.0
705095,上櫃,0.58,0.6,199.0
705096,上櫃,0.48,0.49,19.0
705097,上櫃,1.06,1.03,185.0
705098,上櫃,1.36,1.37,116.0
705099,上櫃,0.5,0.49,46.0
705100,上櫃,0.76,0.77,6.0
705101,上櫃,1.21,1.24,296.0
705102,上櫃,0.0,0.0,0.0
705103,上櫃,0.0,0.0,0.0
705104,上櫃,1.2,1.2,200.0
705105,上櫃,0.0,0.0,0.0
705106,上櫃,0.0,0.0,0.0
705107,上櫃,0.73,0.72,268.0
705108,上櫃,1.53,1.59,29.0
705109,上櫃,0.0,0.0,0.0
705110,上櫃,1.03,1.06,12.0
705111,上櫃,1.43,1.43,21.0
705112,上櫃,1.09,1.09,20.0
705113,上櫃,0.0,0.0,0.0
705114,上櫃,3.67,3.86,14.0
705115,上櫃,0.0,0.0,0.0
705116,上櫃,0.0,0.0,0.0
705117,上櫃,0.97,0.97,3.0
705118,上櫃,0.0,0.0,0.0
705119,上櫃,0.0,0.0,0.0
705120,上櫃,0.0,0.0,0.0
705121,上櫃,2.63,2.71,30.0
705122,上櫃,0.0,0.0,0.0
705123,上櫃,1.43,1.45,41.0
705124,上櫃,0.0,0.0,0.0
705125,上櫃,1.83,1.9,14.0
705126,上櫃,0.68,0.67,755.0
705127,上櫃,1.29,1.22,63.0
705128,上櫃,0.0,0.0,0.0
705129,上櫃,0.76,0.77,6.0
705130,上櫃,0.75,0.75,73.0
705131,上櫃,0.49,0.49,2.0
705132,上櫃,0.0,0.0,0.0
705133,上櫃,1.04,1.13,145.0
705134,上櫃,1.18,1.18,10.0
705135,上櫃,2.12,2.12,1.0
705136,上櫃,0.97,1.04,217.0
705137,上櫃,2.1,2.1,1.0
705138,上櫃,0.0,0.0,0.0
705139,上櫃,0.0,0.0,0.0
705140,上櫃,0.0,0.0,0.0
705141,上櫃,1.84,2.07,64.0
705142,上櫃,2.71,3.04,35.0
705143,上櫃,1.34,1.34,2.0
705144,上櫃,0.0,0.0,0.0
705145,上櫃,0.0,0.0,0.0
705146,上櫃,2.56,2.56,1.0
705147,上櫃,1.9,1.9,34.0
705148,上櫃,0.0,0.0,0.0
705149,上櫃,0.67,0.67,77.0
705150,上櫃,0.0,0.0,0.0
705151,上櫃,0.0,0.0,0.0
705152,上櫃,0.68,0.68,20.0
705153,上櫃,2.3,2.78,9.0
705154,上櫃,2.73,2.73,5.0
705155,上櫃,2.65,2.6,9.0
705156,上櫃,2.0,1.99,61.0
705157,上櫃,2.82,2.81,57.0
705158,上櫃,0.0,0.0,0.0
705159,上櫃,0.0,0.0,0.0
705160,上櫃,0.0,0.0,0.0
705161,上櫃,0.98,0.98,20.0
705162,上櫃,3.6,3.7,41.0
705163,上櫃,1.36,1.48,101.0
705164,上櫃,0.7,0.73,506.0
705165,上櫃,0.0,0.0,0.0
705166,上櫃,0.0,0.0,0.0
705167,上櫃,0.0,0.0,0.0
705168,上櫃,4.93,5.15,7.0
705169,上櫃,0.0,0.0,0.0
705170,上櫃,0.0,0.0,0.0
705171,上櫃,1.28,1.25,36.0
705172,上櫃,3.81,3.76,3.0
705173,上櫃,5.25,6.1,17.0
705174,上櫃,0.0,0.0,0.0
705175,上櫃,2.64,2.33,45.0
705176,上櫃,2.78,2.84,130.0
705177,上櫃,0.0,0.0,0.0
705178,上櫃,0.0,0.0,0.0
705179,上櫃,0.0,0.0,0.0
705180,上櫃,9.05,9.05,8.0
705181,上櫃,0.0,0.0,0.0
705182,上櫃,0.0,0.0,0.0
705183,上櫃,0.0,0.0,0.0
705184,上櫃,0.0,0.0,0.0
705185,上櫃,0.0,0.0,0.0
705186,上櫃,1.55,1.53,18.0
705187,上櫃,0.78,0.85,317.0
705188,上櫃,0.45,0.47,108.0
705189,上櫃,0.0,0.0,0.0
705190,上櫃,2.12,2.12,5.0
705191,上櫃,0.78,0.77,90.0
705192,上櫃,1.64,1.56,308.0
705193,上櫃,1.14,1.2,71.0
705194,上櫃,0.83,0.85,21.0
705195,上櫃,0.0,0.0,0.0
705196,上櫃,0.86,0.94,211.0
705197,上櫃,0.67,0.67,22.0
705198,上櫃,2.65,2.48,13.0
705199,上櫃,0.0,0.0,0.0
705200,上櫃,0.7,0.7,2.0
705201,上櫃,0.0,0.0,0.0
705202,上櫃,0.84,1.05,1241.0
705203,上櫃,0.0,0.0,0.0
705204,上櫃,2.47,2.53,46.0
705205,上櫃,1.67,1.93,3579.0
705206,上櫃,1.32,1.29,292.0
705207,上櫃,0.0,0.0,0.0
705208,上櫃,2.03,2.03,61.0
705209,上櫃,0.0,0.0,0.0
705210,上櫃,0.6,0.66,34.0
705211,上櫃,0.0,0.0,0.0
705212,上櫃,0.0,0.0,0.0
705213,上櫃,0.0,0.0,0.0
705214,上櫃,0.0,0.0,0.0
705215,上櫃,1.63,1.63,4.0
705216,上櫃,0.94,0.94,50.0
705217,上櫃,0.0,0.0,0.0
705218,上櫃,0.0,0.0,0.0
705219,上櫃,0.0,0.0,0.0
705220,上櫃,0.0,0.0,0.0
705221,上櫃,0.0,0.0,0.0
705222,上櫃,2.13,2.13,20.0
705223,上櫃,1.28,1.28,20.0
705224,上櫃,0.0,0.0,0.0
705225,上櫃,0.0,0.0,0.0
705226,上櫃,1.67,1.67,9.0
705227,上櫃,0.0,0.0,0.0
705228,上櫃,0.0,0.0,0.0
705229,上櫃,0.0,0.0,0.0
705230,上櫃,0.48,0.52,563.0
705231,上櫃,0.0,0.0,0.0
705232,上櫃,0.0,0.0,0.0
705233,上櫃,7.8,8.65,22.0
705234,上櫃,0.0,0.0,0.0
705235,上櫃,0.0,0.0,0.0
705236,上櫃,1.67,1.58,178.0
705237,上櫃,0.0,0.0,0.0
705238,上櫃,3.11,3.13,20.0
705239,上櫃,0.0,0.0,0.0
705240,上櫃,3.23,3.27,47.0
705241,上櫃,4.27,4.27,17.0
705242,上櫃,0.65,0.65,4.0
705243,上櫃,0.0,0.0,0.0
705244,上櫃,0.0,0.0,0.0
705245,上櫃,4.44,5.0,114.0
705246,上櫃,0.0,0.0,0.0
705247,上櫃,0.0,0.0,0.0
705248,上櫃,2.52,2.71,34.0
705249,上櫃,0.0,0.0,0.0
705250,上櫃,0.0,0.0,0.0
705251,上櫃,0.96,0.98,56.0
705252,上櫃,1.05,1.04,233.0
705253,上櫃,7.4,7.4,1.0
705254,上櫃,0.58,0.64,212.0
705255,上櫃,0.76,0.76,17.0
705256,上櫃,0.0,0.0,0.0
705257,上櫃,1.44,1.44,10.0
705258,上櫃,1.52,1.54,543.0
705259,上櫃,0.73,0.72,73.0
705260,上櫃,0.86,0.85,246.0
705261,上櫃,0.0,0.0,0.0
705262,上櫃,0.0,0.0,0.0
705263,上櫃,2.0,2.0,100.0
705264,上櫃,0.0,0.0,0.0
705265,上櫃,1.23,1.2,125.0
705266,上櫃,0.0,0.0,0.0
705267,上櫃,1.03,1.1,54.0
705268,上櫃,0.0,0.0,0.0
705269,上櫃,1.7,1.74,400.0
705270,上櫃,0.0,0.0,0.0
705271,上櫃,8.1,8.1,1.0
705272,上櫃,0.54,0.52,248.0
705273,上櫃,7.2,7.2,47.0
705274,上櫃,4.16,4.16,28.0
705275,上櫃,3.59,3.74,59.0
705276,上櫃,4.81,4.92,320.0
705277,上櫃,5.2,5.2,28.0
705278,上櫃,0.0,0.0,0.0
705279,上櫃,1.38,1.36,426.0
705280,上櫃,0.0,0.0,0.0
705281,上櫃,1.38,1.47,423.0
705282,上櫃,22.3,23.7,33.0
705283,上櫃,3.67,3.79,246.0
705284,上櫃,3.54,3.66,247.0
705285,上櫃,0.83,0.79,2375.0
705286,上櫃,0.9,0.99,335.0
705287,上櫃,0.0,0.0,0.0
705288,上櫃,1.79,1.77,88.0
705289,上櫃,2.22,2.23,179.0
705290,上櫃,0.0,0.0,0.0
705291,上櫃,0.67,0.64,210.0
705292,上櫃,2.7,2.7,10.0
705293,上櫃,0.0,0.0,0.0
705294,上櫃,0.0,0.0,0.0
705295,上櫃,0.26,0.27,16.0
705296,上櫃,2.27,2.27,18.0
705297,上櫃,2.17,2.07,15.0
705298,上櫃,1.81,2.11,28.0
705299,上櫃,3.57,3.57,1.0
705300,上櫃,4.2,4.17,22.0
705301,上櫃,0.0,0.0,0.0
705302,上櫃,0.0,0.0,0.0
705303,上櫃,1.03,1.18,171.0
705304,上櫃,1.38,1.35,67.0
705305,上櫃,1.32,1.32,10.0
705306,上櫃,0.0,0.0,0.0
705307,上櫃,0.92,1.06,1239.0
705308,上櫃,0.0,0.0,0.0
705309,上櫃,1.6,1.6,1.0
705310,上櫃,0.85,0.9,90.0
705311,上櫃,0.65,0.7,2619.0
705312,上櫃,0.65,0.68,446.0
705313,上櫃,0.54,0.57,31.0
705314,上櫃,0.0,0.0,0.0
705315,上櫃,0.0,0.0,0.0
705316,上櫃,3.52,3.26,155.0
705317,上櫃,0.0,0.0,0.0
705318,上櫃,6.05,7.15,23.0
705319,上櫃,0.11,0.11,156.0
705320,上櫃,0.12,0.12,534.0
705321,上櫃,0.0,0.0,0.0
705322,上櫃,2.41,2.62,50.0
705323,上櫃,1.89,2.15,4413.0
705324,上櫃,2.3,2.44,120.0
705325,上櫃,1.15,1.2,101.0
705326,上櫃,0.0,0.0,0.0
705327,上櫃,1.32,1.56,882.0
705328,上櫃,1.4,1.48,56.0
705329,上櫃,1.66,1.79,350.0
705330,上櫃,1.36,1.52,208.0
705331,上櫃,0.8,0.88,1170.0
705332,上櫃,2.75,2.81,25.0
705333,上櫃,2.53,2.52,261.0
705334,上櫃,0.0,0.0,0.0
705335,上櫃,6.0,6.15,33.0
705336,上櫃,5.35,5.25,50.0
705337,上櫃,2.17,2.25,190.0
705338,上櫃,0.0,0.0,0.0
705339,上櫃,1.42,1.58,2126.0
705340,上櫃,1.48,1.62,590.0
705341,上櫃,1.47,1.56,911.0
705342,上櫃,1.47,1.43,9.0
705343,上櫃,0.0,0.0,0.0
705344,上櫃,0.72,0.86,615.0
705345,上櫃,1.41,1.59,1523.0
705346,上櫃,0.79,0.86,198.0
705347,上櫃,1.09,1.13,791.0
705348,上櫃,1.15,1.24,929.0
705349,上櫃,1.0,1.0,22.0
705350,上櫃,7.5,7.65,7.0
705351,上櫃,1.63,1.56,212.0
705352,上櫃,1.07,1.07,1.0
705353,上櫃,1.08,1.08,56.0
705354,上櫃,1.54,1.58,45.0
705355,上櫃,0.0,0.0,0.0
705356,上櫃,6.7,7.0,198.0
705357,上櫃,7.0,7.0,2.0
705358,上櫃,0.0,0.0,0.0
705359,上櫃,0.0,0.0,0.0
705360,上櫃,0.0,0.0,0.0
705361,上櫃,0.0,0.0,0.0
705362,上櫃,0.65,0.64,61.0
705363,上櫃,2.01,1.75,135.0
705364,上櫃,0.69,0.69,227.0
705365,上櫃,1.02,1.0,271.0
705366,上櫃,0.77,0.81,1629.0
705367,上櫃,3.05,3.02,55.0
705368,上櫃,2.96,2.95,68.0
705369,上櫃,1.75,1.91,993.0
705370,上櫃,1.83,1.74,1178.0
705371,上櫃,2.42,2.42,1.0
705372,上櫃,0.52,0.52,20.0
705373,上櫃,0.62,0.61,197.0
705374,上櫃,0.48,0.5,300.0
705375,上櫃,1.2,1.25,17.0
705376,上櫃,0.54,0.54,10.0
705377,上櫃,0.62,0.62,1.0
705378,上櫃,1.01,1.01,256.0
705379,上櫃,1.02,1.02,35.0
705380,上櫃,0.0,0.0,0.0
705381,上櫃,1.1,1.12,291.0
705382,上櫃,1.94,1.96,3.0
705383,上櫃,0.62,0.65,339.0
705384,上櫃,1.32,1.45,185.0
705385,上櫃,0.7,0.74,43.0
705386,上櫃,0.0,0.0,0.0
705387,上櫃,0.0,0.0,0.0
705388,上櫃,0.0,0.0,0.0
705389,上櫃,0.0,0.0,0.0
705390,上櫃,0.0,0.0,0.0
705391,上櫃,0.0,0.0,0.0
705392,上櫃,0.0,0.0,0.0
705393,上櫃,0.9,0.93,188.0
705394,上櫃,0.43,0.43,54.0
705395,上櫃,0.61,0.65,191.0
705396,上櫃,0.0,0.0,0.0
705397,上櫃,0.95,0.93,116.0
705398,上櫃,1.89,2.03,46.0
705399,上櫃,1.48,1.55,1080.0
705400,上櫃,2.14,2.2,812.0
705401,上櫃,1.43,1.5,1108.0
705402,上櫃,0.0,0.0,0.0
705403,上櫃,0.66,0.66,10.0
705404,上櫃,0.0,0.0,0.0
705405,上櫃,0.87,0.87,150.0
705406,上櫃,0.0,0.0,0.0
705407,上櫃,0.0,0.0,0.0
705408,上櫃,1.85,2.1,53.0
705409,上櫃,1.04,1.15,276.0
705410,上櫃,1.48,1.35,161.0
705411,上櫃,0.0,0.0,0.0
705412,上櫃,8.25,8.25,1.0
705413,上櫃,0.47,0.46,2.0
705414,上櫃,0.0,0.0,0.0
705415,上櫃,1.3,1.3,1.0
705416,上櫃,2.43,2.43,3.0
705417,上櫃,0.0,0.0,0.0
705418,上櫃,0.0,0.0,0.0
705419,上櫃,0.88,0.9,21.0
705420,上櫃,7.05,7.05,11.0
705421,上櫃,6.0,6.3,10.0
705422,上櫃,1.54,1.54,521.0
705423,上櫃,0.0,0.0,0.0
705424,上櫃,7.25,7.25,1.0
705425,上櫃,1.94,1.81,94.0
705426,上櫃,2.57,2.57,10.0
705427,上櫃,1.32,1.42,94.0
705428,上櫃,8.0,8.0,1.0
705429,上櫃,2.16,2.25,115.0
705430,上櫃,5.75,5.85,462.0
705431,上櫃,0.0,0.0,0.0
705432,上櫃,0.0,0.0,0.0
705433,上櫃,1.32,1.38,50.0
705434,上櫃,0.0,0.0,0.0
705435,上櫃,0.0,0.0,0.0
705436,上櫃,0.0,0.0,0.0
705437,上櫃,13.0,13.0,1.0
705438,上櫃,0.0,0.0,0.0
705439,上櫃,4.32,4.7,31.0
705440,上櫃,2.12,2.12,84.0
705441,上櫃,0.0,0.0,0.0
705442,上櫃,0.62,0.63,171.0
705443,上櫃,0.7,0.74,744.0
705444,上櫃,0.0,0.0,0.0
705445,上櫃,0.66,0.74,1414.0
705446,上櫃,3.37,3.39,30.0
705447,上櫃,0.0,0.0,0.0
705448,上櫃,10.4,10.5,145.0
705449,上櫃,0.0,0.0,0.0
705450,上櫃,2.04,2.03,34.0
705451,上櫃,3.67,3.61,439.0
705452,上櫃,1.7,1.75,71.0
705453,上櫃,0.0,0.0,0.0
705454,上櫃,0.0,0.0,0.0
705455,上櫃,1.26,1.31,144.0
705456,上櫃,2.07,2.07,301.0
705457,上櫃,2.0,1.97,899.0
705458,上櫃,1.01,0.98,66.0
705459,上櫃,1.68,1.94,83.0
705460,上櫃,4.48,4.59,82.0
705461,上櫃,0.94,0.99,15.0
705462,上櫃,0.0,0.0,0.0
705463,上櫃,6.6,6.9,465.0
705464,上櫃,0.0,0.0,0.0
705465,上櫃,0.0,0.0,0.0
705466,上櫃,0.73,0.82,576.0
705467,上櫃,0.38,0.38,20.0
705468,上櫃,0.4,0.4,5.0
705469,上櫃,0.0,0.0,0.0
705470,上櫃,1.31,1.4,5.0
705471,上櫃,0.71,0.71,15.0
705472,上櫃,0.64,0.64,1.0
705473,上櫃,0.0,0.0,0.0
705474,上櫃,1.09,1.15,427.0
705475,上櫃,1.14,1.14,78.0
705476,上櫃,1.01,1.01,428.0
705477,上櫃,0.0,0.0,0.0
705478,上櫃,0.0,0.0,0.0
705479,上櫃,0.68,0.67,435.0
705480,上櫃,0.62,0.6,30.0
705481,上櫃,2.21,2.21,6.0
705482,上櫃,0.0,0.0,0.0
705483,上櫃,0.57,0.59,349.0
705484,上櫃,0.0,0.0,0.0
705485,上櫃,2.98,2.98,2.0
705486,上櫃,0.77,0.81,422.0
705487,上櫃,1.25,1.27,1581.0
705488,上櫃,1.61,1.67,235.0
705489,上櫃,1.71,1.69,657.0
705490,上櫃,0.93,0.92,54.0
705491,上櫃,0.5,0.52,73.0
705492,上櫃,5.3,5.2,11.0
705493,上櫃,0.91,0.93,34.0
705494,上櫃,0.67,0.71,90.0
705495,上櫃,0.0,0.0,0.0
705496,上櫃,0.0,0.0,0.0
705497,上櫃,1.78,2.0,17.0
705498,上櫃,0.51,0.51,34.0
705499,上櫃,2.27,2.34,20.0
705500,上櫃,0.83,0.84,133.0
705501,上櫃,0.0,0.0,0.0
705502,上櫃,5.0,5.5,31.0
705503,上櫃,1.21,1.32,174.0
705504,上櫃,1.24,1.31,102.0
705505,上櫃,2.5,2.61,578.0
705506,上櫃,3.5,4.08,13.0
705507,上櫃,3.15,3.32,71.0
705508,上櫃,1.71,1.84,28.0
705509,上櫃,2.49,2.49,2.0
705510,上櫃,0.66,0.66,400.0
705511,上櫃,2.79,2.9,1653.0
705512,上櫃,1.43,1.79,787.0
705513,上櫃,1.29,1.46,63.0
705514,上櫃,1.74,1.74,10.0
705515,上櫃,3.85,3.64,8.0
705516,上櫃,2.57,2.75,814.0
705517,上櫃,1.26,1.26,48.0
705518,上櫃,1.73,1.73,16.0
705519,上櫃,0.0,0.0,0.0
705520,上櫃,2.35,2.55,79.0
705521,上櫃,1.68,1.77,1616.0
705522,上櫃,0.38,0.38,1.0
705523,上櫃,13.0,13.0,20.0
705524,上櫃,2.8,2.65,1049.0
705525,上櫃,1.23,1.25,20.0
705526,上櫃,2.04,2.05,32.0
705527,上櫃,0.0,0.0,0.0
705528,上櫃,0.0,0.0,0.0
705529,上櫃,1.46,1.67,43.0
705530,上櫃,1.76,1.76,51.0
705531,上櫃,1.27,1.27,20.0
705532,上櫃,0.0,0.0,0.0
705533,上櫃,0.66,0.66,6.0
705534,上櫃,0.0,0.0,0.0
705535,上櫃,3.59,3.81,330.0
705536,上櫃,3.0,3.26,219.0
705537,上櫃,3.51,3.69,263.0
705538,上櫃,0.0,0.0,0.0
705539,上櫃,4.75,4.75,5.0
705540,上櫃,1.88,1.72,296.0
705541,上櫃,0.29,0.29,70.0
705542,上櫃,0.0,0.0,0.0
705543,上櫃,0.0,0.0,0.0
705544,上櫃,0.0,0.0,0.0
705545,上櫃,1.51,1.6,169.0
705546,上櫃,0.25,0.27,75.0
705547,上櫃,0.46,0.5,71.0
705548,上櫃,0.51,0.51,1025.0
705549,上櫃,2.92,3.08,237.0
705550,上櫃,2.23,2.33,1040.0
705551,上櫃,2.14,2.25,2082.0
705552,上櫃,1.68,1.72,573.0
705553,上櫃,1.38,1.4,2038.0
705554,上櫃,1.04,1.1,429.0
705555,上櫃,4.4,3.85,85.0
705556,上櫃,0.71,0.71,10.0
705557,上櫃,0.0,0.0,0.0
705558,上櫃,0.36,0.37,23.0
705559,上櫃,0.0,0.0,0.0
705560,上櫃,2.79,2.82,154.0
705561,上櫃,1.49,1.58,21.0
705562,上櫃,0.0,0.0,0.0
705563,上櫃,0.58,0.58,40.0
705564,上櫃,1.1,1.1,1.0
705565,上櫃,2.0,2.07,1933.0
705566,上櫃,0.0,0.0,0.0
705567,上櫃,3.11,2.96,55.0
705568,上櫃,4.22,3.76,50.0
705569,上櫃,6.3,6.3,1.0
705570,上櫃,0.0,0.0,0.0
705571,上櫃,9.85,9.85,1.0
705572,上櫃,5.65,6.2,34.0
705573,上櫃,5.4,5.8,65.0
705574,上櫃,1.5,1.64,68.0
705575,上櫃,1.03,1.07,99.0
705576,上櫃,0.0,0.0,0.0
705577,上櫃,0.0,0.0,0.0
705578,上櫃,0.0,0.0,0.0
705579,上櫃,0.0,0.0,0.0
705580,上櫃,0.0,0.0,0.0
705581,上櫃,1.46,1.46,6.0
705582,上櫃,0.0,0.0,0.0
705583,上櫃,4.96,4.96,7.0
705584,上櫃,5.4,5.85,7.0
705585,上櫃,0.0,0.0,0.0
705586,上櫃,4.43,3.88,107.0
705587,上櫃,0.44,0.47,52.0
705588,上櫃,0.0,0.0,0.0
705589,上櫃,1.22,1.34,96.0
705590,上櫃,0.71,0.76,109.0
705591,上櫃,1.43,1.37,192.0
705592,上櫃,0.0,0.0,0.0
705593,上櫃,3.87,4.1,120.0
705594,上櫃,3.6,3.85,50.0
705595,上櫃,1.54,2.61,71.0
705596,上櫃,1.53,1.6,994.0
705597,上櫃,0.0,0.0,0.0
705598,上櫃,0.73,0.71,229.0
705599,上櫃,0.55,0.57,646.0
705600,上櫃,1.6,1.51,145.0
705601,上櫃,0.0,0.0,0.0
705602,上櫃,0.8,0.91,1441.0
705603,上櫃,0.0,0.0,0.0
705604,上櫃,0.0,0.0,0.0
705605,上櫃,0.0,0.0,0.0
705606,上櫃,4.65,5.0,13.0
705607,上櫃,2.57,2.57,1.0
705608,上櫃,0.75,0.79,103.0
705609,上櫃,0.0,0.0,0.0
705610,上櫃,0.0,0.0,0.0
705611,上櫃,0.0,0.0,0.0
705612,上櫃,0.0,0.0,0.0
705613,上櫃,1.0,1.09,1537.0
705614,上櫃,10.2,10.3,12.0
705615,上櫃,0.0,0.0,0.0
705616,上櫃,1.64,1.6,163.0
705617,上櫃,0.0,0.0,0.0
705618,上櫃,0.0,0.0,0.0
705619,上櫃,0.0,0.0,0.0
705620,上櫃,3.49,3.49,2.0
705621,上櫃,3.48,3.61,87.0
705622,上櫃,2.8,2.94,319.0
705623,上櫃,0.0,0.0,0.0
705624,上櫃,0.0,0.0,0.0
705625,上櫃,1.08,1.08,10.0
705626,上櫃,1.02,1.08,85.0
705627,上櫃,1.11,1.12,131.0
705628,上櫃,0.0,0.0,0.0
705629,上櫃,1.41,1.41,50.0
705630,上櫃,0.0,0.0,0.0
705631,上櫃,0.44,0.45,48.0
705632,上櫃,0.0,0.0,0.0
705633,上櫃,3.95,4.07,124.0
705634,上櫃,0.53,0.53,57.0
705635,上櫃,0.87,0.83,238.0
705636,上櫃,0.0,0.0,0.0
705637,上櫃,0.0,0.0,0.0
705638,上櫃,2.75,2.75,1.0
705639,上櫃,7.35,7.8,13.0
705640,上櫃,7.7,7.7,15.0
705641,上櫃,1.46,1.51,40.0
705642,上櫃,0.0,0.0,0.0
705643,上櫃,0.0,0.0,0.0
705644,上櫃,0.83,0.83,1.0
705645,上櫃,0.0,0.0,0.0
705646,上櫃,0.0,0.0,0.0
705647,上櫃,0.98,0.99,5.0
705648,上櫃,0.0,0.0,0.0
705649,上櫃,3.52,3.68,164.0
705650,上櫃,3.07,3.28,191.0
705651,上櫃,1.47,1.47,22.0
705652,上櫃,2.83,4.0,10.0
705653,上櫃,2.59,2.63,22.0
705654,上櫃,0.48,0.48,20.0
705655,上櫃,2.6,3.15,473.0
705656,上櫃,0.0,0.0,0.0
705657,上櫃,1.29,1.41,392.0
705658,上櫃,2.57,2.6,53.0
705659,上櫃,1.5,1.5,25.0
705660,上櫃,0.0,0.0,0.0
705661,上櫃,0.25,0.25,10.0
705662,上櫃,0.58,0.58,66.0
705663,上櫃,0.0,0.0,0.0
705664,上櫃,0.0,0.0,0.0
705665,上櫃,0.92,1.01,878.0
705666,上櫃,0.51,0.51,600.0
705667,上櫃,0.0,0.0,0.0
705668,上櫃,0.93,1.01,58.0
705669,上櫃,2.63,2.63,8.0
705670,上櫃,2.64,2.73,75.0
705671,上櫃,1.49,1.48,231.0
705672,上櫃,0.73,0.73,41.0
705673,上櫃,0.39,0.42,311.0
705674,上櫃,0.0,0.0,0.0
705675,上櫃,0.75,0.75,1.0
705676,上櫃,0.36,0.36,80.0
705677,上櫃,0.68,0.7,728.0
705678,上櫃,1.63,1.6,2630.0
705679,上櫃,0.0,0.0,0.0
705680,上櫃,0.0,0.0,0.0
705681,上櫃,2.15,2.0,272.0
705682,上櫃,0.0,0.0,0.0
705683,上櫃,0.0,0.0,0.0
705684,上櫃,0.0,0.0,0.0
705685,上櫃,0.42,0.42,158.0
705686,上櫃,0.77,0.77,10.0
705687,上櫃,0.83,0.81,56.0
705688,上櫃,4.77,4.77,2.0
705689,上櫃,1.62,1.62,26.0
705690,上櫃,0.0,0.0,0.0
705691,上櫃,0.0,0.0,0.0
705692,上櫃,0.47,0.49,10.0
705693,上櫃,0.0,0.0,0.0
705694,上櫃,0.0,0.0,0.0
705695,上櫃,1.21,1.25,134.0
705696,上櫃,0.0,0.0,0.0
705697,上櫃,0.0,0.0,0.0
705698,上櫃,0.0,0.0,0.0
705699,上櫃,0.0,0.0,0.0
705700,上櫃,0.0,0.0,0.0
705701,上櫃,0.0,0.0,0.0
705702,上櫃,1.2,1.14,129.0
705703,上櫃,0.0,0.0,0.0
705704,上櫃,0.0,0.0,0.0
705705,上櫃,0.0,0.0,0.0
705706,上櫃,2.0,2.38,758.0
705707,上櫃,0.0,0.0,0.0
705708,上櫃,0.0,0.0,0.0
705709,上櫃,0.0,0.0,0.0
705710,上櫃,0.92,1.05,357.0
705711,上櫃,1.14,1.19,220.0
705712,上櫃,2.44,2.4,25.0
705713,上櫃,0.0,0.0,0.0
705714,上櫃,0.0,0.0,0.0
705715,上櫃,0.32,0.32,50.0
705716,上櫃,0.4,0.4,100.0
705717,上櫃,0.0,0.0,0.0
705718,上櫃,0.0,0.0,0.0
705719,上櫃,1.7,1.8,11.0
705720,上櫃,3.24,3.33,386.0
705721,上櫃,1.33,1.36,32.0
705722,上櫃,0.71,0.71,126.0
705723,上櫃,0.0,0.0,0.0
705724,上櫃,0.42,0.43,154.0
705725,上櫃,0.91,1.01,257.0
705726,上櫃,1.11,1.13,339.0
705727,上櫃,1.09,1.01,26.0
705728,上櫃,0.0,0.0,0.0
705729,上櫃,0.0,0.0,0.0
705730,上櫃,2.63,2.63,10.0
705731,上櫃,1.07,1.04,227.0
705732,上櫃,1.25,1.16,56.0
705733,上櫃,0.63,0.63,44.0
705734,上櫃,0.0,0.0,0.0
705735,上櫃,0.84,0.84,2.0
705736,上櫃,0.0,0.0,0.0
705737,上櫃,2.7,2.7,17.0
705738,上櫃,1.24,1.06,72.0
705739,上櫃,1.55,1.55,45.0
705740,上櫃,2.0,2.01,39.0
705741,上櫃,1.05,1.05,13.0
705742,上櫃,2.11,2.06,30.0
705743,上櫃,1.85,1.92,115.0
705744,上櫃,1.41,1.46,177.0
705745,上櫃,0.0,0.0,0.0
705746,上櫃,0.0,0.0,0.0
705747,上櫃,1.55,1.51,89.0
705748,上櫃,0.0,0.0,0.0
705749,上櫃,1.67,1.84,177.0
705750,上櫃,0.0,0.0,0.0
705751,上櫃,0.0,0.0,0.0
705752,上櫃,7.1,7.65,6.0
705753,上櫃,0.0,0.0,0.0
705754,上櫃,1.65,1.65,28.0
705755,上櫃,1.71,1.79,98.0
705756,上櫃,1.94,1.94,3.0
705757,上櫃,1.04,1.08,57.0
705758,上櫃,1.27,1.3,81.0
705759,上櫃,0.98,1.01,578.0
705760,上櫃,0.0,0.0,0.0
705761,上櫃,0.0,0.0,0.0
705762,上櫃,1.35,1.36,337.0
705763,上櫃,0.8,0.8,20.0
705764,上櫃,0.93,0.87,29.0
705765,上櫃,3.51,3.79,78.0
705766,上櫃,1.31,1.29,23.0
705767,上櫃,2.43,2.5,13.0
705768,上櫃,1.4,1.56,498.0
705769,上櫃,1.18,1.26,249.0
705770,上櫃,1.03,1.07,773.0
705771,上櫃,1.41,1.55,513.0
705772,上櫃,0.86,0.93,86.0
705773,上櫃,1.02,1.1,688.0
705774,上櫃,0.96,1.15,611.0
705775,上櫃,1.11,1.2,65.0
705776,上櫃,0.0,0.0,0.0
705777,上櫃,0.0,0.0,0.0
705778,上櫃,2.42,2.42,12.0
705779,上櫃,0.0,0.0,0.0
705780,上櫃,1.5,1.6,179.0
705781,上櫃,1.73,1.6,34.0
705782,上櫃,1.33,1.33,57.0
705783,上櫃,0.0,0.0,0.0
705784,上櫃,0.57,0.57,15.0
705785,上櫃,0.98,1.03,165.0
705786,上櫃,1.41,1.55,2777.0
705787,上櫃,1.82,1.87,43.0
705788,上櫃,0.0,0.0,0.0
705789,上櫃,3.94,3.83,21.0
705790,上櫃,4.05,4.05,12.0
705791,上櫃,1.75,1.83,526.0
705792,上櫃,1.34,1.34,20.0
705793,上櫃,1.4,1.46,79.0
705794,上櫃,1.16,1.16,17.0
705795,上櫃,1.21,1.21,8.0
705796,上櫃,0.9,0.9,1.0
705797,上櫃,1.16,1.22,124.0
705798,上櫃,1.03,1.1,90.0
705799,上櫃,1.03,1.03,20.0
705800,上櫃,0.47,0.48,125.0
705801,上櫃,1.7,2.02,45.0
705802,上櫃,1.34,1.44,857.0
705803,上櫃,0.75,0.75,502.0
705804,上櫃,0.59,0.64,570.0
705805,上櫃,0.49,0.52,140.0
705806,上櫃,0.86,0.9,171.0
705807,上櫃,0.0,0.0,0.0
705808,上櫃,2.35,2.29,149.0
705809,上櫃,1.13,1.13,18.0
705810,上櫃,0.0,0.0,0.0
705811,上櫃,0.0,0.0,0.0
705812,上櫃,1.37,1.37,20.0
705813,上櫃,0.0,0.0,0.0
705814,上櫃,0.0,0.0,0.0
705815,上櫃,1.01,1.04,41.0
705816,上櫃,0.0,0.0,0.0
705817,上櫃,0.46,0.46,25.0
705818,上櫃,1.11,1.03,81.0
705819,上櫃,1.4,1.55,160.0
705820,上櫃,0.84,0.84,5.0
705821,上櫃,3.33,3.33,10.0
705822,上櫃,0.88,0.93,230.0
705823,上櫃,1.03,1.03,91.0
705824,上櫃,0.51,0.51,20.0
705825,上櫃,3.45,3.79,165.0
705826,上櫃,4.99,5.45,438.0
705827,上櫃,0.68,0.67,45.0
705828,上櫃,0.0,0.0,0.0
705829,上櫃,1.96,2.12,166.0
705830,上櫃,0.0,0.0,0.0
705831,上櫃,0.0,0.0,0.0
705832,上櫃,1.62,1.58,59.0
705833,上櫃,0.0,0.0,0.0
705834,上櫃,0.0,0.0,0.0
705835,上櫃,3.59,3.87,60.0
705836,上櫃,0.0,0.0,0.0
705837,上櫃,2.85,2.85,10.0
705838,上櫃,2.33,2.33,20.0
705839,上櫃,2.39,2.71,78.0
705840,上櫃,3.78,3.69,40.0
705841,上櫃,0.9,0.95,94.0
705842,上櫃,1.09,1.14,204.0
705843,上櫃,1.49,1.55,219.0
705844,上櫃,0.97,0.98,621.0
705845,上櫃,5.8,6.0,26.0
705846,上櫃,1.22,1.35,680.0
705847,上櫃,1.12,1.2,720.0
705848,上櫃,0.84,0.86,557.0
705849,上櫃,0.92,0.94,105.0
705850,上櫃,0.81,0.91,878.0
705851,上櫃,0.91,0.94,239.0
705852,上櫃,0.94,0.99,439.0
705853,上櫃,0.92,0.94,107.0
705854,上櫃,0.0,0.0,0.0
705855,上櫃,1.88,1.92,187.0
705856,上櫃,1.51,1.51,9.0
705857,上櫃,1.01,0.97,25.0
705858,上櫃,0.0,0.0,0.0
705859,上櫃,2.35,2.4,359.0
705860,上櫃,0.69,0.71,62.0
705861,上櫃,0.42,0.42,376.0
705862,上櫃,1.08,1.4,1209.0
705863,上櫃,1.0,1.03,118.0
705864,上櫃,0.51,0.55,134.0
705865,上櫃,0.0,0.0,0.0
705866,上櫃,0.0,0.0,0.0
705867,上櫃,5.75,6.25,26.0
705868,上櫃,3.95,3.95,10.0
705869,上櫃,4.95,4.95,10.0
705870,上櫃,3.24,3.35,138.0
705871,上櫃,2.92,2.98,92.0
705872,上櫃,3.99,4.2,60.0
705873,上櫃,3.03,3.03,6.0
705874,上櫃,2.82,2.86,104.0
705875,上櫃,1.17,1.27,64.0
705876,上櫃,1.22,1.21,20.0
705877,上櫃,1.76,1.73,7.0
705878,上櫃,0.0,0.0,0.0
705879,上櫃,0.67,0.64,1247.0
705880,上櫃,0.52,0.56,60.0
705881,上櫃,1.64,1.8,634.0
705882,上櫃,1.69,1.8,13.0
705883,上櫃,0.0,0.0,0.0
705884,上櫃,9.0,9.1,11.0
705885,上櫃,8.1,8.75,36.0
705886,上櫃,2.34,2.39,37.0
705887,上櫃,0.93,1.05,38.0
705888,上櫃,0.6,0.6,81.0
705889,上櫃,0.0,0.0,0.0
705890,上櫃,1.13,1.13,17.0
705891,上櫃,3.86,3.91,32.0
705892,上櫃,2.01,2.06,64.0
705893,上櫃,0.0,0.0,0.0
705894,上櫃,1.2,1.23,63.0
705895,上櫃,1.42,1.44,67.0
705896,上櫃,1.18,1.18,9.0
705897,上櫃,1.6,1.73,158.0
705898,上櫃,0.0,0.0,0.0
705899,上櫃,4.7,5.0,124.0
705900,上櫃,2.24,2.24,2.0
705901,上櫃,0.88,0.95,97.0
705902,上櫃,0.0,0.0,0.0
705903,上櫃,1.03,1.06,17.0
705904,上櫃,0.39,0.39,2.0
705905,上櫃,1.02,1.05,52.0
705906,上櫃,0.0,0.0,0.0
705907,上櫃,1.41,1.39,50.0
705908,上櫃,0.0,0.0,0.0
705909,上櫃,0.0,0.0,0.0
705910,上櫃,0.0,0.0,0.0
705911,上櫃,5.3,5.9,151.0
705912,上櫃,0.0,0.0,0.0
705913,上櫃,2.48,2.6,65.0
705914,上櫃,0.0,0.0,0.0
705915,上櫃,1.66,1.66,72.0
705916,上櫃,0.0,0.0,0.0
705917,上櫃,0.76,0.76,5.0
705918,上櫃,1.6,1.67,40.0
705919,上櫃,0.0,0.0,0.0
705920,上櫃,1.53,1.72,250.0
705921,上櫃,1.18,1.18,18.0
705922,上櫃,1.63,1.74,202.0
705923,上櫃,0.0,0.0,0.0
705924,上櫃,0.0,0.0,0.0
705925,上櫃,0.32,0.32,1.0
705926,上櫃,0.0,0.0,0.0
705927,上櫃,0.0,0.0,0.0
705928,上櫃,1.08,1.14,35.0
705929,上櫃,0.84,0.94,93.0
705930,上櫃,0.0,0.0,0.0
705931,上櫃,1.66,1.66,5.0
705932,上櫃,10.1,10.1,11.0
705933,上櫃,3.8,4.01,9.0
705934,上櫃,1.04,1.06,80.0
705935,上櫃,0.63,0.63,10.0
705936,上櫃,3.11,3.29,151.0
705937,上櫃,0.72,0.72,2.0
705938,上櫃,0.88,0.88,102.0
705939,上櫃,0.0,0.0,0.0
705940,上櫃,0.0,0.0,0.0
705941,上櫃,4.23,3.7,43.0
705942,上櫃,0.0,0.0,0.0
705943,上櫃,2.32,2.48,427.0
705944,上櫃,0.5,0.52,157.0
705945,上櫃,0.58,0.6,117.0
705946,上櫃,0.87,0.86,195.0
705947,上櫃,0.98,0.95,150.0
705948,上櫃,0.0,0.0,0.0
705949,上櫃,0.0,0.0,0.0
705950,上櫃,0.58,0.59,37.0
705951,上櫃,0.0,0.0,0.0
705952,上櫃,0.67,0.67,78.0
705953,上櫃,0.57,0.57,10.0
705954,上櫃,0.6,0.6,104.0
705955,上櫃,0.94,1.0,193.0
705956,上櫃,0.0,0.0,0.0
705957,上櫃,0.82,0.78,60.0
705958,上櫃,1.15,1.11,407.0
705959,上櫃,0.0,0.0,0.0
705960,上櫃,3.06,3.06,3.0
705961,上櫃,0.0,0.0,0.0
705962,上櫃,2.58,2.82,203.0
705963,上櫃,0.0,0.0,0.0
705964,上櫃,2.61,2.61,10.0
705965,上櫃,0.0,0.0,0.0
705966,上櫃,0.53,0.53,50.0
705967,上櫃,0.56,0.62,91.0
705968,上櫃,0.0,0.0,0.0
705969,上櫃,0.51,0.55,343.0
705970,上櫃,0.0,0.0,0.0
705971,上櫃,0.0,0.0,0.0
705972,上櫃,1.97,2.06,21.0
705973,上櫃,1.14,1.16,166.0
705974,上櫃,1.4,1.44,92.0
705975,上櫃,1.62,1.67,201.0
705976,上櫃,0.0,0.0,0.0
705977,上櫃,0.0,0.0,0.0
705978,上櫃,0.0,0.0,0.0
705979,上櫃,0.0,0.0,0.0
705980,上櫃,0.0,0.0,0.0
705981,上櫃,3.69,3.91,75.0
705982,上櫃,3.38,3.61,75.0
705983,上櫃,3.32,3.47,77.0
705984,上櫃,0.0,0.0,0.0
705985,上櫃,1.55,1.53,501.0
705986,上櫃,2.14,2.16,138.0
705987,上櫃,0.0,0.0,0.0
705988,上櫃,3.52,3.4,217.0
705989,上櫃,3.53,3.71,79.0
705990,上櫃,1.62,1.74,229.0
705991,上櫃,0.0,0.0,0.0
705992,上櫃,0.0,0.0,0.0
705993,上櫃,1.19,1.27,54.0
705994,上櫃,0.0,0.0,0.0
705995,上櫃,0.0,0.0,0.0
705996,上櫃,4.7,4.74,90.0
705997,上櫃,6.5,6.85,55.0
705998,上櫃,3.94,3.83,99.0
705999,上櫃,0.0,0.0,0.0
706000,上櫃,0.0,0.0,0.0
706001,上櫃,3.93,3.93,22.0
706002,上櫃,0.72,0.79,462.0
706003,上櫃,1.06,1.15,326.0
706004,上櫃,0.0,0.0,0.0
706005,上櫃,0.52,0.53,63.0
706006,上櫃,1.31,1.31,109.0
706007,上櫃,0.0,0.0,0.0
706008,上櫃,5.7,6.2,83.0
706009,上櫃,2.8,2.8,85.0
706010,上櫃,3.18,3.22,24.0
706011,上櫃,3.97,4.44,13.0
706012,上櫃,2.38,2.4,130.0
706013,上櫃,6.05,5.8,506.0
706014,上櫃,1.89,1.86,4.0
706015,上櫃,0.73,0.79,69.0
706016,上櫃,0.0,0.0,0.0
706017,上櫃,0.85,0.94,567.0
706018,上櫃,5.4,5.4,14.0
706019,上櫃,0.0,0.0,0.0
706020,上櫃,2.47,2.7,78.0
706021,上櫃,2.75,2.69,162.0
706022,上櫃,0.0,0.0,0.0
706023,上櫃,0.0,0.0,0.0
706024,上櫃,0.0,0.0,0.0
706025,上櫃,0.0,0.0,0.0
706026,上櫃,1.57,1.72,58.0
706027,上櫃,0.0,0.0,0.0
706028,上櫃,0.55,0.54,204.0
706029,上櫃,0.57,0.56,136.0
706030,上櫃,1.81,1.81,5.0
706031,上櫃,1.48,1.65,585.0
706032,上櫃,0.91,0.96,253.0
706033,上櫃,0.75,0.81,873.0
706034,上櫃,0.82,0.91,1146.0
706035,上櫃,1.42,1.55,510.0
706036,上櫃,0.68,0.69,88.0
706037,上櫃,0.0,0.0,0.0
706038,上櫃,0.58,0.54,195.0
706039,上櫃,0.0,0.0,0.0
706040,上櫃,0.0,0.0,0.0
706041,上櫃,0.0,0.0,0.0
706042,上櫃,4.56,4.83,9.0
706043,上櫃,0.0,0.0,0.0
706044,上櫃,0.0,0.0,0.0
706045,上櫃,0.0,0.0,0.0
706046,上櫃,0.96,1.12,1205.0
706047,上櫃,1.63,1.63,202.0
706048,上櫃,0.89,0.95,477.0
706049,上櫃,0.0,0.0,0.0
706050,上櫃,0.0,0.0,0.0
706051,上櫃,0.0,0.0,0.0
706052,上櫃,0.0,0.0,0.0
706053,上櫃,2.04,2.05,66.0
706054,上櫃,1.61,1.63,32.0
706055,上櫃,1.14,1.14,26.0
706056,上櫃,0.0,0.0,0.0
706057,上櫃,0.0,0.0,0.0
706058,上櫃,1.51,1.66,369.0
706059,上櫃,0.0,0.0,0.0
706060,上櫃,5.6,5.65,275.0
706061,上櫃,2.94,2.94,25.0
706062,上櫃,1.6,1.4,125.0
706063,上櫃,1.26,1.04,1425.0
706064,上櫃,0.0,0.0,0.0
706065,上櫃,2.8,2.99,250.0
706066,上櫃,1.02,1.02,25.0
706067,上櫃,0.0,0.0,0.0
706068,上櫃,1.55,1.56,123.0
706069,上櫃,0.0,0.0,0.0
706070,上櫃,0.93,0.96,418.0
706071,上櫃,0.0,0.0,0.0
706072,上櫃,6.4,6.7,310.0
706073,上櫃,2.0,2.0,5.0
706074,上櫃,0.0,0.0,0.0
706075,上櫃,0.0,0.0,0.0
706076,上櫃,1.19,1.5,92.0
706077,上櫃,0.0,0.0,0.0
706078,上櫃,0.46,0.48,45.0
706079,上櫃,2.34,2.24,130.0
706080,上櫃,0.63,0.66,726.0
706081,上櫃,0.47,0.47,69.0
706082,上櫃,0.98,0.98,1.0
706083,上櫃,4.67,4.67,4.0
706084,上櫃,2.94,3.5,24.0
706085,上櫃,2.19,2.45,177.0
706086,上櫃,2.08,2.16,159.0
706087,上櫃,1.77,1.93,154.0
706088,上櫃,2.79,2.88,152.0
706089,上櫃,0.0,0.0,0.0
706090,上櫃,1.5,1.62,190.0
706091,上櫃,0.0,0.0,0.0
706092,上櫃,0.0,0.0,0.0
706093,上櫃,0.0,0.0,0.0
706094,上櫃,1.99,2.28,259.0
706095,上櫃,1.03,1.03,10.0
706096,上櫃,3.59,3.59,4.0
706097,上櫃,0.0,0.0,0.0
706098,上櫃,0.82,0.93,249.0
706099,上櫃,1.15,1.25,1031.0
706100,上櫃,1.3,1.34,570.0
706101,上櫃,0.0,0.0,0.0
706102,上櫃,1.13,1.17,565.0
706103,上櫃,1.19,1.21,510.0
706104,上櫃,2.14,2.22,6.0
706105,上櫃,1.3,1.25,110.0
706106,上櫃,0.92,0.91,34.0
706107,上櫃,1.25,1.23,16.0
706108,上櫃,1.08,1.08,35.0
706109,上櫃,0.0,0.0,0.0
706110,上櫃,0.0,0.0,0.0
706111,上櫃,1.29,1.42,372.0
706112,上櫃,0.89,0.99,572.0
706113,上櫃,0.61,0.63,721.0
706114,上櫃,0.65,0.69,296.0
706115,上櫃,0.75,0.79,36.0
706116,上櫃,0.0,0.0,0.0
706117,上櫃,1.42,1.46,5.0
706118,上櫃,1.76,1.94,19.0
706119,上櫃,1.05,1.05,147.0
706120,上櫃,1.61,1.61,10.0
706121,上櫃,0.0,0.0,0.0
706122,上櫃,3.03,3.08,24.0
706123,上櫃,0.0,0.0,0.0
706124,上櫃,1.0,0.96,69.0
706125,上櫃,0.0,0.0,0.0
706126,上櫃,0.49,0.48,103.0
706127,上櫃,0.0,0.0,0.0
706128,上櫃,0.0,0.0,0.0
706129,上櫃,0.63,0.66,112.0
706130,上櫃,0.0,0.0,0.0
706131,上櫃,0.0,0.0,0.0
706132,上櫃,0.0,0.0,0.0
706133,上櫃,0.71,0.77,560.0
706134,上櫃,0.85,0.85,100.0
706135,上櫃,0.6,0.67,101.0
706136,上櫃,0.0,0.0,0.0
706137,上櫃,0.57,0.69,399.0
706138,上櫃,0.0,0.0,0.0
706139,上櫃,0.66,0.67,45.0
706140,上櫃,0.0,0.0,0.0
706141,上櫃,0.0,0.0,0.0
706142,上櫃,0.54,0.57,261.0
706143,上櫃,0.89,0.9,340.0
706144,上櫃,1.0,1.0,4.0
706145,上櫃,0.89,0.95,429.0
706146,上櫃,0.0,0.0,0.0
706147,上櫃,0.0,0.0,0.0
706148,上櫃,1.98,2.0,4.0
706149,上櫃,2.38,2.47,41.0
706150,上櫃,2.8,2.93,39.0
706151,上櫃,1.96,2.21,54.0
706152,上櫃,4.4,4.63,41.0
706153,上櫃,0.0,0.0,0.0
706154,上櫃,0.0,0.0,0.0
706155,上櫃,1.12,1.1,8.0
706156,上櫃,3.61,3.61,100.0
706157,上櫃,3.6,3.98,2.0
706158,上櫃,1.18,1.14,266.0
706159,上櫃,0.0,0.0,0.0
706160,上櫃,1.54,1.7,15.0
706161,上櫃,2.09,2.3,87.0
706162,上櫃,2.35,2.47,128.0
706163,上櫃,2.53,2.53,1.0
706164,上櫃,1.58,1.56,20.0
706165,上櫃,0.84,0.88,237.0
706166,上櫃,0.0,0.0,0.0
706167,上櫃,1.48,1.62,228.0
706168,上櫃,0.0,0.0,0.0
706169,上櫃,0.0,0.0,0.0
706170,上櫃,1.59,1.59,3.0
706171,上櫃,1.94,2.3,886.0
706172,上櫃,0.0,0.0,0.0
706173,上櫃,0.49,0.5,56.0
706174,上櫃,0.0,0.0,0.0
706175,上櫃,0.0,0.0,0.0
706176,上櫃,2.08,2.08,1.0
706177,上櫃,0.0,0.0,0.0
706178,上櫃,2.33,2.37,231.0
706179,上櫃,0.0,0.0,0.0
706180,上櫃,1.29,1.56,900.0
706181,上櫃,0.0,0.0,0.0
706182,上櫃,0.94,1.05,2434.0
706183,上櫃,0.0,0.0,0.0
706184,上櫃,1.06,1.06,141.0
706185,上櫃,1.77,1.82,17.0
706186,上櫃,1.26,1.3,29.0
706187,上櫃,1.33,1.33,22.0
706188,上櫃,1.43,1.42,70.0
706189,上櫃,0.86,0.86,1.0
706190,上櫃,0.92,0.92,3.0
706191,上櫃,1.3,1.3,1.0
706192,上櫃,1.97,2.35,522.0
706193,上櫃,2.24,2.41,272.0
706194,上櫃,1.8,2.1,566.0
706195,上櫃,1.08,1.16,681.0
706196,上櫃,0.62,0.63,507.0
706197,上櫃,0.98,1.03,815.0
706198,上櫃,0.46,0.46,2095.0
706199,上櫃,0.51,0.51,274.0
706200,上櫃,0.55,0.55,226.0
706201,上櫃,0.61,0.64,752.0
706202,上櫃,0.91,0.94,365.0
706203,上櫃,0.63,0.65,328.0
706204,上櫃,1.2,1.2,20.0
706205,上櫃,4.48,4.9,11.0
706206,上櫃,4.18,4.64,143.0
706207,上櫃,1.55,1.55,7.0
706208,上櫃,0.0,0.0,0.0
706209,上櫃,2.77,2.9,24.0
706210,上櫃,0.0,0.0,0.0
706211,上櫃,3.69,3.69,1.0
706212,上櫃,0.43,0.44,296.0
706213,上櫃,0.4,0.4,116.0
706214,上櫃,1.02,1.13,126.0
706215,上櫃,1.71,1.76,45.0
706216,上櫃,2.16,2.39,173.0
706217,上櫃,0.57,0.57,1.0
706218,上櫃,0.54,0.54,67.0
706219,上櫃,0.0,0.0,0.0
706220,上櫃,0.0,0.0,0.0
706221,上櫃,1.22,1.26,91.0
706222,上櫃,7.75,7.75,5.0
706223,上櫃,5.8,5.8,5.0
706224,上櫃,0.0,0.0,0.0
706225,上櫃,1.81,1.69,81.0
706226,上櫃,1.89,2.36,99.0
706227,上櫃,1.48,1.64,241.0
706228,上櫃,1.24,1.37,238.0
706229,上櫃,0.0,0.0,0.0
706230,上櫃,7.6,7.75,12.0
706231,上櫃,1.03,1.07,97.0
706232,上櫃,0.92,0.92,7.0
706233,上櫃,1.61,1.61,1.0
706234,上櫃,0.9,0.95,15.0
706235,上櫃,1.95,2.0,23.0
706236,上櫃,1.66,1.66,20.0
706237,上櫃,0.0,0.0,0.0
706238,上櫃,1.47,1.5,5.0
706239,上櫃,1.51,1.59,654.0
706240,上櫃,1.13,1.15,762.0
706241,上櫃,0.8,0.91,795.0
706242,上櫃,1.57,1.57,32.0
706243,上櫃,0.0,0.0,0.0
706244,上櫃,1.5,1.56,47.0
706245,上櫃,1.49,1.56,166.0
706246,上櫃,0.0,0.0,0.0
706247,上櫃,1.28,1.41,304.0
706248,上櫃,0.0,0.0,0.0
706249,上櫃,2.06,2.03,18.0
706250,上櫃,3.69,3.79,48.0
706251,上櫃,3.05,3.11,41.0
706252,上櫃,4.19,4.32,20.0
706253,上櫃,2.93,2.93,10.0
706254,上櫃,2.21,2.21,2.0
706255,上櫃,0.0,0.0,0.0
706256,上櫃,1.12,1.12,54.0
706257,上櫃,1.58,1.57,289.0
706258,上櫃,1.87,1.91,416.0
706259,上櫃,1.11,1.1,51.0
706260,上櫃,1.08,1.14,109.0
706261,上櫃,0.71,0.67,551.0
706262,上櫃,3.23,3.19,40.0
706263,上櫃,4.08,3.81,866.0
706264,上櫃,4.85,4.84,57.0
706265,上櫃,1.29,1.31,78.0
706266,上櫃,2.83,2.83,2.0
706267,上櫃,1.73,1.85,66.0
706268,上櫃,0.9,0.91,129.0
706269,上櫃,1.63,1.65,91.0
706270,上櫃,3.81,3.81,22.0
706271,上櫃,1.54,1.67,66.0
706272,上櫃,1.13,1.13,28.0
706273,上櫃,4.78,4.78,17.0
706274,上櫃,1.37,1.35,639.0
706275,上櫃,3.14,3.18,182.0
706276,上櫃,1.38,1.38,80.0
706277,上櫃,1.45,1.45,3.0
706278,上櫃,0.0,0.0,0.0
706279,上櫃,0.0,0.0,0.0
706280,上櫃,3.58,3.58,14.0
706281,上櫃,1.47,1.57,95.0
706282,上櫃,0.66,0.66,500.0
706283,上櫃,0.75,0.79,383.0
706284,上櫃,0.43,0.43,3.0
706285,上櫃,0.0,0.0,0.0
706286,上櫃,0.0,0.0,0.0
706287,上櫃,0.79,0.79,10.0
706288,上櫃,1.69,1.76,580.0
706289,上櫃,2.42,2.54,16.0
706290,上櫃,4.66,4.64,183.0
706291,上櫃,2.07,2.31,77.0
706292,上櫃,1.61,1.69,228.0
706293,上櫃,1.49,1.43,168.0
706294,上櫃,2.69,2.69,1.0
706295,上櫃,1.87,1.91,19.0
706296,上櫃,1.82,1.95,111.0
706297,上櫃,1.52,1.52,2.0
706298,上櫃,1.25,1.25,5.0
706299,上櫃,1.57,1.61,245.0
706300,上櫃,1.83,1.99,214.0
706301,上櫃,0.82,0.93,911.0
706302,上櫃,1.53,1.4,265.0
706303,上櫃,0.0,0.0,0.0
706304,上櫃,1.22,1.22,24.0
706305,上櫃,2.8,2.8,1.0
706306,上櫃,1.04,1.45,35.0
706307,上櫃,6.15,6.25,26.0
706308,上櫃,2.18,2.23,83.0
706309,上櫃,0.87,0.84,267.0
706310,上櫃,1.36,1.44,308.0
706311,上櫃,0.58,0.58,226.0
706312,上櫃,0.5,0.51,508.0
706313,上櫃,0.0,0.0,0.0
706314,上櫃,0.0,0.0,0.0
706315,上櫃,4.97,4.94,26.0
706316,上櫃,2.51,2.5,638.0
706317,上櫃,0.0,0.0,0.0
706318,上櫃,0.95,0.95,11.0
706319,上櫃,3.19,3.27,36.0
706320,上櫃,0.0,0.0,0.0
706321,上櫃,1.49,1.38,206.0
706322,上櫃,3.39,3.47,20.0
706323,上櫃,0.0,0.0,0.0
706324,上櫃,0.0,0.0,0.0
706325,上櫃,1.44,1.57,48.0
706326,上櫃,1.16,1.16,3.0
706327,上櫃,0.97,0.97,10.0
706328,上櫃,4.68,4.76,98.0
706329,上櫃,0.96,0.96,10.0
706330,上櫃,2.47,2.47,15.0
706331,上櫃,2.26,2.49,41.0
706332,上櫃,1.37,1.37,1.0
706333,上櫃,0.0,0.0,0.0
706334,上櫃,0.0,0.0,0.0
706335,上櫃,0.95,0.93,312.0
706336,上櫃,0.58,0.58,277.0
706337,上櫃,0.6,0.6,226.0
706338,上櫃,0.55,0.58,81.0
706339,上櫃,0.0,0.0,0.0
706340,上櫃,0.68,0.66,1554.0
706341,上櫃,0.56,0.58,338.0
706342,上櫃,1.34,1.38,91.0
706343,上櫃,1.17,1.17,61.0
706344,上櫃,0.52,0.54,38.0
706345,上櫃,0.77,0.79,307.0
706346,上櫃,0.0,0.0,0.0
706347,上櫃,0.85,0.89,199.0
706348,上櫃,1.18,1.23,53.0
706349,上櫃,1.18,1.26,150.0
706350,上櫃,0.67,0.67,50.0
706351,上櫃,4.1,4.1,1.0
706352,上櫃,0.0,0.0,0.0
706353,上櫃,0.68,0.74,185.0
706354,上櫃,1.24,1.24,48.0
706355,上櫃,1.22,1.22,49.0
706356,上櫃,14.8,14.2,3.0
706357,上櫃,3.3,3.3,51.0
706358,上櫃,0.0,0.0,0.0
706359,上櫃,3.89,3.89,30.0
706360,上櫃,2.74,2.74,50.0
706361,上櫃,0.0,0.0,0.0
706362,上櫃,3.77,3.88,193.0
706363,上櫃,2.06,2.03,239.0
706364,上櫃,2.03,1.75,245.0
706365,上櫃,1.89,1.89,5.0
706366,上櫃,1.23,1.25,372.0
706367,上櫃,0.0,0.0,0.0
706368,上櫃,1.56,1.54,12.0
706369,上櫃,4.94,5.0,32.0
706370,上櫃,4.4,4.48,147.0
706371,上櫃,1.35,1.35,25.0
706372,上櫃,0.0,0.0,0.0
706373,上櫃,0.0,0.0,0.0
706374,上櫃,10.9,10.9,1.0
706375,上櫃,0.0,0.0,0.0
706376,上櫃,0.0,0.0,0.0
706377,上櫃,2.59,2.59,1.0
706378,上櫃,0.71,0.71,1.0
706379,上櫃,1.12,1.19,187.0
706380,上櫃,0.69,0.7,10.0
706381,上櫃,0.0,0.0,0.0
706382,上櫃,1.3,1.44,2647.0
706383,上櫃,1.67,1.77,67.0
706384,上櫃,0.0,0.0,0.0
706385,上櫃,1.26,1.28,220.0
706386,上櫃,7.7,7.75,9.0
706387,上櫃,0.0,0.0,0.0
706388,上櫃,1.05,1.14,40.0
706389,上櫃,0.0,0.0,0.0
706390,上櫃,1.46,1.54,240.0
706391,上櫃,0.0,0.0,0.0
706392,上櫃,0.0,0.0,0.0
706393,上櫃,0.0,0.0,0.0
706394,上櫃,1.91,1.88,150.0
706395,上櫃,0.76,0.76,30.0
706396,上櫃,1.34,1.6,290.0
706397,上櫃,1.49,1.49,1.0
706398,上櫃,0.0,0.0,0.0
706399,上櫃,1.44,1.33,3.0
706400,上櫃,1.34,1.44,151.0
706401,上櫃,3.41,4.83,109.0
706402,上櫃,0.79,0.79,1.0
706403,上櫃,0.66,0.67,588.0
706404,上櫃,0.71,0.79,1265.0
706405,上櫃,0.67,0.76,390.0
706406,上櫃,1.5,1.52,254.0
706407,上櫃,1.55,1.52,435.0
706408,上櫃,0.0,0.0,0.0
706409,上櫃,0.93,0.9,390.0
706410,上櫃,0.65,0.65,226.0
706411,上櫃,0.73,0.73,30.0
706412,上櫃,4.58,4.58,321.0
706413,上櫃,2.63,2.58,20.0
706414,上櫃,1.4,1.4,4.0
706415,上櫃,4.96,5.0,25.0
706416,上櫃,1.23,1.23,20.0
706417,上櫃,0.0,0.0,0.0
706418,上櫃,0.0,0.0,0.0
706419,上櫃,2.21,2.29,377.0
706420,上櫃,0.95,0.96,274.0
706421,上櫃,0.95,0.95,736.0
706422,上櫃,1.09,1.17,349.0
706423,上櫃,0.6,0.6,67.0
706424,上櫃,0.0,0.0,0.0
706425,上櫃,0.79,0.79,156.0
706426,上櫃,3.15,3.21,246.0
706427,上櫃,3.84,3.85,89.0
706428,上櫃,1.55,1.55,3.0
706429,上櫃,1.09,1.07,404.0
706430,上櫃,0.78,0.8,542.0
706431,上櫃,0.0,0.0,0.0
706432,上櫃,0.67,0.67,234.0
706433,上櫃,0.0,0.0,0.0
706434,上櫃,1.41,1.8,422.0
706435,上櫃,0.0,0.0,0.0
706436,上櫃,0.82,0.82,18.0
706437,上櫃,0.0,0.0,0.0
706438,上櫃,0.69,0.75,400.0
706439,上櫃,0.56,0.55,484.0
706440,上櫃,0.0,0.0,0.0
706441,上櫃,3.82,3.86,201.0
706442,上櫃,0.0,0.0,0.0
706443,上櫃,2.07,2.0,1954.0
706444,上櫃,2.04,1.98,126.0
706445,上櫃,1.35,1.35,178.0
706446,上櫃,1.38,1.46,5.0
706447,上櫃,0.0,0.0,0.0
706448,上櫃,0.0,0.0,0.0
706449,上櫃,0.79,0.79,32.0
706450,上櫃,0.0,0.0,0.0
706451,上櫃,0.0,0.0,0.0
706452,上櫃,0.0,0.0,0.0
706453,上櫃,2.25,2.21,52.0
706454,上櫃,0.56,0.56,1.0
706455,上櫃,0.93,0.96,325.0
706456,上櫃,0.0,0.0,0.0
706457,上櫃,0.0,0.0,0.0
706458,上櫃,1.71,1.55,18.0
706459,上櫃,0.54,0.68,277.0
706460,上櫃,0.0,0.0,0.0
706461,上櫃,1.02,1.1,393.0
706462,上櫃,0.79,0.79,50.0
706463,上櫃,1.39,1.41,282.0
706464,上櫃,23.3,22.7,29.0
706465,上櫃,4.49,4.53,24.0
706466,上櫃,2.3,2.3,559.0
706467,上櫃,0.0,0.0,0.0
706468,上櫃,1.13,1.15,91.0
706469,上櫃,7.2,7.65,51.0
706470,上櫃,8.25,9.5,35.0
706471,上櫃,0.0,0.0,0.0
706472,上櫃,1.38,1.46,76.0
706473,上櫃,4.1,3.91,27.0
706474,上櫃,1.66,1.72,124.0
706475,上櫃,1.54,1.48,105.0
706476,上櫃,1.66,1.61,178.0
706477,上櫃,1.0,1.0,9.0
706478,上櫃,1.05,1.1,196.0
706479,上櫃,2.4,2.46,7.0
706480,上櫃,0.0,0.0,0.0
706481,上櫃,0.0,0.0,0.0
706482,上櫃,1.3,1.58,9.0
706483,上櫃,0.0,0.0,0.0
706484,上櫃,1.4,1.45,192.0
706485,上櫃,0.0,0.0,0.0
706486,上櫃,0.0,0.0,0.0
706487,上櫃,3.03,2.95,15.0
706488,上櫃,0.0,0.0,0.0
706489,上櫃,1.15,1.26,3628.0
706490,上櫃,3.22,3.7,52.0
706491,上櫃,0.0,0.0,0.0
706492,上櫃,1.09,1.1,66.0
706493,上櫃,0.0,0.0,0.0
706494,上櫃,3.23,3.04,195.0
706495,上櫃,2.91,2.86,67.0
706496,上櫃,1.23,1.29,128.0
706497,上櫃,0.63,0.68,37.0
706498,上櫃,0.0,0.0,0.0
706499,上櫃,4.33,4.35,7.0
706500,上櫃,1.05,1.1,94.0
706501,上櫃,1.35,1.48,45.0
706502,上櫃,1.09,1.04,42.0
706503,上櫃,0.74,0.75,267.0
706504,上櫃,0.0,0.0,0.0
706505,上櫃,0.0,0.0,0.0
706506,上櫃,0.55,0.59,790.0
706507,上櫃,0.5,0.53,831.0
706508,上櫃,0.48,0.51,1272.0
706509,上櫃,0.76,0.78,596.0
706510,上櫃,0.64,0.67,220.0
706511,上櫃,0.44,0.45,151.0
706512,上櫃,0.0,0.0,0.0
706513,上櫃,0.0,0.0,0.0
706514,上櫃,0.89,0.92,213.0
706515,上櫃,1.03,1.03,1.0
706516,上櫃,1.16,1.23,274.0
706517,上櫃,1.6,1.89,420.0
706518,上櫃,6.4,6.45,3.0
706519,上櫃,0.94,1.04,55.0
706520,上櫃,0.0,0.0,0.0
706521,上櫃,0.0,0.0,0.0
706522,上櫃,1.2,1.22,980.0
706523,上櫃,0.74,0.79,229.0
706524,上櫃,0.0,0.0,0.0
706525,上櫃,2.6,2.53,150.0
706526,上櫃,0.75,0.79,156.0
706527,上櫃,0.59,0.63,105.0
706528,上櫃,0.0,0.0,0.0
706529,上櫃,0.97,1.02,17.0
706530,上櫃,0.0,0.0,0.0
706531,上櫃,1.39,1.48,5.0
706532,上櫃,1.53,1.53,2.0
706533,上櫃,0.81,0.78,76.0
706534,上櫃,1.12,1.12,7.0
706535,上櫃,1.68,1.79,80.0
706536,上櫃,2.18,2.32,1427.0
706537,上櫃,1.27,1.3,26.0
706538,上櫃,1.19,1.25,49.0
706539,上櫃,0.0,0.0,0.0
706540,上櫃,1.43,1.42,74.0
706541,上櫃,3.17,3.19,41.0
706542,上櫃,1.38,1.38,3.0
706543,上櫃,1.22,1.24,30.0
706544,上櫃,0.0,0.0,0.0
706545,上櫃,0.0,0.0,0.0
706546,上櫃,6.15,6.15,41.0
706547,上櫃,0.0,0.0,0.0
706548,上櫃,1.16,1.16,10.0
706549,上櫃,0.0,0.0,0.0
706550,上櫃,0.0,0.0,0.0
706551,上櫃,0.57,0.62,23.0
706552,上櫃,1.92,1.82,209.0
706553,上櫃,2.24,2.29,338.0
706554,上櫃,1.26,1.26,90.0
706555,上櫃,0.52,0.52,26.0
706556,上櫃,0.0,0.0,0.0
706557,上櫃,0.0,0.0,0.0
706558,上櫃,0.68,0.68,15.0
706559,上櫃,1.33,1.33,1.0
706560,上櫃,2.73,2.69,83.0
706561,上櫃,1.47,1.53,117.0
706562,上櫃,0.0,0.0,0.0
706563,上櫃,1.03,1.02,275.0
706564,上櫃,0.57,0.54,293.0
706565,上櫃,0.0,0.0,0.0
706566,上櫃,1.44,1.55,174.0
706567,上櫃,0.8,0.82,636.0
706568,上櫃,1.0,1.0,5.0
706569,上櫃,1.09,1.14,107.0
706570,上櫃,0.0,0.0,0.0
706571,上櫃,1.39,1.35,65.0
706572,上櫃,1.29,1.29,31.0
706573,上櫃,0.0,0.0,0.0
706574,上櫃,0.0,0.0,0.0
706575,上櫃,3.25,3.25,1.0
706576,上櫃,2.95,3.2,36.0
706577,上櫃,1.45,1.48,36.0
706578,上櫃,1.3,1.37,446.0
706579,上櫃,1.66,1.7,24.0
706580,上櫃,1.38,1.46,92.0
706581,上櫃,0.72,0.66,158.0
706582,上櫃,0.0,0.0,0.0
706583,上櫃,0.0,0.0,0.0
706584,上櫃,0.0,0.0,0.0
706585,上櫃,1.08,1.14,20.0
706586,上櫃,0.0,0.0,0.0
706587,上櫃,1.13,1.22,45.0
706588,上櫃,0.0,0.0,0.0
706589,上櫃,0.0,0.0,0.0
706590,上櫃,0.79,0.91,820.0
706591,上櫃,1.18,1.22,446.0
706592,上櫃,1.59,1.59,27.0
706593,上櫃,1.12,1.18,1045.0
706594,上櫃,0.65,0.66,1505.0
706595,上櫃,1.8,1.83,70.0
706596,上櫃,1.11,1.18,127.0
706597,上櫃,1.57,1.58,99.0
706598,上櫃,0.0,0.0,0.0
706599,上櫃,4.64,4.66,501.0
706600,上櫃,0.0,0.0,0.0
706601,上櫃,1.28,1.28,1.0
706602,上櫃,0.0,0.0,0.0
706603,上櫃,0.94,0.92,58.0
706604,上櫃,1.67,1.64,11.0
706605,上櫃,1.75,1.75,5.0
706606,上櫃,1.78,1.78,3.0
706607,上櫃,2.1,2.1,1.0
706608,上櫃,3.41,3.44,187.0
706609,上櫃,1.72,1.72,1.0
706610,上櫃,1.55,1.55,1.0
706611,上櫃,1.04,1.04,41.0
706612,上櫃,1.9,1.93,164.0
706613,上櫃,3.14,3.19,37.0
706614,上櫃,2.86,2.95,2143.0
706615,上櫃,0.0,0.0,0.0
706616,上櫃,0.0,0.0,0.0
706617,上櫃,0.97,1.01,195.0
706618,上櫃,0.88,0.88,10.0
706619,上櫃,0.66,0.66,100.0
706620,上櫃,1.08,1.08,21.0
706621,上櫃,1.3,1.32,57.0
706622,上櫃,1.19,1.19,5.0
706623,上櫃,1.65,1.97,161.0
706624,上櫃,1.14,1.1,54.0
706625,上櫃,0.0,0.0,0.0
706626,上櫃,0.88,0.93,14.0
706627,上櫃,1.35,1.35,156.0
706628,上櫃,0.0,0.0,0.0
706629,上櫃,0.0,0.0,0.0
706630,上櫃,1.5,1.56,48.0
706631,上櫃,3.4,3.5,17.0
706632,上櫃,2.31,2.34,440.0
706633,上櫃,2.53,2.53,237.0
706634,上櫃,2.61,2.65,4.0
706635,上櫃,3.08,3.17,88.0
706636,上櫃,2.26,2.32,213.0
706637,上櫃,3.27,3.36,103.0
706638,上櫃,2.11,2.18,1002.0
706639,上櫃,1.0,0.95,476.0
706640,上櫃,1.33,1.39,150.0
706641,上櫃,1.71,1.82,147.0
706642,上櫃,1.98,1.93,124.0
706643,上櫃,0.0,0.0,0.0
706644,上櫃,0.85,0.85,42.0
706645,上櫃,0.86,0.85,440.0
706646,上櫃,2.56,2.62,139.0
706647,上櫃,3.2,3.21,65.0
706648,上櫃,0.0,0.0,0.0
706649,上櫃,1.17,1.17,40.0
706650,上櫃,1.27,1.33,297.0
706651,上櫃,1.13,1.19,2.0
706652,上櫃,0.62,0.62,10.0
706653,上櫃,3.31,3.31,2.0
706654,上櫃,2.98,3.08,20.0
706655,上櫃,1.4,1.36,76.0
706656,上櫃,1.38,1.34,26.0
706657,上櫃,0.0,0.0,0.0
706658,上櫃,0.85,0.89,258.0
706659,上櫃,1.97,2.01,440.0
706660,上櫃,0.72,0.78,835.0
706661,上櫃,0.93,0.87,176.0
706662,上櫃,0.81,0.73,519.0
706663,上櫃,0.69,0.72,257.0
706664,上櫃,0.89,0.94,99.0
706665,上櫃,0.0,0.0,0.0
706666,上櫃,1.94,1.91,52.0
706667,上櫃,0.0,0.0,0.0
706668,上櫃,0.0,0.0,0.0
706669,上櫃,0.0,0.0,0.0
706670,上櫃,0.0,0.0,0.0
706671,上櫃,1.17,1.1,1500.0
706672,上櫃,1.03,1.03,1.0
706673,上櫃,3.59,3.62,38.0
706674,上櫃,0.0,0.0,0.0
706675,上櫃,0.0,0.0,0.0
706676,上櫃,0.91,0.92,229.0
706677,上櫃,1.35,1.51,411.0
706678,上櫃,0.81,0.86,472.0
706679,上櫃,1.12,1.12,5.0
706680,上櫃,0.0,0.0,0.0
706681,上櫃,1.21,1.19,171.0
706682,上櫃,1.43,1.5,30.0
706683,上櫃,1.43,1.6,109.0
706684,上櫃,1.8,1.8,1.0
706685,上櫃,0.0,0.0,0.0
706686,上櫃,3.01,2.87,34.0
706687,上櫃,1.6,1.6,60.0
706688,上櫃,0.0,0.0,0.0
706689,上櫃,1.34,1.34,10.0
706690,上櫃,0.95,1.06,40.0
706691,上櫃,0.0,0.0,0.0
706692,上櫃,0.0,0.0,0.0
706693,上櫃,2.37,2.59,161.0
706694,上櫃,0.0,0.0,0.0
706695,上櫃,0.0,0.0,0.0
706696,上櫃,1.23,1.23,35.0
706697,上櫃,0.0,0.0,0.0
706698,上櫃,1.02,1.07,189.0
706699,上櫃,0.0,0.0,0.0
706700,上櫃,0.0,0.0,0.0
706701,上櫃,0.0,0.0,0.0
706702,上櫃,1.22,1.19,34.0
706703,上櫃,0.75,0.75,5.0
706704,上櫃,0.51,0.51,50.0
706705,上櫃,0.0,0.0,0.0
706706,上櫃,2.87,2.87,63.0
706707,上櫃,0.0,0.0,0.0
706708,上櫃,2.05,2.13,423.0
706709,上櫃,1.29,1.24,449.0
706710,上櫃,0.58,0.58,55.0
706711,上櫃,0.56,0.6,205.0
706712,上櫃,0.0,0.0,0.0
706713,上櫃,0.65,0.66,306.0
706714,上櫃,0.59,0.6,50.0
706715,上櫃,0.72,0.77,164.0
706716,上櫃,0.56,0.57,306.0
706717,上櫃,2.57,2.52,39.0
706718,上櫃,0.0,0.0,0.0
706719,上櫃,0.0,0.0,0.0
706720,上櫃,1.92,1.92,10.0
706721,上櫃,1.25,1.21,45.0
706722,上櫃,0.0,0.0,0.0
706723,上櫃,0.77,0.86,892.0
706724,上櫃,0.79,0.79,190.0
706725,上櫃,1.41,1.37,796.0
706726,上櫃,0.81,0.84,150.0
706727,上櫃,0.98,1.01,100.0
706728,上櫃,0.77,0.75,28.0
706729,上櫃,0.0,0.0,0.0
706730,上櫃,0.0,0.0,0.0
706731,上櫃,0.0,0.0,0.0
706732,上櫃,0.0,0.0,0.0
706733,上櫃,0.87,0.9,7.0
706734,上櫃,1.44,1.53,17.0
706735,上櫃,0.69,0.69,40.0
706736,上櫃,1.41,1.41,11.0
706737,上櫃,0.98,1.05,138.0
706738,上櫃,1.84,1.86,6.0
706739,上櫃,3.6,3.45,12.0
706740,上櫃,0.0,0.0,0.0
706741,上櫃,1.29,1.38,45.0
706742,上櫃,1.23,1.24,36.0
706743,上櫃,1.25,1.29,53.0
706744,上櫃,2.24,2.24,14.0
706745,上櫃,0.0,0.0,0.0
706746,上櫃,0.0,0.0,0.0
706747,上櫃,1.55,1.55,12.0
706748,上櫃,0.0,0.0,0.0
706749,上櫃,0.0,0.0,0.0
706750,上櫃,0.0,0.0,0.0
706751,上櫃,0.63,0.63,20.0
706752,上櫃,1.25,1.2,168.0
706753,上櫃,1.27,1.25,20.0
706754,上櫃,1.86,1.91,33.0
706755,上櫃,0.88,0.9,400.0
706756,上櫃,0.72,0.81,50.0
706757,上櫃,1.19,1.19,100.0
706758,上櫃,1.03,1.03,100.0
706759,上櫃,1.0,1.0,10.0
706760,上櫃,0.0,0.0,0.0
706761,上櫃,0.0,0.0,0.0
706762,上櫃,2.32,2.15,650.0
706763,上櫃,2.82,2.84,127.0
706764,上櫃,2.78,2.48,188.0
706765,上櫃,1.52,1.6,350.0
706766,上櫃,0.86,0.85,7.0
706767,上櫃,1.36,1.34,273.0
706768,上櫃,0.0,0.0,0.0
706769,上櫃,0.0,0.0,0.0
706770,上櫃,1.78,1.93,625.0
706771,上櫃,0.85,0.9,148.0
706772,上櫃,0.0,0.0,0.0
706773,上櫃,0.0,0.0,0.0
706774,上櫃,1.85,1.9,258.0
706775,上櫃,2.34,2.59,368.0
706776,上櫃,2.3,2.52,213.0
706777,上櫃,2.39,2.5,87.0
706778,上櫃,0.0,0.0,0.0
706779,上櫃,1.28,1.28,79.0
706780,上櫃,0.55,0.57,1287.0
706781,上櫃,0.64,0.64,496.0
706782,上櫃,0.0,0.0,0.0
706783,上櫃,1.3,1.3,29.0
706784,上櫃,0.0,0.0,0.0
706785,上櫃,0.0,0.0,0.0
706786,上櫃,4.7,4.7,113.0
706787,上櫃,0.0,0.0,0.0
706788,上櫃,2.64,2.76,132.0
706789,上櫃,1.22,1.22,28.0
706790,上櫃,2.31,2.29,1396.0
706791,上櫃,1.26,1.39,76.0
706792,上櫃,1.25,1.25,2.0
706793,上櫃,0.7,0.73,799.0
706794,上櫃,0.39,0.4,112.0
706795,上櫃,0.67,0.68,175.0
706796,上櫃,1.76,1.75,33.0
706797,上櫃,2.2,2.26,6.0
706798,上櫃,0.84,0.87,221.0
706799,上櫃,0.0,0.0,0.0
706800,上櫃,0.0,0.0,0.0
706801,上櫃,0.84,0.86,102.0
706802,上櫃,0.69,0.72,101.0
706803,上櫃,0.0,0.0,0.0
706804,上櫃,0.0,0.0,0.0
706805,上櫃,0.73,0.73,14.0
706806,上櫃,0.59,0.6,82.0
706807,上櫃,1.55,1.68,102.0
706808,上櫃,0.0,0.0,0.0
706809,上櫃,2.45,2.79,18.0
706810,上櫃,2.35,2.24,101.0
706811,上櫃,4.14,3.95,7.0
706812,上櫃,0.0,0.0,0.0
706813,上櫃,0.0,0.0,0.0
706814,上櫃,0.0,0.0,0.0
706815,上櫃,0.0,0.0,0.0
706816,上櫃,1.27,1.27,58.0
706817,上櫃,2.32,2.2,11.0
706818,上櫃,1.89,1.85,12.0
706819,上櫃,1.95,1.98,98.0
706820,上櫃,3.14,3.02,29.0
706821,上櫃,1.88,2.12,77.0
706822,上櫃,1.61,1.61,21.0
706823,上櫃,0.0,0.0,0.0
706824,上櫃,0.0,0.0,0.0
706825,上櫃,1.66,1.66,9.0
706826,上櫃,1.68,1.83,108.0
706827,上櫃,0.0,0.0,0.0
706828,上櫃,1.94,1.94,28.0
706829,上櫃,0.0,0.0,0.0
706830,上櫃,1.13,1.13,3322.0
706831,上櫃,0.0,0.0,0.0
706832,上櫃,2.58,2.62,334.0
706833,上櫃,2.09,2.08,256.0
706834,上櫃,2.95,2.84,63.0
706835,上櫃,1.24,1.18,102.0
706836,上櫃,1.1,1.16,1316.0
706837,上櫃,1.53,1.53,318.0
706838,上櫃,0.57,0.57,228.0
706839,上櫃,0.94,0.94,50.0
706840,上櫃,0.93,1.07,199.0
706841,上櫃,1.36,1.37,241.0
706842,上櫃,2.09,2.06,138.0
706843,上櫃,1.09,1.07,2561.0
706844,上櫃,0.72,0.72,531.0
706845,上櫃,0.77,0.96,416.0
706846,上櫃,0.77,0.77,226.0
706847,上櫃,0.78,0.77,58.0
706848,上櫃,0.9,0.9,30.0
706849,上櫃,2.14,2.16,178.0
706850,上櫃,1.04,1.17,121.0
706851,上櫃,0.51,0.54,126.0
706852,上櫃,1.0,1.0,497.0
706853,上櫃,1.61,1.61,4.0
706854,上櫃,3.94,3.74,120.0
706855,上櫃,1.36,1.35,43.0
706856,上櫃,1.75,1.75,3.0
706857,上櫃,0.0,0.0,0.0
706858,上櫃,0.0,0.0,0.0
706859,上櫃,1.4,1.44,22.0
706860,上櫃,0.0,0.0,0.0
706861,上櫃,2.35,2.35,300.0
706862,上櫃,0.84,0.88,2708.0
706863,上櫃,1.01,1.02,107.0
706864,上櫃,2.52,2.52,78.0
706865,上櫃,2.78,3.01,19.0
706866,上櫃,0.0,0.0,0.0
706867,上櫃,1.14,1.14,28.0
706868,上櫃,1.61,1.7,825.0
706869,上櫃,0.0,0.0,0.0
706870,上櫃,0.76,0.76,330.0
706871,上櫃,0.0,0.0,0.0
706872,上櫃,0.0,0.0,0.0
706873,上櫃,2.21,2.29,81.0
706874,上櫃,2.7,2.7,27.0
706875,上櫃,0.0,0.0,0.0
706876,上櫃,1.36,1.32,15.0
706877,上櫃,0.0,0.0,0.0
706878,上櫃,0.84,0.84,9.0
706879,上櫃,0.0,0.0,0.0
706880,上櫃,2.62,2.62,3.0
706881,上櫃,1.85,1.81,77.0
706882,上櫃,0.0,0.0,0.0
706883,上櫃,3.02,3.05,57.0
706884,上櫃,3.61,3.5,102.0
706885,上櫃,1.3,1.25,150.0
706886,上櫃,1.36,1.35,110.0
706887,上櫃,1.54,1.62,58.0
706888,上櫃,1.04,1.03,414.0
706889,上櫃,1.97,2.0,285.0
706890,上櫃,1.03,1.1,189.0
706891,上櫃,0.65,0.71,922.0
706892,上櫃,1.77,1.74,226.0
706893,上櫃,2.2,2.29,12.0
706894,上櫃,1.79,2.0,243.0
706895,上櫃,1.65,1.84,111.0
706896,上櫃,0.83,0.79,984.0
706897,上櫃,2.04,1.96,43.0
706898,上櫃,0.0,0.0,0.0
706899,上櫃,1.54,1.71,98.0
706900,上櫃,2.42,2.41,45.0
706901,上櫃,0.0,0.0,0.0
706902,上櫃,2.2,2.2,31.0
706903,上櫃,2.78,2.68,31.0
706904,上櫃,1.05,1.03,21.0
706905,上櫃,0.0,0.0,0.0
706906,上櫃,0.0,0.0,0.0
706907,上櫃,0.0,0.0,0.0
706908,上櫃,0.0,0.0,0.0
706909,上櫃,1.41,1.44,1062.0
706910,上櫃,2.33,2.33,21.0
706911,上櫃,3.11,3.09,133.0
706912,上櫃,0.0,0.0,0.0
706913,上櫃,0.0,0.0,0.0
706914,上櫃,0.0,0.0,0.0
706915,上櫃,1.5,1.53,27.0
706916,上櫃,1.24,1.26,166.0
706917,上櫃,0.0,0.0,0.0
706918,上櫃,1.72,1.77,47.0
706919,上櫃,1.09,1.12,364.0
706920,上櫃,2.79,2.79,3.0
706921,上櫃,1.02,1.02,10.0
706922,上櫃,0.0,0.0,0.0
706923,上櫃,1.47,1.45,26.0
706924,上櫃,0.0,0.0,0.0
706925,上櫃,1.0,1.0,21.0
706926,上櫃,0.0,0.0,0.0
706927,上櫃,0.0,0.0,0.0
706928,上櫃,3.48,3.37,11.0
706929,上櫃,1.23,1.28,20.0
706930,上櫃,0.0,0.0,0.0
706931,上櫃,1.61,1.61,15.0
706932,上櫃,2.14,2.16,47.0
706933,上櫃,0.0,0.0,0.0
706934,上櫃,0.73,0.74,25.0
706935,上櫃,0.82,0.83,260.0
706936,上櫃,0.0,0.0,0.0
706937,上櫃,0.69,0.73,53.0
706938,上櫃,0.0,0.0,0.0
706939,上櫃,1.73,1.66,134.0
706940,上櫃,1.96,1.97,51.0
706941,上櫃,0.0,0.0,0.0
706942,上櫃,0.92,0.87,112.0
706943,上櫃,1.03,1.01,167.0
706944,上櫃,0.0,0.0,0.0
706945,上櫃,0.0,0.0,0.0
706946,上櫃,1.2,1.19,165.0
706947,上櫃,2.06,2.06,16.0
706948,上櫃,1.54,1.54,22.0
706949,上櫃,1.94,1.87,500.0
706950,上櫃,1.87,1.87,1.0
706951,上櫃,1.8,1.96,54.0
706952,上櫃,1.12,1.19,71.0
706953,上櫃,1.22,1.22,81.0
706954,上櫃,0.0,0.0,0.0
706955,上櫃,1.29,1.29,10.0
706956,上櫃,0.0,0.0,0.0
706957,上櫃,1.73,1.81,133.0
706958,上櫃,0.0,0.0,0.0
706959,上櫃,2.23,2.23,50.0
706960,上櫃,1.67,1.7,30.0
706961,上櫃,0.0,0.0,0.0
706962,上櫃,0.0,0.0,0.0
706963,上櫃,1.11,1.09,180.0
706964,上櫃,1.64,1.64,5.0
706965,上櫃,0.9,0.9,2.0
706966,上櫃,0.0,0.0,0.0
706967,上櫃,0.0,0.0,0.0
706968,上櫃,0.0,0.0,0.0
706969,上櫃,0.0,0.0,0.0
706970,上櫃,0.0,0.0,0.0
706971,上櫃,0.0,0.0,0.0
706972,上櫃,0.0,0.0,0.0
706973,上櫃,0.85,0.84,10.0
706974,上櫃,1.02,1.03,20.0
706975,上櫃,0.0,0.0,0.0
706976,上櫃,0.0,0.0,0.0
706977,上櫃,0.0,0.0,0.0
706978,上櫃,0.0,0.0,0.0
706979,上櫃,1.87,2.11,7.0
706980,上櫃,0.0,0.0,0.0
706981,上櫃,0.0,0.0,0.0
706982,上櫃,0.0,0.0,0.0
706983,上櫃,0.0,0.0,0.0
706984,上櫃,0.0,0.0,0.0
706985,上櫃,1.57,1.57,27.0
706986,上櫃,0.82,0.82,5.0
706987,上櫃,0.0,0.0,0.0
706988,上櫃,0.0,0.0,0.0
706989,上櫃,0.0,0.0,0.0
706990,上櫃,0.7,0.79,185.0
706991,上櫃,0.72,0.72,9.0
706992,上櫃,0.0,0.0,0.0
706993,上櫃,0.0,0.0,0.0
706994,上櫃,1.53,1.52,55.0
706995,上櫃,1.27,1.27,30.0
706996,上櫃,1.17,1.17,25.0
706997,上櫃,0.0,0.0,0.0
706998,上櫃,1.85,1.92,30.0
706999,上櫃,0.93,0.92,102.0
707000,上櫃,0.0,0.0,0.0
707001,上櫃,0.0,0.0,0.0
707002,上櫃,1.39,1.4,165.0
707003,上櫃,2.68,2.4,92.0
707004,上櫃,3.89,3.95,15.0
707005,上櫃,2.08,2.08,20.0
707006,上櫃,0.0,0.0,0.0
707007,上櫃,0.0,0.0,0.0
707008,上櫃,0.0,0.0,0.0
707009,上櫃,0.0,0.0,0.0
707010,上櫃,0.0,0.0,0.0
707011,上櫃,0.0,0.0,0.0
707012,上櫃,0.0,0.0,0.0
707013,上櫃,0.0,0.0,0.0
707014,上櫃,0.0,0.0,0.0
707015,上櫃,0.77,0.85,740.0
707016,上櫃,0.0,0.0,0.0
707017,上櫃,1.55,1.37,40.0
707018,上櫃,1.83,1.83,16.0
707019,上櫃,1.1,1.17,27.0
707020,上櫃,0.0,0.0,0.0
707021,上櫃,0.92,0.92,32.0
707022,上櫃,1.14,1.14,4.0
707023,上櫃,1.81,1.81,6.0
707024,上櫃,0.0,0.0,0.0
707025,上櫃,1.88,1.88,237.0
707026,上櫃,0.0,0.0,0.0
707027,上櫃,0.0,0.0,0.0
707028,上櫃,0.0,0.0,0.0
707029,上櫃,1.94,1.75,80.0
707030,上櫃,0.0,0.0,0.0
707031,上櫃,0.0,0.0,0.0
707032,上櫃,0.0,0.0,0.0
707033,上櫃,0.0,0.0,0.0
707034,上櫃,0.0,0.0,0.0
707035,上櫃,1.82,1.82,1.0
707036,上櫃,0.0,0.0,0.0
707037,上櫃,0.0,0.0,0.0
707038,上櫃,0.0,0.0,0.0
707039,上櫃,0.0,0.0,0.0
707040,上櫃,0.0,0.0,0.0
707041,上櫃,1.19,1.18,95.0
707042,上櫃,0.0,0.0,0.0
707043,上櫃,0.0,0.0,0.0
707044,上櫃,0.86,0.84,2.0
707045,上櫃,0.74,0.71,20.0
707046,上櫃,0.88,0.85,30.0
707047,上櫃,0.0,0.0,0.0
707048,上櫃,0.7,0.7,130.0
707049,上櫃,1.31,1.31,50.0
707050,上櫃,1.16,1.18,28.0
707051,上櫃,1.58,1.6,58.0
707052,上櫃,0.0,0.0,0.0
707053,上櫃,0.0,0.0,0.0
707054,上櫃,1.53,1.81,308.0
707055,上櫃,0.0,0.0,0.0
707056,上櫃,0.0,0.0,0.0
707057,上櫃,1.23,1.17,67.0
707058,上櫃,0.0,0.0,0.0
707059,上櫃,0.0,0.0,0.0
707060,上櫃,0.0,0.0,0.0
707061,上櫃,0.0,0.0,0.0
707062,上櫃,0.0,0.0,0.0
707063,上櫃,2.08,2.08,5.0
707064,上櫃,0.0,0.0,0.0
707065,上櫃,0.0,0.0,0.0
707066,上櫃,0.0,0.0,0.0
707067,上櫃,0.0,0.0,0.0
707068,上櫃,0.0,0.0,0.0
707069,上櫃,0.88,0.86,602.0
707070,上櫃,1.06,1.08,47.0
707071,上櫃,0.0,0.0,0.0
707072,上櫃,0.0,0.0,0.0
707073,上櫃,0.66,0.66,10.0
707074,上櫃,0.0,0.0,0.0
707075,上櫃,0.0,0.0,0.0
707076,上櫃,0.0,0.0,0.0
707077,上櫃,0.78,0.78,1.0
707078,上櫃,0.68,0.68,2.0
707079,上櫃,0.0,0.0,0.0
707080,上櫃,0.0,0.0,0.0
707081,上櫃,0.76,0.76,16.0
707082,上櫃,0.0,0.0,0.0
707083,上櫃,0.0,0.0,0.0
707084,上櫃,0.0,0.0,0.0
707085,上櫃,0.0,0.0,0.0
707086,上櫃,0.0,0.0,0.0
707087,上櫃,0.73,0.73,5.0
707088,上櫃,0.0,0.0,0.0
707089,上櫃,0.0,0.0,0.0
707090,上櫃,0.0,0.0,0.0
707091,上櫃,1.4,1.4,1015.0
707092,上櫃,0.0,0.0,0.0
707093,上櫃,0.0,0.0,0.0
707094,上櫃,0.0,0.0,0.0
707095,上櫃,0.0,0.0,0.0
707096,上櫃,0.0,0.0,0.0
707097,上櫃,1.01,0.98,95.0
707098,上櫃,0.0,0.0,0.0
707099,上櫃,0.0,0.0,0.0
707100,上櫃,0.0,0.0,0.0
707101,上櫃,0.0,0.0,0.0
707102,上櫃,0.0,0.0,0.0
717408,上櫃,0.0,0.0,0.0
71755U,上櫃,0.0,0.0,0.0
718098,上櫃,0.0,0.0,0.0
718099,上櫃,0.0,0.0,0.0
71841U,上櫃,0.0,0.0,0.0
71845U,上櫃,0.0,0.0,0.0
718730,上櫃,0.0,0.0,0.0
71874U,上櫃,0.0,0.0,0.0
718937,上櫃,0.0,0.0,0.0
71923U,上櫃,1.15,1.15,2.0
71932U,上櫃,0.0,0.0,0.0
71956U,上櫃,0.0,0.0,0.0
71958U,上櫃,0.0,0.0,0.0
71969U,上櫃,0.0,0.0,0.0
719715,上櫃,0.0,0.0,0.0
719716,上櫃,0.0,0.0,0.0
719719,上櫃,0.0,0.0,0.0
72011U,上櫃,0.0,0.0,0.0
720183,上櫃,0.0,0.0,0.0
720184,上櫃,0.0,0.0,0.0
720186,上櫃,0.0,0.0,0.0
720187,上櫃,0.0,0.0,0.0
72050U,上櫃,0.0,0.0,0.0
720746,上櫃,0.0,0.0,0.0
720748,上櫃,0.18,0.25,33.0
72076U,上櫃,0.0,0.0,0.0
72084U,上櫃,0.0,0.0,0.0
72093U,上櫃,0.0,0.0,0.0
72095U,上櫃,0.0,0.0,0.0
72096U,上櫃,0.0,0.0,0.0
72104U,上櫃,0.0,0.0,0.0
72112U,上櫃,0.0,0.0,0.0
72113U,上櫃,0.0,0.0,0.0
72117U,上櫃,0.0,0.0,0.0
72119U,上櫃,0.0,0.0,0.0
72124U,上櫃,0.0,0.0,0.0
72131U,上櫃,0.0,0.0,0.0
72132U,上櫃,0.0,0.0,0.0
72134U,上櫃,0.0,0.0,0.0
72135U,上櫃,0.0,0.0,0.0
72142U,上櫃,0.0,0.0,0.0
72143U,上櫃,0.0,0.0,0.0
72159U,上櫃,0.0,0.0,0.0
72164U,上櫃,0.0,0.0,0.0
72179U,上櫃,0.0,0.0,0.0
72185U,上櫃,0.0,0.0,0.0
72192U,上櫃,0.0,0.0,0.0
72203U,上櫃,0.0,0.0,0.0
72204U,上櫃,0.0,0.0,0.0
72205U,上櫃,0.0,0.0,0.0
72218U,上櫃,0.0,0.0,0.0
72219U,上櫃,0.0,0.0,0.0
72223U,上櫃,0.0,0.0,0.0
72224U,上櫃,0.0,0.0,0.0
72234U,上櫃,0.0,0.0,0.0
722353,上櫃,0.0,0.0,0.0
722354,上櫃,0.43,0.43,5.0
72235U,上櫃,0.0,0.0,0.0
72236U,上櫃,0.0,0.0,0.0
72237U,上櫃,0.0,0.0,0.0
72238U,上櫃,0.0,0.0,0.0
72241U,上櫃,0.0,0.0,0.0
722428,上櫃,0.0,0.0,0.0
722429,上櫃,0.0,0.0,0.0
72242U,上櫃,1.5,1.5,1.0
72243U,上櫃,0.0,0.0,0.0
72244U,上櫃,0.0,0.0,0.0
72245U,上櫃,0.0,0.0,0.0
72247U,上櫃,0.0,0.0,0.0
72248U,上櫃,0.0,0.0,0.0
722527,上櫃,0.0,0.0,0.0
72252U,上櫃,0.0,0.0,0.0
72253U,上櫃,0.0,0.0,0.0
72254U,上櫃,0.0,0.0,0.0
72255U,上櫃,0.0,0.0,0.0
722572,上櫃,0.0,0.0,0.0
72259U,上櫃,0.0,0.0,0.0
72260U,上櫃,0.0,0.0,0.0
72263U,上櫃,0.0,0.0,0.0
72266U,上櫃,0.0,0.0,0.0
722675,上櫃,0.0,0.0,0.0
72267U,上櫃,0.01,0.01,187.0
72268U,上櫃,0.0,0.0,0.0
72269U,上櫃,0.0,0.0,0.0
72270U,上櫃,0.0,0.0,0.0
72271U,上櫃,0.0,0.0,0.0
722722,上櫃,0.0,0.0,0.0
722723,上櫃,0.0,0.0,0.0
722726,上櫃,0.02,0.02,262.0
722728,上櫃,0.0,0.0,0.0
72272U,上櫃,0.0,0.0,0.0
722731,上櫃,0.47,0.47,1.0
72280U,上櫃,0.0,0.0,0.0
72285U,上櫃,0.0,0.0,0.0
722865,上櫃,0.41,0.39,380.0
72286U,上櫃,0.0,0.0,0.0
72287U,上櫃,0.0,0.0,0.0
722880,上櫃,0.0,0.0,0.0
722881,上櫃,0.03,0.03,30.0
722884,上櫃,0.56,0.6,2.0
72288U,上櫃,1.05,1.05,1.0
72290U,上櫃,0.0,0.0,0.0
72291U,上櫃,0.0,0.0,0.0
722942,上櫃,0.0,0.0,0.0
722943,上櫃,0.0,0.0,0.0
722944,上櫃,0.0,0.0,0.0
72298U,上櫃,0.0,0.0,0.0
72300U,上櫃,0.0,0.0,0.0
72303U,上櫃,0.0,0.0,0.0
72306U,上櫃,0.0,0.0,0.0
72309U,上櫃,0.1,0.1,3.0
72311U,上櫃,0.0,0.0,0.0
72312U,上櫃,0.0,0.0,0.0
723132,上櫃,0.0,0.0,0.0
72315U,上櫃,0.0,0.0,0.0
723195,上櫃,0.0,0.0,0.0
72322U,上櫃,0.0,0.0,0.0
72323U,上櫃,0.0,0.0,0.0
72324U,上櫃,0.95,0.8,21.0
72325U,上櫃,0.72,0.63,508.0
72326U,上櫃,0.0,0.0,0.0
72327U,上櫃,0.0,0.0,0.0
723287,上櫃,0.0,0.0,0.0
723288,上櫃,0.0,0.0,0.0
723289,上櫃,0.0,0.0,0.0
72328U,上櫃,0.0,0.0,0.0
723290,上櫃,10.4,10.4,1.0
723292,上櫃,0.0,0.0,0.0
72329U,上櫃,0.0,0.0,0.0
72332U,上櫃,0.91,0.89,48.0
72334U,上櫃,0.0,0.0,0.0
72336U,上櫃,0.41,0.33,28.0
72337U,上櫃,1.2,1.2,15.0
72338U,上櫃,0.0,0.0,0.0
723410,上櫃,0.0,0.0,0.0
723411,上櫃,0.0,0.0,0.0
72341U,上櫃,0.0,0.0,0.0
723422,上櫃,0.08,0.08,1.0
723425,上櫃,0.0,0.0,0.0
723451,上櫃,0.0,0.0,0.0
723452,上櫃,0.0,0.0,0.0
723453,上櫃,0.0,0.0,0.0
723454,上櫃,0.0,0.0,0.0
723456,上櫃,0.0,0.0,0.0
723457,上櫃,0.31,0.31,10.0
72346U,上櫃,0.0,0.0,0.0
72348U,上櫃,0.0,0.0,0.0
723511,上櫃,0.0,0.0,0.0
723512,上櫃,0.0,0.0,0.0
723516,上櫃,0.3,0.31,614.0
72353U,上櫃,0.0,0.0,0.0
72354U,上櫃,0.0,0.0,0.0
72355U,上櫃,0.0,0.0,0.0
72356U,上櫃,0.0,0.0,0.0
72357U,上櫃,0.0,0.0,0.0
72359U,上櫃,0.0,0.0,0.0
72360U,上櫃,0.0,0.0,0.0
72361U,上櫃,0.0,0.0,0.0
72363U,上櫃,0.0,0.0,0.0
72365U,上櫃,0.0,0.0,0.0
723681,上櫃,0.21,0.23,328.0
72368U,上櫃,0.08,0.08,3.0
72369U,上櫃,0.0,0.0,0.0
72370U,上櫃,0.0,0.0,0.0
72371U,上櫃,0.0,0.0,0.0
72372U,上櫃,0.0,0.0,0.0
72373U,上櫃,0.0,0.0,0.0
72374U,上櫃,0.01,0.01,1.0
72375U,上櫃,0.0,0.0,0.0
72376U,上櫃,0.09,0.09,12.0
723779,上櫃,0.92,0.93,35.0
72377U,上櫃,0.01,0.01,200.0
723780,上櫃,0.0,0.0,0.0
72378U,上櫃,0.55,0.52,205.0
72379U,上櫃,0.0,0.0,0.0
72380U,上櫃,0.0,0.0,0.0
72381U,上櫃,4.0,4.0,1.0
72382U,上櫃,0.0,0.0,0.0
72383U,上櫃,0.1,0.1,150.0
72384U,上櫃,1.34,1.3,10.0
72386U,上櫃,0.33,0.33,3.0
72390U,上櫃,0.0,0.0,0.0
72391U,上櫃,0.0,0.0,0.0
72392U,上櫃,0.01,0.01,15.0
72393U,上櫃,0.0,0.0,0.0
72394U,上櫃,0.0,0.0,0.0
72396U,上櫃,0.0,0.0,0.0
72397U,上櫃,0.0,0.0,0.0
72399U,上櫃,0.0,0.0,0.0
72400U,上櫃,0.0,0.0,0.0
724013,上櫃,0.0,0.0,0.0
724017,上櫃,0.14,0.16,31.0
724019,上櫃,0.46,0.46,97.0
724023,上櫃,0.0,0.0,0.0
72402U,上櫃,0.0,0.0,0.0
72405U,上櫃,0.0,0.0,0.0
724061,上櫃,11.4,11.9,16.0
724062,上櫃,0.0,0.0,0.0
724063,上櫃,9.65,9.9,41.0
724064,上櫃,0.0,0.0,0.0
72407U,上櫃,0.0,0.0,0.0
72408U,上櫃,0.0,0.0,0.0
72411U,上櫃,0.0,0.0,0.0
724126,上櫃,0.0,0.0,0.0
724127,上櫃,0.0,0.0,0.0
724128,上櫃,0.0,0.0,0.0
72412U,上櫃,0.0,0.0,0.0
724130,上櫃,1.15,1.31,84.0
72414U,上櫃,0.0,0.0,0.0
72415U,上櫃,0.0,0.0,0.0
72416U,上櫃,0.0,0.0,0.0
724176,上櫃,0.0,0.0,0.0
72417U,上櫃,0.0,0.0,0.0
72418U,上櫃,0.0,0.0,0.0
72419U,上櫃,0.0,0.0,0.0
72420U,上櫃,0.0,0.0,0.0
72421U,上櫃,0.0,0.0,0.0
72422U,上櫃,0.0,0.0,0.0
72423U,上櫃,0.0,0.0,0.0
724240,上櫃,0.0,0.0,0.0
724241,上櫃,0.0,0.0,0.0
724242,上櫃,0.2,0.2,10.0
724243,上櫃,2.79,2.8,35.0
724244,上櫃,0.0,0.0,0.0
72424U,上櫃,0.42,0.33,66.0
72425U,上櫃,0.01,0.01,10.0
72426U,上櫃,0.0,0.0,0.0
72427U,上櫃,0.0,0.0,0.0
72428U,上櫃,0.0,0.0,0.0
72429U,上櫃,0.0,0.0,0.0
72430U,上櫃,0.0,0.0,0.0
72431U,上櫃,0.0,0.0,0.0
72432U,上櫃,0.0,0.0,0.0
72433U,上櫃,0.0,0.0,0.0
72434U,上櫃,0.75,0.75,5.0
72435U,上櫃,0.0,0.0,0.0
72436U,上櫃,0.48,0.48,5.0
724372,上櫃,0.0,0.0,0.0
724373,上櫃,0.0,0.0,0.0
724374,上櫃,0.0,0.0,0.0
72437U,上櫃,0.0,0.0,0.0
72438U,上櫃,0.0,0.0,0.0
72439U,上櫃,0.0,0.0,0.0
72440U,上櫃,0.0,0.0,0.0
72441U,上櫃,0.41,0.41,49.0
72442U,上櫃,0.0,0.0,0.0
724431,上櫃,0.0,0.0,0.0
724436,上櫃,0.0,0.0,0.0
72443U,上櫃,0.0,0.0,0.0
72444U,上櫃,0.0,0.0,0.0
72445U,上櫃,0.0,0.0,0.0
72446U,上櫃,0.15,0.15,1.0
724478,上櫃,0.0,0.0,0.0
72447U,上櫃,0.0,0.0,0.0
724481,上櫃,0.0,0.0,0.0
72448U,上櫃,0.0,0.0,0.0
72449U,上櫃,0.0,0.0,0.0
72450U,上櫃,0.0,0.0,0.0
72451U,上櫃,0.0,0.0,0.0
72452U,上櫃,0.0,0.0,0.0
72453U,上櫃,0.0,0.0,0.0
72454U,上櫃,0.0,0.0,0.0
72455U,上櫃,0.0,0.0,0.0
72456U,上櫃,0.0,0.0,0.0
72457U,上櫃,0.0,0.0,0.0
72458U,上櫃,0.0,0.0,0.0
72460U,上櫃,0.0,0.0,0.0
72461U,上櫃,0.0,0.0,0.0
72462U,上櫃,0.0,0.0,0.0
72464U,上櫃,0.0,0.0,0.0
72465U,上櫃,1.41,1.41,15.0
724668,上櫃,6.95,7.1,39.0
724669,上櫃,5.2,5.2,3.0
72466U,上櫃,0.0,0.0,0.0
724670,上櫃,0.0,0.0,0.0
72467U,上櫃,0.0,0.0,0.0
72468U,上櫃,0.0,0.0,0.0
72469U,上櫃,0.0,0.0,0.0
72470U,上櫃,0.0,0.0,0.0
72471U,上櫃,0.0,0.0,0.0
72472U,上櫃,0.0,0.0,0.0
72473U,上櫃,0.0,0.0,0.0
72474U,上櫃,0.0,0.0,0.0
724756,上櫃,0.0,0.0,0.0
72475U,上櫃,0.0,0.0,0.0
72476U,上櫃,0.0,0.0,0.0
72477U,上櫃,0.0,0.0,0.0
72478U,上櫃,0.0,0.0,0.0
72479U,上櫃,0.0,0.0,0.0
72480U,上櫃,1.61,1.61,10.0
72481U,上櫃,0.0,0.0,0.0
72482U,上櫃,0.76,0.67,87.0
724830,上櫃,0.0,0.0,0.0
72483U,上櫃,0.0,0.0,0.0
72484U,上櫃,0.0,0.0,0.0
72485U,上櫃,0.1,0.1,6.0
72486U,上櫃,0.0,0.0,0.0
72487U,上櫃,0.0,0.0,0.0
72488U,上櫃,0.0,0.0,0.0
72489U,上櫃,0.0,0.0,0.0
72490U,上櫃,0.0,0.0,0.0
72491U,上櫃,0.0,0.0,0.0
72492U,上櫃,1.01,1.02,2.0
72493U,上櫃,0.14,0.15,150.0
72494U,上櫃,0.0,0.0,0.0
72495U,上櫃,0.0,0.0,0.0
72496U,上櫃,0.0,0.0,0.0
724978,上櫃,0.0,0.0,0.0
724979,上櫃,0.17,0.17,1.0
72497U,上櫃,0.0,0.0,0.0
724983,上櫃,0.0,0.0,0.0
72498U,上櫃,0.0,0.0,0.0
72499U,上櫃,0.0,0.0,0.0
72500U,上櫃,0.0,0.0,0.0
72501U,上櫃,0.0,0.0,0.0
72502U,上櫃,0.01,0.01,6.0
72503U,上櫃,0.0,0.0,0.0
725044,上櫃,12.0,12.0,4.0
725045,上櫃,0.17,0.16,53.0
725048,上櫃,0.11,0.11,10.0
72504U,上櫃,0.01,0.01,11.0
72505U,上櫃,0.0,0.0,0.0
72506U,上櫃,0.69,0.67,678.0
72507U,上櫃,0.0,0.0,0.0
72508U,上櫃,0.0,0.0,0.0
72509U,上櫃,0.0,0.0,0.0
72510U,上櫃,0.0,0.0,0.0
72511U,上櫃,0.0,0.0,0.0
725128,上櫃,0.0,0.0,0.0
725129,上櫃,0.0,0.0,0.0
72512U,上櫃,0.0,0.0,0.0
725135,上櫃,0.0,0.0,0.0
72513U,上櫃,0.97,0.89,205.0
72514U,上櫃,0.0,0.0,0.0
72515U,上櫃,0.0,0.0,0.0
72516U,上櫃,0.0,0.0,0.0
72517U,上櫃,0.0,0.0,0.0
72518U,上櫃,0.0,0.0,0.0
72519U,上櫃,0.0,0.0,0.0
72520U,上櫃,0.0,0.0,0.0
72521U,上櫃,0.0,0.0,0.0
72522U,上櫃,0.0,0.0,0.0
72523U,上櫃,0.0,0.0,0.0
72524U,上櫃,0.0,0.0,0.0
72525U,上櫃,0.33,0.33,80.0
72526U,上櫃,0.1,0.1,34.0
725287,上櫃,0.0,0.0,0.0
725288,上櫃,0.0,0.0,0.0
72528U,上櫃,0.0,0.0,0.0
72529U,上櫃,0.0,0.0,0.0
72530U,上櫃,0.0,0.0,0.0
72531U,上櫃,0.0,0.0,0.0
72532U,上櫃,0.0,0.0,0.0
725333,上櫃,0.0,0.0,0.0
72533U,上櫃,0.0,0.0,0.0
72534U,上櫃,0.01,0.02,110.0
72535U,上櫃,0.05,0.05,1136.0
72536U,上櫃,0.0,0.0,0.0
72537U,上櫃,0.0,0.0,0.0
72538U,上櫃,0.0,0.0,0.0
72539U,上櫃,0.0,0.0,0.0
72540U,上櫃,0.0,0.0,0.0
725411,上櫃,0.0,0.0,0.0
72541U,上櫃,0.0,0.0,0.0
72542U,上櫃,0.0,0.0,0.0
72543U,上櫃,0.0,0.0,0.0
725440,上櫃,0.0,0.0,0.0
72544U,上櫃,0.0,0.0,0.0
72545U,上櫃,0.0,0.0,0.0
72546U,上櫃,0.0,0.0,0.0
72547U,上櫃,0.0,0.0,0.0
72548U,上櫃,1.15,1.15,3.0
72549U,上櫃,1.0,0.88,45.0
72550U,上櫃,0.0,0.0,0.0
72551U,上櫃,0.0,0.0,0.0
72552U,上櫃,0.0,0.0,0.0
72553U,上櫃,0.0,0.0,0.0
725541,上櫃,0.0,0.0,0.0
725542,上櫃,0.19,0.29,2.0
72554U,上櫃,0.0,0.0,0.0
72555U,上櫃,0.0,0.0,0.0
72556U,上櫃,0.0,0.0,0.0
72557U,上櫃,0.0,0.0,0.0
72558U,上櫃,0.0,0.0,0.0
72559U,上櫃,0.0,0.0,0.0
72560U,上櫃,0.0,0.0,0.0
72561U,上櫃,0.0,0.0,0.0
72562U,上櫃,0.0,0.0,0.0
725631,上櫃,0.0,0.0,0.0
725632,上櫃,0.0,0.0,0.0
725634,上櫃,0.0,0.0,0.0
72563U,上櫃,0.0,0.0,0.0
72564U,上櫃,0.0,0.0,0.0
72565U,上櫃,0.0,0.0,0.0
72566U,上櫃,0.0,0.0,0.0
72567U,上櫃,0.0,0.0,0.0
72568U,上櫃,0.0,0.0,0.0
72569U,上櫃,0.0,0.0,0.0
72570U,上櫃,1.37,1.24,13.0
725711,上櫃,0.0,0.0,0.0
72571U,上櫃,0.0,0.0,0.0
72572U,上櫃,0.14,0.14,50.0
72573U,上櫃,0.0,0.0,0.0
725744,上櫃,0.0,0.0,0.0
72574U,上櫃,0.0,0.0,0.0
72575U,上櫃,0.0,0.0,0.0
72576U,上櫃,0.0,0.0,0.0
72577U,上櫃,0.41,0.4,62.0
72578U,上櫃,0.11,0.11,44.0
72579U,上櫃,0.0,0.0,0.0
725803,上櫃,0.0,0.0,0.0
725804,上櫃,0.0,0.0,0.0
72580U,上櫃,0.0,0.0,0.0
72581U,上櫃,0.0,0.0,0.0
72583U,上櫃,0.0,0.0,0.0
72584U,上櫃,0.0,0.0,0.0
72585U,上櫃,0.0,0.0,0.0
72586U,上櫃,0.0,0.0,0.0
72587U,上櫃,0.0,0.0,0.0
725881,上櫃,0.17,0.16,11.0
72588U,上櫃,0.0,0.0,0.0
72589U,上櫃,0.51,0.49,275.0
72590U,上櫃,0.0,0.0,0.0
72591U,上櫃,0.0,0.0,0.0
725924,上櫃,0.0,0.0,0.0
72592U,上櫃,0.5,0.5,30.0
72593U,上櫃,2.24,2.28,14.0
72596U,上櫃,0.22,0.22,1.0
72597U,上櫃,0.12,0.02,586.0
72598U,上櫃,0.0,0.0,0.0
72599U,上櫃,0.0,0.0,0.0
72600U,上櫃,0.03,0.04,196.0
72601U,上櫃,0.03,0.09,2.0
72602U,上櫃,0.72,0.66,205.0
726037,上櫃,0.0,0.0,0.0
72603U,上櫃,0.0,0.0,0.0
72604U,上櫃,0.0,0.0,0.0
72605U,上櫃,0.0,0.0,0.0
72606U,上櫃,0.07,0.06,260.0
726070,上櫃,0.47,0.47,1.0
726078,上櫃,0.0,0.0,0.0
72607U,上櫃,0.54,0.54,200.0
72608U,上櫃,0.47,0.44,132.0
72609U,上櫃,0.48,0.48,50.0
72610U,上櫃,0.88,0.88,4.0
726119,上櫃,0.0,0.0,0.0
72611U,上櫃,0.0,0.0,0.0
72612U,上櫃,0.0,0.0,0.0
72613U,上櫃,0.0,0.0,0.0
72614U,上櫃,0.2,0.19,40.0
72615U,上櫃,0.08,0.08,5.0
72616U,上櫃,0.0,0.0,0.0
72617U,上櫃,0.42,0.44,70.0
72618U,上櫃,0.0,0.0,0.0
726194,上櫃,0.0,0.0,0.0
72619U,上櫃,0.0,0.0,0.0
72620U,上櫃,0.0,0.0,0.0
72621U,上櫃,0.84,0.84,31.0
72622U,上櫃,0.33,0.32,40.0
72623U,上櫃,0.0,0.0,0.0
72624U,上櫃,0.0,0.0,0.0
72625U,上櫃,0.09,0.09,50.0
72626U,上櫃,1.2,1.2,10.0
72627U,上櫃,1.3,1.14,33.0
72628U,上櫃,0.0,0.0,0.0
72629U,上櫃,0.8,0.79,129.0
72630U,上櫃,0.0,0.0,0.0
72631U,上櫃,0.44,0.44,8.0
72632U,上櫃,0.08,0.07,604.0
72633U,上櫃,0.19,0.23,3.0
72634U,上櫃,0.0,0.0,0.0
72635U,上櫃,0.0,0.0,0.0
726360,上櫃,0.0,0.0,0.0
72636U,上櫃,0.0,0.0,0.0
72637U,上櫃,0.0,0.0,0.0
72638U,上櫃,0.0,0.0,0.0
72639U,上櫃,0.0,0.0,0.0
726408,上櫃,0.0,0.0,0.0
72640U,上櫃,0.0,0.0,0.0
72641U,上櫃,0.73,0.73,10.0
72642U,上櫃,0.0,0.0,0.0
72643U,上櫃,0.0,0.0,0.0
72644U,上櫃,1.83,1.77,563.0
72645U,上櫃,0.84,0.84,1.0
72646U,上櫃,1.81,0.68,15.0
72647U,上櫃,0.0,0.0,0.0
72648U,上櫃,0.0,0.0,0.0
72649U,上櫃,0.0,0.0,0.0
72650U,上櫃,0.0,0.0,0.0
72651U,上櫃,0.5,0.5,2.0
72652U,上櫃,0.0,0.0,0.0
72653U,上櫃,0.0,0.0,0.0
72654U,上櫃,0.0,0.0,0.0
726555,上櫃,0.0,0.0,0.0
72655U,上櫃,0.34,0.34,29.0
726560,上櫃,0.0,0.0,0.0
726561,上櫃,0.1,0.1,1.0
72656U,上櫃,0.66,0.66,1118.0
72657U,上櫃,0.0,0.0,0.0
72658U,上櫃,0.11,0.13,33.0
72659U,上櫃,0.0,0.0,0.0
72660U,上櫃,0.0,0.0,0.0
726612,上櫃,0.0,0.0,0.0
72661U,上櫃,0.0,0.0,0.0
72662U,上櫃,0.15,0.15,250.0
72663U,上櫃,0.04,0.04,19.0
72664U,上櫃,0.0,0.0,0.0
72665U,上櫃,0.21,0.22,258.0
72666U,上櫃,1.28,0.99,26.0
726676,上櫃,1.91,2.0,40.0
72667U,上櫃,1.28,1.28,25.0
72668U,上櫃,0.0,0.0,0.0
72669U,上櫃,0.4,0.4,51.0
72670U,上櫃,1.07,0.98,257.0
72671U,上櫃,0.0,0.0,0.0
72672U,上櫃,0.02,0.02,29.0
72673U,上櫃,0.0,0.0,0.0
72674U,上櫃,0.15,0.12,100.0
72675U,上櫃,0.0,0.0,0.0
72676U,上櫃,0.0,0.0,0.0
72677U,上櫃,0.0,0.0,0.0
72678U,上櫃,0.0,0.0,0.0
72679U,上櫃,0.0,0.0,0.0
72680U,上櫃,1.81,1.81,1.0
72681U,上櫃,1.18,1.23,11.0
72682U,上櫃,0.0,0.0,0.0
72683U,上櫃,0.0,0.0,0.0
72684U,上櫃,0.13,0.11,116.0
72685U,上櫃,0.81,0.81,28.0
72686U,上櫃,1.0,1.0,1.0
72687U,上櫃,0.06,0.07,1751.0
72688U,上櫃,0.25,0.25,5.0
72689U,上櫃,0.28,0.23,1487.0
72690U,上櫃,0.0,0.0,0.0
72691U,上櫃,0.42,0.44,338.0
726924,上櫃,0.0,0.0,0.0
726925,上櫃,0.19,0.19,30.0
726926,上櫃,0.0,0.0,0.0
726927,上櫃,0.19,0.19,10.0
72692U,上櫃,0.44,0.43,125.0
72693U,上櫃,0.61,0.61,3.0
72694U,上櫃,0.0,0.0,0.0
72695U,上櫃,0.0,0.0,0.0
72696U,上櫃,0.15,0.15,10.0
72697U,上櫃,0.0,0.0,0.0
72698U,上櫃,0.0,0.0,0.0
726991,上櫃,0.0,0.0,0.0
72699U,上櫃,0.27,0.26,104.0
72700U,上櫃,0.0,0.0,0.0
72701U,上櫃,0.0,0.0,0.0
72702U,上櫃,0.75,0.78,94.0
72703U,上櫃,1.93,1.72,27.0
72704U,上櫃,0.0,0.0,0.0
72705U,上櫃,0.0,0.0,0.0
72706U,上櫃,1.08,1.06,20.0
72707U,上櫃,0.45,0.44,53.0
72708U,上櫃,0.1,0.11,107.0
727095,上櫃,0.0,0.0,0.0
72709U,上櫃,0.79,0.79,1.0
72710U,上櫃,0.0,0.0,0.0
72711U,上櫃,3.28,3.28,6.0
72712U,上櫃,0.0,0.0,0.0
72713U,上櫃,3.19,3.19,65.0
72714U,上櫃,1.39,1.38,5.0
72715U,上櫃,0.0,0.0,0.0
72716U,上櫃,0.0,0.0,0.0
72717U,上櫃,0.33,0.33,54.0
72718U,上櫃,1.0,0.97,52.0
72719U,上櫃,0.28,0.27,80.0
72720U,上櫃,0.88,0.76,695.0
72721U,上櫃,0.0,0.0,0.0
72722U,上櫃,0.0,0.0,0.0
72723U,上櫃,0.53,0.52,286.0
72724U,上櫃,0.51,0.5,185.0
72725U,上櫃,0.04,0.05,97.0
72726U,上櫃,0.53,0.62,894.0
72727U,上櫃,2.89,0.3,11.0
72728U,上櫃,0.0,0.0,0.0
72729U,上櫃,0.8,0.78,55.0
72730U,上櫃,0.25,0.2,828.0
72731U,上櫃,0.91,0.93,15.0
72732U,上櫃,0.27,0.27,477.0
72733U,上櫃,0.31,0.37,1981.0
72734U,上櫃,0.0,0.0,0.0
72735U,上櫃,2.43,2.46,4.0
72736U,上櫃,0.0,0.0,0.0
72737U,上櫃,3.6,3.52,6.0
72738U,上櫃,0.0,0.0,0.0
72739U,上櫃,0.0,0.0,0.0
727402,上櫃,0.0,0.0,0.0
727403,上櫃,0.0,0.0,0.0
727404,上櫃,1.32,1.32,11.0
727405,上櫃,0.0,0.0,0.0
72740U,上櫃,1.25,1.2,20.0
72741U,上櫃,1.38,1.37,131.0
72742U,上櫃,1.35,1.3,289.0
72743U,上櫃,0.88,0.87,17.0
72744U,上櫃,0.92,0.8,75.0
727457,上櫃,0.0,0.0,0.0
727458,上櫃,0.0,0.0,0.0
727459,上櫃,0.0,0.0,0.0
72745U,上櫃,0.96,0.96,10.0
727460,上櫃,0.0,0.0,0.0
72746U,上櫃,2.04,1.94,40.0
72747U,上櫃,0.0,0.0,0.0
72748U,上櫃,1.68,1.67,7.0
72749U,上櫃,0.0,0.0,0.0
72750U,上櫃,0.0,0.0,0.0
72751U,上櫃,1.2,1.07,57.0
72752U,上櫃,0.33,0.33,816.0
727536,上櫃,0.18,0.18,1.0
72753U,上櫃,0.89,0.89,150.0
72754U,上櫃,0.0,0.0,0.0
72755U,上櫃,2.86,2.71,8.0
72756U,上櫃,0.0,0.0,0.0
72757U,上櫃,0.5,0.5,42.0
72758U,上櫃,0.0,0.0,0.0
72759U,上櫃,0.0,0.0,0.0
72760U,上櫃,0.46,0.46,307.0
727613,上櫃,0.0,0.0,0.0
72761U,上櫃,0.0,0.0,0.0
72762U,上櫃,0.31,0.31,10.0
72763U,上櫃,0.0,0.0,0.0
72764U,上櫃,0.43,0.43,3.0
72765U,上櫃,0.0,0.0,0.0
727664,上櫃,0.0,0.0,0.0
727665,上櫃,0.0,0.0,0.0
72766U,上櫃,1.14,1.14,3.0
72767U,上櫃,0.76,0.76,5.0
72768U,上櫃,0.0,0.0,0.0
72769U,上櫃,0.68,0.68,20.0
72770U,上櫃,0.0,0.0,0.0
72771U,上櫃,0.78,0.78,437.0
72772U,上櫃,0.69,0.7,77.0
72773U,上櫃,0.0,0.0,0.0
72774U,上櫃,0.79,0.8,42.0
72775U,上櫃,0.0,0.0,0.0
727760,上櫃,0.0,0.0,0.0
72776U,上櫃,0.65,0.65,44.0
72777U,上櫃,1.98,1.85,20.0
72778U,上櫃,0.7,0.7,263.0
72779U,上櫃,1.54,1.52,239.0
72780U,上櫃,0.48,0.38,639.0
72781U,上櫃,0.0,0.0,0.0
72782U,上櫃,1.24,1.24,180.0
727836,上櫃,0.0,0.0,0.0
72783U,上櫃,0.87,0.85,8.0
72784U,上櫃,0.0,0.0,0.0
72785U,上櫃,0.28,0.26,1073.0
727869,上櫃,0.0,0.0,0.0
72786U,上櫃,1.15,1.15,67.0
727870,上櫃,0.0,0.0,0.0
72787U,上櫃,1.02,1.09,75.0
72788U,上櫃,0.0,0.0,0.0
72789U,上櫃,0.0,0.0,0.0
72790U,上櫃,1.42,1.42,15.0
72791U,上櫃,0.0,0.0,0.0
72792U,上櫃,1.88,1.86,7.0
727930,上櫃,3.61,3.61,10.0
72793U,上櫃,1.1,1.1,10.0
72794U,上櫃,1.93,1.84,10.0
72795U,上櫃,0.0,0.0,0.0
72796U,上櫃,0.0,0.0,0.0
72797U,上櫃,0.0,0.0,0.0
72798U,上櫃,0.57,0.57,6.0
72799U,上櫃,1.18,1.18,3.0
728002,上櫃,0.02,0.02,20.0
728003,上櫃,0.12,0.12,252.0
728004,上櫃,0.0,0.0,0.0
728005,上櫃,0.0,0.0,0.0
72800U,上櫃,0.98,0.98,15.0
72801U,上櫃,0.92,0.92,5.0
72802U,上櫃,1.08,1.03,151.0
72803U,上櫃,0.0,0.0,0.0
728047,上櫃,0.0,0.0,0.0
72804U,上櫃,1.36,1.28,90.0
728051,上櫃,0.02,0.02,32.0
72805U,上櫃,1.69,1.69,5.0
72806U,上櫃,1.85,1.85,5.0
72807U,上櫃,2.6,2.57,14.0
728086,上櫃,0.0,0.0,0.0
728088,上櫃,0.0,0.0,0.0
72808U,上櫃,0.0,0.0,0.0
72809U,上櫃,0.79,0.79,20.0
72810U,上櫃,0.0,0.0,0.0
72811U,上櫃,0.29,0.29,80.0
72812U,上櫃,2.23,2.23,1.0
72813U,上櫃,1.44,1.43,30.0
72814U,上櫃,0.98,0.98,10.0
72815U,上櫃,1.61,1.59,61.0
72816U,上櫃,0.0,0.0,0.0
728171,上櫃,0.37,0.37,11.0
728172,上櫃,0.0,0.0,0.0
728176,上櫃,0.25,0.25,1.0
72817U,上櫃,0.0,0.0,0.0
72818U,上櫃,0.76,0.78,5.0
72819U,上櫃,1.59,1.59,2.0
72820U,上櫃,0.0,0.0,0.0
72821U,上櫃,2.12,1.83,609.0
72822U,上櫃,1.37,1.33,480.0
72823U,上櫃,0.25,0.24,971.0
72824U,上櫃,0.95,0.94,60.0
72825U,上櫃,0.64,0.64,3.0
728264,上櫃,0.0,0.0,0.0
72826U,上櫃,0.0,0.0,0.0
728271,上櫃,0.0,0.0,0.0
72827U,上櫃,1.04,1.04,7.0
72828U,上櫃,0.0,0.0,0.0
72829U,上櫃,0.99,0.99,4.0
72830U,上櫃,0.0,0.0,0.0
72831U,上櫃,0.92,0.93,23.0
728323,上櫃,0.0,0.0,0.0
728324,上櫃,0.0,0.0,0.0
728325,上櫃,0.0,0.0,0.0
72832U,上櫃,0.0,0.0,0.0
72833U,上櫃,1.37,1.41,182.0
72834U,上櫃,0.47,0.48,262.0
72835U,上櫃,0.0,0.0,0.0
72836U,上櫃,0.0,0.0,0.0
72837U,上櫃,0.0,0.0,0.0
72838U,上櫃,0.0,0.0,0.0
728392,上櫃,0.1,0.1,1.0
728394,上櫃,0.0,0.0,0.0
728395,上櫃,0.0,0.0,0.0
728396,上櫃,0.0,0.0,0.0
72839U,上櫃,0.0,0.0,0.0
728402,上櫃,0.0,0.0,0.0
728403,上櫃,0.07,0.07,35.0
728404,上櫃,0.0,0.0,0.0
72840U,上櫃,0.0,0.0,0.0
728411,上櫃,0.0,0.0,0.0
72841U,上櫃,1.35,1.35,8.0
728420,上櫃,0.0,0.0,0.0
72842U,上櫃,0.0,0.0,0.0
72843U,上櫃,0.0,0.0,0.0
72844U,上櫃,0.0,0.0,0.0
72845U,上櫃,1.22,1.17,20.0
72846U,上櫃,0.0,0.0,0.0
72847U,上櫃,0.0,0.0,0.0
72848U,上櫃,0.0,0.0,0.0
72849U,上櫃,0.0,0.0,0.0
72850U,上櫃,0.0,0.0,0.0
728516,上櫃,0.13,0.13,5.0
728519,上櫃,0.0,0.0,0.0
728520,上櫃,0.0,0.0,0.0
728523,上櫃,0.0,0.0,0.0
728595,上櫃,0.0,0.0,0.0
728657,上櫃,2.6,2.69,31.0
728658,上櫃,0.0,0.0,0.0
728660,上櫃,0.0,0.0,0.0
728663,上櫃,0.0,0.0,0.0
728666,上櫃,0.0,0.0,0.0
728667,上櫃,0.0,0.0,0.0
728753,上櫃,0.0,0.0,0.0
728755,上櫃,0.0,0.0,0.0
728758,上櫃,0.0,0.0,0.0
728764,上櫃,0.0,0.0,0.0
728765,上櫃,0.0,0.0,0.0
728766,上櫃,0.0,0.0,0.0
728767,上櫃,0.24,0.24,5.0
728768,上櫃,0.2,0.26,152.0
728774,上櫃,0.0,0.0,0.0
728853,上櫃,0.4,0.43,67.0
728860,上櫃,0.0,0.0,0.0
728920,上櫃,2.33,2.31,220.0
728963,上櫃,3.25,3.3,15.0
728965,上櫃,0.0,0.0,0.0
728966,上櫃,0.0,0.0,0.0
728967,上櫃,0.0,0.0,0.0
729010,上櫃,0.0,0.0,0.0
729028,上櫃,0.0,0.0,0.0
729031,上櫃,0.0,0.0,0.0
729069,上櫃,0.0,0.0,0.0
729170,上櫃,0.34,0.37,6.0
729171,上櫃,0.23,0.22,127.0
729172,上櫃,0.25,0.25,10.0
729174,上櫃,0.0,0.0,0.0
729177,上櫃,0.0,0.0,0.0
729178,上櫃,0.41,0.41,1.0
729181,上櫃,0.0,0.0,0.0
729185,上櫃,0.0,0.0,0.0
729186,上櫃,1.76,1.72,89.0
729187,上櫃,1.73,1.81,7.0
729313,上櫃,0.0,0.0,0.0
729314,上櫃,0.0,0.0,0.0
729411,上櫃,0.0,0.0,0.0
729413,上櫃,0.0,0.0,0.0
729426,上櫃,0.0,0.0,0.0
729489,上櫃,0.0,0.0,0.0
729499,上櫃,0.0,0.0,0.0
729528,上櫃,0.34,0.38,110.0
729530,上櫃,0.0,0.0,0.0
729531,上櫃,0.0,0.0,0.0
729532,上櫃,0.0,0.0,0.0
729534,上櫃,0.08,0.08,3.0
729535,上櫃,0.0,0.0,0.0
729536,上櫃,0.69,0.69,30.0
729625,上櫃,1.39,1.4,131.0
729629,上櫃,0.0,0.0,0.0
729701,上櫃,0.0,0.0,0.0
729711,上櫃,0.0,0.0,0.0
729714,上櫃,0.0,0.0,0.0
729791,上櫃,0.0,0.0,0.0
729794,上櫃,0.0,0.0,0.0
729799,上櫃,0.56,0.56,15.0
729803,上櫃,0.0,0.0,0.0
729804,上櫃,0.0,0.0,0.0
729807,上櫃,0.0,0.0,0.0
729808,上櫃,0.0,0.0,0.0
729872,上櫃,0.1,0.1,2.0
729879,上櫃,0.0,0.0,0.0
729884,上櫃,0.0,0.0,0.0
729887,上櫃,0.0,0.0,0.0
729890,上櫃,0.0,0.0,0.0
729895,上櫃,0.0,0.0,0.0
729960,上櫃,0.0,0.0,0.0
729961,上櫃,0.0,0.0,0.0
729963,上櫃,0.0,0.0,0.0
729964,上櫃,0.0,0.0,0.0
729966,上櫃,0.42,0.42,13.0
729967,上櫃,0.37,0.37,2.0
729971,上櫃,0.0,0.0,0.0
729973,上櫃,0.12,0.12,8.0
729974,上櫃,0.0,0.0,0.0
730041,上櫃,0.0,0.0,0.0
730046,上櫃,3.65,3.65,30.0
730048,上櫃,0.15,0.15,50.0
730051,上櫃,0.0,0.0,0.0
730052,上櫃,0.0,0.0,0.0
730057,上櫃,0.0,0.0,0.0
730135,上櫃,0.0,0.0,0.0
730139,上櫃,0.0,0.0,0.0
730146,上櫃,0.27,0.27,20.0
730152,上櫃,0.0,0.0,0.0
730153,上櫃,0.0,0.0,0.0
730154,上櫃,0.0,0.0,0.0
730155,上櫃,0.0,0.0,0.0
730157,上櫃,0.15,0.15,7.0
730160,上櫃,0.0,0.0,0.0
730161,上櫃,0.32,0.34,115.0
730235,上櫃,0.0,0.0,0.0
730238,上櫃,9.5,9.6,22.0
730240,上櫃,0.0,0.0,0.0
730242,上櫃,0.0,0.0,0.0
730244,上櫃,0.0,0.0,0.0
730307,上櫃,0.0,0.0,0.0
730310,上櫃,0.0,0.0,0.0
730316,上櫃,0.0,0.0,0.0
730317,上櫃,0.0,0.0,0.0
730398,上櫃,0.0,0.0,0.0
730399,上櫃,0.08,0.08,160.0
730400,上櫃,0.0,0.0,0.0
730401,上櫃,0.0,0.0,0.0
730402,上櫃,0.0,0.0,0.0
730403,上櫃,0.0,0.0,0.0
730407,上櫃,0.0,0.0,0.0
730492,上櫃,0.0,0.0,0.0
730493,上櫃,4.8,5.15,13.0
730529,上櫃,0.0,0.0,0.0
730542,上櫃,0.0,0.0,0.0
730543,上櫃,0.0,0.0,0.0
730635,上櫃,0.55,0.48,2002.0
730636,上櫃,2.0,2.21,6.0
730681,上櫃,0.0,0.0,0.0
730722,上櫃,0.19,0.19,18.0
730732,上櫃,0.0,0.0,0.0
730733,上櫃,0.1,0.1,30.0
730735,上櫃,0.0,0.0,0.0
730737,上櫃,0.0,0.0,0.0
730804,上櫃,0.0,0.0,0.0
730913,上櫃,0.0,0.0,0.0
730922,上櫃,6.55,6.55,3.0
730926,上櫃,0.0,0.0,0.0
731007,上櫃,0.0,0.0,0.0
731063,上櫃,0.0,0.0,0.0
731082,上櫃,0.0,0.0,0.0
731093,上櫃,0.0,0.0,0.0
731095,上櫃,0.0,0.0,0.0
731162,上櫃,0.0,0.0,0.0
731168,上櫃,0.0,0.0,0.0
731240,上櫃,0.0,0.0,0.0
731248,上櫃,0.0,0.0,0.0
731257,上櫃,0.0,0.0,0.0
731261,上櫃,0.0,0.0,0.0
731262,上櫃,0.0,0.0,0.0
731263,上櫃,2.78,2.95,38.0
731264,上櫃,0.0,0.0,0.0
731265,上櫃,0.0,0.0,0.0
731277,上櫃,0.0,0.0,0.0
731332,上櫃,0.22,0.22,5.0
731336,上櫃,2.52,2.52,3.0
731389,上櫃,0.11,0.11,100.0
731393,上櫃,0.0,0.0,0.0
731395,上櫃,1.85,1.85,1.0
731492,上櫃,0.0,0.0,0.0
731493,上櫃,0.0,0.0,0.0
731495,上櫃,0.17,0.17,96.0
731496,上櫃,0.0,0.0,0.0
731499,上櫃,1.69,1.69,15.0
731554,上櫃,0.0,0.0,0.0
731555,上櫃,0.0,0.0,0.0
731583,上櫃,5.95,6.05,38.0
731584,上櫃,8.95,9.05,74.0
731585,上櫃,0.53,0.65,244.0
731631,上櫃,0.0,0.0,0.0
731670,上櫃,0.0,0.0,0.0
731671,上櫃,0.26,0.28,78.0
731730,上櫃,1.23,1.31,599.0
731751,上櫃,8.8,8.8,1.0
731820,上櫃,0.0,0.0,0.0
731873,上櫃,0.0,0.0,0.0
731874,上櫃,0.21,0.21,3.0
731875,上櫃,0.0,0.0,0.0
731877,上櫃,0.27,0.27,3.0
731945,上櫃,0.25,0.25,5.0
731949,上櫃,0.0,0.0,0.0
732049,上櫃,0.4,0.4,10.0
732050,上櫃,0.0,0.0,0.0
732051,上櫃,0.0,0.0,0.0
732053,上櫃,1.41,1.4,92.0
732054,上櫃,1.17,1.28,39.0
732055,上櫃,0.22,0.22,100.0
732068,上櫃,0.38,0.38,99.0
732069,上櫃,0.42,0.43,24.0
732070,上櫃,0.0,0.0,0.0
732165,上櫃,0.0,0.0,0.0
732167,上櫃,0.0,0.0,0.0
732217,上櫃,0.0,0.0,0.0
732269,上櫃,0.0,0.0,0.0
732271,上櫃,0.16,0.16,80.0
732272,上櫃,0.0,0.0,0.0
732275,上櫃,0.71,0.82,149.0
732277,上櫃,0.0,0.0,0.0
732332,上櫃,0.35,0.36,106.0
732333,上櫃,0.0,0.0,0.0
732334,上櫃,0.0,0.0,0.0
732391,上櫃,0.0,0.0,0.0
732468,上櫃,0.0,0.0,0.0
732521,上櫃,1.32,1.49,8.0
732545,上櫃,0.67,0.67,148.0
732585,上櫃,0.0,0.0,0.0
732586,上櫃,0.0,0.0,0.0
732653,上櫃,0.0,0.0,0.0
732704,上櫃,0.0,0.0,0.0
732705,上櫃,0.0,0.0,0.0
732725,上櫃,0.0,0.0,0.0
732740,上櫃,10.0,10.0,3.0
732755,上櫃,0.0,0.0,0.0
732773,上櫃,0.0,0.0,0.0
732792,上櫃,0.0,0.0,0.0
732814,上櫃,0.0,0.0,0.0
732913,上櫃,0.0,0.0,0.0
732921,上櫃,0.0,0.0,0.0
732925,上櫃,0.0,0.0,0.0
732931,上櫃,0.0,0.0,0.0
732940,上櫃,0.0,0.0,0.0
732996,上櫃,0.0,0.0,0.0
733008,上櫃,0.0,0.0,0.0
733009,上櫃,0.0,0.0,0.0
733025,上櫃,0.0,0.0,0.0
733056,上櫃,0.0,0.0,0.0
733070,上櫃,0.0,0.0,0.0
733074,上櫃,0.0,0.0,0.0
733083,上櫃,0.0,0.0,0.0
733084,上櫃,1.87,1.87,2.0
733122,上櫃,0.0,0.0,0.0
733133,上櫃,0.0,0.0,0.0
733140,上櫃,0.0,0.0,0.0
733142,上櫃,0.0,0.0,0.0
733150,上櫃,0.0,0.0,0.0
733155,上櫃,0.0,0.0,0.0
733177,上櫃,11.1,11.1,3.0
733178,上櫃,0.0,0.0,0.0
733179,上櫃,0.0,0.0,0.0
733183,上櫃,18.9,19.5,6.0
733193,上櫃,0.0,0.0,0.0
733204,上櫃,0.0,0.0,0.0
733215,上櫃,0.0,0.0,0.0
733222,上櫃,0.0,0.0,0.0
733227,上櫃,0.0,0.0,0.0
733236,上櫃,0.0,0.0,0.0
733243,上櫃,0.0,0.0,0.0
733248,上櫃,0.0,0.0,0.0
733264,上櫃,0.0,0.0,0.0
733306,上櫃,0.0,0.0,0.0
733307,上櫃,0.0,0.0,0.0
733308,上櫃,0.0,0.0,0.0
733317,上櫃,0.0,0.0,0.0
733329,上櫃,0.0,0.0,0.0
733332,上櫃,0.0,0.0,0.0
733333,上櫃,0.19,0.19,20.0
733334,上櫃,0.0,0.0,0.0
733335,上櫃,0.0,0.0,0.0
733336,上櫃,0.47,0.5,101.0
733337,上櫃,0.0,0.0,0.0
733338,上櫃,0.99,1.08,6.0
733339,上櫃,0.0,0.0,0.0
733356,上櫃,0.0,0.0,0.0
733357,上櫃,0.0,0.0,0.0
733358,上櫃,0.0,0.0,0.0
733359,上櫃,0.0,0.0,0.0
733360,上櫃,0.35,0.35,20.0
733375,上櫃,1.09,1.09,2.0
733376,上櫃,0.0,0.0,0.0
733378,上櫃,0.0,0.0,0.0
733382,上櫃,0.0,0.0,0.0
733396,上櫃,0.0,0.0,0.0
733405,上櫃,0.0,0.0,0.0
733406,上櫃,0.0,0.0,0.0
733407,上櫃,0.0,0.0,0.0
733408,上櫃,0.0,0.0,0.0
733409,上櫃,0.0,0.0,0.0
733410,上櫃,0.0,0.0,0.0
733411,上櫃,0.7,0.7,21.0
733412,上櫃,0.0,0.0,0.0
733413,上櫃,0.0,0.0,0.0
733414,上櫃,0.0,0.0,0.0
733415,上櫃,0.0,0.0,0.0
733416,上櫃,0.0,0.0,0.0
733417,上櫃,0.0,0.0,0.0
733430,上櫃,0.0,0.0,0.0
733432,上櫃,0.0,0.0,0.0
733456,上櫃,0.0,0.0,0.0
733457,上櫃,0.0,0.0,0.0
733458,上櫃,0.0,0.0,0.0
733459,上櫃,0.0,0.0,0.0
733460,上櫃,0.0,0.0,0.0
733461,上櫃,0.25,0.25,1.0
733462,上櫃,0.0,0.0,0.0
733463,上櫃,0.0,0.0,0.0
733464,上櫃,0.12,0.12,1247.0
733465,上櫃,0.0,0.0,0.0
733466,上櫃,0.0,0.0,0.0
733467,上櫃,1.22,1.22,1.0
733468,上櫃,6.3,6.3,2.0
733469,上櫃,0.0,0.0,0.0
733470,上櫃,1.53,1.6,2.0
733471,上櫃,1.85,1.9,22.0
733476,上櫃,2.23,2.32,110.0
733483,上櫃,0.25,0.25,51.0
733488,上櫃,3.26,3.32,21.0
733489,上櫃,0.0,0.0,0.0
733503,上櫃,0.0,0.0,0.0
733507,上櫃,0.0,0.0,0.0
733517,上櫃,0.0,0.0,0.0
733518,上櫃,0.0,0.0,0.0
733520,上櫃,0.0,0.0,0.0
733522,上櫃,0.0,0.0,0.0
733523,上櫃,0.0,0.0,0.0
733524,上櫃,0.0,0.0,0.0
733525,上櫃,0.0,0.0,0.0
733526,上櫃,0.14,0.16,555.0
733527,上櫃,0.0,0.0,0.0
733528,上櫃,0.81,0.84,33.0
733529,上櫃,1.11,1.25,92.0
733530,上櫃,1.12,0.86,83.0
733532,上櫃,0.0,0.0,0.0
733533,上櫃,0.0,0.0,0.0
733534,上櫃,0.0,0.0,0.0
733535,上櫃,0.0,0.0,0.0
733536,上櫃,0.0,0.0,0.0
733537,上櫃,0.0,0.0,0.0
733545,上櫃,2.02,2.19,156.0
733560,上櫃,0.0,0.0,0.0
733562,上櫃,0.0,0.0,0.0
733563,上櫃,2.31,2.31,3.0
733564,上櫃,0.03,0.03,4.0
733565,上櫃,0.0,0.0,0.0
733566,上櫃,0.0,0.0,0.0
733567,上櫃,0.0,0.0,0.0
733568,上櫃,0.0,0.0,0.0
733569,上櫃,0.02,0.02,6.0
733570,上櫃,0.0,0.0,0.0
733571,上櫃,0.0,0.0,0.0
733572,上櫃,0.0,0.0,0.0
733573,上櫃,0.0,0.0,0.0
733574,上櫃,0.0,0.0,0.0
733575,上櫃,0.0,0.0,0.0
733643,上櫃,0.0,0.0,0.0
733644,上櫃,0.0,0.0,0.0
733645,上櫃,0.24,0.25,94.0
733647,上櫃,5.75,5.75,2.0
733648,上櫃,0.69,0.69,5.0
733649,上櫃,0.0,0.0,0.0
733650,上櫃,0.0,0.0,0.0
733651,上櫃,0.0,0.0,0.0
733652,上櫃,0.0,0.0,0.0
733653,上櫃,0.0,0.0,0.0
733654,上櫃,0.0,0.0,0.0
733655,上櫃,0.0,0.0,0.0
733656,上櫃,0.0,0.0,0.0
733657,上櫃,0.0,0.0,0.0
733658,上櫃,0.0,0.0,0.0
733677,上櫃,0.0,0.0,0.0
733693,上櫃,0.0,0.0,0.0
733694,上櫃,0.76,0.63,29.0
733695,上櫃,0.91,0.92,143.0
733696,上櫃,0.0,0.0,0.0
733698,上櫃,0.0,0.0,0.0
733699,上櫃,0.0,0.0,0.0
733700,上櫃,0.0,0.0,0.0
733701,上櫃,0.07,0.07,1.0
733702,上櫃,0.0,0.0,0.0
733703,上櫃,0.0,0.0,0.0
733709,上櫃,0.0,0.0,0.0
733711,上櫃,0.0,0.0,0.0
733720,上櫃,0.0,0.0,0.0
733746,上櫃,6.1,6.85,12.0
733755,上櫃,0.0,0.0,0.0
733756,上櫃,0.76,0.76,10.0
733757,上櫃,0.0,0.0,0.0
733758,上櫃,0.26,0.37,2.0
733759,上櫃,0.49,0.21,243.0
733760,上櫃,0.57,0.55,169.0
733761,上櫃,6.5,6.5,44.0
733762,上櫃,0.0,0.0,0.0
733763,上櫃,0.0,0.0,0.0
733777,上櫃,0.0,0.0,0.0
733784,上櫃,0.0,0.0,0.0
733798,上櫃,0.0,0.0,0.0
733799,上櫃,0.0,0.0,0.0
733800,上櫃,0.0,0.0,0.0
733801,上櫃,0.0,0.0,0.0
733811,上櫃,0.0,0.0,0.0
733841,上櫃,0.0,0.0,0.0
733848,上櫃,0.0,0.0,0.0
733849,上櫃,0.0,0.0,0.0
733850,上櫃,3.85,3.85,1.0
733851,上櫃,3.69,3.69,73.0
733852,上櫃,0.26,0.26,2.0
733853,上櫃,0.0,0.0,0.0
733854,上櫃,0.0,0.0,0.0
733855,上櫃,0.0,0.0,0.0
733856,上櫃,0.39,0.39,20.0
733867,上櫃,0.0,0.0,0.0
733884,上櫃,0.0,0.0,0.0
733885,上櫃,0.0,0.0,0.0
733886,上櫃,0.15,0.15,5.0
733887,上櫃,0.0,0.0,0.0
733888,上櫃,0.0,0.0,0.0
733889,上櫃,0.0,0.0,0.0
733956,上櫃,0.0,0.0,0.0
733957,上櫃,0.0,0.0,0.0
733958,上櫃,0.63,0.7,70.0
733959,上櫃,0.0,0.0,0.0
733960,上櫃,2.52,2.52,30.0
733981,上櫃,0.0,0.0,0.0
733982,上櫃,0.0,0.0,0.0
733983,上櫃,3.26,3.26,92.0
733984,上櫃,0.44,0.5,1000.0
733985,上櫃,0.43,0.43,67.0
733986,上櫃,0.0,0.0,0.0
733991,上櫃,0.05,0.05,35.0
733992,上櫃,1.2,1.26,58.0
733993,上櫃,0.07,0.07,321.0
734030,上櫃,0.0,0.0,0.0
734033,上櫃,0.0,0.0,0.0
734041,上櫃,2.06,2.25,29.0
734042,上櫃,0.0,0.0,0.0
734067,上櫃,0.0,0.0,0.0
734100,上櫃,0.31,0.35,30.0
734101,上櫃,0.23,0.22,43.0
734102,上櫃,0.0,0.0,0.0
734103,上櫃,2.07,2.1,17.0
734134,上櫃,0.58,0.58,10.0
734135,上櫃,0.07,0.07,41.0
734136,上櫃,2.49,2.49,41.0
734137,上櫃,0.0,0.0,0.0
734138,上櫃,0.0,0.0,0.0
734139,上櫃,1.41,1.55,25.0
734145,上櫃,0.0,0.0,0.0
734158,上櫃,0.0,0.0,0.0
734160,上櫃,0.0,0.0,0.0
734162,上櫃,0.88,0.97,275.0
734202,上櫃,0.14,0.14,6.0
734205,上櫃,0.0,0.0,0.0
734206,上櫃,0.0,0.0,0.0
734207,上櫃,0.0,0.0,0.0
734208,上櫃,0.0,0.0,0.0
734209,上櫃,2.2,2.24,9.0
734210,上櫃,2.3,2.3,10.0
734228,上櫃,0.8,0.9,2.0
734230,上櫃,0.13,0.12,174.0
734232,上櫃,0.0,0.0,0.0
734249,上櫃,5.7,5.7,3.0
734252,上櫃,0.0,0.0,0.0
734276,上櫃,0.0,0.0,0.0
734277,上櫃,0.0,0.0,0.0
734278,上櫃,0.0,0.0,0.0
734280,上櫃,0.0,0.0,0.0
734281,上櫃,0.0,0.0,0.0
734282,上櫃,0.0,0.0,0.0
734283,上櫃,0.0,0.0,0.0
734284,上櫃,0.0,0.0,0.0
734285,上櫃,0.0,0.0,0.0
734286,上櫃,0.0,0.0,0.0
734287,上櫃,1.45,1.34,518.0
734288,上櫃,0.0,0.0,0.0
734289,上櫃,0.4,0.4,24.0
734290,上櫃,0.0,0.0,0.0
734291,上櫃,0.0,0.0,0.0
734292,上櫃,8.3,8.6,21.0
734293,上櫃,0.0,0.0,0.0
734294,上櫃,0.0,0.0,0.0
734342,上櫃,0.0,0.0,0.0
734344,上櫃,0.0,0.0,0.0
734345,上櫃,0.0,0.0,0.0
734346,上櫃,0.0,0.0,0.0
734347,上櫃,0.0,0.0,0.0
734348,上櫃,0.0,0.0,0.0
734350,上櫃,0.0,0.0,0.0
734351,上櫃,0.0,0.0,0.0
734352,上櫃,10.5,10.5,1.0
734353,上櫃,0.0,0.0,0.0
734354,上櫃,0.0,0.0,0.0
734355,上櫃,5.3,5.3,1.0
734356,上櫃,8.0,8.4,2.0
734357,上櫃,0.0,0.0,0.0
734358,上櫃,0.0,0.0,0.0
734359,上櫃,0.0,0.0,0.0
734360,上櫃,0.0,0.0,0.0
734363,上櫃,0.0,0.0,0.0
734364,上櫃,0.0,0.0,0.0
734386,上櫃,3.33,3.17,13.0
734408,上櫃,8.4,8.4,13.0
734409,上櫃,6.75,6.75,1.0
734410,上櫃,0.0,0.0,0.0
734411,上櫃,0.0,0.0,0.0
734412,上櫃,0.28,0.28,30.0
734413,上櫃,0.0,0.0,0.0
734414,上櫃,6.5,6.5,1.0
734415,上櫃,0.36,0.42,524.0
734416,上櫃,0.0,0.0,0.0
734417,上櫃,0.0,0.0,0.0
734424,上櫃,0.0,0.0,0.0
734429,上櫃,0.06,0.06,20.0
734437,上櫃,0.0,0.0,0.0
734445,上櫃,0.0,0.0,0.0
734455,上櫃,0.0,0.0,0.0
734463,上櫃,0.0,0.0,0.0
734468,上櫃,0.0,0.0,0.0
734487,上櫃,0.0,0.0,0.0
734498,上櫃,0.0,0.0,0.0
734505,上櫃,0.0,0.0,0.0
734506,上櫃,0.0,0.0,0.0
734507,上櫃,0.0,0.0,0.0
734508,上櫃,4.56,4.56,3.0
734509,上櫃,1.61,1.61,8.0
734510,上櫃,0.0,0.0,0.0
734511,上櫃,0.0,0.0,0.0
734512,上櫃,0.32,0.33,347.0
734513,上櫃,0.47,0.47,230.0
734514,上櫃,0.38,0.38,10.0
734515,上櫃,31.5,32.4,2.0
734516,上櫃,0.0,0.0,0.0
734517,上櫃,0.0,0.0,0.0
734518,上櫃,0.0,0.0,0.0
734519,上櫃,2.61,2.61,10.0
734520,上櫃,0.75,0.74,61.0
734521,上櫃,0.0,0.0,0.0
734522,上櫃,0.0,0.0,0.0
734523,上櫃,1.01,1.01,50.0
734524,上櫃,0.0,0.0,0.0
734525,上櫃,0.3,0.3,15.0
734526,上櫃,0.0,0.0,0.0
734534,上櫃,0.0,0.0,0.0
734535,上櫃,0.0,0.0,0.0
734543,上櫃,0.0,0.0,0.0
734563,上櫃,0.0,0.0,0.0
734574,上櫃,1.54,1.59,60.0
734591,上櫃,0.0,0.0,0.0
734595,上櫃,0.0,0.0,0.0
734605,上櫃,6.75,6.95,50.0
734606,上櫃,3.11,3.15,6.0
734607,上櫃,0.0,0.0,0.0
734608,上櫃,0.0,0.0,0.0
734609,上櫃,0.0,0.0,0.0
734610,上櫃,5.5,5.5,53.0
734611,上櫃,0.0,0.0,0.0
734612,上櫃,0.54,0.66,7.0
734613,上櫃,0.29,0.35,336.0
734614,上櫃,0.0,0.0,0.0
734615,上櫃,0.0,0.0,0.0
734616,上櫃,0.0,0.0,0.0
734617,上櫃,0.0,0.0,0.0
734618,上櫃,0.0,0.0,0.0
734619,上櫃,0.98,0.98,9.0
734620,上櫃,0.0,0.0,0.0
734621,上櫃,2.46,3.01,263.0
734628,上櫃,0.0,0.0,0.0
734631,上櫃,0.0,0.0,0.0
734638,上櫃,0.12,0.12,267.0
734639,上櫃,0.0,0.0,0.0
734706,上櫃,0.0,0.0,0.0
734707,上櫃,0.0,0.0,0.0
734708,上櫃,0.0,0.0,0.0
734709,上櫃,0.31,0.31,75.0
734710,上櫃,0.64,0.68,130.0
734743,上櫃,0.0,0.0,0.0
734745,上櫃,0.0,0.0,0.0
734747,上櫃,0.0,0.0,0.0
734780,上櫃,0.39,0.39,102.0
734781,上櫃,0.12,0.11,5.0
734782,上櫃,0.0,0.0,0.0
734783,上櫃,2.4,2.4,2.0
734784,上櫃,0.0,0.0,0.0
734785,上櫃,2.35,2.36,6.0
734786,上櫃,0.3,0.33,392.0
734787,上櫃,0.42,0.48,310.0
734791,上櫃,5.9,5.9,1.0
734805,上櫃,0.7,0.69,495.0
734807,上櫃,0.0,0.0,0.0
734857,上櫃,0.53,0.59,274.0
734859,上櫃,0.0,0.0,0.0
734869,上櫃,0.0,0.0,0.0
734870,上櫃,0.0,0.0,0.0
734871,上櫃,0.0,0.0,0.0
734872,上櫃,0.0,0.0,0.0
734873,上櫃,0.76,0.74,1128.0
734874,上櫃,6.4,6.4,1.0
734880,上櫃,35.0,35.0,1.0
734886,上櫃,0.0,0.0,0.0
734892,上櫃,3.13,3.13,1.0
734910,上櫃,7.4,7.4,13.0
734923,上櫃,0.0,0.0,0.0
734925,上櫃,0.0,0.0,0.0
734926,上櫃,0.0,0.0,0.0
734937,上櫃,0.0,0.0,0.0
734938,上櫃,0.68,0.66,443.0
734939,上櫃,0.12,0.14,6.0
734940,上櫃,1.05,1.05,1.0
734941,上櫃,9.7,9.7,1.0
734967,上櫃,0.0,0.0,0.0
734991,上櫃,0.0,0.0,0.0
734992,上櫃,0.0,0.0,0.0
734993,上櫃,0.0,0.0,0.0
734994,上櫃,0.59,0.55,46.0
734995,上櫃,0.0,0.0,0.0
734996,上櫃,0.0,0.0,0.0
735000,上櫃,0.0,0.0,0.0
735009,上櫃,0.0,0.0,0.0
735011,上櫃,0.0,0.0,0.0
735012,上櫃,0.0,0.0,0.0
735013,上櫃,30.2,31.9,4.0
735021,上櫃,0.0,0.0,0.0
735028,上櫃,0.0,0.0,0.0
735029,上櫃,3.16,3.36,342.0
735030,上櫃,0.0,0.0,0.0
735035,上櫃,1.87,1.99,102.0
735045,上櫃,0.0,0.0,0.0
735046,上櫃,0.0,0.0,0.0
735047,上櫃,0.32,0.35,257.0
735056,上櫃,0.0,0.0,0.0
735073,上櫃,0.0,0.0,0.0
735086,上櫃,2.44,2.44,2.0
735089,上櫃,0.0,0.0,0.0
735090,上櫃,0.0,0.0,0.0
735102,上櫃,0.0,0.0,0.0
735103,上櫃,0.0,0.0,0.0
735104,上櫃,0.0,0.0,0.0
735105,上櫃,0.27,0.28,115.0
735106,上櫃,0.0,0.0,0.0
735122,上櫃,1.2,1.2,30.0
735181,上櫃,0.05,0.08,38.0
735182,上櫃,0.1,0.13,428.0
735183,上櫃,0.0,0.0,0.0
735184,上櫃,0.0,0.0,0.0
735211,上櫃,0.0,0.0,0.0
735213,上櫃,0.0,0.0,0.0
735217,上櫃,0.0,0.0,0.0
735239,上櫃,0.0,0.0,0.0
735257,上櫃,3.07,3.24,95.0
735271,上櫃,10.2,10.2,16.0
735272,上櫃,0.0,0.0,0.0
735273,上櫃,4.18,4.46,13.0
735274,上櫃,0.0,0.0,0.0
735299,上櫃,0.0,0.0,0.0
735300,上櫃,0.0,0.0,0.0
735301,上櫃,0.0,0.0,0.0
735302,上櫃,0.52,0.53,136.0
735303,上櫃,0.0,0.0,0.0
735304,上櫃,1.02,1.03,77.0
735305,上櫃,0.0,0.0,0.0
735306,上櫃,0.84,0.91,1354.0
735307,上櫃,0.0,0.0,0.0
735312,上櫃,5.4,5.55,65.0
735323,上櫃,0.0,0.0,0.0
735343,上櫃,0.0,0.0,0.0
735344,上櫃,0.0,0.0,0.0
735352,上櫃,0.0,0.0,0.0
735370,上櫃,0.0,0.0,0.0
735387,上櫃,0.0,0.0,0.0
735388,上櫃,0.0,0.0,0.0
735389,上櫃,1.03,1.03,30.0
735390,上櫃,0.0,0.0,0.0
735391,上櫃,0.0,0.0,0.0
735392,上櫃,1.32,1.42,3.0
735432,上櫃,3.05,3.05,1.0
735444,上櫃,0.67,0.67,586.0
735445,上櫃,0.0,0.0,0.0
735472,上櫃,0.0,0.0,0.0
735488,上櫃,0.0,0.0,0.0
735489,上櫃,0.0,0.0,0.0
735507,上櫃,0.0,0.0,0.0
735508,上櫃,0.0,0.0,0.0
735509,上櫃,0.0,0.0,0.0
735510,上櫃,0.4,0.41,260.0
735511,上櫃,0.43,0.45,177.0
735512,上櫃,0.0,0.0,0.0
735513,上櫃,0.0,0.0,0.0
735518,上櫃,0.39,0.39,15.0
735523,上櫃,0.0,0.0,0.0
735534,上櫃,0.0,0.0,0.0
735556,上櫃,0.0,0.0,0.0
735557,上櫃,9.7,10.0,9.0
735558,上櫃,0.0,0.0,0.0
735559,上櫃,0.0,0.0,0.0
735560,上櫃,4.05,4.27,25.0
735561,上櫃,0.0,0.0,0.0
735562,上櫃,0.0,0.0,0.0
735563,上櫃,0.22,0.28,110.0
735564,上櫃,0.6,0.6,10.0
735565,上櫃,0.0,0.0,0.0
735566,上櫃,0.0,0.0,0.0
735580,上櫃,1.32,1.45,70.0
735598,上櫃,0.0,0.0,0.0
735621,上櫃,0.0,0.0,0.0
735622,上櫃,0.0,0.0,0.0
735636,上櫃,0.0,0.0,0.0
735646,上櫃,0.0,0.0,0.0
735647,上櫃,0.0,0.0,0.0
735648,上櫃,0.0,0.0,0.0
735649,上櫃,0.69,0.69,2.0
735650,上櫃,0.0,0.0,0.0
735651,上櫃,2.78,2.77,22.0
735652,上櫃,0.0,0.0,0.0
735653,上櫃,0.0,0.0,0.0
735654,上櫃,0.0,0.0,0.0
735655,上櫃,0.0,0.0,0.0
735656,上櫃,0.1,0.1,24.0
735657,上櫃,0.0,0.0,0.0
735658,上櫃,0.47,0.47,17.0
735659,上櫃,0.0,0.0,0.0
735660,上櫃,0.0,0.0,0.0
735661,上櫃,6.0,6.0,20.0
735662,上櫃,0.34,0.34,10.0
735663,上櫃,0.19,0.19,50.0
735664,上櫃,0.35,0.35,400.0
735665,上櫃,0.0,0.0,0.0
735666,上櫃,0.35,0.35,20.0
735675,上櫃,0.15,0.15,20.0
735683,上櫃,0.0,0.0,0.0
735719,上櫃,0.0,0.0,0.0
735723,上櫃,0.0,0.0,0.0
735724,上櫃,0.0,0.0,0.0
735726,上櫃,2.36,2.35,6.0
735727,上櫃,0.0,0.0,0.0
735728,上櫃,0.15,0.15,1.0
735729,上櫃,0.0,0.0,0.0
735730,上櫃,0.0,0.0,0.0
735731,上櫃,0.0,0.0,0.0
735732,上櫃,0.0,0.0,0.0
735733,上櫃,0.07,0.07,100.0
735734,上櫃,9.4,9.4,1.0
735743,上櫃,0.0,0.0,0.0
735754,上櫃,0.0,0.0,0.0
735758,上櫃,0.0,0.0,0.0
735786,上櫃,0.0,0.0,0.0
735789,上櫃,0.0,0.0,0.0
735791,上櫃,0.0,0.0,0.0
735797,上櫃,0.0,0.0,0.0
735804,上櫃,0.0,0.0,0.0
735807,上櫃,0.0,0.0,0.0
735844,上櫃,0.0,0.0,0.0
735847,上櫃,0.0,0.0,0.0
735848,上櫃,0.0,0.0,0.0
735849,上櫃,1.42,1.42,10.0
735850,上櫃,0.0,0.0,0.0
735851,上櫃,0.0,0.0,0.0
735852,上櫃,0.98,0.92,298.0
735853,上櫃,0.0,0.0,0.0
735854,上櫃,0.0,0.0,0.0
735855,上櫃,3.95,4.23,45.0
735856,上櫃,0.0,0.0,0.0
735857,上櫃,0.53,0.53,75.0
735858,上櫃,0.0,0.0,0.0
735859,上櫃,0.0,0.0,0.0
735860,上櫃,0.0,0.0,0.0
735871,上櫃,0.0,0.0,0.0
735909,上櫃,0.0,0.0,0.0
735916,上櫃,2.34,2.32,11.0
735917,上櫃,0.0,0.0,0.0
735918,上櫃,0.83,0.82,11.0
735919,上櫃,0.0,0.0,0.0
735920,上櫃,0.0,0.0,0.0
735921,上櫃,0.0,0.0,0.0
735922,上櫃,0.86,0.85,55.0
735923,上櫃,0.0,0.0,0.0
735924,上櫃,0.0,0.0,0.0
735925,上櫃,1.33,1.3,2.0
735926,上櫃,0.0,0.0,0.0
735932,上櫃,0.0,0.0,0.0
735962,上櫃,0.0,0.0,0.0
735963,上櫃,0.0,0.0,0.0
735964,上櫃,0.41,0.43,33.0
735974,上櫃,2.76,2.8,18.0
735975,上櫃,0.0,0.0,0.0
735994,上櫃,0.0,0.0,0.0
735995,上櫃,0.0,0.0,0.0
735998,上櫃,0.0,0.0,0.0
736006,上櫃,0.0,0.0,0.0
736009,上櫃,0.0,0.0,0.0
736010,上櫃,0.0,0.0,0.0
736011,上櫃,0.0,0.0,0.0
736025,上櫃,0.0,0.0,0.0
736027,上櫃,0.0,0.0,0.0
736028,上櫃,0.0,0.0,0.0
736039,上櫃,0.0,0.0,0.0
736047,上櫃,0.0,0.0,0.0
736052,上櫃,5.5,5.5,30.0
736065,上櫃,0.0,0.0,0.0
736079,上櫃,0.99,0.96,217.0
736081,上櫃,1.23,1.35,126.0
736082,上櫃,0.58,0.63,2604.0
736083,上櫃,0.0,0.0,0.0
736084,上櫃,0.0,0.0,0.0
736085,上櫃,10.7,10.7,2.0
736086,上櫃,0.0,0.0,0.0
736087,上櫃,1.22,1.22,9.0
736088,上櫃,0.0,0.0,0.0
736090,上櫃,0.0,0.0,0.0
736097,上櫃,0.0,0.0,0.0
736115,上櫃,0.0,0.0,0.0
736116,上櫃,0.0,0.0,0.0
736124,上櫃,0.0,0.0,0.0
736125,上櫃,0.0,0.0,0.0
736128,上櫃,0.4,0.6,52.0
736129,上櫃,0.0,0.0,0.0
736138,上櫃,0.0,0.0,0.0
736153,上櫃,0.0,0.0,0.0
736154,上櫃,0.84,0.84,243.0
736155,上櫃,0.0,0.0,0.0
736156,上櫃,0.0,0.0,0.0
736157,上櫃,0.0,0.0,0.0
736158,上櫃,7.2,7.2,1.0
736159,上櫃,0.0,0.0,0.0
736160,上櫃,5.3,5.35,18.0
736161,上櫃,0.92,0.93,28.0
736162,上櫃,0.82,0.94,755.0
736163,上櫃,0.68,0.64,30.0
736164,上櫃,0.0,0.0,0.0
736169,上櫃,0.0,0.0,0.0
736177,上櫃,0.0,0.0,0.0
736185,上櫃,0.0,0.0,0.0
736188,上櫃,0.0,0.0,0.0
736210,上櫃,0.0,0.0,0.0
736216,上櫃,0.94,0.97,17.0
736238,上櫃,0.66,0.67,125.0
736239,上櫃,0.06,0.09,33.0
736241,上櫃,0.26,0.26,100.0
736242,上櫃,0.33,0.36,791.0
736243,上櫃,0.45,0.45,97.0
736244,上櫃,0.0,0.0,0.0
736245,上櫃,0.0,0.0,0.0
736247,上櫃,0.09,0.09,99.0
736248,上櫃,0.0,0.0,0.0
736249,上櫃,0.4,0.43,55.0
736250,上櫃,0.1,0.1,20.0
736251,上櫃,0.86,0.94,3.0
736256,上櫃,0.0,0.0,0.0
736258,上櫃,0.0,0.0,0.0
736287,上櫃,0.0,0.0,0.0
736288,上櫃,0.83,0.87,167.0
736296,上櫃,0.0,0.0,0.0
736306,上櫃,0.02,0.03,15.0
736307,上櫃,0.16,0.21,41.0
736311,上櫃,0.0,0.0,0.0
736320,上櫃,0.0,0.0,0.0
736322,上櫃,0.0,0.0,0.0
736323,上櫃,0.0,0.0,0.0
736330,上櫃,0.0,0.0,0.0
736331,上櫃,0.0,0.0,0.0
736335,上櫃,0.0,0.0,0.0
736337,上櫃,0.9,0.9,17.0
736338,上櫃,0.0,0.0,0.0
736346,上櫃,0.0,0.0,0.0
736347,上櫃,0.05,0.05,74.0
736348,上櫃,0.0,0.0,0.0
736349,上櫃,0.69,0.71,190.0
736350,上櫃,0.35,0.35,6.0
736351,上櫃,0.0,0.0,0.0
736352,上櫃,0.0,0.0,0.0
736353,上櫃,0.0,0.0,0.0
736354,上櫃,0.34,0.34,30.0
736355,上櫃,4.17,4.32,2.0
736356,上櫃,0.06,0.07,65.0
736357,上櫃,0.0,0.0,0.0
736358,上櫃,0.0,0.0,0.0
736359,上櫃,0.71,0.74,48.0
736360,上櫃,0.69,0.72,1137.0
736361,上櫃,1.21,1.21,26.0
736362,上櫃,0.0,0.0,0.0
736367,上櫃,0.0,0.0,0.0
736368,上櫃,0.0,0.0,0.0
736378,上櫃,0.0,0.0,0.0
736399,上櫃,26.7,26.7,1.0
736400,上櫃,66.5,66.5,1.0
736401,上櫃,0.0,0.0,0.0
736403,上櫃,0.0,0.0,0.0
736405,上櫃,0.0,0.0,0.0
736411,上櫃,0.0,0.0,0.0
736421,上櫃,38.5,39.5,2.0
736427,上櫃,0.28,0.28,16.0
736428,上櫃,0.57,0.57,55.0
736429,上櫃,0.0,0.0,0.0
736430,上櫃,1.44,1.42,110.0
736431,上櫃,1.17,1.19,16.0
736432,上櫃,0.0,0.0,0.0
736433,上櫃,0.0,0.0,0.0
736434,上櫃,0.0,0.0,0.0
736435,上櫃,0.0,0.0,0.0
736436,上櫃,5.2,5.2,2.0
736437,上櫃,0.0,0.0,0.0
736438,上櫃,0.69,0.74,75.0
736439,上櫃,1.37,1.45,23.0
736440,上櫃,0.36,0.37,48.0
736441,上櫃,0.03,0.04,110.0
736442,上櫃,0.9,0.95,3.0
736443,上櫃,0.65,0.75,63.0
736444,上櫃,7.4,7.4,20.0
736447,上櫃,3.68,4.0,12.0
736452,上櫃,0.0,0.0,0.0
736472,上櫃,0.0,0.0,0.0
736474,上櫃,0.24,0.25,103.0
736475,上櫃,1.23,1.23,10.0
736476,上櫃,0.57,0.54,20.0
736477,上櫃,0.0,0.0,0.0
736478,上櫃,1.35,1.34,517.0
736479,上櫃,0.66,0.63,510.0
736480,上櫃,0.15,0.16,60.0
736483,上櫃,0.0,0.0,0.0
736488,上櫃,0.0,0.0,0.0
736489,上櫃,0.0,0.0,0.0
736495,上櫃,0.0,0.0,0.0
736496,上櫃,0.0,0.0,0.0
736501,上櫃,0.0,0.0,0.0
736503,上櫃,0.0,0.0,0.0
736505,上櫃,0.0,0.0,0.0
736506,上櫃,11.1,11.3,201.0
736518,上櫃,0.0,0.0,0.0
736523,上櫃,0.41,0.41,332.0
736524,上櫃,1.4,1.38,14.0
736528,上櫃,0.0,0.0,0.0
736536,上櫃,0.97,1.0,3.0
736538,上櫃,0.0,0.0,0.0
736540,上櫃,0.0,0.0,0.0
736559,上櫃,0.0,0.0,0.0
736561,上櫃,0.0,0.0,0.0
736567,上櫃,0.0,0.0,0.0
736576,上櫃,0.0,0.0,0.0
736581,上櫃,0.0,0.0,0.0
736584,上櫃,0.0,0.0,0.0
736585,上櫃,0.18,0.18,40.0
736586,上櫃,0.0,0.0,0.0
736587,上櫃,0.0,0.0,0.0
736593,上櫃,18.0,18.0,1.0
736604,上櫃,3.46,3.44,150.0
736621,上櫃,1.44,1.36,7.0
736627,上櫃,0.0,0.0,0.0
736640,上櫃,0.0,0.0,0.0
736641,上櫃,3.54,3.54,5.0
736649,上櫃,0.0,0.0,0.0
736650,上櫃,0.0,0.0,0.0
736653,上櫃,0.0,0.0,0.0
736660,上櫃,0.0,0.0,0.0
736672,上櫃,0.0,0.0,0.0
736722,上櫃,0.0,0.0,0.0
736735,上櫃,0.0,0.0,0.0
736736,上櫃,1.06,1.06,113.0
736737,上櫃,0.26,0.25,200.0
736738,上櫃,0.13,0.13,20.0
736739,上櫃,0.1,0.1,10.0
736740,上櫃,0.16,0.24,270.0
736741,上櫃,0.18,0.2,75.0
736742,上櫃,0.0,0.0,0.0
736743,上櫃,0.0,0.0,0.0
736748,上櫃,0.0,0.0,0.0
736750,上櫃,0.0,0.0,0.0
736756,上櫃,0.0,0.0,0.0
736775,上櫃,0.0,0.0,0.0
736780,上櫃,0.0,0.0,0.0
736787,上櫃,0.0,0.0,0.0
736792,上櫃,19.9,20.0,5.0
736793,上櫃,38.1,37.7,3.0
736795,上櫃,0.0,0.0,0.0
736800,上櫃,0.0,0.0,0.0
736833,上櫃,0.01,0.01,10.0
736834,上櫃,0.54,0.54,28.0
736855,上櫃,0.0,0.0,0.0
736856,上櫃,0.0,0.0,0.0
736883,上櫃,0.0,0.0,0.0
736884,上櫃,0.0,0.0,0.0
736904,上櫃,0.0,0.0,0.0
736914,上櫃,0.0,0.0,0.0
736921,上櫃,0.0,0.0,0.0
736922,上櫃,4.84,4.95,6.0
736930,上櫃,0.24,0.24,5.0
736931,上櫃,0.0,0.0,0.0
736932,上櫃,0.0,0.0,0.0
736933,上櫃,0.0,0.0,0.0
736934,上櫃,3.85,3.97,128.0
736935,上櫃,0.74,0.76,705.0
736936,上櫃,0.0,0.0,0.0
736937,上櫃,0.0,0.0,0.0
736938,上櫃,6.45,6.45,2.0
736951,上櫃,0.33,0.33,193.0
736960,上櫃,0.0,0.0,0.0
736964,上櫃,0.0,0.0,0.0
736972,上櫃,2.18,2.15,35.0
736976,上櫃,0.0,0.0,0.0
736982,上櫃,0.0,0.0,0.0
736987,上櫃,0.0,0.0,0.0
736994,上櫃,0.0,0.0,0.0
736995,上櫃,4.77,4.77,1.0
736996,上櫃,0.0,0.0,0.0
736997,上櫃,0.0,0.0,0.0
737003,上櫃,0.0,0.0,0.0
737004,上櫃,0.0,0.0,0.0
737011,上櫃,0.0,0.0,0.0
737015,上櫃,0.0,0.0,0.0
737027,上櫃,0.0,0.0,0.0
737038,上櫃,0.0,0.0,0.0
737042,上櫃,0.0,0.0,0.0
737050,上櫃,0.0,0.0,0.0
737051,上櫃,0.0,0.0,0.0
737058,上櫃,0.0,0.0,0.0
737078,上櫃,0.0,0.0,0.0
737085,上櫃,0.0,0.0,0.0
737086,上櫃,1.31,1.31,1.0
737088,上櫃,3.15,3.33,34.0
737092,上櫃,0.0,0.0,0.0
737106,上櫃,0.0,0.0,0.0
737121,上櫃,0.14,0.14,10.0
737127,上櫃,22.3,22.3,1.0
737129,上櫃,0.0,0.0,0.0
737132,上櫃,0.0,0.0,0.0
737147,上櫃,0.0,0.0,0.0
737150,上櫃,0.47,0.47,66.0
737151,上櫃,5.05,5.05,1.0
737152,上櫃,0.0,0.0,0.0
737153,上櫃,0.17,0.17,10.0
737154,上櫃,2.0,2.11,82.0
737156,上櫃,0.0,0.0,0.0
737157,上櫃,0.0,0.0,0.0
737158,上櫃,4.94,4.94,22.0
737159,上櫃,0.31,0.32,369.0
737160,上櫃,0.0,0.0,0.0
737161,上櫃,0.0,0.0,0.0
737162,上櫃,0.0,0.0,0.0
737163,上櫃,0.0,0.0,0.0
737164,上櫃,0.28,0.28,1.0
737165,上櫃,0.54,0.61,98.0
737166,上櫃,0.0,0.0,0.0
737175,上櫃,5.5,5.5,25.0
737177,上櫃,0.0,0.0,0.0
737184,上櫃,0.0,0.0,0.0
737186,上櫃,0.0,0.0,0.0
737188,上櫃,0.08,0.06,41.0
737195,上櫃,0.0,0.0,0.0
737196,上櫃,1.63,1.64,19.0
737197,上櫃,1.54,1.56,119.0
737198,上櫃,1.55,1.55,15.0
737202,上櫃,0.0,0.0,0.0
737203,上櫃,12.4,12.4,24.0
737204,上櫃,2.68,2.99,223.0
737205,上櫃,0.0,0.0,0.0
737210,上櫃,0.0,0.0,0.0
737211,上櫃,0.0,0.0,0.0
737223,上櫃,0.0,0.0,0.0
737230,上櫃,0.0,0.0,0.0
737255,上櫃,0.0,0.0,0.0
737257,上櫃,1.18,1.18,30.0
737267,上櫃,0.0,0.0,0.0
737270,上櫃,0.0,0.0,0.0
737276,上櫃,0.0,0.0,0.0
737278,上櫃,0.0,0.0,0.0
737285,上櫃,0.0,0.0,0.0
737286,上櫃,0.0,0.0,0.0
737292,上櫃,0.0,0.0,0.0
737295,上櫃,2.11,2.43,88.0
737299,上櫃,0.0,0.0,0.0
737319,上櫃,0.0,0.0,0.0
737320,上櫃,0.0,0.0,0.0
737321,上櫃,0.0,0.0,0.0
737322,上櫃,1.09,1.27,137.0
737324,上櫃,1.05,1.03,107.0
737325,上櫃,0.61,0.55,364.0
737326,上櫃,0.0,0.0,0.0
737327,上櫃,0.0,0.0,0.0
737328,上櫃,0.24,0.25,127.0
737329,上櫃,0.0,0.0,0.0
737330,上櫃,0.0,0.0,0.0
737331,上櫃,0.0,0.0,0.0
737332,上櫃,0.0,0.0,0.0
737333,上櫃,0.2,0.2,2.0
737334,上櫃,0.61,0.74,132.0
737335,上櫃,0.18,0.18,10.0
737336,上櫃,0.0,0.0,0.0
737337,上櫃,0.0,0.0,0.0
737338,上櫃,0.0,0.0,0.0
737352,上櫃,0.0,0.0,0.0
737354,上櫃,0.0,0.0,0.0
737372,上櫃,0.0,0.0,0.0
737374,上櫃,0.0,0.0,0.0
737376,上櫃,0.0,0.0,0.0
737377,上櫃,0.0,0.0,0.0
737384,上櫃,0.0,0.0,0.0
737385,上櫃,0.0,0.0,0.0
737389,上櫃,0.02,0.02,420.0
737392,上櫃,0.0,0.0,0.0
737394,上櫃,0.0,0.0,0.0
737395,上櫃,0.0,0.0,0.0
737396,上櫃,0.0,0.0,0.0
737399,上櫃,0.0,0.0,0.0
737404,上櫃,2.75,2.74,7.0
737416,上櫃,0.0,0.0,0.0
737418,上櫃,0.0,0.0,0.0
737421,上櫃,0.53,0.62,22.0
737424,上櫃,13.0,13.0,2.0
737425,上櫃,0.0,0.0,0.0
737426,上櫃,0.18,0.18,12.0
737427,上櫃,0.0,0.0,0.0
737428,上櫃,0.0,0.0,0.0
737430,上櫃,0.0,0.0,0.0
737431,上櫃,1.62,1.62,1.0
737434,上櫃,0.0,0.0,0.0
737435,上櫃,0.0,0.0,0.0
737437,上櫃,0.0,0.0,0.0
737450,上櫃,0.0,0.0,0.0
737468,上櫃,0.0,0.0,0.0
737480,上櫃,0.0,0.0,0.0
737482,上櫃,0.0,0.0,0.0
737484,上櫃,0.8,0.75,5.0
737487,上櫃,0.0,0.0,0.0
737490,上櫃,0.0,0.0,0.0
737491,上櫃,0.0,0.0,0.0
737493,上櫃,0.0,0.0,0.0
737495,上櫃,0.15,0.21,610.0
737498,上櫃,0.0,0.0,0.0
737499,上櫃,3.45,3.45,1.0
737504,上櫃,0.0,0.0,0.0
737508,上櫃,0.0,0.0,0.0
737510,上櫃,0.0,0.0,0.0
737511,上櫃,0.0,0.0,0.0
737512,上櫃,1.3,1.46,30.0
737517,上櫃,0.0,0.0,0.0
737518,上櫃,0.0,0.0,0.0
737519,上櫃,0.0,0.0,0.0
737525,上櫃,0.0,0.0,0.0
737526,上櫃,0.0,0.0,0.0
737527,上櫃,0.0,0.0,0.0
737529,上櫃,0.5,0.72,26.0
737533,上櫃,0.0,0.0,0.0
737541,上櫃,0.0,0.0,0.0
737545,上櫃,0.0,0.0,0.0
737548,上櫃,1.55,1.56,6.0
737549,上櫃,0.36,0.37,10.0
737556,上櫃,0.72,0.72,35.0
737560,上櫃,0.0,0.0,0.0
737563,上櫃,8.65,8.55,50.0
737566,上櫃,0.0,0.0,0.0
737568,上櫃,0.0,0.0,0.0
737571,上櫃,0.25,0.1,13.0
737572,上櫃,0.62,0.63,68.0
737575,上櫃,0.01,0.01,10.0
737577,上櫃,0.0,0.0,0.0
737579,上櫃,0.0,0.0,0.0
737581,上櫃,11.1,11.1,5.0
737582,上櫃,0.0,0.0,0.0
737584,上櫃,0.0,0.0,0.0
737586,上櫃,0.0,0.0,0.0
737593,上櫃,0.0,0.0,0.0
737594,上櫃,3.76,4.32,209.0
737595,上櫃,0.0,0.0,0.0
737600,上櫃,0.0,0.0,0.0
737606,上櫃,5.05,5.05,25.0
737611,上櫃,0.0,0.0,0.0
737612,上櫃,0.0,0.0,0.0
737613,上櫃,5.5,5.8,253.0
737616,上櫃,0.0,0.0,0.0
737617,上櫃,0.0,0.0,0.0
737621,上櫃,0.14,0.16,130.0
737622,上櫃,0.0,0.0,0.0
737624,上櫃,0.0,0.0,0.0
737627,上櫃,3.87,4.85,12.0
737628,上櫃,0.0,0.0,0.0
737629,上櫃,0.0,0.0,0.0
737631,上櫃,0.0,0.0,0.0
737633,上櫃,0.0,0.0,0.0
737635,上櫃,0.0,0.0,0.0
737637,上櫃,4.6,5.35,30.0
737656,上櫃,1.46,1.79,1072.0
737657,上櫃,0.0,0.0,0.0
737661,上櫃,0.0,0.0,0.0
737665,上櫃,0.08,0.14,101.0
737667,上櫃,0.0,0.0,0.0
737668,上櫃,0.0,0.0,0.0
737669,上櫃,0.0,0.0,0.0
737671,上櫃,0.0,0.0,0.0
737672,上櫃,0.0,0.0,0.0
737675,上櫃,6.4,7.1,30.0
737680,上櫃,0.0,0.0,0.0
737685,上櫃,0.0,0.0,0.0
737687,上櫃,6.8,7.1,7.0
737688,上櫃,7.9,8.0,2.0
737692,上櫃,0.56,0.56,368.0
737693,上櫃,0.0,0.0,0.0
737696,上櫃,0.0,0.0,0.0
737699,上櫃,0.0,0.0,0.0
737700,上櫃,0.0,0.0,0.0
737701,上櫃,0.07,0.07,130.0
737704,上櫃,0.0,0.0,0.0
737705,上櫃,1.8,2.12,165.0
737716,上櫃,0.0,0.0,0.0
737717,上櫃,0.0,0.0,0.0
737723,上櫃,0.0,0.0,0.0
737729,上櫃,0.0,0.0,0.0
737731,上櫃,0.0,0.0,0.0
737737,上櫃,0.57,0.89,1276.0
737740,上櫃,0.0,0.0,0.0
737744,上櫃,0.0,0.0,0.0
737745,上櫃,0.0,0.0,0.0
737747,上櫃,0.0,0.0,0.0
737754,上櫃,0.0,0.0,0.0
737755,上櫃,0.0,0.0,0.0
737757,上櫃,0.0,0.0,0.0
737768,上櫃,0.0,0.0,0.0
737769,上櫃,0.0,0.0,0.0
737773,上櫃,0.0,0.0,0.0
737776,上櫃,0.0,0.0,0.0
737777,上櫃,0.0,0.0,0.0
737779,上櫃,0.0,0.0,0.0
737784,上櫃,28.7,28.7,1.0
737787,上櫃,22.6,22.6,1.0
737792,上櫃,0.0,0.0,0.0
737795,上櫃,4.98,5.5,95.0
737799,上櫃,0.0,0.0,0.0
737800,上櫃,1.7,1.66,144.0
737801,上櫃,1.88,1.93,65.0
737803,上櫃,0.0,0.0,0.0
737808,上櫃,0.0,0.0,0.0
737809,上櫃,0.0,0.0,0.0
737810,上櫃,0.0,0.0,0.0
737816,上櫃,0.0,0.0,0.0
737819,上櫃,0.0,0.0,0.0
737820,上櫃,0.0,0.0,0.0
737821,上櫃,0.0,0.0,0.0
737826,上櫃,0.0,0.0,0.0
737831,上櫃,0.0,0.0,0.0
737837,上櫃,0.0,0.0,0.0
737841,上櫃,0.0,0.0,0.0
737843,上櫃,0.0,0.0,0.0
737846,上櫃,6.15,6.2,11.0
737856,上櫃,0.0,0.0,0.0
737860,上櫃,0.0,0.0,0.0
737866,上櫃,0.0,0.0,0.0
737867,上櫃,0.0,0.0,0.0
737868,上櫃,0.0,0.0,0.0
737869,上櫃,0.0,0.0,0.0
737870,上櫃,0.0,0.0,0.0
737871,上櫃,0.0,0.0,0.0
737876,上櫃,0.0,0.0,0.0
737880,上櫃,0.0,0.0,0.0
737885,上櫃,2.32,2.66,37.0
737888,上櫃,0.0,0.0,0.0
737892,上櫃,0.0,0.0,0.0
737905,上櫃,0.0,0.0,0.0
737912,上櫃,0.0,0.0,0.0
737913,上櫃,2.84,3.24,5.0
737914,上櫃,0.0,0.0,0.0
737919,上櫃,2.63,2.63,5.0
737924,上櫃,0.0,0.0,0.0
737926,上櫃,0.0,0.0,0.0
737927,上櫃,0.07,0.07,50.0
737928,上櫃,0.0,0.0,0.0
737929,上櫃,1.79,1.74,12.0
737930,上櫃,3.44,3.7,199.0
737931,上櫃,0.38,0.54,621.0
737932,上櫃,0.0,0.0,0.0
737933,上櫃,0.0,0.0,0.0
737935,上櫃,6.3,5.9,35.0
737939,上櫃,0.0,0.0,0.0
737940,上櫃,0.0,0.0,0.0
737944,上櫃,0.0,0.0,0.0
737950,上櫃,3.25,3.25,5.0
737953,上櫃,0.0,0.0,0.0
737955,上櫃,0.0,0.0,0.0
737958,上櫃,0.0,0.0,0.0
737966,上櫃,0.0,0.0,0.0
737972,上櫃,0.0,0.0,0.0
737973,上櫃,0.0,0.0,0.0
737974,上櫃,0.0,0.0,0.0
737975,上櫃,0.0,0.0,0.0
737976,上櫃,0.0,0.0,0.0
737978,上櫃,0.0,0.0,0.0
737980,上櫃,0.0,0.0,0.0
737981,上櫃,0.0,0.0,0.0
737982,上櫃,0.0,0.0,0.0
737983,上櫃,0.0,0.0,0.0
737984,上櫃,0.0,0.0,0.0
737986,上櫃,0.0,0.0,0.0
737989,上櫃,0.0,0.0,0.0
737990,上櫃,0.0,0.0,0.0
737991,上櫃,0.0,0.0,0.0
737995,上櫃,4.2,4.2,5.0
737997,上櫃,0.0,0.0,0.0
737998,上櫃,0.14,0.17,16.0
737999,上櫃,0.0,0.0,0.0
738001,上櫃,4.57,4.57,10.0
738002,上櫃,0.0,0.0,0.0
738009,上櫃,0.0,0.0,0.0
738014,上櫃,0.0,0.0,0.0
738015,上櫃,0.0,0.0,0.0
738020,上櫃,0.1,0.1,10.0
738021,上櫃,0.0,0.0,0.0
738026,上櫃,0.0,0.0,0.0
738032,上櫃,0.0,0.0,0.0
738036,上櫃,0.0,0.0,0.0
738041,上櫃,0.14,0.14,10.0
738042,上櫃,0.0,0.0,0.0
738044,上櫃,0.0,0.0,0.0
738049,上櫃,0.0,0.0,0.0
738051,上櫃,0.0,0.0,0.0
738053,上櫃,0.0,0.0,0.0
738060,上櫃,0.0,0.0,0.0
738071,上櫃,0.0,0.0,0.0
738072,上櫃,0.0,0.0,0.0
738074,上櫃,0.0,0.0,0.0
738079,上櫃,0.69,0.71,36.0
738080,上櫃,0.0,0.0,0.0
738081,上櫃,0.0,0.0,0.0
738082,上櫃,0.0,0.0,0.0
738086,上櫃,0.0,0.0,0.0
738091,上櫃,0.0,0.0,0.0
738092,上櫃,0.0,0.0,0.0
738093,上櫃,0.0,0.0,0.0
738097,上櫃,1.22,1.22,484.0
738100,上櫃,0.0,0.0,0.0
738102,上櫃,0.04,0.04,60.0
738105,上櫃,0.0,0.0,0.0
738106,上櫃,0.11,0.19,255.0
738108,上櫃,0.0,0.0,0.0
738112,上櫃,0.0,0.0,0.0
738113,上櫃,1.55,1.8,80.0
738114,上櫃,1.56,1.56,50.0
738116,上櫃,0.0,0.0,0.0
738117,上櫃,0.0,0.0,0.0
738123,上櫃,0.0,0.0,0.0
738128,上櫃,0.0,0.0,0.0
738130,上櫃,0.13,0.13,1.0
738131,上櫃,0.0,0.0,0.0
738132,上櫃,0.32,0.36,773.0
738133,上櫃,0.0,0.0,0.0
738134,上櫃,3.04,3.15,6.0
738135,上櫃,0.0,0.0,0.0
738136,上櫃,0.46,0.47,36.0
738137,上櫃,0.0,0.0,0.0
738138,上櫃,0.29,0.29,299.0
738139,上櫃,0.0,0.0,0.0
738140,上櫃,0.44,0.44,20.0
738141,上櫃,0.56,0.59,342.0
738142,上櫃,0.52,0.52,1.0
738143,上櫃,0.27,0.27,168.0
738144,上櫃,0.29,0.31,1426.0
738145,上櫃,0.76,0.76,21.0
738146,上櫃,0.0,0.0,0.0
738147,上櫃,1.42,1.42,9.0
738148,上櫃,0.0,0.0,0.0
738149,上櫃,0.22,0.22,120.0
738150,上櫃,0.21,0.21,4.0
738151,上櫃,0.3,0.3,74.0
738152,上櫃,3.78,3.78,5.0
738153,上櫃,0.0,0.0,0.0
738154,上櫃,0.0,0.0,0.0
738155,上櫃,3.33,3.33,10.0
738156,上櫃,0.18,0.18,20.0
738157,上櫃,0.12,0.13,70.0
738159,上櫃,0.0,0.0,0.0
738160,上櫃,0.0,0.0,0.0
738169,上櫃,0.0,0.0,0.0
738182,上櫃,0.0,0.0,0.0
738183,上櫃,0.7,0.71,457.0
738184,上櫃,0.33,0.33,96.0
738185,上櫃,0.0,0.0,0.0
738186,上櫃,0.17,0.17,10.0
738187,上櫃,0.41,0.41,2.0
738188,上櫃,0.22,0.22,1.0
738189,上櫃,0.19,0.19,12.0
738190,上櫃,0.0,0.0,0.0
738191,上櫃,0.23,0.23,63.0
738192,上櫃,0.27,0.26,80.0
738193,上櫃,0.0,0.0,0.0
738194,上櫃,0.57,0.59,8.0
738195,上櫃,0.44,0.5,510.0
738196,上櫃,0.0,0.0,0.0
738197,上櫃,0.0,0.0,0.0
738198,上櫃,0.0,0.0,0.0
738199,上櫃,0.0,0.0,0.0
738202,上櫃,0.0,0.0,0.0
738207,上櫃,0.0,0.0,0.0
738210,上櫃,0.0,0.0,0.0
738222,上櫃,0.0,0.0,0.0
738224,上櫃,0.0,0.0,0.0
738226,上櫃,0.0,0.0,0.0
738239,上櫃,0.0,0.0,0.0
738253,上櫃,0.0,0.0,0.0
738260,上櫃,4.85,4.89,14.0
738263,上櫃,0.0,0.0,0.0
738264,上櫃,0.0,0.0,0.0
738266,上櫃,0.0,0.0,0.0
738269,上櫃,0.0,0.0,0.0
738271,上櫃,14.4,14.4,1.0
738281,上櫃,0.46,0.44,35.0
738282,上櫃,0.34,0.34,30.0
738283,上櫃,0.52,0.47,336.0
738284,上櫃,0.0,0.0,0.0
738285,上櫃,0.0,0.0,0.0
738286,上櫃,0.0,0.0,0.0
738287,上櫃,0.29,0.29,10.0
738288,上櫃,0.46,0.46,66.0
738289,上櫃,0.0,0.0,0.0
738290,上櫃,0.0,0.0,0.0
738291,上櫃,0.61,0.62,73.0
738292,上櫃,0.0,0.0,0.0
738293,上櫃,0.0,0.0,0.0
738294,上櫃,0.0,0.0,0.0
738296,上櫃,0.0,0.0,0.0
738299,上櫃,0.0,0.0,0.0
738302,上櫃,0.0,0.0,0.0
738306,上櫃,0.0,0.0,0.0
738308,上櫃,0.0,0.0,0.0
738311,上櫃,0.0,0.0,0.0
738312,上櫃,0.17,0.17,10.0
738313,上櫃,0.0,0.0,0.0
738315,上櫃,0.0,0.0,0.0
738318,上櫃,0.0,0.0,0.0
738319,上櫃,0.12,0.12,40.0
738320,上櫃,0.0,0.0,0.0
738327,上櫃,0.0,0.0,0.0
738332,上櫃,0.0,0.0,0.0
738345,上櫃,0.0,0.0,0.0
738360,上櫃,0.0,0.0,0.0
738364,上櫃,0.0,0.0,0.0
738366,上櫃,0.91,1.02,16.0
738367,上櫃,0.41,0.49,920.0
738373,上櫃,0.0,0.0,0.0
738374,上櫃,0.0,0.0,0.0
738382,上櫃,0.0,0.0,0.0
738383,上櫃,0.95,1.07,7.0
738391,上櫃,0.0,0.0,0.0
738403,上櫃,0.0,0.0,0.0
738404,上櫃,0.0,0.0,0.0
738411,上櫃,0.0,0.0,0.0
738423,上櫃,0.0,0.0,0.0
738426,上櫃,0.0,0.0,0.0
738427,上櫃,0.0,0.0,0.0
738437,上櫃,1.31,1.31,1.0
738439,上櫃,2.98,3.0,7.0
738440,上櫃,0.0,0.0,0.0
738442,上櫃,0.0,0.0,0.0
738446,上櫃,0.0,0.0,0.0
738447,上櫃,0.0,0.0,0.0
738451,上櫃,0.0,0.0,0.0
738456,上櫃,0.0,0.0,0.0
738461,上櫃,0.0,0.0,0.0
738465,上櫃,0.0,0.0,0.0
738468,上櫃,0.0,0.0,0.0
738472,上櫃,0.0,0.0,0.0
738473,上櫃,0.0,0.0,0.0
738477,上櫃,0.0,0.0,0.0
738481,上櫃,0.0,0.0,0.0
738486,上櫃,0.35,0.35,63.0
738487,上櫃,0.0,0.0,0.0
738491,上櫃,0.0,0.0,0.0
738492,上櫃,0.0,0.0,0.0
738493,上櫃,0.0,0.0,0.0
738496,上櫃,0.0,0.0,0.0
738497,上櫃,3.91,3.91,1.0
738499,上櫃,0.0,0.0,0.0
738503,上櫃,0.7,0.66,486.0
738510,上櫃,0.0,0.0,0.0
738514,上櫃,0.0,0.0,0.0
738515,上櫃,0.0,0.0,0.0
738517,上櫃,0.0,0.0,0.0
738521,上櫃,0.0,0.0,0.0
738522,上櫃,0.0,0.0,0.0
738531,上櫃,0.0,0.0,0.0
738535,上櫃,0.0,0.0,0.0
738555,上櫃,0.0,0.0,0.0
738556,上櫃,0.0,0.0,0.0
738557,上櫃,0.0,0.0,0.0
738558,上櫃,0.0,0.0,0.0
738566,上櫃,0.0,0.0,0.0
738567,上櫃,12.3,12.3,1.0
738577,上櫃,0.0,0.0,0.0
738587,上櫃,0.0,0.0,0.0
738588,上櫃,0.0,0.0,0.0
738598,上櫃,0.0,0.0,0.0
738599,上櫃,0.0,0.0,0.0
738600,上櫃,0.0,0.0,0.0
738605,上櫃,0.0,0.0,0.0
738606,上櫃,0.0,0.0,0.0
738615,上櫃,0.0,0.0,0.0
738619,上櫃,0.0,0.0,0.0
738625,上櫃,8.4,8.4,6.0
738638,上櫃,0.0,0.0,0.0
738639,上櫃,0.0,0.0,0.0
738640,上櫃,0.0,0.0,0.0
738641,上櫃,0.97,0.96,6.0
738643,上櫃,0.0,0.0,0.0
738644,上櫃,0.0,0.0,0.0
738645,上櫃,0.0,0.0,0.0
738646,上櫃,0.0,0.0,0.0
738647,上櫃,0.0,0.0,0.0
738648,上櫃,0.0,0.0,0.0
738649,上櫃,0.0,0.0,0.0
738650,上櫃,0.0,0.0,0.0
738651,上櫃,0.38,0.39,229.0
738652,上櫃,0.0,0.0,0.0
738653,上櫃,0.11,0.11,71.0
738654,上櫃,0.0,0.0,0.0
738655,上櫃,0.0,0.0,0.0
738656,上櫃,0.0,0.0,0.0
738657,上櫃,0.18,0.18,5.0
738658,上櫃,0.41,0.45,499.0
738659,上櫃,0.0,0.0,0.0
738660,上櫃,0.0,0.0,0.0
738661,上櫃,0.0,0.0,0.0
738662,上櫃,0.0,0.0,0.0
738663,上櫃,1.8,1.82,27.0
738664,上櫃,0.0,0.0,0.0
738666,上櫃,0.0,0.0,0.0
738674,上櫃,17.6,18.6,2.0
738675,上櫃,0.0,0.0,0.0
738678,上櫃,0.0,0.0,0.0
738682,上櫃,0.02,0.02,262.0
738686,上櫃,0.0,0.0,0.0
738690,上櫃,0.0,0.0,0.0
738696,上櫃,0.0,0.0,0.0
738706,上櫃,0.0,0.0,0.0
738707,上櫃,0.0,0.0,0.0
738708,上櫃,0.0,0.0,0.0
738709,上櫃,0.0,0.0,0.0
738712,上櫃,0.0,0.0,0.0
738714,上櫃,0.0,0.0,0.0
738717,上櫃,0.0,0.0,0.0
738720,上櫃,0.0,0.0,0.0
738726,上櫃,1.66,1.6,22.0
738731,上櫃,0.0,0.0,0.0
738734,上櫃,0.0,0.0,0.0
738736,上櫃,0.34,0.34,35.0
738737,上櫃,0.0,0.0,0.0
738738,上櫃,0.0,0.0,0.0
738739,上櫃,2.52,2.52,1.0
738740,上櫃,0.0,0.0,0.0
738741,上櫃,0.0,0.0,0.0
738742,上櫃,0.0,0.0,0.0
738743,上櫃,0.0,0.0,0.0
738744,上櫃,0.0,0.0,0.0
738745,上櫃,0.0,0.0,0.0
738746,上櫃,0.0,0.0,0.0
738747,上櫃,0.0,0.0,0.0
738748,上櫃,0.0,0.0,0.0
738749,上櫃,0.63,0.63,20.0
738750,上櫃,0.0,0.0,0.0
738751,上櫃,0.25,0.26,98.0
738752,上櫃,0.0,0.0,0.0
738753,上櫃,0.0,0.0,0.0
738754,上櫃,0.32,0.32,1.0
738755,上櫃,0.16,0.16,100.0
738756,上櫃,0.59,0.65,37.0
738757,上櫃,0.51,0.53,35.0
738758,上櫃,0.0,0.0,0.0
738759,上櫃,0.77,0.75,171.0
738760,上櫃,0.62,0.57,1511.0
738761,上櫃,0.11,0.11,200.0
738762,上櫃,0.24,0.24,5.0
738763,上櫃,0.0,0.0,0.0
738764,上櫃,0.0,0.0,0.0
738765,上櫃,0.37,0.37,74.0
738766,上櫃,0.0,0.0,0.0
738767,上櫃,0.48,0.48,10.0
738772,上櫃,0.0,0.0,0.0
738776,上櫃,0.0,0.0,0.0
738781,上櫃,0.0,0.0,0.0
738783,上櫃,0.0,0.0,0.0
738784,上櫃,0.0,0.0,0.0
738789,上櫃,0.0,0.0,0.0
738798,上櫃,0.0,0.0,0.0
738802,上櫃,0.0,0.0,0.0
738806,上櫃,0.41,0.39,57.0
738807,上櫃,0.52,0.51,128.0
738808,上櫃,0.0,0.0,0.0
738809,上櫃,0.0,0.0,0.0
738817,上櫃,0.0,0.0,0.0
738821,上櫃,0.0,0.0,0.0
738825,上櫃,0.0,0.0,0.0
738826,上櫃,0.0,0.0,0.0
738827,上櫃,0.0,0.0,0.0
738831,上櫃,0.0,0.0,0.0
738837,上櫃,0.0,0.0,0.0
738842,上櫃,0.0,0.0,0.0
738844,上櫃,0.0,0.0,0.0
738845,上櫃,0.0,0.0,0.0
738851,上櫃,0.2,0.21,96.0
738853,上櫃,0.0,0.0,0.0
738861,上櫃,0.4,0.4,2.0
738863,上櫃,0.0,0.0,0.0
738866,上櫃,0.0,0.0,0.0
738870,上櫃,35.7,35.7,1.0
738871,上櫃,0.0,0.0,0.0
738872,上櫃,0.0,0.0,0.0
738873,上櫃,0.0,0.0,0.0
738874,上櫃,0.0,0.0,0.0
738880,上櫃,0.0,0.0,0.0
738887,上櫃,0.0,0.0,0.0
738888,上櫃,0.0,0.0,0.0
738889,上櫃,0.0,0.0,0.0
738898,上櫃,0.0,0.0,0.0
738899,上櫃,0.0,0.0,0.0
738901,上櫃,0.0,0.0,0.0
738904,上櫃,0.0,0.0,0.0
738906,上櫃,0.0,0.0,0.0
738911,上櫃,0.0,0.0,0.0
738914,上櫃,0.0,0.0,0.0
738917,上櫃,0.0,0.0,0.0
738921,上櫃,0.0,0.0,0.0
738929,上櫃,0.03,0.03,50.0
738931,上櫃,0.41,0.41,114.0
738932,上櫃,0.0,0.0,0.0
738933,上櫃,0.35,0.36,261.0
738934,上櫃,0.55,0.55,32.0
738935,上櫃,0.0,0.0,0.0
738936,上櫃,0.15,0.15,58.0
738937,上櫃,0.0,0.0,0.0
738938,上櫃,0.0,0.0,0.0
738939,上櫃,0.0,0.0,0.0
738940,上櫃,2.3,2.3,1.0
738941,上櫃,8.95,8.95,10.0
738942,上櫃,8.25,8.4,59.0
738943,上櫃,0.44,0.44,1025.0
738944,上櫃,0.0,0.0,0.0
738945,上櫃,0.32,0.32,2.0
738946,上櫃,0.92,0.79,952.0
738947,上櫃,0.0,0.0,0.0
738948,上櫃,0.16,0.2,208.0
738949,上櫃,0.0,0.0,0.0
738950,上櫃,0.0,0.0,0.0
738951,上櫃,0.0,0.0,0.0
738952,上櫃,0.0,0.0,0.0
738953,上櫃,0.0,0.0,0.0
738954,上櫃,0.0,0.0,0.0
738955,上櫃,0.0,0.0,0.0
738956,上櫃,0.0,0.0,0.0
738957,上櫃,1.63,1.63,2.0
738958,上櫃,0.0,0.0,0.0
738959,上櫃,0.0,0.0,0.0
738960,上櫃,0.0,0.0,0.0
738961,上櫃,0.0,0.0,0.0
738962,上櫃,0.0,0.0,0.0
738963,上櫃,4.72,5.1,12.0
738964,上櫃,0.0,0.0,0.0
738965,上櫃,0.0,0.0,0.0
738966,上櫃,0.0,0.0,0.0
738967,上櫃,0.0,0.0,0.0
738968,上櫃,0.0,0.0,0.0
738969,上櫃,0.0,0.0,0.0
738970,上櫃,0.0,0.0,0.0
738971,上櫃,0.0,0.0,0.0
738972,上櫃,0.0,0.0,0.0
738973,上櫃,0.0,0.0,0.0
738974,上櫃,0.0,0.0,0.0
738975,上櫃,0.0,0.0,0.0
738976,上櫃,0.0,0.0,0.0
738978,上櫃,0.0,0.0,0.0
738979,上櫃,0.0,0.0,0.0
738983,上櫃,0.0,0.0,0.0
738998,上櫃,0.0,0.0,0.0
738999,上櫃,0.0,0.0,0.0
739000,上櫃,0.0,0.0,0.0
739002,上櫃,0.0,0.0,0.0
739003,上櫃,0.0,0.0,0.0
739005,上櫃,0.0,0.0,0.0
739006,上櫃,0.0,0.0,0.0
739007,上櫃,0.0,0.0,0.0
739008,上櫃,0.0,0.0,0.0
739009,上櫃,0.0,0.0,0.0
739010,上櫃,0.0,0.0,0.0
739011,上櫃,0.0,0.0,0.0
739012,上櫃,0.0,0.0,0.0
739013,上櫃,0.0,0.0,0.0
739014,上櫃,0.0,0.0,0.0
739015,上櫃,0.0,0.0,0.0
739016,上櫃,0.0,0.0,0.0
739017,上櫃,0.0,0.0,0.0
739018,上櫃,0.0,0.0,0.0
739019,上櫃,0.0,0.0,0.0
739020,上櫃,0.0,0.0,0.0
739021,上櫃,0.0,0.0,0.0
739022,上櫃,39.9,39.9,1.0
739023,上櫃,0.0,0.0,0.0
739024,上櫃,0.0,0.0,0.0
739025,上櫃,0.0,0.0,0.0
739027,上櫃,0.0,0.0,0.0
739028,上櫃,0.0,0.0,0.0
739029,上櫃,0.0,0.0,0.0
739031,上櫃,0.0,0.0,0.0
739032,上櫃,0.0,0.0,0.0
739035,上櫃,0.0,0.0,0.0
739039,上櫃,0.0,0.0,0.0
739040,上櫃,0.0,0.0,0.0
739041,上櫃,0.0,0.0,0.0
739042,上櫃,0.0,0.0,0.0
739043,上櫃,0.0,0.0,0.0
739044,上櫃,0.0,0.0,0.0
739045,上櫃,0.0,0.0,0.0
739046,上櫃,0.0,0.0,0.0
739047,上櫃,0.0,0.0,0.0
739048,上櫃,0.0,0.0,0.0
739049,上櫃,0.0,0.0,0.0
739050,上櫃,0.0,0.0,0.0
739051,上櫃,0.0,0.0,0.0
739052,上櫃,0.0,0.0,0.0
739053,上櫃,0.0,0.0,0.0
739054,上櫃,0.0,0.0,0.0
739055,上櫃,0.0,0.0,0.0
739056,上櫃,0.0,0.0,0.0
739057,上櫃,0.08,0.08,188.0
739058,上櫃,0.0,0.0,0.0
739059,上櫃,0.0,0.0,0.0
739060,上櫃,0.0,0.0,0.0
739061,上櫃,0.0,0.0,0.0
739062,上櫃,0.26,0.27,224.0
739063,上櫃,0.0,0.0,0.0
739064,上櫃,0.0,0.0,0.0
739066,上櫃,0.0,0.0,0.0
739067,上櫃,0.0,0.0,0.0
739068,上櫃,0.0,0.0,0.0
739069,上櫃,0.0,0.0,0.0
739070,上櫃,0.06,0.03,80.0
739071,上櫃,0.0,0.0,0.0
739072,上櫃,0.0,0.0,0.0
739073,上櫃,0.0,0.0,0.0
739075,上櫃,0.0,0.0,0.0
739076,上櫃,0.0,0.0,0.0
739077,上櫃,0.0,0.0,0.0
739078,上櫃,0.0,0.0,0.0
739079,上櫃,0.0,0.0,0.0
739080,上櫃,0.0,0.0,0.0
739083,上櫃,0.0,0.0,0.0
739086,上櫃,0.0,0.0,0.0
739088,上櫃,0.0,0.0,0.0
739089,上櫃,0.0,0.0,0.0
739091,上櫃,0.0,0.0,0.0
739092,上櫃,0.0,0.0,0.0
739095,上櫃,0.0,0.0,0.0
739096,上櫃,0.0,0.0,0.0
739097,上櫃,0.0,0.0,0.0
739100,上櫃,0.0,0.0,0.0
739102,上櫃,0.0,0.0,0.0
739105,上櫃,0.12,0.12,51.0
739106,上櫃,2.3,2.54,93.0
739108,上櫃,0.0,0.0,0.0
739114,上櫃,0.0,0.0,0.0
739116,上櫃,0.0,0.0,0.0
739117,上櫃,0.11,0.12,400.0
739118,上櫃,0.0,0.0,0.0
739119,上櫃,0.0,0.0,0.0
739120,上櫃,0.0,0.0,0.0
739121,上櫃,0.0,0.0,0.0
739122,上櫃,0.0,0.0,0.0
739123,上櫃,0.0,0.0,0.0
739124,上櫃,0.0,0.0,0.0
739125,上櫃,0.0,0.0,0.0
739126,上櫃,0.0,0.0,0.0
739127,上櫃,0.39,0.39,10.0
739128,上櫃,0.0,0.0,0.0
739129,上櫃,0.0,0.0,0.0
739130,上櫃,0.0,0.0,0.0
739131,上櫃,14.5,14.3,2.0
739132,上櫃,0.0,0.0,0.0
739133,上櫃,0.0,0.0,0.0
739134,上櫃,0.0,0.0,0.0
739135,上櫃,2.5,2.5,4.0
739136,上櫃,0.0,0.0,0.0
739137,上櫃,0.0,0.0,0.0
739138,上櫃,0.0,0.0,0.0
739139,上櫃,0.0,0.0,0.0
739140,上櫃,0.0,0.0,0.0
739141,上櫃,0.0,0.0,0.0
739143,上櫃,0.12,0.12,10.0
739145,上櫃,0.0,0.0,0.0
739148,上櫃,0.0,0.0,0.0
739149,上櫃,0.0,0.0,0.0
739151,上櫃,25.6,25.6,1.0
739152,上櫃,0.0,0.0,0.0
739154,上櫃,0.0,0.0,0.0
739155,上櫃,33.3,33.3,1.0
739156,上櫃,0.0,0.0,0.0
739157,上櫃,0.04,0.05,62.0
739159,上櫃,0.0,0.0,0.0
739160,上櫃,0.0,0.0,0.0
739161,上櫃,0.0,0.0,0.0
739162,上櫃,0.0,0.0,0.0
739163,上櫃,0.0,0.0,0.0
739164,上櫃,0.0,0.0,0.0
739165,上櫃,0.0,0.0,0.0
739166,上櫃,0.0,0.0,0.0
739167,上櫃,0.0,0.0,0.0
739168,上櫃,0.0,0.0,0.0
739169,上櫃,0.0,0.0,0.0
739170,上櫃,0.0,0.0,0.0
739171,上櫃,0.0,0.0,0.0
739174,上櫃,0.0,0.0,0.0
739175,上櫃,0.0,0.0,0.0
739176,上櫃,0.0,0.0,0.0
739177,上櫃,0.05,0.05,100.0
739180,上櫃,0.0,0.0,0.0
739183,上櫃,0.0,0.0,0.0
739185,上櫃,0.0,0.0,0.0
739188,上櫃,0.0,0.0,0.0
739191,上櫃,0.0,0.0,0.0
739192,上櫃,0.0,0.0,0.0
739193,上櫃,0.0,0.0,0.0
739194,上櫃,1.5,1.11,3.0
739195,上櫃,0.0,0.0,0.0
739196,上櫃,0.0,0.0,0.0
739197,上櫃,0.0,0.0,0.0
739198,上櫃,0.0,0.0,0.0
739199,上櫃,0.0,0.0,0.0
739200,上櫃,0.0,0.0,0.0
739201,上櫃,30.9,30.9,1.0
739202,上櫃,0.0,0.0,0.0
739207,上櫃,0.0,0.0,0.0
739208,上櫃,0.0,0.0,0.0
739209,上櫃,0.0,0.0,0.0
739210,上櫃,0.0,0.0,0.0
739211,上櫃,0.0,0.0,0.0
739214,上櫃,0.0,0.0,0.0
739215,上櫃,18.5,18.5,1.0
739216,上櫃,0.0,0.0,0.0
739217,上櫃,0.0,0.0,0.0
739218,上櫃,0.0,0.0,0.0
739219,上櫃,0.0,0.0,0.0
739220,上櫃,0.0,0.0,0.0
739221,上櫃,0.0,0.0,0.0
739222,上櫃,0.85,0.85,18.0
739223,上櫃,0.0,0.0,0.0
739224,上櫃,0.0,0.0,0.0
739225,上櫃,0.0,0.0,0.0
739227,上櫃,0.0,0.0,0.0
739231,上櫃,0.0,0.0,0.0
739234,上櫃,0.03,0.03,5.0
739235,上櫃,1.1,1.1,1.0
739242,上櫃,0.0,0.0,0.0
739250,上櫃,0.0,0.0,0.0
739251,上櫃,13.4,13.3,10.0
739252,上櫃,0.0,0.0,0.0
739253,上櫃,0.0,0.0,0.0
739254,上櫃,0.0,0.0,0.0
739255,上櫃,9.75,9.75,12.0
739256,上櫃,0.0,0.0,0.0
739257,上櫃,0.0,0.0,0.0
739258,上櫃,0.0,0.0,0.0
739259,上櫃,0.0,0.0,0.0
739260,上櫃,0.0,0.0,0.0
739261,上櫃,0.0,0.0,0.0
739262,上櫃,0.0,0.0,0.0
739263,上櫃,9.2,9.85,154.0
739264,上櫃,0.0,0.0,0.0
739265,上櫃,0.0,0.0,0.0
739266,上櫃,0.0,0.0,0.0
739267,上櫃,0.0,0.0,0.0
739268,上櫃,0.0,0.0,0.0
739269,上櫃,0.0,0.0,0.0
739270,上櫃,16.8,16.8,1.0
739271,上櫃,0.0,0.0,0.0
739272,上櫃,0.0,0.0,0.0
739273,上櫃,0.0,0.0,0.0
739276,上櫃,0.0,0.0,0.0
739277,上櫃,0.0,0.0,0.0
739279,上櫃,0.0,0.0,0.0
739280,上櫃,0.0,0.0,0.0
739281,上櫃,0.0,0.0,0.0
739282,上櫃,0.0,0.0,0.0
739283,上櫃,0.02,0.03,45.0
739284,上櫃,0.0,0.0,0.0
739285,上櫃,0.0,0.0,0.0
739286,上櫃,0.0,0.0,0.0
739287,上櫃,46.0,48.6,9.0
739288,上櫃,0.0,0.0,0.0
739289,上櫃,0.0,0.0,0.0
739292,上櫃,0.0,0.0,0.0
739293,上櫃,0.0,0.0,0.0
739294,上櫃,0.0,0.0,0.0
739295,上櫃,18.3,19.5,5.0
739299,上櫃,0.0,0.0,0.0
739300,上櫃,0.0,0.0,0.0
739303,上櫃,1.11,1.16,43.0
739309,上櫃,0.0,0.0,0.0
739310,上櫃,0.0,0.0,0.0
739311,上櫃,0.0,0.0,0.0
739312,上櫃,0.0,0.0,0.0
739313,上櫃,0.0,0.0,0.0
739314,上櫃,0.0,0.0,0.0
739315,上櫃,0.0,0.0,0.0
739316,上櫃,0.0,0.0,0.0
739317,上櫃,0.83,0.83,4.0
739319,上櫃,0.0,0.0,0.0
739320,上櫃,0.0,0.0,0.0
739321,上櫃,0.08,0.08,210.0
739322,上櫃,1.43,1.55,42.0
739323,上櫃,0.0,0.0,0.0
739324,上櫃,0.0,0.0,0.0
739325,上櫃,0.0,0.0,0.0
739327,上櫃,0.0,0.0,0.0
739330,上櫃,0.0,0.0,0.0
739332,上櫃,0.7,0.89,39.0
739333,上櫃,0.0,0.0,0.0
739336,上櫃,0.0,0.0,0.0
739337,上櫃,0.0,0.0,0.0
739338,上櫃,1.1,1.13,70.0
739339,上櫃,0.0,0.0,0.0
739340,上櫃,0.17,0.18,92.0
739341,上櫃,0.0,0.0,0.0
739342,上櫃,0.0,0.0,0.0
739343,上櫃,0.0,0.0,0.0
739344,上櫃,3.38,3.38,6.0
739345,上櫃,0.26,0.25,222.0
739346,上櫃,0.0,0.0,0.0
739347,上櫃,0.83,0.77,9.0
739348,上櫃,0.46,0.59,849.0
739349,上櫃,0.0,0.0,0.0
739350,上櫃,0.0,0.0,0.0
739351,上櫃,0.0,0.0,0.0
739352,上櫃,0.0,0.0,0.0
739353,上櫃,0.11,0.11,20.0
739354,上櫃,0.0,0.0,0.0
739355,上櫃,0.06,0.06,1.0
739356,上櫃,0.02,0.02,20.0
739359,上櫃,0.0,0.0,0.0
739361,上櫃,0.0,0.0,0.0
739362,上櫃,0.0,0.0,0.0
739365,上櫃,0.42,0.43,72.0
739366,上櫃,0.0,0.0,0.0
739367,上櫃,0.0,0.0,0.0
739368,上櫃,0.0,0.0,0.0
739369,上櫃,0.0,0.0,0.0
739370,上櫃,0.0,0.0,0.0
739372,上櫃,0.78,0.8,722.0
739373,上櫃,0.0,0.0,0.0
739374,上櫃,0.0,0.0,0.0
739375,上櫃,0.4,0.41,20.0
739376,上櫃,0.38,0.4,26.0
739377,上櫃,0.0,0.0,0.0
739378,上櫃,0.0,0.0,0.0
739379,上櫃,6.8,6.8,1.0
739380,上櫃,1.28,1.28,20.0
739381,上櫃,7.15,7.15,1.0
739382,上櫃,3.22,3.24,31.0
739383,上櫃,3.1,3.15,12.0
739384,上櫃,0.0,0.0,0.0
739385,上櫃,0.73,0.84,105.0
739386,上櫃,0.76,0.69,474.0
739387,上櫃,0.37,0.38,10.0
739388,上櫃,0.79,0.8,56.0
739389,上櫃,0.0,0.0,0.0
739390,上櫃,0.33,0.33,20.0
739391,上櫃,0.0,0.0,0.0
739392,上櫃,0.0,0.0,0.0
739395,上櫃,0.0,0.0,0.0
739396,上櫃,0.0,0.0,0.0
739397,上櫃,0.0,0.0,0.0
739398,上櫃,0.04,0.04,10.0
739399,上櫃,0.0,0.0,0.0
739402,上櫃,0.0,0.0,0.0
739403,上櫃,0.0,0.0,0.0
739404,上櫃,0.0,0.0,0.0
739405,上櫃,0.0,0.0,0.0
739406,上櫃,0.05,0.05,20.0
739407,上櫃,0.08,0.08,100.0
739408,上櫃,0.0,0.0,0.0
739409,上櫃,0.0,0.0,0.0
739410,上櫃,0.56,0.59,192.0
739411,上櫃,0.0,0.0,0.0
739412,上櫃,0.0,0.0,0.0
739413,上櫃,0.0,0.0,0.0
739414,上櫃,0.0,0.0,0.0
739415,上櫃,0.0,0.0,0.0
739416,上櫃,0.09,0.15,410.0
739417,上櫃,0.09,0.1,135.0
739418,上櫃,0.0,0.0,0.0
739419,上櫃,0.05,0.05,100.0
739421,上櫃,0.0,0.0,0.0
739422,上櫃,0.0,0.0,0.0
739423,上櫃,0.0,0.0,0.0
739424,上櫃,0.0,0.0,0.0
739425,上櫃,0.01,0.02,83.0
739426,上櫃,0.0,0.0,0.0
739427,上櫃,0.0,0.0,0.0
739428,上櫃,0.0,0.0,0.0
739429,上櫃,0.0,0.0,0.0
739431,上櫃,0.0,0.0,0.0
739432,上櫃,0.09,0.13,151.0
739433,上櫃,0.0,0.0,0.0
739434,上櫃,0.29,0.29,499.0
739436,上櫃,0.33,0.33,1.0
739437,上櫃,0.0,0.0,0.0
739438,上櫃,0.0,0.0,0.0
739439,上櫃,0.0,0.0,0.0
739440,上櫃,0.0,0.0,0.0
739441,上櫃,0.0,0.0,0.0
739442,上櫃,0.24,0.24,5.0
739443,上櫃,0.0,0.0,0.0
739444,上櫃,0.0,0.0,0.0
739445,上櫃,0.59,0.59,10.0
739446,上櫃,0.0,0.0,0.0
739447,上櫃,0.0,0.0,0.0
739448,上櫃,0.0,0.0,0.0
739450,上櫃,6.35,6.35,1.0
739451,上櫃,0.0,0.0,0.0
739452,上櫃,0.29,0.29,52.0
739453,上櫃,0.14,0.16,11.0
739454,上櫃,0.0,0.0,0.0
739455,上櫃,0.0,0.0,0.0
739456,上櫃,0.0,0.0,0.0
739457,上櫃,2.36,2.65,2.0
739458,上櫃,0.32,0.35,259.0
739459,上櫃,0.36,0.36,240.0
739460,上櫃,0.4,0.43,110.0
739461,上櫃,0.0,0.0,0.0
739462,上櫃,0.0,0.0,0.0
739463,上櫃,0.0,0.0,0.0
739465,上櫃,0.0,0.0,0.0
739466,上櫃,8.75,9.35,10.0
739467,上櫃,0.0,0.0,0.0
739468,上櫃,0.0,0.0,0.0
739471,上櫃,0.0,0.0,0.0
739475,上櫃,0.0,0.0,0.0
739476,上櫃,0.0,0.0,0.0
739477,上櫃,0.0,0.0,0.0
739478,上櫃,0.15,0.15,50.0
739480,上櫃,0.0,0.0,0.0
739481,上櫃,0.0,0.0,0.0
739484,上櫃,0.0,0.0,0.0
739485,上櫃,0.0,0.0,0.0
739489,上櫃,0.0,0.0,0.0
739493,上櫃,0.0,0.0,0.0
739494,上櫃,0.0,0.0,0.0
739495,上櫃,0.0,0.0,0.0
739496,上櫃,0.0,0.0,0.0
739497,上櫃,0.0,0.0,0.0
739498,上櫃,0.0,0.0,0.0
739499,上櫃,0.0,0.0,0.0
739500,上櫃,0.0,0.0,0.0
739501,上櫃,0.0,0.0,0.0
739502,上櫃,0.0,0.0,0.0
739504,上櫃,0.0,0.0,0.0
739505,上櫃,0.0,0.0,0.0
739506,上櫃,1.67,1.67,1.0
739510,上櫃,0.0,0.0,0.0
739511,上櫃,0.0,0.0,0.0
739513,上櫃,0.0,0.0,0.0
739515,上櫃,0.06,0.06,4.0
739517,上櫃,0.0,0.0,0.0
739518,上櫃,0.25,0.25,1.0
739519,上櫃,0.41,0.39,241.0
739520,上櫃,0.0,0.0,0.0
739521,上櫃,0.0,0.0,0.0
739522,上櫃,0.0,0.0,0.0
739523,上櫃,1.88,2.04,46.0
739524,上櫃,0.07,0.08,391.0
739525,上櫃,0.0,0.0,0.0
739526,上櫃,0.0,0.0,0.0
739527,上櫃,0.0,0.0,0.0
739528,上櫃,0.0,0.0,0.0
739531,上櫃,0.0,0.0,0.0
739534,上櫃,0.0,0.0,0.0
739535,上櫃,0.0,0.0,0.0
739536,上櫃,0.0,0.0,0.0
739537,上櫃,0.0,0.0,0.0
739538,上櫃,0.0,0.0,0.0
739539,上櫃,0.0,0.0,0.0
739540,上櫃,0.0,0.0,0.0
739541,上櫃,0.0,0.0,0.0
739542,上櫃,0.0,0.0,0.0
739545,上櫃,0.0,0.0,0.0
739546,上櫃,0.0,0.0,0.0
739547,上櫃,0.0,0.0,0.0
739548,上櫃,0.0,0.0,0.0
739549,上櫃,0.0,0.0,0.0
739550,上櫃,0.0,0.0,0.0
739551,上櫃,0.0,0.0,0.0
739552,上櫃,0.0,0.0,0.0
739553,上櫃,0.0,0.0,0.0
739554,上櫃,0.0,0.0,0.0
739555,上櫃,0.0,0.0,0.0
739556,上櫃,0.0,0.0,0.0
739557,上櫃,0.0,0.0,0.0
739558,上櫃,0.0,0.0,0.0
739559,上櫃,0.0,0.0,0.0
739560,上櫃,0.0,0.0,0.0
739561,上櫃,0.0,0.0,0.0
739562,上櫃,0.0,0.0,0.0
739563,上櫃,0.0,0.0,0.0
739564,上櫃,0.0,0.0,0.0
739565,上櫃,0.0,0.0,0.0
739566,上櫃,0.0,0.0,0.0
739567,上櫃,0.02,0.02,11.0
739568,上櫃,0.08,0.08,80.0
739569,上櫃,0.0,0.0,0.0
739576,上櫃,0.0,0.0,0.0
739578,上櫃,0.0,0.0,0.0
739579,上櫃,1.21,1.45,72.0
739580,上櫃,0.0,0.0,0.0
739581,上櫃,5.4,5.45,6.0
739583,上櫃,0.0,0.0,0.0
739584,上櫃,0.01,0.01,100.0
739586,上櫃,0.0,0.0,0.0
739588,上櫃,0.0,0.0,0.0
739590,上櫃,0.0,0.0,0.0
739591,上櫃,0.0,0.0,0.0
739593,上櫃,0.0,0.0,0.0
739595,上櫃,0.0,0.0,0.0
739596,上櫃,0.0,0.0,0.0
739597,上櫃,0.0,0.0,0.0
739598,上櫃,0.45,0.45,10.0
739600,上櫃,0.0,0.0,0.0
739602,上櫃,0.0,0.0,0.0
739605,上櫃,0.0,0.0,0.0
739606,上櫃,0.0,0.0,0.0
739607,上櫃,0.0,0.0,0.0
739608,上櫃,0.0,0.0,0.0
739609,上櫃,0.0,0.0,0.0
739610,上櫃,0.0,0.0,0.0
739611,上櫃,0.0,0.0,0.0
739612,上櫃,0.0,0.0,0.0
739614,上櫃,0.0,0.0,0.0
739615,上櫃,0.0,0.0,0.0
739616,上櫃,0.0,0.0,0.0
739617,上櫃,0.0,0.0,0.0
739618,上櫃,0.0,0.0,0.0
739619,上櫃,0.0,0.0,0.0
739620,上櫃,0.27,0.26,13.0
739621,上櫃,0.0,0.0,0.0
739622,上櫃,0.0,0.0,0.0
739623,上櫃,0.0,0.0,0.0
739624,上櫃,0.0,0.0,0.0
739625,上櫃,0.0,0.0,0.0
739626,上櫃,0.0,0.0,0.0
739627,上櫃,0.0,0.0,0.0
739628,上櫃,0.0,0.0,0.0
739629,上櫃,0.0,0.0,0.0
739630,上櫃,0.0,0.0,0.0
739631,上櫃,0.0,0.0,0.0
739632,上櫃,0.0,0.0,0.0
739633,上櫃,0.0,0.0,0.0
739634,上櫃,0.12,0.12,50.0
739635,上櫃,0.0,0.0,0.0
739636,上櫃,0.0,0.0,0.0
739639,上櫃,0.0,0.0,0.0
739640,上櫃,0.0,0.0,0.0
739641,上櫃,2.9,2.9,17.0
739642,上櫃,1.42,1.5,122.0
739643,上櫃,0.0,0.0,0.0
739644,上櫃,0.0,0.0,0.0
739645,上櫃,0.26,0.26,50.0
739646,上櫃,0.0,0.0,0.0
739647,上櫃,0.0,0.0,0.0
739648,上櫃,0.19,0.19,44.0
739649,上櫃,0.0,0.0,0.0
739650,上櫃,0.78,0.94,94.0
739651,上櫃,0.52,0.54,182.0
739652,上櫃,0.0,0.0,0.0
739654,上櫃,0.0,0.0,0.0
739656,上櫃,0.0,0.0,0.0
739660,上櫃,23.0,23.0,1.0
739662,上櫃,0.0,0.0,0.0
739668,上櫃,0.0,0.0,0.0
739669,上櫃,0.0,0.0,0.0
739670,上櫃,0.0,0.0,0.0
739672,上櫃,0.0,0.0,0.0
739673,上櫃,0.0,0.0,0.0
739674,上櫃,0.0,0.0,0.0
739675,上櫃,0.0,0.0,0.0
739676,上櫃,0.0,0.0,0.0
739677,上櫃,0.0,0.0,0.0
739678,上櫃,0.0,0.0,0.0
739679,上櫃,0.0,0.0,0.0
739680,上櫃,0.0,0.0,0.0
739682,上櫃,0.0,0.0,0.0
739683,上櫃,0.0,0.0,0.0
739684,上櫃,0.0,0.0,0.0
739685,上櫃,0.0,0.0,0.0
739687,上櫃,0.0,0.0,0.0
739688,上櫃,6.95,6.95,10.0
739689,上櫃,0.0,0.0,0.0
739690,上櫃,0.0,0.0,0.0
739692,上櫃,0.0,0.0,0.0
739696,上櫃,1.23,1.2,14.0
739698,上櫃,0.0,0.0,0.0
739699,上櫃,0.0,0.0,0.0
739700,上櫃,0.0,0.0,0.0
739701,上櫃,0.0,0.0,0.0
739702,上櫃,0.0,0.0,0.0
739703,上櫃,0.65,0.65,5.0
739704,上櫃,0.0,0.0,0.0
739705,上櫃,0.0,0.0,0.0
739706,上櫃,0.0,0.0,0.0
739707,上櫃,0.0,0.0,0.0
739709,上櫃,0.24,0.24,3.0
739710,上櫃,0.0,0.0,0.0
739711,上櫃,0.0,0.0,0.0
739712,上櫃,5.55,5.55,10.0
739715,上櫃,0.0,0.0,0.0
739716,上櫃,0.72,0.72,4.0
739718,上櫃,0.0,0.0,0.0
739720,上櫃,0.0,0.0,0.0
739723,上櫃,0.0,0.0,0.0
739724,上櫃,0.0,0.0,0.0
739725,上櫃,0.0,0.0,0.0
739726,上櫃,0.0,0.0,0.0
739727,上櫃,0.0,0.0,0.0
739729,上櫃,0.0,0.0,0.0
739730,上櫃,0.0,0.0,0.0
739731,上櫃,0.0,0.0,0.0
739732,上櫃,0.0,0.0,0.0
739735,上櫃,0.0,0.0,0.0
739738,上櫃,0.0,0.0,0.0
739739,上櫃,0.0,0.0,0.0
739740,上櫃,0.0,0.0,0.0
739741,上櫃,0.0,0.0,0.0
739742,上櫃,0.0,0.0,0.0
739745,上櫃,0.0,0.0,0.0
739747,上櫃,0.0,0.0,0.0
739749,上櫃,0.0,0.0,0.0
739750,上櫃,0.6,0.6,3.0
739751,上櫃,0.38,0.39,2.0
739752,上櫃,0.0,0.0,0.0
739753,上櫃,0.0,0.0,0.0
739754,上櫃,0.0,0.0,0.0
739755,上櫃,0.0,0.0,0.0
739756,上櫃,0.0,0.0,0.0
739757,上櫃,0.0,0.0,0.0
739758,上櫃,0.19,0.17,202.0
739759,上櫃,0.0,0.0,0.0
739760,上櫃,0.0,0.0,0.0
739761,上櫃,0.0,0.0,0.0
739762,上櫃,0.0,0.0,0.0
739763,上櫃,0.0,0.0,0.0
739764,上櫃,0.0,0.0,0.0
739765,上櫃,0.0,0.0,0.0
739766,上櫃,0.0,0.0,0.0
739770,上櫃,0.0,0.0,0.0
739771,上櫃,0.0,0.0,0.0
739774,上櫃,0.0,0.0,0.0
739775,上櫃,0.0,0.0,0.0
739778,上櫃,0.0,0.0,0.0
739779,上櫃,0.0,0.0,0.0
739781,上櫃,12.7,13.0,20.0
739782,上櫃,0.0,0.0,0.0
739783,上櫃,0.45,0.45,1.0
739799,上櫃,0.0,0.0,0.0
739800,上櫃,0.0,0.0,0.0
739801,上櫃,0.0,0.0,0.0
739802,上櫃,0.0,0.0,0.0
739803,上櫃,0.0,0.0,0.0
739805,上櫃,0.95,1.01,195.0
739806,上櫃,0.6,0.64,29.0
739808,上櫃,0.0,0.0,0.0
739809,上櫃,0.59,0.59,30.0
739811,上櫃,0.0,0.0,0.0
739812,上櫃,0.0,0.0,0.0
739813,上櫃,0.0,0.0,0.0
739814,上櫃,0.0,0.0,0.0
739815,上櫃,0.0,0.0,0.0
739824,上櫃,0.0,0.0,0.0
739825,上櫃,0.0,0.0,0.0
739826,上櫃,1.06,1.18,34.0
739829,上櫃,0.0,0.0,0.0
739831,上櫃,0.0,0.0,0.0
739833,上櫃,0.0,0.0,0.0
739835,上櫃,4.8,5.4,36.0
739836,上櫃,0.0,0.0,0.0
739837,上櫃,0.0,0.0,0.0
739838,上櫃,0.0,0.0,0.0
739840,上櫃,0.0,0.0,0.0
739841,上櫃,0.0,0.0,0.0
739842,上櫃,0.0,0.0,0.0
739844,上櫃,0.0,0.0,0.0
739845,上櫃,0.0,0.0,0.0
739846,上櫃,11.0,11.6,41.0
739847,上櫃,0.0,0.0,0.0
739849,上櫃,0.0,0.0,0.0
739850,上櫃,0.0,0.0,0.0
739855,上櫃,0.07,0.09,214.0
739856,上櫃,0.41,0.38,958.0
739858,上櫃,9.8,10.2,35.0
739870,上櫃,0.25,0.25,5.0
739873,上櫃,0.0,0.0,0.0
739874,上櫃,0.0,0.0,0.0
739875,上櫃,0.0,0.0,0.0
739876,上櫃,0.0,0.0,0.0
739877,上櫃,0.0,0.0,0.0
739878,上櫃,0.0,0.0,0.0
739879,上櫃,0.0,0.0,0.0
739880,上櫃,7.5,7.55,2.0
739881,上櫃,0.0,0.0,0.0
739882,上櫃,0.0,0.0,0.0
739883,上櫃,0.32,0.33,236.0
739884,上櫃,0.0,0.0,0.0
739885,上櫃,0.0,0.0,0.0
739886,上櫃,0.0,0.0,0.0
739887,上櫃,0.0,0.0,0.0
739891,上櫃,0.0,0.0,0.0
739894,上櫃,0.0,0.0,0.0
739895,上櫃,0.0,0.0,0.0
739903,上櫃,0.0,0.0,0.0
739906,上櫃,0.0,0.0,0.0
739907,上櫃,2.73,2.73,5.0
739908,上櫃,0.0,0.0,0.0
739909,上櫃,0.23,0.27,322.0
739910,上櫃,0.0,0.0,0.0
739913,上櫃,0.0,0.0,0.0
739914,上櫃,0.0,0.0,0.0
739915,上櫃,0.0,0.0,0.0
739916,上櫃,0.0,0.0,0.0
739921,上櫃,0.0,0.0,0.0
739924,上櫃,0.0,0.0,0.0
739933,上櫃,0.36,0.36,4.0
739934,上櫃,0.0,0.0,0.0
739935,上櫃,0.0,0.0,0.0
739936,上櫃,0.0,0.0,0.0
739941,上櫃,0.16,0.22,773.0
739953,上櫃,0.41,0.51,1528.0
739958,上櫃,0.0,0.0,0.0
739960,上櫃,0.0,0.0,0.0
739963,上櫃,0.0,0.0,0.0
739965,上櫃,0.0,0.0,0.0
739966,上櫃,0.0,0.0,0.0
739968,上櫃,0.0,0.0,0.0
739972,上櫃,0.0,0.0,0.0
739973,上櫃,7.0,7.85,265.0
739974,上櫃,0.0,0.0,0.0
739977,上櫃,0.35,0.3,311.0
739978,上櫃,0.02,0.02,1.0
739979,上櫃,0.0,0.0,0.0
739980,上櫃,0.0,0.0,0.0
739982,上櫃,0.0,0.0,0.0
739983,上櫃,0.0,0.0,0.0
739985,上櫃,0.0,0.0,0.0
739986,上櫃,0.0,0.0,0.0
739987,上櫃,0.0,0.0,0.0
739988,上櫃,0.0,0.0,0.0
739989,上櫃,0.22,0.22,30.0
739990,上櫃,0.0,0.0,0.0
739991,上櫃,0.0,0.0,0.0
739992,上櫃,0.0,0.0,0.0
739994,上櫃,0.0,0.0,0.0
739995,上櫃,0.14,0.14,10.0
739999,上櫃,0.0,0.0,0.0
7402,上櫃,123.0,118.5,230.039
7547,上櫃,79.6,76.6,316.484
7556,上櫃,182.0,182.0,101.809
7584,上櫃,32.65,35.0,16.349
7642,上櫃,72.3,72.6,31.185
7703,上櫃,220.0,222.0,192.985
7704,上櫃,56.5,56.5,246.694
7708,上櫃,92.4,92.4,3.233
7709,上櫃,68.9,74.1,1234.223
7712,上櫃,114.0,116.0,289.927
7713,上櫃,66.3,66.1,8.193
7714,上櫃,129.5,131.0,33.341
7715,上櫃,28.95,29.6,49.2
7716,上櫃,0.0,0.0,0.001
7717,上櫃,834.0,878.0,1458.193
7718,上櫃,47.4,47.4,26.001
7723,上櫃,35.0,34.45,112.827
7728,上櫃,736.0,793.0,450.407
7734,上櫃,2450.0,2440.0,220.968
7738,上櫃,185.0,190.0,69.162
7743,上櫃,20.1,20.15,16.112
7744,上櫃,493.5,493.5,165.275
7747,上櫃,116.5,116.5,14.609
7751,上櫃,1945.0,1990.0,1014.322
7753,上櫃,40.7,40.8,19.224
7757,上櫃,108.5,109.5,11.259
7767,上櫃,44.45,44.2,8.551
7770,上櫃,49.5,50.0,18.11
7777,上櫃,25.1,25.4,523.411
7782,上櫃,27.5,27.95,40.264
7792,上櫃,318.5,347.0,955.628
7805,上櫃,710.0,700.0,156.019
7810,上櫃,239.0,242.0,235.989
7811,上櫃,87.0,86.8,54.627
8024,上櫃,13.05,12.8,34.373
8027,上櫃,150.5,136.5,12765.431
8032,上櫃,33.35,34.1,44.113
8034,上櫃,25.75,26.35,3447.81
8038,上櫃,39.0,40.0,389.934
8040,上櫃,48.05,48.4,141.484
8042,上櫃,53.4,54.6,921.05
8043,上櫃,65.0,66.2,850.107
8044,上櫃,22.45,22.7,322.673
8047,上櫃,51.4,52.3,54.515
8048,上櫃,53.2,55.1,568.338
8049,上櫃,25.2,25.35,95.374
8050,上櫃,40.1,40.55,202.653
8054,上櫃,95.9,98.8,1641.75
8059,上櫃,18.0,18.1,219.048
8064,上櫃,66.5,71.2,12720.315
8066,上櫃,18.5,18.45,24.091
8067,上櫃,14.8,13.6,24.937
8068,上櫃,20.6,21.2,284.324
8069,上櫃,146.0,148.5,4902.451
8071,上櫃,15.75,15.9,212.229
8074,上櫃,59.1,61.2,2064.995
8076,上櫃,23.6,23.45,628.814
8077,上櫃,0.0,0.0,0.607
8080,上櫃,29.0,28.85,27.75
8083,上櫃,166.5,168.5,75.4
8084,上櫃,49.9,49.7,79.071
8085,上櫃,15.9,15.45,340.99
8086,上櫃,146.0,145.5,17031.834
8087,上櫃,33.3,34.05,36.048
8088,上櫃,51.0,51.0,1394.782
8089,上櫃,22.3,22.7,121.328
8091,上櫃,166.0,168.0,1671.693
8092,上櫃,12.2,11.9,173.742
8093,上櫃,19.45,19.5,29.152
8096,上櫃,98.0,103.0,40159.232
8097,上櫃,55.0,55.7,97.403
8099,上櫃,64.2,66.2,181.456
8102,上櫃,55.9,54.5,8.24
8107,上櫃,12.85,12.8,35.488
8109,上櫃,112.5,108.0,383.408
8111,上櫃,61.6,61.1,1504.778
8121,上櫃,23.4,23.65,261.347
8147,上櫃,141.5,140.5,286.342
8155,上櫃,286.5,296.0,1782.599
8171,上櫃,23.95,24.55,102.518
8176,上櫃,10.9,11.15,290.864
8182,上櫃,27.8,27.85,190.913
8183,上櫃,32.3,33.25,248.346
8227,上櫃,123.0,126.0,350.303
8234,上櫃,59.7,60.8,349.657
8240,上櫃,52.4,54.5,2683.055
8255,上櫃,122.5,123.0,301.817
8272,上櫃,72.9,72.1,18.135
8277,上櫃,7.8,7.72,146.417
8279,上櫃,110.5,108.5,16.596
8284,上櫃,64.0,63.8,6.397
8289,上櫃,36.0,36.85,1028.498
8291,上櫃,13.2,13.25,2.0
8299,上櫃,1660.0,1725.0,8111.753
8342,上櫃,88.5,88.6,6.072
8349,上櫃,40.95,41.3,139.235
8349A,上櫃,0.0,0.0,0.0
8354,上櫃,15.05,15.0,41.0
8358,上櫃,258.5,267.5,17697.88
8383,上櫃,44.7,45.25,570.418
8390,上櫃,91.5,93.0,746.566
8401,上櫃,24.95,24.9,30.652
8403,上櫃,22.4,22.35,104.574
8409,上櫃,21.0,20.8,31.64
8410,上櫃,35.9,35.65,10.217
8415,上櫃,34.25,34.15,439.073
8416,上櫃,170.0,170.0,1.074
8421,上櫃,13.85,13.65,56.318
8423,上櫃,18.4,18.2,20.221
8424,上櫃,74.4,74.5,12.02
8426,上櫃,25.45,25.25,22.025
8431,上櫃,57.4,60.8,1301.896
8432,上櫃,52.5,51.8,30.241
8433,上櫃,61.9,62.7,308.539
8435,上櫃,56.6,56.8,12.959
8436,上櫃,125.5,124.0,874.975
8437,上櫃,12.5,12.55,93.753
8440,上櫃,22.25,22.5,87.125
8444,上櫃,8.01,7.56,59.917
8446,上櫃,98.5,98.3,201.022
8450,上櫃,17.55,17.2,18.735
8455,上櫃,20.95,20.95,1.338
8472,上櫃,78.8,80.0,35.05
8477,上櫃,13.95,14.0,49.102
8489,上櫃,26.2,26.95,171.686
8905,上櫃,40.2,40.45,16.404
8906,上櫃,29.1,29.35,12.824
8908,上櫃,40.4,40.5,187.367
8916,上櫃,47.8,47.6,57.97
8917,上櫃,52.7,52.8,6.725
8921,上櫃,17.4,17.4,5.0
8923,上櫃,19.6,19.7,5.565
8924,上櫃,67.1,67.3,60.937
8927,上櫃,25.1,23.95,782.868
8928,上櫃,23.45,23.4,5.0
8929,上櫃,16.25,15.9,56.93
8930,上櫃,29.9,30.05,52.437
8931,上櫃,41.4,42.05,28.992
8932,上櫃,83.1,83.2,997.845
8933,上櫃,6.7,6.6,542.791
8935,上櫃,18.3,17.9,340.926
8936,上櫃,50.5,50.3,1909.927
8938,上櫃,64.0,62.9,221.639
8941,上櫃,46.0,45.1,7.043
8942,上櫃,37.8,39.0,840.433
9949,上櫃,32.05,31.6,34.779
9950,上櫃,10.75,10.7,25.0
9951,上櫃,53.2,53.2,81.231
9960,上櫃,25.1,25.3,100.518
9962,上櫃,10.75,10.75,28.034
