code,market,open,close,lots
00400A,上市,11.42,11.56,70919.272
00401A,上市,10.96,11.03,21165.549
0050,上市,84.1,84.15,127729.35
0051,上市,118.3,118.5,102.283
0052,上市,50.0,50.2,45864.087
0053,上市,191.5,190.5,24.103
0055,上市,33.11,33.3,429.827
0056,上市,40.22,40.25,81974.85
0057,上市,250.65,249.5,34.073
0061,上市,24.05,24.13,248.306
006203,上市,153.8,154.0,6.674
006204,上市,185.65,184.1,6.001
006205,上市,40.2,40.38,556.748
006206,上市,36.87,37.27,115.884
006207,上市,32.26,32.33,140.602
006208,上市,194.2,195.05,4846.1
00625K,上市,0.0,0.0,0.0
00631L,上市,25.54,25.33,269676.043
00632R,上市,12.76,12.78,106703.379
00633L,上市,50.05,50.2,4940.028
00634R,上市,3.17,3.15,891.921
00635U,上市,50.85,50.85,6762.825
00636,上市,27.82,28.0,1186.601
00636K,上市,8.84,8.85,0.3
00637L,上市,20.65,20.69,29168.158
00638R,上市,6.8,6.76,303.262
00639,上市,16.69,16.59,911.078
00640L,上市,94.4,93.5,454.004
00641R,上市,4.01,4.03,1046.728
00642U,上市,26.54,26.83,21382.766
00643,上市,18.98,18.85,1855.717
00643K,上市,0.0,0.0,0.0
00645,上市,53.25,53.05,282.617
00646,上市,68.9,69.25,3077.985
00647L,上市,117.5,117.35,90.903
00648R,上市,4.3,4.3,1242.212
00650L,上市,17.82,17.62,5912.833
00651R,上市,5.21,5.18,858.449
00652,上市,33.88,33.88,205.513
00653L,上市,47.65,47.76,307.63
00654R,上市,6.72,6.72,44.69
00655L,上市,34.98,34.98,1343.235
00656R,上市,5.96,5.95,55.96
00657,上市,68.85,68.55,42.093
00657K,上市,21.79,21.79,0.2
00660,上市,43.77,43.55,53.78
00661,上市,75.3,75.2,134.769
00662,上市,105.0,104.95,6770.345
00663L,上市,72.65,72.65,9090.393
00664R,上市,2.05,2.05,37258.034
00665L,上市,10.02,9.96,21883.118
00666R,上市,8.95,9.0,82.34
00668,上市,56.0,55.9,27.646
00668K,上市,17.73,17.73,0.2
00669R,上市,5.66,5.67,629.46
00670L,上市,162.4,162.0,3411.937
00671R,上市,2.78,2.79,8994.789
00673R,上市,14.12,13.98,34444.778
00675L,上市,220.2,220.3,3167.863
00676R,上市,7.02,7.05,9188.215
00678,上市,36.04,36.67,301.592
00680L,上市,7.17,7.18,19131.776
00681R,上市,20.78,20.74,3.27
00682U,上市,20.18,20.2,2.012
00683L,上市,20.79,20.74,91.198
00684R,上市,15.44,15.42,116.0
00685L,上市,198.45,198.6,999.218
00686R,上市,1.27,1.27,7040.757
00688L,上市,7.15,7.17,13879.279
00689R,上市,21.61,21.61,51.158
00690,上市,58.4,59.25,663.516
00692,上市,73.35,73.7,3379.377
00693U,上市,21.85,21.87,1269.67
00700,上市,17.63,17.65,321.553
00701,上市,29.34,29.41,1473.492
00702,上市,23.74,23.74,115.47
00703,上市,20.9,20.52,118.719
00706L,上市,19.5,19.47,1076.756
00707R,上市,0.0,0.0,0.0
00708L,上市,104.15,103.9,6093.322
00709,上市,38.83,38.62,48.627
00710B,上市,18.92,18.91,47.284
00711B,上市,16.17,16.18,92.404
00712,上市,8.97,8.98,32841.544
00713,上市,53.0,53.25,18331.853
00714,上市,21.14,21.27,135.045
00715L,上市,47.34,48.46,28077.135
00717,上市,15.04,15.12,393.198
00728,上市,48.58,49.33,98.173
00730,上市,24.0,23.85,329.175
00731,上市,72.55,72.1,390.283
00733,上市,61.75,61.4,1293.295
00735,上市,76.5,76.8,2029.856
00736,上市,29.59,29.67,14.753
00737,上市,33.35,33.37,209.63
00738U,上市,64.5,64.65,12164.311
00739,上市,27.75,27.83,53.354
00752,上市,24.3,24.37,1751.348
00753L,上市,10.83,10.79,19941.757
00757,上市,116.55,116.8,3971.803
00762,上市,90.25,90.15,494.11
00763U,上市,33.04,33.01,2701.175
00770,上市,55.0,54.9,939.231
00771,上市,16.02,16.14,7.653
00775B,上市,32.75,32.75,1.059
00783,上市,28.77,28.62,34.932
00830,上市,64.55,64.45,13881.317
00850,上市,69.25,69.45,1185.585
00851,上市,59.05,59.05,32.26
00852L,上市,30.24,30.24,564.462
00861,上市,71.6,72.05,143.743
00865B,上市,47.9,47.75,8244.24
00875,上市,37.6,37.67,57.435
00876,上市,71.3,71.6,708.967
00878,上市,23.39,23.39,90950.761
00881,上市,41.91,41.99,11297.068
00882,上市,15.9,15.82,6474.315
00885,上市,18.22,18.33,6887.883
00891,上市,27.29,27.31,12610.258
00892,上市,34.31,34.4,2213.588
00893,上市,36.48,36.6,2096.715
00894,上市,39.5,39.8,3699.463
00895,上市,42.62,42.7,1236.424
00896,上市,22.88,23.09,4460.362
00897,上市,10.18,10.18,2497.829
00898,上市,8.36,8.42,2094.636
00899,上市,24.82,24.79,225.004
00900,上市,14.92,14.86,18278.651
00901,上市,33.48,33.52,405.26
00902,上市,15.22,15.17,7518.622
00903,上市,17.01,17.03,557.433
00904,上市,32.09,32.01,6370.328
00905,上市,21.74,21.84,2895.169
00907,上市,14.87,14.82,972.541
00908,上市,14.12,14.14,177.772
00909,上市,43.31,43.41,6139.995
00910,上市,67.7,67.65,2751.073
00911,上市,42.07,41.87,658.324
00912,上市,27.2,27.35,1290.365
00913,上市,34.0,34.19,1112.713
00915,上市,23.9,23.99,11025.1
00916,上市,26.2,26.31,562.619
00917,上市,21.58,21.63,1021.494
00918,上市,22.97,22.92,34532.208
00919,上市,22.96,22.97,118944.838
00920,上市,23.65,23.73,440.113
00921,上市,19.82,19.92,1756.343
00922,上市,31.05,31.2,35336.658
00923,上市,32.12,32.25,17003.309
00924,上市,29.42,29.45,4489.603
00926,上市,23.76,23.8,1470.032
00927,上市,27.26,27.24,46915.682
00929,上市,20.62,20.66,118789.105
00930,上市,17.94,17.85,2218.653
00932,上市,15.47,15.42,4274.633
00934,上市,22.63,22.48,4912.192
00935,上市,43.04,43.47,6991.132
00936,上市,18.11,18.07,7374.033
00938,上市,19.7,19.74,757.281
00939,上市,16.24,16.21,14758.336
00940,上市,10.01,10.02,359475.843
00941,上市,24.0,23.98,2759.426
00943,上市,16.62,16.6,368.746
00944,上市,16.54,16.55,880.691
00945B,上市,14.56,14.57,3766.105
00946,上市,10.69,10.72,11809.881
00947,上市,26.64,25.94,3653.995
00949,上市,19.62,19.55,946.497
00951,上市,15.5,15.16,6476.893
00952,上市,14.64,14.6,3173.41
00953B,上市,9.65,9.66,32666.373
00954,上市,16.43,16.15,4048.363
00956,上市,12.44,12.42,377.218
00960,上市,17.69,17.6,452.249
00961,上市,10.17,10.17,4735.746
00962,上市,11.68,11.72,865.386
00963,上市,12.89,12.87,488.253
00964,上市,13.95,13.89,1998.018
00965,上市,25.9,25.91,4291.62
00971,上市,15.72,15.72,939.311
00972,上市,19.0,19.13,221.595
009800,上市,11.31,11.33,3079.558
009801,上市,10.96,11.04,2605.347
009802,上市,13.97,14.02,6451.643
009803,上市,17.31,17.45,1576.615
009804,上市,18.57,18.65,4184.092
009805,上市,16.1,16.09,8248.549
009808,上市,24.19,24.3,622.929
009809,上市,13.4,13.48,305.92
00980A,上市,19.63,19.58,10732.763
009810,上市,19.11,19.12,191.614
009811,上市,11.74,11.71,8701.365
009812,上市,11.8,11.77,1265.131
009813,上市,10.43,10.43,13433.735
009816,上市,11.8,11.85,203432.641
009817,上市,9.56,9.52,3382.269
009818,上市,16.12,16.15,2549.925
00981A,上市,24.07,24.3,307106.28
00981T,上市,11.47,11.49,3475.883
00982A,上市,18.7,18.81,33821.082
00982D,上市,10.08,10.09,1007.554
00982T,上市,12.02,12.01,2113.133
00983A,上市,11.14,11.17,4756.002
00983D,上市,10.24,10.25,949.83
00984A,上市,13.68,13.65,24168.496
00984D,上市,10.05,10.05,3849.684
00985A,上市,17.66,17.62,7931.602
00985B,上市,10.25,10.25,9007.221
00986A,上市,12.91,13.05,805.823
00987A,上市,14.46,14.66,12841.99
00988A,上市,15.73,15.55,137498.419
00989A,上市,14.67,14.74,5186.07
00990A,上市,14.65,14.55,41689.26
00991A,上市,14.29,14.29,60513.274
00992A,上市,15.39,15.32,102778.838
00993A,上市,11.7,11.66,26332.99
00994A,上市,14.56,14.73,16694.177
00995A,上市,13.99,13.94,11276.678
00996A,上市,11.12,11.08,13267.425
00997A,上市,10.64,10.49,135197.9
01001T,上市,11.9,11.92,35.0
01002T,上市,14.25,14.25,42.035
01004T,上市,10.95,10.93,11.0
01007T,上市,13.31,13.3,8.0
01009T,上市,5.73,5.75,52.0
01010T,上市,9.99,10.0,296.025
020000,上市,0.0,0.0,0.0
020011,上市,0.0,0.0,0.0
020012,上市,20.05,19.68,11.0
02001L,上市,86.8,86.95,46.0
02001R,上市,0.61,0.61,8.0
020020,上市,19.55,19.68,13.0
020028,上市,16.65,16.71,20.0
020029,上市,10.63,10.69,25.0
020030,上市,13.06,13.38,5.0
020031,上市,7.4,7.41,14.0
020032,上市,9.99,9.98,30.0
020034,上市,9.9,9.97,17.0
020036,上市,0.0,0.0,0.0
020037,上市,8.53,8.53,32.0
020038,上市,8.16,8.19,69.0
020039,上市,11.48,11.6,35.0
1101,上市,25.4,24.6,33620.859
1101B,上市,45.65,45.6,147.609
1102,上市,35.55,35.35,9018.369
1103,上市,13.9,13.85,243.202
1104,上市,29.15,29.3,815.715
1108,上市,14.85,14.8,218.619
1109,上市,15.45,15.5,148.233
1110,上市,15.55,15.7,184.542
1201,上市,13.35,13.35,548.711
1203,上市,41.85,42.1,58.645
1210,上市,54.2,54.8,2400.956
1213,上市,9.3,9.29,13.166
1215,上市,144.5,143.0,1032.571
1216,上市,72.5,72.6,11845.193
1217,上市,10.3,10.35,559.11
1218,上市,19.3,19.15,1394.643
1219,上市,14.3,14.6,1315.594
1220,上市,12.6,12.65,208.812
1225,上市,34.55,33.7,270.809
1227,上市,30.0,29.85,789.099
1229,上市,44.0,43.75,2504.135
1231,上市,90.0,89.6,233.825
1232,上市,149.5,150.5,78.421
1233,上市,29.65,29.5,13.101
1234,上市,36.0,36.1,134.947
1235,上市,43.95,43.15,201.822
1236,上市,26.7,26.85,88.598
1256,上市,153.0,151.0,61.471
1301,上市,54.3,52.3,45995.685
1303,上市,90.8,88.5,130802.962
1304,上市,16.2,15.35,20417.746
1305,上市,17.55,17.0,11130.751
1307,上市,32.45,32.0,625.165
1308,上市,16.65,15.95,9079.166
1309,上市,22.5,21.25,17272.242
1310,上市,10.85,10.35,9901.77
1312,上市,15.25,14.45,45389.408
1312A,上市,23.45,23.3,25.0
1313,上市,13.1,12.65,9035.11
1314,上市,7.92,7.73,29043.771
1315,上市,64.5,64.2,21.024
1316,上市,12.15,12.2,1387.47
1319,上市,78.6,78.6,3071.774
1321,上市,33.15,33.1,146.026
1323,上市,21.9,21.4,197.979
1324,上市,11.6,11.2,199.87
1325,上市,26.55,26.95,179.17
1326,上市,55.0,50.4,84083.454
1337,上市,5.8,5.7,1522.973
1338,上市,16.35,16.35,145.65
1339,上市,40.85,40.35,105.886
1340,上市,6.49,6.46,180.987
1341,上市,60.7,60.6,8.021
1342,上市,89.2,88.2,220.154
1402,上市,26.45,26.5,17199.458
1409,上市,17.3,16.65,9040.749
1410,上市,31.1,31.95,86.657
1413,上市,9.81,9.83,14.232
1414,上市,16.8,16.95,384.39
1416,上市,11.55,11.65,225.58
1417,上市,9.09,9.05,242.832
1418,上市,18.65,18.45,12.954
1419,上市,63.3,63.8,95.687
1423,上市,41.15,40.15,108.047
1432,上市,17.1,17.1,309.054
1434,上市,17.15,16.75,2532.187
1435,上市,0.0,0.0,0.163
1436,上市,52.5,53.3,153.81
1437,上市,30.65,30.55,89.9
1438,上市,29.4,29.15,21.709
1439,上市,27.6,28.0,49.051
1440,上市,13.75,13.65,2030.248
1441,上市,9.8,9.82,76.891
1442,上市,26.25,27.2,843.123
1443,上市,23.2,23.75,72.049
1444,上市,6.76,6.63,1312.442
1445,上市,12.75,13.05,176.32
1446,上市,16.3,16.4,132.98
1447,上市,5.35,5.27,1393.088
1449,上市,14.5,14.7,2960.84
1451,上市,18.6,18.65,343.095
1452,上市,12.05,11.85,77.386
1453,上市,12.2,12.2,111.801
1454,上市,12.9,12.85,26.476
1455,上市,8.75,8.74,1246.883
1456,上市,14.65,14.6,60.125
1457,上市,14.85,15.0,120.828
1459,上市,11.75,11.65,93.947
1460,上市,7.0,7.01,496.604
1463,上市,17.9,17.95,62.684
1464,上市,10.45,10.4,242.026
1465,上市,12.75,12.95,117.561
1466,上市,16.45,16.45,152.151
1467,上市,7.1,7.07,141.185
1468,上市,12.65,12.6,195.046
1470,上市,23.2,22.75,22.0
1471,上市,11.95,11.9,696.623
1472,上市,95.5,95.4,27.002
1473,上市,23.55,23.6,63.868
1474,上市,10.4,10.4,74.998
1475,上市,28.8,28.75,92.378
1476,上市,347.0,340.5,2072.074
1477,上市,216.5,215.0,1341.272
1503,上市,196.5,194.0,2567.657
1504,上市,63.0,62.2,11857.907
1506,上市,11.4,11.25,236.628
1512,上市,7.23,7.39,132.162
1513,上市,153.0,150.5,4360.885
1514,上市,109.0,109.0,4791.42
1515,上市,23.9,23.0,562.31
1516,上市,19.9,19.9,21.369
1517,上市,11.4,11.2,418.003
1519,上市,860.0,877.0,5262.748
1521,上市,25.3,25.0,28.01
1522,上市,32.9,32.8,773.213
1522A,上市,50.7,50.6,5.0
1524,上市,31.0,30.6,1776.196
1525,上市,61.4,61.0,32.242
1526,上市,16.5,16.8,224.588
1527,上市,32.95,32.85,170.795
1528,上市,27.85,30.35,43735.98
1529,上市,23.5,23.9,636.565
1530,上市,27.0,27.3,60.469
1531,上市,13.3,13.3,100.266
1532,上市,21.95,21.8,870.579
1533,上市,31.0,30.95,114.726
1535,上市,52.0,51.8,86.7
1536,上市,52.0,51.0,2896.186
1537,上市,124.0,124.0,68.42
1538,上市,12.65,12.65,13.579
1539,上市,16.4,16.4,62.153
1540,上市,22.6,22.0,369.448
1541,上市,25.25,25.65,80.012
1558,上市,93.2,93.0,21.42
1560,上市,513.0,521.0,3209.23
1563,上市,43.15,42.45,667.008
1568,上市,25.45,25.35,437.737
1582,上市,103.0,102.0,5211.734
1583,上市,47.25,46.3,33.33
1587,上市,34.75,34.9,339.163
1590,上市,1125.0,1185.0,1148.433
1597,上市,116.5,115.5,11545.143
1598,上市,20.05,19.95,221.892
1603,上市,32.85,32.75,325.03
1604,上市,25.4,25.35,1965.851
1605,上市,32.75,32.4,33145.925
1608,上市,33.15,33.35,1978.193
1609,上市,34.0,34.0,3061.822
1611,上市,12.4,12.3,664.399
1612,上市,35.5,35.4,685.041
1614,上市,31.85,32.2,67.916
1615,上市,47.0,46.65,182.873
1616,上市,23.7,23.6,377.77
1617,上市,15.4,15.55,183.886
1618,上市,38.9,39.05,494.677
1623,上市,185.5,186.5,146.958
1626,上市,10.0,9.99,130.204
1702,上市,36.4,37.05,724.309
1707,上市,119.0,118.0,164.185
1708,上市,41.0,40.6,5481.783
1709,上市,19.35,19.1,930.005
1710,上市,14.45,13.7,6636.405
1711,上市,41.1,43.65,63598.836
1712,上市,42.7,42.25,925.74
1713,上市,48.55,48.1,210.49
1714,上市,10.2,9.92,6685.961
1717,上市,81.1,79.8,74022.288
1718,上市,7.19,7.04,8079.54
1720,上市,63.2,63.5,166.726
1721,上市,20.5,19.3,7037.664
1722,上市,46.5,45.75,4201.893
1723,上市,81.0,81.9,1294.968
1725,上市,30.45,30.6,102.52
1726,上市,76.0,75.8,49.436
1727,上市,58.7,57.1,4499.556
1730,上市,52.6,52.8,47.94
1731,上市,21.8,21.9,140.533
1732,上市,26.2,26.15,112.488
1733,上市,29.95,30.15,248.259
1734,上市,31.9,32.0,525.347
1735,上市,30.65,29.35,2472.37
1736,上市,118.5,116.0,445.659
1737,上市,32.2,32.2,94.331
1752,上市,35.9,35.8,35.877
1760,上市,63.2,63.7,104.182
1762,上市,29.4,29.85,210.818
1773,上市,157.5,157.0,1468.598
1776,上市,16.35,16.25,85.197
1783,上市,42.35,41.8,191.172
1786,上市,64.4,63.4,370.864
1789,上市,21.25,21.2,958.849
1795,上市,234.0,235.0,3690.798
1802,上市,69.8,69.2,279186.168
1805,上市,10.9,11.0,86.366
1806,上市,8.34,8.36,245.894
1808,上市,30.1,29.9,1174.963
1809,上市,26.7,27.3,5696.451
1810,上市,17.45,17.35,692.771
1817,上市,38.9,38.95,87.564
1903,上市,49.75,49.0,217.305
1904,上市,18.9,19.05,1926.648
1905,上市,14.2,14.25,4044.147
1906,上市,11.85,11.85,189.21
1907,上市,26.3,26.3,1171.005
1909,上市,9.79,9.63,2954.201
2002,上市,20.5,20.1,41024.349
2002A,上市,38.75,38.75,23.402
2006,上市,70.8,70.2,2329.665
2007,上市,8.1,8.03,486.89
2008,上市,27.25,27.1,34.457
2009,上市,42.2,40.9,2422.653
2010,上市,25.45,25.15,1881.202
2012,上市,15.8,15.85,67.588
2013,上市,44.15,43.75,170.002
2014,上市,18.75,18.5,4837.108
2015,上市,63.4,63.4,321.971
2017,上市,9.66,9.51,1222.588
2020,上市,25.2,25.15,2185.275
2022,上市,8.9,8.91,1093.081
2023,上市,14.15,14.0,1728.759
2024,上市,14.65,14.5,17.327
2025,上市,11.5,11.55,203.835
2027,上市,38.4,37.45,30848.824
2028,上市,19.0,19.25,247.181
2029,上市,20.65,20.7,109.285
2030,上市,16.45,16.5,1002.383
2031,上市,41.3,40.7,616.318
2032,上市,17.1,17.0,833.828
2033,上市,16.65,16.55,144.417
2034,上市,20.7,20.55,1595.332
2038,上市,15.6,15.45,398.819
2049,上市,279.0,282.0,30507.107
2059,上市,3510.0,3440.0,659.022
2062,上市,22.35,22.15,208.589
2069,上市,18.6,18.45,240.396
2072,上市,174.5,175.0,457.885
2101,上市,36.85,36.5,1326.498
2102,上市,19.75,19.25,526.717
2103,上市,19.9,19.35,5156.704
2104,上市,11.8,11.45,4131.96
2105,上市,32.55,31.95,10712.12
2106,上市,18.55,18.4,685.281
2107,上市,25.8,25.8,308.077
2108,上市,26.65,26.05,1116.253
2109,上市,14.7,14.7,147.618
2114,上市,88.2,89.1,51.385
2115,上市,21.5,21.6,43.216
2201,上市,26.95,27.5,11293.747
2204,上市,54.9,54.6,1003.785
2206,上市,58.7,58.8,632.586
2207,上市,511.0,512.0,265.202
2208,上市,20.5,20.45,3020.676
2211,上市,100.5,100.0,548.056
2227,上市,52.4,53.2,53.595
2228,上市,92.1,91.4,193.87
2231,上市,123.0,119.0,1132.999
2233,上市,235.0,229.0,1076.062
2236,上市,127.5,125.5,451.469
2239,上市,23.0,23.45,70.99
2241,上市,28.7,28.35,336.39
2243,上市,23.6,23.05,1139.478
2247,上市,234.5,236.0,54.303
2248,上市,53.2,53.2,88.65
2250,上市,62.6,64.0,109.821
2254,上市,68.9,69.8,20.004
2258,上市,28.15,28.05,1134.425
2301,上市,159.5,159.0,24555.323
2302,上市,18.35,18.05,786.91
2303,上市,60.1,62.1,144674.939
2305,上市,17.6,17.6,4175.103
2308,上市,1785.0,1785.0,12877.432
2312,上市,23.4,23.4,26089.125
2313,上市,259.0,263.0,61632.617
2314,上市,13.4,13.65,327.063
2316,上市,122.0,115.5,8321.941
2317,上市,211.5,207.5,71250.931
2321,上市,12.6,13.05,15.935
2323,上市,10.95,10.85,5111.988
2324,上市,29.55,29.45,33328.745
2327,上市,321.5,322.0,76263.816
2328,上市,46.0,45.05,2945.346
2329,上市,59.0,58.5,20371.945
2330,上市,2065.0,2080.0,46824.833
2331,上市,22.2,21.8,2725.871
2332,上市,15.2,15.25,2418.365
2337,上市,161.0,142.0,256140.524
2338,上市,45.9,44.4,2840.694
2340,上市,29.7,29.35,4306.043
2342,上市,29.75,29.65,1357.176
2344,上市,95.6,90.2,128417.146
2345,上市,1900.0,1970.0,7294.13
2347,上市,82.3,82.2,7766.349
2348,上市,78.0,79.0,279.023
2348A,上市,38.0,38.0,49.0
2349,上市,13.6,13.6,4038.179
2351,上市,123.0,121.0,5781.167
2352,上市,24.3,24.7,6981.39
2353,上市,27.45,27.5,26566.396
2354,上市,51.6,51.9,10141.421
2355,上市,51.9,51.5,12411.66
2356,上市,45.15,44.45,21845.628
2357,上市,584.0,584.0,4199.393
2359,上市,118.0,115.5,2422.51
2360,上市,1900.0,2020.0,2929.05
2362,上市,38.9,38.2,862.394
2363,上市,48.5,48.5,4161.003
2364,上市,63.6,63.4,175.756
2365,上市,35.05,34.55,7466.161
2367,上市,72.7,72.1,33461.285
2368,上市,1185.0,1165.0,9300.414
2369,上市,32.3,31.4,12091.772
2371,上市,32.1,32.05,15384.77
2373,上市,57.4,57.3,49.111
2374,上市,73.3,71.8,4856.213
2375,上市,86.0,85.9,8616.09
2376,上市,268.0,279.0,25948.743
2377,上市,90.0,88.7,6200.245
2379,上市,527.0,525.0,3760.306
2380,上市,5.47,5.22,229.648
2382,上市,324.0,308.5,34222.733
2383,上市,3870.0,3810.0,3998.854
2385,上市,124.5,125.0,3568.661
2387,上市,40.0,39.85,600.985
2388,上市,58.2,62.4,22249.251
2390,上市,10.2,10.05,406.807
2392,上市,34.55,36.55,8714.185
2393,上市,71.6,71.1,1829.027
2395,上市,350.0,348.0,2818.772
2397,上市,60.5,60.2,200.23
2399,上市,34.2,37.05,23953.045
2401,上市,22.4,22.6,6210.887
2402,上市,74.3,72.4,36236.383
2404,上市,922.0,910.0,2830.929
2405,上市,15.85,15.7,1817.094
2406,上市,32.5,33.05,21298.19
2408,上市,227.5,211.5,106926.49
2409,上市,19.95,20.05,697359.696
2412,上市,135.0,135.5,8257.459
2413,上市,52.5,51.8,4786.496
2414,上市,44.9,45.05,325.029
2415,上市,29.3,29.0,148.183
2417,上市,40.75,40.5,679.948
2419,上市,34.5,35.0,5469.782
2420,上市,54.6,55.1,1176.485
2421,上市,143.5,141.0,4554.641
2423,上市,49.8,50.8,358.386
2424,上市,23.3,23.85,57.252
2425,上市,30.9,31.3,1505.133
2426,上市,52.0,49.3,6658.627
2427,上市,22.45,22.2,610.802
2428,上市,185.0,182.5,2030.144
2429,上市,40.3,39.7,319.253
2430,上市,21.7,21.65,73.929
2431,上市,11.25,11.45,543.554
2432,上市,28.05,28.0,73.0
2433,上市,46.0,46.0,69.846
2434,上市,29.5,29.4,8.558
2436,上市,64.4,60.8,4439.021
2438,上市,21.45,21.9,447.226
2439,上市,88.0,88.2,2869.517
2440,上市,15.0,15.2,293.065
2441,上市,91.1,88.7,7644.245
2442,上市,20.05,19.9,3431.852
2444,上市,12.1,12.55,603.998
2449,上市,303.0,291.0,28983.839
2450,上市,30.05,30.1,133.645
2451,上市,257.0,248.0,5421.356
2453,上市,54.7,54.1,487.574
2454,上市,1805.0,1790.0,22780.413
2455,上市,282.0,275.0,3569.574
2457,上市,25.2,24.75,2525.499
2458,上市,137.0,136.5,2892.762
2459,上市,65.9,66.3,59.107
2460,上市,34.45,35.3,2489.397
2461,上市,17.7,17.65,817.848
2462,上市,21.7,21.85,246.498
2464,上市,76.5,74.3,5955.689
2465,上市,60.6,59.4,1270.947
2466,上市,66.3,65.5,1258.803
2467,上市,539.0,510.0,1492.448
2468,上市,35.1,34.8,343.882
2471,上市,52.8,52.0,161.47
2472,上市,185.0,181.5,13603.722
2474,上市,198.5,200.0,2132.842
2476,上市,107.5,108.0,8891.74
2477,上市,23.9,23.8,169.013
2478,上市,69.2,71.3,4880.995
2480,上市,140.0,139.0,257.752
2481,上市,100.5,100.0,14824.463
2482,上市,17.05,17.1,175.696
2483,上市,21.8,22.15,310.726
2484,上市,35.5,36.65,31400.803
2485,上市,78.3,79.9,68017.896
2486,上市,187.0,181.0,3705.557
2488,上市,50.0,50.4,300.053
2489,上市,44.0,42.25,16638.492
2491,上市,15.25,15.1,167.704
2492,上市,147.0,144.5,23964.264
2493,上市,139.0,152.5,9246.376
2495,上市,41.1,45.2,25800.472
2496,上市,66.5,66.1,14.315
2497,上市,57.1,55.8,1511.97
2498,上市,41.0,41.0,11151.835
2501,上市,24.7,24.95,3577.343
2504,上市,36.55,36.15,1788.332
2505,上市,19.05,19.0,482.865
2506,上市,8.98,9.01,177.583
2509,上市,14.25,14.35,216.552
2511,上市,8.24,8.22,738.63
2514,上市,13.55,13.5,226.444
2515,上市,13.4,13.35,4069.968
2516,上市,14.0,14.15,444.078
2520,上市,30.9,31.2,1258.517
2524,上市,38.5,38.95,84.114
2527,上市,38.05,39.2,1868.59
2528,上市,24.15,24.25,215.235
2530,上市,22.7,22.85,862.742
2534,上市,19.95,19.8,455.531
2535,上市,70.4,71.4,616.088
2536,上市,22.25,22.35,213.146
2537,上市,10.6,10.45,440.107
2538,上市,10.15,10.0,508.46
2539,上市,47.8,47.25,728.645
2540,上市,50.3,51.4,898.507
2542,上市,35.7,35.35,5312.134
2543,上市,58.2,57.8,1082.702
2545,上市,36.85,36.65,293.066
2546,上市,86.1,86.2,91.671
2547,上市,11.0,10.9,1300.874
2548,上市,129.0,129.5,1718.748
2597,上市,153.0,151.5,538.855
2601,上市,5.66,5.71,1829.28
2603,上市,202.0,203.0,10154.229
2605,上市,36.8,35.7,17378.71
2606,上市,61.4,63.0,7237.427
2607,上市,51.0,50.7,731.755
2608,上市,30.9,31.0,214.134
2609,上市,50.5,51.5,18704.734
2610,上市,18.35,18.25,32343.932
2611,上市,15.1,14.9,405.466
2612,上市,56.7,58.7,1975.102
2613,上市,22.9,23.0,964.217
2614,上市,20.5,20.45,696.127
2615,上市,76.3,77.6,10214.769
2616,上市,16.25,15.95,661.892
2617,上市,30.65,30.9,1411.642
2618,上市,35.2,34.75,27981.242
2630,上市,46.6,46.65,992.904
2633,上市,26.9,26.9,4208.222
2634,上市,47.6,47.7,4615.277
2636,上市,67.9,68.3,294.12
2637,上市,71.3,72.5,4790.102
2642,上市,22.95,22.9,94.349
2645,上市,151.5,153.5,1150.107
2646,上市,21.0,21.0,3872.497
2701,上市,10.95,10.85,109.924
2702,上市,15.8,17.1,1487.441
2704,上市,42.95,42.95,105.375
2705,上市,16.8,16.95,341.858
2706,上市,12.75,12.7,230.303
2707,上市,193.0,191.5,526.889
2712,上市,16.65,16.35,17.05
2722,上市,25.2,25.0,68.931
2723,上市,68.4,67.0,298.966
2727,上市,226.5,228.0,196.93
2731,上市,162.0,160.0,1190.666
2739,上市,35.5,36.15,533.419
2748,上市,41.65,41.6,275.661
2753,上市,184.0,183.5,168.456
2762,上市,73.4,73.1,26.866
2801,上市,21.2,21.4,18834.435
2812,上市,20.75,20.7,7507.529
2816,上市,31.55,31.85,247.116
2820,上市,17.2,17.15,865.883
2832,上市,49.5,48.55,346.604
2834,上市,15.35,15.5,33478.958
2836,上市,12.25,12.25,1333.231
2836A,上市,24.6,24.65,70.74
2838,上市,21.0,21.05,1329.322
2838A,上市,54.5,54.5,24.0
2845,上市,12.65,12.65,5578.792
2849,上市,13.65,13.85,170.58
2850,上市,126.0,127.0,454.904
2851,上市,31.85,31.3,2282.637
2852,上市,26.35,26.25,459.782
2855,上市,31.75,32.85,8530.935
2867,上市,7.88,7.91,12022.022
2880,上市,35.25,36.05,20105.034
2881,上市,88.0,87.5,21344.754
2881A,上市,64.0,64.2,33.415
2881B,上市,62.5,62.6,154.346
2881C,上市,51.5,51.6,173.453
2882,上市,72.9,72.9,27938.701
2882A,上市,62.2,62.4,109.022
2882B,上市,60.7,60.8,38.487
2883,上市,20.9,20.75,37659.032
2883B,上市,8.28,8.29,1395.301
2884,上市,32.8,32.95,38138.993
2885,上市,50.2,50.4,29370.682
2886,上市,39.3,39.5,22320.064
2887,上市,24.75,24.6,50971.144
2887E,上市,51.3,51.4,127.867
2887F,上市,47.7,47.75,3.283
2887G,上市,42.6,42.6,96.241
2887H,上市,41.3,41.35,62.311
2887I,上市,9.39,9.39,9567.61
2887Z1,上市,17.8,17.75,71.926
2889,上市,15.2,15.3,2058.45
2890,上市,33.2,33.3,17959.345
2891,上市,53.3,52.8,55358.343
2891B,上市,64.2,64.2,17.212
2891C,上市,62.0,62.0,51.951
2892,上市,28.75,28.85,20594.673
2897,上市,10.3,10.35,3716.567
2897B,上市,11.9,11.9,37.0
2901,上市,23.8,23.75,52.41
2903,上市,22.95,23.0,1320.155
2904,上市,16.85,16.8,69.954
2905,上市,14.7,14.7,470.693
2906,上市,13.0,13.0,154.13
2908,上市,20.1,20.2,385.322
2910,上市,22.7,22.6,53.722
2911,上市,4.98,4.99,87.703
2912,上市,227.5,231.5,2598.554
2913,上市,12.3,12.2,1534.324
2915,上市,46.25,46.4,1759.923
2923,上市,20.9,24.6,299.376
2929,上市,6.2,6.25,167.809
2939,上市,24.45,24.4,10.008
2945,上市,42.6,42.3,9.623
3002,上市,19.15,18.9,222.955
3003,上市,54.8,53.5,1032.473
3004,上市,118.0,115.5,398.658
3005,上市,98.1,97.5,4873.199
3006,上市,164.0,156.0,12478.018
3008,上市,2875.0,2820.0,4245.18
3010,上市,136.5,135.0,993.287
3011,上市,13.0,12.6,807.917
3013,上市,105.0,104.0,2223.523
3014,上市,121.5,121.0,685.402
3015,上市,51.2,50.3,257.756
3016,上市,60.8,62.6,4741.528
3017,上市,2375.0,2325.0,3238.805
3018,上市,10.8,10.9,16.086
3019,上市,133.5,127.0,4703.046
3021,上市,17.1,16.9,171.433
3022,上市,68.0,67.4,762.253
3023,上市,271.5,268.5,1292.075
3024,上市,10.1,10.05,1897.873
3025,上市,63.5,63.9,761.474
3026,上市,228.0,223.0,3592.18
3027,上市,19.4,19.4,419.845
3028,上市,68.0,62.9,10697.479
3029,上市,98.5,97.1,1333.996
3030,上市,303.0,308.0,5788.121
3031,上市,31.5,32.35,18276.231
3032,上市,60.9,60.4,843.031
3033,上市,34.8,33.9,3866.312
3034,上市,401.0,405.0,4513.506
3035,上市,154.5,149.5,3546.168
3036,上市,231.5,229.5,6764.395
3037,上市,600.0,618.0,8044.362
3038,上市,22.8,22.95,1858.441
3040,上市,47.1,46.4,111.145
3041,上市,22.6,22.0,673.83
3042,上市,133.0,130.5,20829.776
3043,上市,19.4,19.4,50.548
3044,上市,391.0,402.0,10265.314
3045,上市,110.0,110.0,7576.249
3046,上市,49.3,48.7,260.46
3047,上市,15.8,16.0,1269.365
3048,上市,39.5,39.85,8499.721
3049,上市,11.7,11.75,7250.785
3050,上市,13.1,13.3,610.834
3051,上市,20.9,20.6,968.14
3052,上市,11.05,11.05,781.043
3054,上市,72.2,66.6,550.71
3055,上市,62.3,62.6,243.972
3056,上市,14.75,14.75,1436.362
3057,上市,18.7,19.0,1279.582
3058,上市,9.12,9.05,904.512
3059,上市,37.2,36.6,1846.495
3060,上市,31.75,31.45,5361.273
3062,上市,31.3,30.7,13472.583
3090,上市,111.0,107.0,12097.97
3092,上市,36.35,36.35,1281.082
3094,上市,23.05,22.9,366.936
3130,上市,221.0,221.0,44.341
3135,上市,129.0,125.0,2057.129
3138,上市,178.5,176.5,3191.684
3149,上市,43.7,42.0,4444.611
3150,上市,18.9,18.55,52.053
3164,上市,17.95,18.0,72.167
3167,上市,707.0,701.0,711.123
3168,上市,47.05,48.5,313.637
3189,上市,376.5,383.5,42021.402
3209,上市,46.3,46.0,4562.935
3229,上市,24.55,25.45,986.001
3231,上市,137.5,133.0,39441.685
3257,上市,53.3,53.4,289.29
3266,上市,13.95,13.75,84.119
3296,上市,21.55,21.7,33.136
3305,上市,122.0,119.0,8407.771
3308,上市,21.25,20.75,133.35
3311,上市,33.0,33.0,162.802
3312,上市,40.5,40.45,2069.763
3321,上市,16.0,15.9,117.723
3338,上市,64.9,65.0,2790.7
3346,上市,18.2,18.2,370.925
3356,上市,52.8,52.6,1583.177
3376,上市,198.5,192.0,8275.321
3380,上市,38.5,38.9,5279.067
3406,上市,538.0,509.0,3476.797
3413,上市,326.5,315.0,2001.96
3416,上市,161.5,158.5,656.977
3419,上市,14.15,14.25,639.228
3432,上市,16.25,16.35,76.886
3437,上市,23.4,25.2,15773.318
3443,上市,3150.0,3070.0,3760.881
3447,上市,39.45,39.8,342.679
3450,上市,324.0,345.5,25212.454
3481,上市,27.6,27.6,490740.497
3494,上市,8.28,8.3,78.475
3501,上市,47.85,48.15,142.418
3504,上市,60.6,61.0,1410.821
3515,上市,223.5,221.5,554.956
3518,上市,22.5,23.85,1446.793
3528,上市,71.7,70.5,195.642
3530,上市,61.2,60.6,196.626
3532,上市,181.5,193.5,11298.928
3533,上市,2295.0,2375.0,1774.965
3535,上市,128.5,129.0,3904.773
3543,上市,45.5,43.6,2161.139
3545,上市,49.75,48.5,905.556
3550,上市,20.5,19.8,2465.201
3557,上市,31.6,31.2,84.47
3563,上市,917.0,921.0,2577.62
3576,上市,14.3,16.9,48189.13
3583,上市,690.0,700.0,1898.198
3588,上市,53.2,53.3,284.787
3591,上市,23.1,24.05,7966.197
3592,上市,230.5,228.5,440.756
3593,上市,17.5,18.6,276.991
3596,上市,173.5,176.0,2152.828
3605,上市,65.9,63.8,2223.679
3607,上市,15.0,14.9,335.993
3617,上市,181.5,188.0,562.785
3622,上市,55.8,56.2,321.894
3645,上市,89.3,93.5,26352.454
3652,上市,27.65,27.75,36.688
3653,上市,4015.0,4155.0,1185.531
3661,上市,3280.0,3210.0,1849.245
3665,上市,2330.0,2350.0,2474.167
3669,上市,38.7,39.05,179.854
3673,上市,64.5,66.5,14998.762
3679,上市,121.5,122.0,105.674
3686,上市,17.4,18.1,321.904
3694,上市,61.7,60.2,1024.772
3701,上市,62.5,64.3,14237.327
3702,上市,99.8,97.5,26216.643
3703,上市,22.3,22.1,1261.229
3704,上市,36.9,36.65,3981.374
3705,上市,55.7,55.4,240.973
3706,上市,83.6,82.0,13082.679
3708,上市,117.0,113.5,765.762
3711,上市,431.5,446.5,30888.147
3712,上市,18.0,18.15,2323.797
3714,上市,69.1,69.1,7553.838
3715,上市,189.0,185.5,27880.761
3716,上市,32.7,32.9,184.945
3717,上市,22.05,21.85,1186.888
4104,上市,78.7,78.6,249.772
4106,上市,22.3,22.45,94.743
4108,上市,12.25,12.3,276.385
4119,上市,50.4,50.0,208.991
4133,上市,22.55,22.6,111.767
4137,上市,108.5,109.5,113.305
4142,上市,18.25,18.45,1341.539
4148,上市,39.5,38.85,86.184
4155,上市,13.2,13.15,179.177
4164,上市,30.9,30.9,537.873
4169,上市,154.5,155.5,419.389
4190,上市,27.5,27.3,37.821
4306,上市,14.1,13.85,1152.516
4414,上市,11.25,11.05,466.681
4426,上市,8.53,8.58,161.279
4438,上市,58.5,57.6,49.027
4439,上市,97.5,98.0,36.16
4440,上市,17.6,17.85,79.305
4441,上市,192.0,192.5,80.529
4526,上市,35.05,34.2,1843.075
4532,上市,24.15,24.05,1225.798
4536,上市,155.0,154.5,174.54
4540,上市,54.5,53.4,15389.363
4545,上市,31.5,31.25,146.951
4551,上市,140.0,136.5,456.306
4552,上市,21.5,21.7,77.848
4555,上市,39.35,38.5,523.92
4557,上市,53.5,53.6,95.044
4560,上市,33.75,33.3,146.0
4562,上市,37.6,37.6,4790.624
4564,上市,19.1,19.2,950.627
4566,上市,73.0,70.4,2967.455
4569,上市,187.0,193.5,524.269
4571,上市,162.0,160.0,276.1
4572,上市,144.0,144.0,41.32
4576,上市,196.5,193.5,10180.407
4581,上市,50.4,50.2,26.02
4583,上市,698.0,742.0,720.97
4585,上市,327.0,315.0,718.577
4588,上市,61.2,60.8,80.924
4590,上市,77.9,76.1,200.772
4720,上市,20.0,22.15,15210.771
4722,上市,185.0,182.0,3643.183
4736,上市,127.0,125.5,138.794
4737,上市,68.1,68.6,276.422
4739,上市,90.0,87.4,3959.509
4746,上市,52.3,53.1,931.427
4755,上市,146.5,152.0,1506.786
4763,上市,42.2,46.1,9088.01
4764,上市,187.0,195.5,13016.642
4766,上市,363.0,349.0,1569.155
4770,上市,229.0,226.0,317.958
4771,上市,189.5,191.5,134.651
4807,上市,15.15,15.05,126.431
4904,上市,94.9,95.3,7025.877
4906,上市,39.3,39.55,42468.71
4912,上市,89.0,88.5,274.106
4915,上市,73.7,74.0,2091.577
4916,上市,59.1,60.3,4708.888
4919,上市,112.5,107.0,39929.054
4927,上市,52.0,47.75,23599.765
4930,上市,19.3,19.25,143.914
4934,上市,16.15,16.6,1831.876
4935,上市,36.5,36.0,100.246
4938,上市,78.9,78.8,11053.84
4942,上市,38.2,38.2,102.031
4943,上市,10.05,10.2,30.259
4949,上市,92.0,89.0,9746.316
4952,上市,42.4,41.75,324.084
4956,上市,45.1,45.95,6228.242
4958,上市,253.5,251.5,23351.17
4960,上市,26.5,28.05,32829.171
4961,上市,154.5,151.0,1144.517
4967,上市,226.0,216.0,5224.123
4968,上市,107.5,106.0,856.232
4976,上市,30.6,29.7,924.98
4977,上市,190.0,195.0,13598.289
4989,上市,96.2,98.3,18803.101
4994,上市,99.5,96.0,68.861
4999,上市,20.9,20.95,111.624
5007,上市,58.1,57.6,35.425
5203,上市,63.1,63.9,166.421
5215,上市,38.0,37.95,80.492
5222,上市,133.0,130.0,688.374
5225,上市,77.9,77.5,324.861
5234,上市,410.0,420.0,1598.451
5243,上市,129.0,123.5,2857.607
5244,上市,39.55,41.35,3709.336
5258,上市,48.3,48.25,657.999
5269,上市,1215.0,1175.0,893.791
5283,上市,55.0,55.0,116.236
5284,上市,307.0,325.5,3015.491
5285,上市,52.2,51.5,166.749
5288,上市,176.5,165.5,1798.309
5292,上市,220.0,238.5,513.201
5306,上市,85.8,84.7,108.103
5388,上市,81.8,82.5,3461.827
5434,上市,401.0,412.0,1173.655
5469,上市,93.7,90.4,3438.938
5471,上市,41.5,41.2,520.434
5484,上市,39.8,39.2,290.048
5515,上市,43.6,43.95,1517.551
5519,上市,33.3,33.4,390.076
5521,上市,12.5,12.3,7134.213
5522,上市,71.0,70.1,821.052
5525,上市,25.25,25.3,97.266
5531,上市,8.77,8.83,592.501
5533,上市,14.55,14.55,111.138
5534,上市,81.9,81.8,1496.44
5538,上市,31.75,31.55,74.071
5546,上市,16.75,16.95,21.078
5607,上市,48.25,48.8,743.318
5608,上市,16.3,16.45,1982.09
5706,上市,52.4,52.3,504.114
5871,上市,113.5,116.5,12198.44
5871A,上市,102.0,102.0,20.455
5876,上市,39.65,39.6,5554.811
5880,上市,24.0,23.85,14976.264
5906,上市,48.95,50.4,5.0
5907,上市,5.68,5.64,323.05
6005,上市,28.0,28.1,15615.178
6024,上市,56.5,56.7,210.5
6108,上市,17.8,17.35,713.572
6112,上市,47.3,47.0,424.643
6115,上市,47.6,47.65,138.592
6116,上市,8.91,8.94,28283.903
6117,上市,79.9,80.5,813.96
6120,上市,15.3,15.25,8817.961
6128,上市,21.35,20.9,215.534
6133,上市,24.0,23.45,2530.572
6136,上市,24.55,24.6,226.68
6139,上市,650.0,629.0,5944.405
6141,上市,23.5,25.85,2746.527
6142,上市,9.22,9.16,670.228
6152,上市,18.2,17.6,4377.65
6153,上市,17.6,17.65,4550.569
6155,上市,50.5,48.95,6293.449
6164,上市,12.35,12.85,1702.94
6165,上市,44.8,44.95,353.468
6166,上市,73.0,71.7,5035.977
6168,上市,26.45,28.0,21287.514
6176,上市,88.7,89.7,3791.33
6177,上市,46.15,46.3,909.425
6183,上市,93.7,94.1,48.212
6184,上市,47.65,47.7,64.887
6189,上市,47.2,47.0,621.454
6191,上市,107.5,102.0,13290.483
6192,上市,120.0,120.0,296.38
6196,上市,338.0,353.0,4787.408
6197,上市,180.0,180.0,3279.318
6201,上市,50.9,50.0,43.027
6202,上市,51.5,52.0,2772.541
6205,上市,70.0,69.0,4988.906
6206,上市,104.0,103.0,514.852
6209,上市,64.5,61.3,5938.024
6213,上市,228.0,229.5,53921.114
6214,上市,119.0,119.5,977.068
6215,上市,109.5,105.0,2517.685
6216,上市,25.1,25.1,133.03
6224,上市,54.5,57.7,4102.755
6225,上市,18.45,18.3,16.707
6226,上市,12.55,12.8,2022.428
6230,上市,153.5,161.0,233.119
6235,上市,45.15,45.3,710.537
6239,上市,218.5,210.0,15742.313
6243,上市,30.3,30.95,215.182
6257,上市,181.5,179.0,17674.328
6269,上市,62.2,61.3,2634.846
6271,上市,177.5,183.0,25038.649
6272,上市,31.05,31.95,389.718
6277,上市,71.6,69.3,479.933
6278,上市,127.0,137.0,33365.776
6281,上市,52.0,52.7,83.343
6282,上市,52.8,51.0,103055.185
6283,上市,22.1,22.1,263.473
6285,上市,231.0,243.0,51673.59
6405,上市,35.4,36.25,885.985
6409,上市,735.0,801.0,1540.106
6412,上市,80.6,77.9,1445.609
6414,上市,295.0,294.5,1272.827
6415,上市,272.5,275.0,3455.557
6416,上市,79.7,80.6,191.564
6426,上市,199.0,197.5,4148.245
6431,上市,21.95,21.3,149.573
6438,上市,180.5,176.0,2134.803
6442,上市,2160.0,2090.0,4826.472
6443,上市,37.45,40.7,18964.431
6446,上市,647.0,650.0,1295.665
6449,上市,175.5,176.0,1670.639
6451,上市,467.0,456.0,914.993
6456,上市,66.2,70.1,38149.141
6464,上市,76.8,76.3,36.536
6472,上市,420.0,426.0,773.853
6477,上市,33.65,34.4,1054.528
6491,上市,292.0,291.5,341.979
6504,上市,41.1,41.8,24.213
6505,上市,56.2,54.4,13718.659
6515,上市,8730.0,9065.0,343.049
6525,上市,86.8,86.8,720.694
6526,上市,501.0,487.0,650.014
6531,上市,630.0,591.0,10652.549
6533,上市,192.5,199.0,1394.133
6534,上市,97.7,102.0,440.873
6541,上市,40.6,40.75,334.093
6550,上市,18.1,17.85,1210.839
6552,上市,28.55,27.4,322.151
6558,上市,29.2,29.55,418.677
6573,上市,12.25,12.4,195.723
6579,上市,118.0,116.0,161.496
6581,上市,107.5,108.0,32.036
6582,上市,32.95,32.6,80.79
6585,上市,93.9,91.8,92.552
6589,上市,51.4,51.5,817.855
6591,上市,58.4,57.7,266.814
6592,上市,63.6,64.5,495.896
6592A,上市,97.6,97.0,3.249
6592B,上市,97.9,97.9,67.883
6598,上市,22.6,22.8,132.354
6605,上市,133.0,130.5,736.447
6606,上市,24.35,24.4,39.28
6614,上市,40.0,40.2,208.58
6625,上市,82.5,81.6,799.528
6641,上市,18.15,18.2,23.25
6645,上市,13.05,13.15,71.317
6655,上市,135.5,135.0,8.034
6657,上市,44.0,45.2,344.694
6658,上市,80.4,79.4,1909.583
6666,上市,41.95,41.9,14.422
6668,上市,34.95,35.0,187.063
6669,上市,3830.0,3720.0,1711.999
6670,上市,264.0,263.5,255.797
6671,上市,32.7,32.65,49.625
6672,上市,152.5,155.5,8093.295
6674,上市,19.2,19.2,32.0
6689,上市,74.5,72.2,446.81
6691,上市,642.0,638.0,657.802
6695,上市,39.0,38.85,332.933
6698,上市,30.45,30.35,208.408
6706,上市,144.0,149.5,24198.844
6715,上市,390.0,430.0,1709.735
6719,上市,162.0,162.0,364.298
6722,上市,39.8,40.25,121.664
6742,上市,43.55,43.05,397.91
6743,上市,23.8,23.35,210.51
6753,上市,130.0,140.0,3384.504
6754,上市,47.5,47.6,33.717
6756,上市,73.1,74.6,276.913
6757,上市,49.8,49.75,628.862
6768,上市,83.0,83.4,392.65
6770,上市,55.8,53.2,101747.295
6771,上市,44.4,44.7,12.0
6776,上市,60.6,61.3,536.77
6781,上市,992.0,983.0,848.958
6782,上市,206.5,212.5,503.784
6789,上市,409.5,410.0,14075.947
6790,上市,40.35,40.3,178.208
6792,上市,59.6,59.8,144.096
6794,上市,84.5,83.1,26.292
6796,上市,72.1,74.0,77.796
6799,上市,78.4,78.5,272.363
6805,上市,1760.0,1825.0,2186.493
6806,上市,16.75,20.45,6655.572
6807,上市,40.8,40.7,57.278
6830,上市,796.0,793.0,412.793
6831,上市,453.5,427.5,1518.142
6834,上市,38.55,39.0,1962.944
6835,上市,39.85,39.75,132.487
6838,上市,31.65,31.8,354.008
6854,上市,165.0,157.5,1168.831
6861,上市,150.5,151.5,3298.333
6862,上市,198.5,189.5,862.829
6863,上市,99.4,99.2,70.903
6869,上市,84.9,86.0,825.933
6873,上市,86.9,87.5,616.961
6885,上市,23.95,24.15,202.045
6887,上市,42.0,42.45,64.61
6890,上市,153.0,156.5,791.263
6901,上市,14.05,14.75,1790.736
6902,上市,77.6,85.4,232.886
6906,上市,67.3,67.1,81.924
6908,上市,37.9,37.9,23.768
6909,上市,56.8,58.0,7141.257
6914,上市,151.5,151.5,69.415
6916,上市,18.3,18.8,52.397
6918,上市,74.6,75.4,96.367
6919,上市,109.0,107.0,4601.826
6921,上市,76.0,76.1,47.741
6923,上市,76.1,75.8,121.645
6924,上市,80.5,79.9,37.1
6928,上市,47.35,48.15,237.972
6931,上市,50.4,50.2,119.981
6933,上市,184.0,186.0,1037.295
6934,上市,85.8,91.1,195.527
6936,上市,35.5,35.3,63.09
6937,上市,314.0,308.0,1341.718
6944,上市,924.0,927.0,1546.554
6949,上市,810.0,775.0,477.289
6951,上市,80.0,79.6,64.578
6952,上市,39.5,39.75,31.042
6955,上市,166.0,166.0,16.097
6957,上市,159.0,158.5,103.112
6958,上市,20.0,20.0,483.098
6958A,上市,18.8,18.75,3.0
6962,上市,34.5,34.4,4296.648
6965,上市,90.4,88.7,88.306
6969,上市,29.1,29.4,38.62
6988,上市,14.9,14.95,28.117
6994,上市,66.2,68.5,641.266
7610,上市,601.0,655.0,1242.955
7631,上市,114.5,125.0,89.223
7705,上市,34.95,35.0,42.693
7711,上市,305.0,307.0,864.776
7721,上市,90.0,87.7,992.026
7722,上市,305.0,305.0,110.405
7730,上市,199.0,191.0,80.392
7732,上市,36.4,35.3,18.0
7736,上市,80.0,79.8,55.23
7740,上市,185.0,178.0,360.634
7749,上市,406.0,404.5,285.337
7750,上市,1680.0,1660.0,437.962
7765,上市,230.0,230.0,42.818
7769,上市,4210.0,4260.0,1004.352
7780,上市,20.8,20.65,1792.087
7786,上市,141.0,137.0,214.679
7788,上市,146.5,152.5,465.133
7791,上市,65.6,65.3,70.367
7795,上市,380.0,404.0,1208.903
7799,上市,392.0,390.0,521.045
7822,上市,1590.0,1710.0,861.492
7823,上市,79.5,79.8,8.145
8011,上市,20.5,20.5,897.776
8016,上市,205.0,209.5,1563.229
8021,上市,343.0,340.0,3877.757
8028,上市,191.5,187.0,7581.504
8033,上市,138.0,137.0,4218.668
8039,上市,138.5,134.0,21976.507
8045,上市,75.6,76.3,313.61
8046,上市,652.0,656.0,17929.539
8070,上市,48.8,47.1,3633.696
8072,上市,28.75,28.75,151.248
8081,上市,233.5,234.5,439.454
8101,上市,13.0,13.5,8.861
8103,上市,91.6,92.3,2092.821
8104,上市,35.6,34.95,2656.999
8105,上市,14.65,14.4,3754.1
8110,上市,50.5,49.25,6618.196
8112,上市,84.2,83.4,14617.226
8112A,上市,46.2,46.2,10.643
8114,上市,167.0,169.0,336.46
8131,上市,62.9,61.6,2762.982
8150,上市,64.0,67.0,39697.424
8162,上市,42.4,42.35,315.985
8163,上市,27.8,27.75,824.613
8201,上市,13.35,13.35,67.773
8210,上市,987.0,992.0,5500.593
8213,上市,35.15,35.4,1183.776
8215,上市,26.45,26.25,4174.575
8222,上市,34.7,36.35,739.656
8249,上市,50.7,50.0,417.852
8261,上市,111.5,109.0,2078.069
8271,上市,164.5,159.5,6475.157
8341,上市,75.7,75.8,210.114
8367,上市,43.85,43.55,79.776
8374,上市,86.3,86.3,4250.728
8404,上市,17.9,18.3,565.957
8411,上市,12.35,12.4,149.862
8422,上市,29.0,29.25,15050.688
8429,上市,6.95,6.86,272.051
8438,上市,86.8,88.1,2076.248
8442,上市,51.6,52.6,65.125
8443,上市,11.95,12.1,84.618
8454,上市,182.0,178.5,600.452
8462,上市,140.5,140.5,105.083
8463,上市,23.05,23.25,105.135
8464,上市,373.0,357.0,1372.349
8466,上市,17.85,17.8,59.34
8467,上市,155.0,156.0,50.405
8473,上市,37.65,37.5,259.627
8476,上市,18.85,18.3,679.367
8478,上市,169.0,167.5,134.742
8481,上市,41.9,41.95,25.521
8482,上市,49.75,49.7,12.0
8487,上市,79.5,80.3,18.282
8488,上市,10.15,10.2,353.914
8499,上市,273.0,284.5,242.686
8926,上市,43.8,44.35,1306.877
8940,上市,18.3,18.25,53.051
8996,上市,1200.0,1100.0,1420.833
9103,上市,4.95,5.0,1268.29
910322,上市,26.8,26.6,7.993
9105,上市,5.39,5.4,8953.769
910861,上市,4.24,4.3,443.006
9110,上市,2.95,3.04,44.0
911608,上市,2.84,2.84,2.032
911622,上市,3.96,3.82,33.006
911868,上市,1.23,1.24,135.393
912000,上市,2.47,2.46,365.171
9136,上市,9.3,9.45,1846.259
9802,上市,78.2,78.1,1126.287
9902,上市,14.5,14.5,157.576
9904,上市,28.2,28.05,7592.804
9905,上市,21.35,21.3,83.193
9906,上市,41.7,42.8,112.555
9907,上市,18.1,18.0,2503.718
9908,上市,29.8,29.95,918.517
9910,上市,76.5,76.8,2213.106
9911,上市,85.0,84.6,235.853
9912,上市,12.6,12.6,40.468
9914,上市,60.7,60.5,1214.328
9917,上市,116.0,115.5,459.692
9918,上市,43.3,43.3,249.443
9919,上市,14.95,15.0,393.786
9921,上市,68.8,68.4,1717.936
9924,上市,45.0,44.95,78.875
9925,上市,40.75,40.8,302.017
9926,上市,50.1,49.8,48.931
9927,上市,70.0,70.1,81.527
9928,上市,18.05,18.05,66.709
9929,上市,12.05,12.5,67.651
9930,上市,70.9,70.7,74.226
9931,上市,35.95,36.05,211.43
9933,上市,36.95,38.1,17740.788
9934,上市,9.61,9.59,720.346
9935,上市,19.0,18.9,260.43
9937,上市,57.0,57.1,57.649
9938,上市,45.75,46.35,1760.633
9939,上市,112.0,111.5,3073.98
9940,上市,20.1,20.1,347.677
9941,上市,76.0,77.3,1870.987
9941A,上市,51.0,51.0,5.665
9942,上市,117.0,116.5,128.954
9943,上市,57.4,57.3,45.416
9944,上市,16.5,16.65,46.029
9945,上市,25.2,25.25,7132.056
9946,上市,17.25,17.05,604.4
9955,上市,32.9,32.2,453.298
9958,上市,103.5,104.5,1756.054
006201,上櫃,38.25,38.4,133.708
00679B,上櫃,27.22,27.26,59962.068
00687B,上櫃,28.31,28.32,22356.162
00687C,上櫃,9.46,9.46,0.4
00694B,上櫃,41.63,41.83,521.734
00695B,上櫃,35.74,35.73,223.263
00696B,上櫃,29.63,29.67,1482.227
00697B,上櫃,35.99,36.02,578.045
00719B,上櫃,31.28,31.23,3774.01
00720B,上櫃,33.69,33.72,6907.67
00722B,上櫃,36.79,36.85,2491.751
00723B,上櫃,31.48,31.48,185.0
00724B,上櫃,34.27,34.38,2126.549
00725B,上櫃,35.73,35.77,3954.219
00726B,上櫃,33.6,33.57,50.06
00727B,上櫃,40.15,40.21,260.354
00734B,上櫃,16.02,16.04,60.192
00740B,上櫃,39.2,39.17,2711.565
00741B,上櫃,37.6,37.75,195.723
00746B,上櫃,36.24,36.29,1131.36
00749B,上櫃,32.28,32.28,1.0
00750B,上櫃,33.79,33.79,1.0
00751B,上櫃,32.2,32.18,7813.86
00754B,上櫃,34.35,34.39,125.224
00755B,上櫃,33.27,33.41,144.921
00756B,上櫃,31.97,32.04,197.727
00758B,上櫃,52.3,52.3,100.019
00759B,上櫃,55.55,55.55,100.017
00760B,上櫃,54.4,54.45,104.805
00761B,上櫃,35.06,35.17,271.527
00764B,上櫃,28.21,28.28,1691.303
00768B,上櫃,51.45,51.45,585.489
00772B,上櫃,34.2,34.31,3923.229
00773B,上櫃,36.18,36.28,1160.797
00777B,上櫃,33.27,33.27,1.028
00778B,上櫃,34.85,34.85,1.005
00779B,上櫃,28.5,28.65,5.147
00780B,上櫃,37.75,37.75,68.471
00781B,上櫃,29.16,29.12,85.342
00782B,上櫃,30.97,31.29,30.032
00785B,上櫃,35.45,35.53,27062.001
00786B,上櫃,33.06,33.0,36.003
00787B,上櫃,32.99,32.97,19.69
00788B,上櫃,30.46,30.56,70.1
00789B,上櫃,49.54,49.57,29.004
00791B,上櫃,57.1,57.1,4.0
00792B,上櫃,32.17,32.21,53.032
00793B,上櫃,31.34,31.23,91.765
00795B,上櫃,27.49,27.49,7045.838
00799B,上櫃,30.32,30.25,89.435
00834B,上櫃,34.55,34.55,1.0
00836B,上櫃,29.19,29.25,25.015
00840B,上櫃,30.68,30.68,40.0
00841B,上櫃,29.82,29.82,1.002
00842B,上櫃,31.49,31.6,172.725
00844B,上櫃,32.11,32.04,35.001
00845B,上櫃,33.58,33.58,100.0
00846B,上櫃,36.41,36.38,101.673
00847B,上櫃,26.17,26.14,214.05
00848B,上櫃,34.98,34.98,100.0
00849B,上櫃,37.41,37.53,105.381
00853B,上櫃,28.1,28.13,606.687
00856B,上櫃,37.6,37.6,6.228
00857B,上櫃,23.58,23.55,1855.433
00858,上櫃,33.21,33.16,1068.598
00859B,上櫃,40.98,40.87,2181.662
00860B,上櫃,38.24,38.31,52.018
00862B,上櫃,32.02,32.03,140.967
00863B,上櫃,32.54,32.55,101.05
00864B,上櫃,46.3,46.31,2582.13
00867B,上櫃,31.83,31.8,3.0
00870B,上櫃,29.04,29.04,1.999
00877,上櫃,32.28,31.79,4543.696
00883B,上櫃,31.24,31.33,185.843
00884B,上櫃,30.43,30.38,101.078
00886,上櫃,36.72,36.95,5.355
00887,上櫃,13.6,13.59,5527.091
00888,上櫃,25.27,25.44,15883.73
00890B,上櫃,32.76,32.71,7.042
00928,上櫃,28.53,28.8,877.434
00931B,上櫃,13.78,13.78,3916.119
00933B,上櫃,16.18,16.2,9245.676
00937B,上櫃,15.05,15.03,61146.442
00942B,上櫃,14.55,14.57,1382.2
00948B,上櫃,9.59,9.59,6500.389
00950B,上櫃,14.27,14.28,3287.062
00955,上櫃,15.68,15.51,16099.967
00957B,上櫃,13.66,13.71,2578.299
00958B,上櫃,9.37,9.37,2975.754
00959B,上櫃,9.44,9.47,2426.179
00966B,上櫃,14.06,14.1,1686.124
00967B,上櫃,9.24,9.28,1247.275
00968B,上櫃,9.41,9.4,2825.766
00969B,上櫃,8.5,8.51,461.785
00970B,上櫃,9.48,9.49,3261.913
009806,上櫃,12.05,12.2,84.884
009807,上櫃,13.22,13.17,197.583
00980B,上櫃,9.6,9.62,363.103
00980D,上櫃,20.6,20.63,1051.25
00980T,上櫃,10.8,10.85,1908.876
009814,上櫃,10.16,10.21,5881.374
009815,上櫃,9.98,10.04,37463.435
00981B,上櫃,9.32,9.35,9143.678
00981D,上櫃,10.42,10.43,9210.196
00982B,上櫃,9.93,9.97,70.089
00983B,上櫃,15.96,15.95,521.952
00984B,上櫃,16.55,16.57,3203.049
00985D,上櫃,10.23,10.22,1707.271
00986B,上櫃,10.0,10.01,10.165
00986D,上櫃,14.88,14.9,21281.943
00987B,上櫃,15.78,15.9,5287.989
00988B,上櫃,19.99,20.0,611.795
00989B,上櫃,10.03,10.06,3842.386
00998A,上櫃,15.96,16.03,43428.07
020001,上櫃,0.0,0.0,0.0
020025,上櫃,26.6,27.08,61.0
020027,上櫃,8.28,8.25,12.0
020033,上櫃,3.92,3.92,1.0
020035,上櫃,11.06,10.85,20.0
020040,上櫃,0.0,0.0,0.0
020041,上櫃,16.25,16.49,186.0
1240,上櫃,59.2,59.8,24.735
1259,上櫃,59.0,59.0,1.009
1264,上櫃,275.5,275.0,45.617
1268,上櫃,158.0,158.5,6.304
1294,上櫃,81.5,80.3,39.748
1295,上櫃,59.9,59.3,50.17
1336,上櫃,14.15,14.2,112.863
1565,上櫃,104.0,103.5,104.229
1569,上櫃,54.8,53.5,1098.53
1570,上櫃,34.1,33.25,426.122
1580,上櫃,127.5,127.5,68.835
1584,上櫃,21.0,20.9,804.569
1586,上櫃,22.55,22.45,354.986
1591,上櫃,58.8,59.0,919.268
1593,上櫃,33.15,33.3,29.44
1595,上櫃,49.8,48.2,1057.042
1599,上櫃,25.45,25.35,34.669
1742,上櫃,16.0,16.1,59.046
1777,上櫃,70.9,70.9,42.458
1781,上櫃,11.45,11.5,37.028
1784,上櫃,84.5,82.6,268.073
1785,上櫃,135.0,140.0,85572.116
1788,上櫃,136.0,136.5,27.76
1796,上櫃,38.5,40.0,18.25
1799,上櫃,41.5,41.75,140.662
1813,上櫃,13.2,13.65,9.257
1815,上櫃,115.0,112.0,59922.856
2035,上櫃,28.0,28.0,3.198
2061,上櫃,16.95,16.25,259.809
2063,上櫃,27.15,27.15,16.502
2064,上櫃,11.7,11.7,10.002
2065,上櫃,30.5,30.7,68.994
2066,上櫃,47.5,47.55,37.966
2067,上櫃,7.09,7.19,18.701
2070,上櫃,40.9,39.95,202.442
2073,上櫃,26.7,26.95,5.0
2221,上櫃,31.85,32.15,60.2
2230,上櫃,30.6,30.35,219.145
2235,上櫃,0.0,0.0,3.13
2596,上櫃,32.25,32.4,74.224
2640,上櫃,178.5,179.0,70.194
2641,上櫃,18.15,18.35,1746.316
2643,上櫃,69.0,69.1,25.11
2718,上櫃,47.55,47.7,38.348
2719,上櫃,28.05,28.8,48.458
2724,上櫃,17.4,17.3,6.0
2726,上櫃,9.99,10.0,9.749
2729,上櫃,174.0,171.5,27.278
2732,上櫃,66.3,65.3,44.045
2734,上櫃,17.9,16.85,230.507
2736,上櫃,14.45,13.5,255.623
2740,上櫃,35.35,34.65,4.2
2743,上櫃,73.8,72.6,157.525
2745,上櫃,106.0,104.0,271.387
2751,上櫃,58.0,57.1,20.093
2752,上櫃,196.0,194.5,30.078
2754,上櫃,69.0,69.5,10.712
2755,上櫃,140.0,139.5,43.022
2756,上櫃,68.5,69.1,28.219
2916,上櫃,46.75,46.9,39.455
2924,上櫃,20.45,20.45,2.1
2926,上櫃,36.85,37.85,7.427
2937,上櫃,45.65,45.3,9.333
2941,上櫃,38.1,35.15,34.008
2947,上櫃,78.3,78.2,143.178
2948,上櫃,39.9,38.8,9.552
2949,上櫃,58.0,57.8,13.62
3064,上櫃,0.0,0.0,0.018
3066,上櫃,19.95,21.45,1648.537
3067,上櫃,19.0,19.6,36.0
3071,上櫃,30.05,30.8,2089.527
3073,上櫃,26.0,26.0,132.742
3078,上櫃,55.7,55.2,808.263
3081,上櫃,2180.0,2315.0,4814.781
3083,上櫃,27.5,27.3,135.231
3085,上櫃,12.9,12.85,11.014
3088,上櫃,93.4,92.3,1761.431
3093,上櫃,74.5,75.6,4624.875
3095,上櫃,34.45,33.8,12.398
3105,上櫃,459.0,446.5,31848.526
3114,上櫃,26.8,26.7,116.911
3115,上櫃,9.51,9.69,28.215
3118,上櫃,33.4,33.5,29.27
3122,上櫃,25.45,25.9,139.396
3128,上櫃,24.35,24.3,120.834
3131,上櫃,3320.0,3220.0,721.157
3141,上櫃,43.3,43.1,430.468
3147,上櫃,163.0,164.0,159.895
3152,上櫃,157.0,172.5,3808.414
3158,上櫃,89.9,91.0,33.16
3162,上櫃,68.0,67.1,4800.493
3163,上櫃,1180.0,1210.0,601.006
3169,上櫃,91.5,91.8,211.188
3171,上櫃,70.2,68.5,215.585
3176,上櫃,31.55,31.25,180.493
3178,上櫃,67.1,67.7,218.109
3188,上櫃,26.85,26.65,514.592
3191,上櫃,14.0,13.5,23.221
3205,上櫃,61.7,59.9,376.114
3206,上櫃,39.1,38.1,379.095
3207,上櫃,68.4,67.2,423.626
3211,上櫃,352.0,348.0,5619.016
3213,上櫃,104.5,104.5,322.419
3217,上櫃,157.5,162.0,1965.136
3218,上櫃,130.5,131.5,228.155
3219,上櫃,62.5,62.6,215.042
3221,上櫃,38.5,41.55,15471.477
3224,上櫃,40.0,40.05,74.109
3226,上櫃,41.5,41.1,7.147
3227,上櫃,192.5,190.5,1236.981
3228,上櫃,135.5,131.5,306.997
3230,上櫃,39.5,38.5,665.223
3232,上櫃,22.1,22.25,75.658
3234,上櫃,113.0,113.0,2381.954
3236,上櫃,34.5,34.5,10289.817
3252,上櫃,20.3,20.2,76.132
3259,上櫃,17.25,17.4,33.387
3260,上櫃,388.5,368.5,21735.25
3264,上櫃,187.0,187.0,21656.371
3265,上櫃,177.0,169.0,5773.517
3268,上櫃,16.65,16.4,186.151
3272,上櫃,14.35,14.5,55.179
3276,上櫃,14.5,14.25,254.264
3284,上櫃,18.9,18.65,224.866
3285,上櫃,29.0,28.25,31.336
3287,上櫃,28.8,29.0,58.063
3288,上櫃,14.65,14.9,30.249
3289,上櫃,188.0,183.5,13189.111
3290,上櫃,50.6,50.1,2285.731
3293,上櫃,762.0,747.0,1971.123
3294,上櫃,33.55,33.2,1116.672
3297,上櫃,36.15,35.8,138.896
3303,上櫃,46.3,45.9,215.855
3306,上櫃,47.45,47.45,153.075
3310,上櫃,70.5,70.2,60.904
3313,上櫃,12.7,12.95,183.326
3317,上櫃,51.1,50.8,719.302
3322,上櫃,13.2,13.2,892.996
3323,上櫃,32.55,32.5,798.578
3324,上櫃,976.0,972.0,3097.779
3325,上櫃,12.0,12.15,712.037
3332,上櫃,62.0,61.4,68.67
3339,上櫃,54.5,57.3,7924.293
3349,上櫃,27.4,27.25,87.996
3354,上櫃,27.3,27.3,575.595
3357,上櫃,171.0,168.5,6097.237
3360,上櫃,14.3,14.35,680.362
3362,上櫃,115.0,110.0,1814.913
3363,上櫃,750.0,822.0,5658.989
3372,上櫃,20.8,20.0,583.348
3373,上櫃,17.05,17.0,66.176
3374,上櫃,180.0,172.0,6114.539
3379,上櫃,37.4,37.05,300.63
3388,上櫃,75.5,82.1,1932.644
3390,上櫃,24.4,24.6,438.613
3402,上櫃,124.0,123.0,359.091
3426,上櫃,47.65,47.65,18.095
3430,上櫃,78.9,78.6,1254.594
3434,上櫃,29.35,32.15,664.795
3438,上櫃,46.9,46.1,97.055
3441,上櫃,33.2,32.35,392.837
3444,上櫃,74.9,78.7,1798.167
3455,上櫃,184.0,182.0,1348.679
3465,上櫃,34.4,34.15,38.097
3466,上櫃,39.1,40.3,1550.995
3467,上櫃,54.5,54.5,495.735
3479,上櫃,92.0,91.0,404.936
3483,上櫃,93.0,89.8,1740.285
3484,上櫃,45.9,45.7,377.531
3489,上櫃,23.9,23.9,87.934
3490,上櫃,28.2,28.2,3563.166
3491,上櫃,1740.0,1740.0,1316.596
3492,上櫃,24.0,23.75,26.103
3498,上櫃,85.0,82.0,4614.574
3499,上櫃,17.5,17.0,218.094
3508,上櫃,22.5,24.4,1014.691
3511,上櫃,19.6,19.3,296.457
3512,上櫃,21.4,21.35,80.814
3516,上櫃,19.55,19.85,16.217
3520,上櫃,14.0,14.0,127.21
3521,上櫃,14.4,14.1,58.631
3522,上櫃,13.1,13.05,58.77
3523,上櫃,12.1,12.1,21.489
3526,上櫃,293.0,291.5,1191.47
3527,上櫃,56.5,56.8,791.886
3529,上櫃,3385.0,3370.0,923.007
3531,上櫃,21.75,22.55,14.1
3537,上櫃,46.65,46.0,275.594
3540,上櫃,26.8,27.05,305.451
3541,上櫃,23.9,23.8,49.072
3546,上櫃,70.4,70.8,177.103
3548,上櫃,109.5,105.0,5160.03
3551,上櫃,193.0,196.5,4816.82
3552,上櫃,55.6,54.1,346.425
3555,上櫃,221.0,215.0,647.059
3556,上櫃,49.25,48.65,540.504
3558,上櫃,112.5,112.5,208.533
3564,上櫃,42.9,41.85,116.365
3567,上櫃,26.4,26.2,62.673
3570,上櫃,162.0,162.5,30.032
3577,上櫃,77.8,77.3,297.571
3580,上櫃,83.3,81.6,1052.259
3581,上櫃,99.0,99.0,2506.55
3587,上櫃,303.0,304.0,4372.635
3594,上櫃,44.85,43.75,301.51
3597,上櫃,24.0,24.8,48.06
3609,上櫃,25.9,25.9,131.899
3611,上櫃,187.0,187.5,44.127
3615,上櫃,32.1,32.5,1240.12
3623,上櫃,22.65,22.55,78.5
3624,上櫃,53.8,55.0,4737.508
3625,上櫃,16.55,17.1,440.167
3628,上櫃,67.3,67.7,111.628
3629,上櫃,0.0,0.0,0.1
3630,上櫃,29.25,28.8,853.388
3631,上櫃,26.9,26.75,61.2
3632,上櫃,9.03,9.06,26.205
3646,上櫃,23.5,23.35,22.191
3663,上櫃,74.5,72.7,2739.919
3664,上櫃,7.51,7.57,99.9
3666,上櫃,25.0,24.95,143.734
3672,上櫃,11.4,11.35,27.532
3675,上櫃,196.5,192.5,573.004
3680,上櫃,412.0,402.0,2295.332
3684,上櫃,58.0,58.0,77.709
3685,上櫃,30.25,32.2,1045.361
3687,上櫃,69.4,69.0,71.959
3689,上櫃,140.0,136.0,5736.997
3691,上櫃,123.0,120.0,3686.161
3693,上櫃,635.0,603.0,2990.211
3707,上櫃,56.2,54.6,14458.583
3709,上櫃,74.1,70.2,6049.061
3710,上櫃,6.25,6.27,505.392
3713,上櫃,16.95,17.0,508.899
4102,上櫃,19.5,19.05,213.223
4105,上櫃,74.3,74.2,262.02
4107,上櫃,120.0,120.0,38.9
4109,上櫃,12.25,12.25,170.371
4111,上櫃,29.6,29.45,120.309
4113,上櫃,16.15,15.75,676.87
4114,上櫃,31.6,32.0,2253.173
4116,上櫃,40.2,40.0,31.471
4120,上櫃,47.0,47.0,16.689
4121,上櫃,15.5,15.5,354.362
4123,上櫃,41.15,41.55,5374.916
4126,上櫃,80.3,80.4,34.239
4127,上櫃,35.8,35.7,33.004
4128,上櫃,16.85,17.35,4496.81
4129,上櫃,103.5,107.0,317.402
4130,上櫃,32.9,33.65,1855.285
4131,上櫃,35.95,35.7,61.892
4138,上櫃,63.4,62.9,35.07
4139,上櫃,24.95,24.8,18.003
4147,上櫃,53.1,53.7,910.584
4153,上櫃,32.05,32.15,36.626
4154,上櫃,13.05,13.75,6.061
4157,上櫃,10.6,10.75,1236.915
4160,上櫃,44.8,44.8,37.365
4161,上櫃,24.7,24.2,505.576
4162,上櫃,58.2,58.3,330.519
4163,上櫃,107.5,106.5,24.055
4166,上櫃,26.4,25.5,358.751
4167,上櫃,19.8,20.0,951.398
4168,上櫃,23.6,24.45,235.516
4171,上櫃,18.75,18.65,51.135
4173,上櫃,20.65,20.5,194.487
4174,上櫃,37.65,38.2,527.961
4175,上櫃,56.4,55.1,15.25
4183,上櫃,15.25,15.25,12.0
4188,上櫃,12.0,12.05,63.328
4192,上櫃,19.85,20.45,3.735
4198,上櫃,41.7,39.8,6.687
4205,上櫃,76.5,77.0,18.653
4207,上櫃,18.25,18.0,216.667
4303,上櫃,54.0,54.1,444.52
4304,上櫃,27.8,28.0,28.007
4305,上櫃,43.5,43.5,2.211
4401,上櫃,15.0,14.95,83.393
4402,上櫃,16.8,16.4,36.324
4406,上櫃,9.78,9.78,14.1
4413,上櫃,17.7,17.85,21.167
4416,上櫃,12.5,13.0,290.358
4417,上櫃,47.7,47.8,185.479
4419,上櫃,45.9,45.1,8.204
4420,上櫃,46.85,45.1,64.949
4430,上櫃,18.0,17.45,37.937
4432,上櫃,15.5,15.2,30.29
4433,上櫃,20.4,20.5,65.361
4442,上櫃,60.0,58.5,109.683
4502,上櫃,16.15,15.9,45.634
4503,上櫃,41.9,40.95,170.529
4506,上櫃,120.0,120.5,28.427
4510,上櫃,49.95,48.0,12328.011
4513,上櫃,16.3,16.45,325.435
4523,上櫃,30.15,30.4,208.313
4527,上櫃,43.85,43.45,22.167
4528,上櫃,17.5,17.2,18.485
4529,上櫃,3.05,3.04,129.2
4530,上櫃,28.5,28.4,26.208
4533,上櫃,32.75,31.45,4004.078
4534,上櫃,27.55,26.5,1874.873
4535,上櫃,28.6,28.6,1.144
4538,上櫃,18.7,18.85,25.394
4541,上櫃,46.8,46.3,1171.604
4542,上櫃,184.0,174.5,1364.391
4543,上櫃,36.5,35.3,544.22
4549,上櫃,98.0,99.3,168.675
4550,上櫃,24.6,24.65,7.257
4554,上櫃,30.4,29.85,143.107
4556,上櫃,27.15,27.1,104.06
4558,上櫃,19.8,20.05,56.291
4561,上櫃,37.0,38.25,626.603
4563,上櫃,41.75,41.0,107.058
4568,上櫃,41.0,41.6,7.917
4577,上櫃,144.5,141.5,2887.006
4580,上櫃,80.3,79.5,63.404
4584,上櫃,41.0,41.95,19.116
4609,上櫃,4.71,4.4,31.002
4702,上櫃,10.0,10.05,103.465
4706,上櫃,31.5,31.05,4.021
4707,上櫃,13.8,14.2,7490.65
4711,上櫃,15.45,15.4,135.674
4714,上櫃,14.6,14.3,731.791
4716,上櫃,15.55,15.6,405.858
4721,上櫃,81.0,85.6,4053.446
4726,上櫃,30.0,29.85,368.985
4728,上櫃,398.5,400.0,14.02
4729,上櫃,20.25,20.0,115.556
4735,上櫃,31.3,30.65,16.964
4741,上櫃,55.5,52.1,377.145
4743,上櫃,53.8,54.6,2272.612
4744,上櫃,33.6,32.85,473.092
4745,上櫃,19.85,19.85,180.643
4747,上櫃,53.6,54.0,26.218
4749,上櫃,928.0,911.0,1818.964
4754,上櫃,37.45,37.45,27.838
4760,上櫃,269.5,266.0,1706.011
4767,上櫃,27.0,27.7,55.23
4768,上櫃,482.5,484.0,1354.527
4772,上櫃,302.5,314.0,4695.397
4806,上櫃,10.1,10.15,42.495
4903,上櫃,47.6,49.1,13210.1
4905,上櫃,76.4,84.7,44.923
4907,上櫃,40.65,40.65,25.858
4908,上櫃,141.0,141.0,8267.596
4909,上櫃,65.5,64.1,7661.54
4911,上櫃,37.8,37.4,17.229
4923,上櫃,37.4,36.15,59.592
4924,上櫃,10.95,10.45,92.02
4931,上櫃,140.5,138.0,4564.718
4933,上櫃,60.4,59.4,208.695
4939,上櫃,33.35,34.05,12137.669
4946,上櫃,110.0,110.0,39.708
4950,上櫃,17.1,16.5,19.668
4951,上櫃,71.2,70.1,146.082
4953,上櫃,119.0,117.5,251.716
4966,上櫃,545.0,530.0,761.22
4971,上櫃,700.0,680.0,353.826
4972,上櫃,17.0,17.0,30.91
4973,上櫃,81.6,78.1,4162.607
4974,上櫃,70.6,70.1,128.781
4979,上櫃,486.0,533.0,12905.224
4987,上櫃,81.4,81.4,8.162
4991,上櫃,620.0,606.0,864.683
4995,上櫃,41.55,41.7,26.539
5009,上櫃,31.2,31.15,1533.332
5011,上櫃,13.2,13.65,686.228
5013,上櫃,31.35,31.0,30.222
5014,上櫃,10.15,10.15,250.902
5015,上櫃,25.35,25.05,41.796
5016,上櫃,28.9,31.0,1353.145
5201,上櫃,39.25,39.4,78.848
5202,上櫃,12.95,12.8,158.829
5205,上櫃,27.95,27.9,11.001
5206,上櫃,28.45,28.15,50.634
5209,上櫃,166.5,164.5,70.891
5210,上櫃,22.45,22.25,119.719
5211,上櫃,21.9,23.65,143.056
5212,上櫃,49.1,48.85,31.16
5213,上櫃,26.7,26.7,384.761
5220,上櫃,20.45,19.95,67.14
5223,上櫃,25.2,24.9,39.957
5227,上櫃,21.85,21.75,233.168
5228,上櫃,30.5,30.7,2632.443
5230,上櫃,16.3,17.7,484.644
5236,上櫃,142.0,140.0,260.868
5245,上櫃,23.3,25.55,185.343
5251,上櫃,29.9,30.1,96.256
5263,上櫃,94.2,94.0,167.227
5272,上櫃,22.35,22.1,189.493
5274,上櫃,13575.0,13875.0,268.198
5276,上櫃,15.35,15.3,5.0
5278,上櫃,23.8,24.15,670.041
5287,上櫃,167.0,166.5,109.2
5289,上櫃,1215.0,1140.0,3606.863
5291,上櫃,75.6,74.5,1694.032
5299,上櫃,80.0,80.2,159.477
5301,上櫃,9.4,9.42,5.249
5302,上櫃,11.0,10.9,549.269
5309,上櫃,57.7,58.3,5722.208
5310,上櫃,25.5,26.0,14.442
5312,上櫃,98.1,97.4,47.946
5314,上櫃,78.0,77.9,3127.386
5315,上櫃,23.0,22.85,334.627
5321,上櫃,24.65,24.0,62.856
5324,上櫃,12.0,11.95,210.895
5328,上櫃,26.65,26.6,11031.705
5340,上櫃,115.0,114.0,5550.27
5344,上櫃,14.5,14.75,99.679
5345,上櫃,22.9,23.65,6.45
5347,上櫃,127.0,127.5,19355.493
5348,上櫃,17.0,17.0,1.516
5351,上櫃,69.5,67.9,11794.222
5353,上櫃,25.35,24.95,56.279
5355,上櫃,6.43,6.45,71.137
5356,上櫃,25.45,25.6,186.249
5364,上櫃,11.7,11.3,351.138
5371,上櫃,75.0,75.2,3885.602
5381,上櫃,24.8,24.2,718.283
5386,上櫃,371.0,390.0,550.052
5392,上櫃,40.0,39.4,4849.727
5398,上櫃,20.9,21.05,45.627
5403,上櫃,92.1,94.0,261.709
5410,上櫃,32.25,32.2,312.694
5425,上櫃,58.4,58.0,2593.975
5426,上櫃,19.35,19.1,440.846
5432,上櫃,133.0,131.5,37.815
5438,上櫃,18.9,18.85,85.853
5439,上櫃,380.0,396.5,10587.271
5443,上櫃,118.5,115.0,9323.795
5450,上櫃,14.3,14.2,36.813
5452,上櫃,34.35,32.9,2173.013
5455,上櫃,0.0,0.0,0.451
5457,上櫃,38.6,38.3,2380.57
5460,上櫃,14.95,14.8,42.986
5464,上櫃,29.7,29.8,336.56
5465,上櫃,25.45,25.65,111.446
5468,上櫃,18.55,18.35,118.201
5474,上櫃,142.0,145.0,333.237
5475,上櫃,327.0,323.0,5883.324
5478,上櫃,99.2,99.7,167.088
5481,上櫃,22.15,21.5,105.664
5483,上櫃,123.5,122.0,10702.364
5487,上櫃,28.35,28.75,49.004
5488,上櫃,10.45,10.1,407.586
5489,上櫃,41.0,40.95,84.485
5490,上櫃,26.0,26.05,278.676
5493,上櫃,81.8,83.8,395.784
5498,上櫃,65.7,63.0,9646.682
5508,上櫃,50.4,50.7,372.56
5511,上櫃,71.1,71.0,144.777
5512,上櫃,7.91,7.85,818.043
5514,上櫃,16.15,16.55,10.007
5516,上櫃,12.3,12.05,58.637
5520,上櫃,80.6,80.3,6.296
5523,上櫃,30.25,30.5,23.638
5529,上櫃,25.15,24.8,42.798
5530,上櫃,45.0,44.65,470.908
5536,上櫃,802.0,822.0,5413.11
5543,上櫃,27.0,27.0,20.018
5547,上櫃,22.2,22.15,67.092
5548,上櫃,24.85,24.5,99.444
5601,上櫃,36.15,36.55,14.007
5603,上櫃,16.9,16.8,52.236
5604,上櫃,34.5,34.4,32.208
5609,上櫃,79.0,78.9,187.881
5701,上櫃,3.64,3.63,55.231
5703,上櫃,14.4,14.5,12.858
5704,上櫃,22.45,22.25,40.105
5864,上櫃,25.2,25.35,3210.051
5878,上櫃,41.1,41.05,13.258
5902,上櫃,38.95,38.5,44.48
5903,上櫃,190.0,190.0,25.637
5904,上櫃,503.0,502.0,212.377
5905,上櫃,8.61,8.5,1313.9
6015,上櫃,13.55,13.6,3650.308
6016,上櫃,17.05,17.1,3972.381
6020,上櫃,19.4,19.2,5.0
6021,上櫃,31.1,31.0,535.302
6023,上櫃,99.3,99.3,102.247
6026,上櫃,14.8,14.8,1068.799
6028,上櫃,82.1,81.7,35.554
6101,上櫃,39.8,40.45,200.59
6103,上櫃,41.0,41.8,4.806
6104,上櫃,88.3,87.2,891.854
6109,上櫃,12.4,12.0,490.587
6111,上櫃,45.1,45.4,428.344
6113,上櫃,23.35,23.9,1941.819
6114,上櫃,29.5,29.5,31.539
6118,上櫃,16.95,17.15,413.869
6121,上櫃,353.0,350.0,557.008
6122,上櫃,51.0,50.4,278.474
6123,上櫃,42.05,42.0,88.975
6124,上櫃,31.1,30.95,46.299
6125,上櫃,56.5,56.1,1646.024
6126,上櫃,32.4,31.65,681.525
6127,上櫃,48.9,47.4,56891.224
6129,上櫃,16.45,16.15,552.727
6130,上櫃,27.15,25.1,519.206
6134,上櫃,32.45,32.5,1301.551
6138,上櫃,225.0,223.5,309.506
6140,上櫃,18.0,18.0,89.639
6143,上櫃,92.0,92.6,828.892
6144,上櫃,16.6,16.4,9.061
6146,上櫃,206.0,212.5,1280.648
6147,上櫃,114.0,106.0,21266.71
6148,上櫃,32.85,32.0,280.047
6150,上櫃,54.2,53.7,327.521
6151,上櫃,37.25,35.8,937.563
6154,上櫃,13.35,13.25,17.415
6156,上櫃,19.55,20.05,1319.405
6158,上櫃,18.75,18.25,33.037
6160,上櫃,15.75,15.7,79.588
6161,上櫃,41.6,41.95,72.928
6163,上櫃,62.5,61.1,4634.569
6167,上櫃,14.2,14.2,1013.495
6169,上櫃,17.3,17.2,8.944
6170,上櫃,51.4,51.3,263.917
6171,上櫃,26.0,25.95,28.427
6173,上櫃,75.3,76.3,22381.499
6174,上櫃,24.3,24.85,646.013
6175,上櫃,58.6,62.4,14315.312
6179,上櫃,25.0,24.95,1217.419
6180,上櫃,41.6,41.2,533.563
6182,上櫃,37.4,36.65,9501.753
6185,上櫃,13.95,13.95,143.123
6186,上櫃,41.1,40.75,263.964
6187,上櫃,1055.0,1135.0,9046.127
6188,上櫃,89.0,86.6,2373.583
6190,上櫃,62.3,61.8,7497.414
6194,上櫃,33.95,33.45,3245.653
6195,上櫃,24.5,24.4,14.048
6198,上櫃,22.2,22.0,10.333
6199,上櫃,107.5,111.5,463.35
6203,上櫃,65.3,63.9,203.25
6204,上櫃,67.8,64.9,633.596
6207,上櫃,55.8,57.7,2384.28
6208,上櫃,68.6,68.6,803.345
6210,上櫃,21.95,21.1,83.318
6212,上櫃,28.5,28.0,6.002
6217,上櫃,222.0,218.0,2796.016
6218,上櫃,36.75,34.8,1659.061
6219,上櫃,14.15,14.2,229.235
6220,上櫃,36.85,35.65,1240.473
6221,上櫃,26.85,26.7,107.453
6222,上櫃,20.65,20.9,53.825
6223,上櫃,4650.0,4605.0,1044.884
6227,上櫃,93.2,92.5,395.574
6228,上櫃,25.0,25.35,8.359
6229,上櫃,27.1,25.2,2463.61
6231,上櫃,262.0,253.5,801.706
6233,上櫃,26.95,26.7,782.409
6234,上櫃,34.2,32.45,8295.434
6236,上櫃,0.0,0.0,0.0
6237,上櫃,37.75,37.4,124.739
6240,上櫃,18.5,18.65,7.111
6241,上櫃,10.15,10.1,63.805
6242,上櫃,38.0,38.0,9.059
6244,上櫃,27.45,29.6,21797.417
6245,上櫃,79.0,77.3,1476.786
6246,上櫃,16.2,15.95,46.198
6248,上櫃,20.1,20.05,159.043
6259,上櫃,20.5,22.35,1947.731
6261,上櫃,82.5,78.4,1692.52
6263,上櫃,130.5,131.0,85.431
6264,上櫃,6.3,6.29,90.0
6265,上櫃,41.1,39.95,4345.34
6266,上櫃,27.9,27.95,194.459
6270,上櫃,25.15,25.0,459.929
6274,上櫃,906.0,946.0,8370.319
6275,上櫃,48.65,48.45,523.789
6276,上櫃,31.3,31.3,68.447
6279,上櫃,105.5,105.0,450.978
6284,上櫃,86.2,85.3,1915.325
6290,上櫃,223.0,222.5,9828.219
6291,上櫃,416.0,424.0,3044.939
6292,上櫃,47.35,48.25,229.042
6294,上櫃,41.9,41.9,86.129
6411,上櫃,76.7,75.9,341.167
6417,上櫃,109.0,110.0,75.173
6418,上櫃,28.55,29.0,95.784
6419,上櫃,130.5,124.0,1894.99
6423,上櫃,86.2,89.8,451.961
6425,上櫃,82.6,81.7,12835.628
6432,上櫃,41.05,39.5,2009.579
6435,上櫃,164.5,163.5,429.229
6441,上櫃,17.35,19.05,412.879
6461,上櫃,18.4,18.0,122.059
6462,上櫃,106.0,106.0,713.504
6465,上櫃,46.3,42.85,587.687
6469,上櫃,79.5,78.9,832.469
6470,上櫃,46.65,46.35,57.032
6474,上櫃,36.2,36.85,65.299
6482,上櫃,31.0,30.95,35.585
6485,上櫃,80.0,78.0,463.266
6486,上櫃,88.0,87.0,145.142
6488,上櫃,517.0,516.0,10204.004
6492,上櫃,52.3,53.9,744.628
6494,上櫃,54.5,53.4,448.575
6496,上櫃,26.15,26.2,16.737
6498,上櫃,95.8,94.0,83.198
6499,上櫃,84.0,87.1,753.361
6506,上櫃,17.05,16.85,231.569
6508,上櫃,26.65,26.95,157.067
6509,上櫃,45.6,44.95,3504.994
6510,上櫃,3470.0,3605.0,1557.527
6512,上櫃,19.5,19.5,15.951
6516,上櫃,61.2,61.3,90.229
6517,上櫃,59.3,60.6,536.221
6523,上櫃,110.5,107.5,260.22
6527,上櫃,70.5,70.3,27.477
6530,上櫃,95.8,104.5,8452.815
6532,上櫃,79.9,77.9,837.872
6535,上櫃,140.5,135.0,211.09
6538,上櫃,70.1,70.7,98.08
6542,上櫃,52.3,51.6,9.073
6546,上櫃,70.3,70.7,1094.058
6547,上櫃,51.2,50.9,4092.522
6548,上櫃,52.1,49.7,8085.376
6556,上櫃,68.2,69.0,21.186
6560,上櫃,39.15,38.35,26.458
6561,上櫃,363.0,372.5,258.393
6568,上櫃,205.0,210.0,866.089
6569,上櫃,101.5,101.0,42.663
6570,上櫃,40.0,39.85,119.917
6574,上櫃,97.5,98.8,44.764
6576,上櫃,77.0,77.0,137.702
6577,上櫃,79.3,78.5,23.824
6578,上櫃,17.7,17.8,104.194
6584,上櫃,680.0,640.0,1954.039
6588,上櫃,144.0,146.0,7896.365
6590,上櫃,69.6,69.9,15.469
6593,上櫃,37.3,37.1,32.757
6596,上櫃,102.5,103.5,421.823
6597,上櫃,60.0,58.0,13.852
6603,上櫃,23.2,22.95,2075.916
6609,上櫃,40.2,39.2,279.001
6612,上櫃,69.0,69.0,14.047
6613,上櫃,240.0,245.5,1242.37
6615,上櫃,33.4,34.25,33.151
6616,上櫃,10.0,10.05,5.24
6617,上櫃,67.0,67.2,225.112
6620,上櫃,71.2,72.3,730.475
6624,上櫃,56.9,57.7,12.172
6629,上櫃,113.0,107.0,284.037
6637,上櫃,72.2,71.9,24.753
6640,上櫃,1755.0,1730.0,604.664
6642,上櫃,56.2,57.5,387.796
6643,上櫃,499.0,486.0,1096.206
6649,上櫃,40.5,39.5,235.135
6651,上櫃,91.1,92.5,48.588
6654,上櫃,87.0,85.0,3.101
6661,上櫃,18.4,18.4,3.0
6662,上櫃,29.9,30.6,13.96
6664,上櫃,398.0,430.0,4237.83
6667,上櫃,263.0,276.0,2646.921
6679,上櫃,263.5,267.0,768.092
6680,上櫃,56.3,55.9,5.013
6683,上櫃,1775.0,1910.0,237.558
6684,上櫃,44.5,43.45,138.034
6690,上櫃,169.0,169.0,66.767
6692,上櫃,32.5,31.85,60.506
6693,上櫃,146.5,148.5,1061.621
6697,上櫃,41.2,40.6,26.299
6703,上櫃,117.0,114.0,142.622
6708,上櫃,39.5,38.65,28.754
6712,上櫃,143.0,143.5,284.592
6716,上櫃,77.4,74.8,260.547
6720,上櫃,169.5,165.5,38.784
6721,上櫃,58.8,58.6,4.339
6725,上櫃,341.5,366.5,2889.243
6727,上櫃,380.0,375.0,217.577
6728,上櫃,116.5,118.0,52.274
6730,上櫃,39.1,39.0,63.85
6732,上櫃,151.0,150.5,125.484
6733,上櫃,31.05,31.45,161.365
6735,上櫃,71.9,72.0,145.679
6739,上櫃,1520.0,1625.0,1587.783
6741,上櫃,62.7,62.1,251.858
6751,上櫃,52.2,52.2,58.441
6752,上櫃,104.0,103.5,34.061
6761,上櫃,196.5,195.0,1682.965
6762,上櫃,163.0,163.0,2.088
6763,上櫃,50.0,49.3,496.528
6767,上櫃,28.05,28.0,34.072
6785,上櫃,170.0,167.0,43.226
6788,上櫃,395.5,389.0,2163.713
6791,上櫃,123.5,123.5,412.608
6803,上櫃,290.5,289.0,91.383
6804,上櫃,16.75,16.55,20.403
6811,上櫃,192.5,192.0,62.843
6821,上櫃,67.2,66.3,1683.97
6823,上櫃,69.1,69.3,249.861
6829,上櫃,155.0,163.5,4931.435
6840,上櫃,72.6,70.1,212.244
6841,上櫃,59.9,58.8,282.32
6843,上櫃,46.6,46.85,2.02
6844,上櫃,62.3,63.2,11.946
6846,上櫃,70.8,71.3,20.425
6855,上櫃,106.0,106.5,12.858
6856,上櫃,51.7,53.0,2.102
6859,上櫃,115.0,115.5,56.582
6865,上櫃,35.8,35.85,21.016
6870,上櫃,191.5,189.5,45.049
6872,上櫃,18.15,17.85,41.0
6874,上櫃,89.0,88.6,60.575
6875,上櫃,37.5,37.35,75.536
6877,上櫃,125.0,130.5,1057.245
6881,上櫃,247.0,250.0,40.648
6884,上櫃,33.5,34.15,8.052
6894,上櫃,371.5,354.0,288.113
6895,上櫃,163.5,164.5,75.038
6899,上櫃,54.4,54.0,42.674
6903,上櫃,385.0,385.0,949.259
6904,上櫃,0.0,0.0,0.126
6907,上櫃,130.0,135.0,513.443
6910,上櫃,29.6,29.0,244.661
6913,上櫃,126.0,129.0,636.571
6922,上櫃,165.0,165.5,69.165
6925,上櫃,70.7,70.1,83.517
6929,上櫃,30.2,30.95,2.0
6953,上櫃,212.0,209.0,76.86
6961,上櫃,57.6,57.7,29.331
6967,上櫃,69.9,70.8,76.155
6968,上櫃,47.0,47.2,61.314
6971,上櫃,29.5,29.45,41.156
6982,上櫃,61.0,58.2,78.651
6996,上櫃,180.0,186.5,383.984
6997,上櫃,0.0,0.0,0.53
700008,上櫃,0.29,0.34,252.0
700010,上櫃,16.5,20.5,16.0
700015,上櫃,0.0,0.0,0.0
700016,上櫃,6.65,6.65,1.0
700017,上櫃,0.04,0.05,146.0
700018,上櫃,0.41,0.42,102.0
700019,上櫃,0.43,0.42,108.0
700020,上櫃,0.0,0.0,0.0
700021,上櫃,0.0,0.0,0.0
700022,上櫃,3.02,3.15,493.0
700023,上櫃,0.4,0.37,134.0
700024,上櫃,0.44,0.43,219.0
700025,上櫃,0.43,0.42,25.0
700027,上櫃,0.36,0.36,6.0
700028,上櫃,0.8,0.8,5.0
700029,上櫃,0.0,0.0,0.0
700030,上櫃,0.0,0.0,0.0
700032,上櫃,0.0,0.0,0.0
700033,上櫃,0.0,0.0,0.0
700034,上櫃,2.53,2.53,15.0
700035,上櫃,1.31,1.25,53.0
700042,上櫃,0.0,0.0,0.0
700043,上櫃,0.53,0.48,133.0
700044,上櫃,0.0,0.0,0.0
700045,上櫃,0.0,0.0,0.0
700046,上櫃,0.0,0.0,0.0
700047,上櫃,0.0,0.0,0.0
700050,上櫃,0.0,0.0,0.0
700051,上櫃,0.0,0.0,0.0
700052,上櫃,0.0,0.0,0.0
700054,上櫃,0.0,0.0,0.0
700057,上櫃,0.0,0.0,0.0
700058,上櫃,0.0,0.0,0.0
700059,上櫃,0.0,0.0,0.0
700060,上櫃,0.0,0.0,0.0
700061,上櫃,0.0,0.0,0.0
700062,上櫃,0.0,0.0,0.0
700063,上櫃,0.0,0.0,0.0
700064,上櫃,0.01,0.01,10.0
700065,上櫃,0.16,0.16,916.0
700066,上櫃,0.0,0.0,0.0
700067,上櫃,0.0,0.0,0.0
700068,上櫃,0.0,0.0,0.0
700069,上櫃,0.0,0.0,0.0
70006C,上櫃,0.0,0.0,0.0
700070,上櫃,0.0,0.0,0.0
700074,上櫃,0.0,0.0,0.0
700075,上櫃,0.0,0.0,0.0
700076,上櫃,0.0,0.0,0.0
700077,上櫃,0.53,0.56,268.0
700078,上櫃,0.0,0.0,0.0
700083,上櫃,0.0,0.0,0.0
700086,上櫃,4.2,4.2,1.0
700092,上櫃,0.07,0.07,121.0
700096,上櫃,0.0,0.0,0.0
700099,上櫃,1.9,2.49,450.0
700102,上櫃,0.0,0.0,0.0
700103,上櫃,0.0,0.0,0.0
700113,上櫃,1.01,1.03,14.0
700117,上櫃,0.0,0.0,0.0
700118,上櫃,1.36,1.36,5.0
700119,上櫃,0.0,0.0,0.0
700120,上櫃,0.0,0.0,0.0
700121,上櫃,0.14,0.13,62.0
700122,上櫃,0.05,0.05,50.0
700124,上櫃,0.0,0.0,0.0
700125,上櫃,0.0,0.0,0.0
700126,上櫃,11.5,11.5,3.0
700127,上櫃,0.0,0.0,0.0
700128,上櫃,0.0,0.0,0.0
700129,上櫃,0.0,0.0,0.0
700130,上櫃,0.0,0.0,0.0
700132,上櫃,0.21,0.2,30.0
700133,上櫃,0.14,0.15,527.0
700134,上櫃,0.0,0.0,0.0
700135,上櫃,0.0,0.0,0.0
700137,上櫃,0.0,0.0,0.0
700138,上櫃,0.0,0.0,0.0
700139,上櫃,0.24,0.21,56.0
700141,上櫃,0.0,0.0,0.0
700142,上櫃,0.0,0.0,0.0
700143,上櫃,0.0,0.0,0.0
700144,上櫃,0.0,0.0,0.0
700146,上櫃,0.0,0.0,0.0
700149,上櫃,0.0,0.0,0.0
700150,上櫃,0.0,0.0,0.0
700151,上櫃,0.0,0.0,0.0
700153,上櫃,0.0,0.0,0.0
700154,上櫃,0.11,0.11,10.0
700155,上櫃,0.21,0.19,11.0
700157,上櫃,0.0,0.0,0.0
700163,上櫃,0.0,0.0,0.0
700164,上櫃,0.0,0.0,0.0
700170,上櫃,0.0,0.0,0.0
700171,上櫃,0.0,0.0,0.0
700173,上櫃,1.7,1.79,536.0
700176,上櫃,0.13,0.13,20.0
700178,上櫃,0.0,0.0,0.0
700179,上櫃,13.5,13.5,5.0
700180,上櫃,0.0,0.0,0.0
700183,上櫃,0.0,0.0,0.0
700184,上櫃,0.43,0.42,127.0
700185,上櫃,0.07,0.07,2.0
700186,上櫃,0.0,0.0,0.0
700187,上櫃,0.33,0.33,46.0
700188,上櫃,0.33,0.35,1170.0
700189,上櫃,0.83,0.81,42.0
700190,上櫃,4.73,4.66,324.0
700191,上櫃,0.0,0.0,0.0
700192,上櫃,0.43,0.43,20.0
700193,上櫃,0.0,0.0,0.0
700194,上櫃,0.0,0.0,0.0
700195,上櫃,0.64,0.6,509.0
700196,上櫃,0.08,0.08,599.0
700197,上櫃,0.24,0.25,38.0
700198,上櫃,0.0,0.0,0.0
700199,上櫃,1.33,1.26,72.0
700200,上櫃,6.5,7.15,13.0
700201,上櫃,0.0,0.0,0.0
700202,上櫃,0.61,0.63,1948.0
700203,上櫃,0.25,0.29,267.0
700204,上櫃,0.47,0.52,19.0
700205,上櫃,0.49,0.5,1880.0
700206,上櫃,0.45,0.46,690.0
700207,上櫃,0.67,0.65,1617.0
700208,上櫃,0.47,0.47,34.0
700212,上櫃,0.02,0.02,110.0
700227,上櫃,0.0,0.0,0.0
700228,上櫃,0.37,0.35,309.0
700229,上櫃,0.0,0.0,0.0
700230,上櫃,0.0,0.0,0.0
700231,上櫃,0.0,0.0,0.0
700232,上櫃,0.0,0.0,0.0
700243,上櫃,15.0,17.5,10.0
700245,上櫃,31.4,32.3,40.0
700247,上櫃,0.0,0.0,0.0
700248,上櫃,0.0,0.0,0.0
700249,上櫃,0.67,0.66,225.0
700250,上櫃,0.0,0.0,0.0
700251,上櫃,0.0,0.0,0.0
700252,上櫃,0.0,0.0,0.0
700253,上櫃,0.0,0.0,0.0
700254,上櫃,0.34,0.31,389.0
700255,上櫃,10.4,11.0,3.0
700256,上櫃,0.0,0.0,0.0
700257,上櫃,0.0,0.0,0.0
700258,上櫃,0.43,0.43,4.0
700259,上櫃,0.0,0.0,0.0
700260,上櫃,0.25,0.21,153.0
700261,上櫃,3.75,3.62,107.0
700262,上櫃,0.0,0.0,0.0
700263,上櫃,2.97,2.97,1.0
700264,上櫃,0.33,0.33,48.0
700265,上櫃,1.29,1.35,208.0
700266,上櫃,1.22,1.35,7.0
700267,上櫃,0.0,0.0,0.0
700268,上櫃,0.0,0.0,0.0
700269,上櫃,0.0,0.0,0.0
700270,上櫃,0.0,0.0,0.0
700271,上櫃,0.0,0.0,0.0
700272,上櫃,0.35,0.4,2440.0
700273,上櫃,0.0,0.0,0.0
700274,上櫃,0.26,0.26,25.0
700275,上櫃,0.75,0.75,10.0
700276,上櫃,0.66,0.66,110.0
700277,上櫃,1.39,1.4,20.0
700278,上櫃,0.0,0.0,0.0
700279,上櫃,0.0,0.0,0.0
700281,上櫃,0.0,0.0,0.0
700282,上櫃,2.81,2.72,471.0
700283,上櫃,2.0,2.31,465.0
700284,上櫃,0.0,0.0,0.0
700285,上櫃,0.0,0.0,0.0
700286,上櫃,0.0,0.0,0.0
700287,上櫃,0.0,0.0,0.0
700288,上櫃,0.0,0.0,0.0
700289,上櫃,0.0,0.0,0.0
700290,上櫃,0.0,0.0,0.0
700291,上櫃,0.0,0.0,0.0
700292,上櫃,0.0,0.0,0.0
700300,上櫃,0.0,0.0,0.0
700301,上櫃,0.05,0.05,50.0
700302,上櫃,0.0,0.0,0.0
700303,上櫃,0.0,0.0,0.0
700304,上櫃,2.31,2.31,1.0
700305,上櫃,0.0,0.0,0.0
700306,上櫃,0.0,0.0,0.0
700307,上櫃,0.0,0.0,0.0
700308,上櫃,0.0,0.0,0.0
700309,上櫃,0.0,0.0,0.0
700310,上櫃,0.0,0.0,0.0
700313,上櫃,0.0,0.0,0.0
700317,上櫃,0.0,0.0,0.0
700321,上櫃,0.0,0.0,0.0
700329,上櫃,0.0,0.0,0.0
700330,上櫃,0.0,0.0,0.0
700331,上櫃,0.0,0.0,0.0
700332,上櫃,0.0,0.0,0.0
700333,上櫃,0.0,0.0,0.0
700337,上櫃,0.0,0.0,0.0
700338,上櫃,0.0,0.0,0.0
700339,上櫃,0.0,0.0,0.0
700340,上櫃,0.1,0.1,1.0
700342,上櫃,0.39,0.39,30.0
700343,上櫃,0.0,0.0,0.0
700344,上櫃,0.4,0.4,5.0
700345,上櫃,0.69,0.68,210.0
700346,上櫃,1.11,1.11,1658.0
700347,上櫃,0.16,0.16,20.0
700348,上櫃,0.0,0.0,0.0
700349,上櫃,0.2,0.2,200.0
700350,上櫃,0.46,0.46,20.0
700351,上櫃,0.0,0.0,0.0
700352,上櫃,0.0,0.0,0.0
700353,上櫃,0.39,0.39,10.0
700354,上櫃,0.57,0.58,369.0
700355,上櫃,0.0,0.0,0.0
700356,上櫃,0.0,0.0,0.0
700357,上櫃,0.34,0.38,43.0
700358,上櫃,0.0,0.0,0.0
700359,上櫃,0.74,0.73,96.0
700360,上櫃,1.39,1.31,60.0
700361,上櫃,0.0,0.0,0.0
700364,上櫃,0.0,0.0,0.0
700366,上櫃,0.0,0.0,0.0
700367,上櫃,0.0,0.0,0.0
700377,上櫃,0.0,0.0,0.0
700380,上櫃,0.0,0.0,0.0
700381,上櫃,0.0,0.0,0.0
700382,上櫃,0.0,0.0,0.0
700383,上櫃,0.0,0.0,0.0
700384,上櫃,2.49,2.38,98.0
700385,上櫃,0.0,0.0,0.0
700394,上櫃,0.0,0.0,0.0
700395,上櫃,0.0,0.0,0.0
700397,上櫃,0.52,0.49,34.0
700399,上櫃,0.0,0.0,0.0
700400,上櫃,0.0,0.0,0.0
700402,上櫃,7.9,7.9,20.0
700405,上櫃,0.0,0.0,0.0
700406,上櫃,1.19,1.45,1043.0
700407,上櫃,2.36,2.39,265.0
700408,上櫃,0.0,0.0,0.0
700410,上櫃,0.15,0.15,10.0
700411,上櫃,0.26,0.24,55.0
700412,上櫃,2.87,2.72,938.0
700413,上櫃,1.9,1.65,587.0
700414,上櫃,0.0,0.0,0.0
700415,上櫃,1.53,1.55,111.0
700416,上櫃,0.68,0.91,1862.0
700417,上櫃,0.42,0.42,166.0
700418,上櫃,4.12,4.5,120.0
700419,上櫃,3.81,3.99,289.0
700421,上櫃,0.0,0.0,0.0
700429,上櫃,0.0,0.0,0.0
700430,上櫃,0.0,0.0,0.0
700436,上櫃,0.56,0.65,197.0
700439,上櫃,0.0,0.0,0.0
700442,上櫃,5.3,5.4,2.0
700443,上櫃,5.9,5.9,100.0
700444,上櫃,0.0,0.0,0.0
700445,上櫃,0.0,0.0,0.0
700447,上櫃,0.0,0.0,0.0
700448,上櫃,0.02,0.02,499.0
700449,上櫃,0.26,0.27,46.0
700450,上櫃,0.0,0.0,0.0
700451,上櫃,1.47,1.47,147.0
700452,上櫃,0.0,0.0,0.0
700453,上櫃,51.5,51.0,76.0
700454,上櫃,0.0,0.0,0.0
700455,上櫃,0.0,0.0,0.0
700456,上櫃,0.0,0.0,0.0
700458,上櫃,0.52,0.8,304.0
700459,上櫃,4.21,4.21,1.0
700460,上櫃,0.0,0.0,0.0
700461,上櫃,0.45,0.45,8.0
700464,上櫃,0.0,0.0,0.0
700467,上櫃,0.0,0.0,0.0
700468,上櫃,1.16,1.16,19.0
700469,上櫃,0.18,0.19,20.0
700471,上櫃,0.0,0.0,0.0
700472,上櫃,0.0,0.0,0.0
700475,上櫃,0.0,0.0,0.0
700481,上櫃,0.0,0.0,0.0
700482,上櫃,0.0,0.0,0.0
700484,上櫃,0.0,0.0,0.0
700493,上櫃,0.0,0.0,0.0
700495,上櫃,0.66,0.66,10.0
700496,上櫃,0.29,0.29,110.0
700499,上櫃,0.0,0.0,0.0
700502,上櫃,0.0,0.0,0.0
700507,上櫃,0.0,0.0,0.0
700508,上櫃,0.0,0.0,0.0
700509,上櫃,0.0,0.0,0.0
700514,上櫃,0.0,0.0,0.0
700515,上櫃,0.14,0.14,350.0
700516,上櫃,0.0,0.0,0.0
700517,上櫃,0.0,0.0,0.0
700518,上櫃,0.0,0.0,0.0
700520,上櫃,0.0,0.0,0.0
700522,上櫃,0.0,0.0,0.0
700523,上櫃,0.12,0.12,1.0
700530,上櫃,0.41,0.33,204.0
700532,上櫃,0.19,0.21,158.0
700534,上櫃,0.0,0.0,0.0
700538,上櫃,0.0,0.0,0.0
700542,上櫃,1.84,1.82,50.0
700544,上櫃,0.0,0.0,0.0
700545,上櫃,0.0,0.0,0.0
700546,上櫃,0.32,0.34,145.0
700547,上櫃,0.0,0.0,0.0
700548,上櫃,0.0,0.0,0.0
700549,上櫃,0.0,0.0,0.0
700550,上櫃,0.0,0.0,0.0
700551,上櫃,1.35,1.23,13.0
700552,上櫃,0.0,0.0,0.0
700553,上櫃,0.0,0.0,0.0
700554,上櫃,0.0,0.0,0.0
700555,上櫃,0.65,0.65,25.0
700556,上櫃,0.0,0.0,0.0
700557,上櫃,0.0,0.0,0.0
700558,上櫃,0.09,0.08,110.0
700559,上櫃,0.0,0.0,0.0
700560,上櫃,0.0,0.0,0.0
700563,上櫃,0.51,0.44,116.0
700564,上櫃,0.0,0.0,0.0
700566,上櫃,0.0,0.0,0.0
700569,上櫃,7.9,8.3,3.0
700571,上櫃,0.0,0.0,0.0
700573,上櫃,4.38,4.56,16.0
700576,上櫃,0.9,0.83,235.0
700579,上櫃,1.4,1.4,2.0
700580,上櫃,0.0,0.0,0.0
700581,上櫃,0.0,0.0,0.0
700582,上櫃,6.35,6.25,21.0
700583,上櫃,0.0,0.0,0.0
700584,上櫃,0.28,0.51,1382.0
700585,上櫃,0.22,0.21,210.0
700588,上櫃,0.0,0.0,0.0
700590,上櫃,10.0,10.0,6.0
700594,上櫃,0.69,0.69,996.0
700595,上櫃,4.28,5.0,68.0
700598,上櫃,0.0,0.0,0.0
700599,上櫃,0.0,0.0,0.0
700600,上櫃,0.0,0.0,0.0
700601,上櫃,0.0,0.0,0.0
700602,上櫃,0.0,0.0,0.0
700603,上櫃,0.0,0.0,0.0
700604,上櫃,0.0,0.0,0.0
700605,上櫃,0.0,0.0,0.0
700607,上櫃,0.0,0.0,0.0
700608,上櫃,0.0,0.0,0.0
700609,上櫃,0.0,0.0,0.0
700610,上櫃,0.0,0.0,0.0
700613,上櫃,0.24,0.24,5.0
700614,上櫃,0.0,0.0,0.0
700616,上櫃,1.21,1.31,220.0
700620,上櫃,0.0,0.0,0.0
700623,上櫃,0.0,0.0,0.0
700624,上櫃,16.0,16.0,1.0
700630,上櫃,8.05,8.05,1.0
700631,上櫃,0.0,0.0,0.0
700635,上櫃,4.3,4.27,3.0
700638,上櫃,0.46,0.47,335.0
700647,上櫃,0.79,0.74,241.0
700650,上櫃,0.0,0.0,0.0
700654,上櫃,0.7,0.64,60.0
700655,上櫃,0.0,0.0,0.0
700656,上櫃,0.0,0.0,0.0
700657,上櫃,0.22,0.3,127.0
700658,上櫃,0.0,0.0,0.0
700660,上櫃,0.53,0.53,2.0
700661,上櫃,0.0,0.0,0.0
700662,上櫃,0.0,0.0,0.0
700664,上櫃,0.0,0.0,0.0
700665,上櫃,0.0,0.0,0.0
700666,上櫃,0.71,0.71,10.0
700667,上櫃,0.0,0.0,0.0
700668,上櫃,0.0,0.0,0.0
700669,上櫃,1.88,1.86,95.0
700670,上櫃,0.23,0.23,70.0
700671,上櫃,0.0,0.0,0.0
700672,上櫃,0.0,0.0,0.0
700673,上櫃,0.9,0.94,774.0
700674,上櫃,1.06,1.08,80.0
700675,上櫃,0.83,0.88,1146.0
700676,上櫃,0.64,0.72,536.0
700677,上櫃,0.76,0.84,245.0
700678,上櫃,0.0,0.0,0.0
700679,上櫃,0.0,0.0,0.0
700680,上櫃,4.77,4.77,1.0
700681,上櫃,0.46,0.44,420.0
700682,上櫃,3.32,3.59,188.0
700683,上櫃,5.4,6.4,29.0
700684,上櫃,0.0,0.0,0.0
700685,上櫃,0.56,0.55,672.0
700686,上櫃,0.72,0.7,933.0
700687,上櫃,0.0,0.0,0.0
700688,上櫃,2.73,2.47,253.0
700689,上櫃,0.0,0.0,0.0
700692,上櫃,0.0,0.0,0.0
700697,上櫃,0.0,0.0,0.0
700698,上櫃,0.0,0.0,0.0
700699,上櫃,0.0,0.0,0.0
700700,上櫃,0.0,0.0,0.0
700701,上櫃,5.2,5.3,51.0
700702,上櫃,0.0,0.0,0.0
700703,上櫃,0.0,0.0,0.0
700704,上櫃,0.0,0.0,0.0
700705,上櫃,0.0,0.0,0.0
700706,上櫃,0.0,0.0,0.0
700707,上櫃,0.0,0.0,0.0
700708,上櫃,0.0,0.0,0.0
700709,上櫃,0.0,0.0,0.0
700710,上櫃,0.43,0.43,210.0
700711,上櫃,2.65,3.14,493.0
700712,上櫃,0.0,0.0,0.0
700713,上櫃,0.0,0.0,0.0
700714,上櫃,0.0,0.0,0.0
700715,上櫃,0.0,0.0,0.0
700716,上櫃,0.0,0.0,0.0
700717,上櫃,0.0,0.0,0.0
700718,上櫃,11.3,11.3,8.0
700719,上櫃,0.0,0.0,0.0
700720,上櫃,9.1,9.1,1.0
700721,上櫃,0.17,0.15,102.0
700722,上櫃,0.0,0.0,0.0
700723,上櫃,0.22,0.22,20.0
700724,上櫃,0.0,0.0,0.0
700725,上櫃,0.0,0.0,0.0
700726,上櫃,0.0,0.0,0.0
700727,上櫃,0.0,0.0,0.0
700728,上櫃,0.0,0.0,0.0
700729,上櫃,0.0,0.0,0.0
700730,上櫃,0.0,0.0,0.0
700731,上櫃,0.12,0.12,47.0
700732,上櫃,0.0,0.0,0.0
700733,上櫃,0.0,0.0,0.0
700734,上櫃,0.0,0.0,0.0
700735,上櫃,0.0,0.0,0.0
700736,上櫃,0.01,0.01,10.0
700737,上櫃,0.0,0.0,0.0
700738,上櫃,0.95,0.91,32.0
700739,上櫃,0.0,0.0,0.0
700740,上櫃,0.0,0.0,0.0
700741,上櫃,0.07,0.07,300.0
700742,上櫃,0.48,0.49,5.0
700743,上櫃,0.0,0.0,0.0
700744,上櫃,0.0,0.0,0.0
700745,上櫃,0.0,0.0,0.0
700746,上櫃,0.3,0.3,5.0
700747,上櫃,0.0,0.0,0.0
700748,上櫃,0.0,0.0,0.0
700749,上櫃,0.0,0.0,0.0
700750,上櫃,0.0,0.0,0.0
700751,上櫃,0.0,0.0,0.0
700752,上櫃,0.0,0.0,0.0
700753,上櫃,0.0,0.0,0.0
700754,上櫃,0.48,0.48,42.0
700755,上櫃,2.9,2.7,90.0
700756,上櫃,2.35,2.27,141.0
700757,上櫃,4.13,4.08,40.0
700758,上櫃,0.9,0.89,73.0
700759,上櫃,0.0,0.0,0.0
700760,上櫃,0.0,0.0,0.0
700761,上櫃,0.0,0.0,0.0
700762,上櫃,0.0,0.0,0.0
700763,上櫃,0.01,0.01,100.0
700764,上櫃,0.0,0.0,0.0
700765,上櫃,0.0,0.0,0.0
700766,上櫃,4.65,4.65,20.0
700767,上櫃,0.0,0.0,0.0
700768,上櫃,0.0,0.0,0.0
700769,上櫃,10.9,10.9,1.0
700770,上櫃,9.05,9.05,3.0
700771,上櫃,0.0,0.0,0.0
700772,上櫃,0.0,0.0,0.0
700773,上櫃,0.3,0.31,216.0
700774,上櫃,1.23,1.54,148.0
700775,上櫃,0.0,0.0,0.0
700776,上櫃,0.0,0.0,0.0
700777,上櫃,0.0,0.0,0.0
700778,上櫃,0.0,0.0,0.0
700779,上櫃,0.0,0.0,0.0
700780,上櫃,0.0,0.0,0.0
700781,上櫃,0.0,0.0,0.0
700782,上櫃,0.27,0.29,964.0
700783,上櫃,0.0,0.0,0.0
700784,上櫃,0.0,0.0,0.0
700785,上櫃,0.0,0.0,0.0
700786,上櫃,0.0,0.0,0.0
700787,上櫃,3.16,3.12,17.0
700788,上櫃,0.0,0.0,0.0
700789,上櫃,1.05,1.04,527.0
700790,上櫃,0.0,0.0,0.0
700791,上櫃,5.95,5.85,2.0
700792,上櫃,0.0,0.0,0.0
700793,上櫃,0.0,0.0,0.0
700794,上櫃,0.0,0.0,0.0
700795,上櫃,2.94,2.97,55.0
700796,上櫃,0.0,0.0,0.0
700797,上櫃,0.0,0.0,0.0
700798,上櫃,0.0,0.0,0.0
700799,上櫃,0.0,0.0,0.0
700800,上櫃,0.0,0.0,0.0
700801,上櫃,0.0,0.0,0.0
700802,上櫃,0.0,0.0,0.0
700803,上櫃,0.0,0.0,0.0
700804,上櫃,0.0,0.0,0.0
700805,上櫃,0.0,0.0,0.0
700806,上櫃,5.2,5.2,3.0
700807,上櫃,0.0,0.0,0.0
700808,上櫃,0.0,0.0,0.0
700809,上櫃,0.0,0.0,0.0
700810,上櫃,0.0,0.0,0.0
700811,上櫃,0.78,0.85,120.0
700812,上櫃,0.68,0.71,754.0
700813,上櫃,0.0,0.0,0.0
700814,上櫃,0.0,0.0,0.0
700815,上櫃,0.0,0.0,0.0
700816,上櫃,0.0,0.0,0.0
700817,上櫃,0.0,0.0,0.0
700818,上櫃,0.0,0.0,0.0
700819,上櫃,0.0,0.0,0.0
700820,上櫃,0.0,0.0,0.0
700821,上櫃,6.25,5.65,6.0
700822,上櫃,0.0,0.0,0.0
700823,上櫃,0.0,0.0,0.0
700824,上櫃,0.0,0.0,0.0
700825,上櫃,0.0,0.0,0.0
700826,上櫃,0.0,0.0,0.0
700827,上櫃,0.0,0.0,0.0
700828,上櫃,0.0,0.0,0.0
700829,上櫃,0.0,0.0,0.0
700830,上櫃,0.51,0.49,110.0
700831,上櫃,0.0,0.0,0.0
700832,上櫃,0.0,0.0,0.0
700833,上櫃,0.0,0.0,0.0
700834,上櫃,0.0,0.0,0.0
700835,上櫃,0.0,0.0,0.0
700836,上櫃,0.0,0.0,0.0
700837,上櫃,0.0,0.0,0.0
700838,上櫃,0.88,0.88,3.0
700839,上櫃,0.0,0.0,0.0
700840,上櫃,0.0,0.0,0.0
700841,上櫃,0.0,0.0,0.0
700842,上櫃,0.0,0.0,0.0
700843,上櫃,0.48,0.49,1332.0
700844,上櫃,0.56,0.72,1062.0
700845,上櫃,0.48,0.48,438.0
700846,上櫃,0.0,0.0,0.0
700847,上櫃,1.46,1.46,1.0
700848,上櫃,2.55,1.97,78.0
700849,上櫃,0.23,0.23,210.0
700850,上櫃,0.0,0.0,0.0
700851,上櫃,0.59,0.63,97.0
700852,上櫃,0.0,0.0,0.0
700853,上櫃,0.0,0.0,0.0
700854,上櫃,0.0,0.0,0.0
700855,上櫃,0.0,0.0,0.0
700856,上櫃,0.0,0.0,0.0
700857,上櫃,1.65,1.72,15.0
700858,上櫃,0.0,0.0,0.0
700859,上櫃,0.0,0.0,0.0
700860,上櫃,0.38,0.37,280.0
700861,上櫃,0.0,0.0,0.0
700862,上櫃,0.0,0.0,0.0
700863,上櫃,0.0,0.0,0.0
700864,上櫃,0.0,0.0,0.0
700865,上櫃,0.0,0.0,0.0
700866,上櫃,0.0,0.0,0.0
700867,上櫃,0.0,0.0,0.0
700868,上櫃,0.72,0.86,105.0
700869,上櫃,0.0,0.0,0.0
700870,上櫃,0.0,0.0,0.0
700871,上櫃,1.0,1.0,60.0
700872,上櫃,0.0,0.0,0.0
700873,上櫃,0.0,0.0,0.0
700874,上櫃,0.0,0.0,0.0
700875,上櫃,1.39,1.38,14.0
700876,上櫃,41.2,39.0,10.0
700877,上櫃,1.11,1.11,1.0
700878,上櫃,0.0,0.0,0.0
700879,上櫃,0.0,0.0,0.0
700880,上櫃,0.0,0.0,0.0
700881,上櫃,0.0,0.0,0.0
700882,上櫃,0.0,0.0,0.0
700883,上櫃,0.0,0.0,0.0
700884,上櫃,0.0,0.0,0.0
700885,上櫃,0.0,0.0,0.0
700886,上櫃,0.0,0.0,0.0
700887,上櫃,1.94,2.0,19.0
700888,上櫃,0.39,0.35,4.0
700889,上櫃,0.0,0.0,0.0
700890,上櫃,4.1,4.06,30.0
700891,上櫃,0.0,0.0,0.0
700892,上櫃,0.0,0.0,0.0
700893,上櫃,0.54,0.49,35.0
700894,上櫃,1.92,1.92,5.0
700895,上櫃,0.0,0.0,0.0
700896,上櫃,0.0,0.0,0.0
700897,上櫃,0.0,0.0,0.0
700898,上櫃,0.9,0.9,1245.0
700899,上櫃,1.3,1.29,1849.0
700900,上櫃,0.0,0.0,0.0
700901,上櫃,0.36,0.35,40.0
700902,上櫃,0.62,0.59,115.0
700903,上櫃,0.0,0.0,0.0
700904,上櫃,6.25,6.55,165.0
700905,上櫃,3.56,5.0,45.0
700906,上櫃,2.21,2.21,50.0
700907,上櫃,3.4,3.18,592.0
700908,上櫃,0.0,0.0,0.0
700909,上櫃,0.0,0.0,0.0
700910,上櫃,0.0,0.0,0.0
700911,上櫃,0.0,0.0,0.0
700912,上櫃,0.0,0.0,0.0
700913,上櫃,0.97,0.97,1.0
700914,上櫃,0.74,0.74,3.0
700915,上櫃,0.0,0.0,0.0
700916,上櫃,0.0,0.0,0.0
700917,上櫃,0.0,0.0,0.0
700918,上櫃,0.0,0.0,0.0
700919,上櫃,0.0,0.0,0.0
700920,上櫃,43.9,43.6,10.0
700921,上櫃,2.64,3.17,112.0
700922,上櫃,0.0,0.0,0.0
700923,上櫃,0.06,0.04,440.0
700924,上櫃,0.63,0.56,2.0
700925,上櫃,0.0,0.0,0.0
700926,上櫃,0.0,0.0,0.0
700927,上櫃,0.0,0.0,0.0
700928,上櫃,4.8,4.05,39.0
700929,上櫃,4.87,4.15,169.0
700930,上櫃,0.0,0.0,0.0
700931,上櫃,1.4,1.4,20.0
700932,上櫃,0.0,0.0,0.0
700933,上櫃,0.0,0.0,0.0
700934,上櫃,0.0,0.0,0.0
700935,上櫃,0.0,0.0,0.0
700936,上櫃,0.0,0.0,0.0
700937,上櫃,4.21,4.25,3.0
700938,上櫃,0.71,0.71,50.0
700939,上櫃,0.0,0.0,0.0
700940,上櫃,0.0,0.0,0.0
700941,上櫃,0.0,0.0,0.0
700942,上櫃,0.0,0.0,0.0
700943,上櫃,0.01,0.01,20.0
700944,上櫃,0.0,0.0,0.0
700945,上櫃,0.0,0.0,0.0
700946,上櫃,0.0,0.0,0.0
700947,上櫃,0.0,0.0,0.0
700948,上櫃,0.0,0.0,0.0
700949,上櫃,0.0,0.0,0.0
700950,上櫃,0.0,0.0,0.0
700951,上櫃,0.0,0.0,0.0
700952,上櫃,0.0,0.0,0.0
700953,上櫃,0.0,0.0,0.0
700954,上櫃,0.0,0.0,0.0
700955,上櫃,0.0,0.0,0.0
700956,上櫃,0.0,0.0,0.0
700957,上櫃,0.0,0.0,0.0
700958,上櫃,0.0,0.0,0.0
700959,上櫃,1.64,2.48,19.0
700960,上櫃,0.0,0.0,0.0
700961,上櫃,0.0,0.0,0.0
700962,上櫃,0.0,0.0,0.0
700963,上櫃,0.0,0.0,0.0
700964,上櫃,1.6,2.5,163.0
700965,上櫃,0.0,0.0,0.0
700966,上櫃,0.0,0.0,0.0
700967,上櫃,0.0,0.0,0.0
700968,上櫃,0.0,0.0,0.0
700969,上櫃,20.2,20.2,1.0
700970,上櫃,0.0,0.0,0.0
700971,上櫃,0.0,0.0,0.0
700972,上櫃,0.0,0.0,0.0
700973,上櫃,0.0,0.0,0.0
700974,上櫃,0.0,0.0,0.0
700975,上櫃,0.0,0.0,0.0
700976,上櫃,0.0,0.0,0.0
700977,上櫃,0.0,0.0,0.0
700978,上櫃,0.0,0.0,0.0
700979,上櫃,0.0,0.0,0.0
700980,上櫃,0.0,0.0,0.0
700981,上櫃,0.07,0.06,919.0
700982,上櫃,0.07,0.07,5.0
700983,上櫃,0.0,0.0,0.0
700984,上櫃,2.45,2.18,26.0
700985,上櫃,0.0,0.0,0.0
700986,上櫃,0.0,0.0,0.0
700987,上櫃,0.0,0.0,0.0
700988,上櫃,0.0,0.0,0.0
700989,上櫃,0.0,0.0,0.0
700990,上櫃,0.0,0.0,0.0
700991,上櫃,0.0,0.0,0.0
700992,上櫃,19.4,19.4,1.0
700993,上櫃,0.0,0.0,0.0
700994,上櫃,0.0,0.0,0.0
700995,上櫃,0.33,0.34,230.0
700996,上櫃,0.4,0.4,81.0
700997,上櫃,0.0,0.0,0.0
700998,上櫃,0.0,0.0,0.0
700999,上櫃,0.1,0.08,201.0
701000,上櫃,0.0,0.0,0.0
701001,上櫃,0.0,0.0,0.0
701002,上櫃,0.39,0.4,7.0
701003,上櫃,0.0,0.0,0.0
701004,上櫃,0.0,0.0,0.0
701005,上櫃,2.12,2.24,67.0
701006,上櫃,0.0,0.0,0.0
701007,上櫃,0.0,0.0,0.0
701008,上櫃,0.0,0.0,0.0
701009,上櫃,0.0,0.0,0.0
701010,上櫃,0.0,0.0,0.0
701011,上櫃,0.0,0.0,0.0
701012,上櫃,0.0,0.0,0.0
701013,上櫃,0.0,0.0,0.0
701014,上櫃,0.0,0.0,0.0
701015,上櫃,0.0,0.0,0.0
701016,上櫃,0.0,0.0,0.0
701017,上櫃,0.0,0.0,0.0
701018,上櫃,0.0,0.0,0.0
701019,上櫃,9.2,9.2,35.0
701020,上櫃,0.0,0.0,0.0
701021,上櫃,0.0,0.0,0.0
701022,上櫃,0.0,0.0,0.0
701023,上櫃,0.0,0.0,0.0
701024,上櫃,0.0,0.0,0.0
701025,上櫃,0.0,0.0,0.0
701026,上櫃,0.0,0.0,0.0
701027,上櫃,0.0,0.0,0.0
701028,上櫃,0.0,0.0,0.0
701029,上櫃,0.0,0.0,0.0
701030,上櫃,0.0,0.0,0.0
701031,上櫃,0.0,0.0,0.0
701032,上櫃,37.7,37.7,5.0
701033,上櫃,0.0,0.0,0.0
701034,上櫃,0.0,0.0,0.0
701035,上櫃,0.0,0.0,0.0
701036,上櫃,0.9,0.69,83.0
701037,上櫃,0.0,0.0,0.0
701038,上櫃,0.0,0.0,0.0
701039,上櫃,0.0,0.0,0.0
701040,上櫃,0.31,0.27,162.0
701041,上櫃,0.82,0.76,42.0
701042,上櫃,0.99,0.99,30.0
701043,上櫃,0.0,0.0,0.0
701044,上櫃,0.1,0.1,4.0
701045,上櫃,0.0,0.0,0.0
701046,上櫃,4.47,4.47,10.0
701047,上櫃,0.22,0.35,403.0
701048,上櫃,0.0,0.0,0.0
701049,上櫃,0.0,0.0,0.0
701050,上櫃,0.0,0.0,0.0
701051,上櫃,0.0,0.0,0.0
701052,上櫃,0.0,0.0,0.0
701053,上櫃,0.0,0.0,0.0
701054,上櫃,0.0,0.0,0.0
701055,上櫃,0.0,0.0,0.0
701056,上櫃,0.0,0.0,0.0
701057,上櫃,0.0,0.0,0.0
701058,上櫃,0.0,0.0,0.0
701059,上櫃,0.0,0.0,0.0
701060,上櫃,0.0,0.0,0.0
701061,上櫃,1.72,1.72,10.0
701062,上櫃,0.0,0.0,0.0
701063,上櫃,0.0,0.0,0.0
701064,上櫃,0.0,0.0,0.0
701065,上櫃,0.0,0.0,0.0
701066,上櫃,0.0,0.0,0.0
701067,上櫃,0.0,0.0,0.0
701068,上櫃,0.0,0.0,0.0
701069,上櫃,0.0,0.0,0.0
701070,上櫃,0.0,0.0,0.0
701071,上櫃,0.0,0.0,0.0
701072,上櫃,0.0,0.0,0.0
701073,上櫃,0.0,0.0,0.0
701074,上櫃,1.69,1.41,500.0
701075,上櫃,0.0,0.0,0.0
701076,上櫃,0.0,0.0,0.0
701077,上櫃,0.0,0.0,0.0
701078,上櫃,0.0,0.0,0.0
701079,上櫃,0.0,0.0,0.0
701080,上櫃,0.0,0.0,0.0
701081,上櫃,0.0,0.0,0.0
701082,上櫃,0.0,0.0,0.0
701083,上櫃,0.0,0.0,0.0
701084,上櫃,0.0,0.0,0.0
701085,上櫃,0.46,0.46,10.0
701086,上櫃,0.27,0.27,130.0
701087,上櫃,0.0,0.0,0.0
701088,上櫃,0.0,0.0,0.0
701089,上櫃,0.0,0.0,0.0
701090,上櫃,0.0,0.0,0.0
701091,上櫃,0.0,0.0,0.0
701092,上櫃,0.0,0.0,0.0
701093,上櫃,0.0,0.0,0.0
701094,上櫃,0.0,0.0,0.0
701095,上櫃,0.0,0.0,0.0
701096,上櫃,2.22,2.13,43.0
701097,上櫃,4.16,3.4,4.0
701098,上櫃,0.0,0.0,0.0
701099,上櫃,0.2,0.2,151.0
701100,上櫃,0.0,0.0,0.0
701101,上櫃,0.0,0.0,0.0
701102,上櫃,0.0,0.0,0.0
701103,上櫃,0.0,0.0,0.0
701104,上櫃,2.33,2.33,30.0
701105,上櫃,1.07,1.18,173.0
701106,上櫃,0.0,0.0,0.0
701107,上櫃,1.58,1.6,51.0
701108,上櫃,0.0,0.0,0.0
701109,上櫃,4.39,4.39,5.0
701110,上櫃,0.0,0.0,0.0
701111,上櫃,0.0,0.0,0.0
701112,上櫃,0.0,0.0,0.0
701113,上櫃,0.0,0.0,0.0
701114,上櫃,0.0,0.0,0.0
701115,上櫃,0.0,0.0,0.0
701116,上櫃,0.0,0.0,0.0
701117,上櫃,0.0,0.0,0.0
701118,上櫃,0.0,0.0,0.0
701119,上櫃,0.0,0.0,0.0
701120,上櫃,0.0,0.0,0.0
701121,上櫃,0.0,0.0,0.0
701122,上櫃,0.0,0.0,0.0
701123,上櫃,0.0,0.0,0.0
701124,上櫃,1.05,1.1,23.0
701125,上櫃,0.0,0.0,0.0
701126,上櫃,0.0,0.0,0.0
701127,上櫃,0.0,0.0,0.0
701128,上櫃,0.0,0.0,0.0
701129,上櫃,0.0,0.0,0.0
701130,上櫃,0.0,0.0,0.0
701131,上櫃,0.4,0.4,20.0
701132,上櫃,0.14,0.1,544.0
701133,上櫃,0.0,0.0,0.0
701134,上櫃,0.0,0.0,0.0
701135,上櫃,0.0,0.0,0.0
701136,上櫃,0.0,0.0,0.0
701137,上櫃,7.6,9.3,47.0
701138,上櫃,0.0,0.0,0.0
701139,上櫃,0.0,0.0,0.0
701140,上櫃,0.1,0.12,43.0
701141,上櫃,0.0,0.0,0.0
701142,上櫃,0.0,0.0,0.0
701143,上櫃,0.0,0.0,0.0
701144,上櫃,0.0,0.0,0.0
701145,上櫃,0.0,0.0,0.0
701146,上櫃,0.0,0.0,0.0
701147,上櫃,0.1,0.1,10.0
701148,上櫃,0.0,0.0,0.0
701149,上櫃,0.41,0.41,13.0
701150,上櫃,0.43,0.44,232.0
701151,上櫃,0.0,0.0,0.0
701152,上櫃,3.58,3.62,189.0
701153,上櫃,0.0,0.0,0.0
701154,上櫃,0.0,0.0,0.0
701155,上櫃,0.0,0.0,0.0
701156,上櫃,0.0,0.0,0.0
701157,上櫃,0.0,0.0,0.0
701158,上櫃,0.0,0.0,0.0
701159,上櫃,0.0,0.0,0.0
701160,上櫃,0.0,0.0,0.0
701161,上櫃,0.0,0.0,0.0
701162,上櫃,1.75,1.59,137.0
701163,上櫃,0.0,0.0,0.0
701164,上櫃,0.0,0.0,0.0
701165,上櫃,0.0,0.0,0.0
701166,上櫃,0.0,0.0,0.0
701167,上櫃,0.0,0.0,0.0
701168,上櫃,0.0,0.0,0.0
701169,上櫃,0.0,0.0,0.0
701170,上櫃,0.64,0.64,20.0
701171,上櫃,0.0,0.0,0.0
701172,上櫃,0.0,0.0,0.0
701173,上櫃,9.7,10.2,57.0
701174,上櫃,0.0,0.0,0.0
701175,上櫃,0.0,0.0,0.0
701176,上櫃,0.0,0.0,0.0
701177,上櫃,0.0,0.0,0.0
701178,上櫃,0.0,0.0,0.0
701179,上櫃,7.7,8.3,4.0
701180,上櫃,0.0,0.0,0.0
701181,上櫃,0.0,0.0,0.0
701182,上櫃,0.81,0.97,30.0
701183,上櫃,2.49,2.49,60.0
701184,上櫃,0.0,0.0,0.0
701185,上櫃,0.0,0.0,0.0
701186,上櫃,15.5,15.5,1.0
701187,上櫃,0.0,0.0,0.0
701188,上櫃,0.0,0.0,0.0
701189,上櫃,0.0,0.0,0.0
701190,上櫃,4.8,4.4,794.0
701191,上櫃,4.03,4.27,191.0
701192,上櫃,0.0,0.0,0.0
701193,上櫃,4.79,4.75,7.0
701194,上櫃,0.0,0.0,0.0
701195,上櫃,8.7,8.7,1.0
701196,上櫃,0.0,0.0,0.0
701197,上櫃,0.0,0.0,0.0
701198,上櫃,0.0,0.0,0.0
701199,上櫃,0.0,0.0,0.0
701200,上櫃,0.3,0.4,172.0
701201,上櫃,0.59,0.59,140.0
701202,上櫃,0.48,0.45,9.0
701203,上櫃,0.34,0.28,793.0
701204,上櫃,0.0,0.0,0.0
701205,上櫃,0.0,0.0,0.0
701206,上櫃,0.0,0.0,0.0
701207,上櫃,0.0,0.0,0.0
701208,上櫃,3.98,3.98,1.0
701209,上櫃,0.0,0.0,0.0
701211,上櫃,0.0,0.0,0.0
701212,上櫃,0.0,0.0,0.0
701213,上櫃,0.46,0.38,274.0
701214,上櫃,7.8,7.8,1.0
701215,上櫃,0.0,0.0,0.0
701216,上櫃,0.0,0.0,0.0
701217,上櫃,0.0,0.0,0.0
701218,上櫃,6.15,7.0,49.0
701219,上櫃,0.0,0.0,0.0
701220,上櫃,0.0,0.0,0.0
701221,上櫃,3.66,3.66,5.0
701222,上櫃,0.0,0.0,0.0
701223,上櫃,0.04,0.04,201.0
701224,上櫃,0.0,0.0,0.0
701225,上櫃,0.0,0.0,0.0
701226,上櫃,1.0,0.95,690.0
701227,上櫃,0.34,0.34,1291.0
701228,上櫃,8.35,8.35,2.0
701229,上櫃,0.0,0.0,0.0
701230,上櫃,0.0,0.0,0.0
701231,上櫃,0.0,0.0,0.0
701232,上櫃,0.0,0.0,0.0
701233,上櫃,0.0,0.0,0.0
701234,上櫃,0.0,0.0,0.0
701235,上櫃,0.0,0.0,0.0
701236,上櫃,0.0,0.0,0.0
701237,上櫃,0.92,1.03,369.0
701238,上櫃,0.0,0.0,0.0
701239,上櫃,0.0,0.0,0.0
701240,上櫃,0.09,0.13,98.0
701241,上櫃,0.0,0.0,0.0
701242,上櫃,0.0,0.0,0.0
701243,上櫃,15.3,15.3,2.0
701244,上櫃,0.84,0.81,448.0
701245,上櫃,0.06,0.06,10.0
701246,上櫃,0.0,0.0,0.0
701247,上櫃,0.0,0.0,0.0
701248,上櫃,0.0,0.0,0.0
701249,上櫃,0.37,0.86,475.0
701250,上櫃,0.0,0.0,0.0
701251,上櫃,0.0,0.0,0.0
701252,上櫃,0.0,0.0,0.0
701253,上櫃,0.0,0.0,0.0
701254,上櫃,0.23,0.25,80.0
701255,上櫃,0.0,0.0,0.0
701256,上櫃,0.0,0.0,0.0
701257,上櫃,0.0,0.0,0.0
701258,上櫃,0.0,0.0,0.0
701259,上櫃,0.0,0.0,0.0
701260,上櫃,0.0,0.0,0.0
701261,上櫃,0.48,0.48,40.0
701262,上櫃,0.96,0.85,77.0
701263,上櫃,0.0,0.0,0.0
701266,上櫃,0.0,0.0,0.0
701270,上櫃,0.0,0.0,0.0
701271,上櫃,0.0,0.0,0.0
701272,上櫃,0.0,0.0,0.0
701273,上櫃,0.0,0.0,0.0
701274,上櫃,2.33,2.33,3.0
701275,上櫃,0.95,1.0,336.0
701276,上櫃,4.02,3.93,2.0
701277,上櫃,0.0,0.0,0.0
701278,上櫃,0.0,0.0,0.0
701279,上櫃,0.53,0.53,51.0
701280,上櫃,1.78,1.78,20.0
701281,上櫃,1.1,1.1,20.0
701282,上櫃,0.0,0.0,0.0
701283,上櫃,0.0,0.0,0.0
701284,上櫃,0.86,0.95,635.0
701285,上櫃,0.5,0.44,27.0
701286,上櫃,0.0,0.0,0.0
701287,上櫃,0.0,0.0,0.0
701288,上櫃,0.0,0.0,0.0
701289,上櫃,0.29,0.36,859.0
701290,上櫃,0.13,0.16,109.0
701291,上櫃,0.4,0.49,321.0
701293,上櫃,0.65,0.62,895.0
701294,上櫃,0.61,0.59,1539.0
701295,上櫃,0.0,0.0,0.0
701296,上櫃,0.0,0.0,0.0
701297,上櫃,0.0,0.0,0.0
701298,上櫃,0.43,0.48,395.0
701299,上櫃,0.0,0.0,0.0
701300,上櫃,0.0,0.0,0.0
701301,上櫃,0.32,0.32,1.0
701302,上櫃,0.0,0.0,0.0
701303,上櫃,0.0,0.0,0.0
701304,上櫃,16.5,17.8,2.0
701305,上櫃,0.0,0.0,0.0
701306,上櫃,0.0,0.0,0.0
701307,上櫃,0.77,0.88,235.0
701308,上櫃,0.0,0.0,0.0
701309,上櫃,0.0,0.0,0.0
701310,上櫃,0.0,0.0,0.0
701311,上櫃,0.3,0.32,260.0
701312,上櫃,0.0,0.0,0.0
701313,上櫃,0.0,0.0,0.0
701314,上櫃,0.0,0.0,0.0
701315,上櫃,0.0,0.0,0.0
701316,上櫃,0.0,0.0,0.0
701317,上櫃,0.0,0.0,0.0
701318,上櫃,0.0,0.0,0.0
701319,上櫃,0.0,0.0,0.0
701320,上櫃,0.08,0.08,50.0
701321,上櫃,0.0,0.0,0.0
701322,上櫃,0.0,0.0,0.0
701323,上櫃,0.33,0.33,70.0
701324,上櫃,2.16,2.09,380.0
701325,上櫃,0.44,0.39,31.0
701326,上櫃,3.02,3.28,103.0
701327,上櫃,0.0,0.0,0.0
701328,上櫃,0.2,0.2,1.0
701329,上櫃,0.0,0.0,0.0
701330,上櫃,0.0,0.0,0.0
701331,上櫃,24.4,25.0,10.0
701332,上櫃,0.0,0.0,0.0
701333,上櫃,0.0,0.0,0.0
701334,上櫃,0.0,0.0,0.0
701335,上櫃,0.0,0.0,0.0
701336,上櫃,25.1,25.1,2.0
701337,上櫃,1.72,1.69,108.0
701338,上櫃,0.0,0.0,0.0
701339,上櫃,0.0,0.0,0.0
701340,上櫃,0.0,0.0,0.0
701341,上櫃,0.0,0.0,0.0
701342,上櫃,0.0,0.0,0.0
701343,上櫃,0.0,0.0,0.0
701344,上櫃,0.0,0.0,0.0
701345,上櫃,0.0,0.0,0.0
701346,上櫃,1.11,1.25,86.0
701347,上櫃,0.0,0.0,0.0
701348,上櫃,0.0,0.0,0.0
701349,上櫃,0.0,0.0,0.0
701350,上櫃,0.05,0.05,100.0
701351,上櫃,0.63,0.62,105.0
701352,上櫃,0.0,0.0,0.0
701353,上櫃,0.0,0.0,0.0
701354,上櫃,0.0,0.0,0.0
701355,上櫃,0.0,0.0,0.0
701356,上櫃,0.0,0.0,0.0
701357,上櫃,0.0,0.0,0.0
701358,上櫃,0.0,0.0,0.0
701359,上櫃,0.0,0.0,0.0
701360,上櫃,0.0,0.0,0.0
701361,上櫃,0.0,0.0,0.0
701362,上櫃,0.0,0.0,0.0
701363,上櫃,0.0,0.0,0.0
701364,上櫃,0.0,0.0,0.0
701365,上櫃,0.16,0.17,711.0
701366,上櫃,0.0,0.0,0.0
701367,上櫃,0.0,0.0,0.0
701368,上櫃,0.0,0.0,0.0
701371,上櫃,1.0,0.96,309.0
701372,上櫃,0.0,0.0,0.0
701374,上櫃,3.83,3.83,1.0
701375,上櫃,0.0,0.0,0.0
701376,上櫃,0.0,0.0,0.0
701377,上櫃,0.0,0.0,0.0
701378,上櫃,0.86,1.01,151.0
701379,上櫃,0.0,0.0,0.0
701380,上櫃,0.0,0.0,0.0
701381,上櫃,0.81,0.74,809.0
701382,上櫃,0.0,0.0,0.0
701383,上櫃,0.0,0.0,0.0
701384,上櫃,0.0,0.0,0.0
701386,上櫃,0.0,0.0,0.0
701387,上櫃,0.0,0.0,0.0
701388,上櫃,0.25,0.26,120.0
701389,上櫃,0.0,0.0,0.0
701390,上櫃,0.0,0.0,0.0
701391,上櫃,0.15,0.15,30.0
701392,上櫃,0.0,0.0,0.0
701393,上櫃,0.0,0.0,0.0
701394,上櫃,0.0,0.0,0.0
701395,上櫃,0.0,0.0,0.0
701397,上櫃,0.0,0.0,0.0
701398,上櫃,0.48,0.48,53.0
701399,上櫃,0.0,0.0,0.0
701400,上櫃,3.8,4.2,42.0
701401,上櫃,0.0,0.0,0.0
701402,上櫃,0.0,0.0,0.0
701403,上櫃,0.3,0.28,1116.0
701405,上櫃,0.0,0.0,0.0
701406,上櫃,0.0,0.0,0.0
701407,上櫃,0.31,0.33,252.0
701408,上櫃,0.09,0.09,13.0
701409,上櫃,0.0,0.0,0.0
701410,上櫃,0.0,0.0,0.0
701411,上櫃,0.0,0.0,0.0
701412,上櫃,0.0,0.0,0.0
701413,上櫃,0.0,0.0,0.0
701415,上櫃,27.2,27.2,1.0
701416,上櫃,0.0,0.0,0.0
701417,上櫃,0.0,0.0,0.0
701418,上櫃,0.0,0.0,0.0
701419,上櫃,2.68,2.68,20.0
701420,上櫃,23.6,23.6,1.0
701421,上櫃,0.0,0.0,0.0
701422,上櫃,0.33,0.32,250.0
701423,上櫃,0.0,0.0,0.0
701424,上櫃,0.6,0.6,1.0
701425,上櫃,0.0,0.0,0.0
701426,上櫃,0.0,0.0,0.0
701428,上櫃,0.0,0.0,0.0
701429,上櫃,0.0,0.0,0.0
701430,上櫃,3.45,3.78,350.0
701431,上櫃,4.11,4.55,182.0
701432,上櫃,0.0,0.0,0.0
701433,上櫃,0.0,0.0,0.0
701434,上櫃,0.73,0.73,191.0
701435,上櫃,0.38,0.37,29.0
701436,上櫃,3.49,3.49,14.0
701437,上櫃,2.41,2.39,22.0
701438,上櫃,2.32,2.3,111.0
701439,上櫃,0.0,0.0,0.0
701440,上櫃,4.12,4.52,34.0
701441,上櫃,4.94,4.94,42.0
701442,上櫃,0.36,0.37,246.0
701443,上櫃,0.0,0.0,0.0
701444,上櫃,33.9,33.9,1.0
701445,上櫃,0.0,0.0,0.0
701446,上櫃,0.0,0.0,0.0
701447,上櫃,0.0,0.0,0.0
701448,上櫃,0.0,0.0,0.0
701449,上櫃,0.0,0.0,0.0
701450,上櫃,0.0,0.0,0.0
701451,上櫃,0.0,0.0,0.0
701452,上櫃,0.0,0.0,0.0
701453,上櫃,0.0,0.0,0.0
701454,上櫃,0.0,0.0,0.0
701455,上櫃,0.0,0.0,0.0
701456,上櫃,0.0,0.0,0.0
701457,上櫃,0.0,0.0,0.0
701458,上櫃,0.0,0.0,0.0
701460,上櫃,0.55,0.55,20.0
701461,上櫃,0.0,0.0,0.0
701462,上櫃,0.0,0.0,0.0
701464,上櫃,0.0,0.0,0.0
701465,上櫃,0.0,0.0,0.0
701466,上櫃,0.0,0.0,0.0
701467,上櫃,0.0,0.0,0.0
701468,上櫃,0.86,0.78,9.0
701469,上櫃,0.0,0.0,0.0
701470,上櫃,15.0,15.0,1.0
701471,上櫃,2.29,2.55,261.0
701472,上櫃,0.26,0.26,19.0
701473,上櫃,0.0,0.0,0.0
701474,上櫃,4.48,4.48,4.0
701475,上櫃,3.84,4.25,157.0
701476,上櫃,0.0,0.0,0.0
701477,上櫃,0.32,0.32,1902.0
701478,上櫃,9.5,9.5,1.0
701479,上櫃,0.0,0.0,0.0
701481,上櫃,0.02,0.02,65.0
701482,上櫃,0.39,0.35,659.0
701483,上櫃,0.68,0.82,501.0
701484,上櫃,0.0,0.0,0.0
701485,上櫃,0.01,0.01,516.0
701486,上櫃,0.0,0.0,0.0
701487,上櫃,0.0,0.0,0.0
701488,上櫃,0.0,0.0,0.0
701489,上櫃,0.0,0.0,0.0
701490,上櫃,0.0,0.0,0.0
701491,上櫃,0.0,0.0,0.0
701492,上櫃,1.74,1.6,47.0
701493,上櫃,0.88,0.79,54.0
701494,上櫃,0.0,0.0,0.0
701495,上櫃,0.32,0.32,3.0
701496,上櫃,0.0,0.0,0.0
701497,上櫃,0.0,0.0,0.0
701498,上櫃,0.0,0.0,0.0
701500,上櫃,0.0,0.0,0.0
701501,上櫃,0.0,0.0,0.0
701502,上櫃,0.0,0.0,0.0
701503,上櫃,1.2,1.23,16.0
701504,上櫃,0.0,0.0,0.0
701505,上櫃,0.0,0.0,0.0
701508,上櫃,0.0,0.0,0.0
701509,上櫃,2.99,2.74,15.0
701510,上櫃,0.0,0.0,0.0
701511,上櫃,2.5,2.44,300.0
701512,上櫃,0.0,0.0,0.0
701513,上櫃,0.0,0.0,0.0
701514,上櫃,0.0,0.0,0.0
701515,上櫃,0.0,0.0,0.0
701516,上櫃,0.0,0.0,0.0
701517,上櫃,0.0,0.0,0.0
701518,上櫃,0.0,0.0,0.0
701519,上櫃,0.0,0.0,0.0
701520,上櫃,0.0,0.0,0.0
701521,上櫃,0.17,0.17,160.0
701522,上櫃,0.0,0.0,0.0
701523,上櫃,0.0,0.0,0.0
701524,上櫃,0.33,0.33,200.0
701525,上櫃,7.2,7.45,17.0
701526,上櫃,0.23,0.21,260.0
701527,上櫃,0.51,0.53,1013.0
701528,上櫃,0.0,0.0,0.0
701529,上櫃,0.0,0.0,0.0
701530,上櫃,1.19,1.27,54.0
701531,上櫃,0.55,0.51,346.0
701532,上櫃,0.0,0.0,0.0
701533,上櫃,0.54,0.52,1230.0
701534,上櫃,0.0,0.0,0.0
701535,上櫃,0.0,0.0,0.0
701536,上櫃,1.34,1.1,183.0
701537,上櫃,0.0,0.0,0.0
701538,上櫃,0.88,0.88,50.0
701540,上櫃,0.0,0.0,0.0
701541,上櫃,0.0,0.0,0.0
701542,上櫃,0.0,0.0,0.0
701543,上櫃,0.0,0.0,0.0
701545,上櫃,0.0,0.0,0.0
701546,上櫃,0.0,0.0,0.0
701547,上櫃,33.1,33.1,3.0
701548,上櫃,0.56,0.51,299.0
701549,上櫃,0.0,0.0,0.0
701550,上櫃,0.62,0.62,5.0
701551,上櫃,9.85,11.2,40.0
701552,上櫃,22.2,22.2,1.0
701553,上櫃,0.0,0.0,0.0
701554,上櫃,0.0,0.0,0.0
701555,上櫃,0.0,0.0,0.0
701556,上櫃,0.0,0.0,0.0
701557,上櫃,2.98,2.98,13.0
701558,上櫃,0.54,0.54,5.0
701559,上櫃,0.99,1.01,10.0
701560,上櫃,0.0,0.0,0.0
701561,上櫃,0.0,0.0,0.0
701562,上櫃,0.0,0.0,0.0
701563,上櫃,0.0,0.0,0.0
701564,上櫃,0.0,0.0,0.0
701565,上櫃,6.95,6.95,1.0
701566,上櫃,0.0,0.0,0.0
701567,上櫃,0.0,0.0,0.0
701569,上櫃,0.0,0.0,0.0
701570,上櫃,1.06,1.04,284.0
701571,上櫃,1.53,1.52,706.0
701572,上櫃,0.0,0.0,0.0
701573,上櫃,0.0,0.0,0.0
701574,上櫃,0.42,0.53,33.0
701575,上櫃,0.0,0.0,0.0
701576,上櫃,0.0,0.0,0.0
701577,上櫃,0.0,0.0,0.0
701578,上櫃,0.0,0.0,0.0
701579,上櫃,0.0,0.0,0.0
701580,上櫃,0.0,0.0,0.0
701581,上櫃,0.8,0.8,5.0
701582,上櫃,0.0,0.0,0.0
701583,上櫃,0.0,0.0,0.0
701584,上櫃,0.0,0.0,0.0
701585,上櫃,0.0,0.0,0.0
701586,上櫃,0.0,0.0,0.0
701587,上櫃,0.0,0.0,0.0
701588,上櫃,0.0,0.0,0.0
701589,上櫃,0.0,0.0,0.0
701590,上櫃,0.0,0.0,0.0
701591,上櫃,0.0,0.0,0.0
701592,上櫃,1.86,2.09,32.0
701593,上櫃,1.89,2.09,67.0
701594,上櫃,0.0,0.0,0.0
701595,上櫃,0.0,0.0,0.0
701596,上櫃,0.0,0.0,0.0
701597,上櫃,0.0,0.0,0.0
701598,上櫃,0.0,0.0,0.0
701599,上櫃,0.0,0.0,0.0
701600,上櫃,0.0,0.0,0.0
701601,上櫃,0.0,0.0,0.0
701602,上櫃,0.0,0.0,0.0
701603,上櫃,0.19,0.2,4.0
701604,上櫃,0.0,0.0,0.0
701605,上櫃,0.0,0.0,0.0
701606,上櫃,0.0,0.0,0.0
701607,上櫃,0.0,0.0,0.0
701608,上櫃,0.0,0.0,0.0
701609,上櫃,0.0,0.0,0.0
701610,上櫃,0.0,0.0,0.0
701611,上櫃,0.46,0.39,38.0
701612,上櫃,8.35,8.35,1.0
701613,上櫃,0.0,0.0,0.0
701614,上櫃,0.0,0.0,0.0
701615,上櫃,3.5,3.0,13.0
701616,上櫃,0.65,0.7,447.0
701617,上櫃,0.61,0.7,1040.0
701618,上櫃,0.34,0.4,785.0
701619,上櫃,0.0,0.0,0.0
701620,上櫃,0.0,0.0,0.0
701621,上櫃,0.15,0.15,20.0
701622,上櫃,0.0,0.0,0.0
701623,上櫃,0.16,0.15,89.0
701624,上櫃,2.54,2.54,7.0
701625,上櫃,1.79,1.98,178.0
701626,上櫃,1.41,1.4,83.0
701627,上櫃,0.17,0.17,2.0
701628,上櫃,0.79,0.79,9.0
701629,上櫃,0.0,0.0,0.0
701630,上櫃,0.0,0.0,0.0
701631,上櫃,0.0,0.0,0.0
701632,上櫃,0.0,0.0,0.0
701633,上櫃,0.0,0.0,0.0
701634,上櫃,0.62,0.62,97.0
701635,上櫃,0.0,0.0,0.0
701636,上櫃,0.0,0.0,0.0
701637,上櫃,0.0,0.0,0.0
701640,上櫃,0.0,0.0,0.0
701641,上櫃,0.0,0.0,0.0
701642,上櫃,1.09,1.0,427.0
701643,上櫃,0.0,0.0,0.0
701644,上櫃,1.01,0.97,1014.0
701645,上櫃,0.0,0.0,0.0
701646,上櫃,1.15,1.3,110.0
701647,上櫃,10.0,10.7,19.0
701648,上櫃,0.0,0.0,0.0
701650,上櫃,3.57,3.57,1.0
701651,上櫃,6.5,6.5,200.0
701652,上櫃,0.0,0.0,0.0
701653,上櫃,0.0,0.0,0.0
701654,上櫃,0.83,0.84,158.0
701655,上櫃,0.47,0.46,417.0
701656,上櫃,1.39,1.47,33.0
701657,上櫃,0.48,0.47,900.0
701658,上櫃,0.45,0.45,171.0
701659,上櫃,0.0,0.0,0.0
701660,上櫃,0.0,0.0,0.0
701661,上櫃,0.0,0.0,0.0
701662,上櫃,0.0,0.0,0.0
701663,上櫃,0.0,0.0,0.0
701664,上櫃,0.0,0.0,0.0
701665,上櫃,0.0,0.0,0.0
701666,上櫃,0.0,0.0,0.0
701667,上櫃,0.48,0.48,13.0
701668,上櫃,0.0,0.0,0.0
701669,上櫃,0.0,0.0,0.0
701670,上櫃,0.0,0.0,0.0
701671,上櫃,0.0,0.0,0.0
701672,上櫃,2.48,2.48,3.0
701673,上櫃,2.9,2.9,7.0
701674,上櫃,0.0,0.0,0.0
701675,上櫃,0.0,0.0,0.0
701676,上櫃,27.0,27.0,1.0
701677,上櫃,18.2,18.2,1.0
701678,上櫃,0.0,0.0,0.0
701679,上櫃,0.0,0.0,0.0
701680,上櫃,7.35,7.1,71.0
701681,上櫃,0.59,0.94,389.0
701682,上櫃,0.0,0.0,0.0
701683,上櫃,0.28,0.28,10.0
701684,上櫃,0.0,0.0,0.0
701685,上櫃,0.0,0.0,0.0
701686,上櫃,2.52,2.6,53.0
701688,上櫃,1.15,1.15,38.0
701689,上櫃,0.0,0.0,0.0
701690,上櫃,0.0,0.0,0.0
701691,上櫃,1.26,1.37,74.0
701692,上櫃,1.91,2.08,98.0
701693,上櫃,0.56,0.56,54.0
701694,上櫃,0.0,0.0,0.0
701695,上櫃,0.57,0.57,72.0
701696,上櫃,2.63,2.6,20.0
701697,上櫃,2.32,2.15,278.0
701698,上櫃,1.99,1.96,16.0
701699,上櫃,0.0,0.0,0.0
701700,上櫃,0.0,0.0,0.0
701701,上櫃,0.0,0.0,0.0
701702,上櫃,0.0,0.0,0.0
701703,上櫃,0.0,0.0,0.0
701705,上櫃,0.0,0.0,0.0
701706,上櫃,0.94,1.09,189.0
701707,上櫃,0.0,0.0,0.0
701708,上櫃,0.12,0.12,50.0
701709,上櫃,0.23,0.2,15.0
701710,上櫃,12.1,12.1,1.0
701711,上櫃,0.0,0.0,0.0
701712,上櫃,0.0,0.0,0.0
701713,上櫃,0.0,0.0,0.0
701714,上櫃,0.0,0.0,0.0
701715,上櫃,4.21,4.21,20.0
701716,上櫃,0.0,0.0,0.0
701717,上櫃,0.86,0.86,2.0
701718,上櫃,0.0,0.0,0.0
701719,上櫃,0.5,0.53,541.0
701720,上櫃,1.27,1.47,96.0
701721,上櫃,5.45,5.45,3.0
701722,上櫃,4.49,4.82,31.0
701723,上櫃,0.0,0.0,0.0
701724,上櫃,0.0,0.0,0.0
701725,上櫃,0.0,0.0,0.0
701726,上櫃,3.31,3.31,178.0
701727,上櫃,0.0,0.0,0.0
701728,上櫃,0.0,0.0,0.0
701729,上櫃,0.0,0.0,0.0
701730,上櫃,6.4,6.3,12.0
701731,上櫃,2.03,2.03,1.0
701732,上櫃,0.0,0.0,0.0
701733,上櫃,0.0,0.0,0.0
701734,上櫃,0.04,0.04,249.0
701735,上櫃,0.0,0.0,0.0
701736,上櫃,1.49,1.75,5.0
701737,上櫃,0.0,0.0,0.0
701738,上櫃,1.9,1.92,54.0
701739,上櫃,0.0,0.0,0.0
701740,上櫃,4.21,4.04,42.0
701741,上櫃,4.21,4.28,19.0
701742,上櫃,0.0,0.0,0.0
701743,上櫃,0.0,0.0,0.0
701744,上櫃,0.0,0.0,0.0
701745,上櫃,0.0,0.0,0.0
701746,上櫃,7.85,8.95,4.0
701747,上櫃,0.13,0.14,21.0
701748,上櫃,1.07,1.14,140.0
701749,上櫃,0.78,0.78,50.0
701750,上櫃,0.0,0.0,0.0
701751,上櫃,0.0,0.0,0.0
701752,上櫃,0.0,0.0,0.0
701753,上櫃,3.11,2.97,30.0
701754,上櫃,0.0,0.0,0.0
701755,上櫃,0.0,0.0,0.0
701756,上櫃,0.0,0.0,0.0
701757,上櫃,1.75,1.84,83.0
701758,上櫃,0.0,0.0,0.0
701759,上櫃,0.0,0.0,0.0
701760,上櫃,0.33,0.33,162.0
701761,上櫃,2.88,2.42,63.0
701762,上櫃,1.64,1.78,23.0
701763,上櫃,7.0,7.55,9.0
701764,上櫃,1.51,1.46,150.0
701765,上櫃,1.55,1.46,45.0
701767,上櫃,0.0,0.0,0.0
701768,上櫃,0.0,0.0,0.0
701769,上櫃,2.21,2.21,12.0
701770,上櫃,0.0,0.0,0.0
701771,上櫃,0.0,0.0,0.0
701772,上櫃,0.0,0.0,0.0
701773,上櫃,0.0,0.0,0.0
701774,上櫃,0.35,0.32,30.0
701775,上櫃,0.96,0.96,5.0
701776,上櫃,0.0,0.0,0.0
701777,上櫃,11.1,11.1,5.0
701778,上櫃,0.16,0.16,30.0
701779,上櫃,0.0,0.0,0.0
701780,上櫃,0.0,0.0,0.0
701781,上櫃,0.31,0.31,30.0
701782,上櫃,0.0,0.0,0.0
701783,上櫃,0.9,0.95,344.0
701784,上櫃,5.2,5.4,23.0
701785,上櫃,0.0,0.0,0.0
701786,上櫃,0.0,0.0,0.0
701787,上櫃,0.35,0.3,85.0
701788,上櫃,0.6,0.6,5.0
701789,上櫃,0.27,0.24,335.0
701790,上櫃,0.0,0.0,0.0
701791,上櫃,0.0,0.0,0.0
701792,上櫃,0.0,0.0,0.0
701793,上櫃,0.0,0.0,0.0
701794,上櫃,0.0,0.0,0.0
701797,上櫃,0.0,0.0,0.0
701798,上櫃,0.0,0.0,0.0
701799,上櫃,0.0,0.0,0.0
701800,上櫃,1.79,1.76,51.0
701801,上櫃,0.0,0.0,0.0
701802,上櫃,0.0,0.0,0.0
701803,上櫃,0.0,0.0,0.0
701804,上櫃,0.0,0.0,0.0
701805,上櫃,0.6,0.6,48.0
701806,上櫃,0.48,0.48,50.0
701807,上櫃,0.43,0.43,30.0
701808,上櫃,0.0,0.0,0.0
701809,上櫃,0.0,0.0,0.0
701810,上櫃,0.0,0.0,0.0
701811,上櫃,0.0,0.0,0.0
701812,上櫃,0.51,0.59,27.0
701813,上櫃,1.4,1.53,192.0
701815,上櫃,0.0,0.0,0.0
701817,上櫃,0.64,0.64,173.0
701818,上櫃,6.8,7.85,2.0
701819,上櫃,1.07,1.42,106.0
701820,上櫃,0.19,0.2,40.0
701821,上櫃,0.96,0.96,2.0
701822,上櫃,0.0,0.0,0.0
701824,上櫃,5.25,5.25,4.0
701825,上櫃,0.0,0.0,0.0
701826,上櫃,1.6,1.43,65.0
701827,上櫃,0.0,0.0,0.0
701828,上櫃,5.1,4.67,21.0
701829,上櫃,0.0,0.0,0.0
701830,上櫃,0.0,0.0,0.0
701831,上櫃,0.0,0.0,0.0
701832,上櫃,1.2,1.07,43.0
701833,上櫃,0.0,0.0,0.0
701834,上櫃,0.0,0.0,0.0
701835,上櫃,0.0,0.0,0.0
701836,上櫃,0.3,0.3,20.0
701837,上櫃,0.0,0.0,0.0
701838,上櫃,1.96,2.2,81.0
701839,上櫃,0.0,0.0,0.0
701840,上櫃,6.15,6.15,1.0
701841,上櫃,0.0,0.0,0.0
701842,上櫃,0.0,0.0,0.0
701843,上櫃,0.7,0.7,5.0
701844,上櫃,0.0,0.0,0.0
701845,上櫃,4.04,4.04,5.0
701846,上櫃,0.0,0.0,0.0
701847,上櫃,0.0,0.0,0.0
701848,上櫃,0.0,0.0,0.0
701849,上櫃,0.0,0.0,0.0
701850,上櫃,1.9,1.9,1.0
701851,上櫃,0.0,0.0,0.0
701852,上櫃,6.0,6.4,2.0
701853,上櫃,0.45,0.44,65.0
701854,上櫃,4.77,4.77,1.0
701855,上櫃,2.8,2.9,2.0
701856,上櫃,0.0,0.0,0.0
701857,上櫃,1.33,1.42,130.0
701858,上櫃,0.0,0.0,0.0
701859,上櫃,0.0,0.0,0.0
701860,上櫃,0.0,0.0,0.0
701861,上櫃,0.0,0.0,0.0
701862,上櫃,0.35,0.35,20.0
701863,上櫃,0.0,0.0,0.0
701864,上櫃,0.18,0.18,21.0
701865,上櫃,0.0,0.0,0.0
701866,上櫃,0.0,0.0,0.0
701867,上櫃,0.19,0.19,4.0
701868,上櫃,0.54,0.5,32.0
701869,上櫃,0.0,0.0,0.0
701870,上櫃,6.0,6.0,3.0
701871,上櫃,0.0,0.0,0.0
701872,上櫃,0.0,0.0,0.0
701873,上櫃,1.79,1.79,5.0
701874,上櫃,0.0,0.0,0.0
701875,上櫃,0.0,0.0,0.0
701876,上櫃,0.0,0.0,0.0
701877,上櫃,0.0,0.0,0.0
701878,上櫃,0.26,0.27,189.0
701880,上櫃,0.0,0.0,0.0
701881,上櫃,0.0,0.0,0.0
701882,上櫃,0.0,0.0,0.0
701884,上櫃,0.93,0.99,12.0
701885,上櫃,0.0,0.0,0.0
701886,上櫃,0.0,0.0,0.0
701887,上櫃,3.37,3.22,38.0
701888,上櫃,1.66,1.85,177.0
701889,上櫃,0.0,0.0,0.0
701890,上櫃,0.0,0.0,0.0
701891,上櫃,0.0,0.0,0.0
701892,上櫃,0.0,0.0,0.0
701893,上櫃,0.0,0.0,0.0
701894,上櫃,0.99,0.99,16.0
701895,上櫃,0.3,0.33,242.0
701896,上櫃,0.0,0.0,0.0
701897,上櫃,0.0,0.0,0.0
701898,上櫃,9.2,9.2,5.0
701899,上櫃,5.7,5.95,6.0
701900,上櫃,2.64,2.38,110.0
701901,上櫃,1.52,1.52,5.0
701902,上櫃,0.0,0.0,0.0
701903,上櫃,0.5,0.5,185.0
701905,上櫃,0.0,0.0,0.0
701906,上櫃,0.0,0.0,0.0
701907,上櫃,0.0,0.0,0.0
701908,上櫃,0.0,0.0,0.0
701909,上櫃,22.9,25.1,6.0
701911,上櫃,0.0,0.0,0.0
701912,上櫃,0.0,0.0,0.0
701913,上櫃,3.1,3.1,16.0
701914,上櫃,0.0,0.0,0.0
701917,上櫃,0.0,0.0,0.0
701918,上櫃,8.85,8.85,3.0
701919,上櫃,0.0,0.0,0.0
701920,上櫃,0.92,0.99,40.0
701921,上櫃,0.0,0.0,0.0
701922,上櫃,0.0,0.0,0.0
701923,上櫃,0.0,0.0,0.0
701925,上櫃,0.0,0.0,0.0
701926,上櫃,1.34,1.54,404.0
701927,上櫃,0.0,0.0,0.0
701928,上櫃,0.0,0.0,0.0
701929,上櫃,0.05,0.05,399.0
701930,上櫃,0.0,0.0,0.0
701931,上櫃,0.0,0.0,0.0
701932,上櫃,0.0,0.0,0.0
701933,上櫃,0.0,0.0,0.0
701934,上櫃,0.0,0.0,0.0
701935,上櫃,0.0,0.0,0.0
701936,上櫃,0.0,0.0,0.0
701937,上櫃,0.0,0.0,0.0
701938,上櫃,0.0,0.0,0.0
701939,上櫃,0.0,0.0,0.0
701940,上櫃,0.0,0.0,0.0
701941,上櫃,0.0,0.0,0.0
701942,上櫃,0.0,0.0,0.0
701943,上櫃,0.0,0.0,0.0
701944,上櫃,0.51,0.48,71.0
701945,上櫃,0.0,0.0,0.0
701946,上櫃,0.0,0.0,0.0
701947,上櫃,0.0,0.0,0.0
701948,上櫃,0.0,0.0,0.0
701949,上櫃,0.31,0.31,1.0
701950,上櫃,7.3,7.7,21.0
701951,上櫃,0.0,0.0,0.0
701952,上櫃,1.85,1.85,4.0
701953,上櫃,0.0,0.0,0.0
701954,上櫃,0.0,0.0,0.0
701955,上櫃,0.0,0.0,0.0
701956,上櫃,0.0,0.0,0.0
701957,上櫃,0.0,0.0,0.0
701959,上櫃,1.24,1.26,8.0
701960,上櫃,0.48,0.46,502.0
701961,上櫃,0.0,0.0,0.0
701963,上櫃,0.0,0.0,0.0
701964,上櫃,0.36,0.32,225.0
701965,上櫃,0.0,0.0,0.0
701966,上櫃,0.0,0.0,0.0
701967,上櫃,1.55,1.55,1.0
701968,上櫃,0.0,0.0,0.0
701971,上櫃,2.46,2.42,146.0
701972,上櫃,0.45,0.55,35.0
701973,上櫃,0.0,0.0,0.0
701974,上櫃,0.31,0.27,160.0
701976,上櫃,0.0,0.0,0.0
701977,上櫃,0.0,0.0,0.0
701978,上櫃,0.0,0.0,0.0
701979,上櫃,1.17,1.17,44.0
701980,上櫃,2.04,2.04,32.0
701981,上櫃,0.0,0.0,0.0
701982,上櫃,0.0,0.0,0.0
701983,上櫃,1.09,0.89,50.0
701984,上櫃,0.0,0.0,0.0
701986,上櫃,0.84,0.88,20.0
701987,上櫃,0.0,0.0,0.0
701989,上櫃,1.8,2.02,318.0
701990,上櫃,0.0,0.0,0.0
701991,上櫃,0.0,0.0,0.0
701992,上櫃,0.0,0.0,0.0
701993,上櫃,0.0,0.0,0.0
701994,上櫃,0.0,0.0,0.0
701995,上櫃,0.0,0.0,0.0
701996,上櫃,0.0,0.0,0.0
701997,上櫃,0.37,0.37,40.0
701998,上櫃,0.35,0.35,4.0
701999,上櫃,0.0,0.0,0.0
702000,上櫃,0.0,0.0,0.0
702001,上櫃,1.23,1.14,25.0
702002,上櫃,0.0,0.0,0.0
702003,上櫃,0.26,0.26,15.0
702004,上櫃,0.0,0.0,0.0
702005,上櫃,0.0,0.0,0.0
702006,上櫃,1.69,1.55,485.0
702007,上櫃,0.38,0.37,26.0
702008,上櫃,0.0,0.0,0.0
702009,上櫃,0.13,0.13,34.0
702010,上櫃,0.0,0.0,0.0
702011,上櫃,1.47,1.18,45.0
702012,上櫃,0.0,0.0,0.0
702016,上櫃,5.85,6.6,4.0
702017,上櫃,0.0,0.0,0.0
702018,上櫃,0.0,0.0,0.0
702019,上櫃,0.0,0.0,0.0
702020,上櫃,1.54,1.84,246.0
702021,上櫃,4.45,4.31,43.0
702022,上櫃,0.0,0.0,0.0
702023,上櫃,2.85,3.1,251.0
702024,上櫃,2.51,2.34,919.0
702025,上櫃,0.0,0.0,0.0
702027,上櫃,0.0,0.0,0.0
702028,上櫃,0.0,0.0,0.0
702029,上櫃,0.07,0.07,6.0
702030,上櫃,1.39,1.39,1.0
702031,上櫃,0.19,0.19,100.0
702033,上櫃,0.0,0.0,0.0
702034,上櫃,0.57,0.57,52.0
702035,上櫃,0.68,0.61,12.0
702038,上櫃,0.0,0.0,0.0
702039,上櫃,0.0,0.0,0.0
702040,上櫃,0.0,0.0,0.0
702041,上櫃,1.32,1.25,100.0
702042,上櫃,0.0,0.0,0.0
702043,上櫃,8.2,8.95,2.0
702044,上櫃,0.7,0.7,10.0
702045,上櫃,0.0,0.0,0.0
702046,上櫃,0.0,0.0,0.0
702047,上櫃,0.15,0.15,56.0
702049,上櫃,0.0,0.0,0.0
702051,上櫃,5.0,5.0,5.0
702053,上櫃,18.0,18.0,1.0
702054,上櫃,0.0,0.0,0.0
702055,上櫃,0.0,0.0,0.0
702056,上櫃,3.0,2.81,20.0
702057,上櫃,0.0,0.0,0.0
702058,上櫃,0.0,0.0,0.0
702059,上櫃,0.0,0.0,0.0
702060,上櫃,7.3,7.15,2.0
702061,上櫃,0.0,0.0,0.0
702062,上櫃,0.0,0.0,0.0
702063,上櫃,0.0,0.0,0.0
702064,上櫃,0.0,0.0,0.0
702065,上櫃,0.98,0.98,10.0
702067,上櫃,0.26,0.25,5.0
702068,上櫃,0.87,0.85,126.0
702069,上櫃,0.0,0.0,0.0
702071,上櫃,0.0,0.0,0.0
702072,上櫃,2.0,2.08,443.0
702073,上櫃,0.0,0.0,0.0
702074,上櫃,0.34,0.34,3.0
702075,上櫃,0.0,0.0,0.0
702076,上櫃,3.0,3.0,3.0
702077,上櫃,0.0,0.0,0.0
702078,上櫃,0.0,0.0,0.0
702079,上櫃,0.0,0.0,0.0
702080,上櫃,1.36,1.36,1.0
702081,上櫃,0.0,0.0,0.0
702082,上櫃,0.0,0.0,0.0
702083,上櫃,0.0,0.0,0.0
702084,上櫃,0.0,0.0,0.0
702085,上櫃,0.0,0.0,0.0
702086,上櫃,0.0,0.0,0.0
702087,上櫃,0.0,0.0,0.0
702089,上櫃,2.76,2.51,20.0
702091,上櫃,0.19,0.19,40.0
702092,上櫃,2.28,2.28,1.0
702093,上櫃,0.0,0.0,0.0
702094,上櫃,0.0,0.0,0.0
702095,上櫃,0.0,0.0,0.0
702096,上櫃,1.36,1.61,1093.0
702097,上櫃,0.05,0.05,797.0
702098,上櫃,20.0,20.0,30.0
702099,上櫃,0.0,0.0,0.0
702101,上櫃,0.0,0.0,0.0
702102,上櫃,0.0,0.0,0.0
702103,上櫃,0.0,0.0,0.0
702104,上櫃,0.0,0.0,0.0
702105,上櫃,0.0,0.0,0.0
702106,上櫃,0.0,0.0,0.0
702107,上櫃,0.14,0.14,1.0
702108,上櫃,0.0,0.0,0.0
702109,上櫃,0.0,0.0,0.0
702110,上櫃,0.0,0.0,0.0
702111,上櫃,0.0,0.0,0.0
702112,上櫃,0.34,0.34,42.0
702113,上櫃,0.0,0.0,0.0
702114,上櫃,6.25,6.25,1.0
702115,上櫃,0.0,0.0,0.0
702116,上櫃,0.0,0.0,0.0
702117,上櫃,0.0,0.0,0.0
702118,上櫃,17.4,17.4,15.0
702119,上櫃,0.0,0.0,0.0
702120,上櫃,0.0,0.0,0.0
702121,上櫃,8.35,8.35,40.0
702123,上櫃,0.0,0.0,0.0
702124,上櫃,0.0,0.0,0.0
702125,上櫃,4.15,4.15,11.0
702126,上櫃,0.0,0.0,0.0
702127,上櫃,0.0,0.0,0.0
702128,上櫃,0.62,0.78,223.0
702129,上櫃,0.0,0.0,0.0
702130,上櫃,0.0,0.0,0.0
702131,上櫃,0.0,0.0,0.0
702133,上櫃,0.0,0.0,0.0
702134,上櫃,0.0,0.0,0.0
702135,上櫃,15.9,15.9,5.0
702137,上櫃,0.68,0.63,94.0
702138,上櫃,0.0,0.0,0.0
702139,上櫃,0.0,0.0,0.0
702140,上櫃,6.4,6.4,2.0
702141,上櫃,0.0,0.0,0.0
702142,上櫃,0.0,0.0,0.0
702143,上櫃,0.0,0.0,0.0
702144,上櫃,0.0,0.0,0.0
702145,上櫃,0.84,0.84,36.0
702146,上櫃,0.0,0.0,0.0
702147,上櫃,0.0,0.0,0.0
702148,上櫃,11.0,11.8,4.0
702149,上櫃,3.38,3.38,4.0
702150,上櫃,0.0,0.0,0.0
702151,上櫃,6.8,7.0,2.0
702152,上櫃,0.59,0.6,3096.0
702153,上櫃,9.35,9.35,10.0
702154,上櫃,0.0,0.0,0.0
702155,上櫃,0.0,0.0,0.0
702156,上櫃,1.08,1.0,51.0
702157,上櫃,5.0,5.7,560.0
702158,上櫃,0.38,0.33,737.0
702160,上櫃,6.25,6.25,2.0
702161,上櫃,6.0,5.8,69.0
702162,上櫃,0.0,0.0,0.0
702163,上櫃,2.27,2.68,97.0
702164,上櫃,0.0,0.0,0.0
702165,上櫃,0.0,0.0,0.0
702166,上櫃,1.87,1.69,20.0
702167,上櫃,0.0,0.0,0.0
702168,上櫃,0.0,0.0,0.0
702169,上櫃,0.0,0.0,0.0
702170,上櫃,61.0,61.0,1.0
702171,上櫃,7.6,7.6,2.0
702172,上櫃,0.69,0.67,312.0
702173,上櫃,0.0,0.0,0.0
702174,上櫃,1.48,1.64,56.0
702175,上櫃,0.0,0.0,0.0
702176,上櫃,0.0,0.0,0.0
702177,上櫃,0.33,0.3,76.0
702178,上櫃,0.0,0.0,0.0
702179,上櫃,0.0,0.0,0.0
702180,上櫃,0.0,0.0,0.0
702181,上櫃,0.0,0.0,0.0
702182,上櫃,0.0,0.0,0.0
702183,上櫃,2.82,2.82,10.0
702185,上櫃,0.0,0.0,0.0
702186,上櫃,0.42,0.39,1780.0
702187,上櫃,0.0,0.0,0.0
702188,上櫃,0.0,0.0,0.0
702189,上櫃,21.4,23.5,9.0
702190,上櫃,0.0,0.0,0.0
702191,上櫃,0.65,0.63,53.0
702192,上櫃,1.38,1.38,2.0
702193,上櫃,0.0,0.0,0.0
702194,上櫃,4.42,4.29,50.0
702195,上櫃,0.86,0.87,280.0
702198,上櫃,0.0,0.0,0.0
702199,上櫃,0.0,0.0,0.0
702200,上櫃,0.0,0.0,0.0
702201,上櫃,0.0,0.0,0.0
702202,上櫃,0.0,0.0,0.0
702203,上櫃,0.0,0.0,0.0
702204,上櫃,0.0,0.0,0.0
702205,上櫃,2.36,2.36,10.0
702206,上櫃,0.0,0.0,0.0
702207,上櫃,0.0,0.0,0.0
702208,上櫃,0.0,0.0,0.0
702209,上櫃,0.0,0.0,0.0
702210,上櫃,0.0,0.0,0.0
702211,上櫃,0.0,0.0,0.0
702212,上櫃,0.0,0.0,0.0
702213,上櫃,0.0,0.0,0.0
702214,上櫃,0.0,0.0,0.0
702215,上櫃,4.34,4.54,66.0
702216,上櫃,0.0,0.0,0.0
702217,上櫃,0.73,0.78,117.0
702218,上櫃,1.13,1.04,59.0
702219,上櫃,0.0,0.0,0.0
702220,上櫃,0.0,0.0,0.0
702221,上櫃,7.9,8.2,11.0
702222,上櫃,0.44,0.43,675.0
702223,上櫃,0.0,0.0,0.0
702224,上櫃,0.72,0.72,58.0
702225,上櫃,0.98,0.91,113.0
702226,上櫃,1.22,1.14,11.0
702228,上櫃,0.0,0.0,0.0
702229,上櫃,7.5,8.0,10.0
702230,上櫃,6.7,6.8,10.0
702231,上櫃,0.0,0.0,0.0
702232,上櫃,7.0,7.0,1.0
702233,上櫃,7.8,8.0,33.0
702234,上櫃,15.1,15.1,3.0
702238,上櫃,0.0,0.0,0.0
702239,上櫃,0.0,0.0,0.0
702240,上櫃,0.0,0.0,0.0
702241,上櫃,7.2,7.35,15.0
702242,上櫃,3.6,3.36,43.0
702244,上櫃,0.0,0.0,0.0
702245,上櫃,0.0,0.0,0.0
702246,上櫃,0.0,0.0,0.0
702247,上櫃,6.45,6.55,253.0
702248,上櫃,1.34,1.34,5.0
702249,上櫃,0.0,0.0,0.0
702250,上櫃,0.0,0.0,0.0
702251,上櫃,0.0,0.0,0.0
702252,上櫃,0.0,0.0,0.0
702253,上櫃,0.0,0.0,0.0
702254,上櫃,0.0,0.0,0.0
702255,上櫃,0.0,0.0,0.0
702256,上櫃,0.0,0.0,0.0
702257,上櫃,0.0,0.0,0.0
702258,上櫃,0.0,0.0,0.0
702259,上櫃,3.32,3.32,32.0
702260,上櫃,0.0,0.0,0.0
702261,上櫃,0.0,0.0,0.0
702262,上櫃,0.0,0.0,0.0
702263,上櫃,0.0,0.0,0.0
702264,上櫃,0.0,0.0,0.0
702265,上櫃,2.19,1.97,22.0
702266,上櫃,0.0,0.0,0.0
702267,上櫃,0.0,0.0,0.0
702268,上櫃,4.58,5.2,156.0
702269,上櫃,3.88,4.02,189.0
702270,上櫃,0.0,0.0,0.0
702271,上櫃,4.1,4.14,55.0
702272,上櫃,0.0,0.0,0.0
702273,上櫃,0.71,0.61,32.0
702274,上櫃,0.0,0.0,0.0
702275,上櫃,0.0,0.0,0.0
702276,上櫃,3.19,2.79,137.0
702278,上櫃,2.74,2.74,10.0
702280,上櫃,3.86,3.86,2.0
702281,上櫃,2.76,2.87,58.0
702283,上櫃,0.0,0.0,0.0
702284,上櫃,0.0,0.0,0.0
702285,上櫃,1.94,1.94,10.0
702286,上櫃,0.0,0.0,0.0
702287,上櫃,0.0,0.0,0.0
702288,上櫃,0.0,0.0,0.0
702289,上櫃,0.0,0.0,0.0
702290,上櫃,2.42,2.32,20.0
702291,上櫃,3.46,3.46,3.0
702292,上櫃,0.0,0.0,0.0
702293,上櫃,0.0,0.0,0.0
702294,上櫃,0.23,0.24,20.0
702296,上櫃,0.0,0.0,0.0
702298,上櫃,0.0,0.0,0.0
702299,上櫃,1.35,0.99,43.0
702300,上櫃,1.63,1.6,663.0
702301,上櫃,0.16,0.13,1347.0
702302,上櫃,0.0,0.0,0.0
702303,上櫃,0.0,0.0,0.0
702304,上櫃,0.0,0.0,0.0
702305,上櫃,0.0,0.0,0.0
702306,上櫃,23.2,23.2,1.0
702307,上櫃,2.06,2.06,3.0
702308,上櫃,2.97,2.8,50.0
702309,上櫃,0.0,0.0,0.0
702310,上櫃,0.0,0.0,0.0
702311,上櫃,0.0,0.0,0.0
702312,上櫃,0.0,0.0,0.0
702313,上櫃,0.0,0.0,0.0
702314,上櫃,1.07,1.05,110.0
702315,上櫃,0.0,0.0,0.0
702316,上櫃,0.0,0.0,0.0
702317,上櫃,0.0,0.0,0.0
702318,上櫃,0.0,0.0,0.0
702319,上櫃,0.7,0.67,3.0
702320,上櫃,0.0,0.0,0.0
702321,上櫃,0.0,0.0,0.0
702322,上櫃,1.03,0.94,23.0
702323,上櫃,0.0,0.0,0.0
702324,上櫃,0.0,0.0,0.0
702325,上櫃,0.78,0.73,398.0
702327,上櫃,0.17,0.18,10.0
702328,上櫃,0.0,0.0,0.0
702329,上櫃,0.0,0.0,0.0
702330,上櫃,0.0,0.0,0.0
702331,上櫃,0.0,0.0,0.0
702332,上櫃,0.0,0.0,0.0
702333,上櫃,2.17,1.9,91.0
702334,上櫃,0.0,0.0,0.0
702336,上櫃,0.0,0.0,0.0
702337,上櫃,0.27,0.24,590.0
702338,上櫃,0.0,0.0,0.0
702339,上櫃,0.0,0.0,0.0
702340,上櫃,0.0,0.0,0.0
702341,上櫃,0.0,0.0,0.0
702342,上櫃,0.0,0.0,0.0
702343,上櫃,0.35,0.35,30.0
702344,上櫃,0.0,0.0,0.0
702345,上櫃,0.0,0.0,0.0
702346,上櫃,0.0,0.0,0.0
702347,上櫃,0.0,0.0,0.0
702348,上櫃,0.0,0.0,0.0
702349,上櫃,0.12,0.12,150.0
702350,上櫃,0.0,0.0,0.0
702351,上櫃,1.89,1.85,26.0
702352,上櫃,0.0,0.0,0.0
702353,上櫃,2.54,2.44,306.0
702354,上櫃,0.0,0.0,0.0
702355,上櫃,0.0,0.0,0.0
702356,上櫃,0.0,0.0,0.0
702357,上櫃,0.41,0.41,1436.0
702358,上櫃,14.9,14.9,2.0
702359,上櫃,0.0,0.0,0.0
702361,上櫃,0.0,0.0,0.0
702362,上櫃,0.0,0.0,0.0
702363,上櫃,2.96,2.86,44.0
702364,上櫃,0.0,0.0,0.0
702365,上櫃,0.0,0.0,0.0
702366,上櫃,0.0,0.0,0.0
702367,上櫃,0.0,0.0,0.0
702368,上櫃,0.0,0.0,0.0
702369,上櫃,0.0,0.0,0.0
702370,上櫃,0.0,0.0,0.0
702371,上櫃,0.0,0.0,0.0
702372,上櫃,1.13,1.64,611.0
702373,上櫃,1.78,1.91,77.0
702374,上櫃,0.0,0.0,0.0
702375,上櫃,0.0,0.0,0.0
702376,上櫃,0.0,0.0,0.0
702377,上櫃,0.0,0.0,0.0
702378,上櫃,3.79,3.75,112.0
702379,上櫃,1.36,1.31,23.0
702380,上櫃,0.0,0.0,0.0
702381,上櫃,0.0,0.0,0.0
702384,上櫃,0.0,0.0,0.0
702385,上櫃,0.0,0.0,0.0
702386,上櫃,0.0,0.0,0.0
702387,上櫃,0.0,0.0,0.0
702388,上櫃,0.0,0.0,0.0
702389,上櫃,0.0,0.0,0.0
702390,上櫃,0.0,0.0,0.0
702391,上櫃,0.0,0.0,0.0
702392,上櫃,0.0,0.0,0.0
702393,上櫃,0.0,0.0,0.0
702394,上櫃,0.0,0.0,0.0
702395,上櫃,2.16,2.7,121.0
702397,上櫃,0.0,0.0,0.0
702398,上櫃,0.6,0.6,20.0
702400,上櫃,0.0,0.0,0.0
702401,上櫃,0.0,0.0,0.0
702402,上櫃,0.85,0.85,12.0
702403,上櫃,0.0,0.0,0.0
702404,上櫃,0.0,0.0,0.0
702405,上櫃,0.0,0.0,0.0
702406,上櫃,1.72,2.27,59.0
702408,上櫃,28.2,28.2,1.0
702409,上櫃,0.6,0.53,388.0
702410,上櫃,0.49,0.49,49.0
702411,上櫃,0.0,0.0,0.0
702412,上櫃,2.79,2.54,6.0
702413,上櫃,2.36,2.3,14.0
702414,上櫃,1.22,1.22,1.0
702415,上櫃,0.0,0.0,0.0
702416,上櫃,0.0,0.0,0.0
702417,上櫃,0.0,0.0,0.0
702418,上櫃,0.0,0.0,0.0
702419,上櫃,0.45,0.32,355.0
702420,上櫃,0.0,0.0,0.0
702421,上櫃,0.0,0.0,0.0
702422,上櫃,2.4,2.37,8.0
702423,上櫃,0.0,0.0,0.0
702424,上櫃,0.0,0.0,0.0
702425,上櫃,0.0,0.0,0.0
702426,上櫃,0.0,0.0,0.0
702427,上櫃,0.0,0.0,0.0
702428,上櫃,1.0,1.15,313.0
702429,上櫃,1.31,1.2,879.0
702430,上櫃,0.0,0.0,0.0
702431,上櫃,0.87,0.88,244.0
702434,上櫃,0.0,0.0,0.0
702435,上櫃,1.57,1.98,277.0
702436,上櫃,0.0,0.0,0.0
702437,上櫃,1.23,1.33,5.0
702438,上櫃,0.8,0.93,654.0
702439,上櫃,0.96,0.94,399.0
702440,上櫃,0.65,0.71,810.0
702441,上櫃,2.15,2.87,1227.0
702442,上櫃,0.0,0.0,0.0
702443,上櫃,0.28,0.28,110.0
702444,上櫃,1.02,1.04,61.0
702445,上櫃,3.36,3.64,149.0
702446,上櫃,0.0,0.0,0.0
702447,上櫃,0.0,0.0,0.0
702448,上櫃,0.0,0.0,0.0
702449,上櫃,0.88,1.19,674.0
702450,上櫃,0.75,0.96,2154.0
702451,上櫃,1.17,1.17,3.0
702455,上櫃,0.0,0.0,0.0
702456,上櫃,0.0,0.0,0.0
702457,上櫃,0.0,0.0,0.0
702458,上櫃,4.45,4.85,42.0
702459,上櫃,0.0,0.0,0.0
702460,上櫃,0.0,0.0,0.0
702461,上櫃,0.58,0.46,175.0
702462,上櫃,2.42,3.1,2.0
702463,上櫃,12.6,12.6,1.0
702464,上櫃,2.13,2.6,154.0
702465,上櫃,3.06,3.32,3.0
702466,上櫃,1.55,1.6,15.0
702467,上櫃,5.2,4.99,16.0
702468,上櫃,0.0,0.0,0.0
702469,上櫃,0.0,0.0,0.0
702471,上櫃,0.0,0.0,0.0
702472,上櫃,0.19,0.19,5.0
702473,上櫃,0.0,0.0,0.0
702474,上櫃,0.0,0.0,0.0
702475,上櫃,2.26,2.26,10.0
702476,上櫃,1.65,1.36,55.0
702477,上櫃,0.0,0.0,0.0
702478,上櫃,0.0,0.0,0.0
702480,上櫃,0.69,0.69,3.0
702481,上櫃,2.22,2.5,119.0
702482,上櫃,4.0,4.0,1.0
702483,上櫃,2.46,2.4,20.0
702484,上櫃,17.0,17.0,2.0
702485,上櫃,0.33,0.33,10.0
702486,上櫃,0.0,0.0,0.0
702487,上櫃,0.0,0.0,0.0
702488,上櫃,0.0,0.0,0.0
702489,上櫃,0.0,0.0,0.0
702490,上櫃,5.6,5.6,6.0
702491,上櫃,0.0,0.0,0.0
702492,上櫃,0.0,0.0,0.0
702493,上櫃,0.18,0.18,20.0
702495,上櫃,0.0,0.0,0.0
702496,上櫃,11.9,11.8,41.0
702498,上櫃,0.96,1.1,512.0
702499,上櫃,2.22,2.22,1.0
702501,上櫃,0.0,0.0,0.0
702502,上櫃,0.0,0.0,0.0
702503,上櫃,0.0,0.0,0.0
702504,上櫃,0.0,0.0,0.0
702505,上櫃,0.0,0.0,0.0
702506,上櫃,2.17,1.87,185.0
702507,上櫃,1.43,1.64,221.0
702508,上櫃,0.64,0.64,1.0
702509,上櫃,0.0,0.0,0.0
702510,上櫃,3.99,4.44,13.0
702511,上櫃,79.5,79.5,1.0
702512,上櫃,0.0,0.0,0.0
702513,上櫃,0.0,0.0,0.0
702514,上櫃,1.53,1.49,40.0
702515,上櫃,1.12,1.08,846.0
702516,上櫃,0.82,0.81,328.0
702517,上櫃,0.0,0.0,0.0
702518,上櫃,0.44,0.56,12.0
702519,上櫃,0.0,0.0,0.0
702520,上櫃,0.0,0.0,0.0
702521,上櫃,0.0,0.0,0.0
702522,上櫃,0.0,0.0,0.0
702523,上櫃,0.23,0.23,123.0
702525,上櫃,0.0,0.0,0.0
702526,上櫃,0.0,0.0,0.0
702527,上櫃,0.0,0.0,0.0
702528,上櫃,0.0,0.0,0.0
702529,上櫃,20.4,20.4,1.0
702530,上櫃,0.0,0.0,0.0
702532,上櫃,0.0,0.0,0.0
702533,上櫃,3.7,4.85,31.0
702534,上櫃,7.35,7.35,2.0
702536,上櫃,0.97,1.18,87.0
702537,上櫃,0.0,0.0,0.0
702538,上櫃,0.0,0.0,0.0
702539,上櫃,0.0,0.0,0.0
702540,上櫃,0.0,0.0,0.0
702541,上櫃,0.0,0.0,0.0
702542,上櫃,0.0,0.0,0.0
702543,上櫃,0.39,0.44,1271.0
702544,上櫃,0.0,0.0,0.0
702545,上櫃,0.0,0.0,0.0
702546,上櫃,0.0,0.0,0.0
702547,上櫃,0.16,0.15,10.0
702548,上櫃,0.0,0.0,0.0
702549,上櫃,1.32,1.41,115.0
702550,上櫃,2.28,2.52,1602.0
702551,上櫃,0.0,0.0,0.0
702552,上櫃,0.0,0.0,0.0
702553,上櫃,5.35,5.35,5.0
702554,上櫃,0.0,0.0,0.0
702555,上櫃,1.34,1.88,51.0
702556,上櫃,0.0,0.0,0.0
702557,上櫃,0.0,0.0,0.0
702558,上櫃,0.0,0.0,0.0
702559,上櫃,0.0,0.0,0.0
702560,上櫃,6.35,6.3,94.0
702561,上櫃,0.0,0.0,0.0
702562,上櫃,0.0,0.0,0.0
702563,上櫃,0.72,0.74,20.0
702564,上櫃,0.9,0.93,526.0
702565,上櫃,2.11,1.96,43.0
702566,上櫃,0.0,0.0,0.0
702567,上櫃,0.0,0.0,0.0
702568,上櫃,0.0,0.0,0.0
702569,上櫃,2.4,2.77,15.0
702570,上櫃,9.15,10.0,2.0
702571,上櫃,0.0,0.0,0.0
702572,上櫃,3.58,3.58,16.0
702573,上櫃,0.0,0.0,0.0
702574,上櫃,0.0,0.0,0.0
702575,上櫃,0.0,0.0,0.0
702576,上櫃,0.0,0.0,0.0
702577,上櫃,3.11,3.11,24.0
702578,上櫃,3.41,3.23,192.0
702579,上櫃,0.0,0.0,0.0
702580,上櫃,0.0,0.0,0.0
702581,上櫃,0.0,0.0,0.0
702582,上櫃,7.7,8.6,3.0
702583,上櫃,0.0,0.0,0.0
702584,上櫃,5.8,5.8,10.0
702585,上櫃,0.0,0.0,0.0
702586,上櫃,1.75,1.92,231.0
702587,上櫃,0.0,0.0,0.0
702588,上櫃,0.0,0.0,0.0
702589,上櫃,0.0,0.0,0.0
702590,上櫃,3.69,3.51,51.0
702591,上櫃,0.0,0.0,0.0
702592,上櫃,3.66,3.73,25.0
702593,上櫃,3.59,3.69,137.0
702594,上櫃,1.96,1.96,1.0
702595,上櫃,2.28,3.37,299.0
702597,上櫃,0.0,0.0,0.0
702598,上櫃,3.52,3.15,89.0
702599,上櫃,9.2,9.2,1.0
702600,上櫃,4.5,4.44,83.0
702601,上櫃,0.0,0.0,0.0
702602,上櫃,0.0,0.0,0.0
702603,上櫃,0.53,0.71,810.0
702604,上櫃,4.33,4.7,44.0
702605,上櫃,0.35,0.34,175.0
702607,上櫃,3.43,3.43,1.0
702608,上櫃,0.35,0.41,74.0
702609,上櫃,4.6,4.6,2.0
702610,上櫃,1.3,1.38,159.0
702611,上櫃,1.1,1.23,215.0
702612,上櫃,1.2,1.09,560.0
702613,上櫃,1.36,1.34,549.0
702614,上櫃,0.0,0.0,0.0
702615,上櫃,1.66,1.64,479.0
702616,上櫃,3.05,3.18,229.0
702617,上櫃,7.0,7.6,3.0
702618,上櫃,0.0,0.0,0.0
702619,上櫃,0.0,0.0,0.0
702620,上櫃,0.0,0.0,0.0
702621,上櫃,0.0,0.0,0.0
702622,上櫃,0.0,0.0,0.0
702623,上櫃,0.18,0.18,5.0
702624,上櫃,0.0,0.0,0.0
702625,上櫃,0.0,0.0,0.0
702626,上櫃,0.0,0.0,0.0
702627,上櫃,2.47,2.47,3.0
702628,上櫃,0.0,0.0,0.0
702629,上櫃,0.0,0.0,0.0
702630,上櫃,0.0,0.0,0.0
702631,上櫃,13.5,13.5,5.0
702632,上櫃,0.0,0.0,0.0
702633,上櫃,0.74,0.74,163.0
702634,上櫃,0.0,0.0,0.0
702635,上櫃,0.0,0.0,0.0
702636,上櫃,4.31,4.31,5.0
702637,上櫃,0.0,0.0,0.0
702638,上櫃,0.0,0.0,0.0
702639,上櫃,6.0,5.5,16.0
702640,上櫃,0.0,0.0,0.0
702641,上櫃,0.0,0.0,0.0
702642,上櫃,0.0,0.0,0.0
702643,上櫃,12.9,12.9,1.0
702644,上櫃,0.0,0.0,0.0
702645,上櫃,0.0,0.0,0.0
702646,上櫃,1.15,1.12,28.0
702647,上櫃,1.08,1.0,167.0
702648,上櫃,2.15,2.17,262.0
702649,上櫃,3.54,3.5,413.0
702650,上櫃,3.39,5.15,24.0
702651,上櫃,0.0,0.0,0.0
702652,上櫃,0.56,0.56,6.0
702653,上櫃,0.0,0.0,0.0
702654,上櫃,0.0,0.0,0.0
702655,上櫃,0.0,0.0,0.0
702656,上櫃,4.9,4.48,9.0
702657,上櫃,2.75,2.75,2.0
702658,上櫃,0.0,0.0,0.0
702659,上櫃,0.0,0.0,0.0
702660,上櫃,1.59,1.38,429.0
702661,上櫃,0.0,0.0,0.0
702662,上櫃,0.0,0.0,0.0
702663,上櫃,0.0,0.0,0.0
702664,上櫃,0.0,0.0,0.0
702665,上櫃,1.06,1.13,68.0
702666,上櫃,1.15,1.05,68.0
702667,上櫃,0.29,0.27,2106.0
702668,上櫃,0.0,0.0,0.0
702669,上櫃,0.0,0.0,0.0
702670,上櫃,1.98,1.98,3.0
702671,上櫃,1.59,1.82,138.0
702672,上櫃,0.0,0.0,0.0
702673,上櫃,1.34,1.25,107.0
702674,上櫃,0.49,0.49,597.0
702675,上櫃,10.7,10.7,3.0
702676,上櫃,0.0,0.0,0.0
702677,上櫃,1.67,1.51,41.0
702678,上櫃,0.64,0.85,34.0
702679,上櫃,0.36,0.36,5.0
702680,上櫃,0.0,0.0,0.0
702681,上櫃,0.0,0.0,0.0
702682,上櫃,0.0,0.0,0.0
702683,上櫃,0.47,0.46,15.0
702685,上櫃,2.87,2.87,9.0
702686,上櫃,0.0,0.0,0.0
702687,上櫃,0.0,0.0,0.0
702688,上櫃,0.25,0.25,1.0
702689,上櫃,0.44,0.38,357.0
702690,上櫃,0.0,0.0,0.0
702691,上櫃,0.0,0.0,0.0
702692,上櫃,0.0,0.0,0.0
702693,上櫃,2.03,2.15,21.0
702694,上櫃,0.0,0.0,0.0
702695,上櫃,0.0,0.0,0.0
702696,上櫃,0.0,0.0,0.0
702697,上櫃,0.0,0.0,0.0
702698,上櫃,0.0,0.0,0.0
702699,上櫃,0.0,0.0,0.0
702700,上櫃,1.94,1.65,51.0
702701,上櫃,0.0,0.0,0.0
702702,上櫃,2.23,3.36,61.0
702703,上櫃,0.97,1.29,305.0
702704,上櫃,0.38,0.34,35.0
702705,上櫃,0.0,0.0,0.0
702706,上櫃,0.0,0.0,0.0
702707,上櫃,0.0,0.0,0.0
702708,上櫃,0.0,0.0,0.0
702709,上櫃,0.0,0.0,0.0
702710,上櫃,0.0,0.0,0.0
702711,上櫃,0.0,0.0,0.0
702712,上櫃,0.0,0.0,0.0
702713,上櫃,0.6,0.6,206.0
702714,上櫃,0.0,0.0,0.0
702715,上櫃,0.0,0.0,0.0
702716,上櫃,0.06,0.06,100.0
702717,上櫃,6.2,6.3,16.0
702718,上櫃,0.51,0.49,96.0
702719,上櫃,0.28,0.26,604.0
702722,上櫃,0.58,0.74,522.0
702723,上櫃,0.81,0.67,145.0
702724,上櫃,0.0,0.0,0.0
702725,上櫃,1.19,1.5,251.0
702726,上櫃,5.4,5.5,99.0
702727,上櫃,0.0,0.0,0.0
702728,上櫃,0.73,0.72,18.0
702729,上櫃,0.85,0.83,310.0
702730,上櫃,0.0,0.0,0.0
702731,上櫃,0.0,0.0,0.0
702732,上櫃,0.0,0.0,0.0
702733,上櫃,0.5,0.51,2.0
702734,上櫃,0.43,0.36,50.0
702735,上櫃,1.05,0.88,60.0
702736,上櫃,0.12,0.12,10.0
702737,上櫃,0.0,0.0,0.0
702738,上櫃,0.0,0.0,0.0
702739,上櫃,0.0,0.0,0.0
702740,上櫃,0.0,0.0,0.0
702741,上櫃,4.24,4.24,1.0
702742,上櫃,0.0,0.0,0.0
702743,上櫃,0.0,0.0,0.0
702744,上櫃,0.0,0.0,0.0
702745,上櫃,0.54,0.54,30.0
702746,上櫃,9.2,8.95,43.0
702747,上櫃,0.0,0.0,0.0
702748,上櫃,0.0,0.0,0.0
702749,上櫃,0.84,0.83,90.0
702751,上櫃,0.0,0.0,0.0
702752,上櫃,0.55,0.53,1095.0
702753,上櫃,1.61,1.61,10.0
702754,上櫃,0.92,0.92,12.0
702755,上櫃,1.44,1.2,58.0
702757,上櫃,0.0,0.0,0.0
702758,上櫃,1.2,1.2,1.0
702759,上櫃,0.0,0.0,0.0
702760,上櫃,0.71,0.74,34.0
702761,上櫃,0.0,0.0,0.0
702762,上櫃,0.0,0.0,0.0
702763,上櫃,1.55,1.71,977.0
702764,上櫃,0.0,0.0,0.0
702765,上櫃,0.0,0.0,0.0
702766,上櫃,0.51,0.53,540.0
702767,上櫃,0.56,0.63,707.0
702768,上櫃,0.0,0.0,0.0
702769,上櫃,0.0,0.0,0.0
702770,上櫃,0.35,0.29,105.0
702771,上櫃,0.66,0.66,5.0
702772,上櫃,0.83,0.88,363.0
702773,上櫃,1.06,1.16,451.0
702774,上櫃,4.99,5.25,6.0
702775,上櫃,0.0,0.0,0.0
702776,上櫃,1.74,1.67,191.0
702777,上櫃,3.13,3.04,45.0
702778,上櫃,0.0,0.0,0.0
702779,上櫃,0.0,0.0,0.0
702780,上櫃,0.0,0.0,0.0
702781,上櫃,0.0,0.0,0.0
702782,上櫃,27.1,28.1,3.0
702783,上櫃,0.0,0.0,0.0
702784,上櫃,6.7,6.9,94.0
702785,上櫃,0.0,0.0,0.0
702786,上櫃,0.0,0.0,0.0
702787,上櫃,2.36,2.29,14.0
702788,上櫃,0.57,0.56,187.0
702789,上櫃,0.0,0.0,0.0
702790,上櫃,0.0,0.0,0.0
702791,上櫃,0.0,0.0,0.0
702792,上櫃,0.64,0.81,394.0
702794,上櫃,0.0,0.0,0.0
702795,上櫃,1.93,2.1,6.0
702796,上櫃,0.0,0.0,0.0
702797,上櫃,5.05,5.05,1.0
702798,上櫃,1.54,1.54,10.0
702800,上櫃,0.82,0.68,255.0
702801,上櫃,3.82,3.86,3.0
702802,上櫃,0.41,0.45,178.0
702803,上櫃,0.0,0.0,0.0
702804,上櫃,0.8,0.88,226.0
702805,上櫃,1.25,1.03,153.0
702806,上櫃,0.0,0.0,0.0
702807,上櫃,1.69,1.85,257.0
702808,上櫃,1.01,1.41,193.0
702809,上櫃,0.89,0.86,25.0
702810,上櫃,0.59,0.64,469.0
702811,上櫃,0.63,0.62,45.0
702813,上櫃,2.16,2.18,2.0
702814,上櫃,1.76,1.91,6.0
702815,上櫃,2.93,2.93,31.0
702816,上櫃,0.68,0.68,3.0
702817,上櫃,0.0,0.0,0.0
702818,上櫃,0.0,0.0,0.0
702819,上櫃,4.43,4.13,153.0
702820,上櫃,0.0,0.0,0.0
702821,上櫃,0.42,0.42,1.0
702822,上櫃,0.0,0.0,0.0
702823,上櫃,0.0,0.0,0.0
702824,上櫃,1.65,1.53,304.0
702825,上櫃,2.3,2.27,181.0
702826,上櫃,0.0,0.0,0.0
702827,上櫃,0.0,0.0,0.0
702828,上櫃,0.95,0.89,521.0
702829,上櫃,1.12,1.05,85.0
702830,上櫃,1.33,1.3,765.0
702831,上櫃,0.0,0.0,0.0
702832,上櫃,0.0,0.0,0.0
702833,上櫃,4.55,6.4,217.0
702834,上櫃,5.95,5.55,113.0
702835,上櫃,0.0,0.0,0.0
702836,上櫃,0.0,0.0,0.0
702837,上櫃,0.0,0.0,0.0
702838,上櫃,0.46,0.45,65.0
702839,上櫃,0.0,0.0,0.0
702840,上櫃,0.0,0.0,0.0
702841,上櫃,17.4,17.4,3.0
702842,上櫃,3.0,3.0,1.0
702843,上櫃,3.03,2.69,25.0
702844,上櫃,1.65,1.65,1.0
702845,上櫃,0.0,0.0,0.0
702846,上櫃,0.0,0.0,0.0
702847,上櫃,0.0,0.0,0.0
702848,上櫃,0.64,0.89,774.0
702849,上櫃,0.47,0.69,83.0
702850,上櫃,0.0,0.0,0.0
702851,上櫃,1.07,1.4,108.0
702853,上櫃,0.0,0.0,0.0
702854,上櫃,5.25,5.6,20.0
702855,上櫃,4.32,4.67,12.0
702856,上櫃,2.99,2.99,51.0
702857,上櫃,0.0,0.0,0.0
702858,上櫃,0.0,0.0,0.0
702859,上櫃,1.5,1.48,950.0
702860,上櫃,2.84,2.84,1.0
702861,上櫃,4.29,4.29,10.0
702862,上櫃,1.71,1.8,403.0
702863,上櫃,0.0,0.0,0.0
702864,上櫃,0.0,0.0,0.0
702865,上櫃,0.0,0.0,0.0
702866,上櫃,8.55,8.55,5.0
702867,上櫃,1.08,1.12,91.0
702868,上櫃,0.0,0.0,0.0
702869,上櫃,0.0,0.0,0.0
702870,上櫃,0.0,0.0,0.0
702871,上櫃,0.0,0.0,0.0
702872,上櫃,2.31,2.23,15.0
702873,上櫃,0.0,0.0,0.0
702874,上櫃,1.7,1.8,356.0
702875,上櫃,3.82,3.9,9.0
702876,上櫃,0.0,0.0,0.0
702877,上櫃,0.0,0.0,0.0
702878,上櫃,8.05,8.05,14.0
702879,上櫃,0.0,0.0,0.0
702880,上櫃,6.9,6.95,11.0
702881,上櫃,0.0,0.0,0.0
702882,上櫃,0.54,0.74,367.0
702883,上櫃,0.99,0.99,11.0
702884,上櫃,0.93,0.93,11.0
702885,上櫃,2.78,3.2,343.0
702886,上櫃,1.98,2.13,481.0
702888,上櫃,0.0,0.0,0.0
702889,上櫃,0.0,0.0,0.0
702890,上櫃,1.28,1.12,190.0
702891,上櫃,2.69,2.69,5.0
702892,上櫃,0.4,0.32,90.0
702893,上櫃,0.24,0.25,464.0
702894,上櫃,0.0,0.0,0.0
702895,上櫃,2.43,2.47,24.0
702896,上櫃,0.0,0.0,0.0
702897,上櫃,0.0,0.0,0.0
702898,上櫃,0.0,0.0,0.0
702899,上櫃,0.0,0.0,0.0
702901,上櫃,0.0,0.0,0.0
702902,上櫃,5.15,5.15,1.0
702903,上櫃,5.6,5.55,3.0
702904,上櫃,1.49,1.3,314.0
702905,上櫃,9.8,10.9,25.0
702907,上櫃,1.61,1.52,29.0
702908,上櫃,0.0,0.0,0.0
702909,上櫃,0.61,0.6,447.0
702910,上櫃,1.97,2.71,76.0
702911,上櫃,0.0,0.0,0.0
702912,上櫃,0.0,0.0,0.0
702913,上櫃,0.0,0.0,0.0
702914,上櫃,0.25,0.26,25.0
702915,上櫃,5.8,5.9,103.0
702917,上櫃,0.0,0.0,0.0
702918,上櫃,3.86,3.86,11.0
702919,上櫃,1.6,1.99,190.0
702920,上櫃,3.75,3.69,248.0
702921,上櫃,0.4,0.36,24.0
702922,上櫃,0.0,0.0,0.0
702923,上櫃,0.46,0.49,121.0
702924,上櫃,0.57,0.73,390.0
702925,上櫃,3.05,3.05,1.0
702926,上櫃,0.0,0.0,0.0
702927,上櫃,1.15,1.5,180.0
702928,上櫃,1.16,1.2,19.0
702929,上櫃,0.0,0.0,0.0
702930,上櫃,0.0,0.0,0.0
702931,上櫃,8.6,8.55,5.0
702932,上櫃,0.0,0.0,0.0
702935,上櫃,3.28,3.28,1.0
702936,上櫃,0.17,0.17,2.0
702937,上櫃,0.0,0.0,0.0
702938,上櫃,0.0,0.0,0.0
702939,上櫃,0.0,0.0,0.0
702940,上櫃,0.0,0.0,0.0
702941,上櫃,11.5,11.5,10.0
702942,上櫃,0.0,0.0,0.0
702943,上櫃,0.0,0.0,0.0
702944,上櫃,2.21,2.21,10.0
702945,上櫃,0.84,0.79,276.0
702946,上櫃,0.0,0.0,0.0
702947,上櫃,1.31,1.31,100.0
702948,上櫃,3.14,3.3,30.0
702949,上櫃,4.1,3.95,45.0
702950,上櫃,1.73,1.58,137.0
702951,上櫃,1.25,1.23,75.0
702952,上櫃,0.61,1.15,753.0
702953,上櫃,3.27,3.2,510.0
702954,上櫃,0.0,0.0,0.0
702955,上櫃,0.0,0.0,0.0
702956,上櫃,0.0,0.0,0.0
702957,上櫃,0.0,0.0,0.0
702958,上櫃,0.0,0.0,0.0
702959,上櫃,0.0,0.0,0.0
702960,上櫃,2.06,2.06,30.0
702961,上櫃,3.06,2.78,20.0
702962,上櫃,0.0,0.0,0.0
702963,上櫃,0.0,0.0,0.0
702964,上櫃,0.47,0.59,1047.0
702965,上櫃,0.0,0.0,0.0
702966,上櫃,0.0,0.0,0.0
702967,上櫃,3.88,3.88,2.0
702968,上櫃,2.64,2.6,98.0
702969,上櫃,0.0,0.0,0.0
702970,上櫃,0.85,1.17,93.0
702971,上櫃,0.0,0.0,0.0
702973,上櫃,2.7,2.54,1209.0
702974,上櫃,0.0,0.0,0.0
702975,上櫃,1.68,1.68,30.0
702976,上櫃,1.56,1.37,23.0
702977,上櫃,0.0,0.0,0.0
702978,上櫃,36.1,38.1,26.0
702979,上櫃,0.0,0.0,0.0
702980,上櫃,0.0,0.0,0.0
702981,上櫃,0.82,0.79,173.0
702982,上櫃,0.0,0.0,0.0
702983,上櫃,6.7,6.7,2.0
702984,上櫃,1.15,1.1,15.0
702985,上櫃,0.0,0.0,0.0
702986,上櫃,0.0,0.0,0.0
702987,上櫃,0.0,0.0,0.0
702988,上櫃,0.0,0.0,0.0
702989,上櫃,1.44,1.27,624.0
702990,上櫃,3.22,3.22,4.0
702991,上櫃,2.15,2.15,5.0
702992,上櫃,1.93,1.91,8.0
702993,上櫃,0.0,0.0,0.0
702994,上櫃,0.0,0.0,0.0
702995,上櫃,0.0,0.0,0.0
702996,上櫃,0.79,1.2,221.0
702997,上櫃,0.0,0.0,0.0
702998,上櫃,4.91,4.32,214.0
702999,上櫃,1.86,1.78,58.0
703000,上櫃,1.43,1.42,30.0
703001,上櫃,0.0,0.0,0.0
703002,上櫃,0.0,0.0,0.0
703003,上櫃,2.43,2.43,10.0
703004,上櫃,0.0,0.0,0.0
703005,上櫃,0.0,0.0,0.0
703006,上櫃,1.25,1.25,1.0
703007,上櫃,1.65,1.65,12.0
703008,上櫃,0.0,0.0,0.0
703009,上櫃,0.46,0.46,10.0
703010,上櫃,2.67,2.67,1.0
703011,上櫃,2.81,2.98,368.0
703012,上櫃,0.75,0.88,85.0
703013,上櫃,1.9,2.5,72.0
703014,上櫃,2.26,2.38,15.0
703016,上櫃,0.94,1.06,525.0
703017,上櫃,0.66,0.64,25.0
703018,上櫃,1.2,1.1,36.0
703019,上櫃,11.4,11.4,2.0
703021,上櫃,0.0,0.0,0.0
703022,上櫃,0.0,0.0,0.0
703023,上櫃,5.0,5.0,1.0
703024,上櫃,0.0,0.0,0.0
703025,上櫃,0.0,0.0,0.0
703026,上櫃,0.0,0.0,0.0
703027,上櫃,0.0,0.0,0.0
703029,上櫃,0.0,0.0,0.0
703030,上櫃,0.73,0.72,20.0
703031,上櫃,0.0,0.0,0.0
703032,上櫃,2.12,2.12,1.0
703033,上櫃,1.39,1.39,10.0
703034,上櫃,0.0,0.0,0.0
703036,上櫃,0.0,0.0,0.0
703037,上櫃,0.0,0.0,0.0
703038,上櫃,1.64,1.51,1008.0
703039,上櫃,0.0,0.0,0.0
703040,上櫃,0.0,0.0,0.0
703041,上櫃,0.0,0.0,0.0
703042,上櫃,0.0,0.0,0.0
703043,上櫃,1.12,1.12,1.0
703044,上櫃,0.5,0.5,190.0
703045,上櫃,0.0,0.0,0.0
703046,上櫃,1.2,1.12,453.0
703047,上櫃,2.13,2.17,88.0
703048,上櫃,1.41,1.41,36.0
703049,上櫃,4.83,4.64,17.0
703050,上櫃,6.15,5.9,28.0
703051,上櫃,1.78,1.89,10.0
703052,上櫃,0.0,0.0,0.0
703053,上櫃,3.62,3.62,10.0
703054,上櫃,0.0,0.0,0.0
703055,上櫃,0.51,0.51,50.0
703056,上櫃,0.0,0.0,0.0
703058,上櫃,2.38,2.44,13.0
703059,上櫃,0.0,0.0,0.0
703060,上櫃,0.76,0.98,121.0
703061,上櫃,0.56,0.59,80.0
703062,上櫃,0.0,0.0,0.0
703063,上櫃,0.0,0.0,0.0
703064,上櫃,3.04,2.8,13.0
703065,上櫃,3.21,3.21,10.0
703066,上櫃,1.51,1.32,20.0
703067,上櫃,1.57,1.57,25.0
703068,上櫃,1.56,2.14,178.0
703069,上櫃,0.0,0.0,0.0
703070,上櫃,0.0,0.0,0.0
703071,上櫃,0.0,0.0,0.0
703072,上櫃,0.32,0.31,768.0
703073,上櫃,0.0,0.0,0.0
703074,上櫃,1.66,1.51,188.0
703075,上櫃,0.81,0.7,2305.0
703076,上櫃,0.0,0.0,0.0
703077,上櫃,0.0,0.0,0.0
703078,上櫃,0.0,0.0,0.0
703079,上櫃,0.29,0.28,533.0
703080,上櫃,4.86,5.2,12.0
703082,上櫃,0.0,0.0,0.0
703083,上櫃,0.0,0.0,0.0
703084,上櫃,0.0,0.0,0.0
703085,上櫃,0.0,0.0,0.0
703086,上櫃,1.12,1.4,50.0
703087,上櫃,0.0,0.0,0.0
703088,上櫃,0.0,0.0,0.0
703089,上櫃,0.0,0.0,0.0
703090,上櫃,0.0,0.0,0.0
703091,上櫃,1.97,1.9,25.0
703092,上櫃,0.0,0.0,0.0
703093,上櫃,0.0,0.0,0.0
703094,上櫃,0.37,0.57,382.0
703095,上櫃,2.23,2.08,60.0
703096,上櫃,0.0,0.0,0.0
703097,上櫃,15.5,15.5,1.0
703098,上櫃,19.3,19.4,15.0
703099,上櫃,0.0,0.0,0.0
703100,上櫃,0.0,0.0,0.0
703101,上櫃,0.0,0.0,0.0
703102,上櫃,0.0,0.0,0.0
703103,上櫃,0.0,0.0,0.0
703104,上櫃,0.0,0.0,0.0
703105,上櫃,0.18,0.17,46.0
703106,上櫃,4.49,4.49,5.0
703107,上櫃,1.87,1.83,50.0
703108,上櫃,0.0,0.0,0.0
703109,上櫃,0.0,0.0,0.0
703110,上櫃,2.81,2.71,25.0
703111,上櫃,0.0,0.0,0.0
703112,上櫃,1.09,1.09,35.0
703113,上櫃,0.0,0.0,0.0
703114,上櫃,0.0,0.0,0.0
703115,上櫃,1.62,1.62,10.0
703116,上櫃,0.86,0.81,11.0
703117,上櫃,0.83,0.78,70.0
703118,上櫃,0.0,0.0,0.0
703119,上櫃,2.57,2.68,4.0
703120,上櫃,0.0,0.0,0.0
703121,上櫃,0.45,0.45,244.0
703122,上櫃,0.71,0.71,462.0
703123,上櫃,1.06,0.96,45.0
703124,上櫃,1.07,1.01,100.0
703125,上櫃,0.69,0.75,3022.0
703126,上櫃,0.0,0.0,0.0
703127,上櫃,0.59,0.59,18.0
703128,上櫃,0.0,0.0,0.0
703129,上櫃,0.0,0.0,0.0
703130,上櫃,1.36,1.44,75.0
703131,上櫃,1.64,1.82,146.0
703132,上櫃,0.95,1.0,1921.0
703133,上櫃,1.47,1.4,213.0
703134,上櫃,0.0,0.0,0.0
703135,上櫃,0.74,0.65,12.0
703136,上櫃,1.57,1.57,144.0
703137,上櫃,0.43,0.49,212.0
703138,上櫃,0.0,0.0,0.0
703139,上櫃,0.0,0.0,0.0
703140,上櫃,0.0,0.0,0.0
703141,上櫃,0.55,0.54,64.0
703142,上櫃,0.0,0.0,0.0
703143,上櫃,0.0,0.0,0.0
703144,上櫃,3.59,3.54,15.0
703145,上櫃,1.52,1.78,310.0
703146,上櫃,0.0,0.0,0.0
703147,上櫃,0.0,0.0,0.0
703148,上櫃,0.0,0.0,0.0
703149,上櫃,0.0,0.0,0.0
703150,上櫃,0.0,0.0,0.0
703151,上櫃,0.14,0.15,61.0
703152,上櫃,0.0,0.0,0.0
703153,上櫃,0.0,0.0,0.0
703154,上櫃,0.0,0.0,0.0
703155,上櫃,0.0,0.0,0.0
703156,上櫃,0.0,0.0,0.0
703157,上櫃,0.0,0.0,0.0
703158,上櫃,0.0,0.0,0.0
703159,上櫃,0.0,0.0,0.0
703160,上櫃,0.0,0.0,0.0
703161,上櫃,0.0,0.0,0.0
703162,上櫃,0.56,0.56,557.0
703163,上櫃,0.74,0.7,282.0
703164,上櫃,1.46,1.5,65.0
703165,上櫃,1.48,1.48,50.0
703166,上櫃,0.47,0.44,186.0
703167,上櫃,0.31,0.24,129.0
703168,上櫃,0.0,0.0,0.0
703169,上櫃,0.0,0.0,0.0
703170,上櫃,0.1,0.1,10.0
703171,上櫃,0.0,0.0,0.0
703172,上櫃,3.5,3.48,2.0
703173,上櫃,0.0,0.0,0.0
703174,上櫃,0.0,0.0,0.0
703175,上櫃,0.78,0.82,108.0
703176,上櫃,1.09,1.07,59.0
703177,上櫃,0.0,0.0,0.0
703178,上櫃,2.16,2.17,191.0
703179,上櫃,0.0,0.0,0.0
703180,上櫃,0.0,0.0,0.0
703181,上櫃,0.0,0.0,0.0
703182,上櫃,0.74,0.67,56.0
703183,上櫃,3.1,3.27,16.0
703184,上櫃,0.0,0.0,0.0
703185,上櫃,0.0,0.0,0.0
703186,上櫃,1.6,1.56,42.0
703187,上櫃,3.44,2.95,22.0
703188,上櫃,1.25,1.25,100.0
703189,上櫃,2.47,2.36,45.0
703190,上櫃,1.02,1.02,100.0
703191,上櫃,0.0,0.0,0.0
703192,上櫃,0.0,0.0,0.0
703193,上櫃,0.0,0.0,0.0
703194,上櫃,0.23,0.23,6.0
703195,上櫃,1.07,1.07,50.0
703196,上櫃,0.0,0.0,0.0
703197,上櫃,0.0,0.0,0.0
703198,上櫃,0.0,0.0,0.0
703199,上櫃,1.85,1.82,11.0
703200,上櫃,0.0,0.0,0.0
703201,上櫃,0.52,0.49,50.0
703202,上櫃,0.0,0.0,0.0
703203,上櫃,0.0,0.0,0.0
703204,上櫃,0.62,0.56,1054.0
703205,上櫃,0.0,0.0,0.0
703206,上櫃,3.23,3.23,3.0
703207,上櫃,11.8,11.8,1.0
703208,上櫃,0.0,0.0,0.0
703209,上櫃,0.0,0.0,0.0
703210,上櫃,6.5,6.6,15.0
703211,上櫃,0.0,0.0,0.0
703212,上櫃,0.0,0.0,0.0
703213,上櫃,0.0,0.0,0.0
703214,上櫃,4.08,4.08,25.0
703215,上櫃,16.6,18.0,7.0
703216,上櫃,4.2,5.05,3.0
703217,上櫃,0.0,0.0,0.0
703218,上櫃,0.0,0.0,0.0
703219,上櫃,3.81,3.81,1.0
703220,上櫃,11.5,11.5,1.0
703221,上櫃,18.1,18.1,4.0
703222,上櫃,0.0,0.0,0.0
703223,上櫃,0.0,0.0,0.0
703224,上櫃,1.22,1.13,63.0
703225,上櫃,0.0,0.0,0.0
703226,上櫃,0.0,0.0,0.0
703227,上櫃,0.0,0.0,0.0
703228,上櫃,0.92,0.83,59.0
703229,上櫃,0.0,0.0,0.0
703230,上櫃,0.0,0.0,0.0
703231,上櫃,0.86,0.99,244.0
703232,上櫃,0.0,0.0,0.0
703233,上櫃,0.0,0.0,0.0
703234,上櫃,0.0,0.0,0.0
703235,上櫃,0.0,0.0,0.0
703236,上櫃,1.3,1.32,264.0
703237,上櫃,5.05,6.15,2.0
703238,上櫃,0.0,0.0,0.0
703239,上櫃,0.0,0.0,0.0
703240,上櫃,0.86,0.86,1.0
703241,上櫃,0.0,0.0,0.0
703242,上櫃,0.81,0.81,54.0
703243,上櫃,1.27,2.08,378.0
703245,上櫃,0.12,0.12,5.0
703246,上櫃,5.0,5.0,10.0
703247,上櫃,4.2,4.2,10.0
703248,上櫃,4.64,4.64,2.0
703249,上櫃,0.0,0.0,0.0
703250,上櫃,0.0,0.0,0.0
703251,上櫃,0.0,0.0,0.0
703252,上櫃,3.88,3.88,26.0
703253,上櫃,0.0,0.0,0.0
703254,上櫃,0.0,0.0,0.0
703255,上櫃,0.0,0.0,0.0
703256,上櫃,0.0,0.0,0.0
703257,上櫃,3.5,4.05,61.0
703258,上櫃,0.0,0.0,0.0
703259,上櫃,0.44,0.39,71.0
703260,上櫃,0.0,0.0,0.0
703261,上櫃,0.0,0.0,0.0
703262,上櫃,0.0,0.0,0.0
703263,上櫃,2.05,2.23,285.0
703264,上櫃,0.0,0.0,0.0
703265,上櫃,0.0,0.0,0.0
703266,上櫃,0.0,0.0,0.0
703267,上櫃,0.0,0.0,0.0
703268,上櫃,0.0,0.0,0.0
703269,上櫃,0.0,0.0,0.0
703271,上櫃,0.56,0.53,634.0
703272,上櫃,0.0,0.0,0.0
703273,上櫃,3.77,3.77,10.0
703274,上櫃,0.0,0.0,0.0
703275,上櫃,0.0,0.0,0.0
703277,上櫃,0.0,0.0,0.0
703278,上櫃,0.74,0.74,90.0
703279,上櫃,0.0,0.0,0.0
703280,上櫃,2.24,2.16,37.0
703281,上櫃,0.0,0.0,0.0
703282,上櫃,3.61,3.61,10.0
703283,上櫃,2.11,1.82,3.0
703284,上櫃,10.9,12.4,7.0
703285,上櫃,8.65,8.65,1.0
703286,上櫃,0.0,0.0,0.0
703287,上櫃,1.42,1.42,35.0
703288,上櫃,3.8,3.47,31.0
703289,上櫃,1.28,1.3,163.0
703290,上櫃,1.31,1.54,18.0
703291,上櫃,0.75,0.75,20.0
703292,上櫃,3.62,3.42,6.0
703293,上櫃,3.13,3.6,46.0
703294,上櫃,0.0,0.0,0.0
703295,上櫃,4.19,4.54,8.0
703296,上櫃,4.6,4.62,22.0
703297,上櫃,0.0,0.0,0.0
703298,上櫃,0.0,0.0,0.0
703299,上櫃,1.73,1.45,79.0
703300,上櫃,5.3,5.5,3.0
703301,上櫃,0.0,0.0,0.0
703302,上櫃,3.15,3.81,67.0
703303,上櫃,0.0,0.0,0.0
703305,上櫃,0.0,0.0,0.0
703306,上櫃,6.9,7.95,4.0
703307,上櫃,3.49,3.0,41.0
703308,上櫃,3.0,2.96,35.0
703309,上櫃,0.52,0.5,137.0
703310,上櫃,0.39,0.35,947.0
703311,上櫃,24.6,24.8,9.0
703312,上櫃,4.37,4.46,20.0
703313,上櫃,0.0,0.0,0.0
703314,上櫃,0.0,0.0,0.0
703315,上櫃,0.0,0.0,0.0
703316,上櫃,0.0,0.0,0.0
703317,上櫃,0.0,0.0,0.0
703318,上櫃,0.0,0.0,0.0
703319,上櫃,0.0,0.0,0.0
703320,上櫃,0.43,0.41,318.0
703321,上櫃,1.09,1.09,11.0
703322,上櫃,0.0,0.0,0.0
703323,上櫃,5.6,6.3,31.0
703324,上櫃,0.0,0.0,0.0
703325,上櫃,6.5,6.5,1.0
703326,上櫃,1.2,1.22,49.0
703327,上櫃,1.2,1.2,76.0
703328,上櫃,0.88,0.88,42.0
703329,上櫃,1.97,2.06,205.0
703330,上櫃,0.0,0.0,0.0
703331,上櫃,4.12,4.12,7.0
703332,上櫃,0.79,0.86,62.0
703333,上櫃,0.0,0.0,0.0
703334,上櫃,1.32,1.19,81.0
703335,上櫃,0.0,0.0,0.0
703336,上櫃,1.19,1.28,385.0
703337,上櫃,0.0,0.0,0.0
703338,上櫃,0.26,0.22,2.0
703339,上櫃,3.31,3.75,27.0
703340,上櫃,0.0,0.0,0.0
703341,上櫃,0.83,0.83,1.0
703342,上櫃,0.0,0.0,0.0
703343,上櫃,3.8,3.69,25.0
703344,上櫃,0.0,0.0,0.0
703345,上櫃,8.9,8.45,6.0
703346,上櫃,4.5,4.6,27.0
703347,上櫃,0.0,0.0,0.0
703348,上櫃,0.0,0.0,0.0
703349,上櫃,0.0,0.0,0.0
703350,上櫃,0.0,0.0,0.0
703351,上櫃,4.53,4.31,639.0
703352,上櫃,0.0,0.0,0.0
703353,上櫃,2.99,3.16,14.0
703354,上櫃,0.0,0.0,0.0
703355,上櫃,0.0,0.0,0.0
703356,上櫃,1.34,1.34,10.0
703357,上櫃,0.0,0.0,0.0
703358,上櫃,0.0,0.0,0.0
703359,上櫃,0.0,0.0,0.0
703360,上櫃,0.0,0.0,0.0
703361,上櫃,32.2,32.2,1.0
703362,上櫃,17.0,17.0,1.0
703363,上櫃,2.13,1.98,20.0
703364,上櫃,0.0,0.0,0.0
703365,上櫃,0.0,0.0,0.0
703366,上櫃,4.86,4.45,40.0
703367,上櫃,3.64,3.64,10.0
703368,上櫃,6.4,6.75,44.0
703369,上櫃,0.0,0.0,0.0
703370,上櫃,2.58,2.5,11.0
703371,上櫃,2.25,2.1,36.0
703372,上櫃,3.45,3.39,102.0
703373,上櫃,1.42,1.4,13.0
703374,上櫃,1.82,1.82,15.0
703375,上櫃,0.0,0.0,0.0
703376,上櫃,0.0,0.0,0.0
703377,上櫃,0.0,0.0,0.0
703378,上櫃,4.17,4.17,3.0
703379,上櫃,0.0,0.0,0.0
703380,上櫃,0.0,0.0,0.0
703381,上櫃,0.0,0.0,0.0
703382,上櫃,0.0,0.0,0.0
703383,上櫃,7.35,7.35,1.0
703384,上櫃,0.0,0.0,0.0
703385,上櫃,0.0,0.0,0.0
703386,上櫃,1.05,1.08,113.0
703387,上櫃,0.52,0.57,816.0
703388,上櫃,6.9,6.9,11.0
703389,上櫃,0.63,0.64,281.0
703390,上櫃,0.0,0.0,0.0
703391,上櫃,0.0,0.0,0.0
703392,上櫃,0.0,0.0,0.0
703393,上櫃,0.0,0.0,0.0
703394,上櫃,0.0,0.0,0.0
703395,上櫃,0.0,0.0,0.0
703396,上櫃,3.38,3.7,40.0
703397,上櫃,0.78,0.78,5.0
703398,上櫃,0.66,0.67,767.0
703399,上櫃,1.65,1.64,790.0
703400,上櫃,4.88,4.8,33.0
703401,上櫃,0.66,0.72,10.0
703402,上櫃,0.0,0.0,0.0
703403,上櫃,0.0,0.0,0.0
703404,上櫃,0.0,0.0,0.0
703405,上櫃,2.14,2.16,13.0
703406,上櫃,0.92,0.92,5.0
703407,上櫃,0.88,0.84,103.0
703408,上櫃,0.0,0.0,0.0
703409,上櫃,0.0,0.0,0.0
703410,上櫃,0.87,0.87,9.0
703411,上櫃,0.0,0.0,0.0
703412,上櫃,0.0,0.0,0.0
703413,上櫃,0.0,0.0,0.0
703414,上櫃,0.56,0.54,401.0
703415,上櫃,0.68,0.66,212.0
703416,上櫃,0.85,0.77,192.0
703417,上櫃,0.79,1.14,100.0
703418,上櫃,1.05,1.01,1036.0
703419,上櫃,1.21,1.2,857.0
703420,上櫃,0.88,0.88,150.0
703421,上櫃,0.19,0.19,10.0
703422,上櫃,0.0,0.0,0.0
703423,上櫃,0.31,0.31,100.0
703424,上櫃,15.5,18.4,6.0
703425,上櫃,0.39,0.4,200.0
703426,上櫃,1.68,1.52,16.0
703427,上櫃,1.07,1.13,56.0
703428,上櫃,6.9,6.85,3.0
703429,上櫃,0.0,0.0,0.0
703430,上櫃,3.47,4.04,32.0
703431,上櫃,1.18,1.21,23.0
703432,上櫃,2.87,2.53,50.0
703433,上櫃,32.0,32.0,1.0
703434,上櫃,2.15,2.36,90.0
703435,上櫃,0.0,0.0,0.0
703436,上櫃,0.66,0.47,197.0
703437,上櫃,0.0,0.0,0.0
703438,上櫃,2.87,3.06,148.0
703439,上櫃,0.0,0.0,0.0
703440,上櫃,1.4,1.4,3.0
703441,上櫃,1.54,1.57,9.0
703442,上櫃,1.77,1.58,24.0
703443,上櫃,0.0,0.0,0.0
703444,上櫃,0.55,0.55,24.0
703445,上櫃,0.0,0.0,0.0
703446,上櫃,1.75,1.68,33.0
703447,上櫃,0.02,0.47,201.0
703448,上櫃,0.0,0.0,0.0
703449,上櫃,0.78,0.8,193.0
703450,上櫃,0.0,0.0,0.0
703451,上櫃,0.0,0.0,0.0
703452,上櫃,0.0,0.0,0.0
703453,上櫃,1.61,1.7,518.0
703454,上櫃,1.96,1.99,266.0
703455,上櫃,0.0,0.0,0.0
703456,上櫃,0.0,0.0,0.0
703457,上櫃,0.0,0.0,0.0
703458,上櫃,0.0,0.0,0.0
703459,上櫃,2.71,3.01,124.0
703460,上櫃,0.0,0.0,0.0
703461,上櫃,0.0,0.0,0.0
703462,上櫃,2.89,3.49,4.0
703463,上櫃,0.51,0.58,263.0
703464,上櫃,0.41,0.39,38.0
703465,上櫃,0.63,0.59,260.0
703466,上櫃,2.62,2.89,240.0
703467,上櫃,2.5,2.92,108.0
703468,上櫃,0.72,0.72,30.0
703469,上櫃,1.9,1.9,26.0
703470,上櫃,1.43,1.54,105.0
703471,上櫃,1.44,1.43,515.0
703472,上櫃,1.03,1.04,551.0
703473,上櫃,1.1,1.1,1544.0
703474,上櫃,0.0,0.0,0.0
703475,上櫃,0.76,0.84,108.0
703476,上櫃,0.42,0.42,74.0
703477,上櫃,0.37,0.37,93.0
703478,上櫃,0.82,0.87,170.0
703479,上櫃,4.43,4.39,10.0
703480,上櫃,4.58,4.2,32.0
703481,上櫃,0.0,0.0,0.0
703482,上櫃,5.3,5.3,3.0
703483,上櫃,0.0,0.0,0.0
703484,上櫃,0.38,0.38,1753.0
703485,上櫃,0.0,0.0,0.0
703486,上櫃,1.21,1.21,4.0
703487,上櫃,0.46,0.48,767.0
703488,上櫃,0.0,0.0,0.0
703489,上櫃,0.0,0.0,0.0
703490,上櫃,0.0,0.0,0.0
703491,上櫃,0.0,0.0,0.0
703492,上櫃,0.0,0.0,0.0
703493,上櫃,0.96,0.87,95.0
703494,上櫃,3.07,4.3,16.0
703495,上櫃,11.4,11.4,1.0
703496,上櫃,0.0,0.0,0.0
703497,上櫃,2.5,2.52,95.0
703498,上櫃,4.44,4.89,7.0
703499,上櫃,0.0,0.0,0.0
703500,上櫃,3.53,3.5,35.0
703501,上櫃,2.68,2.35,53.0
703502,上櫃,1.03,0.94,82.0
703503,上櫃,0.0,0.0,0.0
703504,上櫃,0.0,0.0,0.0
703505,上櫃,0.0,0.0,0.0
703506,上櫃,1.1,1.02,30.0
703507,上櫃,0.0,0.0,0.0
703508,上櫃,0.0,0.0,0.0
703509,上櫃,0.0,0.0,0.0
703510,上櫃,0.0,0.0,0.0
703511,上櫃,0.0,0.0,0.0
703512,上櫃,4.17,4.49,86.0
703513,上櫃,0.96,0.96,20.0
703514,上櫃,1.2,1.2,1.0
703515,上櫃,17.6,17.6,2.0
703516,上櫃,0.0,0.0,0.0
703517,上櫃,0.0,0.0,0.0
703518,上櫃,0.0,0.0,0.0
703519,上櫃,0.35,0.33,30.0
703520,上櫃,0.0,0.0,0.0
703521,上櫃,2.03,2.42,104.0
703522,上櫃,1.12,1.34,2034.0
703523,上櫃,0.45,0.45,1.0
703524,上櫃,0.0,0.0,0.0
703525,上櫃,0.0,0.0,0.0
703526,上櫃,1.2,1.22,89.0
703527,上櫃,1.38,1.24,230.0
703528,上櫃,0.64,0.62,216.0
703529,上櫃,0.3,0.31,256.0
703530,上櫃,0.0,0.0,0.0
703531,上櫃,2.14,2.34,71.0
703532,上櫃,2.0,2.21,113.0
703533,上櫃,0.0,0.0,0.0
703534,上櫃,2.3,2.36,518.0
703535,上櫃,2.35,2.42,61.0
703536,上櫃,1.08,0.92,524.0
703537,上櫃,1.58,1.28,568.0
703538,上櫃,16.7,18.2,60.0
703539,上櫃,0.88,1.0,100.0
703540,上櫃,0.0,0.0,0.0
703541,上櫃,0.66,0.61,725.0
703542,上櫃,0.17,0.16,13.0
703543,上櫃,1.47,1.49,136.0
703544,上櫃,0.26,0.26,525.0
703545,上櫃,0.39,0.34,552.0
703546,上櫃,1.55,1.62,94.0
703547,上櫃,2.08,2.19,263.0
703548,上櫃,1.44,1.63,192.0
703549,上櫃,0.0,0.0,0.0
703550,上櫃,0.0,0.0,0.0
703552,上櫃,0.0,0.0,0.0
703553,上櫃,0.24,0.23,30.0
703554,上櫃,0.0,0.0,0.0
703555,上櫃,0.0,0.0,0.0
703556,上櫃,0.25,0.35,31.0
703557,上櫃,0.0,0.0,0.0
703558,上櫃,0.21,0.21,20.0
703559,上櫃,0.0,0.0,0.0
703560,上櫃,0.0,0.0,0.0
703561,上櫃,1.88,1.82,242.0
703562,上櫃,0.0,0.0,0.0
703563,上櫃,0.0,0.0,0.0
703564,上櫃,0.0,0.0,0.0
703565,上櫃,0.0,0.0,0.0
703566,上櫃,0.0,0.0,0.0
703568,上櫃,0.0,0.0,0.0
703569,上櫃,0.28,0.29,33.0
703570,上櫃,0.0,0.0,0.0
703571,上櫃,2.44,2.88,96.0
703572,上櫃,2.5,3.15,42.0
703573,上櫃,0.0,0.0,0.0
703574,上櫃,2.9,2.43,28.0
703575,上櫃,1.98,1.98,1.0
703576,上櫃,2.45,2.55,7.0
703577,上櫃,1.07,1.03,21.0
703578,上櫃,0.0,0.0,0.0
703579,上櫃,0.0,0.0,0.0
703580,上櫃,0.0,0.0,0.0
703581,上櫃,2.3,2.44,148.0
703582,上櫃,1.68,1.63,20.0
703583,上櫃,1.01,1.0,393.0
703584,上櫃,0.0,0.0,0.0
703585,上櫃,0.57,0.57,1.0
703586,上櫃,3.37,3.0,289.0
703587,上櫃,0.0,0.0,0.0
703588,上櫃,4.46,4.68,176.0
703589,上櫃,2.15,1.29,11.0
703590,上櫃,0.0,0.0,0.0
703591,上櫃,0.88,0.88,60.0
703592,上櫃,0.19,0.19,50.0
703593,上櫃,0.86,0.83,8.0
703594,上櫃,1.5,1.74,88.0
703595,上櫃,0.07,0.13,32.0
703596,上櫃,0.0,0.0,0.0
703597,上櫃,0.25,0.23,191.0
703598,上櫃,0.0,0.0,0.0
703599,上櫃,0.82,0.8,303.0
703600,上櫃,0.56,0.56,1.0
703601,上櫃,0.28,0.28,16.0
703602,上櫃,0.41,0.47,20.0
703603,上櫃,2.33,2.48,143.0
703604,上櫃,2.36,2.43,954.0
703605,上櫃,1.13,1.45,837.0
703606,上櫃,0.0,0.0,0.0
703607,上櫃,0.52,0.52,3.0
703608,上櫃,0.54,0.54,1.0
703609,上櫃,0.0,0.0,0.0
703610,上櫃,0.16,0.16,1.0
703611,上櫃,2.48,2.95,7.0
703612,上櫃,1.39,1.23,21.0
703613,上櫃,0.68,0.67,4.0
703614,上櫃,0.0,0.0,0.0
703615,上櫃,2.95,3.02,5.0
703616,上櫃,0.79,0.75,26.0
703617,上櫃,0.0,0.0,0.0
703618,上櫃,0.67,0.62,187.0
703619,上櫃,0.7,0.68,229.0
703620,上櫃,0.0,0.0,0.0
703621,上櫃,0.4,0.39,269.0
703622,上櫃,2.98,3.13,77.0
703623,上櫃,0.0,0.0,0.0
703624,上櫃,0.0,0.0,0.0
703625,上櫃,20.6,20.6,5.0
703626,上櫃,0.7,0.65,21.0
703627,上櫃,3.53,3.53,1.0
703628,上櫃,0.0,0.0,0.0
703629,上櫃,0.92,0.84,181.0
703630,上櫃,1.34,1.45,316.0
703631,上櫃,0.0,0.0,0.0
703632,上櫃,11.7,11.7,12.0
703633,上櫃,0.0,0.0,0.0
703634,上櫃,0.84,0.89,120.0
703635,上櫃,4.11,4.23,45.0
703636,上櫃,0.0,0.0,0.0
703637,上櫃,2.48,2.48,2.0
703638,上櫃,15.4,15.5,50.0
703639,上櫃,0.7,0.7,1.0
703640,上櫃,0.0,0.0,0.0
703641,上櫃,0.0,0.0,0.0
703642,上櫃,0.7,0.63,195.0
703643,上櫃,1.31,1.31,2.0
703644,上櫃,0.24,0.21,80.0
703645,上櫃,0.12,0.1,1367.0
703646,上櫃,8.25,8.25,1.0
703647,上櫃,0.78,0.61,903.0
703648,上櫃,2.95,2.95,30.0
703649,上櫃,0.0,0.0,0.0
703650,上櫃,0.31,0.45,419.0
703651,上櫃,1.17,1.17,1.0
703652,上櫃,0.93,0.88,72.0
703653,上櫃,0.0,0.0,0.0
703654,上櫃,1.6,1.43,13.0
703655,上櫃,0.0,0.0,0.0
703656,上櫃,0.0,0.0,0.0
703657,上櫃,1.59,2.31,65.0
703658,上櫃,4.01,3.75,11.0
703659,上櫃,1.35,1.46,400.0
703660,上櫃,0.88,0.87,150.0
703661,上櫃,9.8,9.8,1.0
703662,上櫃,4.96,4.96,20.0
703663,上櫃,0.0,0.0,0.0
703664,上櫃,0.0,0.0,0.0
703665,上櫃,0.0,0.0,0.0
703666,上櫃,0.0,0.0,0.0
703667,上櫃,1.12,1.12,1.0
703668,上櫃,0.0,0.0,0.0
703669,上櫃,0.24,0.24,27.0
703670,上櫃,0.0,0.0,0.0
703671,上櫃,2.39,2.39,10.0
703672,上櫃,0.0,0.0,0.0
703673,上櫃,0.0,0.0,0.0
703674,上櫃,0.0,0.0,0.0
703675,上櫃,0.5,0.5,100.0
703676,上櫃,0.0,0.0,0.0
703677,上櫃,0.79,0.7,3380.0
703678,上櫃,6.75,5.85,9.0
703679,上櫃,0.0,0.0,0.0
703681,上櫃,0.81,0.8,167.0
703682,上櫃,0.0,0.0,0.0
703683,上櫃,0.0,0.0,0.0
703684,上櫃,0.82,0.9,357.0
703685,上櫃,0.0,0.0,0.0
703686,上櫃,19.3,17.8,4.0
703687,上櫃,0.0,0.0,0.0
703688,上櫃,0.77,0.77,13.0
703689,上櫃,0.76,0.72,29.0
703690,上櫃,1.33,1.33,24.0
703691,上櫃,3.2,3.1,232.0
703692,上櫃,0.0,0.0,0.0
703693,上櫃,0.0,0.0,0.0
703694,上櫃,0.0,0.0,0.0
703695,上櫃,0.0,0.0,0.0
703696,上櫃,0.0,0.0,0.0
703697,上櫃,0.0,0.0,0.0
703698,上櫃,0.0,0.0,0.0
703699,上櫃,0.95,0.95,5.0
703700,上櫃,0.0,0.0,0.0
703701,上櫃,0.95,0.85,622.0
703702,上櫃,0.0,0.0,0.0
703703,上櫃,0.7,0.78,346.0
703704,上櫃,0.0,0.0,0.0
703705,上櫃,1.79,1.77,43.0
703707,上櫃,1.08,1.08,5.0
703708,上櫃,10.4,10.4,15.0
703709,上櫃,0.0,0.0,0.0
703710,上櫃,0.0,0.0,0.0
703711,上櫃,9.45,9.95,7.0
703712,上櫃,1.59,1.5,100.0
703713,上櫃,0.0,0.0,0.0
703714,上櫃,1.53,1.66,314.0
703716,上櫃,0.0,0.0,0.0
703717,上櫃,1.99,1.62,663.0
703718,上櫃,0.0,0.0,0.0
703719,上櫃,0.0,0.0,0.0
703720,上櫃,0.0,0.0,0.0
703721,上櫃,0.2,0.2,10.0
703722,上櫃,0.0,0.0,0.0
703723,上櫃,0.0,0.0,0.0
703724,上櫃,0.0,0.0,0.0
703725,上櫃,0.0,0.0,0.0
703726,上櫃,1.43,1.69,87.0
703727,上櫃,0.8,0.71,300.0
703728,上櫃,1.68,1.68,5.0
703729,上櫃,0.8,0.85,810.0
703730,上櫃,0.0,0.0,0.0
703731,上櫃,0.51,0.47,638.0
703732,上櫃,0.58,0.51,588.0
703733,上櫃,0.65,0.6,493.0
703734,上櫃,1.29,1.34,9.0
703735,上櫃,0.0,0.0,0.0
703736,上櫃,0.0,0.0,0.0
703737,上櫃,0.0,0.0,0.0
703738,上櫃,0.0,0.0,0.0
703739,上櫃,0.0,0.0,0.0
703740,上櫃,0.77,0.77,20.0
703741,上櫃,0.0,0.0,0.0
703742,上櫃,0.0,0.0,0.0
703743,上櫃,0.0,0.0,0.0
703744,上櫃,1.61,1.55,286.0
703745,上櫃,0.61,0.61,20.0
703746,上櫃,1.43,1.43,1.0
703747,上櫃,0.0,0.0,0.0
703748,上櫃,0.28,0.31,28.0
703749,上櫃,0.0,0.0,0.0
703750,上櫃,0.65,0.56,66.0
703751,上櫃,20.3,20.3,1.0
703752,上櫃,1.53,1.34,27.0
703753,上櫃,0.3,0.27,73.0
703754,上櫃,1.57,1.57,10.0
703755,上櫃,1.31,1.31,1.0
703756,上櫃,0.22,0.21,70.0
703757,上櫃,0.0,0.0,0.0
703758,上櫃,0.0,0.0,0.0
703759,上櫃,1.9,1.91,92.0
703760,上櫃,1.92,1.76,600.0
703761,上櫃,0.0,0.0,0.0
703762,上櫃,0.82,0.79,264.0
703763,上櫃,0.96,0.96,2.0
703764,上櫃,0.0,0.0,0.0
703765,上櫃,0.0,0.0,0.0
703766,上櫃,8.35,8.35,1.0
703767,上櫃,1.6,1.49,23.0
703768,上櫃,0.0,0.0,0.0
703769,上櫃,1.23,1.23,85.0
703770,上櫃,2.18,2.32,124.0
703771,上櫃,1.64,1.64,5.0
703772,上櫃,0.0,0.0,0.0
703773,上櫃,2.22,2.11,229.0
703774,上櫃,1.73,1.85,133.0
703775,上櫃,0.0,0.0,0.0
703776,上櫃,0.0,0.0,0.0
703777,上櫃,0.0,0.0,0.0
703778,上櫃,0.51,0.48,519.0
703779,上櫃,0.0,0.0,0.0
703780,上櫃,0.54,0.53,216.0
703781,上櫃,0.0,0.0,0.0
703782,上櫃,0.6,0.55,82.0
703783,上櫃,3.76,3.76,10.0
703784,上櫃,1.2,1.18,201.0
703785,上櫃,0.0,0.0,0.0
703786,上櫃,3.03,3.03,5.0
703787,上櫃,0.0,0.0,0.0
703788,上櫃,0.0,0.0,0.0
703789,上櫃,1.63,1.54,117.0
703790,上櫃,0.72,0.71,71.0
703791,上櫃,0.0,0.0,0.0
703792,上櫃,0.0,0.0,0.0
703793,上櫃,0.0,0.0,0.0
703794,上櫃,14.4,14.4,1.0
703795,上櫃,1.05,1.07,26.0
703796,上櫃,0.0,0.0,0.0
703797,上櫃,0.0,0.0,0.0
703798,上櫃,0.0,0.0,0.0
703799,上櫃,3.14,3.14,150.0
703800,上櫃,0.0,0.0,0.0
703801,上櫃,0.0,0.0,0.0
703802,上櫃,11.4,11.4,10.0
703803,上櫃,0.0,0.0,0.0
703804,上櫃,0.41,0.41,7.0
703805,上櫃,0.0,0.0,0.0
703806,上櫃,1.25,1.29,93.0
703807,上櫃,2.03,1.9,110.0
703808,上櫃,0.07,0.07,8.0
703809,上櫃,0.0,0.0,0.0
703810,上櫃,0.0,0.0,0.0
703811,上櫃,0.0,0.0,0.0
703812,上櫃,2.59,2.54,102.0
703813,上櫃,0.79,0.86,196.0
703814,上櫃,1.94,2.01,48.0
703815,上櫃,0.39,0.39,10.0
703816,上櫃,0.39,0.39,10.0
703817,上櫃,0.0,0.0,0.0
703818,上櫃,0.0,0.0,0.0
703819,上櫃,0.0,0.0,0.0
703820,上櫃,3.41,3.64,24.0
703821,上櫃,0.0,0.0,0.0
703822,上櫃,0.95,0.96,647.0
703823,上櫃,4.58,4.52,6.0
703824,上櫃,0.0,0.0,0.0
703825,上櫃,3.22,3.05,115.0
703826,上櫃,3.36,3.67,34.0
703827,上櫃,0.0,0.0,0.0
703828,上櫃,0.0,0.0,0.0
703829,上櫃,0.0,0.0,0.0
703831,上櫃,0.0,0.0,0.0
703832,上櫃,0.0,0.0,0.0
703833,上櫃,0.0,0.0,0.0
703834,上櫃,0.0,0.0,0.0
703835,上櫃,0.0,0.0,0.0
703836,上櫃,0.75,0.77,412.0
703837,上櫃,0.41,0.39,6524.0
703838,上櫃,3.02,3.03,170.0
703839,上櫃,2.16,2.29,170.0
703840,上櫃,0.11,0.11,80.0
703841,上櫃,0.0,0.0,0.0
703842,上櫃,3.55,3.68,89.0
703843,上櫃,2.35,2.28,20.0
703844,上櫃,0.0,0.0,0.0
703845,上櫃,0.99,0.75,35.0
703846,上櫃,1.03,1.1,98.0
703847,上櫃,1.29,1.29,31.0
703848,上櫃,0.0,0.0,0.0
703849,上櫃,0.82,0.82,10.0
703850,上櫃,0.0,0.0,0.0
703851,上櫃,0.0,0.0,0.0
703853,上櫃,2.11,2.25,308.0
703854,上櫃,0.0,0.0,0.0
703855,上櫃,1.03,1.03,72.0
703856,上櫃,0.57,0.61,301.0
703857,上櫃,0.0,0.0,0.0
703858,上櫃,0.28,0.28,20.0
703859,上櫃,0.0,0.0,0.0
703860,上櫃,0.57,0.58,1675.0
703861,上櫃,0.6,0.61,215.0
703862,上櫃,1.92,1.45,23.0
703863,上櫃,2.52,2.31,53.0
703864,上櫃,0.0,0.0,0.0
703865,上櫃,0.55,0.55,100.0
703866,上櫃,0.92,0.87,425.0
703867,上櫃,0.0,0.0,0.0
703868,上櫃,0.0,0.0,0.0
703869,上櫃,0.54,0.53,130.0
703870,上櫃,0.23,0.24,20.0
703871,上櫃,0.0,0.0,0.0
703872,上櫃,0.0,0.0,0.0
703873,上櫃,1.29,1.38,958.0
703874,上櫃,1.04,0.98,343.0
703875,上櫃,1.0,1.0,15.0
703876,上櫃,1.01,0.97,483.0
703877,上櫃,0.78,0.76,138.0
703878,上櫃,0.71,0.7,25.0
703879,上櫃,0.77,0.77,225.0
703880,上櫃,0.0,0.0,0.0
703881,上櫃,0.0,0.0,0.0
703882,上櫃,2.39,2.23,150.0
703883,上櫃,0.0,0.0,0.0
703884,上櫃,2.01,2.16,354.0
703885,上櫃,1.67,1.61,104.0
703886,上櫃,0.0,0.0,0.0
703887,上櫃,0.0,0.0,0.0
703888,上櫃,0.77,0.75,65.0
703889,上櫃,1.6,1.6,114.0
703890,上櫃,1.25,1.04,122.0
703891,上櫃,1.12,0.95,493.0
703892,上櫃,1.55,1.45,26.0
703893,上櫃,0.49,0.5,95.0
703894,上櫃,2.27,2.18,120.0
703895,上櫃,0.0,0.0,0.0
703896,上櫃,0.0,0.0,0.0
703897,上櫃,0.0,0.0,0.0
703898,上櫃,0.0,0.0,0.0
703899,上櫃,0.0,0.0,0.0
703900,上櫃,0.0,0.0,0.0
703901,上櫃,0.66,0.66,5.0
703902,上櫃,1.29,1.25,103.0
703903,上櫃,0.0,0.0,0.0
703904,上櫃,0.68,0.74,292.0
703905,上櫃,2.0,2.0,15.0
703906,上櫃,1.75,1.84,225.0
703907,上櫃,0.0,0.0,0.0
703908,上櫃,0.0,0.0,0.0
703909,上櫃,0.88,1.04,69.0
703910,上櫃,0.0,0.0,0.0
703911,上櫃,0.0,0.0,0.0
703912,上櫃,1.61,1.61,3.0
703913,上櫃,0.0,0.0,0.0
703914,上櫃,1.97,2.11,683.0
703917,上櫃,0.0,0.0,0.0
703918,上櫃,0.0,0.0,0.0
703919,上櫃,0.0,0.0,0.0
703920,上櫃,0.0,0.0,0.0
703921,上櫃,0.28,0.28,5.0
703922,上櫃,0.25,0.25,44.0
703923,上櫃,0.0,0.0,0.0
703924,上櫃,0.0,0.0,0.0
703925,上櫃,2.85,2.79,24.0
703926,上櫃,0.35,0.37,350.0
703927,上櫃,0.0,0.0,0.0
703928,上櫃,0.0,0.0,0.0
703929,上櫃,0.0,0.0,0.0
703930,上櫃,0.7,0.59,274.0
703931,上櫃,0.0,0.0,0.0
703932,上櫃,0.0,0.0,0.0
703933,上櫃,0.0,0.0,0.0
703934,上櫃,1.32,1.25,131.0
703935,上櫃,2.16,2.23,49.0
703937,上櫃,0.32,0.47,1163.0
703938,上櫃,0.0,0.0,0.0
703939,上櫃,0.6,0.6,10.0
703940,上櫃,0.51,0.48,1048.0
703941,上櫃,0.0,0.0,0.0
703942,上櫃,1.85,1.86,148.0
703943,上櫃,0.0,0.0,0.0
703944,上櫃,0.0,0.0,0.0
703945,上櫃,1.72,1.66,71.0
703946,上櫃,2.2,2.73,46.0
703947,上櫃,3.03,2.69,3.0
703948,上櫃,0.0,0.0,0.0
703949,上櫃,0.0,0.0,0.0
703950,上櫃,0.0,0.0,0.0
703951,上櫃,15.5,13.2,16.0
703952,上櫃,0.0,0.0,0.0
703953,上櫃,1.43,1.44,283.0
703954,上櫃,1.7,1.76,90.0
703955,上櫃,0.92,0.95,65.0
703956,上櫃,0.0,0.0,0.0
703957,上櫃,4.35,4.35,19.0
703958,上櫃,0.0,0.0,0.0
703959,上櫃,0.0,0.0,0.0
703960,上櫃,1.69,1.69,43.0
703961,上櫃,0.73,0.69,172.0
703962,上櫃,0.54,0.54,1308.0
703963,上櫃,4.9,4.8,25.0
703964,上櫃,0.0,0.0,0.0
703965,上櫃,0.68,0.7,131.0
703966,上櫃,0.69,0.69,42.0
703967,上櫃,0.51,0.51,20.0
703968,上櫃,0.98,0.95,332.0
703969,上櫃,2.39,2.39,5.0
703970,上櫃,2.74,2.75,20.0
703971,上櫃,0.36,0.36,1.0
703972,上櫃,0.63,0.63,33.0
703973,上櫃,4.42,4.34,46.0
703974,上櫃,0.55,0.53,192.0
703975,上櫃,0.0,0.0,0.0
703976,上櫃,0.78,0.84,833.0
703977,上櫃,0.0,0.0,0.0
703978,上櫃,0.0,0.0,0.0
703979,上櫃,0.86,0.84,555.0
703980,上櫃,0.75,0.76,469.0
703981,上櫃,5.45,5.8,73.0
703982,上櫃,1.07,1.04,210.0
703983,上櫃,0.56,0.56,155.0
703984,上櫃,0.0,0.0,0.0
703985,上櫃,0.0,0.0,0.0
703986,上櫃,7.85,7.85,3.0
703987,上櫃,1.71,1.71,20.0
703988,上櫃,0.0,0.0,0.0
703989,上櫃,0.0,0.0,0.0
703990,上櫃,0.0,0.0,0.0
703991,上櫃,0.0,0.0,0.0
703992,上櫃,3.2,3.2,73.0
703993,上櫃,3.69,3.75,81.0
703994,上櫃,0.0,0.0,0.0
703995,上櫃,19.2,19.2,1.0
703996,上櫃,0.0,0.0,0.0
703997,上櫃,0.0,0.0,0.0
703998,上櫃,0.0,0.0,0.0
703999,上櫃,1.48,1.43,1083.0
704000,上櫃,0.0,0.0,0.0
704001,上櫃,0.89,0.89,2.0
704002,上櫃,0.0,0.0,0.0
704003,上櫃,0.77,0.74,91.0
704004,上櫃,0.0,0.0,0.0
704005,上櫃,0.0,0.0,0.0
704006,上櫃,0.0,0.0,0.0
704007,上櫃,0.0,0.0,0.0
704009,上櫃,10.9,10.9,5.0
704010,上櫃,0.0,0.0,0.0
704011,上櫃,0.28,0.27,65.0
704012,上櫃,0.0,0.0,0.0
704013,上櫃,0.48,0.47,620.0
704014,上櫃,0.75,0.68,527.0
704015,上櫃,1.48,1.62,264.0
704016,上櫃,1.3,1.3,20.0
704017,上櫃,1.34,1.34,322.0
704018,上櫃,0.4,0.42,112.0
704019,上櫃,3.23,3.23,10.0
704020,上櫃,0.84,0.79,412.0
704021,上櫃,0.83,0.91,821.0
704022,上櫃,0.52,0.5,45.0
704023,上櫃,0.0,0.0,0.0
704024,上櫃,1.0,1.0,10.0
704025,上櫃,0.0,0.0,0.0
704026,上櫃,0.43,0.43,1.0
704027,上櫃,2.89,2.89,10.0
704028,上櫃,0.0,0.0,0.0
704029,上櫃,2.4,2.35,11.0
704030,上櫃,0.0,0.0,0.0
704031,上櫃,0.0,0.0,0.0
704032,上櫃,0.0,0.0,0.0
704033,上櫃,0.0,0.0,0.0
704034,上櫃,0.86,0.94,278.0
704035,上櫃,0.77,0.68,782.0
704036,上櫃,0.85,0.74,1048.0
704037,上櫃,0.19,0.18,20.0
704038,上櫃,0.67,0.9,19.0
704039,上櫃,1.06,1.06,17.0
704040,上櫃,0.48,0.54,874.0
704041,上櫃,0.75,0.82,594.0
704042,上櫃,0.0,0.0,0.0
704043,上櫃,0.0,0.0,0.0
704044,上櫃,0.3,0.33,189.0
704045,上櫃,0.61,0.53,22.0
704046,上櫃,2.36,2.2,952.0
704047,上櫃,2.56,2.6,11.0
704048,上櫃,0.0,0.0,0.0
704049,上櫃,0.0,0.0,0.0
704050,上櫃,9.0,11.3,2.0
704051,上櫃,4.9,5.2,193.0
704052,上櫃,0.0,0.0,0.0
704053,上櫃,0.98,1.0,15.0
704054,上櫃,0.74,1.04,460.0
704055,上櫃,3.44,3.29,427.0
704056,上櫃,3.99,4.65,82.0
704057,上櫃,0.0,0.0,0.0
704058,上櫃,0.0,0.0,0.0
704059,上櫃,0.0,0.0,0.0
704060,上櫃,0.95,0.94,81.0
704061,上櫃,0.38,0.37,199.0
704062,上櫃,0.0,0.0,0.0
704063,上櫃,0.0,0.0,0.0
704064,上櫃,2.83,2.83,1.0
704065,上櫃,1.24,1.31,150.0
704066,上櫃,0.0,0.0,0.0
704067,上櫃,2.07,1.99,111.0
704068,上櫃,0.0,0.0,0.0
704069,上櫃,3.18,3.38,30.0
704070,上櫃,2.08,2.08,36.0
704071,上櫃,1.24,1.29,75.0
704072,上櫃,0.39,0.57,310.0
704073,上櫃,0.0,0.0,0.0
704074,上櫃,0.24,0.23,275.0
704075,上櫃,1.42,1.38,45.0
704076,上櫃,0.0,0.0,0.0
704077,上櫃,16.5,16.5,1.0
704078,上櫃,0.87,0.87,10.0
704079,上櫃,0.0,0.0,0.0
704080,上櫃,0.0,0.0,0.0
704081,上櫃,0.54,0.49,1189.0
704082,上櫃,1.21,1.47,1234.0
704083,上櫃,0.42,0.59,2570.0
704084,上櫃,6.75,7.5,4.0
704085,上櫃,0.45,0.46,465.0
704086,上櫃,0.53,0.53,1.0
704087,上櫃,0.37,0.35,11.0
704088,上櫃,0.0,0.0,0.0
704089,上櫃,0.0,0.0,0.0
704090,上櫃,0.63,0.63,35.0
704091,上櫃,0.0,0.0,0.0
704092,上櫃,0.34,0.34,60.0
704093,上櫃,0.0,0.0,0.0
704094,上櫃,0.0,0.0,0.0
704095,上櫃,1.04,1.05,279.0
704096,上櫃,0.61,0.61,24.0
704097,上櫃,0.0,0.0,0.0
704098,上櫃,0.0,0.0,0.0
704099,上櫃,0.0,0.0,0.0
704100,上櫃,0.0,0.0,0.0
704101,上櫃,0.0,0.0,0.0
704102,上櫃,0.68,0.71,117.0
704103,上櫃,2.46,2.46,32.0
704104,上櫃,0.73,0.68,1789.0
704105,上櫃,0.64,0.6,559.0
704106,上櫃,0.56,0.55,56.0
704107,上櫃,0.43,0.43,96.0
704108,上櫃,0.7,0.75,170.0
704109,上櫃,2.63,2.43,355.0
704110,上櫃,1.01,1.01,7.0
704111,上櫃,1.07,1.01,65.0
704112,上櫃,0.77,0.73,90.0
704113,上櫃,0.0,0.0,0.0
704114,上櫃,0.0,0.0,0.0
704115,上櫃,0.0,0.0,0.0
704116,上櫃,1.69,1.69,499.0
704117,上櫃,0.91,0.87,25.0
704118,上櫃,2.63,2.37,472.0
704119,上櫃,0.0,0.0,0.0
704120,上櫃,0.42,0.53,251.0
704121,上櫃,0.0,0.0,0.0
704122,上櫃,1.12,1.07,586.0
704123,上櫃,0.8,0.8,19.0
704124,上櫃,2.42,2.4,8.0
704125,上櫃,0.77,0.77,290.0
704126,上櫃,0.0,0.0,0.0
704127,上櫃,0.45,0.45,10.0
704128,上櫃,0.0,0.0,0.0
704129,上櫃,0.0,0.0,0.0
704130,上櫃,1.84,1.83,43.0
704131,上櫃,0.0,0.0,0.0
704132,上櫃,0.43,0.5,250.0
704133,上櫃,0.43,0.43,10.0
704134,上櫃,1.43,1.4,56.0
704135,上櫃,0.63,0.62,1158.0
704136,上櫃,0.97,1.05,81.0
704137,上櫃,0.0,0.0,0.0
704138,上櫃,0.5,0.5,5.0
704139,上櫃,0.68,0.9,98.0
704140,上櫃,1.07,1.25,345.0
704141,上櫃,0.0,0.0,0.0
704142,上櫃,0.0,0.0,0.0
704143,上櫃,0.3,0.45,578.0
704144,上櫃,0.0,0.0,0.0
704145,上櫃,0.0,0.0,0.0
704146,上櫃,0.0,0.0,0.0
704147,上櫃,0.0,0.0,0.0
704148,上櫃,1.07,1.0,463.0
704149,上櫃,0.62,0.53,44.0
704151,上櫃,0.0,0.0,0.0
704152,上櫃,0.0,0.0,0.0
704153,上櫃,1.66,1.66,20.0
704154,上櫃,0.0,0.0,0.0
704155,上櫃,0.4,0.35,25.0
704156,上櫃,1.99,1.99,3.0
704157,上櫃,0.58,0.68,52.0
704159,上櫃,0.0,0.0,0.0
704160,上櫃,0.0,0.0,0.0
704161,上櫃,0.0,0.0,0.0
704162,上櫃,0.0,0.0,0.0
704163,上櫃,4.31,3.96,19.0
704164,上櫃,0.88,0.77,205.0
704165,上櫃,1.04,1.0,150.0
704166,上櫃,1.41,1.41,5.0
704167,上櫃,0.86,0.83,166.0
704168,上櫃,1.08,1.81,436.0
704169,上櫃,0.0,0.0,0.0
704170,上櫃,0.0,0.0,0.0
704171,上櫃,1.62,1.62,3.0
704172,上櫃,0.38,0.38,50.0
704173,上櫃,3.82,3.21,15.0
704174,上櫃,0.0,0.0,0.0
704175,上櫃,9.6,9.95,5.0
704176,上櫃,0.0,0.0,0.0
704177,上櫃,1.51,1.68,170.0
704178,上櫃,0.7,0.92,470.0
704179,上櫃,0.46,0.41,2831.0
704180,上櫃,0.68,0.66,527.0
704181,上櫃,0.0,0.0,0.0
704182,上櫃,0.69,0.69,14.0
704183,上櫃,0.0,0.0,0.0
704184,上櫃,0.6,0.55,120.0
704185,上櫃,1.8,1.85,430.0
704186,上櫃,0.0,0.0,0.0
704187,上櫃,3.22,3.43,43.0
704188,上櫃,0.0,0.0,0.0
704189,上櫃,0.0,0.0,0.0
704190,上櫃,1.71,1.49,95.0
704191,上櫃,1.11,1.07,32.0
704192,上櫃,1.52,1.52,50.0
704193,上櫃,0.67,0.66,352.0
704194,上櫃,0.47,0.47,20.0
704195,上櫃,0.0,0.0,0.0
704196,上櫃,1.55,1.58,36.0
704197,上櫃,0.0,0.0,0.0
704198,上櫃,1.37,1.27,46.0
704199,上櫃,0.31,0.49,557.0
704200,上櫃,0.0,0.0,0.0
704201,上櫃,0.27,0.27,674.0
704202,上櫃,1.23,1.23,102.0
704203,上櫃,0.66,0.68,317.0
704204,上櫃,0.0,0.0,0.0
704205,上櫃,0.29,0.29,63.0
704206,上櫃,0.0,0.0,0.0
704207,上櫃,0.55,0.55,12.0
704208,上櫃,2.47,2.53,44.0
704209,上櫃,2.29,2.35,26.0
704210,上櫃,1.77,1.61,68.0
704211,上櫃,1.88,1.67,2354.0
704212,上櫃,2.2,2.2,1.0
704213,上櫃,2.34,2.34,10.0
704214,上櫃,2.79,2.71,70.0
704215,上櫃,0.0,0.0,0.0
704216,上櫃,0.0,0.0,0.0
704217,上櫃,0.0,0.0,0.0
704218,上櫃,0.58,0.58,98.0
704219,上櫃,0.44,0.46,34.0
704220,上櫃,0.0,0.0,0.0
704221,上櫃,0.63,0.63,25.0
704222,上櫃,0.66,0.67,17.0
704223,上櫃,0.68,0.63,247.0
704224,上櫃,0.63,0.63,24.0
704225,上櫃,0.0,0.0,0.0
704227,上櫃,0.0,0.0,0.0
704228,上櫃,2.25,2.04,6.0
704229,上櫃,1.96,2.04,176.0
704230,上櫃,0.0,0.0,0.0
704231,上櫃,1.17,1.17,100.0
704232,上櫃,0.0,0.0,0.0
704233,上櫃,0.71,0.71,103.0
704234,上櫃,0.51,0.51,5.0
704235,上櫃,0.73,0.74,348.0
704236,上櫃,0.0,0.0,0.0
704237,上櫃,0.0,0.0,0.0
704238,上櫃,0.64,0.65,636.0
704239,上櫃,0.97,0.84,501.0
704240,上櫃,0.0,0.0,0.0
704241,上櫃,0.0,0.0,0.0
704242,上櫃,1.83,1.74,357.0
704243,上櫃,1.93,1.97,129.0
704244,上櫃,1.45,1.45,6.0
704245,上櫃,0.72,0.81,1719.0
704246,上櫃,0.48,0.45,708.0
704247,上櫃,0.48,0.45,473.0
704248,上櫃,0.0,0.0,0.0
704249,上櫃,0.0,0.0,0.0
704250,上櫃,0.23,0.23,33.0
704251,上櫃,0.58,0.63,199.0
704252,上櫃,0.0,0.0,0.0
704253,上櫃,0.82,0.78,49.0
704254,上櫃,0.0,0.0,0.0
704255,上櫃,0.61,0.62,97.0
704256,上櫃,1.41,1.34,54.0
704257,上櫃,1.78,1.77,600.0
704258,上櫃,2.2,2.3,55.0
704259,上櫃,1.01,0.98,86.0
704260,上櫃,1.41,1.44,110.0
704261,上櫃,0.0,0.0,0.0
704262,上櫃,5.8,5.45,63.0
704263,上櫃,0.0,0.0,0.0
704264,上櫃,0.0,0.0,0.0
704265,上櫃,0.0,0.0,0.0
704266,上櫃,0.63,0.56,187.0
704267,上櫃,0.0,0.0,0.0
704268,上櫃,0.0,0.0,0.0
704269,上櫃,1.05,1.05,1.0
704270,上櫃,2.33,2.33,10.0
704271,上櫃,3.91,4.02,159.0
704272,上櫃,3.63,3.7,355.0
704273,上櫃,1.04,0.93,1079.0
704274,上櫃,0.47,0.47,499.0
704275,上櫃,0.0,0.0,0.0
704276,上櫃,0.82,0.81,109.0
704277,上櫃,0.81,0.77,15.0
704278,上櫃,10.0,11.4,50.0
704279,上櫃,0.41,0.41,3.0
704280,上櫃,0.52,0.52,8.0
704281,上櫃,0.73,0.69,1098.0
704282,上櫃,1.94,1.91,85.0
704283,上櫃,1.08,1.08,10.0
704284,上櫃,0.53,0.53,20.0
704285,上櫃,0.56,0.56,32.0
704286,上櫃,0.0,0.0,0.0
704287,上櫃,0.59,0.57,1979.0
704288,上櫃,0.87,0.87,1438.0
704289,上櫃,0.87,0.87,80.0
704290,上櫃,0.65,0.66,2001.0
704291,上櫃,0.69,0.72,59.0
704292,上櫃,0.71,0.68,322.0
704293,上櫃,0.69,0.69,1121.0
704294,上櫃,0.7,0.72,817.0
704295,上櫃,0.64,0.61,3686.0
704296,上櫃,0.0,0.0,0.0
704297,上櫃,0.75,0.77,39.0
704298,上櫃,0.0,0.0,0.0
704299,上櫃,0.0,0.0,0.0
704300,上櫃,0.0,0.0,0.0
704301,上櫃,0.0,0.0,0.0
704304,上櫃,3.68,4.96,15.0
704305,上櫃,0.46,0.4,15.0
704307,上櫃,0.0,0.0,0.0
704308,上櫃,0.71,0.7,478.0
704309,上櫃,0.0,0.0,0.0
704310,上櫃,0.0,0.0,0.0
704311,上櫃,0.0,0.0,0.0
704312,上櫃,0.0,0.0,0.0
704313,上櫃,0.0,0.0,0.0
704314,上櫃,0.0,0.0,0.0
704315,上櫃,0.39,0.37,799.0
704316,上櫃,3.12,3.02,32.0
704317,上櫃,0.0,0.0,0.0
704318,上櫃,0.37,0.37,124.0
704319,上櫃,0.4,0.37,261.0
704320,上櫃,1.7,1.68,132.0
704321,上櫃,1.54,1.56,20.0
704322,上櫃,2.17,2.22,311.0
704323,上櫃,0.0,0.0,0.0
704324,上櫃,3.98,4.12,306.0
704325,上櫃,1.79,1.85,829.0
704326,上櫃,0.0,0.0,0.0
704327,上櫃,0.0,0.0,0.0
704328,上櫃,0.88,0.9,159.0
704329,上櫃,3.2,3.09,15.0
704330,上櫃,0.0,0.0,0.0
704331,上櫃,0.0,0.0,0.0
704332,上櫃,0.33,0.32,76.0
704333,上櫃,0.0,0.0,0.0
704334,上櫃,1.24,1.14,638.0
704335,上櫃,0.91,0.83,12.0
704336,上櫃,0.0,0.0,0.0
704337,上櫃,0.0,0.0,0.0
704338,上櫃,0.0,0.0,0.0
704339,上櫃,3.09,3.12,96.0
704340,上櫃,0.0,0.0,0.0
704341,上櫃,0.0,0.0,0.0
704342,上櫃,0.0,0.0,0.0
704343,上櫃,0.0,0.0,0.0
704344,上櫃,0.0,0.0,0.0
704345,上櫃,0.69,0.75,283.0
704346,上櫃,0.0,0.0,0.0
704347,上櫃,0.41,0.43,592.0
704348,上櫃,0.49,0.48,80.0
704349,上櫃,1.19,1.19,5.0
704350,上櫃,0.0,0.0,0.0
704351,上櫃,0.94,0.96,980.0
704352,上櫃,1.05,1.09,146.0
704353,上櫃,1.87,1.92,466.0
704354,上櫃,0.0,0.0,0.0
704355,上櫃,0.0,0.0,0.0
704356,上櫃,0.0,0.0,0.0
704357,上櫃,9.2,9.2,10.0
704358,上櫃,12.6,13.4,8.0
704359,上櫃,3.6,3.28,347.0
704360,上櫃,0.0,0.0,0.0
704361,上櫃,0.69,0.69,10.0
704362,上櫃,0.92,1.04,257.0
704363,上櫃,0.0,0.0,0.0
704364,上櫃,0.0,0.0,0.0
704365,上櫃,3.1,3.2,281.0
704366,上櫃,0.89,0.84,242.0
704367,上櫃,0.0,0.0,0.0
704368,上櫃,0.35,0.35,20.0
704369,上櫃,0.29,0.29,10.0
704370,上櫃,0.0,0.0,0.0
704371,上櫃,0.0,0.0,0.0
704372,上櫃,0.0,0.0,0.0
704373,上櫃,2.29,2.24,50.0
704374,上櫃,1.7,1.7,10.0
704375,上櫃,0.66,0.67,204.0
704376,上櫃,0.0,0.0,0.0
704377,上櫃,1.73,1.82,302.0
704378,上櫃,0.0,0.0,0.0
704379,上櫃,0.0,0.0,0.0
704380,上櫃,6.45,5.9,64.0
704381,上櫃,1.99,1.95,56.0
704382,上櫃,3.24,3.44,379.0
704383,上櫃,0.0,0.0,0.0
704384,上櫃,0.0,0.0,0.0
704385,上櫃,1.62,1.61,148.0
704386,上櫃,1.0,1.0,5.0
704387,上櫃,2.19,2.04,25.0
704388,上櫃,0.0,0.0,0.0
704389,上櫃,0.0,0.0,0.0
704390,上櫃,0.0,0.0,0.0
704391,上櫃,0.6,0.6,5.0
704392,上櫃,0.87,0.85,235.0
704393,上櫃,0.68,0.59,860.0
704394,上櫃,0.46,0.38,2927.0
704395,上櫃,0.41,0.39,48.0
704396,上櫃,2.32,2.32,2.0
704397,上櫃,1.32,1.44,2562.0
704398,上櫃,0.22,0.22,10.0
704399,上櫃,0.63,0.6,113.0
704400,上櫃,1.98,1.8,48.0
704401,上櫃,0.47,0.53,1823.0
704402,上櫃,0.0,0.0,0.0
704403,上櫃,0.0,0.0,0.0
704404,上櫃,1.65,1.42,546.0
704405,上櫃,0.0,0.0,0.0
704406,上櫃,0.46,0.47,51.0
704407,上櫃,0.0,0.0,0.0
704408,上櫃,0.0,0.0,0.0
704409,上櫃,2.23,1.78,362.0
704410,上櫃,0.0,0.0,0.0
704411,上櫃,0.0,0.0,0.0
704412,上櫃,0.0,0.0,0.0
704413,上櫃,0.0,0.0,0.0
704414,上櫃,0.0,0.0,0.0
704415,上櫃,0.93,0.87,27.0
704416,上櫃,0.0,0.0,0.0
704417,上櫃,1.63,1.44,109.0
704418,上櫃,2.47,2.5,117.0
704419,上櫃,0.0,0.0,0.0
704420,上櫃,0.0,0.0,0.0
704421,上櫃,0.71,0.71,1.0
704422,上櫃,0.17,0.35,16.0
704423,上櫃,0.55,0.45,343.0
704424,上櫃,0.0,0.0,0.0
704425,上櫃,15.4,15.4,3.0
704426,上櫃,1.26,1.25,86.0
704427,上櫃,1.04,1.0,2021.0
704428,上櫃,0.0,0.0,0.0
704429,上櫃,0.0,0.0,0.0
704430,上櫃,1.18,1.18,50.0
704431,上櫃,0.41,0.41,11.0
704432,上櫃,1.36,1.31,394.0
704433,上櫃,0.0,0.0,0.0
704434,上櫃,1.75,1.71,22.0
704435,上櫃,0.0,0.0,0.0
704436,上櫃,2.12,2.07,120.0
704437,上櫃,4.8,4.8,1.0
704438,上櫃,12.5,12.5,8.0
704439,上櫃,0.0,0.0,0.0
704440,上櫃,0.74,0.74,2.0
704441,上櫃,1.64,1.7,50.0
704442,上櫃,0.71,0.71,5.0
704443,上櫃,0.37,0.37,14.0
704444,上櫃,1.04,0.77,440.0
704445,上櫃,0.4,0.41,230.0
704446,上櫃,2.8,3.66,17.0
704447,上櫃,10.7,6.5,10.0
704448,上櫃,0.81,0.81,3.0
704449,上櫃,0.0,0.0,0.0
704450,上櫃,1.16,1.16,30.0
704451,上櫃,0.0,0.0,0.0
704452,上櫃,0.5,0.5,10.0
704453,上櫃,0.0,0.0,0.0
704454,上櫃,0.0,0.0,0.0
704455,上櫃,0.0,0.0,0.0
704456,上櫃,0.0,0.0,0.0
704457,上櫃,0.0,0.0,0.0
704458,上櫃,0.0,0.0,0.0
704459,上櫃,0.66,0.61,475.0
704460,上櫃,0.68,0.68,72.0
704461,上櫃,1.5,1.53,56.0
704462,上櫃,0.0,0.0,0.0
704463,上櫃,0.51,0.51,50.0
704464,上櫃,1.06,1.16,71.0
704465,上櫃,0.0,0.0,0.0
704466,上櫃,4.29,3.53,90.0
704467,上櫃,1.06,1.0,124.0
704468,上櫃,0.0,0.0,0.0
704469,上櫃,0.0,0.0,0.0
704470,上櫃,0.0,0.0,0.0
704471,上櫃,0.82,0.82,13.0
704472,上櫃,0.0,0.0,0.0
704473,上櫃,0.0,0.0,0.0
704474,上櫃,0.0,0.0,0.0
704475,上櫃,0.0,0.0,0.0
704476,上櫃,0.94,0.97,312.0
704477,上櫃,1.79,2.16,33.0
704478,上櫃,7.5,7.5,5.0
704479,上櫃,7.3,7.3,10.0
704480,上櫃,0.57,0.53,869.0
704481,上櫃,6.7,6.85,22.0
704482,上櫃,0.55,0.55,2699.0
704483,上櫃,0.0,0.0,0.0
704484,上櫃,0.57,0.54,180.0
704485,上櫃,0.27,0.27,50.0
704486,上櫃,0.42,0.37,365.0
704487,上櫃,0.0,0.0,0.0
704488,上櫃,0.62,0.62,10.0
704489,上櫃,0.0,0.0,0.0
704490,上櫃,0.81,0.77,843.0
704491,上櫃,1.31,1.23,79.0
704492,上櫃,0.0,0.0,0.0
704493,上櫃,0.0,0.0,0.0
704494,上櫃,1.19,1.17,311.0
704495,上櫃,0.89,0.91,668.0
704496,上櫃,0.74,0.71,1938.0
704497,上櫃,0.0,0.0,0.0
704498,上櫃,0.18,0.18,35.0
704499,上櫃,0.0,0.0,0.0
704500,上櫃,0.0,0.0,0.0
704501,上櫃,0.32,0.34,79.0
704502,上櫃,1.01,1.0,57.0
704503,上櫃,0.0,0.0,0.0
704504,上櫃,0.0,0.0,0.0
704505,上櫃,0.25,0.25,1.0
704506,上櫃,0.83,0.91,155.0
704507,上櫃,0.4,0.4,10.0
704508,上櫃,0.0,0.0,0.0
704509,上櫃,2.5,2.47,184.0
704510,上櫃,2.17,2.18,54.0
704511,上櫃,2.71,2.63,353.0
704512,上櫃,1.35,1.4,232.0
704513,上櫃,0.0,0.0,0.0
704514,上櫃,0.0,0.0,0.0
704515,上櫃,0.18,0.18,310.0
704516,上櫃,0.0,0.0,0.0
704517,上櫃,0.0,0.0,0.0
704518,上櫃,0.0,0.0,0.0
704519,上櫃,1.25,1.25,361.0
704520,上櫃,0.0,0.0,0.0
704521,上櫃,0.0,0.0,0.0
704522,上櫃,1.57,1.54,586.0
704523,上櫃,1.02,1.07,426.0
704524,上櫃,3.0,2.53,186.0
704525,上櫃,0.0,0.0,0.0
704526,上櫃,0.0,0.0,0.0
704527,上櫃,0.0,0.0,0.0
704528,上櫃,3.06,3.12,12.0
704529,上櫃,0.0,0.0,0.0
704530,上櫃,0.0,0.0,0.0
704531,上櫃,0.0,0.0,0.0
704532,上櫃,0.68,0.68,30.0
704533,上櫃,0.0,0.0,0.0
704534,上櫃,0.0,0.0,0.0
704535,上櫃,2.28,2.48,381.0
704536,上櫃,0.5,0.5,20.0
704537,上櫃,0.97,0.97,1.0
704538,上櫃,0.0,0.0,0.0
704539,上櫃,2.66,2.66,1.0
704540,上櫃,0.67,0.64,6.0
704541,上櫃,0.0,0.0,0.0
704542,上櫃,2.18,2.02,62.0
704543,上櫃,1.14,1.15,469.0
704544,上櫃,1.12,1.16,788.0
704545,上櫃,1.12,1.12,136.0
704546,上櫃,0.0,0.0,0.0
704547,上櫃,0.51,0.48,125.0
704548,上櫃,0.0,0.0,0.0
704549,上櫃,0.96,1.11,30.0
704550,上櫃,0.0,0.0,0.0
704551,上櫃,0.0,0.0,0.0
704552,上櫃,0.98,0.98,10.0
704553,上櫃,4.99,4.99,6.0
704554,上櫃,7.35,7.5,51.0
704556,上櫃,0.0,0.0,0.0
704557,上櫃,0.0,0.0,0.0
704558,上櫃,0.64,0.64,10.0
704560,上櫃,0.74,0.74,5.0
704561,上櫃,0.0,0.0,0.0
704562,上櫃,0.0,0.0,0.0
704563,上櫃,1.79,1.81,214.0
704564,上櫃,1.96,2.03,22.0
704565,上櫃,1.68,1.67,2.0
704566,上櫃,0.5,0.55,848.0
704567,上櫃,3.86,3.7,20.0
704568,上櫃,0.0,0.0,0.0
704569,上櫃,0.0,0.0,0.0
704570,上櫃,0.0,0.0,0.0
704571,上櫃,0.0,0.0,0.0
704572,上櫃,1.08,0.99,96.0
704573,上櫃,0.0,0.0,0.0
704574,上櫃,0.0,0.0,0.0
704575,上櫃,0.0,0.0,0.0
704576,上櫃,0.17,0.17,20.0
704577,上櫃,0.36,0.36,26.0
704578,上櫃,0.66,0.68,1260.0
704579,上櫃,1.11,1.08,281.0
704580,上櫃,0.28,0.28,110.0
704581,上櫃,0.68,0.64,1528.0
704582,上櫃,0.29,0.27,310.0
704583,上櫃,0.97,0.91,144.0
704584,上櫃,1.06,1.05,1156.0
704585,上櫃,0.0,0.0,0.0
704586,上櫃,0.14,0.14,100.0
704587,上櫃,0.0,0.0,0.0
704588,上櫃,0.34,0.33,700.0
704589,上櫃,0.8,0.82,855.0
704590,上櫃,0.0,0.0,0.0
704591,上櫃,0.0,0.0,0.0
704592,上櫃,0.53,0.53,31.0
704593,上櫃,10.7,10.6,16.0
704594,上櫃,0.0,0.0,0.0
704595,上櫃,0.0,0.0,0.0
704596,上櫃,0.0,0.0,0.0
704597,上櫃,0.48,0.47,51.0
704598,上櫃,0.57,0.55,68.0
704599,上櫃,7.95,7.95,5.0
704600,上櫃,0.0,0.0,0.0
704601,上櫃,4.97,4.69,224.0
704602,上櫃,0.0,0.0,0.0
704603,上櫃,0.0,0.0,0.0
704604,上櫃,0.0,0.0,0.0
704605,上櫃,0.87,0.87,5.0
704606,上櫃,11.7,11.7,9.0
704607,上櫃,1.19,1.19,10.0
704608,上櫃,1.29,1.23,175.0
704609,上櫃,0.0,0.0,0.0
704610,上櫃,0.0,0.0,0.0
704611,上櫃,0.0,0.0,0.0
704612,上櫃,7.25,7.9,74.0
704613,上櫃,0.0,0.0,0.0
704614,上櫃,0.53,0.53,30.0
704615,上櫃,0.0,0.0,0.0
704616,上櫃,0.0,0.0,0.0
704617,上櫃,0.0,0.0,0.0
704618,上櫃,0.0,0.0,0.0
704619,上櫃,3.59,3.59,14.0
704620,上櫃,4.84,4.84,3.0
704621,上櫃,0.0,0.0,0.0
704622,上櫃,1.14,1.08,12.0
704623,上櫃,1.07,1.04,6.0
704624,上櫃,0.0,0.0,0.0
704625,上櫃,0.0,0.0,0.0
704626,上櫃,0.0,0.0,0.0
704627,上櫃,0.0,0.0,0.0
704628,上櫃,0.0,0.0,0.0
704629,上櫃,0.0,0.0,0.0
704630,上櫃,0.0,0.0,0.0
704631,上櫃,0.0,0.0,0.0
704632,上櫃,0.0,0.0,0.0
704633,上櫃,0.0,0.0,0.0
704634,上櫃,8.9,7.85,17.0
704635,上櫃,0.65,0.62,268.0
704636,上櫃,5.55,5.55,14.0
704637,上櫃,0.0,0.0,0.0
704638,上櫃,0.33,0.32,40.0
704639,上櫃,0.0,0.0,0.0
704640,上櫃,0.0,0.0,0.0
704641,上櫃,0.0,0.0,0.0
704642,上櫃,0.0,0.0,0.0
704643,上櫃,0.0,0.0,0.0
704644,上櫃,0.0,0.0,0.0
704645,上櫃,0.0,0.0,0.0
704646,上櫃,0.0,0.0,0.0
704647,上櫃,0.5,0.51,180.0
704648,上櫃,0.0,0.0,0.0
704649,上櫃,6.0,6.05,17.0
704650,上櫃,3.09,3.21,62.0
704651,上櫃,0.0,0.0,0.0
704652,上櫃,0.0,0.0,0.0
704653,上櫃,0.0,0.0,0.0
704654,上櫃,7.05,6.85,30.0
704655,上櫃,1.75,1.81,274.0
704656,上櫃,0.31,0.27,375.0
704657,上櫃,0.0,0.0,0.0
704658,上櫃,0.11,0.11,20.0
704659,上櫃,0.0,0.0,0.0
704660,上櫃,0.0,0.0,0.0
704661,上櫃,1.9,2.02,277.0
704662,上櫃,3.42,3.43,4.0
704663,上櫃,0.0,0.0,0.0
704664,上櫃,0.33,0.32,1260.0
704665,上櫃,1.34,1.26,1192.0
704666,上櫃,2.01,1.87,47.0
704667,上櫃,0.6,0.57,198.0
704668,上櫃,0.0,0.0,0.0
704669,上櫃,1.31,1.41,211.0
704670,上櫃,0.0,0.0,0.0
704671,上櫃,0.0,0.0,0.0
704672,上櫃,0.61,0.61,20.0
704673,上櫃,0.0,0.0,0.0
704674,上櫃,0.0,0.0,0.0
704675,上櫃,8.15,8.15,26.0
704676,上櫃,0.0,0.0,0.0
704677,上櫃,1.82,1.88,40.0
704678,上櫃,0.82,0.82,6.0
704679,上櫃,0.73,0.78,579.0
704680,上櫃,0.28,0.28,190.0
704681,上櫃,4.06,4.06,4.0
704682,上櫃,0.0,0.0,0.0
704683,上櫃,3.87,3.81,19.0
704684,上櫃,0.0,0.0,0.0
704685,上櫃,8.6,8.2,102.0
704686,上櫃,0.29,0.29,210.0
704687,上櫃,1.92,1.96,10.0
704688,上櫃,10.5,10.5,1.0
704689,上櫃,0.0,0.0,0.0
704690,上櫃,0.0,0.0,0.0
704691,上櫃,0.0,0.0,0.0
704692,上櫃,3.9,3.66,70.0
704693,上櫃,0.0,0.0,0.0
704694,上櫃,0.0,0.0,0.0
704695,上櫃,5.3,5.6,30.0
704696,上櫃,0.0,0.0,0.0
704697,上櫃,1.8,1.74,198.0
704698,上櫃,0.68,0.68,954.0
704699,上櫃,0.5,0.5,21.0
704700,上櫃,0.42,0.39,385.0
704701,上櫃,0.0,0.0,0.0
704702,上櫃,3.4,3.88,243.0
704703,上櫃,0.0,0.0,0.0
704704,上櫃,0.75,0.69,53.0
704705,上櫃,0.97,0.92,179.0
704706,上櫃,0.73,0.62,1150.0
704707,上櫃,0.42,0.36,500.0
704708,上櫃,0.0,0.0,0.0
704709,上櫃,22.7,22.7,1.0
704710,上櫃,0.5,0.47,829.0
704711,上櫃,0.4,0.38,707.0
704712,上櫃,0.46,0.44,4481.0
704713,上櫃,0.0,0.0,0.0
704714,上櫃,0.61,0.56,158.0
704715,上櫃,1.32,1.31,47.0
704716,上櫃,0.0,0.0,0.0
704717,上櫃,0.83,0.82,20.0
704718,上櫃,0.0,0.0,0.0
704719,上櫃,0.0,0.0,0.0
704720,上櫃,0.0,0.0,0.0
704721,上櫃,8.55,9.1,20.0
704722,上櫃,0.0,0.0,0.0
704723,上櫃,4.92,5.8,20.0
704724,上櫃,3.46,3.85,12.0
704725,上櫃,2.27,2.19,24.0
704726,上櫃,1.0,1.06,12.0
704727,上櫃,2.13,2.1,260.0
704728,上櫃,0.72,0.7,1146.0
704729,上櫃,0.0,0.0,0.0
704730,上櫃,0.0,0.0,0.0
704731,上櫃,0.0,0.0,0.0
704732,上櫃,2.11,1.74,767.0
704733,上櫃,3.38,2.89,97.0
704734,上櫃,0.0,0.0,0.0
704735,上櫃,0.67,0.67,10.0
704736,上櫃,0.0,0.0,0.0
704737,上櫃,0.0,0.0,0.0
704738,上櫃,4.41,5.45,369.0
704739,上櫃,6.25,6.4,19.0
704740,上櫃,0.0,0.0,0.0
704741,上櫃,3.09,3.09,1.0
704742,上櫃,2.04,1.99,90.0
704743,上櫃,6.0,7.5,83.0
704744,上櫃,4.23,4.11,34.0
704745,上櫃,1.89,2.04,185.0
704746,上櫃,0.32,0.32,300.0
704747,上櫃,4.55,4.57,205.0
704748,上櫃,4.41,4.44,13.0
704749,上櫃,0.28,0.28,35.0
704750,上櫃,0.5,0.52,198.0
704751,上櫃,0.0,0.0,0.0
704752,上櫃,0.65,0.68,404.0
704753,上櫃,0.61,0.62,568.0
704754,上櫃,0.4,0.4,12.0
704755,上櫃,0.14,0.14,10.0
704756,上櫃,0.0,0.0,0.0
704757,上櫃,0.0,0.0,0.0
704758,上櫃,3.0,3.88,146.0
704759,上櫃,1.49,1.58,20.0
704760,上櫃,0.0,0.0,0.0
704761,上櫃,0.3,0.27,60.0
704762,上櫃,0.0,0.0,0.0
704763,上櫃,0.0,0.0,0.0
704764,上櫃,0.81,0.74,244.0
704765,上櫃,0.98,0.94,30.0
704766,上櫃,0.66,0.62,2040.0
704767,上櫃,4.83,4.83,10.0
704768,上櫃,1.84,1.97,36.0
704769,上櫃,0.66,0.69,91.0
704770,上櫃,1.04,1.09,692.0
704771,上櫃,0.93,1.01,30.0
704772,上櫃,0.0,0.0,0.0
704773,上櫃,0.0,0.0,0.0
704774,上櫃,0.78,0.78,10.0
704775,上櫃,3.2,3.69,88.0
704776,上櫃,0.0,0.0,0.0
704777,上櫃,0.0,0.0,0.0
704778,上櫃,0.0,0.0,0.0
704779,上櫃,2.19,2.23,122.0
704780,上櫃,0.0,0.0,0.0
704781,上櫃,0.0,0.0,0.0
704782,上櫃,1.46,1.32,239.0
704783,上櫃,0.0,0.0,0.0
704784,上櫃,5.7,5.7,5.0
704785,上櫃,2.35,2.5,8.0
704786,上櫃,5.9,6.55,156.0
704787,上櫃,8.05,8.3,14.0
704788,上櫃,23.6,24.1,4.0
704789,上櫃,32.5,34.0,5.0
704790,上櫃,0.0,0.0,0.0
704791,上櫃,2.44,2.39,414.0
704792,上櫃,0.0,0.0,0.0
704793,上櫃,4.08,4.32,13.0
704794,上櫃,2.05,2.07,46.0
704795,上櫃,0.0,0.0,0.0
704796,上櫃,6.4,6.4,20.0
704797,上櫃,5.05,5.5,149.0
704798,上櫃,0.29,0.29,40.0
704799,上櫃,0.0,0.0,0.0
704800,上櫃,0.55,0.6,25.0
704801,上櫃,0.0,0.0,0.0
704802,上櫃,0.0,0.0,0.0
704803,上櫃,0.0,0.0,0.0
704804,上櫃,0.0,0.0,0.0
704805,上櫃,5.95,5.95,100.0
704806,上櫃,1.76,1.72,13.0
704807,上櫃,0.0,0.0,0.0
704808,上櫃,2.47,2.84,694.0
704809,上櫃,7.55,8.2,178.0
704810,上櫃,0.39,0.39,20.0
704811,上櫃,3.34,3.34,5.0
704812,上櫃,0.0,0.0,0.0
704813,上櫃,0.0,0.0,0.0
704814,上櫃,1.23,1.16,274.0
704815,上櫃,0.99,0.96,201.0
704816,上櫃,0.0,0.0,0.0
704817,上櫃,0.0,0.0,0.0
704818,上櫃,0.0,0.0,0.0
704819,上櫃,1.5,1.42,246.0
704820,上櫃,0.0,0.0,0.0
704821,上櫃,3.55,3.73,38.0
704822,上櫃,0.0,0.0,0.0
704823,上櫃,4.63,4.63,3.0
704824,上櫃,0.0,0.0,0.0
704825,上櫃,0.0,0.0,0.0
704826,上櫃,2.69,2.77,441.0
704827,上櫃,0.0,0.0,0.0
704828,上櫃,0.79,0.81,81.0
704829,上櫃,0.0,0.0,0.0
704830,上櫃,0.0,0.0,0.0
704831,上櫃,3.5,4.06,49.0
704832,上櫃,0.35,0.31,130.0
704833,上櫃,1.86,1.94,29.0
704834,上櫃,32.2,35.7,5.0
704835,上櫃,0.0,0.0,0.0
704837,上櫃,0.59,0.59,31.0
704838,上櫃,2.11,1.96,167.0
704839,上櫃,2.2,2.2,245.0
704840,上櫃,1.92,1.92,5.0
704841,上櫃,0.35,0.35,30.0
704842,上櫃,0.99,0.97,180.0
704843,上櫃,0.0,0.0,0.0
704844,上櫃,1.42,1.4,789.0
704845,上櫃,3.66,3.7,187.0
704846,上櫃,0.0,0.0,0.0
704847,上櫃,0.25,0.25,125.0
704848,上櫃,1.12,1.14,30.0
704849,上櫃,0.0,0.0,0.0
704850,上櫃,0.49,0.48,60.0
704851,上櫃,1.35,1.33,198.0
704852,上櫃,1.51,1.48,225.0
704853,上櫃,0.0,0.0,0.0
704854,上櫃,0.84,0.81,386.0
704855,上櫃,0.71,0.72,155.0
704856,上櫃,0.0,0.0,0.0
704858,上櫃,0.0,0.0,0.0
704859,上櫃,0.0,0.0,0.0
704860,上櫃,3.75,3.89,13.0
704861,上櫃,0.0,0.0,0.0
704862,上櫃,1.5,1.54,28.0
704863,上櫃,1.75,1.68,37.0
704864,上櫃,0.0,0.0,0.0
704865,上櫃,0.0,0.0,0.0
704866,上櫃,0.49,0.5,346.0
704867,上櫃,0.0,0.0,0.0
704868,上櫃,0.7,0.69,447.0
704869,上櫃,0.4,0.39,22.0
704870,上櫃,0.0,0.0,0.0
704871,上櫃,0.19,0.19,10.0
704872,上櫃,0.78,0.76,35.0
704873,上櫃,0.41,0.39,312.0
704874,上櫃,0.0,0.0,0.0
704875,上櫃,0.0,0.0,0.0
704876,上櫃,19.0,19.8,4.0
704877,上櫃,0.0,0.0,0.0
704878,上櫃,0.8,0.82,207.0
704879,上櫃,3.7,3.75,34.0
704880,上櫃,0.53,0.53,131.0
704881,上櫃,1.64,1.57,93.0
704882,上櫃,1.09,1.17,281.0
704883,上櫃,1.02,0.98,140.0
704884,上櫃,0.0,0.0,0.0
704885,上櫃,0.0,0.0,0.0
704886,上櫃,1.34,1.34,15.0
704887,上櫃,0.0,0.0,0.0
704888,上櫃,2.58,2.65,505.0
704889,上櫃,0.0,0.0,0.0
704890,上櫃,0.0,0.0,0.0
704891,上櫃,0.0,0.0,0.0
704892,上櫃,0.62,0.61,3.0
704893,上櫃,11.5,12.4,67.0
704894,上櫃,2.38,2.42,361.0
704895,上櫃,0.42,0.43,191.0
704896,上櫃,0.85,0.83,169.0
704897,上櫃,1.95,2.12,98.0
704898,上櫃,0.56,0.55,111.0
704899,上櫃,0.47,0.47,20.0
704900,上櫃,0.0,0.0,0.0
704901,上櫃,0.0,0.0,0.0
704902,上櫃,0.0,0.0,0.0
704903,上櫃,0.0,0.0,0.0
704904,上櫃,0.66,0.66,40.0
704905,上櫃,0.0,0.0,0.0
704906,上櫃,2.21,2.21,2.0
704907,上櫃,0.87,0.8,457.0
704908,上櫃,0.0,0.0,0.0
704909,上櫃,0.0,0.0,0.0
704910,上櫃,3.71,3.71,3.0
704911,上櫃,0.0,0.0,0.0
704912,上櫃,0.0,0.0,0.0
704913,上櫃,4.34,5.85,22.0
704914,上櫃,0.86,0.86,30.0
704915,上櫃,0.0,0.0,0.0
704916,上櫃,0.97,0.95,66.0
704917,上櫃,0.0,0.0,0.0
704918,上櫃,0.6,0.64,331.0
704919,上櫃,0.43,0.43,2.0
704920,上櫃,0.39,0.39,4.0
704921,上櫃,4.16,4.16,80.0
704922,上櫃,0.0,0.0,0.0
704923,上櫃,0.0,0.0,0.0
704924,上櫃,1.45,1.51,81.0
704925,上櫃,0.47,0.46,1216.0
704926,上櫃,3.24,3.1,64.0
704927,上櫃,0.0,0.0,0.0
704928,上櫃,0.0,0.0,0.0
704929,上櫃,3.63,3.63,4.0
704930,上櫃,0.27,0.27,20.0
704931,上櫃,0.0,0.0,0.0
704932,上櫃,0.0,0.0,0.0
704933,上櫃,1.39,1.23,189.0
704934,上櫃,0.0,0.0,0.0
704935,上櫃,0.89,0.88,225.0
704936,上櫃,1.71,1.8,122.0
704937,上櫃,0.92,0.92,16.0
704939,上櫃,0.0,0.0,0.0
704940,上櫃,5.5,5.5,2.0
704941,上櫃,5.25,5.5,33.0
704942,上櫃,20.3,23.0,21.0
704943,上櫃,0.0,0.0,0.0
704944,上櫃,1.31,1.27,70.0
704945,上櫃,1.22,1.22,1864.0
704946,上櫃,1.06,1.06,237.0
704947,上櫃,0.73,0.74,61.0
704948,上櫃,0.63,0.64,1197.0
704949,上櫃,0.52,0.52,10.0
704950,上櫃,0.0,0.0,0.0
704951,上櫃,0.99,1.02,35.0
704952,上櫃,1.01,0.99,62.0
704953,上櫃,0.75,0.75,3.0
704954,上櫃,2.86,2.68,513.0
704955,上櫃,1.44,1.29,185.0
704956,上櫃,0.0,0.0,0.0
704957,上櫃,0.0,0.0,0.0
704958,上櫃,13.6,13.6,1.0
704959,上櫃,1.23,1.31,69.0
704960,上櫃,0.0,0.0,0.0
704961,上櫃,0.0,0.0,0.0
704962,上櫃,0.0,0.0,0.0
704963,上櫃,0.75,0.73,19.0
704964,上櫃,3.43,3.43,1.0
704965,上櫃,0.0,0.0,0.0
704966,上櫃,0.0,0.0,0.0
704967,上櫃,0.0,0.0,0.0
704968,上櫃,3.08,2.92,319.0
704969,上櫃,0.0,0.0,0.0
704970,上櫃,0.0,0.0,0.0
704971,上櫃,2.87,2.87,2.0
704972,上櫃,0.0,0.0,0.0
704973,上櫃,0.0,0.0,0.0
704974,上櫃,0.0,0.0,0.0
704975,上櫃,0.0,0.0,0.0
704976,上櫃,0.0,0.0,0.0
704977,上櫃,0.0,0.0,0.0
704978,上櫃,0.0,0.0,0.0
704979,上櫃,0.0,0.0,0.0
704980,上櫃,2.4,2.27,16.0
704981,上櫃,0.0,0.0,0.0
704982,上櫃,3.57,3.57,5.0
704983,上櫃,1.0,1.0,12.0
704984,上櫃,1.22,1.22,338.0
704985,上櫃,0.36,0.35,500.0
704986,上櫃,0.68,0.68,23.0
704987,上櫃,0.56,0.6,200.0
704988,上櫃,0.0,0.0,0.0
704989,上櫃,1.54,1.6,28.0
704990,上櫃,2.11,2.2,13.0
704991,上櫃,1.42,1.34,14.0
704992,上櫃,16.2,16.2,5.0
704993,上櫃,0.0,0.0,0.0
704994,上櫃,0.0,0.0,0.0
704995,上櫃,0.68,0.63,368.0
704996,上櫃,0.0,0.0,0.0
704997,上櫃,0.0,0.0,0.0
704998,上櫃,0.0,0.0,0.0
704999,上櫃,1.94,1.91,917.0
705000,上櫃,0.89,0.89,1.0
705001,上櫃,4.07,4.45,104.0
705002,上櫃,0.64,0.68,238.0
705003,上櫃,0.71,0.71,28.0
705004,上櫃,0.79,0.79,18.0
705005,上櫃,0.67,0.68,41.0
705006,上櫃,0.46,0.46,80.0
705007,上櫃,0.0,0.0,0.0
705008,上櫃,1.0,0.91,544.0
705009,上櫃,2.45,2.45,3.0
705010,上櫃,2.31,2.27,349.0
705011,上櫃,0.81,0.72,315.0
705012,上櫃,0.0,0.0,0.0
705013,上櫃,0.0,0.0,0.0
705014,上櫃,2.82,2.68,16.0
705015,上櫃,8.4,8.4,5.0
705016,上櫃,1.62,1.64,35.0
705017,上櫃,1.08,1.02,14.0
705018,上櫃,0.0,0.0,0.0
705019,上櫃,0.0,0.0,0.0
705020,上櫃,0.0,0.0,0.0
705021,上櫃,0.0,0.0,0.0
705022,上櫃,0.0,0.0,0.0
705023,上櫃,0.0,0.0,0.0
705024,上櫃,8.4,8.4,1.0
705025,上櫃,0.0,0.0,0.0
705026,上櫃,1.93,2.07,69.0
705027,上櫃,0.51,0.51,5.0
705028,上櫃,2.27,2.51,398.0
705029,上櫃,2.03,1.78,112.0
705030,上櫃,0.0,0.0,0.0
705031,上櫃,0.0,0.0,0.0
705032,上櫃,0.99,0.99,18.0
705033,上櫃,28.8,34.8,30.0
705034,上櫃,3.08,2.98,99.0
705035,上櫃,0.0,0.0,0.0
705036,上櫃,2.97,2.75,106.0
705037,上櫃,6.5,6.5,10.0
705038,上櫃,1.87,1.87,2.0
705039,上櫃,14.6,15.1,9.0
705040,上櫃,15.9,16.4,4.0
705041,上櫃,0.0,0.0,0.0
705042,上櫃,0.59,0.59,1.0
705043,上櫃,2.04,1.75,51.0
705044,上櫃,0.43,0.43,27.0
705045,上櫃,0.44,0.44,112.0
705046,上櫃,1.42,1.42,221.0
705047,上櫃,0.84,0.85,227.0
705048,上櫃,2.31,2.09,207.0
705049,上櫃,5.5,5.5,5.0
705050,上櫃,0.58,0.69,547.0
705051,上櫃,1.43,1.46,28.0
705052,上櫃,1.29,1.4,50.0
705053,上櫃,1.19,1.19,100.0
705054,上櫃,1.03,1.03,20.0
705055,上櫃,0.0,0.0,0.0
705056,上櫃,1.51,1.51,7.0
705057,上櫃,0.6,0.62,1034.0
705058,上櫃,0.99,1.03,513.0
705059,上櫃,0.63,0.65,313.0
705060,上櫃,0.5,0.5,496.0
705061,上櫃,4.16,4.02,22.0
705062,上櫃,0.0,0.0,0.0
705063,上櫃,0.0,0.0,0.0
705064,上櫃,0.86,0.7,923.0
705065,上櫃,2.0,2.0,10.0
705066,上櫃,1.3,1.3,25.0
705067,上櫃,0.0,0.0,0.0
705068,上櫃,0.0,0.0,0.0
705069,上櫃,0.42,0.4,6.0
705070,上櫃,2.95,2.98,8.0
705071,上櫃,0.0,0.0,0.0
705072,上櫃,2.75,2.71,34.0
705073,上櫃,0.0,0.0,0.0
705074,上櫃,0.56,0.57,484.0
705075,上櫃,0.77,0.7,560.0
705076,上櫃,1.04,1.08,213.0
705077,上櫃,0.0,0.0,0.0
705078,上櫃,2.35,2.35,3.0
705079,上櫃,0.0,0.0,0.0
705080,上櫃,0.85,1.06,48.0
705081,上櫃,4.95,4.7,249.0
705082,上櫃,1.97,1.81,34.0
705083,上櫃,1.08,1.14,192.0
705084,上櫃,2.55,2.45,39.0
705085,上櫃,1.69,1.69,9.0
705086,上櫃,2.4,2.42,18.0
705087,上櫃,0.82,0.87,586.0
705088,上櫃,0.92,0.84,34.0
705089,上櫃,0.63,0.6,104.0
705090,上櫃,0.45,0.47,2418.0
705091,上櫃,0.87,0.87,1.0
705092,上櫃,0.65,0.62,403.0
705093,上櫃,0.89,0.89,17.0
705094,上櫃,1.15,1.19,27.0
705095,上櫃,0.73,0.7,78.0
705096,上櫃,0.52,0.53,329.0
705097,上櫃,1.08,1.04,519.0
705098,上櫃,1.37,1.39,302.0
705099,上櫃,0.0,0.0,0.0
705100,上櫃,0.84,0.85,145.0
705101,上櫃,1.15,1.18,63.0
705102,上櫃,0.0,0.0,0.0
705103,上櫃,0.0,0.0,0.0
705104,上櫃,1.43,1.55,600.0
705105,上櫃,0.0,0.0,0.0
705106,上櫃,1.3,1.28,503.0
705107,上櫃,0.89,0.78,813.0
705108,上櫃,1.77,1.68,29.0
705109,上櫃,1.14,1.14,50.0
705110,上櫃,1.11,1.12,180.0
705111,上櫃,1.36,1.4,499.0
705112,上櫃,1.48,1.48,1.0
705113,上櫃,3.35,3.08,38.0
705114,上櫃,4.52,4.46,57.0
705115,上櫃,0.0,0.0,0.0
705116,上櫃,0.0,0.0,0.0
705117,上櫃,0.0,0.0,0.0
705118,上櫃,1.61,1.85,15.0
705119,上櫃,0.0,0.0,0.0
705120,上櫃,0.0,0.0,0.0
705121,上櫃,5.25,5.1,34.0
705122,上櫃,0.0,0.0,0.0
705123,上櫃,0.0,0.0,0.0
705124,上櫃,1.18,1.13,16.0
705125,上櫃,3.35,3.35,1.0
705126,上櫃,0.0,0.0,0.0
705127,上櫃,1.11,1.1,34.0
705128,上櫃,1.13,1.15,180.0
705129,上櫃,1.16,1.21,483.0
705130,上櫃,0.0,0.0,0.0
705131,上櫃,0.53,0.62,155.0
705132,上櫃,0.72,0.76,36.0
705133,上櫃,1.7,1.7,143.0
705134,上櫃,1.73,1.74,126.0
705135,上櫃,2.13,2.07,20.0
705136,上櫃,1.06,1.09,147.0
705137,上櫃,0.0,0.0,0.0
705138,上櫃,1.3,1.36,90.0
705139,上櫃,0.0,0.0,0.0
705140,上櫃,0.0,0.0,0.0
705141,上櫃,2.72,2.73,19.0
705142,上櫃,3.6,3.6,50.0
705143,上櫃,0.0,0.0,0.0
705144,上櫃,1.06,0.97,15.0
705145,上櫃,0.37,0.37,5.0
705146,上櫃,5.0,5.1,6.0
705147,上櫃,1.61,1.92,109.0
705148,上櫃,0.0,0.0,0.0
705149,上櫃,0.84,0.93,66.0
705150,上櫃,0.0,0.0,0.0
705151,上櫃,0.0,0.0,0.0
705152,上櫃,1.95,2.5,79.0
705153,上櫃,0.0,0.0,0.0
705154,上櫃,0.0,0.0,0.0
705155,上櫃,2.29,2.29,2.0
705156,上櫃,1.79,1.74,297.0
705157,上櫃,0.0,0.0,0.0
705158,上櫃,0.0,0.0,0.0
705159,上櫃,0.0,0.0,0.0
705160,上櫃,0.57,0.57,49.0
705161,上櫃,0.0,0.0,0.0
705162,上櫃,0.0,0.0,0.0
705163,上櫃,1.7,1.56,128.0
705164,上櫃,0.73,0.73,8.0
705165,上櫃,12.2,12.2,1.0
705166,上櫃,0.0,0.0,0.0
705167,上櫃,0.0,0.0,0.0
705168,上櫃,0.0,0.0,0.0
705169,上櫃,1.65,1.6,12.0
705170,上櫃,0.0,0.0,0.0
705171,上櫃,1.3,1.3,36.0
705172,上櫃,4.37,4.62,32.0
705173,上櫃,0.0,0.0,0.0
705174,上櫃,1.25,1.25,5.0
705175,上櫃,2.5,2.49,20.0
705176,上櫃,2.54,2.56,10.0
705177,上櫃,0.0,0.0,0.0
705178,上櫃,34.6,39.0,5.0
705179,上櫃,0.0,0.0,0.0
705180,上櫃,0.0,0.0,0.0
705181,上櫃,2.35,2.29,39.0
705182,上櫃,0.0,0.0,0.0
705183,上櫃,0.0,0.0,0.0
705184,上櫃,0.0,0.0,0.0
705185,上櫃,0.0,0.0,0.0
705186,上櫃,2.62,2.62,4.0
705187,上櫃,1.0,0.93,95.0
705188,上櫃,0.48,0.49,230.0
705189,上櫃,0.0,0.0,0.0
705190,上櫃,0.0,0.0,0.0
705191,上櫃,0.8,0.77,657.0
705192,上櫃,0.0,0.0,0.0
705193,上櫃,1.32,1.23,927.0
705194,上櫃,0.81,0.81,2.0
705195,上櫃,1.12,1.17,119.0
705196,上櫃,0.85,0.84,60.0
705197,上櫃,0.79,0.77,37.0
705198,上櫃,4.18,3.9,446.0
705199,上櫃,1.31,1.31,30.0
705200,上櫃,0.0,0.0,0.0
705201,上櫃,0.61,0.61,20.0
705202,上櫃,1.45,1.45,10.0
705203,上櫃,1.47,1.47,1.0
705204,上櫃,2.78,3.06,81.0
705205,上櫃,2.22,2.0,170.0
705206,上櫃,2.18,2.04,860.0
705207,上櫃,1.15,1.15,173.0
705208,上櫃,1.8,1.73,142.0
705209,上櫃,0.0,0.0,0.0
705210,上櫃,0.58,0.58,34.0
705211,上櫃,0.0,0.0,0.0
705212,上櫃,0.78,0.8,505.0
705213,上櫃,0.0,0.0,0.0
705214,上櫃,0.62,0.57,197.0
705215,上櫃,1.65,1.59,37.0
705216,上櫃,0.78,0.78,200.0
705217,上櫃,0.0,0.0,0.0
705218,上櫃,2.85,3.05,92.0
705219,上櫃,2.45,2.45,62.0
705220,上櫃,19.3,20.0,3.0
705221,上櫃,0.0,0.0,0.0
705222,上櫃,1.84,1.82,52.0
705223,上櫃,1.1,1.1,221.0
705224,上櫃,0.0,0.0,0.0
705225,上櫃,0.0,0.0,0.0
705226,上櫃,1.6,1.65,88.0
705227,上櫃,0.0,0.0,0.0
705228,上櫃,0.0,0.0,0.0
705229,上櫃,0.0,0.0,0.0
705230,上櫃,0.0,0.0,0.0
705231,上櫃,0.0,0.0,0.0
705232,上櫃,0.0,0.0,0.0
705233,上櫃,0.0,0.0,0.0
705234,上櫃,0.0,0.0,0.0
705235,上櫃,10.2,10.2,1.0
705236,上櫃,1.54,1.5,44.0
705237,上櫃,0.0,0.0,0.0
705238,上櫃,3.42,3.42,89.0
705239,上櫃,0.0,0.0,0.0
705240,上櫃,0.0,0.0,0.0
705241,上櫃,6.8,7.0,35.0
705242,上櫃,0.0,0.0,0.0
705243,上櫃,18.5,18.5,5.0
705244,上櫃,0.0,0.0,0.0
705245,上櫃,0.0,0.0,0.0
705246,上櫃,0.0,0.0,0.0
705247,上櫃,0.65,0.65,48.0
705248,上櫃,3.38,3.28,42.0
705249,上櫃,0.0,0.0,0.0
705250,上櫃,1.64,1.69,327.0
705251,上櫃,1.42,1.46,30.0
705252,上櫃,1.05,1.01,160.0
705253,上櫃,0.0,0.0,0.0
705254,上櫃,0.52,0.54,20.0
705255,上櫃,0.66,0.69,67.0
705256,上櫃,0.0,0.0,0.0
705257,上櫃,1.85,1.85,3.0
705258,上櫃,1.92,1.95,27.0
705259,上櫃,0.7,0.72,63.0
705260,上櫃,0.84,0.85,255.0
705261,上櫃,0.41,0.41,48.0
705262,上櫃,0.0,0.0,0.0
705263,上櫃,0.0,0.0,0.0
705264,上櫃,0.0,0.0,0.0
705265,上櫃,1.39,1.43,54.0
705266,上櫃,1.68,1.67,53.0
705267,上櫃,1.39,1.4,191.0
705268,上櫃,0.0,0.0,0.0
705269,上櫃,1.86,1.79,166.0
705270,上櫃,0.0,0.0,0.0
705271,上櫃,0.0,0.0,0.0
705272,上櫃,0.47,0.48,146.0
705273,上櫃,8.1,8.5,21.0
705274,上櫃,6.1,6.0,15.0
705275,上櫃,4.98,5.35,90.0
705276,上櫃,6.35,6.6,27.0
705277,上櫃,0.0,0.0,0.0
705278,上櫃,0.0,0.0,0.0
705279,上櫃,1.56,1.67,203.0
705280,上櫃,0.0,0.0,0.0
705281,上櫃,0.0,0.0,0.0
705282,上櫃,32.3,32.3,1.0
705283,上櫃,0.0,0.0,0.0
705284,上櫃,4.83,4.99,205.0
705285,上櫃,0.95,0.82,847.0
705286,上櫃,1.14,1.04,1192.0
705287,上櫃,0.0,0.0,0.0
705288,上櫃,1.51,1.5,1000.0
705289,上櫃,2.02,1.96,491.0
705290,上櫃,3.89,3.98,5.0
705291,上櫃,0.0,0.0,0.0
705292,上櫃,2.39,2.44,92.0
705293,上櫃,0.0,0.0,0.0
705294,上櫃,0.0,0.0,0.0
705295,上櫃,0.0,0.0,0.0
705296,上櫃,2.22,2.23,97.0
705297,上櫃,2.37,2.15,53.0
705298,上櫃,2.09,2.09,119.0
705299,上櫃,0.0,0.0,0.0
705300,上櫃,3.68,3.68,10.0
705301,上櫃,0.0,0.0,0.0
705302,上櫃,0.0,0.0,0.0
705303,上櫃,1.39,1.39,2.0
705304,上櫃,2.33,2.6,23.0
705305,上櫃,1.17,1.18,20.0
705306,上櫃,1.18,1.28,537.0
705307,上櫃,1.05,1.03,842.0
705308,上櫃,0.0,0.0,0.0
705309,上櫃,0.0,0.0,0.0
705310,上櫃,1.18,1.18,44.0
705311,上櫃,0.71,0.69,3186.0
705312,上櫃,0.71,0.72,1252.0
705313,上櫃,0.63,0.63,100.0
705314,上櫃,0.56,0.56,50.0
705315,上櫃,0.72,0.72,22.0
705316,上櫃,4.05,4.37,34.0
705317,上櫃,0.0,0.0,0.0
705318,上櫃,7.1,7.3,12.0
705319,上櫃,0.09,0.09,100.0
705320,上櫃,0.16,0.17,20.0
705321,上櫃,0.0,0.0,0.0
705322,上櫃,2.64,2.53,173.0
705323,上櫃,2.08,2.24,30.0
705324,上櫃,2.58,2.63,224.0
705325,上櫃,1.23,1.18,88.0
705326,上櫃,1.07,1.07,200.0
705327,上櫃,1.5,1.4,412.0
705328,上櫃,1.59,1.52,341.0
705329,上櫃,1.78,1.88,58.0
705330,上櫃,1.51,1.48,442.0
705331,上櫃,0.89,0.88,1457.0
705332,上櫃,2.4,2.42,625.0
705333,上櫃,2.29,2.21,189.0
705334,上櫃,4.1,4.1,1.0
705335,上櫃,0.0,0.0,0.0
705336,上櫃,0.0,0.0,0.0
705337,上櫃,2.34,2.34,10.0
705338,上櫃,2.48,2.48,10.0
705339,上櫃,1.57,1.63,52.0
705340,上櫃,1.61,1.56,1434.0
705341,上櫃,1.61,1.68,887.0
705342,上櫃,0.0,0.0,0.0
705343,上櫃,0.0,0.0,0.0
705344,上櫃,0.83,0.82,1209.0
705345,上櫃,1.6,1.51,1120.0
705346,上櫃,0.86,0.86,10.0
705347,上櫃,1.16,1.16,801.0
705348,上櫃,1.24,1.23,1050.0
705349,上櫃,0.85,0.85,58.0
705350,上櫃,6.5,7.95,36.0
705351,上櫃,1.59,1.43,239.0
705352,上櫃,1.52,1.33,310.0
705353,上櫃,1.34,1.34,15.0
705354,上櫃,2.15,2.04,32.0
705355,上櫃,0.0,0.0,0.0
705356,上櫃,7.7,7.45,50.0
705357,上櫃,7.05,7.05,1.0
705358,上櫃,1.2,1.28,140.0
705359,上櫃,0.0,0.0,0.0
705360,上櫃,1.0,1.05,284.0
705361,上櫃,0.0,0.0,0.0
705362,上櫃,0.58,0.58,76.0
705363,上櫃,1.33,1.46,11.0
705364,上櫃,1.07,1.05,145.0
705365,上櫃,0.95,0.96,818.0
705366,上櫃,0.72,0.73,860.0
705367,上櫃,0.0,0.0,0.0
705368,上櫃,3.14,3.21,11.0
705369,上櫃,2.06,2.03,166.0
705370,上櫃,1.77,1.73,40.0
705371,上櫃,0.0,0.0,0.0
705372,上櫃,0.7,0.66,155.0
705373,上櫃,0.59,0.61,255.0
705374,上櫃,0.52,0.5,360.0
705375,上櫃,1.93,2.16,631.0
705376,上櫃,0.55,0.57,47.0
705377,上櫃,1.0,0.97,2168.0
705378,上櫃,0.85,0.81,84.0
705379,上櫃,1.26,1.28,112.0
705380,上櫃,0.0,0.0,0.0
705381,上櫃,0.94,0.94,10.0
705382,上櫃,0.0,0.0,0.0
705383,上櫃,1.23,1.25,435.0
705384,上櫃,1.56,1.57,86.0
705385,上櫃,1.08,1.08,110.0
705386,上櫃,0.63,0.63,6.0
705387,上櫃,0.0,0.0,0.0
705388,上櫃,0.47,0.47,222.0
705389,上櫃,0.0,0.0,0.0
705390,上櫃,0.39,0.39,50.0
705391,上櫃,0.0,0.0,0.0
705392,上櫃,3.88,4.12,6.0
705393,上櫃,0.95,0.98,604.0
705394,上櫃,0.51,0.52,8.0
705395,上櫃,0.65,0.65,80.0
705396,上櫃,0.0,0.0,0.0
705397,上櫃,1.19,1.17,269.0
705398,上櫃,2.28,2.05,113.0
705399,上櫃,1.67,1.59,63.0
705400,上櫃,2.37,2.27,181.0
705401,上櫃,1.58,1.5,459.0
705402,上櫃,0.0,0.0,0.0
705403,上櫃,0.0,0.0,0.0
705404,上櫃,0.68,0.68,6.0
705405,上櫃,0.94,0.99,315.0
705406,上櫃,0.0,0.0,0.0
705407,上櫃,3.76,3.79,163.0
705408,上櫃,2.77,2.55,176.0
705409,上櫃,1.41,1.47,143.0
705410,上櫃,2.1,2.29,46.0
705411,上櫃,3.8,4.03,92.0
705412,上櫃,0.0,0.0,0.0
705413,上櫃,0.69,0.71,78.0
705414,上櫃,1.67,1.62,24.0
705415,上櫃,0.0,0.0,0.0
705416,上櫃,3.57,3.65,29.0
705417,上櫃,0.0,0.0,0.0
705418,上櫃,3.05,2.88,138.0
705419,上櫃,1.25,1.13,208.0
705420,上櫃,0.0,0.0,0.0
705421,上櫃,0.0,0.0,0.0
705422,上櫃,0.0,0.0,0.0
705423,上櫃,0.97,0.97,10.0
705424,上櫃,0.0,0.0,0.0
705425,上櫃,2.39,2.5,60.0
705426,上櫃,3.79,3.79,1.0
705427,上櫃,1.77,1.7,13.0
705428,上櫃,0.0,0.0,0.0
705429,上櫃,2.25,2.27,47.0
705430,上櫃,6.65,5.95,40.0
705431,上櫃,1.59,1.59,13.0
705432,上櫃,0.0,0.0,0.0
705433,上櫃,1.73,1.75,29.0
705434,上櫃,0.0,0.0,0.0
705435,上櫃,1.27,1.25,163.0
705436,上櫃,0.0,0.0,0.0
705437,上櫃,0.0,0.0,0.0
705438,上櫃,3.73,4.1,133.0
705439,上櫃,5.4,6.0,370.0
705440,上櫃,0.0,0.0,0.0
705441,上櫃,0.0,0.0,0.0
705442,上櫃,0.82,0.8,22.0
705443,上櫃,0.9,0.9,6.0
705444,上櫃,1.9,1.9,133.0
705445,上櫃,0.91,0.88,233.0
705446,上櫃,3.79,4.0,75.0
705447,上櫃,0.0,0.0,0.0
705448,上櫃,13.1,14.1,109.0
705449,上櫃,1.61,1.61,7.0
705450,上櫃,2.21,2.43,43.0
705451,上櫃,3.84,3.72,262.0
705452,上櫃,1.58,1.57,75.0
705453,上櫃,0.0,0.0,0.0
705454,上櫃,0.0,0.0,0.0
705455,上櫃,1.16,1.21,233.0
705456,上櫃,1.57,1.57,1.0
705457,上櫃,1.73,1.58,256.0
705458,上櫃,1.14,1.29,136.0
705459,上櫃,2.1,2.32,992.0
705460,上櫃,5.4,5.75,67.0
705461,上櫃,0.0,0.0,0.0
705462,上櫃,0.0,0.0,0.0
705463,上櫃,7.35,7.3,23.0
705464,上櫃,0.0,0.0,0.0
705465,上櫃,0.0,0.0,0.0
705466,上櫃,0.66,0.66,638.0
705467,上櫃,0.41,0.41,103.0
705468,上櫃,0.86,0.92,337.0
705469,上櫃,0.0,0.0,0.0
705470,上櫃,2.21,2.22,17.0
705471,上櫃,1.04,0.96,112.0
705472,上櫃,0.78,0.85,157.0
705473,上櫃,1.07,1.12,21.0
705474,上櫃,1.02,1.02,1354.0
705475,上櫃,1.09,1.08,127.0
705476,上櫃,0.96,0.97,1371.0
705477,上櫃,0.5,0.5,10.0
705478,上櫃,0.88,0.87,131.0
705479,上櫃,0.78,0.77,1219.0
705480,上櫃,0.67,0.73,386.0
705481,上櫃,0.0,0.0,0.0
705482,上櫃,0.74,0.83,576.0
705483,上櫃,0.0,0.0,0.0
705484,上櫃,4.86,5.15,1163.0
705485,上櫃,3.5,3.67,33.0
705486,上櫃,0.79,0.8,39.0
705487,上櫃,1.36,1.35,446.0
705488,上櫃,1.84,1.72,48.0
705489,上櫃,1.84,1.78,985.0
705490,上櫃,0.86,0.86,28.0
705491,上櫃,0.49,0.46,40.0
705492,上櫃,5.0,5.05,133.0
705493,上櫃,0.0,0.0,0.0
705494,上櫃,0.81,0.85,429.0
705495,上櫃,0.0,0.0,0.0
705496,上櫃,0.52,0.47,110.0
705497,上櫃,2.19,2.19,30.0
705498,上櫃,0.96,1.08,371.0
705499,上櫃,2.95,2.95,3.0
705500,上櫃,1.49,1.49,3.0
705501,上櫃,1.05,1.05,5.0
705502,上櫃,6.6,7.55,108.0
705503,上櫃,1.24,1.16,72.0
705504,上櫃,1.14,1.18,503.0
705505,上櫃,2.73,2.61,555.0
705506,上櫃,5.15,5.05,181.0
705507,上櫃,2.72,2.52,12.0
705508,上櫃,4.48,4.88,24.0
705509,上櫃,0.0,0.0,0.0
705510,上櫃,0.79,0.92,217.0
705511,上櫃,2.3,2.25,75.0
705512,上櫃,1.9,1.88,106.0
705513,上櫃,1.61,1.58,59.0
705514,上櫃,1.91,1.77,36.0
705515,上櫃,4.23,4.01,2.0
705516,上櫃,3.0,2.84,103.0
705517,上櫃,1.79,1.79,8.0
705518,上櫃,3.5,3.5,10.0
705519,上櫃,0.0,0.0,0.0
705520,上櫃,3.02,2.68,108.0
705521,上櫃,1.35,1.37,889.0
705522,上櫃,0.0,0.0,0.0
705523,上櫃,15.0,15.0,9.0
705524,上櫃,2.29,2.15,83.0
705525,上櫃,1.42,1.5,240.0
705526,上櫃,1.75,1.75,110.0
705527,上櫃,0.0,0.0,0.0
705528,上櫃,1.66,1.66,6.0
705529,上櫃,3.26,3.24,226.0
705530,上櫃,3.21,3.14,78.0
705531,上櫃,2.48,2.41,52.0
705532,上櫃,3.21,2.97,11.0
705533,上櫃,0.59,0.59,5.0
705534,上櫃,0.0,0.0,0.0
705535,上櫃,4.17,3.86,251.0
705536,上櫃,3.37,3.37,16.0
705537,上櫃,4.05,3.72,100.0
705538,上櫃,0.0,0.0,0.0
705539,上櫃,0.0,0.0,0.0
705540,上櫃,2.32,2.33,56.0
705541,上櫃,0.39,0.39,102.0
705542,上櫃,0.0,0.0,0.0
705543,上櫃,0.0,0.0,0.0
705544,上櫃,0.0,0.0,0.0
705545,上櫃,1.51,1.51,61.0
705546,上櫃,0.0,0.0,0.0
705547,上櫃,0.0,0.0,0.0
705548,上櫃,0.46,0.47,1087.0
705549,上櫃,3.62,3.33,14.0
705550,上櫃,2.5,2.45,35.0
705551,上櫃,2.39,2.24,2026.0
705552,上櫃,1.97,1.84,101.0
705553,上櫃,1.61,1.5,685.0
705554,上櫃,1.35,1.35,46.0
705555,上櫃,5.85,5.7,152.0
705556,上櫃,0.72,0.72,20.0
705557,上櫃,0.62,0.57,70.0
705558,上櫃,0.38,0.35,116.0
705559,上櫃,0.0,0.0,0.0
705560,上櫃,4.0,3.76,193.0
705561,上櫃,2.91,2.93,96.0
705562,上櫃,2.41,2.37,65.0
705563,上櫃,0.0,0.0,0.0
705564,上櫃,0.46,0.48,63.0
705565,上櫃,2.15,2.08,1274.0
705566,上櫃,0.0,0.0,0.0
705567,上櫃,0.0,0.0,0.0
705568,上櫃,4.7,4.93,20.0
705569,上櫃,0.0,0.0,0.0
705570,上櫃,1.22,1.25,51.0
705571,上櫃,0.0,0.0,0.0
705572,上櫃,8.2,7.25,48.0
705573,上櫃,0.0,0.0,0.0
705574,上櫃,3.1,3.15,51.0
705575,上櫃,0.0,0.0,0.0
705576,上櫃,1.99,2.11,166.0
705577,上櫃,1.47,1.47,12.0
705578,上櫃,2.7,2.59,20.0
705579,上櫃,0.0,0.0,0.0
705580,上櫃,4.43,4.43,6.0
705581,上櫃,1.65,1.71,85.0
705582,上櫃,0.0,0.0,0.0
705583,上櫃,0.0,0.0,0.0
705584,上櫃,7.4,7.4,5.0
705585,上櫃,2.4,2.32,7.0
705586,上櫃,0.0,0.0,0.0
705587,上櫃,0.51,0.51,45.0
705588,上櫃,0.0,0.0,0.0
705589,上櫃,1.42,1.53,37.0
705590,上櫃,0.85,0.81,69.0
705591,上櫃,1.31,1.33,579.0
705592,上櫃,0.0,0.0,0.0
705593,上櫃,5.3,5.1,221.0
705594,上櫃,4.99,4.75,310.0
705595,上櫃,6.05,2.86,68.0
705596,上櫃,1.73,1.87,959.0
705597,上櫃,0.0,0.0,0.0
705598,上櫃,0.66,0.66,182.0
705599,上櫃,0.0,0.0,0.0
705600,上櫃,1.47,1.51,43.0
705601,上櫃,0.0,0.0,0.0
705602,上櫃,0.0,0.0,0.0
705603,上櫃,0.47,0.47,23.0
705604,上櫃,2.13,2.22,267.0
705605,上櫃,0.0,0.0,0.0
705606,上櫃,6.3,5.65,30.0
705607,上櫃,5.95,5.5,71.0
705608,上櫃,0.81,0.83,74.0
705609,上櫃,1.97,1.97,2.0
705610,上櫃,1.1,1.11,19.0
705611,上櫃,0.0,0.0,0.0
705612,上櫃,0.0,0.0,0.0
705613,上櫃,1.49,1.57,550.0
705614,上櫃,9.55,9.55,1.0
705615,上櫃,0.0,0.0,0.0
705616,上櫃,0.0,0.0,0.0
705617,上櫃,1.64,1.68,49.0
705618,上櫃,0.0,0.0,0.0
705619,上櫃,0.0,0.0,0.0
705620,上櫃,0.0,0.0,0.0
705621,上櫃,0.0,0.0,0.0
705622,上櫃,2.33,2.22,213.0
705623,上櫃,2.19,2.31,521.0
705624,上櫃,2.12,2.14,34.0
705625,上櫃,2.0,1.98,173.0
705626,上櫃,1.93,1.94,1819.0
705627,上櫃,2.01,2.12,126.0
705628,上櫃,0.0,0.0,0.0
705629,上櫃,0.0,0.0,0.0
705630,上櫃,3.26,3.26,7.0
705631,上櫃,0.45,0.46,53.0
705632,上櫃,0.0,0.0,0.0
705633,上櫃,3.26,3.27,559.0
705634,上櫃,0.74,0.69,17.0
705635,上櫃,1.46,1.48,748.0
705636,上櫃,0.0,0.0,0.0
705637,上櫃,0.0,0.0,0.0
705638,上櫃,5.15,5.15,1.0
705639,上櫃,0.0,0.0,0.0
705640,上櫃,0.0,0.0,0.0
705641,上櫃,2.87,2.92,538.0
705642,上櫃,0.42,0.41,25.0
705643,上櫃,0.72,0.72,50.0
705644,上櫃,0.86,0.86,36.0
705645,上櫃,2.03,2.26,83.0
705646,上櫃,1.22,1.22,33.0
705647,上櫃,1.2,1.21,27.0
705648,上櫃,0.0,0.0,0.0
705649,上櫃,3.39,3.43,105.0
705650,上櫃,3.31,3.22,16.0
705651,上櫃,1.76,1.84,49.0
705652,上櫃,4.56,4.22,26.0
705653,上櫃,5.9,5.6,550.0
705654,上櫃,0.0,0.0,0.0
705655,上櫃,3.13,3.07,72.0
705656,上櫃,1.38,1.35,11.0
705657,上櫃,2.53,2.47,41.0
705658,上櫃,0.0,0.0,0.0
705659,上櫃,1.53,1.53,10.0
705660,上櫃,0.0,0.0,0.0
705661,上櫃,0.32,0.32,1.0
705662,上櫃,0.7,0.78,118.0
705663,上櫃,0.55,0.62,119.0
705664,上櫃,3.02,3.2,26.0
705665,上櫃,1.7,1.63,365.0
705666,上櫃,0.61,0.57,168.0
705667,上櫃,2.09,2.09,40.0
705668,上櫃,1.49,1.49,5.0
705669,上櫃,0.0,0.0,0.0
705670,上櫃,0.0,0.0,0.0
705671,上櫃,1.25,1.24,41.0
705672,上櫃,1.08,1.17,331.0
705673,上櫃,0.49,0.49,174.0
705674,上櫃,0.89,0.92,539.0
705675,上櫃,0.72,0.72,2.0
705676,上櫃,0.0,0.0,0.0
705677,上櫃,0.98,0.96,297.0
705678,上櫃,2.66,2.58,370.0
705679,上櫃,2.6,2.75,23.0
705680,上櫃,0.71,0.71,15.0
705681,上櫃,2.53,2.73,191.0
705682,上櫃,4.68,4.18,463.0
705683,上櫃,0.0,0.0,0.0
705684,上櫃,0.0,0.0,0.0
705685,上櫃,0.55,0.59,405.0
705686,上櫃,0.71,0.77,183.0
705687,上櫃,0.75,0.7,40.0
705688,上櫃,0.0,0.0,0.0
705690,上櫃,0.0,0.0,0.0
705691,上櫃,0.0,0.0,0.0
705692,上櫃,0.71,0.72,239.0
705693,上櫃,1.37,1.37,26.0
705694,上櫃,0.0,0.0,0.0
705695,上櫃,2.96,2.84,233.0
705696,上櫃,1.22,1.22,5.0
705697,上櫃,0.0,0.0,0.0
705698,上櫃,0.0,0.0,0.0
705699,上櫃,1.7,1.7,10.0
705700,上櫃,0.0,0.0,0.0
705701,上櫃,0.0,0.0,0.0
705702,上櫃,0.0,0.0,0.0
705703,上櫃,0.0,0.0,0.0
705704,上櫃,0.0,0.0,0.0
705705,上櫃,0.0,0.0,0.0
705706,上櫃,2.52,2.36,228.0
705707,上櫃,0.6,0.59,235.0
705708,上櫃,0.0,0.0,0.0
705709,上櫃,0.0,0.0,0.0
705710,上櫃,1.03,1.03,3.0
705711,上櫃,1.37,1.42,11.0
705712,上櫃,0.0,0.0,0.0
705713,上櫃,0.0,0.0,0.0
705714,上櫃,0.0,0.0,0.0
705715,上櫃,0.0,0.0,0.0
705716,上櫃,0.39,0.39,10.0
705717,上櫃,0.0,0.0,0.0
705718,上櫃,0.0,0.0,0.0
705719,上櫃,2.3,2.3,6.0
705720,上櫃,4.36,4.16,254.0
705721,上櫃,1.76,1.67,55.0
705722,上櫃,0.0,0.0,0.0
705723,上櫃,0.0,0.0,0.0
705724,上櫃,0.96,0.57,38.0
705725,上櫃,1.92,1.91,162.0
705726,上櫃,1.07,1.08,933.0
705727,上櫃,1.8,1.57,759.0
705728,上櫃,1.12,1.12,20.0
705729,上櫃,0.0,0.0,0.0
705730,上櫃,2.59,2.59,1.0
705731,上櫃,0.81,0.77,415.0
705732,上櫃,0.85,0.85,1.0
705733,上櫃,1.61,1.54,238.0
705734,上櫃,0.0,0.0,0.0
705735,上櫃,0.97,0.95,214.0
705736,上櫃,0.0,0.0,0.0
705737,上櫃,2.53,2.79,55.0
705738,上櫃,0.95,0.95,2.0
705739,上櫃,1.51,1.58,294.0
705740,上櫃,2.53,2.31,137.0
705741,上櫃,0.0,0.0,0.0
705742,上櫃,3.86,3.83,28.0
705743,上櫃,1.77,1.84,140.0
705744,上櫃,1.76,1.76,40.0
705745,上櫃,0.0,0.0,0.0
705746,上櫃,5.55,5.6,100.0
705747,上櫃,1.19,1.13,15.0
705748,上櫃,0.0,0.0,0.0
705749,上櫃,4.07,4.1,202.0
705750,上櫃,0.0,0.0,0.0
705751,上櫃,0.0,0.0,0.0
705752,上櫃,10.0,9.85,14.0
705753,上櫃,0.79,0.8,112.0
705754,上櫃,1.92,1.84,133.0
705755,上櫃,1.64,1.6,37.0
705756,上櫃,3.07,3.1,30.0
705757,上櫃,1.03,0.98,25.0
705758,上櫃,1.32,1.4,483.0
705759,上櫃,1.13,1.21,41.0
705760,上櫃,0.0,0.0,0.0
705761,上櫃,0.0,0.0,0.0
705762,上櫃,1.09,1.03,90.0
705763,上櫃,0.97,1.08,173.0
705764,上櫃,1.06,1.17,216.0
705765,上櫃,4.55,4.79,4.0
705766,上櫃,2.68,2.68,1.0
705767,上櫃,4.26,4.26,10.0
705768,上櫃,1.97,1.84,616.0
705769,上櫃,1.61,1.72,36.0
705770,上櫃,1.41,1.31,359.0
705771,上櫃,2.65,2.6,461.0
705772,上櫃,1.55,1.67,205.0
705773,上櫃,0.96,0.95,740.0
705774,上櫃,0.94,0.94,193.0
705775,上櫃,2.74,3.0,286.0
705776,上櫃,2.48,2.71,53.0
705777,上櫃,5.45,5.45,30.0
705778,上櫃,2.13,2.13,40.0
705779,上櫃,0.48,0.48,21.0
705780,上櫃,2.02,1.82,52.0
705781,上櫃,1.67,1.73,19.0
705782,上櫃,1.59,1.55,173.0
705783,上櫃,1.08,1.15,687.0
705784,上櫃,1.07,1.09,847.0
705785,上櫃,1.18,1.18,54.0
705786,上櫃,2.26,2.22,6.0
705787,上櫃,1.71,1.68,38.0
705788,上櫃,0.0,0.0,0.0
705789,上櫃,3.93,3.93,2.0
705790,上櫃,4.02,4.05,36.0
705791,上櫃,1.5,1.45,4.0
705792,上櫃,0.0,0.0,0.0
705793,上櫃,1.46,1.43,34.0
705794,上櫃,1.17,1.17,10.0
705795,上櫃,1.03,1.0,114.0
705796,上櫃,1.1,1.05,70.0
705797,上櫃,1.07,1.06,36.0
705798,上櫃,0.96,0.96,202.0
705799,上櫃,0.0,0.0,0.0
705800,上櫃,0.0,0.0,0.0
705801,上櫃,1.8,1.99,44.0
705802,上櫃,1.7,1.65,186.0
705803,上櫃,1.29,1.39,328.0
705804,上櫃,0.93,0.92,481.0
705805,上櫃,0.82,0.8,226.0
705806,上櫃,1.19,1.16,358.0
705807,上櫃,0.89,0.92,59.0
705808,上櫃,4.58,4.72,780.0
705809,上櫃,1.2,1.21,98.0
705810,上櫃,0.67,0.65,30.0
705811,上櫃,0.0,0.0,0.0
705812,上櫃,2.63,2.59,45.0
705813,上櫃,0.0,0.0,0.0
705814,上櫃,0.0,0.0,0.0
705815,上櫃,1.07,1.16,201.0
705816,上櫃,0.0,0.0,0.0
705817,上櫃,0.0,0.0,0.0
705818,上櫃,1.02,1.02,147.0
705819,上櫃,1.83,1.83,54.0
705820,上櫃,1.72,1.77,96.0
705821,上櫃,4.01,4.1,11.0
705822,上櫃,1.68,1.67,80.0
705823,上櫃,1.99,1.99,28.0
705824,上櫃,0.6,0.6,185.0
705825,上櫃,2.88,2.88,13.0
705826,上櫃,4.45,4.33,6.0
705827,上櫃,0.78,0.85,798.0
705828,上櫃,0.0,0.0,0.0
705829,上櫃,1.78,1.97,487.0
705830,上櫃,0.0,0.0,0.0
705831,上櫃,0.0,0.0,0.0
705832,上櫃,1.63,1.61,74.0
705833,上櫃,0.0,0.0,0.0
705834,上櫃,0.0,0.0,0.0
705835,上櫃,4.48,4.46,18.0
705836,上櫃,3.83,3.83,18.0
705837,上櫃,3.26,3.49,134.0
705838,上櫃,2.68,2.9,198.0
705839,上櫃,3.25,3.27,35.0
705840,上櫃,5.65,5.95,30.0
705841,上櫃,1.0,0.98,821.0
705842,上櫃,1.03,1.08,42.0
705843,上櫃,1.86,1.81,180.0
705844,上櫃,1.31,1.19,83.0
705845,上櫃,7.0,7.55,255.0
705846,上櫃,1.6,1.7,159.0
705847,上櫃,1.42,1.47,91.0
705848,上櫃,1.18,1.16,40.0
705849,上櫃,0.96,1.05,484.0
705850,上櫃,1.5,1.46,191.0
705851,上櫃,0.84,0.87,1120.0
705852,上櫃,0.89,0.89,535.0
705853,上櫃,0.85,0.87,194.0
705854,上櫃,0.65,0.66,155.0
705855,上櫃,1.89,1.82,106.0
705856,上櫃,1.55,1.55,115.0
705857,上櫃,1.09,1.14,165.0
705858,上櫃,0.46,0.46,10.0
705859,上櫃,2.73,2.7,444.0
705860,上櫃,0.0,0.0,0.0
705861,上櫃,0.46,0.46,100.0
705862,上櫃,1.32,1.34,222.0
705863,上櫃,1.0,1.02,32.0
705864,上櫃,0.92,0.88,2008.0
705865,上櫃,0.86,0.88,35.0
705866,上櫃,0.96,1.07,89.0
705867,上櫃,7.75,7.2,30.0
705868,上櫃,0.0,0.0,0.0
705869,上櫃,5.95,6.15,16.0
705870,上櫃,3.81,4.15,262.0
705871,上櫃,3.48,3.59,317.0
705872,上櫃,4.61,5.0,16.0
705873,上櫃,0.0,0.0,0.0
705874,上櫃,2.67,2.56,161.0
705875,上櫃,1.5,1.48,9.0
705876,上櫃,0.97,0.97,21.0
705877,上櫃,2.73,2.68,117.0
705878,上櫃,0.0,0.0,0.0
705879,上櫃,0.75,0.75,1351.0
705880,上櫃,0.66,0.66,77.0
705881,上櫃,1.56,1.56,128.0
705882,上櫃,2.09,2.21,124.0
705883,上櫃,0.0,0.0,0.0
705884,上櫃,0.0,0.0,0.0
705885,上櫃,11.0,11.0,1.0
705886,上櫃,2.12,2.12,13.0
705887,上櫃,1.25,1.26,3.0
705888,上櫃,0.0,0.0,0.0
705889,上櫃,1.39,1.37,110.0
705890,上櫃,0.0,0.0,0.0
705891,上櫃,3.56,3.59,15.0
705892,上櫃,0.0,0.0,0.0
705893,上櫃,1.71,1.5,196.0
705894,上櫃,1.27,1.27,2.0
705895,上櫃,0.0,0.0,0.0
705896,上櫃,1.6,1.6,5.0
705897,上櫃,2.86,3.16,60.0
705898,上櫃,0.0,0.0,0.0
705899,上櫃,6.6,6.1,29.0
705900,上櫃,2.31,2.36,27.0
705901,上櫃,1.16,1.11,91.0
705902,上櫃,3.35,3.66,244.0
705903,上櫃,1.18,1.18,15.0
705904,上櫃,0.0,0.0,0.0
705905,上櫃,0.0,0.0,0.0
705906,上櫃,0.0,0.0,0.0
705907,上櫃,0.0,0.0,0.0
705908,上櫃,0.0,0.0,0.0
705909,上櫃,0.78,0.73,785.0
705910,上櫃,0.0,0.0,0.0
705911,上櫃,0.0,0.0,0.0
705912,上櫃,0.0,0.0,0.0
705913,上櫃,0.0,0.0,0.0
705914,上櫃,0.0,0.0,0.0
705915,上櫃,1.71,1.72,93.0
705916,上櫃,0.0,0.0,0.0
705917,上櫃,0.0,0.0,0.0
705918,上櫃,1.5,1.48,210.0
705919,上櫃,3.89,3.89,150.0
705920,上櫃,2.26,2.19,4.0
705921,上櫃,1.81,1.75,256.0
705922,上櫃,2.33,2.2,408.0
705923,上櫃,3.24,3.24,15.0
705924,上櫃,1.0,0.98,28.0
705925,上櫃,0.4,0.4,1.0
705926,上櫃,0.0,0.0,0.0
705927,上櫃,0.0,0.0,0.0
705928,上櫃,0.0,0.0,0.0
705929,上櫃,1.13,1.14,3.0
705930,上櫃,0.94,0.98,114.0
705931,上櫃,0.0,0.0,0.0
705932,上櫃,0.0,0.0,0.0
705933,上櫃,4.74,4.28,369.0
705934,上櫃,0.88,0.88,1.0
705935,上櫃,0.6,0.63,51.0
705936,上櫃,2.51,2.48,45.0
705937,上櫃,0.96,0.96,1.0
705938,上櫃,0.0,0.0,0.0
705939,上櫃,0.0,0.0,0.0
705940,上櫃,1.11,1.11,5.0
705941,上櫃,5.2,6.4,9.0
705942,上櫃,3.44,3.6,298.0
705943,上櫃,0.0,0.0,0.0
705944,上櫃,0.63,0.59,59.0
705945,上櫃,0.68,0.66,438.0
705946,上櫃,0.73,0.73,123.0
705947,上櫃,0.86,0.86,10.0
705948,上櫃,0.65,0.68,327.0
705949,上櫃,0.72,0.72,18.0
705950,上櫃,0.93,0.91,88.0
705951,上櫃,0.57,0.62,83.0
705952,上櫃,0.95,1.01,237.0
705953,上櫃,0.71,0.71,1.0
705954,上櫃,0.63,0.7,276.0
705955,上櫃,0.89,0.87,79.0
705956,上櫃,1.13,1.03,48.0
705957,上櫃,0.96,1.03,342.0
705958,上櫃,1.31,1.45,109.0
705959,上櫃,0.44,0.45,2310.0
705960,上櫃,0.0,0.0,0.0
705961,上櫃,0.0,0.0,0.0
705962,上櫃,3.56,3.39,116.0
705963,上櫃,0.0,0.0,0.0
705964,上櫃,0.0,0.0,0.0
705965,上櫃,0.58,0.6,506.0
705966,上櫃,0.67,0.67,5.0
705967,上櫃,0.76,0.71,712.0
705968,上櫃,0.55,0.55,29.0
705969,上櫃,0.68,0.62,1680.0
705970,上櫃,0.0,0.0,0.0
705971,上櫃,4.0,3.28,56.0
705972,上櫃,1.86,1.86,13.0
705973,上櫃,1.07,1.07,10.0
705974,上櫃,1.86,1.79,12.0
705975,上櫃,2.1,1.91,34.0
705976,上櫃,0.0,0.0,0.0
705977,上櫃,0.0,0.0,0.0
705978,上櫃,0.0,0.0,0.0
705979,上櫃,0.0,0.0,0.0
705980,上櫃,0.0,0.0,0.0
705981,上櫃,5.0,4.96,20.0
705982,上櫃,4.42,4.37,106.0
705983,上櫃,4.34,4.17,33.0
705984,上櫃,5.65,5.65,34.0
705985,上櫃,1.22,1.22,2.0
705986,上櫃,2.02,2.01,166.0
705987,上櫃,1.8,1.7,49.0
705988,上櫃,5.95,5.95,20.0
705989,上櫃,3.25,3.32,21.0
705990,上櫃,3.0,3.0,30.0
705991,上櫃,0.0,0.0,0.0
705992,上櫃,0.0,0.0,0.0
705993,上櫃,1.54,1.35,2.0
705994,上櫃,0.91,0.83,811.0
705995,上櫃,0.89,0.84,333.0
705996,上櫃,0.0,0.0,0.0
705997,上櫃,0.0,0.0,0.0
705998,上櫃,0.0,0.0,0.0
705999,上櫃,0.0,0.0,0.0
706000,上櫃,0.0,0.0,0.0
706001,上櫃,0.0,0.0,0.0
706002,上櫃,1.08,1.03,257.0
706003,上櫃,1.0,1.03,705.0
706004,上櫃,0.56,0.52,63.0
706005,上櫃,1.99,1.4,488.0
706006,上櫃,1.94,2.13,45.0
706007,上櫃,3.48,3.48,5.0
706008,上櫃,9.0,9.0,15.0
706009,上櫃,0.0,0.0,0.0
706010,上櫃,3.74,3.74,22.0
706011,上櫃,6.35,6.35,40.0
706012,上櫃,2.28,2.27,12.0
706013,上櫃,0.0,0.0,0.0
706014,上櫃,3.32,3.32,2.0
706015,上櫃,0.68,0.68,2.0
706016,上櫃,0.0,0.0,0.0
706017,上櫃,1.15,1.08,647.0
706018,上櫃,4.96,4.96,2.0
706019,上櫃,0.0,0.0,0.0
706020,上櫃,3.16,2.93,31.0
706021,上櫃,0.0,0.0,0.0
706022,上櫃,5.2,5.2,2.0
706023,上櫃,0.33,0.33,14.0
706024,上櫃,0.0,0.0,0.0
706025,上櫃,0.0,0.0,0.0
706026,上櫃,0.0,0.0,0.0
706027,上櫃,0.63,0.63,2.0
706028,上櫃,0.63,0.62,445.0
706029,上櫃,0.64,0.64,18.0
706030,上櫃,2.51,2.51,20.0
706031,上櫃,2.34,2.24,409.0
706032,上櫃,1.22,1.22,25.0
706033,上櫃,0.98,0.92,963.0
706034,上櫃,1.11,0.96,1615.0
706035,上櫃,1.91,1.73,55.0
706036,上櫃,0.7,0.69,240.0
706037,上櫃,0.62,0.62,180.0
706038,上櫃,0.79,0.83,1085.0
706039,上櫃,1.19,1.06,432.0
706040,上櫃,0.59,0.59,82.0
706041,上櫃,1.44,1.44,6.0
706042,上櫃,0.0,0.0,0.0
706043,上櫃,1.05,1.05,20.0
706044,上櫃,1.13,1.21,1136.0
706045,上櫃,0.0,0.0,0.0
706046,上櫃,1.44,1.36,1049.0
706047,上櫃,2.63,2.63,10.0
706048,上櫃,0.98,0.98,816.0
706049,上櫃,0.0,0.0,0.0
706050,上櫃,1.58,1.37,147.0
706051,上櫃,0.0,0.0,0.0
706052,上櫃,0.0,0.0,0.0
706053,上櫃,1.86,1.79,106.0
706054,上櫃,2.01,1.89,81.0
706055,上櫃,1.4,1.28,148.0
706056,上櫃,0.0,0.0,0.0
706057,上櫃,10.0,10.0,1.0
706058,上櫃,0.0,0.0,0.0
706059,上櫃,0.0,0.0,0.0
706060,上櫃,5.65,5.35,11.0
706061,上櫃,2.95,2.95,1.0
706062,上櫃,1.1,1.2,531.0
706063,上櫃,0.81,0.85,720.0
706064,上櫃,0.0,0.0,0.0
706065,上櫃,3.82,3.65,108.0
706066,上櫃,1.16,1.17,23.0
706067,上櫃,0.0,0.0,0.0
706068,上櫃,0.0,0.0,0.0
706069,上櫃,0.75,0.76,677.0
706070,上櫃,0.86,0.88,389.0
706071,上櫃,0.88,0.9,209.0
706072,上櫃,6.35,5.75,440.0
706073,上櫃,2.08,2.08,15.0
706074,上櫃,1.82,1.71,49.0
706075,上櫃,0.0,0.0,0.0
706076,上櫃,0.0,0.0,0.0
706077,上櫃,2.26,2.26,5.0
706078,上櫃,0.51,0.51,96.0
706079,上櫃,4.3,4.52,13.0
706080,上櫃,0.46,0.43,155.0
706081,上櫃,0.0,0.0,0.0
706082,上櫃,1.51,1.48,1902.0
706083,上櫃,0.0,0.0,0.0
706084,上櫃,0.0,0.0,0.0
706085,上櫃,3.0,2.89,181.0
706086,上櫃,2.69,2.79,37.0
706087,上櫃,2.37,2.22,121.0
706088,上櫃,3.41,3.35,50.0
706089,上櫃,0.0,0.0,0.0
706090,上櫃,1.88,1.91,89.0
706091,上櫃,0.71,0.72,263.0
706092,上櫃,1.96,1.77,190.0
706093,上櫃,0.0,0.0,0.0
706094,上櫃,2.66,2.67,153.0
706095,上櫃,0.0,0.0,0.0
706096,上櫃,4.26,4.26,1.0
706097,上櫃,0.0,0.0,0.0
706098,上櫃,1.15,0.99,116.0
706099,上櫃,1.5,1.44,587.0
706100,上櫃,1.62,1.71,115.0
706101,上櫃,0.0,0.0,0.0
706102,上櫃,1.03,1.07,288.0
706103,上櫃,1.34,1.39,803.0
706104,上櫃,2.12,2.12,1.0
706105,上櫃,1.02,0.97,349.0
706106,上櫃,1.07,1.16,439.0
706107,上櫃,1.51,1.63,225.0
706108,上櫃,1.44,0.98,74.0
706109,上櫃,0.0,0.0,0.0
706110,上櫃,0.82,0.82,12.0
706111,上櫃,2.56,2.5,152.0
706112,上櫃,1.73,1.7,226.0
706113,上櫃,0.0,0.0,0.0
706114,上櫃,0.59,0.6,559.0
706115,上櫃,0.73,0.73,3.0
706116,上櫃,1.2,1.05,1028.0
706117,上櫃,1.49,1.39,19.0
706118,上櫃,0.0,0.0,0.0
706119,上櫃,0.82,0.79,324.0
706120,上櫃,1.89,1.95,52.0
706121,上櫃,1.46,1.32,812.0
706122,上櫃,3.76,3.57,137.0
706123,上櫃,3.28,3.42,76.0
706124,上櫃,1.17,1.19,304.0
706125,上櫃,0.0,0.0,0.0
706126,上櫃,0.48,0.49,262.0
706127,上櫃,0.0,0.0,0.0
706128,上櫃,0.58,0.6,108.0
706129,上櫃,1.18,1.06,233.0
706130,上櫃,0.47,0.47,150.0
706131,上櫃,0.0,0.0,0.0
706132,上櫃,0.0,0.0,0.0
706133,上櫃,0.92,0.87,870.0
706134,上櫃,1.09,1.03,1417.0
706135,上櫃,0.63,0.58,440.0
706136,上櫃,0.83,0.74,169.0
706137,上櫃,0.67,0.63,355.0
706138,上櫃,0.52,0.58,68.0
706139,上櫃,0.67,0.67,10.0
706140,上櫃,1.22,1.08,72.0
706141,上櫃,0.9,0.78,66.0
706142,上櫃,0.51,0.51,889.0
706143,上櫃,0.9,0.9,500.0
706144,上櫃,1.03,1.06,59.0
706145,上櫃,0.0,0.0,0.0
706146,上櫃,1.05,1.13,50.0
706147,上櫃,0.0,0.0,0.0
706148,上櫃,1.96,1.96,10.0
706149,上櫃,2.92,2.62,262.0
706150,上櫃,3.48,3.38,94.0
706151,上櫃,2.54,2.49,39.0
706152,上櫃,0.0,0.0,0.0
706153,上櫃,0.0,0.0,0.0
706154,上櫃,0.48,0.48,40.0
706155,上櫃,1.39,1.31,28.0
706156,上櫃,3.76,3.45,30.0
706157,上櫃,0.0,0.0,0.0
706158,上櫃,1.31,1.31,2548.0
706159,上櫃,7.0,6.8,2.0
706160,上櫃,1.71,1.77,62.0
706161,上櫃,2.61,2.52,80.0
706162,上櫃,2.95,2.8,420.0
706163,上櫃,3.41,3.33,11.0
706164,上櫃,2.4,2.52,116.0
706165,上櫃,0.86,0.82,188.0
706166,上櫃,0.0,0.0,0.0
706167,上櫃,2.6,2.77,60.0
706168,上櫃,0.0,0.0,0.0
706169,上櫃,3.79,3.79,1.0
706170,上櫃,1.73,1.86,12.0
706171,上櫃,2.73,2.57,526.0
706172,上櫃,0.0,0.0,0.0
706173,上櫃,0.0,0.0,0.0
706174,上櫃,1.59,1.59,24.0
706175,上櫃,2.3,2.07,203.0
706176,上櫃,2.54,2.3,490.0
706177,上櫃,0.0,0.0,0.0
706178,上櫃,2.24,2.17,18.0
706179,上櫃,0.0,0.0,0.0
706180,上櫃,1.97,2.05,69.0
706181,上櫃,0.56,0.56,10.0
706182,上櫃,1.23,1.19,3098.0
706183,上櫃,0.47,0.47,5.0
706184,上櫃,1.26,1.26,80.0
706185,上櫃,2.58,2.59,175.0
706186,上櫃,1.05,1.06,30.0
706187,上櫃,1.51,1.65,233.0
706188,上櫃,1.78,1.81,105.0
706189,上櫃,1.03,1.03,3.0
706190,上櫃,1.02,1.02,10.0
706191,上櫃,1.07,1.12,20.0
706192,上櫃,2.84,2.74,385.0
706193,上櫃,3.08,2.8,291.0
706194,上櫃,2.63,2.5,295.0
706195,上櫃,1.57,1.37,1049.0
706196,上櫃,0.65,0.67,900.0
706197,上櫃,1.02,1.06,459.0
706198,上櫃,0.52,0.49,1271.0
706199,上櫃,0.0,0.0,0.0
706200,上櫃,0.46,0.46,100.0
706201,上櫃,0.58,0.57,65.0
706202,上櫃,1.03,1.03,535.0
706203,上櫃,0.77,0.71,421.0
706204,上櫃,1.6,1.67,41.0
706205,上櫃,6.85,6.7,11.0
706206,上櫃,6.7,6.45,55.0
706207,上櫃,1.9,1.75,118.0
706208,上櫃,0.0,0.0,0.0
706209,上櫃,3.47,3.32,99.0
706210,上櫃,1.79,1.79,10.0
706211,上櫃,0.0,0.0,0.0
706212,上櫃,0.45,0.46,134.0
706213,上櫃,0.4,0.43,287.0
706214,上櫃,1.25,1.13,207.0
706215,上櫃,2.27,2.26,115.0
706216,上櫃,2.72,2.76,23.0
706217,上櫃,0.61,0.61,1.0
706218,上櫃,0.0,0.0,0.0
706219,上櫃,0.63,0.63,48.0
706220,上櫃,0.0,0.0,0.0
706221,上櫃,1.48,1.69,79.0
706222,上櫃,0.0,0.0,0.0
706223,上櫃,0.0,0.0,0.0
706224,上櫃,0.0,0.0,0.0
706225,上櫃,1.4,1.4,321.0
706226,上櫃,2.6,2.43,4.0
706227,上櫃,2.13,1.95,128.0
706228,上櫃,1.74,1.64,159.0
706229,上櫃,3.21,3.48,495.0
706230,上櫃,0.0,0.0,0.0
706231,上櫃,1.12,1.16,355.0
706232,上櫃,0.95,0.98,663.0
706233,上櫃,1.54,1.59,34.0
706234,上櫃,0.9,0.9,181.0
706235,上櫃,1.77,1.81,15.0
706236,上櫃,1.44,1.42,70.0
706237,上櫃,1.19,1.16,30.0
706238,上櫃,1.68,1.63,8.0
706239,上櫃,2.1,2.06,506.0
706240,上櫃,1.2,1.18,370.0
706241,上櫃,1.56,1.49,1006.0
706242,上櫃,0.0,0.0,0.0
706243,上櫃,1.51,1.51,6.0
706244,上櫃,1.57,1.49,76.0
706245,上櫃,1.63,1.63,6.0
706246,上櫃,6.85,7.0,17.0
706247,上櫃,2.43,2.45,5.0
706248,上櫃,0.0,0.0,0.0
706249,上櫃,0.0,0.0,0.0
706250,上櫃,4.42,5.0,327.0
706251,上櫃,3.6,3.56,48.0
706252,上櫃,4.91,5.55,274.0
706253,上櫃,3.38,3.79,207.0
706254,上櫃,0.0,0.0,0.0
706255,上櫃,1.56,1.7,116.0
706256,上櫃,0.0,0.0,0.0
706257,上櫃,2.78,3.05,125.0
706258,上櫃,2.38,2.47,150.0
706259,上櫃,1.13,1.08,314.0
706260,上櫃,1.13,1.09,259.0
706261,上櫃,0.65,0.65,1.0
706262,上櫃,0.0,0.0,0.0
706263,上櫃,0.0,0.0,0.0
706264,上櫃,8.0,8.8,13.0
706265,上櫃,1.68,1.78,216.0
706266,上櫃,3.28,3.28,3.0
706267,上櫃,1.78,1.75,224.0
706268,上櫃,0.89,0.91,336.0
706269,上櫃,1.58,1.51,105.0
706270,上櫃,0.0,0.0,0.0
706271,上櫃,1.64,1.54,98.0
706272,上櫃,0.0,0.0,0.0
706273,上櫃,9.25,9.3,10.0
706274,上櫃,1.54,1.55,98.0
706275,上櫃,3.67,3.92,431.0
706276,上櫃,2.04,2.11,12.0
706277,上櫃,2.85,2.79,217.0
706278,上櫃,2.53,2.5,325.0
706279,上櫃,0.0,0.0,0.0
706280,上櫃,0.0,0.0,0.0
706281,上櫃,1.5,1.5,20.0
706282,上櫃,0.67,0.66,81.0
706283,上櫃,0.82,0.81,373.0
706284,上櫃,0.51,0.52,55.0
706285,上櫃,3.11,3.5,146.0
706286,上櫃,0.0,0.0,0.0
706287,上櫃,0.72,0.71,34.0
706288,上櫃,1.79,1.73,168.0
706289,上櫃,2.51,2.65,34.0
706290,上櫃,0.0,0.0,0.0
706291,上櫃,2.92,2.75,606.0
706292,上櫃,1.43,1.43,2.0
706293,上櫃,1.79,1.92,138.0
706294,上櫃,0.0,0.0,0.0
706295,上櫃,0.0,0.0,0.0
706296,上櫃,3.29,3.27,278.0
706297,上櫃,2.61,2.77,53.0
706298,上櫃,1.53,1.49,28.0
706299,上櫃,1.63,1.57,486.0
706300,上櫃,1.92,1.97,247.0
706301,上櫃,1.5,1.55,141.0
706302,上櫃,1.84,2.01,73.0
706303,上櫃,0.88,0.88,88.0
706304,上櫃,1.4,1.48,105.0
706305,上櫃,2.88,2.88,3.0
706306,上櫃,1.98,1.98,1.0
706307,上櫃,6.85,7.8,58.0
706308,上櫃,2.64,2.85,323.0
706309,上櫃,1.84,1.8,146.0
706310,上櫃,1.89,1.73,294.0
706311,上櫃,0.0,0.0,0.0
706312,上櫃,0.0,0.0,0.0
706313,上櫃,0.0,0.0,0.0
706314,上櫃,1.14,1.24,37.0
706315,上櫃,0.0,0.0,0.0
706316,上櫃,4.25,4.25,10.0
706317,上櫃,0.0,0.0,0.0
706318,上櫃,1.34,1.42,975.0
706319,上櫃,3.2,3.27,50.0
706320,上櫃,1.22,1.22,36.0
706321,上櫃,1.74,1.9,338.0
706322,上櫃,3.5,3.5,108.0
706323,上櫃,3.35,3.21,9.0
706324,上櫃,2.42,2.63,150.0
706325,上櫃,2.72,2.47,125.0
706326,上櫃,1.08,1.11,33.0
706327,上櫃,0.0,0.0,0.0
706328,上櫃,4.38,4.4,23.0
706329,上櫃,0.0,0.0,0.0
706330,上櫃,2.55,2.55,5.0
706331,上櫃,2.39,2.47,49.0
706332,上櫃,2.01,1.96,80.0
706333,上櫃,0.0,0.0,0.0
706334,上櫃,1.63,1.65,442.0
706335,上櫃,1.77,1.83,72.0
706336,上櫃,0.74,0.72,30.0
706337,上櫃,0.0,0.0,0.0
706338,上櫃,0.52,0.5,60.0
706339,上櫃,0.0,0.0,0.0
706340,上櫃,0.96,0.95,620.0
706341,上櫃,0.69,0.65,784.0
706342,上櫃,0.0,0.0,0.0
706343,上櫃,0.0,0.0,0.0
706344,上櫃,0.54,0.54,10.0
706345,上櫃,0.73,0.75,420.0
706346,上櫃,0.0,0.0,0.0
706347,上櫃,0.9,0.87,340.0
706348,上櫃,1.25,1.27,14.0
706349,上櫃,1.83,1.84,120.0
706350,上櫃,0.71,0.79,204.0
706351,上櫃,3.91,3.73,110.0
706352,上櫃,0.0,0.0,0.0
706353,上櫃,1.03,1.04,250.0
706354,上櫃,1.19,1.19,3.0
706355,上櫃,1.17,1.17,69.0
706356,上櫃,0.0,0.0,0.0
706357,上櫃,2.99,4.92,3.0
706358,上櫃,0.0,0.0,0.0
706359,上櫃,1.5,2.8,15.0
706360,上櫃,3.56,3.35,65.0
706361,上櫃,0.0,0.0,0.0
706362,上櫃,3.71,3.41,70.0
706363,上櫃,1.55,1.51,6.0
706364,上櫃,1.41,1.48,354.0
706365,上櫃,1.55,1.55,375.0
706366,上櫃,1.25,1.34,591.0
706367,上櫃,1.05,0.98,773.0
706368,上櫃,1.52,1.57,12.0
706369,上櫃,0.0,0.0,0.0
706370,上櫃,4.47,3.96,14.0
706371,上櫃,1.46,1.59,114.0
706372,上櫃,0.0,0.0,0.0
706374,上櫃,12.8,12.8,1.0
706375,上櫃,1.85,1.76,176.0
706376,上櫃,1.63,1.53,30.0
706377,上櫃,0.0,0.0,0.0
706378,上櫃,0.78,0.77,93.0
706379,上櫃,1.4,1.39,105.0
706380,上櫃,0.99,1.26,267.0
706381,上櫃,0.0,0.0,0.0
706382,上櫃,1.88,1.9,52.0
706383,上櫃,2.2,2.01,107.0
706384,上櫃,2.97,2.84,33.0
706385,上櫃,2.14,2.02,231.0
706386,上櫃,0.0,0.0,0.0
706387,上櫃,0.75,0.75,28.0
706388,上櫃,0.0,0.0,0.0
706389,上櫃,0.79,0.88,78.0
706390,上櫃,1.81,1.79,90.0
706391,上櫃,2.51,2.57,76.0
706392,上櫃,0.0,0.0,0.0
706393,上櫃,0.0,0.0,0.0
706394,上櫃,1.61,1.61,1.0
706395,上櫃,0.0,0.0,0.0
706396,上櫃,1.89,1.81,39.0
706397,上櫃,1.78,1.76,40.0
706398,上櫃,1.07,1.07,17.0
706400,上櫃,1.78,1.66,340.0
706401,上櫃,6.15,5.0,14.0
706402,上櫃,0.85,0.84,230.0
706403,上櫃,0.77,0.65,198.0
706404,上櫃,1.0,0.94,749.0
706405,上櫃,1.0,0.93,705.0
706406,上櫃,1.74,1.89,378.0
706407,上櫃,1.75,1.92,275.0
706408,上櫃,0.89,0.91,197.0
706409,上櫃,1.82,1.94,98.0
706410,上櫃,0.0,0.0,0.0
706411,上櫃,1.01,1.01,10.0
706412,上櫃,4.56,4.08,14.0
706413,上櫃,2.59,2.63,83.0
706414,上櫃,1.83,1.83,25.0
706415,上櫃,7.6,7.2,24.0
706416,上櫃,1.37,1.37,4.0
706417,上櫃,0.94,0.9,63.0
706418,上櫃,1.53,1.52,103.0
706419,上櫃,0.0,0.0,0.0
706420,上櫃,0.81,0.83,83.0
706421,上櫃,0.82,0.78,35.0
706422,上櫃,1.19,1.07,578.0
706423,上櫃,0.68,0.68,20.0
706424,上櫃,0.72,0.75,716.0
706425,上櫃,0.57,0.57,500.0
706426,上櫃,3.16,2.82,67.0
706427,上櫃,3.85,3.47,84.0
706428,上櫃,1.57,1.57,1.0
706429,上櫃,1.27,1.33,88.0
706430,上櫃,1.58,1.7,15.0
706431,上櫃,0.0,0.0,0.0
706432,上櫃,0.77,0.82,22.0
706433,上櫃,1.83,1.83,26.0
706434,上櫃,1.86,1.79,14.0
706435,上櫃,6.05,7.3,15.0
706436,上櫃,1.15,1.14,53.0
706437,上櫃,0.0,0.0,0.0
706438,上櫃,0.0,0.0,0.0
706439,上櫃,1.0,0.93,382.0
706440,上櫃,0.0,0.0,0.0
706441,上櫃,3.72,3.72,2.0
706442,上櫃,0.0,0.0,0.0
706443,上櫃,1.66,1.66,1.0
706444,上櫃,1.59,1.59,5.0
706445,上櫃,1.58,1.62,6.0
706446,上櫃,1.8,1.66,18.0
706447,上櫃,1.76,1.76,186.0
706448,上櫃,2.06,1.9,331.0
706449,上櫃,1.23,1.22,324.0
706450,上櫃,0.64,0.65,56.0
706451,上櫃,0.46,0.48,40.0
706452,上櫃,0.46,0.45,38.0
706453,上櫃,2.23,2.06,135.0
706454,上櫃,0.92,0.88,107.0
706455,上櫃,0.74,0.74,405.0
706456,上櫃,0.0,0.0,0.0
706457,上櫃,0.57,0.55,230.0
706459,上櫃,0.79,0.86,119.0
706460,上櫃,0.76,0.76,38.0
706461,上櫃,1.23,1.14,398.0
706462,上櫃,1.21,1.27,120.0
706463,上櫃,1.72,1.77,321.0
706464,上櫃,37.9,40.2,2.0
706465,上櫃,4.44,4.08,181.0
706466,上櫃,1.83,2.0,50.0
706467,上櫃,1.65,1.77,241.0
706468,上櫃,1.8,1.76,638.0
706469,上櫃,8.55,8.55,20.0
706470,上櫃,12.0,9.75,94.0
706471,上櫃,1.94,1.94,2.0
706472,上櫃,1.9,1.91,62.0
706473,上櫃,7.25,8.0,13.0
706474,上櫃,2.2,2.24,61.0
706475,上櫃,1.07,1.07,10.0
706476,上櫃,1.86,1.91,22.0
706477,上櫃,2.77,2.88,152.0
706478,上櫃,2.14,2.16,44.0
706479,上櫃,3.53,3.57,20.0
706480,上櫃,0.0,0.0,0.0
706481,上櫃,6.6,6.1,184.0
706482,上櫃,1.58,1.63,9.0
706483,上櫃,0.0,0.0,0.0
706484,上櫃,1.94,1.85,71.0
706485,上櫃,0.0,0.0,0.0
706486,上櫃,1.69,1.58,350.0
706487,上櫃,0.0,0.0,0.0
706488,上櫃,1.66,1.56,65.0
706489,上櫃,1.6,1.39,143.0
706490,上櫃,4.62,4.2,229.0
706491,上櫃,0.0,0.0,0.0
706492,上櫃,1.05,1.0,68.0
706493,上櫃,2.07,2.1,250.0
706494,上櫃,6.1,6.1,10.0
706495,上櫃,5.3,5.65,2.0
706496,上櫃,2.18,2.39,38.0
706497,上櫃,0.9,0.9,78.0
706498,上櫃,0.0,0.0,0.0
706499,上櫃,5.9,5.75,32.0
706500,上櫃,0.0,0.0,0.0
706501,上櫃,2.08,2.01,36.0
706502,上櫃,1.19,1.23,2518.0
706503,上櫃,0.69,0.74,87.0
706504,上櫃,0.0,0.0,0.0
706505,上櫃,0.0,0.0,0.0
706506,上櫃,0.79,0.8,613.0
706507,上櫃,0.71,0.71,1466.0
706508,上櫃,0.64,0.63,2479.0
706509,上櫃,0.89,0.92,1100.0
706510,上櫃,1.75,1.84,165.0
706511,上櫃,1.16,1.35,523.0
706512,上櫃,1.76,1.76,63.0
706513,上櫃,1.88,1.82,113.0
706514,上櫃,1.17,1.13,358.0
706515,上櫃,1.36,1.24,41.0
706516,上櫃,1.48,1.48,2.0
706517,上櫃,1.97,1.98,331.0
706518,上櫃,0.0,0.0,0.0
706519,上櫃,1.85,1.99,170.0
706520,上櫃,1.0,1.05,1094.0
706521,上櫃,0.0,0.0,0.0
706522,上櫃,2.08,2.37,80.0
706523,上櫃,1.42,1.26,194.0
706524,上櫃,0.0,0.0,0.0
706525,上櫃,4.8,5.4,58.0
706526,上櫃,1.22,1.16,253.0
706527,上櫃,1.14,1.19,180.0
706528,上櫃,1.86,1.62,38.0
706529,上櫃,1.07,1.07,18.0
706530,上櫃,1.58,1.57,10.0
706531,上櫃,1.86,1.73,45.0
706532,上櫃,0.0,0.0,0.0
706533,上櫃,0.79,0.76,15.0
706534,上櫃,2.14,2.13,42.0
706535,上櫃,3.29,2.96,294.0
706536,上櫃,0.0,0.0,0.0
706537,上櫃,1.44,1.64,132.0
706538,上櫃,1.35,1.45,91.0
706539,上櫃,0.0,0.0,0.0
706540,上櫃,1.9,1.75,6.0
706541,上櫃,0.0,0.0,0.0
706542,上櫃,2.05,1.95,28.0
706543,上櫃,1.59,1.46,76.0
706544,上櫃,1.85,1.85,231.0
706545,上櫃,3.94,3.83,273.0
706546,上櫃,8.0,7.35,10.0
706547,上櫃,1.46,1.35,586.0
706548,上櫃,0.0,0.0,0.0
706549,上櫃,1.66,1.66,209.0
706550,上櫃,0.0,0.0,0.0
706551,上櫃,0.59,0.6,108.0
706552,上櫃,2.97,3.07,28.0
706553,上櫃,0.0,0.0,0.0
706554,上櫃,1.05,1.05,15.0
706555,上櫃,0.39,0.39,18.0
706556,上櫃,1.31,1.32,127.0
706557,上櫃,0.9,0.98,550.0
706558,上櫃,0.0,0.0,0.0
706559,上櫃,0.0,0.0,0.0
706560,上櫃,0.0,0.0,0.0
706561,上櫃,3.44,3.44,1.0
706562,上櫃,0.0,0.0,0.0
706563,上櫃,1.4,1.52,57.0
706564,上櫃,0.59,0.62,843.0
706565,上櫃,1.6,1.58,116.0
706566,上櫃,1.22,1.25,245.0
706567,上櫃,0.86,0.87,2377.0
706568,上櫃,1.5,1.48,24.0
706569,上櫃,1.48,1.54,125.0
706570,上櫃,0.78,0.78,1.0
706571,上櫃,0.98,0.98,49.0
706572,上櫃,1.42,1.48,33.0
706573,上櫃,0.0,0.0,0.0
706574,上櫃,2.95,2.72,225.0
706575,上櫃,5.3,5.2,49.0
706576,上櫃,2.49,2.5,11.0
706577,上櫃,1.79,1.75,251.0
706578,上櫃,1.37,1.38,195.0
706579,上櫃,1.88,1.65,83.0
706580,上櫃,0.0,0.0,0.0
706581,上櫃,1.21,1.08,833.0
706582,上櫃,7.55,7.55,1.0
706583,上櫃,6.8,7.0,10.0
706584,上櫃,0.0,0.0,0.0
706585,上櫃,0.95,0.9,86.0
706586,上櫃,1.91,1.87,298.0
706587,上櫃,2.03,2.03,10.0
706588,上櫃,1.3,1.25,47.0
706589,上櫃,4.08,4.16,75.0
706590,上櫃,0.99,0.97,42.0
706591,上櫃,1.33,1.42,664.0
706592,上櫃,1.69,1.83,154.0
706593,上櫃,1.18,1.24,261.0
706594,上櫃,0.69,0.71,1151.0
706595,上櫃,1.7,1.73,119.0
706596,上櫃,1.6,1.6,126.0
706597,上櫃,1.66,1.6,80.0
706598,上櫃,0.0,0.0,0.0
706599,上櫃,4.54,3.95,229.0
706600,上櫃,0.0,0.0,0.0
706601,上櫃,0.0,0.0,0.0
706602,上櫃,2.04,2.04,6.0
706603,上櫃,2.38,2.42,109.0
706604,上櫃,1.64,1.48,46.0
706605,上櫃,0.0,0.0,0.0
706606,上櫃,0.0,0.0,0.0
706607,上櫃,4.03,3.65,90.0
706608,上櫃,2.65,2.68,64.0
706609,上櫃,1.91,2.02,38.0
706610,上櫃,1.86,1.82,221.0
706611,上櫃,1.11,1.13,92.0
706612,上櫃,1.8,1.75,61.0
706613,上櫃,0.0,0.0,0.0
706614,上櫃,2.95,2.96,30.0
706615,上櫃,1.55,1.55,16.0
706616,上櫃,0.0,0.0,0.0
706617,上櫃,1.37,1.49,48.0
706618,上櫃,0.89,0.89,16.0
706619,上櫃,0.0,0.0,0.0
706620,上櫃,1.12,0.99,270.0
706621,上櫃,1.29,1.19,41.0
706622,上櫃,1.1,1.1,38.0
706623,上櫃,2.13,2.11,32.0
706624,上櫃,1.69,1.78,102.0
706625,上櫃,0.0,0.0,0.0
706626,上櫃,0.0,0.0,0.0
706627,上櫃,1.87,1.87,16.0
706628,上櫃,0.0,0.0,0.0
706629,上櫃,0.0,0.0,0.0
706630,上櫃,2.89,2.88,6.0
706631,上櫃,3.37,3.21,25.0
706632,上櫃,2.24,2.08,127.0
706633,上櫃,2.51,2.28,54.0
706634,上櫃,2.64,2.4,34.0
706635,上櫃,3.08,2.85,56.0
706636,上櫃,2.23,2.04,713.0
706637,上櫃,3.25,3.02,25.0
706638,上櫃,2.12,1.93,582.0
706639,上櫃,0.74,0.78,208.0
706640,上櫃,1.0,1.02,93.0
706641,上櫃,1.37,1.3,179.0
706642,上櫃,1.58,1.55,93.0
706643,上櫃,0.0,0.0,0.0
706644,上櫃,1.76,1.76,79.0
706645,上櫃,0.84,0.74,165.0
706646,上櫃,3.43,3.13,82.0
706647,上櫃,2.94,2.81,122.0
706648,上櫃,2.65,2.65,20.0
706649,上櫃,0.0,0.0,0.0
706650,上櫃,1.16,1.16,30.0
706651,上櫃,0.0,0.0,0.0
706652,上櫃,0.64,0.55,194.0
706653,上櫃,0.0,0.0,0.0
706654,上櫃,0.0,0.0,0.0
706655,上櫃,0.0,0.0,0.0
706656,上櫃,0.0,0.0,0.0
706657,上櫃,2.25,2.22,2.0
706658,上櫃,1.1,1.14,207.0
706659,上櫃,2.0,1.84,180.0
706660,上櫃,0.97,0.91,395.0
706661,上櫃,0.76,0.76,13.0
706662,上櫃,0.88,0.95,300.0
706663,上櫃,0.62,0.62,7.0
706664,上櫃,0.0,0.0,0.0
706665,上櫃,0.0,0.0,0.0
706666,上櫃,1.97,1.75,60.0
706667,上櫃,0.0,0.0,0.0
706668,上櫃,1.15,1.15,31.0
706669,上櫃,0.73,0.74,57.0
706670,上櫃,0.0,0.0,0.0
706671,上櫃,1.24,1.2,1553.0
706672,上櫃,1.11,1.11,350.0
706673,上櫃,3.35,3.32,28.0
706675,上櫃,1.92,1.71,189.0
706676,上櫃,1.07,1.08,174.0
706677,上櫃,1.09,1.07,406.0
706678,上櫃,0.75,0.74,174.0
706679,上櫃,1.75,1.73,198.0
706680,上櫃,0.0,0.0,0.0
706681,上櫃,1.19,1.19,21.0
706682,上櫃,1.81,1.79,245.0
706683,上櫃,1.58,1.56,127.0
706684,上櫃,0.0,0.0,0.0
706685,上櫃,0.0,0.0,0.0
706686,上櫃,3.77,3.77,33.0
706687,上櫃,1.92,1.89,25.0
706688,上櫃,0.0,0.0,0.0
706689,上櫃,1.29,1.29,1.0
706690,上櫃,1.55,1.62,336.0
706691,上櫃,1.26,1.5,59.0
706692,上櫃,0.0,0.0,0.0
706693,上櫃,2.57,2.47,260.0
706694,上櫃,0.0,0.0,0.0
706695,上櫃,1.3,1.35,596.0
706696,上櫃,1.77,1.84,136.0
706697,上櫃,0.74,0.73,215.0
706698,上櫃,1.53,1.72,109.0
706699,上櫃,3.05,3.06,41.0
706700,上櫃,2.45,2.39,40.0
706701,上櫃,1.85,1.95,4.0
706702,上櫃,1.23,1.18,26.0
706703,上櫃,0.0,0.0,0.0
706704,上櫃,0.92,0.89,103.0
706705,上櫃,0.0,0.0,0.0
706706,上櫃,2.74,2.74,4.0
706707,上櫃,1.05,1.02,117.0
706708,上櫃,3.4,3.18,266.0
706709,上櫃,2.12,2.31,517.0
706710,上櫃,0.67,0.71,195.0
706711,上櫃,1.19,1.25,1254.0
706712,上櫃,0.7,0.8,891.0
706713,上櫃,1.14,1.2,1497.0
706714,上櫃,0.92,0.9,1348.0
706715,上櫃,0.87,0.87,172.0
706716,上櫃,0.81,0.81,494.0
706717,上櫃,2.42,2.42,6.0
706718,上櫃,0.0,0.0,0.0
706719,上櫃,0.0,0.0,0.0
706720,上櫃,3.29,3.29,10.0
706721,上櫃,1.93,2.03,390.0
706722,上櫃,0.0,0.0,0.0
706723,上櫃,1.1,0.99,780.0
706724,上櫃,0.9,0.99,452.0
706725,上櫃,1.61,1.74,396.0
706726,上櫃,1.98,1.98,6.0
706727,上櫃,2.07,2.29,261.0
706728,上櫃,1.61,1.57,386.0
706729,上櫃,3.17,3.17,3.0
706730,上櫃,2.76,2.49,101.0
706731,上櫃,2.93,2.93,3.0
706732,上櫃,2.12,2.2,27.0
706733,上櫃,1.45,1.33,279.0
706734,上櫃,1.8,1.99,120.0
706735,上櫃,0.63,0.64,499.0
706736,上櫃,2.0,1.89,131.0
706737,上櫃,1.41,1.42,65.0
706738,上櫃,1.76,1.77,11.0
706739,上櫃,0.0,0.0,0.0
706740,上櫃,2.26,2.26,10.0
706741,上櫃,1.75,1.54,92.0
706742,上櫃,3.05,3.05,10.0
706743,上櫃,2.29,2.29,271.0
706744,上櫃,1.61,1.63,13.0
706745,上櫃,1.44,1.44,50.0
706746,上櫃,5.85,5.85,6.0
706747,上櫃,1.8,1.72,95.0
706748,上櫃,0.0,0.0,0.0
706749,上櫃,0.0,0.0,0.0
706750,上櫃,0.0,0.0,0.0
706751,上櫃,0.98,1.05,1018.0
706752,上櫃,1.16,1.1,414.0
706753,上櫃,1.14,1.14,20.0
706754,上櫃,1.8,1.76,23.0
706755,上櫃,1.53,1.8,395.0
706756,上櫃,1.41,1.63,270.0
706757,上櫃,0.0,0.0,0.0
706758,上櫃,1.08,1.08,26.0
706759,上櫃,0.0,0.0,0.0
706760,上櫃,1.63,1.55,106.0
706761,上櫃,0.0,0.0,0.0
706762,上櫃,2.3,2.02,376.0
706763,上櫃,5.0,5.6,27.0
706764,上櫃,5.05,5.05,9.0
706765,上櫃,0.0,0.0,0.0
706766,上櫃,1.35,1.41,284.0
706767,上櫃,1.17,1.12,25.0
706768,上櫃,0.95,0.99,150.0
706769,上櫃,1.16,1.13,113.0
706770,上櫃,3.26,3.82,158.0
706771,上櫃,1.54,1.81,477.0
706772,上櫃,0.0,0.0,0.0
706773,上櫃,0.0,0.0,0.0
706774,上櫃,1.51,1.51,140.0
706775,上櫃,1.94,1.93,52.0
706776,上櫃,1.92,1.89,70.0
706777,上櫃,1.98,1.98,99.0
706778,上櫃,5.55,5.8,35.0
706779,上櫃,1.48,1.41,116.0
706780,上櫃,0.81,0.79,1280.0
706781,上櫃,0.59,0.61,50.0
706782,上櫃,3.56,3.5,10.0
706783,上櫃,2.81,2.69,46.0
706784,上櫃,1.49,1.5,49.0
706785,上櫃,1.22,1.28,24.0
706786,上櫃,4.24,4.38,334.0
706787,上櫃,1.8,1.85,12.0
706788,上櫃,5.35,5.35,30.0
706789,上櫃,1.78,1.82,412.0
706790,上櫃,1.88,1.88,52.0
706791,上櫃,1.49,1.5,65.0
706792,上櫃,0.0,0.0,0.0
706793,上櫃,0.76,0.75,1276.0
706794,上櫃,1.21,1.15,40.0
706795,上櫃,0.0,0.0,0.0
706796,上櫃,1.65,1.65,6.0
706797,上櫃,2.58,2.58,10.0
706798,上櫃,0.77,0.77,758.0
706799,上櫃,0.88,0.86,145.0
706800,上櫃,0.74,0.74,60.0
706801,上櫃,0.71,0.71,40.0
706802,上櫃,0.58,0.58,1.0
706803,上櫃,0.74,0.76,232.0
706804,上櫃,0.45,0.45,110.0
706805,上櫃,0.53,0.53,25.0
706806,上櫃,0.54,0.56,75.0
706807,上櫃,2.8,3.01,40.0
706808,上櫃,0.6,0.64,112.0
706809,上櫃,3.28,3.4,30.0
706810,上櫃,2.19,2.19,24.0
706811,上櫃,7.4,7.4,50.0
706812,上櫃,3.11,3.38,74.0
706813,上櫃,4.79,4.09,88.0
706814,上櫃,2.73,2.83,372.0
706815,上櫃,2.5,2.34,146.0
706816,上櫃,1.97,2.18,63.0
706817,上櫃,0.0,0.0,0.0
706818,上櫃,0.0,0.0,0.0
706819,上櫃,2.09,2.28,119.0
706820,上櫃,5.9,6.2,13.0
706821,上櫃,3.19,3.29,15.0
706822,上櫃,1.89,1.8,16.0
706823,上櫃,2.09,2.09,5.0
706824,上櫃,2.28,2.26,17.0
706825,上櫃,3.17,3.1,157.0
706826,上櫃,1.41,1.37,18.0
706827,上櫃,0.0,0.0,0.0
706828,上櫃,1.8,1.84,73.0
706829,上櫃,1.5,1.49,510.0
706830,上櫃,1.04,1.05,3836.0
706831,上櫃,0.0,0.0,0.0
706832,上櫃,4.45,5.2,455.0
706833,上櫃,3.56,4.06,68.0
706834,上櫃,0.0,0.0,0.0
706835,上櫃,2.23,2.62,250.0
706836,上櫃,0.93,0.87,381.0
706837,上櫃,1.73,1.9,93.0
706838,上櫃,0.62,0.65,552.0
706839,上櫃,2.04,2.09,78.0
706840,上櫃,1.27,1.26,30.0
706841,上櫃,1.36,1.36,157.0
706842,上櫃,0.0,0.0,0.0
706843,上櫃,0.97,0.95,1908.0
706844,上櫃,0.66,0.63,223.0
706845,上櫃,0.93,0.95,241.0
706846,上櫃,0.69,0.68,64.0
706847,上櫃,0.74,0.74,223.0
706848,上櫃,1.43,1.68,374.0
706849,上櫃,4.03,4.27,50.0
706850,上櫃,0.0,0.0,0.0
706851,上櫃,0.0,0.0,0.0
706852,上櫃,0.91,0.92,109.0
706853,上櫃,0.0,0.0,0.0
706854,上櫃,7.25,8.05,17.0
706855,上櫃,2.84,2.8,4.0
706856,上櫃,3.58,3.78,324.0
706857,上櫃,0.0,0.0,0.0
706858,上櫃,2.42,2.68,179.0
706859,上櫃,0.0,0.0,0.0
706860,上櫃,0.0,0.0,0.0
706861,上櫃,0.0,0.0,0.0
706862,上櫃,1.43,1.39,111.0
706863,上櫃,1.29,1.31,230.0
706864,上櫃,4.55,4.95,31.0
706865,上櫃,0.0,0.0,0.0
706866,上櫃,0.0,0.0,0.0
706867,上櫃,0.0,0.0,0.0
706868,上櫃,1.21,1.21,118.0
706869,上櫃,0.0,0.0,0.0
706870,上櫃,0.6,0.6,1.0
706871,上櫃,0.83,0.83,2.0
706872,上櫃,1.37,1.5,89.0
706873,上櫃,2.59,2.46,204.0
706874,上櫃,2.49,2.56,45.0
706875,上櫃,1.5,1.5,7.0
706876,上櫃,0.0,0.0,0.0
706877,上櫃,1.41,1.73,43.0
706878,上櫃,0.0,0.0,0.0
706879,上櫃,1.43,1.43,29.0
706880,上櫃,3.6,3.3,5.0
706881,上櫃,1.69,1.72,76.0
706882,上櫃,0.0,0.0,0.0
706883,上櫃,5.05,5.15,57.0
706884,上櫃,5.45,5.45,1.0
706885,上櫃,0.0,0.0,0.0
706886,上櫃,1.57,1.66,149.0
706887,上櫃,1.89,1.84,181.0
706888,上櫃,0.0,0.0,0.0
706889,上櫃,1.67,1.59,248.0
706890,上櫃,0.84,0.79,79.0
706891,上櫃,0.52,0.49,63.0
706892,上櫃,1.65,1.6,349.0
706893,上櫃,0.0,0.0,0.0
706894,上櫃,2.24,2.09,149.0
706895,上櫃,2.16,2.1,321.0
706896,上櫃,0.64,0.68,117.0
706897,上櫃,1.94,1.96,38.0
706898,上櫃,0.0,0.0,0.0
706899,上櫃,4.08,4.15,181.0
706900,上櫃,2.11,2.11,12.0
706901,上櫃,2.02,2.12,484.0
706902,上櫃,2.07,2.12,11.0
706903,上櫃,4.77,5.25,36.0
706904,上櫃,0.0,0.0,0.0
706905,上櫃,1.21,1.23,15.0
706906,上櫃,2.68,1.75,738.0
706907,上櫃,0.0,0.0,0.0
706908,上櫃,0.0,0.0,0.0
706909,上櫃,0.0,0.0,0.0
706910,上櫃,2.45,2.41,55.0
706911,上櫃,5.95,6.65,109.0
706912,上櫃,1.13,1.13,25.0
706913,上櫃,1.0,0.9,46.0
706914,上櫃,0.0,0.0,0.0
706915,上櫃,1.52,1.56,73.0
706916,上櫃,1.42,1.42,51.0
706917,上櫃,1.53,1.52,81.0
706918,上櫃,0.0,0.0,0.0
706919,上櫃,0.0,0.0,0.0
706920,上櫃,2.87,2.87,5.0
706921,上櫃,0.0,0.0,0.0
706922,上櫃,2.16,2.32,21.0
706923,上櫃,1.44,1.44,1.0
706924,上櫃,1.18,1.02,138.0
706925,上櫃,0.0,0.0,0.0
706926,上櫃,0.0,0.0,0.0
706927,上櫃,0.0,0.0,0.0
706928,上櫃,5.8,6.35,600.0
706929,上櫃,1.0,1.07,20.0
706930,上櫃,2.11,2.19,30.0
706931,上櫃,3.0,3.0,2.0
706932,上櫃,1.67,1.63,30.0
706933,上櫃,0.0,0.0,0.0
706934,上櫃,1.13,1.13,289.0
706935,上櫃,1.74,1.87,163.0
706936,上櫃,0.78,0.78,120.0
706937,上櫃,0.79,0.75,15.0
706938,上櫃,1.95,1.85,17.0
706939,上櫃,1.57,1.6,43.0
706940,上櫃,1.89,1.82,35.0
706941,上櫃,0.0,0.0,0.0
706942,上櫃,0.0,0.0,0.0
706943,上櫃,1.69,2.07,22.0
706944,上櫃,0.0,0.0,0.0
706945,上櫃,0.0,0.0,0.0
706946,上櫃,1.82,1.82,12.0
706947,上櫃,0.0,0.0,0.0
706948,上櫃,1.57,1.57,1.0
706949,上櫃,2.13,2.31,247.0
706950,上櫃,2.12,2.13,203.0
706951,上櫃,1.52,1.42,230.0
706952,上櫃,0.96,0.97,134.0
706953,上櫃,1.09,1.09,88.0
706954,上櫃,0.0,0.0,0.0
706955,上櫃,0.0,0.0,0.0
706956,上櫃,0.0,0.0,0.0
706957,上櫃,1.66,1.66,555.0
706958,上櫃,0.0,0.0,0.0
706959,上櫃,4.55,4.55,1.0
706960,上櫃,0.0,0.0,0.0
706961,上櫃,0.0,0.0,0.0
706962,上櫃,2.32,2.29,59.0
706963,上櫃,0.0,0.0,0.0
706964,上櫃,1.89,1.91,37.0
706965,上櫃,1.34,1.34,162.0
706966,上櫃,1.25,2.2,240.0
706967,上櫃,0.0,0.0,0.0
706968,上櫃,1.85,1.85,10.0
706969,上櫃,1.05,1.03,55.0
706970,上櫃,1.66,1.61,57.0
706971,上櫃,1.77,1.78,67.0
706972,上櫃,0.0,0.0,0.0
706973,上櫃,0.0,0.0,0.0
706974,上櫃,1.46,1.53,132.0
706975,上櫃,1.38,1.32,103.0
706976,上櫃,0.0,0.0,0.0
706977,上櫃,0.0,0.0,0.0
706978,上櫃,2.47,2.47,5.0
706979,上櫃,3.03,3.03,20.0
706980,上櫃,0.7,0.66,358.0
706981,上櫃,0.67,0.65,454.0
706982,上櫃,0.0,0.0,0.0
706983,上櫃,2.4,2.4,2.0
706984,上櫃,1.66,1.67,309.0
706985,上櫃,1.61,1.6,2.0
706986,上櫃,0.0,0.0,0.0
706987,上櫃,0.0,0.0,0.0
706988,上櫃,0.0,0.0,0.0
706989,上櫃,1.15,1.17,311.0
706990,上櫃,0.66,0.71,121.0
706991,上櫃,0.67,0.67,66.0
706992,上櫃,6.0,6.25,23.0
706993,上櫃,0.0,0.0,0.0
706994,上櫃,1.26,1.16,176.0
706995,上櫃,1.82,1.76,25.0
706996,上櫃,1.39,1.35,23.0
706997,上櫃,0.0,0.0,0.0
706998,上櫃,1.81,1.88,40.0
706999,上櫃,1.15,1.03,66.0
707000,上櫃,1.21,1.11,166.0
707001,上櫃,1.3,1.23,20.0
707002,上櫃,1.21,1.22,6.0
707003,上櫃,3.38,4.12,7.0
707004,上櫃,3.55,3.52,314.0
707005,上櫃,1.95,1.94,265.0
707006,上櫃,1.09,1.21,45.0
707007,上櫃,0.0,0.0,0.0
707008,上櫃,0.0,0.0,0.0
707009,上櫃,0.0,0.0,0.0
707010,上櫃,0.0,0.0,0.0
707011,上櫃,0.0,0.0,0.0
707012,上櫃,0.0,0.0,0.0
707013,上櫃,0.0,0.0,0.0
707014,上櫃,0.0,0.0,0.0
707015,上櫃,1.05,1.02,458.0
707016,上櫃,0.0,0.0,0.0
707017,上櫃,1.23,1.14,229.0
707018,上櫃,0.0,0.0,0.0
707019,上櫃,0.0,0.0,0.0
707020,上櫃,0.0,0.0,0.0
707021,上櫃,1.77,1.77,1.0
707022,上櫃,1.4,1.66,829.0
707023,上櫃,0.0,0.0,0.0
707024,上櫃,3.08,3.05,9.0
707025,上櫃,1.72,1.72,602.0
707026,上櫃,1.71,1.71,6.0
707027,上櫃,4.89,5.5,132.0
707028,上櫃,1.54,1.77,28.0
707029,上櫃,0.0,0.0,0.0
707030,上櫃,0.0,0.0,0.0
707031,上櫃,0.0,0.0,0.0
707032,上櫃,2.26,2.24,7.0
707033,上櫃,2.06,2.04,114.0
707034,上櫃,0.0,0.0,0.0
707035,上櫃,0.0,0.0,0.0
707036,上櫃,2.46,2.2,11.0
707037,上櫃,2.14,2.14,1.0
707038,上櫃,2.78,2.47,32.0
707039,上櫃,0.0,0.0,0.0
707040,上櫃,1.33,1.11,219.0
707041,上櫃,1.64,2.05,115.0
707042,上櫃,0.0,0.0,0.0
707043,上櫃,1.61,1.62,76.0
707044,上櫃,0.0,0.0,0.0
707045,上櫃,0.67,0.68,12.0
707046,上櫃,0.76,0.7,23.0
707047,上櫃,1.27,1.18,370.0
707048,上櫃,0.67,0.67,58.0
707049,上櫃,0.0,0.0,0.0
707050,上櫃,1.0,1.02,12.0
707051,上櫃,1.58,1.61,188.0
707052,上櫃,0.74,0.69,11.0
707053,上櫃,0.0,0.0,0.0
707054,上櫃,1.95,1.98,576.0
707055,上櫃,0.0,0.0,0.0
707056,上櫃,2.04,2.09,71.0
707057,上櫃,0.94,0.96,150.0
707058,上櫃,1.96,2.05,55.0
707059,上櫃,0.0,0.0,0.0
707060,上櫃,1.19,1.18,56.0
707061,上櫃,0.79,0.91,313.0
707062,上櫃,1.52,1.57,113.0
707063,上櫃,2.56,3.2,42.0
707064,上櫃,3.79,3.23,74.0
707065,上櫃,3.68,4.44,800.0
707066,上櫃,1.14,1.16,47.0
707067,上櫃,1.34,1.34,68.0
707068,上櫃,0.0,0.0,0.0
707069,上櫃,1.28,1.52,3192.0
707070,上櫃,1.51,1.6,259.0
707071,上櫃,0.0,0.0,0.0
707072,上櫃,0.88,0.88,1.0
707073,上櫃,0.71,0.7,256.0
707074,上櫃,0.0,0.0,0.0
707075,上櫃,0.81,0.82,65.0
707076,上櫃,0.69,0.7,89.0
707077,上櫃,0.89,0.88,327.0
707078,上櫃,0.8,0.78,116.0
707079,上櫃,0.59,0.59,10.0
707080,上櫃,0.0,0.0,0.0
707081,上櫃,0.93,0.93,100.0
707082,上櫃,0.72,0.72,53.0
707083,上櫃,1.54,1.29,393.0
707084,上櫃,0.0,0.0,0.0
707085,上櫃,1.03,1.03,48.0
707086,上櫃,0.89,0.89,50.0
707087,上櫃,0.88,0.88,74.0
707088,上櫃,0.77,0.74,35.0
707089,上櫃,0.66,0.67,71.0
707090,上櫃,0.62,0.62,5.0
707091,上櫃,1.31,1.27,14.0
707092,上櫃,2.17,2.02,287.0
707093,上櫃,0.0,0.0,0.0
707094,上櫃,0.0,0.0,0.0
707095,上櫃,0.0,0.0,0.0
707096,上櫃,1.36,1.32,33.0
707097,上櫃,0.99,1.0,2.0
707098,上櫃,0.0,0.0,0.0
707099,上櫃,0.0,0.0,0.0
707100,上櫃,0.0,0.0,0.0
707101,上櫃,2.84,2.84,15.0
707102,上櫃,0.0,0.0,0.0
707103,上櫃,1.37,1.42,105.0
707104,上櫃,2.04,1.98,1652.0
707105,上櫃,5.4,5.4,17.0
707106,上櫃,0.0,0.0,0.0
707107,上櫃,0.0,0.0,0.0
707108,上櫃,2.24,2.57,170.0
707109,上櫃,1.74,1.84,9.0
707110,上櫃,0.0,0.0,0.0
707111,上櫃,2.47,2.47,32.0
707112,上櫃,2.59,2.34,54.0
707113,上櫃,2.05,1.97,26.0
707114,上櫃,3.1,3.52,27.0
707115,上櫃,0.0,0.0,0.0
707116,上櫃,0.0,0.0,0.0
707117,上櫃,2.12,2.01,20.0
707118,上櫃,0.0,0.0,0.0
707119,上櫃,0.0,0.0,0.0
707120,上櫃,0.0,0.0,0.0
707121,上櫃,0.0,0.0,0.0
707122,上櫃,1.98,2.04,46.0
707123,上櫃,0.96,1.04,636.0
707124,上櫃,1.23,1.24,123.0
707125,上櫃,1.66,1.7,206.0
707126,上櫃,2.84,2.71,50.0
707127,上櫃,1.46,1.52,757.0
707128,上櫃,2.09,2.17,22.0
707129,上櫃,0.0,0.0,0.0
707130,上櫃,1.53,1.58,15.0
707131,上櫃,1.04,0.99,215.0
707132,上櫃,0.0,0.0,0.0
707133,上櫃,0.0,0.0,0.0
707134,上櫃,0.0,0.0,0.0
707135,上櫃,0.0,0.0,0.0
707136,上櫃,0.0,0.0,0.0
707137,上櫃,0.73,0.73,42.0
707138,上櫃,0.0,0.0,0.0
707139,上櫃,0.65,0.6,127.0
707140,上櫃,0.71,0.71,10.0
707141,上櫃,0.99,1.25,264.0
707142,上櫃,0.61,0.73,519.0
707143,上櫃,1.12,1.12,12.0
707144,上櫃,0.92,0.7,824.0
707145,上櫃,3.59,3.22,538.0
707146,上櫃,3.08,3.08,28.0
707147,上櫃,1.54,1.54,2.0
707148,上櫃,2.02,2.02,10.0
707149,上櫃,0.99,1.22,871.0
707150,上櫃,2.08,2.08,35.0
707151,上櫃,0.0,0.0,0.0
707152,上櫃,1.48,1.5,34.0
707153,上櫃,3.38,3.12,23.0
707154,上櫃,0.0,0.0,0.0
707155,上櫃,0.0,0.0,0.0
707156,上櫃,0.85,1.07,580.0
707157,上櫃,4.38,4.38,2.0
707158,上櫃,1.58,1.63,111.0
707159,上櫃,1.59,1.41,431.0
707160,上櫃,2.82,2.82,10.0
707161,上櫃,2.28,2.43,85.0
707162,上櫃,1.63,1.84,23.0
707163,上櫃,0.0,0.0,0.0
707164,上櫃,1.48,1.46,231.0
707165,上櫃,0.0,0.0,0.0
707166,上櫃,2.33,2.33,1.0
707167,上櫃,1.71,1.75,451.0
707168,上櫃,2.5,2.32,86.0
707169,上櫃,2.63,2.63,3.0
707170,上櫃,0.0,0.0,0.0
707171,上櫃,0.0,0.0,0.0
707172,上櫃,0.0,0.0,0.0
707173,上櫃,1.91,1.87,725.0
707174,上櫃,1.88,1.72,270.0
707175,上櫃,1.72,1.68,21.0
707176,上櫃,2.28,2.85,368.0
707177,上櫃,0.0,0.0,0.0
707178,上櫃,0.0,0.0,0.0
707179,上櫃,1.55,1.45,98.0
707180,上櫃,3.14,3.64,435.0
707181,上櫃,3.3,3.6,1209.0
707182,上櫃,1.49,1.49,3.0
707183,上櫃,1.84,1.75,633.0
707184,上櫃,0.0,0.0,0.0
707185,上櫃,0.0,0.0,0.0
707186,上櫃,0.0,0.0,0.0
707187,上櫃,3.41,3.4,2.0
707188,上櫃,1.24,1.33,604.0
707189,上櫃,1.65,1.52,87.0
707190,上櫃,2.11,2.15,113.0
707191,上櫃,1.9,1.95,51.0
707192,上櫃,1.81,1.99,53.0
707193,上櫃,2.32,2.34,103.0
707194,上櫃,0.68,0.67,30.0
707195,上櫃,0.0,0.0,0.0
707196,上櫃,0.84,0.83,19.0
707197,上櫃,0.74,0.72,836.0
707198,上櫃,0.9,0.86,289.0
707199,上櫃,0.68,0.68,30.0
707200,上櫃,0.71,0.7,48.0
707201,上櫃,0.0,0.0,0.0
707202,上櫃,0.0,0.0,0.0
707203,上櫃,0.85,0.98,175.0
707204,上櫃,0.77,0.9,722.0
707205,上櫃,1.01,0.96,28.0
707206,上櫃,0.0,0.0,0.0
707207,上櫃,0.0,0.0,0.0
707208,上櫃,2.29,2.49,66.0
707209,上櫃,1.57,1.7,20.0
707210,上櫃,0.55,0.58,2438.0
707211,上櫃,0.0,0.0,0.0
707212,上櫃,1.48,1.65,157.0
707213,上櫃,1.5,1.7,598.0
707214,上櫃,0.0,0.0,0.0
707215,上櫃,1.28,1.57,1398.0
707216,上櫃,1.09,1.05,345.0
707217,上櫃,1.29,1.2,278.0
707218,上櫃,1.44,1.48,12.0
707219,上櫃,1.76,1.82,30.0
707220,上櫃,1.35,1.71,270.0
707221,上櫃,1.65,1.67,907.0
707222,上櫃,1.26,1.26,57.0
707223,上櫃,1.32,1.33,165.0
707224,上櫃,2.38,2.63,232.0
707225,上櫃,3.26,3.5,119.0
707226,上櫃,4.42,4.79,15.0
707227,上櫃,1.56,1.47,126.0
707228,上櫃,1.68,1.62,259.0
707229,上櫃,0.89,0.92,240.0
707230,上櫃,1.64,1.64,10.0
707231,上櫃,0.83,0.81,11.0
707232,上櫃,1.88,1.99,107.0
707233,上櫃,0.0,0.0,0.0
707234,上櫃,0.0,0.0,0.0
707235,上櫃,1.36,1.33,104.0
707236,上櫃,1.54,1.54,44.0
707237,上櫃,1.77,1.79,21.0
707238,上櫃,0.0,0.0,0.0
707239,上櫃,0.72,0.74,417.0
707240,上櫃,1.09,0.99,266.0
707241,上櫃,1.03,1.04,300.0
707242,上櫃,2.2,1.95,142.0
707243,上櫃,0.0,0.0,0.0
707244,上櫃,0.85,0.85,1.0
707245,上櫃,0.85,0.87,7.0
707246,上櫃,1.63,1.53,187.0
707247,上櫃,0.99,0.98,336.0
707248,上櫃,0.75,0.72,27.0
707249,上櫃,0.0,0.0,0.0
707250,上櫃,0.0,0.0,0.0
707251,上櫃,0.0,0.0,0.0
707252,上櫃,1.26,1.25,4.0
707253,上櫃,0.0,0.0,0.0
707254,上櫃,0.0,0.0,0.0
707255,上櫃,1.18,1.18,10.0
707256,上櫃,0.0,0.0,0.0
707257,上櫃,1.73,1.95,168.0
707258,上櫃,1.55,1.5,51.0
707259,上櫃,0.84,0.81,380.0
707260,上櫃,0.0,0.0,0.0
707261,上櫃,1.19,1.11,74.0
707262,上櫃,1.48,1.48,80.0
707263,上櫃,0.88,0.82,46.0
707264,上櫃,1.03,1.15,408.0
707265,上櫃,0.0,0.0,0.0
707266,上櫃,0.67,0.67,1.0
707267,上櫃,0.75,0.74,128.0
707268,上櫃,0.77,0.69,540.0
707269,上櫃,0.88,0.85,62.0
707270,上櫃,0.0,0.0,0.0
707271,上櫃,0.78,0.78,30.0
707272,上櫃,0.62,0.62,2.0
707273,上櫃,0.0,0.0,0.0
707274,上櫃,0.76,1.0,503.0
707275,上櫃,1.02,1.02,15.0
707276,上櫃,0.68,0.62,26.0
707277,上櫃,0.0,0.0,0.0
707278,上櫃,0.0,0.0,0.0
707279,上櫃,1.06,1.06,1.0
707280,上櫃,0.0,0.0,0.0
707281,上櫃,1.2,1.17,13.0
707282,上櫃,2.58,2.74,105.0
707283,上櫃,0.0,0.0,0.0
707284,上櫃,0.0,0.0,0.0
707285,上櫃,0.0,0.0,0.0
707286,上櫃,1.28,1.28,5.0
707287,上櫃,0.0,0.0,0.0
707288,上櫃,0.0,0.0,0.0
707289,上櫃,1.31,1.43,249.0
707290,上櫃,0.83,0.81,131.0
707291,上櫃,0.0,0.0,0.0
707292,上櫃,1.13,1.13,7.0
707293,上櫃,1.42,1.42,192.0
707294,上櫃,2.03,2.22,39.0
707295,上櫃,1.93,1.94,7.0
707296,上櫃,1.7,1.7,2.0
707297,上櫃,0.0,0.0,0.0
707298,上櫃,0.9,1.02,77.0
707299,上櫃,0.85,0.94,2372.0
707300,上櫃,2.32,2.12,89.0
707301,上櫃,1.81,1.83,65.0
707302,上櫃,2.35,2.61,102.0
707303,上櫃,0.87,0.84,163.0
707304,上櫃,0.73,0.65,279.0
707305,上櫃,1.25,1.33,21.0
707306,上櫃,0.0,0.0,0.0
707307,上櫃,1.9,1.91,221.0
707308,上櫃,0.0,0.0,0.0
707309,上櫃,0.0,0.0,0.0
707310,上櫃,1.09,1.13,15.0
707311,上櫃,1.07,1.07,10.0
707312,上櫃,2.04,2.16,92.0
707313,上櫃,0.0,0.0,0.0
707314,上櫃,0.0,0.0,0.0
707315,上櫃,0.0,0.0,0.0
707316,上櫃,1.02,1.02,5.0
707317,上櫃,1.91,1.81,88.0
707318,上櫃,1.32,1.32,2.0
707319,上櫃,0.9,0.93,27.0
707320,上櫃,0.63,0.63,3.0
707321,上櫃,1.5,1.5,1.0
707322,上櫃,1.41,1.42,318.0
707323,上櫃,0.0,0.0,0.0
707324,上櫃,0.0,0.0,0.0
707325,上櫃,1.08,1.16,87.0
707326,上櫃,0.81,0.85,2.0
707327,上櫃,0.99,0.92,209.0
707328,上櫃,1.18,1.1,114.0
707329,上櫃,0.0,0.0,0.0
707330,上櫃,0.0,0.0,0.0
707331,上櫃,0.91,1.14,206.0
707332,上櫃,0.78,0.82,32.0
707333,上櫃,0.96,1.03,399.0
707334,上櫃,0.78,0.9,111.0
707335,上櫃,0.84,0.87,20.0
707336,上櫃,0.61,0.66,450.0
707337,上櫃,0.9,0.9,9.0
707338,上櫃,0.0,0.0,0.0
707339,上櫃,0.65,0.6,102.0
707340,上櫃,1.14,1.12,323.0
707341,上櫃,1.22,1.1,311.0
707342,上櫃,0.0,0.0,0.0
707343,上櫃,0.9,0.93,138.0
707344,上櫃,0.88,0.88,187.0
707345,上櫃,0.0,0.0,0.0
707346,上櫃,0.0,0.0,0.0
707347,上櫃,1.02,0.95,162.0
707348,上櫃,0.77,0.75,263.0
707349,上櫃,0.74,0.72,229.0
707350,上櫃,0.91,0.89,71.0
707351,上櫃,0.74,0.71,5.0
707352,上櫃,0.0,0.0,0.0
707353,上櫃,0.0,0.0,0.0
707354,上櫃,0.0,0.0,0.0
707355,上櫃,0.0,0.0,0.0
707356,上櫃,0.0,0.0,0.0
707357,上櫃,2.45,2.22,52.0
707358,上櫃,2.69,2.69,5.0
707359,上櫃,0.0,0.0,0.0
707360,上櫃,0.0,0.0,0.0
707361,上櫃,0.0,0.0,0.0
707362,上櫃,2.05,2.21,12.0
707363,上櫃,0.0,0.0,0.0
707364,上櫃,1.61,1.61,10.0
707365,上櫃,0.0,0.0,0.0
707366,上櫃,0.0,0.0,0.0
707367,上櫃,1.87,2.0,20.0
707368,上櫃,1.3,1.3,1.0
707369,上櫃,0.0,0.0,0.0
707370,上櫃,0.0,0.0,0.0
707371,上櫃,0.8,0.8,100.0
707372,上櫃,1.07,1.07,1.0
707373,上櫃,0.0,0.0,0.0
707374,上櫃,0.0,0.0,0.0
707375,上櫃,0.0,0.0,0.0
707376,上櫃,0.0,0.0,0.0
707377,上櫃,0.0,0.0,0.0
707378,上櫃,0.91,0.94,42.0
707379,上櫃,0.0,0.0,0.0
707380,上櫃,0.0,0.0,0.0
707381,上櫃,0.0,0.0,0.0
707382,上櫃,1.26,1.23,80.0
707383,上櫃,0.0,0.0,0.0
707384,上櫃,0.0,0.0,0.0
707385,上櫃,2.13,2.48,15.0
707386,上櫃,0.0,0.0,0.0
707387,上櫃,0.0,0.0,0.0
707388,上櫃,0.0,0.0,0.0
707389,上櫃,0.0,0.0,0.0
707390,上櫃,0.0,0.0,0.0
707391,上櫃,3.05,3.05,1.0
707392,上櫃,0.0,0.0,0.0
707393,上櫃,0.0,0.0,0.0
707394,上櫃,0.0,0.0,0.0
707395,上櫃,1.73,1.67,52.0
707396,上櫃,0.0,0.0,0.0
707397,上櫃,0.85,0.85,176.0
707398,上櫃,0.0,0.0,0.0
707399,上櫃,1.7,1.55,7.0
707400,上櫃,2.74,3.08,219.0
707401,上櫃,0.0,0.0,0.0
707402,上櫃,0.0,0.0,0.0
707403,上櫃,1.04,0.95,103.0
707404,上櫃,0.0,0.0,0.0
707405,上櫃,0.0,0.0,0.0
707406,上櫃,0.0,0.0,0.0
707407,上櫃,0.0,0.0,0.0
707408,上櫃,0.0,0.0,0.0
707409,上櫃,0.0,0.0,0.0
707410,上櫃,0.0,0.0,0.0
707411,上櫃,0.74,0.78,90.0
707412,上櫃,0.0,0.0,0.0
707413,上櫃,0.0,0.0,0.0
707414,上櫃,0.0,0.0,0.0
707415,上櫃,0.0,0.0,0.0
707416,上櫃,0.0,0.0,0.0
707417,上櫃,0.0,0.0,0.0
707418,上櫃,0.0,0.0,0.0
707419,上櫃,0.0,0.0,0.0
707420,上櫃,0.0,0.0,0.0
707421,上櫃,0.94,0.84,245.0
707422,上櫃,0.88,0.88,541.0
707423,上櫃,0.0,0.0,0.0
718098,上櫃,0.0,0.0,0.0
718099,上櫃,0.0,0.0,0.0
71841U,上櫃,0.0,0.0,0.0
71845U,上櫃,0.01,0.02,6.0
718730,上櫃,0.0,0.0,0.0
71874U,上櫃,0.0,0.0,0.0
718937,上櫃,0.0,0.0,0.0
71923U,上櫃,0.0,0.0,0.0
71958U,上櫃,0.0,0.0,0.0
71969U,上櫃,0.0,0.0,0.0
719715,上櫃,0.0,0.0,0.0
719716,上櫃,0.0,0.0,0.0
719719,上櫃,0.0,0.0,0.0
72011U,上櫃,0.0,0.0,0.0
720183,上櫃,0.0,0.0,0.0
720184,上櫃,0.0,0.0,0.0
720186,上櫃,0.0,0.0,0.0
720187,上櫃,0.0,0.0,0.0
72050U,上櫃,0.0,0.0,0.0
720746,上櫃,0.0,0.0,0.0
720748,上櫃,0.15,0.15,5.0
72076U,上櫃,0.0,0.0,0.0
72096U,上櫃,0.0,0.0,0.0
72117U,上櫃,0.01,0.01,10.0
72124U,上櫃,0.0,0.0,0.0
72131U,上櫃,0.0,0.0,0.0
72132U,上櫃,0.0,0.0,0.0
72134U,上櫃,0.0,0.0,0.0
72135U,上櫃,0.0,0.0,0.0
72142U,上櫃,0.0,0.0,0.0
72143U,上櫃,0.0,0.0,0.0
72159U,上櫃,0.0,0.0,0.0
72164U,上櫃,0.0,0.0,0.0
72179U,上櫃,0.0,0.0,0.0
72185U,上櫃,0.0,0.0,0.0
72192U,上櫃,0.0,0.0,0.0
72203U,上櫃,0.0,0.0,0.0
72204U,上櫃,0.0,0.0,0.0
72205U,上櫃,0.0,0.0,0.0
72218U,上櫃,0.0,0.0,0.0
72219U,上櫃,0.0,0.0,0.0
72223U,上櫃,0.0,0.0,0.0
72224U,上櫃,0.0,0.0,0.0
722353,上櫃,0.0,0.0,0.0
722354,上櫃,0.37,0.42,51.0
722428,上櫃,0.05,0.05,30.0
722429,上櫃,0.0,0.0,0.0
72242U,上櫃,0.0,0.0,0.0
72243U,上櫃,0.0,0.0,0.0
72245U,上櫃,0.0,0.0,0.0
722527,上櫃,0.16,0.16,20.0
722572,上櫃,0.0,0.0,0.0
72263U,上櫃,0.0,0.0,0.0
722675,上櫃,0.0,0.0,0.0
72267U,上櫃,0.0,0.0,0.0
722722,上櫃,0.0,0.0,0.0
722723,上櫃,0.0,0.0,0.0
722726,上櫃,0.02,0.01,459.0
722728,上櫃,0.0,0.0,0.0
722731,上櫃,0.0,0.0,0.0
72280U,上櫃,0.0,0.0,0.0
72285U,上櫃,0.0,0.0,0.0
722865,上櫃,0.31,0.3,61.0
72286U,上櫃,0.0,0.0,0.0
72287U,上櫃,0.0,0.0,0.0
722880,上櫃,0.0,0.0,0.0
722881,上櫃,0.0,0.0,0.0
722884,上櫃,0.0,0.0,0.0
72288U,上櫃,0.0,0.0,0.0
72290U,上櫃,0.0,0.0,0.0
72291U,上櫃,0.0,0.0,0.0
722943,上櫃,0.0,0.0,0.0
722944,上櫃,0.0,0.0,0.0
72298U,上櫃,0.0,0.0,0.0
72300U,上櫃,0.0,0.0,0.0
72303U,上櫃,0.0,0.0,0.0
72306U,上櫃,0.0,0.0,0.0
72309U,上櫃,0.0,0.0,0.0
72311U,上櫃,0.0,0.0,0.0
72312U,上櫃,0.0,0.0,0.0
723132,上櫃,0.0,0.0,0.0
72315U,上櫃,0.0,0.0,0.0
723195,上櫃,0.0,0.0,0.0
72322U,上櫃,0.0,0.0,0.0
72323U,上櫃,0.0,0.0,0.0
72324U,上櫃,0.0,0.0,0.0
72325U,上櫃,0.23,0.21,223.0
72326U,上櫃,0.0,0.0,0.0
72327U,上櫃,0.0,0.0,0.0
723287,上櫃,0.0,0.0,0.0
723288,上櫃,0.0,0.0,0.0
723289,上櫃,0.0,0.0,0.0
72328U,上櫃,0.0,0.0,0.0
723290,上櫃,0.0,0.0,0.0
723292,上櫃,0.0,0.0,0.0
72329U,上櫃,0.0,0.0,0.0
72332U,上櫃,0.44,0.44,10.0
72334U,上櫃,0.0,0.0,0.0
72336U,上櫃,0.03,0.05,7.0
72337U,上櫃,0.0,0.0,0.0
72338U,上櫃,0.82,0.85,12.0
723410,上櫃,0.0,0.0,0.0
723411,上櫃,0.04,0.04,10.0
72341U,上櫃,0.0,0.0,0.0
723422,上櫃,0.08,0.1,4.0
723425,上櫃,0.0,0.0,0.0
723451,上櫃,0.0,0.0,0.0
723452,上櫃,0.0,0.0,0.0
723453,上櫃,0.0,0.0,0.0
723454,上櫃,0.0,0.0,0.0
723456,上櫃,0.0,0.0,0.0
723457,上櫃,0.33,0.33,30.0
72346U,上櫃,0.0,0.0,0.0
72348U,上櫃,0.0,0.0,0.0
723511,上櫃,0.0,0.0,0.0
723512,上櫃,0.48,0.36,290.0
723516,上櫃,0.34,0.34,20.0
72353U,上櫃,0.0,0.0,0.0
72354U,上櫃,0.0,0.0,0.0
72355U,上櫃,0.0,0.0,0.0
72356U,上櫃,0.0,0.0,0.0
72357U,上櫃,0.0,0.0,0.0
72359U,上櫃,0.0,0.0,0.0
72360U,上櫃,0.0,0.0,0.0
72361U,上櫃,0.0,0.0,0.0
72363U,上櫃,0.0,0.0,0.0
72365U,上櫃,0.0,0.0,0.0
723681,上櫃,0.27,0.28,108.0
72368U,上櫃,0.0,0.0,0.0
72369U,上櫃,0.0,0.0,0.0
72370U,上櫃,0.0,0.0,0.0
72371U,上櫃,0.0,0.0,0.0
72372U,上櫃,0.0,0.0,0.0
72373U,上櫃,0.0,0.0,0.0
72374U,上櫃,0.0,0.0,0.0
72375U,上櫃,0.0,0.0,0.0
72376U,上櫃,0.03,0.03,96.0
723779,上櫃,0.68,0.68,44.0
72377U,上櫃,0.0,0.0,0.0
723780,上櫃,0.0,0.0,0.0
72378U,上櫃,0.0,0.0,0.0
72379U,上櫃,0.0,0.0,0.0
72380U,上櫃,0.0,0.0,0.0
72381U,上櫃,7.5,7.5,1.0
72382U,上櫃,0.0,0.0,0.0
72383U,上櫃,0.0,0.0,0.0
72384U,上櫃,1.12,1.16,27.0
72386U,上櫃,0.0,0.0,0.0
72390U,上櫃,0.0,0.0,0.0
72391U,上櫃,0.0,0.0,0.0
72392U,上櫃,0.0,0.0,0.0
72393U,上櫃,0.0,0.0,0.0
72394U,上櫃,0.0,0.0,0.0
72396U,上櫃,0.0,0.0,0.0
72397U,上櫃,0.0,0.0,0.0
72399U,上櫃,0.0,0.0,0.0
72400U,上櫃,0.0,0.0,0.0
724013,上櫃,0.0,0.0,0.0
724017,上櫃,0.16,0.16,1.0
724019,上櫃,0.57,0.53,104.0
724023,上櫃,0.0,0.0,0.0
72402U,上櫃,0.09,0.09,10.0
72405U,上櫃,0.0,0.0,0.0
724061,上櫃,0.0,0.0,0.0
724062,上櫃,0.0,0.0,0.0
724063,上櫃,0.0,0.0,0.0
724064,上櫃,0.0,0.0,0.0
72407U,上櫃,0.0,0.0,0.0
72408U,上櫃,0.0,0.0,0.0
72411U,上櫃,0.0,0.0,0.0
724126,上櫃,0.0,0.0,0.0
724127,上櫃,0.4,0.37,333.0
724128,上櫃,0.39,0.38,130.0
72412U,上櫃,0.0,0.0,0.0
724130,上櫃,0.0,0.0,0.0
72414U,上櫃,0.0,0.0,0.0
724176,上櫃,0.0,0.0,0.0
72421U,上櫃,0.0,0.0,0.0
72423U,上櫃,0.0,0.0,0.0
724240,上櫃,0.0,0.0,0.0
724241,上櫃,0.0,0.0,0.0
724242,上櫃,0.39,0.39,1938.0
724243,上櫃,3.47,3.98,26.0
724244,上櫃,3.67,3.67,12.0
72424U,上櫃,0.0,0.0,0.0
72425U,上櫃,0.0,0.0,0.0
72426U,上櫃,0.0,0.0,0.0
72427U,上櫃,0.0,0.0,0.0
72428U,上櫃,0.0,0.0,0.0
72429U,上櫃,0.0,0.0,0.0
72430U,上櫃,0.0,0.0,0.0
72431U,上櫃,0.0,0.0,0.0
72432U,上櫃,0.0,0.0,0.0
72433U,上櫃,0.0,0.0,0.0
72434U,上櫃,0.0,0.0,0.0
72435U,上櫃,0.0,0.0,0.0
72436U,上櫃,0.0,0.0,0.0
724372,上櫃,0.0,0.0,0.0
724373,上櫃,0.0,0.0,0.0
724374,上櫃,0.15,0.15,10.0
72437U,上櫃,0.0,0.0,0.0
72438U,上櫃,0.0,0.0,0.0
72439U,上櫃,0.0,0.0,0.0
72440U,上櫃,0.0,0.0,0.0
72441U,上櫃,0.0,0.0,0.0
72442U,上櫃,0.0,0.0,0.0
724431,上櫃,0.0,0.0,0.0
724436,上櫃,0.0,0.0,0.0
72443U,上櫃,0.0,0.0,0.0
72444U,上櫃,0.0,0.0,0.0
72445U,上櫃,0.0,0.0,0.0
72446U,上櫃,0.0,0.0,0.0
724478,上櫃,0.0,0.0,0.0
72447U,上櫃,0.0,0.0,0.0
724481,上櫃,0.0,0.0,0.0
72448U,上櫃,0.0,0.0,0.0
72449U,上櫃,0.32,0.32,10.0
72450U,上櫃,0.0,0.0,0.0
72451U,上櫃,0.0,0.0,0.0
72452U,上櫃,0.0,0.0,0.0
72453U,上櫃,0.0,0.0,0.0
72454U,上櫃,0.0,0.0,0.0
72455U,上櫃,0.0,0.0,0.0
72456U,上櫃,0.0,0.0,0.0
72457U,上櫃,0.0,0.0,0.0
72458U,上櫃,0.0,0.0,0.0
72460U,上櫃,0.0,0.0,0.0
72461U,上櫃,0.0,0.0,0.0
72462U,上櫃,0.0,0.0,0.0
72464U,上櫃,0.0,0.0,0.0
72465U,上櫃,1.31,1.31,20.0
724668,上櫃,6.6,6.6,1.0
724669,上櫃,5.1,5.1,1.0
72466U,上櫃,0.0,0.0,0.0
724670,上櫃,0.0,0.0,0.0
72467U,上櫃,0.0,0.0,0.0
72468U,上櫃,0.0,0.0,0.0
72469U,上櫃,0.0,0.0,0.0
72470U,上櫃,0.0,0.0,0.0
72471U,上櫃,0.0,0.0,0.0
72472U,上櫃,0.0,0.0,0.0
72473U,上櫃,0.0,0.0,0.0
72474U,上櫃,0.0,0.0,0.0
724756,上櫃,0.0,0.0,0.0
72475U,上櫃,0.0,0.0,0.0
72476U,上櫃,0.0,0.0,0.0
72477U,上櫃,0.0,0.0,0.0
72478U,上櫃,0.0,0.0,0.0
72479U,上櫃,0.0,0.0,0.0
72480U,上櫃,0.0,0.0,0.0
72481U,上櫃,0.0,0.0,0.0
72482U,上櫃,0.18,0.16,105.0
724830,上櫃,0.0,0.0,0.0
72483U,上櫃,0.0,0.0,0.0
72484U,上櫃,0.0,0.0,0.0
72485U,上櫃,0.06,0.06,1251.0
72486U,上櫃,0.0,0.0,0.0
72487U,上櫃,0.0,0.0,0.0
72488U,上櫃,0.0,0.0,0.0
72489U,上櫃,0.0,0.0,0.0
72490U,上櫃,0.0,0.0,0.0
72491U,上櫃,0.0,0.0,0.0
72492U,上櫃,0.77,0.79,2.0
72493U,上櫃,0.31,0.31,200.0
72494U,上櫃,0.0,0.0,0.0
72495U,上櫃,0.0,0.0,0.0
72496U,上櫃,0.0,0.0,0.0
724978,上櫃,0.01,0.01,103.0
724979,上櫃,0.08,0.15,201.0
72497U,上櫃,0.0,0.0,0.0
724983,上櫃,0.0,0.0,0.0
72498U,上櫃,0.0,0.0,0.0
72499U,上櫃,0.0,0.0,0.0
72500U,上櫃,0.0,0.0,0.0
72501U,上櫃,0.0,0.0,0.0
72502U,上櫃,0.0,0.0,0.0
72503U,上櫃,0.0,0.0,0.0
725044,上櫃,0.0,0.0,0.0
725045,上櫃,0.0,0.0,0.0
725048,上櫃,0.0,0.0,0.0
72504U,上櫃,0.02,0.02,3.0
72505U,上櫃,0.0,0.0,0.0
72506U,上櫃,0.0,0.0,0.0
72507U,上櫃,0.0,0.0,0.0
72508U,上櫃,0.0,0.0,0.0
72509U,上櫃,0.0,0.0,0.0
72510U,上櫃,0.01,0.01,12.0
72511U,上櫃,0.0,0.0,0.0
725129,上櫃,0.0,0.0,0.0
72512U,上櫃,0.0,0.0,0.0
725135,上櫃,0.0,0.0,0.0
72513U,上櫃,0.84,0.84,75.0
72514U,上櫃,0.0,0.0,0.0
72515U,上櫃,0.0,0.0,0.0
72516U,上櫃,0.0,0.0,0.0
72517U,上櫃,0.0,0.0,0.0
72518U,上櫃,0.0,0.0,0.0
72519U,上櫃,0.0,0.0,0.0
72520U,上櫃,0.0,0.0,0.0
72521U,上櫃,0.0,0.0,0.0
72522U,上櫃,0.0,0.0,0.0
72523U,上櫃,0.0,0.0,0.0
72524U,上櫃,0.0,0.0,0.0
72525U,上櫃,0.29,0.32,26.0
72526U,上櫃,0.09,0.09,174.0
725288,上櫃,0.08,0.08,50.0
72528U,上櫃,0.0,0.0,0.0
72529U,上櫃,0.05,0.06,74.0
72530U,上櫃,0.0,0.0,0.0
72531U,上櫃,0.0,0.0,0.0
72532U,上櫃,0.0,0.0,0.0
72533U,上櫃,0.0,0.0,0.0
72534U,上櫃,0.0,0.0,0.0
72535U,上櫃,0.04,0.05,41.0
72536U,上櫃,0.0,0.0,0.0
72537U,上櫃,0.0,0.0,0.0
72538U,上櫃,0.0,0.0,0.0
72539U,上櫃,0.0,0.0,0.0
72540U,上櫃,0.0,0.0,0.0
725411,上櫃,0.0,0.0,0.0
72541U,上櫃,0.0,0.0,0.0
72542U,上櫃,0.0,0.0,0.0
72543U,上櫃,0.0,0.0,0.0
725440,上櫃,0.0,0.0,0.0
72544U,上櫃,0.0,0.0,0.0
72545U,上櫃,0.0,0.0,0.0
72546U,上櫃,0.0,0.0,0.0
72547U,上櫃,0.0,0.0,0.0
72548U,上櫃,0.0,0.0,0.0
72549U,上櫃,0.54,0.54,30.0
72550U,上櫃,0.0,0.0,0.0
72551U,上櫃,0.0,0.0,0.0
72552U,上櫃,0.0,0.0,0.0
72553U,上櫃,0.0,0.0,0.0
725541,上櫃,0.0,0.0,0.0
725542,上櫃,0.0,0.0,0.0
72554U,上櫃,0.0,0.0,0.0
72555U,上櫃,0.0,0.0,0.0
72556U,上櫃,0.0,0.0,0.0
72557U,上櫃,0.02,0.02,11.0
72558U,上櫃,0.0,0.0,0.0
72559U,上櫃,0.0,0.0,0.0
72560U,上櫃,0.0,0.0,0.0
72561U,上櫃,0.0,0.0,0.0
72562U,上櫃,0.0,0.0,0.0
725631,上櫃,0.0,0.0,0.0
725632,上櫃,0.0,0.0,0.0
725634,上櫃,0.0,0.0,0.0
72563U,上櫃,0.0,0.0,0.0
72564U,上櫃,0.0,0.0,0.0
72565U,上櫃,0.0,0.0,0.0
72566U,上櫃,0.0,0.0,0.0
72567U,上櫃,0.0,0.0,0.0
72568U,上櫃,0.0,0.0,0.0
72569U,上櫃,0.0,0.0,0.0
72570U,上櫃,0.85,0.78,12.0
725711,上櫃,0.0,0.0,0.0
72571U,上櫃,0.0,0.0,0.0
72572U,上櫃,0.0,0.0,0.0
72573U,上櫃,0.0,0.0,0.0
725744,上櫃,0.0,0.0,0.0
72574U,上櫃,0.0,0.0,0.0
72575U,上櫃,0.0,0.0,0.0
72576U,上櫃,0.0,0.0,0.0
72577U,上櫃,0.19,0.19,11.0
72578U,上櫃,0.02,0.02,111.0
72579U,上櫃,0.0,0.0,0.0
725803,上櫃,0.0,0.0,0.0
725804,上櫃,0.0,0.0,0.0
72580U,上櫃,0.0,0.0,0.0
72581U,上櫃,0.0,0.0,0.0
72583U,上櫃,0.0,0.0,0.0
72584U,上櫃,0.0,0.0,0.0
72585U,上櫃,0.0,0.0,0.0
72586U,上櫃,0.48,0.5,400.0
72587U,上櫃,0.66,0.69,406.0
725881,上櫃,0.0,0.0,0.0
72588U,上櫃,0.0,0.0,0.0
72589U,上櫃,0.4,0.42,158.0
72590U,上櫃,0.37,0.37,28.0
72591U,上櫃,0.51,0.51,17.0
725924,上櫃,0.0,0.0,0.0
72592U,上櫃,0.0,0.0,0.0
72593U,上櫃,0.0,0.0,0.0
72596U,上櫃,0.19,0.18,27.0
72597U,上櫃,0.22,0.22,1.0
72598U,上櫃,0.0,0.0,0.0
72599U,上櫃,0.0,0.0,0.0
72600U,上櫃,0.03,0.04,41.0
72601U,上櫃,0.3,0.3,1.0
72602U,上櫃,0.0,0.0,0.0
726037,上櫃,0.0,0.0,0.0
72603U,上櫃,0.0,0.0,0.0
72604U,上櫃,0.0,0.0,0.0
72605U,上櫃,0.33,0.29,41.0
72606U,上櫃,0.04,0.04,20.0
726070,上櫃,0.0,0.0,0.0
726078,上櫃,0.0,0.0,0.0
72607U,上櫃,0.46,0.48,350.0
72608U,上櫃,0.45,0.44,309.0
72609U,上櫃,0.64,0.66,110.0
72610U,上櫃,0.0,0.0,0.0
726119,上櫃,2.95,3.41,16.0
72611U,上櫃,0.0,0.0,0.0
72612U,上櫃,0.0,0.0,0.0
72613U,上櫃,0.19,0.19,1.0
72614U,上櫃,0.0,0.0,0.0
72615U,上櫃,0.0,0.0,0.0
72616U,上櫃,0.26,0.26,20.0
72617U,上櫃,0.0,0.0,0.0
72618U,上櫃,0.0,0.0,0.0
726194,上櫃,0.0,0.0,0.0
72619U,上櫃,0.0,0.0,0.0
72620U,上櫃,0.0,0.0,0.0
72621U,上櫃,0.0,0.0,0.0
72622U,上櫃,0.0,0.0,0.0
72623U,上櫃,0.0,0.0,0.0
72624U,上櫃,0.0,0.0,0.0
72625U,上櫃,0.05,0.05,800.0
72626U,上櫃,0.72,0.72,50.0
72627U,上櫃,0.38,0.35,568.0
72628U,上櫃,0.0,0.0,0.0
72629U,上櫃,0.63,0.64,12.0
72630U,上櫃,0.0,0.0,0.0
72631U,上櫃,0.0,0.0,0.0
72632U,上櫃,0.04,0.04,210.0
72633U,上櫃,0.13,0.08,100.0
72634U,上櫃,0.0,0.0,0.0
72635U,上櫃,0.0,0.0,0.0
726360,上櫃,0.0,0.0,0.0
72636U,上櫃,0.0,0.0,0.0
72637U,上櫃,0.09,0.1,555.0
72638U,上櫃,0.0,0.0,0.0
72639U,上櫃,0.0,0.0,0.0
726408,上櫃,0.0,0.0,0.0
72640U,上櫃,0.0,0.0,0.0
72641U,上櫃,0.0,0.0,0.0
72642U,上櫃,0.0,0.0,0.0
72643U,上櫃,0.0,0.0,0.0
72644U,上櫃,0.0,0.0,0.0
72645U,上櫃,0.0,0.0,0.0
72646U,上櫃,1.73,1.73,311.0
72647U,上櫃,0.0,0.0,0.0
72648U,上櫃,0.0,0.0,0.0
72649U,上櫃,0.0,0.0,0.0
72650U,上櫃,0.0,0.0,0.0
72651U,上櫃,0.0,0.0,0.0
72652U,上櫃,0.0,0.0,0.0
72653U,上櫃,0.0,0.0,0.0
72654U,上櫃,0.0,0.0,0.0
726555,上櫃,0.0,0.0,0.0
72655U,上櫃,0.06,0.06,30.0
726560,上櫃,0.0,0.0,0.0
726561,上櫃,0.15,0.17,2.0
72656U,上櫃,0.81,0.81,100.0
72657U,上櫃,0.0,0.0,0.0
72658U,上櫃,0.0,0.0,0.0
72659U,上櫃,0.0,0.0,0.0
72660U,上櫃,0.0,0.0,0.0
726612,上櫃,0.0,0.0,0.0
72661U,上櫃,0.0,0.0,0.0
72662U,上櫃,0.1,0.09,370.0
72663U,上櫃,0.0,0.0,0.0
72664U,上櫃,0.0,0.0,0.0
72665U,上櫃,0.14,0.14,196.0
72666U,上櫃,1.0,1.0,5.0
726676,上櫃,1.62,1.62,24.0
72667U,上櫃,1.12,1.12,5.0
72668U,上櫃,0.0,0.0,0.0
72669U,上櫃,0.0,0.0,0.0
72670U,上櫃,0.0,0.0,0.0
72671U,上櫃,0.0,0.0,0.0
72672U,上櫃,0.0,0.0,0.0
72673U,上櫃,0.46,0.46,11.0
72674U,上櫃,0.1,0.1,5.0
72675U,上櫃,0.0,0.0,0.0
72676U,上櫃,0.0,0.0,0.0
72677U,上櫃,0.0,0.0,0.0
72678U,上櫃,0.0,0.0,0.0
72679U,上櫃,0.11,0.11,143.0
72680U,上櫃,0.0,0.0,0.0
72681U,上櫃,0.0,0.0,0.0
72682U,上櫃,0.2,0.2,1.0
72683U,上櫃,0.45,0.45,298.0
72684U,上櫃,0.05,0.05,50.0
72685U,上櫃,0.0,0.0,0.0
72686U,上櫃,0.0,0.0,0.0
72687U,上櫃,0.0,0.0,0.0
72688U,上櫃,0.0,0.0,0.0
72689U,上櫃,0.14,0.14,2007.0
72690U,上櫃,0.23,0.23,60.0
72691U,上櫃,0.3,0.28,693.0
726924,上櫃,0.0,0.0,0.0
726925,上櫃,0.0,0.0,0.0
726926,上櫃,0.15,0.17,15.0
726927,上櫃,0.2,0.18,200.0
72692U,上櫃,0.37,0.34,381.0
72693U,上櫃,0.0,0.0,0.0
72694U,上櫃,0.0,0.0,0.0
72695U,上櫃,0.22,0.22,50.0
72696U,上櫃,0.09,0.09,10.0
72697U,上櫃,0.0,0.0,0.0
72698U,上櫃,0.0,0.0,0.0
726991,上櫃,0.0,0.0,0.0
72699U,上櫃,0.17,0.19,94.0
72700U,上櫃,0.11,0.11,590.0
72701U,上櫃,0.0,0.0,0.0
72702U,上櫃,0.0,0.0,0.0
72703U,上櫃,1.58,1.72,8.0
72704U,上櫃,0.0,0.0,0.0
72705U,上櫃,0.0,0.0,0.0
72706U,上櫃,1.0,0.85,35.0
72707U,上櫃,0.23,0.41,95.0
72708U,上櫃,0.07,0.07,552.0
727095,上櫃,0.17,0.22,16.0
72709U,上櫃,0.45,0.45,10.0
72710U,上櫃,0.0,0.0,0.0
72711U,上櫃,3.04,3.04,106.0
72712U,上櫃,1.82,1.82,1.0
72713U,上櫃,0.0,0.0,0.0
72714U,上櫃,1.33,1.33,10.0
72715U,上櫃,0.0,0.0,0.0
72716U,上櫃,0.0,0.0,0.0
72717U,上櫃,0.22,0.18,655.0
72718U,上櫃,0.68,0.62,16.0
72719U,上櫃,0.2,0.17,490.0
72720U,上櫃,0.54,0.62,316.0
72721U,上櫃,0.0,0.0,0.0
72722U,上櫃,0.28,0.24,222.0
72723U,上櫃,0.38,0.37,374.0
72724U,上櫃,0.4,0.37,213.0
72725U,上櫃,0.04,0.04,350.0
72726U,上櫃,0.68,0.68,6.0
72727U,上櫃,0.0,0.0,0.0
72728U,上櫃,0.0,0.0,0.0
72729U,上櫃,0.0,0.0,0.0
72730U,上櫃,0.14,0.17,165.0
72731U,上櫃,0.0,0.0,0.0
72732U,上櫃,0.25,0.25,200.0
72733U,上櫃,0.27,0.3,404.0
72734U,上櫃,0.0,0.0,0.0
72735U,上櫃,2.34,2.34,3.0
72736U,上櫃,0.0,0.0,0.0
72737U,上櫃,3.59,3.59,3.0
72738U,上櫃,0.0,0.0,0.0
72739U,上櫃,0.0,0.0,0.0
72740U,上櫃,1.12,1.07,248.0
72741U,上櫃,1.25,1.28,38.0
72742U,上櫃,1.21,1.2,86.0
72743U,上櫃,0.82,0.8,90.0
72744U,上櫃,0.92,0.93,281.0
727459,上櫃,0.0,0.0,0.0
72745U,上櫃,0.0,0.0,0.0
72746U,上櫃,0.0,0.0,0.0
72747U,上櫃,0.64,0.7,100.0
72748U,上櫃,1.57,1.57,5.0
72749U,上櫃,0.0,0.0,0.0
72750U,上櫃,0.0,0.0,0.0
72751U,上櫃,1.05,1.05,6.0
72752U,上櫃,0.08,0.06,51.0
727536,上櫃,0.2,0.23,2395.0
72753U,上櫃,0.0,0.0,0.0
72754U,上櫃,0.0,0.0,0.0
72755U,上櫃,0.0,0.0,0.0
72756U,上櫃,0.0,0.0,0.0
72757U,上櫃,0.27,0.27,52.0
72758U,上櫃,0.22,0.23,110.0
72759U,上櫃,0.69,0.69,1.0
72760U,上櫃,0.26,0.26,337.0
727613,上櫃,0.54,0.54,1.0
72761U,上櫃,0.0,0.0,0.0
72762U,上櫃,0.14,0.14,141.0
72763U,上櫃,0.0,0.0,0.0
72764U,上櫃,0.0,0.0,0.0
72765U,上櫃,0.0,0.0,0.0
72766U,上櫃,1.02,0.95,50.0
72767U,上櫃,0.76,0.78,60.0
72768U,上櫃,0.0,0.0,0.0
72769U,上櫃,0.0,0.0,0.0
72770U,上櫃,0.66,0.59,832.0
72771U,上櫃,0.59,0.56,558.0
72772U,上櫃,0.6,0.64,130.0
72773U,上櫃,0.0,0.0,0.0
72774U,上櫃,0.62,0.59,63.0
72775U,上櫃,0.0,0.0,0.0
727760,上櫃,0.0,0.0,0.0
72776U,上櫃,0.5,0.46,257.0
72777U,上櫃,1.17,1.19,38.0
72778U,上櫃,0.57,0.62,656.0
72779U,上櫃,1.26,1.39,243.0
72780U,上櫃,0.24,0.26,547.0
72781U,上櫃,0.0,0.0,0.0
72782U,上櫃,0.77,0.77,63.0
727836,上櫃,0.0,0.0,0.0
72783U,上櫃,0.58,0.62,203.0
72784U,上櫃,0.0,0.0,0.0
72785U,上櫃,0.18,0.2,694.0
727869,上櫃,0.0,0.0,0.0
72786U,上櫃,0.0,0.0,0.0
727870,上櫃,0.0,0.0,0.0
72787U,上櫃,0.0,0.0,0.0
72788U,上櫃,0.0,0.0,0.0
72789U,上櫃,2.14,2.14,3.0
72790U,上櫃,0.0,0.0,0.0
72791U,上櫃,0.0,0.0,0.0
72792U,上櫃,1.39,1.39,30.0
727930,上櫃,0.0,0.0,0.0
72793U,上櫃,0.52,0.46,155.0
72794U,上櫃,1.84,1.87,249.0
72795U,上櫃,0.0,0.0,0.0
72796U,上櫃,0.0,0.0,0.0
72797U,上櫃,0.0,0.0,0.0
72798U,上櫃,0.63,0.63,8.0
72799U,上櫃,1.15,1.15,10.0
728002,上櫃,0.07,0.07,30.0
728003,上櫃,0.11,0.1,56.0
728004,上櫃,0.0,0.0,0.0
728005,上櫃,0.0,0.0,0.0
72800U,上櫃,0.0,0.0,0.0
72801U,上櫃,0.0,0.0,0.0
72802U,上櫃,0.0,0.0,0.0
72803U,上櫃,0.0,0.0,0.0
728047,上櫃,0.0,0.0,0.0
72804U,上櫃,0.94,0.99,115.0
728051,上櫃,0.11,0.11,5.0
72805U,上櫃,0.0,0.0,0.0
72806U,上櫃,0.0,0.0,0.0
72807U,上櫃,2.08,2.08,10.0
728086,上櫃,0.0,0.0,0.0
728088,上櫃,0.0,0.0,0.0
72808U,上櫃,1.92,1.91,20.0
72809U,上櫃,0.0,0.0,0.0
72810U,上櫃,0.0,0.0,0.0
72811U,上櫃,0.11,0.11,161.0
72812U,上櫃,0.0,0.0,0.0
72813U,上櫃,1.25,1.29,60.0
72814U,上櫃,0.0,0.0,0.0
72815U,上櫃,1.36,1.45,242.0
72816U,上櫃,0.0,0.0,0.0
728171,上櫃,0.45,0.45,40.0
728172,上櫃,0.0,0.0,0.0
728176,上櫃,0.0,0.0,0.0
72817U,上櫃,1.74,1.75,44.0
72818U,上櫃,0.66,0.61,224.0
72819U,上櫃,1.41,1.45,138.0
72820U,上櫃,0.0,0.0,0.0
72821U,上櫃,1.54,1.47,917.0
72822U,上櫃,1.07,1.04,165.0
72823U,上櫃,0.23,0.25,448.0
72824U,上櫃,0.0,0.0,0.0
72825U,上櫃,0.41,0.5,124.0
728264,上櫃,0.0,0.0,0.0
72826U,上櫃,0.93,1.14,88.0
728271,上櫃,0.0,0.0,0.0
72827U,上櫃,0.0,0.0,0.0
72828U,上櫃,0.45,0.42,321.0
72829U,上櫃,1.1,1.1,4.0
72830U,上櫃,1.39,1.39,20.0
72831U,上櫃,0.51,0.45,148.0
728323,上櫃,0.0,0.0,0.0
728324,上櫃,0.0,0.0,0.0
728325,上櫃,0.0,0.0,0.0
72832U,上櫃,1.09,1.2,545.0
72833U,上櫃,0.78,0.64,111.0
72834U,上櫃,0.28,0.25,740.0
72835U,上櫃,0.0,0.0,0.0
72836U,上櫃,0.0,0.0,0.0
72837U,上櫃,1.24,1.24,16.0
72838U,上櫃,0.0,0.0,0.0
728392,上櫃,0.0,0.0,0.0
728394,上櫃,0.0,0.0,0.0
728395,上櫃,0.0,0.0,0.0
728396,上櫃,0.1,0.1,2.0
72839U,上櫃,0.81,0.81,10.0
728402,上櫃,0.0,0.0,0.0
728403,上櫃,0.07,0.07,1.0
728404,上櫃,0.0,0.0,0.0
72840U,上櫃,0.0,0.0,0.0
728411,上櫃,0.0,0.0,0.0
72841U,上櫃,0.0,0.0,0.0
728420,上櫃,0.0,0.0,0.0
72842U,上櫃,0.0,0.0,0.0
72843U,上櫃,0.0,0.0,0.0
72844U,上櫃,0.0,0.0,0.0
72845U,上櫃,0.0,0.0,0.0
72846U,上櫃,0.0,0.0,0.0
72847U,上櫃,1.41,1.52,10.0
72848U,上櫃,0.43,0.43,50.0
72849U,上櫃,0.57,0.56,22.0
72850U,上櫃,0.0,0.0,0.0
728516,上櫃,0.0,0.0,0.0
728519,上櫃,0.0,0.0,0.0
72851U,上櫃,0.0,0.0,0.0
728520,上櫃,0.16,0.16,40.0
728523,上櫃,0.0,0.0,0.0
72852U,上櫃,1.56,1.66,58.0
72853U,上櫃,2.93,2.8,226.0
72854U,上櫃,0.86,0.83,809.0
72855U,上櫃,0.0,0.0,0.0
72856U,上櫃,0.0,0.0,0.0
72857U,上櫃,0.0,0.0,0.0
728595,上櫃,0.0,0.0,0.0
728657,上櫃,0.0,0.0,0.0
728658,上櫃,0.0,0.0,0.0
728660,上櫃,0.0,0.0,0.0
728663,上櫃,0.0,0.0,0.0
728666,上櫃,0.0,0.0,0.0
728667,上櫃,0.0,0.0,0.0
728753,上櫃,0.72,0.72,30.0
728755,上櫃,0.0,0.0,0.0
728758,上櫃,0.0,0.0,0.0
728764,上櫃,0.0,0.0,0.0
728765,上櫃,0.0,0.0,0.0
728766,上櫃,0.0,0.0,0.0
728767,上櫃,0.31,0.28,214.0
728768,上櫃,0.0,0.0,0.0
728774,上櫃,0.0,0.0,0.0
728853,上櫃,0.53,0.53,10.0
728920,上櫃,0.0,0.0,0.0
728963,上櫃,4.4,4.7,18.0
728965,上櫃,0.0,0.0,0.0
728966,上櫃,0.0,0.0,0.0
728967,上櫃,0.0,0.0,0.0
729010,上櫃,0.0,0.0,0.0
729028,上櫃,0.0,0.0,0.0
729031,上櫃,5.15,5.1,12.0
729069,上櫃,0.22,0.24,160.0
729170,上櫃,0.37,0.35,5.0
729171,上櫃,0.0,0.0,0.0
729172,上櫃,0.0,0.0,0.0
729174,上櫃,0.37,0.37,10.0
729177,上櫃,0.0,0.0,0.0
729178,上櫃,0.42,0.4,15.0
729181,上櫃,0.0,0.0,0.0
729185,上櫃,3.11,3.11,1.0
729186,上櫃,2.11,2.49,292.0
729187,上櫃,2.23,2.65,48.0
729313,上櫃,0.0,0.0,0.0
729314,上櫃,0.0,0.0,0.0
729411,上櫃,0.19,0.19,50.0
729413,上櫃,0.0,0.0,0.0
729426,上櫃,0.0,0.0,0.0
729489,上櫃,0.0,0.0,0.0
729499,上櫃,0.0,0.0,0.0
729528,上櫃,0.61,0.82,409.0
729530,上櫃,0.0,0.0,0.0
729531,上櫃,0.11,0.11,25.0
729532,上櫃,0.0,0.0,0.0
729534,上櫃,0.17,0.17,1120.0
729535,上櫃,0.0,0.0,0.0
729536,上櫃,1.14,1.14,140.0
729625,上櫃,2.0,2.38,628.0
729629,上櫃,3.83,3.83,48.0
729701,上櫃,0.0,0.0,0.0
729711,上櫃,3.05,3.05,74.0
729714,上櫃,0.0,0.0,0.0
729791,上櫃,0.0,0.0,0.0
729794,上櫃,0.0,0.0,0.0
729799,上櫃,0.0,0.0,0.0
729803,上櫃,0.0,0.0,0.0
729804,上櫃,0.0,0.0,0.0
729807,上櫃,0.0,0.0,0.0
729808,上櫃,0.0,0.0,0.0
729872,上櫃,0.0,0.0,0.0
729879,上櫃,0.13,0.13,250.0
729884,上櫃,0.05,0.05,20.0
729887,上櫃,0.0,0.0,0.0
729890,上櫃,0.0,0.0,0.0
729895,上櫃,0.0,0.0,0.0
729960,上櫃,0.0,0.0,0.0
729961,上櫃,0.0,0.0,0.0
729963,上櫃,0.0,0.0,0.0
729964,上櫃,2.39,2.25,19.0
729966,上櫃,0.0,0.0,0.0
729967,上櫃,0.0,0.0,0.0
729971,上櫃,0.0,0.0,0.0
729973,上櫃,0.0,0.0,0.0
730041,上櫃,0.0,0.0,0.0
730046,上櫃,0.0,0.0,0.0
730048,上櫃,0.0,0.0,0.0
730051,上櫃,0.0,0.0,0.0
730052,上櫃,0.0,0.0,0.0
730057,上櫃,0.0,0.0,0.0
730135,上櫃,0.0,0.0,0.0
730146,上櫃,0.0,0.0,0.0
730152,上櫃,0.0,0.0,0.0
730154,上櫃,0.0,0.0,0.0
730157,上櫃,0.0,0.0,0.0
730160,上櫃,0.0,0.0,0.0
730161,上櫃,0.38,0.38,358.0
730235,上櫃,0.0,0.0,0.0
730238,上櫃,9.45,9.3,13.0
730240,上櫃,4.94,5.05,3.0
730242,上櫃,0.0,0.0,0.0
730244,上櫃,0.0,0.0,0.0
730307,上櫃,0.0,0.0,0.0
730310,上櫃,0.0,0.0,0.0
730316,上櫃,0.0,0.0,0.0
730317,上櫃,0.0,0.0,0.0
730398,上櫃,0.0,0.0,0.0
730399,上櫃,0.0,0.0,0.0
730400,上櫃,0.0,0.0,0.0
730401,上櫃,0.0,0.0,0.0
730402,上櫃,0.0,0.0,0.0
730403,上櫃,0.0,0.0,0.0
730407,上櫃,0.0,0.0,0.0
730492,上櫃,0.0,0.0,0.0
730493,上櫃,4.85,4.97,12.0
730529,上櫃,0.0,0.0,0.0
730542,上櫃,0.16,0.16,20.0
730543,上櫃,0.34,0.34,10.0
730635,上櫃,0.65,0.7,1103.0
730636,上櫃,2.71,3.0,58.0
730681,上櫃,0.0,0.0,0.0
730722,上櫃,0.06,0.19,2.0
730732,上櫃,0.0,0.0,0.0
730733,上櫃,0.06,0.06,50.0
730735,上櫃,0.0,0.0,0.0
730737,上櫃,0.05,0.05,160.0
730804,上櫃,0.0,0.0,0.0
730913,上櫃,0.0,0.0,0.0
730922,上櫃,0.0,0.0,0.0
730926,上櫃,0.0,0.0,0.0
731007,上櫃,0.0,0.0,0.0
731063,上櫃,0.0,0.0,0.0
731082,上櫃,0.0,0.0,0.0
731093,上櫃,0.0,0.0,0.0
731095,上櫃,0.0,0.0,0.0
731162,上櫃,0.14,0.13,136.0
731168,上櫃,0.0,0.0,0.0
731240,上櫃,0.0,0.0,0.0
731248,上櫃,0.0,0.0,0.0
731257,上櫃,0.0,0.0,0.0
731261,上櫃,0.0,0.0,0.0
731262,上櫃,0.0,0.0,0.0
731263,上櫃,2.48,2.48,14.0
731264,上櫃,0.0,0.0,0.0
731265,上櫃,0.0,0.0,0.0
731277,上櫃,0.0,0.0,0.0
731332,上櫃,0.22,0.22,100.0
731336,上櫃,0.0,0.0,0.0
731389,上櫃,0.1,0.1,100.0
731393,上櫃,0.0,0.0,0.0
731395,上櫃,0.0,0.0,0.0
731492,上櫃,0.0,0.0,0.0
731493,上櫃,0.0,0.0,0.0
731495,上櫃,0.21,0.19,242.0
731496,上櫃,0.0,0.0,0.0
731499,上櫃,0.0,0.0,0.0
731554,上櫃,0.0,0.0,0.0
731555,上櫃,0.0,0.0,0.0
731583,上櫃,0.0,0.0,0.0
731584,上櫃,9.5,9.5,104.0
731585,上櫃,0.99,0.87,32.0
731631,上櫃,0.0,0.0,0.0
731670,上櫃,0.58,0.67,902.0
731671,上櫃,0.27,0.27,50.0
731730,上櫃,1.05,1.08,79.0
731751,上櫃,8.45,8.45,1.0
731820,上櫃,0.0,0.0,0.0
731873,上櫃,0.0,0.0,0.0
731874,上櫃,0.21,0.2,75.0
731875,上櫃,0.0,0.0,0.0
731877,上櫃,0.0,0.0,0.0
731945,上櫃,0.44,0.48,587.0
731949,上櫃,0.0,0.0,0.0
732049,上櫃,0.42,0.42,1.0
732050,上櫃,0.0,0.0,0.0
732051,上櫃,0.19,0.19,20.0
732053,上櫃,0.0,0.0,0.0
732054,上櫃,1.95,1.95,13.0
732055,上櫃,0.0,0.0,0.0
732068,上櫃,0.88,0.78,138.0
732069,上櫃,0.8,0.67,730.0
732070,上櫃,0.0,0.0,0.0
732165,上櫃,0.0,0.0,0.0
732167,上櫃,0.0,0.0,0.0
732217,上櫃,0.2,0.21,100.0
732269,上櫃,0.0,0.0,0.0
732271,上櫃,0.3,0.3,12.0
732272,上櫃,0.25,0.25,10.0
732275,上櫃,0.82,0.81,21.0
732277,上櫃,0.0,0.0,0.0
732332,上櫃,0.36,0.36,221.0
732333,上櫃,3.21,3.21,1.0
732334,上櫃,0.0,0.0,0.0
732391,上櫃,0.0,0.0,0.0
732468,上櫃,0.0,0.0,0.0
732521,上櫃,0.0,0.0,0.0
732545,上櫃,0.65,0.69,201.0
732585,上櫃,0.0,0.0,0.0
732586,上櫃,0.0,0.0,0.0
732653,上櫃,2.26,2.26,4.0
732913,上櫃,0.0,0.0,0.0
732921,上櫃,0.0,0.0,0.0
732925,上櫃,0.0,0.0,0.0
732931,上櫃,0.04,0.04,240.0
732940,上櫃,0.0,0.0,0.0
732996,上櫃,0.0,0.0,0.0
733008,上櫃,0.0,0.0,0.0
733009,上櫃,0.0,0.0,0.0
733025,上櫃,0.0,0.0,0.0
733056,上櫃,0.0,0.0,0.0
733070,上櫃,0.0,0.0,0.0
733074,上櫃,0.31,0.31,5.0
733083,上櫃,0.0,0.0,0.0
733084,上櫃,2.2,2.2,80.0
733122,上櫃,0.0,0.0,0.0
733133,上櫃,0.22,0.23,248.0
733140,上櫃,0.0,0.0,0.0
733142,上櫃,0.0,0.0,0.0
733150,上櫃,0.0,0.0,0.0
733155,上櫃,0.0,0.0,0.0
733177,上櫃,0.0,0.0,0.0
733178,上櫃,0.0,0.0,0.0
733179,上櫃,0.0,0.0,0.0
733183,上櫃,0.0,0.0,0.0
733193,上櫃,0.0,0.0,0.0
733204,上櫃,0.0,0.0,0.0
733215,上櫃,0.0,0.0,0.0
733222,上櫃,0.0,0.0,0.0
733227,上櫃,0.0,0.0,0.0
733236,上櫃,0.0,0.0,0.0
733243,上櫃,0.0,0.0,0.0
733248,上櫃,0.0,0.0,0.0
733264,上櫃,0.0,0.0,0.0
733306,上櫃,0.0,0.0,0.0
733307,上櫃,0.0,0.0,0.0
733308,上櫃,0.0,0.0,0.0
733317,上櫃,0.0,0.0,0.0
733332,上櫃,0.0,0.0,0.0
733333,上櫃,0.19,0.19,20.0
733334,上櫃,0.0,0.0,0.0
733335,上櫃,0.0,0.0,0.0
733336,上櫃,0.47,0.47,64.0
733337,上櫃,0.0,0.0,0.0
733338,上櫃,2.1,2.1,215.0
733339,上櫃,0.0,0.0,0.0
733356,上櫃,0.0,0.0,0.0
733357,上櫃,0.0,0.0,0.0
733358,上櫃,0.0,0.0,0.0
733359,上櫃,0.0,0.0,0.0
733360,上櫃,0.0,0.0,0.0
733382,上櫃,0.0,0.0,0.0
733396,上櫃,0.0,0.0,0.0
733405,上櫃,0.0,0.0,0.0
733406,上櫃,0.0,0.0,0.0
733407,上櫃,0.0,0.0,0.0
733408,上櫃,0.0,0.0,0.0
733409,上櫃,0.0,0.0,0.0
733410,上櫃,0.0,0.0,0.0
733411,上櫃,0.8,0.93,264.0
733412,上櫃,0.0,0.0,0.0
733413,上櫃,0.0,0.0,0.0
733414,上櫃,0.0,0.0,0.0
733415,上櫃,0.0,0.0,0.0
733416,上櫃,0.0,0.0,0.0
733417,上櫃,0.0,0.0,0.0
733456,上櫃,0.92,0.9,100.0
733457,上櫃,0.0,0.0,0.0
733458,上櫃,0.03,0.03,47.0
733459,上櫃,0.02,0.02,50.0
733460,上櫃,0.21,0.2,155.0
733461,上櫃,0.3,0.29,12.0
733462,上櫃,0.0,0.0,0.0
733463,上櫃,0.0,0.0,0.0
733464,上櫃,0.25,0.23,230.0
733465,上櫃,0.0,0.0,0.0
733466,上櫃,0.0,0.0,0.0
733467,上櫃,0.0,0.0,0.0
733468,上櫃,6.1,6.05,4.0
733469,上櫃,0.0,0.0,0.0
733470,上櫃,2.07,1.95,2.0
733471,上櫃,2.44,2.23,55.0
733476,上櫃,0.0,0.0,0.0
733483,上櫃,0.57,0.34,152.0
733488,上櫃,4.28,4.28,39.0
733489,上櫃,0.0,0.0,0.0
733503,上櫃,0.0,0.0,0.0
733507,上櫃,0.0,0.0,0.0
733517,上櫃,0.74,0.74,10.0
733518,上櫃,0.14,0.14,3.0
733520,上櫃,0.88,0.88,20.0
733522,上櫃,0.0,0.0,0.0
733523,上櫃,0.0,0.0,0.0
733524,上櫃,0.0,0.0,0.0
733525,上櫃,0.0,0.0,0.0
733526,上櫃,0.22,0.31,170.0
733527,上櫃,0.0,0.0,0.0
733528,上櫃,0.99,0.99,10.0
733529,上櫃,1.56,1.8,22.0
733530,上櫃,1.24,1.31,32.0
733532,上櫃,0.97,0.97,20.0
733533,上櫃,0.0,0.0,0.0
733534,上櫃,0.0,0.0,0.0
733535,上櫃,0.3,0.3,100.0
733536,上櫃,0.0,0.0,0.0
733537,上櫃,0.0,0.0,0.0
733545,上櫃,0.0,0.0,0.0
733560,上櫃,0.14,0.14,2.0
733562,上櫃,0.0,0.0,0.0
733563,上櫃,2.17,2.17,1.0
733564,上櫃,0.0,0.0,0.0
733565,上櫃,0.0,0.0,0.0
733566,上櫃,0.0,0.0,0.0
733567,上櫃,0.0,0.0,0.0
733568,上櫃,0.0,0.0,0.0
733569,上櫃,0.0,0.0,0.0
733570,上櫃,0.0,0.0,0.0
733571,上櫃,0.0,0.0,0.0
733572,上櫃,0.0,0.0,0.0
733573,上櫃,5.65,5.65,10.0
733574,上櫃,0.0,0.0,0.0
733575,上櫃,0.0,0.0,0.0
733643,上櫃,0.0,0.0,0.0
733644,上櫃,0.0,0.0,0.0
733645,上櫃,0.0,0.0,0.0
733647,上櫃,6.55,6.55,5.0
733648,上櫃,0.94,0.94,2.0
733649,上櫃,0.0,0.0,0.0
733650,上櫃,0.0,0.0,0.0
733651,上櫃,0.0,0.0,0.0
733652,上櫃,0.0,0.0,0.0
733653,上櫃,0.0,0.0,0.0
733654,上櫃,0.0,0.0,0.0
733655,上櫃,0.0,0.0,0.0
733656,上櫃,0.13,0.13,10.0
733657,上櫃,0.0,0.0,0.0
733658,上櫃,0.0,0.0,0.0
733677,上櫃,0.0,0.0,0.0
733693,上櫃,0.63,0.68,102.0
733694,上櫃,0.23,0.22,11.0
733695,上櫃,0.73,0.71,1193.0
733696,上櫃,0.7,0.7,2.0
733698,上櫃,0.0,0.0,0.0
733699,上櫃,0.0,0.0,0.0
733700,上櫃,0.0,0.0,0.0
733701,上櫃,0.0,0.0,0.0
733702,上櫃,0.0,0.0,0.0
733703,上櫃,0.0,0.0,0.0
733709,上櫃,0.0,0.0,0.0
733711,上櫃,0.0,0.0,0.0
733720,上櫃,0.0,0.0,0.0
733746,上櫃,8.3,8.3,10.0
733755,上櫃,0.0,0.0,0.0
733756,上櫃,0.0,0.0,0.0
733757,上櫃,0.0,0.0,0.0
733758,上櫃,0.14,0.13,1118.0
733759,上櫃,0.11,0.11,35.0
733760,上櫃,0.46,0.47,161.0
733761,上櫃,0.0,0.0,0.0
733762,上櫃,0.0,0.0,0.0
733763,上櫃,0.0,0.0,0.0
733777,上櫃,0.0,0.0,0.0
733784,上櫃,0.0,0.0,0.0
733798,上櫃,0.0,0.0,0.0
733799,上櫃,0.0,0.0,0.0
733800,上櫃,3.1,3.1,2.0
733801,上櫃,0.0,0.0,0.0
733811,上櫃,0.0,0.0,0.0
733841,上櫃,0.0,0.0,0.0
733848,上櫃,0.0,0.0,0.0
733849,上櫃,0.0,0.0,0.0
733850,上櫃,0.0,0.0,0.0
733851,上櫃,0.0,0.0,0.0
733852,上櫃,0.0,0.0,0.0
733853,上櫃,0.0,0.0,0.0
733854,上櫃,0.0,0.0,0.0
733855,上櫃,0.0,0.0,0.0
733856,上櫃,0.58,0.55,237.0
733867,上櫃,0.0,0.0,0.0
733884,上櫃,0.0,0.0,0.0
733885,上櫃,0.0,0.0,0.0
733886,上櫃,0.0,0.0,0.0
733887,上櫃,0.0,0.0,0.0
733888,上櫃,0.0,0.0,0.0
733889,上櫃,0.0,0.0,0.0
733956,上櫃,0.0,0.0,0.0
733957,上櫃,0.0,0.0,0.0
733958,上櫃,0.71,0.71,30.0
733959,上櫃,1.26,1.26,100.0
733960,上櫃,0.0,0.0,0.0
733981,上櫃,0.0,0.0,0.0
733982,上櫃,0.0,0.0,0.0
733983,上櫃,0.0,0.0,0.0
733984,上櫃,0.6,0.58,1719.0
733985,上櫃,0.0,0.0,0.0
733986,上櫃,0.0,0.0,0.0
733991,上櫃,0.26,0.23,477.0
733992,上櫃,0.83,0.76,51.0
733993,上櫃,0.0,0.0,0.0
734030,上櫃,0.0,0.0,0.0
734033,上櫃,0.0,0.0,0.0
734041,上櫃,0.0,0.0,0.0
734042,上櫃,0.15,0.15,7.0
734067,上櫃,0.0,0.0,0.0
734100,上櫃,0.6,0.53,81.0
734101,上櫃,0.21,0.21,150.0
734102,上櫃,0.0,0.0,0.0
734103,上櫃,0.0,0.0,0.0
734134,上櫃,0.0,0.0,0.0
734135,上櫃,0.0,0.0,0.0
734136,上櫃,0.0,0.0,0.0
734137,上櫃,3.16,3.16,32.0
734138,上櫃,0.0,0.0,0.0
734139,上櫃,0.0,0.0,0.0
734145,上櫃,0.0,0.0,0.0
734158,上櫃,0.0,0.0,0.0
734160,上櫃,0.0,0.0,0.0
734162,上櫃,1.31,1.25,55.0
734202,上櫃,0.35,0.21,63.0
734205,上櫃,0.0,0.0,0.0
734206,上櫃,0.0,0.0,0.0
734207,上櫃,0.0,0.0,0.0
734208,上櫃,0.0,0.0,0.0
734209,上櫃,2.81,3.18,19.0
734210,上櫃,0.0,0.0,0.0
734228,上櫃,1.33,1.3,40.0
734230,上櫃,0.3,0.25,486.0
734232,上櫃,0.0,0.0,0.0
734249,上櫃,0.0,0.0,0.0
734252,上櫃,0.0,0.0,0.0
734276,上櫃,0.0,0.0,0.0
734277,上櫃,0.0,0.0,0.0
734278,上櫃,0.0,0.0,0.0
734280,上櫃,0.13,0.13,30.0
734281,上櫃,0.0,0.0,0.0
734282,上櫃,0.0,0.0,0.0
734283,上櫃,0.0,0.0,0.0
734284,上櫃,0.0,0.0,0.0
734285,上櫃,0.0,0.0,0.0
734286,上櫃,0.0,0.0,0.0
734287,上櫃,1.2,1.64,430.0
734288,上櫃,0.0,0.0,0.0
734289,上櫃,0.56,0.56,254.0
734290,上櫃,0.0,0.0,0.0
734291,上櫃,0.0,0.0,0.0
734292,上櫃,0.0,0.0,0.0
734293,上櫃,0.0,0.0,0.0
734294,上櫃,0.0,0.0,0.0
734342,上櫃,0.95,0.95,65.0
734344,上櫃,0.0,0.0,0.0
734345,上櫃,1.01,1.01,5.0
734346,上櫃,1.04,0.98,60.0
734347,上櫃,4.95,4.95,8.0
734348,上櫃,0.0,0.0,0.0
734351,上櫃,0.0,0.0,0.0
734352,上櫃,0.0,0.0,0.0
734354,上櫃,0.0,0.0,0.0
734355,上櫃,5.35,5.35,12.0
734359,上櫃,0.0,0.0,0.0
734386,上櫃,3.55,4.0,21.0
734408,上櫃,0.0,0.0,0.0
734409,上櫃,0.0,0.0,0.0
734410,上櫃,0.0,0.0,0.0
734411,上櫃,0.0,0.0,0.0
734412,上櫃,0.36,0.34,65.0
734413,上櫃,0.0,0.0,0.0
734414,上櫃,0.0,0.0,0.0
734415,上櫃,0.53,0.51,719.0
734416,上櫃,0.0,0.0,0.0
734417,上櫃,0.0,0.0,0.0
734468,上櫃,0.0,0.0,0.0
734505,上櫃,0.0,0.0,0.0
734506,上櫃,0.31,0.21,12.0
734507,上櫃,0.0,0.0,0.0
734508,上櫃,6.9,7.0,34.0
734509,上櫃,0.0,0.0,0.0
734510,上櫃,0.84,0.84,100.0
734511,上櫃,0.0,0.0,0.0
734512,上櫃,0.0,0.0,0.0
734513,上櫃,0.36,0.36,1.0
734514,上櫃,0.44,0.43,112.0
734515,上櫃,36.2,36.2,1.0
734516,上櫃,12.3,11.9,30.0
734518,上櫃,0.0,0.0,0.0
734519,上櫃,0.0,0.0,0.0
734520,上櫃,0.87,0.87,104.0
734521,上櫃,0.0,0.0,0.0
734522,上櫃,0.0,0.0,0.0
734523,上櫃,1.63,1.61,129.0
734524,上櫃,0.0,0.0,0.0
734525,上櫃,0.34,0.34,205.0
734534,上櫃,0.0,0.0,0.0
734535,上櫃,0.0,0.0,0.0
734574,上櫃,1.55,1.59,311.0
734605,上櫃,10.1,10.1,31.0
734606,上櫃,0.0,0.0,0.0
734607,上櫃,0.13,0.13,5.0
734608,上櫃,0.0,0.0,0.0
734609,上櫃,0.0,0.0,0.0
734613,上櫃,1.0,1.07,865.0
734614,上櫃,0.0,0.0,0.0
734615,上櫃,0.0,0.0,0.0
734616,上櫃,0.08,0.08,10.0
734618,上櫃,0.0,0.0,0.0
734619,上櫃,0.0,0.0,0.0
734620,上櫃,0.02,0.02,200.0
734621,上櫃,2.6,2.6,12.0
734628,上櫃,0.0,0.0,0.0
734639,上櫃,0.0,0.0,0.0
734706,上櫃,0.0,0.0,0.0
734707,上櫃,0.69,0.69,40.0
734708,上櫃,0.0,0.0,0.0
734709,上櫃,0.34,0.34,100.0
734710,上櫃,0.63,0.63,20.0
734743,上櫃,0.0,0.0,0.0
734745,上櫃,0.0,0.0,0.0
734747,上櫃,0.0,0.0,0.0
734780,上櫃,0.62,0.6,120.0
734781,上櫃,0.27,0.25,68.0
734782,上櫃,0.0,0.0,0.0
734783,上櫃,3.01,2.97,7.0
734784,上櫃,0.9,1.17,30.0
734785,上櫃,3.06,3.37,94.0
734786,上櫃,0.36,0.36,220.0
734787,上櫃,0.0,0.0,0.0
734791,上櫃,0.0,0.0,0.0
734805,上櫃,1.09,1.09,8.0
734807,上櫃,0.0,0.0,0.0
734857,上櫃,0.77,0.79,279.0
734859,上櫃,0.0,0.0,0.0
734869,上櫃,0.1,0.1,499.0
734870,上櫃,0.0,0.0,0.0
734871,上櫃,0.0,0.0,0.0
734872,上櫃,1.73,1.77,20.0
734873,上櫃,1.27,1.31,636.0
734874,上櫃,6.2,5.9,4.0
734880,上櫃,33.6,33.6,1.0
734886,上櫃,0.2,0.2,100.0
734892,上櫃,0.0,0.0,0.0
734910,上櫃,6.8,6.8,2.0
734923,上櫃,0.0,0.0,0.0
734925,上櫃,0.0,0.0,0.0
734926,上櫃,0.0,0.0,0.0
734937,上櫃,0.0,0.0,0.0
734938,上櫃,1.62,1.62,10.0
734939,上櫃,0.14,0.14,11.0
734940,上櫃,0.0,0.0,0.0
734941,上櫃,12.2,13.2,3.0
734967,上櫃,0.0,0.0,0.0
734991,上櫃,0.48,0.48,40.0
734992,上櫃,0.0,0.0,0.0
734993,上櫃,0.0,0.0,0.0
734994,上櫃,0.57,0.55,315.0
734995,上櫃,0.0,0.0,0.0
734996,上櫃,0.0,0.0,0.0
735000,上櫃,0.0,0.0,0.0
735009,上櫃,0.0,0.0,0.0
735011,上櫃,0.0,0.0,0.0
735012,上櫃,0.0,0.0,0.0
735013,上櫃,36.2,36.2,1.0
735021,上櫃,0.0,0.0,0.0
735028,上櫃,0.0,0.0,0.0
735029,上櫃,3.96,3.8,207.0
735030,上櫃,0.0,0.0,0.0
735035,上櫃,0.0,0.0,0.0
735045,上櫃,0.0,0.0,0.0
735046,上櫃,0.0,0.0,0.0
735047,上櫃,0.46,0.43,249.0
735056,上櫃,0.0,0.0,0.0
735073,上櫃,7.7,7.7,2.0
735086,上櫃,3.2,3.4,40.0
735089,上櫃,0.0,0.0,0.0
735090,上櫃,0.0,0.0,0.0
735102,上櫃,0.0,0.0,0.0
735103,上櫃,0.1,0.1,15.0
735104,上櫃,0.85,0.85,10.0
735105,上櫃,0.0,0.0,0.0
735106,上櫃,0.0,0.0,0.0
735122,上櫃,0.0,0.0,0.0
735181,上櫃,0.04,0.04,50.0
735182,上櫃,0.19,0.17,293.0
735183,上櫃,2.09,2.09,2.0
735184,上櫃,0.0,0.0,0.0
735211,上櫃,0.0,0.0,0.0
735213,上櫃,0.0,0.0,0.0
735217,上櫃,0.0,0.0,0.0
735239,上櫃,0.0,0.0,0.0
735257,上櫃,2.81,2.86,245.0
735271,上櫃,0.0,0.0,0.0
735272,上櫃,0.0,0.0,0.0
735273,上櫃,0.0,0.0,0.0
735274,上櫃,0.0,0.0,0.0
735299,上櫃,0.13,0.13,30.0
735300,上櫃,0.0,0.0,0.0
735301,上櫃,0.0,0.0,0.0
735302,上櫃,0.58,0.57,78.0
735303,上櫃,0.0,0.0,0.0
735304,上櫃,1.1,1.0,311.0
735305,上櫃,0.0,0.0,0.0
735306,上櫃,0.74,0.73,28.0
735307,上櫃,0.0,0.0,0.0
735312,上櫃,4.88,4.81,20.0
735323,上櫃,0.0,0.0,0.0
735343,上櫃,0.0,0.0,0.0
735344,上櫃,0.0,0.0,0.0
735352,上櫃,0.0,0.0,0.0
735370,上櫃,0.0,0.0,0.0
735387,上櫃,0.11,0.11,374.0
735388,上櫃,0.0,0.0,0.0
735389,上櫃,1.07,1.02,60.0
735390,上櫃,0.0,0.0,0.0
735391,上櫃,0.0,0.0,0.0
735392,上櫃,0.0,0.0,0.0
735432,上櫃,0.0,0.0,0.0
735444,上櫃,0.59,0.58,265.0
735445,上櫃,0.0,0.0,0.0
735472,上櫃,10.7,10.7,4.0
735488,上櫃,0.0,0.0,0.0
735489,上櫃,0.0,0.0,0.0
735507,上櫃,0.0,0.0,0.0
735508,上櫃,0.0,0.0,0.0
735509,上櫃,0.0,0.0,0.0
735510,上櫃,0.64,0.73,223.0
735511,上櫃,0.59,0.55,12.0
735512,上櫃,2.62,2.62,6.0
735513,上櫃,0.33,0.36,874.0
735518,上櫃,0.61,0.61,7.0
735523,上櫃,0.0,0.0,0.0
735534,上櫃,0.0,0.0,0.0
735556,上櫃,0.0,0.0,0.0
735557,上櫃,0.0,0.0,0.0
735558,上櫃,0.0,0.0,0.0
735559,上櫃,0.0,0.0,0.0
735560,上櫃,0.0,0.0,0.0
735561,上櫃,0.0,0.0,0.0
735562,上櫃,0.0,0.0,0.0
735563,上櫃,0.0,0.0,0.0
735564,上櫃,0.74,0.74,70.0
735565,上櫃,0.0,0.0,0.0
735566,上櫃,0.0,0.0,0.0
735580,上櫃,2.06,2.06,1.0
735598,上櫃,0.0,0.0,0.0
735621,上櫃,5.0,5.1,9.0
735622,上櫃,0.0,0.0,0.0
735636,上櫃,0.0,0.0,0.0
735646,上櫃,0.16,0.17,4.0
735647,上櫃,0.24,0.24,12.0
735648,上櫃,0.0,0.0,0.0
735649,上櫃,1.1,0.98,192.0
735650,上櫃,1.09,1.09,2.0
735651,上櫃,0.0,0.0,0.0
735652,上櫃,0.0,0.0,0.0
735653,上櫃,0.0,0.0,0.0
735654,上櫃,0.49,0.56,410.0
735655,上櫃,0.0,0.0,0.0
735656,上櫃,0.07,0.07,8.0
735657,上櫃,0.0,0.0,0.0
735658,上櫃,0.0,0.0,0.0
735659,上櫃,0.0,0.0,0.0
735660,上櫃,0.0,0.0,0.0
735661,上櫃,0.0,0.0,0.0
735662,上櫃,0.33,0.33,20.0
735663,上櫃,0.0,0.0,0.0
735664,上櫃,1.15,1.33,116.0
735665,上櫃,0.96,0.96,1.0
735666,上櫃,0.0,0.0,0.0
735675,上櫃,0.0,0.0,0.0
735683,上櫃,0.0,0.0,0.0
735719,上櫃,0.0,0.0,0.0
735723,上櫃,0.0,0.0,0.0
735724,上櫃,0.0,0.0,0.0
735726,上櫃,3.51,3.29,8.0
735727,上櫃,0.0,0.0,0.0
735728,上櫃,0.24,0.24,122.0
735729,上櫃,0.0,0.0,0.0
735730,上櫃,0.0,0.0,0.0
735731,上櫃,0.0,0.0,0.0
735732,上櫃,0.0,0.0,0.0
735733,上櫃,0.1,0.1,305.0
735734,上櫃,0.0,0.0,0.0
735743,上櫃,5.0,4.34,13.0
735754,上櫃,0.0,0.0,0.0
735758,上櫃,4.87,4.77,5.0
735786,上櫃,0.0,0.0,0.0
735789,上櫃,0.0,0.0,0.0
735791,上櫃,0.0,0.0,0.0
735797,上櫃,0.0,0.0,0.0
735804,上櫃,0.0,0.0,0.0
735807,上櫃,0.0,0.0,0.0
735844,上櫃,0.0,0.0,0.0
735847,上櫃,0.0,0.0,0.0
735848,上櫃,0.0,0.0,0.0
735849,上櫃,1.93,1.93,1.0
735850,上櫃,0.0,0.0,0.0
735851,上櫃,0.0,0.0,0.0
735852,上櫃,0.79,0.84,269.0
735853,上櫃,6.3,6.3,50.0
735854,上櫃,0.26,0.26,62.0
735855,上櫃,4.49,4.24,360.0
735856,上櫃,0.0,0.0,0.0
735857,上櫃,0.0,0.0,0.0
735858,上櫃,0.89,0.86,103.0
735859,上櫃,0.0,0.0,0.0
735860,上櫃,0.0,0.0,0.0
735871,上櫃,0.0,0.0,0.0
735909,上櫃,0.0,0.0,0.0
735916,上櫃,0.0,0.0,0.0
735917,上櫃,0.0,0.0,0.0
735918,上櫃,0.65,0.71,1746.0
735919,上櫃,0.0,0.0,0.0
735920,上櫃,0.0,0.0,0.0
735921,上櫃,5.65,5.65,10.0
735922,上櫃,0.97,1.19,367.0
735923,上櫃,0.0,0.0,0.0
735924,上櫃,0.0,0.0,0.0
735925,上櫃,0.0,0.0,0.0
735926,上櫃,0.0,0.0,0.0
735932,上櫃,0.0,0.0,0.0
735962,上櫃,0.08,0.08,10.0
735963,上櫃,0.0,0.0,0.0
735964,上櫃,0.0,0.0,0.0
735974,上櫃,0.0,0.0,0.0
735975,上櫃,0.0,0.0,0.0
736006,上櫃,0.0,0.0,0.0
736009,上櫃,0.0,0.0,0.0
736010,上櫃,0.0,0.0,0.0
736011,上櫃,0.0,0.0,0.0
736039,上櫃,0.0,0.0,0.0
736079,上櫃,0.94,0.94,3.0
736081,上櫃,0.0,0.0,0.0
736082,上櫃,0.75,0.7,2293.0
736083,上櫃,0.0,0.0,0.0
736084,上櫃,0.0,0.0,0.0
736085,上櫃,0.0,0.0,0.0
736086,上櫃,0.0,0.0,0.0
736087,上櫃,2.04,2.05,33.0
736088,上櫃,1.41,1.41,2.0
736090,上櫃,0.0,0.0,0.0
736116,上櫃,0.0,0.0,0.0
736124,上櫃,0.0,0.0,0.0
736125,上櫃,0.0,0.0,0.0
736153,上櫃,5.5,5.5,10.0
736154,上櫃,1.08,1.12,645.0
736155,上櫃,2.41,2.41,1.0
736156,上櫃,2.31,2.31,2.0
736157,上櫃,0.0,0.0,0.0
736158,上櫃,0.0,0.0,0.0
736159,上櫃,10.3,10.3,2.0
736160,上櫃,5.95,5.8,109.0
736161,上櫃,2.0,1.79,135.0
736162,上櫃,0.63,0.63,187.0
736163,上櫃,1.01,1.05,578.0
736164,上櫃,0.0,0.0,0.0
736177,上櫃,0.0,0.0,0.0
736188,上櫃,0.0,0.0,0.0
736210,上櫃,0.0,0.0,0.0
736216,上櫃,0.0,0.0,0.0
736238,上櫃,0.66,0.67,324.0
736239,上櫃,0.06,0.05,20.0
736241,上櫃,0.79,0.82,194.0
736242,上櫃,0.77,0.8,72.0
736243,上櫃,0.78,0.83,240.0
736244,上櫃,5.9,5.7,49.0
736245,上櫃,0.39,0.39,42.0
736247,上櫃,0.09,0.07,11.0
736248,上櫃,0.0,0.0,0.0
736249,上櫃,0.43,0.42,51.0
736250,上櫃,0.12,0.12,5.0
736251,上櫃,1.99,1.84,35.0
736258,上櫃,0.0,0.0,0.0
736287,上櫃,0.0,0.0,0.0
736288,上櫃,0.83,0.77,85.0
736306,上櫃,0.0,0.0,0.0
736307,上櫃,0.16,0.16,10.0
736311,上櫃,0.0,0.0,0.0
736320,上櫃,0.0,0.0,0.0
736322,上櫃,0.0,0.0,0.0
736323,上櫃,2.71,2.71,5.0
736330,上櫃,0.0,0.0,0.0
736331,上櫃,0.0,0.0,0.0
736335,上櫃,0.0,0.0,0.0
736337,上櫃,0.0,0.0,0.0
736338,上櫃,15.1,15.2,60.0
736346,上櫃,0.0,0.0,0.0
736347,上櫃,0.0,0.0,0.0
736348,上櫃,0.0,0.0,0.0
736349,上櫃,0.74,0.7,316.0
736350,上櫃,0.37,0.34,1452.0
736351,上櫃,0.0,0.0,0.0
736352,上櫃,0.31,0.3,382.0
736353,上櫃,0.0,0.0,0.0
736354,上櫃,0.36,0.36,155.0
736355,上櫃,5.75,5.75,5.0
736356,上櫃,0.1,0.1,10.0
736357,上櫃,0.0,0.0,0.0
736358,上櫃,0.03,0.03,5.0
736359,上櫃,0.97,0.93,90.0
736360,上櫃,1.21,1.1,168.0
736361,上櫃,0.0,0.0,0.0
736362,上櫃,0.0,0.0,0.0
736367,上櫃,0.0,0.0,0.0
736368,上櫃,22.6,22.7,2.0
736378,上櫃,0.0,0.0,0.0
736399,上櫃,0.0,0.0,0.0
736400,上櫃,0.0,0.0,0.0
736401,上櫃,0.0,0.0,0.0
736403,上櫃,0.0,0.0,0.0
736405,上櫃,0.0,0.0,0.0
736411,上櫃,0.0,0.0,0.0
736421,上櫃,0.0,0.0,0.0
736427,上櫃,0.28,0.28,64.0
736428,上櫃,0.8,0.84,712.0
736429,上櫃,0.0,0.0,0.0
736430,上櫃,1.28,1.23,22.0
736431,上櫃,0.0,0.0,0.0
736432,上櫃,1.36,1.36,1.0
736433,上櫃,0.0,0.0,0.0
736434,上櫃,0.41,0.48,907.0
736435,上櫃,0.0,0.0,0.0
736436,上櫃,4.77,5.0,14.0
736437,上櫃,0.0,0.0,0.0
736438,上櫃,1.32,1.33,482.0
736439,上櫃,1.21,1.21,2.0
736440,上櫃,0.47,0.45,63.0
736441,上櫃,0.0,0.0,0.0
736442,上櫃,1.58,1.72,516.0
736443,上櫃,0.66,0.7,145.0
736444,上櫃,0.0,0.0,0.0
736447,上櫃,0.0,0.0,0.0
736452,上櫃,0.0,0.0,0.0
736472,上櫃,0.0,0.0,0.0
736474,上櫃,0.32,0.34,45.0
736475,上櫃,1.58,1.6,20.0
736476,上櫃,0.49,0.45,124.0
736477,上櫃,0.0,0.0,0.0
736478,上櫃,1.4,1.39,85.0
736479,上櫃,0.78,0.75,251.0
736480,上櫃,0.18,0.18,13.0
736483,上櫃,0.36,0.33,81.0
736488,上櫃,0.04,0.04,5.0
736489,上櫃,0.0,0.0,0.0
736495,上櫃,0.0,0.0,0.0
736496,上櫃,0.0,0.0,0.0
736501,上櫃,0.0,0.0,0.0
736503,上櫃,0.0,0.0,0.0
736505,上櫃,29.6,29.6,10.0
736506,上櫃,16.6,16.7,18.0
736518,上櫃,0.0,0.0,0.0
736523,上櫃,0.39,0.39,5.0
736524,上櫃,1.2,1.18,159.0
736528,上櫃,3.2,3.91,90.0
736536,上櫃,0.05,0.05,36.0
736538,上櫃,0.0,0.0,0.0
736540,上櫃,0.0,0.0,0.0
736559,上櫃,0.0,0.0,0.0
736561,上櫃,0.89,0.89,10.0
736567,上櫃,0.0,0.0,0.0
736576,上櫃,0.0,0.0,0.0
736581,上櫃,0.0,0.0,0.0
736584,上櫃,0.0,0.0,0.0
736585,上櫃,0.0,0.0,0.0
736586,上櫃,0.0,0.0,0.0
736587,上櫃,0.88,0.88,1.0
736593,上櫃,0.0,0.0,0.0
736604,上櫃,0.0,0.0,0.0
736621,上櫃,0.0,0.0,0.0
736627,上櫃,0.0,0.0,0.0
736640,上櫃,0.0,0.0,0.0
736641,上櫃,0.0,0.0,0.0
736649,上櫃,0.0,0.0,0.0
736650,上櫃,0.0,0.0,0.0
736653,上櫃,0.0,0.0,0.0
736660,上櫃,0.0,0.0,0.0
736672,上櫃,0.0,0.0,0.0
736722,上櫃,0.0,0.0,0.0
736735,上櫃,1.26,1.26,50.0
736736,上櫃,1.38,1.38,303.0
736737,上櫃,0.73,0.95,1914.0
736738,上櫃,0.1,0.1,79.0
736739,上櫃,0.1,0.1,1.0
736740,上櫃,0.16,0.16,19.0
736741,上櫃,0.0,0.0,0.0
736742,上櫃,0.0,0.0,0.0
736743,上櫃,0.0,0.0,0.0
736748,上櫃,0.0,0.0,0.0
736750,上櫃,3.36,3.68,148.0
736756,上櫃,0.0,0.0,0.0
736775,上櫃,0.0,0.0,0.0
736780,上櫃,0.0,0.0,0.0
736787,上櫃,0.0,0.0,0.0
736792,上櫃,0.0,0.0,0.0
736793,上櫃,0.0,0.0,0.0
736795,上櫃,0.0,0.0,0.0
736800,上櫃,0.0,0.0,0.0
736833,上櫃,0.02,0.01,24.0
736834,上櫃,0.54,0.54,337.0
736855,上櫃,18.5,18.5,1.0
736856,上櫃,0.0,0.0,0.0
736883,上櫃,3.8,4.13,14.0
736884,上櫃,0.0,0.0,0.0
736904,上櫃,0.0,0.0,0.0
736914,上櫃,0.0,0.0,0.0
736921,上櫃,0.87,0.91,246.0
736922,上櫃,7.15,8.65,47.0
736930,上櫃,0.24,0.24,22.0
736931,上櫃,0.0,0.0,0.0
736932,上櫃,6.35,6.4,25.0
736933,上櫃,0.0,0.0,0.0
736934,上櫃,4.6,5.3,222.0
736935,上櫃,1.42,1.5,1422.0
736936,上櫃,3.45,3.45,10.0
736937,上櫃,0.0,0.0,0.0
736938,上櫃,0.0,0.0,0.0
736951,上櫃,0.0,0.0,0.0
736960,上櫃,0.0,0.0,0.0
736964,上櫃,0.0,0.0,0.0
736972,上櫃,0.0,0.0,0.0
736976,上櫃,0.0,0.0,0.0
736982,上櫃,0.0,0.0,0.0
736987,上櫃,0.0,0.0,0.0
736994,上櫃,0.25,0.25,5.0
736995,上櫃,5.5,5.5,3.0
736996,上櫃,5.25,5.25,3.0
736997,上櫃,0.0,0.0,0.0
737003,上櫃,0.0,0.0,0.0
737004,上櫃,0.0,0.0,0.0
737011,上櫃,0.0,0.0,0.0
737015,上櫃,0.0,0.0,0.0
737027,上櫃,0.0,0.0,0.0
737038,上櫃,0.0,0.0,0.0
737042,上櫃,0.0,0.0,0.0
737050,上櫃,0.0,0.0,0.0
737051,上櫃,0.0,0.0,0.0
737058,上櫃,9.6,9.6,31.0
737078,上櫃,0.0,0.0,0.0
737085,上櫃,0.1,0.1,12.0
737086,上櫃,0.0,0.0,0.0
737088,上櫃,3.19,3.64,26.0
737092,上櫃,0.0,0.0,0.0
737106,上櫃,0.0,0.0,0.0
737121,上櫃,0.14,0.14,10.0
737127,上櫃,25.1,24.0,6.0
737129,上櫃,0.0,0.0,0.0
737132,上櫃,0.25,0.25,15.0
737147,上櫃,0.0,0.0,0.0
737150,上櫃,0.59,0.62,216.0
737151,上櫃,0.0,0.0,0.0
737152,上櫃,0.15,0.15,245.0
737153,上櫃,0.0,0.0,0.0
737154,上櫃,1.93,2.15,8.0
737155,上櫃,0.16,0.16,5.0
737156,上櫃,1.11,1.11,1.0
737157,上櫃,0.0,0.0,0.0
737158,上櫃,5.4,5.1,31.0
737159,上櫃,0.31,0.31,133.0
737160,上櫃,0.0,0.0,0.0
737161,上櫃,0.0,0.0,0.0
737162,上櫃,3.59,4.16,14.0
737163,上櫃,0.0,0.0,0.0
737164,上櫃,0.33,0.33,13.0
737165,上櫃,1.19,1.2,15.0
737166,上櫃,0.0,0.0,0.0
737175,上櫃,0.0,0.0,0.0
737177,上櫃,0.0,0.0,0.0
737184,上櫃,0.0,0.0,0.0
737186,上櫃,0.0,0.0,0.0
737188,上櫃,0.05,0.03,104.0
737195,上櫃,0.6,0.57,156.0
737196,上櫃,0.0,0.0,0.0
737197,上櫃,1.85,1.79,79.0
737198,上櫃,1.82,1.77,171.0
737202,上櫃,0.0,0.0,0.0
737203,上櫃,0.0,0.0,0.0
737204,上櫃,3.17,3.08,67.0
737205,上櫃,0.0,0.0,0.0
737210,上櫃,0.0,0.0,0.0
737211,上櫃,0.0,0.0,0.0
737223,上櫃,0.0,0.0,0.0
737230,上櫃,0.0,0.0,0.0
737255,上櫃,0.0,0.0,0.0
737257,上櫃,1.33,1.33,10.0
737267,上櫃,0.59,0.63,648.0
737270,上櫃,0.0,0.0,0.0
737276,上櫃,0.0,0.0,0.0
737278,上櫃,0.0,0.0,0.0
737285,上櫃,0.0,0.0,0.0
737286,上櫃,0.56,0.56,6.0
737292,上櫃,0.0,0.0,0.0
737295,上櫃,4.63,4.66,260.0
737299,上櫃,0.0,0.0,0.0
737319,上櫃,0.0,0.0,0.0
737320,上櫃,0.0,0.0,0.0
737321,上櫃,0.85,0.86,381.0
737322,上櫃,1.83,1.67,95.0
737323,上櫃,0.15,0.14,7.0
737324,上櫃,0.78,0.76,5.0
737325,上櫃,0.46,0.42,103.0
737326,上櫃,0.0,0.0,0.0
737327,上櫃,0.0,0.0,0.0
737328,上櫃,0.31,0.4,1072.0
737329,上櫃,0.0,0.0,0.0
737330,上櫃,0.0,0.0,0.0
737331,上櫃,0.0,0.0,0.0
737332,上櫃,4.35,4.6,111.0
737333,上櫃,0.28,0.28,100.0
737334,上櫃,0.79,0.75,36.0
737335,上櫃,0.0,0.0,0.0
737336,上櫃,1.12,1.12,10.0
737337,上櫃,0.0,0.0,0.0
737338,上櫃,0.0,0.0,0.0
737352,上櫃,0.0,0.0,0.0
737354,上櫃,0.0,0.0,0.0
737389,上櫃,0.0,0.0,0.0
737396,上櫃,0.0,0.0,0.0
737404,上櫃,5.2,5.4,57.0
737426,上櫃,0.0,0.0,0.0
737427,上櫃,0.0,0.0,0.0
737428,上櫃,0.0,0.0,0.0
737450,上櫃,0.0,0.0,0.0
737468,上櫃,0.0,0.0,0.0
737487,上櫃,3.7,3.57,71.0
737490,上櫃,0.07,0.07,587.0
737491,上櫃,0.19,0.19,50.0
737493,上櫃,0.0,0.0,0.0
737495,上櫃,0.32,0.25,222.0
737510,上櫃,0.0,0.0,0.0
737517,上櫃,0.0,0.0,0.0
737518,上櫃,0.0,0.0,0.0
737529,上櫃,0.0,0.0,0.0
737541,上櫃,0.0,0.0,0.0
737579,上櫃,0.0,0.0,0.0
737600,上櫃,0.0,0.0,0.0
737606,上櫃,0.0,0.0,0.0
737629,上櫃,0.0,0.0,0.0
737671,上櫃,0.0,0.0,0.0
737675,上櫃,0.0,0.0,0.0
737687,上櫃,12.5,13.4,27.0
737688,上櫃,14.9,14.9,11.0
737692,上櫃,0.51,0.56,520.0
737693,上櫃,0.0,0.0,0.0
737696,上櫃,0.0,0.0,0.0
737699,上櫃,0.0,0.0,0.0
737700,上櫃,0.0,0.0,0.0
737701,上櫃,0.0,0.0,0.0
737704,上櫃,0.0,0.0,0.0
737705,上櫃,0.0,0.0,0.0
737716,上櫃,0.0,0.0,0.0
737717,上櫃,0.0,0.0,0.0
737723,上櫃,14.6,14.6,20.0
737729,上櫃,0.0,0.0,0.0
737731,上櫃,0.0,0.0,0.0
737737,上櫃,0.94,0.78,915.0
737740,上櫃,0.0,0.0,0.0
737744,上櫃,0.0,0.0,0.0
737745,上櫃,0.0,0.0,0.0
737747,上櫃,0.0,0.0,0.0
737754,上櫃,0.0,0.0,0.0
737755,上櫃,0.0,0.0,0.0
737757,上櫃,0.0,0.0,0.0
737768,上櫃,0.0,0.0,0.0
737769,上櫃,0.0,0.0,0.0
737773,上櫃,0.0,0.0,0.0
737776,上櫃,0.0,0.0,0.0
737777,上櫃,0.0,0.0,0.0
737779,上櫃,4.49,4.49,5.0
737784,上櫃,0.0,0.0,0.0
737787,上櫃,0.0,0.0,0.0
737792,上櫃,0.0,0.0,0.0
737795,上櫃,6.0,6.1,31.0
737799,上櫃,1.39,1.4,2.0
737800,上櫃,2.35,2.1,377.0
737801,上櫃,2.7,2.36,204.0
737803,上櫃,0.0,0.0,0.0
737808,上櫃,0.0,0.0,0.0
737809,上櫃,0.0,0.0,0.0
737810,上櫃,0.0,0.0,0.0
737816,上櫃,0.0,0.0,0.0
737819,上櫃,0.0,0.0,0.0
737820,上櫃,0.0,0.0,0.0
737821,上櫃,0.0,0.0,0.0
737826,上櫃,0.0,0.0,0.0
737831,上櫃,0.52,0.92,32.0
737837,上櫃,0.0,0.0,0.0
737841,上櫃,0.0,0.0,0.0
737843,上櫃,0.0,0.0,0.0
737846,上櫃,9.35,9.35,1.0
737856,上櫃,0.0,0.0,0.0
737860,上櫃,0.0,0.0,0.0
737866,上櫃,0.0,0.0,0.0
737867,上櫃,0.0,0.0,0.0
737868,上櫃,0.0,0.0,0.0
737869,上櫃,0.0,0.0,0.0
737870,上櫃,0.0,0.0,0.0
737871,上櫃,0.0,0.0,0.0
737876,上櫃,0.0,0.0,0.0
737880,上櫃,11.4,11.4,5.0
737885,上櫃,0.0,0.0,0.0
737888,上櫃,0.0,0.0,0.0
737892,上櫃,0.0,0.0,0.0
737905,上櫃,0.0,0.0,0.0
737912,上櫃,0.16,0.16,200.0
737913,上櫃,5.1,5.1,3.0
737914,上櫃,0.0,0.0,0.0
737919,上櫃,5.0,5.0,1.0
737924,上櫃,0.0,0.0,0.0
737926,上櫃,0.0,0.0,0.0
737927,上櫃,0.0,0.0,0.0
737928,上櫃,5.95,5.95,6.0
737929,上櫃,2.71,2.91,40.0
737930,上櫃,3.92,4.0,45.0
737931,上櫃,0.51,0.48,402.0
737932,上櫃,0.0,0.0,0.0
737933,上櫃,0.05,0.05,50.0
737935,上櫃,0.0,0.0,0.0
737939,上櫃,0.0,0.0,0.0
737940,上櫃,0.0,0.0,0.0
737944,上櫃,0.0,0.0,0.0
737950,上櫃,5.35,5.35,5.0
737953,上櫃,0.0,0.0,0.0
737955,上櫃,0.16,0.16,75.0
737958,上櫃,0.0,0.0,0.0
737966,上櫃,0.0,0.0,0.0
737972,上櫃,20.9,22.3,15.0
737973,上櫃,0.0,0.0,0.0
737974,上櫃,0.07,0.06,40.0
737975,上櫃,0.0,0.0,0.0
737976,上櫃,0.0,0.0,0.0
737978,上櫃,0.0,0.0,0.0
737980,上櫃,0.0,0.0,0.0
737981,上櫃,0.0,0.0,0.0
737982,上櫃,0.0,0.0,0.0
737983,上櫃,0.0,0.0,0.0
737984,上櫃,0.0,0.0,0.0
737986,上櫃,0.0,0.0,0.0
737989,上櫃,0.0,0.0,0.0
737990,上櫃,10.7,10.7,3.0
737991,上櫃,0.0,0.0,0.0
737995,上櫃,0.0,0.0,0.0
737997,上櫃,0.0,0.0,0.0
737998,上櫃,0.43,0.36,65.0
737999,上櫃,11.9,12.3,100.0
738001,上櫃,0.0,0.0,0.0
738002,上櫃,0.0,0.0,0.0
738009,上櫃,0.0,0.0,0.0
738014,上櫃,0.0,0.0,0.0
738015,上櫃,0.0,0.0,0.0
738020,上櫃,0.0,0.0,0.0
738021,上櫃,0.0,0.0,0.0
738026,上櫃,0.0,0.0,0.0
738032,上櫃,0.0,0.0,0.0
738036,上櫃,0.0,0.0,0.0
738041,上櫃,0.06,0.13,206.0
738042,上櫃,0.0,0.0,0.0
738044,上櫃,11.7,11.7,2.0
738049,上櫃,0.0,0.0,0.0
738051,上櫃,0.0,0.0,0.0
738053,上櫃,0.41,0.31,111.0
738060,上櫃,0.0,0.0,0.0
738071,上櫃,0.0,0.0,0.0
738072,上櫃,0.0,0.0,0.0
738074,上櫃,0.0,0.0,0.0
738079,上櫃,0.68,0.68,30.0
738080,上櫃,0.0,0.0,0.0
738081,上櫃,0.0,0.0,0.0
738082,上櫃,0.0,0.0,0.0
738086,上櫃,0.0,0.0,0.0
738091,上櫃,0.0,0.0,0.0
738092,上櫃,0.0,0.0,0.0
738093,上櫃,0.0,0.0,0.0
738097,上櫃,3.33,3.24,460.0
738100,上櫃,0.0,0.0,0.0
738102,上櫃,0.0,0.0,0.0
738105,上櫃,0.0,0.0,0.0
738106,上櫃,0.0,0.0,0.0
738108,上櫃,0.0,0.0,0.0
738112,上櫃,0.0,0.0,0.0
738113,上櫃,2.63,2.78,40.0
738114,上櫃,2.85,2.84,137.0
738116,上櫃,0.0,0.0,0.0
738117,上櫃,0.0,0.0,0.0
738123,上櫃,0.0,0.0,0.0
738128,上櫃,0.65,0.78,132.0
738130,上櫃,0.0,0.0,0.0
738131,上櫃,0.1,0.06,11.0
738132,上櫃,0.53,0.5,590.0
738133,上櫃,0.01,0.01,10.0
738134,上櫃,5.05,5.05,1.0
738135,上櫃,3.78,3.78,10.0
738136,上櫃,0.48,0.46,7.0
738137,上櫃,0.35,0.35,299.0
738138,上櫃,0.29,0.29,130.0
738139,上櫃,0.33,0.4,56.0
738140,上櫃,0.51,0.57,88.0
738141,上櫃,0.42,0.41,214.0
738142,上櫃,0.0,0.0,0.0
738143,上櫃,0.18,0.17,23.0
738144,上櫃,0.0,0.0,0.0
738145,上櫃,0.61,0.61,100.0
738146,上櫃,4.6,4.82,6.0
738147,上櫃,1.67,1.83,16.0
738148,上櫃,0.0,0.0,0.0
738149,上櫃,0.0,0.0,0.0
738150,上櫃,0.0,0.0,0.0
738151,上櫃,0.0,0.0,0.0
738152,上櫃,0.0,0.0,0.0
738153,上櫃,0.0,0.0,0.0
738154,上櫃,0.0,0.0,0.0
738155,上櫃,0.0,0.0,0.0
738156,上櫃,0.0,0.0,0.0
738157,上櫃,0.13,0.13,332.0
738159,上櫃,0.0,0.0,0.0
738160,上櫃,0.0,0.0,0.0
738169,上櫃,0.0,0.0,0.0
738182,上櫃,0.0,0.0,0.0
738183,上櫃,0.71,0.69,30.0
738184,上櫃,0.48,0.45,113.0
738185,上櫃,0.0,0.0,0.0
738186,上櫃,0.0,0.0,0.0
738187,上櫃,0.38,0.38,50.0
738188,上櫃,0.29,0.33,14.0
738189,上櫃,0.22,0.22,6.0
738190,上櫃,0.46,0.46,1.0
738191,上櫃,0.33,0.33,1566.0
738192,上櫃,0.36,0.4,30.0
738193,上櫃,0.0,0.0,0.0
738194,上櫃,0.0,0.0,0.0
738195,上櫃,1.05,0.97,369.0
738196,上櫃,0.3,0.31,216.0
738197,上櫃,0.0,0.0,0.0
738198,上櫃,0.0,0.0,0.0
738199,上櫃,0.0,0.0,0.0
738202,上櫃,0.69,0.68,502.0
738207,上櫃,0.0,0.0,0.0
738210,上櫃,11.8,12.6,43.0
738222,上櫃,0.0,0.0,0.0
738224,上櫃,0.0,0.0,0.0
738226,上櫃,0.0,0.0,0.0
738239,上櫃,0.0,0.0,0.0
738253,上櫃,0.0,0.0,0.0
738260,上櫃,0.0,0.0,0.0
738263,上櫃,0.0,0.0,0.0
738264,上櫃,0.0,0.0,0.0
738266,上櫃,0.0,0.0,0.0
738269,上櫃,0.0,0.0,0.0
738271,上櫃,0.0,0.0,0.0
738281,上櫃,0.45,0.44,46.0
738282,上櫃,0.33,0.33,10.0
738283,上櫃,0.0,0.0,0.0
738284,上櫃,0.0,0.0,0.0
738285,上櫃,0.0,0.0,0.0
738286,上櫃,0.48,0.52,1716.0
738287,上櫃,0.66,0.66,1.0
738288,上櫃,0.55,0.55,1.0
738289,上櫃,0.0,0.0,0.0
738290,上櫃,0.0,0.0,0.0
738291,上櫃,0.85,0.88,24.0
738292,上櫃,0.0,0.0,0.0
738293,上櫃,0.31,0.31,54.0
738294,上櫃,0.0,0.0,0.0
738296,上櫃,0.0,0.0,0.0
738299,上櫃,0.0,0.0,0.0
738302,上櫃,0.0,0.0,0.0
738306,上櫃,0.0,0.0,0.0
738308,上櫃,0.0,0.0,0.0
738311,上櫃,0.0,0.0,0.0
738312,上櫃,0.0,0.0,0.0
738313,上櫃,0.0,0.0,0.0
738315,上櫃,0.0,0.0,0.0
738318,上櫃,0.0,0.0,0.0
738319,上櫃,0.0,0.0,0.0
738320,上櫃,0.0,0.0,0.0
738327,上櫃,0.0,0.0,0.0
738332,上櫃,0.0,0.0,0.0
738345,上櫃,0.0,0.0,0.0
738360,上櫃,0.0,0.0,0.0
738364,上櫃,0.0,0.0,0.0
738366,上櫃,0.0,0.0,0.0
738367,上櫃,0.63,0.56,534.0
738373,上櫃,0.0,0.0,0.0
738374,上櫃,0.0,0.0,0.0
738382,上櫃,0.0,0.0,0.0
738383,上櫃,0.0,0.0,0.0
738391,上櫃,0.0,0.0,0.0
738403,上櫃,0.0,0.0,0.0
738404,上櫃,0.0,0.0,0.0
738411,上櫃,0.0,0.0,0.0
738423,上櫃,0.0,0.0,0.0
738426,上櫃,0.0,0.0,0.0
738427,上櫃,15.2,15.2,2.0
738437,上櫃,0.0,0.0,0.0
738439,上櫃,2.88,2.88,3.0
738440,上櫃,0.0,0.0,0.0
738442,上櫃,0.0,0.0,0.0
738446,上櫃,0.0,0.0,0.0
738447,上櫃,0.0,0.0,0.0
738451,上櫃,0.0,0.0,0.0
738456,上櫃,0.0,0.0,0.0
738461,上櫃,0.0,0.0,0.0
738465,上櫃,0.0,0.0,0.0
738468,上櫃,0.0,0.0,0.0
738472,上櫃,0.0,0.0,0.0
738473,上櫃,0.0,0.0,0.0
738477,上櫃,0.0,0.0,0.0
738481,上櫃,0.0,0.0,0.0
738486,上櫃,1.42,1.06,13.0
738487,上櫃,0.0,0.0,0.0
738491,上櫃,0.0,0.0,0.0
738492,上櫃,0.0,0.0,0.0
738493,上櫃,0.0,0.0,0.0
738496,上櫃,0.0,0.0,0.0
738497,上櫃,6.5,6.5,21.0
738499,上櫃,0.0,0.0,0.0
738503,上櫃,1.1,0.99,1276.0
738510,上櫃,10.5,10.5,70.0
738514,上櫃,12.8,12.8,50.0
738515,上櫃,0.0,0.0,0.0
738517,上櫃,0.0,0.0,0.0
738521,上櫃,0.0,0.0,0.0
738522,上櫃,0.0,0.0,0.0
738531,上櫃,0.0,0.0,0.0
738535,上櫃,0.0,0.0,0.0
738555,上櫃,0.0,0.0,0.0
738556,上櫃,0.0,0.0,0.0
738557,上櫃,0.0,0.0,0.0
738558,上櫃,0.0,0.0,0.0
738566,上櫃,0.06,0.06,40.0
738567,上櫃,0.0,0.0,0.0
738577,上櫃,0.0,0.0,0.0
738587,上櫃,0.0,0.0,0.0
738588,上櫃,0.28,0.25,675.0
738598,上櫃,0.21,0.24,60.0
738599,上櫃,0.0,0.0,0.0
738600,上櫃,0.06,0.07,50.0
738605,上櫃,0.13,0.13,304.0
738606,上櫃,0.0,0.0,0.0
738615,上櫃,0.0,0.0,0.0
738619,上櫃,0.0,0.0,0.0
738625,上櫃,0.0,0.0,0.0
738638,上櫃,0.0,0.0,0.0
738639,上櫃,0.0,0.0,0.0
738640,上櫃,0.0,0.0,0.0
738641,上櫃,0.0,0.0,0.0
738643,上櫃,17.2,17.2,2.0
738644,上櫃,0.0,0.0,0.0
738645,上櫃,0.0,0.0,0.0
738646,上櫃,0.0,0.0,0.0
738647,上櫃,0.0,0.0,0.0
738648,上櫃,0.0,0.0,0.0
738649,上櫃,0.0,0.0,0.0
738650,上櫃,0.0,0.0,0.0
738651,上櫃,0.52,0.56,495.0
738652,上櫃,0.3,0.22,1090.0
738653,上櫃,0.37,0.35,882.0
738654,上櫃,0.0,0.0,0.0
738655,上櫃,0.0,0.0,0.0
738656,上櫃,0.0,0.0,0.0
738657,上櫃,0.0,0.0,0.0
738658,上櫃,0.33,0.29,35.0
738659,上櫃,0.0,0.0,0.0
738660,上櫃,0.0,0.0,0.0
738661,上櫃,0.0,0.0,0.0
738662,上櫃,0.0,0.0,0.0
738663,上櫃,0.0,0.0,0.0
738664,上櫃,22.3,22.6,210.0
738666,上櫃,0.0,0.0,0.0
738674,上櫃,22.5,22.5,1.0
738675,上櫃,0.11,0.11,10.0
738678,上櫃,0.0,0.0,0.0
738682,上櫃,0.02,0.02,1.0
738686,上櫃,0.0,0.0,0.0
738690,上櫃,0.0,0.0,0.0
738696,上櫃,0.0,0.0,0.0
738706,上櫃,0.0,0.0,0.0
738707,上櫃,0.0,0.0,0.0
738708,上櫃,0.0,0.0,0.0
738709,上櫃,0.0,0.0,0.0
738712,上櫃,0.0,0.0,0.0
738714,上櫃,0.0,0.0,0.0
738717,上櫃,0.0,0.0,0.0
738720,上櫃,0.0,0.0,0.0
738726,上櫃,1.31,1.26,20.0
738731,上櫃,0.38,0.39,59.0
738734,上櫃,0.0,0.0,0.0
738736,上櫃,0.34,0.34,138.0
738737,上櫃,0.0,0.0,0.0
738738,上櫃,0.33,0.42,389.0
738739,上櫃,2.36,2.3,14.0
738740,上櫃,0.0,0.0,0.0
738741,上櫃,0.0,0.0,0.0
738742,上櫃,0.2,0.2,499.0
738743,上櫃,1.14,1.14,1.0
738744,上櫃,0.0,0.0,0.0
738745,上櫃,0.0,0.0,0.0
738746,上櫃,0.0,0.0,0.0
738747,上櫃,0.0,0.0,0.0
738748,上櫃,0.38,0.37,210.0
738749,上櫃,1.39,1.45,12.0
738750,上櫃,5.5,5.5,2.0
738751,上櫃,0.0,0.0,0.0
738752,上櫃,0.0,0.0,0.0
738753,上櫃,0.0,0.0,0.0
738754,上櫃,0.0,0.0,0.0
738755,上櫃,0.15,0.15,432.0
738756,上櫃,0.89,0.84,11.0
738757,上櫃,0.43,0.43,5.0
738758,上櫃,0.6,0.62,19.0
738759,上櫃,0.92,1.16,343.0
738760,上櫃,0.75,0.92,381.0
738761,上櫃,0.0,0.0,0.0
738762,上櫃,0.0,0.0,0.0
738763,上櫃,0.0,0.0,0.0
738764,上櫃,0.0,0.0,0.0
738765,上櫃,0.0,0.0,0.0
738766,上櫃,0.0,0.0,0.0
738767,上櫃,0.0,0.0,0.0
738772,上櫃,0.0,0.0,0.0
738776,上櫃,0.0,0.0,0.0
738781,上櫃,0.0,0.0,0.0
738783,上櫃,0.0,0.0,0.0
738784,上櫃,0.0,0.0,0.0
738789,上櫃,0.0,0.0,0.0
738798,上櫃,0.0,0.0,0.0
738802,上櫃,0.0,0.0,0.0
738806,上櫃,0.39,0.37,302.0
738807,上櫃,0.0,0.0,0.0
738808,上櫃,0.0,0.0,0.0
738809,上櫃,0.0,0.0,0.0
738817,上櫃,0.0,0.0,0.0
738821,上櫃,0.0,0.0,0.0
738825,上櫃,0.0,0.0,0.0
738826,上櫃,0.0,0.0,0.0
738827,上櫃,0.15,0.16,30.0
738831,上櫃,0.0,0.0,0.0
738837,上櫃,0.0,0.0,0.0
738842,上櫃,0.0,0.0,0.0
738844,上櫃,0.0,0.0,0.0
738845,上櫃,0.0,0.0,0.0
738851,上櫃,0.34,0.35,356.0
738853,上櫃,0.0,0.0,0.0
738861,上櫃,0.0,0.0,0.0
738863,上櫃,0.0,0.0,0.0
738866,上櫃,0.0,0.0,0.0
738870,上櫃,0.0,0.0,0.0
738871,上櫃,0.0,0.0,0.0
738872,上櫃,0.0,0.0,0.0
738873,上櫃,0.0,0.0,0.0
738874,上櫃,0.0,0.0,0.0
738880,上櫃,0.0,0.0,0.0
738887,上櫃,0.0,0.0,0.0
738888,上櫃,0.0,0.0,0.0
738889,上櫃,0.0,0.0,0.0
738898,上櫃,0.0,0.0,0.0
738899,上櫃,0.0,0.0,0.0
738901,上櫃,0.0,0.0,0.0
738904,上櫃,0.0,0.0,0.0
738906,上櫃,0.0,0.0,0.0
738911,上櫃,0.0,0.0,0.0
738914,上櫃,0.0,0.0,0.0
738917,上櫃,0.0,0.0,0.0
738921,上櫃,0.0,0.0,0.0
738929,上櫃,0.0,0.0,0.0
738931,上櫃,0.43,0.43,50.0
738932,上櫃,0.0,0.0,0.0
738933,上櫃,0.43,0.46,746.0
738934,上櫃,0.51,0.5,58.0
738935,上櫃,0.0,0.0,0.0
738936,上櫃,0.15,0.14,258.0
738937,上櫃,0.0,0.0,0.0
738938,上櫃,0.0,0.0,0.0
738939,上櫃,0.0,0.0,0.0
738940,上櫃,0.0,0.0,0.0
738941,上櫃,0.0,0.0,0.0
738942,上櫃,7.45,7.45,55.0
738943,上櫃,0.55,0.51,654.0
738944,上櫃,0.0,0.0,0.0
738945,上櫃,0.28,0.27,3.0
738946,上櫃,1.1,1.37,36.0
738947,上櫃,0.0,0.0,0.0
738948,上櫃,0.0,0.0,0.0
738949,上櫃,0.0,0.0,0.0
738950,上櫃,0.0,0.0,0.0
738954,上櫃,0.0,0.0,0.0
738963,上櫃,4.33,4.33,3.0
738971,上櫃,0.0,0.0,0.0
738979,上櫃,0.0,0.0,0.0
738999,上櫃,0.0,0.0,0.0
739002,上櫃,0.0,0.0,0.0
739003,上櫃,0.0,0.0,0.0
739006,上櫃,0.0,0.0,0.0
739015,上櫃,0.41,0.41,15.0
739017,上櫃,0.0,0.0,0.0
739018,上櫃,0.0,0.0,0.0
739027,上櫃,0.0,0.0,0.0
739029,上櫃,5.75,6.9,70.0
739031,上櫃,0.0,0.0,0.0
739032,上櫃,0.0,0.0,0.0
739045,上櫃,1.1,1.03,23.0
739053,上櫃,0.0,0.0,0.0
739057,上櫃,0.0,0.0,0.0
739059,上櫃,0.0,0.0,0.0
739062,上櫃,0.0,0.0,0.0
739063,上櫃,0.0,0.0,0.0
739064,上櫃,0.0,0.0,0.0
739067,上櫃,0.0,0.0,0.0
739068,上櫃,0.0,0.0,0.0
739071,上櫃,0.0,0.0,0.0
739073,上櫃,0.0,0.0,0.0
739076,上櫃,0.0,0.0,0.0
739077,上櫃,0.0,0.0,0.0
739078,上櫃,0.0,0.0,0.0
739079,上櫃,0.0,0.0,0.0
739083,上櫃,0.0,0.0,0.0
739089,上櫃,0.0,0.0,0.0
739096,上櫃,0.0,0.0,0.0
739100,上櫃,0.0,0.0,0.0
739102,上櫃,0.0,0.0,0.0
739105,上櫃,0.14,0.14,5.0
739106,上櫃,3.16,2.9,165.0
739116,上櫃,0.0,0.0,0.0
739117,上櫃,0.0,0.0,0.0
739118,上櫃,0.0,0.0,0.0
739122,上櫃,0.0,0.0,0.0
739123,上櫃,0.0,0.0,0.0
739131,上櫃,0.0,0.0,0.0
739133,上櫃,0.0,0.0,0.0
739143,上櫃,0.0,0.0,0.0
739148,上櫃,0.0,0.0,0.0
739149,上櫃,0.0,0.0,0.0
739151,上櫃,24.0,24.0,1.0
739152,上櫃,0.0,0.0,0.0
739155,上櫃,0.0,0.0,0.0
739156,上櫃,0.0,0.0,0.0
739157,上櫃,0.19,0.19,1.0
739160,上櫃,0.0,0.0,0.0
739161,上櫃,0.0,0.0,0.0
739162,上櫃,0.0,0.0,0.0
739166,上櫃,0.0,0.0,0.0
739174,上櫃,0.0,0.0,0.0
739185,上櫃,0.0,0.0,0.0
739208,上櫃,3.84,4.21,15.0
739209,上櫃,0.0,0.0,0.0
739211,上櫃,0.0,0.0,0.0
739215,上櫃,0.0,0.0,0.0
739216,上櫃,0.0,0.0,0.0
739217,上櫃,0.0,0.0,0.0
739220,上櫃,0.0,0.0,0.0
739221,上櫃,0.0,0.0,0.0
739224,上櫃,0.0,0.0,0.0
739225,上櫃,0.0,0.0,0.0
739227,上櫃,0.0,0.0,0.0
739234,上櫃,0.0,0.0,0.0
739235,上櫃,0.0,0.0,0.0
739251,上櫃,13.5,12.7,7.0
739252,上櫃,0.0,0.0,0.0
739262,上櫃,0.0,0.0,0.0
739263,上櫃,11.0,9.55,163.0
739270,上櫃,17.2,16.3,3.0
739273,上櫃,0.0,0.0,0.0
739276,上櫃,0.0,0.0,0.0
739277,上櫃,0.0,0.0,0.0
739280,上櫃,0.0,0.0,0.0
739281,上櫃,0.0,0.0,0.0
739284,上櫃,0.0,0.0,0.0
739288,上櫃,0.0,0.0,0.0
739292,上櫃,0.0,0.0,0.0
739293,上櫃,0.0,0.0,0.0
739295,上櫃,0.0,0.0,0.0
739303,上櫃,1.61,1.61,20.0
739309,上櫃,0.0,0.0,0.0
739310,上櫃,0.0,0.0,0.0
739311,上櫃,0.0,0.0,0.0
739312,上櫃,0.0,0.0,0.0
739313,上櫃,0.0,0.0,0.0
739314,上櫃,0.0,0.0,0.0
739315,上櫃,0.0,0.0,0.0
739316,上櫃,0.0,0.0,0.0
739317,上櫃,1.73,1.78,14.0
739319,上櫃,0.0,0.0,0.0
739320,上櫃,0.0,0.0,0.0
739321,上櫃,0.0,0.0,0.0
739322,上櫃,1.29,1.24,28.0
739323,上櫃,0.0,0.0,0.0
739324,上櫃,4.93,5.0,4.0
739325,上櫃,0.0,0.0,0.0
739327,上櫃,0.0,0.0,0.0
739330,上櫃,0.0,0.0,0.0
739332,上櫃,0.0,0.0,0.0
739333,上櫃,0.0,0.0,0.0
739336,上櫃,0.0,0.0,0.0
739337,上櫃,0.0,0.0,0.0
739338,上櫃,0.0,0.0,0.0
739339,上櫃,0.0,0.0,0.0
739340,上櫃,0.64,0.85,143.0
739341,上櫃,0.58,0.78,541.0
739342,上櫃,0.0,0.0,0.0
739343,上櫃,0.0,0.0,0.0
739344,上櫃,0.0,0.0,0.0
739345,上櫃,0.13,0.13,6.0
739346,上櫃,0.0,0.0,0.0
739347,上櫃,0.0,0.0,0.0
739348,上櫃,0.0,0.0,0.0
739349,上櫃,0.0,0.0,0.0
739350,上櫃,0.0,0.0,0.0
739351,上櫃,0.0,0.0,0.0
739352,上櫃,0.0,0.0,0.0
739353,上櫃,0.13,0.14,16.0
739354,上櫃,0.0,0.0,0.0
739355,上櫃,0.0,0.0,0.0
739356,上櫃,0.0,0.0,0.0
739359,上櫃,0.0,0.0,0.0
739361,上櫃,0.0,0.0,0.0
739362,上櫃,0.0,0.0,0.0
739365,上櫃,0.0,0.0,0.0
739366,上櫃,0.0,0.0,0.0
739367,上櫃,0.0,0.0,0.0
739368,上櫃,2.08,2.1,200.0
739369,上櫃,0.0,0.0,0.0
739370,上櫃,0.0,0.0,0.0
739372,上櫃,1.06,1.07,2369.0
739373,上櫃,0.0,0.0,0.0
739374,上櫃,0.85,0.82,404.0
739375,上櫃,0.53,0.52,80.0
739376,上櫃,0.5,0.5,51.0
739377,上櫃,0.0,0.0,0.0
739378,上櫃,0.0,0.0,0.0
739379,上櫃,0.0,0.0,0.0
739380,上櫃,0.0,0.0,0.0
739381,上櫃,7.4,7.9,5.0
739382,上櫃,0.0,0.0,0.0
739383,上櫃,3.09,2.9,41.0
739384,上櫃,0.0,0.0,0.0
739385,上櫃,0.0,0.0,0.0
739386,上櫃,0.93,1.13,366.0
739387,上櫃,0.43,0.43,222.0
739388,上櫃,0.77,0.76,148.0
739389,上櫃,0.0,0.0,0.0
739390,上櫃,0.98,1.15,171.0
739391,上櫃,0.0,0.0,0.0
739392,上櫃,0.0,0.0,0.0
739395,上櫃,0.0,0.0,0.0
739396,上櫃,0.0,0.0,0.0
739397,上櫃,4.18,4.18,10.0
739398,上櫃,0.0,0.0,0.0
739399,上櫃,1.21,1.21,10.0
739402,上櫃,0.0,0.0,0.0
739403,上櫃,0.0,0.0,0.0
739404,上櫃,0.0,0.0,0.0
739405,上櫃,0.0,0.0,0.0
739406,上櫃,0.0,0.0,0.0
739407,上櫃,0.0,0.0,0.0
739408,上櫃,0.0,0.0,0.0
739409,上櫃,0.0,0.0,0.0
739410,上櫃,0.38,0.34,322.0
739411,上櫃,0.0,0.0,0.0
739412,上櫃,0.0,0.0,0.0
739413,上櫃,0.0,0.0,0.0
739414,上櫃,0.0,0.0,0.0
739415,上櫃,0.0,0.0,0.0
739416,上櫃,0.78,0.9,240.0
739417,上櫃,0.35,0.33,2169.0
739418,上櫃,0.0,0.0,0.0
739419,上櫃,0.07,0.07,100.0
739421,上櫃,0.0,0.0,0.0
739422,上櫃,0.0,0.0,0.0
739423,上櫃,0.0,0.0,0.0
739424,上櫃,0.0,0.0,0.0
739425,上櫃,0.0,0.0,0.0
739426,上櫃,0.0,0.0,0.0
739427,上櫃,0.0,0.0,0.0
739428,上櫃,0.0,0.0,0.0
739429,上櫃,0.0,0.0,0.0
739431,上櫃,0.09,0.07,100.0
739432,上櫃,0.54,0.6,279.0
739433,上櫃,0.0,0.0,0.0
739434,上櫃,0.68,0.68,5.0
739436,上櫃,0.7,0.77,131.0
739437,上櫃,0.94,0.94,1.0
739438,上櫃,0.0,0.0,0.0
739439,上櫃,0.0,0.0,0.0
739440,上櫃,0.0,0.0,0.0
739441,上櫃,0.13,0.13,5.0
739442,上櫃,0.3,0.29,35.0
739443,上櫃,0.0,0.0,0.0
739444,上櫃,0.71,0.68,548.0
739445,上櫃,0.8,0.79,161.0
739446,上櫃,0.0,0.0,0.0
739447,上櫃,0.25,0.25,64.0
739448,上櫃,0.0,0.0,0.0
739450,上櫃,0.0,0.0,0.0
739451,上櫃,0.0,0.0,0.0
739452,上櫃,0.31,0.31,80.0
739453,上櫃,0.14,0.14,1.0
739454,上櫃,0.18,0.18,1.0
739455,上櫃,0.0,0.0,0.0
739456,上櫃,0.0,0.0,0.0
739457,上櫃,3.05,3.05,1.0
739458,上櫃,0.62,0.61,127.0
739459,上櫃,0.69,0.66,1996.0
739460,上櫃,0.64,0.61,780.0
739461,上櫃,0.0,0.0,0.0
739462,上櫃,0.0,0.0,0.0
739463,上櫃,0.0,0.0,0.0
739465,上櫃,0.0,0.0,0.0
739466,上櫃,0.0,0.0,0.0
739467,上櫃,0.54,0.54,10.0
739468,上櫃,0.59,0.68,140.0
739471,上櫃,0.0,0.0,0.0
739475,上櫃,0.0,0.0,0.0
739476,上櫃,0.0,0.0,0.0
739477,上櫃,0.0,0.0,0.0
739478,上櫃,0.16,0.16,40.0
739480,上櫃,0.0,0.0,0.0
739481,上櫃,0.0,0.0,0.0
739484,上櫃,0.0,0.0,0.0
739485,上櫃,0.0,0.0,0.0
739489,上櫃,0.0,0.0,0.0
739493,上櫃,0.0,0.0,0.0
739494,上櫃,0.14,0.14,190.0
739495,上櫃,0.0,0.0,0.0
739496,上櫃,0.0,0.0,0.0
739497,上櫃,0.0,0.0,0.0
739498,上櫃,0.0,0.0,0.0
739499,上櫃,0.0,0.0,0.0
739500,上櫃,0.44,0.45,43.0
739501,上櫃,0.0,0.0,0.0
739502,上櫃,0.0,0.0,0.0
739504,上櫃,0.0,0.0,0.0
739505,上櫃,0.0,0.0,0.0
739506,上櫃,1.79,1.79,2.0
739510,上櫃,0.0,0.0,0.0
739511,上櫃,0.0,0.0,0.0
739513,上櫃,0.0,0.0,0.0
739515,上櫃,0.09,0.1,2.0
739517,上櫃,0.62,0.59,129.0
739518,上櫃,0.0,0.0,0.0
739519,上櫃,0.34,0.33,15.0
739520,上櫃,5.4,5.4,90.0
739521,上櫃,0.96,1.12,266.0
739522,上櫃,0.0,0.0,0.0
739523,上櫃,0.0,0.0,0.0
739524,上櫃,0.22,0.21,917.0
739525,上櫃,0.34,0.29,30.0
739526,上櫃,0.0,0.0,0.0
739527,上櫃,0.0,0.0,0.0
739528,上櫃,0.0,0.0,0.0
739531,上櫃,0.0,0.0,0.0
739534,上櫃,0.0,0.0,0.0
739535,上櫃,0.0,0.0,0.0
739536,上櫃,0.0,0.0,0.0
739537,上櫃,0.0,0.0,0.0
739538,上櫃,0.0,0.0,0.0
739539,上櫃,0.0,0.0,0.0
739540,上櫃,0.0,0.0,0.0
739541,上櫃,0.0,0.0,0.0
739542,上櫃,0.0,0.0,0.0
739545,上櫃,0.0,0.0,0.0
739546,上櫃,0.0,0.0,0.0
739547,上櫃,0.0,0.0,0.0
739548,上櫃,0.0,0.0,0.0
739549,上櫃,0.32,0.32,105.0
739550,上櫃,0.0,0.0,0.0
739551,上櫃,0.0,0.0,0.0
739552,上櫃,0.0,0.0,0.0
739553,上櫃,0.0,0.0,0.0
739554,上櫃,0.0,0.0,0.0
739555,上櫃,0.0,0.0,0.0
739556,上櫃,0.0,0.0,0.0
739557,上櫃,0.0,0.0,0.0
739558,上櫃,12.4,12.4,1.0
739559,上櫃,0.0,0.0,0.0
739560,上櫃,0.0,0.0,0.0
739561,上櫃,0.0,0.0,0.0
739562,上櫃,0.0,0.0,0.0
739563,上櫃,0.0,0.0,0.0
739564,上櫃,0.0,0.0,0.0
739565,上櫃,0.0,0.0,0.0
739566,上櫃,0.0,0.0,0.0
739567,上櫃,0.0,0.0,0.0
739568,上櫃,0.34,0.34,10.0
739569,上櫃,0.0,0.0,0.0
739576,上櫃,0.0,0.0,0.0
739578,上櫃,0.0,0.0,0.0
739579,上櫃,2.24,1.86,64.0
739580,上櫃,0.0,0.0,0.0
739581,上櫃,7.8,7.8,2.0
739583,上櫃,0.0,0.0,0.0
739584,上櫃,0.0,0.0,0.0
739586,上櫃,0.0,0.0,0.0
739588,上櫃,0.0,0.0,0.0
739590,上櫃,0.0,0.0,0.0
739591,上櫃,0.0,0.0,0.0
739593,上櫃,0.0,0.0,0.0
739595,上櫃,0.0,0.0,0.0
739596,上櫃,0.0,0.0,0.0
739597,上櫃,0.0,0.0,0.0
739598,上櫃,0.0,0.0,0.0
739600,上櫃,0.0,0.0,0.0
739602,上櫃,0.0,0.0,0.0
739605,上櫃,0.0,0.0,0.0
739606,上櫃,0.0,0.0,0.0
739607,上櫃,0.0,0.0,0.0
739608,上櫃,0.0,0.0,0.0
739609,上櫃,0.0,0.0,0.0
739610,上櫃,0.0,0.0,0.0
739611,上櫃,0.0,0.0,0.0
739612,上櫃,0.0,0.0,0.0
739614,上櫃,0.4,0.4,16.0
739615,上櫃,0.0,0.0,0.0
739616,上櫃,0.0,0.0,0.0
739617,上櫃,0.0,0.0,0.0
739618,上櫃,0.0,0.0,0.0
739619,上櫃,0.0,0.0,0.0
739620,上櫃,0.18,0.17,611.0
739621,上櫃,5.0,5.0,10.0
739622,上櫃,0.0,0.0,0.0
739623,上櫃,0.0,0.0,0.0
739624,上櫃,0.0,0.0,0.0
739625,上櫃,0.0,0.0,0.0
739626,上櫃,0.0,0.0,0.0
739627,上櫃,0.0,0.0,0.0
739628,上櫃,0.0,0.0,0.0
739629,上櫃,0.0,0.0,0.0
739630,上櫃,0.0,0.0,0.0
739631,上櫃,0.0,0.0,0.0
739632,上櫃,0.0,0.0,0.0
739633,上櫃,0.0,0.0,0.0
739634,上櫃,0.0,0.0,0.0
739635,上櫃,0.0,0.0,0.0
739636,上櫃,0.0,0.0,0.0
739639,上櫃,0.35,0.34,6.0
739640,上櫃,0.0,0.0,0.0
739641,上櫃,0.0,0.0,0.0
739642,上櫃,1.12,1.38,32.0
739643,上櫃,0.0,0.0,0.0
739644,上櫃,0.0,0.0,0.0
739645,上櫃,0.31,0.28,317.0
739646,上櫃,0.17,0.16,20.0
739647,上櫃,0.0,0.0,0.0
739648,上櫃,0.0,0.0,0.0
739649,上櫃,0.0,0.0,0.0
739650,上櫃,0.0,0.0,0.0
739651,上櫃,0.0,0.0,0.0
739652,上櫃,0.0,0.0,0.0
739654,上櫃,0.0,0.0,0.0
739656,上櫃,0.0,0.0,0.0
739660,上櫃,0.0,0.0,0.0
739662,上櫃,0.0,0.0,0.0
739668,上櫃,0.19,0.19,10.0
739669,上櫃,0.0,0.0,0.0
739670,上櫃,0.0,0.0,0.0
739672,上櫃,0.0,0.0,0.0
739673,上櫃,0.0,0.0,0.0
739674,上櫃,0.0,0.0,0.0
739675,上櫃,0.0,0.0,0.0
739676,上櫃,0.0,0.0,0.0
739677,上櫃,0.0,0.0,0.0
739678,上櫃,0.0,0.0,0.0
739679,上櫃,0.0,0.0,0.0
739680,上櫃,0.32,0.32,2.0
739682,上櫃,0.0,0.0,0.0
739683,上櫃,0.0,0.0,0.0
739684,上櫃,0.0,0.0,0.0
739685,上櫃,0.0,0.0,0.0
739687,上櫃,0.0,0.0,0.0
739688,上櫃,0.0,0.0,0.0
739689,上櫃,0.0,0.0,0.0
739690,上櫃,0.0,0.0,0.0
739692,上櫃,0.0,0.0,0.0
739696,上櫃,1.06,0.98,331.0
739698,上櫃,0.0,0.0,0.0
739699,上櫃,0.0,0.0,0.0
739700,上櫃,0.0,0.0,0.0
739701,上櫃,0.0,0.0,0.0
739702,上櫃,0.0,0.0,0.0
739703,上櫃,0.52,0.52,5.0
739704,上櫃,0.55,0.55,40.0
739705,上櫃,0.0,0.0,0.0
739706,上櫃,0.0,0.0,0.0
739707,上櫃,0.0,0.0,0.0
739709,上櫃,0.45,0.48,374.0
739710,上櫃,0.0,0.0,0.0
739711,上櫃,0.0,0.0,0.0
739712,上櫃,0.0,0.0,0.0
739715,上櫃,0.0,0.0,0.0
739716,上櫃,0.74,0.74,31.0
739718,上櫃,0.0,0.0,0.0
739720,上櫃,0.0,0.0,0.0
739723,上櫃,0.0,0.0,0.0
739724,上櫃,0.0,0.0,0.0
739725,上櫃,0.43,0.38,710.0
739726,上櫃,0.0,0.0,0.0
739727,上櫃,0.0,0.0,0.0
739729,上櫃,0.0,0.0,0.0
739730,上櫃,0.0,0.0,0.0
739731,上櫃,0.0,0.0,0.0
739732,上櫃,0.23,0.19,614.0
739735,上櫃,0.0,0.0,0.0
739738,上櫃,0.0,0.0,0.0
739739,上櫃,0.0,0.0,0.0
739740,上櫃,0.0,0.0,0.0
739741,上櫃,0.0,0.0,0.0
739742,上櫃,0.0,0.0,0.0
739745,上櫃,0.0,0.0,0.0
739747,上櫃,0.85,0.85,78.0
739749,上櫃,0.22,0.19,404.0
739750,上櫃,1.17,1.06,1081.0
739751,上櫃,0.74,0.75,776.0
739752,上櫃,0.0,0.0,0.0
739753,上櫃,0.0,0.0,0.0
739754,上櫃,0.0,0.0,0.0
739755,上櫃,0.0,0.0,0.0
739756,上櫃,0.0,0.0,0.0
739757,上櫃,1.36,1.55,2.0
739758,上櫃,0.11,0.1,420.0
739759,上櫃,0.0,0.0,0.0
739760,上櫃,31.8,31.8,4.0
739761,上櫃,0.0,0.0,0.0
739762,上櫃,0.0,0.0,0.0
739763,上櫃,0.0,0.0,0.0
739764,上櫃,0.0,0.0,0.0
739765,上櫃,0.0,0.0,0.0
739766,上櫃,0.0,0.0,0.0
739770,上櫃,0.0,0.0,0.0
739771,上櫃,0.0,0.0,0.0
739774,上櫃,0.0,0.0,0.0
739775,上櫃,0.0,0.0,0.0
739778,上櫃,0.0,0.0,0.0
739779,上櫃,0.0,0.0,0.0
739781,上櫃,0.0,0.0,0.0
739782,上櫃,0.0,0.0,0.0
739783,上櫃,0.0,0.0,0.0
739799,上櫃,0.0,0.0,0.0
739800,上櫃,0.0,0.0,0.0
739801,上櫃,0.0,0.0,0.0
739802,上櫃,0.0,0.0,0.0
739803,上櫃,0.0,0.0,0.0
739805,上櫃,0.0,0.0,0.0
739806,上櫃,0.98,0.92,4.0
739808,上櫃,0.0,0.0,0.0
739809,上櫃,0.43,0.51,100.0
739811,上櫃,0.0,0.0,0.0
739812,上櫃,0.0,0.0,0.0
739813,上櫃,0.0,0.0,0.0
739814,上櫃,0.0,0.0,0.0
739815,上櫃,0.0,0.0,0.0
739824,上櫃,0.0,0.0,0.0
739825,上櫃,0.0,0.0,0.0
739826,上櫃,1.27,1.23,237.0
739829,上櫃,0.0,0.0,0.0
739831,上櫃,0.0,0.0,0.0
739833,上櫃,0.0,0.0,0.0
739835,上櫃,10.9,10.9,1.0
739836,上櫃,0.0,0.0,0.0
739837,上櫃,0.0,0.0,0.0
739838,上櫃,0.0,0.0,0.0
739840,上櫃,0.0,0.0,0.0
739841,上櫃,0.0,0.0,0.0
739842,上櫃,0.0,0.0,0.0
739844,上櫃,0.0,0.0,0.0
739845,上櫃,0.0,0.0,0.0
739846,上櫃,9.0,9.0,10.0
739847,上櫃,0.0,0.0,0.0
739849,上櫃,0.0,0.0,0.0
739850,上櫃,0.0,0.0,0.0
739855,上櫃,0.13,0.11,641.0
739856,上櫃,0.32,0.3,505.0
739858,上櫃,9.45,9.45,4.0
739870,上櫃,0.0,0.0,0.0
739873,上櫃,0.64,0.64,2.0
739874,上櫃,0.0,0.0,0.0
739875,上櫃,0.0,0.0,0.0
739876,上櫃,0.0,0.0,0.0
739877,上櫃,0.0,0.0,0.0
739878,上櫃,0.0,0.0,0.0
739879,上櫃,0.4,0.4,3.0
739880,上櫃,0.0,0.0,0.0
739881,上櫃,0.0,0.0,0.0
739882,上櫃,0.0,0.0,0.0
739883,上櫃,0.0,0.0,0.0
739884,上櫃,0.0,0.0,0.0
739885,上櫃,0.0,0.0,0.0
739886,上櫃,0.0,0.0,0.0
739887,上櫃,0.0,0.0,0.0
739891,上櫃,0.0,0.0,0.0
739894,上櫃,15.6,15.6,20.0
739895,上櫃,0.0,0.0,0.0
739903,上櫃,0.0,0.0,0.0
739906,上櫃,0.0,0.0,0.0
739907,上櫃,0.0,0.0,0.0
739908,上櫃,0.0,0.0,0.0
739909,上櫃,0.29,0.3,4.0
739910,上櫃,0.0,0.0,0.0
739913,上櫃,0.0,0.0,0.0
739914,上櫃,0.0,0.0,0.0
739915,上櫃,0.0,0.0,0.0
739916,上櫃,0.0,0.0,0.0
739921,上櫃,0.0,0.0,0.0
739924,上櫃,0.0,0.0,0.0
739933,上櫃,0.0,0.0,0.0
739934,上櫃,0.0,0.0,0.0
739935,上櫃,0.0,0.0,0.0
739936,上櫃,0.0,0.0,0.0
739941,上櫃,0.28,0.27,2138.0
739953,上櫃,0.0,0.0,0.0
739958,上櫃,0.0,0.0,0.0
739960,上櫃,9.65,9.65,1.0
739963,上櫃,0.0,0.0,0.0
739965,上櫃,0.0,0.0,0.0
739966,上櫃,0.0,0.0,0.0
739968,上櫃,0.0,0.0,0.0
739972,上櫃,0.0,0.0,0.0
739973,上櫃,12.3,11.5,390.0
739974,上櫃,0.0,0.0,0.0
739977,上櫃,0.26,0.26,10.0
739978,上櫃,0.0,0.0,0.0
739979,上櫃,0.0,0.0,0.0
739980,上櫃,0.0,0.0,0.0
739982,上櫃,0.0,0.0,0.0
739983,上櫃,0.3,0.3,10.0
739985,上櫃,1.1,1.1,200.0
739986,上櫃,0.0,0.0,0.0
739987,上櫃,0.0,0.0,0.0
739988,上櫃,0.0,0.0,0.0
739989,上櫃,0.0,0.0,0.0
739990,上櫃,0.0,0.0,0.0
739991,上櫃,0.0,0.0,0.0
739992,上櫃,0.0,0.0,0.0
739994,上櫃,0.0,0.0,0.0
739995,上櫃,0.18,0.18,10.0
739999,上櫃,0.0,0.0,0.0
7402,上櫃,120.5,121.0,568.933
7547,上櫃,70.6,70.4,145.585
7556,上櫃,264.0,264.0,187.227
7584,上櫃,32.65,32.9,26.0
7642,上櫃,71.0,70.7,33.121
7703,上櫃,248.0,243.0,575.877
7704,上櫃,61.5,63.0,312.725
7708,上櫃,92.3,92.1,5.85
7709,上櫃,76.2,79.1,897.212
7712,上櫃,111.0,107.5,231.153
7713,上櫃,66.6,67.0,8.02
7714,上櫃,129.0,129.5,101.487
7715,上櫃,29.0,28.85,18.712
7716,上櫃,0.0,0.0,0.025
7717,上櫃,919.0,893.0,781.097
7718,上櫃,47.2,48.5,120.192
7723,上櫃,34.45,34.5,200.755
7728,上櫃,883.0,841.0,327.489
7734,上櫃,2490.0,2430.0,165.893
7738,上櫃,181.5,184.0,28.064
7743,上櫃,20.0,20.0,5.0
7744,上櫃,477.0,489.0,197.488
7747,上櫃,123.0,122.0,11.703
7751,上櫃,1995.0,1965.0,246.612
7753,上櫃,40.0,39.65,16.04
7757,上櫃,111.5,111.0,20.599
7767,上櫃,44.15,44.5,25.035
7770,上櫃,46.6,46.65,13.051
7777,上櫃,27.5,26.9,2308.485
7782,上櫃,29.3,28.8,24.759
7792,上櫃,364.5,362.5,323.299
7805,上櫃,664.0,655.0,92.328
7810,上櫃,255.5,248.0,139.28
7811,上櫃,88.0,90.1,125.38
8024,上櫃,13.6,13.15,40.439
8027,上櫃,147.5,156.0,10755.769
8032,上櫃,37.15,36.9,100.326
8034,上櫃,25.0,25.05,574.9
8038,上櫃,41.45,40.8,378.639
8040,上櫃,53.8,58.3,2033.111
8042,上櫃,68.0,64.6,10361.932
8043,上櫃,89.5,85.6,23638.009
8044,上櫃,23.0,24.65,1450.069
8047,上櫃,57.1,57.5,48.21
8048,上櫃,59.5,61.6,957.267
8049,上櫃,25.45,25.55,193.555
8050,上櫃,40.85,40.65,396.804
8054,上櫃,99.7,98.0,1905.052
8059,上櫃,18.6,19.05,608.694
8064,上櫃,75.6,75.1,10089.096
8066,上櫃,18.1,18.0,190.546
8067,上櫃,0.0,0.0,0.688
8068,上櫃,22.5,22.85,1441.057
8069,上櫃,151.5,150.5,5519.999
8071,上櫃,16.5,16.7,141.431
8074,上櫃,71.0,68.7,7528.513
8076,上櫃,23.3,23.25,931.585
8077,上櫃,43.45,43.45,2.0
8080,上櫃,29.1,29.15,32.213
8083,上櫃,171.5,174.0,132.125
8084,上櫃,46.8,46.05,50.223
8085,上櫃,14.95,15.1,479.212
8086,上櫃,137.5,134.0,4184.61
8087,上櫃,37.1,36.0,94.148
8088,上櫃,52.1,50.4,2295.751
8089,上櫃,22.55,21.45,211.493
8091,上櫃,181.5,185.0,1129.162
8092,上櫃,11.8,11.8,109.434
8093,上櫃,19.9,20.3,28.741
8096,上櫃,96.3,95.4,14210.35
8097,上櫃,54.6,53.8,105.556
8099,上櫃,72.0,72.0,185.055
8102,上櫃,59.1,59.4,4.008
8107,上櫃,12.75,12.75,65.864
8109,上櫃,109.0,108.0,86.708
8111,上櫃,70.0,70.7,9454.845
8121,上櫃,25.4,25.05,286.559
8147,上櫃,148.0,144.0,579.426
8155,上櫃,343.0,358.5,4495.843
8171,上櫃,24.3,24.05,115.94
8176,上櫃,10.55,10.5,219.049
8182,上櫃,32.35,32.3,1122.155
8183,上櫃,35.6,35.15,412.882
8227,上櫃,124.5,124.0,204.985
8234,上櫃,62.5,61.1,507.075
8240,上櫃,63.2,62.5,4200.332
8255,上櫃,125.0,123.0,215.079
8272,上櫃,73.5,71.0,15.115
8277,上櫃,7.51,7.56,282.467
8279,上櫃,107.5,107.5,9.745
8284,上櫃,63.6,63.6,19.286
8289,上櫃,40.9,42.95,10693.827
8291,上櫃,0.0,0.0,0.012
8299,上櫃,1805.0,1630.0,12375.738
8342,上櫃,93.0,93.1,7.248
8349,上櫃,45.4,42.7,369.745
8349A,上櫃,47.05,47.15,5.206
8354,上櫃,15.5,15.6,100.11
8358,上櫃,320.0,333.5,82314.429
8383,上櫃,53.6,53.7,3066.744
8390,上櫃,91.9,91.4,595.848
8401,上櫃,24.85,25.0,37.481
8403,上櫃,22.1,22.2,201.284
8409,上櫃,20.65,20.95,29.573
8410,上櫃,36.3,36.3,1.218
8415,上櫃,34.05,33.7,461.565
8416,上櫃,170.0,170.0,21.619
8421,上櫃,13.55,13.4,80.148
8423,上櫃,18.0,18.35,19.032
8424,上櫃,74.3,74.2,11.101
8426,上櫃,24.8,24.75,51.755
8431,上櫃,68.0,67.0,1689.224
8432,上櫃,50.9,51.6,33.071
8433,上櫃,61.7,61.3,334.332
8435,上櫃,57.0,57.3,66.948
8436,上櫃,121.5,121.0,472.688
8437,上櫃,12.25,12.2,137.034
8440,上櫃,22.8,22.9,108.427
8444,上櫃,4.67,5.2,135.777
8446,上櫃,98.6,99.1,502.904
8450,上櫃,17.7,17.5,31.894
8455,上櫃,20.15,20.35,9.031
8472,上櫃,74.3,76.4,21.284
8477,上櫃,13.15,13.4,39.207
8489,上櫃,25.45,26.2,224.953
8905,上櫃,40.0,39.8,9.277
8906,上櫃,28.7,28.75,85.931
8908,上櫃,39.9,41.0,767.861
8916,上櫃,47.8,47.65,83.646
8917,上櫃,0.0,0.0,0.109
8921,上櫃,17.8,17.3,9.713
8923,上櫃,20.15,20.1,2.0
8924,上櫃,68.2,67.9,81.529
8927,上櫃,23.1,23.1,267.231
8928,上櫃,22.95,22.85,11.359
8929,上櫃,15.5,15.55,17.393
8930,上櫃,30.0,29.7,43.584
8931,上櫃,41.9,42.2,73.14
8932,上櫃,89.4,87.0,1488.362
8933,上櫃,6.55,6.51,344.759
8935,上櫃,19.2,19.0,322.594
8936,上櫃,50.3,50.2,1329.995
8937,上櫃,34.95,33.75,558.963
8938,上櫃,64.3,63.5,290.514
8941,上櫃,46.0,46.1,2.325
8942,上櫃,45.5,44.35,1194.817
9949,上櫃,34.5,35.05,325.217
9950,上櫃,12.8,12.8,1264.25
9951,上櫃,54.7,54.9,56.176
9960,上櫃,26.2,26.9,256.86
9962,上櫃,10.15,10.1,70.064
