code,market,open,close,lots
00400A,上市,14.9,15.0,36138.014
00401A,上市,14.13,14.22,5191.049
00402A,上市,9.56,9.62,6392.489
00403A,上市,10.23,10.33,316017.832
00404A,上市,9.64,9.71,14109.627
00405A,上市,8.65,8.87,111809.132
00406A,上市,9.47,9.59,202589.259
00407A,上市,9.53,9.7,51795.274
00408A,上市,10.3,10.34,1854.224
00409A,上市,9.61,9.78,22181.158
00410A,上市,11.89,12.07,7071.566
0050,上市,109.6,109.85,86731.065
0051,上市,145.15,145.7,68.992
0052,上市,63.55,63.8,16624.775
0053,上市,244.15,246.8,91.819
0055,上市,51.4,50.15,1767.396
0056,上市,57.0,56.85,19305.39
0057,上市,325.85,325.65,44.703
0061,上市,23.99,24.13,81.819
006203,上市,197.8,198.5,21.463
006204,上市,234.45,234.85,22.268
006205,上市,39.87,40.13,159.827
006206,上市,37.27,37.35,16.933
006207,上市,31.88,32.1,214.166
006208,上市,250.55,251.2,3712.651
00625K,上市,0.0,0.0,0.0
00631L,上市,37.31,37.65,196288.375
00632R,上市,9.71,9.67,133872.609
00633L,上市,46.7,47.35,1556.349
00634R,上市,3.18,3.17,12.901
00635U,上市,44.97,45.07,2623.875
00636,上市,27.48,27.31,180.147
00636K,上市,8.59,8.59,0.2
00637L,上市,19.34,19.54,15220.643
00638R,上市,6.78,6.73,239.5
00639,上市,15.89,16.08,237.86
00640L,上市,106.7,107.55,32.58
00641R,上市,3.69,3.66,2810.9
00642U,上市,33.14,33.1,1829.34
00643,上市,17.99,18.18,2242.791
00643K,上市,3.79,3.82,10.0
00645,上市,57.7,57.95,139.717
00646,上市,76.65,76.6,2086.029
00647L,上市,136.25,136.95,27.03
00648R,上市,3.94,3.93,617.491
00650L,上市,16.08,16.32,1424.128
00651R,上市,5.29,5.28,421.598
00652,上市,32.01,31.97,173.003
00653L,上市,43.16,43.13,56.156
00654R,上市,6.98,6.96,23.15
00655L,上市,32.45,33.0,364.66
00656R,上市,5.93,5.92,13.98
00657,上市,76.6,77.2,166.362
00657K,上市,24.37,24.37,0.2
00660,上市,45.84,45.77,31.855
00661,上市,83.65,84.35,111.039
00662,上市,120.4,120.5,3871.078
00663L,上市,107.45,108.65,5615.308
00664R,上市,1.56,1.56,25902.818
00665L,上市,8.84,8.92,7332.451
00666R,上市,9.32,9.28,16.11
00668,上市,60.35,60.5,388.875
00668K,上市,18.95,18.95,0.2
00669R,上市,5.34,5.32,1351.0
00670L,上市,197.05,199.25,444.844
00671R,上市,2.43,2.42,10421.998
00673R,上市,10.22,10.26,25136.743
00674R,上市,28.02,28.01,193.358
00675L,上市,325.7,329.2,1365.469
00676R,上市,5.38,5.33,13904.692
00678,上市,43.2,43.19,458.569
00680L,上市,6.32,6.33,9714.444
00681R,上市,21.82,21.81,3.14
00682U,上市,0.0,0.0,0.0
00683L,上市,21.72,21.76,22.447
00684R,上市,15.02,15.02,2.2
00685L,上市,12.29,12.42,266450.607
00686R,上市,0.96,0.95,18804.515
00688L,上市,6.31,6.32,4138.44
00689R,上市,22.9,22.9,1.131
00690,上市,79.6,80.15,677.017
00692,上市,94.0,94.45,1110.897
00693U,上市,24.05,23.8,1133.893
00700,上市,16.81,16.92,137.887
00701,上市,42.54,42.1,684.191
00702,上市,24.21,24.18,135.855
00703,上市,18.78,18.88,5.173
00706L,上市,19.61,19.32,2184.691
00707R,上市,31.78,31.89,52.0
00708L,上市,79.15,79.45,4694.785
00709,上市,39.85,39.75,52.706
00710B,上市,18.8,18.78,281.821
00711B,上市,15.25,15.24,130.074
00712,上市,7.99,7.97,112088.993
00713,上市,65.05,65.1,7560.837
00714,上市,21.16,21.12,115.46
00715L,上市,67.4,66.6,3898.67
00717,上市,14.66,14.67,193.455
00728,上市,68.6,69.65,404.915
00730,上市,28.5,28.92,209.115
00731,上市,100.15,99.05,2163.518
00733,上市,67.5,68.3,389.789
00735,上市,104.6,105.2,988.875
00736,上市,31.51,31.73,347.992
00737,上市,40.15,40.55,224.545
00738U,上市,52.25,52.5,3489.958
00739,上市,27.5,27.59,27.335
00752,上市,22.41,22.37,532.8
00753L,上市,8.78,8.86,9920.956
00757,上市,140.05,140.65,1440.893
00762,上市,114.85,115.65,156.211
00763U,上市,34.7,34.7,286.196
00770,上市,62.75,63.0,834.544
00771,上市,15.23,15.2,12.55
00775B,上市,30.7,30.7,80.0
00783,上市,27.6,28.05,317.298
00830,上市,81.55,82.1,7428.945
00850,上市,93.3,93.75,573.749
00851,上市,70.2,70.55,25.271
00852L,上市,33.5,33.6,1194.533
00861,上市,86.35,84.5,71.243
00865B,上市,48.95,48.81,2680.713
00875,上市,57.15,57.2,442.435
00876,上市,84.35,85.15,269.828
00878,上市,35.05,34.83,29777.735
00881,上市,50.5,51.0,17931.884
00882,上市,14.88,14.78,2895.075
00885,上市,18.47,18.58,5369.862
00891,上市,36.03,36.37,21919.037
00892,上市,42.31,42.7,3771.342
00893,上市,43.19,43.64,601.934
00894,上市,47.5,48.06,1135.628
00895,上市,50.85,50.5,262.688
00896,上市,26.91,27.13,3960.074
00897,上市,13.33,13.37,2333.731
00898,上市,11.41,11.43,2868.087
00899,上市,23.04,23.08,55.542
00900,上市,19.82,19.84,5103.401
00901,上市,46.5,46.84,217.258
00902,上市,12.7,12.65,645.529
00903,上市,21.2,21.48,104.212
00904,上市,41.88,42.41,1036.427
00905,上市,26.68,26.85,1101.691
00907,上市,18.07,18.0,3116.043
00908,上市,14.92,14.87,23.294
00909,上市,46.44,47.17,980.246
00910,上市,58.55,58.7,955.793
00911,上市,52.25,52.6,641.786
00912,上市,35.8,36.15,237.991
00913,上市,50.4,51.3,1771.03
00915,上市,33.19,33.11,5954.998
00916,上市,26.86,26.92,351.25
00917,上市,23.38,23.22,1030.786
00918,上市,34.66,34.15,248011.764
00919,上市,32.24,31.96,124464.408
00920,上市,24.74,24.82,245.721
00921,上市,23.4,23.65,237.114
00922,上市,42.5,42.7,7519.04
00923,上市,40.4,40.64,3184.727
00924,上市,32.92,33.07,1193.533
00926,上市,26.44,26.46,607.748
00927,上市,38.28,38.73,17845.28
00929,上市,28.82,29.03,37213.064
00930,上市,24.36,24.39,4800.604
00932,上市,17.43,17.45,532.905
00934,上市,29.66,29.82,1812.207
00935,上市,57.8,58.55,13798.144
00936,上市,21.48,21.46,1030.89
00938,上市,27.11,27.03,2226.506
00939,上市,24.46,24.34,7897.058
00940,上市,13.05,13.11,23084.613
00941,上市,24.0,24.08,684.971
00943,上市,20.91,21.09,134.336
00944,上市,21.73,21.9,293.653
00945B,上市,14.37,14.35,3684.292
00946,上市,15.26,15.35,1554.098
00947,上市,38.04,38.88,9901.317
00949,上市,22.09,21.97,945.397
00951,上市,16.73,16.96,2711.897
00952,上市,18.11,18.19,3709.519
00953B,上市,9.59,9.57,32751.704
00954,上市,17.89,18.1,1947.137
00956,上市,13.85,13.7,696.499
00960,上市,22.75,22.82,591.774
00961,上市,13.38,13.33,14827.111
00962,上市,15.01,15.05,2020.169
00963,上市,13.03,13.0,1321.617
00964,上市,14.85,14.8,848.81
00965,上市,25.35,25.36,632.323
00971,上市,17.4,17.48,117.864
00972,上市,22.03,21.92,43.528
009800,上市,13.03,13.04,1042.163
009801,上市,11.27,11.31,629.006
009802,上市,19.94,19.87,6222.645
009803,上市,21.12,21.21,3697.931
009804,上市,23.31,23.4,1430.775
009805,上市,14.89,14.88,2760.842
009808,上市,31.51,31.67,225.74
009809,上市,18.35,18.39,1145.751
00980A,上市,24.55,24.8,7339.459
009810,上市,21.25,21.23,272.817
009811,上市,13.26,13.32,2064.773
009812,上市,13.08,13.0,252.274
009813,上市,11.33,11.36,1473.16
009816,上市,16.23,16.25,115488.679
009817,上市,9.03,8.92,2040.687
009818,上市,20.08,20.36,389.112
009819,上市,9.67,9.67,1587.35
00981A,上市,28.68,29.07,144724.965
00981T,上市,11.83,11.83,1868.355
009820,上市,9.97,9.99,9050.056
009821,上市,14.07,14.15,3950.302
009824,上市,10.13,10.19,19789.497
009826,上市,10.04,10.03,10835.685
009827,上市,10.12,10.16,5436.471
009828,上市,9.34,9.34,40572.581
009829,上市,10.58,10.63,18066.844
00982A,上市,22.56,22.83,19439.539
00982D,上市,9.55,9.55,72.926
00982T,上市,15.12,15.23,143.049
00983A,上市,12.71,12.82,3075.076
00983D,上市,9.79,9.78,1004.987
00984A,上市,15.48,15.53,3462.187
00984D,上市,9.88,9.88,10025.288
00985A,上市,22.94,23.05,1769.482
00985B,上市,10.13,10.12,14211.46
00986A,上市,14.36,14.35,221.242
00987A,上市,16.05,16.63,4466.547
00988A,上市,16.23,16.3,23508.771
00989A,上市,17.23,17.13,969.106
00990A,上市,15.09,15.27,13638.688
00991A,上市,17.35,17.45,54352.419
00991B,上市,14.8,14.77,1603.585
00992A,上市,17.93,18.21,40616.309
00993A,上市,13.24,13.48,7593.827
00994A,上市,16.4,16.6,3202.992
00995A,上市,16.95,17.17,2283.997
00996A,上市,13.79,14.07,4055.402
00997A,上市,11.0,11.05,6256.094
00999A,上市,11.12,11.2,10484.666
01001T,上市,11.06,11.12,166.04
01002T,上市,12.87,12.85,89.0
01004T,上市,10.1,10.1,77.025
01007T,上市,11.19,11.23,86.0
01009T,上市,5.57,5.61,253.0
01010T,上市,9.99,10.0,64.198
020000,上市,31.19,31.29,63.0
020011,上市,0.0,0.0,0.0
020012,上市,0.0,0.0,0.0
02001L,上市,137.55,138.75,238.0
020020,上市,28.98,29.33,22.0
020028,上市,20.06,20.72,21.0
020029,上市,20.74,20.68,52.0
020030,上市,19.87,19.93,42.0
020031,上市,11.14,11.24,13.0
020032,上市,0.0,0.0,0.0
020034,上市,16.37,16.47,30.0
020036,上市,12.0,11.67,4.0
020037,上市,13.21,13.16,59.0
020038,上市,16.05,16.05,3.0
020039,上市,15.0,15.03,31.0
1101,上市,24.5,24.35,22255.754
1101B,上市,43.1,43.05,16.107
1102,上市,35.3,35.15,10128.633
1103,上市,13.1,13.35,1614.131
1104,上市,26.7,26.9,737.19
1108,上市,11.05,11.15,289.776
1109,上市,13.4,13.4,114.471
1110,上市,15.5,15.5,148.786
1201,上市,12.1,11.55,12430.769
1203,上市,43.45,45.95,26.985
1210,上市,52.2,52.7,1940.702
1213,上市,7.11,7.4,3.002
1215,上市,107.5,109.5,653.95
1216,上市,75.5,75.0,17030.035
1217,上市,9.99,9.98,700.951
1218,上市,14.4,14.7,822.727
1219,上市,11.3,11.5,259.7
1220,上市,10.85,10.85,67.879
1225,上市,25.0,24.6,80.338
1227,上市,28.2,28.45,1000.751
1229,上市,40.2,40.85,5054.355
1231,上市,79.5,81.0,363.095
1232,上市,155.0,155.5,89.61
1233,上市,28.05,28.25,25.055
1234,上市,33.35,33.1,66.611
1235,上市,39.3,39.1,19.189
1236,上市,25.7,25.5,51.95
1256,上市,171.5,172.0,36.572
1301,上市,65.4,65.0,29305.397
1303,上市,240.5,238.0,82174.219
1304,上市,12.6,12.25,2435.939
1305,上市,12.35,11.95,1980.829
1307,上市,30.8,30.55,311.57
1308,上市,14.45,14.1,1428.063
1309,上市,14.0,13.7,1974.27
1310,上市,8.99,8.75,5166.568
1312,上市,15.1,14.7,14207.755
1312A,上市,22.65,22.6,6.0
1313,上市,12.25,12.25,3388.599
1314,上市,9.11,8.96,151096.127
1315,上市,67.3,68.2,88.955
1316,上市,11.15,10.75,3855.687
1319,上市,80.3,80.5,1228.066
1321,上市,33.0,32.7,93.2
1323,上市,21.45,21.4,24.417
1324,上市,10.0,9.99,26.146
1325,上市,25.85,25.65,181.589
1326,上市,69.1,68.1,24373.131
1337,上市,4.46,4.45,511.141
1338,上市,14.3,14.25,63.748
1339,上市,42.95,43.3,90.025
1340,上市,5.21,5.2,57.784
1341,上市,60.0,59.7,3.003
1342,上市,101.0,102.0,120.645
1402,上市,28.1,28.1,17306.879
1409,上市,25.15,24.5,7829.976
1410,上市,24.4,24.35,20.005
1413,上市,9.11,9.24,36.03
1414,上市,17.3,17.35,136.248
1416,上市,11.3,11.5,248.639
1417,上市,8.12,8.02,243.862
1418,上市,17.55,17.65,23.292
1419,上市,66.3,66.4,61.759
1423,上市,35.0,35.5,14.645
1432,上市,15.0,15.0,46.375
1434,上市,18.0,17.8,1929.461
1435,上市,22.9,23.0,14.494
1436,上市,38.1,38.65,645.083
1437,上市,32.5,33.1,326.881
1438,上市,22.2,22.4,90.331
1439,上市,29.5,29.1,8.044
1440,上市,13.55,13.45,1162.303
1442,上市,31.0,31.4,1233.837
1443,上市,23.95,23.5,9.502
1444,上市,7.03,6.81,3325.779
1445,上市,10.1,10.2,45.601
1446,上市,13.8,13.75,179.675
1447,上市,6.63,6.47,963.238
1449,上市,12.3,12.3,265.785
1451,上市,17.1,17.1,48.435
1452,上市,10.8,10.8,59.436
1453,上市,11.35,11.1,70.272
1454,上市,12.9,12.6,13.678
1455,上市,9.92,9.95,1004.247
1456,上市,14.2,14.05,93.472
1457,上市,14.45,14.55,153.691
1459,上市,15.85,15.6,170.958
1460,上市,6.38,6.38,154.66
1463,上市,17.4,17.5,31.618
1464,上市,9.98,9.95,146.158
1465,上市,11.55,11.7,221.714
1466,上市,15.05,15.0,201.082
1467,上市,8.29,8.1,110.965
1468,上市,13.0,13.25,56.0
1470,上市,24.1,24.5,10.034
1471,上市,9.44,9.36,173.295
1472,上市,87.0,87.4,102.427
1473,上市,19.75,19.8,53.89
1474,上市,10.1,10.05,48.177
1475,上市,25.85,26.25,12.0
1476,上市,284.5,282.0,1103.191
1477,上市,193.0,194.0,2075.757
1503,上市,199.0,199.5,1106.082
1504,上市,71.0,69.5,8408.962
1506,上市,9.81,9.76,104.103
1512,上市,6.19,6.26,42.767
1513,上市,166.5,167.0,2736.864
1514,上市,102.0,101.5,716.66
1515,上市,29.7,30.6,902.436
1516,上市,13.35,13.6,178.82
1517,上市,10.55,10.45,225.979
1519,上市,713.0,721.0,1379.95
1521,上市,25.2,24.95,19.183
1522,上市,26.4,26.0,841.918
1522A,上市,51.1,51.1,7.515
1524,上市,26.25,26.1,257.345
1525,上市,64.1,65.0,8.02
1526,上市,14.85,15.0,171.017
1527,上市,32.4,32.35,290.853
1528,上市,24.1,24.6,7793.176
1529,上市,14.85,15.25,1382.976
1530,上市,27.3,27.0,23.906
1531,上市,11.75,11.8,201.208
1532,上市,22.6,22.85,682.584
1533,上市,31.25,30.55,96.421
1535,上市,45.0,45.9,49.484
1536,上市,46.7,46.35,1030.923
1537,上市,115.0,117.0,196.683
1538,上市,0.0,0.0,1.252
1539,上市,16.1,15.75,42.179
1540,上市,19.75,19.65,55.597
1541,上市,20.75,21.2,10.0
1558,上市,109.0,111.0,139.392
1560,上市,855.0,896.0,6133.92
1563,上市,76.4,73.8,402.351
1568,上市,30.55,30.65,296.101
1582,上市,70.8,70.9,279.538
1583,上市,48.2,47.3,22.145
1587,上市,23.4,23.75,84.01
1590,上市,1250.0,1220.0,1438.559
1597,上市,140.5,138.5,642.026
1598,上市,20.35,20.0,151.423
1603,上市,30.35,30.3,110.553
1604,上市,23.5,23.55,143.466
1605,上市,37.5,37.1,31559.223
1608,上市,36.2,35.8,1596.792
1609,上市,37.95,38.0,3295.843
1611,上市,11.45,11.1,9059.399
1612,上市,35.1,35.05,426.45
1614,上市,31.05,31.2,76.576
1615,上市,43.15,42.7,112.779
1616,上市,18.45,18.5,253.957
1617,上市,18.7,18.55,376.497
1618,上市,39.2,39.35,337.722
1623,上市,205.5,208.5,89.633
1626,上市,9.56,9.75,96.251
1702,上市,32.75,32.95,189.111
1707,上市,87.1,87.3,305.573
1708,上市,51.5,50.7,2260.291
1709,上市,41.85,39.2,48187.619
1710,上市,16.65,16.35,6039.871
1711,上市,40.15,39.4,2704.394
1712,上市,39.85,40.05,641.546
1713,上市,41.85,41.85,444.606
1714,上市,16.25,15.7,7933.467
1717,上市,72.0,71.4,6856.264
1718,上市,11.05,10.6,13481.923
1720,上市,56.1,56.0,143.095
1721,上市,22.4,22.0,668.329
1722,上市,42.25,42.4,2823.597
1723,上市,81.2,80.6,505.154
1725,上市,33.55,34.0,45.317
1726,上市,78.1,76.9,18.252
1727,上市,105.0,106.0,16587.496
1730,上市,51.5,51.3,8.477
1731,上市,20.95,20.9,73.985
1732,上市,25.9,26.05,30.196
1733,上市,30.7,30.15,83.419
1734,上市,31.4,32.8,214.826
1735,上市,19.85,20.55,88.184
1736,上市,128.5,125.5,768.796
1737,上市,30.5,29.3,4382.074
1752,上市,31.3,31.35,30.247
1760,上市,54.8,53.6,178.161
1762,上市,33.8,34.1,53.487
1773,上市,163.5,163.5,455.247
1776,上市,18.6,18.3,143.396
1783,上市,36.4,36.7,100.1
1786,上市,43.75,43.55,246.814
1789,上市,19.4,19.0,1331.15
1795,上市,180.0,180.0,672.438
1802,上市,59.5,58.8,33184.205
1805,上市,10.3,10.2,68.553
1806,上市,7.97,8.01,93.285
1808,上市,36.0,35.9,4369.682
1809,上市,38.0,38.6,2481.84
1810,上市,23.95,24.05,1302.856
1817,上市,40.25,40.45,45.5
1903,上市,47.3,46.15,156.743
1904,上市,24.9,24.75,1038.643
1905,上市,13.5,13.25,2071.205
1906,上市,10.95,10.9,75.296
1907,上市,29.4,29.25,820.772
1909,上市,10.3,10.15,1400.753
2002,上市,18.8,18.75,25507.63
2002A,上市,37.3,37.15,26.979
2006,上市,83.0,87.6,4908.459
2007,上市,6.92,6.91,117.621
2008,上市,30.9,30.95,19.411
2009,上市,39.65,39.6,989.716
2010,上市,22.0,22.0,678.992
2012,上市,14.1,14.2,53.003
2013,上市,41.6,41.1,111.79
2014,上市,16.55,16.55,1533.951
2015,上市,64.2,65.0,452.795
2017,上市,8.81,8.91,568.646
2020,上市,21.5,21.4,245.311
2022,上市,7.21,7.19,303.045
2023,上市,13.85,13.6,2143.416
2024,上市,12.85,13.0,14.007
2025,上市,12.35,12.4,195.227
2027,上市,47.3,47.35,12398.697
2028,上市,15.65,15.7,32.252
2029,上市,20.85,20.9,209.508
2030,上市,23.75,24.95,6056.164
2031,上市,44.25,45.0,836.588
2032,上市,17.05,17.1,483.364
2033,上市,32.45,33.9,4589.786
2034,上市,21.0,21.45,2245.758
2038,上市,12.1,12.15,102.447
2049,上市,339.5,334.5,2691.002
2059,上市,12600.0,12495.0,486.16
2062,上市,18.1,18.3,99.689
2069,上市,24.15,24.5,986.308
2072,上市,130.0,130.0,245.78
2101,上市,30.9,30.6,1687.821
2102,上市,17.9,17.25,7238.628
2103,上市,28.35,27.6,4600.637
2104,上市,10.75,10.55,2764.742
2105,上市,30.3,30.0,6716.662
2106,上市,16.55,16.4,2304.88
2107,上市,27.05,27.3,401.596
2108,上市,29.05,28.6,732.923
2109,上市,14.95,14.7,171.35
2114,上市,89.4,89.5,16.392
2115,上市,24.0,23.8,32.1
2201,上市,30.75,29.6,14231.607
2204,上市,52.9,52.7,579.29
2206,上市,64.3,64.1,2453.441
2207,上市,527.0,537.0,650.504
2208,上市,19.05,19.15,1770.149
2211,上市,80.8,80.8,326.219
2227,上市,45.45,45.8,46.89
2228,上市,75.4,73.4,1216.207
2231,上市,91.5,91.2,158.943
2233,上市,161.5,162.0,379.018
2236,上市,118.0,116.5,202.859
2237,上市,27.25,27.15,65.22
2239,上市,19.35,19.0,117.0
2241,上市,33.9,34.45,391.446
2243,上市,48.8,49.1,110.807
2247,上市,231.0,231.5,35.372
2248,上市,60.6,61.2,87.082
2250,上市,56.1,57.7,83.6
2254,上市,75.2,76.8,1697.739
2258,上市,31.1,31.75,523.723
2301,上市,284.0,282.0,24262.502
2302,上市,44.55,44.4,3634.731
2303,上市,155.0,156.0,306815.637
2305,上市,57.7,58.7,13495.965
2308,上市,1730.0,1735.0,13051.318
2312,上市,31.5,31.0,7988.144
2313,上市,223.5,228.5,29688.041
2314,上市,10.5,10.7,115.679
2316,上市,158.0,156.5,1200.55
2317,上市,252.5,250.5,44803.117
2323,上市,10.85,10.7,4985.357
2324,上市,38.0,37.7,52193.788
2327,上市,543.0,550.0,26963.85
2328,上市,47.2,46.4,1897.34
2329,上市,43.5,44.35,6081.911
2330,上市,2460.0,2460.0,40892.688
2331,上市,19.15,18.9,855.006
2332,上市,19.5,19.45,4549.287
2337,上市,119.5,121.0,64768.504
2338,上市,49.1,50.0,23519.369
2340,上市,33.5,34.0,3839.465
2342,上市,40.1,41.05,4777.724
2344,上市,177.0,179.5,138585.216
2345,上市,1810.0,1855.0,5848.473
2347,上市,89.9,90.8,3513.18
2348,上市,79.0,74.2,2168.062
2348A,上市,38.75,38.8,25.552
2349,上市,10.5,10.35,1979.036
2351,上市,241.0,241.5,4374.655
2352,上市,29.2,29.2,4537.456
2353,上市,32.75,31.95,24075.941
2354,上市,67.5,65.7,14437.974
2355,上市,41.65,41.0,1383.545
2356,上市,62.2,61.7,22101.084
2357,上市,964.0,960.0,4548.145
2359,上市,132.5,130.0,3264.025
2360,上市,2135.0,2290.0,2681.171
2362,上市,47.65,48.35,682.664
2363,上市,54.3,53.7,11333.532
2364,上市,65.6,64.6,165.798
2365,上市,28.15,28.15,952.791
2367,上市,41.0,40.75,3110.152
2368,上市,978.0,1020.0,11142.009
2369,上市,30.85,31.0,11717.957
2371,上市,29.85,29.2,22977.802
2373,上市,53.0,53.1,25.342
2374,上市,67.4,67.5,2134.134
2375,上市,120.5,119.5,1337.451
2376,上市,360.0,356.0,6645.773
2377,上市,155.5,155.0,7158.499
2379,上市,724.0,727.0,2568.53
2380,上市,17.0,17.3,160.793
2382,上市,346.5,343.0,21601.445
2383,上市,4910.0,4890.0,3783.127
2385,上市,106.0,106.0,6299.012
2387,上市,36.35,36.85,253.185
2388,上市,70.9,69.9,2818.265
2390,上市,10.25,10.2,245.092
2392,上市,42.3,41.95,1624.174
2393,上市,63.6,64.4,2793.12
2395,上市,695.0,690.0,3490.854
2397,上市,60.3,61.4,228.084
2399,上市,49.3,48.45,7612.044
2401,上市,25.0,25.45,3184.304
2402,上市,55.0,54.1,796.27
2404,上市,1040.0,1125.0,3305.776
2405,上市,15.0,15.2,1086.363
2406,上市,27.1,27.65,4682.7
2408,上市,508.0,525.0,79512.606
2409,上市,30.75,30.35,348900.833
2412,上市,145.0,145.5,28080.563
2413,上市,53.7,53.1,9428.955
2414,上市,53.0,53.3,113.074
2415,上市,26.95,27.2,71.371
2417,上市,39.1,39.2,325.813
2419,上市,28.25,27.9,1343.637
2420,上市,53.8,53.4,255.625
2421,上市,164.5,167.0,3294.198
2423,上市,73.0,73.8,56.321
2424,上市,7.9,8.26,36.92
2425,上市,37.0,37.0,366.068
2426,上市,98.2,102.0,51478.754
2427,上市,23.5,23.8,1483.762
2428,上市,258.0,260.0,970.464
2429,上市,30.05,31.15,182.589
2430,上市,18.05,18.1,34.951
2431,上市,9.93,10.15,79.967
2432,上市,27.45,27.45,17.0
2433,上市,41.25,40.75,26.593
2434,上市,60.8,62.0,410.571
2436,上市,68.5,67.9,2345.779
2438,上市,19.2,20.9,277.325
2439,上市,78.1,78.2,1055.817
2440,上市,14.2,14.35,197.812
2441,上市,121.0,123.5,6324.258
2442,上市,14.7,14.6,1582.602
2444,上市,12.55,12.6,980.533
2449,上市,276.5,291.5,61177.949
2450,上市,28.35,28.3,141.322
2451,上市,280.0,283.0,1429.145
2453,上市,54.7,55.5,534.878
2454,上市,4600.0,4710.0,10365.174
2455,上市,545.0,556.0,20026.752
2457,上市,22.35,22.05,1285.572
2458,上市,130.5,132.0,1542.845
2459,上市,65.7,65.4,69.29
2460,上市,28.9,29.75,216.476
2461,上市,17.6,17.75,482.852
2462,上市,19.8,19.45,216.402
2464,上市,183.5,197.0,23685.793
2465,上市,91.5,91.6,1063.193
2466,上市,104.0,106.0,1513.925
2467,上市,538.0,528.0,845.56
2468,上市,41.7,45.85,12298.765
2471,上市,52.8,53.1,864.307
2472,上市,213.0,216.0,5812.559
2474,上市,209.0,209.5,4943.724
2476,上市,120.5,124.0,2036.068
2477,上市,22.0,22.35,194.628
2478,上市,121.0,120.5,1513.003
2480,上市,163.0,165.0,674.597
2481,上市,166.5,168.5,39944.652
2482,上市,16.0,16.05,83.352
2483,上市,33.2,33.0,597.624
2484,上市,71.9,70.4,4123.862
2485,上市,40.15,39.55,1448.945
2486,上市,233.5,237.5,3776.31
2488,上市,48.65,48.75,58.274
2489,上市,43.65,44.15,79748.448
2491,上市,40.6,41.3,1054.922
2492,上市,305.0,309.5,15512.592
2493,上市,195.0,192.5,9889.463
2495,上市,38.3,38.05,1319.604
2496,上市,55.3,55.3,1.447
2497,上市,44.25,44.35,292.126
2498,上市,40.2,39.55,10516.652
2501,上市,22.55,21.8,6628.522
2504,上市,31.35,31.6,2210.788
2505,上市,17.6,16.7,6507.494
2506,上市,8.63,8.2,1360.389
2509,上市,15.0,14.9,224.244
2511,上市,8.52,8.39,2007.75
2514,上市,11.7,11.7,149.738
2515,上市,12.35,11.95,16630.954
2516,上市,14.55,14.6,99.675
2520,上市,39.6,38.0,5226.464
2524,上市,37.5,37.5,240.441
2527,上市,44.75,45.8,1087.865
2528,上市,20.0,19.7,992.277
2530,上市,20.7,20.8,1570.606
2534,上市,17.35,16.9,752.031
2535,上市,91.9,90.3,226.862
2536,上市,19.9,19.4,1070.491
2537,上市,12.05,11.35,2797.562
2538,上市,8.79,8.46,10701.641
2539,上市,35.9,36.1,1848.467
2540,上市,54.0,50.6,1901.386
2542,上市,48.8,47.8,25349.766
2543,上市,39.95,39.45,1833.223
2545,上市,35.05,35.2,621.153
2546,上市,108.5,106.5,244.479
2547,上市,10.05,10.1,2138.642
2548,上市,98.0,96.5,4428.034
2597,上市,174.0,172.5,215.835
2601,上市,6.3,5.92,23990.31
2603,上市,242.0,240.5,10734.765
2605,上市,37.15,36.1,9451.516
2606,上市,77.3,77.4,2655.269
2607,上市,53.5,53.3,488.809
2608,上市,28.9,29.1,341.851
2609,上市,61.5,61.0,47583.928
2610,上市,20.35,20.15,24511.612
2611,上市,14.45,14.4,473.37
2612,上市,63.6,62.8,306.489
2613,上市,22.25,22.1,182.11
2614,上市,18.1,18.0,478.438
2615,上市,118.0,120.5,30550.377
2616,上市,13.3,13.3,64.523
2617,上市,33.1,32.95,969.283
2618,上市,42.05,41.75,33904.689
2630,上市,47.5,47.3,529.325
2633,上市,25.95,25.75,18318.009
2634,上市,64.5,64.6,4526.748
2636,上市,71.3,71.2,350.379
2637,上市,102.0,102.0,2224.03
2642,上市,20.5,20.4,38.845
2645,上市,173.0,174.0,974.064
2646,上市,20.15,20.6,10088.623
2701,上市,10.45,10.4,35.83
2702,上市,12.75,12.8,41.755
2704,上市,46.05,45.75,79.3
2705,上市,15.25,15.35,104.453
2706,上市,12.15,12.15,124.543
2707,上市,178.0,177.0,170.404
2712,上市,13.5,13.5,6.694
2722,上市,21.5,21.25,29.256
2723,上市,79.5,78.7,281.267
2727,上市,227.0,227.0,228.769
2731,上市,144.5,143.0,189.597
2739,上市,37.15,37.0,44.756
2748,上市,38.9,38.9,45.623
2753,上市,178.5,180.0,142.341
2762,上市,79.4,80.4,29.17
2801,上市,29.7,28.95,45992.866
2812,上市,19.5,19.35,25370.308
2816,上市,41.4,40.45,618.133
2820,上市,17.45,17.45,3763.458
2832,上市,59.7,58.7,247.652
2834,上市,18.75,18.35,80602.711
2836,上市,12.5,12.4,3046.702
2836A,上市,24.0,24.05,13.042
2838,上市,21.9,21.4,3153.841
2838A,上市,52.0,51.9,18.131
2845,上市,13.75,13.55,13411.078
2849,上市,15.9,16.25,522.239
2850,上市,158.5,159.0,238.769
2851,上市,47.45,47.0,2661.652
2852,上市,28.25,28.3,501.738
2855,上市,52.9,53.3,4698.696
2880,上市,47.55,47.65,35776.337
2881,上市,152.5,150.5,28248.424
2881A,上市,61.6,61.7,34.092
2881B,上市,60.6,60.8,14.75
2881C,上市,51.5,51.6,39.819
2882,上市,113.0,110.5,43826.072
2882A,上市,60.2,60.3,36.527
2882B,上市,58.6,58.8,7.375
2883,上市,40.0,39.3,84041.486
2883B,上市,8.35,8.47,5086.327
2884,上市,47.3,46.4,91400.807
2885,上市,69.2,70.0,51889.026
2886,上市,51.9,51.1,47531.956
2887,上市,44.7,44.4,139346.857
2887E,上市,48.5,48.5,85.124
2887F,上市,45.75,45.65,18.393
2887G,上市,44.3,44.35,59.535
2887H,上市,42.4,42.55,234.503
2887I,上市,9.52,9.52,5219.155
2887Z1,上市,23.3,23.25,32.435
2889,上市,17.4,17.15,19915.199
2890,上市,46.05,45.25,52002.471
2891,上市,72.0,69.5,75667.472
2891B,上市,61.7,62.0,4.553
2891C,上市,61.1,61.1,4.537
2892,上市,40.75,39.8,52942.496
2897,上市,11.3,11.1,7034.401
2897B,上市,11.85,11.85,54.472
2901,上市,23.25,23.2,8.568
2903,上市,22.1,22.2,919.762
2904,上市,12.55,12.5,22.268
2905,上市,18.75,18.45,2529.525
2906,上市,13.8,13.85,97.683
2908,上市,21.95,22.25,228.453
2910,上市,23.5,23.65,16.05
2911,上市,6.34,6.34,61.847
2912,上市,217.5,216.5,2787.692
2913,上市,11.1,10.9,3068.939
2915,上市,59.3,59.0,2609.847
2923,上市,25.2,27.1,353.005
2929,上市,5.72,5.79,203.489
2939,上市,20.85,20.5,18.006
2945,上市,40.05,40.0,16.628
3002,上市,19.0,20.45,1197.574
3003,上市,58.8,58.9,428.245
3004,上市,118.0,119.5,195.653
3005,上市,119.0,118.5,1692.787
3006,上市,290.0,291.0,14291.23
3008,上市,6280.0,6430.0,2850.571
3010,上市,124.5,125.0,414.987
3011,上市,10.0,9.98,579.228
3013,上市,83.8,82.8,1023.134
3014,上市,134.5,135.5,2377.769
3015,上市,52.0,51.8,217.298
3016,上市,116.5,116.5,11658.641
3017,上市,3345.0,3430.0,3785.048
3018,上市,11.65,12.0,28.225
3019,上市,138.5,137.0,2259.857
3021,上市,26.5,26.7,1145.097
3022,上市,90.5,91.0,1158.352
3023,上市,318.0,327.5,699.062
3024,上市,15.5,15.1,3454.425
3025,上市,51.5,51.6,75.077
3026,上市,791.0,797.0,10354.507
3027,上市,17.75,17.4,189.134
3028,上市,61.3,61.8,550.857
3029,上市,116.0,125.0,6877.923
3030,上市,269.0,267.0,538.1
3031,上市,27.0,28.45,9800.785
3032,上市,76.1,75.1,491.135
3033,上市,42.1,41.6,2451.771
3034,上市,550.0,558.0,4760.155
3035,上市,184.0,190.5,9197.865
3036,上市,204.0,205.5,12750.358
3037,上市,973.0,981.0,14576.719
3038,上市,20.65,20.3,242.909
3040,上市,34.15,34.45,189.944
3041,上市,22.9,23.0,1102.19
3042,上市,183.0,184.5,10365.783
3043,上市,20.25,20.65,43.685
3044,上市,509.0,518.0,4722.978
3045,上市,124.5,124.0,18171.327
3046,上市,53.6,53.8,143.805
3047,上市,13.9,13.85,449.703
3048,上市,51.2,51.0,619.483
3049,上市,12.1,12.1,2707.209
3050,上市,11.4,11.4,419.74
3051,上市,22.1,22.6,714.443
3052,上市,10.45,10.35,152.409
3054,上市,57.7,57.8,50.644
3055,上市,166.0,171.0,1902.129
3056,上市,14.2,14.75,2783.341
3057,上市,16.6,16.35,108.965
3058,上市,8.19,8.15,350.873
3059,上市,38.5,38.15,995.264
3060,上市,27.1,26.7,381.745
3062,上市,21.4,21.05,1265.816
3090,上市,163.5,165.0,2105.266
3092,上市,22.4,23.15,364.305
3094,上市,48.8,51.7,17281.945
3130,上市,208.0,209.5,65.164
3135,上市,163.5,163.5,426.003
3138,上市,105.5,108.0,3756.404
3149,上市,63.2,63.8,7557.866
3150,上市,15.05,15.25,28.0
3164,上市,15.75,15.85,16.934
3167,上市,833.0,834.0,7060.893
3168,上市,42.7,42.6,7.022
3189,上市,828.0,832.0,18317.821
3209,上市,45.9,45.8,444.299
3229,上市,59.5,64.4,3951.268
3231,上市,189.5,186.5,44060.071
3257,上市,48.6,48.2,154.0
3266,上市,14.15,14.0,88.234
3296,上市,25.7,28.3,432.338
3305,上市,102.0,102.5,567.674
3308,上市,21.65,21.9,30.049
3311,上市,37.0,38.7,1410.503
3312,上市,49.9,51.1,1482.02
3321,上市,17.1,18.0,175.354
3338,上市,66.5,68.0,521.399
3346,上市,22.3,22.3,903.888
3376,上市,178.5,179.0,2503.624
3380,上市,30.7,30.15,1524.75
3406,上市,996.0,972.0,8014.269
3413,上市,284.0,285.0,667.28
3416,上市,163.0,162.5,157.686
3419,上市,10.8,11.45,250.112
3432,上市,15.55,15.55,137.526
3437,上市,20.95,22.35,9848.954
3443,上市,6600.0,7150.0,2735.598
3447,上市,27.5,28.45,225.451
3450,上市,538.0,538.0,11465.308
3481,上市,49.4,48.25,128581.46
3494,上市,7.7,7.3,298.617
3501,上市,38.85,38.4,76.111
3504,上市,79.7,80.5,1054.033
3515,上市,213.5,212.0,331.791
3518,上市,31.5,30.9,414.945
3528,上市,83.2,83.8,254.937
3530,上市,57.8,58.2,114.001
3532,上市,457.0,447.5,6778.115
3533,上市,1580.0,1585.0,692.613
3535,上市,88.0,88.5,433.498
3543,上市,45.4,44.3,950.901
3545,上市,49.9,51.6,954.988
3550,上市,23.0,23.7,2990.142
3557,上市,23.25,23.15,37.56
3563,上市,675.0,671.0,268.658
3576,上市,16.5,17.1,13416.44
3583,上市,706.0,702.0,468.127
3588,上市,52.2,52.4,124.703
3592,上市,226.0,224.5,258.326
3593,上市,9.8,9.75,19.872
3596,上市,155.5,155.5,844.681
3605,上市,149.5,154.0,38476.309
3607,上市,13.7,13.85,122.008
3617,上市,247.5,246.0,324.368
3622,上市,46.9,46.5,210.493
3645,上市,70.2,68.7,893.483
3652,上市,33.5,33.75,66.03
3653,上市,5520.0,5525.0,1052.328
3661,上市,3390.0,3540.0,5093.871
3665,上市,2060.0,2210.0,6471.964
3669,上市,33.2,32.7,70.175
3673,上市,64.5,64.5,2447.647
3679,上市,108.0,108.5,29.638
3686,上市,14.15,14.3,138.952
3694,上市,50.8,50.6,632.541
3701,上市,41.5,41.1,481.99
3702,上市,111.5,114.5,14990.819
3703,上市,20.65,20.05,1574.191
3704,上市,40.6,41.15,2036.622
3705,上市,56.8,57.4,419.136
3706,上市,81.5,80.5,5873.344
3708,上市,97.0,96.7,1258.423
3711,上市,631.0,638.0,27928.565
3712,上市,21.0,20.6,455.691
3714,上市,66.9,67.4,18867.951
3715,上市,122.0,118.5,3411.215
3716,上市,33.95,33.5,2721.173
3717,上市,23.3,25.1,16980.049
4104,上市,72.2,72.7,128.646
4106,上市,24.6,24.55,81.492
4108,上市,11.35,11.35,119.919
4119,上市,60.7,58.2,183.954
4133,上市,20.6,20.65,116.839
4137,上市,77.2,78.8,195.613
4142,上市,17.75,17.8,810.993
4148,上市,32.6,33.2,16.389
4155,上市,14.85,15.15,352.705
4164,上市,26.05,26.05,486.493
4169,上市,147.0,158.0,132.422
4178,上市,16.7,17.0,178.055
4190,上市,25.55,25.3,31.246
4195,上市,13.1,13.15,56.516
4306,上市,14.75,14.8,921.233
4414,上市,8.33,8.31,129.7
4426,上市,7.56,7.63,76.6
4438,上市,57.0,56.5,57.128
4439,上市,94.8,93.8,8.51
4440,上市,17.5,17.6,29.072
4441,上市,172.5,172.0,55.368
4526,上市,31.55,31.25,1449.681
4532,上市,25.15,24.65,1759.848
4536,上市,164.5,166.0,277.301
4540,上市,59.3,59.3,1115.436
4545,上市,33.2,33.5,73.712
4551,上市,159.5,159.5,293.118
4552,上市,16.15,15.95,237.997
4555,上市,43.8,42.85,59.636
4557,上市,50.0,49.85,29.292
4560,上市,29.25,28.85,173.0
4562,上市,29.95,30.1,93.725
4564,上市,15.8,15.7,516.385
4566,上市,65.4,64.5,466.997
4569,上市,153.5,157.0,41.237
4571,上市,150.5,151.5,49.916
4572,上市,142.0,140.5,16.713
4576,上市,236.0,240.0,2055.799
4581,上市,48.3,48.3,2.0
4582,上市,22.2,22.45,18.56
4583,上市,424.0,431.5,85.606
4585,上市,301.0,303.0,190.352
4588,上市,55.1,55.2,77.039
4590,上市,90.7,91.0,175.402
4720,上市,18.75,18.7,616.612
4722,上市,185.0,189.5,1791.803
4736,上市,134.0,133.0,307.272
4737,上市,60.7,60.3,61.578
4739,上市,80.5,79.5,771.17
4746,上市,47.7,47.85,831.499
4755,上市,115.0,113.0,378.989
4763,上市,48.0,50.5,16776.03
4764,上市,209.0,204.5,662.247
4766,上市,344.0,346.0,139.877
4770,上市,242.0,251.0,2133.247
4771,上市,219.0,215.0,459.665
4807,上市,29.9,31.4,189.76
4904,上市,106.0,107.0,12676.593
4906,上市,36.5,37.0,5500.298
4912,上市,93.1,98.7,587.382
4915,上市,64.5,65.5,5517.172
4916,上市,105.0,105.5,15854.725
4919,上市,118.0,126.5,6752.199
4927,上市,43.85,44.25,4819.377
4930,上市,16.15,16.2,277.047
4934,上市,13.8,13.9,397.421
4935,上市,32.15,34.45,409.575
4938,上市,91.0,90.3,9060.95
4942,上市,31.15,31.3,99.36
4943,上市,7.68,7.18,57.777
4949,上市,75.1,74.6,267.424
4952,上市,47.85,47.9,202.847
4956,上市,40.25,42.6,23944.98
4958,上市,486.0,473.0,29899.628
4960,上市,23.0,22.9,19107.976
4961,上市,184.0,183.5,1228.112
4967,上市,274.0,277.0,4140.493
4968,上市,92.3,92.0,341.161
4976,上市,35.95,36.6,930.903
4977,上市,175.0,175.0,3420.485
4989,上市,60.9,61.0,1871.051
4994,上市,81.6,80.7,54.16
4999,上市,17.95,17.9,43.32
5007,上市,55.6,55.6,25.074
5203,上市,58.3,58.0,164.544
5215,上市,37.65,37.95,13.355
5222,上市,104.0,103.5,174.178
5225,上市,54.7,55.1,94.571
5234,上市,307.0,296.0,201.036
5236,上市,133.0,134.0,61.787
5243,上市,90.1,90.3,592.159
5244,上市,35.95,36.9,477.052
5258,上市,42.8,42.3,140.32
5269,上市,1490.0,1495.0,775.736
5283,上市,53.3,56.3,103.579
5284,上市,297.0,297.0,85.127
5285,上市,89.1,93.3,3063.177
5288,上市,188.5,189.0,205.905
5292,上市,216.5,220.0,63.191
5306,上市,89.8,88.1,129.394
5388,上市,74.6,73.6,1902.797
5434,上市,535.0,540.0,860.162
5469,上市,74.1,72.8,2260.341
5471,上市,51.6,52.1,884.539
5484,上市,39.8,39.35,105.404
5515,上市,50.3,49.9,585.852
5519,上市,26.3,26.35,461.616
5521,上市,10.7,10.7,3248.22
5522,上市,62.8,62.2,1394.765
5525,上市,22.2,22.25,109.037
5531,上市,7.39,6.91,10007.844
5533,上市,14.0,14.15,371.107
5534,上市,78.1,76.4,1632.659
5538,上市,35.7,35.45,44.003
5546,上市,14.3,14.75,48.244
5607,上市,52.8,53.0,642.023
5608,上市,16.9,16.9,2061.425
5706,上市,43.85,44.2,74.656
5871,上市,113.0,112.0,8033.755
5871A,上市,100.0,100.0,20.156
5876,上市,49.8,49.45,10090.377
5880,上市,27.5,27.3,30844.955
5906,上市,42.8,42.25,4.015
5907,上市,4.9,4.84,672.269
6005,上市,31.5,31.5,10227.792
6024,上市,61.6,61.2,340.531
6108,上市,24.2,24.1,2156.966
6112,上市,48.8,52.1,8939.264
6115,上市,44.05,45.4,133.679
6116,上市,14.2,14.0,16464.654
6117,上市,61.9,60.9,141.232
6120,上市,12.45,12.35,2350.138
6128,上市,19.1,19.45,36.206
6133,上市,26.05,27.45,12821.654
6136,上市,24.85,24.9,130.291
6139,上市,706.0,733.0,4528.809
6141,上市,50.0,49.85,1517.097
6142,上市,9.0,8.84,254.75
6152,上市,14.75,15.05,1234.5
6153,上市,17.45,17.0,4015.623
6155,上市,56.6,56.8,650.156
6164,上市,12.0,12.25,1339.427
6165,上市,48.45,50.3,517.836
6166,上市,113.5,114.5,648.977
6168,上市,37.15,38.85,32720.032
6176,上市,93.6,96.1,3847.5
6177,上市,50.0,48.35,3746.204
6183,上市,90.9,91.4,21.449
6184,上市,39.6,40.8,791.994
6189,上市,47.5,48.15,345.992
6191,上市,82.9,83.2,1065.844
6192,上市,110.5,111.5,66.987
6196,上市,526.0,540.0,2100.117
6197,上市,310.0,320.5,3872.484
6201,上市,44.8,46.4,80.801
6202,上市,55.1,55.8,1667.094
6205,上市,64.8,63.7,239.666
6206,上市,142.0,138.5,933.542
6209,上市,78.3,80.4,6170.241
6213,上市,503.0,505.0,22460.318
6214,上市,193.5,194.5,2040.352
6215,上市,99.6,98.7,298.414
6216,上市,19.55,19.3,92.851
6224,上市,88.8,89.2,1409.069
6225,上市,62.8,60.0,120.552
6226,上市,44.05,45.7,129839.9
6230,上市,113.5,113.0,49.807
6235,上市,38.2,37.7,326.565
6239,上市,280.0,284.0,20546.917
6243,上市,37.95,38.1,232.358
6257,上市,231.0,244.5,36727.856
6269,上市,64.5,64.1,4387.337
6271,上市,229.5,229.5,3398.861
6272,上市,27.2,26.95,425.089
6277,上市,78.5,78.9,120.484
6278,上市,187.0,196.0,3987.784
6281,上市,51.0,51.1,53.586
6282,上市,43.25,42.85,2979.422
6283,上市,17.95,18.5,171.888
6285,上市,229.0,227.5,4485.576
6405,上市,41.75,40.6,1879.987
6409,上市,892.0,908.0,684.311
6412,上市,74.6,74.0,631.274
6414,上市,373.0,372.5,695.35
6415,上市,419.0,437.5,3854.994
6416,上市,119.5,120.0,910.516
6426,上市,381.5,373.5,7320.096
6431,上市,17.2,17.05,153.322
6438,上市,147.0,148.5,228.162
6442,上市,1545.0,1575.0,1887.686
6443,上市,24.0,25.5,10928.041
6446,上市,1205.0,1180.0,12722.966
6449,上市,216.0,217.0,451.18
6451,上市,427.5,443.5,4028.344
6456,上市,65.1,65.4,2256.595
6464,上市,77.7,78.0,32.394
6472,上市,426.0,444.5,1690.749
6477,上市,34.45,34.35,1206.04
6491,上市,401.0,396.0,432.23
6504,上市,37.45,37.2,22.25
6505,上市,85.2,86.5,23493.76
6515,上市,6255.0,6435.0,531.845
6525,上市,131.0,135.5,1517.543
6526,上市,643.0,691.0,2751.706
6531,上市,940.0,968.0,2693.087
6533,上市,255.0,270.5,4601.141
6534,上市,90.9,89.4,72.064
6541,上市,31.5,32.5,966.221
6552,上市,24.2,24.2,54.977
6558,上市,23.95,23.9,359.769
6573,上市,16.5,16.6,104.729
6579,上市,153.0,152.0,245.885
6581,上市,110.0,109.5,12.0
6582,上市,31.3,31.5,80.202
6585,上市,105.5,105.5,124.622
6589,上市,51.2,52.7,1748.855
6591,上市,42.5,43.9,98.125
6592,上市,59.8,58.8,942.536
6592A,上市,96.3,96.3,1.766
6592B,上市,95.0,95.2,4.382
6598,上市,27.7,28.55,139.53
6605,上市,136.5,139.0,538.715
6606,上市,25.2,25.55,43.171
6614,上市,36.45,35.85,29.332
6625,上市,75.0,75.1,41.165
6641,上市,17.05,17.1,11.1
6645,上市,12.55,12.6,47.359
6655,上市,126.0,123.0,38.04
6657,上市,34.5,33.65,187.134
6658,上市,171.5,174.5,144.07
6666,上市,45.4,44.85,22.355
6668,上市,45.9,49.25,9271.067
6669,上市,2195.0,2140.0,4839.353
6670,上市,275.0,275.5,230.78
6671,上市,22.95,23.05,13.0
6672,上市,299.5,302.0,6002.632
6674,上市,15.7,15.8,16.0
6689,上市,66.2,66.8,1050.703
6691,上市,619.0,650.0,1363.773
6695,上市,49.85,50.6,702.017
6698,上市,32.65,32.35,87.029
6706,上市,146.0,149.5,6106.039
6715,上市,398.0,433.0,4535.425
6719,上市,184.5,184.5,868.071
6722,上市,32.35,32.9,26.0
6742,上市,52.7,54.7,4060.13
6743,上市,29.2,29.4,272.413
6753,上市,133.5,134.5,532.096
6754,上市,42.0,41.85,20.01
6756,上市,96.6,97.8,106.01
6757,上市,54.3,54.0,621.991
6768,上市,62.5,62.9,157.393
6770,上市,73.0,74.0,175587.517
6771,上市,42.55,42.4,12.0
6776,上市,52.0,52.3,184.479
6781,上市,1015.0,1010.0,357.582
6782,上市,250.0,240.0,450.547
6789,上市,447.0,459.5,1128.975
6790,上市,37.8,37.8,109.067
6792,上市,59.1,59.4,37.096
6794,上市,76.9,75.5,22.001
6796,上市,51.2,52.0,39.943
6799,上市,81.4,84.1,458.506
6805,上市,2195.0,2295.0,1519.334
6807,上市,33.3,33.5,3.0
6830,上市,523.0,563.0,2580.595
6831,上市,539.0,535.0,1950.355
6834,上市,104.0,110.5,6734.855
6835,上市,30.7,30.95,9.01
6838,上市,24.2,23.65,213.041
6854,上市,91.0,93.6,328.461
6861,上市,216.0,229.5,1451.647
6862,上市,131.5,131.0,63.849
6863,上市,94.5,94.5,136.495
6869,上市,68.9,68.1,667.113
6873,上市,70.7,70.1,394.047
6885,上市,29.8,31.6,1962.009
6887,上市,38.3,38.9,16.0
6890,上市,148.0,149.0,226.293
6901,上市,15.5,15.45,1236.322
6902,上市,131.5,141.0,924.702
6906,上市,82.7,84.4,54.417
6908,上市,30.0,30.0,15.0
6909,上市,42.2,42.15,464.983
6914,上市,122.0,121.5,47.461
6916,上市,18.15,18.55,13.0
6918,上市,75.0,75.2,4.002
6919,上市,83.9,85.8,6464.359
6921,上市,63.8,63.6,2.059
6923,上市,76.4,76.9,305.56
6924,上市,132.5,134.5,26.118
6928,上市,46.9,47.15,105.359
6931,上市,39.3,39.2,54.099
6933,上市,355.0,342.0,3660.865
6934,上市,77.4,76.8,191.143
6936,上市,31.9,32.05,10.422
6937,上市,299.0,303.5,735.294
6944,上市,690.0,708.0,363.536
6947,上市,67.2,67.7,146.23
6949,上市,54.5,54.5,8705.561
6951,上市,70.1,69.9,22.21
6952,上市,39.25,39.35,10.495
6955,上市,95.0,95.0,6.01
6957,上市,274.5,270.5,430.572
6958,上市,17.65,17.6,42.359
6958A,上市,21.0,21.0,20.399
6962,上市,31.15,30.9,1036.957
6965,上市,70.8,71.0,16.465
6969,上市,32.65,33.2,44.33
6988,上市,12.05,12.0,54.0
6994,上市,26.75,27.8,567.875
7610,上市,1820.0,1945.0,2608.87
7631,上市,139.5,138.0,95.732
7689,上市,162.5,161.5,23.114
7705,上市,29.95,30.1,52.168
7711,上市,566.0,570.0,1904.132
7721,上市,61.0,60.6,75.565
7722,上市,265.5,262.5,41.569
7730,上市,175.5,175.0,75.61
7732,上市,34.1,34.45,3.0
7736,上市,68.7,68.6,42.215
7740,上市,122.0,124.5,271.275
7749,上市,359.0,360.5,147.372
7750,上市,1935.0,1950.0,188.676
7760,上市,32.8,32.8,17.11
7765,上市,231.0,243.0,419.452
7768,上市,266.5,286.0,102.618
7769,上市,6225.0,6540.0,3329.21
7780,上市,16.2,16.4,686.399
7786,上市,119.0,120.0,153.892
7788,上市,290.5,297.0,1729.061
7791,上市,55.6,56.5,26.909
7795,上市,495.0,487.0,1165.664
7799,上市,513.0,504.0,2318.907
7803,上市,18.8,18.9,76.902
7818,上市,60.1,60.0,35.009
7821,上市,39.0,39.1,107.364
7822,上市,856.0,850.0,86.446
7823,上市,81.5,81.0,36.048
7827,上市,151.5,162.0,468.83
7835,上市,21.0,21.2,22.562
7855,上市,42.15,42.1,374.554
8011,上市,15.9,15.7,341.374
8016,上市,282.0,281.0,817.528
8021,上市,468.0,460.0,8380.475
8028,上市,250.0,257.0,11292.233
8033,上市,170.0,172.5,1609.386
8039,上市,260.5,269.5,18951.532
8045,上市,55.1,54.6,375.834
8046,上市,1105.0,1100.0,10172.303
8070,上市,50.6,50.7,2481.596
8072,上市,27.0,27.8,893.248
8081,上市,253.5,253.0,309.905
8101,上市,11.8,11.8,1.349
8103,上市,127.0,129.5,20154.901
8104,上市,30.4,31.0,1004.807
8105,上市,14.65,14.8,1194.399
8110,上市,44.5,47.4,16536.574
8112,上市,83.6,83.1,4809.582
8112A,上市,45.6,45.75,19.128
8114,上市,180.0,179.0,325.127
8131,上市,60.2,61.3,3628.127
8150,上市,89.0,94.0,41434.324
8162,上市,60.2,61.0,111.391
8163,上市,30.0,29.85,669.921
8201,上市,11.8,12.05,52.489
8210,上市,905.0,902.0,1163.708
8213,上市,32.75,33.0,805.791
8215,上市,27.3,27.35,6504.404
8222,上市,35.1,35.55,210.753
8249,上市,38.75,39.2,214.282
8261,上市,172.5,177.0,5019.57
8271,上市,208.0,205.5,1188.79
8341,上市,74.5,75.3,154.499
8367,上市,40.7,40.75,12.998
8374,上市,78.3,77.0,142.564
8404,上市,13.7,13.55,418.762
8411,上市,12.6,12.6,99.796
8422,上市,26.05,26.55,11558.27
8429,上市,5.93,5.91,121.399
8438,上市,69.5,68.5,547.959
8442,上市,46.2,46.2,26.433
8443,上市,11.15,11.2,25.514
8454,上市,251.0,249.0,528.415
8462,上市,161.5,162.0,35.184
8463,上市,21.0,21.3,30.997
8464,上市,377.5,370.0,1092.92
8466,上市,13.9,14.35,18.102
8467,上市,91.4,90.0,6.635
8473,上市,38.55,38.75,867.777
8476,上市,20.0,19.75,268.321
8478,上市,144.5,141.5,88.369
8481,上市,41.05,41.05,9.051
8482,上市,47.9,47.85,24.05
8487,上市,70.9,70.6,3.335
8488,上市,9.81,10.2,53.0
8499,上市,254.5,255.5,34.572
8926,上市,59.0,59.8,4102.406
8940,上市,14.95,15.1,26.017
8996,上市,1350.0,1430.0,2477.151
9103,上市,5.0,4.99,463.884
910322,上市,24.0,23.8,8.088
9105,上市,8.48,8.37,12668.205
910861,上市,4.35,4.26,86.005
9110,上市,2.99,3.0,2.495
911608,上市,2.55,2.72,16.0
911622,上市,3.56,3.6,8.0
911868,上市,1.16,1.16,60.021
912000,上市,2.56,2.52,486.5
9136,上市,9.59,9.7,230.0
9802,上市,65.5,64.9,413.805
9902,上市,13.4,13.4,120.147
9904,上市,24.9,24.7,19788.623
9905,上市,21.4,21.3,140.262
9906,上市,41.25,41.35,268.632
9907,上市,15.05,15.0,1743.527
9908,上市,29.05,29.0,125.16
9910,上市,69.3,68.4,1626.837
9911,上市,82.0,82.0,221.162
9912,上市,12.85,13.1,18.988
9914,上市,68.1,67.6,1808.491
9917,上市,106.5,108.5,727.439
9918,上市,43.3,43.25,11.303
9919,上市,14.05,14.0,85.508
9921,上市,90.1,90.8,5756.054
9924,上市,38.0,38.0,126.168
9925,上市,39.7,39.65,406.383
9926,上市,49.3,49.35,8.154
9927,上市,69.8,70.0,55.516
9928,上市,17.5,17.6,67.173
9929,上市,11.2,11.3,7.0
9930,上市,61.0,61.3,108.604
9931,上市,34.1,34.1,29.103
9933,上市,42.85,42.3,4724.595
9934,上市,9.9,9.81,885.961
9935,上市,18.15,18.25,443.513
9937,上市,54.0,54.5,25.017
9938,上市,38.05,37.7,1438.252
9939,上市,126.5,127.0,638.601
9940,上市,21.3,20.75,1282.739
9941,上市,80.8,79.8,1385.581
9941A,上市,48.9,48.8,9.17
9942,上市,114.0,115.0,90.333
9943,上市,50.8,50.4,110.585
9944,上市,17.25,17.35,30.634
9945,上市,29.65,28.95,11972.321
9946,上市,18.0,16.7,1087.958
9955,上市,23.7,23.5,100.816
9958,上市,92.2,94.0,2733.414
00411A,上櫃,9.99,10.13,90136.009
006201,上櫃,44.75,46.05,373.284
00679B,上櫃,25.73,25.69,12098.83
00687B,上櫃,26.73,26.7,12557.023
00687C,上櫃,9.06,9.06,25.0
00694B,上櫃,41.11,41.66,1371.991
00695B,上櫃,34.3,34.25,441.216
00696B,上櫃,28.05,27.99,3288.231
00697B,上櫃,34.79,34.82,407.416
00719B,上櫃,31.07,30.98,2728.008
00720B,上櫃,32.01,31.99,4590.649
00722B,上櫃,34.4,34.37,2749.594
00723B,上櫃,29.53,29.47,118.0
00724B,上櫃,32.63,32.59,4858.455
00725B,上櫃,34.06,34.07,2302.696
00726B,上櫃,31.94,31.9,394.702
00727B,上櫃,39.28,39.17,136.586
00734B,上櫃,15.37,15.33,325.0
00740B,上櫃,37.25,37.2,2658.11
00741B,上櫃,36.83,36.93,104.179
00746B,上櫃,34.26,34.32,616.246
00749B,上櫃,30.73,30.67,123.0
00750B,上櫃,31.8,31.78,133.0
00751B,上櫃,30.45,30.47,7207.659
00754B,上櫃,31.53,31.52,105.0
00755B,上櫃,31.54,31.55,102.44
00756B,上櫃,30.08,30.09,215.87
00758B,上櫃,50.2,50.2,100.04
00759B,上櫃,52.7,52.7,100.0
00760B,上櫃,51.9,51.9,100.836
00761B,上櫃,32.84,33.02,677.049
00764B,上櫃,26.67,26.64,8938.602
00768B,上櫃,47.89,47.85,697.089
00772B,上櫃,32.26,32.28,2335.843
00773B,上櫃,34.47,34.44,1784.383
00777B,上櫃,31.1,31.13,115.0
00778B,上櫃,33.0,33.04,112.0
00779B,上櫃,26.89,26.88,311.0
00780B,上櫃,36.04,36.03,136.412
00781B,上櫃,26.74,26.66,136.22
00782B,上櫃,29.37,29.36,600.094
00785B,上櫃,33.69,33.69,50.0
00786B,上櫃,31.61,31.61,17.7
00787B,上櫃,31.65,31.74,5.005
00788B,上櫃,29.11,29.1,16.036
00789B,上櫃,46.29,46.21,113.998
00791B,上櫃,56.55,56.55,102.999
00792B,上櫃,30.36,30.24,301.602
00795B,上櫃,25.81,25.81,3947.743
00799B,上櫃,28.5,28.46,283.721
00834B,上櫃,33.03,33.03,113.249
00836B,上櫃,27.82,27.92,24.121
00840B,上櫃,28.64,28.64,100.0
00841B,上櫃,27.43,27.43,100.0
00842B,上櫃,29.18,29.15,310.924
00844B,上櫃,30.5,30.5,80.033
00845B,上櫃,32.22,32.22,116.0
00846B,上櫃,34.78,34.88,106.0
00847B,上櫃,24.35,24.33,208.0
00848B,上櫃,33.21,33.17,247.004
00849B,上櫃,37.26,37.27,201.172
00853B,上櫃,26.44,26.48,1088.291
00856B,上櫃,37.45,37.45,1.0
00857B,上櫃,22.46,22.45,1445.635
00858,上櫃,35.77,35.82,226.241
00859B,上櫃,40.73,40.58,2281.835
00860B,上櫃,37.82,37.73,109.076
00862B,上櫃,30.42,30.39,243.35
00863B,上櫃,30.58,30.48,282.007
00864B,上櫃,46.34,46.1,1212.429
00867B,上櫃,29.5,29.5,3.1
00870B,上櫃,27.34,27.31,22.0
00877,上櫃,38.4,38.87,2955.209
00884B,上櫃,28.46,28.46,206.558
00886,上櫃,48.06,48.28,24.468
00887,上櫃,15.86,16.01,3829.219
00888,上櫃,35.38,35.39,11480.395
00890B,上櫃,31.1,31.13,105.035
00928,上櫃,32.62,33.08,563.084
00931B,上櫃,13.01,12.99,3553.823
00933B,上櫃,15.41,15.42,7405.05
00937B,上櫃,14.32,14.31,47188.929
00942B,上櫃,13.72,13.72,503.581
00948B,上櫃,9.14,9.13,6736.547
00950B,上櫃,13.57,13.57,2873.061
00955,上櫃,16.49,16.33,6063.916
00957B,上櫃,12.95,12.96,539.352
00958B,上櫃,8.98,8.99,779.631
00959B,上櫃,9.1,9.09,947.608
00966B,上櫃,13.46,13.49,2200.63
00967B,上櫃,8.66,8.84,127.448
00968B,上櫃,8.99,8.98,1501.478
00969B,上櫃,7.98,8.0,492.07
00970B,上櫃,9.02,9.04,297.526
009806,上櫃,13.61,13.62,22.78
009807,上櫃,16.99,17.09,62.318
00980B,上櫃,9.18,9.16,132.001
00980D,上櫃,19.9,19.87,483.037
00980T,上櫃,12.0,11.9,138.469
009814,上櫃,11.41,11.35,385.888
009815,上櫃,11.63,11.66,2191.144
00981B,上櫃,9.14,9.14,12237.405
00981D,上櫃,10.22,10.2,2227.881
009822,上櫃,9.52,9.55,51.766
009823,上櫃,10.4,10.39,3287.839
009825,上櫃,9.97,9.95,461.203
00982B,上櫃,9.42,9.42,120.22
00983B,上櫃,15.03,15.04,370.797
00984B,上櫃,15.79,15.78,740.751
00985D,上櫃,9.75,9.73,1347.831
00986B,上櫃,0.0,0.0,0.168
00986D,上櫃,14.27,14.2,154.893
00987B,上櫃,15.66,15.65,1028.534
00987D,上櫃,9.96,9.9,2671.112
00988B,上櫃,19.37,19.36,726.014
00989B,上櫃,9.98,9.95,3112.028
00990B,上櫃,9.98,9.98,3329.82
00998A,上櫃,17.3,17.22,7052.033
020001,上櫃,0.0,0.0,0.0
020025,上櫃,38.52,38.96,20.0
020033,上櫃,3.46,3.51,34.0
020035,上櫃,0.0,0.0,0.0
020040,上櫃,11.28,11.28,1.0
020041,上櫃,20.66,20.8,10.0
1240,上櫃,0.0,0.0,3.09
1259,上櫃,64.5,68.0,91.335
1264,上櫃,244.0,244.0,25.187
1268,上櫃,172.5,174.0,31.492
1294,上櫃,51.5,51.5,15.565
1295,上櫃,44.65,44.45,39.403
1336,上櫃,17.15,17.35,470.091
1565,上櫃,97.5,98.0,253.48
1569,上櫃,52.0,55.5,5422.427
1570,上櫃,32.2,32.3,132.068
1580,上櫃,96.5,98.4,155.107
1584,上櫃,18.3,18.2,556.862
1586,上櫃,18.0,18.0,699.699
1591,上櫃,39.1,41.7,570.191
1593,上櫃,31.7,31.9,28.782
1595,上櫃,66.0,65.7,576.197
1599,上櫃,23.15,23.1,11.852
1742,上櫃,17.85,17.55,46.001
1777,上櫃,73.5,74.3,40.5
1780,上櫃,25.15,25.15,53.0
1781,上櫃,9.95,10.15,22.288
1784,上櫃,58.7,58.0,146.822
1785,上櫃,97.1,96.8,4892.756
1788,上櫃,128.0,128.0,23.03
1796,上櫃,29.8,29.6,14.002
1799,上櫃,28.45,28.85,138.533
1813,上櫃,11.25,11.35,7.685
1815,上櫃,118.0,119.5,96783.757
2035,上櫃,27.0,27.0,1.278
2061,上櫃,52.9,52.4,1974.028
2063,上櫃,24.0,23.9,31.001
2064,上櫃,11.75,11.75,2.017
2065,上櫃,35.25,35.15,68.056
2066,上櫃,53.8,52.7,93.027
2067,上櫃,5.21,5.1,7.13
2070,上櫃,62.1,61.6,113.051
2073,上櫃,0.0,0.0,0.0
2221,上櫃,124.0,127.5,13593.19
2230,上櫃,21.95,21.4,221.415
2235,上櫃,0.0,0.0,0.0
2596,上櫃,35.05,35.1,74.553
2640,上櫃,172.5,170.5,93.983
2641,上櫃,17.65,17.55,1330.688
2643,上櫃,62.5,62.5,12.46
2718,上櫃,40.7,40.7,15.189
2719,上櫃,19.5,19.5,14.2
2724,上櫃,10.75,11.65,41.737
2726,上櫃,8.13,8.05,39.0
2729,上櫃,156.0,156.5,64.346
2732,上櫃,63.6,62.3,22.88
2734,上櫃,14.55,14.5,31.603
2736,上櫃,11.5,11.4,25.861
2740,上櫃,31.5,31.5,1.111
2743,上櫃,54.0,54.2,99.311
2745,上櫃,84.6,84.6,42.665
2751,上櫃,0.0,0.0,2.0
2752,上櫃,180.0,178.0,19.365
2754,上櫃,69.1,68.9,24.122
2755,上櫃,98.3,98.4,32.405
2756,上櫃,62.2,62.3,26.317
2916,上櫃,40.65,40.55,57.268
2924,上櫃,17.95,17.95,3.0
2926,上櫃,30.0,30.0,21.071
2937,上櫃,44.45,44.5,2.102
2938,上櫃,18.05,18.1,129.403
2941,上櫃,31.0,30.9,6.0
2947,上櫃,60.1,60.2,2.044
2948,上櫃,36.95,36.85,3.309
2949,上櫃,0.0,0.0,0.534
3064,上櫃,0.0,0.0,0.001
3066,上櫃,28.55,29.9,8481.41
3067,上櫃,17.0,16.9,3.346
3071,上櫃,23.4,23.4,200.814
3073,上櫃,20.9,20.55,61.102
3078,上櫃,44.55,44.5,805.842
3081,上櫃,2780.0,2880.0,3331.794
3083,上櫃,22.0,22.4,55.548
3085,上櫃,11.65,11.65,2.557
3086,上櫃,29.4,28.9,355.293
3088,上櫃,127.5,126.5,386.411
3093,上櫃,44.25,44.75,229.829
3095,上櫃,36.4,34.6,30.286
3105,上櫃,487.5,500.0,44401.092
3114,上櫃,30.6,31.15,199.016
3115,上櫃,8.43,7.99,55.535
3118,上櫃,31.65,31.65,2.259
3122,上櫃,24.5,24.3,15.158
3128,上櫃,20.4,20.45,210.136
3131,上櫃,2475.0,2445.0,222.239
3141,上櫃,95.4,93.7,3863.901
3147,上櫃,234.5,242.5,1005.762
3152,上櫃,222.5,224.0,116.955
3158,上櫃,86.0,86.2,21.182
3162,上櫃,73.2,76.9,3095.541
3163,上櫃,656.0,665.0,1911.009
3169,上櫃,102.5,103.5,80.863
3171,上櫃,59.4,59.6,21.39
3176,上櫃,40.0,38.2,1178.404
3178,上櫃,64.0,69.0,1081.791
3188,上櫃,24.65,24.0,392.117
3191,上櫃,16.55,16.65,15.089
3205,上櫃,47.0,47.0,3.339
3206,上櫃,34.75,35.0,43.529
3207,上櫃,37.5,39.15,378.605
3211,上櫃,368.0,368.0,1617.498
3213,上櫃,125.0,124.5,80.325
3217,上櫃,128.5,130.5,244.414
3218,上櫃,135.5,134.0,125.978
3219,上櫃,83.3,89.8,592.264
3221,上櫃,47.75,47.5,974.322
3224,上櫃,33.3,32.0,149.159
3226,上櫃,56.6,56.9,33.025
3227,上櫃,184.0,186.0,646.205
3228,上櫃,165.5,167.0,196.529
3230,上櫃,42.3,41.8,264.277
3232,上櫃,21.1,21.15,31.215
3234,上櫃,178.5,180.0,2706.03
3236,上櫃,43.5,43.35,822.774
3252,上櫃,15.3,15.3,71.571
3259,上櫃,10.75,10.75,33.984
3260,上櫃,399.5,396.5,7024.044
3264,上櫃,251.0,268.5,29371.558
3265,上櫃,173.0,180.0,2668.585
3268,上櫃,18.1,18.5,75.476
3272,上櫃,13.95,14.1,17.545
3276,上櫃,13.8,13.95,150.013
3284,上櫃,21.1,20.35,192.328
3285,上櫃,40.0,40.75,20.236
3287,上櫃,42.3,42.35,1079.595
3288,上櫃,20.05,20.2,27.476
3289,上櫃,134.5,136.5,602.167
3290,上櫃,46.8,46.3,1257.877
3293,上櫃,725.0,729.0,4291.321
3294,上櫃,30.05,30.3,460.514
3297,上櫃,30.75,33.1,1088.806
3303,上櫃,48.6,49.1,555.764
3306,上櫃,45.05,45.0,76.62
3310,上櫃,69.0,68.8,6.035
3313,上櫃,10.7,10.65,186.071
3317,上櫃,55.9,56.2,675.398
3322,上櫃,10.9,10.95,502.467
3323,上櫃,27.75,27.2,206.258
3324,上櫃,1480.0,1480.0,8418.099
3325,上櫃,11.15,11.2,81.727
3332,上櫃,60.7,60.7,20.095
3339,上櫃,44.9,45.35,3790.577
3349,上櫃,19.55,20.0,33.254
3354,上櫃,29.35,29.2,878.287
3357,上櫃,203.0,207.5,3103.529
3360,上櫃,14.65,14.8,282.171
3362,上櫃,177.0,178.5,2729.76
3363,上櫃,671.0,683.0,2703.846
3372,上櫃,16.6,16.4,2316.909
3373,上櫃,16.0,15.9,32.872
3374,上櫃,440.0,444.5,13851.295
3379,上櫃,27.2,27.3,43.616
3388,上櫃,81.1,81.6,213.995
3390,上櫃,22.0,22.2,124.287
3402,上櫃,127.0,129.0,478.774
3430,上櫃,105.0,103.5,240.3
3434,上櫃,31.2,32.6,668.153
3438,上櫃,62.5,63.2,75.433
3441,上櫃,185.0,185.5,2936.94
3444,上櫃,85.1,82.2,369.308
3455,上櫃,255.0,255.5,2807.635
3465,上櫃,29.0,29.25,9.017
3466,上櫃,23.8,24.45,307.045
3467,上櫃,76.0,77.4,1104.912
3479,上櫃,131.5,131.5,424.364
3483,上櫃,74.8,75.2,302.833
3484,上櫃,46.15,46.75,166.332
3485,上櫃,202.0,198.5,51.77
3489,上櫃,22.3,22.25,84.383
3490,上櫃,45.35,44.35,4612.95
3491,上櫃,1515.0,1565.0,1666.534
3492,上櫃,18.95,19.0,3.1
3498,上櫃,185.5,195.0,2544.352
3499,上櫃,13.75,13.3,49.937
3508,上櫃,21.7,23.75,672.485
3511,上櫃,18.6,19.0,239.385
3512,上櫃,19.1,19.15,118.79
3516,上櫃,25.0,25.0,137.839
3520,上櫃,17.3,17.5,350.987
3521,上櫃,12.05,12.0,24.413
3522,上櫃,13.3,13.3,160.163
3523,上櫃,14.95,15.0,28.229
3526,上櫃,266.0,271.0,257.428
3527,上櫃,50.2,50.0,56.325
3529,上櫃,2770.0,2845.0,1534.528
3531,上櫃,21.25,21.25,1.635
3537,上櫃,53.3,53.3,151.863
3540,上櫃,23.15,23.35,271.207
3541,上櫃,22.0,22.15,17.031
3546,上櫃,71.9,74.0,117.197
3548,上櫃,79.6,80.6,157.399
3551,上櫃,180.0,187.5,1562.817
3552,上櫃,41.1,39.3,3733.44
3555,上櫃,174.0,175.0,73.523
3556,上櫃,57.4,57.6,155.857
3558,上櫃,123.5,121.0,205.507
3564,上櫃,49.05,49.85,446.289
3567,上櫃,25.2,25.3,35.502
3570,上櫃,170.0,170.5,58.973
3577,上櫃,119.0,119.0,361.008
3580,上櫃,95.3,96.8,1170.604
3581,上櫃,98.2,102.0,342.901
3587,上櫃,240.0,241.5,460.59
3594,上櫃,46.7,46.75,460.795
3597,上櫃,26.25,26.25,10.19
3609,上櫃,21.85,21.9,153.85
3611,上櫃,182.5,182.5,42.668
3615,上櫃,36.3,36.9,1074.806
3623,上櫃,28.65,27.75,257.918
3624,上櫃,122.0,126.0,18208.909
3625,上櫃,11.6,11.5,93.435
3628,上櫃,76.0,73.5,279.443
3629,上櫃,0.0,0.0,0.0
3630,上櫃,26.0,25.85,463.004
3631,上櫃,40.6,40.15,173.484
3632,上櫃,7.2,7.08,12.482
3646,上櫃,24.9,24.8,35.155
3663,上櫃,62.1,61.2,370.446
3664,上櫃,8.15,8.4,39.0
3666,上櫃,24.85,25.0,58.043
3672,上櫃,11.65,12.05,3.103
3675,上櫃,291.0,294.0,1517.569
3680,上櫃,530.0,533.0,1624.937
3684,上櫃,54.1,54.2,20.67
3685,上櫃,35.7,35.9,631.013
3687,上櫃,61.0,61.0,54.541
3689,上櫃,109.5,109.5,416.471
3691,上櫃,96.7,97.5,234.036
3693,上櫃,717.0,704.0,1913.975
3707,上櫃,62.6,62.9,2745.802
3709,上櫃,63.5,63.4,540.32
3713,上櫃,14.25,14.1,36.326
3718,上櫃,64.6,67.1,3562.254
4102,上櫃,18.9,18.8,29.718
4105,上櫃,78.8,78.4,588.768
4107,上櫃,112.0,112.0,63.557
4109,上櫃,11.2,11.25,59.341
4111,上櫃,28.8,28.8,20.368
4113,上櫃,17.35,15.45,899.216
4114,上櫃,29.7,29.8,1004.583
4116,上櫃,39.4,39.4,39.31
4120,上櫃,45.85,45.8,23.02
4121,上櫃,12.7,12.75,42.205
4123,上櫃,30.8,30.9,1494.037
4126,上櫃,77.8,77.7,80.283
4127,上櫃,60.4,61.4,188.205
4128,上櫃,14.7,14.6,5209.116
4129,上櫃,82.4,83.0,206.833
4131,上櫃,31.5,31.4,14.296
4138,上櫃,53.9,53.9,9.086
4139,上櫃,41.95,42.0,36.101
4147,上櫃,62.4,62.9,1815.058
4153,上櫃,31.95,31.95,12.436
4154,上櫃,11.25,11.65,58.26
4157,上櫃,9.09,9.06,836.083
4160,上櫃,39.05,39.15,6.147
4161,上櫃,22.25,22.25,22.877
4162,上櫃,55.9,55.6,451.265
4163,上櫃,133.5,132.5,20.27
4166,上櫃,24.7,24.5,107.0
4167,上櫃,19.45,19.65,1931.575
4168,上櫃,21.8,21.95,108.978
4171,上櫃,16.3,16.45,47.847
4173,上櫃,17.15,17.35,36.042
4174,上櫃,27.55,27.2,3779.111
4175,上櫃,51.5,51.2,3.734
4183,上櫃,13.0,13.05,8.0
4188,上櫃,13.5,14.0,97.879
4192,上櫃,17.95,18.3,7.056
4198,上櫃,49.45,49.45,1.8
4205,上櫃,68.9,68.8,31.331
4207,上櫃,19.5,19.4,183.383
4303,上櫃,35.1,35.7,778.272
4304,上櫃,17.25,17.25,122.906
4305,上櫃,0.0,0.0,0.011
4401,上櫃,14.1,14.1,129.942
4402,上櫃,14.45,14.05,61.008
4406,上櫃,10.15,10.2,25.03
4413,上櫃,0.0,0.0,0.0
4416,上櫃,11.25,12.15,4794.272
4417,上櫃,50.1,50.2,160.329
4419,上櫃,45.65,45.95,33.408
4420,上櫃,36.0,36.1,38.716
4430,上櫃,17.25,17.25,14.729
4432,上櫃,15.5,15.6,7.209
4433,上櫃,18.15,18.1,94.872
4442,上櫃,55.0,54.5,40.801
4502,上櫃,15.65,15.75,43.1
4503,上櫃,23.3,23.15,190.237
4506,上櫃,120.0,119.5,51.895
4510,上櫃,44.55,44.45,610.448
4513,上櫃,16.45,16.2,569.255
4523,上櫃,23.75,24.75,127.287
4527,上櫃,40.7,40.7,15.301
4528,上櫃,14.85,14.85,68.145
4529,上櫃,3.46,3.44,20.03
4530,上櫃,23.85,22.7,106.837
4533,上櫃,24.55,25.3,529.219
4534,上櫃,28.5,29.35,695.748
4535,上櫃,27.1,27.1,1.0
4538,上櫃,17.1,17.25,24.181
4541,上櫃,57.9,62.0,2277.997
4542,上櫃,291.0,275.0,1053.627
4543,上櫃,28.5,28.6,77.95
4549,上櫃,95.6,97.0,24.294
4550,上櫃,24.1,24.2,10.06
4554,上櫃,28.65,28.45,6.261
4556,上櫃,84.4,83.2,594.982
4558,上櫃,17.65,17.75,4.0
4561,上櫃,41.05,41.1,87.059
4563,上櫃,46.2,47.0,216.435
4568,上櫃,39.6,39.6,1.0
4577,上櫃,84.3,86.9,262.104
4580,上櫃,81.3,81.3,44.413
4584,上櫃,0.0,0.0,0.15
4609,上櫃,4.24,4.24,7.05
4702,上櫃,9.34,9.38,62.917
4706,上櫃,34.0,33.5,5.35
4707,上櫃,27.0,28.0,1508.099
4711,上櫃,16.5,16.45,134.24
4714,上櫃,11.75,12.1,4095.806
4716,上櫃,17.1,17.0,468.837
4721,上櫃,74.0,74.0,618.603
4726,上櫃,22.6,23.0,472.381
4728,上櫃,390.5,406.0,26.004
4729,上櫃,18.65,18.85,74.3
4735,上櫃,35.85,35.95,37.798
4741,上櫃,39.4,38.35,94.544
4743,上櫃,44.65,44.0,2199.401
4744,上櫃,30.4,29.6,193.277
4745,上櫃,11.65,11.75,84.043
4747,上櫃,24.05,24.05,29.464
4749,上櫃,750.0,741.0,842.634
4754,上櫃,37.4,37.45,26.08
4760,上櫃,261.0,265.5,262.855
4767,上櫃,28.3,28.0,6.039
4768,上櫃,317.0,315.0,413.08
4772,上櫃,244.5,250.0,572.903
4806,上櫃,9.43,9.34,4.663
4903,上櫃,34.6,37.6,2314.763
4905,上櫃,77.0,78.4,17.245
4907,上櫃,47.0,45.5,209.176
4908,上櫃,240.0,243.5,7760.473
4909,上櫃,34.5,35.3,538.22
4911,上櫃,28.55,29.0,24.869
4923,上櫃,55.8,60.8,2269.074
4924,上櫃,13.8,15.5,591.478
4931,上櫃,236.0,237.5,2279.686
4933,上櫃,52.3,52.0,89.017
4939,上櫃,78.5,78.3,5376.883
4946,上櫃,89.8,90.1,9.503
4950,上櫃,15.6,16.0,16.054
4951,上櫃,83.0,90.7,1107.695
4953,上櫃,120.0,123.0,405.869
4966,上櫃,560.0,568.0,845.634
4971,上櫃,566.0,592.0,2256.488
4972,上櫃,16.25,16.3,32.133
4973,上櫃,140.0,139.5,573.789
4974,上櫃,70.6,71.8,131.002
4979,上櫃,578.0,611.0,10012.525
4991,上櫃,450.5,474.0,7575.115
4995,上櫃,50.5,51.1,53.399
5009,上櫃,32.55,32.0,2022.536
5011,上櫃,18.45,18.05,559.444
5013,上櫃,29.2,29.2,21.145
5014,上櫃,9.81,9.88,154.218
5015,上櫃,21.35,21.7,17.748
5016,上櫃,24.5,24.65,11.5
5201,上櫃,29.45,28.8,464.056
5202,上櫃,13.9,15.4,4925.042
5205,上櫃,0.0,0.0,0.001
5206,上櫃,22.8,22.3,633.435
5209,上櫃,177.0,174.5,113.43
5210,上櫃,29.05,29.3,833.402
5211,上櫃,20.5,20.55,37.366
5212,上櫃,47.4,48.6,38.972
5213,上櫃,21.1,20.3,600.988
5220,上櫃,19.75,19.75,20.0
5223,上櫃,22.9,23.05,5.096
5227,上櫃,32.75,31.6,322.771
5228,上櫃,39.7,40.35,341.579
5230,上櫃,19.3,20.55,2694.744
5245,上櫃,21.3,20.7,70.388
5251,上櫃,30.25,31.7,1434.854
5263,上櫃,89.9,89.9,164.326
5272,上櫃,16.75,16.8,38.108
5274,上櫃,18890.0,19290.0,265.912
5276,上櫃,18.85,18.5,3.006
5278,上櫃,23.8,23.85,31.179
5287,上櫃,136.5,139.0,210.442
5289,上櫃,1290.0,1315.0,1288.267
5291,上櫃,58.9,58.3,241.916
5299,上櫃,95.0,96.7,212.721
5301,上櫃,5.08,5.17,7.132
5302,上櫃,9.77,9.75,138.192
5309,上櫃,51.1,51.5,979.586
5310,上櫃,25.0,24.8,17.001
5312,上櫃,90.0,91.0,21.236
5314,上櫃,28.85,30.5,126572.186
5315,上櫃,18.85,18.75,229.932
5321,上櫃,70.6,72.0,363.186
5324,上櫃,12.25,12.3,114.218
5328,上櫃,53.4,53.1,2025.909
5340,上櫃,82.7,83.1,3653.456
5344,上櫃,13.2,13.05,132.133
5345,上櫃,21.15,22.1,3.223
5347,上櫃,169.0,172.0,32534.327
5348,上櫃,16.45,16.4,6.002
5351,上櫃,109.0,113.5,10846.55
5353,上櫃,27.75,27.6,92.1
5355,上櫃,6.93,6.99,124.444
5356,上櫃,25.8,26.0,65.377
5364,上櫃,8.32,8.35,64.352
5381,上櫃,23.6,23.1,325.064
5386,上櫃,287.0,294.0,1086.874
5392,上櫃,40.5,40.2,903.021
5398,上櫃,14.15,13.9,81.008
5403,上櫃,93.5,93.0,21.75
5410,上櫃,33.4,33.25,375.135
5425,上櫃,93.2,92.6,7381.068
5426,上櫃,29.5,29.35,636.94
5432,上櫃,146.5,160.0,244.374
5438,上櫃,16.4,16.3,147.414
5439,上櫃,244.0,247.0,1446.369
5443,上櫃,111.0,109.0,1676.279
5450,上櫃,14.85,14.6,98.957
5452,上櫃,27.35,27.3,582.341
5455,上櫃,30.5,30.5,11.0
5457,上櫃,24.95,23.3,5070.077
5460,上櫃,17.9,17.4,103.818
5464,上櫃,91.0,92.7,1179.814
5465,上櫃,26.6,26.7,515.128
5468,上櫃,24.6,24.8,143.7
5474,上櫃,156.0,162.5,553.616
5475,上櫃,175.0,179.0,7910.983
5478,上櫃,97.6,97.5,58.459
5481,上櫃,21.85,22.15,275.166
5483,上櫃,187.0,187.5,19594.881
5487,上櫃,29.55,29.65,35.303
5488,上櫃,12.0,11.85,252.714
5489,上櫃,40.1,41.25,38.0
5490,上櫃,25.7,25.4,227.209
5493,上櫃,87.1,86.9,130.439
5498,上櫃,50.9,51.8,896.914
5508,上櫃,58.5,56.0,2827.455
5511,上櫃,70.9,70.3,244.486
5512,上櫃,7.8,7.49,2008.599
5514,上櫃,15.4,15.0,17.302
5516,上櫃,11.75,11.85,22.0
5520,上櫃,82.0,82.0,1.0
5523,上櫃,30.3,30.35,20.932
5529,上櫃,26.15,26.0,201.783
5530,上櫃,50.1,48.9,517.541
5536,上櫃,831.0,888.0,985.079
5543,上櫃,28.15,26.5,21.292
5547,上櫃,20.15,19.95,38.986
5548,上櫃,20.4,20.15,35.036
5601,上櫃,0.0,0.0,8.0
5603,上櫃,13.7,13.5,471.248
5604,上櫃,31.1,31.05,18.685
5609,上櫃,78.6,79.2,341.204
5701,上櫃,4.26,4.26,42.269
5703,上櫃,13.75,13.7,13.003
5704,上櫃,22.8,22.9,29.711
5864,上櫃,34.95,35.15,4026.273
5878,上櫃,38.2,38.15,4.038
5902,上櫃,0.0,0.0,0.117
5903,上櫃,184.0,184.5,14.765
5904,上櫃,71.8,72.1,6401.484
5905,上櫃,7.45,7.38,236.051
6015,上櫃,17.4,17.6,4735.312
6016,上櫃,23.0,23.0,5646.306
6020,上櫃,20.6,20.55,55.066
6021,上櫃,45.3,45.45,487.956
6023,上櫃,88.2,87.5,824.333
6026,上櫃,15.5,15.5,1723.556
6028,上櫃,96.5,96.5,1.24
6101,上櫃,38.4,38.4,205.457
6103,上櫃,37.95,38.95,148.719
6104,上櫃,91.5,90.4,652.969
6109,上櫃,10.35,10.4,190.89
6111,上櫃,34.7,35.8,415.819
6113,上櫃,22.2,22.3,120.427
6114,上櫃,22.95,23.3,22.304
6118,上櫃,15.2,15.15,50.591
6121,上櫃,376.0,371.5,1885.337
6122,上櫃,51.5,51.2,421.569
6123,上櫃,43.2,43.15,13.243
6124,上櫃,26.65,27.1,5.785
6125,上櫃,48.65,50.2,545.151
6126,上櫃,32.1,31.3,1225.229
6127,上櫃,49.1,48.85,1323.657
6129,上櫃,14.6,14.7,367.873
6130,上櫃,24.25,23.85,104.356
6134,上櫃,28.7,28.95,46.245
6138,上櫃,272.5,276.0,552.104
6140,上櫃,20.25,21.8,1207.304
6143,上櫃,82.5,82.8,208.961
6144,上櫃,12.65,12.85,21.038
6146,上櫃,178.0,178.5,270.422
6147,上櫃,217.0,229.0,74318.325
6148,上櫃,36.25,39.85,9105.634
6150,上櫃,62.8,61.3,166.625
6151,上櫃,34.45,35.45,241.782
6154,上櫃,14.1,14.1,46.583
6156,上櫃,20.7,20.65,414.857
6158,上櫃,17.25,17.2,52.973
6160,上櫃,14.75,14.45,57.132
6161,上櫃,48.9,48.8,89.939
6163,上櫃,41.95,41.55,694.071
6167,上櫃,10.25,10.3,210.199
6169,上櫃,11.95,12.05,21.23
6170,上櫃,48.3,47.9,174.482
6171,上櫃,27.0,25.45,186.39
6173,上櫃,309.0,314.0,18688.556
6174,上櫃,44.45,44.95,365.291
6175,上櫃,70.0,69.7,582.056
6179,上櫃,41.6,37.9,30832.868
6180,上櫃,41.0,40.7,274.257
6182,上櫃,114.5,116.0,65449.67
6185,上櫃,12.35,12.45,60.044
6186,上櫃,30.7,29.95,3231.683
6187,上櫃,1240.0,1250.0,1060.111
6188,上櫃,62.5,62.6,739.449
6190,上櫃,68.8,69.4,3253.941
6194,上櫃,30.3,30.45,41.004
6195,上櫃,27.7,27.7,31.951
6198,上櫃,0.0,0.0,0.0
6199,上櫃,105.0,113.0,4671.372
6203,上櫃,60.0,59.6,117.406
6204,上櫃,107.0,110.0,980.424
6207,上櫃,114.0,115.5,5464.0
6208,上櫃,74.1,75.4,124.69
6210,上櫃,16.8,17.55,29.359
6212,上櫃,32.3,32.6,14.055
6217,上櫃,165.0,178.5,5346.317
6218,上櫃,57.2,61.6,15628.932
6219,上櫃,12.2,12.3,141.732
6220,上櫃,25.3,25.05,263.432
6221,上櫃,31.3,31.5,1644.733
6222,上櫃,20.55,19.6,40.027
6223,上櫃,5625.0,5800.0,828.095
6227,上櫃,138.0,132.0,2306.178
6228,上櫃,17.15,17.3,11.12
6229,上櫃,23.4,23.5,30.202
6231,上櫃,215.5,222.5,395.647
6233,上櫃,20.5,20.7,318.446
6234,上櫃,35.0,38.5,1395.035
6236,上櫃,16.0,16.0,7.076
6237,上櫃,34.0,34.0,228.477
6240,上櫃,25.05,25.0,71.114
6241,上櫃,15.75,15.9,185.864
6242,上櫃,34.0,33.95,5.348
6244,上櫃,22.6,22.9,3434.589
6245,上櫃,85.6,85.6,1020.191
6246,上櫃,12.9,12.65,3.005
6248,上櫃,16.8,16.85,75.335
6259,上櫃,28.5,29.25,379.55
6261,上櫃,75.8,79.2,1060.656
6263,上櫃,157.0,157.5,118.624
6264,上櫃,6.03,6.01,92.671
6265,上櫃,49.4,49.25,1479.012
6266,上櫃,25.0,24.85,90.621
6270,上櫃,28.6,29.3,306.696
6274,上櫃,1365.0,1370.0,10688.162
6275,上櫃,45.15,45.1,129.082
6276,上櫃,20.7,19.85,14.039
6279,上櫃,111.5,113.5,525.755
6284,上櫃,76.3,76.0,323.664
6290,上櫃,274.0,282.5,9258.421
6291,上櫃,523.0,524.0,2481.941
6292,上櫃,66.9,67.3,351.875
6294,上櫃,28.65,28.65,5.305
6411,上櫃,78.8,78.8,219.461
6417,上櫃,104.0,104.0,101.468
6418,上櫃,34.55,34.55,50.112
6419,上櫃,153.5,153.5,134.702
6423,上櫃,81.4,81.8,24.089
6425,上櫃,63.7,68.2,1732.811
6432,上櫃,54.0,58.8,993.1
6435,上櫃,243.5,246.0,193.977
6441,上櫃,23.8,22.9,336.228
6461,上櫃,25.25,25.2,62.302
6462,上櫃,97.8,97.1,515.84
6465,上櫃,44.3,42.5,286.788
6469,上櫃,64.3,65.4,452.081
6470,上櫃,43.3,43.0,43.288
6474,上櫃,35.65,35.6,20.431
6482,上櫃,24.7,24.15,26.24
6485,上櫃,60.5,65.3,1738.084
6486,上櫃,81.3,80.7,52.247
6488,上櫃,925.0,944.0,15917.459
6492,上櫃,34.3,33.7,375.267
6494,上櫃,50.3,51.5,115.294
6496,上櫃,24.4,24.65,9.461
6498,上櫃,66.0,66.9,106.646
6499,上櫃,76.4,74.5,412.556
6506,上櫃,18.1,18.05,35.001
6508,上櫃,25.6,26.5,267.879
6509,上櫃,46.2,46.45,1237.233
6510,上櫃,3330.0,3520.0,483.856
6512,上櫃,0.0,0.0,0.162
6516,上櫃,57.2,58.6,56.184
6517,上櫃,64.4,65.0,372.083
6523,上櫃,89.7,89.7,12.527
6527,上櫃,75.0,74.5,23.5
6530,上櫃,100.5,100.5,3073.823
6532,上櫃,94.5,99.3,1394.685
6535,上櫃,76.2,78.9,375.633
6538,上櫃,352.5,388.0,2425.273
6542,上櫃,42.05,41.85,7.11
6546,上櫃,60.2,60.0,457.725
6547,上櫃,60.5,59.7,5001.707
6548,上櫃,73.6,74.8,5422.214
6556,上櫃,61.6,61.1,3.2
6560,上櫃,34.25,34.85,61.558
6561,上櫃,315.5,317.0,67.235
6568,上櫃,140.5,142.5,142.174
6569,上櫃,90.2,91.1,60.876
6570,上櫃,47.35,47.45,86.624
6574,上櫃,120.0,120.5,48.748
6576,上櫃,83.1,80.4,392.607
6577,上櫃,78.8,79.0,46.15
6578,上櫃,16.9,16.95,76.108
6584,上櫃,560.0,576.0,903.472
6588,上櫃,119.5,117.5,3951.257
6590,上櫃,65.5,68.3,56.806
6593,上櫃,31.3,31.85,16.852
6596,上櫃,95.9,97.0,76.378
6597,上櫃,68.0,70.1,14.25
6603,上櫃,28.35,28.55,9201.369
6609,上櫃,39.1,39.1,72.735
6612,上櫃,71.3,71.0,12.301
6613,上櫃,262.5,270.0,336.859
6615,上櫃,33.6,33.85,8.661
6616,上櫃,8.36,8.5,17.0
6617,上櫃,143.0,143.0,911.558
6620,上櫃,147.0,149.0,10392.69
6624,上櫃,39.2,38.0,14.381
6629,上櫃,104.5,104.0,12.0
6637,上櫃,54.1,54.6,10.1
6640,上櫃,1140.0,1180.0,524.994
6642,上櫃,76.6,78.2,139.947
6643,上櫃,450.0,458.0,957.514
6649,上櫃,35.75,35.75,62.072
6651,上櫃,149.0,146.5,184.047
6654,上櫃,200.0,197.5,38.853
6661,上櫃,16.75,16.65,6.0
6662,上櫃,28.0,28.5,6.0
6664,上櫃,338.0,339.5,190.658
6667,上櫃,242.0,262.0,1532.973
6679,上櫃,198.0,197.5,192.966
6680,上櫃,0.0,0.0,1.081
6683,上櫃,1600.0,1670.0,2958.626
6684,上櫃,47.8,49.05,121.216
6690,上櫃,179.0,186.5,551.958
6692,上櫃,23.8,23.55,12.511
6693,上櫃,183.0,183.5,1088.155
6697,上櫃,41.0,41.55,44.049
6703,上櫃,100.0,101.0,15.686
6708,上櫃,39.85,39.7,69.346
6712,上櫃,159.5,158.5,268.657
6716,上櫃,120.0,119.5,707.124
6720,上櫃,128.0,129.0,98.422
6721,上櫃,51.0,51.0,1.12
6725,上櫃,220.5,223.0,57.83
6727,上櫃,483.0,487.0,851.081
6728,上櫃,107.5,108.0,10.111
6730,上櫃,31.8,31.8,6.0
6732,上櫃,151.0,150.0,101.728
6733,上櫃,25.7,25.5,52.408
6735,上櫃,61.1,62.8,102.044
6739,上櫃,1125.0,1150.0,356.955
6741,上櫃,59.2,58.8,289.54
6751,上櫃,42.6,42.8,12.772
6752,上櫃,98.7,97.2,15.276
6761,上櫃,163.5,167.5,149.045
6762,上櫃,162.0,162.0,1.688
6763,上櫃,41.4,41.35,151.567
6767,上櫃,23.6,24.1,35.0
6785,上櫃,104.5,99.0,231.237
6788,上櫃,333.0,341.5,241.415
6791,上櫃,101.5,101.0,17.274
6803,上櫃,267.5,267.0,61.102
6804,上櫃,18.45,18.15,100.4
6811,上櫃,250.0,266.5,1183.718
6821,上櫃,42.3,40.6,89.127
6823,上櫃,60.3,59.2,73.12
6829,上櫃,215.0,224.5,1025.002
6840,上櫃,104.0,108.0,1542.208
6841,上櫃,52.6,54.4,125.193
6843,上櫃,39.65,39.25,12.2
6844,上櫃,57.6,57.6,37.65
6846,上櫃,58.9,59.0,14.42
6855,上櫃,114.5,114.5,14.004
6856,上櫃,42.7,42.0,14.172
6859,上櫃,121.0,121.0,31.28
6865,上櫃,27.1,27.0,12.634
6870,上櫃,327.5,312.0,66.869
6872,上櫃,22.1,21.1,129.521
6874,上櫃,69.0,69.1,36.01
6875,上櫃,33.0,33.0,261.102
6877,上櫃,116.0,119.5,39.38
6881,上櫃,214.0,215.0,8.411
6884,上櫃,30.8,31.0,6.0
6894,上櫃,356.5,361.5,94.052
6895,上櫃,146.5,143.0,27.504
6899,上櫃,49.05,50.0,8.092
6903,上櫃,300.5,309.0,274.912
6904,上櫃,122.5,119.0,3.0
6907,上櫃,182.0,186.5,1859.197
6910,上櫃,25.1,25.75,36.25
6913,上櫃,131.0,130.5,256.429
6922,上櫃,189.0,188.0,54.453
6925,上櫃,56.8,59.9,640.016
6929,上櫃,21.9,22.05,3.433
6945,上櫃,119.5,132.0,1216.424
6953,上櫃,233.0,238.0,19.796
6961,上櫃,48.1,48.0,71.359
6967,上櫃,65.9,66.2,71.267
6968,上櫃,41.5,41.5,91.072
6971,上櫃,24.7,24.4,17.215
6982,上櫃,45.0,44.5,20.38
6983,上櫃,354.0,355.0,34.127
6986,上櫃,40.5,40.2,104.51
6996,上櫃,171.5,173.0,68.011
6997,上櫃,69.3,67.0,2.0
700019,上櫃,0.0,0.0,0.0
700020,上櫃,0.0,0.0,0.0
700021,上櫃,0.0,0.0,0.0
700022,上櫃,3.4,3.78,62.0
700023,上櫃,0.03,0.03,1.0
700024,上櫃,0.21,0.19,505.0
700025,上櫃,1.03,1.17,226.0
700028,上櫃,1.15,1.24,25.0
700043,上櫃,0.0,0.0,0.0
700047,上櫃,0.0,0.0,0.0
700065,上櫃,0.0,0.0,0.0
700074,上櫃,0.0,0.0,0.0
700079,上櫃,0.0,0.0,0.0
700086,上櫃,0.0,0.0,0.0
700103,上櫃,0.0,0.0,0.0
700113,上櫃,2.4,2.62,33.0
700126,上櫃,0.0,0.0,0.0
700155,上櫃,0.0,0.0,0.0
700173,上櫃,4.35,4.16,17.0
700176,上櫃,0.1,0.1,1.0
700186,上櫃,0.08,0.09,2.0
700188,上櫃,0.0,0.0,0.0
700189,上櫃,0.0,0.0,0.0
700190,上櫃,4.1,4.0,39.0
700191,上櫃,0.0,0.0,0.0
700192,上櫃,0.31,0.31,5.0
700193,上櫃,0.0,0.0,0.0
700194,上櫃,0.17,0.17,200.0
700195,上櫃,1.15,1.13,83.0
700196,上櫃,0.0,0.0,0.0
700197,上櫃,0.0,0.0,0.0
700198,上櫃,0.0,0.0,0.0
700199,上櫃,0.0,0.0,0.0
700201,上櫃,0.0,0.0,0.0
700202,上櫃,0.0,0.0,0.0
700203,上櫃,0.01,0.05,283.0
700204,上櫃,1.33,1.23,150.0
700205,上櫃,0.97,0.93,737.0
700206,上櫃,0.77,0.78,395.0
700207,上櫃,1.08,1.07,503.0
700208,上櫃,1.19,1.19,2.0
700231,上櫃,0.0,0.0,0.0
700257,上櫃,0.0,0.0,0.0
700258,上櫃,0.62,0.64,186.0
700259,上櫃,0.0,0.0,0.0
700260,上櫃,0.0,0.0,0.0
700261,上櫃,4.3,4.36,45.0
700262,上櫃,0.0,0.0,0.0
700263,上櫃,3.86,3.79,14.0
700264,上櫃,0.0,0.0,0.0
700267,上櫃,1.06,1.06,5.0
700269,上櫃,0.0,0.0,0.0
700270,上櫃,0.2,0.2,1.0
700271,上櫃,0.0,0.0,0.0
700273,上櫃,0.0,0.0,0.0
700274,上櫃,0.0,0.0,0.0
700275,上櫃,1.23,1.3,66.0
700276,上櫃,0.0,0.0,0.0
700277,上櫃,0.0,0.0,0.0
700279,上櫃,0.0,0.0,0.0
700300,上櫃,0.0,0.0,0.0
700330,上櫃,0.0,0.0,0.0
700342,上櫃,0.0,0.0,0.0
700343,上櫃,0.16,0.16,1.0
700344,上櫃,0.0,0.0,0.0
700345,上櫃,0.65,0.69,129.0
700346,上櫃,0.0,0.0,0.0
700347,上櫃,0.0,0.0,0.0
700348,上櫃,0.0,0.0,0.0
700350,上櫃,0.0,0.0,0.0
700351,上櫃,0.0,0.0,0.0
700352,上櫃,0.0,0.0,0.0
700353,上櫃,0.0,0.0,0.0
700354,上櫃,0.38,0.43,210.0
700355,上櫃,0.0,0.0,0.0
700356,上櫃,0.0,0.0,0.0
700357,上櫃,0.28,0.3,63.0
700358,上櫃,0.0,0.0,0.0
700359,上櫃,0.0,0.0,0.0
700360,上櫃,0.0,0.0,0.0
700385,上櫃,0.0,0.0,0.0
700410,上櫃,0.0,0.0,0.0
700412,上櫃,0.0,0.0,0.0
700413,上櫃,0.0,0.0,0.0
700414,上櫃,0.0,0.0,0.0
700415,上櫃,0.0,0.0,0.0
700416,上櫃,0.0,0.0,0.0
700417,上櫃,0.35,0.38,396.0
700451,上櫃,0.0,0.0,0.0
700580,上櫃,0.0,0.0,0.0
700594,上櫃,0.05,0.05,152.0
700638,上櫃,0.0,0.0,0.0
700670,上櫃,0.07,0.08,116.0
700671,上櫃,0.0,0.0,0.0
700672,上櫃,0.0,0.0,0.0
700673,上櫃,0.0,0.0,0.0
700674,上櫃,0.0,0.0,0.0
700675,上櫃,0.0,0.0,0.0
700676,上櫃,0.12,0.14,43.0
700677,上櫃,0.0,0.0,0.0
700678,上櫃,0.0,0.0,0.0
700679,上櫃,0.0,0.0,0.0
700681,上櫃,0.31,0.32,3.0
700682,上櫃,0.0,0.0,0.0
700683,上櫃,4.9,4.31,3.0
700684,上櫃,5.8,5.8,6.0
700685,上櫃,0.0,0.0,0.0
700686,上櫃,0.91,0.91,1.0
700687,上櫃,0.38,0.39,80.0
700688,上櫃,3.02,2.86,255.0
700689,上櫃,0.0,0.0,0.0
700706,上櫃,0.0,0.0,0.0
700708,上櫃,0.3,0.3,21.0
700709,上櫃,0.08,0.05,700.0
700710,上櫃,0.0,0.0,0.0
700711,上櫃,3.75,3.55,7.0
700712,上櫃,0.34,0.37,689.0
700717,上櫃,0.0,0.0,0.0
700742,上櫃,0.0,0.0,0.0
700746,上櫃,0.6,0.6,2.0
700754,上櫃,0.0,0.0,0.0
700755,上櫃,0.0,0.0,0.0
700756,上櫃,0.0,0.0,0.0
700757,上櫃,0.0,0.0,0.0
700758,上櫃,0.0,0.0,0.0
700786,上櫃,0.0,0.0,0.0
700810,上櫃,0.08,0.08,1.0
700811,上櫃,0.0,0.0,0.0
700812,上櫃,0.0,0.0,0.0
700827,上櫃,0.0,0.0,0.0
700828,上櫃,0.0,0.0,0.0
700830,上櫃,0.96,1.19,94.0
700843,上櫃,0.7,0.7,30.0
700844,上櫃,0.0,0.0,0.0
700845,上櫃,0.0,0.0,0.0
700850,上櫃,0.0,0.0,0.0
700857,上櫃,0.0,0.0,0.0
700875,上櫃,0.0,0.0,0.0
700898,上櫃,0.12,0.16,13.0
700899,上櫃,0.76,0.77,368.0
700900,上櫃,0.0,0.0,0.0
700901,上櫃,0.0,0.0,0.0
700902,上櫃,2.9,2.9,1.0
700904,上櫃,3.36,3.42,49.0
700920,上櫃,0.0,0.0,0.0
700929,上櫃,0.0,0.0,0.0
700938,上櫃,3.15,3.15,5.0
700955,上櫃,0.0,0.0,0.0
700983,上櫃,0.0,0.0,0.0
701010,上櫃,0.0,0.0,0.0
701037,上櫃,0.0,0.0,0.0
701064,上櫃,0.0,0.0,0.0
701095,上櫃,0.0,0.0,0.0
701097,上櫃,2.17,2.18,16.0
701130,上櫃,0.0,0.0,0.0
701131,上櫃,0.03,0.03,4.0
701153,上櫃,0.0,0.0,0.0
701200,上櫃,0.34,0.5,70.0
701211,上櫃,0.0,0.0,0.0
701227,上櫃,0.29,0.41,400.0
701253,上櫃,0.0,0.0,0.0
701273,上櫃,0.13,0.13,1.0
701279,上櫃,0.8,0.77,517.0
701287,上櫃,0.0,0.0,0.0
701288,上櫃,0.0,0.0,0.0
701294,上櫃,0.0,0.0,0.0
701311,上櫃,0.76,0.8,15.0
701374,上櫃,7.15,7.2,141.0
701379,上櫃,0.0,0.0,0.0
701381,上櫃,0.0,0.0,0.0
701388,上櫃,0.0,0.0,0.0
701400,上櫃,0.0,0.0,0.0
701403,上櫃,0.0,0.0,0.0
701422,上櫃,0.0,0.0,0.0
701430,上櫃,0.0,0.0,0.0
701431,上櫃,0.0,0.0,0.0
701432,上櫃,0.0,0.0,0.0
701434,上櫃,0.84,0.88,255.0
701437,上櫃,0.0,0.0,0.0
701438,上櫃,2.11,2.1,2.0
701440,上櫃,5.2,5.2,1.0
701441,上櫃,0.0,0.0,0.0
701442,上櫃,0.57,0.57,1307.0
701460,上櫃,0.0,0.0,0.0
701471,上櫃,0.0,0.0,0.0
701472,上櫃,0.0,0.0,0.0
701473,上櫃,0.0,0.0,0.0
701474,上櫃,5.2,5.2,1.0
701479,上櫃,4.29,4.29,287.0
701484,上櫃,0.0,0.0,0.0
701500,上櫃,0.0,0.0,0.0
701511,上櫃,0.0,0.0,0.0
701524,上櫃,0.47,0.47,100.0
701571,上櫃,0.84,0.84,190.0
701592,上櫃,1.0,1.1,252.0
701593,上櫃,0.9,1.0,358.0
701594,上櫃,0.0,0.0,0.0
701614,上櫃,0.0,0.0,0.0
701615,上櫃,0.0,0.0,0.0
701623,上櫃,0.01,0.03,3268.0
701624,上櫃,0.0,0.0,0.0
701625,上櫃,0.86,0.86,20.0
701626,上櫃,3.4,3.4,2.0
701650,上櫃,0.0,0.0,0.0
701658,上櫃,5.5,5.5,5.0
701667,上櫃,0.81,0.92,67.0
701680,上櫃,0.0,0.0,0.0
701692,上櫃,0.0,0.0,0.0
701693,上櫃,0.0,0.0,0.0
701694,上櫃,0.0,0.0,0.0
701695,上櫃,0.0,0.0,0.0
701696,上櫃,0.0,0.0,0.0
701697,上櫃,2.65,2.65,1.0
701698,上櫃,0.0,0.0,0.0
701699,上櫃,0.0,0.0,0.0
701720,上櫃,0.0,0.0,0.0
701762,上櫃,0.0,0.0,0.0
701788,上櫃,0.0,0.0,0.0
701804,上櫃,0.99,1.13,97.0
701805,上櫃,0.0,0.0,0.0
701806,上櫃,0.36,0.36,131.0
701807,上櫃,0.31,0.31,1.0
701808,上櫃,0.37,0.39,150.0
701822,上櫃,0.0,0.0,0.0
701828,上櫃,0.0,0.0,0.0
701853,上櫃,1.49,1.45,24.0
701854,上櫃,0.0,0.0,0.0
701855,上櫃,0.0,0.0,0.0
701908,上櫃,0.0,0.0,0.0
701919,上櫃,0.0,0.0,0.0
701971,上櫃,0.0,0.0,0.0
702018,上櫃,0.0,0.0,0.0
702028,上櫃,0.0,0.0,0.0
702047,上櫃,0.0,0.0,0.0
702060,上櫃,0.0,0.0,0.0
702125,上櫃,0.0,0.0,0.0
702133,上櫃,0.0,0.0,0.0
702161,上櫃,0.0,0.0,0.0
702170,上櫃,0.0,0.0,0.0
702194,上櫃,0.0,0.0,0.0
702216,上櫃,0.0,0.0,0.0
702222,上櫃,0.1,0.11,17.0
702223,上櫃,0.0,0.0,0.0
702228,上櫃,5.8,5.8,2.0
702252,上櫃,0.0,0.0,0.0
702281,上櫃,2.01,2.01,2.0
702283,上櫃,0.0,0.0,0.0
702284,上櫃,0.0,0.0,0.0
702287,上櫃,0.0,0.0,0.0
702300,上櫃,0.9,0.9,24.0
702304,上櫃,0.0,0.0,0.0
702311,上櫃,0.0,0.0,0.0
702312,上櫃,0.0,0.0,0.0
702331,上櫃,0.0,0.0,0.0
702352,上櫃,0.0,0.0,0.0
702363,上櫃,0.0,0.0,0.0
702364,上櫃,0.0,0.0,0.0
702373,上櫃,0.0,0.0,0.0
702375,上櫃,0.0,0.0,0.0
702386,上櫃,0.1,0.1,1.0
702413,上櫃,0.0,0.0,0.0
702415,上櫃,10.3,10.3,2.0
702441,上櫃,0.0,0.0,0.0
702451,上櫃,0.0,0.0,0.0
702459,上櫃,0.0,0.0,0.0
702467,上櫃,0.0,0.0,0.0
702490,上櫃,0.0,0.0,0.0
702526,上櫃,0.0,0.0,0.0
702553,上櫃,0.0,0.0,0.0
702560,上櫃,4.61,4.85,40.0
702576,上櫃,0.0,0.0,0.0
702578,上櫃,0.0,0.0,0.0
702592,上櫃,3.88,3.35,41.0
702593,上櫃,3.0,3.25,137.0
702605,上櫃,0.0,0.0,0.0
702611,上櫃,0.05,0.12,5.0
702627,上櫃,1.73,1.6,7.0
702639,上櫃,0.0,0.0,0.0
702641,上櫃,0.89,0.9,5.0
702642,上櫃,0.0,0.0,0.0
702667,上櫃,0.0,0.0,0.0
702695,上櫃,18.2,18.2,1.0
702712,上櫃,0.0,0.0,0.0
702719,上櫃,0.0,0.0,0.0
702752,上櫃,0.26,0.26,4.0
702753,上櫃,1.24,1.24,1.0
702775,上櫃,0.0,0.0,0.0
702776,上櫃,0.5,0.51,30.0
702786,上櫃,3.43,3.43,5.0
702808,上櫃,0.0,0.0,0.0
702811,上櫃,0.24,0.24,20.0
702828,上櫃,0.0,0.0,0.0
702829,上櫃,0.92,0.92,76.0
702830,上櫃,0.0,0.0,0.0
702831,上櫃,0.0,0.0,0.0
702833,上櫃,0.11,0.11,10.0
702878,上櫃,9.7,10.1,4.0
702884,上櫃,0.0,0.0,0.0
702885,上櫃,0.0,0.0,0.0
702886,上櫃,0.12,0.12,70.0
702919,上櫃,0.0,0.0,0.0
702951,上櫃,0.6,0.6,30.0
702953,上櫃,0.0,0.0,0.0
702966,上櫃,0.0,0.0,0.0
702968,上櫃,0.0,0.0,0.0
702969,上櫃,0.0,0.0,0.0
702980,上櫃,0.0,0.0,0.0
702987,上櫃,0.0,0.0,0.0
702990,上櫃,0.0,0.0,0.0
702993,上櫃,6.6,6.6,3.0
703002,上櫃,0.47,0.47,72.0
703004,上櫃,0.0,0.0,0.0
703011,上櫃,0.0,0.0,0.0
703030,上櫃,0.34,0.34,10.0
703036,上櫃,0.0,0.0,0.0
703043,上櫃,0.0,0.0,0.0
703045,上櫃,1.96,2.04,149.0
703048,上櫃,0.0,0.0,0.0
703049,上櫃,2.12,2.15,15.0
703051,上櫃,0.0,0.0,0.0
703062,上櫃,0.0,0.0,0.0
703075,上櫃,0.0,0.0,0.0
703093,上櫃,0.0,0.0,0.0
703102,上櫃,0.0,0.0,0.0
703112,上櫃,2.96,2.96,1.0
703113,上櫃,0.0,0.0,0.0
703117,上櫃,0.0,0.0,0.0
703125,上櫃,0.0,0.0,0.0
703132,上櫃,1.01,1.14,528.0
703135,上櫃,0.0,0.0,0.0
703136,上櫃,0.98,0.97,4.0
703137,上櫃,0.0,0.0,0.0
703144,上櫃,0.0,0.0,0.0
703145,上櫃,3.8,3.8,5.0
703149,上櫃,0.0,0.0,0.0
703153,上櫃,0.0,0.0,0.0
703171,上櫃,0.0,0.0,0.0
703178,上櫃,0.0,0.0,0.0
703181,上櫃,0.0,0.0,0.0
703210,上櫃,0.0,0.0,0.0
703217,上櫃,0.0,0.0,0.0
703224,上櫃,0.0,0.0,0.0
703229,上櫃,0.0,0.0,0.0
703260,上櫃,0.0,0.0,0.0
703266,上櫃,0.0,0.0,0.0
703271,上櫃,0.13,0.13,10.0
703295,上櫃,10.1,10.1,2.0
703296,上櫃,2.25,2.1,301.0
703308,上櫃,0.0,0.0,0.0
703315,上櫃,0.0,0.0,0.0
703320,上櫃,0.0,0.0,0.0
703324,上櫃,0.0,0.0,0.0
703330,上櫃,0.0,0.0,0.0
703339,上櫃,0.0,0.0,0.0
703340,上櫃,0.0,0.0,0.0
703341,上櫃,0.0,0.0,0.0
703353,上櫃,0.75,0.65,24.0
703354,上櫃,1.11,1.11,2.0
703355,上櫃,0.0,0.0,0.0
703371,上櫃,1.07,1.0,145.0
703372,上櫃,2.62,2.54,123.0
703380,上櫃,0.59,0.59,1.0
703386,上櫃,0.36,0.38,11.0
703389,上櫃,0.52,0.55,736.0
703390,上櫃,0.0,0.0,0.0
703395,上櫃,11.0,11.0,4.0
703396,上櫃,9.05,9.05,1014.0
703399,上櫃,0.0,0.0,0.0
703400,上櫃,0.0,0.0,0.0
703401,上櫃,0.55,0.5,38.0
703407,上櫃,0.17,0.15,6.0
703418,上櫃,0.0,0.0,0.0
703419,上櫃,0.0,0.0,0.0
703420,上櫃,0.99,0.99,8.0
703443,上櫃,1.36,1.68,704.0
703459,上櫃,0.0,0.0,0.0
703463,上櫃,0.1,0.1,206.0
703464,上櫃,0.0,0.0,0.0
703465,上櫃,0.28,0.28,20.0
703466,上櫃,0.0,0.0,0.0
703467,上櫃,0.0,0.0,0.0
703468,上櫃,0.0,0.0,0.0
703469,上櫃,4.0,4.03,71.0
703470,上櫃,2.9,3.01,8.0
703471,上櫃,2.92,2.92,20.0
703472,上櫃,1.5,1.72,45.0
703473,上櫃,1.6,1.75,19.0
703474,上櫃,0.0,0.0,0.0
703475,上櫃,0.0,0.0,0.0
703476,上櫃,0.0,0.0,0.0
703477,上櫃,0.76,0.8,27.0
703478,上櫃,0.45,0.45,66.0
703479,上櫃,0.0,0.0,0.0
703480,上櫃,0.0,0.0,0.0
703481,上櫃,5.0,5.0,14.0
703482,上櫃,0.0,0.0,0.0
703483,上櫃,2.79,2.98,37.0
703515,上櫃,0.0,0.0,0.0
703520,上櫃,0.0,0.0,0.0
703528,上櫃,0.0,0.0,0.0
703535,上櫃,4.5,4.65,5.0
703581,上櫃,1.46,1.47,144.0
703589,上櫃,0.0,0.0,0.0
703604,上櫃,4.6,4.74,60.0
703616,上櫃,0.0,0.0,0.0
703617,上櫃,0.0,0.0,0.0
703618,上櫃,1.13,1.17,11.0
703619,上櫃,0.82,0.82,338.0
703620,上櫃,0.0,0.0,0.0
703632,上櫃,12.6,12.8,6.0
703639,上櫃,0.0,0.0,0.0
703643,上櫃,0.0,0.0,0.0
703648,上櫃,0.0,0.0,0.0
703651,上櫃,0.0,0.0,0.0
703652,上櫃,0.37,0.37,350.0
703654,上櫃,0.0,0.0,0.0
703660,上櫃,0.77,0.84,385.0
703661,上櫃,9.0,9.0,2.0
703665,上櫃,1.34,1.34,10.0
703682,上櫃,0.0,0.0,0.0
703684,上櫃,0.0,0.0,0.0
703713,上櫃,0.0,0.0,0.0
703725,上櫃,0.0,0.0,0.0
703728,上櫃,0.0,0.0,0.0
703729,上櫃,0.0,0.0,0.0
703740,上櫃,9.1,9.1,3.0
703745,上櫃,0.0,0.0,0.0
703771,上櫃,0.0,0.0,0.0
703773,上櫃,0.0,0.0,0.0
703785,上櫃,2.93,2.87,36.0
703813,上櫃,0.0,0.0,0.0
703823,上櫃,0.0,0.0,0.0
703829,上櫃,0.0,0.0,0.0
703837,上櫃,0.0,0.0,0.0
703838,上櫃,0.0,0.0,0.0
703839,上櫃,1.58,1.62,14.0
703842,上櫃,5.2,4.87,33.0
703860,上櫃,0.94,0.96,117.0
703861,上櫃,0.89,0.91,152.0
703862,上櫃,0.5,0.5,28.0
703863,上櫃,0.0,0.0,0.0
703864,上櫃,0.0,0.0,0.0
703865,上櫃,1.77,1.94,91.0
703866,上櫃,0.43,0.44,54.0
703867,上櫃,0.0,0.0,0.0
703868,上櫃,0.0,0.0,0.0
703869,上櫃,0.28,0.28,68.0
703870,上櫃,0.0,0.0,0.0
703871,上櫃,0.0,0.0,0.0
703872,上櫃,0.0,0.0,0.0
703873,上櫃,1.16,1.16,561.0
703874,上櫃,0.0,0.0,0.0
703875,上櫃,0.0,0.0,0.0
703876,上櫃,0.0,0.0,0.0
703877,上櫃,0.0,0.0,0.0
703878,上櫃,2.56,2.51,30.0
703879,上櫃,0.0,0.0,0.0
703880,上櫃,3.64,3.64,4.0
703881,上櫃,3.05,3.05,4.0
703882,上櫃,2.37,2.38,28.0
703886,上櫃,0.0,0.0,0.0
703887,上櫃,0.0,0.0,0.0
703895,上櫃,0.0,0.0,0.0
703902,上櫃,0.0,0.0,0.0
703906,上櫃,0.0,0.0,0.0
703914,上櫃,1.07,1.35,168.0
703917,上櫃,0.0,0.0,0.0
703923,上櫃,0.0,0.0,0.0
703942,上櫃,1.44,1.76,200.0
703950,上櫃,0.0,0.0,0.0
703954,上櫃,1.43,1.29,139.0
703960,上櫃,4.0,4.0,1.0
703961,上櫃,0.0,0.0,0.0
703962,上櫃,1.31,1.31,1.0
703963,上櫃,4.2,4.2,2.0
703964,上櫃,0.28,0.28,1.0
703965,上櫃,1.26,1.26,1.0
703966,上櫃,1.3,1.3,12.0
703967,上櫃,0.95,0.95,100.0
703968,上櫃,0.88,0.89,72.0
703969,上櫃,1.02,0.99,311.0
703970,上櫃,1.24,1.23,204.0
703971,上櫃,0.0,0.0,0.0
703972,上櫃,7.05,7.05,1.0
703973,上櫃,0.0,0.0,0.0
703974,上櫃,1.01,1.03,13.0
703975,上櫃,0.41,0.41,10.0
703976,上櫃,0.0,0.0,0.0
703977,上櫃,0.0,0.0,0.0
703978,上櫃,0.0,0.0,0.0
703979,上櫃,0.7,0.7,15.0
703980,上櫃,0.51,0.51,6.0
703981,上櫃,0.0,0.0,0.0
703982,上櫃,0.0,0.0,0.0
703983,上櫃,0.0,0.0,0.0
703984,上櫃,0.01,0.01,10.0
703985,上櫃,0.0,0.0,0.0
703989,上櫃,0.0,0.0,0.0
703991,上櫃,0.69,0.69,71.0
704009,上櫃,0.0,0.0,0.0
704010,上櫃,0.0,0.0,0.0
704011,上櫃,0.1,0.1,10.0
704012,上櫃,0.34,0.35,210.0
704013,上櫃,0.0,0.0,0.0
704014,上櫃,0.0,0.0,0.0
704015,上櫃,3.2,3.2,3.0
704016,上櫃,0.0,0.0,0.0
704017,上櫃,0.76,0.76,20.0
704018,上櫃,2.2,2.2,1.0
704019,上櫃,1.05,1.07,34.0
704020,上櫃,0.0,0.0,0.0
704021,上櫃,0.13,0.13,90.0
704022,上櫃,1.51,1.51,5.0
704023,上櫃,0.0,0.0,0.0
704024,上櫃,0.0,0.0,0.0
704025,上櫃,0.0,0.0,0.0
704026,上櫃,3.51,3.51,1.0
704027,上櫃,2.88,3.15,3.0
704028,上櫃,2.52,2.59,28.0
704029,上櫃,2.6,2.6,10.0
704030,上櫃,0.0,0.0,0.0
704038,上櫃,0.0,0.0,0.0
704041,上櫃,0.69,0.76,579.0
704046,上櫃,0.49,0.49,77.0
704051,上櫃,8.8,8.8,1.0
704053,上櫃,0.0,0.0,0.0
704058,上櫃,0.0,0.0,0.0
704080,上櫃,0.0,0.0,0.0
704082,上櫃,0.0,0.0,0.0
704084,上櫃,4.04,4.04,1.0
704085,上櫃,0.0,0.0,0.0
704086,上櫃,0.85,0.85,1.0
704087,上櫃,1.05,1.22,686.0
704088,上櫃,1.21,1.28,31.0
704089,上櫃,0.95,0.94,28.0
704090,上櫃,1.15,1.15,9.0
704091,上櫃,0.63,0.63,248.0
704092,上櫃,0.0,0.0,0.0
704093,上櫃,0.25,0.26,32.0
704094,上櫃,0.0,0.0,0.0
704095,上櫃,0.35,0.35,103.0
704096,上櫃,1.07,1.08,13.0
704097,上櫃,0.0,0.0,0.0
704099,上櫃,6.0,6.05,14.0
704100,上櫃,3.43,3.43,5.0
704101,上櫃,0.43,0.43,2.0
704102,上櫃,0.0,0.0,0.0
704103,上櫃,0.0,0.0,0.0
704104,上櫃,0.0,0.0,0.0
704105,上櫃,0.0,0.0,0.0
704106,上櫃,0.0,0.0,0.0
704107,上櫃,0.0,0.0,0.0
704108,上櫃,0.0,0.0,0.0
704109,上櫃,2.81,2.81,1.0
704110,上櫃,0.0,0.0,0.0
704115,上櫃,0.23,0.23,63.0
704127,上櫃,0.0,0.0,0.0
704134,上櫃,0.0,0.0,0.0
704135,上櫃,0.0,0.0,0.0
704141,上櫃,0.0,0.0,0.0
704146,上櫃,0.0,0.0,0.0
704151,上櫃,0.0,0.0,0.0
704170,上櫃,0.0,0.0,0.0
704176,上櫃,0.0,0.0,0.0
704180,上櫃,0.0,0.0,0.0
704189,上櫃,0.0,0.0,0.0
704191,上櫃,1.65,1.65,30.0
704202,上櫃,0.0,0.0,0.0
704203,上櫃,1.04,1.07,296.0
704204,上櫃,0.21,0.21,12.0
704205,上櫃,0.97,1.0,1992.0
704206,上櫃,0.76,0.77,1778.0
704207,上櫃,3.1,3.16,33.0
704208,上櫃,0.0,0.0,0.0
704209,上櫃,2.75,2.75,1.0
704210,上櫃,0.0,0.0,0.0
704211,上櫃,0.0,0.0,0.0
704212,上櫃,2.89,2.89,1.0
704213,上櫃,0.0,0.0,0.0
704214,上櫃,0.0,0.0,0.0
704215,上櫃,0.36,0.36,4.0
704216,上櫃,0.0,0.0,0.0
704217,上櫃,8.25,8.25,3.0
704218,上櫃,3.54,3.35,9.0
704219,上櫃,0.63,0.63,15.0
704220,上櫃,0.77,0.77,511.0
704221,上櫃,0.23,0.23,121.0
704222,上櫃,0.45,0.46,77.0
704223,上櫃,0.0,0.0,0.0
704224,上櫃,0.0,0.0,0.0
704225,上櫃,0.0,0.0,0.0
704237,上櫃,0.79,0.8,110.0
704244,上櫃,1.03,1.03,1.0
704256,上櫃,1.2,1.06,136.0
704257,上櫃,1.22,1.17,604.0
704258,上櫃,1.93,1.85,718.0
704259,上櫃,0.0,0.0,0.0
704260,上櫃,1.13,1.38,101.0
704262,上櫃,0.0,0.0,0.0
704275,上櫃,0.0,0.0,0.0
704277,上櫃,0.0,0.0,0.0
704280,上櫃,0.66,0.66,70.0
704281,上櫃,0.42,0.48,388.0
704282,上櫃,2.14,2.14,1.0
704283,上櫃,2.38,2.38,1.0
704284,上櫃,0.0,0.0,0.0
704285,上櫃,0.28,0.28,100.0
704286,上櫃,0.29,0.29,19.0
704287,上櫃,0.39,0.42,314.0
704288,上櫃,0.78,0.74,3.0
704289,上櫃,0.0,0.0,0.0
704290,上櫃,0.51,0.51,68.0
704291,上櫃,0.82,0.82,1.0
704292,上櫃,0.65,0.65,1.0
704293,上櫃,0.67,0.67,1.0
704294,上櫃,0.69,0.7,23.0
704295,上櫃,0.6,0.59,230.0
704296,上櫃,0.0,0.0,0.0
704297,上櫃,0.0,0.0,0.0
704298,上櫃,0.5,0.57,995.0
704315,上櫃,0.0,0.0,0.0
704320,上櫃,0.08,0.08,23.0
704321,上櫃,1.09,1.13,54.0
704322,上櫃,2.34,2.69,121.0
704325,上櫃,0.91,1.29,7.0
704343,上櫃,0.0,0.0,0.0
704347,上櫃,0.0,0.0,0.0
704348,上櫃,0.0,0.0,0.0
704349,上櫃,0.0,0.0,0.0
704350,上櫃,0.0,0.0,0.0
704351,上櫃,0.54,0.7,133.0
704352,上櫃,0.75,0.75,2.0
704353,上櫃,1.27,1.51,757.0
704358,上櫃,2.67,3.37,21.0
704361,上櫃,0.0,0.0,0.0
704365,上櫃,0.76,0.85,190.0
704368,上櫃,0.0,0.0,0.0
704370,上櫃,0.8,0.76,250.0
704373,上櫃,0.39,0.52,105.0
704374,上櫃,0.47,0.69,172.0
704377,上櫃,0.83,0.83,20.0
704379,上櫃,0.0,0.0,0.0
704380,上櫃,0.0,0.0,0.0
704381,上櫃,0.0,0.0,0.0
704382,上櫃,1.75,1.75,18.0
704388,上櫃,0.0,0.0,0.0
704391,上櫃,0.0,0.0,0.0
704394,上櫃,0.1,0.1,2.0
704396,上櫃,0.0,0.0,0.0
704400,上櫃,0.0,0.0,0.0
704401,上櫃,10.2,10.2,6.0
704403,上櫃,0.0,0.0,0.0
704404,上櫃,0.75,0.74,83.0
704405,上櫃,0.0,0.0,0.0
704406,上櫃,3.0,3.0,1.0
704409,上櫃,0.38,0.51,52.0
704416,上櫃,0.0,0.0,0.0
704418,上櫃,0.02,0.02,95.0
704419,上櫃,0.0,0.0,0.0
704421,上櫃,0.0,0.0,0.0
704424,上櫃,0.0,0.0,0.0
704426,上櫃,0.0,0.0,0.0
704427,上櫃,0.0,0.0,0.0
704430,上櫃,0.0,0.0,0.0
704448,上櫃,0.0,0.0,0.0
704450,上櫃,0.0,0.0,0.0
704453,上櫃,0.0,0.0,0.0
704481,上櫃,4.55,4.55,1.0
704482,上櫃,0.0,0.0,0.0
704491,上櫃,0.0,0.0,0.0
704492,上櫃,0.42,0.39,517.0
704494,上櫃,0.0,0.0,0.0
704495,上櫃,8.35,8.35,1.0
704496,上櫃,0.0,0.0,0.0
704502,上櫃,0.0,0.0,0.0
704506,上櫃,0.0,0.0,0.0
704507,上櫃,2.26,2.21,233.0
704511,上櫃,0.0,0.0,0.0
704526,上櫃,0.0,0.0,0.0
704529,上櫃,0.0,0.0,0.0
704532,上櫃,0.0,0.0,0.0
704533,上櫃,1.41,1.41,6.0
704534,上櫃,0.0,0.0,0.0
704535,上櫃,0.0,0.0,0.0
704536,上櫃,0.0,0.0,0.0
704537,上櫃,0.0,0.0,0.0
704538,上櫃,4.27,4.57,85.0
704539,上櫃,0.0,0.0,0.0
704540,上櫃,0.0,0.0,0.0
704541,上櫃,0.0,0.0,0.0
704542,上櫃,2.46,2.44,20.0
704543,上櫃,0.0,0.0,0.0
704544,上櫃,0.0,0.0,0.0
704545,上櫃,2.76,2.76,2.0
704546,上櫃,0.73,0.75,156.0
704547,上櫃,0.13,0.13,30.0
704548,上櫃,0.01,0.01,10.0
704549,上櫃,0.23,0.26,756.0
704550,上櫃,0.43,0.42,40.0
704551,上櫃,0.0,0.0,0.0
704552,上櫃,0.87,0.87,30.0
704553,上櫃,5.2,5.2,2.0
704556,上櫃,0.0,0.0,0.0
704560,上櫃,0.0,0.0,0.0
704566,上櫃,0.0,0.0,0.0
704567,上櫃,2.58,2.48,7.0
704572,上櫃,0.0,0.0,0.0
704578,上櫃,0.0,0.0,0.0
704579,上櫃,0.0,0.0,0.0
704584,上櫃,0.0,0.0,0.0
704590,上櫃,0.5,0.46,81.0
704591,上櫃,0.74,0.74,2.0
704592,上櫃,0.0,0.0,0.0
704605,上櫃,0.0,0.0,0.0
704607,上櫃,0.0,0.0,0.0
704609,上櫃,6.55,6.55,10.0
704618,上櫃,2.37,2.42,256.0
704619,上櫃,0.0,0.0,0.0
704620,上櫃,0.0,0.0,0.0
704628,上櫃,0.0,0.0,0.0
704629,上櫃,0.0,0.0,0.0
704636,上櫃,0.0,0.0,0.0
704637,上櫃,0.0,0.0,0.0
704638,上櫃,0.0,0.0,0.0
704649,上櫃,0.0,0.0,0.0
704650,上櫃,2.37,2.69,55.0
704653,上櫃,0.0,0.0,0.0
704665,上櫃,0.4,0.38,31.0
704668,上櫃,0.0,0.0,0.0
704678,上櫃,0.0,0.0,0.0
704679,上櫃,0.0,0.0,0.0
704683,上櫃,0.0,0.0,0.0
704685,上櫃,6.8,6.8,1.0
704686,上櫃,0.14,0.14,10.0
704687,上櫃,0.0,0.0,0.0
704702,上櫃,0.26,0.26,30.0
704707,上櫃,0.0,0.0,0.0
704712,上櫃,0.0,0.0,0.0
704715,上櫃,0.0,0.0,0.0
704719,上櫃,0.0,0.0,0.0
704721,上櫃,0.0,0.0,0.0
704725,上櫃,1.94,1.94,21.0
704728,上櫃,0.0,0.0,0.0
704730,上櫃,0.0,0.0,0.0
704731,上櫃,0.0,0.0,0.0
704733,上櫃,0.0,0.0,0.0
704736,上櫃,0.0,0.0,0.0
704745,上櫃,0.0,0.0,0.0
704750,上櫃,0.0,0.0,0.0
704751,上櫃,0.0,0.0,0.0
704760,上櫃,0.0,0.0,0.0
704766,上櫃,0.0,0.0,0.0
704767,上櫃,0.0,0.0,0.0
704771,上櫃,0.0,0.0,0.0
704773,上櫃,0.0,0.0,0.0
704775,上櫃,0.0,0.0,0.0
704778,上櫃,0.0,0.0,0.0
704781,上櫃,0.09,0.09,245.0
704786,上櫃,0.0,0.0,0.0
704789,上櫃,0.0,0.0,0.0
704793,上櫃,0.0,0.0,0.0
704794,上櫃,0.62,0.62,10.0
704807,上櫃,0.0,0.0,0.0
704831,上櫃,0.0,0.0,0.0
704839,上櫃,0.11,0.09,21.0
704841,上櫃,0.0,0.0,0.0
704842,上櫃,0.36,0.45,1347.0
704843,上櫃,0.0,0.0,0.0
704844,上櫃,0.0,0.0,0.0
704845,上櫃,0.0,0.0,0.0
704846,上櫃,0.0,0.0,0.0
704847,上櫃,0.0,0.0,0.0
704848,上櫃,0.0,0.0,0.0
704849,上櫃,0.0,0.0,0.0
704850,上櫃,0.0,0.0,0.0
704852,上櫃,0.0,0.0,0.0
704858,上櫃,0.0,0.0,0.0
704880,上櫃,0.0,0.0,0.0
704881,上櫃,1.19,1.29,22.0
704893,上櫃,14.1,14.1,1.0
704895,上櫃,0.63,0.61,890.0
704896,上櫃,0.63,0.69,766.0
704897,上櫃,4.1,4.14,26.0
704898,上櫃,0.0,0.0,0.0
704899,上櫃,0.92,0.92,10.0
704900,上櫃,0.5,0.51,45.0
704901,上櫃,0.0,0.0,0.0
704902,上櫃,0.0,0.0,0.0
704903,上櫃,0.0,0.0,0.0
704904,上櫃,0.0,0.0,0.0
704905,上櫃,2.54,2.53,5.0
704906,上櫃,0.0,0.0,0.0
704907,上櫃,0.48,0.48,100.0
704911,上櫃,0.0,0.0,0.0
704915,上櫃,0.0,0.0,0.0
704925,上櫃,0.0,0.0,0.0
704929,上櫃,2.39,2.39,1.0
704937,上櫃,0.17,0.17,170.0
704941,上櫃,0.0,0.0,0.0
704944,上櫃,0.0,0.0,0.0
704945,上櫃,0.0,0.0,0.0
704946,上櫃,0.0,0.0,0.0
704947,上櫃,0.71,0.66,10.0
704948,上櫃,1.41,1.5,307.0
704949,上櫃,0.0,0.0,0.0
704950,上櫃,0.01,0.01,20.0
704951,上櫃,0.0,0.0,0.0
704952,上櫃,0.0,0.0,0.0
704953,上櫃,0.0,0.0,0.0
704954,上櫃,1.79,1.93,341.0
704957,上櫃,0.0,0.0,0.0
704958,上櫃,8.6,8.6,1.0
704963,上櫃,0.0,0.0,0.0
704966,上櫃,0.0,0.0,0.0
704968,上櫃,0.0,0.0,0.0
704983,上櫃,1.71,1.71,10.0
704984,上櫃,2.94,2.65,461.0
704997,上櫃,1.49,1.51,487.0
704998,上櫃,0.97,1.17,15.0
705002,上櫃,0.91,0.86,1240.0
705003,上櫃,0.86,0.86,739.0
705004,上櫃,0.0,0.0,0.0
705005,上櫃,0.0,0.0,0.0
705006,上櫃,0.0,0.0,0.0
705007,上櫃,0.43,0.46,315.0
705008,上櫃,0.2,0.2,10.0
705009,上櫃,2.5,2.5,2.0
705010,上櫃,2.23,2.28,11.0
705011,上櫃,0.0,0.0,0.0
705012,上櫃,0.0,0.0,0.0
705013,上櫃,0.0,0.0,0.0
705014,上櫃,0.01,0.01,53.0
705023,上櫃,2.58,2.7,11.0
705027,上櫃,0.0,0.0,0.0
705028,上櫃,0.0,0.0,0.0
705029,上櫃,0.0,0.0,0.0
705031,上櫃,0.0,0.0,0.0
705034,上櫃,0.0,0.0,0.0
705038,上櫃,0.0,0.0,0.0
705063,上櫃,2.48,2.65,3.0
705072,上櫃,0.0,0.0,0.0
705081,上櫃,0.0,0.0,0.0
705083,上櫃,0.0,0.0,0.0
705084,上櫃,0.66,1.08,157.0
705087,上櫃,0.0,0.0,0.0
705089,上櫃,0.0,0.0,0.0
705090,上櫃,0.01,0.02,134.0
705091,上櫃,0.38,0.38,29.0
705092,上櫃,0.4,0.4,26.0
705093,上櫃,0.0,0.0,0.0
705094,上櫃,0.34,0.35,108.0
705095,上櫃,0.0,0.0,0.0
705096,上櫃,0.16,0.28,467.0
705097,上櫃,0.0,0.0,0.0
705098,上櫃,1.17,1.32,2.0
705099,上櫃,0.83,0.86,4592.0
705100,上櫃,0.3,0.3,5.0
705101,上櫃,0.0,0.0,0.0
705103,上櫃,0.0,0.0,0.0
705108,上櫃,0.0,0.0,0.0
705109,上櫃,0.0,0.0,0.0
705110,上櫃,0.0,0.0,0.0
705111,上櫃,0.0,0.0,0.0
705112,上櫃,0.0,0.0,0.0
705114,上櫃,0.0,0.0,0.0
705117,上櫃,0.0,0.0,0.0
705126,上櫃,0.0,0.0,0.0
705127,上櫃,0.0,0.0,0.0
705128,上櫃,1.35,1.4,419.0
705129,上櫃,0.62,0.62,67.0
705130,上櫃,1.15,1.21,72.0
705131,上櫃,0.0,0.0,0.0
705132,上櫃,0.39,0.39,49.0
705133,上櫃,0.0,0.0,0.0
705134,上櫃,0.0,0.0,0.0
705135,上櫃,2.17,2.17,5.0
705136,上櫃,0.85,0.86,52.0
705137,上櫃,0.0,0.0,0.0
705138,上櫃,2.03,2.14,67.0
705142,上櫃,0.0,0.0,0.0
705143,上櫃,0.0,0.0,0.0
705161,上櫃,0.0,0.0,0.0
705169,上櫃,0.0,0.0,0.0
705171,上櫃,0.0,0.0,0.0
705173,上櫃,4.1,4.1,16.0
705175,上櫃,0.0,0.0,0.0
705179,上櫃,1.8,1.92,17.0
705181,上櫃,0.0,0.0,0.0
705182,上櫃,0.0,0.0,0.0
705183,上櫃,0.0,0.0,0.0
705185,上櫃,2.23,2.23,30.0
705186,上櫃,0.0,0.0,0.0
705188,上櫃,0.2,0.18,12.0
705190,上櫃,1.24,1.23,23.0
705191,上櫃,0.0,0.0,0.0
705192,上櫃,0.0,0.0,0.0
705193,上櫃,1.29,1.3,163.0
705194,上櫃,0.0,0.0,0.0
705195,上櫃,1.02,1.0,310.0
705196,上櫃,1.18,1.17,187.0
705197,上櫃,0.0,0.0,0.0
705199,上櫃,0.0,0.0,0.0
705201,上櫃,0.0,0.0,0.0
705203,上櫃,0.0,0.0,0.0
705205,上櫃,0.0,0.0,0.0
705212,上櫃,0.0,0.0,0.0
705213,上櫃,0.0,0.0,0.0
705214,上櫃,0.0,0.0,0.0
705215,上櫃,1.0,0.97,158.0
705216,上櫃,1.67,1.67,8.0
705221,上櫃,0.0,0.0,0.0
705222,上櫃,2.62,2.62,1.0
705223,上櫃,1.34,1.36,184.0
705224,上櫃,0.0,0.0,0.0
705225,上櫃,0.0,0.0,0.0
705235,上櫃,2.78,4.77,136.0
705236,上櫃,0.0,0.0,0.0
705238,上櫃,2.88,2.88,5.0
705241,上櫃,1.16,1.12,10.0
705242,上櫃,0.01,0.01,10.0
705243,上櫃,0.0,0.0,0.0
705246,上櫃,0.0,0.0,0.0
705249,上櫃,0.0,0.0,0.0
705250,上櫃,0.0,0.0,0.0
705251,上櫃,0.0,0.0,0.0
705252,上櫃,0.0,0.0,0.0
705253,上櫃,0.0,0.0,0.0
705254,上櫃,1.08,1.15,164.0
705255,上櫃,1.29,1.24,258.0
705257,上櫃,1.2,1.14,263.0
705258,上櫃,1.16,1.24,434.0
705259,上櫃,0.0,0.0,0.0
705260,上櫃,0.0,0.0,0.0
705261,上櫃,0.22,0.22,62.0
705262,上櫃,0.0,0.0,0.0
705263,上櫃,0.0,0.0,0.0
705264,上櫃,0.0,0.0,0.0
705265,上櫃,1.73,1.7,31.0
705266,上櫃,0.0,0.0,0.0
705267,上櫃,0.79,0.8,38.0
705268,上櫃,0.28,0.84,169.0
705269,上櫃,1.91,1.95,14.0
705272,上櫃,1.1,1.26,15.0
705273,上櫃,5.0,5.0,24.0
705276,上櫃,2.03,2.29,20.0
705279,上櫃,1.93,2.22,25.0
705284,上櫃,1.9,2.05,94.0
705289,上櫃,1.11,1.06,69.0
705291,上櫃,0.69,1.77,86.0
705292,上櫃,0.0,0.0,0.0
705300,上櫃,1.49,1.45,47.0
705302,上櫃,0.0,0.0,0.0
705303,上櫃,0.98,1.07,79.0
705304,上櫃,5.1,5.1,1.0
705305,上櫃,0.0,0.0,0.0
705306,上櫃,0.0,0.0,0.0
705307,上櫃,0.65,0.6,418.0
705308,上櫃,0.0,0.0,0.0
705309,上櫃,0.0,0.0,0.0
705310,上櫃,0.86,0.86,10.0
705311,上櫃,0.52,0.55,36.0
705312,上櫃,0.55,0.56,559.0
705313,上櫃,3.72,3.72,2.0
705314,上櫃,1.95,1.99,4.0
705315,上櫃,0.0,0.0,0.0
705316,上櫃,4.54,4.54,10.0
705318,上櫃,0.0,0.0,0.0
705319,上櫃,0.0,0.0,0.0
705320,上櫃,0.0,0.0,0.0
705321,上櫃,0.02,0.02,30.0
705323,上櫃,0.0,0.0,0.0
705324,上櫃,1.4,1.4,10.0
705325,上櫃,0.0,0.0,0.0
705326,上櫃,0.0,0.0,0.0
705330,上櫃,0.17,0.17,10.0
705331,上櫃,0.0,0.0,0.0
705333,上櫃,0.98,0.91,50.0
705337,上櫃,2.55,2.55,2.0
705340,上櫃,0.0,0.0,0.0
705341,上櫃,0.66,0.66,10.0
705343,上櫃,0.0,0.0,0.0
705346,上櫃,0.6,0.6,1.0
705347,上櫃,0.95,0.92,401.0
705348,上櫃,1.15,1.15,390.0
705349,上櫃,1.46,1.55,31.0
705357,上櫃,7.1,7.0,6.0
705358,上櫃,2.02,2.02,10.0
705360,上櫃,0.0,0.0,0.0
705365,上櫃,1.86,1.94,29.0
705366,上櫃,1.39,1.39,5.0
705370,上櫃,1.41,1.66,140.0
705371,上櫃,0.0,0.0,0.0
705372,上櫃,0.27,0.27,12.0
705373,上櫃,0.0,0.0,0.0
705374,上櫃,0.0,0.0,0.0
705375,上櫃,3.98,3.98,10.0
705376,上櫃,0.0,0.0,0.0
705377,上櫃,0.0,0.0,0.0
705378,上櫃,0.2,0.23,50.0
705379,上櫃,1.43,1.41,140.0
705380,上櫃,0.0,0.0,0.0
705381,上櫃,0.52,0.53,67.0
705382,上櫃,0.0,0.0,0.0
705383,上櫃,0.41,0.41,10.0
705384,上櫃,0.0,0.0,0.0
705385,上櫃,0.0,0.0,0.0
705386,上櫃,0.76,0.77,97.0
705387,上櫃,0.32,0.35,260.0
705388,上櫃,0.0,0.0,0.0
705389,上櫃,0.75,0.69,516.0
705390,上櫃,0.0,0.0,0.0
705391,上櫃,0.0,0.0,0.0
705392,上櫃,4.52,4.52,1.0
705393,上櫃,0.0,0.0,0.0
705394,上櫃,0.0,0.0,0.0
705395,上櫃,0.0,0.0,0.0
705396,上櫃,0.0,0.0,0.0
705397,上櫃,0.77,0.77,20.0
705398,上櫃,0.0,0.0,0.0
705399,上櫃,1.39,1.53,70.0
705400,上櫃,2.16,2.38,17.0
705401,上櫃,1.4,1.6,50.0
705402,上櫃,0.0,0.0,0.0
705403,上櫃,0.0,0.0,0.0
705404,上櫃,0.0,0.0,0.0
705405,上櫃,0.0,0.0,0.0
705406,上櫃,0.0,0.0,0.0
705409,上櫃,0.0,0.0,0.0
705410,上櫃,0.0,0.0,0.0
705411,上櫃,1.06,1.06,10.0
705412,上櫃,0.0,0.0,0.0
705413,上櫃,0.0,0.0,0.0
705415,上櫃,0.0,0.0,0.0
705422,上櫃,0.0,0.0,0.0
705425,上櫃,0.0,0.0,0.0
705426,上櫃,0.0,0.0,0.0
705428,上櫃,0.0,0.0,0.0
705433,上櫃,0.0,0.0,0.0
705437,上櫃,0.0,0.0,0.0
705438,上櫃,4.09,4.09,20.0
705439,上櫃,0.0,0.0,0.0
705442,上櫃,0.0,0.0,0.0
705443,上櫃,0.0,0.0,0.0
705444,上櫃,2.67,2.87,258.0
705445,上櫃,0.0,0.0,0.0
705446,上櫃,7.55,7.55,1.0
705447,上櫃,1.76,1.76,2.0
705448,上櫃,0.0,0.0,0.0
705449,上櫃,0.0,0.0,0.0
705451,上櫃,2.04,2.53,27.0
705452,上櫃,2.04,1.91,21.0
705453,上櫃,0.0,0.0,0.0
705455,上櫃,0.0,0.0,0.0
705457,上櫃,0.0,0.0,0.0
705458,上櫃,0.93,0.93,124.0
705460,上櫃,0.0,0.0,0.0
705461,上櫃,0.0,0.0,0.0
705462,上櫃,0.0,0.0,0.0
705475,上櫃,2.2,2.29,334.0
705476,上櫃,0.0,0.0,0.0
705477,上櫃,0.0,0.0,0.0
705478,上櫃,0.0,0.0,0.0
705479,上櫃,1.14,1.25,319.0
705480,上櫃,0.91,0.95,347.0
705481,上櫃,5.4,5.4,2.0
705482,上櫃,0.0,0.0,0.0
705483,上櫃,0.14,0.14,20.0
705484,上櫃,0.0,0.0,0.0
705485,上櫃,0.0,0.0,0.0
705486,上櫃,1.62,1.6,137.0
705487,上櫃,1.3,1.35,145.0
705488,上櫃,1.74,1.74,5.0
705489,上櫃,1.63,1.73,535.0
705491,上櫃,0.0,0.0,0.0
705492,上櫃,3.21,3.26,21.0
705494,上櫃,0.0,0.0,0.0
705496,上櫃,0.0,0.0,0.0
705497,上櫃,0.0,0.0,0.0
705500,上櫃,0.0,0.0,0.0
705502,上櫃,0.0,0.0,0.0
705503,上櫃,0.0,0.0,0.0
705504,上櫃,2.65,2.65,41.0
705505,上櫃,1.01,1.4,55.0
705508,上櫃,0.0,0.0,0.0
705509,上櫃,0.0,0.0,0.0
705519,上櫃,3.51,3.51,1.0
705520,上櫃,3.23,3.23,6.0
705521,上櫃,0.0,0.0,0.0
705522,上櫃,0.8,0.85,3.0
705525,上櫃,1.19,1.19,30.0
705527,上櫃,0.0,0.0,0.0
705534,上櫃,0.96,1.2,468.0
705539,上櫃,0.0,0.0,0.0
705544,上櫃,0.0,0.0,0.0
705548,上櫃,0.75,0.75,70.0
705551,上櫃,0.89,1.2,134.0
705552,上櫃,1.13,1.13,40.0
705553,上櫃,1.0,1.18,440.0
705554,上櫃,1.5,1.5,1.0
705555,上櫃,3.29,3.65,42.0
705556,上櫃,0.0,0.0,0.0
705557,上櫃,0.04,0.04,10.0
705558,上櫃,0.0,0.0,0.0
705559,上櫃,0.0,0.0,0.0
705560,上櫃,3.17,3.17,10.0
705562,上櫃,0.0,0.0,0.0
705564,上櫃,0.0,0.0,0.0
705565,上櫃,1.45,1.5,2106.0
705566,上櫃,0.0,0.0,0.0
705567,上櫃,0.0,0.0,0.0
705568,上櫃,0.0,0.0,0.0
705569,上櫃,0.0,0.0,0.0
705570,上櫃,1.14,1.12,285.0
705572,上櫃,0.0,0.0,0.0
705575,上櫃,0.0,0.0,0.0
705577,上櫃,0.0,0.0,0.0
705580,上櫃,0.0,0.0,0.0
705581,上櫃,1.06,1.33,239.0
705583,上櫃,0.0,0.0,0.0
705584,上櫃,0.0,0.0,0.0
705585,上櫃,0.0,0.0,0.0
705587,上櫃,0.0,0.0,0.0
705589,上櫃,0.0,0.0,0.0
705590,上櫃,0.0,0.0,0.0
705599,上櫃,0.87,0.87,10.0
705600,上櫃,0.0,0.0,0.0
705601,上櫃,0.0,0.0,0.0
705602,上櫃,0.0,0.0,0.0
705603,上櫃,0.0,0.0,0.0
705604,上櫃,2.36,2.57,55.0
705605,上櫃,0.0,0.0,0.0
705606,上櫃,0.0,0.0,0.0
705608,上櫃,0.0,0.0,0.0
705610,上櫃,0.0,0.0,0.0
705611,上櫃,0.84,0.83,100.0
705614,上櫃,0.0,0.0,0.0
705615,上櫃,0.0,0.0,0.0
705616,上櫃,0.0,0.0,0.0
705617,上櫃,0.93,0.97,106.0
705619,上櫃,0.0,0.0,0.0
705620,上櫃,0.0,0.0,0.0
705621,上櫃,4.7,4.82,20.0
705622,上櫃,0.0,0.0,0.0
705627,上櫃,0.0,0.0,0.0
705630,上櫃,0.0,0.0,0.0
705631,上櫃,0.0,0.0,0.0
705633,上櫃,0.0,0.0,0.0
705634,上櫃,0.0,0.0,0.0
705637,上櫃,0.0,0.0,0.0
705638,上櫃,3.08,3.08,1.0
705643,上櫃,0.0,0.0,0.0
705644,上櫃,0.0,0.0,0.0
705648,上櫃,0.0,0.0,0.0
705652,上櫃,2.06,2.18,8.0
705653,上櫃,0.0,0.0,0.0
705656,上櫃,0.0,0.0,0.0
705659,上櫃,0.0,0.0,0.0
705665,上櫃,0.0,0.0,0.0
705666,上櫃,0.0,0.0,0.0
705667,上櫃,1.85,1.85,3.0
705668,上櫃,0.0,0.0,0.0
705671,上櫃,0.28,0.28,2.0
705672,上櫃,0.43,0.54,91.0
705674,上櫃,0.0,0.0,0.0
705675,上櫃,1.09,1.12,393.0
705676,上櫃,0.75,0.72,4947.0
705677,上櫃,2.49,2.49,1.0
705679,上櫃,0.0,0.0,0.0
705680,上櫃,0.0,0.0,0.0
705681,上櫃,0.0,0.0,0.0
705682,上櫃,0.0,0.0,0.0
705683,上櫃,0.0,0.0,0.0
705684,上櫃,0.0,0.0,0.0
705685,上櫃,0.0,0.0,0.0
705686,上櫃,0.0,0.0,0.0
705690,上櫃,0.0,0.0,0.0
705691,上櫃,0.0,0.0,0.0
705692,上櫃,0.0,0.0,0.0
705694,上櫃,0.0,0.0,0.0
705697,上櫃,0.0,0.0,0.0
705698,上櫃,0.0,0.0,0.0
705699,上櫃,0.0,0.0,0.0
705700,上櫃,0.0,0.0,0.0
705702,上櫃,0.0,0.0,0.0
705704,上櫃,0.0,0.0,0.0
705705,上櫃,0.0,0.0,0.0
705706,上櫃,0.0,0.0,0.0
705707,上櫃,0.0,0.0,0.0
705708,上櫃,0.0,0.0,0.0
705709,上櫃,0.0,0.0,0.0
705711,上櫃,0.0,0.0,0.0
705712,上櫃,0.0,0.0,0.0
705718,上櫃,2.77,2.77,1.0
705719,上櫃,0.0,0.0,0.0
705726,上櫃,2.1,2.12,38.0
705727,上櫃,0.0,0.0,0.0
705728,上櫃,0.0,0.0,0.0
705729,上櫃,0.0,0.0,0.0
705733,上櫃,0.0,0.0,0.0
705736,上櫃,0.0,0.0,0.0
705737,上櫃,1.87,1.87,2.0
705739,上櫃,0.0,0.0,0.0
705740,上櫃,12.3,12.3,10.0
705753,上櫃,0.0,0.0,0.0
705754,上櫃,0.0,0.0,0.0
705755,上櫃,2.65,3.12,23.0
705758,上櫃,2.24,2.19,31.0
705759,上櫃,0.0,0.0,0.0
705769,上櫃,0.0,0.0,0.0
705770,上櫃,0.15,0.15,52.0
705774,上櫃,1.86,1.95,52.0
705775,上櫃,0.0,0.0,0.0
705776,上櫃,0.0,0.0,0.0
705777,上櫃,0.0,0.0,0.0
705778,上櫃,0.0,0.0,0.0
705779,上櫃,0.0,0.0,0.0
705781,上櫃,0.0,0.0,0.0
705782,上櫃,0.0,0.0,0.0
705783,上櫃,1.08,1.23,452.0
705785,上櫃,0.7,0.7,1.0
705791,上櫃,0.0,0.0,0.0
705800,上櫃,0.7,0.74,75.0
705801,上櫃,1.58,1.59,353.0
705802,上櫃,0.0,0.0,0.0
705803,上櫃,0.0,0.0,0.0
705804,上櫃,2.77,2.77,1.0
705805,上櫃,0.0,0.0,0.0
705806,上櫃,2.4,2.4,1.0
705807,上櫃,1.96,2.09,88.0
705808,上櫃,0.0,0.0,0.0
705809,上櫃,0.0,0.0,0.0
705810,上櫃,0.0,0.0,0.0
705811,上櫃,0.01,0.01,9.0
705812,上櫃,0.0,0.0,0.0
705813,上櫃,0.0,0.0,0.0
705814,上櫃,0.0,0.0,0.0
705816,上櫃,0.0,0.0,0.0
705818,上櫃,0.0,0.0,0.0
705819,上櫃,1.05,1.2,787.0
705820,上櫃,0.0,0.0,0.0
705823,上櫃,0.0,0.0,0.0
705824,上櫃,0.0,0.0,0.0
705826,上櫃,2.59,2.66,44.0
705827,上櫃,0.94,0.94,10.0
705828,上櫃,0.0,0.0,0.0
705841,上櫃,0.33,0.33,107.0
705845,上櫃,0.0,0.0,0.0
705846,上櫃,0.0,0.0,0.0
705847,上櫃,0.0,0.0,0.0
705853,上櫃,1.78,1.79,715.0
705854,上櫃,0.0,0.0,0.0
705855,上櫃,1.06,1.06,100.0
705856,上櫃,1.5,1.51,48.0
705857,上櫃,1.33,1.35,45.0
705858,上櫃,0.54,0.54,1.0
705859,上櫃,3.23,3.35,19.0
705860,上櫃,0.55,0.55,60.0
705861,上櫃,0.28,0.27,43.0
705862,上櫃,0.0,0.0,0.0
705863,上櫃,1.58,1.58,1.0
705864,上櫃,0.0,0.0,0.0
705865,上櫃,0.0,0.0,0.0
705870,上櫃,0.0,0.0,0.0
705871,上櫃,0.0,0.0,0.0
705872,上櫃,9.4,9.4,2.0
705874,上櫃,1.36,1.32,107.0
705875,上櫃,0.14,0.14,150.0
705876,上櫃,0.0,0.0,0.0
705877,上櫃,0.0,0.0,0.0
705878,上櫃,1.35,1.34,40.0
705879,上櫃,0.79,0.79,1.0
705880,上櫃,0.0,0.0,0.0
705881,上櫃,0.0,0.0,0.0
705887,上櫃,0.0,0.0,0.0
705894,上櫃,0.45,0.4,90.0
705896,上櫃,0.0,0.0,0.0
705899,上櫃,0.0,0.0,0.0
705901,上櫃,0.0,0.0,0.0
705903,上櫃,9.65,9.65,2.0
705908,上櫃,0.0,0.0,0.0
705909,上櫃,0.0,0.0,0.0
705913,上櫃,0.0,0.0,0.0
705917,上櫃,1.08,1.21,4.0
705923,上櫃,0.65,0.65,19.0
705924,上櫃,0.0,0.0,0.0
705925,上櫃,0.0,0.0,0.0
705926,上櫃,0.0,0.0,0.0
705927,上櫃,0.14,0.14,76.0
705928,上櫃,1.63,1.71,481.0
705929,上櫃,0.0,0.0,0.0
705931,上櫃,0.0,0.0,0.0
705932,上櫃,0.75,0.74,28.0
705933,上櫃,3.99,3.99,15.0
705934,上櫃,0.0,0.0,0.0
705935,上櫃,0.07,0.07,32.0
705936,上櫃,0.53,0.53,4.0
705938,上櫃,0.0,0.0,0.0
705939,上櫃,0.03,0.03,110.0
705940,上櫃,0.0,0.0,0.0
705941,上櫃,0.93,0.93,1.0
705942,上櫃,1.76,1.98,18.0
705943,上櫃,0.0,0.0,0.0
705944,上櫃,0.0,0.0,0.0
705945,上櫃,0.0,0.0,0.0
705946,上櫃,0.21,0.21,10.0
705947,上櫃,0.57,0.57,116.0
705948,上櫃,0.85,0.95,174.0
705949,上櫃,0.84,0.87,14.0
705950,上櫃,0.0,0.0,0.0
705951,上櫃,0.32,0.35,140.0
705952,上櫃,0.0,0.0,0.0
705953,上櫃,0.0,0.0,0.0
705954,上櫃,0.2,0.19,37.0
705968,上櫃,0.0,0.0,0.0
705969,上櫃,0.0,0.0,0.0
705984,上櫃,0.0,0.0,0.0
705986,上櫃,6.3,8.4,38.0
705987,上櫃,0.0,0.0,0.0
705988,上櫃,0.0,0.0,0.0
705989,上櫃,6.45,6.4,207.0
705991,上櫃,2.2,2.2,1.0
705992,上櫃,0.0,0.0,0.0
705993,上櫃,0.0,0.0,0.0
705994,上櫃,1.52,1.52,10.0
705995,上櫃,0.0,0.0,0.0
705996,上櫃,0.0,0.0,0.0
705997,上櫃,0.0,0.0,0.0
705998,上櫃,0.0,0.0,0.0
706001,上櫃,0.0,0.0,0.0
706004,上櫃,0.0,0.0,0.0
706005,上櫃,0.0,0.0,0.0
706006,上櫃,0.43,0.44,3.0
706010,上櫃,0.0,0.0,0.0
706011,上櫃,3.5,3.45,50.0
706015,上櫃,0.16,0.16,35.0
706016,上櫃,1.96,2.08,37.0
706017,上櫃,0.0,0.0,0.0
706018,上櫃,1.96,1.92,24.0
706019,上櫃,6.3,6.3,1.0
706020,上櫃,0.0,0.0,0.0
706021,上櫃,0.0,0.0,0.0
706027,上櫃,1.06,1.06,10.0
706028,上櫃,0.0,0.0,0.0
706029,上櫃,0.0,0.0,0.0
706030,上櫃,0.0,0.0,0.0
706031,上櫃,0.85,0.85,20.0
706032,上櫃,0.0,0.0,0.0
706033,上櫃,0.0,0.0,0.0
706034,上櫃,1.08,1.03,12.0
706035,上櫃,0.0,0.0,0.0
706036,上櫃,0.53,0.53,10.0
706037,上櫃,0.0,0.0,0.0
706038,上櫃,0.71,0.8,11.0
706039,上櫃,0.0,0.0,0.0
706040,上櫃,0.18,0.18,2.0
706044,上櫃,0.0,0.0,0.0
706047,上櫃,0.0,0.0,0.0
706049,上櫃,0.0,0.0,0.0
706050,上櫃,0.0,0.0,0.0
706051,上櫃,0.0,0.0,0.0
706052,上櫃,0.0,0.0,0.0
706053,上櫃,0.37,0.37,1.0
706054,上櫃,0.0,0.0,0.0
706055,上櫃,0.35,0.35,159.0
706060,上櫃,3.06,3.05,143.0
706071,上櫃,1.61,1.58,69.0
706072,上櫃,0.56,0.55,99.0
706073,上櫃,0.0,0.0,0.0
706074,上櫃,0.0,0.0,0.0
706081,上櫃,0.73,0.72,704.0
706086,上櫃,0.0,0.0,0.0
706087,上櫃,2.93,2.93,1.0
706088,上櫃,3.91,3.99,12.0
706089,上櫃,0.0,0.0,0.0
706090,上櫃,0.0,0.0,0.0
706092,上櫃,0.13,0.13,125.0
706093,上櫃,0.0,0.0,0.0
706094,上櫃,0.0,0.0,0.0
706095,上櫃,0.0,0.0,0.0
706096,上櫃,0.0,0.0,0.0
706097,上櫃,0.9,0.86,4.0
706098,上櫃,0.79,0.8,348.0
706099,上櫃,0.0,0.0,0.0
706100,上櫃,0.0,0.0,0.0
706101,上櫃,0.0,0.0,0.0
706103,上櫃,0.32,0.33,266.0
706105,上櫃,0.0,0.0,0.0
706115,上櫃,0.0,0.0,0.0
706116,上櫃,0.0,0.0,0.0
706117,上櫃,0.0,0.0,0.0
706118,上櫃,1.37,1.57,118.0
706119,上櫃,0.0,0.0,0.0
706120,上櫃,0.85,1.03,272.0
706121,上櫃,0.57,0.57,1.0
706122,上櫃,0.0,0.0,0.0
706124,上櫃,0.0,0.0,0.0
706125,上櫃,0.0,0.0,0.0
706126,上櫃,0.92,0.92,6.0
706127,上櫃,0.8,0.84,50.0
706128,上櫃,0.13,0.13,6.0
706129,上櫃,0.31,0.31,20.0
706130,上櫃,0.0,0.0,0.0
706131,上櫃,0.0,0.0,0.0
706132,上櫃,0.0,0.0,0.0
706133,上櫃,0.62,0.62,1.0
706134,上櫃,0.85,0.88,566.0
706135,上櫃,0.5,0.51,130.0
706136,上櫃,0.7,0.71,434.0
706137,上櫃,0.6,0.62,558.0
706138,上櫃,0.0,0.0,0.0
706139,上櫃,0.64,0.64,30.0
706140,上櫃,1.9,1.9,15.0
706141,上櫃,1.52,1.52,1.0
706142,上櫃,1.1,1.05,12.0
706146,上櫃,0.0,0.0,0.0
706150,上櫃,3.68,3.88,279.0
706153,上櫃,2.76,2.76,10.0
706154,上櫃,0.78,0.81,35.0
706155,上櫃,0.0,0.0,0.0
706160,上櫃,1.54,1.54,1.0
706161,上櫃,2.73,2.68,55.0
706162,上櫃,3.17,3.31,55.0
706163,上櫃,0.0,0.0,0.0
706166,上櫃,0.0,0.0,0.0
706168,上櫃,1.41,1.47,138.0
706170,上櫃,1.87,2.16,155.0
706173,上櫃,0.0,0.0,0.0
706175,上櫃,0.0,0.0,0.0
706176,上櫃,0.0,0.0,0.0
706177,上櫃,0.0,0.0,0.0
706178,上櫃,0.77,0.76,236.0
706179,上櫃,0.9,0.93,145.0
706180,上櫃,0.0,0.0,0.0
706181,上櫃,0.66,0.74,23.0
706182,上櫃,1.57,1.52,12.0
706183,上櫃,0.0,0.0,0.0
706184,上櫃,0.0,0.0,0.0
706185,上櫃,0.52,0.61,30.0
706186,上櫃,0.0,0.0,0.0
706198,上櫃,0.28,0.3,70.0
706203,上櫃,0.41,0.41,100.0
706204,上櫃,0.0,0.0,0.0
706206,上櫃,0.92,1.0,124.0
706207,上櫃,1.55,1.59,83.0
706208,上櫃,4.2,4.05,300.0
706209,上櫃,3.62,3.76,438.0
706210,上櫃,0.0,0.0,0.0
706213,上櫃,0.08,0.14,27.0
706214,上櫃,0.58,0.61,211.0
706215,上櫃,2.5,2.59,77.0
706216,上櫃,0.0,0.0,0.0
706218,上櫃,0.0,0.0,0.0
706219,上櫃,0.18,0.25,53.0
706220,上櫃,0.0,0.0,0.0
706223,上櫃,1.42,1.42,73.0
706225,上櫃,0.0,0.0,0.0
706239,上櫃,0.0,0.0,0.0
706240,上櫃,1.21,1.2,33.0
706241,上櫃,0.0,0.0,0.0
706245,上櫃,0.15,0.18,395.0
706246,上櫃,0.0,0.0,0.0
706248,上櫃,0.87,0.87,10.0
706249,上櫃,0.19,0.14,2.0
706252,上櫃,10.3,10.4,23.0
706253,上櫃,7.3,7.3,2.0
706259,上櫃,0.28,0.33,575.0
706260,上櫃,0.32,0.37,109.0
706261,上櫃,0.0,0.0,0.0
706264,上櫃,0.0,0.0,0.0
706265,上櫃,0.0,0.0,0.0
706269,上櫃,0.0,0.0,0.0
706274,上櫃,2.1,2.1,5.0
706275,上櫃,5.7,5.7,18.0
706276,上櫃,1.59,1.71,171.0
706279,上櫃,0.0,0.0,0.0
706280,上櫃,11.3,11.3,3.0
706281,上櫃,2.3,2.38,20.0
706282,上櫃,0.37,0.4,12.0
706283,上櫃,0.15,0.17,2.0
706284,上櫃,0.0,0.0,0.0
706285,上櫃,0.0,0.0,0.0
706286,上櫃,0.0,0.0,0.0
706287,上櫃,1.06,1.03,1295.0
706288,上櫃,0.04,0.04,160.0
706292,上櫃,0.0,0.0,0.0
706293,上櫃,1.29,1.33,1020.0
706294,上櫃,0.0,0.0,0.0
706297,上櫃,0.0,0.0,0.0
706298,上櫃,0.0,0.0,0.0
706313,上櫃,0.0,0.0,0.0
706316,上櫃,0.0,0.0,0.0
706317,上櫃,0.0,0.0,0.0
706318,上櫃,0.0,0.0,0.0
706319,上櫃,2.29,2.29,10.0
706322,上櫃,0.0,0.0,0.0
706324,上櫃,1.81,1.94,116.0
706325,上櫃,0.0,0.0,0.0
706327,上櫃,0.6,0.6,53.0
706328,上櫃,1.6,1.62,27.0
706331,上櫃,2.1,2.1,54.0
706332,上櫃,0.0,0.0,0.0
706336,上櫃,0.0,0.0,0.0
706339,上櫃,1.22,1.2,633.0
706340,上櫃,0.0,0.0,0.0
706341,上櫃,0.0,0.0,0.0
706342,上櫃,2.44,2.34,101.0
706343,上櫃,0.0,0.0,0.0
706344,上櫃,0.8,0.78,543.0
706345,上櫃,1.38,1.34,119.0
706346,上櫃,0.0,0.0,0.0
706347,上櫃,0.76,0.78,130.0
706348,上櫃,1.75,1.76,375.0
706349,上櫃,0.0,0.0,0.0
706350,上櫃,0.0,0.0,0.0
706351,上櫃,0.74,0.72,861.0
706354,上櫃,2.07,2.04,129.0
706355,上櫃,1.93,2.1,714.0
706371,上櫃,1.38,1.53,342.0
706378,上櫃,0.0,0.0,0.0
706379,上櫃,0.0,0.0,0.0
706389,上櫃,0.07,0.07,20.0
706390,上櫃,0.0,0.0,0.0
706392,上櫃,0.0,0.0,0.0
706393,上櫃,1.24,1.24,15.0
706394,上櫃,0.0,0.0,0.0
706399,上櫃,0.0,0.0,0.0
706401,上櫃,0.0,0.0,0.0
706402,上櫃,0.0,0.0,0.0
706411,上櫃,2.09,2.09,1.0
706412,上櫃,0.31,0.29,160.0
706413,上櫃,0.0,0.0,0.0
706414,上櫃,0.0,0.0,0.0
706415,上櫃,0.0,0.0,0.0
706416,上櫃,0.0,0.0,0.0
706417,上櫃,0.0,0.0,0.0
706418,上櫃,0.0,0.0,0.0
706419,上櫃,0.62,0.6,885.0
706420,上櫃,0.0,0.0,0.0
706421,上櫃,0.0,0.0,0.0
706422,上櫃,0.0,0.0,0.0
706423,上櫃,0.6,0.63,306.0
706424,上櫃,0.0,0.0,0.0
706425,上櫃,1.37,1.4,161.0
706426,上櫃,0.0,0.0,0.0
706427,上櫃,0.0,0.0,0.0
706428,上櫃,0.11,0.1,71.0
706429,上櫃,0.0,0.0,0.0
706431,上櫃,0.0,0.0,0.0
706432,上櫃,0.0,0.0,0.0
706433,上櫃,0.0,0.0,0.0
706434,上櫃,0.0,0.0,0.0
706436,上櫃,0.0,0.0,0.0
706437,上櫃,0.0,0.0,0.0
706438,上櫃,1.33,1.33,153.0
706439,上櫃,0.0,0.0,0.0
706441,上櫃,0.0,0.0,0.0
706442,上櫃,1.38,1.38,10.0
706443,上櫃,0.0,0.0,0.0
706444,上櫃,0.0,0.0,0.0
706445,上櫃,0.0,0.0,0.0
706446,上櫃,0.0,0.0,0.0
706447,上櫃,0.0,0.0,0.0
706448,上櫃,0.0,0.0,0.0
706449,上櫃,0.0,0.0,0.0
706450,上櫃,2.55,2.55,1.0
706451,上櫃,0.88,0.88,1.0
706452,上櫃,0.78,0.85,22.0
706453,上櫃,0.68,0.68,126.0
706454,上櫃,0.0,0.0,0.0
706455,上櫃,0.0,0.0,0.0
706456,上櫃,0.0,0.0,0.0
706457,上櫃,0.0,0.0,0.0
706458,上櫃,0.0,0.0,0.0
706459,上櫃,0.0,0.0,0.0
706460,上櫃,0.0,0.0,0.0
706461,上櫃,0.0,0.0,0.0
706462,上櫃,1.62,1.62,10.0
706463,上櫃,0.0,0.0,0.0
706464,上櫃,0.0,0.0,0.0
706465,上櫃,0.0,0.0,0.0
706466,上櫃,0.0,0.0,0.0
706467,上櫃,27.2,27.2,5.0
706468,上櫃,0.12,0.12,200.0
706470,上櫃,0.0,0.0,0.0
706471,上櫃,0.0,0.0,0.0
706472,上櫃,4.79,5.0,219.0
706474,上櫃,1.65,1.73,272.0
706475,上櫃,0.0,0.0,0.0
706476,上櫃,1.78,1.89,179.0
706477,上櫃,0.0,0.0,0.0
706479,上櫃,0.0,0.0,0.0
706480,上櫃,0.0,0.0,0.0
706481,上櫃,0.0,0.0,0.0
706482,上櫃,0.0,0.0,0.0
706484,上櫃,0.0,0.0,0.0
706485,上櫃,1.82,1.9,471.0
706486,上櫃,0.01,0.01,10.0
706488,上櫃,0.0,0.0,0.0
706489,上櫃,0.13,0.13,304.0
706490,上櫃,0.0,0.0,0.0
706491,上櫃,0.0,0.0,0.0
706492,上櫃,0.23,0.23,2.0
706493,上櫃,0.0,0.0,0.0
706496,上櫃,0.56,0.56,40.0
706497,上櫃,0.64,0.64,12.0
706498,上櫃,1.34,1.34,4.0
706499,上櫃,21.7,21.7,70.0
706500,上櫃,3.49,3.49,3.0
706501,上櫃,0.0,0.0,0.0
706502,上櫃,0.0,0.0,0.0
706503,上櫃,1.07,1.03,635.0
706504,上櫃,0.0,0.0,0.0
706505,上櫃,0.0,0.0,0.0
706506,上櫃,0.0,0.0,0.0
706507,上櫃,2.18,2.32,59.0
706508,上櫃,0.0,0.0,0.0
706509,上櫃,0.0,0.0,0.0
706510,上櫃,0.0,0.0,0.0
706511,上櫃,0.0,0.0,0.0
706512,上櫃,0.05,0.05,50.0
706513,上櫃,0.0,0.0,0.0
706514,上櫃,0.0,0.0,0.0
706515,上櫃,0.0,0.0,0.0
706516,上櫃,0.0,0.0,0.0
706517,上櫃,1.97,2.01,35.0
706519,上櫃,7.4,8.15,16.0
706520,上櫃,4.53,4.53,3.0
706521,上櫃,0.0,0.0,0.0
706522,上櫃,0.0,0.0,0.0
706523,上櫃,0.04,0.04,1.0
706524,上櫃,0.6,0.59,1542.0
706526,上櫃,0.0,0.0,0.0
706528,上櫃,0.0,0.0,0.0
706530,上櫃,24.4,24.4,1.0
706531,上櫃,0.02,0.02,217.0
706532,上櫃,0.0,0.0,0.0
706533,上櫃,0.0,0.0,0.0
706534,上櫃,0.0,0.0,0.0
706535,上櫃,0.14,0.14,110.0
706536,上櫃,0.35,0.35,2.0
706537,上櫃,0.0,0.0,0.0
706538,上櫃,0.0,0.0,0.0
706539,上櫃,0.0,0.0,0.0
706540,上櫃,0.0,0.0,0.0
706541,上櫃,0.0,0.0,0.0
706543,上櫃,0.0,0.0,0.0
706544,上櫃,0.0,0.0,0.0
706545,上櫃,0.9,0.92,78.0
706547,上櫃,0.0,0.0,0.0
706548,上櫃,1.82,2.02,2.0
706549,上櫃,0.0,0.0,0.0
706550,上櫃,0.52,0.52,30.0
706551,上櫃,0.0,0.0,0.0
706553,上櫃,6.7,6.7,1.0
706554,上櫃,0.0,0.0,0.0
706555,上櫃,0.0,0.0,0.0
706557,上櫃,0.46,0.49,109.0
706558,上櫃,0.0,0.0,0.0
706559,上櫃,0.03,0.03,60.0
706560,上櫃,0.0,0.0,0.0
706561,上櫃,0.0,0.0,0.0
706562,上櫃,0.0,0.0,0.0
706563,上櫃,0.0,0.0,0.0
706564,上櫃,0.57,0.65,1366.0
706565,上櫃,0.73,0.7,122.0
706566,上櫃,0.74,0.74,116.0
706567,上櫃,0.15,0.27,1312.0
706568,上櫃,0.0,0.0,0.0
706569,上櫃,2.44,2.44,2.0
706570,上櫃,0.0,0.0,0.0
706571,上櫃,0.0,0.0,0.0
706572,上櫃,1.48,1.68,262.0
706573,上櫃,0.0,0.0,0.0
706574,上櫃,0.39,0.39,1.0
706575,上櫃,0.0,0.0,0.0
706576,上櫃,1.25,1.3,29.0
706578,上櫃,0.0,0.0,0.0
706579,上櫃,0.63,0.89,784.0
706580,上櫃,0.0,0.0,0.0
706581,上櫃,0.0,0.0,0.0
706585,上櫃,0.0,0.0,0.0
706588,上櫃,0.0,0.0,0.0
706589,上櫃,0.0,0.0,0.0
706590,上櫃,1.06,1.06,14.0
706591,上櫃,0.0,0.0,0.0
706592,上櫃,0.0,0.0,0.0
706593,上櫃,0.01,0.01,136.0
706594,上櫃,0.4,0.28,2.0
706595,上櫃,0.0,0.0,0.0
706596,上櫃,2.62,3.04,16.0
706597,上櫃,0.0,0.0,0.0
706599,上櫃,0.0,0.0,0.0
706600,上櫃,0.0,0.0,0.0
706601,上櫃,0.0,0.0,0.0
706603,上櫃,0.0,0.0,0.0
706604,上櫃,0.0,0.0,0.0
706605,上櫃,0.0,0.0,0.0
706606,上櫃,0.0,0.0,0.0
706607,上櫃,0.0,0.0,0.0
706608,上櫃,0.0,0.0,0.0
706609,上櫃,0.0,0.0,0.0
706610,上櫃,0.0,0.0,0.0
706611,上櫃,0.0,0.0,0.0
706612,上櫃,0.34,0.35,350.0
706613,上櫃,0.86,0.86,1.0
706615,上櫃,0.0,0.0,0.0
706616,上櫃,0.0,0.0,0.0
706617,上櫃,0.0,0.0,0.0
706618,上櫃,0.0,0.0,0.0
706619,上櫃,0.0,0.0,0.0
706620,上櫃,1.25,1.66,6.0
706621,上櫃,0.0,0.0,0.0
706622,上櫃,0.0,0.0,0.0
706623,上櫃,0.82,0.82,10.0
706624,上櫃,0.0,0.0,0.0
706625,上櫃,0.31,0.36,91.0
706626,上櫃,0.0,0.0,0.0
706627,上櫃,0.0,0.0,0.0
706630,上櫃,0.0,0.0,0.0
706631,上櫃,0.0,0.0,0.0
706632,上櫃,0.0,0.0,0.0
706633,上櫃,0.02,0.02,20.0
706634,上櫃,0.0,0.0,0.0
706635,上櫃,0.0,0.0,0.0
706636,上櫃,0.0,0.0,0.0
706638,上櫃,0.0,0.0,0.0
706639,上櫃,0.0,0.0,0.0
706640,上櫃,0.0,0.0,0.0
706641,上櫃,0.0,0.0,0.0
706642,上櫃,0.0,0.0,0.0
706643,上櫃,0.0,0.0,0.0
706645,上櫃,0.0,0.0,0.0
706646,上櫃,0.0,0.0,0.0
706647,上櫃,0.27,0.27,6.0
706648,上櫃,0.0,0.0,0.0
706649,上櫃,0.0,0.0,0.0
706650,上櫃,0.0,0.0,0.0
706652,上櫃,0.0,0.0,0.0
706653,上櫃,0.0,0.0,0.0
706654,上櫃,0.33,0.33,15.0
706655,上櫃,0.0,0.0,0.0
706656,上櫃,0.0,0.0,0.0
706657,上櫃,0.0,0.0,0.0
706658,上櫃,0.0,0.0,0.0
706659,上櫃,0.46,0.45,138.0
706660,上櫃,0.43,0.41,186.0
706661,上櫃,0.0,0.0,0.0
706662,上櫃,0.97,0.99,644.0
706663,上櫃,0.0,0.0,0.0
706664,上櫃,0.0,0.0,0.0
706665,上櫃,0.0,0.0,0.0
706666,上櫃,0.0,0.0,0.0
706667,上櫃,0.0,0.0,0.0
706669,上櫃,0.0,0.0,0.0
706670,上櫃,0.0,0.0,0.0
706671,上櫃,0.0,0.0,0.0
706672,上櫃,0.0,0.0,0.0
706673,上櫃,0.67,0.67,37.0
706674,上櫃,0.0,0.0,0.0
706675,上櫃,0.0,0.0,0.0
706676,上櫃,0.0,0.0,0.0
706677,上櫃,0.0,0.0,0.0
706678,上櫃,1.8,1.8,5.0
706679,上櫃,0.0,0.0,0.0
706680,上櫃,0.0,0.0,0.0
706681,上櫃,0.0,0.0,0.0
706683,上櫃,0.0,0.0,0.0
706684,上櫃,0.0,0.0,0.0
706685,上櫃,0.0,0.0,0.0
706686,上櫃,0.0,0.0,0.0
706687,上櫃,0.0,0.0,0.0
706689,上櫃,0.0,0.0,0.0
706690,上櫃,0.95,0.95,1.0
706691,上櫃,0.0,0.0,0.0
706692,上櫃,0.0,0.0,0.0
706693,上櫃,0.0,0.0,0.0
706694,上櫃,0.0,0.0,0.0
706695,上櫃,0.95,1.02,31.0
706696,上櫃,1.42,1.32,21.0
706697,上櫃,0.0,0.0,0.0
706698,上櫃,0.0,0.0,0.0
706699,上櫃,1.32,1.94,18.0
706700,上櫃,0.47,0.81,252.0
706701,上櫃,0.08,0.19,875.0
706702,上櫃,0.0,0.0,0.0
706703,上櫃,0.0,0.0,0.0
706704,上櫃,0.0,0.0,0.0
706705,上櫃,0.73,1.0,111.0
706707,上櫃,0.0,0.0,0.0
706708,上櫃,0.0,0.0,0.0
706710,上櫃,0.84,0.94,2005.0
706711,上櫃,0.36,0.36,207.0
706712,上櫃,0.46,0.53,264.0
706713,上櫃,0.0,0.0,0.0
706714,上櫃,0.32,0.32,8.0
706715,上櫃,0.0,0.0,0.0
706716,上櫃,0.0,0.0,0.0
706717,上櫃,5.65,6.35,88.0
706721,上櫃,0.0,0.0,0.0
706723,上櫃,0.0,0.0,0.0
706724,上櫃,0.0,0.0,0.0
706726,上櫃,0.0,0.0,0.0
706727,上櫃,0.0,0.0,0.0
706729,上櫃,0.0,0.0,0.0
706730,上櫃,0.0,0.0,0.0
706731,上櫃,0.0,0.0,0.0
706732,上櫃,0.39,0.4,783.0
706733,上櫃,0.47,0.46,496.0
706734,上櫃,0.0,0.0,0.0
706735,上櫃,0.0,0.0,0.0
706736,上櫃,0.0,0.0,0.0
706737,上櫃,0.0,0.0,0.0
706738,上櫃,4.49,4.49,4.0
706740,上櫃,0.0,0.0,0.0
706741,上櫃,0.0,0.0,0.0
706742,上櫃,0.0,0.0,0.0
706743,上櫃,0.0,0.0,0.0
706744,上櫃,0.0,0.0,0.0
706745,上櫃,0.25,0.25,30.0
706746,上櫃,0.0,0.0,0.0
706747,上櫃,0.0,0.0,0.0
706748,上櫃,0.0,0.0,0.0
706749,上櫃,2.1,2.12,9.0
706750,上櫃,0.0,0.0,0.0
706751,上櫃,0.52,0.56,168.0
706752,上櫃,0.0,0.0,0.0
706753,上櫃,0.0,0.0,0.0
706754,上櫃,2.8,3.84,265.0
706755,上櫃,0.0,0.0,0.0
706756,上櫃,0.0,0.0,0.0
706757,上櫃,0.01,0.01,101.0
706758,上櫃,0.0,0.0,0.0
706759,上櫃,0.0,0.0,0.0
706760,上櫃,0.52,0.52,519.0
706761,上櫃,0.3,0.35,58.0
706762,上櫃,0.0,0.0,0.0
706765,上櫃,0.0,0.0,0.0
706766,上櫃,0.02,0.02,150.0
706767,上櫃,0.0,0.0,0.0
706768,上櫃,0.0,0.0,0.0
706769,上櫃,0.0,0.0,0.0
706770,上櫃,0.0,0.0,0.0
706771,上櫃,0.0,0.0,0.0
706772,上櫃,0.0,0.0,0.0
706773,上櫃,0.0,0.0,0.0
706774,上櫃,0.0,0.0,0.0
706775,上櫃,0.0,0.0,0.0
706776,上櫃,0.0,0.0,0.0
706779,上櫃,9.8,10.0,25.0
706780,上櫃,0.0,0.0,0.0
706781,上櫃,1.35,1.35,1.0
706782,上櫃,0.0,0.0,0.0
706783,上櫃,0.0,0.0,0.0
706784,上櫃,0.0,0.0,0.0
706785,上櫃,0.41,0.5,45.0
706786,上櫃,2.77,2.77,20.0
706787,上櫃,0.0,0.0,0.0
706788,上櫃,0.0,0.0,0.0
706789,上櫃,0.0,0.0,0.0
706790,上櫃,0.0,0.0,0.0
706791,上櫃,0.0,0.0,0.0
706792,上櫃,0.0,0.0,0.0
706793,上櫃,0.33,0.33,56.0
706794,上櫃,0.0,0.0,0.0
706795,上櫃,0.0,0.0,0.0
706796,上櫃,0.73,0.74,868.0
706797,上櫃,0.0,0.0,0.0
706798,上櫃,0.0,0.0,0.0
706799,上櫃,0.76,0.79,16.0
706800,上櫃,0.68,0.73,312.0
706801,上櫃,0.59,0.59,10.0
706802,上櫃,0.57,0.57,3.0
706803,上櫃,0.62,0.67,79.0
706804,上櫃,0.83,0.83,100.0
706805,上櫃,0.0,0.0,0.0
706806,上櫃,0.0,0.0,0.0
706807,上櫃,0.0,0.0,0.0
706808,上櫃,0.38,0.38,18.0
706809,上櫃,12.5,12.5,6.0
706810,上櫃,0.0,0.0,0.0
706812,上櫃,0.0,0.0,0.0
706813,上櫃,0.0,0.0,0.0
706814,上櫃,0.63,0.63,26.0
706815,上櫃,0.0,0.0,0.0
706816,上櫃,0.57,0.57,26.0
706819,上櫃,0.0,0.0,0.0
706820,上櫃,0.0,0.0,0.0
706821,上櫃,0.25,0.25,5.0
706823,上櫃,4.38,4.39,20.0
706825,上櫃,0.0,0.0,0.0
706826,上櫃,0.0,0.0,0.0
706827,上櫃,0.0,0.0,0.0
706828,上櫃,0.0,0.0,0.0
706829,上櫃,0.0,0.0,0.0
706830,上櫃,0.0,0.0,0.0
706831,上櫃,0.0,0.0,0.0
706833,上櫃,0.0,0.0,0.0
706835,上櫃,0.0,0.0,0.0
706836,上櫃,0.0,0.0,0.0
706838,上櫃,0.0,0.0,0.0
706839,上櫃,0.0,0.0,0.0
706840,上櫃,2.64,2.64,10.0
706841,上櫃,0.11,0.11,302.0
706842,上櫃,0.0,0.0,0.0
706843,上櫃,0.0,0.0,0.0
706844,上櫃,0.26,0.27,130.0
706845,上櫃,0.89,0.91,104.0
706846,上櫃,1.5,1.5,3.0
706847,上櫃,0.0,0.0,0.0
706848,上櫃,0.0,0.0,0.0
706849,上櫃,0.0,0.0,0.0
706850,上櫃,3.33,3.24,24.0
706851,上櫃,0.0,0.0,0.0
706852,上櫃,0.25,0.25,200.0
706853,上櫃,4.71,4.65,39.0
706855,上櫃,0.0,0.0,0.0
706856,上櫃,0.0,0.0,0.0
706857,上櫃,0.21,0.18,328.0
706858,上櫃,0.0,0.0,0.0
706859,上櫃,0.33,0.33,3.0
706860,上櫃,0.0,0.0,0.0
706861,上櫃,0.0,0.0,0.0
706862,上櫃,0.0,0.0,0.0
706863,上櫃,2.41,2.59,12.0
706865,上櫃,0.0,0.0,0.0
706866,上櫃,0.0,0.0,0.0
706868,上櫃,0.0,0.0,0.0
706869,上櫃,0.0,0.0,0.0
706870,上櫃,0.0,0.0,0.0
706871,上櫃,0.09,0.09,90.0
706872,上櫃,1.0,1.06,15.0
706873,上櫃,0.0,0.0,0.0
706874,上櫃,0.0,0.0,0.0
706875,上櫃,0.16,0.15,250.0
706876,上櫃,0.13,0.17,3.0
706877,上櫃,0.0,0.0,0.0
706878,上櫃,0.0,0.0,0.0
706879,上櫃,0.0,0.0,0.0
706880,上櫃,0.0,0.0,0.0
706881,上櫃,0.0,0.0,0.0
706886,上櫃,0.0,0.0,0.0
706887,上櫃,0.0,0.0,0.0
706889,上櫃,0.0,0.0,0.0
706890,上櫃,0.0,0.0,0.0
706891,上櫃,0.0,0.0,0.0
706892,上櫃,1.1,1.06,484.0
706893,上櫃,0.0,0.0,0.0
706894,上櫃,7.05,7.05,1.0
706895,上櫃,0.0,0.0,0.0
706896,上櫃,0.0,0.0,0.0
706897,上櫃,0.0,0.0,0.0
706898,上櫃,0.0,0.0,0.0
706899,上櫃,0.0,0.0,0.0
706900,上櫃,0.37,0.35,60.0
706901,上櫃,0.66,0.66,25.0
706902,上櫃,0.0,0.0,0.0
706903,上櫃,0.0,0.0,0.0
706904,上櫃,0.01,0.01,256.0
706905,上櫃,0.02,0.02,1.0
706906,上櫃,0.0,0.0,0.0
706907,上櫃,0.0,0.0,0.0
706908,上櫃,0.0,0.0,0.0
706909,上櫃,0.0,0.0,0.0
706910,上櫃,0.0,0.0,0.0
706911,上櫃,0.0,0.0,0.0
706912,上櫃,0.0,0.0,0.0
706913,上櫃,0.0,0.0,0.0
706914,上櫃,0.0,0.0,0.0
706915,上櫃,0.0,0.0,0.0
706916,上櫃,0.55,0.55,10.0
706917,上櫃,0.0,0.0,0.0
706918,上櫃,0.0,0.0,0.0
706919,上櫃,1.83,1.83,5.0
706920,上櫃,0.0,0.0,0.0
706921,上櫃,0.0,0.0,0.0
706922,上櫃,0.4,0.4,60.0
706923,上櫃,0.35,0.35,7.0
706924,上櫃,0.66,0.66,15.0
706925,上櫃,0.57,0.52,222.0
706926,上櫃,0.0,0.0,0.0
706927,上櫃,0.0,0.0,0.0
706928,上櫃,0.0,0.0,0.0
706929,上櫃,0.0,0.0,0.0
706930,上櫃,0.0,0.0,0.0
706932,上櫃,0.0,0.0,0.0
706934,上櫃,1.3,1.34,2.0
706935,上櫃,0.0,0.0,0.0
706936,上櫃,0.0,0.0,0.0
706937,上櫃,0.0,0.0,0.0
706938,上櫃,0.0,0.0,0.0
706939,上櫃,0.66,0.66,110.0
706940,上櫃,0.03,0.03,216.0
706941,上櫃,0.0,0.0,0.0
706942,上櫃,0.38,0.38,70.0
706946,上櫃,0.0,0.0,0.0
706947,上櫃,0.0,0.0,0.0
706948,上櫃,1.78,1.87,8.0
706949,上櫃,3.1,3.27,189.0
706951,上櫃,0.0,0.0,0.0
706952,上櫃,0.0,0.0,0.0
706953,上櫃,0.0,0.0,0.0
706954,上櫃,0.0,0.0,0.0
706955,上櫃,0.0,0.0,0.0
706956,上櫃,0.0,0.0,0.0
706957,上櫃,0.0,0.0,0.0
706958,上櫃,0.0,0.0,0.0
706959,上櫃,0.0,0.0,0.0
706960,上櫃,0.0,0.0,0.0
706962,上櫃,0.0,0.0,0.0
706963,上櫃,0.53,0.49,190.0
706964,上櫃,0.0,0.0,0.0
706965,上櫃,1.69,1.78,5.0
706966,上櫃,4.35,4.16,20.0
706967,上櫃,4.15,4.1,15.0
706968,上櫃,1.22,1.28,320.0
706969,上櫃,0.0,0.0,0.0
706970,上櫃,0.88,0.87,20.0
706971,上櫃,3.69,3.71,93.0
706972,上櫃,0.24,0.24,10.0
706973,上櫃,0.0,0.0,0.0
706975,上櫃,0.89,0.96,27.0
706976,上櫃,0.34,0.74,3.0
706977,上櫃,0.03,0.03,1.0
706978,上櫃,1.81,1.81,10.0
706979,上櫃,0.0,0.0,0.0
706980,上櫃,0.37,0.37,5.0
706981,上櫃,0.0,0.0,0.0
706982,上櫃,1.82,1.8,39.0
706983,上櫃,0.0,0.0,0.0
706984,上櫃,10.4,10.4,1.0
706985,上櫃,0.49,0.52,83.0
706986,上櫃,0.0,0.0,0.0
706987,上櫃,1.29,1.42,86.0
706988,上櫃,0.0,0.0,0.0
706989,上櫃,0.0,0.0,0.0
706990,上櫃,0.0,0.0,0.0
706991,上櫃,1.29,1.83,32.0
706994,上櫃,0.0,0.0,0.0
706995,上櫃,0.15,0.14,60.0
706996,上櫃,0.0,0.0,0.0
706997,上櫃,0.0,0.0,0.0
706998,上櫃,0.21,0.23,80.0
706999,上櫃,0.5,0.5,30.0
707000,上櫃,0.8,0.77,50.0
707001,上櫃,0.0,0.0,0.0
707002,上櫃,0.0,0.0,0.0
707003,上櫃,0.98,1.03,12.0
707004,上櫃,0.0,0.0,0.0
707006,上櫃,0.38,0.37,102.0
707007,上櫃,0.0,0.0,0.0
707008,上櫃,0.0,0.0,0.0
707009,上櫃,0.0,0.0,0.0
707010,上櫃,0.0,0.0,0.0
707011,上櫃,0.88,0.98,97.0
707012,上櫃,0.65,0.71,22.0
707013,上櫃,0.0,0.0,0.0
707014,上櫃,0.93,0.93,5.0
707015,上櫃,0.0,0.0,0.0
707016,上櫃,0.0,0.0,0.0
707017,上櫃,0.0,0.0,0.0
707018,上櫃,0.0,0.0,0.0
707019,上櫃,0.0,0.0,0.0
707020,上櫃,0.0,0.0,0.0
707022,上櫃,0.0,0.0,0.0
707024,上櫃,0.0,0.0,0.0
707025,上櫃,3.47,3.56,175.0
707026,上櫃,0.0,0.0,0.0
707027,上櫃,0.0,0.0,0.0
707028,上櫃,0.0,0.0,0.0
707029,上櫃,0.0,0.0,0.0
707030,上櫃,0.05,0.05,10.0
707031,上櫃,0.0,0.0,0.0
707033,上櫃,0.0,0.0,0.0
707035,上櫃,0.0,0.0,0.0
707036,上櫃,0.0,0.0,0.0
707037,上櫃,0.0,0.0,0.0
707038,上櫃,0.0,0.0,0.0
707039,上櫃,0.0,0.0,0.0
707040,上櫃,0.0,0.0,0.0
707041,上櫃,0.0,0.0,0.0
707042,上櫃,0.35,0.33,32.0
707043,上櫃,0.9,1.05,404.0
707044,上櫃,0.0,0.0,0.0
707045,上櫃,1.15,0.97,169.0
707046,上櫃,0.94,0.95,9.0
707047,上櫃,0.24,0.25,40.0
707048,上櫃,1.2,1.3,38.0
707049,上櫃,0.0,0.0,0.0
707050,上櫃,0.0,0.0,0.0
707051,上櫃,0.93,0.88,17.0
707052,上櫃,0.0,0.0,0.0
707053,上櫃,0.0,0.0,0.0
707054,上櫃,0.64,0.65,2.0
707055,上櫃,0.0,0.0,0.0
707056,上櫃,0.5,0.5,60.0
707057,上櫃,0.0,0.0,0.0
707058,上櫃,0.0,0.0,0.0
707060,上櫃,1.18,1.18,70.0
707061,上櫃,0.13,0.13,100.0
707062,上櫃,0.0,0.0,0.0
707063,上櫃,2.09,2.09,1.0
707064,上櫃,0.0,0.0,0.0
707065,上櫃,0.0,0.0,0.0
707066,上櫃,0.59,0.59,42.0
707067,上櫃,0.0,0.0,0.0
707068,上櫃,0.0,0.0,0.0
707069,上櫃,2.63,2.56,17.0
707070,上櫃,0.0,0.0,0.0
707071,上櫃,0.84,0.9,228.0
707072,上櫃,0.84,0.87,97.0
707073,上櫃,0.53,0.52,1417.0
707074,上櫃,1.32,1.32,6.0
707075,上櫃,0.9,0.92,86.0
707076,上櫃,0.37,0.38,406.0
707077,上櫃,2.37,2.6,6.0
707078,上櫃,0.0,0.0,0.0
707079,上櫃,0.0,0.0,0.0
707080,上櫃,0.0,0.0,0.0
707082,上櫃,0.5,0.51,38.0
707083,上櫃,5.25,5.45,10.0
707084,上櫃,0.0,0.0,0.0
707085,上櫃,0.0,0.0,0.0
707086,上櫃,0.0,0.0,0.0
707087,上櫃,1.08,1.08,100.0
707088,上櫃,0.0,0.0,0.0
707089,上櫃,1.53,1.53,10.0
707090,上櫃,1.13,1.15,41.0
707091,上櫃,0.07,0.07,30.0
707092,上櫃,0.0,0.0,0.0
707093,上櫃,0.0,0.0,0.0
707094,上櫃,0.0,0.0,0.0
707095,上櫃,0.0,0.0,0.0
707096,上櫃,0.0,0.0,0.0
707097,上櫃,0.0,0.0,0.0
707098,上櫃,0.0,0.0,0.0
707100,上櫃,0.0,0.0,0.0
707102,上櫃,0.0,0.0,0.0
707103,上櫃,1.03,1.08,97.0
707106,上櫃,0.0,0.0,0.0
707107,上櫃,0.0,0.0,0.0
707108,上櫃,0.41,0.4,18.0
707110,上櫃,8.0,8.05,2.0
707112,上櫃,0.0,0.0,0.0
707113,上櫃,0.0,0.0,0.0
707115,上櫃,0.0,0.0,0.0
707116,上櫃,0.0,0.0,0.0
707117,上櫃,0.0,0.0,0.0
707118,上櫃,0.0,0.0,0.0
707119,上櫃,3.58,3.66,102.0
707120,上櫃,0.0,0.0,0.0
707121,上櫃,0.1,0.1,7.0
707122,上櫃,0.0,0.0,0.0
707123,上櫃,0.09,0.09,800.0
707124,上櫃,0.72,0.72,3.0
707125,上櫃,0.1,0.11,11.0
707126,上櫃,0.0,0.0,0.0
707127,上櫃,0.0,0.0,0.0
707128,上櫃,0.71,0.71,40.0
707129,上櫃,0.42,0.44,294.0
707130,上櫃,0.0,0.0,0.0
707131,上櫃,0.0,0.0,0.0
707132,上櫃,0.04,0.04,20.0
707133,上櫃,0.0,0.0,0.0
707134,上櫃,0.0,0.0,0.0
707135,上櫃,0.0,0.0,0.0
707136,上櫃,0.0,0.0,0.0
707137,上櫃,0.0,0.0,0.0
707138,上櫃,0.0,0.0,0.0
707139,上櫃,1.68,1.68,7.0
707140,上櫃,0.79,0.8,23.0
707141,上櫃,0.0,0.0,0.0
707142,上櫃,0.41,0.41,10.0
707143,上櫃,0.0,0.0,0.0
707144,上櫃,2.2,2.25,26.0
707146,上櫃,0.0,0.0,0.0
707147,上櫃,0.3,0.35,11.0
707149,上櫃,0.0,0.0,0.0
707150,上櫃,0.0,0.0,0.0
707151,上櫃,0.0,0.0,0.0
707152,上櫃,0.0,0.0,0.0
707153,上櫃,0.0,0.0,0.0
707154,上櫃,0.0,0.0,0.0
707155,上櫃,0.0,0.0,0.0
707156,上櫃,0.0,0.0,0.0
707157,上櫃,0.0,0.0,0.0
707158,上櫃,0.0,0.0,0.0
707159,上櫃,0.0,0.0,0.0
707161,上櫃,0.0,0.0,0.0
707163,上櫃,0.0,0.0,0.0
707164,上櫃,0.0,0.0,0.0
707166,上櫃,0.0,0.0,0.0
707167,上櫃,3.45,3.5,20.0
707168,上櫃,0.0,0.0,0.0
707169,上櫃,4.37,4.37,50.0
707170,上櫃,0.0,0.0,0.0
707171,上櫃,0.0,0.0,0.0
707172,上櫃,0.0,0.0,0.0
707173,上櫃,0.0,0.0,0.0
707174,上櫃,0.0,0.0,0.0
707175,上櫃,0.0,0.0,0.0
707176,上櫃,0.26,0.26,100.0
707177,上櫃,0.0,0.0,0.0
707178,上櫃,0.0,0.0,0.0
707179,上櫃,0.0,0.0,0.0
707180,上櫃,6.0,6.0,6.0
707181,上櫃,0.0,0.0,0.0
707182,上櫃,0.0,0.0,0.0
707183,上櫃,0.0,0.0,0.0
707184,上櫃,8.6,9.5,40.0
707185,上櫃,1.17,1.18,492.0
707186,上櫃,0.0,0.0,0.0
707187,上櫃,0.0,0.0,0.0
707188,上櫃,0.2,0.27,300.0
707189,上櫃,0.0,0.0,0.0
707191,上櫃,0.0,0.0,0.0
707192,上櫃,0.0,0.0,0.0
707193,上櫃,5.0,5.0,14.0
707194,上櫃,0.0,0.0,0.0
707195,上櫃,0.0,0.0,0.0
707196,上櫃,0.38,0.39,54.0
707197,上櫃,0.0,0.0,0.0
707198,上櫃,0.5,0.5,210.0
707199,上櫃,0.34,0.34,1.0
707200,上櫃,0.48,0.48,113.0
707201,上櫃,0.0,0.0,0.0
707202,上櫃,0.0,0.0,0.0
707203,上櫃,0.41,0.41,6.0
707204,上櫃,0.0,0.0,0.0
707205,上櫃,3.13,3.4,72.0
707206,上櫃,0.0,0.0,0.0
707208,上櫃,0.0,0.0,0.0
707209,上櫃,2.79,3.2,7.0
707210,上櫃,0.0,0.0,0.0
707211,上櫃,0.0,0.0,0.0
707213,上櫃,1.98,2.2,66.0
707214,上櫃,0.0,0.0,0.0
707215,上櫃,0.39,0.5,275.0
707216,上櫃,0.0,0.0,0.0
707217,上櫃,0.03,0.03,2.0
707218,上櫃,0.0,0.0,0.0
707219,上櫃,0.0,0.0,0.0
707220,上櫃,0.0,0.0,0.0
707221,上櫃,3.55,3.6,616.0
707222,上櫃,1.98,2.04,86.0
707223,上櫃,0.0,0.0,0.0
707224,上櫃,0.0,0.0,0.0
707225,上櫃,6.3,6.3,339.0
707226,上櫃,0.0,0.0,0.0
707227,上櫃,0.0,0.0,0.0
707228,上櫃,0.0,0.0,0.0
707229,上櫃,0.3,0.3,5.0
707230,上櫃,0.0,0.0,0.0
707231,上櫃,0.0,0.0,0.0
707232,上櫃,0.0,0.0,0.0
707233,上櫃,0.0,0.0,0.0
707234,上櫃,0.0,0.0,0.0
707235,上櫃,0.0,0.0,0.0
707236,上櫃,0.0,0.0,0.0
707237,上櫃,6.85,6.85,1.0
707238,上櫃,0.0,0.0,0.0
707239,上櫃,0.87,0.87,25.0
707240,上櫃,0.0,0.0,0.0
707242,上櫃,0.0,0.0,0.0
707243,上櫃,0.0,0.0,0.0
707244,上櫃,0.0,0.0,0.0
707245,上櫃,0.0,0.0,0.0
707246,上櫃,1.0,0.98,632.0
707247,上櫃,0.0,0.0,0.0
707248,上櫃,0.0,0.0,0.0
707249,上櫃,0.0,0.0,0.0
707250,上櫃,5.8,5.8,55.0
707251,上櫃,0.23,0.23,122.0
707252,上櫃,0.0,0.0,0.0
707253,上櫃,0.0,0.0,0.0
707255,上櫃,0.0,0.0,0.0
707256,上櫃,0.1,0.1,10.0
707257,上櫃,0.0,0.0,0.0
707258,上櫃,3.79,3.97,9.0
707259,上櫃,0.0,0.0,0.0
707260,上櫃,0.0,0.0,0.0
707261,上櫃,0.0,0.0,0.0
707262,上櫃,0.0,0.0,0.0
707263,上櫃,0.74,0.75,272.0
707264,上櫃,0.0,0.0,0.0
707265,上櫃,0.0,0.0,0.0
707266,上櫃,1.71,1.87,700.0
707267,上櫃,1.87,1.87,20.0
707268,上櫃,0.25,0.26,15.0
707269,上櫃,0.72,0.72,21.0
707270,上櫃,0.0,0.0,0.0
707271,上櫃,0.0,0.0,0.0
707272,上櫃,1.16,1.16,7.0
707273,上櫃,1.05,1.07,176.0
707274,上櫃,0.31,0.31,40.0
707275,上櫃,0.0,0.0,0.0
707276,上櫃,1.58,1.62,218.0
707277,上櫃,0.0,0.0,0.0
707278,上櫃,0.97,0.98,69.0
707279,上櫃,0.27,0.27,9.0
707280,上櫃,0.0,0.0,0.0
707281,上櫃,0.07,0.07,4.0
707282,上櫃,0.0,0.0,0.0
707283,上櫃,0.0,0.0,0.0
707284,上櫃,0.2,0.2,28.0
707285,上櫃,0.37,0.37,10.0
707286,上櫃,0.84,0.84,10.0
707287,上櫃,0.0,0.0,0.0
707288,上櫃,0.0,0.0,0.0
707289,上櫃,2.62,2.62,1.0
707290,上櫃,0.0,0.0,0.0
707291,上櫃,0.0,0.0,0.0
707292,上櫃,0.0,0.0,0.0
707293,上櫃,0.59,0.63,2.0
707294,上櫃,0.0,0.0,0.0
707295,上櫃,0.0,0.0,0.0
707296,上櫃,0.0,0.0,0.0
707297,上櫃,0.0,0.0,0.0
707298,上櫃,0.0,0.0,0.0
707299,上櫃,1.95,2.05,112.0
707300,上櫃,0.0,0.0,0.0
707301,上櫃,0.0,0.0,0.0
707302,上櫃,4.35,4.57,94.0
707303,上櫃,0.0,0.0,0.0
707304,上櫃,0.0,0.0,0.0
707305,上櫃,3.78,3.78,1.0
707306,上櫃,3.37,3.37,930.0
707307,上櫃,3.09,3.17,93.0
707308,上櫃,2.53,3.62,1145.0
707309,上櫃,0.0,0.0,0.0
707310,上櫃,0.26,0.3,94.0
707311,上櫃,0.32,0.32,31.0
707312,上櫃,2.1,2.31,371.0
707313,上櫃,0.52,0.52,99.0
707314,上櫃,1.57,1.67,921.0
707315,上櫃,2.6,2.7,230.0
707316,上櫃,0.0,0.0,0.0
707317,上櫃,2.9,2.72,12.0
707318,上櫃,2.85,2.85,71.0
707319,上櫃,0.0,0.0,0.0
707320,上櫃,0.29,0.28,2737.0
707321,上櫃,0.0,0.0,0.0
707322,上櫃,0.0,0.0,0.0
707323,上櫃,0.88,0.89,281.0
707324,上櫃,18.2,18.4,5.0
707325,上櫃,1.88,1.88,10.0
707326,上櫃,1.49,1.47,23.0
707327,上櫃,1.0,0.97,179.0
707328,上櫃,1.15,1.23,3105.0
707329,上櫃,0.36,0.36,20.0
707330,上櫃,3.5,3.5,1.0
707331,上櫃,1.88,1.88,10.0
707332,上櫃,0.0,0.0,0.0
707333,上櫃,1.76,1.83,94.0
707334,上櫃,1.37,1.45,38.0
707335,上櫃,1.3,1.33,1904.0
707336,上櫃,0.91,0.92,233.0
707337,上櫃,0.23,0.23,20.0
707338,上櫃,0.0,0.0,0.0
707339,上櫃,0.0,0.0,0.0
707340,上櫃,1.27,1.27,1.0
707341,上櫃,1.21,1.21,70.0
707342,上櫃,0.9,0.89,278.0
707343,上櫃,2.25,2.27,39.0
707344,上櫃,0.0,0.0,0.0
707345,上櫃,0.0,0.0,0.0
707346,上櫃,0.47,0.47,71.0
707347,上櫃,0.77,0.77,19.0
707348,上櫃,0.0,0.0,0.0
707349,上櫃,1.78,1.78,20.0
707350,上櫃,1.64,1.64,2.0
707351,上櫃,0.0,0.0,0.0
707352,上櫃,1.62,1.66,93.0
707353,上櫃,1.7,1.77,43.0
707354,上櫃,1.0,1.0,15.0
707355,上櫃,0.0,0.0,0.0
707356,上櫃,1.18,1.18,66.0
707357,上櫃,0.0,0.0,0.0
707358,上櫃,0.0,0.0,0.0
707359,上櫃,0.0,0.0,0.0
707360,上櫃,0.0,0.0,0.0
707361,上櫃,0.0,0.0,0.0
707362,上櫃,0.0,0.0,0.0
707363,上櫃,0.0,0.0,0.0
707364,上櫃,5.2,5.5,12.0
707365,上櫃,0.0,0.0,0.0
707366,上櫃,0.15,0.16,20.0
707367,上櫃,0.0,0.0,0.0
707368,上櫃,0.0,0.0,0.0
707369,上櫃,0.0,0.0,0.0
707370,上櫃,0.88,1.2,989.0
707371,上櫃,1.56,1.74,127.0
707372,上櫃,0.0,0.0,0.0
707373,上櫃,0.99,1.09,109.0
707374,上櫃,2.65,2.95,214.0
707375,上櫃,0.0,0.0,0.0
707376,上櫃,0.67,0.67,200.0
707377,上櫃,0.0,0.0,0.0
707378,上櫃,0.0,0.0,0.0
707379,上櫃,0.0,0.0,0.0
707380,上櫃,0.0,0.0,0.0
707381,上櫃,4.18,4.18,7.0
707382,上櫃,0.93,0.89,752.0
707383,上櫃,0.0,0.0,0.0
707384,上櫃,0.0,0.0,0.0
707385,上櫃,0.0,0.0,0.0
707387,上櫃,0.0,0.0,0.0
707388,上櫃,0.0,0.0,0.0
707389,上櫃,0.0,0.0,0.0
707390,上櫃,0.34,0.34,25.0
707392,上櫃,6.35,6.35,1.0
707393,上櫃,0.0,0.0,0.0
707394,上櫃,1.63,1.59,11.0
707395,上櫃,0.0,0.0,0.0
707396,上櫃,0.0,0.0,0.0
707397,上櫃,0.23,0.3,2507.0
707398,上櫃,0.0,0.0,0.0
707399,上櫃,0.0,0.0,0.0
707400,上櫃,0.0,0.0,0.0
707401,上櫃,0.0,0.0,0.0
707402,上櫃,0.0,0.0,0.0
707403,上櫃,0.0,0.0,0.0
707404,上櫃,0.0,0.0,0.0
707405,上櫃,0.6,0.6,29.0
707406,上櫃,0.0,0.0,0.0
707407,上櫃,0.0,0.0,0.0
707408,上櫃,0.68,0.73,110.0
707409,上櫃,0.43,0.43,164.0
707410,上櫃,0.0,0.0,0.0
707411,上櫃,0.4,0.4,30.0
707412,上櫃,0.0,0.0,0.0
707413,上櫃,1.09,1.17,220.0
707414,上櫃,1.16,1.19,262.0
707415,上櫃,0.0,0.0,0.0
707416,上櫃,0.0,0.0,0.0
707417,上櫃,0.74,0.74,20.0
707418,上櫃,0.0,0.0,0.0
707419,上櫃,0.0,0.0,0.0
707420,上櫃,0.0,0.0,0.0
707421,上櫃,0.0,0.0,0.0
707422,上櫃,2.6,2.7,92.0
707423,上櫃,0.82,0.83,73.0
707424,上櫃,0.0,0.0,0.0
707425,上櫃,0.79,0.79,5.0
707426,上櫃,1.87,1.87,5.0
707427,上櫃,0.0,0.0,0.0
707428,上櫃,0.0,0.0,0.0
707429,上櫃,0.81,0.75,21.0
707430,上櫃,0.0,0.0,0.0
707431,上櫃,0.0,0.0,0.0
707433,上櫃,0.0,0.0,0.0
707434,上櫃,0.0,0.0,0.0
707435,上櫃,0.6,0.6,1.0
707436,上櫃,0.0,0.0,0.0
707437,上櫃,0.0,0.0,0.0
707438,上櫃,0.0,0.0,0.0
707439,上櫃,0.77,0.86,1781.0
707440,上櫃,0.0,0.0,0.0
707441,上櫃,0.0,0.0,0.0
707442,上櫃,0.0,0.0,0.0
707443,上櫃,0.0,0.0,0.0
707444,上櫃,0.0,0.0,0.0
707445,上櫃,0.0,0.0,0.0
707447,上櫃,0.0,0.0,0.0
707448,上櫃,0.0,0.0,0.0
707449,上櫃,2.17,2.22,26.0
707450,上櫃,0.0,0.0,0.0
707451,上櫃,0.0,0.0,0.0
707452,上櫃,0.0,0.0,0.0
707453,上櫃,0.0,0.0,0.0
707454,上櫃,0.89,0.94,1113.0
707455,上櫃,0.79,0.82,137.0
707456,上櫃,0.0,0.0,0.0
707457,上櫃,0.0,0.0,0.0
707458,上櫃,0.44,0.43,200.0
707459,上櫃,0.0,0.0,0.0
707460,上櫃,0.0,0.0,0.0
707461,上櫃,0.0,0.0,0.0
707462,上櫃,0.0,0.0,0.0
707463,上櫃,0.0,0.0,0.0
707464,上櫃,0.35,0.35,9.0
707465,上櫃,0.0,0.0,0.0
707466,上櫃,0.0,0.0,0.0
707467,上櫃,0.0,0.0,0.0
707468,上櫃,0.0,0.0,0.0
707469,上櫃,0.0,0.0,0.0
707470,上櫃,0.52,0.52,5.0
707471,上櫃,0.0,0.0,0.0
707472,上櫃,0.56,0.67,1696.0
707473,上櫃,0.0,0.0,0.0
707474,上櫃,0.9,0.86,25.0
707475,上櫃,0.41,0.49,1710.0
707476,上櫃,0.41,0.41,1.0
707477,上櫃,0.0,0.0,0.0
707478,上櫃,1.2,1.2,1.0
707479,上櫃,0.0,0.0,0.0
707480,上櫃,0.0,0.0,0.0
707481,上櫃,0.0,0.0,0.0
707482,上櫃,0.0,0.0,0.0
707483,上櫃,0.0,0.0,0.0
707484,上櫃,0.0,0.0,0.0
707485,上櫃,0.0,0.0,0.0
707487,上櫃,0.0,0.0,0.0
707488,上櫃,0.0,0.0,0.0
707489,上櫃,0.0,0.0,0.0
707490,上櫃,0.0,0.0,0.0
707491,上櫃,0.0,0.0,0.0
707492,上櫃,0.14,0.13,58.0
707493,上櫃,0.0,0.0,0.0
707494,上櫃,0.0,0.0,0.0
707495,上櫃,0.0,0.0,0.0
707496,上櫃,0.0,0.0,0.0
707497,上櫃,0.0,0.0,0.0
707498,上櫃,0.0,0.0,0.0
707499,上櫃,0.04,0.04,19.0
707500,上櫃,0.0,0.0,0.0
707503,上櫃,0.0,0.0,0.0
707504,上櫃,0.14,0.14,998.0
707505,上櫃,0.0,0.0,0.0
707506,上櫃,0.3,0.28,500.0
707507,上櫃,0.0,0.0,0.0
707508,上櫃,0.0,0.0,0.0
707509,上櫃,0.0,0.0,0.0
707510,上櫃,0.05,0.05,20.0
707511,上櫃,0.46,0.57,2742.0
707512,上櫃,1.77,2.07,223.0
707513,上櫃,0.0,0.0,0.0
707514,上櫃,0.0,0.0,0.0
707515,上櫃,0.18,0.19,805.0
707516,上櫃,0.0,0.0,0.0
707517,上櫃,0.0,0.0,0.0
707518,上櫃,0.0,0.0,0.0
707519,上櫃,0.0,0.0,0.0
707520,上櫃,0.0,0.0,0.0
707521,上櫃,0.09,0.09,100.0
707522,上櫃,0.0,0.0,0.0
707523,上櫃,2.17,2.17,3.0
707524,上櫃,1.71,1.71,10.0
707525,上櫃,0.56,0.61,240.0
707526,上櫃,0.0,0.0,0.0
707527,上櫃,0.39,0.39,499.0
707528,上櫃,0.0,0.0,0.0
707529,上櫃,0.0,0.0,0.0
707530,上櫃,0.0,0.0,0.0
707531,上櫃,3.42,3.67,124.0
707533,上櫃,0.0,0.0,0.0
707534,上櫃,0.0,0.0,0.0
707535,上櫃,0.19,0.19,34.0
707536,上櫃,1.14,1.14,10.0
707537,上櫃,0.0,0.0,0.0
707538,上櫃,0.0,0.0,0.0
707539,上櫃,0.0,0.0,0.0
707541,上櫃,1.93,2.13,12.0
707542,上櫃,6.8,6.8,9.0
707543,上櫃,0.0,0.0,0.0
707544,上櫃,0.0,0.0,0.0
707545,上櫃,0.0,0.0,0.0
707546,上櫃,0.0,0.0,0.0
707547,上櫃,0.0,0.0,0.0
707548,上櫃,0.0,0.0,0.0
707549,上櫃,0.0,0.0,0.0
707550,上櫃,0.0,0.0,0.0
707551,上櫃,0.0,0.0,0.0
707552,上櫃,0.0,0.0,0.0
707553,上櫃,0.0,0.0,0.0
707554,上櫃,0.0,0.0,0.0
707555,上櫃,0.0,0.0,0.0
707556,上櫃,0.0,0.0,0.0
707557,上櫃,0.0,0.0,0.0
707558,上櫃,0.0,0.0,0.0
707559,上櫃,0.03,0.04,16.0
707560,上櫃,0.0,0.0,0.0
707561,上櫃,0.0,0.0,0.0
707562,上櫃,0.0,0.0,0.0
707563,上櫃,0.0,0.0,0.0
707564,上櫃,0.0,0.0,0.0
707565,上櫃,0.11,0.11,700.0
707566,上櫃,0.0,0.0,0.0
707567,上櫃,0.0,0.0,0.0
707568,上櫃,0.0,0.0,0.0
707569,上櫃,0.26,0.26,5.0
707570,上櫃,0.0,0.0,0.0
707571,上櫃,0.0,0.0,0.0
707572,上櫃,0.13,0.13,124.0
707573,上櫃,0.18,0.18,100.0
707574,上櫃,1.84,1.84,1.0
707575,上櫃,0.0,0.0,0.0
707576,上櫃,1.42,1.42,1.0
707577,上櫃,0.48,0.46,348.0
707578,上櫃,0.84,0.83,27.0
707579,上櫃,0.15,0.15,58.0
707580,上櫃,0.19,0.2,128.0
707581,上櫃,0.15,0.16,648.0
707582,上櫃,0.0,0.0,0.0
707583,上櫃,0.72,0.73,109.0
707584,上櫃,0.0,0.0,0.0
707585,上櫃,0.0,0.0,0.0
707586,上櫃,0.0,0.0,0.0
707587,上櫃,2.08,2.08,5.0
707588,上櫃,0.0,0.0,0.0
707589,上櫃,1.7,1.7,1.0
707590,上櫃,0.46,0.46,355.0
707592,上櫃,0.0,0.0,0.0
707593,上櫃,0.42,0.43,35.0
707594,上櫃,0.0,0.0,0.0
707595,上櫃,0.0,0.0,0.0
707596,上櫃,0.88,0.88,84.0
707597,上櫃,0.0,0.0,0.0
707598,上櫃,0.0,0.0,0.0
707599,上櫃,0.0,0.0,0.0
707600,上櫃,0.0,0.0,0.0
707601,上櫃,0.0,0.0,0.0
707602,上櫃,0.0,0.0,0.0
707603,上櫃,0.6,0.6,20.0
707604,上櫃,0.0,0.0,0.0
707605,上櫃,0.0,0.0,0.0
707606,上櫃,0.0,0.0,0.0
707608,上櫃,0.0,0.0,0.0
707609,上櫃,2.05,2.01,812.0
707610,上櫃,0.0,0.0,0.0
707611,上櫃,0.0,0.0,0.0
707612,上櫃,0.0,0.0,0.0
707613,上櫃,0.0,0.0,0.0
707614,上櫃,1.57,1.58,911.0
707615,上櫃,0.0,0.0,0.0
707616,上櫃,0.0,0.0,0.0
707617,上櫃,0.42,0.43,13.0
707618,上櫃,0.27,0.3,1496.0
707619,上櫃,0.0,0.0,0.0
707620,上櫃,0.0,0.0,0.0
707621,上櫃,0.0,0.0,0.0
707622,上櫃,0.44,0.44,58.0
707623,上櫃,0.0,0.0,0.0
707624,上櫃,0.0,0.0,0.0
707625,上櫃,3.71,3.92,4.0
707626,上櫃,0.0,0.0,0.0
707627,上櫃,0.0,0.0,0.0
707628,上櫃,0.0,0.0,0.0
707629,上櫃,0.0,0.0,0.0
707631,上櫃,0.0,0.0,0.0
707632,上櫃,0.0,0.0,0.0
707633,上櫃,0.0,0.0,0.0
707634,上櫃,0.0,0.0,0.0
707635,上櫃,0.0,0.0,0.0
707636,上櫃,0.0,0.0,0.0
707637,上櫃,0.0,0.0,0.0
707638,上櫃,0.05,0.05,15.0
707639,上櫃,0.0,0.0,0.0
707640,上櫃,0.0,0.0,0.0
707641,上櫃,0.0,0.0,0.0
707642,上櫃,0.0,0.0,0.0
707643,上櫃,0.0,0.0,0.0
707644,上櫃,0.0,0.0,0.0
707645,上櫃,0.0,0.0,0.0
707646,上櫃,0.14,0.14,2.0
707647,上櫃,0.0,0.0,0.0
707648,上櫃,0.0,0.0,0.0
707649,上櫃,0.0,0.0,0.0
707650,上櫃,0.0,0.0,0.0
707651,上櫃,0.0,0.0,0.0
707652,上櫃,0.0,0.0,0.0
707653,上櫃,0.0,0.0,0.0
707654,上櫃,0.0,0.0,0.0
707655,上櫃,0.0,0.0,0.0
707656,上櫃,0.0,0.0,0.0
707657,上櫃,0.26,0.26,114.0
707658,上櫃,0.0,0.0,0.0
707659,上櫃,0.0,0.0,0.0
707660,上櫃,0.24,0.24,25.0
707661,上櫃,0.0,0.0,0.0
707664,上櫃,0.0,0.0,0.0
707665,上櫃,0.12,0.12,300.0
707666,上櫃,3.13,3.13,2.0
707667,上櫃,0.0,0.0,0.0
707668,上櫃,0.0,0.0,0.0
707669,上櫃,0.0,0.0,0.0
707670,上櫃,0.0,0.0,0.0
707671,上櫃,0.0,0.0,0.0
707672,上櫃,0.0,0.0,0.0
707673,上櫃,0.0,0.0,0.0
707674,上櫃,0.0,0.0,0.0
707676,上櫃,0.39,0.39,25.0
707677,上櫃,0.82,0.81,49.0
707678,上櫃,0.0,0.0,0.0
707679,上櫃,0.0,0.0,0.0
707680,上櫃,0.2,0.2,10.0
707681,上櫃,3.3,3.37,1691.0
707682,上櫃,0.0,0.0,0.0
707683,上櫃,0.0,0.0,0.0
707684,上櫃,0.0,0.0,0.0
707685,上櫃,0.0,0.0,0.0
707686,上櫃,0.38,0.38,1.0
707687,上櫃,0.58,0.58,10.0
707688,上櫃,1.07,1.09,142.0
707689,上櫃,1.24,1.38,147.0
707690,上櫃,0.46,0.49,60.0
707691,上櫃,0.0,0.0,0.0
707692,上櫃,0.0,0.0,0.0
707693,上櫃,0.29,0.29,27.0
707694,上櫃,0.0,0.0,0.0
707695,上櫃,0.0,0.0,0.0
707696,上櫃,0.0,0.0,0.0
707697,上櫃,0.0,0.0,0.0
707698,上櫃,0.3,0.3,63.0
707699,上櫃,0.0,0.0,0.0
707700,上櫃,0.0,0.0,0.0
707701,上櫃,0.76,0.76,20.0
707702,上櫃,0.78,0.78,19.0
707703,上櫃,0.29,0.29,1.0
707704,上櫃,0.0,0.0,0.0
707705,上櫃,1.76,1.85,95.0
707706,上櫃,0.0,0.0,0.0
707707,上櫃,0.0,0.0,0.0
707708,上櫃,0.06,0.06,50.0
707709,上櫃,0.0,0.0,0.0
707710,上櫃,0.73,0.73,3.0
707711,上櫃,0.7,1.0,15.0
707712,上櫃,0.61,0.61,188.0
707713,上櫃,0.86,0.83,50.0
707714,上櫃,0.06,0.06,10.0
707715,上櫃,1.71,1.71,8.0
707716,上櫃,0.11,0.15,453.0
707717,上櫃,0.17,0.2,880.0
707718,上櫃,1.29,1.2,17.0
707719,上櫃,0.95,0.94,26.0
707720,上櫃,0.0,0.0,0.0
707721,上櫃,1.15,1.37,556.0
707722,上櫃,1.1,1.1,5.0
707724,上櫃,0.0,0.0,0.0
707725,上櫃,1.5,1.5,3.0
707726,上櫃,0.31,0.31,10.0
707727,上櫃,0.0,0.0,0.0
707728,上櫃,0.0,0.0,0.0
707729,上櫃,0.0,0.0,0.0
707730,上櫃,2.82,2.92,44.0
707731,上櫃,0.0,0.0,0.0
707732,上櫃,0.0,0.0,0.0
707733,上櫃,0.0,0.0,0.0
707734,上櫃,0.72,0.88,126.0
707735,上櫃,0.49,0.58,603.0
707736,上櫃,0.0,0.0,0.0
707738,上櫃,0.0,0.0,0.0
707739,上櫃,0.0,0.0,0.0
707740,上櫃,0.88,0.89,25.0
707741,上櫃,0.0,0.0,0.0
707742,上櫃,2.5,2.8,25.0
707743,上櫃,3.41,3.78,17.0
707744,上櫃,0.0,0.0,0.0
707746,上櫃,2.07,2.07,1.0
707747,上櫃,0.76,0.95,161.0
707748,上櫃,1.2,1.6,455.0
707749,上櫃,0.72,0.72,100.0
707750,上櫃,0.69,0.69,9.0
707751,上櫃,0.0,0.0,0.0
707752,上櫃,0.11,0.11,400.0
707753,上櫃,0.4,0.5,89.0
707754,上櫃,1.96,2.3,47.0
707755,上櫃,2.05,2.23,460.0
707756,上櫃,0.0,0.0,0.0
707757,上櫃,0.7,0.82,1252.0
707758,上櫃,0.85,1.01,1440.0
707759,上櫃,0.84,0.86,193.0
707760,上櫃,0.0,0.0,0.0
707761,上櫃,0.0,0.0,0.0
707762,上櫃,0.0,0.0,0.0
707763,上櫃,1.52,1.79,1326.0
707764,上櫃,1.47,1.79,237.0
707765,上櫃,1.84,2.05,226.0
707766,上櫃,0.0,0.0,0.0
707767,上櫃,7.6,7.5,126.0
707768,上櫃,0.0,0.0,0.0
707769,上櫃,0.0,0.0,0.0
707770,上櫃,0.15,0.1,950.0
707771,上櫃,1.76,1.71,19.0
707772,上櫃,3.2,3.52,128.0
707773,上櫃,0.0,0.0,0.0
707774,上櫃,0.0,0.0,0.0
707775,上櫃,2.38,1.76,50.0
707776,上櫃,0.71,0.69,99.0
707777,上櫃,12.6,12.6,2.0
707778,上櫃,3.0,2.99,90.0
707779,上櫃,0.0,0.0,0.0
707780,上櫃,0.29,0.49,169.0
707781,上櫃,0.0,0.0,0.0
707782,上櫃,0.14,0.14,160.0
707783,上櫃,0.0,0.0,0.0
707784,上櫃,0.0,0.0,0.0
707785,上櫃,0.14,0.14,4.0
707786,上櫃,0.36,0.36,10.0
707787,上櫃,0.0,0.0,0.0
707788,上櫃,0.35,0.31,137.0
707789,上櫃,0.0,0.0,0.0
707790,上櫃,0.62,0.64,19.0
707791,上櫃,0.0,0.0,0.0
707792,上櫃,0.72,0.7,737.0
707793,上櫃,0.0,0.0,0.0
707794,上櫃,0.0,0.0,0.0
707795,上櫃,4.46,4.3,70.0
707796,上櫃,3.73,3.93,211.0
707797,上櫃,3.54,3.54,177.0
707798,上櫃,3.36,3.42,734.0
707799,上櫃,1.13,1.19,144.0
707800,上櫃,0.0,0.0,0.0
707801,上櫃,0.0,0.0,0.0
707802,上櫃,0.0,0.0,0.0
707803,上櫃,0.15,0.15,1.0
707804,上櫃,0.21,0.23,156.0
707805,上櫃,0.0,0.0,0.0
707806,上櫃,2.4,2.3,59.0
707807,上櫃,0.0,0.0,0.0
707808,上櫃,0.0,0.0,0.0
707809,上櫃,0.26,0.26,4.0
707810,上櫃,0.67,0.67,10.0
707811,上櫃,0.0,0.0,0.0
707812,上櫃,4.91,4.91,18.0
707813,上櫃,3.1,3.03,42.0
707814,上櫃,0.0,0.0,0.0
707815,上櫃,0.0,0.0,0.0
707816,上櫃,0.18,0.18,5.0
707817,上櫃,0.0,0.0,0.0
707818,上櫃,0.03,0.03,169.0
707819,上櫃,0.0,0.0,0.0
707820,上櫃,0.52,0.52,129.0
707821,上櫃,0.66,0.86,593.0
707822,上櫃,1.06,1.13,28.0
707823,上櫃,0.0,0.0,0.0
707824,上櫃,0.0,0.0,0.0
707825,上櫃,0.0,0.0,0.0
707827,上櫃,0.0,0.0,0.0
707828,上櫃,2.43,2.37,88.0
707829,上櫃,4.68,4.75,438.0
707830,上櫃,0.0,0.0,0.0
707831,上櫃,0.0,0.0,0.0
707832,上櫃,0.0,0.0,0.0
707833,上櫃,0.21,0.21,11.0
707834,上櫃,0.6,0.8,261.0
707835,上櫃,0.44,0.66,82.0
707836,上櫃,0.0,0.0,0.0
707837,上櫃,0.0,0.0,0.0
707838,上櫃,0.93,1.15,40.0
707839,上櫃,0.95,0.94,141.0
707840,上櫃,0.69,0.75,207.0
707841,上櫃,0.0,0.0,0.0
707842,上櫃,0.0,0.0,0.0
707843,上櫃,1.05,1.04,110.0
707844,上櫃,0.91,0.99,1013.0
707845,上櫃,0.44,0.44,100.0
707846,上櫃,0.21,0.22,550.0
707847,上櫃,0.82,0.93,912.0
707848,上櫃,0.85,0.93,3696.0
707849,上櫃,1.17,1.24,282.0
707850,上櫃,1.16,1.22,1505.0
707851,上櫃,0.34,0.44,1526.0
707852,上櫃,3.59,3.71,439.0
707853,上櫃,0.0,0.0,0.0
707854,上櫃,0.53,0.53,3.0
707855,上櫃,0.0,0.0,0.0
707856,上櫃,0.0,0.0,0.0
707857,上櫃,0.04,0.04,5.0
707858,上櫃,0.85,0.92,1283.0
707859,上櫃,1.01,1.15,2793.0
707860,上櫃,0.25,0.35,71.0
707861,上櫃,0.0,0.0,0.0
707862,上櫃,0.0,0.0,0.0
707863,上櫃,0.0,0.0,0.0
707864,上櫃,0.3,0.36,707.0
707865,上櫃,0.39,0.38,60.0
707866,上櫃,0.12,0.12,5.0
707867,上櫃,0.0,0.0,0.0
707868,上櫃,0.0,0.0,0.0
707869,上櫃,0.0,0.0,0.0
707870,上櫃,0.0,0.0,0.0
707871,上櫃,0.0,0.0,0.0
707872,上櫃,0.0,0.0,0.0
707873,上櫃,0.21,0.23,12.0
707874,上櫃,0.25,0.25,37.0
707875,上櫃,0.0,0.0,0.0
707876,上櫃,0.21,0.21,3.0
707877,上櫃,0.0,0.0,0.0
707878,上櫃,0.12,0.11,7.0
707879,上櫃,0.0,0.0,0.0
707881,上櫃,1.08,1.21,1022.0
707882,上櫃,0.0,0.0,0.0
707883,上櫃,1.84,2.12,5.0
707884,上櫃,1.95,1.95,1.0
707885,上櫃,0.0,0.0,0.0
707886,上櫃,0.0,0.0,0.0
707887,上櫃,0.0,0.0,0.0
707888,上櫃,0.0,0.0,0.0
707889,上櫃,0.9,0.88,798.0
707890,上櫃,0.0,0.0,0.0
707891,上櫃,2.21,2.88,16.0
707892,上櫃,0.32,0.32,325.0
707893,上櫃,0.0,0.0,0.0
707894,上櫃,0.0,0.0,0.0
707895,上櫃,0.54,0.52,35.0
707896,上櫃,0.38,0.46,585.0
707897,上櫃,0.0,0.0,0.0
707898,上櫃,0.13,0.13,100.0
707899,上櫃,0.0,0.0,0.0
707900,上櫃,0.09,0.09,30.0
707901,上櫃,0.3,0.3,5.0
707902,上櫃,0.58,0.57,112.0
707903,上櫃,0.8,0.93,13.0
707904,上櫃,0.0,0.0,0.0
707906,上櫃,0.0,0.0,0.0
707907,上櫃,0.0,0.0,0.0
707908,上櫃,0.0,0.0,0.0
707909,上櫃,0.0,0.0,0.0
707910,上櫃,0.0,0.0,0.0
707911,上櫃,0.0,0.0,0.0
707912,上櫃,0.07,0.07,50.0
707913,上櫃,0.01,0.01,6.0
707914,上櫃,0.0,0.0,0.0
707915,上櫃,0.18,0.19,359.0
707916,上櫃,0.0,0.0,0.0
707917,上櫃,0.2,0.28,1915.0
707918,上櫃,0.0,0.0,0.0
707919,上櫃,0.0,0.0,0.0
707920,上櫃,0.0,0.0,0.0
707921,上櫃,0.0,0.0,0.0
707922,上櫃,0.0,0.0,0.0
707923,上櫃,1.83,1.83,44.0
707924,上櫃,0.0,0.0,0.0
707925,上櫃,0.0,0.0,0.0
707926,上櫃,0.0,0.0,0.0
707927,上櫃,0.0,0.0,0.0
707928,上櫃,1.48,1.63,224.0
707929,上櫃,0.0,0.0,0.0
707930,上櫃,0.1,0.1,120.0
707931,上櫃,3.35,4.01,240.0
707932,上櫃,0.0,0.0,0.0
707933,上櫃,0.22,0.24,884.0
707934,上櫃,0.33,0.35,289.0
707935,上櫃,0.52,0.72,1753.0
707936,上櫃,2.58,2.86,220.0
707937,上櫃,0.0,0.0,0.0
707938,上櫃,0.9,0.9,21.0
707939,上櫃,0.0,0.0,0.0
707940,上櫃,0.0,0.0,0.0
707941,上櫃,0.0,0.0,0.0
707942,上櫃,0.0,0.0,0.0
707943,上櫃,0.0,0.0,0.0
707944,上櫃,0.0,0.0,0.0
707945,上櫃,0.0,0.0,0.0
707946,上櫃,2.33,2.33,9.0
707947,上櫃,0.99,0.99,78.0
707948,上櫃,0.25,0.25,10.0
707949,上櫃,0.0,0.0,0.0
707950,上櫃,0.79,0.76,17.0
707951,上櫃,0.0,0.0,0.0
707952,上櫃,0.0,0.0,0.0
707953,上櫃,0.0,0.0,0.0
707954,上櫃,0.09,0.1,41.0
707955,上櫃,0.0,0.0,0.0
707956,上櫃,0.0,0.0,0.0
707957,上櫃,0.0,0.0,0.0
707958,上櫃,0.0,0.0,0.0
707959,上櫃,0.0,0.0,0.0
707960,上櫃,1.13,1.2,3.0
707961,上櫃,1.28,1.38,60.0
707962,上櫃,0.95,1.04,540.0
707963,上櫃,0.55,0.56,1231.0
707964,上櫃,0.41,0.4,600.0
707965,上櫃,0.42,0.46,245.0
707966,上櫃,0.0,0.0,0.0
707967,上櫃,0.0,0.0,0.0
707968,上櫃,0.0,0.0,0.0
707969,上櫃,0.0,0.0,0.0
707970,上櫃,0.96,0.97,83.0
707971,上櫃,2.95,2.95,20.0
707972,上櫃,0.41,0.45,16.0
707973,上櫃,0.0,0.0,0.0
707974,上櫃,1.31,1.31,6.0
707975,上櫃,1.13,1.11,35.0
707976,上櫃,0.0,0.0,0.0
707977,上櫃,0.28,0.27,60.0
707978,上櫃,0.44,0.44,1.0
707979,上櫃,0.0,0.0,0.0
707980,上櫃,0.0,0.0,0.0
707981,上櫃,0.0,0.0,0.0
707982,上櫃,0.0,0.0,0.0
707983,上櫃,0.0,0.0,0.0
707984,上櫃,0.0,0.0,0.0
707985,上櫃,0.64,0.65,268.0
707986,上櫃,0.0,0.0,0.0
707987,上櫃,2.08,2.02,16.0
707988,上櫃,0.0,0.0,0.0
707989,上櫃,0.0,0.0,0.0
707990,上櫃,0.0,0.0,0.0
707991,上櫃,1.48,1.66,22.0
707992,上櫃,1.0,1.18,56.0
707993,上櫃,0.53,0.53,10.0
707994,上櫃,0.0,0.0,0.0
707995,上櫃,0.0,0.0,0.0
707996,上櫃,0.49,0.59,255.0
707997,上櫃,1.46,1.46,112.0
707998,上櫃,0.82,0.92,811.0
707999,上櫃,0.19,0.19,16.0
708000,上櫃,0.0,0.0,0.0
708001,上櫃,1.54,1.54,69.0
708002,上櫃,0.0,0.0,0.0
708003,上櫃,0.0,0.0,0.0
708004,上櫃,0.04,0.05,101.0
708005,上櫃,0.0,0.0,0.0
708006,上櫃,0.21,0.24,4009.0
708007,上櫃,0.0,0.0,0.0
708008,上櫃,0.77,0.9,1082.0
708009,上櫃,0.0,0.0,0.0
708010,上櫃,0.0,0.0,0.0
708011,上櫃,0.0,0.0,0.0
708012,上櫃,0.35,0.35,5.0
708013,上櫃,0.61,0.47,121.0
708014,上櫃,0.0,0.0,0.0
708015,上櫃,4.4,4.36,7.0
708016,上櫃,1.83,2.22,43.0
708017,上櫃,0.89,1.14,123.0
708018,上櫃,0.0,0.0,0.0
708019,上櫃,0.13,0.13,1080.0
708020,上櫃,1.69,1.92,3.0
708021,上櫃,0.88,1.11,87.0
708022,上櫃,0.0,0.0,0.0
708023,上櫃,0.0,0.0,0.0
708024,上櫃,0.1,0.11,103.0
708025,上櫃,0.66,0.75,93.0
708026,上櫃,0.0,0.0,0.0
708027,上櫃,0.25,0.28,2601.0
708028,上櫃,0.2,0.2,15.0
708029,上櫃,0.0,0.0,0.0
708030,上櫃,0.0,0.0,0.0
708031,上櫃,1.0,1.16,143.0
708032,上櫃,2.55,2.74,50.0
708033,上櫃,0.11,0.12,1000.0
708034,上櫃,0.0,0.0,0.0
708035,上櫃,0.67,0.67,60.0
708036,上櫃,0.0,0.0,0.0
708037,上櫃,0.74,0.73,555.0
708038,上櫃,1.18,1.2,135.0
708039,上櫃,0.0,0.0,0.0
708040,上櫃,0.14,0.14,1.0
708041,上櫃,0.0,0.0,0.0
708042,上櫃,0.0,0.0,0.0
708043,上櫃,0.24,0.27,514.0
708044,上櫃,1.04,1.04,318.0
708045,上櫃,0.0,0.0,0.0
708046,上櫃,0.2,0.2,50.0
708047,上櫃,0.0,0.0,0.0
708048,上櫃,0.0,0.0,0.0
708049,上櫃,0.0,0.0,0.0
708050,上櫃,1.53,1.51,33.0
708051,上櫃,0.0,0.0,0.0
708052,上櫃,0.0,0.0,0.0
708053,上櫃,0.0,0.0,0.0
708054,上櫃,2.64,3.02,58.0
708055,上櫃,0.42,0.53,1224.0
708056,上櫃,0.0,0.0,0.0
708057,上櫃,0.0,0.0,0.0
708058,上櫃,1.63,1.63,2.0
708059,上櫃,0.0,0.0,0.0
708060,上櫃,0.0,0.0,0.0
708061,上櫃,0.93,1.25,211.0
708062,上櫃,0.0,0.0,0.0
708063,上櫃,0.34,0.4,366.0
708064,上櫃,1.67,1.99,132.0
708065,上櫃,1.22,1.38,359.0
708066,上櫃,0.49,0.6,587.0
708067,上櫃,0.94,0.98,452.0
708068,上櫃,0.0,0.0,0.0
708069,上櫃,0.0,0.0,0.0
708070,上櫃,0.74,0.78,62.0
708071,上櫃,0.16,0.17,6.0
708072,上櫃,0.0,0.0,0.0
708073,上櫃,1.12,1.16,792.0
708074,上櫃,1.47,1.71,53.0
708075,上櫃,0.0,0.0,0.0
708076,上櫃,0.91,1.09,482.0
708077,上櫃,0.0,0.0,0.0
708078,上櫃,0.0,0.0,0.0
708079,上櫃,0.0,0.0,0.0
708080,上櫃,0.0,0.0,0.0
708081,上櫃,0.0,0.0,0.0
708082,上櫃,0.0,0.0,0.0
708083,上櫃,0.86,0.87,1793.0
708084,上櫃,0.87,0.96,1474.0
708085,上櫃,0.74,0.82,1827.0
708086,上櫃,0.21,0.21,16.0
708087,上櫃,0.16,0.16,256.0
708088,上櫃,0.48,0.56,31.0
708089,上櫃,0.87,0.97,235.0
708090,上櫃,4.01,4.01,1.0
708091,上櫃,1.76,1.81,66.0
708092,上櫃,0.0,0.0,0.0
708093,上櫃,0.4,0.5,462.0
708094,上櫃,0.0,0.0,0.0
708095,上櫃,0.0,0.0,0.0
708096,上櫃,0.0,0.0,0.0
708097,上櫃,0.0,0.0,0.0
708098,上櫃,0.0,0.0,0.0
708099,上櫃,0.0,0.0,0.0
708100,上櫃,0.0,0.0,0.0
708101,上櫃,0.19,0.2,84.0
708102,上櫃,0.0,0.0,0.0
708103,上櫃,0.0,0.0,0.0
708104,上櫃,0.0,0.0,0.0
708105,上櫃,0.33,0.33,40.0
708106,上櫃,0.0,0.0,0.0
708107,上櫃,0.66,0.66,5.0
708108,上櫃,0.0,0.0,0.0
708109,上櫃,0.13,0.14,200.0
708110,上櫃,0.81,0.69,1826.0
708111,上櫃,0.0,0.0,0.0
708112,上櫃,1.5,1.48,40.0
708113,上櫃,0.0,0.0,0.0
708114,上櫃,1.17,1.17,1.0
708115,上櫃,0.91,0.98,1564.0
708116,上櫃,0.68,0.68,1.0
708117,上櫃,0.22,0.28,893.0
708118,上櫃,1.82,1.82,5.0
708119,上櫃,2.81,3.64,170.0
708120,上櫃,0.7,0.7,2.0
708121,上櫃,0.0,0.0,0.0
708122,上櫃,0.84,0.83,39.0
708123,上櫃,0.0,0.0,0.0
708124,上櫃,0.17,0.18,21.0
708125,上櫃,0.83,0.87,57.0
708126,上櫃,0.55,0.55,1.0
708127,上櫃,0.0,0.0,0.0
708128,上櫃,3.37,3.4,67.0
708129,上櫃,2.13,2.31,399.0
708130,上櫃,1.48,1.49,90.0
708131,上櫃,1.46,1.51,138.0
708132,上櫃,1.23,1.23,5.0
708133,上櫃,0.0,0.0,0.0
708134,上櫃,0.0,0.0,0.0
708135,上櫃,1.02,0.98,49.0
708136,上櫃,1.21,1.13,80.0
708137,上櫃,0.0,0.0,0.0
708138,上櫃,0.82,0.91,1442.0
708139,上櫃,0.79,0.85,1000.0
708140,上櫃,0.87,0.97,639.0
708141,上櫃,0.0,0.0,0.0
708142,上櫃,0.0,0.0,0.0
708143,上櫃,0.0,0.0,0.0
708144,上櫃,0.0,0.0,0.0
708145,上櫃,0.0,0.0,0.0
708146,上櫃,0.5,0.5,30.0
708147,上櫃,0.0,0.0,0.0
708148,上櫃,1.3,1.48,70.0
708149,上櫃,0.22,0.22,127.0
708150,上櫃,0.0,0.0,0.0
708151,上櫃,0.0,0.0,0.0
708152,上櫃,0.57,0.66,1226.0
708153,上櫃,0.0,0.0,0.0
708154,上櫃,0.0,0.0,0.0
708155,上櫃,0.0,0.0,0.0
708156,上櫃,0.0,0.0,0.0
708157,上櫃,0.0,0.0,0.0
708158,上櫃,0.0,0.0,0.0
708159,上櫃,0.46,0.46,616.0
708160,上櫃,0.16,0.16,562.0
708161,上櫃,0.0,0.0,0.0
708162,上櫃,0.09,0.09,40.0
708163,上櫃,0.0,0.0,0.0
708164,上櫃,0.57,0.64,990.0
708165,上櫃,0.42,0.48,1905.0
708166,上櫃,0.09,0.09,13.0
708167,上櫃,1.43,1.55,131.0
708168,上櫃,1.57,1.65,322.0
708169,上櫃,0.0,0.0,0.0
708170,上櫃,0.0,0.0,0.0
708171,上櫃,0.0,0.0,0.0
708172,上櫃,0.12,0.14,36.0
708173,上櫃,1.34,1.72,168.0
708174,上櫃,0.0,0.0,0.0
708175,上櫃,0.0,0.0,0.0
708176,上櫃,1.44,1.59,328.0
708177,上櫃,0.0,0.0,0.0
708178,上櫃,0.0,0.0,0.0
708179,上櫃,0.74,0.82,1026.0
708180,上櫃,0.89,0.89,1.0
708181,上櫃,1.01,1.17,361.0
708182,上櫃,0.0,0.0,0.0
708183,上櫃,0.38,0.42,755.0
708184,上櫃,0.0,0.0,0.0
708185,上櫃,0.0,0.0,0.0
708186,上櫃,1.65,1.87,26.0
708187,上櫃,2.97,2.97,63.0
708188,上櫃,1.97,1.91,49.0
708189,上櫃,0.88,0.76,116.0
708190,上櫃,0.61,0.61,4.0
708191,上櫃,0.0,0.0,0.0
708192,上櫃,0.0,0.0,0.0
708193,上櫃,0.11,0.12,7.0
708194,上櫃,0.26,0.32,166.0
708195,上櫃,0.65,1.01,383.0
708197,上櫃,0.0,0.0,0.0
708198,上櫃,0.0,0.0,0.0
708199,上櫃,0.0,0.0,0.0
708201,上櫃,0.0,0.0,0.0
708202,上櫃,0.0,0.0,0.0
708203,上櫃,0.0,0.0,0.0
708204,上櫃,0.0,0.0,0.0
708205,上櫃,0.0,0.0,0.0
708206,上櫃,0.0,0.0,0.0
708207,上櫃,0.74,0.76,206.0
708208,上櫃,0.0,0.0,0.0
708209,上櫃,0.59,0.59,245.0
708210,上櫃,2.6,2.92,109.0
708211,上櫃,0.0,0.0,0.0
708212,上櫃,0.0,0.0,0.0
708213,上櫃,0.0,0.0,0.0
708214,上櫃,0.0,0.0,0.0
708215,上櫃,0.0,0.0,0.0
708216,上櫃,2.39,2.27,158.0
708217,上櫃,2.36,2.8,104.0
708218,上櫃,0.0,0.0,0.0
708219,上櫃,0.0,0.0,0.0
708220,上櫃,0.0,0.0,0.0
708221,上櫃,0.0,0.0,0.0
708222,上櫃,0.44,0.44,136.0
708223,上櫃,0.0,0.0,0.0
708225,上櫃,0.0,0.0,0.0
708226,上櫃,0.53,0.53,100.0
708227,上櫃,0.0,0.0,0.0
708228,上櫃,0.17,0.18,5.0
708229,上櫃,0.71,0.75,845.0
708230,上櫃,0.0,0.0,0.0
708231,上櫃,0.0,0.0,0.0
708232,上櫃,0.95,0.87,66.0
708233,上櫃,0.35,0.35,15.0
708234,上櫃,0.0,0.0,0.0
708235,上櫃,0.58,0.64,1690.0
708236,上櫃,0.0,0.0,0.0
708237,上櫃,3.3,3.3,1.0
708238,上櫃,0.0,0.0,0.0
708239,上櫃,0.0,0.0,0.0
708240,上櫃,0.0,0.0,0.0
708241,上櫃,0.0,0.0,0.0
708242,上櫃,0.27,0.34,237.0
708243,上櫃,0.0,0.0,0.0
708244,上櫃,0.0,0.0,0.0
708245,上櫃,0.0,0.0,0.0
708246,上櫃,1.69,1.5,72.0
708247,上櫃,0.0,0.0,0.0
708248,上櫃,0.0,0.0,0.0
708249,上櫃,6.8,6.8,15.0
708250,上櫃,0.19,0.24,1131.0
708252,上櫃,0.0,0.0,0.0
708253,上櫃,0.0,0.0,0.0
708254,上櫃,0.0,0.0,0.0
708255,上櫃,0.88,0.88,15.0
708256,上櫃,0.52,0.67,580.0
708257,上櫃,0.28,0.31,65.0
708258,上櫃,0.73,0.81,101.0
708259,上櫃,0.0,0.0,0.0
708260,上櫃,0.0,0.0,0.0
708261,上櫃,0.0,0.0,0.0
708262,上櫃,0.0,0.0,0.0
708263,上櫃,0.0,0.0,0.0
708264,上櫃,0.0,0.0,0.0
708265,上櫃,0.0,0.0,0.0
708266,上櫃,0.17,0.17,1150.0
708267,上櫃,0.21,0.21,400.0
708268,上櫃,0.51,0.51,93.0
708269,上櫃,0.0,0.0,0.0
708270,上櫃,0.16,0.2,85.0
708271,上櫃,0.0,0.0,0.0
708272,上櫃,0.0,0.0,0.0
708273,上櫃,0.55,0.66,92.0
708274,上櫃,0.0,0.0,0.0
708275,上櫃,0.0,0.0,0.0
708276,上櫃,0.0,0.0,0.0
708277,上櫃,0.0,0.0,0.0
708278,上櫃,0.0,0.0,0.0
708279,上櫃,0.08,0.09,466.0
708280,上櫃,0.51,0.55,119.0
708281,上櫃,0.0,0.0,0.0
708282,上櫃,0.0,0.0,0.0
708283,上櫃,0.0,0.0,0.0
708284,上櫃,0.0,0.0,0.0
708285,上櫃,0.5,0.5,52.0
708286,上櫃,1.25,1.29,26.0
708287,上櫃,0.06,0.07,355.0
708288,上櫃,0.09,0.09,10.0
708289,上櫃,0.0,0.0,0.0
708290,上櫃,0.57,0.57,30.0
708291,上櫃,0.0,0.0,0.0
708292,上櫃,0.34,0.35,410.0
708293,上櫃,0.0,0.0,0.0
708294,上櫃,0.09,0.1,220.0
708295,上櫃,0.0,0.0,0.0
708296,上櫃,0.0,0.0,0.0
708297,上櫃,0.0,0.0,0.0
708298,上櫃,0.0,0.0,0.0
708299,上櫃,0.4,0.4,28.0
708300,上櫃,0.0,0.0,0.0
708301,上櫃,0.0,0.0,0.0
708302,上櫃,1.11,1.19,365.0
708303,上櫃,0.0,0.0,0.0
708304,上櫃,0.0,0.0,0.0
708305,上櫃,0.0,0.0,0.0
708306,上櫃,1.11,1.11,10.0
708307,上櫃,1.2,1.2,50.0
708308,上櫃,0.0,0.0,0.0
708309,上櫃,0.0,0.0,0.0
708310,上櫃,0.0,0.0,0.0
708311,上櫃,0.0,0.0,0.0
708312,上櫃,0.0,0.0,0.0
708313,上櫃,0.0,0.0,0.0
708314,上櫃,0.0,0.0,0.0
708315,上櫃,0.0,0.0,0.0
708316,上櫃,0.23,0.23,350.0
708317,上櫃,0.0,0.0,0.0
708318,上櫃,0.0,0.0,0.0
708319,上櫃,0.0,0.0,0.0
708320,上櫃,0.0,0.0,0.0
708322,上櫃,0.96,0.98,15.0
708323,上櫃,0.0,0.0,0.0
708324,上櫃,0.0,0.0,0.0
708325,上櫃,0.0,0.0,0.0
708326,上櫃,0.71,0.7,92.0
708327,上櫃,0.0,0.0,0.0
708328,上櫃,0.0,0.0,0.0
708329,上櫃,0.27,0.27,100.0
708330,上櫃,0.3,0.33,1454.0
708331,上櫃,0.06,0.08,4.0
708332,上櫃,0.07,0.07,30.0
708333,上櫃,0.0,0.0,0.0
708334,上櫃,0.0,0.0,0.0
708335,上櫃,0.32,0.39,270.0
708336,上櫃,0.0,0.0,0.0
708337,上櫃,1.33,1.48,380.0
708339,上櫃,0.0,0.0,0.0
708340,上櫃,0.0,0.0,0.0
708341,上櫃,1.0,1.06,546.0
708342,上櫃,1.16,1.16,15.0
708343,上櫃,0.0,0.0,0.0
708344,上櫃,0.95,1.03,646.0
708345,上櫃,0.58,0.58,55.0
708346,上櫃,0.35,0.43,140.0
708347,上櫃,0.0,0.0,0.0
708348,上櫃,0.0,0.0,0.0
708349,上櫃,1.09,1.09,33.0
708350,上櫃,1.12,1.17,91.0
708351,上櫃,0.0,0.0,0.0
708352,上櫃,0.39,0.39,10.0
708353,上櫃,0.31,0.39,87.0
708354,上櫃,0.0,0.0,0.0
708355,上櫃,0.0,0.0,0.0
708356,上櫃,0.0,0.0,0.0
708357,上櫃,0.0,0.0,0.0
708358,上櫃,0.46,0.51,5.0
708359,上櫃,0.0,0.0,0.0
708360,上櫃,0.49,0.49,10.0
708361,上櫃,0.0,0.0,0.0
708362,上櫃,1.86,1.9,112.0
708363,上櫃,1.57,1.54,170.0
708364,上櫃,0.0,0.0,0.0
708365,上櫃,0.0,0.0,0.0
708366,上櫃,0.47,0.48,225.0
708367,上櫃,0.0,0.0,0.0
708368,上櫃,0.0,0.0,0.0
708369,上櫃,0.21,0.21,35.0
708370,上櫃,0.59,0.53,143.0
708371,上櫃,0.85,0.94,819.0
708372,上櫃,0.9,0.89,242.0
708373,上櫃,1.29,1.34,2.0
708374,上櫃,1.0,1.03,265.0
708376,上櫃,0.0,0.0,0.0
708377,上櫃,0.28,0.28,11.0
708378,上櫃,0.0,0.0,0.0
708379,上櫃,0.0,0.0,0.0
708380,上櫃,0.48,0.48,20.0
708381,上櫃,0.0,0.0,0.0
708382,上櫃,0.43,0.43,1.0
708383,上櫃,0.67,0.72,284.0
708384,上櫃,0.24,0.24,5.0
708385,上櫃,0.0,0.0,0.0
708386,上櫃,12.4,12.4,1.0
708387,上櫃,0.82,0.81,43.0
708388,上櫃,0.0,0.0,0.0
708389,上櫃,0.48,0.48,18.0
708390,上櫃,0.0,0.0,0.0
708391,上櫃,0.0,0.0,0.0
708392,上櫃,0.0,0.0,0.0
708393,上櫃,0.0,0.0,0.0
708395,上櫃,0.0,0.0,0.0
708396,上櫃,0.57,0.57,20.0
708397,上櫃,0.18,0.18,2.0
708398,上櫃,0.0,0.0,0.0
708399,上櫃,0.0,0.0,0.0
708400,上櫃,0.0,0.0,0.0
708401,上櫃,1.27,1.42,414.0
708402,上櫃,0.0,0.0,0.0
708403,上櫃,0.44,0.44,200.0
708404,上櫃,0.26,0.26,8.0
708405,上櫃,0.0,0.0,0.0
708406,上櫃,0.33,0.47,327.0
708407,上櫃,0.44,0.44,30.0
708408,上櫃,0.1,0.1,509.0
708409,上櫃,0.0,0.0,0.0
708410,上櫃,0.37,0.43,32.0
708411,上櫃,0.0,0.0,0.0
708412,上櫃,1.73,1.73,1.0
708413,上櫃,1.37,2.7,21.0
708414,上櫃,2.03,2.15,23.0
708415,上櫃,0.7,0.67,630.0
708416,上櫃,0.61,0.58,491.0
708417,上櫃,0.0,0.0,0.0
708418,上櫃,1.93,1.95,8.0
708419,上櫃,2.52,2.52,3.0
708420,上櫃,0.46,0.45,22.0
708421,上櫃,0.0,0.0,0.0
708422,上櫃,0.19,0.2,12.0
708423,上櫃,0.0,0.0,0.0
708424,上櫃,0.0,0.0,0.0
708425,上櫃,0.36,0.32,106.0
708426,上櫃,0.0,0.0,0.0
708427,上櫃,0.0,0.0,0.0
708428,上櫃,0.35,0.37,121.0
708429,上櫃,2.79,2.79,28.0
708430,上櫃,0.0,0.0,0.0
708431,上櫃,0.0,0.0,0.0
708432,上櫃,0.0,0.0,0.0
708433,上櫃,0.43,0.44,682.0
708434,上櫃,0.41,0.42,140.0
708435,上櫃,0.63,0.61,1546.0
708436,上櫃,0.0,0.0,0.0
708437,上櫃,0.34,0.39,1224.0
708438,上櫃,0.78,0.88,745.0
708439,上櫃,0.0,0.0,0.0
708440,上櫃,2.09,2.08,17.0
708441,上櫃,0.0,0.0,0.0
708442,上櫃,0.29,0.29,150.0
708443,上櫃,0.39,0.38,60.0
708444,上櫃,0.0,0.0,0.0
708445,上櫃,0.11,0.15,292.0
708446,上櫃,1.93,1.9,335.0
708447,上櫃,0.0,0.0,0.0
708448,上櫃,0.46,0.46,1.0
708449,上櫃,0.0,0.0,0.0
708450,上櫃,4.85,4.97,41.0
708451,上櫃,4.2,4.47,36.0
708452,上櫃,0.55,0.66,16.0
708453,上櫃,0.89,0.93,105.0
708454,上櫃,0.12,0.12,1.0
708455,上櫃,0.0,0.0,0.0
708456,上櫃,0.0,0.0,0.0
708457,上櫃,1.46,1.46,1.0
708458,上櫃,0.1,0.1,110.0
708459,上櫃,0.0,0.0,0.0
708460,上櫃,0.32,0.3,503.0
708461,上櫃,0.54,0.46,47.0
708462,上櫃,0.58,0.56,1137.0
708463,上櫃,0.45,0.51,1274.0
708464,上櫃,0.67,0.75,878.0
708465,上櫃,0.0,0.0,0.0
708466,上櫃,0.0,0.0,0.0
708467,上櫃,0.0,0.0,0.0
708468,上櫃,0.0,0.0,0.0
708469,上櫃,0.0,0.0,0.0
708470,上櫃,2.36,2.76,217.0
708471,上櫃,0.93,1.18,2233.0
708472,上櫃,0.94,1.04,113.0
708473,上櫃,0.71,0.76,1008.0
708474,上櫃,0.0,0.0,0.0
708475,上櫃,0.0,0.0,0.0
708477,上櫃,0.0,0.0,0.0
708478,上櫃,0.0,0.0,0.0
708479,上櫃,0.0,0.0,0.0
708480,上櫃,1.1,1.05,38.0
708482,上櫃,0.0,0.0,0.0
708484,上櫃,0.0,0.0,0.0
708485,上櫃,0.0,0.0,0.0
708486,上櫃,3.11,3.19,9.0
708487,上櫃,0.0,0.0,0.0
708489,上櫃,0.0,0.0,0.0
708490,上櫃,0.14,0.14,2.0
708491,上櫃,0.15,0.17,601.0
708492,上櫃,0.74,0.67,931.0
708493,上櫃,0.52,0.47,837.0
708494,上櫃,0.0,0.0,0.0
708495,上櫃,1.58,1.75,422.0
708496,上櫃,0.0,0.0,0.0
708497,上櫃,0.43,0.43,3.0
708498,上櫃,1.75,2.19,7.0
708499,上櫃,0.0,0.0,0.0
708500,上櫃,0.0,0.0,0.0
708501,上櫃,1.27,1.25,198.0
708502,上櫃,2.61,2.61,11.0
708503,上櫃,0.66,0.69,135.0
708504,上櫃,0.93,1.03,1033.0
708505,上櫃,0.67,0.7,100.0
708506,上櫃,0.0,0.0,0.0
708507,上櫃,2.63,2.8,355.0
708508,上櫃,2.9,3.15,413.0
708509,上櫃,0.0,0.0,0.0
708510,上櫃,0.0,0.0,0.0
708511,上櫃,0.0,0.0,0.0
708512,上櫃,0.0,0.0,0.0
708513,上櫃,3.85,3.9,58.0
708514,上櫃,0.98,1.0,926.0
708515,上櫃,1.16,1.31,45.0
708516,上櫃,1.17,1.3,309.0
708517,上櫃,0.1,0.11,356.0
708518,上櫃,0.0,0.0,0.0
708519,上櫃,0.55,0.54,794.0
708520,上櫃,0.56,0.6,684.0
708521,上櫃,0.61,0.68,837.0
708522,上櫃,1.14,1.26,110.0
708523,上櫃,0.13,0.14,633.0
708524,上櫃,0.23,0.23,14.0
708525,上櫃,1.76,1.76,3.0
708526,上櫃,0.0,0.0,0.0
708527,上櫃,0.0,0.0,0.0
708528,上櫃,0.0,0.0,0.0
708529,上櫃,1.29,1.23,40.0
708530,上櫃,0.69,0.64,278.0
708531,上櫃,0.45,0.45,10.0
708532,上櫃,0.84,0.91,244.0
708533,上櫃,0.29,0.29,18.0
708534,上櫃,1.82,1.82,5.0
708535,上櫃,0.03,0.03,15.0
708536,上櫃,1.2,1.21,67.0
708537,上櫃,0.0,0.0,0.0
708538,上櫃,1.18,1.75,19.0
708539,上櫃,0.0,0.0,0.0
708540,上櫃,0.0,0.0,0.0
708541,上櫃,0.0,0.0,0.0
708542,上櫃,0.21,0.22,41.0
708543,上櫃,0.39,0.43,713.0
708544,上櫃,4.43,4.44,30.0
708545,上櫃,0.49,0.49,10.0
708546,上櫃,0.0,0.0,0.0
708547,上櫃,0.5,0.53,435.0
708548,上櫃,0.0,0.0,0.0
708549,上櫃,0.0,0.0,0.0
708550,上櫃,1.28,1.3,25.0
708551,上櫃,3.17,3.17,5.0
708552,上櫃,0.47,0.52,14.0
708553,上櫃,0.0,0.0,0.0
708554,上櫃,0.0,0.0,0.0
708555,上櫃,2.49,2.71,168.0
708556,上櫃,0.0,0.0,0.0
708557,上櫃,1.61,1.78,511.0
708558,上櫃,0.4,0.48,1512.0
708559,上櫃,0.38,0.44,600.0
708560,上櫃,0.15,0.15,30.0
708561,上櫃,0.0,0.0,0.0
708562,上櫃,0.29,0.3,394.0
708563,上櫃,0.73,0.72,4.0
708564,上櫃,0.0,0.0,0.0
708565,上櫃,0.0,0.0,0.0
708566,上櫃,0.0,0.0,0.0
708567,上櫃,0.0,0.0,0.0
708568,上櫃,0.0,0.0,0.0
708569,上櫃,0.0,0.0,0.0
708570,上櫃,0.11,0.11,50.0
708571,上櫃,0.24,0.24,1.0
708572,上櫃,0.0,0.0,0.0
708573,上櫃,0.0,0.0,0.0
708574,上櫃,0.0,0.0,0.0
708575,上櫃,0.0,0.0,0.0
708576,上櫃,0.0,0.0,0.0
708577,上櫃,0.0,0.0,0.0
708578,上櫃,0.0,0.0,0.0
708579,上櫃,0.12,0.15,112.0
708580,上櫃,0.13,0.13,70.0
708581,上櫃,0.0,0.0,0.0
708582,上櫃,0.0,0.0,0.0
708583,上櫃,3.38,3.38,60.0
708584,上櫃,0.79,0.79,2.0
708585,上櫃,0.0,0.0,0.0
708586,上櫃,0.0,0.0,0.0
708587,上櫃,0.0,0.0,0.0
708588,上櫃,0.13,0.16,1174.0
708589,上櫃,0.33,0.35,639.0
708590,上櫃,0.57,0.64,2081.0
708591,上櫃,2.98,3.08,13.0
708592,上櫃,0.23,0.23,17.0
708593,上櫃,0.13,0.17,554.0
708594,上櫃,1.38,1.51,255.0
708595,上櫃,0.0,0.0,0.0
708596,上櫃,1.76,1.76,10.0
708597,上櫃,0.0,0.0,0.0
708598,上櫃,0.12,0.12,1160.0
708599,上櫃,0.17,0.17,25.0
708600,上櫃,0.17,0.19,2.0
708601,上櫃,0.19,0.24,54.0
708602,上櫃,0.22,0.22,20.0
708603,上櫃,0.39,0.43,500.0
708604,上櫃,0.24,0.26,191.0
708605,上櫃,5.35,5.35,1.0
708606,上櫃,0.0,0.0,0.0
708607,上櫃,0.83,0.87,172.0
708608,上櫃,0.0,0.0,0.0
708609,上櫃,0.0,0.0,0.0
708610,上櫃,1.08,1.07,148.0
708611,上櫃,0.12,0.15,2069.0
708612,上櫃,0.17,0.18,65.0
708613,上櫃,0.0,0.0,0.0
708614,上櫃,0.0,0.0,0.0
708615,上櫃,0.0,0.0,0.0
708616,上櫃,0.34,0.34,120.0
708617,上櫃,0.63,0.61,34.0
708618,上櫃,0.06,0.07,529.0
708619,上櫃,0.0,0.0,0.0
708620,上櫃,3.67,4.3,12.0
708621,上櫃,0.0,0.0,0.0
708622,上櫃,0.65,0.65,1.0
708623,上櫃,0.0,0.0,0.0
708624,上櫃,0.2,0.26,292.0
708625,上櫃,0.0,0.0,0.0
708626,上櫃,0.0,0.0,0.0
708627,上櫃,0.0,0.0,0.0
708628,上櫃,0.0,0.0,0.0
708629,上櫃,0.0,0.0,0.0
708630,上櫃,0.08,0.08,20.0
708631,上櫃,0.0,0.0,0.0
708632,上櫃,0.0,0.0,0.0
708633,上櫃,0.81,0.81,145.0
708634,上櫃,0.0,0.0,0.0
708635,上櫃,0.0,0.0,0.0
708636,上櫃,1.85,1.85,2.0
708637,上櫃,0.0,0.0,0.0
708638,上櫃,0.0,0.0,0.0
708639,上櫃,0.0,0.0,0.0
708640,上櫃,0.0,0.0,0.0
708642,上櫃,0.0,0.0,0.0
708643,上櫃,0.0,0.0,0.0
708644,上櫃,0.0,0.0,0.0
708645,上櫃,0.19,0.19,10.0
708646,上櫃,0.0,0.0,0.0
708647,上櫃,0.0,0.0,0.0
708648,上櫃,0.31,0.34,703.0
708649,上櫃,0.0,0.0,0.0
708650,上櫃,0.0,0.0,0.0
708651,上櫃,0.63,0.66,362.0
708652,上櫃,0.0,0.0,0.0
708653,上櫃,0.0,0.0,0.0
708654,上櫃,0.0,0.0,0.0
708655,上櫃,0.85,0.84,361.0
708656,上櫃,0.0,0.0,0.0
708657,上櫃,0.0,0.0,0.0
708658,上櫃,0.78,0.77,150.0
708659,上櫃,0.0,0.0,0.0
708660,上櫃,0.18,0.18,10.0
708661,上櫃,0.02,0.02,10.0
708662,上櫃,0.0,0.0,0.0
708664,上櫃,0.0,0.0,0.0
708665,上櫃,0.0,0.0,0.0
708666,上櫃,0.0,0.0,0.0
708667,上櫃,0.0,0.0,0.0
708668,上櫃,0.0,0.0,0.0
708669,上櫃,0.6,0.6,43.0
708670,上櫃,1.98,2.17,15.0
708671,上櫃,1.25,1.25,10.0
708672,上櫃,0.0,0.0,0.0
708673,上櫃,0.0,0.0,0.0
708674,上櫃,0.78,0.77,22.0
708675,上櫃,0.0,0.0,0.0
708676,上櫃,0.0,0.0,0.0
708677,上櫃,0.0,0.0,0.0
708678,上櫃,0.28,0.28,20.0
708679,上櫃,0.0,0.0,0.0
708680,上櫃,0.0,0.0,0.0
708681,上櫃,0.0,0.0,0.0
708682,上櫃,0.25,0.25,660.0
708683,上櫃,0.0,0.0,0.0
708684,上櫃,1.53,1.86,669.0
708685,上櫃,0.57,0.58,252.0
708686,上櫃,0.94,0.94,228.0
708688,上櫃,0.0,0.0,0.0
708689,上櫃,0.0,0.0,0.0
708690,上櫃,0.0,0.0,0.0
708691,上櫃,0.0,0.0,0.0
708692,上櫃,0.0,0.0,0.0
708693,上櫃,0.0,0.0,0.0
708694,上櫃,0.0,0.0,0.0
708695,上櫃,0.0,0.0,0.0
708696,上櫃,0.0,0.0,0.0
708697,上櫃,0.0,0.0,0.0
708698,上櫃,0.63,0.63,39.0
708699,上櫃,1.1,1.1,38.0
708700,上櫃,0.0,0.0,0.0
708701,上櫃,0.0,0.0,0.0
708702,上櫃,0.0,0.0,0.0
708703,上櫃,0.0,0.0,0.0
708704,上櫃,0.61,0.61,89.0
708705,上櫃,0.09,0.09,1.0
708706,上櫃,0.74,0.74,330.0
708707,上櫃,0.85,0.86,601.0
708708,上櫃,0.0,0.0,0.0
708709,上櫃,0.0,0.0,0.0
708710,上櫃,0.0,0.0,0.0
708711,上櫃,5.0,5.0,5.0
708712,上櫃,5.8,5.8,5.0
708713,上櫃,0.0,0.0,0.0
708714,上櫃,0.0,0.0,0.0
708715,上櫃,0.67,0.67,227.0
708716,上櫃,4.08,4.92,10.0
708717,上櫃,0.0,0.0,0.0
708718,上櫃,0.0,0.0,0.0
708719,上櫃,0.0,0.0,0.0
708720,上櫃,0.0,0.0,0.0
708721,上櫃,1.77,1.78,2.0
708722,上櫃,1.5,1.46,114.0
708723,上櫃,0.0,0.0,0.0
708724,上櫃,0.06,0.06,800.0
708725,上櫃,0.15,0.15,6.0
708726,上櫃,1.9,1.85,6.0
708727,上櫃,0.0,0.0,0.0
708728,上櫃,0.0,0.0,0.0
708729,上櫃,0.33,0.33,359.0
708730,上櫃,0.0,0.0,0.0
708731,上櫃,1.42,1.62,268.0
708732,上櫃,1.14,1.31,545.0
708733,上櫃,0.94,1.02,1181.0
708734,上櫃,0.0,0.0,0.0
708735,上櫃,0.0,0.0,0.0
708736,上櫃,0.0,0.0,0.0
708737,上櫃,0.0,0.0,0.0
708738,上櫃,0.0,0.0,0.0
708739,上櫃,0.0,0.0,0.0
708740,上櫃,0.19,0.19,5.0
708741,上櫃,0.0,0.0,0.0
708742,上櫃,0.0,0.0,0.0
708743,上櫃,2.56,2.8,309.0
708744,上櫃,0.0,0.0,0.0
708745,上櫃,0.78,0.81,185.0
708746,上櫃,0.0,0.0,0.0
708747,上櫃,0.0,0.0,0.0
708748,上櫃,0.0,0.0,0.0
708749,上櫃,0.46,0.46,40.0
708750,上櫃,2.06,2.08,284.0
708751,上櫃,3.16,3.17,2.0
708752,上櫃,0.0,0.0,0.0
708753,上櫃,0.0,0.0,0.0
708754,上櫃,0.0,0.0,0.0
708755,上櫃,1.62,1.88,196.0
708756,上櫃,0.0,0.0,0.0
708757,上櫃,0.81,0.81,1.0
708758,上櫃,1.05,1.18,92.0
708759,上櫃,0.0,0.0,0.0
708760,上櫃,4.57,4.57,2.0
708761,上櫃,0.13,0.12,202.0
708762,上櫃,0.0,0.0,0.0
708763,上櫃,0.36,0.33,59.0
708764,上櫃,0.39,0.4,523.0
708766,上櫃,0.51,0.55,167.0
708767,上櫃,0.0,0.0,0.0
708768,上櫃,0.0,0.0,0.0
708769,上櫃,0.0,0.0,0.0
708770,上櫃,0.0,0.0,0.0
708771,上櫃,0.0,0.0,0.0
708772,上櫃,0.0,0.0,0.0
708773,上櫃,1.31,1.32,38.0
708774,上櫃,0.0,0.0,0.0
708775,上櫃,0.0,0.0,0.0
708776,上櫃,0.0,0.0,0.0
708777,上櫃,2.7,2.7,30.0
708778,上櫃,0.0,0.0,0.0
708779,上櫃,0.86,0.81,80.0
708780,上櫃,0.0,0.0,0.0
708781,上櫃,0.36,0.4,714.0
708782,上櫃,0.0,0.0,0.0
708783,上櫃,0.0,0.0,0.0
708784,上櫃,2.56,2.97,45.0
708785,上櫃,0.0,0.0,0.0
708786,上櫃,0.45,0.48,443.0
708787,上櫃,0.0,0.0,0.0
708788,上櫃,0.14,0.14,1.0
708789,上櫃,1.84,2.01,280.0
708790,上櫃,0.0,0.0,0.0
708791,上櫃,0.0,0.0,0.0
708792,上櫃,0.0,0.0,0.0
708793,上櫃,1.33,1.31,67.0
708794,上櫃,0.15,0.15,100.0
708795,上櫃,0.0,0.0,0.0
708796,上櫃,0.72,0.7,700.0
708797,上櫃,0.34,0.34,110.0
708798,上櫃,1.78,1.91,53.0
708799,上櫃,2.08,2.08,1.0
708800,上櫃,2.71,2.81,20.0
708801,上櫃,3.37,3.25,12.0
708802,上櫃,0.32,0.32,60.0
708803,上櫃,0.16,0.18,11.0
708804,上櫃,2.08,2.16,34.0
708805,上櫃,0.0,0.0,0.0
708806,上櫃,0.0,0.0,0.0
708807,上櫃,3.25,3.63,118.0
708808,上櫃,3.73,3.95,103.0
708809,上櫃,3.47,3.86,97.0
708810,上櫃,0.0,0.0,0.0
708811,上櫃,0.34,0.34,47.0
708812,上櫃,0.91,0.88,837.0
708813,上櫃,0.0,0.0,0.0
708814,上櫃,1.33,1.46,524.0
708815,上櫃,0.99,1.25,119.0
708816,上櫃,0.6,1.15,131.0
708817,上櫃,0.0,0.0,0.0
708818,上櫃,0.0,0.0,0.0
708819,上櫃,0.0,0.0,0.0
708820,上櫃,0.0,0.0,0.0
708821,上櫃,0.0,0.0,0.0
708822,上櫃,0.48,0.48,26.0
708823,上櫃,0.0,0.0,0.0
708824,上櫃,0.0,0.0,0.0
708825,上櫃,2.48,3.16,144.0
708826,上櫃,0.0,0.0,0.0
708827,上櫃,0.24,0.28,55.0
708828,上櫃,0.17,0.17,1.0
708829,上櫃,0.0,0.0,0.0
708830,上櫃,0.0,0.0,0.0
708831,上櫃,0.56,0.48,477.0
708832,上櫃,0.0,0.0,0.0
708833,上櫃,4.0,4.18,18.0
708834,上櫃,0.0,0.0,0.0
708835,上櫃,0.0,0.0,0.0
708836,上櫃,4.23,4.07,17.0
708837,上櫃,4.41,4.41,3.0
708838,上櫃,0.0,0.0,0.0
708839,上櫃,0.0,0.0,0.0
708840,上櫃,1.84,1.97,31.0
708841,上櫃,0.0,0.0,0.0
708842,上櫃,2.58,2.58,2.0
708843,上櫃,1.18,1.18,128.0
708844,上櫃,0.0,0.0,0.0
708845,上櫃,0.12,0.12,20.0
708846,上櫃,0.83,0.83,3.0
708847,上櫃,1.56,1.56,14.0
708848,上櫃,0.0,0.0,0.0
708849,上櫃,0.0,0.0,0.0
708850,上櫃,0.23,0.22,519.0
708851,上櫃,0.0,0.0,0.0
708852,上櫃,0.79,0.79,51.0
708853,上櫃,1.43,1.6,100.0
708854,上櫃,1.39,1.65,196.0
708855,上櫃,1.81,1.81,25.0
708856,上櫃,0.94,0.77,175.0
708857,上櫃,0.09,0.09,50.0
708858,上櫃,0.51,0.53,7.0
708859,上櫃,0.93,0.94,8.0
708860,上櫃,0.0,0.0,0.0
708861,上櫃,1.15,1.19,1626.0
708862,上櫃,1.04,1.01,57.0
708863,上櫃,0.52,0.53,155.0
708864,上櫃,0.0,0.0,0.0
708865,上櫃,0.0,0.0,0.0
708866,上櫃,1.8,1.8,23.0
708867,上櫃,0.0,0.0,0.0
708868,上櫃,0.0,0.0,0.0
708869,上櫃,0.87,0.94,47.0
708870,上櫃,0.99,1.11,924.0
708871,上櫃,0.42,0.42,1.0
708872,上櫃,0.0,0.0,0.0
708873,上櫃,2.39,2.54,11.0
708874,上櫃,1.72,1.77,55.0
708875,上櫃,0.39,0.42,258.0
708876,上櫃,0.0,0.0,0.0
708877,上櫃,0.41,0.41,1.0
708878,上櫃,2.26,2.51,1426.0
708880,上櫃,2.44,2.22,18.0
708881,上櫃,0.0,0.0,0.0
708882,上櫃,0.0,0.0,0.0
708883,上櫃,0.21,0.21,110.0
708884,上櫃,0.0,0.0,0.0
708885,上櫃,0.0,0.0,0.0
708886,上櫃,1.69,1.71,23.0
708887,上櫃,0.27,0.27,100.0
708888,上櫃,1.03,1.07,419.0
708889,上櫃,0.93,0.93,829.0
708890,上櫃,0.0,0.0,0.0
708891,上櫃,0.0,0.0,0.0
708892,上櫃,0.62,0.59,53.0
708893,上櫃,1.88,2.29,532.0
708894,上櫃,2.13,2.44,912.0
708895,上櫃,0.35,0.35,100.0
708896,上櫃,0.11,0.11,350.0
708897,上櫃,3.04,3.05,101.0
708898,上櫃,0.0,0.0,0.0
708899,上櫃,0.2,0.21,205.0
708900,上櫃,0.0,0.0,0.0
708901,上櫃,0.0,0.0,0.0
708902,上櫃,0.0,0.0,0.0
708903,上櫃,0.58,0.57,394.0
708904,上櫃,0.62,0.6,1756.0
708905,上櫃,0.55,0.55,61.0
708906,上櫃,0.49,0.47,271.0
708907,上櫃,0.0,0.0,0.0
708908,上櫃,0.0,0.0,0.0
708909,上櫃,0.0,0.0,0.0
708910,上櫃,0.0,0.0,0.0
708911,上櫃,0.0,0.0,0.0
708912,上櫃,1.8,1.8,1.0
708913,上櫃,1.31,1.32,980.0
708914,上櫃,0.7,0.74,238.0
708915,上櫃,0.64,0.68,1420.0
708916,上櫃,0.28,0.28,268.0
708917,上櫃,0.43,0.43,200.0
708918,上櫃,1.17,1.01,338.0
708919,上櫃,0.79,0.96,608.0
708920,上櫃,0.65,0.72,423.0
708921,上櫃,1.5,1.39,3257.0
708922,上櫃,0.94,1.0,84.0
708923,上櫃,0.0,0.0,0.0
708924,上櫃,0.0,0.0,0.0
708925,上櫃,0.0,0.0,0.0
708926,上櫃,0.0,0.0,0.0
708927,上櫃,0.41,0.41,1.0
708928,上櫃,0.0,0.0,0.0
708929,上櫃,0.73,0.74,623.0
708930,上櫃,0.0,0.0,0.0
708931,上櫃,0.37,0.37,150.0
708932,上櫃,0.0,0.0,0.0
708933,上櫃,0.0,0.0,0.0
708934,上櫃,0.0,0.0,0.0
708935,上櫃,0.68,0.69,197.0
708936,上櫃,0.25,0.25,4.0
708937,上櫃,0.0,0.0,0.0
708938,上櫃,0.36,0.36,11.0
708939,上櫃,0.33,0.33,6.0
708940,上櫃,1.75,1.75,3.0
708941,上櫃,0.77,0.7,331.0
708942,上櫃,0.0,0.0,0.0
708943,上櫃,0.46,0.56,42.0
708944,上櫃,0.0,0.0,0.0
708945,上櫃,0.42,0.41,51.0
708946,上櫃,0.0,0.0,0.0
708947,上櫃,0.07,0.07,60.0
708948,上櫃,1.64,1.64,2.0
708949,上櫃,1.05,1.05,10.0
708950,上櫃,0.0,0.0,0.0
708951,上櫃,0.0,0.0,0.0
708952,上櫃,0.0,0.0,0.0
708953,上櫃,0.0,0.0,0.0
708954,上櫃,0.0,0.0,0.0
708955,上櫃,0.0,0.0,0.0
708956,上櫃,1.31,1.31,2.0
708957,上櫃,0.0,0.0,0.0
708958,上櫃,1.43,1.43,2.0
708959,上櫃,1.69,1.69,162.0
708960,上櫃,2.55,2.56,14.0
708961,上櫃,0.28,0.28,70.0
708962,上櫃,0.0,0.0,0.0
708963,上櫃,0.0,0.0,0.0
708964,上櫃,0.0,0.0,0.0
708965,上櫃,0.0,0.0,0.0
708966,上櫃,0.0,0.0,0.0
708967,上櫃,0.0,0.0,0.0
708968,上櫃,0.0,0.0,0.0
708969,上櫃,0.0,0.0,0.0
708970,上櫃,1.14,1.23,21.0
708971,上櫃,0.0,0.0,0.0
708972,上櫃,0.0,0.0,0.0
708973,上櫃,0.0,0.0,0.0
708974,上櫃,0.0,0.0,0.0
708975,上櫃,0.0,0.0,0.0
708976,上櫃,0.0,0.0,0.0
708977,上櫃,0.0,0.0,0.0
708978,上櫃,0.0,0.0,0.0
708979,上櫃,0.0,0.0,0.0
708980,上櫃,0.0,0.0,0.0
708981,上櫃,0.0,0.0,0.0
708982,上櫃,0.0,0.0,0.0
708983,上櫃,0.0,0.0,0.0
708984,上櫃,0.74,0.78,42.0
708985,上櫃,0.0,0.0,0.0
708986,上櫃,0.0,0.0,0.0
708987,上櫃,0.6,0.6,8.0
708988,上櫃,0.0,0.0,0.0
708989,上櫃,0.66,0.59,137.0
708990,上櫃,0.17,0.17,50.0
708991,上櫃,0.42,0.42,30.0
708992,上櫃,0.48,0.46,200.0
708993,上櫃,0.0,0.0,0.0
708994,上櫃,0.3,0.3,1.0
708995,上櫃,0.24,0.24,50.0
708996,上櫃,0.0,0.0,0.0
708997,上櫃,0.29,0.29,109.0
708998,上櫃,0.0,0.0,0.0
708999,上櫃,0.81,0.92,159.0
709000,上櫃,1.21,1.44,329.0
709001,上櫃,0.0,0.0,0.0
709002,上櫃,0.0,0.0,0.0
709003,上櫃,1.55,1.55,50.0
709004,上櫃,2.33,2.64,3236.0
709005,上櫃,0.0,0.0,0.0
709006,上櫃,0.0,0.0,0.0
709007,上櫃,0.0,0.0,0.0
709008,上櫃,0.0,0.0,0.0
709009,上櫃,0.35,0.35,1.0
709010,上櫃,0.0,0.0,0.0
709011,上櫃,0.0,0.0,0.0
709012,上櫃,1.03,1.15,88.0
709013,上櫃,0.0,0.0,0.0
709014,上櫃,0.0,0.0,0.0
709015,上櫃,0.0,0.0,0.0
709016,上櫃,0.0,0.0,0.0
709017,上櫃,0.0,0.0,0.0
709018,上櫃,0.0,0.0,0.0
709019,上櫃,0.36,0.45,3.0
709020,上櫃,0.2,0.2,100.0
709021,上櫃,0.0,0.0,0.0
709022,上櫃,2.4,2.35,15.0
709023,上櫃,2.82,2.82,10.0
709024,上櫃,0.63,0.56,142.0
709025,上櫃,0.0,0.0,0.0
709026,上櫃,0.0,0.0,0.0
709027,上櫃,0.35,0.35,110.0
709028,上櫃,0.0,0.0,0.0
709029,上櫃,0.0,0.0,0.0
709030,上櫃,0.0,0.0,0.0
709031,上櫃,0.0,0.0,0.0
709032,上櫃,2.11,2.15,225.0
709033,上櫃,0.0,0.0,0.0
709034,上櫃,2.06,2.06,1.0
709035,上櫃,0.0,0.0,0.0
709036,上櫃,0.0,0.0,0.0
709037,上櫃,3.42,3.47,7.0
709038,上櫃,0.0,0.0,0.0
709039,上櫃,7.0,6.95,9.0
709040,上櫃,2.16,2.16,10.0
709041,上櫃,0.57,0.57,53.0
709042,上櫃,0.0,0.0,0.0
709043,上櫃,0.0,0.0,0.0
709044,上櫃,0.0,0.0,0.0
709045,上櫃,0.0,0.0,0.0
709046,上櫃,0.95,0.95,1.0
709047,上櫃,0.8,0.78,40.0
709048,上櫃,0.0,0.0,0.0
709049,上櫃,0.0,0.0,0.0
709050,上櫃,0.0,0.0,0.0
709051,上櫃,1.05,1.06,30.0
709052,上櫃,0.19,0.19,20.0
709053,上櫃,0.0,0.0,0.0
709054,上櫃,0.0,0.0,0.0
709055,上櫃,0.0,0.0,0.0
709056,上櫃,0.0,0.0,0.0
709057,上櫃,0.56,0.56,15.0
709058,上櫃,0.0,0.0,0.0
709059,上櫃,0.62,0.62,29.0
709060,上櫃,0.72,0.78,320.0
709061,上櫃,0.0,0.0,0.0
709062,上櫃,0.0,0.0,0.0
709063,上櫃,0.0,0.0,0.0
709064,上櫃,0.0,0.0,0.0
709065,上櫃,0.22,0.22,102.0
709066,上櫃,0.36,0.38,52.0
709067,上櫃,0.44,0.44,20.0
709068,上櫃,0.24,0.24,20.0
709069,上櫃,0.0,0.0,0.0
709070,上櫃,0.19,0.19,15.0
709071,上櫃,0.0,0.0,0.0
709072,上櫃,0.54,0.54,260.0
709073,上櫃,0.0,0.0,0.0
709074,上櫃,0.0,0.0,0.0
709075,上櫃,0.33,0.33,25.0
709076,上櫃,0.0,0.0,0.0
709077,上櫃,0.42,0.42,11.0
709078,上櫃,0.0,0.0,0.0
709079,上櫃,0.62,0.63,2.0
709080,上櫃,0.0,0.0,0.0
709081,上櫃,0.3,0.3,7.0
709082,上櫃,0.37,0.37,3.0
709083,上櫃,1.51,1.46,149.0
709086,上櫃,0.46,0.47,60.0
709087,上櫃,0.0,0.0,0.0
709088,上櫃,0.0,0.0,0.0
709089,上櫃,5.15,6.8,19.0
709090,上櫃,0.0,0.0,0.0
709091,上櫃,0.0,0.0,0.0
709092,上櫃,0.0,0.0,0.0
709093,上櫃,0.9,0.85,136.0
709094,上櫃,2.01,2.39,81.0
709095,上櫃,0.0,0.0,0.0
709096,上櫃,0.0,0.0,0.0
709097,上櫃,16.2,16.6,3.0
709098,上櫃,0.0,0.0,0.0
709099,上櫃,0.0,0.0,0.0
709100,上櫃,1.09,1.04,814.0
709101,上櫃,0.0,0.0,0.0
709102,上櫃,0.43,0.43,2.0
709103,上櫃,1.04,1.1,429.0
709104,上櫃,0.16,0.16,50.0
709105,上櫃,0.0,0.0,0.0
709106,上櫃,0.0,0.0,0.0
709107,上櫃,0.21,0.2,520.0
709108,上櫃,0.0,0.0,0.0
709109,上櫃,1.36,1.41,94.0
709110,上櫃,0.0,0.0,0.0
709111,上櫃,0.0,0.0,0.0
709112,上櫃,0.0,0.0,0.0
709113,上櫃,0.0,0.0,0.0
709114,上櫃,0.0,0.0,0.0
709115,上櫃,0.25,0.29,91.0
709116,上櫃,0.0,0.0,0.0
709117,上櫃,0.0,0.0,0.0
709118,上櫃,2.16,2.04,282.0
709119,上櫃,0.0,0.0,0.0
709120,上櫃,2.58,2.58,14.0
709121,上櫃,0.0,0.0,0.0
709122,上櫃,0.39,0.39,7.0
709123,上櫃,0.0,0.0,0.0
709124,上櫃,0.0,0.0,0.0
709125,上櫃,0.0,0.0,0.0
709126,上櫃,1.33,1.3,28.0
709127,上櫃,0.51,0.58,3.0
709128,上櫃,0.45,0.45,30.0
709129,上櫃,0.0,0.0,0.0
709130,上櫃,1.98,1.98,1.0
709131,上櫃,1.26,1.36,344.0
709132,上櫃,0.0,0.0,0.0
709133,上櫃,0.0,0.0,0.0
709134,上櫃,0.0,0.0,0.0
709135,上櫃,0.0,0.0,0.0
709136,上櫃,0.21,0.21,125.0
709137,上櫃,0.4,0.44,418.0
709138,上櫃,0.0,0.0,0.0
709139,上櫃,0.59,0.59,10.0
709140,上櫃,0.0,0.0,0.0
709141,上櫃,0.0,0.0,0.0
709142,上櫃,0.0,0.0,0.0
709143,上櫃,0.0,0.0,0.0
709144,上櫃,0.0,0.0,0.0
709145,上櫃,0.0,0.0,0.0
709146,上櫃,0.28,0.28,5.0
709147,上櫃,0.75,0.76,149.0
709148,上櫃,0.0,0.0,0.0
709149,上櫃,0.51,0.51,1.0
709150,上櫃,0.53,0.51,70.0
709151,上櫃,0.53,0.54,358.0
709152,上櫃,0.0,0.0,0.0
709153,上櫃,0.24,0.23,120.0
709154,上櫃,0.32,0.33,6.0
709155,上櫃,0.66,0.66,1.0
709156,上櫃,0.0,0.0,0.0
709157,上櫃,0.0,0.0,0.0
709158,上櫃,0.71,0.65,194.0
709159,上櫃,0.64,0.58,73.0
709160,上櫃,0.0,0.0,0.0
709161,上櫃,0.21,0.21,154.0
709162,上櫃,0.0,0.0,0.0
709163,上櫃,0.0,0.0,0.0
709164,上櫃,0.49,0.49,4.0
709165,上櫃,0.0,0.0,0.0
709166,上櫃,0.33,0.35,193.0
709167,上櫃,0.0,0.0,0.0
709168,上櫃,0.28,0.32,178.0
709169,上櫃,0.0,0.0,0.0
709170,上櫃,0.93,0.96,624.0
709171,上櫃,0.56,0.59,64.0
709172,上櫃,1.01,1.07,77.0
709173,上櫃,1.08,1.12,297.0
709174,上櫃,0.0,0.0,0.0
709175,上櫃,0.0,0.0,0.0
709176,上櫃,0.0,0.0,0.0
709177,上櫃,0.0,0.0,0.0
709178,上櫃,0.0,0.0,0.0
709179,上櫃,0.64,0.64,50.0
709180,上櫃,0.72,0.72,1.0
709181,上櫃,0.0,0.0,0.0
709182,上櫃,0.26,0.27,20.0
709183,上櫃,0.0,0.0,0.0
709184,上櫃,0.0,0.0,0.0
709185,上櫃,0.0,0.0,0.0
709186,上櫃,0.0,0.0,0.0
709187,上櫃,0.0,0.0,0.0
709188,上櫃,0.0,0.0,0.0
709189,上櫃,0.11,0.12,49.0
709190,上櫃,0.0,0.0,0.0
709191,上櫃,1.7,1.74,210.0
709192,上櫃,0.68,0.83,11.0
709193,上櫃,0.0,0.0,0.0
709194,上櫃,0.0,0.0,0.0
709195,上櫃,0.0,0.0,0.0
709196,上櫃,1.93,1.94,40.0
709197,上櫃,0.0,0.0,0.0
709198,上櫃,0.0,0.0,0.0
709199,上櫃,0.0,0.0,0.0
709200,上櫃,1.0,0.96,165.0
709201,上櫃,1.24,1.18,43.0
709202,上櫃,1.16,1.18,117.0
709203,上櫃,0.0,0.0,0.0
709204,上櫃,0.0,0.0,0.0
709205,上櫃,0.89,0.86,20.0
709206,上櫃,0.64,0.64,6.0
709207,上櫃,0.25,0.25,50.0
709208,上櫃,0.27,0.26,919.0
709209,上櫃,0.0,0.0,0.0
709210,上櫃,0.82,0.82,6.0
709211,上櫃,0.0,0.0,0.0
709212,上櫃,1.02,0.98,14.0
709213,上櫃,0.0,0.0,0.0
709214,上櫃,0.0,0.0,0.0
709215,上櫃,0.0,0.0,0.0
709216,上櫃,0.0,0.0,0.0
709217,上櫃,0.0,0.0,0.0
709218,上櫃,0.19,0.19,10.0
709219,上櫃,0.0,0.0,0.0
709220,上櫃,0.0,0.0,0.0
709221,上櫃,0.42,0.4,80.0
709222,上櫃,1.32,1.47,592.0
709223,上櫃,0.0,0.0,0.0
709224,上櫃,0.0,0.0,0.0
709225,上櫃,0.0,0.0,0.0
709226,上櫃,0.0,0.0,0.0
709227,上櫃,0.0,0.0,0.0
709228,上櫃,0.0,0.0,0.0
709229,上櫃,0.34,0.34,60.0
709230,上櫃,0.0,0.0,0.0
709231,上櫃,0.0,0.0,0.0
709232,上櫃,0.0,0.0,0.0
709233,上櫃,1.71,1.71,9.0
709234,上櫃,0.0,0.0,0.0
709235,上櫃,1.1,1.29,175.0
709236,上櫃,0.0,0.0,0.0
709237,上櫃,0.6,0.6,1.0
709238,上櫃,0.55,0.55,1.0
709239,上櫃,0.0,0.0,0.0
709240,上櫃,0.0,0.0,0.0
709241,上櫃,0.58,0.59,571.0
709242,上櫃,0.0,0.0,0.0
709243,上櫃,0.0,0.0,0.0
709244,上櫃,1.23,1.29,161.0
709245,上櫃,1.16,1.15,119.0
709246,上櫃,0.27,0.26,20.0
709248,上櫃,1.89,1.89,21.0
709249,上櫃,0.75,0.69,53.0
709250,上櫃,0.85,0.84,262.0
709251,上櫃,0.25,0.25,7.0
709252,上櫃,1.12,1.12,10.0
709253,上櫃,0.0,0.0,0.0
709254,上櫃,2.14,2.51,46.0
709255,上櫃,0.0,0.0,0.0
709256,上櫃,0.0,0.0,0.0
709257,上櫃,0.15,0.15,3.0
709258,上櫃,6.15,6.15,5.0
709259,上櫃,0.64,0.64,28.0
709260,上櫃,0.0,0.0,0.0
709261,上櫃,0.0,0.0,0.0
709262,上櫃,1.12,1.12,180.0
709263,上櫃,0.0,0.0,0.0
709264,上櫃,0.0,0.0,0.0
709265,上櫃,0.0,0.0,0.0
709266,上櫃,0.0,0.0,0.0
709267,上櫃,0.0,0.0,0.0
709268,上櫃,0.0,0.0,0.0
709269,上櫃,0.13,0.16,40.0
709270,上櫃,0.0,0.0,0.0
709271,上櫃,0.63,0.63,154.0
709272,上櫃,0.0,0.0,0.0
709273,上櫃,0.42,0.51,667.0
709274,上櫃,0.0,0.0,0.0
709275,上櫃,0.37,0.48,779.0
709276,上櫃,0.0,0.0,0.0
709277,上櫃,1.43,1.43,359.0
709278,上櫃,1.35,1.39,2.0
709279,上櫃,0.0,0.0,0.0
709280,上櫃,1.95,1.78,18.0
709281,上櫃,0.57,0.57,115.0
709282,上櫃,1.1,1.34,151.0
709283,上櫃,1.16,1.19,289.0
709284,上櫃,0.0,0.0,0.0
709285,上櫃,0.36,0.36,156.0
709286,上櫃,0.0,0.0,0.0
709287,上櫃,0.3,0.35,41.0
709288,上櫃,0.0,0.0,0.0
709289,上櫃,0.0,0.0,0.0
709290,上櫃,0.0,0.0,0.0
709291,上櫃,0.31,0.32,87.0
709292,上櫃,0.3,0.3,55.0
709293,上櫃,0.49,0.56,27.0
709294,上櫃,0.0,0.0,0.0
709295,上櫃,0.47,0.47,5.0
709296,上櫃,1.08,1.01,21.0
709297,上櫃,0.8,0.8,90.0
709298,上櫃,0.43,0.59,125.0
709299,上櫃,0.0,0.0,0.0
709300,上櫃,0.48,0.53,3.0
709301,上櫃,0.35,0.35,486.0
709302,上櫃,0.14,0.13,76.0
709303,上櫃,0.0,0.0,0.0
709305,上櫃,0.0,0.0,0.0
709306,上櫃,0.0,0.0,0.0
709307,上櫃,1.43,1.67,84.0
709308,上櫃,0.58,0.58,1.0
709309,上櫃,0.14,0.14,50.0
709310,上櫃,0.0,0.0,0.0
709311,上櫃,1.21,1.18,501.0
709312,上櫃,0.17,0.19,120.0
709313,上櫃,0.0,0.0,0.0
709314,上櫃,1.77,1.78,27.0
709315,上櫃,0.5,0.51,76.0
709316,上櫃,1.4,1.52,80.0
709317,上櫃,0.0,0.0,0.0
709318,上櫃,0.27,0.27,50.0
709319,上櫃,0.0,0.0,0.0
709320,上櫃,0.0,0.0,0.0
709321,上櫃,0.37,0.36,105.0
709322,上櫃,0.66,0.65,125.0
709323,上櫃,0.46,0.46,203.0
709324,上櫃,0.31,0.31,40.0
709325,上櫃,0.0,0.0,0.0
709326,上櫃,0.14,0.14,1.0
709327,上櫃,0.0,0.0,0.0
709328,上櫃,1.35,1.28,127.0
709329,上櫃,0.0,0.0,0.0
709330,上櫃,0.0,0.0,0.0
709331,上櫃,0.11,0.11,20.0
709332,上櫃,0.21,0.21,30.0
709333,上櫃,0.99,0.99,1.0
709334,上櫃,0.0,0.0,0.0
709335,上櫃,0.23,0.23,9.0
709336,上櫃,0.0,0.0,0.0
709337,上櫃,0.3,0.31,15.0
709338,上櫃,0.0,0.0,0.0
709339,上櫃,0.0,0.0,0.0
709340,上櫃,0.0,0.0,0.0
709341,上櫃,1.22,1.34,441.0
709342,上櫃,0.0,0.0,0.0
709343,上櫃,0.0,0.0,0.0
709344,上櫃,0.0,0.0,0.0
709345,上櫃,0.0,0.0,0.0
709346,上櫃,0.0,0.0,0.0
709347,上櫃,0.28,0.28,21.0
709348,上櫃,0.0,0.0,0.0
709349,上櫃,0.0,0.0,0.0
709350,上櫃,0.0,0.0,0.0
709351,上櫃,0.0,0.0,0.0
709352,上櫃,0.0,0.0,0.0
709353,上櫃,0.0,0.0,0.0
709354,上櫃,0.0,0.0,0.0
709355,上櫃,0.34,0.36,150.0
709356,上櫃,0.0,0.0,0.0
709357,上櫃,0.36,0.36,91.0
709358,上櫃,0.0,0.0,0.0
709359,上櫃,0.0,0.0,0.0
709360,上櫃,0.0,0.0,0.0
709361,上櫃,0.0,0.0,0.0
709362,上櫃,0.0,0.0,0.0
709363,上櫃,0.0,0.0,0.0
709364,上櫃,0.0,0.0,0.0
709365,上櫃,0.66,0.66,30.0
709366,上櫃,0.0,0.0,0.0
709367,上櫃,0.24,0.25,668.0
709368,上櫃,0.43,0.46,1672.0
709369,上櫃,0.0,0.0,0.0
709370,上櫃,0.0,0.0,0.0
709371,上櫃,0.2,0.2,1.0
709372,上櫃,0.0,0.0,0.0
709373,上櫃,0.0,0.0,0.0
709374,上櫃,0.0,0.0,0.0
709375,上櫃,0.0,0.0,0.0
709376,上櫃,0.0,0.0,0.0
709377,上櫃,0.0,0.0,0.0
709378,上櫃,0.0,0.0,0.0
709379,上櫃,0.0,0.0,0.0
709380,上櫃,0.0,0.0,0.0
709381,上櫃,0.0,0.0,0.0
709382,上櫃,0.64,0.64,15.0
709383,上櫃,0.0,0.0,0.0
709384,上櫃,0.24,0.24,40.0
709385,上櫃,0.0,0.0,0.0
709386,上櫃,1.13,1.1,93.0
709387,上櫃,0.0,0.0,0.0
709388,上櫃,0.64,0.65,5.0
709389,上櫃,0.0,0.0,0.0
709390,上櫃,0.42,0.42,4.0
709391,上櫃,0.0,0.0,0.0
709392,上櫃,0.0,0.0,0.0
709393,上櫃,0.0,0.0,0.0
709394,上櫃,0.0,0.0,0.0
709395,上櫃,0.1,0.1,5.0
709396,上櫃,0.0,0.0,0.0
709397,上櫃,0.0,0.0,0.0
709398,上櫃,0.43,0.42,30.0
709399,上櫃,0.27,0.28,105.0
709400,上櫃,0.0,0.0,0.0
709401,上櫃,0.0,0.0,0.0
709402,上櫃,0.0,0.0,0.0
709403,上櫃,0.43,0.42,2208.0
709404,上櫃,0.12,0.12,1.0
709405,上櫃,0.19,0.2,25.0
709406,上櫃,0.0,0.0,0.0
709407,上櫃,0.0,0.0,0.0
709408,上櫃,1.3,1.39,40.0
709409,上櫃,1.32,1.17,3555.0
709410,上櫃,0.0,0.0,0.0
709411,上櫃,0.0,0.0,0.0
709412,上櫃,0.0,0.0,0.0
709413,上櫃,1.0,0.94,220.0
709414,上櫃,0.0,0.0,0.0
709415,上櫃,0.0,0.0,0.0
709416,上櫃,1.37,1.63,616.0
709417,上櫃,0.0,0.0,0.0
709418,上櫃,0.79,0.85,60.0
709419,上櫃,0.9,1.0,144.0
709420,上櫃,0.0,0.0,0.0
709421,上櫃,0.0,0.0,0.0
709422,上櫃,0.3,0.3,10.0
709423,上櫃,0.0,0.0,0.0
709424,上櫃,0.0,0.0,0.0
709425,上櫃,0.0,0.0,0.0
709426,上櫃,0.0,0.0,0.0
709427,上櫃,0.0,0.0,0.0
709428,上櫃,0.0,0.0,0.0
709429,上櫃,0.56,0.56,92.0
709430,上櫃,0.0,0.0,0.0
709431,上櫃,0.0,0.0,0.0
709432,上櫃,0.05,0.05,300.0
709433,上櫃,0.0,0.0,0.0
709434,上櫃,0.39,0.43,150.0
709435,上櫃,0.0,0.0,0.0
709436,上櫃,0.0,0.0,0.0
709437,上櫃,0.0,0.0,0.0
709438,上櫃,0.0,0.0,0.0
709439,上櫃,0.0,0.0,0.0
709440,上櫃,2.47,2.47,10.0
709441,上櫃,0.6,0.6,26.0
709442,上櫃,0.0,0.0,0.0
709443,上櫃,0.23,0.21,549.0
709444,上櫃,0.0,0.0,0.0
709445,上櫃,0.04,0.04,10.0
709446,上櫃,0.0,0.0,0.0
709447,上櫃,0.0,0.0,0.0
709448,上櫃,3.63,3.84,103.0
709449,上櫃,0.0,0.0,0.0
709450,上櫃,2.98,2.92,7.0
709451,上櫃,0.19,0.19,10.0
709452,上櫃,0.3,0.29,624.0
709453,上櫃,0.0,0.0,0.0
709454,上櫃,0.0,0.0,0.0
709455,上櫃,0.0,0.0,0.0
709456,上櫃,0.84,0.9,1476.0
709457,上櫃,0.0,0.0,0.0
709458,上櫃,0.98,0.97,19.0
709459,上櫃,1.1,1.12,200.0
709460,上櫃,0.6,0.6,10.0
709461,上櫃,0.0,0.0,0.0
709462,上櫃,0.81,0.79,55.0
709463,上櫃,0.43,0.47,312.0
709464,上櫃,0.0,0.0,0.0
709465,上櫃,0.19,0.2,12.0
709466,上櫃,0.19,0.19,100.0
709467,上櫃,0.0,0.0,0.0
709468,上櫃,0.0,0.0,0.0
709469,上櫃,0.55,0.32,8394.0
709470,上櫃,0.0,0.0,0.0
709471,上櫃,0.61,0.67,25.0
709472,上櫃,0.0,0.0,0.0
709473,上櫃,0.0,0.0,0.0
709474,上櫃,1.5,1.31,332.0
709475,上櫃,0.0,0.0,0.0
709476,上櫃,0.0,0.0,0.0
709477,上櫃,0.0,0.0,0.0
709478,上櫃,0.85,0.85,23.0
709479,上櫃,0.0,0.0,0.0
709480,上櫃,0.0,0.0,0.0
709481,上櫃,1.08,1.14,46.0
709482,上櫃,0.24,0.24,5.0
709483,上櫃,0.0,0.0,0.0
709484,上櫃,0.0,0.0,0.0
709485,上櫃,0.0,0.0,0.0
709486,上櫃,0.0,0.0,0.0
709487,上櫃,0.5,0.51,970.0
709488,上櫃,0.0,0.0,0.0
709489,上櫃,0.0,0.0,0.0
709490,上櫃,0.0,0.0,0.0
709491,上櫃,0.33,0.39,1533.0
709492,上櫃,0.0,0.0,0.0
709493,上櫃,0.25,0.27,1430.0
709494,上櫃,0.0,0.0,0.0
709495,上櫃,0.0,0.0,0.0
709496,上櫃,0.78,0.78,1.0
709497,上櫃,0.0,0.0,0.0
709498,上櫃,0.08,0.1,75.0
709499,上櫃,0.34,0.18,21.0
709500,上櫃,0.0,0.0,0.0
709501,上櫃,0.0,0.0,0.0
709502,上櫃,0.18,0.18,6.0
709503,上櫃,0.16,0.49,63.0
709504,上櫃,0.0,0.0,0.0
709505,上櫃,0.0,0.0,0.0
709506,上櫃,4.9,4.9,3.0
709507,上櫃,0.0,0.0,0.0
709508,上櫃,0.0,0.0,0.0
709510,上櫃,0.0,0.0,0.0
709511,上櫃,0.9,0.9,196.0
709512,上櫃,0.93,0.9,441.0
709513,上櫃,0.0,0.0,0.0
709514,上櫃,0.0,0.0,0.0
709515,上櫃,1.01,1.01,37.0
709516,上櫃,0.0,0.0,0.0
709517,上櫃,0.0,0.0,0.0
709518,上櫃,0.57,0.65,183.0
709519,上櫃,0.0,0.0,0.0
709520,上櫃,6.1,6.1,1.0
709521,上櫃,0.0,0.0,0.0
709522,上櫃,0.4,0.41,357.0
709523,上櫃,0.0,0.0,0.0
709524,上櫃,0.0,0.0,0.0
709525,上櫃,0.19,0.19,40.0
709526,上櫃,0.17,0.19,14.0
709527,上櫃,0.0,0.0,0.0
709528,上櫃,0.46,0.46,10.0
709529,上櫃,0.09,0.1,290.0
709530,上櫃,1.4,1.56,171.0
709531,上櫃,0.0,0.0,0.0
709532,上櫃,0.46,0.45,3877.0
709533,上櫃,0.0,0.0,0.0
709534,上櫃,0.0,0.0,0.0
709535,上櫃,1.36,1.36,1.0
709536,上櫃,0.0,0.0,0.0
709537,上櫃,1.36,1.43,83.0
709538,上櫃,0.0,0.0,0.0
709539,上櫃,0.65,0.71,63.0
709540,上櫃,0.82,0.84,91.0
709541,上櫃,0.79,0.75,83.0
709542,上櫃,0.0,0.0,0.0
709543,上櫃,0.0,0.0,0.0
709544,上櫃,0.0,0.0,0.0
709545,上櫃,0.0,0.0,0.0
709546,上櫃,0.71,0.73,719.0
709547,上櫃,0.88,0.9,429.0
709548,上櫃,1.13,1.15,44.0
709549,上櫃,0.98,0.99,49.0
709550,上櫃,0.78,0.81,20.0
709551,上櫃,0.0,0.0,0.0
709552,上櫃,0.0,0.0,0.0
709553,上櫃,0.0,0.0,0.0
709554,上櫃,0.0,0.0,0.0
709555,上櫃,0.0,0.0,0.0
709556,上櫃,0.0,0.0,0.0
709557,上櫃,0.0,0.0,0.0
709558,上櫃,0.0,0.0,0.0
709559,上櫃,0.0,0.0,0.0
709560,上櫃,0.0,0.0,0.0
709561,上櫃,0.23,0.21,350.0
709562,上櫃,1.82,1.69,58.0
709563,上櫃,0.19,0.2,271.0
709564,上櫃,0.0,0.0,0.0
709565,上櫃,0.0,0.0,0.0
709566,上櫃,1.75,1.94,33.0
709567,上櫃,0.0,0.0,0.0
709568,上櫃,0.16,0.17,72.0
709569,上櫃,1.68,1.65,14.0
709570,上櫃,0.26,0.3,231.0
709571,上櫃,1.16,1.27,110.0
709572,上櫃,0.0,0.0,0.0
709573,上櫃,0.0,0.0,0.0
709574,上櫃,0.0,0.0,0.0
709575,上櫃,0.0,0.0,0.0
709576,上櫃,0.92,0.9,117.0
709577,上櫃,0.21,0.21,13.0
709579,上櫃,1.69,1.77,308.0
709580,上櫃,1.09,1.07,86.0
709581,上櫃,0.74,0.73,208.0
709582,上櫃,0.0,0.0,0.0
709583,上櫃,0.0,0.0,0.0
709584,上櫃,0.0,0.0,0.0
709585,上櫃,0.0,0.0,0.0
709586,上櫃,0.99,0.96,276.0
709587,上櫃,0.0,0.0,0.0
709588,上櫃,0.23,0.23,10.0
709589,上櫃,0.32,0.35,60.0
709591,上櫃,0.0,0.0,0.0
709592,上櫃,0.78,0.78,31.0
709593,上櫃,0.0,0.0,0.0
709594,上櫃,0.0,0.0,0.0
709595,上櫃,1.28,1.27,12.0
709596,上櫃,0.31,0.31,380.0
709597,上櫃,0.34,0.37,231.0
709598,上櫃,0.0,0.0,0.0
709599,上櫃,0.96,0.93,104.0
709600,上櫃,1.3,1.39,28.0
709601,上櫃,1.02,1.01,113.0
709602,上櫃,1.22,1.17,77.0
709603,上櫃,0.75,0.75,48.0
709604,上櫃,0.0,0.0,0.0
709605,上櫃,0.83,0.83,10.0
709606,上櫃,0.0,0.0,0.0
709607,上櫃,0.43,0.47,7.0
709608,上櫃,0.0,0.0,0.0
709609,上櫃,0.28,0.31,120.0
709610,上櫃,0.38,0.38,50.0
709611,上櫃,1.87,2.09,120.0
709612,上櫃,0.0,0.0,0.0
709613,上櫃,0.84,0.86,130.0
709614,上櫃,1.45,1.45,10.0
709615,上櫃,0.0,0.0,0.0
709616,上櫃,0.0,0.0,0.0
709617,上櫃,1.35,1.35,10.0
709618,上櫃,1.05,1.05,138.0
709619,上櫃,0.92,0.93,577.0
709620,上櫃,0.0,0.0,0.0
709621,上櫃,0.0,0.0,0.0
709622,上櫃,0.34,0.34,20.0
709623,上櫃,4.18,4.18,2.0
709624,上櫃,1.41,1.41,36.0
709625,上櫃,0.0,0.0,0.0
709626,上櫃,0.0,0.0,0.0
709627,上櫃,0.0,0.0,0.0
709628,上櫃,0.83,0.89,107.0
709629,上櫃,0.0,0.0,0.0
709630,上櫃,0.2,0.22,82.0
709631,上櫃,0.0,0.0,0.0
709632,上櫃,0.61,0.62,307.0
709633,上櫃,0.0,0.0,0.0
709634,上櫃,0.0,0.0,0.0
709635,上櫃,0.0,0.0,0.0
709636,上櫃,0.4,0.4,109.0
709637,上櫃,0.0,0.0,0.0
709638,上櫃,0.23,0.23,4.0
709639,上櫃,0.0,0.0,0.0
709640,上櫃,0.0,0.0,0.0
709641,上櫃,0.0,0.0,0.0
709642,上櫃,0.0,0.0,0.0
709643,上櫃,0.0,0.0,0.0
709644,上櫃,0.17,0.18,20.0
709645,上櫃,0.0,0.0,0.0
709646,上櫃,0.0,0.0,0.0
709647,上櫃,0.0,0.0,0.0
709648,上櫃,0.24,0.24,78.0
709649,上櫃,0.0,0.0,0.0
709650,上櫃,0.0,0.0,0.0
709651,上櫃,0.0,0.0,0.0
709652,上櫃,0.54,0.58,1418.0
709653,上櫃,0.0,0.0,0.0
709654,上櫃,0.27,0.29,138.0
709655,上櫃,0.4,0.47,215.0
709656,上櫃,0.0,0.0,0.0
709657,上櫃,0.0,0.0,0.0
709658,上櫃,1.3,1.3,26.0
709659,上櫃,1.9,1.76,154.0
709660,上櫃,0.0,0.0,0.0
709661,上櫃,0.0,0.0,0.0
709662,上櫃,0.0,0.0,0.0
709663,上櫃,0.0,0.0,0.0
709664,上櫃,0.24,0.24,21.0
709665,上櫃,0.0,0.0,0.0
709666,上櫃,0.0,0.0,0.0
709668,上櫃,0.0,0.0,0.0
709669,上櫃,0.39,0.4,504.0
709670,上櫃,0.3,0.3,485.0
709671,上櫃,0.0,0.0,0.0
709672,上櫃,0.29,0.29,1.0
709673,上櫃,0.53,0.57,743.0
709674,上櫃,0.0,0.0,0.0
709675,上櫃,0.0,0.0,0.0
709676,上櫃,0.5,0.5,452.0
709677,上櫃,0.0,0.0,0.0
709678,上櫃,0.0,0.0,0.0
709679,上櫃,0.0,0.0,0.0
709680,上櫃,1.6,1.86,1082.0
709681,上櫃,0.0,0.0,0.0
709682,上櫃,0.0,0.0,0.0
709683,上櫃,0.0,0.0,0.0
709684,上櫃,0.0,0.0,0.0
709685,上櫃,0.89,0.89,34.0
709686,上櫃,0.4,0.37,16.0
709687,上櫃,0.0,0.0,0.0
709688,上櫃,1.0,1.03,502.0
709689,上櫃,0.0,0.0,0.0
709690,上櫃,0.0,0.0,0.0
709691,上櫃,0.5,0.52,65.0
709692,上櫃,0.0,0.0,0.0
709693,上櫃,0.0,0.0,0.0
709694,上櫃,0.0,0.0,0.0
709695,上櫃,0.24,0.2,10.0
709696,上櫃,0.0,0.0,0.0
709697,上櫃,0.0,0.0,0.0
709698,上櫃,0.0,0.0,0.0
709699,上櫃,0.0,0.0,0.0
709700,上櫃,0.0,0.0,0.0
709701,上櫃,0.0,0.0,0.0
709702,上櫃,0.0,0.0,0.0
709703,上櫃,0.0,0.0,0.0
709704,上櫃,0.0,0.0,0.0
709705,上櫃,0.69,0.71,73.0
709706,上櫃,0.62,0.66,92.0
709707,上櫃,0.0,0.0,0.0
709708,上櫃,0.0,0.0,0.0
709709,上櫃,0.33,0.33,1.0
709710,上櫃,0.0,0.0,0.0
709711,上櫃,0.88,0.88,4.0
709712,上櫃,0.0,0.0,0.0
709713,上櫃,0.0,0.0,0.0
709714,上櫃,0.29,0.29,210.0
709715,上櫃,0.0,0.0,0.0
709716,上櫃,0.0,0.0,0.0
709717,上櫃,0.89,0.96,440.0
709718,上櫃,0.71,0.71,50.0
709719,上櫃,0.0,0.0,0.0
709720,上櫃,3.51,3.51,8.0
709721,上櫃,2.04,2.04,12.0
709722,上櫃,0.0,0.0,0.0
709723,上櫃,1.77,1.76,37.0
709724,上櫃,1.14,1.19,53.0
709725,上櫃,0.0,0.0,0.0
709728,上櫃,0.22,0.22,10.0
709729,上櫃,0.0,0.0,0.0
709730,上櫃,1.6,1.5,632.0
709731,上櫃,1.07,1.09,84.0
709732,上櫃,1.07,1.01,243.0
709733,上櫃,0.0,0.0,0.0
709734,上櫃,0.0,0.0,0.0
709735,上櫃,0.35,0.35,1.0
709736,上櫃,0.61,0.66,559.0
709737,上櫃,0.0,0.0,0.0
709738,上櫃,0.0,0.0,0.0
709739,上櫃,4.46,4.53,46.0
709740,上櫃,0.15,0.15,499.0
709741,上櫃,0.0,0.0,0.0
709742,上櫃,0.0,0.0,0.0
709743,上櫃,0.0,0.0,0.0
709744,上櫃,0.0,0.0,0.0
709745,上櫃,0.0,0.0,0.0
709746,上櫃,0.28,0.29,390.0
709747,上櫃,0.0,0.0,0.0
709748,上櫃,0.17,0.18,550.0
709749,上櫃,0.13,0.12,5.0
709750,上櫃,0.12,0.12,470.0
709751,上櫃,0.0,0.0,0.0
709752,上櫃,0.0,0.0,0.0
709753,上櫃,0.0,0.0,0.0
709754,上櫃,0.0,0.0,0.0
709755,上櫃,0.34,0.33,100.0
709756,上櫃,0.0,0.0,0.0
709757,上櫃,0.0,0.0,0.0
709758,上櫃,0.75,0.73,171.0
709759,上櫃,0.69,0.59,2030.0
709760,上櫃,0.0,0.0,0.0
709761,上櫃,0.76,0.76,2.0
709762,上櫃,0.41,0.42,20.0
709763,上櫃,0.0,0.0,0.0
709764,上櫃,0.0,0.0,0.0
709765,上櫃,0.0,0.0,0.0
709766,上櫃,0.0,0.0,0.0
709767,上櫃,0.0,0.0,0.0
709768,上櫃,0.0,0.0,0.0
709769,上櫃,0.0,0.0,0.0
709770,上櫃,0.59,0.59,561.0
709771,上櫃,0.58,0.58,8.0
709772,上櫃,0.53,0.52,75.0
709773,上櫃,0.0,0.0,0.0
709774,上櫃,1.03,1.05,417.0
709775,上櫃,0.0,0.0,0.0
709776,上櫃,0.0,0.0,0.0
709777,上櫃,0.59,0.58,27.0
709778,上櫃,0.0,0.0,0.0
709779,上櫃,1.2,1.2,8.0
709780,上櫃,0.0,0.0,0.0
709781,上櫃,0.34,0.39,333.0
709782,上櫃,0.52,0.49,282.0
709783,上櫃,0.3,0.32,600.0
709784,上櫃,0.31,0.33,594.0
709785,上櫃,0.0,0.0,0.0
709786,上櫃,0.07,0.08,13.0
709787,上櫃,0.0,0.0,0.0
709788,上櫃,0.3,0.31,250.0
709789,上櫃,0.0,0.0,0.0
709790,上櫃,0.0,0.0,0.0
709791,上櫃,0.89,0.89,46.0
709792,上櫃,7.8,8.6,146.0
709793,上櫃,0.0,0.0,0.0
709794,上櫃,0.09,0.09,20.0
709795,上櫃,0.0,0.0,0.0
709796,上櫃,0.0,0.0,0.0
709797,上櫃,0.18,0.18,40.0
709798,上櫃,0.0,0.0,0.0
709799,上櫃,0.0,0.0,0.0
709800,上櫃,0.0,0.0,0.0
709801,上櫃,0.11,0.11,1.0
709802,上櫃,0.0,0.0,0.0
709803,上櫃,0.0,0.0,0.0
709804,上櫃,0.0,0.0,0.0
709805,上櫃,0.5,0.52,40.0
709806,上櫃,0.4,0.4,40.0
709807,上櫃,0.98,1.02,572.0
709808,上櫃,0.0,0.0,0.0
709809,上櫃,0.68,0.68,2.0
709810,上櫃,1.58,1.58,4.0
709811,上櫃,1.08,1.04,190.0
709812,上櫃,0.0,0.0,0.0
709813,上櫃,0.0,0.0,0.0
709814,上櫃,0.0,0.0,0.0
709815,上櫃,0.0,0.0,0.0
709816,上櫃,0.16,0.16,110.0
709817,上櫃,0.0,0.0,0.0
709818,上櫃,0.0,0.0,0.0
709819,上櫃,1.06,1.06,100.0
709820,上櫃,0.0,0.0,0.0
709821,上櫃,0.0,0.0,0.0
709822,上櫃,0.69,0.67,30.0
709823,上櫃,0.0,0.0,0.0
709824,上櫃,0.0,0.0,0.0
709825,上櫃,1.22,1.14,324.0
709826,上櫃,0.0,0.0,0.0
709827,上櫃,0.0,0.0,0.0
709828,上櫃,0.0,0.0,0.0
709829,上櫃,0.45,0.44,316.0
709830,上櫃,0.0,0.0,0.0
709831,上櫃,0.0,0.0,0.0
709832,上櫃,0.0,0.0,0.0
709833,上櫃,0.0,0.0,0.0
709834,上櫃,0.0,0.0,0.0
709835,上櫃,0.0,0.0,0.0
709836,上櫃,0.0,0.0,0.0
709837,上櫃,0.0,0.0,0.0
709838,上櫃,0.0,0.0,0.0
709839,上櫃,0.0,0.0,0.0
709840,上櫃,0.23,0.23,4.0
709841,上櫃,0.0,0.0,0.0
709842,上櫃,0.0,0.0,0.0
709843,上櫃,1.05,1.04,11.0
709844,上櫃,0.0,0.0,0.0
709845,上櫃,0.0,0.0,0.0
709846,上櫃,0.0,0.0,0.0
709847,上櫃,0.0,0.0,0.0
709848,上櫃,0.0,0.0,0.0
709849,上櫃,0.0,0.0,0.0
709850,上櫃,0.0,0.0,0.0
709851,上櫃,0.0,0.0,0.0
709852,上櫃,2.1,2.39,31.0
709853,上櫃,0.0,0.0,0.0
709854,上櫃,0.65,0.65,47.0
709855,上櫃,0.34,0.34,91.0
709856,上櫃,0.33,0.33,150.0
709857,上櫃,0.0,0.0,0.0
709858,上櫃,0.44,0.44,458.0
709859,上櫃,0.0,0.0,0.0
709860,上櫃,0.0,0.0,0.0
709861,上櫃,0.27,0.27,225.0
709862,上櫃,0.59,0.6,152.0
709863,上櫃,0.0,0.0,0.0
709864,上櫃,0.0,0.0,0.0
709865,上櫃,0.0,0.0,0.0
709866,上櫃,0.0,0.0,0.0
709867,上櫃,0.0,0.0,0.0
709868,上櫃,0.0,0.0,0.0
709869,上櫃,1.06,1.06,20.0
709870,上櫃,0.0,0.0,0.0
709871,上櫃,0.0,0.0,0.0
709872,上櫃,0.1,0.1,1.0
709873,上櫃,5.8,6.45,98.0
709874,上櫃,0.0,0.0,0.0
709875,上櫃,1.22,1.23,557.0
709876,上櫃,0.0,0.0,0.0
709877,上櫃,0.39,0.44,962.0
709878,上櫃,0.0,0.0,0.0
709879,上櫃,1.69,1.69,7.0
709880,上櫃,0.0,0.0,0.0
709881,上櫃,0.0,0.0,0.0
709882,上櫃,0.0,0.0,0.0
709883,上櫃,0.0,0.0,0.0
709884,上櫃,0.0,0.0,0.0
709885,上櫃,0.32,0.31,148.0
709886,上櫃,0.0,0.0,0.0
709887,上櫃,0.0,0.0,0.0
709888,上櫃,0.0,0.0,0.0
709889,上櫃,0.3,0.3,33.0
709890,上櫃,0.59,0.59,24.0
709891,上櫃,0.0,0.0,0.0
709892,上櫃,0.0,0.0,0.0
709893,上櫃,0.55,0.52,757.0
709894,上櫃,1.37,1.37,10.0
709895,上櫃,0.54,0.53,278.0
709896,上櫃,0.85,0.88,1329.0
709897,上櫃,0.0,0.0,0.0
709898,上櫃,0.0,0.0,0.0
709899,上櫃,0.0,0.0,0.0
709900,上櫃,0.0,0.0,0.0
709901,上櫃,0.0,0.0,0.0
709902,上櫃,0.25,0.25,45.0
709903,上櫃,0.24,0.24,80.0
709904,上櫃,0.26,0.26,1.0
709905,上櫃,0.17,0.18,431.0
709906,上櫃,0.28,0.29,205.0
709907,上櫃,0.4,0.4,96.0
709908,上櫃,0.0,0.0,0.0
709909,上櫃,0.38,0.38,10.0
709910,上櫃,0.0,0.0,0.0
709911,上櫃,0.0,0.0,0.0
709912,上櫃,0.0,0.0,0.0
709913,上櫃,0.0,0.0,0.0
709914,上櫃,0.88,0.88,53.0
709915,上櫃,0.89,0.86,72.0
709916,上櫃,1.25,1.2,235.0
709917,上櫃,0.0,0.0,0.0
709918,上櫃,1.96,1.98,2.0
709919,上櫃,1.43,1.45,32.0
709920,上櫃,0.0,0.0,0.0
709921,上櫃,0.0,0.0,0.0
709922,上櫃,0.0,0.0,0.0
709923,上櫃,0.0,0.0,0.0
709924,上櫃,0.0,0.0,0.0
709925,上櫃,0.0,0.0,0.0
709926,上櫃,0.0,0.0,0.0
709927,上櫃,0.0,0.0,0.0
709928,上櫃,0.81,0.86,211.0
709929,上櫃,1.34,1.34,110.0
709930,上櫃,0.4,0.4,20.0
709931,上櫃,0.52,0.52,20.0
709932,上櫃,0.0,0.0,0.0
709933,上櫃,0.93,0.93,30.0
709934,上櫃,1.47,1.47,1012.0
709935,上櫃,0.0,0.0,0.0
709936,上櫃,0.0,0.0,0.0
709937,上櫃,1.81,1.79,137.0
709938,上櫃,0.0,0.0,0.0
709939,上櫃,1.07,1.07,10.0
709940,上櫃,0.0,0.0,0.0
709941,上櫃,0.0,0.0,0.0
709942,上櫃,1.26,1.26,3.0
709943,上櫃,0.0,0.0,0.0
709944,上櫃,0.49,0.5,129.0
709945,上櫃,0.36,0.36,567.0
709946,上櫃,0.35,0.36,16.0
709947,上櫃,0.0,0.0,0.0
709948,上櫃,0.0,0.0,0.0
709949,上櫃,0.0,0.0,0.0
709950,上櫃,0.0,0.0,0.0
709951,上櫃,0.0,0.0,0.0
709952,上櫃,1.28,1.32,201.0
709953,上櫃,0.0,0.0,0.0
709954,上櫃,1.13,1.18,5.0
709955,上櫃,0.0,0.0,0.0
709956,上櫃,0.0,0.0,0.0
709957,上櫃,0.0,0.0,0.0
709958,上櫃,0.35,0.35,50.0
709959,上櫃,0.53,0.53,100.0
709961,上櫃,0.0,0.0,0.0
709962,上櫃,0.53,0.54,202.0
709963,上櫃,0.0,0.0,0.0
709964,上櫃,0.0,0.0,0.0
709965,上櫃,0.0,0.0,0.0
709966,上櫃,0.0,0.0,0.0
709967,上櫃,1.05,1.05,50.0
709968,上櫃,0.0,0.0,0.0
709969,上櫃,0.0,0.0,0.0
709970,上櫃,0.41,0.41,279.0
709971,上櫃,1.23,1.23,6.0
709972,上櫃,0.0,0.0,0.0
709973,上櫃,0.51,0.51,1.0
709974,上櫃,1.3,1.51,1055.0
709975,上櫃,0.0,0.0,0.0
709976,上櫃,1.05,1.02,55.0
709977,上櫃,0.0,0.0,0.0
709978,上櫃,0.67,0.67,3.0
709979,上櫃,0.0,0.0,0.0
709980,上櫃,1.38,1.43,499.0
709981,上櫃,0.89,0.91,120.0
709982,上櫃,0.0,0.0,0.0
709983,上櫃,0.34,0.34,496.0
709984,上櫃,1.0,1.0,10.0
709985,上櫃,0.0,0.0,0.0
709986,上櫃,0.0,0.0,0.0
709987,上櫃,0.34,0.35,551.0
709988,上櫃,0.0,0.0,0.0
709989,上櫃,0.0,0.0,0.0
709990,上櫃,0.0,0.0,0.0
709991,上櫃,1.03,1.03,14.0
709992,上櫃,0.37,0.36,68.0
709993,上櫃,0.89,0.8,25.0
709994,上櫃,0.0,0.0,0.0
709995,上櫃,0.0,0.0,0.0
709996,上櫃,0.0,0.0,0.0
709997,上櫃,0.0,0.0,0.0
709998,上櫃,0.91,0.93,10.0
709999,上櫃,0.0,0.0,0.0
710000,上櫃,6.25,6.65,20.0
710001,上櫃,0.0,0.0,0.0
710002,上櫃,0.0,0.0,0.0
710003,上櫃,0.0,0.0,0.0
710004,上櫃,0.0,0.0,0.0
710005,上櫃,0.0,0.0,0.0
710006,上櫃,0.72,0.72,18.0
710007,上櫃,0.0,0.0,0.0
710008,上櫃,0.0,0.0,0.0
710009,上櫃,0.0,0.0,0.0
710010,上櫃,0.24,0.24,20.0
710011,上櫃,0.0,0.0,0.0
710012,上櫃,0.0,0.0,0.0
710013,上櫃,0.0,0.0,0.0
710014,上櫃,0.8,0.89,62.0
710015,上櫃,0.0,0.0,0.0
710016,上櫃,0.0,0.0,0.0
710017,上櫃,0.0,0.0,0.0
710018,上櫃,0.36,0.36,4.0
710019,上櫃,0.2,0.2,250.0
710020,上櫃,0.0,0.0,0.0
710021,上櫃,0.0,0.0,0.0
710022,上櫃,1.27,1.26,60.0
710023,上櫃,1.22,1.21,29.0
710024,上櫃,0.84,0.83,6800.0
710025,上櫃,0.0,0.0,0.0
710026,上櫃,0.0,0.0,0.0
710027,上櫃,1.33,1.37,567.0
710028,上櫃,0.0,0.0,0.0
710029,上櫃,0.0,0.0,0.0
710030,上櫃,0.0,0.0,0.0
710031,上櫃,0.91,0.88,207.0
710032,上櫃,0.0,0.0,0.0
710033,上櫃,0.0,0.0,0.0
710034,上櫃,1.45,1.46,308.0
710035,上櫃,0.0,0.0,0.0
710036,上櫃,0.0,0.0,0.0
710037,上櫃,0.0,0.0,0.0
710038,上櫃,0.71,0.71,70.0
710039,上櫃,0.0,0.0,0.0
710040,上櫃,0.33,0.34,15.0
710041,上櫃,0.0,0.0,0.0
710042,上櫃,0.0,0.0,0.0
710043,上櫃,0.0,0.0,0.0
710044,上櫃,0.0,0.0,0.0
710045,上櫃,0.0,0.0,0.0
710046,上櫃,0.0,0.0,0.0
710047,上櫃,0.93,0.96,33.0
710048,上櫃,0.0,0.0,0.0
710049,上櫃,0.54,0.63,609.0
710050,上櫃,0.0,0.0,0.0
710051,上櫃,0.0,0.0,0.0
710052,上櫃,0.0,0.0,0.0
710053,上櫃,0.0,0.0,0.0
710054,上櫃,0.0,0.0,0.0
710055,上櫃,0.0,0.0,0.0
710056,上櫃,0.0,0.0,0.0
710057,上櫃,0.0,0.0,0.0
710058,上櫃,0.33,0.33,50.0
710059,上櫃,1.77,1.78,57.0
710060,上櫃,1.88,1.98,15.0
710061,上櫃,0.0,0.0,0.0
710062,上櫃,0.0,0.0,0.0
710063,上櫃,0.0,0.0,0.0
710064,上櫃,0.0,0.0,0.0
710065,上櫃,2.62,2.62,2.0
710066,上櫃,0.0,0.0,0.0
710067,上櫃,0.0,0.0,0.0
710068,上櫃,1.38,1.29,22.0
710069,上櫃,1.29,1.27,14.0
710070,上櫃,1.15,1.05,53.0
710071,上櫃,0.71,0.77,54.0
710072,上櫃,0.0,0.0,0.0
710073,上櫃,1.97,1.97,1.0
710074,上櫃,1.76,1.82,4.0
710075,上櫃,0.94,0.92,31.0
710076,上櫃,0.72,0.72,1.0
710077,上櫃,0.0,0.0,0.0
710078,上櫃,0.0,0.0,0.0
710079,上櫃,0.43,0.41,556.0
710080,上櫃,2.13,2.13,125.0
710081,上櫃,0.0,0.0,0.0
710082,上櫃,0.0,0.0,0.0
710083,上櫃,3.12,2.95,273.0
710084,上櫃,0.0,0.0,0.0
710085,上櫃,0.71,0.71,987.0
710086,上櫃,0.54,0.59,97.0
710087,上櫃,0.0,0.0,0.0
710088,上櫃,0.0,0.0,0.0
710089,上櫃,0.0,0.0,0.0
710090,上櫃,0.0,0.0,0.0
710091,上櫃,0.0,0.0,0.0
710092,上櫃,0.0,0.0,0.0
710093,上櫃,0.0,0.0,0.0
710094,上櫃,0.46,0.46,2.0
710095,上櫃,0.0,0.0,0.0
710096,上櫃,0.0,0.0,0.0
710097,上櫃,1.15,1.11,394.0
710098,上櫃,0.0,0.0,0.0
710099,上櫃,0.0,0.0,0.0
710100,上櫃,0.91,0.9,167.0
710101,上櫃,0.74,0.74,1.0
710102,上櫃,3.36,3.36,2.0
710103,上櫃,0.0,0.0,0.0
710104,上櫃,0.0,0.0,0.0
710105,上櫃,0.0,0.0,0.0
710106,上櫃,0.0,0.0,0.0
710107,上櫃,0.0,0.0,0.0
710108,上櫃,0.0,0.0,0.0
710109,上櫃,0.8,0.8,24.0
710110,上櫃,0.61,0.61,34.0
710111,上櫃,2.15,1.98,33.0
710112,上櫃,0.0,0.0,0.0
710113,上櫃,0.0,0.0,0.0
710114,上櫃,0.13,0.13,1.0
710115,上櫃,0.0,0.0,0.0
710116,上櫃,0.0,0.0,0.0
710117,上櫃,0.0,0.0,0.0
710118,上櫃,0.0,0.0,0.0
710119,上櫃,0.0,0.0,0.0
710120,上櫃,0.0,0.0,0.0
710121,上櫃,0.0,0.0,0.0
710122,上櫃,0.89,0.99,592.0
710123,上櫃,0.0,0.0,0.0
710124,上櫃,0.72,0.78,20.0
710125,上櫃,0.0,0.0,0.0
710126,上櫃,0.0,0.0,0.0
710127,上櫃,0.0,0.0,0.0
710128,上櫃,0.0,0.0,0.0
710129,上櫃,0.0,0.0,0.0
710130,上櫃,0.0,0.0,0.0
710131,上櫃,0.0,0.0,0.0
710132,上櫃,1.03,1.11,126.0
710133,上櫃,0.0,0.0,0.0
710134,上櫃,0.8,0.8,19.0
710135,上櫃,1.97,1.82,53.0
710136,上櫃,0.0,0.0,0.0
710137,上櫃,0.0,0.0,0.0
710138,上櫃,0.62,0.69,353.0
710139,上櫃,0.0,0.0,0.0
710140,上櫃,0.0,0.0,0.0
710141,上櫃,0.33,0.36,3.0
710142,上櫃,0.0,0.0,0.0
710143,上櫃,1.17,1.09,106.0
710144,上櫃,0.55,0.55,10.0
710145,上櫃,0.27,0.27,5.0
710146,上櫃,0.0,0.0,0.0
710147,上櫃,0.0,0.0,0.0
710148,上櫃,1.35,1.29,17.0
710149,上櫃,0.95,0.95,63.0
710150,上櫃,0.0,0.0,0.0
710151,上櫃,0.0,0.0,0.0
710152,上櫃,0.0,0.0,0.0
710153,上櫃,0.72,0.69,12.0
710154,上櫃,0.0,0.0,0.0
710155,上櫃,0.0,0.0,0.0
710156,上櫃,1.13,1.13,20.0
710158,上櫃,0.0,0.0,0.0
710159,上櫃,0.0,0.0,0.0
710160,上櫃,0.0,0.0,0.0
710161,上櫃,0.0,0.0,0.0
710162,上櫃,0.0,0.0,0.0
710163,上櫃,0.0,0.0,0.0
710164,上櫃,0.0,0.0,0.0
710165,上櫃,0.64,0.63,1366.0
710166,上櫃,0.0,0.0,0.0
710167,上櫃,0.43,0.43,5.0
710168,上櫃,0.4,0.4,11.0
710169,上櫃,0.4,0.44,34.0
710170,上櫃,1.62,1.59,130.0
710171,上櫃,0.0,0.0,0.0
710172,上櫃,0.42,0.42,25.0
710173,上櫃,0.0,0.0,0.0
710174,上櫃,0.0,0.0,0.0
710175,上櫃,0.0,0.0,0.0
710176,上櫃,0.0,0.0,0.0
710177,上櫃,0.0,0.0,0.0
710178,上櫃,0.0,0.0,0.0
710179,上櫃,0.0,0.0,0.0
710180,上櫃,0.0,0.0,0.0
710181,上櫃,0.0,0.0,0.0
710182,上櫃,0.0,0.0,0.0
710183,上櫃,0.0,0.0,0.0
710184,上櫃,0.0,0.0,0.0
710185,上櫃,0.0,0.0,0.0
710186,上櫃,0.0,0.0,0.0
710187,上櫃,0.59,0.55,10.0
710188,上櫃,0.7,0.7,69.0
710189,上櫃,0.0,0.0,0.0
710190,上櫃,0.0,0.0,0.0
710191,上櫃,0.0,0.0,0.0
710192,上櫃,0.23,0.26,167.0
710193,上櫃,0.8,0.8,1.0
710194,上櫃,1.03,1.01,513.0
710195,上櫃,0.0,0.0,0.0
710196,上櫃,0.0,0.0,0.0
710197,上櫃,0.0,0.0,0.0
710198,上櫃,0.34,0.41,2625.0
710199,上櫃,1.08,1.09,65.0
710200,上櫃,1.5,1.48,58.0
710201,上櫃,0.0,0.0,0.0
710202,上櫃,0.48,0.48,59.0
710203,上櫃,0.0,0.0,0.0
710204,上櫃,4.8,5.1,8.0
710205,上櫃,0.0,0.0,0.0
710206,上櫃,0.0,0.0,0.0
710207,上櫃,0.0,0.0,0.0
710208,上櫃,0.0,0.0,0.0
710209,上櫃,0.0,0.0,0.0
710210,上櫃,0.0,0.0,0.0
710211,上櫃,0.0,0.0,0.0
710212,上櫃,0.0,0.0,0.0
710213,上櫃,0.0,0.0,0.0
710214,上櫃,0.0,0.0,0.0
710215,上櫃,0.0,0.0,0.0
710216,上櫃,0.0,0.0,0.0
710217,上櫃,0.37,0.37,2.0
710218,上櫃,0.9,0.9,20.0
710219,上櫃,0.0,0.0,0.0
710220,上櫃,0.0,0.0,0.0
710221,上櫃,0.0,0.0,0.0
710222,上櫃,1.96,1.96,72.0
710223,上櫃,0.7,0.7,14.0
710224,上櫃,0.0,0.0,0.0
710225,上櫃,0.0,0.0,0.0
710226,上櫃,0.0,0.0,0.0
710227,上櫃,0.0,0.0,0.0
710228,上櫃,1.02,1.03,868.0
710229,上櫃,0.0,0.0,0.0
710230,上櫃,0.0,0.0,0.0
710231,上櫃,0.0,0.0,0.0
710232,上櫃,0.76,0.76,10.0
710233,上櫃,0.35,0.37,40.0
710234,上櫃,0.74,0.78,56.0
710235,上櫃,5.8,5.6,29.0
710236,上櫃,0.0,0.0,0.0
710237,上櫃,0.71,0.71,30.0
710238,上櫃,0.0,0.0,0.0
710239,上櫃,0.0,0.0,0.0
710240,上櫃,0.38,0.41,80.0
710241,上櫃,0.0,0.0,0.0
710242,上櫃,0.0,0.0,0.0
710243,上櫃,0.0,0.0,0.0
710244,上櫃,0.0,0.0,0.0
710245,上櫃,0.0,0.0,0.0
710246,上櫃,0.0,0.0,0.0
710247,上櫃,0.0,0.0,0.0
710249,上櫃,0.0,0.0,0.0
710250,上櫃,0.0,0.0,0.0
710251,上櫃,1.33,1.39,101.0
710252,上櫃,1.04,1.04,190.0
710253,上櫃,1.01,0.98,22.0
710254,上櫃,0.0,0.0,0.0
710255,上櫃,0.0,0.0,0.0
710256,上櫃,0.0,0.0,0.0
710257,上櫃,0.16,0.16,10.0
710258,上櫃,0.44,0.44,150.0
710259,上櫃,0.45,0.45,499.0
710260,上櫃,0.0,0.0,0.0
710261,上櫃,0.0,0.0,0.0
710262,上櫃,0.0,0.0,0.0
710263,上櫃,0.0,0.0,0.0
710264,上櫃,0.21,0.21,10.0
710265,上櫃,0.14,0.14,2.0
710266,上櫃,0.0,0.0,0.0
710267,上櫃,0.75,0.68,80.0
710268,上櫃,0.24,0.26,40.0
710269,上櫃,1.92,1.93,38.0
710270,上櫃,1.14,1.23,1209.0
710271,上櫃,0.85,0.85,78.0
710272,上櫃,0.0,0.0,0.0
710273,上櫃,0.37,0.38,41.0
710274,上櫃,0.0,0.0,0.0
710275,上櫃,0.0,0.0,0.0
710276,上櫃,0.0,0.0,0.0
710277,上櫃,0.0,0.0,0.0
710278,上櫃,0.51,0.54,25.0
710279,上櫃,0.0,0.0,0.0
710280,上櫃,0.56,0.56,150.0
710281,上櫃,0.0,0.0,0.0
710282,上櫃,0.0,0.0,0.0
710283,上櫃,0.0,0.0,0.0
710284,上櫃,0.0,0.0,0.0
710285,上櫃,0.0,0.0,0.0
710286,上櫃,0.36,0.38,11.0
710287,上櫃,2.36,2.29,32.0
710288,上櫃,0.33,0.31,1035.0
710289,上櫃,0.11,0.11,7.0
710290,上櫃,0.0,0.0,0.0
710291,上櫃,0.0,0.0,0.0
710292,上櫃,0.0,0.0,0.0
710293,上櫃,0.0,0.0,0.0
710294,上櫃,0.53,0.65,105.0
710295,上櫃,0.0,0.0,0.0
710296,上櫃,1.9,2.13,505.0
710297,上櫃,2.47,2.06,1048.0
710298,上櫃,0.0,0.0,0.0
710299,上櫃,0.0,0.0,0.0
710300,上櫃,0.0,0.0,0.0
710301,上櫃,1.0,1.0,5.0
710302,上櫃,1.55,1.67,10.0
710303,上櫃,0.93,0.94,34.0
710304,上櫃,0.0,0.0,0.0
710305,上櫃,0.0,0.0,0.0
710306,上櫃,0.16,0.15,150.0
710307,上櫃,0.0,0.0,0.0
710308,上櫃,0.0,0.0,0.0
710309,上櫃,0.63,0.75,23.0
710310,上櫃,0.34,0.36,85.0
710311,上櫃,0.0,0.0,0.0
710312,上櫃,0.0,0.0,0.0
710313,上櫃,0.0,0.0,0.0
710314,上櫃,0.24,0.24,60.0
710315,上櫃,0.0,0.0,0.0
710316,上櫃,0.0,0.0,0.0
710317,上櫃,1.17,1.17,3.0
710318,上櫃,0.0,0.0,0.0
710319,上櫃,0.0,0.0,0.0
710320,上櫃,0.0,0.0,0.0
710321,上櫃,0.58,0.6,30.0
710322,上櫃,0.0,0.0,0.0
710323,上櫃,0.08,0.08,20.0
710324,上櫃,0.0,0.0,0.0
710325,上櫃,0.0,0.0,0.0
710326,上櫃,0.0,0.0,0.0
710327,上櫃,0.0,0.0,0.0
710328,上櫃,0.0,0.0,0.0
710329,上櫃,0.0,0.0,0.0
710330,上櫃,0.41,0.41,200.0
710331,上櫃,0.0,0.0,0.0
710332,上櫃,0.17,0.18,303.0
710333,上櫃,0.0,0.0,0.0
710334,上櫃,3.49,3.35,10.0
710335,上櫃,3.09,3.19,11.0
710336,上櫃,2.4,1.84,41.0
710337,上櫃,0.0,0.0,0.0
710338,上櫃,0.0,0.0,0.0
710339,上櫃,0.47,0.48,648.0
710340,上櫃,1.57,1.57,958.0
710341,上櫃,1.51,1.69,535.0
710342,上櫃,2.96,3.02,63.0
710343,上櫃,0.0,0.0,0.0
710344,上櫃,0.0,0.0,0.0
710345,上櫃,0.0,0.0,0.0
710346,上櫃,0.0,0.0,0.0
710347,上櫃,0.0,0.0,0.0
710348,上櫃,0.0,0.0,0.0
710349,上櫃,1.14,1.13,122.0
710350,上櫃,1.54,1.64,334.0
710351,上櫃,1.62,1.68,149.0
710352,上櫃,0.99,1.0,80.0
710353,上櫃,0.37,0.37,9.0
710354,上櫃,1.04,1.0,46.0
710355,上櫃,0.0,0.0,0.0
710356,上櫃,0.0,0.0,0.0
710357,上櫃,0.0,0.0,0.0
710358,上櫃,1.12,1.12,15.0
710359,上櫃,0.4,0.4,15.0
710360,上櫃,0.0,0.0,0.0
710361,上櫃,0.0,0.0,0.0
710362,上櫃,0.37,0.37,18.0
710363,上櫃,0.0,0.0,0.0
710364,上櫃,0.0,0.0,0.0
710365,上櫃,0.0,0.0,0.0
710366,上櫃,1.83,1.5,179.0
710367,上櫃,2.03,2.07,469.0
710368,上櫃,1.03,1.03,43.0
710369,上櫃,1.49,1.41,33.0
710370,上櫃,0.0,0.0,0.0
710371,上櫃,0.0,0.0,0.0
710372,上櫃,0.0,0.0,0.0
710373,上櫃,0.4,0.47,164.0
710374,上櫃,0.56,0.6,20.0
710375,上櫃,1.97,2.01,59.0
710376,上櫃,0.0,0.0,0.0
710377,上櫃,3.5,3.95,11.0
710378,上櫃,3.1,3.2,2.0
710379,上櫃,0.0,0.0,0.0
710380,上櫃,0.0,0.0,0.0
710381,上櫃,0.0,0.0,0.0
710382,上櫃,0.41,0.44,334.0
710383,上櫃,0.0,0.0,0.0
710384,上櫃,0.0,0.0,0.0
710385,上櫃,0.39,0.4,506.0
710386,上櫃,1.51,1.47,248.0
710387,上櫃,3.19,3.28,40.0
710388,上櫃,2.26,2.31,111.0
710389,上櫃,2.74,2.79,50.0
710390,上櫃,2.67,2.75,64.0
710391,上櫃,2.45,2.36,23.0
710392,上櫃,0.0,0.0,0.0
710393,上櫃,0.0,0.0,0.0
710394,上櫃,0.0,0.0,0.0
710395,上櫃,0.58,0.58,37.0
710396,上櫃,0.17,0.17,20.0
710397,上櫃,1.42,1.64,284.0
710398,上櫃,0.62,0.62,16.0
710399,上櫃,1.26,1.28,61.0
710400,上櫃,1.33,1.31,41.0
710401,上櫃,0.44,0.44,70.0
710402,上櫃,0.0,0.0,0.0
710403,上櫃,0.0,0.0,0.0
710404,上櫃,0.0,0.0,0.0
710405,上櫃,0.0,0.0,0.0
710406,上櫃,0.62,0.61,91.0
710407,上櫃,0.55,0.55,29.0
710408,上櫃,0.0,0.0,0.0
710409,上櫃,0.0,0.0,0.0
710410,上櫃,0.0,0.0,0.0
710411,上櫃,0.0,0.0,0.0
710412,上櫃,3.99,3.99,5.0
710413,上櫃,0.0,0.0,0.0
710414,上櫃,2.03,2.05,31.0
710415,上櫃,0.0,0.0,0.0
710416,上櫃,1.93,2.13,20.0
710417,上櫃,1.72,1.77,136.0
710418,上櫃,0.0,0.0,0.0
710419,上櫃,0.0,0.0,0.0
710420,上櫃,0.3,0.32,113.0
710421,上櫃,0.0,0.0,0.0
710422,上櫃,1.94,1.99,112.0
710423,上櫃,0.0,0.0,0.0
710424,上櫃,2.86,3.28,30.0
710425,上櫃,0.0,0.0,0.0
710426,上櫃,1.55,1.55,3.0
710427,上櫃,0.45,0.45,120.0
710428,上櫃,0.0,0.0,0.0
710429,上櫃,3.97,3.97,7.0
710430,上櫃,0.0,0.0,0.0
710431,上櫃,1.34,1.43,485.0
710432,上櫃,0.38,0.38,50.0
710433,上櫃,0.24,0.25,2.0
710434,上櫃,0.4,0.4,10.0
710435,上櫃,0.29,0.29,20.0
710436,上櫃,1.46,1.38,12.0
710437,上櫃,0.0,0.0,0.0
710438,上櫃,0.37,0.44,1718.0
710439,上櫃,0.46,0.53,147.0
710440,上櫃,0.0,0.0,0.0
710441,上櫃,1.59,1.62,5.0
710442,上櫃,0.82,0.82,16.0
710443,上櫃,0.77,0.77,104.0
710444,上櫃,0.63,0.63,10.0
710445,上櫃,1.18,1.12,247.0
710446,上櫃,0.81,0.84,240.0
710447,上櫃,0.0,0.0,0.0
710448,上櫃,0.0,0.0,0.0
710449,上櫃,0.3,0.3,200.0
710450,上櫃,0.0,0.0,0.0
710451,上櫃,0.0,0.0,0.0
710452,上櫃,0.0,0.0,0.0
710453,上櫃,0.0,0.0,0.0
710454,上櫃,0.71,0.71,10.0
710455,上櫃,0.97,0.97,15.0
710456,上櫃,1.16,1.1,490.0
710457,上櫃,0.69,0.7,50.0
710458,上櫃,0.0,0.0,0.0
710459,上櫃,0.0,0.0,0.0
710460,上櫃,0.0,0.0,0.0
710461,上櫃,0.0,0.0,0.0
710462,上櫃,0.0,0.0,0.0
710463,上櫃,0.0,0.0,0.0
710464,上櫃,0.0,0.0,0.0
710465,上櫃,2.01,2.01,17.0
710466,上櫃,1.7,1.74,20.0
710467,上櫃,0.46,0.46,300.0
710468,上櫃,0.0,0.0,0.0
710469,上櫃,0.0,0.0,0.0
710470,上櫃,0.0,0.0,0.0
710471,上櫃,0.0,0.0,0.0
710472,上櫃,0.0,0.0,0.0
710473,上櫃,0.0,0.0,0.0
710474,上櫃,0.0,0.0,0.0
710475,上櫃,1.19,1.19,5.0
710476,上櫃,2.23,2.32,32.0
710477,上櫃,0.68,0.65,312.0
710478,上櫃,0.81,0.81,145.0
710479,上櫃,0.76,0.76,58.0
710480,上櫃,1.19,1.34,109.0
710481,上櫃,0.68,0.69,24.0
710482,上櫃,1.35,1.38,510.0
710483,上櫃,1.25,1.22,269.0
710484,上櫃,1.38,1.32,1325.0
710485,上櫃,0.0,0.0,0.0
710486,上櫃,1.07,1.07,200.0
710487,上櫃,0.0,0.0,0.0
710488,上櫃,0.99,1.06,2.0
710489,上櫃,0.97,1.04,241.0
710490,上櫃,0.89,0.89,10.0
710491,上櫃,0.72,0.87,84.0
710492,上櫃,0.68,0.72,6.0
710493,上櫃,0.0,0.0,0.0
710494,上櫃,0.1,0.1,730.0
710495,上櫃,0.0,0.0,0.0
710496,上櫃,0.0,0.0,0.0
710497,上櫃,0.0,0.0,0.0
710498,上櫃,0.0,0.0,0.0
710499,上櫃,6.1,6.1,24.0
710500,上櫃,0.75,0.9,1655.0
710501,上櫃,0.17,0.18,140.0
710502,上櫃,0.65,0.69,114.0
710503,上櫃,0.58,0.62,222.0
710504,上櫃,0.52,0.52,155.0
710505,上櫃,0.0,0.0,0.0
710506,上櫃,0.68,0.93,18.0
710507,上櫃,0.47,0.49,205.0
710508,上櫃,0.0,0.0,0.0
710509,上櫃,0.0,0.0,0.0
710510,上櫃,4.0,4.1,18.0
710511,上櫃,0.57,0.67,214.0
710512,上櫃,0.0,0.0,0.0
710513,上櫃,0.0,0.0,0.0
710514,上櫃,0.0,0.0,0.0
710515,上櫃,0.0,0.0,0.0
710516,上櫃,0.37,0.37,50.0
710517,上櫃,0.37,0.37,18.0
710518,上櫃,0.0,0.0,0.0
710519,上櫃,0.0,0.0,0.0
710520,上櫃,0.0,0.0,0.0
710521,上櫃,0.0,0.0,0.0
710522,上櫃,0.0,0.0,0.0
710523,上櫃,0.0,0.0,0.0
710524,上櫃,0.0,0.0,0.0
710525,上櫃,0.0,0.0,0.0
710526,上櫃,0.51,0.51,133.0
710527,上櫃,0.0,0.0,0.0
710528,上櫃,0.0,0.0,0.0
710529,上櫃,0.0,0.0,0.0
710530,上櫃,0.0,0.0,0.0
710531,上櫃,0.0,0.0,0.0
710532,上櫃,0.8,0.8,5.0
710533,上櫃,0.0,0.0,0.0
710534,上櫃,0.92,0.9,21.0
710535,上櫃,0.39,0.42,112.0
710536,上櫃,0.0,0.0,0.0
710537,上櫃,0.0,0.0,0.0
710538,上櫃,0.0,0.0,0.0
710539,上櫃,0.86,0.9,350.0
710540,上櫃,0.72,0.76,192.0
710541,上櫃,1.19,1.22,52.0
710542,上櫃,0.76,0.76,25.0
710543,上櫃,0.0,0.0,0.0
710544,上櫃,0.0,0.0,0.0
710545,上櫃,2.75,3.02,127.0
710546,上櫃,1.66,1.91,323.0
710547,上櫃,0.69,0.68,134.0
710548,上櫃,0.54,0.54,70.0
710549,上櫃,1.05,1.05,96.0
710550,上櫃,0.0,0.0,0.0
710551,上櫃,0.43,0.43,136.0
710552,上櫃,0.0,0.0,0.0
710553,上櫃,0.46,0.46,467.0
710554,上櫃,0.0,0.0,0.0
710555,上櫃,0.0,0.0,0.0
710556,上櫃,1.37,1.42,13.0
710557,上櫃,0.0,0.0,0.0
710558,上櫃,0.87,1.04,462.0
710559,上櫃,0.82,0.82,46.0
710560,上櫃,0.0,0.0,0.0
710561,上櫃,0.0,0.0,0.0
710562,上櫃,0.0,0.0,0.0
710563,上櫃,0.0,0.0,0.0
710564,上櫃,0.0,0.0,0.0
710565,上櫃,0.0,0.0,0.0
710566,上櫃,1.16,1.22,97.0
710567,上櫃,0.72,0.69,102.0
710568,上櫃,1.12,1.09,90.0
710569,上櫃,0.63,0.63,6.0
710570,上櫃,0.0,0.0,0.0
710571,上櫃,0.36,0.36,60.0
710572,上櫃,0.0,0.0,0.0
710573,上櫃,2.15,2.33,155.0
710574,上櫃,2.11,2.13,45.0
710575,上櫃,2.87,2.89,175.0
710576,上櫃,0.0,0.0,0.0
710577,上櫃,0.0,0.0,0.0
710578,上櫃,0.64,0.67,30.0
710579,上櫃,0.42,0.38,622.0
710580,上櫃,0.38,0.37,316.0
710581,上櫃,0.36,0.36,212.0
710582,上櫃,0.62,0.64,299.0
710583,上櫃,0.0,0.0,0.0
710584,上櫃,1.37,1.44,336.0
710585,上櫃,0.44,0.44,3.0
710586,上櫃,0.83,0.81,263.0
710587,上櫃,0.96,0.93,1795.0
710588,上櫃,0.0,0.0,0.0
710589,上櫃,0.0,0.0,0.0
710590,上櫃,0.63,0.69,38.0
710591,上櫃,0.47,0.6,659.0
710592,上櫃,1.12,1.09,116.0
710593,上櫃,0.0,0.0,0.0
710594,上櫃,0.0,0.0,0.0
710595,上櫃,2.01,2.06,10.0
710596,上櫃,0.0,0.0,0.0
710597,上櫃,1.29,1.39,110.0
710598,上櫃,1.02,1.05,219.0
710599,上櫃,0.4,0.41,489.0
710600,上櫃,0.0,0.0,0.0
710601,上櫃,0.32,0.33,1377.0
710602,上櫃,0.0,0.0,0.0
710603,上櫃,0.46,0.46,75.0
710604,上櫃,0.56,0.55,305.0
710605,上櫃,0.13,0.13,60.0
710606,上櫃,1.15,1.15,192.0
710607,上櫃,0.16,0.17,318.0
710608,上櫃,0.92,0.9,86.0
710609,上櫃,0.0,0.0,0.0
710610,上櫃,0.0,0.0,0.0
710611,上櫃,1.48,1.48,1.0
710612,上櫃,0.0,0.0,0.0
710613,上櫃,0.0,0.0,0.0
710614,上櫃,0.67,0.67,15.0
710615,上櫃,0.0,0.0,0.0
710616,上櫃,0.33,0.33,5.0
710617,上櫃,0.6,0.6,26.0
710618,上櫃,0.89,0.89,44.0
710619,上櫃,0.41,0.42,35.0
710620,上櫃,0.0,0.0,0.0
710621,上櫃,0.0,0.0,0.0
710622,上櫃,0.0,0.0,0.0
710623,上櫃,0.63,0.74,210.0
710624,上櫃,0.56,0.56,658.0
710625,上櫃,0.0,0.0,0.0
710626,上櫃,0.0,0.0,0.0
710628,上櫃,1.48,1.48,8.0
710629,上櫃,0.0,0.0,0.0
710630,上櫃,1.0,0.94,2058.0
710631,上櫃,0.81,0.79,1359.0
710632,上櫃,0.12,0.12,20.0
710633,上櫃,0.58,0.58,121.0
710634,上櫃,0.0,0.0,0.0
710635,上櫃,1.52,1.52,3.0
710636,上櫃,0.0,0.0,0.0
710637,上櫃,0.0,0.0,0.0
710638,上櫃,0.54,0.57,2.0
710639,上櫃,0.0,0.0,0.0
710640,上櫃,0.22,0.22,174.0
710641,上櫃,0.0,0.0,0.0
710642,上櫃,0.0,0.0,0.0
710643,上櫃,0.29,0.29,100.0
710644,上櫃,0.0,0.0,0.0
710645,上櫃,0.0,0.0,0.0
710646,上櫃,0.97,1.18,308.0
710647,上櫃,0.0,0.0,0.0
710648,上櫃,1.0,0.87,68.0
710649,上櫃,0.81,0.82,87.0
710650,上櫃,0.57,0.6,170.0
710651,上櫃,0.0,0.0,0.0
710652,上櫃,0.0,0.0,0.0
710653,上櫃,0.0,0.0,0.0
710654,上櫃,0.68,0.76,90.0
710655,上櫃,0.0,0.0,0.0
710656,上櫃,0.0,0.0,0.0
710657,上櫃,0.0,0.0,0.0
710658,上櫃,0.3,0.3,6.0
710659,上櫃,0.54,0.54,1.0
710660,上櫃,0.0,0.0,0.0
710661,上櫃,0.0,0.0,0.0
710662,上櫃,0.0,0.0,0.0
710663,上櫃,0.0,0.0,0.0
710664,上櫃,1.21,1.18,69.0
710665,上櫃,0.0,0.0,0.0
710666,上櫃,0.22,0.22,51.0
710667,上櫃,0.38,0.36,130.0
710668,上櫃,0.0,0.0,0.0
710669,上櫃,0.0,0.0,0.0
710670,上櫃,0.0,0.0,0.0
710671,上櫃,0.0,0.0,0.0
710672,上櫃,0.0,0.0,0.0
710673,上櫃,0.0,0.0,0.0
710674,上櫃,0.0,0.0,0.0
710675,上櫃,0.56,0.56,62.0
710676,上櫃,0.0,0.0,0.0
710677,上櫃,0.21,0.21,5.0
710678,上櫃,0.0,0.0,0.0
710679,上櫃,0.0,0.0,0.0
710680,上櫃,0.0,0.0,0.0
710681,上櫃,0.0,0.0,0.0
710682,上櫃,0.0,0.0,0.0
710683,上櫃,0.53,0.54,27.0
710684,上櫃,0.0,0.0,0.0
710685,上櫃,1.24,1.19,221.0
710686,上櫃,0.0,0.0,0.0
710687,上櫃,2.5,2.86,81.0
710688,上櫃,0.12,0.13,60.0
710689,上櫃,0.23,0.23,6.0
710690,上櫃,0.0,0.0,0.0
710691,上櫃,0.0,0.0,0.0
710692,上櫃,0.0,0.0,0.0
710693,上櫃,0.37,0.37,10.0
710694,上櫃,0.0,0.0,0.0
710695,上櫃,0.0,0.0,0.0
710696,上櫃,0.0,0.0,0.0
710697,上櫃,0.0,0.0,0.0
710698,上櫃,0.59,0.59,50.0
710699,上櫃,0.76,0.76,46.0
710700,上櫃,0.77,0.77,197.0
710701,上櫃,0.0,0.0,0.0
710702,上櫃,0.68,0.68,89.0
710703,上櫃,0.88,0.88,17.0
710704,上櫃,0.0,0.0,0.0
710705,上櫃,0.28,0.27,10.0
710706,上櫃,0.0,0.0,0.0
710707,上櫃,0.0,0.0,0.0
710708,上櫃,0.0,0.0,0.0
710709,上櫃,0.0,0.0,0.0
710710,上櫃,0.0,0.0,0.0
710711,上櫃,0.0,0.0,0.0
710712,上櫃,0.0,0.0,0.0
710713,上櫃,0.74,0.77,37.0
710714,上櫃,0.71,0.75,154.0
710715,上櫃,0.17,0.17,110.0
710716,上櫃,0.21,0.21,5.0
710717,上櫃,0.0,0.0,0.0
710718,上櫃,0.0,0.0,0.0
710719,上櫃,0.75,0.8,116.0
710720,上櫃,0.0,0.0,0.0
710721,上櫃,0.0,0.0,0.0
710722,上櫃,0.0,0.0,0.0
710723,上櫃,0.54,0.55,15.0
710724,上櫃,0.0,0.0,0.0
710725,上櫃,0.0,0.0,0.0
710726,上櫃,0.0,0.0,0.0
710727,上櫃,1.46,1.42,42.0
710728,上櫃,0.38,0.38,110.0
710729,上櫃,0.09,0.09,56.0
710730,上櫃,0.0,0.0,0.0
710731,上櫃,0.0,0.0,0.0
710732,上櫃,0.49,0.49,2.0
710733,上櫃,0.0,0.0,0.0
710734,上櫃,0.0,0.0,0.0
710735,上櫃,0.0,0.0,0.0
710736,上櫃,1.78,1.94,25.0
710737,上櫃,0.0,0.0,0.0
710738,上櫃,0.0,0.0,0.0
710739,上櫃,0.91,0.98,20.0
710740,上櫃,0.8,0.86,41.0
710741,上櫃,0.13,0.13,10.0
710742,上櫃,0.86,0.86,30.0
710743,上櫃,1.19,1.24,62.0
710744,上櫃,0.45,0.45,40.0
710745,上櫃,0.0,0.0,0.0
710746,上櫃,0.0,0.0,0.0
710747,上櫃,0.0,0.0,0.0
710748,上櫃,0.0,0.0,0.0
710749,上櫃,0.0,0.0,0.0
710750,上櫃,0.0,0.0,0.0
710751,上櫃,0.99,1.01,875.0
710752,上櫃,0.0,0.0,0.0
710753,上櫃,0.0,0.0,0.0
710754,上櫃,0.69,0.78,1064.0
710756,上櫃,0.0,0.0,0.0
710758,上櫃,0.0,0.0,0.0
710761,上櫃,0.42,0.42,250.0
710762,上櫃,0.0,0.0,0.0
710763,上櫃,1.13,1.23,22.0
710764,上櫃,0.0,0.0,0.0
710765,上櫃,0.0,0.0,0.0
710766,上櫃,0.29,0.39,7208.0
710767,上櫃,0.09,0.09,100.0
710768,上櫃,1.12,1.36,6.0
710769,上櫃,0.0,0.0,0.0
710770,上櫃,1.06,1.1,416.0
710771,上櫃,0.0,0.0,0.0
710772,上櫃,0.0,0.0,0.0
710773,上櫃,0.73,0.74,40.0
710774,上櫃,0.0,0.0,0.0
710775,上櫃,0.0,0.0,0.0
710776,上櫃,0.0,0.0,0.0
710777,上櫃,0.88,0.88,80.0
710778,上櫃,0.82,0.82,10.0
710779,上櫃,0.0,0.0,0.0
710780,上櫃,0.0,0.0,0.0
710781,上櫃,0.0,0.0,0.0
710782,上櫃,0.0,0.0,0.0
710783,上櫃,0.47,0.47,1.0
710784,上櫃,0.0,0.0,0.0
710785,上櫃,0.74,0.99,2101.0
710786,上櫃,1.24,1.3,34.0
710787,上櫃,0.0,0.0,0.0
710788,上櫃,0.6,0.62,202.0
710789,上櫃,0.0,0.0,0.0
710790,上櫃,1.02,1.25,460.0
710791,上櫃,2.09,2.12,179.0
710792,上櫃,0.65,0.8,533.0
710793,上櫃,0.33,0.33,3.0
710794,上櫃,0.82,0.92,60.0
710795,上櫃,0.0,0.0,0.0
710796,上櫃,0.0,0.0,0.0
710797,上櫃,0.0,0.0,0.0
710798,上櫃,0.44,0.44,1.0
710799,上櫃,0.54,0.54,3.0
710800,上櫃,1.86,2.05,70.0
710801,上櫃,0.65,0.66,102.0
710802,上櫃,0.68,0.68,127.0
710803,上櫃,0.0,0.0,0.0
710804,上櫃,0.0,0.0,0.0
710805,上櫃,1.76,2.02,561.0
710806,上櫃,1.02,1.01,805.0
710807,上櫃,0.72,0.72,50.0
710808,上櫃,1.36,1.39,203.0
710809,上櫃,1.41,1.63,201.0
710810,上櫃,0.0,0.0,0.0
710811,上櫃,0.0,0.0,0.0
710812,上櫃,0.0,0.0,0.0
710813,上櫃,0.0,0.0,0.0
710814,上櫃,0.0,0.0,0.0
710815,上櫃,0.21,0.21,38.0
710816,上櫃,1.61,1.76,242.0
710817,上櫃,0.82,0.91,1016.0
710818,上櫃,0.71,0.75,3502.0
710819,上櫃,5.2,5.4,28.0
710820,上櫃,0.0,0.0,0.0
710821,上櫃,0.0,0.0,0.0
710822,上櫃,1.35,1.47,79.0
710823,上櫃,0.34,0.34,20.0
710824,上櫃,0.0,0.0,0.0
710825,上櫃,0.0,0.0,0.0
710826,上櫃,0.45,0.53,2749.0
710827,上櫃,2.67,2.74,61.0
710828,上櫃,0.52,0.63,1985.0
710829,上櫃,0.0,0.0,0.0
710830,上櫃,0.34,0.34,179.0
710831,上櫃,0.0,0.0,0.0
710832,上櫃,0.0,0.0,0.0
710833,上櫃,0.58,0.59,125.0
710834,上櫃,0.0,0.0,0.0
710835,上櫃,0.0,0.0,0.0
710836,上櫃,0.0,0.0,0.0
710837,上櫃,1.12,1.25,637.0
710838,上櫃,1.0,1.15,3003.0
710839,上櫃,0.0,0.0,0.0
710840,上櫃,0.0,0.0,0.0
710841,上櫃,0.0,0.0,0.0
710842,上櫃,0.95,1.04,11.0
710843,上櫃,3.45,3.45,1.0
710844,上櫃,0.66,0.66,191.0
710845,上櫃,0.0,0.0,0.0
710846,上櫃,0.0,0.0,0.0
710847,上櫃,0.61,0.62,5.0
710848,上櫃,0.0,0.0,0.0
710849,上櫃,0.0,0.0,0.0
710850,上櫃,0.22,0.22,100.0
710851,上櫃,0.51,0.51,1.0
710852,上櫃,0.52,0.53,278.0
710853,上櫃,0.41,0.39,37.0
710854,上櫃,0.63,0.63,42.0
710855,上櫃,0.0,0.0,0.0
710856,上櫃,0.0,0.0,0.0
710857,上櫃,0.0,0.0,0.0
710858,上櫃,0.47,0.48,1067.0
710859,上櫃,0.0,0.0,0.0
710860,上櫃,0.0,0.0,0.0
710861,上櫃,0.0,0.0,0.0
710862,上櫃,0.51,0.51,1.0
710863,上櫃,0.0,0.0,0.0
710864,上櫃,0.0,0.0,0.0
710865,上櫃,0.0,0.0,0.0
710866,上櫃,0.56,0.56,10.0
710867,上櫃,0.0,0.0,0.0
710868,上櫃,0.0,0.0,0.0
710869,上櫃,0.0,0.0,0.0
710870,上櫃,1.11,1.1,242.0
710871,上櫃,0.0,0.0,0.0
710872,上櫃,0.0,0.0,0.0
710873,上櫃,0.18,0.18,5.0
710874,上櫃,0.0,0.0,0.0
710875,上櫃,0.0,0.0,0.0
710876,上櫃,0.83,0.88,80.0
710877,上櫃,1.48,1.48,34.0
710878,上櫃,0.0,0.0,0.0
710879,上櫃,0.0,0.0,0.0
710880,上櫃,0.0,0.0,0.0
710881,上櫃,0.23,0.23,1.0
710882,上櫃,0.0,0.0,0.0
710883,上櫃,0.5,0.5,100.0
710884,上櫃,0.0,0.0,0.0
710885,上櫃,0.65,0.65,3.0
710886,上櫃,0.0,0.0,0.0
710887,上櫃,2.33,2.52,41.0
710888,上櫃,1.46,1.46,30.0
710889,上櫃,0.0,0.0,0.0
710890,上櫃,0.0,0.0,0.0
710891,上櫃,0.0,0.0,0.0
710892,上櫃,6.9,7.25,24.0
710893,上櫃,1.27,1.31,30.0
710894,上櫃,1.14,1.18,231.0
710895,上櫃,0.0,0.0,0.0
710896,上櫃,0.47,0.47,458.0
710897,上櫃,0.72,0.73,63.0
710898,上櫃,0.43,0.44,391.0
710899,上櫃,1.12,1.19,136.0
710900,上櫃,0.91,0.93,235.0
710901,上櫃,0.52,0.52,18.0
710902,上櫃,0.0,0.0,0.0
710903,上櫃,0.23,0.23,45.0
710904,上櫃,0.0,0.0,0.0
710905,上櫃,0.73,0.78,447.0
710906,上櫃,0.0,0.0,0.0
710907,上櫃,0.0,0.0,0.0
710908,上櫃,4.37,5.0,165.0
710909,上櫃,0.0,0.0,0.0
710910,上櫃,1.39,1.51,27.0
710911,上櫃,0.0,0.0,0.0
710912,上櫃,0.0,0.0,0.0
710913,上櫃,0.21,0.22,240.0
710914,上櫃,0.37,0.39,115.0
710915,上櫃,0.69,0.69,29.0
710916,上櫃,0.0,0.0,0.0
710917,上櫃,0.0,0.0,0.0
710918,上櫃,0.9,0.9,3.0
710919,上櫃,0.0,0.0,0.0
710920,上櫃,0.0,0.0,0.0
710921,上櫃,0.37,0.37,1180.0
710922,上櫃,0.71,0.71,2.0
710923,上櫃,0.0,0.0,0.0
710924,上櫃,0.0,0.0,0.0
710925,上櫃,0.0,0.0,0.0
710926,上櫃,0.95,1.14,659.0
710927,上櫃,5.7,5.7,1.0
710928,上櫃,0.0,0.0,0.0
710929,上櫃,0.0,0.0,0.0
710930,上櫃,0.0,0.0,0.0
710931,上櫃,0.0,0.0,0.0
710932,上櫃,1.37,1.44,421.0
710933,上櫃,0.0,0.0,0.0
710934,上櫃,0.0,0.0,0.0
710935,上櫃,1.58,1.58,2.0
710936,上櫃,1.17,1.24,34.0
710937,上櫃,0.0,0.0,0.0
710938,上櫃,0.0,0.0,0.0
710939,上櫃,0.0,0.0,0.0
710940,上櫃,0.0,0.0,0.0
710941,上櫃,0.26,0.26,20.0
710942,上櫃,0.45,0.48,6.0
710943,上櫃,0.0,0.0,0.0
710944,上櫃,0.0,0.0,0.0
710945,上櫃,0.0,0.0,0.0
710946,上櫃,0.51,0.51,441.0
710947,上櫃,0.0,0.0,0.0
710948,上櫃,0.0,0.0,0.0
710949,上櫃,0.0,0.0,0.0
710950,上櫃,9.5,9.75,2.0
710951,上櫃,0.0,0.0,0.0
710952,上櫃,0.52,0.52,57.0
710953,上櫃,0.0,0.0,0.0
710954,上櫃,0.0,0.0,0.0
710955,上櫃,0.0,0.0,0.0
710956,上櫃,0.0,0.0,0.0
710957,上櫃,0.0,0.0,0.0
710958,上櫃,0.0,0.0,0.0
710959,上櫃,0.0,0.0,0.0
710960,上櫃,0.0,0.0,0.0
710961,上櫃,0.0,0.0,0.0
710962,上櫃,1.06,1.1,225.0
710963,上櫃,13.0,14.3,23.0
710964,上櫃,0.0,0.0,0.0
710965,上櫃,0.77,0.88,128.0
710966,上櫃,0.0,0.0,0.0
710967,上櫃,0.0,0.0,0.0
710968,上櫃,0.0,0.0,0.0
710969,上櫃,1.07,1.15,55.0
710970,上櫃,1.1,1.1,10.0
710971,上櫃,0.0,0.0,0.0
710972,上櫃,0.64,0.64,23.0
710973,上櫃,0.0,0.0,0.0
710974,上櫃,0.0,0.0,0.0
710975,上櫃,0.0,0.0,0.0
710976,上櫃,0.0,0.0,0.0
710977,上櫃,0.0,0.0,0.0
710978,上櫃,0.0,0.0,0.0
710979,上櫃,1.07,1.06,318.0
710980,上櫃,0.0,0.0,0.0
710981,上櫃,0.0,0.0,0.0
710982,上櫃,1.76,1.76,7.0
710983,上櫃,0.0,0.0,0.0
710984,上櫃,0.89,0.92,108.0
710985,上櫃,1.29,1.33,882.0
710986,上櫃,0.0,0.0,0.0
710987,上櫃,0.0,0.0,0.0
710988,上櫃,0.39,0.39,80.0
710989,上櫃,0.56,0.66,645.0
710990,上櫃,0.0,0.0,0.0
710991,上櫃,1.68,1.58,344.0
710992,上櫃,0.6,0.62,78.0
710993,上櫃,0.0,0.0,0.0
710994,上櫃,1.07,1.19,308.0
710995,上櫃,0.0,0.0,0.0
710996,上櫃,0.53,0.53,5.0
710997,上櫃,0.48,0.48,10.0
710998,上櫃,0.0,0.0,0.0
710999,上櫃,0.0,0.0,0.0
711000,上櫃,0.6,0.6,32.0
711001,上櫃,0.0,0.0,0.0
711002,上櫃,0.83,0.81,143.0
711003,上櫃,1.86,1.99,24.0
711004,上櫃,0.0,0.0,0.0
711005,上櫃,0.0,0.0,0.0
711007,上櫃,0.0,0.0,0.0
711009,上櫃,2.14,2.39,67.0
711010,上櫃,0.0,0.0,0.0
711011,上櫃,0.0,0.0,0.0
711012,上櫃,0.45,0.46,768.0
711013,上櫃,0.72,0.73,72.0
711014,上櫃,0.0,0.0,0.0
711015,上櫃,0.0,0.0,0.0
711016,上櫃,1.47,1.47,128.0
711017,上櫃,0.0,0.0,0.0
711018,上櫃,0.0,0.0,0.0
711020,上櫃,1.34,1.34,2.0
711021,上櫃,0.0,0.0,0.0
711022,上櫃,0.65,0.65,174.0
711023,上櫃,0.92,0.98,298.0
711024,上櫃,0.0,0.0,0.0
711025,上櫃,0.49,0.48,102.0
711026,上櫃,0.0,0.0,0.0
711027,上櫃,0.0,0.0,0.0
711028,上櫃,0.0,0.0,0.0
711029,上櫃,1.15,1.18,316.0
711030,上櫃,1.18,1.19,30.0
711031,上櫃,0.0,0.0,0.0
711032,上櫃,0.0,0.0,0.0
711033,上櫃,0.0,0.0,0.0
711034,上櫃,0.0,0.0,0.0
711035,上櫃,0.0,0.0,0.0
711036,上櫃,0.5,0.52,179.0
711037,上櫃,0.0,0.0,0.0
711038,上櫃,0.0,0.0,0.0
711039,上櫃,0.94,1.0,73.0
711040,上櫃,0.0,0.0,0.0
711041,上櫃,0.58,0.58,162.0
711042,上櫃,0.0,0.0,0.0
711043,上櫃,0.0,0.0,0.0
711044,上櫃,0.0,0.0,0.0
711045,上櫃,0.18,0.17,120.0
711046,上櫃,0.89,0.89,1.0
711047,上櫃,2.3,2.71,22.0
711048,上櫃,0.0,0.0,0.0
711049,上櫃,0.6,0.6,50.0
711050,上櫃,0.0,0.0,0.0
711051,上櫃,0.0,0.0,0.0
711052,上櫃,0.0,0.0,0.0
711053,上櫃,0.0,0.0,0.0
711054,上櫃,0.0,0.0,0.0
711055,上櫃,1.84,1.99,76.0
711056,上櫃,2.82,2.82,15.0
711057,上櫃,0.0,0.0,0.0
711058,上櫃,0.0,0.0,0.0
711059,上櫃,0.0,0.0,0.0
711060,上櫃,0.0,0.0,0.0
711061,上櫃,0.81,0.82,139.0
711062,上櫃,0.0,0.0,0.0
711063,上櫃,3.23,3.54,91.0
711064,上櫃,5.05,5.3,58.0
711065,上櫃,0.53,0.54,6.0
711066,上櫃,0.59,0.6,2606.0
711067,上櫃,0.0,0.0,0.0
711068,上櫃,0.0,0.0,0.0
711069,上櫃,0.0,0.0,0.0
711070,上櫃,0.0,0.0,0.0
711071,上櫃,0.83,0.84,125.0
711072,上櫃,0.0,0.0,0.0
711073,上櫃,0.44,0.44,160.0
711074,上櫃,0.0,0.0,0.0
711075,上櫃,0.0,0.0,0.0
711076,上櫃,0.0,0.0,0.0
711077,上櫃,0.0,0.0,0.0
711078,上櫃,0.0,0.0,0.0
711079,上櫃,0.0,0.0,0.0
711080,上櫃,0.0,0.0,0.0
711081,上櫃,0.88,0.96,124.0
711082,上櫃,0.0,0.0,0.0
711083,上櫃,0.92,0.83,87.0
711084,上櫃,0.0,0.0,0.0
711085,上櫃,4.98,4.98,10.0
711086,上櫃,0.98,0.98,20.0
711087,上櫃,3.42,3.64,46.0
711088,上櫃,0.0,0.0,0.0
711089,上櫃,1.33,1.49,196.0
711090,上櫃,0.0,0.0,0.0
711091,上櫃,1.33,1.52,70.0
711092,上櫃,1.3,1.3,64.0
711093,上櫃,0.86,0.86,22.0
711094,上櫃,1.56,1.55,24.0
711095,上櫃,0.7,0.74,16.0
711096,上櫃,0.8,0.81,15.0
711097,上櫃,0.75,0.75,26.0
711098,上櫃,0.0,0.0,0.0
711099,上櫃,0.0,0.0,0.0
711100,上櫃,0.0,0.0,0.0
711101,上櫃,0.0,0.0,0.0
711102,上櫃,0.53,0.53,90.0
711103,上櫃,0.0,0.0,0.0
711104,上櫃,0.0,0.0,0.0
711105,上櫃,0.0,0.0,0.0
711106,上櫃,0.0,0.0,0.0
711107,上櫃,0.96,0.96,11.0
711108,上櫃,0.0,0.0,0.0
711109,上櫃,0.0,0.0,0.0
711110,上櫃,0.88,0.88,170.0
711111,上櫃,0.68,0.69,442.0
711112,上櫃,0.0,0.0,0.0
711113,上櫃,0.59,0.59,6.0
711114,上櫃,0.0,0.0,0.0
711115,上櫃,0.0,0.0,0.0
711116,上櫃,1.07,1.14,564.0
711117,上櫃,0.0,0.0,0.0
711118,上櫃,0.65,0.73,448.0
711119,上櫃,0.66,0.7,1667.0
711120,上櫃,0.0,0.0,0.0
711121,上櫃,0.73,0.74,401.0
711122,上櫃,1.12,1.12,1300.0
711123,上櫃,0.81,0.82,6.0
711124,上櫃,0.0,0.0,0.0
711125,上櫃,1.06,1.06,60.0
711126,上櫃,1.78,2.07,215.0
711127,上櫃,0.0,0.0,0.0
711128,上櫃,1.22,1.22,1300.0
711129,上櫃,0.0,0.0,0.0
711130,上櫃,0.49,0.54,934.0
711131,上櫃,1.32,1.38,114.0
711132,上櫃,0.0,0.0,0.0
711133,上櫃,0.0,0.0,0.0
711134,上櫃,0.0,0.0,0.0
711135,上櫃,0.44,0.45,8.0
711136,上櫃,1.59,1.65,71.0
711137,上櫃,1.31,1.36,17.0
711138,上櫃,1.55,1.78,1458.0
711139,上櫃,1.52,1.7,1083.0
711140,上櫃,1.6,1.7,36.0
711141,上櫃,1.69,1.69,11.0
711142,上櫃,0.0,0.0,0.0
711143,上櫃,0.0,0.0,0.0
711144,上櫃,0.0,0.0,0.0
711145,上櫃,0.0,0.0,0.0
711146,上櫃,0.0,0.0,0.0
711147,上櫃,0.0,0.0,0.0
711149,上櫃,2.95,2.95,1.0
711150,上櫃,0.74,0.74,10.0
711151,上櫃,1.84,1.74,101.0
711152,上櫃,0.0,0.0,0.0
711153,上櫃,2.66,2.52,138.0
711154,上櫃,1.06,1.09,75.0
711155,上櫃,0.0,0.0,0.0
711156,上櫃,0.0,0.0,0.0
711157,上櫃,0.87,0.91,21.0
711158,上櫃,1.25,1.3,9.0
711159,上櫃,1.38,1.38,507.0
711160,上櫃,1.02,0.98,500.0
711161,上櫃,0.0,0.0,0.0
711162,上櫃,1.72,1.98,547.0
711163,上櫃,2.69,2.78,36.0
711164,上櫃,0.0,0.0,0.0
711165,上櫃,0.0,0.0,0.0
711166,上櫃,0.41,0.41,549.0
711167,上櫃,0.81,0.81,461.0
711168,上櫃,0.0,0.0,0.0
711169,上櫃,0.0,0.0,0.0
711171,上櫃,0.0,0.0,0.0
711172,上櫃,0.77,0.88,271.0
711173,上櫃,0.0,0.0,0.0
711174,上櫃,0.96,1.06,22.0
711175,上櫃,2.14,2.23,30.0
711176,上櫃,1.53,1.49,286.0
711177,上櫃,1.72,1.71,303.0
711178,上櫃,0.0,0.0,0.0
711179,上櫃,0.0,0.0,0.0
711180,上櫃,0.0,0.0,0.0
711181,上櫃,0.53,0.57,152.0
711182,上櫃,0.0,0.0,0.0
711183,上櫃,0.0,0.0,0.0
711184,上櫃,0.0,0.0,0.0
711185,上櫃,0.46,0.47,118.0
711186,上櫃,0.42,0.42,102.0
711187,上櫃,0.0,0.0,0.0
711188,上櫃,0.0,0.0,0.0
711189,上櫃,0.0,0.0,0.0
711190,上櫃,0.0,0.0,0.0
711191,上櫃,0.0,0.0,0.0
711192,上櫃,1.03,0.94,231.0
711193,上櫃,0.55,0.55,136.0
711194,上櫃,0.37,0.36,65.0
711195,上櫃,0.0,0.0,0.0
711196,上櫃,0.0,0.0,0.0
711197,上櫃,0.0,0.0,0.0
711198,上櫃,0.42,0.42,66.0
711199,上櫃,0.0,0.0,0.0
711200,上櫃,0.0,0.0,0.0
711201,上櫃,0.0,0.0,0.0
711202,上櫃,0.0,0.0,0.0
711203,上櫃,0.0,0.0,0.0
711204,上櫃,0.0,0.0,0.0
711205,上櫃,0.0,0.0,0.0
711206,上櫃,0.67,0.71,103.0
711207,上櫃,0.72,0.74,152.0
711208,上櫃,0.59,0.59,207.0
711209,上櫃,0.26,0.26,1.0
711210,上櫃,0.83,0.83,50.0
711211,上櫃,0.94,0.98,31.0
711212,上櫃,0.58,0.59,92.0
711213,上櫃,0.0,0.0,0.0
711214,上櫃,0.0,0.0,0.0
711215,上櫃,0.0,0.0,0.0
711216,上櫃,0.0,0.0,0.0
711217,上櫃,0.97,0.97,1909.0
711218,上櫃,0.95,1.0,82.0
711219,上櫃,1.45,1.45,2.0
711220,上櫃,0.0,0.0,0.0
711221,上櫃,1.67,1.67,23.0
711222,上櫃,2.08,2.08,24.0
711223,上櫃,3.84,3.79,45.0
711224,上櫃,0.0,0.0,0.0
711225,上櫃,0.0,0.0,0.0
711226,上櫃,0.0,0.0,0.0
711227,上櫃,0.0,0.0,0.0
711228,上櫃,0.34,0.34,132.0
711229,上櫃,0.0,0.0,0.0
711230,上櫃,0.28,0.28,5.0
711231,上櫃,0.51,0.51,1882.0
711232,上櫃,0.0,0.0,0.0
711233,上櫃,0.0,0.0,0.0
711234,上櫃,1.11,1.14,31.0
711235,上櫃,0.0,0.0,0.0
711236,上櫃,2.01,2.25,18.0
711237,上櫃,0.0,0.0,0.0
711238,上櫃,0.0,0.0,0.0
711239,上櫃,0.0,0.0,0.0
711240,上櫃,0.0,0.0,0.0
711241,上櫃,0.0,0.0,0.0
711242,上櫃,1.4,1.46,84.0
711243,上櫃,0.0,0.0,0.0
711244,上櫃,0.0,0.0,0.0
711245,上櫃,0.0,0.0,0.0
711246,上櫃,0.0,0.0,0.0
711247,上櫃,0.0,0.0,0.0
711248,上櫃,5.35,5.35,9.0
711249,上櫃,1.08,1.12,169.0
711250,上櫃,0.5,0.5,30.0
711251,上櫃,0.64,0.65,109.0
711252,上櫃,2.94,3.3,7.0
711253,上櫃,0.0,0.0,0.0
711254,上櫃,0.0,0.0,0.0
711255,上櫃,0.0,0.0,0.0
711256,上櫃,0.0,0.0,0.0
711257,上櫃,0.0,0.0,0.0
711259,上櫃,0.2,0.21,44.0
711261,上櫃,0.73,0.73,9.0
711262,上櫃,0.35,0.34,336.0
711263,上櫃,0.7,0.7,70.0
711264,上櫃,1.0,1.01,379.0
711265,上櫃,0.0,0.0,0.0
711266,上櫃,1.02,1.02,59.0
711267,上櫃,0.65,0.65,55.0
711268,上櫃,2.43,2.4,89.0
711269,上櫃,0.0,0.0,0.0
711270,上櫃,0.43,0.42,131.0
711271,上櫃,0.41,0.43,30.0
711272,上櫃,1.1,1.11,6.0
711273,上櫃,1.13,1.13,71.0
711274,上櫃,0.0,0.0,0.0
711275,上櫃,0.0,0.0,0.0
711276,上櫃,0.85,0.89,734.0
711277,上櫃,0.0,0.0,0.0
711278,上櫃,0.0,0.0,0.0
711279,上櫃,0.0,0.0,0.0
711280,上櫃,0.0,0.0,0.0
711281,上櫃,0.0,0.0,0.0
711282,上櫃,1.2,1.2,188.0
711283,上櫃,0.0,0.0,0.0
711284,上櫃,0.0,0.0,0.0
711285,上櫃,0.0,0.0,0.0
711286,上櫃,0.0,0.0,0.0
711287,上櫃,1.32,1.44,485.0
711288,上櫃,1.03,1.1,187.0
711289,上櫃,0.96,1.0,178.0
711290,上櫃,0.0,0.0,0.0
711291,上櫃,0.0,0.0,0.0
711292,上櫃,1.63,1.82,1869.0
711293,上櫃,0.92,1.03,60.0
711294,上櫃,1.11,1.09,242.0
711295,上櫃,1.1,1.18,55.0
711296,上櫃,0.47,0.56,10.0
711297,上櫃,0.0,0.0,0.0
711298,上櫃,0.54,0.54,20.0
711299,上櫃,0.0,0.0,0.0
711300,上櫃,1.66,1.59,48.0
711301,上櫃,0.0,0.0,0.0
711302,上櫃,0.0,0.0,0.0
711303,上櫃,1.81,1.87,57.0
711304,上櫃,0.6,0.6,26.0
711305,上櫃,3.66,3.59,77.0
711306,上櫃,0.56,0.59,12.0
711307,上櫃,0.0,0.0,0.0
711308,上櫃,0.91,0.98,262.0
711309,上櫃,0.0,0.0,0.0
711310,上櫃,1.07,1.07,168.0
711311,上櫃,1.24,1.24,30.0
711312,上櫃,1.41,1.56,210.0
711313,上櫃,0.82,0.82,187.0
711314,上櫃,1.2,1.18,162.0
711315,上櫃,0.0,0.0,0.0
711316,上櫃,0.0,0.0,0.0
711317,上櫃,0.0,0.0,0.0
711318,上櫃,0.94,0.94,27.0
711319,上櫃,0.0,0.0,0.0
711320,上櫃,0.0,0.0,0.0
711321,上櫃,0.0,0.0,0.0
711322,上櫃,0.68,0.67,110.0
711323,上櫃,1.65,1.77,203.0
711324,上櫃,0.0,0.0,0.0
711325,上櫃,1.05,1.05,60.0
711326,上櫃,0.0,0.0,0.0
711327,上櫃,0.0,0.0,0.0
711328,上櫃,0.0,0.0,0.0
711329,上櫃,0.0,0.0,0.0
711330,上櫃,1.29,1.4,29.0
711331,上櫃,0.79,0.85,1302.0
711332,上櫃,0.5,0.5,127.0
711333,上櫃,0.0,0.0,0.0
711334,上櫃,0.94,0.94,21.0
711335,上櫃,0.0,0.0,0.0
711336,上櫃,1.11,1.11,54.0
711337,上櫃,2.17,2.17,23.0
711338,上櫃,0.66,0.67,20.0
711339,上櫃,0.9,0.9,20.0
711340,上櫃,0.0,0.0,0.0
711341,上櫃,1.06,1.2,315.0
711342,上櫃,0.56,0.56,81.0
711343,上櫃,0.0,0.0,0.0
711344,上櫃,0.82,0.83,150.0
711345,上櫃,1.04,1.04,77.0
711346,上櫃,0.0,0.0,0.0
711347,上櫃,1.41,1.52,115.0
711348,上櫃,1.55,1.67,98.0
711349,上櫃,5.15,5.05,19.0
711350,上櫃,0.0,0.0,0.0
711351,上櫃,0.0,0.0,0.0
711352,上櫃,0.87,0.89,6.0
711353,上櫃,0.23,0.23,50.0
711354,上櫃,0.0,0.0,0.0
711355,上櫃,0.0,0.0,0.0
711356,上櫃,1.4,1.4,30.0
711357,上櫃,1.09,1.09,10.0
711358,上櫃,3.9,4.52,52.0
711359,上櫃,0.97,0.95,238.0
711360,上櫃,0.0,0.0,0.0
711361,上櫃,3.44,3.84,163.0
711362,上櫃,0.0,0.0,0.0
711363,上櫃,0.0,0.0,0.0
711364,上櫃,1.48,1.68,44.0
711365,上櫃,0.0,0.0,0.0
711366,上櫃,0.0,0.0,0.0
711367,上櫃,0.5,0.52,101.0
711368,上櫃,0.0,0.0,0.0
711369,上櫃,0.0,0.0,0.0
711370,上櫃,1.12,1.18,275.0
711371,上櫃,0.0,0.0,0.0
711372,上櫃,1.62,1.62,36.0
711373,上櫃,1.19,1.21,100.0
711374,上櫃,0.0,0.0,0.0
711375,上櫃,1.05,1.05,24.0
711376,上櫃,0.0,0.0,0.0
711377,上櫃,0.86,0.86,1.0
711378,上櫃,0.47,0.47,1.0
711379,上櫃,0.57,0.57,609.0
711380,上櫃,0.99,1.01,5.0
711381,上櫃,0.0,0.0,0.0
711382,上櫃,0.0,0.0,0.0
711383,上櫃,0.0,0.0,0.0
711384,上櫃,0.93,0.93,242.0
711385,上櫃,1.48,1.41,395.0
711386,上櫃,1.38,1.36,87.0
711387,上櫃,2.11,2.19,184.0
711388,上櫃,0.0,0.0,0.0
711389,上櫃,1.28,1.28,65.0
711390,上櫃,1.08,1.08,20.0
711391,上櫃,0.0,0.0,0.0
711392,上櫃,0.39,0.41,83.0
711393,上櫃,0.44,0.5,277.0
711394,上櫃,0.73,0.74,204.0
711395,上櫃,0.77,0.81,131.0
711396,上櫃,0.69,0.71,152.0
711397,上櫃,0.0,0.0,0.0
711398,上櫃,0.5,0.5,108.0
711399,上櫃,0.0,0.0,0.0
711400,上櫃,0.0,0.0,0.0
711401,上櫃,0.0,0.0,0.0
711402,上櫃,0.24,0.24,50.0
711403,上櫃,1.9,1.89,2.0
711404,上櫃,0.0,0.0,0.0
711405,上櫃,0.0,0.0,0.0
711406,上櫃,0.53,0.53,110.0
711407,上櫃,0.0,0.0,0.0
711408,上櫃,0.0,0.0,0.0
711409,上櫃,0.76,0.78,59.0
711410,上櫃,0.47,0.47,14.0
711411,上櫃,0.58,0.77,1581.0
711412,上櫃,0.0,0.0,0.0
711413,上櫃,0.0,0.0,0.0
711414,上櫃,1.95,2.01,527.0
711415,上櫃,0.0,0.0,0.0
711416,上櫃,0.97,0.96,13.0
711417,上櫃,0.0,0.0,0.0
711418,上櫃,0.0,0.0,0.0
711419,上櫃,0.29,0.29,10.0
711420,上櫃,0.0,0.0,0.0
711421,上櫃,0.0,0.0,0.0
711422,上櫃,0.0,0.0,0.0
711423,上櫃,0.0,0.0,0.0
711424,上櫃,0.0,0.0,0.0
711425,上櫃,0.0,0.0,0.0
711426,上櫃,0.0,0.0,0.0
711427,上櫃,0.21,0.21,50.0
711428,上櫃,1.24,1.23,22.0
711429,上櫃,0.0,0.0,0.0
711430,上櫃,1.22,1.22,43.0
711431,上櫃,0.0,0.0,0.0
711432,上櫃,0.0,0.0,0.0
711433,上櫃,0.0,0.0,0.0
711434,上櫃,0.46,0.5,23.0
711435,上櫃,0.0,0.0,0.0
711436,上櫃,0.51,0.54,52.0
711437,上櫃,0.0,0.0,0.0
711438,上櫃,0.62,0.57,681.0
711439,上櫃,1.63,1.65,177.0
711440,上櫃,0.0,0.0,0.0
711441,上櫃,0.0,0.0,0.0
711442,上櫃,0.0,0.0,0.0
711443,上櫃,0.74,0.81,6.0
711444,上櫃,0.56,0.56,350.0
711445,上櫃,0.0,0.0,0.0
711446,上櫃,0.0,0.0,0.0
711447,上櫃,0.0,0.0,0.0
711448,上櫃,0.45,0.47,3.0
711449,上櫃,0.58,0.65,535.0
711450,上櫃,0.0,0.0,0.0
711451,上櫃,0.0,0.0,0.0
711452,上櫃,0.0,0.0,0.0
711453,上櫃,0.0,0.0,0.0
711454,上櫃,0.62,0.62,24.0
711455,上櫃,0.0,0.0,0.0
711456,上櫃,0.0,0.0,0.0
711457,上櫃,0.51,0.51,7.0
711458,上櫃,0.0,0.0,0.0
711459,上櫃,0.0,0.0,0.0
711460,上櫃,0.0,0.0,0.0
711461,上櫃,0.0,0.0,0.0
711462,上櫃,0.51,0.51,20.0
711463,上櫃,0.0,0.0,0.0
711464,上櫃,0.0,0.0,0.0
711465,上櫃,0.35,0.35,1.0
711466,上櫃,0.0,0.0,0.0
711467,上櫃,0.0,0.0,0.0
711468,上櫃,0.0,0.0,0.0
711469,上櫃,0.34,0.34,40.0
711470,上櫃,0.0,0.0,0.0
711471,上櫃,0.0,0.0,0.0
711472,上櫃,0.0,0.0,0.0
711473,上櫃,0.58,0.58,203.0
711474,上櫃,0.74,0.73,356.0
711475,上櫃,0.0,0.0,0.0
711476,上櫃,0.0,0.0,0.0
711477,上櫃,1.04,1.0,3469.0
711478,上櫃,0.0,0.0,0.0
711479,上櫃,0.12,0.13,25.0
711480,上櫃,0.0,0.0,0.0
711481,上櫃,0.38,0.39,259.0
711482,上櫃,1.25,1.28,59.0
711483,上櫃,0.0,0.0,0.0
711484,上櫃,0.67,0.65,50.0
711485,上櫃,0.0,0.0,0.0
711486,上櫃,1.19,1.22,57.0
711487,上櫃,1.35,1.47,120.0
711488,上櫃,1.35,1.39,72.0
711489,上櫃,1.01,1.09,201.0
711490,上櫃,0.0,0.0,0.0
711491,上櫃,1.78,1.81,6.0
711492,上櫃,1.55,1.46,47.0
711493,上櫃,2.28,2.28,10.0
711494,上櫃,0.0,0.0,0.0
711495,上櫃,1.15,1.13,91.0
711496,上櫃,0.37,0.37,200.0
711497,上櫃,0.77,0.77,1.0
711498,上櫃,1.58,1.58,2.0
711499,上櫃,0.0,0.0,0.0
711500,上櫃,1.49,1.47,305.0
711501,上櫃,1.48,1.51,631.0
711502,上櫃,1.9,1.95,39.0
711503,上櫃,4.53,4.53,1.0
711504,上櫃,0.0,0.0,0.0
711505,上櫃,0.0,0.0,0.0
711506,上櫃,2.49,2.72,46.0
711507,上櫃,2.37,2.39,22.0
711508,上櫃,8.0,8.0,10.0
711509,上櫃,0.66,0.74,398.0
711510,上櫃,0.0,0.0,0.0
711511,上櫃,2.06,2.06,11.0
711512,上櫃,1.18,1.3,227.0
711513,上櫃,0.5,0.5,2.0
711514,上櫃,0.43,0.43,51.0
711515,上櫃,0.85,0.86,15.0
711516,上櫃,0.56,0.58,221.0
711517,上櫃,3.72,3.96,11.0
711518,上櫃,0.99,0.99,14.0
711519,上櫃,2.07,2.04,19.0
711520,上櫃,0.0,0.0,0.0
711521,上櫃,0.82,0.87,139.0
711522,上櫃,0.0,0.0,0.0
711523,上櫃,6.15,6.25,47.0
711524,上櫃,0.86,0.77,225.0
711525,上櫃,2.32,2.55,391.0
711526,上櫃,2.68,2.68,1.0
711527,上櫃,0.91,0.91,11.0
711528,上櫃,0.97,0.99,55.0
711529,上櫃,0.54,0.54,1.0
711530,上櫃,2.01,1.91,16.0
711531,上櫃,0.41,0.43,120.0
711532,上櫃,0.57,0.57,39.0
711533,上櫃,0.0,0.0,0.0
711534,上櫃,0.78,0.8,2.0
711535,上櫃,0.59,0.62,178.0
711536,上櫃,1.43,1.43,14.0
711537,上櫃,0.0,0.0,0.0
711538,上櫃,1.42,1.55,73.0
711539,上櫃,1.01,1.14,650.0
711540,上櫃,0.0,0.0,0.0
711541,上櫃,0.0,0.0,0.0
711542,上櫃,0.49,0.51,164.0
711543,上櫃,0.0,0.0,0.0
711544,上櫃,0.0,0.0,0.0
711545,上櫃,0.0,0.0,0.0
711546,上櫃,3.86,3.79,218.0
711547,上櫃,0.0,0.0,0.0
711548,上櫃,0.94,0.96,5.0
711549,上櫃,0.0,0.0,0.0
711550,上櫃,3.76,4.25,669.0
711551,上櫃,1.83,1.39,63.0
711552,上櫃,4.84,5.2,51.0
711553,上櫃,2.25,2.22,22.0
711554,上櫃,0.0,0.0,0.0
711555,上櫃,0.0,0.0,0.0
711556,上櫃,0.0,0.0,0.0
711557,上櫃,1.13,1.13,9.0
711558,上櫃,1.81,1.97,1339.0
711559,上櫃,0.0,0.0,0.0
711560,上櫃,1.17,1.21,25.0
711561,上櫃,0.0,0.0,0.0
711562,上櫃,1.45,1.46,5.0
711563,上櫃,1.58,1.6,5.0
711564,上櫃,0.96,0.96,75.0
711565,上櫃,0.0,0.0,0.0
711566,上櫃,1.28,1.47,60.0
711567,上櫃,1.39,1.3,20.0
711568,上櫃,2.42,2.35,14.0
711569,上櫃,0.39,0.39,30.0
711570,上櫃,0.0,0.0,0.0
711571,上櫃,2.53,2.68,62.0
711572,上櫃,0.0,0.0,0.0
711573,上櫃,1.41,1.41,36.0
711574,上櫃,0.0,0.0,0.0
711575,上櫃,0.88,0.88,10.0
711576,上櫃,0.0,0.0,0.0
711577,上櫃,2.21,2.28,73.0
711578,上櫃,0.9,0.9,60.0
711579,上櫃,0.0,0.0,0.0
711580,上櫃,1.65,1.81,390.0
711581,上櫃,1.14,1.26,728.0
711582,上櫃,0.0,0.0,0.0
711583,上櫃,0.0,0.0,0.0
711584,上櫃,0.0,0.0,0.0
711585,上櫃,3.21,3.21,2.0
711586,上櫃,1.9,1.79,30.0
711587,上櫃,0.51,0.5,11.0
711588,上櫃,0.0,0.0,0.0
711589,上櫃,1.37,1.37,2.0
711590,上櫃,0.0,0.0,0.0
711591,上櫃,2.18,2.4,222.0
711592,上櫃,0.0,0.0,0.0
711593,上櫃,0.52,0.52,6.0
711594,上櫃,0.64,0.64,49.0
711595,上櫃,0.54,0.57,812.0
711596,上櫃,0.98,1.03,1193.0
711597,上櫃,0.55,0.57,11.0
711598,上櫃,0.0,0.0,0.0
711599,上櫃,0.51,0.56,164.0
711600,上櫃,0.62,0.62,16.0
711601,上櫃,0.5,0.51,445.0
711602,上櫃,1.14,1.15,1136.0
711603,上櫃,0.99,1.12,792.0
711604,上櫃,0.0,0.0,0.0
711605,上櫃,0.0,0.0,0.0
711606,上櫃,2.65,2.7,152.0
711607,上櫃,1.54,1.57,139.0
711608,上櫃,1.54,1.57,29.0
711609,上櫃,1.3,1.35,35.0
711610,上櫃,1.81,1.91,77.0
711611,上櫃,2.17,2.16,419.0
711612,上櫃,0.0,0.0,0.0
711613,上櫃,1.48,1.44,465.0
711614,上櫃,0.0,0.0,0.0
711615,上櫃,0.78,0.79,211.0
711616,上櫃,1.85,1.83,14.0
711617,上櫃,1.77,1.9,288.0
711618,上櫃,0.58,0.65,101.0
711619,上櫃,0.0,0.0,0.0
711620,上櫃,0.45,0.5,780.0
711621,上櫃,1.55,1.52,48.0
711622,上櫃,1.01,0.97,141.0
711623,上櫃,0.57,0.57,477.0
711624,上櫃,2.01,2.2,355.0
711625,上櫃,0.73,0.73,21.0
711626,上櫃,1.45,1.46,18.0
711627,上櫃,1.45,1.47,591.0
711628,上櫃,0.0,0.0,0.0
711629,上櫃,0.0,0.0,0.0
711630,上櫃,4.81,4.59,165.0
711631,上櫃,2.81,2.99,916.0
711632,上櫃,0.0,0.0,0.0
711633,上櫃,4.33,4.75,42.0
711634,上櫃,3.0,3.41,229.0
711635,上櫃,1.09,1.05,314.0
711636,上櫃,2.49,2.72,145.0
711637,上櫃,0.0,0.0,0.0
711638,上櫃,0.33,0.33,20.0
711639,上櫃,0.0,0.0,0.0
711640,上櫃,0.0,0.0,0.0
711641,上櫃,1.14,1.12,26.0
711642,上櫃,0.0,0.0,0.0
711643,上櫃,0.0,0.0,0.0
711644,上櫃,1.06,1.04,400.0
711645,上櫃,0.7,0.74,107.0
711646,上櫃,0.0,0.0,0.0
711647,上櫃,0.96,0.99,241.0
711648,上櫃,0.56,0.56,53.0
711649,上櫃,0.0,0.0,0.0
711650,上櫃,2.09,2.07,902.0
711651,上櫃,1.52,1.55,27.0
711652,上櫃,0.0,0.0,0.0
711653,上櫃,1.24,1.27,9.0
711654,上櫃,0.89,0.9,26.0
711655,上櫃,0.0,0.0,0.0
711656,上櫃,1.07,1.16,1244.0
711657,上櫃,1.13,1.18,138.0
711658,上櫃,0.0,0.0,0.0
711659,上櫃,0.57,0.58,106.0
711660,上櫃,0.0,0.0,0.0
711661,上櫃,0.81,0.98,378.0
711662,上櫃,5.8,7.6,15.0
711663,上櫃,2.38,2.78,22.0
711664,上櫃,0.0,0.0,0.0
711665,上櫃,0.0,0.0,0.0
711666,上櫃,0.52,0.51,113.0
711667,上櫃,0.57,0.61,72.0
711668,上櫃,0.0,0.0,0.0
711669,上櫃,0.0,0.0,0.0
711670,上櫃,1.29,1.29,47.0
711671,上櫃,3.13,3.05,30.0
711672,上櫃,0.0,0.0,0.0
711673,上櫃,0.0,0.0,0.0
711674,上櫃,0.0,0.0,0.0
711675,上櫃,0.0,0.0,0.0
711676,上櫃,0.0,0.0,0.0
711677,上櫃,0.0,0.0,0.0
711678,上櫃,0.0,0.0,0.0
711679,上櫃,0.82,0.85,38.0
711680,上櫃,1.11,1.11,3.0
711681,上櫃,0.0,0.0,0.0
711682,上櫃,0.0,0.0,0.0
711683,上櫃,0.9,0.94,42.0
711684,上櫃,0.0,0.0,0.0
711685,上櫃,0.0,0.0,0.0
711686,上櫃,0.0,0.0,0.0
711687,上櫃,0.72,0.64,11.0
711688,上櫃,0.0,0.0,0.0
711689,上櫃,1.1,1.13,128.0
711690,上櫃,0.0,0.0,0.0
711691,上櫃,1.04,1.04,45.0
711692,上櫃,0.69,0.72,6.0
711693,上櫃,1.31,1.3,57.0
711694,上櫃,0.69,0.69,225.0
711695,上櫃,0.39,0.38,416.0
711696,上櫃,1.45,1.51,720.0
711697,上櫃,0.0,0.0,0.0
711698,上櫃,1.01,0.97,295.0
711699,上櫃,1.19,1.19,12.0
711700,上櫃,0.87,0.88,121.0
711701,上櫃,1.05,1.04,84.0
711702,上櫃,0.0,0.0,0.0
711703,上櫃,1.89,2.01,347.0
711704,上櫃,0.0,0.0,0.0
711705,上櫃,0.0,0.0,0.0
711706,上櫃,0.0,0.0,0.0
711707,上櫃,0.0,0.0,0.0
711708,上櫃,0.0,0.0,0.0
711709,上櫃,0.0,0.0,0.0
711710,上櫃,5.05,4.99,66.0
711711,上櫃,1.42,1.65,126.0
711712,上櫃,2.9,2.91,13.0
711713,上櫃,0.74,0.74,1.0
711714,上櫃,0.95,0.91,1008.0
711715,上櫃,2.01,2.17,133.0
711716,上櫃,1.58,1.64,55.0
711717,上櫃,0.0,0.0,0.0
711718,上櫃,2.57,2.47,634.0
711719,上櫃,4.06,4.35,17.0
711720,上櫃,0.56,0.58,193.0
711721,上櫃,0.51,0.5,126.0
711722,上櫃,0.0,0.0,0.0
711723,上櫃,0.0,0.0,0.0
711724,上櫃,0.5,0.48,68.0
711725,上櫃,1.55,1.63,447.0
711726,上櫃,0.0,0.0,0.0
711727,上櫃,0.72,0.72,83.0
711728,上櫃,0.0,0.0,0.0
711729,上櫃,0.0,0.0,0.0
711730,上櫃,0.97,0.96,144.0
711731,上櫃,0.0,0.0,0.0
711732,上櫃,0.0,0.0,0.0
711733,上櫃,0.0,0.0,0.0
711734,上櫃,0.0,0.0,0.0
711735,上櫃,0.0,0.0,0.0
711736,上櫃,0.0,0.0,0.0
711737,上櫃,1.06,1.08,336.0
711738,上櫃,0.0,0.0,0.0
711739,上櫃,0.64,0.68,292.0
711740,上櫃,0.0,0.0,0.0
711741,上櫃,0.0,0.0,0.0
711742,上櫃,0.0,0.0,0.0
711743,上櫃,0.0,0.0,0.0
711744,上櫃,0.0,0.0,0.0
711745,上櫃,0.0,0.0,0.0
711746,上櫃,1.25,1.25,46.0
711747,上櫃,0.0,0.0,0.0
711748,上櫃,0.0,0.0,0.0
711749,上櫃,6.85,6.85,3.0
711750,上櫃,5.35,5.85,19.0
711751,上櫃,5.55,6.1,40.0
711752,上櫃,0.0,0.0,0.0
711753,上櫃,15.8,15.8,11.0
711754,上櫃,0.0,0.0,0.0
711755,上櫃,0.0,0.0,0.0
711756,上櫃,2.05,2.05,150.0
711757,上櫃,1.12,1.12,10.0
711758,上櫃,0.0,0.0,0.0
711759,上櫃,1.08,1.08,60.0
711760,上櫃,1.6,1.86,115.0
711761,上櫃,0.0,0.0,0.0
711762,上櫃,0.0,0.0,0.0
711763,上櫃,0.45,0.45,1.0
711764,上櫃,0.68,0.68,20.0
711765,上櫃,0.43,0.46,45.0
711766,上櫃,0.0,0.0,0.0
711767,上櫃,0.0,0.0,0.0
711768,上櫃,0.0,0.0,0.0
711769,上櫃,0.0,0.0,0.0
711770,上櫃,0.0,0.0,0.0
711771,上櫃,0.52,0.52,8.0
711772,上櫃,0.76,0.82,457.0
711773,上櫃,0.0,0.0,0.0
711774,上櫃,0.0,0.0,0.0
711775,上櫃,1.17,1.17,601.0
711776,上櫃,0.0,0.0,0.0
711777,上櫃,1.48,1.48,120.0
711778,上櫃,0.8,0.8,50.0
711779,上櫃,0.0,0.0,0.0
711780,上櫃,0.0,0.0,0.0
711781,上櫃,0.0,0.0,0.0
711782,上櫃,0.0,0.0,0.0
711783,上櫃,2.03,2.36,108.0
711784,上櫃,0.0,0.0,0.0
711785,上櫃,0.39,0.38,224.0
711786,上櫃,0.0,0.0,0.0
711787,上櫃,2.01,2.16,525.0
711788,上櫃,0.93,0.93,1.0
711789,上櫃,1.07,1.07,51.0
711790,上櫃,0.0,0.0,0.0
711791,上櫃,1.38,1.39,237.0
711792,上櫃,0.0,0.0,0.0
711793,上櫃,2.66,2.66,1.0
711794,上櫃,0.99,0.97,21.0
711795,上櫃,0.89,0.88,15.0
711796,上櫃,0.75,0.87,549.0
711797,上櫃,0.84,0.84,16.0
711798,上櫃,0.44,0.44,25.0
711799,上櫃,0.0,0.0,0.0
711800,上櫃,0.78,0.77,154.0
711801,上櫃,0.0,0.0,0.0
711802,上櫃,0.83,0.83,126.0
711803,上櫃,0.66,0.65,84.0
711804,上櫃,0.83,0.83,30.0
711805,上櫃,0.0,0.0,0.0
711806,上櫃,3.83,3.86,25.0
711807,上櫃,0.0,0.0,0.0
711808,上櫃,0.74,0.74,5.0
711809,上櫃,0.0,0.0,0.0
711810,上櫃,0.44,0.44,5.0
711811,上櫃,0.46,0.46,22.0
711812,上櫃,0.0,0.0,0.0
711813,上櫃,0.0,0.0,0.0
711814,上櫃,0.49,0.49,185.0
711815,上櫃,1.71,1.79,26.0
711816,上櫃,2.1,2.32,2356.0
711817,上櫃,0.0,0.0,0.0
711818,上櫃,0.0,0.0,0.0
711819,上櫃,0.69,0.69,51.0
711820,上櫃,1.75,1.75,1.0
711821,上櫃,0.42,0.43,154.0
711822,上櫃,0.0,0.0,0.0
711823,上櫃,0.44,0.43,105.0
711824,上櫃,0.0,0.0,0.0
711825,上櫃,0.0,0.0,0.0
711826,上櫃,0.0,0.0,0.0
711827,上櫃,0.0,0.0,0.0
711828,上櫃,0.0,0.0,0.0
711829,上櫃,0.86,0.86,12.0
711830,上櫃,0.0,0.0,0.0
711831,上櫃,0.0,0.0,0.0
711832,上櫃,0.96,1.18,1043.0
711833,上櫃,0.81,1.03,514.0
711834,上櫃,0.73,0.73,12.0
711835,上櫃,0.79,0.87,81.0
711836,上櫃,2.32,2.35,5.0
711837,上櫃,0.0,0.0,0.0
711838,上櫃,2.26,2.26,10.0
711839,上櫃,0.0,0.0,0.0
711840,上櫃,0.0,0.0,0.0
711841,上櫃,0.0,0.0,0.0
711842,上櫃,0.0,0.0,0.0
711843,上櫃,0.0,0.0,0.0
711844,上櫃,0.0,0.0,0.0
711845,上櫃,0.0,0.0,0.0
711846,上櫃,0.0,0.0,0.0
711847,上櫃,0.0,0.0,0.0
711848,上櫃,0.0,0.0,0.0
711849,上櫃,2.03,2.2,89.0
711850,上櫃,0.0,0.0,0.0
711851,上櫃,0.0,0.0,0.0
711852,上櫃,0.61,0.6,766.0
711853,上櫃,0.5,0.5,496.0
711854,上櫃,0.38,0.38,251.0
711855,上櫃,0.6,0.6,200.0
711856,上櫃,1.7,1.9,364.0
711857,上櫃,0.81,0.78,179.0
711858,上櫃,0.0,0.0,0.0
711859,上櫃,0.0,0.0,0.0
711860,上櫃,1.4,1.53,318.0
711861,上櫃,0.61,0.61,100.0
711862,上櫃,0.0,0.0,0.0
711863,上櫃,2.4,2.43,100.0
711864,上櫃,1.41,1.41,3308.0
711865,上櫃,0.0,0.0,0.0
711866,上櫃,0.87,0.87,138.0
711867,上櫃,2.07,2.07,9.0
711868,上櫃,3.42,3.58,89.0
711869,上櫃,1.17,1.19,259.0
711870,上櫃,0.0,0.0,0.0
711871,上櫃,0.75,0.75,17.0
711872,上櫃,0.0,0.0,0.0
711873,上櫃,0.85,0.84,37.0
711874,上櫃,1.51,1.77,1006.0
711875,上櫃,0.9,0.91,528.0
711876,上櫃,0.0,0.0,0.0
711877,上櫃,0.0,0.0,0.0
711878,上櫃,3.38,3.38,10.0
711879,上櫃,0.75,0.77,50.0
711880,上櫃,3.18,3.04,17.0
711881,上櫃,0.0,0.0,0.0
711882,上櫃,0.0,0.0,0.0
711883,上櫃,3.25,3.59,289.0
711884,上櫃,0.0,0.0,0.0
711885,上櫃,0.0,0.0,0.0
711886,上櫃,0.0,0.0,0.0
711887,上櫃,1.01,1.0,129.0
711888,上櫃,0.0,0.0,0.0
711889,上櫃,0.73,0.76,108.0
711890,上櫃,0.62,0.62,3.0
711891,上櫃,0.82,0.88,15.0
711892,上櫃,0.57,0.53,298.0
711893,上櫃,0.69,0.66,209.0
711894,上櫃,0.61,0.61,10.0
711895,上櫃,0.0,0.0,0.0
711896,上櫃,0.0,0.0,0.0
711897,上櫃,0.51,0.51,52.0
711898,上櫃,0.0,0.0,0.0
711899,上櫃,1.17,1.17,13.0
711900,上櫃,0.93,0.9,160.0
711901,上櫃,0.0,0.0,0.0
711902,上櫃,0.79,0.79,111.0
711903,上櫃,0.82,0.82,108.0
711904,上櫃,0.0,0.0,0.0
711905,上櫃,0.0,0.0,0.0
711906,上櫃,1.29,1.3,30.0
711907,上櫃,1.71,1.88,450.0
711908,上櫃,0.49,0.49,102.0
711909,上櫃,1.8,1.78,174.0
711910,上櫃,0.81,0.81,10.0
711911,上櫃,0.0,0.0,0.0
711912,上櫃,1.88,1.89,27.0
711913,上櫃,0.0,0.0,0.0
711914,上櫃,1.31,1.31,10.0
711915,上櫃,1.44,1.52,72.0
711916,上櫃,1.95,2.09,41.0
711917,上櫃,1.67,1.7,56.0
711918,上櫃,3.53,3.58,6.0
711919,上櫃,3.22,3.22,1.0
711920,上櫃,1.35,1.49,227.0
711921,上櫃,0.0,0.0,0.0
711922,上櫃,0.55,0.55,306.0
711923,上櫃,1.64,1.83,1552.0
711924,上櫃,0.0,0.0,0.0
711925,上櫃,0.66,0.66,556.0
711926,上櫃,1.73,1.73,30.0
711927,上櫃,1.09,1.06,202.0
711928,上櫃,1.38,1.51,209.0
711929,上櫃,1.28,1.33,76.0
711930,上櫃,1.32,1.4,17.0
711931,上櫃,1.65,1.64,24.0
711932,上櫃,0.0,0.0,0.0
711933,上櫃,1.02,1.04,271.0
711934,上櫃,1.06,1.04,51.0
711935,上櫃,0.83,0.84,525.0
711936,上櫃,0.0,0.0,0.0
711937,上櫃,1.58,1.75,34.0
711938,上櫃,0.0,0.0,0.0
711939,上櫃,0.0,0.0,0.0
711940,上櫃,4.27,4.27,2.0
711941,上櫃,2.13,2.38,2037.0
711942,上櫃,0.7,0.71,35.0
711943,上櫃,0.0,0.0,0.0
711944,上櫃,0.81,0.89,143.0
711945,上櫃,0.91,1.03,931.0
711946,上櫃,0.56,0.55,251.0
711947,上櫃,1.18,1.23,757.0
711948,上櫃,0.0,0.0,0.0
711949,上櫃,1.04,1.04,50.0
711950,上櫃,1.34,1.34,20.0
711951,上櫃,0.0,0.0,0.0
711952,上櫃,0.0,0.0,0.0
711953,上櫃,0.0,0.0,0.0
711954,上櫃,0.47,0.45,160.0
711955,上櫃,1.54,1.57,272.0
711956,上櫃,0.0,0.0,0.0
711957,上櫃,4.17,4.0,43.0
711958,上櫃,0.0,0.0,0.0
711959,上櫃,0.0,0.0,0.0
711960,上櫃,2.48,2.67,57.0
711961,上櫃,0.0,0.0,0.0
711962,上櫃,1.29,1.42,124.0
711963,上櫃,1.34,1.44,179.0
711964,上櫃,1.64,1.64,10.0
711965,上櫃,0.0,0.0,0.0
711966,上櫃,2.52,2.52,5.0
711967,上櫃,0.0,0.0,0.0
711968,上櫃,0.0,0.0,0.0
711969,上櫃,0.9,0.9,54.0
711970,上櫃,1.52,1.52,103.0
711971,上櫃,2.12,2.12,6.0
711972,上櫃,1.94,1.94,39.0
711973,上櫃,7.75,8.0,2.0
711974,上櫃,3.22,3.22,6.0
711975,上櫃,4.4,4.71,5.0
711976,上櫃,0.0,0.0,0.0
711977,上櫃,0.86,0.86,2.0
711978,上櫃,0.0,0.0,0.0
711979,上櫃,1.32,1.38,128.0
711980,上櫃,0.99,1.04,736.0
711981,上櫃,1.12,1.14,138.0
711982,上櫃,1.91,2.14,10.0
711983,上櫃,1.96,1.94,26.0
711984,上櫃,0.0,0.0,0.0
711985,上櫃,5.15,5.15,1.0
711986,上櫃,0.86,0.84,395.0
711987,上櫃,1.53,1.51,136.0
711988,上櫃,1.95,2.13,684.0
711989,上櫃,1.33,1.33,45.0
711990,上櫃,0.0,0.0,0.0
711991,上櫃,4.6,4.6,1.0
711992,上櫃,0.0,0.0,0.0
711993,上櫃,1.64,1.64,11.0
711994,上櫃,1.3,1.19,676.0
711995,上櫃,1.13,1.13,162.0
711996,上櫃,1.49,1.49,14.0
711997,上櫃,4.1,4.1,13.0
711998,上櫃,1.22,1.22,37.0
711999,上櫃,9.7,9.7,1.0
712000,上櫃,1.64,1.64,13.0
712001,上櫃,0.0,0.0,0.0
712002,上櫃,0.0,0.0,0.0
712003,上櫃,0.0,0.0,0.0
712004,上櫃,2.86,2.98,79.0
712005,上櫃,2.33,2.33,2.0
712006,上櫃,2.06,2.05,16.0
712007,上櫃,2.07,2.03,239.0
712008,上櫃,0.0,0.0,0.0
712009,上櫃,3.89,3.93,26.0
712010,上櫃,0.0,0.0,0.0
712011,上櫃,5.1,5.35,49.0
712012,上櫃,0.64,0.63,203.0
712013,上櫃,1.09,1.03,688.0
712014,上櫃,2.6,2.61,42.0
712015,上櫃,1.27,1.27,30.0
712016,上櫃,0.0,0.0,0.0
712017,上櫃,1.15,1.14,58.0
712018,上櫃,0.0,0.0,0.0
712019,上櫃,0.0,0.0,0.0
712020,上櫃,2.77,2.96,76.0
712021,上櫃,1.3,1.3,28.0
712022,上櫃,0.0,0.0,0.0
712023,上櫃,0.0,0.0,0.0
712024,上櫃,1.55,1.55,3.0
712025,上櫃,1.17,1.17,271.0
712026,上櫃,0.0,0.0,0.0
712027,上櫃,1.31,1.27,151.0
712028,上櫃,0.98,0.95,638.0
712029,上櫃,0.64,0.65,14.0
712030,上櫃,1.92,1.81,54.0
712031,上櫃,1.67,1.75,81.0
712032,上櫃,1.77,1.75,4.0
712033,上櫃,1.78,1.83,27.0
712034,上櫃,2.0,2.18,435.0
712035,上櫃,2.43,2.54,103.0
712036,上櫃,1.45,1.52,201.0
712037,上櫃,0.0,0.0,0.0
712038,上櫃,0.82,0.9,747.0
712039,上櫃,0.79,0.85,1490.0
712040,上櫃,0.0,0.0,0.0
712041,上櫃,0.0,0.0,0.0
712042,上櫃,0.91,0.89,76.0
712043,上櫃,0.0,0.0,0.0
712044,上櫃,0.0,0.0,0.0
712045,上櫃,0.81,0.81,20.0
712046,上櫃,2.29,2.3,20.0
712047,上櫃,0.0,0.0,0.0
712048,上櫃,0.0,0.0,0.0
712049,上櫃,0.0,0.0,0.0
712050,上櫃,0.0,0.0,0.0
712051,上櫃,0.0,0.0,0.0
712052,上櫃,0.47,0.47,10.0
712053,上櫃,1.31,1.36,152.0
712054,上櫃,1.13,1.14,182.0
712055,上櫃,1.64,1.63,15.0
712056,上櫃,0.0,0.0,0.0
712057,上櫃,8.2,8.2,10.0
712058,上櫃,2.28,2.27,50.0
712059,上櫃,0.0,0.0,0.0
712060,上櫃,2.54,2.54,50.0
712061,上櫃,1.74,1.74,76.0
712062,上櫃,1.9,2.06,36.0
712063,上櫃,0.73,0.74,187.0
712064,上櫃,0.0,0.0,0.0
712065,上櫃,0.0,0.0,0.0
712066,上櫃,0.0,0.0,0.0
712067,上櫃,2.08,2.08,580.0
712068,上櫃,4.86,4.81,7.0
712069,上櫃,0.0,0.0,0.0
712070,上櫃,0.0,0.0,0.0
712071,上櫃,1.76,1.8,27.0
712072,上櫃,0.0,0.0,0.0
712073,上櫃,2.29,2.14,5.0
712074,上櫃,0.0,0.0,0.0
712075,上櫃,0.84,0.82,89.0
712076,上櫃,1.6,1.55,65.0
712077,上櫃,1.0,1.15,110.0
712078,上櫃,0.0,0.0,0.0
712079,上櫃,0.0,0.0,0.0
712080,上櫃,0.8,0.83,196.0
712081,上櫃,0.0,0.0,0.0
712082,上櫃,2.15,2.26,37.0
712083,上櫃,3.3,3.5,70.0
712084,上櫃,3.86,3.97,8.0
712085,上櫃,2.1,2.13,203.0
712086,上櫃,0.0,0.0,0.0
712087,上櫃,0.0,0.0,0.0
712088,上櫃,0.0,0.0,0.0
712089,上櫃,1.83,1.87,107.0
712090,上櫃,3.83,4.11,29.0
712091,上櫃,0.0,0.0,0.0
712092,上櫃,5.35,5.35,9.0
712093,上櫃,1.46,1.56,257.0
712094,上櫃,2.55,2.47,58.0
712095,上櫃,1.69,1.82,2267.0
712096,上櫃,2.92,2.92,1.0
712097,上櫃,0.0,0.0,0.0
712098,上櫃,1.56,1.56,20.0
712099,上櫃,0.0,0.0,0.0
712100,上櫃,0.0,0.0,0.0
712101,上櫃,0.0,0.0,0.0
712102,上櫃,1.1,1.26,223.0
712103,上櫃,3.36,3.66,16.0
712104,上櫃,0.0,0.0,0.0
712105,上櫃,0.0,0.0,0.0
712106,上櫃,3.24,3.24,2.0
712107,上櫃,3.52,3.52,2.0
712108,上櫃,0.0,0.0,0.0
712109,上櫃,0.91,0.91,385.0
712110,上櫃,0.0,0.0,0.0
712111,上櫃,0.0,0.0,0.0
712112,上櫃,1.05,1.05,28.0
712113,上櫃,0.84,0.85,126.0
712114,上櫃,0.77,0.73,186.0
712115,上櫃,0.0,0.0,0.0
712116,上櫃,0.0,0.0,0.0
712117,上櫃,0.0,0.0,0.0
712118,上櫃,1.05,1.11,31.0
712119,上櫃,0.87,0.88,73.0
712120,上櫃,0.8,0.81,23.0
712121,上櫃,0.82,0.82,53.0
712122,上櫃,0.69,0.69,1.0
712123,上櫃,0.0,0.0,0.0
712124,上櫃,0.0,0.0,0.0
712125,上櫃,1.01,1.01,4.0
712126,上櫃,0.0,0.0,0.0
712127,上櫃,0.0,0.0,0.0
712128,上櫃,0.0,0.0,0.0
712129,上櫃,1.65,1.63,16.0
712130,上櫃,1.42,1.29,68.0
712131,上櫃,2.16,2.16,4.0
712132,上櫃,0.0,0.0,0.0
712133,上櫃,1.52,1.6,502.0
712134,上櫃,1.13,1.14,56.0
712135,上櫃,0.0,0.0,0.0
712136,上櫃,2.51,2.51,3.0
712137,上櫃,0.0,0.0,0.0
712138,上櫃,0.72,0.77,158.0
712139,上櫃,2.45,2.44,15.0
712140,上櫃,0.0,0.0,0.0
712141,上櫃,1.08,1.08,12.0
712142,上櫃,1.31,1.31,9.0
712143,上櫃,1.47,1.5,59.0
712144,上櫃,1.1,1.11,94.0
712145,上櫃,0.0,0.0,0.0
712146,上櫃,0.0,0.0,0.0
712147,上櫃,0.0,0.0,0.0
712148,上櫃,3.11,3.24,27.0
712149,上櫃,0.0,0.0,0.0
712150,上櫃,3.75,3.8,46.0
712151,上櫃,0.77,0.82,345.0
712152,上櫃,2.41,2.22,362.0
712153,上櫃,3.76,4.02,692.0
712154,上櫃,1.35,1.4,40.0
712155,上櫃,3.35,3.39,45.0
712156,上櫃,0.0,0.0,0.0
712157,上櫃,3.59,4.05,286.0
712158,上櫃,0.0,0.0,0.0
712159,上櫃,6.8,6.7,22.0
712160,上櫃,2.35,2.34,51.0
712161,上櫃,1.07,1.13,97.0
712162,上櫃,1.24,1.24,30.0
712163,上櫃,1.66,1.66,12.0
712164,上櫃,0.0,0.0,0.0
712165,上櫃,0.0,0.0,0.0
712166,上櫃,0.0,0.0,0.0
712167,上櫃,0.0,0.0,0.0
712168,上櫃,0.0,0.0,0.0
712169,上櫃,4.52,4.52,1.0
712170,上櫃,5.45,5.45,9.0
712171,上櫃,0.53,0.53,162.0
712172,上櫃,0.88,0.88,58.0
712173,上櫃,0.0,0.0,0.0
712174,上櫃,1.92,2.04,49.0
712175,上櫃,0.0,0.0,0.0
712176,上櫃,0.0,0.0,0.0
712177,上櫃,0.0,0.0,0.0
712178,上櫃,0.0,0.0,0.0
712179,上櫃,0.0,0.0,0.0
712180,上櫃,0.0,0.0,0.0
712181,上櫃,0.93,0.93,5.0
712182,上櫃,1.06,1.04,141.0
712183,上櫃,1.12,1.12,50.0
712184,上櫃,0.0,0.0,0.0
712185,上櫃,0.98,0.97,4667.0
712186,上櫃,0.73,0.73,2.0
712187,上櫃,1.12,1.12,1437.0
712188,上櫃,1.15,1.19,11.0
712189,上櫃,1.13,1.13,12.0
712190,上櫃,2.8,2.8,14.0
712191,上櫃,0.0,0.0,0.0
712192,上櫃,0.9,0.9,15.0
712193,上櫃,0.0,0.0,0.0
712194,上櫃,1.97,1.97,4.0
712195,上櫃,1.52,1.57,13.0
712196,上櫃,1.3,1.34,20.0
712197,上櫃,1.86,1.84,39.0
712198,上櫃,2.25,2.23,67.0
712199,上櫃,1.82,1.8,262.0
712200,上櫃,2.13,2.13,1081.0
712201,上櫃,0.74,0.74,7.0
712202,上櫃,1.06,1.02,347.0
712203,上櫃,1.68,1.68,9.0
712204,上櫃,0.57,0.57,11.0
712205,上櫃,0.91,0.91,82.0
712206,上櫃,0.0,0.0,0.0
712207,上櫃,0.0,0.0,0.0
712208,上櫃,0.0,0.0,0.0
712209,上櫃,1.32,1.32,96.0
712210,上櫃,0.0,0.0,0.0
712211,上櫃,1.99,2.05,20.0
712212,上櫃,0.96,0.95,91.0
712213,上櫃,0.0,0.0,0.0
712214,上櫃,0.94,0.97,114.0
712215,上櫃,0.74,0.76,25.0
712216,上櫃,0.0,0.0,0.0
712217,上櫃,0.0,0.0,0.0
712218,上櫃,1.1,1.1,506.0
712219,上櫃,0.0,0.0,0.0
712220,上櫃,1.62,1.62,192.0
712221,上櫃,0.0,0.0,0.0
712222,上櫃,0.0,0.0,0.0
712223,上櫃,0.0,0.0,0.0
712224,上櫃,0.0,0.0,0.0
712225,上櫃,0.0,0.0,0.0
712226,上櫃,0.69,0.69,12.0
712227,上櫃,0.0,0.0,0.0
712228,上櫃,0.0,0.0,0.0
712229,上櫃,0.0,0.0,0.0
712230,上櫃,0.0,0.0,0.0
712231,上櫃,0.57,0.57,27.0
712232,上櫃,0.96,0.96,16.0
712233,上櫃,0.0,0.0,0.0
712234,上櫃,0.9,0.9,43.0
712235,上櫃,0.97,0.95,38.0
712236,上櫃,0.86,0.9,347.0
712237,上櫃,0.68,0.68,86.0
712238,上櫃,0.5,0.5,1.0
712239,上櫃,1.79,1.9,19.0
712240,上櫃,1.11,1.11,12.0
712241,上櫃,0.0,0.0,0.0
712242,上櫃,0.93,0.93,3.0
712243,上櫃,0.99,0.9,265.0
712244,上櫃,0.0,0.0,0.0
712245,上櫃,0.85,0.86,13.0
712246,上櫃,1.4,1.39,57.0
712247,上櫃,4.95,5.35,45.0
712248,上櫃,0.0,0.0,0.0
712249,上櫃,1.19,1.19,40.0
712250,上櫃,0.0,0.0,0.0
712251,上櫃,0.0,0.0,0.0
712252,上櫃,1.75,1.75,900.0
712253,上櫃,3.37,3.63,54.0
712254,上櫃,3.79,4.02,121.0
712255,上櫃,3.0,3.1,27.0
712256,上櫃,0.0,0.0,0.0
712257,上櫃,0.7,0.76,524.0
712258,上櫃,1.39,1.34,151.0
712259,上櫃,0.52,0.52,52.0
712260,上櫃,0.67,0.68,1100.0
712261,上櫃,0.0,0.0,0.0
712262,上櫃,0.0,0.0,0.0
712263,上櫃,0.62,0.62,5.0
712264,上櫃,0.0,0.0,0.0
712265,上櫃,0.98,0.98,71.0
712266,上櫃,0.93,0.92,658.0
712267,上櫃,0.71,0.71,10.0
712268,上櫃,0.67,0.68,145.0
712269,上櫃,0.0,0.0,0.0
712270,上櫃,0.0,0.0,0.0
712271,上櫃,1.02,1.01,199.0
712272,上櫃,1.99,1.99,1.0
712273,上櫃,1.95,1.95,62.0
712274,上櫃,1.52,1.5,556.0
712275,上櫃,0.0,0.0,0.0
712276,上櫃,0.93,0.94,29.0
712277,上櫃,0.9,0.89,73.0
712278,上櫃,0.0,0.0,0.0
712279,上櫃,1.03,1.03,29.0
712280,上櫃,0.0,0.0,0.0
712281,上櫃,2.05,2.07,58.0
712282,上櫃,0.0,0.0,0.0
712283,上櫃,0.0,0.0,0.0
712284,上櫃,1.29,1.29,30.0
712285,上櫃,0.0,0.0,0.0
712286,上櫃,1.01,0.94,76.0
712287,上櫃,0.0,0.0,0.0
712288,上櫃,0.0,0.0,0.0
712289,上櫃,0.0,0.0,0.0
712290,上櫃,0.0,0.0,0.0
712291,上櫃,2.64,2.59,114.0
712292,上櫃,0.0,0.0,0.0
712293,上櫃,0.72,0.72,10.0
712294,上櫃,1.57,1.55,158.0
712295,上櫃,1.04,1.02,132.0
712296,上櫃,0.6,0.57,597.0
712297,上櫃,0.65,0.63,14.0
712298,上櫃,1.2,1.33,174.0
712299,上櫃,0.98,1.01,27.0
712300,上櫃,2.57,2.71,56.0
712301,上櫃,0.8,0.8,101.0
712302,上櫃,0.0,0.0,0.0
712303,上櫃,0.0,0.0,0.0
712304,上櫃,0.57,0.57,57.0
712305,上櫃,0.86,0.86,10.0
712306,上櫃,1.1,1.14,206.0
712307,上櫃,1.21,1.21,85.0
712308,上櫃,0.0,0.0,0.0
712309,上櫃,1.29,1.3,58.0
712310,上櫃,2.0,2.11,110.0
712311,上櫃,3.06,3.12,70.0
712312,上櫃,0.0,0.0,0.0
712313,上櫃,1.39,1.39,18.0
712314,上櫃,0.54,0.54,33.0
712315,上櫃,0.96,0.95,26.0
712316,上櫃,0.45,0.45,114.0
712317,上櫃,0.67,0.68,100.0
712318,上櫃,1.01,1.03,119.0
712319,上櫃,0.0,0.0,0.0
712320,上櫃,1.25,1.22,661.0
712321,上櫃,0.0,0.0,0.0
712322,上櫃,0.73,0.73,82.0
712323,上櫃,0.88,1.03,545.0
712324,上櫃,1.33,1.23,73.0
712325,上櫃,0.76,0.78,517.0
712326,上櫃,1.06,0.96,219.0
712327,上櫃,1.26,1.19,212.0
712328,上櫃,1.14,1.15,121.0
712329,上櫃,2.39,2.39,17.0
712330,上櫃,0.0,0.0,0.0
712331,上櫃,1.36,1.37,87.0
712332,上櫃,0.49,0.49,20.0
712333,上櫃,1.23,1.16,305.0
712334,上櫃,0.0,0.0,0.0
712335,上櫃,0.0,0.0,0.0
712336,上櫃,1.56,1.63,98.0
712337,上櫃,0.0,0.0,0.0
712338,上櫃,1.83,1.94,30.0
712339,上櫃,0.0,0.0,0.0
712340,上櫃,1.17,1.17,77.0
712341,上櫃,0.0,0.0,0.0
712342,上櫃,0.0,0.0,0.0
712343,上櫃,0.0,0.0,0.0
712344,上櫃,0.56,0.56,1.0
712345,上櫃,1.01,0.99,26.0
712346,上櫃,0.0,0.0,0.0
712347,上櫃,2.51,2.58,21.0
712348,上櫃,0.66,0.66,31.0
712349,上櫃,2.71,2.7,62.0
712350,上櫃,0.96,0.96,2.0
712351,上櫃,0.0,0.0,0.0
712352,上櫃,1.62,1.62,10.0
712353,上櫃,0.0,0.0,0.0
712354,上櫃,1.6,1.65,84.0
712355,上櫃,0.0,0.0,0.0
712356,上櫃,2.1,2.18,76.0
712357,上櫃,0.0,0.0,0.0
712358,上櫃,0.8,0.79,122.0
712359,上櫃,0.0,0.0,0.0
712360,上櫃,2.22,2.22,58.0
712361,上櫃,0.0,0.0,0.0
712362,上櫃,1.26,1.26,30.0
712363,上櫃,0.0,0.0,0.0
712364,上櫃,0.0,0.0,0.0
712365,上櫃,1.79,1.79,111.0
712366,上櫃,1.19,1.17,192.0
712367,上櫃,0.0,0.0,0.0
712368,上櫃,0.0,0.0,0.0
712369,上櫃,0.0,0.0,0.0
712370,上櫃,2.64,2.68,376.0
712371,上櫃,1.13,1.13,27.0
712372,上櫃,0.0,0.0,0.0
712373,上櫃,0.0,0.0,0.0
712374,上櫃,2.12,2.12,1.0
712375,上櫃,1.06,1.09,236.0
712376,上櫃,2.09,2.07,144.0
712377,上櫃,0.0,0.0,0.0
712378,上櫃,0.68,0.63,424.0
712379,上櫃,0.0,0.0,0.0
712380,上櫃,0.0,0.0,0.0
712381,上櫃,1.39,1.37,434.0
712382,上櫃,0.0,0.0,0.0
712383,上櫃,1.41,1.41,6.0
712384,上櫃,1.05,1.04,54.0
712385,上櫃,1.82,1.82,1.0
712386,上櫃,1.32,1.43,2832.0
712387,上櫃,0.75,0.75,4.0
712388,上櫃,0.0,0.0,0.0
712389,上櫃,1.12,1.13,47.0
712390,上櫃,1.86,1.86,46.0
712391,上櫃,0.0,0.0,0.0
712392,上櫃,0.0,0.0,0.0
712393,上櫃,0.0,0.0,0.0
712394,上櫃,1.1,1.19,42.0
712395,上櫃,0.0,0.0,0.0
712396,上櫃,0.0,0.0,0.0
712397,上櫃,0.92,0.92,100.0
712398,上櫃,0.0,0.0,0.0
712399,上櫃,0.0,0.0,0.0
712400,上櫃,0.34,0.36,513.0
712401,上櫃,1.38,1.38,57.0
712402,上櫃,0.0,0.0,0.0
712403,上櫃,0.0,0.0,0.0
712404,上櫃,2.53,2.53,7.0
712405,上櫃,1.27,1.41,90.0
712406,上櫃,1.11,1.11,53.0
712407,上櫃,1.24,1.36,80.0
712408,上櫃,0.0,0.0,0.0
712409,上櫃,2.41,2.46,181.0
712410,上櫃,0.0,0.0,0.0
712411,上櫃,0.85,0.85,30.0
712412,上櫃,0.0,0.0,0.0
712413,上櫃,0.0,0.0,0.0
712414,上櫃,0.0,0.0,0.0
712415,上櫃,0.0,0.0,0.0
712416,上櫃,0.6,0.58,187.0
712417,上櫃,0.47,0.47,29.0
712418,上櫃,0.0,0.0,0.0
712419,上櫃,0.66,0.72,8.0
712420,上櫃,0.0,0.0,0.0
712421,上櫃,1.53,1.55,162.0
712422,上櫃,0.47,0.47,496.0
712423,上櫃,0.28,0.28,499.0
712424,上櫃,0.85,0.77,92.0
712425,上櫃,2.08,2.08,171.0
712426,上櫃,0.47,0.47,64.0
712427,上櫃,0.0,0.0,0.0
712428,上櫃,0.48,0.54,126.0
712429,上櫃,1.08,1.11,203.0
712430,上櫃,1.74,1.74,17.0
712431,上櫃,2.49,2.47,200.0
712432,上櫃,0.0,0.0,0.0
712433,上櫃,0.0,0.0,0.0
712434,上櫃,0.59,0.59,100.0
712435,上櫃,0.0,0.0,0.0
712436,上櫃,0.68,0.72,10.0
712437,上櫃,2.02,1.99,50.0
712438,上櫃,1.58,1.7,2.0
712439,上櫃,0.0,0.0,0.0
712440,上櫃,0.55,0.57,180.0
712441,上櫃,1.28,1.31,99.0
712442,上櫃,0.0,0.0,0.0
712443,上櫃,0.51,0.51,217.0
712444,上櫃,0.51,0.51,383.0
712445,上櫃,0.41,0.41,238.0
712446,上櫃,0.0,0.0,0.0
712447,上櫃,0.87,0.98,1460.0
712448,上櫃,0.51,0.52,531.0
712449,上櫃,0.63,0.63,67.0
712450,上櫃,0.0,0.0,0.0
712451,上櫃,0.99,1.02,67.0
712452,上櫃,1.75,1.77,22.0
712453,上櫃,1.06,1.07,184.0
712454,上櫃,4.09,3.89,27.0
712455,上櫃,1.63,1.63,4.0
712456,上櫃,0.71,0.71,100.0
712457,上櫃,3.93,4.18,37.0
712458,上櫃,0.0,0.0,0.0
712459,上櫃,0.54,0.54,166.0
712460,上櫃,0.0,0.0,0.0
712461,上櫃,1.33,1.3,25.0
712462,上櫃,0.0,0.0,0.0
712463,上櫃,0.0,0.0,0.0
712464,上櫃,0.0,0.0,0.0
712465,上櫃,0.51,0.51,102.0
712466,上櫃,1.59,2.38,50.0
712467,上櫃,1.92,1.89,656.0
712468,上櫃,0.0,0.0,0.0
712469,上櫃,1.17,1.17,1.0
712470,上櫃,0.0,0.0,0.0
712471,上櫃,0.59,0.59,9.0
712472,上櫃,0.0,0.0,0.0
712473,上櫃,0.49,0.5,93.0
712474,上櫃,1.45,1.47,149.0
712475,上櫃,0.0,0.0,0.0
712476,上櫃,0.0,0.0,0.0
712477,上櫃,1.62,1.63,12.0
712478,上櫃,0.89,0.89,18.0
712479,上櫃,1.22,1.25,72.0
712480,上櫃,1.09,1.09,46.0
712481,上櫃,1.53,1.69,194.0
712482,上櫃,0.0,0.0,0.0
712483,上櫃,0.0,0.0,0.0
712484,上櫃,0.0,0.0,0.0
712485,上櫃,0.0,0.0,0.0
712486,上櫃,0.0,0.0,0.0
712487,上櫃,0.98,0.98,15.0
712488,上櫃,0.73,0.73,324.0
712489,上櫃,0.34,0.35,816.0
712490,上櫃,2.05,1.93,1350.0
712491,上櫃,1.68,1.74,194.0
712492,上櫃,2.91,2.91,2.0
712493,上櫃,2.93,2.93,10.0
712494,上櫃,1.55,1.49,784.0
712495,上櫃,1.74,1.86,195.0
712496,上櫃,0.0,0.0,0.0
712497,上櫃,0.7,0.69,22.0
712498,上櫃,0.0,0.0,0.0
712499,上櫃,0.0,0.0,0.0
712500,上櫃,1.54,1.55,213.0
712501,上櫃,1.12,1.08,136.0
712502,上櫃,1.09,1.08,56.0
712503,上櫃,1.73,1.73,403.0
712504,上櫃,0.0,0.0,0.0
712505,上櫃,0.0,0.0,0.0
712506,上櫃,4.8,4.24,13.0
712507,上櫃,0.0,0.0,0.0
712508,上櫃,1.81,1.74,147.0
712509,上櫃,0.0,0.0,0.0
712510,上櫃,1.34,1.34,21.0
712511,上櫃,0.0,0.0,0.0
712512,上櫃,0.0,0.0,0.0
712513,上櫃,0.63,0.67,345.0
712514,上櫃,0.0,0.0,0.0
712515,上櫃,0.81,0.78,121.0
712516,上櫃,0.43,0.42,200.0
712517,上櫃,1.48,1.46,44.0
712518,上櫃,2.49,2.53,55.0
712519,上櫃,0.0,0.0,0.0
712520,上櫃,0.0,0.0,0.0
712521,上櫃,0.0,0.0,0.0
712522,上櫃,3.22,3.58,105.0
712523,上櫃,0.0,0.0,0.0
712524,上櫃,0.0,0.0,0.0
712525,上櫃,2.78,2.82,131.0
712526,上櫃,0.93,0.96,131.0
712527,上櫃,0.56,0.56,25.0
712528,上櫃,0.8,0.85,1730.0
712529,上櫃,0.63,0.63,119.0
712530,上櫃,1.61,1.61,5.0
712531,上櫃,0.0,0.0,0.0
712532,上櫃,1.84,1.84,194.0
712533,上櫃,1.13,1.14,48.0
712534,上櫃,2.77,2.84,32.0
712535,上櫃,1.39,1.49,96.0
712536,上櫃,0.0,0.0,0.0
712537,上櫃,0.0,0.0,0.0
712538,上櫃,0.0,0.0,0.0
712539,上櫃,2.33,2.53,1608.0
712540,上櫃,3.35,3.5,182.0
712541,上櫃,0.71,0.72,200.0
712542,上櫃,0.0,0.0,0.0
712543,上櫃,2.27,2.31,6.0
712544,上櫃,0.87,0.88,51.0
712545,上櫃,1.4,1.54,183.0
712546,上櫃,0.52,0.53,115.0
712547,上櫃,0.0,0.0,0.0
712548,上櫃,0.82,0.84,121.0
712549,上櫃,0.0,0.0,0.0
712550,上櫃,1.09,1.09,490.0
712551,上櫃,0.0,0.0,0.0
712552,上櫃,0.0,0.0,0.0
712553,上櫃,0.66,0.66,89.0
712554,上櫃,0.0,0.0,0.0
712555,上櫃,1.63,1.7,1408.0
712556,上櫃,1.43,1.51,183.0
712557,上櫃,1.39,1.41,53.0
712558,上櫃,1.66,1.76,614.0
712559,上櫃,0.73,0.73,106.0
712560,上櫃,0.94,1.03,398.0
712561,上櫃,0.76,0.79,240.0
712562,上櫃,0.93,0.97,225.0
712563,上櫃,0.81,0.84,912.0
712564,上櫃,0.88,0.88,27.0
712565,上櫃,0.86,0.88,977.0
712566,上櫃,1.07,1.07,21.0
712567,上櫃,1.02,1.13,595.0
712568,上櫃,2.35,2.56,105.0
712569,上櫃,1.57,1.57,6.0
712570,上櫃,3.25,3.2,40.0
712571,上櫃,0.76,0.78,344.0
712572,上櫃,2.52,2.77,994.0
712573,上櫃,2.78,3.07,410.0
712574,上櫃,2.87,3.18,1694.0
712575,上櫃,3.35,3.58,114.0
712576,上櫃,1.52,1.52,15.0
712577,上櫃,0.79,0.83,145.0
712578,上櫃,0.0,0.0,0.0
712579,上櫃,0.73,0.73,10.0
712580,上櫃,0.0,0.0,0.0
712581,上櫃,1.27,1.37,92.0
712582,上櫃,3.31,3.52,82.0
712583,上櫃,0.0,0.0,0.0
712584,上櫃,0.0,0.0,0.0
712585,上櫃,2.58,2.58,7.0
712586,上櫃,1.87,2.13,158.0
712587,上櫃,1.74,1.94,467.0
712588,上櫃,2.86,2.95,45.0
712589,上櫃,1.95,2.1,531.0
712590,上櫃,0.0,0.0,0.0
712591,上櫃,2.32,2.3,21.0
712592,上櫃,1.13,1.13,11.0
712593,上櫃,1.79,1.9,28.0
712594,上櫃,1.21,1.21,15.0
712595,上櫃,0.65,0.65,20.0
712596,上櫃,1.91,2.14,17.0
712597,上櫃,2.45,2.67,824.0
712598,上櫃,1.3,1.43,296.0
712599,上櫃,1.64,1.77,89.0
712600,上櫃,2.04,2.07,50.0
712601,上櫃,0.89,0.87,179.0
712602,上櫃,0.8,0.85,143.0
712603,上櫃,0.0,0.0,0.0
712604,上櫃,0.0,0.0,0.0
712605,上櫃,1.18,1.24,347.0
712606,上櫃,1.32,1.43,56.0
712607,上櫃,0.0,0.0,0.0
712608,上櫃,1.63,1.82,175.0
712609,上櫃,1.61,1.6,113.0
712610,上櫃,1.38,1.52,129.0
712611,上櫃,1.68,1.82,17.0
712612,上櫃,2.25,2.14,35.0
712613,上櫃,2.5,2.54,30.0
712614,上櫃,1.94,1.95,78.0
712615,上櫃,1.51,1.57,255.0
712616,上櫃,0.0,0.0,0.0
712617,上櫃,1.17,1.21,83.0
712618,上櫃,1.01,1.03,280.0
712619,上櫃,1.45,1.45,70.0
712620,上櫃,0.0,0.0,0.0
712621,上櫃,0.0,0.0,0.0
712622,上櫃,2.45,2.66,61.0
712623,上櫃,3.12,3.36,98.0
712624,上櫃,3.63,3.73,38.0
712625,上櫃,3.73,4.05,141.0
712626,上櫃,2.31,2.27,122.0
712627,上櫃,0.0,0.0,0.0
712628,上櫃,1.93,1.93,1.0
712629,上櫃,0.0,0.0,0.0
712630,上櫃,0.0,0.0,0.0
712631,上櫃,2.41,2.32,114.0
712632,上櫃,3.26,3.4,35.0
712633,上櫃,1.95,1.94,532.0
712634,上櫃,0.69,0.69,28.0
712635,上櫃,2.43,2.47,17.0
712636,上櫃,0.0,0.0,0.0
712637,上櫃,3.7,3.86,550.0
712638,上櫃,3.1,3.04,253.0
712639,上櫃,0.79,0.78,245.0
712640,上櫃,2.33,2.41,39.0
712641,上櫃,3.07,3.32,13.0
712642,上櫃,1.51,1.74,342.0
712643,上櫃,1.11,1.11,54.0
712644,上櫃,0.0,0.0,0.0
712645,上櫃,0.95,0.95,53.0
712646,上櫃,0.0,0.0,0.0
712647,上櫃,0.0,0.0,0.0
712648,上櫃,0.0,0.0,0.0
712649,上櫃,0.61,0.63,538.0
712650,上櫃,0.47,0.47,324.0
712651,上櫃,0.0,0.0,0.0
712652,上櫃,0.0,0.0,0.0
712653,上櫃,2.14,2.38,128.0
712654,上櫃,1.21,1.3,761.0
712655,上櫃,0.0,0.0,0.0
712656,上櫃,0.62,0.6,59.0
712657,上櫃,0.57,0.58,20.0
712658,上櫃,1.09,1.19,147.0
712659,上櫃,1.24,1.39,27.0
712660,上櫃,1.08,1.22,284.0
712661,上櫃,0.78,0.78,20.0
712662,上櫃,0.73,0.79,495.0
712663,上櫃,0.47,0.47,3.0
712664,上櫃,1.06,1.14,334.0
712665,上櫃,0.0,0.0,0.0
712666,上櫃,1.69,1.69,20.0
712667,上櫃,1.25,1.14,71.0
712668,上櫃,1.01,0.99,17.0
712669,上櫃,1.88,2.04,200.0
712670,上櫃,0.0,0.0,0.0
712671,上櫃,1.12,1.28,156.0
712672,上櫃,0.0,0.0,0.0
712673,上櫃,0.0,0.0,0.0
712674,上櫃,2.84,2.92,43.0
712675,上櫃,0.0,0.0,0.0
712676,上櫃,0.54,0.55,151.0
712677,上櫃,0.0,0.0,0.0
712678,上櫃,1.84,1.99,157.0
712679,上櫃,0.0,0.0,0.0
712680,上櫃,0.0,0.0,0.0
712681,上櫃,0.0,0.0,0.0
712682,上櫃,0.0,0.0,0.0
712683,上櫃,0.92,0.9,2.0
712684,上櫃,0.58,0.55,424.0
712685,上櫃,0.7,0.7,233.0
712686,上櫃,1.21,1.28,615.0
712687,上櫃,0.0,0.0,0.0
712688,上櫃,0.5,0.5,15.0
712689,上櫃,0.0,0.0,0.0
712690,上櫃,0.83,0.83,156.0
712691,上櫃,0.88,0.85,161.0
712692,上櫃,0.77,0.84,122.0
712693,上櫃,0.0,0.0,0.0
712694,上櫃,0.7,0.71,143.0
712695,上櫃,1.16,1.16,32.0
712696,上櫃,1.88,1.85,14.0
712697,上櫃,0.76,0.76,163.0
712698,上櫃,0.71,0.75,79.0
712699,上櫃,9.8,9.8,1.0
712700,上櫃,0.9,0.9,6.0
712701,上櫃,1.28,1.28,27.0
712702,上櫃,0.0,0.0,0.0
712703,上櫃,0.68,0.68,9.0
712704,上櫃,0.93,0.91,165.0
712705,上櫃,1.16,1.16,1.0
712706,上櫃,0.0,0.0,0.0
712707,上櫃,1.18,1.2,58.0
712708,上櫃,0.0,0.0,0.0
712709,上櫃,1.13,1.13,50.0
712710,上櫃,0.0,0.0,0.0
712711,上櫃,0.82,0.81,81.0
712712,上櫃,1.5,1.7,359.0
712713,上櫃,2.23,2.47,101.0
712714,上櫃,0.65,0.65,8.0
712715,上櫃,0.0,0.0,0.0
712716,上櫃,0.96,0.96,47.0
712717,上櫃,0.48,0.48,12.0
712718,上櫃,0.0,0.0,0.0
712719,上櫃,2.05,2.19,49.0
712720,上櫃,0.0,0.0,0.0
712721,上櫃,0.64,0.64,1.0
712722,上櫃,0.0,0.0,0.0
712723,上櫃,0.0,0.0,0.0
712724,上櫃,0.0,0.0,0.0
712725,上櫃,1.8,1.82,46.0
712726,上櫃,0.0,0.0,0.0
712727,上櫃,1.81,1.82,18.0
712728,上櫃,1.93,1.97,116.0
712729,上櫃,1.81,1.87,516.0
712730,上櫃,1.83,1.83,10.0
712731,上櫃,0.74,0.74,59.0
712732,上櫃,1.27,1.27,4.0
712733,上櫃,0.86,0.86,2.0
712734,上櫃,1.27,1.27,248.0
712735,上櫃,0.0,0.0,0.0
712736,上櫃,0.0,0.0,0.0
712737,上櫃,0.0,0.0,0.0
712738,上櫃,1.96,1.95,11.0
712739,上櫃,0.0,0.0,0.0
712740,上櫃,0.0,0.0,0.0
712741,上櫃,0.0,0.0,0.0
712742,上櫃,0.0,0.0,0.0
712743,上櫃,1.04,1.03,30.0
712744,上櫃,0.0,0.0,0.0
712745,上櫃,2.24,2.24,16.0
712746,上櫃,2.01,2.01,10.0
712747,上櫃,0.0,0.0,0.0
712748,上櫃,2.01,2.13,403.0
712749,上櫃,0.0,0.0,0.0
712750,上櫃,1.89,1.86,30.0
712751,上櫃,0.0,0.0,0.0
712752,上櫃,2.45,2.39,359.0
712753,上櫃,3.35,3.63,25.0
712754,上櫃,1.04,1.04,25.0
712755,上櫃,0.0,0.0,0.0
712756,上櫃,3.53,3.61,287.0
712757,上櫃,0.65,0.65,10.0
712758,上櫃,0.74,0.76,62.0
712759,上櫃,3.34,3.9,811.0
712760,上櫃,2.26,2.39,211.0
712761,上櫃,0.49,0.5,29.0
712762,上櫃,0.79,0.79,30.0
712763,上櫃,2.04,2.04,10.0
712764,上櫃,6.6,6.85,11.0
712765,上櫃,0.0,0.0,0.0
712766,上櫃,0.0,0.0,0.0
712767,上櫃,1.17,1.14,55.0
712768,上櫃,0.83,0.84,32.0
712769,上櫃,1.75,1.68,45.0
712770,上櫃,1.75,1.75,262.0
712771,上櫃,1.96,1.96,2.0
712772,上櫃,0.43,0.43,30.0
712773,上櫃,0.49,0.48,596.0
712774,上櫃,0.71,0.7,584.0
712775,上櫃,0.43,0.43,496.0
712776,上櫃,1.07,1.19,215.0
712777,上櫃,0.88,0.87,100.0
712778,上櫃,0.0,0.0,0.0
712779,上櫃,0.75,0.76,30.0
712780,上櫃,0.0,0.0,0.0
712781,上櫃,0.0,0.0,0.0
712782,上櫃,0.0,0.0,0.0
712783,上櫃,1.12,1.19,409.0
712784,上櫃,1.13,1.13,176.0
712785,上櫃,0.0,0.0,0.0
712786,上櫃,0.47,0.47,104.0
712787,上櫃,0.9,0.92,169.0
712788,上櫃,0.0,0.0,0.0
712789,上櫃,0.85,0.85,661.0
712790,上櫃,0.0,0.0,0.0
712791,上櫃,0.0,0.0,0.0
712792,上櫃,0.77,0.81,1209.0
712793,上櫃,0.0,0.0,0.0
712794,上櫃,1.33,1.33,388.0
712795,上櫃,0.91,0.92,1073.0
712796,上櫃,0.61,0.68,102.0
712797,上櫃,0.0,0.0,0.0
712798,上櫃,0.85,0.9,217.0
712799,上櫃,0.0,0.0,0.0
712800,上櫃,0.9,1.15,12.0
712801,上櫃,4.26,4.26,1.0
712802,上櫃,1.26,1.25,48.0
712803,上櫃,1.25,1.25,22.0
712804,上櫃,0.85,0.86,48.0
712805,上櫃,0.0,0.0,0.0
712806,上櫃,0.0,0.0,0.0
712807,上櫃,0.5,0.5,42.0
712808,上櫃,0.4,0.4,63.0
712809,上櫃,0.66,0.66,485.0
712810,上櫃,0.97,1.1,337.0
712811,上櫃,1.76,1.74,326.0
712812,上櫃,0.0,0.0,0.0
712813,上櫃,1.16,1.16,7.0
712814,上櫃,1.33,1.33,10.0
712815,上櫃,0.0,0.0,0.0
712816,上櫃,1.26,1.26,1.0
712817,上櫃,0.0,0.0,0.0
712818,上櫃,1.86,1.82,10.0
712819,上櫃,1.16,1.11,130.0
712820,上櫃,0.0,0.0,0.0
712821,上櫃,0.0,0.0,0.0
712822,上櫃,2.21,2.4,220.0
712823,上櫃,0.0,0.0,0.0
712824,上櫃,0.0,0.0,0.0
712825,上櫃,0.0,0.0,0.0
712826,上櫃,5.15,5.15,10.0
712827,上櫃,1.86,2.27,216.0
712828,上櫃,0.78,0.86,474.0
712829,上櫃,0.76,0.81,797.0
712830,上櫃,0.76,0.83,279.0
712831,上櫃,0.79,0.85,24.0
712832,上櫃,0.79,0.79,15.0
712833,上櫃,1.12,1.16,15.0
712834,上櫃,0.56,0.53,597.0
712835,上櫃,1.48,1.48,204.0
712836,上櫃,0.0,0.0,0.0
712837,上櫃,0.0,0.0,0.0
712838,上櫃,1.18,1.18,9.0
712839,上櫃,0.87,0.87,20.0
712840,上櫃,0.0,0.0,0.0
712841,上櫃,0.0,0.0,0.0
712842,上櫃,2.1,2.1,50.0
712843,上櫃,0.0,0.0,0.0
712844,上櫃,0.0,0.0,0.0
712845,上櫃,2.61,3.03,36.0
712846,上櫃,1.13,1.14,266.0
712847,上櫃,1.09,1.15,158.0
712848,上櫃,0.89,0.84,90.0
712849,上櫃,1.15,1.28,83.0
712850,上櫃,0.94,0.99,191.0
712851,上櫃,1.13,1.27,94.0
712852,上櫃,0.0,0.0,0.0
712853,上櫃,0.4,0.4,160.0
712854,上櫃,1.08,1.08,86.0
712855,上櫃,0.0,0.0,0.0
712856,上櫃,0.0,0.0,0.0
712857,上櫃,0.0,0.0,0.0
712858,上櫃,1.56,1.74,22.0
712859,上櫃,1.98,1.98,2.0
712860,上櫃,0.0,0.0,0.0
712861,上櫃,1.07,1.07,19.0
712862,上櫃,0.0,0.0,0.0
712863,上櫃,1.89,1.93,90.0
712864,上櫃,2.81,2.96,301.0
712865,上櫃,2.58,2.67,46.0
712866,上櫃,1.32,1.32,33.0
712867,上櫃,0.62,0.61,30.0
712868,上櫃,0.0,0.0,0.0
712869,上櫃,1.65,1.75,468.0
712870,上櫃,1.89,2.0,53.0
712871,上櫃,2.46,2.68,217.0
712872,上櫃,1.25,1.29,56.0
712873,上櫃,3.57,3.48,46.0
712874,上櫃,1.47,1.53,181.0
712875,上櫃,0.0,0.0,0.0
712876,上櫃,0.0,0.0,0.0
712877,上櫃,0.89,0.93,81.0
712878,上櫃,0.0,0.0,0.0
712879,上櫃,0.88,0.88,15.0
712880,上櫃,1.07,1.07,5.0
712881,上櫃,1.49,1.47,6.0
712882,上櫃,0.0,0.0,0.0
712883,上櫃,1.01,1.08,20.0
712884,上櫃,2.12,2.1,992.0
712885,上櫃,0.0,0.0,0.0
712886,上櫃,1.65,1.65,6.0
712887,上櫃,0.0,0.0,0.0
712888,上櫃,0.0,0.0,0.0
712889,上櫃,1.0,1.08,58.0
712890,上櫃,1.37,1.38,21.0
712891,上櫃,3.13,3.51,95.0
712892,上櫃,0.0,0.0,0.0
712893,上櫃,1.88,1.94,357.0
712894,上櫃,0.0,0.0,0.0
712895,上櫃,1.06,1.06,15.0
712896,上櫃,0.81,0.81,101.0
712897,上櫃,0.8,0.82,343.0
712898,上櫃,0.47,0.47,80.0
712899,上櫃,0.0,0.0,0.0
712900,上櫃,0.0,0.0,0.0
712901,上櫃,0.0,0.0,0.0
712902,上櫃,0.64,0.64,50.0
712903,上櫃,0.99,1.03,55.0
712904,上櫃,0.0,0.0,0.0
712905,上櫃,1.16,1.19,366.0
712906,上櫃,0.83,0.85,750.0
712907,上櫃,1.19,1.17,19.0
712908,上櫃,0.0,0.0,0.0
712909,上櫃,0.98,0.98,79.0
712910,上櫃,0.51,0.51,50.0
712911,上櫃,0.77,0.82,191.0
712912,上櫃,0.45,0.45,75.0
712913,上櫃,0.0,0.0,0.0
712914,上櫃,0.83,0.83,18.0
712915,上櫃,0.82,0.82,18.0
712916,上櫃,1.13,1.22,768.0
712917,上櫃,0.54,0.54,93.0
712918,上櫃,0.53,0.53,56.0
712919,上櫃,0.0,0.0,0.0
712920,上櫃,1.4,1.41,192.0
712921,上櫃,0.9,0.93,814.0
712922,上櫃,4.22,4.62,3.0
712923,上櫃,0.79,0.81,63.0
712924,上櫃,0.72,0.72,191.0
712925,上櫃,0.63,0.63,458.0
712926,上櫃,0.0,0.0,0.0
712927,上櫃,0.0,0.0,0.0
712928,上櫃,1.8,1.94,93.0
712929,上櫃,0.0,0.0,0.0
712930,上櫃,2.34,2.54,14.0
712931,上櫃,0.0,0.0,0.0
712932,上櫃,0.0,0.0,0.0
712933,上櫃,0.94,0.94,1.0
712934,上櫃,0.86,0.95,137.0
712935,上櫃,1.59,1.6,125.0
712936,上櫃,0.0,0.0,0.0
712937,上櫃,0.0,0.0,0.0
712938,上櫃,2.31,2.46,175.0
712939,上櫃,1.58,1.75,50.0
712940,上櫃,0.41,0.41,50.0
712941,上櫃,0.0,0.0,0.0
712942,上櫃,1.3,1.27,4.0
712943,上櫃,0.0,0.0,0.0
712944,上櫃,0.89,0.86,71.0
712945,上櫃,1.66,1.66,2.0
712946,上櫃,0.0,0.0,0.0
712947,上櫃,0.0,0.0,0.0
712948,上櫃,1.59,1.58,97.0
712949,上櫃,1.72,1.72,106.0
712950,上櫃,0.93,0.95,121.0
712951,上櫃,0.0,0.0,0.0
712952,上櫃,0.0,0.0,0.0
712953,上櫃,1.0,1.0,10.0
712954,上櫃,0.0,0.0,0.0
712955,上櫃,1.63,1.65,100.0
712956,上櫃,1.59,1.59,19.0
712957,上櫃,1.05,1.05,71.0
712958,上櫃,1.23,1.32,897.0
712959,上櫃,1.1,1.15,42.0
712960,上櫃,2.38,2.38,1.0
712961,上櫃,0.0,0.0,0.0
712962,上櫃,7.75,7.75,1.0
712963,上櫃,0.0,0.0,0.0
712964,上櫃,0.52,0.51,1004.0
712965,上櫃,1.32,1.39,29.0
712966,上櫃,0.0,0.0,0.0
712967,上櫃,0.0,0.0,0.0
712968,上櫃,0.0,0.0,0.0
712969,上櫃,0.81,0.8,218.0
712970,上櫃,0.66,0.66,8.0
712971,上櫃,0.0,0.0,0.0
712972,上櫃,0.0,0.0,0.0
712973,上櫃,0.0,0.0,0.0
712974,上櫃,2.06,2.06,28.0
712975,上櫃,0.9,0.9,10.0
712976,上櫃,5.25,5.25,6.0
712977,上櫃,5.75,6.05,76.0
712978,上櫃,3.2,3.62,32.0
712979,上櫃,0.63,0.63,119.0
712980,上櫃,0.75,0.75,60.0
712981,上櫃,0.0,0.0,0.0
712982,上櫃,1.1,1.19,1257.0
712983,上櫃,1.23,1.33,134.0
712984,上櫃,0.0,0.0,0.0
712985,上櫃,0.0,0.0,0.0
712986,上櫃,0.0,0.0,0.0
712987,上櫃,1.74,1.74,10.0
712988,上櫃,0.0,0.0,0.0
712989,上櫃,0.0,0.0,0.0
712990,上櫃,0.0,0.0,0.0
712991,上櫃,0.0,0.0,0.0
712992,上櫃,4.02,4.02,1.0
712993,上櫃,1.87,1.84,32.0
712994,上櫃,0.35,0.35,200.0
712995,上櫃,1.19,1.19,10.0
712996,上櫃,1.56,1.64,877.0
712997,上櫃,2.16,2.19,15.0
712998,上櫃,2.49,2.48,32.0
712999,上櫃,1.9,1.88,91.0
713000,上櫃,2.74,3.02,213.0
713001,上櫃,0.83,0.84,106.0
713002,上櫃,1.4,1.4,34.0
713003,上櫃,3.23,3.23,9.0
713004,上櫃,1.02,0.92,198.0
713005,上櫃,5.2,5.9,3.0
713006,上櫃,1.78,1.82,20.0
713007,上櫃,0.0,0.0,0.0
713008,上櫃,1.78,1.78,42.0
713009,上櫃,0.0,0.0,0.0
713010,上櫃,3.47,3.47,3.0
713011,上櫃,1.31,1.31,4.0
713012,上櫃,0.0,0.0,0.0
713013,上櫃,1.44,1.41,34.0
713014,上櫃,2.02,1.91,933.0
713015,上櫃,1.35,1.43,41.0
713016,上櫃,0.0,0.0,0.0
713017,上櫃,6.9,7.6,39.0
713018,上櫃,0.0,0.0,0.0
713019,上櫃,3.53,3.53,8.0
713020,上櫃,1.01,1.19,782.0
713021,上櫃,1.77,1.77,3.0
713022,上櫃,0.54,0.57,128.0
713023,上櫃,1.1,1.21,994.0
713024,上櫃,0.0,0.0,0.0
713025,上櫃,0.43,0.43,78.0
713026,上櫃,0.85,0.9,154.0
713027,上櫃,1.01,1.01,10.0
713028,上櫃,0.0,0.0,0.0
713029,上櫃,0.0,0.0,0.0
713030,上櫃,1.73,1.73,24.0
713031,上櫃,1.93,1.93,16.0
713032,上櫃,0.69,0.67,113.0
713033,上櫃,1.33,1.41,20.0
713034,上櫃,0.0,0.0,0.0
713035,上櫃,0.0,0.0,0.0
713036,上櫃,1.22,1.37,91.0
713037,上櫃,0.61,0.65,408.0
713038,上櫃,1.15,1.33,184.0
713039,上櫃,0.69,0.7,34.0
713040,上櫃,0.85,0.85,5.0
713041,上櫃,2.01,1.97,529.0
713042,上櫃,2.4,2.42,21.0
713043,上櫃,1.8,1.8,5.0
713044,上櫃,2.6,2.72,51.0
713045,上櫃,0.0,0.0,0.0
713046,上櫃,1.04,1.04,3.0
713047,上櫃,1.18,1.2,426.0
713048,上櫃,0.0,0.0,0.0
713049,上櫃,1.37,1.37,103.0
713050,上櫃,0.0,0.0,0.0
713051,上櫃,0.0,0.0,0.0
713052,上櫃,0.0,0.0,0.0
713053,上櫃,1.72,1.72,26.0
713054,上櫃,0.0,0.0,0.0
713055,上櫃,1.71,1.76,23.0
713056,上櫃,0.0,0.0,0.0
713057,上櫃,0.0,0.0,0.0
713058,上櫃,0.0,0.0,0.0
713059,上櫃,0.74,0.78,207.0
713060,上櫃,1.77,1.87,58.0
713061,上櫃,0.98,0.98,15.0
713062,上櫃,0.0,0.0,0.0
713063,上櫃,0.0,0.0,0.0
713064,上櫃,2.24,2.17,57.0
713065,上櫃,2.34,2.28,13.0
713066,上櫃,0.0,0.0,0.0
713067,上櫃,0.0,0.0,0.0
713068,上櫃,0.0,0.0,0.0
713069,上櫃,3.26,3.46,195.0
713070,上櫃,0.5,0.48,60.0
713071,上櫃,0.74,0.76,320.0
713072,上櫃,0.0,0.0,0.0
713073,上櫃,0.8,0.82,71.0
713074,上櫃,0.77,0.77,77.0
713075,上櫃,0.65,0.66,131.0
713076,上櫃,0.0,0.0,0.0
713077,上櫃,0.59,0.59,86.0
713078,上櫃,0.58,0.55,524.0
713079,上櫃,0.0,0.0,0.0
713080,上櫃,4.53,5.5,16.0
713081,上櫃,0.0,0.0,0.0
713082,上櫃,1.62,1.65,176.0
713083,上櫃,0.0,0.0,0.0
713084,上櫃,0.0,0.0,0.0
713085,上櫃,0.0,0.0,0.0
713086,上櫃,5.95,6.5,48.0
713087,上櫃,4.22,4.7,292.0
713088,上櫃,0.0,0.0,0.0
713089,上櫃,1.03,0.98,54.0
713090,上櫃,1.28,1.46,218.0
713091,上櫃,0.0,0.0,0.0
713092,上櫃,0.0,0.0,0.0
713093,上櫃,0.0,0.0,0.0
713094,上櫃,1.48,1.5,998.0
713095,上櫃,0.0,0.0,0.0
713096,上櫃,0.67,0.67,13.0
713097,上櫃,1.9,1.9,8.0
713098,上櫃,2.23,2.43,20.0
713099,上櫃,0.72,0.72,83.0
713100,上櫃,0.0,0.0,0.0
713101,上櫃,0.0,0.0,0.0
713102,上櫃,0.0,0.0,0.0
713103,上櫃,1.51,1.55,57.0
713104,上櫃,2.0,2.08,270.0
713105,上櫃,1.39,1.51,222.0
713106,上櫃,0.74,0.75,32.0
713107,上櫃,0.94,0.93,2.0
713108,上櫃,0.0,0.0,0.0
713109,上櫃,0.58,0.65,992.0
713110,上櫃,0.0,0.0,0.0
713111,上櫃,0.41,0.44,105.0
713112,上櫃,0.0,0.0,0.0
713113,上櫃,1.17,1.18,61.0
713114,上櫃,0.0,0.0,0.0
713115,上櫃,0.0,0.0,0.0
713116,上櫃,0.47,0.48,5.0
713117,上櫃,2.58,2.72,75.0
713118,上櫃,0.81,0.8,3.0
713119,上櫃,0.0,0.0,0.0
713120,上櫃,1.48,1.6,254.0
713121,上櫃,0.0,0.0,0.0
713122,上櫃,2.67,2.66,5.0
713123,上櫃,1.22,1.22,21.0
713124,上櫃,0.72,0.72,1.0
713125,上櫃,4.2,5.0,55.0
713126,上櫃,1.79,1.83,107.0
713127,上櫃,0.0,0.0,0.0
713128,上櫃,0.0,0.0,0.0
713129,上櫃,0.0,0.0,0.0
713130,上櫃,1.22,1.22,5.0
713131,上櫃,0.0,0.0,0.0
713132,上櫃,0.0,0.0,0.0
713133,上櫃,1.18,1.25,20.0
713134,上櫃,0.0,0.0,0.0
713135,上櫃,4.66,4.89,64.0
713136,上櫃,2.56,2.56,49.0
713137,上櫃,2.97,2.97,10.0
713138,上櫃,1.38,1.5,288.0
713139,上櫃,1.13,1.2,70.0
713140,上櫃,1.1,1.09,54.0
713141,上櫃,1.03,1.02,58.0
713142,上櫃,1.6,1.63,433.0
713143,上櫃,0.44,0.44,720.0
713144,上櫃,1.45,1.44,24.0
713145,上櫃,0.59,0.6,213.0
713146,上櫃,1.14,1.18,273.0
713147,上櫃,1.0,1.02,60.0
713148,上櫃,2.13,2.31,12.0
713149,上櫃,0.0,0.0,0.0
713150,上櫃,3.0,2.95,195.0
713151,上櫃,2.1,2.21,251.0
713152,上櫃,0.0,0.0,0.0
713153,上櫃,0.78,0.77,79.0
713154,上櫃,0.0,0.0,0.0
713155,上櫃,1.65,1.65,45.0
713156,上櫃,0.0,0.0,0.0
713157,上櫃,1.14,1.14,35.0
713158,上櫃,0.0,0.0,0.0
713159,上櫃,5.05,5.05,15.0
713160,上櫃,2.62,2.58,22.0
713161,上櫃,0.79,0.86,295.0
713162,上櫃,0.0,0.0,0.0
713163,上櫃,0.0,0.0,0.0
713164,上櫃,0.0,0.0,0.0
713165,上櫃,0.0,0.0,0.0
713166,上櫃,0.88,0.91,123.0
713167,上櫃,1.04,1.06,86.0
713168,上櫃,0.8,0.8,310.0
713169,上櫃,1.01,1.04,67.0
713170,上櫃,1.01,1.08,120.0
713171,上櫃,0.74,0.81,28.0
713172,上櫃,0.62,0.68,317.0
713173,上櫃,0.0,0.0,0.0
713174,上櫃,0.85,0.85,2.0
713175,上櫃,3.16,3.16,10.0
713176,上櫃,0.0,0.0,0.0
713177,上櫃,1.59,1.59,4.0
713178,上櫃,1.1,1.15,57.0
713179,上櫃,0.82,0.91,133.0
713180,上櫃,0.0,0.0,0.0
713181,上櫃,0.0,0.0,0.0
713182,上櫃,2.14,2.21,108.0
713183,上櫃,1.64,1.77,123.0
713184,上櫃,0.0,0.0,0.0
713185,上櫃,1.26,1.28,19.0
713186,上櫃,0.93,0.93,5.0
713187,上櫃,0.78,0.78,47.0
713188,上櫃,0.63,0.63,5.0
713189,上櫃,1.06,1.19,48.0
713190,上櫃,0.66,0.74,258.0
713191,上櫃,0.0,0.0,0.0
713192,上櫃,0.58,0.58,10.0
713193,上櫃,0.49,0.49,5.0
713194,上櫃,0.53,0.56,596.0
713195,上櫃,1.19,1.18,103.0
713196,上櫃,0.0,0.0,0.0
713197,上櫃,1.1,1.21,258.0
713198,上櫃,1.1,1.16,180.0
713199,上櫃,1.4,1.53,111.0
713200,上櫃,1.11,1.18,143.0
713201,上櫃,0.45,0.45,158.0
713202,上櫃,0.56,0.56,128.0
713203,上櫃,0.42,0.42,19.0
713204,上櫃,0.0,0.0,0.0
713205,上櫃,0.31,0.35,101.0
713206,上櫃,0.52,0.59,33.0
713207,上櫃,0.0,0.0,0.0
713208,上櫃,0.97,1.02,220.0
713209,上櫃,0.79,0.76,604.0
713210,上櫃,0.84,0.84,24.0
713211,上櫃,0.72,0.78,197.0
713212,上櫃,0.77,0.83,2291.0
713213,上櫃,1.03,1.03,49.0
713214,上櫃,1.16,1.16,69.0
713215,上櫃,1.03,1.14,224.0
713216,上櫃,1.31,1.42,134.0
713217,上櫃,0.0,0.0,0.0
713218,上櫃,1.94,1.94,56.0
713219,上櫃,3.13,3.18,144.0
713220,上櫃,2.08,2.17,110.0
713221,上櫃,2.51,2.66,99.0
713222,上櫃,1.0,1.07,34.0
713223,上櫃,2.93,2.9,165.0
713224,上櫃,0.0,0.0,0.0
713225,上櫃,0.76,0.75,4996.0
713226,上櫃,0.0,0.0,0.0
713227,上櫃,0.0,0.0,0.0
713228,上櫃,0.64,0.65,45.0
713229,上櫃,0.83,0.94,88.0
713230,上櫃,0.0,0.0,0.0
713231,上櫃,0.52,0.56,90.0
713232,上櫃,1.3,1.28,46.0
713233,上櫃,1.42,1.39,165.0
713234,上櫃,1.15,1.19,457.0
713235,上櫃,0.0,0.0,0.0
713236,上櫃,1.3,1.3,202.0
713237,上櫃,0.99,1.13,319.0
713238,上櫃,0.44,0.44,10.0
713239,上櫃,1.8,1.8,13.0
713240,上櫃,0.86,0.86,17.0
713241,上櫃,0.8,0.8,199.0
713242,上櫃,0.46,0.47,168.0
713243,上櫃,0.96,0.96,5.0
713244,上櫃,1.16,1.21,227.0
713245,上櫃,1.67,1.65,107.0
713246,上櫃,0.0,0.0,0.0
713247,上櫃,1.66,1.66,31.0
713248,上櫃,2.63,2.59,113.0
713249,上櫃,3.89,3.95,98.0
713250,上櫃,1.88,2.1,168.0
713251,上櫃,1.08,1.07,55.0
713252,上櫃,1.38,1.4,21.0
713253,上櫃,0.0,0.0,0.0
713254,上櫃,5.3,5.3,5.0
713255,上櫃,3.7,3.91,15.0
713256,上櫃,3.99,3.88,31.0
713257,上櫃,0.0,0.0,0.0
713258,上櫃,2.21,2.21,14.0
713259,上櫃,2.84,2.84,6.0
713260,上櫃,1.87,1.79,80.0
713261,上櫃,0.0,0.0,0.0
713262,上櫃,1.25,1.33,72.0
713263,上櫃,2.64,2.67,61.0
713264,上櫃,0.52,0.54,123.0
713265,上櫃,0.69,0.68,53.0
713266,上櫃,1.17,1.23,422.0
713267,上櫃,1.02,1.11,606.0
713268,上櫃,0.8,0.8,135.0
713269,上櫃,6.15,6.05,97.0
713270,上櫃,0.0,0.0,0.0
713271,上櫃,1.61,1.69,135.0
713272,上櫃,1.29,1.37,51.0
713273,上櫃,0.61,0.59,68.0
713274,上櫃,0.58,0.58,15.0
713275,上櫃,1.23,1.27,223.0
713276,上櫃,0.72,0.72,417.0
713277,上櫃,1.39,1.38,18.0
713278,上櫃,0.0,0.0,0.0
713279,上櫃,1.23,1.24,181.0
713280,上櫃,1.43,1.44,87.0
713281,上櫃,1.72,1.72,2.0
713282,上櫃,0.0,0.0,0.0
713283,上櫃,1.02,1.13,887.0
713284,上櫃,1.05,1.05,15.0
713285,上櫃,2.66,2.66,98.0
713286,上櫃,2.29,2.24,384.0
713287,上櫃,1.22,1.21,20.0
713288,上櫃,0.0,0.0,0.0
713289,上櫃,0.0,0.0,0.0
713290,上櫃,1.01,1.01,402.0
713291,上櫃,0.7,0.7,5.0
713292,上櫃,0.0,0.0,0.0
713293,上櫃,0.0,0.0,0.0
713294,上櫃,1.54,1.67,659.0
713295,上櫃,3.06,3.19,11.0
713296,上櫃,3.29,3.32,41.0
713297,上櫃,1.57,1.7,242.0
713298,上櫃,0.0,0.0,0.0
713299,上櫃,0.67,0.68,25.0
713300,上櫃,1.6,1.78,65.0
713301,上櫃,0.0,0.0,0.0
713302,上櫃,1.64,1.56,11.0
713303,上櫃,1.45,1.45,41.0
713304,上櫃,0.64,0.64,1.0
713305,上櫃,2.71,2.97,182.0
713306,上櫃,1.6,1.73,2611.0
713307,上櫃,0.0,0.0,0.0
713308,上櫃,1.12,1.14,45.0
713309,上櫃,2.21,2.33,28.0
713310,上櫃,0.0,0.0,0.0
713311,上櫃,0.0,0.0,0.0
713312,上櫃,3.9,4.13,212.0
713313,上櫃,0.0,0.0,0.0
713314,上櫃,3.65,3.65,18.0
713315,上櫃,0.0,0.0,0.0
713316,上櫃,2.31,2.27,15.0
713317,上櫃,1.45,1.45,72.0
713318,上櫃,1.9,2.24,111.0
713319,上櫃,1.82,1.9,216.0
713320,上櫃,3.93,4.11,27.0
713321,上櫃,4.33,4.4,26.0
713322,上櫃,4.65,4.65,10.0
713323,上櫃,4.65,4.64,11.0
713324,上櫃,1.61,1.72,2502.0
713325,上櫃,1.3,1.34,165.0
713326,上櫃,0.91,0.89,62.0
713327,上櫃,1.16,1.19,121.0
713328,上櫃,0.97,1.09,274.0
713329,上櫃,1.39,1.39,5.0
713330,上櫃,2.89,3.05,331.0
713331,上櫃,2.01,2.13,23.0
713332,上櫃,2.33,2.33,33.0
713333,上櫃,13.7,13.4,92.0
713334,上櫃,1.86,1.95,126.0
713335,上櫃,0.78,0.97,383.0
713336,上櫃,0.66,0.66,31.0
713337,上櫃,0.0,0.0,0.0
713338,上櫃,0.0,0.0,0.0
713339,上櫃,1.27,1.28,89.0
713340,上櫃,1.28,1.26,137.0
713341,上櫃,1.09,1.15,468.0
713342,上櫃,1.45,1.48,249.0
713343,上櫃,1.31,1.41,140.0
713344,上櫃,1.19,1.29,340.0
713345,上櫃,0.91,0.93,152.0
713346,上櫃,0.0,0.0,0.0
713347,上櫃,0.67,0.71,72.0
713348,上櫃,0.0,0.0,0.0
713349,上櫃,0.0,0.0,0.0
713350,上櫃,0.0,0.0,0.0
713351,上櫃,1.55,1.71,79.0
713352,上櫃,1.24,1.3,264.0
713353,上櫃,0.63,0.61,234.0
713354,上櫃,0.0,0.0,0.0
713355,上櫃,1.1,1.1,36.0
713356,上櫃,0.57,0.57,27.0
713357,上櫃,0.0,0.0,0.0
713358,上櫃,1.25,1.25,88.0
713359,上櫃,0.0,0.0,0.0
713360,上櫃,0.0,0.0,0.0
713361,上櫃,0.97,1.08,80.0
713362,上櫃,1.11,1.12,42.0
713363,上櫃,0.0,0.0,0.0
713364,上櫃,0.87,0.89,47.0
713365,上櫃,0.0,0.0,0.0
713366,上櫃,0.0,0.0,0.0
713367,上櫃,1.03,1.01,38.0
713368,上櫃,1.03,1.03,10.0
713369,上櫃,0.0,0.0,0.0
713370,上櫃,1.73,1.93,80.0
713371,上櫃,0.0,0.0,0.0
713372,上櫃,0.0,0.0,0.0
713373,上櫃,0.0,0.0,0.0
713374,上櫃,0.0,0.0,0.0
713375,上櫃,3.52,3.64,30.0
713376,上櫃,3.41,3.48,132.0
713377,上櫃,3.07,3.25,54.0
713378,上櫃,1.19,1.09,94.0
713379,上櫃,0.0,0.0,0.0
713380,上櫃,0.93,0.94,38.0
713381,上櫃,4.47,4.61,48.0
713382,上櫃,0.0,0.0,0.0
713383,上櫃,0.0,0.0,0.0
713384,上櫃,0.0,0.0,0.0
713385,上櫃,1.98,1.92,77.0
713386,上櫃,0.0,0.0,0.0
713387,上櫃,2.02,2.2,104.0
713388,上櫃,0.86,0.87,15.0
713389,上櫃,3.33,3.43,107.0
713390,上櫃,4.14,4.06,15.0
713391,上櫃,1.23,1.23,1.0
713392,上櫃,1.48,1.65,239.0
713393,上櫃,0.0,0.0,0.0
713394,上櫃,1.0,1.0,6.0
713395,上櫃,0.0,0.0,0.0
713396,上櫃,1.46,1.51,6.0
713397,上櫃,0.0,0.0,0.0
713398,上櫃,0.0,0.0,0.0
713399,上櫃,0.0,0.0,0.0
713400,上櫃,0.8,0.88,29.0
713401,上櫃,0.79,0.83,30.0
713402,上櫃,0.0,0.0,0.0
713403,上櫃,0.0,0.0,0.0
713404,上櫃,0.84,0.84,2.0
713405,上櫃,0.0,0.0,0.0
713406,上櫃,0.0,0.0,0.0
713407,上櫃,1.43,1.57,38.0
713408,上櫃,0.0,0.0,0.0
713409,上櫃,1.94,2.26,1010.0
713410,上櫃,3.06,3.06,20.0
713411,上櫃,3.29,3.29,5.0
713412,上櫃,0.73,0.76,144.0
713413,上櫃,1.04,1.15,455.0
713414,上櫃,0.0,0.0,0.0
713415,上櫃,1.08,1.08,20.0
713416,上櫃,1.05,1.06,7.0
713417,上櫃,1.35,1.39,215.0
713418,上櫃,0.97,1.02,1344.0
713419,上櫃,0.79,0.78,324.0
713420,上櫃,0.9,0.98,1479.0
713421,上櫃,0.84,0.91,1438.0
713422,上櫃,1.45,1.47,60.0
713423,上櫃,1.37,1.5,31.0
713424,上櫃,0.75,0.75,47.0
713425,上櫃,0.87,0.82,30.0
713426,上櫃,0.0,0.0,0.0
713427,上櫃,0.0,0.0,0.0
713428,上櫃,1.93,2.0,303.0
713429,上櫃,0.0,0.0,0.0
713430,上櫃,0.0,0.0,0.0
713431,上櫃,1.98,1.92,153.0
713432,上櫃,2.56,2.87,302.0
713433,上櫃,3.47,3.68,11.0
713434,上櫃,2.12,2.43,175.0
713435,上櫃,1.32,1.42,597.0
713436,上櫃,1.55,1.67,407.0
713437,上櫃,1.26,1.36,634.0
713438,上櫃,2.07,2.2,82.0
713439,上櫃,1.99,2.11,125.0
713440,上櫃,1.11,1.15,53.0
713441,上櫃,0.0,0.0,0.0
713442,上櫃,1.66,1.71,162.0
713443,上櫃,0.0,0.0,0.0
713444,上櫃,0.0,0.0,0.0
713445,上櫃,1.67,1.58,44.0
713446,上櫃,0.0,0.0,0.0
713447,上櫃,1.46,1.46,55.0
713448,上櫃,1.57,1.57,3.0
713449,上櫃,0.97,1.0,17.0
713450,上櫃,1.82,1.99,116.0
713451,上櫃,2.29,2.57,494.0
713452,上櫃,0.0,0.0,0.0
713453,上櫃,2.12,2.4,289.0
713454,上櫃,2.25,2.44,102.0
713455,上櫃,0.68,0.68,100.0
713456,上櫃,0.0,0.0,0.0
713457,上櫃,0.0,0.0,0.0
713458,上櫃,1.54,1.54,12.0
713459,上櫃,0.0,0.0,0.0
713460,上櫃,0.0,0.0,0.0
713461,上櫃,1.21,1.22,98.0
713462,上櫃,3.38,3.27,124.0
713463,上櫃,1.31,1.43,358.0
713464,上櫃,0.0,0.0,0.0
713465,上櫃,0.0,0.0,0.0
713466,上櫃,0.0,0.0,0.0
713467,上櫃,0.9,0.9,77.0
713468,上櫃,1.19,1.3,66.0
713469,上櫃,1.08,1.17,55.0
713470,上櫃,0.58,0.59,115.0
713471,上櫃,0.0,0.0,0.0
713472,上櫃,2.16,2.16,10.0
713473,上櫃,0.54,0.53,70.0
713474,上櫃,0.0,0.0,0.0
713475,上櫃,0.0,0.0,0.0
713476,上櫃,0.0,0.0,0.0
713477,上櫃,0.0,0.0,0.0
713478,上櫃,4.43,4.78,41.0
713479,上櫃,2.64,2.49,20.0
713480,上櫃,1.95,1.95,62.0
713481,上櫃,1.36,1.42,88.0
713482,上櫃,1.75,2.0,2150.0
713483,上櫃,1.31,1.38,295.0
713484,上櫃,1.34,1.45,59.0
713485,上櫃,0.86,0.86,58.0
713486,上櫃,0.72,0.71,123.0
713487,上櫃,0.93,1.0,384.0
713488,上櫃,1.08,1.06,72.0
713489,上櫃,0.0,0.0,0.0
713490,上櫃,0.88,0.96,370.0
713491,上櫃,0.0,0.0,0.0
713492,上櫃,0.0,0.0,0.0
713493,上櫃,0.0,0.0,0.0
713494,上櫃,0.76,0.75,21.0
713495,上櫃,0.0,0.0,0.0
713496,上櫃,0.0,0.0,0.0
713497,上櫃,0.64,0.64,48.0
713498,上櫃,0.72,0.72,100.0
713499,上櫃,1.15,1.17,331.0
713500,上櫃,1.03,1.05,748.0
713501,上櫃,1.43,1.43,15.0
713502,上櫃,1.11,1.14,63.0
713503,上櫃,0.37,0.38,658.0
713504,上櫃,1.46,1.42,500.0
713505,上櫃,0.0,0.0,0.0
713506,上櫃,0.0,0.0,0.0
713507,上櫃,0.0,0.0,0.0
713508,上櫃,1.63,1.57,57.0
713509,上櫃,1.01,0.97,471.0
713510,上櫃,0.97,1.07,316.0
713511,上櫃,2.03,2.09,100.0
713512,上櫃,0.44,0.44,162.0
713513,上櫃,0.0,0.0,0.0
713514,上櫃,0.8,0.8,40.0
713515,上櫃,0.99,0.99,200.0
713516,上櫃,0.71,0.77,184.0
713517,上櫃,1.94,1.89,661.0
713518,上櫃,2.13,2.33,3.0
713519,上櫃,1.93,1.88,66.0
713520,上櫃,0.0,0.0,0.0
713521,上櫃,0.96,0.98,40.0
713522,上櫃,0.81,0.87,272.0
713523,上櫃,0.0,0.0,0.0
713524,上櫃,1.18,1.18,6.0
713525,上櫃,0.0,0.0,0.0
713526,上櫃,2.14,2.08,38.0
713527,上櫃,0.0,0.0,0.0
713528,上櫃,2.68,2.93,488.0
713529,上櫃,1.96,2.28,87.0
713530,上櫃,0.0,0.0,0.0
713531,上櫃,3.3,3.52,62.0
713532,上櫃,0.0,0.0,0.0
713533,上櫃,1.46,1.46,12.0
713534,上櫃,2.59,2.56,17.0
713535,上櫃,0.0,0.0,0.0
713536,上櫃,1.67,1.51,786.0
713537,上櫃,0.0,0.0,0.0
713538,上櫃,0.0,0.0,0.0
713539,上櫃,0.0,0.0,0.0
713540,上櫃,1.46,1.46,13.0
713541,上櫃,3.2,3.29,318.0
713542,上櫃,2.1,2.13,100.0
713543,上櫃,2.95,2.95,15.0
713544,上櫃,0.0,0.0,0.0
713545,上櫃,1.88,2.02,226.0
713546,上櫃,3.04,2.93,110.0
713547,上櫃,0.0,0.0,0.0
713548,上櫃,0.73,0.73,30.0
713549,上櫃,2.19,2.22,592.0
713550,上櫃,1.01,1.01,5.0
713551,上櫃,1.75,1.99,83.0
713552,上櫃,0.0,0.0,0.0
713553,上櫃,0.0,0.0,0.0
713554,上櫃,0.84,0.93,289.0
713555,上櫃,0.0,0.0,0.0
713556,上櫃,0.86,0.93,25.0
713557,上櫃,1.25,1.43,190.0
713558,上櫃,2.97,3.14,32.0
713559,上櫃,0.74,0.74,55.0
713560,上櫃,4.73,4.72,29.0
713561,上櫃,2.06,2.08,16.0
713562,上櫃,0.0,0.0,0.0
713563,上櫃,0.0,0.0,0.0
713564,上櫃,1.85,1.85,5.0
713565,上櫃,0.0,0.0,0.0
713566,上櫃,0.0,0.0,0.0
713567,上櫃,1.52,1.57,56.0
713568,上櫃,0.85,0.92,113.0
713569,上櫃,0.74,0.76,50.0
713570,上櫃,0.98,1.0,165.0
713571,上櫃,1.02,1.12,203.0
713572,上櫃,0.61,0.61,84.0
713573,上櫃,0.99,1.03,86.0
713574,上櫃,0.0,0.0,0.0
713575,上櫃,0.0,0.0,0.0
713576,上櫃,0.0,0.0,0.0
713577,上櫃,1.97,2.02,127.0
713578,上櫃,3.18,3.25,16.0
713579,上櫃,1.53,1.61,204.0
713580,上櫃,0.44,0.49,266.0
713581,上櫃,0.45,0.45,167.0
713582,上櫃,1.37,1.37,33.0
713583,上櫃,1.21,1.2,70.0
713584,上櫃,0.5,0.54,793.0
713585,上櫃,0.0,0.0,0.0
713586,上櫃,0.0,0.0,0.0
713587,上櫃,0.0,0.0,0.0
713588,上櫃,0.3,0.3,495.0
713589,上櫃,1.2,1.16,77.0
713590,上櫃,1.99,1.99,26.0
713591,上櫃,1.58,1.64,142.0
713592,上櫃,1.39,1.5,394.0
713593,上櫃,0.88,0.92,105.0
713594,上櫃,0.32,0.32,56.0
713595,上櫃,1.11,1.12,348.0
713596,上櫃,0.66,0.7,140.0
713597,上櫃,0.69,0.76,149.0
713598,上櫃,0.55,0.59,138.0
713599,上櫃,0.0,0.0,0.0
713600,上櫃,0.32,0.33,96.0
713601,上櫃,1.52,1.62,181.0
713602,上櫃,1.63,1.71,198.0
713603,上櫃,1.77,1.87,454.0
713604,上櫃,0.65,0.65,57.0
713605,上櫃,0.58,0.6,549.0
713606,上櫃,0.59,0.58,49.0
713607,上櫃,0.51,0.5,135.0
713608,上櫃,0.57,0.57,13.0
713609,上櫃,0.68,0.67,254.0
713610,上櫃,0.63,0.65,356.0
713611,上櫃,0.46,0.46,42.0
713612,上櫃,0.77,0.86,165.0
713613,上櫃,0.89,0.96,31.0
713614,上櫃,1.09,1.1,211.0
713615,上櫃,1.07,0.99,574.0
713616,上櫃,1.8,1.76,127.0
713617,上櫃,1.87,1.96,462.0
713618,上櫃,1.56,1.6,452.0
713619,上櫃,1.17,1.19,232.0
713620,上櫃,0.71,0.69,294.0
713621,上櫃,0.0,0.0,0.0
713622,上櫃,1.09,1.14,905.0
713623,上櫃,3.15,2.67,1539.0
713624,上櫃,0.54,0.54,30.0
713625,上櫃,0.0,0.0,0.0
713626,上櫃,1.08,1.08,10.0
713627,上櫃,0.0,0.0,0.0
713628,上櫃,0.83,0.89,25.0
713629,上櫃,4.5,4.92,60.0
713630,上櫃,0.0,0.0,0.0
713631,上櫃,2.02,2.1,256.0
713632,上櫃,0.0,0.0,0.0
713633,上櫃,1.18,1.35,137.0
713634,上櫃,2.85,2.85,34.0
713635,上櫃,0.0,0.0,0.0
713636,上櫃,1.04,0.97,152.0
713637,上櫃,0.0,0.0,0.0
713638,上櫃,1.27,1.32,106.0
713639,上櫃,1.01,1.05,33.0
713640,上櫃,0.0,0.0,0.0
713641,上櫃,0.0,0.0,0.0
713642,上櫃,0.0,0.0,0.0
713643,上櫃,0.0,0.0,0.0
713644,上櫃,1.92,1.92,4.0
713645,上櫃,0.0,0.0,0.0
713646,上櫃,1.57,1.5,563.0
713647,上櫃,0.0,0.0,0.0
713648,上櫃,0.0,0.0,0.0
713649,上櫃,0.86,0.86,17.0
713650,上櫃,0.0,0.0,0.0
713651,上櫃,0.0,0.0,0.0
713652,上櫃,1.4,1.44,9.0
713653,上櫃,0.63,0.63,1.0
713654,上櫃,0.0,0.0,0.0
713655,上櫃,0.0,0.0,0.0
713656,上櫃,2.17,2.27,54.0
713657,上櫃,2.12,2.3,70.0
713658,上櫃,2.09,2.32,113.0
713659,上櫃,0.0,0.0,0.0
713660,上櫃,0.0,0.0,0.0
713661,上櫃,0.0,0.0,0.0
713662,上櫃,0.0,0.0,0.0
713663,上櫃,1.99,1.84,402.0
713664,上櫃,0.94,0.99,150.0
713665,上櫃,1.77,1.83,149.0
713666,上櫃,0.0,0.0,0.0
713667,上櫃,0.0,0.0,0.0
713668,上櫃,0.0,0.0,0.0
713669,上櫃,0.48,0.5,194.0
713670,上櫃,1.25,1.22,34.0
713671,上櫃,0.0,0.0,0.0
713672,上櫃,0.82,0.85,4.0
713673,上櫃,0.85,0.95,229.0
713674,上櫃,0.0,0.0,0.0
713675,上櫃,0.65,0.66,358.0
713676,上櫃,0.59,0.57,774.0
713677,上櫃,0.69,0.71,142.0
713678,上櫃,0.0,0.0,0.0
713679,上櫃,0.0,0.0,0.0
713680,上櫃,0.91,0.93,232.0
713681,上櫃,1.08,1.11,153.0
713682,上櫃,0.86,0.92,214.0
713683,上櫃,1.7,1.72,84.0
713684,上櫃,1.47,1.47,5.0
713685,上櫃,1.12,1.12,570.0
713686,上櫃,1.31,1.33,17.0
713687,上櫃,0.8,0.83,45.0
713688,上櫃,0.49,0.5,188.0
713689,上櫃,0.5,0.45,160.0
713690,上櫃,1.93,2.06,150.0
713691,上櫃,1.11,1.2,398.0
713692,上櫃,1.02,1.11,40.0
713693,上櫃,0.0,0.0,0.0
713694,上櫃,0.0,0.0,0.0
713695,上櫃,0.96,0.96,50.0
713696,上櫃,2.65,2.65,3.0
713697,上櫃,3.11,3.19,12.0
713698,上櫃,1.68,1.73,295.0
713699,上櫃,0.0,0.0,0.0
713700,上櫃,1.06,1.06,101.0
713701,上櫃,0.0,0.0,0.0
713702,上櫃,1.1,1.15,161.0
713703,上櫃,1.78,1.74,18.0
713704,上櫃,1.47,1.47,14.0
713705,上櫃,2.32,2.45,720.0
713706,上櫃,1.47,1.69,676.0
713707,上櫃,0.0,0.0,0.0
713708,上櫃,1.58,1.66,130.0
713709,上櫃,0.0,0.0,0.0
713710,上櫃,0.0,0.0,0.0
713711,上櫃,0.0,0.0,0.0
713712,上櫃,3.68,3.52,90.0
713713,上櫃,0.38,0.38,998.0
713714,上櫃,0.0,0.0,0.0
713715,上櫃,1.29,1.4,706.0
713716,上櫃,1.05,1.05,19.0
713717,上櫃,1.09,1.12,128.0
713718,上櫃,0.96,0.97,350.0
713719,上櫃,0.0,0.0,0.0
713720,上櫃,0.0,0.0,0.0
713721,上櫃,1.07,1.15,258.0
713722,上櫃,1.37,1.5,156.0
713723,上櫃,1.26,1.32,196.0
713724,上櫃,0.0,0.0,0.0
713725,上櫃,1.36,1.36,21.0
713726,上櫃,2.07,2.05,22.0
713727,上櫃,0.95,0.95,20.0
713728,上櫃,0.0,0.0,0.0
713729,上櫃,0.0,0.0,0.0
713730,上櫃,0.0,0.0,0.0
713731,上櫃,0.0,0.0,0.0
713732,上櫃,2.18,2.18,2.0
713733,上櫃,1.62,1.67,135.0
713734,上櫃,1.85,1.85,26.0
713735,上櫃,1.08,1.08,5.0
713736,上櫃,0.86,0.95,992.0
713737,上櫃,0.3,0.3,408.0
713738,上櫃,0.87,0.89,1181.0
713739,上櫃,0.0,0.0,0.0
713740,上櫃,0.65,0.71,292.0
713741,上櫃,0.0,0.0,0.0
713742,上櫃,0.6,0.64,31.0
713743,上櫃,0.0,0.0,0.0
713744,上櫃,0.0,0.0,0.0
713745,上櫃,0.0,0.0,0.0
713746,上櫃,0.94,0.94,993.0
713747,上櫃,0.57,0.57,14.0
713748,上櫃,2.04,2.03,38.0
713749,上櫃,1.35,1.35,1.0
713750,上櫃,0.0,0.0,0.0
713751,上櫃,0.0,0.0,0.0
713752,上櫃,0.0,0.0,0.0
713753,上櫃,2.26,2.26,12.0
713754,上櫃,0.0,0.0,0.0
713755,上櫃,2.02,2.15,44.0
713756,上櫃,1.27,1.21,55.0
713757,上櫃,1.04,0.96,411.0
713758,上櫃,2.12,2.3,44.0
713759,上櫃,2.63,2.68,16.0
713760,上櫃,1.85,1.87,148.0
713761,上櫃,1.5,1.46,79.0
713762,上櫃,1.98,1.98,154.0
713763,上櫃,2.34,2.51,279.0
713764,上櫃,1.2,1.23,204.0
713765,上櫃,1.8,1.83,1048.0
713766,上櫃,1.35,1.35,20.0
713767,上櫃,0.0,0.0,0.0
713768,上櫃,0.0,0.0,0.0
713769,上櫃,0.0,0.0,0.0
713770,上櫃,0.0,0.0,0.0
713771,上櫃,3.02,3.16,56.0
713772,上櫃,0.0,0.0,0.0
713773,上櫃,2.2,2.2,10.0
713774,上櫃,2.06,2.09,200.0
713775,上櫃,0.0,0.0,0.0
713776,上櫃,2.03,1.99,272.0
713777,上櫃,0.0,0.0,0.0
713778,上櫃,0.0,0.0,0.0
713779,上櫃,2.59,2.76,14.0
713780,上櫃,0.0,0.0,0.0
713781,上櫃,0.67,0.68,10.0
713782,上櫃,0.0,0.0,0.0
713783,上櫃,0.57,0.6,263.0
713784,上櫃,0.0,0.0,0.0
713785,上櫃,1.14,1.16,313.0
713786,上櫃,1.3,1.29,2.0
713787,上櫃,1.56,1.59,44.0
713788,上櫃,1.11,1.1,306.0
713789,上櫃,1.7,1.7,15.0
713790,上櫃,1.31,1.32,281.0
713791,上櫃,0.62,0.62,162.0
713792,上櫃,0.59,0.61,933.0
713793,上櫃,0.62,0.63,218.0
713794,上櫃,1.64,1.63,35.0
713795,上櫃,0.0,0.0,0.0
713796,上櫃,0.0,0.0,0.0
713797,上櫃,0.9,1.02,340.0
713798,上櫃,2.03,2.03,220.0
713799,上櫃,1.23,1.31,668.0
713800,上櫃,1.01,1.07,647.0
713801,上櫃,0.88,0.86,702.0
713802,上櫃,1.03,1.03,12.0
713803,上櫃,1.12,1.09,590.0
713804,上櫃,1.09,1.15,283.0
713805,上櫃,0.82,0.84,674.0
713806,上櫃,0.87,0.85,583.0
713807,上櫃,0.85,0.83,971.0
713808,上櫃,0.0,0.0,0.0
713809,上櫃,1.93,1.97,25.0
713810,上櫃,0.0,0.0,0.0
713811,上櫃,0.83,0.83,1.0
713812,上櫃,0.0,0.0,0.0
713813,上櫃,0.88,0.88,2.0
713814,上櫃,0.84,0.84,2.0
713815,上櫃,0.96,0.96,8.0
713816,上櫃,0.56,0.56,538.0
713817,上櫃,0.0,0.0,0.0
713818,上櫃,0.57,0.57,11.0
713819,上櫃,0.0,0.0,0.0
713820,上櫃,0.0,0.0,0.0
713821,上櫃,0.0,0.0,0.0
713822,上櫃,0.62,0.62,9.0
713823,上櫃,0.95,0.94,3934.0
713824,上櫃,0.84,0.88,209.0
713825,上櫃,1.08,1.08,15.0
713826,上櫃,0.0,0.0,0.0
713827,上櫃,0.0,0.0,0.0
713828,上櫃,0.97,0.94,317.0
713829,上櫃,0.0,0.0,0.0
713830,上櫃,0.0,0.0,0.0
713831,上櫃,1.16,1.17,36.0
713832,上櫃,0.0,0.0,0.0
713833,上櫃,0.65,0.64,52.0
713834,上櫃,0.0,0.0,0.0
713835,上櫃,0.0,0.0,0.0
713836,上櫃,0.81,0.81,32.0
713837,上櫃,0.0,0.0,0.0
713838,上櫃,1.41,1.41,12.0
713839,上櫃,0.0,0.0,0.0
713840,上櫃,1.15,1.19,19.0
713841,上櫃,0.9,0.9,11.0
713842,上櫃,0.73,0.73,14.0
713843,上櫃,0.93,0.95,2.0
713844,上櫃,0.0,0.0,0.0
713845,上櫃,0.0,0.0,0.0
713846,上櫃,0.0,0.0,0.0
713847,上櫃,0.0,0.0,0.0
713848,上櫃,1.01,1.05,144.0
713849,上櫃,0.88,0.87,53.0
713850,上櫃,0.0,0.0,0.0
713851,上櫃,2.26,1.94,78.0
713852,上櫃,2.13,1.91,179.0
713853,上櫃,0.8,0.82,49.0
713854,上櫃,0.79,0.79,20.0
713855,上櫃,0.0,0.0,0.0
713856,上櫃,0.72,0.72,8.0
713857,上櫃,0.64,0.64,16.0
713858,上櫃,1.01,1.01,23.0
713859,上櫃,0.0,0.0,0.0
713860,上櫃,2.2,2.2,15.0
713861,上櫃,1.98,1.98,29.0
713862,上櫃,0.0,0.0,0.0
713863,上櫃,1.42,1.5,389.0
713864,上櫃,0.0,0.0,0.0
713865,上櫃,0.82,0.82,36.0
713866,上櫃,1.84,1.84,162.0
713867,上櫃,0.0,0.0,0.0
713868,上櫃,1.95,2.0,695.0
713869,上櫃,0.88,0.87,235.0
713870,上櫃,0.0,0.0,0.0
713871,上櫃,1.21,1.33,150.0
713872,上櫃,1.17,1.22,84.0
713873,上櫃,0.0,0.0,0.0
713874,上櫃,4.76,4.76,4.0
713875,上櫃,1.24,1.24,25.0
713876,上櫃,1.68,1.65,20.0
713877,上櫃,0.0,0.0,0.0
713878,上櫃,0.0,0.0,0.0
713879,上櫃,0.62,0.62,11.0
713880,上櫃,1.62,1.59,34.0
713881,上櫃,0.0,0.0,0.0
713882,上櫃,1.54,1.54,6.0
713883,上櫃,1.32,1.32,8.0
713884,上櫃,0.65,0.64,178.0
713885,上櫃,0.31,0.33,120.0
713886,上櫃,0.0,0.0,0.0
713887,上櫃,0.0,0.0,0.0
713888,上櫃,0.0,0.0,0.0
713889,上櫃,0.0,0.0,0.0
713890,上櫃,0.54,0.56,523.0
713891,上櫃,0.5,0.56,324.0
713892,上櫃,0.8,0.8,538.0
713893,上櫃,1.65,1.76,40.0
713894,上櫃,0.91,0.96,141.0
713895,上櫃,0.55,0.57,334.0
713896,上櫃,0.0,0.0,0.0
713897,上櫃,1.14,1.11,72.0
713898,上櫃,0.69,0.68,70.0
713899,上櫃,1.08,1.11,128.0
713900,上櫃,0.92,0.92,45.0
713901,上櫃,1.32,1.34,22.0
713902,上櫃,1.0,1.12,454.0
713903,上櫃,0.0,0.0,0.0
713904,上櫃,0.56,0.52,285.0
713905,上櫃,0.0,0.0,0.0
713906,上櫃,0.0,0.0,0.0
713907,上櫃,0.0,0.0,0.0
713908,上櫃,1.93,1.98,84.0
713909,上櫃,0.71,0.71,20.0
713910,上櫃,0.75,0.74,19.0
713911,上櫃,0.0,0.0,0.0
713912,上櫃,1.48,1.69,154.0
713913,上櫃,1.06,1.24,91.0
713914,上櫃,0.0,0.0,0.0
713915,上櫃,1.35,1.39,185.0
713916,上櫃,1.39,1.49,297.0
713917,上櫃,1.48,1.44,115.0
713918,上櫃,1.68,1.74,204.0
713919,上櫃,1.7,1.69,333.0
713920,上櫃,1.05,1.05,21.0
713921,上櫃,2.62,2.89,20.0
713922,上櫃,3.18,2.76,21.0
713923,上櫃,1.16,1.25,39.0
713924,上櫃,2.03,2.03,10.0
713925,上櫃,1.17,1.09,255.0
713926,上櫃,1.09,1.09,90.0
713927,上櫃,0.0,0.0,0.0
713928,上櫃,1.29,1.36,358.0
713929,上櫃,1.41,1.45,123.0
713930,上櫃,1.12,1.12,10.0
713931,上櫃,0.0,0.0,0.0
713932,上櫃,0.0,0.0,0.0
713933,上櫃,0.84,0.84,18.0
713934,上櫃,0.75,0.76,940.0
713935,上櫃,1.2,1.32,21.0
713936,上櫃,0.0,0.0,0.0
713937,上櫃,0.0,0.0,0.0
713938,上櫃,1.95,1.91,245.0
713939,上櫃,1.86,1.79,283.0
713940,上櫃,1.45,1.59,146.0
713941,上櫃,1.54,1.54,27.0
713942,上櫃,0.0,0.0,0.0
713943,上櫃,0.76,0.72,69.0
713944,上櫃,0.67,0.66,142.0
713945,上櫃,0.0,0.0,0.0
713946,上櫃,0.56,0.56,25.0
713947,上櫃,1.31,1.31,21.0
713948,上櫃,1.12,1.17,101.0
713949,上櫃,1.51,1.51,22.0
713950,上櫃,1.17,1.16,175.0
713951,上櫃,0.0,0.0,0.0
713952,上櫃,0.0,0.0,0.0
713953,上櫃,0.73,0.7,294.0
713954,上櫃,0.9,1.0,349.0
713955,上櫃,0.0,0.0,0.0
713956,上櫃,0.97,0.97,41.0
713957,上櫃,0.78,0.73,88.0
713958,上櫃,1.02,0.99,72.0
713959,上櫃,1.17,1.15,206.0
713960,上櫃,1.18,1.18,8.0
713961,上櫃,1.73,1.75,20.0
713962,上櫃,2.03,2.09,36.0
713963,上櫃,1.16,1.22,865.0
713964,上櫃,0.74,0.77,1082.0
713965,上櫃,0.77,0.78,608.0
713966,上櫃,1.33,1.32,21.0
713967,上櫃,1.31,1.37,72.0
713968,上櫃,0.97,0.96,120.0
713969,上櫃,1.49,1.64,110.0
713970,上櫃,1.24,1.33,2085.0
713971,上櫃,0.8,0.84,1147.0
713972,上櫃,1.1,1.1,27.0
713973,上櫃,0.62,0.62,22.0
713974,上櫃,0.59,0.59,192.0
713975,上櫃,0.0,0.0,0.0
713976,上櫃,0.0,0.0,0.0
713977,上櫃,0.0,0.0,0.0
713978,上櫃,1.03,0.98,51.0
713979,上櫃,0.93,1.06,503.0
713980,上櫃,0.5,0.63,2300.0
713981,上櫃,4.07,4.43,180.0
713982,上櫃,1.32,1.29,63.0
713983,上櫃,0.61,0.58,1965.0
713984,上櫃,0.0,0.0,0.0
713985,上櫃,0.0,0.0,0.0
713986,上櫃,0.0,0.0,0.0
713987,上櫃,1.6,1.67,138.0
713988,上櫃,2.03,2.03,26.0
713989,上櫃,1.9,2.16,116.0
713990,上櫃,1.44,1.44,12.0
713991,上櫃,1.85,2.0,118.0
713992,上櫃,1.41,1.59,128.0
713993,上櫃,2.1,2.17,3278.0
713994,上櫃,2.17,2.02,1037.0
713995,上櫃,1.69,1.61,1244.0
713996,上櫃,1.27,1.27,40.0
713997,上櫃,1.29,1.43,562.0
713998,上櫃,1.45,1.59,576.0
713999,上櫃,1.62,1.74,253.0
714000,上櫃,1.19,1.19,23.0
714001,上櫃,1.25,1.38,228.0
714002,上櫃,3.01,3.24,18.0
714003,上櫃,3.1,3.36,74.0
714004,上櫃,2.57,2.57,60.0
714005,上櫃,1.25,1.35,73.0
714006,上櫃,0.94,0.99,20.0
714007,上櫃,1.48,1.37,74.0
714008,上櫃,1.69,1.69,18.0
714009,上櫃,0.0,0.0,0.0
714010,上櫃,2.28,2.51,41.0
714011,上櫃,1.59,1.83,630.0
714012,上櫃,0.84,0.84,92.0
714013,上櫃,2.71,2.7,43.0
714014,上櫃,1.83,1.8,34.0
714015,上櫃,2.15,2.15,23.0
714016,上櫃,2.75,2.7,32.0
714017,上櫃,2.12,2.01,138.0
714018,上櫃,1.32,1.31,27.0
714019,上櫃,0.0,0.0,0.0
714020,上櫃,0.0,0.0,0.0
714021,上櫃,1.41,1.52,199.0
714022,上櫃,0.92,0.93,734.0
714023,上櫃,1.57,1.53,123.0
714024,上櫃,0.66,0.66,52.0
714025,上櫃,1.24,1.38,269.0
714026,上櫃,0.61,0.62,1214.0
714027,上櫃,0.6,0.58,184.0
714028,上櫃,1.42,1.38,47.0
714029,上櫃,1.42,1.41,54.0
714030,上櫃,0.33,0.32,332.0
714031,上櫃,0.0,0.0,0.0
714032,上櫃,0.0,0.0,0.0
714033,上櫃,0.0,0.0,0.0
714034,上櫃,0.0,0.0,0.0
714035,上櫃,0.0,0.0,0.0
714036,上櫃,0.0,0.0,0.0
714037,上櫃,0.76,0.76,13.0
714038,上櫃,1.4,1.47,33.0
714039,上櫃,0.0,0.0,0.0
714040,上櫃,0.0,0.0,0.0
714041,上櫃,0.0,0.0,0.0
714042,上櫃,1.66,1.69,30.0
714043,上櫃,1.38,1.48,37.0
714044,上櫃,2.02,2.18,46.0
714045,上櫃,1.6,1.77,59.0
714046,上櫃,0.0,0.0,0.0
714047,上櫃,1.01,1.01,95.0
714048,上櫃,1.13,1.15,133.0
714049,上櫃,0.0,0.0,0.0
714050,上櫃,1.23,1.22,53.0
714051,上櫃,0.0,0.0,0.0
714052,上櫃,1.29,1.37,64.0
714053,上櫃,0.66,0.66,142.0
714054,上櫃,0.66,0.69,719.0
714055,上櫃,0.64,0.64,36.0
714056,上櫃,1.0,1.0,10.0
714057,上櫃,0.56,0.52,258.0
714058,上櫃,0.81,0.91,804.0
714059,上櫃,0.94,1.05,934.0
714060,上櫃,1.07,1.19,1371.0
714061,上櫃,0.62,0.71,731.0
714062,上櫃,0.78,0.81,1093.0
714063,上櫃,2.88,3.07,413.0
714064,上櫃,2.45,2.54,11.0
714065,上櫃,3.36,3.63,80.0
714066,上櫃,2.96,3.23,145.0
714067,上櫃,1.25,1.44,14.0
714068,上櫃,0.0,0.0,0.0
714069,上櫃,0.88,0.88,23.0
714070,上櫃,1.4,1.41,339.0
714071,上櫃,1.6,1.61,124.0
714072,上櫃,3.39,3.21,12.0
714073,上櫃,0.0,0.0,0.0
714074,上櫃,1.64,1.53,68.0
714075,上櫃,4.39,4.39,64.0
714076,上櫃,3.48,3.42,9.0
714077,上櫃,1.44,1.55,69.0
714078,上櫃,1.19,1.32,196.0
714079,上櫃,0.0,0.0,0.0
714080,上櫃,2.19,2.39,42.0
714081,上櫃,2.11,2.32,85.0
714082,上櫃,2.15,2.32,231.0
714083,上櫃,1.8,1.82,9.0
714084,上櫃,0.0,0.0,0.0
714085,上櫃,2.26,2.26,10.0
714086,上櫃,0.95,1.14,378.0
714087,上櫃,0.98,1.24,644.0
714088,上櫃,1.24,1.47,441.0
714089,上櫃,0.82,0.87,684.0
714090,上櫃,1.01,1.12,587.0
714091,上櫃,1.06,1.06,46.0
714092,上櫃,1.32,1.35,528.0
714093,上櫃,1.41,1.37,239.0
714094,上櫃,1.59,1.6,88.0
714095,上櫃,1.69,1.73,558.0
714096,上櫃,1.67,1.76,454.0
714097,上櫃,2.07,2.15,163.0
714098,上櫃,2.46,2.64,243.0
714099,上櫃,2.69,2.75,299.0
714100,上櫃,3.35,3.27,227.0
714101,上櫃,1.33,1.33,23.0
714102,上櫃,0.0,0.0,0.0
714103,上櫃,2.38,2.38,3.0
714104,上櫃,1.21,1.17,110.0
714105,上櫃,1.29,1.33,70.0
714106,上櫃,1.39,1.4,75.0
714107,上櫃,2.01,2.07,338.0
714108,上櫃,2.2,2.57,140.0
714109,上櫃,1.0,0.98,417.0
714110,上櫃,1.0,1.02,215.0
714111,上櫃,0.79,0.81,1872.0
714112,上櫃,0.85,0.85,751.0
714113,上櫃,0.52,0.53,146.0
714114,上櫃,0.55,0.57,183.0
714115,上櫃,0.69,0.7,194.0
714116,上櫃,0.69,0.69,8.0
714117,上櫃,0.78,0.83,803.0
714118,上櫃,0.8,0.8,118.0
714119,上櫃,0.81,0.81,56.0
714120,上櫃,0.59,0.59,499.0
714121,上櫃,0.0,0.0,0.0
714122,上櫃,0.0,0.0,0.0
714123,上櫃,0.0,0.0,0.0
714124,上櫃,0.58,0.63,47.0
714125,上櫃,0.66,0.71,26.0
714126,上櫃,0.0,0.0,0.0
714127,上櫃,0.92,0.92,285.0
714128,上櫃,1.84,2.11,209.0
714129,上櫃,1.24,1.24,53.0
714130,上櫃,0.0,0.0,0.0
714131,上櫃,1.64,1.73,61.0
714132,上櫃,1.82,1.81,152.0
714133,上櫃,1.05,1.07,31.0
714134,上櫃,1.64,1.64,33.0
714135,上櫃,2.83,3.1,80.0
714136,上櫃,3.0,3.15,161.0
714137,上櫃,0.9,0.96,1403.0
714138,上櫃,0.67,0.67,488.0
714139,上櫃,0.59,0.65,868.0
714140,上櫃,0.0,0.0,0.0
714141,上櫃,0.92,1.0,141.0
714142,上櫃,0.48,0.52,137.0
714143,上櫃,0.86,0.93,1576.0
714144,上櫃,0.61,0.65,248.0
714145,上櫃,0.49,0.51,127.0
714146,上櫃,0.8,0.78,366.0
714147,上櫃,2.04,2.17,272.0
714148,上櫃,0.74,0.77,10.0
714149,上櫃,0.67,0.75,285.0
714150,上櫃,0.98,0.97,217.0
714151,上櫃,1.63,1.65,129.0
714152,上櫃,0.96,0.96,37.0
714153,上櫃,0.97,0.97,28.0
714154,上櫃,1.56,1.56,20.0
714155,上櫃,0.0,0.0,0.0
714156,上櫃,0.0,0.0,0.0
714157,上櫃,0.87,1.01,343.0
714158,上櫃,0.76,0.88,300.0
714159,上櫃,0.98,0.96,672.0
714160,上櫃,0.99,0.96,118.0
714161,上櫃,0.79,0.78,72.0
714162,上櫃,1.92,1.89,101.0
714163,上櫃,1.42,1.35,72.0
714164,上櫃,2.15,2.12,25.0
714165,上櫃,1.68,1.7,189.0
714166,上櫃,0.93,1.06,34.0
714167,上櫃,1.8,1.77,163.0
714168,上櫃,2.96,3.07,41.0
714169,上櫃,0.0,0.0,0.0
714170,上櫃,1.79,1.71,146.0
714171,上櫃,1.36,1.41,71.0
714172,上櫃,0.87,0.85,69.0
714173,上櫃,0.91,0.91,75.0
714174,上櫃,1.26,1.23,193.0
714175,上櫃,2.17,2.21,83.0
714176,上櫃,1.37,1.58,130.0
714177,上櫃,1.41,1.43,40.0
714178,上櫃,1.35,1.45,230.0
714179,上櫃,0.82,0.76,446.0
714180,上櫃,0.7,0.69,744.0
714181,上櫃,0.0,0.0,0.0
714182,上櫃,1.1,1.13,516.0
714183,上櫃,3.03,3.17,111.0
714184,上櫃,3.23,3.22,108.0
714185,上櫃,4.12,4.22,132.0
714186,上櫃,4.97,4.69,103.0
714187,上櫃,0.0,0.0,0.0
714188,上櫃,0.8,0.8,15.0
714189,上櫃,1.0,1.0,3.0
714190,上櫃,1.25,1.2,46.0
714191,上櫃,0.0,0.0,0.0
714192,上櫃,0.0,0.0,0.0
714193,上櫃,0.0,0.0,0.0
714194,上櫃,1.02,1.16,212.0
714195,上櫃,0.76,0.78,565.0
714196,上櫃,0.0,0.0,0.0
714197,上櫃,0.0,0.0,0.0
714198,上櫃,1.01,1.01,1.0
714199,上櫃,0.0,0.0,0.0
714200,上櫃,1.6,1.57,236.0
714201,上櫃,0.66,0.67,160.0
714202,上櫃,0.69,0.72,550.0
714203,上櫃,1.47,1.47,5.0
714204,上櫃,0.0,0.0,0.0
714205,上櫃,2.03,2.07,21.0
714206,上櫃,1.43,1.38,81.0
714207,上櫃,0.81,0.87,173.0
714208,上櫃,0.75,0.74,114.0
714209,上櫃,0.95,0.96,156.0
714210,上櫃,0.0,0.0,0.0
714211,上櫃,1.5,1.45,182.0
714212,上櫃,2.77,2.76,397.0
714213,上櫃,1.88,1.92,557.0
714214,上櫃,0.0,0.0,0.0
714215,上櫃,0.0,0.0,0.0
714216,上櫃,0.0,0.0,0.0
714217,上櫃,0.68,0.66,15.0
714218,上櫃,1.06,1.1,579.0
714219,上櫃,0.0,0.0,0.0
714220,上櫃,1.43,1.52,162.0
714221,上櫃,1.23,1.33,137.0
714222,上櫃,1.13,1.14,145.0
714223,上櫃,1.06,1.08,252.0
714224,上櫃,0.92,1.04,994.0
714225,上櫃,0.0,0.0,0.0
714226,上櫃,2.07,2.24,67.0
714227,上櫃,0.9,0.9,167.0
714228,上櫃,1.33,1.35,47.0
714229,上櫃,0.0,0.0,0.0
714230,上櫃,1.31,1.49,85.0
714231,上櫃,1.24,1.25,47.0
714232,上櫃,3.66,3.51,42.0
714233,上櫃,0.0,0.0,0.0
714234,上櫃,0.0,0.0,0.0
714235,上櫃,1.09,1.07,27.0
714236,上櫃,1.34,1.4,262.0
714237,上櫃,0.0,0.0,0.0
714238,上櫃,0.96,1.06,50.0
714239,上櫃,1.12,1.23,30.0
714240,上櫃,0.0,0.0,0.0
714241,上櫃,2.66,2.65,5.0
714242,上櫃,1.2,1.22,157.0
714243,上櫃,0.57,0.57,55.0
714244,上櫃,0.0,0.0,0.0
714245,上櫃,0.0,0.0,0.0
714246,上櫃,0.0,0.0,0.0
714247,上櫃,0.7,0.73,668.0
714248,上櫃,0.0,0.0,0.0
714249,上櫃,0.0,0.0,0.0
714250,上櫃,0.0,0.0,0.0
714251,上櫃,1.21,1.2,112.0
714252,上櫃,1.2,1.27,40.0
714253,上櫃,0.63,0.68,58.0
714254,上櫃,1.06,1.06,320.0
714255,上櫃,0.0,0.0,0.0
714256,上櫃,0.0,0.0,0.0
714257,上櫃,1.25,1.36,1325.0
714258,上櫃,0.95,1.07,543.0
714259,上櫃,0.8,0.94,245.0
714260,上櫃,0.86,0.86,251.0
714261,上櫃,1.49,1.48,69.0
714262,上櫃,0.0,0.0,0.0
714263,上櫃,0.0,0.0,0.0
714264,上櫃,1.05,1.07,202.0
714265,上櫃,0.93,0.93,11.0
714266,上櫃,0.0,0.0,0.0
714267,上櫃,0.0,0.0,0.0
714268,上櫃,0.87,0.87,10.0
714269,上櫃,0.0,0.0,0.0
714270,上櫃,0.0,0.0,0.0
714271,上櫃,0.0,0.0,0.0
714272,上櫃,1.11,1.11,6.0
714273,上櫃,1.48,1.55,235.0
714274,上櫃,1.83,1.97,130.0
714275,上櫃,2.33,2.31,4.0
714276,上櫃,2.43,2.5,290.0
714277,上櫃,2.43,2.43,5.0
714278,上櫃,0.92,0.92,28.0
714279,上櫃,0.0,0.0,0.0
714280,上櫃,0.0,0.0,0.0
714281,上櫃,3.43,3.78,1525.0
714282,上櫃,2.53,2.73,341.0
714283,上櫃,0.0,0.0,0.0
714284,上櫃,0.0,0.0,0.0
714285,上櫃,0.0,0.0,0.0
714286,上櫃,1.09,1.1,89.0
714287,上櫃,0.0,0.0,0.0
714288,上櫃,1.13,1.23,234.0
714289,上櫃,3.42,3.9,32.0
714290,上櫃,2.28,2.33,7.0
714291,上櫃,2.28,2.54,132.0
714292,上櫃,1.03,1.22,780.0
714293,上櫃,1.01,1.03,172.0
714294,上櫃,1.2,1.25,528.0
714295,上櫃,0.88,0.92,208.0
714296,上櫃,1.04,1.04,6.0
714297,上櫃,4.12,4.49,76.0
714298,上櫃,0.0,0.0,0.0
714299,上櫃,1.35,1.46,43.0
714300,上櫃,0.0,0.0,0.0
714301,上櫃,0.0,0.0,0.0
714302,上櫃,0.0,0.0,0.0
714303,上櫃,0.0,0.0,0.0
714304,上櫃,0.72,0.78,71.0
714305,上櫃,0.0,0.0,0.0
714306,上櫃,3.25,3.59,85.0
714307,上櫃,1.8,1.96,441.0
714308,上櫃,1.66,1.83,847.0
714309,上櫃,0.0,0.0,0.0
714310,上櫃,0.96,0.97,258.0
714311,上櫃,1.03,1.01,172.0
714312,上櫃,0.0,0.0,0.0
714313,上櫃,0.76,0.76,628.0
714314,上櫃,0.0,0.0,0.0
714315,上櫃,0.74,0.74,20.0
714316,上櫃,0.58,0.59,4621.0
714317,上櫃,0.0,0.0,0.0
714318,上櫃,0.0,0.0,0.0
714319,上櫃,0.0,0.0,0.0
714320,上櫃,0.56,0.57,2356.0
714321,上櫃,0.53,0.55,1067.0
714322,上櫃,0.0,0.0,0.0
714323,上櫃,0.33,0.34,85.0
714324,上櫃,0.0,0.0,0.0
714325,上櫃,0.78,0.77,351.0
714326,上櫃,0.53,0.54,38.0
714327,上櫃,0.56,0.63,184.0
714328,上櫃,1.22,1.22,4.0
714329,上櫃,1.22,1.32,12.0
714330,上櫃,1.95,1.93,34.0
714331,上櫃,0.82,0.81,88.0
714332,上櫃,1.55,1.54,3.0
714333,上櫃,1.96,1.96,10.0
714334,上櫃,0.83,0.83,110.0
714335,上櫃,0.0,0.0,0.0
714336,上櫃,0.0,0.0,0.0
714337,上櫃,0.0,0.0,0.0
714338,上櫃,2.03,2.22,5.0
714339,上櫃,0.86,1.01,395.0
714340,上櫃,1.39,1.44,361.0
714341,上櫃,1.08,1.08,10.0
714342,上櫃,1.95,1.98,65.0
714343,上櫃,1.32,1.39,51.0
714344,上櫃,2.58,2.81,61.0
714345,上櫃,1.35,1.4,327.0
714346,上櫃,0.0,0.0,0.0
714347,上櫃,0.0,0.0,0.0
714348,上櫃,1.7,1.73,57.0
714349,上櫃,0.0,0.0,0.0
714350,上櫃,0.0,0.0,0.0
714351,上櫃,0.0,0.0,0.0
714352,上櫃,1.28,1.33,216.0
714353,上櫃,2.1,2.42,113.0
714354,上櫃,3.2,3.38,106.0
714355,上櫃,1.48,1.59,268.0
714356,上櫃,1.41,1.56,293.0
714357,上櫃,2.92,3.19,285.0
714358,上櫃,0.0,0.0,0.0
714359,上櫃,3.33,3.64,111.0
714360,上櫃,0.0,0.0,0.0
714361,上櫃,1.23,1.28,102.0
714362,上櫃,2.08,2.08,20.0
714363,上櫃,0.0,0.0,0.0
714364,上櫃,1.07,1.07,127.0
714365,上櫃,1.07,1.07,14.0
714366,上櫃,2.07,2.05,19.0
714367,上櫃,1.16,1.16,5.0
714368,上櫃,0.0,0.0,0.0
714369,上櫃,1.5,1.6,662.0
714370,上櫃,0.0,0.0,0.0
714371,上櫃,1.42,1.42,1.0
714372,上櫃,1.24,1.24,1.0
714373,上櫃,1.36,1.5,259.0
714374,上櫃,1.15,1.21,85.0
714375,上櫃,1.26,1.28,92.0
714376,上櫃,1.63,1.78,186.0
714377,上櫃,0.78,0.81,312.0
714378,上櫃,1.69,1.68,17.0
714379,上櫃,0.0,0.0,0.0
714380,上櫃,0.91,0.9,102.0
714381,上櫃,1.52,1.59,20.0
714382,上櫃,1.04,0.97,174.0
714383,上櫃,0.0,0.0,0.0
714384,上櫃,0.0,0.0,0.0
714385,上櫃,0.74,0.74,30.0
714386,上櫃,1.93,1.62,44.0
714387,上櫃,1.8,1.46,171.0
714388,上櫃,0.0,0.0,0.0
714389,上櫃,1.1,1.09,155.0
714390,上櫃,0.94,0.96,356.0
714391,上櫃,1.85,1.85,20.0
714392,上櫃,0.0,0.0,0.0
714393,上櫃,0.0,0.0,0.0
714394,上櫃,1.14,1.09,303.0
714395,上櫃,1.35,1.39,73.0
714396,上櫃,1.1,1.07,4.0
714397,上櫃,1.16,1.31,208.0
714398,上櫃,1.46,1.58,195.0
714399,上櫃,0.85,1.03,946.0
714400,上櫃,0.0,0.0,0.0
714401,上櫃,1.12,1.11,76.0
714402,上櫃,0.66,0.73,1253.0
714403,上櫃,0.86,0.89,42.0
714404,上櫃,1.81,1.81,9.0
714405,上櫃,1.84,1.96,85.0
714406,上櫃,1.35,1.38,120.0
714407,上櫃,1.29,1.36,56.0
714408,上櫃,1.19,1.19,17.0
714409,上櫃,1.29,1.26,18.0
714410,上櫃,1.62,1.67,57.0
714411,上櫃,0.81,0.87,468.0
714412,上櫃,0.48,0.53,407.0
714413,上櫃,1.1,1.1,5.0
714414,上櫃,0.0,0.0,0.0
714415,上櫃,0.99,1.09,113.0
714416,上櫃,0.0,0.0,0.0
714417,上櫃,0.0,0.0,0.0
714418,上櫃,1.44,1.44,42.0
714419,上櫃,0.0,0.0,0.0
714420,上櫃,0.0,0.0,0.0
714421,上櫃,1.55,1.55,74.0
714422,上櫃,1.02,1.08,262.0
714423,上櫃,1.2,1.27,60.0
714424,上櫃,1.21,1.19,130.0
714425,上櫃,0.73,0.76,415.0
714426,上櫃,1.36,1.41,123.0
714427,上櫃,1.07,1.02,155.0
714428,上櫃,0.0,0.0,0.0
714429,上櫃,0.0,0.0,0.0
714430,上櫃,0.79,0.8,88.0
714431,上櫃,1.28,1.39,113.0
714432,上櫃,0.72,0.71,4.0
714433,上櫃,0.0,0.0,0.0
714434,上櫃,0.69,0.69,25.0
714435,上櫃,0.75,0.78,618.0
714436,上櫃,0.0,0.0,0.0
714437,上櫃,0.0,0.0,0.0
714438,上櫃,0.0,0.0,0.0
714439,上櫃,1.22,1.22,54.0
714440,上櫃,1.64,1.64,11.0
714441,上櫃,2.4,2.42,73.0
714442,上櫃,1.44,1.44,21.0
714443,上櫃,0.7,0.68,41.0
714444,上櫃,0.83,0.84,62.0
714445,上櫃,0.54,0.62,142.0
714446,上櫃,0.0,0.0,0.0
714447,上櫃,0.5,0.54,75.0
714448,上櫃,0.0,0.0,0.0
714449,上櫃,0.6,0.6,354.0
714450,上櫃,2.09,2.04,29.0
714451,上櫃,2.69,3.04,52.0
714452,上櫃,1.04,1.08,65.0
714453,上櫃,1.43,1.33,107.0
714454,上櫃,1.53,1.27,1692.0
714455,上櫃,0.0,0.0,0.0
714456,上櫃,0.0,0.0,0.0
714457,上櫃,1.01,0.99,5.0
714458,上櫃,3.08,3.08,20.0
714459,上櫃,0.0,0.0,0.0
714460,上櫃,3.1,2.99,257.0
714461,上櫃,0.0,0.0,0.0
714462,上櫃,2.97,2.97,52.0
714463,上櫃,1.95,2.15,123.0
714464,上櫃,0.96,1.02,70.0
714465,上櫃,0.75,0.75,20.0
714466,上櫃,1.44,1.44,148.0
714467,上櫃,1.44,1.58,64.0
714468,上櫃,1.33,1.54,109.0
714469,上櫃,1.06,1.05,37.0
714470,上櫃,0.0,0.0,0.0
714471,上櫃,0.78,0.79,107.0
714472,上櫃,1.35,1.35,5.0
714473,上櫃,1.15,1.12,10.0
714474,上櫃,1.75,1.58,231.0
714475,上櫃,1.33,1.17,2.0
714476,上櫃,0.79,0.79,76.0
714477,上櫃,0.0,0.0,0.0
714478,上櫃,0.0,0.0,0.0
714479,上櫃,1.76,1.88,23.0
714480,上櫃,1.75,1.8,17.0
714481,上櫃,1.57,1.57,12.0
714482,上櫃,1.57,1.51,67.0
714483,上櫃,1.59,1.56,36.0
714484,上櫃,1.22,1.23,290.0
714485,上櫃,1.7,1.67,108.0
714486,上櫃,1.19,1.26,269.0
714487,上櫃,1.1,1.21,271.0
714488,上櫃,0.0,0.0,0.0
714489,上櫃,1.12,1.12,80.0
714490,上櫃,1.41,1.49,856.0
714491,上櫃,1.43,1.43,5.0
714492,上櫃,0.65,0.65,10.0
714493,上櫃,1.59,1.49,301.0
714494,上櫃,0.0,0.0,0.0
714495,上櫃,1.82,1.82,4.0
714496,上櫃,0.0,0.0,0.0
714497,上櫃,0.0,0.0,0.0
714498,上櫃,0.0,0.0,0.0
714499,上櫃,1.83,1.76,605.0
714500,上櫃,0.81,0.89,145.0
714501,上櫃,2.31,2.1,216.0
714502,上櫃,3.2,3.57,352.0
714503,上櫃,0.84,1.03,56.0
714504,上櫃,1.44,1.11,12.0
714505,上櫃,0.0,0.0,0.0
714506,上櫃,2.78,2.81,79.0
714507,上櫃,0.0,0.0,0.0
714508,上櫃,2.47,2.51,5.0
714509,上櫃,2.46,2.35,39.0
714510,上櫃,1.24,1.31,427.0
714511,上櫃,2.77,2.77,13.0
714512,上櫃,1.77,1.82,12.0
714513,上櫃,2.2,2.2,9.0
714514,上櫃,2.18,2.69,191.0
714515,上櫃,2.49,2.36,24.0
714516,上櫃,2.19,2.48,56.0
714517,上櫃,1.57,1.55,15.0
714518,上櫃,0.0,0.0,0.0
714519,上櫃,0.0,0.0,0.0
714520,上櫃,2.14,2.14,10.0
714521,上櫃,0.0,0.0,0.0
714522,上櫃,1.28,1.27,25.0
714523,上櫃,2.18,2.32,57.0
714524,上櫃,1.37,1.4,144.0
714525,上櫃,1.12,1.12,21.0
714526,上櫃,0.0,0.0,0.0
714527,上櫃,2.7,2.75,23.0
714528,上櫃,1.44,1.44,6.0
714529,上櫃,1.72,1.72,46.0
714530,上櫃,1.73,1.63,162.0
714531,上櫃,0.96,0.91,359.0
714532,上櫃,1.43,1.43,7.0
714533,上櫃,1.33,1.27,59.0
714534,上櫃,0.0,0.0,0.0
714535,上櫃,0.77,0.76,18.0
714536,上櫃,3.1,3.1,24.0
714537,上櫃,0.0,0.0,0.0
714538,上櫃,2.09,2.2,56.0
714539,上櫃,3.01,3.2,46.0
714540,上櫃,0.0,0.0,0.0
714541,上櫃,0.73,0.75,300.0
714542,上櫃,0.0,0.0,0.0
714543,上櫃,0.71,0.71,29.0
714544,上櫃,0.0,0.0,0.0
714545,上櫃,0.57,0.57,8.0
714546,上櫃,2.0,2.0,22.0
714547,上櫃,2.87,2.95,7.0
714548,上櫃,1.56,1.76,23.0
714549,上櫃,1.44,1.44,20.0
714550,上櫃,0.0,0.0,0.0
714551,上櫃,2.14,1.7,7.0
714552,上櫃,1.89,1.83,211.0
714553,上櫃,1.73,1.65,77.0
714554,上櫃,1.9,1.84,130.0
714555,上櫃,1.79,1.87,69.0
714556,上櫃,1.4,1.32,245.0
714557,上櫃,2.51,2.57,34.0
714558,上櫃,0.8,0.8,25.0
714559,上櫃,0.0,0.0,0.0
714560,上櫃,0.49,0.51,50.0
714561,上櫃,0.0,0.0,0.0
714562,上櫃,0.0,0.0,0.0
714563,上櫃,0.8,0.76,1533.0
714564,上櫃,0.0,0.0,0.0
714565,上櫃,0.77,0.84,29.0
714566,上櫃,1.83,1.83,5.0
714567,上櫃,0.87,0.87,30.0
714568,上櫃,0.0,0.0,0.0
714569,上櫃,1.31,1.31,191.0
714570,上櫃,0.0,0.0,0.0
714571,上櫃,1.43,1.43,1.0
714572,上櫃,1.98,2.16,232.0
714573,上櫃,1.58,1.53,41.0
714574,上櫃,1.69,1.64,150.0
714575,上櫃,1.48,1.51,280.0
714576,上櫃,0.0,0.0,0.0
714577,上櫃,1.71,1.82,212.0
714578,上櫃,1.3,1.48,312.0
714579,上櫃,1.26,1.49,326.0
714580,上櫃,1.01,1.06,31.0
714581,上櫃,1.29,1.32,34.0
714582,上櫃,0.0,0.0,0.0
714583,上櫃,0.0,0.0,0.0
714584,上櫃,0.0,0.0,0.0
714585,上櫃,1.79,1.64,102.0
714586,上櫃,1.82,1.92,46.0
714587,上櫃,0.0,0.0,0.0
714588,上櫃,1.46,1.43,12.0
714589,上櫃,0.0,0.0,0.0
714590,上櫃,0.0,0.0,0.0
714591,上櫃,0.0,0.0,0.0
714592,上櫃,0.73,0.8,143.0
714593,上櫃,0.0,0.0,0.0
714594,上櫃,0.9,0.91,92.0
714595,上櫃,1.81,1.81,229.0
714596,上櫃,0.92,0.91,5.0
714597,上櫃,0.89,0.89,250.0
714598,上櫃,1.18,1.21,87.0
714599,上櫃,1.86,1.81,56.0
714600,上櫃,1.34,1.34,20.0
714601,上櫃,1.05,1.02,61.0
714602,上櫃,1.11,1.09,42.0
714603,上櫃,1.13,1.1,73.0
714604,上櫃,1.3,1.34,69.0
714605,上櫃,1.55,1.74,210.0
714606,上櫃,1.47,1.64,465.0
714607,上櫃,1.21,1.31,268.0
714608,上櫃,2.81,2.76,202.0
714609,上櫃,0.0,0.0,0.0
714610,上櫃,0.99,0.86,45.0
714611,上櫃,0.0,0.0,0.0
714612,上櫃,0.0,0.0,0.0
714613,上櫃,0.0,0.0,0.0
714614,上櫃,1.91,1.89,422.0
714615,上櫃,3.27,3.66,513.0
714616,上櫃,0.0,0.0,0.0
714617,上櫃,1.07,1.17,48.0
714618,上櫃,0.0,0.0,0.0
714619,上櫃,2.21,2.21,10.0
714620,上櫃,0.58,0.6,10.0
714621,上櫃,0.0,0.0,0.0
714622,上櫃,0.0,0.0,0.0
714623,上櫃,0.98,0.98,1.0
714624,上櫃,1.13,1.13,4.0
714625,上櫃,1.94,1.95,147.0
714626,上櫃,0.0,0.0,0.0
714627,上櫃,0.0,0.0,0.0
714628,上櫃,1.04,0.99,449.0
714629,上櫃,1.16,1.16,17.0
714630,上櫃,0.0,0.0,0.0
714631,上櫃,0.0,0.0,0.0
714632,上櫃,0.0,0.0,0.0
714633,上櫃,0.0,0.0,0.0
714634,上櫃,0.0,0.0,0.0
714635,上櫃,0.0,0.0,0.0
714636,上櫃,2.36,2.27,124.0
714637,上櫃,1.37,1.18,50.0
714638,上櫃,1.61,1.64,172.0
714639,上櫃,4.49,4.63,2.0
714640,上櫃,0.0,0.0,0.0
714641,上櫃,1.75,1.91,55.0
714642,上櫃,1.87,2.04,379.0
714643,上櫃,1.38,1.51,50.0
714644,上櫃,0.0,0.0,0.0
714645,上櫃,3.4,3.4,9.0
714646,上櫃,1.97,1.99,35.0
714647,上櫃,2.27,2.37,94.0
714648,上櫃,0.0,0.0,0.0
714649,上櫃,2.54,2.54,5.0
714650,上櫃,0.0,0.0,0.0
714651,上櫃,0.0,0.0,0.0
714652,上櫃,2.31,2.57,236.0
714653,上櫃,3.07,3.22,68.0
714654,上櫃,3.39,3.86,220.0
714655,上櫃,1.72,1.75,94.0
714656,上櫃,1.55,1.59,118.0
714657,上櫃,1.99,2.01,28.0
714658,上櫃,0.0,0.0,0.0
714659,上櫃,1.58,1.58,6.0
714660,上櫃,2.75,2.73,31.0
714661,上櫃,0.0,0.0,0.0
714662,上櫃,0.0,0.0,0.0
714663,上櫃,0.0,0.0,0.0
714664,上櫃,0.0,0.0,0.0
714665,上櫃,0.83,0.81,251.0
714666,上櫃,0.0,0.0,0.0
714667,上櫃,0.61,0.61,213.0
714668,上櫃,0.58,0.59,117.0
714669,上櫃,0.0,0.0,0.0
714670,上櫃,0.0,0.0,0.0
714671,上櫃,0.0,0.0,0.0
714672,上櫃,0.98,1.09,244.0
714673,上櫃,0.92,1.03,256.0
714674,上櫃,0.89,0.95,257.0
714675,上櫃,0.91,0.99,384.0
714676,上櫃,0.86,0.93,308.0
714677,上櫃,1.06,1.15,99.0
714678,上櫃,1.51,1.53,387.0
714679,上櫃,1.62,1.55,335.0
714680,上櫃,0.0,0.0,0.0
714681,上櫃,1.84,1.85,243.0
714682,上櫃,1.99,2.0,167.0
714683,上櫃,0.0,0.0,0.0
714684,上櫃,1.87,1.8,25.0
714685,上櫃,0.0,0.0,0.0
714686,上櫃,1.61,1.38,53.0
714687,上櫃,0.0,0.0,0.0
714688,上櫃,2.33,2.45,81.0
714689,上櫃,0.0,0.0,0.0
714690,上櫃,1.71,1.71,68.0
714691,上櫃,2.03,2.04,185.0
714692,上櫃,1.95,1.95,302.0
714693,上櫃,0.0,0.0,0.0
714694,上櫃,0.0,0.0,0.0
714695,上櫃,2.86,3.27,37.0
714696,上櫃,2.75,2.84,24.0
714697,上櫃,1.35,1.34,165.0
714698,上櫃,1.4,1.42,82.0
714699,上櫃,1.2,1.24,11.0
714700,上櫃,0.0,0.0,0.0
714701,上櫃,0.0,0.0,0.0
714702,上櫃,2.1,1.92,50.0
714703,上櫃,0.0,0.0,0.0
714704,上櫃,0.0,0.0,0.0
714705,上櫃,3.32,4.1,39.0
714706,上櫃,0.65,0.65,5.0
714707,上櫃,0.0,0.0,0.0
714708,上櫃,0.0,0.0,0.0
714709,上櫃,0.0,0.0,0.0
714710,上櫃,2.56,2.7,345.0
714711,上櫃,3.53,4.3,175.0
714712,上櫃,1.08,1.11,495.0
714713,上櫃,1.12,1.13,23.0
714714,上櫃,1.17,1.19,302.0
714715,上櫃,1.31,1.3,42.0
714716,上櫃,0.0,0.0,0.0
714717,上櫃,0.96,1.08,57.0
714718,上櫃,2.02,2.02,3.0
714719,上櫃,0.84,0.84,111.0
714720,上櫃,1.3,1.33,432.0
714721,上櫃,1.0,1.0,23.0
714722,上櫃,0.0,0.0,0.0
714723,上櫃,0.0,0.0,0.0
714724,上櫃,1.88,1.87,19.0
714725,上櫃,0.0,0.0,0.0
714726,上櫃,0.81,0.81,6.0
714727,上櫃,1.8,1.82,10.0
714728,上櫃,1.71,1.74,35.0
714729,上櫃,1.39,1.5,279.0
714730,上櫃,1.69,1.87,201.0
714731,上櫃,1.58,1.68,886.0
714732,上櫃,1.25,1.33,234.0
714733,上櫃,1.13,1.08,254.0
714734,上櫃,0.0,0.0,0.0
714735,上櫃,0.69,0.66,106.0
714736,上櫃,0.0,0.0,0.0
714737,上櫃,0.0,0.0,0.0
714738,上櫃,0.0,0.0,0.0
714739,上櫃,0.0,0.0,0.0
714740,上櫃,0.0,0.0,0.0
714741,上櫃,0.0,0.0,0.0
714742,上櫃,0.0,0.0,0.0
714743,上櫃,0.0,0.0,0.0
714744,上櫃,0.0,0.0,0.0
714745,上櫃,0.0,0.0,0.0
714746,上櫃,0.0,0.0,0.0
714747,上櫃,0.0,0.0,0.0
714748,上櫃,1.91,1.91,10.0
714749,上櫃,0.0,0.0,0.0
714750,上櫃,0.0,0.0,0.0
714751,上櫃,0.0,0.0,0.0
714752,上櫃,0.0,0.0,0.0
714753,上櫃,3.78,3.97,45.0
714754,上櫃,0.53,0.54,611.0
714755,上櫃,0.85,0.85,4.0
714756,上櫃,0.94,0.89,69.0
714757,上櫃,0.79,0.8,23.0
714758,上櫃,0.0,0.0,0.0
714759,上櫃,0.0,0.0,0.0
714760,上櫃,1.94,1.88,20.0
714761,上櫃,1.94,1.94,10.0
714762,上櫃,2.21,2.14,54.0
714763,上櫃,0.0,0.0,0.0
714764,上櫃,2.38,2.4,40.0
714765,上櫃,0.0,0.0,0.0
714766,上櫃,0.0,0.0,0.0
714767,上櫃,0.0,0.0,0.0
714768,上櫃,0.0,0.0,0.0
714769,上櫃,0.52,0.54,400.0
714770,上櫃,0.0,0.0,0.0
714771,上櫃,0.7,0.7,1.0
714772,上櫃,0.59,0.58,70.0
714773,上櫃,0.0,0.0,0.0
714774,上櫃,0.83,0.83,669.0
714775,上櫃,0.69,0.73,30.0
714776,上櫃,0.0,0.0,0.0
714777,上櫃,0.0,0.0,0.0
714778,上櫃,0.0,0.0,0.0
714779,上櫃,1.31,1.33,311.0
714780,上櫃,1.19,1.17,81.0
714781,上櫃,1.91,1.84,12.0
714782,上櫃,0.0,0.0,0.0
714783,上櫃,0.0,0.0,0.0
714784,上櫃,0.87,0.82,66.0
714785,上櫃,0.75,0.78,678.0
714786,上櫃,0.0,0.0,0.0
714787,上櫃,0.0,0.0,0.0
714788,上櫃,0.0,0.0,0.0
714789,上櫃,0.98,1.08,1077.0
714790,上櫃,1.0,1.0,10.0
714791,上櫃,0.0,0.0,0.0
714792,上櫃,0.0,0.0,0.0
714793,上櫃,0.0,0.0,0.0
714794,上櫃,1.33,1.32,25.0
714795,上櫃,3.77,3.77,100.0
714796,上櫃,3.4,3.4,3.0
714797,上櫃,1.01,1.17,88.0
714798,上櫃,2.1,2.04,10.0
714799,上櫃,0.0,0.0,0.0
714800,上櫃,0.0,0.0,0.0
714801,上櫃,0.0,0.0,0.0
714802,上櫃,2.42,2.19,35.0
714803,上櫃,0.0,0.0,0.0
714804,上櫃,1.51,1.51,8.0
714805,上櫃,0.0,0.0,0.0
714806,上櫃,2.83,3.17,33.0
714807,上櫃,0.0,0.0,0.0
714808,上櫃,0.0,0.0,0.0
714809,上櫃,2.49,2.44,201.0
714810,上櫃,0.0,0.0,0.0
714811,上櫃,0.0,0.0,0.0
714812,上櫃,0.0,0.0,0.0
714813,上櫃,0.0,0.0,0.0
714814,上櫃,0.0,0.0,0.0
714815,上櫃,0.72,0.72,70.0
714816,上櫃,0.0,0.0,0.0
714817,上櫃,0.0,0.0,0.0
714818,上櫃,0.8,0.83,62.0
714819,上櫃,0.0,0.0,0.0
714820,上櫃,0.0,0.0,0.0
714821,上櫃,0.0,0.0,0.0
714822,上櫃,0.0,0.0,0.0
714823,上櫃,1.16,1.12,120.0
714824,上櫃,0.0,0.0,0.0
714825,上櫃,0.91,0.91,5.0
714826,上櫃,0.0,0.0,0.0
714827,上櫃,0.0,0.0,0.0
714828,上櫃,0.0,0.0,0.0
714829,上櫃,2.38,2.35,5.0
714830,上櫃,1.2,1.2,1.0
714831,上櫃,1.0,1.04,12.0
714832,上櫃,0.0,0.0,0.0
714833,上櫃,0.0,0.0,0.0
714834,上櫃,0.0,0.0,0.0
714835,上櫃,0.0,0.0,0.0
714836,上櫃,1.07,1.14,250.0
714837,上櫃,0.0,0.0,0.0
714838,上櫃,0.0,0.0,0.0
714839,上櫃,0.0,0.0,0.0
714840,上櫃,0.0,0.0,0.0
714841,上櫃,2.19,2.25,9.0
714842,上櫃,2.51,2.48,9.0
714843,上櫃,0.0,0.0,0.0
714844,上櫃,0.93,0.93,2453.0
714845,上櫃,0.0,0.0,0.0
714846,上櫃,0.0,0.0,0.0
714847,上櫃,0.0,0.0,0.0
714848,上櫃,0.0,0.0,0.0
714849,上櫃,0.0,0.0,0.0
714850,上櫃,0.0,0.0,0.0
714851,上櫃,0.0,0.0,0.0
714852,上櫃,0.0,0.0,0.0
714853,上櫃,0.0,0.0,0.0
714854,上櫃,0.0,0.0,0.0
714855,上櫃,1.77,1.77,7.0
714856,上櫃,0.0,0.0,0.0
714857,上櫃,1.08,1.08,15.0
714858,上櫃,1.68,1.68,6.0
714859,上櫃,0.0,0.0,0.0
714860,上櫃,0.0,0.0,0.0
714861,上櫃,0.0,0.0,0.0
714862,上櫃,0.0,0.0,0.0
714863,上櫃,1.68,1.68,1.0
714864,上櫃,1.35,1.35,14.0
714865,上櫃,0.0,0.0,0.0
714866,上櫃,0.0,0.0,0.0
714867,上櫃,0.0,0.0,0.0
714868,上櫃,0.0,0.0,0.0
714869,上櫃,0.0,0.0,0.0
714870,上櫃,0.0,0.0,0.0
714871,上櫃,0.0,0.0,0.0
714872,上櫃,0.0,0.0,0.0
714873,上櫃,0.0,0.0,0.0
714874,上櫃,4.26,4.49,8.0
714875,上櫃,0.0,0.0,0.0
714876,上櫃,1.26,1.26,40.0
714877,上櫃,0.0,0.0,0.0
714878,上櫃,0.0,0.0,0.0
72328U,上櫃,0.0,0.0,0.0
72348U,上櫃,0.0,0.0,0.0
72400U,上櫃,0.0,0.0,0.0
72414U,上櫃,0.0,0.0,0.0
724668,上櫃,5.65,5.65,1.0
724669,上櫃,3.88,3.88,1.0
724670,上櫃,0.0,0.0,0.0
72479U,上櫃,0.0,0.0,0.0
72485U,上櫃,0.0,0.0,0.0
724979,上櫃,0.0,0.0,0.0
72501U,上櫃,0.11,0.11,40.0
725048,上櫃,0.0,0.0,0.0
72523U,上櫃,0.0,0.0,0.0
72572U,上櫃,0.05,0.05,10.0
725744,上櫃,0.05,0.05,1.0
72587U,上櫃,0.0,0.0,0.0
725881,上櫃,0.0,0.0,0.0
726037,上櫃,0.0,0.0,0.0
726070,上櫃,0.0,0.0,0.0
72610U,上櫃,0.07,0.07,253.0
726119,上櫃,4.1,4.1,1.0
72614U,上櫃,0.0,0.0,0.0
726194,上櫃,0.0,0.0,0.0
72622U,上櫃,0.09,0.09,680.0
72629U,上櫃,0.0,0.0,0.0
72638U,上櫃,0.0,0.0,0.0
72650U,上櫃,0.0,0.0,0.0
72691U,上櫃,0.0,0.0,0.0
726924,上櫃,0.0,0.0,0.0
726925,上櫃,0.0,0.0,0.0
726926,上櫃,0.0,0.0,0.0
726927,上櫃,0.0,0.0,0.0
72692U,上櫃,0.04,0.04,4.0
72704U,上櫃,0.0,0.0,0.0
727095,上櫃,0.0,0.0,0.0
72713U,上櫃,0.0,0.0,0.0
72724U,上櫃,0.0,0.0,0.0
72733U,上櫃,0.08,0.08,10.0
72735U,上櫃,0.0,0.0,0.0
72736U,上櫃,0.0,0.0,0.0
72737U,上櫃,0.0,0.0,0.0
72747U,上櫃,0.0,0.0,0.0
72748U,上櫃,0.0,0.0,0.0
72749U,上櫃,0.58,0.53,12.0
72754U,上櫃,0.0,0.0,0.0
72759U,上櫃,0.0,0.0,0.0
72763U,上櫃,0.0,0.0,0.0
72766U,上櫃,0.0,0.0,0.0
72772U,上櫃,0.15,0.13,1028.0
72774U,上櫃,0.0,0.0,0.0
72781U,上櫃,0.0,0.0,0.0
72782U,上櫃,0.0,0.0,0.0
72785U,上櫃,0.01,0.01,51.0
72790U,上櫃,0.0,0.0,0.0
72791U,上櫃,0.0,0.0,0.0
72794U,上櫃,0.0,0.0,0.0
72795U,上櫃,0.0,0.0,0.0
72797U,上櫃,0.0,0.0,0.0
72798U,上櫃,0.0,0.0,0.0
72799U,上櫃,0.0,0.0,0.0
728003,上櫃,0.0,0.0,0.0
72800U,上櫃,0.0,0.0,0.0
72807U,上櫃,0.0,0.0,0.0
72808U,上櫃,0.0,0.0,0.0
72809U,上櫃,0.0,0.0,0.0
72810U,上櫃,0.0,0.0,0.0
72812U,上櫃,0.0,0.0,0.0
72813U,上櫃,0.11,0.11,37.0
72814U,上櫃,0.34,0.34,2.0
72818U,上櫃,0.03,0.11,3.0
72820U,上櫃,0.0,0.0,0.0
728264,上櫃,0.0,0.0,0.0
72826U,上櫃,0.0,0.0,0.0
72827U,上櫃,0.0,0.0,0.0
72828U,上櫃,0.0,0.0,0.0
72829U,上櫃,0.62,0.62,2.0
72830U,上櫃,0.0,0.0,0.0
72831U,上櫃,0.0,0.0,0.0
72833U,上櫃,0.0,0.0,0.0
72834U,上櫃,0.0,0.0,0.0
72835U,上櫃,0.0,0.0,0.0
72836U,上櫃,0.11,0.11,10.0
72837U,上櫃,0.0,0.0,0.0
72838U,上櫃,0.0,0.0,0.0
72839U,上櫃,0.0,0.0,0.0
72840U,上櫃,0.0,0.0,0.0
72841U,上櫃,0.0,0.0,0.0
72842U,上櫃,0.89,0.88,11.0
72843U,上櫃,0.06,0.06,100.0
72844U,上櫃,0.0,0.0,0.0
72845U,上櫃,0.0,0.0,0.0
72846U,上櫃,0.0,0.0,0.0
72847U,上櫃,0.0,0.0,0.0
72848U,上櫃,0.0,0.0,0.0
72849U,上櫃,0.0,0.0,0.0
72850U,上櫃,0.0,0.0,0.0
728516,上櫃,0.0,0.0,0.0
72851U,上櫃,0.0,0.0,0.0
728520,上櫃,0.0,0.0,0.0
72852U,上櫃,0.0,0.0,0.0
72853U,上櫃,0.0,0.0,0.0
72854U,上櫃,0.08,0.09,321.0
72855U,上櫃,0.27,0.26,1523.0
72856U,上櫃,0.0,0.0,0.0
72857U,上櫃,0.0,0.0,0.0
72858U,上櫃,0.0,0.0,0.0
72859U,上櫃,0.32,0.32,158.0
72860U,上櫃,0.0,0.0,0.0
72861U,上櫃,0.45,0.45,325.0
72862U,上櫃,0.0,0.0,0.0
72863U,上櫃,0.0,0.0,0.0
72864U,上櫃,0.0,0.0,0.0
72865U,上櫃,0.0,0.0,0.0
72866U,上櫃,0.17,0.16,290.0
72867U,上櫃,0.5,0.48,428.0
72868U,上櫃,0.38,0.38,160.0
72869U,上櫃,0.25,0.25,19.0
72870U,上櫃,0.15,0.13,100.0
72871U,上櫃,0.52,0.52,38.0
72872U,上櫃,0.0,0.0,0.0
72873U,上櫃,0.0,0.0,0.0
72874U,上櫃,0.0,0.0,0.0
72875U,上櫃,0.14,0.14,30.0
72876U,上櫃,0.05,0.1,4.0
72877U,上櫃,0.68,0.68,4.0
72878U,上櫃,1.22,1.22,10.0
72879U,上櫃,0.13,0.13,175.0
72880U,上櫃,0.27,0.27,1.0
72881U,上櫃,0.0,0.0,0.0
72882U,上櫃,0.28,0.25,174.0
72883U,上櫃,0.44,0.38,640.0
72884U,上櫃,0.0,0.0,0.0
72885U,上櫃,0.13,0.13,102.0
72886U,上櫃,0.9,0.84,38.0
72887U,上櫃,0.0,0.0,0.0
72888U,上櫃,0.0,0.0,0.0
72889U,上櫃,0.24,0.23,85.0
72890U,上櫃,0.0,0.0,0.0
72891U,上櫃,0.7,0.79,965.0
728920,上櫃,0.89,0.87,38.0
72892U,上櫃,0.0,0.0,0.0
72893U,上櫃,0.68,0.68,2.0
72894U,上櫃,0.53,0.53,10.0
72895U,上櫃,0.0,0.0,0.0
728967,上櫃,0.0,0.0,0.0
72896U,上櫃,0.0,0.0,0.0
72897U,上櫃,0.0,0.0,0.0
72898U,上櫃,0.27,0.26,62.0
72899U,上櫃,0.0,0.0,0.0
72900U,上櫃,0.0,0.0,0.0
72901U,上櫃,0.72,0.74,43.0
72902U,上櫃,0.98,0.98,1.0
72903U,上櫃,0.75,0.75,1.0
72904U,上櫃,0.43,0.4,177.0
72905U,上櫃,0.0,0.0,0.0
72906U,上櫃,0.0,0.0,0.0
72907U,上櫃,0.64,0.63,26.0
72908U,上櫃,1.87,1.87,170.0
72909U,上櫃,0.0,0.0,0.0
72910U,上櫃,0.11,0.09,196.0
72911U,上櫃,0.65,0.65,30.0
72912U,上櫃,0.0,0.0,0.0
72913U,上櫃,0.78,0.78,10.0
72914U,上櫃,0.0,0.0,0.0
72915U,上櫃,0.0,0.0,0.0
72916U,上櫃,0.0,0.0,0.0
729171,上櫃,0.0,0.0,0.0
729172,上櫃,0.0,0.0,0.0
72917U,上櫃,0.0,0.0,0.0
729186,上櫃,3.1,3.12,15.0
729187,上櫃,3.0,3.29,108.0
72918U,上櫃,0.47,0.47,100.0
72919U,上櫃,0.0,0.0,0.0
72920U,上櫃,0.0,0.0,0.0
72921U,上櫃,0.37,0.38,338.0
72922U,上櫃,0.0,0.0,0.0
72923U,上櫃,2.71,2.71,2.0
72924U,上櫃,0.0,0.0,0.0
72925U,上櫃,0.62,0.62,41.0
72926U,上櫃,0.0,0.0,0.0
72927U,上櫃,0.0,0.0,0.0
72928U,上櫃,0.16,0.16,862.0
72929U,上櫃,0.0,0.0,0.0
72930U,上櫃,0.0,0.0,0.0
72931U,上櫃,1.96,1.96,10.0
72932U,上櫃,0.0,0.0,0.0
72933U,上櫃,2.55,2.55,3.0
72934U,上櫃,0.0,0.0,0.0
72935U,上櫃,0.0,0.0,0.0
72936U,上櫃,1.73,1.7,220.0
72937U,上櫃,0.0,0.0,0.0
72938U,上櫃,1.03,1.04,30.0
72939U,上櫃,0.0,0.0,0.0
72940U,上櫃,0.0,0.0,0.0
72941U,上櫃,0.37,0.35,52.0
72942U,上櫃,0.0,0.0,0.0
72943U,上櫃,0.73,0.73,10.0
72944U,上櫃,1.94,1.94,5.0
72945U,上櫃,1.15,1.06,261.0
72946U,上櫃,0.0,0.0,0.0
72947U,上櫃,0.27,0.27,200.0
72948U,上櫃,0.0,0.0,0.0
72949U,上櫃,0.0,0.0,0.0
72950U,上櫃,0.96,0.98,255.0
72951U,上櫃,0.0,0.0,0.0
72952U,上櫃,0.81,0.77,25.0
72953U,上櫃,0.0,0.0,0.0
72954U,上櫃,0.92,0.85,98.0
72955U,上櫃,0.0,0.0,0.0
72956U,上櫃,1.06,0.98,75.0
72957U,上櫃,0.0,0.0,0.0
72958U,上櫃,0.0,0.0,0.0
72959U,上櫃,0.32,0.34,202.0
72960U,上櫃,0.0,0.0,0.0
72961U,上櫃,0.0,0.0,0.0
72962U,上櫃,0.0,0.0,0.0
72963U,上櫃,0.0,0.0,0.0
72964U,上櫃,0.0,0.0,0.0
72965U,上櫃,1.35,1.35,10.0
72966U,上櫃,0.13,0.12,1871.0
72967U,上櫃,1.22,1.23,27.0
72968U,上櫃,1.16,1.08,113.0
72969U,上櫃,1.3,1.3,4.0
72970U,上櫃,0.0,0.0,0.0
72971U,上櫃,1.85,1.75,120.0
72972U,上櫃,0.18,0.18,423.0
72973U,上櫃,0.0,0.0,0.0
72974U,上櫃,0.0,0.0,0.0
72975U,上櫃,0.0,0.0,0.0
72976U,上櫃,0.0,0.0,0.0
72977U,上櫃,0.46,0.42,50.0
72978U,上櫃,0.0,0.0,0.0
72979U,上櫃,0.7,0.7,80.0
729804,上櫃,0.0,0.0,0.0
729808,上櫃,0.0,0.0,0.0
72980U,上櫃,1.22,1.22,1.0
72981U,上櫃,0.63,0.61,65.0
72982U,上櫃,0.0,0.0,0.0
72983U,上櫃,0.0,0.0,0.0
72984U,上櫃,0.0,0.0,0.0
72985U,上櫃,0.0,0.0,0.0
72986U,上櫃,0.0,0.0,0.0
72987U,上櫃,0.0,0.0,0.0
72988U,上櫃,0.43,0.42,167.0
72989U,上櫃,0.0,0.0,0.0
72990U,上櫃,0.77,0.76,2.0
72991U,上櫃,0.0,0.0,0.0
72992U,上櫃,0.67,0.67,10.0
72993U,上櫃,1.17,1.17,50.0
72994U,上櫃,0.0,0.0,0.0
72995U,上櫃,0.82,0.77,4.0
72996U,上櫃,0.67,0.63,116.0
72997U,上櫃,0.53,0.53,10.0
72998U,上櫃,0.0,0.0,0.0
72999U,上櫃,0.0,0.0,0.0
73000U,上櫃,0.0,0.0,0.0
73001U,上櫃,0.63,0.63,2.0
73002U,上櫃,0.0,0.0,0.0
73003U,上櫃,0.0,0.0,0.0
73004U,上櫃,0.0,0.0,0.0
73005U,上櫃,0.57,0.54,30.0
73006U,上櫃,0.0,0.0,0.0
73007U,上櫃,0.0,0.0,0.0
73008U,上櫃,0.0,0.0,0.0
73009U,上櫃,0.48,0.48,2.0
73010U,上櫃,0.0,0.0,0.0
73011U,上櫃,0.0,0.0,0.0
73012U,上櫃,0.0,0.0,0.0
73013U,上櫃,1.11,1.11,7.0
73014U,上櫃,0.0,0.0,0.0
730157,上櫃,0.0,0.0,0.0
73015U,上櫃,0.0,0.0,0.0
73016U,上櫃,1.05,1.05,20.0
73017U,上櫃,1.01,1.01,10.0
73018U,上櫃,0.0,0.0,0.0
73019U,上櫃,0.51,0.51,20.0
73020U,上櫃,0.42,0.42,30.0
73021U,上櫃,0.0,0.0,0.0
73022U,上櫃,1.13,1.13,3.0
73023U,上櫃,0.0,0.0,0.0
73024U,上櫃,0.96,0.96,100.0
73025U,上櫃,0.0,0.0,0.0
73026U,上櫃,0.0,0.0,0.0
73027U,上櫃,0.86,0.86,1.0
73028U,上櫃,1.16,1.16,1.0
73029U,上櫃,0.0,0.0,0.0
73030U,上櫃,0.0,0.0,0.0
73031U,上櫃,1.09,1.09,10.0
73032U,上櫃,0.0,0.0,0.0
73033U,上櫃,0.77,0.81,266.0
73034U,上櫃,0.0,0.0,0.0
73035U,上櫃,1.41,1.41,1.0
73036U,上櫃,0.95,0.89,272.0
73037U,上櫃,0.9,1.07,34.0
73038U,上櫃,0.0,0.0,0.0
73039U,上櫃,0.51,0.46,525.0
730401,上櫃,0.0,0.0,0.0
730402,上櫃,0.0,0.0,0.0
730403,上櫃,0.0,0.0,0.0
73040U,上櫃,1.33,1.24,253.0
73041U,上櫃,1.08,1.08,10.0
73042U,上櫃,0.98,0.93,15.0
73043U,上櫃,0.49,0.43,26.0
73044U,上櫃,1.06,1.06,24.0
73045U,上櫃,0.0,0.0,0.0
73046U,上櫃,0.6,0.6,3.0
73047U,上櫃,0.0,0.0,0.0
73048U,上櫃,1.95,1.79,152.0
730493,上櫃,0.0,0.0,0.0
73049U,上櫃,3.81,3.81,5.0
73050U,上櫃,1.14,1.05,50.0
73051U,上櫃,0.62,0.59,105.0
73052U,上櫃,0.75,0.68,1958.0
73053U,上櫃,0.8,0.74,65.0
73054U,上櫃,0.87,0.87,214.0
73055U,上櫃,1.0,0.95,1676.0
73056U,上櫃,0.76,0.78,50.0
73057U,上櫃,1.59,1.58,60.0
73058U,上櫃,0.28,0.28,3.0
73059U,上櫃,0.0,0.0,0.0
73060U,上櫃,0.0,0.0,0.0
73061U,上櫃,1.54,1.46,95.0
73062U,上櫃,0.0,0.0,0.0
73063U,上櫃,0.6,0.6,10.0
73064U,上櫃,0.0,0.0,0.0
73065U,上櫃,1.32,1.32,400.0
73066U,上櫃,0.85,0.79,206.0
73067U,上櫃,0.65,0.65,62.0
73068U,上櫃,1.06,1.06,12.0
73069U,上櫃,2.15,2.03,21.0
73070U,上櫃,0.0,0.0,0.0
73071U,上櫃,0.61,0.59,86.0
73072U,上櫃,0.99,0.95,21.0
730733,上櫃,0.0,0.0,0.0
73073U,上櫃,1.63,1.63,1.0
73074U,上櫃,1.24,1.24,3.0
73075U,上櫃,0.0,0.0,0.0
73076U,上櫃,1.51,1.51,6.0
73077U,上櫃,0.3,0.3,100.0
73078U,上櫃,2.08,2.08,20.0
73079U,上櫃,0.0,0.0,0.0
73080U,上櫃,1.3,1.3,10.0
73081U,上櫃,0.0,0.0,0.0
73082U,上櫃,1.97,2.0,132.0
73083U,上櫃,2.19,2.18,27.0
73084U,上櫃,2.93,2.98,10.0
73085U,上櫃,0.89,0.89,12.0
73086U,上櫃,0.0,0.0,0.0
73087U,上櫃,0.0,0.0,0.0
73088U,上櫃,2.24,2.23,33.0
73089U,上櫃,2.89,2.88,71.0
73090U,上櫃,1.01,1.01,25.0
73091U,上櫃,3.11,3.07,20.0
73092U,上櫃,0.0,0.0,0.0
73093U,上櫃,2.51,2.5,44.0
73094U,上櫃,0.0,0.0,0.0
73095U,上櫃,0.93,0.91,219.0
73096U,上櫃,0.0,0.0,0.0
73097U,上櫃,1.58,1.48,70.0
73098U,上櫃,0.0,0.0,0.0
73099U,上櫃,0.0,0.0,0.0
73100U,上櫃,0.0,0.0,0.0
73101U,上櫃,0.0,0.0,0.0
73102U,上櫃,0.67,0.67,10.0
73103U,上櫃,1.84,1.84,100.0
73104U,上櫃,1.12,1.06,726.0
73105U,上櫃,0.53,0.54,445.0
73106U,上櫃,0.0,0.0,0.0
73107U,上櫃,0.0,0.0,0.0
73108U,上櫃,0.0,0.0,0.0
73109U,上櫃,0.73,0.76,7.0
73110U,上櫃,0.0,0.0,0.0
73111U,上櫃,0.0,0.0,0.0
73112U,上櫃,0.0,0.0,0.0
73113U,上櫃,0.94,0.94,20.0
73114U,上櫃,1.27,1.15,219.0
73115U,上櫃,0.0,0.0,0.0
73116U,上櫃,0.0,0.0,0.0
73117U,上櫃,0.7,0.71,103.0
73118U,上櫃,0.0,0.0,0.0
73119U,上櫃,2.12,2.08,80.0
73120U,上櫃,2.11,1.96,4.0
73121U,上櫃,0.0,0.0,0.0
73122U,上櫃,1.35,1.37,20.0
73123U,上櫃,0.0,0.0,0.0
731240,上櫃,0.78,0.78,5.0
73124U,上櫃,1.78,1.82,26.0
73125U,上櫃,1.97,1.96,15.0
731265,上櫃,1.68,1.68,58.0
73126U,上櫃,0.0,0.0,0.0
73127U,上櫃,0.98,0.98,2.0
73128U,上櫃,0.0,0.0,0.0
731495,上櫃,0.09,0.09,1.0
731584,上櫃,4.8,5.0,21.0
732069,上櫃,0.0,0.0,0.0
732167,上櫃,0.0,0.0,0.0
732269,上櫃,0.17,0.17,1.0
732271,上櫃,0.0,0.0,0.0
732272,上櫃,0.0,0.0,0.0
732275,上櫃,0.0,0.0,0.0
732277,上櫃,0.0,0.0,0.0
732332,上櫃,0.0,0.0,0.0
732545,上櫃,0.0,0.0,0.0
732586,上櫃,1.8,1.8,1.0
732653,上櫃,0.92,0.92,100.0
733025,上櫃,0.0,0.0,0.0
733248,上櫃,0.0,0.0,0.0
733332,上櫃,0.0,0.0,0.0
733411,上櫃,0.0,0.0,0.0
733460,上櫃,0.95,0.95,18.0
733461,上櫃,0.45,0.49,781.0
733467,上櫃,0.0,0.0,0.0
733471,上櫃,2.73,2.73,11.0
733560,上櫃,0.0,0.0,0.0
733563,上櫃,0.0,0.0,0.0
733653,上櫃,0.01,0.01,10.0
733654,上櫃,0.0,0.0,0.0
733655,上櫃,0.0,0.0,0.0
733656,上櫃,0.0,0.0,0.0
733695,上櫃,0.46,0.56,158.0
733696,上櫃,0.65,0.64,1252.0
733702,上櫃,0.0,0.0,0.0
733760,上櫃,0.84,0.83,57.0
733800,上櫃,0.0,0.0,0.0
733958,上櫃,0.23,0.23,10.0
733959,上櫃,0.0,0.0,0.0
733983,上櫃,0.0,0.0,0.0
734209,上櫃,3.49,3.54,110.0
734284,上櫃,0.0,0.0,0.0
734285,上櫃,0.0,0.0,0.0
734352,上櫃,0.0,0.0,0.0
734355,上櫃,0.0,0.0,0.0
734508,上櫃,0.0,0.0,0.0
734519,上櫃,1.08,0.99,23.0
734521,上櫃,0.0,0.0,0.0
734707,上櫃,0.0,0.0,0.0
734708,上櫃,0.0,0.0,0.0
734710,上櫃,0.0,0.0,0.0
734782,上櫃,0.0,0.0,0.0
734783,上櫃,0.0,0.0,0.0
734785,上櫃,0.0,0.0,0.0
734873,上櫃,0.0,0.0,0.0
734874,上櫃,0.0,0.0,0.0
734994,上櫃,0.32,0.33,26.0
735028,上櫃,0.83,0.8,410.0
735029,上櫃,1.85,1.85,9.0
735271,上櫃,0.0,0.0,0.0
735304,上櫃,0.0,0.0,0.0
735306,上櫃,0.55,0.55,998.0
735512,上櫃,3.7,3.7,4.0
735557,上櫃,9.8,10.1,8.0
735647,上櫃,0.06,0.06,1.0
735648,上櫃,0.0,0.0,0.0
735654,上櫃,0.0,0.0,0.0
735658,上櫃,0.0,0.0,0.0
735659,上櫃,0.0,0.0,0.0
735660,上櫃,0.0,0.0,0.0
735661,上櫃,0.0,0.0,0.0
735665,上櫃,0.0,0.0,0.0
735724,上櫃,0.0,0.0,0.0
735848,上櫃,0.0,0.0,0.0
735849,上櫃,0.0,0.0,0.0
735852,上櫃,0.0,0.0,0.0
735853,上櫃,0.0,0.0,0.0
735855,上櫃,3.17,3.5,4.0
736081,上櫃,0.0,0.0,0.0
736082,上櫃,0.0,0.0,0.0
736153,上櫃,0.0,0.0,0.0
736154,上櫃,0.91,1.04,12.0
736156,上櫃,0.0,0.0,0.0
736160,上櫃,13.3,13.3,23.0
736243,上櫃,0.0,0.0,0.0
736244,上櫃,0.0,0.0,0.0
736249,上櫃,0.0,0.0,0.0
736349,上櫃,0.36,0.45,7.0
736350,上櫃,0.0,0.0,0.0
736351,上櫃,0.13,0.13,10.0
736352,上櫃,0.0,0.0,0.0
736353,上櫃,0.0,0.0,0.0
736354,上櫃,0.0,0.0,0.0
736360,上櫃,0.0,0.0,0.0
736427,上櫃,0.13,0.13,8.0
736431,上櫃,0.0,0.0,0.0
736443,上櫃,1.3,1.27,101.0
736444,上櫃,0.0,0.0,0.0
736474,上櫃,0.81,0.77,38.0
736476,上櫃,0.0,0.0,0.0
736477,上櫃,0.0,0.0,0.0
736478,上櫃,3.31,3.31,10.0
736479,上櫃,0.72,0.82,52.0
736480,上櫃,0.0,0.0,0.0
736585,上櫃,0.0,0.0,0.0
736586,上櫃,0.0,0.0,0.0
736604,上櫃,2.03,1.93,3.0
736736,上櫃,2.44,2.43,8.0
736740,上櫃,0.0,0.0,0.0
736741,上櫃,0.0,0.0,0.0
736834,上櫃,0.0,0.0,0.0
736933,上櫃,0.0,0.0,0.0
736934,上櫃,8.0,8.4,13.0
736935,上櫃,0.0,0.0,0.0
736938,上櫃,0.0,0.0,0.0
736997,上櫃,0.44,0.44,9.0
737015,上櫃,0.0,0.0,0.0
737086,上櫃,0.0,0.0,0.0
737088,上櫃,0.0,0.0,0.0
737153,上櫃,0.0,0.0,0.0
737161,上櫃,0.0,0.0,0.0
737198,上櫃,1.41,1.52,132.0
737321,上櫃,0.68,0.82,35.0
737801,上櫃,0.0,0.0,0.0
737929,上櫃,0.0,0.0,0.0
737930,上櫃,1.58,1.59,24.0
737933,上櫃,0.0,0.0,0.0
738131,上櫃,0.01,0.01,10.0
738135,上櫃,0.0,0.0,0.0
738137,上櫃,0.0,0.0,0.0
738138,上櫃,0.0,0.0,0.0
738140,上櫃,0.0,0.0,0.0
738144,上櫃,0.06,0.06,44.0
738145,上櫃,0.0,0.0,0.0
738150,上櫃,0.04,0.04,10.0
738151,上櫃,0.0,0.0,0.0
738152,上櫃,3.69,3.69,1.0
738153,上櫃,0.0,0.0,0.0
738154,上櫃,0.0,0.0,0.0
738155,上櫃,0.0,0.0,0.0
738156,上櫃,0.0,0.0,0.0
738157,上櫃,0.0,0.0,0.0
738183,上櫃,0.0,0.0,0.0
738184,上櫃,0.0,0.0,0.0
738187,上櫃,0.0,0.0,0.0
738190,上櫃,0.0,0.0,0.0
738191,上櫃,0.0,0.0,0.0
738192,上櫃,0.0,0.0,0.0
738281,上櫃,0.13,0.13,5.0
738282,上櫃,0.0,0.0,0.0
738284,上櫃,0.0,0.0,0.0
738285,上櫃,0.0,0.0,0.0
738286,上櫃,0.0,0.0,0.0
738288,上櫃,0.37,0.34,4.0
738291,上櫃,2.68,2.68,10.0
738567,上櫃,0.0,0.0,0.0
738726,上櫃,0.0,0.0,0.0
738736,上櫃,0.1,0.1,20.0
738737,上櫃,0.13,0.13,450.0
738741,上櫃,0.0,0.0,0.0
738743,上櫃,0.0,0.0,0.0
738746,上櫃,0.0,0.0,0.0
738747,上櫃,0.0,0.0,0.0
738748,上櫃,0.09,0.09,100.0
738754,上櫃,0.0,0.0,0.0
738757,上櫃,0.0,0.0,0.0
738758,上櫃,0.0,0.0,0.0
738760,上櫃,0.0,0.0,0.0
738762,上櫃,0.0,0.0,0.0
738764,上櫃,0.0,0.0,0.0
738767,上櫃,0.0,0.0,0.0
738802,上櫃,0.0,0.0,0.0
738931,上櫃,0.0,0.0,0.0
738933,上櫃,0.0,0.0,0.0
738934,上櫃,0.0,0.0,0.0
738938,上櫃,0.0,0.0,0.0
738940,上櫃,0.0,0.0,0.0
738943,上櫃,0.0,0.0,0.0
738944,上櫃,0.0,0.0,0.0
738947,上櫃,1.68,1.77,42.0
739071,上櫃,0.0,0.0,0.0
739284,上櫃,0.0,0.0,0.0
739372,上櫃,0.41,0.43,153.0
739373,上櫃,0.0,0.0,0.0
739375,上櫃,0.0,0.0,0.0
739376,上櫃,0.0,0.0,0.0
739378,上櫃,0.0,0.0,0.0
739379,上櫃,0.0,0.0,0.0
739380,上櫃,2.6,2.77,4.0
739381,上櫃,13.4,13.4,2.0
739382,上櫃,0.0,0.0,0.0
739383,上櫃,4.08,4.08,2.0
739384,上櫃,0.0,0.0,0.0
739385,上櫃,0.84,0.85,41.0
739386,上櫃,0.0,0.0,0.0
739387,上櫃,0.0,0.0,0.0
739388,上櫃,0.0,0.0,0.0
739425,上櫃,0.03,0.03,1.0
739441,上櫃,0.0,0.0,0.0
739442,上櫃,0.73,0.73,1.0
739443,上櫃,0.0,0.0,0.0
739446,上櫃,0.0,0.0,0.0
739447,上櫃,0.0,0.0,0.0
739453,上櫃,0.33,0.33,1.0
739454,上櫃,0.0,0.0,0.0
739460,上櫃,1.98,1.98,1.0
739519,上櫃,0.0,0.0,0.0
739520,上櫃,0.0,0.0,0.0
739522,上櫃,0.0,0.0,0.0
739523,上櫃,0.0,0.0,0.0
739549,上櫃,0.0,0.0,0.0
739581,上櫃,0.0,0.0,0.0
739598,上櫃,0.86,0.86,4.0
739634,上櫃,0.0,0.0,0.0
739639,上櫃,0.0,0.0,0.0
739640,上櫃,0.0,0.0,0.0
739641,上櫃,0.0,0.0,0.0
739642,上櫃,0.5,0.5,1.0
739643,上櫃,0.0,0.0,0.0
739644,上櫃,3.65,4.48,6.0
739645,上櫃,0.0,0.0,0.0
739646,上櫃,0.03,0.03,12.0
739647,上櫃,0.01,0.01,27.0
739648,上櫃,0.0,0.0,0.0
739649,上櫃,0.0,0.0,0.0
739650,上櫃,0.0,0.0,0.0
739651,上櫃,0.0,0.0,0.0
739652,上櫃,0.0,0.0,0.0
739696,上櫃,0.0,0.0,0.0
739709,上櫃,0.0,0.0,0.0
739715,上櫃,0.0,0.0,0.0
739716,上櫃,1.85,1.82,234.0
739718,上櫃,0.0,0.0,0.0
739723,上櫃,0.0,0.0,0.0
739724,上櫃,0.0,0.0,0.0
739742,上櫃,0.0,0.0,0.0
739750,上櫃,0.0,0.0,0.0
739751,上櫃,0.0,0.0,0.0
739825,上櫃,1.85,1.85,24.0
739826,上櫃,0.0,0.0,0.0
739841,上櫃,0.0,0.0,0.0
739842,上櫃,0.0,0.0,0.0
739856,上櫃,0.0,0.0,0.0
739858,上櫃,0.0,0.0,0.0
739913,上櫃,0.0,0.0,0.0
739986,上櫃,0.0,0.0,0.0
7402,上櫃,100.5,101.0,120.399
7547,上櫃,49.5,49.95,4.021
7556,上櫃,250.0,262.0,101.683
7584,上櫃,28.75,28.8,5.656
7642,上櫃,70.0,71.3,24.16
7703,上櫃,198.5,203.0,101.333
7704,上櫃,61.7,62.1,43.15
7708,上櫃,91.7,91.6,6.565
7709,上櫃,80.7,81.8,91.417
7712,上櫃,155.0,158.0,249.922
7713,上櫃,74.0,73.8,7.194
7714,上櫃,177.0,179.5,482.027
7715,上櫃,28.2,28.0,45.602
7716,上櫃,23.45,23.5,10.0
7717,上櫃,601.0,600.0,2193.237
7718,上櫃,46.0,45.9,44.145
7723,上櫃,18.75,18.8,14.209
7728,上櫃,623.0,584.0,327.681
7734,上櫃,2660.0,2670.0,652.987
7738,上櫃,161.0,163.0,23.199
7743,上櫃,25.05,25.0,68.528
7744,上櫃,521.0,531.0,113.131
7747,上櫃,114.0,114.0,2.325
7751,上櫃,1445.0,1485.0,465.613
7753,上櫃,35.5,35.95,13.113
7757,上櫃,90.5,90.0,18.358
7767,上櫃,46.25,46.4,45.31
7770,上櫃,38.3,40.5,24.578
7772,上櫃,148.0,155.5,1756.499
7777,上櫃,36.4,35.95,2786.578
7782,上櫃,25.55,25.8,22.134
7792,上櫃,320.0,339.0,1663.727
7794,上櫃,30.7,31.0,40.452
7805,上櫃,501.0,499.5,75.15
7810,上櫃,219.5,218.5,19.269
7811,上櫃,72.5,73.0,12.071
7814,上櫃,28.65,28.55,3.043
7819,上櫃,34.3,34.35,34.05
7820,上櫃,106.5,104.0,39.948
7825,上櫃,82.0,79.7,630.657
7828,上櫃,2010.0,2125.0,556.615
7839,上櫃,43.35,43.3,13.0
7842,上櫃,94.0,96.4,3.031
8024,上櫃,13.05,12.75,50.405
8027,上櫃,177.0,180.0,4057.148
8032,上櫃,34.85,35.4,34.049
8034,上櫃,20.3,20.0,284.509
8038,上櫃,32.75,31.9,311.091
8040,上櫃,79.5,82.7,2364.033
8042,上櫃,114.0,113.0,1616.315
8043,上櫃,133.5,133.0,831.427
8044,上櫃,24.2,23.5,4104.86
8047,上櫃,46.5,45.1,5.001
8048,上櫃,49.6,49.6,205.253
8049,上櫃,24.45,24.55,47.912
8050,上櫃,59.6,59.3,1546.892
8054,上櫃,84.1,84.4,762.998
8064,上櫃,127.5,136.0,27222.21
8066,上櫃,15.0,15.35,30.351
8067,上櫃,11.65,11.55,26.15
8068,上櫃,16.15,16.15,69.378
8069,上櫃,147.0,146.5,10251.544
8071,上櫃,21.65,22.0,362.151
8074,上櫃,50.5,50.1,234.502
8076,上櫃,21.6,21.4,566.716
8077,上櫃,0.0,0.0,0.131
8080,上櫃,28.75,28.75,4.329
8083,上櫃,157.5,158.0,63.301
8084,上櫃,41.7,41.75,689.471
8085,上櫃,14.8,14.4,170.34
8086,上櫃,110.0,111.0,2594.454
8087,上櫃,24.0,23.5,44.913
8088,上櫃,42.6,42.7,417.144
8089,上櫃,18.15,18.6,248.672
8091,上櫃,216.0,215.0,283.585
8092,上櫃,12.65,12.75,24.323
8093,上櫃,25.4,25.15,23.336
8096,上櫃,89.7,88.2,2468.168
8097,上櫃,48.9,49.15,419.298
8099,上櫃,59.7,60.0,61.145
8102,上櫃,62.9,62.9,4.0
8107,上櫃,12.2,12.05,34.867
8109,上櫃,131.5,134.0,382.024
8111,上櫃,74.8,78.0,22925.795
8121,上櫃,27.3,27.9,439.242
8147,上櫃,132.5,134.0,110.179
8155,上櫃,324.5,323.0,328.3
8171,上櫃,20.15,20.05,95.78
8176,上櫃,9.66,9.83,33.434
8182,上櫃,39.8,39.5,351.402
8183,上櫃,28.2,28.05,323.45
8227,上櫃,263.0,279.0,1730.534
8234,上櫃,63.0,62.5,427.193
8240,上櫃,50.7,51.0,324.582
8255,上櫃,137.0,136.0,234.805
8272,上櫃,64.9,64.9,5.018
8279,上櫃,79.0,78.9,15.3
8284,上櫃,69.1,68.8,20.21
8289,上櫃,43.2,44.2,299.49
8291,上櫃,29.5,31.7,34.849
8299,上櫃,2030.0,2140.0,6695.309
8342,上櫃,0.0,0.0,2.003
8349,上櫃,38.35,37.9,162.326
8349A,上櫃,45.35,45.55,7.0
8354,上櫃,17.05,17.0,21.334
8358,上櫃,487.5,499.5,4532.354
8383,上櫃,67.0,68.5,2836.535
8390,上櫃,92.9,91.8,373.399
8401,上櫃,22.9,22.75,14.334
8403,上櫃,19.05,19.0,76.801
8409,上櫃,18.1,18.1,1.006
8410,上櫃,29.6,29.5,12.3
8415,上櫃,34.85,34.35,5262.564
8416,上櫃,172.5,170.5,2.366
8421,上櫃,12.95,13.0,239.785
8423,上櫃,17.95,17.85,19.08
8424,上櫃,69.0,69.3,5.121
8426,上櫃,20.4,20.6,40.002
8431,上櫃,64.5,62.5,2244.869
8432,上櫃,50.4,50.6,40.152
8433,上櫃,53.4,53.4,29.0
8435,上櫃,53.0,53.1,10.944
8436,上櫃,104.5,103.5,660.045
8437,上櫃,9.0,9.1,23.528
8440,上櫃,19.95,20.05,81.755
8444,上櫃,4.6,4.59,48.201
8446,上櫃,85.0,84.7,110.341
8450,上櫃,14.15,14.15,34.865
8455,上櫃,22.55,22.7,5.073
8472,上櫃,76.0,76.0,6.004
8477,上櫃,15.0,15.0,6.002
8489,上櫃,21.5,21.6,44.97
8905,上櫃,34.9,34.85,12.697
8906,上櫃,29.9,29.5,69.22
8908,上櫃,40.25,40.15,29.498
8916,上櫃,41.25,41.0,107.222
8917,上櫃,52.2,52.2,8.0
8921,上櫃,16.85,16.85,1.0
8923,上櫃,0.0,0.0,0.0
8924,上櫃,49.9,50.1,133.484
8927,上櫃,18.8,18.4,242.051
8928,上櫃,23.05,23.0,17.25
8929,上櫃,0.0,0.0,0.256
8930,上櫃,28.85,28.8,23.73
8931,上櫃,43.05,43.0,38.239
8932,上櫃,90.1,92.9,3735.037
8933,上櫃,4.5,4.57,42.429
8935,上櫃,17.35,17.7,81.639
8936,上櫃,52.4,52.1,867.722
8937,上櫃,27.8,28.6,66.346
8938,上櫃,52.6,50.4,177.314
8941,上櫃,43.8,43.8,7.548
8942,上櫃,41.5,40.3,649.543
9949,上櫃,24.15,24.0,55.193
9950,上櫃,10.25,10.3,5.0
9951,上櫃,48.4,48.45,49.675
9960,上櫃,30.65,31.8,18.612
9962,上櫃,10.0,10.0,31.177
