code,market,open,close,lots
0050,上市,70.5,70.35,84346.348
0051,上市,95.8,97.1,81.661
0052,上市,41.05,40.9,37846.609
0053,上市,151.55,150.8,35.952
0055,上市,32.05,31.91,212.666
0056,上市,37.65,37.67,46400.775
0057,上市,204.75,204.75,4.293
0061,上市,23.85,24.02,364.743
006203,上市,126.8,126.65,7.261
006204,上市,154.95,155.35,5.373
006205,上市,41.17,41.4,1099.886
006206,上市,38.78,38.81,173.503
006207,上市,31.72,32.01,181.021
006208,上市,160.7,160.15,7168.231
00625K,上市,0.0,0.0,0.0
00631L,上市,406.45,406.05,2982.337
00632R,上市,15.51,15.54,34379.106
00633L,上市,51.65,51.5,4008.754
00634R,上市,3.16,3.16,243.001
00635U,上市,49.0,49.01,7827.48
00636,上市,27.62,27.69,515.61
00636K,上市,8.75,8.75,0.2
00637L,上市,21.25,21.24,60361.195
00638R,上市,6.77,6.76,240.084
00639,上市,15.65,15.76,1401.469
00640L,上市,87.05,87.05,884.435
00641R,上市,4.33,4.33,4943.601
00642U,上市,15.55,15.53,14357.828
00643,上市,18.06,18.29,3772.048
00643K,上市,0.0,0.0,0.0
00645,上市,50.45,50.65,403.75
00646,上市,68.85,68.8,2729.694
00647L,上市,119.3,119.05,154.588
00648R,上市,4.31,4.33,473.04
00650L,上市,18.41,18.71,7711.65
00651R,上市,5.18,5.17,51.949
00652,上市,37.23,36.82,560.921
00653L,上市,57.0,55.8,502.424
00654R,上市,6.29,6.4,88.0
00655L,上市,35.85,35.87,2352.196
00656R,上市,5.99,6.02,53.62
00657,上市,63.45,63.1,84.686
00657K,上市,19.34,19.34,0.2
00660,上市,43.3,43.4,38.102
00661,上市,68.85,69.05,154.235
00662,上市,104.1,103.9,2956.104
00663L,上市,53.1,53.05,5457.158
00664R,上市,2.5,2.51,8365.343
00665L,上市,11.17,11.34,20945.712
00666R,上市,8.74,8.66,43.33
00668,上市,56.9,56.9,236.171
00668K,上市,18.06,18.06,0.2
00669R,上市,5.59,5.61,582.1
00670L,上市,165.0,164.15,1001.862
00671R,上市,2.83,2.84,5085.24
00673R,上市,27.6,27.66,16867.224
00674R,上市,5.54,5.57,2486.423
00675L,上市,161.35,161.3,2757.234
00676R,上市,8.52,8.54,2229.642
00678,上市,35.4,35.47,306.148
00680L,上市,7.28,7.21,14165.526
00681R,上市,20.87,20.87,2.0
00682U,上市,20.3,20.34,28.2
00683L,上市,20.97,21.02,159.51
00684R,上市,15.51,15.51,70.0
00685L,上市,144.85,144.8,982.086
00686R,上市,1.53,1.53,3472.662
00688L,上市,7.27,7.19,7484.436
00689R,上市,21.66,21.66,102.005
00690,上市,46.67,47.0,370.38
00692,上市,61.35,61.25,1704.313
00693U,上市,20.31,20.27,1275.971
00700,上市,18.55,18.81,252.282
00701,上市,29.33,29.32,1641.965
00702,上市,23.48,23.52,132.727
00703,上市,22.25,22.44,97.091
00706L,上市,20.26,20.14,3456.621
00707R,上市,31.5,31.51,2.0
00708L,上市,100.5,100.35,6862.069
00709,上市,37.95,38.09,58.346
00710B,上市,19.04,19.13,271.446
00711B,上市,16.36,16.36,158.197
00712,上市,9.55,9.5,31634.487
00713,上市,51.05,51.2,15560.724
00714,上市,20.14,20.19,241.85
00715L,上市,21.15,21.14,56619.652
00717,上市,15.35,15.39,114.354
00728,上市,39.49,39.47,120.288
00730,上市,23.48,23.49,325.118
00731,上市,70.2,70.05,640.136
00733,上市,48.32,48.89,2169.083
00735,上市,58.1,57.8,1021.443
00736,上市,28.81,28.8,135.446
00737,上市,37.74,37.64,575.119
00738U,上市,68.1,68.8,25585.722
00739,上市,27.59,27.71,118.99
00752,上市,26.71,27.12,3980.446
00753L,上市,12.93,13.21,25829.606
00757,上市,117.4,117.35,3125.057
00762,上市,84.55,84.75,575.399
00763U,上市,32.94,32.98,3500.705
00770,上市,58.9,58.35,848.5
00771,上市,16.22,16.23,28.405
00775B,上市,32.88,32.8,82.793
00783,上市,27.7,28.07,426.719
00830,上市,62.05,61.75,23120.072
00850,上市,57.85,57.95,1713.373
00851,上市,58.1,57.85,18.809
00852L,上市,32.0,31.93,357.398
00861,上市,58.35,58.45,112.986
00865B,上市,47.56,47.55,1948.508
00875,上市,38.9,38.81,31.809
00876,上市,55.15,55.65,520.987
00878,上市,22.29,22.27,84859.652
00881,上市,34.81,34.75,22464.314
00882,上市,15.46,15.46,8871.756
00885,上市,18.92,18.8,6828.084
00891,上市,21.6,21.58,10572.254
00892,上市,23.41,23.42,1182.829
00893,上市,33.0,32.99,1127.556
00894,上市,29.04,29.05,1924.501
00895,上市,40.22,40.16,370.279
00896,上市,19.8,19.95,4556.299
00897,上市,9.27,9.27,1411.82
00898,上市,8.27,8.23,368.097
00899,上市,21.43,21.52,265.573
00900,上市,14.24,14.26,17995.224
00901,上市,26.51,26.5,1576.299
00902,上市,13.49,13.46,2464.252
00903,上市,17.8,17.77,132.313
00904,上市,25.84,25.93,7708.079
00905,上市,18.22,18.26,1469.007
00907,上市,15.39,15.43,943.537
00908,上市,14.2,14.17,137.661
00909,上市,42.25,42.36,5365.6
00910,上市,51.2,52.0,7328.233
00911,上市,35.58,35.83,411.386
00912,上市,22.67,22.67,961.844
00913,上市,27.32,27.49,316.601
00915,上市,23.21,23.22,7951.182
00916,上市,27.49,27.48,176.98
00917,上市,28.01,28.94,4598.303
00918,上市,22.8,22.83,23349.952
00919,上市,23.07,23.13,93882.497
00920,上市,18.7,18.82,277.112
00921,上市,17.82,17.86,674.824
00922,上市,27.38,27.31,9055.173
00923,上市,27.5,27.42,1576.63
00924,上市,29.47,29.45,2640.763
00926,上市,23.61,23.63,1113.51
00927,上市,23.72,23.95,25332.924
00929,上市,18.82,18.86,57430.484
00930,上市,17.71,17.82,1637.336
00932,上市,14.6,14.68,1325.454
00934,上市,21.66,21.79,4297.01
00935,上市,32.44,32.47,4444.52
00936,上市,16.83,17.04,8952.228
00938,上市,18.05,18.1,1070.173
00939,上市,15.14,15.16,37621.572
00940,上市,9.4,9.47,90034.164
00941,上市,19.02,19.17,8739.014
00943,上市,14.56,14.68,393.252
00944,上市,14.97,14.97,1500.198
00945B,上市,14.68,14.68,5249.088
00946,上市,9.89,10.01,14269.674
00947,上市,20.84,21.43,7902.402
00949,上市,18.87,19.17,2230.519
00951,上市,12.17,12.44,2873.374
00952,上市,12.3,12.3,2592.356
00953B,上市,9.79,9.79,21449.168
00954,上市,13.1,13.31,1696.625
00956,上市,11.96,12.17,406.651
00960,上市,15.1,15.05,1149.402
00961,上市,9.85,9.94,10173.928
00962,上市,11.01,11.07,177.8
00963,上市,11.75,11.73,1392.673
00964,上市,12.06,12.07,841.448
00965,上市,25.0,25.16,9171.45
00971,上市,16.21,16.12,1089.945
00972,上市,18.79,19.1,502.369
009800,上市,11.3,11.25,2353.653
009801,上市,11.17,11.16,1274.716
009802,上市,11.7,11.65,2935.537
009803,上市,13.81,13.74,933.245
009804,上市,15.35,15.31,1301.834
009805,上市,12.6,12.54,6589.329
009808,上市,20.75,20.75,174.492
009809,上市,11.31,11.24,809.258
00980A,上市,15.51,15.44,5816.422
009810,上市,18.85,18.85,139.484
009811,上市,11.81,11.8,3532.339
009812,上市,11.2,11.3,1414.81
009813,上市,10.65,10.63,12116.21
00981A,上市,16.9,16.78,74543.268
00981T,上市,10.93,10.93,1882.712
00982A,上市,14.98,14.88,26103.805
00982D,上市,10.21,10.2,10492.931
00982T,上市,10.8,10.65,3214.521
00983A,上市,12.23,12.2,5793.99
00983D,上市,10.33,10.34,2238.35
00984A,上市,11.63,11.71,7641.345
00985A,上市,14.21,14.24,6770.352
00985B,上市,10.33,10.35,9174.519
00986A,上市,11.8,11.76,699.79
00987A,上市,9.95,9.9,5754.541
00988A,上市,10.69,10.65,9801.755
00989A,上市,15.47,15.39,2001.118
00990A,上市,10.44,10.42,39710.926
00991A,上市,10.58,10.64,55352.97
00992A,上市,10.63,10.64,40968.569
00994A,上市,10.02,10.02,5404.231
01001T,上市,11.72,11.69,97.0
01002T,上市,14.42,14.45,88.0
01004T,上市,10.88,10.86,56.0
01007T,上市,13.55,13.54,28.0
01009T,上市,6.74,6.72,76.03
01010T,上市,10.05,10.05,97.454
020000,上市,0.0,0.0,0.0
020011,上市,0.0,0.0,0.0
020012,上市,14.3,14.3,10.0
02001L,上市,55.0,55.5,23.0
02001R,上市,0.82,0.82,323.0
020020,上市,16.32,16.32,45.0
020028,上市,13.52,13.58,15.0
020029,上市,9.93,9.93,23.0
020030,上市,8.9,9.03,113.0
020031,上市,6.35,6.44,56.0
020032,上市,8.0,8.07,8.0
020034,上市,7.86,7.94,81.0
020036,上市,0.0,0.0,0.0
020037,上市,8.36,8.37,2.0
020038,上市,7.67,7.68,18.0
020039,上市,9.61,9.68,45.0
1101,上市,23.85,24.95,98217.134
1101B,上市,45.4,45.35,12.324
1102,上市,37.1,37.5,6289.612
1103,上市,14.0,14.05,502.346
1104,上市,29.9,30.15,678.172
1108,上市,14.9,14.9,144.728
1109,上市,15.4,15.4,197.466
1110,上市,16.45,16.5,409.06
1201,上市,14.45,14.4,304.279
1203,上市,39.65,39.35,62.11
1210,上市,51.5,51.6,1001.751
1213,上市,9.91,9.91,4.415
1215,上市,139.5,141.0,1075.861
1216,上市,75.6,75.6,9238.387
1217,上市,10.5,10.45,587.089
1218,上市,18.25,18.35,446.735
1219,上市,13.4,13.45,289.069
1220,上市,12.55,12.55,139.493
1225,上市,28.1,28.25,110.343
1227,上市,29.7,29.6,881.377
1229,上市,46.8,46.25,1914.563
1231,上市,95.5,94.3,302.808
1232,上市,144.5,144.5,49.874
1233,上市,32.15,32.2,17.753
1234,上市,37.4,37.15,158.617
1235,上市,45.0,45.0,18.319
1236,上市,25.35,25.5,71.566
1256,上市,159.5,158.5,103.601
1301,上市,41.85,41.5,26875.389
1303,上市,63.1,64.7,88763.068
1304,上市,11.25,11.35,5314.153
1305,上市,11.3,11.6,3249.763
1307,上市,31.75,31.35,1213.642
1308,上市,13.15,13.35,1785.447
1309,上市,11.45,11.7,2225.458
1310,上市,8.7,8.75,3021.885
1312,上市,12.6,12.85,39564.935
1312A,上市,23.25,22.9,15.014
1313,上市,10.3,10.35,5066.534
1314,上市,7.93,8.11,21065.318
1315,上市,64.0,63.9,29.074
1316,上市,14.7,14.6,4147.069
1319,上市,95.1,93.8,1666.253
1321,上市,34.85,34.65,206.276
1323,上市,19.4,18.95,243.429
1324,上市,11.2,11.2,53.963
1325,上市,31.3,31.2,861.763
1326,上市,32.1,32.45,12134.433
1337,上市,4.86,4.84,321.29
1338,上市,20.05,20.05,103.972
1339,上市,42.05,41.85,43.895
1340,上市,6.9,6.68,566.477
1341,上市,58.7,58.4,4.167
1342,上市,93.0,95.1,406.29
1402,上市,28.35,28.4,5458.5
1409,上市,14.85,14.9,3869.215
1410,上市,34.2,33.9,31.062
1413,上市,9.65,9.94,112.268
1414,上市,17.9,18.2,198.373
1416,上市,11.7,11.85,208.004
1417,上市,8.84,8.81,302.895
1418,上市,19.8,20.05,25.439
1419,上市,71.4,73.3,304.986
1423,上市,38.0,38.4,32.326
1432,上市,18.0,18.0,249.026
1434,上市,16.0,16.25,3232.335
1435,上市,21.35,21.35,3.554
1436,上市,62.0,61.8,214.217
1437,上市,33.2,32.85,96.998
1438,上市,33.35,33.25,138.58
1439,上市,29.65,30.2,120.178
1440,上市,13.4,13.35,943.034
1441,上市,10.3,10.35,12.923
1442,上市,30.2,30.6,966.222
1443,上市,26.9,26.85,19.987
1444,上市,6.2,6.09,1217.658
1445,上市,12.45,12.45,57.611
1446,上市,18.15,18.1,273.208
1447,上市,5.27,5.16,1225.616
1449,上市,12.4,12.4,3394.435
1451,上市,17.25,17.25,284.585
1452,上市,11.75,11.75,71.803
1453,上市,12.15,12.2,51.39
1454,上市,12.9,13.0,20.952
1455,上市,7.77,7.69,384.584
1456,上市,13.45,13.45,47.337
1457,上市,15.5,15.5,114.975
1459,上市,11.8,11.75,66.988
1460,上市,6.4,6.41,827.821
1463,上市,17.6,17.35,125.68
1464,上市,11.15,11.3,435.8
1465,上市,12.5,12.55,48.835
1466,上市,14.15,14.05,92.253
1467,上市,8.2,8.05,677.448
1468,上市,11.65,11.85,38.0
1470,上市,23.65,23.15,2.416
1471,上市,9.7,9.77,663.139
1472,上市,90.2,88.1,19.051
1473,上市,24.15,23.9,183.226
1474,上市,10.35,10.3,483.577
1475,上市,31.85,31.65,45.15
1476,上市,411.0,403.0,857.926
1477,上市,317.0,313.5,1279.558
1503,上市,175.0,175.5,2182.794
1504,上市,84.0,83.6,9593.66
1506,上市,12.0,11.95,120.141
1512,上市,7.37,7.3,59.794
1513,上市,147.5,146.0,3366.868
1514,上市,98.6,99.0,2928.619
1515,上市,26.8,27.0,317.644
1516,上市,21.25,21.25,19.126
1517,上市,10.85,10.9,172.547
1519,上市,794.0,817.0,8598.836
1521,上市,23.8,23.95,12.312
1522,上市,46.6,46.8,1529.344
1522A,上市,0.0,0.0,0.0
1524,上市,30.0,29.7,1066.944
1525,上市,63.2,63.7,11.086
1526,上市,16.7,16.7,52.823
1527,上市,32.8,32.95,131.48
1528,上市,22.5,22.45,4295.908
1529,上市,20.3,20.55,2789.541
1530,上市,27.5,27.1,56.308
1531,上市,11.9,11.8,79.304
1532,上市,25.6,25.3,1019.001
1533,上市,31.8,32.0,80.88
1535,上市,53.1,53.1,52.085
1536,上市,54.3,54.2,1357.07
1537,上市,123.5,122.0,136.097
1538,上市,0.0,0.0,0.001
1539,上市,17.15,17.05,37.115
1540,上市,23.1,22.9,274.595
1541,上市,23.0,22.7,54.207
1558,上市,102.0,103.0,123.983
1560,上市,419.5,416.5,1808.702
1563,上市,47.7,46.35,765.705
1568,上市,23.5,23.2,313.229
1582,上市,63.6,63.3,555.819
1583,上市,44.85,45.05,21.482
1587,上市,53.8,51.8,2017.564
1589,上市,16.45,16.75,924.862
1590,上市,1005.0,970.0,692.53
1597,上市,73.2,74.4,275.476
1598,上市,19.85,19.8,232.993
1603,上市,38.6,39.0,1096.689
1604,上市,24.0,23.95,218.853
1605,上市,39.35,39.55,241477.642
1608,上市,37.6,38.05,6112.349
1609,上市,38.3,39.7,6612.094
1611,上市,13.25,13.2,910.791
1612,上市,34.35,34.6,793.209
1614,上市,34.0,33.9,84.717
1615,上市,48.4,48.5,93.747
1616,上市,27.1,28.2,1559.991
1617,上市,14.5,14.5,116.265
1618,上市,41.2,41.85,823.774
1626,上市,11.0,11.2,406.833
1702,上市,38.9,39.25,381.792
1707,上市,124.5,124.5,84.333
1708,上市,32.7,32.3,1145.001
1709,上市,16.9,16.9,276.07
1710,上市,12.55,12.65,1346.121
1711,上市,21.2,21.85,14235.244
1712,上市,45.0,45.1,567.482
1713,上市,48.4,51.4,3136.872
1714,上市,9.0,8.89,9266.696
1717,上市,52.6,54.1,77203.13
1718,上市,6.94,6.95,4010.261
1720,上市,60.1,59.7,241.104
1721,上市,15.5,15.35,2581.903
1722,上市,46.4,46.15,2026.052
1723,上市,69.4,70.4,558.268
1725,上市,28.1,28.3,138.607
1726,上市,75.9,76.0,10.69
1727,上市,45.6,47.0,9459.2
1730,上市,52.9,52.5,19.586
1731,上市,22.0,21.8,173.323
1732,上市,27.8,28.1,195.923
1733,上市,30.55,29.9,334.641
1734,上市,30.55,30.6,137.422
1735,上市,17.0,17.6,266.861
1736,上市,153.0,149.5,1911.563
1737,上市,31.6,31.5,113.016
1752,上市,37.1,36.75,137.24
1760,上市,64.0,63.8,108.107
1762,上市,25.05,24.95,76.344
1773,上市,171.0,162.0,2647.603
1776,上市,15.4,15.3,42.53
1783,上市,45.45,45.35,169.915
1786,上市,76.5,76.9,242.224
1789,上市,23.15,23.65,6260.008
1795,上市,294.5,285.5,2404.028
1802,上市,35.05,34.85,39104.348
1805,上市,12.2,12.1,73.17
1806,上市,8.89,8.84,800.584
1808,上市,36.5,34.5,4248.848
1809,上市,19.05,19.3,3083.448
1810,上市,20.0,19.35,16599.172
1817,上市,38.2,38.25,29.689
1903,上市,55.8,55.5,141.304
1904,上市,17.7,17.7,904.674
1905,上市,11.95,12.15,3253.554
1906,上市,12.1,12.15,66.854
1907,上市,25.3,25.3,1101.203
1909,上市,9.86,10.15,2984.239
2002,上市,19.0,19.55,78551.494
2002A,上市,39.0,38.9,15.191
2006,上市,67.8,69.0,1777.98
2007,上市,8.09,8.15,362.313
2008,上市,29.05,29.15,7.568
2009,上市,48.75,49.9,11290.481
2010,上市,21.1,21.4,2522.511
2012,上市,17.0,17.05,33.424
2013,上市,42.9,42.6,269.497
2014,上市,16.25,16.65,10160.687
2015,上市,62.9,63.6,350.939
2017,上市,8.84,8.85,757.078
2020,上市,23.45,23.7,283.208
2022,上市,8.4,8.41,890.452
2023,上市,14.8,14.8,1105.534
2024,上市,16.1,15.85,5.969
2025,上市,11.6,11.7,708.226
2027,上市,35.9,36.45,20258.101
2028,上市,17.9,18.25,110.837
2029,上市,21.2,21.1,210.224
2030,上市,15.55,15.7,1146.543
2031,上市,38.65,39.25,1002.797
2032,上市,16.5,16.75,1402.693
2033,上市,16.1,16.15,164.581
2034,上市,20.85,21.2,2095.665
2038,上市,15.0,14.95,717.39
2049,上市,199.0,205.5,4107.968
2059,上市,3375.0,3365.0,683.66
2062,上市,20.8,20.5,229.031
2069,上市,18.6,19.2,737.668
2101,上市,37.3,36.9,1830.14
2102,上市,19.7,19.7,176.724
2103,上市,15.1,15.25,1691.69
2104,上市,11.15,11.35,2539.083
2105,上市,30.15,30.5,11100.494
2106,上市,19.3,19.5,322.239
2107,上市,24.55,24.45,234.032
2108,上市,23.65,24.35,927.322
2109,上市,14.95,15.0,213.265
2114,上市,90.4,90.0,23.304
2115,上市,24.2,24.3,41.362
2201,上市,31.45,31.65,4846.026
2204,上市,58.6,58.8,1375.077
2206,上市,61.0,60.4,610.567
2207,上市,542.0,540.0,233.337
2208,上市,20.05,20.65,5951.184
2211,上市,102.0,101.0,1107.282
2227,上市,54.6,54.7,43.481
2228,上市,109.0,106.5,620.461
2231,上市,96.9,97.9,531.885
2233,上市,213.0,220.0,1986.437
2236,上市,113.5,114.5,523.317
2239,上市,33.45,31.25,180.968
2241,上市,35.2,34.25,294.975
2243,上市,11.55,11.4,157.953
2247,上市,271.5,272.0,200.782
2248,上市,49.8,49.95,67.34
2250,上市,71.5,72.8,86.261
2254,上市,59.9,59.0,73.0
2258,上市,40.7,39.9,773.643
2301,上市,162.0,164.5,11161.468
2302,上市,17.9,18.05,720.839
2303,上市,57.0,55.3,187847.375
2305,上市,11.85,12.4,3625.297
2308,上市,1040.0,1055.0,12690.911
2312,上市,23.15,25.05,124090.953
2313,上市,119.5,127.0,103712.779
2314,上市,20.9,20.5,361.959
2316,上市,98.5,101.0,5734.308
2317,上市,233.0,228.5,32968.055
2321,上市,18.75,18.0,6.619
2323,上市,10.9,10.9,9465.96
2324,上市,29.7,30.35,34610.054
2327,上市,244.5,247.5,31140.755
2328,上市,48.0,48.3,2199.351
2329,上市,59.6,59.9,52774.762
2330,上市,1700.0,1690.0,34556.66
2331,上市,23.2,23.85,5929.103
2332,上市,14.85,15.35,3096.398
2337,上市,60.0,61.2,61046.671
2338,上市,37.05,37.65,1422.19
2340,上市,27.75,27.75,4485.435
2342,上市,33.2,32.85,6239.993
2344,上市,98.1,102.0,56471.038
2345,上市,1235.0,1205.0,4120.74
2347,上市,64.4,64.2,6251.917
2348,上市,81.8,82.0,253.422
2348A,上市,36.55,36.55,15.0
2349,上市,15.2,15.25,19270.581
2351,上市,74.3,73.8,990.497
2352,上市,24.2,24.5,5734.547
2353,上市,26.3,26.85,42033.532
2354,上市,59.1,59.6,3826.698
2355,上市,31.8,33.95,8221.934
2356,上市,43.05,43.65,10732.077
2357,上市,538.0,546.0,6272.483
2359,上市,131.5,131.0,934.857
2360,上市,931.0,954.0,3263.663
2362,上市,37.6,38.2,443.463
2363,上市,49.7,49.1,4333.494
2364,上市,66.6,66.1,457.061
2365,上市,35.05,35.45,1640.532
2367,上市,31.4,33.65,118461.767
2368,上市,654.0,666.0,10662.29
2369,上市,26.0,26.05,28241.066
2371,上市,31.25,32.45,33080.539
2373,上市,56.5,55.8,43.38
2374,上市,78.9,79.9,5909.689
2375,上市,90.7,93.9,4454.175
2376,上市,240.0,235.5,6379.591
2377,上市,98.2,100.0,13094.714
2379,上市,513.0,539.0,4499.719
2380,上市,5.62,5.24,272.349
2382,上市,285.5,280.5,20975.317
2383,上市,1565.0,1610.0,3348.576
2385,上市,117.0,117.0,3007.751
2387,上市,38.35,38.8,275.0
2388,上市,50.3,51.8,3332.288
2390,上市,10.15,10.0,297.476
2392,上市,37.2,38.0,2078.509
2393,上市,56.2,55.8,3572.369
2395,上市,293.5,288.0,1383.957
2397,上市,60.5,61.7,296.088
2399,上市,25.1,27.05,15474.639
2401,上市,20.45,20.7,2394.79
2402,上市,56.5,57.3,10752.153
2404,上市,1010.0,982.0,4817.516
2405,上市,17.2,17.1,3943.371
2406,上市,28.0,28.05,18465.894
2408,上市,225.5,239.0,15870.59
2409,上市,14.65,15.3,490312.435
2412,上市,133.0,133.5,4675.744
2413,上市,44.4,47.3,4916.756
2414,上市,41.25,40.9,114.493
2415,上市,27.0,26.9,210.553
2417,上市,39.1,39.8,784.507
2419,上市,26.1,28.15,7266.331
2420,上市,50.1,50.8,282.997
2421,上市,159.5,155.5,2177.157
2423,上市,54.8,54.0,126.224
2424,上市,31.8,32.6,35.559
2425,上市,30.6,31.5,711.52
2426,上市,16.5,16.8,636.183
2427,上市,26.55,26.7,705.492
2428,上市,174.5,174.0,566.07
2429,上市,76.0,76.6,533.496
2430,上市,22.7,22.55,43.262
2431,上市,11.75,12.0,511.769
2432,上市,24.9,24.9,20.022
2433,上市,46.85,46.95,55.211
2434,上市,30.95,30.25,44.348
2436,上市,48.4,48.4,1147.435
2438,上市,21.65,21.8,97.041
2439,上市,100.0,102.0,1892.044
2440,上市,14.4,14.9,458.272
2441,上市,91.6,93.9,24060.254
2442,上市,23.4,23.15,746.218
2444,上市,11.65,12.2,1506.005
2449,上市,267.5,270.0,24159.085
2450,上市,28.95,28.65,144.355
2451,上市,255.0,237.0,24171.429
2453,上市,54.5,55.2,1101.223
2454,上市,1445.0,1445.0,4496.882
2455,上市,150.0,162.0,17579.434
2457,上市,28.25,28.1,3888.831
2458,上市,120.0,117.5,2163.993
2459,上市,66.4,66.6,78.876
2460,上市,24.3,23.5,434.065
2461,上市,16.45,16.3,367.295
2462,上市,23.95,24.15,864.281
2464,上市,65.5,65.8,1280.723
2465,上市,58.5,58.4,283.279
2466,上市,68.1,66.2,1990.443
2467,上市,261.5,254.0,3026.389
2468,上市,41.1,40.95,375.499
2471,上市,51.9,52.0,373.616
2472,上市,111.0,111.0,4139.786
2474,上市,204.0,206.5,3064.45
2476,上市,93.0,91.4,1415.207
2477,上市,24.9,24.65,296.854
2478,上市,63.0,65.0,3810.378
2480,上市,151.0,148.5,466.047
2481,上市,81.5,84.4,21726.963
2482,上市,17.3,17.8,340.964
2483,上市,19.05,19.0,85.545
2484,上市,20.7,20.95,553.516
2485,上市,26.4,27.5,13048.2
2486,上市,91.6,91.0,4155.576
2488,上市,45.6,45.05,656.229
2489,上市,15.6,15.75,6566.733
2491,上市,18.6,19.1,474.841
2492,上市,125.0,125.0,8629.727
2493,上市,127.0,127.0,2862.4
2495,上市,32.2,32.5,7925.353
2496,上市,67.9,68.7,51.682
2497,上市,53.3,51.6,651.247
2498,上市,46.35,46.25,4709.598
2501,上市,24.15,23.6,3303.953
2504,上市,37.5,38.0,2456.623
2505,上市,21.0,19.95,1940.171
2506,上市,9.07,9.1,206.831
2509,上市,15.6,15.45,226.912
2511,上市,8.6,8.54,1239.882
2514,上市,14.75,14.75,170.891
2515,上市,13.5,13.4,10534.435
2516,上市,14.85,14.6,183.26
2520,上市,32.95,33.65,2451.761
2524,上市,41.7,41.5,72.867
2527,上市,32.15,32.2,1920.92
2528,上市,30.5,30.05,1250.394
2530,上市,30.05,29.6,1413.682
2534,上市,20.45,20.35,1033.259
2535,上市,65.4,64.7,379.021
2536,上市,25.45,25.35,338.444
2537,上市,11.75,11.65,1708.445
2538,上市,11.0,10.95,391.506
2539,上市,48.7,48.35,484.482
2540,上市,45.6,46.6,703.4
2542,上市,40.25,39.7,5160.014
2543,上市,63.9,63.1,2477.027
2545,上市,39.9,39.45,299.803
2546,上市,89.6,89.0,168.83
2547,上市,10.85,10.85,956.158
2548,上市,116.5,116.0,815.964
2597,上市,180.0,179.5,469.122
2601,上市,5.52,5.5,1039.304
2603,上市,195.5,195.5,7398.786
2605,上市,27.65,28.9,25496.699
2606,上市,61.9,61.9,5869.88
2607,上市,57.8,57.9,385.552
2608,上市,33.05,33.1,265.012
2609,上市,56.2,56.1,10847.18
2610,上市,20.65,20.75,21707.249
2611,上市,14.95,15.1,384.767
2612,上市,61.5,62.1,1619.561
2613,上市,24.0,24.35,497.134
2614,上市,22.35,23.0,1976.74
2615,上市,79.6,79.6,3829.379
2616,上市,13.35,13.35,128.054
2617,上市,31.4,31.3,821.169
2618,上市,36.9,37.1,34236.391
2630,上市,52.3,54.7,10808.013
2633,上市,27.95,27.6,3354.348
2634,上市,52.5,54.6,19440.207
2636,上市,67.1,66.8,342.557
2637,上市,70.9,71.7,5139.984
2642,上市,25.75,25.65,62.135
2645,上市,145.0,147.5,2699.499
2646,上市,23.4,23.35,3649.853
2701,上市,11.0,11.0,97.486
2702,上市,11.95,11.9,67.317
2704,上市,42.35,42.65,45.15
2705,上市,16.5,16.65,129.037
2706,上市,12.85,12.85,118.376
2707,上市,190.5,191.0,58.451
2712,上市,17.85,17.95,11.916
2722,上市,25.2,25.1,28.319
2723,上市,72.0,74.7,1556.114
2727,上市,219.0,217.5,226.78
2731,上市,171.5,169.5,786.727
2739,上市,35.3,35.05,49.095
2748,上市,42.5,42.4,111.752
2753,上市,192.5,192.5,170.319
2762,上市,76.1,76.3,27.073
2801,上市,20.6,20.55,14484.886
2812,上市,20.9,20.85,8280.173
2816,上市,29.0,29.35,97.673
2820,上市,16.4,16.4,650.533
2832,上市,50.2,50.0,162.51
2834,上市,16.1,15.95,33165.029
2836,上市,12.25,12.15,1307.125
2836A,上市,23.85,23.85,1.0
2838,上市,19.0,18.85,1877.486
2838A,上市,54.5,54.6,17.268
2845,上市,12.85,12.8,6505.354
2849,上市,13.35,13.35,33.403
2850,上市,116.0,116.0,285.245
2851,上市,26.7,26.8,961.61
2852,上市,27.7,27.8,278.209
2855,上市,26.75,26.65,5658.723
2867,上市,7.8,7.74,13743.131
2880,上市,31.85,32.1,8931.155
2881,上市,95.6,95.0,13610.868
2881A,上市,63.3,63.3,118.264
2881B,上市,0.0,0.0,0.696
2881C,上市,53.3,53.3,31.129
2882,上市,76.4,76.1,18324.024
2882A,上市,60.8,60.9,81.203
2882B,上市,60.0,60.2,21.201
2883,上市,17.5,17.65,36274.014
2883B,上市,7.86,7.86,1573.024
2884,上市,32.6,32.5,29140.164
2885,上市,40.75,40.5,14398.643
2886,上市,40.65,40.3,13307.479
2887,上市,20.95,20.9,39841.932
2887E,上市,50.0,49.9,96.227
2887F,上市,0.0,0.0,0.004
2887G,上市,39.4,39.4,125.028
2887H,上市,39.25,39.25,78.374
2887I,上市,9.32,9.32,5868.114
2887Z1,上市,16.55,16.5,22.552
2889,上市,16.75,17.0,5236.959
2890,上市,29.0,28.75,20244.681
2891,上市,50.0,50.0,23012.022
2891B,上市,63.6,63.6,29.39
2891C,上市,60.0,60.2,5.069
2892,上市,29.55,29.4,16974.964
2897,上市,9.15,9.14,4053.512
2897B,上市,11.8,11.8,254.466
2901,上市,25.1,24.9,7.642
2903,上市,22.6,22.4,1774.618
2904,上市,17.1,17.1,45.615
2905,上市,15.7,16.0,920.972
2906,上市,12.45,12.6,225.981
2908,上市,20.15,20.15,382.671
2910,上市,20.85,20.85,4.0
2911,上市,5.03,5.0,38.503
2912,上市,221.5,223.0,1355.89
2913,上市,13.3,13.3,1018.855
2915,上市,52.4,52.1,2230.724
2923,上市,20.25,19.85,12.354
2929,上市,7.71,7.65,263.467
2939,上市,23.15,22.65,50.177
2945,上市,37.4,37.5,9.297
3002,上市,23.1,23.0,983.74
3003,上市,46.6,46.2,277.044
3004,上市,112.0,116.0,712.128
3005,上市,117.0,116.5,2179.154
3006,上市,142.5,146.0,4257.354
3008,上市,2530.0,2490.0,1163.495
3010,上市,109.5,109.5,959.448
3011,上市,14.05,14.0,539.678
3013,上市,124.5,124.0,2225.636
3014,上市,115.5,115.0,837.555
3015,上市,51.3,52.2,327.344
3016,上市,57.0,58.3,4759.17
3017,上市,1395.0,1355.0,5695.057
3018,上市,11.3,11.4,15.622
3019,上市,141.0,140.5,2049.347
3021,上市,17.95,18.45,421.185
3022,上市,65.5,67.8,1510.983
3023,上市,194.5,194.0,1234.133
3024,上市,11.05,11.15,821.056
3025,上市,72.3,75.0,5104.141
3026,上市,104.0,105.0,1008.087
3027,上市,24.7,24.85,1275.371
3028,上市,39.5,41.3,7890.453
3029,上市,111.0,110.5,1639.384
3030,上市,175.5,176.5,2658.093
3031,上市,19.4,19.75,348.609
3032,上市,74.5,74.0,468.327
3033,上市,30.9,31.2,5106.652
3034,上市,383.0,383.0,3080.168
3035,上市,168.5,170.5,2607.044
3036,上市,146.0,144.0,6749.38
3036A,上市,51.4,51.4,223.371
3037,上市,234.5,243.5,41637.35
3038,上市,23.25,23.4,186.833
3040,上市,52.9,53.1,135.127
3041,上市,27.2,26.45,5792.608
3042,上市,80.8,81.3,1427.178
3043,上市,21.05,21.15,80.032
3044,上市,322.0,313.5,3834.17
3045,上市,107.5,107.5,7123.747
3046,上市,53.2,53.3,418.201
3047,上市,17.9,18.5,2597.436
3048,上市,42.35,41.75,3779.999
3049,上市,6.98,7.11,4797.123
3050,上市,13.5,13.7,1561.575
3051,上市,19.55,20.1,2279.45
3052,上市,11.9,11.85,418.062
3054,上市,30.7,30.4,45.117
3055,上市,73.6,73.5,590.364
3056,上市,18.1,17.8,1287.976
3057,上市,19.15,19.45,1681.511
3058,上市,9.49,9.42,1251.083
3059,上市,40.1,39.6,4628.589
3060,上市,33.75,34.6,12863.588
3062,上市,23.5,24.75,11928.24
3090,上市,100.5,101.5,5696.637
3092,上市,27.6,29.5,831.23
3094,上市,24.85,24.6,361.233
3130,上市,224.5,223.0,20.752
3135,上市,103.5,103.5,5792.522
3138,上市,133.5,136.5,1529.445
3149,上市,41.1,44.7,19406.917
3150,上市,20.55,20.65,48.091
3164,上市,18.4,18.25,27.695
3167,上市,223.5,232.0,12189.501
3168,上市,40.6,41.0,13.518
3189,上市,172.5,181.0,31251.113
3209,上市,32.1,32.35,519.037
3229,上市,24.0,24.95,250.128
3231,上市,150.5,146.0,45603.596
3257,上市,64.6,65.1,371.939
3266,上市,14.1,14.0,31.233
3296,上市,23.5,23.6,64.685
3305,上市,112.5,121.5,26286.338
3308,上市,22.4,22.9,275.474
3311,上市,31.5,31.95,177.045
3312,上市,42.5,40.8,2983.457
3321,上市,19.0,19.9,1111.179
3338,上市,48.65,48.7,173.911
3346,上市,19.15,18.95,134.247
3356,上市,47.15,47.45,330.421
3376,上市,233.0,234.0,9070.358
3380,上市,32.0,33.0,5321.858
3406,上市,464.0,463.0,1802.804
3413,上市,278.5,279.5,728.579
3416,上市,148.5,150.0,213.01
3419,上市,13.9,14.2,671.603
3432,上市,14.3,14.4,49.174
3437,上市,15.0,15.2,874.214
3443,上市,2375.0,2435.0,2536.55
3447,上市,47.9,47.55,409.597
3450,上市,263.5,257.0,7011.307
3454,上市,98.8,98.7,282.542
3481,上市,21.0,22.0,123914.785
3494,上市,8.49,8.62,190.221
3501,上市,48.2,47.85,202.74
3504,上市,51.4,52.0,229.403
3515,上市,246.0,238.0,1525.854
3518,上市,21.55,21.5,307.059
3528,上市,69.7,69.6,480.663
3530,上市,76.7,76.0,436.148
3532,上市,115.0,121.0,8842.98
3533,上市,1460.0,1430.0,1428.298
3535,上市,94.0,85.4,14390.223
3543,上市,47.15,45.75,7889.117
3545,上市,52.2,53.1,1230.446
3550,上市,15.55,15.35,927.18
3557,上市,36.0,37.7,301.033
3563,上市,513.0,503.0,728.165
3576,上市,9.05,9.36,14709.604
3583,上市,348.5,346.0,495.318
3588,上市,52.0,52.6,924.65
3591,上市,18.3,18.2,203.428
3592,上市,222.0,222.0,654.917
3593,上市,12.95,12.7,30.451
3596,上市,175.5,177.0,519.901
3605,上市,60.0,62.2,1536.071
3607,上市,14.3,14.5,373.216
3617,上市,194.5,194.5,261.275
3622,上市,69.3,67.7,3317.326
3645,上市,53.9,53.9,2075.334
3652,上市,29.25,28.35,124.325
3653,上市,2605.0,2535.0,1384.636
3661,上市,3610.0,3630.0,1680.804
3665,上市,1450.0,1395.0,2527.551
3669,上市,39.85,40.4,395.427
3673,上市,41.5,43.1,3725.731
3679,上市,114.5,114.5,48.03
3686,上市,17.8,18.2,208.967
3694,上市,60.0,61.8,2059.43
3701,上市,52.1,55.9,4006.303
3702,上市,64.2,63.6,9099.177
3703,上市,23.05,23.4,1327.029
3704,上市,32.55,33.05,1646.498
3705,上市,57.5,57.2,305.998
3706,上市,89.8,88.0,16201.236
3708,上市,111.5,119.5,4011.099
3711,上市,280.0,283.0,24777.955
3712,上市,24.7,24.9,811.217
3714,上市,34.95,35.3,3743.977
3715,上市,143.5,144.5,121852.894
3716,上市,33.45,33.6,124.853
3717,上市,17.2,17.1,617.897
4104,上市,79.2,79.2,189.888
4106,上市,22.1,22.15,89.515
4108,上市,14.0,13.8,290.7
4119,上市,52.4,51.2,427.384
4133,上市,23.45,23.3,82.456
4137,上市,103.0,105.0,236.124
4142,上市,20.2,20.45,4442.73
4148,上市,38.0,39.1,70.928
4155,上市,14.6,14.55,190.222
4164,上市,37.0,36.3,1032.753
4190,上市,29.7,29.6,62.461
4306,上市,14.25,14.2,949.241
4414,上市,11.0,11.15,200.235
4426,上市,9.32,9.2,150.535
4438,上市,73.4,73.4,99.756
4439,上市,103.5,104.5,7.0
4440,上市,17.35,17.2,100.0
4441,上市,245.0,245.0,55.339
4526,上市,31.8,32.1,3805.312
4532,上市,24.8,24.4,1090.625
4536,上市,161.0,161.0,273.883
4540,上市,35.85,35.65,770.371
4545,上市,38.35,38.6,406.106
4551,上市,119.0,119.5,372.188
4552,上市,23.6,23.65,71.338
4555,上市,39.2,39.2,123.883
4557,上市,79.0,79.3,157.166
4560,上市,32.45,33.5,537.244
4562,上市,37.0,36.7,338.225
4564,上市,17.2,16.95,1311.913
4566,上市,56.2,56.9,388.432
4569,上市,147.5,149.0,18.14
4571,上市,163.5,166.0,151.32
4572,上市,149.5,152.5,39.089
4576,上市,109.5,110.5,864.049
4581,上市,51.2,51.7,19.301
4583,上市,691.0,700.0,319.751
4585,上市,335.0,351.5,754.851
4588,上市,61.0,61.2,88.421
4720,上市,17.35,17.55,1563.352
4722,上市,165.5,163.0,1624.124
4736,上市,123.5,125.0,266.122
4737,上市,54.3,54.3,173.334
4739,上市,68.9,71.3,2036.599
4746,上市,60.2,58.3,1007.002
4755,上市,112.5,112.5,226.753
4763,上市,52.8,53.0,6432.436
4764,上市,128.0,122.5,4428.083
4766,上市,325.0,320.5,328.213
4770,上市,251.0,253.5,1463.651
4771,上市,180.0,177.0,65.248
4807,上市,18.55,17.95,21.14
4904,上市,89.2,89.0,2411.457
4906,上市,26.3,27.25,2848.913
4912,上市,91.6,91.3,431.129
4915,上市,80.0,80.0,2069.478
4916,上市,59.1,62.0,19246.726
4919,上市,53.1,55.0,2985.206
4927,上市,39.0,38.5,21297.074
4930,上市,22.0,21.9,36.73
4934,上市,14.05,14.5,1131.439
4935,上市,40.3,40.7,53.179
4938,上市,69.8,70.8,8284.842
4942,上市,39.3,39.0,373.559
4943,上市,13.15,12.5,35.965
4949,上市,37.5,38.15,378.982
4952,上市,36.8,36.55,105.036
4956,上市,20.2,20.6,970.274
4958,上市,145.5,158.5,20185.651
4960,上市,13.4,13.8,6180.025
4961,上市,148.0,147.5,974.444
4967,上市,207.0,202.0,19356.585
4968,上市,125.5,127.5,836.454
4976,上市,30.05,30.7,658.272
4977,上市,129.0,131.0,2341.204
4989,上市,51.0,51.0,12420.088
4994,上市,101.5,101.0,28.16
4999,上市,23.55,23.7,38.752
5007,上市,56.0,55.7,19.528
5203,上市,88.2,88.3,97.673
5215,上市,35.0,35.4,61.231
5222,上市,130.5,132.5,773.483
5225,上市,101.0,101.0,254.444
5234,上市,366.0,356.0,1582.026
5243,上市,79.9,82.9,4750.208
5244,上市,38.5,38.2,253.961
5258,上市,63.0,64.1,310.355
5269,上市,1480.0,1380.0,3021.905
5283,上市,58.9,60.2,132.096
5284,上市,276.5,270.5,1302.53
5285,上市,49.5,49.8,140.939
5288,上市,149.5,149.0,201.996
5292,上市,175.0,180.0,327.98
5306,上市,88.5,89.0,105.228
5388,上市,78.6,79.9,3394.18
5434,上市,309.0,304.0,531.371
5469,上市,96.3,97.0,8994.019
5471,上市,33.0,32.75,316.016
5484,上市,41.0,39.8,251.589
5515,上市,40.35,39.15,1418.452
5519,上市,33.15,32.2,1039.619
5521,上市,24.25,24.55,24699.653
5522,上市,75.2,72.9,1535.459
5525,上市,27.9,27.15,197.861
5531,上市,9.02,9.02,1072.493
5533,上市,14.25,14.25,154.14
5534,上市,86.1,84.6,740.679
5538,上市,32.9,33.2,33.436
5546,上市,23.0,23.25,61.64
5607,上市,49.4,49.55,716.492
5608,上市,18.1,18.0,1779.196
5706,上市,51.0,50.5,128.232
5871,上市,105.0,104.0,5890.653
5871A,上市,101.0,101.5,802.8
5876,上市,40.6,40.1,11200.759
5880,上市,24.15,23.95,14765.238
5906,上市,0.0,0.0,0.001
5907,上市,5.57,5.52,96.0
6005,上市,27.0,26.65,7325.542
6024,上市,52.2,51.8,290.124
6108,上市,14.4,15.15,1517.631
6112,上市,46.75,47.45,423.746
6115,上市,46.85,46.8,58.595
6116,上市,10.1,10.65,44987.969
6117,上市,82.2,81.7,484.165
6120,上市,12.6,13.25,4497.664
6128,上市,22.05,22.5,189.392
6133,上市,22.0,21.4,3468.429
6136,上市,23.9,23.85,176.631
6139,上市,609.0,579.0,10669.326
6141,上市,12.2,12.1,500.537
6142,上市,9.08,9.1,519.218
6152,上市,10.4,11.05,1600.715
6153,上市,15.25,15.65,4643.436
6155,上市,49.0,48.8,13400.49
6164,上市,11.95,12.35,473.339
6165,上市,47.1,45.55,673.619
6166,上市,60.8,61.1,482.584
6168,上市,19.8,20.25,462.401
6176,上市,124.0,124.0,1616.359
6177,上市,54.1,53.0,2001.736
6183,上市,95.2,96.0,38.407
6184,上市,47.3,47.15,86.141
6189,上市,44.35,44.45,412.002
6191,上市,114.0,116.5,11243.149
6192,上市,113.0,115.0,769.437
6196,上市,278.5,272.5,2758.381
6197,上市,152.0,149.0,1682.617
6201,上市,55.5,55.5,37.519
6202,上市,38.65,38.65,435.765
6205,上市,60.1,61.5,730.313
6206,上市,91.9,94.3,1028.609
6209,上市,59.0,59.5,4205.566
6213,上市,115.5,117.0,6164.97
6214,上市,117.5,118.5,975.916
6215,上市,108.5,108.0,1525.499
6216,上市,26.2,26.45,207.039
6224,上市,42.35,41.6,481.613
6225,上市,17.0,17.0,4.447
6226,上市,7.45,7.54,357.207
6230,上市,115.0,118.0,136.164
6235,上市,62.7,63.1,595.404
6239,上市,210.5,220.0,26466.782
6243,上市,35.0,35.1,233.3
6257,上市,119.0,119.5,14163.924
6269,上市,57.0,60.0,2453.52
6271,上市,123.0,126.5,3041.378
6272,上市,41.55,42.05,857.713
6277,上市,60.9,61.3,160.891
6278,上市,96.3,96.2,897.279
6281,上市,62.3,62.5,60.671
6282,上市,48.1,48.75,153881.588
6283,上市,24.55,24.5,209.656
6285,上市,105.0,111.0,18527.417
6405,上市,30.0,31.7,1561.98
6409,上市,1030.0,1005.0,457.069
6412,上市,81.8,81.0,2049.845
6414,上市,291.5,293.5,751.305
6415,上市,236.0,236.0,13638.657
6416,上市,88.0,87.8,209.209
6423,上市,80.8,80.8,42.509
6426,上市,90.0,92.0,615.336
6431,上市,27.75,29.9,843.501
6438,上市,137.0,140.0,419.466
6442,上市,1390.0,1415.0,5647.614
6443,上市,32.05,34.8,61726.695
6446,上市,518.0,517.0,1544.346
6449,上市,169.0,170.0,598.972
6451,上市,155.5,154.0,466.561
6456,上市,42.35,42.9,788.17
6464,上市,76.5,77.0,6.065
6472,上市,515.0,505.0,778.874
6477,上市,35.0,35.55,2045.629
6491,上市,288.0,287.0,156.869
6504,上市,41.65,41.35,33.205
6505,上市,48.2,48.55,3709.041
6515,上市,3510.0,3470.0,1060.254
6525,上市,75.5,77.2,331.896
6526,上市,440.0,435.5,207.878
6531,上市,489.0,472.0,5609.627
6533,上市,250.0,246.5,243.797
6534,上市,90.0,90.1,56.006
6541,上市,51.0,51.0,1226.459
6550,上市,30.4,30.95,821.364
6552,上市,26.3,25.8,149.111
6558,上市,36.9,36.7,468.355
6573,上市,14.95,15.25,285.898
6579,上市,112.0,113.0,78.512
6581,上市,106.0,106.5,16.364
6582,上市,31.55,31.75,43.341
6585,上市,88.0,89.1,95.235
6589,上市,63.5,63.7,563.934
6591,上市,73.8,74.5,373.686
6592,上市,60.3,60.1,1833.813
6592A,上市,97.1,97.5,7.193
6592B,上市,98.1,98.3,9.858
6598,上市,24.8,24.25,834.392
6605,上市,141.0,139.5,430.684
6606,上市,25.3,25.4,37.494
6614,上市,49.2,49.75,272.71
6625,上市,82.0,83.0,250.163
6641,上市,19.5,21.35,245.17
6645,上市,18.35,18.0,22.109
6655,上市,118.0,118.0,12.0
6657,上市,42.1,41.85,224.999
6658,上市,55.6,56.6,317.528
6666,上市,45.95,46.4,18.175
6668,上市,40.5,41.3,3006.91
6669,上市,4300.0,4095.0,3018.835
6670,上市,265.0,272.0,892.573
6671,上市,36.95,36.9,9.028
6672,上市,92.2,93.4,1333.021
6674,上市,19.75,20.0,29.168
6689,上市,60.5,61.2,171.58
6691,上市,608.0,593.0,1741.253
6695,上市,43.9,44.25,320.179
6698,上市,34.5,33.5,396.791
6706,上市,121.5,119.0,3163.839
6715,上市,105.5,103.0,79.105
6719,上市,181.5,183.5,297.057
6742,上市,45.9,45.25,134.214
6743,上市,27.45,27.2,96.404
6753,上市,133.5,138.0,2771.429
6754,上市,47.65,47.65,8.183
6756,上市,81.7,81.4,78.508
6757,上市,66.6,66.1,1134.39
6768,上市,105.0,107.0,556.367
6770,上市,49.0,49.8,70940.203
6771,上市,45.2,45.0,17.894
6776,上市,58.8,58.0,1477.532
6781,上市,1285.0,1300.0,1129.482
6782,上市,178.0,175.0,155.115
6789,上市,277.0,268.5,1884.293
6790,上市,38.35,38.4,78.568
6792,上市,51.0,51.3,53.596
6794,上市,89.6,88.6,93.001
6796,上市,93.2,91.8,43.662
6799,上市,84.9,85.5,360.755
6805,上市,1390.0,1330.0,2369.395
6806,上市,38.75,40.05,1988.912
6807,上市,46.0,45.35,12.085
6830,上市,185.0,189.0,1411.819
6831,上市,273.5,269.0,871.501
6834,上市,31.3,32.8,1628.854
6835,上市,38.85,38.6,107.975
6838,上市,27.1,26.7,324.725
6854,上市,127.0,123.0,514.423
6861,上市,67.0,65.7,241.235
6862,上市,166.0,169.0,387.802
6863,上市,123.5,130.0,244.781
6869,上市,91.5,92.7,864.638
6873,上市,96.5,99.4,501.735
6885,上市,28.5,28.35,207.867
6887,上市,60.4,61.0,52.38
6890,上市,252.5,255.5,908.352
6901,上市,17.0,16.9,651.592
6902,上市,75.5,74.8,23.117
6906,上市,73.2,73.0,111.775
6909,上市,45.4,47.55,1507.591
6914,上市,145.5,145.0,104.968
6916,上市,18.35,18.0,117.11
6918,上市,84.0,83.3,220.636
6919,上市,148.5,147.5,2118.548
6921,上市,63.8,61.0,53.7
6923,上市,101.5,104.0,844.057
6924,上市,77.1,76.1,27.016
6928,上市,50.9,52.7,232.083
6931,上市,61.7,60.2,113.67
6933,上市,150.0,152.5,253.582
6936,上市,35.9,35.7,63.42
6937,上市,243.0,237.5,551.927
6944,上市,753.0,740.0,1244.255
6949,上市,332.0,327.0,83.453
6951,上市,73.9,78.4,284.912
6952,上市,43.05,43.05,38.565
6955,上市,162.5,163.0,2.0
6957,上市,194.5,191.5,287.921
6958,上市,15.4,15.05,163.462
6958A,上市,20.1,19.0,338.33
6962,上市,37.8,38.2,1805.31
6965,上市,88.5,87.2,97.324
6969,上市,32.7,32.7,28.16
6988,上市,14.8,16.45,89.851
6994,上市,100.0,92.6,1274.526
7610,上市,171.0,183.5,2165.711
7631,上市,148.0,135.0,187.176
7705,上市,39.85,39.95,64.638
7711,上市,262.0,258.0,238.831
7721,上市,48.25,48.1,52.001
7722,上市,554.0,548.0,24.389
7730,上市,97.0,98.5,56.636
7732,上市,40.2,40.2,44.0
7736,上市,86.3,85.8,60.144
7740,上市,155.0,159.5,96.414
7749,上市,459.0,444.0,251.17
7750,上市,873.0,887.0,336.895
7765,上市,276.0,271.5,91.416
7769,上市,3305.0,3445.0,1622.823
7786,上市,167.0,168.0,803.139
7788,上市,137.5,140.0,355.423
7791,上市,72.0,72.0,17.713
7799,上市,382.0,399.5,843.844
8011,上市,21.5,22.05,2545.751
8016,上市,189.0,189.5,839.405
8021,上市,218.5,218.0,33767.317
8028,上市,194.0,192.5,6351.619
8033,上市,150.0,156.5,20476.539
8039,上市,85.5,85.1,7217.602
8045,上市,75.1,75.0,158.504
8046,上市,244.5,254.5,16616.387
8070,上市,46.1,47.15,6999.691
8072,上市,30.65,30.75,181.976
8081,上市,215.0,215.0,328.692
8101,上市,16.2,15.9,21.73
8103,上市,96.1,96.0,3237.493
8104,上市,31.8,32.4,860.076
8105,上市,14.7,14.5,18983.947
8110,上市,75.7,74.8,72215.722
8112,上市,80.0,79.0,44666.052
8112A,上市,44.35,44.6,7.484
8114,上市,183.5,191.0,2434.672
8131,上市,67.0,66.5,16981.853
8150,上市,62.0,59.2,176483.785
8162,上市,38.0,36.5,105.121
8163,上市,30.15,30.45,468.77
8201,上市,14.15,14.2,134.067
8210,上市,923.0,911.0,1364.206
8213,上市,33.7,34.75,1757.765
8215,上市,20.9,20.65,1068.136
8222,上市,42.95,43.95,4113.474
8249,上市,53.7,53.3,1929.317
8261,上市,90.2,90.5,785.595
8271,上市,136.0,132.0,24943.814
8341,上市,78.6,85.1,1298.355
8367,上市,42.65,43.0,34.103
8374,上市,84.2,84.8,482.724
8404,上市,24.1,24.75,1660.322
8411,上市,12.1,11.95,113.925
8422,上市,42.85,42.95,59797.614
8429,上市,7.56,7.56,146.429
8438,上市,50.7,51.9,414.975
8442,上市,72.3,73.0,108.828
8443,上市,11.1,11.1,14.595
8454,上市,206.0,208.0,342.464
8462,上市,161.0,159.0,115.498
8463,上市,26.9,26.85,106.156
8464,上市,380.0,394.0,866.088
8466,上市,21.5,21.5,30.962
8467,上市,162.0,173.0,177.102
8473,上市,37.7,39.1,4017.185
8476,上市,18.8,18.8,1016.048
8478,上市,192.5,193.0,246.567
8481,上市,40.95,40.5,4.325
8482,上市,49.4,49.4,2.0
8487,上市,80.5,79.4,10.26
8488,上市,10.2,10.1,16.03
8499,上市,330.0,323.5,155.657
8926,上市,41.0,41.05,648.868
8940,上市,20.85,20.5,27.62
8996,上市,698.0,698.0,3615.791
9103,上市,4.6,4.7,1139.972
910322,上市,24.15,24.45,84.419
9105,上市,5.82,6.02,83179.267
910861,上市,5.44,5.5,94.0
9110,上市,3.05,3.01,14.01
911608,上市,2.79,2.76,15.0
911622,上市,3.78,3.85,24.003
911868,上市,1.31,1.31,678.0
912000,上市,2.72,2.69,600.272
9136,上市,8.06,8.2,706.6
9802,上市,102.5,102.5,1168.679
9902,上市,17.0,16.9,154.031
9904,上市,31.5,32.2,19193.95
9905,上市,20.05,20.05,93.422
9906,上市,49.55,49.05,76.106
9907,上市,18.55,18.6,3181.946
9908,上市,29.85,29.8,231.431
9910,上市,106.0,104.0,2265.82
9911,上市,82.9,83.8,235.614
9912,上市,12.15,12.0,68.252
9914,上市,81.0,80.4,1463.807
9917,上市,110.0,110.0,453.247
9918,上市,39.65,39.65,10.128
9919,上市,16.6,16.8,776.731
9921,上市,89.2,88.7,889.555
9924,上市,50.2,49.75,242.81
9925,上市,40.85,40.75,167.146
9926,上市,49.5,49.3,30.687
9927,上市,68.1,68.9,137.223
9928,上市,18.15,18.05,51.605
9929,上市,10.2,10.45,11.09
9930,上市,70.6,71.0,130.47
9931,上市,33.7,33.75,23.813
9933,上市,31.6,32.15,3984.028
9934,上市,9.98,9.98,235.362
9935,上市,20.05,19.9,129.317
9937,上市,57.5,57.0,28.555
9938,上市,53.0,53.8,2233.077
9939,上市,119.5,117.5,1188.29
9940,上市,22.9,22.85,655.12
9941,上市,82.3,80.8,2377.003
9941A,上市,50.3,50.3,8.101
9942,上市,106.5,107.0,66.38
9943,上市,60.3,60.1,45.658
9944,上市,16.9,17.0,25.217
9945,上市,29.5,29.4,5002.338
9946,上市,19.45,18.9,503.094
9955,上市,32.1,33.55,5171.602
9958,上市,133.5,139.0,1646.789
006201,上櫃,26.07,27.0,166.059
00679B,上櫃,27.47,27.35,33691.47
00687B,上櫃,28.5,28.44,58783.128
00687C,上櫃,9.39,9.39,46.3
00694B,上櫃,41.95,42.02,645.827
00695B,上櫃,35.97,35.92,571.686
00696B,上櫃,29.93,29.77,10200.587
00697B,上櫃,36.27,36.22,682.689
00719B,上櫃,31.4,31.39,2161.308
00720B,上櫃,33.94,33.91,5995.969
00722B,上櫃,37.17,37.13,3133.012
00723B,上櫃,31.83,31.86,143.098
00724B,上櫃,35.06,35.03,4690.93
00725B,上櫃,36.01,36.01,5841.722
00726B,上櫃,33.87,33.88,209.4
00727B,上櫃,40.57,40.6,110.83
00734B,上櫃,15.99,15.99,101.0
00740B,上櫃,39.52,39.54,2842.825
00741B,上櫃,38.06,38.1,142.185
00746B,上櫃,36.68,36.57,1352.058
00749B,上櫃,32.3,32.32,104.0
00750B,上櫃,34.09,34.09,100.057
00751B,上櫃,32.37,32.34,5551.041
00754B,上櫃,34.5,34.52,181.0
00755B,上櫃,33.58,33.53,105.537
00756B,上櫃,32.01,32.07,219.096
00758B,上櫃,51.9,51.9,100.0
00759B,上櫃,55.7,55.65,102.0
00760B,上櫃,55.4,55.45,114.186
00761B,上櫃,35.27,35.34,416.219
00764B,上櫃,28.45,28.4,125950.962
00768B,上櫃,52.1,52.0,1119.813
00772B,上櫃,34.5,34.48,1819.844
00773B,上櫃,36.94,36.98,1667.385
00777B,上櫃,33.48,33.47,101.193
00778B,上櫃,35.54,35.61,101.027
00779B,上櫃,28.78,28.78,402.274
00780B,上櫃,38.31,38.31,120.64
00781B,上櫃,29.47,29.47,111.542
00782B,上櫃,31.53,31.56,159.479
00785B,上櫃,36.15,36.19,72.054
00786B,上櫃,33.64,33.66,31.229
00787B,上櫃,33.05,33.09,13.552
00788B,上櫃,30.75,30.73,594.264
00789B,上櫃,49.92,49.79,103.028
00791B,上櫃,57.5,57.5,100.0
00792B,上櫃,32.43,32.39,168.752
00793B,上櫃,31.41,31.35,118.0
00795B,上櫃,27.62,27.56,11443.169
00799B,上櫃,30.6,30.52,269.984
00834B,上櫃,35.31,35.31,102.029
00836B,上櫃,29.33,29.39,218.07
00840B,上櫃,30.8,30.8,100.0
00841B,上櫃,29.97,29.97,100.0
00842B,上櫃,32.48,32.47,227.11
00844B,上櫃,32.71,32.69,81.0
00845B,上櫃,34.25,34.24,101.113
00846B,上櫃,36.86,36.85,101.203
00847B,上櫃,26.33,26.33,233.45
00848B,上櫃,35.25,35.24,205.045
00849B,上櫃,37.52,37.62,211.436
00853B,上櫃,28.29,28.29,763.177
00856B,上櫃,37.79,37.79,2.773
00857B,上櫃,23.72,23.68,4826.244
00858,上櫃,34.43,34.43,1295.918
00859B,上櫃,41.23,41.25,3436.741
00860B,上櫃,38.42,38.49,236.922
00862B,上櫃,32.26,32.27,751.375
00863B,上櫃,32.72,32.71,202.0
00864B,上櫃,46.45,46.55,1227.86
00867B,上櫃,31.97,31.97,80.0
00870B,上櫃,29.2,29.2,20.06
00877,上櫃,26.8,26.99,7501.372
00883B,上櫃,31.33,31.33,206.843
00884B,上櫃,30.35,30.36,215.662
00886,上櫃,37.93,37.93,11.583
00887,上櫃,12.91,13.1,15020.657
00888,上櫃,21.71,21.69,1356.65
00890B,上櫃,33.05,33.02,301.189
00928,上櫃,20.08,20.58,1035.537
00931B,上櫃,13.87,13.84,6859.728
00933B,上櫃,16.56,16.54,11214.681
00937B,上櫃,15.22,15.19,74494.834
00942B,上櫃,14.65,14.65,2325.008
00948B,上櫃,9.68,9.67,13814.562
00950B,上櫃,14.4,14.38,12917.105
00955,上櫃,13.85,14.03,6567.617
00957B,上櫃,13.85,13.86,971.498
00958B,上櫃,9.55,9.55,1207.384
00959B,上櫃,9.57,9.58,1788.144
00966B,上櫃,14.19,14.19,1906.882
00967B,上櫃,9.36,9.34,2221.073
00968B,上櫃,9.45,9.45,3971.78
00969B,上櫃,8.51,8.49,3007.12
00970B,上櫃,9.53,9.52,4668.011
009806,上櫃,12.23,12.21,466.537
009807,上櫃,13.18,13.11,285.002
00980B,上櫃,9.66,9.66,509.167
00980D,上櫃,20.95,20.94,2696.385
00980T,上櫃,10.94,10.88,1297.041
009814,上櫃,10.21,10.2,3832.546
00981B,上櫃,9.47,9.47,11091.868
00981D,上櫃,10.64,10.64,21722.618
00982B,上櫃,10.08,10.1,52.22
00983B,上櫃,16.15,16.13,987.714
00984B,上櫃,16.88,16.86,1747.329
00986B,上櫃,10.16,10.24,36.0
020001,上櫃,0.0,0.0,0.0
020025,上櫃,20.03,19.88,445.0
020027,上櫃,6.48,6.87,32.0
020033,上櫃,4.62,4.67,7.0
020035,上櫃,9.75,9.89,7.0
020040,上櫃,7.43,7.43,6.0
020041,上櫃,8.69,8.69,1.0
1240,上櫃,60.0,60.0,26.384
1259,上櫃,61.0,63.3,11.321
1264,上櫃,280.0,279.5,23.822
1268,上櫃,158.5,161.0,74.961
1294,上櫃,77.1,75.8,87.385
1295,上櫃,86.0,87.6,238.552
1336,上櫃,16.0,15.7,454.377
1565,上櫃,114.5,116.5,152.553
1569,上櫃,51.1,50.1,1275.261
1570,上櫃,29.65,30.2,146.055
1580,上櫃,133.0,133.0,65.443
1584,上櫃,23.2,23.65,1434.434
1586,上櫃,29.85,28.35,1897.303
1591,上櫃,50.8,50.8,115.19
1593,上櫃,31.7,30.5,79.349
1595,上櫃,39.9,39.7,163.261
1599,上櫃,28.25,28.15,23.884
1742,上櫃,16.4,16.0,107.616
1777,上櫃,72.4,72.6,79.076
1781,上櫃,11.35,12.35,210.646
1784,上櫃,109.0,113.0,1236.196
1785,上櫃,64.2,63.5,7796.673
1788,上櫃,136.5,137.0,18.142
1796,上櫃,46.6,47.1,17.567
1799,上櫃,33.2,33.75,83.715
1813,上櫃,13.8,14.2,52.692
1815,上櫃,88.5,87.2,42987.74
2035,上櫃,28.25,28.6,26.005
2061,上櫃,18.6,18.55,130.002
2063,上櫃,24.95,24.95,38.571
2064,上櫃,11.35,11.75,29.0
2065,上櫃,29.75,29.55,92.243
2066,上櫃,48.5,48.8,23.27
2067,上櫃,10.1,9.99,79.763
2070,上櫃,43.3,44.75,306.006
2073,上櫃,26.25,26.25,3.538
2221,上櫃,30.55,30.8,43.498
2230,上櫃,93.0,93.3,269.591
2235,上櫃,33.1,33.1,9.0
2596,上櫃,38.6,38.5,151.784
2640,上櫃,130.0,130.0,82.878
2641,上櫃,20.95,21.05,4165.952
2643,上櫃,73.6,72.8,48.568
2718,上櫃,51.3,51.5,50.08
2719,上櫃,30.0,29.6,26.399
2724,上櫃,20.25,21.0,3.001
2726,上櫃,12.7,12.65,40.095
2729,上櫃,175.0,174.5,49.392
2732,上櫃,68.4,69.4,24.45
2734,上櫃,18.3,18.6,94.274
2736,上櫃,14.65,14.55,43.34
2740,上櫃,28.65,29.0,14.471
2743,上櫃,82.0,81.2,95.849
2745,上櫃,110.5,107.5,286.153
2751,上櫃,61.8,61.6,24.106
2752,上櫃,207.0,206.0,37.468
2754,上櫃,85.5,84.0,16.204
2755,上櫃,118.0,119.5,16.124
2756,上櫃,78.0,80.1,154.407
2916,上櫃,48.75,47.4,271.39
2924,上櫃,20.0,20.0,1.0
2926,上櫃,38.9,40.15,29.07
2937,上櫃,43.9,43.9,11.142
2941,上櫃,42.35,42.4,2.004
2947,上櫃,81.9,82.1,12.108
2948,上櫃,37.4,37.5,13.059
2949,上櫃,0.0,0.0,0.0
3064,上櫃,46.85,46.85,1.339
3066,上櫃,14.0,13.75,41.502
3067,上櫃,18.8,18.75,4.0
3071,上櫃,23.2,24.15,699.241
3073,上櫃,30.8,30.8,56.477
3078,上櫃,66.0,64.5,4586.787
3081,上櫃,632.0,673.0,6989.556
3083,上櫃,34.7,35.5,188.594
3085,上櫃,12.9,12.85,21.001
3086,上櫃,206.5,203.5,133.061
3088,上櫃,81.3,81.8,668.606
3093,上櫃,25.1,25.05,124.714
3095,上櫃,32.3,29.3,287.084
3105,上櫃,220.0,233.0,54113.526
3114,上櫃,25.75,26.05,84.253
3115,上櫃,10.15,10.1,5.054
3118,上櫃,33.2,33.2,21.281
3122,上櫃,21.2,21.25,76.917
3128,上櫃,28.75,28.7,346.0
3131,上櫃,1855.0,1825.0,1294.198
3141,上櫃,49.35,50.2,441.57
3147,上櫃,160.5,156.5,671.071
3152,上櫃,143.5,155.5,1802.957
3158,上櫃,91.0,90.2,39.538
3162,上櫃,61.9,59.6,3108.003
3163,上櫃,365.5,358.5,961.596
3169,上櫃,95.8,96.2,135.242
3171,上櫃,48.35,48.25,55.91
3176,上櫃,32.25,31.9,125.853
3178,上櫃,59.6,60.5,215.061
3188,上櫃,29.85,29.4,216.072
3191,上櫃,17.8,17.9,43.568
3205,上櫃,51.5,51.7,158.444
3206,上櫃,32.0,31.8,27.052
3207,上櫃,81.2,83.3,4400.239
3211,上櫃,304.5,298.0,4154.039
3213,上櫃,104.0,105.0,365.069
3217,上櫃,160.5,161.0,740.277
3218,上櫃,149.0,149.5,242.214
3219,上櫃,71.0,72.6,967.942
3221,上櫃,22.75,22.8,590.835
3224,上櫃,46.6,46.95,74.592
3226,上櫃,42.6,43.9,64.773
3227,上櫃,208.0,209.5,878.552
3228,上櫃,122.5,126.5,258.071
3230,上櫃,35.35,34.7,424.777
3232,上櫃,23.35,23.85,48.208
3234,上櫃,44.4,44.75,648.501
3236,上櫃,31.85,31.35,10602.821
3252,上櫃,18.3,18.55,141.446
3259,上櫃,21.0,20.65,88.349
3260,上櫃,265.0,274.0,2988.894
3264,上櫃,126.5,131.0,6135.295
3265,上櫃,129.5,130.0,5445.052
3268,上櫃,16.8,17.1,91.108
3272,上櫃,19.6,19.8,17.231
3276,上櫃,15.5,16.0,262.269
3284,上櫃,20.15,20.0,239.649
3285,上櫃,28.5,28.4,21.19
3287,上櫃,29.15,29.15,75.936
3288,上櫃,17.25,16.3,24.231
3289,上櫃,120.5,123.0,2161.707
3290,上櫃,46.5,47.0,776.583
3293,上櫃,732.0,741.0,1261.421
3294,上櫃,40.2,39.25,1078.51
3297,上櫃,40.65,41.15,134.863
3303,上櫃,44.9,46.45,1516.98
3306,上櫃,48.05,49.2,442.233
3310,上櫃,80.6,78.9,73.289
3313,上櫃,14.55,14.6,3489.733
3317,上櫃,45.6,46.0,390.233
3322,上櫃,16.2,16.1,1160.147
3323,上櫃,39.8,39.5,1667.435
3324,上櫃,976.0,963.0,2374.703
3325,上櫃,16.5,16.65,489.726
3332,上櫃,56.2,57.3,28.372
3339,上櫃,26.2,27.4,998.678
3349,上櫃,30.5,31.3,481.94
3354,上櫃,27.2,28.75,847.971
3357,上櫃,161.5,160.0,1771.272
3360,上櫃,16.25,16.0,6329.103
3362,上櫃,94.3,103.0,2014.917
3363,上櫃,435.0,433.0,2770.013
3372,上櫃,23.4,23.15,3919.174
3373,上櫃,17.3,17.4,112.047
3374,上櫃,172.0,184.0,17014.268
3379,上櫃,50.0,49.8,236.557
3388,上櫃,61.7,61.8,66.063
3390,上櫃,24.15,24.4,363.168
3402,上櫃,140.5,139.5,2911.146
3426,上櫃,41.05,40.55,19.0
3430,上櫃,80.3,82.8,3104.885
3434,上櫃,30.8,30.4,111.212
3438,上櫃,53.8,53.4,142.973
3441,上櫃,37.75,37.8,178.081
3444,上櫃,73.9,74.3,151.86
3455,上櫃,110.5,121.5,6431.745
3465,上櫃,47.5,48.5,24.173
3466,上櫃,40.1,40.25,293.364
3467,上櫃,45.5,45.0,15.601
3479,上櫃,93.0,92.7,280.499
3483,上櫃,89.4,88.2,537.098
3484,上櫃,48.2,49.0,324.444
3489,上櫃,22.5,22.35,46.399
3490,上櫃,25.3,25.7,490.924
3491,上櫃,783.0,796.0,4024.819
3492,上櫃,26.0,25.95,136.472
3498,上櫃,54.4,54.3,2195.323
3499,上櫃,17.85,19.0,662.789
3508,上櫃,23.55,23.55,136.686
3511,上櫃,21.3,21.65,450.806
3512,上櫃,21.5,21.6,43.17
3516,上櫃,19.9,19.8,15.162
3520,上櫃,15.95,15.9,152.968
3521,上櫃,15.15,14.5,189.17
3522,上櫃,17.2,17.7,179.317
3523,上櫃,18.3,18.05,55.787
3526,上櫃,249.5,248.5,226.172
3527,上櫃,55.0,57.4,83.977
3529,上櫃,1680.0,1695.0,535.683
3531,上櫃,21.1,22.5,3.2
3537,上櫃,51.4,50.5,561.908
3540,上櫃,33.1,31.7,749.408
3541,上櫃,26.45,25.3,382.062
3546,上櫃,84.5,81.7,943.338
3548,上櫃,88.0,89.1,255.444
3551,上櫃,201.5,206.0,3580.469
3552,上櫃,60.1,60.4,133.652
3555,上櫃,85.8,85.9,329.923
3556,上櫃,37.3,37.2,83.38
3558,上櫃,128.0,134.5,742.259
3564,上櫃,47.8,48.2,84.112
3567,上櫃,25.35,25.5,77.186
3570,上櫃,165.5,165.5,63.971
3577,上櫃,62.0,62.5,146.451
3580,上櫃,69.0,70.7,2818.538
3581,上櫃,72.4,72.4,997.975
3587,上櫃,192.0,193.0,378.528
3594,上櫃,36.15,36.05,235.499
3597,上櫃,25.5,25.3,31.205
3609,上櫃,39.15,38.05,335.837
3611,上櫃,200.0,201.0,16.522
3615,上櫃,25.75,25.75,420.063
3623,上櫃,31.2,31.05,2738.95
3624,上櫃,61.2,60.5,8446.052
3625,上櫃,20.15,20.0,606.949
3628,上櫃,67.7,69.5,218.88
3629,上櫃,26.45,25.0,10.173
3630,上櫃,31.4,32.15,3425.567
3631,上櫃,23.35,23.4,81.0
3632,上櫃,9.3,9.3,8.856
3646,上櫃,24.25,24.8,80.241
3663,上櫃,56.4,57.9,3788.681
3664,上櫃,17.05,16.35,164.697
3666,上櫃,31.2,30.5,148.122
3672,上櫃,11.85,12.1,79.5
3675,上櫃,135.0,139.0,351.956
3680,上櫃,420.5,425.0,2699.092
3684,上櫃,58.4,60.4,120.16
3685,上櫃,39.0,40.0,565.195
3687,上櫃,82.5,83.5,196.65
3689,上櫃,124.0,125.5,4446.168
3691,上櫃,82.0,84.4,1343.235
3693,上櫃,352.0,378.0,4339.548
3707,上櫃,54.0,56.5,11056.929
3709,上櫃,62.9,63.8,3499.799
3710,上櫃,5.68,5.72,582.462
3713,上櫃,22.7,23.35,482.263
4102,上櫃,19.95,20.0,58.396
4105,上櫃,83.0,82.4,543.401
4107,上櫃,123.5,124.5,97.152
4109,上櫃,14.9,14.7,491.662
4111,上櫃,29.15,29.2,122.773
4113,上櫃,22.7,23.0,155.432
4114,上櫃,33.2,33.1,851.547
4116,上櫃,44.6,44.75,40.41
4120,上櫃,43.9,44.5,42.719
4121,上櫃,15.2,15.15,88.735
4123,上櫃,41.2,40.95,1084.937
4126,上櫃,83.3,82.4,67.147
4127,上櫃,30.0,30.0,49.865
4128,上櫃,20.4,20.35,2944.963
4129,上櫃,113.0,110.5,358.481
4130,上櫃,34.25,36.55,7430.333
4131,上櫃,41.75,41.25,119.741
4138,上櫃,59.9,60.8,46.553
4139,上櫃,25.4,24.8,5.003
4147,上櫃,61.5,61.4,746.934
4153,上櫃,35.1,34.9,27.353
4154,上櫃,0.0,0.0,0.0
4157,上櫃,15.35,14.65,10074.304
4160,上櫃,52.7,52.6,217.709
4161,上櫃,25.25,25.0,86.68
4162,上櫃,72.0,70.7,1186.634
4163,上櫃,93.0,93.5,11.888
4166,上櫃,27.5,27.35,115.036
4167,上櫃,20.25,19.85,5238.894
4168,上櫃,26.65,26.5,532.518
4171,上櫃,20.75,19.6,955.466
4173,上櫃,21.8,21.8,130.938
4174,上櫃,26.6,26.15,723.167
4175,上櫃,58.0,58.4,15.041
4183,上櫃,16.8,16.8,9.04
4188,上櫃,14.2,14.3,72.86
4192,上櫃,24.45,24.2,6.252
4198,上櫃,31.5,30.95,19.501
4205,上櫃,80.5,80.7,30.648
4207,上櫃,18.45,18.5,238.907
4303,上櫃,61.6,61.3,1012.191
4304,上櫃,32.5,32.45,28.232
4305,上櫃,41.85,41.85,7.177
4401,上櫃,16.5,16.35,35.646
4402,上櫃,20.0,20.2,41.068
4406,上櫃,0.0,0.0,0.0
4413,上櫃,18.3,18.3,40.1
4416,上櫃,30.6,30.1,60.151
4417,上櫃,51.4,52.2,96.302
4419,上櫃,46.9,46.9,1.003
4420,上櫃,50.3,50.4,69.438
4430,上櫃,17.4,17.35,8.933
4432,上櫃,16.6,16.8,28.486
4433,上櫃,22.0,22.0,150.453
4442,上櫃,58.8,59.4,23.287
4502,上櫃,16.05,15.9,25.009
4503,上櫃,40.8,40.5,320.337
4506,上櫃,116.5,116.5,181.536
4510,上櫃,40.3,40.65,432.079
4513,上櫃,17.3,16.85,300.046
4523,上櫃,28.05,27.95,200.801
4527,上櫃,40.0,40.8,105.941
4528,上櫃,16.8,16.75,16.091
4529,上櫃,3.48,3.42,100.001
4530,上櫃,27.5,27.5,10.42
4533,上櫃,22.3,22.65,1413.732
4534,上櫃,15.15,14.75,194.432
4535,上櫃,28.55,28.7,17.289
4538,上櫃,17.35,17.15,12.243
4541,上櫃,46.2,47.75,17962.076
4542,上櫃,105.0,101.5,2010.203
4543,上櫃,29.0,28.55,310.686
4549,上櫃,104.0,103.5,138.085
4550,上櫃,25.3,25.05,43.341
4554,上櫃,27.1,27.9,115.974
4556,上櫃,23.25,23.5,26.01
4558,上櫃,19.3,19.0,76.636
4561,上櫃,31.2,31.3,49.905
4563,上櫃,50.0,49.2,309.741
4568,上櫃,43.7,43.7,1.404
4577,上櫃,53.2,52.1,977.248
4580,上櫃,81.2,81.2,32.303
4584,上櫃,45.9,46.7,12.49
4609,上櫃,6.25,6.25,1.001
4702,上櫃,9.45,9.42,84.618
4706,上櫃,29.8,29.8,1.04
4707,上櫃,10.15,10.15,314.355
4711,上櫃,15.3,15.35,30.966
4714,上櫃,16.75,17.35,2137.182
4716,上櫃,15.8,15.95,281.452
4721,上櫃,68.3,68.6,402.989
4726,上櫃,36.5,33.9,504.671
4728,上櫃,393.0,393.5,74.179
4729,上櫃,23.8,23.7,692.654
4735,上櫃,32.05,32.15,10.576
4741,上櫃,23.0,22.55,320.971
4743,上櫃,70.0,69.0,12503.997
4744,上櫃,29.3,29.1,162.136
4745,上櫃,22.8,22.75,100.006
4747,上櫃,59.5,60.3,19.585
4749,上櫃,935.0,930.0,1580.688
4754,上櫃,38.5,38.55,30.22
4760,上櫃,173.5,174.5,357.328
4767,上櫃,25.75,26.05,15.004
4768,上櫃,425.0,416.0,3153.457
4772,上櫃,383.0,376.0,5034.928
4804,上櫃,7.0,7.4,46.017
4806,上櫃,9.93,10.4,18.052
4903,上櫃,36.85,37.9,2669.628
4905,上櫃,60.5,60.5,9.738
4907,上櫃,46.5,45.95,64.774
4908,上櫃,74.6,74.8,178.676
4909,上櫃,57.0,62.2,10641.091
4911,上櫃,43.0,42.35,8.899
4923,上櫃,28.2,27.7,72.726
4924,上櫃,10.9,11.15,44.0
4931,上櫃,172.5,157.5,12720.584
4933,上櫃,58.8,58.8,129.958
4939,上櫃,35.85,36.7,4306.857
4946,上櫃,102.0,104.5,35.45
4950,上櫃,18.0,18.5,42.717
4951,上櫃,63.8,64.6,89.183
4953,上櫃,138.5,135.5,680.189
4966,上櫃,646.0,623.0,1467.87
4971,上櫃,299.0,309.0,6134.562
4972,上櫃,18.05,18.05,14.691
4973,上櫃,49.5,49.0,14292.092
4974,上櫃,69.3,69.8,88.196
4979,上櫃,301.0,290.5,19520.106
4987,上櫃,81.1,81.0,808.619
4991,上櫃,222.5,233.0,1639.522
4995,上櫃,42.6,41.8,61.531
5009,上櫃,32.8,33.2,2924.62
5011,上櫃,10.3,10.2,215.846
5013,上櫃,29.55,29.8,25.276
5014,上櫃,11.35,11.15,762.616
5015,上櫃,27.3,27.9,20.527
5016,上櫃,25.6,25.55,4.4
5201,上櫃,44.4,45.65,201.004
5202,上櫃,16.0,16.25,302.175
5205,上櫃,32.45,32.45,1.204
5206,上櫃,32.6,32.0,74.891
5209,上櫃,181.0,178.0,141.314
5210,上櫃,22.5,22.4,75.25
5211,上櫃,26.55,26.95,36.343
5212,上櫃,56.1,55.5,90.114
5213,上櫃,26.5,25.9,1353.527
5220,上櫃,17.45,17.15,34.284
5223,上櫃,29.25,29.0,76.992
5227,上櫃,27.5,27.2,357.287
5228,上櫃,23.3,24.25,2158.709
5230,上櫃,17.85,18.3,152.334
5236,上櫃,118.5,119.5,316.339
5245,上櫃,27.1,27.25,233.847
5251,上櫃,34.45,34.65,192.887
5263,上櫃,119.5,120.5,1337.738
5272,上櫃,19.4,19.8,118.404
5274,上櫃,7880.0,8055.0,388.433
5276,上櫃,15.7,16.2,29.027
5278,上櫃,30.2,30.45,247.539
5287,上櫃,168.5,167.0,130.242
5289,上櫃,633.0,627.0,3550.623
5291,上櫃,40.4,40.7,1831.46
5299,上櫃,70.9,70.9,30.547
5301,上櫃,11.05,11.05,32.171
5302,上櫃,11.7,12.4,5658.816
5309,上櫃,66.1,66.6,4604.079
5310,上櫃,28.0,27.55,41.218
5312,上櫃,101.5,101.0,65.682
5314,上櫃,98.8,100.0,8933.355
5315,上櫃,23.65,23.55,583.886
5321,上櫃,35.8,35.25,153.363
5324,上櫃,10.7,10.6,150.02
5328,上櫃,21.2,21.2,5899.39
5340,上櫃,70.9,69.9,8091.799
5344,上櫃,14.5,14.9,56.574
5345,上櫃,25.0,25.2,18.389
5347,上櫃,114.0,119.0,69401.002
5348,上櫃,17.1,17.05,16.178
5351,上櫃,62.0,62.0,5858.542
5353,上櫃,26.7,26.45,86.479
5355,上櫃,6.65,6.75,57.406
5356,上櫃,24.8,24.8,46.854
5364,上櫃,14.0,13.85,90.801
5371,上櫃,86.4,88.9,14526.358
5381,上櫃,25.45,25.6,1960.661
5386,上櫃,83.5,82.6,789.037
5392,上櫃,47.0,47.3,1436.243
5398,上櫃,23.1,23.05,306.3
5403,上櫃,116.0,115.5,61.36
5410,上櫃,30.6,30.7,221.854
5425,上櫃,59.9,59.9,4130.868
5426,上櫃,19.45,19.3,531.521
5432,上櫃,172.0,169.0,197.082
5438,上櫃,22.5,23.3,614.972
5439,上櫃,299.0,320.0,5462.311
5443,上櫃,97.4,97.6,3888.201
5450,上櫃,14.5,14.15,116.619
5452,上櫃,28.6,27.8,2419.084
5455,上櫃,29.3,29.45,10.499
5457,上櫃,39.95,39.25,713.495
5460,上櫃,15.05,15.0,95.49
5464,上櫃,26.1,26.3,16.06
5465,上櫃,29.75,31.0,935.742
5468,上櫃,19.2,19.0,312.776
5474,上櫃,161.5,161.5,162.642
5475,上櫃,91.0,89.0,3821.646
5478,上櫃,100.0,101.0,265.239
5481,上櫃,23.35,22.8,750.08
5483,上櫃,116.5,119.5,10557.935
5487,上櫃,29.3,29.4,68.11
5488,上櫃,9.8,9.73,419.668
5489,上櫃,40.65,41.05,61.801
5490,上櫃,26.55,26.95,181.226
5493,上櫃,92.2,92.8,228.131
5498,上櫃,52.8,53.8,5749.442
5508,上櫃,61.8,60.6,960.369
5511,上櫃,68.5,68.3,652.329
5512,上櫃,8.0,7.99,575.036
5514,上櫃,0.0,0.0,0.088
5516,上櫃,14.25,15.25,371.847
5520,上櫃,89.5,89.5,3.155
5523,上櫃,30.1,30.25,95.171
5529,上櫃,28.85,29.7,104.68
5530,上櫃,47.2,47.5,153.475
5536,上櫃,796.0,791.0,3203.844
5543,上櫃,35.0,35.4,162.16
5548,上櫃,24.25,24.05,34.254
5601,上櫃,36.9,36.9,7.007
5603,上櫃,18.95,18.8,116.894
5604,上櫃,37.1,37.2,10.058
5609,上櫃,80.1,80.2,105.754
5701,上櫃,3.97,3.95,98.382
5703,上櫃,14.65,14.65,2.065
5704,上櫃,26.25,26.35,15.336
5864,上櫃,17.8,17.5,2174.545
5878,上櫃,41.2,40.9,16.312
5902,上櫃,41.3,41.6,117.59
5903,上櫃,191.0,190.5,105.3
5904,上櫃,438.5,440.0,72.74
5905,上櫃,8.95,8.98,833.115
6015,上櫃,12.6,12.3,3204.222
6016,上櫃,15.45,15.05,10327.971
6020,上櫃,19.65,19.4,19.002
6021,上櫃,27.65,27.5,288.29
6023,上櫃,96.3,96.4,116.074
6026,上櫃,14.3,14.05,1953.818
6101,上櫃,36.55,36.5,30.164
6103,上櫃,0.0,0.0,0.1
6104,上櫃,103.5,108.5,11842.149
6109,上櫃,11.8,11.75,96.243
6111,上櫃,47.45,49.35,746.987
6113,上櫃,24.2,23.15,4565.794
6114,上櫃,30.8,30.6,79.251
6118,上櫃,18.85,19.4,349.957
6121,上櫃,365.5,361.0,665.013
6122,上櫃,53.6,53.3,461.307
6123,上櫃,46.05,45.85,113.54
6124,上櫃,28.35,28.0,61.96
6125,上櫃,70.7,70.8,1418.075
6126,上櫃,35.0,35.6,6154.916
6127,上櫃,38.3,38.0,9729.744
6129,上櫃,14.6,14.9,469.986
6130,上櫃,45.2,43.05,345.224
6134,上櫃,28.35,29.5,4159.629
6138,上櫃,217.0,222.5,273.012
6140,上櫃,25.45,25.35,231.82
6143,上櫃,111.0,111.5,675.076
6144,上櫃,19.1,18.55,26.016
6146,上櫃,168.5,168.5,558.82
6147,上櫃,54.7,55.3,4233.196
6148,上櫃,38.6,39.1,158.279
6150,上櫃,67.0,65.9,200.839
6151,上櫃,30.7,31.0,303.483
6154,上櫃,14.25,13.4,405.772
6156,上櫃,22.45,22.7,907.023
6158,上櫃,21.65,21.55,45.956
6160,上櫃,17.3,17.3,60.887
6161,上櫃,45.45,44.25,714.147
6163,上櫃,62.7,65.6,23979.983
6167,上櫃,12.7,12.95,1084.069
6169,上櫃,19.35,19.25,17.129
6170,上櫃,49.45,49.8,295.75
6171,上櫃,28.15,28.1,31.136
6173,上櫃,66.4,67.2,6880.949
6174,上櫃,21.1,20.95,52.035
6175,上櫃,53.6,53.4,2922.192
6179,上櫃,30.0,31.8,3951.871
6180,上櫃,50.2,52.4,960.042
6182,上櫃,33.6,35.85,25401.594
6185,上櫃,14.95,14.9,80.229
6186,上櫃,51.9,50.7,1051.383
6187,上櫃,380.0,380.0,2642.326
6188,上櫃,115.5,114.5,3129.717
6190,上櫃,48.5,49.9,29230.482
6194,上櫃,34.4,34.15,98.337
6195,上櫃,25.45,25.35,48.77
6198,上櫃,27.1,27.05,55.267
6199,上櫃,107.5,115.0,1350.746
6203,上櫃,69.3,68.6,407.167
6204,上櫃,80.0,83.1,408.11
6207,上櫃,49.55,50.5,1271.869
6208,上櫃,45.4,45.05,58.682
6210,上櫃,20.9,20.9,86.62
6212,上櫃,40.3,40.0,10.01
6217,上櫃,51.3,52.4,6168.743
6218,上櫃,24.75,25.15,484.991
6219,上櫃,20.85,19.2,946.306
6220,上櫃,25.55,25.35,115.417
6221,上櫃,29.0,28.75,510.762
6222,上櫃,18.85,18.9,103.454
6223,上櫃,2305.0,2200.0,2078.461
6227,上櫃,85.1,87.8,971.728
6228,上櫃,26.3,26.45,27.45
6229,上櫃,22.55,23.9,640.106
6231,上櫃,218.5,212.0,547.573
6233,上櫃,23.4,23.8,445.427
6234,上櫃,28.45,28.35,1495.085
6236,上櫃,19.4,21.55,2.168
6237,上櫃,42.0,40.8,270.46
6240,上櫃,19.55,18.95,280.41
6241,上櫃,13.5,13.95,259.184
6242,上櫃,38.4,39.25,18.432
6244,上櫃,21.6,22.35,16826.727
6245,上櫃,67.0,68.0,473.837
6246,上櫃,13.25,13.5,111.422
6248,上櫃,21.15,21.25,215.267
6259,上櫃,18.25,17.65,163.152
6261,上櫃,72.7,71.5,837.489
6263,上櫃,130.5,129.5,64.457
6264,上櫃,7.14,7.1,71.25
6265,上櫃,37.95,37.95,2247.642
6266,上櫃,29.85,29.5,267.919
6270,上櫃,25.1,25.75,1884.471
6274,上櫃,475.0,475.5,4979.861
6275,上櫃,52.1,51.0,1543.691
6276,上櫃,39.7,39.2,38.973
6279,上櫃,124.5,123.0,414.989
6284,上櫃,83.2,82.7,914.513
6290,上櫃,169.5,167.5,5091.924
6291,上櫃,183.0,185.0,350.944
6292,上櫃,40.5,40.65,49.936
6294,上櫃,45.4,45.1,81.558
6411,上櫃,74.5,75.2,300.231
6417,上櫃,109.5,109.0,122.543
6418,上櫃,41.8,42.65,360.89
6419,上櫃,85.5,83.6,486.988
6425,上櫃,83.8,81.7,467.409
6432,上櫃,33.65,34.15,380.746
6435,上櫃,118.0,117.0,196.408
6441,上櫃,21.55,21.95,42.769
6461,上櫃,20.1,20.05,945.616
6462,上櫃,118.5,117.5,856.765
6465,上櫃,38.4,41.45,1695.189
6469,上櫃,91.0,92.2,443.173
6470,上櫃,41.65,40.95,384.381
6474,上櫃,35.5,36.95,178.523
6482,上櫃,39.0,39.2,8.903
6485,上櫃,101.5,100.5,6688.913
6486,上櫃,83.8,84.6,352.636
6488,上櫃,441.0,472.0,9197.455
6492,上櫃,43.7,43.3,149.76
6494,上櫃,35.35,35.1,56.168
6496,上櫃,29.0,29.6,43.526
6498,上櫃,87.4,88.9,25.625
6499,上櫃,94.2,94.2,441.436
6506,上櫃,15.7,15.65,53.649
6508,上櫃,23.65,23.5,35.02
6509,上櫃,32.9,33.5,373.913
6510,上櫃,2230.0,2175.0,519.374
6512,上櫃,20.4,20.25,23.04
6516,上櫃,66.3,65.2,240.785
6517,上櫃,63.5,70.9,2174.574
6523,上櫃,117.5,118.0,17.681
6527,上櫃,78.5,78.6,15.433
6530,上櫃,59.0,59.2,201.914
6532,上櫃,56.0,57.4,100.377
6535,上櫃,186.0,182.5,192.959
6538,上櫃,64.3,66.7,101.948
6542,上櫃,49.0,47.95,8.068
6546,上櫃,62.3,63.7,412.641
6547,上櫃,37.05,36.65,706.567
6548,上櫃,47.55,48.45,10087.922
6556,上櫃,70.9,70.5,4.295
6560,上櫃,41.7,42.0,117.112
6561,上櫃,355.5,353.0,108.565
6568,上櫃,131.0,138.0,2096.894
6569,上櫃,109.0,112.0,43.072
6570,上櫃,38.55,39.4,162.46
6574,上櫃,66.5,66.5,2.595
6576,上櫃,79.5,80.4,209.754
6577,上櫃,69.2,70.1,34.171
6578,上櫃,20.0,19.85,122.743
6584,上櫃,320.0,320.0,624.193
6588,上櫃,48.1,49.75,587.201
6590,上櫃,73.5,72.6,33.004
6593,上櫃,37.15,37.5,57.397
6596,上櫃,143.0,142.5,376.354
6597,上櫃,54.2,53.2,32.096
6603,上櫃,33.8,34.35,26533.065
6609,上櫃,36.85,37.1,153.713
6612,上櫃,73.3,75.0,52.256
6613,上櫃,195.0,192.5,529.228
6615,上櫃,30.0,30.6,8.015
6616,上櫃,10.5,10.45,94.322
6617,上櫃,79.9,81.4,216.568
6620,上櫃,85.5,85.6,275.191
6624,上櫃,59.2,60.1,169.457
6629,上櫃,118.0,118.0,403.56
6637,上櫃,82.1,80.6,62.875
6640,上櫃,790.0,805.0,1340.94
6642,上櫃,52.7,52.8,74.49
6643,上櫃,434.5,435.0,685.193
6649,上櫃,47.6,47.65,54.314
6651,上櫃,79.3,80.3,61.262
6654,上櫃,87.0,88.2,64.319
6661,上櫃,18.75,18.7,11.0
6662,上櫃,30.1,31.0,8.254
6664,上櫃,301.5,295.0,600.775
6667,上櫃,264.0,267.0,1560.543
6679,上櫃,173.5,177.0,130.666
6680,上櫃,60.2,62.0,13.071
6683,上櫃,397.0,391.5,388.035
6684,上櫃,49.0,50.2,325.247
6690,上櫃,170.0,168.0,64.986
6692,上櫃,33.0,30.75,216.126
6693,上櫃,81.6,83.1,363.342
6697,上櫃,46.5,46.65,21.047
6703,上櫃,105.5,105.0,48.7
6708,上櫃,41.2,41.5,20.099
6712,上櫃,161.5,161.5,153.519
6716,上櫃,47.05,47.4,27.958
6720,上櫃,119.0,118.0,127.201
6721,上櫃,61.0,61.0,5.413
6725,上櫃,244.5,255.0,767.895
6727,上櫃,175.5,180.0,571.006
6728,上櫃,140.0,140.5,68.762
6730,上櫃,36.75,35.8,45.082
6732,上櫃,177.0,175.0,125.577
6733,上櫃,38.5,38.5,207.173
6735,上櫃,54.1,56.0,248.763
6739,上櫃,722.0,713.0,169.598
6741,上櫃,73.3,72.3,352.488
6751,上櫃,54.9,54.6,32.237
6752,上櫃,124.0,123.0,44.702
6761,上櫃,135.5,137.0,336.41
6762,上櫃,187.0,175.0,11.068
6763,上櫃,57.5,56.7,665.661
6767,上櫃,27.05,27.7,13.031
6785,上櫃,286.0,279.5,117.515
6788,上櫃,354.0,353.5,2311.152
6791,上櫃,110.0,113.5,99.792
6803,上櫃,303.5,305.0,203.941
6804,上櫃,16.85,16.85,22.09
6811,上櫃,211.5,213.0,95.019
6821,上櫃,36.6,36.15,13.302
6823,上櫃,72.0,73.5,94.982
6829,上櫃,117.0,115.5,1010.081
6840,上櫃,61.7,61.6,83.137
6841,上櫃,67.4,68.6,447.56
6843,上櫃,52.0,52.2,120.644
6844,上櫃,71.7,73.0,6.127
6846,上櫃,75.4,74.6,10.503
6855,上櫃,109.0,110.0,6.295
6856,上櫃,55.5,55.2,2.0
6859,上櫃,112.0,113.5,36.954
6865,上櫃,49.15,49.15,1.206
6870,上櫃,233.0,219.5,112.704
6872,上櫃,20.05,20.6,152.669
6874,上櫃,67.4,67.6,38.82
6875,上櫃,50.1,50.0,278.877
6877,上櫃,89.8,87.4,195.767
6881,上櫃,229.0,229.0,11.141
6884,上櫃,37.6,37.3,56.103
6894,上櫃,224.0,236.0,244.379
6895,上櫃,198.0,189.5,237.682
6899,上櫃,54.2,53.3,4.192
6903,上櫃,245.0,251.5,2426.992
6904,上櫃,0.0,0.0,0.001
6910,上櫃,35.5,35.35,182.617
6913,上櫃,117.5,118.0,198.106
6922,上櫃,161.5,161.5,31.644
6925,上櫃,87.5,89.5,68.374
6929,上櫃,31.25,31.2,3.0
6953,上櫃,257.0,260.0,421.399
6967,上櫃,77.5,74.2,604.636
6968,上櫃,53.7,54.4,27.667
6971,上櫃,29.2,29.9,49.722
6982,上櫃,68.0,66.4,108.552
6996,上櫃,161.0,159.5,213.566
6997,上櫃,88.9,89.9,4.0
700001,上櫃,5.3,5.3,20.0
700002,上櫃,0.0,0.0,0.0
700003,上櫃,4.3,4.5,22.0
700004,上櫃,0.06,0.06,3.0
700005,上櫃,0.0,0.0,0.0
700006,上櫃,0.12,0.13,124.0
700007,上櫃,0.31,0.32,494.0
700008,上櫃,1.06,0.99,349.0
700009,上櫃,0.53,0.53,45.0
700010,上櫃,0.57,0.57,474.0
700011,上櫃,1.17,1.08,117.0
700012,上櫃,0.12,0.12,691.0
700013,上櫃,1.44,1.35,68.0
700014,上櫃,0.58,0.53,700.0
700015,上櫃,0.0,0.0,0.0
700016,上櫃,0.92,1.13,3093.0
700017,上櫃,0.58,0.52,1556.0
700018,上櫃,1.06,1.06,21.0
700019,上櫃,0.4,0.42,111.0
700020,上櫃,0.0,0.0,0.0
700021,上櫃,0.0,0.0,0.0
700022,上櫃,1.13,1.06,1245.0
700023,上櫃,0.57,0.57,300.0
700024,上櫃,0.52,0.51,94.0
700025,上櫃,0.56,0.52,199.0
700026,上櫃,0.24,0.23,1771.0
700027,上櫃,0.66,0.64,208.0
700028,上櫃,0.6,0.57,376.0
700029,上櫃,0.33,0.33,43.0
700030,上櫃,0.24,0.24,1.0
700031,上櫃,3.41,3.41,1.0
700032,上櫃,3.52,2.93,15.0
700033,上櫃,0.0,0.0,0.0
700034,上櫃,0.0,0.0,0.0
700035,上櫃,0.0,0.0,0.0
700036,上櫃,0.0,0.0,0.0
700037,上櫃,0.93,0.93,14.0
700038,上櫃,1.0,1.0,20.0
700039,上櫃,0.34,0.34,196.0
700040,上櫃,0.19,0.19,1.0
700041,上櫃,0.88,0.93,200.0
700042,上櫃,0.73,0.73,5.0
700043,上櫃,0.96,0.9,458.0
700044,上櫃,8.5,8.5,30.0
700045,上櫃,0.0,0.0,0.0
700046,上櫃,1.24,1.19,15.0
700047,上櫃,0.85,0.86,23.0
700048,上櫃,2.25,1.8,22.0
700049,上櫃,2.04,2.29,9.0
700050,上櫃,0.0,0.0,0.0
700051,上櫃,0.73,0.69,50.0
700052,上櫃,0.0,0.0,0.0
700053,上櫃,0.52,0.52,33.0
700054,上櫃,2.07,1.99,93.0
700055,上櫃,0.0,0.0,0.0
700056,上櫃,1.06,1.06,5.0
700057,上櫃,0.81,0.9,54.0
700058,上櫃,2.14,2.02,39.0
700059,上櫃,0.14,0.14,7.0
700060,上櫃,0.0,0.0,0.0
700061,上櫃,5.55,5.55,18.0
700062,上櫃,0.45,0.45,10.0
700063,上櫃,0.0,0.0,0.0
700064,上櫃,0.13,0.13,75.0
700065,上櫃,0.47,0.48,30.0
700066,上櫃,0.92,0.97,965.0
700067,上櫃,1.24,1.26,173.0
700068,上櫃,0.0,0.0,0.0
700069,上櫃,0.33,0.31,164.0
70006C,上櫃,0.0,0.0,0.0
700070,上櫃,0.0,0.0,0.0
700071,上櫃,0.0,0.0,0.0
700072,上櫃,0.0,0.0,0.0
700073,上櫃,0.6,0.63,172.0
700074,上櫃,0.0,0.0,0.0
700075,上櫃,0.42,0.45,106.0
700076,上櫃,3.01,2.4,44.0
700077,上櫃,2.08,2.0,17.0
700078,上櫃,18.4,18.4,1.0
700079,上櫃,0.0,0.0,0.0
700080,上櫃,1.08,1.1,235.0
700081,上櫃,0.0,0.0,0.0
700082,上櫃,0.5,0.49,40.0
700083,上櫃,1.85,2.01,245.0
700084,上櫃,0.0,0.0,0.0
700085,上櫃,0.0,0.0,0.0
700086,上櫃,1.19,1.12,42.0
700087,上櫃,0.0,0.0,0.0
700088,上櫃,0.0,0.0,0.0
700089,上櫃,0.76,0.75,400.0
700090,上櫃,2.77,2.69,32.0
700091,上櫃,1.2,1.07,36.0
700092,上櫃,0.0,0.0,0.0
700093,上櫃,0.0,0.0,0.0
700094,上櫃,1.48,1.5,56.0
700095,上櫃,0.0,0.0,0.0
700096,上櫃,0.0,0.0,0.0
700097,上櫃,0.54,0.57,2.0
700098,上櫃,0.33,0.38,136.0
700099,上櫃,0.29,0.27,201.0
700100,上櫃,0.0,0.0,0.0
700101,上櫃,1.49,1.4,22.0
700102,上櫃,1.43,1.32,26.0
700103,上櫃,0.52,0.55,111.0
700104,上櫃,0.34,0.34,160.0
700105,上櫃,5.5,5.5,2.0
700106,上櫃,0.0,0.0,0.0
700107,上櫃,0.59,0.59,42.0
700108,上櫃,0.33,0.33,241.0
700109,上櫃,0.48,0.47,190.0
700110,上櫃,0.8,0.83,46.0
700111,上櫃,0.86,0.96,45.0
700112,上櫃,1.08,1.08,5.0
700113,上櫃,1.2,1.18,444.0
700114,上櫃,0.49,0.46,160.0
700115,上櫃,0.69,0.61,560.0
700116,上櫃,0.0,0.0,0.0
700117,上櫃,0.0,0.0,0.0
700118,上櫃,2.3,2.41,50.0
700119,上櫃,0.0,0.0,0.0
700120,上櫃,0.0,0.0,0.0
700121,上櫃,0.29,0.31,616.0
700122,上櫃,0.24,0.24,80.0
700123,上櫃,0.0,0.0,0.0
700124,上櫃,9.0,10.6,6.0
700125,上櫃,0.0,0.0,0.0
700126,上櫃,4.7,5.1,8.0
700127,上櫃,0.0,0.0,0.0
700128,上櫃,1.16,1.08,40.0
700129,上櫃,0.42,0.4,131.0
700130,上櫃,1.16,1.15,46.0
700131,上櫃,0.33,0.33,40.0
700132,上櫃,1.0,0.98,115.0
700133,上櫃,0.0,0.0,0.0
700134,上櫃,1.58,1.49,62.0
700135,上櫃,0.0,0.0,0.0
700136,上櫃,1.93,1.57,15.0
700137,上櫃,1.75,1.73,548.0
700138,上櫃,1.9,1.88,2.0
700139,上櫃,0.79,0.7,13.0
700140,上櫃,0.0,0.0,0.0
700141,上櫃,0.0,0.0,0.0
700142,上櫃,0.57,0.55,202.0
700143,上櫃,1.68,1.7,25.0
700144,上櫃,0.71,0.71,1.0
700145,上櫃,8.4,8.6,22.0
700146,上櫃,0.0,0.0,0.0
700147,上櫃,0.0,0.0,0.0
700148,上櫃,1.09,1.09,60.0
700149,上櫃,1.37,1.37,34.0
700150,上櫃,1.2,1.12,9.0
700151,上櫃,3.26,3.26,3.0
700152,上櫃,0.81,0.83,110.0
700153,上櫃,0.34,0.33,399.0
700154,上櫃,0.48,0.46,80.0
700155,上櫃,0.49,0.52,565.0
700156,上櫃,0.0,0.0,0.0
700157,上櫃,0.0,0.0,0.0
700158,上櫃,4.02,4.36,87.0
700159,上櫃,4.38,4.86,48.0
700160,上櫃,0.0,0.0,0.0
700161,上櫃,0.0,0.0,0.0
700162,上櫃,0.0,0.0,0.0
700163,上櫃,4.97,4.97,10.0
700164,上櫃,3.96,4.1,17.0
700165,上櫃,0.0,0.0,0.0
700166,上櫃,0.3,0.3,250.0
700167,上櫃,0.58,0.64,10.0
700168,上櫃,0.91,0.93,10.0
700169,上櫃,1.21,1.21,24.0
700170,上櫃,0.48,0.48,3.0
700171,上櫃,0.0,0.0,0.0
700172,上櫃,2.45,2.4,139.0
700173,上櫃,2.27,2.25,159.0
700174,上櫃,0.51,0.49,72.0
700175,上櫃,0.37,0.35,10.0
700176,上櫃,0.0,0.0,0.0
700177,上櫃,0.0,0.0,0.0
700178,上櫃,0.0,0.0,0.0
700179,上櫃,2.1,1.79,329.0
700180,上櫃,0.0,0.0,0.0
700181,上櫃,1.74,1.87,810.0
700182,上櫃,1.11,1.18,316.0
700183,上櫃,0.0,0.0,0.0
700184,上櫃,0.49,0.46,10.0
700185,上櫃,0.26,0.26,100.0
700186,上櫃,0.39,0.39,17.0
700187,上櫃,0.43,0.49,451.0
700188,上櫃,0.51,0.51,1.0
700189,上櫃,0.0,0.0,0.0
700190,上櫃,1.45,1.51,166.0
700191,上櫃,0.34,0.36,521.0
700192,上櫃,0.0,0.0,0.0
700193,上櫃,0.57,0.57,5.0
700194,上櫃,0.0,0.0,0.0
700195,上櫃,0.95,0.96,879.0
700196,上櫃,0.0,0.0,0.0
700197,上櫃,0.0,0.0,0.0
700198,上櫃,0.42,0.42,21.0
700199,上櫃,1.3,1.28,618.0
700200,上櫃,0.56,0.55,274.0
700201,上櫃,0.0,0.0,0.0
700202,上櫃,0.34,0.35,230.0
700203,上櫃,0.0,0.0,0.0
700204,上櫃,0.74,0.74,57.0
700205,上櫃,0.66,0.64,111.0
700206,上櫃,0.0,0.0,0.0
700207,上櫃,0.77,0.77,10.0
700208,上櫃,0.0,0.0,0.0
700209,上櫃,2.4,2.4,1.0
700210,上櫃,0.29,0.29,30.0
700211,上櫃,0.0,0.0,0.0
700212,上櫃,0.36,0.38,210.0
700213,上櫃,5.45,5.45,4.0
700214,上櫃,2.52,2.65,73.0
700215,上櫃,0.37,0.35,30.0
700216,上櫃,3.66,4.38,23.0
700217,上櫃,2.93,4.2,393.0
700218,上櫃,0.6,0.51,309.0
700219,上櫃,0.79,0.79,80.0
700220,上櫃,0.33,0.33,3.0
700221,上櫃,0.0,0.0,0.0
700222,上櫃,0.0,0.0,0.0
700223,上櫃,0.0,0.0,0.0
700224,上櫃,0.0,0.0,0.0
700225,上櫃,7.0,7.05,9.0
700226,上櫃,0.23,0.23,25.0
700227,上櫃,0.0,0.0,0.0
700228,上櫃,0.28,0.27,218.0
700229,上櫃,9.75,9.9,3.0
700230,上櫃,1.97,1.75,150.0
700231,上櫃,2.12,1.85,112.0
700232,上櫃,0.0,0.0,0.0
700233,上櫃,0.0,0.0,0.0
700234,上櫃,1.53,1.61,62.0
700235,上櫃,1.41,1.41,3.0
700236,上櫃,1.6,1.62,14.0
700237,上櫃,1.97,1.93,9.0
700238,上櫃,0.0,0.0,0.0
700239,上櫃,0.12,0.12,80.0
700240,上櫃,0.35,0.35,310.0
700241,上櫃,0.32,0.32,496.0
700242,上櫃,0.42,0.44,255.0
700243,上櫃,1.51,1.54,316.0
700244,上櫃,1.07,0.65,477.0
700245,上櫃,0.33,0.3,871.0
700246,上櫃,2.43,2.3,43.0
700247,上櫃,0.0,0.0,0.0
700248,上櫃,0.0,0.0,0.0
700249,上櫃,0.6,0.59,219.0
700250,上櫃,0.15,0.19,3318.0
700251,上櫃,1.44,1.33,107.0
700252,上櫃,0.0,0.0,0.0
700253,上櫃,1.71,1.47,1090.0
700254,上櫃,0.61,0.64,556.0
700255,上櫃,0.9,0.87,269.0
700256,上櫃,0.0,0.0,0.0
700257,上櫃,0.0,0.0,0.0
700258,上櫃,0.0,0.0,0.0
700259,上櫃,1.13,1.25,6.0
700260,上櫃,0.0,0.0,0.0
700261,上櫃,1.54,1.55,31.0
700262,上櫃,0.0,0.0,0.0
700263,上櫃,1.15,1.08,360.0
700264,上櫃,0.0,0.0,0.0
700265,上櫃,1.11,1.19,371.0
700266,上櫃,1.17,1.11,93.0
700267,上櫃,0.96,0.96,137.0
700268,上櫃,0.0,0.0,0.0
700269,上櫃,0.7,0.7,30.0
700270,上櫃,0.33,0.42,626.0
700271,上櫃,0.0,0.0,0.0
700272,上櫃,0.56,0.52,735.0
700273,上櫃,0.0,0.0,0.0
700274,上櫃,0.0,0.0,0.0
700275,上櫃,0.0,0.0,0.0
700276,上櫃,0.0,0.0,0.0
700277,上櫃,1.16,1.15,298.0
700278,上櫃,0.0,0.0,0.0
700279,上櫃,2.08,2.03,66.0
700280,上櫃,0.0,0.0,0.0
700281,上櫃,2.69,2.69,50.0
700282,上櫃,0.0,0.0,0.0
700283,上櫃,0.0,0.0,0.0
700284,上櫃,2.61,2.52,121.0
700285,上櫃,0.27,0.25,40.0
700286,上櫃,0.0,0.0,0.0
700287,上櫃,3.48,4.6,40.0
700288,上櫃,0.0,0.0,0.0
700289,上櫃,12.1,12.1,1.0
700290,上櫃,13.7,13.6,10.0
700291,上櫃,0.0,0.0,0.0
700292,上櫃,5.1,5.3,51.0
700293,上櫃,0.0,0.0,0.0
700294,上櫃,0.0,0.0,0.0
700295,上櫃,0.0,0.0,0.0
700296,上櫃,3.74,3.79,5.0
700297,上櫃,2.28,2.98,34.0
700298,上櫃,0.38,0.34,444.0
700299,上櫃,0.0,0.0,0.0
700300,上櫃,1.34,1.3,103.0
700301,上櫃,0.0,0.0,0.0
700302,上櫃,3.39,4.29,32.0
700303,上櫃,3.49,3.17,43.0
700304,上櫃,0.0,0.0,0.0
700305,上櫃,0.47,0.42,110.0
700306,上櫃,0.35,0.35,50.0
700307,上櫃,0.0,0.0,0.0
700308,上櫃,1.01,1.04,55.0
700309,上櫃,0.0,0.0,0.0
700310,上櫃,0.0,0.0,0.0
700311,上櫃,2.91,2.91,4.0
700312,上櫃,0.0,0.0,0.0
700313,上櫃,0.0,0.0,0.0
700314,上櫃,1.2,1.3,181.0
700315,上櫃,1.46,1.65,328.0
700316,上櫃,1.8,1.84,58.0
700317,上櫃,1.63,1.52,3.0
700318,上櫃,0.4,0.38,50.0
700319,上櫃,0.0,0.0,0.0
700320,上櫃,8.7,8.7,1.0
700321,上櫃,8.6,8.6,1.0
700322,上櫃,0.33,0.29,13.0
700323,上櫃,0.37,0.37,100.0
700324,上櫃,0.0,0.0,0.0
700325,上櫃,0.41,0.41,75.0
700326,上櫃,0.0,0.0,0.0
700327,上櫃,0.37,0.36,58.0
700328,上櫃,0.0,0.0,0.0
700329,上櫃,3.41,3.08,140.0
700330,上櫃,2.88,2.55,83.0
700331,上櫃,0.51,0.51,20.0
700332,上櫃,0.35,0.35,80.0
700333,上櫃,0.0,0.0,0.0
700334,上櫃,0.0,0.0,0.0
700335,上櫃,0.0,0.0,0.0
700336,上櫃,0.0,0.0,0.0
700337,上櫃,0.0,0.0,0.0
700338,上櫃,0.0,0.0,0.0
700339,上櫃,2.47,2.47,20.0
700340,上櫃,0.53,0.53,3.0
700341,上櫃,0.0,0.0,0.0
700342,上櫃,0.0,0.0,0.0
700343,上櫃,0.38,0.38,323.0
700344,上櫃,0.44,0.44,1.0
700345,上櫃,0.78,0.75,24.0
700346,上櫃,0.8,0.8,2.0
700347,上櫃,0.45,0.46,100.0
700348,上櫃,0.0,0.0,0.0
700349,上櫃,0.42,0.42,1.0
700350,上櫃,0.0,0.0,0.0
700351,上櫃,1.31,1.31,1.0
700352,上櫃,0.67,0.64,20.0
700353,上櫃,0.58,0.58,20.0
700354,上櫃,0.0,0.0,0.0
700355,上櫃,0.0,0.0,0.0
700356,上櫃,0.86,0.86,18.0
700357,上櫃,0.0,0.0,0.0
700358,上櫃,0.0,0.0,0.0
700359,上櫃,0.39,0.4,3.0
700360,上櫃,1.1,1.15,790.0
700361,上櫃,0.0,0.0,0.0
700362,上櫃,0.46,0.48,560.0
700363,上櫃,1.17,1.21,400.0
700364,上櫃,1.44,1.44,20.0
700365,上櫃,0.84,0.86,11.0
700366,上櫃,0.0,0.0,0.0
700367,上櫃,0.0,0.0,0.0
700368,上櫃,6.95,6.95,5.0
700369,上櫃,0.71,0.69,36.0
700370,上櫃,0.0,0.0,0.0
700371,上櫃,0.0,0.0,0.0
700372,上櫃,0.57,0.63,116.0
700373,上櫃,3.67,3.82,17.0
700374,上櫃,0.0,0.0,0.0
700375,上櫃,0.0,0.0,0.0
700376,上櫃,0.0,0.0,0.0
700377,上櫃,4.2,4.2,1.0
700378,上櫃,0.0,0.0,0.0
700379,上櫃,0.0,0.0,0.0
700380,上櫃,0.0,0.0,0.0
700381,上櫃,0.0,0.0,0.0
700382,上櫃,2.14,2.25,101.0
700383,上櫃,0.0,0.0,0.0
700384,上櫃,1.3,1.19,163.0
700385,上櫃,0.99,1.08,138.0
700386,上櫃,0.0,0.0,0.0
700387,上櫃,0.0,0.0,0.0
700388,上櫃,0.0,0.0,0.0
700389,上櫃,0.0,0.0,0.0
700390,上櫃,2.67,2.51,10.0
700391,上櫃,0.0,0.0,0.0
700392,上櫃,0.89,0.88,2.0
700393,上櫃,0.0,0.0,0.0
700394,上櫃,1.6,1.6,10.0
700395,上櫃,0.0,0.0,0.0
700396,上櫃,9.4,9.4,1.0
700397,上櫃,0.54,0.47,53.0
700398,上櫃,1.12,1.07,231.0
700399,上櫃,0.0,0.0,0.0
700400,上櫃,0.0,0.0,0.0
700401,上櫃,1.91,2.06,95.0
700402,上櫃,1.2,1.13,774.0
700403,上櫃,0.0,0.0,0.0
700404,上櫃,0.0,0.0,0.0
700405,上櫃,0.0,0.0,0.0
700406,上櫃,0.79,0.88,677.0
700407,上櫃,0.2,0.21,262.0
700408,上櫃,0.0,0.0,0.0
700409,上櫃,0.0,0.0,0.0
700410,上櫃,0.0,0.0,0.0
700411,上櫃,0.0,0.0,0.0
700412,上櫃,1.05,0.96,651.0
700413,上櫃,2.0,1.85,1036.0
700414,上櫃,0.0,0.0,0.0
700415,上櫃,0.79,0.79,1098.0
700416,上櫃,0.5,0.59,828.0
700417,上櫃,0.0,0.0,0.0
700418,上櫃,0.52,0.51,1145.0
700419,上櫃,0.45,0.45,1149.0
700420,上櫃,0.67,0.85,754.0
700421,上櫃,0.0,0.0,0.0
700422,上櫃,0.0,0.0,0.0
700423,上櫃,0.0,0.0,0.0
700424,上櫃,0.95,0.92,93.0
700425,上櫃,0.0,0.0,0.0
700426,上櫃,0.85,0.79,314.0
700427,上櫃,0.59,0.59,1.0
700428,上櫃,1.01,1.02,692.0
700429,上櫃,0.0,0.0,0.0
700430,上櫃,3.53,3.53,9.0
700431,上櫃,0.0,0.0,0.0
700432,上櫃,0.0,0.0,0.0
700433,上櫃,0.0,0.0,0.0
700434,上櫃,0.0,0.0,0.0
700435,上櫃,0.37,0.47,1520.0
700436,上櫃,0.55,0.65,533.0
700437,上櫃,0.0,0.0,0.0
700438,上櫃,0.46,0.46,33.0
700439,上櫃,0.35,0.34,130.0
700440,上櫃,0.0,0.0,0.0
700441,上櫃,2.64,2.51,55.0
700442,上櫃,0.16,0.16,350.0
700443,上櫃,0.35,0.36,230.0
700444,上櫃,0.42,0.46,53.0
700445,上櫃,0.0,0.0,0.0
700446,上櫃,0.0,0.0,0.0
700447,上櫃,0.0,0.0,0.0
700448,上櫃,1.53,1.66,460.0
700449,上櫃,0.4,0.45,110.0
700450,上櫃,0.4,0.42,1198.0
700451,上櫃,1.52,1.38,113.0
700452,上櫃,0.0,0.0,0.0
700453,上櫃,2.32,2.34,22.0
700454,上櫃,1.0,1.11,118.0
700455,上櫃,0.0,0.0,0.0
700456,上櫃,1.67,1.73,120.0
700457,上櫃,0.88,1.05,1077.0
700458,上櫃,0.97,1.02,323.0
700459,上櫃,0.95,0.93,186.0
700460,上櫃,0.0,0.0,0.0
700461,上櫃,0.64,0.65,102.0
700462,上櫃,0.0,0.0,0.0
700463,上櫃,0.0,0.0,0.0
700464,上櫃,2.53,2.53,10.0
700465,上櫃,2.65,2.65,1.0
700466,上櫃,0.08,0.08,5.0
700467,上櫃,0.0,0.0,0.0
700468,上櫃,2.04,2.1,22.0
700469,上櫃,0.67,0.67,15.0
700470,上櫃,6.45,6.15,136.0
700471,上櫃,0.25,0.24,103.0
700472,上櫃,0.0,0.0,0.0
700473,上櫃,0.44,0.54,163.0
700474,上櫃,1.56,1.54,125.0
700475,上櫃,0.0,0.0,0.0
700476,上櫃,0.58,0.58,141.0
700477,上櫃,1.58,1.58,2411.0
700478,上櫃,0.21,0.21,27.0
700479,上櫃,0.48,0.7,1756.0
700480,上櫃,0.0,0.0,0.0
700481,上櫃,0.0,0.0,0.0
700482,上櫃,3.46,3.54,122.0
700483,上櫃,0.0,0.0,0.0
700484,上櫃,0.39,0.4,243.0
700485,上櫃,0.0,0.0,0.0
700486,上櫃,0.0,0.0,0.0
700487,上櫃,2.41,2.12,86.0
700488,上櫃,0.0,0.0,0.0
700489,上櫃,0.8,0.79,55.0
700490,上櫃,1.52,1.52,100.0
700491,上櫃,1.43,1.22,582.0
700492,上櫃,0.0,0.0,0.0
700493,上櫃,0.54,0.54,40.0
700494,上櫃,0.0,0.0,0.0
700495,上櫃,1.23,1.26,593.0
700496,上櫃,0.65,0.58,235.0
700497,上櫃,0.84,0.83,612.0
700498,上櫃,1.91,1.75,27.0
700499,上櫃,0.0,0.0,0.0
700500,上櫃,7.0,7.35,19.0
700501,上櫃,0.0,0.0,0.0
700502,上櫃,0.2,0.24,780.0
700503,上櫃,0.23,0.23,6.0
700504,上櫃,0.76,0.75,12.0
700505,上櫃,0.0,0.0,0.0
700506,上櫃,0.98,1.03,462.0
700507,上櫃,3.31,3.31,2.0
700508,上櫃,1.09,1.07,311.0
700509,上櫃,1.54,1.63,273.0
700510,上櫃,0.0,0.0,0.0
700511,上櫃,1.35,1.29,32.0
700512,上櫃,0.17,0.17,1.0
700513,上櫃,2.25,2.25,11.0
700514,上櫃,1.63,1.67,50.0
700515,上櫃,0.0,0.0,0.0
700516,上櫃,0.0,0.0,0.0
700517,上櫃,3.87,4.98,20.0
700518,上櫃,0.9,0.86,364.0
700519,上櫃,0.56,0.46,12.0
700520,上櫃,0.0,0.0,0.0
700521,上櫃,0.76,0.86,1453.0
700522,上櫃,3.8,4.16,135.0
700523,上櫃,0.61,0.64,194.0
700524,上櫃,0.45,0.45,10.0
700525,上櫃,0.12,0.11,538.0
700526,上櫃,0.51,0.55,1009.0
700527,上櫃,1.06,1.02,11.0
700528,上櫃,0.39,0.36,2.0
700529,上櫃,4.74,4.9,61.0
700530,上櫃,1.86,1.86,3.0
700531,上櫃,0.0,0.0,0.0
700532,上櫃,0.0,0.0,0.0
700533,上櫃,1.01,1.29,286.0
700534,上櫃,3.21,3.08,16.0
700535,上櫃,4.18,4.95,41.0
700536,上櫃,0.3,0.31,125.0
700537,上櫃,5.0,6.7,79.0
700538,上櫃,0.8,0.84,73.0
700539,上櫃,4.6,4.26,215.0
700540,上櫃,1.1,1.06,109.0
700541,上櫃,0.5,0.51,35.0
700542,上櫃,2.23,2.17,11.0
700543,上櫃,2.85,2.85,5.0
700544,上櫃,3.34,3.16,14.0
700545,上櫃,2.9,2.81,331.0
700546,上櫃,0.0,0.0,0.0
700547,上櫃,0.51,0.5,129.0
700548,上櫃,1.22,1.21,25.0
700549,上櫃,0.78,0.88,237.0
700550,上櫃,0.0,0.0,0.0
700551,上櫃,1.34,1.42,100.0
700552,上櫃,1.74,1.75,12.0
700553,上櫃,1.06,1.01,226.0
700554,上櫃,1.25,1.14,40.0
700555,上櫃,0.71,0.89,269.0
700556,上櫃,1.41,1.39,28.0
700557,上櫃,2.14,2.14,1.0
700558,上櫃,0.37,0.41,238.0
700559,上櫃,1.01,1.01,14.0
700560,上櫃,0.72,0.71,221.0
700561,上櫃,0.0,0.0,0.0
700562,上櫃,3.1,3.46,124.0
700563,上櫃,1.88,1.84,300.0
700564,上櫃,3.97,3.97,7.0
700565,上櫃,0.0,0.0,0.0
700566,上櫃,2.75,3.99,267.0
700567,上櫃,3.11,3.11,547.0
700568,上櫃,0.62,0.82,990.0
700569,上櫃,1.83,1.91,22.0
700570,上櫃,2.9,2.95,339.0
700571,上櫃,2.14,2.17,120.0
700572,上櫃,4.97,5.3,103.0
700573,上櫃,0.52,0.56,2235.0
700574,上櫃,0.0,0.0,0.0
700575,上櫃,1.52,1.52,2.0
700576,上櫃,1.26,1.32,627.0
700577,上櫃,1.76,1.72,68.0
700578,上櫃,0.37,0.38,697.0
700579,上櫃,1.09,1.34,514.0
700580,上櫃,3.42,3.46,2.0
700581,上櫃,0.0,0.0,0.0
700582,上櫃,1.89,1.75,13.0
700583,上櫃,4.59,4.87,60.0
700584,上櫃,0.0,0.0,0.0
700585,上櫃,0.65,0.65,20.0
700586,上櫃,0.0,0.0,0.0
700587,上櫃,3.6,4.7,154.0
700588,上櫃,0.0,0.0,0.0
700589,上櫃,0.0,0.0,0.0
700590,上櫃,2.12,2.17,64.0
700591,上櫃,0.0,0.0,0.0
700592,上櫃,8.0,8.0,1.0
700593,上櫃,0.0,0.0,0.0
700594,上櫃,1.25,1.25,12.0
700595,上櫃,2.19,1.75,13.0
700596,上櫃,0.88,0.93,21.0
700597,上櫃,0.0,0.0,0.0
700598,上櫃,0.0,0.0,0.0
700599,上櫃,1.63,1.63,596.0
700600,上櫃,0.0,0.0,0.0
700601,上櫃,0.0,0.0,0.0
700602,上櫃,0.0,0.0,0.0
700603,上櫃,1.84,1.75,97.0
700604,上櫃,0.0,0.0,0.0
700605,上櫃,0.0,0.0,0.0
700606,上櫃,0.84,1.17,91.0
700607,上櫃,4.85,4.85,23.0
700608,上櫃,0.0,0.0,0.0
700609,上櫃,0.0,0.0,0.0
700610,上櫃,0.0,0.0,0.0
700611,上櫃,0.38,0.37,310.0
700612,上櫃,0.0,0.0,0.0
700613,上櫃,1.13,1.11,49.0
700614,上櫃,3.79,4.61,553.0
700615,上櫃,3.15,3.18,213.0
700616,上櫃,1.61,1.59,74.0
700617,上櫃,0.21,0.23,36.0
700618,上櫃,0.0,0.0,0.0
700619,上櫃,0.0,0.0,0.0
700620,上櫃,0.0,0.0,0.0
700621,上櫃,0.0,0.0,0.0
700622,上櫃,0.0,0.0,0.0
700623,上櫃,0.0,0.0,0.0
700624,上櫃,0.68,0.68,50.0
700625,上櫃,2.73,3.28,47.0
700626,上櫃,2.44,2.4,40.0
700627,上櫃,0.0,0.0,0.0
700628,上櫃,0.19,0.19,200.0
700629,上櫃,0.0,0.0,0.0
700630,上櫃,1.21,1.26,213.0
700631,上櫃,0.0,0.0,0.0
700632,上櫃,0.9,0.81,64.0
700633,上櫃,0.0,0.0,0.0
700634,上櫃,1.05,0.96,288.0
700635,上櫃,1.19,1.11,508.0
700636,上櫃,0.63,0.64,400.0
700637,上櫃,1.91,2.05,30.0
700638,上櫃,1.01,1.04,436.0
700639,上櫃,0.61,0.61,36.0
700640,上櫃,0.0,0.0,0.0
700641,上櫃,1.14,1.1,541.0
700642,上櫃,0.0,0.0,0.0
700643,上櫃,0.0,0.0,0.0
700644,上櫃,0.34,0.35,30.0
700645,上櫃,1.62,1.31,113.0
700646,上櫃,0.0,0.0,0.0
700647,上櫃,1.11,1.03,65.0
700648,上櫃,2.05,1.99,104.0
700649,上櫃,0.0,0.0,0.0
700650,上櫃,0.0,0.0,0.0
700651,上櫃,0.0,0.0,0.0
700652,上櫃,2.23,2.5,3.0
700653,上櫃,0.0,0.0,0.0
700654,上櫃,0.0,0.0,0.0
700655,上櫃,0.32,0.32,430.0
700656,上櫃,0.0,0.0,0.0
700657,上櫃,0.8,0.84,98.0
700658,上櫃,0.0,0.0,0.0
700659,上櫃,1.8,1.82,5.0
700660,上櫃,1.75,1.88,4.0
700661,上櫃,0.0,0.0,0.0
700662,上櫃,0.49,0.46,302.0
700663,上櫃,0.0,0.0,0.0
700664,上櫃,0.0,0.0,0.0
700665,上櫃,0.0,0.0,0.0
700666,上櫃,0.0,0.0,0.0
700667,上櫃,9.05,9.05,2.0
700668,上櫃,0.32,0.32,10.0
700669,上櫃,0.0,0.0,0.0
700670,上櫃,0.0,0.0,0.0
700671,上櫃,0.0,0.0,0.0
700672,上櫃,1.18,1.04,235.0
700673,上櫃,0.89,0.89,1.0
700674,上櫃,0.0,0.0,0.0
700675,上櫃,0.6,0.69,2880.0
700676,上櫃,0.53,0.55,102.0
700677,上櫃,0.63,0.63,24.0
700678,上櫃,0.0,0.0,0.0
700679,上櫃,0.0,0.0,0.0
700680,上櫃,0.0,0.0,0.0
700681,上櫃,0.54,0.55,22.0
700682,上櫃,0.73,0.73,20.0
700683,上櫃,0.66,0.66,23.0
700684,上櫃,0.63,0.62,52.0
700685,上櫃,0.64,0.64,416.0
700686,上櫃,0.72,0.72,84.0
700687,上櫃,0.65,0.65,69.0
700688,上櫃,1.23,1.35,461.0
700689,上櫃,0.0,0.0,0.0
700690,上櫃,0.0,0.0,0.0
700691,上櫃,14.9,14.4,21.0
700692,上櫃,4.94,4.76,41.0
700693,上櫃,8.3,8.5,30.0
700694,上櫃,0.0,0.0,0.0
700695,上櫃,2.62,2.62,28.0
700696,上櫃,0.0,0.0,0.0
700697,上櫃,1.08,1.12,40.0
700698,上櫃,0.29,0.29,50.0
700699,上櫃,0.71,0.72,20.0
700700,上櫃,0.0,0.0,0.0
700701,上櫃,5.5,5.2,20.0
700702,上櫃,0.0,0.0,0.0
700703,上櫃,0.81,0.72,302.0
700704,上櫃,0.0,0.0,0.0
700705,上櫃,0.56,0.56,20.0
700706,上櫃,0.0,0.0,0.0
700707,上櫃,0.79,0.76,175.0
700708,上櫃,0.0,0.0,0.0
700709,上櫃,0.39,0.39,57.0
700710,上櫃,0.0,0.0,0.0
700711,上櫃,1.4,1.34,303.0
700712,上櫃,0.45,0.45,143.0
700713,上櫃,0.0,0.0,0.0
700714,上櫃,1.02,0.89,35.0
700715,上櫃,0.0,0.0,0.0
700716,上櫃,1.29,1.29,18.0
700717,上櫃,3.53,3.44,141.0
700718,上櫃,1.23,1.06,211.0
700719,上櫃,1.47,1.2,14.0
700720,上櫃,1.33,1.21,1162.0
700721,上櫃,0.0,0.0,0.0
700722,上櫃,0.21,0.21,75.0
700723,上櫃,0.5,0.45,56.0
700724,上櫃,0.0,0.0,0.0
700725,上櫃,2.21,1.9,388.0
700726,上櫃,0.0,0.0,0.0
700727,上櫃,0.0,0.0,0.0
700728,上櫃,0.0,0.0,0.0
700729,上櫃,0.66,0.54,1186.0
700730,上櫃,0.0,0.0,0.0
700731,上櫃,1.22,1.25,73.0
700732,上櫃,0.0,0.0,0.0
700733,上櫃,0.99,1.05,182.0
700734,上櫃,1.36,1.36,10.0
700735,上櫃,0.94,0.96,20.0
700736,上櫃,0.73,0.7,37.0
700737,上櫃,0.0,0.0,0.0
700738,上櫃,0.0,0.0,0.0
700739,上櫃,0.99,0.82,220.0
700740,上櫃,1.6,1.43,400.0
700741,上櫃,0.0,0.0,0.0
700742,上櫃,0.64,0.63,30.0
700743,上櫃,1.6,1.67,63.0
700744,上櫃,0.87,0.73,1291.0
700745,上櫃,1.48,1.48,58.0
700746,上櫃,0.26,0.25,40.0
700747,上櫃,2.0,2.0,1.0
700748,上櫃,2.02,2.06,29.0
700749,上櫃,3.27,4.01,90.0
700750,上櫃,1.39,1.27,153.0
700751,上櫃,3.75,3.72,12.0
700752,上櫃,1.03,1.12,4.0
700753,上櫃,0.0,0.0,0.0
700754,上櫃,0.65,0.67,35.0
700755,上櫃,1.14,1.21,224.0
700756,上櫃,1.39,1.34,714.0
700757,上櫃,0.96,1.15,391.0
700758,上櫃,0.53,0.53,878.0
700759,上櫃,0.0,0.0,0.0
700760,上櫃,1.53,1.53,173.0
700761,上櫃,3.88,3.88,20.0
700762,上櫃,0.88,0.89,284.0
700763,上櫃,0.0,0.0,0.0
700764,上櫃,0.0,0.0,0.0
700765,上櫃,0.87,0.81,384.0
700766,上櫃,0.8,0.73,200.0
700767,上櫃,0.79,0.75,177.0
700768,上櫃,0.8,0.74,283.0
700769,上櫃,1.1,0.92,24.0
700770,上櫃,1.43,1.22,193.0
700771,上櫃,0.36,0.41,516.0
700772,上櫃,1.37,1.37,16.0
700773,上櫃,0.76,0.74,40.0
700774,上櫃,0.0,0.0,0.0
700775,上櫃,0.14,0.16,1056.0
700776,上櫃,0.0,0.0,0.0
700777,上櫃,0.15,0.15,178.0
700778,上櫃,0.61,0.76,529.0
700779,上櫃,0.0,0.0,0.0
700780,上櫃,0.0,0.0,0.0
700781,上櫃,0.0,0.0,0.0
700782,上櫃,0.75,0.75,10.0
700783,上櫃,4.64,5.6,66.0
700784,上櫃,0.96,0.96,84.0
700785,上櫃,3.89,3.89,7.0
700786,上櫃,0.0,0.0,0.0
700787,上櫃,0.61,0.63,111.0
700788,上櫃,0.74,0.75,50.0
700789,上櫃,1.3,1.21,383.0
700790,上櫃,1.32,1.25,220.0
700791,上櫃,2.28,2.39,99.0
700792,上櫃,0.0,0.0,0.0
700793,上櫃,0.57,0.58,78.0
700794,上櫃,1.04,1.04,4.0
700795,上櫃,1.37,1.31,8.0
700796,上櫃,2.98,3.23,180.0
700797,上櫃,0.0,0.0,0.0
700798,上櫃,0.0,0.0,0.0
700799,上櫃,0.0,0.0,0.0
700800,上櫃,0.0,0.0,0.0
700801,上櫃,0.0,0.0,0.0
700802,上櫃,1.41,1.33,505.0
700803,上櫃,0.38,0.38,60.0
700804,上櫃,2.64,2.64,1.0
700805,上櫃,1.21,1.19,50.0
700806,上櫃,6.4,6.15,30.0
700807,上櫃,0.81,0.78,265.0
700808,上櫃,0.0,0.0,0.0
700809,上櫃,1.09,1.02,90.0
700810,上櫃,0.0,0.0,0.0
700811,上櫃,1.1,1.1,39.0
700812,上櫃,0.7,0.71,225.0
700813,上櫃,2.44,2.22,120.0
700814,上櫃,8.7,8.7,2.0
700815,上櫃,1.58,1.77,31.0
700816,上櫃,0.66,0.58,635.0
700817,上櫃,0.0,0.0,0.0
700818,上櫃,0.58,0.58,20.0
700819,上櫃,0.0,0.0,0.0
700820,上櫃,0.0,0.0,0.0
700821,上櫃,1.4,1.36,25.0
700822,上櫃,0.0,0.0,0.0
700823,上櫃,0.54,0.54,140.0
700824,上櫃,0.0,0.0,0.0
700825,上櫃,0.0,0.0,0.0
700826,上櫃,0.0,0.0,0.0
700827,上櫃,0.0,0.0,0.0
700828,上櫃,0.0,0.0,0.0
700829,上櫃,0.52,0.52,1.0
700830,上櫃,0.66,0.69,412.0
700831,上櫃,0.65,0.92,1535.0
700832,上櫃,1.16,1.16,1.0
700833,上櫃,0.0,0.0,0.0
700834,上櫃,0.0,0.0,0.0
700835,上櫃,0.69,0.64,11.0
700836,上櫃,0.0,0.0,0.0
700837,上櫃,0.93,1.12,375.0
700838,上櫃,1.2,1.2,10.0
700839,上櫃,0.64,0.64,76.0
700840,上櫃,0.41,0.35,40.0
700841,上櫃,0.33,0.34,96.0
700842,上櫃,0.0,0.0,0.0
700843,上櫃,0.5,0.56,968.0
700844,上櫃,0.6,0.6,10.0
700845,上櫃,0.52,0.52,38.0
700846,上櫃,0.79,0.99,674.0
700847,上櫃,3.79,3.69,8.0
700848,上櫃,0.0,0.0,0.0
700849,上櫃,0.54,0.54,20.0
700850,上櫃,0.0,0.0,0.0
700851,上櫃,1.07,1.02,35.0
700852,上櫃,0.0,0.0,0.0
700853,上櫃,1.07,1.04,357.0
700854,上櫃,0.0,0.0,0.0
700855,上櫃,1.21,1.21,30.0
700856,上櫃,1.05,0.98,317.0
700857,上櫃,0.83,0.83,2.0
700858,上櫃,0.0,0.0,0.0
700859,上櫃,0.4,0.4,880.0
700860,上櫃,0.31,0.31,486.0
700861,上櫃,0.37,0.37,10.0
700862,上櫃,0.0,0.0,0.0
700863,上櫃,1.27,1.24,49.0
700864,上櫃,1.06,1.06,10.0
700865,上櫃,0.75,0.75,10.0
700866,上櫃,0.55,0.55,1.0
700867,上櫃,3.51,3.51,150.0
700868,上櫃,0.08,0.08,1.0
700869,上櫃,0.0,0.0,0.0
700870,上櫃,0.0,0.0,0.0
700871,上櫃,0.71,0.85,588.0
700872,上櫃,0.0,0.0,0.0
700873,上櫃,0.0,0.0,0.0
700874,上櫃,0.91,0.98,42.0
700875,上櫃,0.74,0.68,749.0
700876,上櫃,3.41,3.18,129.0
700877,上櫃,1.18,1.25,191.0
700878,上櫃,0.6,0.61,235.0
700879,上櫃,0.0,0.0,0.0
700880,上櫃,0.0,0.0,0.0
700881,上櫃,0.0,0.0,0.0
700882,上櫃,0.14,0.15,65.0
700883,上櫃,0.0,0.0,0.0
700884,上櫃,1.65,1.65,23.0
700885,上櫃,0.37,0.47,2376.0
700886,上櫃,0.0,0.0,0.0
700887,上櫃,0.3,0.3,104.0
700888,上櫃,0.0,0.0,0.0
700889,上櫃,0.0,0.0,0.0
700890,上櫃,0.0,0.0,0.0
700891,上櫃,0.0,0.0,0.0
700892,上櫃,2.08,2.53,219.0
700893,上櫃,0.0,0.0,0.0
700894,上櫃,0.24,0.24,100.0
700895,上櫃,0.0,0.0,0.0
700896,上櫃,2.89,3.11,68.0
700897,上櫃,1.03,1.41,1018.0
700898,上櫃,0.24,0.24,20.0
700899,上櫃,0.0,0.0,0.0
700900,上櫃,0.0,0.0,0.0
700901,上櫃,0.0,0.0,0.0
700902,上櫃,0.94,0.91,189.0
700903,上櫃,1.63,1.72,400.0
700904,上櫃,1.24,1.22,149.0
700905,上櫃,0.0,0.0,0.0
700906,上櫃,0.0,0.0,0.0
700907,上櫃,0.29,0.29,60.0
700908,上櫃,0.47,0.48,250.0
700909,上櫃,0.0,0.0,0.0
700910,上櫃,0.0,0.0,0.0
700911,上櫃,0.0,0.0,0.0
700912,上櫃,0.0,0.0,0.0
700913,上櫃,0.0,0.0,0.0
700914,上櫃,1.1,1.1,5.0
700915,上櫃,0.0,0.0,0.0
700916,上櫃,0.16,0.24,450.0
700917,上櫃,0.44,0.42,36.0
700918,上櫃,0.0,0.0,0.0
700919,上櫃,0.0,0.0,0.0
700920,上櫃,5.25,4.98,56.0
700921,上櫃,0.0,0.0,0.0
700922,上櫃,0.34,0.34,8.0
700923,上櫃,0.0,0.0,0.0
700924,上櫃,0.53,0.54,217.0
700925,上櫃,0.0,0.0,0.0
700926,上櫃,5.2,4.92,23.0
700927,上櫃,0.62,0.56,29.0
700928,上櫃,5.0,4.73,52.0
700929,上櫃,5.15,4.81,197.0
700930,上櫃,0.42,0.41,12.0
700931,上櫃,0.0,0.0,0.0
700932,上櫃,0.0,0.0,0.0
700933,上櫃,4.09,3.84,29.0
700934,上櫃,0.0,0.0,0.0
700935,上櫃,3.4,3.4,3.0
700936,上櫃,1.14,1.28,2103.0
700937,上櫃,5.8,5.35,33.0
700938,上櫃,0.77,0.82,384.0
700939,上櫃,2.3,2.3,25.0
700940,上櫃,4.49,4.26,10.0
700941,上櫃,0.61,0.62,112.0
700942,上櫃,0.17,0.27,442.0
700943,上櫃,0.68,0.54,178.0
700944,上櫃,0.0,0.0,0.0
700945,上櫃,0.29,0.3,1322.0
700946,上櫃,0.6,0.65,2.0
700947,上櫃,0.0,0.0,0.0
700948,上櫃,0.43,0.43,10.0
700949,上櫃,0.69,0.65,49.0
700950,上櫃,2.33,2.33,6.0
700951,上櫃,0.0,0.0,0.0
700952,上櫃,0.21,0.23,260.0
700953,上櫃,0.0,0.0,0.0
700954,上櫃,0.0,0.0,0.0
700955,上櫃,0.0,0.0,0.0
700956,上櫃,0.75,0.75,10.0
700957,上櫃,0.3,0.29,558.0
700958,上櫃,0.87,0.87,172.0
700959,上櫃,0.0,0.0,0.0
700960,上櫃,5.45,5.45,15.0
700961,上櫃,0.0,0.0,0.0
700962,上櫃,0.85,0.85,5.0
700963,上櫃,0.0,0.0,0.0
700964,上櫃,1.28,1.46,280.0
700965,上櫃,0.55,0.54,300.0
700966,上櫃,0.0,0.0,0.0
700967,上櫃,0.61,0.56,160.0
700968,上櫃,0.37,0.37,8.0
700969,上櫃,4.26,5.0,117.0
700970,上櫃,0.0,0.0,0.0
700971,上櫃,1.55,1.64,53.0
700972,上櫃,0.0,0.0,0.0
700973,上櫃,0.0,0.0,0.0
700974,上櫃,0.0,0.0,0.0
700975,上櫃,0.57,0.62,166.0
700976,上櫃,1.42,1.34,79.0
700977,上櫃,0.0,0.0,0.0
700978,上櫃,0.2,0.2,10.0
700979,上櫃,0.42,0.39,12.0
700980,上櫃,0.0,0.0,0.0
700981,上櫃,0.27,0.26,110.0
700982,上櫃,0.0,0.0,0.0
700983,上櫃,0.0,0.0,0.0
700984,上櫃,0.49,0.52,163.0
700985,上櫃,0.54,0.53,30.0
700986,上櫃,0.0,0.0,0.0
700987,上櫃,0.0,0.0,0.0
700988,上櫃,0.0,0.0,0.0
700989,上櫃,0.0,0.0,0.0
700990,上櫃,0.56,0.56,20.0
700991,上櫃,1.1,1.11,65.0
700992,上櫃,2.57,3.38,345.0
700993,上櫃,0.0,0.0,0.0
700994,上櫃,0.0,0.0,0.0
700995,上櫃,2.42,2.42,20.0
700996,上櫃,1.0,1.0,377.0
700997,上櫃,1.41,1.4,11.0
700998,上櫃,2.4,2.36,330.0
700999,上櫃,0.61,0.56,458.0
701000,上櫃,1.97,2.15,30.0
701001,上櫃,0.0,0.0,0.0
701002,上櫃,0.66,0.72,575.0
701003,上櫃,0.0,0.0,0.0
701004,上櫃,0.0,0.0,0.0
701005,上櫃,2.1,2.23,105.0
701006,上櫃,0.0,0.0,0.0
701007,上櫃,0.0,0.0,0.0
701008,上櫃,0.0,0.0,0.0
701009,上櫃,0.0,0.0,0.0
701010,上櫃,1.0,1.0,41.0
701011,上櫃,0.61,0.57,1057.0
701012,上櫃,1.16,1.15,12.0
701013,上櫃,0.0,0.0,0.0
701014,上櫃,0.0,0.0,0.0
701015,上櫃,0.0,0.0,0.0
701016,上櫃,2.57,2.59,112.0
701017,上櫃,0.0,0.0,0.0
701018,上櫃,9.15,9.15,1.0
701019,上櫃,1.57,1.93,73.0
701020,上櫃,0.0,0.0,0.0
701021,上櫃,0.86,1.08,133.0
701022,上櫃,2.67,3.0,20.0
701023,上櫃,0.0,0.0,0.0
701024,上櫃,0.0,0.0,0.0
701025,上櫃,0.0,0.0,0.0
701026,上櫃,0.43,0.43,47.0
701027,上櫃,3.03,3.03,17.0
701028,上櫃,0.0,0.0,0.0
701029,上櫃,0.0,0.0,0.0
701030,上櫃,0.0,0.0,0.0
701031,上櫃,4.1,4.31,20.0
701032,上櫃,5.4,5.4,2.0
701033,上櫃,0.0,0.0,0.0
701034,上櫃,0.0,0.0,0.0
701035,上櫃,3.16,3.16,13.0
701036,上櫃,1.18,1.22,31.0
701037,上櫃,2.72,2.72,1.0
701038,上櫃,0.0,0.0,0.0
701039,上櫃,0.0,0.0,0.0
701040,上櫃,0.84,0.84,10.0
701041,上櫃,0.0,0.0,0.0
701042,上櫃,0.72,0.94,548.0
701043,上櫃,1.59,1.59,31.0
701044,上櫃,0.77,0.77,6.0
701045,上櫃,1.32,1.29,293.0
701046,上櫃,1.4,1.43,12.0
701047,上櫃,0.42,0.49,1042.0
701048,上櫃,0.0,0.0,0.0
701049,上櫃,0.73,0.7,88.0
701050,上櫃,0.58,0.55,80.0
701051,上櫃,0.92,0.92,100.0
701052,上櫃,0.0,0.0,0.0
701053,上櫃,0.0,0.0,0.0
701054,上櫃,1.74,1.64,69.0
701055,上櫃,1.86,2.25,123.0
701056,上櫃,0.0,0.0,0.0
701057,上櫃,2.81,2.81,2.0
701058,上櫃,1.09,1.09,37.0
701059,上櫃,0.0,0.0,0.0
701060,上櫃,4.64,4.45,19.0
701061,上櫃,3.36,3.26,94.0
701062,上櫃,1.1,1.46,1198.0
701063,上櫃,0.0,0.0,0.0
701064,上櫃,0.0,0.0,0.0
701065,上櫃,0.64,0.64,5.0
701066,上櫃,2.09,2.6,42.0
701067,上櫃,0.0,0.0,0.0
701068,上櫃,0.0,0.0,0.0
701069,上櫃,0.0,0.0,0.0
701070,上櫃,1.05,1.09,320.0
701071,上櫃,5.2,5.2,10.0
701072,上櫃,0.43,0.4,52.0
701073,上櫃,0.0,0.0,0.0
701074,上櫃,1.12,1.15,45.0
701075,上櫃,0.99,0.97,77.0
701076,上櫃,0.9,0.96,117.0
701077,上櫃,0.0,0.0,0.0
701078,上櫃,1.12,1.09,31.0
701079,上櫃,0.0,0.0,0.0
701080,上櫃,0.0,0.0,0.0
701081,上櫃,0.0,0.0,0.0
701082,上櫃,1.36,1.36,30.0
701083,上櫃,1.93,1.83,34.0
701084,上櫃,0.0,0.0,0.0
701085,上櫃,1.99,1.95,3.0
701086,上櫃,0.0,0.0,0.0
701087,上櫃,0.59,0.61,42.0
701088,上櫃,2.5,2.72,31.0
701089,上櫃,0.0,0.0,0.0
701090,上櫃,1.62,1.72,39.0
701091,上櫃,1.33,1.5,17.0
701092,上櫃,1.3,1.49,286.0
701093,上櫃,0.0,0.0,0.0
701094,上櫃,0.0,0.0,0.0
701095,上櫃,0.63,0.63,532.0
701096,上櫃,0.41,0.6,464.0
701097,上櫃,0.7,0.73,56.0
701098,上櫃,0.0,0.0,0.0
701099,上櫃,0.0,0.0,0.0
701100,上櫃,0.87,0.85,185.0
701101,上櫃,0.0,0.0,0.0
701102,上櫃,0.63,0.79,186.0
701103,上櫃,0.66,0.71,95.0
701104,上櫃,0.47,0.6,81.0
701105,上櫃,0.0,0.0,0.0
701106,上櫃,1.19,1.47,144.0
701107,上櫃,0.0,0.0,0.0
701108,上櫃,1.33,1.26,41.0
701109,上櫃,0.8,0.97,495.0
701110,上櫃,0.0,0.0,0.0
701111,上櫃,1.12,1.1,76.0
701112,上櫃,0.0,0.0,0.0
701113,上櫃,0.69,0.7,176.0
701114,上櫃,0.0,0.0,0.0
701115,上櫃,0.0,0.0,0.0
701116,上櫃,0.0,0.0,0.0
701117,上櫃,0.0,0.0,0.0
701118,上櫃,5.05,5.05,2.0
701119,上櫃,2.66,2.7,18.0
701120,上櫃,0.0,0.0,0.0
701121,上櫃,0.0,0.0,0.0
701122,上櫃,1.39,1.37,243.0
701123,上櫃,4.99,4.88,40.0
701124,上櫃,0.55,0.5,262.0
701125,上櫃,0.0,0.0,0.0
701126,上櫃,1.67,1.69,177.0
701127,上櫃,0.48,0.48,100.0
701128,上櫃,1.28,1.4,579.0
701129,上櫃,2.11,2.11,12.0
701130,上櫃,1.1,1.1,2.0
701131,上櫃,0.59,0.59,2360.0
701132,上櫃,0.23,0.23,20.0
701133,上櫃,0.86,0.72,850.0
701134,上櫃,0.77,0.67,1371.0
701135,上櫃,2.32,2.35,19.0
701136,上櫃,0.0,0.0,0.0
701137,上櫃,1.73,1.56,1089.0
701138,上櫃,0.54,0.51,364.0
701139,上櫃,0.66,0.62,334.0
701140,上櫃,1.0,0.92,331.0
701141,上櫃,0.0,0.0,0.0
701142,上櫃,0.44,0.42,43.0
701143,上櫃,1.56,1.4,21.0
701144,上櫃,3.45,3.78,54.0
701145,上櫃,0.0,0.0,0.0
701146,上櫃,0.0,0.0,0.0
701147,上櫃,0.67,0.67,10.0
701148,上櫃,1.26,1.48,64.0
701149,上櫃,0.77,0.78,440.0
701150,上櫃,0.0,0.0,0.0
701151,上櫃,1.12,0.98,619.0
701152,上櫃,0.0,0.0,0.0
701153,上櫃,0.51,0.52,55.0
701154,上櫃,0.94,1.07,1097.0
701155,上櫃,0.0,0.0,0.0
701156,上櫃,0.42,0.39,121.0
701157,上櫃,0.78,0.79,635.0
701158,上櫃,0.93,0.93,220.0
701159,上櫃,1.07,1.19,1564.0
701160,上櫃,3.27,3.24,18.0
701161,上櫃,3.5,3.5,4.0
701162,上櫃,0.0,0.0,0.0
701163,上櫃,0.0,0.0,0.0
701164,上櫃,0.0,0.0,0.0
701165,上櫃,0.49,0.48,96.0
701166,上櫃,4.3,4.41,98.0
701167,上櫃,0.45,0.45,5.0
701168,上櫃,0.0,0.0,0.0
701169,上櫃,0.0,0.0,0.0
701170,上櫃,0.31,0.29,33.0
701171,上櫃,0.0,0.0,0.0
701172,上櫃,2.82,2.71,91.0
701173,上櫃,0.95,0.95,23.0
701174,上櫃,0.81,0.78,153.0
701175,上櫃,1.46,1.46,8.0
701176,上櫃,0.0,0.0,0.0
701177,上櫃,0.0,0.0,0.0
701178,上櫃,1.04,0.95,61.0
701179,上櫃,1.39,1.4,371.0
701180,上櫃,0.0,0.0,0.0
701181,上櫃,0.63,0.61,78.0
701182,上櫃,0.0,0.0,0.0
701183,上櫃,1.33,1.33,1.0
701184,上櫃,0.0,0.0,0.0
701185,上櫃,3.16,3.16,30.0
701186,上櫃,1.46,1.57,115.0
701187,上櫃,2.1,2.1,10.0
701188,上櫃,1.03,1.03,31.0
701189,上櫃,0.0,0.0,0.0
701190,上櫃,0.39,0.37,1510.0
701191,上櫃,0.49,0.48,985.0
701192,上櫃,0.0,0.0,0.0
701193,上櫃,1.87,1.9,87.0
701194,上櫃,0.8,0.8,242.0
701195,上櫃,0.59,0.88,342.0
701196,上櫃,3.41,3.25,46.0
701197,上櫃,0.52,0.46,1002.0
701198,上櫃,1.11,1.08,326.0
701199,上櫃,0.73,0.69,256.0
701200,上櫃,0.5,0.49,102.0
701201,上櫃,0.9,0.9,3.0
701202,上櫃,0.8,0.84,104.0
701203,上櫃,0.13,0.14,150.0
701204,上櫃,0.47,0.43,291.0
701205,上櫃,0.0,0.0,0.0
701206,上櫃,0.52,0.5,20.0
701207,上櫃,0.0,0.0,0.0
701208,上櫃,0.0,0.0,0.0
701209,上櫃,2.84,2.84,30.0
701210,上櫃,7.1,7.1,15.0
701211,上櫃,5.15,5.15,1.0
701212,上櫃,3.48,3.48,14.0
701213,上櫃,0.37,0.45,55.0
701214,上櫃,1.36,1.3,228.0
701215,上櫃,0.0,0.0,0.0
701216,上櫃,0.27,0.27,265.0
701217,上櫃,0.0,0.0,0.0
701218,上櫃,0.82,0.91,374.0
701219,上櫃,1.65,1.7,198.0
701220,上櫃,1.71,1.87,63.0
701221,上櫃,1.65,1.65,50.0
701222,上櫃,0.0,0.0,0.0
701223,上櫃,0.19,0.26,234.0
701224,上櫃,10.9,10.9,1.0
701225,上櫃,0.94,0.92,262.0
701226,上櫃,1.67,1.64,48.0
701227,上櫃,0.56,0.55,4.0
701228,上櫃,1.16,1.16,1.0
701229,上櫃,2.39,2.39,10.0
701230,上櫃,0.78,0.77,341.0
701231,上櫃,1.93,1.99,7.0
701232,上櫃,0.0,0.0,0.0
701233,上櫃,5.15,5.15,1.0
701234,上櫃,10.1,10.1,1.0
701235,上櫃,0.0,0.0,0.0
701236,上櫃,1.43,1.43,26.0
701237,上櫃,0.88,0.97,38.0
701238,上櫃,0.83,0.82,119.0
701239,上櫃,1.07,1.07,5.0
701240,上櫃,0.78,0.68,12.0
701241,上櫃,0.44,0.44,96.0
701242,上櫃,0.0,0.0,0.0
701243,上櫃,2.4,2.4,3.0
701244,上櫃,1.23,1.23,200.0
701245,上櫃,0.0,0.0,0.0
701246,上櫃,1.87,1.87,1.0
701247,上櫃,0.0,0.0,0.0
701248,上櫃,0.0,0.0,0.0
701249,上櫃,0.43,0.47,17.0
701250,上櫃,0.62,0.62,32.0
701251,上櫃,0.0,0.0,0.0
701252,上櫃,1.58,1.5,68.0
701253,上櫃,5.3,5.25,93.0
701254,上櫃,1.15,1.33,175.0
701255,上櫃,0.0,0.0,0.0
701256,上櫃,0.95,1.08,356.0
701257,上櫃,0.88,0.81,153.0
701258,上櫃,0.0,0.0,0.0
701259,上櫃,0.0,0.0,0.0
701260,上櫃,0.56,0.61,148.0
701261,上櫃,1.97,2.07,240.0
701262,上櫃,1.31,1.31,1.0
701263,上櫃,1.65,2.05,138.0
701264,上櫃,0.0,0.0,0.0
701265,上櫃,0.0,0.0,0.0
701266,上櫃,1.55,1.7,14.0
701267,上櫃,9.5,10.8,18.0
701268,上櫃,0.0,0.0,0.0
701269,上櫃,5.2,5.2,30.0
701270,上櫃,0.64,0.73,166.0
701271,上櫃,1.17,1.08,11.0
701272,上櫃,1.73,2.32,168.0
701273,上櫃,0.0,0.0,0.0
701274,上櫃,1.28,1.3,247.0
701275,上櫃,2.8,2.8,7.0
701276,上櫃,0.0,0.0,0.0
701277,上櫃,1.67,1.74,264.0
701278,上櫃,0.0,0.0,0.0
701279,上櫃,0.0,0.0,0.0
701280,上櫃,3.04,3.04,24.0
701281,上櫃,0.75,0.77,330.0
701282,上櫃,0.0,0.0,0.0
701283,上櫃,0.0,0.0,0.0
701284,上櫃,0.5,0.48,131.0
701285,上櫃,1.3,1.41,59.0
701286,上櫃,0.38,0.35,323.0
701287,上櫃,1.48,1.6,11.0
701288,上櫃,0.63,0.65,1272.0
701289,上櫃,0.39,0.46,268.0
701290,上櫃,0.29,0.33,341.0
701291,上櫃,0.42,0.48,624.0
701292,上櫃,0.0,0.0,0.0
701293,上櫃,1.1,1.05,547.0
701294,上櫃,0.93,0.88,380.0
701295,上櫃,0.0,0.0,0.0
701296,上櫃,5.9,6.05,40.0
701297,上櫃,7.35,7.65,2.0
701298,上櫃,0.87,0.88,475.0
701299,上櫃,0.0,0.0,0.0
701300,上櫃,3.13,2.86,9.0
701301,上櫃,0.47,0.45,74.0
701302,上櫃,0.0,0.0,0.0
701303,上櫃,1.55,1.5,6.0
701304,上櫃,4.45,4.9,266.0
701305,上櫃,0.0,0.0,0.0
701306,上櫃,0.59,0.59,998.0
701307,上櫃,0.75,0.81,15.0
701308,上櫃,1.01,1.1,271.0
701309,上櫃,0.0,0.0,0.0
701310,上櫃,0.0,0.0,0.0
701311,上櫃,0.0,0.0,0.0
701312,上櫃,5.8,6.15,52.0
701313,上櫃,3.46,3.48,73.0
701314,上櫃,5.65,5.7,26.0
701315,上櫃,0.69,0.79,830.0
701316,上櫃,0.0,0.0,0.0
701317,上櫃,4.5,4.84,18.0
701318,上櫃,3.74,4.16,250.0
701319,上櫃,0.0,0.0,0.0
701320,上櫃,0.31,0.29,60.0
701321,上櫃,9.65,9.65,1.0
701322,上櫃,7.65,8.05,48.0
701323,上櫃,2.02,2.02,17.0
701324,上櫃,1.03,1.05,526.0
701325,上櫃,0.42,0.44,66.0
701326,上櫃,1.04,1.04,1.0
701327,上櫃,2.79,2.79,10.0
701328,上櫃,2.66,2.53,15.0
701329,上櫃,1.26,1.44,27.0
701330,上櫃,5.3,5.5,49.0
701331,上櫃,0.0,0.0,0.0
701332,上櫃,2.8,2.53,56.0
701333,上櫃,0.0,0.0,0.0
701334,上櫃,2.25,2.25,10.0
701335,上櫃,0.0,0.0,0.0
701336,上櫃,4.98,4.54,428.0
701337,上櫃,0.0,0.0,0.0
701338,上櫃,0.0,0.0,0.0
701339,上櫃,0.17,0.17,75.0
701340,上櫃,7.35,7.35,33.0
701341,上櫃,1.13,1.0,307.0
701342,上櫃,25.7,25.7,5.0
701343,上櫃,0.7,0.81,425.0
701344,上櫃,0.0,0.0,0.0
701345,上櫃,6.5,7.0,29.0
701346,上櫃,1.18,1.36,304.0
701347,上櫃,0.0,0.0,0.0
701348,上櫃,1.49,1.89,177.0
701349,上櫃,0.0,0.0,0.0
701350,上櫃,0.23,0.23,10.0
701351,上櫃,0.0,0.0,0.0
701352,上櫃,0.63,0.63,19.0
701353,上櫃,1.2,1.16,36.0
701354,上櫃,0.2,0.2,4.0
701355,上櫃,0.27,0.28,20.0
701356,上櫃,1.25,1.14,184.0
701357,上櫃,1.58,1.72,14.0
701358,上櫃,0.7,0.69,344.0
701359,上櫃,0.0,0.0,0.0
701360,上櫃,1.38,1.38,180.0
701361,上櫃,0.0,0.0,0.0
701362,上櫃,0.0,0.0,0.0
701363,上櫃,1.51,1.96,901.0
701364,上櫃,0.0,0.0,0.0
701365,上櫃,0.0,0.0,0.0
701366,上櫃,0.97,1.01,87.0
701367,上櫃,0.0,0.0,0.0
701368,上櫃,0.61,0.61,20.0
701369,上櫃,0.0,0.0,0.0
701370,上櫃,0.0,0.0,0.0
701371,上櫃,1.96,2.24,236.0
701372,上櫃,0.0,0.0,0.0
701373,上櫃,5.2,5.5,48.0
701374,上櫃,0.94,0.94,409.0
701375,上櫃,2.22,2.26,270.0
701376,上櫃,1.84,1.89,20.0
701377,上櫃,1.69,1.77,46.0
701378,上櫃,1.13,1.1,37.0
701379,上櫃,1.34,1.43,218.0
701380,上櫃,1.04,1.04,2.0
701381,上櫃,1.16,1.1,142.0
701382,上櫃,0.0,0.0,0.0
701383,上櫃,4.39,4.39,2.0
701384,上櫃,0.0,0.0,0.0
701385,上櫃,4.38,4.18,29.0
701386,上櫃,3.45,3.59,205.0
701387,上櫃,0.28,0.28,100.0
701388,上櫃,0.7,0.67,50.0
701389,上櫃,0.45,0.45,1.0
701390,上櫃,0.9,0.98,231.0
701391,上櫃,0.28,0.27,60.0
701392,上櫃,0.0,0.0,0.0
701393,上櫃,3.01,3.03,8.0
701394,上櫃,0.0,0.0,0.0
701395,上櫃,0.0,0.0,0.0
701396,上櫃,2.52,2.95,91.0
701397,上櫃,0.0,0.0,0.0
701398,上櫃,2.02,1.85,61.0
701399,上櫃,2.97,3.56,25.0
701400,上櫃,0.97,0.98,406.0
701401,上櫃,2.23,2.28,67.0
701402,上櫃,1.9,1.9,10.0
701403,上櫃,0.46,0.45,587.0
701404,上櫃,0.0,0.0,0.0
701405,上櫃,0.0,0.0,0.0
701406,上櫃,0.86,0.81,31.0
701407,上櫃,0.0,0.0,0.0
701408,上櫃,0.68,0.69,619.0
701409,上櫃,1.91,1.82,103.0
701410,上櫃,0.33,0.34,558.0
701411,上櫃,0.0,0.0,0.0
701412,上櫃,0.67,0.64,531.0
701413,上櫃,0.0,0.0,0.0
701414,上櫃,5.6,6.1,30.0
701415,上櫃,6.65,6.25,78.0
701416,上櫃,1.25,1.32,319.0
701417,上櫃,1.83,1.83,15.0
701418,上櫃,1.73,1.72,106.0
701419,上櫃,0.88,0.88,80.0
701420,上櫃,5.5,5.95,70.0
701421,上櫃,0.0,0.0,0.0
701422,上櫃,0.82,0.92,377.0
701423,上櫃,0.0,0.0,0.0
701424,上櫃,0.77,0.82,254.0
701425,上櫃,0.0,0.0,0.0
701426,上櫃,0.31,0.36,203.0
701427,上櫃,0.0,0.0,0.0
701428,上櫃,0.0,0.0,0.0
701429,上櫃,0.38,0.36,207.0
701430,上櫃,0.87,0.88,515.0
701431,上櫃,1.03,1.05,254.0
701432,上櫃,0.5,0.5,5.0
701433,上櫃,0.29,0.27,21.0
701434,上櫃,0.0,0.0,0.0
701435,上櫃,0.59,0.59,10.0
701436,上櫃,1.5,1.5,13.0
701437,上櫃,0.0,0.0,0.0
701438,上櫃,0.0,0.0,0.0
701439,上櫃,0.66,0.74,670.0
701440,上櫃,1.45,1.41,111.0
701441,上櫃,1.89,1.84,26.0
701442,上櫃,0.44,0.44,22.0
701443,上櫃,2.85,2.98,10.0
701444,上櫃,0.44,0.44,1.0
701445,上櫃,0.0,0.0,0.0
701446,上櫃,0.0,0.0,0.0
701447,上櫃,0.0,0.0,0.0
701448,上櫃,0.0,0.0,0.0
701449,上櫃,0.0,0.0,0.0
701450,上櫃,1.8,1.91,40.0
701451,上櫃,0.0,0.0,0.0
701452,上櫃,0.0,0.0,0.0
701453,上櫃,0.0,0.0,0.0
701454,上櫃,6.0,6.0,10.0
701455,上櫃,0.0,0.0,0.0
701456,上櫃,0.0,0.0,0.0
701457,上櫃,1.09,0.99,68.0
701458,上櫃,0.65,0.65,20.0
701459,上櫃,0.0,0.0,0.0
701460,上櫃,0.94,0.94,2.0
701461,上櫃,0.0,0.0,0.0
701462,上櫃,0.71,0.74,198.0
701463,上櫃,0.0,0.0,0.0
701464,上櫃,0.0,0.0,0.0
701465,上櫃,0.0,0.0,0.0
701466,上櫃,0.37,0.37,162.0
701467,上櫃,0.0,0.0,0.0
701468,上櫃,1.32,1.34,58.0
701469,上櫃,0.0,0.0,0.0
701470,上櫃,0.0,0.0,0.0
701471,上櫃,0.0,0.0,0.0
701472,上櫃,0.0,0.0,0.0
701473,上櫃,2.27,2.41,46.0
701474,上櫃,1.59,1.66,780.0
701475,上櫃,0.83,0.83,326.0
701476,上櫃,0.0,0.0,0.0
701477,上櫃,0.56,0.54,131.0
701478,上櫃,1.9,2.03,38.0
701479,上櫃,1.93,2.04,100.0
701480,上櫃,0.0,0.0,0.0
701481,上櫃,0.5,0.81,1730.0
701482,上櫃,1.2,1.13,418.0
701483,上櫃,1.28,1.26,1241.0
701484,上櫃,0.56,0.56,526.0
701485,上櫃,0.0,0.0,0.0
701486,上櫃,1.03,1.03,15.0
701487,上櫃,2.56,3.46,372.0
701488,上櫃,0.0,0.0,0.0
701489,上櫃,0.0,0.0,0.0
701490,上櫃,0.74,0.75,11.0
701491,上櫃,0.0,0.0,0.0
701492,上櫃,0.0,0.0,0.0
701493,上櫃,0.0,0.0,0.0
701494,上櫃,0.0,0.0,0.0
701495,上櫃,0.77,0.77,26.0
701496,上櫃,0.0,0.0,0.0
701497,上櫃,4.07,4.22,150.0
701498,上櫃,0.26,0.24,260.0
701499,上櫃,0.0,0.0,0.0
701500,上櫃,0.0,0.0,0.0
701501,上櫃,0.0,0.0,0.0
701502,上櫃,0.0,0.0,0.0
701503,上櫃,1.2,1.24,232.0
701504,上櫃,0.76,0.78,136.0
701505,上櫃,0.0,0.0,0.0
701506,上櫃,3.2,3.63,22.0
701507,上櫃,0.0,0.0,0.0
701508,上櫃,4.62,4.63,73.0
701509,上櫃,0.0,0.0,0.0
701510,上櫃,0.74,0.74,506.0
701511,上櫃,3.49,3.49,1.0
701512,上櫃,1.86,2.32,121.0
701513,上櫃,1.0,0.96,125.0
701514,上櫃,0.0,0.0,0.0
701515,上櫃,0.0,0.0,0.0
701516,上櫃,1.8,1.88,23.0
701517,上櫃,0.0,0.0,0.0
701518,上櫃,4.25,4.73,104.0
701519,上櫃,0.0,0.0,0.0
701520,上櫃,0.75,0.7,12.0
701521,上櫃,0.58,0.58,81.0
701522,上櫃,0.0,0.0,0.0
701523,上櫃,1.47,1.56,35.0
701524,上櫃,0.0,0.0,0.0
701525,上櫃,1.5,1.55,839.0
701526,上櫃,0.61,0.58,168.0
701527,上櫃,0.33,0.3,63.0
701528,上櫃,2.44,2.4,500.0
701529,上櫃,2.43,2.41,120.0
701530,上櫃,2.29,2.28,28.0
701531,上櫃,1.05,1.05,50.0
701532,上櫃,0.28,0.28,10.0
701533,上櫃,1.05,1.03,2.0
701534,上櫃,1.2,1.31,366.0
701535,上櫃,0.69,0.76,31.0
701536,上櫃,2.18,2.18,90.0
701537,上櫃,0.0,0.0,0.0
701538,上櫃,0.0,0.0,0.0
701539,上櫃,0.0,0.0,0.0
701540,上櫃,0.77,0.77,749.0
701541,上櫃,3.48,3.48,32.0
701542,上櫃,0.0,0.0,0.0
701543,上櫃,0.0,0.0,0.0
701544,上櫃,0.0,0.0,0.0
701545,上櫃,1.5,1.49,17.0
701546,上櫃,3.11,3.11,1.0
701547,上櫃,2.42,2.49,292.0
701548,上櫃,0.81,0.81,5.0
701549,上櫃,0.31,0.28,181.0
701550,上櫃,1.17,1.16,153.0
701551,上櫃,1.06,0.98,157.0
701552,上櫃,0.0,0.0,0.0
701553,上櫃,4.67,5.6,81.0
701554,上櫃,0.0,0.0,0.0
701555,上櫃,0.0,0.0,0.0
701556,上櫃,0.0,0.0,0.0
701557,上櫃,1.02,1.02,25.0
701558,上櫃,1.23,1.15,153.0
701559,上櫃,4.07,4.07,9.0
701560,上櫃,1.0,0.93,3.0
701561,上櫃,1.05,1.0,140.0
701562,上櫃,2.01,1.96,14.0
701563,上櫃,2.55,2.83,471.0
701564,上櫃,0.93,1.02,286.0
701565,上櫃,1.44,1.51,729.0
701566,上櫃,1.67,1.71,589.0
701567,上櫃,3.55,3.33,37.0
701568,上櫃,0.0,0.0,0.0
701569,上櫃,4.72,4.72,10.0
701570,上櫃,1.6,1.63,62.0
701571,上櫃,0.49,0.47,726.0
701572,上櫃,0.0,0.0,0.0
701573,上櫃,1.48,1.61,107.0
701574,上櫃,0.72,0.84,47.0
701575,上櫃,0.0,0.0,0.0
701576,上櫃,0.0,0.0,0.0
701577,上櫃,0.77,0.73,208.0
701578,上櫃,0.44,0.43,178.0
701579,上櫃,1.47,1.55,438.0
701580,上櫃,2.99,3.04,54.0
701581,上櫃,1.09,1.22,89.0
701582,上櫃,0.0,0.0,0.0
701583,上櫃,1.05,0.97,69.0
701584,上櫃,4.48,4.45,6.0
701585,上櫃,0.0,0.0,0.0
701586,上櫃,2.16,2.36,55.0
701587,上櫃,0.37,0.37,47.0
701588,上櫃,2.88,2.88,13.0
701589,上櫃,3.46,3.5,29.0
701590,上櫃,0.33,0.33,56.0
701591,上櫃,0.0,0.0,0.0
701592,上櫃,0.71,0.71,22.0
701593,上櫃,0.68,0.68,22.0
701594,上櫃,0.43,0.43,5.0
701595,上櫃,0.0,0.0,0.0
701596,上櫃,0.0,0.0,0.0
701597,上櫃,0.0,0.0,0.0
701598,上櫃,0.0,0.0,0.0
701599,上櫃,3.5,3.39,20.0
701600,上櫃,0.0,0.0,0.0
701601,上櫃,0.0,0.0,0.0
701602,上櫃,3.15,4.08,301.0
701603,上櫃,0.66,0.74,1052.0
701604,上櫃,4.05,4.35,51.0
701605,上櫃,0.0,0.0,0.0
701606,上櫃,0.0,0.0,0.0
701607,上櫃,2.48,2.51,31.0
701608,上櫃,0.49,0.49,20.0
701609,上櫃,3.21,3.21,4.0
701610,上櫃,0.0,0.0,0.0
701611,上櫃,1.19,1.19,193.0
701612,上櫃,1.19,1.19,1.0
701613,上櫃,0.0,0.0,0.0
701614,上櫃,0.33,0.33,410.0
701615,上櫃,1.26,1.32,166.0
701616,上櫃,1.45,1.44,15.0
701617,上櫃,1.48,1.44,43.0
701618,上櫃,1.16,1.08,160.0
701619,上櫃,0.65,0.65,299.0
701620,上櫃,1.47,1.42,43.0
701621,上櫃,0.71,0.68,948.0
701622,上櫃,2.63,2.52,11.0
701623,上櫃,0.39,0.42,1272.0
701624,上櫃,0.63,0.61,175.0
701625,上櫃,0.0,0.0,0.0
701626,上櫃,0.79,0.83,32.0
701627,上櫃,0.67,0.61,57.0
701628,上櫃,0.0,0.0,0.0
701629,上櫃,0.0,0.0,0.0
701630,上櫃,2.55,2.5,705.0
701631,上櫃,1.17,1.36,824.0
701632,上櫃,2.07,2.1,224.0
701633,上櫃,0.0,0.0,0.0
701634,上櫃,0.0,0.0,0.0
701635,上櫃,0.59,0.54,410.0
701636,上櫃,1.21,1.43,134.0
701637,上櫃,1.52,1.58,32.0
701638,上櫃,0.0,0.0,0.0
701639,上櫃,8.7,8.0,9.0
701640,上櫃,0.0,0.0,0.0
701641,上櫃,0.58,0.58,13.0
701642,上櫃,1.26,1.17,126.0
701643,上櫃,0.63,0.61,244.0
701644,上櫃,1.03,1.09,346.0
701645,上櫃,1.5,1.54,590.0
701646,上櫃,1.71,1.58,99.0
701647,上櫃,0.0,0.0,0.0
701648,上櫃,1.57,1.61,29.0
701649,上櫃,0.0,0.0,0.0
701650,上櫃,0.87,0.87,895.0
701651,上櫃,1.22,1.2,155.0
701652,上櫃,0.54,0.63,41.0
701653,上櫃,1.2,1.2,52.0
701654,上櫃,1.85,1.87,30.0
701655,上櫃,0.71,0.74,473.0
701656,上櫃,1.33,1.4,44.0
701657,上櫃,0.75,0.75,150.0
701658,上櫃,0.0,0.0,0.0
701659,上櫃,0.0,0.0,0.0
701660,上櫃,0.0,0.0,0.0
701661,上櫃,0.7,0.71,831.0
701662,上櫃,0.0,0.0,0.0
701663,上櫃,1.77,1.76,120.0
701664,上櫃,2.07,1.94,27.0
701665,上櫃,0.0,0.0,0.0
701666,上櫃,0.44,0.44,52.0
701667,上櫃,0.0,0.0,0.0
701668,上櫃,1.41,1.41,2.0
701669,上櫃,0.0,0.0,0.0
701670,上櫃,3.18,3.18,33.0
701671,上櫃,0.73,0.77,393.0
701672,上櫃,0.0,0.0,0.0
701673,上櫃,3.45,3.45,3.0
701674,上櫃,1.43,1.37,35.0
701675,上櫃,0.84,0.84,310.0
701676,上櫃,2.6,2.54,10.0
701677,上櫃,0.0,0.0,0.0
701678,上櫃,1.45,1.5,29.0
701679,上櫃,13.2,13.7,71.0
701680,上櫃,1.75,1.86,139.0
701681,上櫃,1.16,1.16,318.0
701682,上櫃,1.54,1.65,11.0
701683,上櫃,1.33,1.33,66.0
701684,上櫃,0.51,0.51,2.0
701685,上櫃,2.54,2.22,258.0
701686,上櫃,0.67,0.65,124.0
701687,上櫃,0.0,0.0,0.0
701688,上櫃,2.22,2.16,19.0
701689,上櫃,1.3,1.62,444.0
701690,上櫃,0.0,0.0,0.0
701691,上櫃,1.63,1.61,11.0
701692,上櫃,0.74,0.73,443.0
701693,上櫃,0.0,0.0,0.0
701694,上櫃,0.0,0.0,0.0
701695,上櫃,0.0,0.0,0.0
701696,上櫃,0.8,0.78,469.0
701697,上櫃,0.68,0.68,537.0
701698,上櫃,0.83,0.83,2.0
701699,上櫃,0.65,0.65,1.0
701700,上櫃,0.0,0.0,0.0
701701,上櫃,0.56,0.56,400.0
701702,上櫃,1.66,1.68,47.0
701703,上櫃,1.43,1.45,34.0
701704,上櫃,0.0,0.0,0.0
701705,上櫃,0.0,0.0,0.0
701706,上櫃,0.0,0.0,0.0
701707,上櫃,1.52,1.52,30.0
701708,上櫃,0.0,0.0,0.0
701709,上櫃,1.16,1.16,10.0
701710,上櫃,0.0,0.0,0.0
701711,上櫃,2.48,2.52,57.0
701712,上櫃,0.0,0.0,0.0
701713,上櫃,2.61,2.55,42.0
701714,上櫃,0.98,0.94,1067.0
701715,上櫃,1.2,1.2,20.0
701716,上櫃,0.59,0.63,170.0
701717,上櫃,2.86,2.88,48.0
701718,上櫃,0.0,0.0,0.0
701719,上櫃,2.07,2.12,43.0
701720,上櫃,2.93,2.97,44.0
701721,上櫃,1.38,1.39,55.0
701722,上櫃,1.28,1.18,59.0
701723,上櫃,0.74,0.75,111.0
701724,上櫃,5.55,5.3,51.0
701725,上櫃,1.64,1.64,5.0
701726,上櫃,0.9,0.85,221.0
701727,上櫃,0.0,0.0,0.0
701728,上櫃,8.6,10.1,27.0
701729,上櫃,0.0,0.0,0.0
701730,上櫃,0.0,0.0,0.0
701731,上櫃,0.65,0.65,112.0
701732,上櫃,1.14,1.14,11.0
701733,上櫃,0.0,0.0,0.0
701734,上櫃,0.87,0.86,204.0
701735,上櫃,1.6,1.67,79.0
701736,上櫃,0.0,0.0,0.0
701737,上櫃,1.48,1.45,74.0
701738,上櫃,1.08,0.96,77.0
701739,上櫃,0.0,0.0,0.0
701740,上櫃,1.0,0.98,476.0
701741,上櫃,1.58,1.5,320.0
701742,上櫃,0.0,0.0,0.0
701743,上櫃,0.0,0.0,0.0
701744,上櫃,0.0,0.0,0.0
701745,上櫃,0.52,0.52,227.0
701746,上櫃,0.0,0.0,0.0
701747,上櫃,1.0,0.91,125.0
701748,上櫃,0.0,0.0,0.0
701749,上櫃,1.01,1.05,156.0
701750,上櫃,0.0,0.0,0.0
701751,上櫃,0.0,0.0,0.0
701752,上櫃,1.08,1.17,126.0
701753,上櫃,0.94,0.88,443.0
701754,上櫃,0.0,0.0,0.0
701755,上櫃,0.91,0.91,34.0
701756,上櫃,2.5,2.5,5.0
701757,上櫃,2.76,2.76,1.0
701758,上櫃,0.38,0.36,1320.0
701759,上櫃,0.0,0.0,0.0
701760,上櫃,1.5,1.77,359.0
701761,上櫃,3.88,3.88,5.0
701762,上櫃,1.58,1.58,1.0
701763,上櫃,2.28,2.13,44.0
701764,上櫃,0.0,0.0,0.0
701765,上櫃,0.0,0.0,0.0
701766,上櫃,1.54,1.56,20.0
701767,上櫃,0.0,0.0,0.0
701768,上櫃,1.21,1.29,301.0
701769,上櫃,0.0,0.0,0.0
701770,上櫃,0.0,0.0,0.0
701771,上櫃,0.0,0.0,0.0
701772,上櫃,2.57,2.73,398.0
701773,上櫃,0.42,0.41,63.0
701774,上櫃,0.55,0.58,116.0
701775,上櫃,0.0,0.0,0.0
701776,上櫃,0.71,0.79,2816.0
701777,上櫃,1.15,1.2,51.0
701778,上櫃,0.71,0.63,1250.0
701779,上櫃,0.0,0.0,0.0
701780,上櫃,4.02,4.02,2.0
701781,上櫃,0.0,0.0,0.0
701782,上櫃,0.51,0.51,74.0
701783,上櫃,1.22,1.22,34.0
701784,上櫃,1.8,1.8,55.0
701785,上櫃,0.0,0.0,0.0
701786,上櫃,1.07,1.12,220.0
701787,上櫃,0.0,0.0,0.0
701788,上櫃,1.53,1.57,58.0
701789,上櫃,0.38,0.38,10.0
701790,上櫃,1.28,1.42,233.0
701791,上櫃,1.66,1.75,90.0
701792,上櫃,0.89,0.87,34.0
701793,上櫃,0.0,0.0,0.0
701794,上櫃,3.29,3.29,30.0
701795,上櫃,3.38,3.38,20.0
701796,上櫃,3.12,3.24,50.0
701797,上櫃,4.15,4.15,10.0
701798,上櫃,0.36,0.36,500.0
701799,上櫃,1.97,1.91,113.0
701800,上櫃,0.0,0.0,0.0
701801,上櫃,0.0,0.0,0.0
701802,上櫃,0.0,0.0,0.0
701803,上櫃,1.54,1.63,4.0
701804,上櫃,0.53,0.53,20.0
701805,上櫃,0.62,0.6,80.0
701806,上櫃,0.0,0.0,0.0
701807,上櫃,0.45,0.45,30.0
701808,上櫃,0.0,0.0,0.0
701809,上櫃,8.7,9.15,36.0
701810,上櫃,0.0,0.0,0.0
701811,上櫃,2.83,2.8,11.0
701812,上櫃,3.67,3.4,389.0
701813,上櫃,3.54,3.32,402.0
701814,上櫃,9.2,10.3,39.0
701815,上櫃,9.75,9.75,20.0
701816,上櫃,0.0,0.0,0.0
701817,上櫃,0.96,0.94,119.0
701818,上櫃,0.0,0.0,0.0
701819,上櫃,1.26,1.3,40.0
701820,上櫃,0.88,0.92,105.0
701821,上櫃,0.54,0.54,38.0
701822,上櫃,0.72,0.76,315.0
701823,上櫃,0.0,0.0,0.0
701824,上櫃,0.0,0.0,0.0
701825,上櫃,7.7,9.05,51.0
701826,上櫃,2.16,2.13,94.0
701827,上櫃,0.35,0.36,1130.0
701828,上櫃,2.13,2.28,763.0
701829,上櫃,0.0,0.0,0.0
701830,上櫃,0.81,0.84,103.0
701831,上櫃,0.0,0.0,0.0
701832,上櫃,3.53,3.51,43.0
701833,上櫃,0.0,0.0,0.0
701834,上櫃,0.0,0.0,0.0
701835,上櫃,0.0,0.0,0.0
701836,上櫃,0.88,0.88,38.0
701837,上櫃,2.41,2.41,1.0
701838,上櫃,5.1,4.35,91.0
701839,上櫃,0.0,0.0,0.0
701840,上櫃,0.67,0.71,176.0
701841,上櫃,1.45,1.66,310.0
701842,上櫃,1.59,1.55,905.0
701843,上櫃,4.06,3.63,33.0
701844,上櫃,0.0,0.0,0.0
701845,上櫃,0.0,0.0,0.0
701846,上櫃,0.0,0.0,0.0
701847,上櫃,4.3,4.3,5.0
701848,上櫃,0.62,0.62,47.0
701849,上櫃,0.67,0.64,70.0
701850,上櫃,0.0,0.0,0.0
701851,上櫃,1.29,1.29,20.0
701852,上櫃,0.0,0.0,0.0
701853,上櫃,0.0,0.0,0.0
701854,上櫃,1.38,1.33,171.0
701855,上櫃,1.07,1.14,141.0
701856,上櫃,0.0,0.0,0.0
701857,上櫃,2.94,2.94,68.0
701858,上櫃,0.97,1.1,123.0
701859,上櫃,0.0,0.0,0.0
701860,上櫃,1.21,1.21,200.0
701861,上櫃,0.0,0.0,0.0
701862,上櫃,0.65,0.65,4.0
701863,上櫃,2.62,3.05,91.0
701864,上櫃,1.23,1.34,94.0
701865,上櫃,1.21,1.3,108.0
701866,上櫃,3.14,3.49,68.0
701867,上櫃,0.72,0.71,37.0
701868,上櫃,1.85,1.87,60.0
701869,上櫃,1.93,1.87,416.0
701870,上櫃,2.12,2.04,219.0
701871,上櫃,0.0,0.0,0.0
701872,上櫃,0.0,0.0,0.0
701873,上櫃,0.7,0.7,231.0
701874,上櫃,0.79,0.9,1116.0
701875,上櫃,1.53,1.55,21.0
701876,上櫃,2.19,2.25,58.0
701877,上櫃,1.8,1.84,21.0
701878,上櫃,0.51,0.51,165.0
701879,上櫃,3.62,3.85,50.0
701880,上櫃,2.38,2.32,69.0
701881,上櫃,1.7,2.01,6.0
701882,上櫃,0.67,0.68,3.0
701883,上櫃,4.42,4.42,2.0
701884,上櫃,4.01,4.08,8.0
701885,上櫃,3.1,3.39,32.0
701886,上櫃,4.5,4.5,1.0
701887,上櫃,4.12,4.32,15.0
701888,上櫃,2.36,2.28,120.0
701889,上櫃,0.0,0.0,0.0
701890,上櫃,2.13,2.45,154.0
701891,上櫃,3.03,3.44,74.0
701892,上櫃,1.11,1.11,34.0
701893,上櫃,0.0,0.0,0.0
701894,上櫃,1.15,1.13,214.0
701895,上櫃,0.89,0.83,1089.0
701896,上櫃,1.15,1.24,229.0
701897,上櫃,0.55,0.57,53.0
701898,上櫃,1.88,2.14,752.0
701899,上櫃,1.44,1.59,1293.0
701900,上櫃,0.0,0.0,0.0
701901,上櫃,2.96,2.86,41.0
701902,上櫃,1.7,1.72,750.0
701903,上櫃,0.81,0.82,444.0
701904,上櫃,0.0,0.0,0.0
701905,上櫃,1.65,1.84,115.0
701906,上櫃,4.17,4.32,15.0
701907,上櫃,4.88,4.75,25.0
701908,上櫃,0.0,0.0,0.0
701909,上櫃,4.57,5.25,352.0
701910,上櫃,4.65,5.1,357.0
701911,上櫃,4.76,4.76,43.0
701912,上櫃,4.63,4.63,10.0
701913,上櫃,3.44,4.08,42.0
701914,上櫃,1.08,0.96,264.0
701915,上櫃,0.0,0.0,0.0
701916,上櫃,0.0,0.0,0.0
701917,上櫃,1.38,1.54,280.0
701918,上櫃,2.17,2.62,557.0
701919,上櫃,1.97,2.16,317.0
701920,上櫃,1.93,1.88,81.0
701921,上櫃,1.73,2.11,107.0
701922,上櫃,0.65,0.67,18.0
701923,上櫃,0.0,0.0,0.0
701924,上櫃,3.73,3.73,5.0
701925,上櫃,1.09,1.11,140.0
701926,上櫃,3.09,2.87,52.0
701927,上櫃,0.47,0.53,445.0
701928,上櫃,1.32,1.35,278.0
701929,上櫃,0.82,0.82,82.0
701930,上櫃,2.2,2.09,28.0
701931,上櫃,2.07,1.99,166.0
701932,上櫃,0.77,0.81,432.0
701933,上櫃,5.25,5.15,40.0
701934,上櫃,0.93,0.94,12.0
701935,上櫃,0.0,0.0,0.0
701936,上櫃,1.11,1.05,12.0
701937,上櫃,1.98,1.98,1.0
701938,上櫃,0.47,0.47,80.0
701939,上櫃,4.59,4.59,23.0
701940,上櫃,0.33,0.37,469.0
701941,上櫃,0.96,0.97,15.0
701942,上櫃,1.47,1.44,723.0
701943,上櫃,1.51,1.46,152.0
701944,上櫃,1.37,1.45,558.0
701945,上櫃,1.75,1.75,10.0
701946,上櫃,1.45,1.95,185.0
701947,上櫃,0.48,0.5,398.0
701948,上櫃,0.58,0.6,474.0
701949,上櫃,0.7,0.75,105.0
701950,上櫃,0.71,0.69,760.0
701951,上櫃,0.0,0.0,0.0
701952,上櫃,3.27,4.36,891.0
701953,上櫃,0.0,0.0,0.0
701954,上櫃,1.97,1.99,89.0
701955,上櫃,5.65,5.65,18.0
701956,上櫃,1.07,0.96,23.0
701957,上櫃,3.36,3.39,84.0
701958,上櫃,6.3,6.3,10.0
701959,上櫃,2.2,2.05,30.0
701960,上櫃,1.32,1.32,6.0
701961,上櫃,2.96,3.01,171.0
701962,上櫃,0.0,0.0,0.0
701963,上櫃,1.16,1.15,117.0
701964,上櫃,1.8,1.69,85.0
701965,上櫃,0.0,0.0,0.0
701966,上櫃,0.0,0.0,0.0
701967,上櫃,3.0,2.86,35.0
701968,上櫃,4.3,4.57,38.0
701969,上櫃,0.0,0.0,0.0
701970,上櫃,1.3,1.39,510.0
701971,上櫃,1.85,1.66,160.0
701972,上櫃,1.18,1.23,57.0
701973,上櫃,0.0,0.0,0.0
701974,上櫃,1.87,1.81,15.0
701975,上櫃,2.45,2.6,137.0
701976,上櫃,0.0,0.0,0.0
701977,上櫃,0.0,0.0,0.0
701978,上櫃,4.6,4.6,499.0
701979,上櫃,0.0,0.0,0.0
701980,上櫃,0.0,0.0,0.0
701981,上櫃,0.0,0.0,0.0
701982,上櫃,1.57,1.57,18.0
701983,上櫃,1.8,1.84,46.0
701984,上櫃,3.86,3.89,29.0
701985,上櫃,0.44,0.44,375.0
701986,上櫃,1.23,1.3,174.0
701987,上櫃,0.56,0.59,578.0
701988,上櫃,0.0,0.0,0.0
701989,上櫃,2.43,2.85,66.0
701990,上櫃,1.34,1.32,2.0
701991,上櫃,0.0,0.0,0.0
701992,上櫃,1.17,1.17,1.0
701993,上櫃,0.0,0.0,0.0
701994,上櫃,1.4,1.5,150.0
701995,上櫃,0.48,0.48,164.0
701996,上櫃,2.57,2.57,1.0
701997,上櫃,1.08,1.27,43.0
701998,上櫃,0.0,0.0,0.0
701999,上櫃,2.46,2.55,182.0
702000,上櫃,0.0,0.0,0.0
702001,上櫃,1.59,1.64,318.0
702002,上櫃,0.0,0.0,0.0
702003,上櫃,1.12,1.2,124.0
702004,上櫃,0.98,0.98,186.0
702005,上櫃,0.84,0.84,1.0
702006,上櫃,2.05,2.05,10.0
702007,上櫃,0.47,0.47,136.0
702008,上櫃,0.0,0.0,0.0
702009,上櫃,1.0,1.17,206.0
702010,上櫃,1.38,1.44,51.0
702011,上櫃,1.3,1.35,12.0
702012,上櫃,1.54,1.54,19.0
702013,上櫃,2.14,2.14,17.0
702014,上櫃,3.56,3.6,30.0
702015,上櫃,0.0,0.0,0.0
702016,上櫃,1.83,1.71,377.0
702017,上櫃,0.81,0.81,29.0
702018,上櫃,3.76,3.81,6.0
702019,上櫃,3.65,3.68,50.0
702020,上櫃,0.0,0.0,0.0
702021,上櫃,0.0,0.0,0.0
702022,上櫃,1.61,1.61,1.0
702023,上櫃,3.94,3.94,2.0
702024,上櫃,2.69,3.51,184.0
702025,上櫃,1.04,1.0,1060.0
702026,上櫃,0.0,0.0,0.0
702027,上櫃,2.18,2.23,105.0
702028,上櫃,2.34,2.37,202.0
702029,上櫃,0.79,0.79,62.0
702030,上櫃,2.28,2.55,409.0
702031,上櫃,0.49,0.49,2.0
702032,上櫃,1.34,1.34,23.0
702033,上櫃,0.0,0.0,0.0
702034,上櫃,2.85,2.7,37.0
702035,上櫃,1.59,1.6,26.0
702036,上櫃,1.67,1.62,46.0
702037,上櫃,6.2,6.55,103.0
702038,上櫃,1.49,1.58,3.0
702039,上櫃,1.52,1.69,127.0
702040,上櫃,0.0,0.0,0.0
702041,上櫃,1.71,1.71,8.0
702042,上櫃,0.76,0.76,104.0
702043,上櫃,1.31,1.31,1.0
702044,上櫃,0.53,0.5,400.0
702045,上櫃,4.35,4.51,236.0
702046,上櫃,2.73,2.91,368.0
702047,上櫃,0.46,0.46,10.0
702048,上櫃,1.92,2.03,20.0
702049,上櫃,1.75,1.84,20.0
702050,上櫃,4.55,4.73,51.0
702051,上櫃,1.58,1.41,62.0
702052,上櫃,1.56,1.71,50.0
702053,上櫃,2.54,2.47,21.0
702054,上櫃,6.6,6.6,1.0
702055,上櫃,0.63,0.64,110.0
702056,上櫃,3.92,4.02,128.0
702057,上櫃,1.72,1.66,62.0
702058,上櫃,8.65,8.0,5.0
702059,上櫃,7.95,8.1,43.0
702060,上櫃,1.69,1.82,282.0
702061,上櫃,0.69,0.71,281.0
702062,上櫃,1.55,1.55,25.0
702063,上櫃,0.78,0.78,10.0
702064,上櫃,0.7,0.71,111.0
702065,上櫃,1.12,1.12,10.0
702066,上櫃,3.08,3.08,4.0
702067,上櫃,1.6,1.66,66.0
702068,上櫃,2.64,2.64,8.0
702069,上櫃,0.0,0.0,0.0
702070,上櫃,0.0,0.0,0.0
702071,上櫃,2.85,2.81,26.0
702072,上櫃,3.37,3.2,7.0
702073,上櫃,4.44,4.44,2.0
702074,上櫃,0.63,0.67,225.0
702075,上櫃,0.8,0.8,32.0
702076,上櫃,2.36,2.27,55.0
702077,上櫃,0.0,0.0,0.0
702078,上櫃,0.0,0.0,0.0
702079,上櫃,4.33,4.54,69.0
702080,上櫃,2.4,2.34,52.0
702081,上櫃,1.8,2.52,440.0
702082,上櫃,0.37,0.41,100.0
702083,上櫃,2.69,2.74,24.0
702084,上櫃,0.97,0.98,213.0
702085,上櫃,3.32,3.5,136.0
702086,上櫃,1.54,1.34,292.0
702087,上櫃,2.48,2.07,291.0
702088,上櫃,2.33,2.1,802.0
702089,上櫃,2.44,2.29,50.0
702090,上櫃,0.0,0.0,0.0
702091,上櫃,0.54,0.52,144.0
702092,上櫃,0.0,0.0,0.0
702093,上櫃,2.39,2.39,13.0
702094,上櫃,1.81,1.81,101.0
702095,上櫃,0.0,0.0,0.0
702096,上櫃,0.0,0.0,0.0
702097,上櫃,0.72,0.72,1.0
702098,上櫃,0.0,0.0,0.0
702099,上櫃,0.0,0.0,0.0
702100,上櫃,0.92,1.09,279.0
702101,上櫃,3.89,4.1,16.0
702102,上櫃,0.0,0.0,0.0
702103,上櫃,1.62,1.62,5.0
702104,上櫃,1.25,1.0,415.0
702105,上櫃,5.5,5.5,1.0
702106,上櫃,1.06,1.0,49.0
702107,上櫃,1.02,1.1,1050.0
702108,上櫃,3.52,3.43,40.0
702109,上櫃,1.03,1.03,25.0
702110,上櫃,2.72,2.5,186.0
702111,上櫃,2.05,1.82,34.0
702112,上櫃,0.7,0.81,210.0
702113,上櫃,0.17,0.21,369.0
702114,上櫃,0.93,0.95,791.0
702115,上櫃,1.38,1.36,73.0
702116,上櫃,2.11,2.01,623.0
702117,上櫃,1.47,1.46,216.0
702118,上櫃,2.82,2.8,92.0
702119,上櫃,0.0,0.0,0.0
702120,上櫃,1.57,1.95,228.0
702121,上櫃,1.01,1.03,41.0
702122,上櫃,0.0,0.0,0.0
702123,上櫃,1.32,1.33,749.0
702124,上櫃,1.11,1.0,365.0
702125,上櫃,0.9,0.83,1546.0
702126,上櫃,2.52,2.83,195.0
702127,上櫃,1.64,1.83,163.0
702128,上櫃,0.95,0.95,26.0
702129,上櫃,1.58,1.85,105.0
702130,上櫃,3.0,3.16,155.0
702131,上櫃,0.47,0.51,257.0
702132,上櫃,3.61,3.61,2.0
702133,上櫃,0.93,0.92,71.0
702134,上櫃,0.0,0.0,0.0
702135,上櫃,1.64,1.69,6.0
702136,上櫃,3.22,3.25,14.0
702137,上櫃,1.9,1.93,83.0
702138,上櫃,0.0,0.0,0.0
702139,上櫃,0.0,0.0,0.0
702140,上櫃,0.86,0.85,2.0
702141,上櫃,1.27,1.34,6.0
702142,上櫃,1.07,0.98,35.0
702143,上櫃,0.0,0.0,0.0
702144,上櫃,0.77,0.77,50.0
702145,上櫃,0.88,0.88,1.0
702146,上櫃,2.74,2.7,67.0
702147,上櫃,0.0,0.0,0.0
702148,上櫃,3.05,2.88,212.0
702149,上櫃,2.24,2.1,20.0
702150,上櫃,0.0,0.0,0.0
702151,上櫃,0.0,0.0,0.0
702152,上櫃,0.37,0.35,167.0
702153,上櫃,1.91,2.03,233.0
702154,上櫃,3.0,2.96,179.0
702155,上櫃,2.92,2.97,37.0
702156,上櫃,1.07,1.12,310.0
702157,上櫃,1.34,1.24,751.0
702158,上櫃,0.75,0.82,238.0
702159,上櫃,3.78,3.62,97.0
702160,上櫃,0.64,0.66,21.0
702161,上櫃,1.65,1.6,57.0
702162,上櫃,0.0,0.0,0.0
702163,上櫃,1.1,1.08,318.0
702164,上櫃,0.53,0.61,119.0
702165,上櫃,0.0,0.0,0.0
702166,上櫃,2.09,2.12,308.0
702167,上櫃,0.94,0.9,18.0
702168,上櫃,0.0,0.0,0.0
702169,上櫃,6.4,6.4,3.0
702170,上櫃,14.9,14.8,26.0
702171,上櫃,2.45,2.45,12.0
702172,上櫃,1.62,1.75,85.0
702173,上櫃,1.26,1.35,165.0
702174,上櫃,2.36,2.18,162.0
702175,上櫃,1.2,1.2,40.0
702176,上櫃,0.46,0.45,30.0
702177,上櫃,0.0,0.0,0.0
702178,上櫃,0.0,0.0,0.0
702179,上櫃,2.25,2.35,567.0
702180,上櫃,5.7,5.35,23.0
702181,上櫃,0.0,0.0,0.0
702182,上櫃,0.0,0.0,0.0
702183,上櫃,1.42,1.66,150.0
702184,上櫃,0.0,0.0,0.0
702185,上櫃,0.0,0.0,0.0
702186,上櫃,1.89,2.32,657.0
702187,上櫃,7.5,7.5,1.0
702188,上櫃,1.84,1.71,20.0
702189,上櫃,4.75,4.31,27.0
702190,上櫃,4.16,3.89,142.0
702191,上櫃,1.25,1.17,62.0
702192,上櫃,1.31,1.28,22.0
702193,上櫃,1.09,1.13,530.0
702194,上櫃,1.08,1.1,761.0
702195,上櫃,1.57,1.65,21.0
702196,上櫃,0.0,0.0,0.0
702197,上櫃,5.95,5.7,113.0
702198,上櫃,0.0,0.0,0.0
702199,上櫃,0.0,0.0,0.0
702200,上櫃,0.0,0.0,0.0
702201,上櫃,0.64,0.65,531.0
702202,上櫃,2.28,2.28,13.0
702203,上櫃,1.49,1.6,240.0
702204,上櫃,4.98,6.1,7.0
702205,上櫃,3.09,3.05,15.0
702206,上櫃,4.15,3.98,7.0
702207,上櫃,3.36,3.6,23.0
702208,上櫃,0.0,0.0,0.0
702209,上櫃,1.3,1.3,2.0
702210,上櫃,0.0,0.0,0.0
702211,上櫃,0.84,0.84,5.0
702212,上櫃,2.76,2.76,1.0
702213,上櫃,25.4,25.4,3.0
702214,上櫃,24.7,26.6,8.0
702215,上櫃,0.97,0.98,112.0
702216,上櫃,0.78,0.9,2093.0
702217,上櫃,0.99,0.99,23.0
702218,上櫃,0.95,0.95,5.0
702219,上櫃,0.0,0.0,0.0
702220,上櫃,3.08,3.32,468.0
702221,上櫃,0.0,0.0,0.0
702222,上櫃,0.58,0.59,25.0
702223,上櫃,0.71,0.76,331.0
702224,上櫃,0.9,0.82,1238.0
702225,上櫃,1.52,1.6,71.0
702226,上櫃,1.72,1.79,121.0
702227,上櫃,3.45,3.45,3.0
702228,上櫃,1.68,1.76,691.0
702229,上櫃,0.91,0.91,34.0
702230,上櫃,0.5,0.51,77.0
702231,上櫃,0.85,0.87,31.0
702232,上櫃,0.99,0.99,100.0
702233,上櫃,0.84,0.86,404.0
702234,上櫃,0.0,0.0,0.0
702235,上櫃,3.06,2.83,43.0
702236,上櫃,0.0,0.0,0.0
702237,上櫃,0.0,0.0,0.0
702238,上櫃,0.79,0.81,122.0
702239,上櫃,0.0,0.0,0.0
702240,上櫃,0.79,0.83,175.0
702241,上櫃,0.89,0.88,136.0
702242,上櫃,1.18,1.18,20.0
702243,上櫃,4.43,4.5,43.0
702244,上櫃,1.38,1.35,69.0
702245,上櫃,0.99,0.99,25.0
702246,上櫃,0.82,0.82,27.0
702247,上櫃,0.69,0.69,60.0
702248,上櫃,3.28,3.0,358.0
702249,上櫃,0.6,0.6,1.0
702250,上櫃,0.0,0.0,0.0
702251,上櫃,2.7,2.43,108.0
702252,上櫃,1.68,1.66,95.0
702253,上櫃,0.0,0.0,0.0
702254,上櫃,2.14,2.14,2.0
702255,上櫃,0.0,0.0,0.0
702256,上櫃,0.0,0.0,0.0
702257,上櫃,0.0,0.0,0.0
702258,上櫃,0.0,0.0,0.0
702259,上櫃,0.38,0.38,941.0
702260,上櫃,1.1,1.44,1737.0
702261,上櫃,1.0,0.91,111.0
702262,上櫃,0.0,0.0,0.0
702263,上櫃,0.0,0.0,0.0
702264,上櫃,0.0,0.0,0.0
702265,上櫃,2.97,2.97,1.0
702266,上櫃,4.56,4.15,201.0
702267,上櫃,1.55,1.75,489.0
702268,上櫃,0.41,0.42,496.0
702269,上櫃,0.38,0.4,833.0
702270,上櫃,0.41,0.4,699.0
702271,上櫃,0.61,0.64,1064.0
702272,上櫃,2.02,2.02,17.0
702273,上櫃,0.67,0.67,10.0
702274,上櫃,2.7,2.87,54.0
702275,上櫃,1.12,1.52,881.0
702276,上櫃,0.0,0.0,0.0
702277,上櫃,0.0,0.0,0.0
702278,上櫃,2.01,1.95,53.0
702279,上櫃,2.24,2.13,31.0
702280,上櫃,1.21,1.28,243.0
702281,上櫃,1.1,1.15,181.0
702282,上櫃,0.0,0.0,0.0
702283,上櫃,2.45,2.54,291.0
702284,上櫃,2.05,2.14,233.0
702285,上櫃,1.77,1.55,120.0
702286,上櫃,1.43,1.57,176.0
702287,上櫃,0.0,0.0,0.0
702288,上櫃,0.0,0.0,0.0
702289,上櫃,2.39,3.1,485.0
702290,上櫃,4.76,4.82,7.0
702291,上櫃,1.78,1.92,61.0
702292,上櫃,2.91,2.67,27.0
702293,上櫃,3.58,3.58,3.0
702294,上櫃,1.45,1.26,26.0
702295,上櫃,2.48,2.55,45.0
702296,上櫃,4.7,4.96,48.0
702297,上櫃,4.6,4.72,8.0
702298,上櫃,0.0,0.0,0.0
702299,上櫃,2.0,2.88,277.0
702300,上櫃,0.0,0.0,0.0
702301,上櫃,0.84,0.92,534.0
702302,上櫃,2.98,3.16,215.0
702303,上櫃,2.91,3.15,217.0
702304,上櫃,2.09,2.14,434.0
702305,上櫃,2.61,3.11,41.0
702306,上櫃,3.05,4.2,130.0
702307,上櫃,3.43,4.1,207.0
702308,上櫃,3.75,3.78,19.0
702309,上櫃,2.25,2.23,46.0
702310,上櫃,2.77,2.81,28.0
702311,上櫃,0.76,0.73,40.0
702312,上櫃,1.23,1.44,2670.0
702313,上櫃,2.42,2.39,3.0
702314,上櫃,0.0,0.0,0.0
702315,上櫃,0.0,0.0,0.0
702316,上櫃,2.4,2.58,768.0
702317,上櫃,0.0,0.0,0.0
702318,上櫃,2.31,2.56,130.0
702319,上櫃,0.58,0.57,98.0
702320,上櫃,0.44,0.47,370.0
702321,上櫃,0.35,0.39,332.0
702322,上櫃,1.77,1.74,21.0
702323,上櫃,0.0,0.0,0.0
702324,上櫃,0.0,0.0,0.0
702325,上櫃,0.97,1.0,190.0
702326,上櫃,3.53,3.53,10.0
702327,上櫃,0.81,0.73,806.0
702328,上櫃,3.22,3.19,133.0
702329,上櫃,2.3,2.31,17.0
702330,上櫃,6.65,6.2,65.0
702331,上櫃,0.0,0.0,0.0
702332,上櫃,2.11,2.64,191.0
702333,上櫃,2.88,3.37,236.0
702334,上櫃,0.0,0.0,0.0
702335,上櫃,0.0,0.0,0.0
702336,上櫃,2.64,2.5,71.0
702337,上櫃,1.52,1.64,96.0
702338,上櫃,0.0,0.0,0.0
702339,上櫃,3.42,3.35,18.0
702340,上櫃,2.09,2.03,24.0
702341,上櫃,1.77,1.88,201.0
702342,上櫃,0.0,0.0,0.0
702343,上櫃,0.0,0.0,0.0
702344,上櫃,2.52,2.66,176.0
702345,上櫃,0.69,0.66,104.0
702346,上櫃,1.83,1.83,3.0
702347,上櫃,0.0,0.0,0.0
702348,上櫃,1.04,1.04,25.0
702349,上櫃,0.92,0.94,17.0
702350,上櫃,2.4,3.1,71.0
702351,上櫃,2.34,2.45,48.0
702352,上櫃,3.65,3.94,127.0
702353,上櫃,3.26,3.26,1.0
702354,上櫃,0.0,0.0,0.0
702355,上櫃,2.39,2.4,21.0
702356,上櫃,0.0,0.0,0.0
702357,上櫃,0.73,0.71,20.0
702358,上櫃,2.61,2.6,12.0
702359,上櫃,1.57,1.57,35.0
702360,上櫃,2.31,2.45,39.0
702361,上櫃,1.73,1.8,40.0
702362,上櫃,2.24,2.8,176.0
702363,上櫃,2.24,2.24,57.0
702364,上櫃,1.12,1.1,30.0
702365,上櫃,3.09,3.5,203.0
702366,上櫃,2.12,2.45,72.0
702367,上櫃,2.1,2.1,2.0
702368,上櫃,0.0,0.0,0.0
702369,上櫃,0.0,0.0,0.0
702370,上櫃,2.05,2.05,16.0
702371,上櫃,0.0,0.0,0.0
702372,上櫃,1.43,1.44,50.0
702373,上櫃,1.15,1.39,57.0
702374,上櫃,0.0,0.0,0.0
702375,上櫃,0.97,0.97,26.0
702376,上櫃,1.51,1.48,46.0
702377,上櫃,0.0,0.0,0.0
702378,上櫃,2.57,2.56,35.0
702379,上櫃,1.25,1.25,1.0
702380,上櫃,0.0,0.0,0.0
702381,上櫃,0.59,0.6,81.0
702382,上櫃,0.93,0.93,70.0
702383,上櫃,0.0,0.0,0.0
702384,上櫃,1.97,1.75,209.0
702385,上櫃,0.0,0.0,0.0
702386,上櫃,0.87,0.96,95.0
702387,上櫃,0.0,0.0,0.0
702388,上櫃,0.0,0.0,0.0
702389,上櫃,2.26,2.2,93.0
702390,上櫃,0.0,0.0,0.0
702391,上櫃,0.0,0.0,0.0
702392,上櫃,0.54,0.62,187.0
702393,上櫃,0.92,0.89,84.0
702394,上櫃,1.09,0.96,248.0
702395,上櫃,0.0,0.0,0.0
702396,上櫃,0.0,0.0,0.0
702397,上櫃,2.39,2.44,19.0
702398,上櫃,1.37,1.39,72.0
702399,上櫃,0.0,0.0,0.0
702400,上櫃,0.71,0.71,29.0
702401,上櫃,0.57,0.56,127.0
702402,上櫃,1.69,1.5,99.0
702403,上櫃,0.0,0.0,0.0
702404,上櫃,0.0,0.0,0.0
702405,上櫃,0.85,0.92,161.0
702406,上櫃,1.92,2.03,28.0
702407,上櫃,0.92,0.91,17.0
702408,上櫃,4.27,4.45,159.0
702409,上櫃,1.19,1.02,395.0
702410,上櫃,0.0,0.0,0.0
702411,上櫃,2.5,2.61,40.0
702412,上櫃,0.95,0.89,204.0
702413,上櫃,1.72,1.76,61.0
702414,上櫃,1.73,1.75,56.0
702415,上櫃,0.37,0.37,10.0
702416,上櫃,1.83,1.89,116.0
702417,上櫃,0.0,0.0,0.0
702418,上櫃,0.84,0.84,30.0
702419,上櫃,1.02,0.85,154.0
702420,上櫃,0.0,0.0,0.0
702421,上櫃,0.0,0.0,0.0
702422,上櫃,1.92,1.92,5.0
702423,上櫃,0.89,0.89,11.0
702424,上櫃,0.38,0.38,117.0
702425,上櫃,5.65,6.1,33.0
702426,上櫃,2.27,2.25,20.0
702427,上櫃,1.48,1.89,237.0
702428,上櫃,1.6,1.99,211.0
702429,上櫃,2.31,2.27,18.0
702430,上櫃,1.76,1.76,9.0
702431,上櫃,2.27,2.27,4.0
702432,上櫃,0.0,0.0,0.0
702433,上櫃,2.93,2.93,2.0
702434,上櫃,1.51,1.62,278.0
702435,上櫃,1.1,1.22,98.0
702436,上櫃,0.69,0.69,50.0
702437,上櫃,0.86,0.91,175.0
702438,上櫃,0.63,0.63,70.0
702439,上櫃,0.82,0.81,113.0
702440,上櫃,0.71,0.72,211.0
702441,上櫃,1.48,1.58,41.0
702442,上櫃,1.13,1.15,50.0
702443,上櫃,0.3,0.35,262.0
702444,上櫃,0.78,0.81,116.0
702445,上櫃,2.38,2.59,94.0
702446,上櫃,0.0,0.0,0.0
702447,上櫃,0.0,0.0,0.0
702448,上櫃,4.8,4.65,4.0
702449,上櫃,0.63,0.66,192.0
702450,上櫃,0.45,0.49,15.0
702451,上櫃,1.58,1.54,53.0
702452,上櫃,2.71,2.7,124.0
702453,上櫃,2.25,2.29,71.0
702454,上櫃,3.66,4.07,72.0
702455,上櫃,1.86,1.94,40.0
702456,上櫃,2.25,2.28,53.0
702457,上櫃,0.0,0.0,0.0
702458,上櫃,1.37,1.37,46.0
702459,上櫃,0.65,0.66,65.0
702460,上櫃,1.71,1.63,958.0
702461,上櫃,2.17,2.04,73.0
702462,上櫃,2.54,2.54,14.0
702463,上櫃,0.8,0.77,100.0
702464,上櫃,1.63,1.88,251.0
702465,上櫃,1.27,1.43,271.0
702466,上櫃,1.07,1.23,687.0
702467,上櫃,3.19,3.08,26.0
702468,上櫃,1.88,2.03,444.0
702469,上櫃,0.0,0.0,0.0
702470,上櫃,4.24,4.12,96.0
702471,上櫃,1.23,1.23,10.0
702472,上櫃,1.2,1.19,10.0
702473,上櫃,1.59,1.59,2.0
702474,上櫃,0.0,0.0,0.0
702475,上櫃,1.99,1.96,20.0
702476,上櫃,2.65,2.65,61.0
702477,上櫃,2.7,2.69,10.0
702478,上櫃,0.0,0.0,0.0
702479,上櫃,2.69,2.69,1.0
702480,上櫃,0.0,0.0,0.0
702481,上櫃,1.21,1.37,399.0
702482,上櫃,2.66,2.67,23.0
702483,上櫃,3.95,3.65,467.0
702484,上櫃,4.58,4.58,4.0
702485,上櫃,0.52,0.51,149.0
702486,上櫃,3.05,2.94,74.0
702487,上櫃,1.88,1.91,25.0
702488,上櫃,0.0,0.0,0.0
702489,上櫃,5.55,5.85,187.0
702490,上櫃,1.01,1.06,30.0
702491,上櫃,1.26,1.25,85.0
702492,上櫃,0.0,0.0,0.0
702493,上櫃,0.71,0.7,69.0
702494,上櫃,1.41,1.39,19.0
702495,上櫃,1.85,1.9,1190.0
702496,上櫃,1.99,1.99,956.0
702497,上櫃,2.46,2.57,40.0
702498,上櫃,0.74,0.82,378.0
702499,上櫃,1.63,1.63,21.0
702500,上櫃,0.29,0.29,191.0
702501,上櫃,0.59,0.6,62.0
702502,上櫃,2.7,2.76,59.0
702503,上櫃,0.0,0.0,0.0
702504,上櫃,5.05,4.63,36.0
702505,上櫃,4.91,4.67,51.0
702506,上櫃,2.84,2.76,47.0
702507,上櫃,0.0,0.0,0.0
702508,上櫃,2.17,2.4,458.0
702509,上櫃,3.25,2.96,52.0
702510,上櫃,1.69,1.61,61.0
702511,上櫃,0.0,0.0,0.0
702512,上櫃,1.32,1.28,4.0
702513,上櫃,0.0,0.0,0.0
702514,上櫃,1.14,1.11,85.0
702515,上櫃,0.0,0.0,0.0
702516,上櫃,2.3,2.45,608.0
702517,上櫃,3.57,3.57,4.0
702518,上櫃,1.2,1.06,111.0
702519,上櫃,0.0,0.0,0.0
702520,上櫃,0.52,0.62,104.0
702521,上櫃,10.7,11.5,106.0
702522,上櫃,0.0,0.0,0.0
702523,上櫃,1.1,1.14,180.0
702524,上櫃,3.91,4.25,71.0
702525,上櫃,5.5,5.05,49.0
702526,上櫃,3.76,4.11,4.0
702527,上櫃,0.0,0.0,0.0
702528,上櫃,0.0,0.0,0.0
702529,上櫃,4.09,4.56,330.0
702530,上櫃,2.85,2.93,84.0
702531,上櫃,3.79,3.79,5.0
702532,上櫃,0.0,0.0,0.0
702533,上櫃,1.77,1.68,110.0
702534,上櫃,1.44,1.43,69.0
702535,上櫃,3.64,4.01,191.0
702536,上櫃,0.64,0.71,518.0
702537,上櫃,2.59,2.79,695.0
702538,上櫃,2.26,2.18,1135.0
702539,上櫃,0.0,0.0,0.0
702540,上櫃,0.94,0.87,115.0
702541,上櫃,0.98,0.9,210.0
702542,上櫃,0.0,0.0,0.0
702543,上櫃,1.04,1.03,709.0
702544,上櫃,0.0,0.0,0.0
702545,上櫃,2.3,2.49,334.0
702546,上櫃,2.52,2.52,73.0
702547,上櫃,0.0,0.0,0.0
702548,上櫃,1.86,1.95,634.0
702549,上櫃,1.48,1.45,139.0
702550,上櫃,1.54,1.65,194.0
702551,上櫃,2.4,2.4,60.0
702552,上櫃,2.58,2.35,265.0
702553,上櫃,1.46,1.54,365.0
702554,上櫃,5.0,5.1,57.0
702555,上櫃,1.19,1.19,10.0
702556,上櫃,0.0,0.0,0.0
702557,上櫃,5.1,5.3,961.0
702558,上櫃,1.59,1.63,101.0
702559,上櫃,0.74,0.74,102.0
702560,上櫃,1.23,1.3,2521.0
702561,上櫃,0.0,0.0,0.0
702562,上櫃,0.0,0.0,0.0
702563,上櫃,0.0,0.0,0.0
702564,上櫃,1.17,1.17,3.0
702565,上櫃,2.69,3.5,408.0
702566,上櫃,0.86,0.86,101.0
702567,上櫃,2.0,2.13,338.0
702568,上櫃,2.04,2.14,57.0
702569,上櫃,3.13,3.07,19.0
702570,上櫃,0.0,0.0,0.0
702571,上櫃,1.47,1.6,249.0
702572,上櫃,2.03,2.05,3325.0
702573,上櫃,1.31,1.29,1160.0
702574,上櫃,2.18,2.15,88.0
702575,上櫃,1.47,1.47,305.0
702576,上櫃,2.88,2.8,49.0
702577,上櫃,0.0,0.0,0.0
702578,上櫃,5.25,5.2,21.0
702579,上櫃,6.0,6.4,346.0
702580,上櫃,1.6,1.7,57.0
702581,上櫃,1.67,1.66,79.0
702582,上櫃,1.13,1.13,22.0
702583,上櫃,1.45,1.45,5.0
702584,上櫃,0.0,0.0,0.0
702585,上櫃,0.0,0.0,0.0
702586,上櫃,1.43,1.44,40.0
702587,上櫃,1.52,1.51,1300.0
702588,上櫃,1.24,1.15,177.0
702589,上櫃,1.35,1.35,163.0
702590,上櫃,2.0,1.92,231.0
702591,上櫃,1.89,1.87,211.0
702592,上櫃,2.03,2.01,51.0
702593,上櫃,2.04,1.97,318.0
702594,上櫃,3.38,3.16,143.0
702595,上櫃,0.0,0.0,0.0
702596,上櫃,1.5,1.41,85.0
702597,上櫃,1.71,1.62,91.0
702598,上櫃,0.0,0.0,0.0
702599,上櫃,1.51,1.65,685.0
702600,上櫃,0.8,0.85,1171.0
702601,上櫃,0.55,0.59,812.0
702602,上櫃,0.0,0.0,0.0
702603,上櫃,0.66,0.63,8.0
702604,上櫃,0.0,0.0,0.0
702605,上櫃,0.54,0.56,17.0
702606,上櫃,4.42,4.69,53.0
702607,上櫃,0.62,0.56,1516.0
702608,上櫃,0.0,0.0,0.0
702609,上櫃,0.67,0.67,30.0
702610,上櫃,1.02,1.02,49.0
702611,上櫃,0.84,0.84,10.0
702612,上櫃,0.92,0.91,393.0
702613,上櫃,0.99,0.95,371.0
702614,上櫃,2.03,1.93,180.0
702615,上櫃,1.19,1.2,154.0
702616,上櫃,0.9,0.87,47.0
702617,上櫃,0.91,0.91,30.0
702618,上櫃,1.5,1.47,28.0
702619,上櫃,1.19,1.17,60.0
702620,上櫃,0.0,0.0,0.0
702621,上櫃,1.66,1.66,10.0
702622,上櫃,3.1,2.84,56.0
702623,上櫃,0.57,0.63,1327.0
702624,上櫃,0.78,0.67,661.0
702625,上櫃,0.42,0.45,297.0
702626,上櫃,0.74,0.7,189.0
702627,上櫃,0.9,0.9,264.0
702628,上櫃,2.78,3.15,933.0
702629,上櫃,1.11,1.11,27.0
702630,上櫃,4.86,5.0,424.0
702631,上櫃,0.0,0.0,0.0
702632,上櫃,2.0,1.87,37.0
702633,上櫃,1.18,1.18,80.0
702634,上櫃,1.49,1.47,20.0
702635,上櫃,2.23,2.09,559.0
702636,上櫃,2.08,1.95,2578.0
702637,上櫃,4.3,4.4,712.0
702638,上櫃,1.71,1.71,1.0
702639,上櫃,0.85,0.95,493.0
702640,上櫃,0.78,0.98,651.0
702641,上櫃,0.55,0.53,130.0
702642,上櫃,1.05,1.16,784.0
702643,上櫃,1.74,1.92,1198.0
702644,上櫃,0.0,0.0,0.0
702645,上櫃,1.53,1.29,314.0
702646,上櫃,1.23,1.29,54.0
702647,上櫃,0.76,0.71,1531.0
702648,上櫃,1.18,1.12,237.0
702649,上櫃,1.91,1.91,46.0
702650,上櫃,0.0,0.0,0.0
702651,上櫃,0.0,0.0,0.0
702652,上櫃,1.41,1.46,135.0
702653,上櫃,3.54,3.3,14.0
702654,上櫃,2.97,2.75,23.0
702655,上櫃,0.0,0.0,0.0
702656,上櫃,0.53,0.58,59.0
702657,上櫃,1.55,1.52,11.0
702658,上櫃,1.0,0.99,254.0
702659,上櫃,0.87,0.87,64.0
702660,上櫃,1.04,0.99,2.0
702661,上櫃,0.0,0.0,0.0
702662,上櫃,0.0,0.0,0.0
702663,上櫃,1.17,1.14,92.0
702664,上櫃,1.09,1.09,13.0
702665,上櫃,2.66,2.61,52.0
702666,上櫃,0.8,0.87,293.0
702667,上櫃,0.52,0.53,118.0
702668,上櫃,3.2,3.2,3.0
702669,上櫃,3.34,3.1,12.0
702670,上櫃,3.25,3.28,25.0
702671,上櫃,1.18,1.32,486.0
702672,上櫃,3.42,3.64,52.0
702673,上櫃,1.76,1.82,72.0
702674,上櫃,0.82,0.85,660.0
702675,上櫃,2.24,2.49,238.0
702676,上櫃,1.37,1.48,529.0
702677,上櫃,2.14,2.14,1.0
702678,上櫃,0.66,0.65,92.0
702679,上櫃,1.23,1.19,69.0
702680,上櫃,1.46,1.52,9.0
702681,上櫃,1.38,1.44,30.0
702682,上櫃,1.39,1.39,14.0
702683,上櫃,1.19,1.19,52.0
702684,上櫃,0.0,0.0,0.0
702685,上櫃,0.0,0.0,0.0
702686,上櫃,1.24,1.36,647.0
702687,上櫃,1.64,1.85,52.0
702688,上櫃,1.09,1.09,2.0
702689,上櫃,1.5,1.41,433.0
702690,上櫃,2.62,2.62,8.0
702691,上櫃,3.3,2.87,137.0
702692,上櫃,0.0,0.0,0.0
702693,上櫃,1.35,1.36,30.0
702694,上櫃,0.0,0.0,0.0
702695,上櫃,3.4,3.57,333.0
702696,上櫃,1.47,1.54,35.0
702697,上櫃,0.55,0.56,61.0
702698,上櫃,0.0,0.0,0.0
702699,上櫃,0.82,0.82,30.0
702700,上櫃,3.33,3.4,20.0
702701,上櫃,2.06,1.87,20.0
702702,上櫃,0.0,0.0,0.0
702703,上櫃,1.05,1.09,30.0
702704,上櫃,0.0,0.0,0.0
702705,上櫃,0.0,0.0,0.0
702706,上櫃,2.8,3.59,27.0
702707,上櫃,3.31,3.51,60.0
702708,上櫃,0.0,0.0,0.0
702709,上櫃,7.95,8.0,52.0
702710,上櫃,2.05,2.37,406.0
702711,上櫃,1.34,1.52,52.0
702712,上櫃,0.0,0.0,0.0
702713,上櫃,0.51,0.51,38.0
702714,上櫃,0.34,0.41,510.0
702715,上櫃,0.28,0.26,539.0
702716,上櫃,0.41,0.43,1600.0
702717,上櫃,1.24,1.24,674.0
702718,上櫃,1.59,1.47,24.0
702719,上櫃,0.5,0.5,60.0
702720,上櫃,1.93,1.98,83.0
702721,上櫃,1.76,1.82,295.0
702722,上櫃,1.32,1.22,4.0
702723,上櫃,1.32,1.34,153.0
702724,上櫃,1.2,1.23,307.0
702725,上櫃,0.92,0.95,294.0
702726,上櫃,1.2,1.23,74.0
702727,上櫃,0.97,0.91,298.0
702728,上櫃,0.72,0.7,201.0
702729,上櫃,0.0,0.0,0.0
702730,上櫃,0.0,0.0,0.0
702731,上櫃,1.63,1.96,507.0
702732,上櫃,0.0,0.0,0.0
702733,上櫃,4.14,3.65,300.0
702734,上櫃,4.21,3.57,534.0
702735,上櫃,4.18,3.69,103.0
702736,上櫃,0.7,0.7,10.0
702737,上櫃,3.75,3.9,34.0
702738,上櫃,2.28,2.38,126.0
702739,上櫃,3.32,3.32,1.0
702740,上櫃,1.17,1.22,97.0
702741,上櫃,0.0,0.0,0.0
702742,上櫃,0.98,0.98,6.0
702743,上櫃,0.0,0.0,0.0
702744,上櫃,4.4,4.38,3.0
702745,上櫃,1.41,1.31,61.0
702746,上櫃,2.46,2.42,34.0
702747,上櫃,0.0,0.0,0.0
702748,上櫃,0.0,0.0,0.0
702749,上櫃,1.25,1.12,337.0
702750,上櫃,0.0,0.0,0.0
702751,上櫃,0.0,0.0,0.0
702752,上櫃,0.94,0.87,394.0
702753,上櫃,0.0,0.0,0.0
702754,上櫃,5.15,5.15,10.0
702755,上櫃,4.67,4.13,110.0
702756,上櫃,1.48,1.48,8.0
702757,上櫃,2.38,2.44,3.0
702758,上櫃,3.92,3.58,9.0
702759,上櫃,0.0,0.0,0.0
702760,上櫃,3.06,2.68,305.0
702761,上櫃,0.0,0.0,0.0
702762,上櫃,0.0,0.0,0.0
702763,上櫃,0.0,0.0,0.0
702764,上櫃,0.87,0.89,31.0
702765,上櫃,0.81,0.84,45.0
702766,上櫃,1.09,0.94,902.0
702767,上櫃,1.21,1.06,225.0
702768,上櫃,0.0,0.0,0.0
702769,上櫃,7.0,8.1,34.0
702770,上櫃,0.88,0.87,173.0
702771,上櫃,2.81,2.47,194.0
702772,上櫃,5.45,5.65,105.0
702773,上櫃,3.12,2.77,105.0
702774,上櫃,0.0,0.0,0.0
702775,上櫃,0.91,0.91,30.0
702776,上櫃,2.04,2.04,21.0
702777,上櫃,0.0,0.0,0.0
702778,上櫃,1.93,1.93,30.0
702779,上櫃,4.02,3.34,23.0
702780,上櫃,6.5,5.5,119.0
702781,上櫃,3.45,3.58,62.0
702782,上櫃,2.56,2.56,9.0
702783,上櫃,0.0,0.0,0.0
702784,上櫃,0.0,0.0,0.0
702785,上櫃,1.86,1.86,1.0
702786,上櫃,1.24,1.4,40.0
702787,上櫃,0.51,0.46,615.0
702788,上櫃,1.51,1.51,31.0
702789,上櫃,1.72,1.65,14.0
702790,上櫃,4.17,4.37,107.0
702791,上櫃,1.34,1.34,30.0
702792,上櫃,1.59,1.43,28.0
702793,上櫃,0.0,0.0,0.0
702794,上櫃,2.15,2.12,41.0
702795,上櫃,1.29,1.44,110.0
702796,上櫃,1.24,1.32,191.0
702797,上櫃,4.63,5.5,96.0
702798,上櫃,0.0,0.0,0.0
702799,上櫃,4.93,4.66,143.0
702800,上櫃,2.18,1.89,600.0
702801,上櫃,1.79,2.03,212.0
702802,上櫃,1.54,1.32,823.0
702803,上櫃,1.48,1.48,21.0
702804,上櫃,0.0,0.0,0.0
702805,上櫃,1.56,1.43,444.0
702806,上櫃,3.29,3.29,5.0
702807,上櫃,1.21,1.28,158.0
702808,上櫃,0.7,0.7,419.0
702809,上櫃,0.94,0.94,165.0
702810,上櫃,0.87,0.85,126.0
702811,上櫃,0.76,0.8,2.0
702812,上櫃,2.3,2.4,417.0
702813,上櫃,1.25,1.31,66.0
702814,上櫃,0.0,0.0,0.0
702815,上櫃,1.43,1.5,89.0
702816,上櫃,1.9,1.98,106.0
702817,上櫃,0.0,0.0,0.0
702818,上櫃,0.0,0.0,0.0
702819,上櫃,4.75,4.49,320.0
702820,上櫃,1.58,1.42,49.0
702821,上櫃,1.45,1.32,98.0
702822,上櫃,3.16,3.46,115.0
702823,上櫃,0.0,0.0,0.0
702824,上櫃,2.0,2.05,25.0
702825,上櫃,2.3,2.3,10.0
702826,上櫃,1.7,1.62,96.0
702827,上櫃,1.63,1.85,1448.0
702828,上櫃,0.48,0.48,25.0
702829,上櫃,0.0,0.0,0.0
702830,上櫃,0.0,0.0,0.0
702831,上櫃,3.21,3.29,36.0
702832,上櫃,0.0,0.0,0.0
702833,上櫃,3.4,3.65,105.0
702834,上櫃,0.0,0.0,0.0
702835,上櫃,2.58,3.15,44.0
702836,上櫃,1.89,1.62,696.0
702837,上櫃,0.56,0.55,177.0
702838,上櫃,0.86,0.96,502.0
702839,上櫃,1.92,1.95,66.0
702840,上櫃,3.74,3.72,36.0
702841,上櫃,0.0,0.0,0.0
702842,上櫃,0.0,0.0,0.0
702843,上櫃,0.0,0.0,0.0
702844,上櫃,1.83,2.21,253.0
702845,上櫃,1.61,1.75,897.0
702846,上櫃,5.05,4.99,162.0
702847,上櫃,0.0,0.0,0.0
702848,上櫃,1.44,1.25,14.0
702849,上櫃,0.0,0.0,0.0
702850,上櫃,0.81,0.89,705.0
702851,上櫃,1.11,1.39,121.0
702852,上櫃,4.11,4.11,10.0
702853,上櫃,1.66,1.66,100.0
702854,上櫃,0.85,0.85,3.0
702855,上櫃,0.0,0.0,0.0
702856,上櫃,0.0,0.0,0.0
702857,上櫃,4.01,3.7,145.0
702858,上櫃,2.91,2.75,22.0
702859,上櫃,2.16,2.31,47.0
702860,上櫃,3.36,3.9,78.0
702861,上櫃,0.0,0.0,0.0
702862,上櫃,2.28,2.43,83.0
702863,上櫃,1.96,1.79,129.0
702864,上櫃,1.62,1.92,70.0
702865,上櫃,1.37,1.31,90.0
702866,上櫃,3.12,3.11,9.0
702867,上櫃,1.53,1.37,3053.0
702868,上櫃,0.0,0.0,0.0
702869,上櫃,12.1,12.3,4.0
702870,上櫃,0.0,0.0,0.0
702871,上櫃,1.26,1.2,79.0
702872,上櫃,1.21,1.25,63.0
702873,上櫃,0.84,0.85,59.0
702874,上櫃,0.0,0.0,0.0
702875,上櫃,2.95,3.11,65.0
702876,上櫃,3.56,3.76,359.0
702877,上櫃,3.03,3.03,6.0
702878,上櫃,0.0,0.0,0.0
702879,上櫃,0.0,0.0,0.0
702880,上櫃,1.69,1.76,86.0
702881,上櫃,0.72,0.72,824.0
702882,上櫃,1.27,1.27,4.0
702883,上櫃,1.37,1.41,388.0
702884,上櫃,1.34,1.35,24.0
702885,上櫃,1.91,2.04,259.0
702886,上櫃,1.38,1.47,775.0
702887,上櫃,2.49,2.39,106.0
702888,上櫃,1.33,1.46,413.0
702889,上櫃,0.92,0.92,54.0
702890,上櫃,1.57,1.95,217.0
702891,上櫃,2.72,3.04,203.0
702892,上櫃,0.0,0.0,0.0
702893,上櫃,0.5,0.48,110.0
702894,上櫃,3.83,3.57,72.0
702895,上櫃,1.22,1.24,27.0
702896,上櫃,2.47,2.47,18.0
702897,上櫃,2.57,2.57,10.0
702898,上櫃,2.48,2.51,251.0
702899,上櫃,1.22,1.19,133.0
702900,上櫃,1.52,1.51,80.0
702901,上櫃,1.04,0.91,771.0
702902,上櫃,1.58,1.72,63.0
702903,上櫃,2.03,2.03,5.0
702904,上櫃,1.16,1.16,14.0
702905,上櫃,8.45,8.45,10.0
702906,上櫃,0.59,0.58,500.0
702907,上櫃,1.74,1.92,107.0
702908,上櫃,1.55,1.55,1.0
702909,上櫃,1.2,1.14,55.0
702910,上櫃,0.0,0.0,0.0
702911,上櫃,0.81,0.79,817.0
702912,上櫃,0.76,0.85,663.0
702913,上櫃,1.31,1.47,388.0
702914,上櫃,0.91,0.83,202.0
702915,上櫃,1.23,1.23,199.0
702916,上櫃,1.37,1.43,276.0
702917,上櫃,0.5,0.6,239.0
702918,上櫃,2.75,2.75,2.0
702919,上櫃,1.12,1.19,355.0
702920,上櫃,3.03,3.12,226.0
702921,上櫃,1.99,2.24,276.0
702922,上櫃,0.96,0.96,20.0
702923,上櫃,0.56,0.56,165.0
702924,上櫃,1.15,1.0,31.0
702925,上櫃,0.0,0.0,0.0
702926,上櫃,0.85,0.86,403.0
702927,上櫃,0.68,0.7,38.0
702928,上櫃,0.74,0.81,608.0
702929,上櫃,1.69,1.73,428.0
702930,上櫃,3.36,3.32,11.0
702931,上櫃,2.39,2.66,196.0
702932,上櫃,3.18,3.15,24.0
702933,上櫃,1.37,1.37,10.0
702934,上櫃,2.32,2.32,12.0
702935,上櫃,2.24,2.51,91.0
702936,上櫃,1.28,1.26,554.0
702937,上櫃,1.5,1.5,20.0
702938,上櫃,3.01,3.32,167.0
702939,上櫃,1.94,2.15,211.0
702940,上櫃,1.57,1.48,54.0
702941,上櫃,2.13,2.04,81.0
702942,上櫃,2.52,2.47,55.0
702943,上櫃,1.77,1.68,47.0
702944,上櫃,1.88,2.07,85.0
702945,上櫃,1.45,1.56,464.0
702946,上櫃,2.3,2.3,10.0
702947,上櫃,2.26,2.63,144.0
702948,上櫃,1.58,1.6,295.0
702949,上櫃,2.46,2.21,50.0
702950,上櫃,1.9,2.8,597.0
702951,上櫃,1.53,1.52,30.0
702952,上櫃,1.15,1.66,176.0
702953,上櫃,0.44,0.46,242.0
702954,上櫃,1.71,1.72,20.0
702955,上櫃,0.0,0.0,0.0
702956,上櫃,0.0,0.0,0.0
702957,上櫃,0.0,0.0,0.0
702958,上櫃,0.0,0.0,0.0
702959,上櫃,3.23,3.23,1.0
702960,上櫃,1.94,1.93,24.0
702961,上櫃,2.62,2.78,48.0
702962,上櫃,0.0,0.0,0.0
702963,上櫃,1.3,1.24,34.0
702964,上櫃,1.36,1.34,61.0
702965,上櫃,1.84,1.84,122.0
702966,上櫃,0.0,0.0,0.0
702967,上櫃,1.95,2.07,113.0
702968,上櫃,2.3,2.25,20.0
702969,上櫃,4.99,5.0,200.0
702970,上櫃,1.95,1.75,105.0
702971,上櫃,2.07,2.22,238.0
702972,上櫃,4.7,4.62,3.0
702973,上櫃,3.15,3.24,37.0
702974,上櫃,1.62,1.62,3.0
702975,上櫃,1.81,1.81,46.0
702976,上櫃,1.64,1.63,187.0
702977,上櫃,2.08,2.08,5.0
702978,上櫃,2.91,3.08,43.0
702979,上櫃,0.63,0.58,125.0
702980,上櫃,0.65,0.65,10.0
702981,上櫃,0.95,1.1,84.0
702982,上櫃,0.68,0.67,45.0
702983,上櫃,4.37,4.22,6.0
702984,上櫃,1.49,1.39,775.0
702985,上櫃,0.0,0.0,0.0
702986,上櫃,0.0,0.0,0.0
702987,上櫃,2.88,2.99,91.0
702988,上櫃,0.0,0.0,0.0
702989,上櫃,1.55,1.52,39.0
702990,上櫃,3.36,3.23,97.0
702991,上櫃,1.73,1.99,57.0
702992,上櫃,1.55,2.03,57.0
702993,上櫃,1.03,1.04,563.0
702994,上櫃,0.0,0.0,0.0
702995,上櫃,4.41,4.09,49.0
702996,上櫃,0.89,0.89,50.0
702997,上櫃,2.69,2.8,89.0
702998,上櫃,0.0,0.0,0.0
702999,上櫃,1.19,1.1,63.0
703000,上櫃,1.91,1.97,238.0
703001,上櫃,0.0,0.0,0.0
703002,上櫃,0.0,0.0,0.0
703003,上櫃,1.4,1.58,53.0
703004,上櫃,1.66,1.67,35.0
703005,上櫃,3.52,3.52,1.0
703006,上櫃,2.29,2.11,30.0
703007,上櫃,1.1,1.1,20.0
703008,上櫃,1.45,1.48,46.0
703009,上櫃,1.57,1.81,149.0
703010,上櫃,2.84,2.84,1.0
703011,上櫃,1.21,1.32,110.0
703012,上櫃,0.0,0.0,0.0
703013,上櫃,1.43,1.43,20.0
703014,上櫃,1.18,1.23,172.0
703015,上櫃,0.9,0.9,152.0
703016,上櫃,0.76,0.81,202.0
703017,上櫃,0.0,0.0,0.0
703018,上櫃,0.63,0.71,299.0
703019,上櫃,2.45,2.6,62.0
703020,上櫃,2.38,2.51,122.0
703021,上櫃,0.0,0.0,0.0
703022,上櫃,3.18,3.04,38.0
703023,上櫃,1.54,1.67,630.0
703024,上櫃,0.0,0.0,0.0
703025,上櫃,1.6,1.56,68.0
703026,上櫃,1.92,2.4,81.0
703027,上櫃,1.75,1.9,605.0
703028,上櫃,4.61,5.65,47.0
703029,上櫃,2.66,2.64,11.0
703030,上櫃,1.09,1.18,150.0
703031,上櫃,0.0,0.0,0.0
703032,上櫃,0.0,0.0,0.0
703033,上櫃,2.46,2.46,6.0
703034,上櫃,1.18,1.17,180.0
703035,上櫃,3.6,3.94,259.0
703036,上櫃,0.62,0.64,220.0
703037,上櫃,1.96,2.24,238.0
703038,上櫃,0.0,0.0,0.0
703039,上櫃,4.58,4.38,68.0
703040,上櫃,5.75,5.45,72.0
703041,上櫃,2.09,2.09,1.0
703042,上櫃,1.82,2.35,325.0
703043,上櫃,0.57,0.69,228.0
703044,上櫃,0.0,0.0,0.0
703045,上櫃,0.67,0.67,48.0
703046,上櫃,2.92,2.73,50.0
703047,上櫃,0.99,0.93,36.0
703048,上櫃,0.81,0.74,137.0
703049,上櫃,3.33,3.13,19.0
703050,上櫃,0.0,0.0,0.0
703051,上櫃,0.81,0.84,33.0
703052,上櫃,1.39,1.39,61.0
703053,上櫃,0.92,0.91,95.0
703054,上櫃,2.66,2.64,104.0
703055,上櫃,1.74,1.62,157.0
703056,上櫃,0.87,0.87,22.0
703057,上櫃,0.65,0.68,211.0
703058,上櫃,1.48,1.48,1.0
703059,上櫃,0.0,0.0,0.0
703060,上櫃,1.04,1.3,76.0
703061,上櫃,2.17,2.42,134.0
703062,上櫃,1.65,1.81,154.0
703063,上櫃,0.0,0.0,0.0
703064,上櫃,3.21,3.16,35.0
703065,上櫃,0.0,0.0,0.0
703066,上櫃,0.0,0.0,0.0
703067,上櫃,1.0,1.05,141.0
703068,上櫃,1.46,1.46,12.0
703069,上櫃,1.25,1.25,40.0
703070,上櫃,2.48,2.67,322.0
703071,上櫃,7.75,7.75,1.0
703072,上櫃,1.14,1.14,30.0
703073,上櫃,3.98,3.81,61.0
703074,上櫃,0.0,0.0,0.0
703075,上櫃,1.97,1.8,43.0
703076,上櫃,0.0,0.0,0.0
703077,上櫃,0.66,0.63,489.0
703078,上櫃,0.0,0.0,0.0
703079,上櫃,0.0,0.0,0.0
703080,上櫃,0.0,0.0,0.0
703081,上櫃,1.41,1.41,3.0
703082,上櫃,1.05,1.09,356.0
703083,上櫃,0.95,1.05,317.0
703084,上櫃,0.0,0.0,0.0
703085,上櫃,1.31,1.31,20.0
703086,上櫃,1.11,1.28,499.0
703087,上櫃,0.0,0.0,0.0
703088,上櫃,5.35,6.15,130.0
703089,上櫃,1.46,1.49,126.0
703090,上櫃,1.33,1.33,2.0
703091,上櫃,2.84,2.84,5.0
703092,上櫃,4.36,4.81,59.0
703093,上櫃,0.0,0.0,0.0
703094,上櫃,0.55,0.63,60.0
703095,上櫃,8.9,9.05,26.0
703096,上櫃,1.0,1.02,746.0
703097,上櫃,0.0,0.0,0.0
703098,上櫃,14.1,13.9,17.0
703099,上櫃,6.7,7.0,6.0
703100,上櫃,0.61,0.58,96.0
703101,上櫃,3.36,3.29,195.0
703102,上櫃,2.97,2.92,173.0
703103,上櫃,0.88,0.98,293.0
703104,上櫃,1.12,1.17,146.0
703105,上櫃,1.29,1.36,599.0
703106,上櫃,2.51,2.26,138.0
703107,上櫃,5.05,5.05,14.0
703108,上櫃,0.0,0.0,0.0
703109,上櫃,0.0,0.0,0.0
703110,上櫃,3.85,3.79,74.0
703111,上櫃,1.49,1.45,152.0
703112,上櫃,0.0,0.0,0.0
703113,上櫃,1.22,1.21,40.0
703114,上櫃,0.87,0.91,447.0
703115,上櫃,5.15,4.69,79.0
703116,上櫃,0.89,1.02,74.0
703117,上櫃,0.9,0.99,56.0
703118,上櫃,1.52,1.52,2.0
703119,上櫃,0.0,0.0,0.0
703120,上櫃,0.92,0.92,1.0
703121,上櫃,1.07,1.1,134.0
703122,上櫃,1.25,1.31,150.0
703123,上櫃,3.93,3.63,30.0
703124,上櫃,3.86,3.37,71.0
703125,上櫃,2.19,2.01,367.0
703126,上櫃,1.16,1.18,49.0
703127,上櫃,1.26,1.24,107.0
703128,上櫃,1.07,1.07,10.0
703129,上櫃,1.26,1.31,172.0
703130,上櫃,0.7,0.8,729.0
703131,上櫃,2.33,2.28,56.0
703132,上櫃,1.17,1.13,270.0
703133,上櫃,0.51,0.5,659.0
703134,上櫃,0.71,0.73,281.0
703135,上櫃,0.8,0.75,650.0
703136,上櫃,0.5,0.55,309.0
703137,上櫃,0.0,0.0,0.0
703138,上櫃,1.02,1.02,584.0
703139,上櫃,0.8,0.87,1729.0
703140,上櫃,3.26,3.44,12.0
703141,上櫃,0.88,1.1,211.0
703142,上櫃,2.05,2.46,95.0
703143,上櫃,0.8,0.86,23.0
703144,上櫃,0.87,0.93,307.0
703145,上櫃,0.0,0.0,0.0
703146,上櫃,5.85,5.95,244.0
703147,上櫃,0.0,0.0,0.0
703148,上櫃,0.78,0.78,113.0
703149,上櫃,1.27,1.28,234.0
703150,上櫃,1.12,1.28,231.0
703151,上櫃,1.04,1.07,387.0
703152,上櫃,3.68,3.04,73.0
703153,上櫃,2.02,2.02,50.0
703154,上櫃,0.0,0.0,0.0
703155,上櫃,0.91,0.94,30.0
703156,上櫃,2.14,2.2,160.0
703157,上櫃,1.08,1.08,82.0
703158,上櫃,0.47,0.47,20.0
703159,上櫃,0.0,0.0,0.0
703160,上櫃,1.38,1.77,6.0
703161,上櫃,3.7,3.92,240.0
703162,上櫃,1.24,1.24,97.0
703163,上櫃,1.35,1.35,3.0
703164,上櫃,0.83,0.93,367.0
703165,上櫃,0.0,0.0,0.0
703166,上櫃,2.43,2.23,172.0
703167,上櫃,1.71,1.42,616.0
703168,上櫃,0.76,0.76,501.0
703169,上櫃,0.0,0.0,0.0
703170,上櫃,0.87,0.87,20.0
703171,上櫃,0.99,0.98,126.0
703172,上櫃,1.3,1.36,145.0
703173,上櫃,1.3,1.38,140.0
703174,上櫃,0.0,0.0,0.0
703175,上櫃,0.0,0.0,0.0
703176,上櫃,0.84,0.86,40.0
703177,上櫃,1.29,1.31,241.0
703178,上櫃,1.41,1.41,63.0
703179,上櫃,0.0,0.0,0.0
703180,上櫃,0.84,0.84,21.0
703181,上櫃,0.0,0.0,0.0
703182,上櫃,2.2,2.13,305.0
703183,上櫃,1.44,1.52,73.0
703184,上櫃,0.0,0.0,0.0
703185,上櫃,4.08,3.71,7.0
703186,上櫃,3.34,3.26,49.0
703187,上櫃,3.94,3.62,24.0
703188,上櫃,1.82,1.83,417.0
703189,上櫃,3.73,4.12,59.0
703190,上櫃,0.94,1.12,101.0
703191,上櫃,0.98,0.98,1.0
703192,上櫃,0.0,0.0,0.0
703193,上櫃,1.64,1.7,172.0
703194,上櫃,1.4,1.33,124.0
703195,上櫃,1.07,1.07,100.0
703196,上櫃,3.51,3.8,36.0
703197,上櫃,1.47,1.37,55.0
703198,上櫃,1.19,1.23,89.0
703199,上櫃,0.0,0.0,0.0
703200,上櫃,0.76,0.75,74.0
703201,上櫃,0.0,0.0,0.0
703202,上櫃,0.73,0.7,239.0
703203,上櫃,0.77,0.77,208.0
703204,上櫃,1.52,1.44,209.0
703205,上櫃,1.11,1.11,146.0
703206,上櫃,1.77,1.79,279.0
703207,上櫃,0.0,0.0,0.0
703208,上櫃,0.72,0.69,12.0
703209,上櫃,0.0,0.0,0.0
703210,上櫃,0.0,0.0,0.0
703211,上櫃,1.16,1.18,128.0
703212,上櫃,1.41,1.39,9.0
703213,上櫃,1.31,1.31,55.0
703214,上櫃,2.03,2.19,56.0
703215,上櫃,1.3,1.41,918.0
703216,上櫃,0.44,0.45,10.0
703217,上櫃,2.2,2.2,114.0
703218,上櫃,0.51,0.51,29.0
703219,上櫃,1.84,1.75,7.0
703220,上櫃,0.98,0.98,100.0
703221,上櫃,0.0,0.0,0.0
703222,上櫃,7.2,7.2,30.0
703223,上櫃,2.2,2.2,14.0
703224,上櫃,0.0,0.0,0.0
703225,上櫃,1.51,1.94,183.0
703226,上櫃,0.0,0.0,0.0
703227,上櫃,0.0,0.0,0.0
703228,上櫃,1.81,1.77,97.0
703229,上櫃,4.6,4.22,110.0
703230,上櫃,2.37,2.8,133.0
703231,上櫃,1.57,1.45,212.0
703232,上櫃,1.85,1.83,3.0
703233,上櫃,4.42,4.28,151.0
703234,上櫃,1.8,2.12,45.0
703235,上櫃,1.18,1.21,56.0
703236,上櫃,0.75,0.75,826.0
703237,上櫃,0.0,0.0,0.0
703238,上櫃,1.7,1.83,51.0
703239,上櫃,1.43,1.54,53.0
703240,上櫃,1.13,1.12,377.0
703241,上櫃,1.12,1.21,94.0
703242,上櫃,0.0,0.0,0.0
703243,上櫃,0.0,0.0,0.0
703244,上櫃,0.0,0.0,0.0
703245,上櫃,0.0,0.0,0.0
703246,上櫃,1.03,1.1,1041.0
703247,上櫃,1.27,1.37,251.0
703248,上櫃,0.0,0.0,0.0
703249,上櫃,1.3,1.42,133.0
703250,上櫃,3.54,3.38,90.0
703251,上櫃,0.53,0.51,136.0
703252,上櫃,1.91,2.03,259.0
703253,上櫃,1.6,1.92,80.0
703254,上櫃,1.66,1.75,21.0
703255,上櫃,1.4,1.43,33.0
703256,上櫃,3.74,3.56,68.0
703257,上櫃,0.0,0.0,0.0
703258,上櫃,1.5,1.42,863.0
703259,上櫃,0.46,0.42,280.0
703260,上櫃,0.0,0.0,0.0
703261,上櫃,4.5,4.82,54.0
703262,上櫃,1.87,1.75,72.0
703263,上櫃,0.0,0.0,0.0
703264,上櫃,0.0,0.0,0.0
703265,上櫃,0.94,0.94,27.0
703266,上櫃,1.62,1.63,5.0
703267,上櫃,0.72,0.72,8.0
703268,上櫃,1.74,1.88,423.0
703269,上櫃,0.0,0.0,0.0
703270,上櫃,0.0,0.0,0.0
703271,上櫃,0.58,0.6,1628.0
703272,上櫃,0.0,0.0,0.0
703273,上櫃,0.0,0.0,0.0
703274,上櫃,0.0,0.0,0.0
703275,上櫃,3.99,4.62,192.0
703276,上櫃,4.06,4.67,131.0
703277,上櫃,0.0,0.0,0.0
703278,上櫃,2.37,2.59,18.0
703279,上櫃,1.06,1.04,42.0
703280,上櫃,1.05,1.12,22.0
703281,上櫃,1.7,1.79,58.0
703282,上櫃,1.61,1.61,1.0
703283,上櫃,1.63,1.49,870.0
703284,上櫃,3.13,3.13,20.0
703285,上櫃,2.41,2.5,58.0
703286,上櫃,0.0,0.0,0.0
703287,上櫃,1.14,1.18,38.0
703288,上櫃,1.2,1.26,78.0
703289,上櫃,0.0,0.0,0.0
703290,上櫃,0.0,0.0,0.0
703291,上櫃,3.94,3.94,30.0
703292,上櫃,1.79,1.79,5.0
703293,上櫃,1.47,1.47,46.0
703294,上櫃,1.52,1.77,327.0
703295,上櫃,1.34,1.49,996.0
703296,上櫃,1.47,1.47,10.0
703297,上櫃,1.42,1.37,74.0
703298,上櫃,0.0,0.0,0.0
703299,上櫃,0.81,0.86,477.0
703300,上櫃,0.51,0.53,968.0
703301,上櫃,2.03,2.01,197.0
703302,上櫃,1.0,1.03,59.0
703303,上櫃,0.99,1.16,158.0
703304,上櫃,1.07,1.07,10.0
703305,上櫃,0.77,0.8,281.0
703306,上櫃,1.4,1.63,683.0
703307,上櫃,0.89,1.02,166.0
703308,上櫃,3.68,3.68,20.0
703309,上櫃,0.0,0.0,0.0
703310,上櫃,0.48,0.47,152.0
703311,上櫃,0.82,0.82,18.0
703312,上櫃,0.9,0.85,355.0
703313,上櫃,0.0,0.0,0.0
703314,上櫃,0.0,0.0,0.0
703315,上櫃,2.0,2.0,1.0
703316,上櫃,2.9,3.45,69.0
703317,上櫃,2.32,2.32,20.0
703318,上櫃,1.7,2.29,3.0
703319,上櫃,0.98,1.13,208.0
703320,上櫃,0.54,0.54,397.0
703321,上櫃,1.52,1.52,20.0
703322,上櫃,3.78,3.78,2.0
703323,上櫃,0.0,0.0,0.0
703324,上櫃,0.7,0.75,104.0
703325,上櫃,1.76,2.0,156.0
703326,上櫃,0.0,0.0,0.0
703327,上櫃,0.6,0.6,5.0
703328,上櫃,1.25,1.25,6.0
703329,上櫃,1.8,1.81,75.0
703330,上櫃,1.02,1.02,50.0
703331,上櫃,1.72,1.74,72.0
703332,上櫃,0.82,0.82,20.0
703333,上櫃,2.98,2.98,10.0
703334,上櫃,1.83,1.83,5.0
703335,上櫃,0.0,0.0,0.0
703336,上櫃,2.03,1.82,21.0
703337,上櫃,4.51,4.77,77.0
703338,上櫃,0.67,0.65,841.0
703339,上櫃,0.59,0.6,27.0
703340,上櫃,1.51,1.73,741.0
703341,上櫃,0.99,0.99,311.0
703342,上櫃,1.65,1.86,188.0
703343,上櫃,1.94,2.04,118.0
703344,上櫃,0.0,0.0,0.0
703345,上櫃,0.0,0.0,0.0
703346,上櫃,0.0,0.0,0.0
703347,上櫃,0.0,0.0,0.0
703348,上櫃,1.54,1.54,50.0
703349,上櫃,2.52,3.0,235.0
703350,上櫃,1.56,1.59,60.0
703351,上櫃,4.94,4.94,12.0
703352,上櫃,1.41,1.43,47.0
703353,上櫃,1.83,1.84,43.0
703354,上櫃,1.88,1.89,47.0
703355,上櫃,1.97,1.88,86.0
703356,上櫃,0.0,0.0,0.0
703357,上櫃,1.26,1.26,5.0
703358,上櫃,3.17,2.85,103.0
703359,上櫃,1.78,1.78,66.0
703360,上櫃,7.05,7.7,4.0
703361,上櫃,8.2,9.5,5.0
703362,上櫃,2.54,2.55,24.0
703363,上櫃,1.28,1.21,65.0
703364,上櫃,0.0,0.0,0.0
703365,上櫃,1.52,1.6,69.0
703366,上櫃,0.0,0.0,0.0
703367,上櫃,0.0,0.0,0.0
703368,上櫃,2.64,2.69,20.0
703369,上櫃,0.98,0.93,441.0
703370,上櫃,1.51,1.53,112.0
703371,上櫃,1.06,1.07,90.0
703372,上櫃,1.91,1.91,46.0
703373,上櫃,1.29,1.31,22.0
703374,上櫃,0.74,0.74,1.0
703375,上櫃,0.0,0.0,0.0
703376,上櫃,0.0,0.0,0.0
703377,上櫃,1.34,1.34,60.0
703378,上櫃,0.0,0.0,0.0
703379,上櫃,0.89,0.87,67.0
703380,上櫃,0.76,0.78,50.0
703381,上櫃,0.0,0.0,0.0
703382,上櫃,1.46,1.39,20.0
703383,上櫃,1.17,1.17,250.0
703384,上櫃,1.58,1.53,17.0
703385,上櫃,0.71,0.74,387.0
703386,上櫃,0.0,0.0,0.0
703387,上櫃,1.01,0.91,260.0
703388,上櫃,1.45,1.61,677.0
703389,上櫃,0.48,0.49,30.0
703390,上櫃,0.0,0.0,0.0
703391,上櫃,0.0,0.0,0.0
703392,上櫃,3.83,3.83,2.0
703393,上櫃,3.2,3.2,2.0
703394,上櫃,1.53,1.6,1254.0
703395,上櫃,1.28,1.45,1126.0
703396,上櫃,0.91,0.99,1572.0
703397,上櫃,0.0,0.0,0.0
703398,上櫃,0.6,0.6,3.0
703399,上櫃,0.0,0.0,0.0
703400,上櫃,1.66,1.79,378.0
703401,上櫃,0.45,0.45,244.0
703402,上櫃,0.98,0.95,240.0
703403,上櫃,1.7,1.66,22.0
703404,上櫃,1.27,1.47,48.0
703405,上櫃,1.2,1.19,30.0
703406,上櫃,0.55,0.55,5.0
703407,上櫃,0.59,0.59,10.0
703408,上櫃,0.0,0.0,0.0
703409,上櫃,1.53,1.53,14.0
703410,上櫃,0.6,0.6,12.0
703411,上櫃,1.37,1.66,81.0
703412,上櫃,0.69,0.71,916.0
703413,上櫃,1.12,1.1,44.0
703414,上櫃,1.03,1.24,191.0
703415,上櫃,0.44,0.45,320.0
703416,上櫃,0.48,0.46,190.0
703417,上櫃,0.5,0.5,229.0
703418,上櫃,0.0,0.0,0.0
703419,上櫃,0.64,0.64,23.0
703420,上櫃,0.61,0.58,350.0
703421,上櫃,1.14,1.14,20.0
703422,上櫃,1.02,1.02,21.0
703423,上櫃,0.0,0.0,0.0
703424,上櫃,1.39,1.42,76.0
703425,上櫃,1.87,1.87,2.0
703426,上櫃,0.0,0.0,0.0
703427,上櫃,4.0,3.4,37.0
703428,上櫃,1.98,2.04,38.0
703429,上櫃,1.2,1.2,5.0
703430,上櫃,0.0,0.0,0.0
703431,上櫃,0.0,0.0,0.0
703432,上櫃,2.1,2.1,20.0
703433,上櫃,2.77,2.86,74.0
703434,上櫃,2.18,2.17,5.0
703435,上櫃,3.95,4.15,234.0
703436,上櫃,1.94,1.62,513.0
703437,上櫃,1.03,1.03,50.0
703438,上櫃,0.0,0.0,0.0
703439,上櫃,1.15,1.16,31.0
703440,上櫃,1.88,2.1,109.0
703441,上櫃,2.27,2.24,39.0
703442,上櫃,0.0,0.0,0.0
703443,上櫃,0.0,0.0,0.0
703444,上櫃,1.59,1.59,5.0
703445,上櫃,0.0,0.0,0.0
703446,上櫃,2.36,2.36,4.0
703447,上櫃,1.02,1.12,168.0
703448,上櫃,2.16,2.16,17.0
703449,上櫃,0.0,0.0,0.0
703450,上櫃,0.0,0.0,0.0
703451,上櫃,0.0,0.0,0.0
703452,上櫃,1.15,1.15,42.0
703453,上櫃,0.0,0.0,0.0
703454,上櫃,0.0,0.0,0.0
703455,上櫃,0.0,0.0,0.0
703456,上櫃,0.0,0.0,0.0
703457,上櫃,0.0,0.0,0.0
703458,上櫃,0.0,0.0,0.0
703459,上櫃,0.0,0.0,0.0
703460,上櫃,1.72,1.72,1.0
703461,上櫃,0.0,0.0,0.0
703462,上櫃,0.97,1.02,161.0
703463,上櫃,1.15,1.1,618.0
703464,上櫃,0.89,0.79,2071.0
703465,上櫃,0.95,0.94,19.0
703466,上櫃,0.0,0.0,0.0
703467,上櫃,0.0,0.0,0.0
703468,上櫃,0.0,0.0,0.0
703469,上櫃,0.74,0.75,509.0
703470,上櫃,0.0,0.0,0.0
703471,上櫃,0.69,0.68,469.0
703472,上櫃,0.0,0.0,0.0
703473,上櫃,0.0,0.0,0.0
703474,上櫃,0.0,0.0,0.0
703475,上櫃,0.0,0.0,0.0
703476,上櫃,0.65,0.65,30.0
703477,上櫃,0.0,0.0,0.0
703478,上櫃,0.0,0.0,0.0
703479,上櫃,1.07,1.19,869.0
703480,上櫃,1.16,1.17,577.0
703481,上櫃,1.13,1.19,905.0
703482,上櫃,1.27,1.51,1268.0
703483,上櫃,0.95,0.99,612.0
703484,上櫃,1.0,1.0,15.0
703485,上櫃,2.35,2.72,639.0
703486,上櫃,0.65,0.69,111.0
703487,上櫃,1.29,1.31,43.0
703488,上櫃,2.12,2.22,113.0
703489,上櫃,1.83,1.83,3.0
703490,上櫃,1.54,1.54,3.0
703491,上櫃,1.29,1.36,27.0
703492,上櫃,0.0,0.0,0.0
703493,上櫃,0.0,0.0,0.0
703494,上櫃,0.0,0.0,0.0
703495,上櫃,2.03,2.52,226.0
703496,上櫃,1.39,1.48,585.0
703497,上櫃,1.09,1.19,257.0
703498,上櫃,0.0,0.0,0.0
703499,上櫃,0.0,0.0,0.0
703500,上櫃,0.0,0.0,0.0
703501,上櫃,4.21,4.21,15.0
703502,上櫃,0.0,0.0,0.0
703503,上櫃,0.0,0.0,0.0
703504,上櫃,0.0,0.0,0.0
703505,上櫃,1.7,1.78,80.0
703506,上櫃,3.29,3.29,1.0
703507,上櫃,2.89,2.78,7.0
703508,上櫃,2.82,2.82,1.0
703509,上櫃,0.0,0.0,0.0
703510,上櫃,3.54,3.51,36.0
703511,上櫃,3.14,3.14,2.0
703512,上櫃,1.4,1.51,558.0
703513,上櫃,0.0,0.0,0.0
703514,上櫃,0.0,0.0,0.0
703515,上櫃,0.7,0.71,332.0
703516,上櫃,1.13,1.25,1084.0
703517,上櫃,1.6,1.35,51.0
703518,上櫃,1.38,1.39,56.0
703519,上櫃,0.95,0.95,25.0
703520,上櫃,0.0,0.0,0.0
703521,上櫃,0.64,0.74,1857.0
703522,上櫃,0.65,0.67,1240.0
703523,上櫃,0.0,0.0,0.0
703524,上櫃,1.41,1.39,181.0
703525,上櫃,0.8,0.92,248.0
703526,上櫃,0.64,0.68,302.0
703527,上櫃,0.64,0.68,215.0
703528,上櫃,1.11,1.13,82.0
703529,上櫃,0.0,0.0,0.0
703530,上櫃,1.39,1.39,3.0
703531,上櫃,0.7,0.75,40.0
703532,上櫃,0.7,0.73,20.0
703533,上櫃,0.72,0.8,136.0
703534,上櫃,0.73,0.78,60.0
703535,上櫃,0.89,0.91,43.0
703536,上櫃,1.4,1.51,90.0
703537,上櫃,1.7,1.77,79.0
703538,上櫃,0.54,0.52,59.0
703539,上櫃,1.73,1.73,1.0
703540,上櫃,0.0,0.0,0.0
703541,上櫃,0.59,0.59,50.0
703542,上櫃,2.34,2.27,112.0
703543,上櫃,1.15,1.15,299.0
703544,上櫃,0.94,0.9,46.0
703545,上櫃,1.01,1.01,2.0
703546,上櫃,2.37,2.18,11.0
703547,上櫃,2.37,2.4,43.0
703548,上櫃,2.05,1.95,7.0
703549,上櫃,1.48,1.48,2.0
703550,上櫃,1.8,1.77,567.0
703551,上櫃,1.45,1.5,107.0
703552,上櫃,0.88,0.87,40.0
703553,上櫃,0.99,0.97,46.0
703554,上櫃,2.4,2.09,32.0
703555,上櫃,3.2,2.72,51.0
703556,上櫃,1.08,1.01,385.0
703557,上櫃,1.0,1.04,221.0
703558,上櫃,0.0,0.0,0.0
703559,上櫃,0.83,0.89,21.0
703560,上櫃,2.85,3.03,60.0
703561,上櫃,1.35,1.35,2.0
703562,上櫃,1.72,1.79,311.0
703563,上櫃,1.42,1.35,14.0
703564,上櫃,1.17,1.17,1.0
703565,上櫃,3.51,3.66,8.0
703566,上櫃,1.56,1.67,60.0
703567,上櫃,1.84,1.93,130.0
703568,上櫃,0.0,0.0,0.0
703569,上櫃,1.47,1.35,170.0
703570,上櫃,1.84,2.0,228.0
703571,上櫃,1.3,1.3,88.0
703572,上櫃,1.24,1.29,118.0
703573,上櫃,0.0,0.0,0.0
703574,上櫃,3.07,3.38,61.0
703575,上櫃,1.42,1.41,5.0
703576,上櫃,0.0,0.0,0.0
703577,上櫃,0.0,0.0,0.0
703578,上櫃,1.59,1.61,21.0
703579,上櫃,5.45,5.45,20.0
703580,上櫃,0.0,0.0,0.0
703581,上櫃,1.9,1.76,78.0
703582,上櫃,1.99,1.86,135.0
703583,上櫃,0.0,0.0,0.0
703584,上櫃,3.9,3.09,31.0
703585,上櫃,0.0,0.0,0.0
703586,上櫃,2.56,2.45,196.0
703587,上櫃,0.0,0.0,0.0
703588,上櫃,0.0,0.0,0.0
703589,上櫃,0.0,0.0,0.0
703590,上櫃,2.5,2.61,2782.0
703591,上櫃,1.39,1.32,560.0
703592,上櫃,1.16,1.15,45.0
703593,上櫃,2.08,1.85,213.0
703594,上櫃,0.78,0.86,314.0
703595,上櫃,0.94,0.73,737.0
703596,上櫃,1.55,1.54,222.0
703597,上櫃,0.0,0.0,0.0
703598,上櫃,1.45,1.48,7.0
703599,上櫃,1.45,1.46,54.0
703600,上櫃,2.29,2.23,4.0
703601,上櫃,0.0,0.0,0.0
703602,上櫃,1.41,1.31,16.0
703603,上櫃,0.95,0.94,7.0
703604,上櫃,0.0,0.0,0.0
703605,上櫃,0.61,0.58,69.0
703606,上櫃,1.25,1.2,12.0
703607,上櫃,0.0,0.0,0.0
703608,上櫃,0.0,0.0,0.0
703609,上櫃,1.05,1.1,71.0
703610,上櫃,1.74,1.7,216.0
703611,上櫃,0.0,0.0,0.0
703612,上櫃,0.88,0.88,20.0
703613,上櫃,1.82,1.73,10.0
703614,上櫃,0.8,0.81,55.0
703615,上櫃,0.82,0.85,94.0
703616,上櫃,0.51,0.53,81.0
703617,上櫃,0.69,0.71,67.0
703618,上櫃,0.68,0.72,396.0
703619,上櫃,0.82,0.84,119.0
703620,上櫃,0.62,0.65,65.0
703621,上櫃,0.0,0.0,0.0
703622,上櫃,0.0,0.0,0.0
703623,上櫃,2.34,2.08,91.0
703624,上櫃,0.0,0.0,0.0
703625,上櫃,2.15,2.43,2271.0
703626,上櫃,0.79,0.79,38.0
703627,上櫃,1.07,1.07,20.0
703628,上櫃,1.09,1.09,46.0
703629,上櫃,1.29,1.2,31.0
703630,上櫃,2.32,2.1,37.0
703631,上櫃,0.0,0.0,0.0
703632,上櫃,3.17,3.25,193.0
703633,上櫃,0.0,0.0,0.0
703634,上櫃,2.0,1.94,40.0
703635,上櫃,1.27,1.36,110.0
703636,上櫃,0.0,0.0,0.0
703637,上櫃,1.24,1.28,573.0
703638,上櫃,0.8,0.8,95.0
703639,上櫃,2.12,1.99,11.0
703640,上櫃,0.0,0.0,0.0
703641,上櫃,3.98,4.08,10.0
703642,上櫃,1.32,1.29,164.0
703643,上櫃,1.58,1.58,1.0
703644,上櫃,1.75,1.72,9.0
703645,上櫃,1.28,1.14,713.0
703646,上櫃,0.0,0.0,0.0
703647,上櫃,0.63,0.65,318.0
703648,上櫃,0.0,0.0,0.0
703649,上櫃,1.23,1.23,2.0
703650,上櫃,1.36,1.17,167.0
703651,上櫃,1.85,1.85,530.0
703652,上櫃,0.81,0.78,1217.0
703653,上櫃,0.0,0.0,0.0
703654,上櫃,0.57,0.57,335.0
703655,上櫃,0.6,0.6,35.0
703656,上櫃,0.0,0.0,0.0
703657,上櫃,0.0,0.0,0.0
703658,上櫃,0.0,0.0,0.0
703659,上櫃,2.27,2.08,5.0
703660,上櫃,1.13,1.06,118.0
703661,上櫃,0.0,0.0,0.0
703662,上櫃,1.12,1.18,463.0
703663,上櫃,2.25,2.25,13.0
703664,上櫃,0.0,0.0,0.0
703665,上櫃,1.86,1.88,13.0
703666,上櫃,1.47,1.57,10.0
703667,上櫃,2.5,2.62,21.0
703668,上櫃,0.0,0.0,0.0
703669,上櫃,1.2,1.26,80.0
703670,上櫃,0.62,0.62,8.0
703671,上櫃,1.35,1.6,298.0
703672,上櫃,1.18,1.2,10.0
703673,上櫃,0.0,0.0,0.0
703674,上櫃,0.0,0.0,0.0
703675,上櫃,0.0,0.0,0.0
703676,上櫃,3.26,3.47,38.0
703677,上櫃,0.54,0.56,46.0
703678,上櫃,0.73,0.69,73.0
703679,上櫃,0.0,0.0,0.0
703680,上櫃,0.0,0.0,0.0
703681,上櫃,0.0,0.0,0.0
703682,上櫃,0.94,0.92,56.0
703683,上櫃,0.0,0.0,0.0
703684,上櫃,0.0,0.0,0.0
703685,上櫃,1.26,1.34,187.0
703686,上櫃,2.58,2.54,30.0
703687,上櫃,0.0,0.0,0.0
703688,上櫃,0.0,0.0,0.0
703689,上櫃,1.56,1.66,104.0
703690,上櫃,1.54,1.6,100.0
703691,上櫃,1.13,1.12,31.0
703692,上櫃,0.0,0.0,0.0
703693,上櫃,2.61,2.61,30.0
703694,上櫃,1.63,1.69,21.0
703695,上櫃,1.98,1.94,30.0
703696,上櫃,0.0,0.0,0.0
703697,上櫃,1.64,1.63,105.0
703698,上櫃,1.21,1.21,50.0
703699,上櫃,0.0,0.0,0.0
703700,上櫃,0.0,0.0,0.0
703701,上櫃,0.82,0.83,351.0
703702,上櫃,0.0,0.0,0.0
703703,上櫃,0.0,0.0,0.0
703704,上櫃,1.49,1.51,200.0
703705,上櫃,0.0,0.0,0.0
703706,上櫃,0.0,0.0,0.0
703707,上櫃,0.0,0.0,0.0
703708,上櫃,0.0,0.0,0.0
703709,上櫃,0.0,0.0,0.0
703710,上櫃,0.0,0.0,0.0
703711,上櫃,0.0,0.0,0.0
703712,上櫃,0.0,0.0,0.0
703713,上櫃,0.0,0.0,0.0
703714,上櫃,0.0,0.0,0.0
703715,上櫃,0.0,0.0,0.0
703716,上櫃,0.0,0.0,0.0
703717,上櫃,2.47,2.47,10.0
703718,上櫃,0.0,0.0,0.0
703719,上櫃,1.64,1.64,6.0
703720,上櫃,0.0,0.0,0.0
703721,上櫃,0.0,0.0,0.0
703722,上櫃,3.56,3.56,1.0
703723,上櫃,0.73,0.73,10.0
703724,上櫃,1.13,1.13,10.0
703725,上櫃,0.0,0.0,0.0
703726,上櫃,1.08,1.08,2.0
703727,上櫃,0.0,0.0,0.0
703728,上櫃,1.26,1.25,1497.0
703729,上櫃,0.0,0.0,0.0
703730,上櫃,1.5,1.6,1294.0
703731,上櫃,0.0,0.0,0.0
703732,上櫃,0.0,0.0,0.0
703733,上櫃,0.0,0.0,0.0
703734,上櫃,0.0,0.0,0.0
703735,上櫃,0.0,0.0,0.0
703736,上櫃,0.0,0.0,0.0
703737,上櫃,1.56,1.56,5.0
703738,上櫃,2.22,2.22,10.0
703739,上櫃,0.0,0.0,0.0
703740,上櫃,0.87,1.05,114.0
703741,上櫃,1.14,1.14,8.0
703742,上櫃,0.0,0.0,0.0
703743,上櫃,1.17,1.17,93.0
703744,上櫃,0.0,0.0,0.0
703745,上櫃,0.0,0.0,0.0
703746,上櫃,0.0,0.0,0.0
703747,上櫃,0.0,0.0,0.0
703748,上櫃,0.0,0.0,0.0
703749,上櫃,0.0,0.0,0.0
703750,上櫃,0.0,0.0,0.0
703751,上櫃,0.0,0.0,0.0
703752,上櫃,0.0,0.0,0.0
703753,上櫃,1.45,1.42,373.0
703754,上櫃,0.0,0.0,0.0
703755,上櫃,0.0,0.0,0.0
703756,上櫃,0.0,0.0,0.0
703757,上櫃,0.0,0.0,0.0
703758,上櫃,2.51,2.32,81.0
703759,上櫃,0.0,0.0,0.0
703760,上櫃,0.0,0.0,0.0
703761,上櫃,0.0,0.0,0.0
703762,上櫃,1.22,1.22,20.0
703763,上櫃,0.0,0.0,0.0
703764,上櫃,0.0,0.0,0.0
703765,上櫃,0.65,0.7,32.0
703766,上櫃,1.74,1.73,7.0
703767,上櫃,4.66,4.66,1.0
71195U,上櫃,0.0,0.0,0.0
71258U,上櫃,0.0,0.0,0.0
71264U,上櫃,0.0,0.0,0.0
71287U,上櫃,0.0,0.0,0.0
71301U,上櫃,0.0,0.0,0.0
71323U,上櫃,0.0,0.0,0.0
71357U,上櫃,0.0,0.0,0.0
71377U,上櫃,0.0,0.0,0.0
71389U,上櫃,0.0,0.0,0.0
71395U,上櫃,0.0,0.0,0.0
71418U,上櫃,0.0,0.0,0.0
71423U,上櫃,0.0,0.0,0.0
71459U,上櫃,0.0,0.0,0.0
71509U,上櫃,0.0,0.0,0.0
71537U,上櫃,0.0,0.0,0.0
71546U,上櫃,0.0,0.0,0.0
71563U,上櫃,0.0,0.0,0.0
71564U,上櫃,0.0,0.0,0.0
71585U,上櫃,0.0,0.0,0.0
71587U,上櫃,0.0,0.0,0.0
71592U,上櫃,0.0,0.0,0.0
71596U,上櫃,0.0,0.0,0.0
71598U,上櫃,0.0,0.0,0.0
71607U,上櫃,0.0,0.0,0.0
71630U,上櫃,0.0,0.0,0.0
71633U,上櫃,0.0,0.0,0.0
71634U,上櫃,0.44,0.4,7.0
71635U,上櫃,0.0,0.0,0.0
71636U,上櫃,0.0,0.0,0.0
71638U,上櫃,0.0,0.0,0.0
71641U,上櫃,0.0,0.0,0.0
71644U,上櫃,0.0,0.0,0.0
71646U,上櫃,0.0,0.0,0.0
71647U,上櫃,0.0,0.0,0.0
71656U,上櫃,0.0,0.0,0.0
71657U,上櫃,0.01,0.02,1755.0
71661U,上櫃,0.0,0.0,0.0
71662U,上櫃,0.46,0.41,74.0
71678U,上櫃,0.0,0.0,0.0
71679U,上櫃,0.0,0.0,0.0
71683U,上櫃,0.0,0.0,0.0
71694U,上櫃,0.0,0.0,0.0
71695U,上櫃,0.0,0.0,0.0
71696U,上櫃,0.0,0.0,0.0
71698U,上櫃,0.0,0.0,0.0
71706U,上櫃,0.0,0.0,0.0
71736U,上櫃,0.0,0.0,0.0
71737U,上櫃,0.0,0.0,0.0
71738U,上櫃,0.0,0.0,0.0
71739U,上櫃,0.0,0.0,0.0
717408,上櫃,0.0,0.0,0.0
71740U,上櫃,0.0,0.0,0.0
71747U,上櫃,0.0,0.0,0.0
71748U,上櫃,0.0,0.0,0.0
71749U,上櫃,0.0,0.0,0.0
71753U,上櫃,0.0,0.0,0.0
71754U,上櫃,0.0,0.0,0.0
71755U,上櫃,0.0,0.0,0.0
71756U,上櫃,0.08,0.08,16.0
71758U,上櫃,0.0,0.0,0.0
71759U,上櫃,0.0,0.0,0.0
71762U,上櫃,0.0,0.0,0.0
71763U,上櫃,0.0,0.0,0.0
71766U,上櫃,0.0,0.0,0.0
71770U,上櫃,0.0,0.0,0.0
71771U,上櫃,0.0,0.0,0.0
71772U,上櫃,0.0,0.0,0.0
71774U,上櫃,0.0,0.0,0.0
71775U,上櫃,0.0,0.0,0.0
71776U,上櫃,0.0,0.0,0.0
71777U,上櫃,0.0,0.0,0.0
71778U,上櫃,0.0,0.0,0.0
71786U,上櫃,1.13,1.13,14.0
71788U,上櫃,0.0,0.0,0.0
71789U,上櫃,0.0,0.0,0.0
71790U,上櫃,0.0,0.0,0.0
71793U,上櫃,0.0,0.0,0.0
71795U,上櫃,0.0,0.0,0.0
71797U,上櫃,0.0,0.0,0.0
71798U,上櫃,0.0,0.0,0.0
71799U,上櫃,0.0,0.0,0.0
71803U,上櫃,0.0,0.0,0.0
71805U,上櫃,0.0,0.0,0.0
71807U,上櫃,0.0,0.0,0.0
718098,上櫃,0.0,0.0,0.0
718099,上櫃,0.0,0.0,0.0
71809U,上櫃,0.0,0.0,0.0
71811U,上櫃,0.0,0.0,0.0
71816U,上櫃,0.0,0.0,0.0
71817U,上櫃,0.0,0.0,0.0
71818U,上櫃,0.0,0.0,0.0
71819U,上櫃,0.0,0.0,0.0
71820U,上櫃,0.0,0.0,0.0
71821U,上櫃,0.0,0.0,0.0
71822U,上櫃,0.0,0.0,0.0
71825U,上櫃,0.0,0.0,0.0
71827U,上櫃,0.0,0.0,0.0
71828U,上櫃,0.0,0.0,0.0
71829U,上櫃,0.0,0.0,0.0
71831U,上櫃,0.0,0.0,0.0
71832U,上櫃,0.04,0.04,112.0
71836U,上櫃,0.0,0.0,0.0
71837U,上櫃,0.0,0.0,0.0
71838U,上櫃,0.0,0.0,0.0
71840U,上櫃,0.0,0.0,0.0
71841U,上櫃,0.0,0.0,0.0
71842U,上櫃,0.0,0.0,0.0
71843U,上櫃,0.0,0.0,0.0
71845U,上櫃,0.0,0.0,0.0
71846U,上櫃,0.0,0.0,0.0
71848U,上櫃,0.0,0.0,0.0
71849U,上櫃,0.0,0.0,0.0
71850U,上櫃,0.0,0.0,0.0
71851U,上櫃,0.0,0.0,0.0
71852U,上櫃,0.0,0.0,0.0
71853U,上櫃,0.0,0.0,0.0
71860U,上櫃,0.0,0.0,0.0
71861U,上櫃,0.0,0.0,0.0
71862U,上櫃,0.0,0.0,0.0
71867U,上櫃,0.13,0.13,5.0
71871U,上櫃,0.0,0.0,0.0
71872U,上櫃,0.0,0.0,0.0
718730,上櫃,0.0,0.0,0.0
71873U,上櫃,0.0,0.0,0.0
71874U,上櫃,0.03,0.03,30.0
71878U,上櫃,0.85,0.85,20.0
71882U,上櫃,0.0,0.0,0.0
71883U,上櫃,0.0,0.0,0.0
71884U,上櫃,0.0,0.0,0.0
71886U,上櫃,0.0,0.0,0.0
71887U,上櫃,0.0,0.0,0.0
71888U,上櫃,0.0,0.0,0.0
71889U,上櫃,0.0,0.0,0.0
71892U,上櫃,0.01,0.01,88.0
718937,上櫃,0.0,0.0,0.0
71893U,上櫃,0.0,0.0,0.0
718942,上櫃,0.0,0.0,0.0
71895U,上櫃,0.0,0.0,0.0
71896U,上櫃,0.0,0.0,0.0
71897U,上櫃,0.0,0.0,0.0
71898U,上櫃,0.0,0.0,0.0
71899U,上櫃,0.0,0.0,0.0
71905U,上櫃,0.0,0.0,0.0
71906U,上櫃,0.0,0.0,0.0
71907U,上櫃,0.0,0.0,0.0
71913U,上櫃,0.0,0.0,0.0
71915U,上櫃,0.79,0.79,1.0
71916U,上櫃,0.0,0.0,0.0
71917U,上櫃,0.0,0.0,0.0
71918U,上櫃,0.0,0.0,0.0
71919U,上櫃,0.0,0.0,0.0
71921U,上櫃,0.0,0.0,0.0
71922U,上櫃,0.0,0.0,0.0
71923U,上櫃,1.23,1.23,10.0
71926U,上櫃,0.0,0.0,0.0
71929U,上櫃,0.0,0.0,0.0
71930U,上櫃,0.0,0.0,0.0
71932U,上櫃,0.32,0.32,5.0
71933U,上櫃,0.0,0.0,0.0
71934U,上櫃,0.0,0.0,0.0
71935U,上櫃,0.0,0.0,0.0
71936U,上櫃,0.0,0.0,0.0
71937U,上櫃,0.0,0.0,0.0
71938U,上櫃,0.0,0.0,0.0
71939U,上櫃,0.0,0.0,0.0
71940U,上櫃,0.0,0.0,0.0
71941U,上櫃,0.0,0.0,0.0
71942U,上櫃,0.0,0.0,0.0
71943U,上櫃,0.0,0.0,0.0
71944U,上櫃,0.0,0.0,0.0
71945U,上櫃,0.0,0.0,0.0
71946U,上櫃,0.0,0.0,0.0
71947U,上櫃,0.0,0.0,0.0
71948U,上櫃,0.0,0.0,0.0
71949U,上櫃,0.0,0.0,0.0
71950U,上櫃,0.0,0.0,0.0
71951U,上櫃,0.0,0.0,0.0
71952U,上櫃,0.0,0.0,0.0
71953U,上櫃,0.0,0.0,0.0
71954U,上櫃,0.0,0.0,0.0
71955U,上櫃,0.0,0.0,0.0
71956U,上櫃,0.0,0.0,0.0
71957U,上櫃,0.0,0.0,0.0
71958U,上櫃,0.02,0.02,20.0
71959U,上櫃,0.0,0.0,0.0
71960U,上櫃,0.0,0.0,0.0
71961U,上櫃,0.0,0.0,0.0
71962U,上櫃,0.0,0.0,0.0
71963U,上櫃,0.0,0.0,0.0
71964U,上櫃,0.0,0.0,0.0
71965U,上櫃,0.0,0.0,0.0
71966U,上櫃,0.0,0.0,0.0
71967U,上櫃,0.0,0.0,0.0
71968U,上櫃,0.54,0.54,1.0
71969U,上櫃,0.0,0.0,0.0
71970U,上櫃,0.0,0.0,0.0
719715,上櫃,0.0,0.0,0.0
719716,上櫃,0.0,0.0,0.0
719719,上櫃,0.0,0.0,0.0
71971U,上櫃,0.0,0.0,0.0
71972U,上櫃,0.0,0.0,0.0
71973U,上櫃,0.0,0.0,0.0
71974U,上櫃,0.0,0.0,0.0
71975U,上櫃,0.0,0.0,0.0
71976U,上櫃,0.0,0.0,0.0
71977U,上櫃,0.0,0.0,0.0
71978U,上櫃,0.0,0.0,0.0
71979U,上櫃,0.0,0.0,0.0
71980U,上櫃,0.0,0.0,0.0
71981U,上櫃,0.0,0.0,0.0
71982U,上櫃,0.0,0.0,0.0
71983U,上櫃,0.0,0.0,0.0
71984U,上櫃,0.0,0.0,0.0
71985U,上櫃,0.0,0.0,0.0
71986U,上櫃,0.0,0.0,0.0
71987U,上櫃,0.0,0.0,0.0
71988U,上櫃,0.0,0.0,0.0
71989U,上櫃,0.0,0.0,0.0
71990U,上櫃,0.01,0.01,340.0
71991U,上櫃,0.0,0.0,0.0
71992U,上櫃,0.0,0.0,0.0
71993U,上櫃,0.0,0.0,0.0
71994U,上櫃,0.0,0.0,0.0
71995U,上櫃,0.0,0.0,0.0
71996U,上櫃,0.0,0.0,0.0
71997U,上櫃,0.0,0.0,0.0
71998U,上櫃,0.0,0.0,0.0
71999U,上櫃,0.0,0.0,0.0
72000U,上櫃,0.0,0.0,0.0
72001U,上櫃,0.0,0.0,0.0
72002U,上櫃,0.0,0.0,0.0
72003U,上櫃,0.05,0.05,5.0
72004U,上櫃,0.0,0.0,0.0
72005U,上櫃,0.0,0.0,0.0
72006U,上櫃,0.0,0.0,0.0
72007U,上櫃,0.0,0.0,0.0
72008U,上櫃,0.0,0.0,0.0
72009U,上櫃,0.01,0.03,101.0
72010U,上櫃,0.0,0.0,0.0
72011U,上櫃,0.09,0.09,40.0
72012U,上櫃,0.0,0.0,0.0
72013U,上櫃,0.0,0.0,0.0
72014U,上櫃,0.0,0.0,0.0
72015U,上櫃,0.0,0.0,0.0
72016U,上櫃,0.0,0.0,0.0
72017U,上櫃,0.0,0.0,0.0
720183,上櫃,0.0,0.0,0.0
720184,上櫃,0.0,0.0,0.0
720186,上櫃,0.0,0.0,0.0
720187,上櫃,0.18,0.18,1.0
72018U,上櫃,1.32,1.46,45.0
72019U,上櫃,0.0,0.0,0.0
72020U,上櫃,0.0,0.0,0.0
72021U,上櫃,0.99,1.05,175.0
72022U,上櫃,0.0,0.0,0.0
72023U,上櫃,0.0,0.0,0.0
72024U,上櫃,0.42,0.42,78.0
72025U,上櫃,0.0,0.0,0.0
72026U,上櫃,0.0,0.0,0.0
72027U,上櫃,0.0,0.0,0.0
72028U,上櫃,0.0,0.0,0.0
72029U,上櫃,0.0,0.0,0.0
72030U,上櫃,0.0,0.0,0.0
72031U,上櫃,0.02,0.02,17.0
72032U,上櫃,0.0,0.0,0.0
72033U,上櫃,0.0,0.0,0.0
72034U,上櫃,0.08,0.08,3.0
72035U,上櫃,0.0,0.0,0.0
72036U,上櫃,0.0,0.0,0.0
72037U,上櫃,0.0,0.0,0.0
72038U,上櫃,0.0,0.0,0.0
72039U,上櫃,0.0,0.0,0.0
72040U,上櫃,0.0,0.0,0.0
72041U,上櫃,0.0,0.0,0.0
72042U,上櫃,0.0,0.0,0.0
72043U,上櫃,0.0,0.0,0.0
72044U,上櫃,0.0,0.0,0.0
72045U,上櫃,0.0,0.0,0.0
72046U,上櫃,0.0,0.0,0.0
72047U,上櫃,0.0,0.0,0.0
72048U,上櫃,0.0,0.0,0.0
72049U,上櫃,0.0,0.0,0.0
72050U,上櫃,0.0,0.0,0.0
72051U,上櫃,0.0,0.0,0.0
72052U,上櫃,0.0,0.0,0.0
72053U,上櫃,0.0,0.0,0.0
72054U,上櫃,0.0,0.0,0.0
72055U,上櫃,0.15,0.15,5.0
72056U,上櫃,0.0,0.0,0.0
72057U,上櫃,0.0,0.0,0.0
72058U,上櫃,0.0,0.0,0.0
72059U,上櫃,0.0,0.0,0.0
72060U,上櫃,0.0,0.0,0.0
72061U,上櫃,0.0,0.0,0.0
72062U,上櫃,0.0,0.0,0.0
72063U,上櫃,0.0,0.0,0.0
72064U,上櫃,0.0,0.0,0.0
72065U,上櫃,0.0,0.0,0.0
72066U,上櫃,0.0,0.0,0.0
72067U,上櫃,0.0,0.0,0.0
72068U,上櫃,0.0,0.0,0.0
72069U,上櫃,0.0,0.0,0.0
72070U,上櫃,0.0,0.0,0.0
72071U,上櫃,0.0,0.0,0.0
72072U,上櫃,0.0,0.0,0.0
72073U,上櫃,0.0,0.0,0.0
720746,上櫃,0.0,0.0,0.0
720748,上櫃,0.28,0.27,23.0
72074U,上櫃,0.04,0.04,10.0
72075U,上櫃,0.06,0.06,40.0
72076U,上櫃,0.0,0.0,0.0
72077U,上櫃,0.0,0.0,0.0
72078U,上櫃,0.0,0.0,0.0
72080U,上櫃,0.0,0.0,0.0
72081U,上櫃,0.0,0.0,0.0
72082U,上櫃,0.0,0.0,0.0
72083U,上櫃,0.0,0.0,0.0
72084U,上櫃,0.0,0.0,0.0
72085U,上櫃,0.0,0.0,0.0
72086U,上櫃,0.0,0.0,0.0
72087U,上櫃,0.0,0.0,0.0
72088U,上櫃,0.0,0.0,0.0
72089U,上櫃,0.0,0.0,0.0
72090U,上櫃,0.03,0.03,1099.0
72091U,上櫃,0.2,0.18,420.0
72092U,上櫃,0.0,0.0,0.0
72093U,上櫃,0.0,0.0,0.0
72094U,上櫃,0.0,0.0,0.0
72095U,上櫃,0.0,0.0,0.0
72096U,上櫃,0.09,0.09,50.0
72097U,上櫃,0.0,0.0,0.0
720986,上櫃,0.0,0.0,0.0
72098U,上櫃,0.0,0.0,0.0
72099U,上櫃,0.0,0.0,0.0
72100U,上櫃,0.0,0.0,0.0
72101U,上櫃,0.0,0.0,0.0
72102U,上櫃,0.0,0.0,0.0
72103U,上櫃,0.22,0.21,15.0
72104U,上櫃,0.0,0.0,0.0
72105U,上櫃,0.0,0.0,0.0
72106U,上櫃,0.74,0.68,10.0
72107U,上櫃,0.0,0.0,0.0
72108U,上櫃,0.0,0.0,0.0
72109U,上櫃,0.0,0.0,0.0
72110U,上櫃,0.0,0.0,0.0
72111U,上櫃,0.0,0.0,0.0
72112U,上櫃,0.13,0.13,22.0
72113U,上櫃,0.0,0.0,0.0
72114U,上櫃,0.03,0.03,10.0
72115U,上櫃,0.0,0.0,0.0
72116U,上櫃,0.0,0.0,0.0
72117U,上櫃,0.28,0.29,180.0
72118U,上櫃,0.0,0.0,0.0
72119U,上櫃,0.0,0.0,0.0
72120U,上櫃,0.0,0.0,0.0
72121U,上櫃,0.25,0.23,90.0
72122U,上櫃,0.34,0.34,22.0
72123U,上櫃,0.34,0.34,3.0
72124U,上櫃,1.81,1.78,7.0
72125U,上櫃,0.0,0.0,0.0
72126U,上櫃,0.21,0.21,10.0
72127U,上櫃,0.0,0.0,0.0
72128U,上櫃,0.0,0.0,0.0
72129U,上櫃,0.0,0.0,0.0
72130U,上櫃,0.0,0.0,0.0
72131U,上櫃,0.0,0.0,0.0
72132U,上櫃,0.0,0.0,0.0
72133U,上櫃,0.0,0.0,0.0
72134U,上櫃,0.0,0.0,0.0
72135U,上櫃,0.0,0.0,0.0
72136U,上櫃,0.0,0.0,0.0
72137U,上櫃,0.16,0.16,63.0
72138U,上櫃,0.0,0.0,0.0
72139U,上櫃,0.0,0.0,0.0
72140U,上櫃,0.0,0.0,0.0
72141U,上櫃,0.0,0.0,0.0
72142U,上櫃,0.0,0.0,0.0
72143U,上櫃,0.0,0.0,0.0
72144U,上櫃,0.0,0.0,0.0
72145U,上櫃,0.0,0.0,0.0
72146U,上櫃,0.0,0.0,0.0
72147U,上櫃,0.0,0.0,0.0
72148U,上櫃,0.0,0.0,0.0
72149U,上櫃,0.0,0.0,0.0
72150U,上櫃,0.0,0.0,0.0
72151U,上櫃,0.0,0.0,0.0
72152U,上櫃,0.0,0.0,0.0
72153U,上櫃,0.0,0.0,0.0
72154U,上櫃,0.0,0.0,0.0
72155U,上櫃,0.04,0.04,150.0
72156U,上櫃,0.0,0.0,0.0
72157U,上櫃,0.0,0.0,0.0
72158U,上櫃,0.0,0.0,0.0
72159U,上櫃,0.0,0.0,0.0
72160U,上櫃,0.0,0.0,0.0
72161U,上櫃,0.0,0.0,0.0
72162U,上櫃,0.0,0.0,0.0
72163U,上櫃,0.0,0.0,0.0
72164U,上櫃,0.0,0.0,0.0
72165U,上櫃,0.0,0.0,0.0
72166U,上櫃,1.06,1.06,1.0
72167U,上櫃,0.0,0.0,0.0
72168U,上櫃,0.0,0.0,0.0
72169U,上櫃,0.07,0.08,410.0
72170U,上櫃,0.0,0.0,0.0
72171U,上櫃,0.84,0.84,100.0
72172U,上櫃,0.0,0.0,0.0
72173U,上櫃,0.0,0.0,0.0
72174U,上櫃,0.0,0.0,0.0
72175U,上櫃,0.0,0.0,0.0
72176U,上櫃,0.0,0.0,0.0
72177U,上櫃,0.0,0.0,0.0
72178U,上櫃,0.0,0.0,0.0
72179U,上櫃,0.0,0.0,0.0
72180U,上櫃,0.0,0.0,0.0
72181U,上櫃,1.74,1.74,1.0
72182U,上櫃,0.0,0.0,0.0
72183U,上櫃,0.0,0.0,0.0
72184U,上櫃,0.0,0.0,0.0
72185U,上櫃,0.0,0.0,0.0
72186U,上櫃,0.0,0.0,0.0
72187U,上櫃,0.0,0.0,0.0
721886,上櫃,0.0,0.0,0.0
721888,上櫃,0.0,0.0,0.0
72188U,上櫃,0.0,0.0,0.0
72189U,上櫃,0.0,0.0,0.0
72190U,上櫃,0.0,0.0,0.0
72191U,上櫃,0.0,0.0,0.0
72192U,上櫃,0.0,0.0,0.0
72193U,上櫃,0.0,0.0,0.0
72194U,上櫃,0.0,0.0,0.0
72195U,上櫃,0.11,0.11,10.0
72196U,上櫃,0.0,0.0,0.0
72197U,上櫃,0.0,0.0,0.0
72198U,上櫃,0.0,0.0,0.0
721995,上櫃,0.0,0.0,0.0
72199U,上櫃,0.0,0.0,0.0
722003,上櫃,0.0,0.0,0.0
72200U,上櫃,0.0,0.0,0.0
72201U,上櫃,0.0,0.0,0.0
72202U,上櫃,0.0,0.0,0.0
72203U,上櫃,0.0,0.0,0.0
72204U,上櫃,0.8,0.78,12.0
72205U,上櫃,0.0,0.0,0.0
72206U,上櫃,0.0,0.0,0.0
72207U,上櫃,0.0,0.0,0.0
72208U,上櫃,0.08,0.08,1.0
72209U,上櫃,0.0,0.0,0.0
72210U,上櫃,1.11,1.11,100.0
72211U,上櫃,0.0,0.0,0.0
72212U,上櫃,0.0,0.0,0.0
72213U,上櫃,0.0,0.0,0.0
72214U,上櫃,0.0,0.0,0.0
72215U,上櫃,1.8,1.8,5.0
72216U,上櫃,0.0,0.0,0.0
72217U,上櫃,0.0,0.0,0.0
72218U,上櫃,0.0,0.0,0.0
72219U,上櫃,0.0,0.0,0.0
72220U,上櫃,0.58,0.58,83.0
722215,上櫃,0.0,0.0,0.0
72221U,上櫃,0.0,0.0,0.0
72222U,上櫃,0.0,0.0,0.0
72223U,上櫃,0.18,0.18,40.0
72224U,上櫃,0.07,0.08,51.0
72225U,上櫃,0.0,0.0,0.0
72226U,上櫃,0.0,0.0,0.0
72227U,上櫃,0.0,0.0,0.0
72228U,上櫃,0.0,0.0,0.0
72229U,上櫃,1.82,1.82,27.0
72230U,上櫃,0.0,0.0,0.0
72231U,上櫃,0.0,0.0,0.0
72232U,上櫃,0.0,0.0,0.0
72233U,上櫃,0.0,0.0,0.0
722348,上櫃,0.0,0.0,0.0
72234U,上櫃,0.0,0.0,0.0
722353,上櫃,0.0,0.0,0.0
722354,上櫃,0.79,0.79,356.0
72235U,上櫃,0.0,0.0,0.0
722360,上櫃,0.0,0.0,0.0
72236U,上櫃,0.24,0.23,10.0
72237U,上櫃,0.0,0.0,0.0
72238U,上櫃,0.0,0.0,0.0
72239U,上櫃,0.0,0.0,0.0
72240U,上櫃,0.0,0.0,0.0
72241U,上櫃,0.0,0.0,0.0
722428,上櫃,0.0,0.0,0.0
722429,上櫃,0.0,0.0,0.0
72242U,上櫃,0.0,0.0,0.0
72243U,上櫃,0.0,0.0,0.0
72244U,上櫃,0.0,0.0,0.0
72245U,上櫃,1.37,1.38,48.0
72246U,上櫃,0.0,0.0,0.0
72247U,上櫃,0.0,0.0,0.0
72248U,上櫃,0.0,0.0,0.0
72249U,上櫃,0.0,0.0,0.0
72250U,上櫃,1.79,1.79,9.0
722517,上櫃,0.0,0.0,0.0
722518,上櫃,0.0,0.0,0.0
72251U,上櫃,0.0,0.0,0.0
722524,上櫃,0.0,0.0,0.0
722527,上櫃,0.0,0.0,0.0
72252U,上櫃,0.0,0.0,0.0
722531,上櫃,0.0,0.0,0.0
722533,上櫃,0.0,0.0,0.0
722536,上櫃,0.0,0.0,0.0
72253U,上櫃,0.0,0.0,0.0
72254U,上櫃,0.0,0.0,0.0
72255U,上櫃,0.0,0.0,0.0
72256U,上櫃,0.0,0.0,0.0
722572,上櫃,0.24,0.24,1.0
722573,上櫃,0.0,0.0,0.0
72257U,上櫃,0.0,0.0,0.0
72258U,上櫃,0.0,0.0,0.0
72259U,上櫃,0.09,0.09,200.0
72260U,上櫃,0.0,0.0,0.0
72261U,上櫃,0.0,0.0,0.0
72262U,上櫃,0.0,0.0,0.0
72263U,上櫃,1.22,1.16,300.0
72264U,上櫃,2.01,1.99,24.0
72265U,上櫃,0.0,0.0,0.0
72266U,上櫃,0.0,0.0,0.0
722675,上櫃,0.06,0.06,1.0
722678,上櫃,0.0,0.0,0.0
722679,上櫃,0.0,0.0,0.0
72267U,上櫃,0.2,0.2,373.0
722683,上櫃,0.0,0.0,0.0
722685,上櫃,0.03,0.03,38.0
722688,上櫃,0.0,0.0,0.0
72268U,上櫃,0.0,0.0,0.0
722691,上櫃,0.0,0.0,0.0
72269U,上櫃,0.0,0.0,0.0
72270U,上櫃,0.01,0.01,794.0
72271U,上櫃,0.03,0.03,236.0
722720,上櫃,0.0,0.0,0.0
722722,上櫃,0.15,0.14,17.0
722723,上櫃,0.0,0.0,0.0
722726,上櫃,0.04,0.03,507.0
722728,上櫃,0.0,0.0,0.0
72272U,上櫃,0.0,0.0,0.0
722731,上櫃,0.0,0.0,0.0
72273U,上櫃,0.0,0.0,0.0
72274U,上櫃,0.0,0.0,0.0
72275U,上櫃,0.13,0.13,10.0
72276U,上櫃,0.0,0.0,0.0
72277U,上櫃,0.0,0.0,0.0
72278U,上櫃,0.9,0.96,32.0
72279U,上櫃,0.0,0.0,0.0
72280U,上櫃,0.0,0.0,0.0
72281U,上櫃,0.0,0.0,0.0
72282U,上櫃,0.27,0.27,1.0
72283U,上櫃,0.08,0.08,10.0
72284U,上櫃,0.0,0.0,0.0
72285U,上櫃,0.09,0.11,10.0
722865,上櫃,0.32,0.32,50.0
72286U,上櫃,0.0,0.0,0.0
722874,上櫃,0.0,0.0,0.0
722875,上櫃,0.0,0.0,0.0
72287U,上櫃,0.0,0.0,0.0
722880,上櫃,0.0,0.0,0.0
722881,上櫃,0.0,0.0,0.0
722884,上櫃,0.66,0.65,105.0
722889,上櫃,0.0,0.0,0.0
72288U,上櫃,1.58,1.58,22.0
72289U,上櫃,0.0,0.0,0.0
72290U,上櫃,0.0,0.0,0.0
72291U,上櫃,0.0,0.0,0.0
72292U,上櫃,0.0,0.0,0.0
72293U,上櫃,0.0,0.0,0.0
722942,上櫃,0.1,0.1,1.0
722943,上櫃,0.0,0.0,0.0
722944,上櫃,0.0,0.0,0.0
722946,上櫃,0.0,0.0,0.0
72294U,上櫃,0.0,0.0,0.0
72295U,上櫃,0.0,0.0,0.0
72296U,上櫃,0.0,0.0,0.0
72297U,上櫃,0.0,0.0,0.0
722988,上櫃,0.0,0.0,0.0
72298U,上櫃,0.0,0.0,0.0
72299U,上櫃,0.0,0.0,0.0
723009,上櫃,0.41,0.41,51.0
72300U,上櫃,0.0,0.0,0.0
72301U,上櫃,0.0,0.0,0.0
72302U,上櫃,0.16,0.16,30.0
72303U,上櫃,0.0,0.0,0.0
72304U,上櫃,0.14,0.12,98.0
72305U,上櫃,0.0,0.0,0.0
72306U,上櫃,0.0,0.0,0.0
72307U,上櫃,0.12,0.12,100.0
72308U,上櫃,1.49,1.42,6.0
723096,上櫃,2.58,2.42,29.0
72309U,上櫃,0.0,0.0,0.0
72310U,上櫃,0.0,0.0,0.0
72311U,上櫃,0.43,0.43,60.0
72312U,上櫃,0.0,0.0,0.0
723132,上櫃,0.0,0.0,0.0
723133,上櫃,0.0,0.0,0.0
72313U,上櫃,0.0,0.0,0.0
72314U,上櫃,0.0,0.0,0.0
72315U,上櫃,0.0,0.0,0.0
72316U,上櫃,0.0,0.0,0.0
72317U,上櫃,0.0,0.0,0.0
72318U,上櫃,0.0,0.0,0.0
723195,上櫃,0.0,0.0,0.0
72319U,上櫃,0.43,0.36,75.0
72320U,上櫃,0.0,0.0,0.0
72321U,上櫃,0.0,0.0,0.0
72322U,上櫃,0.59,0.59,3.0
72323U,上櫃,0.0,0.0,0.0
723247,上櫃,0.0,0.0,0.0
72324U,上櫃,1.49,1.3,22.0
72325U,上櫃,1.27,1.16,20.0
72326U,上櫃,0.5,0.47,16.0
72327U,上櫃,0.0,0.0,0.0
723287,上櫃,0.22,0.22,190.0
723288,上櫃,0.0,0.0,0.0
723289,上櫃,0.0,0.0,0.0
72328U,上櫃,0.0,0.0,0.0
723290,上櫃,0.0,0.0,0.0
723292,上櫃,0.0,0.0,0.0
723295,上櫃,0.0,0.0,0.0
723297,上櫃,0.0,0.0,0.0
72329U,上櫃,0.0,0.0,0.0
72330U,上櫃,0.0,0.0,0.0
72331U,上櫃,0.0,0.0,0.0
72332U,上櫃,1.02,1.03,84.0
72333U,上櫃,0.18,0.18,10.0
72334U,上櫃,0.13,0.13,250.0
72335U,上櫃,0.0,0.0,0.0
723368,上櫃,0.0,0.0,0.0
72336U,上櫃,1.02,0.91,40.0
72337U,上櫃,1.56,1.42,35.0
72338U,上櫃,1.84,1.82,16.0
72339U,上櫃,0.0,0.0,0.0
723407,上櫃,0.0,0.0,0.0
723408,上櫃,0.0,0.0,0.0
723409,上櫃,0.0,0.0,0.0
72340U,上櫃,0.83,0.83,1.0
723410,上櫃,0.0,0.0,0.0
723411,上櫃,0.0,0.0,0.0
723414,上櫃,0.0,0.0,0.0
723417,上櫃,0.0,0.0,0.0
72341U,上櫃,0.55,0.55,40.0
723422,上櫃,0.16,0.18,77.0
723425,上櫃,2.16,2.1,51.0
72342U,上櫃,0.47,0.47,10.0
72343U,上櫃,0.0,0.0,0.0
72344U,上櫃,0.0,0.0,0.0
723451,上櫃,0.0,0.0,0.0
723452,上櫃,0.0,0.0,0.0
723453,上櫃,0.19,0.19,1.0
723454,上櫃,0.0,0.0,0.0
723456,上櫃,0.0,0.0,0.0
723457,上櫃,0.0,0.0,0.0
723459,上櫃,0.0,0.0,0.0
72345U,上櫃,0.0,0.0,0.0
72346U,上櫃,0.62,0.59,63.0
72347U,上櫃,0.0,0.0,0.0
72348U,上櫃,0.59,0.59,11.0
72349U,上櫃,0.0,0.0,0.0
72350U,上櫃,0.57,0.64,228.0
723511,上櫃,0.0,0.0,0.0
723512,上櫃,0.0,0.0,0.0
723515,上櫃,0.0,0.0,0.0
723516,上櫃,0.0,0.0,0.0
723519,上櫃,0.0,0.0,0.0
72351U,上櫃,0.27,0.16,275.0
72352U,上櫃,0.0,0.0,0.0
72353U,上櫃,2.37,2.24,27.0
72354U,上櫃,0.3,0.3,2.0
72355U,上櫃,0.0,0.0,0.0
72356U,上櫃,0.04,0.05,129.0
72357U,上櫃,0.0,0.0,0.0
72358U,上櫃,0.0,0.0,0.0
72359U,上櫃,0.71,0.61,848.0
723604,上櫃,0.0,0.0,0.0
723607,上櫃,1.55,1.72,7.0
723609,上櫃,0.0,0.0,0.0
72360U,上櫃,0.0,0.0,0.0
72361U,上櫃,0.26,0.09,480.0
72362U,上櫃,0.0,0.0,0.0
72363U,上櫃,0.0,0.0,0.0
72364U,上櫃,0.0,0.0,0.0
72365U,上櫃,1.17,1.17,5.0
72366U,上櫃,0.76,0.76,2.0
72367U,上櫃,0.0,0.0,0.0
723681,上櫃,0.0,0.0,0.0
72368U,上櫃,0.0,0.0,0.0
72369U,上櫃,0.0,0.0,0.0
72370U,上櫃,0.0,0.0,0.0
72371U,上櫃,0.08,0.08,1854.0
72372U,上櫃,0.0,0.0,0.0
72373U,上櫃,0.0,0.0,0.0
72374U,上櫃,0.02,0.02,220.0
72375U,上櫃,0.0,0.0,0.0
72376U,上櫃,0.0,0.0,0.0
723779,上櫃,0.6,0.57,63.0
72377U,上櫃,0.2,0.22,17.0
723780,上櫃,0.36,0.36,2.0
72378U,上櫃,0.0,0.0,0.0
72379U,上櫃,0.97,0.97,61.0
72380U,上櫃,0.0,0.0,0.0
72381U,上櫃,0.0,0.0,0.0
72382U,上櫃,0.0,0.0,0.0
72383U,上櫃,0.49,0.49,11.0
72384U,上櫃,0.0,0.0,0.0
72385U,上櫃,0.0,0.0,0.0
72386U,上櫃,0.61,0.64,121.0
72387U,上櫃,1.41,1.41,3.0
72388U,上櫃,0.6,0.59,45.0
72389U,上櫃,0.0,0.0,0.0
72390U,上櫃,0.0,0.0,0.0
72391U,上櫃,0.0,0.0,0.0
72392U,上櫃,0.0,0.0,0.0
72393U,上櫃,0.27,0.27,10.0
72394U,上櫃,0.0,0.0,0.0
72395U,上櫃,0.0,0.0,0.0
72396U,上櫃,0.35,0.35,5.0
72397U,上櫃,0.34,0.37,10.0
72398U,上櫃,0.0,0.0,0.0
72399U,上櫃,0.33,0.33,20.0
724003,上櫃,0.0,0.0,0.0
72400U,上櫃,0.0,0.0,0.0
724011,上櫃,0.0,0.0,0.0
724013,上櫃,0.31,0.31,177.0
724017,上櫃,0.15,0.15,346.0
724019,上櫃,0.54,0.57,552.0
72401U,上櫃,0.0,0.0,0.0
724023,上櫃,0.0,0.0,0.0
724025,上櫃,0.04,0.04,410.0
724026,上櫃,0.0,0.0,0.0
72402U,上櫃,0.0,0.0,0.0
72403U,上櫃,0.0,0.0,0.0
72404U,上櫃,0.0,0.0,0.0
72405U,上櫃,0.2,0.17,20.0
724061,上櫃,0.0,0.0,0.0
724062,上櫃,0.0,0.0,0.0
724063,上櫃,0.0,0.0,0.0
724064,上櫃,0.0,0.0,0.0
72406U,上櫃,0.0,0.0,0.0
72407U,上櫃,0.0,0.0,0.0
72408U,上櫃,0.0,0.0,0.0
724099,上櫃,0.18,0.18,230.0
72409U,上櫃,0.28,0.28,282.0
72410U,上櫃,0.0,0.0,0.0
72411U,上櫃,2.02,2.09,8.0
724126,上櫃,0.0,0.0,0.0
724127,上櫃,0.76,0.76,1.0
724128,上櫃,0.0,0.0,0.0
724129,上櫃,0.0,0.0,0.0
72412U,上櫃,0.0,0.0,0.0
724130,上櫃,0.33,0.31,420.0
72413U,上櫃,0.0,0.0,0.0
72414U,上櫃,0.0,0.0,0.0
72415U,上櫃,0.0,0.0,0.0
72416U,上櫃,0.0,0.0,0.0
724176,上櫃,0.23,0.19,555.0
72417U,上櫃,0.0,0.0,0.0
72418U,上櫃,1.93,1.93,5.0
72419U,上櫃,0.0,0.0,0.0
724200,上櫃,0.0,0.0,0.0
724201,上櫃,0.0,0.0,0.0
724202,上櫃,0.3,0.34,722.0
72420U,上櫃,0.08,0.08,40.0
72421U,上櫃,0.06,0.06,10.0
72422U,上櫃,0.0,0.0,0.0
72423U,上櫃,0.77,0.74,500.0
724240,上櫃,0.0,0.0,0.0
724241,上櫃,0.0,0.0,0.0
724242,上櫃,0.0,0.0,0.0
724243,上櫃,0.0,0.0,0.0
724244,上櫃,0.0,0.0,0.0
72424U,上櫃,0.0,0.0,0.0
72425U,上櫃,0.0,0.0,0.0
72426U,上櫃,0.43,0.55,167.0
72427U,上櫃,0.24,0.32,41.0
72428U,上櫃,0.0,0.0,0.0
72429U,上櫃,0.42,0.56,442.0
72430U,上櫃,0.0,0.0,0.0
72431U,上櫃,1.16,1.16,16.0
72432U,上櫃,0.28,0.28,10.0
72433U,上櫃,0.0,0.0,0.0
72434U,上櫃,0.0,0.0,0.0
72435U,上櫃,0.0,0.0,0.0
72436U,上櫃,0.0,0.0,0.0
724372,上櫃,0.0,0.0,0.0
724373,上櫃,0.0,0.0,0.0
724374,上櫃,0.0,0.0,0.0
72437U,上櫃,0.26,0.27,210.0
72438U,上櫃,0.0,0.0,0.0
72439U,上櫃,0.0,0.0,0.0
72440U,上櫃,1.14,1.13,36.0
72441U,上櫃,0.0,0.0,0.0
72442U,上櫃,1.6,1.6,11.0
724430,上櫃,0.0,0.0,0.0
724431,上櫃,0.27,0.27,20.0
724436,上櫃,0.0,0.0,0.0
72443U,上櫃,1.39,1.39,22.0
72444U,上櫃,0.07,0.07,145.0
72445U,上櫃,0.08,0.08,25.0
72446U,上櫃,0.0,0.0,0.0
724478,上櫃,0.0,0.0,0.0
724479,上櫃,0.0,0.0,0.0
72447U,上櫃,0.0,0.0,0.0
724480,上櫃,0.0,0.0,0.0
724481,上櫃,0.0,0.0,0.0
72448U,上櫃,0.4,0.39,70.0
72449U,上櫃,0.49,0.54,759.0
72450U,上櫃,0.0,0.0,0.0
72451U,上櫃,0.16,0.16,20.0
72452U,上櫃,0.0,0.0,0.0
72453U,上櫃,0.0,0.0,0.0
724542,上櫃,0.0,0.0,0.0
724543,上櫃,0.0,0.0,0.0
72454U,上櫃,0.0,0.0,0.0
72455U,上櫃,0.0,0.0,0.0
72456U,上櫃,0.0,0.0,0.0
72457U,上櫃,0.0,0.0,0.0
72458U,上櫃,0.0,0.0,0.0
72460U,上櫃,0.16,0.16,10.0
72461U,上櫃,0.0,0.0,0.0
72462U,上櫃,0.29,0.3,67.0
72464U,上櫃,0.0,0.0,0.0
72465U,上櫃,1.37,1.37,61.0
724668,上櫃,2.03,2.1,39.0
724669,上櫃,0.0,0.0,0.0
72466U,上櫃,0.0,0.0,0.0
724670,上櫃,0.0,0.0,0.0
72467U,上櫃,1.03,1.03,1.0
72468U,上櫃,0.0,0.0,0.0
72469U,上櫃,0.0,0.0,0.0
72470U,上櫃,0.0,0.0,0.0
72471U,上櫃,0.0,0.0,0.0
72472U,上櫃,2.78,2.78,25.0
72473U,上櫃,0.0,0.0,0.0
72474U,上櫃,0.0,0.0,0.0
724756,上櫃,0.0,0.0,0.0
72475U,上櫃,2.65,2.67,15.0
72476U,上櫃,0.0,0.0,0.0
72477U,上櫃,1.14,1.14,7.0
72478U,上櫃,0.22,0.22,105.0
72479U,上櫃,0.77,0.77,1.0
72480U,上櫃,0.0,0.0,0.0
72481U,上櫃,0.14,0.1,942.0
72482U,上櫃,0.0,0.0,0.0
724830,上櫃,0.0,0.0,0.0
72483U,上櫃,0.0,0.0,0.0
72484U,上櫃,0.08,0.09,1433.0
72485U,上櫃,0.61,0.56,1074.0
72486U,上櫃,1.39,1.37,38.0
72487U,上櫃,0.13,0.13,2.0
72488U,上櫃,0.24,0.21,461.0
72489U,上櫃,0.44,0.42,41.0
72490U,上櫃,0.22,0.19,1281.0
72491U,上櫃,0.0,0.0,0.0
72492U,上櫃,0.0,0.0,0.0
72493U,上櫃,0.0,0.0,0.0
72494U,上櫃,0.19,0.19,2.0
72495U,上櫃,0.95,0.97,30.0
72496U,上櫃,0.0,0.0,0.0
724976,上櫃,0.0,0.0,0.0
724977,上櫃,0.0,0.0,0.0
724978,上櫃,0.0,0.0,0.0
724979,上櫃,0.0,0.0,0.0
72497U,上櫃,0.0,0.0,0.0
724980,上櫃,0.27,0.27,200.0
724983,上櫃,0.0,0.0,0.0
72498U,上櫃,1.64,1.73,101.0
72499U,上櫃,0.0,0.0,0.0
72500U,上櫃,0.0,0.0,0.0
72501U,上櫃,1.11,1.13,159.0
72502U,上櫃,0.36,0.33,1221.0
72503U,上櫃,0.0,0.0,0.0
725043,上櫃,0.0,0.0,0.0
725044,上櫃,0.0,0.0,0.0
725045,上櫃,0.45,0.46,1227.0
725048,上櫃,0.0,0.0,0.0
725049,上櫃,0.0,0.0,0.0
72504U,上櫃,0.29,0.24,551.0
72505U,上櫃,0.0,0.0,0.0
72506U,上櫃,1.08,1.11,6.0
72507U,上櫃,0.31,0.34,310.0
72508U,上櫃,0.0,0.0,0.0
72509U,上櫃,0.6,0.54,122.0
72510U,上櫃,0.26,0.28,689.0
72511U,上櫃,0.0,0.0,0.0
725122,上櫃,0.0,0.0,0.0
725125,上櫃,0.0,0.0,0.0
725126,上櫃,0.0,0.0,0.0
725127,上櫃,0.0,0.0,0.0
725128,上櫃,0.0,0.0,0.0
725129,上櫃,0.0,0.0,0.0
72512U,上櫃,0.58,0.58,25.0
725130,上櫃,0.0,0.0,0.0
725134,上櫃,0.0,0.0,0.0
725135,上櫃,0.0,0.0,0.0
72513U,上櫃,0.0,0.0,0.0
72514U,上櫃,0.0,0.0,0.0
72515U,上櫃,0.0,0.0,0.0
72516U,上櫃,0.0,0.0,0.0
72517U,上櫃,0.0,0.0,0.0
72518U,上櫃,1.15,1.14,7.0
72519U,上櫃,0.0,0.0,0.0
72520U,上櫃,0.0,0.0,0.0
72521U,上櫃,0.74,0.75,162.0
72522U,上櫃,0.0,0.0,0.0
72523U,上櫃,0.41,0.42,7.0
725241,上櫃,0.13,0.13,60.0
72524U,上櫃,0.0,0.0,0.0
72525U,上櫃,0.41,0.42,21.0
72526U,上櫃,1.17,1.21,22.0
72527U,上櫃,0.57,0.57,220.0
725286,上櫃,0.0,0.0,0.0
725287,上櫃,0.0,0.0,0.0
725288,上櫃,0.0,0.0,0.0
725289,上櫃,0.0,0.0,0.0
72528U,上櫃,0.0,0.0,0.0
72529U,上櫃,0.55,0.55,10.0
72530U,上櫃,0.44,0.44,60.0
72531U,上櫃,0.86,0.69,85.0
72532U,上櫃,0.25,0.28,29.0
725333,上櫃,0.11,0.11,60.0
72533U,上櫃,0.54,0.5,365.0
72534U,上櫃,0.43,0.42,53.0
72535U,上櫃,0.87,0.82,527.0
72536U,上櫃,0.0,0.0,0.0
72537U,上櫃,0.0,0.0,0.0
72538U,上櫃,0.0,0.0,0.0
72539U,上櫃,0.8,0.74,691.0
72540U,上櫃,0.1,0.11,583.0
725411,上櫃,0.0,0.0,0.0
72541U,上櫃,0.74,0.62,470.0
72542U,上櫃,0.59,0.5,187.0
72543U,上櫃,0.0,0.0,0.0
725440,上櫃,0.0,0.0,0.0
72544U,上櫃,0.27,0.27,1.0
72545U,上櫃,0.84,0.77,45.0
72546U,上櫃,0.4,0.35,235.0
72547U,上櫃,0.69,0.69,1.0
72548U,上櫃,0.0,0.0,0.0
72549U,上櫃,0.94,0.99,36.0
72550U,上櫃,0.0,0.0,0.0
72551U,上櫃,0.0,0.0,0.0
72552U,上櫃,0.44,0.45,25.0
72553U,上櫃,0.77,0.77,3.0
725541,上櫃,0.43,0.44,104.0
725542,上櫃,0.28,0.36,18.0
72554U,上櫃,0.0,0.0,0.0
72555U,上櫃,0.76,0.75,300.0
72556U,上櫃,0.15,0.13,65.0
725575,上櫃,0.0,0.0,0.0
72557U,上櫃,0.15,0.13,266.0
72558U,上櫃,1.69,1.69,19.0
72559U,上櫃,1.34,1.54,26.0
72560U,上櫃,0.0,0.0,0.0
72561U,上櫃,0.0,0.0,0.0
72562U,上櫃,1.05,1.18,210.0
725631,上櫃,0.59,0.59,86.0
725632,上櫃,0.48,0.48,21.0
725633,上櫃,0.0,0.0,0.0
725634,上櫃,0.0,0.0,0.0
72563U,上櫃,0.0,0.0,0.0
72564U,上櫃,1.06,1.16,101.0
72565U,上櫃,0.82,0.88,148.0
72566U,上櫃,0.79,0.84,16.0
72567U,上櫃,0.6,0.65,783.0
72568U,上櫃,0.82,0.9,377.0
72569U,上櫃,0.77,0.81,25.0
725709,上櫃,0.0,0.0,0.0
72570U,上櫃,1.32,1.32,20.0
725711,上櫃,0.0,0.0,0.0
72571U,上櫃,0.16,0.15,662.0
72572U,上櫃,0.53,0.53,63.0
72573U,上櫃,0.21,0.19,776.0
725744,上櫃,0.0,0.0,0.0
72574U,上櫃,2.38,2.4,72.0
72575U,上櫃,0.0,0.0,0.0
72576U,上櫃,2.26,2.26,7.0
72577U,上櫃,0.0,0.0,0.0
72578U,上櫃,0.0,0.0,0.0
72579U,上櫃,0.0,0.0,0.0
725803,上櫃,0.0,0.0,0.0
725804,上櫃,0.0,0.0,0.0
72580U,上櫃,0.9,0.9,110.0
72581U,上櫃,0.34,0.27,266.0
72582U,上櫃,2.79,2.79,73.0
72583U,上櫃,0.67,0.67,1.0
725841,上櫃,0.0,0.0,0.0
72584U,上櫃,0.51,0.51,50.0
72585U,上櫃,0.0,0.0,0.0
72586U,上櫃,0.0,0.0,0.0
72587U,上櫃,0.0,0.0,0.0
725881,上櫃,0.24,0.25,8.0
72588U,上櫃,0.39,0.42,12.0
72589U,上櫃,0.0,0.0,0.0
72590U,上櫃,0.0,0.0,0.0
72591U,上櫃,0.0,0.0,0.0
725924,上櫃,0.0,0.0,0.0
72592U,上櫃,0.81,0.74,12.0
72593U,上櫃,1.82,1.74,701.0
72594U,上櫃,0.0,0.0,0.0
72595U,上櫃,0.0,0.0,0.0
72596U,上櫃,0.0,0.0,0.0
72597U,上櫃,0.56,0.56,129.0
72598U,上櫃,0.0,0.0,0.0
72599U,上櫃,0.56,0.56,481.0
72600U,上櫃,0.5,0.52,60.0
72601U,上櫃,0.0,0.0,0.0
72602U,上櫃,0.0,0.0,0.0
726037,上櫃,0.0,0.0,0.0
72603U,上櫃,1.64,1.64,30.0
72604U,上櫃,0.0,0.0,0.0
72605U,上櫃,0.0,0.0,0.0
72606U,上櫃,0.95,0.96,3.0
726070,上櫃,0.0,0.0,0.0
726078,上櫃,0.12,0.12,8.0
72607U,上櫃,1.55,1.55,5.0
72608U,上櫃,1.2,1.24,186.0
72609U,上櫃,0.0,0.0,0.0
72610U,上櫃,0.0,0.0,0.0
726119,上櫃,0.0,0.0,0.0
72611U,上櫃,0.0,0.0,0.0
72612U,上櫃,0.91,0.92,22.0
72613U,上櫃,1.64,1.64,20.0
72614U,上櫃,0.0,0.0,0.0
72615U,上櫃,0.0,0.0,0.0
72616U,上櫃,0.0,0.0,0.0
72617U,上櫃,1.41,1.43,172.0
72618U,上櫃,0.0,0.0,0.0
726194,上櫃,0.0,0.0,0.0
72619U,上櫃,0.0,0.0,0.0
72620U,上櫃,0.0,0.0,0.0
726216,上櫃,0.0,0.0,0.0
726217,上櫃,0.0,0.0,0.0
72621U,上櫃,0.55,0.61,237.0
72622U,上櫃,0.0,0.0,0.0
72623U,上櫃,0.0,0.0,0.0
72624U,上櫃,0.96,0.96,50.0
72625U,上櫃,1.39,1.32,9.0
726266,上櫃,0.0,0.0,0.0
72626U,上櫃,0.0,0.0,0.0
72627U,上櫃,0.0,0.0,0.0
72628U,上櫃,0.78,0.78,3.0
72629U,上櫃,1.72,1.72,1.0
72630U,上櫃,0.0,0.0,0.0
72631U,上櫃,0.0,0.0,0.0
72632U,上櫃,0.35,0.37,85.0
72633U,上櫃,0.0,0.0,0.0
72634U,上櫃,1.82,1.82,10.0
72635U,上櫃,2.34,2.34,25.0
726360,上櫃,0.0,0.0,0.0
72636U,上櫃,0.0,0.0,0.0
72637U,上櫃,0.0,0.0,0.0
72638U,上櫃,0.0,0.0,0.0
72639U,上櫃,0.0,0.0,0.0
726407,上櫃,0.0,0.0,0.0
726408,上櫃,0.0,0.0,0.0
72640U,上櫃,0.0,0.0,0.0
72641U,上櫃,0.0,0.0,0.0
72642U,上櫃,0.0,0.0,0.0
72643U,上櫃,0.9,0.9,207.0
72644U,上櫃,0.0,0.0,0.0
72645U,上櫃,0.0,0.0,0.0
72646U,上櫃,0.0,0.0,0.0
72647U,上櫃,0.95,0.94,367.0
72648U,上櫃,0.84,0.81,421.0
72649U,上櫃,0.0,0.0,0.0
726500,上櫃,0.0,0.0,0.0
726502,上櫃,0.0,0.0,0.0
726504,上櫃,0.22,0.23,26.0
72650U,上櫃,0.0,0.0,0.0
72651U,上櫃,0.78,0.69,125.0
72652U,上櫃,0.0,0.0,0.0
72653U,上櫃,1.88,1.88,10.0
72654U,上櫃,1.11,1.03,127.0
726554,上櫃,0.0,0.0,0.0
726555,上櫃,0.0,0.0,0.0
726556,上櫃,0.0,0.0,0.0
72655U,上櫃,0.0,0.0,0.0
726560,上櫃,0.03,0.03,50.0
726561,上櫃,0.15,0.15,653.0
726562,上櫃,0.0,0.0,0.0
72656U,上櫃,2.13,2.14,21.0
72657U,上櫃,0.61,0.6,71.0
72658U,上櫃,0.0,0.0,0.0
72659U,上櫃,1.45,1.45,10.0
72660U,上櫃,0.77,0.68,110.0
726612,上櫃,0.0,0.0,0.0
726614,上櫃,0.0,0.0,0.0
72661U,上櫃,0.98,0.93,24.0
72662U,上櫃,1.01,0.94,262.0
72663U,上櫃,1.04,1.0,63.0
72664U,上櫃,0.55,0.54,55.0
72665U,上櫃,1.55,1.5,88.0
72666U,上櫃,0.0,0.0,0.0
726676,上櫃,0.0,0.0,0.0
72667U,上櫃,2.21,2.21,5.0
72668U,上櫃,0.0,0.0,0.0
72669U,上櫃,1.7,1.61,8.0
72670U,上櫃,2.18,2.18,5.0
72671U,上櫃,0.0,0.0,0.0
72672U,上櫃,0.0,0.0,0.0
72673U,上櫃,1.32,1.32,10.0
72674U,上櫃,1.11,1.03,265.0
72675U,上櫃,0.0,0.0,0.0
72676U,上櫃,0.0,0.0,0.0
726771,上櫃,0.0,0.0,0.0
72677U,上櫃,0.0,0.0,0.0
72678U,上櫃,0.0,0.0,0.0
72679U,上櫃,0.0,0.0,0.0
726812,上櫃,0.0,0.0,0.0
726843,上櫃,0.0,0.0,0.0
726884,上櫃,0.0,0.0,0.0
726924,上櫃,0.0,0.0,0.0
726925,上櫃,0.0,0.0,0.0
726926,上櫃,0.2,0.2,20.0
726927,上櫃,0.0,0.0,0.0
726929,上櫃,0.0,0.0,0.0
726991,上櫃,0.0,0.0,0.0
727025,上櫃,0.54,0.52,8.0
727095,上櫃,0.0,0.0,0.0
727122,上櫃,0.0,0.0,0.0
727146,上櫃,0.1,0.1,5.0
727202,上櫃,0.0,0.0,0.0
727242,上櫃,0.0,0.0,0.0
727275,上櫃,0.47,0.48,253.0
727349,上櫃,0.32,0.32,185.0
727402,上櫃,0.0,0.0,0.0
727403,上櫃,0.0,0.0,0.0
727404,上櫃,0.0,0.0,0.0
727405,上櫃,0.0,0.0,0.0
727454,上櫃,0.0,0.0,0.0
727457,上櫃,0.12,0.16,430.0
727458,上櫃,0.0,0.0,0.0
727459,上櫃,0.0,0.0,0.0
727460,上櫃,0.0,0.0,0.0
727536,上櫃,0.0,0.0,0.0
727613,上櫃,1.0,1.02,158.0
727664,上櫃,0.0,0.0,0.0
727665,上櫃,0.0,0.0,0.0
727743,上櫃,3.65,3.65,1.0
727760,上櫃,0.0,0.0,0.0
727836,上櫃,0.0,0.0,0.0
727869,上櫃,0.0,0.0,0.0
727870,上櫃,0.15,0.17,24.0
727930,上櫃,0.0,0.0,0.0
728002,上櫃,0.06,0.05,110.0
728003,上櫃,0.0,0.0,0.0
728004,上櫃,0.21,0.23,7.0
728005,上櫃,0.0,0.0,0.0
728047,上櫃,0.0,0.0,0.0
728050,上櫃,0.0,0.0,0.0
728051,上櫃,0.28,0.3,45.0
728086,上櫃,0.0,0.0,0.0
728088,上櫃,0.0,0.0,0.0
728171,上櫃,0.0,0.0,0.0
728172,上櫃,0.0,0.0,0.0
728174,上櫃,0.0,0.0,0.0
728176,上櫃,0.33,0.34,446.0
728177,上櫃,0.0,0.0,0.0
728264,上櫃,0.0,0.0,0.0
728271,上櫃,0.1,0.1,1.0
728323,上櫃,0.0,0.0,0.0
728324,上櫃,0.0,0.0,0.0
728325,上櫃,0.0,0.0,0.0
728391,上櫃,0.15,0.15,10.0
728392,上櫃,0.19,0.19,1.0
728394,上櫃,0.0,0.0,0.0
728395,上櫃,0.0,0.0,0.0
728396,上櫃,0.0,0.0,0.0
728399,上櫃,0.0,0.0,0.0
728402,上櫃,0.33,0.32,82.0
728403,上櫃,0.61,0.58,143.0
728404,上櫃,0.23,0.23,20.0
728411,上櫃,0.0,0.0,0.0
728420,上櫃,0.0,0.0,0.0
728511,上櫃,0.19,0.19,506.0
728512,上櫃,0.14,0.14,45.0
728514,上櫃,0.0,0.0,0.0
728515,上櫃,0.0,0.0,0.0
728516,上櫃,0.0,0.0,0.0
728519,上櫃,1.12,1.03,20.0
728520,上櫃,0.0,0.0,0.0
728523,上櫃,0.0,0.0,0.0
728595,上櫃,0.51,0.51,1.0
728657,上櫃,0.81,0.81,115.0
728658,上櫃,0.68,0.66,260.0
728660,上櫃,0.0,0.0,0.0
728662,上櫃,0.0,0.0,0.0
728663,上櫃,0.0,0.0,0.0
728665,上櫃,0.0,0.0,0.0
728666,上櫃,0.0,0.0,0.0
728667,上櫃,0.0,0.0,0.0
728753,上櫃,1.6,1.63,50.0
728755,上櫃,0.0,0.0,0.0
728758,上櫃,0.0,0.0,0.0
728764,上櫃,0.0,0.0,0.0
728765,上櫃,0.0,0.0,0.0
728766,上櫃,0.0,0.0,0.0
728767,上櫃,0.0,0.0,0.0
728768,上櫃,0.25,0.24,52.0
728771,上櫃,0.62,0.58,600.0
728774,上櫃,0.0,0.0,0.0
728781,上櫃,0.0,0.0,0.0
728852,上櫃,0.0,0.0,0.0
728853,上櫃,0.53,0.54,116.0
728860,上櫃,0.85,0.85,15.0
728920,上櫃,0.0,0.0,0.0
728948,上櫃,0.0,0.0,0.0
728963,上櫃,0.0,0.0,0.0
728964,上櫃,0.0,0.0,0.0
728965,上櫃,0.0,0.0,0.0
728966,上櫃,0.0,0.0,0.0
728967,上櫃,0.0,0.0,0.0
728989,上櫃,0.0,0.0,0.0
728994,上櫃,0.0,0.0,0.0
729007,上櫃,0.0,0.0,0.0
729010,上櫃,0.37,0.36,3.0
729028,上櫃,0.0,0.0,0.0
729030,上櫃,0.0,0.0,0.0
729031,上櫃,0.0,0.0,0.0
729032,上櫃,0.0,0.0,0.0
729033,上櫃,0.0,0.0,0.0
729055,上櫃,0.0,0.0,0.0
729068,上櫃,0.0,0.0,0.0
729069,上櫃,0.24,0.24,1.0
729070,上櫃,0.0,0.0,0.0
729107,上櫃,2.55,2.3,7.0
729123,上櫃,0.0,0.0,0.0
729138,上櫃,0.0,0.0,0.0
729140,上櫃,0.0,0.0,0.0
729169,上櫃,0.0,0.0,0.0
729170,上櫃,0.26,0.26,244.0
729171,上櫃,0.22,0.22,15.0
729172,上櫃,0.0,0.0,0.0
729173,上櫃,0.0,0.0,0.0
729174,上櫃,0.69,0.7,410.0
729175,上櫃,0.6,0.56,859.0
729176,上櫃,1.6,1.52,60.0
729177,上櫃,1.32,1.32,134.0
729178,上櫃,1.19,1.11,1278.0
729179,上櫃,0.0,0.0,0.0
729180,上櫃,0.0,0.0,0.0
729181,上櫃,0.0,0.0,0.0
729182,上櫃,0.0,0.0,0.0
729183,上櫃,0.9,0.9,100.0
729184,上櫃,0.0,0.0,0.0
729185,上櫃,1.29,1.26,16.0
729186,上櫃,0.89,0.89,17.0
729187,上櫃,1.07,1.02,643.0
729189,上櫃,0.0,0.0,0.0
729211,上櫃,2.64,2.64,10.0
729224,上櫃,1.24,1.21,25.0
729225,上櫃,0.49,0.45,15.0
729226,上櫃,0.0,0.0,0.0
729227,上櫃,0.0,0.0,0.0
729228,上櫃,0.0,0.0,0.0
729229,上櫃,0.0,0.0,0.0
729236,上櫃,0.0,0.0,0.0
729262,上櫃,2.37,1.78,121.0
729313,上櫃,0.0,0.0,0.0
729314,上櫃,0.0,0.0,0.0
729315,上櫃,0.0,0.0,0.0
729318,上櫃,0.0,0.0,0.0
729320,上櫃,0.0,0.0,0.0
729356,上櫃,0.0,0.0,0.0
729357,上櫃,0.0,0.0,0.0
729358,上櫃,0.0,0.0,0.0
729359,上櫃,0.0,0.0,0.0
729360,上櫃,0.0,0.0,0.0
729361,上櫃,0.0,0.0,0.0
729362,上櫃,0.0,0.0,0.0
729363,上櫃,0.0,0.0,0.0
729382,上櫃,0.0,0.0,0.0
729401,上櫃,0.0,0.0,0.0
729411,上櫃,0.0,0.0,0.0
729413,上櫃,0.5,0.5,57.0
729425,上櫃,0.0,0.0,0.0
729426,上櫃,0.0,0.0,0.0
729484,上櫃,0.0,0.0,0.0
729485,上櫃,0.0,0.0,0.0
729486,上櫃,0.0,0.0,0.0
729487,上櫃,0.0,0.0,0.0
729488,上櫃,3.59,3.59,2.0
729489,上櫃,0.0,0.0,0.0
729491,上櫃,0.0,0.0,0.0
729492,上櫃,0.0,0.0,0.0
729493,上櫃,0.0,0.0,0.0
729494,上櫃,0.0,0.0,0.0
729495,上櫃,0.54,0.6,111.0
729496,上櫃,0.0,0.0,0.0
729499,上櫃,0.0,0.0,0.0
729527,上櫃,0.0,0.0,0.0
729528,上櫃,0.67,0.65,270.0
729529,上櫃,0.0,0.0,0.0
729530,上櫃,0.0,0.0,0.0
729531,上櫃,0.0,0.0,0.0
729532,上櫃,0.0,0.0,0.0
729533,上櫃,0.0,0.0,0.0
729534,上櫃,0.0,0.0,0.0
729535,上櫃,0.0,0.0,0.0
729536,上櫃,1.29,1.29,25.0
729544,上櫃,0.0,0.0,0.0
729560,上櫃,0.0,0.0,0.0
729618,上櫃,0.0,0.0,0.0
729619,上櫃,0.0,0.0,0.0
729620,上櫃,0.0,0.0,0.0
729621,上櫃,0.0,0.0,0.0
729623,上櫃,2.17,2.27,11.0
729624,上櫃,0.0,0.0,0.0
729625,上櫃,0.6,0.55,1980.0
729626,上櫃,0.05,0.05,140.0
729627,上櫃,0.43,0.44,2.0
729628,上櫃,0.21,0.21,60.0
729629,上櫃,0.4,0.4,4.0
729630,上櫃,0.0,0.0,0.0
729631,上櫃,0.0,0.0,0.0
729676,上櫃,0.0,0.0,0.0
729698,上櫃,0.28,0.31,6.0
729699,上櫃,0.0,0.0,0.0
729700,上櫃,0.0,0.0,0.0
729701,上櫃,0.0,0.0,0.0
729702,上櫃,0.0,0.0,0.0
729703,上櫃,0.0,0.0,0.0
729704,上櫃,0.0,0.0,0.0
729705,上櫃,0.0,0.0,0.0
729706,上櫃,0.0,0.0,0.0
729707,上櫃,0.0,0.0,0.0
729708,上櫃,0.0,0.0,0.0
729709,上櫃,0.0,0.0,0.0
729710,上櫃,0.0,0.0,0.0
729711,上櫃,0.34,0.34,10.0
729712,上櫃,0.0,0.0,0.0
729713,上櫃,0.0,0.0,0.0
729714,上櫃,0.0,0.0,0.0
729715,上櫃,0.0,0.0,0.0
729769,上櫃,0.0,0.0,0.0
729791,上櫃,0.0,0.0,0.0
729792,上櫃,0.0,0.0,0.0
729793,上櫃,0.0,0.0,0.0
729794,上櫃,0.0,0.0,0.0
729795,上櫃,0.0,0.0,0.0
729796,上櫃,0.0,0.0,0.0
729797,上櫃,0.0,0.0,0.0
729798,上櫃,0.0,0.0,0.0
729799,上櫃,0.76,0.82,153.0
729800,上櫃,0.0,0.0,0.0
729801,上櫃,0.0,0.0,0.0
729802,上櫃,0.0,0.0,0.0
729803,上櫃,0.0,0.0,0.0
729804,上櫃,0.0,0.0,0.0
729805,上櫃,0.39,0.39,107.0
729806,上櫃,0.02,0.02,600.0
729807,上櫃,0.0,0.0,0.0
729808,上櫃,0.42,0.42,40.0
729834,上櫃,0.0,0.0,0.0
729835,上櫃,0.0,0.0,0.0
729870,上櫃,0.0,0.0,0.0
729871,上櫃,0.1,0.1,30.0
729872,上櫃,0.0,0.0,0.0
729873,上櫃,4.81,4.81,10.0
729874,上櫃,0.98,0.87,54.0
729875,上櫃,0.0,0.0,0.0
729876,上櫃,0.0,0.0,0.0
729877,上櫃,0.0,0.0,0.0
729878,上櫃,0.0,0.0,0.0
729879,上櫃,0.0,0.0,0.0
729880,上櫃,0.0,0.0,0.0
729881,上櫃,0.0,0.0,0.0
729882,上櫃,0.0,0.0,0.0
729883,上櫃,0.0,0.0,0.0
729884,上櫃,0.12,0.13,26.0
729885,上櫃,0.09,0.09,23.0
729886,上櫃,0.36,0.36,100.0
729887,上櫃,0.49,0.47,464.0
729888,上櫃,0.0,0.0,0.0
729889,上櫃,0.0,0.0,0.0
729890,上櫃,0.0,0.0,0.0
729891,上櫃,0.0,0.0,0.0
729892,上櫃,0.0,0.0,0.0
729894,上櫃,0.0,0.0,0.0
729895,上櫃,0.0,0.0,0.0
729900,上櫃,0.92,0.92,56.0
729958,上櫃,0.0,0.0,0.0
729959,上櫃,0.0,0.0,0.0
729960,上櫃,0.0,0.0,0.0
729961,上櫃,0.0,0.0,0.0
729962,上櫃,0.0,0.0,0.0
729963,上櫃,0.0,0.0,0.0
729964,上櫃,1.1,1.1,1.0
729965,上櫃,0.0,0.0,0.0
729966,上櫃,1.27,1.27,10.0
729967,上櫃,0.0,0.0,0.0
729969,上櫃,0.0,0.0,0.0
729970,上櫃,0.0,0.0,0.0
729971,上櫃,0.0,0.0,0.0
729972,上櫃,0.57,0.59,115.0
729973,上櫃,0.3,0.3,1.0
729974,上櫃,0.0,0.0,0.0
729975,上櫃,0.0,0.0,0.0
730036,上櫃,0.0,0.0,0.0
730037,上櫃,0.5,0.5,23.0
730038,上櫃,0.0,0.0,0.0
730039,上櫃,0.0,0.0,0.0
730040,上櫃,3.98,3.98,10.0
730041,上櫃,0.84,0.84,147.0
730042,上櫃,0.0,0.0,0.0
730043,上櫃,0.0,0.0,0.0
730044,上櫃,0.0,0.0,0.0
730045,上櫃,0.0,0.0,0.0
730046,上櫃,0.0,0.0,0.0
730047,上櫃,0.0,0.0,0.0
730048,上櫃,0.0,0.0,0.0
730049,上櫃,0.0,0.0,0.0
730050,上櫃,0.0,0.0,0.0
730051,上櫃,0.0,0.0,0.0
730052,上櫃,0.0,0.0,0.0
730053,上櫃,0.0,0.0,0.0
730054,上櫃,0.0,0.0,0.0
730055,上櫃,0.0,0.0,0.0
730056,上櫃,1.19,1.45,122.0
730057,上櫃,0.0,0.0,0.0
730058,上櫃,0.0,0.0,0.0
730059,上櫃,0.02,0.02,5.0
730124,上櫃,0.0,0.0,0.0
730127,上櫃,0.0,0.0,0.0
730128,上櫃,0.0,0.0,0.0
730131,上櫃,0.0,0.0,0.0
730132,上櫃,0.0,0.0,0.0
730134,上櫃,0.0,0.0,0.0
730135,上櫃,0.0,0.0,0.0
730136,上櫃,0.0,0.0,0.0
730137,上櫃,0.0,0.0,0.0
730138,上櫃,0.0,0.0,0.0
730139,上櫃,0.0,0.0,0.0
730140,上櫃,0.0,0.0,0.0
730141,上櫃,0.0,0.0,0.0
730142,上櫃,0.0,0.0,0.0
730143,上櫃,0.0,0.0,0.0
730144,上櫃,0.0,0.0,0.0
730145,上櫃,0.0,0.0,0.0
730146,上櫃,0.68,0.7,61.0
730147,上櫃,0.08,0.08,40.0
730148,上櫃,0.0,0.0,0.0
730149,上櫃,0.0,0.0,0.0
730150,上櫃,0.0,0.0,0.0
730151,上櫃,0.0,0.0,0.0
730152,上櫃,0.0,0.0,0.0
730153,上櫃,0.2,0.17,1166.0
730154,上櫃,0.0,0.0,0.0
730155,上櫃,0.0,0.0,0.0
730156,上櫃,0.0,0.0,0.0
730157,上櫃,0.0,0.0,0.0
730158,上櫃,0.0,0.0,0.0
730159,上櫃,0.0,0.0,0.0
730160,上櫃,0.12,0.12,10.0
730161,上櫃,0.32,0.32,20.0
730194,上櫃,0.0,0.0,0.0
730213,上櫃,0.0,0.0,0.0
730221,上櫃,0.0,0.0,0.0
730224,上櫃,0.0,0.0,0.0
730228,上櫃,0.0,0.0,0.0
730229,上櫃,0.0,0.0,0.0
730230,上櫃,0.0,0.0,0.0
730231,上櫃,0.0,0.0,0.0
730232,上櫃,1.33,1.33,12.0
730233,上櫃,0.0,0.0,0.0
730234,上櫃,0.0,0.0,0.0
730235,上櫃,0.1,0.1,40.0
730236,上櫃,0.36,0.36,177.0
730237,上櫃,0.07,0.1,446.0
730238,上櫃,6.25,7.1,48.0
730239,上櫃,0.0,0.0,0.0
730240,上櫃,0.0,0.0,0.0
730241,上櫃,0.0,0.0,0.0
730242,上櫃,0.34,0.34,50.0
730243,上櫃,0.0,0.0,0.0
730244,上櫃,0.11,0.11,100.0
730245,上櫃,0.0,0.0,0.0
730247,上櫃,0.18,0.18,1507.0
730259,上櫃,0.0,0.0,0.0
730264,上櫃,0.0,0.0,0.0
730294,上櫃,0.0,0.0,0.0
730301,上櫃,0.6,0.69,115.0
730302,上櫃,0.0,0.0,0.0
730303,上櫃,0.79,0.87,28.0
730304,上櫃,0.77,0.82,867.0
730305,上櫃,0.0,0.0,0.0
730306,上櫃,0.0,0.0,0.0
730307,上櫃,0.0,0.0,0.0
730308,上櫃,0.0,0.0,0.0
730309,上櫃,0.0,0.0,0.0
730310,上櫃,0.0,0.0,0.0
730312,上櫃,0.0,0.0,0.0
730313,上櫃,0.0,0.0,0.0
730314,上櫃,0.15,0.16,1238.0
730315,上櫃,0.0,0.0,0.0
730316,上櫃,0.0,0.0,0.0
730317,上櫃,0.0,0.0,0.0
730340,上櫃,0.0,0.0,0.0
730341,上櫃,0.0,0.0,0.0
730372,上櫃,0.0,0.0,0.0
730375,上櫃,0.0,0.0,0.0
730396,上櫃,0.0,0.0,0.0
730397,上櫃,0.0,0.0,0.0
730398,上櫃,0.0,0.0,0.0
730399,上櫃,0.0,0.0,0.0
730400,上櫃,0.0,0.0,0.0
730401,上櫃,0.18,0.2,22.0
730402,上櫃,0.0,0.0,0.0
730403,上櫃,0.0,0.0,0.0
730404,上櫃,0.0,0.0,0.0
730406,上櫃,0.0,0.0,0.0
730407,上櫃,0.0,0.0,0.0
730408,上櫃,0.0,0.0,0.0
730410,上櫃,0.17,0.17,4.0
730411,上櫃,3.17,3.49,19.0
730412,上櫃,2.5,2.67,16.0
730413,上櫃,0.0,0.0,0.0
730414,上櫃,0.0,0.0,0.0
730415,上櫃,0.0,0.0,0.0
730416,上櫃,0.0,0.0,0.0
730418,上櫃,0.0,0.0,0.0
730419,上櫃,0.0,0.0,0.0
730420,上櫃,0.0,0.0,0.0
730421,上櫃,3.77,4.0,4.0
730440,上櫃,0.0,0.0,0.0
730441,上櫃,0.0,0.0,0.0
730467,上櫃,0.0,0.0,0.0
730471,上櫃,0.0,0.0,0.0
730487,上櫃,0.0,0.0,0.0
730488,上櫃,0.0,0.0,0.0
730489,上櫃,0.0,0.0,0.0
730490,上櫃,2.67,2.67,16.0
730491,上櫃,0.0,0.0,0.0
730492,上櫃,3.09,2.98,12.0
730493,上櫃,1.51,1.57,121.0
730494,上櫃,0.0,0.0,0.0
730495,上櫃,0.0,0.0,0.0
730496,上櫃,0.39,0.38,3.0
730497,上櫃,0.0,0.0,0.0
730498,上櫃,0.0,0.0,0.0
730499,上櫃,0.0,0.0,0.0
730500,上櫃,0.05,0.05,50.0
730501,上櫃,0.0,0.0,0.0
730502,上櫃,0.0,0.0,0.0
730503,上櫃,0.0,0.0,0.0
730512,上櫃,0.0,0.0,0.0
730514,上櫃,0.0,0.0,0.0
730515,上櫃,0.0,0.0,0.0
730529,上櫃,0.13,0.13,40.0
730539,上櫃,0.0,0.0,0.0
730540,上櫃,0.0,0.0,0.0
730541,上櫃,0.14,0.14,2.0
730542,上櫃,0.0,0.0,0.0
730543,上櫃,0.0,0.0,0.0
730544,上櫃,0.0,0.0,0.0
730545,上櫃,0.0,0.0,0.0
730546,上櫃,0.0,0.0,0.0
730547,上櫃,0.0,0.0,0.0
730548,上櫃,0.5,0.5,5.0
730549,上櫃,0.0,0.0,0.0
730550,上櫃,0.0,0.0,0.0
730551,上櫃,0.0,0.0,0.0
730552,上櫃,0.1,0.1,5.0
730553,上櫃,0.26,0.27,20.0
730554,上櫃,0.0,0.0,0.0
730555,上櫃,0.14,0.23,301.0
730557,上櫃,0.53,0.65,361.0
730558,上櫃,3.71,3.84,3.0
730559,上櫃,3.2,3.57,25.0
730564,上櫃,0.0,0.0,0.0
730568,上櫃,0.0,0.0,0.0
730605,上櫃,13.4,14.5,7.0
730608,上櫃,0.0,0.0,0.0
730623,上櫃,0.0,0.0,0.0
730624,上櫃,0.0,0.0,0.0
730625,上櫃,0.0,0.0,0.0
730626,上櫃,0.0,0.0,0.0
730627,上櫃,1.51,1.53,22.0
730628,上櫃,0.0,0.0,0.0
730629,上櫃,0.0,0.0,0.0
730630,上櫃,0.0,0.0,0.0
730631,上櫃,0.0,0.0,0.0
730632,上櫃,0.0,0.0,0.0
730633,上櫃,0.0,0.0,0.0
730634,上櫃,0.0,0.0,0.0
730635,上櫃,0.37,0.39,351.0
730636,上櫃,0.0,0.0,0.0
730637,上櫃,0.0,0.0,0.0
730638,上櫃,0.0,0.0,0.0
730681,上櫃,0.0,0.0,0.0
730691,上櫃,0.0,0.0,0.0
730705,上櫃,0.0,0.0,0.0
730720,上櫃,0.0,0.0,0.0
730721,上櫃,0.0,0.0,0.0
730722,上櫃,0.1,0.12,11.0
730723,上櫃,0.0,0.0,0.0
730724,上櫃,0.0,0.0,0.0
730725,上櫃,0.0,0.0,0.0
730726,上櫃,0.0,0.0,0.0
730727,上櫃,0.0,0.0,0.0
730728,上櫃,0.0,0.0,0.0
730729,上櫃,0.0,0.0,0.0
730730,上櫃,0.0,0.0,0.0
730731,上櫃,0.0,0.0,0.0
730732,上櫃,0.0,0.0,0.0
730733,上櫃,0.15,0.15,10.0
730734,上櫃,0.0,0.0,0.0
730735,上櫃,0.0,0.0,0.0
730736,上櫃,0.0,0.0,0.0
730737,上櫃,0.0,0.0,0.0
730738,上櫃,0.0,0.0,0.0
730739,上櫃,0.0,0.0,0.0
730740,上櫃,0.0,0.0,0.0
730741,上櫃,0.0,0.0,0.0
730761,上櫃,0.0,0.0,0.0
730762,上櫃,16.7,16.7,49.0
730779,上櫃,0.0,0.0,0.0
730804,上櫃,5.85,5.85,2.0
730820,上櫃,0.0,0.0,0.0
730821,上櫃,0.0,0.0,0.0
730822,上櫃,0.0,0.0,0.0
730823,上櫃,0.0,0.0,0.0
730824,上櫃,0.0,0.0,0.0
730825,上櫃,0.0,0.0,0.0
730826,上櫃,0.0,0.0,0.0
730827,上櫃,0.0,0.0,0.0
730828,上櫃,0.0,0.0,0.0
730829,上櫃,0.07,0.07,100.0
730843,上櫃,17.0,17.0,1.0
730905,上櫃,0.0,0.0,0.0
730912,上櫃,0.0,0.0,0.0
730913,上櫃,0.0,0.0,0.0
730914,上櫃,0.0,0.0,0.0
730915,上櫃,0.31,0.35,1438.0
730916,上櫃,0.39,0.53,593.0
730917,上櫃,0.41,0.49,705.0
730918,上櫃,0.0,0.0,0.0
730919,上櫃,0.0,0.0,0.0
730920,上櫃,0.0,0.0,0.0
730921,上櫃,0.0,0.0,0.0
730922,上櫃,1.63,1.79,61.0
730923,上櫃,0.07,0.07,766.0
730925,上櫃,0.0,0.0,0.0
730926,上櫃,0.92,0.92,30.0
730927,上櫃,0.0,0.0,0.0
730928,上櫃,0.0,0.0,0.0
730929,上櫃,0.06,0.06,216.0
730930,上櫃,0.0,0.0,0.0
730931,上櫃,0.0,0.0,0.0
730932,上櫃,0.0,0.0,0.0
730934,上櫃,0.0,0.0,0.0
730935,上櫃,0.0,0.0,0.0
730936,上櫃,2.92,3.06,3.0
730937,上櫃,0.0,0.0,0.0
730952,上櫃,0.0,0.0,0.0
730997,上櫃,0.0,0.0,0.0
730998,上櫃,0.38,0.44,26.0
730999,上櫃,0.0,0.0,0.0
731000,上櫃,0.07,0.07,105.0
731001,上櫃,0.0,0.0,0.0
731002,上櫃,0.0,0.0,0.0
731003,上櫃,0.0,0.0,0.0
731004,上櫃,0.0,0.0,0.0
731005,上櫃,0.0,0.0,0.0
731006,上櫃,0.0,0.0,0.0
731007,上櫃,0.34,0.34,241.0
731008,上櫃,0.47,0.62,128.0
731009,上櫃,0.0,0.0,0.0
731011,上櫃,0.0,0.0,0.0
731032,上櫃,0.0,0.0,0.0
731036,上櫃,0.0,0.0,0.0
731061,上櫃,0.0,0.0,0.0
731062,上櫃,0.0,0.0,0.0
731063,上櫃,0.0,0.0,0.0
731082,上櫃,0.0,0.0,0.0
731083,上櫃,0.0,0.0,0.0
731084,上櫃,0.0,0.0,0.0
731086,上櫃,0.0,0.0,0.0
731087,上櫃,0.0,0.0,0.0
731088,上櫃,0.0,0.0,0.0
731089,上櫃,0.08,0.11,202.0
731090,上櫃,0.0,0.0,0.0
731091,上櫃,0.0,0.0,0.0
731092,上櫃,6.15,6.4,15.0
731093,上櫃,0.0,0.0,0.0
731094,上櫃,0.1,0.1,10.0
731095,上櫃,0.0,0.0,0.0
731103,上櫃,2.62,2.62,1.0
731113,上櫃,0.0,0.0,0.0
731159,上櫃,0.0,0.0,0.0
731160,上櫃,0.0,0.0,0.0
731161,上櫃,0.99,0.91,37.0
731162,上櫃,0.14,0.14,1.0
731163,上櫃,3.97,3.97,1.0
731164,上櫃,0.0,0.0,0.0
731165,上櫃,0.0,0.0,0.0
731166,上櫃,0.1,0.11,535.0
731167,上櫃,0.0,0.0,0.0
731168,上櫃,0.0,0.0,0.0
731169,上櫃,0.0,0.0,0.0
731170,上櫃,0.0,0.0,0.0
731171,上櫃,5.95,6.5,14.0
731172,上櫃,0.0,0.0,0.0
731173,上櫃,0.0,0.0,0.0
731219,上櫃,0.0,0.0,0.0
731238,上櫃,0.0,0.0,0.0
731240,上櫃,0.0,0.0,0.0
731246,上櫃,0.0,0.0,0.0
731248,上櫃,0.62,0.67,39.0
731254,上櫃,0.0,0.0,0.0
731255,上櫃,0.0,0.0,0.0
731256,上櫃,0.0,0.0,0.0
731257,上櫃,0.0,0.0,0.0
731258,上櫃,0.0,0.0,0.0
731259,上櫃,0.0,0.0,0.0
731260,上櫃,0.0,0.0,0.0
731261,上櫃,0.0,0.0,0.0
731262,上櫃,0.0,0.0,0.0
731263,上櫃,0.0,0.0,0.0
731264,上櫃,0.0,0.0,0.0
731265,上櫃,0.0,0.0,0.0
731266,上櫃,0.0,0.0,0.0
731277,上櫃,0.0,0.0,0.0
731331,上櫃,0.0,0.0,0.0
731332,上櫃,0.0,0.0,0.0
731333,上櫃,0.0,0.0,0.0
731334,上櫃,0.0,0.0,0.0
731335,上櫃,0.0,0.0,0.0
731336,上櫃,0.0,0.0,0.0
731338,上櫃,0.0,0.0,0.0
731377,上櫃,0.27,0.41,1729.0
731386,上櫃,0.0,0.0,0.0
731387,上櫃,0.0,0.0,0.0
731388,上櫃,0.0,0.0,0.0
731389,上櫃,0.0,0.0,0.0
731390,上櫃,0.0,0.0,0.0
731392,上櫃,1.02,1.02,45.0
731393,上櫃,0.0,0.0,0.0
731394,上櫃,0.0,0.0,0.0
731395,上櫃,0.75,0.72,34.0
731397,上櫃,1.58,1.63,123.0
731398,上櫃,0.0,0.0,0.0
731399,上櫃,0.0,0.0,0.0
731400,上櫃,0.0,0.0,0.0
731437,上櫃,0.7,0.94,358.0
731488,上櫃,0.0,0.0,0.0
731489,上櫃,0.0,0.0,0.0
731490,上櫃,0.75,0.75,1.0
731491,上櫃,0.0,0.0,0.0
731492,上櫃,0.0,0.0,0.0
731493,上櫃,0.0,0.0,0.0
731494,上櫃,0.11,0.11,10.0
731495,上櫃,0.0,0.0,0.0
731496,上櫃,0.0,0.0,0.0
731497,上櫃,0.89,0.9,25.0
731498,上櫃,0.0,0.0,0.0
731499,上櫃,1.02,0.98,29.0
731500,上櫃,0.43,0.46,111.0
731501,上櫃,0.3,0.39,319.0
731522,上櫃,0.0,0.0,0.0
731552,上櫃,0.0,0.0,0.0
731553,上櫃,0.1,0.1,10.0
731554,上櫃,0.0,0.0,0.0
731555,上櫃,0.0,0.0,0.0
731556,上櫃,0.0,0.0,0.0
731583,上櫃,0.0,0.0,0.0
731584,上櫃,5.3,5.85,240.0
731585,上櫃,0.0,0.0,0.0
731588,上櫃,0.0,0.0,0.0
731595,上櫃,0.27,0.28,2.0
731631,上櫃,0.0,0.0,0.0
731670,上櫃,0.84,0.82,252.0
731671,上櫃,0.0,0.0,0.0
731672,上櫃,0.0,0.0,0.0
731698,上櫃,0.0,0.0,0.0
731722,上櫃,0.0,0.0,0.0
731725,上櫃,13.4,13.4,1.0
731729,上櫃,0.0,0.0,0.0
731730,上櫃,0.92,0.89,111.0
731751,上櫃,8.4,9.8,39.0
731766,上櫃,0.0,0.0,0.0
731772,上櫃,0.0,0.0,0.0
731798,上櫃,0.0,0.0,0.0
731799,上櫃,0.0,0.0,0.0
731819,上櫃,0.0,0.0,0.0
731820,上櫃,0.0,0.0,0.0
731821,上櫃,0.0,0.0,0.0
731822,上櫃,0.0,0.0,0.0
731826,上櫃,0.0,0.0,0.0
731827,上櫃,0.0,0.0,0.0
731851,上櫃,0.0,0.0,0.0
731858,上櫃,0.0,0.0,0.0
731873,上櫃,0.0,0.0,0.0
731874,上櫃,0.3,0.31,124.0
731875,上櫃,0.0,0.0,0.0
731876,上櫃,0.0,0.0,0.0
731877,上櫃,0.0,0.0,0.0
731891,上櫃,0.0,0.0,0.0
731945,上櫃,0.32,0.32,85.0
731946,上櫃,0.0,0.0,0.0
731947,上櫃,0.0,0.0,0.0
731948,上櫃,0.0,0.0,0.0
731949,上櫃,0.19,0.19,60.0
731950,上櫃,0.34,0.39,2.0
731951,上櫃,0.0,0.0,0.0
731952,上櫃,0.52,0.52,50.0
731977,上櫃,0.0,0.0,0.0
731982,上櫃,0.0,0.0,0.0
731988,上櫃,0.0,0.0,0.0
731998,上櫃,0.0,0.0,0.0
732011,上櫃,0.0,0.0,0.0
732012,上櫃,0.12,0.11,284.0
732020,上櫃,0.58,0.58,82.0
732038,上櫃,0.0,0.0,0.0
732039,上櫃,0.0,0.0,0.0
732049,上櫃,0.77,0.77,81.0
732050,上櫃,0.24,0.24,1.0
732051,上櫃,0.0,0.0,0.0
732052,上櫃,0.38,0.48,312.0
732053,上櫃,0.42,0.45,503.0
732054,上櫃,0.43,0.49,2183.0
732055,上櫃,0.22,0.22,282.0
732056,上櫃,0.0,0.0,0.0
732068,上櫃,0.97,0.91,35.0
732069,上櫃,0.88,0.81,458.0
732070,上櫃,0.0,0.0,0.0
732112,上櫃,0.23,0.25,200.0
732131,上櫃,2.21,2.11,21.0
732139,上櫃,0.0,0.0,0.0
732153,上櫃,0.0,0.0,0.0
732160,上櫃,0.0,0.0,0.0
732164,上櫃,0.78,0.73,496.0
732165,上櫃,0.0,0.0,0.0
732167,上櫃,0.0,0.0,0.0
732168,上櫃,0.0,0.0,0.0
732182,上櫃,2.39,2.39,1.0
732214,上櫃,0.0,0.0,0.0
732215,上櫃,0.0,0.0,0.0
732216,上櫃,0.0,0.0,0.0
732217,上櫃,0.2,0.2,12.0
732218,上櫃,0.0,0.0,0.0
732219,上櫃,0.0,0.0,0.0
732220,上櫃,0.0,0.0,0.0
732221,上櫃,0.65,0.65,49.0
732227,上櫃,0.0,0.0,0.0
732246,上櫃,0.0,0.0,0.0
732260,上櫃,0.0,0.0,0.0
732268,上櫃,0.0,0.0,0.0
732269,上櫃,0.0,0.0,0.0
732270,上櫃,0.0,0.0,0.0
732271,上櫃,0.0,0.0,0.0
732272,上櫃,0.0,0.0,0.0
732273,上櫃,0.0,0.0,0.0
732274,上櫃,0.41,0.37,53.0
732275,上櫃,0.6,0.64,404.0
732276,上櫃,0.0,0.0,0.0
732277,上櫃,0.0,0.0,0.0
732290,上櫃,2.48,2.48,8.0
732309,上櫃,0.0,0.0,0.0
732317,上櫃,0.0,0.0,0.0
732318,上櫃,0.0,0.0,0.0
732328,上櫃,0.0,0.0,0.0
732329,上櫃,0.72,0.65,163.0
732332,上櫃,0.0,0.0,0.0
732333,上櫃,0.0,0.0,0.0
732334,上櫃,0.0,0.0,0.0
732335,上櫃,0.0,0.0,0.0
732339,上櫃,0.0,0.0,0.0
732344,上櫃,0.0,0.0,0.0
732347,上櫃,0.0,0.0,0.0
732371,上櫃,1.62,1.62,164.0
732389,上櫃,0.22,0.22,5.0
732390,上櫃,0.0,0.0,0.0
732391,上櫃,0.0,0.0,0.0
732399,上櫃,0.0,0.0,0.0
732402,上櫃,0.0,0.0,0.0
732425,上櫃,0.0,0.0,0.0
732435,上櫃,0.9,0.9,20.0
732447,上櫃,0.0,0.0,0.0
732467,上櫃,0.21,0.21,100.0
732468,上櫃,0.35,0.34,102.0
732484,上櫃,0.0,0.0,0.0
732498,上櫃,2.92,2.92,2.0
732509,上櫃,0.0,0.0,0.0
732512,上櫃,0.0,0.0,0.0
732519,上櫃,1.65,1.57,27.0
732520,上櫃,0.0,0.0,0.0
732521,上櫃,0.98,1.08,76.0
732544,上櫃,0.0,0.0,0.0
732545,上櫃,0.81,0.82,258.0
732582,上櫃,0.0,0.0,0.0
732583,上櫃,0.0,0.0,0.0
732584,上櫃,0.08,0.08,10.0
732585,上櫃,0.39,0.4,62.0
732586,上櫃,0.0,0.0,0.0
732587,上櫃,0.0,0.0,0.0
732588,上櫃,0.49,0.44,244.0
732602,上櫃,0.0,0.0,0.0
732625,上櫃,0.33,0.34,160.0
732639,上櫃,0.0,0.0,0.0
732646,上櫃,0.0,0.0,0.0
732653,上櫃,0.0,0.0,0.0
732654,上櫃,0.31,0.32,347.0
732655,上櫃,0.0,0.0,0.0
732656,上櫃,0.0,0.0,0.0
732657,上櫃,0.0,0.0,0.0
732672,上櫃,0.08,0.08,3.0
732675,上櫃,0.1,0.1,2.0
732676,上櫃,0.08,0.08,10.0
732704,上櫃,0.0,0.0,0.0
732705,上櫃,0.95,1.02,215.0
732725,上櫃,0.0,0.0,0.0
732736,上櫃,0.0,0.0,0.0
732739,上櫃,0.0,0.0,0.0
732740,上櫃,5.2,5.2,10.0
732742,上櫃,0.0,0.0,0.0
732743,上櫃,0.0,0.0,0.0
732755,上櫃,0.0,0.0,0.0
732764,上櫃,0.0,0.0,0.0
732773,上櫃,0.0,0.0,0.0
732776,上櫃,0.0,0.0,0.0
732781,上櫃,0.0,0.0,0.0
732782,上櫃,0.0,0.0,0.0
732783,上櫃,0.0,0.0,0.0
732788,上櫃,0.0,0.0,0.0
732792,上櫃,0.0,0.0,0.0
732795,上櫃,0.13,0.13,80.0
732798,上櫃,0.0,0.0,0.0
732804,上櫃,0.0,0.0,0.0
732814,上櫃,0.0,0.0,0.0
732821,上櫃,0.0,0.0,0.0
732826,上櫃,0.0,0.0,0.0
732827,上櫃,0.0,0.0,0.0
732829,上櫃,0.0,0.0,0.0
732840,上櫃,0.0,0.0,0.0
732841,上櫃,0.0,0.0,0.0
732845,上櫃,0.0,0.0,0.0
732846,上櫃,0.0,0.0,0.0
732868,上櫃,0.0,0.0,0.0
732871,上櫃,0.0,0.0,0.0
732881,上櫃,0.0,0.0,0.0
732885,上櫃,0.0,0.0,0.0
732886,上櫃,0.0,0.0,0.0
732890,上櫃,0.0,0.0,0.0
732899,上櫃,0.0,0.0,0.0
732900,上櫃,0.0,0.0,0.0
732901,上櫃,9.2,9.2,2.0
732913,上櫃,0.0,0.0,0.0
732914,上櫃,0.0,0.0,0.0
732916,上櫃,0.0,0.0,0.0
732918,上櫃,0.0,0.0,0.0
732921,上櫃,0.0,0.0,0.0
732925,上櫃,0.0,0.0,0.0
732929,上櫃,0.0,0.0,0.0
732931,上櫃,0.0,0.0,0.0
732936,上櫃,0.0,0.0,0.0
732940,上櫃,0.0,0.0,0.0
732942,上櫃,0.0,0.0,0.0
732952,上櫃,0.0,0.0,0.0
732966,上櫃,0.0,0.0,0.0
732972,上櫃,0.0,0.0,0.0
732973,上櫃,0.0,0.0,0.0
732979,上櫃,0.0,0.0,0.0
732985,上櫃,0.0,0.0,0.0
732986,上櫃,0.0,0.0,0.0
732995,上櫃,0.0,0.0,0.0
732996,上櫃,0.0,0.0,0.0
733002,上櫃,0.0,0.0,0.0
733008,上櫃,0.0,0.0,0.0
733009,上櫃,0.0,0.0,0.0
733015,上櫃,0.0,0.0,0.0
733020,上櫃,0.0,0.0,0.0
733021,上櫃,0.0,0.0,0.0
733025,上櫃,0.0,0.0,0.0
733039,上櫃,8.2,8.2,1.0
733040,上櫃,0.02,0.02,30.0
733046,上櫃,0.0,0.0,0.0
733047,上櫃,3.1,3.08,4.0
733056,上櫃,0.0,0.0,0.0
733057,上櫃,0.0,0.0,0.0
733070,上櫃,17.1,17.1,1.0
733074,上櫃,0.47,0.48,103.0
733075,上櫃,0.0,0.0,0.0
733082,上櫃,0.0,0.0,0.0
733083,上櫃,0.0,0.0,0.0
733084,上櫃,2.26,2.26,1.0
733089,上櫃,0.0,0.0,0.0
733091,上櫃,0.0,0.0,0.0
733103,上櫃,0.0,0.0,0.0
733112,上櫃,1.11,1.11,1.0
733122,上櫃,0.0,0.0,0.0
733127,上櫃,0.0,0.0,0.0
733130,上櫃,0.21,0.39,582.0
733132,上櫃,0.0,0.0,0.0
733133,上櫃,0.0,0.0,0.0
733135,上櫃,0.0,0.0,0.0
733138,上櫃,3.51,3.51,56.0
733139,上櫃,0.0,0.0,0.0
733140,上櫃,0.0,0.0,0.0
733142,上櫃,0.0,0.0,0.0
733150,上櫃,0.0,0.0,0.0
733151,上櫃,0.0,0.0,0.0
733153,上櫃,0.0,0.0,0.0
733155,上櫃,0.0,0.0,0.0
733169,上櫃,0.0,0.0,0.0
733170,上櫃,0.0,0.0,0.0
733171,上櫃,0.0,0.0,0.0
733172,上櫃,5.25,5.65,11.0
733177,上櫃,0.0,0.0,0.0
733178,上櫃,2.28,2.28,18.0
733179,上櫃,1.13,1.13,1.0
733183,上櫃,0.0,0.0,0.0
733193,上櫃,0.0,0.0,0.0
733202,上櫃,0.0,0.0,0.0
733204,上櫃,0.0,0.0,0.0
733215,上櫃,0.0,0.0,0.0
733216,上櫃,0.0,0.0,0.0
733217,上櫃,0.0,0.0,0.0
733221,上櫃,0.0,0.0,0.0
733222,上櫃,0.0,0.0,0.0
733227,上櫃,0.0,0.0,0.0
733230,上櫃,0.0,0.0,0.0
733236,上櫃,0.0,0.0,0.0
733239,上櫃,0.0,0.0,0.0
733243,上櫃,0.0,0.0,0.0
733246,上櫃,0.0,0.0,0.0
733248,上櫃,0.0,0.0,0.0
733252,上櫃,0.0,0.0,0.0
733259,上櫃,0.0,0.0,0.0
733260,上櫃,0.0,0.0,0.0
733264,上櫃,0.0,0.0,0.0
733266,上櫃,0.0,0.0,0.0
733267,上櫃,0.0,0.0,0.0
733288,上櫃,0.14,0.17,19.0
733303,上櫃,0.0,0.0,0.0
733306,上櫃,0.0,0.0,0.0
733307,上櫃,0.0,0.0,0.0
733308,上櫃,5.05,5.65,6.0
733315,上櫃,0.36,0.4,37.0
733317,上櫃,0.0,0.0,0.0
733320,上櫃,0.0,0.0,0.0
733329,上櫃,0.0,0.0,0.0
733332,上櫃,0.22,0.22,50.0
733333,上櫃,0.0,0.0,0.0
733334,上櫃,0.0,0.0,0.0
733335,上櫃,0.0,0.0,0.0
733336,上櫃,0.0,0.0,0.0
733337,上櫃,0.54,0.62,157.0
733338,上櫃,0.0,0.0,0.0
733339,上櫃,0.0,0.0,0.0
733349,上櫃,5.75,5.75,20.0
733351,上櫃,0.0,0.0,0.0
733355,上櫃,0.0,0.0,0.0
733356,上櫃,0.0,0.0,0.0
733357,上櫃,0.0,0.0,0.0
733358,上櫃,0.12,0.12,10.0
733359,上櫃,1.78,1.78,5.0
733360,上櫃,0.0,0.0,0.0
733361,上櫃,0.0,0.0,0.0
733366,上櫃,0.0,0.0,0.0
733367,上櫃,0.0,0.0,0.0
733375,上櫃,4.45,4.45,2.0
733376,上櫃,0.0,0.0,0.0
733378,上櫃,0.0,0.0,0.0
733379,上櫃,0.0,0.0,0.0
733380,上櫃,0.0,0.0,0.0
733382,上櫃,0.0,0.0,0.0
733386,上櫃,0.0,0.0,0.0
733396,上櫃,0.0,0.0,0.0
733398,上櫃,0.0,0.0,0.0
733400,上櫃,0.0,0.0,0.0
733401,上櫃,0.0,0.0,0.0
733403,上櫃,0.0,0.0,0.0
733404,上櫃,0.0,0.0,0.0
733405,上櫃,0.14,0.14,5.0
733406,上櫃,0.0,0.0,0.0
733407,上櫃,0.31,0.32,476.0
733408,上櫃,0.0,0.0,0.0
733409,上櫃,0.0,0.0,0.0
733410,上櫃,0.0,0.0,0.0
733411,上櫃,0.0,0.0,0.0
733412,上櫃,0.0,0.0,0.0
733413,上櫃,0.0,0.0,0.0
733414,上櫃,0.0,0.0,0.0
733415,上櫃,0.0,0.0,0.0
733416,上櫃,0.23,0.23,2.0
733417,上櫃,0.15,0.15,2.0
733425,上櫃,0.0,0.0,0.0
733430,上櫃,0.0,0.0,0.0
733432,上櫃,0.0,0.0,0.0
733434,上櫃,0.0,0.0,0.0
733436,上櫃,0.0,0.0,0.0
733437,上櫃,0.0,0.0,0.0
733442,上櫃,0.0,0.0,0.0
733455,上櫃,0.0,0.0,0.0
733456,上櫃,0.0,0.0,0.0
733457,上櫃,0.0,0.0,0.0
733458,上櫃,0.1,0.1,1.0
733459,上櫃,0.0,0.0,0.0
733460,上櫃,0.22,0.25,421.0
733461,上櫃,0.3,0.32,150.0
733462,上櫃,0.0,0.0,0.0
733463,上櫃,0.0,0.0,0.0
733464,上櫃,0.0,0.0,0.0
733465,上櫃,0.0,0.0,0.0
733466,上櫃,0.98,0.94,19.0
733467,上櫃,1.57,1.57,2.0
733468,上櫃,6.6,6.8,11.0
733469,上櫃,0.52,0.59,279.0
733470,上櫃,0.7,0.71,40.0
733471,上櫃,1.12,1.01,454.0
733476,上櫃,4.67,4.72,6.0
733481,上櫃,0.0,0.0,0.0
733483,上櫃,4.17,3.52,927.0
733488,上櫃,0.0,0.0,0.0
733489,上櫃,3.91,3.83,10.0
733493,上櫃,0.0,0.0,0.0
733499,上櫃,3.8,3.8,10.0
733500,上櫃,0.0,0.0,0.0
733502,上櫃,0.0,0.0,0.0
733503,上櫃,0.0,0.0,0.0
733505,上櫃,0.0,0.0,0.0
733506,上櫃,0.0,0.0,0.0
733507,上櫃,0.0,0.0,0.0
733509,上櫃,0.0,0.0,0.0
733514,上櫃,0.0,0.0,0.0
733517,上櫃,2.27,2.18,98.0
733518,上櫃,0.33,0.31,90.0
733520,上櫃,1.06,1.06,6.0
733521,上櫃,0.0,0.0,0.0
733522,上櫃,0.0,0.0,0.0
733523,上櫃,0.0,0.0,0.0
733524,上櫃,0.0,0.0,0.0
733525,上櫃,0.0,0.0,0.0
733526,上櫃,0.3,0.3,50.0
733527,上櫃,0.0,0.0,0.0
733528,上櫃,0.98,1.0,19.0
733529,上櫃,0.61,0.64,1415.0
733530,上櫃,0.65,0.65,230.0
733531,上櫃,0.0,0.0,0.0
733532,上櫃,0.0,0.0,0.0
733533,上櫃,1.23,1.18,323.0
733534,上櫃,0.0,0.0,0.0
733535,上櫃,0.54,0.67,902.0
733536,上櫃,0.0,0.0,0.0
733537,上櫃,0.0,0.0,0.0
733545,上櫃,4.67,4.67,2.0
733548,上櫃,0.0,0.0,0.0
733553,上櫃,0.0,0.0,0.0
733560,上櫃,0.22,0.22,10.0
733561,上櫃,0.0,0.0,0.0
733562,上櫃,1.02,1.02,10.0
733563,上櫃,1.07,1.04,20.0
733564,上櫃,0.0,0.0,0.0
733565,上櫃,0.0,0.0,0.0
733566,上櫃,4.35,4.35,6.0
733567,上櫃,0.69,0.68,49.0
733568,上櫃,0.0,0.0,0.0
733569,上櫃,0.0,0.0,0.0
733570,上櫃,0.17,0.17,16.0
733571,上櫃,0.0,0.0,0.0
733572,上櫃,0.0,0.0,0.0
733573,上櫃,0.0,0.0,0.0
733574,上櫃,0.0,0.0,0.0
733575,上櫃,0.0,0.0,0.0
733582,上櫃,0.0,0.0,0.0
733584,上櫃,0.0,0.0,0.0
733586,上櫃,0.0,0.0,0.0
733597,上櫃,0.0,0.0,0.0
733598,上櫃,0.0,0.0,0.0
733604,上櫃,0.0,0.0,0.0
733611,上櫃,0.87,0.87,4.0
733613,上櫃,0.0,0.0,0.0
733617,上櫃,0.0,0.0,0.0
733619,上櫃,0.0,0.0,0.0
733620,上櫃,0.0,0.0,0.0
733621,上櫃,0.68,0.68,2.0
733623,上櫃,0.0,0.0,0.0
733625,上櫃,0.0,0.0,0.0
733632,上櫃,0.0,0.0,0.0
733636,上櫃,0.0,0.0,0.0
733643,上櫃,0.03,0.03,5.0
733644,上櫃,0.0,0.0,0.0
733645,上櫃,0.0,0.0,0.0
733646,上櫃,0.0,0.0,0.0
733647,上櫃,0.0,0.0,0.0
733648,上櫃,0.52,0.6,73.0
733649,上櫃,0.0,0.0,0.0
733650,上櫃,0.06,0.06,50.0
733651,上櫃,0.0,0.0,0.0
733652,上櫃,0.0,0.0,0.0
733653,上櫃,0.12,0.1,7.0
733654,上櫃,0.29,0.29,20.0
733655,上櫃,0.0,0.0,0.0
733656,上櫃,0.0,0.0,0.0
733657,上櫃,0.0,0.0,0.0
733658,上櫃,0.0,0.0,0.0
733663,上櫃,4.53,4.33,11.0
733676,上櫃,0.0,0.0,0.0
733677,上櫃,0.0,0.0,0.0
733680,上櫃,0.0,0.0,0.0
733686,上櫃,0.0,0.0,0.0
733687,上櫃,0.0,0.0,0.0
733689,上櫃,0.0,0.0,0.0
733691,上櫃,0.0,0.0,0.0
733692,上櫃,0.3,0.36,908.0
733693,上櫃,0.0,0.0,0.0
733694,上櫃,0.0,0.0,0.0
733695,上櫃,0.0,0.0,0.0
733696,上櫃,0.0,0.0,0.0
733698,上櫃,0.0,0.0,0.0
733699,上櫃,0.0,0.0,0.0
733700,上櫃,0.0,0.0,0.0
733701,上櫃,0.1,0.09,154.0
733702,上櫃,0.0,0.0,0.0
733703,上櫃,8.1,8.1,7.0
733706,上櫃,0.0,0.0,0.0
733709,上櫃,0.0,0.0,0.0
733711,上櫃,0.0,0.0,0.0
733718,上櫃,0.0,0.0,0.0
733720,上櫃,5.25,5.0,21.0
733736,上櫃,0.0,0.0,0.0
733744,上櫃,0.0,0.0,0.0
733746,上櫃,0.37,0.38,210.0
733754,上櫃,0.0,0.0,0.0
733755,上櫃,0.12,0.12,1.0
733756,上櫃,1.84,1.84,93.0
733757,上櫃,1.17,1.35,69.0
733758,上櫃,0.0,0.0,0.0
733759,上櫃,0.0,0.0,0.0
733760,上櫃,0.0,0.0,0.0
733761,上櫃,0.0,0.0,0.0
733762,上櫃,0.0,0.0,0.0
733763,上櫃,1.34,1.33,21.0
733774,上櫃,0.0,0.0,0.0
733775,上櫃,0.0,0.0,0.0
733777,上櫃,0.0,0.0,0.0
733784,上櫃,7.0,7.0,1.0
733785,上櫃,0.0,0.0,0.0
733794,上櫃,0.0,0.0,0.0
733795,上櫃,0.0,0.0,0.0
733798,上櫃,0.0,0.0,0.0
733799,上櫃,0.0,0.0,0.0
733800,上櫃,0.0,0.0,0.0
733801,上櫃,0.57,0.53,172.0
733806,上櫃,0.0,0.0,0.0
733807,上櫃,0.0,0.0,0.0
733809,上櫃,0.0,0.0,0.0
733810,上櫃,1.0,1.05,345.0
733811,上櫃,0.34,0.35,305.0
733815,上櫃,0.0,0.0,0.0
733818,上櫃,0.11,0.11,1800.0
733821,上櫃,0.0,0.0,0.0
733830,上櫃,0.0,0.0,0.0
733841,上櫃,5.0,6.2,250.0
733844,上櫃,0.0,0.0,0.0
733845,上櫃,3.12,3.26,52.0
733848,上櫃,0.25,0.25,88.0
733849,上櫃,0.29,0.29,6.0
733850,上櫃,1.45,1.43,62.0
733851,上櫃,0.0,0.0,0.0
733852,上櫃,0.57,0.57,10.0
733853,上櫃,0.0,0.0,0.0
733854,上櫃,1.39,1.39,55.0
733855,上櫃,0.58,0.58,14.0
733856,上櫃,0.89,0.93,515.0
733859,上櫃,1.15,1.26,18.0
733860,上櫃,0.0,0.0,0.0
733867,上櫃,0.0,0.0,0.0
733868,上櫃,0.0,0.0,0.0
733869,上櫃,0.0,0.0,0.0
733873,上櫃,0.0,0.0,0.0
733875,上櫃,0.0,0.0,0.0
733877,上櫃,0.0,0.0,0.0
733878,上櫃,0.0,0.0,0.0
733879,上櫃,0.0,0.0,0.0
733880,上櫃,0.0,0.0,0.0
733882,上櫃,0.0,0.0,0.0
733883,上櫃,6.05,6.45,3.0
733884,上櫃,0.0,0.0,0.0
733885,上櫃,0.0,0.0,0.0
733886,上櫃,0.46,0.46,5.0
733887,上櫃,0.0,0.0,0.0
733888,上櫃,0.0,0.0,0.0
733889,上櫃,0.0,0.0,0.0
733900,上櫃,0.03,0.03,220.0
733901,上櫃,7.65,8.2,2.0
733905,上櫃,0.0,0.0,0.0
733918,上櫃,0.0,0.0,0.0
733920,上櫃,0.0,0.0,0.0
733921,上櫃,0.33,0.35,15.0
733929,上櫃,0.0,0.0,0.0
733936,上櫃,0.0,0.0,0.0
733944,上櫃,1.5,1.48,17.0
733945,上櫃,0.31,0.31,10.0
733956,上櫃,0.0,0.0,0.0
733957,上櫃,0.0,0.0,0.0
733958,上櫃,0.9,0.89,719.0
733959,上櫃,1.58,1.58,5.0
733960,上櫃,0.71,0.7,281.0
733964,上櫃,0.0,0.0,0.0
733966,上櫃,0.0,0.0,0.0
733973,上櫃,0.0,0.0,0.0
733974,上櫃,0.0,0.0,0.0
733981,上櫃,0.91,0.91,3.0
733982,上櫃,0.0,0.0,0.0
733983,上櫃,0.0,0.0,0.0
733984,上櫃,1.05,1.05,19.0
733985,上櫃,0.21,0.21,2.0
733986,上櫃,0.0,0.0,0.0
733991,上櫃,0.0,0.0,0.0
733992,上櫃,0.61,0.52,123.0
733993,上櫃,0.98,0.94,598.0
733994,上櫃,0.0,0.0,0.0
733995,上櫃,0.0,0.0,0.0
733998,上櫃,0.0,0.0,0.0
734009,上櫃,0.0,0.0,0.0
734016,上櫃,0.03,0.03,75.0
734019,上櫃,2.68,2.68,1.0
734025,上櫃,0.0,0.0,0.0
734028,上櫃,0.0,0.0,0.0
734030,上櫃,0.0,0.0,0.0
734031,上櫃,0.0,0.0,0.0
734032,上櫃,0.0,0.0,0.0
734033,上櫃,0.0,0.0,0.0
734034,上櫃,0.0,0.0,0.0
734035,上櫃,3.35,3.35,1.0
734036,上櫃,2.8,2.8,13.0
734037,上櫃,2.03,1.83,252.0
734038,上櫃,0.0,0.0,0.0
734039,上櫃,1.23,1.29,310.0
734040,上櫃,0.68,0.7,542.0
734041,上櫃,0.0,0.0,0.0
734042,上櫃,0.6,0.57,84.0
734045,上櫃,0.0,0.0,0.0
734048,上櫃,0.0,0.0,0.0
734057,上櫃,5.75,5.75,200.0
734064,上櫃,0.0,0.0,0.0
734067,上櫃,0.0,0.0,0.0
734072,上櫃,0.0,0.0,0.0
734073,上櫃,0.0,0.0,0.0
734074,上櫃,0.0,0.0,0.0
734080,上櫃,0.0,0.0,0.0
734082,上櫃,0.0,0.0,0.0
734083,上櫃,2.42,2.67,3.0
734096,上櫃,0.0,0.0,0.0
734097,上櫃,0.0,0.0,0.0
734099,上櫃,0.46,0.35,21.0
734100,上櫃,0.0,0.0,0.0
734101,上櫃,0.54,0.55,8.0
734102,上櫃,0.0,0.0,0.0
734103,上櫃,0.53,0.53,52.0
734104,上櫃,2.05,2.05,2.0
734107,上櫃,0.0,0.0,0.0
734121,上櫃,0.0,0.0,0.0
734123,上櫃,0.0,0.0,0.0
734125,上櫃,0.0,0.0,0.0
734126,上櫃,0.0,0.0,0.0
734127,上櫃,0.0,0.0,0.0
734133,上櫃,0.0,0.0,0.0
734134,上櫃,0.0,0.0,0.0
734135,上櫃,0.33,0.34,157.0
734136,上櫃,0.8,0.79,205.0
734137,上櫃,2.46,2.61,4.0
734138,上櫃,1.66,1.7,11.0
734139,上櫃,0.0,0.0,0.0
734141,上櫃,2.58,2.34,254.0
734144,上櫃,0.0,0.0,0.0
734145,上櫃,1.23,1.23,5.0
734152,上櫃,1.57,1.45,15.0
734158,上櫃,0.0,0.0,0.0
734160,上櫃,0.0,0.0,0.0
734161,上櫃,0.0,0.0,0.0
734162,上櫃,1.99,1.99,24.0
734165,上櫃,0.0,0.0,0.0
734166,上櫃,0.0,0.0,0.0
734169,上櫃,0.0,0.0,0.0
734175,上櫃,0.0,0.0,0.0
734178,上櫃,1.66,1.66,3.0
734181,上櫃,0.0,0.0,0.0
734182,上櫃,0.0,0.0,0.0
734186,上櫃,0.0,0.0,0.0
734201,上櫃,0.0,0.0,0.0
734202,上櫃,0.28,0.35,306.0
734203,上櫃,0.0,0.0,0.0
734204,上櫃,0.0,0.0,0.0
734205,上櫃,0.0,0.0,0.0
734206,上櫃,0.0,0.0,0.0
734207,上櫃,0.4,0.4,50.0
734208,上櫃,0.0,0.0,0.0
734209,上櫃,1.3,1.3,10.0
734210,上櫃,0.0,0.0,0.0
734220,上櫃,0.0,0.0,0.0
734228,上櫃,1.34,1.49,527.0
734229,上櫃,0.0,0.0,0.0
734230,上櫃,0.0,0.0,0.0
734231,上櫃,0.0,0.0,0.0
734232,上櫃,0.0,0.0,0.0
734247,上櫃,0.0,0.0,0.0
734249,上櫃,1.26,1.26,16.0
734252,上櫃,1.03,1.03,50.0
734253,上櫃,0.0,0.0,0.0
734254,上櫃,0.0,0.0,0.0
734258,上櫃,0.0,0.0,0.0
734260,上櫃,0.0,0.0,0.0
734261,上櫃,0.0,0.0,0.0
734262,上櫃,0.4,0.42,35.0
734271,上櫃,0.0,0.0,0.0
734272,上櫃,0.35,0.37,302.0
734274,上櫃,0.0,0.0,0.0
734276,上櫃,0.0,0.0,0.0
734277,上櫃,1.81,1.75,33.0
734278,上櫃,0.0,0.0,0.0
734279,上櫃,1.43,1.43,10.0
734280,上櫃,0.18,0.27,1279.0
734281,上櫃,0.0,0.0,0.0
734282,上櫃,0.0,0.0,0.0
734283,上櫃,0.0,0.0,0.0
734284,上櫃,0.0,0.0,0.0
734285,上櫃,0.0,0.0,0.0
734286,上櫃,0.2,0.2,30.0
734287,上櫃,0.7,0.74,1104.0
734288,上櫃,0.0,0.0,0.0
734289,上櫃,0.0,0.0,0.0
734290,上櫃,0.81,0.8,14.0
734291,上櫃,0.91,0.91,33.0
734292,上櫃,0.0,0.0,0.0
734293,上櫃,0.56,0.58,137.0
734294,上櫃,0.0,0.0,0.0
734295,上櫃,2.63,2.63,10.0
734298,上櫃,0.92,1.31,2032.0
734303,上櫃,0.0,0.0,0.0
734304,上櫃,5.35,5.35,10.0
734307,上櫃,0.0,0.0,0.0
734313,上櫃,0.0,0.0,0.0
734323,上櫃,0.0,0.0,0.0
734332,上櫃,0.19,0.35,815.0
734340,上櫃,1.62,1.51,60.0
734341,上櫃,0.0,0.0,0.0
734342,上櫃,0.79,1.02,242.0
734343,上櫃,2.0,2.0,32.0
734344,上櫃,0.0,0.0,0.0
734345,上櫃,2.04,2.04,8.0
734346,上櫃,0.0,0.0,0.0
734347,上櫃,0.0,0.0,0.0
734348,上櫃,0.0,0.0,0.0
734349,上櫃,0.0,0.0,0.0
734350,上櫃,0.0,0.0,0.0
734351,上櫃,0.0,0.0,0.0
734352,上櫃,0.0,0.0,0.0
734353,上櫃,0.0,0.0,0.0
734354,上櫃,0.0,0.0,0.0
734355,上櫃,0.0,0.0,0.0
734356,上櫃,8.25,8.25,93.0
734357,上櫃,0.0,0.0,0.0
734358,上櫃,0.0,0.0,0.0
734359,上櫃,0.0,0.0,0.0
734360,上櫃,0.41,0.37,205.0
734363,上櫃,0.0,0.0,0.0
734364,上櫃,0.0,0.0,0.0
734366,上櫃,0.0,0.0,0.0
734367,上櫃,0.0,0.0,0.0
734369,上櫃,0.0,0.0,0.0
734370,上櫃,46.1,46.1,1.0
734371,上櫃,1.48,2.27,69.0
734372,上櫃,0.0,0.0,0.0
734377,上櫃,0.0,0.0,0.0
734380,上櫃,0.65,0.61,7.0
734383,上櫃,1.16,1.6,914.0
734384,上櫃,1.64,1.64,20.0
734386,上櫃,1.5,1.6,282.0
734387,上櫃,0.0,0.0,0.0
734394,上櫃,0.0,0.0,0.0
734401,上櫃,0.0,0.0,0.0
734406,上櫃,0.0,0.0,0.0
734407,上櫃,0.0,0.0,0.0
734408,上櫃,3.61,3.61,10.0
734409,上櫃,0.0,0.0,0.0
734410,上櫃,0.0,0.0,0.0
734411,上櫃,0.0,0.0,0.0
734412,上櫃,0.19,0.19,4.0
734413,上櫃,0.0,0.0,0.0
734414,上櫃,2.0,2.0,8.0
734415,上櫃,0.78,0.91,899.0
734416,上櫃,0.0,0.0,0.0
734417,上櫃,0.49,0.5,40.0
734424,上櫃,0.0,0.0,0.0
734429,上櫃,0.83,0.82,844.0
734434,上櫃,0.0,0.0,0.0
734435,上櫃,0.0,0.0,0.0
734437,上櫃,0.0,0.0,0.0
734440,上櫃,2.38,2.54,18.0
734445,上櫃,0.0,0.0,0.0
734446,上櫃,0.0,0.0,0.0
734448,上櫃,0.0,0.0,0.0
734450,上櫃,0.0,0.0,0.0
734454,上櫃,0.0,0.0,0.0
734455,上櫃,0.0,0.0,0.0
734463,上櫃,0.0,0.0,0.0
734467,上櫃,0.0,0.0,0.0
734468,上櫃,0.0,0.0,0.0
734469,上櫃,0.0,0.0,0.0
734470,上櫃,0.52,0.52,1.0
734475,上櫃,0.0,0.0,0.0
734484,上櫃,1.17,1.09,16.0
734487,上櫃,0.0,0.0,0.0
734498,上櫃,1.18,1.18,1.0
734505,上櫃,0.0,0.0,0.0
734506,上櫃,0.7,0.84,157.0
734507,上櫃,0.0,0.0,0.0
734508,上櫃,0.0,0.0,0.0
734509,上櫃,0.67,0.67,104.0
734510,上櫃,0.69,0.66,156.0
734511,上櫃,0.0,0.0,0.0
734512,上櫃,0.0,0.0,0.0
734513,上櫃,0.0,0.0,0.0
734514,上櫃,0.0,0.0,0.0
734515,上櫃,0.0,0.0,0.0
734516,上櫃,0.0,0.0,0.0
734517,上櫃,0.0,0.0,0.0
734518,上櫃,1.11,1.11,10.0
734519,上櫃,1.09,1.06,605.0
734520,上櫃,1.07,1.07,98.0
734521,上櫃,0.0,0.0,0.0
734522,上櫃,1.69,1.69,5.0
734523,上櫃,0.63,0.63,315.0
734524,上櫃,0.0,0.0,0.0
734525,上櫃,0.22,0.31,13.0
734526,上櫃,0.0,0.0,0.0
734528,上櫃,0.0,0.0,0.0
734530,上櫃,0.0,0.0,0.0
734534,上櫃,0.0,0.0,0.0
734535,上櫃,0.0,0.0,0.0
734539,上櫃,0.0,0.0,0.0
734543,上櫃,0.0,0.0,0.0
734545,上櫃,0.93,1.14,12.0
734546,上櫃,0.0,0.0,0.0
734561,上櫃,1.35,1.35,74.0
734563,上櫃,0.0,0.0,0.0
734570,上櫃,0.0,0.0,0.0
734573,上櫃,0.33,0.33,10.0
734574,上櫃,0.0,0.0,0.0
734575,上櫃,0.0,0.0,0.0
734578,上櫃,0.0,0.0,0.0
734581,上櫃,0.01,0.01,100.0
734584,上櫃,0.0,0.0,0.0
734585,上櫃,0.0,0.0,0.0
734586,上櫃,0.0,0.0,0.0
734587,上櫃,0.0,0.0,0.0
734589,上櫃,0.0,0.0,0.0
734591,上櫃,1.78,1.75,132.0
734593,上櫃,0.0,0.0,0.0
734594,上櫃,0.0,0.0,0.0
734595,上櫃,1.42,1.42,10.0
734596,上櫃,0.22,0.22,305.0
734598,上櫃,0.0,0.0,0.0
734599,上櫃,1.74,1.74,10.0
734600,上櫃,0.0,0.0,0.0
734601,上櫃,0.0,0.0,0.0
734602,上櫃,0.0,0.0,0.0
734603,上櫃,0.0,0.0,0.0
734604,上櫃,0.0,0.0,0.0
734605,上櫃,0.0,0.0,0.0
734606,上櫃,0.68,0.67,174.0
734607,上櫃,0.0,0.0,0.0
734608,上櫃,0.0,0.0,0.0
734609,上櫃,0.0,0.0,0.0
734610,上櫃,0.0,0.0,0.0
734611,上櫃,0.52,0.52,1.0
734612,上櫃,0.81,0.83,289.0
734613,上櫃,0.36,0.37,208.0
734614,上櫃,0.0,0.0,0.0
734615,上櫃,0.0,0.0,0.0
734616,上櫃,0.0,0.0,0.0
734617,上櫃,0.0,0.0,0.0
734618,上櫃,0.96,0.91,126.0
734619,上櫃,0.0,0.0,0.0
734620,上櫃,0.0,0.0,0.0
734621,上櫃,0.63,0.58,661.0
734625,上櫃,0.0,0.0,0.0
734628,上櫃,0.0,0.0,0.0
734629,上櫃,0.0,0.0,0.0
734631,上櫃,0.0,0.0,0.0
734633,上櫃,0.14,0.12,227.0
734637,上櫃,0.0,0.0,0.0
734638,上櫃,0.0,0.0,0.0
734639,上櫃,0.0,0.0,0.0
734640,上櫃,0.61,0.61,197.0
734641,上櫃,0.0,0.0,0.0
734642,上櫃,0.0,0.0,0.0
734643,上櫃,0.0,0.0,0.0
734644,上櫃,0.0,0.0,0.0
734645,上櫃,0.0,0.0,0.0
734646,上櫃,0.0,0.0,0.0
734647,上櫃,0.0,0.0,0.0
734648,上櫃,0.0,0.0,0.0
734650,上櫃,0.0,0.0,0.0
734652,上櫃,0.0,0.0,0.0
734653,上櫃,0.0,0.0,0.0
734655,上櫃,0.0,0.0,0.0
734658,上櫃,0.0,0.0,0.0
734659,上櫃,0.0,0.0,0.0
734660,上櫃,0.0,0.0,0.0
734664,上櫃,0.0,0.0,0.0
734665,上櫃,0.0,0.0,0.0
734667,上櫃,0.0,0.0,0.0
734669,上櫃,0.0,0.0,0.0
734674,上櫃,0.0,0.0,0.0
734677,上櫃,0.0,0.0,0.0
734681,上櫃,0.0,0.0,0.0
734683,上櫃,0.58,0.58,496.0
734689,上櫃,0.0,0.0,0.0
734692,上櫃,0.0,0.0,0.0
734694,上櫃,0.0,0.0,0.0
734700,上櫃,0.0,0.0,0.0
734701,上櫃,0.0,0.0,0.0
734702,上櫃,0.0,0.0,0.0
734703,上櫃,0.0,0.0,0.0
734704,上櫃,0.0,0.0,0.0
734705,上櫃,0.0,0.0,0.0
734706,上櫃,0.0,0.0,0.0
734707,上櫃,0.0,0.0,0.0
734708,上櫃,0.0,0.0,0.0
734709,上櫃,0.5,0.5,150.0
734710,上櫃,0.75,0.75,30.0
734711,上櫃,0.0,0.0,0.0
734712,上櫃,0.62,0.63,183.0
734713,上櫃,0.36,0.33,160.0
734715,上櫃,0.0,0.0,0.0
734716,上櫃,0.0,0.0,0.0
734717,上櫃,0.0,0.0,0.0
734718,上櫃,0.0,0.0,0.0
734721,上櫃,0.0,0.0,0.0
734722,上櫃,0.66,0.66,16.0
734723,上櫃,0.0,0.0,0.0
734724,上櫃,0.0,0.0,0.0
734725,上櫃,0.0,0.0,0.0
734727,上櫃,0.0,0.0,0.0
734728,上櫃,4.68,4.85,44.0
734729,上櫃,0.0,0.0,0.0
734730,上櫃,0.0,0.0,0.0
734741,上櫃,0.0,0.0,0.0
734743,上櫃,0.0,0.0,0.0
734744,上櫃,3.93,3.93,1.0
734745,上櫃,0.0,0.0,0.0
734747,上櫃,0.0,0.0,0.0
734749,上櫃,0.69,0.78,258.0
734753,上櫃,0.0,0.0,0.0
734754,上櫃,0.0,0.0,0.0
734755,上櫃,0.0,0.0,0.0
734757,上櫃,0.0,0.0,0.0
734758,上櫃,0.0,0.0,0.0
734759,上櫃,0.0,0.0,0.0
734760,上櫃,0.0,0.0,0.0
734761,上櫃,0.0,0.0,0.0
734762,上櫃,0.0,0.0,0.0
734764,上櫃,0.4,0.48,20.0
734765,上櫃,0.0,0.0,0.0
734767,上櫃,0.47,0.36,627.0
734768,上櫃,0.0,0.0,0.0
734769,上櫃,0.0,0.0,0.0
734770,上櫃,0.0,0.0,0.0
734771,上櫃,0.0,0.0,0.0
734772,上櫃,2.19,2.01,9.0
734773,上櫃,0.0,0.0,0.0
734774,上櫃,4.0,4.08,3.0
734775,上櫃,0.0,0.0,0.0
734776,上櫃,0.0,0.0,0.0
734777,上櫃,0.0,0.0,0.0
734778,上櫃,0.0,0.0,0.0
734779,上櫃,0.0,0.0,0.0
734780,上櫃,0.94,0.93,8.0
734781,上櫃,0.0,0.0,0.0
734782,上櫃,0.57,0.57,10.0
734783,上櫃,0.84,0.84,235.0
734784,上櫃,1.43,1.35,84.0
734785,上櫃,0.0,0.0,0.0
734786,上櫃,0.46,0.46,546.0
734787,上櫃,0.41,0.5,61.0
734791,上櫃,0.0,0.0,0.0
734792,上櫃,0.0,0.0,0.0
734801,上櫃,0.0,0.0,0.0
734805,上櫃,0.0,0.0,0.0
734807,上櫃,0.0,0.0,0.0
734810,上櫃,0.0,0.0,0.0
734812,上櫃,0.0,0.0,0.0
734813,上櫃,0.0,0.0,0.0
734814,上櫃,0.79,0.68,170.0
734817,上櫃,0.0,0.0,0.0
734818,上櫃,0.0,0.0,0.0
734821,上櫃,0.0,0.0,0.0
734827,上櫃,0.0,0.0,0.0
734829,上櫃,1.76,1.82,51.0
734835,上櫃,3.94,3.84,12.0
734836,上櫃,0.0,0.0,0.0
734840,上櫃,0.0,0.0,0.0
734841,上櫃,0.0,0.0,0.0
734842,上櫃,0.0,0.0,0.0
734843,上櫃,0.0,0.0,0.0
734844,上櫃,0.0,0.0,0.0
734845,上櫃,0.0,0.0,0.0
734846,上櫃,0.0,0.0,0.0
734851,上櫃,0.0,0.0,0.0
734852,上櫃,0.0,0.0,0.0
734857,上櫃,1.09,1.06,43.0
734859,上櫃,0.0,0.0,0.0
734861,上櫃,0.0,0.0,0.0
734862,上櫃,0.0,0.0,0.0
734863,上櫃,0.0,0.0,0.0
734864,上櫃,0.0,0.0,0.0
734866,上櫃,0.13,0.12,129.0
734867,上櫃,0.0,0.0,0.0
734868,上櫃,0.0,0.0,0.0
734869,上櫃,0.0,0.0,0.0
734870,上櫃,0.87,0.78,675.0
734871,上櫃,1.36,1.36,11.0
734872,上櫃,0.45,0.45,10.0
734873,上櫃,0.0,0.0,0.0
734874,上櫃,0.0,0.0,0.0
734877,上櫃,0.0,0.0,0.0
734880,上櫃,0.0,0.0,0.0
734881,上櫃,0.0,0.0,0.0
734882,上櫃,0.0,0.0,0.0
734886,上櫃,0.62,0.62,97.0
734887,上櫃,0.0,0.0,0.0
734889,上櫃,0.0,0.0,0.0
734890,上櫃,0.14,0.14,66.0
734891,上櫃,0.0,0.0,0.0
734892,上櫃,1.55,1.87,164.0
734893,上櫃,0.0,0.0,0.0
734894,上櫃,0.0,0.0,0.0
734895,上櫃,0.0,0.0,0.0
734896,上櫃,0.0,0.0,0.0
734897,上櫃,0.0,0.0,0.0
734898,上櫃,0.0,0.0,0.0
734899,上櫃,0.0,0.0,0.0
734900,上櫃,0.0,0.0,0.0
734905,上櫃,0.0,0.0,0.0
734910,上櫃,1.54,1.4,120.0
734912,上櫃,0.0,0.0,0.0
734913,上櫃,0.0,0.0,0.0
734914,上櫃,0.0,0.0,0.0
734915,上櫃,0.0,0.0,0.0
734920,上櫃,0.0,0.0,0.0
734923,上櫃,0.0,0.0,0.0
734924,上櫃,0.0,0.0,0.0
734925,上櫃,0.0,0.0,0.0
734926,上櫃,4.81,5.15,90.0
734934,上櫃,1.24,1.07,473.0
734935,上櫃,0.0,0.0,0.0
734936,上櫃,0.86,0.86,326.0
734937,上櫃,0.0,0.0,0.0
734938,上櫃,0.0,0.0,0.0
734939,上櫃,0.4,0.4,180.0
734940,上櫃,0.61,0.69,677.0
734941,上櫃,0.32,0.3,200.0
734945,上櫃,0.0,0.0,0.0
734949,上櫃,5.4,5.4,27.0
734954,上櫃,1.23,1.23,20.0
734956,上櫃,0.89,1.06,328.0
734958,上櫃,0.0,0.0,0.0
734963,上櫃,0.0,0.0,0.0
734964,上櫃,0.0,0.0,0.0
734965,上櫃,0.0,0.0,0.0
734967,上櫃,0.0,0.0,0.0
734968,上櫃,0.0,0.0,0.0
734969,上櫃,0.0,0.0,0.0
734975,上櫃,0.0,0.0,0.0
734976,上櫃,0.0,0.0,0.0
734977,上櫃,0.79,0.85,429.0
734978,上櫃,0.0,0.0,0.0
734980,上櫃,0.0,0.0,0.0
734981,上櫃,0.0,0.0,0.0
734982,上櫃,0.0,0.0,0.0
734983,上櫃,0.0,0.0,0.0
734984,上櫃,0.0,0.0,0.0
734985,上櫃,0.0,0.0,0.0
734986,上櫃,0.0,0.0,0.0
734987,上櫃,0.0,0.0,0.0
734988,上櫃,0.59,0.56,357.0
734989,上櫃,0.0,0.0,0.0
734990,上櫃,0.88,0.78,276.0
734991,上櫃,0.0,0.0,0.0
734992,上櫃,0.3,0.3,585.0
734993,上櫃,0.0,0.0,0.0
734994,上櫃,0.72,0.7,33.0
734995,上櫃,0.63,0.63,268.0
734996,上櫃,0.0,0.0,0.0
735000,上櫃,5.6,5.6,1.0
735001,上櫃,0.0,0.0,0.0
735005,上櫃,0.0,0.0,0.0
735006,上櫃,0.0,0.0,0.0
735007,上櫃,0.0,0.0,0.0
735009,上櫃,0.0,0.0,0.0
735010,上櫃,0.45,0.42,924.0
735011,上櫃,0.0,0.0,0.0
735012,上櫃,4.27,4.27,47.0
735013,上櫃,0.0,0.0,0.0
735019,上櫃,0.34,0.41,15.0
735020,上櫃,0.0,0.0,0.0
735021,上櫃,1.16,1.13,3.0
735028,上櫃,1.83,1.83,1.0
735029,上櫃,4.21,4.28,20.0
735030,上櫃,1.53,1.51,34.0
735032,上櫃,0.0,0.0,0.0
735033,上櫃,0.0,0.0,0.0
735034,上櫃,0.0,0.0,0.0
735035,上櫃,3.49,3.41,52.0
735036,上櫃,0.71,0.71,100.0
735037,上櫃,0.0,0.0,0.0
735038,上櫃,0.0,0.0,0.0
735039,上櫃,2.85,2.94,24.0
735040,上櫃,0.07,0.09,30.0
735041,上櫃,0.0,0.0,0.0
735042,上櫃,0.0,0.0,0.0
735044,上櫃,0.0,0.0,0.0
735045,上櫃,0.0,0.0,0.0
735046,上櫃,0.0,0.0,0.0
735047,上櫃,0.44,0.44,1.0
735053,上櫃,0.0,0.0,0.0
735056,上櫃,0.18,0.24,1760.0
735064,上櫃,0.0,0.0,0.0
735066,上櫃,0.35,0.34,671.0
735073,上櫃,1.38,1.4,60.0
735075,上櫃,0.0,0.0,0.0
735086,上櫃,2.25,3.0,75.0
735088,上櫃,0.0,0.0,0.0
735089,上櫃,0.04,0.04,5.0
735090,上櫃,0.34,0.35,70.0
735091,上櫃,0.1,0.1,20.0
735094,上櫃,1.19,1.19,20.0
735095,上櫃,0.0,0.0,0.0
735096,上櫃,0.03,0.03,199.0
735097,上櫃,0.0,0.0,0.0
735098,上櫃,0.0,0.0,0.0
735099,上櫃,0.0,0.0,0.0
735100,上櫃,0.0,0.0,0.0
735101,上櫃,0.0,0.0,0.0
735102,上櫃,0.0,0.0,0.0
735103,上櫃,0.0,0.0,0.0
735104,上櫃,0.67,0.66,158.0
735105,上櫃,0.0,0.0,0.0
735106,上櫃,0.0,0.0,0.0
735107,上櫃,0.0,0.0,0.0
735108,上櫃,0.0,0.0,0.0
735109,上櫃,0.0,0.0,0.0
735110,上櫃,0.0,0.0,0.0
735111,上櫃,0.0,0.0,0.0
735115,上櫃,0.0,0.0,0.0
735116,上櫃,0.0,0.0,0.0
735117,上櫃,0.0,0.0,0.0
735118,上櫃,0.0,0.0,0.0
735119,上櫃,0.0,0.0,0.0
735120,上櫃,0.0,0.0,0.0
735122,上櫃,1.96,1.93,70.0
735124,上櫃,0.0,0.0,0.0
735125,上櫃,0.0,0.0,0.0
735128,上櫃,0.0,0.0,0.0
735131,上櫃,0.0,0.0,0.0
735133,上櫃,0.0,0.0,0.0
735134,上櫃,2.8,2.8,7.0
735136,上櫃,8.7,8.7,10.0
735137,上櫃,0.0,0.0,0.0
735139,上櫃,0.0,0.0,0.0
735141,上櫃,0.0,0.0,0.0
735142,上櫃,0.0,0.0,0.0
735143,上櫃,0.46,0.62,167.0
735144,上櫃,0.0,0.0,0.0
735145,上櫃,0.0,0.0,0.0
735146,上櫃,0.0,0.0,0.0
735147,上櫃,0.0,0.0,0.0
735148,上櫃,0.0,0.0,0.0
735152,上櫃,0.56,0.51,187.0
735155,上櫃,1.63,1.48,208.0
735156,上櫃,0.0,0.0,0.0
735157,上櫃,0.0,0.0,0.0
735158,上櫃,0.0,0.0,0.0
735159,上櫃,0.0,0.0,0.0
735160,上櫃,0.0,0.0,0.0
735161,上櫃,0.0,0.0,0.0
735167,上櫃,0.0,0.0,0.0
735168,上櫃,0.0,0.0,0.0
735173,上櫃,3.64,3.34,47.0
735176,上櫃,0.0,0.0,0.0
735177,上櫃,0.0,0.0,0.0
735178,上櫃,0.0,0.0,0.0
735179,上櫃,0.0,0.0,0.0
735180,上櫃,0.0,0.0,0.0
735181,上櫃,0.26,0.26,1.0
735182,上櫃,0.26,0.38,929.0
735183,上櫃,2.12,2.05,14.0
735184,上櫃,0.3,0.3,48.0
735185,上櫃,0.0,0.0,0.0
735186,上櫃,0.0,0.0,0.0
735193,上櫃,0.0,0.0,0.0
735195,上櫃,0.0,0.0,0.0
735196,上櫃,2.56,2.94,64.0
735197,上櫃,0.0,0.0,0.0
735198,上櫃,0.0,0.0,0.0
735199,上櫃,0.0,0.0,0.0
735200,上櫃,0.0,0.0,0.0
735201,上櫃,10.1,10.1,10.0
735202,上櫃,0.0,0.0,0.0
735203,上櫃,0.0,0.0,0.0
735204,上櫃,0.0,0.0,0.0
735205,上櫃,0.0,0.0,0.0
735206,上櫃,1.37,1.37,10.0
735209,上櫃,0.0,0.0,0.0
735210,上櫃,0.0,0.0,0.0
735211,上櫃,0.0,0.0,0.0
735213,上櫃,4.87,4.87,1.0
735215,上櫃,1.62,1.62,10.0
735217,上櫃,0.23,0.23,46.0
735222,上櫃,0.0,0.0,0.0
735223,上櫃,0.0,0.0,0.0
735231,上櫃,0.72,0.72,20.0
735232,上櫃,0.0,0.0,0.0
735233,上櫃,0.0,0.0,0.0
735234,上櫃,0.0,0.0,0.0
735235,上櫃,1.23,1.24,20.0
735236,上櫃,0.0,0.0,0.0
735237,上櫃,0.0,0.0,0.0
735239,上櫃,2.68,2.68,15.0
735242,上櫃,0.0,0.0,0.0
735246,上櫃,0.0,0.0,0.0
735257,上櫃,4.12,4.15,10.0
735259,上櫃,0.0,0.0,0.0
735260,上櫃,0.0,0.0,0.0
735261,上櫃,0.0,0.0,0.0
735262,上櫃,1.04,0.9,141.0
735263,上櫃,0.0,0.0,0.0
735265,上櫃,0.0,0.0,0.0
735266,上櫃,0.0,0.0,0.0
735267,上櫃,0.0,0.0,0.0
735268,上櫃,0.0,0.0,0.0
735269,上櫃,0.5,0.67,850.0
735270,上櫃,0.0,0.0,0.0
735271,上櫃,1.9,1.9,2.0
735272,上櫃,0.0,0.0,0.0
735273,上櫃,0.0,0.0,0.0
735274,上櫃,0.39,0.41,20.0
735276,上櫃,0.0,0.0,0.0
735277,上櫃,0.0,0.0,0.0
735285,上櫃,0.0,0.0,0.0
735286,上櫃,0.0,0.0,0.0
735287,上櫃,0.0,0.0,0.0
735292,上櫃,0.0,0.0,0.0
735293,上櫃,0.0,0.0,0.0
735294,上櫃,0.0,0.0,0.0
735295,上櫃,0.0,0.0,0.0
735297,上櫃,0.0,0.0,0.0
735299,上櫃,0.77,1.06,820.0
735300,上櫃,0.0,0.0,0.0
735301,上櫃,0.3,0.3,50.0
735302,上櫃,0.79,0.8,248.0
735303,上櫃,0.0,0.0,0.0
735304,上櫃,1.07,1.03,917.0
735305,上櫃,0.0,0.0,0.0
735306,上櫃,0.69,0.66,1322.0
735307,上櫃,0.63,0.63,10.0
735312,上櫃,0.77,0.69,649.0
735323,上櫃,0.13,0.19,131.0
735327,上櫃,0.0,0.0,0.0
735330,上櫃,0.0,0.0,0.0
735331,上櫃,0.76,0.72,15.0
735332,上櫃,0.0,0.0,0.0
735333,上櫃,0.0,0.0,0.0
735334,上櫃,0.0,0.0,0.0
735335,上櫃,0.0,0.0,0.0
735336,上櫃,0.0,0.0,0.0
735337,上櫃,2.3,1.73,81.0
735338,上櫃,0.0,0.0,0.0
735343,上櫃,0.0,0.0,0.0
735344,上櫃,0.0,0.0,0.0
735352,上櫃,0.0,0.0,0.0
735353,上櫃,0.0,0.0,0.0
735354,上櫃,0.0,0.0,0.0
735355,上櫃,0.0,0.0,0.0
735356,上櫃,0.0,0.0,0.0
735359,上櫃,0.0,0.0,0.0
735360,上櫃,0.0,0.0,0.0
735370,上櫃,1.07,0.91,47.0
735372,上櫃,0.0,0.0,0.0
735375,上櫃,0.0,0.0,0.0
735377,上櫃,1.38,1.38,3.0
735379,上櫃,0.0,0.0,0.0
735380,上櫃,0.0,0.0,0.0
735381,上櫃,0.19,0.18,36.0
735382,上櫃,0.0,0.0,0.0
735383,上櫃,3.54,3.54,5.0
735384,上櫃,0.0,0.0,0.0
735385,上櫃,0.41,0.39,284.0
735386,上櫃,0.0,0.0,0.0
735387,上櫃,0.0,0.0,0.0
735388,上櫃,0.0,0.0,0.0
735389,上櫃,0.0,0.0,0.0
735390,上櫃,0.0,0.0,0.0
735391,上櫃,0.0,0.0,0.0
735392,上櫃,0.0,0.0,0.0
735393,上櫃,0.72,0.72,62.0
735394,上櫃,0.0,0.0,0.0
735395,上櫃,0.0,0.0,0.0
735400,上櫃,0.0,0.0,0.0
735407,上櫃,0.0,0.0,0.0
735408,上櫃,0.0,0.0,0.0
735409,上櫃,3.85,3.87,10.0
735410,上櫃,0.0,0.0,0.0
735411,上櫃,5.1,5.1,1.0
735421,上櫃,0.0,0.0,0.0
735422,上櫃,0.0,0.0,0.0
735423,上櫃,0.0,0.0,0.0
735424,上櫃,0.0,0.0,0.0
735425,上櫃,0.0,0.0,0.0
735426,上櫃,0.0,0.0,0.0
735427,上櫃,31.3,31.3,3.0
735431,上櫃,0.53,0.5,496.0
735432,上櫃,0.55,0.49,325.0
735439,上櫃,2.79,2.71,46.0
735440,上櫃,0.0,0.0,0.0
735444,上櫃,0.0,0.0,0.0
735445,上櫃,0.0,0.0,0.0
735449,上櫃,0.0,0.0,0.0
735450,上櫃,0.0,0.0,0.0
735451,上櫃,0.0,0.0,0.0
735452,上櫃,3.91,3.91,6.0
735453,上櫃,0.0,0.0,0.0
735454,上櫃,0.0,0.0,0.0
735455,上櫃,0.12,0.12,30.0
735456,上櫃,0.0,0.0,0.0
735457,上櫃,0.0,0.0,0.0
735458,上櫃,0.0,0.0,0.0
735467,上櫃,0.0,0.0,0.0
735470,上櫃,0.0,0.0,0.0
735471,上櫃,0.0,0.0,0.0
735472,上櫃,0.33,0.33,101.0
735476,上櫃,0.0,0.0,0.0
735479,上櫃,0.0,0.0,0.0
735481,上櫃,0.0,0.0,0.0
735483,上櫃,6.8,6.8,3.0
735487,上櫃,0.0,0.0,0.0
735488,上櫃,0.0,0.0,0.0
735489,上櫃,0.94,0.94,422.0
735491,上櫃,0.0,0.0,0.0
735492,上櫃,0.0,0.0,0.0
735494,上櫃,2.85,2.75,21.0
735495,上櫃,0.0,0.0,0.0
735496,上櫃,0.0,0.0,0.0
735497,上櫃,0.0,0.0,0.0
735498,上櫃,0.0,0.0,0.0
735499,上櫃,0.0,0.0,0.0
735500,上櫃,3.21,3.21,11.0
735501,上櫃,0.0,0.0,0.0
735502,上櫃,0.0,0.0,0.0
735503,上櫃,0.0,0.0,0.0
735505,上櫃,0.0,0.0,0.0
735507,上櫃,0.0,0.0,0.0
735508,上櫃,0.0,0.0,0.0
735509,上櫃,0.0,0.0,0.0
735510,上櫃,0.46,0.45,32.0
735511,上櫃,0.0,0.0,0.0
735512,上櫃,0.0,0.0,0.0
735513,上櫃,0.0,0.0,0.0
735518,上櫃,1.55,1.55,20.0
735520,上櫃,0.0,0.0,0.0
735521,上櫃,0.0,0.0,0.0
735523,上櫃,1.42,1.38,434.0
735524,上櫃,0.5,0.73,1547.0
735525,上櫃,0.0,0.0,0.0
735527,上櫃,4.56,4.12,44.0
735528,上櫃,0.0,0.0,0.0
735529,上櫃,7.95,8.15,12.0
735531,上櫃,0.0,0.0,0.0
735532,上櫃,0.0,0.0,0.0
735534,上櫃,0.17,0.18,161.0
735535,上櫃,0.0,0.0,0.0
735537,上櫃,0.0,0.0,0.0
735538,上櫃,0.0,0.0,0.0
735541,上櫃,0.0,0.0,0.0
735542,上櫃,2.3,2.36,63.0
735546,上櫃,0.0,0.0,0.0
735547,上櫃,0.0,0.0,0.0
735548,上櫃,0.0,0.0,0.0
735549,上櫃,0.0,0.0,0.0
735550,上櫃,0.0,0.0,0.0
735551,上櫃,0.15,0.22,172.0
735552,上櫃,2.25,2.25,15.0
735553,上櫃,0.0,0.0,0.0
735554,上櫃,0.0,0.0,0.0
735555,上櫃,0.35,0.33,5.0
735556,上櫃,0.33,0.33,88.0
735557,上櫃,0.0,0.0,0.0
735558,上櫃,2.24,2.51,17.0
735559,上櫃,2.65,2.88,20.0
735560,上櫃,0.0,0.0,0.0
735561,上櫃,0.0,0.0,0.0
735562,上櫃,0.0,0.0,0.0
735563,上櫃,0.62,0.81,858.0
735564,上櫃,0.81,0.83,89.0
735565,上櫃,0.0,0.0,0.0
735566,上櫃,1.7,1.82,71.0
735572,上櫃,0.0,0.0,0.0
735573,上櫃,0.0,0.0,0.0
735574,上櫃,1.95,2.21,396.0
735576,上櫃,0.98,1.09,47.0
735577,上櫃,0.0,0.0,0.0
735579,上櫃,0.0,0.0,0.0
735580,上櫃,2.66,2.55,135.0
735596,上櫃,0.0,0.0,0.0
735598,上櫃,3.4,3.08,38.0
735600,上櫃,0.0,0.0,0.0
735605,上櫃,0.0,0.0,0.0
735613,上櫃,0.0,0.0,0.0
735621,上櫃,0.33,0.33,1.0
735622,上櫃,0.72,0.7,268.0
735624,上櫃,0.0,0.0,0.0
735627,上櫃,0.0,0.0,0.0
735628,上櫃,0.0,0.0,0.0
735629,上櫃,0.0,0.0,0.0
735630,上櫃,0.0,0.0,0.0
735632,上櫃,0.0,0.0,0.0
735634,上櫃,0.0,0.0,0.0
735635,上櫃,0.0,0.0,0.0
735636,上櫃,0.0,0.0,0.0
735637,上櫃,0.27,0.27,52.0
735639,上櫃,0.0,0.0,0.0
735641,上櫃,0.0,0.0,0.0
735642,上櫃,0.0,0.0,0.0
735643,上櫃,3.89,3.89,40.0
735644,上櫃,0.0,0.0,0.0
735645,上櫃,0.0,0.0,0.0
735646,上櫃,0.0,0.0,0.0
735647,上櫃,0.0,0.0,0.0
735648,上櫃,0.0,0.0,0.0
735649,上櫃,1.05,1.05,1.0
735650,上櫃,1.78,1.73,6.0
735651,上櫃,0.54,0.49,861.0
735652,上櫃,0.0,0.0,0.0
735653,上櫃,0.0,0.0,0.0
735654,上櫃,0.79,0.73,304.0
735655,上櫃,0.0,0.0,0.0
735656,上櫃,0.0,0.0,0.0
735657,上櫃,0.0,0.0,0.0
735658,上櫃,0.57,0.56,11.0
735659,上櫃,0.0,0.0,0.0
735660,上櫃,0.0,0.0,0.0
735661,上櫃,0.0,0.0,0.0
735662,上櫃,0.0,0.0,0.0
735663,上櫃,0.33,0.33,451.0
735664,上櫃,0.43,0.43,47.0
735665,上櫃,0.0,0.0,0.0
735666,上櫃,0.52,0.63,1364.0
735675,上櫃,0.95,0.95,8.0
735680,上櫃,0.0,0.0,0.0
735683,上櫃,0.0,0.0,0.0
735684,上櫃,0.0,0.0,0.0
735685,上櫃,0.39,0.39,37.0
735690,上櫃,0.12,0.11,9.0
735691,上櫃,2.71,2.71,425.0
735692,上櫃,0.0,0.0,0.0
735694,上櫃,0.0,0.0,0.0
735696,上櫃,0.0,0.0,0.0
735698,上櫃,0.0,0.0,0.0
735699,上櫃,4.84,4.79,34.0
735701,上櫃,0.0,0.0,0.0
735702,上櫃,0.0,0.0,0.0
735704,上櫃,0.0,0.0,0.0
735705,上櫃,0.0,0.0,0.0
735706,上櫃,0.0,0.0,0.0
735707,上櫃,0.0,0.0,0.0
735708,上櫃,0.0,0.0,0.0
735709,上櫃,0.0,0.0,0.0
735710,上櫃,0.0,0.0,0.0
735711,上櫃,2.47,2.64,2.0
735712,上櫃,0.0,0.0,0.0
735713,上櫃,0.0,0.0,0.0
735714,上櫃,0.0,0.0,0.0
735715,上櫃,0.0,0.0,0.0
735716,上櫃,0.0,0.0,0.0
735717,上櫃,5.7,5.6,3.0
735718,上櫃,0.0,0.0,0.0
735719,上櫃,0.0,0.0,0.0
735720,上櫃,0.0,0.0,0.0
735721,上櫃,2.98,2.98,1.0
735723,上櫃,0.0,0.0,0.0
735724,上櫃,0.0,0.0,0.0
735725,上櫃,0.76,0.73,1484.0
735726,上櫃,0.52,0.52,1239.0
735727,上櫃,0.33,0.33,144.0
735728,上櫃,0.0,0.0,0.0
735729,上櫃,0.0,0.0,0.0
735730,上櫃,0.0,0.0,0.0
735731,上櫃,0.0,0.0,0.0
735732,上櫃,0.0,0.0,0.0
735733,上櫃,0.0,0.0,0.0
735734,上櫃,0.0,0.0,0.0
735743,上櫃,0.3,0.3,495.0
735747,上櫃,3.99,3.99,7.0
735749,上櫃,0.0,0.0,0.0
735752,上櫃,0.0,0.0,0.0
735754,上櫃,0.0,0.0,0.0
735756,上櫃,2.82,2.82,3.0
735758,上櫃,1.86,1.86,10.0
735760,上櫃,0.0,0.0,0.0
735761,上櫃,0.0,0.0,0.0
735762,上櫃,0.0,0.0,0.0
735763,上櫃,2.6,2.6,1.0
735764,上櫃,0.0,0.0,0.0
735766,上櫃,0.0,0.0,0.0
735767,上櫃,0.0,0.0,0.0
735768,上櫃,0.0,0.0,0.0
735770,上櫃,0.0,0.0,0.0
735771,上櫃,0.0,0.0,0.0
735773,上櫃,0.0,0.0,0.0
735775,上櫃,0.0,0.0,0.0
735776,上櫃,0.0,0.0,0.0
735777,上櫃,0.0,0.0,0.0
735779,上櫃,0.0,0.0,0.0
735781,上櫃,0.0,0.0,0.0
735782,上櫃,0.0,0.0,0.0
735783,上櫃,0.45,0.46,402.0
735784,上櫃,0.0,0.0,0.0
735786,上櫃,0.0,0.0,0.0
735789,上櫃,0.0,0.0,0.0
735791,上櫃,0.0,0.0,0.0
735797,上櫃,0.0,0.0,0.0
735802,上櫃,0.0,0.0,0.0
735804,上櫃,0.35,0.34,424.0
735806,上櫃,3.43,3.45,4.0
735807,上櫃,1.17,1.12,196.0
735808,上櫃,0.0,0.0,0.0
735809,上櫃,0.0,0.0,0.0
735810,上櫃,0.7,0.82,110.0
735811,上櫃,2.04,2.05,20.0
735812,上櫃,0.0,0.0,0.0
735813,上櫃,0.0,0.0,0.0
735814,上櫃,0.0,0.0,0.0
735815,上櫃,0.0,0.0,0.0
735817,上櫃,0.0,0.0,0.0
735826,上櫃,0.12,0.12,299.0
735827,上櫃,0.0,0.0,0.0
735836,上櫃,0.0,0.0,0.0
735839,上櫃,0.0,0.0,0.0
735840,上櫃,0.0,0.0,0.0
735841,上櫃,0.0,0.0,0.0
735842,上櫃,0.0,0.0,0.0
735844,上櫃,0.0,0.0,0.0
735845,上櫃,0.0,0.0,0.0
735847,上櫃,0.0,0.0,0.0
735848,上櫃,0.26,0.28,53.0
735849,上櫃,0.57,0.57,8.0
735850,上櫃,0.0,0.0,0.0
735851,上櫃,0.0,0.0,0.0
735852,上櫃,0.39,0.44,276.0
735853,上櫃,0.0,0.0,0.0
735854,上櫃,0.48,0.43,213.0
735855,上櫃,1.36,1.39,206.0
735856,上櫃,0.81,0.8,41.0
735857,上櫃,0.8,0.79,95.0
735858,上櫃,0.0,0.0,0.0
735859,上櫃,0.0,0.0,0.0
735860,上櫃,0.0,0.0,0.0
735861,上櫃,0.0,0.0,0.0
735862,上櫃,0.0,0.0,0.0
735863,上櫃,1.02,0.88,32.0
735869,上櫃,0.0,0.0,0.0
735871,上櫃,0.86,0.91,10.0
735872,上櫃,0.0,0.0,0.0
735873,上櫃,0.0,0.0,0.0
735874,上櫃,0.0,0.0,0.0
735876,上櫃,4.15,4.15,1.0
735888,上櫃,0.0,0.0,0.0
735889,上櫃,0.43,0.84,1052.0
735890,上櫃,3.16,4.06,31.0
735891,上櫃,0.0,0.0,0.0
735892,上櫃,0.0,0.0,0.0
735893,上櫃,0.0,0.0,0.0
735894,上櫃,0.0,0.0,0.0
735895,上櫃,0.0,0.0,0.0
735896,上櫃,0.0,0.0,0.0
735897,上櫃,0.0,0.0,0.0
735898,上櫃,2.84,2.87,109.0
735899,上櫃,0.0,0.0,0.0
735900,上櫃,0.0,0.0,0.0
735901,上櫃,0.0,0.0,0.0
735902,上櫃,0.0,0.0,0.0
735903,上櫃,0.0,0.0,0.0
735907,上櫃,0.0,0.0,0.0
735909,上櫃,0.0,0.0,0.0
735912,上櫃,2.22,2.7,90.0
735913,上櫃,0.0,0.0,0.0
735915,上櫃,0.31,0.75,3020.0
735916,上櫃,1.32,1.37,2.0
735917,上櫃,0.0,0.0,0.0
735918,上櫃,0.3,0.35,173.0
735919,上櫃,3.68,3.68,10.0
735920,上櫃,0.0,0.0,0.0
735921,上櫃,1.55,1.57,4.0
735922,上櫃,0.7,0.68,67.0
735923,上櫃,0.0,0.0,0.0
735924,上櫃,0.3,0.32,112.0
735925,上櫃,0.0,0.0,0.0
735926,上櫃,0.0,0.0,0.0
735927,上櫃,0.0,0.0,0.0
735930,上櫃,0.0,0.0,0.0
735931,上櫃,0.0,0.0,0.0
735932,上櫃,0.0,0.0,0.0
735935,上櫃,0.0,0.0,0.0
735936,上櫃,1.11,1.26,15.0
735937,上櫃,0.11,0.11,30.0
735941,上櫃,0.0,0.0,0.0
735943,上櫃,0.0,0.0,0.0
735945,上櫃,0.0,0.0,0.0
735946,上櫃,1.89,1.96,8.0
735949,上櫃,0.07,0.07,370.0
735951,上櫃,0.0,0.0,0.0
735952,上櫃,0.75,1.05,1518.0
735953,上櫃,0.0,0.0,0.0
735956,上櫃,0.0,0.0,0.0
735959,上櫃,0.0,0.0,0.0
735961,上櫃,0.0,0.0,0.0
735962,上櫃,0.22,0.22,10.0
735963,上櫃,0.0,0.0,0.0
735964,上櫃,0.58,0.6,144.0
735965,上櫃,0.0,0.0,0.0
735966,上櫃,0.0,0.0,0.0
735967,上櫃,0.0,0.0,0.0
735968,上櫃,2.42,2.32,33.0
735969,上櫃,0.0,0.0,0.0
735974,上櫃,0.65,0.6,330.0
735975,上櫃,0.3,0.31,299.0
735980,上櫃,0.0,0.0,0.0
735981,上櫃,0.0,0.0,0.0
735987,上櫃,0.0,0.0,0.0
735988,上櫃,0.0,0.0,0.0
735989,上櫃,0.0,0.0,0.0
735990,上櫃,0.0,0.0,0.0
735991,上櫃,0.0,0.0,0.0
735994,上櫃,1.68,1.51,205.0
735995,上櫃,0.29,0.31,70.0
735998,上櫃,0.0,0.0,0.0
735999,上櫃,0.0,0.0,0.0
736000,上櫃,0.0,0.0,0.0
736003,上櫃,0.19,0.13,160.0
736004,上櫃,2.18,2.61,63.0
736006,上櫃,0.36,0.36,104.0
736009,上櫃,0.0,0.0,0.0
736010,上櫃,0.0,0.0,0.0
736011,上櫃,0.0,0.0,0.0
736025,上櫃,0.0,0.0,0.0
736026,上櫃,0.0,0.0,0.0
736027,上櫃,0.34,0.44,122.0
736028,上櫃,0.16,0.18,240.0
736029,上櫃,0.0,0.0,0.0
736030,上櫃,0.0,0.0,0.0
736032,上櫃,0.0,0.0,0.0
736034,上櫃,0.0,0.0,0.0
736038,上櫃,0.11,0.11,10.0
736039,上櫃,0.0,0.0,0.0
736044,上櫃,0.63,0.63,10.0
736046,上櫃,0.0,0.0,0.0
736047,上櫃,7.95,7.95,1.0
736048,上櫃,0.89,1.45,81.0
736050,上櫃,0.0,0.0,0.0
736051,上櫃,0.0,0.0,0.0
736052,上櫃,0.58,0.58,998.0
736053,上櫃,0.0,0.0,0.0
736054,上櫃,0.0,0.0,0.0
736055,上櫃,0.0,0.0,0.0
736056,上櫃,12.0,12.0,1.0
736059,上櫃,0.0,0.0,0.0
736065,上櫃,3.93,3.93,6.0
736070,上櫃,0.0,0.0,0.0
736071,上櫃,0.71,0.66,44.0
736072,上櫃,14.3,14.3,1.0
736073,上櫃,0.36,0.34,220.0
736074,上櫃,0.0,0.0,0.0
736075,上櫃,0.66,0.73,507.0
736076,上櫃,0.0,0.0,0.0
736078,上櫃,0.21,0.21,1.0
736079,上櫃,1.15,1.22,4.0
736080,上櫃,0.28,0.29,40.0
736081,上櫃,0.51,0.51,150.0
736082,上櫃,0.66,0.66,140.0
736083,上櫃,0.3,0.3,40.0
736084,上櫃,0.0,0.0,0.0
736085,上櫃,0.0,0.0,0.0
736086,上櫃,0.0,0.0,0.0
736087,上櫃,0.64,0.64,87.0
736088,上櫃,0.0,0.0,0.0
736090,上櫃,0.0,0.0,0.0
736095,上櫃,0.16,0.15,2.0
736096,上櫃,0.0,0.0,0.0
736097,上櫃,0.25,0.25,30.0
736098,上櫃,0.0,0.0,0.0
736099,上櫃,0.0,0.0,0.0
736100,上櫃,0.0,0.0,0.0
736101,上櫃,0.0,0.0,0.0
736102,上櫃,0.0,0.0,0.0
736103,上櫃,0.15,0.15,100.0
736104,上櫃,0.0,0.0,0.0
736105,上櫃,8.4,8.4,1.0
736106,上櫃,0.0,0.0,0.0
736107,上櫃,0.0,0.0,0.0
736108,上櫃,2.0,1.88,100.0
736109,上櫃,0.0,0.0,0.0
736110,上櫃,0.82,0.65,73.0
736111,上櫃,0.0,0.0,0.0
736112,上櫃,10.9,10.9,1.0
736113,上櫃,0.0,0.0,0.0
736114,上櫃,3.14,3.29,5.0
736115,上櫃,0.94,1.06,2031.0
736116,上櫃,0.0,0.0,0.0
736117,上櫃,110.0,110.0,1.0
736118,上櫃,0.0,0.0,0.0
736119,上櫃,0.5,0.37,204.0
736120,上櫃,0.0,0.0,0.0
736121,上櫃,0.0,0.0,0.0
736122,上櫃,0.0,0.0,0.0
736123,上櫃,0.0,0.0,0.0
736124,上櫃,0.47,0.49,634.0
736125,上櫃,0.0,0.0,0.0
736126,上櫃,0.0,0.0,0.0
736127,上櫃,0.0,0.0,0.0
736128,上櫃,0.0,0.0,0.0
736129,上櫃,0.0,0.0,0.0
736130,上櫃,0.0,0.0,0.0
736131,上櫃,0.0,0.0,0.0
736132,上櫃,0.34,0.3,128.0
736133,上櫃,0.06,0.06,4.0
736134,上櫃,0.0,0.0,0.0
736135,上櫃,0.0,0.0,0.0
736136,上櫃,0.56,0.56,1.0
736137,上櫃,4.6,4.6,2.0
736138,上櫃,0.0,0.0,0.0
736139,上櫃,0.0,0.0,0.0
736140,上櫃,0.0,0.0,0.0
736141,上櫃,0.0,0.0,0.0
736142,上櫃,0.0,0.0,0.0
736143,上櫃,0.61,0.61,6.0
736144,上櫃,0.0,0.0,0.0
736145,上櫃,0.0,0.0,0.0
736146,上櫃,0.0,0.0,0.0
736147,上櫃,0.0,0.0,0.0
736148,上櫃,2.47,2.44,68.0
736149,上櫃,0.42,0.42,2.0
736150,上櫃,0.0,0.0,0.0
736151,上櫃,24.2,24.2,7.0
736152,上櫃,0.0,0.0,0.0
736153,上櫃,0.0,0.0,0.0
736154,上櫃,1.25,1.24,18.0
736155,上櫃,0.0,0.0,0.0
736156,上櫃,0.52,0.52,30.0
736157,上櫃,0.0,0.0,0.0
736158,上櫃,0.0,0.0,0.0
736159,上櫃,0.0,0.0,0.0
736160,上櫃,0.0,0.0,0.0
736161,上櫃,0.48,0.5,139.0
736162,上櫃,0.62,0.57,144.0
736163,上櫃,1.2,1.2,1.0
736164,上櫃,0.0,0.0,0.0
736165,上櫃,0.0,0.0,0.0
736166,上櫃,0.0,0.0,0.0
736167,上櫃,0.0,0.0,0.0
736168,上櫃,0.0,0.0,0.0
736169,上櫃,0.0,0.0,0.0
736170,上櫃,0.0,0.0,0.0
736171,上櫃,0.0,0.0,0.0
736172,上櫃,0.0,0.0,0.0
736173,上櫃,0.0,0.0,0.0
736174,上櫃,1.58,3.03,11.0
736175,上櫃,0.0,0.0,0.0
736176,上櫃,0.0,0.0,0.0
736177,上櫃,0.0,0.0,0.0
736178,上櫃,0.0,0.0,0.0
736179,上櫃,0.0,0.0,0.0
736180,上櫃,0.0,0.0,0.0
736181,上櫃,0.19,0.18,358.0
736182,上櫃,0.0,0.0,0.0
736183,上櫃,0.0,0.0,0.0
736184,上櫃,0.0,0.0,0.0
736185,上櫃,1.12,1.12,2.0
736186,上櫃,0.0,0.0,0.0
736187,上櫃,0.0,0.0,0.0
736188,上櫃,0.0,0.0,0.0
736189,上櫃,0.0,0.0,0.0
736190,上櫃,0.0,0.0,0.0
736191,上櫃,0.0,0.0,0.0
736192,上櫃,0.0,0.0,0.0
736193,上櫃,0.0,0.0,0.0
736194,上櫃,0.0,0.0,0.0
736195,上櫃,0.0,0.0,0.0
736196,上櫃,0.01,0.01,325.0
736197,上櫃,0.0,0.0,0.0
736198,上櫃,0.0,0.0,0.0
736199,上櫃,0.0,0.0,0.0
736200,上櫃,0.0,0.0,0.0
736201,上櫃,0.0,0.0,0.0
736202,上櫃,0.0,0.0,0.0
736203,上櫃,0.0,0.0,0.0
736204,上櫃,0.0,0.0,0.0
736205,上櫃,0.0,0.0,0.0
736206,上櫃,0.0,0.0,0.0
736207,上櫃,0.0,0.0,0.0
736208,上櫃,0.0,0.0,0.0
736209,上櫃,0.0,0.0,0.0
736210,上櫃,0.0,0.0,0.0
736211,上櫃,0.0,0.0,0.0
736212,上櫃,0.0,0.0,0.0
736213,上櫃,0.0,0.0,0.0
736214,上櫃,0.0,0.0,0.0
736215,上櫃,0.0,0.0,0.0
736216,上櫃,0.0,0.0,0.0
736217,上櫃,0.0,0.0,0.0
736218,上櫃,0.0,0.0,0.0
736219,上櫃,0.0,0.0,0.0
736220,上櫃,0.0,0.0,0.0
736221,上櫃,0.0,0.0,0.0
736222,上櫃,0.0,0.0,0.0
736223,上櫃,0.0,0.0,0.0
736224,上櫃,0.0,0.0,0.0
736225,上櫃,0.0,0.0,0.0
736226,上櫃,0.0,0.0,0.0
736227,上櫃,0.0,0.0,0.0
736228,上櫃,0.31,0.37,616.0
736229,上櫃,0.0,0.0,0.0
736230,上櫃,0.0,0.0,0.0
736231,上櫃,0.0,0.0,0.0
736232,上櫃,0.81,0.54,20.0
736233,上櫃,0.42,0.42,499.0
736234,上櫃,0.0,0.0,0.0
736235,上櫃,0.0,0.0,0.0
736236,上櫃,0.0,0.0,0.0
736237,上櫃,0.0,0.0,0.0
736238,上櫃,0.0,0.0,0.0
736239,上櫃,0.16,0.18,143.0
736240,上櫃,0.0,0.0,0.0
736241,上櫃,0.35,0.36,390.0
736242,上櫃,0.37,0.38,275.0
736243,上櫃,0.44,0.45,323.0
736244,上櫃,3.91,4.0,11.0
736245,上櫃,0.59,0.59,35.0
736246,上櫃,0.0,0.0,0.0
736247,上櫃,0.28,0.3,103.0
736248,上櫃,0.85,0.9,313.0
736249,上櫃,0.66,0.68,1307.0
736250,上櫃,0.0,0.0,0.0
736251,上櫃,1.23,1.59,135.0
736252,上櫃,0.62,0.64,714.0
736253,上櫃,0.0,0.0,0.0
736254,上櫃,0.0,0.0,0.0
736255,上櫃,0.23,0.22,2495.0
736256,上櫃,0.0,0.0,0.0
736257,上櫃,0.0,0.0,0.0
736258,上櫃,0.0,0.0,0.0
736259,上櫃,0.0,0.0,0.0
736260,上櫃,0.0,0.0,0.0
736261,上櫃,0.0,0.0,0.0
736262,上櫃,0.0,0.0,0.0
736263,上櫃,0.0,0.0,0.0
736264,上櫃,0.0,0.0,0.0
736265,上櫃,0.67,0.67,150.0
736266,上櫃,0.0,0.0,0.0
736267,上櫃,0.0,0.0,0.0
736268,上櫃,7.9,7.9,5.0
736269,上櫃,1.17,1.03,169.0
736270,上櫃,0.0,0.0,0.0
736271,上櫃,0.0,0.0,0.0
736272,上櫃,0.0,0.0,0.0
736273,上櫃,0.0,0.0,0.0
736274,上櫃,0.0,0.0,0.0
736275,上櫃,0.0,0.0,0.0
736276,上櫃,0.0,0.0,0.0
736277,上櫃,0.0,0.0,0.0
736278,上櫃,0.0,0.0,0.0
736279,上櫃,0.37,0.37,25.0
736280,上櫃,0.0,0.0,0.0
736281,上櫃,0.0,0.0,0.0
736282,上櫃,0.0,0.0,0.0
736283,上櫃,0.0,0.0,0.0
736284,上櫃,0.0,0.0,0.0
736285,上櫃,0.0,0.0,0.0
736286,上櫃,0.0,0.0,0.0
736287,上櫃,0.0,0.0,0.0
736288,上櫃,0.96,0.96,612.0
736289,上櫃,0.0,0.0,0.0
736290,上櫃,0.0,0.0,0.0
736291,上櫃,13.3,13.3,1.0
736292,上櫃,4.74,5.3,2.0
736293,上櫃,0.0,0.0,0.0
736294,上櫃,0.0,0.0,0.0
736295,上櫃,0.0,0.0,0.0
736296,上櫃,0.0,0.0,0.0
736297,上櫃,0.0,0.0,0.0
736298,上櫃,0.0,0.0,0.0
736299,上櫃,0.0,0.0,0.0
736300,上櫃,0.0,0.0,0.0
736301,上櫃,0.0,0.0,0.0
736302,上櫃,4.54,4.54,2.0
736303,上櫃,0.0,0.0,0.0
736304,上櫃,0.0,0.0,0.0
736305,上櫃,0.0,0.0,0.0
736306,上櫃,0.75,0.69,184.0
736307,上櫃,0.97,0.93,207.0
736308,上櫃,0.0,0.0,0.0
736309,上櫃,4.27,4.27,1.0
736310,上櫃,0.0,0.0,0.0
736311,上櫃,0.0,0.0,0.0
736312,上櫃,2.82,2.82,5.0
736313,上櫃,0.0,0.0,0.0
736314,上櫃,0.0,0.0,0.0
736315,上櫃,0.0,0.0,0.0
736316,上櫃,0.33,0.33,20.0
736317,上櫃,0.0,0.0,0.0
736318,上櫃,0.0,0.0,0.0
736319,上櫃,0.0,0.0,0.0
736320,上櫃,0.0,0.0,0.0
736321,上櫃,0.0,0.0,0.0
736322,上櫃,0.0,0.0,0.0
736323,上櫃,0.0,0.0,0.0
736324,上櫃,0.0,0.0,0.0
736325,上櫃,0.0,0.0,0.0
736326,上櫃,0.0,0.0,0.0
736327,上櫃,0.0,0.0,0.0
736328,上櫃,0.0,0.0,0.0
736329,上櫃,0.0,0.0,0.0
736330,上櫃,0.0,0.0,0.0
736331,上櫃,0.0,0.0,0.0
736332,上櫃,0.0,0.0,0.0
736333,上櫃,0.0,0.0,0.0
736334,上櫃,0.0,0.0,0.0
736335,上櫃,0.0,0.0,0.0
736336,上櫃,0.3,0.26,280.0
736337,上櫃,0.9,0.83,985.0
736338,上櫃,0.48,0.44,145.0
736339,上櫃,0.0,0.0,0.0
736340,上櫃,0.0,0.0,0.0
736341,上櫃,0.0,0.0,0.0
736342,上櫃,0.51,0.48,221.0
736343,上櫃,0.0,0.0,0.0
736344,上櫃,0.08,0.07,60.0
736345,上櫃,0.1,0.1,1.0
736346,上櫃,0.0,0.0,0.0
736347,上櫃,0.35,0.33,599.0
736348,上櫃,0.37,0.35,609.0
736349,上櫃,0.0,0.0,0.0
736350,上櫃,0.64,0.64,11.0
736351,上櫃,0.61,0.6,12.0
736352,上櫃,0.0,0.0,0.0
736353,上櫃,0.0,0.0,0.0
736354,上櫃,0.0,0.0,0.0
736355,上櫃,0.0,0.0,0.0
736356,上櫃,0.24,0.24,20.0
736357,上櫃,0.22,0.23,42.0
736358,上櫃,0.18,0.18,5.0
736359,上櫃,0.98,0.98,10.0
736360,上櫃,0.0,0.0,0.0
736361,上櫃,0.0,0.0,0.0
736362,上櫃,0.0,0.0,0.0
736363,上櫃,0.0,0.0,0.0
736364,上櫃,0.0,0.0,0.0
736365,上櫃,0.92,1.26,1007.0
736366,上櫃,0.0,0.0,0.0
736367,上櫃,0.48,0.49,58.0
736368,上櫃,0.0,0.0,0.0
736369,上櫃,0.0,0.0,0.0
736370,上櫃,0.0,0.0,0.0
736371,上櫃,0.0,0.0,0.0
736372,上櫃,0.0,0.0,0.0
736373,上櫃,0.0,0.0,0.0
736374,上櫃,0.0,0.0,0.0
736375,上櫃,0.0,0.0,0.0
736376,上櫃,0.0,0.0,0.0
736377,上櫃,0.0,0.0,0.0
736378,上櫃,0.0,0.0,0.0
736379,上櫃,0.0,0.0,0.0
736380,上櫃,0.0,0.0,0.0
736381,上櫃,0.0,0.0,0.0
736382,上櫃,0.0,0.0,0.0
736383,上櫃,0.1,0.1,2.0
736384,上櫃,0.0,0.0,0.0
736385,上櫃,0.0,0.0,0.0
736386,上櫃,2.71,2.71,1.0
736387,上櫃,0.0,0.0,0.0
736388,上櫃,0.0,0.0,0.0
736389,上櫃,5.15,4.65,80.0
736390,上櫃,0.0,0.0,0.0
736391,上櫃,0.0,0.0,0.0
736392,上櫃,0.0,0.0,0.0
736393,上櫃,0.39,0.51,274.0
736394,上櫃,0.0,0.0,0.0
736395,上櫃,0.0,0.0,0.0
736396,上櫃,0.0,0.0,0.0
736397,上櫃,0.0,0.0,0.0
736398,上櫃,0.0,0.0,0.0
736399,上櫃,0.0,0.0,0.0
736400,上櫃,0.0,0.0,0.0
736401,上櫃,0.0,0.0,0.0
736402,上櫃,0.0,0.0,0.0
736403,上櫃,0.0,0.0,0.0
736404,上櫃,0.0,0.0,0.0
736405,上櫃,0.0,0.0,0.0
736406,上櫃,4.35,5.55,93.0
736407,上櫃,0.0,0.0,0.0
736408,上櫃,0.0,0.0,0.0
736409,上櫃,0.0,0.0,0.0
736410,上櫃,0.0,0.0,0.0
736411,上櫃,0.0,0.0,0.0
736412,上櫃,0.0,0.0,0.0
736413,上櫃,0.0,0.0,0.0
736414,上櫃,0.0,0.0,0.0
736415,上櫃,0.27,0.26,1601.0
736416,上櫃,1.3,2.09,12.0
736417,上櫃,0.7,0.12,290.0
736418,上櫃,0.0,0.0,0.0
736419,上櫃,1.18,1.18,10.0
736420,上櫃,0.0,0.0,0.0
736421,上櫃,0.0,0.0,0.0
736422,上櫃,0.0,0.0,0.0
736423,上櫃,0.0,0.0,0.0
736424,上櫃,0.0,0.0,0.0
736425,上櫃,0.0,0.0,0.0
736426,上櫃,5.6,5.6,10.0
736427,上櫃,0.31,0.31,42.0
736428,上櫃,0.98,0.95,208.0
736429,上櫃,0.89,0.91,19.0
736430,上櫃,0.94,1.01,303.0
736431,上櫃,0.87,0.85,91.0
736432,上櫃,0.69,0.66,227.0
736433,上櫃,1.9,1.9,12.0
736434,上櫃,0.61,0.65,128.0
736435,上櫃,0.0,0.0,0.0
736436,上櫃,3.87,3.87,4.0
736437,上櫃,0.0,0.0,0.0
736438,上櫃,0.0,0.0,0.0
736439,上櫃,0.0,0.0,0.0
736440,上櫃,0.63,0.81,265.0
736441,上櫃,0.57,0.57,1.0
736442,上櫃,1.2,1.42,112.0
736443,上櫃,0.73,0.73,10.0
736444,上櫃,3.1,3.1,2.0
736445,上櫃,10.0,9.25,3.0
736446,上櫃,0.0,0.0,0.0
736447,上櫃,1.75,1.78,230.0
736448,上櫃,0.0,0.0,0.0
736449,上櫃,0.0,0.0,0.0
736450,上櫃,0.0,0.0,0.0
736451,上櫃,0.0,0.0,0.0
736452,上櫃,0.0,0.0,0.0
736453,上櫃,0.0,0.0,0.0
736454,上櫃,0.0,0.0,0.0
736455,上櫃,24.1,24.1,1.0
736456,上櫃,3.47,3.47,13.0
736457,上櫃,0.0,0.0,0.0
736458,上櫃,0.0,0.0,0.0
736459,上櫃,0.0,0.0,0.0
736460,上櫃,0.0,0.0,0.0
736461,上櫃,0.0,0.0,0.0
736462,上櫃,0.0,0.0,0.0
736463,上櫃,0.0,0.0,0.0
736464,上櫃,4.45,4.45,10.0
736465,上櫃,0.0,0.0,0.0
736466,上櫃,0.0,0.0,0.0
736467,上櫃,0.29,0.47,11.0
736468,上櫃,0.0,0.0,0.0
736469,上櫃,0.0,0.0,0.0
736470,上櫃,0.0,0.0,0.0
736471,上櫃,0.0,0.0,0.0
736472,上櫃,0.54,0.54,155.0
736473,上櫃,0.0,0.0,0.0
736474,上櫃,0.4,0.43,1029.0
736475,上櫃,1.62,1.62,12.0
736476,上櫃,0.0,0.0,0.0
736477,上櫃,0.36,0.35,977.0
736478,上櫃,2.27,2.06,82.0
736479,上櫃,0.98,0.95,38.0
736480,上櫃,0.0,0.0,0.0
736481,上櫃,0.0,0.0,0.0
736482,上櫃,0.0,0.0,0.0
736483,上櫃,2.71,2.03,310.0
736484,上櫃,0.0,0.0,0.0
736485,上櫃,0.0,0.0,0.0
736486,上櫃,0.0,0.0,0.0
736487,上櫃,0.96,1.18,20.0
736488,上櫃,0.38,0.38,50.0
736489,上櫃,0.09,0.09,1.0
736490,上櫃,0.0,0.0,0.0
736491,上櫃,0.72,0.72,440.0
736492,上櫃,0.0,0.0,0.0
736493,上櫃,0.0,0.0,0.0
736494,上櫃,0.0,0.0,0.0
736495,上櫃,0.0,0.0,0.0
736496,上櫃,0.12,0.12,80.0
736497,上櫃,0.0,0.0,0.0
736498,上櫃,0.0,0.0,0.0
736499,上櫃,0.0,0.0,0.0
736500,上櫃,0.0,0.0,0.0
736501,上櫃,0.0,0.0,0.0
736502,上櫃,0.0,0.0,0.0
736503,上櫃,0.69,0.72,569.0
736504,上櫃,2.93,1.55,755.0
736505,上櫃,0.0,0.0,0.0
736506,上櫃,0.41,0.39,709.0
736507,上櫃,0.0,0.0,0.0
736508,上櫃,0.0,0.0,0.0
736509,上櫃,0.0,0.0,0.0
736510,上櫃,0.0,0.0,0.0
736511,上櫃,0.0,0.0,0.0
736512,上櫃,0.0,0.0,0.0
736513,上櫃,0.0,0.0,0.0
736514,上櫃,0.0,0.0,0.0
736515,上櫃,0.0,0.0,0.0
736516,上櫃,0.0,0.0,0.0
736517,上櫃,0.36,0.38,50.0
736518,上櫃,0.0,0.0,0.0
736519,上櫃,1.05,1.05,26.0
736520,上櫃,0.0,0.0,0.0
736521,上櫃,0.0,0.0,0.0
736522,上櫃,0.0,0.0,0.0
736523,上櫃,1.95,1.87,49.0
736524,上櫃,2.96,2.53,1200.0
736525,上櫃,0.0,0.0,0.0
736526,上櫃,8.0,8.0,2.0
736527,上櫃,2.52,2.52,11.0
736528,上櫃,3.45,4.42,160.0
736529,上櫃,0.0,0.0,0.0
736530,上櫃,0.0,0.0,0.0
736531,上櫃,0.0,0.0,0.0
736532,上櫃,0.0,0.0,0.0
736533,上櫃,0.0,0.0,0.0
736534,上櫃,1.56,1.45,16.0
736535,上櫃,0.0,0.0,0.0
736536,上櫃,0.0,0.0,0.0
736537,上櫃,0.0,0.0,0.0
736538,上櫃,1.15,1.1,291.0
736539,上櫃,0.0,0.0,0.0
736540,上櫃,0.56,0.91,30.0
736541,上櫃,0.0,0.0,0.0
736542,上櫃,0.3,0.33,88.0
736543,上櫃,2.52,2.52,5.0
736544,上櫃,0.0,0.0,0.0
736545,上櫃,0.64,1.14,251.0
736546,上櫃,0.0,0.0,0.0
736547,上櫃,0.0,0.0,0.0
736548,上櫃,0.06,0.06,700.0
736549,上櫃,0.0,0.0,0.0
736550,上櫃,0.0,0.0,0.0
736551,上櫃,0.0,0.0,0.0
736552,上櫃,0.0,0.0,0.0
736553,上櫃,3.61,4.45,73.0
736554,上櫃,0.0,0.0,0.0
736555,上櫃,0.0,0.0,0.0
736556,上櫃,0.0,0.0,0.0
736557,上櫃,0.0,0.0,0.0
736558,上櫃,0.0,0.0,0.0
736559,上櫃,0.62,0.62,50.0
736560,上櫃,0.77,0.77,20.0
736561,上櫃,0.85,0.84,1013.0
736562,上櫃,0.0,0.0,0.0
736563,上櫃,0.0,0.0,0.0
736564,上櫃,0.0,0.0,0.0
736565,上櫃,0.7,0.7,10.0
736566,上櫃,0.98,0.73,213.0
736567,上櫃,0.77,1.09,1227.0
736568,上櫃,0.33,0.61,809.0
736569,上櫃,0.0,0.0,0.0
736570,上櫃,0.0,0.0,0.0
736571,上櫃,0.8,0.77,219.0
736572,上櫃,0.0,0.0,0.0
736573,上櫃,0.56,0.54,62.0
736574,上櫃,0.0,0.0,0.0
736575,上櫃,2.69,2.78,2.0
736576,上櫃,0.0,0.0,0.0
736577,上櫃,0.0,0.0,0.0
736578,上櫃,0.0,0.0,0.0
736579,上櫃,0.96,0.96,10.0
736580,上櫃,0.0,0.0,0.0
736581,上櫃,1.77,2.04,9.0
736582,上櫃,0.0,0.0,0.0
736583,上櫃,1.12,1.35,220.0
736584,上櫃,0.91,0.93,51.0
736585,上櫃,0.4,0.4,41.0
736586,上櫃,0.0,0.0,0.0
736587,上櫃,1.16,1.18,440.0
736588,上櫃,0.0,0.0,0.0
736589,上櫃,0.0,0.0,0.0
736590,上櫃,0.0,0.0,0.0
736591,上櫃,0.0,0.0,0.0
736592,上櫃,0.0,0.0,0.0
736593,上櫃,4.75,4.75,10.0
736594,上櫃,0.0,0.0,0.0
736595,上櫃,0.0,0.0,0.0
736596,上櫃,0.0,0.0,0.0
736597,上櫃,0.0,0.0,0.0
736598,上櫃,1.37,1.51,157.0
736599,上櫃,0.0,0.0,0.0
736600,上櫃,0.0,0.0,0.0
736601,上櫃,0.0,0.0,0.0
736602,上櫃,0.0,0.0,0.0
736603,上櫃,0.0,0.0,0.0
736604,上櫃,0.0,0.0,0.0
736605,上櫃,0.0,0.0,0.0
736606,上櫃,0.0,0.0,0.0
736607,上櫃,0.0,0.0,0.0
736608,上櫃,0.0,0.0,0.0
736609,上櫃,0.0,0.0,0.0
736610,上櫃,0.0,0.0,0.0
736611,上櫃,0.0,0.0,0.0
736612,上櫃,0.0,0.0,0.0
736613,上櫃,0.16,0.16,100.0
736614,上櫃,0.0,0.0,0.0
736615,上櫃,0.0,0.0,0.0
736616,上櫃,0.0,0.0,0.0
736617,上櫃,0.0,0.0,0.0
736618,上櫃,0.0,0.0,0.0
736619,上櫃,0.0,0.0,0.0
736620,上櫃,0.0,0.0,0.0
736621,上櫃,1.04,0.95,59.0
736622,上櫃,0.0,0.0,0.0
736623,上櫃,0.0,0.0,0.0
736624,上櫃,0.0,0.0,0.0
736625,上櫃,0.0,0.0,0.0
736626,上櫃,0.0,0.0,0.0
736627,上櫃,0.0,0.0,0.0
736628,上櫃,0.0,0.0,0.0
736629,上櫃,0.38,0.45,293.0
736630,上櫃,0.0,0.0,0.0
736631,上櫃,0.0,0.0,0.0
736632,上櫃,0.0,0.0,0.0
736633,上櫃,0.0,0.0,0.0
736634,上櫃,0.45,0.52,1198.0
736635,上櫃,0.0,0.0,0.0
736636,上櫃,0.0,0.0,0.0
736637,上櫃,0.0,0.0,0.0
736638,上櫃,0.0,0.0,0.0
736639,上櫃,0.87,0.74,145.0
736640,上櫃,0.81,0.72,425.0
736641,上櫃,0.74,0.72,734.0
736642,上櫃,0.0,0.0,0.0
736643,上櫃,0.0,0.0,0.0
736644,上櫃,0.0,0.0,0.0
736645,上櫃,0.0,0.0,0.0
736646,上櫃,0.0,0.0,0.0
736647,上櫃,0.0,0.0,0.0
736648,上櫃,0.0,0.0,0.0
736649,上櫃,0.0,0.0,0.0
736650,上櫃,2.12,2.35,31.0
736651,上櫃,0.0,0.0,0.0
736652,上櫃,0.0,0.0,0.0
736653,上櫃,0.0,0.0,0.0
736654,上櫃,0.0,0.0,0.0
736655,上櫃,0.0,0.0,0.0
736656,上櫃,0.0,0.0,0.0
736657,上櫃,0.0,0.0,0.0
736658,上櫃,0.01,0.01,306.0
736659,上櫃,1.41,1.27,268.0
736660,上櫃,1.08,1.03,57.0
736661,上櫃,0.0,0.0,0.0
736662,上櫃,0.0,0.0,0.0
736663,上櫃,0.0,0.0,0.0
736664,上櫃,0.0,0.0,0.0
736665,上櫃,0.0,0.0,0.0
736666,上櫃,0.0,0.0,0.0
736667,上櫃,0.0,0.0,0.0
736668,上櫃,0.0,0.0,0.0
736669,上櫃,0.0,0.0,0.0
736670,上櫃,0.0,0.0,0.0
736671,上櫃,0.0,0.0,0.0
736672,上櫃,0.0,0.0,0.0
736673,上櫃,0.0,0.0,0.0
736674,上櫃,0.0,0.0,0.0
736675,上櫃,0.0,0.0,0.0
736676,上櫃,0.91,1.07,94.0
736677,上櫃,0.0,0.0,0.0
736678,上櫃,0.0,0.0,0.0
736679,上櫃,0.0,0.0,0.0
736680,上櫃,0.0,0.0,0.0
736681,上櫃,0.08,0.08,299.0
736682,上櫃,0.0,0.0,0.0
736683,上櫃,0.0,0.0,0.0
736684,上櫃,0.0,0.0,0.0
736685,上櫃,0.0,0.0,0.0
736686,上櫃,0.0,0.0,0.0
736687,上櫃,0.0,0.0,0.0
736688,上櫃,0.0,0.0,0.0
736689,上櫃,0.0,0.0,0.0
736690,上櫃,0.0,0.0,0.0
736691,上櫃,0.0,0.0,0.0
736692,上櫃,0.0,0.0,0.0
736693,上櫃,0.0,0.0,0.0
736694,上櫃,0.0,0.0,0.0
736695,上櫃,1.4,1.4,55.0
736696,上櫃,0.0,0.0,0.0
736697,上櫃,0.0,0.0,0.0
736698,上櫃,0.0,0.0,0.0
736699,上櫃,0.0,0.0,0.0
736700,上櫃,0.0,0.0,0.0
736701,上櫃,0.0,0.0,0.0
736702,上櫃,0.0,0.0,0.0
736703,上櫃,2.0,2.55,139.0
736704,上櫃,0.0,0.0,0.0
736705,上櫃,0.0,0.0,0.0
736706,上櫃,0.0,0.0,0.0
736707,上櫃,11.7,11.7,1.0
736708,上櫃,0.0,0.0,0.0
736709,上櫃,0.0,0.0,0.0
736710,上櫃,0.0,0.0,0.0
736711,上櫃,0.0,0.0,0.0
736712,上櫃,0.0,0.0,0.0
736713,上櫃,0.0,0.0,0.0
736714,上櫃,0.0,0.0,0.0
736715,上櫃,0.0,0.0,0.0
736716,上櫃,0.12,0.1,250.0
736717,上櫃,4.74,4.67,20.0
736718,上櫃,0.0,0.0,0.0
736719,上櫃,0.0,0.0,0.0
736720,上櫃,0.0,0.0,0.0
736721,上櫃,0.0,0.0,0.0
736722,上櫃,0.0,0.0,0.0
736723,上櫃,0.0,0.0,0.0
736724,上櫃,0.0,0.0,0.0
736725,上櫃,0.0,0.0,0.0
736726,上櫃,0.0,0.0,0.0
736727,上櫃,0.0,0.0,0.0
736728,上櫃,0.0,0.0,0.0
736729,上櫃,0.0,0.0,0.0
736730,上櫃,0.0,0.0,0.0
736731,上櫃,6.15,6.15,20.0
736732,上櫃,0.0,0.0,0.0
736733,上櫃,0.0,0.0,0.0
736734,上櫃,0.0,0.0,0.0
736735,上櫃,0.25,0.25,10.0
736736,上櫃,0.37,0.37,941.0
736737,上櫃,0.39,0.4,852.0
736738,上櫃,0.29,0.29,50.0
736739,上櫃,0.38,0.38,285.0
736740,上櫃,0.52,0.5,197.0
736741,上櫃,0.45,0.45,114.0
736742,上櫃,0.0,0.0,0.0
736743,上櫃,0.0,0.0,0.0
736744,上櫃,0.05,0.05,1.0
736745,上櫃,0.0,0.0,0.0
736746,上櫃,0.16,0.18,27.0
736747,上櫃,0.0,0.0,0.0
736748,上櫃,0.12,0.12,35.0
736749,上櫃,0.0,0.0,0.0
736750,上櫃,0.35,0.36,788.0
736751,上櫃,0.0,0.0,0.0
736752,上櫃,0.0,0.0,0.0
736753,上櫃,0.02,0.02,30.0
736754,上櫃,0.0,0.0,0.0
736755,上櫃,0.26,0.31,270.0
736756,上櫃,0.0,0.0,0.0
736757,上櫃,0.0,0.0,0.0
736758,上櫃,0.0,0.0,0.0
736759,上櫃,0.0,0.0,0.0
736760,上櫃,0.0,0.0,0.0
736761,上櫃,0.0,0.0,0.0
736762,上櫃,0.0,0.0,0.0
736763,上櫃,0.0,0.0,0.0
736764,上櫃,0.0,0.0,0.0
736765,上櫃,0.92,1.25,137.0
736766,上櫃,0.0,0.0,0.0
736767,上櫃,0.0,0.0,0.0
736768,上櫃,0.0,0.0,0.0
736769,上櫃,0.0,0.0,0.0
736770,上櫃,0.0,0.0,0.0
736771,上櫃,0.0,0.0,0.0
736772,上櫃,0.59,0.7,172.0
736773,上櫃,0.0,0.0,0.0
736774,上櫃,0.0,0.0,0.0
736775,上櫃,0.0,0.0,0.0
736776,上櫃,0.0,0.0,0.0
736777,上櫃,0.0,0.0,0.0
736778,上櫃,0.0,0.0,0.0
736779,上櫃,0.0,0.0,0.0
736780,上櫃,0.27,0.27,1.0
736781,上櫃,0.0,0.0,0.0
736782,上櫃,0.0,0.0,0.0
736783,上櫃,0.0,0.0,0.0
736784,上櫃,0.0,0.0,0.0
736785,上櫃,0.26,0.26,1.0
736786,上櫃,0.4,0.38,13.0
736787,上櫃,0.0,0.0,0.0
736788,上櫃,0.0,0.0,0.0
736789,上櫃,0.0,0.0,0.0
736790,上櫃,0.0,0.0,0.0
736791,上櫃,0.0,0.0,0.0
736792,上櫃,1.13,1.16,73.0
736793,上櫃,0.44,0.44,63.0
736794,上櫃,1.1,1.15,94.0
736795,上櫃,0.0,0.0,0.0
736796,上櫃,0.66,0.81,647.0
736797,上櫃,0.0,0.0,0.0
736798,上櫃,0.0,0.0,0.0
736799,上櫃,0.0,0.0,0.0
736800,上櫃,0.0,0.0,0.0
736801,上櫃,0.08,0.08,5.0
736802,上櫃,4.33,4.33,10.0
736803,上櫃,0.18,0.18,30.0
736804,上櫃,3.23,3.96,16.0
736805,上櫃,0.0,0.0,0.0
736806,上櫃,0.0,0.0,0.0
736807,上櫃,0.0,0.0,0.0
736808,上櫃,0.0,0.0,0.0
736809,上櫃,0.0,0.0,0.0
736810,上櫃,0.0,0.0,0.0
736811,上櫃,0.0,0.0,0.0
736812,上櫃,0.0,0.0,0.0
736813,上櫃,0.0,0.0,0.0
736814,上櫃,0.0,0.0,0.0
736815,上櫃,0.0,0.0,0.0
736816,上櫃,0.0,0.0,0.0
736817,上櫃,0.1,0.11,110.0
736818,上櫃,0.0,0.0,0.0
736819,上櫃,4.64,4.64,10.0
736820,上櫃,0.0,0.0,0.0
736821,上櫃,1.04,1.06,32.0
736822,上櫃,0.0,0.0,0.0
736823,上櫃,0.0,0.0,0.0
736824,上櫃,0.0,0.0,0.0
736825,上櫃,0.0,0.0,0.0
736826,上櫃,0.0,0.0,0.0
736827,上櫃,0.0,0.0,0.0
736828,上櫃,0.0,0.0,0.0
736829,上櫃,0.38,0.38,253.0
736830,上櫃,0.0,0.0,0.0
736831,上櫃,0.0,0.0,0.0
736832,上櫃,0.0,0.0,0.0
736833,上櫃,0.05,0.05,1131.0
736834,上櫃,1.07,1.08,31.0
736835,上櫃,0.0,0.0,0.0
736836,上櫃,0.0,0.0,0.0
736837,上櫃,0.0,0.0,0.0
736838,上櫃,6.05,6.05,20.0
736839,上櫃,0.0,0.0,0.0
736840,上櫃,0.0,0.0,0.0
736841,上櫃,2.17,1.93,156.0
736842,上櫃,0.0,0.0,0.0
736843,上櫃,1.89,1.89,10.0
736844,上櫃,0.0,0.0,0.0
736845,上櫃,0.0,0.0,0.0
736846,上櫃,0.0,0.0,0.0
736847,上櫃,0.0,0.0,0.0
736848,上櫃,0.32,0.32,3.0
736849,上櫃,0.0,0.0,0.0
736850,上櫃,0.0,0.0,0.0
736851,上櫃,0.0,0.0,0.0
736852,上櫃,2.11,2.44,454.0
736853,上櫃,0.0,0.0,0.0
736854,上櫃,0.0,0.0,0.0
736855,上櫃,4.79,4.6,20.0
736856,上櫃,0.0,0.0,0.0
736857,上櫃,0.0,0.0,0.0
736858,上櫃,0.0,0.0,0.0
736859,上櫃,0.0,0.0,0.0
736860,上櫃,0.0,0.0,0.0
736861,上櫃,0.0,0.0,0.0
736862,上櫃,0.0,0.0,0.0
736863,上櫃,0.12,0.12,60.0
736864,上櫃,4.15,3.89,22.0
736865,上櫃,0.0,0.0,0.0
736866,上櫃,0.0,0.0,0.0
736867,上櫃,0.0,0.0,0.0
736868,上櫃,0.0,0.0,0.0
736869,上櫃,0.0,0.0,0.0
736870,上櫃,0.0,0.0,0.0
736871,上櫃,0.0,0.0,0.0
736872,上櫃,0.0,0.0,0.0
736873,上櫃,0.0,0.0,0.0
736874,上櫃,0.0,0.0,0.0
736875,上櫃,0.0,0.0,0.0
736876,上櫃,0.28,0.28,150.0
736877,上櫃,0.0,0.0,0.0
736878,上櫃,0.0,0.0,0.0
736879,上櫃,0.1,0.1,10.0
736880,上櫃,0.0,0.0,0.0
736881,上櫃,0.05,0.05,24.0
736882,上櫃,0.0,0.0,0.0
736883,上櫃,0.0,0.0,0.0
736884,上櫃,0.0,0.0,0.0
736885,上櫃,0.11,0.11,5.0
736886,上櫃,0.0,0.0,0.0
736887,上櫃,0.18,0.19,133.0
736888,上櫃,0.0,0.0,0.0
736889,上櫃,0.0,0.0,0.0
736890,上櫃,0.0,0.0,0.0
736891,上櫃,0.0,0.0,0.0
736892,上櫃,0.0,0.0,0.0
736893,上櫃,0.91,1.13,243.0
736894,上櫃,0.0,0.0,0.0
736895,上櫃,1.79,1.69,33.0
736896,上櫃,0.0,0.0,0.0
736897,上櫃,0.0,0.0,0.0
736898,上櫃,0.0,0.0,0.0
736899,上櫃,0.0,0.0,0.0
736900,上櫃,0.0,0.0,0.0
736901,上櫃,0.49,0.49,370.0
736902,上櫃,0.0,0.0,0.0
736903,上櫃,2.82,2.82,10.0
736904,上櫃,0.62,0.63,3.0
736905,上櫃,0.0,0.0,0.0
736906,上櫃,2.3,2.3,10.0
736907,上櫃,0.0,0.0,0.0
736908,上櫃,0.0,0.0,0.0
736909,上櫃,0.0,0.0,0.0
736910,上櫃,0.0,0.0,0.0
736911,上櫃,0.0,0.0,0.0
736912,上櫃,0.0,0.0,0.0
736913,上櫃,0.0,0.0,0.0
736914,上櫃,0.0,0.0,0.0
736915,上櫃,0.0,0.0,0.0
736916,上櫃,0.0,0.0,0.0
736917,上櫃,0.0,0.0,0.0
736918,上櫃,0.0,0.0,0.0
736919,上櫃,0.0,0.0,0.0
736920,上櫃,0.21,0.2,231.0
736921,上櫃,0.0,0.0,0.0
736922,上櫃,1.86,1.85,4.0
736923,上櫃,0.0,0.0,0.0
736924,上櫃,0.32,0.32,152.0
736925,上櫃,0.24,0.24,4.0
736926,上櫃,0.37,0.62,1247.0
736927,上櫃,0.0,0.0,0.0
736928,上櫃,0.0,0.0,0.0
736929,上櫃,1.86,1.86,2.0
736930,上櫃,0.71,0.79,617.0
736931,上櫃,0.0,0.0,0.0
736932,上櫃,0.0,0.0,0.0
736933,上櫃,0.0,0.0,0.0
736934,上櫃,3.32,3.28,54.0
736935,上櫃,0.0,0.0,0.0
736936,上櫃,1.33,1.33,3.0
736937,上櫃,0.0,0.0,0.0
736938,上櫃,0.0,0.0,0.0
736939,上櫃,0.0,0.0,0.0
736940,上櫃,0.0,0.0,0.0
736941,上櫃,0.0,0.0,0.0
736942,上櫃,0.0,0.0,0.0
736943,上櫃,1.37,1.73,53.0
736944,上櫃,0.44,0.44,30.0
736945,上櫃,0.0,0.0,0.0
736946,上櫃,0.0,0.0,0.0
736947,上櫃,0.0,0.0,0.0
736948,上櫃,0.0,0.0,0.0
736949,上櫃,0.0,0.0,0.0
736950,上櫃,0.0,0.0,0.0
736951,上櫃,1.19,1.66,230.0
736952,上櫃,0.0,0.0,0.0
736953,上櫃,0.0,0.0,0.0
736954,上櫃,0.0,0.0,0.0
736955,上櫃,0.0,0.0,0.0
736956,上櫃,0.0,0.0,0.0
736957,上櫃,0.0,0.0,0.0
736958,上櫃,0.0,0.0,0.0
736959,上櫃,0.0,0.0,0.0
736960,上櫃,0.0,0.0,0.0
736961,上櫃,0.0,0.0,0.0
736962,上櫃,0.0,0.0,0.0
736963,上櫃,0.0,0.0,0.0
736964,上櫃,8.35,8.35,1.0
736965,上櫃,0.0,0.0,0.0
736966,上櫃,0.0,0.0,0.0
736967,上櫃,0.0,0.0,0.0
736968,上櫃,0.0,0.0,0.0
736969,上櫃,0.0,0.0,0.0
736970,上櫃,0.0,0.0,0.0
736971,上櫃,0.12,0.13,17.0
736972,上櫃,1.17,1.07,89.0
736973,上櫃,0.0,0.0,0.0
736974,上櫃,0.0,0.0,0.0
736975,上櫃,0.0,0.0,0.0
736976,上櫃,0.0,0.0,0.0
736977,上櫃,0.0,0.0,0.0
736978,上櫃,3.09,3.37,142.0
736979,上櫃,0.0,0.0,0.0
736980,上櫃,2.35,2.35,20.0
736981,上櫃,0.0,0.0,0.0
736982,上櫃,3.18,2.86,219.0
736983,上櫃,0.0,0.0,0.0
736984,上櫃,4.25,4.0,14.0
736985,上櫃,0.0,0.0,0.0
736986,上櫃,0.0,0.0,0.0
736987,上櫃,1.69,1.69,10.0
736988,上櫃,0.0,0.0,0.0
736989,上櫃,0.46,0.68,165.0
736990,上櫃,0.0,0.0,0.0
736991,上櫃,0.0,0.0,0.0
736992,上櫃,1.94,1.76,7.0
736993,上櫃,0.31,0.61,777.0
736994,上櫃,0.67,0.75,805.0
736995,上櫃,0.0,0.0,0.0
736996,上櫃,0.0,0.0,0.0
736997,上櫃,1.13,1.04,126.0
736998,上櫃,0.88,1.03,80.0
736999,上櫃,2.32,2.32,13.0
737000,上櫃,0.0,0.0,0.0
737001,上櫃,0.08,0.08,200.0
737002,上櫃,0.11,0.11,999.0
737003,上櫃,0.0,0.0,0.0
737004,上櫃,0.0,0.0,0.0
737005,上櫃,0.0,0.0,0.0
737006,上櫃,0.0,0.0,0.0
737007,上櫃,0.0,0.0,0.0
737008,上櫃,0.0,0.0,0.0
737009,上櫃,0.43,0.43,98.0
737010,上櫃,0.0,0.0,0.0
737011,上櫃,1.7,1.7,20.0
737012,上櫃,0.0,0.0,0.0
737013,上櫃,0.0,0.0,0.0
737014,上櫃,0.0,0.0,0.0
737015,上櫃,0.97,1.04,84.0
737016,上櫃,0.0,0.0,0.0
737017,上櫃,0.0,0.0,0.0
737018,上櫃,0.0,0.0,0.0
737019,上櫃,3.93,3.4,66.0
737020,上櫃,0.0,0.0,0.0
737021,上櫃,0.0,0.0,0.0
737022,上櫃,0.0,0.0,0.0
737023,上櫃,0.0,0.0,0.0
737024,上櫃,0.0,0.0,0.0
737025,上櫃,0.0,0.0,0.0
737026,上櫃,0.0,0.0,0.0
737027,上櫃,4.89,4.89,10.0
737028,上櫃,0.0,0.0,0.0
737029,上櫃,0.0,0.0,0.0
737030,上櫃,0.0,0.0,0.0
737031,上櫃,0.0,0.0,0.0
737032,上櫃,0.0,0.0,0.0
737033,上櫃,0.0,0.0,0.0
737034,上櫃,0.5,0.63,156.0
737035,上櫃,0.0,0.0,0.0
737036,上櫃,0.0,0.0,0.0
737037,上櫃,0.0,0.0,0.0
737038,上櫃,0.0,0.0,0.0
737039,上櫃,0.0,0.0,0.0
737040,上櫃,0.91,1.05,86.0
737041,上櫃,0.71,0.92,512.0
737042,上櫃,0.66,0.84,8.0
737043,上櫃,0.0,0.0,0.0
737044,上櫃,0.04,0.05,210.0
737045,上櫃,0.0,0.0,0.0
737046,上櫃,0.07,0.07,350.0
737047,上櫃,0.0,0.0,0.0
737048,上櫃,0.0,0.0,0.0
737049,上櫃,0.0,0.0,0.0
737050,上櫃,0.0,0.0,0.0
737051,上櫃,0.35,0.35,10.0
737052,上櫃,2.74,3.06,152.0
737053,上櫃,3.11,2.64,165.0
737054,上櫃,0.0,0.0,0.0
737055,上櫃,0.0,0.0,0.0
737056,上櫃,0.0,0.0,0.0
737057,上櫃,0.0,0.0,0.0
737058,上櫃,1.26,1.59,727.0
737059,上櫃,0.48,0.48,5.0
737060,上櫃,0.0,0.0,0.0
737061,上櫃,0.0,0.0,0.0
737062,上櫃,0.0,0.0,0.0
737063,上櫃,0.0,0.0,0.0
737064,上櫃,0.0,0.0,0.0
737065,上櫃,0.11,0.09,414.0
737066,上櫃,0.0,0.0,0.0
737067,上櫃,0.0,0.0,0.0
737068,上櫃,0.87,1.35,160.0
737069,上櫃,0.17,0.17,100.0
737070,上櫃,0.39,0.4,358.0
737071,上櫃,0.72,0.73,53.0
737072,上櫃,0.0,0.0,0.0
737073,上櫃,0.0,0.0,0.0
737074,上櫃,0.0,0.0,0.0
737075,上櫃,0.8,0.82,30.0
737076,上櫃,0.0,0.0,0.0
737077,上櫃,0.0,0.0,0.0
737078,上櫃,0.0,0.0,0.0
737079,上櫃,0.0,0.0,0.0
737080,上櫃,0.36,0.35,622.0
737081,上櫃,0.76,0.65,345.0
737082,上櫃,0.0,0.0,0.0
737083,上櫃,0.0,0.0,0.0
737084,上櫃,0.0,0.0,0.0
737085,上櫃,0.6,0.6,1.0
737086,上櫃,0.0,0.0,0.0
737087,上櫃,0.1,0.08,1442.0
737088,上櫃,2.14,2.14,10.0
737089,上櫃,0.0,0.0,0.0
737090,上櫃,1.36,1.27,16.0
737091,上櫃,1.33,1.33,20.0
737092,上櫃,0.0,0.0,0.0
737093,上櫃,0.0,0.0,0.0
737094,上櫃,0.0,0.0,0.0
737095,上櫃,0.0,0.0,0.0
737096,上櫃,0.0,0.0,0.0
737097,上櫃,0.0,0.0,0.0
737098,上櫃,0.0,0.0,0.0
737099,上櫃,3.91,4.48,86.0
737100,上櫃,0.0,0.0,0.0
737101,上櫃,1.12,1.12,12.0
737102,上櫃,0.0,0.0,0.0
737103,上櫃,0.4,0.85,230.0
737104,上櫃,0.0,0.0,0.0
737105,上櫃,0.0,0.0,0.0
737106,上櫃,3.47,3.44,24.0
737107,上櫃,0.0,0.0,0.0
737108,上櫃,0.0,0.0,0.0
737109,上櫃,0.0,0.0,0.0
737110,上櫃,6.5,6.35,35.0
737111,上櫃,0.0,0.0,0.0
737112,上櫃,0.0,0.0,0.0
737113,上櫃,0.0,0.0,0.0
737114,上櫃,0.0,0.0,0.0
737115,上櫃,0.0,0.0,0.0
737116,上櫃,0.0,0.0,0.0
737117,上櫃,0.0,0.0,0.0
737118,上櫃,0.0,0.0,0.0
737119,上櫃,1.03,1.03,10.0
737120,上櫃,2.54,2.24,274.0
737121,上櫃,0.27,0.2,138.0
737122,上櫃,0.0,0.0,0.0
737123,上櫃,0.0,0.0,0.0
737124,上櫃,0.0,0.0,0.0
737125,上櫃,0.0,0.0,0.0
737126,上櫃,0.0,0.0,0.0
737127,上櫃,3.85,3.85,1.0
737128,上櫃,0.0,0.0,0.0
737129,上櫃,0.0,0.0,0.0
737130,上櫃,0.0,0.0,0.0
737131,上櫃,2.5,2.38,35.0
737132,上櫃,0.0,0.0,0.0
737133,上櫃,1.41,1.4,10.0
737134,上櫃,0.0,0.0,0.0
737135,上櫃,0.0,0.0,0.0
737136,上櫃,0.0,0.0,0.0
737137,上櫃,0.0,0.0,0.0
737138,上櫃,0.0,0.0,0.0
737139,上櫃,0.0,0.0,0.0
737140,上櫃,0.0,0.0,0.0
737141,上櫃,0.0,0.0,0.0
737142,上櫃,0.0,0.0,0.0
737143,上櫃,0.49,0.49,30.0
737144,上櫃,0.0,0.0,0.0
737145,上櫃,0.0,0.0,0.0
737146,上櫃,0.0,0.0,0.0
737147,上櫃,3.57,3.4,84.0
737148,上櫃,0.0,0.0,0.0
737149,上櫃,0.0,0.0,0.0
737150,上櫃,0.97,0.95,204.0
737151,上櫃,0.0,0.0,0.0
737152,上櫃,0.0,0.0,0.0
737153,上櫃,0.0,0.0,0.0
737154,上櫃,0.34,0.34,192.0
737155,上櫃,0.0,0.0,0.0
737156,上櫃,0.75,0.83,680.0
737157,上櫃,0.0,0.0,0.0
737158,上櫃,0.0,0.0,0.0
737159,上櫃,0.41,0.43,117.0
737160,上櫃,0.31,0.31,32.0
737161,上櫃,1.87,1.82,30.0
737162,上櫃,1.32,1.27,66.0
737163,上櫃,0.0,0.0,0.0
737164,上櫃,0.53,0.65,717.0
737165,上櫃,0.9,1.07,1772.0
737166,上櫃,0.0,0.0,0.0
737167,上櫃,0.0,0.0,0.0
737168,上櫃,0.0,0.0,0.0
737169,上櫃,3.77,3.81,2249.0
737170,上櫃,0.0,0.0,0.0
737171,上櫃,0.0,0.0,0.0
737172,上櫃,0.43,0.41,124.0
737173,上櫃,0.0,0.0,0.0
737174,上櫃,0.0,0.0,0.0
737175,上櫃,3.27,3.3,14.0
737176,上櫃,0.0,0.0,0.0
737177,上櫃,3.22,3.22,10.0
737178,上櫃,0.0,0.0,0.0
737179,上櫃,0.0,0.0,0.0
737180,上櫃,0.0,0.0,0.0
737181,上櫃,0.0,0.0,0.0
737182,上櫃,0.0,0.0,0.0
737183,上櫃,0.0,0.0,0.0
737184,上櫃,0.0,0.0,0.0
737185,上櫃,0.0,0.0,0.0
737186,上櫃,0.0,0.0,0.0
737187,上櫃,1.28,1.44,82.0
737188,上櫃,0.33,0.33,161.0
737189,上櫃,0.0,0.0,0.0
737190,上櫃,0.06,0.07,200.0
737191,上櫃,0.0,0.0,0.0
737192,上櫃,0.0,0.0,0.0
737193,上櫃,0.0,0.0,0.0
737194,上櫃,0.01,0.02,998.0
737195,上櫃,0.0,0.0,0.0
737196,上櫃,0.0,0.0,0.0
737197,上櫃,1.97,1.97,396.0
737198,上櫃,0.0,0.0,0.0
737199,上櫃,0.46,0.46,1.0
737200,上櫃,0.65,0.52,356.0
737201,上櫃,0.0,0.0,0.0
737202,上櫃,0.0,0.0,0.0
737203,上櫃,0.0,0.0,0.0
737204,上櫃,1.69,1.69,8.0
737205,上櫃,0.44,0.44,159.0
737206,上櫃,0.83,0.58,14.0
737207,上櫃,0.0,0.0,0.0
737208,上櫃,0.0,0.0,0.0
737209,上櫃,0.0,0.0,0.0
737210,上櫃,0.57,0.53,209.0
737211,上櫃,0.0,0.0,0.0
737212,上櫃,0.0,0.0,0.0
737213,上櫃,0.0,0.0,0.0
737214,上櫃,1.53,1.55,122.0
737215,上櫃,0.0,0.0,0.0
737216,上櫃,0.33,0.31,156.0
737217,上櫃,0.0,0.0,0.0
737218,上櫃,0.35,0.34,134.0
737219,上櫃,0.0,0.0,0.0
737220,上櫃,0.41,0.3,681.0
737221,上櫃,0.0,0.0,0.0
737222,上櫃,0.73,0.73,25.0
737223,上櫃,0.0,0.0,0.0
737224,上櫃,0.18,0.18,100.0
737225,上櫃,0.0,0.0,0.0
737226,上櫃,0.0,0.0,0.0
737227,上櫃,0.0,0.0,0.0
737228,上櫃,0.0,0.0,0.0
737229,上櫃,0.59,0.58,258.0
737230,上櫃,0.0,0.0,0.0
737231,上櫃,0.0,0.0,0.0
737232,上櫃,0.0,0.0,0.0
737233,上櫃,0.0,0.0,0.0
737234,上櫃,0.67,0.76,1242.0
737235,上櫃,0.0,0.0,0.0
737236,上櫃,0.0,0.0,0.0
737237,上櫃,0.0,0.0,0.0
737238,上櫃,0.0,0.0,0.0
737239,上櫃,1.04,1.49,185.0
737240,上櫃,0.0,0.0,0.0
737241,上櫃,0.0,0.0,0.0
737242,上櫃,13.4,15.0,11.0
737243,上櫃,0.0,0.0,0.0
737244,上櫃,1.58,1.71,32.0
737245,上櫃,0.0,0.0,0.0
737246,上櫃,2.03,2.03,10.0
737247,上櫃,0.0,0.0,0.0
737248,上櫃,0.0,0.0,0.0
737249,上櫃,1.5,2.1,46.0
737250,上櫃,0.0,0.0,0.0
737251,上櫃,0.75,0.84,614.0
737252,上櫃,0.0,0.0,0.0
737253,上櫃,0.0,0.0,0.0
737254,上櫃,0.0,0.0,0.0
737255,上櫃,0.0,0.0,0.0
737256,上櫃,0.0,0.0,0.0
737257,上櫃,0.48,0.48,56.0
737258,上櫃,0.0,0.0,0.0
737259,上櫃,0.0,0.0,0.0
737260,上櫃,0.0,0.0,0.0
737261,上櫃,0.53,0.53,25.0
737262,上櫃,0.0,0.0,0.0
737263,上櫃,0.13,0.13,2.0
737264,上櫃,0.0,0.0,0.0
737265,上櫃,4.7,4.7,23.0
737266,上櫃,0.0,0.0,0.0
737267,上櫃,1.3,1.33,65.0
737268,上櫃,0.0,0.0,0.0
737269,上櫃,0.0,0.0,0.0
737270,上櫃,1.91,1.87,515.0
737271,上櫃,0.0,0.0,0.0
737272,上櫃,0.63,0.52,92.0
737273,上櫃,0.0,0.0,0.0
737274,上櫃,0.0,0.0,0.0
737275,上櫃,0.0,0.0,0.0
737276,上櫃,0.0,0.0,0.0
737277,上櫃,0.0,0.0,0.0
737278,上櫃,0.0,0.0,0.0
737279,上櫃,0.0,0.0,0.0
737280,上櫃,0.0,0.0,0.0
737281,上櫃,0.0,0.0,0.0
737282,上櫃,0.0,0.0,0.0
737283,上櫃,0.0,0.0,0.0
737284,上櫃,0.2,0.2,10.0
737285,上櫃,0.0,0.0,0.0
737286,上櫃,0.89,0.89,50.0
737287,上櫃,0.0,0.0,0.0
737288,上櫃,0.25,0.25,1.0
737289,上櫃,0.0,0.0,0.0
737290,上櫃,0.0,0.0,0.0
737291,上櫃,0.0,0.0,0.0
737292,上櫃,0.57,0.56,698.0
737293,上櫃,0.0,0.0,0.0
737294,上櫃,3.6,4.27,158.0
737295,上櫃,3.84,4.21,49.0
737296,上櫃,0.0,0.0,0.0
737297,上櫃,0.0,0.0,0.0
737298,上櫃,0.0,0.0,0.0
737299,上櫃,0.0,0.0,0.0
737300,上櫃,0.0,0.0,0.0
737301,上櫃,0.0,0.0,0.0
737302,上櫃,0.0,0.0,0.0
737303,上櫃,2.5,2.38,191.0
737304,上櫃,1.85,1.95,19.0
737305,上櫃,0.0,0.0,0.0
737306,上櫃,0.29,0.3,3.0
737307,上櫃,0.0,0.0,0.0
737308,上櫃,0.0,0.0,0.0
737309,上櫃,3.15,3.15,600.0
737310,上櫃,2.39,2.39,2.0
737311,上櫃,0.0,0.0,0.0
737312,上櫃,0.0,0.0,0.0
737313,上櫃,1.79,1.94,22.0
737314,上櫃,0.78,0.78,34.0
737315,上櫃,0.0,0.0,0.0
737316,上櫃,0.0,0.0,0.0
737317,上櫃,4.6,4.6,2.0
737318,上櫃,0.0,0.0,0.0
737319,上櫃,0.0,0.0,0.0
737320,上櫃,0.09,0.09,50.0
737321,上櫃,1.0,1.0,16.0
737322,上櫃,1.71,1.65,434.0
737323,上櫃,0.0,0.0,0.0
737324,上櫃,0.59,0.62,257.0
737325,上櫃,0.0,0.0,0.0
737326,上櫃,0.0,0.0,0.0
737327,上櫃,0.0,0.0,0.0
737328,上櫃,0.0,0.0,0.0
737329,上櫃,0.0,0.0,0.0
737330,上櫃,0.14,0.17,41.0
737331,上櫃,0.0,0.0,0.0
737332,上櫃,1.68,1.68,20.0
737333,上櫃,0.33,0.46,959.0
737334,上櫃,0.59,0.59,42.0
737335,上櫃,0.68,0.68,23.0
737336,上櫃,1.27,1.27,30.0
737337,上櫃,0.0,0.0,0.0
737338,上櫃,0.24,0.22,177.0
737339,上櫃,0.0,0.0,0.0
737340,上櫃,0.0,0.0,0.0
737341,上櫃,0.0,0.0,0.0
737342,上櫃,0.0,0.0,0.0
737343,上櫃,2.79,2.55,104.0
737344,上櫃,0.0,0.0,0.0
737345,上櫃,0.0,0.0,0.0
737346,上櫃,0.0,0.0,0.0
737347,上櫃,0.0,0.0,0.0
737348,上櫃,0.0,0.0,0.0
737349,上櫃,4.26,4.26,80.0
737350,上櫃,3.15,3.03,100.0
737351,上櫃,0.0,0.0,0.0
737352,上櫃,0.0,0.0,0.0
737353,上櫃,0.0,0.0,0.0
737354,上櫃,0.0,0.0,0.0
737355,上櫃,0.64,1.02,581.0
737356,上櫃,1.27,1.64,781.0
737357,上櫃,0.4,0.34,231.0
737358,上櫃,0.0,0.0,0.0
737359,上櫃,0.0,0.0,0.0
737360,上櫃,0.0,0.0,0.0
737361,上櫃,0.0,0.0,0.0
737362,上櫃,0.0,0.0,0.0
737363,上櫃,0.0,0.0,0.0
737364,上櫃,9.8,9.3,50.0
737365,上櫃,0.0,0.0,0.0
737366,上櫃,0.0,0.0,0.0
737367,上櫃,0.0,0.0,0.0
737368,上櫃,0.46,0.56,344.0
737369,上櫃,0.0,0.0,0.0
737370,上櫃,0.0,0.0,0.0
737371,上櫃,0.0,0.0,0.0
737372,上櫃,0.16,0.15,115.0
737373,上櫃,0.0,0.0,0.0
737374,上櫃,11.5,10.0,7.0
737375,上櫃,0.0,0.0,0.0
737376,上櫃,0.0,0.0,0.0
737377,上櫃,0.0,0.0,0.0
737378,上櫃,0.0,0.0,0.0
737379,上櫃,0.0,0.0,0.0
737380,上櫃,0.0,0.0,0.0
737381,上櫃,0.0,0.0,0.0
737382,上櫃,0.0,0.0,0.0
737383,上櫃,0.0,0.0,0.0
737384,上櫃,0.0,0.0,0.0
737385,上櫃,5.4,5.4,1.0
737386,上櫃,0.0,0.0,0.0
737387,上櫃,2.86,2.86,2.0
737388,上櫃,0.0,0.0,0.0
737389,上櫃,0.17,0.19,1192.0
737390,上櫃,0.13,0.13,90.0
737391,上櫃,0.98,1.15,130.0
737392,上櫃,0.0,0.0,0.0
737393,上櫃,0.3,0.3,245.0
737394,上櫃,0.0,0.0,0.0
737395,上櫃,0.39,0.38,275.0
737396,上櫃,0.3,0.3,16.0
737397,上櫃,0.0,0.0,0.0
737398,上櫃,0.0,0.0,0.0
737399,上櫃,0.43,0.4,1324.0
737400,上櫃,0.0,0.0,0.0
737401,上櫃,0.0,0.0,0.0
737402,上櫃,0.0,0.0,0.0
737403,上櫃,0.0,0.0,0.0
737404,上櫃,3.96,4.58,259.0
737405,上櫃,0.0,0.0,0.0
737406,上櫃,0.0,0.0,0.0
737407,上櫃,0.0,0.0,0.0
737408,上櫃,0.0,0.0,0.0
737409,上櫃,0.0,0.0,0.0
737410,上櫃,0.26,0.28,31.0
737411,上櫃,0.0,0.0,0.0
737412,上櫃,0.0,0.0,0.0
737413,上櫃,0.0,0.0,0.0
737414,上櫃,0.0,0.0,0.0
737415,上櫃,0.0,0.0,0.0
737416,上櫃,1.58,1.58,2.0
737417,上櫃,0.0,0.0,0.0
737418,上櫃,0.0,0.0,0.0
737419,上櫃,0.0,0.0,0.0
737420,上櫃,0.0,0.0,0.0
737421,上櫃,0.0,0.0,0.0
737422,上櫃,1.2,1.37,32.0
737423,上櫃,1.09,1.8,356.0
737424,上櫃,6.65,6.5,36.0
737425,上櫃,0.0,0.0,0.0
737426,上櫃,0.75,1.13,746.0
737427,上櫃,0.0,0.0,0.0
737428,上櫃,0.0,0.0,0.0
737429,上櫃,2.09,2.09,25.0
737430,上櫃,0.0,0.0,0.0
737431,上櫃,0.91,0.87,24.0
737432,上櫃,0.0,0.0,0.0
737433,上櫃,0.0,0.0,0.0
737434,上櫃,0.0,0.0,0.0
737435,上櫃,0.0,0.0,0.0
737436,上櫃,0.0,0.0,0.0
737437,上櫃,0.0,0.0,0.0
737438,上櫃,0.55,0.9,182.0
737439,上櫃,0.0,0.0,0.0
737440,上櫃,2.0,2.24,22.0
737441,上櫃,3.9,3.9,10.0
737442,上櫃,0.0,0.0,0.0
737443,上櫃,0.0,0.0,0.0
737444,上櫃,0.0,0.0,0.0
737445,上櫃,0.0,0.0,0.0
737446,上櫃,5.2,4.93,12.0
737447,上櫃,0.0,0.0,0.0
737448,上櫃,0.0,0.0,0.0
737449,上櫃,0.0,0.0,0.0
737450,上櫃,0.0,0.0,0.0
737451,上櫃,0.0,0.0,0.0
737452,上櫃,0.0,0.0,0.0
737453,上櫃,0.0,0.0,0.0
737454,上櫃,0.0,0.0,0.0
737455,上櫃,0.0,0.0,0.0
737456,上櫃,0.0,0.0,0.0
737457,上櫃,0.0,0.0,0.0
737458,上櫃,0.0,0.0,0.0
737459,上櫃,0.0,0.0,0.0
737460,上櫃,0.0,0.0,0.0
737461,上櫃,0.0,0.0,0.0
737462,上櫃,0.0,0.0,0.0
737463,上櫃,0.0,0.0,0.0
737464,上櫃,1.94,1.94,10.0
737465,上櫃,0.0,0.0,0.0
737466,上櫃,0.0,0.0,0.0
737467,上櫃,0.0,0.0,0.0
737468,上櫃,1.62,1.62,6.0
737469,上櫃,0.94,1.36,15.0
737470,上櫃,0.0,0.0,0.0
737471,上櫃,0.26,0.26,5.0
737472,上櫃,0.0,0.0,0.0
737473,上櫃,0.0,0.0,0.0
737474,上櫃,0.58,0.58,50.0
737475,上櫃,3.98,4.25,20.0
737476,上櫃,0.0,0.0,0.0
737477,上櫃,0.12,0.12,200.0
737478,上櫃,0.0,0.0,0.0
737479,上櫃,6.15,6.15,1.0
737480,上櫃,1.73,1.7,94.0
737481,上櫃,0.0,0.0,0.0
737482,上櫃,0.2,0.2,160.0
737483,上櫃,0.0,0.0,0.0
737484,上櫃,0.43,0.43,10.0
737485,上櫃,0.0,0.0,0.0
737486,上櫃,1.08,1.45,21.0
737487,上櫃,2.81,3.75,133.0
737488,上櫃,0.0,0.0,0.0
737489,上櫃,0.0,0.0,0.0
737490,上櫃,0.85,0.79,260.0
737491,上櫃,1.03,1.12,293.0
737492,上櫃,0.0,0.0,0.0
737493,上櫃,2.54,2.27,26.0
737494,上櫃,0.0,0.0,0.0
737495,上櫃,0.71,0.72,158.0
737496,上櫃,0.57,0.67,45.0
737497,上櫃,0.0,0.0,0.0
737498,上櫃,5.5,5.25,8.0
737499,上櫃,2.96,2.89,62.0
737500,上櫃,0.0,0.0,0.0
737501,上櫃,0.0,0.0,0.0
737502,上櫃,0.0,0.0,0.0
737503,上櫃,0.0,0.0,0.0
737504,上櫃,0.0,0.0,0.0
737505,上櫃,0.0,0.0,0.0
737506,上櫃,0.0,0.0,0.0
737507,上櫃,3.31,3.12,5.0
737508,上櫃,2.94,3.65,14.0
737509,上櫃,3.9,3.93,19.0
737510,上櫃,0.0,0.0,0.0
737511,上櫃,0.0,0.0,0.0
737512,上櫃,1.71,1.71,5.0
737513,上櫃,0.0,0.0,0.0
737514,上櫃,0.0,0.0,0.0
737515,上櫃,0.0,0.0,0.0
737516,上櫃,0.0,0.0,0.0
737517,上櫃,0.83,0.85,14.0
737518,上櫃,0.0,0.0,0.0
737519,上櫃,0.0,0.0,0.0
737520,上櫃,3.16,3.09,19.0
737521,上櫃,0.0,0.0,0.0
737522,上櫃,1.94,1.91,25.0
737523,上櫃,0.89,1.08,31.0
737524,上櫃,4.69,4.69,20.0
737525,上櫃,0.6,0.65,666.0
737526,上櫃,0.0,0.0,0.0
737527,上櫃,0.0,0.0,0.0
737528,上櫃,0.0,0.0,0.0
737529,上櫃,0.4,0.47,86.0
737530,上櫃,0.9,0.9,2.0
737531,上櫃,1.11,0.95,44.0
737532,上櫃,0.0,0.0,0.0
737533,上櫃,2.24,2.25,49.0
737534,上櫃,0.0,0.0,0.0
737535,上櫃,0.0,0.0,0.0
737536,上櫃,0.0,0.0,0.0
737537,上櫃,0.0,0.0,0.0
737538,上櫃,0.79,0.85,29.0
737539,上櫃,0.0,0.0,0.0
737540,上櫃,0.0,0.0,0.0
737541,上櫃,0.0,0.0,0.0
737542,上櫃,0.0,0.0,0.0
737543,上櫃,1.13,1.34,117.0
737544,上櫃,0.0,0.0,0.0
737545,上櫃,0.0,0.0,0.0
737546,上櫃,0.0,0.0,0.0
737547,上櫃,0.0,0.0,0.0
737548,上櫃,0.0,0.0,0.0
737549,上櫃,0.0,0.0,0.0
737550,上櫃,0.0,0.0,0.0
737551,上櫃,0.13,0.13,430.0
737552,上櫃,0.0,0.0,0.0
737553,上櫃,0.0,0.0,0.0
737554,上櫃,0.0,0.0,0.0
737555,上櫃,0.0,0.0,0.0
737556,上櫃,0.33,0.39,183.0
737557,上櫃,0.95,0.95,5.0
737558,上櫃,0.0,0.0,0.0
737559,上櫃,0.05,0.05,185.0
737560,上櫃,3.26,3.26,1.0
737561,上櫃,0.0,0.0,0.0
737562,上櫃,2.72,2.72,30.0
737563,上櫃,0.0,0.0,0.0
737564,上櫃,0.0,0.0,0.0
737565,上櫃,0.43,0.44,621.0
737566,上櫃,0.0,0.0,0.0
737567,上櫃,0.36,0.38,1040.0
737568,上櫃,0.0,0.0,0.0
737569,上櫃,0.2,0.2,1.0
737570,上櫃,0.08,0.08,26.0
737571,上櫃,0.72,0.76,1164.0
737572,上櫃,0.4,0.42,101.0
737573,上櫃,3.53,3.53,7.0
737574,上櫃,0.75,0.75,475.0
737575,上櫃,0.79,0.74,541.0
737576,上櫃,0.66,0.56,190.0
737577,上櫃,0.36,0.31,659.0
737578,上櫃,0.0,0.0,0.0
737579,上櫃,0.0,0.0,0.0
737580,上櫃,0.0,0.0,0.0
737581,上櫃,1.37,1.62,611.0
737582,上櫃,3.76,3.78,34.0
737583,上櫃,3.8,3.8,7.0
737584,上櫃,0.0,0.0,0.0
737585,上櫃,0.59,1.07,155.0
737586,上櫃,0.0,0.0,0.0
737587,上櫃,0.0,0.0,0.0
737588,上櫃,0.0,0.0,0.0
737589,上櫃,2.19,2.2,114.0
737590,上櫃,0.0,0.0,0.0
737591,上櫃,0.0,0.0,0.0
737592,上櫃,0.0,0.0,0.0
737593,上櫃,1.03,1.34,317.0
737594,上櫃,2.32,2.15,606.0
737595,上櫃,0.0,0.0,0.0
737596,上櫃,0.0,0.0,0.0
737597,上櫃,0.0,0.0,0.0
737598,上櫃,0.0,0.0,0.0
737599,上櫃,0.0,0.0,0.0
737600,上櫃,0.0,0.0,0.0
737601,上櫃,0.0,0.0,0.0
737602,上櫃,0.0,0.0,0.0
737603,上櫃,0.0,0.0,0.0
737604,上櫃,0.0,0.0,0.0
737605,上櫃,0.57,0.89,1233.0
737606,上櫃,3.26,3.25,6.0
737607,上櫃,0.0,0.0,0.0
737608,上櫃,0.45,0.45,10.0
737609,上櫃,0.0,0.0,0.0
737610,上櫃,0.15,0.13,289.0
737611,上櫃,0.0,0.0,0.0
737612,上櫃,4.19,4.67,75.0
737613,上櫃,4.11,3.84,318.0
737614,上櫃,0.36,0.43,2013.0
737615,上櫃,0.33,0.32,1239.0
737616,上櫃,0.0,0.0,0.0
737617,上櫃,0.42,0.65,1364.0
737618,上櫃,0.0,0.0,0.0
737619,上櫃,0.0,0.0,0.0
737620,上櫃,0.0,0.0,0.0
737621,上櫃,1.02,0.99,654.0
737622,上櫃,0.0,0.0,0.0
737623,上櫃,0.0,0.0,0.0
737624,上櫃,0.0,0.0,0.0
737625,上櫃,1.94,1.94,1.0
737626,上櫃,0.0,0.0,0.0
737627,上櫃,0.0,0.0,0.0
737628,上櫃,0.89,0.92,401.0
737629,上櫃,0.49,0.53,79.0
737630,上櫃,0.0,0.0,0.0
737631,上櫃,4.13,4.09,2.0
737632,上櫃,0.0,0.0,0.0
737633,上櫃,3.31,3.52,12.0
737634,上櫃,0.0,0.0,0.0
737635,上櫃,0.0,0.0,0.0
737636,上櫃,0.0,0.0,0.0
737637,上櫃,4.6,5.2,12.0
737638,上櫃,0.0,0.0,0.0
737639,上櫃,0.0,0.0,0.0
737640,上櫃,0.0,0.0,0.0
737641,上櫃,0.0,0.0,0.0
737642,上櫃,0.0,0.0,0.0
737643,上櫃,0.0,0.0,0.0
737644,上櫃,0.0,0.0,0.0
737645,上櫃,0.0,0.0,0.0
737646,上櫃,0.0,0.0,0.0
737647,上櫃,0.0,0.0,0.0
737648,上櫃,0.72,0.62,310.0
737649,上櫃,0.11,0.1,60.0
737650,上櫃,2.49,2.49,6.0
737651,上櫃,0.35,0.45,93.0
737652,上櫃,0.0,0.0,0.0
737653,上櫃,0.0,0.0,0.0
737654,上櫃,0.17,0.17,1.0
737655,上櫃,0.32,0.35,185.0
737656,上櫃,2.1,2.0,266.0
737657,上櫃,1.15,1.02,404.0
737658,上櫃,0.0,0.0,0.0
737659,上櫃,0.0,0.0,0.0
737660,上櫃,0.0,0.0,0.0
737661,上櫃,0.38,0.64,1279.0
737662,上櫃,0.0,0.0,0.0
737663,上櫃,0.23,0.23,20.0
737664,上櫃,2.75,3.01,56.0
737665,上櫃,0.84,1.09,569.0
737666,上櫃,0.0,0.0,0.0
737667,上櫃,0.0,0.0,0.0
737668,上櫃,0.0,0.0,0.0
737669,上櫃,0.0,0.0,0.0
737670,上櫃,0.9,1.2,1231.0
737671,上櫃,1.44,1.46,234.0
737672,上櫃,0.0,0.0,0.0
737673,上櫃,0.0,0.0,0.0
737674,上櫃,2.16,2.16,10.0
737675,上櫃,2.08,2.03,54.0
737676,上櫃,0.0,0.0,0.0
737677,上櫃,0.0,0.0,0.0
737678,上櫃,3.53,3.15,110.0
737679,上櫃,3.57,3.57,10.0
737680,上櫃,1.61,1.47,103.0
737681,上櫃,1.15,1.2,15.0
737682,上櫃,0.0,0.0,0.0
737683,上櫃,0.0,0.0,0.0
737684,上櫃,0.0,0.0,0.0
737685,上櫃,0.0,0.0,0.0
737686,上櫃,0.0,0.0,0.0
737687,上櫃,7.4,7.4,2.0
737688,上櫃,1.89,1.89,41.0
737689,上櫃,0.0,0.0,0.0
737690,上櫃,0.0,0.0,0.0
737691,上櫃,6.5,6.5,6.0
737692,上櫃,1.58,1.62,117.0
737693,上櫃,0.0,0.0,0.0
737694,上櫃,0.0,0.0,0.0
737695,上櫃,0.32,0.55,511.0
737696,上櫃,3.92,3.83,1094.0
737697,上櫃,0.0,0.0,0.0
737698,上櫃,0.0,0.0,0.0
737699,上櫃,3.55,3.55,10.0
737700,上櫃,0.0,0.0,0.0
737701,上櫃,0.31,0.27,603.0
737702,上櫃,0.0,0.0,0.0
737703,上櫃,0.0,0.0,0.0
737704,上櫃,0.0,0.0,0.0
737705,上櫃,1.2,1.15,630.0
737706,上櫃,0.0,0.0,0.0
737707,上櫃,0.5,0.5,1.0
737708,上櫃,0.0,0.0,0.0
737709,上櫃,0.0,0.0,0.0
737710,上櫃,0.41,0.39,150.0
737711,上櫃,0.8,0.8,2.0
737712,上櫃,0.97,0.99,745.0
737713,上櫃,0.51,0.51,249.0
737714,上櫃,3.01,2.88,13.0
737715,上櫃,0.19,0.19,5.0
737716,上櫃,0.0,0.0,0.0
737717,上櫃,0.0,0.0,0.0
737718,上櫃,18.7,18.7,1.0
737719,上櫃,2.08,2.08,1.0
737720,上櫃,0.0,0.0,0.0
737721,上櫃,0.2,0.22,100.0
737722,上櫃,0.0,0.0,0.0
737723,上櫃,1.79,2.02,613.0
737724,上櫃,1.27,1.86,61.0
737725,上櫃,0.61,0.61,10.0
737726,上櫃,1.05,1.34,351.0
737727,上櫃,0.0,0.0,0.0
737728,上櫃,0.0,0.0,0.0
737729,上櫃,0.86,0.89,371.0
737730,上櫃,0.15,0.15,10.0
737731,上櫃,0.0,0.0,0.0
737732,上櫃,0.0,0.0,0.0
737733,上櫃,0.28,0.28,20.0
737734,上櫃,0.0,0.0,0.0
737735,上櫃,0.0,0.0,0.0
737736,上櫃,0.73,0.7,416.0
737737,上櫃,0.64,0.63,9073.0
737738,上櫃,1.24,1.09,518.0
737739,上櫃,0.0,0.0,0.0
737740,上櫃,0.0,0.0,0.0
737741,上櫃,0.56,0.59,80.0
737742,上櫃,0.0,0.0,0.0
737743,上櫃,4.49,4.39,9.0
737744,上櫃,0.79,0.9,51.0
737745,上櫃,0.9,1.0,20.0
737746,上櫃,0.0,0.0,0.0
737747,上櫃,7.85,7.85,18.0
737748,上櫃,0.47,0.46,68.0
737749,上櫃,0.0,0.0,0.0
737750,上櫃,0.0,0.0,0.0
737751,上櫃,0.0,0.0,0.0
737752,上櫃,4.78,4.88,4.0
737753,上櫃,0.0,0.0,0.0
737754,上櫃,0.0,0.0,0.0
737755,上櫃,0.62,0.8,96.0
737756,上櫃,0.42,0.39,48.0
737757,上櫃,0.0,0.0,0.0
737758,上櫃,0.0,0.0,0.0
737759,上櫃,0.1,0.09,1500.0
737760,上櫃,0.6,0.58,183.0
737761,上櫃,0.0,0.0,0.0
737762,上櫃,0.27,0.27,30.0
737763,上櫃,0.0,0.0,0.0
737764,上櫃,0.0,0.0,0.0
737765,上櫃,0.15,0.2,500.0
737766,上櫃,0.0,0.0,0.0
737767,上櫃,0.6,0.73,103.0
737768,上櫃,0.0,0.0,0.0
737769,上櫃,3.62,3.62,12.0
737770,上櫃,0.0,0.0,0.0
737771,上櫃,0.0,0.0,0.0
737772,上櫃,0.0,0.0,0.0
737773,上櫃,0.0,0.0,0.0
737774,上櫃,0.0,0.0,0.0
737775,上櫃,0.0,0.0,0.0
737776,上櫃,0.83,0.86,12.0
737777,上櫃,0.0,0.0,0.0
737778,上櫃,0.0,0.0,0.0
737779,上櫃,6.7,6.85,7.0
737780,上櫃,0.0,0.0,0.0
737781,上櫃,0.95,1.07,444.0
737782,上櫃,0.0,0.0,0.0
737783,上櫃,0.0,0.0,0.0
737784,上櫃,1.46,1.5,189.0
737785,上櫃,0.23,0.23,1.0
737786,上櫃,0.0,0.0,0.0
737787,上櫃,0.0,0.0,0.0
737788,上櫃,0.0,0.0,0.0
737789,上櫃,4.15,4.31,11.0
737790,上櫃,0.0,0.0,0.0
737791,上櫃,0.76,1.04,236.0
737792,上櫃,0.42,0.48,108.0
737793,上櫃,1.56,1.37,2832.0
737794,上櫃,1.84,1.84,12.0
737795,上櫃,2.15,2.21,294.0
737796,上櫃,0.85,0.85,18.0
737797,上櫃,0.58,0.58,22.0
737798,上櫃,2.52,2.5,50.0
737799,上櫃,2.81,2.76,34.0
737800,上櫃,3.01,3.12,39.0
737801,上櫃,3.24,3.18,22.0
737802,上櫃,0.0,0.0,0.0
737803,上櫃,0.7,0.9,340.0
737804,上櫃,0.0,0.0,0.0
737805,上櫃,0.0,0.0,0.0
737806,上櫃,0.98,0.98,7.0
737807,上櫃,0.0,0.0,0.0
737808,上櫃,0.0,0.0,0.0
737809,上櫃,0.0,0.0,0.0
737810,上櫃,0.0,0.0,0.0
737811,上櫃,0.0,0.0,0.0
737812,上櫃,5.3,5.4,56.0
737813,上櫃,0.0,0.0,0.0
737814,上櫃,0.0,0.0,0.0
737815,上櫃,0.0,0.0,0.0
737816,上櫃,0.0,0.0,0.0
737817,上櫃,0.0,0.0,0.0
737818,上櫃,0.0,0.0,0.0
737819,上櫃,0.0,0.0,0.0
737820,上櫃,3.98,4.06,130.0
737821,上櫃,0.0,0.0,0.0
737822,上櫃,0.0,0.0,0.0
737823,上櫃,0.0,0.0,0.0
737824,上櫃,0.0,0.0,0.0
737825,上櫃,0.0,0.0,0.0
737826,上櫃,0.0,0.0,0.0
737827,上櫃,0.0,0.0,0.0
737828,上櫃,0.0,0.0,0.0
737829,上櫃,0.84,0.9,137.0
737830,上櫃,0.0,0.0,0.0
737831,上櫃,0.61,0.9,1476.0
737832,上櫃,0.0,0.0,0.0
737833,上櫃,1.8,1.9,215.0
737834,上櫃,0.0,0.0,0.0
737835,上櫃,0.0,0.0,0.0
737836,上櫃,0.0,0.0,0.0
737837,上櫃,0.0,0.0,0.0
737838,上櫃,0.0,0.0,0.0
737839,上櫃,2.7,2.71,312.0
737840,上櫃,1.26,1.32,130.0
737841,上櫃,0.0,0.0,0.0
737842,上櫃,0.19,0.18,60.0
737843,上櫃,0.0,0.0,0.0
737844,上櫃,0.0,0.0,0.0
737845,上櫃,0.0,0.0,0.0
737846,上櫃,0.0,0.0,0.0
737847,上櫃,0.0,0.0,0.0
737848,上櫃,0.0,0.0,0.0
737849,上櫃,0.0,0.0,0.0
737850,上櫃,0.01,0.01,599.0
737851,上櫃,0.0,0.0,0.0
737852,上櫃,0.0,0.0,0.0
737853,上櫃,0.0,0.0,0.0
737854,上櫃,0.6,0.98,88.0
737855,上櫃,0.0,0.0,0.0
737856,上櫃,0.0,0.0,0.0
737857,上櫃,0.0,0.0,0.0
737858,上櫃,0.0,0.0,0.0
737859,上櫃,0.0,0.0,0.0
737860,上櫃,5.85,5.85,2.0
737861,上櫃,0.0,0.0,0.0
737862,上櫃,0.0,0.0,0.0
737863,上櫃,0.0,0.0,0.0
737864,上櫃,0.34,0.33,130.0
737865,上櫃,0.0,0.0,0.0
737866,上櫃,0.0,0.0,0.0
737867,上櫃,0.0,0.0,0.0
737868,上櫃,0.0,0.0,0.0
737869,上櫃,0.0,0.0,0.0
737870,上櫃,0.9,0.9,267.0
737871,上櫃,0.0,0.0,0.0
737872,上櫃,0.0,0.0,0.0
737873,上櫃,0.31,0.31,20.0
737874,上櫃,0.42,0.39,77.0
737875,上櫃,0.0,0.0,0.0
737876,上櫃,0.0,0.0,0.0
737877,上櫃,0.22,0.23,401.0
737878,上櫃,0.0,0.0,0.0
737879,上櫃,0.0,0.0,0.0
737880,上櫃,13.0,13.0,12.0
737881,上櫃,0.0,0.0,0.0
737882,上櫃,0.16,0.15,669.0
737883,上櫃,0.4,0.4,22.0
737884,上櫃,0.0,0.0,0.0
737885,上櫃,3.5,3.36,92.0
737886,上櫃,1.24,1.19,100.0
737887,上櫃,9.95,9.95,1.0
737888,上櫃,0.0,0.0,0.0
737889,上櫃,0.12,0.12,6.0
737890,上櫃,0.0,0.0,0.0
737891,上櫃,5.0,4.63,134.0
737892,上櫃,0.0,0.0,0.0
737893,上櫃,1.74,1.44,201.0
737894,上櫃,0.63,0.63,5.0
737895,上櫃,1.12,1.13,6.0
737896,上櫃,0.0,0.0,0.0
737897,上櫃,0.0,0.0,0.0
737898,上櫃,0.0,0.0,0.0
737899,上櫃,0.0,0.0,0.0
737900,上櫃,1.6,2.0,86.0
737901,上櫃,1.04,1.04,23.0
737902,上櫃,0.0,0.0,0.0
737903,上櫃,0.0,0.0,0.0
737904,上櫃,0.0,0.0,0.0
737905,上櫃,0.0,0.0,0.0
737906,上櫃,4.98,4.98,1.0
737907,上櫃,0.0,0.0,0.0
737908,上櫃,0.0,0.0,0.0
737909,上櫃,0.13,0.13,50.0
737910,上櫃,0.0,0.0,0.0
737911,上櫃,0.0,0.0,0.0
737912,上櫃,1.62,1.62,2.0
737913,上櫃,0.97,1.12,133.0
737914,上櫃,0.0,0.0,0.0
737915,上櫃,0.0,0.0,0.0
737916,上櫃,2.66,2.1,19.0
737917,上櫃,0.0,0.0,0.0
737918,上櫃,0.07,0.07,10.0
737919,上櫃,1.3,1.25,85.0
737920,上櫃,0.0,0.0,0.0
737921,上櫃,0.36,0.38,350.0
737922,上櫃,0.0,0.0,0.0
737923,上櫃,0.0,0.0,0.0
737924,上櫃,1.31,1.28,1023.0
737925,上櫃,0.0,0.0,0.0
737926,上櫃,0.17,0.17,1.0
737927,上櫃,0.32,0.36,455.0
737928,上櫃,1.32,1.37,226.0
737929,上櫃,0.87,0.87,120.0
737930,上櫃,3.18,3.11,38.0
737931,上櫃,0.42,0.42,65.0
737932,上櫃,0.0,0.0,0.0
737933,上櫃,0.0,0.0,0.0
737934,上櫃,0.0,0.0,0.0
737935,上櫃,1.75,1.75,27.0
737936,上櫃,0.0,0.0,0.0
737937,上櫃,0.0,0.0,0.0
737938,上櫃,0.0,0.0,0.0
737939,上櫃,0.0,0.0,0.0
737940,上櫃,0.47,0.44,338.0
737941,上櫃,0.41,0.41,29.0
737942,上櫃,0.0,0.0,0.0
737943,上櫃,0.0,0.0,0.0
737944,上櫃,0.0,0.0,0.0
737945,上櫃,0.0,0.0,0.0
737946,上櫃,0.0,0.0,0.0
737947,上櫃,0.0,0.0,0.0
737948,上櫃,0.0,0.0,0.0
737949,上櫃,0.3,0.3,225.0
737950,上櫃,0.69,0.88,374.0
737951,上櫃,0.0,0.0,0.0
737952,上櫃,1.96,1.5,44.0
737953,上櫃,0.26,0.25,38.0
737954,上櫃,0.0,0.0,0.0
737955,上櫃,3.86,3.8,137.0
737956,上櫃,0.0,0.0,0.0
737957,上櫃,0.0,0.0,0.0
737958,上櫃,0.18,0.14,999.0
737959,上櫃,0.0,0.0,0.0
737960,上櫃,0.0,0.0,0.0
737961,上櫃,0.54,0.51,71.0
737962,上櫃,0.44,0.44,36.0
737963,上櫃,0.0,0.0,0.0
737964,上櫃,0.46,0.49,196.0
737965,上櫃,2.44,2.3,134.0
737966,上櫃,1.25,1.11,49.0
737967,上櫃,0.0,0.0,0.0
737968,上櫃,0.0,0.0,0.0
737969,上櫃,0.78,0.67,166.0
737970,上櫃,0.0,0.0,0.0
737971,上櫃,0.0,0.0,0.0
737972,上櫃,1.93,2.02,728.0
737973,上櫃,0.0,0.0,0.0
737974,上櫃,0.5,0.49,308.0
737975,上櫃,0.0,0.0,0.0
737976,上櫃,0.0,0.0,0.0
737977,上櫃,0.0,0.0,0.0
737978,上櫃,1.59,1.65,57.0
737979,上櫃,0.13,0.16,370.0
737980,上櫃,0.0,0.0,0.0
737981,上櫃,0.0,0.0,0.0
737982,上櫃,0.0,0.0,0.0
737983,上櫃,1.73,1.66,245.0
737984,上櫃,0.22,0.21,338.0
737985,上櫃,0.0,0.0,0.0
737986,上櫃,2.51,2.04,136.0
737987,上櫃,1.81,1.81,25.0
737988,上櫃,0.14,0.14,180.0
737989,上櫃,0.0,0.0,0.0
737990,上櫃,0.92,1.04,501.0
737991,上櫃,0.82,0.87,71.0
737992,上櫃,0.0,0.0,0.0
737993,上櫃,0.0,0.0,0.0
737994,上櫃,0.0,0.0,0.0
737995,上櫃,3.92,3.92,4.0
737996,上櫃,4.45,4.75,41.0
737997,上櫃,0.0,0.0,0.0
737998,上櫃,2.55,2.22,201.0
737999,上櫃,2.11,2.09,606.0
738000,上櫃,2.8,2.33,341.0
738001,上櫃,1.41,1.41,2.0
738002,上櫃,1.97,1.88,21.0
738003,上櫃,0.0,0.0,0.0
738004,上櫃,1.09,1.13,196.0
738005,上櫃,0.19,0.22,56.0
738006,上櫃,0.0,0.0,0.0
738007,上櫃,0.0,0.0,0.0
738008,上櫃,0.0,0.0,0.0
738009,上櫃,1.52,1.59,2.0
738010,上櫃,0.1,0.1,50.0
738011,上櫃,0.0,0.0,0.0
738012,上櫃,0.0,0.0,0.0
738013,上櫃,0.0,0.0,0.0
738014,上櫃,2.99,2.73,48.0
738015,上櫃,0.47,0.52,236.0
738016,上櫃,0.0,0.0,0.0
738017,上櫃,1.84,1.51,35.0
738018,上櫃,0.0,0.0,0.0
738019,上櫃,0.0,0.0,0.0
738020,上櫃,0.0,0.0,0.0
738021,上櫃,0.0,0.0,0.0
738022,上櫃,0.0,0.0,0.0
738023,上櫃,0.0,0.0,0.0
738024,上櫃,0.0,0.0,0.0
738025,上櫃,0.48,0.6,976.0
738026,上櫃,0.0,0.0,0.0
738027,上櫃,0.2,0.2,25.0
738028,上櫃,0.0,0.0,0.0
738029,上櫃,0.0,0.0,0.0
738030,上櫃,0.0,0.0,0.0
738031,上櫃,2.06,2.06,1.0
738032,上櫃,0.83,0.83,10.0
738033,上櫃,0.0,0.0,0.0
738034,上櫃,0.0,0.0,0.0
738035,上櫃,0.0,0.0,0.0
738036,上櫃,0.0,0.0,0.0
738037,上櫃,0.0,0.0,0.0
738038,上櫃,0.0,0.0,0.0
738039,上櫃,0.0,0.0,0.0
738040,上櫃,4.23,3.9,46.0
738041,上櫃,5.4,5.1,39.0
738042,上櫃,1.61,1.6,11.0
738043,上櫃,0.0,0.0,0.0
738044,上櫃,0.0,0.0,0.0
738045,上櫃,0.0,0.0,0.0
738046,上櫃,0.0,0.0,0.0
738047,上櫃,0.0,0.0,0.0
738048,上櫃,0.0,0.0,0.0
738049,上櫃,4.8,4.71,23.0
738050,上櫃,5.35,5.65,17.0
738051,上櫃,0.0,0.0,0.0
738052,上櫃,0.75,0.88,110.0
738053,上櫃,1.72,1.73,71.0
738054,上櫃,5.5,4.47,77.0
738055,上櫃,5.6,5.55,14.0
738056,上櫃,0.22,0.22,1.0
738057,上櫃,0.0,0.0,0.0
738058,上櫃,0.15,0.16,240.0
738059,上櫃,0.0,0.0,0.0
738060,上櫃,0.0,0.0,0.0
738061,上櫃,0.0,0.0,0.0
738062,上櫃,0.0,0.0,0.0
738063,上櫃,0.0,0.0,0.0
738064,上櫃,0.0,0.0,0.0
738065,上櫃,0.0,0.0,0.0
738066,上櫃,0.0,0.0,0.0
738067,上櫃,0.0,0.0,0.0
738068,上櫃,0.0,0.0,0.0
738069,上櫃,0.12,0.11,52.0
738070,上櫃,0.0,0.0,0.0
738071,上櫃,0.0,0.0,0.0
738072,上櫃,2.82,2.82,10.0
738073,上櫃,1.76,1.76,2.0
738074,上櫃,0.0,0.0,0.0
738075,上櫃,1.75,1.75,1.0
738076,上櫃,0.31,0.34,255.0
738077,上櫃,4.24,4.04,262.0
738078,上櫃,0.0,0.0,0.0
738079,上櫃,2.97,3.18,26.0
738080,上櫃,0.0,0.0,0.0
738081,上櫃,0.32,0.36,156.0
738082,上櫃,3.8,3.81,29.0
738083,上櫃,0.0,0.0,0.0
738084,上櫃,0.0,0.0,0.0
738085,上櫃,0.5,0.5,2.0
738086,上櫃,0.0,0.0,0.0
738087,上櫃,5.1,5.95,144.0
738088,上櫃,0.08,0.09,101.0
738089,上櫃,0.0,0.0,0.0
738090,上櫃,0.64,0.64,38.0
738091,上櫃,0.0,0.0,0.0
738092,上櫃,0.0,0.0,0.0
738093,上櫃,0.71,0.62,64.0
738094,上櫃,0.0,0.0,0.0
738095,上櫃,0.0,0.0,0.0
738096,上櫃,0.0,0.0,0.0
738097,上櫃,0.1,0.1,2.0
738098,上櫃,0.07,0.07,8.0
738099,上櫃,0.0,0.0,0.0
738100,上櫃,0.0,0.0,0.0
738101,上櫃,3.1,3.1,6.0
738102,上櫃,0.54,0.59,478.0
738103,上櫃,0.13,0.13,1.0
738104,上櫃,0.25,0.25,50.0
738105,上櫃,0.0,0.0,0.0
738106,上櫃,0.26,0.33,106.0
738107,上櫃,0.0,0.0,0.0
738108,上櫃,0.0,0.0,0.0
738109,上櫃,0.0,0.0,0.0
738110,上櫃,0.85,0.92,201.0
738111,上櫃,3.57,3.45,26.0
738112,上櫃,0.0,0.0,0.0
738113,上櫃,0.15,0.18,9.0
738114,上櫃,0.0,0.0,0.0
738115,上櫃,0.0,0.0,0.0
738116,上櫃,0.15,0.15,100.0
738117,上櫃,0.21,0.18,16.0
738118,上櫃,1.35,1.99,237.0
738119,上櫃,0.0,0.0,0.0
738120,上櫃,3.4,3.7,75.0
738121,上櫃,0.0,0.0,0.0
738122,上櫃,0.0,0.0,0.0
738123,上櫃,0.92,1.02,152.0
738124,上櫃,0.0,0.0,0.0
738125,上櫃,0.0,0.0,0.0
738126,上櫃,0.0,0.0,0.0
738127,上櫃,0.0,0.0,0.0
738128,上櫃,0.0,0.0,0.0
738129,上櫃,0.0,0.0,0.0
738130,上櫃,0.19,0.19,50.0
738131,上櫃,0.19,0.23,12.0
738132,上櫃,0.0,0.0,0.0
738133,上櫃,0.07,0.07,60.0
738134,上櫃,1.19,1.19,224.0
738135,上櫃,1.31,1.31,2.0
738136,上櫃,0.69,0.68,19.0
738137,上櫃,0.0,0.0,0.0
738138,上櫃,0.0,0.0,0.0
738139,上櫃,0.0,0.0,0.0
738140,上櫃,0.43,0.43,19.0
738141,上櫃,0.0,0.0,0.0
738142,上櫃,0.0,0.0,0.0
738143,上櫃,0.0,0.0,0.0
738144,上櫃,0.0,0.0,0.0
738145,上櫃,0.0,0.0,0.0
738146,上櫃,0.0,0.0,0.0
738147,上櫃,1.07,1.04,10.0
738148,上櫃,0.62,0.57,173.0
738149,上櫃,0.52,0.48,604.0
738150,上櫃,0.56,0.53,296.0
738151,上櫃,0.54,0.51,284.0
738152,上櫃,1.61,1.61,10.0
738153,上櫃,0.0,0.0,0.0
738154,上櫃,0.45,0.45,100.0
738155,上櫃,1.08,1.04,282.0
738156,上櫃,0.46,0.46,104.0
738157,上櫃,0.25,0.25,100.0
738158,上櫃,0.0,0.0,0.0
738159,上櫃,0.0,0.0,0.0
738160,上櫃,0.1,0.11,70.0
738161,上櫃,0.11,0.11,20.0
738162,上櫃,0.0,0.0,0.0
738163,上櫃,0.0,0.0,0.0
738164,上櫃,1.06,1.22,117.0
738165,上櫃,0.0,0.0,0.0
738166,上櫃,0.0,0.0,0.0
738167,上櫃,0.0,0.0,0.0
738168,上櫃,0.0,0.0,0.0
738169,上櫃,0.0,0.0,0.0
738170,上櫃,0.0,0.0,0.0
738171,上櫃,0.0,0.0,0.0
738172,上櫃,0.7,0.53,1710.0
738173,上櫃,0.0,0.0,0.0
738174,上櫃,0.65,1.0,507.0
738175,上櫃,0.0,0.0,0.0
738176,上櫃,0.0,0.0,0.0
738177,上櫃,0.0,0.0,0.0
738178,上櫃,0.84,0.73,542.0
738179,上櫃,1.07,0.87,29.0
738180,上櫃,0.0,0.0,0.0
738181,上櫃,0.0,0.0,0.0
738182,上櫃,0.0,0.0,0.0
738183,上櫃,0.0,0.0,0.0
738184,上櫃,0.68,0.68,104.0
738185,上櫃,0.0,0.0,0.0
738186,上櫃,0.89,0.89,17.0
738187,上櫃,0.99,0.99,15.0
738188,上櫃,0.0,0.0,0.0
738189,上櫃,0.0,0.0,0.0
738190,上櫃,0.0,0.0,0.0
738191,上櫃,0.46,0.46,1.0
738192,上櫃,0.46,0.46,20.0
738193,上櫃,0.0,0.0,0.0
738194,上櫃,0.8,1.08,598.0
738195,上櫃,0.71,1.0,745.0
738196,上櫃,0.0,0.0,0.0
738197,上櫃,0.0,0.0,0.0
738198,上櫃,0.0,0.0,0.0
738199,上櫃,0.0,0.0,0.0
738200,上櫃,0.0,0.0,0.0
738201,上櫃,0.0,0.0,0.0
738202,上櫃,0.0,0.0,0.0
738203,上櫃,0.34,0.31,745.0
738204,上櫃,0.0,0.0,0.0
738205,上櫃,0.5,0.5,10.0
738206,上櫃,0.0,0.0,0.0
738207,上櫃,0.0,0.0,0.0
738208,上櫃,2.93,3.48,207.0
738209,上櫃,0.0,0.0,0.0
738210,上櫃,2.78,3.15,308.0
738211,上櫃,0.0,0.0,0.0
738212,上櫃,0.0,0.0,0.0
738213,上櫃,0.0,0.0,0.0
738214,上櫃,0.0,0.0,0.0
738215,上櫃,0.0,0.0,0.0
738216,上櫃,0.0,0.0,0.0
738217,上櫃,0.87,0.8,127.0
738218,上櫃,0.0,0.0,0.0
738219,上櫃,0.52,0.5,1044.0
738220,上櫃,0.51,0.52,236.0
738221,上櫃,0.0,0.0,0.0
738222,上櫃,0.15,0.15,16.0
738223,上櫃,0.0,0.0,0.0
738224,上櫃,0.0,0.0,0.0
738225,上櫃,1.05,1.13,21.0
738226,上櫃,0.0,0.0,0.0
738227,上櫃,2.17,1.85,110.0
738228,上櫃,2.91,2.91,2.0
738229,上櫃,0.36,0.31,268.0
738230,上櫃,0.51,0.44,685.0
738231,上櫃,0.0,0.0,0.0
738232,上櫃,0.0,0.0,0.0
738233,上櫃,0.0,0.0,0.0
738234,上櫃,2.95,3.7,198.0
738235,上櫃,0.0,0.0,0.0
738236,上櫃,0.0,0.0,0.0
738237,上櫃,0.0,0.0,0.0
738238,上櫃,0.0,0.0,0.0
738239,上櫃,0.0,0.0,0.0
738240,上櫃,10.0,10.0,5.0
738241,上櫃,0.46,0.4,84.0
738242,上櫃,2.24,2.24,6.0
738243,上櫃,0.0,0.0,0.0
738244,上櫃,0.23,0.23,12.0
738245,上櫃,0.0,0.0,0.0
738246,上櫃,0.27,0.24,55.0
738247,上櫃,0.64,0.69,42.0
738248,上櫃,0.13,0.13,14.0
738249,上櫃,0.0,0.0,0.0
738250,上櫃,0.34,0.34,1.0
738251,上櫃,0.0,0.0,0.0
738252,上櫃,0.0,0.0,0.0
738253,上櫃,1.95,2.05,357.0
738254,上櫃,0.0,0.0,0.0
738255,上櫃,0.0,0.0,0.0
738256,上櫃,1.09,1.16,21.0
738257,上櫃,0.0,0.0,0.0
738258,上櫃,0.0,0.0,0.0
738259,上櫃,0.0,0.0,0.0
738260,上櫃,0.0,0.0,0.0
738261,上櫃,0.0,0.0,0.0
738262,上櫃,0.0,0.0,0.0
738263,上櫃,0.25,0.23,68.0
738264,上櫃,0.13,0.13,100.0
738265,上櫃,0.0,0.0,0.0
738266,上櫃,0.61,0.59,73.0
738267,上櫃,0.0,0.0,0.0
738268,上櫃,0.0,0.0,0.0
738269,上櫃,0.0,0.0,0.0
738270,上櫃,0.97,1.04,104.0
738271,上櫃,2.75,2.98,42.0
738272,上櫃,0.0,0.0,0.0
738273,上櫃,0.0,0.0,0.0
738274,上櫃,2.22,2.22,20.0
738275,上櫃,0.22,0.22,10.0
738276,上櫃,0.62,0.6,317.0
738277,上櫃,0.88,0.88,1.0
738278,上櫃,0.0,0.0,0.0
738279,上櫃,0.0,0.0,0.0
738280,上櫃,0.0,0.0,0.0
738281,上櫃,0.0,0.0,0.0
738282,上櫃,0.0,0.0,0.0
738283,上櫃,0.0,0.0,0.0
738284,上櫃,0.29,0.29,103.0
738285,上櫃,1.06,1.06,95.0
738286,上櫃,0.0,0.0,0.0
738287,上櫃,0.0,0.0,0.0
738288,上櫃,0.61,0.6,886.0
738289,上櫃,0.0,0.0,0.0
738290,上櫃,0.0,0.0,0.0
738291,上櫃,0.7,0.85,1646.0
738292,上櫃,0.0,0.0,0.0
738293,上櫃,0.0,0.0,0.0
738294,上櫃,0.0,0.0,0.0
738295,上櫃,0.25,0.3,50.0
738296,上櫃,0.6,0.6,2.0
738297,上櫃,0.0,0.0,0.0
738298,上櫃,0.0,0.0,0.0
738299,上櫃,0.0,0.0,0.0
738300,上櫃,0.0,0.0,0.0
738301,上櫃,10.2,10.5,2.0
738302,上櫃,0.75,0.75,101.0
738303,上櫃,0.49,0.49,50.0
738304,上櫃,0.19,0.19,72.0
738305,上櫃,0.0,0.0,0.0
738306,上櫃,0.0,0.0,0.0
738307,上櫃,0.0,0.0,0.0
738308,上櫃,0.0,0.0,0.0
738309,上櫃,0.0,0.0,0.0
738310,上櫃,0.0,0.0,0.0
738311,上櫃,0.47,0.47,22.0
738312,上櫃,0.64,0.64,517.0
738313,上櫃,0.0,0.0,0.0
738314,上櫃,0.65,0.63,93.0
738315,上櫃,0.99,0.89,46.0
738316,上櫃,0.56,0.56,25.0
738317,上櫃,0.0,0.0,0.0
738318,上櫃,0.0,0.0,0.0
738319,上櫃,0.91,0.91,4.0
738320,上櫃,0.0,0.0,0.0
738321,上櫃,0.87,0.83,431.0
738322,上櫃,0.0,0.0,0.0
738323,上櫃,5.2,5.2,1.0
738324,上櫃,0.0,0.0,0.0
738325,上櫃,0.1,0.1,200.0
738326,上櫃,0.0,0.0,0.0
738327,上櫃,1.96,2.29,805.0
738328,上櫃,0.21,0.23,45.0
738329,上櫃,0.7,0.74,3.0
738330,上櫃,0.0,0.0,0.0
738331,上櫃,1.29,1.29,15.0
738332,上櫃,0.0,0.0,0.0
738333,上櫃,0.0,0.0,0.0
738334,上櫃,0.0,0.0,0.0
738335,上櫃,2.42,2.42,10.0
738336,上櫃,0.0,0.0,0.0
738337,上櫃,0.0,0.0,0.0
738338,上櫃,0.34,0.35,20.0
738339,上櫃,0.0,0.0,0.0
738340,上櫃,0.0,0.0,0.0
738341,上櫃,0.0,0.0,0.0
738342,上櫃,0.0,0.0,0.0
738343,上櫃,0.08,0.08,60.0
738344,上櫃,0.0,0.0,0.0
738345,上櫃,0.0,0.0,0.0
738346,上櫃,0.0,0.0,0.0
738347,上櫃,0.0,0.0,0.0
738348,上櫃,4.5,4.09,46.0
738349,上櫃,0.0,0.0,0.0
738350,上櫃,0.0,0.0,0.0
738351,上櫃,0.0,0.0,0.0
738352,上櫃,0.13,0.14,2.0
738353,上櫃,1.54,1.48,20.0
738354,上櫃,0.0,0.0,0.0
738355,上櫃,0.0,0.0,0.0
738356,上櫃,0.0,0.0,0.0
738357,上櫃,0.0,0.0,0.0
738358,上櫃,0.0,0.0,0.0
738359,上櫃,0.0,0.0,0.0
738360,上櫃,5.25,5.25,19.0
738361,上櫃,0.0,0.0,0.0
738362,上櫃,0.0,0.0,0.0
738363,上櫃,4.93,4.59,17.0
738364,上櫃,7.2,7.55,45.0
738365,上櫃,0.0,0.0,0.0
738366,上櫃,0.92,0.9,820.0
738367,上櫃,1.03,0.99,515.0
738368,上櫃,45.8,45.8,1.0
738369,上櫃,1.43,1.43,76.0
738370,上櫃,0.0,0.0,0.0
738371,上櫃,0.0,0.0,0.0
738372,上櫃,1.5,2.05,77.0
738373,上櫃,2.27,2.19,128.0
738374,上櫃,0.0,0.0,0.0
738375,上櫃,0.0,0.0,0.0
738376,上櫃,0.0,0.0,0.0
738377,上櫃,1.68,1.68,12.0
738378,上櫃,6.35,6.35,30.0
738379,上櫃,0.0,0.0,0.0
738380,上櫃,0.0,0.0,0.0
738381,上櫃,0.0,0.0,0.0
738382,上櫃,1.74,1.63,245.0
738383,上櫃,1.99,1.99,50.0
738384,上櫃,0.0,0.0,0.0
738385,上櫃,0.0,0.0,0.0
738386,上櫃,0.0,0.0,0.0
738387,上櫃,0.0,0.0,0.0
738388,上櫃,0.0,0.0,0.0
738389,上櫃,1.83,1.66,16.0
738390,上櫃,0.0,0.0,0.0
738391,上櫃,0.0,0.0,0.0
738392,上櫃,0.0,0.0,0.0
738393,上櫃,0.0,0.0,0.0
738394,上櫃,0.41,0.4,1185.0
738395,上櫃,0.0,0.0,0.0
738396,上櫃,0.0,0.0,0.0
738397,上櫃,3.47,3.76,207.0
738398,上櫃,0.0,0.0,0.0
738399,上櫃,0.14,0.14,4.0
738400,上櫃,0.0,0.0,0.0
738401,上櫃,0.37,0.37,1.0
738402,上櫃,0.0,0.0,0.0
738403,上櫃,0.0,0.0,0.0
738404,上櫃,0.0,0.0,0.0
738405,上櫃,1.32,1.35,344.0
738406,上櫃,1.17,1.19,64.0
738407,上櫃,0.0,0.0,0.0
738408,上櫃,0.0,0.0,0.0
738409,上櫃,0.0,0.0,0.0
738410,上櫃,0.56,0.52,292.0
738411,上櫃,0.0,0.0,0.0
738412,上櫃,1.77,1.77,50.0
738413,上櫃,0.0,0.0,0.0
738414,上櫃,1.99,1.75,162.0
738415,上櫃,0.0,0.0,0.0
738416,上櫃,0.0,0.0,0.0
738417,上櫃,0.2,0.2,6.0
738418,上櫃,0.0,0.0,0.0
738419,上櫃,0.0,0.0,0.0
738420,上櫃,0.0,0.0,0.0
738421,上櫃,0.0,0.0,0.0
738422,上櫃,0.9,0.86,264.0
738423,上櫃,0.31,0.31,168.0
738424,上櫃,1.55,1.53,31.0
738425,上櫃,0.07,0.07,2.0
738426,上櫃,0.08,0.09,81.0
738427,上櫃,3.73,3.84,36.0
738428,上櫃,6.15,5.65,30.0
738429,上櫃,0.69,0.71,515.0
738430,上櫃,0.0,0.0,0.0
738431,上櫃,0.0,0.0,0.0
738432,上櫃,0.0,0.0,0.0
738433,上櫃,0.0,0.0,0.0
738434,上櫃,1.14,1.14,11.0
738435,上櫃,0.0,0.0,0.0
738436,上櫃,0.0,0.0,0.0
738437,上櫃,2.47,2.74,105.0
738438,上櫃,0.0,0.0,0.0
738439,上櫃,3.28,3.26,28.0
738440,上櫃,0.0,0.0,0.0
738441,上櫃,0.0,0.0,0.0
738442,上櫃,0.0,0.0,0.0
738443,上櫃,0.82,0.83,1716.0
738444,上櫃,0.0,0.0,0.0
738445,上櫃,0.0,0.0,0.0
738446,上櫃,0.14,0.16,543.0
738447,上櫃,0.26,0.3,51.0
738448,上櫃,0.0,0.0,0.0
738449,上櫃,0.0,0.0,0.0
738450,上櫃,0.0,0.0,0.0
738451,上櫃,0.0,0.0,0.0
738452,上櫃,2.07,1.76,78.0
738453,上櫃,0.0,0.0,0.0
738454,上櫃,0.0,0.0,0.0
738455,上櫃,1.0,1.0,5.0
738456,上櫃,0.72,0.76,634.0
738457,上櫃,0.0,0.0,0.0
738458,上櫃,0.0,0.0,0.0
738459,上櫃,0.0,0.0,0.0
738460,上櫃,0.0,0.0,0.0
738461,上櫃,0.0,0.0,0.0
738462,上櫃,0.0,0.0,0.0
738463,上櫃,0.2,0.2,15.0
738464,上櫃,2.37,1.93,6.0
738465,上櫃,0.0,0.0,0.0
738466,上櫃,0.0,0.0,0.0
738467,上櫃,0.0,0.0,0.0
738468,上櫃,0.0,0.0,0.0
738469,上櫃,0.0,0.0,0.0
738470,上櫃,0.0,0.0,0.0
738471,上櫃,0.33,0.33,30.0
738472,上櫃,0.2,0.2,20.0
738473,上櫃,0.39,0.39,50.0
738474,上櫃,0.0,0.0,0.0
738475,上櫃,0.0,0.0,0.0
738476,上櫃,0.0,0.0,0.0
738477,上櫃,0.0,0.0,0.0
738478,上櫃,0.0,0.0,0.0
738479,上櫃,0.0,0.0,0.0
738480,上櫃,0.0,0.0,0.0
738481,上櫃,0.0,0.0,0.0
738482,上櫃,0.0,0.0,0.0
738483,上櫃,0.0,0.0,0.0
738484,上櫃,0.0,0.0,0.0
738485,上櫃,1.25,1.42,435.0
738486,上櫃,0.32,0.28,40.0
738487,上櫃,0.0,0.0,0.0
738488,上櫃,0.15,0.15,100.0
738489,上櫃,0.0,0.0,0.0
738490,上櫃,0.0,0.0,0.0
738491,上櫃,0.0,0.0,0.0
738492,上櫃,0.0,0.0,0.0
738493,上櫃,0.21,0.21,5.0
738494,上櫃,0.0,0.0,0.0
738495,上櫃,0.0,0.0,0.0
738496,上櫃,1.48,1.48,10.0
738497,上櫃,1.59,1.6,20.0
738498,上櫃,0.0,0.0,0.0
738499,上櫃,0.0,0.0,0.0
738500,上櫃,0.05,0.05,1.0
738501,上櫃,0.23,0.23,41.0
738502,上櫃,0.45,0.57,263.0
738503,上櫃,0.4,0.41,93.0
738504,上櫃,0.0,0.0,0.0
738505,上櫃,0.34,0.34,80.0
738506,上櫃,0.0,0.0,0.0
738507,上櫃,0.25,0.21,23.0
738508,上櫃,0.09,0.09,60.0
738509,上櫃,0.17,0.15,53.0
738510,上櫃,1.97,1.82,99.0
738511,上櫃,0.0,0.0,0.0
738512,上櫃,2.14,2.04,100.0
738513,上櫃,2.31,2.31,10.0
738514,上櫃,2.01,1.91,187.0
738515,上櫃,2.47,2.47,18.0
738516,上櫃,0.0,0.0,0.0
738517,上櫃,0.0,0.0,0.0
738518,上櫃,0.0,0.0,0.0
738519,上櫃,0.0,0.0,0.0
738520,上櫃,0.0,0.0,0.0
738521,上櫃,1.87,1.92,31.0
738522,上櫃,0.71,0.71,10.0
738523,上櫃,1.54,1.54,101.0
738524,上櫃,0.0,0.0,0.0
738525,上櫃,0.0,0.0,0.0
738526,上櫃,0.0,0.0,0.0
738527,上櫃,0.0,0.0,0.0
738528,上櫃,0.0,0.0,0.0
738529,上櫃,0.0,0.0,0.0
738530,上櫃,0.0,0.0,0.0
738531,上櫃,0.0,0.0,0.0
738532,上櫃,0.37,0.35,102.0
738533,上櫃,0.0,0.0,0.0
738534,上櫃,0.43,0.44,142.0
738535,上櫃,0.0,0.0,0.0
738536,上櫃,0.0,0.0,0.0
738537,上櫃,0.48,0.5,30.0
738538,上櫃,0.31,0.35,7.0
738539,上櫃,2.64,2.47,154.0
738540,上櫃,0.21,0.21,70.0
738541,上櫃,0.0,0.0,0.0
738542,上櫃,0.0,0.0,0.0
738543,上櫃,0.0,0.0,0.0
738544,上櫃,0.38,0.4,98.0
738545,上櫃,0.0,0.0,0.0
738546,上櫃,0.0,0.0,0.0
738547,上櫃,0.0,0.0,0.0
738548,上櫃,2.42,2.24,48.0
738549,上櫃,0.74,0.85,502.0
738550,上櫃,0.3,0.14,595.0
738551,上櫃,0.0,0.0,0.0
738552,上櫃,0.0,0.0,0.0
738553,上櫃,0.0,0.0,0.0
738554,上櫃,0.0,0.0,0.0
738555,上櫃,0.31,0.31,188.0
738556,上櫃,0.0,0.0,0.0
738557,上櫃,0.34,0.34,30.0
738558,上櫃,0.0,0.0,0.0
738559,上櫃,0.12,0.11,24.0
738560,上櫃,0.0,0.0,0.0
738561,上櫃,1.18,1.09,54.0
738562,上櫃,0.0,0.0,0.0
738563,上櫃,0.0,0.0,0.0
738564,上櫃,0.0,0.0,0.0
738565,上櫃,0.0,0.0,0.0
738566,上櫃,0.0,0.0,0.0
738567,上櫃,5.4,5.35,13.0
738568,上櫃,0.0,0.0,0.0
738569,上櫃,0.0,0.0,0.0
738570,上櫃,0.0,0.0,0.0
738571,上櫃,0.0,0.0,0.0
738572,上櫃,0.0,0.0,0.0
738573,上櫃,1.25,1.25,100.0
738574,上櫃,0.0,0.0,0.0
738575,上櫃,0.39,0.39,10.0
738576,上櫃,0.0,0.0,0.0
738577,上櫃,2.89,2.67,61.0
738578,上櫃,0.3,0.3,100.0
738579,上櫃,0.0,0.0,0.0
738580,上櫃,0.0,0.0,0.0
738581,上櫃,0.28,0.29,210.0
738582,上櫃,0.47,0.5,8.0
738583,上櫃,0.0,0.0,0.0
738584,上櫃,0.25,0.25,10.0
738585,上櫃,0.0,0.0,0.0
738586,上櫃,0.0,0.0,0.0
738587,上櫃,0.61,0.6,131.0
738588,上櫃,0.84,0.78,519.0
738589,上櫃,0.0,0.0,0.0
738590,上櫃,0.0,0.0,0.0
738591,上櫃,0.0,0.0,0.0
738592,上櫃,0.0,0.0,0.0
738593,上櫃,0.44,0.46,40.0
738594,上櫃,1.9,2.66,47.0
738595,上櫃,0.0,0.0,0.0
738596,上櫃,0.0,0.0,0.0
738597,上櫃,0.11,0.1,81.0
738598,上櫃,0.0,0.0,0.0
738599,上櫃,0.0,0.0,0.0
738600,上櫃,0.0,0.0,0.0
738601,上櫃,0.0,0.0,0.0
738602,上櫃,0.62,0.62,7.0
738603,上櫃,0.0,0.0,0.0
738604,上櫃,0.0,0.0,0.0
738605,上櫃,0.53,0.51,340.0
738606,上櫃,0.0,0.0,0.0
738607,上櫃,0.19,0.18,59.0
738608,上櫃,0.0,0.0,0.0
738609,上櫃,0.0,0.0,0.0
738610,上櫃,0.0,0.0,0.0
738611,上櫃,0.0,0.0,0.0
738612,上櫃,0.84,1.11,22.0
738613,上櫃,0.0,0.0,0.0
738614,上櫃,1.09,1.09,6.0
738615,上櫃,0.0,0.0,0.0
738616,上櫃,0.0,0.0,0.0
738617,上櫃,0.0,0.0,0.0
738618,上櫃,0.0,0.0,0.0
738619,上櫃,3.48,3.48,1.0
738620,上櫃,0.0,0.0,0.0
738621,上櫃,0.0,0.0,0.0
738622,上櫃,0.0,0.0,0.0
738623,上櫃,0.0,0.0,0.0
738624,上櫃,0.0,0.0,0.0
738625,上櫃,1.7,1.75,21.0
738626,上櫃,0.0,0.0,0.0
738627,上櫃,0.09,0.09,202.0
738628,上櫃,0.0,0.0,0.0
738629,上櫃,0.0,0.0,0.0
738630,上櫃,0.0,0.0,0.0
738631,上櫃,0.23,0.23,70.0
738632,上櫃,0.19,0.17,912.0
738633,上櫃,0.0,0.0,0.0
738634,上櫃,0.0,0.0,0.0
738635,上櫃,0.0,0.0,0.0
738636,上櫃,0.0,0.0,0.0
738637,上櫃,0.0,0.0,0.0
738638,上櫃,0.0,0.0,0.0
738639,上櫃,0.0,0.0,0.0
738640,上櫃,3.03,2.96,13.0
738641,上櫃,2.0,2.04,264.0
738642,上櫃,0.42,0.44,512.0
738643,上櫃,0.39,0.4,140.0
738644,上櫃,0.0,0.0,0.0
738645,上櫃,0.0,0.0,0.0
738646,上櫃,0.44,0.43,340.0
738647,上櫃,0.0,0.0,0.0
738648,上櫃,0.0,0.0,0.0
738649,上櫃,0.0,0.0,0.0
738650,上櫃,0.0,0.0,0.0
738651,上櫃,0.85,0.85,248.0
738652,上櫃,0.0,0.0,0.0
738653,上櫃,0.0,0.0,0.0
738654,上櫃,0.0,0.0,0.0
738655,上櫃,0.0,0.0,0.0
738656,上櫃,0.0,0.0,0.0
738657,上櫃,0.33,0.35,178.0
738658,上櫃,0.0,0.0,0.0
738659,上櫃,0.45,0.41,867.0
738660,上櫃,2.62,2.62,5.0
738661,上櫃,0.54,0.54,112.0
738662,上櫃,0.35,0.35,96.0
738663,上櫃,0.0,0.0,0.0
738664,上櫃,0.74,0.81,7.0
738665,上櫃,0.0,0.0,0.0
738666,上櫃,0.11,0.12,791.0
738667,上櫃,2.35,2.35,10.0
738668,上櫃,0.0,0.0,0.0
738669,上櫃,0.0,0.0,0.0
738670,上櫃,0.0,0.0,0.0
738671,上櫃,0.0,0.0,0.0
738672,上櫃,0.14,0.14,60.0
738673,上櫃,0.0,0.0,0.0
738674,上櫃,4.45,4.22,10.0
738675,上櫃,0.0,0.0,0.0
738676,上櫃,0.0,0.0,0.0
738677,上櫃,0.0,0.0,0.0
738678,上櫃,0.0,0.0,0.0
738679,上櫃,0.0,0.0,0.0
738680,上櫃,0.0,0.0,0.0
738681,上櫃,0.0,0.0,0.0
738682,上櫃,0.07,0.08,929.0
738683,上櫃,0.0,0.0,0.0
738684,上櫃,0.17,0.18,130.0
738685,上櫃,0.0,0.0,0.0
738686,上櫃,2.74,2.59,70.0
738687,上櫃,0.0,0.0,0.0
738688,上櫃,0.0,0.0,0.0
738689,上櫃,0.0,0.0,0.0
738690,上櫃,0.0,0.0,0.0
738691,上櫃,2.98,2.9,4.0
738692,上櫃,0.0,0.0,0.0
738693,上櫃,0.0,0.0,0.0
738694,上櫃,0.53,0.52,600.0
738695,上櫃,0.0,0.0,0.0
738696,上櫃,0.78,0.79,159.0
738697,上櫃,0.0,0.0,0.0
738698,上櫃,0.0,0.0,0.0
738699,上櫃,0.0,0.0,0.0
738700,上櫃,0.0,0.0,0.0
738701,上櫃,0.0,0.0,0.0
738702,上櫃,0.0,0.0,0.0
738703,上櫃,0.12,0.1,55.0
738704,上櫃,0.0,0.0,0.0
738705,上櫃,0.0,0.0,0.0
738706,上櫃,0.0,0.0,0.0
738707,上櫃,0.0,0.0,0.0
738708,上櫃,0.0,0.0,0.0
738709,上櫃,0.41,0.41,100.0
738710,上櫃,0.0,0.0,0.0
738711,上櫃,0.0,0.0,0.0
738712,上櫃,0.0,0.0,0.0
738713,上櫃,0.22,0.22,20.0
738714,上櫃,0.0,0.0,0.0
738715,上櫃,0.0,0.0,0.0
738716,上櫃,0.0,0.0,0.0
738717,上櫃,0.0,0.0,0.0
738718,上櫃,0.8,0.75,800.0
738719,上櫃,0.48,0.42,190.0
738720,上櫃,31.8,31.8,3.0
738721,上櫃,0.0,0.0,0.0
738722,上櫃,0.0,0.0,0.0
738723,上櫃,0.0,0.0,0.0
738724,上櫃,0.0,0.0,0.0
738725,上櫃,0.0,0.0,0.0
738726,上櫃,0.89,0.91,29.0
738727,上櫃,0.0,0.0,0.0
738728,上櫃,0.0,0.0,0.0
738729,上櫃,0.0,0.0,0.0
738730,上櫃,0.61,0.55,58.0
738731,上櫃,0.0,0.0,0.0
738732,上櫃,0.0,0.0,0.0
738733,上櫃,0.0,0.0,0.0
738734,上櫃,0.0,0.0,0.0
738735,上櫃,0.0,0.0,0.0
738736,上櫃,0.0,0.0,0.0
738737,上櫃,0.0,0.0,0.0
738738,上櫃,0.0,0.0,0.0
738739,上櫃,0.67,0.68,104.0
738740,上櫃,0.0,0.0,0.0
738741,上櫃,0.0,0.0,0.0
738742,上櫃,0.0,0.0,0.0
738743,上櫃,0.51,0.55,192.0
738744,上櫃,0.0,0.0,0.0
738745,上櫃,1.12,1.06,106.0
738746,上櫃,0.0,0.0,0.0
738747,上櫃,0.0,0.0,0.0
738748,上櫃,0.46,0.46,10.0
738749,上櫃,0.0,0.0,0.0
738750,上櫃,0.0,0.0,0.0
738751,上櫃,0.38,0.39,298.0
738752,上櫃,0.0,0.0,0.0
738753,上櫃,0.0,0.0,0.0
738754,上櫃,0.0,0.0,0.0
738755,上櫃,0.48,0.47,377.0
738756,上櫃,0.82,0.84,401.0
738757,上櫃,0.0,0.0,0.0
738758,上櫃,0.48,0.5,110.0
738759,上櫃,0.0,0.0,0.0
738760,上櫃,0.0,0.0,0.0
738761,上櫃,0.0,0.0,0.0
738762,上櫃,0.47,0.47,1.0
738763,上櫃,0.42,0.42,92.0
738764,上櫃,0.0,0.0,0.0
738765,上櫃,0.74,0.74,256.0
738766,上櫃,0.33,0.33,49.0
738767,上櫃,0.85,0.88,133.0
738768,上櫃,0.0,0.0,0.0
738769,上櫃,0.0,0.0,0.0
738770,上櫃,0.32,0.44,1024.0
738771,上櫃,0.13,0.13,13.0
738772,上櫃,0.0,0.0,0.0
738773,上櫃,0.15,0.16,1812.0
738774,上櫃,1.06,1.25,265.0
738775,上櫃,0.96,1.0,118.0
738776,上櫃,0.0,0.0,0.0
738777,上櫃,0.0,0.0,0.0
738778,上櫃,0.47,0.48,88.0
738779,上櫃,0.49,0.49,57.0
738780,上櫃,0.0,0.0,0.0
738781,上櫃,0.0,0.0,0.0
738782,上櫃,0.0,0.0,0.0
738783,上櫃,0.0,0.0,0.0
738784,上櫃,5.05,5.05,2.0
738785,上櫃,0.0,0.0,0.0
738786,上櫃,0.36,0.5,83.0
738787,上櫃,0.0,0.0,0.0
738788,上櫃,8.35,8.35,1.0
738789,上櫃,0.0,0.0,0.0
738790,上櫃,0.36,0.36,11.0
738791,上櫃,0.33,0.35,26.0
738792,上櫃,0.0,0.0,0.0
738793,上櫃,0.98,0.99,125.0
738794,上櫃,0.0,0.0,0.0
738795,上櫃,0.0,0.0,0.0
738796,上櫃,0.0,0.0,0.0
738797,上櫃,0.05,0.05,5.0
738798,上櫃,0.0,0.0,0.0
738799,上櫃,0.0,0.0,0.0
738800,上櫃,0.0,0.0,0.0
738801,上櫃,0.48,0.48,499.0
738802,上櫃,0.0,0.0,0.0
738803,上櫃,0.64,0.62,148.0
738804,上櫃,0.0,0.0,0.0
738805,上櫃,0.31,0.33,369.0
738806,上櫃,0.75,0.76,20.0
738807,上櫃,0.71,0.71,28.0
738808,上櫃,0.0,0.0,0.0
738809,上櫃,0.0,0.0,0.0
738810,上櫃,1.99,2.01,11.0
738811,上櫃,1.74,1.76,63.0
738812,上櫃,6.25,6.25,9.0
738813,上櫃,0.22,0.24,1126.0
738814,上櫃,0.67,0.83,315.0
738815,上櫃,0.0,0.0,0.0
738816,上櫃,0.0,0.0,0.0
738817,上櫃,0.0,0.0,0.0
738818,上櫃,0.0,0.0,0.0
738819,上櫃,0.0,0.0,0.0
738820,上櫃,0.0,0.0,0.0
738821,上櫃,0.0,0.0,0.0
738822,上櫃,0.0,0.0,0.0
738823,上櫃,0.59,0.61,12.0
738824,上櫃,0.78,0.78,3.0
738825,上櫃,0.0,0.0,0.0
738826,上櫃,0.0,0.0,0.0
738827,上櫃,0.33,0.33,31.0
738828,上櫃,0.0,0.0,0.0
738829,上櫃,1.02,1.04,327.0
738830,上櫃,0.0,0.0,0.0
738831,上櫃,0.66,0.73,104.0
738832,上櫃,0.0,0.0,0.0
738833,上櫃,0.0,0.0,0.0
738834,上櫃,0.27,0.35,238.0
738835,上櫃,0.03,0.03,520.0
738836,上櫃,0.0,0.0,0.0
738837,上櫃,0.0,0.0,0.0
738838,上櫃,2.97,3.52,35.0
738839,上櫃,0.0,0.0,0.0
738840,上櫃,0.0,0.0,0.0
738841,上櫃,0.0,0.0,0.0
738842,上櫃,0.0,0.0,0.0
738843,上櫃,0.0,0.0,0.0
738844,上櫃,0.07,0.06,310.0
738845,上櫃,0.0,0.0,0.0
738846,上櫃,0.54,0.62,11.0
738847,上櫃,0.23,0.21,264.0
738848,上櫃,0.75,0.67,26.0
738849,上櫃,3.6,3.6,10.0
738850,上櫃,0.0,0.0,0.0
738851,上櫃,0.0,0.0,0.0
738852,上櫃,0.0,0.0,0.0
738853,上櫃,0.0,0.0,0.0
738854,上櫃,1.26,1.35,172.0
738855,上櫃,0.0,0.0,0.0
738856,上櫃,0.0,0.0,0.0
738857,上櫃,0.0,0.0,0.0
738858,上櫃,0.85,1.1,70.0
738859,上櫃,0.0,0.0,0.0
738860,上櫃,0.27,0.29,80.0
738861,上櫃,0.28,0.28,62.0
738862,上櫃,0.0,0.0,0.0
738863,上櫃,1.24,1.23,24.0
738864,上櫃,0.44,0.37,380.0
738865,上櫃,1.41,1.18,1021.0
738866,上櫃,0.0,0.0,0.0
738867,上櫃,1.18,1.28,14.0
738868,上櫃,0.31,0.31,10.0
738869,上櫃,0.0,0.0,0.0
738870,上櫃,35.7,37.0,3.0
738871,上櫃,2.02,2.02,10.0
738872,上櫃,0.0,0.0,0.0
738873,上櫃,0.0,0.0,0.0
738874,上櫃,0.0,0.0,0.0
738875,上櫃,0.05,0.05,100.0
738876,上櫃,0.0,0.0,0.0
738877,上櫃,0.39,0.47,1521.0
738878,上櫃,0.0,0.0,0.0
738879,上櫃,52.5,54.0,2.0
738880,上櫃,0.26,0.26,50.0
738881,上櫃,0.6,0.53,115.0
738882,上櫃,0.0,0.0,0.0
738883,上櫃,0.0,0.0,0.0
738884,上櫃,0.26,0.41,29.0
738885,上櫃,5.25,5.5,154.0
738886,上櫃,0.0,0.0,0.0
738887,上櫃,0.0,0.0,0.0
738888,上櫃,0.0,0.0,0.0
738889,上櫃,0.0,0.0,0.0
738890,上櫃,0.0,0.0,0.0
738891,上櫃,0.0,0.0,0.0
738892,上櫃,0.0,0.0,0.0
738893,上櫃,0.0,0.0,0.0
738894,上櫃,0.0,0.0,0.0
738895,上櫃,0.0,0.0,0.0
738896,上櫃,0.0,0.0,0.0
738897,上櫃,0.0,0.0,0.0
738898,上櫃,0.0,0.0,0.0
738899,上櫃,4.98,5.1,13.0
738900,上櫃,0.0,0.0,0.0
738901,上櫃,0.0,0.0,0.0
738902,上櫃,0.0,0.0,0.0
738903,上櫃,4.34,4.34,9.0
738904,上櫃,0.08,0.08,70.0
738905,上櫃,24.4,25.7,12.0
738906,上櫃,0.0,0.0,0.0
738907,上櫃,0.0,0.0,0.0
738908,上櫃,0.0,0.0,0.0
738909,上櫃,0.03,0.03,10.0
738910,上櫃,0.0,0.0,0.0
738911,上櫃,0.0,0.0,0.0
738912,上櫃,0.0,0.0,0.0
738913,上櫃,0.0,0.0,0.0
738914,上櫃,2.19,2.04,236.0
738915,上櫃,0.0,0.0,0.0
738916,上櫃,0.0,0.0,0.0
738917,上櫃,0.0,0.0,0.0
738918,上櫃,0.0,0.0,0.0
738919,上櫃,0.0,0.0,0.0
738920,上櫃,0.0,0.0,0.0
738921,上櫃,2.67,2.6,810.0
738922,上櫃,0.0,0.0,0.0
738923,上櫃,0.27,0.42,940.0
738924,上櫃,0.0,0.0,0.0
738925,上櫃,0.0,0.0,0.0
738926,上櫃,0.07,0.07,190.0
738927,上櫃,0.0,0.0,0.0
738928,上櫃,0.0,0.0,0.0
738929,上櫃,0.13,0.15,250.0
738930,上櫃,0.0,0.0,0.0
738931,上櫃,0.0,0.0,0.0
738932,上櫃,0.0,0.0,0.0
738933,上櫃,0.64,0.64,202.0
738934,上櫃,0.67,0.67,100.0
738935,上櫃,0.16,0.16,80.0
738936,上櫃,0.27,0.27,12.0
738937,上櫃,0.0,0.0,0.0
738938,上櫃,0.0,0.0,0.0
738939,上櫃,0.0,0.0,0.0
738940,上櫃,0.92,0.84,260.0
738941,上櫃,2.5,2.5,17.0
738942,上櫃,0.0,0.0,0.0
738943,上櫃,0.52,0.54,558.0
738944,上櫃,0.0,0.0,0.0
738945,上櫃,0.0,0.0,0.0
738946,上櫃,0.66,0.66,5.0
738947,上櫃,0.0,0.0,0.0
738948,上櫃,0.0,0.0,0.0
738949,上櫃,3.64,3.73,27.0
738950,上櫃,2.06,1.78,177.0
738951,上櫃,0.0,0.0,0.0
738952,上櫃,0.0,0.0,0.0
738953,上櫃,0.0,0.0,0.0
738954,上櫃,3.04,2.77,192.0
738955,上櫃,0.13,0.13,30.0
738956,上櫃,0.0,0.0,0.0
738957,上櫃,0.0,0.0,0.0
738958,上櫃,0.0,0.0,0.0
738959,上櫃,0.0,0.0,0.0
738960,上櫃,0.0,0.0,0.0
738961,上櫃,2.42,2.36,79.0
738962,上櫃,0.0,0.0,0.0
738963,上櫃,5.15,5.0,19.0
738964,上櫃,0.0,0.0,0.0
738965,上櫃,0.61,0.63,55.0
738966,上櫃,0.0,0.0,0.0
738967,上櫃,0.0,0.0,0.0
738968,上櫃,3.49,3.08,32.0
738969,上櫃,0.0,0.0,0.0
738970,上櫃,0.0,0.0,0.0
738971,上櫃,0.0,0.0,0.0
738972,上櫃,0.0,0.0,0.0
738973,上櫃,1.42,1.48,97.0
738974,上櫃,0.0,0.0,0.0
738975,上櫃,0.0,0.0,0.0
738976,上櫃,0.0,0.0,0.0
738977,上櫃,0.0,0.0,0.0
738978,上櫃,2.2,2.53,101.0
738979,上櫃,0.0,0.0,0.0
738980,上櫃,0.0,0.0,0.0
738981,上櫃,0.0,0.0,0.0
738982,上櫃,0.0,0.0,0.0
738983,上櫃,0.0,0.0,0.0
738984,上櫃,0.0,0.0,0.0
738985,上櫃,1.74,1.74,1.0
738986,上櫃,0.0,0.0,0.0
738987,上櫃,0.0,0.0,0.0
738988,上櫃,1.54,2.17,107.0
738989,上櫃,0.0,0.0,0.0
738990,上櫃,0.0,0.0,0.0
738991,上櫃,0.0,0.0,0.0
738992,上櫃,0.0,0.0,0.0
738993,上櫃,0.0,0.0,0.0
738994,上櫃,1.02,1.02,14.0
738995,上櫃,0.0,0.0,0.0
738996,上櫃,2.87,2.48,702.0
738997,上櫃,0.0,0.0,0.0
738998,上櫃,0.0,0.0,0.0
738999,上櫃,0.0,0.0,0.0
739000,上櫃,2.83,2.86,22.0
739001,上櫃,0.0,0.0,0.0
739002,上櫃,0.0,0.0,0.0
739003,上櫃,0.71,0.63,1204.0
739004,上櫃,2.46,2.46,1.0
739005,上櫃,0.0,0.0,0.0
739006,上櫃,0.07,0.06,110.0
739007,上櫃,0.0,0.0,0.0
739008,上櫃,0.0,0.0,0.0
739009,上櫃,0.0,0.0,0.0
739010,上櫃,0.0,0.0,0.0
739011,上櫃,1.81,1.78,60.0
739012,上櫃,1.99,1.83,26.0
739013,上櫃,6.0,6.0,8.0
739014,上櫃,0.0,0.0,0.0
739015,上櫃,0.0,0.0,0.0
739016,上櫃,0.0,0.0,0.0
739017,上櫃,0.0,0.0,0.0
739018,上櫃,1.46,1.3,36.0
739019,上櫃,0.0,0.0,0.0
739020,上櫃,0.0,0.0,0.0
739021,上櫃,0.0,0.0,0.0
739022,上櫃,0.0,0.0,0.0
739023,上櫃,0.0,0.0,0.0
739024,上櫃,0.48,0.42,621.0
739025,上櫃,0.0,0.0,0.0
739026,上櫃,0.0,0.0,0.0
739027,上櫃,8.1,8.1,10.0
739028,上櫃,0.0,0.0,0.0
739029,上櫃,1.58,1.46,175.0
739030,上櫃,0.0,0.0,0.0
739031,上櫃,0.0,0.0,0.0
739032,上櫃,0.0,0.0,0.0
739033,上櫃,3.8,3.98,56.0
739034,上櫃,0.0,0.0,0.0
739035,上櫃,1.68,1.59,35.0
739036,上櫃,0.0,0.0,0.0
739037,上櫃,0.0,0.0,0.0
739038,上櫃,0.0,0.0,0.0
739039,上櫃,0.0,0.0,0.0
739040,上櫃,0.39,0.42,65.0
739041,上櫃,0.56,0.56,2.0
739042,上櫃,0.0,0.0,0.0
739043,上櫃,11.4,13.1,267.0
739044,上櫃,0.0,0.0,0.0
739045,上櫃,0.89,0.9,242.0
739046,上櫃,0.0,0.0,0.0
739047,上櫃,0.0,0.0,0.0
739048,上櫃,0.0,0.0,0.0
739049,上櫃,3.43,3.41,60.0
739050,上櫃,3.63,3.72,77.0
739051,上櫃,0.0,0.0,0.0
739052,上櫃,2.3,2.02,21.0
739053,上櫃,2.66,2.38,141.0
739054,上櫃,4.79,5.4,128.0
739055,上櫃,0.0,0.0,0.0
739056,上櫃,0.0,0.0,0.0
739057,上櫃,0.0,0.0,0.0
739058,上櫃,0.0,0.0,0.0
739059,上櫃,0.0,0.0,0.0
739060,上櫃,0.0,0.0,0.0
739061,上櫃,0.0,0.0,0.0
739062,上櫃,0.0,0.0,0.0
739063,上櫃,0.39,0.39,140.0
739064,上櫃,0.0,0.0,0.0
739065,上櫃,0.0,0.0,0.0
739066,上櫃,0.0,0.0,0.0
739067,上櫃,2.62,2.85,31.0
739068,上櫃,0.0,0.0,0.0
739069,上櫃,0.28,0.32,51.0
739070,上櫃,0.0,0.0,0.0
739071,上櫃,3.15,3.0,37.0
739072,上櫃,0.0,0.0,0.0
739073,上櫃,0.0,0.0,0.0
739074,上櫃,0.0,0.0,0.0
739075,上櫃,0.0,0.0,0.0
739076,上櫃,0.0,0.0,0.0
739077,上櫃,0.0,0.0,0.0
739078,上櫃,0.0,0.0,0.0
739079,上櫃,0.0,0.0,0.0
739080,上櫃,1.66,1.77,31.0
739081,上櫃,0.0,0.0,0.0
739082,上櫃,0.05,0.08,271.0
739083,上櫃,0.0,0.0,0.0
739084,上櫃,0.0,0.0,0.0
739085,上櫃,0.0,0.0,0.0
739086,上櫃,0.0,0.0,0.0
739087,上櫃,0.0,0.0,0.0
739088,上櫃,48.1,48.1,10.0
739089,上櫃,0.0,0.0,0.0
739090,上櫃,0.0,0.0,0.0
739091,上櫃,0.0,0.0,0.0
739092,上櫃,0.21,0.22,115.0
739093,上櫃,0.0,0.0,0.0
739094,上櫃,0.0,0.0,0.0
739095,上櫃,0.0,0.0,0.0
739096,上櫃,0.0,0.0,0.0
739097,上櫃,0.0,0.0,0.0
739098,上櫃,0.0,0.0,0.0
739099,上櫃,0.0,0.0,0.0
739100,上櫃,0.0,0.0,0.0
739101,上櫃,0.0,0.0,0.0
739102,上櫃,0.0,0.0,0.0
739103,上櫃,0.0,0.0,0.0
739104,上櫃,0.0,0.0,0.0
739105,上櫃,0.0,0.0,0.0
739106,上櫃,2.2,2.26,109.0
739107,上櫃,0.0,0.0,0.0
739108,上櫃,0.0,0.0,0.0
739109,上櫃,0.26,0.3,474.0
739110,上櫃,0.1,0.1,1.0
739111,上櫃,1.62,1.55,78.0
739112,上櫃,0.0,0.0,0.0
739113,上櫃,0.0,0.0,0.0
739114,上櫃,0.0,0.0,0.0
739115,上櫃,15.8,16.7,51.0
739116,上櫃,0.0,0.0,0.0
739117,上櫃,0.72,0.72,20.0
739118,上櫃,0.25,0.25,20.0
739119,上櫃,0.0,0.0,0.0
739120,上櫃,0.0,0.0,0.0
739121,上櫃,0.0,0.0,0.0
739122,上櫃,0.0,0.0,0.0
739123,上櫃,0.0,0.0,0.0
739124,上櫃,0.0,0.0,0.0
739125,上櫃,0.0,0.0,0.0
739126,上櫃,0.0,0.0,0.0
739127,上櫃,0.3,0.27,251.0
739128,上櫃,0.0,0.0,0.0
739129,上櫃,0.0,0.0,0.0
739130,上櫃,0.0,0.0,0.0
739131,上櫃,4.84,5.1,30.0
739132,上櫃,0.0,0.0,0.0
739133,上櫃,0.0,0.0,0.0
739134,上櫃,1.54,1.5,546.0
739135,上櫃,1.69,1.71,119.0
739136,上櫃,0.0,0.0,0.0
739137,上櫃,0.2,0.18,102.0
739138,上櫃,0.24,0.25,31.0
739139,上櫃,0.0,0.0,0.0
739140,上櫃,0.0,0.0,0.0
739141,上櫃,0.0,0.0,0.0
739142,上櫃,0.0,0.0,0.0
739143,上櫃,0.0,0.0,0.0
739144,上櫃,0.0,0.0,0.0
739145,上櫃,2.26,2.23,536.0
739146,上櫃,0.0,0.0,0.0
739147,上櫃,0.0,0.0,0.0
739148,上櫃,2.23,2.35,489.0
739149,上櫃,0.0,0.0,0.0
739150,上櫃,0.0,0.0,0.0
739151,上櫃,0.0,0.0,0.0
739152,上櫃,0.49,0.49,23.0
739153,上櫃,0.1,0.1,299.0
739154,上櫃,0.0,0.0,0.0
739155,上櫃,36.6,36.6,2.0
739156,上櫃,0.61,0.61,5.0
739157,上櫃,1.76,1.56,44.0
739158,上櫃,0.0,0.0,0.0
739159,上櫃,0.0,0.0,0.0
739160,上櫃,0.0,0.0,0.0
739161,上櫃,0.0,0.0,0.0
739162,上櫃,0.0,0.0,0.0
739163,上櫃,0.11,0.11,10.0
739164,上櫃,0.0,0.0,0.0
739165,上櫃,0.0,0.0,0.0
739166,上櫃,0.44,0.44,35.0
739167,上櫃,0.09,0.08,327.0
739168,上櫃,0.0,0.0,0.0
739169,上櫃,0.0,0.0,0.0
739170,上櫃,0.0,0.0,0.0
739171,上櫃,0.0,0.0,0.0
739172,上櫃,1.36,1.36,7.0
739173,上櫃,0.0,0.0,0.0
739174,上櫃,0.0,0.0,0.0
739175,上櫃,0.0,0.0,0.0
739176,上櫃,2.25,2.25,236.0
739177,上櫃,0.53,0.64,51.0
739178,上櫃,31.3,31.3,10.0
739179,上櫃,0.0,0.0,0.0
739180,上櫃,0.06,0.06,20.0
739181,上櫃,2.61,2.61,1.0
739182,上櫃,0.0,0.0,0.0
739183,上櫃,17.8,17.8,1.0
739184,上櫃,0.0,0.0,0.0
739185,上櫃,0.0,0.0,0.0
739186,上櫃,0.0,0.0,0.0
739187,上櫃,2.73,2.73,5.0
739188,上櫃,0.0,0.0,0.0
739189,上櫃,0.0,0.0,0.0
739190,上櫃,0.0,0.0,0.0
739191,上櫃,0.0,0.0,0.0
739192,上櫃,0.92,1.07,2475.0
739193,上櫃,0.0,0.0,0.0
739194,上櫃,0.0,0.0,0.0
739195,上櫃,0.0,0.0,0.0
739196,上櫃,0.89,0.93,351.0
739197,上櫃,0.0,0.0,0.0
739198,上櫃,0.0,0.0,0.0
739199,上櫃,1.69,1.83,51.0
739200,上櫃,0.0,0.0,0.0
739201,上櫃,0.0,0.0,0.0
739202,上櫃,0.0,0.0,0.0
739203,上櫃,0.0,0.0,0.0
739204,上櫃,0.0,0.0,0.0
739205,上櫃,0.0,0.0,0.0
739206,上櫃,0.0,0.0,0.0
739207,上櫃,0.0,0.0,0.0
739208,上櫃,0.0,0.0,0.0
739209,上櫃,0.0,0.0,0.0
739210,上櫃,5.6,5.4,9.0
739211,上櫃,0.0,0.0,0.0
739212,上櫃,0.0,0.0,0.0
739213,上櫃,0.0,0.0,0.0
739214,上櫃,0.0,0.0,0.0
739215,上櫃,13.8,13.8,1.0
739216,上櫃,0.0,0.0,0.0
739217,上櫃,0.0,0.0,0.0
739218,上櫃,0.0,0.0,0.0
739219,上櫃,0.33,0.34,50.0
739220,上櫃,0.3,0.32,250.0
739221,上櫃,0.37,0.37,100.0
739222,上櫃,0.0,0.0,0.0
739223,上櫃,55.5,55.5,1.0
739224,上櫃,0.0,0.0,0.0
739225,上櫃,1.65,1.47,66.0
739226,上櫃,0.0,0.0,0.0
739227,上櫃,0.0,0.0,0.0
739228,上櫃,0.0,0.0,0.0
739229,上櫃,0.0,0.0,0.0
739230,上櫃,0.0,0.0,0.0
739231,上櫃,0.0,0.0,0.0
739232,上櫃,0.0,0.0,0.0
739233,上櫃,0.0,0.0,0.0
739234,上櫃,0.21,0.21,5.0
739235,上櫃,1.39,1.39,10.0
739236,上櫃,0.0,0.0,0.0
739237,上櫃,0.35,0.36,235.0
739238,上櫃,0.52,0.54,75.0
739239,上櫃,0.0,0.0,0.0
739240,上櫃,0.0,0.0,0.0
739241,上櫃,0.0,0.0,0.0
739242,上櫃,0.0,0.0,0.0
739243,上櫃,0.0,0.0,0.0
739244,上櫃,0.0,0.0,0.0
739245,上櫃,0.0,0.0,0.0
739246,上櫃,0.0,0.0,0.0
739247,上櫃,0.0,0.0,0.0
739248,上櫃,0.0,0.0,0.0
739249,上櫃,0.0,0.0,0.0
739250,上櫃,20.9,21.0,28.0
739251,上櫃,10.2,10.0,82.0
739252,上櫃,0.0,0.0,0.0
739253,上櫃,4.51,4.59,102.0
739254,上櫃,4.53,4.68,26.0
739255,上櫃,1.46,1.68,580.0
739256,上櫃,0.0,0.0,0.0
739257,上櫃,0.0,0.0,0.0
739258,上櫃,0.0,0.0,0.0
739259,上櫃,0.0,0.0,0.0
739260,上櫃,9.75,10.3,27.0
739261,上櫃,0.0,0.0,0.0
739262,上櫃,10.1,10.1,4.0
739263,上櫃,10.5,11.2,223.0
739264,上櫃,0.18,0.53,120.0
739265,上櫃,0.32,0.32,100.0
739266,上櫃,0.0,0.0,0.0
739267,上櫃,2.88,2.84,33.0
739268,上櫃,0.0,0.0,0.0
739269,上櫃,0.0,0.0,0.0
739270,上櫃,18.2,18.0,3.0
739271,上櫃,0.0,0.0,0.0
739272,上櫃,0.0,0.0,0.0
739273,上櫃,0.0,0.0,0.0
739274,上櫃,0.0,0.0,0.0
739275,上櫃,1.26,1.69,37.0
739276,上櫃,0.0,0.0,0.0
739277,上櫃,0.56,0.52,521.0
739278,上櫃,0.0,0.0,0.0
739279,上櫃,0.0,0.0,0.0
739280,上櫃,0.0,0.0,0.0
739281,上櫃,0.0,0.0,0.0
739282,上櫃,11.9,12.1,5.0
739283,上櫃,0.0,0.0,0.0
739284,上櫃,0.0,0.0,0.0
739285,上櫃,0.0,0.0,0.0
739286,上櫃,0.0,0.0,0.0
739287,上櫃,50.5,51.5,9.0
739288,上櫃,0.0,0.0,0.0
739289,上櫃,1.54,1.54,20.0
739290,上櫃,0.0,0.0,0.0
739291,上櫃,0.0,0.0,0.0
739292,上櫃,0.0,0.0,0.0
739293,上櫃,0.0,0.0,0.0
739294,上櫃,19.0,20.1,23.0
739295,上櫃,20.8,20.8,1.0
739296,上櫃,1.49,2.1,184.0
739297,上櫃,0.0,0.0,0.0
739298,上櫃,0.0,0.0,0.0
739299,上櫃,36.5,37.2,40.0
739300,上櫃,0.0,0.0,0.0
739301,上櫃,0.0,0.0,0.0
739302,上櫃,0.0,0.0,0.0
739303,上櫃,1.3,1.34,2.0
739304,上櫃,0.0,0.0,0.0
739305,上櫃,0.89,0.94,111.0
739306,上櫃,0.0,0.0,0.0
739307,上櫃,0.0,0.0,0.0
739308,上櫃,0.0,0.0,0.0
739309,上櫃,0.0,0.0,0.0
739310,上櫃,0.81,1.0,933.0
739311,上櫃,0.95,0.95,68.0
739312,上櫃,0.0,0.0,0.0
739313,上櫃,0.0,0.0,0.0
739314,上櫃,0.0,0.0,0.0
739315,上櫃,0.0,0.0,0.0
739316,上櫃,0.38,0.38,167.0
739317,上櫃,0.1,0.1,856.0
739318,上櫃,0.51,0.64,1005.0
739319,上櫃,0.0,0.0,0.0
739320,上櫃,0.0,0.0,0.0
739321,上櫃,0.0,0.0,0.0
739322,上櫃,0.0,0.0,0.0
739323,上櫃,0.29,0.29,50.0
739324,上櫃,0.0,0.0,0.0
739325,上櫃,0.0,0.0,0.0
739326,上櫃,2.17,2.17,3.0
739327,上櫃,0.0,0.0,0.0
739328,上櫃,0.0,0.0,0.0
739329,上櫃,0.0,0.0,0.0
739330,上櫃,0.0,0.0,0.0
739331,上櫃,0.0,0.0,0.0
739332,上櫃,0.0,0.0,0.0
739333,上櫃,0.0,0.0,0.0
739334,上櫃,1.02,1.28,232.0
739335,上櫃,0.69,0.89,463.0
739336,上櫃,0.0,0.0,0.0
739337,上櫃,0.0,0.0,0.0
739338,上櫃,0.0,0.0,0.0
739339,上櫃,0.0,0.0,0.0
739340,上櫃,0.36,0.34,420.0
739341,上櫃,0.36,0.35,835.0
739342,上櫃,7.8,7.8,1.0
739343,上櫃,0.0,0.0,0.0
739344,上櫃,0.0,0.0,0.0
739345,上櫃,0.22,0.22,20.0
739346,上櫃,0.7,0.88,330.0
739347,上櫃,0.0,0.0,0.0
739348,上櫃,0.0,0.0,0.0
739349,上櫃,0.0,0.0,0.0
739350,上櫃,0.95,0.87,120.0
739351,上櫃,0.62,0.62,16.0
739352,上櫃,0.0,0.0,0.0
739353,上櫃,0.0,0.0,0.0
739354,上櫃,0.94,0.9,444.0
739355,上櫃,1.26,1.18,884.0
739356,上櫃,0.0,0.0,0.0
739357,上櫃,0.0,0.0,0.0
739358,上櫃,0.34,0.34,109.0
739359,上櫃,1.14,1.32,194.0
739360,上櫃,0.0,0.0,0.0
739361,上櫃,0.0,0.0,0.0
739362,上櫃,0.0,0.0,0.0
739363,上櫃,0.0,0.0,0.0
739364,上櫃,1.34,1.34,40.0
739365,上櫃,0.78,0.77,50.0
739366,上櫃,0.0,0.0,0.0
739367,上櫃,0.0,0.0,0.0
739368,上櫃,0.36,0.36,300.0
739369,上櫃,0.56,0.56,5.0
739370,上櫃,0.0,0.0,0.0
739371,上櫃,0.0,0.0,0.0
739372,上櫃,0.0,0.0,0.0
739373,上櫃,0.0,0.0,0.0
739374,上櫃,0.78,0.91,236.0
739375,上櫃,0.57,0.57,20.0
739376,上櫃,0.38,0.38,1.0
739377,上櫃,2.44,2.52,13.0
739378,上櫃,0.0,0.0,0.0
739379,上櫃,0.0,0.0,0.0
739380,上櫃,0.91,0.91,9.0
739381,上櫃,3.38,3.47,17.0
739382,上櫃,0.0,0.0,0.0
739383,上櫃,0.0,0.0,0.0
739384,上櫃,0.33,0.33,10.0
739385,上櫃,0.65,0.65,53.0
739386,上櫃,0.56,0.56,10.0
739387,上櫃,0.61,0.71,389.0
739388,上櫃,0.47,0.48,108.0
739389,上櫃,0.0,0.0,0.0
739390,上櫃,0.0,0.0,0.0
739391,上櫃,0.0,0.0,0.0
739392,上櫃,0.0,0.0,0.0
739393,上櫃,0.0,0.0,0.0
739394,上櫃,0.0,0.0,0.0
739395,上櫃,0.0,0.0,0.0
739396,上櫃,1.27,1.26,29.0
739397,上櫃,1.13,1.1,129.0
739398,上櫃,0.0,0.0,0.0
739399,上櫃,0.47,0.47,303.0
739400,上櫃,0.14,0.22,205.0
739401,上櫃,0.21,0.36,647.0
739402,上櫃,0.0,0.0,0.0
739403,上櫃,0.0,0.0,0.0
739404,上櫃,0.39,0.39,241.0
739405,上櫃,0.0,0.0,0.0
739406,上櫃,0.53,0.56,32.0
739407,上櫃,1.04,1.23,198.0
739408,上櫃,0.24,0.23,14.0
739409,上櫃,0.0,0.0,0.0
739410,上櫃,0.37,0.33,410.0
739411,上櫃,4.4,4.56,69.0
739412,上櫃,0.0,0.0,0.0
739413,上櫃,0.0,0.0,0.0
739414,上櫃,0.0,0.0,0.0
739415,上櫃,0.0,0.0,0.0
739416,上櫃,0.81,1.01,443.0
739417,上櫃,0.53,0.65,735.0
739418,上櫃,0.0,0.0,0.0
739419,上櫃,0.0,0.0,0.0
739420,上櫃,0.0,0.0,0.0
739421,上櫃,1.41,1.57,104.0
739422,上櫃,0.0,0.0,0.0
739423,上櫃,0.0,0.0,0.0
739424,上櫃,0.0,0.0,0.0
739425,上櫃,0.52,0.51,22.0
739426,上櫃,0.0,0.0,0.0
739427,上櫃,0.0,0.0,0.0
739428,上櫃,1.25,1.61,578.0
739429,上櫃,0.0,0.0,0.0
739430,上櫃,0.84,0.84,10.0
739431,上櫃,0.98,1.05,28.0
739432,上櫃,1.24,1.5,695.0
739433,上櫃,0.0,0.0,0.0
739434,上櫃,0.69,0.88,822.0
739435,上櫃,0.0,0.0,0.0
739436,上櫃,0.59,0.78,806.0
739437,上櫃,1.58,1.5,275.0
739438,上櫃,0.54,0.59,243.0
739439,上櫃,0.47,0.46,40.0
739440,上櫃,0.0,0.0,0.0
739441,上櫃,0.32,0.32,30.0
739442,上櫃,0.36,0.37,305.0
739443,上櫃,0.0,0.0,0.0
739444,上櫃,0.75,0.8,357.0
739445,上櫃,0.7,0.71,115.0
739446,上櫃,1.13,1.15,190.0
739447,上櫃,0.32,0.32,76.0
739448,上櫃,0.0,0.0,0.0
739449,上櫃,0.0,0.0,0.0
739450,上櫃,0.0,0.0,0.0
739451,上櫃,2.04,2.04,2.0
739452,上櫃,0.0,0.0,0.0
739453,上櫃,0.0,0.0,0.0
739454,上櫃,0.41,0.41,11.0
739455,上櫃,0.0,0.0,0.0
739456,上櫃,1.41,1.36,41.0
739457,上櫃,1.13,1.25,2.0
739458,上櫃,0.55,0.68,163.0
739459,上櫃,0.71,0.8,650.0
739460,上櫃,0.65,0.65,50.0
739461,上櫃,0.0,0.0,0.0
739462,上櫃,0.78,0.78,85.0
739463,上櫃,0.0,0.0,0.0
739464,上櫃,2.77,2.44,36.0
739465,上櫃,0.0,0.0,0.0
739466,上櫃,1.03,1.03,22.0
739467,上櫃,1.19,1.46,189.0
739468,上櫃,0.0,0.0,0.0
739469,上櫃,0.27,0.26,11.0
739470,上櫃,0.41,0.44,529.0
739471,上櫃,4.92,4.17,93.0
739472,上櫃,0.0,0.0,0.0
739473,上櫃,0.68,0.79,28.0
739474,上櫃,0.59,0.59,2.0
739475,上櫃,0.39,0.41,60.0
739476,上櫃,0.0,0.0,0.0
739477,上櫃,0.76,0.74,66.0
739478,上櫃,0.0,0.0,0.0
739479,上櫃,0.0,0.0,0.0
739480,上櫃,0.48,0.49,106.0
739481,上櫃,0.65,0.67,118.0
739482,上櫃,0.0,0.0,0.0
739483,上櫃,0.0,0.0,0.0
739484,上櫃,0.0,0.0,0.0
739485,上櫃,0.79,0.77,23.0
739486,上櫃,0.0,0.0,0.0
739487,上櫃,0.0,0.0,0.0
739488,上櫃,0.0,0.0,0.0
739489,上櫃,0.0,0.0,0.0
739490,上櫃,0.0,0.0,0.0
739491,上櫃,0.0,0.0,0.0
739492,上櫃,0.0,0.0,0.0
739493,上櫃,0.0,0.0,0.0
739494,上櫃,1.05,1.3,58.0
739495,上櫃,0.87,0.87,5.0
739496,上櫃,0.32,0.32,150.0
739497,上櫃,0.0,0.0,0.0
739498,上櫃,0.0,0.0,0.0
739499,上櫃,2.96,2.87,240.0
739500,上櫃,1.18,1.56,1361.0
739501,上櫃,0.36,0.36,1.0
739502,上櫃,0.0,0.0,0.0
739503,上櫃,0.0,0.0,0.0
739504,上櫃,0.35,0.34,32.0
739505,上櫃,1.17,1.17,4.0
739506,上櫃,1.4,1.5,387.0
739507,上櫃,0.0,0.0,0.0
739508,上櫃,0.0,0.0,0.0
739509,上櫃,1.16,1.19,73.0
739510,上櫃,0.46,0.51,101.0
739511,上櫃,0.0,0.0,0.0
739512,上櫃,1.94,3.0,289.0
739513,上櫃,0.56,0.66,1028.0
739514,上櫃,0.0,0.0,0.0
739515,上櫃,0.25,0.25,182.0
739516,上櫃,0.0,0.0,0.0
739517,上櫃,0.65,0.7,207.0
739518,上櫃,0.53,0.59,136.0
739519,上櫃,0.0,0.0,0.0
739520,上櫃,1.51,1.37,260.0
739521,上櫃,0.74,0.72,258.0
739522,上櫃,0.35,0.35,5.0
739523,上櫃,0.69,0.68,44.0
739524,上櫃,0.28,0.31,57.0
739525,上櫃,0.28,0.3,80.0
739526,上櫃,2.8,2.92,29.0
739527,上櫃,0.0,0.0,0.0
739528,上櫃,0.8,0.95,37.0
739529,上櫃,0.0,0.0,0.0
739530,上櫃,0.0,0.0,0.0
739531,上櫃,0.0,0.0,0.0
739532,上櫃,0.78,0.81,50.0
739533,上櫃,0.91,1.15,388.0
739534,上櫃,0.3,0.34,1042.0
739535,上櫃,0.0,0.0,0.0
739536,上櫃,1.08,1.13,22.0
739537,上櫃,0.0,0.0,0.0
739538,上櫃,0.0,0.0,0.0
739539,上櫃,0.0,0.0,0.0
739540,上櫃,4.16,4.09,11.0
739541,上櫃,0.0,0.0,0.0
739542,上櫃,0.68,0.6,54.0
739543,上櫃,0.0,0.0,0.0
739544,上櫃,0.0,0.0,0.0
739545,上櫃,1.53,1.42,32.0
739546,上櫃,0.0,0.0,0.0
739547,上櫃,1.44,1.73,1426.0
739548,上櫃,0.0,0.0,0.0
739549,上櫃,0.71,0.71,50.0
739550,上櫃,0.0,0.0,0.0
739551,上櫃,0.16,0.16,1.0
739552,上櫃,0.0,0.0,0.0
739553,上櫃,0.0,0.0,0.0
739554,上櫃,0.0,0.0,0.0
739555,上櫃,9.1,9.1,6.0
739556,上櫃,0.0,0.0,0.0
739557,上櫃,0.0,0.0,0.0
739558,上櫃,0.0,0.0,0.0
739559,上櫃,0.0,0.0,0.0
739560,上櫃,0.71,0.76,44.0
739561,上櫃,0.52,0.69,147.0
739562,上櫃,0.77,0.77,20.0
739563,上櫃,0.0,0.0,0.0
739564,上櫃,0.0,0.0,0.0
739565,上櫃,9.8,9.75,2.0
739566,上櫃,0.0,0.0,0.0
739567,上櫃,0.37,0.4,101.0
739568,上櫃,0.42,0.43,59.0
739569,上櫃,1.08,1.14,219.0
739570,上櫃,0.71,0.71,48.0
739571,上櫃,0.0,0.0,0.0
739572,上櫃,0.0,0.0,0.0
739573,上櫃,0.0,0.0,0.0
739574,上櫃,0.0,0.0,0.0
739575,上櫃,0.0,0.0,0.0
739576,上櫃,0.0,0.0,0.0
739577,上櫃,2.11,1.77,85.0
739578,上櫃,0.81,0.93,306.0
739579,上櫃,2.6,2.64,155.0
739580,上櫃,0.0,0.0,0.0
739581,上櫃,1.31,1.4,126.0
739582,上櫃,0.52,0.51,14.0
739583,上櫃,0.47,0.47,2.0
739584,上櫃,0.4,0.41,20.0
739585,上櫃,1.54,1.54,24.0
739586,上櫃,0.51,0.51,1.0
739587,上櫃,0.0,0.0,0.0
739588,上櫃,4.05,4.05,12.0
739589,上櫃,0.0,0.0,0.0
739590,上櫃,10.4,10.4,5.0
739591,上櫃,0.0,0.0,0.0
739592,上櫃,0.0,0.0,0.0
739593,上櫃,0.93,0.92,43.0
739594,上櫃,0.0,0.0,0.0
739595,上櫃,0.0,0.0,0.0
739596,上櫃,0.0,0.0,0.0
739597,上櫃,7.55,7.6,11.0
739598,上櫃,0.65,0.65,35.0
739599,上櫃,1.17,1.16,130.0
739600,上櫃,0.0,0.0,0.0
739601,上櫃,0.25,0.25,1.0
739602,上櫃,0.0,0.0,0.0
739603,上櫃,0.0,0.0,0.0
739604,上櫃,0.0,0.0,0.0
739605,上櫃,0.0,0.0,0.0
739606,上櫃,0.0,0.0,0.0
739607,上櫃,2.99,2.62,43.0
739608,上櫃,0.0,0.0,0.0
739609,上櫃,0.42,0.48,287.0
739610,上櫃,1.7,1.93,836.0
739611,上櫃,0.0,0.0,0.0
739612,上櫃,0.0,0.0,0.0
739613,上櫃,0.22,0.27,255.0
739614,上櫃,0.0,0.0,0.0
739615,上櫃,0.0,0.0,0.0
739616,上櫃,0.0,0.0,0.0
739617,上櫃,0.0,0.0,0.0
739618,上櫃,0.0,0.0,0.0
739619,上櫃,0.0,0.0,0.0
739620,上櫃,0.0,0.0,0.0
739621,上櫃,2.47,2.47,2.0
739622,上櫃,0.0,0.0,0.0
739623,上櫃,3.47,3.61,20.0
739624,上櫃,7.1,6.85,20.0
739625,上櫃,0.3,0.37,777.0
739626,上櫃,0.23,0.24,294.0
739627,上櫃,1.63,1.54,95.0
739628,上櫃,0.0,0.0,0.0
739629,上櫃,0.0,0.0,0.0
739630,上櫃,0.46,0.46,39.0
739631,上櫃,0.45,0.61,574.0
739632,上櫃,0.0,0.0,0.0
739633,上櫃,0.99,1.28,343.0
739634,上櫃,0.43,0.45,165.0
739635,上櫃,0.24,0.24,3.0
739636,上櫃,0.0,0.0,0.0
739637,上櫃,0.48,0.42,94.0
739638,上櫃,0.16,0.16,20.0
739639,上櫃,0.52,0.52,1.0
739640,上櫃,0.0,0.0,0.0
739641,上櫃,0.0,0.0,0.0
739642,上櫃,0.54,0.51,1055.0
739643,上櫃,0.0,0.0,0.0
739644,上櫃,0.46,0.48,13.0
739645,上櫃,0.28,0.28,20.0
739646,上櫃,0.0,0.0,0.0
739647,上櫃,0.0,0.0,0.0
739648,上櫃,0.37,0.35,62.0
739649,上櫃,0.0,0.0,0.0
739650,上櫃,0.66,0.72,88.0
739651,上櫃,0.33,0.33,154.0
739652,上櫃,0.0,0.0,0.0
739653,上櫃,4.44,4.44,3.0
739654,上櫃,0.0,0.0,0.0
739655,上櫃,0.0,0.0,0.0
739656,上櫃,0.3,0.34,1762.0
739657,上櫃,0.21,0.24,215.0
739658,上櫃,6.45,6.45,1.0
739659,上櫃,0.0,0.0,0.0
739660,上櫃,9.0,9.4,11.0
739661,上櫃,0.0,0.0,0.0
739662,上櫃,0.0,0.0,0.0
739663,上櫃,1.47,1.47,30.0
739664,上櫃,0.0,0.0,0.0
739665,上櫃,0.0,0.0,0.0
739666,上櫃,0.0,0.0,0.0
739667,上櫃,0.09,0.13,502.0
739668,上櫃,1.04,1.04,1.0
739669,上櫃,0.0,0.0,0.0
739670,上櫃,0.58,0.58,15.0
739671,上櫃,0.0,0.0,0.0
739672,上櫃,1.49,1.34,35.0
739673,上櫃,1.14,1.36,243.0
739674,上櫃,0.0,0.0,0.0
739675,上櫃,0.0,0.0,0.0
739676,上櫃,0.0,0.0,0.0
739677,上櫃,0.0,0.0,0.0
739678,上櫃,1.18,1.15,126.0
739679,上櫃,0.0,0.0,0.0
739680,上櫃,0.0,0.0,0.0
739681,上櫃,0.26,0.29,481.0
739682,上櫃,0.41,0.48,7.0
739683,上櫃,0.0,0.0,0.0
739684,上櫃,0.0,0.0,0.0
739685,上櫃,0.0,0.0,0.0
739686,上櫃,0.16,0.16,421.0
739687,上櫃,0.0,0.0,0.0
739688,上櫃,1.65,1.49,255.0
739689,上櫃,0.0,0.0,0.0
739690,上櫃,0.0,0.0,0.0
739691,上櫃,0.0,0.0,0.0
739692,上櫃,2.43,2.01,9.0
739693,上櫃,0.0,0.0,0.0
739694,上櫃,0.0,0.0,0.0
739695,上櫃,0.0,0.0,0.0
739696,上櫃,1.63,1.68,55.0
739697,上櫃,0.0,0.0,0.0
739698,上櫃,0.0,0.0,0.0
739699,上櫃,0.0,0.0,0.0
739700,上櫃,0.64,0.73,197.0
739701,上櫃,6.15,6.15,3.0
739702,上櫃,3.43,4.05,39.0
739703,上櫃,0.0,0.0,0.0
739704,上櫃,0.76,0.84,34.0
739705,上櫃,2.25,2.25,2.0
739706,上櫃,0.0,0.0,0.0
739707,上櫃,0.0,0.0,0.0
739708,上櫃,0.06,0.05,260.0
739709,上櫃,0.41,0.54,1089.0
739710,上櫃,0.53,0.55,73.0
739711,上櫃,0.0,0.0,0.0
739712,上櫃,0.0,0.0,0.0
739713,上櫃,0.23,0.23,7.0
739714,上櫃,0.07,0.1,110.0
739715,上櫃,1.3,1.29,100.0
739716,上櫃,1.01,0.99,120.0
739717,上櫃,0.0,0.0,0.0
739718,上櫃,0.0,0.0,0.0
739719,上櫃,0.0,0.0,0.0
739720,上櫃,0.46,0.46,26.0
739721,上櫃,0.0,0.0,0.0
739722,上櫃,0.29,0.26,3.0
739723,上櫃,0.77,0.94,53.0
739724,上櫃,0.83,0.83,321.0
739725,上櫃,0.78,0.85,125.0
739726,上櫃,0.0,0.0,0.0
739727,上櫃,1.29,1.28,164.0
739728,上櫃,0.0,0.0,0.0
739729,上櫃,1.93,1.7,143.0
739730,上櫃,0.0,0.0,0.0
739731,上櫃,0.0,0.0,0.0
739732,上櫃,0.45,0.45,50.0
739733,上櫃,0.9,0.85,32.0
739734,上櫃,0.18,0.18,5.0
739735,上櫃,0.0,0.0,0.0
739736,上櫃,1.58,1.58,33.0
739737,上櫃,2.87,2.73,23.0
739738,上櫃,2.64,2.51,258.0
739739,上櫃,1.91,1.84,41.0
739740,上櫃,0.72,0.92,114.0
739741,上櫃,1.17,1.2,237.0
739742,上櫃,0.0,0.0,0.0
739743,上櫃,0.0,0.0,0.0
739744,上櫃,0.0,0.0,0.0
739745,上櫃,0.0,0.0,0.0
739746,上櫃,0.0,0.0,0.0
739747,上櫃,1.2,1.1,126.0
739748,上櫃,0.0,0.0,0.0
739749,上櫃,0.68,0.73,24.0
739750,上櫃,1.1,1.28,381.0
739751,上櫃,0.83,0.9,42.0
739752,上櫃,0.22,0.22,20.0
739753,上櫃,0.0,0.0,0.0
739754,上櫃,0.0,0.0,0.0
739755,上櫃,0.39,0.4,534.0
739756,上櫃,0.91,0.86,728.0
739757,上櫃,2.91,2.83,37.0
739758,上櫃,0.0,0.0,0.0
739759,上櫃,0.0,0.0,0.0
739760,上櫃,0.0,0.0,0.0
739761,上櫃,0.0,0.0,0.0
739762,上櫃,0.0,0.0,0.0
739763,上櫃,0.66,0.69,26.0
739764,上櫃,0.13,0.16,235.0
739765,上櫃,0.16,0.22,14.0
739766,上櫃,0.0,0.0,0.0
739767,上櫃,0.0,0.0,0.0
739768,上櫃,0.53,0.67,64.0
739769,上櫃,0.0,0.0,0.0
739770,上櫃,0.52,0.53,152.0
739771,上櫃,0.3,0.3,36.0
739772,上櫃,0.0,0.0,0.0
739773,上櫃,0.0,0.0,0.0
739774,上櫃,5.75,6.6,31.0
739775,上櫃,0.0,0.0,0.0
739776,上櫃,0.69,0.77,323.0
739777,上櫃,0.86,0.78,179.0
739778,上櫃,1.24,1.24,1.0
739779,上櫃,0.0,0.0,0.0
739780,上櫃,0.6,0.56,447.0
739781,上櫃,0.41,0.41,105.0
739782,上櫃,1.33,1.29,157.0
739783,上櫃,0.69,0.69,96.0
739784,上櫃,0.1,0.11,260.0
739785,上櫃,0.26,0.27,843.0
739786,上櫃,2.05,2.12,50.0
739787,上櫃,0.0,0.0,0.0
739788,上櫃,1.22,1.22,10.0
739789,上櫃,0.0,0.0,0.0
739790,上櫃,0.0,0.0,0.0
739791,上櫃,0.0,0.0,0.0
739792,上櫃,5.5,5.5,15.0
739793,上櫃,4.64,4.75,40.0
739794,上櫃,0.0,0.0,0.0
739795,上櫃,0.0,0.0,0.0
739796,上櫃,0.65,0.66,131.0
739797,上櫃,0.97,1.01,6.0
739798,上櫃,0.0,0.0,0.0
739799,上櫃,0.57,0.57,2.0
739800,上櫃,0.0,0.0,0.0
739801,上櫃,1.13,1.08,143.0
739802,上櫃,0.65,0.65,10.0
739803,上櫃,0.0,0.0,0.0
739804,上櫃,0.85,0.72,391.0
739805,上櫃,0.63,0.8,665.0
739806,上櫃,1.06,1.06,3.0
739807,上櫃,13.4,13.5,16.0
739808,上櫃,0.0,0.0,0.0
739809,上櫃,0.0,0.0,0.0
739810,上櫃,0.0,0.0,0.0
739811,上櫃,0.0,0.0,0.0
739812,上櫃,0.76,0.77,58.0
739813,上櫃,0.0,0.0,0.0
739814,上櫃,0.0,0.0,0.0
739815,上櫃,0.0,0.0,0.0
739816,上櫃,1.15,1.15,28.0
739817,上櫃,0.0,0.0,0.0
739818,上櫃,0.0,0.0,0.0
739819,上櫃,1.09,1.21,268.0
739820,上櫃,0.0,0.0,0.0
739821,上櫃,2.16,1.96,100.0
739822,上櫃,0.97,0.98,22.0
739823,上櫃,0.57,0.54,50.0
739824,上櫃,0.44,0.44,20.0
739825,上櫃,1.07,1.07,1.0
739826,上櫃,0.64,0.85,876.0
739827,上櫃,0.0,0.0,0.0
739828,上櫃,0.0,0.0,0.0
739829,上櫃,0.7,0.71,36.0
739830,上櫃,2.41,2.01,826.0
739831,上櫃,6.8,6.8,10.0
739832,上櫃,1.19,1.31,352.0
739833,上櫃,0.0,0.0,0.0
739834,上櫃,1.47,1.47,4.0
739835,上櫃,1.91,1.71,1958.0
739836,上櫃,0.0,0.0,0.0
739837,上櫃,0.0,0.0,0.0
739838,上櫃,0.58,0.86,1990.0
739839,上櫃,1.59,1.63,210.0
739840,上櫃,0.82,0.82,100.0
739841,上櫃,0.94,1.1,592.0
739842,上櫃,0.0,0.0,0.0
739843,上櫃,2.17,2.17,1.0
739844,上櫃,0.0,0.0,0.0
739845,上櫃,1.46,1.48,83.0
739846,上櫃,1.09,0.99,41.0
739847,上櫃,1.23,1.15,52.0
739848,上櫃,0.0,0.0,0.0
739849,上櫃,0.0,0.0,0.0
739850,上櫃,0.0,0.0,0.0
739851,上櫃,0.0,0.0,0.0
739852,上櫃,0.91,0.89,172.0
739853,上櫃,0.0,0.0,0.0
739854,上櫃,0.07,0.07,42.0
739855,上櫃,0.17,0.17,10.0
739856,上櫃,0.21,0.21,10.0
739857,上櫃,0.0,0.0,0.0
739858,上櫃,2.04,2.11,663.0
739859,上櫃,1.94,2.19,103.0
739860,上櫃,4.19,4.61,152.0
739861,上櫃,0.0,0.0,0.0
739862,上櫃,0.0,0.0,0.0
739863,上櫃,1.7,1.72,191.0
739864,上櫃,0.0,0.0,0.0
739865,上櫃,0.0,0.0,0.0
739866,上櫃,0.0,0.0,0.0
739867,上櫃,0.9,0.89,27.0
739868,上櫃,0.69,0.72,128.0
739869,上櫃,0.57,0.68,264.0
739870,上櫃,0.51,0.51,83.0
739871,上櫃,0.0,0.0,0.0
739872,上櫃,0.0,0.0,0.0
739873,上櫃,1.31,1.24,91.0
739874,上櫃,0.82,0.82,240.0
739875,上櫃,0.0,0.0,0.0
739876,上櫃,2.15,2.15,13.0
739877,上櫃,0.0,0.0,0.0
739878,上櫃,0.0,0.0,0.0
739879,上櫃,0.6,0.67,81.0
739880,上櫃,1.16,0.94,1789.0
739881,上櫃,0.0,0.0,0.0
739882,上櫃,0.12,0.12,100.0
739883,上櫃,0.0,0.0,0.0
739884,上櫃,0.0,0.0,0.0
739885,上櫃,0.0,0.0,0.0
739886,上櫃,0.0,0.0,0.0
739887,上櫃,3.48,3.77,41.0
739888,上櫃,0.0,0.0,0.0
739889,上櫃,0.0,0.0,0.0
739890,上櫃,0.0,0.0,0.0
739891,上櫃,4.06,4.67,38.0
739892,上櫃,0.0,0.0,0.0
739893,上櫃,0.0,0.0,0.0
739894,上櫃,0.94,1.03,1814.0
739895,上櫃,2.77,2.77,29.0
739896,上櫃,0.7,0.68,442.0
739897,上櫃,0.0,0.0,0.0
739898,上櫃,0.56,0.56,36.0
739899,上櫃,0.0,0.0,0.0
739900,上櫃,0.15,0.15,5.0
739901,上櫃,2.29,1.91,46.0
739902,上櫃,0.48,0.48,17.0
739903,上櫃,0.0,0.0,0.0
739904,上櫃,0.0,0.0,0.0
739905,上櫃,2.27,2.49,10.0
739906,上櫃,0.0,0.0,0.0
739907,上櫃,0.98,0.9,222.0
739908,上櫃,0.0,0.0,0.0
739909,上櫃,0.73,0.98,81.0
739910,上櫃,0.56,0.56,1.0
739911,上櫃,1.81,1.7,162.0
739912,上櫃,0.86,0.86,5.0
739913,上櫃,2.47,2.35,86.0
739914,上櫃,0.0,0.0,0.0
739915,上櫃,0.0,0.0,0.0
739916,上櫃,0.36,0.36,200.0
739917,上櫃,0.0,0.0,0.0
739918,上櫃,0.0,0.0,0.0
739919,上櫃,0.0,0.0,0.0
739920,上櫃,0.63,0.58,87.0
739921,上櫃,1.82,1.82,1.0
739922,上櫃,1.8,1.69,3.0
739923,上櫃,3.55,3.32,50.0
739924,上櫃,0.0,0.0,0.0
739925,上櫃,0.68,0.67,99.0
739926,上櫃,0.0,0.0,0.0
739927,上櫃,0.0,0.0,0.0
739928,上櫃,0.0,0.0,0.0
739929,上櫃,3.71,3.87,53.0
739930,上櫃,0.0,0.0,0.0
739931,上櫃,0.83,0.77,232.0
739932,上櫃,0.54,0.55,64.0
739933,上櫃,0.0,0.0,0.0
739934,上櫃,0.0,0.0,0.0
739935,上櫃,1.31,1.34,811.0
739936,上櫃,0.0,0.0,0.0
739937,上櫃,0.42,0.56,2406.0
739938,上櫃,0.49,0.54,1956.0
739939,上櫃,0.08,0.08,250.0
739940,上櫃,0.0,0.0,0.0
739941,上櫃,0.25,0.26,251.0
739942,上櫃,0.0,0.0,0.0
739943,上櫃,0.0,0.0,0.0
739944,上櫃,0.08,0.08,80.0
739945,上櫃,0.0,0.0,0.0
739946,上櫃,2.61,2.69,53.0
739947,上櫃,2.35,1.98,258.0
739948,上櫃,0.0,0.0,0.0
739949,上櫃,0.56,0.64,337.0
739950,上櫃,0.18,0.18,499.0
739951,上櫃,0.0,0.0,0.0
739952,上櫃,0.0,0.0,0.0
739953,上櫃,0.78,0.78,200.0
739954,上櫃,0.0,0.0,0.0
739955,上櫃,0.0,0.0,0.0
739956,上櫃,0.0,0.0,0.0
739957,上櫃,0.0,0.0,0.0
739958,上櫃,0.0,0.0,0.0
739959,上櫃,0.0,0.0,0.0
739960,上櫃,1.06,1.15,2873.0
739961,上櫃,0.0,0.0,0.0
739962,上櫃,0.32,0.32,24.0
739963,上櫃,0.0,0.0,0.0
739964,上櫃,0.0,0.0,0.0
739965,上櫃,0.49,0.54,1016.0
739966,上櫃,0.0,0.0,0.0
739967,上櫃,0.0,0.0,0.0
739968,上櫃,0.0,0.0,0.0
739969,上櫃,0.0,0.0,0.0
739970,上櫃,2.14,2.14,1.0
739971,上櫃,0.0,0.0,0.0
739972,上櫃,0.45,0.45,21.0
739973,上櫃,0.84,0.98,629.0
739974,上櫃,0.0,0.0,0.0
739975,上櫃,0.34,0.34,28.0
739976,上櫃,0.0,0.0,0.0
739977,上櫃,0.0,0.0,0.0
739978,上櫃,0.0,0.0,0.0
739979,上櫃,0.16,0.16,1.0
739980,上櫃,0.0,0.0,0.0
739981,上櫃,0.62,0.66,4.0
739982,上櫃,0.0,0.0,0.0
739983,上櫃,1.15,1.15,1.0
739984,上櫃,0.0,0.0,0.0
739985,上櫃,0.21,0.21,10.0
739986,上櫃,0.81,0.81,11.0
739987,上櫃,0.0,0.0,0.0
739988,上櫃,0.0,0.0,0.0
739989,上櫃,1.55,1.52,106.0
739990,上櫃,0.6,0.56,720.0
739991,上櫃,0.0,0.0,0.0
739992,上櫃,0.0,0.0,0.0
739993,上櫃,2.81,2.44,676.0
739994,上櫃,0.0,0.0,0.0
739995,上櫃,0.8,0.73,814.0
739996,上櫃,3.15,3.15,1.0
739997,上櫃,0.18,0.18,90.0
739998,上櫃,1.67,1.64,70.0
739999,上櫃,2.69,2.84,67.0
7402,上櫃,132.0,137.5,3215.521
7547,上櫃,57.0,57.5,9.591
7556,上櫃,167.5,165.0,55.57
7584,上櫃,40.95,40.85,6.027
7642,上櫃,80.4,79.0,37.726
7703,上櫃,237.0,239.5,923.319
7704,上櫃,45.0,47.0,80.1
7708,上櫃,95.0,95.2,14.845
7709,上櫃,39.0,38.35,27.224
7712,上櫃,82.5,82.5,220.485
7713,上櫃,71.0,70.7,4.224
7714,上櫃,164.5,168.5,395.159
7715,上櫃,30.8,33.1,417.824
7716,上櫃,25.3,25.3,8.04
7717,上櫃,392.5,411.0,348.501
7718,上櫃,44.0,44.35,17.001
7723,上櫃,33.25,32.85,115.8
7728,上櫃,640.0,658.0,72.903
7734,上櫃,1000.0,1000.0,54.905
7738,上櫃,183.0,177.0,120.695
7743,上櫃,21.7,20.65,16.472
7744,上櫃,331.0,340.0,138.764
7747,上櫃,121.0,119.0,4.021
7751,上櫃,729.0,795.0,936.221
7753,上櫃,42.2,42.9,12.587
7757,上櫃,115.0,118.0,37.67
7767,上櫃,48.0,47.65,32.446
7770,上櫃,57.6,57.1,67.627
7777,上櫃,24.6,24.75,489.651
7782,上櫃,29.0,29.0,15.201
7805,上櫃,668.0,651.0,194.781
7810,上櫃,273.0,285.0,322.641
8024,上櫃,12.0,12.25,58.034
8027,上櫃,105.5,108.0,3353.356
8032,上櫃,37.4,38.05,128.128
8034,上櫃,24.4,24.45,528.908
8038,上櫃,61.0,58.2,6543.69
8040,上櫃,49.0,49.15,83.361
8042,上櫃,64.5,62.9,27185.069
8043,上櫃,90.5,86.2,25827.855
8044,上櫃,30.2,30.2,596.028
8047,上櫃,49.75,49.05,177.687
8048,上櫃,55.5,52.0,1666.469
8049,上櫃,27.2,27.15,437.812
8050,上櫃,42.4,42.8,400.853
8054,上櫃,123.0,121.0,1754.233
8059,上櫃,24.5,24.6,3211.498
8064,上櫃,50.2,50.8,9243.615
8066,上櫃,19.6,19.7,13.348
8067,上櫃,15.25,15.15,12.259
8068,上櫃,26.1,26.7,545.39
8069,上櫃,172.0,177.5,5757.497
8071,上櫃,17.6,17.7,216.034
8074,上櫃,57.0,56.0,56963.626
8076,上櫃,23.2,23.75,385.262
8077,上櫃,43.95,44.4,2.218
8080,上櫃,35.95,35.95,163.238
8083,上櫃,159.0,159.5,93.03
8084,上櫃,61.1,60.8,209.154
8085,上櫃,15.8,15.75,489.044
8086,上櫃,112.0,115.0,5153.928
8087,上櫃,31.2,30.6,39.358
8088,上櫃,54.0,53.0,21558.418
8089,上櫃,28.5,29.35,586.745
8091,上櫃,121.5,121.0,337.237
8092,上櫃,13.8,13.8,103.25
8093,上櫃,22.95,20.8,81.178
8096,上櫃,54.0,53.1,6825.046
8097,上櫃,59.9,59.1,102.698
8099,上櫃,74.2,73.1,141.77
8102,上櫃,58.3,62.1,39.704
8107,上櫃,13.9,13.95,96.769
8109,上櫃,109.0,106.5,792.541
8111,上櫃,71.5,69.2,3003.863
8121,上櫃,29.15,29.7,1078.444
8147,上櫃,105.5,107.0,117.708
8155,上櫃,182.0,187.5,5770.533
8171,上櫃,24.15,25.15,279.296
8176,上櫃,10.65,10.8,190.751
8182,上櫃,25.5,25.5,109.262
8183,上櫃,33.6,33.9,379.636
8227,上櫃,140.5,143.0,217.648
8234,上櫃,71.5,71.7,420.411
8240,上櫃,41.55,41.35,1780.308
8255,上櫃,119.0,121.0,396.145
8272,上櫃,78.6,80.0,18.838
8277,上櫃,9.3,8.99,494.348
8279,上櫃,118.0,120.0,27.082
8284,上櫃,63.4,63.2,36.06
8289,上櫃,20.6,20.7,122.195
8299,上櫃,1690.0,1775.0,3417.286
8342,上櫃,86.5,86.0,4.368
8349,上櫃,43.2,42.8,226.551
8349A,上櫃,46.0,45.95,12.0
8354,上櫃,15.6,15.7,54.984
8358,上櫃,260.5,256.0,1768.335
8383,上櫃,41.5,41.7,650.386
8390,上櫃,95.0,99.5,3698.507
8401,上櫃,29.75,29.4,70.909
8403,上櫃,23.5,23.45,161.045
8409,上櫃,21.45,21.6,9.033
8410,上櫃,36.0,36.15,44.23
8415,上櫃,33.75,33.65,141.38
8416,上櫃,182.0,182.0,36.218
8421,上櫃,13.7,13.6,61.897
8423,上櫃,17.9,18.25,42.173
8424,上櫃,73.7,73.5,8.331
8426,上櫃,27.5,27.6,57.204
8431,上櫃,76.6,73.4,3345.721
8432,上櫃,55.3,56.6,57.707
8433,上櫃,50.8,51.6,54.028
8435,上櫃,53.0,53.0,33.995
8436,上櫃,124.5,124.0,702.611
8437,上櫃,16.8,16.6,39.231
8440,上櫃,24.25,24.55,190.478
8444,上櫃,10.7,10.7,37.2
8446,上櫃,95.5,95.6,106.17
8450,上櫃,17.0,16.8,50.877
8455,上櫃,23.85,22.65,20.06
8472,上櫃,68.1,68.0,14.153
8477,上櫃,12.1,12.15,18.009
8489,上櫃,39.5,39.5,68.242
8905,上櫃,31.0,31.35,12.067
8906,上櫃,38.4,37.0,14.545
8908,上櫃,43.2,43.0,77.869
8916,上櫃,49.6,49.6,73.921
8917,上櫃,56.8,56.9,11.794
8921,上櫃,18.25,18.25,1.101
8923,上櫃,0.0,0.0,0.02
8924,上櫃,71.4,71.9,68.282
8927,上櫃,24.2,24.55,483.754
8928,上櫃,24.7,24.8,17.391
8929,上櫃,16.7,16.8,13.768
8930,上櫃,32.0,31.55,49.774
8931,上櫃,45.6,45.45,31.151
8932,上櫃,168.0,165.5,907.206
8933,上櫃,5.95,6.01,117.67
8935,上櫃,17.4,17.7,145.747
8936,上櫃,54.8,54.5,1143.326
8937,上櫃,150.5,150.0,126.447
8938,上櫃,72.9,71.8,280.594
8941,上櫃,44.5,44.7,8.951
8942,上櫃,34.0,33.95,218.209
9949,上櫃,24.75,24.85,49.865
9950,上櫃,10.4,10.5,31.506
9951,上櫃,55.2,55.6,42.08
9960,上櫃,21.7,22.2,22.723
9962,上櫃,10.8,10.8,269.082
