code,market,open,close,lots
0050,上市,74.4,73.75,119914.95
0051,上市,109.5,106.55,205.334
0052,上市,44.45,43.96,69705.306
0053,上市,165.7,163.5,46.877
0055,上市,32.13,32.43,174.273
0056,上市,38.57,38.26,57632.538
0057,上市,217.5,217.9,16.446
0061,上市,23.26,23.5,455.601
006203,上市,135.4,133.2,8.56
006204,上市,166.25,166.25,2.28
006205,上市,40.86,40.96,346.635
006206,上市,37.38,37.77,120.261
006207,上市,31.5,31.43,189.785
006208,上市,172.0,170.75,4530.325
00625K,上市,0.0,0.0,0.0
00631L,上市,465.35,458.75,4538.615
00632R,上市,14.48,14.62,60569.425
00633L,上市,47.58,47.58,3690.97
00634R,上市,3.26,3.26,24.05
00635U,上市,58.8,60.55,35931.33
00636,上市,26.3,26.44,1141.511
00636K,上市,8.46,8.46,0.2
00637L,上市,19.31,19.49,40683.978
00638R,上市,7.03,6.99,142.044
00639,上市,15.25,15.21,863.066
00640L,上市,82.9,83.5,479.841
00641R,上市,4.42,4.4,1219.57
00642U,上市,16.63,16.83,10805.522
00643,上市,18.09,17.92,3224.917
00643K,上市,0.0,0.0,0.0
00645,上市,49.5,49.64,279.152
00646,上市,68.4,68.55,1992.467
00647L,上市,119.4,119.65,80.063
00648R,上市,4.28,4.28,1480.002
00650L,上市,20.08,20.56,6803.073
00651R,上市,4.95,4.88,716.064
00652,上市,35.8,35.72,305.377
00653L,上市,54.65,54.1,376.969
00654R,上市,6.44,6.48,35.102
00655L,上市,32.61,32.88,1723.208
00656R,上市,6.22,6.21,29.5
00657,上市,63.2,63.2,183.133
00657K,上市,20.25,20.25,0.2
00660,上市,43.51,43.61,38.518
00661,上市,68.9,68.95,238.975
00662,上市,104.55,104.65,3312.956
00663L,上市,60.65,60.0,10050.561
00664R,上市,2.34,2.37,16113.696
00665L,上市,11.96,12.15,30950.132
00666R,上市,8.37,8.26,92.022
00668,上市,55.9,55.9,84.919
00668K,上市,17.89,17.89,0.2
00669R,上市,5.63,5.62,1398.111
00670L,上市,169.55,170.1,1061.931
00671R,上市,2.79,2.78,3231.279
00673R,上市,25.58,25.28,20669.297
00674R,上市,4.63,4.58,10525.114
00675L,上市,184.6,182.0,3380.387
00676R,上市,7.98,8.02,3081.36
00678,上市,35.54,35.54,459.548
00680L,上市,7.16,7.11,24043.472
00681R,上市,20.82,20.86,63.0
00682U,上市,19.75,19.74,13.89
00683L,上市,19.99,19.95,397.865
00684R,上市,15.92,15.9,249.201
00685L,上市,165.7,163.35,1264.083
00686R,上市,1.43,1.43,4842.0
00688L,上市,7.15,7.09,13414.146
00689R,上市,21.65,21.72,103.03
00690,上市,51.8,51.3,501.87
00692,上市,65.4,64.95,1864.367
00693U,上市,20.78,20.59,2307.817
00700,上市,19.19,19.26,740.913
00701,上市,29.38,29.32,1873.876
00702,上市,23.2,23.2,120.936
00703,上市,22.5,22.68,356.974
00706L,上市,21.28,21.29,2545.338
00707R,上市,30.5,30.47,5.0
00708L,上市,143.8,144.3,16174.086
00709,上市,38.59,38.71,55.779
00710B,上市,19.0,18.94,169.592
00711B,上市,16.2,16.16,107.052
00712,上市,9.68,9.68,16637.754
00713,上市,51.9,51.95,10137.323
00714,上市,20.1,20.05,117.125
00715L,上市,24.14,24.65,22868.627
00717,上市,15.25,15.21,151.648
00728,上市,43.04,42.27,282.181
00730,上市,23.43,23.42,358.803
00731,上市,73.0,72.8,665.482
00733,上市,51.55,51.25,2375.096
00735,上市,64.75,65.8,3694.994
00736,上市,29.59,29.51,170.521
00737,上市,37.14,36.91,410.232
00738U,上市,98.45,96.75,38955.53
00739,上市,27.32,27.18,55.767
00752,上市,27.5,27.64,2573.831
00753L,上市,13.56,13.67,23738.95
00757,上市,115.65,115.7,2440.35
00762,上市,87.85,88.55,609.774
00763U,上市,32.83,34.89,16070.603
00770,上市,55.0,55.0,903.689
00771,上市,16.2,16.16,30.184
00775B,上市,32.62,32.59,82.108
00783,上市,29.15,29.25,91.436
00830,上市,58.05,57.9,17900.92
00850,上市,61.85,61.55,651.756
00851,上市,59.75,59.85,10.137
00852L,上市,31.17,31.28,57.465
00861,上市,61.45,61.6,85.707
00865B,上市,47.03,47.07,1638.228
00875,上市,38.35,38.46,32.926
00876,上市,59.85,60.0,201.728
00878,上市,23.4,23.29,69347.984
00881,上市,35.14,34.61,28385.037
00882,上市,15.62,15.8,25872.733
00885,上市,17.87,17.99,6865.078
00891,上市,24.24,24.02,18871.473
00892,上市,25.68,25.65,1564.805
00893,上市,34.87,34.86,1731.269
00894,上市,31.55,31.04,1714.827
00895,上市,41.66,41.86,884.32
00896,上市,21.6,21.28,3018.514
00897,上市,9.57,9.56,1347.697
00898,上市,8.35,8.27,659.491
00899,上市,23.25,23.56,437.846
00900,上市,14.62,14.61,23502.115
00901,上市,29.16,28.82,1318.177
00902,上市,14.46,14.41,2599.715
00903,上市,17.85,17.87,553.528
00904,上市,28.6,28.21,7684.506
00905,上市,19.2,19.03,1154.699
00907,上市,15.65,15.65,691.696
00908,上市,14.08,14.05,75.956
00909,上市,44.52,44.39,3451.709
00910,上市,58.3,58.95,4786.614
00911,上市,38.06,38.37,576.13
00912,上市,23.51,23.35,1403.144
00913,上市,31.18,30.83,512.253
00915,上市,24.07,24.09,5478.914
00916,上市,27.08,27.04,159.035
00917,上市,22.0,21.99,1702.116
00918,上市,23.5,23.36,19957.074
00919,上市,24.12,23.99,104013.161
00920,上市,20.65,20.81,347.289
00921,上市,18.57,18.46,341.132
00922,上市,29.15,28.98,8029.2
00923,上市,29.6,29.34,3441.459
00924,上市,29.5,29.48,1625.69
00926,上市,24.16,24.12,1943.286
00927,上市,26.09,25.59,27331.213
00929,上市,20.45,20.01,77303.692
00930,上市,18.43,18.3,1111.663
00932,上市,15.31,15.18,1121.685
00934,上市,22.92,22.82,3641.199
00935,上市,36.61,36.05,15274.003
00936,上市,17.74,17.64,5596.279
00938,上市,18.64,18.67,455.439
00939,上市,16.09,16.0,12735.943
00940,上市,9.89,9.85,52477.915
00941,上市,21.03,21.02,3444.491
00943,上市,15.24,15.12,288.025
00944,上市,15.45,15.36,681.953
00945B,上市,14.46,14.45,7734.856
00946,上市,10.66,10.49,12974.957
00947,上市,25.18,24.77,40513.53
00949,上市,18.82,18.95,1334.396
00951,上市,14.37,14.29,2532.13
00952,上市,13.12,12.9,2763.835
00953B,上市,9.71,9.7,41949.511
00954,上市,15.49,15.35,2856.946
00956,上市,11.9,11.98,436.268
00960,上市,15.29,15.3,2321.99
00961,上市,10.25,10.15,2087.862
00962,上市,11.57,11.46,291.643
00963,上市,12.04,12.1,1077.782
00964,上市,13.05,13.05,1584.62
00965,上市,25.44,25.59,4773.978
00971,上市,16.09,16.08,994.123
00972,上市,18.79,18.82,37.58
009800,上市,11.35,11.35,2521.504
009801,上市,11.1,11.11,2440.312
009802,上市,12.72,12.64,3889.598
009803,上市,14.99,14.8,1972.377
009804,上市,16.42,16.33,856.232
009805,上市,13.45,13.5,16795.394
009808,上市,22.25,22.07,1247.113
009809,上市,12.17,12.04,540.135
00980A,上市,16.76,16.52,14497.592
009810,上市,18.83,18.87,175.728
009811,上市,11.69,11.72,4485.588
009812,上市,11.26,11.29,1273.088
009813,上市,10.5,10.5,10111.855
00981A,上市,18.5,18.2,121345.909
00981T,上市,11.05,11.03,2964.392
00982A,上市,15.83,15.61,38330.083
00982D,上市,10.09,10.08,3403.497
00982T,上市,11.35,11.22,5542.567
00983A,上市,11.95,11.91,7245.226
00983D,上市,10.19,10.17,811.951
00984A,上市,12.3,12.21,9987.26
00985A,上市,15.25,15.13,12674.553
00985B,上市,10.26,10.27,7927.735
00986A,上市,12.0,12.08,1161.084
00987A,上市,10.36,10.29,9006.679
00988A,上市,11.94,11.84,26196.847
00989A,上市,15.28,15.32,4120.075
00990A,上市,11.36,11.37,43358.619
00991A,上市,12.1,11.82,123893.704
00992A,上市,11.93,11.64,59118.009
00994A,上市,11.04,10.83,5250.715
00995A,上市,10.65,10.48,28808.341
01001T,上市,11.8,11.8,6.0
01002T,上市,14.55,14.55,48.0
01004T,上市,10.93,10.95,47.0
01007T,上市,13.73,13.7,48.0
01009T,上市,6.01,6.2,107.0
01010T,上市,10.01,10.04,49.0
020000,上市,0.0,0.0,0.0
020011,上市,0.0,0.0,0.0
020012,上市,16.06,16.06,2.0
02001L,上市,64.1,61.9,61.0
02001R,上市,0.77,0.77,137.0
020020,上市,17.61,17.58,12.0
020028,上市,14.01,14.02,3.0
020029,上市,0.0,0.0,0.0
020030,上市,10.0,9.96,83.0
020031,上市,6.86,6.85,8.0
020032,上市,8.83,8.82,25.0
020034,上市,8.6,8.6,99.0
020036,上市,0.0,0.0,0.0
020037,上市,8.45,8.45,10.0
020038,上市,8.28,8.25,19.0
020039,上市,10.28,10.3,2.0
1101,上市,26.35,26.5,41662.819
1101B,上市,45.55,45.55,1.0
1102,上市,35.7,35.4,9274.787
1103,上市,14.3,14.25,379.829
1104,上市,30.05,30.05,651.223
1108,上市,15.15,15.1,149.133
1109,上市,15.4,15.5,146.132
1110,上市,16.25,16.2,111.507
1201,上市,14.6,14.45,308.028
1203,上市,39.45,39.75,13.257
1210,上市,51.6,51.7,1754.428
1213,上市,9.96,10.1,13.001
1215,上市,151.5,150.5,686.601
1216,上市,72.5,72.4,8827.593
1217,上市,10.6,10.55,499.306
1218,上市,18.55,18.45,368.465
1219,上市,13.5,13.5,169.984
1220,上市,12.9,12.9,163.03
1225,上市,28.65,28.4,217.347
1227,上市,29.4,29.2,805.179
1229,上市,46.45,46.5,1297.376
1231,上市,94.5,95.5,340.953
1232,上市,145.0,147.5,95.989
1233,上市,32.2,32.15,52.063
1234,上市,36.95,37.05,87.475
1235,上市,43.0,42.8,8.557
1236,上市,26.6,26.05,208.032
1256,上市,158.0,162.5,120.262
1301,上市,51.7,49.3,65858.594
1303,上市,81.5,77.1,84455.739
1304,上市,12.5,12.3,6020.592
1305,上市,12.75,12.6,4285.521
1307,上市,32.35,32.3,589.235
1308,上市,14.15,14.1,2711.041
1309,上市,12.6,12.35,1465.895
1310,上市,9.18,9.06,2581.491
1312,上市,13.6,13.4,6304.611
1312A,上市,22.8,22.8,8.0
1313,上市,11.5,11.35,4628.471
1314,上市,8.24,8.16,25458.644
1315,上市,64.5,64.6,62.502
1316,上市,14.3,14.05,2410.529
1319,上市,112.5,109.0,3882.784
1321,上市,33.4,33.35,111.013
1323,上市,18.6,18.75,87.47
1324,上市,10.75,10.75,56.239
1325,上市,36.3,32.25,6240.866
1326,上市,45.0,44.0,86404.221
1337,上市,5.87,5.73,845.851
1338,上市,20.2,20.05,79.231
1339,上市,43.6,43.95,35.432
1340,上市,7.0,6.81,319.376
1341,上市,58.3,58.7,3.016
1342,上市,94.5,94.3,102.227
1402,上市,28.3,28.25,9169.114
1409,上市,15.5,15.2,2964.145
1410,上市,33.55,33.5,65.914
1413,上市,10.4,10.1,9.655
1414,上市,19.35,19.3,251.092
1416,上市,11.8,11.9,1012.113
1417,上市,8.8,8.79,150.051
1418,上市,20.0,20.0,45.045
1419,上市,78.2,77.0,211.191
1423,上市,38.2,38.1,17.912
1432,上市,18.5,18.4,207.136
1434,上市,17.45,17.05,5688.444
1435,上市,20.85,21.6,8.96
1436,上市,61.1,61.2,184.7
1437,上市,32.55,32.9,94.804
1438,上市,32.7,33.0,41.332
1439,上市,29.85,29.75,37.405
1440,上市,14.0,13.9,1343.885
1441,上市,10.1,9.99,87.336
1442,上市,28.85,29.7,679.231
1443,上市,26.8,26.9,16.414
1444,上市,6.78,6.63,1283.498
1445,上市,14.15,14.45,270.38
1446,上市,17.4,17.3,272.26
1447,上市,5.67,5.62,2325.819
1449,上市,11.85,11.55,851.523
1451,上市,18.1,17.9,96.486
1452,上市,11.95,11.95,84.191
1453,上市,12.75,14.0,1497.6
1454,上市,13.05,13.15,5.802
1455,上市,9.28,9.05,1874.223
1456,上市,12.8,13.0,5.344
1457,上市,15.65,15.5,56.981
1459,上市,11.95,11.85,109.504
1460,上市,6.76,6.77,602.494
1463,上市,17.5,17.4,60.446
1464,上市,11.45,11.45,405.7
1465,上市,12.5,12.45,87.08
1466,上市,14.5,14.65,273.51
1467,上市,7.91,7.77,228.691
1468,上市,13.15,13.2,42.0
1470,上市,23.1,23.1,1.009
1471,上市,13.5,12.7,3532.361
1472,上市,87.5,87.2,5.0
1473,上市,26.5,26.45,365.681
1474,上市,10.45,10.35,112.049
1475,上市,32.35,32.05,11.483
1476,上市,405.5,406.0,379.814
1477,上市,312.0,313.0,1012.934
1503,上市,247.0,241.5,17310.714
1504,上市,88.4,84.5,20065.834
1506,上市,12.4,12.6,354.693
1512,上市,8.21,8.12,129.415
1513,上市,185.5,178.0,14724.088
1514,上市,137.5,132.5,11597.497
1515,上市,27.1,27.1,400.387
1516,上市,22.2,22.15,34.713
1517,上市,12.5,12.25,871.846
1519,上市,1050.0,1015.0,4703.268
1521,上市,27.5,26.9,65.096
1522,上市,49.95,49.6,1506.416
1522A,上市,49.5,49.5,1.0
1524,上市,35.35,34.3,2407.766
1525,上市,64.5,62.8,24.119
1526,上市,22.55,21.2,335.464
1527,上市,35.7,34.9,253.213
1528,上市,28.6,27.6,3132.923
1529,上市,25.7,24.7,1809.364
1530,上市,29.0,29.15,20.14
1531,上市,12.3,12.4,41.066
1532,上市,24.85,24.75,505.75
1533,上市,31.7,31.4,177.76
1535,上市,52.3,52.5,52.088
1536,上市,66.8,62.5,8661.128
1537,上市,123.5,124.0,68.122
1538,上市,27.0,26.3,5.385
1539,上市,19.25,18.75,238.887
1540,上市,26.15,25.4,642.666
1541,上市,25.6,25.5,64.985
1558,上市,96.8,96.8,34.447
1560,上市,430.0,429.0,2027.101
1563,上市,47.0,46.8,396.147
1568,上市,24.45,23.95,147.497
1582,上市,71.0,69.8,1546.721
1583,上市,48.05,49.35,37.45
1587,上市,49.5,47.5,1510.115
1589,上市,18.0,17.55,836.242
1590,上市,1030.0,1040.0,933.715
1597,上市,85.2,82.1,1267.09
1598,上市,20.45,19.95,284.278
1603,上市,43.2,42.9,809.249
1604,上市,24.0,24.15,203.972
1605,上市,44.0,44.0,286253.78
1608,上市,40.7,40.5,17017.316
1609,上市,43.85,43.7,12446.402
1611,上市,13.6,13.45,521.666
1612,上市,38.4,37.7,1188.918
1614,上市,34.4,34.65,137.957
1615,上市,49.95,49.95,131.478
1616,上市,30.0,29.25,1577.549
1617,上市,17.2,16.7,436.509
1618,上市,48.25,47.5,2469.17
1623,上市,265.0,262.5,1000.92
1626,上市,11.85,11.65,778.317
1702,上市,37.6,37.75,227.813
1707,上市,122.0,122.5,82.207
1708,上市,35.0,34.1,1910.305
1709,上市,17.2,17.25,214.182
1710,上市,13.95,13.55,4421.926
1711,上市,22.45,21.25,6342.161
1712,上市,46.0,45.8,386.618
1713,上市,50.5,49.2,489.384
1714,上市,9.32,9.16,4244.239
1717,上市,70.1,62.5,88347.138
1718,上市,7.42,7.17,6881.407
1720,上市,62.4,61.8,176.607
1721,上市,18.65,18.2,1412.543
1722,上市,46.85,46.7,1773.042
1723,上市,73.7,74.1,447.01
1725,上市,29.65,28.5,121.675
1726,上市,75.8,76.0,25.059
1727,上市,46.35,44.2,3811.607
1730,上市,52.8,53.0,35.353
1731,上市,22.3,22.05,168.109
1732,上市,32.95,30.1,4462.457
1733,上市,30.1,29.8,127.796
1734,上市,31.3,31.2,288.937
1735,上市,16.35,16.55,61.205
1736,上市,146.0,144.5,851.329
1737,上市,31.75,31.75,59.895
1752,上市,37.0,36.95,84.248
1760,上市,67.9,67.0,178.689
1762,上市,27.2,26.75,89.793
1773,上市,147.5,146.0,543.186
1776,上市,15.4,15.45,62.581
1783,上市,47.0,46.7,106.684
1786,上市,83.2,81.2,374.593
1789,上市,25.5,24.65,4747.093
1795,上市,347.0,356.0,8584.168
1802,上市,52.5,49.8,22945.366
1805,上市,12.1,12.05,42.263
1806,上市,9.06,8.98,701.826
1808,上市,31.45,31.3,1335.476
1809,上市,25.8,24.35,4628.916
1810,上市,19.5,19.35,2561.086
1817,上市,38.7,38.7,25.503
1903,上市,59.3,58.1,347.559
1904,上市,17.7,18.0,1104.153
1905,上市,12.2,12.45,4062.437
1906,上市,11.85,11.85,36.802
1907,上市,25.2,25.5,705.766
1909,上市,10.0,10.05,2968.555
2002,上市,19.85,20.7,252713.28
2002A,上市,38.75,38.9,12.643
2006,上市,70.4,70.8,1367.767
2007,上市,8.16,8.93,3700.533
2008,上市,29.9,29.85,43.537
2009,上市,52.5,54.9,37312.345
2010,上市,20.95,21.25,3952.377
2012,上市,17.0,17.3,231.688
2013,上市,41.8,43.0,601.294
2014,上市,17.3,18.75,30315.889
2015,上市,65.0,65.5,498.527
2017,上市,8.87,9.08,5997.182
2020,上市,23.9,24.45,1860.614
2022,上市,8.91,9.21,2437.364
2023,上市,14.75,15.35,8539.063
2024,上市,15.95,16.05,59.757
2025,上市,12.85,13.4,569.56
2027,上市,39.0,40.2,104510.137
2028,上市,18.7,20.45,1968.529
2029,上市,21.2,21.7,819.246
2030,上市,16.7,17.55,6015.493
2031,上市,39.05,39.75,4167.607
2032,上市,16.8,17.4,6413.47
2033,上市,16.0,16.55,731.443
2034,上市,21.85,22.35,7399.513
2038,上市,15.25,15.8,13306.514
2049,上市,263.5,257.5,12933.908
2059,上市,3390.0,3205.0,1712.115
2062,上市,22.3,22.15,323.515
2069,上市,20.55,20.75,2229.721
2101,上市,36.55,36.65,1701.639
2102,上市,20.1,20.2,597.825
2103,上市,15.7,15.55,3567.627
2104,上市,12.45,12.3,3333.512
2105,上市,31.0,30.8,5347.606
2106,上市,20.25,20.25,643.732
2107,上市,25.25,25.1,210.017
2108,上市,25.0,24.1,1195.42
2109,上市,14.95,14.95,145.742
2114,上市,90.2,90.0,53.874
2115,上市,25.15,25.05,48.645
2201,上市,31.55,31.8,4515.432
2204,上市,55.9,56.0,543.2
2206,上市,59.7,59.7,652.363
2207,上市,542.0,541.0,386.052
2208,上市,23.0,23.0,16042.623
2211,上市,101.0,103.0,1569.347
2227,上市,54.7,54.2,41.315
2228,上市,100.0,97.3,918.792
2231,上市,97.7,94.6,506.715
2233,上市,246.5,264.5,9516.626
2236,上市,116.5,114.5,486.666
2239,上市,29.05,28.8,87.561
2241,上市,32.7,32.45,319.731
2243,上市,11.55,11.45,144.42
2247,上市,274.0,274.5,58.059
2248,上市,48.6,48.0,32.0
2250,上市,77.9,75.0,103.629
2254,上市,59.7,59.4,73.18
2258,上市,38.7,38.4,425.822
2301,上市,174.0,167.0,21179.095
2302,上市,20.65,20.45,1293.502
2303,上市,70.3,68.4,280556.119
2305,上市,14.05,13.65,1417.079
2308,上市,1310.0,1255.0,13505.064
2312,上市,26.85,27.45,34611.346
2313,上市,179.0,178.0,114240.7
2314,上市,22.45,21.6,174.294
2316,上市,101.5,96.0,5597.701
2317,上市,226.5,224.0,56613.117
2321,上市,16.6,15.85,6.437
2323,上市,10.7,10.75,6197.409
2324,上市,32.8,31.8,26320.326
2327,上市,286.0,277.0,39011.564
2328,上市,53.5,52.7,7256.427
2329,上市,62.0,60.4,17471.732
2330,上市,1830.0,1805.0,36079.326
2331,上市,28.9,27.5,11490.7
2332,上市,16.25,16.15,1964.009
2337,上市,89.4,92.1,461137.901
2338,上市,42.5,40.0,3006.546
2340,上市,27.5,25.8,5113.801
2342,上市,35.35,33.6,4107.779
2344,上市,133.0,130.0,391188.412
2345,上市,1165.0,1170.0,4811.517
2347,上市,66.6,66.8,3089.017
2348,上市,77.0,78.9,562.828
2348A,上市,36.75,36.8,7.583
2349,上市,14.45,13.85,7573.638
2351,上市,96.2,92.0,4898.836
2352,上市,25.7,25.6,4359.322
2353,上市,25.8,25.7,16027.267
2354,上市,59.7,58.8,5675.002
2355,上市,37.05,37.35,7774.956
2356,上市,46.6,45.05,31966.567
2357,上市,510.0,507.0,3452.303
2359,上市,145.5,137.0,10756.502
2360,上市,1025.0,1015.0,2184.658
2362,上市,38.55,38.45,502.986
2363,上市,56.5,55.3,18842.255
2364,上市,64.2,63.5,153.662
2365,上市,42.95,42.0,19977.736
2367,上市,50.8,50.4,169657.392
2368,上市,731.0,692.0,10227.31
2369,上市,28.7,28.15,14047.622
2371,上市,40.3,40.4,35800.618
2373,上市,55.1,54.9,42.497
2374,上市,93.1,94.6,65140.47
2375,上市,99.9,95.0,3621.184
2376,上市,241.5,237.5,3541.061
2377,上市,95.5,93.7,11802.854
2379,上市,484.0,511.0,7826.934
2380,上市,5.0,5.01,173.676
2382,上市,287.0,283.0,11253.021
2383,上市,1925.0,1790.0,4284.179
2385,上市,117.5,117.0,2099.007
2387,上市,38.45,38.1,538.487
2388,上市,57.2,54.4,4109.469
2390,上市,10.95,10.7,411.863
2392,上市,40.55,40.1,1273.585
2393,上市,57.5,56.7,3547.077
2395,上市,308.0,305.0,5524.843
2397,上市,61.2,61.0,201.997
2399,上市,26.3,24.65,4733.006
2401,上市,23.1,22.4,3559.723
2402,上市,56.7,55.1,5934.826
2404,上市,967.0,950.0,3558.918
2405,上市,17.2,16.7,2293.761
2406,上市,29.15,29.1,10579.809
2408,上市,306.0,297.0,128064.431
2409,上市,14.1,13.8,167849.983
2412,上市,133.5,133.5,10812.122
2413,上市,43.9,42.45,3782.557
2414,上市,41.1,41.0,74.583
2415,上市,26.95,26.25,145.947
2417,上市,42.2,40.05,2084.6
2419,上市,32.3,30.8,7768.626
2420,上市,51.6,51.2,284.037
2421,上市,150.5,152.0,2835.751
2423,上市,51.8,50.0,210.215
2424,上市,42.6,42.0,416.743
2425,上市,30.6,29.35,322.767
2426,上市,19.15,18.4,1515.119
2427,上市,26.1,25.8,607.125
2428,上市,174.0,171.0,672.451
2429,上市,67.0,67.3,658.927
2430,上市,22.6,22.6,55.103
2431,上市,16.75,15.3,5922.117
2432,上市,24.8,24.65,24.527
2433,上市,46.6,46.5,55.461
2434,上市,29.8,29.65,28.103
2436,上市,54.7,54.8,5770.325
2438,上市,22.7,22.4,144.985
2439,上市,104.5,103.0,752.707
2440,上市,16.45,15.7,427.242
2441,上市,94.5,91.9,16919.744
2442,上市,21.9,21.4,1628.281
2444,上市,13.1,13.4,1061.256
2449,上市,315.0,305.0,27049.688
2450,上市,29.05,29.0,118.493
2451,上市,254.5,259.0,25137.135
2453,上市,58.4,58.7,1481.35
2454,上市,1780.0,1780.0,10329.367
2455,上市,174.0,171.0,8371.255
2457,上市,32.75,30.75,14461.584
2458,上市,119.5,118.5,2248.061
2459,上市,67.8,67.7,44.788
2460,上市,22.9,22.75,310.732
2461,上市,16.65,16.5,284.628
2462,上市,26.6,25.5,1047.27
2464,上市,70.8,70.8,7161.556
2465,上市,56.6,55.4,263.659
2466,上市,57.4,58.7,1020.927
2467,上市,245.5,257.0,3698.467
2468,上市,40.55,39.9,415.215
2471,上市,52.8,52.0,130.936
2472,上市,115.5,111.5,2658.373
2474,上市,203.5,202.5,2378.168
2476,上市,90.1,87.5,1925.852
2477,上市,25.75,25.3,309.903
2478,上市,70.6,68.2,1934.945
2480,上市,140.0,139.0,205.301
2481,上市,93.7,98.2,45934.604
2482,上市,18.5,18.4,128.022
2483,上市,20.6,20.0,251.039
2484,上市,30.35,30.45,7833.504
2485,上市,40.4,40.8,16522.02
2486,上市,131.0,128.0,25924.769
2488,上市,46.6,46.55,212.141
2489,上市,22.75,21.15,9542.225
2491,上市,18.6,18.1,593.127
2492,上市,147.0,140.5,15593.66
2493,上市,113.0,112.5,763.182
2495,上市,36.55,36.05,21478.86
2496,上市,70.8,70.5,26.431
2497,上市,52.0,51.8,327.826
2498,上市,46.7,45.5,8410.659
2501,上市,22.4,22.55,919.747
2504,上市,35.8,35.65,1333.605
2505,上市,19.4,18.75,565.243
2506,上市,8.92,8.97,479.83
2509,上市,14.9,14.8,372.072
2511,上市,8.49,8.51,1292.994
2514,上市,14.95,15.35,315.987
2515,上市,14.4,14.05,16109.536
2516,上市,14.45,14.55,161.279
2520,上市,31.05,31.05,1215.788
2524,上市,42.25,41.75,68.919
2527,上市,29.8,29.35,242.183
2528,上市,28.2,27.7,902.059
2530,上市,26.8,26.55,1083.454
2534,上市,20.05,20.15,383.943
2535,上市,68.5,69.9,368.701
2536,上市,22.95,22.5,1371.801
2537,上市,10.65,10.55,844.824
2538,上市,10.75,10.75,268.743
2539,上市,47.8,48.05,809.259
2540,上市,47.05,47.25,441.893
2542,上市,37.5,37.65,3086.286
2543,上市,65.0,64.9,1457.726
2545,上市,37.15,37.45,271.132
2546,上市,87.3,86.9,105.819
2547,上市,10.9,10.9,950.179
2548,上市,106.5,107.5,611.646
2597,上市,171.0,170.5,368.004
2601,上市,5.73,5.6,2023.216
2603,上市,192.0,190.0,7261.594
2605,上市,30.75,29.55,33329.422
2606,上市,65.0,62.6,19588.354
2607,上市,57.3,57.0,637.185
2608,上市,32.85,32.9,173.842
2609,上市,54.8,54.7,9747.941
2610,上市,22.5,22.3,26619.003
2611,上市,15.4,15.15,388.639
2612,上市,63.7,62.9,4810.13
2613,上市,25.1,24.8,834.686
2614,上市,21.1,20.6,1434.565
2615,上市,75.5,74.3,5383.62
2616,上市,13.9,13.85,64.261
2617,上市,32.2,31.5,775.69
2618,上市,38.1,37.95,24689.559
2630,上市,53.1,52.5,3180.365
2633,上市,27.2,27.6,7456.085
2634,上市,55.1,55.4,12274.279
2636,上市,66.5,65.8,549.798
2637,上市,72.5,71.2,3067.963
2642,上市,26.1,25.8,103.754
2645,上市,167.5,169.5,7359.095
2646,上市,23.1,23.05,5041.599
2701,上市,11.05,11.0,54.421
2702,上市,11.95,11.8,28.85
2704,上市,44.2,44.25,102.648
2705,上市,16.4,16.45,153.253
2706,上市,12.9,12.9,51.655
2707,上市,189.0,189.0,119.014
2712,上市,17.65,17.4,26.0
2722,上市,25.3,25.5,46.652
2723,上市,74.8,74.5,371.719
2727,上市,217.0,214.5,420.02
2731,上市,171.0,172.5,687.917
2739,上市,34.0,34.0,82.01
2748,上市,41.3,41.05,109.683
2753,上市,179.0,178.0,303.267
2762,上市,74.1,73.4,39.352
2801,上市,20.4,20.45,12816.818
2812,上市,20.15,20.1,14976.517
2816,上市,28.9,28.85,85.844
2820,上市,16.35,16.35,741.856
2832,上市,49.05,49.2,97.335
2834,上市,15.6,15.55,15924.723
2836,上市,12.05,12.15,1272.625
2836A,上市,23.85,23.85,5.102
2838,上市,18.55,18.65,1481.974
2838A,上市,54.4,54.5,36.12
2845,上市,12.6,12.6,6759.299
2849,上市,13.5,13.45,148.754
2850,上市,113.0,113.5,279.659
2851,上市,26.6,26.75,686.787
2852,上市,27.55,27.2,384.742
2855,上市,29.6,30.2,17517.493
2867,上市,7.93,7.97,14598.522
2880,上市,33.4,33.75,13155.031
2881,上市,92.1,92.3,15538.698
2881A,上市,63.2,63.3,32.044
2881B,上市,61.6,61.6,43.715
2881C,上市,52.0,52.0,67.137
2882,上市,75.4,76.4,18217.427
2882A,上市,60.7,60.7,48.703
2882B,上市,60.0,60.1,55.579
2883,上市,18.05,18.15,39136.201
2883B,上市,7.86,7.88,1110.151
2884,上市,33.5,33.7,36513.44
2885,上市,42.75,42.95,30437.572
2886,上市,39.2,39.35,23288.043
2887,上市,22.85,22.85,53190.729
2887E,上市,49.9,49.95,49.343
2887F,上市,47.1,47.35,49.155
2887G,上市,39.8,39.85,73.282
2887H,上市,39.6,39.6,38.784
2887I,上市,9.33,9.34,7641.434
2887Z1,上市,16.55,16.55,18.803
2889,上市,16.45,16.75,3887.455
2890,上市,28.95,29.15,16878.614
2891,上市,51.2,52.0,40859.598
2891B,上市,63.7,63.9,13.103
2891C,上市,60.1,60.3,15.115
2892,上市,29.2,29.15,17052.532
2897,上市,9.13,9.15,2999.917
2897B,上市,11.75,11.75,3.0
2901,上市,24.7,24.35,20.108
2903,上市,22.1,22.2,1800.316
2904,上市,17.1,17.1,20.414
2905,上市,15.4,15.4,611.09
2906,上市,12.55,12.55,64.767
2908,上市,20.3,20.35,77.315
2910,上市,21.2,21.0,2.0
2911,上市,5.32,5.11,55.242
2912,上市,208.0,214.0,4056.315
2913,上市,13.35,13.25,1241.489
2915,上市,50.9,50.9,1856.747
2923,上市,21.05,20.8,24.55
2929,上市,7.94,7.92,195.159
2939,上市,20.95,20.8,20.046
2945,上市,42.1,42.4,71.693
3002,上市,22.5,22.15,672.06
3003,上市,49.05,48.3,373.538
3004,上市,114.0,112.5,374.528
3005,上市,114.5,113.5,3390.082
3006,上市,174.5,177.5,61525.436
3008,上市,2435.0,2425.0,881.881
3010,上市,126.0,124.0,2418.437
3011,上市,14.1,13.8,1499.598
3013,上市,118.5,114.0,3144.454
3014,上市,121.5,120.0,642.374
3015,上市,54.4,52.8,520.001
3016,上市,67.7,64.0,5576.033
3017,上市,1480.0,1495.0,9257.577
3018,上市,12.05,12.0,6.161
3019,上市,165.0,158.0,47472.381
3021,上市,18.3,18.05,124.313
3022,上市,65.6,64.9,586.662
3023,上市,229.0,224.5,3527.229
3024,上市,10.9,10.65,921.808
3025,上市,75.9,76.7,3008.417
3026,上市,107.0,104.5,1329.42
3027,上市,25.8,25.15,519.764
3028,上市,42.0,41.85,8092.016
3029,上市,115.0,113.0,738.988
3030,上市,182.5,181.5,2230.376
3031,上市,20.85,20.25,673.358
3032,上市,73.2,72.2,646.443
3033,上市,30.85,30.65,2154.594
3034,上市,395.0,384.5,5792.487
3035,上市,177.0,171.5,4499.215
3036,上市,167.5,159.0,9824.479
3036A,上市,51.8,51.8,313.233
3037,上市,365.0,344.5,59291.18
3038,上市,23.8,23.8,307.971
3040,上市,44.3,47.1,507.514
3041,上市,27.45,26.7,1132.946
3042,上市,90.5,88.3,3221.471
3043,上市,23.3,22.9,169.767
3044,上市,404.0,387.0,5145.929
3045,上市,106.5,105.5,7596.599
3046,上市,52.7,52.4,357.337
3047,上市,19.25,18.6,1717.522
3048,上市,40.7,40.85,9985.795
3049,上市,8.65,8.44,9199.886
3050,上市,14.25,13.85,876.796
3051,上市,25.55,25.05,2214.166
3052,上市,11.55,11.5,541.613
3054,上市,30.05,30.7,36.242
3055,上市,74.0,70.9,522.915
3056,上市,17.1,17.15,1578.69
3057,上市,17.8,19.25,851.624
3058,上市,10.6,10.15,860.35
3059,上市,42.25,40.5,7927.077
3060,上市,37.4,35.4,28386.689
3062,上市,26.9,25.9,5023.524
3090,上市,97.0,94.5,3330.395
3092,上市,26.8,26.0,1204.385
3094,上市,27.25,25.8,1079.06
3130,上市,222.0,221.5,12.63
3135,上市,125.0,119.5,3042.199
3138,上市,189.0,180.5,2195.572
3149,上市,61.2,54.9,33870.47
3150,上市,18.1,18.65,103.007
3164,上市,18.45,18.15,48.293
3167,上市,235.0,222.0,5693.622
3168,上市,40.35,40.35,1.0
3189,上市,243.5,229.5,39665.97
3209,上市,33.65,33.4,269.528
3229,上市,22.3,22.3,174.091
3231,上市,135.0,132.5,36860.489
3257,上市,72.6,69.9,1543.554
3266,上市,14.0,13.85,64.821
3296,上市,25.4,25.35,72.062
3305,上市,123.0,121.0,13443.996
3308,上市,23.25,22.15,265.791
3311,上市,33.2,33.15,238.853
3312,上市,41.7,40.6,1357.809
3321,上市,18.25,18.0,497.702
3338,上市,53.4,52.8,869.45
3346,上市,22.5,21.9,381.021
3356,上市,49.35,48.7,500.058
3376,上市,220.0,206.0,8845.205
3380,上市,35.25,34.0,3071.468
3406,上市,464.5,456.5,725.034
3413,上市,300.5,289.5,2887.59
3416,上市,150.0,147.5,253.864
3419,上市,14.65,14.5,330.181
3432,上市,19.8,18.3,92.891
3437,上市,17.2,16.0,5527.185
3443,上市,2600.0,2695.0,4125.518
3447,上市,47.8,48.1,1029.914
3450,上市,265.0,260.0,16098.623
3454,上市,99.0,99.0,250.808
3481,上市,22.3,21.3,524119.98
3494,上市,9.36,9.22,167.076
3501,上市,53.5,52.6,420.285
3504,上市,56.7,55.9,278.639
3515,上市,225.5,221.5,418.344
3518,上市,22.35,21.5,328.226
3528,上市,69.9,70.3,279.902
3530,上市,72.6,71.0,212.193
3532,上市,150.5,146.5,4557.294
3533,上市,1515.0,1460.0,1154.957
3535,上市,103.0,99.9,5696.824
3543,上市,47.0,45.65,2784.375
3545,上市,56.2,54.7,1386.508
3550,上市,16.4,17.05,5940.151
3557,上市,35.3,34.9,108.036
3563,上市,490.0,483.0,670.409
3576,上市,10.8,10.8,11007.128
3583,上市,348.5,338.0,2044.827
3588,上市,58.3,54.2,1370.113
3591,上市,20.1,19.75,610.561
3592,上市,236.5,238.0,613.224
3593,上市,12.45,12.45,54.685
3596,上市,179.5,178.5,1044.191
3605,上市,68.4,66.4,4437.266
3607,上市,14.95,14.65,277.945
3617,上市,189.0,187.0,278.121
3622,上市,67.1,65.8,836.575
3645,上市,72.1,66.7,6454.652
3652,上市,28.9,28.7,16.034
3653,上市,2835.0,2895.0,3367.152
3661,上市,3330.0,3270.0,2536.603
3665,上市,1455.0,1365.0,3901.808
3669,上市,39.0,36.8,217.279
3673,上市,40.8,39.8,2936.682
3679,上市,115.0,117.0,68.645
3686,上市,19.1,19.2,225.38
3694,上市,62.4,60.7,2792.246
3701,上市,55.0,56.8,22685.918
3702,上市,65.5,65.3,6805.982
3703,上市,23.0,22.95,488.87
3704,上市,37.7,37.8,6281.255
3705,上市,57.3,56.7,335.393
3706,上市,82.0,80.0,13471.675
3708,上市,120.0,119.0,1636.583
3711,上市,314.0,310.0,20052.932
3712,上市,26.8,26.6,736.535
3714,上市,37.05,36.1,3782.387
3715,上市,149.0,143.0,38309.399
3716,上市,34.1,34.05,56.071
3717,上市,18.35,18.1,541.563
4104,上市,79.0,78.8,197.56
4106,上市,23.65,23.15,309.388
4108,上市,14.8,14.3,364.071
4119,上市,53.8,53.5,117.628
4133,上市,29.05,27.95,2740.509
4137,上市,105.5,105.0,89.869
4142,上市,20.1,19.5,4127.708
4148,上市,38.0,38.2,20.355
4155,上市,14.8,14.7,148.794
4164,上市,34.95,34.75,790.067
4190,上市,29.85,29.6,30.468
4306,上市,13.9,13.65,775.925
4414,上市,10.45,10.35,257.341
4426,上市,9.63,9.64,82.551
4438,上市,70.1,69.3,51.464
4439,上市,104.0,103.0,14.081
4440,上市,17.5,17.4,69.582
4441,上市,264.5,257.0,62.154
4526,上市,36.25,35.45,3203.984
4532,上市,25.9,25.65,795.277
4536,上市,161.5,160.0,444.121
4540,上市,51.2,49.8,9394.577
4545,上市,39.7,37.3,2273.359
4551,上市,118.5,117.0,600.002
4552,上市,23.9,23.9,95.173
4555,上市,41.4,40.25,148.528
4557,上市,71.2,71.0,71.173
4560,上市,32.15,32.25,320.03
4562,上市,43.0,40.15,1491.441
4564,上市,17.25,16.75,697.325
4566,上市,60.2,59.3,719.405
4569,上市,149.5,146.0,30.378
4571,上市,198.5,193.0,3620.897
4572,上市,148.0,147.0,88.654
4576,上市,128.5,125.0,4455.277
4581,上市,51.6,51.8,23.083
4583,上市,839.0,800.0,830.58
4585,上市,415.0,399.5,3775.452
4588,上市,69.8,67.0,134.434
4590,上市,87.0,91.6,1184.845
4720,上市,16.8,16.25,769.926
4722,上市,162.5,160.5,1045.138
4736,上市,135.0,134.0,364.538
4737,上市,55.6,55.3,216.225
4739,上市,74.4,71.1,1510.145
4746,上市,60.0,59.0,1078.866
4755,上市,128.0,126.5,341.711
4763,上市,50.5,49.9,3753.356
4764,上市,128.0,120.5,2056.777
4766,上市,319.0,318.5,316.698
4770,上市,243.0,241.0,357.113
4771,上市,178.0,177.5,43.901
4807,上市,18.4,17.85,2.692
4904,上市,89.0,89.0,5459.29
4906,上市,28.1,28.3,5489.199
4912,上市,96.8,91.6,703.696
4915,上市,80.0,80.0,1710.273
4916,上市,66.9,66.5,17228.581
4919,上市,69.2,60.7,25182.082
4927,上市,33.45,32.65,6371.351
4930,上市,21.95,21.8,44.787
4934,上市,16.15,15.4,2040.619
4935,上市,39.95,39.95,126.001
4938,上市,70.6,70.1,6035.352
4942,上市,38.0,37.75,94.201
4943,上市,12.3,12.0,20.929
4949,上市,48.0,46.05,1717.321
4952,上市,42.35,41.9,3114.566
4956,上市,22.1,21.65,3755.99
4958,上市,177.0,178.0,39138.368
4960,上市,13.6,13.4,1334.206
4961,上市,154.0,151.0,937.27
4967,上市,259.0,249.5,23714.264
4968,上市,126.0,122.5,1413.907
4976,上市,32.5,31.75,1780.092
4977,上市,141.0,136.5,27075.933
4989,上市,63.0,58.8,13420.59
4994,上市,104.0,103.5,11.988
4999,上市,23.95,24.0,141.136
5007,上市,58.6,60.0,671.857
5203,上市,86.0,85.0,309.863
5215,上市,37.55,38.0,32.089
5222,上市,141.0,143.0,939.847
5225,上市,102.5,100.5,503.8
5234,上市,335.0,335.5,1102.867
5243,上市,87.5,86.6,7025.46
5244,上市,40.0,38.85,262.883
5258,上市,60.6,59.1,439.7
5269,上市,1385.0,1330.0,959.484
5283,上市,61.4,61.1,50.02
5284,上市,280.5,270.5,1213.297
5285,上市,57.2,55.7,458.292
5288,上市,145.0,145.0,217.938
5292,上市,201.0,195.5,276.021
5306,上市,92.6,92.0,90.331
5388,上市,83.1,82.8,4251.481
5434,上市,334.5,330.0,462.18
5469,上市,106.0,101.5,13661.427
5471,上市,40.4,37.65,3708.341
5484,上市,44.5,42.75,586.335
5515,上市,32.2,32.6,585.167
5519,上市,31.15,31.2,255.61
5521,上市,21.8,21.7,3881.705
5522,上市,66.4,67.7,1266.289
5525,上市,25.6,25.7,94.211
5531,上市,9.03,9.0,246.724
5533,上市,14.25,14.35,96.003
5534,上市,77.6,77.9,508.117
5538,上市,32.35,31.65,56.104
5546,上市,22.35,22.35,1.137
5607,上市,47.25,46.95,377.936
5608,上市,18.1,17.95,3124.704
5706,上市,50.0,50.3,229.032
5871,上市,105.0,104.0,5539.137
5871A,上市,101.0,101.0,117.333
5876,上市,39.5,39.75,4641.24
5880,上市,23.7,23.85,17406.984
5906,上市,52.0,51.4,4.035
5907,上市,6.4,6.23,484.925
6005,上市,29.85,30.45,17579.852
6024,上市,52.1,52.0,284.874
6108,上市,15.5,15.5,257.364
6112,上市,47.7,46.05,631.886
6115,上市,47.0,46.6,164.722
6116,上市,8.76,8.5,30190.545
6117,上市,80.2,78.1,747.109
6120,上市,13.45,13.25,3655.263
6128,上市,24.65,24.75,69.191
6133,上市,28.85,26.9,13481.561
6136,上市,24.05,23.9,188.028
6139,上市,595.0,614.0,12979.68
6141,上市,12.0,11.45,240.515
6142,上市,10.1,10.05,451.838
6152,上市,13.75,13.05,2042.305
6153,上市,16.6,16.0,4196.707
6155,上市,57.3,54.1,2282.063
6164,上市,12.65,12.65,448.199
6165,上市,43.0,43.0,352.733
6166,上市,65.8,64.0,671.372
6168,上市,23.7,22.15,7019.236
6176,上市,125.0,124.5,1307.571
6177,上市,47.35,47.6,1128.117
6183,上市,95.1,95.4,62.109
6184,上市,48.5,48.15,84.753
6189,上市,44.85,44.65,469.54
6191,上市,114.5,111.0,7721.886
6192,上市,119.5,120.0,235.745
6196,上市,298.0,290.5,2362.224
6197,上市,145.5,145.0,984.125
6201,上市,54.6,55.0,65.942
6202,上市,52.1,48.95,12244.016
6205,上市,56.2,52.8,864.333
6206,上市,91.8,91.1,711.731
6209,上市,71.0,68.6,14960.745
6213,上市,118.5,110.5,16207.053
6214,上市,121.5,118.5,664.142
6215,上市,125.5,123.0,7547.833
6216,上市,28.3,28.0,197.608
6224,上市,42.4,40.85,389.477
6225,上市,17.1,17.5,9.101
6226,上市,9.14,8.93,382.474
6230,上市,126.0,122.0,50.113
6235,上市,61.3,59.6,923.868
6239,上市,265.0,255.5,23718.413
6243,上市,37.0,35.5,428.051
6257,上市,134.5,131.5,7554.758
6269,上市,60.9,59.1,2219.038
6271,上市,153.0,144.5,8712.293
6272,上市,42.0,42.95,957.502
6277,上市,61.8,60.8,103.123
6278,上市,94.8,93.8,2140.474
6281,上市,61.7,61.5,131.201
6282,上市,55.8,53.4,43927.268
6283,上市,23.95,23.35,330.966
6285,上市,171.5,176.5,54548.634
6405,上市,32.2,30.45,737.408
6409,上市,957.0,920.0,1437.222
6412,上市,84.0,83.3,523.457
6414,上市,293.5,289.5,736.33
6415,上市,294.5,299.5,22528.614
6416,上市,86.8,85.3,172.736
6426,上市,102.0,111.5,8430.958
6431,上市,27.25,27.2,283.291
6438,上市,153.0,150.0,817.29
6442,上市,1630.0,1725.0,5913.567
6443,上市,41.5,39.0,60532.286
6446,上市,702.0,731.0,7859.885
6449,上市,176.0,167.5,1180.385
6451,上市,162.0,169.5,6089.96
6456,上市,41.2,40.0,2445.295
6464,上市,76.3,75.6,5.588
6472,上市,588.0,620.0,4814.162
6477,上市,35.6,35.05,974.634
6491,上市,285.5,286.0,282.301
6504,上市,52.8,44.25,1195.571
6505,上市,53.0,52.4,14803.871
6515,上市,4020.0,3900.0,662.441
6525,上市,80.5,79.7,191.673
6526,上市,465.5,451.5,519.803
6531,上市,442.0,443.0,4500.028
6533,上市,249.0,246.5,657.894
6534,上市,86.2,85.8,98.326
6541,上市,53.4,55.8,2844.434
6550,上市,31.2,31.4,1401.248
6552,上市,30.75,31.8,2510.378
6558,上市,41.0,38.75,5245.353
6573,上市,15.45,14.9,433.273
6579,上市,117.0,117.5,179.172
6581,上市,106.5,107.5,9.232
6582,上市,33.9,32.8,320.039
6585,上市,92.1,92.3,41.861
6589,上市,63.8,63.3,532.039
6591,上市,69.8,68.5,371.169
6592,上市,62.7,60.8,3424.161
6592A,上市,96.7,97.7,14.51
6592B,上市,97.4,97.6,25.364
6598,上市,24.85,24.05,205.069
6605,上市,157.0,154.0,432.339
6606,上市,25.75,26.0,55.02
6614,上市,47.8,47.85,79.983
6625,上市,85.6,84.7,210.751
6641,上市,23.55,23.1,119.961
6645,上市,18.0,18.0,23.577
6655,上市,118.0,119.0,11.0
6657,上市,54.0,55.8,2811.889
6658,上市,56.6,54.5,347.896
6666,上市,45.2,45.0,20.74
6668,上市,39.6,38.1,438.508
6669,上市,3750.0,3720.0,1622.668
6670,上市,269.0,270.5,262.665
6671,上市,37.95,37.8,2.386
6672,上市,97.4,94.5,1143.538
6674,上市,20.25,20.1,55.0
6689,上市,63.0,61.1,232.414
6691,上市,607.0,613.0,831.336
6695,上市,44.35,43.8,354.212
6698,上市,35.1,34.8,339.102
6706,上市,118.5,127.0,14176.504
6715,上市,109.0,119.5,266.917
6719,上市,212.0,214.5,1626.146
6722,上市,43.6,43.6,271.063
6742,上市,48.0,46.15,1270.945
6743,上市,28.65,28.4,299.163
6753,上市,144.0,157.5,5957.137
6754,上市,45.3,44.55,36.518
6756,上市,85.0,81.2,389.9
6757,上市,68.3,68.7,952.657
6768,上市,105.0,104.0,317.295
6770,上市,67.0,65.1,592076.349
6771,上市,45.0,44.65,11.0
6776,上市,59.2,58.3,515.854
6781,上市,1265.0,1200.0,1539.827
6782,上市,176.0,173.0,132.683
6789,上市,296.0,290.0,3072.316
6790,上市,38.25,38.3,113.179
6792,上市,57.9,56.2,114.367
6794,上市,89.0,89.3,59.07
6796,上市,88.2,87.8,395.814
6799,上市,89.0,89.5,278.196
6805,上市,1495.0,1485.0,2188.859
6806,上市,51.8,49.6,2029.534
6807,上市,46.1,45.45,4.0
6830,上市,181.5,176.0,522.092
6831,上市,242.0,241.0,682.33
6834,上市,33.7,32.3,875.975
6835,上市,38.6,38.15,29.11
6838,上市,29.95,29.1,270.5
6854,上市,131.0,123.5,492.291
6861,上市,64.0,63.8,130.963
6862,上市,194.0,195.5,1160.854
6863,上市,114.0,113.5,102.962
6869,上市,118.0,113.5,1627.832
6873,上市,118.5,114.0,540.622
6885,上市,27.35,27.05,432.851
6887,上市,62.5,62.5,4.264
6890,上市,236.0,231.5,552.555
6901,上市,17.85,17.6,537.366
6902,上市,79.9,79.5,24.353
6906,上市,79.5,79.5,23.354
6909,上市,45.4,43.8,394.696
6914,上市,142.0,142.0,90.107
6916,上市,18.45,18.25,65.106
6918,上市,81.1,83.8,85.505
6919,上市,166.0,164.5,6539.549
6921,上市,81.0,79.3,119.847
6923,上市,97.0,95.9,223.185
6924,上市,0.0,0.0,0.0
6928,上市,54.0,53.3,186.74
6931,上市,57.5,58.2,236.284
6933,上市,144.0,142.0,152.994
6936,上市,36.25,36.0,86.5
6937,上市,218.0,213.0,265.62
6944,上市,733.0,721.0,438.454
6949,上市,590.0,585.0,243.685
6951,上市,78.6,77.7,178.803
6952,上市,44.5,45.05,213.39
6955,上市,0.0,0.0,0.0
6957,上市,190.0,187.0,73.775
6958,上市,15.3,15.2,45.72
6958A,上市,19.1,19.1,34.799
6962,上市,40.7,40.55,4418.295
6965,上市,85.9,84.1,209.596
6969,上市,32.55,32.6,19.0
6988,上市,19.0,19.25,118.0
6994,上市,94.5,92.7,254.43
7610,上市,205.0,219.0,1792.437
7631,上市,122.0,123.0,10.252
7705,上市,40.35,40.15,49.585
7711,上市,234.0,225.0,371.682
7721,上市,48.6,48.1,62.097
7722,上市,472.5,472.5,167.499
7730,上市,100.5,99.5,6.0
7732,上市,37.55,37.4,14.1
7736,上市,90.4,89.0,10.275
7740,上市,156.5,156.0,90.489
7749,上市,425.0,418.0,166.251
7750,上市,985.0,963.0,208.175
7765,上市,260.0,259.0,31.124
7769,上市,3795.0,3750.0,502.475
7780,上市,27.5,26.9,5402.087
7786,上市,162.0,156.5,282.148
7788,上市,198.0,193.0,1177.398
7791,上市,70.9,71.7,161.737
7795,上市,438.0,420.0,2624.618
7799,上市,429.0,428.0,369.335
8011,上市,21.2,20.95,1344.671
8016,上市,195.5,197.0,757.23
8021,上市,233.5,221.0,3241.047
8028,上市,181.0,174.5,4885.146
8033,上市,156.0,155.0,21893.009
8039,上市,93.8,90.3,17391.867
8045,上市,87.6,84.5,553.176
8046,上市,390.0,374.0,4182.431
8070,上市,48.6,47.25,10418.124
8072,上市,32.85,31.15,293.197
8081,上市,244.5,247.0,1381.976
8101,上市,0.0,0.0,0.224
8103,上市,95.2,88.8,3570.057
8104,上市,38.9,38.75,3372.793
8105,上市,12.8,12.2,5961.488
8110,上市,83.0,79.1,60166.231
8112,上市,82.6,80.5,66403.71
8112A,上市,44.65,45.0,73.116
8114,上市,191.5,187.5,919.091
8131,上市,82.0,78.1,17659.03
8150,上市,66.0,62.2,37260.782
8162,上市,38.65,37.9,123.827
8163,上市,32.2,31.6,633.701
8201,上市,15.2,14.8,150.061
8210,上市,951.0,930.0,1900.912
8213,上市,36.45,36.3,1224.628
8215,上市,20.4,19.95,846.146
8222,上市,42.15,42.05,617.74
8249,上市,58.7,63.3,14922.082
8261,上市,99.0,95.5,4882.311
8271,上市,123.0,119.5,11852.928
8341,上市,78.8,77.9,362.418
8367,上市,42.95,43.0,22.146
8374,上市,100.0,95.0,3528.424
8404,上市,23.95,23.45,355.446
8411,上市,12.05,11.95,125.596
8422,上市,40.4,38.65,69221.606
8429,上市,7.77,7.72,302.444
8438,上市,68.8,64.0,1070.206
8442,上市,70.5,71.0,71.157
8443,上市,11.55,11.55,9.821
8454,上市,193.5,193.0,421.875
8462,上市,143.0,141.0,330.654
8463,上市,26.6,26.85,37.202
8464,上市,415.0,414.0,2234.604
8466,上市,22.15,22.2,17.0
8467,上市,188.0,184.0,31.539
8473,上市,39.0,38.0,632.397
8476,上市,20.05,19.4,2051.094
8478,上市,188.5,188.5,106.917
8481,上市,42.45,42.35,22.232
8482,上市,47.65,47.85,7.458
8487,上市,80.0,79.9,14.155
8488,上市,9.93,9.92,9.036
8499,上市,320.0,316.5,100.063
8926,上市,43.5,43.35,978.372
8940,上市,20.5,20.45,75.092
8996,上市,790.0,777.0,688.668
9103,上市,6.21,6.21,7011.426
910322,上市,23.25,23.6,15.217
9105,上市,6.25,6.25,56871.808
910861,上市,5.59,5.59,91.999
9110,上市,3.12,3.06,12.0
911608,上市,2.83,2.83,61.05
911622,上市,3.99,4.1,111.046
911868,上市,1.3,1.3,875.107
912000,上市,2.84,2.73,1146.51
9136,上市,8.08,7.94,519.57
9802,上市,96.6,95.6,1544.593
9902,上市,17.95,17.7,347.656
9904,上市,30.85,31.0,7068.633
9905,上市,20.15,20.15,49.747
9906,上市,45.0,44.85,116.37
9907,上市,18.2,18.1,1547.739
9908,上市,29.75,29.95,124.249
9910,上市,94.6,93.6,2389.706
9911,上市,83.6,83.8,136.157
9912,上市,12.0,12.0,47.311
9914,上市,86.5,86.4,900.236
9917,上市,106.5,106.0,422.008
9918,上市,39.7,39.8,8.175
9919,上市,21.45,18.0,14269.838
9921,上市,92.0,91.5,1602.256
9924,上市,48.5,48.3,85.783
9925,上市,40.7,40.65,215.417
9926,上市,49.35,49.35,24.096
9927,上市,71.2,70.9,88.472
9928,上市,18.5,18.35,60.001
9929,上市,0.0,0.0,0.06
9930,上市,70.3,70.4,93.402
9931,上市,34.15,34.0,2.005
9933,上市,32.0,31.85,2004.858
9934,上市,10.3,10.2,616.501
9935,上市,20.1,20.1,177.443
9937,上市,57.4,58.1,31.083
9938,上市,50.7,50.7,1130.305
9939,上市,123.5,123.0,1141.077
9940,上市,21.9,22.0,345.168
9941,上市,78.0,78.0,1166.248
9941A,上市,50.2,50.3,16.087
9942,上市,112.5,112.5,135.645
9943,上市,59.7,59.7,75.899
9944,上市,17.05,16.75,131.198
9945,上市,29.05,29.35,7366.468
9946,上市,17.1,17.25,248.967
9955,上市,39.8,38.3,5670.33
9958,上市,139.5,142.5,2802.067
006201,上櫃,30.35,29.99,313.983
00679B,上櫃,27.0,26.95,51340.542
00687B,上櫃,28.02,28.0,46800.79
00687C,上櫃,9.37,9.35,26.3
00694B,上櫃,41.18,41.26,568.115
00695B,上櫃,35.1,35.09,382.331
00696B,上櫃,29.13,29.04,4027.851
00697B,上櫃,35.63,35.62,579.883
00719B,上櫃,30.6,30.75,3030.268
00720B,上櫃,33.22,33.13,9983.89
00722B,上櫃,36.33,36.22,2967.089
00723B,上櫃,31.11,31.04,105.0
00724B,上櫃,34.19,34.15,3647.227
00725B,上櫃,35.23,35.16,8196.754
00726B,上櫃,33.0,33.01,312.76
00727B,上櫃,39.66,39.58,159.832
00734B,上櫃,15.58,15.58,110.128
00740B,上櫃,39.0,38.91,1804.746
00741B,上櫃,37.51,37.53,108.87
00746B,上櫃,35.74,35.67,1067.125
00749B,上櫃,31.62,31.55,109.019
00750B,上櫃,33.32,33.31,110.0
00751B,上櫃,32.07,31.97,11103.404
00754B,上櫃,34.18,34.08,192.58
00755B,上櫃,33.26,33.18,132.924
00756B,上櫃,31.81,31.76,172.347
00758B,上櫃,51.5,51.6,101.0
00759B,上櫃,55.05,55.05,100.0
00760B,上櫃,55.05,54.95,128.872
00761B,上櫃,34.93,34.93,715.252
00764B,上櫃,28.08,28.0,3091.291
00768B,上櫃,51.4,51.25,331.805
00772B,上櫃,34.1,33.94,3320.416
00773B,上櫃,36.39,36.33,1311.593
00777B,上櫃,32.98,32.93,120.052
00778B,上櫃,35.09,35.05,110.0
00779B,上櫃,28.4,28.35,329.041
00780B,上櫃,37.76,37.76,114.217
00781B,上櫃,29.33,29.2,239.175
00782B,上櫃,30.95,30.81,139.241
00785B,上櫃,35.31,35.29,143.002
00786B,上櫃,33.31,33.27,129.328
00787B,上櫃,33.07,32.79,78.55
00788B,上櫃,30.25,30.11,20.41
00789B,上櫃,48.72,48.72,100.02
00791B,上櫃,56.3,56.3,100.0
00792B,上櫃,32.04,32.01,102.108
00793B,上櫃,31.11,31.03,129.185
00795B,上櫃,27.2,27.14,8274.817
00799B,上櫃,30.37,30.28,317.165
00834B,上櫃,34.6,34.53,101.154
00836B,上櫃,29.04,29.04,202.434
00840B,上櫃,30.35,30.35,100.0
00841B,上櫃,29.62,29.61,101.0
00842B,上櫃,31.56,31.46,151.06
00844B,上櫃,32.32,32.29,81.06
00845B,上櫃,33.69,33.83,110.0
00846B,上櫃,36.47,36.42,154.05
00847B,上櫃,26.0,26.0,300.001
00848B,上櫃,34.42,34.35,401.445
00849B,上櫃,36.89,36.93,303.35
00853B,上櫃,28.0,27.99,1577.709
00856B,上櫃,37.29,37.28,56.685
00857B,上櫃,23.3,23.3,3092.245
00858,上櫃,32.84,32.81,1438.764
00859B,上櫃,40.78,40.83,2640.919
00860B,上櫃,38.26,38.17,191.889
00862B,上櫃,32.04,31.96,614.062
00863B,上櫃,32.38,32.35,308.111
00864B,上櫃,45.99,46.04,1529.445
00867B,上櫃,31.71,31.67,174.056
00870B,上櫃,28.58,28.56,4.062
00877,上櫃,27.36,27.05,3390.911
00883B,上櫃,30.97,30.94,415.862
00884B,上櫃,29.73,29.74,407.414
00886,上櫃,37.51,37.39,28.754
00887,上櫃,13.16,13.0,10102.446
00888,上櫃,23.36,22.95,1608.024
00890B,上櫃,32.6,32.52,323.326
00928,上櫃,22.52,22.25,1670.573
00931B,上櫃,13.51,13.5,4971.575
00933B,上櫃,16.28,16.26,14961.611
00937B,上櫃,15.03,15.0,81132.921
00942B,上櫃,14.46,14.46,1883.414
00948B,上櫃,9.55,9.52,8690.085
00950B,上櫃,14.25,14.22,5094.793
00955,上櫃,14.33,14.35,11557.615
00957B,上櫃,13.69,13.66,2129.662
00958B,上櫃,9.47,9.44,674.825
00959B,上櫃,9.53,9.5,2363.663
00966B,上櫃,14.07,14.06,1095.027
00967B,上櫃,9.21,9.16,666.682
00968B,上櫃,9.32,9.3,3551.193
00969B,上櫃,8.37,8.34,853.6
00970B,上櫃,9.44,9.42,1519.233
009806,上櫃,12.13,12.16,744.986
009807,上櫃,13.32,13.32,72.281
00980B,上櫃,9.56,9.51,330.372
00980D,上櫃,20.77,20.73,2235.91
00980T,上櫃,10.81,10.83,1269.977
009814,上櫃,10.18,10.17,2824.875
009815,上櫃,10.11,10.1,31435.209
00981B,上櫃,9.32,9.3,25531.549
00981D,上櫃,10.47,10.45,9388.281
00982B,上櫃,9.96,9.96,84.911
00983B,上櫃,15.98,15.93,1703.617
00984B,上櫃,16.84,16.77,11683.635
00986B,上櫃,10.15,10.12,609.177
00987B,上櫃,15.59,15.67,10994.637
020001,上櫃,0.0,0.0,0.0
020025,上櫃,23.13,23.28,196.0
020027,上櫃,7.8,7.65,18.0
020033,上櫃,4.63,4.68,26.0
020035,上櫃,11.63,11.18,14.0
020040,上櫃,8.9,8.59,17.0
020041,上櫃,10.3,10.26,26.0
1240,上櫃,60.5,60.4,31.645
1259,上櫃,0.0,0.0,0.183
1264,上櫃,278.5,279.0,34.531
1268,上櫃,160.0,159.5,12.866
1294,上櫃,76.7,77.1,37.307
1295,上櫃,84.7,83.4,127.882
1336,上櫃,16.7,16.5,152.874
1565,上櫃,115.0,114.5,277.783
1569,上櫃,55.4,53.7,1089.169
1570,上櫃,31.35,31.05,73.539
1580,上櫃,131.5,130.0,183.339
1584,上櫃,23.85,24.9,6758.463
1586,上櫃,26.0,25.7,644.136
1591,上櫃,50.2,50.0,181.127
1593,上櫃,30.15,30.1,115.087
1595,上櫃,40.4,38.9,132.447
1599,上櫃,27.1,27.05,12.715
1742,上櫃,16.6,15.8,49.937
1777,上櫃,73.0,72.3,22.292
1781,上櫃,13.6,12.75,408.975
1784,上櫃,98.5,98.6,280.722
1785,上櫃,68.7,65.6,22657.562
1788,上櫃,135.5,135.5,36.123
1796,上櫃,45.6,45.3,7.002
1799,上櫃,33.9,33.8,77.054
1813,上櫃,13.3,13.6,19.419
1815,上櫃,95.2,91.6,43225.219
2035,上櫃,28.3,28.8,54.098
2061,上櫃,17.2,18.7,747.483
2063,上櫃,27.7,27.55,9.043
2064,上櫃,11.9,12.0,17.109
2065,上櫃,33.9,33.0,94.931
2066,上櫃,54.7,53.6,52.865
2067,上櫃,10.2,10.3,37.577
2070,上櫃,44.1,44.1,186.156
2073,上櫃,26.1,26.1,1.0
2221,上櫃,31.0,30.8,8.38
2230,上櫃,89.1,88.8,198.189
2235,上櫃,35.85,35.5,8.0
2596,上櫃,33.35,33.75,185.182
2640,上櫃,127.0,126.5,17.367
2641,上櫃,21.15,20.65,3735.529
2643,上櫃,72.0,72.9,33.649
2718,上櫃,50.3,49.9,72.077
2719,上櫃,29.85,28.9,26.574
2724,上櫃,0.0,0.0,0.0
2726,上櫃,12.0,11.55,158.934
2729,上櫃,174.5,172.0,19.124
2732,上櫃,67.5,68.0,35.756
2734,上櫃,17.85,18.05,97.015
2736,上櫃,14.25,14.1,100.838
2740,上櫃,40.0,40.0,116.133
2743,上櫃,80.5,80.5,149.789
2745,上櫃,107.0,106.0,234.753
2751,上櫃,60.1,60.0,20.015
2752,上櫃,207.0,206.0,7.271
2754,上櫃,78.2,78.5,16.86
2755,上櫃,115.5,112.5,86.181
2756,上櫃,76.2,76.5,30.113
2916,上櫃,46.6,46.55,39.066
2924,上櫃,19.8,19.15,12.0
2926,上櫃,38.7,38.55,5.204
2937,上櫃,44.1,44.1,4.803
2941,上櫃,0.0,0.0,0.242
2947,上櫃,81.1,82.0,13.186
2948,上櫃,39.9,39.95,4.0
2949,上櫃,65.0,65.0,1.003
3064,上櫃,48.7,48.7,1.033
3066,上櫃,14.85,14.2,114.572
3067,上櫃,0.0,0.0,0.0
3071,上櫃,24.35,24.4,358.453
3073,上櫃,33.0,31.7,135.733
3078,上櫃,64.5,63.6,1326.303
3081,上櫃,958.0,990.0,7081.732
3083,上櫃,35.1,34.35,139.466
3085,上櫃,13.6,13.1,7.134
3086,上櫃,229.0,231.5,179.415
3088,上櫃,86.5,83.7,483.257
3093,上櫃,25.5,26.0,582.254
3095,上櫃,30.6,30.75,25.279
3105,上櫃,259.5,245.0,26320.356
3114,上櫃,26.1,25.8,120.796
3115,上櫃,10.35,10.35,1.212
3118,上櫃,33.0,33.05,31.219
3122,上櫃,29.9,26.1,1817.132
3128,上櫃,28.25,27.8,332.28
3131,上櫃,1815.0,1825.0,1089.788
3141,上櫃,52.4,49.35,1054.144
3147,上櫃,170.5,170.5,302.99
3152,上櫃,172.5,163.0,3171.148
3158,上櫃,90.0,89.9,25.22
3162,上櫃,62.3,61.0,2749.516
3163,上櫃,476.0,472.5,30553.229
3169,上櫃,102.5,98.2,232.071
3171,上櫃,47.85,47.9,17.39
3176,上櫃,34.15,32.75,449.51
3178,上櫃,60.0,58.5,164.001
3188,上櫃,29.2,29.3,283.963
3191,上櫃,16.0,15.9,2.068
3205,上櫃,52.1,52.2,899.611
3206,上櫃,31.6,31.45,24.103
3207,上櫃,71.5,69.6,525.777
3211,上櫃,340.0,331.0,8919.797
3213,上櫃,103.0,100.5,341.823
3217,上櫃,162.0,159.0,520.725
3218,上櫃,149.0,147.0,142.942
3219,上櫃,67.5,65.7,359.163
3221,上櫃,26.85,28.0,14645.81
3224,上櫃,45.8,45.8,47.153
3226,上櫃,58.5,58.0,29.755
3227,上櫃,216.0,208.5,1675.232
3228,上櫃,156.0,151.5,931.017
3230,上櫃,31.35,29.45,715.61
3232,上櫃,23.8,22.85,40.289
3234,上櫃,61.0,61.3,11311.738
3236,上櫃,32.6,30.95,3543.091
3252,上櫃,18.5,18.55,47.007
3259,上櫃,20.0,19.95,78.424
3260,上櫃,379.0,360.0,22540.248
3264,上櫃,167.0,157.0,18124.922
3265,上櫃,148.0,144.0,3892.428
3268,上櫃,17.0,17.0,83.377
3272,上櫃,20.25,20.2,116.27
3276,上櫃,15.0,14.75,73.803
3284,上櫃,21.0,20.7,123.008
3285,上櫃,27.75,26.85,13.568
3287,上櫃,32.0,31.55,195.011
3288,上櫃,16.1,16.0,20.277
3289,上櫃,139.0,140.0,10404.816
3290,上櫃,48.5,49.1,1695.678
3293,上櫃,741.0,728.0,1429.534
3294,上櫃,41.15,40.0,2274.916
3297,上櫃,40.95,40.05,275.017
3303,上櫃,46.6,46.45,163.723
3306,上櫃,51.3,49.7,323.819
3310,上櫃,74.3,73.0,21.393
3313,上櫃,13.9,13.85,195.631
3317,上櫃,51.1,49.65,1790.253
3322,上櫃,16.95,16.4,473.047
3323,上櫃,41.3,39.1,3582.353
3324,上櫃,934.0,940.0,2932.725
3325,上櫃,15.9,15.8,203.506
3332,上櫃,56.4,56.2,44.242
3339,上櫃,29.75,28.6,763.071
3349,上櫃,29.0,29.05,123.915
3354,上櫃,27.5,26.4,847.526
3357,上櫃,164.5,158.5,1962.782
3360,上櫃,15.65,15.0,739.441
3362,上櫃,118.0,112.5,1152.212
3363,上櫃,447.0,432.5,6556.187
3372,上櫃,22.65,22.1,1886.795
3373,上櫃,21.0,19.15,2245.597
3374,上櫃,181.0,172.5,9975.073
3379,上櫃,52.8,51.0,565.762
3388,上櫃,62.3,62.4,56.626
3390,上櫃,23.65,22.9,460.427
3402,上櫃,135.5,134.5,679.461
3426,上櫃,45.95,46.2,10.168
3430,上櫃,71.4,67.0,569.291
3434,上櫃,35.7,34.65,468.222
3438,上櫃,54.4,52.2,219.816
3441,上櫃,37.95,36.85,152.02
3444,上櫃,70.0,67.8,303.791
3455,上櫃,116.5,111.0,1124.206
3465,上櫃,47.35,45.55,12.4
3466,上櫃,39.55,39.4,255.845
3467,上櫃,43.95,42.0,47.636
3479,上櫃,92.5,91.4,303.491
3483,上櫃,88.9,87.7,469.281
3484,上櫃,50.5,49.6,206.903
3489,上櫃,20.1,20.4,50.0
3490,上櫃,25.1,24.3,388.406
3491,上櫃,1130.0,1085.0,604.731
3492,上櫃,26.4,25.5,162.25
3498,上櫃,51.0,54.8,3876.4
3499,上櫃,17.55,17.3,244.916
3508,上櫃,23.45,23.55,133.818
3511,上櫃,21.3,20.65,218.8
3512,上櫃,21.0,20.75,93.408
3516,上櫃,20.0,20.05,47.158
3520,上櫃,15.95,15.5,278.052
3521,上櫃,15.2,15.0,104.233
3522,上櫃,15.95,16.05,150.672
3523,上櫃,19.3,19.3,63.137
3526,上櫃,253.5,250.5,257.73
3527,上櫃,60.7,57.1,267.701
3529,上櫃,1990.0,1905.0,1882.071
3531,上櫃,21.3,21.45,10.0
3537,上櫃,49.25,48.4,429.688
3540,上櫃,32.5,31.9,288.029
3541,上櫃,26.0,26.05,18.053
3546,上櫃,77.4,75.8,273.729
3548,上櫃,90.9,93.0,863.002
3551,上櫃,192.5,185.0,1062.343
3552,上櫃,58.5,57.1,423.709
3555,上櫃,92.8,102.0,1419.657
3556,上櫃,45.5,45.0,1158.367
3558,上櫃,145.0,140.5,353.851
3564,上櫃,52.3,51.8,944.356
3567,上櫃,29.15,28.3,135.322
3570,上櫃,175.0,174.5,17.071
3577,上櫃,62.5,61.6,117.423
3580,上櫃,70.0,68.0,460.227
3581,上櫃,75.2,70.4,1192.354
3587,上櫃,212.5,209.0,1366.059
3594,上櫃,36.7,40.35,1129.427
3597,上櫃,26.05,25.75,56.17
3609,上櫃,38.75,37.15,149.945
3611,上櫃,196.5,196.5,26.181
3615,上櫃,26.25,25.95,695.476
3623,上櫃,29.4,27.25,559.731
3624,上櫃,61.2,58.1,3402.772
3625,上櫃,19.9,19.55,1036.319
3628,上櫃,68.5,66.6,253.25
3629,上櫃,0.0,0.0,0.004
3630,上櫃,36.5,34.35,5342.873
3631,上櫃,28.75,26.85,226.827
3632,上櫃,9.4,9.4,16.604
3646,上櫃,26.4,25.75,6.043
3663,上櫃,63.4,61.7,1692.769
3664,上櫃,16.55,16.1,124.431
3666,上櫃,28.2,27.9,48.163
3672,上櫃,12.0,12.25,30.093
3675,上櫃,158.5,161.0,1200.725
3680,上櫃,454.0,414.5,5075.915
3684,上櫃,56.2,55.6,51.754
3685,上櫃,36.4,34.9,365.167
3687,上櫃,82.2,80.7,193.669
3689,上櫃,114.0,111.0,3009.03
3691,上櫃,128.5,125.0,361.812
3693,上櫃,389.5,378.5,2167.743
3707,上櫃,64.5,60.7,13475.73
3709,上櫃,62.2,62.1,1615.747
3710,上櫃,7.05,7.1,804.995
3713,上櫃,20.5,20.15,68.291
4102,上櫃,20.8,20.7,129.83
4105,上櫃,86.1,85.1,783.419
4107,上櫃,121.5,121.5,31.401
4109,上櫃,14.75,14.5,342.552
4111,上櫃,30.0,29.95,111.595
4113,上櫃,22.4,22.65,135.053
4114,上櫃,32.85,32.8,1068.547
4116,上櫃,43.5,43.5,42.485
4120,上櫃,44.5,44.85,14.504
4121,上櫃,19.15,19.35,1902.402
4123,上櫃,42.1,41.4,2046.685
4126,上櫃,82.2,82.2,67.628
4127,上櫃,40.0,40.8,411.376
4128,上櫃,21.25,20.6,1271.809
4129,上櫃,110.5,110.0,225.071
4130,上櫃,31.6,30.0,1213.009
4131,上櫃,39.3,39.3,14.281
4138,上櫃,60.8,60.5,30.217
4139,上櫃,23.65,23.75,3.507
4147,上櫃,58.6,58.5,977.136
4153,上櫃,34.05,33.6,23.398
4154,上櫃,14.1,14.0,3.0
4157,上櫃,14.5,13.65,7524.188
4160,上櫃,55.8,54.3,95.864
4161,上櫃,26.2,26.35,69.087
4162,上櫃,68.0,68.1,638.412
4163,上櫃,94.0,92.9,4.101
4166,上櫃,27.5,27.0,94.456
4167,上櫃,20.75,20.3,1953.3
4168,上櫃,28.65,29.2,689.226
4171,上櫃,22.6,22.5,466.998
4173,上櫃,21.85,21.65,112.093
4175,上櫃,61.6,58.1,69.649
4183,上櫃,16.3,16.3,14.0
4188,上櫃,14.45,14.3,35.546
4192,上櫃,24.0,23.6,12.977
4198,上櫃,32.5,33.0,3.24
4205,上櫃,79.2,79.0,57.847
4207,上櫃,18.5,18.7,168.957
4303,上櫃,60.1,58.6,953.358
4304,上櫃,28.8,28.8,2.972
4305,上櫃,42.0,42.0,10.0
4401,上櫃,16.9,16.95,36.354
4402,上櫃,19.7,19.85,35.013
4406,上櫃,10.1,10.55,77.019
4413,上櫃,18.0,17.65,16.705
4416,上櫃,29.6,29.6,41.028
4417,上櫃,51.7,51.8,48.512
4419,上櫃,48.95,48.95,1.014
4420,上櫃,50.7,50.6,36.895
4430,上櫃,18.0,18.05,22.53
4432,上櫃,16.85,16.75,32.238
4433,上櫃,22.7,22.5,17.855
4442,上櫃,57.5,57.5,13.557
4502,上櫃,15.85,15.9,20.466
4503,上櫃,41.4,40.4,144.649
4506,上櫃,113.0,111.5,106.359
4510,上櫃,50.6,49.7,6196.596
4513,上櫃,20.1,19.45,593.315
4523,上櫃,30.65,29.65,171.886
4527,上櫃,42.65,41.0,40.182
4528,上櫃,19.25,21.2,257.507
4529,上櫃,3.45,3.4,9.232
4530,上櫃,30.0,29.6,15.379
4533,上櫃,40.9,38.7,26833.648
4534,上櫃,26.0,24.95,2178.877
4535,上櫃,0.0,0.0,0.05
4538,上櫃,18.25,17.9,22.344
4541,上櫃,46.8,46.0,1390.423
4542,上櫃,105.5,102.5,463.794
4543,上櫃,33.35,32.3,443.705
4549,上櫃,111.0,109.5,241.15
4550,上櫃,27.1,27.2,7.761
4554,上櫃,27.5,27.4,29.207
4556,上櫃,30.1,29.9,629.806
4558,上櫃,21.3,19.75,304.054
4561,上櫃,49.3,47.7,540.415
4563,上櫃,64.1,60.7,997.02
4568,上櫃,42.5,42.7,3.288
4577,上櫃,56.6,53.5,989.514
4580,上櫃,82.0,81.7,37.563
4584,上櫃,46.3,47.0,4.087
4609,上櫃,5.77,5.79,15.0
4702,上櫃,9.95,10.05,21.234
4706,上櫃,31.5,30.4,12.082
4707,上櫃,10.3,10.1,391.913
4711,上櫃,15.4,15.25,50.02
4714,上櫃,17.65,17.25,1893.638
4716,上櫃,15.6,15.05,460.273
4721,上櫃,69.4,68.0,402.763
4726,上櫃,35.5,34.8,271.266
4728,上櫃,390.5,391.0,12.322
4729,上櫃,22.65,22.5,457.181
4735,上櫃,33.95,33.65,20.659
4741,上櫃,22.2,22.2,74.212
4743,上櫃,67.9,67.7,2969.843
4744,上櫃,29.95,30.0,283.216
4745,上櫃,21.6,21.7,149.006
4747,上櫃,57.5,57.6,38.3
4749,上櫃,866.0,844.0,1049.035
4754,上櫃,38.55,38.5,30.874
4760,上櫃,192.0,186.5,836.88
4767,上櫃,25.05,25.35,23.0
4768,上櫃,414.0,406.0,1102.106
4772,上櫃,338.0,330.0,1814.378
4804,上櫃,6.27,6.28,13.03
4806,上櫃,9.9,9.85,9.083
4903,上櫃,44.3,43.15,11702.784
4905,上櫃,60.1,61.0,4.0
4907,上櫃,39.4,39.65,130.267
4908,上櫃,77.7,75.2,722.973
4909,上櫃,59.0,55.9,2558.388
4911,上櫃,41.85,42.2,37.708
4923,上櫃,34.0,32.85,219.037
4924,上櫃,11.1,11.5,65.0
4931,上櫃,160.0,151.0,5217.115
4933,上櫃,58.1,57.3,189.825
4939,上櫃,42.8,38.6,10622.607
4946,上櫃,123.5,118.0,101.426
4950,上櫃,19.85,19.25,43.666
4951,上櫃,67.8,67.6,78.554
4953,上櫃,128.0,124.5,745.382
4966,上櫃,588.0,571.0,865.883
4971,上櫃,392.5,398.5,12822.352
4972,上櫃,18.05,18.1,10.888
4973,上櫃,51.9,51.0,6975.597
4974,上櫃,76.5,75.1,606.804
4979,上櫃,330.0,334.5,68795.594
4987,上櫃,81.5,81.4,102.628
4991,上櫃,231.0,230.0,2408.348
4995,上櫃,41.25,41.65,21.202
5009,上櫃,33.35,35.15,11078.22
5011,上櫃,13.05,12.75,346.738
5013,上櫃,31.05,32.0,26.312
5014,上櫃,11.55,11.9,1387.855
5015,上櫃,31.35,30.0,328.59
5016,上櫃,25.4,25.4,19.454
5201,上櫃,45.0,44.9,88.59
5202,上櫃,16.4,16.05,229.709
5205,上櫃,30.4,29.95,7.0
5206,上櫃,29.5,29.9,55.508
5209,上櫃,175.0,176.0,27.053
5210,上櫃,21.45,21.0,547.82
5211,上櫃,26.4,26.6,6.696
5212,上櫃,52.1,52.3,10.331
5213,上櫃,24.85,24.6,371.016
5220,上櫃,18.4,18.2,35.036
5223,上櫃,28.85,28.3,17.958
5227,上櫃,27.35,27.0,211.444
5228,上櫃,25.0,22.85,651.766
5230,上櫃,18.9,18.6,328.78
5236,上櫃,125.0,122.5,135.543
5245,上櫃,26.1,28.05,386.618
5251,上櫃,34.8,34.0,147.31
5263,上櫃,107.5,107.0,299.981
5272,上櫃,21.95,21.3,136.171
5274,上櫃,8985.0,9315.0,454.027
5276,上櫃,15.75,15.5,12.223
5278,上櫃,30.3,30.1,230.131
5287,上櫃,166.0,166.0,48.616
5289,上櫃,794.0,768.0,4155.771
5291,上櫃,39.95,37.0,1603.028
5299,上櫃,76.9,75.4,89.077
5301,上櫃,10.3,10.3,13.161
5302,上櫃,12.1,12.2,984.227
5309,上櫃,68.8,64.5,10415.382
5310,上櫃,24.15,24.9,6.011
5312,上櫃,99.4,98.8,58.358
5314,上櫃,103.5,100.0,10574.38
5315,上櫃,25.3,24.75,1325.621
5321,上櫃,31.8,31.0,243.172
5324,上櫃,11.25,11.35,513.95
5328,上櫃,28.65,27.45,2959.605
5340,上櫃,100.0,97.1,2519.698
5344,上櫃,14.65,14.55,81.397
5345,上櫃,23.85,23.95,10.557
5347,上櫃,158.0,147.0,43958.51
5348,上櫃,17.45,17.2,12.199
5351,上櫃,63.0,60.6,27962.538
5353,上櫃,27.65,26.9,105.438
5355,上櫃,7.27,7.19,169.02
5356,上櫃,27.3,26.75,126.264
5364,上櫃,14.35,13.95,54.133
5371,上櫃,94.4,93.2,14767.248
5381,上櫃,30.05,28.95,3365.554
5386,上櫃,88.1,86.0,908.912
5392,上櫃,51.8,50.7,12291.75
5398,上櫃,21.9,20.9,142.456
5403,上櫃,111.5,112.0,67.379
5410,上櫃,30.3,30.15,337.152
5425,上櫃,68.1,67.5,6719.404
5426,上櫃,20.25,20.05,542.615
5432,上櫃,177.0,173.0,150.22
5438,上櫃,22.55,22.3,550.96
5439,上櫃,319.0,308.0,2404.476
5443,上櫃,94.5,91.0,1985.079
5450,上櫃,15.7,15.3,133.784
5452,上櫃,32.2,30.8,2647.836
5455,上櫃,28.6,27.7,128.244
5457,上櫃,38.15,37.15,704.085
5460,上櫃,15.8,15.8,37.82
5464,上櫃,25.35,25.45,101.408
5465,上櫃,30.3,30.2,321.169
5468,上櫃,18.9,19.15,91.423
5474,上櫃,166.0,160.5,331.665
5475,上櫃,109.0,106.5,757.858
5478,上櫃,103.5,103.0,140.21
5481,上櫃,22.5,22.7,96.36
5483,上櫃,124.0,121.0,7530.131
5487,上櫃,29.15,29.05,303.002
5488,上櫃,10.05,10.05,226.321
5489,上櫃,43.0,42.7,54.521
5490,上櫃,26.5,25.85,420.968
5493,上櫃,88.9,85.6,214.554
5498,上櫃,65.0,62.8,12238.636
5508,上櫃,60.6,61.2,539.302
5511,上櫃,67.7,68.0,217.769
5512,上櫃,8.01,7.97,679.106
5514,上櫃,0.0,0.0,0.008
5516,上櫃,14.5,14.3,20.129
5520,上櫃,90.0,88.8,9.253
5523,上櫃,30.55,30.5,17.638
5529,上櫃,28.0,28.0,79.028
5530,上櫃,53.7,52.0,623.76
5536,上櫃,660.0,678.0,2471.445
5543,上櫃,29.2,29.05,18.01
5548,上櫃,22.8,23.0,11.345
5601,上櫃,0.0,0.0,0.0
5603,上櫃,18.0,17.95,134.409
5604,上櫃,37.8,37.9,8.101
5609,上櫃,79.3,78.8,235.403
5701,上櫃,3.95,4.02,12.675
5703,上櫃,14.85,14.5,2.004
5704,上櫃,23.95,23.15,806.612
5864,上櫃,23.9,23.9,7393.615
5878,上櫃,41.4,41.45,15.039
5902,上櫃,39.8,39.9,20.048
5903,上櫃,190.5,190.5,73.461
5904,上櫃,404.0,402.5,547.947
5905,上櫃,9.14,9.3,1111.445
6015,上櫃,13.65,14.25,21972.246
6016,上櫃,16.45,16.75,38744.021
6020,上櫃,19.7,19.75,159.265
6021,上櫃,31.5,31.9,418.558
6023,上櫃,95.0,94.5,66.534
6026,上櫃,15.15,15.3,8279.273
6101,上櫃,39.4,39.35,62.207
6103,上櫃,0.0,0.0,0.028
6104,上櫃,103.5,100.0,1456.233
6109,上櫃,12.25,11.75,231.046
6111,上櫃,47.5,45.55,812.048
6113,上櫃,23.55,22.75,516.529
6114,上櫃,33.8,32.95,56.493
6118,上櫃,19.15,18.9,223.876
6121,上櫃,346.5,343.0,869.855
6122,上櫃,56.8,54.9,806.132
6123,上櫃,45.2,45.2,44.864
6124,上櫃,28.6,28.15,44.64
6125,上櫃,76.9,74.5,4291.361
6126,上櫃,38.75,37.95,7646.344
6127,上櫃,36.5,35.55,4365.291
6129,上櫃,17.15,16.15,638.466
6130,上櫃,41.0,42.15,95.343
6134,上櫃,31.9,30.6,990.134
6138,上櫃,270.0,267.0,2297.405
6140,上櫃,25.1,24.0,305.353
6143,上櫃,110.0,109.0,455.539
6144,上櫃,19.5,20.0,70.288
6146,上櫃,181.5,179.5,352.533
6147,上櫃,59.3,57.2,3091.864
6148,上櫃,38.5,37.35,422.915
6150,上櫃,63.0,62.2,281.567
6151,上櫃,30.3,30.15,245.408
6154,上櫃,13.65,13.75,22.487
6156,上櫃,22.05,21.9,602.341
6158,上櫃,20.95,20.7,118.796
6160,上櫃,18.5,17.65,180.978
6161,上櫃,44.1,43.0,313.189
6163,上櫃,67.4,64.3,4743.232
6167,上櫃,12.45,12.05,249.914
6169,上櫃,19.3,19.1,30.67
6170,上櫃,49.1,48.95,331.154
6171,上櫃,28.45,27.75,11.266
6173,上櫃,75.4,72.2,6421.626
6174,上櫃,22.3,22.45,128.587
6175,上櫃,51.3,49.0,1888.635
6179,上櫃,28.6,28.2,830.624
6180,上櫃,53.0,51.9,459.309
6182,上櫃,38.45,37.95,15540.768
6185,上櫃,14.8,14.8,284.929
6186,上櫃,47.55,48.6,676.794
6187,上櫃,390.5,376.0,1724.489
6188,上櫃,117.0,109.5,11408.232
6190,上櫃,51.4,50.1,7457.302
6194,上櫃,34.35,34.1,47.16
6195,上櫃,25.45,25.25,35.906
6198,上櫃,26.0,26.05,63.409
6199,上櫃,106.5,101.5,320.895
6203,上櫃,67.2,66.4,230.076
6204,上櫃,80.2,75.9,285.766
6207,上櫃,62.9,56.1,11877.349
6208,上櫃,44.0,44.35,70.19
6210,上櫃,20.95,21.0,28.312
6212,上櫃,38.0,38.0,101.527
6217,上櫃,65.6,62.2,13700.874
6218,上櫃,24.4,23.95,170.1
6219,上櫃,15.95,16.05,601.513
6220,上櫃,27.5,28.1,871.598
6221,上櫃,30.5,30.2,140.894
6222,上櫃,18.8,19.0,82.506
6223,上櫃,2695.0,2595.0,1127.318
6227,上櫃,88.2,86.3,238.63
6228,上櫃,24.9,24.75,6.28
6229,上櫃,24.0,23.55,82.308
6231,上櫃,219.0,210.5,462.509
6233,上櫃,25.05,24.25,555.972
6234,上櫃,28.0,26.9,695.273
6236,上櫃,27.9,27.9,1.0
6237,上櫃,42.5,40.7,416.057
6240,上櫃,18.8,18.7,23.0
6241,上櫃,12.85,12.5,38.134
6242,上櫃,0.0,0.0,0.0
6244,上櫃,22.95,22.25,5784.058
6245,上櫃,70.0,69.0,520.946
6246,上櫃,13.9,13.8,60.232
6248,上櫃,21.45,21.95,684.531
6259,上櫃,17.65,17.15,108.572
6261,上櫃,73.2,71.6,729.298
6263,上櫃,129.0,126.5,90.357
6264,上櫃,7.1,7.09,94.2
6265,上櫃,50.1,49.6,36192.542
6266,上櫃,29.75,29.65,186.013
6270,上櫃,25.1,26.1,3011.899
6274,上櫃,545.0,510.0,9759.329
6275,上櫃,53.0,51.5,810.58
6276,上櫃,37.5,35.3,32.844
6279,上櫃,122.5,120.5,905.445
6284,上櫃,88.6,86.2,2380.215
6290,上櫃,169.5,164.0,3054.981
6291,上櫃,237.0,244.5,4042.247
6292,上櫃,41.65,41.2,22.272
6294,上櫃,44.15,44.65,64.636
6411,上櫃,83.0,84.6,642.869
6417,上櫃,109.5,108.5,50.552
6418,上櫃,37.55,36.0,169.574
6419,上櫃,72.5,70.9,55.602
6423,上櫃,112.5,101.5,932.631
6425,上櫃,72.8,71.4,469.112
6432,上櫃,34.5,33.35,410.195
6435,上櫃,146.0,147.0,759.477
6441,上櫃,22.35,21.8,70.46
6461,上櫃,21.15,20.25,298.985
6462,上櫃,115.5,115.5,1559.662
6465,上櫃,36.1,35.0,190.52
6469,上櫃,101.5,101.0,2893.747
6470,上櫃,53.4,53.5,504.397
6474,上櫃,35.8,35.4,18.319
6482,上櫃,38.05,38.05,3.924
6485,上櫃,127.0,113.0,12772.494
6486,上櫃,82.4,80.3,298.063
6488,上櫃,516.0,502.0,8837.36
6492,上櫃,61.2,59.0,1335.596
6494,上櫃,40.0,38.95,283.64
6496,上櫃,27.75,27.65,8.368
6498,上櫃,89.6,88.0,55.073
6499,上櫃,97.4,93.6,601.092
6506,上櫃,15.8,15.8,42.566
6508,上櫃,23.55,23.4,85.776
6509,上櫃,35.8,35.6,458.14
6510,上櫃,3160.0,3150.0,548.946
6512,上櫃,0.0,0.0,0.467
6516,上櫃,65.0,64.6,38.102
6517,上櫃,72.7,71.0,536.766
6523,上櫃,117.5,118.0,12.576
6527,上櫃,76.3,75.8,14.798
6530,上櫃,62.9,60.7,1830.152
6532,上櫃,58.6,58.4,66.136
6535,上櫃,177.0,181.5,292.762
6538,上櫃,67.8,67.3,59.116
6542,上櫃,49.65,50.1,53.309
6546,上櫃,65.9,65.1,309.35
6547,上櫃,41.1,38.1,6800.797
6548,上櫃,62.5,60.2,21545.155
6556,上櫃,68.5,68.6,13.102
6560,上櫃,41.85,41.75,65.938
6561,上櫃,332.5,331.5,233.192
6568,上櫃,137.0,140.5,1112.819
6569,上櫃,109.5,108.0,24.316
6570,上櫃,41.7,41.1,42.662
6574,上櫃,74.5,72.8,10.199
6576,上櫃,82.5,82.8,142.874
6577,上櫃,71.5,70.8,30.865
6578,上櫃,19.6,19.5,125.512
6584,上櫃,290.0,296.5,1182.84
6588,上櫃,59.6,61.4,2084.17
6590,上櫃,73.0,73.1,7.881
6593,上櫃,36.15,36.0,42.959
6596,上櫃,140.5,140.0,217.078
6597,上櫃,62.6,62.0,26.056
6603,上櫃,27.5,26.4,3503.379
6609,上櫃,47.0,43.75,1043.932
6612,上櫃,82.0,82.6,18.379
6613,上櫃,199.5,197.0,355.763
6615,上櫃,29.45,29.45,2.005
6616,上櫃,10.05,10.0,33.021
6617,上櫃,77.3,77.7,238.849
6620,上櫃,85.9,84.0,418.31
6624,上櫃,65.5,65.0,73.824
6629,上櫃,122.0,124.0,13.072
6637,上櫃,78.5,77.8,51.205
6640,上櫃,850.0,830.0,654.189
6642,上櫃,55.7,54.9,169.805
6643,上櫃,478.5,485.5,2027.491
6649,上櫃,49.85,49.85,77.64
6651,上櫃,85.1,85.9,153.716
6654,上櫃,93.1,92.0,9.011
6661,上櫃,19.55,19.05,8.092
6662,上櫃,30.6,30.55,11.391
6664,上櫃,293.0,286.0,475.129
6667,上櫃,253.5,251.0,466.59
6679,上櫃,188.0,185.0,347.324
6680,上櫃,66.5,65.6,36.007
6683,上櫃,540.0,524.0,2527.081
6684,上櫃,50.9,50.0,215.145
6690,上櫃,169.0,165.0,65.569
6692,上櫃,31.85,31.85,10.637
6693,上櫃,86.6,85.5,432.804
6697,上櫃,46.0,45.55,25.3
6703,上櫃,105.5,105.5,23.187
6708,上櫃,44.7,43.2,59.429
6712,上櫃,156.5,156.5,231.812
6716,上櫃,59.0,58.3,501.358
6720,上櫃,158.0,159.5,98.183
6721,上櫃,62.3,62.1,8.371
6725,上櫃,261.0,254.0,169.541
6727,上櫃,181.0,176.5,397.034
6728,上櫃,141.0,140.5,29.277
6730,上櫃,38.5,37.45,13.143
6732,上櫃,185.0,199.5,2097.381
6733,上櫃,37.35,37.1,179.91
6735,上櫃,68.1,65.2,167.399
6739,上櫃,918.0,896.0,1624.046
6741,上櫃,70.5,68.5,401.518
6751,上櫃,68.0,66.3,85.754
6752,上櫃,121.0,120.0,90.251
6761,上櫃,152.0,147.0,1113.482
6762,上櫃,0.0,0.0,0.006
6763,上櫃,54.2,54.0,435.205
6767,上櫃,28.6,28.5,24.05
6785,上櫃,266.0,269.5,70.991
6788,上櫃,320.0,321.0,1281.038
6791,上櫃,106.0,108.5,116.478
6803,上櫃,300.5,300.0,59.007
6804,上櫃,17.55,17.45,53.22
6811,上櫃,222.5,213.0,186.252
6821,上櫃,40.3,38.25,143.7
6823,上櫃,62.0,61.4,160.935
6829,上櫃,114.0,113.0,287.731
6840,上櫃,73.1,70.5,370.541
6841,上櫃,68.8,69.4,568.427
6843,上櫃,49.6,50.0,21.21
6844,上櫃,69.2,69.2,1.06
6846,上櫃,74.2,74.2,19.243
6855,上櫃,0.0,0.0,0.399
6856,上櫃,56.0,56.0,1.0
6859,上櫃,110.0,105.5,90.94
6865,上櫃,44.6,44.45,6.004
6870,上櫃,198.5,196.5,79.432
6872,上櫃,20.2,20.05,25.0
6874,上櫃,64.7,64.7,10.961
6875,上櫃,44.75,45.0,80.476
6877,上櫃,90.8,90.0,349.877
6881,上櫃,225.0,225.5,8.959
6884,上櫃,35.75,36.35,18.131
6894,上櫃,234.0,229.5,88.238
6895,上櫃,191.5,189.5,234.399
6899,上櫃,53.3,52.3,15.044
6903,上櫃,279.0,270.5,1172.142
6904,上櫃,132.0,132.5,33.101
6907,上櫃,49.05,49.0,5725.964
6910,上櫃,37.2,35.85,173.377
6913,上櫃,119.5,116.5,198.954
6922,上櫃,166.5,163.0,53.686
6925,上櫃,90.0,88.4,55.768
6929,上櫃,33.3,34.95,8.133
6953,上櫃,252.5,237.5,145.48
6961,上櫃,59.8,58.5,134.838
6967,上櫃,74.3,72.0,139.821
6968,上櫃,50.8,49.95,113.112
6971,上櫃,30.35,30.35,36.05
6982,上櫃,63.9,61.8,77.513
6996,上櫃,164.5,163.0,60.739
6997,上櫃,0.0,0.0,0.0
700001,上櫃,0.0,0.0,0.0
700002,上櫃,0.0,0.0,0.0
700003,上櫃,8.6,8.6,10.0
700004,上櫃,0.0,0.0,0.0
700005,上櫃,0.15,0.13,1821.0
700006,上櫃,0.0,0.0,0.0
700007,上櫃,0.23,0.2,31.0
700008,上櫃,0.6,0.5,340.0
700009,上櫃,0.0,0.0,0.0
700010,上櫃,0.52,0.47,52.0
700011,上櫃,0.36,0.36,20.0
700012,上櫃,0.09,0.06,401.0
700013,上櫃,0.71,0.76,61.0
700014,上櫃,0.31,0.32,3146.0
700015,上櫃,0.13,0.13,10.0
700016,上櫃,2.0,2.29,23.0
700017,上櫃,0.17,0.2,105.0
700018,上櫃,0.8,0.85,158.0
700019,上櫃,0.6,0.41,13.0
700020,上櫃,0.61,0.61,5.0
700021,上櫃,0.0,0.0,0.0
700022,上櫃,1.28,1.29,2517.0
700023,上櫃,0.42,0.41,35.0
700024,上櫃,0.43,0.43,55.0
700025,上櫃,0.45,0.45,588.0
700026,上櫃,0.07,0.06,41.0
700027,上櫃,0.34,0.34,5.0
700028,上櫃,0.48,0.5,314.0
700029,上櫃,0.0,0.0,0.0
700030,上櫃,0.14,0.14,1.0
700031,上櫃,0.0,0.0,0.0
700032,上櫃,2.53,2.5,3.0
700033,上櫃,0.1,0.1,160.0
700034,上櫃,0.69,0.69,25.0
700035,上櫃,0.0,0.0,0.0
700036,上櫃,1.24,1.13,14.0
700037,上櫃,0.0,0.0,0.0
700038,上櫃,0.0,0.0,0.0
700039,上櫃,1.22,1.22,150.0
700040,上櫃,0.11,0.11,30.0
700041,上櫃,0.42,0.41,47.0
700042,上櫃,0.45,0.45,5.0
700043,上櫃,0.58,0.59,8.0
700044,上櫃,8.2,6.5,411.0
700045,上櫃,0.0,0.0,0.0
700046,上櫃,0.82,0.74,38.0
700047,上櫃,0.99,0.85,21.0
700048,上櫃,2.06,2.06,20.0
700049,上櫃,2.1,1.57,42.0
700050,上櫃,0.22,0.26,132.0
700051,上櫃,0.86,0.76,31.0
700052,上櫃,0.0,0.0,0.0
700053,上櫃,0.0,0.0,0.0
700054,上櫃,1.43,1.54,218.0
700055,上櫃,0.0,0.0,0.0
700056,上櫃,0.0,0.0,0.0
700057,上櫃,0.84,0.81,25.0
700058,上櫃,1.83,1.77,22.0
700059,上櫃,0.0,0.0,0.0
700060,上櫃,0.0,0.0,0.0
700061,上櫃,0.0,0.0,0.0
700062,上櫃,0.0,0.0,0.0
700063,上櫃,1.52,1.32,26.0
700064,上櫃,0.11,0.11,181.0
700065,上櫃,0.46,0.4,436.0
700066,上櫃,1.03,0.97,13.0
700067,上櫃,1.12,1.03,91.0
700068,上櫃,0.0,0.0,0.0
700069,上櫃,0.49,0.55,197.0
70006C,上櫃,0.0,0.0,0.0
700070,上櫃,0.0,0.0,0.0
700071,上櫃,2.54,2.71,44.0
700072,上櫃,0.21,0.18,123.0
700073,上櫃,0.58,0.44,109.0
700074,上櫃,1.36,1.26,9.0
700075,上櫃,0.74,0.84,1198.0
700076,上櫃,0.0,0.0,0.0
700077,上櫃,1.96,1.68,34.0
700078,上櫃,20.5,16.8,8.0
700079,上櫃,2.61,2.61,1.0
700080,上櫃,1.29,1.29,30.0
700081,上櫃,0.76,0.58,1368.0
700082,上櫃,0.37,0.3,176.0
700083,上櫃,0.0,0.0,0.0
700084,上櫃,0.0,0.0,0.0
700085,上櫃,0.0,0.0,0.0
700086,上櫃,1.75,1.84,8.0
700087,上櫃,0.0,0.0,0.0
700088,上櫃,0.0,0.0,0.0
700089,上櫃,0.43,0.4,21.0
700090,上櫃,2.0,2.0,2.0
700091,上櫃,0.0,0.0,0.0
700092,上櫃,0.48,0.44,62.0
700093,上櫃,8.3,6.7,9.0
700094,上櫃,1.44,1.44,1.0
700095,上櫃,0.62,0.46,317.0
700096,上櫃,0.59,0.53,91.0
700097,上櫃,0.45,0.45,1.0
700098,上櫃,0.0,0.0,0.0
700099,上櫃,0.0,0.0,0.0
700100,上櫃,0.0,0.0,0.0
700101,上櫃,2.29,2.24,12.0
700102,上櫃,1.86,2.11,42.0
700103,上櫃,0.0,0.0,0.0
700104,上櫃,0.22,0.19,913.0
700105,上櫃,0.0,0.0,0.0
700106,上櫃,0.0,0.0,0.0
700107,上櫃,1.49,1.33,46.0
700108,上櫃,0.0,0.0,0.0
700109,上櫃,0.0,0.0,0.0
700110,上櫃,0.62,0.59,2.0
700111,上櫃,0.81,0.78,134.0
700112,上櫃,0.83,0.83,570.0
700113,上櫃,1.01,1.08,599.0
700114,上櫃,0.18,0.17,400.0
700115,上櫃,0.0,0.0,0.0
700116,上櫃,0.0,0.0,0.0
700117,上櫃,0.0,0.0,0.0
700118,上櫃,2.42,2.02,238.0
700119,上櫃,0.0,0.0,0.0
700120,上櫃,0.0,0.0,0.0
700121,上櫃,0.18,0.16,200.0
700122,上櫃,0.0,0.0,0.0
700123,上櫃,0.0,0.0,0.0
700124,上櫃,0.0,0.0,0.0
700125,上櫃,0.11,0.11,100.0
700126,上櫃,9.3,7.7,98.0
700127,上櫃,0.28,0.24,73.0
700128,上櫃,2.32,2.95,53.0
700129,上櫃,0.36,0.36,104.0
700130,上櫃,4.13,3.98,142.0
700131,上櫃,0.78,0.5,57.0
700132,上櫃,0.6,0.6,21.0
700133,上櫃,0.0,0.0,0.0
700134,上櫃,0.0,0.0,0.0
700135,上櫃,0.69,0.72,287.0
700136,上櫃,0.0,0.0,0.0
700137,上櫃,3.66,3.16,47.0
700138,上櫃,1.93,1.87,13.0
700139,上櫃,0.99,1.11,146.0
700140,上櫃,0.0,0.0,0.0
700141,上櫃,0.25,0.27,85.0
700142,上櫃,0.39,0.39,62.0
700143,上櫃,2.36,2.36,1.0
700144,上櫃,0.6,0.62,491.0
700145,上櫃,0.0,0.0,0.0
700146,上櫃,0.91,0.9,7.0
700147,上櫃,0.0,0.0,0.0
700148,上櫃,0.84,0.84,20.0
700149,上櫃,0.0,0.0,0.0
700150,上櫃,0.73,0.73,44.0
700151,上櫃,2.61,2.66,235.0
700152,上櫃,1.38,1.38,15.0
700153,上櫃,0.54,0.6,177.0
700154,上櫃,0.48,0.47,110.0
700155,上櫃,0.55,0.54,48.0
700156,上櫃,0.0,0.0,0.0
700157,上櫃,0.0,0.0,0.0
700158,上櫃,0.0,0.0,0.0
700159,上櫃,0.0,0.0,0.0
700160,上櫃,9.35,9.35,11.0
700161,上櫃,0.0,0.0,0.0
700162,上櫃,0.0,0.0,0.0
700163,上櫃,0.0,0.0,0.0
700164,上櫃,0.0,0.0,0.0
700165,上櫃,0.0,0.0,0.0
700166,上櫃,0.0,0.0,0.0
700167,上櫃,0.4,0.4,3.0
700168,上櫃,0.77,0.73,11.0
700169,上櫃,1.05,0.97,52.0
700170,上櫃,0.43,0.32,664.0
700171,上櫃,0.46,0.35,700.0
700172,上櫃,1.59,1.56,63.0
700173,上櫃,1.93,1.94,233.0
700174,上櫃,0.0,0.0,0.0
700175,上櫃,0.63,0.67,7.0
700176,上櫃,0.38,0.38,125.0
700177,上櫃,0.0,0.0,0.0
700178,上櫃,0.0,0.0,0.0
700179,上櫃,3.31,2.99,9.0
700180,上櫃,0.0,0.0,0.0
700181,上櫃,1.76,1.21,242.0
700182,上櫃,0.8,0.8,1.0
700183,上櫃,0.29,0.25,17.0
700184,上櫃,0.57,0.62,794.0
700185,上櫃,0.28,0.31,40.0
700186,上櫃,0.41,0.41,84.0
700187,上櫃,0.48,0.44,120.0
700188,上櫃,0.51,0.48,67.0
700189,上櫃,1.58,1.43,364.0
700190,上櫃,2.62,2.49,154.0
700191,上櫃,0.41,0.42,96.0
700192,上櫃,0.0,0.0,0.0
700193,上櫃,0.0,0.0,0.0
700194,上櫃,0.0,0.0,0.0
700195,上櫃,0.87,0.86,47.0
700196,上櫃,0.0,0.0,0.0
700197,上櫃,0.49,0.49,5.0
700198,上櫃,0.0,0.0,0.0
700199,上櫃,0.96,1.0,92.0
700200,上櫃,0.46,0.46,216.0
700201,上櫃,0.58,0.57,68.0
700202,上櫃,0.0,0.0,0.0
700203,上櫃,0.52,0.52,20.0
700204,上櫃,0.0,0.0,0.0
700205,上櫃,0.0,0.0,0.0
700206,上櫃,0.54,0.54,96.0
700207,上櫃,0.71,0.71,30.0
700208,上櫃,0.0,0.0,0.0
700209,上櫃,0.0,0.0,0.0
700210,上櫃,0.23,0.22,197.0
700211,上櫃,0.32,0.33,3573.0
700212,上櫃,0.19,0.2,310.0
700213,上櫃,0.0,0.0,0.0
700214,上櫃,0.0,0.0,0.0
700215,上櫃,0.0,0.0,0.0
700216,上櫃,5.75,5.75,1.0
700217,上櫃,0.0,0.0,0.0
700218,上櫃,0.0,0.0,0.0
700219,上櫃,0.6,0.6,8.0
700220,上櫃,0.6,0.6,10.0
700221,上櫃,0.0,0.0,0.0
700222,上櫃,0.0,0.0,0.0
700223,上櫃,0.0,0.0,0.0
700224,上櫃,0.0,0.0,0.0
700225,上櫃,0.0,0.0,0.0
700226,上櫃,0.22,0.2,259.0
700227,上櫃,0.0,0.0,0.0
700228,上櫃,0.27,0.24,764.0
700229,上櫃,17.2,17.2,1.0
700230,上櫃,3.2,2.86,23.0
700231,上櫃,3.04,2.8,151.0
700232,上櫃,0.0,0.0,0.0
700233,上櫃,0.0,0.0,0.0
700234,上櫃,1.82,1.82,5.0
700235,上櫃,0.0,0.0,0.0
700236,上櫃,2.0,2.02,30.0
700237,上櫃,0.0,0.0,0.0
700238,上櫃,0.0,0.0,0.0
700239,上櫃,0.0,0.0,0.0
700240,上櫃,0.0,0.0,0.0
700241,上櫃,0.0,0.0,0.0
700242,上櫃,0.26,0.26,20.0
700243,上櫃,1.45,1.34,95.0
700244,上櫃,0.21,0.22,777.0
700245,上櫃,1.36,1.2,149.0
700246,上櫃,1.67,1.66,44.0
700247,上櫃,0.24,0.22,100.0
700248,上櫃,0.16,0.16,200.0
700249,上櫃,0.79,0.88,274.0
700250,上櫃,0.18,0.23,171.0
700251,上櫃,1.22,1.29,191.0
700252,上櫃,0.0,0.0,0.0
700253,上櫃,2.79,2.62,9.0
700254,上櫃,0.55,0.55,50.0
700255,上櫃,0.86,0.73,861.0
700256,上櫃,0.0,0.0,0.0
700257,上櫃,0.39,0.39,400.0
700258,上櫃,0.5,0.49,399.0
700259,上櫃,0.0,0.0,0.0
700260,上櫃,0.0,0.0,0.0
700261,上櫃,2.13,2.06,78.0
700262,上櫃,0.0,0.0,0.0
700263,上櫃,1.42,1.36,40.0
700264,上櫃,0.43,0.43,4.0
700265,上櫃,0.0,0.0,0.0
700266,上櫃,1.35,1.3,52.0
700267,上櫃,1.33,1.59,6.0
700268,上櫃,0.0,0.0,0.0
700269,上櫃,0.0,0.0,0.0
700270,上櫃,0.29,0.27,45.0
700271,上櫃,0.0,0.0,0.0
700272,上櫃,0.28,0.3,186.0
700273,上櫃,0.0,0.0,0.0
700274,上櫃,0.0,0.0,0.0
700275,上櫃,0.0,0.0,0.0
700276,上櫃,0.0,0.0,0.0
700277,上櫃,0.0,0.0,0.0
700278,上櫃,0.41,0.41,3.0
700279,上櫃,2.06,1.89,36.0
700280,上櫃,0.0,0.0,0.0
700281,上櫃,3.47,3.45,9.0
700282,上櫃,0.0,0.0,0.0
700283,上櫃,2.95,2.92,260.0
700284,上櫃,3.32,3.02,47.0
700285,上櫃,0.15,0.15,50.0
700286,上櫃,0.42,0.41,191.0
700287,上櫃,5.55,5.85,113.0
700288,上櫃,0.0,0.0,0.0
700289,上櫃,17.0,17.0,1.0
700290,上櫃,0.0,0.0,0.0
700291,上櫃,0.71,0.51,126.0
700292,上櫃,4.55,4.3,30.0
700293,上櫃,0.0,0.0,0.0
700294,上櫃,0.0,0.0,0.0
700295,上櫃,0.0,0.0,0.0
700296,上櫃,0.0,0.0,0.0
700297,上櫃,0.0,0.0,0.0
700298,上櫃,0.3,0.26,29.0
700299,上櫃,0.0,0.0,0.0
700300,上櫃,1.04,1.15,63.0
700301,上櫃,0.43,0.4,106.0
700302,上櫃,4.69,4.16,17.0
700303,上櫃,0.0,0.0,0.0
700304,上櫃,0.0,0.0,0.0
700305,上櫃,0.0,0.0,0.0
700306,上櫃,0.0,0.0,0.0
700307,上櫃,4.81,4.81,1.0
700308,上櫃,0.83,0.83,10.0
700309,上櫃,0.0,0.0,0.0
700310,上櫃,0.69,0.67,15.0
700311,上櫃,0.0,0.0,0.0
700312,上櫃,0.0,0.0,0.0
700313,上櫃,0.0,0.0,0.0
700314,上櫃,1.62,1.41,49.0
700315,上櫃,2.13,2.11,15.0
700316,上櫃,0.0,0.0,0.0
700317,上櫃,2.02,1.77,71.0
700318,上櫃,0.0,0.0,0.0
700319,上櫃,0.0,0.0,0.0
700320,上櫃,11.9,11.8,20.0
700321,上櫃,11.7,11.7,1.0
700322,上櫃,0.0,0.0,0.0
700323,上櫃,0.19,0.19,1.0
700324,上櫃,0.0,0.0,0.0
700325,上櫃,0.51,0.63,319.0
700326,上櫃,0.0,0.0,0.0
700327,上櫃,0.0,0.0,0.0
700328,上櫃,0.04,0.04,100.0
700329,上櫃,3.24,2.92,42.0
700330,上櫃,4.44,4.08,28.0
700331,上櫃,0.3,0.3,5.0
700332,上櫃,0.84,0.7,369.0
700333,上櫃,0.0,0.0,0.0
700334,上櫃,0.0,0.0,0.0
700335,上櫃,0.0,0.0,0.0
700336,上櫃,0.0,0.0,0.0
700337,上櫃,0.0,0.0,0.0
700338,上櫃,0.0,0.0,0.0
700339,上櫃,0.0,0.0,0.0
700340,上櫃,1.39,1.23,267.0
700341,上櫃,0.0,0.0,0.0
700342,上櫃,0.44,0.44,30.0
700343,上櫃,0.0,0.0,0.0
700344,上櫃,0.52,0.52,10.0
700345,上櫃,0.77,0.75,280.0
700346,上櫃,0.8,0.75,25.0
700347,上櫃,0.4,0.4,254.0
700348,上櫃,0.0,0.0,0.0
700349,上櫃,0.78,0.72,361.0
700350,上櫃,0.92,0.86,564.0
700351,上櫃,0.0,0.0,0.0
700352,上櫃,0.8,0.71,120.0
700353,上櫃,0.62,0.62,50.0
700354,上櫃,0.46,0.45,52.0
700355,上櫃,0.0,0.0,0.0
700356,上櫃,1.19,1.24,333.0
700357,上櫃,0.0,0.0,0.0
700358,上櫃,0.49,0.49,8.0
700359,上櫃,0.41,0.41,2.0
700360,上櫃,1.01,0.98,89.0
700361,上櫃,0.0,0.0,0.0
700362,上櫃,0.46,0.42,304.0
700363,上櫃,1.17,1.08,204.0
700364,上櫃,1.37,1.38,111.0
700365,上櫃,0.0,0.0,0.0
700366,上櫃,0.0,0.0,0.0
700367,上櫃,0.0,0.0,0.0
700368,上櫃,0.0,0.0,0.0
700369,上櫃,1.77,1.51,86.0
700370,上櫃,0.13,0.13,30.0
700371,上櫃,0.0,0.0,0.0
700372,上櫃,0.48,0.45,104.0
700373,上櫃,0.0,0.0,0.0
700374,上櫃,0.0,0.0,0.0
700375,上櫃,1.24,1.15,336.0
700376,上櫃,0.0,0.0,0.0
700377,上櫃,8.2,8.3,205.0
700378,上櫃,0.82,0.7,270.0
700379,上櫃,0.67,0.55,56.0
700380,上櫃,0.69,0.57,41.0
700381,上櫃,0.0,0.0,0.0
700382,上櫃,2.16,1.69,123.0
700383,上櫃,0.0,0.0,0.0
700384,上櫃,0.97,0.95,19.0
700385,上櫃,1.17,1.16,138.0
700386,上櫃,0.0,0.0,0.0
700387,上櫃,1.66,1.66,2.0
700388,上櫃,1.17,0.95,12.0
700389,上櫃,0.0,0.0,0.0
700390,上櫃,0.0,0.0,0.0
700391,上櫃,0.0,0.0,0.0
700392,上櫃,0.0,0.0,0.0
700393,上櫃,0.0,0.0,0.0
700394,上櫃,1.51,1.33,58.0
700395,上櫃,0.0,0.0,0.0
700396,上櫃,0.0,0.0,0.0
700397,上櫃,0.43,0.39,45.0
700398,上櫃,0.0,0.0,0.0
700399,上櫃,0.0,0.0,0.0
700400,上櫃,0.16,0.12,20.0
700401,上櫃,0.0,0.0,0.0
700402,上櫃,1.89,2.2,57.0
700403,上櫃,0.0,0.0,0.0
700404,上櫃,0.0,0.0,0.0
700405,上櫃,0.65,0.61,36.0
700406,上櫃,0.75,0.63,1264.0
700407,上櫃,0.36,0.31,340.0
700408,上櫃,0.0,0.0,0.0
700409,上櫃,0.0,0.0,0.0
700410,上櫃,0.37,0.37,10.0
700411,上櫃,0.19,0.19,15.0
700412,上櫃,1.25,1.18,63.0
700413,上櫃,0.0,0.0,0.0
700414,上櫃,0.0,0.0,0.0
700415,上櫃,0.0,0.0,0.0
700416,上櫃,0.55,0.49,199.0
700417,上櫃,0.0,0.0,0.0
700418,上櫃,0.91,0.76,499.0
700419,上櫃,0.9,0.66,195.0
700420,上櫃,2.57,2.44,42.0
700421,上櫃,0.0,0.0,0.0
700422,上櫃,0.0,0.0,0.0
700423,上櫃,0.0,0.0,0.0
700424,上櫃,0.73,0.76,18.0
700425,上櫃,0.0,0.0,0.0
700426,上櫃,1.64,1.79,127.0
700427,上櫃,0.31,0.32,30.0
700428,上櫃,1.9,1.47,1218.0
700429,上櫃,1.09,1.14,199.0
700430,上櫃,0.0,0.0,0.0
700431,上櫃,0.0,0.0,0.0
700432,上櫃,3.42,3.25,30.0
700433,上櫃,0.0,0.0,0.0
700434,上櫃,0.0,0.0,0.0
700435,上櫃,0.23,0.23,30.0
700436,上櫃,0.43,0.4,167.0
700437,上櫃,0.0,0.0,0.0
700438,上櫃,0.8,0.64,926.0
700439,上櫃,0.58,0.58,242.0
700440,上櫃,0.0,0.0,0.0
700441,上櫃,0.0,0.0,0.0
700442,上櫃,0.31,0.26,140.0
700443,上櫃,0.68,0.68,32.0
700444,上櫃,0.34,0.34,2.0
700445,上櫃,0.0,0.0,0.0
700446,上櫃,0.67,0.49,328.0
700447,上櫃,0.46,0.46,3.0
700448,上櫃,0.0,0.0,0.0
700449,上櫃,0.28,0.26,190.0
700450,上櫃,0.33,0.35,125.0
700451,上櫃,1.3,1.27,131.0
700452,上櫃,0.0,0.0,0.0
700453,上櫃,4.62,4.07,249.0
700454,上櫃,1.09,0.99,184.0
700455,上櫃,0.32,0.32,8.0
700456,上櫃,0.0,0.0,0.0
700457,上櫃,0.8,0.68,115.0
700458,上櫃,0.67,0.67,381.0
700459,上櫃,1.85,2.01,605.0
700460,上櫃,15.3,15.3,20.0
700461,上櫃,1.55,0.93,436.0
700462,上櫃,0.0,0.0,0.0
700463,上櫃,1.33,1.12,60.0
700464,上櫃,2.15,2.15,5.0
700465,上櫃,0.0,0.0,0.0
700466,上櫃,0.06,0.06,10.0
700467,上櫃,0.58,0.62,79.0
700468,上櫃,1.73,1.6,15.0
700469,上櫃,0.0,0.0,0.0
700470,上櫃,5.65,5.05,2.0
700471,上櫃,0.0,0.0,0.0
700472,上櫃,0.0,0.0,0.0
700473,上櫃,0.31,0.23,341.0
700474,上櫃,4.1,3.75,145.0
700475,上櫃,0.0,0.0,0.0
700476,上櫃,0.64,0.63,40.0
700477,上櫃,0.96,0.89,535.0
700478,上櫃,0.15,0.15,101.0
700479,上櫃,3.02,2.09,133.0
700480,上櫃,0.65,0.65,50.0
700481,上櫃,0.0,0.0,0.0
700482,上櫃,0.0,0.0,0.0
700483,上櫃,0.0,0.0,0.0
700484,上櫃,0.35,0.35,5.0
700485,上櫃,0.12,0.12,50.0
700486,上櫃,0.0,0.0,0.0
700487,上櫃,1.77,1.68,412.0
700488,上櫃,0.0,0.0,0.0
700489,上櫃,0.49,0.56,70.0
700490,上櫃,0.0,0.0,0.0
700491,上櫃,0.34,0.37,194.0
700492,上櫃,0.0,0.0,0.0
700493,上櫃,0.0,0.0,0.0
700494,上櫃,0.0,0.0,0.0
700495,上櫃,1.39,1.09,188.0
700496,上櫃,0.21,0.24,113.0
700497,上櫃,1.02,1.04,130.0
700498,上櫃,3.12,3.12,11.0
700499,上櫃,2.52,2.52,2.0
700500,上櫃,0.0,0.0,0.0
700501,上櫃,13.5,13.4,25.0
700502,上櫃,0.0,0.0,0.0
700503,上櫃,0.1,0.1,210.0
700504,上櫃,1.62,1.05,286.0
700505,上櫃,0.0,0.0,0.0
700506,上櫃,0.59,0.6,205.0
700507,上櫃,3.74,3.78,24.0
700508,上櫃,0.6,0.77,59.0
700509,上櫃,0.0,0.0,0.0
700510,上櫃,0.14,0.14,100.0
700511,上櫃,1.29,1.12,180.0
700512,上櫃,0.2,0.14,212.0
700513,上櫃,0.0,0.0,0.0
700514,上櫃,1.33,1.33,15.0
700515,上櫃,0.34,0.34,20.0
700516,上櫃,14.4,14.4,2.0
700517,上櫃,0.0,0.0,0.0
700518,上櫃,1.43,1.62,46.0
700519,上櫃,0.0,0.0,0.0
700520,上櫃,0.88,0.66,272.0
700521,上櫃,2.52,2.41,11.0
700522,上櫃,0.0,0.0,0.0
700523,上櫃,0.63,0.55,367.0
700524,上櫃,0.55,0.45,65.0
700525,上櫃,0.18,0.14,842.0
700526,上櫃,0.35,0.33,8.0
700527,上櫃,2.39,2.81,121.0
700528,上櫃,0.36,0.33,3.0
700529,上櫃,0.0,0.0,0.0
700530,上櫃,1.55,1.58,102.0
700531,上櫃,0.9,0.83,275.0
700532,上櫃,0.0,0.0,0.0
700533,上櫃,0.0,0.0,0.0
700534,上櫃,3.22,3.22,2.0
700535,上櫃,0.0,0.0,0.0
700536,上櫃,0.0,0.0,0.0
700537,上櫃,15.6,15.5,13.0
700538,上櫃,0.81,0.69,152.0
700539,上櫃,6.6,8.5,48.0
700540,上櫃,0.0,0.0,0.0
700541,上櫃,0.4,0.34,60.0
700542,上櫃,1.69,1.69,29.0
700543,上櫃,0.0,0.0,0.0
700544,上櫃,5.5,5.25,42.0
700545,上櫃,3.68,3.92,282.0
700546,上櫃,0.0,0.0,0.0
700547,上櫃,0.64,0.58,182.0
700548,上櫃,1.04,1.01,2640.0
700549,上櫃,1.77,1.82,40.0
700550,上櫃,0.0,0.0,0.0
700551,上櫃,1.22,1.15,121.0
700552,上櫃,2.56,2.59,20.0
700553,上櫃,0.88,0.91,281.0
700554,上櫃,1.08,1.13,105.0
700555,上櫃,0.96,0.96,2.0
700556,上櫃,0.0,0.0,0.0
700557,上櫃,0.0,0.0,0.0
700558,上櫃,0.32,0.32,20.0
700559,上櫃,0.99,0.94,53.0
700560,上櫃,0.68,0.56,645.0
700561,上櫃,0.0,0.0,0.0
700562,上櫃,0.0,0.0,0.0
700563,上櫃,1.48,1.63,54.0
700564,上櫃,5.55,5.85,162.0
700565,上櫃,0.0,0.0,0.0
700566,上櫃,3.8,3.54,8.0
700567,上櫃,2.1,2.18,29.0
700568,上櫃,2.67,2.67,1.0
700569,上櫃,2.58,2.18,76.0
700570,上櫃,0.0,0.0,0.0
700571,上櫃,3.71,3.4,72.0
700572,上櫃,0.0,0.0,0.0
700573,上櫃,0.96,1.26,447.0
700574,上櫃,5.4,5.4,10.0
700575,上櫃,0.0,0.0,0.0
700576,上櫃,1.15,1.13,132.0
700577,上櫃,1.24,1.27,488.0
700578,上櫃,0.27,0.25,144.0
700579,上櫃,3.95,3.5,22.0
700580,上櫃,5.6,5.35,4.0
700581,上櫃,0.34,0.34,20.0
700582,上櫃,1.59,1.58,422.0
700583,上櫃,11.4,11.4,10.0
700584,上櫃,0.0,0.0,0.0
700585,上櫃,0.0,0.0,0.0
700586,上櫃,0.0,0.0,0.0
700587,上櫃,0.0,0.0,0.0
700588,上櫃,0.0,0.0,0.0
700589,上櫃,0.18,0.18,100.0
700590,上櫃,2.84,2.47,73.0
700591,上櫃,0.0,0.0,0.0
700592,上櫃,0.0,0.0,0.0
700593,上櫃,0.0,0.0,0.0
700594,上櫃,1.25,1.18,101.0
700595,上櫃,2.2,2.58,88.0
700596,上櫃,0.0,0.0,0.0
700597,上櫃,0.0,0.0,0.0
700598,上櫃,1.77,1.65,64.0
700599,上櫃,0.0,0.0,0.0
700600,上櫃,0.0,0.0,0.0
700601,上櫃,0.0,0.0,0.0
700602,上櫃,0.0,0.0,0.0
700603,上櫃,1.38,1.41,32.0
700604,上櫃,0.35,0.37,2236.0
700605,上櫃,0.42,0.41,182.0
700606,上櫃,0.0,0.0,0.0
700607,上櫃,8.85,8.3,2.0
700608,上櫃,0.0,0.0,0.0
700609,上櫃,0.0,0.0,0.0
700610,上櫃,0.0,0.0,0.0
700611,上櫃,0.21,0.21,213.0
700612,上櫃,0.41,0.31,8901.0
700613,上櫃,0.68,0.65,77.0
700614,上櫃,4.36,4.36,1.0
700615,上櫃,2.13,2.31,41.0
700616,上櫃,0.0,0.0,0.0
700617,上櫃,0.0,0.0,0.0
700618,上櫃,0.0,0.0,0.0
700619,上櫃,0.0,0.0,0.0
700620,上櫃,0.0,0.0,0.0
700621,上櫃,0.0,0.0,0.0
700622,上櫃,0.0,0.0,0.0
700623,上櫃,0.75,0.62,337.0
700624,上櫃,0.0,0.0,0.0
700625,上櫃,3.42,3.06,46.0
700626,上櫃,2.17,1.74,82.0
700627,上櫃,0.0,0.0,0.0
700628,上櫃,0.0,0.0,0.0
700629,上櫃,0.0,0.0,0.0
700630,上櫃,2.39,2.56,5.0
700631,上櫃,0.0,0.0,0.0
700632,上櫃,0.66,0.61,501.0
700633,上櫃,1.03,1.03,105.0
700634,上櫃,0.91,0.84,40.0
700635,上櫃,1.0,1.02,211.0
700636,上櫃,0.53,0.52,310.0
700637,上櫃,0.0,0.0,0.0
700638,上櫃,1.0,0.97,42.0
700639,上櫃,0.76,0.61,27.0
700640,上櫃,0.0,0.0,0.0
700641,上櫃,0.0,0.0,0.0
700642,上櫃,0.0,0.0,0.0
700643,上櫃,4.5,4.47,149.0
700644,上櫃,0.19,0.18,400.0
700645,上櫃,3.19,2.73,89.0
700646,上櫃,0.0,0.0,0.0
700647,上櫃,0.0,0.0,0.0
700648,上櫃,0.0,0.0,0.0
700649,上櫃,0.0,0.0,0.0
700650,上櫃,1.24,1.32,69.0
700651,上櫃,0.0,0.0,0.0
700652,上櫃,5.6,5.6,1.0
700653,上櫃,0.0,0.0,0.0
700654,上櫃,0.0,0.0,0.0
700655,上櫃,0.0,0.0,0.0
700656,上櫃,0.0,0.0,0.0
700657,上櫃,0.81,0.81,2.0
700658,上櫃,0.0,0.0,0.0
700659,上櫃,0.0,0.0,0.0
700660,上櫃,2.12,2.02,130.0
700661,上櫃,0.0,0.0,0.0
700662,上櫃,0.0,0.0,0.0
700663,上櫃,0.0,0.0,0.0
700664,上櫃,0.0,0.0,0.0
700665,上櫃,0.0,0.0,0.0
700666,上櫃,1.1,1.26,104.0
700667,上櫃,0.0,0.0,0.0
700668,上櫃,0.0,0.0,0.0
700669,上櫃,0.0,0.0,0.0
700670,上櫃,0.0,0.0,0.0
700671,上櫃,0.0,0.0,0.0
700672,上櫃,1.73,1.59,43.0
700673,上櫃,0.0,0.0,0.0
700674,上櫃,1.07,1.07,4.0
700675,上櫃,0.63,0.57,147.0
700676,上櫃,0.0,0.0,0.0
700677,上櫃,0.59,0.58,559.0
700678,上櫃,0.71,0.66,700.0
700679,上櫃,0.0,0.0,0.0
700680,上櫃,2.1,2.07,6.0
700681,上櫃,0.51,0.51,148.0
700682,上櫃,0.7,0.7,400.0
700683,上櫃,1.06,1.03,112.0
700684,上櫃,1.07,1.06,240.0
700685,上櫃,0.59,0.59,5.0
700686,上櫃,0.0,0.0,0.0
700687,上櫃,0.0,0.0,0.0
700688,上櫃,1.31,1.3,158.0
700689,上櫃,0.0,0.0,0.0
700690,上櫃,0.0,0.0,0.0
700691,上櫃,0.0,0.0,0.0
700692,上櫃,0.0,0.0,0.0
700693,上櫃,0.0,0.0,0.0
700694,上櫃,12.7,12.7,1.0
700695,上櫃,3.88,3.56,14.0
700696,上櫃,0.22,0.22,50.0
700697,上櫃,0.89,0.88,126.0
700698,上櫃,0.11,0.11,1.0
700699,上櫃,0.0,0.0,0.0
700700,上櫃,0.0,0.0,0.0
700701,上櫃,6.15,5.8,2.0
700702,上櫃,0.0,0.0,0.0
700703,上櫃,1.3,1.49,141.0
700704,上櫃,0.26,0.22,6008.0
700705,上櫃,0.27,0.29,110.0
700706,上櫃,0.36,0.36,1.0
700707,上櫃,0.66,0.68,407.0
700708,上櫃,0.0,0.0,0.0
700709,上櫃,0.35,0.35,6.0
700710,上櫃,0.68,0.62,175.0
700711,上櫃,1.56,1.61,2176.0
700712,上櫃,0.36,0.36,20.0
700713,上櫃,0.11,0.11,100.0
700714,上櫃,0.75,0.75,26.0
700715,上櫃,0.91,0.78,12.0
700716,上櫃,1.15,1.13,171.0
700717,上櫃,5.5,5.5,15.0
700718,上櫃,2.26,1.96,60.0
700719,上櫃,2.13,2.11,6.0
700720,上櫃,2.24,1.97,126.0
700721,上櫃,0.0,0.0,0.0
700722,上櫃,0.09,0.13,227.0
700723,上櫃,0.0,0.0,0.0
700724,上櫃,0.74,0.74,2.0
700725,上櫃,4.04,3.69,6.0
700726,上櫃,0.0,0.0,0.0
700727,上櫃,8.05,8.05,1.0
700728,上櫃,0.0,0.0,0.0
700729,上櫃,0.33,0.33,2.0
700730,上櫃,0.0,0.0,0.0
700731,上櫃,0.0,0.0,0.0
700732,上櫃,1.94,1.94,5.0
700733,上櫃,0.86,0.82,255.0
700734,上櫃,0.0,0.0,0.0
700735,上櫃,1.88,1.61,76.0
700736,上櫃,0.5,0.5,15.0
700737,上櫃,0.0,0.0,0.0
700738,上櫃,0.0,0.0,0.0
700739,上櫃,0.0,0.0,0.0
700740,上櫃,0.0,0.0,0.0
700741,上櫃,2.04,1.6,83.0
700742,上櫃,0.0,0.0,0.0
700743,上櫃,0.0,0.0,0.0
700744,上櫃,1.89,1.53,701.0
700745,上櫃,3.95,3.69,113.0
700746,上櫃,0.2,0.21,924.0
700747,上櫃,2.17,2.17,1.0
700748,上櫃,1.61,1.62,256.0
700749,上櫃,8.95,8.95,50.0
700750,上櫃,2.6,2.27,69.0
700751,上櫃,10.4,9.0,25.0
700752,上櫃,0.0,0.0,0.0
700753,上櫃,0.0,0.0,0.0
700754,上櫃,0.83,0.82,164.0
700755,上櫃,1.55,1.55,70.0
700756,上櫃,2.98,2.8,9.0
700757,上櫃,1.19,1.2,240.0
700758,上櫃,0.6,0.59,214.0
700759,上櫃,0.0,0.0,0.0
700760,上櫃,0.0,0.0,0.0
700761,上櫃,0.0,0.0,0.0
700762,上櫃,1.32,1.31,85.0
700763,上櫃,0.0,0.0,0.0
700764,上櫃,0.0,0.0,0.0
700765,上櫃,0.59,0.59,933.0
700766,上櫃,0.54,0.57,847.0
700767,上櫃,0.54,0.57,1451.0
700768,上櫃,0.63,0.64,57.0
700769,上櫃,0.0,0.0,0.0
700770,上櫃,2.31,2.04,58.0
700771,上櫃,0.24,0.25,30.0
700772,上櫃,1.2,1.1,48.0
700773,上櫃,0.0,0.0,0.0
700774,上櫃,0.23,0.23,454.0
700775,上櫃,0.11,0.11,234.0
700776,上櫃,0.39,0.39,10.0
700777,上櫃,0.0,0.0,0.0
700778,上櫃,0.31,0.31,40.0
700779,上櫃,2.07,2.05,6.0
700780,上櫃,0.0,0.0,0.0
700781,上櫃,0.0,0.0,0.0
700782,上櫃,0.33,0.33,129.0
700783,上櫃,0.0,0.0,0.0
700784,上櫃,0.8,0.84,116.0
700785,上櫃,0.0,0.0,0.0
700786,上櫃,0.0,0.0,0.0
700787,上櫃,0.83,0.78,65.0
700788,上櫃,0.6,0.57,18.0
700789,上櫃,1.03,0.99,65.0
700790,上櫃,2.43,2.42,22.0
700791,上櫃,5.2,5.1,28.0
700792,上櫃,0.0,0.0,0.0
700793,上櫃,1.33,1.33,31.0
700794,上櫃,0.86,0.9,176.0
700795,上櫃,1.25,1.1,6.0
700796,上櫃,0.0,0.0,0.0
700797,上櫃,0.0,0.0,0.0
700798,上櫃,0.31,0.31,50.0
700799,上櫃,0.0,0.0,0.0
700800,上櫃,0.55,0.54,6.0
700801,上櫃,0.16,0.16,10.0
700802,上櫃,0.0,0.0,0.0
700803,上櫃,0.0,0.0,0.0
700804,上櫃,0.0,0.0,0.0
700805,上櫃,0.95,0.89,11.0
700806,上櫃,5.65,5.65,4.0
700807,上櫃,0.0,0.0,0.0
700808,上櫃,0.0,0.0,0.0
700809,上櫃,0.77,0.77,10.0
700810,上櫃,0.0,0.0,0.0
700811,上櫃,0.0,0.0,0.0
700812,上櫃,0.76,0.75,16.0
700813,上櫃,1.74,1.85,354.0
700814,上櫃,0.0,0.0,0.0
700815,上櫃,2.28,1.94,68.0
700816,上櫃,0.0,0.0,0.0
700817,上櫃,0.07,0.07,260.0
700818,上櫃,0.0,0.0,0.0
700819,上櫃,3.17,3.17,2.0
700820,上櫃,8.0,8.0,1.0
700821,上櫃,1.12,1.19,394.0
700822,上櫃,1.09,0.94,226.0
700823,上櫃,0.0,0.0,0.0
700824,上櫃,0.0,0.0,0.0
700825,上櫃,0.0,0.0,0.0
700826,上櫃,0.0,0.0,0.0
700827,上櫃,0.0,0.0,0.0
700828,上櫃,7.3,7.0,11.0
700829,上櫃,0.37,0.38,277.0
700830,上櫃,0.67,0.64,571.0
700831,上櫃,3.1,2.45,20.0
700832,上櫃,1.11,1.11,1.0
700833,上櫃,0.0,0.0,0.0
700834,上櫃,1.17,1.17,1.0
700835,上櫃,0.52,0.44,100.0
700836,上櫃,0.0,0.0,0.0
700837,上櫃,4.61,2.9,19.0
700838,上櫃,0.0,0.0,0.0
700839,上櫃,0.0,0.0,0.0
700840,上櫃,0.17,0.18,920.0
700841,上櫃,0.4,0.52,191.0
700842,上櫃,0.0,0.0,0.0
700843,上櫃,0.87,0.79,143.0
700844,上櫃,0.0,0.0,0.0
700845,上櫃,0.51,0.51,1.0
700846,上櫃,2.5,2.08,270.0
700847,上櫃,3.16,2.98,4.0
700848,上櫃,0.59,0.56,42.0
700849,上櫃,1.05,0.8,16.0
700850,上櫃,1.12,1.1,17.0
700851,上櫃,1.19,1.19,1.0
700852,上櫃,0.24,0.33,141.0
700853,上櫃,0.81,0.81,1.0
700854,上櫃,0.88,0.88,16.0
700855,上櫃,1.01,0.93,61.0
700856,上櫃,0.86,0.81,50.0
700857,上櫃,0.84,0.76,11.0
700858,上櫃,7.25,7.25,11.0
700859,上櫃,0.3,0.3,10.0
700860,上櫃,0.42,0.48,1165.0
700861,上櫃,0.17,0.17,499.0
700862,上櫃,0.23,0.23,7.0
700863,上櫃,0.54,0.54,4.0
700864,上櫃,0.9,0.91,903.0
700865,上櫃,0.71,0.56,343.0
700866,上櫃,0.39,0.38,2.0
700867,上櫃,0.0,0.0,0.0
700868,上櫃,0.08,0.07,110.0
700869,上櫃,0.0,0.0,0.0
700870,上櫃,0.0,0.0,0.0
700871,上櫃,2.03,1.85,8.0
700872,上櫃,0.19,0.2,30.0
700873,上櫃,0.92,0.96,44.0
700874,上櫃,0.0,0.0,0.0
700875,上櫃,0.68,0.63,240.0
700876,上櫃,7.3,6.9,734.0
700877,上櫃,0.0,0.0,0.0
700878,上櫃,0.46,0.46,551.0
700879,上櫃,0.11,0.09,300.0
700880,上櫃,0.0,0.0,0.0
700881,上櫃,0.0,0.0,0.0
700882,上櫃,0.11,0.1,350.0
700883,上櫃,0.6,0.68,140.0
700884,上櫃,1.1,1.12,114.0
700885,上櫃,0.41,0.44,2641.0
700886,上櫃,0.0,0.0,0.0
700887,上櫃,0.0,0.0,0.0
700888,上櫃,0.29,0.29,77.0
700889,上櫃,0.0,0.0,0.0
700890,上櫃,0.0,0.0,0.0
700891,上櫃,0.0,0.0,0.0
700892,上櫃,0.0,0.0,0.0
700893,上櫃,0.29,0.29,102.0
700894,上櫃,0.38,0.35,2072.0
700895,上櫃,0.0,0.0,0.0
700896,上櫃,5.5,5.5,5.0
700897,上櫃,1.15,1.07,378.0
700898,上櫃,0.3,0.3,5.0
700899,上櫃,0.55,0.51,130.0
700900,上櫃,0.0,0.0,0.0
700901,上櫃,0.47,0.47,1.0
700902,上櫃,0.79,0.78,23.0
700903,上櫃,0.0,0.0,0.0
700904,上櫃,1.99,1.83,2273.0
700905,上櫃,0.0,0.0,0.0
700906,上櫃,0.0,0.0,0.0
700907,上櫃,0.45,0.42,1650.0
700908,上櫃,0.4,0.36,1279.0
700909,上櫃,0.94,0.86,33.0
700910,上櫃,0.49,0.54,2.0
700911,上櫃,0.0,0.0,0.0
700912,上櫃,0.0,0.0,0.0
700913,上櫃,0.6,0.69,157.0
700914,上櫃,0.0,0.0,0.0
700915,上櫃,0.0,0.0,0.0
700916,上櫃,0.22,0.21,846.0
700917,上櫃,0.56,0.49,315.0
700918,上櫃,0.45,0.45,897.0
700919,上櫃,0.0,0.0,0.0
700920,上櫃,9.1,9.0,309.0
700921,上櫃,0.18,0.15,12.0
700922,上櫃,0.32,0.26,27.0
700923,上櫃,0.0,0.0,0.0
700924,上櫃,0.68,0.51,152.0
700925,上櫃,2.06,1.95,3.0
700926,上櫃,11.1,11.0,343.0
700927,上櫃,0.47,0.47,5.0
700928,上櫃,4.61,4.44,3.0
700929,上櫃,4.99,4.54,30.0
700930,上櫃,0.0,0.0,0.0
700931,上櫃,0.12,0.09,1436.0
700932,上櫃,1.25,1.33,137.0
700933,上櫃,8.0,8.0,77.0
700934,上櫃,0.0,0.0,0.0
700935,上櫃,0.0,0.0,0.0
700936,上櫃,1.27,1.22,55.0
700937,上櫃,4.73,4.73,3.0
700938,上櫃,0.74,0.82,679.0
700939,上櫃,0.0,0.0,0.0
700940,上櫃,3.47,3.47,7.0
700941,上櫃,0.56,0.56,300.0
700942,上櫃,0.23,0.22,427.0
700943,上櫃,0.0,0.0,0.0
700944,上櫃,0.0,0.0,0.0
700945,上櫃,0.29,0.26,614.0
700946,上櫃,0.6,0.63,76.0
700947,上櫃,1.0,1.13,35.0
700948,上櫃,0.51,0.46,75.0
700949,上櫃,0.0,0.0,0.0
700950,上櫃,5.65,5.8,10.0
700951,上櫃,0.31,0.31,30.0
700952,上櫃,0.0,0.0,0.0
700953,上櫃,0.0,0.0,0.0
700954,上櫃,0.0,0.0,0.0
700955,上櫃,0.0,0.0,0.0
700956,上櫃,1.46,1.41,178.0
700957,上櫃,0.16,0.18,405.0
700958,上櫃,1.73,1.73,2.0
700959,上櫃,0.0,0.0,0.0
700960,上櫃,5.6,5.5,500.0
700961,上櫃,0.0,0.0,0.0
700962,上櫃,1.07,0.88,48.0
700963,上櫃,0.0,0.0,0.0
700964,上櫃,1.2,0.96,312.0
700965,上櫃,0.0,0.0,0.0
700966,上櫃,0.0,0.0,0.0
700967,上櫃,0.78,0.76,468.0
700968,上櫃,0.48,0.57,246.0
700969,上櫃,4.78,4.78,5.0
700970,上櫃,0.0,0.0,0.0
700971,上櫃,0.0,0.0,0.0
700972,上櫃,0.0,0.0,0.0
700973,上櫃,1.29,1.38,1189.0
700974,上櫃,0.0,0.0,0.0
700975,上櫃,0.53,0.52,140.0
700976,上櫃,0.0,0.0,0.0
700977,上櫃,1.82,1.72,301.0
700978,上櫃,0.2,0.2,36.0
700979,上櫃,0.42,0.37,127.0
700980,上櫃,0.2,0.2,40.0
700981,上櫃,0.33,0.36,167.0
700982,上櫃,0.71,0.71,87.0
700983,上櫃,0.0,0.0,0.0
700984,上櫃,0.63,0.62,363.0
700985,上櫃,0.64,0.64,10.0
700986,上櫃,0.0,0.0,0.0
700987,上櫃,0.0,0.0,0.0
700988,上櫃,0.0,0.0,0.0
700989,上櫃,0.86,0.86,7.0
700990,上櫃,0.0,0.0,0.0
700991,上櫃,1.38,1.34,166.0
700992,上櫃,3.03,2.65,27.0
700993,上櫃,0.55,0.55,5.0
700994,上櫃,0.0,0.0,0.0
700995,上櫃,0.0,0.0,0.0
700996,上櫃,0.0,0.0,0.0
700997,上櫃,1.26,1.2,26.0
700998,上櫃,0.0,0.0,0.0
700999,上櫃,0.67,0.63,19.0
701000,上櫃,0.0,0.0,0.0
701001,上櫃,0.31,0.31,10.0
701002,上櫃,0.92,0.84,565.0
701003,上櫃,0.0,0.0,0.0
701004,上櫃,1.73,1.76,2.0
701005,上櫃,0.0,0.0,0.0
701006,上櫃,0.0,0.0,0.0
701007,上櫃,0.0,0.0,0.0
701008,上櫃,0.76,0.76,11.0
701009,上櫃,0.0,0.0,0.0
701010,上櫃,0.82,0.82,128.0
701011,上櫃,0.53,0.51,51.0
701012,上櫃,0.0,0.0,0.0
701013,上櫃,0.0,0.0,0.0
701014,上櫃,0.22,0.19,20.0
701015,上櫃,0.0,0.0,0.0
701016,上櫃,7.95,7.4,222.0
701017,上櫃,0.0,0.0,0.0
701018,上櫃,0.0,0.0,0.0
701019,上櫃,0.0,0.0,0.0
701020,上櫃,0.0,0.0,0.0
701021,上櫃,0.39,0.34,44.0
701022,上櫃,0.0,0.0,0.0
701023,上櫃,0.0,0.0,0.0
701024,上櫃,0.0,0.0,0.0
701025,上櫃,0.0,0.0,0.0
701026,上櫃,0.52,0.52,5.0
701027,上櫃,0.0,0.0,0.0
701028,上櫃,0.58,0.58,3.0
701029,上櫃,0.37,0.4,21.0
701030,上櫃,0.25,0.26,150.0
701031,上櫃,0.0,0.0,0.0
701032,上櫃,0.0,0.0,0.0
701033,上櫃,1.27,1.12,61.0
701034,上櫃,0.63,0.63,4.0
701035,上櫃,0.0,0.0,0.0
701036,上櫃,0.0,0.0,0.0
701037,上櫃,0.0,0.0,0.0
701038,上櫃,0.0,0.0,0.0
701039,上櫃,0.0,0.0,0.0
701040,上櫃,0.42,0.42,100.0
701041,上櫃,0.9,0.84,40.0
701042,上櫃,0.0,0.0,0.0
701043,上櫃,1.5,1.5,5.0
701044,上櫃,0.78,0.77,69.0
701045,上櫃,2.44,2.16,220.0
701046,上櫃,4.28,3.72,56.0
701047,上櫃,0.33,0.3,248.0
701048,上櫃,0.0,0.0,0.0
701049,上櫃,0.28,0.27,200.0
701050,上櫃,0.24,0.21,130.0
701051,上櫃,1.38,1.41,29.0
701052,上櫃,0.5,0.49,500.0
701053,上櫃,0.0,0.0,0.0
701054,上櫃,1.08,1.08,64.0
701055,上櫃,2.6,2.19,205.0
701056,上櫃,0.0,0.0,0.0
701057,上櫃,0.0,0.0,0.0
701058,上櫃,0.0,0.0,0.0
701059,上櫃,0.79,0.79,7.0
701060,上櫃,0.0,0.0,0.0
701061,上櫃,1.33,1.34,65.0
701062,上櫃,1.18,1.28,5.0
701063,上櫃,0.0,0.0,0.0
701064,上櫃,0.0,0.0,0.0
701065,上櫃,0.0,0.0,0.0
701066,上櫃,0.0,0.0,0.0
701067,上櫃,0.0,0.0,0.0
701068,上櫃,0.0,0.0,0.0
701069,上櫃,0.0,0.0,0.0
701070,上櫃,0.49,0.49,108.0
701071,上櫃,0.0,0.0,0.0
701072,上櫃,0.22,0.24,344.0
701073,上櫃,0.0,0.0,0.0
701074,上櫃,0.83,0.79,87.0
701075,上櫃,0.6,0.58,76.0
701076,上櫃,0.9,0.78,593.0
701077,上櫃,0.0,0.0,0.0
701078,上櫃,0.0,0.0,0.0
701079,上櫃,0.4,0.4,2.0
701080,上櫃,0.0,0.0,0.0
701081,上櫃,0.0,0.0,0.0
701082,上櫃,0.43,0.36,240.0
701083,上櫃,0.71,0.67,65.0
701084,上櫃,0.0,0.0,0.0
701085,上櫃,1.12,1.12,46.0
701086,上櫃,0.0,0.0,0.0
701087,上櫃,0.0,0.0,0.0
701088,上櫃,5.2,5.2,23.0
701089,上櫃,0.0,0.0,0.0
701090,上櫃,0.0,0.0,0.0
701091,上櫃,2.84,2.76,29.0
701092,上櫃,0.0,0.0,0.0
701093,上櫃,3.8,3.85,5.0
701094,上櫃,0.0,0.0,0.0
701095,上櫃,1.02,1.11,102.0
701096,上櫃,0.6,0.48,491.0
701097,上櫃,1.1,0.8,50.0
701098,上櫃,0.0,0.0,0.0
701099,上櫃,0.28,0.26,320.0
701100,上櫃,0.65,0.65,1.0
701101,上櫃,0.0,0.0,0.0
701102,上櫃,0.85,0.7,83.0
701103,上櫃,0.73,0.69,405.0
701104,上櫃,0.62,0.5,93.0
701105,上櫃,0.0,0.0,0.0
701106,上櫃,1.1,1.14,66.0
701107,上櫃,0.0,0.0,0.0
701108,上櫃,0.0,0.0,0.0
701109,上櫃,0.9,0.85,169.0
701110,上櫃,0.0,0.0,0.0
701111,上櫃,0.58,0.58,20.0
701112,上櫃,0.0,0.0,0.0
701113,上櫃,0.52,0.52,4.0
701114,上櫃,0.0,0.0,0.0
701115,上櫃,0.48,0.48,5.0
701116,上櫃,0.11,0.11,100.0
701117,上櫃,0.0,0.0,0.0
701118,上櫃,0.0,0.0,0.0
701119,上櫃,0.0,0.0,0.0
701120,上櫃,0.0,0.0,0.0
701121,上櫃,0.44,0.45,47.0
701122,上櫃,0.0,0.0,0.0
701123,上櫃,0.0,0.0,0.0
701124,上櫃,0.48,0.42,1380.0
701125,上櫃,0.0,0.0,0.0
701126,上櫃,3.47,3.47,1.0
701127,上櫃,0.33,0.33,100.0
701128,上櫃,0.0,0.0,0.0
701129,上櫃,0.0,0.0,0.0
701130,上櫃,0.89,0.88,1862.0
701131,上櫃,0.48,0.45,2222.0
701132,上櫃,0.0,0.0,0.0
701133,上櫃,1.41,1.36,36.0
701134,上櫃,1.28,1.28,221.0
701135,上櫃,4.83,4.83,3.0
701136,上櫃,0.0,0.0,0.0
701137,上櫃,2.25,2.49,1300.0
701138,上櫃,0.0,0.0,0.0
701139,上櫃,0.0,0.0,0.0
701140,上櫃,0.49,0.43,364.0
701141,上櫃,0.17,0.17,175.0
701142,上櫃,0.3,0.34,42.0
701143,上櫃,2.77,2.43,57.0
701144,上櫃,0.0,0.0,0.0
701145,上櫃,0.44,0.44,10.0
701146,上櫃,0.0,0.0,0.0
701147,上櫃,0.0,0.0,0.0
701148,上櫃,1.17,1.14,226.0
701149,上櫃,0.64,0.64,10.0
701150,上櫃,0.0,0.0,0.0
701151,上櫃,0.0,0.0,0.0
701152,上櫃,1.77,1.81,355.0
701153,上櫃,0.0,0.0,0.0
701154,上櫃,0.49,0.45,34.0
701155,上櫃,0.95,0.78,130.0
701156,上櫃,0.83,0.59,577.0
701157,上櫃,1.36,1.22,1403.0
701158,上櫃,1.41,1.36,362.0
701159,上櫃,1.39,1.24,619.0
701160,上櫃,4.88,3.88,58.0
701161,上櫃,11.1,11.1,5.0
701162,上櫃,1.55,1.55,22.0
701163,上櫃,0.0,0.0,0.0
701164,上櫃,2.66,3.23,153.0
701165,上櫃,0.83,0.83,10.0
701166,上櫃,6.05,5.35,247.0
701167,上櫃,0.0,0.0,0.0
701168,上櫃,0.46,0.46,10.0
701169,上櫃,4.44,4.44,25.0
701170,上櫃,0.36,0.31,339.0
701171,上櫃,0.0,0.0,0.0
701172,上櫃,4.0,4.1,12.0
701173,上櫃,1.55,1.45,132.0
701174,上櫃,0.0,0.0,0.0
701175,上櫃,1.63,1.46,33.0
701176,上櫃,0.0,0.0,0.0
701177,上櫃,4.88,4.88,50.0
701178,上櫃,2.35,2.26,26.0
701179,上櫃,1.9,1.74,87.0
701180,上櫃,0.65,0.65,5.0
701181,上櫃,1.14,0.98,504.0
701182,上櫃,0.0,0.0,0.0
701183,上櫃,1.21,1.15,106.0
701184,上櫃,0.37,0.37,2.0
701185,上櫃,3.07,2.86,86.0
701186,上櫃,3.11,3.66,614.0
701187,上櫃,0.0,0.0,0.0
701188,上櫃,2.63,2.62,462.0
701189,上櫃,0.24,0.24,10.0
701190,上櫃,0.64,0.55,736.0
701191,上櫃,0.74,0.68,1177.0
701192,上櫃,0.0,0.0,0.0
701193,上櫃,4.3,3.92,70.0
701194,上櫃,0.0,0.0,0.0
701195,上櫃,1.75,2.0,90.0
701196,上櫃,4.37,4.8,15.0
701197,上櫃,0.19,0.17,452.0
701198,上櫃,0.52,0.46,247.0
701199,上櫃,1.61,1.56,396.0
701200,上櫃,0.37,0.39,48.0
701201,上櫃,0.83,0.81,19.0
701202,上櫃,0.74,0.74,3.0
701203,上櫃,0.0,0.0,0.0
701204,上櫃,0.0,0.0,0.0
701205,上櫃,0.37,0.38,327.0
701206,上櫃,0.86,0.8,442.0
701207,上櫃,2.8,2.34,423.0
701208,上櫃,0.89,0.89,387.0
701209,上櫃,3.91,3.28,96.0
701210,上櫃,0.0,0.0,0.0
701211,上櫃,0.0,0.0,0.0
701212,上櫃,0.0,0.0,0.0
701213,上櫃,0.0,0.0,0.0
701214,上櫃,2.2,2.49,70.0
701215,上櫃,0.48,0.46,10.0
701216,上櫃,0.0,0.0,0.0
701217,上櫃,0.0,0.0,0.0
701218,上櫃,1.32,1.02,779.0
701219,上櫃,3.02,2.71,217.0
701220,上櫃,4.9,4.39,66.0
701221,上櫃,3.6,3.41,3.0
701222,上櫃,0.58,0.58,117.0
701223,上櫃,0.14,0.13,30.0
701224,上櫃,0.0,0.0,0.0
701225,上櫃,0.5,0.44,239.0
701226,上櫃,1.1,1.03,521.0
701227,上櫃,0.42,0.45,42.0
701228,上櫃,1.74,1.35,225.0
701229,上櫃,4.29,4.29,3.0
701230,上櫃,0.0,0.0,0.0
701231,上櫃,0.0,0.0,0.0
701232,上櫃,0.0,0.0,0.0
701233,上櫃,6.85,6.25,25.0
701234,上櫃,13.3,12.1,85.0
701235,上櫃,0.0,0.0,0.0
701236,上櫃,2.46,2.46,28.0
701237,上櫃,0.65,0.64,200.0
701238,上櫃,0.55,0.55,4.0
701239,上櫃,0.0,0.0,0.0
701240,上櫃,0.0,0.0,0.0
701241,上櫃,0.0,0.0,0.0
701242,上櫃,0.0,0.0,0.0
701243,上櫃,2.9,2.63,136.0
701244,上櫃,1.25,1.13,321.0
701245,上櫃,0.38,0.38,10.0
701246,上櫃,4.19,3.93,10.0
701247,上櫃,0.0,0.0,0.0
701248,上櫃,0.0,0.0,0.0
701249,上櫃,0.0,0.0,0.0
701250,上櫃,0.0,0.0,0.0
701251,上櫃,0.57,0.57,30.0
701252,上櫃,3.41,3.41,1.0
701253,上櫃,0.0,0.0,0.0
701254,上櫃,1.44,1.43,243.0
701255,上櫃,0.0,0.0,0.0
701256,上櫃,0.0,0.0,0.0
701257,上櫃,0.42,0.37,52.0
701258,上櫃,2.42,1.81,22.0
701259,上櫃,0.0,0.0,0.0
701260,上櫃,0.0,0.0,0.0
701261,上櫃,1.79,1.64,5.0
701262,上櫃,0.0,0.0,0.0
701263,上櫃,0.0,0.0,0.0
701264,上櫃,0.0,0.0,0.0
701265,上櫃,0.0,0.0,0.0
701266,上櫃,0.0,0.0,0.0
701267,上櫃,14.9,15.7,14.0
701268,上櫃,0.0,0.0,0.0
701269,上櫃,0.0,0.0,0.0
701270,上櫃,0.0,0.0,0.0
701271,上櫃,0.85,0.85,5.0
701272,上櫃,0.0,0.0,0.0
701273,上櫃,0.0,0.0,0.0
701274,上櫃,1.95,1.73,50.0
701275,上櫃,2.65,2.2,381.0
701276,上櫃,2.79,2.46,12.0
701277,上櫃,1.56,1.56,3.0
701278,上櫃,0.0,0.0,0.0
701279,上櫃,0.0,0.0,0.0
701280,上櫃,2.75,2.75,10.0
701281,上櫃,0.66,0.66,16.0
701282,上櫃,0.0,0.0,0.0
701283,上櫃,1.45,1.29,90.0
701284,上櫃,0.44,0.38,523.0
701285,上櫃,0.0,0.0,0.0
701286,上櫃,0.0,0.0,0.0
701287,上櫃,0.0,0.0,0.0
701288,上櫃,0.44,0.44,680.0
701289,上櫃,0.0,0.0,0.0
701290,上櫃,0.0,0.0,0.0
701291,上櫃,0.39,0.33,274.0
701292,上櫃,1.8,1.73,5.0
701293,上櫃,0.0,0.0,0.0
701294,上櫃,0.63,0.59,265.0
701295,上櫃,0.09,0.09,75.0
701296,上櫃,0.0,0.0,0.0
701297,上櫃,0.0,0.0,0.0
701298,上櫃,0.0,0.0,0.0
701299,上櫃,3.16,2.44,104.0
701300,上櫃,2.74,2.69,198.0
701301,上櫃,0.51,0.4,86.0
701302,上櫃,0.0,0.0,0.0
701303,上櫃,3.78,3.78,5.0
701304,上櫃,6.35,7.45,116.0
701305,上櫃,0.0,0.0,0.0
701306,上櫃,0.0,0.0,0.0
701307,上櫃,0.6,0.58,10.0
701308,上櫃,1.93,2.43,1214.0
701309,上櫃,0.0,0.0,0.0
701310,上櫃,0.0,0.0,0.0
701311,上櫃,0.0,0.0,0.0
701312,上櫃,0.0,0.0,0.0
701313,上櫃,4.5,4.5,5.0
701314,上櫃,8.65,6.85,54.0
701315,上櫃,0.72,0.63,191.0
701316,上櫃,0.0,0.0,0.0
701317,上櫃,6.5,7.8,26.0
701318,上櫃,0.0,0.0,0.0
701319,上櫃,0.47,0.49,131.0
701320,上櫃,0.15,0.15,170.0
701321,上櫃,12.2,11.2,9.0
701322,上櫃,0.0,0.0,0.0
701323,上櫃,2.07,2.13,14.0
701324,上櫃,1.62,1.43,109.0
701325,上櫃,0.0,0.0,0.0
701326,上櫃,2.45,2.21,110.0
701327,上櫃,0.0,0.0,0.0
701328,上櫃,1.35,1.35,114.0
701329,上櫃,1.01,1.0,40.0
701330,上櫃,7.1,6.7,7.0
701331,上櫃,3.04,2.69,44.0
701332,上櫃,2.25,2.34,84.0
701333,上櫃,0.0,0.0,0.0
701334,上櫃,0.0,0.0,0.0
701335,上櫃,0.0,0.0,0.0
701336,上櫃,6.85,6.0,11.0
701337,上櫃,1.65,1.56,7.0
701338,上櫃,0.0,0.0,0.0
701339,上櫃,0.0,0.0,0.0
701340,上櫃,10.1,10.1,1.0
701341,上櫃,0.49,0.44,553.0
701342,上櫃,0.0,0.0,0.0
701343,上櫃,0.0,0.0,0.0
701344,上櫃,0.59,0.59,153.0
701345,上櫃,8.25,8.25,1.0
701346,上櫃,1.53,1.53,30.0
701347,上櫃,0.0,0.0,0.0
701348,上櫃,1.4,1.44,19.0
701349,上櫃,0.0,0.0,0.0
701350,上櫃,0.0,0.0,0.0
701351,上櫃,0.95,0.81,82.0
701352,上櫃,0.6,0.6,2.0
701353,上櫃,2.55,2.58,150.0
701354,上櫃,0.0,0.0,0.0
701355,上櫃,0.27,0.25,91.0
701356,上櫃,0.99,1.08,617.0
701357,上櫃,3.43,3.39,18.0
701358,上櫃,0.38,0.38,18.0
701359,上櫃,0.0,0.0,0.0
701360,上櫃,1.21,1.16,108.0
701361,上櫃,0.0,0.0,0.0
701362,上櫃,0.0,0.0,0.0
701363,上櫃,1.53,1.39,533.0
701364,上櫃,0.0,0.0,0.0
701365,上櫃,0.0,0.0,0.0
701366,上櫃,1.05,1.05,5.0
701367,上櫃,0.0,0.0,0.0
701368,上櫃,0.54,0.54,55.0
701369,上櫃,1.28,1.28,7.0
701370,上櫃,0.0,0.0,0.0
701371,上櫃,1.72,1.63,34.0
701372,上櫃,0.0,0.0,0.0
701373,上櫃,0.0,0.0,0.0
701374,上櫃,1.21,1.07,77.0
701375,上櫃,4.7,4.3,30.0
701376,上櫃,0.0,0.0,0.0
701377,上櫃,4.0,4.05,16.0
701378,上櫃,1.34,1.25,47.0
701379,上櫃,2.59,2.43,12.0
701380,上櫃,0.56,0.5,153.0
701381,上櫃,0.8,0.73,27.0
701382,上櫃,0.12,0.12,10.0
701383,上櫃,0.0,0.0,0.0
701384,上櫃,0.0,0.0,0.0
701385,上櫃,0.0,0.0,0.0
701386,上櫃,5.25,5.25,1.0
701387,上櫃,0.0,0.0,0.0
701388,上櫃,0.77,0.77,23.0
701389,上櫃,0.42,0.33,1385.0
701390,上櫃,1.7,2.0,960.0
701391,上櫃,0.15,0.15,10.0
701392,上櫃,0.0,0.0,0.0
701393,上櫃,3.87,3.59,6.0
701394,上櫃,0.0,0.0,0.0
701395,上櫃,7.8,7.8,1.0
701396,上櫃,0.0,0.0,0.0
701397,上櫃,0.12,0.12,220.0
701398,上櫃,1.12,1.06,18.0
701399,上櫃,0.0,0.0,0.0
701400,上櫃,1.3,1.15,69.0
701401,上櫃,0.0,0.0,0.0
701402,上櫃,0.0,0.0,0.0
701403,上櫃,0.42,0.43,1341.0
701404,上櫃,0.0,0.0,0.0
701405,上櫃,0.41,0.41,2.0
701406,上櫃,0.41,0.36,603.0
701407,上櫃,0.0,0.0,0.0
701408,上櫃,0.42,0.53,203.0
701409,上櫃,2.27,2.66,123.0
701410,上櫃,0.0,0.0,0.0
701411,上櫃,0.15,0.14,30.0
701412,上櫃,0.72,0.64,53.0
701413,上櫃,12.1,12.0,6.0
701414,上櫃,0.0,0.0,0.0
701415,上櫃,8.6,8.85,119.0
701416,上櫃,1.16,1.12,340.0
701417,上櫃,1.55,1.58,150.0
701418,上櫃,3.98,3.39,11.0
701419,上櫃,1.01,1.01,2.0
701420,上櫃,7.25,6.9,31.0
701421,上櫃,0.53,0.53,10.0
701422,上櫃,1.09,0.99,49.0
701423,上櫃,0.0,0.0,0.0
701424,上櫃,0.89,0.78,489.0
701425,上櫃,0.0,0.0,0.0
701426,上櫃,0.34,0.35,2.0
701427,上櫃,0.0,0.0,0.0
701428,上櫃,0.0,0.0,0.0
701429,上櫃,0.24,0.24,48.0
701430,上櫃,1.18,1.03,414.0
701431,上櫃,1.38,1.18,1658.0
701432,上櫃,0.51,0.5,180.0
701433,上櫃,0.0,0.0,0.0
701434,上櫃,0.0,0.0,0.0
701435,上櫃,0.64,0.59,168.0
701436,上櫃,0.0,0.0,0.0
701437,上櫃,0.0,0.0,0.0
701438,上櫃,2.15,2.1,39.0
701439,上櫃,1.13,1.29,799.0
701440,上櫃,1.83,1.85,400.0
701441,上櫃,2.26,2.37,202.0
701442,上櫃,0.4,0.41,96.0
701443,上櫃,0.0,0.0,0.0
701444,上櫃,1.68,1.58,52.0
701445,上櫃,0.0,0.0,0.0
701446,上櫃,1.06,1.1,315.0
701447,上櫃,17.4,17.2,40.0
701448,上櫃,0.0,0.0,0.0
701449,上櫃,0.0,0.0,0.0
701450,上櫃,2.69,2.69,6.0
701451,上櫃,0.0,0.0,0.0
701452,上櫃,0.27,0.27,66.0
701453,上櫃,0.0,0.0,0.0
701454,上櫃,0.0,0.0,0.0
701455,上櫃,0.0,0.0,0.0
701456,上櫃,0.0,0.0,0.0
701457,上櫃,0.48,0.48,3.0
701458,上櫃,1.15,1.27,8.0
701459,上櫃,0.0,0.0,0.0
701460,上櫃,0.87,0.89,69.0
701461,上櫃,0.0,0.0,0.0
701462,上櫃,0.3,0.24,122.0
701463,上櫃,0.0,0.0,0.0
701464,上櫃,1.57,1.57,12.0
701465,上櫃,0.1,0.1,10.0
701466,上櫃,0.0,0.0,0.0
701467,上櫃,0.0,0.0,0.0
701468,上櫃,1.23,1.13,1360.0
701469,上櫃,0.0,0.0,0.0
701470,上櫃,0.0,0.0,0.0
701471,上櫃,1.06,0.98,81.0
701472,上櫃,0.0,0.0,0.0
701473,上櫃,0.0,0.0,0.0
701474,上櫃,2.05,1.82,11.0
701475,上櫃,1.16,0.96,589.0
701476,上櫃,0.25,0.21,345.0
701477,上櫃,0.57,0.5,1022.0
701478,上櫃,4.04,3.52,41.0
701479,上櫃,0.0,0.0,0.0
701480,上櫃,0.0,0.0,0.0
701481,上櫃,0.38,0.38,2.0
701482,上櫃,0.63,0.59,52.0
701483,上櫃,0.61,0.65,69.0
701484,上櫃,0.9,0.9,229.0
701485,上櫃,0.0,0.0,0.0
701486,上櫃,1.06,1.24,100.0
701487,上櫃,2.2,2.2,10.0
701488,上櫃,0.0,0.0,0.0
701489,上櫃,1.19,1.19,10.0
701490,上櫃,0.58,0.58,5.0
701491,上櫃,0.0,0.0,0.0
701492,上櫃,2.57,2.86,222.0
701493,上櫃,1.49,1.79,466.0
701494,上櫃,1.66,1.81,919.0
701495,上櫃,0.74,0.77,215.0
701496,上櫃,0.0,0.0,0.0
701497,上櫃,8.3,8.3,1.0
701498,上櫃,0.0,0.0,0.0
701499,上櫃,0.0,0.0,0.0
701500,上櫃,0.19,0.19,250.0
701501,上櫃,0.48,0.49,20.0
701502,上櫃,0.0,0.0,0.0
701503,上櫃,0.82,0.79,80.0
701504,上櫃,1.5,1.5,4.0
701505,上櫃,0.42,0.43,54.0
701506,上櫃,0.0,0.0,0.0
701507,上櫃,0.0,0.0,0.0
701508,上櫃,0.0,0.0,0.0
701509,上櫃,0.0,0.0,0.0
701510,上櫃,0.39,0.36,322.0
701511,上櫃,2.4,2.3,72.0
701512,上櫃,1.81,1.67,101.0
701513,上櫃,0.87,0.85,50.0
701514,上櫃,0.81,0.85,212.0
701515,上櫃,2.83,2.83,10.0
701516,上櫃,2.75,2.44,17.0
701517,上櫃,9.2,9.2,2.0
701518,上櫃,7.0,7.0,1.0
701519,上櫃,1.94,1.74,1934.0
701520,上櫃,0.0,0.0,0.0
701521,上櫃,0.0,0.0,0.0
701522,上櫃,6.65,6.65,1.0
701523,上櫃,0.0,0.0,0.0
701524,上櫃,0.0,0.0,0.0
701525,上櫃,2.07,1.83,327.0
701526,上櫃,0.58,0.5,1367.0
701527,上櫃,0.0,0.0,0.0
701528,上櫃,5.05,5.1,3.0
701529,上櫃,5.45,5.45,5.0
701530,上櫃,1.46,1.32,302.0
701531,上櫃,0.86,0.86,120.0
701532,上櫃,0.18,0.18,20.0
701533,上櫃,1.34,1.54,48.0
701534,上櫃,1.42,1.46,59.0
701535,上櫃,0.68,0.68,16.0
701536,上櫃,1.35,1.36,190.0
701537,上櫃,2.13,1.97,2.0
701538,上櫃,0.0,0.0,0.0
701539,上櫃,0.0,0.0,0.0
701540,上櫃,0.78,0.76,529.0
701541,上櫃,4.81,5.35,63.0
701542,上櫃,0.44,0.44,1.0
701543,上櫃,0.41,0.41,40.0
701544,上櫃,0.0,0.0,0.0
701545,上櫃,2.18,2.14,6.0
701546,上櫃,1.86,1.75,150.0
701547,上櫃,2.31,2.15,30.0
701548,上櫃,1.0,1.14,149.0
701549,上櫃,0.14,0.13,15.0
701550,上櫃,1.12,1.04,416.0
701551,上櫃,1.85,2.2,890.0
701552,上櫃,0.0,0.0,0.0
701553,上櫃,7.2,8.5,25.0
701554,上櫃,0.0,0.0,0.0
701555,上櫃,0.0,0.0,0.0
701556,上櫃,0.82,1.02,50.0
701557,上櫃,1.47,1.73,526.0
701558,上櫃,0.0,0.0,0.0
701559,上櫃,5.75,5.35,14.0
701560,上櫃,1.75,1.73,92.0
701561,上櫃,1.56,1.98,331.0
701562,上櫃,0.0,0.0,0.0
701563,上櫃,3.78,4.15,27.0
701564,上櫃,0.9,0.84,271.0
701565,上櫃,2.06,1.75,132.0
701566,上櫃,3.64,3.15,203.0
701567,上櫃,4.07,4.2,20.0
701568,上櫃,0.0,0.0,0.0
701569,上櫃,3.4,3.4,1.0
701570,上櫃,1.04,0.95,448.0
701571,上櫃,0.75,0.86,99.0
701572,上櫃,0.0,0.0,0.0
701573,上櫃,0.0,0.0,0.0
701574,上櫃,1.05,0.93,478.0
701575,上櫃,0.0,0.0,0.0
701576,上櫃,0.0,0.0,0.0
701577,上櫃,2.5,2.17,38.0
701578,上櫃,0.29,0.28,32.0
701579,上櫃,1.52,1.35,172.0
701580,上櫃,2.89,2.84,5.0
701581,上櫃,1.24,1.24,102.0
701582,上櫃,2.89,2.45,38.0
701583,上櫃,2.2,2.12,232.0
701584,上櫃,0.0,0.0,0.0
701585,上櫃,2.99,2.73,349.0
701586,上櫃,3.03,2.99,46.0
701587,上櫃,0.44,0.44,47.0
701588,上櫃,1.35,1.16,392.0
701589,上櫃,0.0,0.0,0.0
701590,上櫃,0.0,0.0,0.0
701591,上櫃,0.71,0.69,207.0
701592,上櫃,0.96,0.96,215.0
701593,上櫃,0.92,0.92,63.0
701594,上櫃,0.0,0.0,0.0
701595,上櫃,0.0,0.0,0.0
701596,上櫃,0.0,0.0,0.0
701597,上櫃,1.43,1.37,989.0
701598,上櫃,0.0,0.0,0.0
701599,上櫃,3.73,3.85,6.0
701600,上櫃,0.0,0.0,0.0
701601,上櫃,0.86,0.89,40.0
701602,上櫃,2.78,2.47,52.0
701603,上櫃,0.73,0.69,92.0
701604,上櫃,8.3,8.3,1.0
701605,上櫃,1.64,1.48,57.0
701606,上櫃,0.0,0.0,0.0
701607,上櫃,5.55,4.92,23.0
701608,上櫃,0.43,0.43,34.0
701609,上櫃,0.0,0.0,0.0
701610,上櫃,0.0,0.0,0.0
701611,上櫃,1.15,1.04,71.0
701612,上櫃,1.65,1.38,45.0
701613,上櫃,3.51,3.54,320.0
701614,上櫃,0.28,0.28,110.0
701615,上櫃,2.6,2.51,113.0
701616,上櫃,0.9,0.8,144.0
701617,上櫃,0.67,0.71,412.0
701618,上櫃,0.49,0.49,20.0
701619,上櫃,0.51,0.46,319.0
701620,上櫃,0.83,0.83,20.0
701621,上櫃,0.45,0.49,12.0
701622,上櫃,0.0,0.0,0.0
701623,上櫃,0.41,0.38,391.0
701624,上櫃,0.91,0.91,3122.0
701625,上櫃,0.81,0.8,149.0
701626,上櫃,0.0,0.0,0.0
701627,上櫃,0.75,0.8,230.0
701628,上櫃,0.0,0.0,0.0
701629,上櫃,0.0,0.0,0.0
701630,上櫃,5.3,4.99,71.0
701631,上櫃,3.19,2.99,315.0
701632,上櫃,4.02,3.78,22.0
701633,上櫃,3.96,3.72,82.0
701634,上櫃,0.92,0.92,10.0
701635,上櫃,1.49,1.49,40.0
701636,上櫃,0.0,0.0,0.0
701637,上櫃,1.96,1.86,119.0
701638,上櫃,0.0,0.0,0.0
701639,上櫃,0.0,0.0,0.0
701640,上櫃,5.7,5.9,22.0
701641,上櫃,0.43,0.43,10.0
701642,上櫃,1.13,1.16,37.0
701643,上櫃,0.0,0.0,0.0
701644,上櫃,1.32,1.22,66.0
701645,上櫃,1.05,0.95,53.0
701646,上櫃,0.83,0.87,519.0
701647,上櫃,2.28,1.91,114.0
701648,上櫃,3.12,3.12,2.0
701649,上櫃,0.0,0.0,0.0
701650,上櫃,1.07,0.99,223.0
701651,上櫃,2.58,2.21,479.0
701652,上櫃,0.7,0.65,90.0
701653,上櫃,3.0,2.45,38.0
701654,上櫃,1.16,1.11,258.0
701655,上櫃,0.0,0.0,0.0
701656,上櫃,0.0,0.0,0.0
701657,上櫃,0.85,0.8,150.0
701658,上櫃,0.54,0.54,1.0
701659,上櫃,0.0,0.0,0.0
701660,上櫃,0.0,0.0,0.0
701661,上櫃,1.39,1.43,347.0
701662,上櫃,2.23,1.86,61.0
701663,上櫃,3.59,3.49,14.0
701664,上櫃,4.52,4.2,102.0
701665,上櫃,0.0,0.0,0.0
701666,上櫃,0.37,0.37,10.0
701667,上櫃,0.0,0.0,0.0
701668,上櫃,0.0,0.0,0.0
701669,上櫃,0.0,0.0,0.0
701670,上櫃,6.65,5.8,148.0
701671,上櫃,0.67,0.65,7.0
701672,上櫃,2.08,2.08,26.0
701673,上櫃,1.77,1.81,163.0
701674,上櫃,1.13,1.08,35.0
701675,上櫃,1.61,1.68,47.0
701676,上櫃,4.12,3.35,33.0
701677,上櫃,3.92,3.73,63.0
701678,上櫃,3.44,2.94,72.0
701679,上櫃,0.0,0.0,0.0
701680,上櫃,3.4,3.01,175.0
701681,上櫃,0.71,0.7,20.0
701682,上櫃,3.26,3.24,35.0
701683,上櫃,1.34,1.05,82.0
701684,上櫃,0.49,0.49,20.0
701685,上櫃,0.0,0.0,0.0
701686,上櫃,2.0,2.0,5.0
701687,上櫃,0.0,0.0,0.0
701688,上櫃,1.34,1.28,131.0
701689,上櫃,1.24,1.12,264.0
701690,上櫃,1.6,1.41,108.0
701691,上櫃,0.92,0.9,13.0
701692,上櫃,0.84,0.83,229.0
701693,上櫃,0.93,0.93,8.0
701694,上櫃,0.66,0.66,25.0
701695,上櫃,0.68,0.68,30.0
701696,上櫃,1.31,1.19,633.0
701697,上櫃,1.13,1.04,271.0
701698,上櫃,1.2,1.17,19.0
701699,上櫃,0.55,0.55,20.0
701700,上櫃,4.56,3.97,148.0
701701,上櫃,0.0,0.0,0.0
701702,上櫃,3.99,3.35,226.0
701703,上櫃,3.3,2.61,86.0
701704,上櫃,0.0,0.0,0.0
701705,上櫃,0.88,0.88,30.0
701706,上櫃,0.0,0.0,0.0
701707,上櫃,0.0,0.0,0.0
701708,上櫃,0.0,0.0,0.0
701709,上櫃,0.0,0.0,0.0
701710,上櫃,4.82,4.21,67.0
701711,上櫃,4.99,4.93,26.0
701712,上櫃,0.89,0.88,50.0
701713,上櫃,0.0,0.0,0.0
701714,上櫃,2.75,2.65,46.0
701715,上櫃,3.05,3.05,30.0
701716,上櫃,0.0,0.0,0.0
701717,上櫃,1.46,1.48,4.0
701718,上櫃,0.0,0.0,0.0
701719,上櫃,1.8,1.73,100.0
701720,上櫃,2.95,2.62,73.0
701721,上櫃,0.0,0.0,0.0
701722,上櫃,0.0,0.0,0.0
701723,上櫃,1.87,1.76,57.0
701724,上櫃,10.5,10.5,4.0
701725,上櫃,0.0,0.0,0.0
701726,上櫃,3.28,2.65,231.0
701727,上櫃,4.21,3.46,154.0
701728,上櫃,20.1,20.1,9.0
701729,上櫃,0.0,0.0,0.0
701730,上櫃,4.82,4.82,6.0
701731,上櫃,0.98,1.16,333.0
701732,上櫃,0.0,0.0,0.0
701733,上櫃,3.03,2.97,175.0
701734,上櫃,0.64,0.61,35.0
701735,上櫃,1.69,1.62,87.0
701736,上櫃,0.0,0.0,0.0
701737,上櫃,3.14,3.41,1058.0
701738,上櫃,0.0,0.0,0.0
701739,上櫃,0.36,0.36,41.0
701740,上櫃,3.56,3.34,119.0
701741,上櫃,3.3,3.3,46.0
701742,上櫃,2.56,2.36,16.0
701743,上櫃,0.0,0.0,0.0
701744,上櫃,0.49,0.49,20.0
701745,上櫃,0.59,0.61,12.0
701746,上櫃,1.55,1.55,1.0
701747,上櫃,0.73,0.69,34.0
701748,上櫃,0.57,0.57,127.0
701749,上櫃,1.29,1.18,237.0
701750,上櫃,0.48,0.47,122.0
701751,上櫃,0.0,0.0,0.0
701752,上櫃,2.59,2.41,236.0
701753,上櫃,2.3,2.25,4.0
701754,上櫃,0.0,0.0,0.0
701755,上櫃,0.58,0.58,143.0
701756,上櫃,0.0,0.0,0.0
701757,上櫃,1.82,1.69,291.0
701758,上櫃,0.26,0.26,90.0
701759,上櫃,0.0,0.0,0.0
701760,上櫃,0.94,0.9,113.0
701761,上櫃,3.02,2.93,21.0
701762,上櫃,1.95,1.95,5.0
701763,上櫃,6.15,5.65,21.0
701764,上櫃,0.87,0.74,1359.0
701765,上櫃,0.99,0.84,390.0
701766,上櫃,4.95,4.45,26.0
701767,上櫃,0.0,0.0,0.0
701768,上櫃,2.2,2.2,5.0
701769,上櫃,0.0,0.0,0.0
701770,上櫃,0.0,0.0,0.0
701771,上櫃,0.0,0.0,0.0
701772,上櫃,2.56,2.5,32.0
701773,上櫃,0.48,0.45,56.0
701774,上櫃,0.51,0.51,3.0
701775,上櫃,0.0,0.0,0.0
701776,上櫃,0.78,0.71,352.0
701777,上櫃,1.23,1.1,11.0
701778,上櫃,0.45,0.41,222.0
701779,上櫃,0.0,0.0,0.0
701780,上櫃,5.4,5.65,12.0
701781,上櫃,0.0,0.0,0.0
701782,上櫃,0.16,0.16,10.0
701783,上櫃,0.0,0.0,0.0
701784,上櫃,0.0,0.0,0.0
701785,上櫃,0.0,0.0,0.0
701786,上櫃,1.14,1.0,63.0
701787,上櫃,0.93,0.96,140.0
701788,上櫃,0.0,0.0,0.0
701789,上櫃,0.0,0.0,0.0
701790,上櫃,1.27,1.17,20.0
701791,上櫃,2.44,1.93,832.0
701792,上櫃,1.02,0.9,217.0
701793,上櫃,0.0,0.0,0.0
701794,上櫃,7.75,7.75,4.0
701795,上櫃,0.0,0.0,0.0
701796,上櫃,0.0,0.0,0.0
701797,上櫃,3.05,2.99,128.0
701798,上櫃,0.0,0.0,0.0
701799,上櫃,1.29,1.29,4.0
701800,上櫃,0.0,0.0,0.0
701801,上櫃,0.0,0.0,0.0
701802,上櫃,2.81,2.53,15.0
701803,上櫃,3.73,3.46,95.0
701804,上櫃,0.58,0.56,82.0
701805,上櫃,0.67,0.66,65.0
701806,上櫃,0.0,0.0,0.0
701807,上櫃,0.49,0.48,40.0
701808,上櫃,0.0,0.0,0.0
701809,上櫃,15.3,16.1,61.0
701810,上櫃,1.05,0.96,61.0
701811,上櫃,0.0,0.0,0.0
701812,上櫃,2.68,2.5,14.0
701813,上櫃,2.9,2.9,5.0
701814,上櫃,0.0,0.0,0.0
701815,上櫃,0.0,0.0,0.0
701816,上櫃,0.0,0.0,0.0
701817,上櫃,0.96,0.9,10.0
701818,上櫃,1.33,1.26,100.0
701819,上櫃,0.86,0.86,5.0
701820,上櫃,0.88,0.79,150.0
701821,上櫃,0.45,0.43,258.0
701822,上櫃,0.56,0.54,403.0
701823,上櫃,0.0,0.0,0.0
701824,上櫃,2.0,2.1,509.0
701825,上櫃,0.0,0.0,0.0
701826,上櫃,1.44,1.29,383.0
701827,上櫃,0.0,0.0,0.0
701828,上櫃,4.43,4.21,25.0
701829,上櫃,5.6,5.1,200.0
701830,上櫃,0.0,0.0,0.0
701831,上櫃,0.0,0.0,0.0
701832,上櫃,3.68,2.99,62.0
701833,上櫃,5.05,5.1,27.0
701834,上櫃,0.93,0.93,27.0
701835,上櫃,0.0,0.0,0.0
701836,上櫃,0.0,0.0,0.0
701837,上櫃,7.75,7.1,123.0
701838,上櫃,1.58,1.72,140.0
701839,上櫃,0.91,0.98,157.0
701840,上櫃,1.08,0.86,583.0
701841,上櫃,4.61,4.2,109.0
701842,上櫃,1.93,2.02,629.0
701843,上櫃,0.0,0.0,0.0
701844,上櫃,0.96,0.96,40.0
701845,上櫃,0.0,0.0,0.0
701846,上櫃,0.0,0.0,0.0
701847,上櫃,0.0,0.0,0.0
701848,上櫃,0.46,0.46,10.0
701849,上櫃,0.0,0.0,0.0
701850,上櫃,0.0,0.0,0.0
701851,上櫃,0.9,1.03,24.0
701852,上櫃,1.68,1.51,4.0
701853,上櫃,0.69,0.67,69.0
701854,上櫃,1.26,1.35,30.0
701855,上櫃,3.05,2.59,584.0
701856,上櫃,0.0,0.0,0.0
701857,上櫃,0.0,0.0,0.0
701858,上櫃,1.01,0.88,97.0
701859,上櫃,8.2,7.9,2.0
701860,上櫃,1.18,1.02,22.0
701861,上櫃,0.0,0.0,0.0
701862,上櫃,0.77,0.84,8.0
701863,上櫃,2.18,1.97,191.0
701864,上櫃,1.24,1.24,3.0
701865,上櫃,1.18,1.16,28.0
701866,上櫃,0.0,0.0,0.0
701867,上櫃,0.5,0.5,60.0
701868,上櫃,2.14,2.02,190.0
701869,上櫃,1.55,1.83,1971.0
701870,上櫃,1.67,1.87,615.0
701871,上櫃,0.0,0.0,0.0
701872,上櫃,1.29,1.29,5.0
701873,上櫃,1.4,1.4,1.0
701874,上櫃,0.84,0.77,165.0
701875,上櫃,2.15,1.85,60.0
701876,上櫃,4.79,4.79,2.0
701877,上櫃,2.0,1.5,646.0
701878,上櫃,0.45,0.47,980.0
701879,上櫃,0.0,0.0,0.0
701880,上櫃,1.4,1.29,196.0
701881,上櫃,1.77,1.77,10.0
701882,上櫃,0.0,0.0,0.0
701883,上櫃,0.0,0.0,0.0
701884,上櫃,3.89,3.38,39.0
701885,上櫃,4.8,5.15,52.0
701886,上櫃,4.6,3.85,189.0
701887,上櫃,4.68,3.9,39.0
701888,上櫃,1.19,1.24,339.0
701889,上櫃,1.04,1.03,1598.0
701890,上櫃,3.17,3.43,32.0
701891,上櫃,4.11,4.24,28.0
701892,上櫃,0.99,0.99,15.0
701893,上櫃,0.0,0.0,0.0
701894,上櫃,1.12,1.12,35.0
701895,上櫃,0.69,0.7,14.0
701896,上櫃,2.06,1.94,24.0
701897,上櫃,0.69,0.69,246.0
701898,上櫃,3.3,3.24,571.0
701899,上櫃,2.04,2.26,157.0
701900,上櫃,3.25,3.18,19.0
701901,上櫃,1.78,1.65,268.0
701902,上櫃,1.68,1.61,26.0
701903,上櫃,0.0,0.0,0.0
701904,上櫃,5.45,5.45,1.0
701905,上櫃,1.75,1.58,200.0
701906,上櫃,5.4,5.35,8.0
701907,上櫃,0.0,0.0,0.0
701908,上櫃,0.0,0.0,0.0
701909,上櫃,6.95,8.55,164.0
701910,上櫃,6.9,7.6,64.0
701911,上櫃,0.0,0.0,0.0
701912,上櫃,2.88,2.88,8.0
701913,上櫃,0.0,0.0,0.0
701914,上櫃,0.84,0.84,20.0
701915,上櫃,0.0,0.0,0.0
701916,上櫃,0.0,0.0,0.0
701917,上櫃,1.96,2.17,163.0
701918,上櫃,3.58,3.71,21.0
701919,上櫃,2.98,2.91,6.0
701920,上櫃,0.0,0.0,0.0
701921,上櫃,2.94,3.02,117.0
701922,上櫃,0.91,0.88,1850.0
701923,上櫃,0.0,0.0,0.0
701924,上櫃,0.0,0.0,0.0
701925,上櫃,1.3,1.42,121.0
701926,上櫃,0.0,0.0,0.0
701927,上櫃,0.42,0.43,933.0
701928,上櫃,1.97,1.6,228.0
701929,上櫃,0.0,0.0,0.0
701930,上櫃,0.0,0.0,0.0
701931,上櫃,1.72,1.6,131.0
701932,上櫃,1.02,1.07,152.0
701933,上櫃,0.0,0.0,0.0
701934,上櫃,1.06,0.95,52.0
701935,上櫃,0.0,0.0,0.0
701936,上櫃,0.0,0.0,0.0
701937,上櫃,0.0,0.0,0.0
701938,上櫃,0.0,0.0,0.0
701939,上櫃,0.0,0.0,0.0
701940,上櫃,0.26,0.26,2.0
701941,上櫃,0.0,0.0,0.0
701942,上櫃,3.16,2.72,186.0
701943,上櫃,3.28,2.82,159.0
701944,上櫃,1.81,1.67,27.0
701945,上櫃,0.0,0.0,0.0
701946,上櫃,0.0,0.0,0.0
701947,上櫃,0.0,0.0,0.0
701948,上櫃,0.51,0.51,38.0
701949,上櫃,0.73,0.65,100.0
701950,上櫃,1.56,1.53,416.0
701951,上櫃,8.7,8.7,2.0
701952,上櫃,3.17,3.17,1.0
701953,上櫃,9.2,9.1,40.0
701954,上櫃,4.48,4.6,317.0
701955,上櫃,11.7,11.7,3.0
701956,上櫃,0.0,0.0,0.0
701957,上櫃,3.58,3.58,1.0
701958,上櫃,11.2,11.2,10.0
701959,上櫃,1.7,1.7,10.0
701960,上櫃,0.0,0.0,0.0
701961,上櫃,1.98,1.98,1.0
701962,上櫃,0.0,0.0,0.0
701963,上櫃,1.45,1.37,75.0
701964,上櫃,0.0,0.0,0.0
701965,上櫃,0.53,0.51,80.0
701966,上櫃,0.0,0.0,0.0
701967,上櫃,2.02,2.02,5.0
701968,上櫃,4.71,4.81,78.0
701969,上櫃,0.0,0.0,0.0
701970,上櫃,2.7,2.7,25.0
701971,上櫃,0.0,0.0,0.0
701972,上櫃,0.98,0.98,20.0
701973,上櫃,0.0,0.0,0.0
701974,上櫃,1.85,1.45,385.0
701975,上櫃,0.0,0.0,0.0
701976,上櫃,0.59,0.59,44.0
701977,上櫃,0.0,0.0,0.0
701978,上櫃,0.0,0.0,0.0
701979,上櫃,0.0,0.0,0.0
701980,上櫃,0.0,0.0,0.0
701981,上櫃,1.2,1.2,10.0
701982,上櫃,2.27,1.83,829.0
701983,上櫃,1.36,1.36,100.0
701984,上櫃,3.34,3.3,128.0
701985,上櫃,0.4,0.38,1001.0
701986,上櫃,0.57,0.57,20.0
701987,上櫃,0.5,0.47,15.0
701988,上櫃,0.0,0.0,0.0
701989,上櫃,1.77,1.74,311.0
701990,上櫃,2.68,2.65,85.0
701991,上櫃,9.25,8.75,71.0
701992,上櫃,0.97,0.97,8.0
701993,上櫃,0.0,0.0,0.0
701994,上櫃,1.46,1.52,250.0
701995,上櫃,0.0,0.0,0.0
701996,上櫃,2.5,2.52,28.0
701997,上櫃,1.29,1.25,268.0
701998,上櫃,1.85,1.61,919.0
701999,上櫃,1.76,1.56,42.0
702000,上櫃,0.0,0.0,0.0
702001,上櫃,0.0,0.0,0.0
702002,上櫃,1.09,1.01,95.0
702003,上櫃,1.19,1.19,81.0
702004,上櫃,1.03,1.03,258.0
702005,上櫃,1.1,1.06,5.0
702006,上櫃,0.0,0.0,0.0
702007,上櫃,0.0,0.0,0.0
702008,上櫃,0.0,0.0,0.0
702009,上櫃,1.31,1.21,274.0
702010,上櫃,2.09,1.77,14.0
702011,上櫃,1.46,1.32,39.0
702012,上櫃,0.0,0.0,0.0
702013,上櫃,4.08,4.18,13.0
702014,上櫃,0.0,0.0,0.0
702015,上櫃,0.0,0.0,0.0
702016,上櫃,2.28,2.46,1110.0
702017,上櫃,0.91,0.89,26.0
702018,上櫃,4.93,4.46,5.0
702019,上櫃,3.69,3.69,2.0
702020,上櫃,0.0,0.0,0.0
702021,上櫃,5.5,5.4,6.0
702022,上櫃,0.0,0.0,0.0
702023,上櫃,1.9,1.97,548.0
702024,上櫃,2.54,2.54,30.0
702025,上櫃,2.18,1.85,61.0
702026,上櫃,0.0,0.0,0.0
702027,上櫃,2.39,2.51,199.0
702028,上櫃,6.7,6.7,10.0
702029,上櫃,0.0,0.0,0.0
702030,上櫃,2.08,2.07,20.0
702031,上櫃,0.0,0.0,0.0
702032,上櫃,3.12,3.12,1.0
702033,上櫃,4.65,4.58,32.0
702034,上櫃,3.35,2.54,178.0
702035,上櫃,1.38,1.38,8.0
702036,上櫃,3.82,3.45,31.0
702037,上櫃,0.0,0.0,0.0
702038,上櫃,3.18,3.16,97.0
702039,上櫃,2.76,2.75,303.0
702040,上櫃,0.76,0.78,105.0
702041,上櫃,1.56,1.4,37.0
702042,上櫃,0.8,0.75,283.0
702043,上櫃,1.88,1.67,37.0
702044,上櫃,0.0,0.0,0.0
702045,上櫃,0.0,0.0,0.0
702046,上櫃,0.0,0.0,0.0
702047,上櫃,0.36,0.36,250.0
702048,上櫃,0.0,0.0,0.0
702049,上櫃,0.0,0.0,0.0
702050,上櫃,0.0,0.0,0.0
702051,上櫃,1.16,1.2,564.0
702052,上櫃,1.65,1.56,39.0
702053,上櫃,4.66,4.52,125.0
702054,上櫃,0.0,0.0,0.0
702055,上櫃,0.0,0.0,0.0
702056,上櫃,0.0,0.0,0.0
702057,上櫃,0.0,0.0,0.0
702058,上櫃,12.0,12.0,2.0
702059,上櫃,0.0,0.0,0.0
702060,上櫃,2.95,2.9,151.0
702061,上櫃,1.25,1.24,65.0
702062,上櫃,2.38,1.99,193.0
702063,上櫃,1.74,1.5,263.0
702064,上櫃,0.0,0.0,0.0
702065,上櫃,1.65,1.61,24.0
702066,上櫃,0.0,0.0,0.0
702067,上櫃,0.96,0.96,50.0
702068,上櫃,2.74,2.72,40.0
702069,上櫃,0.0,0.0,0.0
702070,上櫃,0.0,0.0,0.0
702071,上櫃,3.99,3.94,59.0
702072,上櫃,1.54,1.6,85.0
702073,上櫃,0.0,0.0,0.0
702074,上櫃,0.55,0.55,62.0
702075,上櫃,0.72,0.64,50.0
702076,上櫃,0.0,0.0,0.0
702077,上櫃,1.92,1.92,1.0
702078,上櫃,0.0,0.0,0.0
702079,上櫃,0.0,0.0,0.0
702080,上櫃,1.09,1.05,20.0
702081,上櫃,0.0,0.0,0.0
702082,上櫃,0.0,0.0,0.0
702083,上櫃,3.79,3.15,243.0
702084,上櫃,0.77,0.74,163.0
702085,上櫃,6.9,6.9,3.0
702086,上櫃,2.46,2.51,131.0
702087,上櫃,4.01,3.53,14.0
702088,上櫃,0.0,0.0,0.0
702089,上櫃,2.62,2.62,4.0
702090,上櫃,0.0,0.0,0.0
702091,上櫃,0.45,0.48,384.0
702092,上櫃,1.97,1.81,20.0
702093,上櫃,3.43,3.15,17.0
702094,上櫃,3.69,3.35,7.0
702095,上櫃,0.53,0.48,485.0
702096,上櫃,0.62,0.65,55.0
702097,上櫃,0.0,0.0,0.0
702098,上櫃,4.09,3.29,40.0
702099,上櫃,3.97,3.97,3.0
702100,上櫃,1.68,1.68,5.0
702101,上櫃,1.97,1.99,62.0
702102,上櫃,0.65,0.74,61.0
702103,上櫃,1.7,1.73,5.0
702104,上櫃,2.09,1.84,7.0
702105,上櫃,0.0,0.0,0.0
702106,上櫃,0.77,0.94,586.0
702107,上櫃,1.21,1.27,167.0
702108,上櫃,3.08,3.14,58.0
702109,上櫃,0.0,0.0,0.0
702110,上櫃,4.26,4.26,1.0
702111,上櫃,3.34,3.01,12.0
702112,上櫃,0.69,0.66,579.0
702113,上櫃,0.0,0.0,0.0
702114,上櫃,1.46,1.16,135.0
702115,上櫃,0.0,0.0,0.0
702116,上櫃,3.8,3.36,138.0
702117,上櫃,0.0,0.0,0.0
702118,上櫃,4.99,4.59,66.0
702119,上櫃,0.0,0.0,0.0
702120,上櫃,1.59,1.59,3.0
702121,上櫃,1.55,1.19,966.0
702122,上櫃,3.7,2.85,146.0
702123,上櫃,2.76,2.43,74.0
702124,上櫃,1.86,1.86,1.0
702125,上櫃,1.31,1.23,620.0
702126,上櫃,0.0,0.0,0.0
702127,上櫃,2.1,2.05,51.0
702128,上櫃,1.14,1.05,596.0
702129,上櫃,0.0,0.0,0.0
702130,上櫃,3.66,3.66,5.0
702131,上櫃,0.52,0.46,133.0
702132,上櫃,3.1,3.13,775.0
702133,上櫃,0.88,0.82,60.0
702134,上櫃,1.96,1.89,5.0
702135,上櫃,2.0,1.81,71.0
702136,上櫃,0.0,0.0,0.0
702137,上櫃,1.89,1.71,98.0
702138,上櫃,0.0,0.0,0.0
702139,上櫃,0.0,0.0,0.0
702140,上櫃,1.32,1.14,122.0
702141,上櫃,0.85,0.85,81.0
702142,上櫃,0.0,0.0,0.0
702143,上櫃,2.16,2.16,10.0
702144,上櫃,0.0,0.0,0.0
702145,上櫃,1.07,0.99,46.0
702146,上櫃,3.73,4.13,329.0
702147,上櫃,3.63,3.8,218.0
702148,上櫃,3.75,3.96,1538.0
702149,上櫃,3.18,3.13,30.0
702150,上櫃,0.0,0.0,0.0
702151,上櫃,1.25,1.25,34.0
702152,上櫃,0.0,0.0,0.0
702153,上櫃,3.38,3.54,47.0
702154,上櫃,7.1,7.1,20.0
702155,上櫃,3.17,2.33,201.0
702156,上櫃,0.73,0.64,11.0
702157,上櫃,1.72,1.81,1860.0
702158,上櫃,0.67,0.67,10.0
702159,上櫃,0.0,0.0,0.0
702160,上櫃,1.02,0.78,470.0
702161,上櫃,0.0,0.0,0.0
702162,上櫃,6.15,6.15,10.0
702163,上櫃,0.85,0.85,27.0
702164,上櫃,0.63,0.63,95.0
702165,上櫃,0.0,0.0,0.0
702166,上櫃,2.26,2.26,5.0
702167,上櫃,0.0,0.0,0.0
702168,上櫃,0.0,0.0,0.0
702169,上櫃,0.0,0.0,0.0
702170,上櫃,0.0,0.0,0.0
702171,上櫃,0.0,0.0,0.0
702172,上櫃,1.9,1.93,12.0
702173,上櫃,1.39,1.36,36.0
702174,上櫃,0.0,0.0,0.0
702175,上櫃,0.94,0.91,50.0
702176,上櫃,0.56,0.52,122.0
702177,上櫃,0.0,0.0,0.0
702178,上櫃,0.0,0.0,0.0
702179,上櫃,1.32,1.32,10.0
702180,上櫃,7.4,8.0,189.0
702181,上櫃,0.0,0.0,0.0
702182,上櫃,2.45,2.4,15.0
702183,上櫃,0.0,0.0,0.0
702184,上櫃,0.0,0.0,0.0
702185,上櫃,0.0,0.0,0.0
702186,上櫃,1.08,1.08,100.0
702187,上櫃,18.1,18.1,3.0
702188,上櫃,0.0,0.0,0.0
702189,上櫃,5.7,6.1,640.0
702190,上櫃,5.25,5.55,359.0
702191,上櫃,1.15,1.08,458.0
702192,上櫃,0.0,0.0,0.0
702193,上櫃,1.19,1.17,309.0
702194,上櫃,1.57,1.8,79.0
702195,上櫃,1.48,1.48,3.0
702196,上櫃,6.05,6.5,5.0
702197,上櫃,0.0,0.0,0.0
702198,上櫃,0.94,0.86,216.0
702199,上櫃,0.0,0.0,0.0
702200,上櫃,2.98,2.86,89.0
702201,上櫃,0.52,0.52,1.0
702202,上櫃,3.2,2.8,48.0
702203,上櫃,0.0,0.0,0.0
702204,上櫃,0.0,0.0,0.0
702205,上櫃,4.21,4.29,86.0
702206,上櫃,0.0,0.0,0.0
702207,上櫃,4.99,4.81,25.0
702208,上櫃,0.0,0.0,0.0
702209,上櫃,0.0,0.0,0.0
702210,上櫃,0.0,0.0,0.0
702211,上櫃,3.25,3.25,18.0
702212,上櫃,0.0,0.0,0.0
702213,上櫃,0.0,0.0,0.0
702214,上櫃,33.3,30.0,12.0
702215,上櫃,2.94,3.29,39.0
702216,上櫃,0.98,0.89,57.0
702217,上櫃,1.02,0.94,65.0
702218,上櫃,2.12,1.72,96.0
702219,上櫃,4.69,4.69,11.0
702220,上櫃,4.19,3.62,41.0
702221,上櫃,1.37,1.17,388.0
702222,上櫃,0.57,0.51,124.0
702223,上櫃,0.52,0.51,22.0
702224,上櫃,1.27,1.16,1622.0
702225,上櫃,1.48,1.35,38.0
702226,上櫃,1.53,1.53,2.0
702227,上櫃,0.0,0.0,0.0
702228,上櫃,2.05,1.95,32.0
702229,上櫃,1.49,1.37,178.0
702230,上櫃,0.98,0.87,12.0
702231,上櫃,1.35,1.29,254.0
702232,上櫃,1.51,1.38,274.0
702233,上櫃,1.49,1.38,44.0
702234,上櫃,3.75,3.18,105.0
702235,上櫃,2.53,2.74,41.0
702236,上櫃,0.0,0.0,0.0
702237,上櫃,0.0,0.0,0.0
702238,上櫃,1.19,1.19,227.0
702239,上櫃,1.11,1.05,78.0
702240,上櫃,1.32,1.18,197.0
702241,上櫃,1.26,1.16,167.0
702242,上櫃,0.95,1.15,302.0
702243,上櫃,5.65,5.75,47.0
702244,上櫃,2.13,1.9,83.0
702245,上櫃,1.59,1.42,112.0
702246,上櫃,1.3,1.12,194.0
702247,上櫃,0.98,0.98,11.0
702248,上櫃,0.0,0.0,0.0
702249,上櫃,0.59,0.54,42.0
702250,上櫃,0.34,0.34,105.0
702251,上櫃,0.9,0.99,56.0
702252,上櫃,1.42,1.52,96.0
702253,上櫃,0.0,0.0,0.0
702254,上櫃,2.13,1.94,510.0
702255,上櫃,0.0,0.0,0.0
702256,上櫃,2.16,2.16,13.0
702257,上櫃,0.0,0.0,0.0
702258,上櫃,0.0,0.0,0.0
702259,上櫃,0.64,0.61,139.0
702260,上櫃,1.06,1.06,30.0
702261,上櫃,1.43,1.43,39.0
702262,上櫃,1.01,0.9,411.0
702263,上櫃,0.9,0.78,190.0
702264,上櫃,0.0,0.0,0.0
702265,上櫃,0.0,0.0,0.0
702266,上櫃,12.4,12.4,2.0
702267,上櫃,2.8,2.8,5.0
702268,上櫃,0.67,0.62,1279.0
702269,上櫃,0.63,0.54,1921.0
702270,上櫃,0.68,0.61,220.0
702271,上櫃,1.0,0.89,1180.0
702272,上櫃,1.82,1.87,104.0
702273,上櫃,0.76,0.68,15.0
702274,上櫃,0.0,0.0,0.0
702275,上櫃,1.68,1.66,1817.0
702276,上櫃,0.0,0.0,0.0
702277,上櫃,0.0,0.0,0.0
702278,上櫃,2.8,2.75,131.0
702279,上櫃,0.0,0.0,0.0
702280,上櫃,2.94,3.3,40.0
702281,上櫃,2.37,2.39,194.0
702282,上櫃,0.0,0.0,0.0
702283,上櫃,2.89,2.75,78.0
702284,上櫃,2.55,2.33,129.0
702285,上櫃,1.5,1.27,10.0
702286,上櫃,2.45,2.55,48.0
702287,上櫃,0.0,0.0,0.0
702288,上櫃,0.0,0.0,0.0
702289,上櫃,3.06,3.55,237.0
702290,上櫃,4.56,4.17,24.0
702291,上櫃,1.12,1.03,15.0
702292,上櫃,3.73,3.71,62.0
702293,上櫃,2.16,2.16,20.0
702294,上櫃,1.04,1.04,3.0
702295,上櫃,0.0,0.0,0.0
702296,上櫃,0.0,0.0,0.0
702297,上櫃,0.0,0.0,0.0
702298,上櫃,0.0,0.0,0.0
702299,上櫃,2.27,2.02,335.0
702300,上櫃,1.61,1.55,192.0
702301,上櫃,0.7,0.66,53.0
702302,上櫃,4.04,3.55,213.0
702303,上櫃,3.82,3.78,45.0
702304,上櫃,2.55,2.37,133.0
702305,上櫃,0.0,0.0,0.0
702306,上櫃,4.38,4.32,69.0
702307,上櫃,3.75,3.75,4.0
702308,上櫃,4.37,4.17,2.0
702309,上櫃,4.72,4.57,206.0
702310,上櫃,3.27,3.21,2.0
702311,上櫃,0.61,0.61,159.0
702312,上櫃,1.79,1.63,177.0
702313,上櫃,4.25,4.25,20.0
702314,上櫃,0.0,0.0,0.0
702315,上櫃,0.0,0.0,0.0
702316,上櫃,3.27,2.85,104.0
702317,上櫃,0.0,0.0,0.0
702318,上櫃,0.0,0.0,0.0
702319,上櫃,0.86,0.86,11.0
702320,上櫃,0.42,0.42,175.0
702321,上櫃,0.35,0.35,181.0
702322,上櫃,1.76,1.6,138.0
702323,上櫃,0.0,0.0,0.0
702324,上櫃,1.03,1.04,200.0
702325,上櫃,0.95,0.89,424.0
702326,上櫃,0.0,0.0,0.0
702327,上櫃,0.49,0.44,157.0
702328,上櫃,0.0,0.0,0.0
702329,上櫃,2.92,2.92,4.0
702330,上櫃,5.55,5.6,184.0
702331,上櫃,0.0,0.0,0.0
702332,上櫃,0.0,0.0,0.0
702333,上櫃,3.42,3.39,26.0
702334,上櫃,5.35,5.2,3.0
702335,上櫃,0.0,0.0,0.0
702336,上櫃,3.51,3.21,94.0
702337,上櫃,0.0,0.0,0.0
702338,上櫃,0.87,0.78,62.0
702339,上櫃,0.0,0.0,0.0
702340,上櫃,1.99,1.99,5.0
702341,上櫃,0.0,0.0,0.0
702342,上櫃,1.33,1.32,738.0
702343,上櫃,1.06,1.06,60.0
702344,上櫃,0.0,0.0,0.0
702345,上櫃,0.97,1.12,995.0
702346,上櫃,2.64,2.38,92.0
702347,上櫃,0.0,0.0,0.0
702348,上櫃,1.37,1.33,922.0
702349,上櫃,0.72,0.72,5.0
702350,上櫃,2.84,2.84,20.0
702351,上櫃,0.0,0.0,0.0
702352,上櫃,3.81,3.85,17.0
702353,上櫃,2.1,2.1,1.0
702354,上櫃,1.47,1.47,19.0
702355,上櫃,2.41,2.37,3.0
702356,上櫃,2.96,2.96,2.0
702357,上櫃,0.94,1.08,253.0
702358,上櫃,3.61,3.01,72.0
702359,上櫃,1.41,1.41,678.0
702360,上櫃,4.79,4.86,4.0
702361,上櫃,0.0,0.0,0.0
702362,上櫃,2.63,2.38,660.0
702363,上櫃,3.02,2.82,25.0
702364,上櫃,1.53,1.46,136.0
702365,上櫃,0.0,0.0,0.0
702366,上櫃,2.97,2.67,59.0
702367,上櫃,4.02,3.95,39.0
702368,上櫃,0.0,0.0,0.0
702369,上櫃,1.14,1.0,32.0
702370,上櫃,2.77,3.05,448.0
702371,上櫃,3.18,3.38,193.0
702372,上櫃,0.0,0.0,0.0
702373,上櫃,1.36,1.2,333.0
702374,上櫃,3.16,3.07,33.0
702375,上櫃,0.0,0.0,0.0
702376,上櫃,1.95,1.88,162.0
702377,上櫃,0.0,0.0,0.0
702378,上櫃,0.0,0.0,0.0
702379,上櫃,1.62,1.87,463.0
702380,上櫃,1.11,1.1,105.0
702381,上櫃,0.43,0.41,276.0
702382,上櫃,2.05,1.97,383.0
702383,上櫃,0.0,0.0,0.0
702384,上櫃,0.0,0.0,0.0
702385,上櫃,1.26,1.16,8.0
702386,上櫃,0.68,0.68,30.0
702387,上櫃,1.19,0.93,55.0
702388,上櫃,0.0,0.0,0.0
702389,上櫃,1.6,1.81,827.0
702390,上櫃,2.12,2.11,164.0
702391,上櫃,1.83,1.67,35.0
702392,上櫃,0.67,0.66,1051.0
702393,上櫃,1.36,1.26,174.0
702394,上櫃,0.43,0.43,10.0
702395,上櫃,0.0,0.0,0.0
702396,上櫃,1.86,1.79,24.0
702397,上櫃,0.0,0.0,0.0
702398,上櫃,0.0,0.0,0.0
702399,上櫃,3.66,3.66,1.0
702400,上櫃,0.58,0.58,96.0
702401,上櫃,1.24,1.26,161.0
702402,上櫃,0.0,0.0,0.0
702403,上櫃,0.0,0.0,0.0
702404,上櫃,2.9,2.9,2.0
702405,上櫃,0.91,0.9,164.0
702406,上櫃,1.41,1.41,20.0
702407,上櫃,1.76,1.73,143.0
702408,上櫃,0.0,0.0,0.0
702409,上櫃,0.91,0.86,203.0
702410,上櫃,0.92,0.92,18.0
702411,上櫃,0.0,0.0,0.0
702412,上櫃,0.63,0.81,923.0
702413,上櫃,2.38,2.24,20.0
702414,上櫃,1.61,1.64,251.0
702415,上櫃,0.97,0.89,588.0
702416,上櫃,2.33,2.19,5.0
702417,上櫃,2.83,2.9,80.0
702418,上櫃,1.78,1.77,335.0
702419,上櫃,0.73,0.68,12.0
702420,上櫃,1.66,1.28,73.0
702421,上櫃,1.02,0.77,290.0
702422,上櫃,4.29,3.73,14.0
702423,上櫃,1.24,0.98,1126.0
702424,上櫃,0.82,0.82,145.0
702425,上櫃,0.0,0.0,0.0
702426,上櫃,1.81,1.85,946.0
702427,上櫃,1.29,1.29,31.0
702428,上櫃,1.37,1.28,32.0
702429,上櫃,0.0,0.0,0.0
702430,上櫃,1.43,1.35,3.0
702431,上櫃,0.0,0.0,0.0
702432,上櫃,1.72,1.63,220.0
702433,上櫃,0.0,0.0,0.0
702434,上櫃,1.8,1.84,114.0
702435,上櫃,0.0,0.0,0.0
702436,上櫃,2.14,1.85,69.0
702437,上櫃,0.83,0.71,140.0
702438,上櫃,0.0,0.0,0.0
702439,上櫃,0.73,0.73,7.0
702440,上櫃,0.0,0.0,0.0
702441,上櫃,1.51,1.5,27.0
702442,上櫃,1.22,1.42,725.0
702443,上櫃,0.24,0.22,200.0
702444,上櫃,0.0,0.0,0.0
702445,上櫃,2.37,2.08,52.0
702446,上櫃,1.17,0.9,45.0
702447,上櫃,0.0,0.0,0.0
702448,上櫃,0.0,0.0,0.0
702449,上櫃,0.57,0.57,45.0
702450,上櫃,0.47,0.44,76.0
702451,上櫃,1.12,1.04,30.0
702452,上櫃,0.0,0.0,0.0
702453,上櫃,0.0,0.0,0.0
702454,上櫃,0.0,0.0,0.0
702455,上櫃,0.0,0.0,0.0
702456,上櫃,3.14,3.05,24.0
702457,上櫃,0.93,0.87,644.0
702458,上櫃,3.95,4.38,126.0
702459,上櫃,1.19,1.2,256.0
702460,上櫃,2.05,2.05,3.0
702461,上櫃,0.0,0.0,0.0
702462,上櫃,0.0,0.0,0.0
702463,上櫃,1.92,1.82,1460.0
702464,上櫃,1.27,1.27,14.0
702465,上櫃,1.14,1.07,108.0
702466,上櫃,0.93,0.93,47.0
702467,上櫃,4.13,4.07,19.0
702468,上櫃,1.77,1.68,125.0
702469,上櫃,0.0,0.0,0.0
702470,上櫃,5.1,4.85,3.0
702471,上櫃,1.08,1.04,28.0
702472,上櫃,0.98,0.99,38.0
702473,上櫃,2.88,3.16,429.0
702474,上櫃,0.97,0.91,17.0
702475,上櫃,2.64,2.9,120.0
702476,上櫃,1.84,1.65,40.0
702477,上櫃,3.88,3.63,12.0
702478,上櫃,0.0,0.0,0.0
702479,上櫃,2.46,2.36,68.0
702480,上櫃,0.0,0.0,0.0
702481,上櫃,1.14,1.11,28.0
702482,上櫃,0.0,0.0,0.0
702483,上櫃,2.43,2.42,15.0
702484,上櫃,0.0,0.0,0.0
702485,上櫃,0.0,0.0,0.0
702486,上櫃,0.0,0.0,0.0
702487,上櫃,1.28,1.28,20.0
702488,上櫃,0.0,0.0,0.0
702489,上櫃,6.95,6.95,6.0
702490,上櫃,1.51,1.27,155.0
702491,上櫃,1.62,1.62,106.0
702492,上櫃,0.0,0.0,0.0
702493,上櫃,0.75,0.58,1202.0
702494,上櫃,2.68,2.53,185.0
702495,上櫃,4.31,4.31,31.0
702496,上櫃,4.51,4.36,152.0
702497,上櫃,0.0,0.0,0.0
702498,上櫃,0.0,0.0,0.0
702499,上櫃,2.17,2.12,191.0
702500,上櫃,1.01,0.9,33.0
702501,上櫃,1.22,1.2,296.0
702502,上櫃,0.0,0.0,0.0
702503,上櫃,0.0,0.0,0.0
702504,上櫃,0.0,0.0,0.0
702505,上櫃,11.0,11.0,21.0
702506,上櫃,0.0,0.0,0.0
702507,上櫃,0.0,0.0,0.0
702508,上櫃,1.93,1.75,55.0
702509,上櫃,4.74,4.42,43.0
702510,上櫃,1.25,1.25,67.0
702511,上櫃,14.8,11.3,112.0
702512,上櫃,2.79,2.75,120.0
702513,上櫃,0.0,0.0,0.0
702514,上櫃,1.04,1.07,139.0
702515,上櫃,0.81,0.81,15.0
702516,上櫃,0.0,0.0,0.0
702517,上櫃,0.0,0.0,0.0
702518,上櫃,0.0,0.0,0.0
702519,上櫃,0.0,0.0,0.0
702520,上櫃,0.66,0.63,670.0
702521,上櫃,8.95,7.95,44.0
702522,上櫃,0.0,0.0,0.0
702523,上櫃,0.68,0.65,11.0
702524,上櫃,8.95,8.95,3.0
702525,上櫃,12.9,11.9,12.0
702526,上櫃,7.65,7.65,10.0
702527,上櫃,0.0,0.0,0.0
702528,上櫃,0.0,0.0,0.0
702529,上櫃,5.75,4.89,40.0
702530,上櫃,0.0,0.0,0.0
702531,上櫃,3.41,3.51,67.0
702532,上櫃,0.0,0.0,0.0
702533,上櫃,0.0,0.0,0.0
702534,上櫃,5.45,5.8,8.0
702535,上櫃,4.88,4.37,153.0
702536,上櫃,0.64,0.52,294.0
702537,上櫃,0.0,0.0,0.0
702538,上櫃,2.84,2.59,1448.0
702539,上櫃,0.0,0.0,0.0
702540,上櫃,3.0,3.0,2.0
702541,上櫃,2.99,3.16,20.0
702542,上櫃,1.41,1.16,170.0
702543,上櫃,0.61,0.61,6.0
702544,上櫃,0.0,0.0,0.0
702545,上櫃,0.0,0.0,0.0
702546,上櫃,3.4,2.95,80.0
702547,上櫃,0.67,0.55,41.0
702548,上櫃,4.98,4.61,32.0
702549,上櫃,1.71,1.68,57.0
702550,上櫃,1.55,1.41,290.0
702551,上櫃,3.22,3.13,74.0
702552,上櫃,3.23,3.23,2.0
702553,上櫃,1.92,1.69,257.0
702554,上櫃,6.45,6.1,10.0
702555,上櫃,1.09,1.09,6.0
702556,上櫃,9.3,8.9,8.0
702557,上櫃,6.85,6.0,999.0
702558,上櫃,2.65,2.09,135.0
702559,上櫃,1.3,1.3,1.0
702560,上櫃,2.91,2.58,495.0
702561,上櫃,0.52,0.55,56.0
702562,上櫃,0.27,0.27,5.0
702563,上櫃,1.43,1.16,29.0
702564,上櫃,0.6,0.64,166.0
702565,上櫃,2.92,2.7,167.0
702566,上櫃,0.64,0.71,825.0
702567,上櫃,3.85,3.8,589.0
702568,上櫃,0.0,0.0,0.0
702569,上櫃,0.0,0.0,0.0
702570,上櫃,1.55,1.5,114.0
702571,上櫃,0.0,0.0,0.0
702572,上櫃,2.46,2.07,344.0
702573,上櫃,1.57,1.32,1036.0
702574,上櫃,2.62,2.4,481.0
702575,上櫃,1.68,1.51,472.0
702576,上櫃,3.4,2.97,130.0
702577,上櫃,3.3,3.14,28.0
702578,上櫃,3.47,3.28,165.0
702579,上櫃,11.1,11.5,252.0
702580,上櫃,1.75,1.71,66.0
702581,上櫃,0.0,0.0,0.0
702582,上櫃,2.06,2.03,651.0
702583,上櫃,2.34,2.3,6.0
702584,上櫃,0.0,0.0,0.0
702585,上櫃,0.0,0.0,0.0
702586,上櫃,0.0,0.0,0.0
702587,上櫃,1.7,1.62,248.0
702588,上櫃,1.27,1.19,59.0
702589,上櫃,1.6,1.39,418.0
702590,上櫃,2.23,1.99,37.0
702591,上櫃,2.22,1.93,116.0
702592,上櫃,2.35,2.12,139.0
702593,上櫃,2.31,2.1,215.0
702594,上櫃,1.6,1.58,28.0
702595,上櫃,1.07,1.07,3.0
702596,上櫃,0.0,0.0,0.0
702597,上櫃,3.28,3.27,32.0
702598,上櫃,0.0,0.0,0.0
702599,上櫃,2.87,2.96,743.0
702600,上櫃,1.51,1.67,2095.0
702601,上櫃,0.59,0.5,40.0
702602,上櫃,1.58,1.55,20.0
702603,上櫃,0.42,0.42,10.0
702604,上櫃,1.0,0.98,2094.0
702605,上櫃,0.53,0.51,77.0
702606,上櫃,0.0,0.0,0.0
702607,上櫃,0.88,0.86,330.0
702608,上櫃,0.61,0.57,6.0
702609,上櫃,0.69,0.6,34.0
702610,上櫃,0.92,0.86,182.0
702611,上櫃,0.73,0.73,72.0
702612,上櫃,1.06,0.94,812.0
702613,上櫃,1.11,1.0,199.0
702614,上櫃,2.78,2.74,41.0
702615,上櫃,1.72,1.58,226.0
702616,上櫃,1.61,1.65,64.0
702617,上櫃,1.79,1.75,325.0
702618,上櫃,1.78,1.58,136.0
702619,上櫃,1.41,1.26,4217.0
702620,上櫃,3.2,2.78,393.0
702621,上櫃,0.0,0.0,0.0
702622,上櫃,3.95,3.64,60.0
702623,上櫃,0.6,0.57,394.0
702624,上櫃,1.3,1.17,20.0
702625,上櫃,0.42,0.4,72.0
702626,上櫃,0.9,0.75,778.0
702627,上櫃,1.08,0.94,3040.0
702628,上櫃,7.0,7.0,38.0
702629,上櫃,0.0,0.0,0.0
702630,上櫃,9.7,8.95,215.0
702631,上櫃,0.0,0.0,0.0
702632,上櫃,3.49,3.01,2.0
702633,上櫃,1.26,1.25,135.0
702634,上櫃,2.73,2.84,567.0
702635,上櫃,2.36,2.32,55.0
702636,上櫃,2.2,2.12,14.0
702637,上櫃,6.05,5.4,7.0
702638,上櫃,0.0,0.0,0.0
702639,上櫃,1.74,1.77,1791.0
702640,上櫃,1.83,2.35,522.0
702641,上櫃,0.62,0.57,355.0
702642,上櫃,1.53,1.4,92.0
702643,上櫃,3.66,3.68,64.0
702644,上櫃,0.0,0.0,0.0
702645,上櫃,0.0,0.0,0.0
702646,上櫃,0.0,0.0,0.0
702647,上櫃,0.85,0.72,1812.0
702648,上櫃,1.22,1.18,288.0
702649,上櫃,2.31,1.95,117.0
702650,上櫃,1.35,1.24,5.0
702651,上櫃,0.0,0.0,0.0
702652,上櫃,0.8,0.8,1.0
702653,上櫃,2.98,3.17,132.0
702654,上櫃,0.0,0.0,0.0
702655,上櫃,1.1,1.05,165.0
702656,上櫃,1.03,0.95,34.0
702657,上櫃,1.93,1.62,174.0
702658,上櫃,1.21,1.06,289.0
702659,上櫃,1.03,0.93,747.0
702660,上櫃,1.18,0.97,59.0
702661,上櫃,4.44,4.3,18.0
702662,上櫃,0.0,0.0,0.0
702663,上櫃,0.9,0.9,30.0
702664,上櫃,1.48,1.26,9.0
702665,上櫃,0.0,0.0,0.0
702666,上櫃,0.99,0.84,332.0
702667,上櫃,0.54,0.47,654.0
702668,上櫃,3.56,3.51,60.0
702669,上櫃,3.59,2.89,41.0
702670,上櫃,3.52,2.91,34.0
702671,上櫃,1.13,1.02,113.0
702672,上櫃,0.0,0.0,0.0
702673,上櫃,1.65,1.61,24.0
702674,上櫃,0.75,0.75,8.0
702675,上櫃,3.09,2.72,15.0
702676,上櫃,1.84,1.6,90.0
702677,上櫃,1.39,1.39,20.0
702678,上櫃,0.47,0.46,92.0
702679,上櫃,0.0,0.0,0.0
702680,上櫃,2.65,2.65,35.0
702681,上櫃,2.48,2.54,79.0
702682,上櫃,2.68,2.64,64.0
702683,上櫃,0.97,0.94,54.0
702684,上櫃,0.0,0.0,0.0
702685,上櫃,3.83,3.48,33.0
702686,上櫃,0.84,0.84,17.0
702687,上櫃,2.97,3.39,72.0
702688,上櫃,0.94,0.94,57.0
702689,上櫃,0.79,0.79,4.0
702690,上櫃,3.76,3.49,13.0
702691,上櫃,2.59,2.74,26.0
702692,上櫃,0.0,0.0,0.0
702693,上櫃,1.19,1.16,44.0
702694,上櫃,2.81,2.41,48.0
702695,上櫃,4.56,4.2,176.0
702696,上櫃,1.68,1.65,50.0
702697,上櫃,0.0,0.0,0.0
702698,上櫃,10.2,10.0,105.0
702699,上櫃,0.65,0.65,20.0
702700,上櫃,0.0,0.0,0.0
702701,上櫃,2.84,2.54,197.0
702702,上櫃,0.91,0.88,65.0
702703,上櫃,0.0,0.0,0.0
702704,上櫃,1.57,1.37,293.0
702705,上櫃,0.86,0.86,2.0
702706,上櫃,4.01,4.09,6.0
702707,上櫃,0.0,0.0,0.0
702708,上櫃,1.69,1.58,74.0
702709,上櫃,5.6,5.55,2.0
702710,上櫃,2.99,2.66,55.0
702711,上櫃,2.62,2.1,218.0
702712,上櫃,0.37,0.33,345.0
702713,上櫃,0.65,0.63,14.0
702714,上櫃,0.48,0.45,141.0
702715,上櫃,0.09,0.09,20.0
702716,上櫃,0.2,0.2,20.0
702717,上櫃,1.72,1.43,274.0
702718,上櫃,0.0,0.0,0.0
702719,上櫃,0.51,0.46,49.0
702720,上櫃,3.86,3.44,225.0
702721,上櫃,3.68,3.26,176.0
702722,上櫃,0.81,0.75,88.0
702723,上櫃,1.66,1.14,762.0
702724,上櫃,1.27,1.04,492.0
702725,上櫃,0.0,0.0,0.0
702726,上櫃,1.59,1.56,155.0
702727,上櫃,1.3,1.2,631.0
702728,上櫃,1.0,0.99,42.0
702729,上櫃,0.0,0.0,0.0
702730,上櫃,1.16,1.13,76.0
702731,上櫃,2.39,2.1,252.0
702732,上櫃,0.0,0.0,0.0
702733,上櫃,0.0,0.0,0.0
702734,上櫃,1.71,1.6,170.0
702735,上櫃,2.25,1.95,44.0
702736,上櫃,0.56,0.51,590.0
702737,上櫃,7.85,7.85,1.0
702738,上櫃,1.52,1.52,3.0
702739,上櫃,3.42,3.07,8.0
702740,上櫃,2.14,2.14,1.0
702741,上櫃,1.22,1.16,24.0
702742,上櫃,1.17,1.01,28.0
702743,上櫃,1.23,1.18,41.0
702744,上櫃,3.01,2.83,31.0
702745,上櫃,0.45,0.48,100.0
702746,上櫃,6.75,6.75,91.0
702747,上櫃,0.0,0.0,0.0
702748,上櫃,0.0,0.0,0.0
702749,上櫃,0.58,0.58,21.0
702750,上櫃,0.0,0.0,0.0
702751,上櫃,0.78,0.76,36.0
702752,上櫃,0.7,0.71,73.0
702753,上櫃,1.46,1.49,264.0
702754,上櫃,0.0,0.0,0.0
702755,上櫃,0.0,0.0,0.0
702756,上櫃,4.2,4.2,2.0
702757,上櫃,0.0,0.0,0.0
702758,上櫃,2.31,2.31,24.0
702759,上櫃,1.69,1.69,20.0
702760,上櫃,1.5,1.5,5.0
702761,上櫃,0.0,0.0,0.0
702762,上櫃,0.0,0.0,0.0
702763,上櫃,0.0,0.0,0.0
702764,上櫃,1.03,1.02,2.0
702765,上櫃,1.06,0.94,36.0
702766,上櫃,0.38,0.39,234.0
702767,上櫃,0.49,0.5,70.0
702768,上櫃,2.63,2.47,17.0
702769,上櫃,9.6,9.15,6.0
702770,上櫃,0.48,0.48,10.0
702771,上櫃,1.61,1.54,246.0
702772,上櫃,2.96,2.66,147.0
702773,上櫃,2.02,1.86,219.0
702774,上櫃,0.0,0.0,0.0
702775,上櫃,0.0,0.0,0.0
702776,上櫃,1.57,1.57,9.0
702777,上櫃,2.43,2.43,9.0
702778,上櫃,2.4,2.11,101.0
702779,上櫃,0.0,0.0,0.0
702780,上櫃,3.07,2.78,58.0
702781,上櫃,5.6,5.4,20.0
702782,上櫃,4.26,3.21,81.0
702783,上櫃,0.0,0.0,0.0
702784,上櫃,5.4,6.1,19.0
702785,上櫃,1.36,1.38,75.0
702786,上櫃,3.0,3.23,4.0
702787,上櫃,1.72,1.73,537.0
702788,上櫃,1.63,1.44,49.0
702789,上櫃,0.0,0.0,0.0
702790,上櫃,0.0,0.0,0.0
702791,上櫃,1.06,1.04,221.0
702792,上櫃,0.0,0.0,0.0
702793,上櫃,0.0,0.0,0.0
702794,上櫃,1.9,1.9,14.0
702795,上櫃,1.23,1.23,5.0
702796,上櫃,1.62,1.58,127.0
702797,上櫃,4.02,3.76,69.0
702798,上櫃,0.0,0.0,0.0
702799,上櫃,6.35,5.8,39.0
702800,上櫃,1.28,1.15,191.0
702801,上櫃,2.93,2.75,6.0
702802,上櫃,0.91,0.81,391.0
702803,上櫃,1.98,1.81,237.0
702804,上櫃,0.0,0.0,0.0
702805,上櫃,0.0,0.0,0.0
702806,上櫃,3.72,3.72,58.0
702807,上櫃,1.19,1.09,314.0
702808,上櫃,0.0,0.0,0.0
702809,上櫃,1.37,1.28,311.0
702810,上櫃,0.45,0.45,20.0
702811,上櫃,0.42,0.46,350.0
702812,上櫃,3.03,2.64,24.0
702813,上櫃,1.67,1.67,3.0
702814,上櫃,0.0,0.0,0.0
702815,上櫃,1.34,1.34,10.0
702816,上櫃,1.34,1.31,20.0
702817,上櫃,0.0,0.0,0.0
702818,上櫃,1.83,2.2,62.0
702819,上櫃,3.02,3.1,240.0
702820,上櫃,1.19,1.19,2.0
702821,上櫃,0.0,0.0,0.0
702822,上櫃,4.43,3.73,35.0
702823,上櫃,0.0,0.0,0.0
702824,上櫃,1.97,1.86,65.0
702825,上櫃,0.0,0.0,0.0
702826,上櫃,3.28,3.28,3.0
702827,上櫃,2.25,2.05,204.0
702828,上櫃,0.52,0.52,41.0
702829,上櫃,0.0,0.0,0.0
702830,上櫃,0.9,0.87,121.0
702831,上櫃,0.0,0.0,0.0
702832,上櫃,7.0,7.0,7.0
702833,上櫃,3.44,3.34,18.0
702834,上櫃,1.78,1.78,20.0
702835,上櫃,2.13,2.13,10.0
702836,上櫃,0.59,0.67,142.0
702837,上櫃,0.0,0.0,0.0
702838,上櫃,0.98,0.98,12.0
702839,上櫃,2.55,2.49,45.0
702840,上櫃,3.59,3.47,89.0
702841,上櫃,7.5,7.5,2.0
702842,上櫃,1.14,1.08,52.0
702843,上櫃,1.07,1.07,36.0
702844,上櫃,1.65,1.55,15.0
702845,上櫃,0.0,0.0,0.0
702846,上櫃,6.35,6.0,500.0
702847,上櫃,0.0,0.0,0.0
702848,上櫃,0.84,0.84,6.0
702849,上櫃,0.0,0.0,0.0
702850,上櫃,0.69,0.66,25.0
702851,上櫃,1.73,1.47,35.0
702852,上櫃,0.0,0.0,0.0
702853,上櫃,1.69,1.69,144.0
702854,上櫃,0.83,0.81,70.0
702855,上櫃,0.0,0.0,0.0
702856,上櫃,0.0,0.0,0.0
702857,上櫃,2.46,2.36,93.0
702858,上櫃,3.66,3.43,23.0
702859,上櫃,0.0,0.0,0.0
702860,上櫃,0.0,0.0,0.0
702861,上櫃,3.27,3.18,13.0
702862,上櫃,1.23,1.23,2.0
702863,上櫃,1.39,1.39,40.0
702864,上櫃,2.55,2.11,7.0
702865,上櫃,3.32,2.87,61.0
702866,上櫃,4.15,3.97,9.0
702867,上櫃,0.66,0.7,399.0
702868,上櫃,1.36,1.36,20.0
702869,上櫃,11.4,11.4,27.0
702870,上櫃,1.57,1.65,189.0
702871,上櫃,0.0,0.0,0.0
702872,上櫃,0.0,0.0,0.0
702873,上櫃,0.84,0.71,182.0
702874,上櫃,0.0,0.0,0.0
702875,上櫃,4.85,4.42,18.0
702876,上櫃,5.2,5.2,2.0
702877,上櫃,2.13,2.06,68.0
702878,上櫃,0.0,0.0,0.0
702879,上櫃,0.0,0.0,0.0
702880,上櫃,2.22,2.07,276.0
702881,上櫃,1.55,1.52,241.0
702882,上櫃,0.0,0.0,0.0
702883,上櫃,1.53,1.29,188.0
702884,上櫃,1.47,1.25,713.0
702885,上櫃,1.97,1.79,259.0
702886,上櫃,1.39,1.3,246.0
702887,上櫃,3.03,3.03,10.0
702888,上櫃,1.75,1.61,128.0
702889,上櫃,0.0,0.0,0.0
702890,上櫃,0.0,0.0,0.0
702891,上櫃,2.03,2.03,10.0
702892,上櫃,0.0,0.0,0.0
702893,上櫃,0.0,0.0,0.0
702894,上櫃,0.0,0.0,0.0
702895,上櫃,0.0,0.0,0.0
702896,上櫃,2.95,2.78,67.0
702897,上櫃,2.91,2.91,100.0
702898,上櫃,3.03,3.03,2.0
702899,上櫃,1.95,1.76,303.0
702900,上櫃,2.24,2.3,9.0
702901,上櫃,0.9,0.82,67.0
702902,上櫃,2.08,1.98,166.0
702903,上櫃,2.29,2.31,160.0
702904,上櫃,0.95,0.95,4.0
702905,上櫃,13.2,12.1,47.0
702906,上櫃,0.84,0.82,811.0
702907,上櫃,1.36,1.42,13.0
702908,上櫃,4.68,4.39,68.0
702909,上櫃,0.77,0.76,21.0
702910,上櫃,0.89,0.9,352.0
702911,上櫃,1.2,1.14,51.0
702912,上櫃,0.81,0.74,574.0
702913,上櫃,2.07,2.07,4.0
702914,上櫃,0.67,0.69,6.0
702915,上櫃,2.48,2.15,109.0
702916,上櫃,2.69,2.72,50.0
702917,上櫃,0.66,0.65,1933.0
702918,上櫃,2.47,2.36,6.0
702919,上櫃,1.13,1.1,60.0
702920,上櫃,4.82,4.35,229.0
702921,上櫃,1.65,1.53,50.0
702922,上櫃,1.35,1.27,162.0
702923,上櫃,0.79,0.7,177.0
702924,上櫃,0.0,0.0,0.0
702925,上櫃,1.63,1.63,30.0
702926,上櫃,1.27,1.15,1511.0
702927,上櫃,0.62,0.64,47.0
702928,上櫃,0.74,0.65,129.0
702929,上櫃,2.71,2.6,160.0
702930,上櫃,4.37,3.84,62.0
702931,上櫃,3.25,3.07,198.0
702932,上櫃,3.53,3.72,4.0
702933,上櫃,3.02,2.89,63.0
702934,上櫃,0.0,0.0,0.0
702935,上櫃,1.83,1.83,15.0
702936,上櫃,0.89,0.81,110.0
702937,上櫃,2.36,2.22,40.0
702938,上櫃,2.25,2.25,9.0
702939,上櫃,0.0,0.0,0.0
702940,上櫃,2.65,2.95,6.0
702941,上櫃,3.03,2.79,143.0
702942,上櫃,3.67,3.48,115.0
702943,上櫃,2.67,2.69,54.0
702944,上櫃,1.39,1.45,44.0
702945,上櫃,0.98,0.98,17.0
702946,上櫃,2.13,2.11,330.0
702947,上櫃,2.96,3.21,142.0
702948,上櫃,0.0,0.0,0.0
702949,上櫃,3.4,3.3,341.0
702950,上櫃,1.7,1.6,6.0
702951,上櫃,1.14,1.14,21.0
702952,上櫃,2.39,1.74,97.0
702953,上櫃,0.75,0.67,72.0
702954,上櫃,2.59,2.5,10.0
702955,上櫃,1.42,1.26,73.0
702956,上櫃,1.02,1.05,160.0
702957,上櫃,0.87,0.87,183.0
702958,上櫃,0.7,0.7,1.0
702959,上櫃,0.0,0.0,0.0
702960,上櫃,1.36,1.27,151.0
702961,上櫃,0.0,0.0,0.0
702962,上櫃,0.0,0.0,0.0
702963,上櫃,1.05,0.98,7.0
702964,上櫃,0.0,0.0,0.0
702965,上櫃,1.9,1.69,76.0
702966,上櫃,0.0,0.0,0.0
702967,上櫃,3.21,2.72,70.0
702968,上櫃,0.0,0.0,0.0
702969,上櫃,7.8,7.75,586.0
702970,上櫃,0.0,0.0,0.0
702971,上櫃,2.18,1.98,3.0
702972,上櫃,4.49,4.27,16.0
702973,上櫃,0.0,0.0,0.0
702974,上櫃,0.0,0.0,0.0
702975,上櫃,1.77,1.68,20.0
702976,上櫃,0.0,0.0,0.0
702977,上櫃,1.53,1.53,2.0
702978,上櫃,3.08,2.72,262.0
702979,上櫃,0.82,0.85,351.0
702980,上櫃,0.0,0.0,0.0
702981,上櫃,1.36,1.2,22.0
702982,上櫃,0.75,0.75,237.0
702983,上櫃,0.0,0.0,0.0
702984,上櫃,0.82,0.82,558.0
702985,上櫃,1.03,0.97,152.0
702986,上櫃,0.7,0.7,187.0
702987,上櫃,3.44,3.22,12.0
702988,上櫃,2.51,2.51,5.0
702989,上櫃,1.04,1.0,39.0
702990,上櫃,0.0,0.0,0.0
702991,上櫃,2.78,2.65,243.0
702992,上櫃,2.87,2.25,30.0
702993,上櫃,0.0,0.0,0.0
702994,上櫃,0.88,0.82,286.0
702995,上櫃,4.14,3.95,59.0
702996,上櫃,0.0,0.0,0.0
702997,上櫃,4.72,4.79,37.0
702998,上櫃,0.0,0.0,0.0
702999,上櫃,1.56,1.56,263.0
703000,上櫃,1.79,1.8,25.0
703001,上櫃,2.26,2.24,3.0
703002,上櫃,1.11,1.11,20.0
703003,上櫃,1.5,1.34,16.0
703004,上櫃,2.0,2.0,10.0
703005,上櫃,0.0,0.0,0.0
703006,上櫃,0.0,0.0,0.0
703007,上櫃,1.63,1.6,25.0
703008,上櫃,4.04,3.59,14.0
703009,上櫃,0.0,0.0,0.0
703010,上櫃,0.0,0.0,0.0
703011,上櫃,1.83,1.86,153.0
703012,上櫃,1.57,1.44,60.0
703013,上櫃,0.0,0.0,0.0
703014,上櫃,1.75,1.75,20.0
703015,上櫃,1.86,1.88,5.0
703016,上櫃,0.0,0.0,0.0
703017,上櫃,0.74,0.74,152.0
703018,上櫃,0.7,0.63,130.0
703019,上櫃,3.13,2.86,309.0
703020,上櫃,3.16,2.76,20.0
703021,上櫃,0.0,0.0,0.0
703022,上櫃,3.83,3.58,56.0
703023,上櫃,2.7,2.78,947.0
703024,上櫃,1.91,1.96,140.0
703025,上櫃,1.4,1.46,271.0
703026,上櫃,1.94,1.88,18.0
703027,上櫃,0.0,0.0,0.0
703028,上櫃,0.0,0.0,0.0
703029,上櫃,3.89,3.89,2.0
703030,上櫃,1.25,1.25,43.0
703031,上櫃,1.63,1.55,45.0
703032,上櫃,0.0,0.0,0.0
703033,上櫃,1.49,1.49,1.0
703034,上櫃,0.7,0.7,10.0
703035,上櫃,4.9,4.37,11.0
703036,上櫃,0.65,0.6,81.0
703037,上櫃,0.0,0.0,0.0
703038,上櫃,0.0,0.0,0.0
703039,上櫃,3.21,3.7,86.0
703040,上櫃,3.71,4.29,42.0
703041,上櫃,1.47,1.47,46.0
703042,上櫃,8.2,8.5,10.0
703043,上櫃,0.63,0.57,173.0
703044,上櫃,0.0,0.0,0.0
703045,上櫃,0.56,0.56,21.0
703046,上櫃,1.91,1.81,65.0
703047,上櫃,1.77,1.74,30.0
703048,上櫃,1.13,1.0,255.0
703049,上櫃,4.32,3.96,164.0
703050,上櫃,9.55,9.45,31.0
703051,上櫃,0.99,0.92,73.0
703052,上櫃,0.92,0.87,35.0
703053,上櫃,1.19,1.09,140.0
703054,上櫃,1.64,1.64,35.0
703055,上櫃,1.02,0.92,369.0
703056,上櫃,1.35,1.3,31.0
703057,上櫃,1.4,1.37,91.0
703058,上櫃,2.12,2.12,4.0
703059,上櫃,3.95,3.23,60.0
703060,上櫃,1.58,1.34,61.0
703061,上櫃,2.62,2.63,110.0
703062,上櫃,1.57,1.5,2.0
703063,上櫃,2.35,2.27,102.0
703064,上櫃,3.63,3.63,2.0
703065,上櫃,0.0,0.0,0.0
703066,上櫃,2.55,2.32,31.0
703067,上櫃,1.04,0.95,154.0
703068,上櫃,2.76,2.58,45.0
703069,上櫃,0.0,0.0,0.0
703070,上櫃,3.14,2.8,253.0
703071,上櫃,11.8,11.5,33.0
703072,上櫃,0.0,0.0,0.0
703073,上櫃,0.0,0.0,0.0
703074,上櫃,2.64,2.41,22.0
703075,上櫃,1.28,1.17,222.0
703076,上櫃,0.0,0.0,0.0
703077,上櫃,1.38,1.38,12.0
703078,上櫃,0.71,0.64,25.0
703079,上櫃,0.42,0.4,207.0
703080,上櫃,1.64,1.5,272.0
703081,上櫃,0.0,0.0,0.0
703082,上櫃,1.38,1.19,529.0
703083,上櫃,1.29,1.12,415.0
703084,上櫃,1.08,1.14,114.0
703085,上櫃,1.51,1.4,356.0
703086,上櫃,1.97,1.49,185.0
703087,上櫃,1.08,1.1,751.0
703088,上櫃,6.7,6.6,26.0
703089,上櫃,1.73,1.73,54.0
703090,上櫃,1.66,1.48,212.0
703091,上櫃,2.35,2.35,2.0
703092,上櫃,0.0,0.0,0.0
703093,上櫃,0.64,0.61,64.0
703094,上櫃,0.72,0.65,682.0
703095,上櫃,0.0,0.0,0.0
703096,上櫃,0.0,0.0,0.0
703097,上櫃,2.86,2.63,96.0
703098,上櫃,0.0,0.0,0.0
703099,上櫃,15.5,15.5,30.0
703100,上櫃,0.45,0.45,154.0
703101,上櫃,4.82,4.2,140.0
703102,上櫃,3.91,3.91,1.0
703103,上櫃,0.84,0.76,285.0
703104,上櫃,1.12,1.07,450.0
703105,上櫃,1.33,1.19,716.0
703106,上櫃,3.12,3.12,2.0
703107,上櫃,2.91,2.91,11.0
703108,上櫃,0.0,0.0,0.0
703109,上櫃,0.0,0.0,0.0
703110,上櫃,2.6,2.46,131.0
703111,上櫃,1.68,1.68,2.0
703112,上櫃,0.0,0.0,0.0
703113,上櫃,0.94,0.9,105.0
703114,上櫃,0.88,0.79,196.0
703115,上櫃,0.0,0.0,0.0
703116,上櫃,0.82,0.75,24.0
703117,上櫃,0.77,0.7,31.0
703118,上櫃,1.51,1.56,88.0
703119,上櫃,1.89,1.77,97.0
703120,上櫃,0.71,0.71,86.0
703121,上櫃,0.0,0.0,0.0
703122,上櫃,0.0,0.0,0.0
703123,上櫃,2.1,1.99,36.0
703124,上櫃,2.05,2.05,31.0
703125,上櫃,1.27,1.27,42.0
703126,上櫃,1.53,1.42,150.0
703127,上櫃,1.17,1.17,30.0
703128,上櫃,1.75,1.75,9.0
703129,上櫃,0.68,0.68,8.0
703130,上櫃,0.79,0.71,428.0
703131,上櫃,1.12,1.22,203.0
703132,上櫃,0.67,0.71,681.0
703133,上櫃,0.63,0.59,504.0
703134,上櫃,0.0,0.0,0.0
703135,上櫃,0.68,0.68,5.0
703136,上櫃,0.76,0.79,114.0
703137,上櫃,0.59,0.6,78.0
703138,上櫃,0.97,0.98,115.0
703139,上櫃,0.75,0.66,482.0
703140,上櫃,4.97,5.15,46.0
703141,上櫃,0.73,0.64,52.0
703142,上櫃,2.96,2.98,99.0
703143,上櫃,1.48,1.07,11.0
703144,上櫃,1.17,1.05,79.0
703145,上櫃,0.74,0.74,23.0
703146,上櫃,5.5,5.35,1179.0
703147,上櫃,0.0,0.0,0.0
703148,上櫃,1.41,1.41,28.0
703149,上櫃,1.41,1.37,95.0
703150,上櫃,1.04,1.05,133.0
703151,上櫃,1.07,0.94,826.0
703152,上櫃,1.92,1.92,32.0
703153,上櫃,1.71,1.74,16.0
703154,上櫃,1.48,1.48,2.0
703155,上櫃,0.0,0.0,0.0
703156,上櫃,1.28,1.28,70.0
703157,上櫃,1.65,1.53,36.0
703158,上櫃,0.0,0.0,0.0
703159,上櫃,0.0,0.0,0.0
703160,上櫃,0.0,0.0,0.0
703161,上櫃,4.71,4.34,102.0
703162,上櫃,0.76,0.72,38.0
703163,上櫃,0.83,0.83,48.0
703164,上櫃,1.35,1.16,236.0
703165,上櫃,2.37,2.37,23.0
703166,上櫃,1.3,1.14,25.0
703167,上櫃,0.88,0.76,364.0
703168,上櫃,1.13,1.06,35.0
703169,上櫃,0.97,0.78,337.0
703170,上櫃,0.75,0.75,20.0
703171,上櫃,1.65,1.5,301.0
703172,上櫃,3.42,3.3,625.0
703173,上櫃,3.12,2.84,685.0
703174,上櫃,0.6,0.6,2.0
703175,上櫃,0.91,0.91,22.0
703176,上櫃,1.22,1.08,192.0
703177,上櫃,2.74,2.3,4.0
703178,上櫃,0.0,0.0,0.0
703179,上櫃,0.0,0.0,0.0
703180,上櫃,0.71,0.71,7.0
703181,上櫃,1.54,1.54,16.0
703182,上櫃,1.06,1.06,350.0
703183,上櫃,2.38,2.01,44.0
703184,上櫃,2.56,2.27,155.0
703185,上櫃,3.52,3.57,96.0
703186,上櫃,2.75,2.75,5.0
703187,上櫃,0.0,0.0,0.0
703188,上櫃,0.93,0.93,15.0
703189,上櫃,3.31,3.31,6.0
703190,上櫃,1.94,1.58,138.0
703191,上櫃,0.0,0.0,0.0
703192,上櫃,0.0,0.0,0.0
703193,上櫃,0.0,0.0,0.0
703194,上櫃,1.74,1.53,322.0
703195,上櫃,0.0,0.0,0.0
703196,上櫃,4.56,4.18,96.0
703197,上櫃,1.92,2.06,14.0
703198,上櫃,0.0,0.0,0.0
703199,上櫃,0.0,0.0,0.0
703200,上櫃,1.48,1.52,240.0
703201,上櫃,0.68,0.63,46.0
703202,上櫃,0.57,0.58,673.0
703203,上櫃,0.63,0.66,243.0
703204,上櫃,1.1,1.02,337.0
703205,上櫃,1.07,1.01,3254.0
703206,上櫃,2.68,2.33,156.0
703207,上櫃,2.32,2.32,32.0
703208,上櫃,0.0,0.0,0.0
703209,上櫃,5.05,5.1,225.0
703210,上櫃,6.15,6.15,40.0
703211,上櫃,1.29,1.37,2280.0
703212,上櫃,1.7,1.54,35.0
703213,上櫃,0.0,0.0,0.0
703214,上櫃,0.0,0.0,0.0
703215,上櫃,2.36,1.72,224.0
703216,上櫃,0.71,0.53,348.0
703217,上櫃,4.28,4.17,11.0
703218,上櫃,0.37,0.37,35.0
703219,上櫃,1.77,1.77,10.0
703220,上櫃,1.49,1.16,55.0
703221,上櫃,3.0,2.65,43.0
703222,上櫃,4.64,4.64,30.0
703223,上櫃,0.0,0.0,0.0
703224,上櫃,0.0,0.0,0.0
703225,上櫃,1.22,1.22,1.0
703226,上櫃,0.0,0.0,0.0
703227,上櫃,1.12,1.09,33.0
703228,上櫃,0.0,0.0,0.0
703229,上櫃,2.62,2.62,1.0
703230,上櫃,3.16,3.16,12.0
703231,上櫃,0.6,0.66,11.0
703232,上櫃,2.11,2.07,39.0
703233,上櫃,3.06,3.42,46.0
703234,上櫃,2.06,2.09,21.0
703235,上櫃,1.48,1.34,251.0
703236,上櫃,1.12,1.05,54.0
703237,上櫃,0.85,0.8,17.0
703238,上櫃,2.22,2.04,120.0
703239,上櫃,2.89,2.47,705.0
703240,上櫃,0.0,0.0,0.0
703241,上櫃,2.65,2.42,132.0
703242,上櫃,0.0,0.0,0.0
703243,上櫃,0.51,0.5,231.0
703244,上櫃,0.0,0.0,0.0
703245,上櫃,0.97,0.8,755.0
703246,上櫃,1.39,1.17,1447.0
703247,上櫃,1.69,1.64,159.0
703248,上櫃,0.0,0.0,0.0
703249,上櫃,0.78,0.78,1.0
703250,上櫃,0.0,0.0,0.0
703251,上櫃,0.3,0.33,65.0
703252,上櫃,3.07,3.06,51.0
703253,上櫃,2.11,2.02,67.0
703254,上櫃,2.13,2.05,71.0
703255,上櫃,1.76,1.69,634.0
703256,上櫃,2.24,2.57,66.0
703257,上櫃,0.73,0.67,667.0
703258,上櫃,1.36,1.3,149.0
703259,上櫃,0.62,0.59,1383.0
703260,上櫃,0.37,0.37,10.0
703261,上櫃,5.7,5.35,80.0
703262,上櫃,1.71,1.68,30.0
703263,上櫃,1.48,1.48,25.0
703264,上櫃,0.0,0.0,0.0
703265,上櫃,1.89,1.89,20.0
703266,上櫃,0.0,0.0,0.0
703267,上櫃,0.0,0.0,0.0
703268,上櫃,0.0,0.0,0.0
703269,上櫃,0.0,0.0,0.0
703270,上櫃,0.0,0.0,0.0
703271,上櫃,0.0,0.0,0.0
703272,上櫃,0.0,0.0,0.0
703273,上櫃,0.0,0.0,0.0
703274,上櫃,6.1,6.05,5.0
703275,上櫃,5.4,6.15,235.0
703276,上櫃,0.0,0.0,0.0
703277,上櫃,1.8,1.64,30.0
703278,上櫃,3.09,3.07,92.0
703279,上櫃,0.0,0.0,0.0
703280,上櫃,0.0,0.0,0.0
703281,上櫃,1.81,1.81,11.0
703282,上櫃,2.91,2.49,120.0
703283,上櫃,2.04,1.95,69.0
703284,上櫃,4.09,4.46,137.0
703285,上櫃,3.33,3.44,37.0
703286,上櫃,0.0,0.0,0.0
703287,上櫃,0.65,0.65,1.0
703288,上櫃,1.25,1.35,35.0
703289,上櫃,0.0,0.0,0.0
703290,上櫃,1.25,1.29,483.0
703291,上櫃,2.09,2.12,26.0
703292,上櫃,2.14,2.14,5.0
703293,上櫃,2.81,2.45,448.0
703294,上櫃,2.32,2.35,22.0
703295,上櫃,1.76,1.92,275.0
703296,上櫃,3.49,3.28,1045.0
703297,上櫃,0.0,0.0,0.0
703298,上櫃,0.0,0.0,0.0
703299,上櫃,1.35,1.14,820.0
703300,上櫃,0.0,0.0,0.0
703301,上櫃,4.18,3.81,106.0
703302,上櫃,2.21,2.17,21.0
703303,上櫃,0.0,0.0,0.0
703304,上櫃,0.0,0.0,0.0
703305,上櫃,0.9,0.88,17.0
703306,上櫃,2.13,2.4,466.0
703307,上櫃,3.2,2.26,92.0
703308,上櫃,3.89,3.43,40.0
703309,上櫃,0.67,0.67,152.0
703310,上櫃,0.61,0.62,70.0
703311,上櫃,2.17,1.98,87.0
703312,上櫃,1.96,1.96,108.0
703313,上櫃,0.0,0.0,0.0
703314,上櫃,0.0,0.0,0.0
703315,上櫃,0.0,0.0,0.0
703316,上櫃,0.0,0.0,0.0
703317,上櫃,4.61,4.7,41.0
703318,上櫃,2.17,2.17,30.0
703319,上櫃,2.17,1.94,32.0
703320,上櫃,0.52,0.52,33.0
703321,上櫃,1.55,1.49,21.0
703322,上櫃,5.1,5.1,110.0
703323,上櫃,4.69,4.21,355.0
703324,上櫃,0.79,0.79,305.0
703325,上櫃,2.56,2.56,71.0
703326,上櫃,0.0,0.0,0.0
703327,上櫃,0.84,0.83,365.0
703328,上櫃,0.53,0.52,40.0
703329,上櫃,2.86,2.37,68.0
703330,上櫃,0.99,0.84,820.0
703331,上櫃,2.26,2.51,375.0
703332,上櫃,0.59,0.59,44.0
703333,上櫃,0.0,0.0,0.0
703334,上櫃,1.74,1.74,12.0
703335,上櫃,1.43,1.33,23.0
703336,上櫃,0.85,0.9,10.0
703337,上櫃,0.0,0.0,0.0
703338,上櫃,0.37,0.37,200.0
703339,上櫃,0.86,0.7,704.0
703340,上櫃,2.07,2.32,415.0
703341,上櫃,0.71,0.66,1066.0
703342,上櫃,1.32,1.13,485.0
703343,上櫃,2.88,2.97,14.0
703344,上櫃,0.0,0.0,0.0
703345,上櫃,3.12,3.12,13.0
703346,上櫃,4.07,3.47,149.0
703347,上櫃,2.11,2.11,47.0
703348,上櫃,1.17,1.17,50.0
703349,上櫃,3.71,4.21,458.0
703350,上櫃,0.0,0.0,0.0
703351,上櫃,0.0,0.0,0.0
703352,上櫃,1.68,1.37,101.0
703353,上櫃,2.02,1.89,22.0
703354,上櫃,2.02,1.9,28.0
703355,上櫃,2.03,1.99,183.0
703356,上櫃,1.68,1.53,26.0
703357,上櫃,0.0,0.0,0.0
703358,上櫃,1.78,1.59,669.0
703359,上櫃,2.62,2.34,200.0
703360,上櫃,10.0,11.1,35.0
703361,上櫃,12.1,13.4,13.0
703362,上櫃,3.36,3.73,88.0
703363,上櫃,1.47,1.18,183.0
703364,上櫃,0.0,0.0,0.0
703365,上櫃,1.71,1.63,103.0
703366,上櫃,5.1,4.73,207.0
703367,上櫃,4.23,3.89,541.0
703368,上櫃,5.95,5.5,325.0
703369,上櫃,1.03,0.96,736.0
703370,上櫃,1.84,1.56,198.0
703371,上櫃,1.13,1.11,65.0
703372,上櫃,2.07,1.98,101.0
703373,上櫃,0.0,0.0,0.0
703374,上櫃,0.0,0.0,0.0
703375,上櫃,1.73,1.72,4.0
703376,上櫃,0.0,0.0,0.0
703377,上櫃,0.0,0.0,0.0
703378,上櫃,1.84,1.8,82.0
703379,上櫃,0.0,0.0,0.0
703380,上櫃,0.9,0.79,58.0
703381,上櫃,0.0,0.0,0.0
703382,上櫃,1.77,1.47,92.0
703383,上櫃,1.55,2.86,169.0
703384,上櫃,1.59,1.22,829.0
703385,上櫃,0.0,0.0,0.0
703386,上櫃,0.81,0.7,200.0
703387,上櫃,0.42,0.41,188.0
703388,上櫃,2.06,1.79,27.0
703389,上櫃,0.54,0.5,276.0
703390,上櫃,0.0,0.0,0.0
703391,上櫃,4.63,4.56,100.0
703392,上櫃,0.0,0.0,0.0
703393,上櫃,6.9,6.9,2.0
703394,上櫃,0.0,0.0,0.0
703395,上櫃,1.89,2.04,220.0
703396,上櫃,1.23,1.38,1174.0
703397,上櫃,0.0,0.0,0.0
703398,上櫃,0.85,0.85,133.0
703399,上櫃,1.89,1.79,186.0
703400,上櫃,2.17,2.33,520.0
703401,上櫃,0.5,0.48,844.0
703402,上櫃,0.7,0.64,214.0
703403,上櫃,1.52,1.52,30.0
703404,上櫃,1.99,2.32,548.0
703405,上櫃,1.12,1.12,20.0
703406,上櫃,0.66,0.57,329.0
703407,上櫃,0.0,0.0,0.0
703408,上櫃,2.75,2.36,146.0
703409,上櫃,2.62,2.77,67.0
703410,上櫃,0.74,0.73,117.0
703411,上櫃,3.45,3.45,6.0
703412,上櫃,0.7,0.63,623.0
703413,上櫃,1.12,0.98,50.0
703414,上櫃,1.38,1.36,501.0
703415,上櫃,0.56,0.48,1277.0
703416,上櫃,0.58,0.49,3671.0
703417,上櫃,0.61,0.6,895.0
703418,上櫃,0.65,0.57,44.0
703419,上櫃,0.76,0.67,81.0
703420,上櫃,0.7,0.61,36.0
703421,上櫃,0.96,1.0,22.0
703422,上櫃,1.14,1.14,11.0
703423,上櫃,1.64,1.4,1018.0
703424,上櫃,1.34,1.25,200.0
703425,上櫃,2.19,2.16,14.0
703426,上櫃,1.36,1.36,50.0
703427,上櫃,0.0,0.0,0.0
703428,上櫃,2.33,2.22,274.0
703429,上櫃,0.0,0.0,0.0
703430,上櫃,3.58,3.08,193.0
703431,上櫃,1.77,1.77,6.0
703432,上櫃,1.17,1.19,50.0
703433,上櫃,2.6,2.35,102.0
703434,上櫃,3.45,2.8,56.0
703435,上櫃,5.0,4.51,35.0
703436,上櫃,1.09,0.97,284.0
703437,上櫃,1.51,1.26,207.0
703438,上櫃,2.58,2.35,208.0
703439,上櫃,0.8,0.8,10.0
703440,上櫃,1.76,1.73,11.0
703441,上櫃,0.0,0.0,0.0
703442,上櫃,0.99,0.99,5.0
703443,上櫃,0.0,0.0,0.0
703444,上櫃,1.14,1.14,40.0
703445,上櫃,1.23,1.23,3.0
703446,上櫃,0.0,0.0,0.0
703447,上櫃,1.34,1.36,332.0
703448,上櫃,0.0,0.0,0.0
703449,上櫃,1.43,1.35,88.0
703450,上櫃,0.0,0.0,0.0
703451,上櫃,1.94,2.08,76.0
703452,上櫃,2.06,2.08,50.0
703453,上櫃,1.55,1.25,1669.0
703454,上櫃,1.77,1.49,544.0
703455,上櫃,0.0,0.0,0.0
703456,上櫃,2.73,2.49,173.0
703457,上櫃,0.0,0.0,0.0
703458,上櫃,0.0,0.0,0.0
703459,上櫃,0.0,0.0,0.0
703460,上櫃,0.0,0.0,0.0
703461,上櫃,0.0,0.0,0.0
703462,上櫃,2.47,2.02,1901.0
703463,上櫃,0.83,0.79,315.0
703464,上櫃,0.59,0.58,37.0
703465,上櫃,0.72,0.72,126.0
703466,上櫃,0.91,0.78,350.0
703467,上櫃,0.92,0.82,28.0
703468,上櫃,0.0,0.0,0.0
703469,上櫃,1.56,1.42,472.0
703470,上櫃,1.24,1.16,827.0
703471,上櫃,1.26,1.12,2434.0
703472,上櫃,0.94,0.89,195.0
703473,上櫃,1.0,0.92,655.0
703474,上櫃,0.6,0.61,71.0
703475,上櫃,0.6,0.59,305.0
703476,上櫃,0.62,0.63,159.0
703477,上櫃,0.0,0.0,0.0
703478,上櫃,0.57,0.57,20.0
703479,上櫃,1.5,1.5,53.0
703480,上櫃,1.48,1.33,117.0
703481,上櫃,1.42,1.28,1386.0
703482,上櫃,1.81,1.72,116.0
703483,上櫃,1.14,1.07,147.0
703484,上櫃,0.58,0.58,17.0
703485,上櫃,0.0,0.0,0.0
703486,上櫃,1.13,0.96,126.0
703487,上櫃,1.21,1.18,128.0
703488,上櫃,4.71,3.99,308.0
703489,上櫃,2.42,2.44,5.0
703490,上櫃,2.03,2.03,2.0
703491,上櫃,1.69,1.67,29.0
703492,上櫃,0.0,0.0,0.0
703493,上櫃,0.0,0.0,0.0
703494,上櫃,1.15,1.07,223.0
703495,上櫃,3.14,2.72,49.0
703496,上櫃,1.94,1.65,161.0
703497,上櫃,1.64,1.44,22.0
703498,上櫃,1.83,1.85,154.0
703499,上櫃,0.0,0.0,0.0
703500,上櫃,2.97,2.48,597.0
703501,上櫃,4.87,3.88,20.0
703502,上櫃,2.3,1.6,578.0
703503,上櫃,0.0,0.0,0.0
703504,上櫃,0.0,0.0,0.0
703505,上櫃,0.0,0.0,0.0
703506,上櫃,1.91,1.91,17.0
703507,上櫃,1.56,1.47,71.0
703508,上櫃,2.53,2.56,216.0
703509,上櫃,2.88,2.98,39.0
703510,上櫃,4.0,3.96,66.0
703511,上櫃,0.0,0.0,0.0
703512,上櫃,3.0,2.95,11.0
703513,上櫃,2.0,2.0,242.0
703514,上櫃,0.0,0.0,0.0
703515,上櫃,1.87,1.59,407.0
703516,上櫃,1.3,1.2,354.0
703517,上櫃,0.78,0.71,474.0
703518,上櫃,1.19,1.24,499.0
703519,上櫃,0.73,0.71,9.0
703520,上櫃,1.8,1.69,27.0
703521,上櫃,1.67,1.4,515.0
703522,上櫃,0.64,0.64,998.0
703523,上櫃,1.22,1.26,143.0
703524,上櫃,2.58,2.26,202.0
703525,上櫃,1.3,1.3,3.0
703526,上櫃,1.0,0.89,502.0
703527,上櫃,1.01,0.91,383.0
703528,上櫃,1.04,0.96,106.0
703529,上櫃,1.19,0.92,1053.0
703530,上櫃,1.95,1.91,135.0
703531,上櫃,1.61,1.61,12.0
703532,上櫃,1.7,1.45,270.0
703533,上櫃,1.47,1.47,22.0
703534,上櫃,2.04,1.77,153.0
703535,上櫃,1.9,1.67,55.0
703536,上櫃,3.72,3.15,275.0
703537,上櫃,3.92,3.44,69.0
703538,上櫃,0.59,0.54,1803.0
703539,上櫃,1.12,1.12,524.0
703540,上櫃,3.2,2.46,113.0
703541,上櫃,0.46,0.46,10.0
703542,上櫃,0.75,0.73,35.0
703543,上櫃,2.31,2.11,13.0
703544,上櫃,0.44,0.51,988.0
703545,上櫃,0.51,0.61,370.0
703546,上櫃,1.14,1.18,302.0
703547,上櫃,1.34,1.43,694.0
703548,上櫃,1.04,1.1,89.0
703549,上櫃,1.91,1.68,31.0
703550,上櫃,2.84,2.24,278.0
703551,上櫃,1.94,1.87,28.0
703552,上櫃,0.9,0.77,260.0
703553,上櫃,0.87,0.86,630.0
703554,上櫃,0.0,0.0,0.0
703555,上櫃,1.79,1.71,119.0
703556,上櫃,1.4,1.26,67.0
703557,上櫃,2.69,2.24,1004.0
703558,上櫃,0.0,0.0,0.0
703559,上櫃,0.66,0.63,150.0
703560,上櫃,0.0,0.0,0.0
703561,上櫃,0.0,0.0,0.0
703562,上櫃,0.0,0.0,0.0
703563,上櫃,0.64,0.78,89.0
703564,上櫃,0.0,0.0,0.0
703565,上櫃,3.52,3.08,200.0
703566,上櫃,3.26,2.78,40.0
703567,上櫃,3.46,3.19,114.0
703568,上櫃,1.17,1.12,13.0
703569,上櫃,1.05,0.98,35.0
703570,上櫃,1.84,1.96,219.0
703571,上櫃,0.0,0.0,0.0
703572,上櫃,1.11,1.11,4.0
703573,上櫃,3.21,3.17,41.0
703574,上櫃,7.65,6.2,15.0
703575,上櫃,1.91,1.91,2.0
703576,上櫃,0.0,0.0,0.0
703577,上櫃,4.26,5.5,175.0
703578,上櫃,0.0,0.0,0.0
703579,上櫃,1.73,1.53,40.0
703580,上櫃,0.0,0.0,0.0
703581,上櫃,1.45,1.45,5.0
703582,上櫃,1.79,1.68,251.0
703583,上櫃,1.32,1.32,95.0
703584,上櫃,0.0,0.0,0.0
703585,上櫃,1.19,1.19,26.0
703586,上櫃,1.84,1.74,110.0
703587,上櫃,1.75,1.95,255.0
703588,上櫃,0.0,0.0,0.0
703589,上櫃,1.62,1.37,32.0
703590,上櫃,2.62,2.28,63.0
703591,上櫃,1.43,1.37,60.0
703592,上櫃,0.87,0.87,18.0
703593,上櫃,1.03,1.2,648.0
703594,上櫃,1.3,1.15,169.0
703595,上櫃,0.39,0.32,643.0
703596,上櫃,1.59,1.26,119.0
703597,上櫃,0.0,0.0,0.0
703598,上櫃,2.58,2.32,120.0
703599,上櫃,0.0,0.0,0.0
703600,上櫃,0.0,0.0,0.0
703601,上櫃,0.0,0.0,0.0
703602,上櫃,1.79,1.46,677.0
703603,上櫃,1.36,1.38,1904.0
703604,上櫃,2.22,2.0,845.0
703605,上櫃,0.6,0.6,1.0
703606,上櫃,1.28,1.19,29.0
703607,上櫃,0.56,0.56,300.0
703608,上櫃,2.57,3.04,21.0
703609,上櫃,0.84,0.79,118.0
703610,上櫃,0.65,0.66,21.0
703611,上櫃,0.76,0.76,7.0
703612,上櫃,1.88,1.88,2.0
703613,上櫃,0.93,1.01,96.0
703614,上櫃,0.86,0.79,3.0
703615,上櫃,1.38,1.25,59.0
703616,上櫃,0.0,0.0,0.0
703617,上櫃,0.75,0.75,33.0
703618,上櫃,1.13,1.06,312.0
703619,上櫃,0.85,0.8,37.0
703620,上櫃,0.0,0.0,0.0
703621,上櫃,0.42,0.42,50.0
703622,上櫃,0.0,0.0,0.0
703623,上櫃,1.12,1.06,156.0
703624,上櫃,0.0,0.0,0.0
703625,上櫃,2.41,2.4,15.0
703626,上櫃,0.0,0.0,0.0
703627,上櫃,1.63,1.67,301.0
703628,上櫃,1.71,2.11,483.0
703629,上櫃,0.0,0.0,0.0
703630,上櫃,0.0,0.0,0.0
703631,上櫃,3.56,3.56,1.0
703632,上櫃,3.94,3.66,48.0
703633,上櫃,0.0,0.0,0.0
703634,上櫃,0.0,0.0,0.0
703635,上櫃,2.41,2.14,475.0
703636,上櫃,1.34,1.34,20.0
703637,上櫃,1.84,1.68,145.0
703638,上櫃,0.76,0.65,188.0
703639,上櫃,0.0,0.0,0.0
703640,上櫃,1.45,1.43,85.0
703641,上櫃,7.15,6.35,63.0
703642,上櫃,0.74,0.77,4.0
703643,上櫃,0.92,0.92,3.0
703644,上櫃,0.0,0.0,0.0
703645,上櫃,0.59,0.51,227.0
703646,上櫃,1.48,1.48,5.0
703647,上櫃,0.41,0.41,1950.0
703648,上櫃,1.37,1.21,651.0
703649,上櫃,1.63,1.68,81.0
703650,上櫃,0.75,0.75,1.0
703651,上櫃,1.86,1.61,31.0
703652,上櫃,0.59,0.56,710.0
703653,上櫃,2.08,2.02,403.0
703654,上櫃,0.7,0.66,505.0
703655,上櫃,0.31,0.27,60.0
703656,上櫃,0.29,0.28,150.0
703657,上櫃,0.0,0.0,0.0
703658,上櫃,1.11,1.1,192.0
703659,上櫃,1.01,1.06,159.0
703660,上櫃,0.0,0.0,0.0
703661,上櫃,1.22,1.09,1096.0
703662,上櫃,1.46,1.29,165.0
703663,上櫃,3.99,3.62,13.0
703664,上櫃,1.86,1.44,111.0
703665,上櫃,1.87,1.61,141.0
703666,上櫃,0.95,0.95,56.0
703667,上櫃,1.65,1.65,5.0
703668,上櫃,4.59,3.72,112.0
703669,上櫃,1.42,1.35,221.0
703670,上櫃,0.0,0.0,0.0
703671,上櫃,4.49,4.25,2.0
703672,上櫃,0.95,0.93,85.0
703673,上櫃,0.93,0.91,873.0
703674,上櫃,0.84,0.82,212.0
703675,上櫃,1.29,1.15,2.0
703676,上櫃,0.0,0.0,0.0
703677,上櫃,0.0,0.0,0.0
703678,上櫃,1.34,1.17,232.0
703679,上櫃,2.22,2.22,1.0
703680,上櫃,0.0,0.0,0.0
703681,上櫃,1.25,1.15,10.0
703682,上櫃,0.96,0.82,361.0
703683,上櫃,1.25,1.13,16.0
703684,上櫃,0.0,0.0,0.0
703685,上櫃,1.62,1.52,90.0
703686,上櫃,4.49,4.01,52.0
703687,上櫃,1.06,1.03,39.0
703688,上櫃,2.12,2.15,5.0
703689,上櫃,1.73,1.38,78.0
703690,上櫃,1.65,1.33,2.0
703691,上櫃,1.16,1.22,110.0
703692,上櫃,0.0,0.0,0.0
703693,上櫃,0.0,0.0,0.0
703694,上櫃,2.85,2.99,85.0
703695,上櫃,4.07,3.57,351.0
703696,上櫃,1.02,1.03,41.0
703697,上櫃,2.0,1.85,119.0
703698,上櫃,2.38,2.15,7.0
703699,上櫃,0.86,0.91,12.0
703700,上櫃,0.63,0.63,46.0
703701,上櫃,0.0,0.0,0.0
703702,上櫃,0.0,0.0,0.0
703703,上櫃,0.55,0.55,29.0
703704,上櫃,2.47,1.95,171.0
703705,上櫃,3.23,3.23,6.0
703706,上櫃,3.94,3.6,50.0
703707,上櫃,0.0,0.0,0.0
703708,上櫃,4.07,3.44,41.0
703709,上櫃,3.72,3.36,656.0
703710,上櫃,3.35,2.85,1286.0
703711,上櫃,0.0,0.0,0.0
703712,上櫃,0.0,0.0,0.0
703713,上櫃,0.0,0.0,0.0
703714,上櫃,1.16,1.23,21.0
703715,上櫃,5.85,5.2,9.0
703716,上櫃,3.77,3.25,18.0
703717,上櫃,1.88,1.88,5.0
703718,上櫃,0.78,0.78,104.0
703719,上櫃,1.49,1.49,2.0
703720,上櫃,1.82,1.74,65.0
703721,上櫃,0.96,0.98,71.0
703722,上櫃,4.91,4.7,21.0
703723,上櫃,0.66,0.66,6.0
703724,上櫃,1.54,1.36,243.0
703725,上櫃,1.79,1.59,195.0
703726,上櫃,1.07,1.0,263.0
703727,上櫃,0.0,0.0,0.0
703728,上櫃,1.79,1.72,13.0
703729,上櫃,0.57,0.57,158.0
703730,上櫃,2.07,2.05,4.0
703731,上櫃,1.21,1.09,1017.0
703732,上櫃,1.22,1.2,16.0
703733,上櫃,1.22,1.22,14.0
703734,上櫃,1.79,1.72,15.0
703735,上櫃,1.64,1.42,539.0
703736,上櫃,1.83,1.63,186.0
703737,上櫃,1.61,1.53,14.0
703738,上櫃,0.74,0.76,23.0
703739,上櫃,0.0,0.0,0.0
703740,上櫃,0.0,0.0,0.0
703741,上櫃,1.32,1.26,50.0
703742,上櫃,1.74,1.79,118.0
703743,上櫃,1.99,1.95,196.0
703744,上櫃,3.0,2.1,113.0
703745,上櫃,1.59,1.36,103.0
703746,上櫃,2.93,2.82,17.0
703747,上櫃,1.07,1.02,138.0
703748,上櫃,0.0,0.0,0.0
703749,上櫃,3.14,3.23,30.0
703750,上櫃,3.23,2.61,352.0
703751,上櫃,0.9,0.88,118.0
703752,上櫃,1.56,1.42,56.0
703753,上櫃,1.68,1.63,179.0
703754,上櫃,2.9,2.85,41.0
703755,上櫃,4.97,3.52,8.0
703756,上櫃,0.35,0.33,46.0
703757,上櫃,0.0,0.0,0.0
703758,上櫃,0.0,0.0,0.0
703759,上櫃,0.0,0.0,0.0
703760,上櫃,0.0,0.0,0.0
703761,上櫃,0.0,0.0,0.0
703762,上櫃,1.25,1.12,98.0
703763,上櫃,0.0,0.0,0.0
703764,上櫃,2.08,2.21,177.0
703765,上櫃,1.04,0.87,1023.0
703766,上櫃,2.53,2.15,82.0
703767,上櫃,3.08,2.96,14.0
703768,上櫃,0.0,0.0,0.0
703769,上櫃,2.12,2.52,140.0
703770,上櫃,4.24,4.24,3.0
703771,上櫃,0.0,0.0,0.0
703772,上櫃,0.0,0.0,0.0
703773,上櫃,2.12,1.89,17.0
703774,上櫃,1.17,1.21,11.0
703775,上櫃,4.91,4.34,131.0
703776,上櫃,1.48,1.28,114.0
703777,上櫃,2.95,2.66,31.0
703778,上櫃,1.1,1.01,100.0
703779,上櫃,2.65,2.03,37.0
703780,上櫃,0.96,0.84,262.0
703781,上櫃,1.54,1.6,542.0
703782,上櫃,1.27,1.26,415.0
703783,上櫃,2.56,2.56,4.0
703784,上櫃,1.77,1.91,1289.0
703785,上櫃,3.07,2.8,23.0
703786,上櫃,1.23,1.13,81.0
703787,上櫃,0.82,0.82,7.0
703788,上櫃,1.12,1.12,20.0
703789,上櫃,2.02,1.71,49.0
703790,上櫃,1.44,1.45,10.0
703791,上櫃,1.83,1.35,392.0
703792,上櫃,1.8,1.39,648.0
703793,上櫃,1.86,1.43,431.0
703794,上櫃,0.0,0.0,0.0
703795,上櫃,1.28,1.22,94.0
703796,上櫃,1.21,1.16,284.0
703797,上櫃,0.0,0.0,0.0
703798,上櫃,0.64,0.64,8.0
703799,上櫃,3.96,3.73,32.0
703800,上櫃,2.88,2.69,41.0
703801,上櫃,0.0,0.0,0.0
703802,上櫃,3.28,3.28,18.0
703803,上櫃,0.8,0.81,31.0
703804,上櫃,0.96,0.89,51.0
703805,上櫃,1.47,1.81,266.0
703806,上櫃,0.96,1.17,797.0
703807,上櫃,2.42,2.65,108.0
703808,上櫃,0.64,0.61,379.0
703809,上櫃,2.83,2.31,235.0
703810,上櫃,2.62,2.44,194.0
703811,上櫃,0.35,0.31,271.0
703812,上櫃,2.5,2.41,20.0
703813,上櫃,0.0,0.0,0.0
703814,上櫃,2.6,2.33,256.0
703815,上櫃,0.78,0.67,135.0
703816,上櫃,0.95,0.67,202.0
703817,上櫃,0.85,0.85,50.0
703818,上櫃,1.06,0.8,1506.0
703819,上櫃,1.12,0.83,975.0
703820,上櫃,0.0,0.0,0.0
703821,上櫃,0.0,0.0,0.0
703822,上櫃,1.04,1.04,8.0
703823,上櫃,1.16,1.14,219.0
703824,上櫃,0.0,0.0,0.0
703825,上櫃,3.75,3.48,67.0
703826,上櫃,4.41,4.06,25.0
703827,上櫃,0.51,0.48,300.0
703828,上櫃,0.58,0.53,528.0
703829,上櫃,1.66,1.08,444.0
703830,上櫃,1.1,1.1,36.0
703831,上櫃,0.94,1.0,70.0
703832,上櫃,0.54,0.47,95.0
703833,上櫃,0.88,0.78,389.0
703834,上櫃,1.72,1.56,208.0
703835,上櫃,1.72,1.7,243.0
703836,上櫃,2.59,2.45,266.0
703837,上櫃,0.55,0.55,150.0
703838,上櫃,2.72,2.79,67.0
703839,上櫃,1.51,1.57,401.0
703840,上櫃,0.54,0.53,171.0
703841,上櫃,1.8,1.88,148.0
703842,上櫃,4.82,4.82,25.0
703843,上櫃,3.45,3.47,7.0
703844,上櫃,2.05,1.71,45.0
703845,上櫃,0.0,0.0,0.0
703846,上櫃,1.83,1.74,56.0
703847,上櫃,1.59,1.42,30.0
703848,上櫃,5.0,4.33,15.0
703849,上櫃,1.67,1.78,20.0
703850,上櫃,5.05,4.66,32.0
703851,上櫃,3.38,3.27,44.0
703852,上櫃,0.0,0.0,0.0
703853,上櫃,0.0,0.0,0.0
703854,上櫃,0.84,0.87,389.0
703855,上櫃,0.93,0.81,99.0
703856,上櫃,0.44,0.44,188.0
703857,上櫃,0.8,0.72,386.0
703858,上櫃,1.42,1.26,287.0
703859,上櫃,1.61,1.69,458.0
703860,上櫃,1.39,1.0,1168.0
703861,上櫃,0.95,0.86,1307.0
703862,上櫃,0.78,0.73,370.0
703863,上櫃,0.68,0.68,12.0
703864,上櫃,0.0,0.0,0.0
703865,上櫃,0.0,0.0,0.0
703866,上櫃,0.62,0.62,10.0
703867,上櫃,0.55,0.55,11.0
703868,上櫃,0.0,0.0,0.0
703869,上櫃,0.5,0.5,2.0
703870,上櫃,0.0,0.0,0.0
703871,上櫃,0.0,0.0,0.0
703872,上櫃,0.0,0.0,0.0
703873,上櫃,0.0,0.0,0.0
703874,上櫃,1.09,1.07,35.0
703875,上櫃,0.0,0.0,0.0
703876,上櫃,1.16,1.04,221.0
703877,上櫃,0.82,0.78,33.0
703878,上櫃,0.0,0.0,0.0
703879,上櫃,0.0,0.0,0.0
703880,上櫃,1.05,0.96,140.0
703881,上櫃,1.14,1.03,926.0
703882,上櫃,1.03,0.96,72.0
703883,上櫃,0.5,0.5,20.0
703884,上櫃,1.44,1.45,116.0
703885,上櫃,2.82,2.26,225.0
703886,上櫃,0.0,0.0,0.0
703887,上櫃,0.71,0.71,10.0
703888,上櫃,1.71,1.55,20.0
703889,上櫃,0.0,0.0,0.0
703890,上櫃,0.0,0.0,0.0
703891,上櫃,2.75,2.46,24.0
703892,上櫃,1.93,1.58,5.0
703893,上櫃,0.86,0.85,67.0
703894,上櫃,0.0,0.0,0.0
703895,上櫃,3.17,3.06,42.0
703896,上櫃,3.03,3.43,131.0
703897,上櫃,0.0,0.0,0.0
703898,上櫃,0.0,0.0,0.0
703899,上櫃,2.95,2.95,7.0
703900,上櫃,1.69,1.67,3.0
703901,上櫃,2.73,1.78,166.0
703902,上櫃,1.42,1.42,5.0
703903,上櫃,1.27,1.26,93.0
703904,上櫃,1.06,1.05,20.0
703905,上櫃,0.0,0.0,0.0
703906,上櫃,2.3,2.05,74.0
703907,上櫃,0.77,0.76,53.0
703908,上櫃,1.74,1.53,13.0
703909,上櫃,1.29,1.2,35.0
703910,上櫃,3.29,2.5,12.0
703911,上櫃,0.0,0.0,0.0
703912,上櫃,2.13,2.22,2.0
703913,上櫃,0.0,0.0,0.0
703914,上櫃,1.55,1.55,31.0
703915,上櫃,0.0,0.0,0.0
703916,上櫃,4.17,4.33,15.0
703917,上櫃,0.0,0.0,0.0
703918,上櫃,0.0,0.0,0.0
703919,上櫃,1.63,1.71,38.0
703920,上櫃,1.07,1.07,20.0
703921,上櫃,1.36,1.25,39.0
703922,上櫃,0.0,0.0,0.0
703923,上櫃,1.04,1.04,7.0
703924,上櫃,0.0,0.0,0.0
703925,上櫃,3.69,3.59,5.0
703926,上櫃,0.0,0.0,0.0
703927,上櫃,1.9,1.88,29.0
703928,上櫃,0.89,0.93,325.0
703929,上櫃,0.89,0.91,606.0
703930,上櫃,0.7,0.69,62.0
703931,上櫃,1.25,1.09,560.0
703932,上櫃,0.67,0.63,293.0
703933,上櫃,0.69,0.65,151.0
703934,上櫃,0.93,0.83,195.0
703935,上櫃,1.07,1.11,2416.0
703936,上櫃,0.72,0.73,306.0
703937,上櫃,0.0,0.0,0.0
703938,上櫃,0.47,0.41,368.0
703939,上櫃,0.41,0.41,340.0
703940,上櫃,0.5,0.44,15.0
703941,上櫃,0.71,0.65,25.0
703942,上櫃,1.2,1.25,122.0
703943,上櫃,0.99,0.83,1438.0
703944,上櫃,0.77,0.77,50.0
703945,上櫃,1.19,1.19,4.0
703946,上櫃,0.0,0.0,0.0
703947,上櫃,1.04,1.05,8.0
703948,上櫃,1.52,1.52,5.0
703949,上櫃,1.0,1.03,132.0
703950,上櫃,0.0,0.0,0.0
703951,上櫃,3.85,3.85,27.0
703952,上櫃,0.0,0.0,0.0
703953,上櫃,1.48,1.47,76.0
703954,上櫃,0.0,0.0,0.0
703955,上櫃,2.52,2.32,72.0
703956,上櫃,2.52,2.43,5.0
703957,上櫃,2.05,2.1,227.0
703958,上櫃,1.29,1.4,23.0
703959,上櫃,0.72,0.62,72.0
703960,上櫃,1.41,1.39,37.0
703961,上櫃,0.68,0.66,133.0
703962,上櫃,0.67,0.64,257.0
703963,上櫃,0.89,0.89,30.0
703964,上櫃,0.0,0.0,0.0
703965,上櫃,1.51,1.27,1042.0
703966,上櫃,0.94,0.94,48.0
703967,上櫃,0.69,0.69,37.0
703968,上櫃,0.81,0.79,20.0
703969,上櫃,0.71,0.74,238.0
703970,上櫃,0.8,0.82,517.0
703971,上櫃,0.52,0.52,5.0
703972,上櫃,0.83,0.81,219.0
703973,上櫃,1.03,0.97,1644.0
703974,上櫃,0.99,0.93,1154.0
703975,上櫃,0.69,0.7,25.0
703976,上櫃,0.85,0.84,451.0
703977,上櫃,0.0,0.0,0.0
703978,上櫃,0.0,0.0,0.0
703979,上櫃,0.94,0.9,296.0
703980,上櫃,0.84,0.81,202.0
703981,上櫃,0.68,0.65,78.0
703982,上櫃,0.0,0.0,0.0
703983,上櫃,0.7,0.7,20.0
703984,上櫃,0.66,0.63,315.0
703985,上櫃,1.03,0.92,47.0
703986,上櫃,1.35,1.39,87.0
703987,上櫃,0.0,0.0,0.0
703988,上櫃,1.45,1.45,27.0
703989,上櫃,1.81,1.62,106.0
703990,上櫃,1.09,1.09,12.0
703991,上櫃,0.0,0.0,0.0
703992,上櫃,0.0,0.0,0.0
703993,上櫃,1.63,1.55,153.0
703994,上櫃,1.76,1.68,9.0
703995,上櫃,0.0,0.0,0.0
703996,上櫃,1.05,1.03,1297.0
703997,上櫃,3.24,3.56,273.0
703998,上櫃,3.23,3.54,236.0
703999,上櫃,0.0,0.0,0.0
704000,上櫃,2.7,2.48,37.0
704001,上櫃,1.77,1.77,50.0
704002,上櫃,0.99,0.99,30.0
704003,上櫃,0.0,0.0,0.0
704004,上櫃,3.63,3.48,127.0
704005,上櫃,2.65,2.4,69.0
704006,上櫃,0.62,0.62,36.0
704007,上櫃,0.62,0.55,372.0
704008,上櫃,1.88,1.7,56.0
704009,上櫃,1.17,1.05,593.0
704010,上櫃,1.12,0.99,947.0
704011,上櫃,0.71,0.67,260.0
704012,上櫃,0.0,0.0,0.0
704013,上櫃,0.0,0.0,0.0
704014,上櫃,0.64,0.59,62.0
704015,上櫃,0.71,0.68,43.0
704016,上櫃,0.78,0.72,561.0
704017,上櫃,0.84,0.83,93.0
704018,上櫃,0.0,0.0,0.0
704019,上櫃,0.78,0.74,89.0
704020,上櫃,0.78,0.75,153.0
704021,上櫃,0.0,0.0,0.0
704022,上櫃,0.6,0.6,1.0
704023,上櫃,0.67,0.68,246.0
704024,上櫃,0.0,0.0,0.0
704025,上櫃,0.6,0.56,115.0
704026,上櫃,0.63,0.55,101.0
704027,上櫃,0.0,0.0,0.0
704028,上櫃,0.83,0.83,1.0
704029,上櫃,1.08,1.04,31.0
704030,上櫃,0.0,0.0,0.0
704031,上櫃,2.94,2.11,121.0
704032,上櫃,0.68,0.65,1947.0
704033,上櫃,1.48,1.48,10.0
704034,上櫃,0.83,0.73,316.0
704035,上櫃,0.43,0.43,5.0
704036,上櫃,0.0,0.0,0.0
704037,上櫃,0.71,0.67,396.0
704038,上櫃,0.44,0.41,1262.0
704039,上櫃,0.61,0.58,24.0
704040,上櫃,0.0,0.0,0.0
704041,上櫃,0.0,0.0,0.0
704042,上櫃,1.05,0.91,1077.0
704043,上櫃,0.39,0.39,100.0
704044,上櫃,0.47,0.39,61.0
704045,上櫃,0.0,0.0,0.0
704046,上櫃,0.0,0.0,0.0
704047,上櫃,1.29,1.29,10.0
704048,上櫃,1.04,1.01,40.0
704049,上櫃,0.0,0.0,0.0
704050,上櫃,2.61,2.9,24.0
704051,上櫃,2.5,2.66,455.0
704052,上櫃,0.0,0.0,0.0
704053,上櫃,0.71,0.7,17.0
704054,上櫃,1.57,1.57,3.0
704055,上櫃,1.36,1.3,107.0
704056,上櫃,0.0,0.0,0.0
704057,上櫃,2.24,2.24,1.0
704058,上櫃,1.89,2.05,106.0
704059,上櫃,0.0,0.0,0.0
704060,上櫃,2.42,1.97,147.0
704061,上櫃,1.15,1.15,19.0
704062,上櫃,1.19,1.19,79.0
704063,上櫃,1.4,1.43,135.0
704064,上櫃,0.0,0.0,0.0
704065,上櫃,0.74,0.79,68.0
704066,上櫃,1.77,1.77,25.0
704067,上櫃,2.71,2.71,20.0
704068,上櫃,2.62,2.62,13.0
704069,上櫃,1.4,1.36,10.0
704070,上櫃,1.27,1.27,7.0
704071,上櫃,2.1,1.71,33.0
704072,上櫃,1.05,1.05,3.0
704073,上櫃,0.0,0.0,0.0
704074,上櫃,0.9,0.83,1054.0
704075,上櫃,1.14,1.0,99.0
704076,上櫃,0.0,0.0,0.0
704077,上櫃,2.91,2.91,6.0
704078,上櫃,0.0,0.0,0.0
704079,上櫃,2.89,2.89,1.0
704080,上櫃,0.0,0.0,0.0
704081,上櫃,1.1,0.96,250.0
704082,上櫃,0.58,0.57,87.0
704083,上櫃,0.78,0.66,251.0
704084,上櫃,1.02,0.94,142.0
704085,上櫃,1.08,0.9,922.0
704086,上櫃,0.94,0.71,473.0
704087,上櫃,0.59,0.59,530.0
704088,上櫃,0.64,0.64,63.0
704089,上櫃,0.65,0.65,98.0
704090,上櫃,0.84,0.84,43.0
704091,上櫃,0.79,0.79,64.0
704092,上櫃,0.0,0.0,0.0
704093,上櫃,0.0,0.0,0.0
704094,上櫃,0.0,0.0,0.0
704095,上櫃,0.0,0.0,0.0
704096,上櫃,0.0,0.0,0.0
704097,上櫃,0.56,0.56,155.0
704098,上櫃,0.0,0.0,0.0
704099,上櫃,0.53,0.53,5.0
704100,上櫃,0.49,0.49,4.0
704101,上櫃,0.56,0.48,693.0
704102,上櫃,1.56,1.56,8.0
704103,上櫃,1.04,1.15,301.0
704104,上櫃,0.0,0.0,0.0
704105,上櫃,0.8,0.75,133.0
704106,上櫃,0.63,0.63,43.0
704107,上櫃,0.0,0.0,0.0
704108,上櫃,0.82,0.74,123.0
704109,上櫃,0.75,0.68,306.0
704110,上櫃,0.0,0.0,0.0
704111,上櫃,1.26,1.26,9.0
704112,上櫃,2.3,1.96,82.0
704113,上櫃,2.14,2.01,400.0
704114,上櫃,0.0,0.0,0.0
704115,上櫃,1.19,1.21,56.0
704116,上櫃,1.0,1.0,2.0
704117,上櫃,0.0,0.0,0.0
704118,上櫃,0.55,0.56,11.0
704119,上櫃,1.45,1.45,2.0
704120,上櫃,0.87,0.86,4.0
704121,上櫃,0.7,0.68,46.0
704122,上櫃,1.15,1.06,206.0
704123,上櫃,3.87,2.47,510.0
704124,上櫃,1.8,1.81,114.0
704125,上櫃,1.19,1.19,490.0
704126,上櫃,0.0,0.0,0.0
704127,上櫃,0.0,0.0,0.0
704128,上櫃,0.99,1.06,121.0
704129,上櫃,1.19,1.21,16.0
704130,上櫃,0.0,0.0,0.0
704131,上櫃,0.0,0.0,0.0
704132,上櫃,0.87,0.87,3.0
704133,上櫃,0.79,0.79,5.0
704134,上櫃,0.85,0.85,4.0
704135,上櫃,0.0,0.0,0.0
704136,上櫃,2.35,2.35,17.0
704137,上櫃,0.98,0.89,2.0
704138,上櫃,0.0,0.0,0.0
704139,上櫃,0.5,0.5,2.0
704140,上櫃,0.0,0.0,0.0
704141,上櫃,0.43,0.43,425.0
704142,上櫃,0.42,0.38,202.0
704143,上櫃,0.75,0.68,664.0
704144,上櫃,1.99,1.71,29.0
704145,上櫃,1.66,1.48,143.0
704146,上櫃,0.91,0.83,1486.0
704147,上櫃,3.83,3.4,125.0
704148,上櫃,0.95,0.95,20.0
704149,上櫃,0.0,0.0,0.0
704150,上櫃,1.77,1.77,181.0
704151,上櫃,0.64,0.59,16.0
704152,上櫃,0.75,0.75,2.0
704153,上櫃,1.52,1.52,59.0
704154,上櫃,0.0,0.0,0.0
704155,上櫃,1.9,1.76,273.0
704156,上櫃,1.01,0.99,20.0
704157,上櫃,0.0,0.0,0.0
704158,上櫃,4.82,4.82,2.0
704159,上櫃,0.69,0.67,49.0
704160,上櫃,0.8,0.8,412.0
704161,上櫃,0.81,0.85,688.0
704162,上櫃,1.36,1.36,4.0
704163,上櫃,1.18,1.1,18.0
704164,上櫃,1.36,1.23,41.0
704165,上櫃,0.0,0.0,0.0
704166,上櫃,0.71,0.71,4.0
704167,上櫃,0.0,0.0,0.0
704168,上櫃,1.84,1.84,81.0
704169,上櫃,1.7,1.25,434.0
704170,上櫃,0.0,0.0,0.0
704171,上櫃,0.0,0.0,0.0
704172,上櫃,0.0,0.0,0.0
704173,上櫃,1.27,1.11,681.0
704174,上櫃,1.93,1.85,51.0
704175,上櫃,2.07,2.07,1.0
704176,上櫃,0.92,0.92,38.0
704177,上櫃,1.01,1.11,537.0
704178,上櫃,1.29,1.06,194.0
704179,上櫃,1.2,1.2,30.0
704180,上櫃,0.0,0.0,0.0
704181,上櫃,1.12,0.85,40.0
704182,上櫃,0.0,0.0,0.0
704183,上櫃,1.19,1.19,23.0
704184,上櫃,1.78,1.6,620.0
704185,上櫃,0.64,0.65,13.0
704186,上櫃,1.33,1.33,16.0
704187,上櫃,0.0,0.0,0.0
704188,上櫃,2.12,1.95,13.0
704189,上櫃,4.82,4.82,1.0
704190,上櫃,2.89,2.35,136.0
704191,上櫃,1.63,1.44,61.0
704192,上櫃,0.0,0.0,0.0
704193,上櫃,0.63,0.63,4.0
704194,上櫃,0.0,0.0,0.0
704195,上櫃,1.61,1.63,74.0
704196,上櫃,0.0,0.0,0.0
704197,上櫃,1.12,1.13,55.0
704198,上櫃,0.0,0.0,0.0
704199,上櫃,0.97,0.93,97.0
704200,上櫃,0.0,0.0,0.0
704201,上櫃,0.61,0.61,100.0
704202,上櫃,0.0,0.0,0.0
704203,上櫃,0.7,0.7,336.0
704204,上櫃,0.0,0.0,0.0
704205,上櫃,0.68,0.67,444.0
704206,上櫃,0.66,0.65,582.0
704207,上櫃,0.63,0.63,569.0
704208,上櫃,1.01,1.0,200.0
704209,上櫃,0.93,0.92,158.0
704210,上櫃,0.0,0.0,0.0
704211,上櫃,0.94,0.89,16.0
704212,上櫃,0.73,0.7,106.0
704213,上櫃,0.0,0.0,0.0
704214,上櫃,0.0,0.0,0.0
704215,上櫃,0.64,0.64,1.0
704216,上櫃,0.0,0.0,0.0
704217,上櫃,0.0,0.0,0.0
704218,上櫃,0.57,0.57,19.0
704219,上櫃,0.67,0.59,121.0
704220,上櫃,0.0,0.0,0.0
704221,上櫃,0.79,0.82,99.0
704222,上櫃,0.75,0.72,109.0
704223,上櫃,0.0,0.0,0.0
704224,上櫃,0.54,0.53,90.0
704225,上櫃,0.84,0.82,446.0
704226,上櫃,1.62,1.49,14.0
704227,上櫃,2.38,1.68,227.0
704228,上櫃,1.38,1.3,25.0
704229,上櫃,0.95,1.07,61.0
704230,上櫃,0.0,0.0,0.0
704231,上櫃,1.71,1.63,235.0
704232,上櫃,2.68,2.41,127.0
704233,上櫃,1.5,1.43,118.0
704234,上櫃,0.75,0.71,3.0
704235,上櫃,1.05,1.05,2.0
704236,上櫃,1.09,0.94,189.0
704237,上櫃,1.26,0.94,252.0
704238,上櫃,0.64,0.55,226.0
704239,上櫃,0.52,0.52,10.0
704240,上櫃,1.2,1.03,429.0
704241,上櫃,1.18,1.01,179.0
704242,上櫃,1.22,1.05,156.0
704243,上櫃,1.27,1.12,524.0
704244,上櫃,1.09,0.95,303.0
704245,上櫃,0.55,0.55,30.0
704246,上櫃,0.0,0.0,0.0
704247,上櫃,0.57,0.58,12.0
704248,上櫃,0.67,0.53,822.0
704249,上櫃,1.35,1.17,50.0
704250,上櫃,1.21,0.91,1350.0
704251,上櫃,1.21,1.01,142.0
704252,上櫃,1.15,1.1,66.0
704253,上櫃,0.0,0.0,0.0
704254,上櫃,0.76,0.69,5.0
704255,上櫃,0.41,0.41,241.0
704256,上櫃,0.0,0.0,0.0
704257,上櫃,1.17,1.01,200.0
704258,上櫃,1.51,1.51,12.0
704259,上櫃,0.0,0.0,0.0
704260,上櫃,0.9,0.94,524.0
704261,上櫃,1.6,1.25,331.0
704262,上櫃,2.47,2.25,79.0
704263,上櫃,3.3,2.42,92.0
704264,上櫃,1.12,1.13,213.0
704265,上櫃,1.78,1.78,6.0
704266,上櫃,0.0,0.0,0.0
704267,上櫃,0.0,0.0,0.0
704268,上櫃,1.26,1.0,1168.0
704269,上櫃,2.33,1.93,236.0
704270,上櫃,0.0,0.0,0.0
704271,上櫃,1.84,1.69,16.0
704272,上櫃,1.67,1.57,25.0
704273,上櫃,0.74,0.69,67.0
704274,上櫃,0.67,0.67,552.0
704275,上櫃,1.25,1.22,10.0
704276,上櫃,0.0,0.0,0.0
704277,上櫃,0.0,0.0,0.0
704278,上櫃,1.0,0.92,425.0
704279,上櫃,1.23,1.04,389.0
704280,上櫃,0.79,0.7,180.0
704281,上櫃,0.63,0.59,290.0
704282,上櫃,0.0,0.0,0.0
704283,上櫃,0.0,0.0,0.0
704284,上櫃,0.0,0.0,0.0
704285,上櫃,0.67,0.69,28.0
704286,上櫃,0.7,0.7,22.0
704287,上櫃,0.0,0.0,0.0
704288,上櫃,0.75,0.69,117.0
704289,上櫃,0.67,0.67,32.0
704290,上櫃,0.54,0.49,24.0
704291,上櫃,0.0,0.0,0.0
704292,上櫃,0.52,0.49,41.0
704293,上櫃,0.56,0.54,50.0
704294,上櫃,0.0,0.0,0.0
704295,上櫃,0.0,0.0,0.0
704296,上櫃,0.55,0.55,9.0
704297,上櫃,0.67,0.67,30.0
704298,上櫃,0.47,0.47,30.0
704299,上櫃,2.54,2.41,48.0
704300,上櫃,2.81,2.81,2.0
704301,上櫃,0.0,0.0,0.0
704302,上櫃,3.21,3.18,58.0
704303,上櫃,3.16,2.99,71.0
704304,上櫃,1.28,1.07,33.0
704305,上櫃,0.0,0.0,0.0
704306,上櫃,0.94,0.92,50.0
704307,上櫃,3.91,3.65,19.0
704308,上櫃,0.9,0.91,88.0
704309,上櫃,2.51,2.12,201.0
704310,上櫃,1.28,1.09,1516.0
704311,上櫃,1.37,1.07,141.0
704312,上櫃,1.29,0.98,351.0
704313,上櫃,1.32,1.01,178.0
704314,上櫃,3.07,3.07,25.0
704315,上櫃,0.73,0.73,6.0
704316,上櫃,1.12,1.02,140.0
704317,上櫃,0.0,0.0,0.0
704318,上櫃,0.62,0.57,20.0
704319,上櫃,0.0,0.0,0.0
704320,上櫃,2.07,2.06,7.0
704321,上櫃,0.63,0.63,501.0
704322,上櫃,1.47,1.55,431.0
704323,上櫃,1.69,1.54,50.0
704324,上櫃,3.59,3.46,35.0
704325,上櫃,1.57,1.71,167.0
704326,上櫃,0.82,0.67,481.0
704327,上櫃,0.0,0.0,0.0
704328,上櫃,1.51,1.33,74.0
704329,上櫃,1.77,1.99,64.0
704330,上櫃,2.73,2.55,203.0
704331,上櫃,1.96,1.75,96.0
704332,上櫃,1.71,1.57,83.0
704333,上櫃,2.1,2.08,116.0
704334,上櫃,3.55,3.22,317.0
704335,上櫃,3.01,2.66,160.0
704336,上櫃,0.0,0.0,0.0
704337,上櫃,1.19,0.98,42.0
704338,上櫃,1.49,1.36,116.0
704339,上櫃,3.0,3.0,2.0
704340,上櫃,1.7,1.38,792.0
704341,上櫃,1.84,1.68,261.0
704342,上櫃,1.43,1.26,715.0
704343,上櫃,0.92,0.73,631.0
704344,上櫃,0.0,0.0,0.0
704345,上櫃,0.49,0.51,397.0
704346,上櫃,0.0,0.0,0.0
704347,上櫃,0.99,0.85,629.0
704348,上櫃,0.62,0.62,60.0
704349,上櫃,0.0,0.0,0.0
704350,上櫃,0.0,0.0,0.0
704351,上櫃,0.87,0.9,503.0
704352,上櫃,0.95,0.93,662.0
704353,上櫃,1.71,1.81,396.0
704354,上櫃,1.97,1.87,506.0
704355,上櫃,1.58,1.4,207.0
704356,上櫃,1.61,1.52,56.0
704357,上櫃,2.51,2.5,81.0
704358,上櫃,3.31,3.23,48.0
704359,上櫃,0.0,0.0,0.0
704360,上櫃,0.0,0.0,0.0
704361,上櫃,0.0,0.0,0.0
704362,上櫃,1.64,1.33,162.0
704363,上櫃,1.44,1.44,12.0
704364,上櫃,0.0,0.0,0.0
704365,上櫃,0.0,0.0,0.0
704366,上櫃,0.0,0.0,0.0
704367,上櫃,0.98,0.74,412.0
704368,上櫃,1.32,1.05,213.0
704369,上櫃,0.0,0.0,0.0
704370,上櫃,1.44,1.29,215.0
704371,上櫃,0.0,0.0,0.0
704372,上櫃,2.29,1.98,41.0
704373,上櫃,0.0,0.0,0.0
704374,上櫃,1.5,1.53,5.0
704375,上櫃,0.92,0.92,20.0
704376,上櫃,0.7,0.7,10.0
704377,上櫃,1.45,1.45,576.0
704378,上櫃,3.13,3.13,1.0
704379,上櫃,0.69,0.62,56.0
704380,上櫃,2.21,2.21,4.0
704381,上櫃,2.29,2.26,7.0
704382,上櫃,2.76,2.91,87.0
704383,上櫃,4.45,4.65,124.0
704384,上櫃,2.58,2.43,22.0
704385,上櫃,1.69,1.56,75.0
704386,上櫃,0.0,0.0,0.0
704387,上櫃,1.45,1.45,5.0
704388,上櫃,0.71,0.68,351.0
704389,上櫃,1.18,0.85,231.0
704390,上櫃,1.18,0.9,65.0
704391,上櫃,1.36,1.05,226.0
704392,上櫃,0.85,0.72,29.0
704393,上櫃,0.0,0.0,0.0
704394,上櫃,0.62,0.59,7.0
704395,上櫃,1.86,1.5,44.0
704396,上櫃,2.31,2.36,51.0
704397,上櫃,1.34,1.35,390.0
704398,上櫃,0.84,0.69,1091.0
704399,上櫃,2.34,2.34,2.0
704400,上櫃,0.81,0.74,281.0
704401,上櫃,0.59,0.57,3.0
704402,上櫃,1.23,1.12,72.0
704403,上櫃,0.72,0.64,131.0
704404,上櫃,1.36,1.37,732.0
704405,上櫃,0.0,0.0,0.0
704406,上櫃,1.45,1.17,56.0
704407,上櫃,2.03,1.81,89.0
704408,上櫃,3.43,3.43,2.0
704409,上櫃,1.74,1.74,50.0
704410,上櫃,0.0,0.0,0.0
704411,上櫃,3.28,3.01,147.0
704412,上櫃,1.0,1.03,17.0
704413,上櫃,0.0,0.0,0.0
704414,上櫃,0.0,0.0,0.0
704415,上櫃,0.0,0.0,0.0
704416,上櫃,0.87,0.83,22.0
704417,上櫃,2.71,2.68,52.0
704418,上櫃,0.0,0.0,0.0
704419,上櫃,1.57,1.47,198.0
704420,上櫃,0.0,0.0,0.0
704421,上櫃,0.81,0.78,335.0
704422,上櫃,0.86,0.61,1581.0
704423,上櫃,1.47,1.22,139.0
704424,上櫃,0.49,0.46,716.0
704425,上櫃,0.92,0.82,211.0
704426,上櫃,1.34,1.21,95.0
704427,上櫃,1.32,1.25,115.0
704428,上櫃,0.86,0.73,155.0
704429,上櫃,3.05,3.05,10.0
704430,上櫃,0.0,0.0,0.0
704431,上櫃,1.81,1.85,76.0
704432,上櫃,1.53,1.53,2.0
704433,上櫃,1.54,1.19,257.0
704434,上櫃,0.0,0.0,0.0
704435,上櫃,2.76,2.28,80.0
704436,上櫃,0.0,0.0,0.0
704437,上櫃,0.0,0.0,0.0
704438,上櫃,0.0,0.0,0.0
704439,上櫃,0.0,0.0,0.0
704440,上櫃,0.0,0.0,0.0
704441,上櫃,1.45,1.45,20.0
704442,上櫃,0.0,0.0,0.0
704443,上櫃,1.83,1.9,55.0
704444,上櫃,0.0,0.0,0.0
704445,上櫃,0.0,0.0,0.0
704446,上櫃,1.31,1.31,2.0
704447,上櫃,0.0,0.0,0.0
704448,上櫃,0.0,0.0,0.0
704449,上櫃,2.56,2.4,24.0
704450,上櫃,0.0,0.0,0.0
704451,上櫃,0.0,0.0,0.0
704452,上櫃,1.07,1.07,50.0
704453,上櫃,0.0,0.0,0.0
704454,上櫃,0.64,0.64,2.0
704455,上櫃,1.3,1.38,2.0
704456,上櫃,0.0,0.0,0.0
704457,上櫃,0.89,0.89,57.0
704458,上櫃,2.46,2.4,92.0
704459,上櫃,2.21,1.94,11.0
704460,上櫃,0.0,0.0,0.0
704461,上櫃,1.37,1.39,14.0
704462,上櫃,1.19,1.25,43.0
704463,上櫃,1.94,1.6,25.0
704464,上櫃,0.0,0.0,0.0
704465,上櫃,1.95,2.13,74.0
704466,上櫃,0.0,0.0,0.0
704467,上櫃,1.35,1.2,212.0
704468,上櫃,1.67,1.46,159.0
704469,上櫃,0.0,0.0,0.0
704470,上櫃,1.13,1.13,10.0
704471,上櫃,0.8,0.87,137.0
704472,上櫃,0.0,0.0,0.0
704473,上櫃,0.0,0.0,0.0
704474,上櫃,0.48,0.48,9.0
704475,上櫃,0.0,0.0,0.0
704476,上櫃,1.62,1.62,32.0
704477,上櫃,0.0,0.0,0.0
704478,上櫃,1.89,1.76,20.0
704479,上櫃,2.51,2.41,41.0
704480,上櫃,0.0,0.0,0.0
704481,上櫃,0.85,0.74,776.0
704482,上櫃,1.15,1.1,139.0
704483,上櫃,0.74,0.74,44.0
704484,上櫃,0.0,0.0,0.0
704485,上櫃,0.0,0.0,0.0
704486,上櫃,0.89,0.89,1.0
704487,上櫃,0.0,0.0,0.0
704488,上櫃,0.0,0.0,0.0
704489,上櫃,1.34,1.34,326.0
704490,上櫃,1.68,1.39,16.0
704491,上櫃,0.63,0.63,397.0
704492,上櫃,0.0,0.0,0.0
704493,上櫃,1.28,1.24,18.0
704494,上櫃,1.43,1.35,36.0
704495,上櫃,1.17,1.06,42.0
704496,上櫃,0.92,0.87,247.0
704497,上櫃,1.03,0.89,91.0
704498,上櫃,0.89,0.89,18.0
704499,上櫃,0.0,0.0,0.0
704500,上櫃,0.66,0.66,25.0
704501,上櫃,0.82,0.82,9.0
704502,上櫃,0.91,0.91,1.0
704503,上櫃,0.0,0.0,0.0
704504,上櫃,1.08,1.04,47.0
704505,上櫃,1.02,1.02,4.0
704506,上櫃,0.0,0.0,0.0
704507,上櫃,0.9,0.89,6.0
704508,上櫃,1.75,1.75,100.0
704509,上櫃,0.98,0.98,15.0
704510,上櫃,0.0,0.0,0.0
704511,上櫃,0.0,0.0,0.0
704512,上櫃,0.72,0.72,40.0
704513,上櫃,0.75,0.75,179.0
704514,上櫃,3.81,3.73,1206.0
704515,上櫃,0.74,0.58,189.0
704516,上櫃,0.95,0.85,58.0
704517,上櫃,0.0,0.0,0.0
704518,上櫃,0.0,0.0,0.0
704519,上櫃,0.0,0.0,0.0
704520,上櫃,1.04,1.04,138.0
704521,上櫃,0.0,0.0,0.0
704522,上櫃,1.88,1.88,2.0
704523,上櫃,3.1,3.1,2.0
704524,上櫃,0.0,0.0,0.0
704525,上櫃,0.58,0.58,5.0
704526,上櫃,1.24,1.24,5.0
704527,上櫃,4.49,5.3,38.0
704528,上櫃,0.0,0.0,0.0
704529,上櫃,0.0,0.0,0.0
704530,上櫃,0.0,0.0,0.0
704531,上櫃,5.65,5.65,1.0
704532,上櫃,0.0,0.0,0.0
704533,上櫃,0.0,0.0,0.0
704534,上櫃,0.73,0.73,145.0
704535,上櫃,0.0,0.0,0.0
704536,上櫃,0.0,0.0,0.0
704537,上櫃,0.78,0.71,283.0
704538,上櫃,0.0,0.0,0.0
704539,上櫃,1.0,1.03,64.0
704540,上櫃,0.0,0.0,0.0
704541,上櫃,0.0,0.0,0.0
704542,上櫃,0.95,0.87,218.0
704543,上櫃,0.0,0.0,0.0
704544,上櫃,0.0,0.0,0.0
704545,上櫃,0.69,0.69,47.0
704546,上櫃,0.71,0.67,437.0
704547,上櫃,0.54,0.49,40.0
704548,上櫃,0.0,0.0,0.0
704549,上櫃,0.0,0.0,0.0
704550,上櫃,0.86,0.93,57.0
704551,上櫃,0.8,0.8,10.0
704552,上櫃,1.0,0.93,139.0
704553,上櫃,1.06,1.06,10.0
704554,上櫃,2.57,2.62,98.0
704555,上櫃,1.82,1.77,43.0
704556,上櫃,0.0,0.0,0.0
704557,上櫃,0.0,0.0,0.0
704558,上櫃,0.0,0.0,0.0
704559,上櫃,2.84,2.92,38.0
704560,上櫃,0.0,0.0,0.0
704561,上櫃,0.0,0.0,0.0
704562,上櫃,1.74,1.98,60.0
704563,上櫃,0.0,0.0,0.0
704564,上櫃,0.0,0.0,0.0
704565,上櫃,0.0,0.0,0.0
704566,上櫃,0.0,0.0,0.0
704567,上櫃,0.0,0.0,0.0
704568,上櫃,0.0,0.0,0.0
704569,上櫃,0.0,0.0,0.0
704570,上櫃,1.07,1.04,160.0
704571,上櫃,0.0,0.0,0.0
704572,上櫃,1.41,1.12,440.0
704573,上櫃,0.87,0.79,4.0
704574,上櫃,2.39,2.18,26.0
704575,上櫃,1.99,1.99,16.0
704576,上櫃,0.8,0.8,1.0
704577,上櫃,0.0,0.0,0.0
704578,上櫃,0.0,0.0,0.0
704579,上櫃,1.48,1.46,27.0
704580,上櫃,1.62,1.36,38.0
704581,上櫃,1.31,1.28,19.0
704582,上櫃,0.0,0.0,0.0
704583,上櫃,0.0,0.0,0.0
704584,上櫃,0.0,0.0,0.0
704585,上櫃,0.0,0.0,0.0
704586,上櫃,0.69,0.69,18.0
704587,上櫃,0.0,0.0,0.0
704588,上櫃,1.14,0.99,258.0
704589,上櫃,0.88,0.94,8.0
704590,上櫃,1.05,1.05,7.0
704591,上櫃,0.0,0.0,0.0
704592,上櫃,0.8,0.8,100.0
704593,上櫃,2.74,2.64,13.0
704594,上櫃,0.0,0.0,0.0
704595,上櫃,1.42,1.42,1.0
704596,上櫃,0.0,0.0,0.0
704597,上櫃,0.0,0.0,0.0
704598,上櫃,0.0,0.0,0.0
704599,上櫃,0.0,0.0,0.0
704600,上櫃,0.0,0.0,0.0
704601,上櫃,0.0,0.0,0.0
704602,上櫃,0.99,1.03,100.0
704603,上櫃,0.0,0.0,0.0
704604,上櫃,0.0,0.0,0.0
704605,上櫃,1.35,1.35,1.0
704606,上櫃,1.83,1.83,1.0
704607,上櫃,0.0,0.0,0.0
704608,上櫃,0.0,0.0,0.0
704609,上櫃,0.0,0.0,0.0
704610,上櫃,0.0,0.0,0.0
704611,上櫃,1.4,1.4,4.0
704612,上櫃,0.0,0.0,0.0
704613,上櫃,0.0,0.0,0.0
704614,上櫃,0.0,0.0,0.0
704615,上櫃,3.6,3.5,10.0
704616,上櫃,1.91,1.91,60.0
704617,上櫃,0.0,0.0,0.0
704618,上櫃,0.0,0.0,0.0
704619,上櫃,0.93,0.93,2.0
704620,上櫃,0.0,0.0,0.0
704621,上櫃,1.29,1.29,50.0
704622,上櫃,0.0,0.0,0.0
704623,上櫃,0.0,0.0,0.0
704624,上櫃,0.0,0.0,0.0
704625,上櫃,0.0,0.0,0.0
704626,上櫃,0.0,0.0,0.0
704627,上櫃,0.0,0.0,0.0
704628,上櫃,0.0,0.0,0.0
704629,上櫃,0.0,0.0,0.0
704630,上櫃,0.0,0.0,0.0
704631,上櫃,0.0,0.0,0.0
704632,上櫃,0.0,0.0,0.0
704633,上櫃,0.84,0.84,80.0
704634,上櫃,0.0,0.0,0.0
704635,上櫃,0.0,0.0,0.0
704636,上櫃,0.0,0.0,0.0
704637,上櫃,0.0,0.0,0.0
704638,上櫃,0.0,0.0,0.0
704639,上櫃,0.0,0.0,0.0
71195U,上櫃,0.0,0.0,0.0
71258U,上櫃,0.0,0.0,0.0
71264U,上櫃,0.0,0.0,0.0
71287U,上櫃,0.0,0.0,0.0
71301U,上櫃,0.0,0.0,0.0
71357U,上櫃,0.0,0.0,0.0
71377U,上櫃,0.0,0.0,0.0
71389U,上櫃,0.0,0.0,0.0
71395U,上櫃,0.0,0.0,0.0
71423U,上櫃,0.0,0.0,0.0
71459U,上櫃,0.0,0.0,0.0
71509U,上櫃,0.0,0.0,0.0
71585U,上櫃,0.0,0.0,0.0
71592U,上櫃,0.0,0.0,0.0
71634U,上櫃,0.06,0.09,456.0
71635U,上櫃,0.0,0.0,0.0
71636U,上櫃,0.0,0.0,0.0
71641U,上櫃,0.0,0.0,0.0
71644U,上櫃,0.0,0.0,0.0
71646U,上櫃,0.0,0.0,0.0
71647U,上櫃,0.0,0.0,0.0
71656U,上櫃,0.0,0.0,0.0
71657U,上櫃,0.0,0.0,0.0
71661U,上櫃,0.0,0.0,0.0
71662U,上櫃,0.0,0.0,0.0
71678U,上櫃,0.0,0.0,0.0
71679U,上櫃,0.0,0.0,0.0
71683U,上櫃,0.0,0.0,0.0
71694U,上櫃,0.0,0.0,0.0
71695U,上櫃,0.0,0.0,0.0
71696U,上櫃,0.0,0.0,0.0
71698U,上櫃,0.0,0.0,0.0
71706U,上櫃,0.0,0.0,0.0
717408,上櫃,0.21,0.25,341.0
71740U,上櫃,0.0,0.0,0.0
71754U,上櫃,0.0,0.0,0.0
71755U,上櫃,0.21,0.21,5.0
71763U,上櫃,0.0,0.0,0.0
71774U,上櫃,0.0,0.0,0.0
71778U,上櫃,0.0,0.0,0.0
71786U,上櫃,0.72,0.72,2.0
71797U,上櫃,0.0,0.0,0.0
71805U,上櫃,0.0,0.0,0.0
71807U,上櫃,0.0,0.0,0.0
718098,上櫃,0.0,0.0,0.0
718099,上櫃,0.0,0.0,0.0
71829U,上櫃,0.0,0.0,0.0
71832U,上櫃,0.03,0.03,1.0
71840U,上櫃,0.0,0.0,0.0
71841U,上櫃,0.0,0.0,0.0
71842U,上櫃,0.0,0.0,0.0
71845U,上櫃,0.0,0.0,0.0
71846U,上櫃,0.0,0.0,0.0
71848U,上櫃,0.0,0.0,0.0
71849U,上櫃,0.0,0.0,0.0
71850U,上櫃,0.0,0.0,0.0
71851U,上櫃,0.0,0.0,0.0
71852U,上櫃,0.0,0.0,0.0
71853U,上櫃,0.0,0.0,0.0
71860U,上櫃,0.0,0.0,0.0
71861U,上櫃,0.0,0.0,0.0
71862U,上櫃,0.0,0.0,0.0
71867U,上櫃,0.0,0.0,0.0
71871U,上櫃,0.0,0.0,0.0
71872U,上櫃,0.0,0.0,0.0
718730,上櫃,0.0,0.0,0.0
71873U,上櫃,0.0,0.0,0.0
71874U,上櫃,0.0,0.0,0.0
71878U,上櫃,0.0,0.0,0.0
71882U,上櫃,0.0,0.0,0.0
71883U,上櫃,0.0,0.0,0.0
71884U,上櫃,0.0,0.0,0.0
71886U,上櫃,0.0,0.0,0.0
71887U,上櫃,0.0,0.0,0.0
71888U,上櫃,0.0,0.0,0.0
71889U,上櫃,0.0,0.0,0.0
71892U,上櫃,0.0,0.0,0.0
718937,上櫃,0.0,0.0,0.0
71893U,上櫃,0.0,0.0,0.0
71895U,上櫃,0.0,0.0,0.0
71896U,上櫃,0.0,0.0,0.0
71897U,上櫃,0.0,0.0,0.0
71898U,上櫃,0.0,0.0,0.0
71899U,上櫃,0.0,0.0,0.0
71905U,上櫃,0.0,0.0,0.0
71906U,上櫃,0.0,0.0,0.0
71907U,上櫃,0.0,0.0,0.0
71913U,上櫃,0.0,0.0,0.0
71915U,上櫃,0.0,0.0,0.0
71916U,上櫃,0.0,0.0,0.0
71917U,上櫃,0.0,0.0,0.0
71918U,上櫃,0.0,0.0,0.0
71919U,上櫃,0.0,0.0,0.0
71921U,上櫃,0.0,0.0,0.0
71922U,上櫃,0.0,0.0,0.0
71923U,上櫃,0.0,0.0,0.0
71926U,上櫃,0.0,0.0,0.0
71929U,上櫃,0.0,0.0,0.0
71930U,上櫃,0.0,0.0,0.0
71932U,上櫃,0.0,0.0,0.0
71933U,上櫃,0.0,0.0,0.0
71934U,上櫃,0.0,0.0,0.0
71941U,上櫃,0.0,0.0,0.0
71943U,上櫃,0.0,0.0,0.0
71944U,上櫃,0.0,0.0,0.0
71945U,上櫃,0.0,0.0,0.0
71952U,上櫃,0.0,0.0,0.0
71953U,上櫃,0.03,0.03,148.0
71956U,上櫃,0.0,0.0,0.0
71957U,上櫃,0.02,0.01,3.0
71958U,上櫃,0.0,0.0,0.0
71960U,上櫃,0.0,0.0,0.0
71961U,上櫃,0.0,0.0,0.0
71962U,上櫃,0.0,0.0,0.0
71964U,上櫃,0.0,0.0,0.0
71965U,上櫃,0.0,0.0,0.0
71966U,上櫃,0.0,0.0,0.0
71967U,上櫃,0.0,0.0,0.0
71968U,上櫃,0.0,0.0,0.0
71969U,上櫃,0.0,0.0,0.0
71970U,上櫃,0.0,0.0,0.0
719715,上櫃,0.0,0.0,0.0
719716,上櫃,0.0,0.0,0.0
719719,上櫃,0.0,0.0,0.0
71972U,上櫃,0.0,0.0,0.0
71975U,上櫃,0.0,0.0,0.0
71983U,上櫃,0.0,0.0,0.0
71986U,上櫃,0.0,0.0,0.0
71987U,上櫃,0.0,0.0,0.0
71989U,上櫃,0.0,0.0,0.0
71990U,上櫃,0.0,0.0,0.0
71991U,上櫃,0.0,0.0,0.0
71992U,上櫃,0.0,0.0,0.0
71995U,上櫃,0.0,0.0,0.0
71996U,上櫃,0.0,0.0,0.0
72002U,上櫃,0.0,0.0,0.0
72003U,上櫃,0.0,0.0,0.0
72008U,上櫃,0.0,0.0,0.0
72009U,上櫃,0.0,0.0,0.0
72011U,上櫃,0.0,0.0,0.0
72013U,上櫃,0.0,0.0,0.0
720183,上櫃,0.0,0.0,0.0
720184,上櫃,0.0,0.0,0.0
720186,上櫃,0.0,0.0,0.0
720187,上櫃,0.0,0.0,0.0
72018U,上櫃,0.45,0.45,48.0
72021U,上櫃,0.0,0.0,0.0
72026U,上櫃,0.0,0.0,0.0
72031U,上櫃,0.0,0.0,0.0
72032U,上櫃,0.0,0.0,0.0
72034U,上櫃,0.0,0.0,0.0
72038U,上櫃,0.0,0.0,0.0
72041U,上櫃,0.0,0.0,0.0
72045U,上櫃,0.0,0.0,0.0
72046U,上櫃,0.0,0.0,0.0
72047U,上櫃,0.0,0.0,0.0
72050U,上櫃,0.0,0.0,0.0
72051U,上櫃,0.0,0.0,0.0
72052U,上櫃,0.0,0.0,0.0
72053U,上櫃,0.0,0.0,0.0
72054U,上櫃,0.0,0.0,0.0
72055U,上櫃,0.0,0.0,0.0
72056U,上櫃,0.0,0.0,0.0
72057U,上櫃,0.0,0.0,0.0
72058U,上櫃,0.0,0.0,0.0
72059U,上櫃,0.0,0.0,0.0
72060U,上櫃,0.0,0.0,0.0
72061U,上櫃,0.0,0.0,0.0
72062U,上櫃,0.0,0.0,0.0
72063U,上櫃,0.0,0.0,0.0
72064U,上櫃,0.0,0.0,0.0
72065U,上櫃,0.0,0.0,0.0
72066U,上櫃,0.09,0.09,100.0
72067U,上櫃,0.0,0.0,0.0
72068U,上櫃,0.01,0.01,154.0
72069U,上櫃,0.0,0.0,0.0
72070U,上櫃,0.0,0.0,0.0
72071U,上櫃,0.0,0.0,0.0
72072U,上櫃,0.0,0.0,0.0
72073U,上櫃,0.0,0.0,0.0
720746,上櫃,0.0,0.0,0.0
720748,上櫃,0.27,0.28,41.0
72074U,上櫃,0.0,0.0,0.0
72075U,上櫃,0.0,0.0,0.0
72076U,上櫃,0.0,0.0,0.0
72077U,上櫃,0.0,0.0,0.0
72078U,上櫃,0.0,0.0,0.0
72080U,上櫃,0.0,0.0,0.0
72081U,上櫃,0.0,0.0,0.0
72082U,上櫃,0.0,0.0,0.0
72083U,上櫃,0.0,0.0,0.0
72084U,上櫃,0.0,0.0,0.0
72085U,上櫃,0.01,0.1,2.0
72086U,上櫃,0.0,0.0,0.0
72087U,上櫃,0.0,0.0,0.0
72088U,上櫃,0.0,0.0,0.0
72089U,上櫃,0.0,0.0,0.0
72090U,上櫃,0.0,0.0,0.0
72091U,上櫃,0.09,0.09,50.0
72092U,上櫃,0.0,0.0,0.0
72093U,上櫃,0.0,0.0,0.0
72094U,上櫃,0.0,0.0,0.0
72095U,上櫃,0.0,0.0,0.0
72096U,上櫃,0.08,0.08,340.0
72097U,上櫃,0.0,0.0,0.0
720986,上櫃,0.0,0.0,0.0
72098U,上櫃,0.0,0.0,0.0
72099U,上櫃,0.0,0.0,0.0
72100U,上櫃,0.0,0.0,0.0
72101U,上櫃,0.0,0.0,0.0
72102U,上櫃,0.0,0.0,0.0
72103U,上櫃,0.0,0.0,0.0
72104U,上櫃,0.0,0.0,0.0
72105U,上櫃,0.0,0.0,0.0
72106U,上櫃,0.0,0.0,0.0
72107U,上櫃,0.0,0.0,0.0
72108U,上櫃,0.0,0.0,0.0
72109U,上櫃,0.0,0.0,0.0
72110U,上櫃,0.0,0.0,0.0
72111U,上櫃,0.0,0.0,0.0
72112U,上櫃,0.06,0.06,320.0
72113U,上櫃,0.0,0.0,0.0
72114U,上櫃,0.01,0.01,36.0
72115U,上櫃,0.0,0.0,0.0
72116U,上櫃,0.0,0.0,0.0
72117U,上櫃,0.0,0.0,0.0
72118U,上櫃,0.0,0.0,0.0
72119U,上櫃,0.0,0.0,0.0
72120U,上櫃,0.0,0.0,0.0
72121U,上櫃,0.1,0.1,5.0
72122U,上櫃,0.0,0.0,0.0
72123U,上櫃,0.0,0.0,0.0
72124U,上櫃,1.35,1.56,499.0
72125U,上櫃,0.0,0.0,0.0
72126U,上櫃,0.0,0.0,0.0
72127U,上櫃,0.0,0.0,0.0
72128U,上櫃,0.0,0.0,0.0
72129U,上櫃,0.0,0.0,0.0
72130U,上櫃,0.0,0.0,0.0
72131U,上櫃,0.0,0.0,0.0
72132U,上櫃,0.0,0.0,0.0
72133U,上櫃,0.0,0.0,0.0
72134U,上櫃,0.0,0.0,0.0
72135U,上櫃,0.0,0.0,0.0
72136U,上櫃,0.0,0.0,0.0
72137U,上櫃,0.0,0.0,0.0
72138U,上櫃,0.0,0.0,0.0
72139U,上櫃,0.0,0.0,0.0
72140U,上櫃,0.0,0.0,0.0
72141U,上櫃,0.0,0.0,0.0
72142U,上櫃,0.54,0.54,1.0
72143U,上櫃,0.0,0.0,0.0
72144U,上櫃,0.0,0.0,0.0
72145U,上櫃,0.0,0.0,0.0
72146U,上櫃,0.0,0.0,0.0
72147U,上櫃,0.0,0.0,0.0
72148U,上櫃,0.13,0.13,10.0
72149U,上櫃,0.0,0.0,0.0
72150U,上櫃,0.0,0.0,0.0
72151U,上櫃,0.0,0.0,0.0
72152U,上櫃,0.0,0.0,0.0
72153U,上櫃,0.0,0.0,0.0
72154U,上櫃,0.0,0.0,0.0
72155U,上櫃,0.0,0.0,0.0
72156U,上櫃,0.0,0.0,0.0
72157U,上櫃,0.0,0.0,0.0
72158U,上櫃,0.0,0.0,0.0
72159U,上櫃,0.0,0.0,0.0
72160U,上櫃,0.0,0.0,0.0
72161U,上櫃,0.0,0.0,0.0
72162U,上櫃,0.0,0.0,0.0
72163U,上櫃,0.36,0.36,10.0
72164U,上櫃,0.0,0.0,0.0
72165U,上櫃,0.0,0.0,0.0
72166U,上櫃,0.4,0.4,5.0
72167U,上櫃,0.0,0.0,0.0
72168U,上櫃,0.0,0.0,0.0
72169U,上櫃,0.01,0.01,70.0
72170U,上櫃,0.0,0.0,0.0
72171U,上櫃,0.37,0.45,9.0
72172U,上櫃,0.0,0.0,0.0
72173U,上櫃,0.0,0.0,0.0
72174U,上櫃,0.0,0.0,0.0
72175U,上櫃,0.0,0.0,0.0
72176U,上櫃,0.0,0.0,0.0
72177U,上櫃,0.0,0.0,0.0
72178U,上櫃,0.0,0.0,0.0
72179U,上櫃,0.0,0.0,0.0
72180U,上櫃,0.0,0.0,0.0
72181U,上櫃,0.0,0.0,0.0
72182U,上櫃,0.0,0.0,0.0
72183U,上櫃,0.0,0.0,0.0
72184U,上櫃,0.0,0.0,0.0
72185U,上櫃,0.0,0.0,0.0
72186U,上櫃,0.0,0.0,0.0
72187U,上櫃,0.83,0.83,1.0
72188U,上櫃,0.0,0.0,0.0
72189U,上櫃,0.0,0.0,0.0
72190U,上櫃,0.0,0.0,0.0
72191U,上櫃,0.0,0.0,0.0
72192U,上櫃,0.0,0.0,0.0
72193U,上櫃,0.0,0.0,0.0
72194U,上櫃,0.0,0.0,0.0
72195U,上櫃,0.0,0.0,0.0
72196U,上櫃,0.0,0.0,0.0
72197U,上櫃,0.0,0.0,0.0
72198U,上櫃,0.0,0.0,0.0
72199U,上櫃,0.0,0.0,0.0
72200U,上櫃,0.0,0.0,0.0
72201U,上櫃,0.0,0.0,0.0
72202U,上櫃,0.0,0.0,0.0
72203U,上櫃,0.0,0.0,0.0
72204U,上櫃,0.0,0.0,0.0
72205U,上櫃,0.0,0.0,0.0
72206U,上櫃,0.0,0.0,0.0
72207U,上櫃,0.0,0.0,0.0
72208U,上櫃,0.0,0.0,0.0
72209U,上櫃,0.99,0.99,47.0
72210U,上櫃,0.0,0.0,0.0
72211U,上櫃,0.0,0.0,0.0
72212U,上櫃,0.0,0.0,0.0
72213U,上櫃,0.0,0.0,0.0
72214U,上櫃,0.0,0.0,0.0
72215U,上櫃,0.0,0.0,0.0
72216U,上櫃,0.51,0.51,1580.0
72217U,上櫃,0.0,0.0,0.0
72218U,上櫃,0.0,0.0,0.0
72219U,上櫃,0.77,0.74,114.0
72220U,上櫃,0.5,0.53,17.0
72221U,上櫃,0.33,0.33,10.0
72222U,上櫃,0.0,0.0,0.0
72223U,上櫃,0.0,0.0,0.0
72224U,上櫃,0.0,0.0,0.0
72225U,上櫃,0.0,0.0,0.0
72226U,上櫃,0.0,0.0,0.0
72227U,上櫃,0.0,0.0,0.0
72228U,上櫃,0.0,0.0,0.0
72229U,上櫃,0.0,0.0,0.0
72230U,上櫃,0.0,0.0,0.0
72231U,上櫃,0.0,0.0,0.0
72232U,上櫃,0.0,0.0,0.0
72233U,上櫃,0.0,0.0,0.0
72234U,上櫃,0.0,0.0,0.0
722353,上櫃,0.0,0.0,0.0
722354,上櫃,0.76,0.7,270.0
72235U,上櫃,0.0,0.0,0.0
72236U,上櫃,0.0,0.0,0.0
72237U,上櫃,0.0,0.0,0.0
72238U,上櫃,0.0,0.0,0.0
72239U,上櫃,0.0,0.0,0.0
72240U,上櫃,0.0,0.0,0.0
72241U,上櫃,0.0,0.0,0.0
722428,上櫃,0.0,0.0,0.0
722429,上櫃,0.18,0.18,1.0
72242U,上櫃,0.0,0.0,0.0
72243U,上櫃,0.0,0.0,0.0
72244U,上櫃,0.0,0.0,0.0
72245U,上櫃,1.3,1.35,50.0
72246U,上櫃,0.0,0.0,0.0
72247U,上櫃,0.0,0.0,0.0
72248U,上櫃,0.0,0.0,0.0
72249U,上櫃,0.0,0.0,0.0
72250U,上櫃,0.0,0.0,0.0
722517,上櫃,0.0,0.0,0.0
722518,上櫃,0.0,0.0,0.0
72251U,上櫃,0.0,0.0,0.0
722524,上櫃,0.0,0.0,0.0
722527,上櫃,0.0,0.0,0.0
72252U,上櫃,0.0,0.0,0.0
722531,上櫃,0.0,0.0,0.0
722533,上櫃,0.0,0.0,0.0
722536,上櫃,0.0,0.0,0.0
72253U,上櫃,0.0,0.0,0.0
72254U,上櫃,0.0,0.0,0.0
72255U,上櫃,0.89,0.89,35.0
72256U,上櫃,0.0,0.0,0.0
722572,上櫃,0.24,0.24,441.0
722573,上櫃,0.0,0.0,0.0
72257U,上櫃,0.0,0.0,0.0
72258U,上櫃,0.0,0.0,0.0
72259U,上櫃,0.0,0.0,0.0
72260U,上櫃,0.0,0.0,0.0
72261U,上櫃,0.0,0.0,0.0
72262U,上櫃,0.0,0.0,0.0
72263U,上櫃,1.6,1.6,5.0
72264U,上櫃,1.92,1.86,2.0
72265U,上櫃,0.0,0.0,0.0
72266U,上櫃,0.0,0.0,0.0
722675,上櫃,0.03,0.03,15.0
722678,上櫃,0.0,0.0,0.0
722679,上櫃,0.0,0.0,0.0
72267U,上櫃,0.13,0.12,440.0
722683,上櫃,0.0,0.0,0.0
722685,上櫃,0.0,0.0,0.0
722688,上櫃,0.0,0.0,0.0
72268U,上櫃,0.0,0.0,0.0
722691,上櫃,0.0,0.0,0.0
72269U,上櫃,0.0,0.0,0.0
72270U,上櫃,0.0,0.0,0.0
72271U,上櫃,0.0,0.0,0.0
722720,上櫃,0.0,0.0,0.0
722722,上櫃,0.0,0.0,0.0
722723,上櫃,0.0,0.0,0.0
722726,上櫃,0.05,0.04,930.0
722728,上櫃,0.0,0.0,0.0
72272U,上櫃,0.0,0.0,0.0
722731,上櫃,0.0,0.0,0.0
72273U,上櫃,0.0,0.0,0.0
72274U,上櫃,0.0,0.0,0.0
72275U,上櫃,0.0,0.0,0.0
72276U,上櫃,0.0,0.0,0.0
72277U,上櫃,0.0,0.0,0.0
72278U,上櫃,0.0,0.0,0.0
72279U,上櫃,0.0,0.0,0.0
72280U,上櫃,0.0,0.0,0.0
72281U,上櫃,0.0,0.0,0.0
72282U,上櫃,0.0,0.0,0.0
72283U,上櫃,0.0,0.0,0.0
72284U,上櫃,0.08,0.08,70.0
72285U,上櫃,0.0,0.0,0.0
722865,上櫃,0.33,0.32,14.0
72286U,上櫃,0.0,0.0,0.0
722874,上櫃,0.0,0.0,0.0
722875,上櫃,0.0,0.0,0.0
72287U,上櫃,0.0,0.0,0.0
722880,上櫃,0.0,0.0,0.0
722881,上櫃,0.0,0.0,0.0
722884,上櫃,0.57,0.58,21.0
722889,上櫃,0.0,0.0,0.0
72288U,上櫃,1.19,1.19,2.0
72289U,上櫃,0.0,0.0,0.0
72290U,上櫃,0.0,0.0,0.0
72291U,上櫃,0.3,0.3,40.0
72292U,上櫃,0.42,0.42,25.0
72293U,上櫃,0.0,0.0,0.0
722942,上櫃,0.0,0.0,0.0
722943,上櫃,0.0,0.0,0.0
722944,上櫃,0.0,0.0,0.0
722946,上櫃,0.0,0.0,0.0
72294U,上櫃,0.0,0.0,0.0
72295U,上櫃,0.0,0.0,0.0
72296U,上櫃,0.0,0.0,0.0
72297U,上櫃,0.0,0.0,0.0
722988,上櫃,0.0,0.0,0.0
72298U,上櫃,0.0,0.0,0.0
72299U,上櫃,0.0,0.0,0.0
723009,上櫃,0.0,0.0,0.0
72300U,上櫃,0.0,0.0,0.0
72301U,上櫃,0.0,0.0,0.0
72302U,上櫃,0.0,0.0,0.0
72303U,上櫃,0.0,0.0,0.0
72304U,上櫃,0.0,0.0,0.0
72305U,上櫃,0.0,0.0,0.0
72306U,上櫃,0.0,0.0,0.0
72307U,上櫃,0.0,0.0,0.0
72308U,上櫃,0.0,0.0,0.0
723096,上櫃,0.0,0.0,0.0
72309U,上櫃,0.05,0.05,1.0
72310U,上櫃,0.29,0.29,4.0
72311U,上櫃,0.0,0.0,0.0
72312U,上櫃,0.0,0.0,0.0
723132,上櫃,0.0,0.0,0.0
723133,上櫃,0.0,0.0,0.0
72313U,上櫃,0.0,0.0,0.0
72314U,上櫃,0.0,0.0,0.0
72315U,上櫃,0.0,0.0,0.0
72316U,上櫃,0.0,0.0,0.0
72317U,上櫃,0.0,0.0,0.0
72318U,上櫃,0.0,0.0,0.0
723195,上櫃,0.0,0.0,0.0
72319U,上櫃,0.0,0.0,0.0
72320U,上櫃,0.0,0.0,0.0
72321U,上櫃,0.0,0.0,0.0
72322U,上櫃,0.0,0.0,0.0
72323U,上櫃,0.0,0.0,0.0
723247,上櫃,0.0,0.0,0.0
72324U,上櫃,0.96,0.92,75.0
72325U,上櫃,0.8,0.8,10.0
72326U,上櫃,0.27,0.29,18.0
72327U,上櫃,0.0,0.0,0.0
723287,上櫃,0.24,0.24,107.0
723288,上櫃,0.22,0.22,4.0
723289,上櫃,0.0,0.0,0.0
72328U,上櫃,0.0,0.0,0.0
723290,上櫃,3.29,3.3,7.0
723292,上櫃,0.0,0.0,0.0
723295,上櫃,0.0,0.0,0.0
723297,上櫃,0.0,0.0,0.0
72329U,上櫃,0.0,0.0,0.0
72330U,上櫃,0.0,0.0,0.0
72331U,上櫃,0.0,0.0,0.0
72332U,上櫃,0.78,0.85,81.0
72333U,上櫃,0.0,0.0,0.0
72334U,上櫃,0.0,0.0,0.0
72335U,上櫃,0.57,0.57,4.0
723368,上櫃,0.0,0.0,0.0
72336U,上櫃,0.55,0.54,23.0
72337U,上櫃,1.17,1.12,58.0
72338U,上櫃,1.52,1.55,13.0
72339U,上櫃,0.0,0.0,0.0
723407,上櫃,0.0,0.0,0.0
723408,上櫃,0.0,0.0,0.0
723409,上櫃,0.0,0.0,0.0
72340U,上櫃,0.0,0.0,0.0
723410,上櫃,0.0,0.0,0.0
723411,上櫃,0.0,0.0,0.0
723414,上櫃,0.0,0.0,0.0
723417,上櫃,0.0,0.0,0.0
72341U,上櫃,0.0,0.0,0.0
723422,上櫃,0.16,0.1,11.0
723425,上櫃,1.85,1.89,124.0
72342U,上櫃,0.0,0.0,0.0
72343U,上櫃,0.0,0.0,0.0
72344U,上櫃,0.32,0.32,31.0
723451,上櫃,0.0,0.0,0.0
723452,上櫃,0.0,0.0,0.0
723453,上櫃,0.0,0.0,0.0
723454,上櫃,0.0,0.0,0.0
723456,上櫃,0.0,0.0,0.0
723457,上櫃,0.24,0.24,2.0
723459,上櫃,0.44,0.44,1.0
72345U,上櫃,0.0,0.0,0.0
72346U,上櫃,0.4,0.4,5.0
72347U,上櫃,0.0,0.0,0.0
72348U,上櫃,0.0,0.0,0.0
72349U,上櫃,0.75,0.66,62.0
72350U,上櫃,0.0,0.0,0.0
723511,上櫃,0.0,0.0,0.0
723512,上櫃,0.0,0.0,0.0
723515,上櫃,0.0,0.0,0.0
723516,上櫃,0.0,0.0,0.0
723519,上櫃,0.0,0.0,0.0
72351U,上櫃,0.0,0.0,0.0
72352U,上櫃,0.0,0.0,0.0
72353U,上櫃,1.87,1.86,360.0
72354U,上櫃,0.0,0.0,0.0
72355U,上櫃,0.0,0.0,0.0
72356U,上櫃,0.0,0.0,0.0
72357U,上櫃,0.0,0.0,0.0
72358U,上櫃,0.67,0.67,3.0
72359U,上櫃,0.23,0.23,1.0
723604,上櫃,0.0,0.0,0.0
723607,上櫃,0.0,0.0,0.0
723609,上櫃,0.0,0.0,0.0
72360U,上櫃,0.0,0.0,0.0
72361U,上櫃,0.0,0.0,0.0
72362U,上櫃,0.0,0.0,0.0
72363U,上櫃,0.0,0.0,0.0
72364U,上櫃,0.0,0.0,0.0
72365U,上櫃,1.02,0.98,25.0
72366U,上櫃,0.0,0.0,0.0
72367U,上櫃,0.0,0.0,0.0
723681,上櫃,0.43,0.4,136.0
72368U,上櫃,1.1,1.1,115.0
72369U,上櫃,0.0,0.0,0.0
72370U,上櫃,0.0,0.0,0.0
72371U,上櫃,0.05,0.05,9.0
72372U,上櫃,0.0,0.0,0.0
72373U,上櫃,0.0,0.0,0.0
72374U,上櫃,0.02,0.02,48.0
72375U,上櫃,0.0,0.0,0.0
72376U,上櫃,0.0,0.0,0.0
723779,上櫃,0.59,0.59,20.0
72377U,上櫃,0.1,0.1,1.0
723780,上櫃,0.39,0.37,83.0
72378U,上櫃,0.0,0.0,0.0
72379U,上櫃,0.93,0.92,89.0
72380U,上櫃,0.0,0.0,0.0
72381U,上櫃,0.0,0.0,0.0
72382U,上櫃,0.0,0.0,0.0
72383U,上櫃,0.0,0.0,0.0
72384U,上櫃,0.92,0.91,949.0
72385U,上櫃,0.0,0.0,0.0
72386U,上櫃,0.69,0.69,7.0
72387U,上櫃,0.0,0.0,0.0
72388U,上櫃,0.57,0.57,20.0
72389U,上櫃,0.0,0.0,0.0
72390U,上櫃,0.0,0.0,0.0
72391U,上櫃,0.0,0.0,0.0
72392U,上櫃,0.13,0.13,507.0
72393U,上櫃,0.0,0.0,0.0
72394U,上櫃,0.87,0.98,18.0
72395U,上櫃,0.0,0.0,0.0
72396U,上櫃,0.0,0.0,0.0
72397U,上櫃,0.0,0.0,0.0
72398U,上櫃,0.0,0.0,0.0
72399U,上櫃,0.0,0.0,0.0
724003,上櫃,0.0,0.0,0.0
72400U,上櫃,0.0,0.0,0.0
724011,上櫃,0.0,0.0,0.0
724013,上櫃,0.2,0.2,10.0
724017,上櫃,0.12,0.12,10.0
724019,上櫃,0.43,0.43,1.0
72401U,上櫃,0.0,0.0,0.0
724023,上櫃,0.0,0.0,0.0
724025,上櫃,0.0,0.0,0.0
724026,上櫃,0.0,0.0,0.0
72402U,上櫃,0.0,0.0,0.0
72403U,上櫃,0.0,0.0,0.0
72404U,上櫃,0.0,0.0,0.0
72405U,上櫃,0.0,0.0,0.0
724061,上櫃,3.85,3.72,20.0
724062,上櫃,3.62,3.62,5.0
724063,上櫃,2.94,2.85,52.0
724064,上櫃,0.0,0.0,0.0
72406U,上櫃,0.0,0.0,0.0
72407U,上櫃,0.0,0.0,0.0
72408U,上櫃,0.0,0.0,0.0
724099,上櫃,0.0,0.0,0.0
72409U,上櫃,0.17,0.18,245.0
72410U,上櫃,1.22,1.22,5.0
72411U,上櫃,1.07,1.02,4.0
724126,上櫃,1.11,1.11,3.0
724127,上櫃,0.0,0.0,0.0
724128,上櫃,0.83,0.75,119.0
724129,上櫃,0.5,0.5,115.0
72412U,上櫃,0.0,0.0,0.0
724130,上櫃,0.53,0.58,1028.0
72413U,上櫃,0.55,0.55,14.0
72414U,上櫃,0.0,0.0,0.0
72415U,上櫃,0.0,0.0,0.0
72416U,上櫃,0.0,0.0,0.0
724176,上櫃,0.13,0.13,17.0
72417U,上櫃,0.05,0.05,20.0
72418U,上櫃,0.0,0.0,0.0
72419U,上櫃,0.0,0.0,0.0
724200,上櫃,0.0,0.0,0.0
724201,上櫃,0.0,0.0,0.0
724202,上櫃,0.0,0.0,0.0
72420U,上櫃,0.08,0.08,1.0
72421U,上櫃,0.0,0.0,0.0
72422U,上櫃,0.0,0.0,0.0
72423U,上櫃,0.0,0.0,0.0
724240,上櫃,0.0,0.0,0.0
724241,上櫃,0.0,0.0,0.0
724242,上櫃,0.0,0.0,0.0
724243,上櫃,0.0,0.0,0.0
724244,上櫃,1.78,1.78,10.0
72424U,上櫃,0.72,0.72,20.0
72425U,上櫃,0.0,0.0,0.0
72426U,上櫃,0.0,0.0,0.0
72427U,上櫃,0.05,0.06,35.0
72428U,上櫃,0.0,0.0,0.0
72429U,上櫃,0.24,0.24,1.0
72430U,上櫃,0.0,0.0,0.0
72431U,上櫃,0.0,0.0,0.0
72432U,上櫃,0.0,0.0,0.0
72433U,上櫃,0.0,0.0,0.0
72434U,上櫃,0.0,0.0,0.0
72435U,上櫃,0.0,0.0,0.0
72436U,上櫃,0.0,0.0,0.0
724372,上櫃,0.0,0.0,0.0
724373,上櫃,0.0,0.0,0.0
724374,上櫃,0.0,0.0,0.0
72437U,上櫃,0.0,0.0,0.0
72438U,上櫃,0.0,0.0,0.0
72439U,上櫃,0.0,0.0,0.0
72440U,上櫃,0.0,0.0,0.0
72441U,上櫃,0.0,0.0,0.0
72442U,上櫃,0.0,0.0,0.0
724431,上櫃,0.0,0.0,0.0
724436,上櫃,4.5,4.5,1.0
72443U,上櫃,0.0,0.0,0.0
72444U,上櫃,0.0,0.0,0.0
72445U,上櫃,0.0,0.0,0.0
72446U,上櫃,0.0,0.0,0.0
724478,上櫃,0.0,0.0,0.0
72447U,上櫃,0.25,0.23,13.0
724480,上櫃,0.0,0.0,0.0
724481,上櫃,0.0,0.0,0.0
72448U,上櫃,0.0,0.0,0.0
72449U,上櫃,0.46,0.48,102.0
72450U,上櫃,0.0,0.0,0.0
72451U,上櫃,0.0,0.0,0.0
72452U,上櫃,0.0,0.0,0.0
72453U,上櫃,0.0,0.0,0.0
72454U,上櫃,0.0,0.0,0.0
72455U,上櫃,0.75,0.79,26.0
72456U,上櫃,0.0,0.0,0.0
72457U,上櫃,0.0,0.0,0.0
72458U,上櫃,0.18,0.19,214.0
72460U,上櫃,0.0,0.0,0.0
72461U,上櫃,0.0,0.0,0.0
72462U,上櫃,0.0,0.0,0.0
72464U,上櫃,0.0,0.0,0.0
72465U,上櫃,0.0,0.0,0.0
724668,上櫃,0.0,0.0,0.0
724669,上櫃,0.0,0.0,0.0
72466U,上櫃,0.0,0.0,0.0
724670,上櫃,0.0,0.0,0.0
72467U,上櫃,1.13,1.13,10.0
72468U,上櫃,0.0,0.0,0.0
72469U,上櫃,0.0,0.0,0.0
72470U,上櫃,0.0,0.0,0.0
72471U,上櫃,0.0,0.0,0.0
72472U,上櫃,1.8,1.82,13.0
72473U,上櫃,0.0,0.0,0.0
72474U,上櫃,1.35,1.35,1.0
724756,上櫃,0.0,0.0,0.0
72475U,上櫃,0.0,0.0,0.0
72476U,上櫃,0.0,0.0,0.0
72477U,上櫃,0.0,0.0,0.0
72478U,上櫃,0.05,0.05,183.0
72479U,上櫃,0.49,0.49,54.0
72480U,上櫃,0.0,0.0,0.0
72481U,上櫃,0.03,0.04,723.0
72482U,上櫃,0.0,0.0,0.0
724830,上櫃,0.0,0.0,0.0
72483U,上櫃,0.35,0.35,290.0
72484U,上櫃,0.01,0.01,50.0
72485U,上櫃,0.35,0.4,257.0
72486U,上櫃,1.35,1.35,20.0
72487U,上櫃,0.0,0.0,0.0
72488U,上櫃,0.0,0.0,0.0
72489U,上櫃,0.0,0.0,0.0
72490U,上櫃,0.06,0.06,275.0
72491U,上櫃,0.0,0.0,0.0
72492U,上櫃,0.0,0.0,0.0
72493U,上櫃,0.6,0.6,21.0
72494U,上櫃,0.0,0.0,0.0
72495U,上櫃,1.09,1.18,30.0
72496U,上櫃,0.0,0.0,0.0
724976,上櫃,0.31,0.25,52.0
724977,上櫃,0.0,0.0,0.0
724978,上櫃,0.12,0.13,6.0
724979,上櫃,0.0,0.0,0.0
72497U,上櫃,0.0,0.0,0.0
724980,上櫃,0.31,0.29,2.0
724983,上櫃,0.0,0.0,0.0
72498U,上櫃,0.0,0.0,0.0
72499U,上櫃,0.0,0.0,0.0
72500U,上櫃,0.0,0.0,0.0
72501U,上櫃,1.19,1.15,373.0
72502U,上櫃,0.14,0.12,3642.0
72503U,上櫃,0.0,0.0,0.0
725043,上櫃,4.2,4.27,20.0
725044,上櫃,3.33,3.29,164.0
725045,上櫃,0.5,0.48,737.0
725048,上櫃,0.0,0.0,0.0
725049,上櫃,0.0,0.0,0.0
72504U,上櫃,0.12,0.12,162.0
72505U,上櫃,0.13,0.16,509.0
72506U,上櫃,0.0,0.0,0.0
72507U,上櫃,0.0,0.0,0.0
72508U,上櫃,0.0,0.0,0.0
72509U,上櫃,0.31,0.26,681.0
72510U,上櫃,0.1,0.1,718.0
72511U,上櫃,0.0,0.0,0.0
725122,上櫃,0.0,0.0,0.0
725125,上櫃,0.0,0.0,0.0
725126,上櫃,0.0,0.0,0.0
725127,上櫃,0.0,0.0,0.0
725128,上櫃,6.95,6.95,7.0
725129,上櫃,0.0,0.0,0.0
72512U,上櫃,0.0,0.0,0.0
725130,上櫃,0.0,0.0,0.0
725134,上櫃,0.0,0.0,0.0
725135,上櫃,0.0,0.0,0.0
72513U,上櫃,0.0,0.0,0.0
72514U,上櫃,0.0,0.0,0.0
72515U,上櫃,0.06,0.06,471.0
72516U,上櫃,0.0,0.0,0.0
72517U,上櫃,0.16,0.16,1.0
72518U,上櫃,1.1,1.1,15.0
72519U,上櫃,0.0,0.0,0.0
72520U,上櫃,1.33,1.48,26.0
72521U,上櫃,0.0,0.0,0.0
72522U,上櫃,0.63,0.69,26.0
72523U,上櫃,0.5,0.5,23.0
725241,上櫃,0.08,0.08,25.0
72524U,上櫃,0.0,0.0,0.0
72525U,上櫃,0.34,0.39,46.0
72526U,上櫃,0.44,0.47,30.0
72527U,上櫃,0.43,0.44,30.0
725286,上櫃,0.0,0.0,0.0
725287,上櫃,0.0,0.0,0.0
725288,上櫃,0.2,0.2,5.0
725289,上櫃,0.0,0.0,0.0
72528U,上櫃,1.12,1.12,9.0
72529U,上櫃,0.41,0.41,30.0
72530U,上櫃,0.22,0.22,93.0
72531U,上櫃,0.18,0.29,271.0
72532U,上櫃,0.21,0.21,10.0
725333,上櫃,0.0,0.0,0.0
72533U,上櫃,0.31,0.28,136.0
72534U,上櫃,0.21,0.18,96.0
72535U,上櫃,0.47,0.41,294.0
72536U,上櫃,0.0,0.0,0.0
72537U,上櫃,0.28,0.24,1085.0
72538U,上櫃,0.0,0.0,0.0
72539U,上櫃,0.47,0.44,832.0
72540U,上櫃,0.0,0.0,0.0
725411,上櫃,0.0,0.0,0.0
72541U,上櫃,0.28,0.23,715.0
72542U,上櫃,0.2,0.16,70.0
72543U,上櫃,0.0,0.0,0.0
725440,上櫃,0.0,0.0,0.0
72544U,上櫃,0.0,0.0,0.0
72545U,上櫃,0.4,0.33,783.0
72546U,上櫃,0.19,0.16,1007.0
72547U,上櫃,0.59,0.63,91.0
72548U,上櫃,0.0,0.0,0.0
72549U,上櫃,0.0,0.0,0.0
72550U,上櫃,0.0,0.0,0.0
72551U,上櫃,0.0,0.0,0.0
72552U,上櫃,0.1,0.12,251.0
72553U,上櫃,0.71,0.76,105.0
725541,上櫃,0.0,0.0,0.0
725542,上櫃,0.0,0.0,0.0
72554U,上櫃,0.0,0.0,0.0
72555U,上櫃,0.4,0.49,1107.0
72556U,上櫃,0.08,0.08,30.0
725575,上櫃,0.0,0.0,0.0
72557U,上櫃,0.06,0.07,276.0
72558U,上櫃,0.76,0.83,151.0
72559U,上櫃,0.0,0.0,0.0
72560U,上櫃,0.0,0.0,0.0
72561U,上櫃,0.0,0.0,0.0
72562U,上櫃,0.61,0.61,2.0
725631,上櫃,0.42,0.43,105.0
725632,上櫃,0.38,0.38,30.0
725633,上櫃,0.0,0.0,0.0
725634,上櫃,0.0,0.0,0.0
72563U,上櫃,0.0,0.0,0.0
72564U,上櫃,0.7,0.7,33.0
72565U,上櫃,0.11,0.1,426.0
72566U,上櫃,0.23,0.22,861.0
72567U,上櫃,0.38,0.31,1603.0
72568U,上櫃,0.15,0.16,541.0
72569U,上櫃,0.0,0.0,0.0
725709,上櫃,0.05,0.05,10.0
72570U,上櫃,1.07,1.13,315.0
725711,上櫃,0.0,0.0,0.0
72571U,上櫃,0.0,0.0,0.0
72572U,上櫃,0.0,0.0,0.0
72573U,上櫃,0.1,0.1,23.0
725744,上櫃,0.0,0.0,0.0
72574U,上櫃,1.38,1.51,162.0
72575U,上櫃,1.65,1.76,11.0
72576U,上櫃,1.62,1.68,6.0
72577U,上櫃,1.71,1.71,1.0
72578U,上櫃,0.0,0.0,0.0
72579U,上櫃,0.52,0.54,70.0
725803,上櫃,0.0,0.0,0.0
725804,上櫃,0.0,0.0,0.0
72580U,上櫃,0.2,0.2,20.0
72581U,上櫃,0.11,0.13,48.0
72582U,上櫃,1.87,1.9,22.0
72583U,上櫃,0.0,0.0,0.0
725841,上櫃,0.0,0.0,0.0
72584U,上櫃,0.35,0.35,100.0
72585U,上櫃,0.0,0.0,0.0
72586U,上櫃,0.58,0.58,10.0
72587U,上櫃,0.66,0.66,30.0
725881,上櫃,0.22,0.22,50.0
72588U,上櫃,0.0,0.0,0.0
72589U,上櫃,0.78,0.8,14.0
72590U,上櫃,0.0,0.0,0.0
72591U,上櫃,1.17,1.17,14.0
725924,上櫃,0.1,0.1,40.0
72592U,上櫃,0.76,0.75,60.0
72593U,上櫃,0.0,0.0,0.0
72594U,上櫃,0.0,0.0,0.0
72595U,上櫃,0.0,0.0,0.0
72596U,上櫃,0.27,0.28,68.0
72597U,上櫃,0.17,0.17,1096.0
72598U,上櫃,1.05,1.03,61.0
72599U,上櫃,0.15,0.15,30.0
72600U,上櫃,0.21,0.18,41.0
72601U,上櫃,0.45,0.45,29.0
72602U,上櫃,0.0,0.0,0.0
726037,上櫃,0.0,0.0,0.0
72603U,上櫃,1.18,1.22,52.0
72604U,上櫃,1.08,1.18,106.0
72605U,上櫃,1.0,1.09,290.0
72606U,上櫃,0.59,0.63,965.0
726070,上櫃,0.0,0.0,0.0
726078,上櫃,0.0,0.0,0.0
72607U,上櫃,1.15,1.3,162.0
72608U,上櫃,0.0,0.0,0.0
72609U,上櫃,1.17,1.2,23.0
72610U,上櫃,0.0,0.0,0.0
726119,上櫃,1.46,1.48,20.0
72611U,上櫃,0.0,0.0,0.0
72612U,上櫃,0.7,0.75,86.0
72613U,上櫃,1.26,1.31,428.0
72614U,上櫃,0.0,0.0,0.0
72615U,上櫃,0.0,0.0,0.0
72616U,上櫃,0.0,0.0,0.0
72617U,上櫃,1.38,1.38,398.0
72618U,上櫃,0.0,0.0,0.0
726194,上櫃,0.0,0.0,0.0
72619U,上櫃,0.0,0.0,0.0
72620U,上櫃,1.57,1.57,3.0
726216,上櫃,0.0,0.0,0.0
726217,上櫃,0.0,0.0,0.0
72621U,上櫃,0.0,0.0,0.0
72622U,上櫃,0.47,0.47,74.0
72623U,上櫃,0.0,0.0,0.0
72624U,上櫃,0.0,0.0,0.0
72625U,上櫃,0.42,0.42,51.0
726266,上櫃,0.0,0.0,0.0
72626U,上櫃,0.0,0.0,0.0
72627U,上櫃,1.51,1.51,33.0
72628U,上櫃,0.93,0.93,2.0
72629U,上櫃,1.41,1.41,21.0
72630U,上櫃,0.56,0.58,10.0
72631U,上櫃,0.0,0.0,0.0
72632U,上櫃,0.18,0.18,160.0
72633U,上櫃,0.0,0.0,0.0
72634U,上櫃,1.21,1.27,20.0
72635U,上櫃,1.4,1.4,28.0
726360,上櫃,0.0,0.0,0.0
72636U,上櫃,0.77,0.77,20.0
72637U,上櫃,0.86,0.88,111.0
72638U,上櫃,0.0,0.0,0.0
72639U,上櫃,0.0,0.0,0.0
726407,上櫃,0.0,0.0,0.0
726408,上櫃,0.0,0.0,0.0
72640U,上櫃,0.0,0.0,0.0
72641U,上櫃,0.0,0.0,0.0
72642U,上櫃,0.66,0.66,20.0
72643U,上櫃,1.05,1.05,1.0
72644U,上櫃,0.0,0.0,0.0
72645U,上櫃,0.54,0.54,15.0
72646U,上櫃,2.48,2.35,32.0
72647U,上櫃,0.89,0.91,13.0
72648U,上櫃,0.55,0.61,635.0
72649U,上櫃,0.0,0.0,0.0
726500,上櫃,0.0,0.0,0.0
726502,上櫃,0.0,0.0,0.0
726504,上櫃,0.23,0.28,409.0
72650U,上櫃,0.66,0.66,100.0
72651U,上櫃,0.46,0.48,404.0
72652U,上櫃,0.0,0.0,0.0
72653U,上櫃,1.85,1.85,3.0
72654U,上櫃,0.72,0.72,82.0
726554,上櫃,0.0,0.0,0.0
726555,上櫃,0.0,0.0,0.0
726556,上櫃,0.0,0.0,0.0
72655U,上櫃,1.07,1.31,31.0
726560,上櫃,0.0,0.0,0.0
726561,上櫃,0.0,0.0,0.0
726562,上櫃,2.54,2.53,102.0
72656U,上櫃,0.0,0.0,0.0
72657U,上櫃,0.45,0.55,267.0
72658U,上櫃,0.92,1.05,82.0
72659U,上櫃,0.78,0.69,155.0
72660U,上櫃,0.28,0.22,684.0
726612,上櫃,0.0,0.0,0.0
726614,上櫃,1.63,1.63,3.0
72661U,上櫃,0.67,0.62,111.0
72662U,上櫃,0.71,0.71,90.0
72663U,上櫃,0.65,0.57,197.0
72664U,上櫃,0.2,0.2,4458.0
72665U,上櫃,1.06,0.99,349.0
72666U,上櫃,0.0,0.0,0.0
726676,上櫃,0.0,0.0,0.0
72667U,上櫃,0.0,0.0,0.0
72668U,上櫃,0.48,0.48,30.0
72669U,上櫃,0.57,0.64,1844.0
72670U,上櫃,1.89,1.93,11.0
72671U,上櫃,0.0,0.0,0.0
72672U,上櫃,0.18,0.23,131.0
72673U,上櫃,0.91,0.9,18.0
72674U,上櫃,0.74,0.67,674.0
72675U,上櫃,0.0,0.0,0.0
72676U,上櫃,0.0,0.0,0.0
726771,上櫃,0.0,0.0,0.0
72677U,上櫃,0.0,0.0,0.0
72678U,上櫃,0.0,0.0,0.0
72679U,上櫃,0.0,0.0,0.0
72680U,上櫃,1.06,1.26,541.0
726812,上櫃,0.0,0.0,0.0
72681U,上櫃,0.45,0.64,1327.0
72682U,上櫃,0.9,0.9,10.0
72683U,上櫃,0.0,0.0,0.0
726843,上櫃,0.0,0.0,0.0
72684U,上櫃,0.75,0.75,100.0
72685U,上櫃,0.88,1.01,7.0
72686U,上櫃,1.21,1.38,100.0
72687U,上櫃,0.85,0.88,6.0
726884,上櫃,0.0,0.0,0.0
72688U,上櫃,1.68,1.54,71.0
72689U,上櫃,1.22,1.14,541.0
72690U,上櫃,1.41,1.41,1.0
72691U,上櫃,1.31,1.31,10.0
726924,上櫃,0.0,0.0,0.0
726925,上櫃,0.0,0.0,0.0
726926,上櫃,0.27,0.27,67.0
726927,上櫃,0.29,0.29,259.0
726929,上櫃,0.0,0.0,0.0
72692U,上櫃,1.17,1.17,14.0
72693U,上櫃,2.75,2.86,3.0
72694U,上櫃,0.0,0.0,0.0
72695U,上櫃,0.0,0.0,0.0
72696U,上櫃,0.0,0.0,0.0
72697U,上櫃,2.09,2.3,112.0
72698U,上櫃,2.35,2.34,18.0
726991,上櫃,0.0,0.0,0.0
72699U,上櫃,1.83,1.83,14.0
72700U,上櫃,0.35,0.33,3.0
72701U,上櫃,1.02,1.02,5.0
727025,上櫃,0.0,0.0,0.0
72702U,上櫃,1.66,1.74,44.0
72703U,上櫃,1.9,1.93,67.0
72704U,上櫃,0.0,0.0,0.0
72705U,上櫃,0.0,0.0,0.0
72706U,上櫃,2.37,2.37,11.0
72707U,上櫃,0.86,0.89,25.0
72708U,上櫃,0.0,0.0,0.0
727095,上櫃,0.22,0.22,241.0
72709U,上櫃,0.0,0.0,0.0
72710U,上櫃,0.0,0.0,0.0
72711U,上櫃,2.1,2.11,320.0
727122,上櫃,0.21,0.21,5.0
72712U,上櫃,0.0,0.0,0.0
727146,上櫃,0.0,0.0,0.0
727202,上櫃,0.0,0.0,0.0
727242,上櫃,0.0,0.0,0.0
727275,上櫃,0.83,0.83,2.0
727349,上櫃,0.21,0.2,3.0
727402,上櫃,0.0,0.0,0.0
727403,上櫃,0.0,0.0,0.0
727404,上櫃,0.0,0.0,0.0
727405,上櫃,1.09,1.05,140.0
727454,上櫃,0.0,0.0,0.0
727457,上櫃,0.11,0.11,31.0
727458,上櫃,0.0,0.0,0.0
727459,上櫃,0.0,0.0,0.0
727460,上櫃,0.0,0.0,0.0
727536,上櫃,0.03,0.03,75.0
727613,上櫃,1.06,0.92,29.0
727664,上櫃,0.0,0.0,0.0
727665,上櫃,0.0,0.0,0.0
727760,上櫃,0.0,0.0,0.0
727836,上櫃,0.0,0.0,0.0
727869,上櫃,0.0,0.0,0.0
727870,上櫃,0.0,0.0,0.0
727930,上櫃,0.0,0.0,0.0
728002,上櫃,0.08,0.08,3.0
728003,上櫃,0.2,0.2,50.0
728004,上櫃,0.0,0.0,0.0
728005,上櫃,0.0,0.0,0.0
728047,上櫃,0.0,0.0,0.0
728050,上櫃,0.0,0.0,0.0
728051,上櫃,0.4,0.32,130.0
728086,上櫃,0.58,0.59,43.0
728088,上櫃,0.0,0.0,0.0
728171,上櫃,0.0,0.0,0.0
728172,上櫃,0.0,0.0,0.0
728174,上櫃,0.0,0.0,0.0
728176,上櫃,0.21,0.2,4.0
728177,上櫃,0.0,0.0,0.0
728264,上櫃,0.0,0.0,0.0
728271,上櫃,0.0,0.0,0.0
728323,上櫃,0.0,0.0,0.0
728324,上櫃,0.0,0.0,0.0
728325,上櫃,0.0,0.0,0.0
728391,上櫃,0.15,0.13,100.0
728392,上櫃,0.0,0.0,0.0
728394,上櫃,0.0,0.0,0.0
728395,上櫃,0.0,0.0,0.0
728396,上櫃,0.0,0.0,0.0
728399,上櫃,0.0,0.0,0.0
728402,上櫃,0.31,0.26,38.0
728403,上櫃,0.52,0.53,49.0
728404,上櫃,0.0,0.0,0.0
728411,上櫃,0.0,0.0,0.0
728420,上櫃,0.36,0.35,29.0
728511,上櫃,0.0,0.0,0.0
728512,上櫃,0.0,0.0,0.0
728514,上櫃,0.0,0.0,0.0
728515,上櫃,0.0,0.0,0.0
728516,上櫃,0.0,0.0,0.0
728519,上櫃,1.01,0.94,16.0
728520,上櫃,0.0,0.0,0.0
728523,上櫃,0.0,0.0,0.0
728595,上櫃,0.56,0.56,30.0
728657,上櫃,0.89,0.89,6.0
728658,上櫃,0.71,0.71,170.0
728660,上櫃,0.0,0.0,0.0
728662,上櫃,0.17,0.16,105.0
728663,上櫃,0.0,0.0,0.0
728665,上櫃,0.0,0.0,0.0
728666,上櫃,0.0,0.0,0.0
728667,上櫃,0.0,0.0,0.0
728753,上櫃,0.0,0.0,0.0
728755,上櫃,0.0,0.0,0.0
728758,上櫃,0.0,0.0,0.0
728764,上櫃,0.0,0.0,0.0
728765,上櫃,0.0,0.0,0.0
728766,上櫃,0.0,0.0,0.0
728767,上櫃,0.0,0.0,0.0
728768,上櫃,0.0,0.0,0.0
728771,上櫃,0.0,0.0,0.0
728774,上櫃,0.0,0.0,0.0
728781,上櫃,0.0,0.0,0.0
728852,上櫃,0.0,0.0,0.0
728853,上櫃,0.4,0.38,170.0
728860,上櫃,0.6,0.6,40.0
728920,上櫃,2.09,2.09,51.0
728963,上櫃,0.4,0.38,1101.0
728964,上櫃,0.0,0.0,0.0
728965,上櫃,0.0,0.0,0.0
728966,上櫃,0.11,0.14,30.0
728967,上櫃,0.17,0.17,20.0
729010,上櫃,0.31,0.3,4.0
729028,上櫃,0.0,0.0,0.0
729031,上櫃,3.85,3.85,1.0
729068,上櫃,0.0,0.0,0.0
729069,上櫃,0.0,0.0,0.0
729170,上櫃,0.41,0.41,20.0
729171,上櫃,0.27,0.28,365.0
729172,上櫃,0.31,0.31,110.0
729174,上櫃,0.5,0.47,165.0
729176,上櫃,0.0,0.0,0.0
729177,上櫃,0.0,0.0,0.0
729178,上櫃,0.75,0.75,2.0
729179,上櫃,0.0,0.0,0.0
729181,上櫃,0.0,0.0,0.0
729185,上櫃,1.52,1.58,52.0
729186,上櫃,1.05,1.06,313.0
729187,上櫃,1.19,1.24,2524.0
729226,上櫃,0.0,0.0,0.0
729313,上櫃,0.0,0.0,0.0
729314,上櫃,0.0,0.0,0.0
729411,上櫃,0.0,0.0,0.0
729413,上櫃,0.0,0.0,0.0
729425,上櫃,0.0,0.0,0.0
729426,上櫃,0.0,0.0,0.0
729484,上櫃,0.0,0.0,0.0
729485,上櫃,0.0,0.0,0.0
729486,上櫃,0.0,0.0,0.0
729487,上櫃,0.0,0.0,0.0
729488,上櫃,0.0,0.0,0.0
729489,上櫃,0.0,0.0,0.0
729491,上櫃,0.0,0.0,0.0
729492,上櫃,0.0,0.0,0.0
729493,上櫃,0.84,0.86,39.0
729494,上櫃,0.0,0.0,0.0
729495,上櫃,0.0,0.0,0.0
729496,上櫃,0.0,0.0,0.0
729499,上櫃,0.0,0.0,0.0
729527,上櫃,0.0,0.0,0.0
729528,上櫃,0.0,0.0,0.0
729529,上櫃,0.0,0.0,0.0
729530,上櫃,0.0,0.0,0.0
729531,上櫃,0.0,0.0,0.0
729532,上櫃,2.1,2.1,5.0
729533,上櫃,0.0,0.0,0.0
729534,上櫃,0.0,0.0,0.0
729535,上櫃,0.0,0.0,0.0
729536,上櫃,0.8,0.8,50.0
729544,上櫃,1.1,1.08,7.0
729560,上櫃,0.0,0.0,0.0
729618,上櫃,0.0,0.0,0.0
729619,上櫃,0.0,0.0,0.0
729620,上櫃,0.0,0.0,0.0
729621,上櫃,0.0,0.0,0.0
729623,上櫃,4.33,4.33,10.0
729624,上櫃,0.0,0.0,0.0
729625,上櫃,0.76,0.8,6226.0
729626,上櫃,0.0,0.0,0.0
729627,上櫃,0.0,0.0,0.0
729628,上櫃,0.17,0.17,20.0
729629,上櫃,0.0,0.0,0.0
729630,上櫃,0.0,0.0,0.0
729631,上櫃,0.99,1.18,46.0
729676,上櫃,0.0,0.0,0.0
729698,上櫃,0.32,0.23,20.0
729699,上櫃,0.0,0.0,0.0
729700,上櫃,0.0,0.0,0.0
729701,上櫃,0.0,0.0,0.0
729702,上櫃,0.0,0.0,0.0
729703,上櫃,0.0,0.0,0.0
729704,上櫃,0.0,0.0,0.0
729705,上櫃,0.0,0.0,0.0
729706,上櫃,0.0,0.0,0.0
729707,上櫃,0.0,0.0,0.0
729708,上櫃,0.0,0.0,0.0
729709,上櫃,0.0,0.0,0.0
729710,上櫃,0.0,0.0,0.0
729711,上櫃,0.29,0.3,30.0
729712,上櫃,0.0,0.0,0.0
729713,上櫃,0.0,0.0,0.0
729714,上櫃,0.0,0.0,0.0
729715,上櫃,0.0,0.0,0.0
729769,上櫃,0.0,0.0,0.0
729791,上櫃,5.0,4.52,2.0
729792,上櫃,0.0,0.0,0.0
729793,上櫃,0.0,0.0,0.0
729794,上櫃,0.0,0.0,0.0
729795,上櫃,0.0,0.0,0.0
729796,上櫃,0.0,0.0,0.0
729797,上櫃,0.0,0.0,0.0
729798,上櫃,0.0,0.0,0.0
729799,上櫃,0.89,0.87,31.0
729800,上櫃,0.0,0.0,0.0
729801,上櫃,3.1,3.1,10.0
729802,上櫃,0.0,0.0,0.0
729803,上櫃,0.0,0.0,0.0
729804,上櫃,0.0,0.0,0.0
729805,上櫃,0.0,0.0,0.0
729806,上櫃,0.18,0.25,3186.0
729807,上櫃,0.1,0.1,30.0
729808,上櫃,0.32,0.32,9.0
729834,上櫃,0.0,0.0,0.0
729835,上櫃,0.0,0.0,0.0
729870,上櫃,0.0,0.0,0.0
729871,上櫃,0.0,0.0,0.0
729872,上櫃,0.0,0.0,0.0
729873,上櫃,0.0,0.0,0.0
729874,上櫃,0.0,0.0,0.0
729875,上櫃,0.0,0.0,0.0
729876,上櫃,0.0,0.0,0.0
729877,上櫃,0.0,0.0,0.0
729878,上櫃,0.0,0.0,0.0
729879,上櫃,0.0,0.0,0.0
729880,上櫃,0.0,0.0,0.0
729881,上櫃,0.0,0.0,0.0
729882,上櫃,0.0,0.0,0.0
729883,上櫃,0.0,0.0,0.0
729884,上櫃,0.09,0.09,10.0
729885,上櫃,0.0,0.0,0.0
729886,上櫃,0.0,0.0,0.0
729887,上櫃,0.0,0.0,0.0
729888,上櫃,0.0,0.0,0.0
729889,上櫃,0.0,0.0,0.0
729890,上櫃,0.0,0.0,0.0
729891,上櫃,0.0,0.0,0.0
729892,上櫃,0.0,0.0,0.0
729894,上櫃,0.0,0.0,0.0
729895,上櫃,0.0,0.0,0.0
729900,上櫃,0.52,0.54,40.0
729958,上櫃,0.0,0.0,0.0
729959,上櫃,0.0,0.0,0.0
729960,上櫃,0.0,0.0,0.0
729961,上櫃,0.0,0.0,0.0
729962,上櫃,0.0,0.0,0.0
729963,上櫃,0.0,0.0,0.0
729964,上櫃,1.82,1.82,8.0
729965,上櫃,0.0,0.0,0.0
729966,上櫃,0.0,0.0,0.0
729967,上櫃,0.0,0.0,0.0
729969,上櫃,0.0,0.0,0.0
729970,上櫃,0.0,0.0,0.0
729971,上櫃,0.0,0.0,0.0
729972,上櫃,0.0,0.0,0.0
729973,上櫃,0.33,0.3,41.0
729974,上櫃,0.52,0.47,661.0
729975,上櫃,0.0,0.0,0.0
730036,上櫃,0.0,0.0,0.0
730037,上櫃,0.0,0.0,0.0
730038,上櫃,0.0,0.0,0.0
730039,上櫃,0.0,0.0,0.0
730040,上櫃,0.0,0.0,0.0
730041,上櫃,0.0,0.0,0.0
730042,上櫃,0.0,0.0,0.0
730043,上櫃,0.0,0.0,0.0
730044,上櫃,0.0,0.0,0.0
730045,上櫃,0.0,0.0,0.0
730046,上櫃,2.64,2.64,50.0
730047,上櫃,0.0,0.0,0.0
730048,上櫃,0.46,0.44,57.0
730049,上櫃,0.0,0.0,0.0
730050,上櫃,0.0,0.0,0.0
730051,上櫃,0.0,0.0,0.0
730052,上櫃,0.0,0.0,0.0
730053,上櫃,0.0,0.0,0.0
730054,上櫃,0.0,0.0,0.0
730055,上櫃,0.19,0.19,22.0
730056,上櫃,0.0,0.0,0.0
730057,上櫃,0.0,0.0,0.0
730058,上櫃,0.0,0.0,0.0
730059,上櫃,0.0,0.0,0.0
730124,上櫃,0.0,0.0,0.0
730127,上櫃,0.0,0.0,0.0
730128,上櫃,0.0,0.0,0.0
730131,上櫃,0.0,0.0,0.0
730132,上櫃,0.0,0.0,0.0
730134,上櫃,0.0,0.0,0.0
730135,上櫃,0.0,0.0,0.0
730136,上櫃,0.0,0.0,0.0
730137,上櫃,0.0,0.0,0.0
730138,上櫃,0.0,0.0,0.0
730139,上櫃,0.0,0.0,0.0
730140,上櫃,0.0,0.0,0.0
730141,上櫃,0.0,0.0,0.0
730142,上櫃,0.0,0.0,0.0
730143,上櫃,0.0,0.0,0.0
730144,上櫃,0.0,0.0,0.0
730145,上櫃,0.0,0.0,0.0
730146,上櫃,0.55,0.55,30.0
730147,上櫃,0.0,0.0,0.0
730148,上櫃,0.0,0.0,0.0
730149,上櫃,2.21,2.54,12.0
730150,上櫃,0.0,0.0,0.0
730151,上櫃,0.0,0.0,0.0
730152,上櫃,1.38,1.38,2.0
730153,上櫃,0.08,0.08,55.0
730154,上櫃,0.0,0.0,0.0
730155,上櫃,0.0,0.0,0.0
730156,上櫃,0.0,0.0,0.0
730157,上櫃,0.0,0.0,0.0
730158,上櫃,0.0,0.0,0.0
730159,上櫃,0.0,0.0,0.0
730160,上櫃,0.0,0.0,0.0
730161,上櫃,0.33,0.33,5.0
730194,上櫃,0.0,0.0,0.0
730229,上櫃,0.0,0.0,0.0
730230,上櫃,0.0,0.0,0.0
730231,上櫃,0.0,0.0,0.0
730232,上櫃,1.3,1.3,10.0
730233,上櫃,0.0,0.0,0.0
730234,上櫃,0.0,0.0,0.0
730235,上櫃,0.0,0.0,0.0
730236,上櫃,0.0,0.0,0.0
730237,上櫃,0.0,0.0,0.0
730238,上櫃,10.2,9.95,110.0
730239,上櫃,0.0,0.0,0.0
730240,上櫃,0.0,0.0,0.0
730241,上櫃,0.0,0.0,0.0
730242,上櫃,0.33,0.25,284.0
730243,上櫃,0.0,0.0,0.0
730244,上櫃,0.0,0.0,0.0
730245,上櫃,0.0,0.0,0.0
730247,上櫃,0.0,0.0,0.0
730294,上櫃,0.0,0.0,0.0
730301,上櫃,0.0,0.0,0.0
730302,上櫃,0.0,0.0,0.0
730303,上櫃,0.0,0.0,0.0
730304,上櫃,0.99,0.99,1.0
730305,上櫃,0.0,0.0,0.0
730306,上櫃,0.0,0.0,0.0
730307,上櫃,0.0,0.0,0.0
730308,上櫃,0.0,0.0,0.0
730309,上櫃,0.0,0.0,0.0
730310,上櫃,0.0,0.0,0.0
730312,上櫃,0.0,0.0,0.0
730313,上櫃,0.0,0.0,0.0
730314,上櫃,0.1,0.1,50.0
730315,上櫃,0.0,0.0,0.0
730316,上櫃,0.0,0.0,0.0
730317,上櫃,0.0,0.0,0.0
730372,上櫃,0.0,0.0,0.0
730375,上櫃,0.0,0.0,0.0
730396,上櫃,0.0,0.0,0.0
730397,上櫃,0.0,0.0,0.0
730398,上櫃,0.0,0.0,0.0
730399,上櫃,0.0,0.0,0.0
730400,上櫃,0.0,0.0,0.0
730401,上櫃,0.16,0.19,238.0
730402,上櫃,0.0,0.0,0.0
730403,上櫃,0.0,0.0,0.0
730404,上櫃,0.0,0.0,0.0
730406,上櫃,0.0,0.0,0.0
730407,上櫃,0.0,0.0,0.0
730408,上櫃,0.0,0.0,0.0
730410,上櫃,0.0,0.0,0.0
730411,上櫃,4.42,4.78,63.0
730412,上櫃,3.55,3.82,80.0
730414,上櫃,0.0,0.0,0.0
730415,上櫃,0.0,0.0,0.0
730416,上櫃,0.0,0.0,0.0
730418,上櫃,0.0,0.0,0.0
730419,上櫃,0.0,0.0,0.0
730420,上櫃,0.0,0.0,0.0
730441,上櫃,0.0,0.0,0.0
730487,上櫃,0.0,0.0,0.0
730488,上櫃,0.0,0.0,0.0
730489,上櫃,0.0,0.0,0.0
730490,上櫃,0.0,0.0,0.0
730491,上櫃,0.0,0.0,0.0
730492,上櫃,0.0,0.0,0.0
730493,上櫃,0.0,0.0,0.0
730495,上櫃,0.0,0.0,0.0
730496,上櫃,0.0,0.0,0.0
730497,上櫃,0.28,0.19,650.0
730498,上櫃,0.0,0.0,0.0
730499,上櫃,0.0,0.0,0.0
730500,上櫃,0.0,0.0,0.0
730501,上櫃,0.0,0.0,0.0
730502,上櫃,0.0,0.0,0.0
730503,上櫃,0.0,0.0,0.0
730529,上櫃,0.0,0.0,0.0
730539,上櫃,0.0,0.0,0.0
730540,上櫃,0.61,0.61,10.0
730541,上櫃,0.0,0.0,0.0
730542,上櫃,0.0,0.0,0.0
730543,上櫃,0.0,0.0,0.0
730544,上櫃,0.0,0.0,0.0
730545,上櫃,0.0,0.0,0.0
730546,上櫃,0.0,0.0,0.0
730547,上櫃,4.01,4.01,4.0
730548,上櫃,0.47,0.47,9.0
730549,上櫃,0.0,0.0,0.0
730551,上櫃,0.13,0.13,1.0
730553,上櫃,0.36,0.32,1322.0
730555,上櫃,0.0,0.0,0.0
730557,上櫃,0.0,0.0,0.0
730558,上櫃,0.0,0.0,0.0
730559,上櫃,4.47,4.05,52.0
730623,上櫃,0.0,0.0,0.0
730624,上櫃,0.0,0.0,0.0
730625,上櫃,0.0,0.0,0.0
730627,上櫃,0.0,0.0,0.0
730629,上櫃,0.0,0.0,0.0
730630,上櫃,0.0,0.0,0.0
730631,上櫃,0.0,0.0,0.0
730632,上櫃,0.0,0.0,0.0
730633,上櫃,0.0,0.0,0.0
730634,上櫃,0.0,0.0,0.0
730635,上櫃,0.35,0.35,110.0
730636,上櫃,0.0,0.0,0.0
730637,上櫃,0.0,0.0,0.0
730638,上櫃,0.0,0.0,0.0
730681,上櫃,0.0,0.0,0.0
730720,上櫃,0.0,0.0,0.0
730721,上櫃,0.0,0.0,0.0
730722,上櫃,0.0,0.0,0.0
730723,上櫃,0.0,0.0,0.0
730725,上櫃,0.0,0.0,0.0
730726,上櫃,0.0,0.0,0.0
730727,上櫃,0.0,0.0,0.0
730728,上櫃,0.0,0.0,0.0
730729,上櫃,0.0,0.0,0.0
730730,上櫃,0.0,0.0,0.0
730731,上櫃,0.0,0.0,0.0
730732,上櫃,0.0,0.0,0.0
730733,上櫃,0.14,0.13,40.0
730734,上櫃,0.0,0.0,0.0
730735,上櫃,0.0,0.0,0.0
730736,上櫃,0.0,0.0,0.0
730737,上櫃,0.0,0.0,0.0
730738,上櫃,0.0,0.0,0.0
730739,上櫃,0.0,0.0,0.0
730740,上櫃,0.0,0.0,0.0
730741,上櫃,0.0,0.0,0.0
730761,上櫃,0.0,0.0,0.0
730762,上櫃,0.0,0.0,0.0
730804,上櫃,0.0,0.0,0.0
730820,上櫃,0.0,0.0,0.0
730821,上櫃,0.0,0.0,0.0
730824,上櫃,0.0,0.0,0.0
730825,上櫃,0.0,0.0,0.0
730826,上櫃,0.0,0.0,0.0
730828,上櫃,0.0,0.0,0.0
730829,上櫃,0.0,0.0,0.0
730913,上櫃,0.0,0.0,0.0
730914,上櫃,0.0,0.0,0.0
730916,上櫃,0.0,0.0,0.0
730917,上櫃,0.0,0.0,0.0
730919,上櫃,0.0,0.0,0.0
730920,上櫃,0.0,0.0,0.0
730921,上櫃,0.1,0.06,91.0
730922,上櫃,0.0,0.0,0.0
730923,上櫃,0.0,0.0,0.0
730925,上櫃,0.0,0.0,0.0
730926,上櫃,0.0,0.0,0.0
730927,上櫃,0.0,0.0,0.0
730928,上櫃,1.66,1.66,1.0
730929,上櫃,0.0,0.0,0.0
730930,上櫃,0.0,0.0,0.0
730932,上櫃,0.0,0.0,0.0
730934,上櫃,0.0,0.0,0.0
730935,上櫃,0.0,0.0,0.0
730936,上櫃,3.87,3.56,3.0
730937,上櫃,0.0,0.0,0.0
730952,上櫃,0.0,0.0,0.0
730997,上櫃,0.0,0.0,0.0
730998,上櫃,0.0,0.0,0.0
730999,上櫃,0.0,0.0,0.0
731000,上櫃,0.0,0.0,0.0
731001,上櫃,0.0,0.0,0.0
731002,上櫃,0.0,0.0,0.0
731003,上櫃,0.0,0.0,0.0
731004,上櫃,0.0,0.0,0.0
731005,上櫃,0.0,0.0,0.0
731006,上櫃,0.0,0.0,0.0
731007,上櫃,0.0,0.0,0.0
731008,上櫃,0.74,0.74,30.0
731009,上櫃,0.0,0.0,0.0
731011,上櫃,0.0,0.0,0.0
731032,上櫃,0.0,0.0,0.0
731036,上櫃,0.0,0.0,0.0
731061,上櫃,0.0,0.0,0.0
731062,上櫃,0.0,0.0,0.0
731063,上櫃,0.0,0.0,0.0
731082,上櫃,0.0,0.0,0.0
731083,上櫃,0.0,0.0,0.0
731084,上櫃,0.0,0.0,0.0
731086,上櫃,0.0,0.0,0.0
731087,上櫃,0.0,0.0,0.0
731088,上櫃,0.0,0.0,0.0
731089,上櫃,0.01,0.01,10.0
731090,上櫃,0.0,0.0,0.0
731091,上櫃,0.0,0.0,0.0
731092,上櫃,9.8,9.8,1.0
731093,上櫃,0.0,0.0,0.0
731094,上櫃,1.29,1.26,200.0
731095,上櫃,0.0,0.0,0.0
731103,上櫃,0.0,0.0,0.0
731113,上櫃,0.0,0.0,0.0
731159,上櫃,0.0,0.0,0.0
731160,上櫃,0.0,0.0,0.0
731161,上櫃,0.0,0.0,0.0
731162,上櫃,0.14,0.14,2.0
731163,上櫃,0.0,0.0,0.0
731164,上櫃,3.75,3.75,10.0
731165,上櫃,4.81,4.77,140.0
731166,上櫃,0.06,0.04,2430.0
731167,上櫃,0.0,0.0,0.0
731168,上櫃,0.0,0.0,0.0
731169,上櫃,0.0,0.0,0.0
731170,上櫃,0.0,0.0,0.0
731171,上櫃,9.75,9.75,11.0
731172,上櫃,9.5,9.5,1.0
731173,上櫃,0.0,0.0,0.0
731219,上櫃,0.0,0.0,0.0
731238,上櫃,0.0,0.0,0.0
731240,上櫃,0.4,0.28,2532.0
731246,上櫃,0.0,0.0,0.0
731248,上櫃,0.0,0.0,0.0
731254,上櫃,0.0,0.0,0.0
731255,上櫃,5.3,5.45,237.0
731256,上櫃,0.0,0.0,0.0
731257,上櫃,0.0,0.0,0.0
731258,上櫃,0.0,0.0,0.0
731259,上櫃,0.0,0.0,0.0
731260,上櫃,0.0,0.0,0.0
731261,上櫃,0.0,0.0,0.0
731262,上櫃,0.0,0.0,0.0
731263,上櫃,0.0,0.0,0.0
731264,上櫃,0.0,0.0,0.0
731265,上櫃,0.0,0.0,0.0
731266,上櫃,0.01,0.01,10.0
731277,上櫃,0.0,0.0,0.0
731331,上櫃,0.0,0.0,0.0
731332,上櫃,0.35,0.35,10.0
731333,上櫃,0.0,0.0,0.0
731334,上櫃,0.0,0.0,0.0
731335,上櫃,0.0,0.0,0.0
731336,上櫃,0.0,0.0,0.0
731338,上櫃,0.0,0.0,0.0
731377,上櫃,0.31,0.26,643.0
731386,上櫃,0.0,0.0,0.0
731387,上櫃,0.0,0.0,0.0
731388,上櫃,0.0,0.0,0.0
731389,上櫃,0.0,0.0,0.0
731390,上櫃,0.0,0.0,0.0
731392,上櫃,0.0,0.0,0.0
731393,上櫃,0.0,0.0,0.0
731394,上櫃,0.0,0.0,0.0
731395,上櫃,0.0,0.0,0.0
731397,上櫃,1.13,1.16,21.0
731398,上櫃,0.0,0.0,0.0
731399,上櫃,0.0,0.0,0.0
731400,上櫃,0.0,0.0,0.0
731437,上櫃,1.37,1.37,10.0
731488,上櫃,0.0,0.0,0.0
731489,上櫃,0.0,0.0,0.0
731490,上櫃,1.0,1.0,6.0
731491,上櫃,0.0,0.0,0.0
731492,上櫃,0.11,0.11,20.0
731493,上櫃,0.0,0.0,0.0
731494,上櫃,0.0,0.0,0.0
731495,上櫃,0.42,0.41,134.0
731496,上櫃,0.0,0.0,0.0
731497,上櫃,1.54,1.77,20.0
731498,上櫃,0.0,0.0,0.0
731499,上櫃,1.33,1.27,296.0
731500,上櫃,0.61,0.56,301.0
731501,上櫃,0.45,0.45,1.0
731522,上櫃,0.05,0.05,219.0
731552,上櫃,0.0,0.0,0.0
731553,上櫃,0.04,0.04,50.0
731554,上櫃,0.0,0.0,0.0
731555,上櫃,0.0,0.0,0.0
731556,上櫃,0.0,0.0,0.0
731583,上櫃,0.0,0.0,0.0
731584,上櫃,11.2,10.8,129.0
731585,上櫃,0.0,0.0,0.0
731588,上櫃,0.0,0.0,0.0
731595,上櫃,0.0,0.0,0.0
731631,上櫃,0.0,0.0,0.0
731670,上櫃,0.65,0.66,70.0
731671,上櫃,0.0,0.0,0.0
731672,上櫃,0.0,0.0,0.0
731698,上櫃,0.0,0.0,0.0
731729,上櫃,0.0,0.0,0.0
731730,上櫃,1.16,1.1,144.0
731751,上櫃,15.2,15.4,6.0
731772,上櫃,0.0,0.0,0.0
731799,上櫃,0.0,0.0,0.0
731819,上櫃,0.0,0.0,0.0
731820,上櫃,0.15,0.15,70.0
731821,上櫃,0.0,0.0,0.0
731822,上櫃,0.0,0.0,0.0
731826,上櫃,0.0,0.0,0.0
731827,上櫃,0.0,0.0,0.0
731873,上櫃,0.0,0.0,0.0
731874,上櫃,0.0,0.0,0.0
731875,上櫃,0.0,0.0,0.0
731876,上櫃,0.0,0.0,0.0
731877,上櫃,0.0,0.0,0.0
731891,上櫃,0.0,0.0,0.0
731945,上櫃,0.0,0.0,0.0
731946,上櫃,0.0,0.0,0.0
731947,上櫃,0.0,0.0,0.0
731948,上櫃,0.0,0.0,0.0
731949,上櫃,0.0,0.0,0.0
731950,上櫃,0.0,0.0,0.0
731951,上櫃,0.0,0.0,0.0
731952,上櫃,0.0,0.0,0.0
732011,上櫃,0.0,0.0,0.0
732012,上櫃,0.07,0.05,15.0
732020,上櫃,0.0,0.0,0.0
732039,上櫃,0.0,0.0,0.0
732049,上櫃,0.78,0.7,399.0
732050,上櫃,0.0,0.0,0.0
732051,上櫃,0.27,0.27,40.0
732052,上櫃,0.93,0.93,20.0
732053,上櫃,0.71,0.81,1422.0
732054,上櫃,0.74,0.79,586.0
732055,上櫃,0.21,0.2,191.0
732056,上櫃,1.21,1.28,30.0
732068,上櫃,0.86,0.8,18.0
732069,上櫃,0.75,0.74,88.0
732070,上櫃,0.0,0.0,0.0
732112,上櫃,0.0,0.0,0.0
732131,上櫃,4.46,4.22,186.0
732139,上櫃,7.5,7.5,4.0
732160,上櫃,0.04,0.04,50.0
732164,上櫃,0.0,0.0,0.0
732165,上櫃,0.0,0.0,0.0
732167,上櫃,0.33,0.38,38.0
732168,上櫃,0.0,0.0,0.0
732182,上櫃,0.0,0.0,0.0
732215,上櫃,0.0,0.0,0.0
732216,上櫃,0.0,0.0,0.0
732217,上櫃,0.0,0.0,0.0
732219,上櫃,0.0,0.0,0.0
732220,上櫃,0.0,0.0,0.0
732221,上櫃,0.0,0.0,0.0
732268,上櫃,0.0,0.0,0.0
732269,上櫃,0.0,0.0,0.0
732270,上櫃,0.0,0.0,0.0
732271,上櫃,0.0,0.0,0.0
732272,上櫃,0.0,0.0,0.0
732273,上櫃,0.0,0.0,0.0
732274,上櫃,0.59,0.69,542.0
732275,上櫃,0.59,0.59,1.0
732276,上櫃,0.0,0.0,0.0
732277,上櫃,0.0,0.0,0.0
732290,上櫃,0.0,0.0,0.0
732329,上櫃,0.46,0.48,52.0
732332,上櫃,0.42,0.43,246.0
732333,上櫃,0.0,0.0,0.0
732334,上櫃,0.0,0.0,0.0
732335,上櫃,0.0,0.0,0.0
732371,上櫃,0.0,0.0,0.0
732389,上櫃,0.0,0.0,0.0
732390,上櫃,0.0,0.0,0.0
732391,上櫃,0.0,0.0,0.0
732399,上櫃,12.2,12.2,1.0
732402,上櫃,0.0,0.0,0.0
732425,上櫃,0.0,0.0,0.0
732435,上櫃,0.8,0.84,115.0
732447,上櫃,0.0,0.0,0.0
732467,上櫃,0.0,0.0,0.0
732468,上櫃,0.31,0.31,55.0
732484,上櫃,0.0,0.0,0.0
732498,上櫃,2.94,2.94,7.0
732509,上櫃,0.0,0.0,0.0
732512,上櫃,0.0,0.0,0.0
732519,上櫃,0.0,0.0,0.0
732520,上櫃,0.0,0.0,0.0
732521,上櫃,1.04,1.04,5.0
732544,上櫃,0.0,0.0,0.0
732545,上櫃,0.83,0.83,22.0
732582,上櫃,0.0,0.0,0.0
732583,上櫃,0.0,0.0,0.0
732584,上櫃,0.0,0.0,0.0
732585,上櫃,0.57,0.53,46.0
732586,上櫃,0.56,0.67,27.0
732587,上櫃,0.0,0.0,0.0
732588,上櫃,0.27,0.25,99.0
732602,上櫃,0.0,0.0,0.0
732625,上櫃,0.27,0.27,8.0
732639,上櫃,0.0,0.0,0.0
732646,上櫃,0.0,0.0,0.0
732653,上櫃,1.59,1.59,10.0
732654,上櫃,0.6,0.58,286.0
732655,上櫃,0.0,0.0,0.0
732656,上櫃,0.0,0.0,0.0
732657,上櫃,0.02,0.03,201.0
732672,上櫃,0.0,0.0,0.0
732675,上櫃,0.1,0.1,1.0
732676,上櫃,0.0,0.0,0.0
732704,上櫃,0.0,0.0,0.0
732705,上櫃,0.0,0.0,0.0
732725,上櫃,0.0,0.0,0.0
732736,上櫃,0.0,0.0,0.0
732740,上櫃,6.8,6.8,50.0
732742,上櫃,0.0,0.0,0.0
732755,上櫃,0.19,0.19,508.0
732773,上櫃,0.0,0.0,0.0
732788,上櫃,0.0,0.0,0.0
732792,上櫃,0.0,0.0,0.0
732795,上櫃,0.04,0.04,200.0
732814,上櫃,0.0,0.0,0.0
732841,上櫃,0.0,0.0,0.0
732845,上櫃,0.0,0.0,0.0
732846,上櫃,0.11,0.11,100.0
732885,上櫃,0.0,0.0,0.0
732886,上櫃,0.0,0.0,0.0
732890,上櫃,0.0,0.0,0.0
732913,上櫃,0.0,0.0,0.0
732921,上櫃,0.0,0.0,0.0
732925,上櫃,0.0,0.0,0.0
732931,上櫃,0.0,0.0,0.0
732940,上櫃,0.0,0.0,0.0
732942,上櫃,0.0,0.0,0.0
732952,上櫃,0.0,0.0,0.0
732996,上櫃,0.0,0.0,0.0
733008,上櫃,0.0,0.0,0.0
733009,上櫃,0.0,0.0,0.0
733015,上櫃,3.41,3.41,9.0
733020,上櫃,19.8,19.8,4.0
733021,上櫃,9.8,9.8,3.0
733025,上櫃,2.13,2.15,229.0
733039,上櫃,0.0,0.0,0.0
733040,上櫃,0.0,0.0,0.0
733046,上櫃,0.0,0.0,0.0
733047,上櫃,4.03,4.2,8.0
733056,上櫃,0.0,0.0,0.0
733057,上櫃,0.0,0.0,0.0
733070,上櫃,0.0,0.0,0.0
733074,上櫃,0.42,0.42,44.0
733075,上櫃,0.0,0.0,0.0
733082,上櫃,0.0,0.0,0.0
733083,上櫃,0.18,0.18,300.0
733084,上櫃,0.0,0.0,0.0
733089,上櫃,0.0,0.0,0.0
733091,上櫃,0.0,0.0,0.0
733103,上櫃,0.0,0.0,0.0
733112,上櫃,0.0,0.0,0.0
733122,上櫃,0.0,0.0,0.0
733127,上櫃,0.0,0.0,0.0
733130,上櫃,0.0,0.0,0.0
733132,上櫃,0.0,0.0,0.0
733133,上櫃,0.0,0.0,0.0
733135,上櫃,0.0,0.0,0.0
733138,上櫃,0.0,0.0,0.0
733139,上櫃,0.0,0.0,0.0
733140,上櫃,0.0,0.0,0.0
733142,上櫃,0.0,0.0,0.0
733150,上櫃,0.29,0.29,20.0
733151,上櫃,0.0,0.0,0.0
733153,上櫃,0.0,0.0,0.0
733155,上櫃,0.0,0.0,0.0
733169,上櫃,0.0,0.0,0.0
733170,上櫃,0.0,0.0,0.0
733171,上櫃,0.0,0.0,0.0
733172,上櫃,0.0,0.0,0.0
733177,上櫃,0.0,0.0,0.0
733178,上櫃,2.75,2.83,128.0
733179,上櫃,0.0,0.0,0.0
733183,上櫃,0.0,0.0,0.0
733193,上櫃,0.0,0.0,0.0
733202,上櫃,0.0,0.0,0.0
733204,上櫃,0.0,0.0,0.0
733215,上櫃,0.0,0.0,0.0
733216,上櫃,0.0,0.0,0.0
733217,上櫃,0.0,0.0,0.0
733221,上櫃,0.0,0.0,0.0
733222,上櫃,0.0,0.0,0.0
733227,上櫃,0.0,0.0,0.0
733230,上櫃,0.0,0.0,0.0
733236,上櫃,0.0,0.0,0.0
733239,上櫃,0.0,0.0,0.0
733243,上櫃,0.0,0.0,0.0
733246,上櫃,0.0,0.0,0.0
733248,上櫃,0.0,0.0,0.0
733252,上櫃,0.0,0.0,0.0
733259,上櫃,0.0,0.0,0.0
733260,上櫃,0.0,0.0,0.0
733264,上櫃,0.76,0.77,770.0
733266,上櫃,0.0,0.0,0.0
733267,上櫃,0.0,0.0,0.0
733288,上櫃,0.0,0.0,0.0
733303,上櫃,0.0,0.0,0.0
733306,上櫃,0.04,0.04,5.0
733307,上櫃,0.0,0.0,0.0
733308,上櫃,0.0,0.0,0.0
733315,上櫃,0.3,0.3,10.0
733317,上櫃,0.0,0.0,0.0
733320,上櫃,0.0,0.0,0.0
733329,上櫃,0.0,0.0,0.0
733332,上櫃,0.0,0.0,0.0
733333,上櫃,0.42,0.45,597.0
733334,上櫃,1.83,1.83,30.0
733335,上櫃,0.0,0.0,0.0
733336,上櫃,0.24,0.24,459.0
733337,上櫃,0.61,0.57,13.0
733338,上櫃,0.0,0.0,0.0
733339,上櫃,1.94,1.94,3.0
733356,上櫃,0.0,0.0,0.0
733357,上櫃,0.0,0.0,0.0
733358,上櫃,0.13,0.13,50.0
733359,上櫃,0.0,0.0,0.0
733360,上櫃,0.0,0.0,0.0
733375,上櫃,0.0,0.0,0.0
733376,上櫃,0.0,0.0,0.0
733378,上櫃,0.0,0.0,0.0
733379,上櫃,0.0,0.0,0.0
733380,上櫃,0.0,0.0,0.0
733382,上櫃,0.0,0.0,0.0
733396,上櫃,0.0,0.0,0.0
733398,上櫃,0.0,0.0,0.0
733400,上櫃,0.0,0.0,0.0
733405,上櫃,0.0,0.0,0.0
733406,上櫃,0.0,0.0,0.0
733407,上櫃,0.53,0.56,639.0
733408,上櫃,0.0,0.0,0.0
733409,上櫃,0.0,0.0,0.0
733410,上櫃,0.0,0.0,0.0
733411,上櫃,0.67,0.67,12.0
733412,上櫃,0.0,0.0,0.0
733413,上櫃,0.0,0.0,0.0
733414,上櫃,0.0,0.0,0.0
733415,上櫃,0.49,0.4,1095.0
733416,上櫃,0.27,0.33,364.0
733417,上櫃,0.19,0.26,23.0
733430,上櫃,0.0,0.0,0.0
733432,上櫃,0.0,0.0,0.0
733434,上櫃,0.0,0.0,0.0
733456,上櫃,0.0,0.0,0.0
733457,上櫃,0.0,0.0,0.0
733458,上櫃,0.1,0.1,2.0
733459,上櫃,0.12,0.12,200.0
733460,上櫃,0.29,0.27,926.0
733461,上櫃,0.37,0.36,227.0
733462,上櫃,0.0,0.0,0.0
733463,上櫃,0.0,0.0,0.0
733464,上櫃,0.0,0.0,0.0
733465,上櫃,0.0,0.0,0.0
733466,上櫃,0.0,0.0,0.0
733467,上櫃,1.32,1.28,40.0
733468,上櫃,9.4,9.4,1.0
733469,上櫃,0.5,0.48,44.0
733470,上櫃,0.97,0.98,2.0
733471,上櫃,0.96,1.03,36.0
733476,上櫃,3.37,3.31,60.0
733483,上櫃,2.31,2.25,22.0
733488,上櫃,0.0,0.0,0.0
733489,上櫃,1.91,1.91,10.0
733493,上櫃,0.0,0.0,0.0
733503,上櫃,0.0,0.0,0.0
733507,上櫃,0.0,0.0,0.0
733517,上櫃,1.97,1.91,13.0
733518,上櫃,0.12,0.12,240.0
733520,上櫃,0.0,0.0,0.0
733521,上櫃,2.53,2.53,10.0
733522,上櫃,0.0,0.0,0.0
733523,上櫃,0.0,0.0,0.0
733524,上櫃,0.17,0.17,60.0
733525,上櫃,0.0,0.0,0.0
733526,上櫃,0.0,0.0,0.0
733527,上櫃,0.0,0.0,0.0
733528,上櫃,0.0,0.0,0.0
733529,上櫃,0.0,0.0,0.0
733530,上櫃,0.67,0.63,274.0
733531,上櫃,0.0,0.0,0.0
733532,上櫃,0.0,0.0,0.0
733533,上櫃,0.0,0.0,0.0
733534,上櫃,0.0,0.0,0.0
733535,上櫃,0.58,0.53,20.0
733536,上櫃,0.34,0.34,3.0
733537,上櫃,0.0,0.0,0.0
733545,上櫃,3.26,3.01,215.0
733560,上櫃,0.0,0.0,0.0
733561,上櫃,0.0,0.0,0.0
733562,上櫃,0.93,0.93,50.0
733563,上櫃,0.98,0.98,12.0
733564,上櫃,0.0,0.0,0.0
733565,上櫃,0.0,0.0,0.0
733566,上櫃,0.0,0.0,0.0
733567,上櫃,0.91,0.91,85.0
733568,上櫃,4.7,4.7,12.0
733569,上櫃,0.0,0.0,0.0
733570,上櫃,0.15,0.15,40.0
733571,上櫃,0.0,0.0,0.0
733572,上櫃,0.0,0.0,0.0
733573,上櫃,0.64,0.58,74.0
733574,上櫃,0.0,0.0,0.0
733575,上櫃,0.0,0.0,0.0
733598,上櫃,2.43,2.43,7.0
733611,上櫃,0.6,0.67,2.0
733613,上櫃,0.0,0.0,0.0
733619,上櫃,0.0,0.0,0.0
733620,上櫃,0.0,0.0,0.0
733621,上櫃,0.0,0.0,0.0
733623,上櫃,0.0,0.0,0.0
733643,上櫃,0.0,0.0,0.0
733644,上櫃,0.0,0.0,0.0
733645,上櫃,0.0,0.0,0.0
733646,上櫃,0.0,0.0,0.0
733647,上櫃,0.0,0.0,0.0
733648,上櫃,0.53,0.53,3.0
733649,上櫃,0.06,0.06,50.0
733650,上櫃,0.0,0.0,0.0
733651,上櫃,0.0,0.0,0.0
733652,上櫃,0.0,0.0,0.0
733653,上櫃,0.08,0.08,200.0
733654,上櫃,0.0,0.0,0.0
733655,上櫃,0.0,0.0,0.0
733656,上櫃,0.0,0.0,0.0
733657,上櫃,0.0,0.0,0.0
733658,上櫃,0.0,0.0,0.0
733663,上櫃,2.61,2.49,95.0
733677,上櫃,0.0,0.0,0.0
733687,上櫃,0.0,0.0,0.0
733692,上櫃,0.0,0.0,0.0
733693,上櫃,0.0,0.0,0.0
733694,上櫃,0.26,0.22,1372.0
733695,上櫃,0.53,0.48,534.0
733696,上櫃,0.45,0.44,23.0
733698,上櫃,0.0,0.0,0.0
733699,上櫃,0.0,0.0,0.0
733700,上櫃,0.0,0.0,0.0
733701,上櫃,0.09,0.09,10.0
733702,上櫃,0.0,0.0,0.0
733703,上櫃,0.0,0.0,0.0
733709,上櫃,0.0,0.0,0.0
733711,上櫃,0.0,0.0,0.0
733720,上櫃,0.0,0.0,0.0
733744,上櫃,0.0,0.0,0.0
733746,上櫃,0.41,0.4,55.0
733754,上櫃,0.0,0.0,0.0
733755,上櫃,0.0,0.0,0.0
733756,上櫃,0.0,0.0,0.0
733757,上櫃,1.57,1.57,1.0
733758,上櫃,0.16,0.16,195.0
733759,上櫃,0.17,0.14,70.0
733760,上櫃,0.0,0.0,0.0
733761,上櫃,0.0,0.0,0.0
733762,上櫃,4.09,4.07,6.0
733763,上櫃,0.0,0.0,0.0
733777,上櫃,0.0,0.0,0.0
733784,上櫃,13.1,12.7,100.0
733798,上櫃,0.0,0.0,0.0
733799,上櫃,0.0,0.0,0.0
733800,上櫃,1.33,1.35,252.0
733801,上櫃,0.0,0.0,0.0
733807,上櫃,3.25,3.56,9.0
733810,上櫃,0.73,0.68,102.0
733811,上櫃,0.27,0.27,30.0
733815,上櫃,0.0,0.0,0.0
733818,上櫃,0.0,0.0,0.0
733821,上櫃,0.0,0.0,0.0
733841,上櫃,12.0,12.0,1.0
733844,上櫃,0.0,0.0,0.0
733845,上櫃,2.11,2.03,11.0
733848,上櫃,0.0,0.0,0.0
733849,上櫃,0.38,0.38,253.0
733850,上櫃,1.56,1.56,10.0
733851,上櫃,0.0,0.0,0.0
733852,上櫃,0.0,0.0,0.0
733853,上櫃,0.0,0.0,0.0
733854,上櫃,0.0,0.0,0.0
733855,上櫃,0.56,0.56,36.0
733856,上櫃,1.24,1.04,56.0
733859,上櫃,1.04,1.04,11.0
733860,上櫃,0.0,0.0,0.0
733867,上櫃,0.0,0.0,0.0
733868,上櫃,0.0,0.0,0.0
733873,上櫃,0.0,0.0,0.0
733879,上櫃,0.0,0.0,0.0
733880,上櫃,0.0,0.0,0.0
733884,上櫃,0.0,0.0,0.0
733885,上櫃,0.0,0.0,0.0
733886,上櫃,0.0,0.0,0.0
733887,上櫃,0.0,0.0,0.0
733888,上櫃,0.0,0.0,0.0
733889,上櫃,0.0,0.0,0.0
733900,上櫃,0.0,0.0,0.0
733918,上櫃,0.0,0.0,0.0
733920,上櫃,0.0,0.0,0.0
733921,上櫃,0.0,0.0,0.0
733929,上櫃,0.0,0.0,0.0
733936,上櫃,0.0,0.0,0.0
733944,上櫃,0.86,0.84,23.0
733945,上櫃,1.4,1.4,100.0
733956,上櫃,0.0,0.0,0.0
733957,上櫃,0.0,0.0,0.0
733958,上櫃,0.71,0.67,266.0
733959,上櫃,1.29,1.28,91.0
733960,上櫃,1.14,1.24,344.0
733964,上櫃,0.0,0.0,0.0
733966,上櫃,0.0,0.0,0.0
733973,上櫃,0.0,0.0,0.0
733974,上櫃,0.0,0.0,0.0
733981,上櫃,0.68,0.68,4.0
733982,上櫃,0.0,0.0,0.0
733983,上櫃,2.45,2.45,10.0
733984,上櫃,0.77,0.76,52.0
733985,上櫃,0.31,0.31,23.0
733986,上櫃,0.0,0.0,0.0
733991,上櫃,0.16,0.22,215.0
733992,上櫃,0.47,0.44,11.0
733993,上櫃,0.6,0.53,216.0
733994,上櫃,0.0,0.0,0.0
733995,上櫃,0.0,0.0,0.0
733998,上櫃,0.0,0.0,0.0
734009,上櫃,0.0,0.0,0.0
734016,上櫃,0.0,0.0,0.0
734019,上櫃,0.0,0.0,0.0
734025,上櫃,0.0,0.0,0.0
734028,上櫃,2.04,2.22,144.0
734030,上櫃,0.0,0.0,0.0
734031,上櫃,0.0,0.0,0.0
734032,上櫃,0.0,0.0,0.0
734033,上櫃,3.97,3.99,10.0
734034,上櫃,0.0,0.0,0.0
734035,上櫃,4.52,4.47,67.0
734036,上櫃,0.0,0.0,0.0
734037,上櫃,0.0,0.0,0.0
734038,上櫃,0.0,0.0,0.0
734039,上櫃,1.06,0.96,30.0
734040,上櫃,0.0,0.0,0.0
734041,上櫃,0.0,0.0,0.0
734042,上櫃,0.0,0.0,0.0
734045,上櫃,0.0,0.0,0.0
734048,上櫃,0.0,0.0,0.0
734057,上櫃,0.0,0.0,0.0
734064,上櫃,0.0,0.0,0.0
734067,上櫃,0.0,0.0,0.0
734072,上櫃,0.0,0.0,0.0
734073,上櫃,0.0,0.0,0.0
734074,上櫃,0.02,0.02,10.0
734080,上櫃,0.0,0.0,0.0
734082,上櫃,0.0,0.0,0.0
734083,上櫃,0.0,0.0,0.0
734096,上櫃,0.0,0.0,0.0
734097,上櫃,0.0,0.0,0.0
734099,上櫃,0.0,0.0,0.0
734100,上櫃,0.61,0.61,30.0
734101,上櫃,0.65,0.61,21.0
734102,上櫃,0.0,0.0,0.0
734103,上櫃,0.99,0.99,1.0
734104,上櫃,0.0,0.0,0.0
734107,上櫃,0.0,0.0,0.0
734121,上櫃,0.0,0.0,0.0
734123,上櫃,0.0,0.0,0.0
734125,上櫃,0.0,0.0,0.0
734126,上櫃,0.0,0.0,0.0
734127,上櫃,0.0,0.0,0.0
734133,上櫃,0.0,0.0,0.0
734134,上櫃,0.0,0.0,0.0
734135,上櫃,0.38,0.35,801.0
734136,上櫃,1.28,1.32,75.0
734137,上櫃,0.0,0.0,0.0
734138,上櫃,0.0,0.0,0.0
734139,上櫃,0.0,0.0,0.0
734141,上櫃,1.8,2.03,14.0
734144,上櫃,0.0,0.0,0.0
734145,上櫃,1.09,1.09,10.0
734152,上櫃,1.3,1.31,20.0
734158,上櫃,0.0,0.0,0.0
734160,上櫃,0.0,0.0,0.0
734161,上櫃,0.0,0.0,0.0
734162,上櫃,1.38,1.27,67.0
734165,上櫃,0.0,0.0,0.0
734166,上櫃,0.0,0.0,0.0
734169,上櫃,0.0,0.0,0.0
734175,上櫃,4.89,4.89,10.0
734178,上櫃,0.0,0.0,0.0
734181,上櫃,0.0,0.0,0.0
734182,上櫃,0.0,0.0,0.0
734186,上櫃,0.0,0.0,0.0
734201,上櫃,0.0,0.0,0.0
734202,上櫃,0.0,0.0,0.0
734203,上櫃,0.0,0.0,0.0
734204,上櫃,0.0,0.0,0.0
734205,上櫃,4.55,4.55,3.0
734206,上櫃,0.0,0.0,0.0
734207,上櫃,0.0,0.0,0.0
734208,上櫃,0.0,0.0,0.0
734209,上櫃,1.57,1.6,22.0
734210,上櫃,0.0,0.0,0.0
734220,上櫃,0.0,0.0,0.0
734228,上櫃,1.49,1.51,108.0
734229,上櫃,0.0,0.0,0.0
734230,上櫃,0.6,0.56,28.0
734231,上櫃,0.0,0.0,0.0
734232,上櫃,13.8,13.8,5.0
734247,上櫃,0.0,0.0,0.0
734249,上櫃,1.2,1.22,18.0
734252,上櫃,1.07,0.94,698.0
734253,上櫃,0.0,0.0,0.0
734254,上櫃,0.0,0.0,0.0
734258,上櫃,0.0,0.0,0.0
734260,上櫃,0.0,0.0,0.0
734261,上櫃,0.0,0.0,0.0
734262,上櫃,0.0,0.0,0.0
734271,上櫃,0.0,0.0,0.0
734272,上櫃,0.02,0.02,50.0
734274,上櫃,0.0,0.0,0.0
734276,上櫃,0.0,0.0,0.0
734277,上櫃,0.0,0.0,0.0
734278,上櫃,0.0,0.0,0.0
734279,上櫃,0.0,0.0,0.0
734280,上櫃,0.26,0.19,116.0
734281,上櫃,0.0,0.0,0.0
734282,上櫃,0.0,0.0,0.0
734283,上櫃,0.0,0.0,0.0
734284,上櫃,0.0,0.0,0.0
734285,上櫃,0.0,0.0,0.0
734286,上櫃,0.16,0.15,69.0
734287,上櫃,0.78,0.78,1178.0
734288,上櫃,0.0,0.0,0.0
734289,上櫃,0.26,0.24,11.0
734290,上櫃,0.79,0.68,718.0
734291,上櫃,0.0,0.0,0.0
734292,上櫃,3.84,3.84,5.0
734293,上櫃,0.34,0.34,50.0
734294,上櫃,0.0,0.0,0.0
734295,上櫃,0.0,0.0,0.0
734298,上櫃,1.02,0.8,552.0
734303,上櫃,0.0,0.0,0.0
734304,上櫃,0.0,0.0,0.0
734307,上櫃,0.0,0.0,0.0
734313,上櫃,0.0,0.0,0.0
734323,上櫃,0.0,0.0,0.0
734332,上櫃,0.03,0.02,202.0
734340,上櫃,1.16,1.26,90.0
734341,上櫃,0.04,0.04,10.0
734342,上櫃,1.67,1.65,6.0
734343,上櫃,0.0,0.0,0.0
734344,上櫃,1.96,1.96,10.0
734345,上櫃,1.39,1.3,109.0
734346,上櫃,0.0,0.0,0.0
734347,上櫃,0.0,0.0,0.0
734348,上櫃,0.0,0.0,0.0
734349,上櫃,0.0,0.0,0.0
734350,上櫃,0.0,0.0,0.0
734351,上櫃,5.5,5.5,8.0
734352,上櫃,0.0,0.0,0.0
734353,上櫃,0.0,0.0,0.0
734354,上櫃,0.0,0.0,0.0
734355,上櫃,1.59,1.59,2.0
734356,上櫃,0.0,0.0,0.0
734357,上櫃,20.3,19.9,20.0
734358,上櫃,0.0,0.0,0.0
734359,上櫃,0.0,0.0,0.0
734360,上櫃,0.15,0.15,200.0
734363,上櫃,0.0,0.0,0.0
734364,上櫃,0.0,0.0,0.0
734366,上櫃,0.0,0.0,0.0
734367,上櫃,0.0,0.0,0.0
734369,上櫃,0.0,0.0,0.0
734370,上櫃,65.0,65.0,1.0
734371,上櫃,0.0,0.0,0.0
734372,上櫃,0.0,0.0,0.0
734377,上櫃,0.0,0.0,0.0
734380,上櫃,0.0,0.0,0.0
734383,上櫃,0.0,0.0,0.0
734384,上櫃,0.0,0.0,0.0
734386,上櫃,1.76,1.75,51.0
734387,上櫃,0.0,0.0,0.0
734394,上櫃,0.0,0.0,0.0
734401,上櫃,0.0,0.0,0.0
734406,上櫃,0.0,0.0,0.0
734407,上櫃,0.0,0.0,0.0
734408,上櫃,4.73,4.54,9.0
734409,上櫃,0.0,0.0,0.0
734410,上櫃,0.0,0.0,0.0
734411,上櫃,0.0,0.0,0.0
734412,上櫃,1.18,0.98,188.0
734413,上櫃,0.0,0.0,0.0
734414,上櫃,0.0,0.0,0.0
734415,上櫃,0.77,0.73,677.0
734416,上櫃,0.0,0.0,0.0
734417,上櫃,0.0,0.0,0.0
734424,上櫃,0.0,0.0,0.0
734429,上櫃,0.47,0.46,54.0
734434,上櫃,0.0,0.0,0.0
734435,上櫃,0.0,0.0,0.0
734437,上櫃,0.0,0.0,0.0
734440,上櫃,0.0,0.0,0.0
734445,上櫃,0.0,0.0,0.0
734446,上櫃,0.0,0.0,0.0
734448,上櫃,0.0,0.0,0.0
734450,上櫃,0.0,0.0,0.0
734454,上櫃,0.0,0.0,0.0
734455,上櫃,0.0,0.0,0.0
734463,上櫃,0.0,0.0,0.0
734467,上櫃,0.0,0.0,0.0
734468,上櫃,0.0,0.0,0.0
734469,上櫃,0.0,0.0,0.0
734470,上櫃,0.0,0.0,0.0
734475,上櫃,0.0,0.0,0.0
734484,上櫃,0.0,0.0,0.0
734487,上櫃,0.0,0.0,0.0
734498,上櫃,0.0,0.0,0.0
734505,上櫃,0.0,0.0,0.0
734506,上櫃,1.02,0.97,431.0
734507,上櫃,0.0,0.0,0.0
734508,上櫃,0.0,0.0,0.0
734509,上櫃,0.61,0.61,33.0
734510,上櫃,0.0,0.0,0.0
734511,上櫃,0.57,0.55,200.0
734512,上櫃,0.0,0.0,0.0
734513,上櫃,0.0,0.0,0.0
734514,上櫃,1.1,0.96,317.0
734515,上櫃,0.0,0.0,0.0
734516,上櫃,0.0,0.0,0.0
734517,上櫃,0.0,0.0,0.0
734518,上櫃,0.0,0.0,0.0
734519,上櫃,0.0,0.0,0.0
734520,上櫃,0.0,0.0,0.0
734521,上櫃,1.31,1.31,12.0
734522,上櫃,0.0,0.0,0.0
734523,上櫃,0.73,0.71,188.0
734524,上櫃,0.0,0.0,0.0
734525,上櫃,0.35,0.33,91.0
734526,上櫃,0.0,0.0,0.0
734528,上櫃,0.0,0.0,0.0
734530,上櫃,0.0,0.0,0.0
734534,上櫃,0.0,0.0,0.0
734535,上櫃,0.0,0.0,0.0
734539,上櫃,0.42,0.42,8.0
734543,上櫃,0.0,0.0,0.0
734545,上櫃,2.12,2.1,12.0
734546,上櫃,0.0,0.0,0.0
734561,上櫃,0.0,0.0,0.0
734563,上櫃,0.0,0.0,0.0
734574,上櫃,0.0,0.0,0.0
734585,上櫃,0.0,0.0,0.0
734591,上櫃,1.33,1.39,38.0
734595,上櫃,1.85,1.92,20.0
734596,上櫃,0.09,0.09,1.0
734601,上櫃,0.0,0.0,0.0
734602,上櫃,0.0,0.0,0.0
734603,上櫃,0.0,0.0,0.0
734605,上櫃,4.11,3.88,24.0
734606,上櫃,0.0,0.0,0.0
734607,上櫃,0.0,0.0,0.0
734608,上櫃,0.16,0.16,200.0
734609,上櫃,2.48,2.31,30.0
734610,上櫃,0.0,0.0,0.0
734611,上櫃,0.32,0.32,505.0
734612,上櫃,0.59,0.56,260.0
734613,上櫃,0.54,0.55,1425.0
734614,上櫃,0.0,0.0,0.0
734615,上櫃,0.0,0.0,0.0
734616,上櫃,0.0,0.0,0.0
734617,上櫃,0.0,0.0,0.0
734618,上櫃,1.96,1.96,108.0
734619,上櫃,0.55,0.54,390.0
734620,上櫃,0.23,0.23,50.0
734621,上櫃,1.1,1.28,527.0
734628,上櫃,0.0,0.0,0.0
734631,上櫃,0.12,0.12,238.0
734638,上櫃,0.0,0.0,0.0
734639,上櫃,0.0,0.0,0.0
734640,上櫃,0.0,0.0,0.0
734641,上櫃,0.0,0.0,0.0
734643,上櫃,0.0,0.0,0.0
734644,上櫃,0.0,0.0,0.0
734650,上櫃,0.0,0.0,0.0
734652,上櫃,0.0,0.0,0.0
734655,上櫃,0.0,0.0,0.0
734658,上櫃,0.0,0.0,0.0
734659,上櫃,0.0,0.0,0.0
734660,上櫃,0.0,0.0,0.0
734664,上櫃,0.0,0.0,0.0
734665,上櫃,0.0,0.0,0.0
734706,上櫃,0.0,0.0,0.0
734707,上櫃,1.17,1.11,291.0
734708,上櫃,0.0,0.0,0.0
734709,上櫃,0.49,0.49,55.0
734710,上櫃,0.68,0.7,293.0
734712,上櫃,1.55,1.55,13.0
734713,上櫃,0.0,0.0,0.0
734715,上櫃,0.0,0.0,0.0
734716,上櫃,0.0,0.0,0.0
734718,上櫃,0.0,0.0,0.0
734722,上櫃,0.0,0.0,0.0
734723,上櫃,0.0,0.0,0.0
734729,上櫃,0.0,0.0,0.0
734730,上櫃,0.0,0.0,0.0
734743,上櫃,0.0,0.0,0.0
734745,上櫃,0.43,0.35,639.0
734747,上櫃,0.0,0.0,0.0
734753,上櫃,0.0,0.0,0.0
734754,上櫃,0.0,0.0,0.0
734767,上櫃,0.0,0.0,0.0
734780,上櫃,0.74,0.74,15.0
734781,上櫃,0.24,0.25,406.0
734782,上櫃,0.0,0.0,0.0
734783,上櫃,0.91,0.88,581.0
734784,上櫃,1.0,1.0,14.0
734785,上櫃,0.0,0.0,0.0
734786,上櫃,0.45,0.44,69.0
734787,上櫃,0.46,0.46,50.0
734791,上櫃,0.0,0.0,0.0
734792,上櫃,0.0,0.0,0.0
734805,上櫃,1.08,1.0,22.0
734807,上櫃,0.0,0.0,0.0
734812,上櫃,0.0,0.0,0.0
734814,上櫃,0.0,0.0,0.0
734817,上櫃,0.0,0.0,0.0
734821,上櫃,0.0,0.0,0.0
734827,上櫃,0.0,0.0,0.0
734829,上櫃,0.0,0.0,0.0
734835,上櫃,0.0,0.0,0.0
734836,上櫃,0.0,0.0,0.0
734857,上櫃,0.77,0.71,3.0
734859,上櫃,0.0,0.0,0.0
734866,上櫃,0.69,0.63,59.0
734867,上櫃,0.0,0.0,0.0
734868,上櫃,0.0,0.0,0.0
734869,上櫃,0.0,0.0,0.0
734870,上櫃,0.77,0.77,1.0
734871,上櫃,0.0,0.0,0.0
734872,上櫃,0.42,0.42,56.0
734873,上櫃,0.0,0.0,0.0
734874,上櫃,0.0,0.0,0.0
734880,上櫃,0.0,0.0,0.0
734886,上櫃,0.0,0.0,0.0
734887,上櫃,0.0,0.0,0.0
734890,上櫃,0.0,0.0,0.0
734892,上櫃,0.0,0.0,0.0
734897,上櫃,0.0,0.0,0.0
734900,上櫃,0.0,0.0,0.0
734910,上櫃,1.33,1.28,406.0
734914,上櫃,0.0,0.0,0.0
734923,上櫃,0.0,0.0,0.0
734925,上櫃,0.0,0.0,0.0
734926,上櫃,0.0,0.0,0.0
734936,上櫃,0.0,0.0,0.0
734937,上櫃,0.0,0.0,0.0
734938,上櫃,0.0,0.0,0.0
734939,上櫃,0.4,0.32,195.0
734940,上櫃,0.65,0.65,52.0
734941,上櫃,1.14,0.98,188.0
734954,上櫃,0.18,0.18,120.0
734956,上櫃,0.0,0.0,0.0
734965,上櫃,0.0,0.0,0.0
734967,上櫃,0.0,0.0,0.0
734968,上櫃,0.0,0.0,0.0
734969,上櫃,0.0,0.0,0.0
734987,上櫃,0.0,0.0,0.0
734988,上櫃,0.35,0.41,542.0
734989,上櫃,0.0,0.0,0.0
734991,上櫃,0.19,0.19,10.0
734992,上櫃,1.32,1.17,117.0
734993,上櫃,0.0,0.0,0.0
734994,上櫃,0.58,0.56,80.0
734995,上櫃,1.37,1.32,702.0
734996,上櫃,0.0,0.0,0.0
735000,上櫃,0.0,0.0,0.0
735009,上櫃,0.0,0.0,0.0
735011,上櫃,0.0,0.0,0.0
735012,上櫃,3.9,3.73,15.0
735013,上櫃,0.0,0.0,0.0
735021,上櫃,3.36,3.15,30.0
735028,上櫃,0.0,0.0,0.0
735029,上櫃,0.0,0.0,0.0
735030,上櫃,0.0,0.0,0.0
735034,上櫃,0.0,0.0,0.0
735035,上櫃,0.0,0.0,0.0
735036,上櫃,0.8,0.75,307.0
735039,上櫃,0.0,0.0,0.0
735044,上櫃,0.0,0.0,0.0
735045,上櫃,1.09,1.04,238.0
735046,上櫃,4.61,4.39,16.0
735047,上櫃,0.0,0.0,0.0
735056,上櫃,0.09,0.09,200.0
735073,上櫃,2.83,2.8,111.0
735086,上櫃,3.66,3.49,14.0
735088,上櫃,0.0,0.0,0.0
735089,上櫃,0.0,0.0,0.0
735090,上櫃,0.0,0.0,0.0
735098,上櫃,0.0,0.0,0.0
735102,上櫃,0.0,0.0,0.0
735103,上櫃,0.12,0.12,300.0
735104,上櫃,0.56,0.54,6.0
735105,上櫃,0.0,0.0,0.0
735106,上櫃,0.0,0.0,0.0
735115,上櫃,0.0,0.0,0.0
735122,上櫃,0.0,0.0,0.0
735125,上櫃,0.0,0.0,0.0
735142,上櫃,0.0,0.0,0.0
735143,上櫃,0.28,0.28,40.0
735152,上櫃,0.29,0.33,193.0
735155,上櫃,1.15,1.15,60.0
735167,上櫃,0.0,0.0,0.0
735168,上櫃,0.0,0.0,0.0
735173,上櫃,1.94,1.92,24.0
735181,上櫃,0.26,0.24,1298.0
735182,上櫃,0.23,0.2,249.0
735183,上櫃,1.43,1.43,5.0
735184,上櫃,0.0,0.0,0.0
735185,上櫃,0.0,0.0,0.0
735186,上櫃,0.0,0.0,0.0
735204,上櫃,0.0,0.0,0.0
735211,上櫃,0.0,0.0,0.0
735213,上櫃,0.0,0.0,0.0
735215,上櫃,0.0,0.0,0.0
735217,上櫃,0.2,0.19,16.0
735232,上櫃,0.0,0.0,0.0
735233,上櫃,0.0,0.0,0.0
735239,上櫃,1.98,1.98,44.0
735257,上櫃,3.42,3.58,355.0
735262,上櫃,0.0,0.0,0.0
735263,上櫃,0.0,0.0,0.0
735266,上櫃,0.0,0.0,0.0
735269,上櫃,0.49,0.49,20.0
735270,上櫃,0.0,0.0,0.0
735271,上櫃,3.15,3.1,15.0
735272,上櫃,1.39,1.37,18.0
735273,上櫃,3.13,3.13,7.0
735274,上櫃,0.0,0.0,0.0
735277,上櫃,0.0,0.0,0.0
735293,上櫃,0.0,0.0,0.0
735299,上櫃,0.75,0.68,515.0
735300,上櫃,0.0,0.0,0.0
735301,上櫃,0.4,0.41,849.0
735302,上櫃,1.29,1.25,155.0
735303,上櫃,0.0,0.0,0.0
735304,上櫃,0.77,0.74,320.0
735305,上櫃,0.0,0.0,0.0
735306,上櫃,0.81,0.78,466.0
735307,上櫃,0.71,0.69,616.0
735312,上櫃,0.5,0.53,860.0
735323,上櫃,0.06,0.06,50.0
735330,上櫃,0.0,0.0,0.0
735331,上櫃,0.1,0.1,428.0
735333,上櫃,0.0,0.0,0.0
735343,上櫃,0.0,0.0,0.0
735344,上櫃,0.0,0.0,0.0
735352,上櫃,0.0,0.0,0.0
735354,上櫃,0.0,0.0,0.0
735355,上櫃,0.0,0.0,0.0
735370,上櫃,0.72,0.71,353.0
735372,上櫃,0.0,0.0,0.0
735375,上櫃,0.0,0.0,0.0
735377,上櫃,0.0,0.0,0.0
735379,上櫃,0.0,0.0,0.0
735380,上櫃,3.91,3.91,3.0
735381,上櫃,0.68,0.42,13.0
735382,上櫃,0.0,0.0,0.0
735383,上櫃,0.0,0.0,0.0
735384,上櫃,0.02,0.02,2.0
735385,上櫃,0.0,0.0,0.0
735386,上櫃,0.0,0.0,0.0
735387,上櫃,0.0,0.0,0.0
735388,上櫃,0.32,0.32,4.0
735389,上櫃,0.0,0.0,0.0
735390,上櫃,0.25,0.25,90.0
735391,上櫃,0.32,0.33,193.0
735392,上櫃,0.97,0.92,52.0
735393,上櫃,0.46,0.56,176.0
735394,上櫃,0.0,0.0,0.0
735395,上櫃,0.0,0.0,0.0
735400,上櫃,0.0,0.0,0.0
735407,上櫃,0.0,0.0,0.0
735408,上櫃,0.0,0.0,0.0
735409,上櫃,0.0,0.0,0.0
735410,上櫃,0.0,0.0,0.0
735411,上櫃,4.22,4.22,490.0
735421,上櫃,0.0,0.0,0.0
735422,上櫃,0.0,0.0,0.0
735423,上櫃,0.0,0.0,0.0
735424,上櫃,0.0,0.0,0.0
735425,上櫃,0.0,0.0,0.0
735426,上櫃,0.0,0.0,0.0
735427,上櫃,0.0,0.0,0.0
735431,上櫃,0.3,0.32,1422.0
735432,上櫃,0.45,0.43,847.0
735439,上櫃,1.56,1.39,24.0
735440,上櫃,0.0,0.0,0.0
735444,上櫃,1.22,1.18,18.0
735445,上櫃,7.0,7.2,161.0
735449,上櫃,0.0,0.0,0.0
735450,上櫃,7.1,7.2,10.0
735451,上櫃,0.0,0.0,0.0
735452,上櫃,6.8,6.05,18.0
735453,上櫃,0.0,0.0,0.0
735454,上櫃,0.0,0.0,0.0
735455,上櫃,0.0,0.0,0.0
735456,上櫃,0.0,0.0,0.0
735457,上櫃,4.29,4.29,3.0
735458,上櫃,0.0,0.0,0.0
735467,上櫃,3.75,4.07,29.0
735470,上櫃,0.0,0.0,0.0
735471,上櫃,0.0,0.0,0.0
735472,上櫃,0.0,0.0,0.0
735476,上櫃,0.21,0.16,40.0
735479,上櫃,0.0,0.0,0.0
735481,上櫃,0.0,0.0,0.0
735483,上櫃,0.0,0.0,0.0
735487,上櫃,0.0,0.0,0.0
735488,上櫃,0.0,0.0,0.0
735489,上櫃,0.0,0.0,0.0
735491,上櫃,0.0,0.0,0.0
735492,上櫃,3.09,2.71,70.0
735494,上櫃,0.55,0.46,29.0
735495,上櫃,0.0,0.0,0.0
735496,上櫃,0.0,0.0,0.0
735497,上櫃,1.65,1.65,280.0
735498,上櫃,0.0,0.0,0.0
735499,上櫃,0.0,0.0,0.0
735500,上櫃,0.0,0.0,0.0
735501,上櫃,0.0,0.0,0.0
735502,上櫃,0.0,0.0,0.0
735503,上櫃,0.0,0.0,0.0
735505,上櫃,0.0,0.0,0.0
735507,上櫃,0.0,0.0,0.0
735508,上櫃,0.29,0.28,15.0
735509,上櫃,0.15,0.15,200.0
735510,上櫃,0.0,0.0,0.0
735511,上櫃,0.0,0.0,0.0
735512,上櫃,1.42,1.37,382.0
735513,上櫃,0.16,0.15,60.0
735518,上櫃,0.0,0.0,0.0
735520,上櫃,0.0,0.0,0.0
735521,上櫃,0.0,0.0,0.0
735523,上櫃,0.0,0.0,0.0
735524,上櫃,0.52,0.46,49.0
735525,上櫃,0.0,0.0,0.0
735527,上櫃,0.0,0.0,0.0
735528,上櫃,0.0,0.0,0.0
735529,上櫃,0.0,0.0,0.0
735531,上櫃,0.0,0.0,0.0
735532,上櫃,0.0,0.0,0.0
735534,上櫃,0.0,0.0,0.0
735535,上櫃,0.0,0.0,0.0
735537,上櫃,0.0,0.0,0.0
735538,上櫃,0.0,0.0,0.0
735541,上櫃,0.0,0.0,0.0
735542,上櫃,1.66,1.96,44.0
735546,上櫃,0.0,0.0,0.0
735547,上櫃,0.0,0.0,0.0
735548,上櫃,0.0,0.0,0.0
735549,上櫃,0.0,0.0,0.0
735550,上櫃,0.5,0.5,549.0
735551,上櫃,0.0,0.0,0.0
735552,上櫃,0.97,0.97,7.0
735553,上櫃,0.0,0.0,0.0
735554,上櫃,0.0,0.0,0.0
735555,上櫃,0.0,0.0,0.0
735556,上櫃,0.58,0.47,206.0
735557,上櫃,2.92,2.89,69.0
735558,上櫃,3.56,3.56,6.0
735559,上櫃,3.66,3.66,1.0
735560,上櫃,0.0,0.0,0.0
735561,上櫃,0.0,0.0,0.0
735562,上櫃,0.0,0.0,0.0
735563,上櫃,0.64,0.58,80.0
735564,上櫃,0.0,0.0,0.0
735565,上櫃,0.2,0.2,30.0
735566,上櫃,2.19,2.19,6.0
735572,上櫃,0.0,0.0,0.0
735573,上櫃,0.1,0.1,350.0
735574,上櫃,0.86,0.89,15.0
735576,上櫃,0.0,0.0,0.0
735577,上櫃,0.0,0.0,0.0
735579,上櫃,0.0,0.0,0.0
735580,上櫃,1.65,1.65,70.0
735596,上櫃,0.0,0.0,0.0
735598,上櫃,4.52,4.81,15.0
735600,上櫃,4.83,4.71,225.0
735605,上櫃,0.0,0.0,0.0
735613,上櫃,0.0,0.0,0.0
735621,上櫃,0.0,0.0,0.0
735622,上櫃,1.7,1.72,14.0
735624,上櫃,0.0,0.0,0.0
735627,上櫃,0.0,0.0,0.0
735628,上櫃,0.0,0.0,0.0
735629,上櫃,0.0,0.0,0.0
735630,上櫃,0.0,0.0,0.0
735632,上櫃,0.0,0.0,0.0
735634,上櫃,0.0,0.0,0.0
735635,上櫃,0.02,0.02,300.0
735636,上櫃,0.19,0.21,267.0
735637,上櫃,0.0,0.0,0.0
735639,上櫃,0.0,0.0,0.0
735641,上櫃,0.0,0.0,0.0
735642,上櫃,0.0,0.0,0.0
735643,上櫃,0.0,0.0,0.0
735644,上櫃,0.0,0.0,0.0
735645,上櫃,0.0,0.0,0.0
735646,上櫃,0.0,0.0,0.0
735647,上櫃,0.0,0.0,0.0
735648,上櫃,0.0,0.0,0.0
735649,上櫃,0.0,0.0,0.0
735650,上櫃,1.31,1.31,10.0
735651,上櫃,0.44,0.45,1060.0
735652,上櫃,0.48,0.52,20.0
735653,上櫃,0.28,0.28,100.0
735654,上櫃,0.0,0.0,0.0
735655,上櫃,0.0,0.0,0.0
735656,上櫃,0.0,0.0,0.0
735657,上櫃,0.29,0.29,2.0
735658,上櫃,0.0,0.0,0.0
735659,上櫃,0.0,0.0,0.0
735660,上櫃,0.0,0.0,0.0
735661,上櫃,0.0,0.0,0.0
735662,上櫃,0.66,0.71,39.0
735663,上櫃,0.28,0.28,30.0
735664,上櫃,0.0,0.0,0.0
735665,上櫃,0.0,0.0,0.0
735666,上櫃,0.49,0.49,35.0
735675,上櫃,0.0,0.0,0.0
735680,上櫃,0.0,0.0,0.0
735683,上櫃,0.21,0.21,20.0
735684,上櫃,0.0,0.0,0.0
735685,上櫃,0.28,0.28,5.0
735690,上櫃,0.0,0.0,0.0
735691,上櫃,0.0,0.0,0.0
735692,上櫃,0.0,0.0,0.0
735694,上櫃,0.0,0.0,0.0
735696,上櫃,0.0,0.0,0.0
735698,上櫃,0.0,0.0,0.0
735699,上櫃,0.0,0.0,0.0
735701,上櫃,0.0,0.0,0.0
735702,上櫃,0.0,0.0,0.0
735704,上櫃,0.0,0.0,0.0
735705,上櫃,0.0,0.0,0.0
735706,上櫃,0.0,0.0,0.0
735707,上櫃,0.0,0.0,0.0
735708,上櫃,0.0,0.0,0.0
735709,上櫃,0.0,0.0,0.0
735710,上櫃,0.0,0.0,0.0
735711,上櫃,0.0,0.0,0.0
735712,上櫃,0.0,0.0,0.0
735713,上櫃,0.0,0.0,0.0
735714,上櫃,0.0,0.0,0.0
735715,上櫃,0.0,0.0,0.0
735716,上櫃,0.0,0.0,0.0
735717,上櫃,11.6,11.2,6.0
735718,上櫃,0.0,0.0,0.0
735719,上櫃,0.0,0.0,0.0
735720,上櫃,0.0,0.0,0.0
735721,上櫃,0.0,0.0,0.0
735723,上櫃,0.0,0.0,0.0
735724,上櫃,0.0,0.0,0.0
735725,上櫃,0.85,0.81,371.0
735726,上櫃,0.57,0.57,129.0
735727,上櫃,0.0,0.0,0.0
735728,上櫃,0.0,0.0,0.0
735729,上櫃,0.0,0.0,0.0
735730,上櫃,0.0,0.0,0.0
735731,上櫃,0.0,0.0,0.0
735732,上櫃,0.0,0.0,0.0
735733,上櫃,0.13,0.13,100.0
735734,上櫃,10.5,11.0,5.0
735743,上櫃,0.0,0.0,0.0
735747,上櫃,1.7,2.13,204.0
735749,上櫃,0.0,0.0,0.0
735752,上櫃,0.0,0.0,0.0
735754,上櫃,0.0,0.0,0.0
735756,上櫃,0.0,0.0,0.0
735758,上櫃,0.0,0.0,0.0
735760,上櫃,0.0,0.0,0.0
735761,上櫃,0.0,0.0,0.0
735762,上櫃,0.0,0.0,0.0
735763,上櫃,0.0,0.0,0.0
735764,上櫃,0.0,0.0,0.0
735766,上櫃,0.0,0.0,0.0
735767,上櫃,0.0,0.0,0.0
735768,上櫃,0.0,0.0,0.0
735770,上櫃,0.0,0.0,0.0
735771,上櫃,0.0,0.0,0.0
735773,上櫃,0.0,0.0,0.0
735775,上櫃,0.0,0.0,0.0
735776,上櫃,0.0,0.0,0.0
735777,上櫃,0.0,0.0,0.0
735779,上櫃,0.0,0.0,0.0
735781,上櫃,0.0,0.0,0.0
735782,上櫃,0.0,0.0,0.0
735783,上櫃,0.0,0.0,0.0
735784,上櫃,0.37,0.37,582.0
735786,上櫃,0.06,0.06,25.0
735789,上櫃,0.0,0.0,0.0
735791,上櫃,0.0,0.0,0.0
735797,上櫃,0.0,0.0,0.0
735802,上櫃,0.0,0.0,0.0
735804,上櫃,1.39,1.15,145.0
735806,上櫃,1.64,1.64,81.0
735807,上櫃,0.94,0.94,200.0
735808,上櫃,0.0,0.0,0.0
735809,上櫃,0.0,0.0,0.0
735810,上櫃,0.58,0.52,78.0
735811,上櫃,2.23,2.23,10.0
735812,上櫃,0.0,0.0,0.0
735813,上櫃,0.0,0.0,0.0
735814,上櫃,0.0,0.0,0.0
735815,上櫃,0.0,0.0,0.0
735817,上櫃,0.0,0.0,0.0
735826,上櫃,0.0,0.0,0.0
735827,上櫃,0.62,0.62,309.0
735836,上櫃,0.0,0.0,0.0
735839,上櫃,0.0,0.0,0.0
735840,上櫃,0.0,0.0,0.0
735841,上櫃,0.0,0.0,0.0
735842,上櫃,0.0,0.0,0.0
735844,上櫃,0.12,0.12,5.0
735845,上櫃,0.0,0.0,0.0
735847,上櫃,0.09,0.09,10.0
735848,上櫃,0.0,0.0,0.0
735849,上櫃,0.0,0.0,0.0
735850,上櫃,0.0,0.0,0.0
735851,上櫃,0.31,0.32,159.0
735852,上櫃,0.41,0.42,29.0
735853,上櫃,0.0,0.0,0.0
735854,上櫃,0.0,0.0,0.0
735855,上櫃,1.1,1.14,68.0
735856,上櫃,0.78,0.78,2.0
735857,上櫃,0.0,0.0,0.0
735858,上櫃,0.0,0.0,0.0
735859,上櫃,0.0,0.0,0.0
735860,上櫃,0.0,0.0,0.0
735861,上櫃,0.0,0.0,0.0
735862,上櫃,0.0,0.0,0.0
735863,上櫃,0.0,0.0,0.0
735869,上櫃,0.0,0.0,0.0
735871,上櫃,0.83,0.74,71.0
735872,上櫃,0.0,0.0,0.0
735873,上櫃,0.0,0.0,0.0
735874,上櫃,0.0,0.0,0.0
735876,上櫃,0.0,0.0,0.0
735888,上櫃,0.0,0.0,0.0
735889,上櫃,6.8,6.8,1.0
735890,上櫃,0.0,0.0,0.0
735891,上櫃,0.0,0.0,0.0
735892,上櫃,0.0,0.0,0.0
735893,上櫃,0.0,0.0,0.0
735894,上櫃,0.0,0.0,0.0
735895,上櫃,0.0,0.0,0.0
735896,上櫃,0.0,0.0,0.0
735897,上櫃,0.0,0.0,0.0
735898,上櫃,0.0,0.0,0.0
735899,上櫃,0.0,0.0,0.0
735900,上櫃,0.0,0.0,0.0
735901,上櫃,0.0,0.0,0.0
735902,上櫃,0.0,0.0,0.0
735903,上櫃,0.0,0.0,0.0
735907,上櫃,0.0,0.0,0.0
735909,上櫃,0.0,0.0,0.0
735912,上櫃,3.69,4.13,189.0
735913,上櫃,0.0,0.0,0.0
735915,上櫃,0.34,0.34,150.0
735916,上櫃,1.58,1.58,27.0
735917,上櫃,0.0,0.0,0.0
735918,上櫃,0.32,0.34,75.0
735919,上櫃,0.0,0.0,0.0
735920,上櫃,0.0,0.0,0.0
735921,上櫃,0.0,0.0,0.0
735922,上櫃,0.62,0.59,101.0
735923,上櫃,0.0,0.0,0.0
735924,上櫃,0.26,0.26,30.0
735925,上櫃,1.22,1.31,233.0
735926,上櫃,0.0,0.0,0.0
735927,上櫃,0.0,0.0,0.0
735930,上櫃,0.0,0.0,0.0
735931,上櫃,0.0,0.0,0.0
735932,上櫃,3.13,2.78,66.0
735935,上櫃,0.0,0.0,0.0
735936,上櫃,0.0,0.0,0.0
735937,上櫃,0.0,0.0,0.0
735941,上櫃,0.0,0.0,0.0
735943,上櫃,0.0,0.0,0.0
735945,上櫃,0.0,0.0,0.0
735946,上櫃,1.51,1.51,28.0
735949,上櫃,0.0,0.0,0.0
735951,上櫃,0.0,0.0,0.0
735952,上櫃,0.71,0.58,178.0
735953,上櫃,0.0,0.0,0.0
735956,上櫃,0.0,0.0,0.0
735959,上櫃,0.0,0.0,0.0
735961,上櫃,0.0,0.0,0.0
735962,上櫃,0.19,0.19,15.0
735963,上櫃,0.0,0.0,0.0
735964,上櫃,0.53,0.51,123.0
735965,上櫃,0.0,0.0,0.0
735966,上櫃,0.0,0.0,0.0
735967,上櫃,0.0,0.0,0.0
735968,上櫃,0.0,0.0,0.0
735969,上櫃,0.0,0.0,0.0
735974,上櫃,0.53,0.57,1436.0
735975,上櫃,0.0,0.0,0.0
735980,上櫃,0.0,0.0,0.0
735981,上櫃,2.22,2.22,40.0
735987,上櫃,0.0,0.0,0.0
735988,上櫃,0.0,0.0,0.0
735989,上櫃,0.0,0.0,0.0
735990,上櫃,0.0,0.0,0.0
735991,上櫃,0.0,0.0,0.0
735994,上櫃,1.29,1.32,502.0
735995,上櫃,0.0,0.0,0.0
735998,上櫃,0.0,0.0,0.0
735999,上櫃,0.0,0.0,0.0
736000,上櫃,0.0,0.0,0.0
736003,上櫃,0.0,0.0,0.0
736004,上櫃,0.0,0.0,0.0
736006,上櫃,0.35,0.33,819.0
736009,上櫃,0.0,0.0,0.0
736010,上櫃,0.0,0.0,0.0
736011,上櫃,0.0,0.0,0.0
736025,上櫃,0.0,0.0,0.0
736026,上櫃,0.0,0.0,0.0
736027,上櫃,0.29,0.29,25.0
736028,上櫃,0.22,0.15,450.0
736029,上櫃,3.95,3.95,10.0
736030,上櫃,0.0,0.0,0.0
736032,上櫃,0.0,0.0,0.0
736034,上櫃,1.06,1.0,162.0
736038,上櫃,0.0,0.0,0.0
736039,上櫃,0.0,0.0,0.0
736044,上櫃,0.47,0.45,16.0
736046,上櫃,1.69,1.6,76.0
736047,上櫃,3.38,3.57,61.0
736048,上櫃,0.91,0.76,52.0
736050,上櫃,0.0,0.0,0.0
736051,上櫃,0.51,0.51,34.0
736052,上櫃,0.62,0.57,34.0
736053,上櫃,0.0,0.0,0.0
736054,上櫃,0.0,0.0,0.0
736055,上櫃,0.0,0.0,0.0
736056,上櫃,0.0,0.0,0.0
736059,上櫃,0.0,0.0,0.0
736065,上櫃,0.0,0.0,0.0
736070,上櫃,0.0,0.0,0.0
736071,上櫃,0.0,0.0,0.0
736072,上櫃,0.0,0.0,0.0
736073,上櫃,0.0,0.0,0.0
736074,上櫃,0.0,0.0,0.0
736075,上櫃,1.09,1.09,2.0
736076,上櫃,0.0,0.0,0.0
736078,上櫃,0.0,0.0,0.0
736079,上櫃,0.0,0.0,0.0
736080,上櫃,0.0,0.0,0.0
736081,上櫃,0.0,0.0,0.0
736082,上櫃,0.55,0.52,175.0
736083,上櫃,0.3,0.3,60.0
736084,上櫃,0.0,0.0,0.0
736085,上櫃,0.0,0.0,0.0
736086,上櫃,0.0,0.0,0.0
736087,上櫃,0.0,0.0,0.0
736088,上櫃,0.64,0.64,102.0
736090,上櫃,0.0,0.0,0.0
736095,上櫃,0.0,0.0,0.0
736096,上櫃,0.0,0.0,0.0
736097,上櫃,0.12,0.12,20.0
736104,上櫃,0.0,0.0,0.0
736105,上櫃,0.0,0.0,0.0
736106,上櫃,0.0,0.0,0.0
736108,上櫃,0.0,0.0,0.0
736110,上櫃,1.03,0.89,60.0
736113,上櫃,0.0,0.0,0.0
736114,上櫃,2.27,1.58,9.0
736115,上櫃,0.0,0.0,0.0
736116,上櫃,0.0,0.0,0.0
736117,上櫃,0.0,0.0,0.0
736118,上櫃,0.0,0.0,0.0
736119,上櫃,0.0,0.0,0.0
736120,上櫃,0.0,0.0,0.0
736121,上櫃,0.0,0.0,0.0
736124,上櫃,0.0,0.0,0.0
736125,上櫃,0.0,0.0,0.0
736126,上櫃,0.0,0.0,0.0
736128,上櫃,0.0,0.0,0.0
736129,上櫃,0.0,0.0,0.0
736131,上櫃,0.0,0.0,0.0
736132,上櫃,0.0,0.0,0.0
736133,上櫃,0.0,0.0,0.0
736134,上櫃,0.0,0.0,0.0
736135,上櫃,0.0,0.0,0.0
736136,上櫃,0.5,0.5,246.0
736137,上櫃,0.0,0.0,0.0
736138,上櫃,0.0,0.0,0.0
736139,上櫃,0.0,0.0,0.0
736148,上櫃,1.8,1.8,15.0
736149,上櫃,0.0,0.0,0.0
736151,上櫃,0.0,0.0,0.0
736152,上櫃,0.0,0.0,0.0
736153,上櫃,0.0,0.0,0.0
736154,上櫃,1.24,1.15,30.0
736155,上櫃,0.0,0.0,0.0
736156,上櫃,0.57,0.57,36.0
736157,上櫃,0.0,0.0,0.0
736158,上櫃,0.0,0.0,0.0
736159,上櫃,0.0,0.0,0.0
736160,上櫃,4.45,4.28,113.0
736161,上櫃,0.62,0.6,937.0
736162,上櫃,0.81,0.78,424.0
736163,上櫃,0.79,0.81,240.0
736164,上櫃,0.0,0.0,0.0
736169,上櫃,0.0,0.0,0.0
736177,上櫃,0.0,0.0,0.0
736185,上櫃,0.8,0.84,299.0
736186,上櫃,0.0,0.0,0.0
736188,上櫃,0.0,0.0,0.0
736189,上櫃,0.0,0.0,0.0
736194,上櫃,0.0,0.0,0.0
736201,上櫃,0.26,0.2,141.0
736202,上櫃,0.0,0.0,0.0
736203,上櫃,0.0,0.0,0.0
736204,上櫃,0.0,0.0,0.0
736205,上櫃,0.0,0.0,0.0
736206,上櫃,0.0,0.0,0.0
736207,上櫃,2.09,2.45,137.0
736210,上櫃,0.0,0.0,0.0
736216,上櫃,0.0,0.0,0.0
736226,上櫃,0.0,0.0,0.0
736233,上櫃,1.06,0.87,205.0
736234,上櫃,0.0,0.0,0.0
736237,上櫃,0.0,0.0,0.0
736238,上櫃,0.0,0.0,0.0
736239,上櫃,0.15,0.15,117.0
736240,上櫃,0.0,0.0,0.0
736241,上櫃,0.48,0.5,741.0
736242,上櫃,0.46,0.49,936.0
736243,上櫃,0.54,0.57,396.0
736244,上櫃,4.22,4.01,57.0
736245,上櫃,0.0,0.0,0.0
736246,上櫃,0.0,0.0,0.0
736247,上櫃,0.3,0.27,2717.0
736248,上櫃,0.99,0.89,411.0
736249,上櫃,0.69,0.58,372.0
736250,上櫃,0.6,0.56,423.0
736251,上櫃,1.85,1.79,5.0
736252,上櫃,0.93,0.86,531.0
736255,上櫃,1.1,1.1,10.0
736256,上櫃,0.0,0.0,0.0
736258,上櫃,0.0,0.0,0.0
736264,上櫃,0.0,0.0,0.0
736269,上櫃,0.0,0.0,0.0
736282,上櫃,0.0,0.0,0.0
736283,上櫃,0.0,0.0,0.0
736286,上櫃,0.38,0.42,361.0
736287,上櫃,0.0,0.0,0.0
736288,上櫃,0.7,0.68,96.0
736289,上櫃,0.0,0.0,0.0
736290,上櫃,0.17,0.17,10.0
736291,上櫃,0.0,0.0,0.0
736292,上櫃,0.0,0.0,0.0
736293,上櫃,0.0,0.0,0.0
736294,上櫃,0.85,0.85,25.0
736295,上櫃,0.0,0.0,0.0
736296,上櫃,0.0,0.0,0.0
736302,上櫃,0.0,0.0,0.0
736305,上櫃,0.41,0.62,851.0
736306,上櫃,0.71,0.98,46.0
736307,上櫃,1.07,1.1,663.0
736308,上櫃,0.0,0.0,0.0
736310,上櫃,0.0,0.0,0.0
736311,上櫃,0.0,0.0,0.0
736312,上櫃,0.56,0.55,6.0
736316,上櫃,0.0,0.0,0.0
736317,上櫃,0.0,0.0,0.0
736320,上櫃,0.0,0.0,0.0
736322,上櫃,4.58,4.1,92.0
736323,上櫃,3.09,3.61,72.0
736330,上櫃,0.0,0.0,0.0
736331,上櫃,0.0,0.0,0.0
736335,上櫃,0.0,0.0,0.0
736337,上櫃,0.53,0.51,351.0
736338,上櫃,1.52,1.36,1075.0
736341,上櫃,0.0,0.0,0.0
736342,上櫃,0.45,0.51,112.0
736343,上櫃,0.0,0.0,0.0
736344,上櫃,0.0,0.0,0.0
736345,上櫃,0.0,0.0,0.0
736346,上櫃,0.0,0.0,0.0
736347,上櫃,0.39,0.4,26.0
736348,上櫃,0.33,0.41,591.0
736349,上櫃,1.23,1.38,1201.0
736350,上櫃,0.65,0.72,363.0
736351,上櫃,0.6,0.66,222.0
736352,上櫃,0.54,0.58,185.0
736353,上櫃,0.55,0.55,2.0
736354,上櫃,0.57,0.57,79.0
736355,上櫃,0.0,0.0,0.0
736356,上櫃,0.23,0.21,30.0
736357,上櫃,0.0,0.0,0.0
736358,上櫃,0.0,0.0,0.0
736359,上櫃,0.0,0.0,0.0
736360,上櫃,0.57,0.55,172.0
736361,上櫃,0.0,0.0,0.0
736362,上櫃,0.0,0.0,0.0
736364,上櫃,0.0,0.0,0.0
736365,上櫃,0.0,0.0,0.0
736367,上櫃,0.66,0.56,21.0
736368,上櫃,0.0,0.0,0.0
736369,上櫃,0.0,0.0,0.0
736370,上櫃,0.0,0.0,0.0
736372,上櫃,0.0,0.0,0.0
736377,上櫃,0.0,0.0,0.0
736378,上櫃,0.0,0.0,0.0
736379,上櫃,0.0,0.0,0.0
736381,上櫃,0.55,0.55,1.0
736383,上櫃,0.04,0.12,42.0
736384,上櫃,0.0,0.0,0.0
736399,上櫃,0.0,0.0,0.0
736400,上櫃,0.0,0.0,0.0
736401,上櫃,0.0,0.0,0.0
736403,上櫃,0.0,0.0,0.0
736405,上櫃,0.0,0.0,0.0
736406,上櫃,7.7,5.8,17.0
736409,上櫃,0.0,0.0,0.0
736410,上櫃,0.0,0.0,0.0
736411,上櫃,0.0,0.0,0.0
736413,上櫃,0.0,0.0,0.0
736415,上櫃,0.0,0.0,0.0
736416,上櫃,0.0,0.0,0.0
736417,上櫃,0.11,0.11,6.0
736418,上櫃,0.0,0.0,0.0
736421,上櫃,10.4,9.35,5.0
736424,上櫃,0.0,0.0,0.0
736426,上櫃,0.0,0.0,0.0
736427,上櫃,0.35,0.39,60.0
736428,上櫃,0.98,0.93,802.0
736429,上櫃,0.95,0.95,1.0
736430,上櫃,1.1,1.01,61.0
736431,上櫃,0.95,0.89,185.0
736432,上櫃,0.82,0.79,52.0
736433,上櫃,3.18,3.03,84.0
736434,上櫃,0.5,0.5,10.0
736435,上櫃,0.0,0.0,0.0
736436,上櫃,3.69,3.69,1.0
736437,上櫃,1.08,1.11,467.0
736438,上櫃,0.53,0.52,104.0
736439,上櫃,1.22,1.22,16.0
736440,上櫃,0.68,0.61,35.0
736441,上櫃,0.63,0.62,26.0
736442,上櫃,0.0,0.0,0.0
736443,上櫃,0.62,0.64,35.0
736444,上櫃,0.0,0.0,0.0
736445,上櫃,0.0,0.0,0.0
736447,上櫃,2.12,1.7,76.0
736451,上櫃,0.0,0.0,0.0
736452,上櫃,0.0,0.0,0.0
736456,上櫃,0.0,0.0,0.0
736461,上櫃,0.48,0.36,294.0
736464,上櫃,2.64,2.64,11.0
736468,上櫃,0.0,0.0,0.0
736469,上櫃,0.0,0.0,0.0
736470,上櫃,0.0,0.0,0.0
736472,上櫃,0.0,0.0,0.0
736473,上櫃,0.0,0.0,0.0
736474,上櫃,0.41,0.39,141.0
736475,上櫃,1.7,1.7,1.0
736476,上櫃,0.4,0.4,106.0
736477,上櫃,0.0,0.0,0.0
736478,上櫃,1.96,1.77,76.0
736479,上櫃,1.12,1.05,225.0
736480,上櫃,0.51,0.49,24.0
736482,上櫃,0.0,0.0,0.0
736483,上櫃,1.65,1.55,15.0
736485,上櫃,0.0,0.0,0.0
736487,上櫃,1.44,1.44,5.0
736488,上櫃,0.0,0.0,0.0
736489,上櫃,0.11,0.12,259.0
736495,上櫃,0.0,0.0,0.0
736496,上櫃,0.0,0.0,0.0
736501,上櫃,0.0,0.0,0.0
736503,上櫃,0.5,0.5,1.0
736505,上櫃,0.35,0.3,191.0
736506,上櫃,1.28,1.07,247.0
736513,上櫃,0.0,0.0,0.0
736514,上櫃,0.0,0.0,0.0
736515,上櫃,0.0,0.0,0.0
736518,上櫃,0.0,0.0,0.0
736519,上櫃,0.0,0.0,0.0
736523,上櫃,1.79,1.42,429.0
736524,上櫃,2.42,2.09,1002.0
736528,上櫃,5.2,5.2,3.0
736530,上櫃,0.0,0.0,0.0
736531,上櫃,0.0,0.0,0.0
736533,上櫃,0.0,0.0,0.0
736534,上櫃,0.0,0.0,0.0
736536,上櫃,0.25,0.19,1244.0
736538,上櫃,3.27,3.1,254.0
736539,上櫃,0.0,0.0,0.0
736540,上櫃,0.0,0.0,0.0
736542,上櫃,0.0,0.0,0.0
736543,上櫃,2.37,2.37,5.0
736544,上櫃,0.0,0.0,0.0
736545,上櫃,0.0,0.0,0.0
736546,上櫃,0.0,0.0,0.0
736547,上櫃,0.0,0.0,0.0
736548,上櫃,0.0,0.0,0.0
736550,上櫃,0.0,0.0,0.0
736552,上櫃,0.0,0.0,0.0
736559,上櫃,1.65,1.44,599.0
736561,上櫃,0.48,0.48,20.0
736567,上櫃,0.85,0.69,353.0
736571,上櫃,0.69,0.58,81.0
736573,上櫃,0.0,0.0,0.0
736575,上櫃,1.94,1.94,1.0
736576,上櫃,0.12,0.1,81.0
736577,上櫃,0.0,0.0,0.0
736580,上櫃,0.0,0.0,0.0
736581,上櫃,0.0,0.0,0.0
736582,上櫃,0.0,0.0,0.0
736583,上櫃,0.0,0.0,0.0
736584,上櫃,0.0,0.0,0.0
736585,上櫃,0.36,0.35,174.0
736586,上櫃,0.0,0.0,0.0
736587,上櫃,1.52,1.36,182.0
736588,上櫃,0.0,0.0,0.0
736590,上櫃,0.0,0.0,0.0
736591,上櫃,0.0,0.0,0.0
736592,上櫃,0.0,0.0,0.0
736593,上櫃,0.0,0.0,0.0
736597,上櫃,0.0,0.0,0.0
736598,上櫃,0.0,0.0,0.0
736604,上櫃,0.0,0.0,0.0
736611,上櫃,0.0,0.0,0.0
736612,上櫃,0.0,0.0,0.0
736613,上櫃,0.51,0.61,280.0
736614,上櫃,0.0,0.0,0.0
736616,上櫃,0.0,0.0,0.0
736617,上櫃,0.0,0.0,0.0
736618,上櫃,0.0,0.0,0.0
736621,上櫃,1.15,0.94,341.0
736627,上櫃,0.38,0.51,47.0
736629,上櫃,0.0,0.0,0.0
736634,上櫃,0.0,0.0,0.0
736635,上櫃,0.33,0.33,1.0
736636,上櫃,0.0,0.0,0.0
736638,上櫃,3.11,3.11,1.0
736639,上櫃,0.0,0.0,0.0
736640,上櫃,0.57,0.6,259.0
736641,上櫃,0.61,0.62,1424.0
736649,上櫃,6.6,6.3,15.0
736650,上櫃,0.0,0.0,0.0
736653,上櫃,0.0,0.0,0.0
736660,上櫃,0.64,0.74,110.0
736662,上櫃,0.0,0.0,0.0
736668,上櫃,0.0,0.0,0.0
736669,上櫃,8.85,8.85,1.0
736672,上櫃,0.0,0.0,0.0
736681,上櫃,0.0,0.0,0.0
736682,上櫃,0.0,0.0,0.0
736687,上櫃,0.0,0.0,0.0
736688,上櫃,0.0,0.0,0.0
736689,上櫃,0.0,0.0,0.0
736691,上櫃,0.0,0.0,0.0
736696,上櫃,0.0,0.0,0.0
736701,上櫃,0.0,0.0,0.0
736702,上櫃,0.0,0.0,0.0
736703,上櫃,0.0,0.0,0.0
736704,上櫃,0.0,0.0,0.0
736716,上櫃,0.08,0.13,102.0
736721,上櫃,0.08,0.05,770.0
736722,上櫃,0.0,0.0,0.0
736729,上櫃,0.0,0.0,0.0
736731,上櫃,0.0,0.0,0.0
736732,上櫃,0.0,0.0,0.0
736735,上櫃,0.35,0.33,42.0
736736,上櫃,0.49,0.44,1972.0
736737,上櫃,0.33,0.33,110.0
736738,上櫃,0.0,0.0,0.0
736739,上櫃,0.38,0.43,1494.0
736740,上櫃,0.52,0.59,2054.0
736741,上櫃,0.44,0.46,311.0
736742,上櫃,0.0,0.0,0.0
736743,上櫃,0.0,0.0,0.0
736744,上櫃,0.0,0.0,0.0
736745,上櫃,0.0,0.0,0.0
736746,上櫃,0.36,0.29,85.0
736748,上櫃,0.0,0.0,0.0
736750,上櫃,0.59,0.56,1857.0
736756,上櫃,0.0,0.0,0.0
736757,上櫃,0.0,0.0,0.0
736765,上櫃,0.0,0.0,0.0
736772,上櫃,0.41,0.39,62.0
736773,上櫃,0.0,0.0,0.0
736774,上櫃,2.9,2.9,112.0
736775,上櫃,0.0,0.0,0.0
736776,上櫃,0.0,0.0,0.0
736779,上櫃,0.17,0.23,1065.0
736780,上櫃,0.24,0.32,1026.0
736786,上櫃,0.33,0.46,74.0
736787,上櫃,0.0,0.0,0.0
736788,上櫃,0.0,0.0,0.0
736790,上櫃,0.0,0.0,0.0
736792,上櫃,1.07,0.98,6.0
736793,上櫃,2.4,1.99,392.0
736795,上櫃,4.28,4.28,1.0
736796,上櫃,0.0,0.0,0.0
736799,上櫃,0.0,0.0,0.0
736800,上櫃,0.15,0.1,341.0
736801,上櫃,0.0,0.0,0.0
736802,上櫃,0.0,0.0,0.0
736803,上櫃,0.0,0.0,0.0
736804,上櫃,6.95,7.35,33.0
736805,上櫃,0.0,0.0,0.0
736812,上櫃,7.35,7.4,7.0
736817,上櫃,0.0,0.0,0.0
736825,上櫃,0.0,0.0,0.0
736828,上櫃,6.7,7.35,128.0
736833,上櫃,0.09,0.08,1426.0
736834,上櫃,1.19,1.15,155.0
736837,上櫃,0.0,0.0,0.0
736843,上櫃,0.0,0.0,0.0
736845,上櫃,0.0,0.0,0.0
736846,上櫃,0.0,0.0,0.0
736852,上櫃,2.68,2.59,134.0
736853,上櫃,0.0,0.0,0.0
736855,上櫃,6.85,6.85,10.0
736856,上櫃,0.0,0.0,0.0
736862,上櫃,0.0,0.0,0.0
736864,上櫃,5.75,6.2,76.0
736880,上櫃,0.0,0.0,0.0
736881,上櫃,0.0,0.0,0.0
736883,上櫃,1.99,1.99,1.0
736884,上櫃,0.0,0.0,0.0
736885,上櫃,0.0,0.0,0.0
736887,上櫃,0.0,0.0,0.0
736888,上櫃,0.0,0.0,0.0
736889,上櫃,0.0,0.0,0.0
736891,上櫃,0.0,0.0,0.0
736892,上櫃,0.0,0.0,0.0
736893,上櫃,0.0,0.0,0.0
736895,上櫃,0.0,0.0,0.0
736901,上櫃,0.0,0.0,0.0
736903,上櫃,0.0,0.0,0.0
736904,上櫃,0.0,0.0,0.0
736914,上櫃,0.0,0.0,0.0
736915,上櫃,0.0,0.0,0.0
736916,上櫃,0.0,0.0,0.0
736918,上櫃,0.0,0.0,0.0
736921,上櫃,3.47,3.19,146.0
736922,上櫃,2.72,2.88,433.0
736926,上櫃,0.3,0.25,633.0
736928,上櫃,0.0,0.0,0.0
736929,上櫃,0.0,0.0,0.0
736930,上櫃,0.92,0.92,20.0
736931,上櫃,0.0,0.0,0.0
736932,上櫃,2.43,2.4,9.0
736933,上櫃,0.0,0.0,0.0
736934,上櫃,3.61,3.42,91.0
736935,上櫃,0.35,0.35,2.0
736936,上櫃,0.0,0.0,0.0
736937,上櫃,0.0,0.0,0.0
736938,上櫃,5.9,5.75,28.0
736939,上櫃,0.0,0.0,0.0
736943,上櫃,0.0,0.0,0.0
736948,上櫃,5.7,5.7,4.0
736951,上櫃,1.35,1.13,188.0
736959,上櫃,0.0,0.0,0.0
736960,上櫃,0.0,0.0,0.0
736963,上櫃,0.0,0.0,0.0
736964,上櫃,0.0,0.0,0.0
736972,上櫃,1.66,1.62,432.0
736973,上櫃,21.5,21.5,1.0
736974,上櫃,0.0,0.0,0.0
736975,上櫃,0.0,0.0,0.0
736976,上櫃,15.0,15.0,1.0
736977,上櫃,0.0,0.0,0.0
736978,上櫃,3.62,3.64,15.0
736979,上櫃,0.0,0.0,0.0
736980,上櫃,0.0,0.0,0.0
736981,上櫃,20.9,20.5,120.0
736982,上櫃,2.47,2.63,91.0
736983,上櫃,0.0,0.0,0.0
736984,上櫃,17.9,17.9,1.0
736985,上櫃,0.0,0.0,0.0
736986,上櫃,0.0,0.0,0.0
736987,上櫃,3.66,3.24,329.0
736988,上櫃,0.0,0.0,0.0
736989,上櫃,0.0,0.0,0.0
736990,上櫃,0.0,0.0,0.0
736991,上櫃,0.0,0.0,0.0
736992,上櫃,0.0,0.0,0.0
736993,上櫃,0.0,0.0,0.0
736994,上櫃,0.86,0.82,255.0
736995,上櫃,0.0,0.0,0.0
736996,上櫃,2.09,1.98,30.0
736997,上櫃,0.84,0.81,284.0
736998,上櫃,0.0,0.0,0.0
736999,上櫃,2.33,2.33,5.0
737000,上櫃,0.0,0.0,0.0
737001,上櫃,0.0,0.0,0.0
737002,上櫃,0.0,0.0,0.0
737003,上櫃,0.0,0.0,0.0
737004,上櫃,0.0,0.0,0.0
737005,上櫃,0.0,0.0,0.0
737006,上櫃,0.0,0.0,0.0
737007,上櫃,0.0,0.0,0.0
737008,上櫃,0.0,0.0,0.0
737009,上櫃,1.34,1.15,25.0
737010,上櫃,0.0,0.0,0.0
737011,上櫃,2.18,2.01,90.0
737012,上櫃,0.0,0.0,0.0
737013,上櫃,0.0,0.0,0.0
737014,上櫃,0.0,0.0,0.0
737015,上櫃,1.04,0.94,48.0
737016,上櫃,0.0,0.0,0.0
737017,上櫃,3.81,3.81,6.0
737018,上櫃,0.0,0.0,0.0
737019,上櫃,11.4,11.4,2.0
737020,上櫃,0.0,0.0,0.0
737021,上櫃,3.35,2.78,127.0
737022,上櫃,0.0,0.0,0.0
737023,上櫃,0.0,0.0,0.0
737024,上櫃,5.05,5.0,60.0
737025,上櫃,7.9,7.9,6.0
737026,上櫃,0.0,0.0,0.0
737027,上櫃,0.0,0.0,0.0
737028,上櫃,1.41,1.41,10.0
737029,上櫃,0.0,0.0,0.0
737030,上櫃,0.0,0.0,0.0
737031,上櫃,0.0,0.0,0.0
737032,上櫃,0.0,0.0,0.0
737033,上櫃,0.0,0.0,0.0
737034,上櫃,0.35,0.35,30.0
737035,上櫃,0.0,0.0,0.0
737036,上櫃,0.0,0.0,0.0
737037,上櫃,5.6,4.33,39.0
737038,上櫃,0.0,0.0,0.0
737039,上櫃,0.0,0.0,0.0
737040,上櫃,0.0,0.0,0.0
737041,上櫃,1.05,0.99,20.0
737042,上櫃,0.78,0.83,9.0
737043,上櫃,0.0,0.0,0.0
737044,上櫃,0.0,0.0,0.0
737045,上櫃,0.0,0.0,0.0
737046,上櫃,0.0,0.0,0.0
737047,上櫃,0.0,0.0,0.0
737048,上櫃,13.4,13.6,137.0
737049,上櫃,0.0,0.0,0.0
737050,上櫃,12.1,12.1,1.0
737051,上櫃,0.0,0.0,0.0
737052,上櫃,0.0,0.0,0.0
737053,上櫃,0.92,0.92,32.0
737054,上櫃,0.0,0.0,0.0
737055,上櫃,0.07,0.07,4.0
737056,上櫃,0.0,0.0,0.0
737057,上櫃,0.0,0.0,0.0
737058,上櫃,0.0,0.0,0.0
737059,上櫃,0.49,0.49,55.0
737060,上櫃,0.0,0.0,0.0
737061,上櫃,0.0,0.0,0.0
737062,上櫃,0.0,0.0,0.0
737063,上櫃,0.0,0.0,0.0
737064,上櫃,0.0,0.0,0.0
737065,上櫃,0.0,0.0,0.0
737066,上櫃,0.0,0.0,0.0
737067,上櫃,0.0,0.0,0.0
737068,上櫃,0.76,0.76,10.0
737069,上櫃,0.0,0.0,0.0
737070,上櫃,0.0,0.0,0.0
737071,上櫃,0.0,0.0,0.0
737072,上櫃,0.0,0.0,0.0
737073,上櫃,0.0,0.0,0.0
737074,上櫃,0.0,0.0,0.0
737075,上櫃,0.0,0.0,0.0
737076,上櫃,0.0,0.0,0.0
737077,上櫃,0.0,0.0,0.0
737078,上櫃,0.32,0.33,430.0
737079,上櫃,0.0,0.0,0.0
737080,上櫃,0.95,1.02,106.0
737081,上櫃,0.0,0.0,0.0
737082,上櫃,0.0,0.0,0.0
737083,上櫃,0.0,0.0,0.0
737084,上櫃,0.0,0.0,0.0
737085,上櫃,0.61,0.61,888.0
737086,上櫃,0.0,0.0,0.0
737087,上櫃,0.0,0.0,0.0
737088,上櫃,2.2,2.2,5.0
737089,上櫃,0.0,0.0,0.0
737090,上櫃,1.18,1.18,7.0
737091,上櫃,4.08,3.67,53.0
737092,上櫃,0.0,0.0,0.0
737093,上櫃,5.55,5.1,182.0
737094,上櫃,0.0,0.0,0.0
737095,上櫃,0.0,0.0,0.0
737096,上櫃,0.0,0.0,0.0
737097,上櫃,0.0,0.0,0.0
737098,上櫃,0.0,0.0,0.0
737099,上櫃,8.15,8.15,28.0
737100,上櫃,0.0,0.0,0.0
737101,上櫃,0.0,0.0,0.0
737102,上櫃,0.0,0.0,0.0
737103,上櫃,0.0,0.0,0.0
737104,上櫃,0.0,0.0,0.0
737105,上櫃,48.3,48.3,1.0
737106,上櫃,0.0,0.0,0.0
737107,上櫃,0.0,0.0,0.0
737108,上櫃,0.0,0.0,0.0
737109,上櫃,8.45,8.45,1.0
737110,上櫃,0.0,0.0,0.0
737111,上櫃,0.0,0.0,0.0
737112,上櫃,0.0,0.0,0.0
737113,上櫃,0.0,0.0,0.0
737114,上櫃,0.0,0.0,0.0
737115,上櫃,0.0,0.0,0.0
737116,上櫃,0.0,0.0,0.0
737117,上櫃,0.0,0.0,0.0
737118,上櫃,0.0,0.0,0.0
737119,上櫃,0.0,0.0,0.0
737120,上櫃,9.35,9.35,1.0
737121,上櫃,0.24,0.24,1.0
737122,上櫃,0.0,0.0,0.0
737123,上櫃,0.0,0.0,0.0
737124,上櫃,0.0,0.0,0.0
737125,上櫃,0.0,0.0,0.0
737126,上櫃,0.0,0.0,0.0
737127,上櫃,6.4,6.05,42.0
737128,上櫃,0.0,0.0,0.0
737129,上櫃,0.0,0.0,0.0
737130,上櫃,0.0,0.0,0.0
737131,上櫃,0.0,0.0,0.0
737132,上櫃,1.77,1.55,973.0
737133,上櫃,2.02,2.19,235.0
737134,上櫃,0.0,0.0,0.0
737135,上櫃,0.0,0.0,0.0
737136,上櫃,0.0,0.0,0.0
737137,上櫃,0.0,0.0,0.0
737138,上櫃,0.0,0.0,0.0
737139,上櫃,0.0,0.0,0.0
737140,上櫃,0.0,0.0,0.0
737141,上櫃,0.0,0.0,0.0
737142,上櫃,0.0,0.0,0.0
737143,上櫃,0.0,0.0,0.0
737144,上櫃,0.0,0.0,0.0
737145,上櫃,0.0,0.0,0.0
737146,上櫃,0.0,0.0,0.0
737147,上櫃,3.73,3.73,5.0
737148,上櫃,0.0,0.0,0.0
737149,上櫃,0.0,0.0,0.0
737150,上櫃,0.0,0.0,0.0
737151,上櫃,0.0,0.0,0.0
737152,上櫃,0.0,0.0,0.0
737153,上櫃,0.0,0.0,0.0
737154,上櫃,0.49,0.51,1679.0
737155,上櫃,0.0,0.0,0.0
737156,上櫃,0.86,0.86,10.0
737157,上櫃,0.0,0.0,0.0
737158,上櫃,0.0,0.0,0.0
737159,上櫃,0.36,0.36,12.0
737160,上櫃,0.0,0.0,0.0
737161,上櫃,0.0,0.0,0.0
737162,上櫃,1.64,1.71,124.0
737163,上櫃,0.0,0.0,0.0
737164,上櫃,0.52,0.5,73.0
737165,上櫃,1.15,1.18,62.0
737166,上櫃,0.0,0.0,0.0
737167,上櫃,0.0,0.0,0.0
737168,上櫃,0.0,0.0,0.0
737169,上櫃,4.97,4.16,68.0
737170,上櫃,0.0,0.0,0.0
737171,上櫃,0.0,0.0,0.0
737172,上櫃,0.0,0.0,0.0
737173,上櫃,0.0,0.0,0.0
737174,上櫃,0.0,0.0,0.0
737175,上櫃,0.0,0.0,0.0
737176,上櫃,0.0,0.0,0.0
737177,上櫃,0.0,0.0,0.0
737178,上櫃,0.0,0.0,0.0
737179,上櫃,0.0,0.0,0.0
737180,上櫃,0.0,0.0,0.0
737181,上櫃,0.0,0.0,0.0
737182,上櫃,0.0,0.0,0.0
737183,上櫃,0.0,0.0,0.0
737184,上櫃,0.0,0.0,0.0
737185,上櫃,0.0,0.0,0.0
737186,上櫃,0.0,0.0,0.0
737187,上櫃,0.92,0.92,13.0
737188,上櫃,0.93,0.95,189.0
737189,上櫃,0.0,0.0,0.0
737190,上櫃,0.0,0.0,0.0
737191,上櫃,0.0,0.0,0.0
737192,上櫃,0.0,0.0,0.0
737193,上櫃,3.33,3.33,10.0
737194,上櫃,0.0,0.0,0.0
737195,上櫃,3.04,2.91,131.0
737196,上櫃,0.0,0.0,0.0
737197,上櫃,0.0,0.0,0.0
737198,上櫃,4.09,3.8,121.0
737199,上櫃,0.0,0.0,0.0
737200,上櫃,0.0,0.0,0.0
737201,上櫃,0.0,0.0,0.0
737202,上櫃,0.0,0.0,0.0
737203,上櫃,0.0,0.0,0.0
737204,上櫃,1.91,1.83,26.0
737205,上櫃,1.0,0.9,92.0
737206,上櫃,0.0,0.0,0.0
737207,上櫃,0.0,0.0,0.0
737208,上櫃,0.0,0.0,0.0
737209,上櫃,0.0,0.0,0.0
737210,上櫃,2.19,1.89,183.0
737211,上櫃,0.0,0.0,0.0
737212,上櫃,0.0,0.0,0.0
737213,上櫃,0.0,0.0,0.0
737214,上櫃,0.0,0.0,0.0
737215,上櫃,0.7,0.92,1114.0
737216,上櫃,1.74,1.47,339.0
737217,上櫃,0.0,0.0,0.0
737218,上櫃,0.0,0.0,0.0
737219,上櫃,0.0,0.0,0.0
737220,上櫃,0.0,0.0,0.0
737221,上櫃,0.0,0.0,0.0
737222,上櫃,0.0,0.0,0.0
737223,上櫃,0.0,0.0,0.0
737224,上櫃,0.09,0.09,25.0
737225,上櫃,0.0,0.0,0.0
737226,上櫃,0.0,0.0,0.0
737227,上櫃,0.0,0.0,0.0
737228,上櫃,0.0,0.0,0.0
737229,上櫃,0.69,0.55,13.0
737230,上櫃,0.0,0.0,0.0
737231,上櫃,0.03,0.03,120.0
737232,上櫃,0.0,0.0,0.0
737233,上櫃,0.0,0.0,0.0
737234,上櫃,0.4,0.26,112.0
737235,上櫃,0.0,0.0,0.0
737236,上櫃,0.0,0.0,0.0
737237,上櫃,0.0,0.0,0.0
737238,上櫃,0.0,0.0,0.0
737239,上櫃,0.9,0.89,4.0
737240,上櫃,0.0,0.0,0.0
737241,上櫃,0.0,0.0,0.0
737242,上櫃,0.0,0.0,0.0
737243,上櫃,0.0,0.0,0.0
737244,上櫃,0.0,0.0,0.0
737245,上櫃,0.0,0.0,0.0
737246,上櫃,0.0,0.0,0.0
737247,上櫃,0.0,0.0,0.0
737248,上櫃,0.0,0.0,0.0
737249,上櫃,0.0,0.0,0.0
737250,上櫃,0.0,0.0,0.0
737251,上櫃,0.0,0.0,0.0
737252,上櫃,0.0,0.0,0.0
737253,上櫃,0.0,0.0,0.0
737254,上櫃,0.0,0.0,0.0
737255,上櫃,0.0,0.0,0.0
737256,上櫃,0.0,0.0,0.0
737257,上櫃,0.0,0.0,0.0
737258,上櫃,0.0,0.0,0.0
737259,上櫃,0.0,0.0,0.0
737260,上櫃,0.0,0.0,0.0
737261,上櫃,0.0,0.0,0.0
737262,上櫃,0.15,0.15,20.0
737263,上櫃,0.0,0.0,0.0
737264,上櫃,0.0,0.0,0.0
737265,上櫃,0.0,0.0,0.0
737266,上櫃,0.0,0.0,0.0
737267,上櫃,1.3,1.3,10.0
737268,上櫃,0.0,0.0,0.0
737269,上櫃,0.0,0.0,0.0
737270,上櫃,2.13,2.13,2.0
737271,上櫃,0.0,0.0,0.0
737272,上櫃,0.7,0.66,615.0
737273,上櫃,0.0,0.0,0.0
737274,上櫃,0.0,0.0,0.0
737275,上櫃,0.0,0.0,0.0
737276,上櫃,0.0,0.0,0.0
737277,上櫃,0.0,0.0,0.0
737278,上櫃,0.0,0.0,0.0
737279,上櫃,0.0,0.0,0.0
737280,上櫃,0.0,0.0,0.0
737281,上櫃,0.0,0.0,0.0
737282,上櫃,0.0,0.0,0.0
737283,上櫃,0.0,0.0,0.0
737284,上櫃,0.0,0.0,0.0
737285,上櫃,1.23,1.23,10.0
737286,上櫃,0.69,0.69,20.0
737287,上櫃,0.0,0.0,0.0
737288,上櫃,0.0,0.0,0.0
737289,上櫃,0.0,0.0,0.0
737290,上櫃,0.0,0.0,0.0
737291,上櫃,0.0,0.0,0.0
737292,上櫃,1.36,1.36,13.0
737293,上櫃,0.0,0.0,0.0
737294,上櫃,4.85,5.0,23.0
737295,上櫃,5.3,5.15,363.0
737296,上櫃,0.0,0.0,0.0
737297,上櫃,0.0,0.0,0.0
737298,上櫃,0.0,0.0,0.0
737299,上櫃,0.0,0.0,0.0
737300,上櫃,0.0,0.0,0.0
737301,上櫃,0.0,0.0,0.0
737302,上櫃,0.29,0.19,55.0
737303,上櫃,0.0,0.0,0.0
737304,上櫃,3.38,2.92,8.0
737305,上櫃,0.0,0.0,0.0
737306,上櫃,3.49,2.94,135.0
737307,上櫃,0.0,0.0,0.0
737308,上櫃,0.0,0.0,0.0
737309,上櫃,0.0,0.0,0.0
737310,上櫃,0.0,0.0,0.0
737311,上櫃,0.0,0.0,0.0
737312,上櫃,0.0,0.0,0.0
737313,上櫃,0.0,0.0,0.0
737314,上櫃,0.0,0.0,0.0
737315,上櫃,0.0,0.0,0.0
737316,上櫃,0.0,0.0,0.0
737317,上櫃,0.0,0.0,0.0
737318,上櫃,0.0,0.0,0.0
737319,上櫃,0.0,0.0,0.0
737320,上櫃,0.0,0.0,0.0
737321,上櫃,0.98,0.96,256.0
737322,上櫃,1.93,1.93,3.0
737323,上櫃,0.0,0.0,0.0
737324,上櫃,0.73,0.66,64.0
737325,上櫃,0.0,0.0,0.0
737326,上櫃,0.0,0.0,0.0
737327,上櫃,0.0,0.0,0.0
737328,上櫃,0.0,0.0,0.0
737329,上櫃,0.11,0.11,50.0
737330,上櫃,0.0,0.0,0.0
737331,上櫃,0.0,0.0,0.0
737332,上櫃,2.02,2.09,17.0
737333,上櫃,0.0,0.0,0.0
737334,上櫃,0.57,0.53,285.0
737335,上櫃,0.0,0.0,0.0
737336,上櫃,0.0,0.0,0.0
737337,上櫃,0.0,0.0,0.0
737338,上櫃,0.0,0.0,0.0
737339,上櫃,0.0,0.0,0.0
737340,上櫃,0.0,0.0,0.0
737341,上櫃,0.0,0.0,0.0
737342,上櫃,0.0,0.0,0.0
737343,上櫃,0.0,0.0,0.0
737344,上櫃,0.0,0.0,0.0
737345,上櫃,0.0,0.0,0.0
737346,上櫃,0.0,0.0,0.0
737347,上櫃,0.0,0.0,0.0
737348,上櫃,0.0,0.0,0.0
737349,上櫃,0.0,0.0,0.0
737350,上櫃,4.23,3.42,105.0
737351,上櫃,0.0,0.0,0.0
737352,上櫃,0.0,0.0,0.0
737353,上櫃,0.0,0.0,0.0
737354,上櫃,0.0,0.0,0.0
737355,上櫃,0.0,0.0,0.0
737356,上櫃,1.51,1.47,52.0
737357,上櫃,0.0,0.0,0.0
737358,上櫃,0.0,0.0,0.0
737359,上櫃,0.0,0.0,0.0
737360,上櫃,0.0,0.0,0.0
737361,上櫃,0.0,0.0,0.0
737362,上櫃,0.0,0.0,0.0
737363,上櫃,0.0,0.0,0.0
737364,上櫃,0.0,0.0,0.0
737365,上櫃,0.0,0.0,0.0
737366,上櫃,0.0,0.0,0.0
737367,上櫃,0.0,0.0,0.0
737368,上櫃,0.35,0.35,25.0
737369,上櫃,0.0,0.0,0.0
737370,上櫃,0.0,0.0,0.0
737371,上櫃,0.0,0.0,0.0
737372,上櫃,0.07,0.07,103.0
737373,上櫃,0.0,0.0,0.0
737374,上櫃,6.15,5.5,13.0
737375,上櫃,0.0,0.0,0.0
737376,上櫃,0.0,0.0,0.0
737377,上櫃,0.0,0.0,0.0
737378,上櫃,0.0,0.0,0.0
737379,上櫃,0.0,0.0,0.0
737380,上櫃,0.0,0.0,0.0
737381,上櫃,0.0,0.0,0.0
737382,上櫃,0.0,0.0,0.0
737383,上櫃,0.0,0.0,0.0
737384,上櫃,0.68,0.65,176.0
737385,上櫃,6.25,6.1,2.0
737386,上櫃,0.0,0.0,0.0
737387,上櫃,0.0,0.0,0.0
737388,上櫃,0.0,0.0,0.0
737389,上櫃,0.12,0.12,190.0
737390,上櫃,0.08,0.09,752.0
737391,上櫃,0.0,0.0,0.0
737392,上櫃,0.0,0.0,0.0
737393,上櫃,0.21,0.21,13.0
737394,上櫃,0.0,0.0,0.0
737395,上櫃,0.0,0.0,0.0
737396,上櫃,0.0,0.0,0.0
737397,上櫃,0.0,0.0,0.0
737398,上櫃,0.0,0.0,0.0
737399,上櫃,0.24,0.24,40.0
737400,上櫃,0.02,0.01,100.0
737401,上櫃,0.0,0.0,0.0
737402,上櫃,0.0,0.0,0.0
737403,上櫃,0.0,0.0,0.0
737404,上櫃,5.0,5.15,130.0
737405,上櫃,0.0,0.0,0.0
737406,上櫃,0.0,0.0,0.0
737407,上櫃,0.0,0.0,0.0
737408,上櫃,0.0,0.0,0.0
737409,上櫃,0.0,0.0,0.0
737410,上櫃,0.0,0.0,0.0
737411,上櫃,0.0,0.0,0.0
737412,上櫃,0.0,0.0,0.0
737413,上櫃,0.0,0.0,0.0
737414,上櫃,0.0,0.0,0.0
737415,上櫃,0.0,0.0,0.0
737416,上櫃,0.0,0.0,0.0
737417,上櫃,0.0,0.0,0.0
737418,上櫃,0.0,0.0,0.0
737419,上櫃,0.0,0.0,0.0
737420,上櫃,0.0,0.0,0.0
737421,上櫃,1.17,1.13,131.0
737422,上櫃,0.0,0.0,0.0
737423,上櫃,7.75,7.4,34.0
737424,上櫃,8.0,7.1,14.0
737425,上櫃,3.35,3.35,1.0
737426,上櫃,0.79,0.69,354.0
737427,上櫃,0.0,0.0,0.0
737428,上櫃,0.0,0.0,0.0
737429,上櫃,0.0,0.0,0.0
737430,上櫃,0.0,0.0,0.0
737431,上櫃,0.89,0.84,5.0
737432,上櫃,0.0,0.0,0.0
737433,上櫃,0.0,0.0,0.0
737434,上櫃,0.0,0.0,0.0
737435,上櫃,1.33,1.31,20.0
737436,上櫃,0.0,0.0,0.0
737437,上櫃,0.0,0.0,0.0
737438,上櫃,0.0,0.0,0.0
737439,上櫃,0.0,0.0,0.0
737440,上櫃,3.01,2.22,30.0
737441,上櫃,2.79,2.87,141.0
737442,上櫃,0.0,0.0,0.0
737443,上櫃,0.0,0.0,0.0
737444,上櫃,0.0,0.0,0.0
737445,上櫃,0.0,0.0,0.0
737446,上櫃,0.0,0.0,0.0
737447,上櫃,0.0,0.0,0.0
737448,上櫃,0.0,0.0,0.0
737449,上櫃,0.0,0.0,0.0
737450,上櫃,5.35,5.35,1.0
737451,上櫃,0.0,0.0,0.0
737452,上櫃,0.0,0.0,0.0
737453,上櫃,0.0,0.0,0.0
737454,上櫃,0.0,0.0,0.0
737455,上櫃,0.0,0.0,0.0
737456,上櫃,0.0,0.0,0.0
737457,上櫃,0.0,0.0,0.0
737458,上櫃,0.38,0.32,319.0
737459,上櫃,0.0,0.0,0.0
737460,上櫃,0.0,0.0,0.0
737461,上櫃,0.0,0.0,0.0
737462,上櫃,0.0,0.0,0.0
737463,上櫃,0.0,0.0,0.0
737464,上櫃,0.0,0.0,0.0
737465,上櫃,0.0,0.0,0.0
737466,上櫃,0.0,0.0,0.0
737467,上櫃,0.0,0.0,0.0
737468,上櫃,2.77,2.99,4.0
737469,上櫃,0.0,0.0,0.0
737470,上櫃,0.0,0.0,0.0
737471,上櫃,0.0,0.0,0.0
737472,上櫃,0.0,0.0,0.0
737473,上櫃,0.0,0.0,0.0
737474,上櫃,0.32,0.33,172.0
737475,上櫃,0.0,0.0,0.0
737476,上櫃,0.02,0.02,998.0
737477,上櫃,0.04,0.04,300.0
737478,上櫃,0.0,0.0,0.0
737479,上櫃,10.0,10.0,5.0
737480,上櫃,1.16,1.14,15.0
737481,上櫃,0.0,0.0,0.0
737482,上櫃,0.24,0.22,313.0
737483,上櫃,0.22,0.22,276.0
737484,上櫃,0.46,0.39,520.0
737485,上櫃,0.0,0.0,0.0
737486,上櫃,1.65,1.22,70.0
737487,上櫃,4.46,4.24,27.0
737488,上櫃,0.0,0.0,0.0
737489,上櫃,0.0,0.0,0.0
737490,上櫃,0.38,0.38,100.0
737491,上櫃,1.13,0.97,228.0
737492,上櫃,0.0,0.0,0.0
737493,上櫃,1.99,1.99,1.0
737494,上櫃,0.0,0.0,0.0
737495,上櫃,0.46,0.46,11.0
737496,上櫃,0.0,0.0,0.0
737497,上櫃,0.0,0.0,0.0
737498,上櫃,0.0,0.0,0.0
737499,上櫃,1.92,1.83,178.0
737500,上櫃,0.0,0.0,0.0
737501,上櫃,0.0,0.0,0.0
737502,上櫃,0.0,0.0,0.0
737503,上櫃,0.0,0.0,0.0
737504,上櫃,0.0,0.0,0.0
737505,上櫃,0.0,0.0,0.0
737506,上櫃,0.0,0.0,0.0
737507,上櫃,0.0,0.0,0.0
737508,上櫃,4.52,4.52,15.0
737509,上櫃,4.65,4.65,2.0
737510,上櫃,0.0,0.0,0.0
737511,上櫃,0.0,0.0,0.0
737512,上櫃,1.36,1.37,128.0
737513,上櫃,0.0,0.0,0.0
737514,上櫃,0.0,0.0,0.0
737515,上櫃,0.0,0.0,0.0
737516,上櫃,0.0,0.0,0.0
737517,上櫃,0.97,0.83,161.0
737518,上櫃,0.0,0.0,0.0
737519,上櫃,0.32,0.24,172.0
737520,上櫃,0.42,0.49,349.0
737521,上櫃,0.0,0.0,0.0
737522,上櫃,0.8,0.83,35.0
737523,上櫃,0.0,0.0,0.0
737524,上櫃,0.0,0.0,0.0
737525,上櫃,0.51,0.42,2088.0
737526,上櫃,0.0,0.0,0.0
737527,上櫃,0.0,0.0,0.0
737528,上櫃,8.7,8.7,2.0
737529,上櫃,0.35,0.3,42.0
737530,上櫃,0.0,0.0,0.0
737531,上櫃,0.0,0.0,0.0
737532,上櫃,2.87,2.99,127.0
737533,上櫃,1.38,1.7,96.0
737534,上櫃,0.0,0.0,0.0
737535,上櫃,0.0,0.0,0.0
737536,上櫃,0.0,0.0,0.0
737537,上櫃,0.0,0.0,0.0
737538,上櫃,0.0,0.0,0.0
737539,上櫃,0.0,0.0,0.0
737540,上櫃,0.0,0.0,0.0
737541,上櫃,0.0,0.0,0.0
737542,上櫃,1.78,1.78,1.0
737543,上櫃,0.0,0.0,0.0
737544,上櫃,0.0,0.0,0.0
737545,上櫃,0.0,0.0,0.0
737546,上櫃,0.0,0.0,0.0
737547,上櫃,0.0,0.0,0.0
737548,上櫃,0.0,0.0,0.0
737549,上櫃,0.9,0.84,564.0
737550,上櫃,0.0,0.0,0.0
737551,上櫃,0.08,0.08,80.0
737552,上櫃,0.0,0.0,0.0
737553,上櫃,0.0,0.0,0.0
737554,上櫃,0.0,0.0,0.0
737555,上櫃,0.0,0.0,0.0
737556,上櫃,0.36,0.31,50.0
737557,上櫃,0.0,0.0,0.0
737558,上櫃,0.0,0.0,0.0
737559,上櫃,0.03,0.02,2404.0
737560,上櫃,2.2,2.22,53.0
737561,上櫃,0.0,0.0,0.0
737562,上櫃,0.0,0.0,0.0
737563,上櫃,0.0,0.0,0.0
737564,上櫃,0.0,0.0,0.0
737565,上櫃,0.42,0.39,90.0
737566,上櫃,1.19,1.03,10.0
737567,上櫃,0.8,0.71,337.0
737568,上櫃,0.0,0.0,0.0
737569,上櫃,0.0,0.0,0.0
737570,上櫃,0.0,0.0,0.0
737571,上櫃,0.36,0.29,114.0
737572,上櫃,0.38,0.33,146.0
737573,上櫃,0.98,1.12,437.0
737574,上櫃,0.0,0.0,0.0
737575,上櫃,0.5,0.48,369.0
737576,上櫃,0.17,0.14,60.0
737577,上櫃,0.12,0.12,213.0
737578,上櫃,0.0,0.0,0.0
737579,上櫃,0.0,0.0,0.0
737580,上櫃,0.0,0.0,0.0
737581,上櫃,3.58,4.58,506.0
737582,上櫃,1.58,1.58,30.0
737583,上櫃,0.69,0.69,7.0
737584,上櫃,0.0,0.0,0.0
737585,上櫃,0.0,0.0,0.0
737586,上櫃,0.0,0.0,0.0
737587,上櫃,0.0,0.0,0.0
737588,上櫃,0.0,0.0,0.0
737589,上櫃,0.0,0.0,0.0
737590,上櫃,0.0,0.0,0.0
737591,上櫃,0.0,0.0,0.0
737592,上櫃,0.0,0.0,0.0
737593,上櫃,2.64,2.64,20.0
737594,上櫃,2.55,2.25,112.0
737595,上櫃,0.0,0.0,0.0
737596,上櫃,0.0,0.0,0.0
737597,上櫃,0.0,0.0,0.0
737598,上櫃,0.0,0.0,0.0
737599,上櫃,0.0,0.0,0.0
737600,上櫃,0.0,0.0,0.0
737601,上櫃,0.13,0.08,70.0
737602,上櫃,0.0,0.0,0.0
737603,上櫃,0.0,0.0,0.0
737604,上櫃,0.0,0.0,0.0
737605,上櫃,0.0,0.0,0.0
737606,上櫃,0.0,0.0,0.0
737607,上櫃,7.7,7.7,40.0
737608,上櫃,0.97,0.69,48.0
737609,上櫃,0.13,0.13,5.0
737610,上櫃,0.14,0.08,186.0
737611,上櫃,0.0,0.0,0.0
737612,上櫃,0.0,0.0,0.0
737613,上櫃,4.87,4.08,166.0
737614,上櫃,0.1,0.1,160.0
737615,上櫃,0.0,0.0,0.0
737616,上櫃,0.0,0.0,0.0
737617,上櫃,0.4,0.29,654.0
737618,上櫃,0.0,0.0,0.0
737619,上櫃,0.0,0.0,0.0
737620,上櫃,0.0,0.0,0.0
737621,上櫃,0.66,0.73,340.0
737622,上櫃,0.0,0.0,0.0
737623,上櫃,0.0,0.0,0.0
737624,上櫃,0.0,0.0,0.0
737625,上櫃,0.0,0.0,0.0
737626,上櫃,0.0,0.0,0.0
737627,上櫃,5.45,5.35,5.0
737628,上櫃,1.72,1.71,35.0
737629,上櫃,0.0,0.0,0.0
737630,上櫃,0.0,0.0,0.0
737631,上櫃,0.0,0.0,0.0
737632,上櫃,0.0,0.0,0.0
737633,上櫃,1.36,1.47,49.0
737634,上櫃,0.0,0.0,0.0
737635,上櫃,0.0,0.0,0.0
737636,上櫃,0.0,0.0,0.0
737637,上櫃,5.8,5.75,14.0
737638,上櫃,0.0,0.0,0.0
737639,上櫃,0.0,0.0,0.0
737640,上櫃,0.0,0.0,0.0
737641,上櫃,0.0,0.0,0.0
737642,上櫃,0.0,0.0,0.0
737643,上櫃,2.82,2.82,40.0
737644,上櫃,0.0,0.0,0.0
737645,上櫃,0.0,0.0,0.0
737646,上櫃,0.0,0.0,0.0
737647,上櫃,0.0,0.0,0.0
737648,上櫃,0.0,0.0,0.0
737649,上櫃,0.0,0.0,0.0
737650,上櫃,1.29,1.29,5.0
737651,上櫃,0.0,0.0,0.0
737652,上櫃,0.0,0.0,0.0
737653,上櫃,0.0,0.0,0.0
737654,上櫃,0.08,0.07,40.0
737655,上櫃,0.39,0.31,131.0
737656,上櫃,2.9,2.72,249.0
737657,上櫃,0.0,0.0,0.0
737658,上櫃,2.7,2.48,53.0
737659,上櫃,0.0,0.0,0.0
737660,上櫃,1.01,0.56,100.0
737661,上櫃,0.36,0.31,13.0
737662,上櫃,0.0,0.0,0.0
737663,上櫃,0.13,0.13,6.0
737664,上櫃,4.6,3.98,77.0
737665,上櫃,1.33,1.26,183.0
737666,上櫃,2.16,2.16,13.0
737667,上櫃,3.81,3.81,10.0
737668,上櫃,0.0,0.0,0.0
737669,上櫃,0.0,0.0,0.0
737670,上櫃,1.47,1.47,2.0
737671,上櫃,1.06,1.07,1078.0
737672,上櫃,0.0,0.0,0.0
737673,上櫃,0.0,0.0,0.0
737674,上櫃,0.0,0.0,0.0
737675,上櫃,4.6,4.64,11.0
737676,上櫃,0.0,0.0,0.0
737677,上櫃,0.0,0.0,0.0
737678,上櫃,4.36,3.34,85.0
737679,上櫃,3.67,3.59,15.0
737680,上櫃,0.0,0.0,0.0
737681,上櫃,1.08,0.92,3.0
737682,上櫃,0.0,0.0,0.0
737683,上櫃,0.0,0.0,0.0
737684,上櫃,0.0,0.0,0.0
737685,上櫃,0.0,0.0,0.0
737686,上櫃,0.0,0.0,0.0
737687,上櫃,0.0,0.0,0.0
737688,上櫃,3.57,4.25,107.0
737689,上櫃,0.0,0.0,0.0
737690,上櫃,0.0,0.0,0.0
737691,上櫃,2.92,2.7,100.0
737692,上櫃,1.4,1.4,11.0
737693,上櫃,0.0,0.0,0.0
737694,上櫃,0.0,0.0,0.0
737695,上櫃,0.77,0.46,289.0
737696,上櫃,2.68,2.61,17.0
737697,上櫃,0.0,0.0,0.0
737698,上櫃,0.0,0.0,0.0
737699,上櫃,0.0,0.0,0.0
737700,上櫃,0.0,0.0,0.0
737701,上櫃,0.16,0.15,20.0
737702,上櫃,0.0,0.0,0.0
737703,上櫃,0.0,0.0,0.0
737704,上櫃,0.26,0.26,10.0
737705,上櫃,1.37,1.2,1077.0
737706,上櫃,0.0,0.0,0.0
737707,上櫃,0.0,0.0,0.0
737708,上櫃,0.0,0.0,0.0
737709,上櫃,0.0,0.0,0.0
737710,上櫃,0.31,0.29,70.0
737711,上櫃,0.41,0.41,400.0
737712,上櫃,0.0,0.0,0.0
737713,上櫃,0.33,0.28,200.0
737714,上櫃,2.57,2.57,100.0
737715,上櫃,0.0,0.0,0.0
737716,上櫃,0.0,0.0,0.0
737717,上櫃,0.0,0.0,0.0
737718,上櫃,0.0,0.0,0.0
737719,上櫃,1.07,1.09,488.0
737720,上櫃,0.0,0.0,0.0
737721,上櫃,0.0,0.0,0.0
737722,上櫃,0.0,0.0,0.0
737723,上櫃,3.89,4.63,11.0
737724,上櫃,1.21,1.21,10.0
737725,上櫃,0.35,0.35,35.0
737726,上櫃,2.16,1.72,43.0
737727,上櫃,3.94,4.36,40.0
737728,上櫃,6.1,6.1,10.0
737729,上櫃,0.0,0.0,0.0
737730,上櫃,0.06,0.06,80.0
737731,上櫃,3.34,3.34,1.0
737732,上櫃,0.0,0.0,0.0
737733,上櫃,0.0,0.0,0.0
737734,上櫃,0.0,0.0,0.0
737735,上櫃,1.46,1.46,5.0
737736,上櫃,0.9,0.74,267.0
737737,上櫃,0.76,0.64,3473.0
737738,上櫃,0.4,0.34,394.0
737739,上櫃,0.56,0.56,343.0
737740,上櫃,0.0,0.0,0.0
737741,上櫃,0.53,0.37,693.0
737742,上櫃,0.62,0.45,1411.0
737743,上櫃,0.0,0.0,0.0
737744,上櫃,0.89,0.81,138.0
737745,上櫃,0.0,0.0,0.0
737746,上櫃,0.0,0.0,0.0
737747,上櫃,0.0,0.0,0.0
737748,上櫃,0.0,0.0,0.0
737749,上櫃,0.07,0.07,270.0
737750,上櫃,0.0,0.0,0.0
737751,上櫃,0.0,0.0,0.0
737752,上櫃,0.0,0.0,0.0
737753,上櫃,0.0,0.0,0.0
737754,上櫃,0.0,0.0,0.0
737755,上櫃,0.79,0.79,19.0
737756,上櫃,0.31,0.26,97.0
737757,上櫃,0.0,0.0,0.0
737758,上櫃,0.0,0.0,0.0
737759,上櫃,0.0,0.0,0.0
737760,上櫃,0.0,0.0,0.0
737761,上櫃,0.0,0.0,0.0
737762,上櫃,0.0,0.0,0.0
737763,上櫃,0.0,0.0,0.0
737764,上櫃,0.0,0.0,0.0
737765,上櫃,0.0,0.0,0.0
737766,上櫃,0.0,0.0,0.0
737767,上櫃,0.82,0.82,1.0
737768,上櫃,0.45,0.45,11.0
737769,上櫃,3.58,3.58,4.0
737770,上櫃,0.0,0.0,0.0
737771,上櫃,0.0,0.0,0.0
737772,上櫃,0.0,0.0,0.0
737773,上櫃,0.0,0.0,0.0
737774,上櫃,0.0,0.0,0.0
737775,上櫃,0.0,0.0,0.0
737776,上櫃,1.49,1.92,332.0
737777,上櫃,0.0,0.0,0.0
737778,上櫃,2.23,2.41,11.0
737779,上櫃,4.2,3.95,21.0
737780,上櫃,0.0,0.0,0.0
737781,上櫃,1.87,1.33,188.0
737782,上櫃,0.0,0.0,0.0
737783,上櫃,0.0,0.0,0.0
737784,上櫃,2.97,2.59,385.0
737785,上櫃,0.15,0.15,20.0
737786,上櫃,0.0,0.0,0.0
737787,上櫃,0.0,0.0,0.0
737788,上櫃,0.0,0.0,0.0
737789,上櫃,2.14,2.14,6.0
737790,上櫃,0.0,0.0,0.0
737791,上櫃,0.0,0.0,0.0
737792,上櫃,0.14,0.12,20.0
737793,上櫃,0.3,0.35,68.0
737794,上櫃,1.95,2.11,22.0
737795,上櫃,2.32,2.37,296.0
737796,上櫃,0.36,0.36,30.0
737797,上櫃,0.0,0.0,0.0
737798,上櫃,0.0,0.0,0.0
737799,上櫃,3.7,3.18,12.0
737800,上櫃,4.14,3.63,70.0
737801,上櫃,4.26,3.73,306.0
737802,上櫃,0.05,0.05,50.0
737803,上櫃,1.15,0.94,33.0
737804,上櫃,0.0,0.0,0.0
737805,上櫃,0.0,0.0,0.0
737806,上櫃,0.0,0.0,0.0
737807,上櫃,0.0,0.0,0.0
737808,上櫃,0.0,0.0,0.0
737809,上櫃,0.0,0.0,0.0
737810,上櫃,0.0,0.0,0.0
737811,上櫃,0.0,0.0,0.0
737812,上櫃,0.0,0.0,0.0
737813,上櫃,0.0,0.0,0.0
737814,上櫃,0.0,0.0,0.0
737815,上櫃,0.0,0.0,0.0
737816,上櫃,0.0,0.0,0.0
737817,上櫃,0.0,0.0,0.0
737818,上櫃,0.0,0.0,0.0
737819,上櫃,0.0,0.0,0.0
737820,上櫃,0.0,0.0,0.0
737821,上櫃,0.0,0.0,0.0
737822,上櫃,0.09,0.09,25.0
737823,上櫃,0.0,0.0,0.0
737824,上櫃,0.0,0.0,0.0
737825,上櫃,0.0,0.0,0.0
737826,上櫃,0.0,0.0,0.0
737827,上櫃,0.0,0.0,0.0
737828,上櫃,0.0,0.0,0.0
737829,上櫃,1.4,1.52,515.0
737830,上櫃,1.12,1.11,360.0
737831,上櫃,1.41,1.41,20.0
737832,上櫃,0.0,0.0,0.0
737833,上櫃,3.78,2.56,252.0
737834,上櫃,0.0,0.0,0.0
737835,上櫃,0.0,0.0,0.0
737836,上櫃,0.0,0.0,0.0
737837,上櫃,0.2,0.2,10.0
737838,上櫃,0.0,0.0,0.0
737839,上櫃,4.51,3.49,78.0
737840,上櫃,0.0,0.0,0.0
737841,上櫃,0.0,0.0,0.0
737842,上櫃,0.0,0.0,0.0
737843,上櫃,0.0,0.0,0.0
737844,上櫃,0.0,0.0,0.0
737845,上櫃,0.0,0.0,0.0
737846,上櫃,2.94,2.97,12.0
737847,上櫃,0.0,0.0,0.0
737848,上櫃,0.0,0.0,0.0
737849,上櫃,0.0,0.0,0.0
737850,上櫃,0.0,0.0,0.0
737851,上櫃,0.0,0.0,0.0
737852,上櫃,0.0,0.0,0.0
737853,上櫃,0.0,0.0,0.0
737854,上櫃,0.21,0.21,100.0
737855,上櫃,0.0,0.0,0.0
737856,上櫃,0.0,0.0,0.0
737857,上櫃,0.0,0.0,0.0
737858,上櫃,0.0,0.0,0.0
737859,上櫃,0.0,0.0,0.0
737860,上櫃,8.85,8.05,11.0
737861,上櫃,0.0,0.0,0.0
737862,上櫃,0.0,0.0,0.0
737863,上櫃,0.0,0.0,0.0
737864,上櫃,0.5,0.42,292.0
737865,上櫃,0.0,0.0,0.0
737866,上櫃,0.02,0.02,70.0
737867,上櫃,0.0,0.0,0.0
737868,上櫃,0.0,0.0,0.0
737869,上櫃,0.0,0.0,0.0
737870,上櫃,0.95,0.73,862.0
737871,上櫃,0.0,0.0,0.0
737872,上櫃,0.13,0.13,11.0
737873,上櫃,0.53,0.44,243.0
737874,上櫃,0.0,0.0,0.0
737875,上櫃,0.0,0.0,0.0
737876,上櫃,0.14,0.14,50.0
737877,上櫃,0.0,0.0,0.0
737878,上櫃,0.0,0.0,0.0
737879,上櫃,0.0,0.0,0.0
737880,上櫃,0.0,0.0,0.0
737881,上櫃,0.0,0.0,0.0
737882,上櫃,0.06,0.14,11.0
737883,上櫃,0.31,0.25,269.0
737884,上櫃,0.0,0.0,0.0
737885,上櫃,2.57,2.86,261.0
737886,上櫃,1.46,1.39,19.0
737887,上櫃,0.0,0.0,0.0
737888,上櫃,0.0,0.0,0.0
737889,上櫃,0.0,0.0,0.0
737890,上櫃,0.0,0.0,0.0
737891,上櫃,1.3,1.3,20.0
737892,上櫃,6.3,5.25,12.0
737893,上櫃,0.54,0.54,37.0
737894,上櫃,0.0,0.0,0.0
737895,上櫃,1.17,1.02,131.0
737896,上櫃,0.0,0.0,0.0
737897,上櫃,0.0,0.0,0.0
737898,上櫃,2.18,2.28,2.0
737899,上櫃,0.0,0.0,0.0
737900,上櫃,3.59,3.59,10.0
737901,上櫃,0.73,0.71,15.0
737902,上櫃,0.0,0.0,0.0
737903,上櫃,0.0,0.0,0.0
737904,上櫃,0.0,0.0,0.0
737905,上櫃,0.16,0.17,304.0
737906,上櫃,0.0,0.0,0.0
737907,上櫃,0.0,0.0,0.0
737908,上櫃,0.0,0.0,0.0
737909,上櫃,0.0,0.0,0.0
737910,上櫃,0.0,0.0,0.0
737911,上櫃,0.0,0.0,0.0
737912,上櫃,2.14,1.81,1161.0
737913,上櫃,1.63,1.91,694.0
737914,上櫃,0.0,0.0,0.0
737915,上櫃,0.0,0.0,0.0
737916,上櫃,3.9,4.56,36.0
737917,上櫃,0.0,0.0,0.0
737918,上櫃,0.0,0.0,0.0
737919,上櫃,1.54,1.51,52.0
737920,上櫃,0.23,0.2,30.0
737921,上櫃,0.0,0.0,0.0
737922,上櫃,0.0,0.0,0.0
737923,上櫃,0.0,0.0,0.0
737924,上櫃,0.0,0.0,0.0
737925,上櫃,0.0,0.0,0.0
737926,上櫃,0.0,0.0,0.0
737927,上櫃,0.4,0.38,37.0
737928,上櫃,1.94,1.7,170.0
737929,上櫃,1.11,1.0,213.0
737930,上櫃,0.0,0.0,0.0
737931,上櫃,0.39,0.37,74.0
737932,上櫃,0.0,0.0,0.0
737933,上櫃,0.0,0.0,0.0
737934,上櫃,0.0,0.0,0.0
737935,上櫃,2.54,2.1,72.0
737936,上櫃,0.0,0.0,0.0
737937,上櫃,0.0,0.0,0.0
737938,上櫃,0.0,0.0,0.0
737939,上櫃,0.0,0.0,0.0
737940,上櫃,0.64,0.64,171.0
737941,上櫃,0.3,0.3,25.0
737942,上櫃,0.0,0.0,0.0
737943,上櫃,0.0,0.0,0.0
737944,上櫃,0.0,0.0,0.0
737945,上櫃,0.0,0.0,0.0
737946,上櫃,0.0,0.0,0.0
737947,上櫃,0.0,0.0,0.0
737948,上櫃,0.0,0.0,0.0
737949,上櫃,0.0,0.0,0.0
737950,上櫃,1.44,1.71,226.0
737951,上櫃,0.0,0.0,0.0
737952,上櫃,0.0,0.0,0.0
737953,上櫃,1.29,1.31,23.0
737954,上櫃,0.0,0.0,0.0
737955,上櫃,2.63,2.77,297.0
737956,上櫃,0.0,0.0,0.0
737957,上櫃,0.0,0.0,0.0
737958,上櫃,0.0,0.0,0.0
737959,上櫃,0.0,0.0,0.0
737960,上櫃,0.0,0.0,0.0
737961,上櫃,0.0,0.0,0.0
737962,上櫃,1.61,1.37,253.0
737963,上櫃,0.02,0.02,4.0
737964,上櫃,0.0,0.0,0.0
737965,上櫃,1.14,1.14,12.0
737966,上櫃,0.0,0.0,0.0
737967,上櫃,0.0,0.0,0.0
737968,上櫃,0.0,0.0,0.0
737969,上櫃,0.0,0.0,0.0
737970,上櫃,0.0,0.0,0.0
737971,上櫃,0.0,0.0,0.0
737972,上櫃,2.89,2.68,92.0
737973,上櫃,0.0,0.0,0.0
737974,上櫃,0.0,0.0,0.0
737975,上櫃,0.66,0.54,2594.0
737976,上櫃,0.35,0.33,1762.0
737977,上櫃,0.0,0.0,0.0
737978,上櫃,0.0,0.0,0.0
737979,上櫃,0.0,0.0,0.0
737980,上櫃,0.0,0.0,0.0
737981,上櫃,0.19,0.15,360.0
737982,上櫃,0.0,0.0,0.0
737983,上櫃,1.61,1.62,302.0
737984,上櫃,0.0,0.0,0.0
737985,上櫃,0.12,0.12,1.0
737986,上櫃,0.75,0.75,10.0
737987,上櫃,1.4,1.29,210.0
737988,上櫃,0.0,0.0,0.0
737989,上櫃,1.98,1.97,11.0
737990,上櫃,1.93,2.38,46.0
737991,上櫃,0.0,0.0,0.0
737992,上櫃,0.0,0.0,0.0
737993,上櫃,0.0,0.0,0.0
737994,上櫃,0.0,0.0,0.0
737995,上櫃,3.3,3.3,20.0
737996,上櫃,0.0,0.0,0.0
737997,上櫃,0.0,0.0,0.0
737998,上櫃,0.0,0.0,0.0
737999,上櫃,0.0,0.0,0.0
738000,上櫃,0.9,0.9,22.0
738001,上櫃,1.94,1.72,139.0
738002,上櫃,1.25,1.29,114.0
738003,上櫃,0.0,0.0,0.0
738004,上櫃,0.0,0.0,0.0
738005,上櫃,0.0,0.0,0.0
738006,上櫃,0.21,0.21,100.0
738007,上櫃,0.27,0.23,100.0
738008,上櫃,0.0,0.0,0.0
738009,上櫃,0.0,0.0,0.0
738010,上櫃,0.0,0.0,0.0
738011,上櫃,0.0,0.0,0.0
738012,上櫃,0.0,0.0,0.0
738013,上櫃,0.0,0.0,0.0
738014,上櫃,2.64,2.64,2.0
738015,上櫃,0.0,0.0,0.0
738016,上櫃,5.4,6.15,2.0
738017,上櫃,0.79,0.83,71.0
738018,上櫃,1.48,1.76,35.0
738019,上櫃,0.0,0.0,0.0
738020,上櫃,0.53,0.53,3.0
738021,上櫃,0.55,0.5,163.0
738022,上櫃,0.17,0.17,28.0
738023,上櫃,0.0,0.0,0.0
738024,上櫃,0.0,0.0,0.0
738025,上櫃,0.56,0.46,584.0
738026,上櫃,0.0,0.0,0.0
738027,上櫃,0.0,0.0,0.0
738028,上櫃,0.0,0.0,0.0
738029,上櫃,0.0,0.0,0.0
738030,上櫃,0.72,0.53,100.0
738031,上櫃,0.0,0.0,0.0
738032,上櫃,0.65,0.64,29.0
738033,上櫃,0.0,0.0,0.0
738034,上櫃,0.0,0.0,0.0
738035,上櫃,0.0,0.0,0.0
738036,上櫃,0.0,0.0,0.0
738037,上櫃,0.0,0.0,0.0
738038,上櫃,0.0,0.0,0.0
738039,上櫃,0.0,0.0,0.0
738040,上櫃,1.44,1.35,15.0
738041,上櫃,2.33,2.4,6.0
738042,上櫃,1.47,1.45,145.0
738043,上櫃,0.0,0.0,0.0
738044,上櫃,0.0,0.0,0.0
738045,上櫃,1.09,1.09,471.0
738046,上櫃,0.0,0.0,0.0
738047,上櫃,0.4,0.26,366.0
738048,上櫃,0.0,0.0,0.0
738049,上櫃,3.35,3.65,234.0
738050,上櫃,4.73,4.73,8.0
738051,上櫃,4.23,4.23,20.0
738052,上櫃,0.73,0.76,17.0
738053,上櫃,0.0,0.0,0.0
738054,上櫃,0.0,0.0,0.0
738055,上櫃,0.0,0.0,0.0
738056,上櫃,0.0,0.0,0.0
738057,上櫃,1.75,1.42,62.0
738058,上櫃,0.23,0.21,1420.0
738059,上櫃,0.0,0.0,0.0
738060,上櫃,0.0,0.0,0.0
738061,上櫃,0.13,0.13,50.0
738062,上櫃,0.0,0.0,0.0
738063,上櫃,0.0,0.0,0.0
738064,上櫃,0.0,0.0,0.0
738065,上櫃,2.34,2.34,4.0
738066,上櫃,0.0,0.0,0.0
738067,上櫃,0.0,0.0,0.0
738068,上櫃,0.0,0.0,0.0
738069,上櫃,0.14,0.14,479.0
738070,上櫃,0.0,0.0,0.0
738071,上櫃,0.0,0.0,0.0
738072,上櫃,0.0,0.0,0.0
738073,上櫃,0.0,0.0,0.0
738074,上櫃,0.0,0.0,0.0
738075,上櫃,0.0,0.0,0.0
738076,上櫃,0.17,0.17,10.0
738077,上櫃,6.5,6.9,56.0
738078,上櫃,0.0,0.0,0.0
738079,上櫃,3.64,3.64,6.0
738080,上櫃,0.0,0.0,0.0
738081,上櫃,0.0,0.0,0.0
738082,上櫃,4.82,4.82,2.0
738083,上櫃,0.0,0.0,0.0
738084,上櫃,0.0,0.0,0.0
738085,上櫃,0.32,0.31,2.0
738086,上櫃,0.0,0.0,0.0
738087,上櫃,0.0,0.0,0.0
738088,上櫃,0.0,0.0,0.0
738089,上櫃,0.0,0.0,0.0
738090,上櫃,0.0,0.0,0.0
738091,上櫃,0.25,0.25,200.0
738092,上櫃,0.0,0.0,0.0
738093,上櫃,0.0,0.0,0.0
738094,上櫃,0.0,0.0,0.0
738095,上櫃,0.0,0.0,0.0
738096,上櫃,0.5,0.44,105.0
738097,上櫃,0.18,0.18,1.0
738098,上櫃,0.05,0.07,229.0
738099,上櫃,0.13,0.12,168.0
738100,上櫃,0.17,0.17,91.0
738101,上櫃,3.83,3.26,19.0
738102,上櫃,0.19,0.19,1023.0
738103,上櫃,0.0,0.0,0.0
738104,上櫃,0.32,0.32,187.0
738105,上櫃,3.61,3.65,11.0
738106,上櫃,0.24,0.21,2427.0
738107,上櫃,0.0,0.0,0.0
738108,上櫃,0.0,0.0,0.0
738109,上櫃,0.0,0.0,0.0
738110,上櫃,1.34,1.34,20.0
738111,上櫃,2.67,2.78,134.0
738112,上櫃,0.0,0.0,0.0
738113,上櫃,0.33,0.33,240.0
738114,上櫃,0.0,0.0,0.0
738115,上櫃,0.0,0.0,0.0
738116,上櫃,0.0,0.0,0.0
738117,上櫃,0.0,0.0,0.0
738118,上櫃,0.0,0.0,0.0
738119,上櫃,0.0,0.0,0.0
738120,上櫃,0.0,0.0,0.0
738121,上櫃,0.0,0.0,0.0
738122,上櫃,0.0,0.0,0.0
738123,上櫃,1.08,1.1,104.0
738124,上櫃,0.0,0.0,0.0
738125,上櫃,0.0,0.0,0.0
738126,上櫃,0.0,0.0,0.0
738127,上櫃,0.0,0.0,0.0
738128,上櫃,0.0,0.0,0.0
738129,上櫃,0.0,0.0,0.0
738130,上櫃,0.24,0.23,70.0
738131,上櫃,0.23,0.22,31.0
738132,上櫃,0.64,0.63,125.0
738133,上櫃,0.0,0.0,0.0
738134,上櫃,1.57,1.42,59.0
738135,上櫃,0.0,0.0,0.0
738136,上櫃,0.75,0.7,147.0
738137,上櫃,0.5,0.5,24.0
738138,上櫃,0.4,0.4,567.0
738139,上櫃,0.0,0.0,0.0
738140,上櫃,0.0,0.0,0.0
738141,上櫃,0.51,0.51,68.0
738142,上櫃,0.0,0.0,0.0
738143,上櫃,0.0,0.0,0.0
738144,上櫃,0.31,0.28,738.0
738145,上櫃,0.68,0.68,110.0
738146,上櫃,0.0,0.0,0.0
738147,上櫃,0.0,0.0,0.0
738148,上櫃,0.49,0.49,10.0
738149,上櫃,0.4,0.4,10.0
738150,上櫃,0.0,0.0,0.0
738151,上櫃,0.0,0.0,0.0
738152,上櫃,0.0,0.0,0.0
738153,上櫃,0.0,0.0,0.0
738154,上櫃,0.44,0.39,483.0
738155,上櫃,1.68,1.87,607.0
738156,上櫃,0.0,0.0,0.0
738157,上櫃,0.2,0.2,10.0
738158,上櫃,0.0,0.0,0.0
738159,上櫃,0.0,0.0,0.0
738160,上櫃,0.0,0.0,0.0
738161,上櫃,0.0,0.0,0.0
738162,上櫃,0.0,0.0,0.0
738163,上櫃,0.0,0.0,0.0
738164,上櫃,0.35,0.36,100.0
738165,上櫃,0.0,0.0,0.0
738166,上櫃,0.0,0.0,0.0
738167,上櫃,0.0,0.0,0.0
738168,上櫃,0.0,0.0,0.0
738169,上櫃,0.0,0.0,0.0
738170,上櫃,0.0,0.0,0.0
738171,上櫃,0.0,0.0,0.0
738172,上櫃,0.05,0.11,141.0
738173,上櫃,0.0,0.0,0.0
738174,上櫃,0.0,0.0,0.0
738175,上櫃,0.0,0.0,0.0
738176,上櫃,0.0,0.0,0.0
738177,上櫃,0.0,0.0,0.0
738178,上櫃,0.22,0.22,6.0
738179,上櫃,0.58,0.58,24.0
738180,上櫃,0.16,0.16,21.0
738181,上櫃,0.0,0.0,0.0
738182,上櫃,0.3,0.3,91.0
738183,上櫃,0.57,0.57,12.0
738184,上櫃,0.0,0.0,0.0
738185,上櫃,0.0,0.0,0.0
738186,上櫃,0.77,0.77,130.0
738187,上櫃,0.0,0.0,0.0
738188,上櫃,0.0,0.0,0.0
738189,上櫃,0.7,0.64,12.0
738190,上櫃,0.0,0.0,0.0
738191,上櫃,0.26,0.3,155.0
738192,上櫃,0.3,0.3,100.0
738193,上櫃,0.54,0.54,41.0
738194,上櫃,1.1,1.1,2.0
738195,上櫃,1.06,1.01,621.0
738196,上櫃,0.0,0.0,0.0
738197,上櫃,0.0,0.0,0.0
738198,上櫃,0.0,0.0,0.0
738199,上櫃,0.0,0.0,0.0
738200,上櫃,0.0,0.0,0.0
738201,上櫃,0.0,0.0,0.0
738202,上櫃,0.92,0.88,79.0
738203,上櫃,0.01,0.01,300.0
738204,上櫃,0.0,0.0,0.0
738205,上櫃,0.0,0.0,0.0
738206,上櫃,0.08,0.08,20.0
738207,上櫃,2.27,1.92,122.0
738208,上櫃,4.54,5.25,137.0
738209,上櫃,0.0,0.0,0.0
738210,上櫃,4.25,4.76,806.0
738211,上櫃,0.0,0.0,0.0
738212,上櫃,0.0,0.0,0.0
738213,上櫃,0.0,0.0,0.0
738214,上櫃,0.0,0.0,0.0
738215,上櫃,0.0,0.0,0.0
738216,上櫃,0.15,0.15,50.0
738217,上櫃,0.0,0.0,0.0
738218,上櫃,0.0,0.0,0.0
738219,上櫃,0.36,0.32,226.0
738220,上櫃,0.55,0.53,252.0
738221,上櫃,0.0,0.0,0.0
738222,上櫃,0.0,0.0,0.0
738223,上櫃,0.0,0.0,0.0
738224,上櫃,0.0,0.0,0.0
738225,上櫃,1.11,1.11,5.0
738226,上櫃,0.0,0.0,0.0
738227,上櫃,1.29,1.39,330.0
738228,上櫃,0.0,0.0,0.0
738229,上櫃,0.02,0.02,1.0
738230,上櫃,0.14,0.15,26.0
738231,上櫃,0.0,0.0,0.0
738232,上櫃,0.56,0.31,206.0
738233,上櫃,1.2,0.83,250.0
738234,上櫃,0.0,0.0,0.0
738235,上櫃,0.0,0.0,0.0
738236,上櫃,0.0,0.0,0.0
738237,上櫃,0.0,0.0,0.0
738238,上櫃,0.0,0.0,0.0
738239,上櫃,0.0,0.0,0.0
738240,上櫃,0.0,0.0,0.0
738241,上櫃,0.0,0.0,0.0
738242,上櫃,0.0,0.0,0.0
738243,上櫃,0.0,0.0,0.0
738244,上櫃,0.0,0.0,0.0
738245,上櫃,0.0,0.0,0.0
738246,上櫃,0.0,0.0,0.0
738247,上櫃,0.0,0.0,0.0
738248,上櫃,0.45,0.45,1.0
738249,上櫃,0.39,0.55,71.0
738250,上櫃,0.0,0.0,0.0
738251,上櫃,0.0,0.0,0.0
738252,上櫃,0.0,0.0,0.0
738253,上櫃,0.0,0.0,0.0
738254,上櫃,2.44,2.44,1.0
738255,上櫃,0.0,0.0,0.0
738256,上櫃,0.0,0.0,0.0
738257,上櫃,0.0,0.0,0.0
738258,上櫃,0.0,0.0,0.0
738259,上櫃,0.0,0.0,0.0
738260,上櫃,0.0,0.0,0.0
738261,上櫃,0.12,0.12,100.0
738262,上櫃,0.2,0.11,930.0
738263,上櫃,0.39,0.39,2.0
738264,上櫃,0.0,0.0,0.0
738265,上櫃,0.0,0.0,0.0
738266,上櫃,0.57,0.41,191.0
738267,上櫃,0.0,0.0,0.0
738268,上櫃,0.0,0.0,0.0
738269,上櫃,0.64,0.63,148.0
738270,上櫃,0.0,0.0,0.0
738271,上櫃,6.9,6.45,35.0
738272,上櫃,0.0,0.0,0.0
738273,上櫃,0.0,0.0,0.0
738274,上櫃,0.0,0.0,0.0
738275,上櫃,0.0,0.0,0.0
738276,上櫃,0.17,0.17,100.0
738277,上櫃,0.0,0.0,0.0
738278,上櫃,0.0,0.0,0.0
738279,上櫃,0.0,0.0,0.0
738280,上櫃,0.0,0.0,0.0
738281,上櫃,0.52,0.56,592.0
738282,上櫃,0.0,0.0,0.0
738283,上櫃,0.41,0.41,4.0
738284,上櫃,0.0,0.0,0.0
738285,上櫃,1.42,1.36,55.0
738286,上櫃,0.51,0.5,200.0
738287,上櫃,0.0,0.0,0.0
738288,上櫃,0.45,0.46,30.0
738289,上櫃,0.0,0.0,0.0
738290,上櫃,0.37,0.37,396.0
738291,上櫃,0.89,0.94,306.0
738292,上櫃,0.42,0.42,50.0
738293,上櫃,0.0,0.0,0.0
738294,上櫃,0.0,0.0,0.0
738295,上櫃,0.0,0.0,0.0
738296,上櫃,0.56,0.44,139.0
738297,上櫃,0.0,0.0,0.0
738298,上櫃,0.0,0.0,0.0
738299,上櫃,0.0,0.0,0.0
738300,上櫃,0.0,0.0,0.0
738301,上櫃,20.0,20.0,5.0
738302,上櫃,0.0,0.0,0.0
738303,上櫃,0.0,0.0,0.0
738304,上櫃,0.0,0.0,0.0
738305,上櫃,0.0,0.0,0.0
738306,上櫃,0.0,0.0,0.0
738307,上櫃,0.0,0.0,0.0
738308,上櫃,0.0,0.0,0.0
738309,上櫃,0.0,0.0,0.0
738310,上櫃,0.0,0.0,0.0
738311,上櫃,0.63,0.53,999.0
738312,上櫃,0.34,0.28,323.0
738313,上櫃,2.3,2.58,230.0
738314,上櫃,0.69,0.63,140.0
738315,上櫃,0.47,0.41,470.0
738316,上櫃,0.0,0.0,0.0
738317,上櫃,0.0,0.0,0.0
738318,上櫃,0.0,0.0,0.0
738319,上櫃,0.0,0.0,0.0
738320,上櫃,0.0,0.0,0.0
738321,上櫃,0.38,0.41,30.0
738322,上櫃,43.8,43.4,20.0
738323,上櫃,12.8,12.8,1.0
738324,上櫃,0.0,0.0,0.0
738325,上櫃,0.0,0.0,0.0
738326,上櫃,0.0,0.0,0.0
738327,上櫃,3.5,4.05,115.0
738328,上櫃,0.0,0.0,0.0
738329,上櫃,0.0,0.0,0.0
738330,上櫃,0.0,0.0,0.0
738331,上櫃,1.44,1.44,10.0
738332,上櫃,0.0,0.0,0.0
738333,上櫃,0.0,0.0,0.0
738334,上櫃,0.0,0.0,0.0
738335,上櫃,1.41,1.36,5.0
738336,上櫃,0.0,0.0,0.0
738337,上櫃,0.0,0.0,0.0
738338,上櫃,0.41,0.35,130.0
738339,上櫃,0.0,0.0,0.0
738340,上櫃,0.0,0.0,0.0
738341,上櫃,0.0,0.0,0.0
738342,上櫃,0.0,0.0,0.0
738343,上櫃,0.2,0.2,10.0
738344,上櫃,0.0,0.0,0.0
738345,上櫃,0.0,0.0,0.0
738346,上櫃,0.0,0.0,0.0
738347,上櫃,0.0,0.0,0.0
738348,上櫃,9.8,9.6,11.0
738349,上櫃,0.0,0.0,0.0
738350,上櫃,0.0,0.0,0.0
738351,上櫃,0.0,0.0,0.0
738352,上櫃,0.0,0.0,0.0
738353,上櫃,0.0,0.0,0.0
738354,上櫃,0.0,0.0,0.0
738355,上櫃,0.0,0.0,0.0
738356,上櫃,8.95,8.65,7.0
738357,上櫃,0.0,0.0,0.0
738358,上櫃,0.0,0.0,0.0
738359,上櫃,0.0,0.0,0.0
738360,上櫃,0.0,0.0,0.0
738361,上櫃,0.0,0.0,0.0
738362,上櫃,0.0,0.0,0.0
738363,上櫃,10.8,10.5,29.0
738364,上櫃,10.2,10.2,1.0
738365,上櫃,0.0,0.0,0.0
738366,上櫃,0.63,0.62,614.0
738367,上櫃,0.67,0.62,600.0
738368,上櫃,0.0,0.0,0.0
738369,上櫃,0.45,0.48,141.0
738370,上櫃,0.0,0.0,0.0
738371,上櫃,0.02,0.02,100.0
738372,上櫃,2.33,2.4,24.0
738373,上櫃,1.84,1.98,467.0
738374,上櫃,0.0,0.0,0.0
738375,上櫃,0.18,0.21,963.0
738376,上櫃,0.0,0.0,0.0
738377,上櫃,0.0,0.0,0.0
738378,上櫃,14.9,14.9,1.0
738379,上櫃,0.0,0.0,0.0
738380,上櫃,0.0,0.0,0.0
738381,上櫃,0.0,0.0,0.0
738382,上櫃,0.73,0.73,70.0
738383,上櫃,0.0,0.0,0.0
738384,上櫃,130.0,130.0,1.0
738385,上櫃,0.13,0.13,200.0
738386,上櫃,0.0,0.0,0.0
738387,上櫃,0.0,0.0,0.0
738388,上櫃,3.86,3.61,8.0
738389,上櫃,0.0,0.0,0.0
738390,上櫃,0.0,0.0,0.0
738391,上櫃,0.0,0.0,0.0
738392,上櫃,0.0,0.0,0.0
738393,上櫃,0.0,0.0,0.0
738394,上櫃,0.57,0.54,30.0
738395,上櫃,0.0,0.0,0.0
738396,上櫃,0.0,0.0,0.0
738397,上櫃,1.82,1.82,1.0
738398,上櫃,0.0,0.0,0.0
738399,上櫃,1.18,1.04,405.0
738400,上櫃,0.0,0.0,0.0
738401,上櫃,0.0,0.0,0.0
738402,上櫃,0.0,0.0,0.0
738403,上櫃,9.2,9.0,11.0
738404,上櫃,0.3,0.3,80.0
738405,上櫃,0.59,0.58,1001.0
738406,上櫃,0.61,0.59,482.0
738407,上櫃,0.03,0.04,405.0
738408,上櫃,0.0,0.0,0.0
738409,上櫃,0.0,0.0,0.0
738410,上櫃,0.2,0.24,100.0
738411,上櫃,0.0,0.0,0.0
738412,上櫃,0.0,0.0,0.0
738413,上櫃,0.0,0.0,0.0
738414,上櫃,1.51,1.47,11.0
738415,上櫃,0.0,0.0,0.0
738416,上櫃,0.0,0.0,0.0
738417,上櫃,0.37,0.42,863.0
738418,上櫃,0.0,0.0,0.0
738419,上櫃,0.0,0.0,0.0
738420,上櫃,0.0,0.0,0.0
738421,上櫃,1.47,1.47,17.0
738422,上櫃,0.0,0.0,0.0
738423,上櫃,0.0,0.0,0.0
738424,上櫃,0.0,0.0,0.0
738425,上櫃,0.0,0.0,0.0
738426,上櫃,0.1,0.09,456.0
738427,上櫃,5.15,4.53,79.0
738428,上櫃,0.0,0.0,0.0
738429,上櫃,0.34,0.33,319.0
738430,上櫃,0.0,0.0,0.0
738431,上櫃,0.0,0.0,0.0
738432,上櫃,0.0,0.0,0.0
738433,上櫃,0.0,0.0,0.0
738434,上櫃,0.0,0.0,0.0
738435,上櫃,0.0,0.0,0.0
738436,上櫃,0.0,0.0,0.0
738437,上櫃,3.24,3.19,12.0
738438,上櫃,0.0,0.0,0.0
738439,上櫃,2.82,2.94,321.0
738440,上櫃,0.0,0.0,0.0
738441,上櫃,0.0,0.0,0.0
738442,上櫃,0.0,0.0,0.0
738443,上櫃,1.46,1.24,9.0
738444,上櫃,0.0,0.0,0.0
738445,上櫃,0.0,0.0,0.0
738446,上櫃,0.0,0.0,0.0
738447,上櫃,0.15,0.16,240.0
738448,上櫃,0.2,0.2,10.0
738449,上櫃,0.08,0.09,897.0
738450,上櫃,0.0,0.0,0.0
738451,上櫃,0.27,0.27,99.0
738452,上櫃,1.42,1.49,81.0
738453,上櫃,0.0,0.0,0.0
738454,上櫃,0.0,0.0,0.0
738455,上櫃,0.0,0.0,0.0
738456,上櫃,0.0,0.0,0.0
738457,上櫃,0.0,0.0,0.0
738458,上櫃,0.0,0.0,0.0
738459,上櫃,0.04,0.04,4.0
738460,上櫃,0.0,0.0,0.0
738461,上櫃,0.0,0.0,0.0
738462,上櫃,1.51,1.57,63.0
738463,上櫃,0.07,0.07,201.0
738464,上櫃,2.04,2.04,10.0
738465,上櫃,0.0,0.0,0.0
738466,上櫃,0.0,0.0,0.0
738467,上櫃,3.22,3.22,1.0
738468,上櫃,1.57,1.62,59.0
738469,上櫃,0.0,0.0,0.0
738470,上櫃,0.0,0.0,0.0
738471,上櫃,0.12,0.12,150.0
738472,上櫃,0.0,0.0,0.0
738473,上櫃,0.0,0.0,0.0
738474,上櫃,0.0,0.0,0.0
738475,上櫃,0.0,0.0,0.0
738476,上櫃,0.0,0.0,0.0
738477,上櫃,0.12,0.09,400.0
738478,上櫃,0.0,0.0,0.0
738479,上櫃,0.0,0.0,0.0
738480,上櫃,0.0,0.0,0.0
738481,上櫃,0.0,0.0,0.0
738482,上櫃,0.0,0.0,0.0
738483,上櫃,0.87,0.81,36.0
738484,上櫃,0.0,0.0,0.0
738485,上櫃,2.38,2.8,14.0
738486,上櫃,0.33,0.31,1048.0
738487,上櫃,0.0,0.0,0.0
738488,上櫃,0.13,0.13,700.0
738489,上櫃,0.0,0.0,0.0
738490,上櫃,0.0,0.0,0.0
738491,上櫃,0.5,0.5,24.0
738492,上櫃,0.31,0.31,40.0
738493,上櫃,0.12,0.11,330.0
738494,上櫃,0.0,0.0,0.0
738495,上櫃,0.0,0.0,0.0
738496,上櫃,1.74,1.74,50.0
738497,上櫃,2.08,1.8,162.0
738498,上櫃,0.0,0.0,0.0
738499,上櫃,0.0,0.0,0.0
738500,上櫃,0.0,0.0,0.0
738501,上櫃,0.0,0.0,0.0
738502,上櫃,1.16,1.29,222.0
738503,上櫃,0.47,0.46,188.0
738504,上櫃,0.0,0.0,0.0
738505,上櫃,0.0,0.0,0.0
738506,上櫃,0.0,0.0,0.0
738507,上櫃,0.1,0.1,2.0
738508,上櫃,0.0,0.0,0.0
738509,上櫃,0.17,0.14,31.0
738510,上櫃,1.81,1.89,101.0
738511,上櫃,0.0,0.0,0.0
738512,上櫃,3.44,3.44,40.0
738513,上櫃,0.0,0.0,0.0
738514,上櫃,0.0,0.0,0.0
738515,上櫃,0.0,0.0,0.0
738516,上櫃,0.49,0.5,153.0
738517,上櫃,0.0,0.0,0.0
738518,上櫃,0.08,0.08,299.0
738519,上櫃,0.0,0.0,0.0
738520,上櫃,0.0,0.0,0.0
738521,上櫃,0.0,0.0,0.0
738522,上櫃,0.17,0.16,20.0
738523,上櫃,0.0,0.0,0.0
738524,上櫃,0.0,0.0,0.0
738525,上櫃,0.0,0.0,0.0
738526,上櫃,0.0,0.0,0.0
738527,上櫃,0.0,0.0,0.0
738528,上櫃,0.0,0.0,0.0
738529,上櫃,0.0,0.0,0.0
738530,上櫃,0.69,0.6,94.0
738531,上櫃,0.0,0.0,0.0
738532,上櫃,0.63,0.39,20.0
738533,上櫃,0.0,0.0,0.0
738534,上櫃,0.06,0.06,120.0
738535,上櫃,0.0,0.0,0.0
738536,上櫃,0.0,0.0,0.0
738537,上櫃,0.69,0.68,116.0
738538,上櫃,0.0,0.0,0.0
738539,上櫃,0.0,0.0,0.0
738540,上櫃,0.0,0.0,0.0
738541,上櫃,0.0,0.0,0.0
738542,上櫃,0.0,0.0,0.0
738543,上櫃,0.04,0.04,50.0
738544,上櫃,1.09,1.08,25.0
738545,上櫃,0.0,0.0,0.0
738546,上櫃,0.0,0.0,0.0
738547,上櫃,0.0,0.0,0.0
738548,上櫃,0.0,0.0,0.0
738549,上櫃,1.16,1.0,165.0
738550,上櫃,0.0,0.0,0.0
738551,上櫃,0.0,0.0,0.0
738552,上櫃,0.2,0.22,128.0
738553,上櫃,0.0,0.0,0.0
738554,上櫃,0.16,0.16,60.0
738555,上櫃,0.29,0.22,117.0
738556,上櫃,0.35,0.27,473.0
738557,上櫃,0.22,0.22,50.0
738558,上櫃,0.0,0.0,0.0
738559,上櫃,0.0,0.0,0.0
738560,上櫃,0.02,0.02,60.0
738561,上櫃,0.0,0.0,0.0
738562,上櫃,0.0,0.0,0.0
738563,上櫃,0.0,0.0,0.0
738564,上櫃,0.38,0.38,50.0
738565,上櫃,0.0,0.0,0.0
738566,上櫃,0.0,0.0,0.0
738567,上櫃,0.0,0.0,0.0
738568,上櫃,0.0,0.0,0.0
738569,上櫃,0.0,0.0,0.0
738570,上櫃,0.0,0.0,0.0
738571,上櫃,0.0,0.0,0.0
738572,上櫃,0.0,0.0,0.0
738573,上櫃,0.83,0.83,81.0
738574,上櫃,0.0,0.0,0.0
738575,上櫃,0.22,0.2,123.0
738576,上櫃,0.0,0.0,0.0
738577,上櫃,0.0,0.0,0.0
738578,上櫃,0.0,0.0,0.0
738579,上櫃,0.0,0.0,0.0
738580,上櫃,0.0,0.0,0.0
738581,上櫃,0.2,0.2,50.0
738582,上櫃,0.0,0.0,0.0
738583,上櫃,0.0,0.0,0.0
738584,上櫃,0.08,0.08,5.0
738585,上櫃,9.3,9.5,25.0
738586,上櫃,0.0,0.0,0.0
738587,上櫃,0.59,0.48,452.0
738588,上櫃,0.57,0.55,5.0
738589,上櫃,0.0,0.0,0.0
738590,上櫃,0.0,0.0,0.0
738591,上櫃,0.0,0.0,0.0
738592,上櫃,0.0,0.0,0.0
738593,上櫃,0.88,0.98,399.0
738594,上櫃,0.0,0.0,0.0
738595,上櫃,0.72,0.75,23.0
738596,上櫃,0.0,0.0,0.0
738597,上櫃,0.0,0.0,0.0
738598,上櫃,0.24,0.24,30.0
738599,上櫃,0.0,0.0,0.0
738600,上櫃,0.0,0.0,0.0
738601,上櫃,0.0,0.0,0.0
738602,上櫃,0.44,0.44,50.0
738603,上櫃,0.31,0.23,21.0
738604,上櫃,4.98,4.98,16.0
738605,上櫃,0.3,0.3,77.0
738606,上櫃,2.19,2.19,900.0
738607,上櫃,0.0,0.0,0.0
738608,上櫃,0.0,0.0,0.0
738609,上櫃,0.0,0.0,0.0
738610,上櫃,0.0,0.0,0.0
738611,上櫃,0.0,0.0,0.0
738612,上櫃,0.0,0.0,0.0
738613,上櫃,0.0,0.0,0.0
738614,上櫃,0.0,0.0,0.0
738615,上櫃,0.0,0.0,0.0
738616,上櫃,1.59,1.58,363.0
738617,上櫃,0.04,0.04,15.0
738618,上櫃,0.0,0.0,0.0
738619,上櫃,0.0,0.0,0.0
738620,上櫃,0.0,0.0,0.0
738621,上櫃,0.0,0.0,0.0
738622,上櫃,0.0,0.0,0.0
738623,上櫃,0.0,0.0,0.0
738624,上櫃,0.05,0.05,10.0
738625,上櫃,1.49,1.4,159.0
738626,上櫃,0.0,0.0,0.0
738627,上櫃,0.0,0.0,0.0
738628,上櫃,0.0,0.0,0.0
738629,上櫃,0.0,0.0,0.0
738630,上櫃,0.0,0.0,0.0
738631,上櫃,0.0,0.0,0.0
738632,上櫃,0.04,0.04,100.0
738633,上櫃,0.0,0.0,0.0
738634,上櫃,0.0,0.0,0.0
738635,上櫃,0.0,0.0,0.0
738636,上櫃,0.0,0.0,0.0
738637,上櫃,0.41,0.41,23.0
738638,上櫃,0.24,0.24,21.0
738639,上櫃,0.0,0.0,0.0
738640,上櫃,0.0,0.0,0.0
738641,上櫃,2.2,1.69,485.0
738642,上櫃,0.0,0.0,0.0
738643,上櫃,0.32,0.32,10.0
738644,上櫃,0.0,0.0,0.0
738645,上櫃,0.0,0.0,0.0
738646,上櫃,0.38,0.27,1579.0
738647,上櫃,0.0,0.0,0.0
738648,上櫃,0.0,0.0,0.0
738649,上櫃,11.2,11.2,7.0
738650,上櫃,0.0,0.0,0.0
738651,上櫃,0.63,0.62,60.0
738652,上櫃,0.22,0.23,400.0
738653,上櫃,0.24,0.28,330.0
738654,上櫃,2.37,2.37,1.0
738655,上櫃,0.0,0.0,0.0
738656,上櫃,0.0,0.0,0.0
738657,上櫃,0.0,0.0,0.0
738658,上櫃,0.35,0.32,150.0
738659,上櫃,0.0,0.0,0.0
738660,上櫃,0.0,0.0,0.0
738661,上櫃,0.56,0.44,628.0
738662,上櫃,0.0,0.0,0.0
738663,上櫃,0.0,0.0,0.0
738664,上櫃,1.58,1.2,695.0
738665,上櫃,0.39,0.27,130.0
738666,上櫃,0.25,0.21,60.0
738667,上櫃,3.93,3.93,1.0
738668,上櫃,2.39,2.26,58.0
738669,上櫃,0.83,0.76,46.0
738670,上櫃,0.0,0.0,0.0
738671,上櫃,0.0,0.0,0.0
738672,上櫃,0.0,0.0,0.0
738673,上櫃,0.0,0.0,0.0
738674,上櫃,6.45,6.45,127.0
738675,上櫃,0.35,0.35,3.0
738676,上櫃,0.0,0.0,0.0
738677,上櫃,0.0,0.0,0.0
738678,上櫃,0.0,0.0,0.0
738679,上櫃,0.0,0.0,0.0
738680,上櫃,0.0,0.0,0.0
738681,上櫃,0.0,0.0,0.0
738682,上櫃,0.07,0.07,731.0
738683,上櫃,0.0,0.0,0.0
738684,上櫃,0.13,0.13,41.0
738685,上櫃,0.0,0.0,0.0
738686,上櫃,0.0,0.0,0.0
738687,上櫃,0.0,0.0,0.0
738688,上櫃,0.0,0.0,0.0
738689,上櫃,0.0,0.0,0.0
738690,上櫃,0.0,0.0,0.0
738691,上櫃,0.0,0.0,0.0
738692,上櫃,0.0,0.0,0.0
738693,上櫃,0.0,0.0,0.0
738694,上櫃,0.49,0.37,1482.0
738695,上櫃,0.0,0.0,0.0
738696,上櫃,0.0,0.0,0.0
738697,上櫃,0.0,0.0,0.0
738698,上櫃,0.0,0.0,0.0
738699,上櫃,0.0,0.0,0.0
738700,上櫃,0.0,0.0,0.0
738701,上櫃,0.0,0.0,0.0
738702,上櫃,0.0,0.0,0.0
738703,上櫃,0.11,0.12,478.0
738704,上櫃,0.0,0.0,0.0
738705,上櫃,0.0,0.0,0.0
738706,上櫃,0.0,0.0,0.0
738707,上櫃,0.0,0.0,0.0
738708,上櫃,0.0,0.0,0.0
738709,上櫃,0.63,0.89,1009.0
738710,上櫃,0.0,0.0,0.0
738711,上櫃,0.0,0.0,0.0
738712,上櫃,0.0,0.0,0.0
738713,上櫃,0.2,0.18,105.0
738714,上櫃,0.0,0.0,0.0
738715,上櫃,0.0,0.0,0.0
738716,上櫃,0.0,0.0,0.0
738717,上櫃,0.0,0.0,0.0
738718,上櫃,1.19,1.39,119.0
738719,上櫃,0.0,0.0,0.0
738720,上櫃,43.7,43.7,1.0
738721,上櫃,0.0,0.0,0.0
738722,上櫃,0.42,0.41,200.0
738723,上櫃,0.0,0.0,0.0
738724,上櫃,1.3,1.3,10.0
738725,上櫃,0.0,0.0,0.0
738726,上櫃,0.0,0.0,0.0
738727,上櫃,0.17,0.21,308.0
738728,上櫃,0.0,0.0,0.0
738729,上櫃,0.0,0.0,0.0
738730,上櫃,0.41,0.41,30.0
738731,上櫃,0.0,0.0,0.0
738732,上櫃,0.0,0.0,0.0
738733,上櫃,0.0,0.0,0.0
738734,上櫃,0.0,0.0,0.0
738735,上櫃,0.0,0.0,0.0
738736,上櫃,0.0,0.0,0.0
738737,上櫃,0.0,0.0,0.0
738738,上櫃,0.0,0.0,0.0
738739,上櫃,0.0,0.0,0.0
738740,上櫃,0.0,0.0,0.0
738741,上櫃,0.0,0.0,0.0
738742,上櫃,0.0,0.0,0.0
738743,上櫃,0.54,0.56,428.0
738744,上櫃,0.0,0.0,0.0
738745,上櫃,0.0,0.0,0.0
738746,上櫃,0.31,0.31,55.0
738747,上櫃,0.36,0.39,32.0
738748,上櫃,0.0,0.0,0.0
738749,上櫃,0.0,0.0,0.0
738750,上櫃,0.0,0.0,0.0
738751,上櫃,0.0,0.0,0.0
738752,上櫃,0.0,0.0,0.0
738753,上櫃,0.25,0.25,10.0
738754,上櫃,0.0,0.0,0.0
738755,上櫃,0.41,0.41,5.0
738756,上櫃,0.6,0.55,47.0
738757,上櫃,0.0,0.0,0.0
738758,上櫃,0.0,0.0,0.0
738759,上櫃,0.0,0.0,0.0
738760,上櫃,0.46,0.46,37.0
738761,上櫃,0.0,0.0,0.0
738762,上櫃,0.0,0.0,0.0
738763,上櫃,0.41,0.41,55.0
738764,上櫃,0.36,0.32,124.0
738765,上櫃,0.6,0.6,1.0
738766,上櫃,0.0,0.0,0.0
738767,上櫃,0.0,0.0,0.0
738768,上櫃,0.0,0.0,0.0
738769,上櫃,0.0,0.0,0.0
738770,上櫃,0.48,0.39,554.0
738771,上櫃,0.15,0.13,100.0
738772,上櫃,0.0,0.0,0.0
738773,上櫃,0.06,0.06,403.0
738774,上櫃,0.0,0.0,0.0
738775,上櫃,0.82,0.81,200.0
738776,上櫃,0.0,0.0,0.0
738777,上櫃,0.0,0.0,0.0
738778,上櫃,0.42,0.3,1332.0
738779,上櫃,0.46,0.34,738.0
738780,上櫃,0.0,0.0,0.0
738781,上櫃,0.0,0.0,0.0
738782,上櫃,0.0,0.0,0.0
738783,上櫃,0.0,0.0,0.0
738784,上櫃,0.0,0.0,0.0
738785,上櫃,0.0,0.0,0.0
738786,上櫃,0.0,0.0,0.0
738787,上櫃,0.19,0.17,790.0
738788,上櫃,0.0,0.0,0.0
738789,上櫃,0.0,0.0,0.0
738790,上櫃,1.72,1.49,49.0
738791,上櫃,0.51,0.63,172.0
738792,上櫃,0.0,0.0,0.0
738793,上櫃,0.0,0.0,0.0
738794,上櫃,0.17,0.15,13.0
738795,上櫃,0.0,0.0,0.0
738796,上櫃,0.0,0.0,0.0
738797,上櫃,0.0,0.0,0.0
738798,上櫃,0.0,0.0,0.0
738799,上櫃,2.12,1.97,19.0
738800,上櫃,0.0,0.0,0.0
738801,上櫃,0.0,0.0,0.0
738802,上櫃,5.65,5.55,3.0
738803,上櫃,0.96,1.16,358.0
738804,上櫃,0.0,0.0,0.0
738805,上櫃,0.0,0.0,0.0
738806,上櫃,0.9,0.88,229.0
738807,上櫃,1.01,0.98,35.0
738808,上櫃,0.28,0.3,78.0
738809,上櫃,0.0,0.0,0.0
738810,上櫃,3.0,3.26,13.0
738811,上櫃,1.96,1.7,48.0
738812,上櫃,0.0,0.0,0.0
738813,上櫃,0.15,0.13,1518.0
738814,上櫃,1.65,1.78,75.0
738815,上櫃,0.23,0.22,187.0
738816,上櫃,0.0,0.0,0.0
738817,上櫃,0.0,0.0,0.0
738818,上櫃,0.0,0.0,0.0
738819,上櫃,0.0,0.0,0.0
738820,上櫃,0.0,0.0,0.0
738821,上櫃,0.31,0.31,12.0
738822,上櫃,0.0,0.0,0.0
738823,上櫃,0.0,0.0,0.0
738824,上櫃,0.57,0.6,23.0
738825,上櫃,0.0,0.0,0.0
738826,上櫃,0.0,0.0,0.0
738827,上櫃,0.0,0.0,0.0
738828,上櫃,0.0,0.0,0.0
738829,上櫃,1.15,1.18,43.0
738830,上櫃,0.0,0.0,0.0
738831,上櫃,0.0,0.0,0.0
738832,上櫃,0.0,0.0,0.0
738833,上櫃,0.0,0.0,0.0
738834,上櫃,0.0,0.0,0.0
738835,上櫃,0.0,0.0,0.0
738836,上櫃,0.0,0.0,0.0
738837,上櫃,0.0,0.0,0.0
738838,上櫃,3.88,3.88,2.0
738839,上櫃,0.0,0.0,0.0
738840,上櫃,0.0,0.0,0.0
738841,上櫃,0.0,0.0,0.0
738842,上櫃,0.83,0.74,102.0
738843,上櫃,0.0,0.0,0.0
738844,上櫃,0.03,0.04,110.0
738845,上櫃,0.0,0.0,0.0
738846,上櫃,0.0,0.0,0.0
738847,上櫃,0.0,0.0,0.0
738848,上櫃,0.0,0.0,0.0
738849,上櫃,3.97,3.9,68.0
738850,上櫃,0.0,0.0,0.0
738851,上櫃,0.0,0.0,0.0
738852,上櫃,0.0,0.0,0.0
738853,上櫃,0.0,0.0,0.0
738854,上櫃,0.45,0.45,505.0
738855,上櫃,0.0,0.0,0.0
738856,上櫃,0.0,0.0,0.0
738857,上櫃,0.0,0.0,0.0
738858,上櫃,0.0,0.0,0.0
738859,上櫃,0.0,0.0,0.0
738860,上櫃,0.12,0.09,213.0
738861,上櫃,0.17,0.22,205.0
738862,上櫃,0.0,0.0,0.0
738863,上櫃,0.0,0.0,0.0
738864,上櫃,0.0,0.0,0.0
738865,上櫃,0.0,0.0,0.0
738866,上櫃,0.0,0.0,0.0
738867,上櫃,3.22,2.79,107.0
738868,上櫃,0.46,0.43,225.0
738869,上櫃,0.0,0.0,0.0
738870,上櫃,57.0,54.0,5.0
738871,上櫃,6.2,6.2,1.0
738872,上櫃,0.0,0.0,0.0
738873,上櫃,0.0,0.0,0.0
738874,上櫃,0.0,0.0,0.0
738875,上櫃,0.0,0.0,0.0
738876,上櫃,0.0,0.0,0.0
738877,上櫃,0.25,0.21,889.0
738878,上櫃,0.0,0.0,0.0
738879,上櫃,0.0,0.0,0.0
738880,上櫃,0.82,0.71,740.0
738881,上櫃,0.35,0.35,5.0
738882,上櫃,0.0,0.0,0.0
738883,上櫃,0.0,0.0,0.0
738884,上櫃,0.0,0.0,0.0
738885,上櫃,0.0,0.0,0.0
738886,上櫃,0.0,0.0,0.0
738887,上櫃,1.26,1.09,75.0
738888,上櫃,0.0,0.0,0.0
738889,上櫃,0.0,0.0,0.0
738890,上櫃,0.22,0.21,911.0
738891,上櫃,0.0,0.0,0.0
738892,上櫃,0.0,0.0,0.0
738893,上櫃,0.0,0.0,0.0
738894,上櫃,0.0,0.0,0.0
738895,上櫃,0.0,0.0,0.0
738896,上櫃,0.0,0.0,0.0
738897,上櫃,0.0,0.0,0.0
738898,上櫃,0.0,0.0,0.0
738899,上櫃,0.0,0.0,0.0
738900,上櫃,0.0,0.0,0.0
738901,上櫃,0.82,0.88,5082.0
738902,上櫃,0.0,0.0,0.0
738903,上櫃,12.6,12.6,5.0
738904,上櫃,0.0,0.0,0.0
738905,上櫃,0.0,0.0,0.0
738906,上櫃,0.0,0.0,0.0
738907,上櫃,0.0,0.0,0.0
738908,上櫃,0.0,0.0,0.0
738909,上櫃,0.0,0.0,0.0
738910,上櫃,0.0,0.0,0.0
738911,上櫃,0.0,0.0,0.0
738912,上櫃,0.0,0.0,0.0
738913,上櫃,0.4,0.42,180.0
738914,上櫃,0.0,0.0,0.0
738915,上櫃,0.1,0.11,172.0
738916,上櫃,0.0,0.0,0.0
738917,上櫃,0.0,0.0,0.0
738918,上櫃,0.06,0.04,11.0
738919,上櫃,0.0,0.0,0.0
738920,上櫃,0.0,0.0,0.0
738921,上櫃,2.04,2.07,108.0
738922,上櫃,0.0,0.0,0.0
738923,上櫃,0.0,0.0,0.0
738924,上櫃,0.0,0.0,0.0
738925,上櫃,0.14,0.14,100.0
738926,上櫃,0.0,0.0,0.0
738927,上櫃,0.0,0.0,0.0
738928,上櫃,0.0,0.0,0.0
738929,上櫃,0.0,0.0,0.0
738930,上櫃,0.0,0.0,0.0
738931,上櫃,0.48,0.49,252.0
738932,上櫃,0.0,0.0,0.0
738933,上櫃,0.0,0.0,0.0
738934,上櫃,0.85,0.85,4.0
738935,上櫃,0.0,0.0,0.0
738936,上櫃,0.48,0.48,1.0
738937,上櫃,0.0,0.0,0.0
738938,上櫃,0.0,0.0,0.0
738939,上櫃,0.0,0.0,0.0
738940,上櫃,1.16,1.1,65.0
738941,上櫃,0.0,0.0,0.0
738942,上櫃,0.0,0.0,0.0
738943,上櫃,0.41,0.4,63.0
738944,上櫃,0.29,0.29,20.0
738945,上櫃,0.37,0.37,3.0
738946,上櫃,0.57,0.54,118.0
738947,上櫃,1.76,1.76,10.0
738948,上櫃,0.0,0.0,0.0
738949,上櫃,5.2,4.58,10.0
738950,上櫃,1.65,1.63,409.0
738951,上櫃,0.7,0.7,78.0
738952,上櫃,0.0,0.0,0.0
738953,上櫃,0.0,0.0,0.0
738954,上櫃,0.0,0.0,0.0
738955,上櫃,0.0,0.0,0.0
738956,上櫃,0.0,0.0,0.0
738957,上櫃,4.28,4.3,56.0
738958,上櫃,0.0,0.0,0.0
738959,上櫃,0.0,0.0,0.0
738960,上櫃,0.0,0.0,0.0
738961,上櫃,0.0,0.0,0.0
738962,上櫃,0.0,0.0,0.0
738963,上櫃,4.33,4.52,25.0
738964,上櫃,0.21,0.2,150.0
738965,上櫃,0.0,0.0,0.0
738966,上櫃,0.0,0.0,0.0
738967,上櫃,0.0,0.0,0.0
738968,上櫃,4.59,5.2,489.0
738969,上櫃,0.0,0.0,0.0
738970,上櫃,0.0,0.0,0.0
738971,上櫃,0.0,0.0,0.0
738972,上櫃,0.0,0.0,0.0
738973,上櫃,1.71,1.73,35.0
738974,上櫃,0.0,0.0,0.0
738975,上櫃,0.0,0.0,0.0
738976,上櫃,0.0,0.0,0.0
738977,上櫃,0.0,0.0,0.0
738978,上櫃,2.95,2.95,4.0
738979,上櫃,3.16,3.16,1.0
738980,上櫃,0.0,0.0,0.0
738981,上櫃,0.46,0.46,82.0
738982,上櫃,0.0,0.0,0.0
738983,上櫃,0.0,0.0,0.0
738984,上櫃,5.45,6.1,3.0
738985,上櫃,0.0,0.0,0.0
738986,上櫃,0.0,0.0,0.0
738987,上櫃,0.0,0.0,0.0
738988,上櫃,7.4,7.4,1.0
738989,上櫃,0.0,0.0,0.0
738990,上櫃,0.0,0.0,0.0
738991,上櫃,0.0,0.0,0.0
738992,上櫃,0.0,0.0,0.0
738993,上櫃,0.0,0.0,0.0
738994,上櫃,3.41,2.9,3.0
738995,上櫃,0.0,0.0,0.0
738996,上櫃,4.23,4.7,598.0
738997,上櫃,0.0,0.0,0.0
738998,上櫃,0.0,0.0,0.0
738999,上櫃,0.0,0.0,0.0
739000,上櫃,0.0,0.0,0.0
739001,上櫃,0.55,0.51,16.0
739002,上櫃,3.34,3.29,3.0
739003,上櫃,0.5,0.53,39.0
739004,上櫃,0.0,0.0,0.0
739005,上櫃,0.0,0.0,0.0
739006,上櫃,0.09,0.09,340.0
739007,上櫃,4.91,4.14,34.0
739008,上櫃,0.0,0.0,0.0
739009,上櫃,0.0,0.0,0.0
739010,上櫃,0.0,0.0,0.0
739011,上櫃,2.76,2.76,51.0
739012,上櫃,0.0,0.0,0.0
739013,上櫃,0.0,0.0,0.0
739014,上櫃,0.0,0.0,0.0
739015,上櫃,1.34,1.21,455.0
739016,上櫃,7.6,7.7,110.0
739017,上櫃,2.99,2.94,202.0
739018,上櫃,1.98,2.0,548.0
739019,上櫃,0.1,0.1,5.0
739020,上櫃,0.0,0.0,0.0
739021,上櫃,0.0,0.0,0.0
739022,上櫃,0.0,0.0,0.0
739023,上櫃,0.0,0.0,0.0
739024,上櫃,0.29,0.25,114.0
739025,上櫃,0.0,0.0,0.0
739026,上櫃,0.0,0.0,0.0
739027,上櫃,0.0,0.0,0.0
739028,上櫃,0.0,0.0,0.0
739029,上櫃,1.99,2.14,4012.0
739030,上櫃,0.0,0.0,0.0
739031,上櫃,2.43,2.47,60.0
739032,上櫃,0.42,0.4,83.0
739033,上櫃,0.0,0.0,0.0
739034,上櫃,0.0,0.0,0.0
739035,上櫃,0.0,0.0,0.0
739036,上櫃,1.99,1.61,119.0
739037,上櫃,0.0,0.0,0.0
739038,上櫃,0.0,0.0,0.0
739039,上櫃,0.08,0.08,30.0
739040,上櫃,0.22,0.21,50.0
739041,上櫃,0.38,0.37,37.0
739042,上櫃,0.0,0.0,0.0
739043,上櫃,0.0,0.0,0.0
739044,上櫃,0.0,0.0,0.0
739045,上櫃,1.15,1.38,153.0
739046,上櫃,0.0,0.0,0.0
739047,上櫃,0.0,0.0,0.0
739048,上櫃,0.0,0.0,0.0
739049,上櫃,0.0,0.0,0.0
739050,上櫃,5.25,5.0,9.0
739051,上櫃,0.0,0.0,0.0
739052,上櫃,0.0,0.0,0.0
739053,上櫃,3.6,3.52,31.0
739054,上櫃,0.0,0.0,0.0
739055,上櫃,0.0,0.0,0.0
739056,上櫃,0.25,0.24,102.0
739057,上櫃,0.42,0.36,1176.0
739058,上櫃,0.0,0.0,0.0
739059,上櫃,0.0,0.0,0.0
739060,上櫃,0.15,0.15,4.0
739061,上櫃,0.2,0.19,198.0
739062,上櫃,0.0,0.0,0.0
739063,上櫃,0.39,0.32,282.0
739064,上櫃,0.0,0.0,0.0
739065,上櫃,0.0,0.0,0.0
739066,上櫃,0.0,0.0,0.0
739067,上櫃,0.0,0.0,0.0
739068,上櫃,0.11,0.11,59.0
739069,上櫃,0.21,0.15,338.0
739070,上櫃,0.0,0.0,0.0
739071,上櫃,4.94,4.56,10.0
739072,上櫃,0.0,0.0,0.0
739073,上櫃,0.0,0.0,0.0
739074,上櫃,0.19,0.15,998.0
739075,上櫃,0.0,0.0,0.0
739076,上櫃,0.41,0.38,332.0
739077,上櫃,0.0,0.0,0.0
739078,上櫃,0.6,0.6,2.0
739079,上櫃,0.0,0.0,0.0
739080,上櫃,0.0,0.0,0.0
739081,上櫃,0.0,0.0,0.0
739082,上櫃,0.04,0.05,401.0
739083,上櫃,0.0,0.0,0.0
739084,上櫃,20.2,20.2,5.0
739085,上櫃,0.0,0.0,0.0
739086,上櫃,0.0,0.0,0.0
739087,上櫃,0.0,0.0,0.0
739088,上櫃,0.0,0.0,0.0
739089,上櫃,2.12,2.12,75.0
739090,上櫃,0.0,0.0,0.0
739091,上櫃,0.0,0.0,0.0
739092,上櫃,0.14,0.1,434.0
739093,上櫃,0.0,0.0,0.0
739094,上櫃,0.0,0.0,0.0
739095,上櫃,0.0,0.0,0.0
739096,上櫃,0.0,0.0,0.0
739097,上櫃,0.17,0.16,10.0
739098,上櫃,0.0,0.0,0.0
739099,上櫃,0.0,0.0,0.0
739100,上櫃,0.0,0.0,0.0
739101,上櫃,0.0,0.0,0.0
739102,上櫃,0.0,0.0,0.0
739103,上櫃,5.15,5.15,4.0
739104,上櫃,0.0,0.0,0.0
739105,上櫃,0.0,0.0,0.0
739106,上櫃,0.0,0.0,0.0
739107,上櫃,0.0,0.0,0.0
739108,上櫃,0.0,0.0,0.0
739109,上櫃,0.1,0.11,415.0
739110,上櫃,0.0,0.0,0.0
739111,上櫃,4.98,4.31,223.0
739112,上櫃,0.0,0.0,0.0
739113,上櫃,0.06,0.04,27.0
739114,上櫃,0.0,0.0,0.0
739115,上櫃,22.9,22.3,24.0
739116,上櫃,0.97,0.97,40.0
739117,上櫃,0.69,0.62,44.0
739118,上櫃,0.0,0.0,0.0
739119,上櫃,0.0,0.0,0.0
739120,上櫃,0.0,0.0,0.0
739121,上櫃,0.0,0.0,0.0
739122,上櫃,0.0,0.0,0.0
739123,上櫃,0.28,0.28,20.0
739124,上櫃,3.13,2.75,41.0
739125,上櫃,0.0,0.0,0.0
739126,上櫃,3.18,3.18,25.0
739127,上櫃,0.0,0.0,0.0
739128,上櫃,0.0,0.0,0.0
739129,上櫃,0.0,0.0,0.0
739130,上櫃,0.0,0.0,0.0
739131,上櫃,8.4,7.45,80.0
739132,上櫃,0.0,0.0,0.0
739133,上櫃,0.0,0.0,0.0
739134,上櫃,2.08,2.32,732.0
739135,上櫃,1.66,1.66,20.0
739136,上櫃,0.0,0.0,0.0
739137,上櫃,0.06,0.06,10.0
739138,上櫃,0.67,0.77,32.0
739139,上櫃,0.0,0.0,0.0
739140,上櫃,0.0,0.0,0.0
739141,上櫃,0.0,0.0,0.0
739142,上櫃,0.0,0.0,0.0
739143,上櫃,0.5,0.5,15.0
739144,上櫃,0.0,0.0,0.0
739145,上櫃,1.65,1.65,2.0
739146,上櫃,0.0,0.0,0.0
739147,上櫃,0.0,0.0,0.0
739148,上櫃,0.0,0.0,0.0
739149,上櫃,5.8,5.8,4.0
739150,上櫃,0.0,0.0,0.0
739151,上櫃,22.2,20.4,7.0
739152,上櫃,0.0,0.0,0.0
739153,上櫃,0.08,0.07,20.0
739154,上櫃,0.0,0.0,0.0
739155,上櫃,0.0,0.0,0.0
739156,上櫃,0.42,0.43,153.0
739157,上櫃,0.0,0.0,0.0
739158,上櫃,0.0,0.0,0.0
739159,上櫃,0.0,0.0,0.0
739160,上櫃,0.0,0.0,0.0
739161,上櫃,0.0,0.0,0.0
739162,上櫃,1.48,1.58,286.0
739163,上櫃,0.31,0.34,357.0
739164,上櫃,10.1,10.1,1.0
739165,上櫃,0.06,0.06,10.0
739166,上櫃,0.39,0.39,19.0
739167,上櫃,0.08,0.08,96.0
739168,上櫃,1.59,1.53,121.0
739169,上櫃,0.0,0.0,0.0
739170,上櫃,0.0,0.0,0.0
739171,上櫃,0.0,0.0,0.0
739172,上櫃,1.67,1.61,155.0
739173,上櫃,0.0,0.0,0.0
739174,上櫃,0.23,0.28,294.0
739175,上櫃,30.3,30.3,20.0
739176,上櫃,1.19,0.98,54.0
739177,上櫃,0.53,0.39,232.0
739178,上櫃,0.0,0.0,0.0
739179,上櫃,0.0,0.0,0.0
739180,上櫃,0.0,0.0,0.0
739181,上櫃,0.0,0.0,0.0
739182,上櫃,0.05,0.05,100.0
739183,上櫃,41.6,41.6,2.0
739184,上櫃,0.0,0.0,0.0
739185,上櫃,0.0,0.0,0.0
739186,上櫃,1.67,1.4,720.0
739187,上櫃,1.35,1.61,78.0
739188,上櫃,0.0,0.0,0.0
739189,上櫃,0.0,0.0,0.0
739190,上櫃,0.0,0.0,0.0
739191,上櫃,0.3,0.3,108.0
739192,上櫃,0.0,0.0,0.0
739193,上櫃,0.0,0.0,0.0
739194,上櫃,0.59,0.56,7.0
739195,上櫃,0.0,0.0,0.0
739196,上櫃,1.09,1.09,5.0
739197,上櫃,0.0,0.0,0.0
739198,上櫃,0.0,0.0,0.0
739199,上櫃,1.91,1.64,25.0
739200,上櫃,0.0,0.0,0.0
739201,上櫃,0.0,0.0,0.0
739202,上櫃,0.0,0.0,0.0
739203,上櫃,0.0,0.0,0.0
739204,上櫃,0.0,0.0,0.0
739205,上櫃,0.0,0.0,0.0
739206,上櫃,0.51,0.53,104.0
739207,上櫃,0.0,0.0,0.0
739208,上櫃,1.81,1.81,2.0
739209,上櫃,0.0,0.0,0.0
739210,上櫃,0.0,0.0,0.0
739211,上櫃,0.38,0.41,62.0
739212,上櫃,0.0,0.0,0.0
739213,上櫃,0.0,0.0,0.0
739214,上櫃,16.7,16.7,1.0
739215,上櫃,22.4,22.7,37.0
739216,上櫃,1.21,1.08,64.0
739217,上櫃,0.0,0.0,0.0
739218,上櫃,0.0,0.0,0.0
739219,上櫃,0.68,0.72,205.0
739220,上櫃,0.55,0.64,271.0
739221,上櫃,0.0,0.0,0.0
739222,上櫃,0.0,0.0,0.0
739223,上櫃,85.5,85.5,2.0
739224,上櫃,0.84,0.65,126.0
739225,上櫃,0.0,0.0,0.0
739226,上櫃,0.0,0.0,0.0
739227,上櫃,0.0,0.0,0.0
739228,上櫃,0.0,0.0,0.0
739229,上櫃,0.0,0.0,0.0
739230,上櫃,0.0,0.0,0.0
739231,上櫃,0.0,0.0,0.0
739232,上櫃,0.0,0.0,0.0
739233,上櫃,0.0,0.0,0.0
739234,上櫃,0.0,0.0,0.0
739235,上櫃,1.04,1.02,10.0
739236,上櫃,0.0,0.0,0.0
739237,上櫃,0.84,0.79,234.0
739238,上櫃,0.0,0.0,0.0
739239,上櫃,0.0,0.0,0.0
739240,上櫃,0.0,0.0,0.0
739241,上櫃,0.0,0.0,0.0
739242,上櫃,0.0,0.0,0.0
739243,上櫃,0.0,0.0,0.0
739244,上櫃,3.44,3.44,10.0
739245,上櫃,0.79,0.76,38.0
739246,上櫃,0.0,0.0,0.0
739247,上櫃,0.22,0.24,1150.0
739248,上櫃,0.0,0.0,0.0
739249,上櫃,0.0,0.0,0.0
739250,上櫃,35.4,34.7,36.0
739251,上櫃,17.6,16.0,6.0
739252,上櫃,1.05,1.05,39.0
739253,上櫃,0.0,0.0,0.0
739254,上櫃,0.0,0.0,0.0
739255,上櫃,1.76,1.68,311.0
739256,上櫃,0.0,0.0,0.0
739257,上櫃,0.0,0.0,0.0
739258,上櫃,0.0,0.0,0.0
739259,上櫃,0.0,0.0,0.0
739260,上櫃,0.0,0.0,0.0
739261,上櫃,0.0,0.0,0.0
739262,上櫃,15.3,15.3,1.0
739263,上櫃,17.1,16.6,411.0
739264,上櫃,0.0,0.0,0.0
739265,上櫃,0.0,0.0,0.0
739266,上櫃,0.04,0.04,40.0
739267,上櫃,0.0,0.0,0.0
739268,上櫃,0.0,0.0,0.0
739269,上櫃,0.0,0.0,0.0
739270,上櫃,26.5,26.4,7.0
739271,上櫃,0.0,0.0,0.0
739272,上櫃,0.0,0.0,0.0
739273,上櫃,0.0,0.0,0.0
739274,上櫃,1.42,1.41,560.0
739275,上櫃,1.26,1.28,2.0
739276,上櫃,0.0,0.0,0.0
739277,上櫃,0.35,0.35,45.0
739278,上櫃,0.08,0.07,699.0
739279,上櫃,0.0,0.0,0.0
739280,上櫃,0.0,0.0,0.0
739281,上櫃,0.0,0.0,0.0
739282,上櫃,0.0,0.0,0.0
739283,上櫃,0.11,0.09,101.0
739284,上櫃,0.0,0.0,0.0
739285,上櫃,0.0,0.0,0.0
739286,上櫃,0.0,0.0,0.0
739287,上櫃,84.0,82.0,8.0
739288,上櫃,0.0,0.0,0.0
739289,上櫃,0.0,0.0,0.0
739290,上櫃,0.0,0.0,0.0
739291,上櫃,0.0,0.0,0.0
739292,上櫃,0.0,0.0,0.0
739293,上櫃,0.08,0.08,299.0
739294,上櫃,0.0,0.0,0.0
739295,上櫃,35.7,34.5,60.0
739296,上櫃,0.0,0.0,0.0
739297,上櫃,0.94,0.98,410.0
739298,上櫃,0.24,0.38,431.0
739299,上櫃,0.0,0.0,0.0
739300,上櫃,0.0,0.0,0.0
739301,上櫃,0.0,0.0,0.0
739302,上櫃,0.0,0.0,0.0
739303,上櫃,1.38,1.38,4.0
739304,上櫃,0.0,0.0,0.0
739305,上櫃,0.8,0.8,21.0
739306,上櫃,0.0,0.0,0.0
739307,上櫃,0.0,0.0,0.0
739308,上櫃,0.0,0.0,0.0
739309,上櫃,0.0,0.0,0.0
739310,上櫃,1.06,1.02,71.0
739311,上櫃,0.0,0.0,0.0
739312,上櫃,0.0,0.0,0.0
739313,上櫃,0.8,0.8,50.0
739314,上櫃,0.0,0.0,0.0
739315,上櫃,0.0,0.0,0.0
739316,上櫃,0.55,0.55,130.0
739317,上櫃,0.13,0.13,296.0
739318,上櫃,0.52,0.52,10.0
739319,上櫃,0.0,0.0,0.0
739320,上櫃,0.16,0.16,50.0
739321,上櫃,0.0,0.0,0.0
739322,上櫃,1.28,1.3,312.0
739323,上櫃,0.55,0.54,246.0
739324,上櫃,0.46,0.46,218.0
739325,上櫃,0.28,0.28,20.0
739326,上櫃,0.0,0.0,0.0
739327,上櫃,0.0,0.0,0.0
739328,上櫃,0.0,0.0,0.0
739329,上櫃,0.0,0.0,0.0
739330,上櫃,0.0,0.0,0.0
739331,上櫃,0.08,0.08,20.0
739332,上櫃,0.14,0.14,50.0
739333,上櫃,0.0,0.0,0.0
739334,上櫃,1.57,1.46,41.0
739335,上櫃,0.0,0.0,0.0
739336,上櫃,0.0,0.0,0.0
739337,上櫃,0.86,0.86,10.0
739338,上櫃,1.48,1.52,68.0
739339,上櫃,0.0,0.0,0.0
739340,上櫃,0.0,0.0,0.0
739341,上櫃,0.0,0.0,0.0
739342,上櫃,0.0,0.0,0.0
739343,上櫃,0.0,0.0,0.0
739344,上櫃,4.08,4.08,3.0
739345,上櫃,0.0,0.0,0.0
739346,上櫃,0.65,0.64,31.0
739347,上櫃,0.0,0.0,0.0
739348,上櫃,0.43,0.39,226.0
739349,上櫃,0.0,0.0,0.0
739350,上櫃,0.36,0.36,50.0
739351,上櫃,0.0,0.0,0.0
739352,上櫃,0.39,0.29,231.0
739353,上櫃,0.6,0.33,860.0
739354,上櫃,0.46,0.6,58.0
739355,上櫃,0.83,0.83,10.0
739356,上櫃,0.0,0.0,0.0
739357,上櫃,0.0,0.0,0.0
739358,上櫃,0.0,0.0,0.0
739359,上櫃,1.6,1.45,24.0
739360,上櫃,0.0,0.0,0.0
739361,上櫃,0.0,0.0,0.0
739362,上櫃,19.6,18.3,10.0
739363,上櫃,0.0,0.0,0.0
739364,上櫃,0.46,0.65,250.0
739365,上櫃,0.71,0.69,28.0
739366,上櫃,0.0,0.0,0.0
739367,上櫃,0.0,0.0,0.0
739368,上櫃,0.36,0.35,70.0
739369,上櫃,0.0,0.0,0.0
739370,上櫃,0.0,0.0,0.0
739371,上櫃,0.0,0.0,0.0
739372,上櫃,0.42,0.39,140.0
739373,上櫃,0.0,0.0,0.0
739374,上櫃,1.03,0.99,374.0
739375,上櫃,0.65,0.65,4.0
739376,上櫃,0.31,0.31,100.0
739377,上櫃,0.0,0.0,0.0
739378,上櫃,0.0,0.0,0.0
739379,上櫃,0.0,0.0,0.0
739380,上櫃,0.0,0.0,0.0
739381,上櫃,4.21,4.28,3.0
739382,上櫃,3.15,2.88,130.0
739383,上櫃,3.09,2.93,132.0
739384,上櫃,0.31,0.31,110.0
739385,上櫃,0.0,0.0,0.0
739386,上櫃,0.0,0.0,0.0
739387,上櫃,0.59,0.56,71.0
739388,上櫃,0.53,0.58,849.0
739389,上櫃,0.0,0.0,0.0
739390,上櫃,0.0,0.0,0.0
739391,上櫃,0.0,0.0,0.0
739392,上櫃,0.0,0.0,0.0
739393,上櫃,0.0,0.0,0.0
739394,上櫃,0.58,0.62,147.0
739395,上櫃,0.0,0.0,0.0
739396,上櫃,0.0,0.0,0.0
739397,上櫃,0.0,0.0,0.0
739398,上櫃,0.0,0.0,0.0
739399,上櫃,0.59,0.71,1742.0
739400,上櫃,0.11,0.11,104.0
739401,上櫃,0.37,0.45,10.0
739402,上櫃,0.0,0.0,0.0
739403,上櫃,0.19,0.21,92.0
739404,上櫃,0.43,0.43,10.0
739405,上櫃,0.0,0.0,0.0
739406,上櫃,0.64,0.64,1.0
739407,上櫃,1.44,1.5,13.0
739408,上櫃,0.0,0.0,0.0
739409,上櫃,0.0,0.0,0.0
739410,上櫃,0.0,0.0,0.0
739411,上櫃,7.8,7.7,28.0
739412,上櫃,0.0,0.0,0.0
739413,上櫃,0.0,0.0,0.0
739414,上櫃,0.0,0.0,0.0
739415,上櫃,0.11,0.11,1.0
739416,上櫃,1.26,1.18,1140.0
739417,上櫃,0.83,0.74,1024.0
739418,上櫃,0.0,0.0,0.0
739419,上櫃,0.0,0.0,0.0
739420,上櫃,1.16,1.16,2.0
739421,上櫃,1.63,1.69,47.0
739422,上櫃,0.0,0.0,0.0
739423,上櫃,0.0,0.0,0.0
739424,上櫃,0.0,0.0,0.0
739425,上櫃,0.4,0.39,330.0
739426,上櫃,0.0,0.0,0.0
739427,上櫃,0.0,0.0,0.0
739428,上櫃,1.16,1.08,30.0
739429,上櫃,0.0,0.0,0.0
739430,上櫃,1.39,1.39,3.0
739431,上櫃,1.46,1.27,222.0
739432,上櫃,2.03,1.67,68.0
739433,上櫃,0.0,0.0,0.0
739434,上櫃,0.96,1.04,4.0
739435,上櫃,0.0,0.0,0.0
739436,上櫃,1.09,0.95,349.0
739437,上櫃,1.2,1.25,697.0
739438,上櫃,0.56,0.49,336.0
739439,上櫃,0.97,1.04,15.0
739440,上櫃,0.0,0.0,0.0
739441,上櫃,0.38,0.38,10.0
739442,上櫃,0.36,0.37,48.0
739443,上櫃,0.0,0.0,0.0
739444,上櫃,0.92,0.91,39.0
739445,上櫃,0.8,0.81,326.0
739446,上櫃,1.62,1.56,100.0
739447,上櫃,0.37,0.37,99.0
739448,上櫃,0.0,0.0,0.0
739449,上櫃,0.0,0.0,0.0
739450,上櫃,0.0,0.0,0.0
739451,上櫃,4.03,4.02,8.0
739452,上櫃,0.83,0.77,305.0
739453,上櫃,0.0,0.0,0.0
739454,上櫃,0.45,0.45,53.0
739455,上櫃,0.0,0.0,0.0
739456,上櫃,2.91,3.06,8.0
739457,上櫃,1.63,1.65,2.0
739458,上櫃,0.86,0.75,407.0
739459,上櫃,0.92,0.87,586.0
739460,上櫃,0.75,0.71,335.0
739461,上櫃,0.0,0.0,0.0
739462,上櫃,0.0,0.0,0.0
739463,上櫃,0.0,0.0,0.0
739464,上櫃,3.99,4.32,151.0
739465,上櫃,0.38,0.37,40.0
739466,上櫃,2.42,2.84,181.0
739467,上櫃,1.69,1.53,615.0
739468,上櫃,1.54,1.26,42.0
739469,上櫃,0.0,0.0,0.0
739470,上櫃,0.26,0.26,25.0
739471,上櫃,8.05,8.05,1.0
739472,上櫃,0.0,0.0,0.0
739473,上櫃,1.45,1.1,17.0
739474,上櫃,0.89,0.89,76.0
739475,上櫃,0.0,0.0,0.0
739476,上櫃,1.91,2.15,427.0
739477,上櫃,0.48,0.56,40.0
739478,上櫃,0.41,0.36,744.0
739479,上櫃,0.0,0.0,0.0
739480,上櫃,0.0,0.0,0.0
739481,上櫃,0.72,0.66,83.0
739482,上櫃,0.0,0.0,0.0
739483,上櫃,0.0,0.0,0.0
739484,上櫃,0.0,0.0,0.0
739485,上櫃,0.75,0.74,41.0
739486,上櫃,0.0,0.0,0.0
739487,上櫃,0.0,0.0,0.0
739488,上櫃,0.0,0.0,0.0
739489,上櫃,0.17,0.16,313.0
739490,上櫃,0.0,0.0,0.0
739491,上櫃,0.0,0.0,0.0
739492,上櫃,0.0,0.0,0.0
739493,上櫃,0.0,0.0,0.0
739494,上櫃,1.58,1.38,15.0
739495,上櫃,1.05,0.94,39.0
739496,上櫃,0.0,0.0,0.0
739497,上櫃,0.0,0.0,0.0
739498,上櫃,0.0,0.0,0.0
739499,上櫃,6.65,6.55,7.0
739500,上櫃,1.58,1.58,20.0
739501,上櫃,0.36,0.36,655.0
739502,上櫃,0.5,0.54,2.0
739503,上櫃,0.0,0.0,0.0
739504,上櫃,0.0,0.0,0.0
739505,上櫃,0.0,0.0,0.0
739506,上櫃,1.12,1.05,131.0
739507,上櫃,0.0,0.0,0.0
739508,上櫃,0.0,0.0,0.0
739509,上櫃,3.5,3.51,31.0
739510,上櫃,0.0,0.0,0.0
739511,上櫃,0.0,0.0,0.0
739512,上櫃,11.8,11.8,20.0
739513,上櫃,0.67,0.59,523.0
739514,上櫃,0.0,0.0,0.0
739515,上櫃,0.36,0.3,2622.0
739516,上櫃,0.0,0.0,0.0
739517,上櫃,0.86,0.84,236.0
739518,上櫃,0.71,0.68,515.0
739519,上櫃,0.3,0.3,106.0
739520,上櫃,1.93,1.94,15.0
739521,上櫃,0.67,0.67,10.0
739522,上櫃,0.0,0.0,0.0
739523,上櫃,1.01,1.11,380.0
739524,上櫃,0.4,0.36,11.0
739525,上櫃,0.16,0.16,207.0
739526,上櫃,0.0,0.0,0.0
739527,上櫃,0.0,0.0,0.0
739528,上櫃,1.19,1.19,5.0
739529,上櫃,0.0,0.0,0.0
739530,上櫃,0.0,0.0,0.0
739531,上櫃,0.3,0.3,359.0
739532,上櫃,0.0,0.0,0.0
739533,上櫃,1.17,1.19,201.0
739534,上櫃,0.0,0.0,0.0
739535,上櫃,0.0,0.0,0.0
739536,上櫃,1.0,1.09,3.0
739537,上櫃,0.0,0.0,0.0
739538,上櫃,0.0,0.0,0.0
739539,上櫃,0.0,0.0,0.0
739540,上櫃,4.2,4.59,61.0
739541,上櫃,0.0,0.0,0.0
739542,上櫃,0.0,0.0,0.0
739543,上櫃,0.0,0.0,0.0
739544,上櫃,0.0,0.0,0.0
739545,上櫃,1.27,1.16,128.0
739546,上櫃,0.0,0.0,0.0
739547,上櫃,1.96,1.87,35.0
739548,上櫃,0.0,0.0,0.0
739549,上櫃,0.59,0.59,4.0
739550,上櫃,0.0,0.0,0.0
739551,上櫃,0.0,0.0,0.0
739552,上櫃,0.0,0.0,0.0
739553,上櫃,0.0,0.0,0.0
739554,上櫃,0.0,0.0,0.0
739555,上櫃,0.0,0.0,0.0
739556,上櫃,0.0,0.0,0.0
739557,上櫃,0.0,0.0,0.0
739558,上櫃,4.33,4.33,27.0
739559,上櫃,0.2,0.3,642.0
739560,上櫃,1.16,0.99,192.0
739561,上櫃,0.9,0.77,876.0
739562,上櫃,0.0,0.0,0.0
739563,上櫃,0.0,0.0,0.0
739564,上櫃,0.0,0.0,0.0
739565,上櫃,0.0,0.0,0.0
739566,上櫃,0.0,0.0,0.0
739567,上櫃,0.52,0.52,8.0
739568,上櫃,0.61,0.59,694.0
739569,上櫃,1.13,1.06,42.0
739570,上櫃,0.89,0.74,122.0
739571,上櫃,0.58,0.56,69.0
739572,上櫃,0.0,0.0,0.0
739573,上櫃,0.0,0.0,0.0
739574,上櫃,0.0,0.0,0.0
739575,上櫃,0.33,0.33,330.0
739576,上櫃,0.0,0.0,0.0
739577,上櫃,0.5,0.5,40.0
739578,上櫃,0.98,0.98,1.0
739579,上櫃,0.0,0.0,0.0
739580,上櫃,0.0,0.0,0.0
739581,上櫃,1.53,1.48,266.0
739582,上櫃,0.93,1.0,12.0
739583,上櫃,0.0,0.0,0.0
739584,上櫃,0.35,0.34,8.0
739585,上櫃,1.22,1.25,179.0
739586,上櫃,1.1,1.14,103.0
739587,上櫃,0.0,0.0,0.0
739588,上櫃,0.0,0.0,0.0
739589,上櫃,0.0,0.0,0.0
739590,上櫃,0.0,0.0,0.0
739591,上櫃,0.0,0.0,0.0
739592,上櫃,0.0,0.0,0.0
739593,上櫃,0.86,0.71,79.0
739594,上櫃,0.09,0.12,230.0
739595,上櫃,0.0,0.0,0.0
739596,上櫃,0.0,0.0,0.0
739597,上櫃,0.0,0.0,0.0
739598,上櫃,0.64,0.64,106.0
739599,上櫃,0.81,0.82,80.0
739600,上櫃,0.24,0.24,499.0
739601,上櫃,0.34,0.34,40.0
739602,上櫃,0.39,0.32,169.0
739603,上櫃,0.0,0.0,0.0
739604,上櫃,0.0,0.0,0.0
739605,上櫃,0.0,0.0,0.0
739606,上櫃,0.0,0.0,0.0
739607,上櫃,0.0,0.0,0.0
739608,上櫃,0.0,0.0,0.0
739609,上櫃,0.36,0.3,51.0
739610,上櫃,3.46,4.1,335.0
739611,上櫃,0.0,0.0,0.0
739612,上櫃,0.12,0.12,70.0
739613,上櫃,0.19,0.22,3.0
739614,上櫃,0.44,0.44,50.0
739615,上櫃,0.0,0.0,0.0
739616,上櫃,0.0,0.0,0.0
739617,上櫃,0.15,0.15,3.0
739618,上櫃,0.0,0.0,0.0
739619,上櫃,0.05,0.05,475.0
739620,上櫃,0.0,0.0,0.0
739621,上櫃,0.0,0.0,0.0
739622,上櫃,0.0,0.0,0.0
739623,上櫃,0.0,0.0,0.0
739624,上櫃,0.0,0.0,0.0
739625,上櫃,0.42,0.39,90.0
739626,上櫃,0.34,0.29,109.0
739627,上櫃,0.96,1.02,237.0
739628,上櫃,0.0,0.0,0.0
739629,上櫃,0.0,0.0,0.0
739630,上櫃,0.69,0.8,166.0
739631,上櫃,0.0,0.0,0.0
739632,上櫃,0.01,0.01,40.0
739633,上櫃,0.41,0.4,246.0
739634,上櫃,0.46,0.46,30.0
739635,上櫃,0.0,0.0,0.0
739636,上櫃,0.0,0.0,0.0
739637,上櫃,0.0,0.0,0.0
739638,上櫃,0.24,0.24,46.0
739639,上櫃,0.0,0.0,0.0
739640,上櫃,0.0,0.0,0.0
739641,上櫃,0.0,0.0,0.0
739642,上櫃,0.44,0.46,748.0
739643,上櫃,0.0,0.0,0.0
739644,上櫃,0.52,0.52,80.0
739645,上櫃,0.0,0.0,0.0
739646,上櫃,0.39,0.39,176.0
739647,上櫃,0.4,0.41,30.0
739648,上櫃,0.0,0.0,0.0
739649,上櫃,0.0,0.0,0.0
739650,上櫃,0.67,0.67,3.0
739651,上櫃,0.38,0.42,245.0
739652,上櫃,0.0,0.0,0.0
739653,上櫃,8.6,8.6,1.0
739654,上櫃,0.21,0.17,515.0
739655,上櫃,0.9,0.89,40.0
739656,上櫃,0.37,0.37,25.0
739657,上櫃,0.0,0.0,0.0
739658,上櫃,0.0,0.0,0.0
739659,上櫃,0.0,0.0,0.0
739660,上櫃,20.1,20.1,9.0
739661,上櫃,0.91,0.91,10.0
739662,上櫃,0.0,0.0,0.0
739663,上櫃,0.0,0.0,0.0
739664,上櫃,0.0,0.0,0.0
739665,上櫃,0.11,0.11,25.0
739666,上櫃,0.0,0.0,0.0
739667,上櫃,0.0,0.0,0.0
739668,上櫃,0.0,0.0,0.0
739669,上櫃,0.0,0.0,0.0
739670,上櫃,0.67,0.68,37.0
739671,上櫃,0.07,0.07,100.0
739672,上櫃,0.0,0.0,0.0
739673,上櫃,0.0,0.0,0.0
739674,上櫃,0.0,0.0,0.0
739675,上櫃,0.0,0.0,0.0
739676,上櫃,0.0,0.0,0.0
739677,上櫃,0.55,0.51,34.0
739678,上櫃,0.91,0.92,229.0
739679,上櫃,0.0,0.0,0.0
739680,上櫃,0.3,0.3,82.0
739681,上櫃,0.33,0.33,70.0
739682,上櫃,0.67,0.67,5.0
739683,上櫃,0.0,0.0,0.0
739684,上櫃,0.0,0.0,0.0
739685,上櫃,0.0,0.0,0.0
739686,上櫃,0.08,0.06,105.0
739687,上櫃,1.95,1.98,43.0
739688,上櫃,1.26,1.32,90.0
739689,上櫃,0.0,0.0,0.0
739690,上櫃,0.0,0.0,0.0
739691,上櫃,0.0,0.0,0.0
739692,上櫃,0.0,0.0,0.0
739693,上櫃,0.0,0.0,0.0
739694,上櫃,0.06,0.06,299.0
739695,上櫃,0.0,0.0,0.0
739696,上櫃,1.49,1.42,39.0
739697,上櫃,0.0,0.0,0.0
739698,上櫃,0.0,0.0,0.0
739699,上櫃,0.0,0.0,0.0
739700,上櫃,0.91,0.86,24.0
739701,上櫃,0.0,0.0,0.0
739702,上櫃,0.0,0.0,0.0
739703,上櫃,0.0,0.0,0.0
739704,上櫃,0.91,0.86,261.0
739705,上櫃,2.39,2.28,32.0
739706,上櫃,0.0,0.0,0.0
739707,上櫃,0.0,0.0,0.0
739708,上櫃,0.0,0.0,0.0
739709,上櫃,0.61,0.58,1741.0
739710,上櫃,0.51,0.51,55.0
739711,上櫃,0.0,0.0,0.0
739712,上櫃,0.0,0.0,0.0
739713,上櫃,0.09,0.09,35.0
739714,上櫃,0.0,0.0,0.0
739715,上櫃,1.86,1.78,197.0
739716,上櫃,1.43,1.37,171.0
739717,上櫃,0.0,0.0,0.0
739718,上櫃,0.0,0.0,0.0
739719,上櫃,0.0,0.0,0.0
739720,上櫃,0.61,0.69,259.0
739721,上櫃,0.66,0.53,110.0
739722,上櫃,0.0,0.0,0.0
739723,上櫃,0.99,1.04,83.0
739724,上櫃,1.0,1.04,245.0
739725,上櫃,1.01,1.01,1.0
739726,上櫃,0.0,0.0,0.0
739727,上櫃,1.27,0.99,655.0
739728,上櫃,0.0,0.0,0.0
739729,上櫃,0.0,0.0,0.0
739730,上櫃,0.49,0.47,150.0
739731,上櫃,0.0,0.0,0.0
739732,上櫃,0.48,0.58,15.0
739733,上櫃,0.93,0.93,150.0
739734,上櫃,0.14,0.15,252.0
739735,上櫃,0.0,0.0,0.0
739736,上櫃,0.89,1.0,109.0
739737,上櫃,0.0,0.0,0.0
739738,上櫃,2.53,2.2,776.0
739739,上櫃,1.88,1.44,85.0
739740,上櫃,1.11,0.98,8.0
739741,上櫃,1.29,1.28,4.0
739742,上櫃,0.0,0.0,0.0
739743,上櫃,0.0,0.0,0.0
739744,上櫃,0.0,0.0,0.0
739745,上櫃,2.24,2.29,55.0
739746,上櫃,0.0,0.0,0.0
739747,上櫃,0.97,0.95,70.0
739748,上櫃,0.19,0.19,50.0
739749,上櫃,0.71,0.7,42.0
739750,上櫃,1.36,1.41,210.0
739751,上櫃,1.12,1.07,15.0
739752,上櫃,0.0,0.0,0.0
739753,上櫃,0.0,0.0,0.0
739754,上櫃,0.0,0.0,0.0
739755,上櫃,0.27,0.27,66.0
739756,上櫃,0.87,0.7,2868.0
739757,上櫃,2.81,2.44,195.0
739758,上櫃,0.0,0.0,0.0
739759,上櫃,0.0,0.0,0.0
739760,上櫃,0.0,0.0,0.0
739761,上櫃,0.0,0.0,0.0
739762,上櫃,0.0,0.0,0.0
739763,上櫃,0.0,0.0,0.0
739764,上櫃,0.19,0.16,302.0
739765,上櫃,0.25,0.23,202.0
739766,上櫃,0.0,0.0,0.0
739767,上櫃,0.3,0.3,8.0
739768,上櫃,3.29,3.25,39.0
739769,上櫃,0.32,0.38,118.0
739770,上櫃,0.0,0.0,0.0
739771,上櫃,0.56,0.58,711.0
739772,上櫃,0.0,0.0,0.0
739773,上櫃,0.0,0.0,0.0
739774,上櫃,8.6,8.8,7.0
739775,上櫃,0.0,0.0,0.0
739776,上櫃,0.34,0.34,16.0
739777,上櫃,4.19,4.22,204.0
739778,上櫃,0.0,0.0,0.0
739779,上櫃,0.46,0.46,37.0
739780,上櫃,1.95,1.85,951.0
739781,上櫃,0.37,0.37,94.0
739782,上櫃,3.79,3.79,1.0
739783,上櫃,0.5,0.52,17.0
739784,上櫃,0.08,0.06,107.0
739785,上櫃,0.0,0.0,0.0
739786,上櫃,2.02,1.56,134.0
739787,上櫃,0.0,0.0,0.0
739788,上櫃,0.0,0.0,0.0
739789,上櫃,0.0,0.0,0.0
739790,上櫃,0.0,0.0,0.0
739791,上櫃,15.6,14.0,11.0
739792,上櫃,0.0,0.0,0.0
739793,上櫃,0.0,0.0,0.0
739794,上櫃,0.0,0.0,0.0
739795,上櫃,0.0,0.0,0.0
739796,上櫃,0.62,0.4,362.0
739797,上櫃,0.74,0.69,19.0
739798,上櫃,0.0,0.0,0.0
739799,上櫃,0.47,0.47,5.0
739800,上櫃,0.0,0.0,0.0
739801,上櫃,2.45,2.7,36.0
739802,上櫃,0.47,0.47,415.0
739803,上櫃,0.0,0.0,0.0
739804,上櫃,3.95,4.16,12.0
739805,上櫃,0.0,0.0,0.0
739806,上櫃,0.0,0.0,0.0
739807,上櫃,0.0,0.0,0.0
739808,上櫃,0.0,0.0,0.0
739809,上櫃,1.68,1.46,33.0
739810,上櫃,0.0,0.0,0.0
739811,上櫃,4.7,4.7,8.0
739812,上櫃,0.65,0.44,235.0
739813,上櫃,0.0,0.0,0.0
739814,上櫃,0.0,0.0,0.0
739815,上櫃,0.88,0.92,23.0
739816,上櫃,0.0,0.0,0.0
739817,上櫃,0.0,0.0,0.0
739818,上櫃,0.0,0.0,0.0
739819,上櫃,1.12,0.83,92.0
739820,上櫃,2.98,2.94,88.0
739821,上櫃,0.0,0.0,0.0
739822,上櫃,0.63,0.63,29.0
739823,上櫃,0.0,0.0,0.0
739824,上櫃,0.0,0.0,0.0
739825,上櫃,0.89,0.89,67.0
739826,上櫃,2.1,1.74,53.0
739827,上櫃,0.0,0.0,0.0
739828,上櫃,0.0,0.0,0.0
739829,上櫃,0.77,0.74,22.0
739830,上櫃,0.0,0.0,0.0
739831,上櫃,14.1,14.1,1.0
739832,上櫃,0.96,0.93,35.0
739833,上櫃,0.0,0.0,0.0
739834,上櫃,0.0,0.0,0.0
739835,上櫃,2.45,2.57,315.0
739836,上櫃,1.03,1.0,12.0
739837,上櫃,2.04,1.74,240.0
739838,上櫃,0.0,0.0,0.0
739839,上櫃,0.0,0.0,0.0
739840,上櫃,0.47,0.58,54.0
739841,上櫃,2.33,1.92,41.0
739842,上櫃,0.0,0.0,0.0
739843,上櫃,1.79,1.79,2.0
739844,上櫃,1.65,1.22,26.0
739845,上櫃,0.0,0.0,0.0
739846,上櫃,2.77,3.08,148.0
739847,上櫃,0.0,0.0,0.0
739848,上櫃,1.18,1.18,89.0
739849,上櫃,0.0,0.0,0.0
739850,上櫃,0.0,0.0,0.0
739851,上櫃,0.0,0.0,0.0
739852,上櫃,0.91,0.82,130.0
739853,上櫃,0.0,0.0,0.0
739854,上櫃,0.0,0.0,0.0
739855,上櫃,0.0,0.0,0.0
739856,上櫃,0.0,0.0,0.0
739857,上櫃,0.0,0.0,0.0
739858,上櫃,4.2,4.2,3.0
739859,上櫃,0.0,0.0,0.0
739860,上櫃,11.1,10.0,2.0
739861,上櫃,0.0,0.0,0.0
739862,上櫃,0.0,0.0,0.0
739863,上櫃,1.46,1.01,1000.0
739864,上櫃,2.67,2.67,60.0
739865,上櫃,0.0,0.0,0.0
739866,上櫃,0.0,0.0,0.0
739867,上櫃,0.0,0.0,0.0
739868,上櫃,0.0,0.0,0.0
739869,上櫃,2.25,2.48,3.0
739870,上櫃,0.0,0.0,0.0
739871,上櫃,0.0,0.0,0.0
739872,上櫃,0.0,0.0,0.0
739873,上櫃,1.24,1.04,494.0
739874,上櫃,0.0,0.0,0.0
739875,上櫃,0.0,0.0,0.0
739876,上櫃,0.0,0.0,0.0
739877,上櫃,0.0,0.0,0.0
739878,上櫃,1.54,1.54,11.0
739879,上櫃,0.81,0.7,145.0
739880,上櫃,1.9,1.9,31.0
739881,上櫃,0.0,0.0,0.0
739882,上櫃,0.0,0.0,0.0
739883,上櫃,0.0,0.0,0.0
739884,上櫃,0.33,0.3,96.0
739885,上櫃,0.0,0.0,0.0
739886,上櫃,0.0,0.0,0.0
739887,上櫃,0.0,0.0,0.0
739888,上櫃,0.0,0.0,0.0
739889,上櫃,0.0,0.0,0.0
739890,上櫃,0.0,0.0,0.0
739891,上櫃,6.8,6.8,2.0
739892,上櫃,0.0,0.0,0.0
739893,上櫃,0.0,0.0,0.0
739894,上櫃,1.19,1.16,51.0
739895,上櫃,5.0,5.7,51.0
739896,上櫃,1.68,1.88,658.0
739897,上櫃,0.0,0.0,0.0
739898,上櫃,0.0,0.0,0.0
739899,上櫃,3.54,3.39,7.0
739900,上櫃,0.11,0.11,29.0
739901,上櫃,4.8,4.8,10.0
739902,上櫃,0.37,0.37,5.0
739903,上櫃,0.0,0.0,0.0
739904,上櫃,0.0,0.0,0.0
739905,上櫃,0.0,0.0,0.0
739906,上櫃,0.0,0.0,0.0
739907,上櫃,1.3,1.4,1232.0
739908,上櫃,0.0,0.0,0.0
739909,上櫃,0.87,0.76,1404.0
739910,上櫃,0.53,0.4,19.0
739911,上櫃,3.71,3.92,40.0
739912,上櫃,0.0,0.0,0.0
739913,上櫃,3.78,3.75,12.0
739914,上櫃,0.0,0.0,0.0
739915,上櫃,0.0,0.0,0.0
739916,上櫃,1.15,0.74,90.0
739917,上櫃,0.0,0.0,0.0
739918,上櫃,0.0,0.0,0.0
739919,上櫃,0.0,0.0,0.0
739920,上櫃,0.67,0.5,407.0
739921,上櫃,0.0,0.0,0.0
739922,上櫃,2.67,2.78,11.0
739923,上櫃,5.15,5.15,12.0
739924,上櫃,0.0,0.0,0.0
739925,上櫃,0.39,0.33,127.0
739926,上櫃,0.0,0.0,0.0
739927,上櫃,0.0,0.0,0.0
739928,上櫃,0.0,0.0,0.0
739929,上櫃,10.3,10.3,10.0
739930,上櫃,0.0,0.0,0.0
739931,上櫃,4.53,4.14,24.0
739932,上櫃,0.7,0.7,50.0
739933,上櫃,0.0,0.0,0.0
739934,上櫃,0.63,0.42,12.0
739935,上櫃,0.89,0.94,35.0
739936,上櫃,0.1,0.09,60.0
739937,上櫃,2.6,1.88,43.0
739938,上櫃,0.56,0.49,630.0
739939,上櫃,0.0,0.0,0.0
739940,上櫃,0.0,0.0,0.0
739941,上櫃,0.0,0.0,0.0
739942,上櫃,0.0,0.0,0.0
739943,上櫃,0.0,0.0,0.0
739944,上櫃,0.03,0.03,100.0
739945,上櫃,0.0,0.0,0.0
739946,上櫃,2.07,2.07,20.0
739947,上櫃,3.0,3.39,666.0
739948,上櫃,0.0,0.0,0.0
739949,上櫃,0.0,0.0,0.0
739950,上櫃,0.0,0.0,0.0
739951,上櫃,0.0,0.0,0.0
739952,上櫃,0.0,0.0,0.0
739953,上櫃,0.6,0.62,426.0
739954,上櫃,0.0,0.0,0.0
739955,上櫃,0.0,0.0,0.0
739956,上櫃,0.0,0.0,0.0
739957,上櫃,0.0,0.0,0.0
739958,上櫃,0.9,0.86,55.0
739959,上櫃,0.0,0.0,0.0
739960,上櫃,1.26,1.21,1024.0
739961,上櫃,0.0,0.0,0.0
739962,上櫃,0.0,0.0,0.0
739963,上櫃,0.0,0.0,0.0
739964,上櫃,0.0,0.0,0.0
739965,上櫃,0.0,0.0,0.0
739966,上櫃,2.05,1.75,22.0
739967,上櫃,0.0,0.0,0.0
739968,上櫃,0.0,0.0,0.0
739969,上櫃,0.0,0.0,0.0
739970,上櫃,0.0,0.0,0.0
739971,上櫃,0.0,0.0,0.0
739972,上櫃,0.4,0.3,150.0
739973,上櫃,1.12,1.06,7.0
739974,上櫃,0.0,0.0,0.0
739975,上櫃,0.0,0.0,0.0
739976,上櫃,0.0,0.0,0.0
739977,上櫃,0.76,0.92,305.0
739978,上櫃,0.15,0.15,5.0
739979,上櫃,0.21,0.21,10.0
739980,上櫃,0.2,0.2,1.0
739981,上櫃,0.0,0.0,0.0
739982,上櫃,0.0,0.0,0.0
739983,上櫃,0.0,0.0,0.0
739984,上櫃,0.0,0.0,0.0
739985,上櫃,0.18,0.18,10.0
739986,上櫃,0.66,0.66,10.0
739987,上櫃,0.0,0.0,0.0
739988,上櫃,0.36,0.36,20.0
739989,上櫃,0.84,0.72,177.0
739990,上櫃,0.26,0.26,400.0
739991,上櫃,1.06,1.02,140.0
739992,上櫃,0.0,0.0,0.0
739993,上櫃,5.35,4.66,18.0
739994,上櫃,0.0,0.0,0.0
739995,上櫃,0.0,0.0,0.0
739996,上櫃,0.0,0.0,0.0
739997,上櫃,0.0,0.0,0.0
739998,上櫃,1.81,1.81,10.0
739999,上櫃,0.0,0.0,0.0
7402,上櫃,137.0,137.5,1990.28
7547,上櫃,58.0,56.3,56.013
7556,上櫃,165.5,167.5,43.196
7584,上櫃,38.8,39.1,183.835
7642,上櫃,84.7,84.0,20.118
7703,上櫃,218.0,215.5,138.829
7704,上櫃,46.15,45.85,59.761
7708,上櫃,94.9,94.1,9.03
7709,上櫃,54.2,57.8,610.379
7712,上櫃,91.3,87.3,520.455
7713,上櫃,70.7,70.6,4.027
7714,上櫃,158.0,158.0,160.655
7715,上櫃,34.35,33.3,174.359
7716,上櫃,25.7,25.75,4.2
7717,上櫃,588.0,573.0,265.152
7718,上櫃,45.05,45.1,3.025
7723,上櫃,33.05,32.95,68.622
7728,上櫃,702.0,625.0,751.788
7734,上櫃,1170.0,1200.0,1023.775
7738,上櫃,168.5,168.5,13.294
7743,上櫃,20.3,20.05,10.461
7744,上櫃,325.0,305.5,116.469
7747,上櫃,121.0,120.0,6.26
7751,上櫃,854.0,844.0,335.532
7753,上櫃,42.45,42.95,58.552
7757,上櫃,113.5,112.5,25.768
7767,上櫃,47.2,47.3,13.639
7770,上櫃,57.0,56.2,24.428
7777,上櫃,40.35,41.5,6654.283
7782,上櫃,28.45,28.2,31.25
7792,上櫃,410.0,394.0,1465.402
7805,上櫃,576.0,563.0,66.564
7810,上櫃,232.0,220.0,320.004
8024,上櫃,13.8,13.8,34.278
8027,上櫃,114.5,112.0,3180.235
8032,上櫃,38.85,38.3,62.586
8034,上櫃,25.75,24.8,753.238
8038,上櫃,51.6,50.4,545.175
8040,上櫃,50.8,49.2,311.502
8042,上櫃,65.0,61.0,2855.895
8043,上櫃,89.3,84.7,3323.456
8044,上櫃,29.15,28.75,691.676
8047,上櫃,48.1,48.2,154.785
8048,上櫃,54.7,53.0,343.74
8049,上櫃,27.0,26.95,133.454
8050,上櫃,43.65,43.1,317.981
8054,上櫃,127.5,133.0,5846.389
8059,上櫃,21.0,20.35,410.297
8064,上櫃,56.9,55.5,4040.308
8066,上櫃,20.7,20.5,15.16
8067,上櫃,14.3,14.3,3.06
8068,上櫃,26.4,26.4,3992.753
8069,上櫃,180.5,176.5,5794.296
8071,上櫃,18.4,18.05,474.604
8074,上櫃,68.7,67.5,11735.455
8076,上櫃,24.15,24.15,546.35
8077,上櫃,45.7,45.7,1.0
8080,上櫃,36.2,33.05,315.016
8083,上櫃,171.5,173.0,106.453
8084,上櫃,56.0,56.2,69.1
8085,上櫃,17.7,17.1,545.728
8086,上櫃,123.5,117.0,4113.139
8087,上櫃,29.4,29.5,12.079
8088,上櫃,67.7,65.7,18846.277
8089,上櫃,29.05,28.55,259.514
8091,上櫃,139.5,142.5,723.798
8092,上櫃,14.35,14.45,472.362
8093,上櫃,20.3,21.25,9.995
8096,上櫃,66.1,69.4,64379.033
8097,上櫃,56.8,55.6,153.812
8099,上櫃,70.6,70.8,392.876
8102,上櫃,57.5,57.0,10.053
8107,上櫃,16.2,15.85,235.814
8109,上櫃,108.0,109.0,141.536
8111,上櫃,71.8,68.9,15837.783
8121,上櫃,29.9,28.8,748.88
8147,上櫃,104.0,102.5,96.255
8155,上櫃,225.0,233.5,4308.481
8171,上櫃,31.1,29.85,270.964
8176,上櫃,11.05,10.9,86.419
8182,上櫃,29.0,28.8,186.238
8183,上櫃,33.8,32.95,272.063
8227,上櫃,156.0,150.5,983.635
8234,上櫃,80.0,76.6,4193.464
8240,上櫃,42.3,42.3,1080.879
8255,上櫃,132.0,133.0,384.134
8272,上櫃,79.8,78.5,8.136
8277,上櫃,10.0,10.1,414.117
8279,上櫃,136.5,132.5,64.405
8284,上櫃,63.3,63.5,28.284
8289,上櫃,24.8,24.7,374.956
8299,上櫃,2345.0,2305.0,8772.872
8342,上櫃,82.8,84.0,2.159
8349,上櫃,44.05,44.3,47.957
8349A,上櫃,45.8,45.85,6.0
8354,上櫃,15.7,15.45,27.898
8358,上櫃,275.5,263.5,16377.706
8383,上櫃,42.05,41.6,215.158
8390,上櫃,104.5,104.0,3464.639
8401,上櫃,28.9,28.7,79.954
8403,上櫃,24.2,23.9,212.289
8409,上櫃,21.0,20.95,29.085
8410,上櫃,37.9,37.6,31.267
8415,上櫃,34.4,34.8,1178.263
8416,上櫃,183.5,184.5,22.045
8421,上櫃,13.4,13.2,25.596
8423,上櫃,18.7,18.7,17.483
8424,上櫃,72.8,73.0,5.306
8426,上櫃,27.8,27.5,47.003
8431,上櫃,61.2,64.0,5917.601
8432,上櫃,56.8,56.8,54.166
8433,上櫃,55.9,55.7,16.019
8435,上櫃,54.0,53.8,23.266
8436,上櫃,152.0,153.5,1239.531
8437,上櫃,16.15,16.1,94.027
8440,上櫃,28.75,27.1,148.815
8444,上櫃,10.2,10.3,20.3
8446,上櫃,94.5,94.5,94.873
8450,上櫃,17.1,17.0,31.736
8455,上櫃,0.0,0.0,0.074
8472,上櫃,63.1,61.8,27.057
8477,上櫃,13.75,13.25,132.623
8489,上櫃,38.15,37.0,49.572
8905,上櫃,31.85,31.95,35.909
8906,上櫃,34.0,33.85,96.189
8908,上櫃,42.4,42.5,63.573
8916,上櫃,49.15,49.25,113.297
8917,上櫃,57.9,56.7,8.115
8921,上櫃,19.1,18.95,19.0
8923,上櫃,0.0,0.0,0.001
8924,上櫃,72.8,72.7,45.434
8927,上櫃,25.65,25.3,565.899
8928,上櫃,26.65,26.55,20.162
8929,上櫃,16.9,16.65,27.753
8930,上櫃,30.4,30.4,69.332
8931,上櫃,45.75,45.7,21.197
8932,上櫃,215.0,207.0,7789.646
8933,上櫃,7.45,7.47,655.072
8935,上櫃,21.8,21.05,1387.884
8936,上櫃,51.7,52.0,1062.882
8937,上櫃,137.0,132.5,218.824
8938,上櫃,71.2,71.0,140.645
8941,上櫃,46.4,46.35,8.359
8942,上櫃,39.4,39.1,422.238
9949,上櫃,26.55,26.7,44.333
9950,上櫃,10.45,10.55,53.291
9951,上櫃,56.0,55.5,38.95
9960,上櫃,23.1,23.3,17.074
9962,上櫃,11.8,11.85,336.58
