code,market,open,close,lots
00400A,上市,14.39,14.51,38690.696
00401A,上市,13.2,13.26,12545.008
00402A,上市,9.72,9.64,4318.078
00403A,上市,9.87,9.97,194875.891
00404A,上市,9.29,9.41,5497.943
00405A,上市,8.34,8.47,93901.339
00406A,上市,9.5,9.5,207370.569
00407A,上市,9.45,9.51,43634.45
00408A,上市,10.31,10.33,1583.207
00410A,上市,11.1,11.2,5238.311
0050,上市,103.05,103.1,100818.593
0051,上市,140.0,141.0,26.714
0052,上市,59.65,60.15,12817.722
0053,上市,233.35,234.65,68.493
0055,上市,44.0,43.55,152.549
0056,上市,51.7,52.0,29889.911
0057,上市,310.5,307.8,30.73
0061,上市,24.8,24.45,163.566
006203,上市,187.75,188.1,60.27
006204,上市,222.9,222.65,43.471
006205,上市,41.04,40.5,428.646
006206,上市,38.59,37.24,151.348
006207,上市,33.1,32.28,192.509
006208,上市,236.2,236.75,2859.041
00625K,上市,0.0,0.0,0.0
00631L,上市,33.5,33.96,193543.865
00632R,上市,10.31,10.26,206165.341
00633L,上市,50.35,48.4,5435.851
00634R,上市,3.06,3.11,2684.7
00635U,上市,44.9,44.97,1762.689
00636,上市,28.3,27.87,919.055
00636K,上市,8.81,8.81,0.2
00637L,上市,20.75,20.01,25796.273
00638R,上市,6.56,6.69,666.389
00639,上市,17.25,16.67,1199.645
00640L,上市,106.95,104.0,394.793
00641R,上市,3.74,3.77,2749.24
00642U,上市,28.32,28.13,2543.867
00643,上市,19.2,18.48,2677.671
00643K,上市,4.08,3.98,39.0
00645,上市,57.5,56.7,189.405
00646,上市,77.2,77.1,2725.872
00647L,上市,139.95,139.25,24.12
00648R,上市,3.93,3.93,2075.123
00650L,上市,16.99,17.19,1542.58
00651R,上市,5.17,5.16,280.504
00652,上市,33.0,32.95,177.384
00653L,上市,46.86,46.43,55.661
00654R,上市,6.74,6.74,1.0
00655L,上市,35.03,33.69,1500.118
00656R,上市,5.77,5.87,657.21
00657,上市,77.1,76.9,26.623
00657K,上市,24.28,24.28,0.2
00660,上市,46.77,46.61,60.759
00661,上市,85.55,84.7,386.701
00662,上市,120.95,120.25,4333.981
00663L,上市,96.25,97.6,6306.229
00664R,上市,1.67,1.66,52471.833
00665L,上市,9.3,9.5,13182.603
00666R,上市,9.02,9.01,60.283
00668,上市,62.3,62.1,264.489
00668K,上市,19.5,19.5,0.2
00669R,上市,5.21,5.2,571.0
00670L,上市,200.05,199.5,774.084
00671R,上市,2.43,2.44,4449.162
00673R,上市,12.25,12.3,10172.802
00674R,上市,28.29,28.25,264.277
00675L,上市,291.9,295.1,1195.778
00676R,上市,5.7,5.68,11861.631
00678,上市,42.39,42.45,439.412
00680L,上市,6.32,6.36,10666.444
00681R,上市,21.9,21.9,1.001
00682U,上市,20.47,20.47,2.012
00683L,上市,21.48,21.48,50.0
00684R,上市,15.11,15.2,4.005
00685L,上市,11.0,11.16,242585.558
00686R,上市,1.02,1.02,11850.505
00688L,上市,6.3,6.34,5174.773
00689R,上市,22.93,22.93,5.725
00690,上市,74.55,75.15,360.029
00692,上市,88.5,88.5,923.788
00693U,上市,22.22,22.31,671.927
00700,上市,17.35,17.42,59.699
00701,上市,37.0,36.77,309.302
00702,上市,25.1,25.1,26.943
00703,上市,19.73,19.56,47.0
00706L,上市,18.94,18.98,191.648
00707R,上市,0.0,0.0,0.0
00708L,上市,79.3,79.65,3527.551
00709,上市,40.78,41.01,378.961
00710B,上市,19.08,19.07,527.361
00711B,上市,15.61,15.62,104.442
00712,上市,8.83,8.83,8478.286
00713,上市,60.5,60.85,7184.419
00714,上市,22.07,21.99,110.69
00715L,上市,51.6,51.2,5819.55
00717,上市,14.8,14.72,79.264
00728,上市,65.6,66.3,161.865
00730,上市,28.63,28.84,62.657
00731,上市,89.75,90.35,608.436
00733,上市,65.1,65.45,331.8
00735,上市,97.45,98.75,2784.744
00736,上市,31.26,31.29,102.282
00737,上市,40.79,40.33,97.876
00738U,上市,50.1,50.1,3133.165
00739,上市,28.4,27.81,84.949
00752,上市,23.29,23.3,591.011
00753L,上市,9.51,9.53,5785.692
00757,上市,137.05,136.35,3429.942
00762,上市,113.55,111.6,280.669
00763U,上市,34.34,34.26,382.675
00770,上市,68.15,67.6,209.886
00771,上市,15.58,15.59,58.289
00775B,上市,30.85,30.8,161.084
00783,上市,29.12,28.12,140.501
00830,上市,84.5,84.1,10228.871
00850,上市,88.65,89.1,652.378
00851,上市,70.4,70.4,1.837
00852L,上市,35.55,35.51,9.214
00861,上市,87.6,85.7,41.573
00865B,上市,48.85,48.86,1553.899
00875,上市,55.1,54.95,67.467
00876,上市,89.35,87.95,238.84
00878,上市,32.03,32.3,39841.825
00881,上市,48.24,48.54,47412.727
00882,上市,14.85,15.0,4238.49
00885,上市,17.6,17.45,1071.965
00891,上市,33.0,33.12,22218.612
00892,上市,38.48,39.15,3128.614
00893,上市,43.22,42.84,458.181
00894,上市,45.43,45.3,2421.998
00895,上市,49.57,49.24,116.906
00896,上市,26.8,26.89,3247.311
00897,上市,12.02,12.0,569.041
00898,上市,10.16,10.17,1028.904
00899,上市,23.4,23.4,23.752
00900,上市,18.44,18.67,5072.788
00901,上市,44.46,44.45,70.807
00902,上市,13.43,13.39,853.633
00903,上市,21.22,21.16,18.365
00904,上市,38.54,38.76,686.676
00905,上市,25.44,25.59,746.026
00907,上市,17.07,17.06,1127.891
00908,上市,15.28,15.26,17.686
00909,上市,42.87,42.58,2006.385
00910,上市,61.8,61.55,563.285
00911,上市,53.8,53.15,586.957
00912,上市,33.8,33.6,167.086
00913,上市,44.82,44.86,1972.738
00915,上市,31.01,31.23,844.17
00916,上市,26.32,26.61,284.563
00917,上市,24.22,24.23,235.789
00918,上市,33.4,33.82,13028.402
00919,上市,30.15,30.39,40346.797
00920,上市,24.39,24.32,69.568
00921,上市,23.68,23.79,49.36
00922,上市,39.82,39.93,7282.722
00923,上市,38.3,38.43,10891.808
00924,上市,33.25,33.1,1153.601
00926,上市,26.15,26.13,206.124
00927,上市,34.63,35.36,12452.881
00929,上市,28.03,28.52,36392.013
00930,上市,23.53,23.56,101.295
00932,上市,17.18,17.37,255.012
00934,上市,28.09,28.55,1462.226
00935,上市,55.15,55.9,7582.76
00936,上市,20.48,20.82,589.68
00938,上市,24.55,24.42,1063.045
00939,上市,22.19,22.29,1872.743
00940,上市,12.22,12.4,11905.661
00941,上市,26.05,25.95,1577.039
00943,上市,21.21,21.22,15.615
00944,上市,20.35,20.49,131.367
00945B,上市,14.45,14.46,5970.571
00946,上市,15.0,15.33,1381.089
00947,上市,35.0,35.48,7098.415
00949,上市,21.6,21.3,466.043
00951,上市,17.44,17.16,3874.561
00952,上市,17.64,17.69,2695.442
00953B,上市,9.68,9.66,55880.882
00954,上市,18.5,18.29,2765.848
00956,上市,13.09,13.0,321.799
00960,上市,20.7,20.68,438.861
00961,上市,12.9,13.05,19785.443
00962,上市,14.65,14.94,175.488
00963,上市,13.03,12.99,1252.033
00964,上市,14.33,14.46,1009.697
00965,上市,26.71,26.52,1198.004
00971,上市,17.51,17.46,197.072
00972,上市,21.6,21.35,95.828
009800,上市,13.18,13.02,758.787
009801,上市,11.22,11.21,3099.328
009802,上市,18.5,18.73,2082.411
009803,上市,20.61,20.95,875.467
009804,上市,21.82,21.86,735.188
009805,上市,15.94,15.9,4869.979
009808,上市,29.73,29.7,150.967
009809,上市,17.2,17.19,43.741
00980A,上市,23.87,23.88,14244.116
009810,上市,21.4,21.33,284.364
009811,上市,13.33,13.25,559.849
009812,上市,12.56,12.57,560.818
009813,上市,11.31,11.25,376.435
009816,上市,15.04,15.11,115138.511
009817,上市,9.02,9.02,203.514
009818,上市,19.96,19.84,56.328
009819,上市,10.04,10.02,5118.185
00981A,上市,28.65,29.06,234849.451
00981T,上市,11.71,11.68,3144.925
009820,上市,9.9,9.85,6663.253
009821,上市,14.76,14.63,4688.81
009824,上市,10.02,9.99,3503.715
009826,上市,10.13,10.12,23735.382
00982A,上市,21.54,21.63,27222.874
00982D,上市,9.68,9.7,666.459
00982T,上市,14.91,14.9,31.772
00983A,上市,11.87,11.7,1782.949
00983D,上市,9.9,9.94,503.662
00984A,上市,14.98,15.18,3628.836
00984D,上市,10.05,10.06,30552.519
00985A,上市,22.1,22.36,3457.584
00985B,上市,10.24,10.25,4110.699
00986A,上市,14.7,14.49,168.564
00987A,上市,15.62,15.69,1706.376
00988A,上市,16.63,16.5,61769.758
00989A,上市,17.14,16.94,1275.566
00990A,上市,15.85,15.71,21500.051
00991A,上市,17.53,17.71,142664.352
00991B,上市,14.79,14.78,641.101
00992A,上市,17.37,17.64,41106.189
00993A,上市,13.0,13.14,3147.571
00994A,上市,16.78,16.93,4352.881
00995A,上市,16.6,16.89,4132.474
00996A,上市,13.44,13.62,4502.342
00997A,上市,11.48,11.33,16900.713
00999A,上市,11.04,11.17,9658.442
01001T,上市,11.29,11.29,7.084
01002T,上市,13.15,13.15,20.0
01004T,上市,10.16,10.15,45.338
01007T,上市,11.55,11.53,60.0
01009T,上市,5.65,5.7,33.0
01010T,上市,9.98,10.0,122.0
020000,上市,31.4,31.19,2.0
020011,上市,0.0,0.0,0.0
020012,上市,0.0,0.0,0.0
02001L,上市,137.3,141.1,123.0
020020,上市,0.0,0.0,0.0
020028,上市,19.91,19.93,2.0
020029,上市,18.14,18.14,1.0
020030,上市,18.5,18.91,2.0
020031,上市,9.9,9.87,8.0
020032,上市,0.0,0.0,0.0
020034,上市,14.55,14.43,4.0
020036,上市,0.0,0.0,0.0
020037,上市,11.42,11.42,1.0
020038,上市,0.0,0.0,0.0
020039,上市,14.23,14.29,4.0
1101,上市,24.0,24.05,16533.208
1101B,上市,0.0,0.0,0.0
1102,上市,33.5,33.8,11995.199
1103,上市,13.15,13.05,345.821
1104,上市,26.4,26.4,1257.44
1108,上市,11.7,11.7,118.769
1109,上市,13.5,13.55,59.344
1110,上市,15.8,15.9,496.677
1201,上市,12.3,12.3,387.508
1203,上市,43.0,42.8,34.017
1210,上市,53.0,52.8,1664.951
1213,上市,7.3,7.3,13.0
1215,上市,110.0,109.0,494.426
1216,上市,76.2,77.5,16977.37
1217,上市,9.94,9.93,305.229
1218,上市,14.15,14.25,953.102
1219,上市,11.2,11.0,385.555
1220,上市,10.9,10.9,103.173
1225,上市,24.3,24.0,56.101
1227,上市,29.0,28.9,614.094
1229,上市,40.8,41.45,2288.287
1231,上市,81.5,83.9,615.813
1232,上市,153.5,155.0,183.048
1233,上市,27.9,27.55,23.143
1234,上市,33.35,33.25,81.264
1235,上市,35.6,35.1,30.01
1236,上市,24.95,25.35,53.431
1256,上市,176.0,176.0,33.704
1301,上市,58.3,56.8,23728.422
1303,上市,193.0,187.5,72639.511
1304,上市,11.8,11.8,1673.976
1305,上市,12.0,11.75,1056.589
1307,上市,30.3,30.3,399.204
1308,上市,13.5,13.35,949.407
1309,上市,13.0,12.7,1350.054
1310,上市,8.2,8.1,2899.666
1312,上市,11.8,11.75,4131.369
1312A,上市,20.85,20.85,1.0
1313,上市,11.7,11.4,1963.376
1314,上市,7.86,7.8,11838.395
1315,上市,65.1,65.7,32.072
1316,上市,10.3,10.6,1386.924
1319,上市,81.4,81.7,2429.556
1321,上市,31.65,31.8,56.246
1323,上市,21.2,21.4,23.393
1324,上市,9.97,9.99,10.221
1325,上市,25.95,26.15,147.665
1326,上市,59.1,56.7,26991.898
1337,上市,4.61,4.58,177.665
1338,上市,14.4,14.7,94.134
1339,上市,44.8,45.45,84.305
1340,上市,5.07,5.15,212.414
1341,上市,59.8,58.4,14.002
1342,上市,101.0,102.0,149.505
1402,上市,27.7,28.0,13261.815
1409,上市,24.0,24.1,6200.089
1410,上市,25.55,25.65,89.213
1413,上市,9.32,9.24,23.0
1414,上市,20.5,20.0,486.628
1416,上市,11.7,11.75,696.281
1417,上市,8.27,8.18,135.301
1418,上市,17.8,17.75,9.078
1419,上市,63.4,63.4,65.831
1423,上市,34.4,34.8,11.344
1432,上市,15.1,15.0,102.19
1434,上市,17.55,17.5,1152.963
1435,上市,23.45,24.35,9.158
1436,上市,37.55,38.0,834.288
1437,上市,30.9,32.2,504.68
1438,上市,22.5,22.45,24.087
1439,上市,28.2,29.3,41.168
1440,上市,13.3,13.35,1547.55
1441,上市,8.85,8.8,12.252
1442,上市,29.45,29.9,191.451
1443,上市,24.45,24.15,17.748
1444,上市,7.3,7.14,1489.439
1445,上市,10.1,10.15,82.206
1446,上市,13.75,13.6,88.327
1447,上市,6.89,6.79,974.884
1449,上市,12.2,12.05,194.316
1451,上市,17.25,17.25,69.556
1452,上市,11.4,11.3,84.296
1453,上市,11.05,11.15,47.593
1454,上市,12.3,12.3,111.87
1455,上市,10.0,9.99,1287.387
1456,上市,13.55,13.5,55.833
1457,上市,14.25,14.35,92.15
1459,上市,13.55,14.0,102.87
1460,上市,6.57,6.52,171.56
1463,上市,17.7,17.45,66.096
1464,上市,10.1,10.1,262.319
1465,上市,11.95,12.05,132.101
1466,上市,16.15,16.35,211.084
1467,上市,8.2,8.31,370.92
1468,上市,13.05,13.05,57.0
1470,上市,23.1,23.75,19.918
1471,上市,9.65,9.41,160.621
1472,上市,88.5,87.4,29.203
1473,上市,19.65,19.7,56.65
1474,上市,9.93,9.99,56.669
1475,上市,25.4,25.55,28.035
1476,上市,308.0,311.5,2144.007
1477,上市,194.0,192.5,4283.583
1503,上市,197.0,197.0,800.171
1504,上市,70.8,71.8,11122.545
1506,上市,10.15,10.1,219.806
1512,上市,6.55,6.54,83.291
1513,上市,164.5,164.0,2253.967
1514,上市,99.0,99.5,829.121
1515,上市,31.85,31.4,1886.616
1516,上市,14.7,14.7,1.489
1517,上市,11.25,11.5,357.08
1519,上市,709.0,718.0,954.237
1521,上市,25.3,25.4,10.101
1522,上市,27.75,27.65,234.625
1522A,上市,50.8,50.8,12.119
1524,上市,26.75,27.0,195.041
1525,上市,67.4,67.0,44.036
1526,上市,16.35,17.0,413.612
1527,上市,33.1,32.7,115.758
1528,上市,18.65,18.55,668.804
1529,上市,16.7,16.8,269.966
1530,上市,28.7,28.75,29.218
1531,上市,12.9,13.0,111.633
1532,上市,22.5,22.5,297.47
1533,上市,31.1,31.1,88.632
1535,上市,46.0,45.75,60.71
1536,上市,50.0,50.2,883.888
1537,上市,120.5,121.0,410.803
1538,上市,0.0,0.0,0.001
1539,上市,15.6,15.7,28.18
1540,上市,18.9,19.0,120.219
1541,上市,21.6,21.6,17.13
1558,上市,98.5,99.7,190.919
1560,上市,696.0,707.0,1284.823
1563,上市,61.3,61.0,731.4
1568,上市,29.05,28.6,281.356
1582,上市,72.3,72.9,311.803
1583,上市,48.4,48.75,15.073
1587,上市,23.65,23.85,96.973
1590,上市,1435.0,1455.0,555.093
1597,上市,137.0,135.0,1381.424
1598,上市,19.5,19.65,182.277
1603,上市,30.2,30.45,85.386
1604,上市,23.05,23.1,111.741
1605,上市,36.65,36.8,19252.526
1608,上市,34.95,35.3,2810.934
1609,上市,36.65,36.8,1819.093
1611,上市,12.05,11.95,355.314
1612,上市,34.4,34.45,409.229
1614,上市,30.65,30.55,63.367
1615,上市,43.55,44.0,127.089
1616,上市,18.75,19.05,255.643
1617,上市,17.5,17.35,351.131
1618,上市,38.1,38.5,367.374
1623,上市,205.0,203.0,78.176
1626,上市,9.65,9.51,57.918
1702,上市,32.45,32.2,201.173
1707,上市,89.0,90.2,408.841
1708,上市,49.5,49.8,2136.739
1709,上市,32.0,32.55,6445.461
1710,上市,14.95,14.9,3436.376
1711,上市,37.95,37.95,2854.19
1712,上市,39.3,39.4,1130.892
1713,上市,43.95,44.15,159.312
1714,上市,16.65,16.75,7761.869
1717,上市,69.0,69.6,8960.905
1718,上市,10.3,10.45,14668.031
1720,上市,56.1,56.0,173.91
1721,上市,19.0,19.25,588.84
1722,上市,45.65,45.75,1981.474
1723,上市,85.7,86.3,220.611
1725,上市,30.55,30.35,26.0
1726,上市,77.1,76.8,47.708
1727,上市,88.0,92.7,18357.729
1730,上市,51.8,51.4,42.145
1731,上市,20.65,20.7,53.649
1732,上市,26.1,26.05,88.444
1733,上市,31.3,31.15,76.89
1734,上市,31.75,32.0,353.09
1735,上市,20.0,20.0,51.716
1736,上市,127.5,129.0,292.464
1737,上市,32.05,32.1,152.248
1752,上市,31.6,31.75,25.129
1760,上市,58.1,58.1,103.759
1762,上市,34.2,34.5,56.207
1773,上市,154.0,153.5,167.613
1776,上市,16.85,17.0,65.45
1783,上市,40.05,40.9,117.387
1786,上市,49.4,49.55,164.331
1789,上市,18.8,18.95,387.757
1795,上市,184.5,186.5,838.054
1802,上市,55.0,57.1,26388.05
1805,上市,9.97,10.15,84.448
1806,上市,8.02,8.0,228.488
1808,上市,32.6,33.3,2331.317
1809,上市,37.2,37.6,1041.72
1810,上市,26.7,26.1,7308.284
1817,上市,39.8,40.0,49.249
1903,上市,47.65,47.3,147.63
1904,上市,24.55,24.75,2993.3
1905,上市,13.15,13.2,2148.5
1906,上市,11.25,11.35,37.142
1907,上市,28.9,29.95,1366.614
1909,上市,10.85,11.2,6530.658
2002,上市,18.95,18.95,31131.264
2002A,上市,37.4,37.25,9.187
2006,上市,80.3,81.3,1400.677
2007,上市,6.98,6.94,183.474
2008,上市,30.55,30.5,19.0
2009,上市,38.25,38.9,990.729
2010,上市,22.7,22.65,732.234
2012,上市,14.85,14.85,39.122
2013,上市,40.9,41.1,65.06
2014,上市,16.85,16.9,2009.909
2015,上市,63.3,63.7,375.553
2017,上市,8.83,9.03,367.99
2020,上市,21.3,21.6,225.277
2022,上市,7.68,7.63,514.482
2023,上市,13.8,13.85,648.962
2024,上市,13.25,13.2,8.02
2025,上市,12.5,12.55,418.642
2027,上市,48.75,50.0,18075.115
2028,上市,15.55,15.55,62.305
2029,上市,21.8,21.8,452.097
2030,上市,20.65,21.5,3136.619
2031,上市,44.55,45.75,2034.751
2032,上市,16.4,16.8,308.105
2033,上市,21.9,22.5,1391.594
2034,上市,19.65,19.75,766.552
2038,上市,12.5,12.5,109.956
2049,上市,360.0,367.0,6809.824
2059,上市,13895.0,14095.0,526.139
2062,上市,18.65,18.8,168.728
2069,上市,19.85,19.85,303.615
2072,上市,151.5,149.5,372.725
2101,上市,31.9,32.3,1681.43
2102,上市,18.5,18.55,86.779
2103,上市,27.5,27.25,8185.141
2104,上市,10.35,10.3,1765.408
2105,上市,30.9,31.05,5213.792
2106,上市,17.35,17.4,1785.637
2107,上市,25.9,25.95,308.535
2108,上市,29.45,29.1,695.717
2109,上市,14.55,14.55,57.614
2114,上市,88.0,88.0,31.05
2115,上市,22.85,23.05,69.584
2201,上市,28.1,28.8,2151.693
2204,上市,52.4,53.0,1608.036
2206,上市,62.3,62.8,541.805
2207,上市,512.0,506.0,336.962
2208,上市,19.4,19.05,3059.574
2211,上市,81.1,82.2,785.78
2227,上市,48.4,48.35,39.366
2228,上市,76.4,76.7,111.735
2231,上市,95.0,96.0,417.836
2233,上市,189.0,188.5,730.128
2236,上市,120.0,126.0,212.699
2237,上市,27.0,26.9,138.364
2239,上市,19.0,19.4,30.79
2241,上市,31.7,34.55,1352.458
2243,上市,39.75,40.0,169.175
2247,上市,219.5,222.0,58.522
2248,上市,60.0,62.9,186.487
2250,上市,60.2,60.1,73.004
2254,上市,59.1,58.7,5.0
2258,上市,31.25,31.05,369.081
2301,上市,268.0,273.5,35191.145
2302,上市,46.0,44.7,15905.677
2303,上市,115.0,115.5,110337.394
2305,上市,27.0,26.8,2776.985
2308,上市,1745.0,1765.0,12608.652
2312,上市,31.15,32.25,10119.409
2313,上市,206.0,207.5,13397.617
2314,上市,11.0,11.05,104.455
2316,上市,153.0,155.5,3257.021
2317,上市,245.0,245.0,36592.747
2321,上市,0.0,0.0,0.254
2323,上市,11.0,10.85,6820.077
2324,上市,39.0,39.3,92963.808
2327,上市,547.0,576.0,56295.383
2328,上市,43.5,46.0,7207.652
2329,上市,42.0,42.7,2014.513
2330,上市,2340.0,2350.0,23618.612
2331,上市,19.7,19.5,2802.045
2332,上市,20.55,20.7,12717.604
2337,上市,117.0,119.0,50155.092
2338,上市,37.1,37.8,873.032
2340,上市,29.6,29.9,2026.848
2342,上市,40.0,38.8,5716.098
2344,上市,167.0,168.0,113062.347
2345,上市,2060.0,2125.0,4040.971
2347,上市,86.1,86.3,2827.204
2348,上市,69.0,70.0,278.036
2348A,上市,38.0,38.1,11.103
2349,上市,11.2,11.0,1869.318
2351,上市,172.0,185.0,7890.194
2352,上市,28.05,28.75,5685.629
2353,上市,30.1,30.9,12354.545
2354,上市,59.5,60.8,7265.81
2355,上市,40.55,41.7,2578.905
2356,上市,63.6,65.2,15165.045
2357,上市,896.0,925.0,2985.654
2359,上市,175.0,161.0,25062.383
2360,上市,2190.0,2120.0,3423.57
2362,上市,46.75,47.15,842.228
2363,上市,50.0,50.8,2060.933
2364,上市,83.1,82.6,544.443
2365,上市,29.0,30.05,916.286
2367,上市,41.95,42.0,4079.271
2368,上市,1035.0,1040.0,10290.635
2369,上市,30.1,30.6,4137.296
2371,上市,26.95,27.0,13666.275
2373,上市,53.2,53.0,44.556
2374,上市,66.3,66.9,1850.802
2375,上市,117.0,127.0,8542.415
2376,上市,343.0,348.5,6754.187
2377,上市,145.0,146.5,12788.664
2379,上市,696.0,738.0,3984.481
2380,上市,20.2,20.25,158.973
2382,上市,321.5,331.0,16525.261
2383,上市,5855.0,5880.0,3119.237
2385,上市,104.0,106.0,2195.357
2387,上市,35.85,35.8,223.651
2388,上市,71.5,72.0,4145.321
2390,上市,10.2,10.1,336.48
2392,上市,39.7,41.05,3782.138
2393,上市,63.5,64.6,2125.209
2395,上市,674.0,694.0,4739.84
2397,上市,63.2,64.9,367.239
2399,上市,43.95,45.1,2875.032
2401,上市,24.9,25.7,4083.46
2402,上市,51.6,52.2,1203.708
2404,上市,1090.0,1095.0,1111.902
2405,上市,15.35,15.4,622.595
2406,上市,28.2,28.55,2916.471
2408,上市,489.0,481.0,69157.927
2409,上市,25.7,26.15,134445.281
2412,上市,136.5,136.0,7120.614
2413,上市,43.0,43.9,622.702
2414,上市,52.4,51.9,269.736
2415,上市,29.15,29.1,65.261
2417,上市,42.5,45.65,2728.888
2419,上市,24.1,24.0,368.018
2420,上市,56.8,57.2,697.876
2421,上市,143.0,145.0,1663.081
2423,上市,73.6,73.6,208.166
2424,上市,8.73,8.21,24.0
2425,上市,38.3,39.0,2335.355
2426,上市,65.5,68.0,10941.512
2427,上市,22.0,21.95,289.787
2428,上市,248.0,256.5,1967.772
2429,上市,32.4,33.0,284.939
2430,上市,17.15,17.05,36.525
2431,上市,10.2,10.15,169.074
2432,上市,27.4,27.35,10.0
2433,上市,41.75,41.7,15.072
2434,上市,48.45,50.3,284.747
2436,上市,63.7,65.1,3547.106
2438,上市,18.5,18.05,26.077
2439,上市,78.8,79.1,1010.966
2440,上市,13.55,13.7,253.002
2441,上市,112.0,113.5,2889.835
2442,上市,19.2,19.35,970.421
2444,上市,10.95,11.0,107.015
2449,上市,226.5,235.0,15479.247
2450,上市,28.15,28.05,174.612
2451,上市,275.5,281.0,2771.873
2453,上市,51.5,51.4,142.884
2454,上市,3750.0,3845.0,7036.521
2455,上市,385.5,396.5,15313.042
2457,上市,22.8,22.9,1096.113
2458,上市,139.0,145.5,3186.377
2459,上市,66.3,67.0,167.861
2460,上市,28.0,28.4,284.206
2461,上市,17.95,17.95,841.642
2462,上市,19.15,19.4,126.79
2464,上市,172.0,181.5,16897.448
2465,上市,85.0,85.9,3986.951
2466,上市,94.2,99.0,2599.622
2467,上市,552.0,547.0,1357.774
2468,上市,34.7,34.6,172.93
2471,上市,48.55,48.8,99.137
2472,上市,218.5,234.0,2844.558
2474,上市,202.0,204.0,2608.302
2476,上市,117.5,119.0,2081.413
2477,上市,20.75,20.85,67.522
2478,上市,118.5,134.5,11550.7
2480,上市,156.5,158.5,106.323
2481,上市,135.5,136.5,45689.068
2482,上市,15.75,15.6,157.805
2483,上市,37.0,36.2,1337.53
2484,上市,69.0,73.0,7722.213
2485,上市,39.45,40.35,2163.024
2486,上市,227.0,235.0,10318.984
2488,上市,48.9,48.6,37.423
2489,上市,30.45,31.3,6924.856
2491,上市,38.55,38.15,934.309
2492,上市,270.0,298.0,46494.666
2493,上市,178.5,183.0,2439.867
2495,上市,36.8,37.3,712.946
2496,上市,54.8,54.7,43.878
2497,上市,45.5,44.6,212.81
2498,上市,39.25,39.85,4136.007
2501,上市,22.85,22.8,1199.656
2504,上市,30.55,30.6,1324.841
2505,上市,17.9,18.2,827.303
2506,上市,8.57,8.53,118.456
2509,上市,14.15,14.15,130.511
2511,上市,8.22,8.2,894.911
2514,上市,11.85,11.8,81.101
2515,上市,11.75,11.85,3608.919
2516,上市,13.9,14.0,212.302
2520,上市,35.85,36.7,2579.914
2524,上市,34.25,34.0,107.495
2527,上市,44.1,44.1,412.77
2528,上市,20.15,20.15,123.914
2530,上市,19.35,19.0,1199.718
2534,上市,16.8,16.9,199.633
2535,上市,90.0,89.4,230.448
2536,上市,20.85,20.8,769.842
2537,上市,11.1,11.55,2689.304
2538,上市,9.09,9.02,316.952
2539,上市,41.15,41.25,3313.274
2540,上市,45.5,46.3,549.636
2542,上市,47.5,48.15,13205.723
2543,上市,38.0,38.1,998.458
2545,上市,33.5,33.55,252.462
2546,上市,107.0,111.0,586.765
2547,上市,10.15,10.1,723.306
2548,上市,93.7,93.9,945.56
2597,上市,165.5,166.0,100.343
2601,上市,6.86,6.92,12759.052
2603,上市,236.0,240.5,20579.536
2605,上市,35.9,36.75,70856.199
2606,上市,68.6,69.5,5172.015
2607,上市,50.5,50.4,484.898
2608,上市,28.6,28.4,209.376
2609,上市,55.6,59.0,114832.016
2610,上市,20.05,19.9,24474.464
2611,上市,15.4,15.5,1821.819
2612,上市,57.0,59.5,1949.197
2613,上市,22.4,23.0,1477.835
2614,上市,18.1,18.2,710.814
2615,上市,102.5,106.5,41215.791
2616,上市,13.3,13.35,64.905
2617,上市,29.8,30.9,4641.864
2618,上市,41.75,41.6,17734.556
2630,上市,51.1,51.9,4607.847
2633,上市,25.9,25.9,2699.1
2634,上市,73.0,68.6,59904.43
2636,上市,69.5,71.3,1397.734
2637,上市,88.9,91.8,11208.949
2642,上市,20.2,20.25,53.913
2645,上市,178.0,177.0,2505.634
2646,上市,20.75,20.9,4379.336
2701,上市,10.6,10.55,115.544
2702,上市,12.15,12.2,44.308
2704,上市,46.55,45.7,261.099
2705,上市,15.7,15.5,164.664
2706,上市,12.45,12.4,65.241
2707,上市,178.0,178.5,92.091
2712,上市,14.2,14.4,13.536
2722,上市,21.85,21.5,41.153
2723,上市,63.3,65.2,578.149
2727,上市,232.5,234.0,282.486
2731,上市,141.5,142.0,304.337
2739,上市,36.0,35.55,55.466
2748,上市,38.25,38.3,39.704
2753,上市,182.5,185.0,286.545
2762,上市,82.0,81.9,28.209
2801,上市,23.8,23.9,10549.551
2812,上市,18.95,19.0,5671.171
2816,上市,34.0,34.2,249.679
2820,上市,16.25,16.25,1191.305
2832,上市,58.9,59.3,81.569
2834,上市,16.5,16.4,19367.581
2836,上市,12.0,11.9,886.413
2836A,上市,24.05,24.1,7.0
2838,上市,20.1,20.05,1813.054
2838A,上市,51.8,51.9,7.06
2845,上市,13.45,13.5,5889.869
2849,上市,14.2,14.05,179.172
2850,上市,160.5,159.5,148.623
2851,上市,39.1,40.2,5129.343
2852,上市,27.4,27.65,628.605
2855,上市,46.3,45.85,3260.081
2867,上市,9.82,9.7,76212.03
2880,上市,39.55,39.0,24299.348
2881,上市,129.0,128.5,12785.616
2881A,上市,61.7,61.8,51.013
2881B,上市,60.6,60.6,29.845
2881C,上市,51.5,51.5,17.895
2882,上市,99.2,98.3,11073.498
2882A,上市,60.3,60.4,47.708
2882B,上市,58.8,58.9,20.835
2883,上市,30.7,30.4,41106.18
2883B,上市,8.15,8.16,529.257
2884,上市,38.3,37.8,103424.075
2885,上市,63.9,62.5,44748.181
2886,上市,46.9,47.05,25322.496
2887,上市,36.85,36.4,70118.504
2887E,上市,48.65,48.7,131.062
2887F,上市,45.85,45.9,19.572
2887G,上市,44.0,44.0,3.544
2887H,上市,41.8,42.0,44.216
2887I,上市,9.52,9.52,1760.681
2887Z1,上市,18.8,18.9,12.947
2889,上市,15.55,15.55,14956.287
2890,上市,39.6,39.4,24546.731
2891,上市,66.4,64.9,34561.497
2891B,上市,62.3,62.4,7.474
2891C,上市,61.3,61.4,2.549
2892,上市,33.65,33.6,16299.693
2897,上市,10.1,10.15,1637.632
2897B,上市,11.5,11.55,38.03
2901,上市,23.35,23.25,8.973
2903,上市,21.75,22.25,5775.342
2904,上市,12.75,12.7,23.585
2905,上市,17.75,17.45,1646.695
2906,上市,13.6,13.6,134.767
2908,上市,21.55,21.6,267.52
2910,上市,23.85,24.4,6.006
2911,上市,6.69,6.66,71.174
2912,上市,215.0,218.5,2623.132
2913,上市,11.0,11.0,796.317
2915,上市,59.9,61.8,4691.8
2923,上市,23.05,22.9,313.546
2929,上市,5.7,5.66,33.019
2939,上市,19.1,18.8,17.0
2945,上市,39.75,39.8,16.564
3002,上市,16.85,16.65,159.153
3003,上市,67.9,64.5,981.632
3004,上市,121.0,121.5,212.67
3005,上市,116.5,117.5,3204.424
3006,上市,240.0,245.5,9106.315
3008,上市,5135.0,5550.0,3873.944
3010,上市,126.5,130.0,1102.495
3011,上市,10.65,10.45,1344.238
3013,上市,81.7,83.3,778.662
3014,上市,128.0,131.5,760.136
3015,上市,53.0,53.7,269.106
3016,上市,101.0,102.0,2964.464
3017,上市,2915.0,3095.0,3982.151
3018,上市,13.15,13.4,42.144
3019,上市,133.5,136.5,2396.471
3021,上市,20.0,19.95,71.08
3022,上市,90.5,91.9,1336.376
3023,上市,303.0,322.0,1915.444
3024,上市,13.4,13.45,806.852
3025,上市,56.8,56.4,155.367
3026,上市,646.0,690.0,1797.462
3027,上市,17.75,17.75,93.051
3028,上市,64.8,65.6,603.603
3029,上市,105.5,110.0,959.78
3030,上市,283.0,285.0,791.77
3031,上市,21.6,22.1,246.995
3032,上市,78.5,77.9,430.219
3033,上市,45.0,45.0,4460.068
3034,上市,504.0,534.0,4731.319
3035,上市,166.0,172.5,3152.3
3036,上市,198.5,201.5,8946.264
3037,上市,1110.0,1130.0,24496.587
3038,上市,20.35,20.35,119.008
3040,上市,37.6,37.75,39.478
3041,上市,22.0,22.3,424.376
3042,上市,173.0,186.0,20471.704
3043,上市,21.65,21.05,64.348
3044,上市,474.5,480.5,4782.368
3045,上市,112.0,113.5,26629.39
3046,上市,58.0,58.7,257.363
3047,上市,13.6,13.7,435.023
3048,上市,53.8,57.0,3204.496
3049,上市,10.6,10.7,1312.124
3050,上市,11.3,11.4,743.531
3051,上市,22.15,22.15,392.743
3052,上市,11.1,11.3,359.986
3054,上市,53.7,51.5,226.684
3055,上市,113.5,115.0,2186.371
3056,上市,14.0,14.0,443.082
3057,上市,16.85,17.25,336.869
3058,上市,8.11,8.11,263.3
3059,上市,39.3,39.25,1366.977
3060,上市,26.9,27.55,615.904
3062,上市,20.1,20.3,836.629
3090,上市,158.0,177.5,21470.953
3092,上市,23.85,23.4,185.621
3094,上市,35.6,36.25,805.319
3130,上市,211.0,211.5,153.775
3135,上市,151.5,153.0,1454.833
3138,上市,92.5,95.4,151.313
3149,上市,65.4,64.8,8406.188
3150,上市,17.4,17.15,34.0
3164,上市,15.45,15.85,100.127
3167,上市,728.0,693.0,8196.456
3168,上市,41.0,41.35,8.14
3189,上市,834.0,849.0,21079.068
3209,上市,50.5,50.8,1216.903
3229,上市,49.45,51.8,992.104
3231,上市,177.0,182.0,28162.708
3257,上市,49.15,49.6,186.395
3266,上市,13.75,13.6,56.0
3296,上市,22.95,24.4,25.152
3305,上市,107.0,109.5,1107.354
3308,上市,19.75,19.8,22.415
3311,上市,31.3,31.4,87.926
3312,上市,50.7,51.3,862.076
3321,上市,17.7,18.05,105.849
3338,上市,60.8,61.5,201.73
3346,上市,19.7,19.9,277.81
3356,上市,63.0,63.0,493.198
3376,上市,186.0,186.5,2366.558
3380,上市,26.6,27.15,1133.809
3406,上市,655.0,657.0,4958.403
3413,上市,285.0,288.5,990.154
3416,上市,176.0,176.5,210.353
3419,上市,11.75,12.05,114.244
3432,上市,14.55,14.4,35.303
3437,上市,16.7,16.75,277.588
3443,上市,5350.0,5295.0,2510.975
3447,上市,26.45,26.9,71.921
3450,上市,533.0,567.0,20473.679
3481,上市,47.25,46.75,225153.342
3494,上市,7.18,7.13,38.021
3501,上市,39.9,39.6,104.152
3504,上市,76.0,78.4,1951.204
3515,上市,213.0,220.0,485.056
3518,上市,28.3,27.7,197.082
3528,上市,84.9,84.0,220.529
3530,上市,55.1,55.1,68.945
3532,上市,354.0,356.5,7431.947
3533,上市,1580.0,1620.0,1585.723
3535,上市,87.1,87.1,429.422
3543,上市,42.25,43.55,2420.879
3545,上市,47.7,49.4,768.012
3550,上市,21.9,22.6,1040.269
3557,上市,24.3,24.4,43.354
3563,上市,675.0,674.0,548.489
3576,上市,16.8,16.75,6458.577
3583,上市,690.0,706.0,1456.683
3588,上市,52.0,52.3,120.072
3591,上市,19.9,20.5,1209.905
3592,上市,220.5,225.0,475.204
3593,上市,10.35,11.0,21.842
3596,上市,160.5,160.0,1418.312
3605,上市,120.0,119.0,6294.199
3607,上市,13.85,13.9,115.209
3617,上市,255.5,257.0,944.438
3622,上市,49.35,48.7,329.041
3645,上市,65.5,65.9,884.41
3652,上市,36.45,34.1,454.64
3653,上市,4895.0,5460.0,2804.186
3661,上市,3585.0,3630.0,1950.747
3665,上市,2150.0,2200.0,2061.571
3669,上市,36.35,37.45,288.231
3673,上市,59.5,59.5,2613.447
3679,上市,111.0,109.5,28.433
3686,上市,14.25,14.25,67.265
3694,上市,50.5,50.7,746.492
3701,上市,38.2,39.25,342.305
3702,上市,106.0,106.5,18979.455
3703,上市,19.4,19.55,2233.625
3704,上市,41.25,41.5,1952.137
3705,上市,54.4,54.7,166.635
3706,上市,89.9,90.7,8294.613
3708,上市,102.5,101.5,593.19
3711,上市,568.0,588.0,22448.357
3712,上市,20.4,20.5,940.304
3714,上市,55.0,55.2,3273.012
3715,上市,107.0,107.5,4364.586
3716,上市,33.9,34.65,434.644
3717,上市,22.05,22.2,1276.593
4104,上市,71.5,71.4,113.553
4106,上市,24.45,24.4,51.123
4108,上市,10.75,10.9,240.783
4119,上市,51.8,52.0,58.238
4133,上市,20.6,20.55,77.705
4137,上市,90.7,90.0,194.462
4142,上市,17.25,17.25,451.127
4148,上市,31.2,31.9,13.271
4155,上市,14.7,14.65,157.569
4164,上市,25.85,25.7,373.1
4169,上市,148.0,149.0,63.171
4178,上市,16.95,17.0,107.15
4190,上市,24.3,25.05,12.983
4195,上市,14.35,14.2,82.154
4306,上市,15.45,15.3,833.761
4414,上市,8.45,8.31,197.736
4426,上市,7.77,7.77,62.311
4438,上市,59.7,60.0,191.555
4439,上市,108.0,108.5,254.962
4440,上市,17.5,17.6,49.507
4441,上市,190.5,196.5,99.308
4526,上市,30.0,29.9,974.696
4532,上市,23.5,23.65,688.122
4536,上市,166.5,169.5,180.109
4540,上市,60.8,59.4,6538.152
4545,上市,31.4,32.2,67.063
4551,上市,160.5,161.0,875.837
4552,上市,17.55,17.5,37.331
4555,上市,47.35,47.3,185.186
4557,上市,50.7,51.1,38.406
4560,上市,32.8,32.4,239.0
4562,上市,31.6,31.65,216.289
4564,上市,17.3,16.7,1246.185
4566,上市,73.0,70.0,2583.342
4569,上市,158.0,160.0,22.888
4571,上市,163.0,164.0,124.88
4572,上市,140.5,140.0,10.276
4576,上市,206.5,208.0,1528.579
4581,上市,47.3,47.85,4.103
4582,上市,24.0,23.5,247.248
4583,上市,484.0,481.0,186.68
4585,上市,301.5,298.0,270.446
4588,上市,51.4,51.3,40.466
4590,上市,86.3,86.5,455.168
4720,上市,18.1,17.7,849.512
4722,上市,199.5,203.0,1177.134
4736,上市,140.5,143.0,541.001
4737,上市,57.4,57.0,20.14
4739,上市,85.2,83.3,1754.598
4746,上市,51.8,52.0,262.967
4755,上市,113.5,113.5,138.865
4763,上市,49.8,50.7,3005.171
4764,上市,202.0,203.0,892.302
4766,上市,330.0,332.0,192.542
4770,上市,214.0,212.0,563.383
4771,上市,198.5,199.5,186.202
4807,上市,30.1,30.6,65.073
4904,上市,101.0,101.5,4101.489
4906,上市,33.5,33.95,2103.452
4912,上市,90.0,90.8,153.426
4915,上市,59.2,59.8,2428.5
4916,上市,98.0,100.5,1832.612
4919,上市,115.5,116.5,4261.748
4927,上市,32.25,32.25,1457.193
4930,上市,15.85,16.05,28.259
4934,上市,13.85,14.05,420.462
4935,上市,35.05,34.45,71.0
4938,上市,90.0,89.4,10010.075
4942,上市,33.2,33.1,205.101
4943,上市,8.47,8.42,40.52
4949,上市,70.8,70.0,591.823
4952,上市,50.2,52.0,517.213
4956,上市,28.4,29.05,520.034
4958,上市,451.0,457.0,30182.657
4960,上市,20.0,20.05,2716.239
4961,上市,157.5,166.5,806.621
4967,上市,249.0,260.0,5606.756
4968,上市,89.0,89.3,369.254
4976,上市,36.65,37.1,1387.48
4977,上市,146.0,145.0,1961.724
4989,上市,60.6,61.7,3728.173
4994,上市,82.7,82.1,20.847
4999,上市,18.55,18.5,40.884
5007,上市,56.0,55.6,34.47
5203,上市,58.4,58.5,139.303
5215,上市,40.1,39.65,56.004
5222,上市,115.5,117.5,236.9
5225,上市,59.9,59.6,241.467
5234,上市,301.0,294.5,382.931
5236,上市,133.5,135.5,248.955
5243,上市,86.6,88.2,577.579
5244,上市,33.1,32.8,95.973
5258,上市,47.45,47.1,391.598
5269,上市,1340.0,1460.0,1187.531
5283,上市,56.0,56.8,72.175
5284,上市,293.0,307.5,366.345
5285,上市,75.5,79.4,1258.808
5288,上市,190.0,188.5,61.328
5292,上市,190.0,210.0,691.339
5306,上市,92.8,96.2,168.696
5388,上市,77.4,78.4,3304.135
5434,上市,542.0,530.0,1627.243
5469,上市,73.6,72.2,1683.957
5471,上市,55.4,57.0,1896.651
5484,上市,40.35,40.0,348.699
5515,上市,53.5,53.8,1056.281
5519,上市,27.9,27.7,182.232
5521,上市,10.35,10.65,1341.416
5522,上市,62.8,62.6,605.299
5525,上市,21.75,21.85,50.512
5531,上市,7.35,7.35,371.342
5533,上市,13.8,13.85,168.084
5534,上市,79.0,79.2,690.504
5538,上市,36.6,37.3,1308.198
5546,上市,13.95,13.5,57.02
5607,上市,53.4,54.0,2210.549
5608,上市,16.2,17.5,36193.751
5706,上市,45.1,45.4,116.214
5871,上市,108.5,109.5,2897.216
5871A,上市,100.0,100.0,22.312
5876,上市,42.85,43.5,7353.841
5880,上市,24.95,24.85,33352.232
5906,上市,0.0,0.0,0.1
5907,上市,4.82,4.88,52.379
6005,上市,30.3,30.2,4854.276
6024,上市,60.3,60.8,175.446
6108,上市,23.75,24.75,5933.4
6112,上市,43.75,44.1,274.291
6115,上市,44.9,44.9,146.84
6116,上市,13.5,14.25,61603.11
6117,上市,61.7,61.0,137.59
6120,上市,12.55,12.55,1064.707
6128,上市,20.2,20.3,29.275
6133,上市,22.1,22.15,425.179
6136,上市,24.75,24.95,170.404
6139,上市,770.0,766.0,2509.394
6141,上市,39.0,44.5,7784.249
6142,上市,9.0,9.0,184.129
6152,上市,13.6,13.9,734.139
6153,上市,16.15,16.7,2212.567
6155,上市,56.0,58.1,3609.629
6164,上市,11.75,11.65,338.062
6165,上市,47.3,46.8,192.828
6166,上市,121.5,123.5,2338.814
6168,上市,23.7,24.2,737.954
6177,上市,49.0,48.4,4152.05
6183,上市,92.8,93.3,29.029
6184,上市,41.85,41.85,61.814
6189,上市,47.0,47.15,185.692
6191,上市,84.6,82.5,2287.797
6192,上市,115.0,116.0,131.958
6196,上市,493.5,500.0,838.78
6197,上市,286.0,301.0,1017.993
6201,上市,44.3,44.45,38.116
6202,上市,56.2,58.0,1473.606
6205,上市,61.5,61.0,178.249
6206,上市,142.5,144.5,1507.904
6209,上市,66.4,67.0,2484.474
6213,上市,466.5,484.0,3111.366
6214,上市,174.5,178.5,9858.275
6215,上市,100.0,99.3,1145.343
6216,上市,22.0,22.15,59.859
6224,上市,62.6,65.6,603.088
6225,上市,53.6,53.6,700.718
6226,上市,21.1,21.3,55232.956
6230,上市,107.5,106.0,46.958
6235,上市,37.7,37.3,415.696
6239,上市,258.0,262.5,9782.257
6243,上市,42.25,43.3,1149.022
6257,上市,194.0,199.5,5509.629
6269,上市,62.5,62.7,2635.427
6271,上市,190.0,194.0,2572.129
6272,上市,23.25,22.95,181.613
6277,上市,82.5,83.7,606.034
6278,上市,168.0,174.5,6449.418
6281,上市,51.2,51.1,48.492
6282,上市,45.7,45.55,5139.178
6283,上市,19.8,19.9,53.243
6285,上市,231.0,235.5,3436.699
6405,上市,38.2,38.25,231.415
6409,上市,1050.0,1030.0,911.092
6412,上市,76.0,77.0,495.566
6414,上市,388.0,408.5,3560.739
6415,上市,425.0,440.0,1881.027
6416,上市,91.2,96.9,570.034
6426,上市,220.0,231.0,1990.908
6431,上市,19.1,20.0,130.1
6438,上市,142.5,142.0,177.57
6442,上市,1480.0,1530.0,1998.293
6443,上市,26.0,26.0,2053.118
6446,上市,1410.0,1400.0,2584.371
6449,上市,213.5,226.0,508.412
6451,上市,391.5,414.0,6895.82
6456,上市,64.1,65.1,1772.603
6464,上市,78.0,79.0,1365.267
6472,上市,402.0,405.0,363.664
6477,上市,38.2,37.5,2860.96
6491,上市,361.5,375.5,515.759
6504,上市,37.1,36.7,52.108
6505,上市,73.0,70.2,20727.704
6515,上市,5955.0,6370.0,344.112
6525,上市,144.0,142.5,3654.213
6526,上市,573.0,580.0,284.469
6531,上市,833.0,837.0,4111.029
6533,上市,244.0,248.5,924.123
6534,上市,91.2,91.3,38.188
6541,上市,35.2,35.95,325.32
6550,上市,10.15,10.15,845.383
6552,上市,24.65,24.6,130.357
6558,上市,24.85,24.65,138.771
6573,上市,15.65,17.75,489.935
6579,上市,150.0,151.0,417.71
6581,上市,107.5,107.5,11.959
6582,上市,30.95,31.35,51.566
6585,上市,115.0,114.0,172.675
6589,上市,48.9,49.85,719.195
6591,上市,43.05,43.9,90.22
6592,上市,60.6,60.4,354.333
6592A,上市,95.3,95.3,17.334
6592B,上市,94.6,94.6,2.0
6598,上市,27.9,27.5,159.651
6605,上市,138.0,141.0,547.873
6606,上市,26.6,26.15,38.598
6614,上市,35.5,35.6,27.223
6625,上市,77.4,77.0,42.839
6641,上市,18.0,18.05,19.05
6645,上市,12.9,12.7,12.799
6655,上市,115.0,115.5,10.019
6657,上市,29.5,29.7,51.743
6658,上市,158.0,156.5,275.833
6666,上市,43.7,43.5,9.364
6668,上市,35.0,35.65,279.495
6669,上市,6190.0,6375.0,1289.214
6670,上市,261.5,267.0,249.365
6671,上市,22.3,22.25,130.0
6672,上市,280.0,284.0,7856.786
6674,上市,14.85,14.65,25.0
6689,上市,60.1,60.7,81.179
6691,上市,699.0,706.0,1248.669
6695,上市,47.4,47.5,500.474
6698,上市,30.85,31.0,90.418
6706,上市,111.0,115.5,837.722
6715,上市,400.0,447.5,2792.369
6719,上市,190.0,196.5,742.162
6722,上市,32.15,32.05,24.33
6742,上市,43.8,42.7,301.037
6743,上市,25.0,24.85,154.809
6753,上市,142.5,143.0,1365.875
6754,上市,41.5,41.4,9.001
6756,上市,96.1,94.8,116.764
6757,上市,56.4,57.0,1499.6
6768,上市,63.5,64.1,368.06
6770,上市,67.3,66.6,176388.814
6771,上市,41.5,41.6,65.122
6776,上市,53.0,53.2,42.139
6781,上市,1035.0,1065.0,346.179
6782,上市,197.5,203.0,197.703
6789,上市,418.0,421.5,780.625
6790,上市,37.8,37.8,237.354
6792,上市,59.4,57.1,31.396
6794,上市,68.8,68.7,35.0
6796,上市,59.6,61.4,90.297
6799,上市,77.7,78.1,253.589
6805,上市,1860.0,1800.0,1866.928
6807,上市,38.0,37.9,10.03
6830,上市,420.0,409.5,1376.509
6831,上市,637.0,599.0,1221.498
6834,上市,93.4,98.0,5152.793
6835,上市,31.95,30.7,23.005
6838,上市,22.5,22.65,45.062
6854,上市,89.0,89.8,130.942
6861,上市,194.5,193.0,199.947
6862,上市,131.0,137.5,174.533
6863,上市,109.0,110.5,167.377
6869,上市,69.8,65.6,1510.115
6873,上市,70.1,68.0,316.063
6885,上市,20.3,20.35,134.009
6887,上市,36.3,37.5,63.519
6890,上市,160.5,160.5,327.398
6901,上市,16.5,16.2,965.144
6902,上市,132.0,130.5,82.6
6906,上市,71.4,71.3,5.492
6908,上市,31.0,30.85,38.491
6909,上市,39.0,39.3,186.316
6914,上市,147.5,148.5,164.697
6916,上市,18.65,18.55,8.153
6918,上市,73.8,74.0,14.38
6919,上市,104.0,102.5,2105.421
6921,上市,70.0,68.1,35.143
6923,上市,75.3,75.7,34.276
6924,上市,114.0,114.5,28.3
6928,上市,48.95,47.5,49.064
6931,上市,41.2,41.3,151.274
6933,上市,186.0,190.5,222.958
6934,上市,72.3,73.0,28.314
6936,上市,32.15,32.1,36.121
6937,上市,266.0,265.0,216.386
6944,上市,735.0,732.0,250.403
6947,上市,72.1,71.0,154.36
6949,上市,1050.0,1085.0,222.328
6951,上市,71.9,72.0,14.226
6952,上市,36.5,36.65,14.95
6955,上市,120.0,119.5,10.862
6957,上市,211.0,213.5,51.87
6958,上市,17.15,16.9,97.686
6958A,上市,19.9,19.9,7.006
6962,上市,29.8,30.65,1419.344
6965,上市,73.6,73.3,24.729
6969,上市,32.2,35.0,452.747
6988,上市,11.9,11.95,41.0
6994,上市,35.4,34.8,318.997
7610,上市,1635.0,1605.0,752.418
7631,上市,144.0,145.0,100.765
7689,上市,172.0,172.0,47.846
7705,上市,30.95,30.7,40.134
7711,上市,476.0,490.0,856.052
7721,上市,61.3,61.0,41.539
7722,上市,271.5,273.0,63.849
7730,上市,161.0,163.5,129.033
7732,上市,34.0,34.3,52.0
7736,上市,70.0,69.3,10.324
7740,上市,142.0,142.0,52.074
7749,上市,320.5,325.5,140.266
7750,上市,2475.0,2515.0,737.142
7760,上市,33.0,33.0,61.05
7765,上市,221.5,222.0,35.685
7768,上市,273.0,289.5,166.371
7769,上市,6350.0,6445.0,450.43
7780,上市,16.7,16.55,492.992
7786,上市,122.0,123.5,199.649
7788,上市,272.5,274.0,1631.8
7791,上市,56.3,56.7,17.656
7795,上市,546.0,544.0,885.517
7799,上市,350.5,345.0,128.144
7803,上市,19.25,19.15,21.33
7818,上市,62.1,62.0,39.917
7821,上市,38.85,38.75,59.1
7822,上市,861.0,875.0,129.73
7823,上市,84.4,83.9,8.012
7827,上市,155.0,153.5,111.968
7835,上市,20.15,21.45,161.604
7855,上市,43.45,43.3,1334.829
8011,上市,15.75,15.8,194.633
8016,上市,283.0,296.0,1754.672
8021,上市,392.0,393.5,5308.156
8028,上市,240.0,247.0,2493.705
8033,上市,181.0,185.0,1149.953
8039,上市,270.0,271.5,42064.679
8045,上市,51.6,50.8,101.677
8046,上市,1175.0,1180.0,15143.786
8070,上市,53.8,51.0,22770.769
8072,上市,26.1,26.45,76.514
8081,上市,250.0,257.0,372.767
8101,上市,9.89,11.0,37.062
8103,上市,81.1,83.6,1654.196
8104,上市,30.85,30.3,233.254
8110,上市,42.85,43.45,2716.069
8112,上市,88.9,91.0,8972.08
8112A,上市,45.0,45.0,85.84
8114,上市,194.0,197.0,481.719
8131,上市,60.8,61.0,1544.509
8150,上市,85.7,87.3,18501.55
8162,上市,55.9,57.0,161.089
8163,上市,30.5,31.1,456.222
8201,上市,11.55,11.8,36.592
8210,上市,1005.0,985.0,2094.065
8213,上市,32.8,32.5,390.262
8215,上市,24.0,23.9,269.918
8222,上市,40.15,39.45,924.077
8249,上市,39.6,39.75,196.796
8261,上市,181.0,183.5,11749.118
8271,上市,218.0,219.5,2443.973
8341,上市,75.8,75.7,143.604
8367,上市,40.75,40.15,31.617
8374,上市,83.1,82.4,570.951
8404,上市,16.0,16.1,150.55
8411,上市,12.75,12.85,34.687
8422,上市,27.2,26.7,4460.715
8429,上市,6.0,5.99,98.588
8438,上市,65.8,66.5,169.523
8442,上市,44.3,44.4,33.035
8443,上市,11.4,11.45,13.203
8454,上市,258.0,258.5,314.966
8462,上市,173.0,174.0,119.475
8463,上市,21.05,21.2,38.094
8464,上市,371.0,369.0,278.438
8466,上市,15.55,15.5,30.112
8467,上市,98.8,98.5,9.071
8473,上市,45.35,45.0,374.213
8476,上市,20.15,19.9,225.092
8478,上市,139.0,138.0,150.54
8481,上市,40.8,40.2,15.2
8482,上市,48.35,47.9,5.102
8487,上市,71.3,71.0,4.506
8488,上市,9.82,9.87,27.0
8499,上市,267.0,269.0,11.447
8926,上市,56.0,55.8,3134.15
8940,上市,15.25,15.2,22.872
8996,上市,1105.0,1135.0,2003.4
9103,上市,5.2,5.17,664.878
910322,上市,27.25,27.15,278.1
9105,上市,8.33,8.45,12036.528
910861,上市,3.78,3.85,13.001
9110,上市,3.04,3.05,19.001
911608,上市,2.83,2.78,11.915
911622,上市,0.0,0.0,0.0
911868,上市,1.17,1.17,293.115
912000,上市,2.56,2.58,111.0
9136,上市,11.75,12.0,115.38
9802,上市,70.2,70.3,255.487
9902,上市,13.8,13.65,108.135
9904,上市,24.55,24.7,17298.721
9905,上市,21.35,21.3,109.12
9906,上市,38.65,38.8,36.936
9907,上市,14.8,15.05,3009.255
9908,上市,29.0,28.95,213.705
9910,上市,68.9,68.8,1448.912
9911,上市,82.2,82.1,227.626
9912,上市,12.9,12.8,53.345
9914,上市,80.8,88.6,6602.643
9917,上市,108.5,108.0,237.689
9918,上市,42.5,42.4,30.872
9919,上市,13.7,13.75,210.431
9921,上市,97.3,104.0,5510.403
9924,上市,38.3,38.15,295.197
9925,上市,40.0,39.95,645.441
9926,上市,48.6,48.55,21.296
9927,上市,68.5,68.6,88.693
9928,上市,18.4,18.6,30.941
9929,上市,11.15,10.85,23.152
9930,上市,62.8,63.3,76.876
9931,上市,33.65,33.8,23.313
9933,上市,41.5,41.2,1470.077
9934,上市,11.35,11.25,840.435
9935,上市,20.4,20.75,251.13
9937,上市,54.7,54.9,37.002
9938,上市,41.1,42.2,1245.913
9939,上市,128.5,130.0,1063.567
9940,上市,20.6,20.5,267.855
9941,上市,84.1,85.2,792.784
9941A,上市,50.9,51.1,8.5
9942,上市,113.5,114.0,55.899
9943,上市,50.7,50.7,66.79
9944,上市,17.5,17.4,38.653
9945,上市,29.5,29.8,7505.342
9946,上市,18.85,18.85,226.89
9955,上市,24.15,24.2,142.961
9958,上市,100.0,99.5,2358.541
006201,上櫃,42.1,42.18,206.311
00679B,上櫃,25.92,25.98,29205.894
00687B,上櫃,27.01,27.05,14899.703
00687C,上櫃,9.04,9.04,25.0
00694B,上櫃,41.99,41.98,240.983
00695B,上櫃,34.93,34.92,137.213
00696B,上櫃,27.91,27.99,1951.076
00697B,上櫃,35.66,35.51,321.375
00719B,上櫃,31.21,31.21,2011.623
00720B,上櫃,31.66,31.73,5077.753
00722B,上櫃,33.96,34.04,2473.242
00723B,上櫃,29.24,29.28,444.2
00724B,上櫃,32.83,32.79,5015.559
00725B,上櫃,33.8,33.85,2238.678
00726B,上櫃,32.36,32.37,242.518
00727B,上櫃,39.41,39.34,243.108
00734B,上櫃,15.5,15.46,201.0
00740B,上櫃,37.1,37.22,2466.19
00741B,上櫃,37.25,37.28,101.344
00746B,上櫃,34.44,34.42,128.03
00749B,上櫃,30.74,30.74,144.0
00750B,上櫃,31.62,31.59,101.0
00751B,上櫃,30.2,30.26,3986.92
00754B,上櫃,31.26,31.27,113.188
00755B,上櫃,31.41,31.43,110.137
00756B,上櫃,30.31,30.34,225.677
00758B,上櫃,49.85,49.85,100.058
00759B,上櫃,52.45,52.45,101.219
00760B,上櫃,52.2,52.55,108.922
00761B,上櫃,32.96,32.93,222.03
00764B,上櫃,26.95,26.96,3517.283
00768B,上櫃,47.82,47.87,487.849
00772B,上櫃,32.36,32.36,1771.873
00773B,上櫃,34.89,34.82,570.451
00777B,上櫃,31.01,31.08,116.292
00778B,上櫃,33.12,33.12,100.0
00779B,上櫃,27.02,27.24,354.0
00780B,上櫃,36.55,36.56,101.029
00781B,上櫃,27.01,27.07,185.05
00782B,上櫃,29.3,29.34,246.361
00785B,上櫃,33.98,34.0,51.061
00786B,上櫃,32.11,32.1,14.064
00787B,上櫃,31.74,31.67,2.0
00788B,上櫃,29.0,29.01,42.0
00789B,上櫃,45.67,45.75,103.027
00791B,上櫃,57.15,57.0,116.061
00792B,上櫃,30.65,30.63,115.337
00793B,上櫃,29.69,29.72,60.25
00795B,上櫃,25.82,25.81,3455.5
00799B,上櫃,28.4,28.39,429.551
00834B,上櫃,33.13,33.13,100.089
00836B,上櫃,27.67,27.67,2.055
00840B,上櫃,28.61,28.61,100.0
00841B,上櫃,27.22,27.22,100.368
00842B,上櫃,29.3,29.28,320.269
00844B,上櫃,30.46,30.35,190.1
00845B,上櫃,32.56,32.59,159.063
00846B,上櫃,35.3,35.42,101.292
00847B,上櫃,24.62,24.57,203.5
00848B,上櫃,33.41,33.5,220.031
00849B,上櫃,37.42,37.46,217.062
00853B,上櫃,26.53,26.68,1016.189
00856B,上櫃,37.65,37.78,30.556
00857B,上櫃,22.43,22.47,425.758
00858,上櫃,36.05,35.83,341.473
00859B,上櫃,41.36,41.16,2937.908
00860B,上櫃,38.09,38.04,125.227
00862B,上櫃,30.53,30.54,209.767
00863B,上櫃,30.69,30.69,200.001
00864B,上櫃,46.1,46.08,1053.429
00867B,上櫃,29.23,29.34,32.135
00870B,上櫃,27.34,27.34,1.095
00877,上櫃,38.89,37.21,5447.813
00884B,上櫃,28.64,28.64,200.001
00886,上櫃,46.38,46.15,2.6
00887,上櫃,17.06,16.63,10735.218
00888,上櫃,31.63,31.87,5371.113
00890B,上櫃,31.0,31.0,118.386
00928,上櫃,30.21,31.08,396.304
00931B,上櫃,12.96,13.0,2468.839
00933B,上櫃,15.6,15.6,7820.341
00937B,上櫃,14.23,14.24,39940.46
00942B,上櫃,13.64,13.68,178.974
00948B,上櫃,9.08,9.09,2462.964
00950B,上櫃,13.62,13.64,1698.243
00955,上櫃,15.03,14.95,5990.106
00957B,上櫃,12.87,12.9,276.407
00958B,上櫃,9.03,9.05,1687.518
00959B,上櫃,9.1,9.12,1139.772
00966B,上櫃,13.45,13.45,339.091
00967B,上櫃,8.91,8.94,158.076
00968B,上櫃,8.97,8.98,2083.667
00969B,上櫃,7.85,7.88,1028.258
00970B,上櫃,9.0,9.0,1015.822
009806,上櫃,13.67,13.65,90.555
009807,上櫃,16.89,16.86,45.413
00980B,上櫃,9.12,9.14,357.234
00980D,上櫃,20.08,20.11,204.128
00980T,上櫃,11.77,11.73,45.603
009814,上櫃,11.44,11.4,1424.452
009815,上櫃,11.39,11.36,2476.753
00981B,上櫃,9.26,9.25,19044.435
00981D,上櫃,10.37,10.34,2094.436
009822,上櫃,9.35,9.26,326.695
009823,上櫃,10.48,10.47,2291.94
009825,上櫃,10.07,9.97,261.631
00982B,上櫃,9.43,9.44,48.012
00983B,上櫃,15.09,15.12,131.008
00984B,上櫃,15.76,15.75,1538.769
00985D,上櫃,9.79,9.81,1039.624
00986B,上櫃,9.61,9.61,17.501
00986D,上櫃,14.45,14.44,274.944
00987B,上櫃,15.82,15.83,870.705
00988B,上櫃,19.63,19.61,2367.406
00989B,上櫃,10.1,10.1,2249.189
00990B,上櫃,10.0,9.99,2160.346
00998A,上櫃,18.05,18.04,2948.851
020001,上櫃,0.0,0.0,0.0
020025,上櫃,36.26,36.19,5.0
020033,上櫃,3.73,3.72,83.0
020035,上櫃,12.68,12.8,865.0
020040,上櫃,11.02,11.1,741.0
020041,上櫃,18.19,17.78,31.0
1240,上櫃,57.0,57.1,2.107
1259,上櫃,0.0,0.0,0.004
1264,上櫃,259.0,256.0,42.521
1268,上櫃,177.0,181.5,75.808
1294,上櫃,56.1,56.8,17.419
1295,上櫃,45.85,45.85,41.205
1336,上櫃,17.25,17.35,346.592
1565,上櫃,94.0,94.9,72.225
1569,上櫃,43.65,43.8,260.939
1570,上櫃,33.3,33.2,33.02
1580,上櫃,107.5,107.5,70.048
1584,上櫃,17.85,17.75,238.758
1586,上櫃,18.5,18.2,1118.632
1591,上櫃,35.05,35.4,140.145
1593,上櫃,31.5,31.8,4.461
1595,上櫃,61.6,62.0,123.795
1599,上櫃,23.0,23.25,24.082
1742,上櫃,17.7,18.0,129.026
1777,上櫃,73.5,74.1,6.234
1780,上櫃,24.1,24.8,65.65
1781,上櫃,0.0,0.0,0.008
1784,上櫃,59.4,60.1,42.174
1785,上櫃,97.8,101.0,8038.002
1788,上櫃,129.5,130.0,6.026
1796,上櫃,30.75,29.65,10.289
1799,上櫃,29.8,29.95,76.239
1813,上櫃,0.0,0.0,1.732
1815,上櫃,93.0,98.0,42898.775
2035,上櫃,26.9,27.15,17.036
2061,上櫃,47.5,48.85,1471.273
2063,上櫃,24.15,24.5,35.07
2064,上櫃,12.55,12.45,272.0
2065,上櫃,35.2,35.35,51.135
2066,上櫃,57.3,57.0,124.025
2067,上櫃,5.88,5.75,21.15
2070,上櫃,66.9,64.7,1298.87
2073,上櫃,0.0,0.0,0.085
2221,上櫃,53.7,52.6,267.67
2230,上櫃,25.6,24.3,61.691
2235,上櫃,26.65,27.6,6.02
2596,上櫃,32.9,33.25,64.12
2640,上櫃,155.0,154.5,18.479
2641,上櫃,17.85,18.35,6160.196
2643,上櫃,61.7,61.9,12.189
2718,上櫃,48.9,49.1,32.497
2719,上櫃,21.0,21.0,5.0
2724,上櫃,10.65,10.55,103.307
2726,上櫃,8.45,8.5,44.22
2729,上櫃,160.5,159.5,12.178
2732,上櫃,65.4,64.4,21.675
2734,上櫃,14.85,15.0,37.746
2736,上櫃,11.35,11.4,28.064
2740,上櫃,29.7,29.7,1.11
2743,上櫃,56.1,57.3,60.318
2745,上櫃,87.5,87.8,45.097
2751,上櫃,54.4,54.4,1.025
2752,上櫃,179.0,179.0,1.175
2754,上櫃,69.0,68.7,19.283
2755,上櫃,103.0,103.5,13.307
2756,上櫃,59.5,61.1,54.564
2916,上櫃,40.15,40.15,32.581
2924,上櫃,17.4,17.4,1.0
2926,上櫃,30.3,30.4,7.099
2937,上櫃,47.55,48.2,6.83
2941,上櫃,30.0,30.0,9.051
2947,上櫃,0.0,0.0,0.219
2948,上櫃,37.15,37.35,2.101
2949,上櫃,61.0,61.0,2.072
3064,上櫃,0.0,0.0,0.0
3066,上櫃,22.9,23.0,253.979
3067,上櫃,17.1,17.1,1.0
3071,上櫃,24.45,24.4,110.155
3073,上櫃,22.9,22.65,47.432
3078,上櫃,52.5,53.1,464.468
3081,上櫃,2750.0,2680.0,5486.735
3083,上櫃,23.0,23.35,55.0
3085,上櫃,11.5,11.95,5.222
3086,上櫃,26.15,26.35,128.795
3088,上櫃,126.0,126.5,632.573
3093,上櫃,47.05,48.2,502.68
3095,上櫃,36.15,36.7,7.557
3105,上櫃,353.5,363.5,17947.311
3114,上櫃,32.2,31.95,141.43
3115,上櫃,8.27,8.89,6.003
3118,上櫃,31.65,31.65,13.164
3122,上櫃,25.4,25.25,46.483
3128,上櫃,22.05,21.8,195.641
3131,上櫃,2465.0,2355.0,364.59
3141,上櫃,68.2,71.1,379.437
3147,上櫃,220.0,221.5,349.064
3152,上櫃,217.5,223.0,85.615
3158,上櫃,83.0,82.8,3.003
3162,上櫃,61.9,62.2,553.18
3163,上櫃,675.0,710.0,876.572
3169,上櫃,100.5,100.0,78.66
3171,上櫃,63.3,63.2,10.0
3176,上櫃,34.6,34.0,314.188
3178,上櫃,58.5,58.1,30.595
3188,上櫃,24.35,23.85,187.11
3191,上櫃,18.0,18.15,7.026
3205,上櫃,47.6,48.25,17.111
3206,上櫃,34.3,34.9,49.87
3207,上櫃,41.5,39.5,229.173
3211,上櫃,374.5,369.0,2999.585
3213,上櫃,130.5,132.5,204.468
3217,上櫃,134.5,136.0,338.343
3218,上櫃,132.5,136.0,150.896
3219,上櫃,68.8,69.2,248.7
3221,上櫃,45.0,47.85,1913.335
3224,上櫃,34.5,34.3,79.101
3226,上櫃,52.2,52.5,18.019
3227,上櫃,194.0,198.0,598.197
3228,上櫃,140.0,139.0,127.179
3230,上櫃,42.55,41.1,565.223
3232,上櫃,19.45,19.5,6.01
3234,上櫃,138.5,147.5,3425.365
3236,上櫃,42.0,46.65,7080.867
3252,上櫃,15.7,15.8,34.0
3259,上櫃,11.35,11.35,49.81
3260,上櫃,377.5,395.0,6354.257
3264,上櫃,205.0,206.5,2994.452
3265,上櫃,171.0,180.5,5818.5
3268,上櫃,18.0,18.4,25.194
3272,上櫃,13.9,14.1,51.008
3276,上櫃,14.2,14.45,52.071
3284,上櫃,20.75,20.6,108.186
3285,上櫃,36.25,36.65,42.006
3287,上櫃,38.3,38.0,665.47
3288,上櫃,22.85,22.25,46.607
3289,上櫃,131.5,135.0,432.728
3290,上櫃,50.6,50.9,430.306
3293,上櫃,742.0,749.0,2246.442
3294,上櫃,30.45,30.5,208.041
3297,上櫃,27.25,26.95,19.043
3303,上櫃,51.3,52.8,144.037
3306,上櫃,43.9,44.2,51.455
3310,上櫃,68.5,69.5,11.01
3313,上櫃,10.2,10.25,74.519
3317,上櫃,66.9,66.9,931.789
3322,上櫃,11.15,11.25,165.137
3323,上櫃,29.5,29.55,306.832
3324,上櫃,962.0,989.0,1541.613
3325,上櫃,11.1,11.3,92.808
3332,上櫃,61.0,62.0,3.015
3339,上櫃,38.0,37.65,695.761
3349,上櫃,22.5,23.5,111.258
3354,上櫃,20.4,20.15,64.724
3357,上櫃,207.0,218.5,2445.927
3360,上櫃,15.4,15.7,542.166
3362,上櫃,171.0,181.5,4041.176
3363,上櫃,569.0,584.0,2076.627
3372,上櫃,15.2,14.85,251.388
3373,上櫃,16.45,16.4,33.499
3374,上櫃,296.0,299.0,11900.457
3379,上櫃,29.35,29.1,131.746
3388,上櫃,98.0,93.3,8403.263
3390,上櫃,21.3,21.5,142.402
3402,上櫃,121.5,122.0,222.088
3430,上櫃,113.0,117.5,883.901
3434,上櫃,30.9,30.75,29.416
3438,上櫃,55.2,57.5,61.105
3441,上櫃,83.6,88.5,9647.53
3444,上櫃,75.0,76.2,238.627
3455,上櫃,245.0,247.0,3405.41
3465,上櫃,29.4,29.4,21.016
3466,上櫃,24.55,24.8,37.861
3467,上櫃,44.7,45.95,15.907
3479,上櫃,126.5,131.0,400.304
3483,上櫃,70.5,70.5,306.213
3484,上櫃,50.4,51.6,232.538
3485,上櫃,202.0,202.0,66.341
3489,上櫃,23.4,23.8,122.442
3490,上櫃,43.7,46.8,11938.829
3491,上櫃,1215.0,1225.0,874.196
3492,上櫃,19.9,20.05,128.681
3498,上櫃,170.0,190.5,3131.55
3499,上櫃,12.75,12.75,38.982
3508,上櫃,22.0,22.75,1077.03
3511,上櫃,19.5,19.35,187.215
3512,上櫃,19.55,19.7,30.145
3516,上櫃,25.25,25.35,7.125
3520,上櫃,18.3,18.25,340.223
3521,上櫃,12.2,12.1,37.95
3522,上櫃,11.5,11.65,46.085
3523,上櫃,15.15,15.05,7.681
3526,上櫃,280.0,283.5,244.859
3527,上櫃,50.9,51.0,63.388
3529,上櫃,2300.0,2260.0,1117.108
3531,上櫃,21.8,21.8,1.004
3537,上櫃,52.5,56.3,1212.155
3540,上櫃,20.25,20.15,153.215
3541,上櫃,21.8,21.75,7.51
3546,上櫃,70.3,71.8,117.211
3548,上櫃,72.4,74.5,143.91
3551,上櫃,170.0,173.5,183.383
3552,上櫃,45.1,45.75,226.449
3555,上櫃,160.5,160.0,74.863
3556,上櫃,61.8,61.7,157.367
3558,上櫃,125.0,123.5,78.265
3564,上櫃,44.6,46.1,78.352
3567,上櫃,25.1,25.3,35.176
3570,上櫃,162.5,162.5,8.594
3577,上櫃,122.5,119.5,474.237
3580,上櫃,78.3,77.8,181.17
3581,上櫃,104.5,105.5,296.01
3587,上櫃,238.0,251.5,641.395
3594,上櫃,49.7,50.8,580.387
3597,上櫃,26.7,26.6,11.024
3609,上櫃,24.2,24.0,120.0
3611,上櫃,186.5,188.0,14.466
3615,上櫃,35.35,36.0,373.364
3623,上櫃,21.15,21.55,34.296
3624,上櫃,82.5,89.7,10534.474
3625,上櫃,12.6,12.6,202.012
3628,上櫃,68.5,68.9,49.443
3629,上櫃,14.35,13.85,5.0
3630,上櫃,25.4,25.15,360.125
3631,上櫃,38.8,41.25,652.384
3632,上櫃,7.21,7.19,23.095
3646,上櫃,23.3,23.0,29.476
3663,上櫃,62.0,61.0,256.377
3664,上櫃,6.07,6.0,8.051
3666,上櫃,25.0,25.0,1.05
3672,上櫃,12.8,12.8,18.501
3675,上櫃,271.5,276.5,2046.493
3680,上櫃,465.0,461.0,1064.114
3684,上櫃,0.0,0.0,0.278
3685,上櫃,37.7,36.6,377.465
3687,上櫃,65.8,65.2,37.789
3689,上櫃,105.0,106.5,622.553
3691,上櫃,100.0,101.5,281.504
3693,上櫃,509.0,508.0,636.455
3707,上櫃,61.4,61.4,2997.907
3709,上櫃,67.7,68.0,296.391
3710,上櫃,5.26,5.25,96.264
3713,上櫃,14.9,14.8,7.202
4102,上櫃,18.8,18.9,18.875
4105,上櫃,76.0,77.0,313.391
4107,上櫃,113.5,114.0,37.652
4109,上櫃,11.25,11.25,115.542
4111,上櫃,29.8,30.1,217.604
4113,上櫃,14.85,14.85,385.24
4114,上櫃,29.95,30.25,1162.362
4116,上櫃,39.15,39.2,11.095
4120,上櫃,47.0,47.3,17.735
4121,上櫃,13.0,13.05,30.16
4123,上櫃,31.9,32.4,1864.339
4126,上櫃,77.7,77.5,28.129
4127,上櫃,91.0,88.8,285.956
4128,上櫃,15.05,15.0,925.744
4129,上櫃,86.0,87.0,198.661
4131,上櫃,31.95,32.3,3.388
4138,上櫃,50.9,51.0,8.716
4139,上櫃,37.0,37.0,2.002
4147,上櫃,62.9,62.4,443.226
4153,上櫃,32.55,33.0,6.01
4154,上櫃,0.0,0.0,0.0
4157,上櫃,8.69,8.77,265.782
4160,上櫃,39.4,39.3,6.111
4161,上櫃,22.8,22.7,15.666
4162,上櫃,59.0,58.2,241.494
4163,上櫃,143.5,145.5,44.355
4166,上櫃,23.95,24.0,160.0
4167,上櫃,19.45,19.85,1040.064
4168,上櫃,22.3,22.5,100.679
4171,上櫃,16.8,17.15,73.865
4173,上櫃,17.3,17.35,41.32
4174,上櫃,25.8,25.6,122.976
4175,上櫃,50.3,50.4,8.676
4183,上櫃,14.5,14.1,11.0
4188,上櫃,10.15,10.1,13.0
4192,上櫃,0.0,0.0,0.547
4198,上櫃,0.0,0.0,0.0
4205,上櫃,69.0,69.0,37.4
4207,上櫃,20.65,20.6,214.46
4303,上櫃,47.55,48.4,510.377
4304,上櫃,21.3,21.3,47.074
4305,上櫃,43.5,43.5,1.049
4401,上櫃,14.1,14.0,12.052
4402,上櫃,15.75,15.75,4.123
4406,上櫃,10.05,10.0,13.001
4413,上櫃,19.55,19.6,21.233
4416,上櫃,12.4,12.35,3368.781
4417,上櫃,47.1,47.1,18.247
4419,上櫃,46.3,46.25,2.805
4420,上櫃,36.0,36.25,14.456
4430,上櫃,17.5,18.95,307.88
4432,上櫃,15.9,15.6,42.0
4433,上櫃,19.25,19.2,47.961
4442,上櫃,51.2,51.5,44.005
4502,上櫃,15.65,15.7,2.222
4503,上櫃,23.9,24.25,319.33
4506,上櫃,123.0,122.0,54.189
4510,上櫃,44.7,46.15,2313.374
4513,上櫃,16.95,16.45,618.927
4523,上櫃,24.0,24.1,42.312
4527,上櫃,40.85,40.9,7.001
4528,上櫃,15.1,15.05,10.28
4529,上櫃,3.42,3.25,35.08
4530,上櫃,26.1,26.8,26.004
4533,上櫃,26.1,25.9,798.797
4534,上櫃,30.0,30.1,586.444
4535,上櫃,28.35,28.45,3.0
4538,上櫃,17.3,17.25,11.039
4541,上櫃,69.8,67.6,3827.603
4542,上櫃,243.0,254.0,447.185
4543,上櫃,31.0,32.05,61.511
4549,上櫃,100.5,100.0,59.457
4550,上櫃,24.35,24.35,84.0
4554,上櫃,32.2,31.8,29.413
4556,上櫃,76.1,76.5,333.258
4558,上櫃,17.0,16.75,32.05
4561,上櫃,48.7,47.3,1943.15
4563,上櫃,39.75,39.45,81.474
4568,上櫃,39.2,39.4,6.0
4577,上櫃,75.8,76.4,281.891
4580,上櫃,78.9,78.8,52.433
4584,上櫃,39.8,39.0,4.002
4609,上櫃,4.92,4.57,4.001
4702,上櫃,9.51,9.77,119.927
4706,上櫃,32.5,32.5,1.01
4707,上櫃,32.0,31.4,3067.054
4711,上櫃,16.75,16.7,30.99
4714,上櫃,10.5,10.45,444.219
4716,上櫃,17.0,16.85,439.934
4721,上櫃,72.6,73.1,315.855
4726,上櫃,24.05,24.3,113.364
4728,上櫃,395.5,395.5,1.289
4729,上櫃,18.6,18.9,76.865
4735,上櫃,36.15,39.75,304.668
4741,上櫃,42.35,41.55,43.339
4743,上櫃,47.0,47.35,1024.655
4744,上櫃,28.7,28.0,40.091
4745,上櫃,11.8,11.7,48.386
4747,上櫃,53.1,56.5,159.403
4749,上櫃,744.0,759.0,378.339
4754,上櫃,38.2,38.1,38.004
4760,上櫃,246.5,250.0,555.545
4767,上櫃,27.45,27.5,12.0
4768,上櫃,295.0,298.0,162.032
4772,上櫃,245.0,247.5,488.734
4806,上櫃,8.95,8.95,1.405
4903,上櫃,34.5,34.55,417.675
4905,上櫃,86.1,90.2,198.305
4907,上櫃,47.5,47.05,40.021
4908,上櫃,143.5,152.5,908.943
4909,上櫃,38.0,37.1,449.611
4911,上櫃,28.5,27.75,32.703
4923,上櫃,50.3,53.4,648.157
4924,上櫃,9.84,9.55,21.14
4931,上櫃,252.0,268.0,2096.69
4933,上櫃,52.9,53.0,40.371
4939,上櫃,60.2,60.5,7968.112
4946,上櫃,85.5,89.7,56.141
4950,上櫃,16.75,16.05,21.551
4951,上櫃,76.0,76.5,246.186
4953,上櫃,120.5,123.0,179.09
4966,上櫃,560.0,582.0,1624.063
4971,上櫃,524.0,528.0,4333.825
4972,上櫃,16.5,16.5,12.132
4973,上櫃,145.0,150.5,935.906
4974,上櫃,68.5,68.2,82.784
4979,上櫃,495.0,529.0,1349.596
4991,上櫃,461.5,486.5,982.599
4995,上櫃,49.1,49.1,1.752
5009,上櫃,32.8,33.2,1098.489
5011,上櫃,17.7,17.3,131.483
5013,上櫃,27.4,26.3,97.901
5014,上櫃,10.1,10.1,152.584
5015,上櫃,21.6,21.55,5.205
5016,上櫃,24.5,24.7,16.505
5201,上櫃,25.95,27.2,49.117
5202,上櫃,11.75,11.8,142.681
5205,上櫃,20.65,20.65,6.19
5206,上櫃,23.0,23.0,52.498
5209,上櫃,160.0,161.5,24.415
5210,上櫃,29.0,28.65,78.266
5211,上櫃,19.1,19.2,16.882
5212,上櫃,0.0,0.0,0.127
5213,上櫃,21.1,21.1,272.7
5220,上櫃,19.5,20.0,16.0
5223,上櫃,23.65,23.6,12.002
5227,上櫃,32.4,31.5,643.452
5228,上櫃,41.0,42.55,337.365
5230,上櫃,17.35,17.55,78.353
5245,上櫃,0.0,0.0,0.051
5251,上櫃,24.8,24.9,16.769
5263,上櫃,88.5,88.0,124.917
5272,上櫃,17.1,17.25,40.064
5274,上櫃,16250.0,15830.0,471.821
5276,上櫃,19.5,19.65,13.001
5278,上櫃,24.15,24.3,67.002
5287,上櫃,153.0,153.5,41.785
5289,上櫃,1400.0,1515.0,2236.174
5291,上櫃,54.0,55.0,604.467
5299,上櫃,99.5,99.6,658.09
5301,上櫃,5.51,5.5,19.27
5302,上櫃,10.6,10.3,324.161
5309,上櫃,51.2,52.7,1469.472
5310,上櫃,25.3,25.5,11.645
5312,上櫃,90.1,90.6,65.393
5314,上櫃,21.5,21.5,11029.477
5315,上櫃,19.0,19.05,190.587
5321,上櫃,71.5,71.0,773.645
5324,上櫃,12.15,12.3,406.71
5328,上櫃,60.4,63.1,12712.208
5340,上櫃,74.9,75.8,1276.324
5344,上櫃,13.55,13.65,2.0
5345,上櫃,21.0,21.45,17.837
5347,上櫃,149.0,151.5,20960.649
5348,上櫃,16.95,16.75,4.0
5351,上櫃,117.0,126.5,33997.97
5353,上櫃,27.9,27.9,21.0
5355,上櫃,5.35,5.65,34.012
5356,上櫃,26.05,25.95,38.071
5364,上櫃,8.55,8.51,22.498
5371,上櫃,88.5,84.3,7932.239
5381,上櫃,24.05,23.7,280.375
5386,上櫃,224.0,230.5,884.217
5392,上櫃,45.3,45.3,3312.897
5398,上櫃,14.0,14.2,86.02
5403,上櫃,91.7,92.1,17.485
5410,上櫃,35.6,35.8,147.196
5425,上櫃,90.2,91.8,44297.157
5426,上櫃,26.8,27.2,310.805
5432,上櫃,143.0,149.0,335.552
5438,上櫃,16.8,16.95,58.546
5439,上櫃,236.0,234.5,1383.381
5443,上櫃,105.0,104.5,950.024
5450,上櫃,15.4,15.15,175.756
5452,上櫃,26.5,26.7,282.903
5455,上櫃,29.6,29.6,3.0
5457,上櫃,26.8,26.75,314.51
5460,上櫃,15.7,16.0,37.856
5464,上櫃,71.2,70.7,302.411
5465,上櫃,23.95,24.25,85.146
5468,上櫃,29.2,27.9,422.655
5474,上櫃,163.0,159.5,613.88
5475,上櫃,172.5,180.0,2523.432
5478,上櫃,98.6,98.8,86.393
5481,上櫃,18.95,19.35,421.361
5483,上櫃,179.0,176.5,18277.092
5487,上櫃,29.2,29.1,75.158
5488,上櫃,12.1,12.35,357.802
5489,上櫃,42.0,41.3,105.11
5490,上櫃,30.0,29.8,579.367
5493,上櫃,78.5,78.4,33.451
5498,上櫃,48.4,49.2,1200.463
5508,上櫃,52.1,52.2,206.437
5511,上櫃,70.0,71.0,146.292
5512,上櫃,7.84,7.79,199.399
5514,上櫃,14.4,14.6,26.606
5516,上櫃,11.6,11.7,54.469
5520,上櫃,0.0,0.0,0.0
5523,上櫃,0.0,0.0,0.0
5529,上櫃,20.9,20.95,30.091
5530,上櫃,49.0,49.9,313.623
5536,上櫃,880.0,873.0,2307.204
5543,上櫃,25.3,24.05,4.5
5547,上櫃,19.9,19.95,8.0
5548,上櫃,20.55,20.55,4.375
5601,上櫃,30.25,30.25,11.01
5603,上櫃,14.35,14.4,85.473
5604,上櫃,30.8,30.6,6.282
5609,上櫃,77.4,77.3,198.006
5701,上櫃,4.02,4.19,49.875
5703,上櫃,14.55,14.95,4.161
5704,上櫃,22.0,22.4,167.447
5864,上櫃,32.95,32.7,2522.984
5878,上櫃,38.6,38.6,1.02
5902,上櫃,34.55,34.4,6.287
5903,上櫃,184.0,185.0,21.196
5904,上櫃,78.3,78.0,22385.359
5905,上櫃,7.89,7.9,231.536
6015,上櫃,15.5,15.45,1011.334
6016,上櫃,19.2,19.15,1438.415
6020,上櫃,20.5,20.35,8.001
6021,上櫃,36.7,35.9,38.158
6023,上櫃,83.3,83.5,299.566
6026,上櫃,14.4,14.5,600.489
6028,上櫃,98.3,99.5,20.564
6101,上櫃,38.45,38.0,349.2
6103,上櫃,0.0,0.0,0.0
6104,上櫃,90.4,92.5,428.127
6109,上櫃,10.8,11.1,48.519
6111,上櫃,36.0,35.7,237.621
6113,上櫃,23.0,23.15,104.745
6114,上櫃,25.75,24.5,293.309
6118,上櫃,15.1,15.3,105.07
6121,上櫃,397.0,401.5,819.073
6122,上櫃,48.0,47.3,169.706
6123,上櫃,42.8,42.85,13.37
6124,上櫃,27.0,27.0,3.529
6125,上櫃,50.5,51.9,4624.277
6126,上櫃,29.55,29.45,441.05
6127,上櫃,46.9,49.7,4158.669
6129,上櫃,13.65,13.7,188.29
6130,上櫃,28.05,28.4,40.343
6134,上櫃,27.7,27.75,118.545
6138,上櫃,277.5,297.0,1183.709
6140,上櫃,16.0,16.3,64.754
6143,上櫃,89.0,89.3,266.406
6144,上櫃,13.5,13.5,1.054
6146,上櫃,194.0,195.5,282.191
6147,上櫃,157.0,161.5,17263.524
6148,上櫃,27.5,27.6,73.205
6150,上櫃,58.8,59.0,64.898
6151,上櫃,36.95,36.0,156.593
6154,上櫃,13.75,13.95,19.513
6156,上櫃,20.7,21.05,366.88
6158,上櫃,16.4,16.6,21.106
6160,上櫃,13.85,13.95,30.099
6161,上櫃,49.95,50.4,38.938
6163,上櫃,41.7,41.6,975.155
6167,上櫃,10.5,10.65,176.969
6169,上櫃,12.6,12.6,5.1
6170,上櫃,47.9,47.55,150.856
6171,上櫃,23.65,23.25,24.052
6173,上櫃,190.0,213.5,9948.745
6174,上櫃,41.3,44.75,806.098
6175,上櫃,74.0,75.7,971.593
6179,上櫃,26.6,26.85,786.735
6180,上櫃,41.1,40.85,170.771
6182,上櫃,114.0,110.0,76371.211
6185,上櫃,13.2,13.2,113.076
6186,上櫃,33.05,32.7,800.443
6187,上櫃,1210.0,1305.0,4863.908
6188,上櫃,69.2,69.1,738.714
6190,上櫃,65.1,65.0,748.73
6194,上櫃,29.6,29.4,55.726
6195,上櫃,0.0,0.0,0.437
6198,上櫃,19.9,19.35,64.079
6199,上櫃,95.0,95.9,1509.277
6203,上櫃,59.8,60.3,57.441
6204,上櫃,76.8,83.5,336.77
6207,上櫃,99.3,102.0,2995.323
6208,上櫃,80.9,81.5,180.671
6210,上櫃,16.9,17.1,4.53
6212,上櫃,0.0,0.0,0.0
6217,上櫃,147.5,153.0,2843.653
6218,上櫃,37.1,38.55,1447.088
6219,上櫃,12.3,12.1,68.028
6220,上櫃,25.2,25.55,101.37
6221,上櫃,22.05,22.3,18.997
6222,上櫃,0.0,0.0,0.0
6223,上櫃,5000.0,5255.0,1187.417
6227,上櫃,118.0,117.0,347.313
6228,上櫃,17.4,17.3,2.102
6229,上櫃,24.35,23.85,50.013
6231,上櫃,220.5,213.5,211.239
6233,上櫃,20.7,21.2,112.189
6234,上櫃,35.6,35.3,200.655
6236,上櫃,0.0,0.0,0.018
6237,上櫃,32.8,33.25,111.118
6240,上櫃,20.85,20.75,35.144
6242,上櫃,34.0,34.1,8.0
6244,上櫃,24.65,25.15,1438.32
6245,上櫃,81.2,83.4,585.035
6246,上櫃,12.1,12.2,79.38
6248,上櫃,18.2,18.1,32.927
6259,上櫃,29.8,30.6,393.31
6261,上櫃,76.6,76.2,383.095
6263,上櫃,160.0,161.5,73.183
6264,上櫃,6.0,6.02,4.0
6265,上櫃,57.5,59.2,6213.3
6266,上櫃,24.7,25.0,108.886
6270,上櫃,29.7,29.9,122.514
6274,上櫃,1455.0,1500.0,5742.661
6275,上櫃,44.2,45.15,872.823
6276,上櫃,19.7,19.0,16.282
6279,上櫃,126.0,128.0,396.009
6284,上櫃,74.4,79.1,1516.401
6290,上櫃,205.0,223.5,4618.236
6291,上櫃,360.5,376.0,494.7
6292,上櫃,61.7,62.2,156.21
6294,上櫃,28.65,28.7,36.347
6411,上櫃,78.0,78.1,434.699
6417,上櫃,109.0,107.0,61.224
6418,上櫃,32.6,32.25,36.539
6419,上櫃,161.5,161.5,432.212
6423,上櫃,75.4,78.9,42.033
6425,上櫃,56.9,57.8,194.093
6432,上櫃,66.2,67.7,573.161
6435,上櫃,251.0,257.0,927.5
6441,上櫃,21.85,21.55,35.652
6461,上櫃,15.8,15.9,40.38
6462,上櫃,97.5,97.0,376.868
6465,上櫃,46.8,46.1,99.083
6469,上櫃,67.9,67.9,464.86
6470,上櫃,41.05,41.55,24.495
6474,上櫃,39.75,39.8,128.572
6482,上櫃,28.6,28.5,7.187
6485,上櫃,58.0,61.0,257.682
6486,上櫃,73.7,74.2,64.261
6488,上櫃,1010.0,983.0,11169.571
6492,上櫃,37.55,37.55,136.756
6494,上櫃,54.7,55.4,229.41
6496,上櫃,24.1,25.0,20.066
6498,上櫃,73.7,73.9,67.788
6499,上櫃,61.5,61.6,104.391
6506,上櫃,17.35,17.15,90.206
6508,上櫃,26.0,25.75,9.528
6509,上櫃,45.6,45.85,434.896
6510,上櫃,2665.0,2660.0,415.629
6512,上櫃,20.3,19.95,2.539
6516,上櫃,58.8,58.5,57.894
6517,上櫃,68.3,66.6,1795.341
6523,上櫃,90.0,89.8,29.678
6527,上櫃,74.7,74.7,10.078
6530,上櫃,78.5,79.9,466.58
6532,上櫃,82.3,87.8,1052.154
6535,上櫃,83.1,81.0,377.563
6538,上櫃,186.0,191.5,2381.155
6542,上櫃,45.35,45.7,2.697
6546,上櫃,61.3,62.0,139.387
6547,上櫃,52.2,51.7,2833.973
6548,上櫃,70.2,71.1,2231.306
6556,上櫃,58.3,58.5,12.024
6560,上櫃,30.5,31.0,13.171
6561,上櫃,318.5,320.0,34.01
6568,上櫃,125.5,125.5,82.518
6569,上櫃,92.0,92.9,81.858
6570,上櫃,54.1,55.1,71.041
6574,上櫃,122.5,122.5,23.713
6576,上櫃,79.4,79.2,41.286
6577,上櫃,80.5,80.7,37.902
6578,上櫃,17.9,18.0,12.001
6584,上櫃,586.0,600.0,718.419
6588,上櫃,92.7,95.0,1922.086
6590,上櫃,65.0,65.5,4.398
6593,上櫃,32.75,32.65,27.12
6596,上櫃,95.0,93.5,198.58
6597,上櫃,67.2,73.0,63.25
6603,上櫃,27.1,27.1,1715.088
6609,上櫃,38.6,39.0,90.767
6612,上櫃,72.4,73.3,34.512
6613,上櫃,253.0,251.0,204.858
6615,上櫃,33.7,33.65,2.191
6616,上櫃,8.56,8.55,7.015
6617,上櫃,97.0,95.2,255.613
6620,上櫃,76.5,74.8,290.861
6624,上櫃,42.25,42.25,1.0
6629,上櫃,112.0,111.5,8.012
6637,上櫃,61.0,61.2,75.678
6640,上櫃,1015.0,966.0,299.462
6642,上櫃,78.0,79.1,200.98
6643,上櫃,396.5,409.5,239.26
6649,上櫃,34.75,35.1,40.0
6651,上櫃,135.5,138.0,206.814
6654,上櫃,162.5,167.5,14.81
6661,上櫃,17.25,17.0,3.1
6662,上櫃,0.0,0.0,0.725
6664,上櫃,323.5,333.5,144.991
6667,上櫃,220.0,224.0,83.551
6679,上櫃,196.0,199.5,153.775
6680,上櫃,51.5,51.5,3.05
6683,上櫃,1200.0,1190.0,464.083
6684,上櫃,46.5,46.1,47.599
6690,上櫃,162.5,162.5,12.817
6692,上櫃,24.65,24.5,36.16
6693,上櫃,168.0,174.0,1154.095
6697,上櫃,40.2,40.6,7.416
6703,上櫃,102.0,103.5,23.876
6708,上櫃,38.15,39.75,5.086
6712,上櫃,145.5,146.5,107.895
6716,上櫃,134.0,136.5,422.178
6720,上櫃,136.0,137.5,14.499
6721,上櫃,51.4,51.4,1.147
6725,上櫃,230.0,228.0,100.152
6727,上櫃,414.0,443.5,1255.052
6728,上櫃,106.5,105.5,9.392
6730,上櫃,33.0,32.9,14.001
6732,上櫃,149.0,150.5,140.615
6733,上櫃,25.3,25.3,55.908
6735,上櫃,62.2,61.2,66.514
6739,上櫃,954.0,978.0,93.747
6741,上櫃,54.3,54.2,128.167
6751,上櫃,41.3,41.3,3.045
6752,上櫃,100.5,101.0,32.566
6761,上櫃,177.0,182.0,328.817
6762,上櫃,0.0,0.0,0.061
6763,上櫃,41.95,41.9,99.78
6767,上櫃,25.5,25.3,3.0
6785,上櫃,99.2,98.3,46.34
6788,上櫃,349.5,350.0,169.928
6791,上櫃,98.9,99.1,7.031
6803,上櫃,268.0,268.0,34.66
6804,上櫃,18.55,18.95,97.865
6811,上櫃,222.0,225.5,113.245
6821,上櫃,41.15,41.6,93.571
6823,上櫃,62.0,61.6,55.368
6829,上櫃,216.0,213.5,718.635
6840,上櫃,81.5,82.4,233.401
6841,上櫃,52.5,52.5,183.276
6843,上櫃,38.85,39.1,6.0
6844,上櫃,61.0,60.0,16.026
6846,上櫃,57.9,57.4,9.322
6855,上櫃,116.0,116.0,4.053
6856,上櫃,42.95,44.2,3.1
6859,上櫃,105.5,113.5,118.402
6865,上櫃,0.0,0.0,0.0
6870,上櫃,248.5,261.5,30.278
6872,上櫃,15.25,15.05,10.0
6874,上櫃,77.9,78.6,21.171
6875,上櫃,33.0,32.6,28.12
6877,上櫃,114.5,120.0,29.032
6881,上櫃,204.0,206.0,9.583
6884,上櫃,30.5,30.5,5.001
6894,上櫃,320.5,330.5,25.384
6895,上櫃,126.5,120.0,34.407
6899,上櫃,50.3,50.2,6.111
6903,上櫃,317.5,316.5,403.061
6904,上櫃,0.0,0.0,0.0
6907,上櫃,186.0,192.5,8889.739
6910,上櫃,24.45,24.2,13.014
6913,上櫃,143.0,140.5,408.845
6922,上櫃,195.0,200.5,427.338
6925,上櫃,49.5,50.2,16.092
6929,上櫃,22.45,22.4,10.022
6945,上櫃,101.0,99.5,149.498
6953,上櫃,229.0,230.0,45.12
6961,上櫃,51.0,50.8,9.501
6967,上櫃,71.8,75.6,118.961
6968,上櫃,44.2,43.45,21.425
6971,上櫃,25.9,25.9,38.5
6982,上櫃,48.0,48.3,7.505
6983,上櫃,299.0,299.5,46.29
6986,上櫃,42.95,42.9,24.11
6996,上櫃,179.0,177.5,25.868
6997,上櫃,68.9,68.9,1.0
700019,上櫃,0.0,0.0,0.0
700020,上櫃,0.0,0.0,0.0
700021,上櫃,0.0,0.0,0.0
700022,上櫃,2.7,2.93,91.0
700023,上櫃,0.06,0.06,10.0
700024,上櫃,0.23,0.23,226.0
700025,上櫃,0.0,0.0,0.0
700028,上櫃,0.0,0.0,0.0
700043,上櫃,0.0,0.0,0.0
700047,上櫃,0.06,0.06,3.0
700065,上櫃,0.01,0.01,10.0
700074,上櫃,0.0,0.0,0.0
700079,上櫃,0.0,0.0,0.0
700086,上櫃,0.0,0.0,0.0
700103,上櫃,0.0,0.0,0.0
700113,上櫃,0.46,0.52,5.0
700126,上櫃,8.5,8.5,1.0
700155,上櫃,0.03,0.03,4.0
700173,上櫃,0.0,0.0,0.0
700176,上櫃,0.0,0.0,0.0
700185,上櫃,0.0,0.0,0.0
700186,上櫃,0.18,0.18,5.0
700188,上櫃,1.2,1.2,10.0
700189,上櫃,0.0,0.0,0.0
700190,上櫃,3.52,3.99,3.0
700191,上櫃,0.0,0.0,0.0
700192,上櫃,0.4,0.43,733.0
700193,上櫃,0.0,0.0,0.0
700194,上櫃,0.0,0.0,0.0
700195,上櫃,0.0,0.0,0.0
700196,上櫃,0.0,0.0,0.0
700197,上櫃,0.0,0.0,0.0
700198,上櫃,0.0,0.0,0.0
700199,上櫃,0.0,0.0,0.0
700201,上櫃,3.52,3.52,3.0
700202,上櫃,0.0,0.0,0.0
700203,上櫃,0.13,0.14,70.0
700204,上櫃,0.19,0.19,10.0
700205,上櫃,0.42,0.43,61.0
700206,上櫃,0.0,0.0,0.0
700207,上櫃,0.47,0.49,352.0
700208,上櫃,0.0,0.0,0.0
700228,上櫃,0.0,0.0,0.0
700231,上櫃,0.0,0.0,0.0
700243,上櫃,0.0,0.0,0.0
700257,上櫃,0.0,0.0,0.0
700258,上櫃,0.0,0.0,0.0
700259,上櫃,0.0,0.0,0.0
700260,上櫃,0.0,0.0,0.0
700261,上櫃,4.88,5.35,13.0
700262,上櫃,0.0,0.0,0.0
700263,上櫃,3.38,3.28,30.0
700264,上櫃,0.0,0.0,0.0
700267,上櫃,0.87,0.87,40.0
700269,上櫃,0.0,0.0,0.0
700270,上櫃,0.0,0.0,0.0
700271,上櫃,0.0,0.0,0.0
700272,上櫃,0.0,0.0,0.0
700273,上櫃,0.0,0.0,0.0
700274,上櫃,0.0,0.0,0.0
700275,上櫃,0.0,0.0,0.0
700276,上櫃,0.0,0.0,0.0
700277,上櫃,0.0,0.0,0.0
700279,上櫃,0.0,0.0,0.0
700300,上櫃,0.0,0.0,0.0
700330,上櫃,0.0,0.0,0.0
700342,上櫃,0.0,0.0,0.0
700343,上櫃,0.25,0.25,5.0
700344,上櫃,0.0,0.0,0.0
700345,上櫃,0.0,0.0,0.0
700346,上櫃,0.0,0.0,0.0
700347,上櫃,0.0,0.0,0.0
700348,上櫃,0.0,0.0,0.0
700350,上櫃,0.0,0.0,0.0
700351,上櫃,0.0,0.0,0.0
700352,上櫃,0.0,0.0,0.0
700353,上櫃,0.0,0.0,0.0
700354,上櫃,0.46,0.46,174.0
700355,上櫃,0.0,0.0,0.0
700356,上櫃,0.0,0.0,0.0
700357,上櫃,0.33,0.34,50.0
700358,上櫃,0.3,0.29,30.0
700359,上櫃,0.0,0.0,0.0
700360,上櫃,1.0,1.0,1.0
700385,上櫃,0.03,0.03,20.0
700402,上櫃,0.0,0.0,0.0
700410,上櫃,0.0,0.0,0.0
700412,上櫃,0.0,0.0,0.0
700413,上櫃,0.0,0.0,0.0
700414,上櫃,0.0,0.0,0.0
700415,上櫃,0.69,0.69,998.0
700416,上櫃,0.0,0.0,0.0
700417,上櫃,0.41,0.41,416.0
700419,上櫃,0.0,0.0,0.0
700451,上櫃,1.94,1.94,2.0
700469,上櫃,0.0,0.0,0.0
700482,上櫃,0.0,0.0,0.0
700522,上櫃,0.0,0.0,0.0
700542,上櫃,0.0,0.0,0.0
700571,上櫃,0.0,0.0,0.0
700580,上櫃,16.1,16.1,1.0
700582,上櫃,0.0,0.0,0.0
700594,上櫃,0.0,0.0,0.0
700595,上櫃,0.0,0.0,0.0
700607,上櫃,0.0,0.0,0.0
700608,上櫃,0.0,0.0,0.0
700638,上櫃,0.0,0.0,0.0
700670,上櫃,0.19,0.19,10.0
700671,上櫃,0.05,0.05,20.0
700672,上櫃,0.0,0.0,0.0
700673,上櫃,4.19,4.29,38.0
700674,上櫃,0.0,0.0,0.0
700675,上櫃,0.06,0.06,43.0
700676,上櫃,0.16,0.16,10.0
700677,上櫃,0.0,0.0,0.0
700678,上櫃,0.0,0.0,0.0
700679,上櫃,0.0,0.0,0.0
700681,上櫃,0.38,0.38,5.0
700682,上櫃,0.0,0.0,0.0
700683,上櫃,3.24,3.24,2.0
700684,上櫃,3.81,3.69,12.0
700685,上櫃,0.83,0.86,25.0
700686,上櫃,0.0,0.0,0.0
700687,上櫃,0.42,0.42,52.0
700688,上櫃,2.25,2.2,236.0
700689,上櫃,0.0,0.0,0.0
700706,上櫃,0.0,0.0,0.0
700708,上櫃,0.3,0.3,20.0
700709,上櫃,0.0,0.0,0.0
700710,上櫃,0.0,0.0,0.0
700711,上櫃,0.0,0.0,0.0
700712,上櫃,0.4,0.39,97.0
700717,上櫃,0.0,0.0,0.0
700737,上櫃,0.04,0.03,720.0
700742,上櫃,0.0,0.0,0.0
700746,上櫃,0.0,0.0,0.0
700754,上櫃,1.13,1.13,5.0
700755,上櫃,6.35,6.35,1.0
700756,上櫃,2.32,2.34,54.0
700757,上櫃,4.0,3.9,3.0
700758,上櫃,0.0,0.0,0.0
700786,上櫃,0.0,0.0,0.0
700810,上櫃,0.1,0.1,10.0
700811,上櫃,2.44,2.44,2.0
700812,上櫃,0.0,0.0,0.0
700827,上櫃,0.0,0.0,0.0
700828,上櫃,0.0,0.0,0.0
700830,上櫃,0.0,0.0,0.0
700843,上櫃,0.0,0.0,0.0
700844,上櫃,0.0,0.0,0.0
700845,上櫃,0.0,0.0,0.0
700850,上櫃,0.0,0.0,0.0
700857,上櫃,1.28,1.31,39.0
700875,上櫃,1.1,1.35,71.0
700898,上櫃,0.07,0.08,332.0
700899,上櫃,0.5,0.38,761.0
700900,上櫃,0.47,0.47,168.0
700901,上櫃,0.0,0.0,0.0
700902,上櫃,1.45,1.43,4.0
700904,上櫃,3.99,3.99,29.0
700920,上櫃,0.0,0.0,0.0
700928,上櫃,0.0,0.0,0.0
700929,上櫃,0.0,0.0,0.0
700938,上櫃,2.54,2.46,11.0
700955,上櫃,0.03,0.03,50.0
700956,上櫃,0.0,0.0,0.0
700983,上櫃,0.0,0.0,0.0
701005,上櫃,0.0,0.0,0.0
701010,上櫃,0.0,0.0,0.0
701016,上櫃,0.0,0.0,0.0
701024,上櫃,0.0,0.0,0.0
701037,上櫃,0.0,0.0,0.0
701064,上櫃,0.0,0.0,0.0
701095,上櫃,0.0,0.0,0.0
701097,上櫃,0.0,0.0,0.0
701129,上櫃,0.0,0.0,0.0
701130,上櫃,0.0,0.0,0.0
701131,上櫃,0.0,0.0,0.0
701150,上櫃,0.0,0.0,0.0
701153,上櫃,0.0,0.0,0.0
701200,上櫃,0.0,0.0,0.0
701211,上櫃,0.0,0.0,0.0
701221,上櫃,0.0,0.0,0.0
701227,上櫃,0.0,0.0,0.0
701253,上櫃,0.0,0.0,0.0
701273,上櫃,0.0,0.0,0.0
701279,上櫃,0.12,0.13,406.0
701287,上櫃,0.0,0.0,0.0
701288,上櫃,0.0,0.0,0.0
701294,上櫃,0.0,0.0,0.0
701298,上櫃,0.0,0.0,0.0
701311,上櫃,0.0,0.0,0.0
701326,上櫃,0.0,0.0,0.0
701365,上櫃,0.0,0.0,0.0
701374,上櫃,0.0,0.0,0.0
701379,上櫃,0.0,0.0,0.0
701381,上櫃,0.0,0.0,0.0
701386,上櫃,0.0,0.0,0.0
701388,上櫃,0.0,0.0,0.0
701398,上櫃,0.18,0.18,10.0
701400,上櫃,0.0,0.0,0.0
701403,上櫃,0.0,0.0,0.0
701412,上櫃,8.4,8.4,1.0
701422,上櫃,0.0,0.0,0.0
701430,上櫃,8.05,8.05,100.0
701431,上櫃,0.0,0.0,0.0
701432,上櫃,0.0,0.0,0.0
701434,上櫃,0.57,0.59,198.0
701437,上櫃,0.0,0.0,0.0
701438,上櫃,1.92,2.05,36.0
701439,上櫃,0.0,0.0,0.0
701440,上櫃,0.0,0.0,0.0
701441,上櫃,4.84,4.83,12.0
701442,上櫃,0.4,0.41,14.0
701460,上櫃,0.0,0.0,0.0
701471,上櫃,5.1,5.1,10.0
701472,上櫃,0.11,0.2,6.0
701473,上櫃,0.0,0.0,0.0
701474,上櫃,0.0,0.0,0.0
701479,上櫃,0.0,0.0,0.0
701484,上櫃,0.0,0.0,0.0
701500,上櫃,0.0,0.0,0.0
701511,上櫃,0.0,0.0,0.0
701524,上櫃,0.0,0.0,0.0
701571,上櫃,0.0,0.0,0.0
701584,上櫃,0.0,0.0,0.0
701592,上櫃,0.87,0.87,17.0
701593,上櫃,0.0,0.0,0.0
701594,上櫃,0.0,0.0,0.0
701595,上櫃,0.01,0.01,160.0
701614,上櫃,0.14,0.14,5.0
701615,上櫃,0.0,0.0,0.0
701623,上櫃,0.15,0.14,35.0
701624,上櫃,0.0,0.0,0.0
701625,上櫃,0.0,0.0,0.0
701626,上櫃,0.0,0.0,0.0
701632,上櫃,0.0,0.0,0.0
701650,上櫃,0.0,0.0,0.0
701653,上櫃,0.0,0.0,0.0
701655,上櫃,0.0,0.0,0.0
701658,上櫃,3.3,3.3,7.0
701659,上櫃,0.0,0.0,0.0
701667,上櫃,0.0,0.0,0.0
701680,上櫃,12.5,12.5,1.0
701692,上櫃,0.0,0.0,0.0
701693,上櫃,0.0,0.0,0.0
701694,上櫃,0.0,0.0,0.0
701695,上櫃,0.0,0.0,0.0
701696,上櫃,4.13,4.13,1.0
701697,上櫃,3.75,3.75,1.0
701698,上櫃,0.0,0.0,0.0
701699,上櫃,0.0,0.0,0.0
701700,上櫃,0.0,0.0,0.0
701707,上櫃,0.0,0.0,0.0
701720,上櫃,0.0,0.0,0.0
701725,上櫃,0.0,0.0,0.0
701762,上櫃,0.0,0.0,0.0
701788,上櫃,0.0,0.0,0.0
701803,上櫃,0.0,0.0,0.0
701804,上櫃,0.36,0.37,616.0
701805,上櫃,0.0,0.0,0.0
701806,上櫃,0.26,0.26,105.0
701807,上櫃,0.0,0.0,0.0
701808,上櫃,0.0,0.0,0.0
701822,上櫃,0.0,0.0,0.0
701828,上櫃,0.0,0.0,0.0
701853,上櫃,0.53,0.49,2.0
701854,上櫃,0.0,0.0,0.0
701855,上櫃,0.0,0.0,0.0
701878,上櫃,0.0,0.0,0.0
701908,上櫃,0.0,0.0,0.0
701918,上櫃,0.0,0.0,0.0
701919,上櫃,0.0,0.0,0.0
701920,上櫃,0.0,0.0,0.0
701971,上櫃,0.0,0.0,0.0
702016,上櫃,0.0,0.0,0.0
702018,上櫃,0.0,0.0,0.0
702028,上櫃,0.0,0.0,0.0
702047,上櫃,0.0,0.0,0.0
702060,上櫃,0.0,0.0,0.0
702111,上櫃,0.0,0.0,0.0
702118,上櫃,0.0,0.0,0.0
702125,上櫃,0.0,0.0,0.0
702133,上櫃,0.0,0.0,0.0
702161,上櫃,0.0,0.0,0.0
702162,上櫃,0.0,0.0,0.0
702170,上櫃,0.0,0.0,0.0
702185,上櫃,0.0,0.0,0.0
702194,上櫃,0.0,0.0,0.0
702212,上櫃,0.0,0.0,0.0
702216,上櫃,0.0,0.0,0.0
702222,上櫃,0.0,0.0,0.0
702223,上櫃,0.0,0.0,0.0
702228,上櫃,0.0,0.0,0.0
702233,上櫃,0.0,0.0,0.0
702252,上櫃,0.0,0.0,0.0
702272,上櫃,0.0,0.0,0.0
702281,上櫃,2.24,2.24,1.0
702283,上櫃,0.0,0.0,0.0
702284,上櫃,0.0,0.0,0.0
702287,上櫃,0.0,0.0,0.0
702300,上櫃,0.0,0.0,0.0
702304,上櫃,0.0,0.0,0.0
702306,上櫃,0.0,0.0,0.0
702308,上櫃,0.0,0.0,0.0
702311,上櫃,0.0,0.0,0.0
702312,上櫃,0.0,0.0,0.0
702321,上櫃,0.0,0.0,0.0
702322,上櫃,0.6,0.6,100.0
702331,上櫃,0.0,0.0,0.0
702338,上櫃,0.0,0.0,0.0
702352,上櫃,0.0,0.0,0.0
702361,上櫃,0.0,0.0,0.0
702363,上櫃,0.0,0.0,0.0
702364,上櫃,0.0,0.0,0.0
702373,上櫃,0.7,0.7,5.0
702375,上櫃,0.0,0.0,0.0
702386,上櫃,0.0,0.0,0.0
702413,上櫃,0.0,0.0,0.0
702415,上櫃,0.0,0.0,0.0
702424,上櫃,0.0,0.0,0.0
702441,上櫃,0.0,0.0,0.0
702445,上櫃,0.0,0.0,0.0
702450,上櫃,0.0,0.0,0.0
702451,上櫃,0.0,0.0,0.0
702459,上櫃,0.0,0.0,0.0
702467,上櫃,0.0,0.0,0.0
702490,上櫃,0.0,0.0,0.0
702498,上櫃,0.0,0.0,0.0
702499,上櫃,0.0,0.0,0.0
702505,上櫃,0.0,0.0,0.0
702526,上櫃,0.0,0.0,0.0
702550,上櫃,0.0,0.0,0.0
702553,上櫃,0.0,0.0,0.0
702560,上櫃,4.5,4.5,1.0
702561,上櫃,0.0,0.0,0.0
702576,上櫃,0.0,0.0,0.0
702577,上櫃,2.5,2.62,18.0
702578,上櫃,0.0,0.0,0.0
702591,上櫃,0.0,0.0,0.0
702592,上櫃,1.41,1.73,1545.0
702593,上櫃,1.45,1.74,310.0
702605,上櫃,0.0,0.0,0.0
702607,上櫃,0.0,0.0,0.0
702611,上櫃,0.0,0.0,0.0
702616,上櫃,0.0,0.0,0.0
702627,上櫃,0.75,0.75,1.0
702639,上櫃,5.4,5.35,4.0
702641,上櫃,0.0,0.0,0.0
702642,上櫃,0.0,0.0,0.0
702645,上櫃,0.0,0.0,0.0
702649,上櫃,0.35,0.35,10.0
702667,上櫃,0.0,0.0,0.0
702670,上櫃,0.0,0.0,0.0
702695,上櫃,0.0,0.0,0.0
702712,上櫃,0.0,0.0,0.0
702717,上櫃,0.0,0.0,0.0
702719,上櫃,0.0,0.0,0.0
702724,上櫃,0.0,0.0,0.0
702752,上櫃,0.2,0.21,11.0
702753,上櫃,0.81,0.77,154.0
702775,上櫃,0.0,0.0,0.0
702776,上櫃,1.71,1.71,1.0
702777,上櫃,0.39,0.32,212.0
702786,上櫃,0.0,0.0,0.0
702802,上櫃,0.0,0.0,0.0
702804,上櫃,0.36,0.48,136.0
702808,上櫃,0.0,0.0,0.0
702810,上櫃,0.0,0.0,0.0
702811,上櫃,0.63,0.56,113.0
702828,上櫃,0.0,0.0,0.0
702829,上櫃,0.87,0.87,197.0
702830,上櫃,0.0,0.0,0.0
702831,上櫃,0.0,0.0,0.0
702833,上櫃,0.21,0.21,22.0
702837,上櫃,0.0,0.0,0.0
702850,上櫃,0.0,0.0,0.0
702856,上櫃,0.0,0.0,0.0
702858,上櫃,0.0,0.0,0.0
702878,上櫃,0.0,0.0,0.0
702884,上櫃,0.0,0.0,0.0
702885,上櫃,0.0,0.0,0.0
702886,上櫃,0.0,0.0,0.0
702888,上櫃,0.0,0.0,0.0
702898,上櫃,0.0,0.0,0.0
702903,上櫃,0.0,0.0,0.0
702910,上櫃,0.0,0.0,0.0
702912,上櫃,0.0,0.0,0.0
702919,上櫃,0.0,0.0,0.0
702926,上櫃,0.0,0.0,0.0
702928,上櫃,0.0,0.0,0.0
702935,上櫃,0.0,0.0,0.0
702943,上櫃,2.11,1.83,161.0
702949,上櫃,0.0,0.0,0.0
702951,上櫃,0.0,0.0,0.0
702953,上櫃,0.0,0.0,0.0
702961,上櫃,0.0,0.0,0.0
702966,上櫃,0.27,0.27,50.0
702968,上櫃,0.26,0.26,10.0
702969,上櫃,0.0,0.0,0.0
702980,上櫃,0.0,0.0,0.0
702987,上櫃,0.0,0.0,0.0
702990,上櫃,0.0,0.0,0.0
702993,上櫃,0.0,0.0,0.0
702996,上櫃,0.0,0.0,0.0
703001,上櫃,0.64,0.64,2.0
703002,上櫃,0.0,0.0,0.0
703004,上櫃,0.0,0.0,0.0
703006,上櫃,2.33,2.95,14.0
703011,上櫃,0.0,0.0,0.0
703030,上櫃,0.58,0.58,20.0
703032,上櫃,0.0,0.0,0.0
703036,上櫃,0.0,0.0,0.0
703038,上櫃,0.0,0.0,0.0
703043,上櫃,0.0,0.0,0.0
703045,上櫃,0.68,0.68,5.0
703047,上櫃,0.0,0.0,0.0
703048,上櫃,0.0,0.0,0.0
703049,上櫃,0.0,0.0,0.0
703051,上櫃,0.0,0.0,0.0
703062,上櫃,0.09,0.09,5.0
703067,上櫃,0.0,0.0,0.0
703068,上櫃,0.0,0.0,0.0
703075,上櫃,0.02,0.1,1230.0
703083,上櫃,0.0,0.0,0.0
703085,上櫃,0.0,0.0,0.0
703093,上櫃,0.96,0.95,25.0
703094,上櫃,0.0,0.0,0.0
703095,上櫃,0.0,0.0,0.0
703100,上櫃,0.0,0.0,0.0
703102,上櫃,0.0,0.0,0.0
703110,上櫃,0.0,0.0,0.0
703111,上櫃,0.0,0.0,0.0
703112,上櫃,0.0,0.0,0.0
703113,上櫃,0.17,0.16,310.0
703115,上櫃,0.0,0.0,0.0
703116,上櫃,0.0,0.0,0.0
703117,上櫃,0.0,0.0,0.0
703125,上櫃,0.0,0.0,0.0
703132,上櫃,1.52,1.36,39.0
703135,上櫃,0.0,0.0,0.0
703136,上櫃,0.98,1.01,50.0
703137,上櫃,0.0,0.0,0.0
703144,上櫃,0.0,0.0,0.0
703145,上櫃,0.0,0.0,0.0
703147,上櫃,0.0,0.0,0.0
703149,上櫃,0.0,0.0,0.0
703153,上櫃,0.0,0.0,0.0
703154,上櫃,0.0,0.0,0.0
703156,上櫃,0.0,0.0,0.0
703171,上櫃,0.0,0.0,0.0
703173,上櫃,0.0,0.0,0.0
703178,上櫃,0.0,0.0,0.0
703181,上櫃,0.0,0.0,0.0
703186,上櫃,0.0,0.0,0.0
703197,上櫃,0.0,0.0,0.0
703198,上櫃,0.0,0.0,0.0
703200,上櫃,0.0,0.0,0.0
703202,上櫃,0.0,0.0,0.0
703203,上櫃,0.0,0.0,0.0
703204,上櫃,0.0,0.0,0.0
703206,上櫃,0.0,0.0,0.0
703210,上櫃,0.0,0.0,0.0
703212,上櫃,0.0,0.0,0.0
703217,上櫃,0.0,0.0,0.0
703221,上櫃,0.0,0.0,0.0
703223,上櫃,0.23,0.23,190.0
703224,上櫃,0.0,0.0,0.0
703229,上櫃,0.0,0.0,0.0
703231,上櫃,0.0,0.0,0.0
703232,上櫃,0.0,0.0,0.0
703249,上櫃,0.0,0.0,0.0
703260,上櫃,0.0,0.0,0.0
703261,上櫃,0.0,0.0,0.0
703263,上櫃,0.0,0.0,0.0
703264,上櫃,0.0,0.0,0.0
703265,上櫃,0.0,0.0,0.0
703266,上櫃,0.0,0.0,0.0
703267,上櫃,0.0,0.0,0.0
703271,上櫃,0.0,0.0,0.0
703274,上櫃,8.4,8.4,13.0
703279,上櫃,0.0,0.0,0.0
703292,上櫃,0.0,0.0,0.0
703293,上櫃,0.0,0.0,0.0
703295,上櫃,0.0,0.0,0.0
703296,上櫃,2.42,2.49,21.0
703307,上櫃,0.0,0.0,0.0
703308,上櫃,0.0,0.0,0.0
703315,上櫃,0.0,0.0,0.0
703319,上櫃,0.0,0.0,0.0
703320,上櫃,0.0,0.0,0.0
703321,上櫃,0.0,0.0,0.0
703324,上櫃,0.0,0.0,0.0
703325,上櫃,0.0,0.0,0.0
703326,上櫃,0.0,0.0,0.0
703327,上櫃,0.0,0.0,0.0
703329,上櫃,0.0,0.0,0.0
703330,上櫃,0.0,0.0,0.0
703332,上櫃,0.0,0.0,0.0
703339,上櫃,0.0,0.0,0.0
703340,上櫃,0.0,0.0,0.0
703341,上櫃,0.8,0.8,1.0
703343,上櫃,0.0,0.0,0.0
703351,上櫃,0.0,0.0,0.0
703353,上櫃,0.0,0.0,0.0
703354,上櫃,0.0,0.0,0.0
703355,上櫃,0.0,0.0,0.0
703364,上櫃,0.0,0.0,0.0
703368,上櫃,1.98,2.45,23.0
703371,上櫃,0.49,0.43,926.0
703372,上櫃,1.26,1.26,11.0
703378,上櫃,0.0,0.0,0.0
703379,上櫃,0.0,0.0,0.0
703380,上櫃,0.0,0.0,0.0
703386,上櫃,0.0,0.0,0.0
703389,上櫃,0.38,0.35,412.0
703390,上櫃,0.0,0.0,0.0
703395,上櫃,0.0,0.0,0.0
703396,上櫃,0.0,0.0,0.0
703399,上櫃,0.0,0.0,0.0
703400,上櫃,7.85,7.3,42.0
703401,上櫃,0.0,0.0,0.0
703402,上櫃,0.0,0.0,0.0
703403,上櫃,0.0,0.0,0.0
703407,上櫃,0.0,0.0,0.0
703418,上櫃,0.22,0.22,2.0
703419,上櫃,0.0,0.0,0.0
703420,上櫃,0.37,0.43,290.0
703427,上櫃,0.0,0.0,0.0
703431,上櫃,0.0,0.0,0.0
703432,上櫃,0.0,0.0,0.0
703434,上櫃,0.0,0.0,0.0
703436,上櫃,0.0,0.0,0.0
703437,上櫃,16.2,16.2,10.0
703438,上櫃,0.0,0.0,0.0
703439,上櫃,0.0,0.0,0.0
703441,上櫃,0.0,0.0,0.0
703442,上櫃,0.0,0.0,0.0
703443,上櫃,0.0,0.0,0.0
703449,上櫃,0.0,0.0,0.0
703450,上櫃,0.0,0.0,0.0
703454,上櫃,0.0,0.0,0.0
703455,上櫃,0.0,0.0,0.0
703457,上櫃,0.0,0.0,0.0
703458,上櫃,0.0,0.0,0.0
703459,上櫃,0.0,0.0,0.0
703463,上櫃,0.0,0.0,0.0
703464,上櫃,0.08,0.08,10.0
703465,上櫃,0.31,0.31,1.0
703466,上櫃,0.0,0.0,0.0
703467,上櫃,0.0,0.0,0.0
703468,上櫃,0.6,0.48,338.0
703469,上櫃,0.0,0.0,0.0
703470,上櫃,0.0,0.0,0.0
703471,上櫃,0.0,0.0,0.0
703472,上櫃,0.0,0.0,0.0
703473,上櫃,0.0,0.0,0.0
703474,上櫃,0.37,0.37,30.0
703475,上櫃,0.0,0.0,0.0
703476,上櫃,0.0,0.0,0.0
703477,上櫃,0.23,0.23,10.0
703478,上櫃,0.56,0.56,92.0
703479,上櫃,2.63,2.63,30.0
703480,上櫃,0.0,0.0,0.0
703481,上櫃,0.0,0.0,0.0
703482,上櫃,0.0,0.0,0.0
703483,上櫃,1.87,1.77,2.0
703497,上櫃,0.0,0.0,0.0
703500,上櫃,0.0,0.0,0.0
703515,上櫃,0.0,0.0,0.0
703520,上櫃,0.0,0.0,0.0
703522,上櫃,0.0,0.0,0.0
703523,上櫃,0.0,0.0,0.0
703527,上櫃,0.0,0.0,0.0
703528,上櫃,0.0,0.0,0.0
703534,上櫃,0.0,0.0,0.0
703535,上櫃,0.0,0.0,0.0
703548,上櫃,0.0,0.0,0.0
703553,上櫃,0.0,0.0,0.0
703555,上櫃,0.0,0.0,0.0
703581,上櫃,2.49,2.8,95.0
703589,上櫃,0.0,0.0,0.0
703599,上櫃,0.01,0.01,60.0
703604,上櫃,0.0,0.0,0.0
703615,上櫃,4.11,4.11,5.0
703616,上櫃,0.0,0.0,0.0
703617,上櫃,0.58,0.58,10.0
703618,上櫃,1.5,1.5,1.0
703619,上櫃,0.68,0.65,560.0
703620,上櫃,0.0,0.0,0.0
703621,上櫃,0.0,0.0,0.0
703622,上櫃,0.0,0.0,0.0
703628,上櫃,0.0,0.0,0.0
703630,上櫃,0.0,0.0,0.0
703632,上櫃,0.0,0.0,0.0
703637,上櫃,2.68,2.68,1.0
703639,上櫃,0.0,0.0,0.0
703642,上櫃,0.0,0.0,0.0
703643,上櫃,0.0,0.0,0.0
703648,上櫃,0.0,0.0,0.0
703651,上櫃,1.05,1.05,10.0
703652,上櫃,0.42,0.42,239.0
703654,上櫃,0.0,0.0,0.0
703660,上櫃,1.3,1.2,145.0
703661,上櫃,0.0,0.0,0.0
703663,上櫃,0.0,0.0,0.0
703664,上櫃,0.0,0.0,0.0
703665,上櫃,0.0,0.0,0.0
703682,上櫃,0.0,0.0,0.0
703684,上櫃,0.0,0.0,0.0
703690,上櫃,0.0,0.0,0.0
703713,上櫃,0.0,0.0,0.0
703725,上櫃,0.0,0.0,0.0
703728,上櫃,0.0,0.0,0.0
703729,上櫃,0.82,0.69,144.0
703734,上櫃,0.0,0.0,0.0
703740,上櫃,0.0,0.0,0.0
703743,上櫃,0.0,0.0,0.0
703744,上櫃,0.0,0.0,0.0
703745,上櫃,0.0,0.0,0.0
703747,上櫃,0.0,0.0,0.0
703751,上櫃,0.0,0.0,0.0
703754,上櫃,0.0,0.0,0.0
703755,上櫃,0.0,0.0,0.0
703759,上櫃,0.0,0.0,0.0
703762,上櫃,0.0,0.0,0.0
703765,上櫃,0.0,0.0,0.0
703767,上櫃,0.0,0.0,0.0
703771,上櫃,0.0,0.0,0.0
703773,上櫃,0.0,0.0,0.0
703779,上櫃,0.0,0.0,0.0
703780,上櫃,0.0,0.0,0.0
703785,上櫃,0.0,0.0,0.0
703793,上櫃,0.0,0.0,0.0
703802,上櫃,0.0,0.0,0.0
703804,上櫃,0.0,0.0,0.0
703813,上櫃,0.8,0.72,153.0
703822,上櫃,0.03,0.03,30.0
703823,上櫃,0.0,0.0,0.0
703824,上櫃,0.0,0.0,0.0
703826,上櫃,0.0,0.0,0.0
703827,上櫃,0.0,0.0,0.0
703828,上櫃,0.0,0.0,0.0
703829,上櫃,0.0,0.0,0.0
703831,上櫃,0.0,0.0,0.0
703832,上櫃,0.0,0.0,0.0
703835,上櫃,0.0,0.0,0.0
703837,上櫃,0.0,0.0,0.0
703838,上櫃,0.0,0.0,0.0
703839,上櫃,2.01,2.01,3.0
703842,上櫃,3.69,3.69,19.0
703851,上櫃,0.0,0.0,0.0
703854,上櫃,0.0,0.0,0.0
703855,上櫃,0.0,0.0,0.0
703856,上櫃,0.0,0.0,0.0
703858,上櫃,0.0,0.0,0.0
703860,上櫃,0.0,0.0,0.0
703861,上櫃,0.76,0.76,3.0
703862,上櫃,0.69,0.69,20.0
703863,上櫃,0.0,0.0,0.0
703864,上櫃,0.0,0.0,0.0
703865,上櫃,1.24,1.29,76.0
703866,上櫃,0.0,0.0,0.0
703867,上櫃,0.0,0.0,0.0
703868,上櫃,0.0,0.0,0.0
703869,上櫃,0.0,0.0,0.0
703870,上櫃,0.0,0.0,0.0
703871,上櫃,0.0,0.0,0.0
703872,上櫃,0.0,0.0,0.0
703873,上櫃,1.13,1.05,344.0
703874,上櫃,0.0,0.0,0.0
703875,上櫃,0.0,0.0,0.0
703876,上櫃,0.0,0.0,0.0
703877,上櫃,0.0,0.0,0.0
703878,上櫃,1.47,1.36,160.0
703879,上櫃,0.0,0.0,0.0
703880,上櫃,0.0,0.0,0.0
703881,上櫃,0.0,0.0,0.0
703882,上櫃,0.0,0.0,0.0
703886,上櫃,4.28,4.28,2.0
703887,上櫃,0.0,0.0,0.0
703895,上櫃,0.0,0.0,0.0
703902,上櫃,0.0,0.0,0.0
703905,上櫃,0.0,0.0,0.0
703906,上櫃,0.0,0.0,0.0
703912,上櫃,0.0,0.0,0.0
703914,上櫃,0.0,0.0,0.0
703917,上櫃,0.0,0.0,0.0
703920,上櫃,0.0,0.0,0.0
703921,上櫃,0.0,0.0,0.0
703923,上櫃,0.0,0.0,0.0
703928,上櫃,0.0,0.0,0.0
703930,上櫃,0.0,0.0,0.0
703942,上櫃,2.41,2.05,52.0
703950,上櫃,0.0,0.0,0.0
703954,上櫃,0.0,0.0,0.0
703955,上櫃,0.0,0.0,0.0
703957,上櫃,0.0,0.0,0.0
703960,上櫃,0.0,0.0,0.0
703961,上櫃,0.0,0.0,0.0
703962,上櫃,0.0,0.0,0.0
703963,上櫃,3.63,3.2,2.0
703964,上櫃,0.0,0.0,0.0
703965,上櫃,0.0,0.0,0.0
703966,上櫃,1.31,1.3,266.0
703967,上櫃,0.94,0.96,205.0
703968,上櫃,0.82,0.94,958.0
703969,上櫃,1.1,1.06,95.0
703970,上櫃,1.33,1.33,10.0
703971,上櫃,0.99,1.04,95.0
703972,上櫃,0.0,0.0,0.0
703973,上櫃,0.0,0.0,0.0
703974,上櫃,0.96,0.96,6.0
703975,上櫃,0.42,0.42,20.0
703976,上櫃,0.0,0.0,0.0
703977,上櫃,0.0,0.0,0.0
703978,上櫃,0.0,0.0,0.0
703979,上櫃,0.0,0.0,0.0
703980,上櫃,0.0,0.0,0.0
703981,上櫃,7.0,7.05,2.0
703982,上櫃,0.0,0.0,0.0
703983,上櫃,1.84,1.84,9.0
703984,上櫃,0.03,0.03,10.0
703985,上櫃,0.0,0.0,0.0
703989,上櫃,0.0,0.0,0.0
703991,上櫃,0.76,0.75,11.0
704000,上櫃,0.0,0.0,0.0
704009,上櫃,0.0,0.0,0.0
704010,上櫃,0.0,0.0,0.0
704011,上櫃,0.24,0.24,10.0
704012,上櫃,0.0,0.0,0.0
704013,上櫃,1.19,1.1,4.0
704014,上櫃,0.59,0.65,583.0
704015,上櫃,0.0,0.0,0.0
704016,上櫃,0.6,0.61,340.0
704017,上櫃,0.0,0.0,0.0
704018,上櫃,1.0,1.2,154.0
704019,上櫃,0.67,0.66,30.0
704020,上櫃,0.4,0.36,25.0
704021,上櫃,0.0,0.0,0.0
704022,上櫃,0.0,0.0,0.0
704023,上櫃,0.32,0.32,10.0
704024,上櫃,0.0,0.0,0.0
704025,上櫃,0.0,0.0,0.0
704026,上櫃,0.0,0.0,0.0
704027,上櫃,0.0,0.0,0.0
704028,上櫃,0.0,0.0,0.0
704029,上櫃,1.56,1.56,10.0
704030,上櫃,0.0,0.0,0.0
704038,上櫃,0.0,0.0,0.0
704041,上櫃,0.0,0.0,0.0
704046,上櫃,1.01,1.41,252.0
704048,上櫃,0.0,0.0,0.0
704051,上櫃,6.4,6.4,2.0
704053,上櫃,0.0,0.0,0.0
704058,上櫃,0.0,0.0,0.0
704060,上櫃,0.69,0.68,103.0
704062,上櫃,0.0,0.0,0.0
704063,上櫃,0.0,0.0,0.0
704067,上櫃,0.0,0.0,0.0
704068,上櫃,0.0,0.0,0.0
704074,上櫃,0.65,0.6,3.0
704075,上櫃,0.0,0.0,0.0
704080,上櫃,0.0,0.0,0.0
704081,上櫃,0.59,0.55,349.0
704082,上櫃,0.32,0.32,10.0
704083,上櫃,0.0,0.0,0.0
704084,上櫃,0.0,0.0,0.0
704085,上櫃,0.0,0.0,0.0
704086,上櫃,0.66,0.65,41.0
704087,上櫃,0.51,0.51,308.0
704088,上櫃,0.0,0.0,0.0
704089,上櫃,0.0,0.0,0.0
704090,上櫃,1.24,1.2,242.0
704091,上櫃,0.71,0.71,20.0
704092,上櫃,0.83,0.84,2.0
704093,上櫃,0.0,0.0,0.0
704094,上櫃,0.3,0.3,5.0
704095,上櫃,0.0,0.0,0.0
704096,上櫃,0.99,1.19,410.0
704097,上櫃,0.42,0.42,10.0
704099,上櫃,0.0,0.0,0.0
704100,上櫃,2.1,2.12,4.0
704101,上櫃,0.0,0.0,0.0
704102,上櫃,1.1,1.1,5.0
704103,上櫃,0.0,0.0,0.0
704104,上櫃,0.0,0.0,0.0
704105,上櫃,0.0,0.0,0.0
704106,上櫃,0.0,0.0,0.0
704107,上櫃,0.0,0.0,0.0
704108,上櫃,0.29,0.29,200.0
704109,上櫃,0.0,0.0,0.0
704110,上櫃,0.0,0.0,0.0
704111,上櫃,0.41,0.41,28.0
704115,上櫃,0.41,0.41,2.0
704125,上櫃,23.0,23.0,1.0
704126,上櫃,0.0,0.0,0.0
704127,上櫃,0.0,0.0,0.0
704134,上櫃,0.0,0.0,0.0
704135,上櫃,0.0,0.0,0.0
704141,上櫃,0.0,0.0,0.0
704146,上櫃,0.0,0.0,0.0
704151,上櫃,0.0,0.0,0.0
704161,上櫃,0.0,0.0,0.0
704163,上櫃,0.0,0.0,0.0
704170,上櫃,1.34,1.39,69.0
704176,上櫃,0.0,0.0,0.0
704180,上櫃,0.0,0.0,0.0
704189,上櫃,0.0,0.0,0.0
704191,上櫃,0.0,0.0,0.0
704196,上櫃,0.0,0.0,0.0
704202,上櫃,0.42,0.41,10.0
704203,上櫃,1.0,1.01,734.0
704204,上櫃,0.38,0.39,175.0
704205,上櫃,0.65,0.49,354.0
704206,上櫃,0.56,0.51,1504.0
704207,上櫃,3.33,3.6,69.0
704208,上櫃,0.0,0.0,0.0
704209,上櫃,0.0,0.0,0.0
704210,上櫃,2.47,2.47,40.0
704211,上櫃,2.3,2.6,82.0
704212,上櫃,2.57,2.73,6.0
704213,上櫃,0.0,0.0,0.0
704214,上櫃,3.3,3.28,35.0
704215,上櫃,0.0,0.0,0.0
704216,上櫃,0.0,0.0,0.0
704217,上櫃,0.0,0.0,0.0
704218,上櫃,2.34,2.49,55.0
704219,上櫃,0.53,0.45,45.0
704220,上櫃,0.0,0.0,0.0
704221,上櫃,0.32,0.31,25.0
704222,上櫃,0.51,0.51,186.0
704223,上櫃,0.0,0.0,0.0
704224,上櫃,0.0,0.0,0.0
704225,上櫃,0.38,0.37,82.0
704236,上櫃,0.0,0.0,0.0
704237,上櫃,0.84,0.89,400.0
704244,上櫃,0.0,0.0,0.0
704256,上櫃,0.0,0.0,0.0
704257,上櫃,0.56,0.59,455.0
704258,上櫃,0.88,0.93,61.0
704259,上櫃,0.0,0.0,0.0
704260,上櫃,1.76,1.55,28.0
704261,上櫃,0.0,0.0,0.0
704262,上櫃,8.95,9.9,6.0
704268,上櫃,0.0,0.0,0.0
704273,上櫃,0.0,0.0,0.0
704274,上櫃,0.0,0.0,0.0
704275,上櫃,0.0,0.0,0.0
704276,上櫃,0.0,0.0,0.0
704277,上櫃,0.25,0.28,746.0
704278,上櫃,14.5,14.5,6.0
704279,上櫃,0.0,0.0,0.0
704280,上櫃,0.55,0.56,277.0
704281,上櫃,0.0,0.0,0.0
704282,上櫃,2.51,2.76,6.0
704283,上櫃,0.0,0.0,0.0
704284,上櫃,0.0,0.0,0.0
704285,上櫃,0.34,0.34,20.0
704286,上櫃,0.38,0.38,3.0
704287,上櫃,0.27,0.27,1.0
704288,上櫃,0.28,0.27,20.0
704289,上櫃,0.46,0.47,100.0
704290,上櫃,0.0,0.0,0.0
704291,上櫃,0.0,0.0,0.0
704292,上櫃,0.0,0.0,0.0
704293,上櫃,0.36,0.38,467.0
704294,上櫃,0.46,0.48,71.0
704295,上櫃,0.39,0.4,50.0
704296,上櫃,0.4,0.4,10.0
704297,上櫃,0.0,0.0,0.0
704298,上櫃,0.69,0.62,300.0
704307,上櫃,0.0,0.0,0.0
704308,上櫃,0.0,0.0,0.0
704312,上櫃,0.0,0.0,0.0
704313,上櫃,0.0,0.0,0.0
704315,上櫃,0.0,0.0,0.0
704320,上櫃,0.0,0.0,0.0
704321,上櫃,0.0,0.0,0.0
704322,上櫃,3.08,3.04,58.0
704325,上櫃,0.5,0.41,36.0
704327,上櫃,0.0,0.0,0.0
704328,上櫃,0.0,0.0,0.0
704329,上櫃,0.0,0.0,0.0
704339,上櫃,0.0,0.0,0.0
704340,上櫃,0.0,0.0,0.0
704341,上櫃,0.0,0.0,0.0
704343,上櫃,0.0,0.0,0.0
704344,上櫃,0.0,0.0,0.0
704345,上櫃,0.0,0.0,0.0
704346,上櫃,0.63,0.63,10.0
704347,上櫃,0.0,0.0,0.0
704348,上櫃,0.0,0.0,0.0
704349,上櫃,0.0,0.0,0.0
704350,上櫃,0.0,0.0,0.0
704351,上櫃,0.33,0.36,2.0
704352,上櫃,0.0,0.0,0.0
704353,上櫃,0.96,0.92,965.0
704356,上櫃,0.0,0.0,0.0
704358,上櫃,0.0,0.0,0.0
704359,上櫃,0.0,0.0,0.0
704360,上櫃,0.0,0.0,0.0
704361,上櫃,0.0,0.0,0.0
704362,上櫃,5.5,5.5,1.0
704363,上櫃,0.0,0.0,0.0
704365,上櫃,0.51,0.33,104.0
704366,上櫃,0.0,0.0,0.0
704367,上櫃,0.0,0.0,0.0
704368,上櫃,0.0,0.0,0.0
704369,上櫃,0.0,0.0,0.0
704370,上櫃,0.61,0.69,492.0
704371,上櫃,7.9,7.7,43.0
704372,上櫃,0.0,0.0,0.0
704373,上櫃,0.0,0.0,0.0
704374,上櫃,0.3,0.25,106.0
704375,上櫃,0.01,0.02,46.0
704376,上櫃,0.0,0.0,0.0
704377,上櫃,0.0,0.0,0.0
704379,上櫃,0.0,0.0,0.0
704380,上櫃,0.0,0.0,0.0
704381,上櫃,0.87,0.92,35.0
704382,上櫃,0.0,0.0,0.0
704385,上櫃,0.0,0.0,0.0
704386,上櫃,0.0,0.0,0.0
704387,上櫃,0.0,0.0,0.0
704388,上櫃,0.0,0.0,0.0
704390,上櫃,0.0,0.0,0.0
704391,上櫃,0.0,0.0,0.0
704394,上櫃,0.15,0.15,10.0
704396,上櫃,0.0,0.0,0.0
704400,上櫃,2.88,2.88,5.0
704401,上櫃,6.6,6.6,1.0
704403,上櫃,0.31,0.31,10.0
704404,上櫃,0.34,0.3,30.0
704405,上櫃,0.0,0.0,0.0
704406,上櫃,0.0,0.0,0.0
704407,上櫃,0.0,0.0,0.0
704408,上櫃,0.0,0.0,0.0
704409,上櫃,0.2,0.21,80.0
704416,上櫃,0.0,0.0,0.0
704418,上櫃,0.0,0.0,0.0
704419,上櫃,1.85,1.75,12.0
704421,上櫃,0.0,0.0,0.0
704424,上櫃,0.0,0.0,0.0
704426,上櫃,0.0,0.0,0.0
704427,上櫃,0.0,0.0,0.0
704430,上櫃,4.61,4.81,12.0
704434,上櫃,0.0,0.0,0.0
704436,上櫃,0.0,0.0,0.0
704439,上櫃,0.0,0.0,0.0
704440,上櫃,0.0,0.0,0.0
704441,上櫃,0.17,0.26,46.0
704442,上櫃,0.0,0.0,0.0
704443,上櫃,0.04,0.03,25.0
704444,上櫃,0.0,0.0,0.0
704446,上櫃,0.0,0.0,0.0
704447,上櫃,0.0,0.0,0.0
704448,上櫃,0.0,0.0,0.0
704450,上櫃,0.0,0.0,0.0
704452,上櫃,0.0,0.0,0.0
704453,上櫃,0.0,0.0,0.0
704459,上櫃,0.0,0.0,0.0
704463,上櫃,0.0,0.0,0.0
704464,上櫃,0.0,0.0,0.0
704465,上櫃,0.01,0.01,51.0
704469,上櫃,0.0,0.0,0.0
704471,上櫃,0.0,0.0,0.0
704472,上櫃,0.0,0.0,0.0
704473,上櫃,0.0,0.0,0.0
704475,上櫃,0.9,0.68,2.0
704476,上櫃,0.0,0.0,0.0
704477,上櫃,0.0,0.0,0.0
704481,上櫃,0.0,0.0,0.0
704482,上櫃,0.0,0.0,0.0
704491,上櫃,0.0,0.0,0.0
704492,上櫃,0.0,0.0,0.0
704494,上櫃,0.0,0.0,0.0
704495,上櫃,0.0,0.0,0.0
704496,上櫃,0.0,0.0,0.0
704498,上櫃,0.0,0.0,0.0
704499,上櫃,0.0,0.0,0.0
704500,上櫃,0.0,0.0,0.0
704501,上櫃,0.0,0.0,0.0
704502,上櫃,0.0,0.0,0.0
704503,上櫃,0.0,0.0,0.0
704505,上櫃,0.0,0.0,0.0
704506,上櫃,0.0,0.0,0.0
704507,上櫃,1.5,1.17,532.0
704509,上櫃,0.0,0.0,0.0
704511,上櫃,0.0,0.0,0.0
704512,上櫃,0.0,0.0,0.0
704521,上櫃,0.0,0.0,0.0
704525,上櫃,0.0,0.0,0.0
704526,上櫃,0.0,0.0,0.0
704529,上櫃,0.0,0.0,0.0
704532,上櫃,0.0,0.0,0.0
704533,上櫃,1.56,1.55,94.0
704534,上櫃,1.22,1.13,33.0
704535,上櫃,5.7,5.7,10.0
704536,上櫃,0.0,0.0,0.0
704537,上櫃,0.62,0.63,516.0
704538,上櫃,4.62,4.22,162.0
704539,上櫃,0.0,0.0,0.0
704540,上櫃,0.0,0.0,0.0
704541,上櫃,0.0,0.0,0.0
704542,上櫃,0.0,0.0,0.0
704543,上櫃,1.86,1.85,42.0
704544,上櫃,0.0,0.0,0.0
704545,上櫃,0.0,0.0,0.0
704546,上櫃,0.74,0.72,3.0
704547,上櫃,0.0,0.0,0.0
704548,上櫃,0.0,0.0,0.0
704549,上櫃,0.44,0.47,453.0
704550,上櫃,0.57,0.53,371.0
704551,上櫃,0.0,0.0,0.0
704552,上櫃,0.0,0.0,0.0
704553,上櫃,0.0,0.0,0.0
704556,上櫃,0.0,0.0,0.0
704560,上櫃,0.0,0.0,0.0
704563,上櫃,0.0,0.0,0.0
704566,上櫃,0.0,0.0,0.0
704567,上櫃,0.0,0.0,0.0
704572,上櫃,0.0,0.0,0.0
704578,上櫃,0.0,0.0,0.0
704579,上櫃,0.0,0.0,0.0
704584,上櫃,0.0,0.0,0.0
704587,上櫃,0.0,0.0,0.0
704588,上櫃,0.0,0.0,0.0
704589,上櫃,0.0,0.0,0.0
704590,上櫃,0.6,0.6,50.0
704591,上櫃,0.84,0.81,95.0
704592,上櫃,0.0,0.0,0.0
704593,上櫃,0.0,0.0,0.0
704605,上櫃,0.0,0.0,0.0
704607,上櫃,0.0,0.0,0.0
704609,上櫃,0.0,0.0,0.0
704610,上櫃,0.0,0.0,0.0
704612,上櫃,0.0,0.0,0.0
704617,上櫃,0.0,0.0,0.0
704618,上櫃,0.0,0.0,0.0
704619,上櫃,0.0,0.0,0.0
704620,上櫃,0.0,0.0,0.0
704621,上櫃,0.0,0.0,0.0
704622,上櫃,0.0,0.0,0.0
704624,上櫃,0.0,0.0,0.0
704625,上櫃,0.0,0.0,0.0
704626,上櫃,0.0,0.0,0.0
704627,上櫃,0.0,0.0,0.0
704628,上櫃,0.5,0.5,1.0
704629,上櫃,0.34,0.38,62.0
704630,上櫃,0.0,0.0,0.0
704636,上櫃,0.0,0.0,0.0
704637,上櫃,0.4,0.4,36.0
704638,上櫃,0.17,0.19,23.0
704639,上櫃,0.0,0.0,0.0
704642,上櫃,0.0,0.0,0.0
704649,上櫃,0.0,0.0,0.0
704650,上櫃,0.0,0.0,0.0
704653,上櫃,0.0,0.0,0.0
704654,上櫃,0.0,0.0,0.0
704655,上櫃,0.0,0.0,0.0
704665,上櫃,0.0,0.0,0.0
704667,上櫃,0.0,0.0,0.0
704668,上櫃,0.9,0.9,63.0
704669,上櫃,0.0,0.0,0.0
704678,上櫃,0.37,0.3,180.0
704679,上櫃,0.0,0.0,0.0
704680,上櫃,0.0,0.0,0.0
704683,上櫃,0.0,0.0,0.0
704685,上櫃,3.19,3.52,73.0
704686,上櫃,0.0,0.0,0.0
704687,上櫃,0.0,0.0,0.0
704690,上櫃,0.0,0.0,0.0
704696,上櫃,0.0,0.0,0.0
704702,上櫃,0.0,0.0,0.0
704707,上櫃,0.0,0.0,0.0
704711,上櫃,0.0,0.0,0.0
704712,上櫃,0.0,0.0,0.0
704715,上櫃,0.0,0.0,0.0
704716,上櫃,0.0,0.0,0.0
704719,上櫃,0.0,0.0,0.0
704720,上櫃,0.0,0.0,0.0
704721,上櫃,0.0,0.0,0.0
704723,上櫃,0.06,0.06,20.0
704724,上櫃,0.0,0.0,0.0
704725,上櫃,1.89,1.89,13.0
704726,上櫃,0.0,0.0,0.0
704728,上櫃,0.0,0.0,0.0
704729,上櫃,0.0,0.0,0.0
704730,上櫃,0.0,0.0,0.0
704731,上櫃,0.0,0.0,0.0
704733,上櫃,0.77,0.77,43.0
704736,上櫃,0.0,0.0,0.0
704739,上櫃,0.0,0.0,0.0
704743,上櫃,0.0,0.0,0.0
704744,上櫃,0.0,0.0,0.0
704745,上櫃,0.0,0.0,0.0
704746,上櫃,0.0,0.0,0.0
704748,上櫃,0.54,0.52,138.0
704749,上櫃,0.0,0.0,0.0
704750,上櫃,0.0,0.0,0.0
704751,上櫃,0.0,0.0,0.0
704756,上櫃,0.0,0.0,0.0
704760,上櫃,0.0,0.0,0.0
704766,上櫃,0.0,0.0,0.0
704767,上櫃,0.0,0.0,0.0
704768,上櫃,0.0,0.0,0.0
704769,上櫃,0.0,0.0,0.0
704770,上櫃,0.0,0.0,0.0
704771,上櫃,0.41,0.41,9.0
704772,上櫃,0.0,0.0,0.0
704773,上櫃,0.0,0.0,0.0
704775,上櫃,0.0,0.0,0.0
704778,上櫃,0.0,0.0,0.0
704781,上櫃,0.1,0.1,150.0
704784,上櫃,0.0,0.0,0.0
704786,上櫃,0.0,0.0,0.0
704789,上櫃,0.0,0.0,0.0
704790,上櫃,0.0,0.0,0.0
704792,上櫃,0.0,0.0,0.0
704793,上櫃,0.0,0.0,0.0
704794,上櫃,0.0,0.0,0.0
704795,上櫃,0.84,0.84,1.0
704804,上櫃,0.0,0.0,0.0
704807,上櫃,0.0,0.0,0.0
704820,上櫃,0.0,0.0,0.0
704821,上櫃,0.0,0.0,0.0
704822,上櫃,0.0,0.0,0.0
704823,上櫃,0.0,0.0,0.0
704824,上櫃,0.0,0.0,0.0
704826,上櫃,0.0,0.0,0.0
704827,上櫃,0.0,0.0,0.0
704829,上櫃,0.0,0.0,0.0
704831,上櫃,0.0,0.0,0.0
704832,上櫃,0.0,0.0,0.0
704833,上櫃,0.0,0.0,0.0
704834,上櫃,0.0,0.0,0.0
704837,上櫃,0.12,0.12,10.0
704839,上櫃,0.0,0.0,0.0
704840,上櫃,0.0,0.0,0.0
704841,上櫃,0.0,0.0,0.0
704842,上櫃,0.51,0.66,1030.0
704843,上櫃,0.0,0.0,0.0
704844,上櫃,0.0,0.0,0.0
704845,上櫃,0.0,0.0,0.0
704846,上櫃,0.26,0.28,260.0
704847,上櫃,0.17,0.17,6.0
704848,上櫃,0.0,0.0,0.0
704849,上櫃,0.0,0.0,0.0
704850,上櫃,0.0,0.0,0.0
704851,上櫃,0.0,0.0,0.0
704852,上櫃,0.66,0.62,451.0
704858,上櫃,0.0,0.0,0.0
704876,上櫃,0.0,0.0,0.0
704877,上櫃,0.0,0.0,0.0
704878,上櫃,0.0,0.0,0.0
704879,上櫃,0.0,0.0,0.0
704880,上櫃,0.0,0.0,0.0
704881,上櫃,1.63,1.6,20.0
704882,上櫃,0.0,0.0,0.0
704883,上櫃,0.04,0.03,110.0
704884,上櫃,0.0,0.0,0.0
704885,上櫃,0.0,0.0,0.0
704886,上櫃,0.0,0.0,0.0
704893,上櫃,0.0,0.0,0.0
704895,上櫃,0.0,0.0,0.0
704896,上櫃,0.64,0.77,2723.0
704897,上櫃,4.86,4.86,5.0
704898,上櫃,0.0,0.0,0.0
704899,上櫃,0.0,0.0,0.0
704900,上櫃,0.58,0.69,525.0
704901,上櫃,0.6,0.6,20.0
704902,上櫃,0.0,0.0,0.0
704903,上櫃,0.47,0.49,1299.0
704904,上櫃,0.24,0.25,2.0
704905,上櫃,0.0,0.0,0.0
704906,上櫃,1.33,1.35,87.0
704907,上櫃,0.64,0.64,20.0
704910,上櫃,0.0,0.0,0.0
704911,上櫃,0.0,0.0,0.0
704915,上櫃,3.78,3.94,96.0
704925,上櫃,0.0,0.0,0.0
704929,上櫃,0.0,0.0,0.0
704934,上櫃,0.0,0.0,0.0
704935,上櫃,0.11,0.11,6.0
704936,上櫃,0.0,0.0,0.0
704937,上櫃,0.33,0.33,504.0
704940,上櫃,0.0,0.0,0.0
704941,上櫃,0.0,0.0,0.0
704942,上櫃,0.0,0.0,0.0
704943,上櫃,0.0,0.0,0.0
704944,上櫃,1.57,1.57,10.0
704945,上櫃,0.0,0.0,0.0
704946,上櫃,0.64,0.64,23.0
704947,上櫃,0.69,0.69,7.0
704948,上櫃,0.0,0.0,0.0
704949,上櫃,0.0,0.0,0.0
704950,上櫃,0.03,0.03,50.0
704951,上櫃,0.0,0.0,0.0
704952,上櫃,0.0,0.0,0.0
704953,上櫃,0.0,0.0,0.0
704954,上櫃,0.0,0.0,0.0
704955,上櫃,0.0,0.0,0.0
704957,上櫃,0.0,0.0,0.0
704958,上櫃,0.0,0.0,0.0
704962,上櫃,0.0,0.0,0.0
704963,上櫃,0.0,0.0,0.0
704966,上櫃,0.0,0.0,0.0
704968,上櫃,0.0,0.0,0.0
704983,上櫃,0.0,0.0,0.0
704984,上櫃,0.0,0.0,0.0
704995,上櫃,0.02,0.02,15.0
704997,上櫃,0.45,0.43,268.0
704998,上櫃,0.0,0.0,0.0
704999,上櫃,0.0,0.0,0.0
705000,上櫃,0.49,0.88,56.0
705001,上櫃,0.0,0.0,0.0
705002,上櫃,0.69,0.7,45.0
705003,上櫃,0.71,0.71,88.0
705004,上櫃,0.0,0.0,0.0
705005,上櫃,0.45,0.45,4.0
705006,上櫃,0.0,0.0,0.0
705007,上櫃,0.49,0.5,916.0
705008,上櫃,0.0,0.0,0.0
705009,上櫃,1.65,1.73,361.0
705010,上櫃,1.38,1.41,70.0
705011,上櫃,0.0,0.0,0.0
705012,上櫃,0.0,0.0,0.0
705013,上櫃,0.0,0.0,0.0
705014,上櫃,0.0,0.0,0.0
705015,上櫃,2.6,2.6,3.0
705023,上櫃,0.74,0.7,336.0
705027,上櫃,0.0,0.0,0.0
705028,上櫃,0.0,0.0,0.0
705029,上櫃,4.42,4.81,19.0
705030,上櫃,0.0,0.0,0.0
705031,上櫃,0.0,0.0,0.0
705034,上櫃,0.0,0.0,0.0
705037,上櫃,0.0,0.0,0.0
705038,上櫃,0.0,0.0,0.0
705041,上櫃,0.0,0.0,0.0
705042,上櫃,0.24,0.24,5.0
705043,上櫃,0.0,0.0,0.0
705044,上櫃,0.0,0.0,0.0
705045,上櫃,0.0,0.0,0.0
705046,上櫃,0.58,0.67,35.0
705047,上櫃,0.0,0.0,0.0
705048,上櫃,0.0,0.0,0.0
705049,上櫃,0.0,0.0,0.0
705050,上櫃,0.0,0.0,0.0
705051,上櫃,0.0,0.0,0.0
705052,上櫃,0.04,0.04,1.0
705053,上櫃,0.0,0.0,0.0
705054,上櫃,0.0,0.0,0.0
705063,上櫃,0.0,0.0,0.0
705069,上櫃,0.0,0.0,0.0
705072,上櫃,0.46,0.46,3.0
705077,上櫃,0.0,0.0,0.0
705081,上櫃,0.64,0.83,130.0
705083,上櫃,0.0,0.0,0.0
705084,上櫃,0.53,0.46,666.0
705085,上櫃,0.09,0.09,10.0
705086,上櫃,0.0,0.0,0.0
705087,上櫃,0.0,0.0,0.0
705088,上櫃,0.0,0.0,0.0
705089,上櫃,0.0,0.0,0.0
705090,上櫃,0.04,0.04,30.0
705091,上櫃,0.0,0.0,0.0
705092,上櫃,0.0,0.0,0.0
705093,上櫃,0.0,0.0,0.0
705094,上櫃,0.41,0.41,100.0
705095,上櫃,0.1,0.1,10.0
705096,上櫃,0.13,0.1,61.0
705097,上櫃,0.39,0.36,25.0
705098,上櫃,0.0,0.0,0.0
705099,上櫃,0.0,0.0,0.0
705100,上櫃,0.0,0.0,0.0
705101,上櫃,0.0,0.0,0.0
705103,上櫃,0.0,0.0,0.0
705108,上櫃,0.23,0.11,130.0
705109,上櫃,0.0,0.0,0.0
705110,上櫃,0.0,0.0,0.0
705111,上櫃,0.0,0.0,0.0
705112,上櫃,0.0,0.0,0.0
705114,上櫃,0.0,0.0,0.0
705117,上櫃,0.0,0.0,0.0
705121,上櫃,0.0,0.0,0.0
705123,上櫃,0.0,0.0,0.0
705124,上櫃,0.0,0.0,0.0
705125,上櫃,0.0,0.0,0.0
705126,上櫃,0.0,0.0,0.0
705127,上櫃,0.0,0.0,0.0
705128,上櫃,0.96,0.96,16.0
705129,上櫃,0.64,0.64,23.0
705130,上櫃,1.13,1.13,12.0
705131,上櫃,0.0,0.0,0.0
705132,上櫃,0.0,0.0,0.0
705133,上櫃,0.0,0.0,0.0
705134,上櫃,0.0,0.0,0.0
705135,上櫃,1.44,1.41,82.0
705136,上櫃,0.0,0.0,0.0
705137,上櫃,0.0,0.0,0.0
705138,上櫃,1.0,1.21,271.0
705142,上櫃,0.0,0.0,0.0
705143,上櫃,0.0,0.0,0.0
705144,上櫃,0.0,0.0,0.0
705145,上櫃,0.0,0.0,0.0
705146,上櫃,0.0,0.0,0.0
705147,上櫃,0.0,0.0,0.0
705148,上櫃,0.0,0.0,0.0
705149,上櫃,0.0,0.0,0.0
705161,上櫃,0.0,0.0,0.0
705167,上櫃,0.0,0.0,0.0
705169,上櫃,0.0,0.0,0.0
705170,上櫃,0.0,0.0,0.0
705171,上櫃,0.0,0.0,0.0
705173,上櫃,0.0,0.0,0.0
705174,上櫃,0.0,0.0,0.0
705175,上櫃,0.0,0.0,0.0
705176,上櫃,0.0,0.0,0.0
705177,上櫃,0.0,0.0,0.0
705178,上櫃,0.0,0.0,0.0
705179,上櫃,0.0,0.0,0.0
705181,上櫃,0.0,0.0,0.0
705182,上櫃,0.0,0.0,0.0
705183,上櫃,0.0,0.0,0.0
705184,上櫃,0.0,0.0,0.0
705185,上櫃,0.0,0.0,0.0
705186,上櫃,0.0,0.0,0.0
705187,上櫃,0.0,0.0,0.0
705188,上櫃,0.28,0.32,2456.0
705190,上櫃,1.24,1.21,38.0
705191,上櫃,0.0,0.0,0.0
705192,上櫃,0.0,0.0,0.0
705193,上櫃,1.63,1.77,44.0
705194,上櫃,0.72,0.67,197.0
705195,上櫃,1.0,1.0,78.0
705196,上櫃,0.62,0.62,7.0
705197,上櫃,0.0,0.0,0.0
705198,上櫃,0.0,0.0,0.0
705199,上櫃,0.0,0.0,0.0
705200,上櫃,0.0,0.0,0.0
705201,上櫃,0.0,0.0,0.0
705202,上櫃,0.0,0.0,0.0
705203,上櫃,0.0,0.0,0.0
705204,上櫃,0.0,0.0,0.0
705205,上櫃,0.0,0.0,0.0
705206,上櫃,0.0,0.0,0.0
705207,上櫃,0.0,0.0,0.0
705208,上櫃,0.0,0.0,0.0
705209,上櫃,0.0,0.0,0.0
705210,上櫃,0.0,0.0,0.0
705211,上櫃,0.0,0.0,0.0
705212,上櫃,0.0,0.0,0.0
705213,上櫃,0.0,0.0,0.0
705214,上櫃,0.0,0.0,0.0
705215,上櫃,0.0,0.0,0.0
705216,上櫃,0.0,0.0,0.0
705218,上櫃,0.0,0.0,0.0
705219,上櫃,0.0,0.0,0.0
705220,上櫃,0.0,0.0,0.0
705221,上櫃,0.0,0.0,0.0
705222,上櫃,0.0,0.0,0.0
705223,上櫃,0.25,0.28,300.0
705224,上櫃,0.0,0.0,0.0
705225,上櫃,4.23,4.55,148.0
705226,上櫃,0.0,0.0,0.0
705230,上櫃,0.0,0.0,0.0
705231,上櫃,0.0,0.0,0.0
705233,上櫃,0.0,0.0,0.0
705235,上櫃,2.92,2.73,274.0
705236,上櫃,0.0,0.0,0.0
705237,上櫃,0.0,0.0,0.0
705238,上櫃,0.0,0.0,0.0
705239,上櫃,0.0,0.0,0.0
705241,上櫃,0.0,0.0,0.0
705242,上櫃,0.0,0.0,0.0
705243,上櫃,0.0,0.0,0.0
705245,上櫃,0.0,0.0,0.0
705246,上櫃,0.0,0.0,0.0
705247,上櫃,0.0,0.0,0.0
705248,上櫃,0.0,0.0,0.0
705249,上櫃,0.0,0.0,0.0
705250,上櫃,0.0,0.0,0.0
705251,上櫃,0.0,0.0,0.0
705252,上櫃,0.0,0.0,0.0
705253,上櫃,0.0,0.0,0.0
705254,上櫃,0.0,0.0,0.0
705255,上櫃,0.0,0.0,0.0
705257,上櫃,0.81,0.72,414.0
705258,上櫃,0.92,0.86,758.0
705259,上櫃,0.0,0.0,0.0
705260,上櫃,0.73,0.73,21.0
705261,上櫃,0.31,0.35,663.0
705262,上櫃,0.35,0.39,101.0
705263,上櫃,0.0,0.0,0.0
705264,上櫃,0.0,0.0,0.0
705265,上櫃,1.15,1.16,5.0
705266,上櫃,0.0,0.0,0.0
705267,上櫃,0.85,0.89,176.0
705268,上櫃,0.22,0.22,25.0
705269,上櫃,1.1,1.03,30.0
705272,上櫃,0.31,0.31,10.0
705273,上櫃,1.98,1.98,150.0
705276,上櫃,1.36,1.24,54.0
705279,上櫃,0.96,1.14,15.0
705280,上櫃,0.0,0.0,0.0
705281,上櫃,0.0,0.0,0.0
705282,上櫃,0.0,0.0,0.0
705284,上櫃,1.46,1.29,59.0
705285,上櫃,0.0,0.0,0.0
705286,上櫃,0.0,0.0,0.0
705287,上櫃,0.0,0.0,0.0
705288,上櫃,0.0,0.0,0.0
705289,上櫃,0.0,0.0,0.0
705291,上櫃,0.22,0.55,4.0
705292,上櫃,0.0,0.0,0.0
705293,上櫃,0.0,0.0,0.0
705295,上櫃,0.0,0.0,0.0
705296,上櫃,0.0,0.0,0.0
705297,上櫃,0.0,0.0,0.0
705298,上櫃,0.0,0.0,0.0
705299,上櫃,0.0,0.0,0.0
705300,上櫃,2.51,2.51,2.0
705301,上櫃,0.0,0.0,0.0
705302,上櫃,0.0,0.0,0.0
705303,上櫃,1.03,1.21,11.0
705304,上櫃,0.0,0.0,0.0
705305,上櫃,0.0,0.0,0.0
705306,上櫃,0.0,0.0,0.0
705307,上櫃,0.36,0.37,2.0
705308,上櫃,1.93,1.93,100.0
705309,上櫃,1.87,1.92,33.0
705310,上櫃,0.87,0.87,17.0
705311,上櫃,0.25,0.27,12.0
705312,上櫃,0.24,0.29,517.0
705313,上櫃,1.76,1.76,3.0
705314,上櫃,1.13,1.13,352.0
705315,上櫃,0.0,0.0,0.0
705316,上櫃,0.0,0.0,0.0
705318,上櫃,12.2,12.2,10.0
705319,上櫃,0.0,0.0,0.0
705320,上櫃,0.0,0.0,0.0
705321,上櫃,0.18,0.19,565.0
705322,上櫃,0.0,0.0,0.0
705323,上櫃,0.48,0.42,39.0
705324,上櫃,0.55,0.61,302.0
705325,上櫃,0.0,0.0,0.0
705326,上櫃,5.8,4.44,3.0
705327,上櫃,0.0,0.0,0.0
705328,上櫃,0.0,0.0,0.0
705329,上櫃,0.0,0.0,0.0
705330,上櫃,0.0,0.0,0.0
705331,上櫃,0.32,0.22,11.0
705332,上櫃,0.0,0.0,0.0
705333,上櫃,1.67,1.73,14.0
705335,上櫃,0.0,0.0,0.0
705337,上櫃,1.6,1.48,67.0
705338,上櫃,0.0,0.0,0.0
705339,上櫃,0.01,0.01,60.0
705340,上櫃,0.15,0.15,20.0
705341,上櫃,0.24,0.24,100.0
705342,上櫃,0.17,0.17,14.0
705343,上櫃,0.0,0.0,0.0
705344,上櫃,0.0,0.0,0.0
705345,上櫃,0.0,0.0,0.0
705346,上櫃,0.21,0.21,10.0
705347,上櫃,0.42,0.5,1154.0
705348,上櫃,0.62,0.68,429.0
705349,上櫃,0.0,0.0,0.0
705350,上櫃,0.0,0.0,0.0
705351,上櫃,0.0,0.0,0.0
705352,上櫃,0.0,0.0,0.0
705353,上櫃,0.0,0.0,0.0
705354,上櫃,0.0,0.0,0.0
705355,上櫃,0.0,0.0,0.0
705356,上櫃,0.0,0.0,0.0
705357,上櫃,0.0,0.0,0.0
705358,上櫃,0.74,0.74,10.0
705360,上櫃,0.0,0.0,0.0
705362,上櫃,0.26,0.15,5.0
705363,上櫃,0.0,0.0,0.0
705364,上櫃,0.0,0.0,0.0
705365,上櫃,0.0,0.0,0.0
705366,上櫃,0.0,0.0,0.0
705367,上櫃,0.0,0.0,0.0
705368,上櫃,0.0,0.0,0.0
705369,上櫃,0.0,0.0,0.0
705370,上櫃,1.2,1.2,2.0
705371,上櫃,0.0,0.0,0.0
705372,上櫃,0.29,0.28,30.0
705373,上櫃,0.0,0.0,0.0
705374,上櫃,0.47,0.47,10.0
705375,上櫃,0.0,0.0,0.0
705376,上櫃,0.0,0.0,0.0
705377,上櫃,0.0,0.0,0.0
705378,上櫃,0.32,0.33,172.0
705379,上櫃,0.96,0.9,60.0
705380,上櫃,0.0,0.0,0.0
705381,上櫃,0.0,0.0,0.0
705382,上櫃,2.46,2.44,16.0
705383,上櫃,0.0,0.0,0.0
705384,上櫃,0.0,0.0,0.0
705385,上櫃,0.0,0.0,0.0
705386,上櫃,0.79,0.9,103.0
705387,上櫃,0.41,0.44,358.0
705388,上櫃,0.0,0.0,0.0
705389,上櫃,0.67,0.66,6.0
705390,上櫃,0.33,0.33,22.0
705391,上櫃,0.0,0.0,0.0
705392,上櫃,4.94,4.94,3.0
705393,上櫃,0.0,0.0,0.0
705394,上櫃,1.82,1.82,3.0
705395,上櫃,0.0,0.0,0.0
705396,上櫃,0.0,0.0,0.0
705397,上櫃,0.92,0.95,52.0
705398,上櫃,0.0,0.0,0.0
705399,上櫃,0.75,0.75,15.0
705400,上櫃,1.11,1.12,11.0
705401,上櫃,0.0,0.0,0.0
705402,上櫃,0.0,0.0,0.0
705403,上櫃,0.0,0.0,0.0
705404,上櫃,0.0,0.0,0.0
705405,上櫃,0.0,0.0,0.0
705406,上櫃,0.0,0.0,0.0
705408,上櫃,0.0,0.0,0.0
705409,上櫃,0.0,0.0,0.0
705410,上櫃,0.0,0.0,0.0
705411,上櫃,0.55,1.03,66.0
705412,上櫃,0.0,0.0,0.0
705413,上櫃,0.0,0.0,0.0
705415,上櫃,0.16,0.15,40.0
705416,上櫃,0.14,0.22,130.0
705417,上櫃,0.0,0.0,0.0
705418,上櫃,0.0,0.0,0.0
705419,上櫃,0.0,0.0,0.0
705421,上櫃,0.52,0.44,85.0
705422,上櫃,0.0,0.0,0.0
705423,上櫃,0.0,0.0,0.0
705425,上櫃,0.0,0.0,0.0
705426,上櫃,0.0,0.0,0.0
705427,上櫃,0.0,0.0,0.0
705428,上櫃,0.0,0.0,0.0
705429,上櫃,0.0,0.0,0.0
705430,上櫃,0.0,0.0,0.0
705431,上櫃,0.0,0.0,0.0
705432,上櫃,0.0,0.0,0.0
705433,上櫃,0.0,0.0,0.0
705434,上櫃,0.0,0.0,0.0
705435,上櫃,0.0,0.0,0.0
705436,上櫃,0.0,0.0,0.0
705437,上櫃,4.93,4.9,27.0
705438,上櫃,1.47,1.47,49.0
705439,上櫃,0.0,0.0,0.0
705440,上櫃,0.0,0.0,0.0
705441,上櫃,0.0,0.0,0.0
705442,上櫃,0.0,0.0,0.0
705443,上櫃,0.0,0.0,0.0
705444,上櫃,1.6,1.66,39.0
705445,上櫃,0.0,0.0,0.0
705446,上櫃,5.3,4.93,2.0
705447,上櫃,2.91,2.91,10.0
705448,上櫃,16.0,18.9,5.0
705449,上櫃,0.18,0.18,5.0
705450,上櫃,0.0,0.0,0.0
705451,上櫃,0.86,0.86,6.0
705452,上櫃,1.36,1.55,90.0
705453,上櫃,0.0,0.0,0.0
705455,上櫃,0.88,0.88,118.0
705456,上櫃,0.0,0.0,0.0
705457,上櫃,0.0,0.0,0.0
705458,上櫃,0.3,0.43,40.0
705459,上櫃,0.0,0.0,0.0
705460,上櫃,0.0,0.0,0.0
705461,上櫃,0.33,0.34,100.0
705462,上櫃,0.0,0.0,0.0
705463,上櫃,0.0,0.0,0.0
705464,上櫃,0.0,0.0,0.0
705466,上櫃,0.0,0.0,0.0
705467,上櫃,0.0,0.0,0.0
705468,上櫃,0.0,0.0,0.0
705469,上櫃,0.08,0.08,1.0
705471,上櫃,0.0,0.0,0.0
705472,上櫃,0.0,0.0,0.0
705473,上櫃,0.0,0.0,0.0
705474,上櫃,0.2,0.2,2.0
705475,上櫃,0.78,0.84,238.0
705476,上櫃,0.0,0.0,0.0
705477,上櫃,0.0,0.0,0.0
705478,上櫃,0.51,0.51,17.0
705479,上櫃,0.0,0.0,0.0
705480,上櫃,0.46,0.57,135.0
705481,上櫃,0.0,0.0,0.0
705482,上櫃,0.0,0.0,0.0
705483,上櫃,0.0,0.0,0.0
705484,上櫃,6.3,6.3,1.0
705485,上櫃,4.26,4.26,3.0
705486,上櫃,0.0,0.0,0.0
705487,上櫃,0.8,0.99,293.0
705488,上櫃,1.1,1.1,254.0
705489,上櫃,1.05,1.07,376.0
705490,上櫃,0.0,0.0,0.0
705491,上櫃,0.18,0.18,58.0
705492,上櫃,0.0,0.0,0.0
705494,上櫃,0.09,0.09,50.0
705496,上櫃,0.0,0.0,0.0
705497,上櫃,0.0,0.0,0.0
705500,上櫃,0.0,0.0,0.0
705501,上櫃,0.0,0.0,0.0
705502,上櫃,0.0,0.0,0.0
705503,上櫃,0.0,0.0,0.0
705504,上櫃,0.55,0.55,12.0
705505,上櫃,0.59,0.59,110.0
705506,上櫃,2.82,2.82,6.0
705507,上櫃,0.0,0.0,0.0
705508,上櫃,0.0,0.0,0.0
705509,上櫃,0.0,0.0,0.0
705510,上櫃,0.0,0.0,0.0
705511,上櫃,0.0,0.0,0.0
705512,上櫃,0.0,0.0,0.0
705513,上櫃,0.0,0.0,0.0
705515,上櫃,0.62,0.72,365.0
705516,上櫃,0.0,0.0,0.0
705517,上櫃,0.0,0.0,0.0
705519,上櫃,0.0,0.0,0.0
705520,上櫃,4.32,4.78,23.0
705521,上櫃,1.28,1.28,9.0
705522,上櫃,0.0,0.0,0.0
705523,上櫃,0.0,0.0,0.0
705524,上櫃,0.0,0.0,0.0
705525,上櫃,0.0,0.0,0.0
705526,上櫃,0.0,0.0,0.0
705527,上櫃,21.0,21.0,2.0
705529,上櫃,0.0,0.0,0.0
705530,上櫃,0.0,0.0,0.0
705531,上櫃,0.0,0.0,0.0
705532,上櫃,0.0,0.0,0.0
705533,上櫃,0.0,0.0,0.0
705534,上櫃,0.0,0.0,0.0
705535,上櫃,0.1,0.15,7.0
705536,上櫃,0.0,0.0,0.0
705537,上櫃,0.0,0.0,0.0
705539,上櫃,0.0,0.0,0.0
705540,上櫃,0.4,0.4,1.0
705541,上櫃,0.0,0.0,0.0
705544,上櫃,0.0,0.0,0.0
705545,上櫃,0.0,0.0,0.0
705546,上櫃,0.0,0.0,0.0
705547,上櫃,0.0,0.0,0.0
705548,上櫃,0.0,0.0,0.0
705549,上櫃,0.0,0.0,0.0
705550,上櫃,0.0,0.0,0.0
705551,上櫃,0.0,0.0,0.0
705552,上櫃,0.0,0.0,0.0
705553,上櫃,0.0,0.0,0.0
705554,上櫃,0.0,0.0,0.0
705555,上櫃,3.6,3.53,5.0
705556,上櫃,0.0,0.0,0.0
705557,上櫃,0.0,0.0,0.0
705558,上櫃,0.0,0.0,0.0
705559,上櫃,0.0,0.0,0.0
705560,上櫃,3.57,3.58,7.0
705562,上櫃,0.0,0.0,0.0
705563,上櫃,0.0,0.0,0.0
705564,上櫃,0.0,0.0,0.0
705565,上櫃,0.66,0.7,1056.0
705566,上櫃,0.0,0.0,0.0
705567,上櫃,0.0,0.0,0.0
705568,上櫃,0.0,0.0,0.0
705569,上櫃,0.0,0.0,0.0
705570,上櫃,0.89,0.93,86.0
705571,上櫃,0.0,0.0,0.0
705572,上櫃,0.0,0.0,0.0
705574,上櫃,0.0,0.0,0.0
705575,上櫃,0.0,0.0,0.0
705576,上櫃,0.0,0.0,0.0
705577,上櫃,0.0,0.0,0.0
705578,上櫃,0.0,0.0,0.0
705580,上櫃,0.0,0.0,0.0
705581,上櫃,0.44,0.63,168.0
705583,上櫃,0.0,0.0,0.0
705584,上櫃,0.0,0.0,0.0
705585,上櫃,1.61,1.35,18.0
705586,上櫃,0.0,0.0,0.0
705587,上櫃,0.0,0.0,0.0
705588,上櫃,0.0,0.0,0.0
705589,上櫃,0.62,0.62,125.0
705590,上櫃,0.0,0.0,0.0
705591,上櫃,0.0,0.0,0.0
705592,上櫃,0.0,0.0,0.0
705593,上櫃,0.0,0.0,0.0
705594,上櫃,0.0,0.0,0.0
705595,上櫃,0.0,0.0,0.0
705596,上櫃,0.0,0.0,0.0
705597,上櫃,0.0,0.0,0.0
705598,上櫃,0.0,0.0,0.0
705599,上櫃,0.0,0.0,0.0
705600,上櫃,0.0,0.0,0.0
705601,上櫃,0.0,0.0,0.0
705602,上櫃,0.0,0.0,0.0
705603,上櫃,0.06,0.06,40.0
705604,上櫃,1.55,1.62,42.0
705605,上櫃,0.0,0.0,0.0
705606,上櫃,0.0,0.0,0.0
705608,上櫃,0.04,0.04,1.0
705610,上櫃,0.0,0.0,0.0
705611,上櫃,0.0,0.0,0.0
705612,上櫃,0.0,0.0,0.0
705613,上櫃,0.0,0.0,0.0
705614,上櫃,0.0,0.0,0.0
705615,上櫃,0.0,0.0,0.0
705616,上櫃,0.0,0.0,0.0
705617,上櫃,0.0,0.0,0.0
705618,上櫃,0.0,0.0,0.0
705619,上櫃,0.0,0.0,0.0
705620,上櫃,0.0,0.0,0.0
705621,上櫃,4.65,4.03,13.0
705622,上櫃,0.0,0.0,0.0
705625,上櫃,0.0,0.0,0.0
705626,上櫃,0.0,0.0,0.0
705627,上櫃,0.0,0.0,0.0
705628,上櫃,0.0,0.0,0.0
705629,上櫃,0.0,0.0,0.0
705630,上櫃,0.0,0.0,0.0
705631,上櫃,0.0,0.0,0.0
705632,上櫃,0.0,0.0,0.0
705633,上櫃,0.0,0.0,0.0
705634,上櫃,0.0,0.0,0.0
705635,上櫃,0.0,0.0,0.0
705636,上櫃,0.0,0.0,0.0
705637,上櫃,0.0,0.0,0.0
705638,上櫃,3.07,3.57,50.0
705640,上櫃,0.0,0.0,0.0
705641,上櫃,0.0,0.0,0.0
705642,上櫃,0.0,0.0,0.0
705643,上櫃,0.0,0.0,0.0
705644,上櫃,0.38,0.44,6.0
705646,上櫃,0.0,0.0,0.0
705647,上櫃,0.0,0.0,0.0
705648,上櫃,0.0,0.0,0.0
705649,上櫃,0.0,0.0,0.0
705650,上櫃,0.0,0.0,0.0
705652,上櫃,4.99,5.45,169.0
705653,上櫃,0.0,0.0,0.0
705654,上櫃,0.0,0.0,0.0
705656,上櫃,0.0,0.0,0.0
705657,上櫃,0.0,0.0,0.0
705659,上櫃,0.0,0.0,0.0
705661,上櫃,0.08,0.08,1.0
705662,上櫃,0.0,0.0,0.0
705664,上櫃,0.0,0.0,0.0
705665,上櫃,0.0,0.0,0.0
705666,上櫃,0.0,0.0,0.0
705667,上櫃,0.0,0.0,0.0
705668,上櫃,0.0,0.0,0.0
705671,上櫃,0.61,0.72,1034.0
705672,上櫃,0.94,0.77,68.0
705673,上櫃,0.0,0.0,0.0
705674,上櫃,0.0,0.0,0.0
705675,上櫃,0.29,0.3,342.0
705676,上櫃,0.0,0.0,0.0
705677,上櫃,2.26,2.98,2.0
705678,上櫃,0.0,0.0,0.0
705679,上櫃,0.0,0.0,0.0
705680,上櫃,0.0,0.0,0.0
705681,上櫃,0.0,0.0,0.0
705682,上櫃,0.0,0.0,0.0
705683,上櫃,0.0,0.0,0.0
705684,上櫃,0.0,0.0,0.0
705685,上櫃,0.0,0.0,0.0
705686,上櫃,0.0,0.0,0.0
705688,上櫃,0.0,0.0,0.0
705690,上櫃,0.0,0.0,0.0
705691,上櫃,0.0,0.0,0.0
705692,上櫃,0.42,0.41,587.0
705693,上櫃,0.0,0.0,0.0
705694,上櫃,0.0,0.0,0.0
705695,上櫃,0.0,0.0,0.0
705696,上櫃,0.37,0.37,10.0
705697,上櫃,0.0,0.0,0.0
705698,上櫃,0.0,0.0,0.0
705699,上櫃,0.48,0.47,260.0
705700,上櫃,4.51,4.51,1.0
705701,上櫃,0.0,0.0,0.0
705702,上櫃,0.0,0.0,0.0
705703,上櫃,0.0,0.0,0.0
705704,上櫃,0.0,0.0,0.0
705705,上櫃,0.0,0.0,0.0
705706,上櫃,0.0,0.0,0.0
705707,上櫃,0.0,0.0,0.0
705708,上櫃,0.0,0.0,0.0
705709,上櫃,0.0,0.0,0.0
705711,上櫃,0.34,0.35,14.0
705712,上櫃,0.0,0.0,0.0
705713,上櫃,0.0,0.0,0.0
705714,上櫃,0.0,0.0,0.0
705715,上櫃,0.0,0.0,0.0
705716,上櫃,0.0,0.0,0.0
705717,上櫃,0.0,0.0,0.0
705718,上櫃,0.0,0.0,0.0
705719,上櫃,0.0,0.0,0.0
705720,上櫃,0.0,0.0,0.0
705721,上櫃,0.0,0.0,0.0
705722,上櫃,0.0,0.0,0.0
705723,上櫃,0.0,0.0,0.0
705724,上櫃,0.0,0.0,0.0
705725,上櫃,0.0,0.0,0.0
705726,上櫃,0.82,0.82,1.0
705727,上櫃,0.0,0.0,0.0
705728,上櫃,0.24,0.25,132.0
705729,上櫃,0.0,0.0,0.0
705730,上櫃,0.0,0.0,0.0
705731,上櫃,0.0,0.0,0.0
705732,上櫃,0.0,0.0,0.0
705733,上櫃,0.0,0.0,0.0
705734,上櫃,0.0,0.0,0.0
705735,上櫃,0.0,0.0,0.0
705736,上櫃,0.0,0.0,0.0
705737,上櫃,0.0,0.0,0.0
705738,上櫃,0.0,0.0,0.0
705739,上櫃,0.0,0.0,0.0
705740,上櫃,0.0,0.0,0.0
705741,上櫃,0.0,0.0,0.0
705742,上櫃,0.0,0.0,0.0
705744,上櫃,0.0,0.0,0.0
705747,上櫃,0.0,0.0,0.0
705748,上櫃,0.0,0.0,0.0
705749,上櫃,0.0,0.0,0.0
705753,上櫃,0.0,0.0,0.0
705754,上櫃,0.0,0.0,0.0
705755,上櫃,0.71,0.72,340.0
705757,上櫃,0.0,0.0,0.0
705758,上櫃,1.8,1.9,63.0
705759,上櫃,0.0,0.0,0.0
705762,上櫃,0.0,0.0,0.0
705763,上櫃,0.0,0.0,0.0
705764,上櫃,0.17,0.17,60.0
705766,上櫃,0.0,0.0,0.0
705768,上櫃,0.01,0.01,5.0
705769,上櫃,0.0,0.0,0.0
705770,上櫃,0.28,0.28,1.0
705771,上櫃,0.0,0.0,0.0
705773,上櫃,0.0,0.0,0.0
705774,上櫃,0.0,0.0,0.0
705775,上櫃,0.22,0.23,15.0
705776,上櫃,0.0,0.0,0.0
705777,上櫃,0.0,0.0,0.0
705778,上櫃,0.55,0.55,10.0
705779,上櫃,0.13,0.13,184.0
705780,上櫃,0.0,0.0,0.0
705781,上櫃,0.0,0.0,0.0
705782,上櫃,0.0,0.0,0.0
705783,上櫃,0.55,0.72,99.0
705784,上櫃,0.0,0.0,0.0
705785,上櫃,0.68,0.66,5.0
705786,上櫃,6.2,6.2,499.0
705787,上櫃,0.0,0.0,0.0
705790,上櫃,0.0,0.0,0.0
705791,上櫃,0.0,0.0,0.0
705792,上櫃,0.0,0.0,0.0
705793,上櫃,0.0,0.0,0.0
705794,上櫃,0.0,0.0,0.0
705795,上櫃,0.0,0.0,0.0
705796,上櫃,0.0,0.0,0.0
705797,上櫃,0.0,0.0,0.0
705798,上櫃,0.0,0.0,0.0
705799,上櫃,0.0,0.0,0.0
705800,上櫃,0.67,0.67,2.0
705801,上櫃,0.0,0.0,0.0
705802,上櫃,0.0,0.0,0.0
705803,上櫃,0.0,0.0,0.0
705804,上櫃,3.1,3.1,4.0
705805,上櫃,3.29,3.12,27.0
705806,上櫃,2.9,2.9,10.0
705807,上櫃,2.25,2.22,148.0
705808,上櫃,0.0,0.0,0.0
705809,上櫃,0.0,0.0,0.0
705810,上櫃,0.0,0.0,0.0
705811,上櫃,0.0,0.0,0.0
705812,上櫃,0.0,0.0,0.0
705813,上櫃,0.0,0.0,0.0
705814,上櫃,0.04,0.04,298.0
705815,上櫃,0.0,0.0,0.0
705816,上櫃,4.38,3.85,6.0
705817,上櫃,0.0,0.0,0.0
705818,上櫃,0.0,0.0,0.0
705819,上櫃,1.2,1.54,548.0
705820,上櫃,0.36,0.36,30.0
705823,上櫃,0.0,0.0,0.0
705824,上櫃,0.58,0.52,372.0
705825,上櫃,0.0,0.0,0.0
705826,上櫃,0.0,0.0,0.0
705827,上櫃,0.0,0.0,0.0
705828,上櫃,0.0,0.0,0.0
705829,上櫃,0.0,0.0,0.0
705830,上櫃,0.0,0.0,0.0
705831,上櫃,0.0,0.0,0.0
705832,上櫃,0.0,0.0,0.0
705833,上櫃,0.0,0.0,0.0
705835,上櫃,0.0,0.0,0.0
705837,上櫃,0.0,0.0,0.0
705838,上櫃,3.76,3.96,22.0
705839,上櫃,0.0,0.0,0.0
705841,上櫃,0.0,0.0,0.0
705842,上櫃,0.0,0.0,0.0
705843,上櫃,0.0,0.0,0.0
705844,上櫃,0.35,0.1,41.0
705845,上櫃,0.0,0.0,0.0
705846,上櫃,0.0,0.0,0.0
705847,上櫃,0.0,0.0,0.0
705848,上櫃,0.0,0.0,0.0
705849,上櫃,0.1,0.1,2.0
705851,上櫃,0.0,0.0,0.0
705852,上櫃,0.0,0.0,0.0
705853,上櫃,0.68,0.68,1216.0
705854,上櫃,0.0,0.0,0.0
705855,上櫃,1.08,1.08,5.0
705856,上櫃,0.0,0.0,0.0
705857,上櫃,0.91,0.86,88.0
705858,上櫃,0.37,0.39,123.0
705859,上櫃,3.15,2.95,15.0
705860,上櫃,0.58,0.56,326.0
705861,上櫃,0.29,0.3,227.0
705862,上櫃,0.0,0.0,0.0
705863,上櫃,1.61,1.49,10.0
705864,上櫃,0.0,0.0,0.0
705865,上櫃,0.66,0.67,51.0
705866,上櫃,0.0,0.0,0.0
705867,上櫃,0.0,0.0,0.0
705870,上櫃,0.0,0.0,0.0
705871,上櫃,0.0,0.0,0.0
705872,上櫃,6.85,6.85,6.0
705874,上櫃,2.1,2.17,20.0
705875,上櫃,0.0,0.0,0.0
705876,上櫃,0.0,0.0,0.0
705877,上櫃,0.0,0.0,0.0
705878,上櫃,0.0,0.0,0.0
705879,上櫃,0.0,0.0,0.0
705880,上櫃,0.0,0.0,0.0
705881,上櫃,0.0,0.0,0.0
705882,上櫃,0.0,0.0,0.0
705883,上櫃,1.9,1.9,10.0
705886,上櫃,0.0,0.0,0.0
705887,上櫃,0.0,0.0,0.0
705888,上櫃,0.0,0.0,0.0
705889,上櫃,0.0,0.0,0.0
705890,上櫃,0.0,0.0,0.0
705891,上櫃,0.0,0.0,0.0
705892,上櫃,0.0,0.0,0.0
705893,上櫃,0.0,0.0,0.0
705894,上櫃,0.85,1.05,15.0
705895,上櫃,0.0,0.0,0.0
705896,上櫃,0.0,0.0,0.0
705897,上櫃,0.0,0.0,0.0
705899,上櫃,0.0,0.0,0.0
705900,上櫃,1.88,1.88,1.0
705901,上櫃,0.0,0.0,0.0
705902,上櫃,1.5,1.5,20.0
705903,上櫃,0.0,0.0,0.0
705904,上櫃,0.0,0.0,0.0
705905,上櫃,0.0,0.0,0.0
705906,上櫃,0.0,0.0,0.0
705907,上櫃,0.0,0.0,0.0
705908,上櫃,0.0,0.0,0.0
705909,上櫃,0.0,0.0,0.0
705911,上櫃,0.0,0.0,0.0
705913,上櫃,0.0,0.0,0.0
705914,上櫃,0.0,0.0,0.0
705915,上櫃,0.0,0.0,0.0
705916,上櫃,0.0,0.0,0.0
705917,上櫃,0.55,0.54,419.0
705918,上櫃,0.0,0.0,0.0
705920,上櫃,0.0,0.0,0.0
705921,上櫃,0.0,0.0,0.0
705922,上櫃,0.0,0.0,0.0
705923,上櫃,1.2,1.2,45.0
705924,上櫃,0.0,0.0,0.0
705925,上櫃,0.0,0.0,0.0
705926,上櫃,0.12,0.12,5.0
705927,上櫃,0.22,0.22,1.0
705928,上櫃,0.6,0.64,12.0
705929,上櫃,0.0,0.0,0.0
705931,上櫃,5.6,3.97,6.0
705932,上櫃,0.0,0.0,0.0
705933,上櫃,0.0,0.0,0.0
705934,上櫃,0.26,0.3,401.0
705935,上櫃,0.0,0.0,0.0
705936,上櫃,1.45,1.33,15.0
705937,上櫃,0.0,0.0,0.0
705938,上櫃,0.0,0.0,0.0
705939,上櫃,0.0,0.0,0.0
705940,上櫃,0.17,0.17,1.0
705941,上櫃,0.0,0.0,0.0
705942,上櫃,3.51,2.99,4.0
705943,上櫃,0.0,0.0,0.0
705944,上櫃,0.0,0.0,0.0
705945,上櫃,0.48,0.48,310.0
705946,上櫃,0.29,0.29,10.0
705947,上櫃,0.6,0.56,142.0
705948,上櫃,0.0,0.0,0.0
705949,上櫃,0.6,0.63,57.0
705950,上櫃,0.0,0.0,0.0
705951,上櫃,0.0,0.0,0.0
705952,上櫃,0.0,0.0,0.0
705953,上櫃,0.0,0.0,0.0
705954,上櫃,0.0,0.0,0.0
705955,上櫃,0.0,0.0,0.0
705956,上櫃,0.0,0.0,0.0
705957,上櫃,0.0,0.0,0.0
705958,上櫃,0.0,0.0,0.0
705959,上櫃,0.0,0.0,0.0
705960,上櫃,0.0,0.0,0.0
705962,上櫃,0.0,0.0,0.0
705965,上櫃,0.0,0.0,0.0
705966,上櫃,0.0,0.0,0.0
705967,上櫃,0.0,0.0,0.0
705968,上櫃,0.01,0.01,2.0
705969,上櫃,0.0,0.0,0.0
705972,上櫃,0.0,0.0,0.0
705974,上櫃,0.0,0.0,0.0
705975,上櫃,0.0,0.0,0.0
705982,上櫃,0.0,0.0,0.0
705983,上櫃,0.0,0.0,0.0
705984,上櫃,0.0,0.0,0.0
705985,上櫃,0.09,0.09,120.0
705986,上櫃,2.5,2.05,209.0
705987,上櫃,0.0,0.0,0.0
705988,上櫃,0.0,0.0,0.0
705989,上櫃,1.23,1.23,20.0
705991,上櫃,2.6,2.3,15.0
705992,上櫃,3.25,2.8,32.0
705993,上櫃,0.0,0.0,0.0
705994,上櫃,0.0,0.0,0.0
705995,上櫃,0.0,0.0,0.0
705996,上櫃,0.0,0.0,0.0
705997,上櫃,0.0,0.0,0.0
705998,上櫃,0.0,0.0,0.0
706000,上櫃,0.0,0.0,0.0
706001,上櫃,0.0,0.0,0.0
706002,上櫃,0.0,0.0,0.0
706003,上櫃,0.0,0.0,0.0
706004,上櫃,0.0,0.0,0.0
706005,上櫃,4.15,4.15,1.0
706006,上櫃,0.0,0.0,0.0
706008,上櫃,0.0,0.0,0.0
706009,上櫃,0.0,0.0,0.0
706010,上櫃,0.0,0.0,0.0
706011,上櫃,3.74,3.49,30.0
706012,上櫃,0.0,0.0,0.0
706014,上櫃,0.0,0.0,0.0
706015,上櫃,0.3,0.3,10.0
706016,上櫃,0.0,0.0,0.0
706017,上櫃,0.0,0.0,0.0
706018,上櫃,0.0,0.0,0.0
706019,上櫃,4.69,3.56,123.0
706020,上櫃,0.0,0.0,0.0
706021,上櫃,0.0,0.0,0.0
706023,上櫃,0.0,0.0,0.0
706025,上櫃,0.0,0.0,0.0
706026,上櫃,0.0,0.0,0.0
706027,上櫃,0.0,0.0,0.0
706028,上櫃,0.0,0.0,0.0
706029,上櫃,0.0,0.0,0.0
706030,上櫃,0.0,0.0,0.0
706031,上櫃,0.53,0.51,20.0
706032,上櫃,0.0,0.0,0.0
706033,上櫃,0.0,0.0,0.0
706034,上櫃,1.62,1.62,1.0
706035,上櫃,0.0,0.0,0.0
706036,上櫃,0.65,0.64,205.0
706037,上櫃,0.64,0.66,135.0
706038,上櫃,1.98,1.98,10.0
706039,上櫃,0.0,0.0,0.0
706040,上櫃,0.0,0.0,0.0
706041,上櫃,0.0,0.0,0.0
706042,上櫃,0.0,0.0,0.0
706043,上櫃,0.52,0.52,1.0
706044,上櫃,0.0,0.0,0.0
706045,上櫃,0.0,0.0,0.0
706046,上櫃,3.38,3.38,150.0
706047,上櫃,0.0,0.0,0.0
706048,上櫃,0.0,0.0,0.0
706049,上櫃,0.0,0.0,0.0
706050,上櫃,0.0,0.0,0.0
706051,上櫃,0.0,0.0,0.0
706052,上櫃,0.0,0.0,0.0
706053,上櫃,0.0,0.0,0.0
706054,上櫃,0.43,0.43,521.0
706055,上櫃,0.47,0.45,214.0
706057,上櫃,0.0,0.0,0.0
706058,上櫃,0.0,0.0,0.0
706060,上櫃,3.23,3.11,36.0
706061,上櫃,0.0,0.0,0.0
706062,上櫃,0.0,0.0,0.0
706063,上櫃,0.0,0.0,0.0
706064,上櫃,2.5,2.6,25.0
706066,上櫃,0.0,0.0,0.0
706067,上櫃,0.0,0.0,0.0
706068,上櫃,0.0,0.0,0.0
706069,上櫃,0.0,0.0,0.0
706070,上櫃,0.0,0.0,0.0
706071,上櫃,0.0,0.0,0.0
706072,上櫃,0.0,0.0,0.0
706073,上櫃,1.51,2.12,288.0
706074,上櫃,1.98,1.95,50.0
706076,上櫃,0.0,0.0,0.0
706077,上櫃,0.0,0.0,0.0
706078,上櫃,0.0,0.0,0.0
706080,上櫃,0.0,0.0,0.0
706081,上櫃,0.0,0.0,0.0
706082,上櫃,0.08,0.08,60.0
706083,上櫃,0.0,0.0,0.0
706084,上櫃,0.0,0.0,0.0
706085,上櫃,0.0,0.0,0.0
706086,上櫃,0.0,0.0,0.0
706087,上櫃,4.32,4.32,1.0
706088,上櫃,3.7,3.5,151.0
706089,上櫃,0.31,0.31,461.0
706090,上櫃,0.0,0.0,0.0
706091,上櫃,0.0,0.0,0.0
706092,上櫃,0.0,0.0,0.0
706093,上櫃,0.0,0.0,0.0
706094,上櫃,0.0,0.0,0.0
706095,上櫃,0.0,0.0,0.0
706096,上櫃,0.0,0.0,0.0
706097,上櫃,0.99,0.92,71.0
706098,上櫃,0.0,0.0,0.0
706099,上櫃,0.0,0.0,0.0
706100,上櫃,0.0,0.0,0.0
706101,上櫃,0.0,0.0,0.0
706103,上櫃,0.43,0.43,2.0
706105,上櫃,0.0,0.0,0.0
706106,上櫃,0.0,0.0,0.0
706108,上櫃,0.66,0.89,61.0
706109,上櫃,0.0,0.0,0.0
706110,上櫃,0.0,0.0,0.0
706111,上櫃,0.0,0.0,0.0
706113,上櫃,0.0,0.0,0.0
706114,上櫃,0.0,0.0,0.0
706115,上櫃,0.0,0.0,0.0
706116,上櫃,0.0,0.0,0.0
706117,上櫃,0.0,0.0,0.0
706118,上櫃,2.02,2.02,2.0
706119,上櫃,0.12,0.1,27.0
706120,上櫃,0.5,0.52,125.0
706121,上櫃,1.47,1.61,105.0
706122,上櫃,4.09,3.5,128.0
706124,上櫃,0.0,0.0,0.0
706125,上櫃,0.0,0.0,0.0
706126,上櫃,0.0,0.0,0.0
706127,上櫃,0.73,0.72,27.0
706128,上櫃,0.0,0.0,0.0
706129,上櫃,0.0,0.0,0.0
706130,上櫃,0.0,0.0,0.0
706131,上櫃,0.0,0.0,0.0
706132,上櫃,0.0,0.0,0.0
706133,上櫃,0.0,0.0,0.0
706134,上櫃,1.12,1.33,965.0
706135,上櫃,0.63,0.71,327.0
706136,上櫃,0.89,1.03,12.0
706137,上櫃,0.73,0.8,354.0
706138,上櫃,0.3,0.3,3.0
706139,上櫃,0.0,0.0,0.0
706140,上櫃,0.0,0.0,0.0
706141,上櫃,0.0,0.0,0.0
706142,上櫃,0.0,0.0,0.0
706143,上櫃,0.0,0.0,0.0
706144,上櫃,0.0,0.0,0.0
706145,上櫃,0.0,0.0,0.0
706146,上櫃,0.0,0.0,0.0
706147,上櫃,0.0,0.0,0.0
706148,上櫃,0.0,0.0,0.0
706149,上櫃,0.0,0.0,0.0
706150,上櫃,3.3,3.46,35.0
706152,上櫃,0.0,0.0,0.0
706153,上櫃,2.62,2.46,418.0
706154,上櫃,0.29,0.29,200.0
706155,上櫃,0.0,0.0,0.0
706157,上櫃,0.42,0.37,52.0
706158,上櫃,0.0,0.0,0.0
706159,上櫃,0.0,0.0,0.0
706160,上櫃,0.0,0.0,0.0
706161,上櫃,2.62,2.62,10.0
706162,上櫃,2.95,2.89,303.0
706163,上櫃,0.0,0.0,0.0
706164,上櫃,0.0,0.0,0.0
706165,上櫃,0.0,0.0,0.0
706166,上櫃,0.0,0.0,0.0
706168,上櫃,0.4,0.44,89.0
706169,上櫃,0.0,0.0,0.0
706170,上櫃,1.01,1.07,19.0
706171,上櫃,0.0,0.0,0.0
706172,上櫃,0.0,0.0,0.0
706173,上櫃,0.06,0.06,10.0
706174,上櫃,0.0,0.0,0.0
706175,上櫃,0.0,0.0,0.0
706176,上櫃,0.0,0.0,0.0
706177,上櫃,3.09,3.09,1.0
706178,上櫃,0.78,0.78,125.0
706179,上櫃,0.72,0.6,764.0
706180,上櫃,0.0,0.0,0.0
706181,上櫃,0.37,0.4,31.0
706182,上櫃,1.58,1.54,17.0
706183,上櫃,0.0,0.0,0.0
706184,上櫃,0.33,0.33,945.0
706185,上櫃,0.42,0.42,21.0
706186,上櫃,0.39,0.43,786.0
706189,上櫃,0.0,0.0,0.0
706190,上櫃,1.08,1.22,15.0
706191,上櫃,0.0,0.0,0.0
706192,上櫃,0.0,0.0,0.0
706193,上櫃,0.0,0.0,0.0
706194,上櫃,0.0,0.0,0.0
706195,上櫃,8.25,9.3,250.0
706196,上櫃,0.0,0.0,0.0
706197,上櫃,0.0,0.0,0.0
706198,上櫃,0.15,0.15,45.0
706199,上櫃,0.0,0.0,0.0
706200,上櫃,0.0,0.0,0.0
706201,上櫃,0.22,0.22,10.0
706202,上櫃,0.0,0.0,0.0
706203,上櫃,0.56,0.56,300.0
706204,上櫃,0.0,0.0,0.0
706205,上櫃,0.0,0.0,0.0
706206,上櫃,0.89,0.71,120.0
706207,上櫃,2.04,2.34,377.0
706208,上櫃,3.79,3.53,702.0
706209,上櫃,3.45,3.55,2569.0
706210,上櫃,0.0,0.0,0.0
706212,上櫃,0.0,0.0,0.0
706213,上櫃,0.0,0.0,0.0
706214,上櫃,1.2,1.24,9.0
706215,上櫃,2.3,2.3,10.0
706216,上櫃,0.0,0.0,0.0
706217,上櫃,0.0,0.0,0.0
706218,上櫃,0.0,0.0,0.0
706219,上櫃,0.0,0.0,0.0
706220,上櫃,0.0,0.0,0.0
706221,上櫃,0.0,0.0,0.0
706222,上櫃,0.0,0.0,0.0
706223,上櫃,1.7,1.7,1.0
706224,上櫃,0.0,0.0,0.0
706225,上櫃,0.4,0.48,195.0
706226,上櫃,0.0,0.0,0.0
706227,上櫃,0.0,0.0,0.0
706228,上櫃,0.0,0.0,0.0
706229,上櫃,0.0,0.0,0.0
706230,上櫃,0.0,0.0,0.0
706231,上櫃,0.0,0.0,0.0
706232,上櫃,0.0,0.0,0.0
706233,上櫃,0.0,0.0,0.0
706234,上櫃,0.0,0.0,0.0
706235,上櫃,0.0,0.0,0.0
706236,上櫃,0.0,0.0,0.0
706237,上櫃,0.0,0.0,0.0
706238,上櫃,0.0,0.0,0.0
706239,上櫃,4.64,4.64,6.0
706240,上櫃,1.52,1.69,611.0
706241,上櫃,0.0,0.0,0.0
706242,上櫃,0.0,0.0,0.0
706243,上櫃,0.0,0.0,0.0
706244,上櫃,0.0,0.0,0.0
706245,上櫃,0.0,0.0,0.0
706246,上櫃,0.0,0.0,0.0
706247,上櫃,0.0,0.0,0.0
706248,上櫃,0.0,0.0,0.0
706249,上櫃,0.22,0.24,50.0
706250,上櫃,0.0,0.0,0.0
706251,上櫃,0.0,0.0,0.0
706252,上櫃,6.25,6.25,1.0
706253,上櫃,4.99,4.75,44.0
706255,上櫃,0.0,0.0,0.0
706256,上櫃,0.0,0.0,0.0
706257,上櫃,0.0,0.0,0.0
706258,上櫃,2.86,3.16,64.0
706259,上櫃,0.0,0.0,0.0
706260,上櫃,0.34,0.33,64.0
706261,上櫃,1.64,1.66,37.0
706264,上櫃,0.0,0.0,0.0
706265,上櫃,1.04,1.04,35.0
706267,上櫃,0.0,0.0,0.0
706268,上櫃,0.0,0.0,0.0
706269,上櫃,0.21,0.21,998.0
706271,上櫃,0.0,0.0,0.0
706273,上櫃,0.0,0.0,0.0
706274,上櫃,0.88,1.08,136.0
706275,上櫃,4.16,3.84,23.0
706276,上櫃,0.0,0.0,0.0
706278,上櫃,0.0,0.0,0.0
706279,上櫃,0.0,0.0,0.0
706280,上櫃,0.0,0.0,0.0
706281,上櫃,0.0,0.0,0.0
706282,上櫃,0.32,0.3,96.0
706283,上櫃,0.17,0.19,85.0
706284,上櫃,0.0,0.0,0.0
706285,上櫃,4.14,3.97,53.0
706286,上櫃,0.0,0.0,0.0
706287,上櫃,0.29,0.31,115.0
706288,上櫃,0.0,0.0,0.0
706289,上櫃,0.0,0.0,0.0
706291,上櫃,0.0,0.0,0.0
706292,上櫃,0.0,0.0,0.0
706293,上櫃,0.0,0.0,0.0
706294,上櫃,4.34,4.32,13.0
706295,上櫃,0.0,0.0,0.0
706296,上櫃,0.0,0.0,0.0
706297,上櫃,0.0,0.0,0.0
706298,上櫃,0.0,0.0,0.0
706299,上櫃,0.0,0.0,0.0
706300,上櫃,0.0,0.0,0.0
706301,上櫃,0.0,0.0,0.0
706302,上櫃,0.62,0.68,144.0
706303,上櫃,0.0,0.0,0.0
706305,上櫃,2.04,2.04,2.0
706306,上櫃,0.0,0.0,0.0
706308,上櫃,2.94,2.95,155.0
706310,上櫃,0.0,0.0,0.0
706311,上櫃,0.0,0.0,0.0
706312,上櫃,0.0,0.0,0.0
706313,上櫃,0.0,0.0,0.0
706314,上櫃,0.0,0.0,0.0
706316,上櫃,0.0,0.0,0.0
706317,上櫃,0.0,0.0,0.0
706318,上櫃,0.0,0.0,0.0
706319,上櫃,3.51,3.83,66.0
706320,上櫃,0.0,0.0,0.0
706321,上櫃,0.0,0.0,0.0
706322,上櫃,2.73,3.11,68.0
706324,上櫃,2.46,2.39,195.0
706325,上櫃,0.0,0.0,0.0
706326,上櫃,0.0,0.0,0.0
706327,上櫃,0.89,0.95,15.0
706328,上櫃,1.7,1.73,13.0
706329,上櫃,0.22,0.23,80.0
706330,上櫃,0.0,0.0,0.0
706331,上櫃,0.0,0.0,0.0
706332,上櫃,0.0,0.0,0.0
706334,上櫃,0.0,0.0,0.0
706335,上櫃,0.0,0.0,0.0
706336,上櫃,0.0,0.0,0.0
706337,上櫃,0.0,0.0,0.0
706338,上櫃,0.0,0.0,0.0
706339,上櫃,0.42,0.42,60.0
706340,上櫃,0.8,0.81,398.0
706341,上櫃,0.0,0.0,0.0
706342,上櫃,0.81,0.81,84.0
706343,上櫃,0.0,0.0,0.0
706344,上櫃,0.0,0.0,0.0
706345,上櫃,1.05,1.1,70.0
706346,上櫃,0.0,0.0,0.0
706347,上櫃,0.0,0.0,0.0
706348,上櫃,1.36,1.46,235.0
706349,上櫃,1.31,1.28,16.0
706350,上櫃,0.0,0.0,0.0
706351,上櫃,0.96,0.93,529.0
706353,上櫃,0.0,0.0,0.0
706354,上櫃,0.78,0.76,137.0
706355,上櫃,0.75,0.8,103.0
706357,上櫃,0.0,0.0,0.0
706358,上櫃,4.01,4.01,1.0
706359,上櫃,2.46,2.46,31.0
706360,上櫃,0.0,0.0,0.0
706361,上櫃,0.0,0.0,0.0
706362,上櫃,0.0,0.0,0.0
706363,上櫃,0.0,0.0,0.0
706364,上櫃,0.0,0.0,0.0
706365,上櫃,0.0,0.0,0.0
706366,上櫃,0.0,0.0,0.0
706367,上櫃,0.0,0.0,0.0
706368,上櫃,0.0,0.0,0.0
706369,上櫃,0.0,0.0,0.0
706370,上櫃,0.0,0.0,0.0
706371,上櫃,0.6,0.83,105.0
706372,上櫃,0.0,0.0,0.0
706373,上櫃,0.0,0.0,0.0
706374,上櫃,0.0,0.0,0.0
706375,上櫃,1.02,1.02,6.0
706376,上櫃,0.0,0.0,0.0
706378,上櫃,0.0,0.0,0.0
706379,上櫃,0.0,0.0,0.0
706380,上櫃,0.0,0.0,0.0
706382,上櫃,0.0,0.0,0.0
706383,上櫃,0.54,0.54,59.0
706384,上櫃,0.0,0.0,0.0
706385,上櫃,0.0,0.0,0.0
706386,上櫃,0.0,0.0,0.0
706387,上櫃,0.0,0.0,0.0
706388,上櫃,0.11,0.11,444.0
706389,上櫃,0.0,0.0,0.0
706390,上櫃,0.34,0.34,37.0
706391,上櫃,0.0,0.0,0.0
706392,上櫃,0.27,0.27,10.0
706393,上櫃,0.0,0.0,0.0
706394,上櫃,0.05,0.05,100.0
706395,上櫃,0.0,0.0,0.0
706396,上櫃,0.0,0.0,0.0
706398,上櫃,0.0,0.0,0.0
706399,上櫃,0.0,0.0,0.0
706400,上櫃,9.15,10.0,10.0
706401,上櫃,0.0,0.0,0.0
706402,上櫃,0.0,0.0,0.0
706403,上櫃,0.0,0.0,0.0
706404,上櫃,0.0,0.0,0.0
706405,上櫃,0.0,0.0,0.0
706406,上櫃,0.0,0.0,0.0
706407,上櫃,0.0,0.0,0.0
706408,上櫃,0.0,0.0,0.0
706410,上櫃,0.0,0.0,0.0
706411,上櫃,0.0,0.0,0.0
706412,上櫃,0.0,0.0,0.0
706413,上櫃,0.0,0.0,0.0
706414,上櫃,0.0,0.0,0.0
706415,上櫃,4.06,4.29,13.0
706416,上櫃,0.0,0.0,0.0
706417,上櫃,0.0,0.0,0.0
706418,上櫃,0.0,0.0,0.0
706419,上櫃,0.7,0.65,80.0
706420,上櫃,0.0,0.0,0.0
706421,上櫃,0.18,0.2,1827.0
706422,上櫃,0.0,0.0,0.0
706423,上櫃,0.69,0.79,723.0
706424,上櫃,0.0,0.0,0.0
706425,上櫃,0.42,0.44,77.0
706426,上櫃,0.0,0.0,0.0
706427,上櫃,0.0,0.0,0.0
706428,上櫃,0.0,0.0,0.0
706429,上櫃,0.0,0.0,0.0
706431,上櫃,0.0,0.0,0.0
706432,上櫃,0.0,0.0,0.0
706433,上櫃,0.0,0.0,0.0
706434,上櫃,0.0,0.0,0.0
706436,上櫃,1.26,1.26,222.0
706437,上櫃,0.0,0.0,0.0
706438,上櫃,0.33,0.32,159.0
706439,上櫃,0.0,0.0,0.0
706441,上櫃,0.0,0.0,0.0
706442,上櫃,0.0,0.0,0.0
706443,上櫃,0.0,0.0,0.0
706444,上櫃,0.0,0.0,0.0
706445,上櫃,0.0,0.0,0.0
706446,上櫃,0.37,0.37,30.0
706447,上櫃,0.0,0.0,0.0
706448,上櫃,0.0,0.0,0.0
706449,上櫃,0.29,0.29,46.0
706450,上櫃,0.0,0.0,0.0
706451,上櫃,0.0,0.0,0.0
706452,上櫃,0.0,0.0,0.0
706453,上櫃,0.0,0.0,0.0
706454,上櫃,24.4,22.2,65.0
706455,上櫃,0.0,0.0,0.0
706456,上櫃,1.95,1.92,68.0
706457,上櫃,0.03,0.03,15.0
706458,上櫃,0.0,0.0,0.0
706459,上櫃,0.0,0.0,0.0
706460,上櫃,0.0,0.0,0.0
706461,上櫃,0.0,0.0,0.0
706462,上櫃,0.0,0.0,0.0
706463,上櫃,0.0,0.0,0.0
706464,上櫃,0.0,0.0,0.0
706465,上櫃,0.0,0.0,0.0
706466,上櫃,0.0,0.0,0.0
706467,上櫃,0.0,0.0,0.0
706468,上櫃,0.0,0.0,0.0
706470,上櫃,0.0,0.0,0.0
706471,上櫃,0.0,0.0,0.0
706472,上櫃,5.0,4.85,78.0
706474,上櫃,0.0,0.0,0.0
706475,上櫃,0.0,0.0,0.0
706476,上櫃,0.72,0.99,125.0
706477,上櫃,0.0,0.0,0.0
706479,上櫃,1.35,1.35,20.0
706480,上櫃,0.39,0.39,130.0
706481,上櫃,0.0,0.0,0.0
706482,上櫃,0.0,0.0,0.0
706484,上櫃,2.48,2.55,29.0
706485,上櫃,0.0,0.0,0.0
706486,上櫃,0.0,0.0,0.0
706488,上櫃,0.0,0.0,0.0
706489,上櫃,0.0,0.0,0.0
706490,上櫃,0.0,0.0,0.0
706491,上櫃,0.0,0.0,0.0
706492,上櫃,0.0,0.0,0.0
706493,上櫃,0.0,0.0,0.0
706496,上櫃,0.67,0.67,40.0
706497,上櫃,0.0,0.0,0.0
706498,上櫃,1.53,1.7,296.0
706499,上櫃,0.0,0.0,0.0
706500,上櫃,0.0,0.0,0.0
706501,上櫃,0.0,0.0,0.0
706502,上櫃,0.0,0.0,0.0
706503,上櫃,0.0,0.0,0.0
706504,上櫃,0.0,0.0,0.0
706505,上櫃,0.0,0.0,0.0
706506,上櫃,0.0,0.0,0.0
706507,上櫃,0.0,0.0,0.0
706508,上櫃,0.0,0.0,0.0
706509,上櫃,0.0,0.0,0.0
706510,上櫃,0.0,0.0,0.0
706511,上櫃,0.0,0.0,0.0
706512,上櫃,0.0,0.0,0.0
706513,上櫃,0.0,0.0,0.0
706514,上櫃,0.04,0.04,30.0
706515,上櫃,0.0,0.0,0.0
706516,上櫃,0.0,0.0,0.0
706517,上櫃,0.0,0.0,0.0
706519,上櫃,0.0,0.0,0.0
706520,上櫃,0.0,0.0,0.0
706521,上櫃,0.0,0.0,0.0
706522,上櫃,0.0,0.0,0.0
706523,上櫃,0.32,0.28,93.0
706524,上櫃,0.22,0.22,154.0
706526,上櫃,0.0,0.0,0.0
706528,上櫃,0.0,0.0,0.0
706530,上櫃,0.0,0.0,0.0
706531,上櫃,0.0,0.0,0.0
706532,上櫃,0.0,0.0,0.0
706533,上櫃,0.0,0.0,0.0
706534,上櫃,2.46,2.46,1.0
706535,上櫃,0.44,0.56,16.0
706536,上櫃,0.92,0.85,111.0
706537,上櫃,0.14,0.14,100.0
706538,上櫃,0.0,0.0,0.0
706539,上櫃,0.0,0.0,0.0
706540,上櫃,0.0,0.0,0.0
706541,上櫃,0.0,0.0,0.0
706543,上櫃,0.0,0.0,0.0
706544,上櫃,0.23,0.23,10.0
706545,上櫃,1.26,1.38,94.0
706547,上櫃,0.0,0.0,0.0
706548,上櫃,0.0,0.0,0.0
706549,上櫃,1.03,1.07,96.0
706550,上櫃,0.0,0.0,0.0
706551,上櫃,0.0,0.0,0.0
706553,上櫃,0.0,0.0,0.0
706554,上櫃,0.0,0.0,0.0
706555,上櫃,0.0,0.0,0.0
706557,上櫃,0.0,0.0,0.0
706558,上櫃,0.0,0.0,0.0
706559,上櫃,0.39,0.39,154.0
706560,上櫃,0.0,0.0,0.0
706561,上櫃,0.0,0.0,0.0
706562,上櫃,0.81,0.81,6.0
706563,上櫃,0.0,0.0,0.0
706564,上櫃,0.34,0.33,161.0
706565,上櫃,0.76,0.79,128.0
706566,上櫃,0.98,0.92,984.0
706567,上櫃,0.13,0.11,3478.0
706568,上櫃,0.0,0.0,0.0
706569,上櫃,0.0,0.0,0.0
706570,上櫃,0.0,0.0,0.0
706571,上櫃,0.0,0.0,0.0
706572,上櫃,0.76,0.79,120.0
706573,上櫃,2.9,2.83,66.0
706574,上櫃,0.77,0.77,2.0
706575,上櫃,1.28,1.32,145.0
706576,上櫃,0.0,0.0,0.0
706578,上櫃,0.0,0.0,0.0
706579,上櫃,0.49,0.43,143.0
706580,上櫃,0.0,0.0,0.0
706581,上櫃,0.0,0.0,0.0
706585,上櫃,0.0,0.0,0.0
706588,上櫃,0.0,0.0,0.0
706589,上櫃,0.65,0.65,2.0
706590,上櫃,0.0,0.0,0.0
706591,上櫃,0.0,0.0,0.0
706592,上櫃,0.0,0.0,0.0
706593,上櫃,0.0,0.0,0.0
706594,上櫃,0.24,0.24,5.0
706595,上櫃,0.0,0.0,0.0
706596,上櫃,0.0,0.0,0.0
706597,上櫃,0.69,0.72,14.0
706599,上櫃,0.0,0.0,0.0
706600,上櫃,0.0,0.0,0.0
706601,上櫃,0.0,0.0,0.0
706603,上櫃,0.0,0.0,0.0
706604,上櫃,0.0,0.0,0.0
706605,上櫃,0.14,0.12,100.0
706606,上櫃,0.0,0.0,0.0
706607,上櫃,0.0,0.0,0.0
706608,上櫃,0.0,0.0,0.0
706609,上櫃,0.0,0.0,0.0
706610,上櫃,0.0,0.0,0.0
706611,上櫃,0.67,0.74,54.0
706612,上櫃,0.42,0.43,4.0
706613,上櫃,0.0,0.0,0.0
706615,上櫃,0.0,0.0,0.0
706616,上櫃,0.0,0.0,0.0
706617,上櫃,0.0,0.0,0.0
706618,上櫃,0.0,0.0,0.0
706619,上櫃,0.0,0.0,0.0
706620,上櫃,1.74,1.44,55.0
706621,上櫃,0.0,0.0,0.0
706622,上櫃,0.6,0.6,21.0
706623,上櫃,0.0,0.0,0.0
706624,上櫃,0.0,0.0,0.0
706625,上櫃,0.91,1.08,37.0
706626,上櫃,0.0,0.0,0.0
706627,上櫃,0.1,0.1,2.0
706630,上櫃,0.0,0.0,0.0
706631,上櫃,0.8,0.8,10.0
706632,上櫃,0.0,0.0,0.0
706633,上櫃,0.35,0.35,2.0
706634,上櫃,0.0,0.0,0.0
706635,上櫃,0.0,0.0,0.0
706636,上櫃,0.0,0.0,0.0
706638,上櫃,0.0,0.0,0.0
706639,上櫃,0.0,0.0,0.0
706640,上櫃,0.0,0.0,0.0
706641,上櫃,0.0,0.0,0.0
706642,上櫃,0.22,0.22,250.0
706643,上櫃,0.0,0.0,0.0
706645,上櫃,0.0,0.0,0.0
706646,上櫃,0.0,0.0,0.0
706647,上櫃,0.0,0.0,0.0
706648,上櫃,0.96,0.96,10.0
706649,上櫃,0.0,0.0,0.0
706650,上櫃,0.0,0.0,0.0
706652,上櫃,0.0,0.0,0.0
706653,上櫃,0.0,0.0,0.0
706654,上櫃,0.0,0.0,0.0
706655,上櫃,0.0,0.0,0.0
706656,上櫃,0.0,0.0,0.0
706657,上櫃,0.0,0.0,0.0
706658,上櫃,0.0,0.0,0.0
706659,上櫃,0.59,0.51,1063.0
706660,上櫃,0.44,0.45,34.0
706661,上櫃,0.0,0.0,0.0
706662,上櫃,0.0,0.0,0.0
706663,上櫃,0.0,0.0,0.0
706664,上櫃,0.3,0.3,5.0
706665,上櫃,0.0,0.0,0.0
706666,上櫃,0.0,0.0,0.0
706667,上櫃,0.0,0.0,0.0
706669,上櫃,0.0,0.0,0.0
706670,上櫃,0.0,0.0,0.0
706671,上櫃,0.0,0.0,0.0
706672,上櫃,0.0,0.0,0.0
706673,上櫃,0.83,0.83,30.0
706674,上櫃,0.0,0.0,0.0
706675,上櫃,0.0,0.0,0.0
706676,上櫃,0.0,0.0,0.0
706677,上櫃,0.88,0.88,10.0
706678,上櫃,0.0,0.0,0.0
706679,上櫃,0.0,0.0,0.0
706680,上櫃,0.0,0.0,0.0
706681,上櫃,0.0,0.0,0.0
706683,上櫃,1.59,1.56,41.0
706684,上櫃,0.0,0.0,0.0
706685,上櫃,0.0,0.0,0.0
706686,上櫃,0.0,0.0,0.0
706687,上櫃,0.52,0.52,10.0
706689,上櫃,0.0,0.0,0.0
706690,上櫃,0.0,0.0,0.0
706691,上櫃,0.0,0.0,0.0
706692,上櫃,0.0,0.0,0.0
706693,上櫃,2.77,2.57,22.0
706694,上櫃,0.0,0.0,0.0
706695,上櫃,1.1,1.1,1.0
706696,上櫃,0.0,0.0,0.0
706697,上櫃,0.0,0.0,0.0
706698,上櫃,0.76,0.76,54.0
706699,上櫃,0.0,0.0,0.0
706700,上櫃,0.21,0.23,11.0
706701,上櫃,0.11,0.11,10.0
706702,上櫃,0.0,0.0,0.0
706703,上櫃,0.36,0.36,48.0
706704,上櫃,0.0,0.0,0.0
706705,上櫃,0.26,0.25,78.0
706707,上櫃,0.0,0.0,0.0
706708,上櫃,1.15,1.13,31.0
706710,上櫃,0.44,0.53,318.0
706711,上櫃,0.41,0.41,10.0
706712,上櫃,0.35,0.35,10.0
706713,上櫃,1.09,1.22,113.0
706714,上櫃,0.41,0.41,5.0
706715,上櫃,0.0,0.0,0.0
706716,上櫃,0.0,0.0,0.0
706717,上櫃,2.3,2.59,104.0
706721,上櫃,0.0,0.0,0.0
706723,上櫃,0.0,0.0,0.0
706724,上櫃,0.3,0.3,130.0
706726,上櫃,0.0,0.0,0.0
706727,上櫃,0.0,0.0,0.0
706729,上櫃,0.79,0.79,38.0
706730,上櫃,0.55,0.65,380.0
706731,上櫃,0.0,0.0,0.0
706732,上櫃,0.91,0.9,327.0
706733,上櫃,0.0,0.0,0.0
706734,上櫃,0.0,0.0,0.0
706735,上櫃,0.0,0.0,0.0
706736,上櫃,0.0,0.0,0.0
706737,上櫃,0.0,0.0,0.0
706738,上櫃,2.18,1.73,45.0
706740,上櫃,0.0,0.0,0.0
706741,上櫃,0.0,0.0,0.0
706742,上櫃,0.0,0.0,0.0
706743,上櫃,1.97,1.97,76.0
706744,上櫃,0.0,0.0,0.0
706745,上櫃,1.1,1.15,108.0
706746,上櫃,0.0,0.0,0.0
706747,上櫃,0.0,0.0,0.0
706748,上櫃,0.0,0.0,0.0
706749,上櫃,0.72,0.72,1119.0
706750,上櫃,0.0,0.0,0.0
706751,上櫃,0.77,0.77,10.0
706752,上櫃,0.47,0.47,20.0
706753,上櫃,0.0,0.0,0.0
706754,上櫃,1.7,1.77,3374.0
706755,上櫃,0.0,0.0,0.0
706756,上櫃,0.0,0.0,0.0
706757,上櫃,0.14,0.14,110.0
706758,上櫃,0.0,0.0,0.0
706759,上櫃,0.0,0.0,0.0
706760,上櫃,0.97,0.91,8.0
706761,上櫃,1.07,0.84,36.0
706762,上櫃,0.0,0.0,0.0
706765,上櫃,0.0,0.0,0.0
706766,上櫃,0.0,0.0,0.0
706767,上櫃,0.0,0.0,0.0
706768,上櫃,0.3,0.3,128.0
706769,上櫃,0.0,0.0,0.0
706770,上櫃,0.0,0.0,0.0
706771,上櫃,0.0,0.0,0.0
706772,上櫃,0.0,0.0,0.0
706773,上櫃,0.0,0.0,0.0
706774,上櫃,0.0,0.0,0.0
706775,上櫃,0.0,0.0,0.0
706776,上櫃,0.0,0.0,0.0
706779,上櫃,0.0,0.0,0.0
706780,上櫃,0.0,0.0,0.0
706781,上櫃,0.0,0.0,0.0
706782,上櫃,0.0,0.0,0.0
706783,上櫃,0.0,0.0,0.0
706784,上櫃,1.27,1.04,26.0
706785,上櫃,1.02,1.02,58.0
706786,上櫃,0.0,0.0,0.0
706787,上櫃,0.21,0.21,200.0
706788,上櫃,0.0,0.0,0.0
706789,上櫃,1.28,1.32,462.0
706790,上櫃,1.27,1.27,5.0
706791,上櫃,0.0,0.0,0.0
706792,上櫃,0.0,0.0,0.0
706793,上櫃,0.71,0.78,74.0
706794,上櫃,0.0,0.0,0.0
706795,上櫃,0.0,0.0,0.0
706796,上櫃,1.08,1.23,200.0
706797,上櫃,0.0,0.0,0.0
706798,上櫃,0.7,0.75,75.0
706799,上櫃,0.0,0.0,0.0
706800,上櫃,0.0,0.0,0.0
706801,上櫃,0.0,0.0,0.0
706802,上櫃,0.54,0.54,10.0
706803,上櫃,0.73,0.68,55.0
706804,上櫃,0.0,0.0,0.0
706805,上櫃,0.0,0.0,0.0
706806,上櫃,0.0,0.0,0.0
706807,上櫃,0.0,0.0,0.0
706808,上櫃,0.0,0.0,0.0
706809,上櫃,0.0,0.0,0.0
706810,上櫃,0.0,0.0,0.0
706812,上櫃,2.35,2.77,3.0
706813,上櫃,1.97,2.03,104.0
706814,上櫃,0.0,0.0,0.0
706815,上櫃,0.0,0.0,0.0
706816,上櫃,0.0,0.0,0.0
706819,上櫃,0.26,0.26,2.0
706820,上櫃,0.0,0.0,0.0
706821,上櫃,1.06,1.04,77.0
706823,上櫃,1.55,1.55,20.0
706825,上櫃,0.0,0.0,0.0
706826,上櫃,0.0,0.0,0.0
706827,上櫃,0.0,0.0,0.0
706828,上櫃,1.27,1.28,16.0
706829,上櫃,0.0,0.0,0.0
706830,上櫃,0.34,0.34,3493.0
706831,上櫃,0.2,0.2,136.0
706833,上櫃,0.0,0.0,0.0
706835,上櫃,0.0,0.0,0.0
706836,上櫃,0.0,0.0,0.0
706838,上櫃,0.0,0.0,0.0
706839,上櫃,0.0,0.0,0.0
706840,上櫃,1.94,1.9,2.0
706841,上櫃,0.0,0.0,0.0
706842,上櫃,0.67,0.79,680.0
706843,上櫃,0.68,0.77,501.0
706844,上櫃,0.44,0.44,35.0
706845,上櫃,0.0,0.0,0.0
706846,上櫃,0.0,0.0,0.0
706847,上櫃,0.0,0.0,0.0
706848,上櫃,0.0,0.0,0.0
706849,上櫃,0.0,0.0,0.0
706850,上櫃,0.0,0.0,0.0
706851,上櫃,1.08,1.13,96.0
706852,上櫃,0.46,0.48,352.0
706853,上櫃,2.71,2.8,21.0
706855,上櫃,0.0,0.0,0.0
706856,上櫃,0.82,0.82,13.0
706857,上櫃,0.06,0.06,100.0
706858,上櫃,0.0,0.0,0.0
706859,上櫃,0.0,0.0,0.0
706860,上櫃,0.85,0.79,33.0
706861,上櫃,0.0,0.0,0.0
706862,上櫃,0.53,0.55,42.0
706863,上櫃,0.0,0.0,0.0
706865,上櫃,4.27,4.32,20.0
706866,上櫃,3.18,3.18,10.0
706868,上櫃,0.0,0.0,0.0
706869,上櫃,0.0,0.0,0.0
706870,上櫃,0.0,0.0,0.0
706871,上櫃,0.29,0.3,513.0
706872,上櫃,1.26,1.26,20.0
706873,上櫃,0.0,0.0,0.0
706874,上櫃,0.0,0.0,0.0
706875,上櫃,0.0,0.0,0.0
706876,上櫃,0.0,0.0,0.0
706877,上櫃,0.0,0.0,0.0
706878,上櫃,0.0,0.0,0.0
706879,上櫃,0.0,0.0,0.0
706880,上櫃,6.95,6.95,4.0
706881,上櫃,1.8,1.35,56.0
706886,上櫃,0.41,0.46,216.0
706887,上櫃,0.0,0.0,0.0
706889,上櫃,0.0,0.0,0.0
706890,上櫃,0.0,0.0,0.0
706891,上櫃,0.1,0.1,2.0
706892,上櫃,1.44,1.45,2.0
706893,上櫃,0.0,0.0,0.0
706894,上櫃,0.0,0.0,0.0
706895,上櫃,1.13,1.13,21.0
706896,上櫃,0.0,0.0,0.0
706897,上櫃,0.0,0.0,0.0
706898,上櫃,0.65,0.65,6.0
706899,上櫃,0.0,0.0,0.0
706900,上櫃,0.97,1.0,116.0
706901,上櫃,1.6,1.58,90.0
706902,上櫃,0.0,0.0,0.0
706903,上櫃,0.0,0.0,0.0
706904,上櫃,0.0,0.0,0.0
706905,上櫃,0.0,0.0,0.0
706906,上櫃,0.0,0.0,0.0
706907,上櫃,0.0,0.0,0.0
706908,上櫃,0.0,0.0,0.0
706909,上櫃,0.0,0.0,0.0
706910,上櫃,0.0,0.0,0.0
706911,上櫃,0.0,0.0,0.0
706912,上櫃,0.0,0.0,0.0
706913,上櫃,0.0,0.0,0.0
706914,上櫃,0.0,0.0,0.0
706915,上櫃,0.0,0.0,0.0
706916,上櫃,1.11,1.11,201.0
706917,上櫃,0.0,0.0,0.0
706918,上櫃,0.0,0.0,0.0
706919,上櫃,0.72,0.72,1.0
706920,上櫃,0.0,0.0,0.0
706921,上櫃,0.21,0.2,64.0
706922,上櫃,0.0,0.0,0.0
706923,上櫃,0.0,0.0,0.0
706924,上櫃,0.0,0.0,0.0
706925,上櫃,0.25,0.23,60.0
706926,上櫃,0.18,0.17,2826.0
706927,上櫃,0.0,0.0,0.0
706928,上櫃,0.0,0.0,0.0
706929,上櫃,0.0,0.0,0.0
706930,上櫃,0.34,0.34,10.0
706932,上櫃,0.0,0.0,0.0
706934,上櫃,1.5,1.48,16.0
706935,上櫃,3.05,3.05,61.0
706936,上櫃,0.31,0.31,10.0
706937,上櫃,0.0,0.0,0.0
706938,上櫃,0.0,0.0,0.0
706939,上櫃,0.0,0.0,0.0
706940,上櫃,0.16,0.13,45.0
706941,上櫃,0.0,0.0,0.0
706942,上櫃,0.0,0.0,0.0
706946,上櫃,0.0,0.0,0.0
706947,上櫃,0.0,0.0,0.0
706948,上櫃,2.44,2.42,16.0
706949,上櫃,1.85,1.85,24.0
706950,上櫃,4.04,4.04,16.0
706951,上櫃,0.0,0.0,0.0
706952,上櫃,0.0,0.0,0.0
706953,上櫃,0.85,0.85,50.0
706954,上櫃,0.0,0.0,0.0
706955,上櫃,0.0,0.0,0.0
706956,上櫃,0.0,0.0,0.0
706957,上櫃,1.08,1.15,243.0
706958,上櫃,0.0,0.0,0.0
706959,上櫃,0.0,0.0,0.0
706960,上櫃,2.09,2.09,10.0
706962,上櫃,0.0,0.0,0.0
706963,上櫃,0.19,0.19,64.0
706964,上櫃,0.0,0.0,0.0
706965,上櫃,1.83,1.83,20.0
706966,上櫃,0.0,0.0,0.0
706967,上櫃,1.45,1.74,196.0
706968,上櫃,0.0,0.0,0.0
706969,上櫃,0.0,0.0,0.0
706970,上櫃,1.21,1.3,278.0
706971,上櫃,0.64,0.64,20.0
706972,上櫃,1.6,1.44,14.0
706973,上櫃,0.07,0.07,14.0
706975,上櫃,0.95,0.95,11.0
706976,上櫃,0.46,0.49,130.0
706977,上櫃,0.06,0.06,80.0
706978,上櫃,2.8,3.06,30.0
706979,上櫃,1.36,1.4,47.0
706980,上櫃,0.0,0.0,0.0
706981,上櫃,0.39,0.39,21.0
706982,上櫃,2.6,2.66,25.0
706983,上櫃,0.0,0.0,0.0
706984,上櫃,0.0,0.0,0.0
706985,上櫃,0.0,0.0,0.0
706986,上櫃,0.0,0.0,0.0
706987,上櫃,1.34,1.28,12.0
706988,上櫃,0.0,0.0,0.0
706989,上櫃,0.85,0.9,7.0
706990,上櫃,0.0,0.0,0.0
706991,上櫃,1.0,0.9,62.0
706994,上櫃,0.3,0.37,177.0
706995,上櫃,0.0,0.0,0.0
706996,上櫃,0.0,0.0,0.0
706997,上櫃,0.0,0.0,0.0
706998,上櫃,1.28,1.28,10.0
706999,上櫃,0.0,0.0,0.0
707000,上櫃,0.7,0.7,60.0
707001,上櫃,0.0,0.0,0.0
707002,上櫃,0.0,0.0,0.0
707003,上櫃,0.0,0.0,0.0
707004,上櫃,2.17,2.17,10.0
707006,上櫃,0.81,0.75,60.0
707007,上櫃,0.0,0.0,0.0
707008,上櫃,0.0,0.0,0.0
707009,上櫃,0.0,0.0,0.0
707010,上櫃,0.0,0.0,0.0
707011,上櫃,1.96,1.96,2.0
707012,上櫃,1.35,1.35,1.0
707013,上櫃,0.0,0.0,0.0
707014,上櫃,0.0,0.0,0.0
707015,上櫃,0.0,0.0,0.0
707016,上櫃,0.0,0.0,0.0
707017,上櫃,0.58,0.53,153.0
707018,上櫃,0.28,0.24,128.0
707019,上櫃,0.0,0.0,0.0
707020,上櫃,0.0,0.0,0.0
707022,上櫃,0.0,0.0,0.0
707024,上櫃,0.0,0.0,0.0
707025,上櫃,0.0,0.0,0.0
707026,上櫃,0.0,0.0,0.0
707027,上櫃,0.0,0.0,0.0
707028,上櫃,1.02,0.88,76.0
707029,上櫃,0.0,0.0,0.0
707030,上櫃,0.32,0.32,10.0
707031,上櫃,0.12,0.13,140.0
707033,上櫃,1.18,1.41,29.0
707035,上櫃,0.0,0.0,0.0
707036,上櫃,12.9,14.0,2.0
707037,上櫃,0.0,0.0,0.0
707038,上櫃,0.0,0.0,0.0
707039,上櫃,0.0,0.0,0.0
707040,上櫃,1.32,1.54,26.0
707041,上櫃,0.93,0.93,10.0
707042,上櫃,0.93,0.9,126.0
707043,上櫃,0.0,0.0,0.0
707044,上櫃,0.0,0.0,0.0
707045,上櫃,0.68,0.68,30.0
707046,上櫃,0.0,0.0,0.0
707047,上櫃,0.0,0.0,0.0
707048,上櫃,0.56,0.56,15.0
707049,上櫃,0.0,0.0,0.0
707050,上櫃,0.0,0.0,0.0
707051,上櫃,1.58,1.58,4.0
707052,上櫃,0.28,0.27,11.0
707053,上櫃,0.0,0.0,0.0
707054,上櫃,0.44,0.45,2.0
707055,上櫃,0.0,0.0,0.0
707056,上櫃,0.76,0.76,13.0
707057,上櫃,0.33,0.33,4.0
707058,上櫃,0.38,0.38,70.0
707060,上櫃,1.46,1.46,8.0
707061,上櫃,0.0,0.0,0.0
707062,上櫃,0.0,0.0,0.0
707063,上櫃,2.2,2.64,51.0
707064,上櫃,0.0,0.0,0.0
707065,上櫃,0.0,0.0,0.0
707066,上櫃,1.04,1.08,34.0
707067,上櫃,0.94,0.97,118.0
707068,上櫃,0.93,0.93,20.0
707069,上櫃,3.25,3.25,10.0
707070,上櫃,2.94,2.95,30.0
707071,上櫃,0.0,0.0,0.0
707072,上櫃,0.56,0.56,4.0
707073,上櫃,0.75,0.75,6.0
707074,上櫃,0.0,0.0,0.0
707075,上櫃,0.0,0.0,0.0
707076,上櫃,0.0,0.0,0.0
707077,上櫃,1.5,1.5,5.0
707078,上櫃,0.91,0.86,90.0
707079,上櫃,0.16,0.16,34.0
707080,上櫃,0.35,0.33,351.0
707082,上櫃,0.65,0.6,9.0
707083,上櫃,0.0,0.0,0.0
707084,上櫃,0.0,0.0,0.0
707085,上櫃,0.0,0.0,0.0
707086,上櫃,0.0,0.0,0.0
707087,上櫃,0.0,0.0,0.0
707088,上櫃,1.4,1.32,3.0
707089,上櫃,0.52,0.51,624.0
707090,上櫃,0.53,0.54,173.0
707091,上櫃,0.0,0.0,0.0
707092,上櫃,0.0,0.0,0.0
707093,上櫃,0.0,0.0,0.0
707094,上櫃,0.0,0.0,0.0
707095,上櫃,0.0,0.0,0.0
707096,上櫃,0.0,0.0,0.0
707097,上櫃,0.0,0.0,0.0
707098,上櫃,0.47,0.47,200.0
707100,上櫃,0.0,0.0,0.0
707102,上櫃,0.0,0.0,0.0
707103,上櫃,2.17,2.17,5.0
707106,上櫃,0.0,0.0,0.0
707107,上櫃,0.0,0.0,0.0
707108,上櫃,0.0,0.0,0.0
707110,上櫃,0.0,0.0,0.0
707112,上櫃,0.0,0.0,0.0
707113,上櫃,0.0,0.0,0.0
707115,上櫃,0.0,0.0,0.0
707116,上櫃,0.0,0.0,0.0
707117,上櫃,0.0,0.0,0.0
707118,上櫃,0.0,0.0,0.0
707119,上櫃,0.0,0.0,0.0
707120,上櫃,0.0,0.0,0.0
707121,上櫃,0.0,0.0,0.0
707122,上櫃,0.0,0.0,0.0
707123,上櫃,0.0,0.0,0.0
707124,上櫃,0.0,0.0,0.0
707125,上櫃,0.22,0.22,50.0
707126,上櫃,5.05,5.05,5.0
707127,上櫃,0.0,0.0,0.0
707128,上櫃,1.41,1.5,120.0
707129,上櫃,0.49,0.52,93.0
707130,上櫃,0.0,0.0,0.0
707131,上櫃,3.78,3.73,20.0
707132,上櫃,0.19,0.19,8.0
707133,上櫃,0.0,0.0,0.0
707134,上櫃,0.29,0.29,3.0
707135,上櫃,0.0,0.0,0.0
707136,上櫃,0.0,0.0,0.0
707137,上櫃,0.0,0.0,0.0
707138,上櫃,2.36,2.35,14.0
707139,上櫃,0.0,0.0,0.0
707140,上櫃,0.0,0.0,0.0
707141,上櫃,0.43,0.43,184.0
707142,上櫃,0.0,0.0,0.0
707143,上櫃,0.0,0.0,0.0
707144,上櫃,1.31,1.35,171.0
707146,上櫃,1.4,1.4,4.0
707147,上櫃,0.51,0.6,138.0
707149,上櫃,0.0,0.0,0.0
707150,上櫃,0.0,0.0,0.0
707151,上櫃,0.96,0.86,70.0
707152,上櫃,0.32,0.32,11.0
707153,上櫃,0.0,0.0,0.0
707154,上櫃,0.0,0.0,0.0
707155,上櫃,0.0,0.0,0.0
707156,上櫃,0.0,0.0,0.0
707157,上櫃,0.0,0.0,0.0
707158,上櫃,0.93,1.0,137.0
707159,上櫃,0.0,0.0,0.0
707161,上櫃,0.0,0.0,0.0
707163,上櫃,0.0,0.0,0.0
707164,上櫃,0.0,0.0,0.0
707166,上櫃,0.0,0.0,0.0
707167,上櫃,0.0,0.0,0.0
707168,上櫃,0.0,0.0,0.0
707169,上櫃,0.0,0.0,0.0
707170,上櫃,0.0,0.0,0.0
707171,上櫃,0.0,0.0,0.0
707172,上櫃,1.09,1.09,5.0
707173,上櫃,0.0,0.0,0.0
707174,上櫃,0.0,0.0,0.0
707175,上櫃,0.0,0.0,0.0
707176,上櫃,0.42,0.42,20.0
707177,上櫃,0.0,0.0,0.0
707178,上櫃,0.0,0.0,0.0
707179,上櫃,4.91,4.74,111.0
707180,上櫃,0.0,0.0,0.0
707181,上櫃,0.0,0.0,0.0
707182,上櫃,0.0,0.0,0.0
707183,上櫃,0.0,0.0,0.0
707184,上櫃,7.75,8.95,42.0
707185,上櫃,0.0,0.0,0.0
707186,上櫃,0.0,0.0,0.0
707187,上櫃,0.0,0.0,0.0
707188,上櫃,0.0,0.0,0.0
707189,上櫃,0.0,0.0,0.0
707191,上櫃,0.0,0.0,0.0
707192,上櫃,0.24,0.26,100.0
707193,上櫃,1.95,2.04,15.0
707194,上櫃,0.46,0.46,5.0
707195,上櫃,0.4,0.4,10.0
707196,上櫃,0.47,0.47,27.0
707197,上櫃,0.0,0.0,0.0
707198,上櫃,0.0,0.0,0.0
707199,上櫃,0.42,0.42,174.0
707200,上櫃,0.0,0.0,0.0
707201,上櫃,0.0,0.0,0.0
707202,上櫃,0.0,0.0,0.0
707203,上櫃,0.0,0.0,0.0
707204,上櫃,0.0,0.0,0.0
707205,上櫃,0.0,0.0,0.0
707206,上櫃,0.0,0.0,0.0
707208,上櫃,0.0,0.0,0.0
707209,上櫃,4.2,4.05,5.0
707210,上櫃,0.1,0.1,9.0
707211,上櫃,0.26,0.22,108.0
707213,上櫃,1.0,1.22,252.0
707214,上櫃,0.0,0.0,0.0
707215,上櫃,0.27,0.27,6.0
707216,上櫃,0.0,0.0,0.0
707217,上櫃,0.0,0.0,0.0
707218,上櫃,0.0,0.0,0.0
707219,上櫃,0.0,0.0,0.0
707220,上櫃,0.13,0.19,11.0
707221,上櫃,1.52,1.61,193.0
707222,上櫃,1.57,1.63,69.0
707223,上櫃,0.0,0.0,0.0
707224,上櫃,0.0,0.0,0.0
707225,上櫃,0.0,0.0,0.0
707226,上櫃,0.0,0.0,0.0
707227,上櫃,0.0,0.0,0.0
707228,上櫃,0.0,0.0,0.0
707229,上櫃,0.0,0.0,0.0
707230,上櫃,2.67,2.87,8.0
707231,上櫃,0.49,0.49,9.0
707232,上櫃,0.38,0.68,187.0
707233,上櫃,0.0,0.0,0.0
707234,上櫃,0.0,0.0,0.0
707235,上櫃,4.63,4.63,21.0
707236,上櫃,0.0,0.0,0.0
707237,上櫃,3.12,3.15,26.0
707238,上櫃,1.34,1.34,1.0
707239,上櫃,0.11,0.1,90.0
707240,上櫃,0.0,0.0,0.0
707242,上櫃,2.54,2.65,78.0
707243,上櫃,0.0,0.0,0.0
707244,上櫃,0.0,0.0,0.0
707245,上櫃,0.0,0.0,0.0
707246,上櫃,0.0,0.0,0.0
707247,上櫃,4.0,4.11,46.0
707248,上櫃,0.0,0.0,0.0
707249,上櫃,0.75,0.91,66.0
707250,上櫃,0.0,0.0,0.0
707251,上櫃,0.5,0.5,26.0
707252,上櫃,0.0,0.0,0.0
707253,上櫃,0.0,0.0,0.0
707255,上櫃,0.31,0.32,8.0
707256,上櫃,0.0,0.0,0.0
707257,上櫃,0.39,0.39,31.0
707258,上櫃,0.0,0.0,0.0
707259,上櫃,0.0,0.0,0.0
707260,上櫃,0.0,0.0,0.0
707261,上櫃,4.74,4.75,6.0
707262,上櫃,0.0,0.0,0.0
707263,上櫃,0.0,0.0,0.0
707264,上櫃,0.0,0.0,0.0
707265,上櫃,0.38,0.36,6.0
707266,上櫃,1.09,1.05,190.0
707267,上櫃,0.0,0.0,0.0
707268,上櫃,0.38,0.4,150.0
707269,上櫃,0.69,0.69,45.0
707270,上櫃,0.0,0.0,0.0
707271,上櫃,2.18,2.18,1.0
707272,上櫃,0.0,0.0,0.0
707273,上櫃,0.0,0.0,0.0
707274,上櫃,0.0,0.0,0.0
707275,上櫃,0.0,0.0,0.0
707276,上櫃,1.01,1.04,53.0
707277,上櫃,0.0,0.0,0.0
707278,上櫃,0.92,0.86,147.0
707279,上櫃,0.0,0.0,0.0
707280,上櫃,0.0,0.0,0.0
707281,上櫃,0.42,0.54,128.0
707282,上櫃,0.0,0.0,0.0
707283,上櫃,0.0,0.0,0.0
707284,上櫃,0.0,0.0,0.0
707285,上櫃,0.67,0.67,5.0
707286,上櫃,0.0,0.0,0.0
707287,上櫃,0.0,0.0,0.0
707288,上櫃,0.0,0.0,0.0
707289,上櫃,0.0,0.0,0.0
707290,上櫃,0.0,0.0,0.0
707291,上櫃,0.0,0.0,0.0
707292,上櫃,0.69,0.69,2.0
707293,上櫃,0.0,0.0,0.0
707294,上櫃,0.0,0.0,0.0
707295,上櫃,0.0,0.0,0.0
707296,上櫃,0.0,0.0,0.0
707297,上櫃,0.0,0.0,0.0
707298,上櫃,2.75,2.75,1.0
707299,上櫃,2.9,3.1,42.0
707300,上櫃,0.0,0.0,0.0
707301,上櫃,0.0,0.0,0.0
707302,上櫃,3.16,2.72,207.0
707303,上櫃,0.0,0.0,0.0
707304,上櫃,3.13,3.16,2.0
707305,上櫃,0.0,0.0,0.0
707306,上櫃,5.1,5.1,3.0
707307,上櫃,0.0,0.0,0.0
707308,上櫃,0.0,0.0,0.0
707309,上櫃,0.0,0.0,0.0
707310,上櫃,0.25,0.35,110.0
707311,上櫃,0.41,0.41,36.0
707312,上櫃,1.25,1.52,145.0
707313,上櫃,1.59,1.4,8.0
707314,上櫃,0.0,0.0,0.0
707315,上櫃,2.55,2.45,134.0
707316,上櫃,0.0,0.0,0.0
707317,上櫃,2.0,1.67,155.0
707318,上櫃,1.13,1.24,28.0
707319,上櫃,0.0,0.0,0.0
707320,上櫃,0.0,0.0,0.0
707321,上櫃,0.0,0.0,0.0
707322,上櫃,0.0,0.0,0.0
707323,上櫃,1.01,0.94,5.0
707324,上櫃,0.0,0.0,0.0
707325,上櫃,0.0,0.0,0.0
707326,上櫃,0.0,0.0,0.0
707327,上櫃,0.95,0.95,10.0
707328,上櫃,1.36,1.32,22.0
707329,上櫃,0.38,0.38,10.0
707330,上櫃,5.2,5.6,50.0
707331,上櫃,0.0,0.0,0.0
707332,上櫃,1.44,1.46,28.0
707333,上櫃,2.48,2.29,42.0
707334,上櫃,1.88,1.78,210.0
707335,上櫃,1.55,1.59,14.0
707336,上櫃,1.13,1.14,109.0
707337,上櫃,0.31,0.31,393.0
707338,上櫃,0.38,0.38,20.0
707339,上櫃,0.38,0.4,115.0
707340,上櫃,1.18,1.14,11.0
707341,上櫃,1.35,1.1,59.0
707342,上櫃,0.6,0.62,101.0
707343,上櫃,0.76,0.85,855.0
707344,上櫃,0.0,0.0,0.0
707345,上櫃,0.0,0.0,0.0
707346,上櫃,0.57,0.58,132.0
707347,上櫃,0.75,0.75,191.0
707348,上櫃,0.0,0.0,0.0
707349,上櫃,2.37,2.62,83.0
707350,上櫃,0.0,0.0,0.0
707351,上櫃,0.0,0.0,0.0
707352,上櫃,1.12,1.15,15.0
707353,上櫃,1.08,1.11,91.0
707354,上櫃,0.0,0.0,0.0
707355,上櫃,0.64,0.69,119.0
707356,上櫃,1.13,1.1,39.0
707357,上櫃,0.72,0.72,15.0
707358,上櫃,4.78,4.78,5.0
707359,上櫃,1.55,1.55,5.0
707360,上櫃,1.08,1.08,1.0
707361,上櫃,0.64,0.62,191.0
707362,上櫃,0.0,0.0,0.0
707363,上櫃,0.0,0.0,0.0
707364,上櫃,2.63,2.69,17.0
707365,上櫃,0.0,0.0,0.0
707366,上櫃,0.21,0.21,4.0
707367,上櫃,0.0,0.0,0.0
707368,上櫃,0.72,0.6,103.0
707369,上櫃,0.0,0.0,0.0
707370,上櫃,0.36,0.36,48.0
707371,上櫃,0.64,0.65,43.0
707372,上櫃,0.0,0.0,0.0
707373,上櫃,1.57,1.39,68.0
707374,上櫃,1.41,1.5,159.0
707375,上櫃,0.0,0.0,0.0
707376,上櫃,0.98,0.98,200.0
707377,上櫃,0.0,0.0,0.0
707378,上櫃,0.0,0.0,0.0
707379,上櫃,0.98,0.9,4.0
707380,上櫃,0.0,0.0,0.0
707381,上櫃,1.87,1.87,200.0
707382,上櫃,1.0,1.0,2.0
707383,上櫃,0.0,0.0,0.0
707384,上櫃,0.0,0.0,0.0
707385,上櫃,0.0,0.0,0.0
707387,上櫃,1.7,1.7,100.0
707388,上櫃,0.0,0.0,0.0
707389,上櫃,0.0,0.0,0.0
707390,上櫃,0.0,0.0,0.0
707392,上櫃,0.0,0.0,0.0
707393,上櫃,0.0,0.0,0.0
707394,上櫃,2.09,2.0,95.0
707395,上櫃,1.62,1.66,23.0
707396,上櫃,0.0,0.0,0.0
707397,上櫃,0.24,0.23,502.0
707398,上櫃,0.0,0.0,0.0
707399,上櫃,0.0,0.0,0.0
707400,上櫃,0.0,0.0,0.0
707401,上櫃,0.0,0.0,0.0
707402,上櫃,0.0,0.0,0.0
707403,上櫃,0.0,0.0,0.0
707404,上櫃,0.0,0.0,0.0
707405,上櫃,0.0,0.0,0.0
707406,上櫃,0.0,0.0,0.0
707407,上櫃,0.57,0.55,261.0
707408,上櫃,0.0,0.0,0.0
707409,上櫃,0.43,0.43,285.0
707410,上櫃,0.0,0.0,0.0
707411,上櫃,0.0,0.0,0.0
707412,上櫃,0.0,0.0,0.0
707413,上櫃,0.0,0.0,0.0
707414,上櫃,0.64,0.64,192.0
707415,上櫃,0.0,0.0,0.0
707416,上櫃,0.52,0.52,30.0
707417,上櫃,0.0,0.0,0.0
707418,上櫃,0.0,0.0,0.0
707419,上櫃,0.0,0.0,0.0
707420,上櫃,0.0,0.0,0.0
707421,上櫃,0.0,0.0,0.0
707422,上櫃,1.31,1.44,1617.0
707423,上櫃,0.0,0.0,0.0
707424,上櫃,0.0,0.0,0.0
707425,上櫃,0.99,0.99,20.0
707426,上櫃,0.0,0.0,0.0
707427,上櫃,0.0,0.0,0.0
707428,上櫃,0.0,0.0,0.0
707429,上櫃,0.0,0.0,0.0
707430,上櫃,0.0,0.0,0.0
707431,上櫃,0.0,0.0,0.0
707433,上櫃,0.0,0.0,0.0
707434,上櫃,4.11,4.69,39.0
707435,上櫃,0.0,0.0,0.0
707436,上櫃,0.0,0.0,0.0
707437,上櫃,0.31,0.31,90.0
707438,上櫃,0.0,0.0,0.0
707439,上櫃,1.14,1.21,47.0
707440,上櫃,0.0,0.0,0.0
707441,上櫃,0.0,0.0,0.0
707442,上櫃,0.0,0.0,0.0
707443,上櫃,0.0,0.0,0.0
707444,上櫃,0.11,0.11,16.0
707445,上櫃,0.0,0.0,0.0
707447,上櫃,0.0,0.0,0.0
707448,上櫃,0.0,0.0,0.0
707449,上櫃,0.0,0.0,0.0
707450,上櫃,7.0,7.0,3.0
707451,上櫃,0.0,0.0,0.0
707452,上櫃,0.0,0.0,0.0
707453,上櫃,0.74,0.74,84.0
707454,上櫃,0.96,0.91,26.0
707455,上櫃,0.76,0.89,169.0
707456,上櫃,0.0,0.0,0.0
707457,上櫃,0.0,0.0,0.0
707458,上櫃,0.0,0.0,0.0
707459,上櫃,0.0,0.0,0.0
707460,上櫃,0.16,0.16,70.0
707461,上櫃,1.42,1.53,2.0
707462,上櫃,0.0,0.0,0.0
707463,上櫃,0.0,0.0,0.0
707464,上櫃,0.0,0.0,0.0
707465,上櫃,0.0,0.0,0.0
707466,上櫃,0.0,0.0,0.0
707467,上櫃,2.15,2.33,120.0
707468,上櫃,0.0,0.0,0.0
707469,上櫃,0.0,0.0,0.0
707470,上櫃,0.58,0.58,1.0
707471,上櫃,0.37,0.34,35.0
707472,上櫃,0.0,0.0,0.0
707473,上櫃,0.0,0.0,0.0
707474,上櫃,1.06,1.06,48.0
707475,上櫃,0.0,0.0,0.0
707476,上櫃,0.0,0.0,0.0
707477,上櫃,0.0,0.0,0.0
707478,上櫃,0.0,0.0,0.0
707479,上櫃,0.0,0.0,0.0
707480,上櫃,0.0,0.0,0.0
707481,上櫃,0.0,0.0,0.0
707482,上櫃,1.45,1.47,210.0
707483,上櫃,0.24,0.24,10.0
707484,上櫃,0.0,0.0,0.0
707485,上櫃,0.0,0.0,0.0
707487,上櫃,0.0,0.0,0.0
707488,上櫃,0.37,0.32,351.0
707489,上櫃,0.17,0.17,2.0
707490,上櫃,0.0,0.0,0.0
707491,上櫃,0.19,0.18,5.0
707492,上櫃,0.0,0.0,0.0
707493,上櫃,0.04,0.14,2.0
707494,上櫃,0.98,0.98,128.0
707495,上櫃,0.55,0.71,402.0
707496,上櫃,0.42,0.54,589.0
707497,上櫃,0.0,0.0,0.0
707498,上櫃,0.0,0.0,0.0
707499,上櫃,0.0,0.0,0.0
707500,上櫃,0.0,0.0,0.0
707503,上櫃,0.0,0.0,0.0
707504,上櫃,0.0,0.0,0.0
707505,上櫃,0.0,0.0,0.0
707506,上櫃,0.0,0.0,0.0
707507,上櫃,0.0,0.0,0.0
707508,上櫃,0.0,0.0,0.0
707509,上櫃,0.15,0.15,10.0
707510,上櫃,0.0,0.0,0.0
707511,上櫃,0.0,0.0,0.0
707512,上櫃,0.93,1.0,19.0
707513,上櫃,0.0,0.0,0.0
707514,上櫃,0.62,0.62,240.0
707515,上櫃,0.27,0.27,1.0
707516,上櫃,0.74,0.74,6.0
707517,上櫃,0.0,0.0,0.0
707518,上櫃,0.0,0.0,0.0
707519,上櫃,1.08,1.05,210.0
707520,上櫃,0.0,0.0,0.0
707521,上櫃,0.0,0.0,0.0
707522,上櫃,0.0,0.0,0.0
707523,上櫃,0.73,0.76,33.0
707524,上櫃,0.0,0.0,0.0
707525,上櫃,0.0,0.0,0.0
707526,上櫃,2.07,2.07,29.0
707527,上櫃,0.8,0.93,440.0
707528,上櫃,0.0,0.0,0.0
707529,上櫃,0.0,0.0,0.0
707530,上櫃,0.0,0.0,0.0
707531,上櫃,0.89,0.95,44.0
707533,上櫃,0.0,0.0,0.0
707534,上櫃,4.64,5.0,42.0
707535,上櫃,0.0,0.0,0.0
707536,上櫃,1.14,1.14,100.0
707537,上櫃,0.0,0.0,0.0
707538,上櫃,0.11,0.09,2462.0
707539,上櫃,0.0,0.0,0.0
707541,上櫃,0.47,0.46,85.0
707542,上櫃,5.9,6.25,50.0
707543,上櫃,0.0,0.0,0.0
707544,上櫃,0.12,0.11,231.0
707545,上櫃,0.1,0.1,2.0
707546,上櫃,0.31,0.31,35.0
707547,上櫃,0.27,0.26,67.0
707548,上櫃,0.0,0.0,0.0
707549,上櫃,0.0,0.0,0.0
707550,上櫃,0.0,0.0,0.0
707551,上櫃,3.96,3.96,1.0
707552,上櫃,0.9,1.05,301.0
707553,上櫃,0.0,0.0,0.0
707554,上櫃,0.0,0.0,0.0
707555,上櫃,0.35,0.5,110.0
707556,上櫃,0.65,0.7,239.0
707557,上櫃,0.77,0.77,225.0
707558,上櫃,0.0,0.0,0.0
707559,上櫃,0.29,0.3,5.0
707560,上櫃,0.0,0.0,0.0
707561,上櫃,0.0,0.0,0.0
707562,上櫃,0.0,0.0,0.0
707563,上櫃,0.0,0.0,0.0
707564,上櫃,0.0,0.0,0.0
707565,上櫃,0.0,0.0,0.0
707566,上櫃,0.0,0.0,0.0
707567,上櫃,0.0,0.0,0.0
707568,上櫃,0.47,0.41,348.0
707569,上櫃,0.36,0.36,20.0
707570,上櫃,0.0,0.0,0.0
707571,上櫃,0.0,0.0,0.0
707572,上櫃,0.22,0.19,280.0
707573,上櫃,0.22,0.19,53.0
707574,上櫃,0.5,0.59,1040.0
707575,上櫃,0.0,0.0,0.0
707576,上櫃,1.29,1.3,15.0
707577,上櫃,0.64,0.72,1265.0
707578,上櫃,0.96,1.03,267.0
707579,上櫃,0.16,0.16,105.0
707580,上櫃,0.24,0.22,335.0
707581,上櫃,0.0,0.0,0.0
707582,上櫃,0.3,0.3,7.0
707583,上櫃,0.97,0.97,4.0
707584,上櫃,0.0,0.0,0.0
707585,上櫃,0.0,0.0,0.0
707586,上櫃,0.0,0.0,0.0
707587,上櫃,0.0,0.0,0.0
707588,上櫃,0.0,0.0,0.0
707589,上櫃,0.57,0.57,51.0
707590,上櫃,0.0,0.0,0.0
707591,上櫃,2.86,2.86,5.0
707592,上櫃,2.33,2.33,6.0
707593,上櫃,0.5,0.49,25.0
707594,上櫃,0.0,0.0,0.0
707595,上櫃,0.0,0.0,0.0
707596,上櫃,1.0,1.14,231.0
707597,上櫃,0.0,0.0,0.0
707598,上櫃,1.65,1.66,2.0
707599,上櫃,1.25,1.25,1.0
707600,上櫃,3.0,2.84,15.0
707601,上櫃,0.0,0.0,0.0
707602,上櫃,0.0,0.0,0.0
707603,上櫃,0.0,0.0,0.0
707604,上櫃,0.0,0.0,0.0
707605,上櫃,0.0,0.0,0.0
707606,上櫃,0.58,0.58,50.0
707607,上櫃,1.26,1.26,40.0
707608,上櫃,1.39,1.38,80.0
707609,上櫃,0.8,0.82,52.0
707610,上櫃,0.0,0.0,0.0
707611,上櫃,0.37,0.37,102.0
707612,上櫃,0.0,0.0,0.0
707613,上櫃,0.45,0.45,67.0
707614,上櫃,0.61,0.61,999.0
707615,上櫃,0.0,0.0,0.0
707616,上櫃,0.0,0.0,0.0
707617,上櫃,0.67,0.67,10.0
707618,上櫃,0.0,0.0,0.0
707619,上櫃,0.0,0.0,0.0
707620,上櫃,0.0,0.0,0.0
707621,上櫃,0.0,0.0,0.0
707622,上櫃,0.0,0.0,0.0
707623,上櫃,0.0,0.0,0.0
707624,上櫃,2.26,2.26,2.0
707625,上櫃,0.0,0.0,0.0
707626,上櫃,0.0,0.0,0.0
707627,上櫃,0.0,0.0,0.0
707628,上櫃,0.49,0.51,21.0
707629,上櫃,0.0,0.0,0.0
707631,上櫃,0.0,0.0,0.0
707632,上櫃,0.0,0.0,0.0
707633,上櫃,3.24,3.24,3.0
707634,上櫃,0.0,0.0,0.0
707635,上櫃,0.12,0.12,20.0
707636,上櫃,0.0,0.0,0.0
707637,上櫃,0.63,0.61,13.0
707638,上櫃,0.44,0.44,10.0
707639,上櫃,0.0,0.0,0.0
707640,上櫃,0.0,0.0,0.0
707641,上櫃,0.0,0.0,0.0
707642,上櫃,0.0,0.0,0.0
707643,上櫃,0.0,0.0,0.0
707644,上櫃,0.87,0.87,23.0
707645,上櫃,0.9,0.83,123.0
707646,上櫃,0.71,0.59,104.0
707647,上櫃,0.0,0.0,0.0
707648,上櫃,0.0,0.0,0.0
707649,上櫃,0.0,0.0,0.0
707650,上櫃,0.86,0.74,300.0
707651,上櫃,0.47,0.47,7.0
707652,上櫃,0.0,0.0,0.0
707653,上櫃,0.0,0.0,0.0
707654,上櫃,0.1,0.1,40.0
707655,上櫃,0.53,0.53,1.0
707656,上櫃,0.0,0.0,0.0
707657,上櫃,0.43,0.43,171.0
707658,上櫃,0.38,0.37,210.0
707659,上櫃,0.37,0.38,396.0
707660,上櫃,0.0,0.0,0.0
707661,上櫃,0.4,0.52,66.0
707664,上櫃,0.0,0.0,0.0
707665,上櫃,0.0,0.0,0.0
707666,上櫃,5.25,5.25,2.0
707667,上櫃,0.09,0.09,90.0
707668,上櫃,2.92,2.78,16.0
707669,上櫃,0.0,0.0,0.0
707670,上櫃,0.0,0.0,0.0
707671,上櫃,0.0,0.0,0.0
707672,上櫃,0.0,0.0,0.0
707673,上櫃,0.0,0.0,0.0
707674,上櫃,0.0,0.0,0.0
707676,上櫃,0.63,0.62,63.0
707677,上櫃,1.08,1.06,19.0
707678,上櫃,0.0,0.0,0.0
707679,上櫃,0.0,0.0,0.0
707680,上櫃,0.42,0.42,50.0
707681,上櫃,0.42,0.41,1008.0
707682,上櫃,0.0,0.0,0.0
707683,上櫃,0.47,0.47,267.0
707684,上櫃,0.0,0.0,0.0
707685,上櫃,0.0,0.0,0.0
707686,上櫃,0.0,0.0,0.0
707687,上櫃,0.58,0.61,53.0
707688,上櫃,1.14,1.14,10.0
707689,上櫃,1.33,1.28,184.0
707690,上櫃,0.51,0.55,88.0
707691,上櫃,0.0,0.0,0.0
707692,上櫃,0.0,0.0,0.0
707693,上櫃,0.0,0.0,0.0
707694,上櫃,0.37,0.37,1.0
707695,上櫃,0.0,0.0,0.0
707696,上櫃,0.0,0.0,0.0
707697,上櫃,0.0,0.0,0.0
707698,上櫃,0.0,0.0,0.0
707699,上櫃,0.0,0.0,0.0
707700,上櫃,0.0,0.0,0.0
707701,上櫃,0.0,0.0,0.0
707702,上櫃,0.0,0.0,0.0
707703,上櫃,0.36,0.38,245.0
707704,上櫃,0.0,0.0,0.0
707705,上櫃,2.12,2.0,205.0
707706,上櫃,0.1,0.1,1.0
707707,上櫃,0.0,0.0,0.0
707708,上櫃,0.0,0.0,0.0
707709,上櫃,0.0,0.0,0.0
707710,上櫃,0.0,0.0,0.0
707711,上櫃,0.0,0.0,0.0
707712,上櫃,1.53,1.53,10.0
707713,上櫃,0.0,0.0,0.0
707714,上櫃,0.09,0.1,168.0
707715,上櫃,0.0,0.0,0.0
707716,上櫃,0.0,0.0,0.0
707717,上櫃,0.0,0.0,0.0
707718,上櫃,0.0,0.0,0.0
707719,上櫃,1.36,1.36,1.0
707720,上櫃,0.0,0.0,0.0
707721,上櫃,1.48,1.42,92.0
707722,上櫃,1.66,1.84,176.0
707723,上櫃,0.0,0.0,0.0
707724,上櫃,0.0,0.0,0.0
707725,上櫃,0.0,0.0,0.0
707726,上櫃,0.0,0.0,0.0
707727,上櫃,0.0,0.0,0.0
707728,上櫃,0.0,0.0,0.0
707729,上櫃,0.0,0.0,0.0
707730,上櫃,1.84,1.84,1.0
707731,上櫃,0.0,0.0,0.0
707732,上櫃,8.8,8.8,30.0
707733,上櫃,0.0,0.0,0.0
707734,上櫃,1.0,1.0,2.0
707735,上櫃,0.75,0.72,209.0
707736,上櫃,0.0,0.0,0.0
707738,上櫃,0.0,0.0,0.0
707739,上櫃,0.0,0.0,0.0
707740,上櫃,0.0,0.0,0.0
707741,上櫃,2.81,2.81,2.0
707742,上櫃,0.0,0.0,0.0
707743,上櫃,0.0,0.0,0.0
707744,上櫃,0.0,0.0,0.0
707746,上櫃,0.0,0.0,0.0
707747,上櫃,1.09,1.22,188.0
707748,上櫃,1.38,1.49,241.0
707749,上櫃,2.03,2.14,31.0
707750,上櫃,0.72,0.72,10.0
707751,上櫃,0.0,0.0,0.0
707752,上櫃,0.16,0.16,15.0
707753,上櫃,0.0,0.0,0.0
707754,上櫃,0.97,0.91,242.0
707755,上櫃,0.0,0.0,0.0
707756,上櫃,0.0,0.0,0.0
707757,上櫃,0.75,0.78,6005.0
707758,上櫃,0.91,0.95,1602.0
707759,上櫃,1.28,1.22,235.0
707760,上櫃,0.0,0.0,0.0
707761,上櫃,0.0,0.0,0.0
707762,上櫃,0.0,0.0,0.0
707763,上櫃,1.63,1.69,350.0
707764,上櫃,1.61,1.61,569.0
707765,上櫃,1.88,1.91,939.0
707766,上櫃,0.0,0.0,0.0
707767,上櫃,3.2,3.2,15.0
707768,上櫃,0.11,0.11,1.0
707769,上櫃,0.0,0.0,0.0
707770,上櫃,0.0,0.0,0.0
707771,上櫃,0.0,0.0,0.0
707772,上櫃,0.67,0.67,4.0
707773,上櫃,0.15,0.15,33.0
707774,上櫃,0.0,0.0,0.0
707775,上櫃,0.36,0.36,3.0
707776,上櫃,0.0,0.0,0.0
707777,上櫃,6.35,6.4,11.0
707778,上櫃,1.94,1.89,53.0
707779,上櫃,0.0,0.0,0.0
707780,上櫃,0.2,0.16,267.0
707781,上櫃,1.16,1.26,75.0
707782,上櫃,0.38,0.37,179.0
707783,上櫃,0.0,0.0,0.0
707784,上櫃,0.0,0.0,0.0
707785,上櫃,0.05,0.09,101.0
707786,上櫃,0.12,0.12,30.0
707787,上櫃,0.25,0.24,46.0
707788,上櫃,0.0,0.0,0.0
707789,上櫃,0.0,0.0,0.0
707790,上櫃,0.0,0.0,0.0
707791,上櫃,0.82,0.64,10.0
707792,上櫃,0.0,0.0,0.0
707793,上櫃,0.0,0.0,0.0
707794,上櫃,0.0,0.0,0.0
707795,上櫃,2.68,2.37,61.0
707796,上櫃,2.55,2.31,283.0
707797,上櫃,2.54,2.18,365.0
707798,上櫃,2.43,2.18,689.0
707799,上櫃,0.94,0.95,22.0
707800,上櫃,0.0,0.0,0.0
707801,上櫃,0.08,0.08,10.0
707802,上櫃,0.0,0.0,0.0
707803,上櫃,0.0,0.0,0.0
707804,上櫃,0.0,0.0,0.0
707805,上櫃,0.0,0.0,0.0
707806,上櫃,1.96,1.96,28.0
707807,上櫃,0.0,0.0,0.0
707808,上櫃,0.0,0.0,0.0
707809,上櫃,0.0,0.0,0.0
707810,上櫃,0.0,0.0,0.0
707811,上櫃,0.5,0.5,5.0
707812,上櫃,0.0,0.0,0.0
707813,上櫃,2.25,1.84,89.0
707814,上櫃,0.0,0.0,0.0
707815,上櫃,0.0,0.0,0.0
707816,上櫃,0.0,0.0,0.0
707817,上櫃,0.0,0.0,0.0
707818,上櫃,0.0,0.0,0.0
707819,上櫃,0.33,0.36,36.0
707820,上櫃,0.8,0.8,40.0
707821,上櫃,0.99,0.85,18.0
707822,上櫃,0.98,1.17,141.0
707823,上櫃,0.0,0.0,0.0
707824,上櫃,0.0,0.0,0.0
707825,上櫃,0.0,0.0,0.0
707827,上櫃,0.0,0.0,0.0
707828,上櫃,1.84,1.51,287.0
707829,上櫃,3.73,3.59,99.0
707830,上櫃,0.0,0.0,0.0
707831,上櫃,0.0,0.0,0.0
707832,上櫃,0.0,0.0,0.0
707833,上櫃,0.0,0.0,0.0
707834,上櫃,0.44,0.36,61.0
707835,上櫃,0.0,0.0,0.0
707836,上櫃,0.0,0.0,0.0
707837,上櫃,1.42,1.44,205.0
707838,上櫃,0.28,0.28,4.0
707839,上櫃,1.5,1.4,327.0
707840,上櫃,0.0,0.0,0.0
707841,上櫃,0.0,0.0,0.0
707842,上櫃,0.0,0.0,0.0
707843,上櫃,1.1,1.1,36.0
707844,上櫃,0.87,0.93,508.0
707845,上櫃,0.23,0.23,200.0
707846,上櫃,0.09,0.1,1434.0
707847,上櫃,0.46,0.49,468.0
707848,上櫃,1.2,1.11,96.0
707849,上櫃,0.0,0.0,0.0
707850,上櫃,0.0,0.0,0.0
707851,上櫃,0.25,0.25,40.0
707852,上櫃,2.45,2.38,557.0
707853,上櫃,0.1,0.09,30.0
707854,上櫃,0.66,0.66,10.0
707855,上櫃,0.0,0.0,0.0
707856,上櫃,2.71,2.71,10.0
707857,上櫃,0.0,0.0,0.0
707858,上櫃,0.87,0.92,392.0
707859,上櫃,1.1,1.1,10.0
707860,上櫃,0.19,0.15,124.0
707861,上櫃,0.0,0.0,0.0
707862,上櫃,0.0,0.0,0.0
707863,上櫃,0.0,0.0,0.0
707864,上櫃,0.16,0.16,20.0
707865,上櫃,0.59,0.53,426.0
707866,上櫃,0.0,0.0,0.0
707867,上櫃,0.0,0.0,0.0
707868,上櫃,0.0,0.0,0.0
707869,上櫃,0.0,0.0,0.0
707870,上櫃,0.0,0.0,0.0
707871,上櫃,0.0,0.0,0.0
707872,上櫃,0.0,0.0,0.0
707873,上櫃,0.21,0.21,50.0
707874,上櫃,0.33,0.33,1.0
707875,上櫃,0.0,0.0,0.0
707876,上櫃,0.0,0.0,0.0
707877,上櫃,0.0,0.0,0.0
707878,上櫃,0.31,0.35,4.0
707879,上櫃,0.0,0.0,0.0
707881,上櫃,0.0,0.0,0.0
707882,上櫃,0.0,0.0,0.0
707883,上櫃,0.0,0.0,0.0
707884,上櫃,0.0,0.0,0.0
707885,上櫃,0.0,0.0,0.0
707886,上櫃,0.0,0.0,0.0
707887,上櫃,0.0,0.0,0.0
707888,上櫃,0.11,0.11,110.0
707889,上櫃,0.0,0.0,0.0
707890,上櫃,0.0,0.0,0.0
707891,上櫃,0.0,0.0,0.0
707892,上櫃,0.78,0.72,35.0
707893,上櫃,0.0,0.0,0.0
707894,上櫃,0.17,0.17,50.0
707895,上櫃,0.77,0.87,15.0
707896,上櫃,0.44,0.58,1599.0
707897,上櫃,0.0,0.0,0.0
707898,上櫃,0.0,0.0,0.0
707899,上櫃,0.07,0.1,431.0
707900,上櫃,0.0,0.0,0.0
707901,上櫃,0.58,0.58,81.0
707902,上櫃,0.0,0.0,0.0
707903,上櫃,0.44,0.41,25.0
707904,上櫃,3.18,3.53,60.0
707906,上櫃,0.0,0.0,0.0
707907,上櫃,2.15,2.15,128.0
707908,上櫃,0.0,0.0,0.0
707909,上櫃,0.0,0.0,0.0
707910,上櫃,0.0,0.0,0.0
707911,上櫃,0.0,0.0,0.0
707912,上櫃,0.0,0.0,0.0
707913,上櫃,0.03,0.03,410.0
707914,上櫃,0.48,0.46,432.0
707915,上櫃,0.19,0.19,10.0
707916,上櫃,0.0,0.0,0.0
707917,上櫃,0.0,0.0,0.0
707918,上櫃,0.0,0.0,0.0
707919,上櫃,0.0,0.0,0.0
707920,上櫃,0.0,0.0,0.0
707921,上櫃,0.18,0.18,50.0
707922,上櫃,4.19,4.19,12.0
707923,上櫃,0.0,0.0,0.0
707924,上櫃,0.0,0.0,0.0
707925,上櫃,0.0,0.0,0.0
707926,上櫃,0.0,0.0,0.0
707927,上櫃,0.0,0.0,0.0
707928,上櫃,0.0,0.0,0.0
707929,上櫃,0.0,0.0,0.0
707930,上櫃,0.0,0.0,0.0
707931,上櫃,6.7,6.4,24.0
707932,上櫃,0.0,0.0,0.0
707933,上櫃,0.24,0.19,962.0
707934,上櫃,0.0,0.0,0.0
707935,上櫃,0.3,0.32,259.0
707936,上櫃,2.47,2.47,10.0
707937,上櫃,0.0,0.0,0.0
707938,上櫃,0.82,0.83,102.0
707939,上櫃,0.0,0.0,0.0
707940,上櫃,0.0,0.0,0.0
707941,上櫃,0.0,0.0,0.0
707942,上櫃,0.0,0.0,0.0
707943,上櫃,0.0,0.0,0.0
707944,上櫃,0.11,0.11,4.0
707945,上櫃,0.57,0.61,30.0
707946,上櫃,2.35,2.48,487.0
707947,上櫃,0.0,0.0,0.0
707948,上櫃,0.36,0.36,60.0
707949,上櫃,0.17,0.17,20.0
707950,上櫃,0.0,0.0,0.0
707951,上櫃,0.0,0.0,0.0
707952,上櫃,1.22,1.3,30.0
707953,上櫃,0.0,0.0,0.0
707954,上櫃,0.09,0.09,50.0
707955,上櫃,0.0,0.0,0.0
707956,上櫃,0.0,0.0,0.0
707957,上櫃,3.4,3.47,82.0
707958,上櫃,0.0,0.0,0.0
707959,上櫃,0.12,0.12,20.0
707960,上櫃,0.34,0.34,474.0
707961,上櫃,0.0,0.0,0.0
707962,上櫃,0.0,0.0,0.0
707963,上櫃,0.44,0.43,1067.0
707964,上櫃,0.22,0.22,520.0
707965,上櫃,0.71,0.72,339.0
707966,上櫃,0.0,0.0,0.0
707967,上櫃,0.0,0.0,0.0
707968,上櫃,0.0,0.0,0.0
707969,上櫃,0.0,0.0,0.0
707970,上櫃,0.32,0.32,120.0
707971,上櫃,0.33,0.33,3.0
707972,上櫃,0.0,0.0,0.0
707973,上櫃,0.0,0.0,0.0
707974,上櫃,0.0,0.0,0.0
707975,上櫃,0.0,0.0,0.0
707976,上櫃,0.0,0.0,0.0
707977,上櫃,0.0,0.0,0.0
707978,上櫃,0.24,0.22,100.0
707979,上櫃,0.0,0.0,0.0
707980,上櫃,0.04,0.04,116.0
707981,上櫃,2.45,2.45,2.0
707982,上櫃,0.0,0.0,0.0
707983,上櫃,0.0,0.0,0.0
707984,上櫃,0.85,0.83,19.0
707985,上櫃,1.06,0.83,108.0
707986,上櫃,0.0,0.0,0.0
707987,上櫃,0.0,0.0,0.0
707988,上櫃,0.0,0.0,0.0
707989,上櫃,0.0,0.0,0.0
707990,上櫃,0.0,0.0,0.0
707991,上櫃,1.57,1.57,5.0
707992,上櫃,1.24,1.26,25.0
707993,上櫃,0.0,0.0,0.0
707994,上櫃,0.12,0.12,150.0
707995,上櫃,0.51,0.51,1.0
707996,上櫃,0.0,0.0,0.0
707997,上櫃,2.25,2.25,25.0
707998,上櫃,0.83,0.87,1620.0
707999,上櫃,0.0,0.0,0.0
708000,上櫃,1.07,1.07,10.0
708001,上櫃,0.0,0.0,0.0
708002,上櫃,0.4,0.43,160.0
708003,上櫃,0.0,0.0,0.0
708004,上櫃,0.0,0.0,0.0
708005,上櫃,0.0,0.0,0.0
708006,上櫃,0.15,0.15,499.0
708007,上櫃,0.0,0.0,0.0
708008,上櫃,1.02,1.02,10.0
708009,上櫃,0.46,0.38,90.0
708010,上櫃,0.0,0.0,0.0
708011,上櫃,0.0,0.0,0.0
708012,上櫃,0.0,0.0,0.0
708013,上櫃,0.64,0.62,21.0
708014,上櫃,0.33,0.33,1801.0
708015,上櫃,3.62,4.58,7.0
708016,上櫃,2.32,2.33,127.0
708017,上櫃,1.54,1.58,77.0
708018,上櫃,0.0,0.0,0.0
708019,上櫃,0.16,0.16,1.0
708020,上櫃,0.0,0.0,0.0
708021,上櫃,1.08,1.05,14.0
708022,上櫃,0.0,0.0,0.0
708023,上櫃,0.0,0.0,0.0
708024,上櫃,0.0,0.0,0.0
708025,上櫃,0.78,0.76,17.0
708026,上櫃,0.0,0.0,0.0
708027,上櫃,0.16,0.16,100.0
708028,上櫃,0.65,0.56,5.0
708029,上櫃,0.31,0.26,2999.0
708030,上櫃,0.0,0.0,0.0
708031,上櫃,0.0,0.0,0.0
708032,上櫃,3.74,3.74,5.0
708033,上櫃,0.26,0.27,165.0
708034,上櫃,0.0,0.0,0.0
708035,上櫃,0.0,0.0,0.0
708036,上櫃,0.0,0.0,0.0
708037,上櫃,0.0,0.0,0.0
708038,上櫃,0.42,0.43,73.0
708039,上櫃,0.0,0.0,0.0
708040,上櫃,0.08,0.13,5.0
708041,上櫃,0.22,0.3,465.0
708042,上櫃,2.13,2.2,16.0
708043,上櫃,0.0,0.0,0.0
708044,上櫃,1.6,1.65,50.0
708045,上櫃,0.0,0.0,0.0
708046,上櫃,0.0,0.0,0.0
708047,上櫃,0.17,0.17,10.0
708048,上櫃,1.61,1.62,265.0
708049,上櫃,0.13,0.13,10.0
708050,上櫃,0.0,0.0,0.0
708051,上櫃,0.0,0.0,0.0
708052,上櫃,0.0,0.0,0.0
708053,上櫃,0.0,0.0,0.0
708054,上櫃,4.95,4.46,77.0
708055,上櫃,1.85,1.85,1.0
708056,上櫃,0.0,0.0,0.0
708057,上櫃,0.0,0.0,0.0
708058,上櫃,0.0,0.0,0.0
708059,上櫃,0.76,0.76,3.0
708060,上櫃,0.0,0.0,0.0
708061,上櫃,0.54,0.53,70.0
708062,上櫃,0.0,0.0,0.0
708063,上櫃,0.42,0.43,177.0
708064,上櫃,1.7,1.68,49.0
708065,上櫃,1.45,1.45,177.0
708066,上櫃,0.59,0.65,749.0
708067,上櫃,1.02,1.06,667.0
708068,上櫃,0.0,0.0,0.0
708069,上櫃,0.0,0.0,0.0
708070,上櫃,0.17,0.17,20.0
708071,上櫃,0.0,0.0,0.0
708072,上櫃,0.24,0.25,620.0
708073,上櫃,1.25,1.19,64.0
708074,上櫃,0.0,0.0,0.0
708075,上櫃,0.0,0.0,0.0
708076,上櫃,1.13,1.2,21.0
708077,上櫃,1.4,1.4,3.0
708078,上櫃,0.0,0.0,0.0
708079,上櫃,1.32,1.17,223.0
708080,上櫃,0.0,0.0,0.0
708081,上櫃,0.0,0.0,0.0
708082,上櫃,0.0,0.0,0.0
708083,上櫃,0.67,0.66,747.0
708084,上櫃,0.9,0.9,275.0
708085,上櫃,0.75,0.8,746.0
708086,上櫃,0.33,0.35,574.0
708087,上櫃,0.25,0.29,775.0
708088,上櫃,0.53,0.56,530.0
708089,上櫃,0.89,0.93,189.0
708090,上櫃,0.0,0.0,0.0
708091,上櫃,2.4,2.37,30.0
708092,上櫃,0.0,0.0,0.0
708093,上櫃,0.48,0.5,162.0
708094,上櫃,0.0,0.0,0.0
708095,上櫃,4.05,3.78,20.0
708096,上櫃,0.15,0.22,80.0
708097,上櫃,0.18,0.18,12.0
708098,上櫃,0.65,0.78,189.0
708099,上櫃,0.0,0.0,0.0
708100,上櫃,0.0,0.0,0.0
708101,上櫃,0.37,0.4,32.0
708102,上櫃,0.0,0.0,0.0
708103,上櫃,0.0,0.0,0.0
708104,上櫃,0.0,0.0,0.0
708105,上櫃,0.0,0.0,0.0
708106,上櫃,0.0,0.0,0.0
708107,上櫃,0.7,0.7,24.0
708108,上櫃,0.0,0.0,0.0
708109,上櫃,0.35,0.33,421.0
708110,上櫃,0.0,0.0,0.0
708111,上櫃,0.0,0.0,0.0
708112,上櫃,1.16,1.16,22.0
708113,上櫃,0.0,0.0,0.0
708114,上櫃,0.0,0.0,0.0
708115,上櫃,1.12,1.12,30.0
708116,上櫃,0.0,0.0,0.0
708117,上櫃,0.53,0.55,101.0
708118,上櫃,1.52,1.52,5.0
708119,上櫃,1.86,1.75,291.0
708120,上櫃,0.0,0.0,0.0
708121,上櫃,0.5,0.5,100.0
708122,上櫃,0.63,0.68,575.0
708123,上櫃,0.35,0.35,8.0
708124,上櫃,0.0,0.0,0.0
708125,上櫃,0.82,0.83,403.0
708126,上櫃,0.53,0.55,22.0
708127,上櫃,0.0,0.0,0.0
708128,上櫃,2.12,2.12,16.0
708129,上櫃,1.16,1.16,8.0
708130,上櫃,0.0,0.0,0.0
708131,上櫃,1.39,1.4,106.0
708132,上櫃,0.0,0.0,0.0
708133,上櫃,2.39,2.39,2.0
708134,上櫃,0.0,0.0,0.0
708135,上櫃,0.99,1.02,199.0
708136,上櫃,0.0,0.0,0.0
708137,上櫃,0.0,0.0,0.0
708138,上櫃,1.13,1.13,5.0
708139,上櫃,0.0,0.0,0.0
708140,上櫃,0.96,0.99,32.0
708141,上櫃,3.57,3.8,25.0
708142,上櫃,0.0,0.0,0.0
708143,上櫃,3.07,3.22,65.0
708144,上櫃,0.0,0.0,0.0
708145,上櫃,0.0,0.0,0.0
708146,上櫃,0.45,0.47,306.0
708147,上櫃,0.0,0.0,0.0
708148,上櫃,0.0,0.0,0.0
708149,上櫃,0.0,0.0,0.0
708150,上櫃,0.0,0.0,0.0
708151,上櫃,0.0,0.0,0.0
708152,上櫃,0.62,0.63,475.0
708153,上櫃,0.0,0.0,0.0
708154,上櫃,0.2,0.2,24.0
708155,上櫃,0.0,0.0,0.0
708156,上櫃,0.0,0.0,0.0
708157,上櫃,0.0,0.0,0.0
708158,上櫃,0.56,0.54,18.0
708159,上櫃,0.38,0.38,4.0
708160,上櫃,0.0,0.0,0.0
708161,上櫃,0.44,0.45,83.0
708162,上櫃,0.0,0.0,0.0
708163,上櫃,0.0,0.0,0.0
708164,上櫃,0.59,0.62,602.0
708165,上櫃,0.45,0.48,1147.0
708166,上櫃,0.0,0.0,0.0
708167,上櫃,0.95,0.92,750.0
708168,上櫃,1.13,1.09,30.0
708169,上櫃,0.0,0.0,0.0
708170,上櫃,0.0,0.0,0.0
708171,上櫃,0.0,0.0,0.0
708172,上櫃,0.3,0.3,5.0
708173,上櫃,0.73,0.73,5.0
708174,上櫃,0.0,0.0,0.0
708175,上櫃,0.0,0.0,0.0
708176,上櫃,0.89,0.87,20.0
708177,上櫃,0.0,0.0,0.0
708178,上櫃,0.0,0.0,0.0
708179,上櫃,0.75,0.79,591.0
708180,上櫃,0.0,0.0,0.0
708181,上櫃,0.6,0.56,144.0
708182,上櫃,0.0,0.0,0.0
708183,上櫃,0.46,0.47,127.0
708184,上櫃,0.0,0.0,0.0
708185,上櫃,0.0,0.0,0.0
708186,上櫃,0.0,0.0,0.0
708187,上櫃,0.0,0.0,0.0
708188,上櫃,0.0,0.0,0.0
708189,上櫃,0.0,0.0,0.0
708190,上櫃,0.0,0.0,0.0
708191,上櫃,0.0,0.0,0.0
708192,上櫃,0.0,0.0,0.0
708193,上櫃,0.0,0.0,0.0
708194,上櫃,0.0,0.0,0.0
708195,上櫃,0.0,0.0,0.0
708196,上櫃,0.0,0.0,0.0
708197,上櫃,0.0,0.0,0.0
708198,上櫃,3.66,3.66,261.0
708199,上櫃,0.0,0.0,0.0
708201,上櫃,0.0,0.0,0.0
708202,上櫃,0.0,0.0,0.0
708203,上櫃,0.0,0.0,0.0
708204,上櫃,0.0,0.0,0.0
708205,上櫃,0.39,0.39,20.0
708206,上櫃,0.0,0.0,0.0
708207,上櫃,1.05,1.05,1.0
708208,上櫃,0.0,0.0,0.0
708209,上櫃,0.0,0.0,0.0
708210,上櫃,0.0,0.0,0.0
708211,上櫃,0.3,0.3,20.0
708212,上櫃,0.0,0.0,0.0
708213,上櫃,0.0,0.0,0.0
708214,上櫃,0.0,0.0,0.0
708215,上櫃,0.0,0.0,0.0
708216,上櫃,0.0,0.0,0.0
708217,上櫃,0.0,0.0,0.0
708218,上櫃,0.0,0.0,0.0
708219,上櫃,0.0,0.0,0.0
708220,上櫃,1.69,1.79,57.0
708221,上櫃,0.0,0.0,0.0
708222,上櫃,0.0,0.0,0.0
708223,上櫃,0.0,0.0,0.0
708225,上櫃,0.0,0.0,0.0
708226,上櫃,0.0,0.0,0.0
708227,上櫃,0.0,0.0,0.0
708228,上櫃,0.0,0.0,0.0
708229,上櫃,2.28,2.08,550.0
708230,上櫃,0.0,0.0,0.0
708231,上櫃,0.0,0.0,0.0
708232,上櫃,0.0,0.0,0.0
708233,上櫃,0.31,0.31,10.0
708234,上櫃,0.0,0.0,0.0
708235,上櫃,0.57,0.58,1983.0
708236,上櫃,0.0,0.0,0.0
708237,上櫃,3.15,3.14,3.0
708238,上櫃,0.0,0.0,0.0
708239,上櫃,0.0,0.0,0.0
708240,上櫃,1.3,1.3,23.0
708241,上櫃,0.81,0.76,140.0
708242,上櫃,0.51,0.5,40.0
708243,上櫃,2.6,2.46,7.0
708244,上櫃,0.0,0.0,0.0
708245,上櫃,0.0,0.0,0.0
708246,上櫃,1.37,1.37,10.0
708247,上櫃,0.0,0.0,0.0
708248,上櫃,0.0,0.0,0.0
708249,上櫃,5.65,6.7,51.0
708250,上櫃,0.31,0.35,3259.0
708252,上櫃,0.0,0.0,0.0
708253,上櫃,0.3,0.31,103.0
708254,上櫃,0.0,0.0,0.0
708255,上櫃,0.0,0.0,0.0
708256,上櫃,0.0,0.0,0.0
708257,上櫃,0.0,0.0,0.0
708258,上櫃,0.0,0.0,0.0
708259,上櫃,0.0,0.0,0.0
708260,上櫃,0.0,0.0,0.0
708261,上櫃,0.0,0.0,0.0
708262,上櫃,0.0,0.0,0.0
708263,上櫃,0.0,0.0,0.0
708264,上櫃,0.0,0.0,0.0
708265,上櫃,0.0,0.0,0.0
708266,上櫃,0.32,0.35,81.0
708267,上櫃,0.35,0.4,25.0
708268,上櫃,0.52,0.57,321.0
708269,上櫃,2.49,2.8,34.0
708270,上櫃,0.0,0.0,0.0
708271,上櫃,0.0,0.0,0.0
708272,上櫃,0.0,0.0,0.0
708273,上櫃,0.49,0.49,1.0
708274,上櫃,0.76,0.76,6.0
708275,上櫃,0.0,0.0,0.0
708276,上櫃,0.0,0.0,0.0
708277,上櫃,0.43,0.41,55.0
708278,上櫃,0.0,0.0,0.0
708279,上櫃,0.2,0.2,50.0
708280,上櫃,0.5,0.53,1022.0
708281,上櫃,2.75,2.49,19.0
708282,上櫃,2.42,2.42,2.0
708283,上櫃,0.0,0.0,0.0
708284,上櫃,0.0,0.0,0.0
708285,上櫃,0.56,0.51,330.0
708286,上櫃,1.3,1.18,34.0
708287,上櫃,0.0,0.0,0.0
708288,上櫃,0.0,0.0,0.0
708289,上櫃,1.38,1.38,9.0
708290,上櫃,0.0,0.0,0.0
708291,上櫃,0.0,0.0,0.0
708292,上櫃,0.49,0.5,3.0
708293,上櫃,0.0,0.0,0.0
708294,上櫃,0.33,0.32,90.0
708295,上櫃,0.0,0.0,0.0
708296,上櫃,0.0,0.0,0.0
708297,上櫃,0.0,0.0,0.0
708298,上櫃,0.0,0.0,0.0
708299,上櫃,0.49,0.6,221.0
708300,上櫃,0.0,0.0,0.0
708301,上櫃,0.0,0.0,0.0
708302,上櫃,0.69,0.7,104.0
708303,上櫃,0.26,0.26,20.0
708304,上櫃,0.42,0.42,20.0
708305,上櫃,0.0,0.0,0.0
708306,上櫃,0.0,0.0,0.0
708307,上櫃,1.19,1.22,10.0
708308,上櫃,0.0,0.0,0.0
708309,上櫃,1.42,1.5,103.0
708310,上櫃,0.0,0.0,0.0
708311,上櫃,0.0,0.0,0.0
708312,上櫃,0.55,0.55,142.0
708313,上櫃,0.0,0.0,0.0
708314,上櫃,0.0,0.0,0.0
708315,上櫃,0.0,0.0,0.0
708316,上櫃,0.4,0.4,1898.0
708317,上櫃,0.0,0.0,0.0
708318,上櫃,0.0,0.0,0.0
708319,上櫃,0.0,0.0,0.0
708320,上櫃,0.0,0.0,0.0
708322,上櫃,1.8,1.54,75.0
708323,上櫃,0.0,0.0,0.0
708324,上櫃,0.0,0.0,0.0
708325,上櫃,1.28,1.28,50.0
708326,上櫃,1.8,1.86,139.0
708327,上櫃,0.0,0.0,0.0
708328,上櫃,0.0,0.0,0.0
708329,上櫃,0.54,0.54,10.0
708330,上櫃,0.17,0.16,220.0
708331,上櫃,0.15,0.17,287.0
708332,上櫃,0.0,0.0,0.0
708333,上櫃,0.0,0.0,0.0
708334,上櫃,0.0,0.0,0.0
708335,上櫃,0.42,0.44,192.0
708336,上櫃,0.0,0.0,0.0
708337,上櫃,2.37,2.16,287.0
708339,上櫃,0.0,0.0,0.0
708340,上櫃,0.0,0.0,0.0
708341,上櫃,0.62,0.62,1.0
708342,上櫃,1.56,1.61,48.0
708343,上櫃,0.0,0.0,0.0
708344,上櫃,0.56,0.56,2.0
708345,上櫃,0.0,0.0,0.0
708346,上櫃,0.0,0.0,0.0
708347,上櫃,0.43,0.43,196.0
708348,上櫃,0.0,0.0,0.0
708349,上櫃,0.0,0.0,0.0
708350,上櫃,0.0,0.0,0.0
708351,上櫃,1.52,1.52,55.0
708352,上櫃,0.0,0.0,0.0
708353,上櫃,0.48,0.48,65.0
708354,上櫃,0.0,0.0,0.0
708355,上櫃,6.25,6.25,83.0
708356,上櫃,3.4,3.4,5.0
708357,上櫃,0.0,0.0,0.0
708358,上櫃,0.7,0.62,4.0
708359,上櫃,0.0,0.0,0.0
708360,上櫃,0.0,0.0,0.0
708361,上櫃,0.0,0.0,0.0
708362,上櫃,0.0,0.0,0.0
708363,上櫃,0.0,0.0,0.0
708364,上櫃,0.46,0.46,287.0
708365,上櫃,0.55,0.56,250.0
708366,上櫃,0.67,0.69,44.0
708367,上櫃,0.0,0.0,0.0
708368,上櫃,0.0,0.0,0.0
708369,上櫃,0.0,0.0,0.0
708370,上櫃,0.0,0.0,0.0
708371,上櫃,1.14,1.22,3.0
708372,上櫃,0.6,0.6,234.0
708373,上櫃,0.86,0.86,47.0
708374,上櫃,0.61,0.61,1.0
708376,上櫃,0.0,0.0,0.0
708377,上櫃,0.42,0.45,23.0
708378,上櫃,0.0,0.0,0.0
708379,上櫃,0.0,0.0,0.0
708380,上櫃,0.0,0.0,0.0
708381,上櫃,2.66,2.85,103.0
708382,上櫃,0.7,0.7,10.0
708383,上櫃,0.0,0.0,0.0
708384,上櫃,0.0,0.0,0.0
708385,上櫃,0.0,0.0,0.0
708386,上櫃,0.0,0.0,0.0
708387,上櫃,0.88,0.89,45.0
708388,上櫃,0.0,0.0,0.0
708389,上櫃,0.0,0.0,0.0
708390,上櫃,0.0,0.0,0.0
708391,上櫃,0.0,0.0,0.0
708392,上櫃,0.0,0.0,0.0
708393,上櫃,12.6,12.5,9.0
708394,上櫃,0.0,0.0,0.0
708395,上櫃,0.0,0.0,0.0
708396,上櫃,0.7,0.71,781.0
708397,上櫃,0.31,0.31,1.0
708398,上櫃,0.0,0.0,0.0
708399,上櫃,0.0,0.0,0.0
708400,上櫃,0.0,0.0,0.0
708401,上櫃,1.5,1.5,26.0
708402,上櫃,0.0,0.0,0.0
708403,上櫃,0.0,0.0,0.0
708404,上櫃,1.09,1.14,165.0
708405,上櫃,0.0,0.0,0.0
708406,上櫃,0.24,0.24,100.0
708407,上櫃,0.62,0.64,354.0
708408,上櫃,0.17,0.19,1083.0
708409,上櫃,0.0,0.0,0.0
708410,上櫃,0.41,0.42,54.0
708411,上櫃,0.0,0.0,0.0
708412,上櫃,1.94,1.94,5.0
708413,上櫃,1.66,1.56,51.0
708414,上櫃,2.84,2.46,41.0
708415,上櫃,0.0,0.0,0.0
708416,上櫃,0.0,0.0,0.0
708417,上櫃,0.0,0.0,0.0
708418,上櫃,2.14,2.14,15.0
708419,上櫃,0.0,0.0,0.0
708420,上櫃,0.0,0.0,0.0
708421,上櫃,0.0,0.0,0.0
708422,上櫃,0.25,0.25,1.0
708423,上櫃,3.8,3.8,1.0
708424,上櫃,0.0,0.0,0.0
708425,上櫃,0.3,0.3,30.0
708426,上櫃,2.57,2.2,21.0
708427,上櫃,0.69,0.69,53.0
708428,上櫃,0.39,0.39,60.0
708429,上櫃,2.43,2.43,1.0
708430,上櫃,0.0,0.0,0.0
708431,上櫃,0.0,0.0,0.0
708432,上櫃,0.0,0.0,0.0
708433,上櫃,0.35,0.33,497.0
708434,上櫃,0.34,0.34,208.0
708435,上櫃,0.0,0.0,0.0
708436,上櫃,0.0,0.0,0.0
708437,上櫃,0.4,0.4,675.0
708438,上櫃,0.0,0.0,0.0
708439,上櫃,0.0,0.0,0.0
708440,上櫃,0.0,0.0,0.0
708441,上櫃,0.0,0.0,0.0
708442,上櫃,0.58,0.58,8.0
708443,上櫃,0.32,0.31,90.0
708444,上櫃,1.96,1.96,10.0
708445,上櫃,0.24,0.22,155.0
708446,上櫃,2.87,2.68,1060.0
708447,上櫃,0.0,0.0,0.0
708448,上櫃,0.34,0.36,591.0
708449,上櫃,0.0,0.0,0.0
708450,上櫃,0.0,0.0,0.0
708451,上櫃,0.0,0.0,0.0
708452,上櫃,0.35,0.35,2.0
708453,上櫃,1.17,1.17,1.0
708454,上櫃,0.21,0.21,50.0
708455,上櫃,0.0,0.0,0.0
708456,上櫃,0.0,0.0,0.0
708457,上櫃,0.0,0.0,0.0
708458,上櫃,0.2,0.2,1.0
708459,上櫃,0.0,0.0,0.0
708460,上櫃,0.12,0.12,40.0
708461,上櫃,0.0,0.0,0.0
708462,上櫃,0.2,0.2,253.0
708463,上櫃,1.2,1.05,240.0
708464,上櫃,1.24,1.31,212.0
708465,上櫃,0.0,0.0,0.0
708466,上櫃,0.0,0.0,0.0
708467,上櫃,0.0,0.0,0.0
708468,上櫃,0.0,0.0,0.0
708469,上櫃,0.0,0.0,0.0
708470,上櫃,4.96,4.47,204.0
708471,上櫃,2.72,2.73,24.0
708472,上櫃,1.44,1.4,22.0
708473,上櫃,1.36,1.26,255.0
708474,上櫃,0.0,0.0,0.0
708475,上櫃,0.0,0.0,0.0
708476,上櫃,0.0,0.0,0.0
708477,上櫃,0.0,0.0,0.0
708478,上櫃,0.0,0.0,0.0
708479,上櫃,0.0,0.0,0.0
708480,上櫃,0.89,0.92,513.0
708482,上櫃,0.0,0.0,0.0
708484,上櫃,0.0,0.0,0.0
708485,上櫃,3.72,3.72,10.0
708486,上櫃,3.8,3.9,30.0
708487,上櫃,0.0,0.0,0.0
708489,上櫃,0.0,0.0,0.0
708490,上櫃,0.22,0.22,2.0
708491,上櫃,0.25,0.24,35.0
708492,上櫃,0.0,0.0,0.0
708493,上櫃,0.0,0.0,0.0
708494,上櫃,0.0,0.0,0.0
708495,上櫃,2.78,2.51,48.0
708496,上櫃,2.33,2.09,13.0
708497,上櫃,0.78,0.78,1.0
708498,上櫃,1.87,2.0,24.0
708499,上櫃,0.0,0.0,0.0
708500,上櫃,0.56,0.66,154.0
708501,上櫃,1.29,1.38,183.0
708502,上櫃,2.29,2.77,173.0
708503,上櫃,0.7,0.69,525.0
708504,上櫃,0.92,0.98,150.0
708505,上櫃,0.74,0.76,85.0
708506,上櫃,0.0,0.0,0.0
708507,上櫃,3.69,3.4,325.0
708508,上櫃,4.24,3.94,943.0
708509,上櫃,0.0,0.0,0.0
708510,上櫃,0.0,0.0,0.0
708511,上櫃,0.0,0.0,0.0
708512,上櫃,0.0,0.0,0.0
708513,上櫃,4.2,3.96,43.0
708514,上櫃,1.08,1.39,50.0
708515,上櫃,2.04,1.9,44.0
708516,上櫃,2.04,1.94,3372.0
708517,上櫃,0.13,0.12,6.0
708518,上櫃,0.0,0.0,0.0
708519,上櫃,0.25,0.25,2365.0
708520,上櫃,0.93,0.88,74.0
708521,上櫃,1.0,1.18,50.0
708522,上櫃,1.41,1.32,1212.0
708523,上櫃,0.2,0.16,899.0
708524,上櫃,0.6,0.6,2.0
708525,上櫃,0.0,0.0,0.0
708526,上櫃,3.39,3.39,10.0
708527,上櫃,0.0,0.0,0.0
708528,上櫃,1.37,1.4,212.0
708529,上櫃,1.42,1.45,400.0
708530,上櫃,0.26,0.26,20.0
708531,上櫃,0.19,0.2,70.0
708532,上櫃,1.72,1.58,1725.0
708533,上櫃,0.54,0.54,25.0
708534,上櫃,0.0,0.0,0.0
708535,上櫃,0.0,0.0,0.0
708536,上櫃,0.0,0.0,0.0
708537,上櫃,0.68,0.65,60.0
708538,上櫃,0.81,0.79,240.0
708539,上櫃,0.14,0.14,1.0
708540,上櫃,2.55,2.74,25.0
708541,上櫃,0.9,0.9,125.0
708542,上櫃,0.3,0.36,45.0
708543,上櫃,0.39,0.41,151.0
708544,上櫃,2.21,2.21,10.0
708545,上櫃,0.0,0.0,0.0
708546,上櫃,0.66,0.67,300.0
708547,上櫃,0.5,0.52,466.0
708548,上櫃,0.0,0.0,0.0
708549,上櫃,0.0,0.0,0.0
708550,上櫃,1.08,1.09,488.0
708551,上櫃,0.0,0.0,0.0
708552,上櫃,0.62,0.62,1.0
708553,上櫃,0.41,0.43,1148.0
708554,上櫃,0.51,0.51,8.0
708555,上櫃,2.63,2.64,102.0
708556,上櫃,3.25,2.91,37.0
708557,上櫃,0.0,0.0,0.0
708558,上櫃,0.0,0.0,0.0
708559,上櫃,0.0,0.0,0.0
708560,上櫃,0.24,0.24,794.0
708561,上櫃,0.65,0.63,290.0
708562,上櫃,0.31,0.31,25.0
708563,上櫃,0.0,0.0,0.0
708564,上櫃,0.0,0.0,0.0
708565,上櫃,0.73,0.74,30.0
708566,上櫃,0.95,0.98,20.0
708567,上櫃,0.0,0.0,0.0
708568,上櫃,0.71,0.7,3.0
708569,上櫃,0.0,0.0,0.0
708570,上櫃,0.48,0.48,116.0
708571,上櫃,0.0,0.0,0.0
708572,上櫃,0.0,0.0,0.0
708573,上櫃,0.0,0.0,0.0
708574,上櫃,0.32,0.32,10.0
708575,上櫃,0.0,0.0,0.0
708576,上櫃,0.0,0.0,0.0
708577,上櫃,0.0,0.0,0.0
708578,上櫃,0.16,0.2,140.0
708579,上櫃,0.21,0.22,91.0
708580,上櫃,0.18,0.18,100.0
708581,上櫃,0.0,0.0,0.0
708582,上櫃,0.0,0.0,0.0
708583,上櫃,0.0,0.0,0.0
708584,上櫃,0.0,0.0,0.0
708585,上櫃,0.08,0.08,7.0
708586,上櫃,0.0,0.0,0.0
708587,上櫃,0.21,0.21,25.0
708588,上櫃,0.2,0.21,1234.0
708589,上櫃,0.41,0.44,678.0
708590,上櫃,0.58,0.61,698.0
708591,上櫃,0.0,0.0,0.0
708592,上櫃,0.55,0.64,726.0
708593,上櫃,0.0,0.0,0.0
708594,上櫃,0.0,0.0,0.0
708595,上櫃,0.0,0.0,0.0
708596,上櫃,0.0,0.0,0.0
708597,上櫃,0.0,0.0,0.0
708598,上櫃,0.16,0.27,240.0
708599,上櫃,0.0,0.0,0.0
708600,上櫃,0.0,0.0,0.0
708601,上櫃,0.29,0.29,14.0
708602,上櫃,0.0,0.0,0.0
708603,上櫃,0.54,0.54,1.0
708604,上櫃,0.35,0.25,11.0
708605,上櫃,2.89,2.89,184.0
708606,上櫃,0.0,0.0,0.0
708607,上櫃,0.85,0.84,515.0
708608,上櫃,1.3,1.3,17.0
708609,上櫃,0.83,0.83,1.0
708610,上櫃,1.51,1.54,15.0
708611,上櫃,0.17,0.17,311.0
708612,上櫃,0.19,0.19,60.0
708613,上櫃,0.0,0.0,0.0
708614,上櫃,1.24,1.24,50.0
708615,上櫃,0.25,0.29,100.0
708616,上櫃,1.19,1.27,174.0
708617,上櫃,1.2,0.91,357.0
708618,上櫃,0.0,0.0,0.0
708619,上櫃,0.0,0.0,0.0
708620,上櫃,3.55,4.13,107.0
708621,上櫃,0.0,0.0,0.0
708622,上櫃,1.45,1.67,31.0
708623,上櫃,0.0,0.0,0.0
708624,上櫃,0.24,0.24,70.0
708625,上櫃,0.09,0.09,62.0
708626,上櫃,0.0,0.0,0.0
708627,上櫃,1.81,1.91,205.0
708628,上櫃,0.0,0.0,0.0
708629,上櫃,0.14,0.17,110.0
708630,上櫃,0.2,0.25,310.0
708631,上櫃,0.0,0.0,0.0
708632,上櫃,0.43,0.43,50.0
708633,上櫃,0.0,0.0,0.0
708634,上櫃,0.27,0.27,70.0
708635,上櫃,0.0,0.0,0.0
708636,上櫃,1.99,1.96,15.0
708637,上櫃,0.08,0.08,90.0
708638,上櫃,0.57,0.61,119.0
708639,上櫃,0.09,0.1,13.0
708640,上櫃,0.0,0.0,0.0
708641,上櫃,0.0,0.0,0.0
708642,上櫃,0.0,0.0,0.0
708643,上櫃,0.0,0.0,0.0
708644,上櫃,0.0,0.0,0.0
708645,上櫃,0.41,0.41,20.0
708646,上櫃,0.15,0.15,2.0
708647,上櫃,0.0,0.0,0.0
708648,上櫃,0.15,0.15,320.0
708649,上櫃,0.44,0.44,8.0
708650,上櫃,0.8,0.8,150.0
708651,上櫃,0.0,0.0,0.0
708652,上櫃,0.12,0.12,50.0
708653,上櫃,0.39,0.45,14.0
708654,上櫃,0.0,0.0,0.0
708655,上櫃,1.25,1.38,133.0
708656,上櫃,0.0,0.0,0.0
708657,上櫃,0.05,0.05,25.0
708658,上櫃,1.18,1.18,122.0
708659,上櫃,0.17,0.19,32.0
708660,上櫃,0.5,0.56,87.0
708661,上櫃,0.12,0.12,985.0
708662,上櫃,0.0,0.0,0.0
708663,上櫃,0.24,0.26,3.0
708664,上櫃,0.12,0.12,998.0
708665,上櫃,0.0,0.0,0.0
708666,上櫃,0.13,0.13,130.0
708667,上櫃,0.0,0.0,0.0
708668,上櫃,0.39,0.39,10.0
708669,上櫃,0.73,0.73,5.0
708670,上櫃,2.21,2.21,1.0
708671,上櫃,2.21,2.21,10.0
708672,上櫃,0.0,0.0,0.0
708673,上櫃,0.0,0.0,0.0
708674,上櫃,0.78,0.82,51.0
708675,上櫃,1.01,1.01,3.0
708676,上櫃,0.0,0.0,0.0
708677,上櫃,0.55,0.55,200.0
708678,上櫃,0.51,0.58,71.0
708679,上櫃,0.0,0.0,0.0
708680,上櫃,0.0,0.0,0.0
708681,上櫃,0.08,0.08,20.0
708682,上櫃,0.34,0.39,1878.0
708683,上櫃,0.0,0.0,0.0
708684,上櫃,1.68,2.1,451.0
708685,上櫃,1.36,1.39,33.0
708686,上櫃,0.0,0.0,0.0
708687,上櫃,0.0,0.0,0.0
708688,上櫃,0.0,0.0,0.0
708689,上櫃,0.0,0.0,0.0
708690,上櫃,0.0,0.0,0.0
708691,上櫃,0.0,0.0,0.0
708692,上櫃,0.0,0.0,0.0
708693,上櫃,0.0,0.0,0.0
708694,上櫃,0.0,0.0,0.0
708695,上櫃,0.0,0.0,0.0
708696,上櫃,0.0,0.0,0.0
708697,上櫃,0.0,0.0,0.0
708698,上櫃,0.0,0.0,0.0
708699,上櫃,2.19,2.19,49.0
708700,上櫃,0.0,0.0,0.0
708701,上櫃,0.0,0.0,0.0
708702,上櫃,0.0,0.0,0.0
708703,上櫃,0.24,0.24,30.0
708704,上櫃,0.65,0.68,2596.0
708705,上櫃,0.0,0.0,0.0
708706,上櫃,1.23,1.2,14.0
708707,上櫃,0.0,0.0,0.0
708708,上櫃,0.54,0.54,475.0
708709,上櫃,0.0,0.0,0.0
708710,上櫃,0.17,0.19,208.0
708711,上櫃,3.13,2.91,30.0
708712,上櫃,3.06,3.19,30.0
708713,上櫃,0.42,0.43,10.0
708714,上櫃,0.0,0.0,0.0
708715,上櫃,1.32,1.55,150.0
708716,上櫃,0.0,0.0,0.0
708717,上櫃,4.39,4.39,3.0
708718,上櫃,3.09,2.97,536.0
708719,上櫃,2.13,1.75,658.0
708720,上櫃,1.99,2.06,30.0
708721,上櫃,1.45,1.78,124.0
708722,上櫃,1.27,1.48,274.0
708723,上櫃,0.14,0.16,20.0
708724,上櫃,0.22,0.29,409.0
708725,上櫃,0.0,0.0,0.0
708726,上櫃,0.0,0.0,0.0
708727,上櫃,2.45,2.38,84.0
708728,上櫃,0.0,0.0,0.0
708729,上櫃,0.0,0.0,0.0
708730,上櫃,0.16,0.19,81.0
708731,上櫃,1.4,1.75,161.0
708732,上櫃,1.21,1.41,73.0
708733,上櫃,0.86,1.13,102.0
708734,上櫃,0.6,0.6,96.0
708735,上櫃,0.0,0.0,0.0
708736,上櫃,0.0,0.0,0.0
708737,上櫃,0.0,0.0,0.0
708738,上櫃,2.36,2.36,15.0
708739,上櫃,1.21,1.21,1.0
708740,上櫃,0.0,0.0,0.0
708741,上櫃,0.0,0.0,0.0
708742,上櫃,0.31,0.31,2.0
708743,上櫃,0.0,0.0,0.0
708744,上櫃,0.0,0.0,0.0
708745,上櫃,0.76,0.98,337.0
708746,上櫃,0.0,0.0,0.0
708747,上櫃,0.0,0.0,0.0
708748,上櫃,0.88,0.88,610.0
708749,上櫃,0.99,0.96,128.0
708750,上櫃,0.9,0.9,54.0
708751,上櫃,0.0,0.0,0.0
708752,上櫃,0.65,0.61,200.0
708753,上櫃,0.0,0.0,0.0
708754,上櫃,0.0,0.0,0.0
708755,上櫃,2.23,2.13,759.0
708756,上櫃,0.0,0.0,0.0
708757,上櫃,1.7,1.7,1.0
708758,上櫃,1.1,1.47,339.0
708759,上櫃,0.0,0.0,0.0
708760,上櫃,1.66,1.6,14.0
708761,上櫃,0.54,0.53,54.0
708762,上櫃,0.85,0.85,84.0
708763,上櫃,0.33,0.33,15.0
708764,上櫃,0.0,0.0,0.0
708765,上櫃,0.0,0.0,0.0
708766,上櫃,0.0,0.0,0.0
708767,上櫃,0.0,0.0,0.0
708768,上櫃,0.0,0.0,0.0
708769,上櫃,0.0,0.0,0.0
708770,上櫃,0.0,0.0,0.0
708771,上櫃,0.0,0.0,0.0
708772,上櫃,0.0,0.0,0.0
708773,上櫃,1.35,1.57,152.0
708774,上櫃,0.0,0.0,0.0
708775,上櫃,0.0,0.0,0.0
708776,上櫃,0.0,0.0,0.0
708777,上櫃,1.22,1.22,1.0
708778,上櫃,0.5,0.5,20.0
708779,上櫃,0.0,0.0,0.0
708780,上櫃,0.0,0.0,0.0
708781,上櫃,0.0,0.0,0.0
708782,上櫃,0.0,0.0,0.0
708783,上櫃,0.0,0.0,0.0
708784,上櫃,0.9,1.18,70.0
708785,上櫃,0.0,0.0,0.0
708786,上櫃,0.0,0.0,0.0
708787,上櫃,0.0,0.0,0.0
708788,上櫃,0.14,0.11,250.0
708789,上櫃,0.7,0.67,241.0
708790,上櫃,0.93,0.94,103.0
708791,上櫃,0.97,0.99,96.0
708792,上櫃,0.9,0.9,184.0
708793,上櫃,1.49,1.3,108.0
708794,上櫃,0.19,0.16,1083.0
708795,上櫃,0.0,0.0,0.0
708796,上櫃,0.0,0.0,0.0
708797,上櫃,0.0,0.0,0.0
708798,上櫃,0.0,0.0,0.0
708799,上櫃,3.0,2.84,40.0
708800,上櫃,0.0,0.0,0.0
708801,上櫃,1.96,1.96,6.0
708802,上櫃,0.57,0.5,109.0
708803,上櫃,0.4,0.4,496.0
708804,上櫃,2.03,2.03,1.0
708805,上櫃,0.0,0.0,0.0
708806,上櫃,2.06,2.04,19.0
708807,上櫃,1.57,1.7,6.0
708808,上櫃,1.9,1.84,211.0
708809,上櫃,0.0,0.0,0.0
708810,上櫃,0.0,0.0,0.0
708811,上櫃,0.0,0.0,0.0
708812,上櫃,0.8,0.77,188.0
708813,上櫃,2.09,2.09,3.0
708814,上櫃,0.0,0.0,0.0
708815,上櫃,0.0,0.0,0.0
708816,上櫃,0.0,0.0,0.0
708817,上櫃,0.34,0.34,100.0
708818,上櫃,0.0,0.0,0.0
708819,上櫃,0.0,0.0,0.0
708820,上櫃,0.0,0.0,0.0
708821,上櫃,0.0,0.0,0.0
708822,上櫃,1.02,1.02,10.0
708823,上櫃,0.0,0.0,0.0
708824,上櫃,0.0,0.0,0.0
708825,上櫃,0.0,0.0,0.0
708826,上櫃,0.0,0.0,0.0
708827,上櫃,0.33,0.33,8.0
708828,上櫃,0.47,0.47,4.0
708829,上櫃,1.92,2.06,480.0
708830,上櫃,0.16,0.16,15.0
708831,上櫃,0.36,0.36,70.0
708832,上櫃,0.0,0.0,0.0
708833,上櫃,1.22,1.24,44.0
708834,上櫃,0.0,0.0,0.0
708835,上櫃,0.0,0.0,0.0
708836,上櫃,1.75,1.65,31.0
708837,上櫃,0.0,0.0,0.0
708838,上櫃,0.0,0.0,0.0
708839,上櫃,0.0,0.0,0.0
708840,上櫃,2.08,2.01,45.0
708841,上櫃,1.11,1.55,13.0
708842,上櫃,0.0,0.0,0.0
708843,上櫃,1.35,1.51,458.0
708844,上櫃,0.68,0.68,100.0
708845,上櫃,0.32,0.31,540.0
708846,上櫃,1.33,1.33,6.0
708847,上櫃,0.0,0.0,0.0
708848,上櫃,0.0,0.0,0.0
708849,上櫃,0.0,0.0,0.0
708850,上櫃,0.72,0.72,509.0
708851,上櫃,0.0,0.0,0.0
708852,上櫃,1.35,1.1,109.0
708853,上櫃,0.0,0.0,0.0
708854,上櫃,0.0,0.0,0.0
708855,上櫃,0.0,0.0,0.0
708856,上櫃,0.56,0.59,46.0
708857,上櫃,0.21,0.21,15.0
708858,上櫃,0.55,0.55,27.0
708859,上櫃,0.0,0.0,0.0
708860,上櫃,0.0,0.0,0.0
708861,上櫃,0.0,0.0,0.0
708862,上櫃,0.0,0.0,0.0
708863,上櫃,0.0,0.0,0.0
708864,上櫃,0.0,0.0,0.0
708865,上櫃,0.0,0.0,0.0
708866,上櫃,0.0,0.0,0.0
708867,上櫃,0.0,0.0,0.0
708868,上櫃,0.0,0.0,0.0
708869,上櫃,0.95,0.99,37.0
708870,上櫃,0.58,0.48,119.0
708871,上櫃,0.44,0.44,10.0
708872,上櫃,0.0,0.0,0.0
708873,上櫃,1.52,1.61,4.0
708874,上櫃,2.17,2.28,52.0
708875,上櫃,0.63,0.69,775.0
708876,上櫃,1.6,1.6,13.0
708877,上櫃,0.56,0.65,115.0
708878,上櫃,1.04,1.04,55.0
708879,上櫃,0.34,0.34,31.0
708880,上櫃,0.69,0.67,50.0
708881,上櫃,0.0,0.0,0.0
708882,上櫃,0.77,0.65,170.0
708883,上櫃,0.35,0.34,64.0
708884,上櫃,0.4,0.4,193.0
708885,上櫃,0.0,0.0,0.0
708886,上櫃,1.86,2.15,66.0
708887,上櫃,0.0,0.0,0.0
708888,上櫃,1.05,0.95,4.0
708889,上櫃,1.24,1.03,2748.0
708890,上櫃,0.85,0.85,20.0
708891,上櫃,0.0,0.0,0.0
708892,上櫃,0.43,0.46,335.0
708893,上櫃,0.0,0.0,0.0
708894,上櫃,0.0,0.0,0.0
708895,上櫃,0.61,0.61,30.0
708896,上櫃,0.4,0.42,202.0
708897,上櫃,2.78,2.52,79.0
708898,上櫃,2.8,2.8,4.0
708899,上櫃,0.0,0.0,0.0
708900,上櫃,0.0,0.0,0.0
708901,上櫃,0.0,0.0,0.0
708902,上櫃,0.91,0.8,42.0
708903,上櫃,0.69,0.72,1336.0
708904,上櫃,0.52,0.51,94.0
708905,上櫃,0.0,0.0,0.0
708906,上櫃,0.0,0.0,0.0
708907,上櫃,0.0,0.0,0.0
708908,上櫃,0.0,0.0,0.0
708909,上櫃,0.0,0.0,0.0
708910,上櫃,0.0,0.0,0.0
708911,上櫃,0.0,0.0,0.0
708912,上櫃,0.79,0.96,594.0
708913,上櫃,0.74,0.72,44.0
708914,上櫃,0.46,0.5,125.0
708915,上櫃,0.56,0.56,1.0
708916,上櫃,0.32,0.32,322.0
708917,上櫃,0.56,0.53,774.0
708918,上櫃,0.0,0.0,0.0
708919,上櫃,0.0,0.0,0.0
708920,上櫃,0.48,0.48,10.0
708921,上櫃,0.0,0.0,0.0
708922,上櫃,0.0,0.0,0.0
708923,上櫃,0.48,0.49,2.0
708924,上櫃,0.46,0.46,30.0
708925,上櫃,0.62,0.64,73.0
708926,上櫃,0.0,0.0,0.0
708927,上櫃,0.43,0.45,170.0
708928,上櫃,0.0,0.0,0.0
708929,上櫃,0.0,0.0,0.0
708930,上櫃,0.38,0.36,333.0
708931,上櫃,0.0,0.0,0.0
708932,上櫃,0.0,0.0,0.0
708933,上櫃,0.0,0.0,0.0
708934,上櫃,0.55,0.55,100.0
708935,上櫃,0.9,0.88,49.0
708936,上櫃,0.38,0.32,9.0
708937,上櫃,0.69,0.78,128.0
708938,上櫃,0.45,0.53,993.0
708939,上櫃,0.49,0.49,950.0
708940,上櫃,0.0,0.0,0.0
708941,上櫃,0.61,0.64,417.0
708942,上櫃,1.25,1.05,275.0
708943,上櫃,0.68,0.77,653.0
708944,上櫃,0.39,0.39,10.0
708945,上櫃,0.57,0.58,26.0
708946,上櫃,0.7,0.6,269.0
708947,上櫃,0.17,0.47,15.0
708948,上櫃,0.0,0.0,0.0
708949,上櫃,1.53,1.76,53.0
708950,上櫃,0.0,0.0,0.0
708951,上櫃,0.0,0.0,0.0
708952,上櫃,0.0,0.0,0.0
708953,上櫃,0.38,0.39,319.0
708954,上櫃,0.85,0.92,75.0
708955,上櫃,0.68,0.76,194.0
708956,上櫃,0.0,0.0,0.0
708957,上櫃,0.0,0.0,0.0
708958,上櫃,0.0,0.0,0.0
708959,上櫃,0.0,0.0,0.0
708960,上櫃,2.63,2.41,136.0
708961,上櫃,0.78,0.8,378.0
708962,上櫃,0.0,0.0,0.0
708963,上櫃,0.81,0.81,2518.0
708964,上櫃,0.27,0.28,11.0
708965,上櫃,0.0,0.0,0.0
708966,上櫃,0.0,0.0,0.0
708967,上櫃,0.0,0.0,0.0
708968,上櫃,0.3,0.3,10.0
708969,上櫃,0.3,0.3,100.0
708970,上櫃,0.64,0.66,43.0
708971,上櫃,0.9,0.98,212.0
708972,上櫃,0.0,0.0,0.0
708973,上櫃,0.0,0.0,0.0
708974,上櫃,0.83,0.83,48.0
708975,上櫃,0.0,0.0,0.0
708976,上櫃,0.0,0.0,0.0
708977,上櫃,0.99,0.93,148.0
708978,上櫃,0.53,0.51,10.0
708979,上櫃,0.0,0.0,0.0
708980,上櫃,0.58,0.62,212.0
708981,上櫃,0.0,0.0,0.0
708982,上櫃,0.41,0.41,85.0
708983,上櫃,0.0,0.0,0.0
708984,上櫃,0.0,0.0,0.0
708985,上櫃,0.0,0.0,0.0
708986,上櫃,0.0,0.0,0.0
708987,上櫃,0.62,0.62,10.0
708988,上櫃,0.69,0.7,293.0
708989,上櫃,0.49,0.49,48.0
708990,上櫃,0.23,0.24,190.0
708991,上櫃,0.0,0.0,0.0
708992,上櫃,0.45,0.45,30.0
708993,上櫃,0.0,0.0,0.0
708994,上櫃,0.55,0.57,221.0
708995,上櫃,0.44,0.44,1512.0
708996,上櫃,0.58,0.59,280.0
708997,上櫃,0.31,0.31,5.0
708998,上櫃,0.96,0.79,10.0
708999,上櫃,0.0,0.0,0.0
709000,上櫃,0.0,0.0,0.0
709001,上櫃,0.57,0.51,190.0
709002,上櫃,0.59,0.59,15.0
709003,上櫃,1.49,1.38,34.0
709004,上櫃,0.39,0.39,399.0
709005,上櫃,0.88,0.75,594.0
709006,上櫃,1.69,1.69,16.0
709007,上櫃,1.16,1.16,320.0
709008,上櫃,0.0,0.0,0.0
709009,上櫃,0.58,0.69,440.0
709010,上櫃,1.05,0.95,207.0
709011,上櫃,0.0,0.0,0.0
709012,上櫃,0.7,1.12,116.0
709013,上櫃,0.0,0.0,0.0
709014,上櫃,0.43,0.36,517.0
709015,上櫃,0.0,0.0,0.0
709016,上櫃,0.62,0.64,400.0
709017,上櫃,0.81,0.92,575.0
709018,上櫃,0.0,0.0,0.0
709019,上櫃,0.54,0.59,646.0
709020,上櫃,0.35,0.28,520.0
709021,上櫃,0.0,0.0,0.0
709022,上櫃,0.75,0.77,743.0
709023,上櫃,3.0,3.0,10.0
709024,上櫃,0.46,0.46,5.0
709025,上櫃,1.25,1.36,23.0
709026,上櫃,0.0,0.0,0.0
709027,上櫃,0.54,0.54,30.0
709028,上櫃,0.85,0.95,137.0
709029,上櫃,1.09,1.1,172.0
709030,上櫃,0.68,0.71,957.0
709031,上櫃,0.0,0.0,0.0
709032,上櫃,3.22,3.5,11.0
709033,上櫃,0.63,0.63,98.0
709034,上櫃,2.43,2.38,219.0
709035,上櫃,0.0,0.0,0.0
709036,上櫃,0.18,0.18,50.0
709037,上櫃,4.1,4.51,122.0
709038,上櫃,0.24,0.26,15.0
709039,上櫃,9.0,9.05,5.0
709040,上櫃,0.0,0.0,0.0
709041,上櫃,0.78,0.78,2.0
709042,上櫃,0.0,0.0,0.0
709043,上櫃,0.0,0.0,0.0
709044,上櫃,1.43,1.43,8.0
709045,上櫃,0.0,0.0,0.0
709046,上櫃,1.65,1.65,1.0
709047,上櫃,1.66,1.64,336.0
709048,上櫃,0.0,0.0,0.0
709049,上櫃,0.72,0.76,944.0
709050,上櫃,0.0,0.0,0.0
709051,上櫃,1.6,1.6,20.0
709052,上櫃,0.55,0.59,388.0
709053,上櫃,0.0,0.0,0.0
709054,上櫃,0.0,0.0,0.0
709055,上櫃,0.0,0.0,0.0
709056,上櫃,0.0,0.0,0.0
709057,上櫃,0.34,0.34,92.0
709058,上櫃,0.0,0.0,0.0
709059,上櫃,0.0,0.0,0.0
709060,上櫃,0.0,0.0,0.0
709061,上櫃,0.49,0.53,230.0
709062,上櫃,0.27,0.27,177.0
709063,上櫃,0.0,0.0,0.0
709064,上櫃,0.42,0.43,197.0
709065,上櫃,0.34,0.34,433.0
709066,上櫃,1.3,1.3,1.0
709067,上櫃,0.44,0.43,861.0
709068,上櫃,0.48,0.48,172.0
709069,上櫃,0.5,0.5,105.0
709070,上櫃,0.23,0.22,40.0
709071,上櫃,0.64,0.64,2.0
709072,上櫃,0.0,0.0,0.0
709073,上櫃,0.49,0.49,31.0
709074,上櫃,0.72,0.76,490.0
709075,上櫃,0.57,0.57,5.0
709076,上櫃,0.65,0.65,10.0
709077,上櫃,0.79,0.79,56.0
709078,上櫃,0.0,0.0,0.0
709079,上櫃,0.77,0.69,78.0
709080,上櫃,0.0,0.0,0.0
709081,上櫃,0.59,0.59,1.0
709082,上櫃,0.55,0.54,31.0
709083,上櫃,0.73,0.73,2.0
709085,上櫃,0.0,0.0,0.0
709086,上櫃,0.61,0.5,67.0
709087,上櫃,0.0,0.0,0.0
709088,上櫃,0.0,0.0,0.0
709089,上櫃,3.42,3.28,43.0
709090,上櫃,0.51,0.51,259.0
709091,上櫃,0.3,0.3,10.0
709092,上櫃,0.0,0.0,0.0
709093,上櫃,1.33,1.57,401.0
709094,上櫃,2.76,2.86,164.0
709095,上櫃,0.54,0.55,269.0
709096,上櫃,1.54,1.57,13.0
709097,上櫃,0.0,0.0,0.0
709098,上櫃,0.0,0.0,0.0
709099,上櫃,0.0,0.0,0.0
709100,上櫃,0.5,0.5,10.0
709101,上櫃,0.0,0.0,0.0
709102,上櫃,0.46,0.46,5.0
709103,上櫃,0.99,0.99,182.0
709104,上櫃,0.31,0.36,221.0
709105,上櫃,0.0,0.0,0.0
709106,上櫃,0.0,0.0,0.0
709107,上櫃,0.66,0.64,467.0
709108,上櫃,0.0,0.0,0.0
709109,上櫃,1.41,1.41,1.0
709110,上櫃,0.39,0.39,56.0
709111,上櫃,0.0,0.0,0.0
709112,上櫃,0.1,0.1,4.0
709113,上櫃,0.0,0.0,0.0
709114,上櫃,0.0,0.0,0.0
709115,上櫃,0.33,0.34,40.0
709116,上櫃,0.34,0.35,60.0
709117,上櫃,0.41,0.42,45.0
709118,上櫃,0.52,0.52,39.0
709119,上櫃,3.48,3.11,126.0
709120,上櫃,0.0,0.0,0.0
709121,上櫃,0.0,0.0,0.0
709122,上櫃,0.0,0.0,0.0
709123,上櫃,0.44,0.44,50.0
709124,上櫃,0.25,0.25,50.0
709125,上櫃,0.0,0.0,0.0
709126,上櫃,2.03,1.98,11.0
709127,上櫃,0.76,0.78,155.0
709128,上櫃,0.0,0.0,0.0
709129,上櫃,0.0,0.0,0.0
709130,上櫃,1.72,1.7,41.0
709131,上櫃,1.25,1.27,131.0
709132,上櫃,0.0,0.0,0.0
709133,上櫃,0.76,0.76,20.0
709134,上櫃,0.0,0.0,0.0
709135,上櫃,0.0,0.0,0.0
709136,上櫃,0.26,0.25,70.0
709137,上櫃,0.0,0.0,0.0
709138,上櫃,0.4,0.4,75.0
709139,上櫃,0.72,0.72,38.0
709140,上櫃,0.41,0.41,1.0
709141,上櫃,0.0,0.0,0.0
709142,上櫃,0.38,0.38,549.0
709143,上櫃,0.79,0.82,536.0
709144,上櫃,0.0,0.0,0.0
709145,上櫃,0.0,0.0,0.0
709146,上櫃,0.0,0.0,0.0
709147,上櫃,0.74,0.73,680.0
709148,上櫃,0.0,0.0,0.0
709149,上櫃,0.22,0.22,200.0
709150,上櫃,0.27,0.27,80.0
709151,上櫃,0.0,0.0,0.0
709152,上櫃,0.47,0.47,1.0
709153,上櫃,0.33,0.33,2.0
709154,上櫃,0.48,0.48,137.0
709155,上櫃,0.4,0.4,5.0
709156,上櫃,0.51,0.5,40.0
709157,上櫃,0.63,0.63,24.0
709158,上櫃,0.56,0.57,88.0
709159,上櫃,0.0,0.0,0.0
709160,上櫃,0.58,0.58,30.0
709161,上櫃,0.0,0.0,0.0
709162,上櫃,0.0,0.0,0.0
709163,上櫃,0.29,0.29,21.0
709164,上櫃,0.0,0.0,0.0
709165,上櫃,0.0,0.0,0.0
709166,上櫃,0.32,0.33,481.0
709167,上櫃,0.28,0.28,52.0
709168,上櫃,0.27,0.3,504.0
709169,上櫃,0.0,0.0,0.0
709170,上櫃,0.93,0.93,20.0
709171,上櫃,0.52,0.56,855.0
709172,上櫃,0.97,1.0,60.0
709173,上櫃,1.04,1.06,335.0
709174,上櫃,0.54,0.48,13.0
709175,上櫃,0.0,0.0,0.0
709176,上櫃,0.4,0.4,1.0
709177,上櫃,0.0,0.0,0.0
709178,上櫃,0.0,0.0,0.0
709179,上櫃,0.77,0.77,19.0
709180,上櫃,0.84,0.85,97.0
709181,上櫃,0.57,0.57,50.0
709182,上櫃,0.55,0.53,732.0
709183,上櫃,0.0,0.0,0.0
709184,上櫃,0.0,0.0,0.0
709185,上櫃,0.0,0.0,0.0
709186,上櫃,0.0,0.0,0.0
709187,上櫃,0.0,0.0,0.0
709188,上櫃,0.0,0.0,0.0
709189,上櫃,0.0,0.0,0.0
709190,上櫃,0.0,0.0,0.0
709191,上櫃,2.72,3.2,24.0
709192,上櫃,0.89,0.96,267.0
709193,上櫃,0.33,0.33,123.0
709194,上櫃,0.0,0.0,0.0
709195,上櫃,0.0,0.0,0.0
709196,上櫃,4.8,4.14,14.0
709197,上櫃,0.0,0.0,0.0
709198,上櫃,0.0,0.0,0.0
709199,上櫃,0.38,0.4,20.0
709200,上櫃,0.48,0.52,245.0
709201,上櫃,0.69,0.72,31.0
709202,上櫃,0.63,0.67,145.0
709203,上櫃,0.9,0.9,10.0
709204,上櫃,0.96,0.96,10.0
709205,上櫃,1.16,1.24,284.0
709206,上櫃,1.17,1.17,29.0
709207,上櫃,0.53,0.54,820.0
709208,上櫃,0.16,0.15,250.0
709209,上櫃,0.0,0.0,0.0
709210,上櫃,0.39,0.39,5.0
709211,上櫃,0.0,0.0,0.0
709212,上櫃,0.0,0.0,0.0
709213,上櫃,0.0,0.0,0.0
709214,上櫃,0.0,0.0,0.0
709215,上櫃,0.0,0.0,0.0
709216,上櫃,0.0,0.0,0.0
709217,上櫃,0.14,0.18,201.0
709218,上櫃,0.53,0.55,128.0
709219,上櫃,2.29,1.94,182.0
709220,上櫃,0.94,0.96,20.0
709221,上櫃,0.77,0.88,113.0
709222,上櫃,0.0,0.0,0.0
709223,上櫃,0.0,0.0,0.0
709224,上櫃,0.67,0.66,16.0
709225,上櫃,0.33,0.33,1.0
709226,上櫃,2.25,2.29,15.0
709227,上櫃,0.36,0.36,5.0
709228,上櫃,0.0,0.0,0.0
709229,上櫃,1.01,0.99,75.0
709230,上櫃,0.91,0.95,381.0
709231,上櫃,1.27,1.27,10.0
709232,上櫃,0.0,0.0,0.0
709233,上櫃,0.0,0.0,0.0
709234,上櫃,0.0,0.0,0.0
709235,上櫃,0.0,0.0,0.0
709236,上櫃,1.04,1.02,64.0
709237,上櫃,0.83,0.81,172.0
709238,上櫃,0.54,0.58,1018.0
709239,上櫃,0.0,0.0,0.0
709240,上櫃,0.0,0.0,0.0
709241,上櫃,0.26,0.29,1644.0
709242,上櫃,0.0,0.0,0.0
709243,上櫃,3.6,3.67,16.0
709244,上櫃,0.0,0.0,0.0
709245,上櫃,1.6,1.74,130.0
709246,上櫃,0.0,0.0,0.0
709247,上櫃,0.36,0.34,1009.0
709248,上櫃,0.96,0.89,535.0
709249,上櫃,0.36,0.42,1620.0
709250,上櫃,0.39,0.46,1020.0
709251,上櫃,0.38,0.39,496.0
709252,上櫃,0.0,0.0,0.0
709253,上櫃,0.0,0.0,0.0
709254,上櫃,2.82,2.94,137.0
709255,上櫃,0.51,0.52,83.0
709256,上櫃,0.0,0.0,0.0
709257,上櫃,0.31,0.31,7.0
709258,上櫃,0.0,0.0,0.0
709259,上櫃,0.86,0.92,60.0
709260,上櫃,0.52,0.52,160.0
709261,上櫃,0.0,0.0,0.0
709262,上櫃,1.79,1.79,20.0
709263,上櫃,0.0,0.0,0.0
709264,上櫃,1.41,1.38,110.0
709265,上櫃,0.6,0.6,30.0
709266,上櫃,0.0,0.0,0.0
709267,上櫃,0.72,0.77,181.0
709268,上櫃,0.0,0.0,0.0
709269,上櫃,0.0,0.0,0.0
709270,上櫃,0.0,0.0,0.0
709271,上櫃,0.82,0.79,204.0
709272,上櫃,0.0,0.0,0.0
709273,上櫃,0.0,0.0,0.0
709274,上櫃,0.0,0.0,0.0
709275,上櫃,0.23,0.22,15.0
709276,上櫃,0.31,0.31,11.0
709277,上櫃,0.0,0.0,0.0
709278,上櫃,0.0,0.0,0.0
709279,上櫃,0.15,0.15,10.0
709280,上櫃,0.62,0.61,62.0
709281,上櫃,1.03,0.94,177.0
709282,上櫃,0.0,0.0,0.0
709283,上櫃,0.0,0.0,0.0
709284,上櫃,0.0,0.0,0.0
709285,上櫃,0.0,0.0,0.0
709286,上櫃,0.13,0.13,5.0
709287,上櫃,0.0,0.0,0.0
709288,上櫃,0.6,0.59,22.0
709289,上櫃,0.0,0.0,0.0
709290,上櫃,0.0,0.0,0.0
709291,上櫃,0.63,0.76,225.0
709292,上櫃,0.75,0.75,68.0
709293,上櫃,0.49,0.49,15.0
709294,上櫃,0.0,0.0,0.0
709295,上櫃,0.0,0.0,0.0
709296,上櫃,0.88,0.9,1172.0
709297,上櫃,1.28,1.26,70.0
709298,上櫃,0.0,0.0,0.0
709299,上櫃,0.0,0.0,0.0
709300,上櫃,0.5,0.52,1062.0
709301,上櫃,0.73,0.66,454.0
709302,上櫃,0.46,0.46,1.0
709303,上櫃,0.0,0.0,0.0
709304,上櫃,0.0,0.0,0.0
709305,上櫃,0.0,0.0,0.0
709306,上櫃,0.0,0.0,0.0
709307,上櫃,1.93,1.79,20.0
709308,上櫃,0.45,0.46,157.0
709309,上櫃,0.42,0.4,386.0
709310,上櫃,0.47,0.47,55.0
709311,上櫃,0.45,0.57,63.0
709312,上櫃,0.33,0.33,359.0
709313,上櫃,1.33,1.24,20.0
709314,上櫃,0.0,0.0,0.0
709315,上櫃,0.0,0.0,0.0
709316,上櫃,1.67,1.52,89.0
709317,上櫃,0.0,0.0,0.0
709318,上櫃,0.0,0.0,0.0
709319,上櫃,0.0,0.0,0.0
709320,上櫃,0.43,0.43,36.0
709321,上櫃,0.0,0.0,0.0
709322,上櫃,0.37,0.37,300.0
709323,上櫃,0.0,0.0,0.0
709324,上櫃,0.0,0.0,0.0
709325,上櫃,0.06,0.06,5.0
709326,上櫃,0.0,0.0,0.0
709327,上櫃,0.0,0.0,0.0
709328,上櫃,0.7,0.79,545.0
709329,上櫃,0.0,0.0,0.0
709330,上櫃,0.0,0.0,0.0
709331,上櫃,0.0,0.0,0.0
709332,上櫃,0.28,0.29,3.0
709333,上櫃,1.07,0.67,13.0
709334,上櫃,0.64,0.64,50.0
709335,上櫃,0.0,0.0,0.0
709336,上櫃,0.0,0.0,0.0
709337,上櫃,0.0,0.0,0.0
709338,上櫃,0.0,0.0,0.0
709339,上櫃,0.0,0.0,0.0
709340,上櫃,0.0,0.0,0.0
709341,上櫃,1.64,1.64,10.0
709342,上櫃,0.31,0.31,50.0
709343,上櫃,0.0,0.0,0.0
709344,上櫃,0.0,0.0,0.0
709345,上櫃,2.18,2.25,184.0
709346,上櫃,0.41,0.3,88.0
709347,上櫃,0.0,0.0,0.0
709348,上櫃,0.0,0.0,0.0
709349,上櫃,0.0,0.0,0.0
709350,上櫃,0.25,0.25,100.0
709351,上櫃,0.36,0.37,66.0
709352,上櫃,0.0,0.0,0.0
709353,上櫃,0.0,0.0,0.0
709354,上櫃,0.97,0.94,120.0
709355,上櫃,0.79,0.58,40.0
709356,上櫃,0.0,0.0,0.0
709357,上櫃,0.5,0.49,106.0
709358,上櫃,0.0,0.0,0.0
709359,上櫃,0.0,0.0,0.0
709360,上櫃,0.0,0.0,0.0
709361,上櫃,0.41,0.41,23.0
709362,上櫃,0.42,0.38,155.0
709363,上櫃,0.23,0.23,5.0
709364,上櫃,0.0,0.0,0.0
709365,上櫃,0.84,0.84,10.0
709366,上櫃,0.53,0.51,38.0
709367,上櫃,0.0,0.0,0.0
709368,上櫃,0.12,0.11,20.0
709369,上櫃,0.0,0.0,0.0
709370,上櫃,0.0,0.0,0.0
709371,上櫃,0.0,0.0,0.0
709372,上櫃,0.0,0.0,0.0
709373,上櫃,0.0,0.0,0.0
709374,上櫃,0.64,0.64,254.0
709375,上櫃,0.53,0.53,5.0
709376,上櫃,0.0,0.0,0.0
709377,上櫃,0.0,0.0,0.0
709378,上櫃,0.0,0.0,0.0
709379,上櫃,0.0,0.0,0.0
709380,上櫃,0.0,0.0,0.0
709381,上櫃,2.27,2.32,60.0
709382,上櫃,1.15,1.15,28.0
709383,上櫃,0.0,0.0,0.0
709384,上櫃,0.0,0.0,0.0
709385,上櫃,0.0,0.0,0.0
709386,上櫃,0.0,0.0,0.0
709387,上櫃,0.0,0.0,0.0
709388,上櫃,0.88,0.85,2348.0
709389,上櫃,0.41,0.43,500.0
709390,上櫃,0.39,0.4,905.0
709391,上櫃,0.33,0.33,382.0
709392,上櫃,0.0,0.0,0.0
709393,上櫃,0.84,0.84,18.0
709394,上櫃,0.56,0.45,50.0
709395,上櫃,0.0,0.0,0.0
709396,上櫃,0.0,0.0,0.0
709397,上櫃,0.0,0.0,0.0
709398,上櫃,0.82,0.89,204.0
709399,上櫃,0.0,0.0,0.0
709400,上櫃,0.76,0.9,304.0
709401,上櫃,0.0,0.0,0.0
709402,上櫃,0.0,0.0,0.0
709403,上櫃,0.14,0.13,92.0
709404,上櫃,0.16,0.16,1.0
709405,上櫃,0.0,0.0,0.0
709406,上櫃,0.0,0.0,0.0
709407,上櫃,0.0,0.0,0.0
709408,上櫃,1.6,1.56,99.0
709409,上櫃,1.18,1.18,152.0
709410,上櫃,0.0,0.0,0.0
709411,上櫃,0.0,0.0,0.0
709412,上櫃,0.0,0.0,0.0
709413,上櫃,0.57,0.56,418.0
709414,上櫃,0.0,0.0,0.0
709415,上櫃,0.21,0.21,50.0
709416,上櫃,1.91,2.04,157.0
709417,上櫃,0.0,0.0,0.0
709418,上櫃,0.83,0.83,600.0
709419,上櫃,1.21,1.15,190.0
709420,上櫃,0.0,0.0,0.0
709421,上櫃,0.0,0.0,0.0
709422,上櫃,0.0,0.0,0.0
709423,上櫃,0.0,0.0,0.0
709424,上櫃,0.0,0.0,0.0
709425,上櫃,0.0,0.0,0.0
709426,上櫃,0.0,0.0,0.0
709427,上櫃,0.0,0.0,0.0
709428,上櫃,0.0,0.0,0.0
709429,上櫃,0.0,0.0,0.0
709430,上櫃,0.0,0.0,0.0
709431,上櫃,0.0,0.0,0.0
709432,上櫃,0.0,0.0,0.0
709433,上櫃,0.0,0.0,0.0
709434,上櫃,0.39,0.39,516.0
709435,上櫃,0.0,0.0,0.0
709436,上櫃,0.0,0.0,0.0
709437,上櫃,0.0,0.0,0.0
709438,上櫃,0.76,0.76,21.0
709439,上櫃,0.0,0.0,0.0
709440,上櫃,0.0,0.0,0.0
709441,上櫃,1.11,1.23,40.0
709442,上櫃,0.0,0.0,0.0
709443,上櫃,0.51,0.38,411.0
709444,上櫃,0.0,0.0,0.0
709445,上櫃,0.1,0.09,70.0
709446,上櫃,0.0,0.0,0.0
709447,上櫃,0.0,0.0,0.0
709448,上櫃,1.26,1.26,20.0
709449,上櫃,0.51,0.51,100.0
709450,上櫃,0.8,0.89,259.0
709451,上櫃,0.0,0.0,0.0
709452,上櫃,0.34,0.34,791.0
709453,上櫃,0.41,0.41,463.0
709454,上櫃,0.19,0.19,1.0
709455,上櫃,0.22,0.22,50.0
709456,上櫃,0.87,0.92,52.0
709457,上櫃,0.0,0.0,0.0
709458,上櫃,0.49,0.5,508.0
709459,上櫃,1.12,1.22,335.0
709460,上櫃,0.6,0.65,228.0
709461,上櫃,0.0,0.0,0.0
709462,上櫃,0.95,1.01,134.0
709463,上櫃,0.0,0.0,0.0
709464,上櫃,0.94,0.94,79.0
709465,上櫃,0.29,0.26,48.0
709466,上櫃,0.3,0.29,504.0
709467,上櫃,0.0,0.0,0.0
709468,上櫃,0.1,0.1,1.0
709469,上櫃,0.11,0.11,50.0
709470,上櫃,0.0,0.0,0.0
709471,上櫃,0.66,0.64,224.0
709472,上櫃,0.53,0.56,55.0
709473,上櫃,0.0,0.0,0.0
709474,上櫃,0.0,0.0,0.0
709475,上櫃,0.36,0.38,9.0
709476,上櫃,0.0,0.0,0.0
709477,上櫃,0.38,0.39,20.0
709478,上櫃,1.35,1.47,94.0
709479,上櫃,0.0,0.0,0.0
709480,上櫃,0.0,0.0,0.0
709481,上櫃,0.68,0.68,3.0
709482,上櫃,0.0,0.0,0.0
709483,上櫃,0.0,0.0,0.0
709484,上櫃,0.0,0.0,0.0
709485,上櫃,0.0,0.0,0.0
709486,上櫃,0.44,0.44,183.0
709487,上櫃,0.51,0.5,167.0
709488,上櫃,0.0,0.0,0.0
709489,上櫃,0.19,0.19,1.0
709490,上櫃,0.0,0.0,0.0
709491,上櫃,0.0,0.0,0.0
709492,上櫃,0.1,0.1,499.0
709493,上櫃,0.12,0.12,10.0
709494,上櫃,0.0,0.0,0.0
709495,上櫃,0.44,0.41,124.0
709496,上櫃,0.0,0.0,0.0
709497,上櫃,2.11,2.3,38.0
709498,上櫃,0.14,0.14,865.0
709499,上櫃,0.32,0.35,117.0
709500,上櫃,0.0,0.0,0.0
709501,上櫃,0.0,0.0,0.0
709502,上櫃,0.0,0.0,0.0
709503,上櫃,0.5,0.55,21.0
709504,上櫃,0.0,0.0,0.0
709505,上櫃,0.0,0.0,0.0
709506,上櫃,2.0,2.05,40.0
709507,上櫃,0.0,0.0,0.0
709508,上櫃,0.0,0.0,0.0
709509,上櫃,0.0,0.0,0.0
709510,上櫃,0.0,0.0,0.0
709511,上櫃,1.21,1.08,11.0
709512,上櫃,0.0,0.0,0.0
709513,上櫃,0.0,0.0,0.0
709514,上櫃,0.56,0.56,8.0
709515,上櫃,1.14,1.14,262.0
709516,上櫃,0.0,0.0,0.0
709517,上櫃,0.0,0.0,0.0
709518,上櫃,0.0,0.0,0.0
709519,上櫃,0.0,0.0,0.0
709520,上櫃,2.07,1.88,299.0
709521,上櫃,0.4,0.33,436.0
709522,上櫃,0.42,0.42,6.0
709523,上櫃,0.0,0.0,0.0
709524,上櫃,0.0,0.0,0.0
709525,上櫃,0.0,0.0,0.0
709526,上櫃,0.32,0.32,201.0
709527,上櫃,0.47,0.51,114.0
709528,上櫃,0.57,0.57,30.0
709529,上櫃,0.14,0.14,746.0
709530,上櫃,1.35,1.35,3.0
709531,上櫃,0.0,0.0,0.0
709532,上櫃,0.0,0.0,0.0
709533,上櫃,0.0,0.0,0.0
709534,上櫃,0.0,0.0,0.0
709535,上櫃,1.17,1.25,4.0
709536,上櫃,0.0,0.0,0.0
709537,上櫃,0.0,0.0,0.0
709538,上櫃,0.0,0.0,0.0
709539,上櫃,0.0,0.0,0.0
709540,上櫃,0.74,0.74,361.0
709541,上櫃,0.92,0.93,643.0
709542,上櫃,0.87,0.81,34.0
709543,上櫃,0.64,0.65,148.0
709544,上櫃,1.25,1.26,14.0
709545,上櫃,0.0,0.0,0.0
709546,上櫃,0.45,0.45,5.0
709547,上櫃,1.23,1.23,5.0
709548,上櫃,1.2,1.25,15.0
709549,上櫃,0.95,0.95,55.0
709550,上櫃,0.39,0.47,190.0
709551,上櫃,0.0,0.0,0.0
709552,上櫃,1.04,1.03,55.0
709553,上櫃,0.41,0.41,26.0
709554,上櫃,0.39,0.37,566.0
709555,上櫃,0.58,0.64,360.0
709556,上櫃,0.38,0.4,165.0
709557,上櫃,0.67,0.67,499.0
709558,上櫃,0.83,0.83,12.0
709559,上櫃,0.0,0.0,0.0
709560,上櫃,0.6,0.6,2.0
709561,上櫃,0.53,0.5,185.0
709562,上櫃,0.66,0.84,150.0
709563,上櫃,0.0,0.0,0.0
709564,上櫃,0.22,0.27,152.0
709565,上櫃,0.22,0.22,260.0
709566,上櫃,0.0,0.0,0.0
709567,上櫃,0.41,0.42,228.0
709568,上櫃,0.23,0.24,22.0
709569,上櫃,0.0,0.0,0.0
709570,上櫃,0.45,0.44,20.0
709571,上櫃,0.0,0.0,0.0
709572,上櫃,0.0,0.0,0.0
709573,上櫃,0.99,0.94,76.0
709574,上櫃,0.0,0.0,0.0
709575,上櫃,0.26,0.26,150.0
709576,上櫃,0.39,0.39,20.0
709577,上櫃,0.2,0.2,100.0
709578,上櫃,0.0,0.0,0.0
709579,上櫃,1.82,1.8,153.0
709580,上櫃,0.86,0.92,774.0
709581,上櫃,0.62,0.63,510.0
709582,上櫃,0.0,0.0,0.0
709583,上櫃,1.31,1.27,170.0
709584,上櫃,0.0,0.0,0.0
709585,上櫃,0.0,0.0,0.0
709586,上櫃,0.53,0.6,1432.0
709587,上櫃,1.32,1.32,2.0
709588,上櫃,0.25,0.25,150.0
709589,上櫃,0.34,0.35,566.0
709590,上櫃,2.95,2.95,31.0
709591,上櫃,0.0,0.0,0.0
709592,上櫃,0.96,0.99,260.0
709593,上櫃,0.0,0.0,0.0
709594,上櫃,0.0,0.0,0.0
709595,上櫃,0.51,0.63,847.0
709596,上櫃,0.0,0.0,0.0
709597,上櫃,0.0,0.0,0.0
709598,上櫃,1.7,1.69,70.0
709599,上櫃,0.0,0.0,0.0
709600,上櫃,0.0,0.0,0.0
709601,上櫃,0.9,0.9,75.0
709602,上櫃,0.98,1.01,253.0
709603,上櫃,0.62,0.62,5.0
709604,上櫃,0.0,0.0,0.0
709605,上櫃,0.96,1.06,160.0
709606,上櫃,0.84,0.9,3746.0
709607,上櫃,0.53,0.53,10.0
709608,上櫃,0.0,0.0,0.0
709609,上櫃,0.3,0.32,134.0
709610,上櫃,0.41,0.41,5.0
709611,上櫃,0.0,0.0,0.0
709612,上櫃,0.0,0.0,0.0
709613,上櫃,0.0,0.0,0.0
709614,上櫃,2.1,2.06,57.0
709615,上櫃,0.0,0.0,0.0
709616,上櫃,0.17,0.17,100.0
709617,上櫃,2.15,2.15,10.0
709618,上櫃,0.0,0.0,0.0
709619,上櫃,0.0,0.0,0.0
709620,上櫃,0.0,0.0,0.0
709621,上櫃,0.0,0.0,0.0
709622,上櫃,0.65,0.67,120.0
709623,上櫃,1.96,1.96,49.0
709624,上櫃,0.0,0.0,0.0
709625,上櫃,0.0,0.0,0.0
709626,上櫃,0.0,0.0,0.0
709627,上櫃,0.0,0.0,0.0
709628,上櫃,0.0,0.0,0.0
709629,上櫃,0.58,0.62,43.0
709630,上櫃,0.0,0.0,0.0
709631,上櫃,0.0,0.0,0.0
709632,上櫃,0.0,0.0,0.0
709633,上櫃,0.82,0.82,58.0
709634,上櫃,0.0,0.0,0.0
709635,上櫃,0.92,0.87,12.0
709636,上櫃,0.0,0.0,0.0
709637,上櫃,0.0,0.0,0.0
709638,上櫃,0.3,0.29,80.0
709639,上櫃,0.0,0.0,0.0
709640,上櫃,0.0,0.0,0.0
709641,上櫃,0.0,0.0,0.0
709642,上櫃,0.65,0.67,97.0
709643,上櫃,0.0,0.0,0.0
709644,上櫃,0.19,0.19,25.0
709645,上櫃,0.12,0.12,25.0
709646,上櫃,0.0,0.0,0.0
709647,上櫃,0.39,0.39,20.0
709648,上櫃,0.28,0.31,440.0
709649,上櫃,0.76,0.78,184.0
709650,上櫃,0.43,0.5,34.0
709651,上櫃,0.0,0.0,0.0
709652,上櫃,0.9,0.91,2187.0
709653,上櫃,0.19,0.19,27.0
709654,上櫃,0.0,0.0,0.0
709655,上櫃,0.44,0.45,40.0
709656,上櫃,0.0,0.0,0.0
709657,上櫃,0.81,0.84,101.0
709658,上櫃,0.0,0.0,0.0
709659,上櫃,0.82,0.99,90.0
709660,上櫃,0.0,0.0,0.0
709661,上櫃,0.0,0.0,0.0
709662,上櫃,0.0,0.0,0.0
709663,上櫃,0.0,0.0,0.0
709664,上櫃,0.0,0.0,0.0
709665,上櫃,1.75,1.67,85.0
709666,上櫃,0.6,0.58,11.0
709667,上櫃,0.0,0.0,0.0
709668,上櫃,0.48,0.48,10.0
709669,上櫃,0.0,0.0,0.0
709670,上櫃,0.0,0.0,0.0
709671,上櫃,0.49,0.5,412.0
709672,上櫃,0.32,0.32,11.0
709673,上櫃,0.54,0.56,73.0
709674,上櫃,0.31,0.3,500.0
709675,上櫃,0.0,0.0,0.0
709676,上櫃,0.43,0.41,298.0
709677,上櫃,0.64,0.75,527.0
709678,上櫃,0.0,0.0,0.0
709679,上櫃,0.68,0.68,10.0
709680,上櫃,0.91,0.88,10.0
709681,上櫃,0.0,0.0,0.0
709682,上櫃,1.49,1.54,82.0
709683,上櫃,0.0,0.0,0.0
709684,上櫃,0.54,0.56,54.0
709685,上櫃,0.87,0.93,234.0
709686,上櫃,0.0,0.0,0.0
709687,上櫃,0.0,0.0,0.0
709688,上櫃,1.23,1.36,976.0
709689,上櫃,0.0,0.0,0.0
709690,上櫃,0.0,0.0,0.0
709691,上櫃,0.73,0.75,311.0
709692,上櫃,0.0,0.0,0.0
709693,上櫃,0.0,0.0,0.0
709694,上櫃,0.0,0.0,0.0
709695,上櫃,0.0,0.0,0.0
709696,上櫃,0.0,0.0,0.0
709697,上櫃,0.0,0.0,0.0
709698,上櫃,0.0,0.0,0.0
709699,上櫃,0.24,0.24,30.0
709700,上櫃,0.19,0.18,302.0
709701,上櫃,0.19,0.19,868.0
709702,上櫃,0.0,0.0,0.0
709703,上櫃,0.0,0.0,0.0
709704,上櫃,0.0,0.0,0.0
709705,上櫃,0.85,1.0,609.0
709706,上櫃,0.83,0.83,609.0
709707,上櫃,0.43,0.43,100.0
709708,上櫃,0.0,0.0,0.0
709709,上櫃,0.34,0.34,500.0
709710,上櫃,0.0,0.0,0.0
709711,上櫃,0.0,0.0,0.0
709712,上櫃,0.67,0.75,510.0
709713,上櫃,0.0,0.0,0.0
709714,上櫃,0.0,0.0,0.0
709715,上櫃,0.0,0.0,0.0
709716,上櫃,0.0,0.0,0.0
709717,上櫃,1.14,1.23,5.0
709718,上櫃,1.11,1.06,49.0
709719,上櫃,0.91,0.91,44.0
709720,上櫃,0.0,0.0,0.0
709721,上櫃,0.0,0.0,0.0
709722,上櫃,0.47,0.47,28.0
709723,上櫃,0.0,0.0,0.0
709724,上櫃,1.24,1.23,31.0
709725,上櫃,1.26,1.34,105.0
709726,上櫃,0.22,0.22,25.0
709727,上櫃,0.0,0.0,0.0
709728,上櫃,0.0,0.0,0.0
709729,上櫃,0.0,0.0,0.0
709730,上櫃,0.0,0.0,0.0
709731,上櫃,0.0,0.0,0.0
709732,上櫃,1.51,1.63,249.0
709733,上櫃,0.64,0.61,158.0
709734,上櫃,0.38,0.38,300.0
709735,上櫃,0.37,0.37,10.0
709736,上櫃,0.59,0.61,807.0
709737,上櫃,3.02,3.02,24.0
709738,上櫃,3.04,3.05,20.0
709739,上櫃,0.0,0.0,0.0
709740,上櫃,0.29,0.27,1248.0
709741,上櫃,0.28,0.29,20.0
709742,上櫃,0.14,0.14,5.0
709743,上櫃,0.0,0.0,0.0
709744,上櫃,0.0,0.0,0.0
709745,上櫃,0.55,0.67,506.0
709746,上櫃,0.44,0.53,716.0
709747,上櫃,1.01,0.92,174.0
709748,上櫃,0.38,0.47,519.0
709749,上櫃,0.37,0.37,10.0
709750,上櫃,0.3,0.39,1105.0
709751,上櫃,1.04,1.16,512.0
709752,上櫃,0.0,0.0,0.0
709753,上櫃,0.6,0.68,236.0
709754,上櫃,0.0,0.0,0.0
709755,上櫃,0.37,0.37,45.0
709756,上櫃,0.0,0.0,0.0
709757,上櫃,0.0,0.0,0.0
709758,上櫃,0.33,0.28,10.0
709759,上櫃,0.24,0.23,470.0
709760,上櫃,0.45,0.45,21.0
709761,上櫃,0.76,0.86,25.0
709762,上櫃,0.0,0.0,0.0
709763,上櫃,0.0,0.0,0.0
709764,上櫃,0.6,0.56,14.0
709765,上櫃,0.57,0.53,21.0
709766,上櫃,0.32,0.32,54.0
709767,上櫃,0.3,0.3,10.0
709768,上櫃,0.0,0.0,0.0
709769,上櫃,0.4,0.4,3.0
709770,上櫃,0.0,0.0,0.0
709771,上櫃,0.5,0.51,130.0
709772,上櫃,0.63,0.67,266.0
709773,上櫃,0.0,0.0,0.0
709774,上櫃,0.0,0.0,0.0
709775,上櫃,0.0,0.0,0.0
709776,上櫃,0.5,0.58,30.0
709777,上櫃,0.43,0.43,40.0
709778,上櫃,0.25,0.24,20.0
709779,上櫃,0.56,0.63,492.0
709780,上櫃,0.0,0.0,0.0
709781,上櫃,0.36,0.38,1260.0
709782,上櫃,0.61,0.6,92.0
709783,上櫃,0.58,0.72,1546.0
709784,上櫃,0.63,0.79,1130.0
709785,上櫃,0.59,0.68,528.0
709786,上櫃,0.2,0.21,115.0
709787,上櫃,0.49,0.54,209.0
709788,上櫃,0.44,0.46,316.0
709789,上櫃,0.0,0.0,0.0
709790,上櫃,0.0,0.0,0.0
709791,上櫃,0.95,0.95,30.0
709792,上櫃,1.59,1.59,392.0
709793,上櫃,0.0,0.0,0.0
709794,上櫃,0.2,0.23,550.0
709795,上櫃,0.0,0.0,0.0
709796,上櫃,0.29,0.36,561.0
709797,上櫃,0.0,0.0,0.0
709798,上櫃,0.0,0.0,0.0
709799,上櫃,0.0,0.0,0.0
709800,上櫃,0.0,0.0,0.0
709801,上櫃,0.12,0.14,281.0
709802,上櫃,0.0,0.0,0.0
709803,上櫃,0.0,0.0,0.0
709804,上櫃,0.67,0.87,960.0
709805,上櫃,0.92,1.15,348.0
709806,上櫃,0.92,0.92,2.0
709807,上櫃,0.74,0.74,494.0
709808,上櫃,0.0,0.0,0.0
709809,上櫃,1.2,1.31,329.0
709810,上櫃,1.67,1.67,1.0
709811,上櫃,0.68,0.71,50.0
709812,上櫃,0.0,0.0,0.0
709813,上櫃,2.02,2.19,71.0
709814,上櫃,0.0,0.0,0.0
709815,上櫃,0.48,0.48,20.0
709816,上櫃,0.3,0.37,1168.0
709817,上櫃,0.47,0.59,653.0
709818,上櫃,0.42,0.42,167.0
709819,上櫃,1.29,1.3,60.0
709820,上櫃,0.0,0.0,0.0
709821,上櫃,0.71,0.73,814.0
709822,上櫃,0.74,0.78,1096.0
709823,上櫃,0.0,0.0,0.0
709824,上櫃,0.0,0.0,0.0
709825,上櫃,0.0,0.0,0.0
709826,上櫃,0.0,0.0,0.0
709827,上櫃,0.25,0.25,520.0
709828,上櫃,0.0,0.0,0.0
709829,上櫃,0.85,0.78,28.0
709830,上櫃,0.36,0.36,20.0
709831,上櫃,0.48,0.48,14.0
709832,上櫃,0.0,0.0,0.0
709833,上櫃,0.62,0.62,8.0
709834,上櫃,0.0,0.0,0.0
709835,上櫃,0.0,0.0,0.0
709836,上櫃,0.0,0.0,0.0
709837,上櫃,0.0,0.0,0.0
709838,上櫃,0.0,0.0,0.0
709839,上櫃,0.0,0.0,0.0
709840,上櫃,0.0,0.0,0.0
709841,上櫃,0.3,0.3,9.0
709842,上櫃,0.0,0.0,0.0
709843,上櫃,1.97,2.08,56.0
709844,上櫃,0.0,0.0,0.0
709845,上櫃,0.0,0.0,0.0
709846,上櫃,0.0,0.0,0.0
709847,上櫃,0.79,0.71,415.0
709848,上櫃,0.0,0.0,0.0
709849,上櫃,0.25,0.25,499.0
709850,上櫃,0.31,0.31,4.0
709851,上櫃,0.0,0.0,0.0
709852,上櫃,2.38,2.36,43.0
709853,上櫃,0.18,0.18,40.0
709854,上櫃,0.69,0.74,137.0
709855,上櫃,0.37,0.37,40.0
709856,上櫃,0.0,0.0,0.0
709857,上櫃,0.3,0.3,50.0
709858,上櫃,0.0,0.0,0.0
709859,上櫃,0.0,0.0,0.0
709860,上櫃,0.48,0.48,11.0
709861,上櫃,0.35,0.43,695.0
709862,上櫃,0.0,0.0,0.0
709863,上櫃,0.0,0.0,0.0
709864,上櫃,0.0,0.0,0.0
709865,上櫃,0.0,0.0,0.0
709866,上櫃,0.0,0.0,0.0
709867,上櫃,0.0,0.0,0.0
709868,上櫃,0.63,0.63,78.0
709869,上櫃,2.32,2.48,89.0
709870,上櫃,1.15,1.0,400.0
709871,上櫃,0.29,0.29,5.0
709872,上櫃,0.16,0.16,104.0
709873,上櫃,3.28,3.12,586.0
709874,上櫃,0.57,0.53,90.0
709875,上櫃,2.16,2.16,2.0
709876,上櫃,0.34,0.34,200.0
709877,上櫃,0.0,0.0,0.0
709878,上櫃,0.53,0.52,431.0
709879,上櫃,3.14,3.11,15.0
709880,上櫃,0.0,0.0,0.0
709881,上櫃,2.44,2.4,200.0
709882,上櫃,0.0,0.0,0.0
709883,上櫃,0.0,0.0,0.0
709884,上櫃,0.0,0.0,0.0
709885,上櫃,0.42,0.43,154.0
709886,上櫃,0.0,0.0,0.0
709887,上櫃,0.22,0.22,499.0
709888,上櫃,0.0,0.0,0.0
709889,上櫃,0.38,0.38,5.0
709890,上櫃,1.31,1.27,45.0
709891,上櫃,0.49,0.49,100.0
709892,上櫃,0.0,0.0,0.0
709893,上櫃,0.58,0.57,721.0
709894,上櫃,0.35,0.39,156.0
709895,上櫃,0.0,0.0,0.0
709896,上櫃,0.82,0.83,746.0
709897,上櫃,0.0,0.0,0.0
709898,上櫃,0.0,0.0,0.0
709899,上櫃,0.0,0.0,0.0
709900,上櫃,0.0,0.0,0.0
709901,上櫃,0.0,0.0,0.0
709902,上櫃,0.0,0.0,0.0
709903,上櫃,0.33,0.37,130.0
709904,上櫃,0.34,0.38,236.0
709905,上櫃,0.3,0.29,976.0
709906,上櫃,0.46,0.47,1208.0
709907,上櫃,0.57,0.57,20.0
709908,上櫃,0.0,0.0,0.0
709909,上櫃,0.31,0.31,30.0
709910,上櫃,0.0,0.0,0.0
709911,上櫃,0.0,0.0,0.0
709912,上櫃,0.35,0.35,200.0
709913,上櫃,0.0,0.0,0.0
709914,上櫃,0.59,0.59,5.0
709915,上櫃,0.54,0.54,6.0
709916,上櫃,0.65,0.69,222.0
709917,上櫃,0.0,0.0,0.0
709918,上櫃,0.95,0.94,542.0
709919,上櫃,0.9,0.93,383.0
709920,上櫃,0.28,0.27,40.0
709921,上櫃,0.25,0.26,100.0
709922,上櫃,0.26,0.26,2.0
709923,上櫃,0.0,0.0,0.0
709924,上櫃,0.0,0.0,0.0
709925,上櫃,0.38,0.37,240.0
709926,上櫃,0.45,0.46,112.0
709927,上櫃,0.0,0.0,0.0
709928,上櫃,0.0,0.0,0.0
709929,上櫃,0.52,0.52,33.0
709930,上櫃,0.0,0.0,0.0
709931,上櫃,0.8,0.79,110.0
709932,上櫃,0.0,0.0,0.0
709933,上櫃,0.98,1.05,140.0
709934,上櫃,0.0,0.0,0.0
709935,上櫃,3.11,3.4,17.0
709936,上櫃,1.17,1.17,350.0
709937,上櫃,2.03,2.14,8.0
709938,上櫃,0.0,0.0,0.0
709939,上櫃,0.0,0.0,0.0
709940,上櫃,0.0,0.0,0.0
709941,上櫃,0.27,0.29,73.0
709942,上櫃,2.69,2.69,6.0
709943,上櫃,0.62,0.62,30.0
709944,上櫃,0.8,0.81,306.0
709945,上櫃,0.61,0.61,10.0
709946,上櫃,0.0,0.0,0.0
709947,上櫃,0.32,0.3,111.0
709948,上櫃,0.51,0.51,10.0
709949,上櫃,0.0,0.0,0.0
709950,上櫃,0.0,0.0,0.0
709951,上櫃,0.0,0.0,0.0
709952,上櫃,2.37,2.22,234.0
709953,上櫃,1.03,1.03,499.0
709954,上櫃,0.0,0.0,0.0
709955,上櫃,0.0,0.0,0.0
709956,上櫃,0.0,0.0,0.0
709957,上櫃,0.0,0.0,0.0
709958,上櫃,0.41,0.41,10.0
709959,上櫃,0.57,0.57,11.0
709960,上櫃,0.0,0.0,0.0
709961,上櫃,0.0,0.0,0.0
709962,上櫃,0.48,0.48,50.0
709963,上櫃,0.0,0.0,0.0
709964,上櫃,0.38,0.38,10.0
709965,上櫃,0.0,0.0,0.0
709966,上櫃,0.0,0.0,0.0
709967,上櫃,0.65,0.65,22.0
709968,上櫃,0.0,0.0,0.0
709969,上櫃,0.0,0.0,0.0
709970,上櫃,0.0,0.0,0.0
709971,上櫃,1.33,1.33,343.0
709972,上櫃,1.64,2.0,1188.0
709973,上櫃,0.42,0.43,508.0
709974,上櫃,0.0,0.0,0.0
709975,上櫃,0.0,0.0,0.0
709976,上櫃,0.9,0.9,81.0
709977,上櫃,0.6,0.72,557.0
709978,上櫃,0.0,0.0,0.0
709979,上櫃,0.79,0.73,162.0
709980,上櫃,0.53,0.52,268.0
709981,上櫃,0.75,0.75,36.0
709982,上櫃,0.84,0.84,300.0
709983,上櫃,0.55,0.59,670.0
709984,上櫃,1.17,1.11,48.0
709985,上櫃,0.0,0.0,0.0
709986,上櫃,0.0,0.0,0.0
709987,上櫃,0.38,0.38,40.0
709988,上櫃,0.0,0.0,0.0
709989,上櫃,0.54,0.54,2.0
709990,上櫃,0.0,0.0,0.0
709991,上櫃,0.0,0.0,0.0
709992,上櫃,0.0,0.0,0.0
709993,上櫃,0.0,0.0,0.0
709994,上櫃,0.0,0.0,0.0
709995,上櫃,0.0,0.0,0.0
709996,上櫃,1.44,1.43,20.0
709997,上櫃,0.0,0.0,0.0
709998,上櫃,0.96,0.96,75.0
709999,上櫃,1.03,1.03,5.0
710000,上櫃,2.32,2.24,117.0
710001,上櫃,0.0,0.0,0.0
710002,上櫃,0.96,1.08,88.0
710003,上櫃,0.0,0.0,0.0
710004,上櫃,0.0,0.0,0.0
710005,上櫃,0.0,0.0,0.0
710006,上櫃,0.74,0.7,90.0
710007,上櫃,0.45,0.43,579.0
710008,上櫃,0.38,0.45,327.0
710009,上櫃,0.47,0.47,200.0
710010,上櫃,0.0,0.0,0.0
710011,上櫃,0.0,0.0,0.0
710012,上櫃,0.0,0.0,0.0
710013,上櫃,0.0,0.0,0.0
710014,上櫃,0.83,0.83,9.0
710015,上櫃,0.0,0.0,0.0
710016,上櫃,0.0,0.0,0.0
710017,上櫃,0.0,0.0,0.0
710018,上櫃,0.32,0.31,333.0
710019,上櫃,0.22,0.22,50.0
710020,上櫃,0.0,0.0,0.0
710021,上櫃,0.0,0.0,0.0
710022,上櫃,0.65,0.76,279.0
710023,上櫃,0.64,0.73,168.0
710024,上櫃,0.0,0.0,0.0
710025,上櫃,0.4,0.4,200.0
710026,上櫃,0.0,0.0,0.0
710027,上櫃,0.53,0.53,20.0
710028,上櫃,0.0,0.0,0.0
710029,上櫃,0.0,0.0,0.0
710030,上櫃,0.34,0.4,519.0
710031,上櫃,0.47,0.51,426.0
710032,上櫃,0.0,0.0,0.0
710033,上櫃,0.0,0.0,0.0
710034,上櫃,0.0,0.0,0.0
710035,上櫃,0.79,0.84,35.0
710036,上櫃,0.0,0.0,0.0
710037,上櫃,1.39,1.39,11.0
710038,上櫃,0.0,0.0,0.0
710039,上櫃,0.0,0.0,0.0
710040,上櫃,0.0,0.0,0.0
710041,上櫃,0.0,0.0,0.0
710042,上櫃,0.65,0.65,10.0
710043,上櫃,0.38,0.38,50.0
710044,上櫃,0.33,0.33,47.0
710045,上櫃,0.0,0.0,0.0
710046,上櫃,0.92,0.86,14.0
710047,上櫃,0.99,0.95,72.0
710048,上櫃,0.0,0.0,0.0
710049,上櫃,0.43,0.44,2.0
710050,上櫃,0.0,0.0,0.0
710051,上櫃,0.0,0.0,0.0
710052,上櫃,0.0,0.0,0.0
710053,上櫃,0.46,0.46,7.0
710054,上櫃,0.0,0.0,0.0
710055,上櫃,0.0,0.0,0.0
710056,上櫃,0.0,0.0,0.0
710057,上櫃,0.0,0.0,0.0
710058,上櫃,0.0,0.0,0.0
710059,上櫃,0.84,0.84,32.0
710060,上櫃,0.9,0.91,110.0
710061,上櫃,0.67,0.61,16.0
710062,上櫃,0.52,0.51,70.0
710063,上櫃,0.0,0.0,0.0
710064,上櫃,0.0,0.0,0.0
710065,上櫃,1.02,1.02,50.0
710066,上櫃,0.0,0.0,0.0
710067,上櫃,0.49,0.38,671.0
710068,上櫃,0.61,0.57,601.0
710069,上櫃,0.55,0.51,644.0
710070,上櫃,0.0,0.0,0.0
710071,上櫃,0.87,0.85,89.0
710072,上櫃,0.0,0.0,0.0
710073,上櫃,0.86,0.82,328.0
710074,上櫃,0.78,0.77,282.0
710075,上櫃,0.82,0.86,278.0
710076,上櫃,0.61,0.62,114.0
710077,上櫃,0.35,0.35,60.0
710078,上櫃,0.0,0.0,0.0
710079,上櫃,0.55,0.55,49.0
710080,上櫃,1.05,1.01,15.0
710081,上櫃,0.0,0.0,0.0
710082,上櫃,1.05,1.1,30.0
710083,上櫃,1.35,1.36,68.0
710084,上櫃,0.0,0.0,0.0
710085,上櫃,0.38,0.37,85.0
710086,上櫃,0.56,0.56,1304.0
710087,上櫃,0.0,0.0,0.0
710088,上櫃,0.45,0.45,113.0
710089,上櫃,0.0,0.0,0.0
710090,上櫃,0.0,0.0,0.0
710091,上櫃,0.52,0.52,25.0
710092,上櫃,0.0,0.0,0.0
710093,上櫃,0.0,0.0,0.0
710094,上櫃,0.44,0.44,100.0
710095,上櫃,0.27,0.27,20.0
710096,上櫃,0.0,0.0,0.0
710097,上櫃,0.59,0.59,1183.0
710098,上櫃,0.0,0.0,0.0
710099,上櫃,0.0,0.0,0.0
710100,上櫃,0.63,0.63,68.0
710101,上櫃,0.0,0.0,0.0
710102,上櫃,4.27,4.19,60.0
710103,上櫃,0.0,0.0,0.0
710104,上櫃,0.0,0.0,0.0
710105,上櫃,0.0,0.0,0.0
710106,上櫃,0.0,0.0,0.0
710107,上櫃,0.0,0.0,0.0
710108,上櫃,0.0,0.0,0.0
710109,上櫃,0.95,0.95,63.0
710110,上櫃,0.52,0.5,60.0
710111,上櫃,0.0,0.0,0.0
710112,上櫃,0.52,0.52,1.0
710113,上櫃,0.0,0.0,0.0
710114,上櫃,0.31,0.3,150.0
710115,上櫃,0.0,0.0,0.0
710116,上櫃,0.0,0.0,0.0
710117,上櫃,0.0,0.0,0.0
710118,上櫃,0.32,0.33,591.0
710119,上櫃,0.4,0.4,125.0
710120,上櫃,0.22,0.22,8.0
710121,上櫃,0.92,0.92,143.0
710122,上櫃,0.0,0.0,0.0
710123,上櫃,0.0,0.0,0.0
710124,上櫃,0.79,0.79,5.0
710125,上櫃,0.0,0.0,0.0
710126,上櫃,0.0,0.0,0.0
710127,上櫃,0.0,0.0,0.0
710128,上櫃,0.26,0.25,13.0
710129,上櫃,0.0,0.0,0.0
710130,上櫃,0.0,0.0,0.0
710131,上櫃,0.0,0.0,0.0
710132,上櫃,1.11,1.08,143.0
710133,上櫃,0.0,0.0,0.0
710134,上櫃,0.0,0.0,0.0
710135,上櫃,0.0,0.0,0.0
710136,上櫃,0.28,0.27,10.0
710137,上櫃,0.0,0.0,0.0
710138,上櫃,0.7,0.72,363.0
710139,上櫃,0.41,0.4,103.0
710140,上櫃,0.0,0.0,0.0
710141,上櫃,0.39,0.39,252.0
710142,上櫃,0.0,0.0,0.0
710143,上櫃,0.49,0.49,54.0
710144,上櫃,0.58,0.59,120.0
710145,上櫃,0.3,0.37,182.0
710146,上櫃,0.77,0.75,296.0
710147,上櫃,0.58,0.58,23.0
710148,上櫃,0.0,0.0,0.0
710149,上櫃,1.01,1.01,50.0
710150,上櫃,0.81,0.81,23.0
710151,上櫃,0.95,1.13,69.0
710152,上櫃,0.0,0.0,0.0
710153,上櫃,0.83,0.84,194.0
710154,上櫃,0.78,0.71,219.0
710155,上櫃,0.62,0.63,99.0
710156,上櫃,1.25,1.35,247.0
710157,上櫃,0.33,0.33,47.0
710158,上櫃,0.9,0.86,754.0
710159,上櫃,0.0,0.0,0.0
710160,上櫃,0.0,0.0,0.0
710161,上櫃,0.0,0.0,0.0
710162,上櫃,0.38,0.36,209.0
710163,上櫃,0.45,0.5,116.0
710164,上櫃,0.0,0.0,0.0
710165,上櫃,0.73,0.78,116.0
710166,上櫃,0.71,0.74,44.0
710167,上櫃,0.0,0.0,0.0
710168,上櫃,0.56,0.57,30.0
710169,上櫃,0.28,0.28,100.0
710170,上櫃,0.75,0.79,150.0
710171,上櫃,0.47,0.47,18.0
710172,上櫃,0.58,0.58,499.0
710173,上櫃,0.0,0.0,0.0
710174,上櫃,0.79,0.79,46.0
710175,上櫃,0.35,0.33,2.0
710176,上櫃,0.0,0.0,0.0
710177,上櫃,0.0,0.0,0.0
710178,上櫃,0.0,0.0,0.0
710179,上櫃,0.37,0.36,1264.0
710180,上櫃,0.0,0.0,0.0
710181,上櫃,0.0,0.0,0.0
710182,上櫃,0.64,0.66,1000.0
710183,上櫃,0.0,0.0,0.0
710184,上櫃,0.78,0.86,77.0
710185,上櫃,0.0,0.0,0.0
710186,上櫃,0.0,0.0,0.0
710187,上櫃,0.0,0.0,0.0
710188,上櫃,0.0,0.0,0.0
710189,上櫃,0.0,0.0,0.0
710190,上櫃,0.45,0.48,324.0
710191,上櫃,0.89,0.99,287.0
710192,上櫃,0.23,0.24,816.0
710193,上櫃,0.0,0.0,0.0
710194,上櫃,0.0,0.0,0.0
710195,上櫃,0.52,0.58,83.0
710196,上櫃,0.0,0.0,0.0
710197,上櫃,0.0,0.0,0.0
710198,上櫃,0.37,0.37,10.0
710199,上櫃,0.91,0.88,106.0
710200,上櫃,0.71,0.72,382.0
710201,上櫃,0.67,0.73,383.0
710202,上櫃,0.91,0.81,240.0
710203,上櫃,0.0,0.0,0.0
710204,上櫃,2.25,2.18,576.0
710205,上櫃,0.0,0.0,0.0
710206,上櫃,0.0,0.0,0.0
710207,上櫃,0.0,0.0,0.0
710208,上櫃,0.0,0.0,0.0
710209,上櫃,0.0,0.0,0.0
710210,上櫃,0.0,0.0,0.0
710211,上櫃,0.0,0.0,0.0
710212,上櫃,0.0,0.0,0.0
710213,上櫃,0.0,0.0,0.0
710214,上櫃,0.0,0.0,0.0
710215,上櫃,0.0,0.0,0.0
710216,上櫃,0.0,0.0,0.0
710217,上櫃,0.55,0.55,10.0
710218,上櫃,1.24,1.24,124.0
710219,上櫃,2.16,2.03,597.0
710220,上櫃,0.78,0.72,300.0
710221,上櫃,0.0,0.0,0.0
710222,上櫃,0.99,0.99,40.0
710223,上櫃,0.76,0.81,418.0
710224,上櫃,0.35,0.35,48.0
710225,上櫃,0.0,0.0,0.0
710226,上櫃,0.0,0.0,0.0
710227,上櫃,0.0,0.0,0.0
710228,上櫃,0.0,0.0,0.0
710229,上櫃,0.0,0.0,0.0
710230,上櫃,0.0,0.0,0.0
710231,上櫃,1.55,1.56,15.0
710232,上櫃,0.0,0.0,0.0
710233,上櫃,0.0,0.0,0.0
710234,上櫃,0.0,0.0,0.0
710235,上櫃,2.23,2.23,15.0
710236,上櫃,0.0,0.0,0.0
710237,上櫃,0.0,0.0,0.0
710238,上櫃,0.0,0.0,0.0
710239,上櫃,1.74,1.54,47.0
710240,上櫃,0.0,0.0,0.0
710241,上櫃,0.0,0.0,0.0
710242,上櫃,0.42,0.42,15.0
710243,上櫃,0.0,0.0,0.0
710244,上櫃,0.0,0.0,0.0
710245,上櫃,0.0,0.0,0.0
710246,上櫃,0.7,0.6,160.0
710247,上櫃,0.57,0.57,50.0
710248,上櫃,0.0,0.0,0.0
710249,上櫃,0.0,0.0,0.0
710250,上櫃,0.45,0.48,547.0
710251,上櫃,0.91,0.91,48.0
710252,上櫃,0.0,0.0,0.0
710253,上櫃,0.87,0.88,230.0
710254,上櫃,0.0,0.0,0.0
710255,上櫃,0.33,0.34,321.0
710256,上櫃,0.29,0.27,235.0
710257,上櫃,0.21,0.19,12.0
710258,上櫃,0.0,0.0,0.0
710259,上櫃,0.72,0.72,230.0
710260,上櫃,0.0,0.0,0.0
710261,上櫃,0.0,0.0,0.0
710262,上櫃,0.75,0.75,8.0
710263,上櫃,0.2,0.26,240.0
710264,上櫃,0.0,0.0,0.0
710265,上櫃,0.21,0.21,62.0
710266,上櫃,0.11,0.09,2.0
710267,上櫃,0.0,0.0,0.0
710268,上櫃,0.0,0.0,0.0
710269,上櫃,0.37,0.37,10.0
710270,上櫃,0.0,0.0,0.0
710271,上櫃,0.67,0.7,136.0
710272,上櫃,1.35,1.38,44.0
710273,上櫃,0.98,0.98,6.0
710274,上櫃,0.0,0.0,0.0
710275,上櫃,0.0,0.0,0.0
710276,上櫃,0.25,0.21,180.0
710277,上櫃,0.0,0.0,0.0
710278,上櫃,2.1,2.1,30.0
710279,上櫃,1.1,1.04,302.0
710280,上櫃,0.49,0.52,8.0
710281,上櫃,0.0,0.0,0.0
710282,上櫃,0.45,0.45,3.0
710283,上櫃,0.0,0.0,0.0
710284,上櫃,0.0,0.0,0.0
710285,上櫃,0.0,0.0,0.0
710286,上櫃,0.0,0.0,0.0
710287,上櫃,0.95,1.0,20.0
710288,上櫃,0.0,0.0,0.0
710289,上櫃,0.0,0.0,0.0
710290,上櫃,0.0,0.0,0.0
710291,上櫃,0.0,0.0,0.0
710292,上櫃,0.0,0.0,0.0
710293,上櫃,0.0,0.0,0.0
710294,上櫃,0.46,0.46,300.0
710295,上櫃,0.41,0.41,5.0
710296,上櫃,0.0,0.0,0.0
710297,上櫃,0.0,0.0,0.0
710298,上櫃,0.0,0.0,0.0
710299,上櫃,0.0,0.0,0.0
710300,上櫃,0.0,0.0,0.0
710301,上櫃,0.0,0.0,0.0
710302,上櫃,0.0,0.0,0.0
710303,上櫃,1.62,1.59,36.0
710304,上櫃,0.09,0.09,609.0
710305,上櫃,0.0,0.0,0.0
710306,上櫃,0.69,0.64,3.0
710307,上櫃,0.0,0.0,0.0
710308,上櫃,0.0,0.0,0.0
710309,上櫃,0.43,0.43,1.0
710310,上櫃,0.0,0.0,0.0
710311,上櫃,0.0,0.0,0.0
710312,上櫃,0.24,0.26,126.0
710313,上櫃,0.0,0.0,0.0
710314,上櫃,0.0,0.0,0.0
710315,上櫃,0.0,0.0,0.0
710316,上櫃,0.0,0.0,0.0
710317,上櫃,1.46,1.46,1.0
710318,上櫃,0.0,0.0,0.0
710319,上櫃,0.9,0.84,243.0
710320,上櫃,0.92,1.0,6.0
710321,上櫃,0.58,0.58,10.0
710322,上櫃,0.3,0.3,250.0
710323,上櫃,0.0,0.0,0.0
710324,上櫃,0.0,0.0,0.0
710325,上櫃,0.0,0.0,0.0
710326,上櫃,0.0,0.0,0.0
710327,上櫃,0.0,0.0,0.0
710328,上櫃,0.0,0.0,0.0
710329,上櫃,0.0,0.0,0.0
710330,上櫃,1.03,0.92,606.0
710331,上櫃,1.01,1.01,200.0
710332,上櫃,1.01,0.89,35.0
710333,上櫃,0.0,0.0,0.0
710334,上櫃,1.49,1.57,72.0
710335,上櫃,1.31,1.39,117.0
710336,上櫃,0.0,0.0,0.0
710337,上櫃,0.0,0.0,0.0
710338,上櫃,0.0,0.0,0.0
710339,上櫃,0.73,0.81,471.0
710340,上櫃,0.92,1.03,19.0
710341,上櫃,0.29,0.28,6.0
710342,上櫃,0.0,0.0,0.0
710343,上櫃,0.31,0.31,100.0
710344,上櫃,0.0,0.0,0.0
710345,上櫃,0.0,0.0,0.0
710346,上櫃,0.0,0.0,0.0
710347,上櫃,0.0,0.0,0.0
710348,上櫃,0.0,0.0,0.0
710349,上櫃,0.62,0.68,279.0
710350,上櫃,0.0,0.0,0.0
710351,上櫃,0.69,0.69,60.0
710352,上櫃,1.8,1.7,44.0
710353,上櫃,0.0,0.0,0.0
710354,上櫃,0.52,0.53,50.0
710355,上櫃,0.54,0.54,300.0
710356,上櫃,0.47,0.47,52.0
710357,上櫃,0.0,0.0,0.0
710358,上櫃,0.94,1.08,230.0
710359,上櫃,0.0,0.0,0.0
710360,上櫃,0.0,0.0,0.0
710361,上櫃,0.0,0.0,0.0
710362,上櫃,0.0,0.0,0.0
710363,上櫃,0.0,0.0,0.0
710364,上櫃,0.58,0.58,2.0
710365,上櫃,0.0,0.0,0.0
710366,上櫃,0.45,0.45,10.0
710367,上櫃,0.0,0.0,0.0
710368,上櫃,1.68,1.76,67.0
710369,上櫃,0.82,0.88,431.0
710370,上櫃,0.0,0.0,0.0
710371,上櫃,0.0,0.0,0.0
710372,上櫃,0.7,0.7,24.0
710373,上櫃,0.47,0.46,150.0
710374,上櫃,0.57,0.57,20.0
710375,上櫃,0.75,0.69,102.0
710376,上櫃,0.0,0.0,0.0
710377,上櫃,0.0,0.0,0.0
710378,上櫃,0.49,0.49,10.0
710379,上櫃,0.0,0.0,0.0
710380,上櫃,0.0,0.0,0.0
710381,上櫃,0.49,0.49,50.0
710382,上櫃,0.27,0.3,101.0
710383,上櫃,0.0,0.0,0.0
710384,上櫃,0.0,0.0,0.0
710385,上櫃,0.64,0.73,548.0
710386,上櫃,0.83,0.83,341.0
710387,上櫃,1.67,1.67,10.0
710388,上櫃,0.0,0.0,0.0
710389,上櫃,0.0,0.0,0.0
710390,上櫃,1.44,1.46,409.0
710391,上櫃,1.32,1.41,45.0
710392,上櫃,0.0,0.0,0.0
710393,上櫃,0.0,0.0,0.0
710394,上櫃,0.0,0.0,0.0
710395,上櫃,0.67,0.67,200.0
710396,上櫃,0.0,0.0,0.0
710397,上櫃,0.37,0.37,74.0
710398,上櫃,0.71,0.73,69.0
710399,上櫃,1.3,1.32,17.0
710400,上櫃,1.43,1.41,27.0
710401,上櫃,0.0,0.0,0.0
710402,上櫃,0.0,0.0,0.0
710403,上櫃,0.37,0.37,1.0
710404,上櫃,0.0,0.0,0.0
710405,上櫃,0.68,0.72,151.0
710406,上櫃,0.68,0.69,175.0
710407,上櫃,0.6,0.64,180.0
710408,上櫃,0.0,0.0,0.0
710409,上櫃,0.0,0.0,0.0
710410,上櫃,0.0,0.0,0.0
710411,上櫃,0.0,0.0,0.0
710412,上櫃,0.0,0.0,0.0
710413,上櫃,0.0,0.0,0.0
710414,上櫃,0.0,0.0,0.0
710415,上櫃,0.0,0.0,0.0
710416,上櫃,0.51,0.51,15.0
710417,上櫃,0.0,0.0,0.0
710418,上櫃,0.52,0.52,50.0
710419,上櫃,0.0,0.0,0.0
710420,上櫃,0.21,0.24,26.0
710421,上櫃,0.0,0.0,0.0
710422,上櫃,0.92,0.92,3.0
710423,上櫃,0.0,0.0,0.0
710424,上櫃,0.0,0.0,0.0
710425,上櫃,0.47,0.47,33.0
710426,上櫃,2.0,2.05,171.0
710427,上櫃,0.0,0.0,0.0
710428,上櫃,0.0,0.0,0.0
710429,上櫃,1.64,1.75,34.0
710430,上櫃,0.31,0.33,171.0
710431,上櫃,0.51,0.49,954.0
710432,上櫃,0.46,0.46,56.0
710433,上櫃,0.0,0.0,0.0
710434,上櫃,0.66,0.8,1016.0
710435,上櫃,0.66,0.65,13.0
710436,上櫃,0.91,0.91,99.0
710437,上櫃,0.49,0.56,34.0
710438,上櫃,0.51,0.52,267.0
710439,上櫃,0.54,0.58,408.0
710440,上櫃,0.0,0.0,0.0
710441,上櫃,1.8,1.72,16.0
710442,上櫃,0.68,0.68,159.0
710443,上櫃,1.12,1.29,1097.0
710444,上櫃,0.0,0.0,0.0
710445,上櫃,0.59,0.68,651.0
710446,上櫃,0.95,1.01,602.0
710447,上櫃,0.76,0.81,4533.0
710448,上櫃,0.76,0.78,897.0
710449,上櫃,0.0,0.0,0.0
710450,上櫃,0.0,0.0,0.0
710451,上櫃,0.0,0.0,0.0
710452,上櫃,0.92,0.86,26.0
710453,上櫃,0.0,0.0,0.0
710454,上櫃,0.63,0.63,47.0
710455,上櫃,0.0,0.0,0.0
710456,上櫃,1.1,1.11,23.0
710457,上櫃,0.78,0.78,1.0
710458,上櫃,0.64,0.67,41.0
710459,上櫃,0.0,0.0,0.0
710460,上櫃,0.0,0.0,0.0
710461,上櫃,0.0,0.0,0.0
710462,上櫃,0.0,0.0,0.0
710463,上櫃,1.13,1.13,10.0
710464,上櫃,0.0,0.0,0.0
710465,上櫃,1.12,1.12,19.0
710466,上櫃,0.91,0.91,59.0
710467,上櫃,0.0,0.0,0.0
710468,上櫃,0.0,0.0,0.0
710469,上櫃,0.0,0.0,0.0
710470,上櫃,1.76,1.87,426.0
710471,上櫃,0.0,0.0,0.0
710472,上櫃,0.0,0.0,0.0
710473,上櫃,0.0,0.0,0.0
710474,上櫃,0.73,0.76,73.0
710475,上櫃,0.63,0.65,131.0
710476,上櫃,0.0,0.0,0.0
710477,上櫃,0.55,0.56,830.0
710478,上櫃,0.69,0.69,747.0
710479,上櫃,0.0,0.0,0.0
710480,上櫃,0.0,0.0,0.0
710481,上櫃,1.02,1.15,672.0
710482,上櫃,0.71,0.77,500.0
710483,上櫃,0.74,0.74,132.0
710484,上櫃,0.0,0.0,0.0
710485,上櫃,0.58,0.67,99.0
710486,上櫃,1.06,1.06,10.0
710487,上櫃,0.58,0.61,17.0
710488,上櫃,0.0,0.0,0.0
710489,上櫃,1.3,1.44,587.0
710490,上櫃,1.47,1.43,518.0
710491,上櫃,0.0,0.0,0.0
710492,上櫃,0.0,0.0,0.0
710493,上櫃,2.1,1.9,24.0
710494,上櫃,0.0,0.0,0.0
710495,上櫃,0.0,0.0,0.0
710496,上櫃,0.33,0.33,6.0
710497,上櫃,0.0,0.0,0.0
710498,上櫃,0.0,0.0,0.0
710499,上櫃,0.0,0.0,0.0
710500,上櫃,0.72,0.7,600.0
710501,上櫃,0.47,0.53,465.0
710502,上櫃,0.76,0.9,491.0
710503,上櫃,0.77,0.83,182.0
710504,上櫃,0.83,0.84,125.0
710505,上櫃,0.84,0.84,1325.0
710506,上櫃,1.03,0.97,106.0
710507,上櫃,1.04,1.11,189.0
710508,上櫃,0.0,0.0,0.0
710509,上櫃,0.0,0.0,0.0
710510,上櫃,1.86,2.28,5.0
710511,上櫃,0.52,0.52,592.0
710512,上櫃,0.55,0.62,60.0
710513,上櫃,0.0,0.0,0.0
710514,上櫃,0.0,0.0,0.0
710515,上櫃,0.0,0.0,0.0
710516,上櫃,0.0,0.0,0.0
710517,上櫃,0.0,0.0,0.0
710518,上櫃,0.0,0.0,0.0
710519,上櫃,0.0,0.0,0.0
710520,上櫃,0.55,0.57,101.0
710521,上櫃,0.0,0.0,0.0
710522,上櫃,0.0,0.0,0.0
710523,上櫃,0.72,0.72,28.0
710524,上櫃,0.0,0.0,0.0
710525,上櫃,0.0,0.0,0.0
710526,上櫃,0.95,0.97,384.0
710527,上櫃,0.0,0.0,0.0
710528,上櫃,0.0,0.0,0.0
710529,上櫃,1.0,0.99,100.0
710530,上櫃,0.0,0.0,0.0
710531,上櫃,0.73,0.73,68.0
710532,上櫃,0.97,1.03,428.0
710533,上櫃,0.43,0.42,20.0
710534,上櫃,1.38,1.48,90.0
710535,上櫃,0.59,0.59,19.0
710536,上櫃,0.0,0.0,0.0
710537,上櫃,0.36,0.35,69.0
710538,上櫃,0.8,0.8,90.0
710539,上櫃,0.95,1.04,232.0
710540,上櫃,0.85,0.85,67.0
710541,上櫃,1.37,1.4,161.0
710542,上櫃,0.0,0.0,0.0
710543,上櫃,0.0,0.0,0.0
710544,上櫃,1.93,1.72,410.0
710545,上櫃,0.0,0.0,0.0
710546,上櫃,1.49,1.43,29.0
710547,上櫃,0.42,0.47,112.0
710548,上櫃,0.36,0.36,6.0
710549,上櫃,0.0,0.0,0.0
710550,上櫃,0.25,0.25,5.0
710551,上櫃,0.51,0.51,94.0
710552,上櫃,0.52,0.54,208.0
710553,上櫃,0.53,0.58,1688.0
710554,上櫃,0.38,0.38,35.0
710555,上櫃,0.0,0.0,0.0
710556,上櫃,0.0,0.0,0.0
710557,上櫃,0.0,0.0,0.0
710558,上櫃,0.79,0.79,10.0
710559,上櫃,0.82,0.83,19.0
710560,上櫃,0.58,0.58,4.0
710561,上櫃,0.74,0.82,73.0
710562,上櫃,0.77,0.77,17.0
710563,上櫃,0.0,0.0,0.0
710564,上櫃,0.0,0.0,0.0
710565,上櫃,0.0,0.0,0.0
710566,上櫃,1.25,1.25,7.0
710567,上櫃,0.37,0.37,114.0
710568,上櫃,0.72,0.75,46.0
710569,上櫃,0.0,0.0,0.0
710570,上櫃,0.0,0.0,0.0
710571,上櫃,0.0,0.0,0.0
710572,上櫃,0.0,0.0,0.0
710573,上櫃,0.77,0.77,22.0
710574,上櫃,0.98,0.98,16.0
710575,上櫃,1.12,1.12,10.0
710576,上櫃,1.58,1.43,47.0
710577,上櫃,1.74,1.58,2446.0
710578,上櫃,1.85,1.65,1220.0
710579,上櫃,0.44,0.46,465.0
710580,上櫃,0.33,0.33,655.0
710581,上櫃,0.43,0.44,379.0
710582,上櫃,0.73,0.79,812.0
710583,上櫃,0.23,0.23,1.0
710584,上櫃,0.0,0.0,0.0
710585,上櫃,0.9,0.9,33.0
710586,上櫃,0.46,0.46,496.0
710587,上櫃,0.55,0.61,1159.0
710588,上櫃,1.04,1.05,38.0
710589,上櫃,0.52,0.58,595.0
710590,上櫃,0.66,0.67,335.0
710591,上櫃,0.5,0.46,15.0
710592,上櫃,1.27,1.27,49.0
710593,上櫃,0.75,0.78,75.0
710594,上櫃,0.0,0.0,0.0
710595,上櫃,0.0,0.0,0.0
710596,上櫃,0.0,0.0,0.0
710597,上櫃,1.33,1.28,123.0
710598,上櫃,0.8,0.78,328.0
710599,上櫃,0.52,0.53,4.0
710600,上櫃,0.72,0.72,20.0
710601,上櫃,0.0,0.0,0.0
710602,上櫃,0.0,0.0,0.0
710603,上櫃,0.63,0.65,1250.0
710604,上櫃,0.57,0.58,161.0
710605,上櫃,0.69,0.69,5.0
710606,上櫃,0.16,0.16,185.0
710607,上櫃,0.37,0.48,202.0
710608,上櫃,0.0,0.0,0.0
710609,上櫃,0.0,0.0,0.0
710610,上櫃,1.21,1.17,468.0
710611,上櫃,1.4,1.43,65.0
710612,上櫃,0.0,0.0,0.0
710613,上櫃,0.79,0.93,413.0
710614,上櫃,1.05,1.05,13.0
710615,上櫃,0.0,0.0,0.0
710616,上櫃,0.0,0.0,0.0
710617,上櫃,1.01,1.11,63.0
710618,上櫃,0.98,0.98,41.0
710619,上櫃,0.0,0.0,0.0
710620,上櫃,0.99,0.99,22.0
710621,上櫃,0.0,0.0,0.0
710622,上櫃,0.0,0.0,0.0
710623,上櫃,0.0,0.0,0.0
710624,上櫃,0.85,1.07,710.0
710625,上櫃,0.0,0.0,0.0
710626,上櫃,0.0,0.0,0.0
710627,上櫃,0.0,0.0,0.0
710628,上櫃,2.74,2.77,19.0
710629,上櫃,0.0,0.0,0.0
710630,上櫃,0.61,0.57,258.0
710631,上櫃,0.5,0.5,496.0
710632,上櫃,0.0,0.0,0.0
710633,上櫃,0.79,0.83,441.0
710634,上櫃,0.61,0.65,182.0
710635,上櫃,2.5,2.5,2.0
710636,上櫃,0.45,0.45,60.0
710637,上櫃,0.47,0.45,40.0
710638,上櫃,0.64,0.63,146.0
710639,上櫃,0.0,0.0,0.0
710640,上櫃,0.0,0.0,0.0
710641,上櫃,0.2,0.2,70.0
710642,上櫃,0.0,0.0,0.0
710643,上櫃,0.0,0.0,0.0
710644,上櫃,0.0,0.0,0.0
710645,上櫃,0.0,0.0,0.0
710646,上櫃,0.0,0.0,0.0
710647,上櫃,0.94,0.77,298.0
710648,上櫃,0.0,0.0,0.0
710649,上櫃,0.68,0.7,13.0
710650,上櫃,0.0,0.0,0.0
710651,上櫃,0.0,0.0,0.0
710652,上櫃,0.0,0.0,0.0
710653,上櫃,0.0,0.0,0.0
710654,上櫃,0.78,0.76,660.0
710655,上櫃,0.0,0.0,0.0
710656,上櫃,0.0,0.0,0.0
710657,上櫃,0.0,0.0,0.0
710658,上櫃,0.0,0.0,0.0
710659,上櫃,0.87,1.09,877.0
710660,上櫃,0.0,0.0,0.0
710661,上櫃,0.0,0.0,0.0
710662,上櫃,0.0,0.0,0.0
710663,上櫃,0.25,0.25,10.0
710664,上櫃,0.0,0.0,0.0
710665,上櫃,2.14,2.26,71.0
710666,上櫃,0.0,0.0,0.0
710667,上櫃,0.44,0.42,52.0
710668,上櫃,0.0,0.0,0.0
710669,上櫃,0.0,0.0,0.0
710670,上櫃,0.5,0.52,209.0
710671,上櫃,0.0,0.0,0.0
710672,上櫃,0.0,0.0,0.0
710673,上櫃,0.0,0.0,0.0
710674,上櫃,0.0,0.0,0.0
710675,上櫃,0.0,0.0,0.0
710676,上櫃,0.56,0.52,160.0
710677,上櫃,0.41,0.43,50.0
710678,上櫃,0.0,0.0,0.0
710679,上櫃,0.0,0.0,0.0
710680,上櫃,0.49,0.43,41.0
710681,上櫃,0.0,0.0,0.0
710682,上櫃,0.0,0.0,0.0
710683,上櫃,1.15,1.04,542.0
710684,上櫃,0.0,0.0,0.0
710685,上櫃,0.55,0.57,41.0
710686,上櫃,0.0,0.0,0.0
710687,上櫃,2.29,2.83,64.0
710688,上櫃,0.25,0.24,40.0
710689,上櫃,1.12,1.0,30.0
710690,上櫃,0.0,0.0,0.0
710691,上櫃,0.72,0.71,200.0
710692,上櫃,0.74,0.74,25.0
710693,上櫃,0.3,0.3,220.0
710694,上櫃,0.0,0.0,0.0
710695,上櫃,0.0,0.0,0.0
710696,上櫃,0.61,0.62,383.0
710697,上櫃,0.0,0.0,0.0
710698,上櫃,0.67,0.62,100.0
710699,上櫃,0.0,0.0,0.0
710700,上櫃,0.0,0.0,0.0
710701,上櫃,0.0,0.0,0.0
710702,上櫃,0.0,0.0,0.0
710703,上櫃,0.75,0.75,40.0
710704,上櫃,0.0,0.0,0.0
710705,上櫃,0.0,0.0,0.0
710706,上櫃,0.0,0.0,0.0
710707,上櫃,0.0,0.0,0.0
710708,上櫃,0.0,0.0,0.0
710709,上櫃,0.0,0.0,0.0
710710,上櫃,0.0,0.0,0.0
710711,上櫃,0.0,0.0,0.0
710712,上櫃,0.33,0.33,54.0
710713,上櫃,0.0,0.0,0.0
710714,上櫃,0.0,0.0,0.0
710715,上櫃,0.38,0.38,100.0
710716,上櫃,0.41,0.41,203.0
710717,上櫃,0.0,0.0,0.0
710718,上櫃,0.46,0.46,19.0
710719,上櫃,0.77,0.77,7.0
710720,上櫃,0.0,0.0,0.0
710721,上櫃,0.0,0.0,0.0
710722,上櫃,0.0,0.0,0.0
710723,上櫃,1.08,1.01,369.0
710724,上櫃,1.16,1.08,351.0
710725,上櫃,0.0,0.0,0.0
710726,上櫃,0.0,0.0,0.0
710727,上櫃,0.0,0.0,0.0
710728,上櫃,0.0,0.0,0.0
710729,上櫃,0.15,0.15,25.0
710730,上櫃,2.13,2.33,102.0
710731,上櫃,0.0,0.0,0.0
710732,上櫃,0.0,0.0,0.0
710733,上櫃,0.0,0.0,0.0
710734,上櫃,0.0,0.0,0.0
710735,上櫃,0.0,0.0,0.0
710736,上櫃,0.97,0.97,38.0
710737,上櫃,0.29,0.29,58.0
710738,上櫃,0.0,0.0,0.0
710739,上櫃,0.99,0.95,7.0
710740,上櫃,0.0,0.0,0.0
710741,上櫃,0.21,0.21,3.0
710742,上櫃,0.0,0.0,0.0
710743,上櫃,0.88,0.88,300.0
710744,上櫃,0.46,0.46,201.0
710745,上櫃,0.0,0.0,0.0
710746,上櫃,0.0,0.0,0.0
710747,上櫃,0.0,0.0,0.0
710748,上櫃,0.0,0.0,0.0
710749,上櫃,0.0,0.0,0.0
710750,上櫃,0.47,0.45,35.0
710751,上櫃,0.56,0.56,35.0
710752,上櫃,0.0,0.0,0.0
710753,上櫃,0.49,0.49,20.0
710754,上櫃,0.31,0.31,3.0
710755,上櫃,0.0,0.0,0.0
710756,上櫃,0.0,0.0,0.0
710757,上櫃,0.35,0.35,137.0
710758,上櫃,0.0,0.0,0.0
710759,上櫃,0.0,0.0,0.0
710760,上櫃,0.35,0.36,239.0
710761,上櫃,0.7,0.71,183.0
710762,上櫃,0.2,0.17,110.0
710763,上櫃,0.0,0.0,0.0
710764,上櫃,0.0,0.0,0.0
710765,上櫃,0.0,0.0,0.0
710766,上櫃,0.33,0.33,139.0
710767,上櫃,0.0,0.0,0.0
710768,上櫃,0.0,0.0,0.0
710769,上櫃,0.0,0.0,0.0
710770,上櫃,0.0,0.0,0.0
710771,上櫃,0.12,0.12,32.0
710772,上櫃,0.37,0.42,12.0
710773,上櫃,0.74,0.73,105.0
710774,上櫃,0.0,0.0,0.0
710775,上櫃,0.0,0.0,0.0
710776,上櫃,0.0,0.0,0.0
710777,上櫃,0.0,0.0,0.0
710778,上櫃,1.05,1.14,153.0
710779,上櫃,0.0,0.0,0.0
710780,上櫃,0.0,0.0,0.0
710781,上櫃,0.0,0.0,0.0
710782,上櫃,0.0,0.0,0.0
710783,上櫃,0.0,0.0,0.0
710784,上櫃,0.92,0.95,375.0
710785,上櫃,0.34,0.38,609.0
710786,上櫃,0.66,0.66,167.0
710787,上櫃,0.36,0.36,58.0
710788,上櫃,1.3,1.16,100.0
710789,上櫃,0.0,0.0,0.0
710790,上櫃,0.0,0.0,0.0
710791,上櫃,0.0,0.0,0.0
710792,上櫃,0.0,0.0,0.0
710793,上櫃,0.5,0.58,151.0
710794,上櫃,1.34,1.3,71.0
710795,上櫃,0.67,0.73,405.0
710796,上櫃,0.91,0.96,201.0
710797,上櫃,1.64,1.67,302.0
710798,上櫃,0.44,0.44,1294.0
710799,上櫃,0.29,0.28,287.0
710800,上櫃,1.6,2.14,817.0
710801,上櫃,0.39,0.4,780.0
710802,上櫃,0.4,0.4,156.0
710803,上櫃,0.0,0.0,0.0
710804,上櫃,0.0,0.0,0.0
710805,上櫃,2.14,2.06,181.0
710806,上櫃,0.84,0.9,128.0
710807,上櫃,1.03,1.03,35.0
710808,上櫃,1.51,1.53,60.0
710809,上櫃,0.83,0.83,5.0
710810,上櫃,0.6,0.6,10.0
710811,上櫃,0.0,0.0,0.0
710812,上櫃,0.0,0.0,0.0
710813,上櫃,0.0,0.0,0.0
710814,上櫃,0.0,0.0,0.0
710815,上櫃,0.3,0.34,140.0
710816,上櫃,1.61,1.59,226.0
710817,上櫃,0.43,0.46,130.0
710818,上櫃,0.35,0.35,60.0
710819,上櫃,1.59,1.79,2.0
710820,上櫃,0.0,0.0,0.0
710821,上櫃,0.0,0.0,0.0
710822,上櫃,0.0,0.0,0.0
710823,上櫃,0.0,0.0,0.0
710824,上櫃,0.73,0.75,100.0
710825,上櫃,0.0,0.0,0.0
710826,上櫃,0.0,0.0,0.0
710827,上櫃,0.0,0.0,0.0
710828,上櫃,0.0,0.0,0.0
710829,上櫃,0.49,0.49,27.0
710830,上櫃,0.62,0.57,17.0
710831,上櫃,0.0,0.0,0.0
710832,上櫃,0.0,0.0,0.0
710833,上櫃,0.83,0.85,85.0
710834,上櫃,1.01,1.01,40.0
710835,上櫃,0.0,0.0,0.0
710836,上櫃,0.0,0.0,0.0
710837,上櫃,0.47,0.51,174.0
710838,上櫃,0.46,0.44,1802.0
710839,上櫃,0.0,0.0,0.0
710840,上櫃,0.0,0.0,0.0
710841,上櫃,0.0,0.0,0.0
710842,上櫃,1.02,1.0,150.0
710843,上櫃,1.3,1.3,2.0
710844,上櫃,0.0,0.0,0.0
710845,上櫃,0.0,0.0,0.0
710846,上櫃,0.0,0.0,0.0
710847,上櫃,0.84,0.86,36.0
710848,上櫃,0.0,0.0,0.0
710849,上櫃,0.0,0.0,0.0
710850,上櫃,0.0,0.0,0.0
710851,上櫃,0.0,0.0,0.0
710852,上櫃,0.42,0.4,2.0
710853,上櫃,0.0,0.0,0.0
710854,上櫃,0.0,0.0,0.0
710855,上櫃,0.41,0.38,60.0
710856,上櫃,0.58,0.57,43.0
710857,上櫃,0.5,0.5,1.0
710858,上櫃,0.39,0.39,7.0
710859,上櫃,0.0,0.0,0.0
710860,上櫃,0.0,0.0,0.0
710861,上櫃,0.0,0.0,0.0
710862,上櫃,0.0,0.0,0.0
710863,上櫃,0.0,0.0,0.0
710864,上櫃,0.0,0.0,0.0
710865,上櫃,0.0,0.0,0.0
710866,上櫃,0.66,0.68,206.0
710867,上櫃,0.0,0.0,0.0
710868,上櫃,0.66,0.62,1044.0
710869,上櫃,0.49,0.49,20.0
710870,上櫃,0.0,0.0,0.0
710871,上櫃,0.0,0.0,0.0
710872,上櫃,0.0,0.0,0.0
710873,上櫃,0.24,0.24,50.0
710874,上櫃,0.0,0.0,0.0
710875,上櫃,0.75,0.77,50.0
710876,上櫃,0.0,0.0,0.0
710877,上櫃,0.95,1.04,32.0
710878,上櫃,0.55,0.63,310.0
710879,上櫃,1.45,1.45,160.0
710880,上櫃,0.18,0.18,3.0
710881,上櫃,0.35,0.39,250.0
710882,上櫃,0.0,0.0,0.0
710883,上櫃,0.75,0.79,86.0
710884,上櫃,0.67,0.75,200.0
710885,上櫃,0.68,0.72,210.0
710886,上櫃,0.0,0.0,0.0
710887,上櫃,2.46,2.46,94.0
710888,上櫃,0.66,0.66,187.0
710889,上櫃,0.0,0.0,0.0
710890,上櫃,0.0,0.0,0.0
710891,上櫃,0.0,0.0,0.0
710892,上櫃,2.11,2.35,32.0
710893,上櫃,1.28,1.28,10.0
710894,上櫃,1.17,1.14,261.0
710895,上櫃,0.7,0.7,8.0
710896,上櫃,0.54,0.53,400.0
710897,上櫃,0.83,0.82,256.0
710898,上櫃,0.47,0.48,319.0
710899,上櫃,0.0,0.0,0.0
710900,上櫃,1.06,1.0,1041.0
710901,上櫃,1.15,1.14,80.0
710902,上櫃,0.82,0.9,151.0
710903,上櫃,0.46,0.46,8.0
710904,上櫃,0.0,0.0,0.0
710905,上櫃,0.0,0.0,0.0
710906,上櫃,0.0,0.0,0.0
710907,上櫃,0.42,0.41,68.0
710908,上櫃,1.5,1.56,15.0
710909,上櫃,0.0,0.0,0.0
710910,上櫃,1.49,1.39,83.0
710911,上櫃,0.0,0.0,0.0
710912,上櫃,0.0,0.0,0.0
710913,上櫃,0.26,0.26,30.0
710914,上櫃,0.0,0.0,0.0
710915,上櫃,1.35,1.25,89.0
710916,上櫃,0.0,0.0,0.0
710917,上櫃,0.0,0.0,0.0
710918,上櫃,0.89,0.87,229.0
710919,上櫃,0.0,0.0,0.0
710920,上櫃,0.0,0.0,0.0
710921,上櫃,0.64,0.81,322.0
710922,上櫃,0.49,0.49,253.0
710923,上櫃,1.1,1.1,9.0
710924,上櫃,0.0,0.0,0.0
710925,上櫃,0.0,0.0,0.0
710926,上櫃,1.05,1.11,135.0
710927,上櫃,0.0,0.0,0.0
710928,上櫃,0.0,0.0,0.0
710929,上櫃,0.35,0.34,27.0
710930,上櫃,0.0,0.0,0.0
710931,上櫃,0.0,0.0,0.0
710932,上櫃,1.2,1.2,5.0
710933,上櫃,0.0,0.0,0.0
710934,上櫃,0.0,0.0,0.0
710935,上櫃,0.82,0.82,1035.0
710936,上櫃,1.23,1.23,21.0
710937,上櫃,0.0,0.0,0.0
710938,上櫃,0.0,0.0,0.0
710939,上櫃,0.0,0.0,0.0
710940,上櫃,0.39,0.35,152.0
710941,上櫃,0.0,0.0,0.0
710942,上櫃,0.43,0.43,10.0
710943,上櫃,0.37,0.37,1.0
710944,上櫃,0.39,0.37,140.0
710945,上櫃,0.58,0.58,8.0
710946,上櫃,0.0,0.0,0.0
710947,上櫃,0.0,0.0,0.0
710948,上櫃,0.0,0.0,0.0
710949,上櫃,0.0,0.0,0.0
710950,上櫃,2.5,2.26,107.0
710951,上櫃,3.07,3.12,64.0
710952,上櫃,0.0,0.0,0.0
710953,上櫃,1.36,1.36,20.0
710954,上櫃,0.59,0.59,100.0
710955,上櫃,0.0,0.0,0.0
710956,上櫃,0.74,0.74,30.0
710957,上櫃,0.0,0.0,0.0
710958,上櫃,0.0,0.0,0.0
710959,上櫃,0.68,0.68,5.0
710960,上櫃,0.4,0.4,5.0
710961,上櫃,0.0,0.0,0.0
710962,上櫃,1.06,1.1,191.0
710963,上櫃,2.39,2.88,20.0
710964,上櫃,0.72,0.89,2134.0
710965,上櫃,1.61,1.61,408.0
710966,上櫃,0.0,0.0,0.0
710967,上櫃,0.5,0.45,31.0
710968,上櫃,0.46,0.46,46.0
710969,上櫃,1.08,1.06,126.0
710970,上櫃,0.0,0.0,0.0
710971,上櫃,0.63,0.7,144.0
710972,上櫃,0.77,0.79,350.0
710973,上櫃,0.71,0.71,5.0
710974,上櫃,0.0,0.0,0.0
710975,上櫃,0.0,0.0,0.0
710976,上櫃,0.0,0.0,0.0
710977,上櫃,0.0,0.0,0.0
710978,上櫃,0.0,0.0,0.0
710979,上櫃,1.51,1.66,1731.0
710980,上櫃,0.61,0.61,25.0
710981,上櫃,0.42,0.4,90.0
710982,上櫃,0.7,0.73,103.0
710983,上櫃,0.0,0.0,0.0
710984,上櫃,1.17,1.23,26.0
710985,上櫃,1.11,1.11,73.0
710986,上櫃,0.0,0.0,0.0
710987,上櫃,0.61,0.59,5.0
710988,上櫃,0.63,0.63,35.0
710989,上櫃,0.0,0.0,0.0
710990,上櫃,2.6,2.76,29.0
710991,上櫃,0.71,0.67,225.0
710992,上櫃,0.78,0.95,17.0
710993,上櫃,2.1,3.1,6.0
710994,上櫃,0.0,0.0,0.0
710995,上櫃,0.0,0.0,0.0
710996,上櫃,0.8,0.8,75.0
710997,上櫃,0.62,0.64,20.0
710998,上櫃,0.0,0.0,0.0
710999,上櫃,0.0,0.0,0.0
711000,上櫃,0.0,0.0,0.0
711001,上櫃,0.0,0.0,0.0
711002,上櫃,0.0,0.0,0.0
711003,上櫃,1.75,2.07,265.0
711004,上櫃,0.63,0.63,10.0
711005,上櫃,0.0,0.0,0.0
711006,上櫃,0.0,0.0,0.0
711007,上櫃,0.0,0.0,0.0
711008,上櫃,0.0,0.0,0.0
711009,上櫃,0.57,0.58,7.0
711010,上櫃,0.77,0.73,200.0
711011,上櫃,0.0,0.0,0.0
711012,上櫃,0.65,0.75,518.0
711013,上櫃,1.08,1.19,1392.0
711014,上櫃,0.33,0.35,598.0
711015,上櫃,0.55,0.57,313.0
711016,上櫃,0.99,1.08,94.0
711017,上櫃,0.85,0.84,94.0
711018,上櫃,0.0,0.0,0.0
711019,上櫃,0.0,0.0,0.0
711020,上櫃,1.11,1.12,94.0
711021,上櫃,0.49,0.52,688.0
711022,上櫃,0.65,0.67,12.0
711023,上櫃,1.15,1.3,83.0
711024,上櫃,0.38,0.38,5.0
711025,上櫃,0.49,0.49,47.0
711026,上櫃,0.0,0.0,0.0
711027,上櫃,0.58,0.58,64.0
711028,上櫃,0.51,0.51,2.0
711029,上櫃,0.61,0.61,3.0
711030,上櫃,0.64,0.64,144.0
711031,上櫃,0.0,0.0,0.0
711032,上櫃,0.65,0.65,4.0
711033,上櫃,0.0,0.0,0.0
711034,上櫃,0.0,0.0,0.0
711035,上櫃,0.0,0.0,0.0
711036,上櫃,0.73,0.74,31.0
711037,上櫃,0.0,0.0,0.0
711038,上櫃,0.0,0.0,0.0
711039,上櫃,0.97,0.96,213.0
711040,上櫃,0.76,0.79,171.0
711041,上櫃,0.53,0.56,390.0
711042,上櫃,0.0,0.0,0.0
711043,上櫃,0.4,0.44,45.0
711044,上櫃,0.0,0.0,0.0
711045,上櫃,0.0,0.0,0.0
711046,上櫃,1.16,1.17,30.0
711047,上櫃,0.5,0.5,50.0
711048,上櫃,0.55,0.55,50.0
711049,上櫃,0.96,1.16,508.0
711050,上櫃,0.0,0.0,0.0
711051,上櫃,0.57,0.64,196.0
711052,上櫃,0.0,0.0,0.0
711053,上櫃,0.0,0.0,0.0
711054,上櫃,1.52,1.61,596.0
711055,上櫃,1.8,1.85,232.0
711056,上櫃,1.3,1.3,26.0
711057,上櫃,0.88,0.88,30.0
711058,上櫃,0.0,0.0,0.0
711059,上櫃,0.9,1.01,2307.0
711060,上櫃,0.0,0.0,0.0
711061,上櫃,0.0,0.0,0.0
711062,上櫃,0.0,0.0,0.0
711063,上櫃,3.42,3.5,130.0
711064,上櫃,1.88,1.91,344.0
711065,上櫃,0.0,0.0,0.0
711066,上櫃,0.0,0.0,0.0
711067,上櫃,0.0,0.0,0.0
711068,上櫃,0.0,0.0,0.0
711069,上櫃,0.0,0.0,0.0
711070,上櫃,0.0,0.0,0.0
711071,上櫃,1.22,1.22,88.0
711072,上櫃,0.0,0.0,0.0
711073,上櫃,0.0,0.0,0.0
711074,上櫃,0.59,0.59,10.0
711075,上櫃,0.55,0.55,2.0
711076,上櫃,0.0,0.0,0.0
711077,上櫃,0.88,0.86,574.0
711078,上櫃,0.87,0.87,48.0
711079,上櫃,0.98,1.12,771.0
711080,上櫃,0.59,0.61,165.0
711081,上櫃,0.94,0.95,620.0
711082,上櫃,0.0,0.0,0.0
711083,上櫃,0.73,0.73,1.0
711084,上櫃,0.89,0.83,981.0
711085,上櫃,4.26,4.97,108.0
711086,上櫃,1.25,1.25,82.0
711087,上櫃,1.37,1.37,141.0
711088,上櫃,0.43,0.44,444.0
711089,上櫃,0.0,0.0,0.0
711090,上櫃,0.26,0.24,455.0
711091,上櫃,1.15,1.49,542.0
711092,上櫃,0.61,0.61,60.0
711093,上櫃,0.42,0.41,432.0
711094,上櫃,1.77,1.73,5.0
711095,上櫃,0.0,0.0,0.0
711096,上櫃,0.75,0.76,30.0
711097,上櫃,0.97,1.0,19.0
711098,上櫃,0.0,0.0,0.0
711099,上櫃,0.0,0.0,0.0
711100,上櫃,0.0,0.0,0.0
711101,上櫃,0.0,0.0,0.0
711102,上櫃,0.0,0.0,0.0
711103,上櫃,0.44,0.44,106.0
711104,上櫃,0.47,0.49,249.0
711105,上櫃,0.48,0.48,43.0
711106,上櫃,0.0,0.0,0.0
711107,上櫃,0.45,0.45,13.0
711108,上櫃,0.0,0.0,0.0
711109,上櫃,0.47,0.47,27.0
711110,上櫃,0.69,0.69,8.0
711111,上櫃,0.0,0.0,0.0
711112,上櫃,0.5,0.5,1.0
711113,上櫃,0.0,0.0,0.0
711114,上櫃,0.0,0.0,0.0
711115,上櫃,0.47,0.49,195.0
711116,上櫃,1.13,1.13,190.0
711117,上櫃,0.0,0.0,0.0
711118,上櫃,0.37,0.37,1.0
711119,上櫃,0.42,0.42,162.0
711120,上櫃,0.0,0.0,0.0
711121,上櫃,0.49,0.48,35.0
711122,上櫃,0.46,0.46,826.0
711123,上櫃,0.45,0.45,277.0
711124,上櫃,0.8,0.78,252.0
711125,上櫃,0.88,0.86,133.0
711126,上櫃,1.92,2.03,63.0
711127,上櫃,0.75,0.75,178.0
711128,上櫃,0.0,0.0,0.0
711129,上櫃,1.1,1.1,50.0
711130,上櫃,0.21,0.23,130.0
711131,上櫃,0.47,0.44,148.0
711132,上櫃,0.0,0.0,0.0
711133,上櫃,0.83,0.97,64.0
711134,上櫃,0.43,0.43,6.0
711135,上櫃,0.83,0.79,793.0
711136,上櫃,1.49,1.52,130.0
711137,上櫃,0.0,0.0,0.0
711138,上櫃,0.65,0.68,5809.0
711139,上櫃,0.66,0.7,406.0
711140,上櫃,0.63,0.64,58.0
711141,上櫃,0.66,0.66,48.0
711142,上櫃,0.68,0.7,57.0
711143,上櫃,0.0,0.0,0.0
711144,上櫃,1.98,1.86,21.0
711145,上櫃,0.0,0.0,0.0
711146,上櫃,0.0,0.0,0.0
711147,上櫃,0.0,0.0,0.0
711148,上櫃,2.54,2.54,14.0
711149,上櫃,2.32,3.02,100.0
711150,上櫃,0.0,0.0,0.0
711151,上櫃,0.0,0.0,0.0
711152,上櫃,1.03,1.03,3.0
711153,上櫃,1.26,1.22,250.0
711154,上櫃,0.0,0.0,0.0
711155,上櫃,0.0,0.0,0.0
711156,上櫃,1.24,1.23,40.0
711157,上櫃,0.57,0.64,27.0
711158,上櫃,0.83,0.89,5.0
711159,上櫃,1.52,1.64,71.0
711160,上櫃,1.31,1.43,171.0
711161,上櫃,0.92,0.92,6.0
711162,上櫃,1.87,1.93,89.0
711163,上櫃,1.2,1.21,90.0
711164,上櫃,0.0,0.0,0.0
711165,上櫃,0.66,0.61,353.0
711166,上櫃,0.0,0.0,0.0
711167,上櫃,1.09,1.2,1102.0
711168,上櫃,0.0,0.0,0.0
711169,上櫃,0.63,0.69,496.0
711170,上櫃,0.41,0.41,113.0
711171,上櫃,0.9,0.9,65.0
711172,上櫃,0.83,0.87,1207.0
711173,上櫃,0.0,0.0,0.0
711174,上櫃,0.53,0.53,210.0
711175,上櫃,1.16,1.18,179.0
711176,上櫃,0.8,0.78,918.0
711177,上櫃,0.96,0.95,582.0
711178,上櫃,0.0,0.0,0.0
711179,上櫃,0.0,0.0,0.0
711180,上櫃,0.0,0.0,0.0
711181,上櫃,0.0,0.0,0.0
711182,上櫃,0.0,0.0,0.0
711183,上櫃,0.0,0.0,0.0
711184,上櫃,0.0,0.0,0.0
711185,上櫃,0.0,0.0,0.0
711186,上櫃,0.43,0.43,35.0
711187,上櫃,0.0,0.0,0.0
711188,上櫃,0.0,0.0,0.0
711189,上櫃,0.0,0.0,0.0
711190,上櫃,0.0,0.0,0.0
711191,上櫃,0.0,0.0,0.0
711192,上櫃,0.0,0.0,0.0
711193,上櫃,0.69,0.72,233.0
711194,上櫃,0.0,0.0,0.0
711195,上櫃,0.0,0.0,0.0
711196,上櫃,0.0,0.0,0.0
711197,上櫃,0.0,0.0,0.0
711198,上櫃,0.47,0.47,200.0
711199,上櫃,0.48,0.47,6.0
711200,上櫃,0.0,0.0,0.0
711201,上櫃,0.0,0.0,0.0
711202,上櫃,0.0,0.0,0.0
711203,上櫃,0.0,0.0,0.0
711204,上櫃,0.0,0.0,0.0
711205,上櫃,0.0,0.0,0.0
711206,上櫃,0.41,0.41,104.0
711207,上櫃,0.38,0.39,276.0
711208,上櫃,0.36,0.36,110.0
711209,上櫃,0.3,0.3,1.0
711210,上櫃,0.42,0.42,50.0
711211,上櫃,0.61,0.6,103.0
711212,上櫃,0.0,0.0,0.0
711213,上櫃,0.85,0.86,127.0
711214,上櫃,0.94,1.02,29.0
711215,上櫃,0.72,0.72,24.0
711216,上櫃,0.0,0.0,0.0
711217,上櫃,0.51,0.48,128.0
711218,上櫃,0.43,0.42,17.0
711219,上櫃,0.64,0.64,100.0
711220,上櫃,0.0,0.0,0.0
711221,上櫃,0.87,0.82,63.0
711222,上櫃,2.03,2.11,61.0
711223,上櫃,1.83,1.83,5.0
711224,上櫃,0.0,0.0,0.0
711225,上櫃,0.42,0.42,1.0
711226,上櫃,0.39,0.4,128.0
711227,上櫃,0.0,0.0,0.0
711228,上櫃,0.36,0.38,104.0
711229,上櫃,0.44,0.5,95.0
711230,上櫃,0.0,0.0,0.0
711231,上櫃,0.65,0.68,308.0
711232,上櫃,0.0,0.0,0.0
711233,上櫃,1.04,1.29,248.0
711234,上櫃,1.49,1.8,66.0
711235,上櫃,0.0,0.0,0.0
711236,上櫃,2.3,2.3,186.0
711237,上櫃,0.0,0.0,0.0
711238,上櫃,0.0,0.0,0.0
711239,上櫃,0.58,0.53,3.0
711240,上櫃,0.37,0.38,426.0
711241,上櫃,0.75,0.9,79.0
711242,上櫃,0.99,0.99,188.0
711243,上櫃,1.14,1.14,9.0
711244,上櫃,0.79,0.83,156.0
711245,上櫃,0.38,0.38,100.0
711246,上櫃,0.83,0.86,135.0
711247,上櫃,1.16,1.12,94.0
711248,上櫃,0.0,0.0,0.0
711249,上櫃,0.0,0.0,0.0
711250,上櫃,0.63,0.64,2.0
711251,上櫃,0.0,0.0,0.0
711252,上櫃,0.0,0.0,0.0
711253,上櫃,0.0,0.0,0.0
711254,上櫃,0.93,0.93,30.0
711255,上櫃,0.0,0.0,0.0
711256,上櫃,0.0,0.0,0.0
711257,上櫃,0.0,0.0,0.0
711258,上櫃,0.0,0.0,0.0
711259,上櫃,0.57,0.53,357.0
711260,上櫃,0.0,0.0,0.0
711261,上櫃,0.99,1.17,2307.0
711262,上櫃,0.0,0.0,0.0
711263,上櫃,0.91,0.92,211.0
711264,上櫃,0.98,0.9,716.0
711265,上櫃,1.1,1.02,2.0
711266,上櫃,1.11,1.13,61.0
711267,上櫃,0.9,1.01,795.0
711268,上櫃,1.3,1.29,68.0
711269,上櫃,0.93,0.89,45.0
711270,上櫃,0.33,0.36,65.0
711271,上櫃,0.46,0.46,20.0
711272,上櫃,0.52,0.61,844.0
711273,上櫃,0.0,0.0,0.0
711274,上櫃,1.01,1.01,5.0
711275,上櫃,0.53,0.57,122.0
711276,上櫃,0.83,0.82,71.0
711277,上櫃,0.73,0.77,44.0
711278,上櫃,0.0,0.0,0.0
711279,上櫃,0.0,0.0,0.0
711280,上櫃,0.0,0.0,0.0
711281,上櫃,0.45,0.45,40.0
711282,上櫃,0.0,0.0,0.0
711283,上櫃,0.89,0.89,48.0
711284,上櫃,0.0,0.0,0.0
711285,上櫃,0.0,0.0,0.0
711286,上櫃,0.0,0.0,0.0
711287,上櫃,0.0,0.0,0.0
711288,上櫃,0.0,0.0,0.0
711289,上櫃,0.85,0.85,47.0
711290,上櫃,0.0,0.0,0.0
711291,上櫃,1.68,1.67,404.0
711292,上櫃,0.7,0.8,3352.0
711293,上櫃,0.0,0.0,0.0
711294,上櫃,0.0,0.0,0.0
711295,上櫃,0.0,0.0,0.0
711296,上櫃,0.69,0.69,70.0
711297,上櫃,0.0,0.0,0.0
711298,上櫃,0.6,0.58,692.0
711299,上櫃,0.67,0.67,35.0
711300,上櫃,1.72,1.7,2.0
711301,上櫃,0.88,0.88,60.0
711302,上櫃,0.0,0.0,0.0
711303,上櫃,1.81,1.79,49.0
711304,上櫃,0.0,0.0,0.0
711305,上櫃,1.76,1.67,419.0
711306,上櫃,0.0,0.0,0.0
711307,上櫃,1.36,1.25,1407.0
711308,上櫃,1.12,1.11,347.0
711309,上櫃,1.09,1.28,1220.0
711310,上櫃,1.58,1.58,19.0
711311,上櫃,0.0,0.0,0.0
711312,上櫃,1.54,1.54,112.0
711313,上櫃,1.26,1.31,549.0
711314,上櫃,0.87,0.94,43.0
711315,上櫃,4.3,4.55,261.0
711316,上櫃,0.94,0.94,2.0
711317,上櫃,0.0,0.0,0.0
711318,上櫃,0.0,0.0,0.0
711319,上櫃,0.0,0.0,0.0
711320,上櫃,1.07,0.99,13.0
711321,上櫃,1.17,1.17,6.0
711322,上櫃,0.0,0.0,0.0
711323,上櫃,0.0,0.0,0.0
711324,上櫃,0.0,0.0,0.0
711325,上櫃,0.0,0.0,0.0
711326,上櫃,0.0,0.0,0.0
711327,上櫃,0.78,0.78,88.0
711328,上櫃,2.9,2.77,30.0
711329,上櫃,0.0,0.0,0.0
711330,上櫃,1.29,1.29,38.0
711331,上櫃,0.68,0.67,60.0
711332,上櫃,0.34,0.37,814.0
711333,上櫃,0.0,0.0,0.0
711334,上櫃,0.0,0.0,0.0
711335,上櫃,0.0,0.0,0.0
711336,上櫃,1.96,1.96,5.0
711337,上櫃,1.73,1.73,27.0
711338,上櫃,0.63,0.63,5.0
711339,上櫃,0.0,0.0,0.0
711340,上櫃,0.0,0.0,0.0
711341,上櫃,0.63,0.63,200.0
711342,上櫃,0.53,0.5,93.0
711343,上櫃,0.31,0.31,3.0
711344,上櫃,1.18,1.26,58.0
711345,上櫃,1.51,1.64,31.0
711346,上櫃,0.28,0.32,106.0
711347,上櫃,1.44,1.44,202.0
711348,上櫃,0.86,0.86,35.0
711349,上櫃,2.02,2.02,1.0
711350,上櫃,1.26,1.2,3250.0
711351,上櫃,0.56,0.56,741.0
711352,上櫃,1.15,1.06,190.0
711353,上櫃,0.39,0.43,578.0
711354,上櫃,0.44,0.47,456.0
711355,上櫃,1.18,1.18,36.0
711356,上櫃,1.26,1.26,150.0
711357,上櫃,0.0,0.0,0.0
711358,上櫃,1.1,1.07,15.0
711359,上櫃,0.99,1.0,50.0
711360,上櫃,0.0,0.0,0.0
711361,上櫃,3.53,3.7,127.0
711362,上櫃,0.72,0.77,227.0
711363,上櫃,0.0,0.0,0.0
711364,上櫃,0.87,0.87,69.0
711365,上櫃,1.09,1.15,62.0
711366,上櫃,0.0,0.0,0.0
711367,上櫃,0.6,0.6,1.0
711368,上櫃,1.28,1.18,93.0
711369,上櫃,0.72,0.7,16.0
711370,上櫃,1.47,1.63,24.0
711371,上櫃,0.0,0.0,0.0
711372,上櫃,0.0,0.0,0.0
711373,上櫃,1.15,1.17,147.0
711374,上櫃,0.0,0.0,0.0
711375,上櫃,1.2,1.2,1.0
711376,上櫃,0.0,0.0,0.0
711377,上櫃,1.41,1.41,20.0
711378,上櫃,0.0,0.0,0.0
711379,上櫃,0.0,0.0,0.0
711380,上櫃,1.01,1.01,2.0
711381,上櫃,0.0,0.0,0.0
711382,上櫃,0.0,0.0,0.0
711383,上櫃,1.69,1.69,200.0
711384,上櫃,1.05,1.05,5.0
711385,上櫃,1.12,1.12,42.0
711386,上櫃,2.07,2.07,22.0
711387,上櫃,1.43,1.43,1.0
711388,上櫃,2.4,2.36,93.0
711389,上櫃,1.58,1.56,25.0
711390,上櫃,1.45,1.45,19.0
711391,上櫃,0.0,0.0,0.0
711392,上櫃,0.57,0.67,670.0
711393,上櫃,0.43,0.46,197.0
711394,上櫃,0.0,0.0,0.0
711395,上櫃,0.71,0.71,5.0
711396,上櫃,0.64,0.64,1.0
711397,上櫃,0.0,0.0,0.0
711398,上櫃,0.53,0.53,1.0
711399,上櫃,0.0,0.0,0.0
711400,上櫃,0.0,0.0,0.0
711401,上櫃,0.55,0.55,50.0
711402,上櫃,0.27,0.26,100.0
711403,上櫃,0.0,0.0,0.0
711404,上櫃,0.59,0.6,26.0
711405,上櫃,0.0,0.0,0.0
711406,上櫃,0.0,0.0,0.0
711407,上櫃,0.0,0.0,0.0
711408,上櫃,0.58,0.58,21.0
711409,上櫃,0.0,0.0,0.0
711410,上櫃,0.0,0.0,0.0
711411,上櫃,0.0,0.0,0.0
711412,上櫃,0.0,0.0,0.0
711413,上櫃,0.0,0.0,0.0
711414,上櫃,0.0,0.0,0.0
711415,上櫃,0.73,0.75,206.0
711416,上櫃,0.0,0.0,0.0
711417,上櫃,0.78,0.8,230.0
711418,上櫃,0.0,0.0,0.0
711419,上櫃,0.38,0.37,62.0
711420,上櫃,0.0,0.0,0.0
711421,上櫃,0.0,0.0,0.0
711422,上櫃,0.93,0.85,263.0
711423,上櫃,0.0,0.0,0.0
711424,上櫃,3.52,3.52,5.0
711425,上櫃,0.0,0.0,0.0
711426,上櫃,0.75,0.7,107.0
711427,上櫃,0.25,0.25,57.0
711428,上櫃,0.98,1.03,14.0
711429,上櫃,0.0,0.0,0.0
711430,上櫃,1.39,1.38,45.0
711431,上櫃,0.56,0.56,18.0
711432,上櫃,0.6,0.61,2.0
711433,上櫃,1.13,1.13,42.0
711434,上櫃,0.54,0.54,998.0
711435,上櫃,0.29,0.29,259.0
711436,上櫃,0.0,0.0,0.0
711437,上櫃,0.54,0.54,10.0
711438,上櫃,0.91,0.91,74.0
711439,上櫃,0.0,0.0,0.0
711440,上櫃,0.57,0.62,2081.0
711441,上櫃,0.51,0.5,575.0
711442,上櫃,0.0,0.0,0.0
711443,上櫃,0.52,0.52,65.0
711444,上櫃,0.63,0.64,73.0
711445,上櫃,0.0,0.0,0.0
711446,上櫃,0.0,0.0,0.0
711447,上櫃,0.0,0.0,0.0
711448,上櫃,0.58,0.52,102.0
711449,上櫃,0.72,0.67,347.0
711450,上櫃,0.0,0.0,0.0
711451,上櫃,0.0,0.0,0.0
711452,上櫃,0.52,0.48,175.0
711453,上櫃,1.71,1.79,30.0
711454,上櫃,0.85,0.85,20.0
711455,上櫃,0.0,0.0,0.0
711456,上櫃,0.0,0.0,0.0
711457,上櫃,0.6,0.64,36.0
711458,上櫃,2.33,2.59,96.0
711459,上櫃,1.04,1.04,1.0
711460,上櫃,0.0,0.0,0.0
711461,上櫃,0.7,0.67,238.0
711462,上櫃,0.55,0.55,23.0
711463,上櫃,0.0,0.0,0.0
711464,上櫃,1.28,1.26,101.0
711465,上櫃,0.0,0.0,0.0
711466,上櫃,0.0,0.0,0.0
711467,上櫃,0.0,0.0,0.0
711468,上櫃,0.0,0.0,0.0
711469,上櫃,0.0,0.0,0.0
711470,上櫃,0.0,0.0,0.0
711471,上櫃,0.0,0.0,0.0
711472,上櫃,0.0,0.0,0.0
711473,上櫃,0.0,0.0,0.0
711474,上櫃,0.0,0.0,0.0
711475,上櫃,0.69,0.69,185.0
711476,上櫃,0.0,0.0,0.0
711477,上櫃,0.65,0.64,325.0
711478,上櫃,0.0,0.0,0.0
711479,上櫃,0.15,0.15,324.0
711480,上櫃,0.4,0.4,98.0
711481,上櫃,0.55,0.65,191.0
711482,上櫃,1.76,2.06,372.0
711483,上櫃,1.13,1.13,2.0
711484,上櫃,0.63,0.68,200.0
711485,上櫃,1.13,1.19,9.0
711486,上櫃,0.0,0.0,0.0
711487,上櫃,0.0,0.0,0.0
711488,上櫃,0.83,0.8,456.0
711489,上櫃,1.08,1.08,5.0
711490,上櫃,0.0,0.0,0.0
711491,上櫃,1.09,1.05,73.0
711492,上櫃,0.93,0.88,21.0
711493,上櫃,1.45,1.39,20.0
711494,上櫃,0.0,0.0,0.0
711495,上櫃,0.83,0.84,56.0
711496,上櫃,0.67,0.66,127.0
711497,上櫃,0.0,0.0,0.0
711498,上櫃,2.18,2.44,22.0
711499,上櫃,0.0,0.0,0.0
711500,上櫃,1.73,1.64,6.0
711501,上櫃,1.53,1.73,579.0
711502,上櫃,1.54,1.5,67.0
711503,上櫃,2.53,2.53,2.0
711504,上櫃,0.0,0.0,0.0
711505,上櫃,0.0,0.0,0.0
711506,上櫃,2.46,2.47,29.0
711507,上櫃,1.15,1.16,242.0
711508,上櫃,0.0,0.0,0.0
711509,上櫃,0.0,0.0,0.0
711510,上櫃,0.31,0.31,110.0
711511,上櫃,1.35,1.37,65.0
711512,上櫃,1.18,1.24,3027.0
711513,上櫃,0.0,0.0,0.0
711514,上櫃,0.0,0.0,0.0
711515,上櫃,0.66,0.63,147.0
711516,上櫃,0.74,0.87,1250.0
711517,上櫃,1.07,1.15,933.0
711518,上櫃,1.86,1.88,10.0
711519,上櫃,0.0,0.0,0.0
711520,上櫃,0.0,0.0,0.0
711521,上櫃,0.9,0.9,70.0
711522,上櫃,0.0,0.0,0.0
711523,上櫃,2.73,2.73,29.0
711524,上櫃,0.98,0.99,162.0
711525,上櫃,1.17,1.38,426.0
711526,上櫃,1.87,1.67,25.0
711527,上櫃,0.0,0.0,0.0
711528,上櫃,0.0,0.0,0.0
711529,上櫃,0.0,0.0,0.0
711530,上櫃,0.0,0.0,0.0
711531,上櫃,0.0,0.0,0.0
711532,上櫃,0.84,0.99,508.0
711533,上櫃,0.48,0.51,209.0
711534,上櫃,0.0,0.0,0.0
711535,上櫃,0.64,0.64,138.0
711536,上櫃,0.75,0.84,1090.0
711537,上櫃,0.44,0.47,218.0
711538,上櫃,1.23,1.62,1529.0
711539,上櫃,1.0,1.0,239.0
711540,上櫃,0.86,0.86,10.0
711541,上櫃,1.09,1.09,20.0
711542,上櫃,0.53,0.58,608.0
711543,上櫃,0.0,0.0,0.0
711544,上櫃,0.0,0.0,0.0
711545,上櫃,0.0,0.0,0.0
711546,上櫃,2.5,2.5,1.0
711547,上櫃,0.0,0.0,0.0
711548,上櫃,0.73,0.73,30.0
711549,上櫃,0.0,0.0,0.0
711550,上櫃,3.99,4.01,74.0
711551,上櫃,1.51,1.45,38.0
711552,上櫃,0.0,0.0,0.0
711553,上櫃,1.39,1.4,11.0
711554,上櫃,1.44,1.37,74.0
711555,上櫃,1.27,1.49,35.0
711556,上櫃,1.32,1.32,10.0
711557,上櫃,0.0,0.0,0.0
711558,上櫃,1.14,1.14,8.0
711559,上櫃,0.0,0.0,0.0
711560,上櫃,1.56,1.64,47.0
711561,上櫃,0.87,0.87,10.0
711562,上櫃,0.0,0.0,0.0
711563,上櫃,1.03,1.03,37.0
711564,上櫃,0.62,0.66,13.0
711565,上櫃,0.0,0.0,0.0
711566,上櫃,1.58,1.49,20.0
711567,上櫃,1.39,1.44,159.0
711568,上櫃,1.5,1.45,13.0
711569,上櫃,0.0,0.0,0.0
711570,上櫃,3.41,3.53,3.0
711571,上櫃,2.51,2.51,64.0
711572,上櫃,0.0,0.0,0.0
711573,上櫃,1.35,1.4,170.0
711574,上櫃,1.66,1.61,92.0
711575,上櫃,1.1,1.19,922.0
711576,上櫃,0.0,0.0,0.0
711577,上櫃,1.52,1.64,40.0
711578,上櫃,1.61,1.65,55.0
711579,上櫃,2.38,2.28,202.0
711580,上櫃,1.66,1.71,406.0
711581,上櫃,1.66,1.68,495.0
711582,上櫃,0.45,0.45,496.0
711583,上櫃,1.91,2.0,33.0
711584,上櫃,2.16,2.25,214.0
711585,上櫃,1.55,1.62,286.0
711586,上櫃,0.0,0.0,0.0
711587,上櫃,0.75,0.84,290.0
711588,上櫃,0.78,0.7,36.0
711589,上櫃,1.75,1.75,15.0
711590,上櫃,0.0,0.0,0.0
711591,上櫃,2.16,2.15,49.0
711592,上櫃,4.3,4.3,7.0
711593,上櫃,0.63,0.62,41.0
711594,上櫃,0.0,0.0,0.0
711595,上櫃,0.63,0.63,15.0
711596,上櫃,0.88,0.91,261.0
711597,上櫃,0.0,0.0,0.0
711598,上櫃,0.0,0.0,0.0
711599,上櫃,0.64,0.68,197.0
711600,上櫃,0.72,0.72,1.0
711601,上櫃,0.68,0.71,146.0
711602,上櫃,0.54,0.57,1251.0
711603,上櫃,0.53,0.56,1119.0
711604,上櫃,0.0,0.0,0.0
711605,上櫃,0.49,0.49,26.0
711606,上櫃,2.94,2.75,6.0
711607,上櫃,2.04,2.35,197.0
711608,上櫃,1.64,1.64,10.0
711609,上櫃,0.0,0.0,0.0
711610,上櫃,1.44,1.44,21.0
711611,上櫃,2.3,2.19,198.0
711612,上櫃,1.83,1.79,184.0
711613,上櫃,1.29,1.33,180.0
711614,上櫃,1.46,1.52,150.0
711615,上櫃,1.01,1.01,148.0
711616,上櫃,1.48,1.48,23.0
711617,上櫃,1.71,1.73,70.0
711618,上櫃,0.65,0.65,1623.0
711619,上櫃,1.05,1.1,580.0
711620,上櫃,0.84,0.84,71.0
711621,上櫃,1.32,1.32,125.0
711622,上櫃,0.83,0.89,824.0
711623,上櫃,0.0,0.0,0.0
711624,上櫃,1.55,1.55,23.0
711625,上櫃,0.0,0.0,0.0
711626,上櫃,1.33,1.33,54.0
711627,上櫃,1.21,1.19,214.0
711628,上櫃,0.0,0.0,0.0
711629,上櫃,0.0,0.0,0.0
711630,上櫃,3.85,4.03,91.0
711631,上櫃,3.25,3.15,241.0
711632,上櫃,0.76,0.76,47.0
711633,上櫃,4.19,4.24,57.0
711634,上櫃,1.57,1.7,328.0
711635,上櫃,0.9,0.9,66.0
711636,上櫃,3.1,2.82,60.0
711637,上櫃,0.0,0.0,0.0
711638,上櫃,0.0,0.0,0.0
711639,上櫃,0.0,0.0,0.0
711640,上櫃,0.0,0.0,0.0
711641,上櫃,0.85,0.84,36.0
711642,上櫃,0.0,0.0,0.0
711643,上櫃,0.0,0.0,0.0
711644,上櫃,1.38,1.52,82.0
711645,上櫃,0.0,0.0,0.0
711646,上櫃,0.0,0.0,0.0
711647,上櫃,0.75,0.74,525.0
711648,上櫃,0.8,0.8,38.0
711649,上櫃,0.0,0.0,0.0
711650,上櫃,0.0,0.0,0.0
711651,上櫃,1.17,1.17,57.0
711652,上櫃,1.33,1.28,9.0
711653,上櫃,1.16,1.17,224.0
711654,上櫃,0.91,0.9,204.0
711655,上櫃,0.93,0.88,9.0
711656,上櫃,0.0,0.0,0.0
711657,上櫃,0.0,0.0,0.0
711658,上櫃,0.0,0.0,0.0
711659,上櫃,0.0,0.0,0.0
711660,上櫃,0.0,0.0,0.0
711661,上櫃,0.0,0.0,0.0
711662,上櫃,3.18,3.56,561.0
711663,上櫃,0.0,0.0,0.0
711664,上櫃,0.0,0.0,0.0
711665,上櫃,0.0,0.0,0.0
711666,上櫃,0.63,0.64,38.0
711667,上櫃,0.0,0.0,0.0
711668,上櫃,1.2,1.2,10.0
711669,上櫃,0.62,0.62,33.0
711670,上櫃,0.0,0.0,0.0
711671,上櫃,2.81,2.87,44.0
711672,上櫃,0.67,0.67,1.0
711673,上櫃,0.0,0.0,0.0
711674,上櫃,2.12,2.12,10.0
711675,上櫃,0.0,0.0,0.0
711676,上櫃,2.04,2.04,10.0
711677,上櫃,0.0,0.0,0.0
711678,上櫃,0.0,0.0,0.0
711679,上櫃,0.0,0.0,0.0
711680,上櫃,1.25,1.18,923.0
711681,上櫃,1.24,1.22,181.0
711682,上櫃,0.0,0.0,0.0
711683,上櫃,0.91,0.93,23.0
711684,上櫃,0.0,0.0,0.0
711685,上櫃,1.05,1.11,182.0
711686,上櫃,0.0,0.0,0.0
711687,上櫃,0.62,0.67,66.0
711688,上櫃,0.0,0.0,0.0
711689,上櫃,1.64,1.61,13.0
711690,上櫃,0.0,0.0,0.0
711691,上櫃,1.48,1.54,108.0
711692,上櫃,1.5,1.5,45.0
711693,上櫃,1.06,1.09,2821.0
711694,上櫃,0.9,0.93,277.0
711695,上櫃,0.39,0.4,655.0
711696,上櫃,1.4,1.35,183.0
711697,上櫃,0.74,0.72,47.0
711698,上櫃,0.93,0.9,723.0
711699,上櫃,1.0,0.98,134.0
711700,上櫃,0.73,0.7,829.0
711701,上櫃,1.19,1.13,190.0
711702,上櫃,1.54,1.5,514.0
711703,上櫃,1.82,1.85,150.0
711704,上櫃,0.0,0.0,0.0
711705,上櫃,0.0,0.0,0.0
711706,上櫃,0.0,0.0,0.0
711707,上櫃,0.0,0.0,0.0
711708,上櫃,0.81,0.81,12.0
711709,上櫃,1.08,1.0,82.0
711710,上櫃,4.13,4.31,158.0
711711,上櫃,0.0,0.0,0.0
711712,上櫃,2.92,3.05,153.0
711713,上櫃,0.91,0.89,1727.0
711714,上櫃,1.32,1.45,221.0
711715,上櫃,1.93,1.94,14.0
711716,上櫃,0.78,0.78,1.0
711717,上櫃,0.0,0.0,0.0
711718,上櫃,0.0,0.0,0.0
711719,上櫃,0.0,0.0,0.0
711720,上櫃,0.79,0.88,105.0
711721,上櫃,0.57,0.58,529.0
711722,上櫃,1.73,1.73,55.0
711723,上櫃,0.94,1.0,100.0
711724,上櫃,0.0,0.0,0.0
711725,上櫃,1.7,1.67,77.0
711726,上櫃,0.0,0.0,0.0
711727,上櫃,0.0,0.0,0.0
711728,上櫃,0.0,0.0,0.0
711729,上櫃,0.0,0.0,0.0
711730,上櫃,1.03,1.02,16.0
711731,上櫃,1.3,1.3,12.0
711732,上櫃,0.0,0.0,0.0
711733,上櫃,1.4,1.4,17.0
711734,上櫃,2.83,2.8,2.0
711735,上櫃,1.41,1.41,18.0
711736,上櫃,2.53,2.53,7.0
711737,上櫃,1.07,1.07,339.0
711738,上櫃,0.49,0.57,1146.0
711739,上櫃,0.0,0.0,0.0
711740,上櫃,0.63,0.63,24.0
711741,上櫃,0.58,0.58,92.0
711742,上櫃,0.61,0.61,35.0
711743,上櫃,0.0,0.0,0.0
711744,上櫃,0.64,0.67,187.0
711745,上櫃,0.0,0.0,0.0
711746,上櫃,0.0,0.0,0.0
711747,上櫃,0.73,0.73,60.0
711748,上櫃,0.0,0.0,0.0
711749,上櫃,6.3,6.5,147.0
711750,上櫃,5.7,5.6,58.0
711751,上櫃,5.75,5.75,50.0
711752,上櫃,0.0,0.0,0.0
711753,上櫃,5.85,5.85,1.0
711754,上櫃,0.0,0.0,0.0
711755,上櫃,0.0,0.0,0.0
711756,上櫃,2.23,2.23,48.0
711757,上櫃,0.89,0.89,41.0
711758,上櫃,1.13,1.09,63.0
711759,上櫃,1.4,1.43,24.0
711760,上櫃,1.78,1.76,30.0
711761,上櫃,0.54,0.59,20.0
711762,上櫃,0.0,0.0,0.0
711763,上櫃,0.0,0.0,0.0
711764,上櫃,0.0,0.0,0.0
711765,上櫃,0.5,0.49,40.0
711766,上櫃,0.71,0.71,5.0
711767,上櫃,0.68,0.68,51.0
711768,上櫃,0.0,0.0,0.0
711769,上櫃,2.78,3.19,61.0
711770,上櫃,0.0,0.0,0.0
711771,上櫃,1.33,1.33,18.0
711772,上櫃,0.0,0.0,0.0
711773,上櫃,0.78,0.78,30.0
711774,上櫃,0.0,0.0,0.0
711775,上櫃,0.97,0.97,5.0
711776,上櫃,0.0,0.0,0.0
711777,上櫃,0.0,0.0,0.0
711778,上櫃,1.25,1.19,131.0
711779,上櫃,1.09,1.43,138.0
711780,上櫃,0.0,0.0,0.0
711781,上櫃,0.0,0.0,0.0
711782,上櫃,0.84,0.89,506.0
711783,上櫃,0.0,0.0,0.0
711784,上櫃,0.65,0.65,171.0
711785,上櫃,0.68,0.71,282.0
711786,上櫃,1.37,1.42,282.0
711787,上櫃,1.96,2.01,164.0
711788,上櫃,0.0,0.0,0.0
711789,上櫃,1.57,1.57,3.0
711790,上櫃,0.78,0.78,36.0
711791,上櫃,0.7,0.7,18.0
711792,上櫃,0.0,0.0,0.0
711793,上櫃,0.0,0.0,0.0
711794,上櫃,0.0,0.0,0.0
711795,上櫃,0.91,0.88,70.0
711796,上櫃,0.0,0.0,0.0
711797,上櫃,1.17,1.42,232.0
711798,上櫃,0.57,0.57,14.0
711799,上櫃,1.03,1.0,22.0
711800,上櫃,0.88,0.81,253.0
711801,上櫃,0.88,0.8,109.0
711802,上櫃,0.9,0.89,63.0
711803,上櫃,1.36,1.4,14.0
711804,上櫃,1.11,1.1,53.0
711805,上櫃,1.18,1.18,10.0
711806,上櫃,1.99,2.2,73.0
711807,上櫃,0.0,0.0,0.0
711808,上櫃,0.95,0.95,10.0
711809,上櫃,0.0,0.0,0.0
711810,上櫃,0.65,0.65,3.0
711811,上櫃,0.71,0.81,62.0
711812,上櫃,1.0,0.96,37.0
711813,上櫃,0.0,0.0,0.0
711814,上櫃,0.0,0.0,0.0
711815,上櫃,1.38,1.42,151.0
711816,上櫃,1.23,1.24,80.0
711817,上櫃,0.48,0.47,592.0
711818,上櫃,0.35,0.35,54.0
711819,上櫃,0.84,0.95,231.0
711820,上櫃,1.03,1.09,361.0
711821,上櫃,0.51,0.65,901.0
711822,上櫃,0.0,0.0,0.0
711823,上櫃,0.48,0.48,46.0
711824,上櫃,0.0,0.0,0.0
711825,上櫃,0.58,0.58,1.0
711826,上櫃,0.46,0.51,114.0
711827,上櫃,0.0,0.0,0.0
711828,上櫃,0.0,0.0,0.0
711829,上櫃,1.13,1.13,46.0
711830,上櫃,0.0,0.0,0.0
711831,上櫃,0.51,0.52,120.0
711832,上櫃,0.83,0.84,501.0
711833,上櫃,0.74,0.74,25.0
711834,上櫃,1.15,1.18,472.0
711835,上櫃,0.0,0.0,0.0
711836,上櫃,0.0,0.0,0.0
711837,上櫃,0.0,0.0,0.0
711838,上櫃,0.0,0.0,0.0
711839,上櫃,1.64,1.7,45.0
711840,上櫃,0.0,0.0,0.0
711841,上櫃,0.0,0.0,0.0
711842,上櫃,0.0,0.0,0.0
711843,上櫃,0.0,0.0,0.0
711844,上櫃,0.0,0.0,0.0
711845,上櫃,0.0,0.0,0.0
711846,上櫃,0.0,0.0,0.0
711847,上櫃,0.0,0.0,0.0
711848,上櫃,0.0,0.0,0.0
711849,上櫃,1.12,1.13,89.0
711850,上櫃,0.0,0.0,0.0
711851,上櫃,1.3,1.37,15.0
711852,上櫃,0.99,0.96,393.0
711853,上櫃,0.5,0.49,230.0
711854,上櫃,0.0,0.0,0.0
711855,上櫃,0.75,0.73,406.0
711856,上櫃,1.23,1.27,199.0
711857,上櫃,0.93,0.91,99.0
711858,上櫃,1.43,1.38,672.0
711859,上櫃,0.0,0.0,0.0
711860,上櫃,1.34,1.39,90.0
711861,上櫃,0.62,0.62,10.0
711862,上櫃,1.88,1.89,200.0
711863,上櫃,0.94,1.02,304.0
711864,上櫃,0.64,0.62,53.0
711865,上櫃,0.0,0.0,0.0
711866,上櫃,1.07,1.03,27.0
711867,上櫃,2.04,2.04,10.0
711868,上櫃,1.64,1.69,144.0
711869,上櫃,1.58,1.84,56.0
711870,上櫃,1.15,1.15,13.0
711871,上櫃,1.03,1.03,99.0
711872,上櫃,0.0,0.0,0.0
711873,上櫃,1.13,1.24,451.0
711874,上櫃,0.0,0.0,0.0
711875,上櫃,1.42,1.7,388.0
711876,上櫃,1.47,1.76,297.0
711877,上櫃,3.26,3.51,4.0
711878,上櫃,1.64,1.64,300.0
711879,上櫃,1.29,1.29,125.0
711880,上櫃,1.46,1.38,508.0
711881,上櫃,0.0,0.0,0.0
711882,上櫃,1.93,1.81,801.0
711883,上櫃,0.0,0.0,0.0
711884,上櫃,0.0,0.0,0.0
711885,上櫃,2.37,2.58,115.0
711886,上櫃,2.58,2.58,10.0
711887,上櫃,1.19,1.25,71.0
711888,上櫃,0.0,0.0,0.0
711889,上櫃,0.73,0.72,158.0
711890,上櫃,0.6,0.6,20.0
711891,上櫃,0.83,0.82,10.0
711892,上櫃,0.45,0.45,390.0
711893,上櫃,0.63,0.64,231.0
711894,上櫃,0.63,0.62,692.0
711895,上櫃,0.53,0.53,48.0
711896,上櫃,0.0,0.0,0.0
711897,上櫃,0.58,0.67,266.0
711898,上櫃,0.0,0.0,0.0
711899,上櫃,1.29,1.29,30.0
711900,上櫃,1.6,1.84,197.0
711901,上櫃,1.53,1.5,405.0
711902,上櫃,0.0,0.0,0.0
711903,上櫃,0.0,0.0,0.0
711904,上櫃,0.0,0.0,0.0
711905,上櫃,0.0,0.0,0.0
711906,上櫃,1.29,1.25,47.0
711907,上櫃,0.0,0.0,0.0
711908,上櫃,0.0,0.0,0.0
711909,上櫃,0.0,0.0,0.0
711910,上櫃,0.0,0.0,0.0
711911,上櫃,0.0,0.0,0.0
711912,上櫃,0.0,0.0,0.0
711913,上櫃,1.15,1.12,36.0
711914,上櫃,1.58,1.54,132.0
711915,上櫃,1.54,1.54,5.0
711916,上櫃,1.72,1.82,8.0
711917,上櫃,1.32,1.32,296.0
711918,上櫃,3.32,3.29,20.0
711919,上櫃,2.89,2.92,16.0
711920,上櫃,1.53,1.62,247.0
711921,上櫃,0.99,0.96,516.0
711922,上櫃,0.0,0.0,0.0
711923,上櫃,0.79,0.79,176.0
711924,上櫃,1.36,1.6,583.0
711925,上櫃,0.0,0.0,0.0
711926,上櫃,1.76,1.88,320.0
711927,上櫃,1.33,1.45,845.0
711928,上櫃,1.35,1.4,618.0
711929,上櫃,1.23,1.28,1088.0
711930,上櫃,1.37,1.36,73.0
711931,上櫃,1.31,1.33,78.0
711932,上櫃,1.52,1.74,75.0
711933,上櫃,1.52,1.73,38.0
711934,上櫃,1.34,1.48,87.0
711935,上櫃,0.84,0.84,30.0
711936,上櫃,0.0,0.0,0.0
711937,上櫃,0.0,0.0,0.0
711938,上櫃,0.87,0.85,20.0
711939,上櫃,0.0,0.0,0.0
711940,上櫃,3.57,3.57,2.0
711941,上櫃,0.0,0.0,0.0
711942,上櫃,0.0,0.0,0.0
711943,上櫃,0.6,0.6,10.0
711944,上櫃,1.25,1.21,135.0
711945,上櫃,0.49,0.49,1.0
711946,上櫃,0.66,0.7,19.0
711947,上櫃,0.8,0.8,10.0
711948,上櫃,0.0,0.0,0.0
711949,上櫃,1.27,1.39,256.0
711950,上櫃,0.0,0.0,0.0
711951,上櫃,0.0,0.0,0.0
711952,上櫃,0.0,0.0,0.0
711953,上櫃,0.0,0.0,0.0
711954,上櫃,0.66,0.65,189.0
711955,上櫃,2.04,2.4,260.0
711956,上櫃,3.34,3.42,73.0
711957,上櫃,2.76,3.04,30.0
711958,上櫃,0.0,0.0,0.0
711959,上櫃,2.67,3.14,45.0
711960,上櫃,2.42,2.41,44.0
711961,上櫃,0.0,0.0,0.0
711962,上櫃,1.22,1.22,46.0
711963,上櫃,0.0,0.0,0.0
711964,上櫃,0.8,0.88,490.0
711965,上櫃,1.15,1.15,8.0
711966,上櫃,1.07,1.07,56.0
711967,上櫃,0.0,0.0,0.0
711968,上櫃,2.3,2.46,45.0
711969,上櫃,1.3,1.3,138.0
711970,上櫃,0.0,0.0,0.0
711971,上櫃,2.09,2.23,25.0
711972,上櫃,2.2,2.07,176.0
711973,上櫃,0.0,0.0,0.0
711974,上櫃,0.0,0.0,0.0
711975,上櫃,2.47,2.46,126.0
711976,上櫃,0.97,0.97,4.0
711977,上櫃,1.25,1.37,15.0
711978,上櫃,2.62,2.61,80.0
711979,上櫃,1.35,1.35,176.0
711980,上櫃,1.09,1.09,46.0
711981,上櫃,1.51,1.51,213.0
711982,上櫃,1.1,1.27,324.0
711983,上櫃,1.96,2.12,599.0
711984,上櫃,2.62,2.62,2.0
711985,上櫃,3.04,2.97,24.0
711986,上櫃,1.17,1.3,927.0
711987,上櫃,1.84,1.93,358.0
711988,上櫃,1.94,1.99,313.0
711989,上櫃,2.91,2.91,20.0
711990,上櫃,3.58,3.58,8.0
711991,上櫃,3.02,2.83,58.0
711992,上櫃,2.66,2.89,198.0
711993,上櫃,1.82,1.83,165.0
711994,上櫃,1.85,1.85,30.0
711995,上櫃,1.2,1.09,40.0
711996,上櫃,0.0,0.0,0.0
711997,上櫃,2.46,2.43,133.0
711998,上櫃,1.3,1.3,2.0
711999,上櫃,0.0,0.0,0.0
712000,上櫃,2.36,2.36,23.0
712001,上櫃,0.0,0.0,0.0
712002,上櫃,1.96,1.89,168.0
712003,上櫃,1.8,1.77,51.0
712004,上櫃,1.43,1.81,39.0
712005,上櫃,2.36,2.27,143.0
712006,上櫃,2.35,2.33,5.0
712007,上櫃,2.66,2.84,96.0
712008,上櫃,3.15,3.15,10.0
712009,上櫃,3.63,3.61,28.0
712010,上櫃,0.0,0.0,0.0
712011,上櫃,3.5,3.22,1283.0
712012,上櫃,0.0,0.0,0.0
712013,上櫃,1.12,1.12,100.0
712014,上櫃,0.0,0.0,0.0
712015,上櫃,1.5,1.75,80.0
712016,上櫃,1.69,1.71,4.0
712017,上櫃,1.66,1.66,39.0
712018,上櫃,1.12,1.11,225.0
712019,上櫃,0.7,0.67,87.0
712020,上櫃,2.28,2.09,165.0
712021,上櫃,0.0,0.0,0.0
712022,上櫃,2.23,2.23,50.0
712023,上櫃,0.0,0.0,0.0
712024,上櫃,0.95,1.04,537.0
712025,上櫃,1.49,1.67,261.0
712026,上櫃,0.0,0.0,0.0
712027,上櫃,1.51,1.66,286.0
712028,上櫃,1.13,1.21,1086.0
712029,上櫃,0.81,0.87,320.0
712030,上櫃,2.17,2.13,2.0
712031,上櫃,0.0,0.0,0.0
712032,上櫃,0.0,0.0,0.0
712033,上櫃,2.12,2.12,2.0
712034,上櫃,1.99,2.02,371.0
712035,上櫃,2.35,2.37,104.0
712036,上櫃,0.0,0.0,0.0
712037,上櫃,0.0,0.0,0.0
712038,上櫃,1.14,1.02,132.0
712039,上櫃,0.0,0.0,0.0
712040,上櫃,0.0,0.0,0.0
712041,上櫃,0.0,0.0,0.0
712042,上櫃,1.01,1.01,9.0
712043,上櫃,0.0,0.0,0.0
712044,上櫃,1.51,1.5,148.0
712045,上櫃,0.99,0.96,62.0
712046,上櫃,0.0,0.0,0.0
712047,上櫃,0.0,0.0,0.0
712048,上櫃,0.0,0.0,0.0
712049,上櫃,0.0,0.0,0.0
712050,上櫃,2.89,2.74,177.0
712051,上櫃,2.63,2.49,100.0
712052,上櫃,0.0,0.0,0.0
712053,上櫃,1.61,1.89,655.0
712054,上櫃,1.41,1.66,1015.0
712055,上櫃,1.65,1.74,126.0
712056,上櫃,1.39,1.51,53.0
712057,上櫃,2.71,2.75,179.0
712058,上櫃,2.38,2.38,2.0
712059,上櫃,0.0,0.0,0.0
712060,上櫃,2.78,2.85,314.0
712061,上櫃,1.87,1.94,4.0
712062,上櫃,1.87,1.91,583.0
712063,上櫃,0.99,0.97,272.0
712064,上櫃,0.86,0.94,272.0
712065,上櫃,2.71,2.83,334.0
712066,上櫃,1.21,1.2,346.0
712067,上櫃,0.97,0.94,395.0
712068,上櫃,3.36,3.35,11.0
712069,上櫃,0.0,0.0,0.0
712070,上櫃,0.0,0.0,0.0
712071,上櫃,1.97,1.97,10.0
712072,上櫃,1.77,1.85,33.0
712073,上櫃,2.6,2.54,41.0
712074,上櫃,2.63,2.53,71.0
712075,上櫃,0.0,0.0,0.0
712076,上櫃,1.79,1.72,722.0
712077,上櫃,0.0,0.0,0.0
712078,上櫃,0.0,0.0,0.0
712079,上櫃,0.0,0.0,0.0
712080,上櫃,0.92,0.92,390.0
712081,上櫃,0.0,0.0,0.0
712082,上櫃,2.01,2.06,22.0
712083,上櫃,2.89,2.48,335.0
712084,上櫃,2.12,2.07,28.0
712085,上櫃,2.66,3.08,257.0
712086,上櫃,1.72,1.72,108.0
712087,上櫃,0.0,0.0,0.0
712088,上櫃,2.55,2.48,25.0
712089,上櫃,2.37,2.35,528.0
712090,上櫃,3.59,3.59,11.0
712091,上櫃,2.94,2.92,44.0
712092,上櫃,0.0,0.0,0.0
712093,上櫃,1.73,1.89,631.0
712094,上櫃,1.93,2.05,159.0
712095,上櫃,2.13,2.23,2.0
712096,上櫃,0.0,0.0,0.0
712097,上櫃,0.0,0.0,0.0
712098,上櫃,2.47,2.44,5.0
712099,上櫃,2.16,2.0,291.0
712100,上櫃,0.0,0.0,0.0
712101,上櫃,1.46,1.46,1.0
712102,上櫃,1.48,1.48,28.0
712103,上櫃,3.23,3.3,53.0
712104,上櫃,0.0,0.0,0.0
712105,上櫃,1.55,1.55,1.0
712106,上櫃,0.0,0.0,0.0
712107,上櫃,1.88,1.85,220.0
712108,上櫃,1.44,1.22,412.0
712109,上櫃,1.19,1.36,217.0
712110,上櫃,0.0,0.0,0.0
712111,上櫃,0.0,0.0,0.0
712112,上櫃,1.19,1.21,13.0
712113,上櫃,0.0,0.0,0.0
712114,上櫃,0.0,0.0,0.0
712115,上櫃,0.0,0.0,0.0
712116,上櫃,0.0,0.0,0.0
712117,上櫃,0.0,0.0,0.0
712118,上櫃,1.01,1.02,273.0
712119,上櫃,0.0,0.0,0.0
712120,上櫃,0.0,0.0,0.0
712121,上櫃,0.0,0.0,0.0
712122,上櫃,0.0,0.0,0.0
712123,上櫃,1.05,1.05,3.0
712124,上櫃,1.55,1.56,4.0
712125,上櫃,0.0,0.0,0.0
712126,上櫃,0.0,0.0,0.0
712127,上櫃,0.0,0.0,0.0
712128,上櫃,0.0,0.0,0.0
712129,上櫃,2.28,2.61,25.0
712130,上櫃,0.0,0.0,0.0
712131,上櫃,2.65,2.73,17.0
712132,上櫃,2.37,2.17,209.0
712133,上櫃,1.57,1.54,304.0
712134,上櫃,0.0,0.0,0.0
712135,上櫃,1.31,1.43,372.0
712136,上櫃,2.47,2.47,85.0
712137,上櫃,1.65,1.64,18.0
712138,上櫃,0.79,0.77,807.0
712139,上櫃,1.63,1.59,33.0
712140,上櫃,3.3,3.13,222.0
712141,上櫃,1.25,1.25,5.0
712142,上櫃,1.81,2.05,76.0
712143,上櫃,1.98,2.3,122.0
712144,上櫃,1.47,1.69,116.0
712145,上櫃,1.62,1.67,36.0
712146,上櫃,1.12,1.17,42.0
712147,上櫃,0.0,0.0,0.0
712148,上櫃,1.82,1.85,199.0
712149,上櫃,1.56,1.51,353.0
712150,上櫃,0.0,0.0,0.0
712151,上櫃,0.0,0.0,0.0
712152,上櫃,1.93,1.93,42.0
712153,上櫃,3.3,3.26,20.0
712154,上櫃,1.76,1.75,83.0
712155,上櫃,2.71,2.57,15.0
712156,上櫃,0.0,0.0,0.0
712157,上櫃,4.59,4.62,34.0
712158,上櫃,1.73,1.84,179.0
712159,上櫃,0.0,0.0,0.0
712160,上櫃,2.35,2.35,14.0
712161,上櫃,1.34,1.4,17.0
712162,上櫃,1.88,1.88,9.0
712163,上櫃,2.31,2.61,28.0
712164,上櫃,1.51,1.51,72.0
712165,上櫃,2.04,2.09,235.0
712166,上櫃,2.51,2.66,90.0
712167,上櫃,0.0,0.0,0.0
712168,上櫃,1.6,1.54,47.0
712169,上櫃,2.41,2.32,134.0
712170,上櫃,2.19,2.19,39.0
712171,上櫃,0.79,0.8,1056.0
712172,上櫃,0.99,0.96,811.0
712173,上櫃,0.0,0.0,0.0
712174,上櫃,1.94,1.92,66.0
712175,上櫃,2.53,2.55,28.0
712176,上櫃,2.11,2.12,93.0
712177,上櫃,2.07,2.07,15.0
712178,上櫃,0.0,0.0,0.0
712179,上櫃,1.18,1.24,85.0
712180,上櫃,1.91,1.91,36.0
712181,上櫃,1.06,1.01,231.0
712182,上櫃,1.19,1.13,642.0
712183,上櫃,0.0,0.0,0.0
712184,上櫃,1.47,1.56,171.0
712185,上櫃,0.0,0.0,0.0
712186,上櫃,0.75,0.74,633.0
712187,上櫃,1.35,1.3,636.0
712188,上櫃,2.48,2.41,25.0
712189,上櫃,0.0,0.0,0.0
712190,上櫃,2.24,1.98,58.0
712191,上櫃,0.0,0.0,0.0
712192,上櫃,0.92,0.92,10.0
712193,上櫃,1.15,1.15,65.0
712194,上櫃,1.56,1.56,9.0
712195,上櫃,0.0,0.0,0.0
712196,上櫃,1.59,1.56,28.0
712197,上櫃,2.06,2.2,1104.0
712198,上櫃,2.54,2.85,67.0
712199,上櫃,1.42,2.33,251.0
712200,上櫃,2.28,2.46,153.0
712201,上櫃,0.0,0.0,0.0
712202,上櫃,0.89,0.89,79.0
712203,上櫃,1.3,2.03,35.0
712204,上櫃,0.0,0.0,0.0
712205,上櫃,1.61,1.61,23.0
712206,上櫃,1.67,1.61,76.0
712207,上櫃,1.07,1.06,80.0
712208,上櫃,0.0,0.0,0.0
712209,上櫃,0.0,0.0,0.0
712210,上櫃,1.04,1.05,127.0
712211,上櫃,1.13,1.29,37.0
712212,上櫃,0.0,0.0,0.0
712213,上櫃,0.0,0.0,0.0
712214,上櫃,0.0,0.0,0.0
712215,上櫃,0.72,0.8,84.0
712216,上櫃,0.95,0.96,69.0
712217,上櫃,0.0,0.0,0.0
712218,上櫃,1.22,1.42,280.0
712219,上櫃,1.22,1.22,14.0
712220,上櫃,1.76,1.81,835.0
712221,上櫃,0.0,0.0,0.0
712222,上櫃,0.0,0.0,0.0
712223,上櫃,0.0,0.0,0.0
712224,上櫃,0.0,0.0,0.0
712225,上櫃,0.0,0.0,0.0
712226,上櫃,0.68,0.68,40.0
712227,上櫃,0.85,0.85,16.0
712228,上櫃,2.54,2.4,22.0
712229,上櫃,0.0,0.0,0.0
712230,上櫃,0.93,0.92,179.0
712231,上櫃,0.71,0.68,10.0
712232,上櫃,1.35,1.29,20.0
712233,上櫃,0.0,0.0,0.0
712234,上櫃,0.99,1.05,597.0
712235,上櫃,1.07,1.14,268.0
712236,上櫃,0.86,0.86,496.0
712237,上櫃,0.76,0.82,70.0
712238,上櫃,0.52,0.57,288.0
712239,上櫃,1.94,1.91,223.0
712240,上櫃,0.0,0.0,0.0
712241,上櫃,0.0,0.0,0.0
712242,上櫃,0.0,0.0,0.0
712243,上櫃,1.3,1.35,120.0
712244,上櫃,1.28,1.28,509.0
712245,上櫃,1.24,1.42,537.0
712246,上櫃,1.44,1.56,192.0
712247,上櫃,2.29,2.45,12.0
712248,上櫃,1.24,1.33,229.0
712249,上櫃,0.0,0.0,0.0
712250,上櫃,1.48,1.54,425.0
712251,上櫃,1.67,1.7,61.0
712252,上櫃,1.9,2.02,1864.0
712253,上櫃,3.34,3.39,135.0
712254,上櫃,2.1,2.21,725.0
712255,上櫃,0.0,0.0,0.0
712256,上櫃,0.39,0.43,490.0
712257,上櫃,0.0,0.0,0.0
712258,上櫃,0.81,0.81,92.0
712259,上櫃,0.47,0.54,259.0
712260,上櫃,0.0,0.0,0.0
712261,上櫃,0.0,0.0,0.0
712262,上櫃,0.0,0.0,0.0
712263,上櫃,0.0,0.0,0.0
712264,上櫃,0.63,0.64,226.0
712265,上櫃,1.02,1.18,2277.0
712266,上櫃,0.98,1.03,650.0
712267,上櫃,0.74,0.78,84.0
712268,上櫃,0.69,0.74,907.0
712269,上櫃,0.0,0.0,0.0
712270,上櫃,0.93,0.93,10.0
712271,上櫃,1.14,1.14,15.0
712272,上櫃,1.89,2.23,114.0
712273,上櫃,1.83,1.94,23.0
712274,上櫃,1.64,1.81,1215.0
712275,上櫃,0.0,0.0,0.0
712276,上櫃,0.0,0.0,0.0
712277,上櫃,0.0,0.0,0.0
712278,上櫃,0.0,0.0,0.0
712279,上櫃,1.05,1.05,5.0
712280,上櫃,0.0,0.0,0.0
712281,上櫃,0.0,0.0,0.0
712282,上櫃,0.0,0.0,0.0
712283,上櫃,0.0,0.0,0.0
712284,上櫃,1.5,1.42,264.0
712285,上櫃,0.0,0.0,0.0
712286,上櫃,0.0,0.0,0.0
712287,上櫃,0.0,0.0,0.0
712288,上櫃,1.72,1.72,2.0
712289,上櫃,0.0,0.0,0.0
712290,上櫃,1.38,1.38,5.0
712291,上櫃,1.24,1.24,8.0
712292,上櫃,1.6,1.61,17.0
712293,上櫃,1.71,1.56,59.0
712294,上櫃,1.29,1.3,835.0
712295,上櫃,1.03,1.05,264.0
712296,上櫃,0.5,0.5,499.0
712297,上櫃,0.68,0.68,10.0
712298,上櫃,0.77,0.81,20.0
712299,上櫃,1.26,1.45,635.0
712300,上櫃,2.31,2.64,97.0
712301,上櫃,1.23,1.36,302.0
712302,上櫃,1.05,1.05,106.0
712303,上櫃,0.0,0.0,0.0
712304,上櫃,1.16,1.13,74.0
712305,上櫃,0.98,0.93,94.0
712306,上櫃,1.25,1.32,2.0
712307,上櫃,0.0,0.0,0.0
712308,上櫃,0.0,0.0,0.0
712309,上櫃,0.0,0.0,0.0
712310,上櫃,1.18,1.17,185.0
712311,上櫃,0.0,0.0,0.0
712312,上櫃,2.09,1.8,81.0
712313,上櫃,0.0,0.0,0.0
712314,上櫃,0.59,0.58,130.0
712315,上櫃,0.98,0.99,258.0
712316,上櫃,0.55,0.62,98.0
712317,上櫃,0.63,0.71,188.0
712318,上櫃,0.61,0.61,102.0
712319,上櫃,0.88,0.88,188.0
712320,上櫃,0.74,0.83,11.0
712321,上櫃,1.19,1.19,28.0
712322,上櫃,0.97,0.94,125.0
712323,上櫃,0.73,0.77,9.0
712324,上櫃,1.15,1.12,50.0
712325,上櫃,1.06,1.09,120.0
712326,上櫃,0.78,0.76,395.0
712327,上櫃,1.01,1.01,54.0
712328,上櫃,1.34,1.29,192.0
712329,上櫃,1.47,1.44,111.0
712330,上櫃,1.24,1.25,308.0
712331,上櫃,0.0,0.0,0.0
712332,上櫃,0.0,0.0,0.0
712333,上櫃,0.0,0.0,0.0
712334,上櫃,0.0,0.0,0.0
712335,上櫃,0.0,0.0,0.0
712336,上櫃,1.32,1.1,209.0
712337,上櫃,0.0,0.0,0.0
712338,上櫃,0.96,0.96,2.0
712339,上櫃,0.0,0.0,0.0
712340,上櫃,1.48,1.49,10.0
712341,上櫃,1.63,1.63,30.0
712342,上櫃,0.0,0.0,0.0
712343,上櫃,0.0,0.0,0.0
712344,上櫃,0.0,0.0,0.0
712345,上櫃,0.8,0.8,5.0
712346,上櫃,0.0,0.0,0.0
712347,上櫃,0.0,0.0,0.0
712348,上櫃,1.07,1.1,94.0
712349,上櫃,0.0,0.0,0.0
712350,上櫃,1.32,1.31,80.0
712351,上櫃,0.0,0.0,0.0
712352,上櫃,0.0,0.0,0.0
712353,上櫃,0.88,0.92,379.0
712354,上櫃,1.86,1.82,5.0
712355,上櫃,0.0,0.0,0.0
712356,上櫃,1.0,1.0,12.0
712357,上櫃,1.42,1.43,86.0
712358,上櫃,0.52,0.58,2139.0
712359,上櫃,0.5,0.54,163.0
712360,上櫃,1.1,1.1,64.0
712361,上櫃,1.42,1.4,18.0
712362,上櫃,0.0,0.0,0.0
712363,上櫃,0.0,0.0,0.0
712364,上櫃,0.0,0.0,0.0
712365,上櫃,0.85,0.85,19.0
712366,上櫃,1.47,1.37,564.0
712367,上櫃,0.0,0.0,0.0
712368,上櫃,0.0,0.0,0.0
712369,上櫃,0.0,0.0,0.0
712370,上櫃,1.69,1.67,220.0
712371,上櫃,1.08,1.24,351.0
712372,上櫃,0.0,0.0,0.0
712373,上櫃,0.0,0.0,0.0
712374,上櫃,1.81,1.81,5.0
712375,上櫃,0.0,0.0,0.0
712376,上櫃,0.0,0.0,0.0
712377,上櫃,1.88,1.88,22.0
712378,上櫃,0.62,0.62,234.0
712379,上櫃,1.07,1.09,625.0
712380,上櫃,0.62,0.63,235.0
712381,上櫃,0.77,0.7,147.0
712382,上櫃,0.0,0.0,0.0
712383,上櫃,0.54,0.58,154.0
712384,上櫃,0.49,0.51,156.0
712385,上櫃,0.95,1.05,2005.0
712386,上櫃,0.77,0.81,430.0
712387,上櫃,0.0,0.0,0.0
712388,上櫃,0.0,0.0,0.0
712389,上櫃,1.55,1.77,43.0
712390,上櫃,1.15,1.25,8.0
712391,上櫃,1.82,1.71,4.0
712392,上櫃,0.0,0.0,0.0
712393,上櫃,0.0,0.0,0.0
712394,上櫃,0.0,0.0,0.0
712395,上櫃,0.0,0.0,0.0
712396,上櫃,0.0,0.0,0.0
712397,上櫃,0.0,0.0,0.0
712398,上櫃,0.0,0.0,0.0
712399,上櫃,1.2,1.25,127.0
712400,上櫃,0.58,0.61,250.0
712401,上櫃,0.0,0.0,0.0
712402,上櫃,0.0,0.0,0.0
712403,上櫃,1.48,1.47,29.0
712404,上櫃,1.59,1.59,1.0
712405,上櫃,1.38,1.38,36.0
712406,上櫃,0.0,0.0,0.0
712407,上櫃,0.0,0.0,0.0
712408,上櫃,1.2,1.25,118.0
712409,上櫃,0.0,0.0,0.0
712410,上櫃,1.6,1.65,742.0
712411,上櫃,0.66,0.7,38.0
712412,上櫃,0.0,0.0,0.0
712413,上櫃,0.0,0.0,0.0
712414,上櫃,0.0,0.0,0.0
712415,上櫃,0.0,0.0,0.0
712416,上櫃,0.0,0.0,0.0
712417,上櫃,0.0,0.0,0.0
712418,上櫃,0.0,0.0,0.0
712419,上櫃,0.67,0.68,51.0
712420,上櫃,1.38,1.44,154.0
712421,上櫃,0.0,0.0,0.0
712422,上櫃,0.59,0.63,711.0
712423,上櫃,0.39,0.41,264.0
712424,上櫃,0.0,0.0,0.0
712425,上櫃,1.16,1.11,420.0
712426,上櫃,0.7,0.85,124.0
712427,上櫃,0.0,0.0,0.0
712428,上櫃,0.5,0.5,54.0
712429,上櫃,0.44,0.48,99.0
712430,上櫃,1.33,1.33,8.0
712431,上櫃,0.0,0.0,0.0
712432,上櫃,0.87,0.87,45.0
712433,上櫃,0.99,0.99,10.0
712434,上櫃,0.0,0.0,0.0
712435,上櫃,0.79,0.79,66.0
712436,上櫃,0.66,0.68,239.0
712437,上櫃,0.79,0.79,24.0
712438,上櫃,0.0,0.0,0.0
712439,上櫃,0.0,0.0,0.0
712440,上櫃,0.79,0.79,75.0
712441,上櫃,1.57,1.61,75.0
712442,上櫃,0.88,0.88,1.0
712443,上櫃,0.58,0.63,196.0
712444,上櫃,0.59,0.62,157.0
712445,上櫃,0.53,0.57,79.0
712446,上櫃,0.59,0.62,479.0
712447,上櫃,0.45,0.46,231.0
712448,上櫃,0.62,0.69,1093.0
712449,上櫃,0.0,0.0,0.0
712450,上櫃,1.3,1.56,380.0
712451,上櫃,0.0,0.0,0.0
712452,上櫃,2.04,2.04,5.0
712453,上櫃,1.6,1.6,39.0
712454,上櫃,2.3,2.0,26.0
712455,上櫃,0.0,0.0,0.0
712456,上櫃,0.0,0.0,0.0
712457,上櫃,2.15,2.28,138.0
712458,上櫃,1.35,1.35,20.0
712459,上櫃,0.94,0.85,13.0
712460,上櫃,0.0,0.0,0.0
712461,上櫃,1.02,1.04,446.0
712462,上櫃,3.74,3.74,5.0
712463,上櫃,1.02,0.94,300.0
712464,上櫃,1.43,1.43,50.0
712465,上櫃,0.0,0.0,0.0
712466,上櫃,0.0,0.0,0.0
712467,上櫃,0.0,0.0,0.0
712468,上櫃,1.0,1.0,10.0
712469,上櫃,0.0,0.0,0.0
712470,上櫃,0.0,0.0,0.0
712471,上櫃,0.0,0.0,0.0
712472,上櫃,0.0,0.0,0.0
712473,上櫃,0.95,0.97,70.0
712474,上櫃,1.39,1.26,83.0
712475,上櫃,1.4,1.51,131.0
712476,上櫃,0.91,1.01,114.0
712477,上櫃,0.0,0.0,0.0
712478,上櫃,1.48,1.48,10.0
712479,上櫃,1.14,1.19,174.0
712480,上櫃,1.08,1.08,25.0
712481,上櫃,1.51,1.55,161.0
712482,上櫃,0.0,0.0,0.0
712483,上櫃,0.77,0.78,106.0
712484,上櫃,0.84,0.81,29.0
712485,上櫃,0.0,0.0,0.0
712486,上櫃,1.54,1.54,76.0
712487,上櫃,1.28,1.21,166.0
712488,上櫃,1.19,1.32,1176.0
712489,上櫃,0.7,0.82,693.0
712490,上櫃,1.11,1.14,68.0
712491,上櫃,0.99,1.02,50.0
712492,上櫃,1.71,1.77,212.0
712493,上櫃,1.68,1.73,258.0
712494,上櫃,0.97,0.97,40.0
712495,上櫃,1.7,1.75,137.0
712496,上櫃,1.0,1.0,368.0
712497,上櫃,0.81,0.81,200.0
712498,上櫃,0.74,0.75,258.0
712499,上櫃,0.47,0.47,735.0
712500,上櫃,0.86,0.85,63.0
712501,上櫃,0.63,0.64,209.0
712502,上櫃,0.0,0.0,0.0
712503,上櫃,0.74,0.74,500.0
712504,上櫃,0.0,0.0,0.0
712505,上櫃,2.1,2.08,25.0
712506,上櫃,0.0,0.0,0.0
712507,上櫃,0.7,0.66,65.0
712508,上櫃,0.0,0.0,0.0
712509,上櫃,2.16,2.34,158.0
712510,上櫃,0.0,0.0,0.0
712511,上櫃,2.01,2.16,119.0
712512,上櫃,0.0,0.0,0.0
712513,上櫃,0.0,0.0,0.0
712514,上櫃,0.64,0.64,194.0
712515,上櫃,0.97,0.97,5.0
712516,上櫃,0.52,0.52,117.0
712517,上櫃,0.71,0.71,486.0
712518,上櫃,2.41,2.36,70.0
712519,上櫃,1.44,1.62,66.0
712520,上櫃,1.26,1.4,279.0
712521,上櫃,1.97,1.97,20.0
712522,上櫃,3.23,3.14,49.0
712523,上櫃,1.03,1.08,12.0
712524,上櫃,0.0,0.0,0.0
712525,上櫃,0.0,0.0,0.0
712526,上櫃,1.23,1.29,714.0
712527,上櫃,0.62,0.61,176.0
712528,上櫃,0.7,0.65,854.0
712529,上櫃,0.62,0.65,287.0
712530,上櫃,1.39,1.51,98.0
712531,上櫃,0.0,0.0,0.0
712532,上櫃,1.41,1.43,58.0
712533,上櫃,1.25,1.2,12.0
712534,上櫃,0.0,0.0,0.0
712535,上櫃,0.0,0.0,0.0
712536,上櫃,0.0,0.0,0.0
712537,上櫃,0.0,0.0,0.0
712538,上櫃,0.0,0.0,0.0
712539,上櫃,1.23,1.34,445.0
712540,上櫃,0.0,0.0,0.0
712541,上櫃,0.71,0.69,558.0
712542,上櫃,0.8,0.82,864.0
712543,上櫃,1.97,1.97,30.0
712544,上櫃,0.0,0.0,0.0
712545,上櫃,0.0,0.0,0.0
712546,上櫃,0.0,0.0,0.0
712547,上櫃,0.5,0.48,162.0
712548,上櫃,1.3,1.35,365.0
712549,上櫃,0.0,0.0,0.0
712550,上櫃,0.0,0.0,0.0
712551,上櫃,0.0,0.0,0.0
712552,上櫃,0.0,0.0,0.0
712553,上櫃,0.0,0.0,0.0
712554,上櫃,0.67,0.69,134.0
712555,上櫃,0.0,0.0,0.0
712556,上櫃,0.0,0.0,0.0
712557,上櫃,0.0,0.0,0.0
712558,上櫃,0.71,0.72,164.0
712559,上櫃,1.36,1.19,56.0
712560,上櫃,0.0,0.0,0.0
712561,上櫃,0.0,0.0,0.0
712562,上櫃,0.58,0.54,73.0
712563,上櫃,0.5,0.5,2.0
712564,上櫃,0.0,0.0,0.0
712565,上櫃,0.58,0.59,91.0
712566,上櫃,0.0,0.0,0.0
712567,上櫃,0.0,0.0,0.0
712568,上櫃,1.49,1.49,23.0
712569,上櫃,0.0,0.0,0.0
712570,上櫃,1.62,1.62,10.0
712571,上櫃,1.14,1.14,12.0
712572,上櫃,1.51,1.51,16.0
712573,上櫃,1.53,1.67,32.0
712574,上櫃,1.66,1.66,15.0
712575,上櫃,1.72,1.9,291.0
712576,上櫃,1.78,1.62,14.0
712577,上櫃,1.04,1.23,238.0
712578,上櫃,0.0,0.0,0.0
712579,上櫃,1.14,1.14,150.0
712580,上櫃,0.0,0.0,0.0
712581,上櫃,1.28,1.26,6.0
712582,上櫃,0.0,0.0,0.0
712583,上櫃,1.93,1.81,47.0
712584,上櫃,1.01,0.93,31.0
712585,上櫃,0.0,0.0,0.0
712586,上櫃,1.35,1.35,29.0
712587,上櫃,1.03,1.05,146.0
712588,上櫃,1.65,1.65,30.0
712589,上櫃,1.2,1.18,77.0
712590,上櫃,1.71,1.74,5.0
712591,上櫃,0.0,0.0,0.0
712592,上櫃,1.71,1.82,36.0
712593,上櫃,0.0,0.0,0.0
712594,上櫃,0.0,0.0,0.0
712595,上櫃,0.88,0.88,18.0
712596,上櫃,1.08,1.19,66.0
712597,上櫃,1.35,1.5,61.0
712598,上櫃,0.83,0.79,525.0
712599,上櫃,0.0,0.0,0.0
712600,上櫃,1.21,1.22,3.0
712601,上櫃,0.98,0.98,4.0
712602,上櫃,0.53,0.57,306.0
712603,上櫃,1.18,1.18,2.0
712604,上櫃,1.41,1.32,9.0
712605,上櫃,1.26,1.49,353.0
712606,上櫃,1.47,1.49,64.0
712607,上櫃,0.0,0.0,0.0
712608,上櫃,0.0,0.0,0.0
712609,上櫃,0.89,0.89,40.0
712610,上櫃,0.0,0.0,0.0
712611,上櫃,1.34,1.34,27.0
712612,上櫃,1.35,1.35,27.0
712613,上櫃,0.0,0.0,0.0
712614,上櫃,1.31,1.27,29.0
712615,上櫃,1.0,1.0,55.0
712616,上櫃,0.0,0.0,0.0
712617,上櫃,0.0,0.0,0.0
712618,上櫃,0.0,0.0,0.0
712619,上櫃,0.0,0.0,0.0
712620,上櫃,0.0,0.0,0.0
712621,上櫃,0.94,0.98,23.0
712622,上櫃,1.46,1.5,116.0
712623,上櫃,1.85,1.85,21.0
712624,上櫃,2.09,2.21,70.0
712625,上櫃,2.38,2.43,178.0
712626,上櫃,1.73,1.73,50.0
712627,上櫃,0.0,0.0,0.0
712628,上櫃,0.0,0.0,0.0
712629,上櫃,1.2,1.3,123.0
712630,上櫃,0.0,0.0,0.0
712631,上櫃,1.81,1.9,162.0
712632,上櫃,0.0,0.0,0.0
712633,上櫃,2.04,2.14,15.0
712634,上櫃,0.0,0.0,0.0
712635,上櫃,0.0,0.0,0.0
712636,上櫃,0.0,0.0,0.0
712637,上櫃,0.0,0.0,0.0
712638,上櫃,0.0,0.0,0.0
712639,上櫃,1.32,1.2,15.0
712640,上櫃,0.0,0.0,0.0
712641,上櫃,1.64,1.71,812.0
712642,上櫃,0.0,0.0,0.0
712643,上櫃,0.0,0.0,0.0
712644,上櫃,0.0,0.0,0.0
712645,上櫃,1.0,1.0,23.0
712646,上櫃,1.0,1.0,5.0
712647,上櫃,2.23,2.19,20.0
712648,上櫃,0.0,0.0,0.0
712649,上櫃,0.67,0.67,400.0
712650,上櫃,1.17,1.28,187.0
712651,上櫃,1.01,1.08,234.0
712652,上櫃,0.5,0.5,30.0
712653,上櫃,2.21,2.56,148.0
712654,上櫃,1.09,1.27,113.0
712655,上櫃,0.0,0.0,0.0
712656,上櫃,0.81,0.9,652.0
712657,上櫃,0.54,0.53,3.0
712658,上櫃,0.6,0.71,445.0
712659,上櫃,0.74,0.78,468.0
712660,上櫃,0.62,0.66,194.0
712661,上櫃,0.8,0.82,456.0
712662,上櫃,0.0,0.0,0.0
712663,上櫃,0.56,0.56,9.0
712664,上櫃,0.0,0.0,0.0
712665,上櫃,0.0,0.0,0.0
712666,上櫃,0.0,0.0,0.0
712667,上櫃,0.97,0.99,107.0
712668,上櫃,1.06,1.06,5.0
712669,上櫃,1.65,1.65,19.0
712670,上櫃,0.0,0.0,0.0
712671,上櫃,0.0,0.0,0.0
712672,上櫃,0.0,0.0,0.0
712673,上櫃,0.0,0.0,0.0
712674,上櫃,1.38,1.38,29.0
712675,上櫃,0.0,0.0,0.0
712676,上櫃,1.07,1.0,50.0
712677,上櫃,1.07,1.07,10.0
712678,上櫃,0.0,0.0,0.0
712679,上櫃,1.16,1.16,100.0
712680,上櫃,1.25,1.25,17.0
712681,上櫃,0.0,0.0,0.0
712682,上櫃,0.55,0.55,10.0
712683,上櫃,1.25,1.31,110.0
712684,上櫃,1.14,1.26,349.0
712685,上櫃,1.13,1.19,186.0
712686,上櫃,0.0,0.0,0.0
712687,上櫃,0.98,0.99,8.0
712688,上櫃,0.54,0.56,133.0
712689,上櫃,0.0,0.0,0.0
712690,上櫃,1.08,1.24,150.0
712691,上櫃,1.13,1.2,487.0
712692,上櫃,0.94,0.93,200.0
712693,上櫃,0.57,0.54,767.0
712694,上櫃,1.14,1.04,329.0
712695,上櫃,1.54,1.71,128.0
712696,上櫃,0.0,0.0,0.0
712697,上櫃,1.23,1.23,1.0
712698,上櫃,0.0,0.0,0.0
712699,上櫃,2.21,2.05,116.0
712700,上櫃,1.45,1.4,6.0
712701,上櫃,1.68,1.72,10.0
712702,上櫃,1.09,1.05,12.0
712703,上櫃,0.0,0.0,0.0
712704,上櫃,0.0,0.0,0.0
712705,上櫃,1.2,1.2,1.0
712706,上櫃,0.85,0.81,40.0
712707,上櫃,1.71,1.71,5.0
712708,上櫃,1.1,1.06,91.0
712709,上櫃,1.72,1.72,21.0
712710,上櫃,0.0,0.0,0.0
712711,上櫃,1.28,1.3,2.0
712712,上櫃,0.0,0.0,0.0
712713,上櫃,0.0,0.0,0.0
712714,上櫃,0.0,0.0,0.0
712715,上櫃,1.07,1.07,499.0
712716,上櫃,1.41,1.41,5.0
712717,上櫃,0.59,0.63,40.0
712718,上櫃,0.0,0.0,0.0
712719,上櫃,2.38,2.45,75.0
712720,上櫃,1.11,1.2,57.0
712721,上櫃,0.0,0.0,0.0
712722,上櫃,0.0,0.0,0.0
712723,上櫃,0.0,0.0,0.0
712724,上櫃,0.0,0.0,0.0
712725,上櫃,1.03,1.03,30.0
712726,上櫃,0.89,0.95,15.0
712727,上櫃,0.9,0.9,5.0
712728,上櫃,0.0,0.0,0.0
712729,上櫃,0.0,0.0,0.0
712730,上櫃,0.0,0.0,0.0
712731,上櫃,0.0,0.0,0.0
712732,上櫃,1.84,1.75,112.0
712733,上櫃,0.0,0.0,0.0
712734,上櫃,1.02,1.02,33.0
712735,上櫃,0.0,0.0,0.0
712736,上櫃,0.0,0.0,0.0
712737,上櫃,0.0,0.0,0.0
712738,上櫃,0.0,0.0,0.0
712739,上櫃,0.0,0.0,0.0
712740,上櫃,0.58,0.58,200.0
712741,上櫃,0.0,0.0,0.0
712742,上櫃,0.0,0.0,0.0
712743,上櫃,0.0,0.0,0.0
712744,上櫃,0.0,0.0,0.0
712745,上櫃,0.0,0.0,0.0
712746,上櫃,0.0,0.0,0.0
712747,上櫃,0.0,0.0,0.0
712748,上櫃,0.0,0.0,0.0
712749,上櫃,0.0,0.0,0.0
712750,上櫃,2.57,2.71,10.0
712751,上櫃,1.02,1.02,1.0
712752,上櫃,0.0,0.0,0.0
712753,上櫃,2.11,2.19,10.0
712754,上櫃,1.91,1.93,80.0
712755,上櫃,0.0,0.0,0.0
712756,上櫃,0.0,0.0,0.0
712757,上櫃,0.0,0.0,0.0
712758,上櫃,1.35,1.35,3.0
712759,上櫃,0.71,0.71,44.0
712760,上櫃,0.0,0.0,0.0
712761,上櫃,0.0,0.0,0.0
712762,上櫃,0.0,0.0,0.0
712763,上櫃,0.0,0.0,0.0
712764,上櫃,0.0,0.0,0.0
712765,上櫃,0.0,0.0,0.0
712766,上櫃,0.0,0.0,0.0
712767,上櫃,0.0,0.0,0.0
712768,上櫃,0.0,0.0,0.0
712769,上櫃,0.0,0.0,0.0
712770,上櫃,0.0,0.0,0.0
712771,上櫃,0.0,0.0,0.0
712772,上櫃,0.0,0.0,0.0
712773,上櫃,0.52,0.52,288.0
712774,上櫃,0.0,0.0,0.0
712775,上櫃,0.0,0.0,0.0
712776,上櫃,0.0,0.0,0.0
712777,上櫃,1.04,1.04,1.0
712778,上櫃,0.0,0.0,0.0
712779,上櫃,0.0,0.0,0.0
712780,上櫃,0.0,0.0,0.0
712781,上櫃,0.0,0.0,0.0
712782,上櫃,0.0,0.0,0.0
712783,上櫃,1.11,1.1,50.0
712784,上櫃,1.11,1.12,2.0
712785,上櫃,0.9,0.91,200.0
712786,上櫃,0.48,0.49,322.0
712787,上櫃,1.39,1.39,64.0
712788,上櫃,0.76,0.77,152.0
712789,上櫃,0.0,0.0,0.0
712790,上櫃,0.0,0.0,0.0
712791,上櫃,0.84,0.84,18.0
712792,上櫃,0.76,0.77,17.0
712793,上櫃,0.0,0.0,0.0
712794,上櫃,0.0,0.0,0.0
712795,上櫃,0.0,0.0,0.0
712796,上櫃,0.0,0.0,0.0
712797,上櫃,1.53,1.65,5.0
712798,上櫃,1.14,1.17,360.0
712799,上櫃,0.0,0.0,0.0
712800,上櫃,0.0,0.0,0.0
712801,上櫃,1.23,1.23,3.0
712802,上櫃,0.0,0.0,0.0
712803,上櫃,0.0,0.0,0.0
712804,上櫃,0.0,0.0,0.0
712805,上櫃,0.0,0.0,0.0
712806,上櫃,0.0,0.0,0.0
712807,上櫃,0.82,0.74,12.0
712808,上櫃,0.85,0.77,14.0
712809,上櫃,0.0,0.0,0.0
712810,上櫃,0.0,0.0,0.0
712811,上櫃,0.76,0.76,78.0
712812,上櫃,0.0,0.0,0.0
712813,上櫃,0.0,0.0,0.0
712814,上櫃,0.0,0.0,0.0
712815,上櫃,1.03,1.03,2.0
712816,上櫃,0.0,0.0,0.0
712817,上櫃,0.0,0.0,0.0
712818,上櫃,0.0,0.0,0.0
712819,上櫃,0.0,0.0,0.0
712820,上櫃,0.0,0.0,0.0
712821,上櫃,0.0,0.0,0.0
712822,上櫃,0.0,0.0,0.0
712823,上櫃,0.0,0.0,0.0
712824,上櫃,0.0,0.0,0.0
712825,上櫃,0.0,0.0,0.0
712826,上櫃,1.48,1.49,111.0
712827,上櫃,0.61,0.62,4293.0
712828,上櫃,0.76,0.86,30.0
712829,上櫃,0.73,0.85,68.0
712830,上櫃,0.75,0.84,40.0
712831,上櫃,0.86,0.86,10.0
712832,上櫃,0.76,0.79,30.0
712833,上櫃,0.0,0.0,0.0
712834,上櫃,0.57,0.55,4305.0
712835,上櫃,0.0,0.0,0.0
712836,上櫃,0.0,0.0,0.0
712837,上櫃,0.0,0.0,0.0
712838,上櫃,0.0,0.0,0.0
712839,上櫃,0.0,0.0,0.0
712840,上櫃,0.0,0.0,0.0
712841,上櫃,0.0,0.0,0.0
712842,上櫃,0.0,0.0,0.0
712843,上櫃,0.0,0.0,0.0
712844,上櫃,0.0,0.0,0.0
712845,上櫃,0.0,0.0,0.0
712846,上櫃,1.88,1.81,20.0
712847,上櫃,0.0,0.0,0.0
712848,上櫃,0.0,0.0,0.0
712849,上櫃,0.0,0.0,0.0
712850,上櫃,0.0,0.0,0.0
712851,上櫃,0.0,0.0,0.0
712852,上櫃,0.0,0.0,0.0
712853,上櫃,0.0,0.0,0.0
712854,上櫃,0.0,0.0,0.0
712855,上櫃,0.0,0.0,0.0
712856,上櫃,0.0,0.0,0.0
712857,上櫃,0.0,0.0,0.0
712858,上櫃,1.61,1.79,13.0
712859,上櫃,1.68,1.68,5.0
712860,上櫃,0.0,0.0,0.0
712861,上櫃,0.0,0.0,0.0
723287,上櫃,0.0,0.0,0.0
723288,上櫃,0.0,0.0,0.0
723289,上櫃,0.0,0.0,0.0
72328U,上櫃,0.0,0.0,0.0
723290,上櫃,7.3,7.3,7.0
723292,上櫃,0.55,0.55,1.0
723411,上櫃,0.0,0.0,0.0
723422,上櫃,0.0,0.0,0.0
723425,上櫃,0.0,0.0,0.0
723454,上櫃,0.0,0.0,0.0
723457,上櫃,0.0,0.0,0.0
72348U,上櫃,0.0,0.0,0.0
723511,上櫃,0.0,0.0,0.0
723516,上櫃,0.0,0.0,0.0
723681,上櫃,0.62,0.62,1.0
723779,上櫃,0.0,0.0,0.0
723780,上櫃,0.0,0.0,0.0
72400U,上櫃,0.0,0.0,0.0
724017,上櫃,0.0,0.0,0.0
724019,上櫃,0.0,0.0,0.0
724023,上櫃,0.0,0.0,0.0
724061,上櫃,0.0,0.0,0.0
724062,上櫃,0.0,0.0,0.0
724063,上櫃,0.0,0.0,0.0
724064,上櫃,0.0,0.0,0.0
724128,上櫃,0.0,0.0,0.0
724130,上櫃,0.0,0.0,0.0
72414U,上櫃,0.0,0.0,0.0
724240,上櫃,0.0,0.0,0.0
724241,上櫃,0.0,0.0,0.0
724242,上櫃,0.0,0.0,0.0
724243,上櫃,0.0,0.0,0.0
724244,上櫃,0.0,0.0,0.0
724372,上櫃,0.0,0.0,0.0
724374,上櫃,0.02,0.02,20.0
724431,上櫃,0.0,0.0,0.0
724436,上櫃,0.0,0.0,0.0
724478,上櫃,0.43,0.43,2.0
724481,上櫃,0.69,0.69,1.0
724668,上櫃,0.0,0.0,0.0
724669,上櫃,0.0,0.0,0.0
724670,上櫃,0.0,0.0,0.0
72479U,上櫃,0.11,0.11,10.0
72485U,上櫃,0.0,0.0,0.0
724979,上櫃,0.0,0.0,0.0
72501U,上櫃,0.63,0.63,48.0
725048,上櫃,0.0,0.0,0.0
72523U,上櫃,0.0,0.0,0.0
72535U,上櫃,0.0,0.0,0.0
725632,上櫃,0.0,0.0,0.0
72572U,上櫃,0.0,0.0,0.0
725744,上櫃,0.1,0.1,1.0
72587U,上櫃,0.33,0.33,141.0
725881,上櫃,0.0,0.0,0.0
72600U,上櫃,0.0,0.0,0.0
726037,上櫃,0.0,0.0,0.0
726070,上櫃,0.0,0.0,0.0
72610U,上櫃,0.47,0.41,1349.0
726119,上櫃,0.0,0.0,0.0
72614U,上櫃,0.48,0.41,81.0
726194,上櫃,0.0,0.0,0.0
72622U,上櫃,0.26,0.29,150.0
72629U,上櫃,0.1,0.1,20.0
72637U,上櫃,0.0,0.0,0.0
72638U,上櫃,0.0,0.0,0.0
72650U,上櫃,0.16,0.16,6.0
72651U,上櫃,0.0,0.0,0.0
72662U,上櫃,0.0,0.0,0.0
72665U,上櫃,3.45,3.45,20.0
72667U,上櫃,0.0,0.0,0.0
72671U,上櫃,0.0,0.0,0.0
72675U,上櫃,0.0,0.0,0.0
72690U,上櫃,0.0,0.0,0.0
72691U,上櫃,0.01,0.01,11.0
726924,上櫃,0.0,0.0,0.0
726925,上櫃,0.0,0.0,0.0
726926,上櫃,0.0,0.0,0.0
726927,上櫃,0.0,0.0,0.0
72692U,上櫃,0.05,0.05,174.0
72693U,上櫃,0.0,0.0,0.0
72697U,上櫃,0.0,0.0,0.0
72700U,上櫃,0.0,0.0,0.0
72704U,上櫃,0.0,0.0,0.0
72707U,上櫃,0.0,0.0,0.0
727095,上櫃,0.0,0.0,0.0
72713U,上櫃,0.75,0.68,61.0
72718U,上櫃,0.0,0.0,0.0
72721U,上櫃,0.0,0.0,0.0
72722U,上櫃,0.0,0.0,0.0
72723U,上櫃,0.0,0.0,0.0
72724U,上櫃,0.0,0.0,0.0
72725U,上櫃,0.0,0.0,0.0
72726U,上櫃,0.0,0.0,0.0
72727U,上櫃,0.0,0.0,0.0
72729U,上櫃,0.0,0.0,0.0
72730U,上櫃,0.01,0.05,101.0
72731U,上櫃,0.0,0.0,0.0
72732U,上櫃,0.0,0.0,0.0
72733U,上櫃,0.19,0.26,26.0
72735U,上櫃,0.39,0.4,92.0
72736U,上櫃,0.0,0.0,0.0
72737U,上櫃,0.0,0.0,0.0
72738U,上櫃,0.0,0.0,0.0
72740U,上櫃,0.35,0.51,193.0
72741U,上櫃,0.0,0.0,0.0
72742U,上櫃,1.15,1.15,2.0
72743U,上櫃,0.0,0.0,0.0
72747U,上櫃,0.0,0.0,0.0
72748U,上櫃,1.22,1.33,12.0
72749U,上櫃,1.02,1.13,5.0
72753U,上櫃,0.0,0.0,0.0
72754U,上櫃,0.0,0.0,0.0
72756U,上櫃,0.0,0.0,0.0
72757U,上櫃,0.0,0.0,0.0
72758U,上櫃,0.0,0.0,0.0
72759U,上櫃,0.24,0.24,50.0
72760U,上櫃,0.0,0.0,0.0
72761U,上櫃,0.0,0.0,0.0
72762U,上櫃,0.0,0.0,0.0
72763U,上櫃,0.0,0.0,0.0
72764U,上櫃,0.0,0.0,0.0
72765U,上櫃,0.0,0.0,0.0
72766U,上櫃,0.23,0.24,31.0
72767U,上櫃,0.0,0.0,0.0
72769U,上櫃,0.0,0.0,0.0
72770U,上櫃,0.0,0.0,0.0
72771U,上櫃,0.0,0.0,0.0
72772U,上櫃,0.39,0.38,768.0
72773U,上櫃,0.0,0.0,0.0
72774U,上櫃,0.0,0.0,0.0
72775U,上櫃,0.0,0.0,0.0
72776U,上櫃,0.0,0.0,0.0
72777U,上櫃,0.0,0.0,0.0
72778U,上櫃,0.01,0.01,50.0
72779U,上櫃,0.0,0.0,0.0
72780U,上櫃,0.0,0.0,0.0
72781U,上櫃,0.29,0.29,4.0
72782U,上櫃,0.0,0.0,0.0
72783U,上櫃,0.0,0.0,0.0
72784U,上櫃,0.0,0.0,0.0
72785U,上櫃,0.0,0.0,0.0
72786U,上櫃,0.0,0.0,0.0
72787U,上櫃,0.0,0.0,0.0
72788U,上櫃,0.0,0.0,0.0
72789U,上櫃,0.0,0.0,0.0
72790U,上櫃,0.84,0.84,80.0
72791U,上櫃,0.0,0.0,0.0
72792U,上櫃,1.06,1.06,20.0
72793U,上櫃,0.0,0.0,0.0
72794U,上櫃,0.9,0.9,18.0
72795U,上櫃,0.0,0.0,0.0
72796U,上櫃,0.0,0.0,0.0
72797U,上櫃,0.82,0.82,1.0
72798U,上櫃,0.0,0.0,0.0
72799U,上櫃,0.11,0.11,50.0
728003,上櫃,0.0,0.0,0.0
72800U,上櫃,0.0,0.0,0.0
72801U,上櫃,0.0,0.0,0.0
72802U,上櫃,0.0,0.0,0.0
72803U,上櫃,0.0,0.0,0.0
72804U,上櫃,0.0,0.0,0.0
72805U,上櫃,0.0,0.0,0.0
72806U,上櫃,0.0,0.0,0.0
72807U,上櫃,0.0,0.0,0.0
728086,上櫃,0.03,0.03,37.0
72808U,上櫃,1.64,1.64,1.0
72809U,上櫃,0.0,0.0,0.0
72810U,上櫃,0.0,0.0,0.0
72811U,上櫃,0.0,0.0,0.0
72812U,上櫃,0.66,0.66,20.0
72813U,上櫃,0.24,0.19,1065.0
72814U,上櫃,0.74,0.82,246.0
72815U,上櫃,1.35,1.46,51.0
72816U,上櫃,0.0,0.0,0.0
72817U,上櫃,0.0,0.0,0.0
72818U,上櫃,0.15,0.15,2.0
72819U,上櫃,0.0,0.0,0.0
72820U,上櫃,0.36,0.36,4.0
72821U,上櫃,0.03,0.08,19.0
72822U,上櫃,0.0,0.0,0.0
72823U,上櫃,0.0,0.0,0.0
72824U,上櫃,0.08,0.08,300.0
72825U,上櫃,0.0,0.0,0.0
728264,上櫃,0.0,0.0,0.0
72826U,上櫃,0.0,0.0,0.0
72827U,上櫃,0.0,0.0,0.0
72828U,上櫃,0.0,0.0,0.0
72829U,上櫃,0.77,0.76,122.0
72830U,上櫃,0.47,0.46,20.0
72831U,上櫃,0.0,0.0,0.0
72832U,上櫃,0.0,0.0,0.0
72833U,上櫃,0.0,0.0,0.0
72834U,上櫃,0.0,0.0,0.0
72835U,上櫃,0.0,0.0,0.0
72836U,上櫃,0.0,0.0,0.0
72837U,上櫃,0.0,0.0,0.0
72838U,上櫃,0.0,0.0,0.0
72839U,上櫃,0.0,0.0,0.0
72840U,上櫃,0.0,0.0,0.0
72841U,上櫃,0.0,0.0,0.0
72842U,上櫃,0.0,0.0,0.0
72843U,上櫃,0.3,0.3,1138.0
72844U,上櫃,0.0,0.0,0.0
72845U,上櫃,0.0,0.0,0.0
72846U,上櫃,0.0,0.0,0.0
72847U,上櫃,0.18,0.16,32.0
72848U,上櫃,0.0,0.0,0.0
72849U,上櫃,0.0,0.0,0.0
72850U,上櫃,0.0,0.0,0.0
728516,上櫃,0.0,0.0,0.0
72851U,上櫃,0.0,0.0,0.0
728520,上櫃,0.0,0.0,0.0
72852U,上櫃,0.61,0.66,151.0
72853U,上櫃,0.71,0.62,183.0
72854U,上櫃,0.21,0.16,347.0
72855U,上櫃,0.74,0.78,3736.0
72856U,上櫃,0.0,0.0,0.0
72857U,上櫃,0.79,0.79,45.0
72858U,上櫃,0.96,0.95,140.0
72859U,上櫃,0.57,0.62,84.0
72860U,上櫃,1.31,1.45,65.0
72861U,上櫃,0.95,0.95,15.0
72862U,上櫃,0.22,0.23,153.0
72863U,上櫃,0.07,0.07,200.0
72864U,上櫃,0.43,0.38,312.0
72865U,上櫃,0.12,0.12,254.0
72866U,上櫃,0.7,0.72,557.0
72867U,上櫃,0.77,0.73,94.0
72868U,上櫃,0.0,0.0,0.0
72869U,上櫃,0.0,0.0,0.0
72870U,上櫃,0.37,0.37,4.0
72871U,上櫃,0.81,0.78,21.0
72872U,上櫃,0.83,0.95,79.0
72873U,上櫃,0.0,0.0,0.0
72874U,上櫃,0.0,0.0,0.0
72875U,上櫃,0.43,0.43,138.0
728767,上櫃,0.0,0.0,0.0
728768,上櫃,0.0,0.0,0.0
72876U,上櫃,0.58,0.35,90.0
72877U,上櫃,0.0,0.0,0.0
72878U,上櫃,1.75,1.76,12.0
72879U,上櫃,0.64,0.63,53.0
72880U,上櫃,1.08,0.93,55.0
72881U,上櫃,0.0,0.0,0.0
72882U,上櫃,0.0,0.0,0.0
72883U,上櫃,0.57,0.61,1441.0
72884U,上櫃,0.0,0.0,0.0
72885U,上櫃,0.4,0.41,423.0
72886U,上櫃,1.3,1.26,267.0
72887U,上櫃,0.0,0.0,0.0
72888U,上櫃,0.0,0.0,0.0
72889U,上櫃,0.36,0.34,230.0
72890U,上櫃,0.0,0.0,0.0
72891U,上櫃,2.01,2.01,1.0
728920,上櫃,0.0,0.0,0.0
72892U,上櫃,0.0,0.0,0.0
72893U,上櫃,0.0,0.0,0.0
72894U,上櫃,0.0,0.0,0.0
72895U,上櫃,1.02,1.06,51.0
728967,上櫃,0.0,0.0,0.0
72896U,上櫃,0.0,0.0,0.0
72897U,上櫃,0.0,0.0,0.0
72898U,上櫃,0.0,0.0,0.0
72899U,上櫃,0.0,0.0,0.0
72900U,上櫃,0.69,0.68,80.0
72901U,上櫃,0.9,0.91,6.0
72902U,上櫃,0.76,0.78,37.0
72903U,上櫃,1.15,1.14,32.0
72904U,上櫃,1.56,1.56,7.0
72905U,上櫃,1.6,1.56,33.0
72906U,上櫃,0.0,0.0,0.0
72907U,上櫃,0.74,0.74,35.0
72908U,上櫃,2.25,2.16,182.0
72909U,上櫃,0.0,0.0,0.0
72910U,上櫃,0.71,0.72,135.0
72911U,上櫃,0.9,0.9,10.0
72912U,上櫃,0.0,0.0,0.0
72913U,上櫃,0.0,0.0,0.0
72914U,上櫃,1.1,1.1,10.0
72915U,上櫃,1.27,1.2,65.0
72916U,上櫃,0.83,0.87,34.0
729170,上櫃,0.0,0.0,0.0
729171,上櫃,0.0,0.0,0.0
729172,上櫃,0.0,0.0,0.0
72917U,上櫃,0.91,0.87,80.0
729185,上櫃,0.0,0.0,0.0
729186,上櫃,0.0,0.0,0.0
729187,上櫃,2.55,2.55,2.0
72918U,上櫃,0.0,0.0,0.0
72919U,上櫃,1.04,1.05,20.0
72920U,上櫃,1.83,1.8,20.0
72921U,上櫃,1.07,0.99,93.0
72922U,上櫃,0.58,0.54,425.0
72923U,上櫃,2.92,2.74,160.0
72924U,上櫃,0.0,0.0,0.0
72925U,上櫃,0.79,0.81,203.0
72926U,上櫃,1.38,1.38,40.0
72927U,上櫃,0.0,0.0,0.0
72928U,上櫃,0.69,0.67,1879.0
72929U,上櫃,0.0,0.0,0.0
72930U,上櫃,1.67,1.67,65.0
729313,上櫃,0.0,0.0,0.0
72931U,上櫃,2.77,2.77,36.0
72932U,上櫃,1.85,1.77,11.0
72933U,上櫃,3.12,3.12,3.0
72934U,上櫃,0.0,0.0,0.0
72935U,上櫃,0.0,0.0,0.0
72936U,上櫃,1.88,1.71,751.0
72937U,上櫃,1.64,1.63,35.0
72938U,上櫃,1.4,1.39,13.0
72939U,上櫃,1.09,1.05,58.0
72940U,上櫃,0.0,0.0,0.0
72941U,上櫃,0.0,0.0,0.0
72942U,上櫃,1.3,1.31,45.0
72943U,上櫃,1.66,1.63,67.0
72944U,上櫃,1.35,1.43,508.0
72945U,上櫃,0.0,0.0,0.0
72946U,上櫃,0.0,0.0,0.0
72947U,上櫃,0.4,0.4,50.0
72948U,上櫃,2.29,2.32,34.0
72949U,上櫃,2.06,2.0,40.0
72950U,上櫃,2.16,2.16,1.0
72951U,上櫃,1.83,1.82,731.0
72952U,上櫃,1.73,1.72,86.0
72953U,上櫃,0.0,0.0,0.0
72954U,上櫃,1.12,1.11,121.0
72955U,上櫃,1.31,1.19,103.0
72956U,上櫃,1.32,1.32,400.0
72957U,上櫃,0.0,0.0,0.0
72958U,上櫃,1.59,1.59,19.0
72959U,上櫃,1.22,1.22,5.0
72960U,上櫃,1.95,1.91,29.0
72961U,上櫃,1.37,1.38,230.0
72962U,上櫃,1.11,1.04,110.0
72963U,上櫃,1.92,1.96,70.0
72964U,上櫃,0.0,0.0,0.0
72965U,上櫃,2.19,2.19,22.0
72966U,上櫃,1.09,1.09,20.0
72967U,上櫃,1.4,1.4,50.0
72968U,上櫃,1.42,1.45,29.0
72969U,上櫃,1.39,1.44,79.0
72970U,上櫃,0.0,0.0,0.0
72971U,上櫃,0.0,0.0,0.0
72972U,上櫃,0.93,0.93,7.0
72973U,上櫃,1.1,1.1,4.0
72974U,上櫃,0.0,0.0,0.0
72975U,上櫃,0.0,0.0,0.0
72976U,上櫃,1.41,1.42,13.0
72977U,上櫃,1.36,1.36,40.0
72978U,上櫃,0.0,0.0,0.0
72979U,上櫃,0.94,0.94,9.0
729804,上櫃,0.0,0.0,0.0
729808,上櫃,0.0,0.0,0.0
72980U,上櫃,0.0,0.0,0.0
72981U,上櫃,1.2,1.18,20.0
72982U,上櫃,0.0,0.0,0.0
72983U,上櫃,0.0,0.0,0.0
72984U,上櫃,0.0,0.0,0.0
72985U,上櫃,0.0,0.0,0.0
72986U,上櫃,0.0,0.0,0.0
72987U,上櫃,0.0,0.0,0.0
72988U,上櫃,0.72,0.72,6.0
729890,上櫃,0.0,0.0,0.0
72989U,上櫃,0.0,0.0,0.0
72990U,上櫃,1.36,1.36,76.0
72991U,上櫃,1.61,1.61,20.0
72992U,上櫃,0.8,0.8,1.0
72993U,上櫃,1.32,1.32,1.0
72994U,上櫃,1.47,1.47,15.0
72995U,上櫃,1.39,1.13,60.0
72996U,上櫃,1.15,1.15,1.0
72997U,上櫃,1.04,1.04,5.0
72998U,上櫃,0.0,0.0,0.0
72999U,上櫃,1.01,1.0,23.0
73000U,上櫃,0.0,0.0,0.0
73001U,上櫃,0.0,0.0,0.0
73002U,上櫃,0.0,0.0,0.0
73003U,上櫃,0.0,0.0,0.0
73004U,上櫃,1.08,1.08,1.0
73005U,上櫃,0.0,0.0,0.0
73006U,上櫃,0.0,0.0,0.0
73007U,上櫃,0.0,0.0,0.0
73008U,上櫃,0.0,0.0,0.0
73009U,上櫃,0.0,0.0,0.0
73010U,上櫃,0.0,0.0,0.0
73011U,上櫃,0.0,0.0,0.0
73012U,上櫃,0.0,0.0,0.0
73013U,上櫃,0.0,0.0,0.0
73014U,上櫃,0.68,0.68,20.0
730157,上櫃,0.0,0.0,0.0
73015U,上櫃,1.05,1.08,56.0
73016U,上櫃,0.0,0.0,0.0
73017U,上櫃,1.17,1.14,61.0
73018U,上櫃,1.02,1.0,50.0
73019U,上櫃,0.0,0.0,0.0
73020U,上櫃,1.6,1.53,95.0
73021U,上櫃,1.31,1.29,23.0
73022U,上櫃,1.31,1.25,48.0
73023U,上櫃,1.14,1.16,150.0
73024U,上櫃,1.12,1.17,122.0
73025U,上櫃,0.0,0.0,0.0
73026U,上櫃,1.39,1.37,50.0
73027U,上櫃,0.94,0.92,187.0
73028U,上櫃,1.28,1.22,61.0
73029U,上櫃,0.0,0.0,0.0
73030U,上櫃,0.0,0.0,0.0
73031U,上櫃,1.3,1.28,103.0
73032U,上櫃,0.0,0.0,0.0
73033U,上櫃,1.93,1.95,64.0
73034U,上櫃,0.0,0.0,0.0
73035U,上櫃,1.68,1.68,10.0
73036U,上櫃,1.74,1.74,1.0
73037U,上櫃,1.99,2.0,10.0
73038U,上櫃,0.0,0.0,0.0
73039U,上櫃,1.08,1.08,8.0
730401,上櫃,0.0,0.0,0.0
730402,上櫃,0.07,0.07,30.0
730403,上櫃,0.0,0.0,0.0
73040U,上櫃,2.48,2.41,60.0
73041U,上櫃,1.68,1.68,5.0
73042U,上櫃,1.58,1.55,44.0
73043U,上櫃,0.0,0.0,0.0
73044U,上櫃,0.0,0.0,0.0
73045U,上櫃,0.0,0.0,0.0
73046U,上櫃,1.19,1.19,10.0
73047U,上櫃,0.0,0.0,0.0
73048U,上櫃,0.0,0.0,0.0
730493,上櫃,0.0,0.0,0.0
73049U,上櫃,0.0,0.0,0.0
73050U,上櫃,1.56,1.56,19.0
73051U,上櫃,0.71,0.67,80.0
730635,上櫃,0.44,0.41,76.0
730636,上櫃,3.53,3.53,5.0
730722,上櫃,0.0,0.0,0.0
730732,上櫃,0.0,0.0,0.0
730733,上櫃,0.0,0.0,0.0
730735,上櫃,0.0,0.0,0.0
730737,上櫃,0.0,0.0,0.0
731063,上櫃,0.0,0.0,0.0
731093,上櫃,0.0,0.0,0.0
731162,上櫃,0.0,0.0,0.0
731240,上櫃,0.0,0.0,0.0
731248,上櫃,0.0,0.0,0.0
731264,上櫃,0.0,0.0,0.0
731265,上櫃,0.0,0.0,0.0
731277,上櫃,0.0,0.0,0.0
731332,上櫃,0.0,0.0,0.0
731493,上櫃,0.0,0.0,0.0
731495,上櫃,0.11,0.11,2.0
731555,上櫃,0.0,0.0,0.0
731584,上櫃,0.0,0.0,0.0
731670,上櫃,0.0,0.0,0.0
731671,上櫃,0.0,0.0,0.0
731730,上櫃,0.0,0.0,0.0
731874,上櫃,0.0,0.0,0.0
731877,上櫃,0.0,0.0,0.0
731945,上櫃,0.0,0.0,0.0
731949,上櫃,0.0,0.0,0.0
732049,上櫃,0.05,0.05,550.0
732050,上櫃,0.0,0.0,0.0
732051,上櫃,0.0,0.0,0.0
732054,上櫃,0.0,0.0,0.0
732069,上櫃,0.0,0.0,0.0
732167,上櫃,0.0,0.0,0.0
732269,上櫃,0.0,0.0,0.0
732271,上櫃,0.0,0.0,0.0
732272,上櫃,0.0,0.0,0.0
732275,上櫃,0.0,0.0,0.0
732277,上櫃,0.0,0.0,0.0
732332,上櫃,0.18,0.18,50.0
732545,上櫃,0.0,0.0,0.0
732586,上櫃,0.0,0.0,0.0
732653,上櫃,0.0,0.0,0.0
733025,上櫃,0.0,0.0,0.0
733133,上櫃,0.0,0.0,0.0
733178,上櫃,0.0,0.0,0.0
733248,上櫃,0.0,0.0,0.0
733332,上櫃,0.0,0.0,0.0
733411,上櫃,0.57,0.56,6.0
733460,上櫃,0.95,0.94,112.0
733461,上櫃,0.52,0.57,894.0
733467,上櫃,0.0,0.0,0.0
733471,上櫃,1.18,1.18,2.0
733560,上櫃,0.0,0.0,0.0
733563,上櫃,0.0,0.0,0.0
733653,上櫃,0.01,0.01,10.0
733654,上櫃,0.0,0.0,0.0
733655,上櫃,0.0,0.0,0.0
733656,上櫃,0.06,0.06,40.0
733695,上櫃,0.53,0.46,314.0
733696,上櫃,0.58,0.58,426.0
733701,上櫃,0.0,0.0,0.0
733702,上櫃,0.0,0.0,0.0
733756,上櫃,0.0,0.0,0.0
733760,上櫃,0.0,0.0,0.0
733800,上櫃,2.85,2.83,13.0
733958,上櫃,0.0,0.0,0.0
733959,上櫃,0.0,0.0,0.0
733983,上櫃,0.0,0.0,0.0
734209,上櫃,2.9,2.96,67.0
734284,上櫃,0.0,0.0,0.0
734285,上櫃,0.0,0.0,0.0
734287,上櫃,1.87,1.87,2.0
734294,上櫃,0.0,0.0,0.0
734352,上櫃,0.0,0.0,0.0
734355,上櫃,0.0,0.0,0.0
734508,上櫃,0.0,0.0,0.0
734519,上櫃,0.0,0.0,0.0
734521,上櫃,0.0,0.0,0.0
734535,上櫃,0.0,0.0,0.0
734707,上櫃,0.0,0.0,0.0
734708,上櫃,0.0,0.0,0.0
734710,上櫃,0.0,0.0,0.0
734782,上櫃,0.0,0.0,0.0
734783,上櫃,0.92,0.92,10.0
734785,上櫃,3.68,4.3,30.0
734873,上櫃,0.0,0.0,0.0
734874,上櫃,0.0,0.0,0.0
734994,上櫃,0.0,0.0,0.0
735028,上櫃,0.91,0.91,40.0
735029,上櫃,0.0,0.0,0.0
735271,上櫃,0.0,0.0,0.0
735304,上櫃,0.0,0.0,0.0
735306,上櫃,0.0,0.0,0.0
735307,上櫃,0.0,0.0,0.0
735512,上櫃,0.0,0.0,0.0
735556,上櫃,0.0,0.0,0.0
735557,上櫃,0.0,0.0,0.0
735647,上櫃,0.0,0.0,0.0
735648,上櫃,0.0,0.0,0.0
735650,上櫃,0.0,0.0,0.0
735654,上櫃,0.0,0.0,0.0
735658,上櫃,0.0,0.0,0.0
735659,上櫃,0.0,0.0,0.0
735660,上櫃,0.0,0.0,0.0
735661,上櫃,0.0,0.0,0.0
735665,上櫃,0.71,0.71,100.0
735724,上櫃,0.0,0.0,0.0
735848,上櫃,0.0,0.0,0.0
735849,上櫃,0.68,0.6,63.0
735852,上櫃,0.0,0.0,0.0
735853,上櫃,0.0,0.0,0.0
735855,上櫃,3.85,3.7,28.0
735923,上櫃,0.0,0.0,0.0
735925,上櫃,0.0,0.0,0.0
736081,上櫃,0.57,0.49,60.0
736082,上櫃,0.0,0.0,0.0
736084,上櫃,0.0,0.0,0.0
736086,上櫃,0.0,0.0,0.0
736153,上櫃,0.0,0.0,0.0
736154,上櫃,0.47,0.47,100.0
736156,上櫃,0.0,0.0,0.0
736157,上櫃,0.0,0.0,0.0
736158,上櫃,0.0,0.0,0.0
736159,上櫃,0.0,0.0,0.0
736160,上櫃,0.0,0.0,0.0
736161,上櫃,0.65,0.65,10.0
736242,上櫃,0.0,0.0,0.0
736243,上櫃,0.27,0.27,10.0
736244,上櫃,7.85,7.65,6.0
736249,上櫃,0.0,0.0,0.0
736346,上櫃,0.0,0.0,0.0
736349,上櫃,0.0,0.0,0.0
736350,上櫃,0.0,0.0,0.0
736351,上櫃,0.0,0.0,0.0
736352,上櫃,0.0,0.0,0.0
736353,上櫃,0.0,0.0,0.0
736354,上櫃,0.19,0.25,7.0
736360,上櫃,0.0,0.0,0.0
736427,上櫃,0.1,0.1,10.0
736428,上櫃,0.08,0.08,2710.0
736430,上櫃,0.62,0.62,10.0
736431,上櫃,0.0,0.0,0.0
736433,上櫃,0.0,0.0,0.0
736434,上櫃,0.0,0.0,0.0
736436,上櫃,0.0,0.0,0.0
736439,上櫃,0.0,0.0,0.0
736443,上櫃,0.0,0.0,0.0
736444,上櫃,0.0,0.0,0.0
736474,上櫃,0.0,0.0,0.0
736475,上櫃,0.0,0.0,0.0
736476,上櫃,0.0,0.0,0.0
736477,上櫃,0.0,0.0,0.0
736478,上櫃,3.78,3.76,229.0
736479,上櫃,0.0,0.0,0.0
736480,上櫃,0.16,0.16,5.0
736585,上櫃,0.0,0.0,0.0
736586,上櫃,0.0,0.0,0.0
736587,上櫃,0.0,0.0,0.0
736604,上櫃,2.15,2.15,1.0
736736,上櫃,0.69,0.69,2.0
736740,上櫃,0.0,0.0,0.0
736741,上櫃,0.0,0.0,0.0
736834,上櫃,0.0,0.0,0.0
736933,上櫃,0.0,0.0,0.0
736934,上櫃,6.1,6.45,25.0
736935,上櫃,1.44,1.44,5.0
736938,上櫃,0.0,0.0,0.0
736997,上櫃,0.0,0.0,0.0
737015,上櫃,0.0,0.0,0.0
737086,上櫃,0.0,0.0,0.0
737088,上櫃,0.0,0.0,0.0
737153,上櫃,0.0,0.0,0.0
737161,上櫃,0.0,0.0,0.0
737163,上櫃,0.0,0.0,0.0
737197,上櫃,0.0,0.0,0.0
737198,上櫃,0.0,0.0,0.0
737321,上櫃,0.0,0.0,0.0
737801,上櫃,2.1,2.05,2.0
737929,上櫃,0.0,0.0,0.0
737930,上櫃,1.32,1.32,1.0
737931,上櫃,0.0,0.0,0.0
737933,上櫃,0.01,0.01,10.0
738020,上櫃,0.0,0.0,0.0
738051,上櫃,0.0,0.0,0.0
738060,上櫃,0.0,0.0,0.0
738072,上櫃,0.0,0.0,0.0
738079,上櫃,0.0,0.0,0.0
738080,上櫃,0.0,0.0,0.0
738082,上櫃,0.0,0.0,0.0
738123,上櫃,0.0,0.0,0.0
738128,上櫃,0.0,0.0,0.0
738130,上櫃,0.0,0.0,0.0
738131,上櫃,0.0,0.0,0.0
738132,上櫃,0.0,0.0,0.0
738133,上櫃,0.0,0.0,0.0
738134,上櫃,0.0,0.0,0.0
738135,上櫃,0.0,0.0,0.0
738136,上櫃,0.0,0.0,0.0
738137,上櫃,0.0,0.0,0.0
738138,上櫃,0.0,0.0,0.0
738139,上櫃,0.0,0.0,0.0
738140,上櫃,0.0,0.0,0.0
738142,上櫃,0.0,0.0,0.0
738143,上櫃,0.0,0.0,0.0
738144,上櫃,0.12,0.12,8.0
738145,上櫃,0.38,0.38,10.0
738146,上櫃,0.0,0.0,0.0
738147,上櫃,0.0,0.0,0.0
738148,上櫃,0.0,0.0,0.0
738149,上櫃,0.0,0.0,0.0
738150,上櫃,0.0,0.0,0.0
738151,上櫃,0.14,0.14,1.0
738152,上櫃,2.2,2.2,5.0
738153,上櫃,0.0,0.0,0.0
738154,上櫃,0.0,0.0,0.0
738155,上櫃,3.83,3.83,20.0
738156,上櫃,0.0,0.0,0.0
738157,上櫃,0.18,0.18,13.0
738183,上櫃,0.0,0.0,0.0
738184,上櫃,0.0,0.0,0.0
738185,上櫃,0.0,0.0,0.0
738186,上櫃,0.0,0.0,0.0
738187,上櫃,0.0,0.0,0.0
738188,上櫃,0.0,0.0,0.0
738189,上櫃,0.0,0.0,0.0
738190,上櫃,0.0,0.0,0.0
738191,上櫃,0.0,0.0,0.0
738192,上櫃,0.0,0.0,0.0
738193,上櫃,0.0,0.0,0.0
738194,上櫃,0.0,0.0,0.0
738195,上櫃,0.0,0.0,0.0
738196,上櫃,0.0,0.0,0.0
738197,上櫃,0.0,0.0,0.0
738198,上櫃,0.0,0.0,0.0
738202,上櫃,0.0,0.0,0.0
738226,上櫃,0.0,0.0,0.0
738269,上櫃,0.0,0.0,0.0
738281,上櫃,0.0,0.0,0.0
738282,上櫃,0.0,0.0,0.0
738283,上櫃,0.0,0.0,0.0
738284,上櫃,0.0,0.0,0.0
738285,上櫃,0.0,0.0,0.0
738286,上櫃,0.2,0.2,28.0
738287,上櫃,0.0,0.0,0.0
738288,上櫃,0.0,0.0,0.0
738289,上櫃,0.0,0.0,0.0
738291,上櫃,3.75,3.75,7.0
738292,上櫃,0.0,0.0,0.0
738293,上櫃,0.0,0.0,0.0
738296,上櫃,0.0,0.0,0.0
738299,上櫃,0.0,0.0,0.0
738373,上櫃,0.0,0.0,0.0
738439,上櫃,0.0,0.0,0.0
738442,上櫃,0.0,0.0,0.0
738465,上櫃,0.0,0.0,0.0
738491,上櫃,0.0,0.0,0.0
738497,上櫃,0.0,0.0,0.0
738503,上櫃,0.0,0.0,0.0
738557,上櫃,0.0,0.0,0.0
738567,上櫃,0.0,0.0,0.0
738588,上櫃,0.0,0.0,0.0
738605,上櫃,0.0,0.0,0.0
738619,上櫃,0.0,0.0,0.0
738651,上櫃,0.03,0.03,20.0
738653,上櫃,0.0,0.0,0.0
738654,上櫃,0.0,0.0,0.0
738655,上櫃,0.0,0.0,0.0
738658,上櫃,0.0,0.0,0.0
738661,上櫃,0.0,0.0,0.0
738663,上櫃,0.0,0.0,0.0
738675,上櫃,0.0,0.0,0.0
738690,上櫃,0.0,0.0,0.0
738720,上櫃,0.0,0.0,0.0
738726,上櫃,0.0,0.0,0.0
738736,上櫃,0.0,0.0,0.0
738737,上櫃,0.0,0.0,0.0
738739,上櫃,0.0,0.0,0.0
738740,上櫃,0.0,0.0,0.0
738741,上櫃,0.0,0.0,0.0
738742,上櫃,0.17,0.18,23.0
738743,上櫃,0.0,0.0,0.0
738744,上櫃,0.0,0.0,0.0
738745,上櫃,0.0,0.0,0.0
738746,上櫃,0.0,0.0,0.0
738747,上櫃,0.0,0.0,0.0
738748,上櫃,0.0,0.0,0.0
738749,上櫃,1.24,1.24,10.0
738750,上櫃,0.0,0.0,0.0
738751,上櫃,0.5,0.5,1.0
738753,上櫃,0.0,0.0,0.0
738754,上櫃,0.0,0.0,0.0
738755,上櫃,0.0,0.0,0.0
738756,上櫃,0.0,0.0,0.0
738757,上櫃,0.0,0.0,0.0
738758,上櫃,0.0,0.0,0.0
738759,上櫃,0.0,0.0,0.0
738760,上櫃,0.0,0.0,0.0
738761,上櫃,0.0,0.0,0.0
738762,上櫃,0.0,0.0,0.0
738764,上櫃,0.0,0.0,0.0
738765,上櫃,0.0,0.0,0.0
738767,上櫃,0.0,0.0,0.0
738776,上櫃,0.0,0.0,0.0
738781,上櫃,0.0,0.0,0.0
738802,上櫃,0.0,0.0,0.0
738807,上櫃,0.0,0.0,0.0
738808,上櫃,0.0,0.0,0.0
738870,上櫃,0.0,0.0,0.0
738874,上櫃,0.0,0.0,0.0
738898,上櫃,0.0,0.0,0.0
738899,上櫃,0.0,0.0,0.0
738929,上櫃,0.0,0.0,0.0
738931,上櫃,0.0,0.0,0.0
738932,上櫃,0.0,0.0,0.0
738933,上櫃,0.0,0.0,0.0
738934,上櫃,0.0,0.0,0.0
738938,上櫃,0.0,0.0,0.0
738939,上櫃,0.0,0.0,0.0
738940,上櫃,0.0,0.0,0.0
738941,上櫃,0.0,0.0,0.0
738942,上櫃,0.0,0.0,0.0
738943,上櫃,0.0,0.0,0.0
738944,上櫃,0.17,0.17,7.0
738945,上櫃,0.0,0.0,0.0
738946,上櫃,0.0,0.0,0.0
738947,上櫃,1.2,1.2,24.0
738963,上櫃,0.0,0.0,0.0
739002,上櫃,0.0,0.0,0.0
739045,上櫃,0.0,0.0,0.0
739053,上櫃,0.0,0.0,0.0
739057,上櫃,0.0,0.0,0.0
739063,上櫃,0.29,0.29,1.0
739071,上櫃,0.0,0.0,0.0
739073,上櫃,0.0,0.0,0.0
739105,上櫃,0.0,0.0,0.0
739106,上櫃,0.0,0.0,0.0
739116,上櫃,0.0,0.0,0.0
739123,上櫃,0.0,0.0,0.0
739131,上櫃,0.0,0.0,0.0
739161,上櫃,0.0,0.0,0.0
739217,上櫃,0.0,0.0,0.0
739284,上櫃,0.0,0.0,0.0
739303,上櫃,0.0,0.0,0.0
739372,上櫃,0.28,0.28,3.0
739373,上櫃,0.0,0.0,0.0
739374,上櫃,0.0,0.0,0.0
739375,上櫃,0.0,0.0,0.0
739376,上櫃,0.0,0.0,0.0
739378,上櫃,0.0,0.0,0.0
739379,上櫃,0.0,0.0,0.0
739380,上櫃,0.0,0.0,0.0
739381,上櫃,0.0,0.0,0.0
739382,上櫃,0.0,0.0,0.0
739383,上櫃,0.0,0.0,0.0
739384,上櫃,0.0,0.0,0.0
739385,上櫃,0.0,0.0,0.0
739386,上櫃,0.0,0.0,0.0
739387,上櫃,1.3,1.41,26.0
739388,上櫃,0.0,0.0,0.0
739389,上櫃,0.0,0.0,0.0
739419,上櫃,0.0,0.0,0.0
739425,上櫃,0.03,0.03,1.0
739433,上櫃,0.0,0.0,0.0
739441,上櫃,0.0,0.0,0.0
739442,上櫃,0.73,0.73,50.0
739443,上櫃,0.0,0.0,0.0
739444,上櫃,0.0,0.0,0.0
739445,上櫃,0.0,0.0,0.0
739446,上櫃,4.18,4.18,2.0
739447,上櫃,0.0,0.0,0.0
739448,上櫃,0.0,0.0,0.0
739451,上櫃,0.0,0.0,0.0
739452,上櫃,0.0,0.0,0.0
739453,上櫃,0.0,0.0,0.0
739454,上櫃,0.0,0.0,0.0
739455,上櫃,0.0,0.0,0.0
739456,上櫃,0.0,0.0,0.0
739457,上櫃,0.0,0.0,0.0
739458,上櫃,4.64,4.51,1355.0
739459,上櫃,0.0,0.0,0.0
739460,上櫃,2.14,2.05,61.0
739478,上櫃,0.0,0.0,0.0
739519,上櫃,0.06,0.1,64.0
739520,上櫃,0.0,0.0,0.0
739521,上櫃,0.0,0.0,0.0
739522,上櫃,0.0,0.0,0.0
739523,上櫃,0.0,0.0,0.0
739549,上櫃,0.0,0.0,0.0
739581,上櫃,0.0,0.0,0.0
739598,上櫃,0.0,0.0,0.0
739634,上櫃,0.0,0.0,0.0
739639,上櫃,0.0,0.0,0.0
739640,上櫃,0.0,0.0,0.0
739641,上櫃,0.0,0.0,0.0
739642,上櫃,0.0,0.0,0.0
739643,上櫃,0.0,0.0,0.0
739644,上櫃,0.0,0.0,0.0
739645,上櫃,0.0,0.0,0.0
739646,上櫃,0.0,0.0,0.0
739647,上櫃,0.0,0.0,0.0
739648,上櫃,0.0,0.0,0.0
739649,上櫃,0.0,0.0,0.0
739650,上櫃,0.0,0.0,0.0
739651,上櫃,0.97,0.97,1.0
739652,上櫃,0.0,0.0,0.0
739696,上櫃,0.0,0.0,0.0
739709,上櫃,0.0,0.0,0.0
739715,上櫃,0.0,0.0,0.0
739716,上櫃,3.01,2.61,51.0
739718,上櫃,0.0,0.0,0.0
739723,上櫃,0.0,0.0,0.0
739724,上櫃,0.0,0.0,0.0
739742,上櫃,0.0,0.0,0.0
739750,上櫃,0.0,0.0,0.0
739751,上櫃,0.0,0.0,0.0
739806,上櫃,0.0,0.0,0.0
739825,上櫃,0.0,0.0,0.0
739826,上櫃,0.0,0.0,0.0
739841,上櫃,0.0,0.0,0.0
739842,上櫃,0.0,0.0,0.0
739850,上櫃,0.0,0.0,0.0
739856,上櫃,0.0,0.0,0.0
739858,上櫃,0.0,0.0,0.0
739913,上櫃,0.0,0.0,0.0
739986,上櫃,0.0,0.0,0.0
7402,上櫃,111.0,109.0,547.158
7547,上櫃,51.8,53.5,3.52
7556,上櫃,257.5,243.5,41.892
7584,上櫃,27.35,27.35,1.01
7642,上櫃,75.8,78.2,10.0
7703,上櫃,177.5,177.0,36.356
7704,上櫃,63.2,62.7,18.06
7708,上櫃,92.2,93.0,13.505
7709,上櫃,71.3,71.0,12.181
7712,上櫃,141.0,144.0,163.408
7713,上櫃,71.1,71.0,2.0
7714,上櫃,167.0,164.5,342.435
7715,上櫃,31.0,31.65,30.024
7716,上櫃,0.0,0.0,0.0
7717,上櫃,417.0,398.0,166.713
7718,上櫃,48.0,47.85,45.164
7723,上櫃,18.9,19.15,76.093
7728,上櫃,585.0,585.0,2.021
7734,上櫃,2945.0,2905.0,212.955
7738,上櫃,163.5,165.0,5.121
7743,上櫃,20.6,21.25,2.035
7744,上櫃,495.5,484.5,195.761
7747,上櫃,113.0,114.0,5.505
7751,上櫃,1435.0,1435.0,510.072
7753,上櫃,37.3,37.3,7.0
7757,上櫃,91.8,89.8,3.375
7767,上櫃,43.8,44.7,37.141
7770,上櫃,36.8,37.95,3.012
7772,上櫃,88.0,89.0,49.051
7777,上櫃,37.7,37.55,1116.501
7782,上櫃,25.7,25.4,73.284
7792,上櫃,288.5,288.5,618.601
7794,上櫃,28.2,28.0,19.25
7805,上櫃,692.0,693.0,71.504
7810,上櫃,195.5,194.0,13.155
7811,上櫃,71.1,71.6,3.021
7814,上櫃,31.0,31.0,42.112
7819,上櫃,35.9,35.8,39.3
7820,上櫃,111.5,120.0,15.276
7828,上櫃,1575.0,1615.0,196.754
7839,上櫃,44.95,45.0,12.0
7842,上櫃,99.9,101.0,169.387
8024,上櫃,13.0,13.3,9.641
8027,上櫃,166.0,169.0,1782.934
8032,上櫃,35.3,35.9,36.056
8034,上櫃,18.35,18.5,41.927
8038,上櫃,30.1,30.7,121.165
8040,上櫃,67.8,71.2,271.222
8042,上櫃,99.2,111.5,5745.566
8043,上櫃,132.0,143.0,6107.889
8044,上櫃,25.6,25.25,280.58
8047,上櫃,48.0,49.15,22.0
8048,上櫃,51.8,51.5,62.737
8049,上櫃,24.6,24.35,154.533
8050,上櫃,56.0,56.7,1245.318
8054,上櫃,78.5,79.0,555.781
8059,上櫃,13.45,13.5,99.414
8064,上櫃,98.5,99.2,1504.176
8066,上櫃,14.5,14.65,26.875
8067,上櫃,12.75,12.7,30.0
8068,上櫃,16.95,16.95,35.761
8069,上櫃,153.5,161.0,8642.385
8071,上櫃,23.55,24.1,966.806
8074,上櫃,53.9,55.0,297.546
8076,上櫃,23.2,23.15,301.148
8077,上櫃,44.9,44.9,4.0
8080,上櫃,27.7,27.75,23.042
8083,上櫃,159.0,158.5,122.226
8084,上櫃,49.3,50.4,175.422
8085,上櫃,11.95,12.3,1046.347
8086,上櫃,112.0,115.5,4702.977
8087,上櫃,27.7,26.95,4.01
8088,上櫃,44.6,45.2,472.347
8089,上櫃,17.45,17.7,94.979
8091,上櫃,212.5,220.5,306.569
8092,上櫃,12.4,12.35,16.117
8093,上櫃,23.2,22.95,71.804
8096,上櫃,106.0,108.0,3035.332
8097,上櫃,50.1,50.4,125.039
8099,上櫃,58.9,59.1,412.604
8102,上櫃,68.9,68.9,4.139
8107,上櫃,12.05,11.9,26.041
8109,上櫃,135.5,135.5,2124.245
8111,上櫃,54.5,55.2,873.011
8121,上櫃,27.65,27.7,623.693
8147,上櫃,119.5,119.0,60.384
8155,上櫃,311.0,311.0,593.705
8171,上櫃,19.25,19.4,79.51
8176,上櫃,9.95,9.96,49.018
8182,上櫃,39.2,40.4,752.447
8183,上櫃,29.25,28.95,315.608
8227,上櫃,148.0,148.0,234.395
8234,上櫃,67.7,70.6,1159.605
8240,上櫃,42.1,41.5,79.878
8255,上櫃,144.5,146.0,567.448
8272,上櫃,63.2,62.5,7.8
8277,上櫃,7.85,8.03,32.824
8279,上櫃,85.4,84.6,38.156
8284,上櫃,66.0,66.6,22.209
8289,上櫃,44.7,47.0,444.141
8291,上櫃,31.6,33.25,28.893
8299,上櫃,1920.0,1965.0,4867.602
8342,上櫃,87.0,87.4,5.638
8349,上櫃,39.1,39.4,80.806
8349A,上櫃,45.6,45.6,1.0
8354,上櫃,17.25,17.25,43.503
8358,上櫃,398.0,410.5,15547.2
8383,上櫃,68.3,67.2,1626.314
8390,上櫃,97.0,95.4,358.896
8401,上櫃,23.0,22.85,23.486
8403,上櫃,19.35,19.35,64.218
8409,上櫃,0.0,0.0,0.002
8410,上櫃,31.2,31.5,4.101
8415,上櫃,38.0,38.0,372.679
8416,上櫃,169.5,168.5,3.012
8421,上櫃,13.2,13.15,45.823
8423,上櫃,17.85,17.8,8.037
8424,上櫃,69.0,69.2,5.05
8426,上櫃,20.9,21.2,6.101
8431,上櫃,45.25,44.5,352.335
8432,上櫃,49.7,50.0,6.2
8433,上櫃,54.5,54.4,15.0
8435,上櫃,53.5,53.5,23.965
8436,上櫃,123.5,124.0,484.705
8437,上櫃,9.33,9.05,10.227
8440,上櫃,20.1,20.3,54.713
8444,上櫃,0.0,0.0,0.0
8446,上櫃,85.9,85.1,50.767
8450,上櫃,14.8,14.45,8.185
8455,上櫃,22.75,23.3,6.225
8472,上櫃,69.0,69.3,4.229
8477,上櫃,15.8,15.9,5.0
8489,上櫃,22.45,22.7,26.74
8905,上櫃,33.95,34.55,7.254
8906,上櫃,27.0,27.6,20.0
8908,上櫃,39.9,39.6,22.306
8916,上櫃,40.3,40.4,62.787
8917,上櫃,53.5,53.5,1.0
8921,上櫃,17.4,17.4,6.0
8923,上櫃,18.65,18.65,10.0
8924,上櫃,50.4,50.6,38.458
8927,上櫃,19.7,19.9,51.016
8928,上櫃,22.85,22.9,14.006
8929,上櫃,13.25,13.15,17.591
8930,上櫃,29.25,29.35,24.443
8931,上櫃,40.95,40.6,12.435
8932,上櫃,107.0,109.0,3126.861
8933,上櫃,4.41,4.44,101.59
8935,上櫃,17.75,17.4,196.672
8936,上櫃,49.95,50.6,996.63
8937,上櫃,23.4,25.55,340.803
8938,上櫃,52.5,52.7,46.813
8941,上櫃,44.4,44.75,25.35
8942,上櫃,41.4,41.25,152.249
9949,上櫃,23.45,23.3,37.85
9950,上櫃,10.2,10.2,51.013
9951,上櫃,53.0,53.9,78.906
9960,上櫃,29.55,30.2,25.21
9962,上櫃,10.2,10.15,39.285
