code,market,open,close,lots
00400A,上市,14.05,13.74,19834.805
00401A,上市,13.5,13.23,6795.559
00402A,上市,9.76,9.75,5656.575
00403A,上市,9.92,9.72,151708.727
00404A,上市,9.53,9.39,5304.276
00405A,上市,8.26,8.02,69033.726
00406A,上市,9.38,9.23,39808.645
00407A,上市,9.47,9.28,34844.152
00408A,上市,10.25,10.09,1293.701
00410A,上市,10.86,10.57,10427.76
0050,上市,103.8,102.85,69373.793
0051,上市,141.1,139.7,60.66
0052,上市,60.65,60.2,24490.891
0053,上市,233.15,231.75,22.334
0055,上市,43.83,43.9,108.388
0056,上市,51.4,51.05,15000.744
0057,上市,309.8,306.15,34.199
0061,上市,24.79,25.15,207.149
006203,上市,186.35,186.35,2.668
006204,上市,220.15,220.7,3.361
006205,上市,41.26,41.8,376.104
006206,上市,38.73,38.6,28.76
006207,上市,33.11,33.45,126.268
006208,上市,237.15,235.35,1788.59
00625K,上市,0.0,0.0,0.0
00631L,上市,34.34,33.68,172376.246
00632R,上市,10.26,10.35,114088.402
00633L,上市,50.0,50.75,4559.01
00634R,上市,3.09,3.05,525.925
00635U,上市,44.1,44.35,3759.247
00636,上市,28.47,28.69,551.085
00636K,上市,8.9,8.9,0.2
00637L,上市,20.71,21.12,28520.667
00638R,上市,6.63,6.57,118.0
00639,上市,17.03,17.29,418.329
00640L,上市,106.8,107.25,67.973
00641R,上市,3.72,3.73,1359.67
00642U,上市,25.6,25.8,3618.918
00643,上市,18.96,19.29,3097.457
00643K,上市,3.97,3.97,25.0
00645,上市,57.25,57.45,97.311
00646,上市,78.35,78.25,1483.927
00647L,上市,142.05,141.45,15.415
00648R,上市,3.91,3.91,622.129
00650L,上市,17.39,17.47,1244.741
00651R,上市,5.15,5.17,344.399
00652,上市,34.46,34.14,250.838
00653L,上市,48.7,48.62,34.605
00654R,上市,6.6,6.58,294.367
00655L,上市,34.93,35.52,993.162
00656R,上市,5.84,5.78,713.9
00657,上市,76.7,77.65,101.694
00657K,上市,24.01,24.01,0.2
00660,上市,47.36,47.47,67.896
00661,上市,84.0,84.95,39.291
00662,上市,122.0,121.8,1436.212
00663L,上市,98.4,96.6,6362.517
00664R,上市,1.66,1.68,15862.99
00665L,上市,9.6,9.63,7650.145
00666R,上市,9.04,9.02,228.0
00668,上市,63.25,63.25,48.619
00668K,上市,19.69,19.69,0.2
00669R,上市,5.17,5.18,860.119
00670L,上市,200.8,200.65,320.341
00671R,上市,2.43,2.43,5247.25
00673R,上市,13.59,13.54,14747.765
00674R,上市,28.9,28.81,94.745
00675L,上市,297.35,292.0,1483.905
00676R,上市,5.68,5.77,6704.307
00678,上市,41.02,41.0,306.549
00680L,上市,6.47,6.47,10501.474
00681R,上市,21.83,21.84,2.0
00682U,上市,0.0,0.0,0.02
00683L,上市,21.6,21.58,30.004
00684R,上市,0.0,0.0,0.21
00685L,上市,11.22,11.01,219573.644
00686R,上市,1.01,1.02,16177.165
00688L,上市,6.46,6.44,6151.857
00689R,上市,22.89,22.9,112.007
00690,上市,76.0,75.0,325.783
00692,上市,88.7,88.15,504.203
00693U,上市,21.52,21.65,245.775
00700,上市,17.76,17.75,275.54
00701,上市,38.66,38.59,586.954
00702,上市,25.18,25.23,113.53
00703,上市,20.29,20.14,41.31
00706L,上市,19.23,19.22,473.024
00707R,上市,31.98,31.98,5.0
00708L,上市,76.4,77.6,3999.909
00709,上市,41.29,41.45,134.304
00710B,上市,19.23,19.28,157.759
00711B,上市,15.83,15.81,103.127
00712,上市,8.8,8.76,30661.625
00713,上市,61.1,61.3,2288.31
00714,上市,22.35,22.33,188.341
00715L,上市,42.25,43.02,13258.583
00717,上市,14.92,14.91,63.943
00728,上市,64.45,63.65,145.311
00730,上市,29.07,29.07,79.131
00731,上市,90.9,91.0,682.608
00733,上市,64.7,63.2,402.357
00735,上市,97.1,95.55,2185.321
00736,上市,31.59,31.68,104.295
00737,上市,41.3,40.48,177.25
00738U,上市,49.24,50.05,2492.136
00739,上市,28.5,28.68,58.713
00752,上市,24.0,23.99,714.76
00753L,上市,9.94,9.95,6772.12
00757,上市,140.15,139.65,707.773
00762,上市,112.8,112.1,107.761
00763U,上市,35.75,35.86,780.493
00770,上市,69.2,69.4,73.745
00771,上市,15.65,15.68,61.486
00775B,上市,32.0,32.0,160.965
00783,上市,28.6,29.07,15.906
00830,上市,86.4,86.35,4384.795
00850,上市,88.6,88.0,438.749
00851,上市,71.05,71.05,2.644
00852L,上市,36.65,36.6,53.011
00861,上市,87.6,86.95,86.136
00865B,上市,49.33,49.32,1258.404
00875,上市,56.75,55.65,162.94
00876,上市,88.9,88.0,126.586
00878,上市,32.92,32.81,48698.785
00881,上市,53.1,52.25,40475.058
00882,上市,15.0,14.96,4720.75
00885,上市,18.28,18.22,1594.094
00891,上市,35.33,34.75,27282.271
00892,上市,40.31,39.92,4765.833
00893,上市,43.5,43.46,247.037
00894,上市,47.82,46.67,3071.577
00895,上市,49.81,49.84,160.535
00896,上市,27.06,26.81,2709.398
00897,上市,11.34,11.33,325.28
00898,上市,9.62,9.68,1966.606
00899,上市,23.78,23.79,33.478
00900,上市,18.66,18.64,4082.408
00901,上市,44.53,43.67,185.134
00902,上市,13.25,13.35,917.336
00903,上市,21.42,21.44,247.527
00904,上市,39.6,39.15,683.675
00905,上市,25.6,25.3,631.842
00907,上市,16.79,16.85,424.291
00908,上市,15.7,15.56,475.927
00909,上市,44.53,44.29,929.37
00910,上市,61.35,61.05,568.09
00911,上市,54.45,54.25,358.992
00912,上市,33.29,33.08,369.688
00913,上市,47.51,46.35,1376.338
00915,上市,31.92,31.9,2691.301
00916,上市,27.35,27.22,509.119
00917,上市,24.24,24.09,1243.459
00918,上市,33.53,33.59,12107.827
00919,上市,29.76,29.74,32346.951
00920,上市,24.53,24.58,69.888
00921,上市,23.52,23.45,171.846
00922,上市,40.0,39.55,3237.739
00923,上市,41.62,40.95,13778.169
00924,上市,34.04,33.93,1131.403
00926,上市,26.94,26.95,1801.711
00927,上市,36.1,35.54,8345.328
00929,上市,28.96,28.59,36034.118
00930,上市,23.95,23.82,160.584
00932,上市,17.56,17.53,302.509
00934,上市,28.32,28.2,2380.745
00935,上市,56.2,55.0,6906.052
00936,上市,21.55,21.43,628.932
00938,上市,24.8,24.76,1320.061
00939,上市,22.18,22.25,3955.217
00940,上市,12.41,12.4,7229.92
00941,上市,26.27,26.15,568.157
00943,上市,21.72,21.51,293.971
00944,上市,20.5,20.26,254.058
00945B,上市,14.69,14.68,2333.104
00946,上市,15.05,15.01,1997.321
00947,上市,35.53,35.14,5823.327
00949,上市,21.64,21.77,536.545
00951,上市,17.49,17.51,4651.681
00952,上市,18.03,17.74,1374.996
00953B,上市,9.75,9.75,20464.111
00954,上市,18.56,18.68,3178.684
00956,上市,13.4,13.4,493.914
00960,上市,18.81,18.94,157.192
00961,上市,13.13,13.04,19490.45
00962,上市,15.17,14.93,1145.187
00963,上市,13.38,13.35,1154.927
00964,上市,14.11,14.05,1021.919
00965,上市,26.72,26.59,1739.198
00971,上市,17.89,17.86,58.955
00972,上市,21.8,21.96,155.955
009800,上市,13.19,13.15,623.093
009801,上市,12.59,12.56,370.383
009802,上市,18.82,18.5,1650.927
009803,上市,20.99,20.84,1101.541
009804,上市,21.75,21.5,756.616
009805,上市,16.21,16.14,2432.693
009808,上市,30.28,30.12,87.642
009809,上市,17.25,17.15,41.424
00980A,上市,24.0,23.57,11719.221
009810,上市,21.86,21.74,132.151
009811,上市,13.54,13.5,324.13
009812,上市,12.97,12.98,834.063
009813,上市,11.5,11.49,906.014
009816,上市,15.05,14.88,78078.508
009817,上市,9.3,9.19,1135.762
009818,上市,20.34,20.37,137.543
009819,上市,10.32,10.31,5145.562
00981A,上市,28.92,28.03,185656.768
00981T,上市,11.96,11.91,4147.873
009820,上市,9.98,9.95,3822.693
009821,上市,14.14,14.34,13247.414
009824,上市,10.21,10.19,5312.818
009826,上市,10.24,10.22,24539.467
00982A,上市,22.95,22.39,30583.684
00982D,上市,9.88,9.87,763.671
00982T,上市,15.29,15.24,5.369
00983A,上市,11.59,11.53,581.154
00983D,上市,10.1,10.11,295.129
00984A,上市,15.06,14.87,3754.016
00984D,上市,10.16,10.15,21558.855
00985A,上市,21.83,21.48,2974.813
00985B,上市,10.33,10.33,1932.334
00986A,上市,14.82,14.81,206.429
00987A,上市,15.45,14.92,2649.966
00988A,上市,16.61,16.39,50988.43
00989A,上市,17.1,17.14,3848.481
00990A,上市,15.9,15.68,18775.481
00991A,上市,17.25,16.86,77244.096
00991B,上市,15.07,15.04,365.658
00992A,上市,17.16,16.63,37842.708
00993A,上市,13.0,12.75,3306.426
00994A,上市,16.64,16.27,1887.257
00995A,上市,16.89,16.39,3624.033
00996A,上市,13.56,13.27,5206.608
00997A,上市,11.5,11.41,5380.189
00999A,上市,10.98,10.83,11662.609
01001T,上市,11.35,11.35,44.1
01002T,上市,13.38,13.29,10154.0
01004T,上市,10.21,10.21,69.076
01007T,上市,11.88,11.84,372.0
01009T,上市,5.67,5.67,4.0
01010T,上市,9.98,10.0,134.131
020000,上市,30.12,29.77,18.0
020011,上市,0.0,0.0,0.0
020012,上市,0.0,0.0,0.0
02001L,上市,133.45,127.7,160.0
020020,上市,0.0,0.0,0.0
020028,上市,19.65,19.65,1.0
020029,上市,0.0,0.0,0.0
020030,上市,17.9,17.9,5.0
020031,上市,9.94,10.04,77.0
020032,上市,0.0,0.0,0.0
020034,上市,14.32,14.22,7.0
020036,上市,0.0,0.0,0.0
020037,上市,0.0,0.0,0.0
020038,上市,13.83,13.81,17.0
020039,上市,14.16,14.16,29.0
1101,上市,24.3,24.35,18367.476
1101B,上市,43.4,43.4,23.003
1102,上市,32.8,32.85,4786.576
1103,上市,12.95,13.15,211.153
1104,上市,26.4,26.6,299.833
1108,上市,12.05,12.1,229.385
1109,上市,13.55,13.5,125.261
1110,上市,15.75,15.9,180.056
1201,上市,12.0,12.1,255.983
1203,上市,47.9,47.65,16.861
1210,上市,52.4,52.7,4519.212
1213,上市,7.6,7.72,25.686
1215,上市,107.0,108.0,526.104
1216,上市,73.6,75.7,27739.254
1217,上市,9.76,9.76,343.718
1218,上市,15.5,15.5,936.501
1219,上市,10.65,10.75,405.461
1220,上市,11.1,11.15,35.254
1225,上市,23.75,24.2,218.607
1227,上市,28.95,29.15,824.698
1229,上市,40.6,40.65,1474.949
1231,上市,79.9,80.6,339.223
1232,上市,155.5,156.5,227.084
1233,上市,28.9,28.8,17.257
1234,上市,33.3,33.45,122.82
1235,上市,36.7,36.7,1.082
1236,上市,24.95,25.5,392.398
1256,上市,177.5,178.5,49.228
1301,上市,55.8,55.8,24644.83
1303,上市,189.0,188.0,129122.451
1304,上市,11.7,11.8,2805.321
1305,上市,11.5,11.55,1433.634
1307,上市,32.2,32.5,373.823
1308,上市,13.1,13.4,2014.805
1309,上市,12.7,12.8,1457.037
1310,上市,8.0,7.97,3880.123
1312,上市,12.15,11.95,4807.357
1312A,上市,0.0,0.0,0.0
1313,上市,11.7,11.5,4133.869
1314,上市,7.85,7.8,17030.945
1315,上市,63.9,63.9,2.292
1316,上市,10.15,10.05,698.069
1319,上市,77.0,76.7,4075.136
1321,上市,31.95,31.9,64.005
1323,上市,19.95,19.95,21.017
1324,上市,10.05,10.05,19.471
1325,上市,26.5,27.4,492.074
1326,上市,59.3,58.9,25672.952
1337,上市,4.66,4.68,228.16
1338,上市,15.4,15.25,53.037
1339,上市,45.2,45.0,119.637
1340,上市,5.06,5.07,129.955
1341,上市,58.1,58.6,4.301
1342,上市,102.5,104.0,555.328
1402,上市,26.9,27.5,21204.464
1409,上市,22.65,22.5,4243.371
1410,上市,25.6,26.35,23.846
1413,上市,9.24,9.39,11.988
1414,上市,19.4,19.55,428.85
1416,上市,10.8,11.0,726.267
1417,上市,8.23,8.28,105.798
1418,上市,18.0,18.05,12.052
1419,上市,63.9,64.0,56.314
1423,上市,35.5,35.55,18.15
1432,上市,15.05,15.1,99.877
1434,上市,17.1,17.25,1623.834
1435,上市,21.75,23.3,78.985
1436,上市,35.4,36.35,306.842
1437,上市,29.55,29.7,187.277
1438,上市,22.2,22.35,32.1
1439,上市,28.35,27.4,29.29
1440,上市,12.6,12.65,1394.131
1441,上市,9.0,9.0,3.359
1442,上市,29.4,30.1,298.293
1443,上市,25.65,25.6,2.976
1444,上市,7.2,7.26,1098.738
1445,上市,10.4,10.6,83.002
1446,上市,13.85,13.85,178.666
1447,上市,7.1,7.04,2168.6
1449,上市,12.5,12.55,407.061
1451,上市,17.65,17.75,184.728
1452,上市,11.15,11.4,118.995
1453,上市,10.95,11.1,36.353
1454,上市,13.0,12.8,13.415
1455,上市,8.86,9.0,662.241
1456,上市,14.05,14.2,36.602
1457,上市,14.2,14.05,218.406
1459,上市,12.8,12.9,120.694
1460,上市,6.58,6.64,269.64
1463,上市,17.7,17.8,19.252
1464,上市,10.4,10.35,408.706
1465,上市,12.3,12.35,80.554
1466,上市,16.1,16.25,203.531
1467,上市,10.0,9.85,371.435
1468,上市,13.4,13.55,40.344
1470,上市,22.9,22.7,2.0
1471,上市,9.26,9.54,177.377
1472,上市,87.0,88.8,29.215
1473,上市,19.8,19.85,39.839
1474,上市,10.1,10.05,18.088
1475,上市,27.4,27.3,20.0
1476,上市,360.0,347.0,3073.752
1477,上市,226.0,224.0,1590.792
1503,上市,199.0,193.5,1176.873
1504,上市,67.4,66.0,4550.685
1506,上市,10.3,10.25,153.411
1512,上市,6.64,6.61,37.16
1513,上市,160.5,157.5,1522.629
1514,上市,101.5,99.8,976.747
1515,上市,33.0,30.4,366.533
1516,上市,14.8,14.5,86.802
1517,上市,11.8,11.55,513.467
1519,上市,664.0,653.0,1012.568
1521,上市,25.3,25.2,8.383
1522,上市,29.4,28.0,2004.768
1522A,上市,50.0,50.6,74.811
1524,上市,27.5,27.25,710.915
1525,上市,67.8,68.7,4.038
1526,上市,19.25,18.25,1582.264
1527,上市,32.55,32.6,142.863
1528,上市,18.7,18.55,503.572
1529,上市,17.25,17.15,363.213
1530,上市,28.1,28.0,15.341
1531,上市,12.85,12.95,105.014
1532,上市,21.5,21.8,394.66
1533,上市,33.55,33.45,75.323
1535,上市,45.7,45.95,61.211
1536,上市,51.0,51.4,2683.991
1537,上市,126.0,127.0,120.03
1538,上市,0.0,0.0,0.25
1539,上市,16.05,16.0,118.033
1540,上市,20.0,20.0,271.622
1541,上市,21.25,21.8,15.551
1558,上市,93.1,92.4,111.518
1560,上市,697.0,662.0,831.704
1563,上市,58.1,58.8,1076.835
1568,上市,28.75,27.9,210.235
1582,上市,72.3,70.3,599.991
1583,上市,49.05,49.0,20.542
1587,上市,24.6,24.35,67.31
1590,上市,1540.0,1545.0,994.886
1597,上市,144.0,141.0,5820.715
1598,上市,20.1,20.3,241.234
1603,上市,29.0,28.7,126.216
1604,上市,23.15,23.2,174.08
1605,上市,34.5,34.55,16295.227
1608,上市,34.5,34.95,8807.92
1609,上市,37.25,37.05,9364.69
1611,上市,12.0,11.85,286.592
1612,上市,31.0,31.65,1512.12
1614,上市,31.3,30.95,48.015
1615,上市,42.1,42.2,90.641
1616,上市,19.75,19.65,401.062
1617,上市,18.35,18.2,916.027
1618,上市,38.7,38.45,432.14
1623,上市,210.0,208.5,42.079
1626,上市,9.8,9.59,56.371
1702,上市,33.3,33.5,179.163
1707,上市,88.4,89.2,237.77
1708,上市,50.2,48.75,2074.005
1709,上市,27.8,27.8,4767.636
1710,上市,13.85,14.15,5753.928
1711,上市,35.35,34.6,1819.094
1712,上市,38.8,38.95,462.439
1713,上市,43.6,43.55,179.449
1714,上市,17.0,15.75,47332.567
1717,上市,66.5,66.2,5561.622
1718,上市,10.1,9.91,27466.454
1720,上市,56.2,57.0,233.263
1721,上市,20.1,19.6,724.974
1722,上市,45.25,45.5,2351.384
1723,上市,83.4,84.8,418.144
1725,上市,29.9,30.0,7.835
1726,上市,76.9,77.3,16.305
1727,上市,74.6,72.2,1239.344
1730,上市,51.4,51.4,17.346
1731,上市,20.95,21.1,4555.279
1732,上市,27.0,27.2,353.795
1733,上市,31.85,32.0,108.997
1734,上市,31.7,31.8,120.51
1735,上市,20.5,20.5,113.032
1736,上市,140.5,137.0,991.215
1737,上市,31.8,31.9,627.777
1752,上市,31.95,32.0,51.327
1760,上市,59.3,59.1,102.557
1762,上市,34.5,35.75,727.224
1773,上市,158.5,155.0,513.1
1776,上市,17.15,17.0,72.075
1783,上市,40.75,40.4,30.072
1786,上市,49.65,49.8,137.417
1789,上市,18.75,18.9,676.532
1795,上市,188.5,188.0,881.093
1802,上市,54.5,53.1,22313.867
1805,上市,10.0,9.98,101.173
1806,上市,8.0,7.98,198.859
1808,上市,31.85,33.05,1602.809
1809,上市,38.4,37.3,1217.493
1810,上市,24.45,24.6,3585.075
1817,上市,38.6,38.3,20.403
1903,上市,46.9,47.4,90.874
1904,上市,22.3,22.8,3990.644
1905,上市,13.45,13.25,1654.344
1906,上市,11.1,10.95,57.776
1907,上市,30.45,30.85,2330.2
1909,上市,10.0,10.0,3963.369
2002,上市,19.05,19.05,28960.1
2002A,上市,37.45,37.45,6.188
2006,上市,85.6,88.5,7445.964
2007,上市,7.04,7.05,345.425
2008,上市,30.55,30.7,11.259
2009,上市,39.6,39.9,4460.274
2010,上市,22.1,22.95,5800.301
2012,上市,15.15,15.05,41.639
2013,上市,40.65,41.3,209.131
2014,上市,17.1,17.65,8370.744
2015,上市,65.4,65.8,212.436
2017,上市,9.04,8.9,406.367
2020,上市,21.2,21.55,648.655
2022,上市,7.67,7.7,649.2
2023,上市,13.8,13.8,468.828
2024,上市,13.6,13.6,6.028
2025,上市,11.95,12.15,267.883
2027,上市,45.95,46.6,16824.504
2028,上市,15.3,15.4,193.509
2029,上市,20.4,20.7,322.501
2030,上市,18.0,18.6,1707.041
2031,上市,42.8,45.0,10470.044
2032,上市,16.75,16.95,899.598
2033,上市,16.1,17.0,7604.77
2034,上市,19.1,20.1,4762.853
2038,上市,12.75,12.8,447.968
2049,上市,370.0,387.0,17347.288
2059,上市,11110.0,11110.0,361.895
2062,上市,18.7,18.7,138.846
2069,上市,20.0,19.6,1241.116
2072,上市,153.5,154.0,590.612
2101,上市,34.45,35.5,3926.728
2102,上市,18.7,18.65,330.534
2103,上市,25.0,25.0,4122.539
2104,上市,9.9,9.98,3328.053
2105,上市,31.1,31.4,5956.426
2106,上市,18.05,18.05,909.411
2107,上市,25.55,25.4,139.525
2108,上市,27.7,28.7,2864.341
2109,上市,14.45,14.45,63.656
2114,上市,87.0,87.7,24.001
2115,上市,22.35,22.55,103.854
2201,上市,27.5,27.25,2648.833
2204,上市,50.9,50.8,2540.973
2206,上市,61.1,62.0,363.103
2207,上市,514.0,516.0,236.233
2208,上市,19.05,18.85,1433.818
2211,上市,86.5,88.1,961.53
2227,上市,49.5,49.4,14.024
2228,上市,77.4,76.1,187.648
2231,上市,101.0,98.8,677.385
2233,上市,205.5,201.0,1582.336
2236,上市,135.0,131.0,289.983
2239,上市,19.15,19.65,128.501
2241,上市,34.5,32.65,1306.202
2243,上市,43.55,40.05,448.12
2247,上市,228.0,228.5,71.517
2248,上市,58.3,58.5,33.222
2250,上市,60.4,59.7,54.227
2254,上市,0.0,0.0,0.0
2258,上市,29.85,29.85,396.6
2301,上市,256.0,247.0,33004.584
2302,上市,43.2,42.9,3186.253
2303,上市,121.5,116.0,169352.784
2305,上市,26.55,26.5,10522.676
2308,上市,1700.0,1650.0,10432.12
2312,上市,32.0,31.3,7021.857
2313,上市,222.0,208.5,31604.353
2314,上市,12.15,12.15,60.695
2316,上市,163.5,159.5,1769.366
2317,上市,265.5,260.0,38813.488
2321,上市,14.75,15.3,6.218
2323,上市,10.35,10.25,2847.268
2324,上市,37.5,36.55,30472.602
2327,上市,560.0,540.0,44277.453
2328,上市,45.25,45.15,6137.954
2329,上市,44.1,44.0,1881.113
2330,上市,2390.0,2370.0,24414.025
2331,上市,19.55,19.8,1506.343
2332,上市,22.55,22.15,25330.879
2337,上市,130.5,121.5,112161.182
2338,上市,39.65,38.9,816.661
2340,上市,32.65,31.75,2400.063
2342,上市,37.5,36.35,1134.345
2344,上市,170.0,163.5,176709.453
2345,上市,2395.0,2215.0,4227.407
2347,上市,92.9,93.4,5127.09
2348,上市,70.0,71.4,745.688
2348A,上市,37.25,37.75,56.257
2349,上市,10.85,10.95,961.85
2351,上市,179.0,170.0,4695.348
2352,上市,29.15,28.3,5841.322
2353,上市,30.85,30.25,22172.266
2354,上市,62.7,61.8,81425.427
2355,上市,41.4,40.45,2235.234
2356,上市,65.5,64.0,14275.463
2357,上市,816.0,817.0,4616.536
2359,上市,142.5,143.5,8863.639
2360,上市,2070.0,2030.0,3166.068
2362,上市,50.7,50.5,4212.114
2363,上市,54.5,53.7,7685.807
2364,上市,71.8,72.0,419.145
2365,上市,30.55,30.25,1813.546
2367,上市,42.5,41.4,4831.537
2368,上市,985.0,982.0,12352.014
2369,上市,34.5,33.1,6626.336
2371,上市,25.5,25.95,6981.182
2373,上市,53.3,53.3,11.125
2374,上市,71.1,70.0,3509.122
2375,上市,122.5,117.5,2430.512
2376,上市,348.5,344.0,5232.862
2377,上市,154.0,153.0,10969.717
2379,上市,737.0,750.0,3482.12
2380,上市,19.3,19.0,50.083
2382,上市,305.0,298.0,17516.962
2383,上市,5400.0,5240.0,1362.847
2385,上市,103.5,101.5,4319.667
2387,上市,37.95,38.4,302.567
2388,上市,79.4,77.9,4537.747
2390,上市,10.6,10.55,326.89
2392,上市,37.4,36.95,1207.989
2393,上市,60.8,60.9,1542.756
2395,上市,621.0,634.0,6309.278
2397,上市,62.5,66.2,1951.114
2399,上市,42.0,42.55,7066.678
2401,上市,27.35,27.05,1826.789
2402,上市,54.7,54.1,1282.585
2404,上市,1170.0,1150.0,1105.348
2405,上市,16.3,16.3,780.879
2406,上市,32.15,31.35,3985.203
2408,上市,456.5,457.0,70547.66
2409,上市,24.55,24.55,145598.796
2412,上市,137.0,137.5,6922.457
2413,上市,43.4,40.8,1060.274
2414,上市,55.8,55.7,619.881
2415,上市,31.9,31.55,179.12
2417,上市,42.1,42.95,2443.444
2419,上市,24.5,24.2,283.799
2420,上市,56.3,55.3,546.061
2421,上市,153.5,151.5,6064.192
2423,上市,74.8,76.5,86.56
2424,上市,8.63,8.63,1.0
2425,上市,48.2,52.9,14481.029
2426,上市,63.2,67.8,16804.94
2427,上市,21.9,21.8,445.639
2428,上市,235.0,224.5,589.857
2429,上市,31.2,30.95,371.052
2430,上市,16.75,17.1,154.754
2431,上市,10.35,10.5,133.387
2432,上市,28.7,28.1,37.03
2433,上市,41.65,41.95,22.532
2434,上市,56.6,53.2,595.516
2436,上市,61.9,61.6,6022.96
2438,上市,17.55,17.3,30.562
2439,上市,80.7,80.2,1186.708
2440,上市,15.15,15.25,153.026
2441,上市,121.5,117.5,6430.73
2442,上市,19.0,19.4,1215.618
2444,上市,10.8,10.9,130.507
2449,上市,247.0,242.0,14953.349
2450,上市,28.3,28.3,145.334
2451,上市,295.0,297.0,9750.484
2453,上市,53.0,52.8,121.483
2454,上市,3990.0,3900.0,6607.003
2455,上市,378.0,364.0,14692.107
2457,上市,23.4,22.95,968.275
2458,上市,148.0,141.5,6390.651
2459,上市,64.8,65.2,139.641
2460,上市,30.0,30.25,384.811
2461,上市,16.7,17.35,958.297
2462,上市,19.6,19.45,120.897
2464,上市,180.0,173.5,26469.381
2465,上市,85.5,85.1,1499.084
2466,上市,97.3,91.4,1093.186
2467,上市,523.0,500.0,819.761
2468,上市,34.75,34.6,171.343
2471,上市,48.4,48.4,74.298
2472,上市,238.0,229.5,2175.626
2474,上市,187.0,187.5,1949.061
2476,上市,125.5,125.5,1042.657
2477,上市,21.85,22.35,333.082
2478,上市,120.0,114.0,2999.45
2480,上市,156.0,156.5,300.493
2481,上市,139.0,133.0,17378.333
2482,上市,16.2,16.2,114.582
2483,上市,38.25,35.45,1913.902
2484,上市,72.8,71.7,18377.997
2485,上市,41.35,40.5,4717.178
2486,上市,224.5,231.0,6855.908
2488,上市,48.45,49.0,73.293
2489,上市,32.15,30.85,11665.574
2491,上市,33.6,31.75,1365.733
2492,上市,254.5,251.0,11332.617
2493,上市,218.0,215.0,3314.76
2495,上市,37.5,36.85,2837.296
2496,上市,59.2,59.2,37.604
2497,上市,49.15,47.5,765.098
2498,上市,40.5,39.9,3171.748
2501,上市,22.05,22.05,1165.816
2504,上市,30.4,30.75,5604.015
2505,上市,17.75,18.0,340.193
2506,上市,8.56,8.6,232.731
2509,上市,12.95,13.0,68.038
2511,上市,8.26,8.35,643.827
2514,上市,12.15,12.25,153.893
2515,上市,11.8,11.95,4319.311
2516,上市,14.0,14.05,54.34
2520,上市,34.1,34.7,1583.12
2524,上市,34.0,34.15,70.616
2527,上市,45.9,47.1,1596.266
2528,上市,20.6,20.6,505.707
2530,上市,19.25,19.45,410.266
2534,上市,16.95,17.05,147.781
2535,上市,93.0,90.1,464.31
2536,上市,18.8,19.4,2136.463
2537,上市,11.0,11.05,638.748
2538,上市,9.15,9.16,216.362
2539,上市,43.4,43.3,790.828
2540,上市,54.5,54.9,1690.915
2542,上市,44.1,44.3,4880.957
2543,上市,37.5,39.25,2681.346
2545,上市,31.75,32.15,322.176
2546,上市,101.0,99.1,436.559
2547,上市,10.4,10.65,3901.027
2548,上市,95.8,94.4,1959.382
2597,上市,164.0,166.0,151.186
2601,上市,6.27,6.25,1196.586
2603,上市,205.5,207.5,6028.826
2605,上市,32.0,32.55,4781.393
2606,上市,64.3,67.5,8539.793
2607,上市,47.2,47.9,462.954
2608,上市,28.65,28.65,204.152
2609,上市,50.8,50.5,9901.509
2610,上市,22.05,22.5,30516.637
2611,上市,13.5,13.95,469.662
2612,上市,54.4,55.0,402.711
2613,上市,20.3,20.4,157.029
2614,上市,17.95,18.05,421.387
2615,上市,84.6,84.9,3867.951
2616,上市,13.3,13.3,160.884
2617,上市,29.2,28.9,903.15
2618,上市,43.2,44.4,37423.508
2630,上市,49.0,48.2,1421.51
2633,上市,25.85,25.8,2779.533
2634,上市,61.6,61.7,13782.539
2636,上市,64.6,65.2,162.701
2637,上市,85.8,87.9,3855.091
2642,上市,20.45,20.3,39.072
2645,上市,195.0,193.0,1156.022
2646,上市,21.15,21.3,2416.999
2701,上市,10.55,10.65,16.634
2702,上市,12.6,12.45,71.357
2704,上市,45.6,45.85,57.43
2705,上市,16.1,16.2,90.101
2706,上市,12.45,12.45,67.995
2707,上市,177.5,179.5,175.261
2712,上市,0.0,0.0,0.0
2722,上市,22.25,21.9,24.487
2723,上市,61.1,62.1,183.314
2727,上市,227.0,236.0,1627.419
2731,上市,145.5,145.0,614.037
2739,上市,34.25,34.2,70.67
2748,上市,38.05,38.35,80.039
2753,上市,179.5,181.0,234.178
2762,上市,83.2,82.5,11.932
2801,上市,23.2,23.15,18173.246
2812,上市,18.55,18.65,13049.111
2816,上市,33.9,34.0,172.583
2820,上市,16.4,16.35,1392.759
2832,上市,57.9,58.6,107.945
2834,上市,16.55,16.5,31569.522
2836,上市,11.85,11.85,983.111
2836A,上市,0.0,0.0,0.0
2838,上市,20.45,20.6,1162.575
2838A,上市,51.9,51.9,33.27
2845,上市,13.15,13.2,4511.046
2849,上市,14.35,14.5,156.96
2850,上市,155.5,163.0,318.591
2851,上市,34.85,35.45,1108.882
2852,上市,26.6,26.85,387.707
2855,上市,45.0,44.5,2908.338
2867,上市,9.77,9.81,11713.115
2880,上市,44.15,44.4,24856.176
2881,上市,127.0,127.0,10827.608
2881A,上市,62.1,61.8,78.819
2881B,上市,60.6,60.6,33.275
2881C,上市,51.5,51.5,20.699
2882,上市,99.4,99.4,14079.089
2882A,上市,60.2,60.3,48.248
2882B,上市,58.9,59.0,64.437
2883,上市,30.5,30.85,26940.173
2883B,上市,8.15,8.15,1011.727
2884,上市,37.8,38.15,17374.284
2885,上市,68.6,67.7,13749.095
2886,上市,51.2,50.9,22565.91
2887,上市,35.4,35.15,31040.68
2887E,上市,48.7,48.75,203.198
2887F,上市,45.8,45.8,34.301
2887G,上市,43.75,43.75,31.304
2887H,上市,41.85,41.7,124.684
2887I,上市,9.51,9.51,2777.659
2887Z1,上市,19.0,18.9,39.417
2889,上市,15.25,15.3,3382.348
2890,上市,39.05,38.95,8967.206
2891,上市,65.7,65.6,16259.888
2891B,上市,62.7,62.6,25.133
2891C,上市,61.8,61.9,4.862
2892,上市,35.85,35.55,32436.418
2897,上市,10.15,10.15,1977.642
2897B,上市,11.55,11.5,15.08
2901,上市,24.0,24.0,1.218
2903,上市,21.85,22.0,1280.932
2904,上市,13.2,13.2,15.945
2905,上市,16.15,16.4,538.637
2906,上市,13.0,13.15,65.953
2908,上市,21.7,21.5,74.349
2910,上市,24.45,24.25,26.016
2911,上市,6.81,6.8,99.062
2912,上市,221.5,221.0,2382.453
2913,上市,10.9,11.0,2396.165
2915,上市,51.7,51.9,1508.133
2923,上市,28.5,27.2,137.886
2929,上市,5.6,5.52,66.803
2939,上市,18.4,18.9,14.002
2945,上市,41.0,41.7,11.27
3002,上市,16.65,16.55,109.079
3003,上市,60.5,62.5,627.51
3004,上市,129.0,124.0,719.457
3005,上市,115.5,115.0,2580.913
3006,上市,255.0,256.5,19500.692
3008,上市,4605.0,4385.0,1666.019
3010,上市,121.0,120.5,830.676
3011,上市,11.5,11.65,840.614
3013,上市,87.0,85.1,1077.26
3014,上市,131.5,135.0,5383.879
3015,上市,57.0,54.8,549.584
3016,上市,103.5,98.0,4023.316
3017,上市,2935.0,2785.0,4140.36
3018,上市,15.0,14.25,58.565
3019,上市,131.5,129.5,2222.849
3021,上市,20.75,20.7,160.432
3022,上市,101.0,103.0,6864.806
3023,上市,320.0,318.0,1721.334
3024,上市,12.6,12.7,1303.519
3025,上市,54.5,53.5,435.511
3026,上市,595.0,535.0,1934.185
3027,上市,18.5,18.6,134.597
3028,上市,69.7,65.9,4065.033
3029,上市,112.0,109.5,1676.858
3030,上市,298.0,290.0,1049.36
3031,上市,22.8,22.7,430.448
3032,上市,84.4,82.2,545.229
3033,上市,48.3,47.05,3661.206
3034,上市,541.0,542.0,3483.829
3035,上市,172.0,172.0,3306.574
3036,上市,218.5,211.5,42344.213
3037,上市,986.0,955.0,21596.279
3038,上市,20.95,20.8,249.718
3040,上市,38.5,38.45,89.772
3041,上市,22.7,22.5,372.155
3042,上市,176.0,168.0,12009.655
3043,上市,20.0,19.95,44.605
3044,上市,401.5,394.0,2043.936
3045,上市,110.5,111.5,7046.434
3046,上市,56.7,56.7,759.083
3047,上市,14.65,14.4,293.145
3048,上市,60.8,57.5,8879.895
3049,上市,10.8,10.65,1713.743
3050,上市,11.25,11.25,337.563
3051,上市,23.3,22.9,513.095
3052,上市,10.6,10.7,131.247
3054,上市,50.0,50.2,43.141
3055,上市,113.0,103.5,330.716
3056,上市,14.0,14.1,620.217
3057,上市,16.0,15.4,113.674
3058,上市,8.2,8.16,219.823
3059,上市,40.75,40.15,1614.955
3060,上市,29.2,29.0,735.141
3062,上市,20.75,20.3,1123.62
3090,上市,156.5,150.5,8732.569
3092,上市,24.7,23.7,69.298
3094,上市,35.3,34.85,779.579
3130,上市,203.5,203.5,55.907
3135,上市,169.0,168.0,3711.39
3138,上市,97.3,95.6,178.507
3149,上市,63.4,62.8,8334.657
3150,上市,16.7,16.65,49.054
3164,上市,16.2,16.4,33.749
3167,上市,725.0,691.0,418.52
3168,上市,42.85,42.45,3.183
3189,上市,848.0,823.0,16107.601
3209,上市,59.0,57.6,1308.96
3229,上市,46.0,46.55,602.694
3231,上市,188.0,183.5,65415.961
3257,上市,52.1,50.0,330.672
3266,上市,13.75,13.9,12.116
3296,上市,23.2,23.0,22.972
3305,上市,115.5,112.5,1609.46
3308,上市,20.25,19.65,24.386
3311,上市,32.4,32.2,101.461
3312,上市,47.7,48.0,638.112
3321,上市,20.05,19.1,510.468
3338,上市,65.4,64.0,331.111
3346,上市,20.95,20.8,323.819
3356,上市,56.2,55.8,230.131
3376,上市,188.5,184.5,1231.219
3380,上市,28.7,27.95,1430.328
3406,上市,551.0,546.0,2810.449
3413,上市,317.0,309.0,2308.011
3416,上市,186.0,191.0,1333.829
3419,上市,11.8,12.0,241.412
3432,上市,16.3,15.9,29.132
3437,上市,17.8,17.4,248.574
3443,上市,4505.0,4545.0,1913.717
3447,上市,28.85,28.25,153.102
3450,上市,491.5,477.0,17016.899
3481,上市,49.7,47.55,270860.32
3494,上市,6.95,7.05,54.484
3501,上市,38.55,38.4,54.55
3504,上市,75.6,73.6,2484.888
3515,上市,212.5,212.5,922.807
3518,上市,26.05,28.15,723.57
3528,上市,91.2,89.2,369.36
3530,上市,54.2,54.0,195.056
3532,上市,316.0,312.5,308.177
3533,上市,1970.0,1910.0,906.585
3535,上市,87.3,85.2,538.352
3543,上市,36.6,36.0,5070.119
3545,上市,50.6,50.4,452.676
3550,上市,23.0,24.55,4621.302
3557,上市,26.9,26.15,50.576
3563,上市,687.0,655.0,481.698
3576,上市,17.3,16.95,7848.59
3583,上市,739.0,693.0,1080.436
3588,上市,54.0,54.3,363.187
3591,上市,21.6,21.2,775.891
3592,上市,242.5,244.5,527.661
3593,上市,12.05,12.5,6.008
3596,上市,184.0,178.5,995.581
3605,上市,108.0,107.5,11193.035
3607,上市,14.25,14.3,245.085
3617,上市,229.5,232.0,565.371
3622,上市,54.2,54.4,302.093
3645,上市,70.2,68.4,739.631
3652,上市,36.25,33.9,1863.677
3653,上市,4595.0,4380.0,1730.866
3661,上市,3665.0,3715.0,2277.767
3665,上市,2300.0,2200.0,5516.384
3669,上市,38.85,38.35,302.979
3673,上市,62.4,60.4,4122.298
3679,上市,110.0,110.5,15.812
3686,上市,14.65,14.7,66.792
3694,上市,56.7,55.6,3197.181
3701,上市,43.5,42.55,5155.474
3702,上市,126.5,122.5,9985.739
3703,上市,20.35,20.4,1449.18
3704,上市,47.15,45.85,2565.681
3705,上市,53.4,53.5,121.872
3706,上市,93.5,91.7,9729.538
3708,上市,97.5,96.0,346.391
3711,上市,605.0,585.0,13050.125
3712,上市,20.3,20.35,551.128
3714,上市,57.8,59.4,10408.492
3715,上市,116.0,114.5,5593.699
3716,上市,35.2,34.95,1832.262
3717,上市,24.8,24.05,10508.699
4104,上市,69.7,70.4,132.194
4106,上市,24.9,24.6,481.364
4108,上市,11.05,11.15,155.384
4119,上市,48.3,51.6,475.801
4133,上市,21.35,21.2,115.196
4137,上市,94.9,95.6,101.38
4142,上市,17.15,17.7,2200.96
4148,上市,30.5,30.3,57.227
4155,上市,14.4,14.5,238.719
4164,上市,25.85,26.1,527.632
4169,上市,160.0,157.0,161.4
4178,上市,18.9,18.4,141.837
4190,上市,25.1,25.5,4.317
4195,上市,15.4,15.35,57.446
4306,上市,14.5,14.45,408.228
4414,上市,8.25,8.32,185.507
4426,上市,8.05,7.9,83.527
4438,上市,60.2,59.7,101.57
4439,上市,102.5,104.0,51.335
4440,上市,17.45,17.45,7.238
4441,上市,192.5,190.5,113.099
4526,上市,30.45,29.95,1396.55
4532,上市,24.75,24.5,684.737
4536,上市,167.0,170.0,319.246
4540,上市,55.5,60.0,13004.988
4545,上市,34.3,32.75,72.254
4551,上市,173.5,167.5,1258.259
4552,上市,17.55,17.7,150.621
4555,上市,50.6,46.75,1273.407
4557,上市,48.9,48.55,68.41
4560,上市,31.7,32.1,325.103
4562,上市,32.1,32.6,1384.42
4564,上市,16.2,16.05,616.948
4566,上市,69.8,76.3,9812.354
4569,上市,168.0,165.0,37.558
4571,上市,170.5,171.5,1180.974
4572,上市,140.0,141.5,23.402
4576,上市,222.5,218.0,7920.499
4581,上市,51.3,50.5,19.246
4582,上市,28.65,29.0,174.826
4583,上市,501.0,503.0,146.26
4585,上市,303.0,308.5,1129.968
4588,上市,51.6,51.3,41.714
4590,上市,81.6,83.1,372.778
4720,上市,19.7,19.35,370.04
4722,上市,230.0,232.0,1407.578
4736,上市,129.5,130.5,126.871
4737,上市,54.3,55.0,29.321
4739,上市,88.4,84.2,3447.629
4746,上市,52.9,54.0,930.523
4755,上市,115.0,114.5,117.097
4763,上市,50.0,49.9,13796.15
4764,上市,259.0,236.5,2559.361
4766,上市,322.0,326.5,359.897
4770,上市,212.5,216.5,231.156
4771,上市,197.0,202.5,385.723
4807,上市,33.95,33.5,176.387
4904,上市,101.5,103.0,6077.516
4906,上市,35.4,33.95,4808.875
4912,上市,91.5,89.0,275.91
4915,上市,61.9,59.5,8765.149
4916,上市,108.0,108.0,5054.76
4919,上市,123.0,120.0,5534.364
4927,上市,35.4,33.0,8605.173
4930,上市,16.3,16.05,18.82
4934,上市,14.25,14.15,430.882
4935,上市,34.95,34.8,28.252
4938,上市,88.0,87.1,5250.622
4942,上市,33.9,34.4,89.293
4943,上市,8.53,8.75,17.708
4949,上市,67.5,66.8,218.547
4952,上市,49.3,50.5,530.657
4956,上市,33.7,31.1,2543.276
4958,上市,494.5,473.0,33166.518
4960,上市,20.9,20.45,1390.349
4961,上市,170.5,172.5,1495.762
4967,上市,284.0,280.0,8542.248
4968,上市,98.1,95.2,580.61
4976,上市,36.55,36.25,3029.994
4977,上市,136.0,133.5,2134.747
4989,上市,67.7,65.7,6068.562
4994,上市,86.7,87.2,21.156
4999,上市,18.35,18.35,79.43
5007,上市,56.1,56.1,22.163
5203,上市,66.9,66.6,116.122
5215,上市,38.1,37.85,94.29
5222,上市,112.5,112.5,197.985
5225,上市,75.0,74.1,278.814
5234,上市,336.0,326.0,149.691
5236,上市,145.5,142.5,126.389
5243,上市,89.3,87.1,987.61
5244,上市,33.45,33.15,168.08
5258,上市,52.7,51.8,271.691
5269,上市,1415.0,1400.0,559.63
5283,上市,54.1,54.0,25.582
5284,上市,305.0,297.0,375.736
5285,上市,78.9,77.1,550.046
5288,上市,188.5,192.5,257.07
5292,上市,171.5,172.0,108.011
5306,上市,93.1,94.7,205.684
5388,上市,94.6,91.4,5068.086
5434,上市,507.0,499.0,776.294
5469,上市,71.2,71.4,2323.771
5471,上市,54.8,54.8,1616.865
5484,上市,41.85,44.8,984.66
5515,上市,42.65,43.25,664.266
5519,上市,27.75,27.95,153.321
5521,上市,10.2,10.15,1503.578
5522,上市,64.0,64.1,3062.925
5525,上市,21.5,22.05,110.062
5531,上市,7.65,7.71,270.126
5533,上市,13.9,13.9,312.467
5534,上市,77.7,78.4,298.914
5538,上市,34.7,35.4,1123.837
5546,上市,13.2,14.0,37.997
5607,上市,48.65,48.95,205.372
5608,上市,13.3,13.25,716.003
5706,上市,45.05,45.35,190.065
5871,上市,109.5,109.0,2478.623
5871A,上市,99.9,99.8,147.1
5876,上市,43.25,43.45,3775.692
5880,上市,26.1,26.2,15150.397
5906,上市,0.0,0.0,0.0
5907,上市,4.86,4.9,152.932
6005,上市,34.45,33.85,12261.562
6024,上市,59.0,59.9,254.237
6108,上市,18.15,18.9,1068.626
6112,上市,45.25,45.9,1131.865
6115,上市,45.1,45.3,258.956
6116,上市,14.05,13.55,68399.088
6117,上市,65.9,65.9,238.222
6120,上市,13.55,13.45,980.256
6128,上市,20.2,20.0,101.55
6133,上市,21.15,21.3,423.141
6136,上市,24.95,24.4,66.011
6139,上市,821.0,802.0,3538.975
6141,上市,34.4,34.1,860.566
6142,上市,9.49,9.52,354.39
6152,上市,13.05,13.05,859.205
6153,上市,16.45,16.4,5065.839
6155,上市,55.0,53.3,1067.871
6164,上市,11.9,11.75,385.55
6165,上市,49.5,50.6,418.119
6166,上市,145.5,141.0,5229.913
6168,上市,24.8,24.2,919.54
6176,上市,84.4,83.4,3951.137
6177,上市,47.95,48.8,2409.491
6183,上市,91.4,91.8,33.274
6184,上市,42.1,42.1,50.482
6189,上市,49.25,48.6,411.323
6191,上市,84.9,83.5,1716.714
6192,上市,114.0,115.5,129.829
6196,上市,506.0,493.5,1712.469
6197,上市,307.0,293.5,3762.119
6201,上市,45.9,45.5,26.966
6202,上市,58.9,59.9,3023.362
6205,上市,60.1,59.9,237.511
6206,上市,145.0,144.0,2180.669
6209,上市,76.7,74.3,8133.243
6213,上市,384.5,389.0,50764.82
6214,上市,145.0,146.5,1516.254
6215,上市,99.5,99.0,3191.786
6216,上市,22.0,21.9,139.355
6224,上市,56.5,55.0,188.083
6225,上市,26.9,25.95,140.287
6226,上市,22.75,22.05,25684.773
6230,上市,114.5,109.0,71.181
6235,上市,39.05,39.3,395.823
6239,上市,264.5,262.5,20714.928
6243,上市,45.3,47.9,4409.429
6257,上市,208.0,199.5,4188.844
6269,上市,64.5,66.6,16400.299
6271,上市,191.0,193.5,11520.721
6272,上市,25.2,24.25,90.701
6277,上市,75.8,79.2,490.264
6278,上市,163.0,156.0,3986.138
6281,上市,51.4,51.3,59.551
6282,上市,48.4,47.15,7479.341
6283,上市,19.95,20.25,77.339
6285,上市,248.5,233.0,8008.461
6405,上市,39.25,38.35,383.466
6409,上市,1015.0,1015.0,690.125
6412,上市,79.3,78.2,738.958
6414,上市,467.5,474.0,2327.511
6415,上市,446.0,441.5,2706.351
6416,上市,102.0,103.0,586.914
6426,上市,191.5,205.5,2777.687
6431,上市,19.8,18.95,83.125
6438,上市,148.0,145.0,211.593
6442,上市,1405.0,1325.0,2465.058
6443,上市,26.95,26.0,2511.622
6446,上市,1285.0,1240.0,3199.469
6449,上市,241.0,225.5,1063.218
6451,上市,452.0,421.0,7327.625
6456,上市,60.0,61.5,2968.059
6464,上市,77.0,78.0,32.049
6472,上市,416.5,417.5,779.66
6477,上市,35.2,34.05,855.474
6491,上市,369.5,373.0,750.774
6504,上市,39.4,38.7,22.228
6505,上市,70.1,71.0,41571.771
6515,上市,6930.0,6760.0,452.198
6525,上市,143.5,135.5,2909.008
6526,上市,637.0,625.0,519.335
6531,上市,969.0,951.0,2226.625
6533,上市,228.0,256.0,4496.904
6534,上市,93.9,95.3,197.906
6541,上市,37.9,38.05,170.933
6550,上市,11.05,11.1,477.865
6552,上市,25.2,24.4,111.44
6558,上市,26.05,25.8,231.763
6573,上市,17.4,17.2,193.256
6579,上市,173.0,171.5,941.542
6581,上市,107.0,108.0,19.957
6582,上市,31.65,31.8,101.63
6585,上市,117.0,115.5,379.793
6589,上市,48.0,48.2,465.64
6591,上市,45.0,44.7,108.842
6592,上市,59.5,60.7,478.397
6592A,上市,95.7,95.3,11.905
6592B,上市,94.8,94.8,47.176
6598,上市,30.8,28.8,641.121
6605,上市,138.0,141.0,630.02
6606,上市,26.0,25.9,65.12
6614,上市,36.3,36.25,71.155
6625,上市,77.5,78.3,158.544
6641,上市,18.2,18.0,7.015
6645,上市,13.65,13.6,2.01
6655,上市,117.0,117.0,4.24
6657,上市,31.15,31.2,89.308
6658,上市,156.0,153.0,413.01
6666,上市,42.95,42.5,23.215
6668,上市,34.7,34.4,433.426
6669,上市,6155.0,6100.0,1427.158
6670,上市,264.5,268.0,309.389
6671,上市,22.85,22.75,6.025
6672,上市,232.5,229.0,2541.547
6674,上市,15.2,15.25,14.246
6689,上市,61.6,61.6,188.371
6691,上市,725.0,735.0,1091.822
6695,上市,49.95,49.8,310.382
6698,上市,34.5,34.15,107.208
6706,上市,112.0,109.0,1361.91
6715,上市,358.5,333.5,486.212
6719,上市,213.5,213.5,777.807
6722,上市,32.8,32.85,22.452
6742,上市,44.5,43.15,213.316
6743,上市,25.35,24.95,329.797
6753,上市,132.0,135.0,1276.567
6754,上市,42.5,42.45,5.127
6756,上市,102.0,99.5,237.091
6757,上市,55.9,57.4,1217.052
6768,上市,66.8,66.8,540.94
6770,上市,67.5,65.5,218297.117
6771,上市,38.0,38.05,8.0
6776,上市,53.5,53.8,164.403
6781,上市,1115.0,1145.0,2633.73
6782,上市,205.0,218.0,1178.774
6789,上市,453.0,417.0,2925.154
6790,上市,38.15,38.35,46.159
6792,上市,56.5,56.5,58.61
6794,上市,74.7,74.4,33.0
6796,上市,56.4,56.3,19.184
6799,上市,90.1,86.3,667.52
6805,上市,1790.0,1670.0,3125.359
6807,上市,36.6,37.35,19.55
6830,上市,418.0,398.0,2083.589
6831,上市,695.0,637.0,1700.879
6834,上市,92.1,87.9,1425.661
6835,上市,30.85,30.9,45.051
6838,上市,23.25,23.2,95.158
6854,上市,96.9,96.8,222.359
6861,上市,209.5,207.0,264.722
6862,上市,147.5,146.0,133.785
6863,上市,130.5,130.5,278.153
6869,上市,68.3,68.0,447.979
6873,上市,78.4,77.7,388.053
6885,上市,20.85,21.1,110.166
6887,上市,37.5,36.9,65.0
6890,上市,170.0,173.0,192.343
6901,上市,17.5,17.95,3162.584
6902,上市,123.0,120.5,41.926
6906,上市,72.9,71.2,50.37
6908,上市,33.6,32.3,9.724
6909,上市,41.0,40.7,189.748
6914,上市,147.0,147.5,40.042
6916,上市,18.2,18.2,20.156
6918,上市,71.5,70.5,14.389
6919,上市,107.5,105.0,2996.87
6921,上市,65.5,64.7,52.0
6923,上市,73.6,75.6,104.22
6924,上市,112.0,110.0,19.216
6928,上市,48.4,47.75,84.298
6931,上市,37.3,37.95,34.445
6933,上市,168.0,164.5,548.182
6934,上市,73.0,72.3,58.0
6936,上市,32.15,31.9,17.107
6937,上市,259.0,246.0,424.334
6944,上市,787.0,771.0,454.013
6947,上市,81.6,80.6,504.301
6949,上市,998.0,943.0,237.749
6951,上市,71.0,70.8,8.361
6952,上市,37.0,38.35,55.904
6955,上市,122.0,122.0,1.41
6957,上市,209.0,208.0,34.606
6958,上市,18.4,18.35,17.157
6958A,上市,18.95,18.95,3.0
6962,上市,31.5,31.05,885.308
6965,上市,76.4,77.3,18.61
6969,上市,38.25,35.5,220.105
6988,上市,13.4,12.65,12.001
6994,上市,36.45,36.1,705.587
7610,上市,1750.0,1850.0,342.028
7631,上市,135.0,131.5,14.198
7689,上市,162.5,164.0,185.225
7705,上市,31.1,30.9,20.372
7711,上市,397.5,375.0,2470.695
7721,上市,61.8,62.0,51.564
7722,上市,276.5,301.5,340.97
7730,上市,161.5,153.0,34.037
7732,上市,35.6,35.35,28.0
7736,上市,70.0,69.9,5.255
7740,上市,154.5,161.0,293.304
7749,上市,349.0,344.0,83.155
7750,上市,2400.0,2330.0,465.933
7760,上市,33.0,33.1,5.772
7765,上市,227.0,226.5,106.997
7768,上市,260.0,257.0,52.603
7769,上市,6635.0,6320.0,539.488
7780,上市,16.7,16.75,659.287
7786,上市,123.5,127.0,269.872
7788,上市,223.0,235.0,2820.508
7791,上市,59.5,59.6,15.142
7795,上市,463.0,428.5,3471.955
7799,上市,361.0,355.0,151.078
7803,上市,22.65,19.8,37.1
7818,上市,61.8,61.6,71.807
7821,上市,40.8,40.6,186.846
7822,上市,867.0,850.0,91.673
7823,上市,85.1,85.1,32.565
7827,上市,156.0,156.0,328.362
7835,上市,25.5,27.3,84.657
8011,上市,16.4,16.3,321.805
8016,上市,315.0,310.5,2487.469
8021,上市,420.0,395.0,6925.065
8028,上市,277.0,254.0,5896.528
8033,上市,190.0,185.0,601.074
8039,上市,230.5,237.5,7221.614
8045,上市,54.8,53.5,64.309
8046,上市,1125.0,1080.0,4069.277
8070,上市,47.55,47.35,2352.867
8072,上市,26.5,26.1,82.618
8081,上市,257.5,256.0,689.399
8101,上市,0.0,0.0,0.154
8103,上市,84.5,78.7,2063.981
8104,上市,31.45,30.9,320.997
8105,上市,16.5,16.4,1344.149
8110,上市,46.0,45.3,4778.175
8112,上市,89.9,91.2,22269.743
8112A,上市,45.0,45.0,70.247
8114,上市,225.5,225.5,1165.898
8131,上市,63.6,62.7,3536.665
8150,上市,87.3,86.3,32784.824
8162,上市,54.1,52.8,131.726
8163,上市,31.25,31.15,989.735
8201,上市,11.95,11.9,30.198
8210,上市,1180.0,1115.0,2484.937
8213,上市,30.4,30.3,224.334
8215,上市,24.1,24.5,465.205
8222,上市,36.55,37.65,651.593
8249,上市,42.3,41.3,288.835
8261,上市,183.0,172.0,6831.258
8271,上市,240.0,235.5,9432.917
8341,上市,75.5,76.0,211.172
8367,上市,40.0,40.05,41.613
8374,上市,80.8,80.9,872.914
8404,上市,16.15,16.2,194.058
8411,上市,12.9,12.8,125.959
8422,上市,26.15,26.3,6307.37
8429,上市,6.04,6.05,60.58
8438,上市,67.0,65.0,513.186
8442,上市,44.3,44.3,34.219
8443,上市,11.3,11.4,3.302
8454,上市,262.0,283.5,1055.068
8462,上市,165.0,168.5,207.886
8463,上市,20.9,20.8,125.081
8464,上市,381.0,381.0,907.726
8466,上市,16.85,16.65,9.0
8467,上市,95.4,96.5,6.022
8473,上市,41.75,40.9,681.012
8476,上市,21.0,20.5,562.509
8478,上市,152.5,151.5,264.356
8481,上市,40.5,40.5,1.705
8482,上市,48.75,48.8,2.01
8487,上市,72.0,72.9,20.286
8488,上市,10.35,10.05,284.0
8499,上市,250.5,258.0,32.549
8926,上市,63.7,62.0,5346.06
8940,上市,15.4,15.35,16.018
8996,上市,1080.0,1045.0,4580.949
9103,上市,5.24,5.28,691.065
910322,上市,22.95,22.95,7.181
9105,上市,8.2,8.08,8800.622
910861,上市,3.93,3.91,33.497
9110,上市,3.07,3.07,1.634
911608,上市,2.51,2.53,46.67
911622,上市,3.71,3.76,5.02
911868,上市,1.19,1.19,87.0
912000,上市,2.66,2.62,207.267
9136,上市,11.5,11.35,288.001
9802,上市,70.2,70.1,1098.738
9902,上市,13.6,13.65,36.805
9904,上市,23.75,23.9,17390.198
9905,上市,20.9,20.95,89.494
9906,上市,40.2,39.0,38.329
9907,上市,14.4,14.6,3505.833
9908,上市,29.1,29.15,76.367
9910,上市,69.7,69.5,754.232
9911,上市,82.1,82.6,180.549
9912,上市,12.3,12.4,27.861
9914,上市,79.0,80.8,1563.091
9917,上市,107.5,108.0,230.897
9918,上市,42.45,42.45,9.2
9919,上市,14.0,14.05,218.573
9921,上市,90.2,92.4,3053.827
9924,上市,38.55,39.05,200.164
9925,上市,40.05,40.05,300.887
9926,上市,49.1,49.3,6.163
9927,上市,69.0,69.4,79.157
9928,上市,18.1,18.2,32.141
9929,上市,11.3,11.45,5.009
9930,上市,62.0,62.3,228.955
9931,上市,33.65,33.7,12.038
9933,上市,36.85,37.75,2103.137
9934,上市,10.85,10.95,1740.61
9935,上市,20.0,20.1,1102.515
9937,上市,54.9,55.1,21.538
9938,上市,42.3,42.1,1396.868
9939,上市,142.5,144.5,3055.602
9940,上市,20.5,20.8,414.221
9941,上市,82.2,84.3,2167.231
9941A,上市,51.0,51.0,12.592
9942,上市,115.5,115.5,68.292
9943,上市,51.4,51.4,76.444
9944,上市,17.55,17.6,21.214
9945,上市,26.4,26.75,5745.157
9946,上市,17.8,17.95,139.476
9955,上市,23.6,23.9,331.455
9958,上市,110.5,113.5,3056.041
006201,上櫃,43.83,42.6,366.491
00679B,上櫃,26.46,26.41,18621.294
00687B,上櫃,27.55,27.49,10462.2
00687C,上櫃,9.08,9.08,25.0
00694B,上櫃,42.31,42.29,166.259
00695B,上櫃,35.33,35.23,119.614
00696B,上櫃,28.5,28.46,1944.059
00697B,上櫃,35.89,35.82,369.131
00719B,上櫃,31.47,31.45,1480.175
00720B,上櫃,32.42,32.36,3747.611
00722B,上櫃,34.75,34.69,2124.589
00723B,上櫃,29.92,29.85,230.414
00724B,上櫃,33.38,33.38,5449.046
00725B,上櫃,34.56,34.49,2712.08
00726B,上櫃,32.7,32.55,193.067
00727B,上櫃,39.74,39.75,114.82
00734B,上櫃,0.0,0.0,0.0
00740B,上櫃,38.14,38.07,731.712
00741B,上櫃,37.75,37.86,104.25
00746B,上櫃,34.97,35.01,1335.925
00749B,上櫃,31.24,31.24,101.0
00750B,上櫃,32.3,32.21,127.0
00751B,上櫃,30.93,30.92,5143.282
00754B,上櫃,32.46,32.43,135.475
00755B,上櫃,32.55,32.54,106.087
00756B,上櫃,31.37,31.35,274.281
00758B,上櫃,51.25,51.25,100.0
00759B,上櫃,54.1,54.1,100.0
00760B,上櫃,53.5,53.6,131.937
00761B,上櫃,34.07,34.03,303.015
00764B,上櫃,27.47,27.39,5111.93
00768B,上櫃,49.66,49.48,518.724
00772B,上櫃,33.18,33.16,1302.275
00773B,上櫃,35.58,35.6,904.697
00777B,上櫃,31.87,31.84,112.6
00778B,上櫃,34.15,33.91,104.0
00779B,上櫃,27.92,27.69,459.33
00780B,上櫃,37.65,37.6,103.114
00781B,上櫃,27.64,27.65,156.18
00782B,上櫃,29.9,29.83,253.878
00785B,上櫃,34.72,34.63,121.12
00786B,上櫃,32.76,32.64,50.199
00787B,上櫃,32.29,32.2,102.114
00788B,上櫃,29.69,29.58,26.5
00789B,上櫃,46.93,46.81,121.01
00791B,上櫃,57.5,57.45,110.0
00792B,上櫃,31.27,31.2,241.411
00793B,上櫃,0.0,0.0,0.0
00795B,上櫃,26.64,26.58,5913.409
00799B,上櫃,29.5,29.35,209.48
00834B,上櫃,33.68,33.68,100.0
00836B,上櫃,28.37,28.3,21.507
00840B,上櫃,29.34,29.34,100.074
00841B,上櫃,28.21,28.24,101.0
00842B,上櫃,29.93,29.9,439.0
00844B,上櫃,31.38,31.38,160.0
00845B,上櫃,33.22,33.43,102.0
00846B,上櫃,36.06,36.24,102.01
00847B,上櫃,25.3,25.3,200.13
00848B,上櫃,33.87,33.86,220.0
00849B,上櫃,37.74,37.76,205.779
00853B,上櫃,27.21,27.12,1036.382
00856B,上櫃,38.02,38.02,1.041
00857B,上櫃,22.88,22.84,1004.423
00858,上櫃,36.39,36.38,96.162
00859B,上櫃,41.56,41.54,2205.886
00860B,上櫃,38.8,38.81,117.0
00862B,上櫃,31.18,31.09,255.281
00863B,上櫃,31.3,31.23,330.0
00864B,上櫃,47.13,47.11,750.927
00867B,上櫃,30.38,30.29,110.218
00870B,上櫃,27.9,27.9,1.0
00877,上櫃,37.3,38.66,3844.754
00884B,上櫃,29.18,29.14,226.265
00886,上櫃,46.62,46.46,41.239
00887,上櫃,17.05,17.33,5831.532
00888,上櫃,32.22,31.71,4827.017
00890B,上櫃,31.85,31.75,111.02
00928,上櫃,33.25,31.55,1058.037
00931B,上櫃,13.23,13.21,2127.613
00933B,上櫃,15.96,15.95,8819.203
00937B,上櫃,14.64,14.61,47069.79
00942B,上櫃,14.04,14.03,2514.315
00948B,上櫃,9.33,9.33,13163.88
00950B,上櫃,13.94,13.92,3125.566
00955,上櫃,15.77,15.8,5539.964
00957B,上櫃,13.28,13.24,413.226
00958B,上櫃,9.23,9.23,199.304
00959B,上櫃,9.3,9.28,847.636
00966B,上櫃,13.72,13.69,742.697
00967B,上櫃,9.09,9.05,214.053
00968B,上櫃,9.17,9.17,7684.179
00969B,上櫃,8.12,8.09,1234.168
00970B,上櫃,9.26,9.24,1305.443
009806,上櫃,13.82,13.82,36.844
009807,上櫃,17.09,17.05,194.114
00980B,上櫃,9.36,9.35,186.787
00980D,上櫃,20.47,20.45,273.439
00980T,上櫃,12.04,12.05,4332.499
009814,上櫃,11.56,11.53,1197.691
009815,上櫃,11.71,11.69,2042.557
00981B,上櫃,9.32,9.32,8437.3
00981D,上櫃,10.49,10.47,5803.16
009822,上櫃,9.71,9.57,202.894
009823,上櫃,10.65,10.61,3002.777
009825,上櫃,10.05,10.05,5672.475
00982B,上櫃,9.59,9.62,18.109
00983B,上櫃,15.43,15.36,650.947
00984B,上櫃,16.09,16.07,958.111
00985D,上櫃,10.05,10.05,1028.926
00986B,上櫃,9.74,9.72,530.048
00986D,上櫃,14.71,14.68,1455.009
00987B,上櫃,16.21,16.14,349.817
00988B,上櫃,20.0,19.98,2117.185
00989B,上櫃,10.28,10.26,3881.53
00990B,上櫃,10.11,10.09,778.489
00998A,上櫃,18.09,18.12,1052.636
020001,上櫃,0.0,0.0,0.0
020025,上櫃,35.44,35.44,2.0
020033,上櫃,3.78,3.83,6.0
020035,上櫃,12.97,12.65,12.0
020040,上櫃,0.0,0.0,0.0
020041,上櫃,18.66,17.93,21.0
1240,上櫃,55.0,54.8,3.232
1259,上櫃,59.8,60.0,8.003
1264,上櫃,255.0,256.0,29.288
1268,上櫃,178.0,183.5,220.484
1294,上櫃,55.5,56.6,36.753
1295,上櫃,46.5,46.25,45.337
1336,上櫃,15.1,14.55,335.643
1565,上櫃,92.4,93.3,87.791
1569,上櫃,44.3,42.35,307.528
1570,上櫃,32.65,33.95,26.127
1580,上櫃,113.0,112.5,39.24
1584,上櫃,17.7,18.05,1318.402
1586,上櫃,18.2,18.2,164.774
1591,上櫃,35.75,35.6,192.136
1593,上櫃,33.7,31.7,82.278
1595,上櫃,62.7,60.4,418.016
1599,上櫃,23.5,23.8,12.602
1742,上櫃,18.0,17.8,52.155
1777,上櫃,75.0,74.8,80.275
1780,上櫃,23.05,22.75,145.722
1781,上櫃,11.35,11.35,3.008
1784,上櫃,60.1,60.2,73.128
1785,上櫃,116.0,114.5,5385.715
1788,上櫃,130.5,130.5,28.677
1796,上櫃,30.85,30.75,12.063
1799,上櫃,32.15,31.65,125.314
1813,上櫃,11.4,11.5,35.732
1815,上櫃,85.2,85.9,31327.257
2035,上櫃,0.0,0.0,0.0
2061,上櫃,57.2,56.2,2169.109
2063,上櫃,24.0,24.1,16.0
2064,上櫃,11.75,11.85,4.001
2065,上櫃,32.5,33.05,71.401
2066,上櫃,62.8,63.4,238.811
2067,上櫃,6.41,6.41,1.0
2070,上櫃,64.1,59.3,1354.276
2073,上櫃,26.8,26.8,1.089
2221,上櫃,46.8,46.95,156.144
2230,上櫃,27.0,26.5,188.733
2235,上櫃,27.7,27.7,1.155
2596,上櫃,31.25,32.15,167.81
2640,上櫃,146.0,144.5,9.585
2641,上櫃,17.15,17.3,925.661
2643,上櫃,63.7,63.8,36.151
2718,上櫃,45.0,44.75,8.42
2719,上櫃,21.65,21.65,4.259
2724,上櫃,10.65,10.9,3.07
2726,上櫃,8.63,8.68,26.396
2729,上櫃,159.0,160.0,7.833
2732,上櫃,63.2,64.0,14.298
2734,上櫃,14.8,14.9,60.684
2736,上櫃,11.6,11.5,18.195
2740,上櫃,30.9,30.9,1.012
2743,上櫃,56.9,57.7,66.771
2745,上櫃,89.5,88.5,61.204
2751,上櫃,51.9,51.5,5.04
2752,上櫃,175.0,175.0,4.279
2754,上櫃,70.5,71.1,87.208
2755,上櫃,104.0,102.5,76.866
2756,上櫃,55.6,57.0,19.109
2916,上櫃,41.2,41.2,22.421
2924,上櫃,17.45,16.95,13.0
2926,上櫃,30.5,30.4,5.159
2937,上櫃,44.9,44.9,14.247
2941,上櫃,0.0,0.0,0.005
2947,上櫃,62.3,62.2,33.116
2948,上櫃,38.55,38.65,21.403
2949,上櫃,60.0,60.5,2.295
3064,上櫃,0.0,0.0,0.0
3066,上櫃,22.65,23.95,1546.53
3067,上櫃,0.0,0.0,0.0
3071,上櫃,26.0,26.0,107.355
3073,上櫃,22.25,22.1,87.011
3078,上櫃,53.5,54.1,727.859
3081,上櫃,2420.0,2305.0,6002.697
3083,上櫃,25.25,25.45,59.335
3085,上櫃,11.7,11.75,5.1
3086,上櫃,27.55,27.15,123.46
3088,上櫃,134.0,136.5,1877.712
3093,上櫃,49.15,47.4,396.337
3095,上櫃,39.4,39.4,1.047
3105,上櫃,384.5,366.0,23872.604
3114,上櫃,37.4,38.8,5387.217
3115,上櫃,9.32,9.29,3.046
3118,上櫃,31.65,32.6,8.08
3122,上櫃,25.05,25.0,91.362
3128,上櫃,22.45,21.6,160.222
3131,上櫃,2385.0,2385.0,909.888
3141,上櫃,78.8,79.0,2989.839
3147,上櫃,231.5,223.0,1930.621
3152,上櫃,221.0,218.0,134.188
3158,上櫃,0.0,0.0,0.305
3162,上櫃,66.4,62.2,1111.097
3163,上櫃,702.0,671.0,6467.446
3169,上櫃,104.0,102.5,100.679
3171,上櫃,66.0,66.2,9.079
3176,上櫃,32.5,33.7,313.813
3178,上櫃,58.9,57.3,37.351
3188,上櫃,23.2,23.15,163.436
3191,上櫃,18.9,18.75,26.402
3205,上櫃,50.0,49.25,19.61
3206,上櫃,33.8,33.35,22.534
3207,上櫃,41.6,41.4,183.971
3211,上櫃,358.0,338.5,11070.855
3213,上櫃,138.5,136.5,1010.756
3217,上櫃,144.0,142.0,631.631
3218,上櫃,140.0,142.5,504.047
3219,上櫃,76.6,69.4,1243.303
3221,上櫃,48.0,46.15,3358.677
3224,上櫃,35.3,35.0,23.381
3226,上櫃,51.3,51.6,21.622
3227,上櫃,205.5,205.5,1938.281
3228,上櫃,145.0,141.5,266.093
3230,上櫃,41.0,40.25,512.813
3232,上櫃,19.6,19.55,8.005
3234,上櫃,111.0,107.5,971.506
3236,上櫃,43.9,40.9,2136.874
3252,上櫃,15.85,15.85,10.0
3259,上櫃,14.15,14.8,49.283
3260,上櫃,427.0,416.0,20171.502
3264,上櫃,211.5,207.5,9920.93
3265,上櫃,157.5,153.5,632.174
3268,上櫃,20.4,20.45,26.122
3272,上櫃,13.8,13.85,39.384
3276,上櫃,14.85,14.45,195.773
3284,上櫃,21.8,21.2,324.628
3285,上櫃,38.5,39.4,19.145
3287,上櫃,29.3,29.6,32.475
3288,上櫃,22.65,22.6,49.442
3289,上櫃,142.5,138.5,1270.889
3290,上櫃,55.0,53.5,458.395
3293,上櫃,784.0,799.0,2744.376
3294,上櫃,30.35,30.2,212.745
3297,上櫃,27.0,27.5,288.458
3303,上櫃,54.3,54.8,555.599
3306,上櫃,43.35,43.65,124.56
3310,上櫃,68.5,68.0,9.185
3313,上櫃,10.3,10.3,60.358
3317,上櫃,69.8,67.3,606.045
3322,上櫃,11.4,11.25,386.168
3323,上櫃,30.05,30.7,651.441
3324,上櫃,1060.0,1015.0,4609.452
3325,上櫃,11.85,12.0,38.106
3332,上櫃,61.9,61.9,1.0
3339,上櫃,40.05,37.8,2634.053
3349,上櫃,22.1,23.0,54.658
3354,上櫃,20.45,20.4,62.067
3357,上櫃,219.0,207.0,1789.786
3360,上櫃,16.25,16.05,483.505
3362,上櫃,180.0,173.5,1090.655
3363,上櫃,604.0,582.0,2810.224
3372,上櫃,16.25,15.6,469.921
3373,上櫃,16.95,16.65,114.475
3374,上櫃,310.0,306.5,12222.884
3379,上櫃,27.5,29.95,645.561
3388,上櫃,73.2,72.6,276.359
3390,上櫃,23.0,22.7,431.071
3402,上櫃,129.5,126.0,433.38
3430,上櫃,118.0,109.5,547.03
3434,上櫃,31.0,30.8,100.433
3438,上櫃,62.2,59.4,168.347
3441,上櫃,87.0,84.4,17463.932
3444,上櫃,69.8,75.3,559.853
3455,上櫃,189.5,190.0,737.099
3465,上櫃,29.85,29.95,37.028
3466,上櫃,24.5,24.5,79.128
3467,上櫃,46.8,44.5,167.875
3479,上櫃,140.0,138.5,1196.582
3483,上櫃,76.5,74.4,377.525
3484,上櫃,51.6,51.7,248.211
3485,上櫃,220.0,210.5,122.664
3489,上櫃,25.9,26.0,478.847
3490,上櫃,29.7,30.4,5065.048
3491,上櫃,1350.0,1235.0,2616.364
3492,上櫃,22.1,22.3,25.2
3498,上櫃,111.5,116.5,1930.008
3499,上櫃,12.9,13.0,9.581
3508,上櫃,17.55,17.1,41.711
3511,上櫃,20.2,20.15,185.461
3512,上櫃,19.75,19.7,13.36
3516,上櫃,26.15,26.5,51.967
3520,上櫃,18.45,18.35,276.752
3521,上櫃,12.2,12.25,16.642
3522,上櫃,12.1,11.8,44.592
3523,上櫃,15.05,15.3,5.631
3526,上櫃,295.0,282.5,1153.796
3527,上櫃,51.9,50.8,87.69
3529,上櫃,2700.0,2725.0,812.676
3531,上櫃,22.45,21.6,3.0
3537,上櫃,53.1,51.4,492.771
3540,上櫃,20.9,20.7,129.737
3541,上櫃,20.7,20.8,18.757
3546,上櫃,75.9,74.6,143.048
3548,上櫃,77.5,76.1,107.159
3551,上櫃,181.5,174.0,499.58
3552,上櫃,45.05,44.2,145.462
3555,上櫃,158.0,156.5,38.331
3556,上櫃,63.8,63.8,538.085
3558,上櫃,129.0,128.0,74.313
3564,上櫃,46.45,46.3,121.038
3567,上櫃,26.2,26.35,37.738
3570,上櫃,165.5,165.0,19.971
3577,上櫃,137.0,142.0,1468.776
3580,上櫃,79.5,77.0,192.939
3581,上櫃,123.5,110.5,1201.037
3587,上櫃,269.0,255.5,813.921
3594,上櫃,58.7,60.0,7404.826
3597,上櫃,26.9,26.95,41.252
3609,上櫃,25.0,25.1,107.06
3611,上櫃,186.5,187.0,19.563
3615,上櫃,35.75,34.5,339.714
3623,上櫃,20.7,21.0,375.4
3624,上櫃,76.0,74.8,749.479
3625,上櫃,16.9,16.35,313.358
3628,上櫃,64.4,64.4,25.682
3629,上櫃,13.5,13.5,8.001
3630,上櫃,26.1,25.9,662.09
3631,上櫃,32.1,31.2,21.001
3632,上櫃,8.0,8.0,8.336
3646,上櫃,23.4,23.25,3.251
3663,上櫃,64.3,62.1,346.743
3664,上櫃,6.7,7.28,2.649
3666,上櫃,25.1,25.1,21.005
3672,上櫃,12.5,12.5,2.0
3675,上櫃,285.5,265.5,804.377
3680,上櫃,455.0,438.5,906.237
3684,上櫃,51.0,52.5,202.744
3685,上櫃,38.35,39.65,1815.268
3687,上櫃,66.3,65.7,38.654
3689,上櫃,111.5,107.5,2251.359
3691,上櫃,114.0,115.0,409.215
3693,上櫃,549.0,527.0,2506.07
3707,上櫃,62.6,60.1,2508.057
3709,上櫃,79.8,79.4,642.291
3710,上櫃,5.07,5.03,199.374
3713,上櫃,14.1,14.4,19.072
4102,上櫃,18.8,19.0,7.51
4105,上櫃,76.1,76.5,540.556
4107,上櫃,113.5,116.5,86.319
4109,上櫃,11.2,11.25,263.853
4111,上櫃,29.7,29.85,89.057
4113,上櫃,15.0,14.8,63.454
4114,上櫃,28.95,29.25,820.039
4116,上櫃,40.5,39.65,28.219
4120,上櫃,49.0,49.1,66.205
4121,上櫃,13.0,13.0,60.503
4123,上櫃,38.75,39.1,2022.459
4126,上櫃,76.6,77.0,44.956
4127,上櫃,86.2,89.3,337.594
4128,上櫃,14.5,14.7,825.353
4129,上櫃,85.0,86.5,112.928
4131,上櫃,32.3,32.5,17.02
4138,上櫃,51.0,51.2,8.462
4139,上櫃,38.8,36.15,41.518
4147,上櫃,57.8,56.8,729.327
4153,上櫃,35.0,33.2,46.127
4154,上櫃,11.7,11.3,9.0
4157,上櫃,8.58,8.77,1014.922
4160,上櫃,40.3,40.15,14.116
4161,上櫃,22.7,23.7,79.379
4162,上櫃,62.7,63.7,348.63
4163,上櫃,138.0,144.0,915.207
4166,上櫃,25.2,24.95,115.09
4167,上櫃,19.5,19.75,2841.827
4168,上櫃,23.3,23.0,81.414
4171,上櫃,17.15,17.05,64.042
4173,上櫃,17.75,17.65,43.086
4174,上櫃,26.2,25.95,253.019
4175,上櫃,50.2,50.2,2.26
4183,上櫃,0.0,0.0,0.0
4188,上櫃,10.25,10.1,20.004
4192,上櫃,19.4,19.2,26.442
4198,上櫃,41.7,41.7,1.001
4205,上櫃,69.5,69.8,16.898
4207,上櫃,19.85,19.85,30.294
4303,上櫃,45.5,45.05,274.155
4304,上櫃,15.9,15.7,12.162
4305,上櫃,42.45,43.8,4.174
4401,上櫃,13.8,13.85,8.099
4402,上櫃,16.95,16.7,1927.89
4406,上櫃,9.64,9.96,26.0
4413,上櫃,14.2,14.9,39.0
4416,上櫃,10.6,10.55,112.787
4417,上櫃,44.5,44.8,145.15
4419,上櫃,45.5,45.65,3.0
4420,上櫃,35.8,35.45,21.391
4430,上櫃,17.3,17.4,40.88
4432,上櫃,16.05,15.95,19.0
4433,上櫃,19.8,19.6,19.104
4442,上櫃,52.7,51.1,138.47
4502,上櫃,15.65,15.7,4.0
4503,上櫃,31.65,30.15,814.976
4506,上櫃,122.0,122.5,30.805
4510,上櫃,39.5,40.1,2237.899
4513,上櫃,17.75,17.85,1047.129
4523,上櫃,25.8,25.8,44.099
4527,上櫃,39.6,39.6,19.285
4528,上櫃,15.1,15.2,17.164
4529,上櫃,4.1,4.19,14.501
4530,上櫃,24.05,25.6,4.26
4533,上櫃,24.95,24.6,566.61
4534,上櫃,33.65,34.3,1412.054
4535,上櫃,28.15,28.3,10.35
4538,上櫃,17.55,17.4,11.0
4541,上櫃,63.5,65.9,2197.323
4542,上櫃,316.5,290.0,1092.004
4543,上櫃,32.4,32.0,132.635
4549,上櫃,91.8,90.3,94.922
4550,上櫃,24.4,24.4,2.017
4554,上櫃,31.0,30.55,60.172
4556,上櫃,83.1,83.0,102.86
4558,上櫃,16.65,17.1,76.061
4561,上櫃,43.2,43.85,762.578
4563,上櫃,40.0,39.6,94.924
4568,上櫃,39.4,39.4,4.004
4577,上櫃,79.1,79.3,590.748
4580,上櫃,80.8,80.7,58.014
4584,上櫃,39.7,39.7,1.0
4609,上櫃,5.13,4.8,13.0
4702,上櫃,9.65,9.64,25.115
4706,上櫃,31.9,31.9,3.101
4707,上櫃,33.65,31.9,6968.772
4711,上櫃,16.0,15.95,39.024
4714,上櫃,10.55,10.4,464.421
4716,上櫃,17.25,16.65,364.985
4721,上櫃,72.0,71.7,331.947
4726,上櫃,24.45,24.35,83.212
4728,上櫃,389.0,389.0,2.282
4729,上櫃,19.85,19.85,107.129
4735,上櫃,30.95,31.7,59.299
4741,上櫃,45.15,44.15,118.621
4743,上櫃,45.05,45.6,1135.452
4744,上櫃,28.9,28.8,3.001
4745,上櫃,12.15,12.2,16.394
4747,上櫃,49.75,49.8,31.318
4749,上櫃,825.0,809.0,685.788
4754,上櫃,36.35,36.4,7.376
4760,上櫃,254.5,236.5,386.86
4767,上櫃,26.5,26.5,2.0
4768,上櫃,301.0,292.0,225.548
4772,上櫃,242.5,233.0,416.308
4806,上櫃,0.0,0.0,0.011
4903,上櫃,39.0,38.3,1142.666
4905,上櫃,67.2,66.6,36.01
4907,上櫃,45.25,47.6,642.707
4908,上櫃,156.5,143.5,3330.51
4909,上櫃,39.05,38.2,208.417
4911,上櫃,28.25,27.9,63.367
4923,上櫃,45.0,45.35,247.569
4924,上櫃,10.15,10.1,56.999
4931,上櫃,217.0,216.5,16205.956
4933,上櫃,56.4,55.0,271.271
4939,上櫃,61.4,60.8,21821.889
4946,上櫃,85.2,83.7,89.763
4950,上櫃,15.65,15.7,5.855
4951,上櫃,80.5,79.0,214.497
4953,上櫃,130.0,125.5,426.723
4966,上櫃,602.0,598.0,1285.606
4971,上櫃,499.0,460.5,2871.919
4972,上櫃,16.4,16.5,7.076
4973,上櫃,162.5,156.0,4303.772
4974,上櫃,68.5,68.8,46.106
4979,上櫃,494.0,488.0,2430.368
4991,上櫃,443.0,465.0,1251.52
4995,上櫃,49.25,48.75,13.416
5009,上櫃,32.5,32.85,1407.844
5011,上櫃,18.75,17.75,304.984
5013,上櫃,26.0,25.75,19.0
5014,上櫃,10.75,10.75,253.32
5015,上櫃,21.6,21.45,13.004
5016,上櫃,24.05,24.05,2.484
5201,上櫃,26.05,26.45,18.12
5202,上櫃,12.65,12.25,165.702
5205,上櫃,21.95,21.95,1.0
5206,上櫃,21.6,22.2,217.934
5209,上櫃,157.0,157.5,47.598
5210,上櫃,28.65,28.25,118.476
5211,上櫃,20.25,20.15,246.937
5212,上櫃,46.95,47.45,2.316
5213,上櫃,21.0,20.95,310.197
5220,上櫃,20.55,20.45,4.524
5223,上櫃,22.9,23.35,6.018
5227,上櫃,34.1,33.7,425.255
5228,上櫃,43.0,40.25,1208.076
5230,上櫃,17.5,17.25,92.357
5245,上櫃,23.35,23.3,42.525
5251,上櫃,26.1,25.85,113.5
5263,上櫃,92.5,91.4,91.348
5272,上櫃,18.25,17.95,105.845
5274,上櫃,16800.0,16345.0,171.817
5276,上櫃,18.95,18.95,1.005
5278,上櫃,24.65,24.65,46.15
5287,上櫃,146.0,146.5,15.181
5289,上櫃,1620.0,1500.0,7816.408
5291,上櫃,56.1,56.1,639.484
5299,上櫃,101.5,99.2,528.945
5301,上櫃,5.2,5.34,12.003
5302,上櫃,10.2,10.15,380.113
5309,上櫃,52.8,52.0,1312.995
5310,上櫃,25.0,25.0,3.0
5312,上櫃,89.0,88.9,177.479
5314,上櫃,60.2,60.0,2534.548
5315,上櫃,19.3,19.3,104.051
5321,上櫃,55.6,54.0,185.877
5324,上櫃,12.3,12.3,155.217
5328,上櫃,63.2,60.8,11459.551
5340,上櫃,72.0,70.3,1536.344
5344,上櫃,14.35,13.8,271.617
5345,上櫃,23.25,22.45,29.948
5347,上櫃,152.0,143.5,25375.736
5348,上櫃,0.0,0.0,0.0
5351,上櫃,104.5,104.0,60378.511
5353,上櫃,29.0,28.6,46.395
5355,上櫃,5.35,5.6,93.103
5356,上櫃,24.45,24.55,50.334
5364,上櫃,8.89,8.83,65.094
5371,上櫃,86.7,83.0,12220.798
5381,上櫃,24.3,23.9,290.399
5386,上櫃,271.0,271.0,893.469
5392,上櫃,46.25,46.05,5441.32
5398,上櫃,14.25,14.05,6.988
5403,上櫃,91.9,92.5,26.813
5410,上櫃,35.05,34.5,1735.789
5425,上櫃,84.3,82.5,4711.253
5426,上櫃,26.25,26.25,720.635
5432,上櫃,114.0,107.5,132.237
5438,上櫃,17.2,16.85,90.161
5439,上櫃,234.0,241.0,2238.666
5443,上櫃,95.9,95.1,925.557
5450,上櫃,14.45,14.3,143.816
5452,上櫃,26.45,26.25,497.917
5455,上櫃,28.8,28.55,7.599
5457,上櫃,28.7,28.5,228.987
5460,上櫃,15.9,15.85,32.016
5464,上櫃,66.1,62.6,1229.437
5465,上櫃,21.75,21.55,41.968
5468,上櫃,25.55,25.3,180.116
5474,上櫃,150.0,146.0,171.758
5475,上櫃,123.5,123.5,6906.568
5478,上櫃,99.1,99.5,77.195
5481,上櫃,19.95,19.65,65.676
5483,上櫃,175.5,168.5,19372.989
5487,上櫃,28.95,28.65,38.001
5488,上櫃,13.2,13.5,2277.54
5489,上櫃,42.6,41.65,60.318
5490,上櫃,32.2,30.7,3287.021
5493,上櫃,78.4,78.6,47.16
5498,上櫃,50.0,48.5,1393.413
5508,上櫃,51.7,53.5,493.316
5511,上櫃,70.1,69.7,129.712
5512,上櫃,7.72,7.72,459.482
5514,上櫃,13.75,13.75,1.0
5516,上櫃,12.15,12.35,70.312
5520,上櫃,82.3,83.5,6.352
5523,上櫃,30.2,30.35,72.193
5529,上櫃,21.4,21.25,157.433
5530,上櫃,47.25,47.3,150.277
5536,上櫃,1085.0,1060.0,640.106
5543,上櫃,25.5,24.15,16.3
5547,上櫃,19.55,19.5,24.524
5548,上櫃,20.45,20.8,29.051
5601,上櫃,29.3,29.3,5.01
5603,上櫃,14.15,14.15,17.361
5604,上櫃,30.8,30.5,5.505
5609,上櫃,78.9,79.0,105.644
5701,上櫃,4.16,4.38,97.075
5703,上櫃,0.0,0.0,0.0
5704,上櫃,21.8,21.6,4.552
5864,上櫃,29.15,28.8,2950.688
5878,上櫃,0.0,0.0,0.067
5902,上櫃,34.25,34.3,6.284
5903,上櫃,183.5,183.5,24.864
5905,上櫃,8.15,8.19,328.443
6015,上櫃,15.55,15.3,1276.079
6016,上櫃,20.3,19.8,4846.866
6020,上櫃,21.0,20.7,112.0
6021,上櫃,34.0,34.1,63.036
6023,上櫃,87.0,86.7,611.372
6026,上櫃,13.95,14.1,1590.012
6028,上櫃,82.9,83.0,69.946
6101,上櫃,35.95,35.65,214.948
6103,上櫃,28.55,28.55,1.006
6104,上櫃,94.6,93.0,444.374
6109,上櫃,10.75,11.05,101.826
6111,上櫃,36.9,37.0,113.068
6113,上櫃,24.9,23.6,978.775
6114,上櫃,25.8,27.45,66.532
6118,上櫃,15.7,15.6,64.252
6121,上櫃,381.0,373.0,601.258
6122,上櫃,46.6,47.05,259.151
6123,上櫃,42.5,42.25,32.634
6124,上櫃,26.8,26.85,7.077
6125,上櫃,49.7,49.4,974.819
6126,上櫃,31.9,31.75,325.251
6127,上櫃,49.5,48.1,2306.56
6129,上櫃,15.1,14.5,455.223
6130,上櫃,24.5,24.1,77.402
6134,上櫃,27.75,27.1,396.344
6138,上櫃,288.0,276.0,1134.621
6140,上櫃,17.1,17.05,54.281
6143,上櫃,94.0,92.6,338.928
6144,上櫃,13.25,13.2,4.011
6146,上櫃,188.0,188.0,341.622
6147,上櫃,151.0,146.5,14319.059
6148,上櫃,28.25,28.05,258.676
6150,上櫃,58.0,57.6,124.245
6151,上櫃,35.2,35.0,47.76
6154,上櫃,13.75,13.65,3.623
6156,上櫃,20.5,20.6,941.577
6158,上櫃,16.95,16.5,97.654
6160,上櫃,14.25,14.05,45.247
6161,上櫃,55.9,55.7,339.213
6163,上櫃,41.0,40.65,325.472
6167,上櫃,10.45,10.4,182.585
6169,上櫃,12.9,12.8,14.142
6170,上櫃,46.4,46.8,141.502
6171,上櫃,23.3,23.8,24.269
6173,上櫃,170.0,158.0,5578.493
6174,上櫃,41.5,40.0,1373.531
6175,上櫃,76.9,74.9,1126.245
6179,上櫃,26.2,27.05,1184.841
6180,上櫃,40.65,41.35,269.171
6182,上櫃,106.0,101.0,5024.913
6185,上櫃,13.65,13.65,116.024
6186,上櫃,36.4,36.05,865.051
6187,上櫃,1175.0,1130.0,2579.264
6188,上櫃,71.5,71.1,722.292
6190,上櫃,69.0,65.8,1213.673
6194,上櫃,29.75,29.7,25.0
6195,上櫃,26.8,27.15,20.44
6198,上櫃,19.6,19.6,3.105
6199,上櫃,96.3,96.0,439.113
6203,上櫃,61.4,61.0,89.905
6204,上櫃,76.7,78.9,272.364
6207,上櫃,103.5,99.9,2486.954
6208,上櫃,83.1,81.5,199.07
6210,上櫃,17.15,17.1,10.4
6212,上櫃,29.1,29.35,2.25
6217,上櫃,162.0,165.0,1538.601
6218,上櫃,34.0,34.3,249.695
6219,上櫃,12.4,12.55,61.84
6220,上櫃,26.65,26.0,153.796
6221,上櫃,20.8,20.7,85.483
6222,上櫃,21.0,21.0,3.22
6223,上櫃,6345.0,6100.0,655.598
6227,上櫃,127.5,123.0,309.129
6228,上櫃,18.15,18.3,3.0
6229,上櫃,24.3,23.35,112.068
6231,上櫃,235.5,228.0,418.667
6233,上櫃,20.6,20.75,139.926
6234,上櫃,35.0,34.05,306.247
6236,上櫃,0.0,0.0,0.0
6237,上櫃,33.55,33.45,146.249
6240,上櫃,18.8,18.85,2.0
6241,上櫃,15.45,15.85,288.766
6242,上櫃,0.0,0.0,0.098
6244,上櫃,23.95,23.1,1644.893
6245,上櫃,82.9,84.4,1291.095
6246,上櫃,12.35,12.3,27.335
6248,上櫃,17.5,17.55,38.174
6259,上櫃,30.2,29.0,408.999
6261,上櫃,80.7,78.4,285.023
6263,上櫃,158.0,154.0,131.547
6264,上櫃,6.0,6.06,13.05
6265,上櫃,54.3,55.4,5765.732
6266,上櫃,24.45,24.5,190.949
6270,上櫃,29.8,29.55,175.705
6274,上櫃,1540.0,1440.0,8856.699
6275,上櫃,45.8,44.2,250.363
6276,上櫃,19.5,20.4,43.658
6279,上櫃,121.5,126.5,3612.413
6284,上櫃,77.0,73.3,884.698
6290,上櫃,213.0,202.0,3622.553
6291,上櫃,383.5,372.5,409.848
6292,上櫃,59.8,58.6,81.13
6294,上櫃,26.3,26.85,7.668
6411,上櫃,78.1,76.6,235.086
6417,上櫃,120.0,118.5,87.12
6418,上櫃,33.35,32.05,89.0
6419,上櫃,141.5,140.0,445.897
6423,上櫃,76.4,76.1,46.877
6425,上櫃,55.5,55.2,143.514
6432,上櫃,73.5,70.9,957.077
6435,上櫃,257.5,251.5,503.005
6441,上櫃,23.05,23.45,306.164
6461,上櫃,15.55,16.5,167.343
6462,上櫃,101.5,99.6,437.84
6465,上櫃,49.6,47.6,1225.184
6469,上櫃,70.1,70.1,638.12
6470,上櫃,43.9,43.0,29.393
6474,上櫃,37.5,37.55,22.441
6482,上櫃,27.5,27.8,2.0
6485,上櫃,63.6,61.5,291.354
6486,上櫃,74.2,74.5,50.595
6488,上櫃,879.0,872.0,9567.668
6492,上櫃,38.7,37.7,548.288
6494,上櫃,53.3,53.2,285.924
6496,上櫃,23.9,24.35,11.125
6498,上櫃,75.3,74.5,80.302
6499,上櫃,57.6,57.5,247.661
6506,上櫃,16.45,16.65,31.667
6508,上櫃,27.85,26.7,58.119
6509,上櫃,47.25,47.5,1127.048
6510,上櫃,2830.0,2695.0,323.351
6512,上櫃,0.0,0.0,0.304
6516,上櫃,62.0,61.1,59.906
6517,上櫃,63.0,61.0,488.541
6523,上櫃,90.5,90.4,32.71
6527,上櫃,76.0,76.4,55.206
6530,上櫃,78.1,75.0,728.209
6532,上櫃,76.3,82.1,1190.035
6535,上櫃,90.7,91.1,161.933
6538,上櫃,148.0,145.0,1812.092
6542,上櫃,47.55,47.3,10.029
6546,上櫃,61.6,60.3,354.552
6547,上櫃,48.55,51.6,5144.777
6548,上櫃,74.2,72.4,3066.615
6556,上櫃,66.7,68.5,12.01
6560,上櫃,32.25,32.25,15.001
6561,上櫃,328.5,328.5,43.116
6568,上櫃,140.0,137.5,61.258
6569,上櫃,98.6,97.8,39.483
6570,上櫃,56.8,57.8,607.881
6574,上櫃,141.5,140.0,137.864
6576,上櫃,79.7,79.5,66.444
6577,上櫃,78.5,78.7,58.027
6578,上櫃,18.75,18.7,81.136
6584,上櫃,531.0,550.0,275.363
6588,上櫃,94.0,89.8,2183.75
6590,上櫃,64.1,63.1,43.51
6593,上櫃,32.2,32.25,40.424
6596,上櫃,88.4,89.8,63.761
6597,上櫃,64.9,65.7,5.0
6603,上櫃,25.75,26.0,1133.234
6609,上櫃,38.3,38.7,286.327
6612,上櫃,72.8,73.8,25.137
6613,上櫃,337.0,276.0,2365.986
6615,上櫃,34.9,34.05,15.785
6616,上櫃,8.79,8.71,20.076
6617,上櫃,88.6,96.3,1519.348
6620,上櫃,85.5,84.5,421.325
6624,上櫃,43.95,43.95,2.144
6629,上櫃,106.5,107.0,15.046
6637,上櫃,62.0,62.2,43.325
6640,上櫃,948.0,918.0,111.982
6642,上櫃,82.2,80.7,900.107
6643,上櫃,456.5,437.0,1342.889
6649,上櫃,36.7,36.2,10.0
6651,上櫃,132.5,132.5,141.389
6654,上櫃,182.5,179.0,49.499
6661,上櫃,17.2,17.6,4.0
6662,上櫃,28.5,28.4,43.007
6664,上櫃,350.0,332.0,283.416
6667,上櫃,231.0,230.0,197.694
6679,上櫃,217.5,209.5,322.652
6680,上櫃,0.0,0.0,0.21
6683,上櫃,1160.0,1120.0,606.146
6684,上櫃,47.55,47.3,72.648
6690,上櫃,163.5,164.5,15.834
6692,上櫃,21.75,23.0,30.657
6693,上櫃,171.0,185.5,611.922
6697,上櫃,39.8,40.0,16.143
6703,上櫃,107.0,107.0,42.646
6708,上櫃,0.0,0.0,0.0
6712,上櫃,152.5,154.5,368.317
6716,上櫃,95.7,95.7,219.305
6720,上櫃,135.5,137.5,19.723
6721,上櫃,52.0,52.0,8.269
6725,上櫃,254.0,245.5,76.823
6727,上櫃,409.5,383.0,661.897
6728,上櫃,104.5,105.5,32.474
6730,上櫃,34.4,34.45,5.604
6732,上櫃,159.5,158.0,111.862
6733,上櫃,27.6,27.1,59.042
6735,上櫃,69.2,65.7,571.075
6739,上櫃,1105.0,1005.0,99.291
6741,上櫃,55.7,55.5,91.63
6751,上櫃,42.0,41.85,5.18
6752,上櫃,99.0,99.5,12.758
6761,上櫃,162.0,153.0,379.293
6762,上櫃,169.0,169.0,2.447
6763,上櫃,42.8,43.65,598.22
6767,上櫃,24.7,24.7,1.0
6785,上櫃,98.0,98.6,28.211
6788,上櫃,357.5,340.0,354.24
6791,上櫃,104.5,104.5,7.193
6803,上櫃,270.0,270.0,48.946
6804,上櫃,18.9,18.8,117.179
6811,上櫃,234.0,230.5,168.285
6821,上櫃,41.55,40.85,64.603
6823,上櫃,68.8,65.4,110.207
6829,上櫃,196.0,191.5,840.117
6840,上櫃,65.3,66.6,43.495
6841,上櫃,56.4,56.2,191.401
6843,上櫃,0.0,0.0,0.0
6844,上櫃,60.2,60.5,15.373
6846,上櫃,61.0,61.0,7.578
6855,上櫃,113.5,115.0,3.118
6856,上櫃,0.0,0.0,0.0
6859,上櫃,101.0,99.2,65.11
6865,上櫃,24.75,24.7,2.005
6870,上櫃,261.5,256.0,42.233
6872,上櫃,15.3,15.3,69.881
6874,上櫃,77.3,77.6,12.049
6875,上櫃,33.3,32.6,38.08
6877,上櫃,123.5,122.0,55.06
6881,上櫃,200.0,200.5,9.736
6884,上櫃,31.95,31.8,14.5
6894,上櫃,353.5,347.0,24.025
6895,上櫃,118.0,115.0,32.362
6899,上櫃,50.9,50.8,14.463
6903,上櫃,327.0,322.0,306.394
6904,上櫃,0.0,0.0,0.0
6907,上櫃,205.0,189.0,4219.7
6910,上櫃,25.0,24.7,3.831
6913,上櫃,142.0,146.0,2291.219
6922,上櫃,195.5,185.5,183.264
6925,上櫃,54.1,53.2,14.368
6929,上櫃,23.3,23.95,11.13
6945,上櫃,97.8,99.6,308.562
6953,上櫃,216.0,215.5,26.105
6961,上櫃,52.0,51.3,17.367
6967,上櫃,69.0,68.1,41.69
6968,上櫃,43.6,45.8,222.818
6971,上櫃,25.55,25.5,21.177
6982,上櫃,48.15,48.7,42.515
6983,上櫃,305.0,298.5,27.851
6986,上櫃,43.2,44.1,47.651
6996,上櫃,187.0,185.0,53.231
6997,上櫃,68.2,70.9,3.23
700019,上櫃,0.0,0.0,0.0
700020,上櫃,0.0,0.0,0.0
700021,上櫃,0.0,0.0,0.0
700022,上櫃,2.8,2.5,41.0
700023,上櫃,0.2,0.15,30.0
700024,上櫃,0.28,0.28,3.0
700025,上櫃,0.33,0.3,133.0
700028,上櫃,0.0,0.0,0.0
700043,上櫃,0.0,0.0,0.0
700047,上櫃,0.14,0.09,372.0
700065,上櫃,0.0,0.0,0.0
700074,上櫃,0.0,0.0,0.0
700079,上櫃,0.0,0.0,0.0
700086,上櫃,0.0,0.0,0.0
700103,上櫃,0.1,0.1,20.0
700113,上櫃,0.75,0.66,33.0
700126,上櫃,0.0,0.0,0.0
700155,上櫃,0.0,0.0,0.0
700173,上櫃,1.03,1.0,23.0
700176,上櫃,0.0,0.0,0.0
700185,上櫃,0.0,0.0,0.0
700186,上櫃,0.18,0.17,831.0
700188,上櫃,0.95,0.95,2.0
700189,上櫃,0.0,0.0,0.0
700190,上櫃,3.88,3.9,45.0
700191,上櫃,0.0,0.0,0.0
700192,上櫃,0.42,0.41,560.0
700193,上櫃,0.31,0.31,1.0
700194,上櫃,0.0,0.0,0.0
700195,上櫃,0.0,0.0,0.0
700196,上櫃,0.0,0.0,0.0
700197,上櫃,0.0,0.0,0.0
700198,上櫃,0.2,0.2,300.0
700199,上櫃,0.78,0.78,1.0
700201,上櫃,3.03,2.93,104.0
700202,上櫃,0.0,0.0,0.0
700203,上櫃,0.0,0.0,0.0
700204,上櫃,0.25,0.25,6.0
700205,上櫃,0.49,0.48,13.0
700206,上櫃,0.34,0.35,61.0
700207,上櫃,0.58,0.53,1005.0
700208,上櫃,0.0,0.0,0.0
700228,上櫃,0.13,0.13,1.0
700231,上櫃,0.0,0.0,0.0
700243,上櫃,0.0,0.0,0.0
700257,上櫃,0.0,0.0,0.0
700258,上櫃,0.58,0.6,229.0
700259,上櫃,0.0,0.0,0.0
700260,上櫃,0.0,0.0,0.0
700261,上櫃,6.5,5.65,117.0
700262,上櫃,0.0,0.0,0.0
700263,上櫃,0.0,0.0,0.0
700264,上櫃,0.0,0.0,0.0
700267,上櫃,0.0,0.0,0.0
700269,上櫃,0.12,0.12,2.0
700270,上櫃,0.0,0.0,0.0
700271,上櫃,0.0,0.0,0.0
700272,上櫃,0.0,0.0,0.0
700273,上櫃,0.0,0.0,0.0
700274,上櫃,0.0,0.0,0.0
700275,上櫃,0.0,0.0,0.0
700276,上櫃,0.0,0.0,0.0
700277,上櫃,0.0,0.0,0.0
700279,上櫃,0.0,0.0,0.0
700300,上櫃,1.0,1.0,1.0
700330,上櫃,0.0,0.0,0.0
700342,上櫃,0.0,0.0,0.0
700343,上櫃,0.0,0.0,0.0
700344,上櫃,0.0,0.0,0.0
700345,上櫃,0.46,0.44,50.0
700346,上櫃,0.0,0.0,0.0
700347,上櫃,0.0,0.0,0.0
700348,上櫃,0.0,0.0,0.0
700350,上櫃,0.0,0.0,0.0
700351,上櫃,3.5,3.3,107.0
700352,上櫃,0.0,0.0,0.0
700353,上櫃,0.0,0.0,0.0
700354,上櫃,0.75,0.72,1277.0
700355,上櫃,0.0,0.0,0.0
700356,上櫃,3.0,3.0,10.0
700357,上櫃,0.29,0.27,26.0
700358,上櫃,0.29,0.29,3.0
700359,上櫃,0.0,0.0,0.0
700360,上櫃,0.0,0.0,0.0
700385,上櫃,0.0,0.0,0.0
700402,上櫃,0.0,0.0,0.0
700410,上櫃,0.0,0.0,0.0
700412,上櫃,0.0,0.0,0.0
700413,上櫃,0.0,0.0,0.0
700414,上櫃,0.0,0.0,0.0
700415,上櫃,0.65,0.6,32.0
700416,上櫃,0.03,0.03,10.0
700417,上櫃,0.36,0.37,15.0
700419,上櫃,0.0,0.0,0.0
700451,上櫃,0.0,0.0,0.0
700469,上櫃,0.0,0.0,0.0
700481,上櫃,0.0,0.0,0.0
700482,上櫃,0.0,0.0,0.0
700522,上櫃,0.0,0.0,0.0
700534,上櫃,0.0,0.0,0.0
700542,上櫃,0.0,0.0,0.0
700571,上櫃,0.0,0.0,0.0
700580,上櫃,16.6,16.6,1.0
700582,上櫃,0.0,0.0,0.0
700585,上櫃,0.0,0.0,0.0
700594,上櫃,0.65,0.66,149.0
700595,上櫃,0.0,0.0,0.0
700607,上櫃,0.0,0.0,0.0
700608,上櫃,0.0,0.0,0.0
700638,上櫃,0.28,0.28,10.0
700670,上櫃,0.24,0.18,360.0
700671,上櫃,0.0,0.0,0.0
700672,上櫃,0.0,0.0,0.0
700673,上櫃,2.9,2.79,3.0
700674,上櫃,0.0,0.0,0.0
700675,上櫃,0.12,0.15,11.0
700676,上櫃,0.12,0.12,78.0
700677,上櫃,0.0,0.0,0.0
700678,上櫃,0.0,0.0,0.0
700679,上櫃,0.0,0.0,0.0
700680,上櫃,0.0,0.0,0.0
700681,上櫃,0.41,0.42,255.0
700682,上櫃,3.59,3.59,25.0
700683,上櫃,0.0,0.0,0.0
700684,上櫃,3.4,3.34,24.0
700685,上櫃,0.81,0.81,10.0
700686,上櫃,0.0,0.0,0.0
700687,上櫃,0.0,0.0,0.0
700688,上櫃,2.04,2.42,32.0
700689,上櫃,0.0,0.0,0.0
700706,上櫃,0.05,0.05,6.0
700707,上櫃,0.0,0.0,0.0
700708,上櫃,0.29,0.29,1.0
700709,上櫃,0.0,0.0,0.0
700710,上櫃,0.0,0.0,0.0
700711,上櫃,3.58,3.94,6.0
700712,上櫃,0.55,0.54,357.0
700717,上櫃,0.0,0.0,0.0
700737,上櫃,0.1,0.1,100.0
700742,上櫃,0.0,0.0,0.0
700746,上櫃,0.0,0.0,0.0
700754,上櫃,0.0,0.0,0.0
700755,上櫃,6.15,6.15,1.0
700756,上櫃,2.73,2.69,16.0
700757,上櫃,4.35,4.35,1.0
700758,上櫃,0.0,0.0,0.0
700786,上櫃,0.0,0.0,0.0
700795,上櫃,0.0,0.0,0.0
700810,上櫃,0.0,0.0,0.0
700811,上櫃,0.0,0.0,0.0
700812,上櫃,0.0,0.0,0.0
700827,上櫃,0.0,0.0,0.0
700828,上櫃,0.0,0.0,0.0
700830,上櫃,0.0,0.0,0.0
700843,上櫃,0.57,0.79,3.0
700844,上櫃,0.0,0.0,0.0
700845,上櫃,0.0,0.0,0.0
700850,上櫃,0.0,0.0,0.0
700857,上櫃,0.0,0.0,0.0
700875,上櫃,0.0,0.0,0.0
700898,上櫃,0.26,0.22,164.0
700899,上櫃,0.64,0.63,145.0
700900,上櫃,0.42,0.4,39.0
700901,上櫃,0.0,0.0,0.0
700902,上櫃,0.0,0.0,0.0
700904,上櫃,4.0,3.92,101.0
700920,上櫃,0.0,0.0,0.0
700928,上櫃,0.0,0.0,0.0
700929,上櫃,0.0,0.0,0.0
700938,上櫃,0.0,0.0,0.0
700955,上櫃,0.1,0.1,12.0
700956,上櫃,0.0,0.0,0.0
700983,上櫃,9.9,9.9,1.0
701005,上櫃,0.0,0.0,0.0
701010,上櫃,0.0,0.0,0.0
701016,上櫃,0.0,0.0,0.0
701024,上櫃,0.0,0.0,0.0
701037,上櫃,0.0,0.0,0.0
701064,上櫃,0.0,0.0,0.0
701095,上櫃,0.0,0.0,0.0
701097,上櫃,1.16,0.93,3.0
701129,上櫃,0.0,0.0,0.0
701130,上櫃,0.0,0.0,0.0
701131,上櫃,0.0,0.0,0.0
701150,上櫃,0.0,0.0,0.0
701153,上櫃,0.0,0.0,0.0
701200,上櫃,0.0,0.0,0.0
701211,上櫃,0.0,0.0,0.0
701221,上櫃,0.0,0.0,0.0
701227,上櫃,0.08,0.08,175.0
701253,上櫃,0.0,0.0,0.0
701273,上櫃,0.0,0.0,0.0
701279,上櫃,0.25,0.21,1185.0
701287,上櫃,0.0,0.0,0.0
701288,上櫃,0.1,0.1,11.0
701294,上櫃,0.0,0.0,0.0
701298,上櫃,0.0,0.0,0.0
701311,上櫃,0.0,0.0,0.0
701326,上櫃,0.0,0.0,0.0
701365,上櫃,0.0,0.0,0.0
701374,上櫃,0.0,0.0,0.0
701379,上櫃,3.38,3.38,1.0
701381,上櫃,0.0,0.0,0.0
701386,上櫃,0.0,0.0,0.0
701388,上櫃,0.0,0.0,0.0
701398,上櫃,0.49,0.49,2.0
701400,上櫃,0.0,0.0,0.0
701403,上櫃,0.0,0.0,0.0
701412,上櫃,6.8,6.8,1.0
701422,上櫃,0.19,0.2,78.0
701430,上櫃,8.15,7.95,3.0
701431,上櫃,9.9,9.75,10.0
701432,上櫃,0.21,0.21,10.0
701434,上櫃,0.54,0.49,177.0
701437,上櫃,2.95,2.95,1.0
701438,上櫃,2.33,2.27,189.0
701439,上櫃,0.0,0.0,0.0
701440,上櫃,3.54,3.54,2.0
701441,上櫃,0.0,0.0,0.0
701442,上櫃,0.4,0.4,11.0
701460,上櫃,0.0,0.0,0.0
701471,上櫃,4.94,4.94,1.0
701472,上櫃,0.0,0.0,0.0
701473,上櫃,0.0,0.0,0.0
701474,上櫃,0.0,0.0,0.0
701479,上櫃,0.0,0.0,0.0
701484,上櫃,0.0,0.0,0.0
701500,上櫃,0.0,0.0,0.0
701511,上櫃,0.41,0.41,180.0
701524,上櫃,0.0,0.0,0.0
701525,上櫃,16.6,16.6,3.0
701527,上櫃,0.0,0.0,0.0
701561,上櫃,0.0,0.0,0.0
701565,上櫃,0.0,0.0,0.0
701571,上櫃,0.0,0.0,0.0
701582,上櫃,0.0,0.0,0.0
701584,上櫃,0.0,0.0,0.0
701592,上櫃,1.06,0.94,7.0
701593,上櫃,0.9,0.85,25.0
701594,上櫃,0.0,0.0,0.0
701595,上櫃,0.07,0.06,32.0
701600,上櫃,0.0,0.0,0.0
701609,上櫃,0.0,0.0,0.0
701614,上櫃,0.0,0.0,0.0
701615,上櫃,0.0,0.0,0.0
701623,上櫃,0.57,0.42,56.0
701624,上櫃,0.93,0.93,44.0
701625,上櫃,0.93,0.93,10.0
701626,上櫃,0.0,0.0,0.0
701631,上櫃,0.0,0.0,0.0
701632,上櫃,0.0,0.0,0.0
701636,上櫃,0.0,0.0,0.0
701650,上櫃,0.0,0.0,0.0
701653,上櫃,3.04,3.04,1.0
701655,上櫃,0.0,0.0,0.0
701658,上櫃,1.93,1.8,8.0
701659,上櫃,0.0,0.0,0.0
701667,上櫃,0.0,0.0,0.0
701677,上櫃,0.0,0.0,0.0
701680,上櫃,0.0,0.0,0.0
701692,上櫃,0.0,0.0,0.0
701693,上櫃,0.0,0.0,0.0
701694,上櫃,0.0,0.0,0.0
701695,上櫃,0.0,0.0,0.0
701696,上櫃,0.0,0.0,0.0
701697,上櫃,4.07,3.48,9.0
701698,上櫃,0.0,0.0,0.0
701699,上櫃,0.18,0.18,5.0
701700,上櫃,0.0,0.0,0.0
701707,上櫃,0.0,0.0,0.0
701720,上櫃,0.0,0.0,0.0
701725,上櫃,0.0,0.0,0.0
701730,上櫃,0.0,0.0,0.0
701741,上櫃,0.0,0.0,0.0
701748,上櫃,0.0,0.0,0.0
701752,上櫃,3.05,3.05,1.0
701756,上櫃,0.0,0.0,0.0
701762,上櫃,0.0,0.0,0.0
701784,上櫃,0.0,0.0,0.0
701788,上櫃,0.0,0.0,0.0
701789,上櫃,0.0,0.0,0.0
701794,上櫃,0.0,0.0,0.0
701803,上櫃,0.0,0.0,0.0
701804,上櫃,0.0,0.0,0.0
701805,上櫃,0.0,0.0,0.0
701806,上櫃,0.0,0.0,0.0
701807,上櫃,0.25,0.25,80.0
701808,上櫃,0.0,0.0,0.0
701822,上櫃,0.0,0.0,0.0
701824,上櫃,0.0,0.0,0.0
701828,上櫃,5.85,5.8,5.0
701836,上櫃,0.0,0.0,0.0
701842,上櫃,0.0,0.0,0.0
701853,上櫃,0.51,0.51,4.0
701854,上櫃,0.0,0.0,0.0
701855,上櫃,3.1,3.1,2.0
701878,上櫃,0.0,0.0,0.0
701908,上櫃,0.14,0.14,10.0
701918,上櫃,0.0,0.0,0.0
701919,上櫃,0.0,0.0,0.0
701920,上櫃,0.73,0.73,100.0
701971,上櫃,2.67,2.67,10.0
702016,上櫃,0.0,0.0,0.0
702018,上櫃,0.0,0.0,0.0
702028,上櫃,6.5,6.5,1.0
702047,上櫃,0.0,0.0,0.0
702060,上櫃,0.0,0.0,0.0
702111,上櫃,0.0,0.0,0.0
702118,上櫃,30.5,30.5,10.0
702125,上櫃,0.0,0.0,0.0
702133,上櫃,0.0,0.0,0.0
702161,上櫃,2.27,2.11,46.0
702162,上櫃,0.0,0.0,0.0
702170,上櫃,0.0,0.0,0.0
702185,上櫃,0.0,0.0,0.0
702194,上櫃,2.99,2.99,15.0
702212,上櫃,3.71,3.71,1.0
702216,上櫃,1.7,1.7,10.0
702222,上櫃,0.0,0.0,0.0
702223,上櫃,0.0,0.0,0.0
702228,上櫃,0.0,0.0,0.0
702233,上櫃,0.0,0.0,0.0
702252,上櫃,0.0,0.0,0.0
702272,上櫃,0.0,0.0,0.0
702281,上櫃,0.0,0.0,0.0
702283,上櫃,0.0,0.0,0.0
702284,上櫃,0.0,0.0,0.0
702287,上櫃,0.0,0.0,0.0
702300,上櫃,0.0,0.0,0.0
702304,上櫃,0.0,0.0,0.0
702306,上櫃,0.0,0.0,0.0
702308,上櫃,0.0,0.0,0.0
702311,上櫃,0.0,0.0,0.0
702312,上櫃,3.64,3.64,1.0
702321,上櫃,0.0,0.0,0.0
702322,上櫃,0.0,0.0,0.0
702331,上櫃,16.6,12.5,11.0
702338,上櫃,0.0,0.0,0.0
702352,上櫃,0.0,0.0,0.0
702361,上櫃,0.0,0.0,0.0
702363,上櫃,0.0,0.0,0.0
702364,上櫃,0.0,0.0,0.0
702373,上櫃,0.0,0.0,0.0
702375,上櫃,0.0,0.0,0.0
702386,上櫃,0.0,0.0,0.0
702413,上櫃,0.0,0.0,0.0
702415,上櫃,0.0,0.0,0.0
702424,上櫃,0.0,0.0,0.0
702441,上櫃,0.0,0.0,0.0
702445,上櫃,0.0,0.0,0.0
702450,上櫃,0.01,0.01,120.0
702451,上櫃,0.0,0.0,0.0
702459,上櫃,0.0,0.0,0.0
702467,上櫃,0.0,0.0,0.0
702490,上櫃,0.0,0.0,0.0
702498,上櫃,0.0,0.0,0.0
702499,上櫃,0.0,0.0,0.0
702505,上櫃,0.0,0.0,0.0
702526,上櫃,0.0,0.0,0.0
702538,上櫃,0.0,0.0,0.0
702550,上櫃,0.06,0.06,150.0
702553,上櫃,0.0,0.0,0.0
702560,上櫃,5.1,4.5,24.0
702561,上櫃,0.0,0.0,0.0
702566,上櫃,0.0,0.0,0.0
702568,上櫃,0.0,0.0,0.0
702575,上櫃,0.0,0.0,0.0
702576,上櫃,0.0,0.0,0.0
702577,上櫃,0.0,0.0,0.0
702578,上櫃,0.0,0.0,0.0
702590,上櫃,0.04,0.04,13.0
702591,上櫃,0.0,0.0,0.0
702592,上櫃,1.17,1.31,51.0
702593,上櫃,1.29,1.52,108.0
702597,上櫃,0.0,0.0,0.0
702598,上櫃,3.15,3.15,3.0
702605,上櫃,0.0,0.0,0.0
702607,上櫃,0.0,0.0,0.0
702610,上櫃,0.0,0.0,0.0
702611,上櫃,0.18,0.18,1.0
702615,上櫃,0.0,0.0,0.0
702616,上櫃,0.0,0.0,0.0
702623,上櫃,0.0,0.0,0.0
702625,上櫃,0.0,0.0,0.0
702627,上櫃,0.9,0.9,1.0
702639,上櫃,4.66,5.1,24.0
702641,上櫃,0.0,0.0,0.0
702642,上櫃,0.0,0.0,0.0
702645,上櫃,0.0,0.0,0.0
702649,上櫃,0.0,0.0,0.0
702655,上櫃,0.0,0.0,0.0
702656,上櫃,0.0,0.0,0.0
702667,上櫃,0.0,0.0,0.0
702670,上櫃,0.0,0.0,0.0
702678,上櫃,0.0,0.0,0.0
702685,上櫃,0.0,0.0,0.0
702695,上櫃,4.8,4.8,1.0
702699,上櫃,0.0,0.0,0.0
702712,上櫃,0.0,0.0,0.0
702713,上櫃,0.0,0.0,0.0
702717,上櫃,0.0,0.0,0.0
702719,上櫃,0.0,0.0,0.0
702724,上櫃,0.0,0.0,0.0
702730,上櫃,0.0,0.0,0.0
702732,上櫃,0.0,0.0,0.0
702746,上櫃,0.0,0.0,0.0
702751,上櫃,0.0,0.0,0.0
702752,上櫃,0.0,0.0,0.0
702753,上櫃,0.85,0.82,180.0
702760,上櫃,0.0,0.0,0.0
702763,上櫃,0.0,0.0,0.0
702770,上櫃,0.0,0.0,0.0
702773,上櫃,0.0,0.0,0.0
702775,上櫃,0.0,0.0,0.0
702776,上櫃,0.0,0.0,0.0
702777,上櫃,0.59,0.5,130.0
702786,上櫃,0.0,0.0,0.0
702790,上櫃,32.6,32.6,10.0
702800,上櫃,0.0,0.0,0.0
702802,上櫃,0.0,0.0,0.0
702804,上櫃,0.0,0.0,0.0
702808,上櫃,0.0,0.0,0.0
702810,上櫃,0.0,0.0,0.0
702811,上櫃,1.29,1.29,2.0
702813,上櫃,0.0,0.0,0.0
702814,上櫃,0.0,0.0,0.0
702828,上櫃,0.0,0.0,0.0
702829,上櫃,0.87,0.82,27.0
702830,上櫃,0.0,0.0,0.0
702831,上櫃,0.0,0.0,0.0
702833,上櫃,0.28,0.3,20.0
702837,上櫃,0.51,0.42,846.0
702842,上櫃,0.0,0.0,0.0
702850,上櫃,0.0,0.0,0.0
702851,上櫃,0.0,0.0,0.0
702855,上櫃,0.01,0.01,378.0
702856,上櫃,0.0,0.0,0.0
702858,上櫃,0.0,0.0,0.0
702859,上櫃,0.0,0.0,0.0
702860,上櫃,0.0,0.0,0.0
702874,上櫃,0.0,0.0,0.0
702878,上櫃,0.0,0.0,0.0
702883,上櫃,0.0,0.0,0.0
702884,上櫃,0.0,0.0,0.0
702885,上櫃,0.0,0.0,0.0
702886,上櫃,0.0,0.0,0.0
702888,上櫃,0.0,0.0,0.0
702895,上櫃,0.0,0.0,0.0
702898,上櫃,0.0,0.0,0.0
702903,上櫃,0.0,0.0,0.0
702910,上櫃,0.0,0.0,0.0
702912,上櫃,0.0,0.0,0.0
702919,上櫃,0.0,0.0,0.0
702926,上櫃,0.0,0.0,0.0
702928,上櫃,0.0,0.0,0.0
702935,上櫃,0.0,0.0,0.0
702943,上櫃,4.98,5.3,2.0
702949,上櫃,0.0,0.0,0.0
702951,上櫃,0.0,0.0,0.0
702953,上櫃,0.0,0.0,0.0
702961,上櫃,0.0,0.0,0.0
702966,上櫃,0.0,0.0,0.0
702968,上櫃,0.66,0.66,2.0
702969,上櫃,0.0,0.0,0.0
702980,上櫃,0.24,0.24,10.0
702987,上櫃,0.0,0.0,0.0
702990,上櫃,0.0,0.0,0.0
702993,上櫃,0.0,0.0,0.0
702996,上櫃,0.0,0.0,0.0
703001,上櫃,0.0,0.0,0.0
703002,上櫃,0.0,0.0,0.0
703004,上櫃,1.47,1.47,1.0
703006,上櫃,0.0,0.0,0.0
703011,上櫃,0.0,0.0,0.0
703030,上櫃,0.69,0.69,2.0
703032,上櫃,0.0,0.0,0.0
703036,上櫃,0.79,0.81,54.0
703038,上櫃,0.0,0.0,0.0
703043,上櫃,0.16,0.11,30.0
703045,上櫃,0.9,0.88,3.0
703047,上櫃,0.0,0.0,0.0
703048,上櫃,0.0,0.0,0.0
703049,上櫃,0.0,0.0,0.0
703051,上櫃,0.0,0.0,0.0
703062,上櫃,0.0,0.0,0.0
703067,上櫃,0.0,0.0,0.0
703068,上櫃,0.0,0.0,0.0
703075,上櫃,0.0,0.0,0.0
703083,上櫃,0.0,0.0,0.0
703085,上櫃,0.0,0.0,0.0
703093,上櫃,0.88,0.81,326.0
703094,上櫃,0.0,0.0,0.0
703095,上櫃,0.0,0.0,0.0
703100,上櫃,0.0,0.0,0.0
703102,上櫃,8.4,8.4,1.0
703110,上櫃,0.0,0.0,0.0
703111,上櫃,0.0,0.0,0.0
703112,上櫃,0.0,0.0,0.0
703113,上櫃,0.0,0.0,0.0
703115,上櫃,0.0,0.0,0.0
703116,上櫃,0.0,0.0,0.0
703117,上櫃,0.0,0.0,0.0
703125,上櫃,0.0,0.0,0.0
703132,上櫃,2.51,2.51,6.0
703135,上櫃,0.0,0.0,0.0
703136,上櫃,0.95,0.91,264.0
703137,上櫃,0.0,0.0,0.0
703144,上櫃,0.0,0.0,0.0
703145,上櫃,0.0,0.0,0.0
703147,上櫃,0.08,0.08,2.0
703149,上櫃,0.0,0.0,0.0
703153,上櫃,0.0,0.0,0.0
703154,上櫃,0.0,0.0,0.0
703156,上櫃,0.0,0.0,0.0
703171,上櫃,0.0,0.0,0.0
703173,上櫃,0.0,0.0,0.0
703178,上櫃,0.0,0.0,0.0
703181,上櫃,0.64,0.72,70.0
703186,上櫃,0.0,0.0,0.0
703197,上櫃,0.96,0.94,25.0
703198,上櫃,0.0,0.0,0.0
703200,上櫃,0.0,0.0,0.0
703202,上櫃,0.0,0.0,0.0
703203,上櫃,0.0,0.0,0.0
703204,上櫃,0.0,0.0,0.0
703206,上櫃,0.0,0.0,0.0
703210,上櫃,7.6,7.6,10.0
703212,上櫃,0.0,0.0,0.0
703217,上櫃,0.0,0.0,0.0
703221,上櫃,0.0,0.0,0.0
703223,上櫃,0.0,0.0,0.0
703224,上櫃,0.0,0.0,0.0
703229,上櫃,0.0,0.0,0.0
703231,上櫃,0.0,0.0,0.0
703232,上櫃,0.0,0.0,0.0
703249,上櫃,0.0,0.0,0.0
703260,上櫃,0.0,0.0,0.0
703261,上櫃,0.0,0.0,0.0
703263,上櫃,0.0,0.0,0.0
703264,上櫃,0.0,0.0,0.0
703265,上櫃,0.27,0.27,9.0
703266,上櫃,0.0,0.0,0.0
703267,上櫃,0.0,0.0,0.0
703271,上櫃,0.2,0.2,10.0
703274,上櫃,0.0,0.0,0.0
703279,上櫃,0.0,0.0,0.0
703292,上櫃,0.0,0.0,0.0
703293,上櫃,0.0,0.0,0.0
703295,上櫃,0.0,0.0,0.0
703296,上櫃,3.45,3.19,51.0
703307,上櫃,2.21,2.2,11.0
703308,上櫃,0.0,0.0,0.0
703315,上櫃,0.0,0.0,0.0
703319,上櫃,0.0,0.0,0.0
703320,上櫃,0.32,0.32,5.0
703321,上櫃,0.18,0.18,1.0
703324,上櫃,0.0,0.0,0.0
703325,上櫃,0.0,0.0,0.0
703326,上櫃,0.0,0.0,0.0
703327,上櫃,0.0,0.0,0.0
703329,上櫃,0.0,0.0,0.0
703330,上櫃,0.0,0.0,0.0
703332,上櫃,0.0,0.0,0.0
703339,上櫃,0.0,0.0,0.0
703340,上櫃,0.0,0.0,0.0
703341,上櫃,0.0,0.0,0.0
703343,上櫃,0.0,0.0,0.0
703351,上櫃,0.0,0.0,0.0
703353,上櫃,0.0,0.0,0.0
703354,上櫃,0.0,0.0,0.0
703355,上櫃,0.0,0.0,0.0
703364,上櫃,0.0,0.0,0.0
703368,上櫃,4.65,4.09,118.0
703371,上櫃,0.0,0.0,0.0
703372,上櫃,0.0,0.0,0.0
703378,上櫃,0.0,0.0,0.0
703379,上櫃,0.0,0.0,0.0
703380,上櫃,0.0,0.0,0.0
703386,上櫃,0.0,0.0,0.0
703389,上櫃,0.26,0.29,165.0
703390,上櫃,0.0,0.0,0.0
703395,上櫃,0.0,0.0,0.0
703396,上櫃,0.0,0.0,0.0
703399,上櫃,0.0,0.0,0.0
703400,上櫃,8.05,8.3,122.0
703401,上櫃,0.0,0.0,0.0
703402,上櫃,0.0,0.0,0.0
703403,上櫃,0.0,0.0,0.0
703407,上櫃,0.0,0.0,0.0
703418,上櫃,0.2,0.2,3.0
703419,上櫃,0.0,0.0,0.0
703420,上櫃,0.4,0.42,201.0
703427,上櫃,0.0,0.0,0.0
703431,上櫃,0.0,0.0,0.0
703432,上櫃,0.0,0.0,0.0
703434,上櫃,0.0,0.0,0.0
703436,上櫃,0.0,0.0,0.0
703437,上櫃,0.0,0.0,0.0
703438,上櫃,0.0,0.0,0.0
703439,上櫃,0.09,0.07,130.0
703441,上櫃,0.0,0.0,0.0
703442,上櫃,0.0,0.0,0.0
703443,上櫃,0.0,0.0,0.0
703449,上櫃,0.0,0.0,0.0
703450,上櫃,0.0,0.0,0.0
703454,上櫃,0.0,0.0,0.0
703455,上櫃,0.0,0.0,0.0
703457,上櫃,0.0,0.0,0.0
703458,上櫃,0.0,0.0,0.0
703459,上櫃,0.0,0.0,0.0
703463,上櫃,0.22,0.13,13.0
703464,上櫃,0.0,0.0,0.0
703465,上櫃,0.0,0.0,0.0
703466,上櫃,0.0,0.0,0.0
703467,上櫃,6.35,6.35,11.0
703468,上櫃,0.53,0.46,407.0
703469,上櫃,0.0,0.0,0.0
703470,上櫃,0.0,0.0,0.0
703471,上櫃,0.0,0.0,0.0
703472,上櫃,1.17,1.24,10.0
703473,上櫃,0.0,0.0,0.0
703474,上櫃,0.0,0.0,0.0
703475,上櫃,0.0,0.0,0.0
703476,上櫃,0.0,0.0,0.0
703477,上櫃,0.29,0.32,67.0
703478,上櫃,0.0,0.0,0.0
703479,上櫃,0.0,0.0,0.0
703480,上櫃,0.0,0.0,0.0
703481,上櫃,0.0,0.0,0.0
703482,上櫃,0.0,0.0,0.0
703483,上櫃,0.0,0.0,0.0
703497,上櫃,0.0,0.0,0.0
703500,上櫃,0.0,0.0,0.0
703515,上櫃,0.0,0.0,0.0
703520,上櫃,0.0,0.0,0.0
703522,上櫃,0.0,0.0,0.0
703523,上櫃,0.0,0.0,0.0
703527,上櫃,0.25,0.25,3.0
703528,上櫃,0.0,0.0,0.0
703534,上櫃,0.0,0.0,0.0
703535,上櫃,0.0,0.0,0.0
703548,上櫃,2.33,2.0,47.0
703553,上櫃,0.0,0.0,0.0
703555,上櫃,0.0,0.0,0.0
703581,上櫃,2.81,2.4,125.0
703589,上櫃,0.39,0.39,1.0
703599,上櫃,0.0,0.0,0.0
703604,上櫃,0.0,0.0,0.0
703615,上櫃,0.0,0.0,0.0
703616,上櫃,0.0,0.0,0.0
703617,上櫃,0.0,0.0,0.0
703618,上櫃,1.69,1.69,1.0
703619,上櫃,0.0,0.0,0.0
703620,上櫃,0.0,0.0,0.0
703621,上櫃,0.0,0.0,0.0
703622,上櫃,0.0,0.0,0.0
703628,上櫃,0.0,0.0,0.0
703630,上櫃,2.58,2.91,65.0
703632,上櫃,7.35,7.6,77.0
703637,上櫃,0.0,0.0,0.0
703639,上櫃,0.0,0.0,0.0
703642,上櫃,0.0,0.0,0.0
703643,上櫃,0.09,0.09,100.0
703648,上櫃,0.0,0.0,0.0
703651,上櫃,0.0,0.0,0.0
703652,上櫃,0.52,0.52,248.0
703654,上櫃,0.0,0.0,0.0
703660,上櫃,2.38,2.36,58.0
703661,上櫃,0.0,0.0,0.0
703663,上櫃,0.0,0.0,0.0
703664,上櫃,0.0,0.0,0.0
703665,上櫃,0.0,0.0,0.0
703682,上櫃,0.86,0.86,6.0
703684,上櫃,0.0,0.0,0.0
703690,上櫃,0.0,0.0,0.0
703710,上櫃,0.0,0.0,0.0
703711,上櫃,0.0,0.0,0.0
703713,上櫃,0.0,0.0,0.0
703716,上櫃,18.8,17.6,90.0
703717,上櫃,0.0,0.0,0.0
703718,上櫃,0.0,0.0,0.0
703719,上櫃,0.0,0.0,0.0
703720,上櫃,0.0,0.0,0.0
703721,上櫃,0.0,0.0,0.0
703722,上櫃,0.0,0.0,0.0
703725,上櫃,0.0,0.0,0.0
703728,上櫃,0.0,0.0,0.0
703729,上櫃,0.0,0.0,0.0
703734,上櫃,0.0,0.0,0.0
703735,上櫃,4.28,4.28,4.0
703738,上櫃,0.0,0.0,0.0
703739,上櫃,0.0,0.0,0.0
703740,上櫃,0.0,0.0,0.0
703742,上櫃,0.0,0.0,0.0
703743,上櫃,0.0,0.0,0.0
703744,上櫃,0.0,0.0,0.0
703745,上櫃,0.0,0.0,0.0
703746,上櫃,0.0,0.0,0.0
703747,上櫃,1.14,1.14,50.0
703751,上櫃,0.0,0.0,0.0
703754,上櫃,0.92,0.92,36.0
703755,上櫃,0.0,0.0,0.0
703758,上櫃,0.0,0.0,0.0
703759,上櫃,0.72,0.75,3.0
703762,上櫃,0.0,0.0,0.0
703763,上櫃,0.0,0.0,0.0
703765,上櫃,0.0,0.0,0.0
703767,上櫃,0.31,0.31,6.0
703771,上櫃,0.25,0.25,10.0
703772,上櫃,0.0,0.0,0.0
703773,上櫃,0.0,0.0,0.0
703776,上櫃,8.7,8.8,200.0
703779,上櫃,1.72,1.31,15.0
703780,上櫃,5.0,5.0,2.0
703781,上櫃,0.0,0.0,0.0
703782,上櫃,0.0,0.0,0.0
703783,上櫃,0.0,0.0,0.0
703784,上櫃,0.0,0.0,0.0
703785,上櫃,0.0,0.0,0.0
703786,上櫃,0.0,0.0,0.0
703788,上櫃,0.3,0.3,1.0
703789,上櫃,0.0,0.0,0.0
703790,上櫃,0.0,0.0,0.0
703792,上櫃,0.0,0.0,0.0
703793,上櫃,0.0,0.0,0.0
703794,上櫃,0.0,0.0,0.0
703801,上櫃,6.9,6.9,5.0
703802,上櫃,0.0,0.0,0.0
703803,上櫃,0.0,0.0,0.0
703804,上櫃,0.0,0.0,0.0
703813,上櫃,0.0,0.0,0.0
703822,上櫃,0.0,0.0,0.0
703823,上櫃,0.0,0.0,0.0
703824,上櫃,0.09,0.09,34.0
703825,上櫃,0.0,0.0,0.0
703826,上櫃,0.0,0.0,0.0
703827,上櫃,0.0,0.0,0.0
703828,上櫃,0.0,0.0,0.0
703829,上櫃,0.0,0.0,0.0
703831,上櫃,0.0,0.0,0.0
703832,上櫃,0.0,0.0,0.0
703834,上櫃,0.0,0.0,0.0
703835,上櫃,0.0,0.0,0.0
703837,上櫃,0.0,0.0,0.0
703838,上櫃,0.0,0.0,0.0
703839,上櫃,4.1,4.1,10.0
703842,上櫃,3.48,3.48,1.0
703851,上櫃,6.55,6.25,3.0
703853,上櫃,0.0,0.0,0.0
703854,上櫃,0.0,0.0,0.0
703855,上櫃,0.0,0.0,0.0
703856,上櫃,0.0,0.0,0.0
703858,上櫃,0.01,0.01,280.0
703860,上櫃,0.0,0.0,0.0
703861,上櫃,0.0,0.0,0.0
703862,上櫃,0.0,0.0,0.0
703863,上櫃,0.78,0.78,50.0
703864,上櫃,0.0,0.0,0.0
703865,上櫃,0.82,0.82,4.0
703866,上櫃,0.0,0.0,0.0
703867,上櫃,0.0,0.0,0.0
703868,上櫃,0.1,0.09,319.0
703869,上櫃,0.27,0.28,25.0
703870,上櫃,0.2,0.2,15.0
703871,上櫃,0.0,0.0,0.0
703872,上櫃,0.0,0.0,0.0
703873,上櫃,1.08,1.03,129.0
703874,上櫃,0.41,0.41,4.0
703875,上櫃,0.0,0.0,0.0
703876,上櫃,0.0,0.0,0.0
703877,上櫃,0.0,0.0,0.0
703878,上櫃,1.6,1.51,57.0
703879,上櫃,1.0,0.98,20.0
703880,上櫃,0.0,0.0,0.0
703881,上櫃,1.89,1.89,20.0
703882,上櫃,1.6,1.59,30.0
703883,上櫃,0.0,0.0,0.0
703884,上櫃,0.0,0.0,0.0
703886,上櫃,0.0,0.0,0.0
703887,上櫃,0.0,0.0,0.0
703888,上櫃,0.0,0.0,0.0
703889,上櫃,0.0,0.0,0.0
703890,上櫃,0.0,0.0,0.0
703891,上櫃,0.0,0.0,0.0
703892,上櫃,0.0,0.0,0.0
703893,上櫃,0.0,0.0,0.0
703894,上櫃,0.0,0.0,0.0
703895,上櫃,4.82,4.82,10.0
703902,上櫃,0.0,0.0,0.0
703904,上櫃,0.0,0.0,0.0
703905,上櫃,0.0,0.0,0.0
703906,上櫃,0.25,0.25,30.0
703907,上櫃,0.0,0.0,0.0
703908,上櫃,0.0,0.0,0.0
703912,上櫃,0.0,0.0,0.0
703914,上櫃,0.0,0.0,0.0
703917,上櫃,0.0,0.0,0.0
703918,上櫃,0.0,0.0,0.0
703920,上櫃,0.0,0.0,0.0
703921,上櫃,0.0,0.0,0.0
703923,上櫃,0.32,0.33,1008.0
703924,上櫃,0.0,0.0,0.0
703925,上櫃,0.0,0.0,0.0
703926,上櫃,0.0,0.0,0.0
703927,上櫃,0.0,0.0,0.0
703928,上櫃,0.0,0.0,0.0
703929,上櫃,0.0,0.0,0.0
703930,上櫃,0.0,0.0,0.0
703939,上櫃,0.0,0.0,0.0
703942,上櫃,0.0,0.0,0.0
703950,上櫃,0.0,0.0,0.0
703952,上櫃,0.0,0.0,0.0
703953,上櫃,0.0,0.0,0.0
703954,上櫃,0.0,0.0,0.0
703955,上櫃,0.0,0.0,0.0
703956,上櫃,0.0,0.0,0.0
703957,上櫃,0.0,0.0,0.0
703959,上櫃,0.0,0.0,0.0
703960,上櫃,0.0,0.0,0.0
703961,上櫃,0.0,0.0,0.0
703962,上櫃,0.0,0.0,0.0
703963,上櫃,3.42,3.58,8.0
703964,上櫃,0.0,0.0,0.0
703965,上櫃,0.0,0.0,0.0
703966,上櫃,1.21,1.16,31.0
703967,上櫃,0.85,0.85,18.0
703968,上櫃,0.74,0.72,455.0
703969,上櫃,1.17,1.12,467.0
703970,上櫃,1.35,1.38,286.0
703971,上櫃,0.0,0.0,0.0
703972,上櫃,0.0,0.0,0.0
703973,上櫃,0.0,0.0,0.0
703974,上櫃,0.0,0.0,0.0
703975,上櫃,0.43,0.43,100.0
703976,上櫃,3.93,3.93,10.0
703977,上櫃,0.0,0.0,0.0
703978,上櫃,0.13,0.13,20.0
703979,上櫃,0.0,0.0,0.0
703980,上櫃,0.65,0.59,47.0
703981,上櫃,6.0,5.8,8.0
703982,上櫃,0.0,0.0,0.0
703983,上櫃,0.0,0.0,0.0
703984,上櫃,0.05,0.05,10.0
703985,上櫃,2.04,1.85,72.0
703989,上櫃,0.0,0.0,0.0
703991,上櫃,0.91,0.91,5.0
703992,上櫃,0.0,0.0,0.0
704000,上櫃,5.35,5.55,14.0
704001,上櫃,0.0,0.0,0.0
704002,上櫃,0.0,0.0,0.0
704003,上櫃,0.0,0.0,0.0
704004,上櫃,0.0,0.0,0.0
704005,上櫃,0.0,0.0,0.0
704009,上櫃,0.0,0.0,0.0
704010,上櫃,0.0,0.0,0.0
704011,上櫃,0.57,0.67,42.0
704012,上櫃,0.35,0.35,125.0
704013,上櫃,0.0,0.0,0.0
704014,上櫃,0.0,0.0,0.0
704015,上櫃,0.0,0.0,0.0
704016,上櫃,0.7,0.71,107.0
704017,上櫃,0.0,0.0,0.0
704018,上櫃,0.0,0.0,0.0
704019,上櫃,0.0,0.0,0.0
704020,上櫃,0.0,0.0,0.0
704021,上櫃,0.0,0.0,0.0
704022,上櫃,0.0,0.0,0.0
704023,上櫃,0.0,0.0,0.0
704024,上櫃,0.0,0.0,0.0
704025,上櫃,0.0,0.0,0.0
704026,上櫃,1.64,1.64,36.0
704027,上櫃,0.0,0.0,0.0
704028,上櫃,0.0,0.0,0.0
704029,上櫃,1.65,1.55,17.0
704030,上櫃,0.0,0.0,0.0
704038,上櫃,0.0,0.0,0.0
704041,上櫃,2.07,1.93,69.0
704046,上櫃,0.0,0.0,0.0
704048,上櫃,0.0,0.0,0.0
704051,上櫃,7.25,7.0,12.0
704053,上櫃,0.0,0.0,0.0
704054,上櫃,0.0,0.0,0.0
704058,上櫃,0.0,0.0,0.0
704060,上櫃,0.95,0.95,5.0
704061,上櫃,0.0,0.0,0.0
704062,上櫃,0.0,0.0,0.0
704063,上櫃,0.0,0.0,0.0
704067,上櫃,0.0,0.0,0.0
704068,上櫃,0.0,0.0,0.0
704069,上櫃,0.0,0.0,0.0
704074,上櫃,0.0,0.0,0.0
704075,上櫃,0.0,0.0,0.0
704076,上櫃,0.0,0.0,0.0
704077,上櫃,0.0,0.0,0.0
704078,上櫃,0.0,0.0,0.0
704079,上櫃,0.0,0.0,0.0
704080,上櫃,0.0,0.0,0.0
704081,上櫃,0.69,0.65,232.0
704082,上櫃,0.0,0.0,0.0
704083,上櫃,0.0,0.0,0.0
704084,上櫃,6.8,7.0,18.0
704085,上櫃,0.44,0.44,10.0
704086,上櫃,0.0,0.0,0.0
704087,上櫃,0.0,0.0,0.0
704088,上櫃,0.0,0.0,0.0
704089,上櫃,0.84,0.84,90.0
704090,上櫃,1.0,1.0,2.0
704091,上櫃,0.79,0.79,29.0
704092,上櫃,0.0,0.0,0.0
704093,上櫃,0.0,0.0,0.0
704094,上櫃,0.29,0.29,5.0
704095,上櫃,0.5,0.49,257.0
704096,上櫃,1.13,1.22,563.0
704097,上櫃,0.0,0.0,0.0
704099,上櫃,0.0,0.0,0.0
704100,上櫃,1.29,1.29,4.0
704101,上櫃,0.0,0.0,0.0
704102,上櫃,1.34,1.31,11.0
704103,上櫃,0.0,0.0,0.0
704104,上櫃,0.0,0.0,0.0
704105,上櫃,0.0,0.0,0.0
704106,上櫃,1.85,1.85,10.0
704107,上櫃,0.0,0.0,0.0
704108,上櫃,0.0,0.0,0.0
704109,上櫃,1.47,1.28,3.0
704110,上櫃,0.0,0.0,0.0
704111,上櫃,0.0,0.0,0.0
704112,上櫃,0.0,0.0,0.0
704113,上櫃,0.0,0.0,0.0
704114,上櫃,0.0,0.0,0.0
704115,上櫃,0.51,0.49,1023.0
704116,上櫃,0.0,0.0,0.0
704117,上櫃,0.0,0.0,0.0
704118,上櫃,0.0,0.0,0.0
704119,上櫃,0.0,0.0,0.0
704120,上櫃,0.0,0.0,0.0
704121,上櫃,0.0,0.0,0.0
704125,上櫃,0.0,0.0,0.0
704126,上櫃,0.01,0.01,23.0
704127,上櫃,0.01,0.02,30.0
704130,上櫃,0.0,0.0,0.0
704132,上櫃,0.0,0.0,0.0
704134,上櫃,0.0,0.0,0.0
704135,上櫃,0.0,0.0,0.0
704141,上櫃,0.0,0.0,0.0
704142,上櫃,0.0,0.0,0.0
704146,上櫃,2.04,1.74,45.0
704151,上櫃,0.0,0.0,0.0
704152,上櫃,0.0,0.0,0.0
704153,上櫃,0.0,0.0,0.0
704154,上櫃,0.0,0.0,0.0
704161,上櫃,0.0,0.0,0.0
704162,上櫃,0.0,0.0,0.0
704163,上櫃,0.0,0.0,0.0
704164,上櫃,0.0,0.0,0.0
704166,上櫃,0.0,0.0,0.0
704167,上櫃,0.0,0.0,0.0
704168,上櫃,0.0,0.0,0.0
704170,上櫃,1.59,1.5,26.0
704176,上櫃,0.0,0.0,0.0
704180,上櫃,0.0,0.0,0.0
704181,上櫃,0.0,0.0,0.0
704184,上櫃,0.0,0.0,0.0
704189,上櫃,0.0,0.0,0.0
704190,上櫃,0.0,0.0,0.0
704191,上櫃,0.0,0.0,0.0
704194,上櫃,0.0,0.0,0.0
704196,上櫃,0.0,0.0,0.0
704198,上櫃,0.0,0.0,0.0
704202,上櫃,0.49,0.49,4.0
704203,上櫃,1.0,0.95,373.0
704204,上櫃,0.87,0.88,988.0
704205,上櫃,0.07,0.07,5.0
704206,上櫃,0.19,0.2,30.0
704207,上櫃,3.32,3.21,176.0
704208,上櫃,1.87,1.87,10.0
704209,上櫃,0.0,0.0,0.0
704210,上櫃,0.0,0.0,0.0
704211,上櫃,2.99,2.65,42.0
704212,上櫃,0.0,0.0,0.0
704213,上櫃,0.0,0.0,0.0
704214,上櫃,0.0,0.0,0.0
704215,上櫃,0.45,0.45,112.0
704216,上櫃,0.0,0.0,0.0
704217,上櫃,0.0,0.0,0.0
704218,上櫃,1.8,1.76,9.0
704219,上櫃,0.0,0.0,0.0
704220,上櫃,0.0,0.0,0.0
704221,上櫃,0.27,0.23,75.0
704222,上櫃,0.41,0.43,91.0
704223,上櫃,0.24,0.24,50.0
704224,上櫃,0.0,0.0,0.0
704225,上櫃,0.34,0.34,5.0
704236,上櫃,0.0,0.0,0.0
704237,上櫃,1.08,0.99,20.0
704244,上櫃,0.47,0.47,10.0
704247,上櫃,0.0,0.0,0.0
704251,上櫃,0.0,0.0,0.0
704253,上櫃,0.0,0.0,0.0
704255,上櫃,0.01,0.01,60.0
704256,上櫃,0.0,0.0,0.0
704257,上櫃,0.0,0.0,0.0
704258,上櫃,0.0,0.0,0.0
704259,上櫃,0.0,0.0,0.0
704260,上櫃,0.0,0.0,0.0
704261,上櫃,0.55,0.46,50.0
704262,上櫃,11.2,10.3,19.0
704268,上櫃,0.0,0.0,0.0
704269,上櫃,0.0,0.0,0.0
704270,上櫃,0.0,0.0,0.0
704271,上櫃,0.0,0.0,0.0
704272,上櫃,0.01,0.01,20.0
704273,上櫃,0.0,0.0,0.0
704274,上櫃,0.0,0.0,0.0
704275,上櫃,0.0,0.0,0.0
704276,上櫃,0.66,0.66,250.0
704277,上櫃,0.57,0.57,139.0
704278,上櫃,0.0,0.0,0.0
704279,上櫃,0.0,0.0,0.0
704280,上櫃,0.57,0.52,515.0
704281,上櫃,0.0,0.0,0.0
704282,上櫃,2.99,2.64,21.0
704283,上櫃,0.0,0.0,0.0
704284,上櫃,0.0,0.0,0.0
704285,上櫃,0.24,0.24,10.0
704286,上櫃,0.0,0.0,0.0
704287,上櫃,0.18,0.12,6.0
704288,上櫃,0.0,0.0,0.0
704289,上櫃,0.39,0.39,200.0
704290,上櫃,0.15,0.2,23.0
704291,上櫃,0.0,0.0,0.0
704292,上櫃,0.0,0.0,0.0
704293,上櫃,0.3,0.31,42.0
704294,上櫃,0.38,0.39,57.0
704295,上櫃,0.31,0.32,265.0
704296,上櫃,0.43,0.43,26.0
704297,上櫃,0.0,0.0,0.0
704298,上櫃,1.04,1.08,1026.0
704307,上櫃,0.0,0.0,0.0
704308,上櫃,0.69,0.7,116.0
704312,上櫃,0.0,0.0,0.0
704313,上櫃,0.0,0.0,0.0
704315,上櫃,0.0,0.0,0.0
704320,上櫃,1.1,1.1,99.0
704321,上櫃,0.0,0.0,0.0
704322,上櫃,5.1,5.1,146.0
704325,上櫃,0.62,0.62,100.0
704327,上櫃,0.0,0.0,0.0
704328,上櫃,0.0,0.0,0.0
704329,上櫃,0.0,0.0,0.0
704339,上櫃,0.0,0.0,0.0
704340,上櫃,0.0,0.0,0.0
704341,上櫃,0.0,0.0,0.0
704343,上櫃,0.0,0.0,0.0
704344,上櫃,0.0,0.0,0.0
704345,上櫃,0.0,0.0,0.0
704346,上櫃,0.83,0.78,172.0
704347,上櫃,0.0,0.0,0.0
704348,上櫃,0.0,0.0,0.0
704349,上櫃,0.0,0.0,0.0
704350,上櫃,0.0,0.0,0.0
704351,上櫃,0.39,0.39,15.0
704352,上櫃,0.0,0.0,0.0
704353,上櫃,1.07,0.97,632.0
704356,上櫃,0.0,0.0,0.0
704358,上櫃,0.0,0.0,0.0
704359,上櫃,6.5,6.45,173.0
704360,上櫃,0.0,0.0,0.0
704361,上櫃,0.0,0.0,0.0
704362,上櫃,0.0,0.0,0.0
704363,上櫃,0.0,0.0,0.0
704365,上櫃,0.5,0.5,30.0
704366,上櫃,0.0,0.0,0.0
704367,上櫃,0.0,0.0,0.0
704368,上櫃,0.0,0.0,0.0
704369,上櫃,0.0,0.0,0.0
704370,上櫃,0.76,0.64,381.0
704371,上櫃,0.0,0.0,0.0
704372,上櫃,0.0,0.0,0.0
704373,上櫃,0.0,0.0,0.0
704374,上櫃,0.38,0.4,20.0
704375,上櫃,0.0,0.0,0.0
704376,上櫃,0.0,0.0,0.0
704377,上櫃,0.0,0.0,0.0
704379,上櫃,0.0,0.0,0.0
704380,上櫃,10.3,10.3,1.0
704381,上櫃,0.0,0.0,0.0
704382,上櫃,0.0,0.0,0.0
704385,上櫃,0.0,0.0,0.0
704386,上櫃,0.0,0.0,0.0
704387,上櫃,0.0,0.0,0.0
704388,上櫃,4.8,4.95,15.0
704390,上櫃,0.0,0.0,0.0
704391,上櫃,0.0,0.0,0.0
704394,上櫃,0.19,0.18,150.0
704396,上櫃,2.68,2.74,201.0
704400,上櫃,0.0,0.0,0.0
704401,上櫃,0.0,0.0,0.0
704403,上櫃,0.0,0.0,0.0
704404,上櫃,0.0,0.0,0.0
704405,上櫃,0.0,0.0,0.0
704406,上櫃,3.0,3.0,10.0
704407,上櫃,0.0,0.0,0.0
704408,上櫃,0.0,0.0,0.0
704409,上櫃,0.0,0.0,0.0
704416,上櫃,0.0,0.0,0.0
704418,上櫃,0.0,0.0,0.0
704419,上櫃,3.2,3.2,31.0
704421,上櫃,0.0,0.0,0.0
704424,上櫃,0.0,0.0,0.0
704426,上櫃,0.0,0.0,0.0
704427,上櫃,0.0,0.0,0.0
704430,上櫃,0.0,0.0,0.0
704434,上櫃,0.0,0.0,0.0
704436,上櫃,0.0,0.0,0.0
704439,上櫃,0.0,0.0,0.0
704440,上櫃,0.0,0.0,0.0
704441,上櫃,0.0,0.0,0.0
704442,上櫃,0.0,0.0,0.0
704443,上櫃,0.45,0.34,156.0
704444,上櫃,0.0,0.0,0.0
704446,上櫃,0.0,0.0,0.0
704447,上櫃,0.0,0.0,0.0
704448,上櫃,0.0,0.0,0.0
704450,上櫃,0.0,0.0,0.0
704452,上櫃,0.0,0.0,0.0
704453,上櫃,0.0,0.0,0.0
704459,上櫃,0.0,0.0,0.0
704463,上櫃,0.0,0.0,0.0
704464,上櫃,0.0,0.0,0.0
704465,上櫃,0.0,0.0,0.0
704469,上櫃,0.0,0.0,0.0
704471,上櫃,0.0,0.0,0.0
704472,上櫃,0.0,0.0,0.0
704473,上櫃,0.0,0.0,0.0
704475,上櫃,2.5,1.0,4.0
704476,上櫃,0.0,0.0,0.0
704477,上櫃,0.0,0.0,0.0
704479,上櫃,0.0,0.0,0.0
704481,上櫃,4.5,3.89,14.0
704482,上櫃,1.03,1.07,23.0
704491,上櫃,0.0,0.0,0.0
704492,上櫃,0.0,0.0,0.0
704494,上櫃,0.0,0.0,0.0
704495,上櫃,0.0,0.0,0.0
704496,上櫃,0.0,0.0,0.0
704498,上櫃,0.0,0.0,0.0
704499,上櫃,0.0,0.0,0.0
704500,上櫃,0.0,0.0,0.0
704501,上櫃,0.0,0.0,0.0
704502,上櫃,0.0,0.0,0.0
704503,上櫃,0.0,0.0,0.0
704505,上櫃,0.0,0.0,0.0
704506,上櫃,0.0,0.0,0.0
704507,上櫃,2.0,2.0,23.0
704509,上櫃,0.0,0.0,0.0
704511,上櫃,0.0,0.0,0.0
704512,上櫃,0.0,0.0,0.0
704521,上櫃,0.0,0.0,0.0
704525,上櫃,0.0,0.0,0.0
704526,上櫃,0.0,0.0,0.0
704529,上櫃,0.0,0.0,0.0
704532,上櫃,0.0,0.0,0.0
704533,上櫃,1.57,1.53,20.0
704534,上櫃,0.0,0.0,0.0
704535,上櫃,0.0,0.0,0.0
704536,上櫃,1.0,1.0,10.0
704537,上櫃,0.71,0.72,288.0
704538,上櫃,3.85,3.5,48.0
704539,上櫃,0.0,0.0,0.0
704540,上櫃,0.31,0.14,133.0
704541,上櫃,0.0,0.0,0.0
704542,上櫃,0.0,0.0,0.0
704543,上櫃,2.23,1.9,51.0
704544,上櫃,1.88,1.61,67.0
704545,上櫃,0.0,0.0,0.0
704546,上櫃,0.74,0.74,62.0
704547,上櫃,0.0,0.0,0.0
704548,上櫃,0.0,0.0,0.0
704549,上櫃,0.4,0.38,199.0
704550,上櫃,0.7,0.65,326.0
704551,上櫃,0.0,0.0,0.0
704552,上櫃,0.89,0.8,36.0
704553,上櫃,0.0,0.0,0.0
704556,上櫃,0.0,0.0,0.0
704560,上櫃,0.0,0.0,0.0
704563,上櫃,0.0,0.0,0.0
704566,上櫃,0.0,0.0,0.0
704567,上櫃,0.0,0.0,0.0
704572,上櫃,0.0,0.0,0.0
704578,上櫃,0.0,0.0,0.0
704579,上櫃,0.0,0.0,0.0
704584,上櫃,0.0,0.0,0.0
704587,上櫃,0.0,0.0,0.0
704588,上櫃,0.0,0.0,0.0
704589,上櫃,0.0,0.0,0.0
704590,上櫃,0.77,0.69,710.0
704591,上櫃,0.99,0.94,336.0
704592,上櫃,0.6,0.6,6.0
704593,上櫃,0.0,0.0,0.0
704605,上櫃,0.0,0.0,0.0
704607,上櫃,0.0,0.0,0.0
704609,上櫃,0.0,0.0,0.0
704610,上櫃,0.0,0.0,0.0
704612,上櫃,20.6,20.6,10.0
704617,上櫃,0.0,0.0,0.0
704618,上櫃,5.4,5.4,11.0
704619,上櫃,0.0,0.0,0.0
704620,上櫃,2.45,2.45,10.0
704621,上櫃,0.0,0.0,0.0
704622,上櫃,0.0,0.0,0.0
704624,上櫃,0.0,0.0,0.0
704625,上櫃,0.0,0.0,0.0
704626,上櫃,0.0,0.0,0.0
704627,上櫃,0.0,0.0,0.0
704628,上櫃,0.32,0.32,1.0
704629,上櫃,0.31,0.31,60.0
704630,上櫃,0.0,0.0,0.0
704636,上櫃,0.0,0.0,0.0
704637,上櫃,0.0,0.0,0.0
704638,上櫃,0.21,0.17,201.0
704639,上櫃,0.0,0.0,0.0
704642,上櫃,0.0,0.0,0.0
704649,上櫃,0.0,0.0,0.0
704650,上櫃,0.0,0.0,0.0
704653,上櫃,10.4,10.4,5.0
704654,上櫃,14.9,14.9,10.0
704655,上櫃,0.0,0.0,0.0
704665,上櫃,1.16,1.16,20.0
704667,上櫃,0.0,0.0,0.0
704668,上櫃,0.65,0.63,124.0
704669,上櫃,0.0,0.0,0.0
704678,上櫃,0.4,0.37,155.0
704679,上櫃,0.0,0.0,0.0
704680,上櫃,0.01,0.01,1.0
704683,上櫃,7.7,7.7,10.0
704685,上櫃,0.0,0.0,0.0
704686,上櫃,0.14,0.14,1.0
704687,上櫃,0.6,0.6,3.0
704690,上櫃,0.0,0.0,0.0
704696,上櫃,0.0,0.0,0.0
704702,上櫃,0.0,0.0,0.0
704707,上櫃,0.0,0.0,0.0
704711,上櫃,0.0,0.0,0.0
704712,上櫃,0.0,0.0,0.0
704715,上櫃,0.0,0.0,0.0
704716,上櫃,0.0,0.0,0.0
704719,上櫃,0.0,0.0,0.0
704720,上櫃,0.0,0.0,0.0
704721,上櫃,0.0,0.0,0.0
704723,上櫃,0.0,0.0,0.0
704724,上櫃,0.0,0.0,0.0
704725,上櫃,0.0,0.0,0.0
704726,上櫃,0.0,0.0,0.0
704728,上櫃,0.0,0.0,0.0
704729,上櫃,0.0,0.0,0.0
704730,上櫃,0.0,0.0,0.0
704731,上櫃,0.0,0.0,0.0
704733,上櫃,2.05,1.95,120.0
704736,上櫃,0.0,0.0,0.0
704739,上櫃,0.0,0.0,0.0
704743,上櫃,0.0,0.0,0.0
704744,上櫃,0.0,0.0,0.0
704745,上櫃,0.0,0.0,0.0
704746,上櫃,0.38,0.36,20.0
704748,上櫃,0.0,0.0,0.0
704749,上櫃,0.0,0.0,0.0
704750,上櫃,0.0,0.0,0.0
704751,上櫃,0.0,0.0,0.0
704756,上櫃,0.0,0.0,0.0
704760,上櫃,0.0,0.0,0.0
704766,上櫃,0.0,0.0,0.0
704767,上櫃,0.0,0.0,0.0
704768,上櫃,0.0,0.0,0.0
704769,上櫃,0.0,0.0,0.0
704770,上櫃,0.0,0.0,0.0
704771,上櫃,0.0,0.0,0.0
704772,上櫃,0.0,0.0,0.0
704773,上櫃,0.0,0.0,0.0
704775,上櫃,2.01,1.97,30.0
704778,上櫃,0.0,0.0,0.0
704781,上櫃,0.0,0.0,0.0
704784,上櫃,0.0,0.0,0.0
704786,上櫃,0.0,0.0,0.0
704787,上櫃,0.0,0.0,0.0
704789,上櫃,0.0,0.0,0.0
704790,上櫃,0.0,0.0,0.0
704792,上櫃,0.0,0.0,0.0
704793,上櫃,0.0,0.0,0.0
704794,上櫃,0.0,0.0,0.0
704795,上櫃,0.0,0.0,0.0
704804,上櫃,0.0,0.0,0.0
704807,上櫃,0.0,0.0,0.0
704820,上櫃,0.0,0.0,0.0
704821,上櫃,0.0,0.0,0.0
704822,上櫃,0.0,0.0,0.0
704823,上櫃,0.0,0.0,0.0
704824,上櫃,0.0,0.0,0.0
704826,上櫃,0.0,0.0,0.0
704827,上櫃,0.0,0.0,0.0
704829,上櫃,0.0,0.0,0.0
704831,上櫃,0.0,0.0,0.0
704832,上櫃,0.0,0.0,0.0
704833,上櫃,0.0,0.0,0.0
704834,上櫃,0.0,0.0,0.0
704837,上櫃,0.63,0.73,333.0
704839,上櫃,3.31,3.31,1.0
704840,上櫃,0.0,0.0,0.0
704841,上櫃,0.0,0.0,0.0
704842,上櫃,0.4,0.35,441.0
704843,上櫃,0.0,0.0,0.0
704844,上櫃,0.28,0.23,827.0
704845,上櫃,0.0,0.0,0.0
704846,上櫃,0.2,0.2,150.0
704847,上櫃,0.0,0.0,0.0
704848,上櫃,0.0,0.0,0.0
704849,上櫃,0.0,0.0,0.0
704850,上櫃,0.0,0.0,0.0
704851,上櫃,0.0,0.0,0.0
704852,上櫃,1.06,1.04,509.0
704858,上櫃,0.0,0.0,0.0
704876,上櫃,0.0,0.0,0.0
704877,上櫃,0.0,0.0,0.0
704878,上櫃,0.0,0.0,0.0
704879,上櫃,0.0,0.0,0.0
704880,上櫃,0.2,0.2,2.0
704881,上櫃,1.77,1.77,12.0
704882,上櫃,1.9,0.75,30.0
704883,上櫃,0.18,0.14,130.0
704884,上櫃,0.0,0.0,0.0
704885,上櫃,0.0,0.0,0.0
704886,上櫃,0.0,0.0,0.0
704893,上櫃,0.0,0.0,0.0
704895,上櫃,0.0,0.0,0.0
704896,上櫃,0.55,0.53,2.0
704897,上櫃,4.95,4.95,2.0
704898,上櫃,0.0,0.0,0.0
704899,上櫃,0.0,0.0,0.0
704900,上櫃,0.65,0.6,191.0
704901,上櫃,0.53,0.53,15.0
704902,上櫃,0.31,0.31,10.0
704903,上櫃,0.0,0.0,0.0
704904,上櫃,0.0,0.0,0.0
704905,上櫃,1.93,1.93,8.0
704906,上櫃,1.5,1.39,922.0
704907,上櫃,0.89,0.89,10.0
704910,上櫃,0.0,0.0,0.0
704911,上櫃,7.65,7.65,2.0
704915,上櫃,4.96,5.05,23.0
704925,上櫃,0.0,0.0,0.0
704929,上櫃,0.0,0.0,0.0
704934,上櫃,0.0,0.0,0.0
704935,上櫃,0.36,0.36,20.0
704936,上櫃,0.83,0.83,29.0
704937,上櫃,0.0,0.0,0.0
704940,上櫃,0.0,0.0,0.0
704941,上櫃,0.0,0.0,0.0
704942,上櫃,0.0,0.0,0.0
704943,上櫃,0.0,0.0,0.0
704944,上櫃,0.0,0.0,0.0
704945,上櫃,0.0,0.0,0.0
704946,上櫃,0.7,0.7,1.0
704947,上櫃,0.81,0.81,169.0
704948,上櫃,0.53,0.53,10.0
704949,上櫃,0.0,0.0,0.0
704950,上櫃,0.05,0.05,20.0
704951,上櫃,0.0,0.0,0.0
704952,上櫃,1.06,1.06,14.0
704953,上櫃,0.0,0.0,0.0
704954,上櫃,2.34,2.34,1.0
704955,上櫃,0.0,0.0,0.0
704957,上櫃,0.0,0.0,0.0
704958,上櫃,7.95,8.2,28.0
704962,上櫃,0.0,0.0,0.0
704963,上櫃,0.0,0.0,0.0
704966,上櫃,0.0,0.0,0.0
704968,上櫃,0.0,0.0,0.0
704983,上櫃,0.52,0.45,10.0
704984,上櫃,0.0,0.0,0.0
704995,上櫃,0.04,0.04,2.0
704997,上櫃,0.61,0.61,71.0
704998,上櫃,0.0,0.0,0.0
704999,上櫃,0.0,0.0,0.0
705000,上櫃,0.02,0.02,20.0
705001,上櫃,0.0,0.0,0.0
705002,上櫃,0.68,0.64,21.0
705003,上櫃,0.74,0.7,373.0
705004,上櫃,0.0,0.0,0.0
705005,上櫃,0.41,0.41,10.0
705006,上櫃,0.0,0.0,0.0
705007,上櫃,0.42,0.39,683.0
705008,上櫃,0.29,0.29,29.0
705009,上櫃,1.82,1.77,414.0
705010,上櫃,1.58,1.47,1529.0
705011,上櫃,0.0,0.0,0.0
705012,上櫃,0.0,0.0,0.0
705013,上櫃,0.0,0.0,0.0
705014,上櫃,0.3,0.3,10.0
705015,上櫃,4.1,3.67,151.0
705023,上櫃,1.02,0.95,45.0
705027,上櫃,0.0,0.0,0.0
705028,上櫃,0.32,0.32,100.0
705029,上櫃,0.0,0.0,0.0
705030,上櫃,0.0,0.0,0.0
705031,上櫃,1.39,1.39,1.0
705034,上櫃,0.0,0.0,0.0
705037,上櫃,0.0,0.0,0.0
705038,上櫃,0.0,0.0,0.0
705041,上櫃,0.0,0.0,0.0
705042,上櫃,0.0,0.0,0.0
705043,上櫃,0.59,0.6,9.0
705044,上櫃,0.0,0.0,0.0
705045,上櫃,0.0,0.0,0.0
705046,上櫃,0.88,0.69,34.0
705047,上櫃,0.0,0.0,0.0
705048,上櫃,0.0,0.0,0.0
705049,上櫃,0.0,0.0,0.0
705050,上櫃,0.0,0.0,0.0
705051,上櫃,8.8,8.8,2.0
705052,上櫃,0.03,0.03,7.0
705053,上櫃,0.0,0.0,0.0
705054,上櫃,0.03,0.03,125.0
705063,上櫃,2.0,2.0,1.0
705069,上櫃,0.0,0.0,0.0
705072,上櫃,0.94,0.9,60.0
705077,上櫃,5.95,5.95,10.0
705081,上櫃,1.25,1.25,10.0
705083,上櫃,0.0,0.0,0.0
705084,上櫃,0.64,0.57,56.0
705085,上櫃,0.0,0.0,0.0
705086,上櫃,0.0,0.0,0.0
705087,上櫃,0.0,0.0,0.0
705088,上櫃,0.34,0.34,48.0
705089,上櫃,0.39,0.39,10.0
705090,上櫃,0.0,0.0,0.0
705091,上櫃,0.43,0.42,34.0
705092,上櫃,0.41,0.4,210.0
705093,上櫃,0.0,0.0,0.0
705094,上櫃,0.5,0.46,161.0
705095,上櫃,0.0,0.0,0.0
705096,上櫃,0.25,0.25,20.0
705097,上櫃,0.42,0.38,200.0
705098,上櫃,0.0,0.0,0.0
705099,上櫃,0.0,0.0,0.0
705100,上櫃,0.0,0.0,0.0
705101,上櫃,0.0,0.0,0.0
705103,上櫃,2.58,2.69,23.0
705108,上櫃,0.0,0.0,0.0
705109,上櫃,0.0,0.0,0.0
705110,上櫃,0.0,0.0,0.0
705111,上櫃,0.0,0.0,0.0
705112,上櫃,0.0,0.0,0.0
705114,上櫃,0.0,0.0,0.0
705117,上櫃,0.0,0.0,0.0
705121,上櫃,0.0,0.0,0.0
705123,上櫃,0.4,0.4,60.0
705124,上櫃,0.0,0.0,0.0
705125,上櫃,0.0,0.0,0.0
705126,上櫃,0.0,0.0,0.0
705127,上櫃,0.51,0.51,220.0
705128,上櫃,0.95,0.93,19.0
705129,上櫃,0.0,0.0,0.0
705130,上櫃,0.0,0.0,0.0
705131,上櫃,0.0,0.0,0.0
705132,上櫃,0.43,0.43,2.0
705133,上櫃,0.0,0.0,0.0
705134,上櫃,0.0,0.0,0.0
705135,上櫃,1.62,1.43,104.0
705136,上櫃,0.0,0.0,0.0
705137,上櫃,0.0,0.0,0.0
705138,上櫃,0.0,0.0,0.0
705142,上櫃,0.0,0.0,0.0
705143,上櫃,0.0,0.0,0.0
705144,上櫃,0.0,0.0,0.0
705145,上櫃,0.0,0.0,0.0
705146,上櫃,0.0,0.0,0.0
705147,上櫃,0.0,0.0,0.0
705148,上櫃,0.0,0.0,0.0
705149,上櫃,0.0,0.0,0.0
705161,上櫃,0.0,0.0,0.0
705167,上櫃,0.0,0.0,0.0
705169,上櫃,0.0,0.0,0.0
705170,上櫃,0.0,0.0,0.0
705171,上櫃,0.0,0.0,0.0
705173,上櫃,11.6,11.6,1.0
705174,上櫃,0.0,0.0,0.0
705175,上櫃,0.66,0.76,14.0
705176,上櫃,3.02,3.02,5.0
705177,上櫃,0.0,0.0,0.0
705178,上櫃,0.0,0.0,0.0
705179,上櫃,0.7,0.61,25.0
705181,上櫃,0.0,0.0,0.0
705182,上櫃,0.0,0.0,0.0
705183,上櫃,0.0,0.0,0.0
705184,上櫃,0.0,0.0,0.0
705185,上櫃,0.0,0.0,0.0
705186,上櫃,0.0,0.0,0.0
705187,上櫃,0.0,0.0,0.0
705188,上櫃,0.76,0.69,81.0
705190,上櫃,1.29,1.3,104.0
705191,上櫃,0.0,0.0,0.0
705192,上櫃,1.45,1.47,3.0
705193,上櫃,1.97,1.78,83.0
705194,上櫃,0.0,0.0,0.0
705195,上櫃,0.95,0.89,50.0
705196,上櫃,0.73,0.68,255.0
705197,上櫃,0.8,0.8,19.0
705198,上櫃,0.0,0.0,0.0
705199,上櫃,0.27,0.22,150.0
705200,上櫃,0.0,0.0,0.0
705201,上櫃,0.04,0.06,606.0
705202,上櫃,0.0,0.0,0.0
705203,上櫃,0.0,0.0,0.0
705204,上櫃,0.56,0.56,2.0
705205,上櫃,1.57,1.57,30.0
705206,上櫃,0.0,0.0,0.0
705207,上櫃,0.0,0.0,0.0
705208,上櫃,0.0,0.0,0.0
705209,上櫃,0.0,0.0,0.0
705210,上櫃,0.0,0.0,0.0
705211,上櫃,0.0,0.0,0.0
705212,上櫃,0.0,0.0,0.0
705213,上櫃,0.0,0.0,0.0
705214,上櫃,0.32,0.32,208.0
705215,上櫃,0.0,0.0,0.0
705216,上櫃,0.0,0.0,0.0
705218,上櫃,0.0,0.0,0.0
705219,上櫃,0.0,0.0,0.0
705220,上櫃,0.0,0.0,0.0
705221,上櫃,0.0,0.0,0.0
705222,上櫃,0.0,0.0,0.0
705223,上櫃,0.0,0.0,0.0
705224,上櫃,0.0,0.0,0.0
705225,上櫃,5.8,5.8,1.0
705226,上櫃,0.0,0.0,0.0
705230,上櫃,0.0,0.0,0.0
705231,上櫃,0.0,0.0,0.0
705233,上櫃,2.6,2.39,239.0
705235,上櫃,0.0,0.0,0.0
705236,上櫃,0.25,0.23,80.0
705237,上櫃,0.0,0.0,0.0
705238,上櫃,3.15,3.15,1.0
705239,上櫃,0.53,0.53,28.0
705241,上櫃,2.53,2.29,13.0
705242,上櫃,0.43,0.43,10.0
705243,上櫃,0.0,0.0,0.0
705245,上櫃,0.0,0.0,0.0
705246,上櫃,0.0,0.0,0.0
705247,上櫃,0.0,0.0,0.0
705248,上櫃,0.0,0.0,0.0
705249,上櫃,0.0,0.0,0.0
705250,上櫃,0.0,0.0,0.0
705251,上櫃,0.0,0.0,0.0
705252,上櫃,0.0,0.0,0.0
705253,上櫃,0.0,0.0,0.0
705254,上櫃,0.3,0.26,78.0
705255,上櫃,0.49,0.47,221.0
705257,上櫃,1.06,1.11,44.0
705258,上櫃,1.17,1.2,1696.0
705259,上櫃,0.0,0.0,0.0
705260,上櫃,0.0,0.0,0.0
705261,上櫃,0.6,0.68,789.0
705262,上櫃,0.55,0.56,487.0
705263,上櫃,0.0,0.0,0.0
705264,上櫃,0.0,0.0,0.0
705265,上櫃,1.09,1.09,1.0
705266,上櫃,1.22,1.19,114.0
705267,上櫃,1.0,0.95,24.0
705268,上櫃,0.36,0.32,15.0
705269,上櫃,0.0,0.0,0.0
705272,上櫃,0.0,0.0,0.0
705273,上櫃,3.11,2.2,13.0
705276,上櫃,2.52,2.71,31.0
705279,上櫃,0.0,0.0,0.0
705280,上櫃,0.0,0.0,0.0
705281,上櫃,0.0,0.0,0.0
705282,上櫃,0.0,0.0,0.0
705284,上櫃,0.0,0.0,0.0
705285,上櫃,0.0,0.0,0.0
705286,上櫃,0.0,0.0,0.0
705287,上櫃,0.0,0.0,0.0
705288,上櫃,0.0,0.0,0.0
705289,上櫃,2.18,2.1,8.0
705291,上櫃,0.01,0.01,141.0
705292,上櫃,0.0,0.0,0.0
705293,上櫃,0.0,0.0,0.0
705295,上櫃,0.0,0.0,0.0
705296,上櫃,0.0,0.0,0.0
705297,上櫃,0.0,0.0,0.0
705298,上櫃,0.0,0.0,0.0
705299,上櫃,0.0,0.0,0.0
705300,上櫃,3.76,3.67,11.0
705301,上櫃,0.0,0.0,0.0
705302,上櫃,0.0,0.0,0.0
705303,上櫃,0.87,0.79,688.0
705304,上櫃,0.0,0.0,0.0
705305,上櫃,0.0,0.0,0.0
705306,上櫃,0.0,0.0,0.0
705307,上櫃,0.17,0.17,994.0
705308,上櫃,0.0,0.0,0.0
705309,上櫃,1.6,1.56,7.0
705310,上櫃,0.85,0.83,368.0
705311,上櫃,0.3,0.3,1.0
705312,上櫃,0.0,0.0,0.0
705313,上櫃,1.98,1.98,5.0
705314,上櫃,1.35,1.19,19.0
705315,上櫃,0.0,0.0,0.0
705316,上櫃,0.0,0.0,0.0
705318,上櫃,14.5,14.2,20.0
705319,上櫃,0.0,0.0,0.0
705320,上櫃,0.0,0.0,0.0
705321,上櫃,0.15,0.2,1288.0
705322,上櫃,0.0,0.0,0.0
705323,上櫃,1.18,1.18,1.0
705324,上櫃,0.49,0.53,51.0
705325,上櫃,0.58,0.63,2415.0
705327,上櫃,0.0,0.0,0.0
705328,上櫃,0.0,0.0,0.0
705329,上櫃,0.0,0.0,0.0
705330,上櫃,0.11,0.15,11.0
705331,上櫃,0.0,0.0,0.0
705332,上櫃,2.73,2.69,150.0
705333,上櫃,2.19,2.23,83.0
705335,上櫃,0.0,0.0,0.0
705337,上櫃,1.72,1.57,49.0
705338,上櫃,0.0,0.0,0.0
705339,上櫃,0.03,0.03,2.0
705340,上櫃,0.12,0.12,39.0
705341,上櫃,0.0,0.0,0.0
705342,上櫃,0.0,0.0,0.0
705343,上櫃,0.0,0.0,0.0
705344,上櫃,0.0,0.0,0.0
705345,上櫃,0.0,0.0,0.0
705346,上櫃,0.0,0.0,0.0
705347,上櫃,0.41,0.41,2.0
705348,上櫃,0.51,0.55,326.0
705349,上櫃,0.0,0.0,0.0
705350,上櫃,0.0,0.0,0.0
705351,上櫃,0.0,0.0,0.0
705352,上櫃,0.0,0.0,0.0
705353,上櫃,0.0,0.0,0.0
705354,上櫃,0.0,0.0,0.0
705355,上櫃,0.0,0.0,0.0
705356,上櫃,0.0,0.0,0.0
705357,上櫃,7.35,7.35,1.0
705358,上櫃,0.0,0.0,0.0
705360,上櫃,0.0,0.0,0.0
705362,上櫃,0.0,0.0,0.0
705363,上櫃,0.0,0.0,0.0
705364,上櫃,0.0,0.0,0.0
705365,上櫃,0.69,0.69,10.0
705366,上櫃,0.56,0.56,1.0
705367,上櫃,0.0,0.0,0.0
705368,上櫃,0.0,0.0,0.0
705369,上櫃,0.0,0.0,0.0
705370,上櫃,0.0,0.0,0.0
705371,上櫃,0.0,0.0,0.0
705372,上櫃,0.35,0.34,13.0
705373,上櫃,0.0,0.0,0.0
705374,上櫃,0.74,0.79,132.0
705375,上櫃,0.0,0.0,0.0
705376,上櫃,0.31,0.31,51.0
705377,上櫃,0.0,0.0,0.0
705378,上櫃,0.39,0.29,812.0
705379,上櫃,0.0,0.0,0.0
705380,上櫃,0.24,0.24,299.0
705381,上櫃,0.0,0.0,0.0
705382,上櫃,0.0,0.0,0.0
705383,上櫃,0.0,0.0,0.0
705384,上櫃,0.0,0.0,0.0
705385,上櫃,1.04,1.04,3.0
705386,上櫃,0.86,0.86,17.0
705387,上櫃,0.51,0.49,59.0
705388,上櫃,0.56,0.56,20.0
705389,上櫃,0.58,0.62,61.0
705390,上櫃,0.38,0.4,14.0
705391,上櫃,0.5,0.5,19.0
705392,上櫃,3.92,3.92,3.0
705393,上櫃,0.54,0.54,3.0
705394,上櫃,0.0,0.0,0.0
705395,上櫃,0.56,0.56,2.0
705396,上櫃,0.0,0.0,0.0
705397,上櫃,0.78,0.76,218.0
705398,上櫃,0.0,0.0,0.0
705399,上櫃,0.86,0.79,42.0
705400,上櫃,1.26,1.2,18.0
705401,上櫃,0.85,0.85,60.0
705402,上櫃,0.0,0.0,0.0
705403,上櫃,0.0,0.0,0.0
705404,上櫃,0.0,0.0,0.0
705405,上櫃,0.13,0.13,3.0
705406,上櫃,0.0,0.0,0.0
705408,上櫃,0.0,0.0,0.0
705409,上櫃,0.0,0.0,0.0
705410,上櫃,0.0,0.0,0.0
705411,上櫃,0.0,0.0,0.0
705412,上櫃,0.0,0.0,0.0
705413,上櫃,0.0,0.0,0.0
705415,上櫃,0.0,0.0,0.0
705416,上櫃,0.0,0.0,0.0
705417,上櫃,0.0,0.0,0.0
705418,上櫃,0.0,0.0,0.0
705419,上櫃,0.0,0.0,0.0
705421,上櫃,1.82,1.11,170.0
705422,上櫃,0.0,0.0,0.0
705423,上櫃,0.0,0.0,0.0
705425,上櫃,0.0,0.0,0.0
705426,上櫃,0.0,0.0,0.0
705427,上櫃,0.0,0.0,0.0
705428,上櫃,0.0,0.0,0.0
705429,上櫃,0.0,0.0,0.0
705430,上櫃,0.0,0.0,0.0
705431,上櫃,0.72,0.72,8.0
705432,上櫃,0.0,0.0,0.0
705433,上櫃,0.0,0.0,0.0
705434,上櫃,0.0,0.0,0.0
705435,上櫃,0.0,0.0,0.0
705436,上櫃,0.0,0.0,0.0
705437,上櫃,5.45,5.6,16.0
705438,上櫃,1.62,1.52,149.0
705439,上櫃,0.0,0.0,0.0
705440,上櫃,0.0,0.0,0.0
705441,上櫃,0.0,0.0,0.0
705442,上櫃,0.0,0.0,0.0
705443,上櫃,0.0,0.0,0.0
705444,上櫃,1.4,1.3,30.0
705445,上櫃,0.0,0.0,0.0
705446,上櫃,5.95,5.35,12.0
705447,上櫃,2.89,2.62,48.0
705448,上櫃,14.5,14.5,1.0
705449,上櫃,0.0,0.0,0.0
705450,上櫃,0.0,0.0,0.0
705451,上櫃,1.19,1.19,10.0
705452,上櫃,0.0,0.0,0.0
705453,上櫃,0.0,0.0,0.0
705455,上櫃,0.0,0.0,0.0
705456,上櫃,0.0,0.0,0.0
705457,上櫃,0.0,0.0,0.0
705458,上櫃,0.0,0.0,0.0
705459,上櫃,0.0,0.0,0.0
705460,上櫃,0.0,0.0,0.0
705461,上櫃,0.45,0.4,170.0
705462,上櫃,0.0,0.0,0.0
705463,上櫃,0.0,0.0,0.0
705464,上櫃,0.0,0.0,0.0
705466,上櫃,0.0,0.0,0.0
705467,上櫃,0.0,0.0,0.0
705468,上櫃,0.0,0.0,0.0
705469,上櫃,0.0,0.0,0.0
705471,上櫃,0.0,0.0,0.0
705472,上櫃,0.0,0.0,0.0
705473,上櫃,0.0,0.0,0.0
705474,上櫃,0.0,0.0,0.0
705475,上櫃,1.08,0.95,263.0
705476,上櫃,0.0,0.0,0.0
705477,上櫃,0.0,0.0,0.0
705478,上櫃,0.0,0.0,0.0
705479,上櫃,0.0,0.0,0.0
705480,上櫃,0.5,0.43,288.0
705481,上櫃,0.0,0.0,0.0
705482,上櫃,0.0,0.0,0.0
705483,上櫃,0.0,0.0,0.0
705484,上櫃,5.35,5.35,1.0
705485,上櫃,3.57,3.5,4.0
705486,上櫃,0.0,0.0,0.0
705487,上櫃,0.82,0.81,136.0
705488,上櫃,1.23,1.14,224.0
705489,上櫃,1.19,1.08,662.0
705490,上櫃,0.0,0.0,0.0
705491,上櫃,0.0,0.0,0.0
705492,上櫃,0.0,0.0,0.0
705494,上櫃,0.0,0.0,0.0
705496,上櫃,0.0,0.0,0.0
705497,上櫃,0.0,0.0,0.0
705500,上櫃,1.2,1.22,101.0
705501,上櫃,0.0,0.0,0.0
705502,上櫃,0.0,0.0,0.0
705503,上櫃,0.0,0.0,0.0
705504,上櫃,0.0,0.0,0.0
705505,上櫃,0.9,0.78,66.0
705506,上櫃,1.49,1.45,74.0
705507,上櫃,0.0,0.0,0.0
705508,上櫃,0.0,0.0,0.0
705509,上櫃,0.0,0.0,0.0
705510,上櫃,0.0,0.0,0.0
705511,上櫃,0.0,0.0,0.0
705512,上櫃,0.0,0.0,0.0
705513,上櫃,0.0,0.0,0.0
705515,上櫃,1.48,1.05,188.0
705516,上櫃,0.0,0.0,0.0
705517,上櫃,0.0,0.0,0.0
705519,上櫃,2.0,2.0,1.0
705520,上櫃,5.8,4.61,20.0
705521,上櫃,0.0,0.0,0.0
705522,上櫃,0.0,0.0,0.0
705523,上櫃,5.9,6.15,21.0
705524,上櫃,0.0,0.0,0.0
705525,上櫃,0.0,0.0,0.0
705526,上櫃,1.83,1.8,28.0
705527,上櫃,16.5,15.9,7.0
705529,上櫃,0.0,0.0,0.0
705530,上櫃,0.0,0.0,0.0
705531,上櫃,0.0,0.0,0.0
705532,上櫃,0.0,0.0,0.0
705533,上櫃,0.0,0.0,0.0
705534,上櫃,0.0,0.0,0.0
705535,上櫃,0.0,0.0,0.0
705536,上櫃,0.0,0.0,0.0
705537,上櫃,0.0,0.0,0.0
705539,上櫃,2.8,2.57,10.0
705540,上櫃,0.0,0.0,0.0
705541,上櫃,0.0,0.0,0.0
705544,上櫃,7.9,7.55,3.0
705545,上櫃,0.0,0.0,0.0
705546,上櫃,0.0,0.0,0.0
705547,上櫃,0.0,0.0,0.0
705548,上櫃,0.0,0.0,0.0
705549,上櫃,0.0,0.0,0.0
705550,上櫃,0.0,0.0,0.0
705551,上櫃,0.71,1.21,41.0
705552,上櫃,1.86,1.86,4.0
705553,上櫃,0.0,0.0,0.0
705554,上櫃,0.0,0.0,0.0
705555,上櫃,4.2,3.88,14.0
705556,上櫃,0.0,0.0,0.0
705557,上櫃,0.1,0.1,10.0
705558,上櫃,0.0,0.0,0.0
705559,上櫃,0.0,0.0,0.0
705560,上櫃,2.96,2.88,48.0
705562,上櫃,0.0,0.0,0.0
705563,上櫃,0.0,0.0,0.0
705564,上櫃,0.08,0.08,100.0
705565,上櫃,0.92,0.83,501.0
705566,上櫃,0.0,0.0,0.0
705567,上櫃,0.0,0.0,0.0
705568,上櫃,2.09,2.03,13.0
705569,上櫃,10.1,10.1,1.0
705570,上櫃,1.02,1.02,2.0
705571,上櫃,0.0,0.0,0.0
705572,上櫃,0.0,0.0,0.0
705574,上櫃,0.09,0.09,20.0
705575,上櫃,0.0,0.0,0.0
705576,上櫃,3.86,3.86,49.0
705577,上櫃,0.0,0.0,0.0
705578,上櫃,0.0,0.0,0.0
705580,上櫃,0.0,0.0,0.0
705581,上櫃,0.0,0.0,0.0
705583,上櫃,0.0,0.0,0.0
705584,上櫃,0.0,0.0,0.0
705585,上櫃,2.79,2.66,9.0
705586,上櫃,0.0,0.0,0.0
705587,上櫃,0.0,0.0,0.0
705588,上櫃,0.0,0.0,0.0
705589,上櫃,0.0,0.0,0.0
705590,上櫃,0.0,0.0,0.0
705591,上櫃,0.0,0.0,0.0
705592,上櫃,0.0,0.0,0.0
705593,上櫃,0.0,0.0,0.0
705594,上櫃,0.0,0.0,0.0
705595,上櫃,0.0,0.0,0.0
705596,上櫃,0.0,0.0,0.0
705597,上櫃,0.0,0.0,0.0
705598,上櫃,0.0,0.0,0.0
705599,上櫃,0.0,0.0,0.0
705600,上櫃,0.0,0.0,0.0
705601,上櫃,0.0,0.0,0.0
705602,上櫃,0.0,0.0,0.0
705603,上櫃,0.42,0.42,15.0
705604,上櫃,1.32,1.32,50.0
705605,上櫃,0.17,0.17,20.0
705606,上櫃,0.0,0.0,0.0
705608,上櫃,0.09,0.09,30.0
705610,上櫃,4.15,4.09,219.0
705611,上櫃,0.29,0.25,799.0
705612,上櫃,0.0,0.0,0.0
705613,上櫃,0.0,0.0,0.0
705614,上櫃,0.0,0.0,0.0
705615,上櫃,0.0,0.0,0.0
705616,上櫃,0.0,0.0,0.0
705617,上櫃,0.0,0.0,0.0
705618,上櫃,0.0,0.0,0.0
705619,上櫃,0.0,0.0,0.0
705620,上櫃,0.0,0.0,0.0
705621,上櫃,0.0,0.0,0.0
705622,上櫃,0.0,0.0,0.0
705625,上櫃,0.0,0.0,0.0
705626,上櫃,0.0,0.0,0.0
705627,上櫃,8.15,8.15,29.0
705628,上櫃,0.0,0.0,0.0
705629,上櫃,0.0,0.0,0.0
705630,上櫃,0.0,0.0,0.0
705631,上櫃,0.56,0.56,100.0
705632,上櫃,0.0,0.0,0.0
705633,上櫃,0.0,0.0,0.0
705634,上櫃,0.0,0.0,0.0
705635,上櫃,0.0,0.0,0.0
705636,上櫃,0.0,0.0,0.0
705637,上櫃,0.0,0.0,0.0
705638,上櫃,4.32,4.35,20.0
705640,上櫃,0.0,0.0,0.0
705641,上櫃,0.0,0.0,0.0
705642,上櫃,0.0,0.0,0.0
705643,上櫃,0.0,0.0,0.0
705644,上櫃,0.64,0.64,181.0
705646,上櫃,0.0,0.0,0.0
705647,上櫃,0.0,0.0,0.0
705648,上櫃,0.0,0.0,0.0
705649,上櫃,0.0,0.0,0.0
705650,上櫃,0.0,0.0,0.0
705652,上櫃,7.4,6.3,73.0
705653,上櫃,0.0,0.0,0.0
705654,上櫃,0.0,0.0,0.0
705656,上櫃,0.0,0.0,0.0
705657,上櫃,0.24,0.24,66.0
705659,上櫃,0.0,0.0,0.0
705661,上櫃,0.0,0.0,0.0
705662,上櫃,0.0,0.0,0.0
705664,上櫃,0.0,0.0,0.0
705665,上櫃,0.0,0.0,0.0
705666,上櫃,0.0,0.0,0.0
705667,上櫃,0.0,0.0,0.0
705668,上櫃,0.0,0.0,0.0
705671,上櫃,1.09,1.1,339.0
705672,上櫃,1.89,1.87,68.0
705673,上櫃,0.0,0.0,0.0
705674,上櫃,0.0,0.0,0.0
705675,上櫃,0.48,0.44,96.0
705676,上櫃,0.31,0.29,48.0
705677,上櫃,3.0,3.0,1.0
705678,上櫃,0.0,0.0,0.0
705679,上櫃,0.0,0.0,0.0
705680,上櫃,0.05,0.05,100.0
705681,上櫃,0.0,0.0,0.0
705682,上櫃,7.45,7.0,9.0
705683,上櫃,0.0,0.0,0.0
705684,上櫃,0.0,0.0,0.0
705685,上櫃,0.0,0.0,0.0
705686,上櫃,0.07,0.07,10.0
705688,上櫃,0.0,0.0,0.0
705690,上櫃,0.07,0.07,10.0
705691,上櫃,0.59,0.7,13.0
705692,上櫃,0.37,0.36,40.0
705693,上櫃,0.0,0.0,0.0
705694,上櫃,0.0,0.0,0.0
705695,上櫃,1.42,1.11,28.0
705696,上櫃,0.65,0.64,41.0
705697,上櫃,0.0,0.0,0.0
705698,上櫃,0.0,0.0,0.0
705699,上櫃,0.78,0.77,230.0
705701,上櫃,0.0,0.0,0.0
705702,上櫃,0.31,0.25,29.0
705703,上櫃,0.0,0.0,0.0
705704,上櫃,0.01,0.01,10.0
705705,上櫃,0.0,0.0,0.0
705706,上櫃,0.0,0.0,0.0
705707,上櫃,0.0,0.0,0.0
705708,上櫃,0.0,0.0,0.0
705709,上櫃,0.0,0.0,0.0
705711,上櫃,0.23,0.23,10.0
705712,上櫃,0.0,0.0,0.0
705713,上櫃,0.0,0.0,0.0
705714,上櫃,0.0,0.0,0.0
705715,上櫃,0.0,0.0,0.0
705716,上櫃,0.0,0.0,0.0
705717,上櫃,0.0,0.0,0.0
705718,上櫃,0.0,0.0,0.0
705719,上櫃,0.0,0.0,0.0
705720,上櫃,6.85,6.85,3.0
705721,上櫃,0.0,0.0,0.0
705722,上櫃,0.0,0.0,0.0
705723,上櫃,0.0,0.0,0.0
705724,上櫃,0.0,0.0,0.0
705725,上櫃,0.0,0.0,0.0
705726,上櫃,0.0,0.0,0.0
705727,上櫃,0.0,0.0,0.0
705728,上櫃,0.0,0.0,0.0
705729,上櫃,0.0,0.0,0.0
705730,上櫃,4.53,4.53,10.0
705731,上櫃,0.0,0.0,0.0
705732,上櫃,0.0,0.0,0.0
705733,上櫃,0.0,0.0,0.0
705734,上櫃,0.0,0.0,0.0
705735,上櫃,0.0,0.0,0.0
705736,上櫃,0.0,0.0,0.0
705737,上櫃,4.46,4.58,130.0
705738,上櫃,0.0,0.0,0.0
705739,上櫃,0.83,0.79,21.0
705740,上櫃,0.0,0.0,0.0
705741,上櫃,0.0,0.0,0.0
705742,上櫃,0.3,0.3,1.0
705744,上櫃,0.0,0.0,0.0
705747,上櫃,0.0,0.0,0.0
705748,上櫃,0.0,0.0,0.0
705749,上櫃,0.0,0.0,0.0
705753,上櫃,0.0,0.0,0.0
705754,上櫃,0.0,0.0,0.0
705755,上櫃,1.03,0.95,375.0
705757,上櫃,0.0,0.0,0.0
705758,上櫃,1.97,1.74,29.0
705759,上櫃,0.0,0.0,0.0
705762,上櫃,0.0,0.0,0.0
705763,上櫃,0.0,0.0,0.0
705764,上櫃,0.0,0.0,0.0
705766,上櫃,0.0,0.0,0.0
705768,上櫃,0.0,0.0,0.0
705769,上櫃,0.0,0.0,0.0
705770,上櫃,0.0,0.0,0.0
705771,上櫃,0.0,0.0,0.0
705773,上櫃,0.67,0.67,30.0
705774,上櫃,0.86,0.83,9.0
705775,上櫃,0.0,0.0,0.0
705776,上櫃,0.0,0.0,0.0
705777,上櫃,0.0,0.0,0.0
705778,上櫃,1.2,1.2,172.0
705779,上櫃,0.0,0.0,0.0
705780,上櫃,0.0,0.0,0.0
705781,上櫃,0.74,0.76,30.0
705782,上櫃,0.0,0.0,0.0
705783,上櫃,0.65,0.59,29.0
705784,上櫃,5.0,5.0,21.0
705785,上櫃,0.96,0.81,48.0
705786,上櫃,0.0,0.0,0.0
705787,上櫃,0.0,0.0,0.0
705790,上櫃,0.0,0.0,0.0
705791,上櫃,0.0,0.0,0.0
705792,上櫃,0.0,0.0,0.0
705793,上櫃,0.0,0.0,0.0
705794,上櫃,0.0,0.0,0.0
705795,上櫃,0.02,0.02,20.0
705796,上櫃,0.0,0.0,0.0
705797,上櫃,0.0,0.0,0.0
705798,上櫃,0.0,0.0,0.0
705799,上櫃,0.0,0.0,0.0
705800,上櫃,0.68,0.68,21.0
705801,上櫃,0.0,0.0,0.0
705802,上櫃,2.76,2.76,3.0
705803,上櫃,0.0,0.0,0.0
705804,上櫃,5.0,4.26,6.0
705805,上櫃,2.44,2.35,137.0
705806,上櫃,2.34,2.34,11.0
705807,上櫃,1.95,1.88,59.0
705808,上櫃,0.0,0.0,0.0
705809,上櫃,1.52,1.82,297.0
705810,上櫃,0.03,0.03,299.0
705811,上櫃,0.19,0.19,266.0
705812,上櫃,2.09,2.06,2.0
705813,上櫃,0.0,0.0,0.0
705814,上櫃,0.07,0.07,63.0
705815,上櫃,0.0,0.0,0.0
705817,上櫃,0.0,0.0,0.0
705818,上櫃,0.0,0.0,0.0
705819,上櫃,0.93,0.94,175.0
705820,上櫃,0.5,0.51,173.0
705823,上櫃,0.0,0.0,0.0
705824,上櫃,0.68,0.69,45.0
705825,上櫃,0.5,0.47,109.0
705826,上櫃,3.16,2.97,5.0
705827,上櫃,0.0,0.0,0.0
705828,上櫃,0.0,0.0,0.0
705829,上櫃,0.36,0.33,70.0
705830,上櫃,0.0,0.0,0.0
705831,上櫃,1.83,1.81,35.0
705832,上櫃,0.0,0.0,0.0
705833,上櫃,0.0,0.0,0.0
705835,上櫃,0.0,0.0,0.0
705837,上櫃,0.0,0.0,0.0
705838,上櫃,4.7,4.7,11.0
705839,上櫃,0.0,0.0,0.0
705841,上櫃,1.93,1.93,1.0
705842,上櫃,0.0,0.0,0.0
705843,上櫃,0.0,0.0,0.0
705844,上櫃,0.0,0.0,0.0
705845,上櫃,0.0,0.0,0.0
705846,上櫃,0.0,0.0,0.0
705847,上櫃,0.53,0.53,3.0
705848,上櫃,0.0,0.0,0.0
705849,上櫃,0.0,0.0,0.0
705851,上櫃,0.5,0.53,400.0
705852,上櫃,0.0,0.0,0.0
705853,上櫃,0.87,0.78,185.0
705854,上櫃,0.0,0.0,0.0
705855,上櫃,0.0,0.0,0.0
705856,上櫃,2.16,2.16,7.0
705857,上櫃,0.0,0.0,0.0
705858,上櫃,0.0,0.0,0.0
705859,上櫃,0.0,0.0,0.0
705860,上櫃,0.54,0.5,297.0
705861,上櫃,0.34,0.33,101.0
705862,上櫃,0.0,0.0,0.0
705863,上櫃,1.51,1.5,28.0
705864,上櫃,0.0,0.0,0.0
705865,上櫃,0.0,0.0,0.0
705866,上櫃,0.0,0.0,0.0
705867,上櫃,0.0,0.0,0.0
705870,上櫃,0.0,0.0,0.0
705871,上櫃,5.05,5.05,1.0
705872,上櫃,0.0,0.0,0.0
705874,上櫃,2.72,2.77,71.0
705875,上櫃,0.0,0.0,0.0
705876,上櫃,0.0,0.0,0.0
705877,上櫃,0.0,0.0,0.0
705878,上櫃,0.0,0.0,0.0
705879,上櫃,0.34,0.3,318.0
705880,上櫃,0.25,0.25,400.0
705881,上櫃,0.0,0.0,0.0
705882,上櫃,0.0,0.0,0.0
705883,上櫃,0.0,0.0,0.0
705886,上櫃,0.0,0.0,0.0
705887,上櫃,0.0,0.0,0.0
705888,上櫃,0.0,0.0,0.0
705889,上櫃,0.0,0.0,0.0
705890,上櫃,0.0,0.0,0.0
705891,上櫃,0.0,0.0,0.0
705892,上櫃,0.0,0.0,0.0
705893,上櫃,0.0,0.0,0.0
705894,上櫃,0.0,0.0,0.0
705895,上櫃,0.0,0.0,0.0
705896,上櫃,0.0,0.0,0.0
705897,上櫃,0.22,0.28,238.0
705899,上櫃,0.0,0.0,0.0
705900,上櫃,1.41,1.14,97.0
705901,上櫃,0.0,0.0,0.0
705902,上櫃,6.1,6.15,55.0
705903,上櫃,0.0,0.0,0.0
705904,上櫃,0.0,0.0,0.0
705905,上櫃,0.49,0.43,330.0
705906,上櫃,0.31,0.31,66.0
705907,上櫃,0.0,0.0,0.0
705908,上櫃,0.0,0.0,0.0
705909,上櫃,0.0,0.0,0.0
705911,上櫃,0.0,0.0,0.0
705913,上櫃,0.0,0.0,0.0
705914,上櫃,0.0,0.0,0.0
705915,上櫃,0.0,0.0,0.0
705916,上櫃,0.29,0.29,162.0
705917,上櫃,0.63,0.59,5.0
705918,上櫃,0.0,0.0,0.0
705920,上櫃,0.0,0.0,0.0
705921,上櫃,0.0,0.0,0.0
705922,上櫃,0.0,0.0,0.0
705923,上櫃,1.27,1.34,85.0
705924,上櫃,0.0,0.0,0.0
705925,上櫃,0.0,0.0,0.0
705926,上櫃,0.0,0.0,0.0
705927,上櫃,0.28,0.33,55.0
705928,上櫃,0.79,0.7,611.0
705929,上櫃,0.0,0.0,0.0
705930,上櫃,0.0,0.0,0.0
705931,上櫃,2.78,2.89,15.0
705932,上櫃,0.0,0.0,0.0
705933,上櫃,0.0,0.0,0.0
705934,上櫃,0.39,0.38,601.0
705935,上櫃,0.42,0.48,804.0
705936,上櫃,0.0,0.0,0.0
705937,上櫃,0.09,0.1,530.0
705938,上櫃,0.0,0.0,0.0
705939,上櫃,0.0,0.0,0.0
705940,上櫃,0.28,0.28,30.0
705941,上櫃,2.0,2.0,1.0
705942,上櫃,0.0,0.0,0.0
705943,上櫃,0.0,0.0,0.0
705944,上櫃,0.0,0.0,0.0
705945,上櫃,0.0,0.0,0.0
705946,上櫃,0.29,0.29,10.0
705947,上櫃,0.67,0.64,54.0
705948,上櫃,0.5,0.43,348.0
705949,上櫃,0.57,0.57,6.0
705950,上櫃,0.0,0.0,0.0
705951,上櫃,0.0,0.0,0.0
705952,上櫃,1.04,0.98,23.0
705953,上櫃,0.0,0.0,0.0
705954,上櫃,0.0,0.0,0.0
705955,上櫃,0.0,0.0,0.0
705956,上櫃,0.0,0.0,0.0
705957,上櫃,0.0,0.0,0.0
705958,上櫃,0.0,0.0,0.0
705959,上櫃,0.0,0.0,0.0
705960,上櫃,6.7,6.5,18.0
705962,上櫃,0.0,0.0,0.0
705965,上櫃,0.0,0.0,0.0
705966,上櫃,0.01,0.01,50.0
705967,上櫃,0.0,0.0,0.0
705968,上櫃,0.0,0.0,0.0
705969,上櫃,0.18,0.22,40.0
705972,上櫃,1.32,1.16,153.0
705974,上櫃,0.0,0.0,0.0
705975,上櫃,0.0,0.0,0.0
705982,上櫃,0.0,0.0,0.0
705983,上櫃,0.0,0.0,0.0
705984,上櫃,0.0,0.0,0.0
705985,上櫃,0.48,0.46,127.0
705986,上櫃,0.16,0.11,6.0
705987,上櫃,0.0,0.0,0.0
705988,上櫃,0.0,0.0,0.0
705989,上櫃,0.0,0.0,0.0
705991,上櫃,0.0,0.0,0.0
705992,上櫃,2.55,2.31,26.0
705993,上櫃,0.0,0.0,0.0
705994,上櫃,0.0,0.0,0.0
705995,上櫃,1.44,1.35,53.0
705996,上櫃,0.0,0.0,0.0
705997,上櫃,0.0,0.0,0.0
705998,上櫃,2.66,2.57,78.0
706000,上櫃,0.0,0.0,0.0
706001,上櫃,0.0,0.0,0.0
706002,上櫃,0.0,0.0,0.0
706003,上櫃,1.26,1.08,29.0
706004,上櫃,0.0,0.0,0.0
706005,上櫃,0.0,0.0,0.0
706006,上櫃,0.0,0.0,0.0
706008,上櫃,0.0,0.0,0.0
706009,上櫃,0.0,0.0,0.0
706010,上櫃,0.0,0.0,0.0
706011,上櫃,0.0,0.0,0.0
706012,上櫃,0.0,0.0,0.0
706014,上櫃,0.0,0.0,0.0
706015,上櫃,0.45,0.41,161.0
706016,上櫃,0.0,0.0,0.0
706017,上櫃,0.0,0.0,0.0
706018,上櫃,0.0,0.0,0.0
706019,上櫃,3.34,3.16,35.0
706020,上櫃,0.0,0.0,0.0
706021,上櫃,0.0,0.0,0.0
706023,上櫃,0.0,0.0,0.0
706025,上櫃,0.0,0.0,0.0
706026,上櫃,0.86,0.84,11.0
706027,上櫃,0.0,0.0,0.0
706028,上櫃,0.0,0.0,0.0
706029,上櫃,0.37,0.37,20.0
706030,上櫃,0.0,0.0,0.0
706031,上櫃,0.0,0.0,0.0
706032,上櫃,0.0,0.0,0.0
706033,上櫃,0.51,0.51,1.0
706034,上櫃,1.78,1.65,144.0
706035,上櫃,0.0,0.0,0.0
706036,上櫃,0.61,0.59,338.0
706037,上櫃,0.0,0.0,0.0
706038,上櫃,0.0,0.0,0.0
706039,上櫃,0.0,0.0,0.0
706040,上櫃,0.51,0.51,4.0
706041,上櫃,0.0,0.0,0.0
706042,上櫃,0.0,0.0,0.0
706043,上櫃,0.0,0.0,0.0
706044,上櫃,0.13,0.13,449.0
706045,上櫃,0.0,0.0,0.0
706046,上櫃,0.0,0.0,0.0
706047,上櫃,0.0,0.0,0.0
706048,上櫃,0.92,0.97,226.0
706049,上櫃,2.02,1.99,2.0
706050,上櫃,0.0,0.0,0.0
706051,上櫃,0.0,0.0,0.0
706052,上櫃,0.0,0.0,0.0
706053,上櫃,0.0,0.0,0.0
706054,上櫃,0.44,0.4,507.0
706055,上櫃,0.43,0.41,621.0
706057,上櫃,0.0,0.0,0.0
706058,上櫃,0.53,0.53,10.0
706060,上櫃,3.38,3.28,70.0
706061,上櫃,0.0,0.0,0.0
706062,上櫃,0.0,0.0,0.0
706063,上櫃,0.0,0.0,0.0
706064,上櫃,4.0,2.98,139.0
706066,上櫃,0.0,0.0,0.0
706067,上櫃,0.0,0.0,0.0
706068,上櫃,0.0,0.0,0.0
706069,上櫃,0.38,0.37,63.0
706070,上櫃,0.61,0.57,140.0
706071,上櫃,1.26,1.12,17.0
706072,上櫃,0.0,0.0,0.0
706073,上櫃,0.0,0.0,0.0
706074,上櫃,2.71,2.74,48.0
706076,上櫃,0.43,0.43,5.0
706077,上櫃,0.0,0.0,0.0
706078,上櫃,0.6,0.77,20.0
706080,上櫃,0.0,0.0,0.0
706081,上櫃,0.37,0.37,31.0
706082,上櫃,0.0,0.0,0.0
706083,上櫃,0.0,0.0,0.0
706084,上櫃,0.0,0.0,0.0
706085,上櫃,0.0,0.0,0.0
706086,上櫃,0.0,0.0,0.0
706087,上櫃,0.0,0.0,0.0
706088,上櫃,4.98,4.95,6.0
706089,上櫃,0.0,0.0,0.0
706090,上櫃,0.0,0.0,0.0
706091,上櫃,0.3,0.3,44.0
706092,上櫃,0.49,0.52,15.0
706093,上櫃,0.0,0.0,0.0
706094,上櫃,0.0,0.0,0.0
706095,上櫃,0.29,0.29,180.0
706096,上櫃,0.0,0.0,0.0
706097,上櫃,1.04,1.01,430.0
706098,上櫃,1.8,1.56,6.0
706099,上櫃,0.0,0.0,0.0
706100,上櫃,0.0,0.0,0.0
706101,上櫃,0.0,0.0,0.0
706103,上櫃,0.4,0.4,998.0
706105,上櫃,0.0,0.0,0.0
706106,上櫃,0.0,0.0,0.0
706108,上櫃,1.38,1.2,67.0
706109,上櫃,0.0,0.0,0.0
706110,上櫃,0.0,0.0,0.0
706111,上櫃,0.0,0.0,0.0
706113,上櫃,0.0,0.0,0.0
706114,上櫃,0.4,0.33,462.0
706115,上櫃,0.0,0.0,0.0
706116,上櫃,0.0,0.0,0.0
706117,上櫃,0.0,0.0,0.0
706118,上櫃,0.0,0.0,0.0
706119,上櫃,0.0,0.0,0.0
706120,上櫃,0.44,0.37,749.0
706121,上櫃,2.38,1.69,1683.0
706122,上櫃,6.1,6.0,40.0
706124,上櫃,0.0,0.0,0.0
706125,上櫃,1.66,1.66,80.0
706126,上櫃,0.0,0.0,0.0
706127,上櫃,0.81,0.77,139.0
706128,上櫃,0.0,0.0,0.0
706129,上櫃,0.0,0.0,0.0
706130,上櫃,0.23,0.23,10.0
706131,上櫃,0.0,0.0,0.0
706132,上櫃,0.0,0.0,0.0
706133,上櫃,0.0,0.0,0.0
706134,上櫃,1.63,1.33,1075.0
706135,上櫃,0.82,0.71,1127.0
706136,上櫃,1.18,1.04,903.0
706137,上櫃,0.93,0.81,1380.0
706138,上櫃,0.0,0.0,0.0
706139,上櫃,0.68,0.7,109.0
706140,上櫃,0.0,0.0,0.0
706141,上櫃,0.0,0.0,0.0
706142,上櫃,0.36,0.36,7.0
706143,上櫃,1.83,1.83,2.0
706144,上櫃,0.0,0.0,0.0
706145,上櫃,1.2,1.23,724.0
706146,上櫃,0.0,0.0,0.0
706147,上櫃,5.4,5.4,1.0
706148,上櫃,2.69,2.0,14.0
706149,上櫃,3.12,2.27,104.0
706150,上櫃,4.98,4.84,406.0
706152,上櫃,0.0,0.0,0.0
706153,上櫃,2.56,2.56,3.0
706154,上櫃,0.35,0.35,9.0
706155,上櫃,0.0,0.0,0.0
706157,上櫃,0.0,0.0,0.0
706158,上櫃,0.0,0.0,0.0
706159,上櫃,5.8,5.8,10.0
706160,上櫃,2.99,2.85,201.0
706161,上櫃,0.0,0.0,0.0
706162,上櫃,0.0,0.0,0.0
706163,上櫃,0.0,0.0,0.0
706164,上櫃,0.0,0.0,0.0
706165,上櫃,0.0,0.0,0.0
706166,上櫃,0.0,0.0,0.0
706168,上櫃,0.58,0.56,60.0
706169,上櫃,0.0,0.0,0.0
706170,上櫃,1.02,0.94,62.0
706171,上櫃,0.0,0.0,0.0
706172,上櫃,0.0,0.0,0.0
706173,上櫃,0.07,0.06,200.0
706174,上櫃,0.0,0.0,0.0
706175,上櫃,0.0,0.0,0.0
706176,上櫃,4.13,3.61,22.0
706177,上櫃,0.0,0.0,0.0
706178,上櫃,0.88,0.88,5.0
706179,上櫃,0.55,0.54,108.0
706180,上櫃,0.0,0.0,0.0
706181,上櫃,0.0,0.0,0.0
706182,上櫃,2.03,2.01,86.0
706183,上櫃,0.0,0.0,0.0
706184,上櫃,0.31,0.3,529.0
706185,上櫃,0.0,0.0,0.0
706186,上櫃,0.58,0.58,8.0
706189,上櫃,1.68,1.68,10.0
706190,上櫃,1.7,1.27,1141.0
706191,上櫃,0.0,0.0,0.0
706192,上櫃,0.0,0.0,0.0
706193,上櫃,0.0,0.0,0.0
706194,上櫃,0.0,0.0,0.0
706195,上櫃,0.0,0.0,0.0
706196,上櫃,0.0,0.0,0.0
706197,上櫃,0.0,0.0,0.0
706198,上櫃,0.0,0.0,0.0
706199,上櫃,0.0,0.0,0.0
706200,上櫃,0.0,0.0,0.0
706201,上櫃,0.3,0.3,10.0
706202,上櫃,0.0,0.0,0.0
706203,上櫃,0.79,0.78,147.0
706204,上櫃,0.0,0.0,0.0
706205,上櫃,0.0,0.0,0.0
706206,上櫃,0.68,0.66,90.0
706207,上櫃,2.73,2.38,367.0
706208,上櫃,5.85,5.8,348.0
706209,上櫃,4.81,4.69,418.0
706210,上櫃,0.0,0.0,0.0
706212,上櫃,0.0,0.0,0.0
706213,上櫃,0.0,0.0,0.0
706214,上櫃,1.71,1.4,720.0
706215,上櫃,0.0,0.0,0.0
706216,上櫃,0.0,0.0,0.0
706217,上櫃,0.0,0.0,0.0
706218,上櫃,0.0,0.0,0.0
706219,上櫃,0.0,0.0,0.0
706220,上櫃,0.0,0.0,0.0
706221,上櫃,0.0,0.0,0.0
706222,上櫃,0.0,0.0,0.0
706223,上櫃,1.9,1.87,1125.0
706224,上櫃,0.0,0.0,0.0
706225,上櫃,0.51,0.51,20.0
706226,上櫃,0.0,0.0,0.0
706227,上櫃,0.0,0.0,0.0
706228,上櫃,2.43,2.25,15.0
706229,上櫃,0.0,0.0,0.0
706230,上櫃,0.0,0.0,0.0
706231,上櫃,0.0,0.0,0.0
706232,上櫃,0.04,0.04,7.0
706233,上櫃,0.0,0.0,0.0
706234,上櫃,0.0,0.0,0.0
706235,上櫃,1.24,1.05,185.0
706236,上櫃,0.49,0.49,8.0
706237,上櫃,0.0,0.0,0.0
706238,上櫃,0.0,0.0,0.0
706239,上櫃,0.0,0.0,0.0
706240,上櫃,0.0,0.0,0.0
706241,上櫃,5.1,5.1,2.0
706242,上櫃,0.1,0.1,4.0
706243,上櫃,0.17,0.17,150.0
706244,上櫃,0.52,0.39,30.0
706245,上櫃,0.0,0.0,0.0
706246,上櫃,0.0,0.0,0.0
706247,上櫃,0.53,0.56,100.0
706248,上櫃,1.74,1.74,10.0
706249,上櫃,0.3,0.3,5.0
706250,上櫃,7.2,7.2,1.0
706251,上櫃,6.45,6.35,12.0
706252,上櫃,0.0,0.0,0.0
706253,上櫃,5.6,5.55,15.0
706255,上櫃,0.0,0.0,0.0
706256,上櫃,0.0,0.0,0.0
706257,上櫃,0.0,0.0,0.0
706258,上櫃,3.45,3.1,11.0
706259,上櫃,0.5,0.5,1.0
706260,上櫃,0.63,0.48,645.0
706261,上櫃,0.0,0.0,0.0
706264,上櫃,0.0,0.0,0.0
706265,上櫃,1.09,1.09,93.0
706267,上櫃,0.73,0.5,1022.0
706268,上櫃,0.0,0.0,0.0
706269,上櫃,0.62,0.42,198.0
706271,上櫃,0.0,0.0,0.0
706273,上櫃,0.0,0.0,0.0
706274,上櫃,0.0,0.0,0.0
706275,上櫃,4.58,4.4,226.0
706276,上櫃,0.0,0.0,0.0
706278,上櫃,0.77,0.69,152.0
706279,上櫃,0.0,0.0,0.0
706280,上櫃,0.0,0.0,0.0
706281,上櫃,0.0,0.0,0.0
706282,上櫃,0.51,0.37,32.0
706283,上櫃,0.32,0.25,797.0
706284,上櫃,0.0,0.0,0.0
706285,上櫃,4.55,4.91,60.0
706286,上櫃,0.0,0.0,0.0
706287,上櫃,0.46,0.37,1107.0
706288,上櫃,0.0,0.0,0.0
706289,上櫃,1.15,1.15,150.0
706291,上櫃,0.0,0.0,0.0
706292,上櫃,0.0,0.0,0.0
706293,上櫃,0.0,0.0,0.0
706294,上櫃,4.61,4.58,59.0
706295,上櫃,0.0,0.0,0.0
706296,上櫃,0.0,0.0,0.0
706297,上櫃,0.0,0.0,0.0
706298,上櫃,0.22,0.22,6.0
706299,上櫃,0.49,0.44,128.0
706300,上櫃,0.8,0.68,50.0
706301,上櫃,0.18,0.18,3.0
706302,上櫃,0.96,0.96,1.0
706303,上櫃,0.0,0.0,0.0
706305,上櫃,0.0,0.0,0.0
706306,上櫃,0.0,0.0,0.0
706308,上櫃,3.9,3.72,251.0
706310,上櫃,0.0,0.0,0.0
706311,上櫃,0.0,0.0,0.0
706312,上櫃,0.0,0.0,0.0
706313,上櫃,0.0,0.0,0.0
706314,上櫃,0.0,0.0,0.0
706316,上櫃,0.0,0.0,0.0
706317,上櫃,0.0,0.0,0.0
706318,上櫃,0.0,0.0,0.0
706319,上櫃,0.0,0.0,0.0
706320,上櫃,0.0,0.0,0.0
706321,上櫃,0.28,0.28,32.0
706322,上櫃,1.9,1.9,9.0
706324,上櫃,4.98,5.45,40.0
706325,上櫃,0.0,0.0,0.0
706326,上櫃,0.75,0.64,110.0
706327,上櫃,0.67,0.61,21.0
706328,上櫃,1.83,1.89,14.0
706329,上櫃,0.0,0.0,0.0
706330,上櫃,0.0,0.0,0.0
706331,上櫃,1.74,1.74,2.0
706332,上櫃,0.0,0.0,0.0
706334,上櫃,0.0,0.0,0.0
706335,上櫃,0.0,0.0,0.0
706336,上櫃,0.0,0.0,0.0
706337,上櫃,0.0,0.0,0.0
706338,上櫃,0.0,0.0,0.0
706339,上櫃,0.57,0.51,292.0
706340,上櫃,0.56,0.56,361.0
706341,上櫃,0.65,0.64,100.0
706342,上櫃,1.04,0.95,612.0
706343,上櫃,0.0,0.0,0.0
706344,上櫃,0.0,0.0,0.0
706345,上櫃,1.1,1.0,85.0
706346,上櫃,0.0,0.0,0.0
706347,上櫃,0.0,0.0,0.0
706348,上櫃,1.21,1.17,154.0
706349,上櫃,1.27,1.22,555.0
706350,上櫃,0.0,0.0,0.0
706351,上櫃,1.12,1.12,61.0
706353,上櫃,0.0,0.0,0.0
706354,上櫃,0.97,0.86,801.0
706355,上櫃,0.0,0.0,0.0
706357,上櫃,0.0,0.0,0.0
706358,上櫃,0.0,0.0,0.0
706359,上櫃,0.0,0.0,0.0
706360,上櫃,2.56,2.56,7.0
706361,上櫃,0.0,0.0,0.0
706362,上櫃,0.0,0.0,0.0
706363,上櫃,0.0,0.0,0.0
706364,上櫃,0.0,0.0,0.0
706365,上櫃,0.0,0.0,0.0
706366,上櫃,0.0,0.0,0.0
706367,上櫃,0.0,0.0,0.0
706368,上櫃,0.0,0.0,0.0
706369,上櫃,0.0,0.0,0.0
706370,上櫃,0.0,0.0,0.0
706371,上櫃,0.0,0.0,0.0
706372,上櫃,0.0,0.0,0.0
706373,上櫃,0.0,0.0,0.0
706374,上櫃,0.0,0.0,0.0
706375,上櫃,1.69,1.63,5.0
706376,上櫃,0.0,0.0,0.0
706378,上櫃,0.25,0.25,70.0
706379,上櫃,0.0,0.0,0.0
706380,上櫃,0.0,0.0,0.0
706382,上櫃,0.0,0.0,0.0
706383,上櫃,0.0,0.0,0.0
706384,上櫃,0.0,0.0,0.0
706385,上櫃,0.07,0.07,50.0
706386,上櫃,0.0,0.0,0.0
706387,上櫃,0.0,0.0,0.0
706388,上櫃,0.0,0.0,0.0
706389,上櫃,0.0,0.0,0.0
706390,上櫃,0.46,0.46,100.0
706391,上櫃,0.0,0.0,0.0
706392,上櫃,0.0,0.0,0.0
706393,上櫃,0.0,0.0,0.0
706394,上櫃,0.0,0.0,0.0
706395,上櫃,0.32,0.32,40.0
706396,上櫃,0.0,0.0,0.0
706398,上櫃,0.0,0.0,0.0
706399,上櫃,0.19,0.19,6.0
706400,上櫃,0.0,0.0,0.0
706401,上櫃,0.0,0.0,0.0
706402,上櫃,0.0,0.0,0.0
706403,上櫃,0.0,0.0,0.0
706404,上櫃,0.0,0.0,0.0
706405,上櫃,0.0,0.0,0.0
706406,上櫃,0.0,0.0,0.0
706407,上櫃,0.0,0.0,0.0
706408,上櫃,0.0,0.0,0.0
706410,上櫃,0.0,0.0,0.0
706411,上櫃,2.58,2.33,20.0
706412,上櫃,0.0,0.0,0.0
706413,上櫃,0.0,0.0,0.0
706414,上櫃,0.0,0.0,0.0
706415,上櫃,0.0,0.0,0.0
706416,上櫃,0.0,0.0,0.0
706417,上櫃,0.0,0.0,0.0
706418,上櫃,0.0,0.0,0.0
706419,上櫃,0.77,0.74,1279.0
706420,上櫃,0.0,0.0,0.0
706421,上櫃,0.28,0.2,142.0
706422,上櫃,1.15,1.15,9.0
706423,上櫃,0.0,0.0,0.0
706424,上櫃,0.0,0.0,0.0
706425,上櫃,0.62,0.51,379.0
706426,上櫃,0.0,0.0,0.0
706427,上櫃,0.0,0.0,0.0
706428,上櫃,2.41,2.41,10.0
706429,上櫃,0.0,0.0,0.0
706431,上櫃,0.0,0.0,0.0
706432,上櫃,0.29,0.28,14.0
706433,上櫃,0.0,0.0,0.0
706434,上櫃,0.0,0.0,0.0
706436,上櫃,0.0,0.0,0.0
706437,上櫃,0.38,0.36,109.0
706438,上櫃,0.53,0.43,8.0
706439,上櫃,0.0,0.0,0.0
706441,上櫃,1.3,1.39,41.0
706442,上櫃,4.03,3.77,90.0
706443,上櫃,0.0,0.0,0.0
706444,上櫃,0.0,0.0,0.0
706445,上櫃,0.0,0.0,0.0
706446,上櫃,0.5,0.5,31.0
706447,上櫃,0.0,0.0,0.0
706448,上櫃,0.0,0.0,0.0
706449,上櫃,0.0,0.0,0.0
706450,上櫃,0.0,0.0,0.0
706451,上櫃,0.0,0.0,0.0
706452,上櫃,0.0,0.0,0.0
706453,上櫃,0.8,0.79,267.0
706454,上櫃,18.6,18.6,2.0
706455,上櫃,0.0,0.0,0.0
706456,上櫃,1.96,1.88,51.0
706457,上櫃,0.0,0.0,0.0
706458,上櫃,0.0,0.0,0.0
706459,上櫃,0.0,0.0,0.0
706460,上櫃,0.48,0.44,10.0
706461,上櫃,1.2,1.2,10.0
706462,上櫃,2.09,2.09,2.0
706463,上櫃,0.0,0.0,0.0
706464,上櫃,0.0,0.0,0.0
706465,上櫃,0.0,0.0,0.0
706466,上櫃,0.0,0.0,0.0
706467,上櫃,0.0,0.0,0.0
706468,上櫃,0.0,0.0,0.0
706470,上櫃,0.0,0.0,0.0
706471,上櫃,0.0,0.0,0.0
706472,上櫃,4.83,4.65,140.0
706474,上櫃,0.0,0.0,0.0
706475,上櫃,0.08,0.08,50.0
706476,上櫃,0.0,0.0,0.0
706477,上櫃,0.0,0.0,0.0
706479,上櫃,1.34,1.34,10.0
706480,上櫃,0.0,0.0,0.0
706481,上櫃,0.0,0.0,0.0
706482,上櫃,0.0,0.0,0.0
706484,上櫃,2.38,2.38,5.0
706485,上櫃,0.0,0.0,0.0
706486,上櫃,0.0,0.0,0.0
706488,上櫃,0.0,0.0,0.0
706489,上櫃,0.0,0.0,0.0
706490,上櫃,0.0,0.0,0.0
706491,上櫃,0.0,0.0,0.0
706492,上櫃,0.48,0.45,40.0
706493,上櫃,0.0,0.0,0.0
706496,上櫃,0.79,0.79,10.0
706497,上櫃,0.0,0.0,0.0
706498,上櫃,2.0,2.0,200.0
706499,上櫃,0.0,0.0,0.0
706500,上櫃,0.0,0.0,0.0
706501,上櫃,0.0,0.0,0.0
706502,上櫃,0.0,0.0,0.0
706503,上櫃,0.87,0.76,189.0
706504,上櫃,0.0,0.0,0.0
706505,上櫃,0.0,0.0,0.0
706506,上櫃,0.0,0.0,0.0
706507,上櫃,0.0,0.0,0.0
706508,上櫃,0.0,0.0,0.0
706509,上櫃,0.0,0.0,0.0
706510,上櫃,0.0,0.0,0.0
706511,上櫃,0.0,0.0,0.0
706512,上櫃,0.0,0.0,0.0
706513,上櫃,0.0,0.0,0.0
706514,上櫃,0.0,0.0,0.0
706515,上櫃,0.0,0.0,0.0
706516,上櫃,0.0,0.0,0.0
706517,上櫃,0.0,0.0,0.0
706519,上櫃,0.0,0.0,0.0
706520,上櫃,0.0,0.0,0.0
706521,上櫃,0.14,0.14,68.0
706522,上櫃,0.0,0.0,0.0
706523,上櫃,0.34,0.29,284.0
706524,上櫃,0.26,0.26,10.0
706526,上櫃,0.0,0.0,0.0
706528,上櫃,0.87,0.87,17.0
706530,上櫃,0.0,0.0,0.0
706531,上櫃,0.0,0.0,0.0
706532,上櫃,0.0,0.0,0.0
706533,上櫃,0.0,0.0,0.0
706534,上櫃,2.77,2.4,220.0
706535,上櫃,0.0,0.0,0.0
706536,上櫃,0.73,0.66,367.0
706537,上櫃,0.33,0.27,282.0
706538,上櫃,0.0,0.0,0.0
706539,上櫃,0.08,0.07,40.0
706540,上櫃,0.0,0.0,0.0
706541,上櫃,0.0,0.0,0.0
706543,上櫃,0.0,0.0,0.0
706544,上櫃,0.18,0.18,60.0
706545,上櫃,1.75,1.75,10.0
706547,上櫃,0.0,0.0,0.0
706548,上櫃,0.0,0.0,0.0
706549,上櫃,0.73,0.66,30.0
706550,上櫃,0.0,0.0,0.0
706551,上櫃,0.0,0.0,0.0
706553,上櫃,0.0,0.0,0.0
706554,上櫃,0.03,0.03,10.0
706555,上櫃,0.0,0.0,0.0
706557,上櫃,0.0,0.0,0.0
706558,上櫃,0.0,0.0,0.0
706559,上櫃,0.41,0.41,182.0
706560,上櫃,0.0,0.0,0.0
706561,上櫃,0.0,0.0,0.0
706562,上櫃,0.0,0.0,0.0
706563,上櫃,0.0,0.0,0.0
706564,上櫃,0.24,0.24,44.0
706565,上櫃,0.75,0.72,746.0
706566,上櫃,0.88,0.82,603.0
706567,上櫃,0.18,0.15,388.0
706568,上櫃,0.0,0.0,0.0
706569,上櫃,0.0,0.0,0.0
706570,上櫃,0.0,0.0,0.0
706571,上櫃,0.02,0.02,135.0
706572,上櫃,0.8,0.8,1.0
706573,上櫃,2.69,2.68,127.0
706574,上櫃,1.07,1.07,1.0
706575,上櫃,2.01,2.01,200.0
706576,上櫃,1.7,1.7,5.0
706578,上櫃,0.0,0.0,0.0
706579,上櫃,0.52,0.5,45.0
706580,上櫃,0.0,0.0,0.0
706581,上櫃,0.0,0.0,0.0
706585,上櫃,0.29,0.29,6.0
706588,上櫃,0.0,0.0,0.0
706589,上櫃,0.0,0.0,0.0
706590,上櫃,0.0,0.0,0.0
706591,上櫃,0.0,0.0,0.0
706592,上櫃,0.41,0.41,392.0
706593,上櫃,0.0,0.0,0.0
706594,上櫃,0.17,0.17,110.0
706595,上櫃,0.9,0.82,3.0
706596,上櫃,2.65,2.65,3.0
706597,上櫃,3.41,2.93,265.0
706599,上櫃,0.0,0.0,0.0
706600,上櫃,0.99,0.99,1.0
706601,上櫃,0.0,0.0,0.0
706603,上櫃,0.0,0.0,0.0
706604,上櫃,0.0,0.0,0.0
706605,上櫃,0.15,0.14,20.0
706606,上櫃,0.0,0.0,0.0
706607,上櫃,0.0,0.0,0.0
706608,上櫃,0.0,0.0,0.0
706609,上櫃,0.0,0.0,0.0
706610,上櫃,0.0,0.0,0.0
706611,上櫃,2.25,2.05,78.0
706612,上櫃,0.49,0.48,95.0
706613,上櫃,1.0,1.06,459.0
706615,上櫃,0.0,0.0,0.0
706616,上櫃,0.0,0.0,0.0
706617,上櫃,0.0,0.0,0.0
706618,上櫃,0.31,0.3,848.0
706619,上櫃,0.0,0.0,0.0
706620,上櫃,1.25,1.25,30.0
706621,上櫃,0.0,0.0,0.0
706622,上櫃,0.88,0.9,217.0
706623,上櫃,0.0,0.0,0.0
706624,上櫃,0.0,0.0,0.0
706625,上櫃,1.52,1.48,250.0
706626,上櫃,0.0,0.0,0.0
706627,上櫃,0.11,0.11,77.0
706630,上櫃,0.0,0.0,0.0
706631,上櫃,0.0,0.0,0.0
706632,上櫃,0.0,0.0,0.0
706633,上櫃,0.0,0.0,0.0
706634,上櫃,0.0,0.0,0.0
706635,上櫃,0.0,0.0,0.0
706636,上櫃,0.0,0.0,0.0
706638,上櫃,0.19,0.19,5.0
706639,上櫃,0.0,0.0,0.0
706640,上櫃,0.0,0.0,0.0
706641,上櫃,0.0,0.0,0.0
706642,上櫃,0.0,0.0,0.0
706643,上櫃,0.0,0.0,0.0
706645,上櫃,0.0,0.0,0.0
706646,上櫃,0.0,0.0,0.0
706647,上櫃,0.0,0.0,0.0
706648,上櫃,0.0,0.0,0.0
706649,上櫃,0.0,0.0,0.0
706650,上櫃,0.3,0.3,70.0
706652,上櫃,0.0,0.0,0.0
706653,上櫃,0.0,0.0,0.0
706654,上櫃,0.0,0.0,0.0
706655,上櫃,0.0,0.0,0.0
706656,上櫃,0.0,0.0,0.0
706657,上櫃,0.0,0.0,0.0
706658,上櫃,0.0,0.0,0.0
706659,上櫃,0.61,0.58,678.0
706660,上櫃,0.0,0.0,0.0
706661,上櫃,0.0,0.0,0.0
706662,上櫃,0.48,0.48,154.0
706663,上櫃,0.0,0.0,0.0
706664,上櫃,0.0,0.0,0.0
706665,上櫃,0.1,0.1,30.0
706666,上櫃,0.0,0.0,0.0
706667,上櫃,0.0,0.0,0.0
706669,上櫃,0.53,0.53,2.0
706670,上櫃,0.59,0.59,200.0
706671,上櫃,0.0,0.0,0.0
706672,上櫃,0.22,0.22,1.0
706673,上櫃,0.99,0.99,50.0
706674,上櫃,0.0,0.0,0.0
706675,上櫃,1.23,1.23,7.0
706676,上櫃,0.0,0.0,0.0
706677,上櫃,0.68,0.68,10.0
706678,上櫃,0.57,0.5,11.0
706679,上櫃,0.0,0.0,0.0
706680,上櫃,0.0,0.0,0.0
706681,上櫃,0.0,0.0,0.0
706683,上櫃,0.0,0.0,0.0
706684,上櫃,1.14,1.14,10.0
706685,上櫃,0.0,0.0,0.0
706686,上櫃,0.0,0.0,0.0
706687,上櫃,0.0,0.0,0.0
706689,上櫃,0.0,0.0,0.0
706690,上櫃,0.0,0.0,0.0
706691,上櫃,0.48,0.48,5.0
706692,上櫃,0.0,0.0,0.0
706693,上櫃,0.0,0.0,0.0
706694,上櫃,0.0,0.0,0.0
706695,上櫃,0.0,0.0,0.0
706696,上櫃,0.77,0.67,22.0
706697,上櫃,0.0,0.0,0.0
706698,上櫃,0.0,0.0,0.0
706699,上櫃,0.0,0.0,0.0
706700,上櫃,0.0,0.0,0.0
706701,上櫃,0.39,0.31,44.0
706702,上櫃,0.0,0.0,0.0
706703,上櫃,0.58,0.59,52.0
706704,上櫃,2.02,2.08,68.0
706705,上櫃,0.67,0.54,42.0
706707,上櫃,0.0,0.0,0.0
706708,上櫃,1.31,1.27,30.0
706710,上櫃,0.44,0.42,83.0
706711,上櫃,0.51,0.45,412.0
706712,上櫃,0.0,0.0,0.0
706713,上櫃,1.3,1.2,38.0
706714,上櫃,0.42,0.48,126.0
706715,上櫃,0.0,0.0,0.0
706716,上櫃,0.0,0.0,0.0
706717,上櫃,0.4,0.4,1.0
706721,上櫃,0.0,0.0,0.0
706723,上櫃,0.0,0.0,0.0
706724,上櫃,0.0,0.0,0.0
706726,上櫃,0.0,0.0,0.0
706727,上櫃,0.0,0.0,0.0
706729,上櫃,0.0,0.0,0.0
706730,上櫃,0.0,0.0,0.0
706731,上櫃,0.0,0.0,0.0
706732,上櫃,1.22,1.09,280.0
706733,上櫃,0.0,0.0,0.0
706734,上櫃,0.0,0.0,0.0
706735,上櫃,0.0,0.0,0.0
706736,上櫃,0.0,0.0,0.0
706737,上櫃,0.0,0.0,0.0
706738,上櫃,0.0,0.0,0.0
706740,上櫃,0.0,0.0,0.0
706741,上櫃,0.0,0.0,0.0
706742,上櫃,0.0,0.0,0.0
706743,上櫃,2.44,1.87,388.0
706744,上櫃,0.5,0.5,5.0
706745,上櫃,3.11,3.11,10.0
706746,上櫃,0.0,0.0,0.0
706747,上櫃,0.0,0.0,0.0
706748,上櫃,0.84,0.84,4.0
706749,上櫃,0.94,0.88,190.0
706750,上櫃,0.0,0.0,0.0
706751,上櫃,0.0,0.0,0.0
706752,上櫃,0.0,0.0,0.0
706753,上櫃,0.0,0.0,0.0
706754,上櫃,0.0,0.0,0.0
706755,上櫃,0.0,0.0,0.0
706756,上櫃,0.0,0.0,0.0
706757,上櫃,0.0,0.0,0.0
706758,上櫃,0.0,0.0,0.0
706759,上櫃,0.0,0.0,0.0
706760,上櫃,0.84,0.73,167.0
706761,上櫃,2.99,2.54,52.0
706762,上櫃,0.0,0.0,0.0
706765,上櫃,0.92,0.88,225.0
706766,上櫃,0.0,0.0,0.0
706767,上櫃,0.38,0.35,41.0
706768,上櫃,0.0,0.0,0.0
706769,上櫃,0.09,0.09,99.0
706770,上櫃,0.0,0.0,0.0
706771,上櫃,0.0,0.0,0.0
706772,上櫃,0.0,0.0,0.0
706773,上櫃,0.02,0.02,1497.0
706774,上櫃,0.0,0.0,0.0
706775,上櫃,1.31,1.31,100.0
706776,上櫃,0.0,0.0,0.0
706779,上櫃,0.0,0.0,0.0
706780,上櫃,0.0,0.0,0.0
706781,上櫃,0.52,0.48,85.0
706782,上櫃,0.0,0.0,0.0
706783,上櫃,0.0,0.0,0.0
706784,上櫃,0.0,0.0,0.0
706785,上櫃,0.0,0.0,0.0
706786,上櫃,2.75,2.75,1.0
706787,上櫃,0.0,0.0,0.0
706788,上櫃,0.83,0.74,320.0
706789,上櫃,1.6,1.17,108.0
706790,上櫃,0.0,0.0,0.0
706791,上櫃,0.0,0.0,0.0
706792,上櫃,0.0,0.0,0.0
706793,上櫃,0.0,0.0,0.0
706794,上櫃,0.0,0.0,0.0
706795,上櫃,0.0,0.0,0.0
706796,上櫃,1.56,1.56,141.0
706797,上櫃,0.0,0.0,0.0
706798,上櫃,0.97,0.88,270.0
706799,上櫃,0.0,0.0,0.0
706800,上櫃,0.0,0.0,0.0
706801,上櫃,0.0,0.0,0.0
706802,上櫃,0.0,0.0,0.0
706803,上櫃,1.21,1.21,63.0
706804,上櫃,0.39,0.36,23.0
706805,上櫃,0.0,0.0,0.0
706806,上櫃,0.0,0.0,0.0
706807,上櫃,0.0,0.0,0.0
706808,上櫃,1.51,1.43,71.0
706809,上櫃,0.0,0.0,0.0
706810,上櫃,0.0,0.0,0.0
706812,上櫃,0.0,0.0,0.0
706813,上櫃,0.0,0.0,0.0
706814,上櫃,5.4,5.6,34.0
706815,上櫃,2.17,2.17,57.0
706816,上櫃,0.0,0.0,0.0
706819,上櫃,0.0,0.0,0.0
706820,上櫃,0.0,0.0,0.0
706821,上櫃,1.22,1.22,27.0
706823,上櫃,2.4,2.2,42.0
706825,上櫃,3.23,3.23,10.0
706826,上櫃,0.0,0.0,0.0
706827,上櫃,0.0,0.0,0.0
706828,上櫃,0.0,0.0,0.0
706829,上櫃,0.0,0.0,0.0
706830,上櫃,0.0,0.0,0.0
706831,上櫃,0.0,0.0,0.0
706833,上櫃,0.0,0.0,0.0
706835,上櫃,0.0,0.0,0.0
706836,上櫃,0.0,0.0,0.0
706838,上櫃,0.0,0.0,0.0
706839,上櫃,0.0,0.0,0.0
706840,上櫃,0.0,0.0,0.0
706841,上櫃,0.0,0.0,0.0
706842,上櫃,1.43,1.42,321.0
706843,上櫃,0.94,0.94,36.0
706844,上櫃,0.57,0.57,125.0
706845,上櫃,0.0,0.0,0.0
706846,上櫃,0.5,0.5,3.0
706847,上櫃,0.61,0.61,1.0
706848,上櫃,0.0,0.0,0.0
706849,上櫃,0.0,0.0,0.0
706850,上櫃,2.42,2.31,39.0
706851,上櫃,1.3,1.25,38.0
706852,上櫃,0.71,0.7,603.0
706853,上櫃,3.29,3.18,189.0
706855,上櫃,0.8,0.8,5.0
706856,上櫃,1.11,1.11,27.0
706857,上櫃,0.0,0.0,0.0
706858,上櫃,4.36,4.36,9.0
706859,上櫃,0.77,0.77,1.0
706860,上櫃,0.0,0.0,0.0
706861,上櫃,0.0,0.0,0.0
706862,上櫃,0.0,0.0,0.0
706863,上櫃,0.0,0.0,0.0
706865,上櫃,4.87,4.65,91.0
706866,上櫃,3.67,3.56,101.0
706868,上櫃,0.0,0.0,0.0
706869,上櫃,0.0,0.0,0.0
706870,上櫃,0.0,0.0,0.0
706871,上櫃,0.55,0.54,471.0
706872,上櫃,2.6,2.7,20.0
706873,上櫃,0.0,0.0,0.0
706874,上櫃,0.0,0.0,0.0
706875,上櫃,0.4,0.4,170.0
706876,上櫃,0.0,0.0,0.0
706877,上櫃,0.0,0.0,0.0
706878,上櫃,0.4,0.4,50.0
706879,上櫃,0.0,0.0,0.0
706880,上櫃,0.0,0.0,0.0
706881,上櫃,0.0,0.0,0.0
706886,上櫃,0.0,0.0,0.0
706887,上櫃,4.04,3.88,61.0
706889,上櫃,1.42,1.19,17.0
706890,上櫃,0.0,0.0,0.0
706891,上櫃,0.15,0.15,10.0
706892,上櫃,1.83,1.82,65.0
706893,上櫃,0.0,0.0,0.0
706894,上櫃,0.0,0.0,0.0
706895,上櫃,0.0,0.0,0.0
706896,上櫃,0.0,0.0,0.0
706897,上櫃,0.0,0.0,0.0
706898,上櫃,0.0,0.0,0.0
706899,上櫃,0.0,0.0,0.0
706900,上櫃,1.52,1.51,71.0
706901,上櫃,4.31,4.31,3.0
706902,上櫃,1.63,1.44,12.0
706903,上櫃,0.0,0.0,0.0
706904,上櫃,0.0,0.0,0.0
706905,上櫃,0.16,0.16,100.0
706906,上櫃,0.0,0.0,0.0
706907,上櫃,0.84,0.77,75.0
706908,上櫃,10.9,10.9,1.0
706909,上櫃,0.0,0.0,0.0
706910,上櫃,0.0,0.0,0.0
706911,上櫃,0.0,0.0,0.0
706912,上櫃,0.0,0.0,0.0
706913,上櫃,0.0,0.0,0.0
706914,上櫃,0.32,0.32,331.0
706915,上櫃,0.0,0.0,0.0
706916,上櫃,0.0,0.0,0.0
706917,上櫃,0.0,0.0,0.0
706918,上櫃,0.0,0.0,0.0
706919,上櫃,0.82,0.78,587.0
706920,上櫃,0.0,0.0,0.0
706921,上櫃,0.18,0.18,10.0
706922,上櫃,0.0,0.0,0.0
706923,上櫃,0.64,0.64,3.0
706924,上櫃,0.61,0.59,34.0
706925,上櫃,0.36,0.33,60.0
706926,上櫃,0.0,0.0,0.0
706927,上櫃,0.0,0.0,0.0
706928,上櫃,0.0,0.0,0.0
706929,上櫃,0.0,0.0,0.0
706930,上櫃,0.63,0.55,60.0
706932,上櫃,0.0,0.0,0.0
706934,上櫃,1.75,1.75,11.0
706935,上櫃,0.0,0.0,0.0
706936,上櫃,0.0,0.0,0.0
706937,上櫃,0.0,0.0,0.0
706938,上櫃,0.0,0.0,0.0
706939,上櫃,0.0,0.0,0.0
706940,上櫃,0.0,0.0,0.0
706941,上櫃,0.0,0.0,0.0
706942,上櫃,0.0,0.0,0.0
706946,上櫃,0.0,0.0,0.0
706947,上櫃,0.0,0.0,0.0
706948,上櫃,3.14,3.2,65.0
706949,上櫃,1.89,1.76,58.0
706950,上櫃,4.51,4.63,9.0
706951,上櫃,1.16,1.16,1.0
706952,上櫃,0.0,0.0,0.0
706953,上櫃,1.1,1.1,30.0
706954,上櫃,0.0,0.0,0.0
706955,上櫃,0.0,0.0,0.0
706956,上櫃,0.0,0.0,0.0
706957,上櫃,1.52,1.36,125.0
706958,上櫃,0.0,0.0,0.0
706959,上櫃,0.0,0.0,0.0
706960,上櫃,2.97,2.97,10.0
706962,上櫃,0.0,0.0,0.0
706963,上櫃,0.0,0.0,0.0
706964,上櫃,0.39,0.39,39.0
706965,上櫃,0.0,0.0,0.0
706966,上櫃,0.0,0.0,0.0
706967,上櫃,0.0,0.0,0.0
706968,上櫃,3.04,2.8,50.0
706969,上櫃,0.0,0.0,0.0
706970,上櫃,0.0,0.0,0.0
706971,上櫃,1.09,1.09,5.0
706972,上櫃,0.0,0.0,0.0
706973,上櫃,0.0,0.0,0.0
706975,上櫃,0.0,0.0,0.0
706976,上櫃,0.0,0.0,0.0
706977,上櫃,0.0,0.0,0.0
706978,上櫃,0.0,0.0,0.0
706979,上櫃,0.92,0.89,41.0
706980,上櫃,0.0,0.0,0.0
706981,上櫃,0.45,0.44,110.0
706982,上櫃,3.65,3.62,1402.0
706983,上櫃,0.0,0.0,0.0
706984,上櫃,0.0,0.0,0.0
706985,上櫃,1.6,1.66,77.0
706986,上櫃,0.46,0.47,95.0
706987,上櫃,0.94,0.97,118.0
706988,上櫃,0.0,0.0,0.0
706989,上櫃,2.28,2.21,135.0
706990,上櫃,0.0,0.0,0.0
706991,上櫃,0.06,0.06,13.0
706994,上櫃,0.39,0.36,31.0
706995,上櫃,0.0,0.0,0.0
706996,上櫃,0.0,0.0,0.0
706997,上櫃,0.0,0.0,0.0
706998,上櫃,2.61,2.17,110.0
706999,上櫃,0.0,0.0,0.0
707000,上櫃,0.0,0.0,0.0
707001,上櫃,0.0,0.0,0.0
707002,上櫃,0.0,0.0,0.0
707003,上櫃,0.0,0.0,0.0
707004,上櫃,3.36,3.0,80.0
707006,上櫃,1.0,1.0,20.0
707007,上櫃,0.0,0.0,0.0
707008,上櫃,0.0,0.0,0.0
707009,上櫃,2.66,2.69,82.0
707010,上櫃,2.56,2.6,84.0
707011,上櫃,2.95,2.82,87.0
707012,上櫃,1.85,1.87,31.0
707013,上櫃,0.0,0.0,0.0
707014,上櫃,1.13,1.0,6.0
707015,上櫃,0.0,0.0,0.0
707016,上櫃,0.36,0.33,5.0
707017,上櫃,0.56,0.52,7.0
707018,上櫃,0.0,0.0,0.0
707019,上櫃,0.0,0.0,0.0
707020,上櫃,0.19,0.19,11.0
707022,上櫃,0.0,0.0,0.0
707024,上櫃,2.89,2.89,7.0
707025,上櫃,0.0,0.0,0.0
707026,上櫃,0.0,0.0,0.0
707027,上櫃,0.0,0.0,0.0
707028,上櫃,0.0,0.0,0.0
707029,上櫃,0.0,0.0,0.0
707030,上櫃,0.0,0.0,0.0
707031,上櫃,0.0,0.0,0.0
707033,上櫃,1.78,1.21,27.0
707035,上櫃,3.48,3.58,20.0
707036,上櫃,0.0,0.0,0.0
707037,上櫃,0.0,0.0,0.0
707038,上櫃,1.1,1.1,1.0
707039,上櫃,0.0,0.0,0.0
707040,上櫃,0.0,0.0,0.0
707041,上櫃,1.05,1.01,6.0
707042,上櫃,1.48,1.41,92.0
707043,上櫃,0.47,0.45,50.0
707044,上櫃,0.19,0.18,12.0
707045,上櫃,0.93,0.91,80.0
707046,上櫃,0.0,0.0,0.0
707047,上櫃,0.42,0.43,800.0
707048,上櫃,0.66,0.6,227.0
707049,上櫃,0.0,0.0,0.0
707050,上櫃,1.55,1.55,5.0
707051,上櫃,3.0,3.24,9.0
707052,上櫃,0.0,0.0,0.0
707053,上櫃,0.0,0.0,0.0
707054,上櫃,0.0,0.0,0.0
707055,上櫃,0.0,0.0,0.0
707056,上櫃,0.0,0.0,0.0
707057,上櫃,0.26,0.26,1.0
707058,上櫃,0.75,0.76,380.0
707060,上櫃,1.12,1.12,6.0
707061,上櫃,0.0,0.0,0.0
707062,上櫃,0.0,0.0,0.0
707063,上櫃,2.92,2.78,7.0
707064,上櫃,0.0,0.0,0.0
707065,上櫃,0.0,0.0,0.0
707066,上櫃,0.0,0.0,0.0
707067,上櫃,1.27,1.17,28.0
707068,上櫃,1.2,1.16,11.0
707069,上櫃,3.05,3.05,2.0
707070,上櫃,2.9,2.87,17.0
707071,上櫃,0.0,0.0,0.0
707072,上櫃,0.0,0.0,0.0
707073,上櫃,1.15,1.09,58.0
707074,上櫃,0.0,0.0,0.0
707075,上櫃,0.56,0.55,29.0
707076,上櫃,0.44,0.43,211.0
707077,上櫃,0.0,0.0,0.0
707078,上櫃,0.93,0.87,45.0
707079,上櫃,0.15,0.15,18.0
707080,上櫃,0.0,0.0,0.0
707082,上櫃,0.54,0.5,113.0
707083,上櫃,2.4,2.4,1.0
707084,上櫃,0.0,0.0,0.0
707085,上櫃,0.0,0.0,0.0
707086,上櫃,0.0,0.0,0.0
707087,上櫃,0.99,1.06,130.0
707088,上櫃,0.0,0.0,0.0
707089,上櫃,0.0,0.0,0.0
707090,上櫃,0.64,0.58,757.0
707091,上櫃,0.0,0.0,0.0
707092,上櫃,0.0,0.0,0.0
707093,上櫃,0.0,0.0,0.0
707094,上櫃,0.0,0.0,0.0
707095,上櫃,0.0,0.0,0.0
707096,上櫃,0.0,0.0,0.0
707097,上櫃,0.0,0.0,0.0
707098,上櫃,0.77,0.61,53.0
707100,上櫃,0.0,0.0,0.0
707103,上櫃,2.12,1.98,20.0
707106,上櫃,0.0,0.0,0.0
707107,上櫃,0.0,0.0,0.0
707108,上櫃,0.0,0.0,0.0
707110,上櫃,0.0,0.0,0.0
707112,上櫃,0.0,0.0,0.0
707113,上櫃,0.0,0.0,0.0
707115,上櫃,0.0,0.0,0.0
707116,上櫃,0.0,0.0,0.0
707117,上櫃,3.46,3.35,6.0
707118,上櫃,0.0,0.0,0.0
707119,上櫃,1.22,1.12,594.0
707120,上櫃,0.31,0.33,859.0
707121,上櫃,0.0,0.0,0.0
707122,上櫃,0.32,0.32,1.0
707123,上櫃,0.32,0.32,5.0
707124,上櫃,0.0,0.0,0.0
707125,上櫃,0.3,0.3,10.0
707126,上櫃,4.18,4.18,10.0
707127,上櫃,0.0,0.0,0.0
707128,上櫃,0.0,0.0,0.0
707129,上櫃,0.65,0.59,432.0
707130,上櫃,0.0,0.0,0.0
707131,上櫃,4.07,4.07,1.0
707132,上櫃,0.29,0.29,275.0
707133,上櫃,0.46,0.46,170.0
707134,上櫃,0.28,0.27,141.0
707135,上櫃,0.0,0.0,0.0
707136,上櫃,0.0,0.0,0.0
707137,上櫃,0.88,0.88,10.0
707138,上櫃,1.04,1.08,103.0
707139,上櫃,0.85,0.9,3.0
707140,上櫃,0.79,0.79,50.0
707141,上櫃,0.0,0.0,0.0
707142,上櫃,0.0,0.0,0.0
707143,上櫃,0.0,0.0,0.0
707144,上櫃,1.2,1.19,11.0
707146,上櫃,1.01,0.98,230.0
707147,上櫃,0.0,0.0,0.0
707149,上櫃,0.0,0.0,0.0
707150,上櫃,3.81,3.37,47.0
707151,上櫃,1.33,1.33,10.0
707152,上櫃,0.47,0.41,300.0
707153,上櫃,4.76,4.86,35.0
707154,上櫃,0.0,0.0,0.0
707155,上櫃,0.0,0.0,0.0
707156,上櫃,0.0,0.0,0.0
707157,上櫃,0.0,0.0,0.0
707158,上櫃,1.29,1.18,99.0
707159,上櫃,0.0,0.0,0.0
707161,上櫃,0.0,0.0,0.0
707163,上櫃,0.0,0.0,0.0
707164,上櫃,0.0,0.0,0.0
707166,上櫃,0.0,0.0,0.0
707167,上櫃,0.0,0.0,0.0
707168,上櫃,0.0,0.0,0.0
707169,上櫃,0.0,0.0,0.0
707170,上櫃,0.0,0.0,0.0
707171,上櫃,0.0,0.0,0.0
707172,上櫃,0.0,0.0,0.0
707173,上櫃,0.0,0.0,0.0
707174,上櫃,0.0,0.0,0.0
707175,上櫃,1.73,1.74,110.0
707176,上櫃,0.0,0.0,0.0
707177,上櫃,0.0,0.0,0.0
707178,上櫃,1.07,0.94,48.0
707179,上櫃,0.0,0.0,0.0
707180,上櫃,0.0,0.0,0.0
707181,上櫃,8.35,8.35,5.0
707182,上櫃,0.0,0.0,0.0
707183,上櫃,0.0,0.0,0.0
707184,上櫃,2.65,2.65,3.0
707185,上櫃,0.0,0.0,0.0
707186,上櫃,0.0,0.0,0.0
707187,上櫃,0.0,0.0,0.0
707188,上櫃,0.04,0.04,499.0
707189,上櫃,0.36,0.35,110.0
707191,上櫃,0.0,0.0,0.0
707192,上櫃,0.41,0.41,52.0
707193,上櫃,2.38,2.28,58.0
707194,上櫃,0.51,0.52,8.0
707195,上櫃,0.42,0.42,20.0
707196,上櫃,0.5,0.48,504.0
707197,上櫃,0.0,0.0,0.0
707198,上櫃,0.0,0.0,0.0
707199,上櫃,0.4,0.4,25.0
707200,上櫃,0.51,0.51,5.0
707201,上櫃,1.26,1.26,192.0
707202,上櫃,1.18,1.23,194.0
707203,上櫃,0.0,0.0,0.0
707204,上櫃,0.0,0.0,0.0
707205,上櫃,1.51,1.51,10.0
707206,上櫃,0.0,0.0,0.0
707208,上櫃,0.0,0.0,0.0
707209,上櫃,3.42,3.26,28.0
707210,上櫃,0.0,0.0,0.0
707211,上櫃,0.0,0.0,0.0
707213,上櫃,1.14,1.04,18.0
707214,上櫃,0.0,0.0,0.0
707215,上櫃,0.39,0.39,277.0
707216,上櫃,0.0,0.0,0.0
707217,上櫃,0.51,0.49,270.0
707218,上櫃,1.3,1.12,58.0
707219,上櫃,1.72,1.61,115.0
707220,上櫃,0.26,0.26,20.0
707221,上櫃,1.87,1.71,110.0
707222,上櫃,0.0,0.0,0.0
707223,上櫃,0.0,0.0,0.0
707224,上櫃,6.35,6.55,20.0
707225,上櫃,0.0,0.0,0.0
707226,上櫃,0.0,0.0,0.0
707227,上櫃,0.77,0.77,40.0
707228,上櫃,0.0,0.0,0.0
707229,上櫃,0.0,0.0,0.0
707230,上櫃,2.32,2.27,23.0
707231,上櫃,0.0,0.0,0.0
707232,上櫃,0.0,0.0,0.0
707233,上櫃,3.6,3.92,31.0
707234,上櫃,0.16,0.16,40.0
707235,上櫃,0.0,0.0,0.0
707236,上櫃,0.0,0.0,0.0
707237,上櫃,2.58,2.5,12.0
707238,上櫃,1.3,1.3,5.0
707239,上櫃,0.0,0.0,0.0
707240,上櫃,0.0,0.0,0.0
707242,上櫃,2.63,2.21,16.0
707243,上櫃,0.0,0.0,0.0
707244,上櫃,0.0,0.0,0.0
707245,上櫃,0.0,0.0,0.0
707246,上櫃,1.75,1.83,69.0
707247,上櫃,2.41,2.41,1.0
707248,上櫃,0.38,0.38,1.0
707249,上櫃,0.0,0.0,0.0
707250,上櫃,0.0,0.0,0.0
707251,上櫃,0.47,0.4,110.0
707252,上櫃,0.0,0.0,0.0
707253,上櫃,3.38,3.38,1.0
707255,上櫃,0.34,0.33,4.0
707256,上櫃,0.0,0.0,0.0
707257,上櫃,0.0,0.0,0.0
707258,上櫃,2.83,2.75,57.0
707259,上櫃,0.0,0.0,0.0
707260,上櫃,0.57,0.57,14.0
707261,上櫃,0.0,0.0,0.0
707262,上櫃,3.69,3.69,2.0
707263,上櫃,0.0,0.0,0.0
707264,上櫃,2.35,2.35,1.0
707265,上櫃,0.0,0.0,0.0
707266,上櫃,1.24,1.14,245.0
707267,上櫃,0.0,0.0,0.0
707268,上櫃,0.37,0.37,65.0
707269,上櫃,0.0,0.0,0.0
707270,上櫃,1.22,1.29,50.0
707271,上櫃,1.65,1.65,20.0
707272,上櫃,1.11,1.15,106.0
707273,上櫃,0.97,0.98,118.0
707274,上櫃,0.0,0.0,0.0
707275,上櫃,0.0,0.0,0.0
707276,上櫃,0.94,0.91,290.0
707277,上櫃,0.78,0.85,234.0
707278,上櫃,0.94,0.85,157.0
707279,上櫃,0.46,0.46,21.0
707280,上櫃,0.0,0.0,0.0
707281,上櫃,0.0,0.0,0.0
707282,上櫃,6.7,6.9,11.0
707283,上櫃,0.0,0.0,0.0
707284,上櫃,0.0,0.0,0.0
707285,上櫃,0.0,0.0,0.0
707286,上櫃,0.0,0.0,0.0
707287,上櫃,0.0,0.0,0.0
707288,上櫃,0.0,0.0,0.0
707289,上櫃,3.23,3.23,10.0
707290,上櫃,0.0,0.0,0.0
707291,上櫃,0.0,0.0,0.0
707292,上櫃,0.42,0.4,300.0
707293,上櫃,0.0,0.0,0.0
707294,上櫃,0.0,0.0,0.0
707295,上櫃,0.0,0.0,0.0
707296,上櫃,4.21,4.21,42.0
707297,上櫃,0.0,0.0,0.0
707298,上櫃,2.33,2.33,17.0
707299,上櫃,2.95,2.7,121.0
707300,上櫃,0.0,0.0,0.0
707301,上櫃,0.0,0.0,0.0
707302,上櫃,3.53,3.42,28.0
707303,上櫃,0.0,0.0,0.0
707304,上櫃,1.39,1.46,261.0
707305,上櫃,0.0,0.0,0.0
707306,上櫃,4.81,4.82,43.0
707307,上櫃,3.9,3.9,1.0
707308,上櫃,0.0,0.0,0.0
707309,上櫃,0.59,0.57,34.0
707310,上櫃,0.0,0.0,0.0
707311,上櫃,0.0,0.0,0.0
707312,上櫃,1.19,1.19,92.0
707313,上櫃,2.66,2.66,2.0
707314,上櫃,0.0,0.0,0.0
707315,上櫃,0.0,0.0,0.0
707316,上櫃,0.0,0.0,0.0
707317,上櫃,2.34,2.21,33.0
707318,上櫃,0.0,0.0,0.0
707319,上櫃,0.0,0.0,0.0
707320,上櫃,0.63,0.61,208.0
707321,上櫃,0.0,0.0,0.0
707322,上櫃,0.0,0.0,0.0
707323,上櫃,0.68,0.71,8.0
707324,上櫃,0.0,0.0,0.0
707325,上櫃,0.0,0.0,0.0
707326,上櫃,2.0,1.83,20.0
707327,上櫃,0.0,0.0,0.0
707328,上櫃,1.82,1.7,19.0
707329,上櫃,0.52,0.49,514.0
707330,上櫃,6.0,4.97,45.0
707331,上櫃,2.39,2.22,29.0
707332,上櫃,1.47,1.43,4.0
707333,上櫃,2.62,2.21,628.0
707334,上櫃,1.84,1.8,25.0
707335,上櫃,1.7,1.72,104.0
707336,上櫃,1.13,1.11,164.0
707337,上櫃,0.38,0.36,994.0
707338,上櫃,0.0,0.0,0.0
707339,上櫃,0.0,0.0,0.0
707340,上櫃,0.0,0.0,0.0
707341,上櫃,1.61,1.65,8.0
707342,上櫃,0.66,0.64,462.0
707343,上櫃,0.96,0.76,264.0
707344,上櫃,1.1,1.1,42.0
707345,上櫃,0.59,0.59,28.0
707346,上櫃,0.5,0.49,100.0
707347,上櫃,0.75,0.72,32.0
707348,上櫃,1.81,1.81,1.0
707349,上櫃,0.0,0.0,0.0
707350,上櫃,1.49,1.48,950.0
707351,上櫃,0.0,0.0,0.0
707352,上櫃,1.01,1.01,8.0
707353,上櫃,0.99,0.97,313.0
707354,上櫃,0.0,0.0,0.0
707355,上櫃,0.66,0.82,90.0
707356,上櫃,1.1,1.25,114.0
707357,上櫃,0.77,0.77,26.0
707358,上櫃,0.0,0.0,0.0
707359,上櫃,3.85,4.13,19.0
707360,上櫃,0.37,0.37,2.0
707361,上櫃,0.84,0.78,46.0
707362,上櫃,0.4,0.4,10.0
707363,上櫃,0.0,0.0,0.0
707364,上櫃,2.3,2.3,1.0
707365,上櫃,0.0,0.0,0.0
707366,上櫃,0.36,0.36,10.0
707367,上櫃,0.26,0.26,9.0
707368,上櫃,0.83,0.85,25.0
707369,上櫃,0.42,0.42,120.0
707370,上櫃,0.63,0.59,39.0
707371,上櫃,0.0,0.0,0.0
707372,上櫃,0.0,0.0,0.0
707373,上櫃,0.0,0.0,0.0
707374,上櫃,1.29,1.18,101.0
707375,上櫃,0.0,0.0,0.0
707376,上櫃,1.21,1.14,5.0
707377,上櫃,0.09,0.08,56.0
707378,上櫃,4.49,4.57,11.0
707379,上櫃,0.0,0.0,0.0
707380,上櫃,0.0,0.0,0.0
707381,上櫃,1.43,1.43,35.0
707382,上櫃,0.0,0.0,0.0
707383,上櫃,0.0,0.0,0.0
707384,上櫃,0.0,0.0,0.0
707385,上櫃,0.0,0.0,0.0
707387,上櫃,0.0,0.0,0.0
707388,上櫃,0.0,0.0,0.0
707389,上櫃,0.0,0.0,0.0
707390,上櫃,0.0,0.0,0.0
707392,上櫃,0.0,0.0,0.0
707393,上櫃,0.0,0.0,0.0
707394,上櫃,2.13,2.02,2.0
707395,上櫃,0.0,0.0,0.0
707396,上櫃,2.28,2.28,7.0
707397,上櫃,0.3,0.26,140.0
707398,上櫃,0.83,0.83,1.0
707399,上櫃,0.68,0.6,123.0
707400,上櫃,0.0,0.0,0.0
707401,上櫃,0.0,0.0,0.0
707402,上櫃,0.0,0.0,0.0
707403,上櫃,1.02,1.02,2.0
707404,上櫃,0.28,0.28,1.0
707405,上櫃,0.0,0.0,0.0
707406,上櫃,0.0,0.0,0.0
707407,上櫃,0.0,0.0,0.0
707408,上櫃,0.0,0.0,0.0
707409,上櫃,0.32,0.32,100.0
707410,上櫃,0.0,0.0,0.0
707411,上櫃,0.45,0.45,20.0
707412,上櫃,1.11,1.02,260.0
707413,上櫃,0.85,0.83,80.0
707414,上櫃,0.61,0.59,51.0
707415,上櫃,0.0,0.0,0.0
707416,上櫃,0.0,0.0,0.0
707417,上櫃,0.0,0.0,0.0
707418,上櫃,0.0,0.0,0.0
707419,上櫃,0.41,0.41,100.0
707420,上櫃,0.0,0.0,0.0
707421,上櫃,0.0,0.0,0.0
707422,上櫃,1.19,1.14,180.0
707423,上櫃,1.07,1.07,1.0
707424,上櫃,0.0,0.0,0.0
707425,上櫃,1.22,1.2,81.0
707426,上櫃,1.61,1.67,61.0
707427,上櫃,0.0,0.0,0.0
707428,上櫃,0.05,0.1,310.0
707429,上櫃,0.44,0.45,940.0
707430,上櫃,0.0,0.0,0.0
707431,上櫃,0.0,0.0,0.0
707433,上櫃,0.35,0.32,5.0
707434,上櫃,1.16,1.3,201.0
707435,上櫃,0.79,0.79,100.0
707436,上櫃,0.0,0.0,0.0
707437,上櫃,0.0,0.0,0.0
707438,上櫃,0.0,0.0,0.0
707439,上櫃,0.76,0.77,34.0
707440,上櫃,0.0,0.0,0.0
707441,上櫃,0.0,0.0,0.0
707442,上櫃,0.0,0.0,0.0
707443,上櫃,0.0,0.0,0.0
707444,上櫃,0.0,0.0,0.0
707445,上櫃,0.52,0.52,1.0
707447,上櫃,0.0,0.0,0.0
707448,上櫃,0.0,0.0,0.0
707449,上櫃,0.0,0.0,0.0
707450,上櫃,0.0,0.0,0.0
707451,上櫃,0.0,0.0,0.0
707452,上櫃,0.0,0.0,0.0
707453,上櫃,0.0,0.0,0.0
707454,上櫃,0.83,0.81,51.0
707455,上櫃,0.71,0.71,63.0
707456,上櫃,0.26,0.26,100.0
707457,上櫃,0.0,0.0,0.0
707458,上櫃,0.43,0.42,232.0
707459,上櫃,0.0,0.0,0.0
707460,上櫃,0.0,0.0,0.0
707461,上櫃,1.46,1.58,316.0
707462,上櫃,0.0,0.0,0.0
707463,上櫃,0.0,0.0,0.0
707464,上櫃,0.0,0.0,0.0
707465,上櫃,0.31,0.31,146.0
707466,上櫃,0.29,0.28,31.0
707467,上櫃,0.0,0.0,0.0
707468,上櫃,0.76,0.76,26.0
707469,上櫃,0.91,0.95,84.0
707470,上櫃,0.0,0.0,0.0
707471,上櫃,0.0,0.0,0.0
707472,上櫃,0.0,0.0,0.0
707473,上櫃,0.0,0.0,0.0
707474,上櫃,0.91,0.86,31.0
707475,上櫃,0.0,0.0,0.0
707476,上櫃,0.0,0.0,0.0
707477,上櫃,2.8,2.78,5.0
707478,上櫃,0.0,0.0,0.0
707479,上櫃,0.0,0.0,0.0
707480,上櫃,0.0,0.0,0.0
707481,上櫃,0.0,0.0,0.0
707482,上櫃,0.0,0.0,0.0
707483,上櫃,0.3,0.27,89.0
707484,上櫃,0.0,0.0,0.0
707485,上櫃,0.38,0.38,5.0
707487,上櫃,0.45,0.41,188.0
707488,上櫃,0.0,0.0,0.0
707489,上櫃,0.0,0.0,0.0
707490,上櫃,0.0,0.0,0.0
707491,上櫃,0.0,0.0,0.0
707492,上櫃,0.0,0.0,0.0
707493,上櫃,0.0,0.0,0.0
707494,上櫃,0.0,0.0,0.0
707495,上櫃,0.72,0.72,1.0
707496,上櫃,0.0,0.0,0.0
707497,上櫃,0.0,0.0,0.0
707498,上櫃,0.0,0.0,0.0
707499,上櫃,0.0,0.0,0.0
707500,上櫃,0.0,0.0,0.0
707503,上櫃,0.0,0.0,0.0
707504,上櫃,0.78,0.73,431.0
707505,上櫃,0.68,0.68,30.0
707506,上櫃,0.0,0.0,0.0
707507,上櫃,0.0,0.0,0.0
707508,上櫃,0.0,0.0,0.0
707509,上櫃,0.24,0.24,100.0
707510,上櫃,0.0,0.0,0.0
707511,上櫃,0.26,0.26,400.0
707512,上櫃,0.0,0.0,0.0
707513,上櫃,0.0,0.0,0.0
707514,上櫃,0.83,0.83,450.0
707515,上櫃,0.4,0.4,275.0
707516,上櫃,0.0,0.0,0.0
707517,上櫃,0.0,0.0,0.0
707518,上櫃,0.0,0.0,0.0
707519,上櫃,0.0,0.0,0.0
707520,上櫃,0.0,0.0,0.0
707521,上櫃,0.0,0.0,0.0
707522,上櫃,0.43,0.43,10.0
707523,上櫃,0.97,0.85,207.0
707524,上櫃,0.76,0.64,81.0
707525,上櫃,0.0,0.0,0.0
707526,上櫃,1.59,1.73,55.0
707527,上櫃,2.2,2.18,367.0
707528,上櫃,0.0,0.0,0.0
707529,上櫃,0.0,0.0,0.0
707530,上櫃,0.05,0.05,30.0
707531,上櫃,1.27,0.84,390.0
707533,上櫃,0.0,0.0,0.0
707534,上櫃,0.0,0.0,0.0
707535,上櫃,0.0,0.0,0.0
707536,上櫃,0.0,0.0,0.0
707537,上櫃,0.0,0.0,0.0
707538,上櫃,0.14,0.14,2305.0
707539,上櫃,0.0,0.0,0.0
707541,上櫃,0.52,0.42,29.0
707542,上櫃,1.51,1.68,125.0
707543,上櫃,0.0,0.0,0.0
707544,上櫃,0.0,0.0,0.0
707545,上櫃,0.0,0.0,0.0
707546,上櫃,0.0,0.0,0.0
707547,上櫃,0.28,0.29,285.0
707548,上櫃,0.0,0.0,0.0
707549,上櫃,0.0,0.0,0.0
707550,上櫃,0.0,0.0,0.0
707551,上櫃,0.0,0.0,0.0
707552,上櫃,0.56,0.56,31.0
707553,上櫃,0.0,0.0,0.0
707554,上櫃,0.0,0.0,0.0
707555,上櫃,0.0,0.0,0.0
707556,上櫃,1.0,0.65,198.0
707557,上櫃,0.0,0.0,0.0
707558,上櫃,0.0,0.0,0.0
707559,上櫃,0.59,0.64,110.0
707560,上櫃,0.0,0.0,0.0
707561,上櫃,0.0,0.0,0.0
707562,上櫃,0.2,0.2,14.0
707563,上櫃,0.0,0.0,0.0
707564,上櫃,0.12,0.12,5.0
707565,上櫃,0.0,0.0,0.0
707566,上櫃,0.0,0.0,0.0
707567,上櫃,0.0,0.0,0.0
707568,上櫃,0.0,0.0,0.0
707569,上櫃,0.38,0.38,200.0
707570,上櫃,0.0,0.0,0.0
707571,上櫃,0.0,0.0,0.0
707572,上櫃,0.25,0.25,26.0
707573,上櫃,0.0,0.0,0.0
707574,上櫃,0.7,0.52,939.0
707575,上櫃,0.0,0.0,0.0
707576,上櫃,0.0,0.0,0.0
707577,上櫃,1.37,1.37,1.0
707578,上櫃,1.48,1.45,1062.0
707579,上櫃,0.16,0.17,465.0
707580,上櫃,0.26,0.25,802.0
707581,上櫃,0.0,0.0,0.0
707582,上櫃,0.33,0.33,4.0
707583,上櫃,0.0,0.0,0.0
707584,上櫃,0.0,0.0,0.0
707585,上櫃,0.0,0.0,0.0
707586,上櫃,0.0,0.0,0.0
707587,上櫃,0.0,0.0,0.0
707588,上櫃,0.0,0.0,0.0
707589,上櫃,0.56,0.56,25.0
707590,上櫃,0.47,0.47,93.0
707591,上櫃,1.2,1.27,324.0
707592,上櫃,1.01,1.15,475.0
707593,上櫃,0.38,0.37,7.0
707594,上櫃,0.0,0.0,0.0
707595,上櫃,0.0,0.0,0.0
707596,上櫃,1.11,1.05,292.0
707597,上櫃,0.0,0.0,0.0
707598,上櫃,0.0,0.0,0.0
707599,上櫃,0.99,0.99,18.0
707600,上櫃,0.0,0.0,0.0
707601,上櫃,0.0,0.0,0.0
707602,上櫃,0.28,0.26,150.0
707603,上櫃,0.0,0.0,0.0
707604,上櫃,0.0,0.0,0.0
707605,上櫃,0.24,0.22,20.0
707606,上櫃,0.74,0.72,13.0
707607,上櫃,1.67,1.61,6.0
707608,上櫃,1.54,1.36,5.0
707609,上櫃,0.83,0.72,394.0
707610,上櫃,0.0,0.0,0.0
707611,上櫃,0.36,0.36,46.0
707612,上櫃,0.84,0.82,168.0
707613,上櫃,0.71,0.6,30.0
707614,上櫃,0.74,0.7,3736.0
707615,上櫃,0.0,0.0,0.0
707616,上櫃,0.62,0.6,14.0
707617,上櫃,0.0,0.0,0.0
707618,上櫃,0.0,0.0,0.0
707619,上櫃,0.81,0.81,10.0
707620,上櫃,0.0,0.0,0.0
707621,上櫃,0.0,0.0,0.0
707622,上櫃,0.95,0.95,23.0
707623,上櫃,0.0,0.0,0.0
707624,上櫃,1.68,1.68,17.0
707625,上櫃,0.0,0.0,0.0
707626,上櫃,1.01,1.01,20.0
707627,上櫃,0.0,0.0,0.0
707628,上櫃,0.54,0.54,1.0
707629,上櫃,0.0,0.0,0.0
707631,上櫃,0.05,0.05,175.0
707632,上櫃,0.0,0.0,0.0
707633,上櫃,2.09,1.92,35.0
707634,上櫃,0.0,0.0,0.0
707635,上櫃,0.0,0.0,0.0
707636,上櫃,0.0,0.0,0.0
707637,上櫃,0.63,0.63,5.0
707638,上櫃,0.0,0.0,0.0
707639,上櫃,0.0,0.0,0.0
707640,上櫃,0.0,0.0,0.0
707641,上櫃,0.0,0.0,0.0
707642,上櫃,0.0,0.0,0.0
707643,上櫃,0.0,0.0,0.0
707644,上櫃,1.54,1.54,4.0
707645,上櫃,1.57,1.57,4.0
707646,上櫃,1.19,0.91,127.0
707647,上櫃,0.0,0.0,0.0
707648,上櫃,0.0,0.0,0.0
707649,上櫃,0.0,0.0,0.0
707650,上櫃,0.0,0.0,0.0
707651,上櫃,0.63,0.63,2.0
707652,上櫃,0.0,0.0,0.0
707653,上櫃,0.0,0.0,0.0
707654,上櫃,0.0,0.0,0.0
707655,上櫃,0.0,0.0,0.0
707656,上櫃,0.0,0.0,0.0
707657,上櫃,0.6,0.6,45.0
707658,上櫃,0.5,0.44,113.0
707659,上櫃,0.49,0.43,383.0
707660,上櫃,0.0,0.0,0.0
707661,上櫃,2.4,0.83,122.0
707664,上櫃,0.64,0.64,1.0
707665,上櫃,0.0,0.0,0.0
707666,上櫃,3.36,3.26,127.0
707667,上櫃,0.0,0.0,0.0
707668,上櫃,0.0,0.0,0.0
707669,上櫃,0.0,0.0,0.0
707670,上櫃,0.52,0.43,15.0
707671,上櫃,0.0,0.0,0.0
707672,上櫃,0.0,0.0,0.0
707673,上櫃,2.35,2.35,10.0
707674,上櫃,0.24,0.25,90.0
707676,上櫃,0.62,0.6,155.0
707677,上櫃,1.41,1.41,1.0
707678,上櫃,0.0,0.0,0.0
707679,上櫃,0.0,0.0,0.0
707680,上櫃,0.65,0.55,81.0
707681,上櫃,0.77,0.73,222.0
707682,上櫃,0.0,0.0,0.0
707683,上櫃,0.52,0.46,122.0
707684,上櫃,0.0,0.0,0.0
707685,上櫃,0.0,0.0,0.0
707686,上櫃,0.52,0.52,10.0
707687,上櫃,0.62,0.6,86.0
707688,上櫃,1.2,1.2,50.0
707689,上櫃,1.16,1.12,122.0
707690,上櫃,0.0,0.0,0.0
707691,上櫃,0.0,0.0,0.0
707692,上櫃,0.0,0.0,0.0
707693,上櫃,0.0,0.0,0.0
707694,上櫃,0.0,0.0,0.0
707695,上櫃,0.0,0.0,0.0
707696,上櫃,0.23,0.21,23.0
707697,上櫃,0.48,0.48,10.0
707698,上櫃,0.0,0.0,0.0
707699,上櫃,0.39,0.39,10.0
707700,上櫃,0.0,0.0,0.0
707701,上櫃,0.0,0.0,0.0
707702,上櫃,0.0,0.0,0.0
707703,上櫃,0.44,0.44,4.0
707704,上櫃,0.0,0.0,0.0
707705,上櫃,1.8,1.75,17.0
707706,上櫃,0.0,0.0,0.0
707707,上櫃,0.0,0.0,0.0
707708,上櫃,0.0,0.0,0.0
707709,上櫃,0.32,0.32,6.0
707710,上櫃,0.56,0.56,182.0
707711,上櫃,0.0,0.0,0.0
707712,上櫃,1.39,1.36,183.0
707713,上櫃,0.0,0.0,0.0
707714,上櫃,0.16,0.17,18.0
707715,上櫃,0.91,0.91,30.0
707716,上櫃,0.0,0.0,0.0
707717,上櫃,0.0,0.0,0.0
707718,上櫃,1.01,1.01,6.0
707719,上櫃,1.99,1.87,3.0
707720,上櫃,0.0,0.0,0.0
707721,上櫃,1.7,1.55,1109.0
707722,上櫃,1.27,1.27,119.0
707723,上櫃,0.0,0.0,0.0
707724,上櫃,1.24,1.16,282.0
707725,上櫃,0.0,0.0,0.0
707726,上櫃,0.0,0.0,0.0
707727,上櫃,1.64,1.7,141.0
707728,上櫃,1.74,1.64,110.0
707729,上櫃,1.47,1.47,5.0
707730,上櫃,2.06,2.13,153.0
707731,上櫃,0.0,0.0,0.0
707732,上櫃,0.0,0.0,0.0
707733,上櫃,0.0,0.0,0.0
707734,上櫃,1.32,1.3,43.0
707735,上櫃,0.9,0.94,648.0
707736,上櫃,0.0,0.0,0.0
707738,上櫃,0.0,0.0,0.0
707739,上櫃,0.0,0.0,0.0
707740,上櫃,0.92,0.91,310.0
707741,上櫃,2.41,2.41,5.0
707742,上櫃,0.0,0.0,0.0
707743,上櫃,0.0,0.0,0.0
707744,上櫃,0.0,0.0,0.0
707746,上櫃,0.0,0.0,0.0
707747,上櫃,3.4,3.3,30.0
707748,上櫃,2.03,2.03,10.0
707749,上櫃,0.0,0.0,0.0
707750,上櫃,0.59,0.58,500.0
707751,上櫃,1.95,2.09,177.0
707752,上櫃,0.0,0.0,0.0
707753,上櫃,0.31,0.25,538.0
707754,上櫃,0.0,0.0,0.0
707755,上櫃,0.0,0.0,0.0
707756,上櫃,0.0,0.0,0.0
707757,上櫃,1.15,1.13,42.0
707758,上櫃,1.26,1.01,1380.0
707759,上櫃,1.01,0.92,422.0
707760,上櫃,0.0,0.0,0.0
707761,上櫃,0.0,0.0,0.0
707762,上櫃,0.67,0.67,5.0
707763,上櫃,1.96,2.2,83.0
707764,上櫃,1.91,1.86,209.0
707765,上櫃,2.12,2.35,11.0
707766,上櫃,0.0,0.0,0.0
707767,上櫃,0.0,0.0,0.0
707768,上櫃,0.1,0.14,44.0
707769,上櫃,0.19,0.19,30.0
707770,上櫃,0.0,0.0,0.0
707771,上櫃,1.39,1.38,42.0
707772,上櫃,0.75,0.71,6.0
707773,上櫃,0.28,0.28,75.0
707774,上櫃,0.28,0.28,74.0
707775,上櫃,0.45,0.45,11.0
707776,上櫃,0.0,0.0,0.0
707777,上櫃,0.0,0.0,0.0
707778,上櫃,2.38,2.33,43.0
707779,上櫃,0.0,0.0,0.0
707780,上櫃,0.2,0.19,354.0
707781,上櫃,1.15,1.08,146.0
707782,上櫃,0.33,0.3,4.0
707783,上櫃,0.05,0.08,310.0
707784,上櫃,0.09,0.09,80.0
707785,上櫃,0.0,0.0,0.0
707786,上櫃,0.19,0.29,68.0
707787,上櫃,0.52,0.56,9.0
707788,上櫃,0.0,0.0,0.0
707789,上櫃,0.05,0.05,25.0
707790,上櫃,0.0,0.0,0.0
707791,上櫃,0.0,0.0,0.0
707792,上櫃,1.4,1.38,61.0
707793,上櫃,0.0,0.0,0.0
707794,上櫃,0.0,0.0,0.0
707795,上櫃,3.22,3.19,12.0
707796,上櫃,2.89,2.84,61.0
707797,上櫃,3.2,2.73,8.0
707798,上櫃,2.92,2.7,204.0
707799,上櫃,1.32,1.33,40.0
707800,上櫃,0.0,0.0,0.0
707801,上櫃,0.0,0.0,0.0
707802,上櫃,0.0,0.0,0.0
707803,上櫃,0.0,0.0,0.0
707804,上櫃,0.17,0.14,126.0
707805,上櫃,0.0,0.0,0.0
707806,上櫃,1.53,1.53,299.0
707807,上櫃,0.0,0.0,0.0
707808,上櫃,0.0,0.0,0.0
707809,上櫃,0.5,0.5,31.0
707810,上櫃,0.0,0.0,0.0
707811,上櫃,0.0,0.0,0.0
707812,上櫃,3.94,3.69,90.0
707813,上櫃,2.3,2.17,48.0
707814,上櫃,0.0,0.0,0.0
707815,上櫃,0.37,0.37,10.0
707816,上櫃,0.24,0.24,5.0
707817,上櫃,0.0,0.0,0.0
707818,上櫃,0.15,0.07,10.0
707819,上櫃,0.0,0.0,0.0
707820,上櫃,0.0,0.0,0.0
707821,上櫃,0.0,0.0,0.0
707822,上櫃,1.28,1.27,50.0
707823,上櫃,0.0,0.0,0.0
707824,上櫃,0.0,0.0,0.0
707825,上櫃,0.0,0.0,0.0
707827,上櫃,0.0,0.0,0.0
707828,上櫃,2.17,1.95,161.0
707829,上櫃,4.0,4.0,1.0
707830,上櫃,0.0,0.0,0.0
707831,上櫃,0.0,0.0,0.0
707832,上櫃,0.0,0.0,0.0
707833,上櫃,0.36,0.36,5.0
707834,上櫃,0.51,0.5,185.0
707835,上櫃,0.0,0.0,0.0
707836,上櫃,0.0,0.0,0.0
707837,上櫃,0.0,0.0,0.0
707838,上櫃,0.0,0.0,0.0
707839,上櫃,1.44,1.43,12.0
707840,上櫃,0.0,0.0,0.0
707841,上櫃,0.0,0.0,0.0
707842,上櫃,2.65,2.68,8.0
707843,上櫃,1.5,1.45,51.0
707844,上櫃,1.06,1.04,168.0
707845,上櫃,0.27,0.25,560.0
707846,上櫃,0.19,0.21,1590.0
707847,上櫃,0.39,0.37,356.0
707848,上櫃,1.35,1.34,551.0
707849,上櫃,0.0,0.0,0.0
707850,上櫃,0.0,0.0,0.0
707851,上櫃,0.0,0.0,0.0
707852,上櫃,3.1,2.82,505.0
707853,上櫃,0.0,0.0,0.0
707854,上櫃,0.0,0.0,0.0
707855,上櫃,0.0,0.0,0.0
707856,上櫃,1.76,1.83,267.0
707857,上櫃,0.0,0.0,0.0
707858,上櫃,0.97,0.98,398.0
707859,上櫃,1.27,1.22,469.0
707860,上櫃,0.18,0.18,100.0
707861,上櫃,0.0,0.0,0.0
707862,上櫃,0.0,0.0,0.0
707863,上櫃,0.0,0.0,0.0
707864,上櫃,0.0,0.0,0.0
707865,上櫃,0.53,0.53,68.0
707866,上櫃,0.0,0.0,0.0
707867,上櫃,0.0,0.0,0.0
707868,上櫃,0.0,0.0,0.0
707869,上櫃,0.0,0.0,0.0
707870,上櫃,0.0,0.0,0.0
707871,上櫃,0.0,0.0,0.0
707872,上櫃,0.69,0.73,76.0
707873,上櫃,0.38,0.38,20.0
707874,上櫃,0.0,0.0,0.0
707875,上櫃,0.0,0.0,0.0
707876,上櫃,0.0,0.0,0.0
707877,上櫃,0.0,0.0,0.0
707878,上櫃,0.0,0.0,0.0
707879,上櫃,0.89,0.89,5.0
707881,上櫃,0.82,0.74,151.0
707882,上櫃,0.0,0.0,0.0
707883,上櫃,0.0,0.0,0.0
707884,上櫃,0.0,0.0,0.0
707885,上櫃,0.0,0.0,0.0
707886,上櫃,0.0,0.0,0.0
707887,上櫃,0.0,0.0,0.0
707888,上櫃,0.0,0.0,0.0
707889,上櫃,0.0,0.0,0.0
707890,上櫃,0.0,0.0,0.0
707891,上櫃,1.59,1.59,10.0
707892,上櫃,0.0,0.0,0.0
707893,上櫃,0.0,0.0,0.0
707894,上櫃,0.28,0.28,2.0
707895,上櫃,1.62,1.55,196.0
707896,上櫃,0.37,0.33,348.0
707897,上櫃,0.19,0.19,180.0
707898,上櫃,0.0,0.0,0.0
707899,上櫃,0.1,0.08,163.0
707900,上櫃,0.0,0.0,0.0
707901,上櫃,0.83,0.82,49.0
707902,上櫃,0.0,0.0,0.0
707903,上櫃,0.54,0.54,10.0
707904,上櫃,0.0,0.0,0.0
707906,上櫃,0.0,0.0,0.0
707907,上櫃,2.03,2.08,48.0
707908,上櫃,0.0,0.0,0.0
707909,上櫃,0.0,0.0,0.0
707910,上櫃,0.0,0.0,0.0
707911,上櫃,0.0,0.0,0.0
707912,上櫃,0.0,0.0,0.0
707913,上櫃,0.02,0.02,5.0
707914,上櫃,0.33,0.33,5.0
707915,上櫃,0.12,0.12,1.0
707916,上櫃,0.0,0.0,0.0
707917,上櫃,0.0,0.0,0.0
707918,上櫃,0.0,0.0,0.0
707919,上櫃,0.0,0.0,0.0
707920,上櫃,0.0,0.0,0.0
707921,上櫃,0.0,0.0,0.0
707922,上櫃,0.0,0.0,0.0
707923,上櫃,0.0,0.0,0.0
707924,上櫃,0.0,0.0,0.0
707925,上櫃,0.0,0.0,0.0
707926,上櫃,0.0,0.0,0.0
707927,上櫃,0.0,0.0,0.0
707928,上櫃,0.0,0.0,0.0
707929,上櫃,0.0,0.0,0.0
707930,上櫃,0.0,0.0,0.0
707931,上櫃,4.82,4.55,220.0
707932,上櫃,0.0,0.0,0.0
707933,上櫃,0.17,0.16,326.0
707934,上櫃,0.21,0.2,45.0
707935,上櫃,0.41,0.38,1334.0
707936,上櫃,2.23,2.23,10.0
707937,上櫃,0.29,0.26,3.0
707938,上櫃,0.0,0.0,0.0
707939,上櫃,0.0,0.0,0.0
707940,上櫃,0.1,0.1,400.0
707941,上櫃,0.0,0.0,0.0
707942,上櫃,0.0,0.0,0.0
707943,上櫃,0.0,0.0,0.0
707944,上櫃,0.15,0.15,1.0
707945,上櫃,1.46,1.6,3.0
707946,上櫃,0.0,0.0,0.0
707947,上櫃,0.41,0.41,130.0
707948,上櫃,0.0,0.0,0.0
707949,上櫃,1.18,1.18,1.0
707950,上櫃,0.0,0.0,0.0
707951,上櫃,0.0,0.0,0.0
707952,上櫃,1.55,1.53,13.0
707953,上櫃,0.06,0.05,113.0
707954,上櫃,0.09,0.09,50.0
707955,上櫃,0.0,0.0,0.0
707956,上櫃,0.5,0.5,27.0
707957,上櫃,1.77,1.77,10.0
707958,上櫃,0.0,0.0,0.0
707959,上櫃,0.25,0.21,120.0
707960,上櫃,0.43,0.43,90.0
707961,上櫃,0.0,0.0,0.0
707962,上櫃,0.0,0.0,0.0
707963,上櫃,0.44,0.42,497.0
707964,上櫃,0.15,0.17,140.0
707965,上櫃,1.37,1.31,299.0
707966,上櫃,0.0,0.0,0.0
707967,上櫃,0.0,0.0,0.0
707968,上櫃,0.0,0.0,0.0
707969,上櫃,0.0,0.0,0.0
707970,上櫃,0.45,0.41,280.0
707971,上櫃,0.3,0.28,60.0
707972,上櫃,0.0,0.0,0.0
707973,上櫃,0.0,0.0,0.0
707974,上櫃,1.5,1.5,27.0
707975,上櫃,0.39,0.36,30.0
707976,上櫃,0.0,0.0,0.0
707977,上櫃,0.0,0.0,0.0
707978,上櫃,0.0,0.0,0.0
707979,上櫃,0.0,0.0,0.0
707980,上櫃,0.06,0.06,61.0
707981,上櫃,1.28,1.32,746.0
707982,上櫃,0.2,0.16,35.0
707983,上櫃,0.0,0.0,0.0
707984,上櫃,1.74,1.66,136.0
707985,上櫃,0.0,0.0,0.0
707986,上櫃,0.0,0.0,0.0
707987,上櫃,0.0,0.0,0.0
707988,上櫃,0.75,0.75,5.0
707989,上櫃,0.61,0.61,7.0
707990,上櫃,0.0,0.0,0.0
707991,上櫃,1.79,1.68,7.0
707992,上櫃,1.55,1.36,159.0
707993,上櫃,0.0,0.0,0.0
707994,上櫃,0.19,0.18,120.0
707995,上櫃,0.0,0.0,0.0
707996,上櫃,0.32,0.32,25.0
707997,上櫃,1.42,1.41,61.0
707998,上櫃,0.99,0.94,130.0
707999,上櫃,0.64,0.6,601.0
708000,上櫃,0.0,0.0,0.0
708001,上櫃,0.64,0.56,75.0
708002,上櫃,0.57,0.51,152.0
708003,上櫃,0.59,0.55,510.0
708004,上櫃,0.0,0.0,0.0
708005,上櫃,0.0,0.0,0.0
708006,上櫃,0.0,0.0,0.0
708007,上櫃,0.0,0.0,0.0
708008,上櫃,1.13,1.11,113.0
708009,上櫃,0.0,0.0,0.0
708010,上櫃,0.0,0.0,0.0
708011,上櫃,0.0,0.0,0.0
708012,上櫃,0.0,0.0,0.0
708013,上櫃,0.48,0.55,209.0
708014,上櫃,0.3,0.3,1.0
708015,上櫃,5.2,5.2,5.0
708016,上櫃,3.4,2.74,61.0
708017,上櫃,2.28,2.02,83.0
708018,上櫃,0.0,0.0,0.0
708019,上櫃,0.0,0.0,0.0
708020,上櫃,0.0,0.0,0.0
708021,上櫃,0.0,0.0,0.0
708022,上櫃,3.23,3.23,1.0
708023,上櫃,0.0,0.0,0.0
708024,上櫃,0.22,0.22,20.0
708025,上櫃,0.92,0.83,42.0
708026,上櫃,0.19,0.21,201.0
708027,上櫃,0.0,0.0,0.0
708028,上櫃,0.0,0.0,0.0
708029,上櫃,0.0,0.0,0.0
708030,上櫃,0.0,0.0,0.0
708031,上櫃,1.3,1.26,109.0
708032,上櫃,3.02,2.85,117.0
708033,上櫃,0.39,0.35,602.0
708034,上櫃,0.0,0.0,0.0
708035,上櫃,0.0,0.0,0.0
708036,上櫃,0.0,0.0,0.0
708037,上櫃,0.0,0.0,0.0
708038,上櫃,0.55,0.5,360.0
708039,上櫃,0.0,0.0,0.0
708040,上櫃,0.18,0.18,21.0
708041,上櫃,0.35,0.35,30.0
708042,上櫃,0.0,0.0,0.0
708043,上櫃,0.0,0.0,0.0
708044,上櫃,0.97,0.94,6779.0
708045,上櫃,0.0,0.0,0.0
708046,上櫃,0.0,0.0,0.0
708047,上櫃,0.14,0.14,50.0
708048,上櫃,0.0,0.0,0.0
708049,上櫃,0.0,0.0,0.0
708050,上櫃,0.0,0.0,0.0
708051,上櫃,0.0,0.0,0.0
708052,上櫃,0.0,0.0,0.0
708053,上櫃,0.0,0.0,0.0
708054,上櫃,3.41,3.2,437.0
708055,上櫃,1.05,1.5,9.0
708056,上櫃,3.76,3.72,34.0
708057,上櫃,0.0,0.0,0.0
708058,上櫃,0.0,0.0,0.0
708059,上櫃,0.0,0.0,0.0
708060,上櫃,0.0,0.0,0.0
708061,上櫃,0.0,0.0,0.0
708062,上櫃,0.0,0.0,0.0
708063,上櫃,0.61,0.62,199.0
708064,上櫃,2.68,2.1,51.0
708065,上櫃,0.0,0.0,0.0
708066,上櫃,0.79,0.76,2104.0
708067,上櫃,1.32,1.21,828.0
708068,上櫃,0.0,0.0,0.0
708069,上櫃,0.0,0.0,0.0
708070,上櫃,0.27,0.22,2210.0
708071,上櫃,0.0,0.0,0.0
708072,上櫃,0.0,0.0,0.0
708073,上櫃,0.0,0.0,0.0
708074,上櫃,1.03,1.03,22.0
708075,上櫃,0.0,0.0,0.0
708076,上櫃,0.0,0.0,0.0
708077,上櫃,0.0,0.0,0.0
708078,上櫃,0.0,0.0,0.0
708079,上櫃,1.37,1.47,1238.0
708080,上櫃,0.83,0.83,5.0
708081,上櫃,0.0,0.0,0.0
708082,上櫃,0.0,0.0,0.0
708083,上櫃,0.7,0.59,361.0
708084,上櫃,1.04,1.02,1195.0
708085,上櫃,1.05,0.9,2177.0
708086,上櫃,0.0,0.0,0.0
708087,上櫃,0.38,0.38,100.0
708088,上櫃,0.65,0.65,377.0
708089,上櫃,1.03,1.01,914.0
708090,上櫃,5.4,5.0,7.0
708091,上櫃,0.0,0.0,0.0
708092,上櫃,0.1,0.1,100.0
708093,上櫃,0.66,0.66,11.0
708094,上櫃,0.0,0.0,0.0
708095,上櫃,0.0,0.0,0.0
708096,上櫃,0.35,0.35,138.0
708097,上櫃,0.0,0.0,0.0
708098,上櫃,0.0,0.0,0.0
708099,上櫃,0.0,0.0,0.0
708100,上櫃,0.38,0.38,18.0
708101,上櫃,0.34,0.34,271.0
708102,上櫃,0.0,0.0,0.0
708103,上櫃,0.73,0.69,841.0
708104,上櫃,0.0,0.0,0.0
708105,上櫃,0.41,0.41,31.0
708106,上櫃,0.4,0.4,83.0
708107,上櫃,0.79,0.79,50.0
708108,上櫃,0.0,0.0,0.0
708109,上櫃,0.64,0.7,222.0
708110,上櫃,0.0,0.0,0.0
708111,上櫃,0.0,0.0,0.0
708112,上櫃,0.0,0.0,0.0
708113,上櫃,0.0,0.0,0.0
708114,上櫃,0.0,0.0,0.0
708115,上櫃,1.19,1.19,31.0
708116,上櫃,0.0,0.0,0.0
708117,上櫃,0.7,0.73,153.0
708118,上櫃,1.79,1.79,100.0
708119,上櫃,2.34,2.34,6.0
708120,上櫃,0.0,0.0,0.0
708121,上櫃,0.42,0.42,1.0
708122,上櫃,0.0,0.0,0.0
708123,上櫃,0.32,0.33,146.0
708124,上櫃,0.29,0.27,6.0
708125,上櫃,0.96,0.97,886.0
708126,上櫃,0.7,0.6,592.0
708127,上櫃,0.0,0.0,0.0
708128,上櫃,2.46,2.24,204.0
708129,上櫃,1.36,1.3,273.0
708130,上櫃,1.84,1.76,15.0
708131,上櫃,0.0,0.0,0.0
708132,上櫃,0.0,0.0,0.0
708133,上櫃,0.0,0.0,0.0
708134,上櫃,0.0,0.0,0.0
708135,上櫃,1.19,1.19,5.0
708136,上櫃,1.25,1.11,23.0
708137,上櫃,0.0,0.0,0.0
708138,上櫃,0.0,0.0,0.0
708139,上櫃,0.0,0.0,0.0
708140,上櫃,1.1,1.04,2.0
708141,上櫃,4.54,4.54,1.0
708142,上櫃,0.0,0.0,0.0
708143,上櫃,3.55,3.8,75.0
708144,上櫃,0.0,0.0,0.0
708145,上櫃,0.0,0.0,0.0
708146,上櫃,0.0,0.0,0.0
708147,上櫃,0.0,0.0,0.0
708148,上櫃,0.93,0.97,397.0
708149,上櫃,0.91,0.88,20.0
708150,上櫃,0.0,0.0,0.0
708151,上櫃,0.0,0.0,0.0
708152,上櫃,1.4,1.4,3.0
708153,上櫃,0.0,0.0,0.0
708154,上櫃,0.0,0.0,0.0
708155,上櫃,0.0,0.0,0.0
708156,上櫃,0.0,0.0,0.0
708157,上櫃,0.26,0.26,1.0
708158,上櫃,0.62,0.59,8.0
708159,上櫃,0.45,0.36,203.0
708160,上櫃,0.32,0.32,2.0
708161,上櫃,0.0,0.0,0.0
708162,上櫃,0.0,0.0,0.0
708163,上櫃,0.28,0.28,50.0
708164,上櫃,0.74,0.7,2712.0
708165,上櫃,0.57,0.62,241.0
708166,上櫃,0.0,0.0,0.0
708167,上櫃,1.11,1.05,751.0
708168,上櫃,1.2,1.17,182.0
708169,上櫃,0.0,0.0,0.0
708170,上櫃,0.0,0.0,0.0
708171,上櫃,0.0,0.0,0.0
708172,上櫃,0.41,0.4,2921.0
708173,上櫃,0.79,0.78,110.0
708174,上櫃,0.0,0.0,0.0
708175,上櫃,0.0,0.0,0.0
708176,上櫃,1.08,1.05,212.0
708177,上櫃,0.0,0.0,0.0
708178,上櫃,0.0,0.0,0.0
708179,上櫃,0.87,0.83,454.0
708180,上櫃,0.0,0.0,0.0
708181,上櫃,0.81,0.78,634.0
708182,上櫃,0.0,0.0,0.0
708183,上櫃,0.57,0.54,770.0
708184,上櫃,0.0,0.0,0.0
708185,上櫃,0.0,0.0,0.0
708186,上櫃,0.0,0.0,0.0
708187,上櫃,2.42,2.31,61.0
708188,上櫃,2.3,2.17,21.0
708189,上櫃,0.0,0.0,0.0
708190,上櫃,0.0,0.0,0.0
708191,上櫃,0.0,0.0,0.0
708192,上櫃,0.0,0.0,0.0
708193,上櫃,0.0,0.0,0.0
708194,上櫃,0.61,0.55,81.0
708195,上櫃,0.78,1.02,47.0
708196,上櫃,0.0,0.0,0.0
708197,上櫃,0.0,0.0,0.0
708198,上櫃,4.12,3.9,447.0
708199,上櫃,0.0,0.0,0.0
708201,上櫃,0.0,0.0,0.0
708202,上櫃,0.34,0.34,5.0
708203,上櫃,0.0,0.0,0.0
708204,上櫃,0.0,0.0,0.0
708205,上櫃,0.0,0.0,0.0
708206,上櫃,0.24,0.24,22.0
708207,上櫃,0.0,0.0,0.0
708208,上櫃,0.0,0.0,0.0
708209,上櫃,0.0,0.0,0.0
708210,上櫃,2.92,2.94,47.0
708211,上櫃,0.0,0.0,0.0
708212,上櫃,0.55,0.55,30.0
708213,上櫃,0.0,0.0,0.0
708214,上櫃,0.0,0.0,0.0
708215,上櫃,0.0,0.0,0.0
708216,上櫃,0.0,0.0,0.0
708217,上櫃,0.0,0.0,0.0
708218,上櫃,0.0,0.0,0.0
708219,上櫃,0.45,0.45,10.0
708220,上櫃,2.37,2.36,211.0
708221,上櫃,0.0,0.0,0.0
708222,上櫃,0.94,0.94,19.0
708223,上櫃,0.0,0.0,0.0
708225,上櫃,0.0,0.0,0.0
708226,上櫃,0.0,0.0,0.0
708227,上櫃,0.0,0.0,0.0
708228,上櫃,0.0,0.0,0.0
708229,上櫃,2.35,2.35,10.0
708230,上櫃,0.0,0.0,0.0
708231,上櫃,0.0,0.0,0.0
708232,上櫃,0.0,0.0,0.0
708233,上櫃,0.0,0.0,0.0
708234,上櫃,0.0,0.0,0.0
708235,上櫃,0.65,0.64,1452.0
708236,上櫃,0.0,0.0,0.0
708237,上櫃,2.4,2.38,2.0
708238,上櫃,1.14,1.14,6.0
708239,上櫃,0.0,0.0,0.0
708240,上櫃,2.07,1.97,1041.0
708241,上櫃,0.96,0.92,120.0
708242,上櫃,0.44,0.44,3.0
708244,上櫃,0.0,0.0,0.0
708245,上櫃,0.0,0.0,0.0
708246,上櫃,1.23,1.23,20.0
708247,上櫃,0.0,0.0,0.0
708248,上櫃,0.0,0.0,0.0
708249,上櫃,1.6,1.9,7.0
708250,上櫃,0.47,0.52,1223.0
708252,上櫃,0.2,0.18,118.0
708253,上櫃,0.0,0.0,0.0
708254,上櫃,0.0,0.0,0.0
708255,上櫃,0.0,0.0,0.0
708256,上櫃,0.92,0.96,11.0
708257,上櫃,0.54,0.54,10.0
708258,上櫃,0.86,0.93,35.0
708259,上櫃,0.0,0.0,0.0
708260,上櫃,0.0,0.0,0.0
708261,上櫃,0.0,0.0,0.0
708262,上櫃,0.0,0.0,0.0
708263,上櫃,0.0,0.0,0.0
708264,上櫃,0.0,0.0,0.0
708265,上櫃,0.0,0.0,0.0
708266,上櫃,0.52,0.52,462.0
708267,上櫃,0.56,0.56,116.0
708268,上櫃,0.7,0.66,1094.0
708269,上櫃,1.19,1.21,3.0
708270,上櫃,0.39,0.38,8.0
708271,上櫃,0.0,0.0,0.0
708272,上櫃,0.0,0.0,0.0
708273,上櫃,0.0,0.0,0.0
708274,上櫃,0.73,0.66,16.0
708275,上櫃,0.0,0.0,0.0
708276,上櫃,0.6,0.6,50.0
708277,上櫃,0.0,0.0,0.0
708278,上櫃,0.0,0.0,0.0
708279,上櫃,0.41,0.37,690.0
708280,上櫃,0.63,0.63,734.0
708281,上櫃,0.0,0.0,0.0
708283,上櫃,0.0,0.0,0.0
708284,上櫃,0.0,0.0,0.0
708285,上櫃,0.7,0.65,272.0
708286,上櫃,1.89,1.48,25.0
708287,上櫃,0.0,0.0,0.0
708288,上櫃,0.0,0.0,0.0
708289,上櫃,1.2,1.3,83.0
708290,上櫃,0.54,0.46,320.0
708291,上櫃,0.0,0.0,0.0
708292,上櫃,0.83,0.84,1877.0
708293,上櫃,0.32,0.32,120.0
708294,上櫃,0.36,0.36,30.0
708295,上櫃,0.12,0.12,4.0
708296,上櫃,0.0,0.0,0.0
708297,上櫃,0.0,0.0,0.0
708298,上櫃,0.0,0.0,0.0
708299,上櫃,0.0,0.0,0.0
708300,上櫃,0.0,0.0,0.0
708301,上櫃,0.0,0.0,0.0
708302,上櫃,0.81,0.84,628.0
708303,上櫃,0.0,0.0,0.0
708304,上櫃,0.64,0.62,561.0
708305,上櫃,0.86,0.79,497.0
708306,上櫃,1.52,1.5,802.0
708307,上櫃,0.0,0.0,0.0
708308,上櫃,0.0,0.0,0.0
708309,上櫃,1.74,1.63,34.0
708310,上櫃,0.0,0.0,0.0
708311,上櫃,0.0,0.0,0.0
708312,上櫃,0.73,0.73,409.0
708313,上櫃,0.0,0.0,0.0
708314,上櫃,0.0,0.0,0.0
708315,上櫃,0.42,0.42,22.0
708316,上櫃,0.62,0.62,2.0
708317,上櫃,0.0,0.0,0.0
708318,上櫃,0.0,0.0,0.0
708319,上櫃,0.0,0.0,0.0
708320,上櫃,5.3,5.4,8.0
708323,上櫃,0.0,0.0,0.0
708324,上櫃,0.0,0.0,0.0
708325,上櫃,0.0,0.0,0.0
708326,上櫃,1.55,1.65,106.0
708327,上櫃,0.0,0.0,0.0
708328,上櫃,0.0,0.0,0.0
708329,上櫃,0.0,0.0,0.0
708330,上櫃,0.12,0.11,235.0
708331,上櫃,0.34,0.32,245.0
708332,上櫃,0.0,0.0,0.0
708333,上櫃,0.0,0.0,0.0
708334,上櫃,0.0,0.0,0.0
708335,上櫃,0.61,0.57,285.0
708336,上櫃,4.84,4.74,27.0
708337,上櫃,1.62,1.65,5.0
708339,上櫃,0.0,0.0,0.0
708340,上櫃,0.0,0.0,0.0
708341,上櫃,0.0,0.0,0.0
708342,上櫃,2.02,2.29,129.0
708343,上櫃,1.98,2.12,387.0
708344,上櫃,0.5,0.42,25.0
708345,上櫃,0.0,0.0,0.0
708346,上櫃,0.2,0.19,30.0
708347,上櫃,0.62,0.55,80.0
708348,上櫃,0.0,0.0,0.0
708349,上櫃,1.45,1.23,104.0
708350,上櫃,0.0,0.0,0.0
708351,上櫃,2.07,2.14,185.0
708352,上櫃,0.74,0.74,2.0
708353,上櫃,0.66,0.65,674.0
708354,上櫃,0.57,0.57,174.0
708355,上櫃,7.45,7.35,29.0
708356,上櫃,3.14,3.14,19.0
708357,上櫃,0.0,0.0,0.0
708358,上櫃,0.0,0.0,0.0
708359,上櫃,0.0,0.0,0.0
708360,上櫃,0.0,0.0,0.0
708361,上櫃,0.0,0.0,0.0
708362,上櫃,0.0,0.0,0.0
708363,上櫃,0.0,0.0,0.0
708364,上櫃,0.0,0.0,0.0
708365,上櫃,0.66,0.66,20.0
708366,上櫃,0.71,0.7,30.0
708367,上櫃,0.16,0.16,1383.0
708368,上櫃,0.0,0.0,0.0
708369,上櫃,0.0,0.0,0.0
708370,上櫃,0.71,0.71,8.0
708371,上櫃,0.0,0.0,0.0
708372,上櫃,0.0,0.0,0.0
708373,上櫃,1.02,1.05,777.0
708374,上櫃,0.0,0.0,0.0
708376,上櫃,0.42,0.42,100.0
708377,上櫃,0.65,0.62,204.0
708378,上櫃,0.78,0.77,81.0
708379,上櫃,0.0,0.0,0.0
708380,上櫃,0.0,0.0,0.0
708381,上櫃,0.0,0.0,0.0
708382,上櫃,0.0,0.0,0.0
708383,上櫃,0.0,0.0,0.0
708384,上櫃,0.0,0.0,0.0
708385,上櫃,0.0,0.0,0.0
708386,上櫃,0.0,0.0,0.0
708387,上櫃,0.0,0.0,0.0
708388,上櫃,0.34,0.34,520.0
708389,上櫃,0.0,0.0,0.0
708390,上櫃,0.0,0.0,0.0
708391,上櫃,1.0,1.0,5.0
708392,上櫃,0.0,0.0,0.0
708393,上櫃,0.0,0.0,0.0
708394,上櫃,0.0,0.0,0.0
708395,上櫃,0.0,0.0,0.0
708396,上櫃,0.95,0.83,844.0
708397,上櫃,0.0,0.0,0.0
708398,上櫃,0.0,0.0,0.0
708399,上櫃,0.0,0.0,0.0
708400,上櫃,0.0,0.0,0.0
708401,上櫃,0.0,0.0,0.0
708402,上櫃,0.0,0.0,0.0
708403,上櫃,0.0,0.0,0.0
708404,上櫃,1.27,1.18,65.0
708405,上櫃,0.56,0.54,40.0
708406,上櫃,0.31,0.33,197.0
708407,上櫃,0.57,0.57,30.0
708408,上櫃,0.3,0.3,2.0
708409,上櫃,0.0,0.0,0.0
708410,上櫃,0.52,0.51,250.0
708411,上櫃,0.0,0.0,0.0
708412,上櫃,1.47,1.47,6.0
708413,上櫃,1.8,2.15,18.0
708414,上櫃,2.98,2.98,4.0
708415,上櫃,0.0,0.0,0.0
708416,上櫃,0.55,0.55,9.0
708417,上櫃,0.0,0.0,0.0
708418,上櫃,2.07,1.92,53.0
708419,上櫃,0.0,0.0,0.0
708420,上櫃,0.84,0.84,10.0
708421,上櫃,0.0,0.0,0.0
708422,上櫃,0.32,0.31,471.0
708423,上櫃,0.0,0.0,0.0
708424,上櫃,0.0,0.0,0.0
708425,上櫃,0.0,0.0,0.0
708426,上櫃,0.0,0.0,0.0
708427,上櫃,1.5,1.06,66.0
708428,上櫃,0.44,0.44,15.0
708429,上櫃,2.45,2.45,20.0
708430,上櫃,0.0,0.0,0.0
708431,上櫃,0.0,0.0,0.0
708432,上櫃,0.0,0.0,0.0
708433,上櫃,0.33,0.3,613.0
708434,上櫃,0.0,0.0,0.0
708435,上櫃,0.0,0.0,0.0
708436,上櫃,1.21,1.33,137.0
708437,上櫃,0.51,0.49,951.0
708438,上櫃,0.0,0.0,0.0
708439,上櫃,0.0,0.0,0.0
708440,上櫃,1.6,1.6,2.0
708441,上櫃,0.0,0.0,0.0
708442,上櫃,0.89,0.87,7.0
708443,上櫃,0.0,0.0,0.0
708444,上櫃,0.0,0.0,0.0
708445,上櫃,0.36,0.31,140.0
708446,上櫃,0.0,0.0,0.0
708447,上櫃,0.0,0.0,0.0
708448,上櫃,0.0,0.0,0.0
708449,上櫃,0.0,0.0,0.0
708450,上櫃,0.0,0.0,0.0
708451,上櫃,3.63,3.63,4.0
708452,上櫃,0.44,0.44,14.0
708453,上櫃,0.0,0.0,0.0
708454,上櫃,0.56,0.37,1157.0
708455,上櫃,0.55,0.59,49.0
708456,上櫃,0.0,0.0,0.0
708457,上櫃,1.56,1.8,3.0
708458,上櫃,0.31,0.31,200.0
708459,上櫃,0.0,0.0,0.0
708460,上櫃,0.39,0.27,167.0
708461,上櫃,0.29,0.35,661.0
708462,上櫃,0.39,0.29,3622.0
708463,上櫃,0.95,0.82,23.0
708464,上櫃,0.0,0.0,0.0
708465,上櫃,0.0,0.0,0.0
708466,上櫃,0.0,0.0,0.0
708467,上櫃,0.0,0.0,0.0
708468,上櫃,0.0,0.0,0.0
708469,上櫃,0.28,0.24,14.0
708470,上櫃,3.3,3.27,690.0
708471,上櫃,1.75,1.7,22.0
708472,上櫃,1.04,1.08,41.0
708473,上櫃,1.16,1.05,1815.0
708474,上櫃,0.0,0.0,0.0
708475,上櫃,0.0,0.0,0.0
708476,上櫃,0.0,0.0,0.0
708477,上櫃,0.0,0.0,0.0
708478,上櫃,0.0,0.0,0.0
708479,上櫃,0.47,0.41,300.0
708480,上櫃,0.98,0.87,368.0
708482,上櫃,0.0,0.0,0.0
708484,上櫃,3.57,3.57,1.0
708485,上櫃,0.0,0.0,0.0
708486,上櫃,3.6,3.41,8.0
708487,上櫃,0.0,0.0,0.0
708489,上櫃,0.0,0.0,0.0
708490,上櫃,0.0,0.0,0.0
708491,上櫃,0.39,0.35,280.0
708492,上櫃,0.0,0.0,0.0
708493,上櫃,0.31,0.32,13.0
708494,上櫃,0.0,0.0,0.0
708495,上櫃,2.03,2.04,32.0
708496,上櫃,0.0,0.0,0.0
708497,上櫃,0.0,0.0,0.0
708498,上櫃,0.0,0.0,0.0
708499,上櫃,2.29,2.3,22.0
708500,上櫃,0.86,0.86,1.0
708501,上櫃,1.73,1.64,247.0
708502,上櫃,0.0,0.0,0.0
708503,上櫃,0.83,0.81,334.0
708504,上櫃,1.11,1.08,395.0
708505,上櫃,0.91,0.87,578.0
708506,上櫃,5.6,5.6,4.0
708507,上櫃,2.82,2.74,45.0
708508,上櫃,3.24,3.23,55.0
708509,上櫃,0.0,0.0,0.0
708510,上櫃,0.0,0.0,0.0
708511,上櫃,0.0,0.0,0.0
708512,上櫃,0.0,0.0,0.0
708513,上櫃,0.0,0.0,0.0
708514,上櫃,1.26,1.44,429.0
708515,上櫃,1.55,1.54,34.0
708516,上櫃,1.56,1.53,13.0
708517,上櫃,0.12,0.12,522.0
708518,上櫃,0.0,0.0,0.0
708519,上櫃,0.32,0.31,355.0
708520,上櫃,0.0,0.0,0.0
708521,上櫃,1.44,1.15,84.0
708522,上櫃,0.0,0.0,0.0
708523,上櫃,0.2,0.16,129.0
708524,上櫃,0.0,0.0,0.0
708525,上櫃,2.41,2.74,75.0
708526,上櫃,0.0,0.0,0.0
708527,上櫃,0.0,0.0,0.0
708528,上櫃,0.0,0.0,0.0
708529,上櫃,0.0,0.0,0.0
708530,上櫃,0.4,0.35,205.0
708531,上櫃,0.34,0.29,838.0
708532,上櫃,1.32,1.21,263.0
708533,上櫃,0.73,0.72,57.0
708534,上櫃,1.89,1.84,10.0
708535,上櫃,0.0,0.0,0.0
708536,上櫃,0.7,0.61,18.0
708537,上櫃,0.65,0.62,22.0
708538,上櫃,1.17,1.16,30.0
708539,上櫃,0.0,0.0,0.0
708540,上櫃,3.14,3.02,27.0
708541,上櫃,0.68,0.68,30.0
708542,上櫃,0.46,0.45,8.0
708543,上櫃,0.46,0.45,1318.0
708544,上櫃,0.0,0.0,0.0
708545,上櫃,0.31,0.31,10.0
708546,上櫃,0.83,0.86,20.0
708547,上櫃,0.6,0.59,117.0
708548,上櫃,0.0,0.0,0.0
708549,上櫃,2.29,2.34,55.0
708550,上櫃,1.11,1.11,20.0
708551,上櫃,3.17,3.1,90.0
708552,上櫃,0.0,0.0,0.0
708553,上櫃,0.67,0.68,517.0
708554,上櫃,0.72,0.72,685.0
708555,上櫃,0.0,0.0,0.0
708556,上櫃,0.0,0.0,0.0
708557,上櫃,1.07,1.03,350.0
708558,上櫃,0.24,0.24,124.0
708559,上櫃,0.29,0.29,13.0
708560,上櫃,0.0,0.0,0.0
708561,上櫃,0.6,0.55,413.0
708562,上櫃,0.38,0.36,798.0
708563,上櫃,0.9,0.9,10.0
708564,上櫃,0.0,0.0,0.0
708565,上櫃,0.0,0.0,0.0
708566,上櫃,1.0,1.01,11.0
708567,上櫃,0.27,0.27,30.0
708568,上櫃,0.61,0.56,58.0
708569,上櫃,2.08,2.08,91.0
708570,上櫃,0.52,0.58,112.0
708571,上櫃,0.36,0.33,198.0
708572,上櫃,0.0,0.0,0.0
708573,上櫃,0.0,0.0,0.0
708574,上櫃,0.0,0.0,0.0
708575,上櫃,0.0,0.0,0.0
708576,上櫃,0.0,0.0,0.0
708577,上櫃,0.11,0.11,60.0
708578,上櫃,0.29,0.24,193.0
708579,上櫃,0.3,0.3,20.0
708580,上櫃,0.25,0.23,60.0
708581,上櫃,0.38,0.38,486.0
708582,上櫃,0.0,0.0,0.0
708583,上櫃,0.0,0.0,0.0
708584,上櫃,2.0,1.89,360.0
708585,上櫃,0.0,0.0,0.0
708586,上櫃,0.0,0.0,0.0
708587,上櫃,0.0,0.0,0.0
708588,上櫃,0.23,0.21,4573.0
708589,上櫃,0.54,0.42,701.0
708590,上櫃,0.7,0.69,415.0
708591,上櫃,1.98,1.98,1.0
708592,上櫃,1.5,1.41,1028.0
708593,上櫃,0.0,0.0,0.0
708594,上櫃,1.1,1.1,10.0
708595,上櫃,0.59,0.59,10.0
708596,上櫃,1.74,1.9,2.0
708597,上櫃,0.63,0.6,392.0
708598,上櫃,0.0,0.0,0.0
708599,上櫃,0.0,0.0,0.0
708600,上櫃,0.0,0.0,0.0
708601,上櫃,0.0,0.0,0.0
708602,上櫃,0.0,0.0,0.0
708603,上櫃,0.0,0.0,0.0
708604,上櫃,0.37,0.34,22.0
708605,上櫃,0.0,0.0,0.0
708606,上櫃,0.29,0.28,11.0
708607,上櫃,0.0,0.0,0.0
708608,上櫃,0.0,0.0,0.0
708609,上櫃,0.0,0.0,0.0
708610,上櫃,0.97,1.12,106.0
708611,上櫃,0.23,0.22,551.0
708612,上櫃,0.3,0.3,2.0
708613,上櫃,0.0,0.0,0.0
708614,上櫃,1.29,1.29,10.0
708615,上櫃,1.11,1.03,337.0
708616,上櫃,1.13,1.13,16.0
708617,上櫃,0.0,0.0,0.0
708618,上櫃,0.3,0.3,1.0
708619,上櫃,0.0,0.0,0.0
708620,上櫃,1.03,1.16,397.0
708621,上櫃,0.0,0.0,0.0
708622,上櫃,0.76,1.83,14.0
708623,上櫃,0.0,0.0,0.0
708624,上櫃,0.29,0.27,120.0
708625,上櫃,0.0,0.0,0.0
708626,上櫃,0.0,0.0,0.0
708627,上櫃,2.57,2.38,639.0
708628,上櫃,0.32,0.31,494.0
708629,上櫃,0.68,0.62,154.0
708630,上櫃,0.82,0.75,376.0
708631,上櫃,0.0,0.0,0.0
708632,上櫃,0.0,0.0,0.0
708633,上櫃,0.0,0.0,0.0
708634,上櫃,0.0,0.0,0.0
708635,上櫃,0.21,0.21,20.0
708636,上櫃,1.98,1.82,20.0
708637,上櫃,0.0,0.0,0.0
708638,上櫃,0.91,0.88,127.0
708639,上櫃,0.08,0.17,2.0
708640,上櫃,0.92,0.92,6.0
708641,上櫃,3.97,3.61,148.0
708642,上櫃,0.31,0.31,396.0
708643,上櫃,0.0,0.0,0.0
708644,上櫃,0.29,0.29,4.0
708645,上櫃,0.55,0.51,718.0
708646,上櫃,0.23,0.22,3.0
708647,上櫃,0.0,0.0,0.0
708648,上櫃,0.18,0.17,750.0
708649,上櫃,0.55,0.55,29.0
708650,上櫃,0.96,0.92,495.0
708651,上櫃,0.0,0.0,0.0
708652,上櫃,0.0,0.0,0.0
708653,上櫃,0.83,0.99,471.0
708654,上櫃,0.0,0.0,0.0
708655,上櫃,0.84,0.81,1954.0
708656,上櫃,0.98,1.09,89.0
708657,上櫃,0.09,0.09,90.0
708658,上櫃,1.45,1.37,781.0
708659,上櫃,0.67,0.61,610.0
708660,上櫃,0.0,0.0,0.0
708661,上櫃,0.48,0.42,951.0
708662,上櫃,0.56,0.56,159.0
708663,上櫃,0.71,0.81,519.0
708664,上櫃,0.49,0.55,400.0
708665,上櫃,0.89,1.03,524.0
708666,上櫃,0.33,0.36,1917.0
708667,上櫃,0.41,0.44,289.0
708668,上櫃,0.97,0.97,945.0
708669,上櫃,0.0,0.0,0.0
708670,上櫃,0.85,0.85,3.0
708671,上櫃,1.45,1.42,329.0
708672,上櫃,0.75,0.77,896.0
708673,上櫃,0.0,0.0,0.0
708674,上櫃,0.99,0.96,114.0
708675,上櫃,0.0,0.0,0.0
708676,上櫃,0.0,0.0,0.0
708677,上櫃,0.56,0.56,5.0
708678,上櫃,0.48,0.48,10.0
708679,上櫃,0.0,0.0,0.0
708680,上櫃,0.0,0.0,0.0
708681,上櫃,0.0,0.0,0.0
708682,上櫃,0.62,0.57,1459.0
708683,上櫃,0.0,0.0,0.0
708684,上櫃,0.34,0.35,87.0
708685,上櫃,0.66,0.9,12.0
708686,上櫃,1.1,1.06,205.0
708687,上櫃,0.0,0.0,0.0
708688,上櫃,0.0,0.0,0.0
708689,上櫃,0.0,0.0,0.0
708690,上櫃,0.0,0.0,0.0
708691,上櫃,0.0,0.0,0.0
708692,上櫃,1.2,1.07,11.0
708693,上櫃,1.99,2.19,384.0
708694,上櫃,0.0,0.0,0.0
708695,上櫃,0.0,0.0,0.0
708696,上櫃,0.0,0.0,0.0
708697,上櫃,0.0,0.0,0.0
708698,上櫃,0.0,0.0,0.0
708699,上櫃,2.09,1.85,103.0
708700,上櫃,0.0,0.0,0.0
708701,上櫃,1.11,1.05,183.0
708702,上櫃,0.87,0.84,174.0
708703,上櫃,0.71,0.71,11.0
708704,上櫃,0.58,0.54,427.0
708705,上櫃,0.0,0.0,0.0
708706,上櫃,0.71,0.7,1313.0
708707,上櫃,0.0,0.0,0.0
708708,上櫃,0.68,0.58,180.0
708709,上櫃,0.56,0.56,2.0
708710,上櫃,0.52,0.52,99.0
708711,上櫃,1.99,1.93,65.0
708712,上櫃,2.54,2.54,1.0
708713,上櫃,0.0,0.0,0.0
708714,上櫃,0.0,0.0,0.0
708715,上櫃,0.89,0.84,351.0
708716,上櫃,0.0,0.0,0.0
708717,上櫃,0.0,0.0,0.0
708718,上櫃,2.65,2.38,101.0
708719,上櫃,0.0,0.0,0.0
708720,上櫃,0.0,0.0,0.0
708721,上櫃,0.5,0.55,81.0
708722,上櫃,0.41,0.46,18.0
708723,上櫃,0.18,0.18,5.0
708724,上櫃,0.29,0.25,60.0
708725,上櫃,2.16,2.16,1.0
708726,上櫃,2.55,2.55,1.0
708727,上櫃,1.88,1.88,50.0
708728,上櫃,0.0,0.0,0.0
708729,上櫃,0.57,0.57,50.0
708730,上櫃,0.28,0.28,100.0
708731,上櫃,0.52,0.52,10.0
708732,上櫃,0.0,0.0,0.0
708733,上櫃,0.5,0.5,2.0
708734,上櫃,0.63,0.58,107.0
708735,上櫃,0.62,0.54,1069.0
708736,上櫃,0.0,0.0,0.0
708737,上櫃,0.0,0.0,0.0
708738,上櫃,0.0,0.0,0.0
708739,上櫃,1.31,1.31,7.0
708740,上櫃,0.0,0.0,0.0
708741,上櫃,0.0,0.0,0.0
708742,上櫃,0.4,0.4,1.0
708743,上櫃,0.0,0.0,0.0
708744,上櫃,0.58,0.57,23.0
708745,上櫃,0.0,0.0,0.0
708746,上櫃,0.0,0.0,0.0
708747,上櫃,0.0,0.0,0.0
708748,上櫃,2.07,1.88,2150.0
708749,上櫃,1.77,1.62,62.0
708750,上櫃,1.02,1.01,171.0
708751,上櫃,0.0,0.0,0.0
708752,上櫃,0.58,0.58,21.0
708753,上櫃,0.0,0.0,0.0
708754,上櫃,0.13,0.13,12.0
708755,上櫃,2.26,2.03,1008.0
708756,上櫃,0.0,0.0,0.0
708757,上櫃,1.5,1.5,1.0
708758,上櫃,0.0,0.0,0.0
708759,上櫃,0.0,0.0,0.0
708760,上櫃,2.17,2.06,23.0
708761,上櫃,0.0,0.0,0.0
708762,上櫃,0.81,0.82,15.0
708763,上櫃,0.0,0.0,0.0
708764,上櫃,0.46,0.46,814.0
708765,上櫃,0.0,0.0,0.0
708766,上櫃,0.33,0.33,15.0
708767,上櫃,0.74,0.72,85.0
708768,上櫃,0.0,0.0,0.0
708769,上櫃,0.0,0.0,0.0
708770,上櫃,0.27,0.27,20.0
708771,上櫃,0.0,0.0,0.0
708772,上櫃,0.0,0.0,0.0
708773,上櫃,0.38,0.4,82.0
708774,上櫃,0.59,0.58,30.0
708775,上櫃,0.86,0.76,315.0
708776,上櫃,0.0,0.0,0.0
708777,上櫃,1.34,1.18,69.0
708778,上櫃,0.42,0.42,1.0
708779,上櫃,1.16,1.2,11.0
708780,上櫃,0.0,0.0,0.0
708781,上櫃,0.0,0.0,0.0
708782,上櫃,0.0,0.0,0.0
708783,上櫃,0.0,0.0,0.0
708784,上櫃,1.24,0.69,80.0
708785,上櫃,0.0,0.0,0.0
708786,上櫃,0.25,0.25,50.0
708787,上櫃,0.37,0.37,1.0
708788,上櫃,0.6,0.6,1.0
708789,上櫃,0.0,0.0,0.0
708790,上櫃,0.0,0.0,0.0
708791,上櫃,0.0,0.0,0.0
708792,上櫃,0.0,0.0,0.0
708793,上櫃,1.37,1.26,79.0
708794,上櫃,0.3,0.16,749.0
708795,上櫃,0.0,0.0,0.0
708796,上櫃,0.6,0.58,43.0
708797,上櫃,0.57,0.55,53.0
708798,上櫃,1.03,0.98,50.0
708799,上櫃,2.33,2.33,3.0
708800,上櫃,0.0,0.0,0.0
708801,上櫃,1.39,1.34,14.0
708802,上櫃,1.09,1.12,39.0
708803,上櫃,0.94,0.94,4.0
708804,上櫃,0.0,0.0,0.0
708805,上櫃,0.0,0.0,0.0
708806,上櫃,2.41,2.3,100.0
708807,上櫃,0.0,0.0,0.0
708808,上櫃,0.0,0.0,0.0
708809,上櫃,2.34,2.22,68.0
708810,上櫃,0.0,0.0,0.0
708811,上櫃,0.0,0.0,0.0
708812,上櫃,0.0,0.0,0.0
708813,上櫃,0.0,0.0,0.0
708814,上櫃,0.0,0.0,0.0
708815,上櫃,0.0,0.0,0.0
708816,上櫃,0.47,0.42,1150.0
708817,上櫃,0.92,0.92,183.0
708818,上櫃,0.71,0.71,35.0
708819,上櫃,0.0,0.0,0.0
708820,上櫃,0.0,0.0,0.0
708821,上櫃,0.0,0.0,0.0
708822,上櫃,0.0,0.0,0.0
708823,上櫃,0.0,0.0,0.0
708824,上櫃,0.0,0.0,0.0
708825,上櫃,0.74,2.35,189.0
708826,上櫃,0.57,0.56,698.0
708827,上櫃,0.0,0.0,0.0
708828,上櫃,0.51,0.49,6.0
708829,上櫃,1.42,1.27,15.0
708830,上櫃,0.0,0.0,0.0
708831,上櫃,0.0,0.0,0.0
708832,上櫃,0.0,0.0,0.0
708833,上櫃,0.0,0.0,0.0
708834,上櫃,0.0,0.0,0.0
708835,上櫃,0.0,0.0,0.0
708836,上櫃,2.01,1.85,16.0
708837,上櫃,0.0,0.0,0.0
708838,上櫃,0.0,0.0,0.0
708839,上櫃,0.0,0.0,0.0
708840,上櫃,2.05,1.91,7.0
708841,上櫃,1.1,1.01,14.0
708842,上櫃,0.0,0.0,0.0
708843,上櫃,2.0,1.88,1006.0
708844,上櫃,1.0,0.94,724.0
708845,上櫃,0.0,0.0,0.0
708846,上櫃,0.0,0.0,0.0
708847,上櫃,1.7,1.9,7.0
708848,上櫃,0.0,0.0,0.0
708849,上櫃,0.0,0.0,0.0
708850,上櫃,1.46,1.54,43.0
708851,上櫃,0.18,0.18,788.0
708852,上櫃,0.88,0.88,9.0
708853,上櫃,0.0,0.0,0.0
708854,上櫃,2.5,2.2,5.0
708855,上櫃,0.0,0.0,0.0
708856,上櫃,0.0,0.0,0.0
708857,上櫃,0.0,0.0,0.0
708858,上櫃,0.0,0.0,0.0
708859,上櫃,0.0,0.0,0.0
708860,上櫃,0.0,0.0,0.0
708861,上櫃,0.53,0.53,31.0
708862,上櫃,0.0,0.0,0.0
708863,上櫃,0.0,0.0,0.0
708864,上櫃,0.0,0.0,0.0
708865,上櫃,0.0,0.0,0.0
708866,上櫃,0.0,0.0,0.0
708867,上櫃,2.2,2.7,3.0
708868,上櫃,2.6,2.6,1.0
708869,上櫃,0.92,0.86,50.0
708870,上櫃,0.58,0.58,3.0
708871,上櫃,0.57,0.52,30.0
708872,上櫃,1.19,1.08,87.0
708873,上櫃,0.0,0.0,0.0
708874,上櫃,2.12,2.12,70.0
708875,上櫃,0.58,0.48,378.0
708876,上櫃,0.0,0.0,0.0
708877,上櫃,0.0,0.0,0.0
708878,上櫃,1.2,0.6,127.0
708879,上櫃,0.0,0.0,0.0
708880,上櫃,0.67,0.71,62.0
708881,上櫃,0.0,0.0,0.0
708882,上櫃,0.8,0.73,112.0
708883,上櫃,0.33,0.33,15.0
708884,上櫃,0.28,0.29,1000.0
708885,上櫃,0.0,0.0,0.0
708886,上櫃,3.04,2.35,53.0
708887,上櫃,0.0,0.0,0.0
708888,上櫃,1.1,1.1,100.0
708889,上櫃,1.09,1.09,20.0
708890,上櫃,1.8,1.71,98.0
708891,上櫃,0.0,0.0,0.0
708892,上櫃,0.0,0.0,0.0
708893,上櫃,1.53,1.43,12.0
708894,上櫃,2.65,2.6,13.0
708895,上櫃,0.0,0.0,0.0
708896,上櫃,0.0,0.0,0.0
708897,上櫃,2.67,2.67,95.0
708899,上櫃,0.29,0.29,35.0
708900,上櫃,0.0,0.0,0.0
708901,上櫃,0.0,0.0,0.0
708902,上櫃,0.0,0.0,0.0
708903,上櫃,0.73,0.71,39.0
708904,上櫃,0.47,0.48,57.0
708905,上櫃,0.0,0.0,0.0
708906,上櫃,0.42,0.41,1000.0
708907,上櫃,0.45,0.4,105.0
708908,上櫃,0.57,0.57,1.0
708909,上櫃,0.0,0.0,0.0
708910,上櫃,0.0,0.0,0.0
708911,上櫃,0.38,0.38,90.0
708912,上櫃,0.0,0.0,0.0
708913,上櫃,0.0,0.0,0.0
708914,上櫃,0.38,0.38,5.0
708915,上櫃,0.0,0.0,0.0
708916,上櫃,0.37,0.39,1325.0
708917,上櫃,0.0,0.0,0.0
708918,上櫃,0.61,0.61,10.0
708919,上櫃,0.5,0.5,20.0
708920,上櫃,0.52,0.52,403.0
708921,上櫃,0.0,0.0,0.0
708922,上櫃,0.75,0.75,108.0
708923,上櫃,0.66,0.6,105.0
708924,上櫃,0.57,0.55,946.0
708925,上櫃,0.75,0.76,183.0
708926,上櫃,0.0,0.0,0.0
708927,上櫃,0.53,0.5,90.0
708928,上櫃,0.0,0.0,0.0
708929,上櫃,0.61,0.58,53.0
708930,上櫃,0.0,0.0,0.0
708931,上櫃,0.0,0.0,0.0
708932,上櫃,0.0,0.0,0.0
708933,上櫃,0.0,0.0,0.0
708934,上櫃,0.51,0.49,264.0
708935,上櫃,0.65,0.65,570.0
708936,上櫃,0.69,0.63,518.0
708937,上櫃,0.69,0.65,440.0
708938,上櫃,0.5,0.5,10.0
708939,上櫃,0.73,0.75,786.0
708940,上櫃,0.0,0.0,0.0
708941,上櫃,0.0,0.0,0.0
708942,上櫃,0.0,0.0,0.0
708943,上櫃,0.0,0.0,0.0
708944,上櫃,0.0,0.0,0.0
708945,上櫃,0.9,0.75,1659.0
708946,上櫃,0.69,0.63,60.0
708947,上櫃,1.3,1.37,65.0
708948,上櫃,0.0,0.0,0.0
708949,上櫃,2.25,2.21,56.0
708950,上櫃,0.0,0.0,0.0
708951,上櫃,0.0,0.0,0.0
708952,上櫃,0.0,0.0,0.0
708953,上櫃,0.0,0.0,0.0
708954,上櫃,1.29,1.24,69.0
708955,上櫃,1.03,1.03,25.0
708956,上櫃,0.0,0.0,0.0
708957,上櫃,1.31,1.13,31.0
708958,上櫃,0.0,0.0,0.0
708959,上櫃,0.0,0.0,0.0
708960,上櫃,2.72,2.58,81.0
708961,上櫃,1.61,1.42,164.0
708962,上櫃,0.0,0.0,0.0
708963,上櫃,0.66,0.64,150.0
708964,上櫃,0.0,0.0,0.0
708965,上櫃,0.0,0.0,0.0
708966,上櫃,0.0,0.0,0.0
708967,上櫃,0.0,0.0,0.0
708968,上櫃,0.0,0.0,0.0
708969,上櫃,0.0,0.0,0.0
708970,上櫃,0.81,0.79,254.0
708971,上櫃,1.62,1.7,136.0
708972,上櫃,0.0,0.0,0.0
708973,上櫃,0.7,0.7,5.0
708974,上櫃,1.51,1.26,159.0
708975,上櫃,0.0,0.0,0.0
708976,上櫃,0.0,0.0,0.0
708977,上櫃,0.0,0.0,0.0
708978,上櫃,0.0,0.0,0.0
708979,上櫃,0.48,0.47,2.0
708980,上櫃,0.47,0.47,50.0
708981,上櫃,0.0,0.0,0.0
708982,上櫃,0.4,0.4,394.0
708983,上櫃,0.0,0.0,0.0
708984,上櫃,0.0,0.0,0.0
708985,上櫃,0.0,0.0,0.0
708986,上櫃,0.0,0.0,0.0
708987,上櫃,0.78,0.78,40.0
708988,上櫃,0.67,0.61,115.0
708989,上櫃,0.0,0.0,0.0
708990,上櫃,0.0,0.0,0.0
708991,上櫃,0.81,0.77,1500.0
708992,上櫃,0.0,0.0,0.0
708993,上櫃,0.0,0.0,0.0
708994,上櫃,1.01,0.96,744.0
708995,上櫃,0.73,0.72,557.0
708996,上櫃,0.89,0.85,331.0
708997,上櫃,0.32,0.32,20.0
708998,上櫃,0.0,0.0,0.0
708999,上櫃,0.0,0.0,0.0
709000,上櫃,0.94,0.94,36.0
709001,上櫃,0.98,0.96,53.0
709002,上櫃,1.08,1.12,242.0
709003,上櫃,1.62,1.42,62.0
709004,上櫃,0.0,0.0,0.0
709005,上櫃,0.79,0.73,695.0
709006,上櫃,1.67,1.53,51.0
709007,上櫃,0.0,0.0,0.0
709008,上櫃,0.0,0.0,0.0
709009,上櫃,0.0,0.0,0.0
709010,上櫃,0.0,0.0,0.0
709011,上櫃,0.38,0.38,40.0
709012,上櫃,0.0,0.0,0.0
709013,上櫃,0.0,0.0,0.0
709014,上櫃,0.36,0.37,30.0
709015,上櫃,0.0,0.0,0.0
709016,上櫃,0.58,0.58,25.0
709017,上櫃,1.52,1.52,33.0
709018,上櫃,0.0,0.0,0.0
709019,上櫃,0.6,0.6,19.0
709020,上櫃,0.33,0.32,15.0
709021,上櫃,1.55,1.55,1.0
709022,上櫃,1.0,0.91,47.0
709023,上櫃,3.0,2.8,30.0
709024,上櫃,0.0,0.0,0.0
709025,上櫃,0.0,0.0,0.0
709026,上櫃,0.0,0.0,0.0
709027,上櫃,0.4,0.4,1.0
709028,上櫃,1.44,1.37,2045.0
709029,上櫃,0.0,0.0,0.0
709030,上櫃,0.0,0.0,0.0
709031,上櫃,0.0,0.0,0.0
709032,上櫃,1.99,2.01,48.0
709033,上櫃,0.0,0.0,0.0
709034,上櫃,2.11,2.11,100.0
709035,上櫃,0.0,0.0,0.0
709036,上櫃,0.23,0.24,15.0
709037,上櫃,6.3,5.8,142.0
709038,上櫃,0.41,0.41,219.0
709039,上櫃,8.2,8.05,64.0
709040,上櫃,0.0,0.0,0.0
709041,上櫃,0.81,0.77,21.0
709042,上櫃,1.55,1.57,553.0
709044,上櫃,1.87,1.89,20.0
709045,上櫃,1.61,1.58,257.0
709046,上櫃,1.5,1.44,155.0
709047,上櫃,3.1,3.12,22.0
709048,上櫃,0.0,0.0,0.0
709049,上櫃,0.67,0.62,309.0
709050,上櫃,0.33,0.33,24.0
709051,上櫃,0.96,1.0,755.0
709052,上櫃,0.0,0.0,0.0
709053,上櫃,0.0,0.0,0.0
709054,上櫃,0.0,0.0,0.0
709055,上櫃,0.42,0.42,98.0
709056,上櫃,0.0,0.0,0.0
709057,上櫃,0.0,0.0,0.0
709058,上櫃,0.42,0.42,10.0
709059,上櫃,0.55,0.55,65.0
709060,上櫃,0.54,0.54,14.0
709061,上櫃,0.53,0.53,30.0
709062,上櫃,0.0,0.0,0.0
709063,上櫃,0.0,0.0,0.0
709064,上櫃,0.45,0.47,20.0
709065,上櫃,0.34,0.34,50.0
709066,上櫃,1.2,1.2,1.0
709067,上櫃,0.45,0.45,4.0
709068,上櫃,0.85,0.8,512.0
709069,上櫃,0.85,0.79,434.0
709070,上櫃,0.26,0.24,7.0
709071,上櫃,0.0,0.0,0.0
709072,上櫃,0.65,0.65,1.0
709073,上櫃,0.73,0.72,301.0
709074,上櫃,0.99,1.0,134.0
709075,上櫃,0.79,0.8,30.0
709076,上櫃,0.0,0.0,0.0
709077,上櫃,1.37,1.26,24.0
709078,上櫃,0.0,0.0,0.0
709079,上櫃,0.0,0.0,0.0
709080,上櫃,0.3,0.3,2.0
709081,上櫃,0.56,0.53,137.0
709082,上櫃,0.51,0.53,65.0
709083,上櫃,1.12,1.21,60.0
709085,上櫃,0.0,0.0,0.0
709086,上櫃,0.56,0.52,71.0
709087,上櫃,0.0,0.0,0.0
709088,上櫃,0.0,0.0,0.0
709089,上櫃,0.0,0.0,0.0
709090,上櫃,0.54,0.49,511.0
709091,上櫃,0.24,0.24,30.0
709092,上櫃,0.64,0.64,4.0
709093,上櫃,1.99,2.07,302.0
709094,上櫃,3.75,3.7,40.0
709095,上櫃,0.0,0.0,0.0
709096,上櫃,1.9,1.75,20.0
709097,上櫃,7.35,6.05,55.0
709098,上櫃,0.0,0.0,0.0
709099,上櫃,0.0,0.0,0.0
709100,上櫃,0.88,0.92,111.0
709101,上櫃,0.0,0.0,0.0
709102,上櫃,0.58,0.53,31.0
709103,上櫃,1.14,1.01,226.0
709104,上櫃,0.35,0.35,5.0
709105,上櫃,1.79,1.77,60.0
709106,上櫃,0.11,0.11,20.0
709107,上櫃,1.33,1.21,253.0
709108,上櫃,0.0,0.0,0.0
709109,上櫃,0.0,0.0,0.0
709110,上櫃,0.0,0.0,0.0
709111,上櫃,0.0,0.0,0.0
709112,上櫃,0.0,0.0,0.0
709113,上櫃,0.22,0.21,1100.0
709114,上櫃,0.0,0.0,0.0
709115,上櫃,0.45,0.45,542.0
709116,上櫃,0.52,0.46,330.0
709117,上櫃,0.57,0.57,16.0
709118,上櫃,0.0,0.0,0.0
709119,上櫃,0.0,0.0,0.0
709120,上櫃,0.0,0.0,0.0
709121,上櫃,1.05,1.05,8.0
709122,上櫃,0.38,0.38,25.0
709123,上櫃,0.4,0.4,63.0
709124,上櫃,0.26,0.26,30.0
709125,上櫃,0.0,0.0,0.0
709126,上櫃,1.9,1.68,203.0
709127,上櫃,1.03,0.95,130.0
709128,上櫃,0.61,0.63,665.0
709129,上櫃,0.6,0.6,20.0
709130,上櫃,1.93,1.8,35.0
709131,上櫃,1.49,1.31,258.0
709132,上櫃,0.0,0.0,0.0
709133,上櫃,0.0,0.0,0.0
709134,上櫃,0.33,0.33,210.0
709135,上櫃,0.0,0.0,0.0
709136,上櫃,0.26,0.24,128.0
709137,上櫃,0.0,0.0,0.0
709138,上櫃,0.47,0.46,304.0
709139,上櫃,0.95,0.99,175.0
709140,上櫃,0.0,0.0,0.0
709141,上櫃,0.0,0.0,0.0
709142,上櫃,0.43,0.41,718.0
709143,上櫃,0.93,0.91,452.0
709144,上櫃,0.92,0.91,422.0
709145,上櫃,0.0,0.0,0.0
709146,上櫃,0.39,0.39,10.0
709147,上櫃,0.73,0.7,512.0
709148,上櫃,0.28,0.28,21.0
709149,上櫃,0.24,0.23,128.0
709150,上櫃,0.28,0.27,305.0
709151,上櫃,0.28,0.26,1170.0
709152,上櫃,0.37,0.37,1.0
709153,上櫃,0.0,0.0,0.0
709154,上櫃,0.0,0.0,0.0
709155,上櫃,0.0,0.0,0.0
709156,上櫃,0.0,0.0,0.0
709157,上櫃,0.0,0.0,0.0
709158,上櫃,0.0,0.0,0.0
709159,上櫃,0.0,0.0,0.0
709160,上櫃,0.6,0.6,25.0
709161,上櫃,0.0,0.0,0.0
709162,上櫃,0.0,0.0,0.0
709163,上櫃,0.0,0.0,0.0
709164,上櫃,0.0,0.0,0.0
709165,上櫃,0.0,0.0,0.0
709166,上櫃,0.39,0.37,3636.0
709167,上櫃,0.34,0.31,628.0
709168,上櫃,0.34,0.32,559.0
709169,上櫃,0.0,0.0,0.0
709170,上櫃,1.01,0.97,271.0
709171,上櫃,0.62,0.58,316.0
709172,上櫃,1.06,1.04,106.0
709173,上櫃,1.14,1.13,206.0
709174,上櫃,0.86,0.8,1257.0
709175,上櫃,0.0,0.0,0.0
709176,上櫃,0.36,0.36,2.0
709177,上櫃,0.62,0.62,110.0
709178,上櫃,0.6,0.6,129.0
709179,上櫃,0.87,0.83,173.0
709180,上櫃,0.94,0.91,65.0
709181,上櫃,0.82,0.79,328.0
709182,上櫃,0.97,0.97,10.0
709183,上櫃,0.0,0.0,0.0
709184,上櫃,0.0,0.0,0.0
709185,上櫃,0.0,0.0,0.0
709186,上櫃,0.51,0.41,207.0
709187,上櫃,0.0,0.0,0.0
709188,上櫃,0.0,0.0,0.0
709189,上櫃,0.0,0.0,0.0
709190,上櫃,6.55,6.3,296.0
709191,上櫃,1.67,2.0,3.0
709192,上櫃,1.27,1.2,1730.0
709193,上櫃,0.0,0.0,0.0
709194,上櫃,0.0,0.0,0.0
709195,上櫃,0.0,0.0,0.0
709197,上櫃,0.0,0.0,0.0
709198,上櫃,0.0,0.0,0.0
709199,上櫃,0.0,0.0,0.0
709200,上櫃,0.44,0.46,4.0
709201,上櫃,0.59,0.63,18.0
709202,上櫃,0.54,0.56,131.0
709203,上櫃,0.0,0.0,0.0
709204,上櫃,0.0,0.0,0.0
709205,上櫃,1.5,1.52,209.0
709206,上櫃,0.65,0.65,365.0
709207,上櫃,0.99,0.94,410.0
709208,上櫃,0.17,0.17,150.0
709209,上櫃,0.0,0.0,0.0
709210,上櫃,0.31,0.32,2036.0
709211,上櫃,0.0,0.0,0.0
709212,上櫃,0.0,0.0,0.0
709213,上櫃,0.0,0.0,0.0
709214,上櫃,0.21,0.21,10.0
709215,上櫃,0.37,0.37,2.0
709216,上櫃,0.46,0.47,200.0
709217,上櫃,0.17,0.17,300.0
709218,上櫃,1.25,1.13,412.0
709219,上櫃,0.0,0.0,0.0
709220,上櫃,0.58,0.58,19.0
709221,上櫃,0.57,0.57,32.0
709222,上櫃,1.02,1.02,3.0
709223,上櫃,0.0,0.0,0.0
709224,上櫃,0.0,0.0,0.0
709225,上櫃,0.34,0.31,80.0
709226,上櫃,1.97,1.87,30.0
709227,上櫃,0.35,0.35,31.0
709228,上櫃,0.0,0.0,0.0
709229,上櫃,0.0,0.0,0.0
709230,上櫃,1.95,1.9,352.0
709231,上櫃,1.48,1.48,3.0
709232,上櫃,0.0,0.0,0.0
709233,上櫃,0.66,0.66,31.0
709234,上櫃,0.0,0.0,0.0
709235,上櫃,0.0,0.0,0.0
709236,上櫃,0.76,0.78,160.0
709237,上櫃,0.74,0.74,20.0
709238,上櫃,0.74,0.68,927.0
709239,上櫃,0.0,0.0,0.0
709240,上櫃,0.72,0.67,387.0
709241,上櫃,0.0,0.0,0.0
709242,上櫃,0.43,0.43,105.0
709243,上櫃,0.0,0.0,0.0
709244,上櫃,0.98,1.01,373.0
709245,上櫃,2.49,2.35,76.0
709246,上櫃,0.89,0.84,462.0
709247,上櫃,0.34,0.34,112.0
709248,上櫃,0.74,0.83,488.0
709249,上櫃,0.33,0.33,40.0
709250,上櫃,0.38,0.38,495.0
709251,上櫃,0.45,0.4,681.0
709252,上櫃,1.2,1.39,24.0
709253,上櫃,1.51,1.62,17.0
709254,上櫃,3.6,3.55,104.0
709255,上櫃,0.6,0.63,967.0
709256,上櫃,0.36,0.36,40.0
709257,上櫃,0.99,0.89,11.0
709258,上櫃,0.0,0.0,0.0
709259,上櫃,0.65,0.62,21.0
709260,上櫃,0.35,0.35,12.0
709261,上櫃,0.16,0.17,800.0
709262,上櫃,1.25,1.23,195.0
709263,上櫃,0.0,0.0,0.0
709264,上櫃,1.78,1.67,901.0
709265,上櫃,0.0,0.0,0.0
709266,上櫃,1.06,1.06,279.0
709267,上櫃,0.68,0.65,21.0
709268,上櫃,0.63,0.63,90.0
709269,上櫃,0.0,0.0,0.0
709270,上櫃,0.0,0.0,0.0
709271,上櫃,0.0,0.0,0.0
709272,上櫃,0.41,0.41,887.0
709273,上櫃,0.42,0.42,30.0
709274,上櫃,0.0,0.0,0.0
709275,上櫃,0.0,0.0,0.0
709276,上櫃,0.48,0.49,20.0
709277,上櫃,2.5,2.5,2.0
709278,上櫃,2.5,2.5,5.0
709279,上櫃,0.0,0.0,0.0
709280,上櫃,0.0,0.0,0.0
709281,上櫃,0.98,0.98,1.0
709282,上櫃,0.0,0.0,0.0
709283,上櫃,0.9,0.75,13.0
709284,上櫃,1.12,1.02,46.0
709285,上櫃,0.95,0.95,46.0
709286,上櫃,0.0,0.0,0.0
709287,上櫃,0.6,0.6,343.0
709288,上櫃,0.46,0.49,323.0
709289,上櫃,0.79,0.79,44.0
709290,上櫃,0.0,0.0,0.0
709291,上櫃,0.79,0.68,125.0
709292,上櫃,0.82,0.69,124.0
709293,上櫃,0.61,0.56,36.0
709294,上櫃,0.0,0.0,0.0
709295,上櫃,1.2,1.2,5.0
709296,上櫃,1.04,0.91,188.0
709297,上櫃,0.0,0.0,0.0
709298,上櫃,0.0,0.0,0.0
709299,上櫃,4.76,4.51,130.0
709300,上櫃,0.67,0.59,5246.0
709301,上櫃,1.56,1.56,3.0
709302,上櫃,0.37,0.44,17.0
709303,上櫃,0.0,0.0,0.0
709304,上櫃,0.0,0.0,0.0
709305,上櫃,0.0,0.0,0.0
709306,上櫃,0.0,0.0,0.0
709307,上櫃,0.0,0.0,0.0
709308,上櫃,0.48,0.46,3.0
709309,上櫃,0.98,0.66,244.0
709310,上櫃,0.49,0.47,200.0
709311,上櫃,0.0,0.0,0.0
709312,上櫃,0.45,0.45,509.0
709313,上櫃,1.75,1.57,250.0
709314,上櫃,0.66,0.66,143.0
709315,上櫃,0.33,0.33,70.0
709316,上櫃,0.0,0.0,0.0
709317,上櫃,0.0,0.0,0.0
709318,上櫃,0.0,0.0,0.0
709319,上櫃,0.0,0.0,0.0
709320,上櫃,0.0,0.0,0.0
709321,上櫃,0.0,0.0,0.0
709322,上櫃,0.0,0.0,0.0
709323,上櫃,0.0,0.0,0.0
709324,上櫃,0.0,0.0,0.0
709325,上櫃,0.1,0.09,20.0
709326,上櫃,0.0,0.0,0.0
709327,上櫃,0.0,0.0,0.0
709328,上櫃,0.6,0.63,3716.0
709329,上櫃,0.0,0.0,0.0
709330,上櫃,0.0,0.0,0.0
709331,上櫃,0.0,0.0,0.0
709332,上櫃,0.0,0.0,0.0
709333,上櫃,2.44,1.75,7.0
709334,上櫃,0.71,0.71,46.0
709335,上櫃,0.0,0.0,0.0
709336,上櫃,0.0,0.0,0.0
709337,上櫃,0.15,0.15,10.0
709338,上櫃,0.0,0.0,0.0
709339,上櫃,0.0,0.0,0.0
709340,上櫃,0.0,0.0,0.0
709341,上櫃,1.88,1.88,40.0
709342,上櫃,0.0,0.0,0.0
709343,上櫃,0.0,0.0,0.0
709344,上櫃,0.0,0.0,0.0
709345,上櫃,2.67,2.53,32.0
709346,上櫃,0.23,0.23,2.0
709347,上櫃,0.0,0.0,0.0
709348,上櫃,0.0,0.0,0.0
709349,上櫃,0.0,0.0,0.0
709350,上櫃,0.0,0.0,0.0
709351,上櫃,0.93,0.98,141.0
709352,上櫃,0.0,0.0,0.0
709353,上櫃,0.72,0.69,41.0
709354,上櫃,0.0,0.0,0.0
709355,上櫃,0.49,0.49,10.0
709356,上櫃,0.0,0.0,0.0
709357,上櫃,0.39,0.39,26.0
709358,上櫃,0.0,0.0,0.0
709359,上櫃,0.0,0.0,0.0
709360,上櫃,0.0,0.0,0.0
709361,上櫃,0.26,0.26,5.0
709362,上櫃,0.31,0.31,10.0
709363,上櫃,0.0,0.0,0.0
709364,上櫃,0.06,0.05,311.0
709365,上櫃,0.0,0.0,0.0
709366,上櫃,0.37,0.39,4.0
709367,上櫃,0.26,0.27,12.0
709368,上櫃,0.0,0.0,0.0
709369,上櫃,0.0,0.0,0.0
709370,上櫃,0.0,0.0,0.0
709371,上櫃,0.0,0.0,0.0
709372,上櫃,0.51,0.51,129.0
709373,上櫃,0.3,0.3,20.0
709374,上櫃,0.87,0.82,132.0
709375,上櫃,0.0,0.0,0.0
709376,上櫃,0.0,0.0,0.0
709377,上櫃,0.0,0.0,0.0
709378,上櫃,0.0,0.0,0.0
709379,上櫃,0.0,0.0,0.0
709380,上櫃,0.0,0.0,0.0
709381,上櫃,2.92,2.92,20.0
709382,上櫃,1.58,1.61,61.0
709383,上櫃,0.0,0.0,0.0
709384,上櫃,0.0,0.0,0.0
709385,上櫃,0.0,0.0,0.0
709386,上櫃,0.0,0.0,0.0
709387,上櫃,0.0,0.0,0.0
709388,上櫃,0.75,0.72,150.0
709389,上櫃,0.56,0.55,996.0
709390,上櫃,0.55,0.52,15.0
709391,上櫃,0.0,0.0,0.0
709392,上櫃,0.0,0.0,0.0
709393,上櫃,0.0,0.0,0.0
709394,上櫃,0.0,0.0,0.0
709395,上櫃,0.78,0.82,127.0
709396,上櫃,0.0,0.0,0.0
709397,上櫃,0.0,0.0,0.0
709398,上櫃,0.72,0.72,20.0
709399,上櫃,0.32,0.32,100.0
709400,上櫃,0.0,0.0,0.0
709401,上櫃,0.0,0.0,0.0
709402,上櫃,0.0,0.0,0.0
709403,上櫃,0.0,0.0,0.0
709404,上櫃,0.0,0.0,0.0
709405,上櫃,0.27,0.27,40.0
709406,上櫃,0.0,0.0,0.0
709407,上櫃,0.0,0.0,0.0
709408,上櫃,0.0,0.0,0.0
709409,上櫃,1.28,1.25,42.0
709410,上櫃,0.0,0.0,0.0
709411,上櫃,0.0,0.0,0.0
709412,上櫃,0.0,0.0,0.0
709413,上櫃,0.43,0.43,496.0
709414,上櫃,0.6,0.6,350.0
709415,上櫃,0.0,0.0,0.0
709416,上櫃,2.65,2.48,135.0
709417,上櫃,0.0,0.0,0.0
709418,上櫃,0.82,0.8,946.0
709419,上櫃,0.0,0.0,0.0
709420,上櫃,0.0,0.0,0.0
709421,上櫃,0.0,0.0,0.0
709422,上櫃,0.39,0.38,15.0
709423,上櫃,0.65,0.65,190.0
709424,上櫃,0.0,0.0,0.0
709425,上櫃,0.27,0.27,14.0
709426,上櫃,0.0,0.0,0.0
709427,上櫃,0.0,0.0,0.0
709428,上櫃,0.0,0.0,0.0
709429,上櫃,0.8,0.76,67.0
709430,上櫃,0.0,0.0,0.0
709431,上櫃,0.0,0.0,0.0
709432,上櫃,0.09,0.09,100.0
709433,上櫃,0.0,0.0,0.0
709434,上櫃,0.45,0.44,30.0
709435,上櫃,0.63,0.59,214.0
709436,上櫃,0.46,0.46,1.0
709437,上櫃,0.38,0.38,31.0
709438,上櫃,0.99,0.92,151.0
709439,上櫃,0.0,0.0,0.0
709440,上櫃,0.0,0.0,0.0
709441,上櫃,0.0,0.0,0.0
709442,上櫃,0.0,0.0,0.0
709443,上櫃,0.0,0.0,0.0
709444,上櫃,0.0,0.0,0.0
709445,上櫃,0.11,0.11,70.0
709446,上櫃,0.0,0.0,0.0
709447,上櫃,0.79,0.75,66.0
709448,上櫃,1.67,1.42,166.0
709449,上櫃,1.01,1.07,109.0
709450,上櫃,1.18,1.04,355.0
709451,上櫃,0.0,0.0,0.0
709452,上櫃,0.32,0.28,1209.0
709453,上櫃,0.33,0.31,1197.0
709454,上櫃,0.0,0.0,0.0
709455,上櫃,0.23,0.22,1207.0
709456,上櫃,1.03,1.02,36.0
709457,上櫃,0.68,0.63,466.0
709458,上櫃,0.46,0.46,146.0
709459,上櫃,1.03,1.03,332.0
709460,上櫃,0.54,0.52,653.0
709461,上櫃,0.0,0.0,0.0
709462,上櫃,1.22,1.2,39.0
709463,上櫃,0.5,0.5,10.0
709464,上櫃,1.13,1.04,270.0
709465,上櫃,0.0,0.0,0.0
709466,上櫃,0.0,0.0,0.0
709467,上櫃,0.0,0.0,0.0
709468,上櫃,0.09,0.09,5.0
709469,上櫃,0.0,0.0,0.0
709470,上櫃,0.0,0.0,0.0
709471,上櫃,0.0,0.0,0.0
709472,上櫃,0.32,0.31,234.0
709473,上櫃,0.72,0.72,1.0
709474,上櫃,1.35,1.29,34.0
709475,上櫃,0.57,0.53,85.0
709476,上櫃,0.53,0.55,185.0
709477,上櫃,0.54,0.5,770.0
709478,上櫃,2.07,2.04,369.0
709479,上櫃,0.0,0.0,0.0
709480,上櫃,0.16,0.16,5.0
709481,上櫃,0.75,0.79,183.0
709482,上櫃,0.0,0.0,0.0
709483,上櫃,0.0,0.0,0.0
709484,上櫃,0.0,0.0,0.0
709485,上櫃,0.0,0.0,0.0
709486,上櫃,0.4,0.34,150.0
709487,上櫃,0.6,0.57,555.0
709488,上櫃,0.0,0.0,0.0
709489,上櫃,0.2,0.2,1.0
709490,上櫃,0.0,0.0,0.0
709491,上櫃,0.0,0.0,0.0
709492,上櫃,0.12,0.11,67.0
709493,上櫃,0.12,0.11,100.0
709494,上櫃,0.19,0.19,1.0
709495,上櫃,0.64,0.59,244.0
709496,上櫃,0.0,0.0,0.0
709497,上櫃,0.0,0.0,0.0
709498,上櫃,0.19,0.19,978.0
709499,上櫃,0.84,0.46,1041.0
709500,上櫃,0.0,0.0,0.0
709501,上櫃,0.33,0.33,30.0
709502,上櫃,0.0,0.0,0.0
709503,上櫃,0.3,0.52,212.0
709504,上櫃,0.0,0.0,0.0
709505,上櫃,0.0,0.0,0.0
709506,上櫃,2.59,2.65,46.0
709507,上櫃,0.0,0.0,0.0
709508,上櫃,0.0,0.0,0.0
709509,上櫃,0.0,0.0,0.0
709510,上櫃,0.19,0.19,90.0
709511,上櫃,1.26,1.26,5.0
709512,上櫃,0.0,0.0,0.0
709513,上櫃,0.0,0.0,0.0
709514,上櫃,0.51,0.48,91.0
709515,上櫃,1.08,1.12,327.0
709516,上櫃,0.0,0.0,0.0
709517,上櫃,0.0,0.0,0.0
709518,上櫃,0.62,0.62,3.0
709519,上櫃,0.0,0.0,0.0
709520,上櫃,0.45,0.45,42.0
709521,上櫃,0.0,0.0,0.0
709522,上櫃,0.0,0.0,0.0
709523,上櫃,0.0,0.0,0.0
709524,上櫃,0.0,0.0,0.0
709525,上櫃,0.0,0.0,0.0
709526,上櫃,0.43,0.38,272.0
709527,上櫃,0.43,0.41,77.0
709528,上櫃,0.52,0.5,381.0
709529,上櫃,0.19,0.19,10.0
709530,上櫃,1.51,1.49,495.0
709531,上櫃,0.0,0.0,0.0
709532,上櫃,0.0,0.0,0.0
709533,上櫃,0.0,0.0,0.0
709534,上櫃,0.0,0.0,0.0
709535,上櫃,0.61,0.6,72.0
709536,上櫃,0.0,0.0,0.0
709537,上櫃,0.75,0.71,172.0
709538,上櫃,0.0,0.0,0.0
709539,上櫃,0.0,0.0,0.0
709540,上櫃,0.83,0.83,1.0
709541,上櫃,1.04,1.01,902.0
709542,上櫃,0.0,0.0,0.0
709543,上櫃,0.0,0.0,0.0
709544,上櫃,0.0,0.0,0.0
709545,上櫃,0.0,0.0,0.0
709546,上櫃,0.53,0.54,147.0
709547,上櫃,1.33,1.31,4.0
709548,上櫃,1.51,1.42,11.0
709549,上櫃,1.12,1.09,119.0
709550,上櫃,0.37,0.37,1.0
709551,上櫃,0.43,0.43,2.0
709552,上櫃,0.92,0.91,221.0
709553,上櫃,0.0,0.0,0.0
709554,上櫃,0.82,0.73,700.0
709555,上櫃,0.52,0.57,1638.0
709556,上櫃,0.0,0.0,0.0
709557,上櫃,0.0,0.0,0.0
709558,上櫃,0.0,0.0,0.0
709559,上櫃,0.0,0.0,0.0
709560,上櫃,0.72,0.72,10.0
709561,上櫃,0.4,0.7,159.0
709562,上櫃,0.0,0.0,0.0
709563,上櫃,0.38,0.4,4994.0
709564,上櫃,0.25,0.25,1.0
709565,上櫃,0.0,0.0,0.0
709566,上櫃,0.7,0.64,208.0
709567,上櫃,0.36,0.36,20.0
709568,上櫃,0.37,0.36,431.0
709569,上櫃,2.54,2.54,1.0
709570,上櫃,0.0,0.0,0.0
709571,上櫃,0.4,0.4,21.0
709572,上櫃,0.34,0.34,21.0
709573,上櫃,1.11,1.04,15.0
709574,上櫃,0.09,0.08,100.0
709575,上櫃,0.31,0.3,1040.0
709576,上櫃,0.49,0.5,547.0
709577,上櫃,0.25,0.26,61.0
709578,上櫃,0.0,0.0,0.0
709579,上櫃,0.0,0.0,0.0
709580,上櫃,0.98,0.98,7.0
709581,上櫃,0.0,0.0,0.0
709582,上櫃,0.0,0.0,0.0
709583,上櫃,0.0,0.0,0.0
709584,上櫃,0.0,0.0,0.0
709585,上櫃,0.41,0.39,546.0
709586,上櫃,0.5,0.49,35.0
709587,上櫃,0.0,0.0,0.0
709588,上櫃,0.31,0.31,4145.0
709589,上櫃,0.39,0.38,1097.0
709590,上櫃,0.0,0.0,0.0
709591,上櫃,0.94,0.9,113.0
709592,上櫃,1.26,1.25,89.0
709593,上櫃,0.0,0.0,0.0
709594,上櫃,0.0,0.0,0.0
709595,上櫃,0.47,0.48,3049.0
709596,上櫃,0.48,0.45,937.0
709597,上櫃,0.3,0.3,1497.0
709598,上櫃,1.89,1.83,37.0
709599,上櫃,0.0,0.0,0.0
709600,上櫃,0.0,0.0,0.0
709601,上櫃,0.99,0.96,75.0
709602,上櫃,1.06,0.94,95.0
709603,上櫃,0.0,0.0,0.0
709604,上櫃,0.0,0.0,0.0
709605,上櫃,1.43,1.39,166.0
709606,上櫃,1.18,1.17,136.0
709607,上櫃,0.66,0.66,17.0
709608,上櫃,0.0,0.0,0.0
709609,上櫃,0.0,0.0,0.0
709610,上櫃,0.0,0.0,0.0
709611,上櫃,0.0,0.0,0.0
709612,上櫃,0.0,0.0,0.0
709613,上櫃,0.89,0.89,10.0
709614,上櫃,2.52,2.35,278.0
709615,上櫃,0.0,0.0,0.0
709616,上櫃,0.18,0.18,100.0
709617,上櫃,0.0,0.0,0.0
709618,上櫃,0.35,0.35,67.0
709619,上櫃,1.0,1.06,61.0
709620,上櫃,0.0,0.0,0.0
709621,上櫃,0.0,0.0,0.0
709622,上櫃,0.59,0.53,55.0
709623,上櫃,2.49,2.49,8.0
709624,上櫃,0.0,0.0,0.0
709625,上櫃,0.23,0.23,18.0
709626,上櫃,0.0,0.0,0.0
709627,上櫃,1.11,1.06,148.0
709628,上櫃,0.0,0.0,0.0
709629,上櫃,0.52,0.56,203.0
709630,上櫃,0.0,0.0,0.0
709631,上櫃,0.0,0.0,0.0
709632,上櫃,0.0,0.0,0.0
709633,上櫃,1.07,1.06,79.0
709634,上櫃,0.0,0.0,0.0
709635,上櫃,1.21,1.06,366.0
709636,上櫃,0.53,0.48,118.0
709637,上櫃,0.0,0.0,0.0
709638,上櫃,0.35,0.35,22.0
709639,上櫃,0.0,0.0,0.0
709640,上櫃,0.0,0.0,0.0
709641,上櫃,0.0,0.0,0.0
709642,上櫃,0.83,0.82,181.0
709643,上櫃,0.0,0.0,0.0
709644,上櫃,0.23,0.23,1730.0
709645,上櫃,0.0,0.0,0.0
709646,上櫃,0.0,0.0,0.0
709647,上櫃,0.88,0.7,75.0
709648,上櫃,0.49,0.42,1048.0
709649,上櫃,0.95,0.88,326.0
709650,上櫃,0.38,0.38,20.0
709651,上櫃,0.0,0.0,0.0
709652,上櫃,1.68,0.94,229.0
709653,上櫃,0.0,0.0,0.0
709654,上櫃,0.28,0.23,460.0
709655,上櫃,0.52,0.5,267.0
709656,上櫃,0.49,0.49,50.0
709657,上櫃,0.69,0.76,1741.0
709658,上櫃,0.5,0.59,107.0
709659,上櫃,0.67,0.75,1975.0
709660,上櫃,0.0,0.0,0.0
709661,上櫃,0.0,0.0,0.0
709662,上櫃,0.0,0.0,0.0
709663,上櫃,0.0,0.0,0.0
709664,上櫃,0.4,0.35,21.0
709665,上櫃,0.0,0.0,0.0
709666,上櫃,0.0,0.0,0.0
709667,上櫃,0.3,0.3,10.0
709668,上櫃,0.63,0.62,678.0
709669,上櫃,0.0,0.0,0.0
709670,上櫃,0.48,0.48,30.0
709671,上櫃,0.69,0.66,309.0
709672,上櫃,0.0,0.0,0.0
709673,上櫃,0.61,0.61,5.0
709674,上櫃,0.64,0.62,1201.0
709675,上櫃,0.0,0.0,0.0
709676,上櫃,0.38,0.38,200.0
709677,上櫃,0.0,0.0,0.0
709678,上櫃,0.0,0.0,0.0
709679,上櫃,0.0,0.0,0.0
709680,上櫃,0.0,0.0,0.0
709681,上櫃,0.0,0.0,0.0
709682,上櫃,1.9,1.9,45.0
709683,上櫃,0.0,0.0,0.0
709684,上櫃,0.6,0.62,85.0
709685,上櫃,1.08,1.03,89.0
709686,上櫃,0.35,0.35,60.0
709687,上櫃,0.75,0.65,31.0
709688,上櫃,1.74,1.36,260.0
709689,上櫃,0.0,0.0,0.0
709690,上櫃,0.0,0.0,0.0
709691,上櫃,0.64,0.64,100.0
709692,上櫃,0.45,0.45,5.0
709693,上櫃,0.49,0.48,13.0
709694,上櫃,0.0,0.0,0.0
709695,上櫃,0.33,0.33,40.0
709696,上櫃,0.83,0.77,38.0
709697,上櫃,0.0,0.0,0.0
709698,上櫃,0.0,0.0,0.0
709699,上櫃,0.0,0.0,0.0
709700,上櫃,0.0,0.0,0.0
709701,上櫃,0.0,0.0,0.0
709702,上櫃,0.0,0.0,0.0
709703,上櫃,0.0,0.0,0.0
709704,上櫃,0.0,0.0,0.0
709705,上櫃,1.25,1.04,438.0
709706,上櫃,1.08,0.84,352.0
709707,上櫃,0.0,0.0,0.0
709708,上櫃,0.71,0.75,33.0
709709,上櫃,0.35,0.35,167.0
709710,上櫃,0.0,0.0,0.0
709711,上櫃,0.0,0.0,0.0
709712,上櫃,1.1,1.05,48.0
709713,上櫃,0.41,0.39,43.0
709714,上櫃,0.0,0.0,0.0
709715,上櫃,0.0,0.0,0.0
709716,上櫃,0.0,0.0,0.0
709717,上櫃,1.9,1.34,315.0
709718,上櫃,1.46,1.16,1010.0
709719,上櫃,1.34,1.34,29.0
709720,上櫃,0.0,0.0,0.0
709721,上櫃,0.0,0.0,0.0
709722,上櫃,0.0,0.0,0.0
709723,上櫃,0.0,0.0,0.0
709724,上櫃,1.26,1.17,132.0
709725,上櫃,1.29,1.23,123.0
709726,上櫃,0.0,0.0,0.0
709727,上櫃,0.0,0.0,0.0
709728,上櫃,0.0,0.0,0.0
709729,上櫃,1.42,1.38,51.0
709730,上櫃,0.0,0.0,0.0
709731,上櫃,1.3,1.29,86.0
709732,上櫃,2.12,2.16,264.0
709733,上櫃,0.74,0.75,153.0
709734,上櫃,0.56,0.57,574.0
709735,上櫃,0.0,0.0,0.0
709736,上櫃,0.68,0.65,512.0
709737,上櫃,3.57,3.58,48.0
709738,上櫃,0.0,0.0,0.0
709739,上櫃,0.0,0.0,0.0
709740,上櫃,0.27,0.22,215.0
709741,上櫃,0.0,0.0,0.0
709742,上櫃,0.4,0.37,914.0
709743,上櫃,0.0,0.0,0.0
709744,上櫃,0.0,0.0,0.0
709745,上櫃,0.87,0.72,540.0
709746,上櫃,0.81,0.56,841.0
709747,上櫃,0.92,0.92,11.0
709748,上櫃,0.69,0.51,731.0
709749,上櫃,0.56,0.39,1127.0
709750,上櫃,0.61,0.48,350.0
709751,上櫃,0.99,1.05,551.0
709752,上櫃,0.0,0.0,0.0
709753,上櫃,0.88,0.77,35.0
709754,上櫃,0.0,0.0,0.0
709755,上櫃,0.0,0.0,0.0
709756,上櫃,0.0,0.0,0.0
709757,上櫃,0.0,0.0,0.0
709758,上櫃,0.38,0.39,261.0
709759,上櫃,0.3,0.29,287.0
709760,上櫃,0.59,0.59,26.0
709761,上櫃,1.21,1.03,35.0
709762,上櫃,1.27,0.98,504.0
709763,上櫃,1.24,1.2,20.0
709764,上櫃,0.0,0.0,0.0
709765,上櫃,0.0,0.0,0.0
709766,上櫃,0.39,0.39,38.0
709767,上櫃,0.47,0.36,941.0
709768,上櫃,0.42,0.41,84.0
709769,上櫃,0.0,0.0,0.0
709770,上櫃,0.0,0.0,0.0
709771,上櫃,0.0,0.0,0.0
709772,上櫃,0.76,0.76,50.0
709773,上櫃,0.58,0.58,45.0
709774,上櫃,0.64,0.59,197.0
709775,上櫃,0.0,0.0,0.0
709776,上櫃,0.78,0.71,415.0
709777,上櫃,0.0,0.0,0.0
709778,上櫃,0.0,0.0,0.0
709779,上櫃,0.0,0.0,0.0
709780,上櫃,0.0,0.0,0.0
709781,上櫃,0.41,0.41,99.0
709782,上櫃,0.0,0.0,0.0
709783,上櫃,1.06,0.78,1554.0
709784,上櫃,1.19,0.87,1331.0
709785,上櫃,0.97,0.75,3564.0
709786,上櫃,0.31,0.25,85.0
709787,上櫃,0.7,0.58,185.0
709788,上櫃,0.55,0.47,1599.0
709789,上櫃,1.6,1.6,30.0
709790,上櫃,0.0,0.0,0.0
709791,上櫃,1.23,1.22,25.0
709792,上櫃,2.32,2.32,2.0
709793,上櫃,0.41,0.4,100.0
709794,上櫃,0.28,0.27,354.0
709795,上櫃,0.43,0.4,190.0
709796,上櫃,0.52,0.39,925.0
709797,上櫃,0.0,0.0,0.0
709798,上櫃,0.0,0.0,0.0
709799,上櫃,0.18,0.18,2.0
709800,上櫃,0.0,0.0,0.0
709801,上櫃,0.16,0.15,710.0
709802,上櫃,0.36,0.35,3.0
709803,上櫃,0.49,0.46,5.0
709804,上櫃,1.34,0.97,5868.0
709805,上櫃,1.69,1.24,448.0
709806,上櫃,1.19,1.14,141.0
709807,上櫃,0.66,0.66,1.0
709808,上櫃,0.0,0.0,0.0
709809,上櫃,1.4,1.4,136.0
709810,上櫃,1.57,1.66,190.0
709811,上櫃,0.0,0.0,0.0
709812,上櫃,0.0,0.0,0.0
709813,上櫃,2.15,2.16,10.0
709814,上櫃,0.88,0.88,32.0
709815,上櫃,0.0,0.0,0.0
709816,上櫃,0.52,0.42,587.0
709817,上櫃,0.76,0.62,319.0
709818,上櫃,0.67,0.54,434.0
709819,上櫃,1.7,1.59,40.0
709820,上櫃,0.65,0.65,695.0
709821,上櫃,0.85,0.86,611.0
709822,上櫃,0.92,0.88,511.0
709823,上櫃,0.74,0.7,163.0
709824,上櫃,0.0,0.0,0.0
709825,上櫃,0.57,0.5,711.0
709826,上櫃,0.0,0.0,0.0
709827,上櫃,0.0,0.0,0.0
709828,上櫃,0.55,0.61,162.0
709829,上櫃,0.72,0.72,7.0
709830,上櫃,0.0,0.0,0.0
709831,上櫃,0.7,0.65,66.0
709832,上櫃,0.0,0.0,0.0
709833,上櫃,0.0,0.0,0.0
709834,上櫃,0.0,0.0,0.0
709835,上櫃,0.69,0.71,65.0
709836,上櫃,0.74,0.79,344.0
709837,上櫃,0.37,0.38,145.0
709838,上櫃,0.59,0.58,40.0
709839,上櫃,0.0,0.0,0.0
709840,上櫃,0.0,0.0,0.0
709841,上櫃,0.43,0.42,13.0
709842,上櫃,0.0,0.0,0.0
709843,上櫃,2.23,1.94,85.0
709844,上櫃,0.0,0.0,0.0
709845,上櫃,0.0,0.0,0.0
709846,上櫃,0.0,0.0,0.0
709847,上櫃,0.0,0.0,0.0
709848,上櫃,0.59,0.57,6.0
709849,上櫃,0.0,0.0,0.0
709850,上櫃,0.48,0.36,532.0
709851,上櫃,0.0,0.0,0.0
709852,上櫃,2.87,2.8,252.0
709853,上櫃,0.23,0.23,3.0
709854,上櫃,0.63,0.62,411.0
709855,上櫃,0.44,0.4,343.0
709856,上櫃,0.49,0.49,17.0
709857,上櫃,0.72,0.7,691.0
709858,上櫃,0.0,0.0,0.0
709859,上櫃,0.82,0.82,26.0
709860,上櫃,0.0,0.0,0.0
709861,上櫃,0.0,0.0,0.0
709862,上櫃,0.59,0.64,50.0
709863,上櫃,0.0,0.0,0.0
709864,上櫃,0.0,0.0,0.0
709865,上櫃,0.0,0.0,0.0
709866,上櫃,0.0,0.0,0.0
709867,上櫃,0.62,0.62,20.0
709868,上櫃,0.0,0.0,0.0
709869,上櫃,2.57,2.3,81.0
709870,上櫃,0.0,0.0,0.0
709871,上櫃,0.0,0.0,0.0
709872,上櫃,0.44,0.42,568.0
709873,上櫃,0.86,0.89,178.0
709874,上櫃,0.0,0.0,0.0
709875,上櫃,0.0,0.0,0.0
709876,上櫃,0.0,0.0,0.0
709877,上櫃,0.0,0.0,0.0
709878,上櫃,0.0,0.0,0.0
709879,上櫃,3.33,3.02,47.0
709880,上櫃,0.0,0.0,0.0
709881,上櫃,2.77,2.66,308.0
709882,上櫃,0.0,0.0,0.0
709883,上櫃,0.0,0.0,0.0
709884,上櫃,0.0,0.0,0.0
709885,上櫃,0.77,0.76,445.0
709886,上櫃,0.0,0.0,0.0
709887,上櫃,0.0,0.0,0.0
709888,上櫃,0.51,0.51,10.0
709889,上櫃,0.47,0.45,12.0
709890,上櫃,1.56,1.3,12.0
709891,上櫃,0.0,0.0,0.0
709892,上櫃,0.0,0.0,0.0
709893,上櫃,0.59,0.76,649.0
709894,上櫃,0.55,0.49,552.0
709895,上櫃,0.39,0.39,3.0
709896,上櫃,0.82,0.77,2705.0
709897,上櫃,0.0,0.0,0.0
709898,上櫃,0.0,0.0,0.0
709899,上櫃,0.0,0.0,0.0
709900,上櫃,0.0,0.0,0.0
709901,上櫃,0.0,0.0,0.0
709902,上櫃,0.5,0.42,1597.0
709903,上櫃,0.0,0.0,0.0
709904,上櫃,0.49,0.41,161.0
709905,上櫃,0.36,0.31,1579.0
709906,上櫃,0.63,0.5,2810.0
709907,上櫃,0.66,0.58,108.0
709908,上櫃,0.0,0.0,0.0
709909,上櫃,0.28,0.27,14.0
709910,上櫃,0.0,0.0,0.0
709911,上櫃,0.4,0.4,30.0
709912,上櫃,0.37,0.37,164.0
709913,上櫃,0.0,0.0,0.0
709914,上櫃,0.5,0.5,2.0
709915,上櫃,0.0,0.0,0.0
709916,上櫃,0.54,0.54,139.0
709917,上櫃,0.58,0.57,312.0
709918,上櫃,1.11,1.08,781.0
709919,上櫃,1.04,0.94,164.0
709920,上櫃,0.28,0.28,20.0
709921,上櫃,0.24,0.24,40.0
709922,上櫃,0.0,0.0,0.0
709923,上櫃,0.33,0.32,15.0
709924,上櫃,0.0,0.0,0.0
709925,上櫃,0.0,0.0,0.0
709926,上櫃,0.44,0.44,1.0
709927,上櫃,0.0,0.0,0.0
709928,上櫃,0.48,0.48,55.0
709929,上櫃,0.0,0.0,0.0
709930,上櫃,0.0,0.0,0.0
709931,上櫃,0.93,0.92,154.0
709932,上櫃,0.19,0.19,26.0
709933,上櫃,1.4,1.34,752.0
709934,上櫃,2.31,2.24,134.0
709935,上櫃,4.81,4.46,561.0
709936,上櫃,1.62,1.52,199.0
709937,上櫃,2.83,2.71,171.0
709938,上櫃,1.22,1.22,42.0
709939,上櫃,1.42,1.36,123.0
709940,上櫃,0.0,0.0,0.0
709941,上櫃,0.3,0.3,5.0
709942,上櫃,0.0,0.0,0.0
709943,上櫃,0.92,0.86,652.0
709944,上櫃,1.15,0.95,249.0
709945,上櫃,0.62,0.68,408.0
709946,上櫃,0.66,0.63,23.0
709947,上櫃,0.0,0.0,0.0
709948,上櫃,0.75,0.73,205.0
709949,上櫃,0.0,0.0,0.0
709950,上櫃,0.0,0.0,0.0
709951,上櫃,0.0,0.0,0.0
709953,上櫃,0.88,0.88,20.0
709954,上櫃,1.12,1.05,41.0
709955,上櫃,0.0,0.0,0.0
709956,上櫃,0.0,0.0,0.0
709957,上櫃,0.49,0.47,75.0
709958,上櫃,0.0,0.0,0.0
709959,上櫃,0.74,0.74,20.0
709960,上櫃,0.0,0.0,0.0
709961,上櫃,0.0,0.0,0.0
709962,上櫃,0.48,0.46,245.0
709963,上櫃,0.0,0.0,0.0
709964,上櫃,0.0,0.0,0.0
709965,上櫃,0.0,0.0,0.0
709966,上櫃,0.0,0.0,0.0
709967,上櫃,0.62,0.62,72.0
709968,上櫃,0.0,0.0,0.0
709969,上櫃,0.0,0.0,0.0
709970,上櫃,0.47,0.47,3.0
709971,上櫃,1.53,1.52,254.0
709972,上櫃,1.44,1.51,1691.0
709973,上櫃,0.45,0.41,200.0
709974,上櫃,0.91,0.83,372.0
709975,上櫃,0.0,0.0,0.0
709976,上櫃,1.01,0.98,24.0
709977,上櫃,0.91,0.75,460.0
709978,上櫃,0.0,0.0,0.0
709979,上櫃,0.76,0.67,132.0
709980,上櫃,0.61,0.59,47.0
709981,上櫃,0.71,0.65,70.0
709982,上櫃,1.3,1.3,11.0
709983,上櫃,0.85,0.68,565.0
709984,上櫃,1.32,1.3,194.0
709985,上櫃,0.0,0.0,0.0
709986,上櫃,0.0,0.0,0.0
709987,上櫃,0.31,0.31,10.0
709988,上櫃,0.46,0.45,110.0
709989,上櫃,0.64,0.63,25.0
709990,上櫃,0.65,0.65,82.0
709991,上櫃,0.72,0.68,45.0
709992,上櫃,0.0,0.0,0.0
709993,上櫃,0.77,0.77,60.0
709994,上櫃,0.57,0.55,183.0
709995,上櫃,0.66,0.6,113.0
709996,上櫃,0.0,0.0,0.0
709997,上櫃,0.0,0.0,0.0
709998,上櫃,0.97,0.89,467.0
709999,上櫃,0.88,0.81,2256.0
710000,上櫃,2.85,2.61,222.0
710001,上櫃,0.55,0.55,1.0
710002,上櫃,1.45,1.12,178.0
710003,上櫃,1.23,1.2,5.0
710004,上櫃,0.0,0.0,0.0
710005,上櫃,0.0,0.0,0.0
710006,上櫃,0.72,0.67,24.0
710007,上櫃,0.0,0.0,0.0
710008,上櫃,0.75,0.53,2533.0
710009,上櫃,0.38,0.38,6.0
710010,上櫃,0.33,0.33,5.0
710011,上櫃,0.0,0.0,0.0
710012,上櫃,0.64,0.64,50.0
710013,上櫃,0.0,0.0,0.0
710014,上櫃,0.8,0.76,171.0
710015,上櫃,0.49,0.39,661.0
710016,上櫃,0.73,0.59,49.0
710017,上櫃,0.0,0.0,0.0
710018,上櫃,0.29,0.29,562.0
710019,上櫃,0.23,0.23,100.0
710020,上櫃,0.0,0.0,0.0
710021,上櫃,0.0,0.0,0.0
710022,上櫃,0.55,0.64,506.0
710023,上櫃,0.55,0.56,303.0
710024,上櫃,0.0,0.0,0.0
710025,上櫃,0.54,0.54,44.0
710026,上櫃,0.0,0.0,0.0
710027,上櫃,0.67,0.63,354.0
710028,上櫃,0.46,0.46,100.0
710029,上櫃,0.0,0.0,0.0
710030,上櫃,0.48,0.5,63.0
710031,上櫃,0.0,0.0,0.0
710032,上櫃,0.76,0.74,185.0
710033,上櫃,0.7,0.71,64.0
710034,上櫃,0.0,0.0,0.0
710035,上櫃,0.0,0.0,0.0
710036,上櫃,0.0,0.0,0.0
710037,上櫃,0.0,0.0,0.0
710038,上櫃,0.45,0.45,94.0
710039,上櫃,0.0,0.0,0.0
710040,上櫃,0.48,0.48,118.0
710041,上櫃,1.03,1.03,28.0
710042,上櫃,0.81,0.81,74.0
710043,上櫃,0.0,0.0,0.0
710044,上櫃,0.36,0.33,70.0
710045,上櫃,0.0,0.0,0.0
710046,上櫃,1.0,1.03,33.0
710047,上櫃,1.01,0.95,406.0
710048,上櫃,0.0,0.0,0.0
710049,上櫃,0.54,0.52,53.0
710050,上櫃,0.0,0.0,0.0
710051,上櫃,0.0,0.0,0.0
710052,上櫃,0.46,0.45,76.0
710053,上櫃,0.0,0.0,0.0
710054,上櫃,0.64,0.64,7.0
710055,上櫃,0.0,0.0,0.0
710056,上櫃,0.0,0.0,0.0
710057,上櫃,0.0,0.0,0.0
710058,上櫃,0.69,0.69,5.0
710059,上櫃,1.11,1.11,15.0
710060,上櫃,1.16,1.08,291.0
710061,上櫃,0.71,0.75,1061.0
710062,上櫃,0.0,0.0,0.0
710063,上櫃,0.53,0.53,10.0
710064,上櫃,0.0,0.0,0.0
710065,上櫃,0.0,0.0,0.0
710066,上櫃,0.0,0.0,0.0
710067,上櫃,0.39,0.39,20.0
710068,上櫃,0.78,0.7,242.0
710069,上櫃,0.72,0.66,370.0
710070,上櫃,0.58,0.6,1116.0
710071,上櫃,0.89,0.79,480.0
710072,上櫃,0.0,0.0,0.0
710073,上櫃,1.02,1.02,195.0
710074,上櫃,1.03,0.94,1542.0
710075,上櫃,0.96,0.93,26.0
710076,上櫃,0.65,0.58,1034.0
710077,上櫃,0.57,0.53,674.0
710078,上櫃,0.86,0.83,204.0
710079,上櫃,0.0,0.0,0.0
710080,上櫃,1.3,1.19,1067.0
710081,上櫃,0.0,0.0,0.0
710082,上櫃,1.0,1.05,117.0
710083,上櫃,1.79,1.72,473.0
710084,上櫃,0.55,0.52,199.0
710085,上櫃,0.73,0.73,363.0
710086,上櫃,0.58,0.52,332.0
710087,上櫃,0.0,0.0,0.0
710088,上櫃,0.43,0.43,125.0
710089,上櫃,0.51,0.47,649.0
710090,上櫃,0.49,0.49,10.0
710091,上櫃,0.71,0.71,71.0
710092,上櫃,0.0,0.0,0.0
710093,上櫃,0.0,0.0,0.0
710094,上櫃,0.5,0.5,20.0
710095,上櫃,0.49,0.51,213.0
710096,上櫃,0.76,0.69,50.0
710097,上櫃,0.74,0.73,1144.0
710098,上櫃,0.75,0.79,170.0
710099,上櫃,0.56,0.54,567.0
710100,上櫃,0.68,0.66,320.0
710101,上櫃,0.0,0.0,0.0
710102,上櫃,4.35,4.35,3.0
710103,上櫃,0.0,0.0,0.0
710104,上櫃,0.0,0.0,0.0
710105,上櫃,0.0,0.0,0.0
710106,上櫃,0.88,0.88,32.0
710107,上櫃,0.0,0.0,0.0
710108,上櫃,1.02,1.02,47.0
710109,上櫃,0.0,0.0,0.0
710110,上櫃,0.0,0.0,0.0
710111,上櫃,1.27,1.32,22.0
710112,上櫃,0.0,0.0,0.0
710113,上櫃,0.0,0.0,0.0
710114,上櫃,0.41,0.41,27.0
710115,上櫃,0.0,0.0,0.0
710116,上櫃,0.0,0.0,0.0
710117,上櫃,0.0,0.0,0.0
710118,上櫃,0.54,0.42,711.0
710119,上櫃,0.64,0.59,89.0
710120,上櫃,0.28,0.29,22.0
710121,上櫃,1.63,1.52,47.0
710122,上櫃,0.0,0.0,0.0
710123,上櫃,0.0,0.0,0.0
710124,上櫃,0.0,0.0,0.0
710125,上櫃,0.0,0.0,0.0
710126,上櫃,0.0,0.0,0.0
710127,上櫃,0.0,0.0,0.0
710128,上櫃,0.33,0.33,2.0
710129,上櫃,0.0,0.0,0.0
710130,上櫃,0.0,0.0,0.0
710131,上櫃,0.0,0.0,0.0
710132,上櫃,1.11,1.04,65.0
710133,上櫃,0.0,0.0,0.0
710134,上櫃,0.7,0.64,76.0
710135,上櫃,0.82,0.82,5.0
710136,上櫃,0.38,0.38,1.0
710137,上櫃,0.58,0.58,100.0
710138,上櫃,0.72,0.71,347.0
710139,上櫃,0.37,0.34,350.0
710140,上櫃,0.49,0.47,1341.0
710141,上櫃,0.4,0.37,98.0
710142,上櫃,0.0,0.0,0.0
710143,上櫃,0.0,0.0,0.0
710144,上櫃,0.7,0.73,100.0
710145,上櫃,0.35,0.35,50.0
710146,上櫃,0.82,0.76,1075.0
710147,上櫃,0.0,0.0,0.0
710148,上櫃,0.0,0.0,0.0
710149,上櫃,0.0,0.0,0.0
710150,上櫃,0.0,0.0,0.0
710151,上櫃,1.62,1.21,42.0
710152,上櫃,0.49,0.49,3.0
710153,上櫃,0.86,0.86,7.0
710154,上櫃,0.0,0.0,0.0
710155,上櫃,0.99,0.78,222.0
710156,上櫃,1.78,1.75,93.0
710157,上櫃,0.35,0.32,933.0
710158,上櫃,0.75,0.75,81.0
710159,上櫃,0.0,0.0,0.0
710160,上櫃,0.0,0.0,0.0
710161,上櫃,0.0,0.0,0.0
710162,上櫃,0.29,0.29,186.0
710163,上櫃,0.46,0.45,190.0
710164,上櫃,0.0,0.0,0.0
710165,上櫃,0.87,0.88,56.0
710166,上櫃,0.85,0.79,96.0
710167,上櫃,0.0,0.0,0.0
710168,上櫃,0.84,0.67,80.0
710169,上櫃,0.33,0.33,22.0
710170,上櫃,0.94,0.94,54.0
710171,上櫃,0.0,0.0,0.0
710172,上櫃,0.0,0.0,0.0
710173,上櫃,0.0,0.0,0.0
710174,上櫃,0.84,0.73,105.0
710175,上櫃,0.23,0.22,242.0
710176,上櫃,0.18,0.18,39.0
710177,上櫃,0.0,0.0,0.0
710178,上櫃,0.0,0.0,0.0
710179,上櫃,0.38,0.34,327.0
710180,上櫃,0.0,0.0,0.0
710181,上櫃,0.28,0.28,3.0
710182,上櫃,0.74,0.68,59.0
710183,上櫃,0.0,0.0,0.0
710184,上櫃,1.26,1.18,148.0
710185,上櫃,0.0,0.0,0.0
710186,上櫃,0.0,0.0,0.0
710187,上櫃,0.0,0.0,0.0
710188,上櫃,0.0,0.0,0.0
710189,上櫃,0.0,0.0,0.0
710190,上櫃,0.74,0.59,310.0
710191,上櫃,0.0,0.0,0.0
710192,上櫃,0.28,0.29,115.0
710193,上櫃,0.0,0.0,0.0
710194,上櫃,0.0,0.0,0.0
710195,上櫃,0.57,0.57,83.0
710196,上櫃,0.0,0.0,0.0
710197,上櫃,0.0,0.0,0.0
710198,上櫃,0.57,0.57,20.0
710199,上櫃,0.0,0.0,0.0
710200,上櫃,0.59,0.62,178.0
710201,上櫃,0.94,0.96,147.0
710202,上櫃,0.94,1.03,90.0
710203,上櫃,0.0,0.0,0.0
710204,上櫃,0.73,0.73,351.0
710205,上櫃,0.0,0.0,0.0
710206,上櫃,0.27,0.27,10.0
710207,上櫃,0.0,0.0,0.0
710208,上櫃,0.0,0.0,0.0
710209,上櫃,0.55,0.56,41.0
710210,上櫃,0.0,0.0,0.0
710211,上櫃,0.31,0.31,16.0
710212,上櫃,0.0,0.0,0.0
710213,上櫃,0.0,0.0,0.0
710214,上櫃,0.63,0.63,1.0
710215,上櫃,0.0,0.0,0.0
710216,上櫃,0.5,0.51,17.0
710217,上櫃,0.0,0.0,0.0
710218,上櫃,1.75,1.58,223.0
710219,上櫃,2.31,2.22,51.0
710220,上櫃,0.74,0.83,134.0
710221,上櫃,0.0,0.0,0.0
710222,上櫃,0.0,0.0,0.0
710223,上櫃,0.7,0.69,876.0
710224,上櫃,0.62,0.56,58.0
710225,上櫃,0.0,0.0,0.0
710226,上櫃,0.0,0.0,0.0
710227,上櫃,0.0,0.0,0.0
710228,上櫃,0.0,0.0,0.0
710229,上櫃,0.0,0.0,0.0
710230,上櫃,0.67,0.67,50.0
710231,上櫃,0.0,0.0,0.0
710232,上櫃,1.0,1.0,42.0
710233,上櫃,0.0,0.0,0.0
710234,上櫃,0.97,0.97,82.0
710235,上櫃,2.86,2.71,49.0
710236,上櫃,0.0,0.0,0.0
710237,上櫃,0.0,0.0,0.0
710238,上櫃,0.0,0.0,0.0
710239,上櫃,1.65,1.45,1515.0
710240,上櫃,0.0,0.0,0.0
710241,上櫃,0.0,0.0,0.0
710242,上櫃,0.59,0.52,279.0
710243,上櫃,0.0,0.0,0.0
710244,上櫃,0.71,0.71,3.0
710245,上櫃,0.0,0.0,0.0
710246,上櫃,0.55,0.52,174.0
710247,上櫃,0.0,0.0,0.0
710248,上櫃,0.29,0.29,56.0
710249,上櫃,0.0,0.0,0.0
710250,上櫃,0.0,0.0,0.0
710251,上櫃,1.02,1.07,316.0
710252,上櫃,0.81,0.82,113.0
710253,上櫃,0.0,0.0,0.0
710254,上櫃,0.0,0.0,0.0
710255,上櫃,0.37,0.32,108.0
710256,上櫃,0.21,0.21,25.0
710257,上櫃,0.23,0.23,1.0
710258,上櫃,0.59,0.59,395.0
710259,上櫃,0.81,0.73,177.0
710260,上櫃,0.0,0.0,0.0
710261,上櫃,0.0,0.0,0.0
710262,上櫃,1.16,1.16,9.0
710263,上櫃,0.25,0.22,720.0
710264,上櫃,0.0,0.0,0.0
710265,上櫃,0.19,0.18,599.0
710266,上櫃,0.0,0.0,0.0
710267,上櫃,0.0,0.0,0.0
710268,上櫃,0.37,0.38,87.0
710269,上櫃,0.56,0.57,80.0
710270,上櫃,0.58,0.52,100.0
710271,上櫃,0.74,0.65,20.0
710272,上櫃,1.0,0.96,43.0
710273,上櫃,0.99,0.91,294.0
710274,上櫃,0.0,0.0,0.0
710275,上櫃,0.0,0.0,0.0
710276,上櫃,0.27,0.3,246.0
710277,上櫃,0.3,0.3,90.0
710278,上櫃,0.0,0.0,0.0
710279,上櫃,1.18,1.11,100.0
710280,上櫃,0.0,0.0,0.0
710281,上櫃,0.0,0.0,0.0
710282,上櫃,0.0,0.0,0.0
710283,上櫃,0.0,0.0,0.0
710284,上櫃,0.0,0.0,0.0
710285,上櫃,0.0,0.0,0.0
710286,上櫃,0.0,0.0,0.0
710287,上櫃,1.23,1.09,59.0
710288,上櫃,0.0,0.0,0.0
710289,上櫃,0.0,0.0,0.0
710290,上櫃,0.5,0.5,113.0
710291,上櫃,0.5,0.44,144.0
710292,上櫃,0.0,0.0,0.0
710293,上櫃,0.39,0.37,3.0
710294,上櫃,0.0,0.0,0.0
710295,上櫃,0.49,0.41,90.0
710296,上櫃,0.0,0.0,0.0
710297,上櫃,0.0,0.0,0.0
710298,上櫃,0.0,0.0,0.0
710299,上櫃,0.37,0.37,552.0
710300,上櫃,0.0,0.0,0.0
710301,上櫃,0.84,0.8,75.0
710302,上櫃,0.0,0.0,0.0
710304,上櫃,0.0,0.0,0.0
710305,上櫃,0.0,0.0,0.0
710306,上櫃,0.0,0.0,0.0
710307,上櫃,0.0,0.0,0.0
710308,上櫃,0.0,0.0,0.0
710309,上櫃,0.53,0.49,65.0
710310,上櫃,0.43,0.43,20.0
710311,上櫃,0.64,0.64,30.0
710312,上櫃,0.25,0.22,24.0
710313,上櫃,0.0,0.0,0.0
710314,上櫃,0.0,0.0,0.0
710315,上櫃,0.0,0.0,0.0
710316,上櫃,0.55,0.51,242.0
710317,上櫃,1.63,1.63,2.0
710318,上櫃,1.04,1.04,6.0
710319,上櫃,0.81,0.81,176.0
710320,上櫃,1.29,1.29,20.0
710321,上櫃,0.55,0.53,42.0
710322,上櫃,0.0,0.0,0.0
710323,上櫃,0.32,0.25,403.0
710324,上櫃,0.0,0.0,0.0
710325,上櫃,0.0,0.0,0.0
710326,上櫃,0.0,0.0,0.0
710327,上櫃,0.0,0.0,0.0
710328,上櫃,0.0,0.0,0.0
710329,上櫃,0.0,0.0,0.0
710330,上櫃,1.05,1.18,579.0
710331,上櫃,0.92,0.92,9.0
710332,上櫃,0.95,0.95,50.0
710333,上櫃,0.0,0.0,0.0
710334,上櫃,1.95,1.95,11.0
710335,上櫃,1.82,1.82,20.0
710336,上櫃,0.56,0.65,17.0
710337,上櫃,0.0,0.0,0.0
710338,上櫃,0.21,0.21,10.0
710339,上櫃,1.15,0.93,1035.0
710340,上櫃,0.81,0.85,186.0
710341,上櫃,0.5,0.46,130.0
710342,上櫃,1.68,1.68,1.0
710343,上櫃,0.3,0.3,93.0
710344,上櫃,0.56,0.56,18.0
710345,上櫃,0.43,0.43,60.0
710346,上櫃,0.0,0.0,0.0
710347,上櫃,0.0,0.0,0.0
710348,上櫃,1.4,1.37,222.0
710349,上櫃,0.52,0.56,148.0
710350,上櫃,0.0,0.0,0.0
710351,上櫃,0.0,0.0,0.0
710353,上櫃,0.0,0.0,0.0
710354,上櫃,0.64,0.6,22.0
710355,上櫃,0.0,0.0,0.0
710356,上櫃,0.49,0.49,10.0
710357,上櫃,0.0,0.0,0.0
710358,上櫃,0.4,0.4,7.0
710359,上櫃,0.53,0.53,9.0
710360,上櫃,0.0,0.0,0.0
710361,上櫃,0.0,0.0,0.0
710362,上櫃,0.0,0.0,0.0
710363,上櫃,0.0,0.0,0.0
710364,上櫃,0.67,0.65,369.0
710365,上櫃,0.0,0.0,0.0
710366,上櫃,0.6,0.59,20.0
710367,上櫃,0.0,0.0,0.0
710368,上櫃,2.65,2.53,73.0
710369,上櫃,0.65,0.69,114.0
710370,上櫃,0.0,0.0,0.0
710371,上櫃,0.0,0.0,0.0
710372,上櫃,0.0,0.0,0.0
710373,上櫃,0.59,0.53,1019.0
710374,上櫃,0.69,0.66,101.0
710375,上櫃,0.0,0.0,0.0
710376,上櫃,0.28,0.27,2036.0
710377,上櫃,0.0,0.0,0.0
710378,上櫃,0.0,0.0,0.0
710379,上櫃,0.0,0.0,0.0
710380,上櫃,0.0,0.0,0.0
710381,上櫃,0.51,0.51,4.0
710382,上櫃,0.5,0.49,361.0
710383,上櫃,0.0,0.0,0.0
710384,上櫃,0.0,0.0,0.0
710385,上櫃,1.02,0.82,4466.0
710386,上櫃,0.73,0.74,272.0
710387,上櫃,1.93,1.86,8.0
710388,上櫃,0.0,0.0,0.0
710389,上櫃,0.0,0.0,0.0
710390,上櫃,1.66,1.57,534.0
710391,上櫃,1.49,1.53,282.0
710392,上櫃,0.0,0.0,0.0
710393,上櫃,0.0,0.0,0.0
710394,上櫃,0.0,0.0,0.0
710395,上櫃,0.0,0.0,0.0
710396,上櫃,0.0,0.0,0.0
710397,上櫃,0.0,0.0,0.0
710398,上櫃,0.0,0.0,0.0
710399,上櫃,0.0,0.0,0.0
710400,上櫃,0.0,0.0,0.0
710401,上櫃,0.0,0.0,0.0
710402,上櫃,0.0,0.0,0.0
710403,上櫃,0.39,0.37,50.0
710404,上櫃,0.0,0.0,0.0
710405,上櫃,0.0,0.0,0.0
710406,上櫃,0.85,0.84,107.0
710407,上櫃,0.0,0.0,0.0
710408,上櫃,0.52,0.52,108.0
710409,上櫃,0.48,0.45,118.0
710410,上櫃,0.0,0.0,0.0
710411,上櫃,0.0,0.0,0.0
710412,上櫃,0.0,0.0,0.0
710413,上櫃,0.0,0.0,0.0
710414,上櫃,1.12,1.12,32.0
710415,上櫃,0.0,0.0,0.0
710416,上櫃,0.0,0.0,0.0
710417,上櫃,0.0,0.0,0.0
710418,上櫃,0.0,0.0,0.0
710419,上櫃,0.0,0.0,0.0
710420,上櫃,0.36,0.36,105.0
710421,上櫃,0.0,0.0,0.0
710422,上櫃,1.09,1.12,19.0
710423,上櫃,0.0,0.0,0.0
710424,上櫃,0.0,0.0,0.0
710425,上櫃,0.0,0.0,0.0
710426,上櫃,1.73,1.62,104.0
710427,上櫃,1.08,1.03,30.0
710428,上櫃,0.0,0.0,0.0
710429,上櫃,2.33,2.33,20.0
710430,上櫃,0.0,0.0,0.0
710431,上櫃,0.63,0.58,1794.0
710432,上櫃,0.68,0.62,100.0
710433,上櫃,0.0,0.0,0.0
710434,上櫃,1.07,0.83,516.0
710435,上櫃,0.0,0.0,0.0
710436,上櫃,0.68,0.68,100.0
710437,上櫃,0.0,0.0,0.0
710438,上櫃,0.0,0.0,0.0
710439,上櫃,0.77,0.78,17.0
710440,上櫃,0.0,0.0,0.0
710441,上櫃,1.75,1.75,1.0
710442,上櫃,0.0,0.0,0.0
710443,上櫃,1.58,1.3,1710.0
710444,上櫃,0.0,0.0,0.0
710445,上櫃,0.52,0.55,613.0
710446,上櫃,0.0,0.0,0.0
710447,上櫃,0.0,0.0,0.0
710448,上櫃,0.66,0.61,1098.0
710449,上櫃,0.0,0.0,0.0
710450,上櫃,0.0,0.0,0.0
710451,上櫃,0.85,0.86,267.0
710452,上櫃,0.0,0.0,0.0
710453,上櫃,0.88,0.79,962.0
710454,上櫃,0.0,0.0,0.0
710455,上櫃,0.87,0.87,5.0
710456,上櫃,0.97,1.03,5.0
710457,上櫃,0.89,0.88,148.0
710458,上櫃,0.54,0.54,10.0
710459,上櫃,0.0,0.0,0.0
710460,上櫃,0.0,0.0,0.0
710461,上櫃,0.0,0.0,0.0
710462,上櫃,0.0,0.0,0.0
710463,上櫃,0.0,0.0,0.0
710464,上櫃,0.0,0.0,0.0
710465,上櫃,1.3,1.45,137.0
710466,上櫃,1.04,1.15,211.0
710467,上櫃,0.0,0.0,0.0
710468,上櫃,0.0,0.0,0.0
710469,上櫃,0.48,0.51,277.0
710470,上櫃,1.91,1.8,687.0
710471,上櫃,0.31,0.31,10.0
710472,上櫃,0.75,0.75,5.0
710473,上櫃,0.35,0.35,41.0
710474,上櫃,0.89,0.92,838.0
710475,上櫃,0.74,0.69,1008.0
710476,上櫃,0.0,0.0,0.0
710477,上櫃,0.59,0.59,300.0
710478,上櫃,0.0,0.0,0.0
710479,上櫃,0.67,0.6,441.0
710480,上櫃,0.31,0.31,136.0
710481,上櫃,1.46,1.2,2819.0
710482,上櫃,0.58,0.58,100.0
710483,上櫃,0.54,0.57,5943.0
710484,上櫃,0.0,0.0,0.0
710485,上櫃,0.71,0.67,62.0
710486,上櫃,0.8,0.92,127.0
710487,上櫃,1.52,1.44,443.0
710488,上櫃,1.13,1.13,10.0
710489,上櫃,1.72,1.78,71.0
710490,上櫃,1.73,1.79,185.0
710491,上櫃,0.74,0.77,381.0
710492,上櫃,0.59,0.59,45.0
710493,上櫃,0.0,0.0,0.0
710494,上櫃,0.82,0.9,171.0
710495,上櫃,0.97,0.83,575.0
710496,上櫃,0.93,0.93,156.0
710497,上櫃,1.17,1.15,125.0
710498,上櫃,0.94,1.08,117.0
710499,上櫃,0.0,0.0,0.0
710500,上櫃,1.1,0.93,89.0
710501,上櫃,0.82,0.79,565.0
710502,上櫃,1.08,1.03,1291.0
710503,上櫃,0.99,0.99,10.0
710504,上櫃,1.01,1.0,1756.0
710505,上櫃,0.0,0.0,0.0
710506,上櫃,0.76,0.8,120.0
710507,上櫃,1.4,1.4,21.0
710508,上櫃,0.0,0.0,0.0
710509,上櫃,0.62,0.62,50.0
710510,上櫃,0.59,0.59,2.0
710511,上櫃,0.76,0.78,25.0
710512,上櫃,0.0,0.0,0.0
710513,上櫃,0.54,0.54,600.0
710514,上櫃,0.65,0.65,74.0
710515,上櫃,0.93,0.89,227.0
710516,上櫃,0.31,0.3,210.0
710517,上櫃,0.0,0.0,0.0
710518,上櫃,0.0,0.0,0.0
710519,上櫃,0.0,0.0,0.0
710520,上櫃,0.0,0.0,0.0
710521,上櫃,0.0,0.0,0.0
710522,上櫃,0.0,0.0,0.0
710523,上櫃,0.0,0.0,0.0
710524,上櫃,0.0,0.0,0.0
710525,上櫃,0.0,0.0,0.0
710526,上櫃,0.87,0.87,48.0
710527,上櫃,1.15,1.1,92.0
710528,上櫃,1.31,1.2,232.0
710529,上櫃,0.0,0.0,0.0
710530,上櫃,0.89,0.88,177.0
710531,上櫃,0.96,0.94,294.0
710532,上櫃,1.24,1.27,41.0
710533,上櫃,0.39,0.4,550.0
710534,上櫃,1.35,1.27,81.0
710535,上櫃,0.71,0.74,1638.0
710536,上櫃,0.0,0.0,0.0
710537,上櫃,0.0,0.0,0.0
710538,上櫃,1.07,1.07,37.0
710539,上櫃,1.26,1.26,32.0
710540,上櫃,1.08,1.11,90.0
710541,上櫃,0.0,0.0,0.0
710542,上櫃,0.0,0.0,0.0
710543,上櫃,0.0,0.0,0.0
710544,上櫃,1.86,1.74,78.0
710545,上櫃,0.54,0.54,21.0
710546,上櫃,2.01,1.66,254.0
710547,上櫃,0.77,0.72,64.0
710548,上櫃,0.0,0.0,0.0
710549,上櫃,1.05,1.05,112.0
710550,上櫃,0.54,0.63,161.0
710551,上櫃,0.66,0.7,325.0
710552,上櫃,0.6,0.6,17.0
710553,上櫃,0.7,0.66,668.0
710554,上櫃,0.59,0.46,76.0
710555,上櫃,0.93,0.93,10.0
710556,上櫃,0.0,0.0,0.0
710557,上櫃,0.0,0.0,0.0
710558,上櫃,1.0,1.03,16.0
710559,上櫃,0.0,0.0,0.0
710560,上櫃,0.0,0.0,0.0
710561,上櫃,1.15,0.95,210.0
710562,上櫃,1.07,1.06,186.0
710563,上櫃,0.87,0.86,132.0
710564,上櫃,0.72,0.71,78.0
710565,上櫃,0.65,0.65,86.0
710566,上櫃,1.08,1.08,11.0
710567,上櫃,0.0,0.0,0.0
710568,上櫃,0.0,0.0,0.0
710569,上櫃,0.0,0.0,0.0
710570,上櫃,0.49,0.51,56.0
710571,上櫃,0.0,0.0,0.0
710572,上櫃,0.0,0.0,0.0
710573,上櫃,1.02,1.02,26.0
710574,上櫃,1.14,1.12,15.0
710575,上櫃,1.33,1.27,502.0
710576,上櫃,1.54,1.54,450.0
710577,上櫃,0.0,0.0,0.0
710578,上櫃,1.74,1.58,46.0
710579,上櫃,0.47,0.47,998.0
710580,上櫃,0.33,0.33,21.0
710581,上櫃,0.0,0.0,0.0
710582,上櫃,0.83,0.72,253.0
710583,上櫃,0.0,0.0,0.0
710584,上櫃,1.04,1.05,1073.0
710585,上櫃,1.19,1.21,43.0
710586,上櫃,0.0,0.0,0.0
710587,上櫃,0.0,0.0,0.0
710588,上櫃,1.16,1.13,732.0
710589,上櫃,0.56,0.54,229.0
710590,上櫃,0.66,0.61,420.0
710591,上櫃,0.0,0.0,0.0
710592,上櫃,0.0,0.0,0.0
710593,上櫃,0.68,0.65,280.0
710594,上櫃,1.55,1.42,189.0
710595,上櫃,2.31,2.26,87.0
710596,上櫃,0.0,0.0,0.0
710597,上櫃,0.0,0.0,0.0
710598,上櫃,0.79,0.8,222.0
710599,上櫃,0.56,0.54,81.0
710600,上櫃,0.74,0.67,20.0
710601,上櫃,0.0,0.0,0.0
710602,上櫃,0.51,0.51,27.0
710603,上櫃,0.64,0.63,946.0
710604,上櫃,0.68,0.66,20.0
710605,上櫃,0.79,0.69,17.0
710606,上櫃,0.18,0.18,148.0
710607,上櫃,0.7,0.52,2007.0
710608,上櫃,0.0,0.0,0.0
710609,上櫃,0.17,0.18,26.0
710610,上櫃,0.0,0.0,0.0
710611,上櫃,1.44,1.35,90.0
710612,上櫃,0.0,0.0,0.0
710613,上櫃,1.36,1.04,1227.0
710614,上櫃,1.39,1.44,60.0
710615,上櫃,1.1,1.11,104.0
710616,上櫃,0.0,0.0,0.0
710617,上櫃,1.44,1.44,43.0
710618,上櫃,0.0,0.0,0.0
710619,上櫃,0.0,0.0,0.0
710620,上櫃,0.0,0.0,0.0
710621,上櫃,0.62,0.61,70.0
710622,上櫃,0.0,0.0,0.0
710623,上櫃,0.0,0.0,0.0
710624,上櫃,1.4,1.06,2306.0
710625,上櫃,0.36,0.36,204.0
710626,上櫃,0.58,0.51,22.0
710627,上櫃,0.0,0.0,0.0
710628,上櫃,2.59,2.59,5.0
710629,上櫃,0.38,0.38,2.0
710630,上櫃,0.45,0.45,15.0
710631,上櫃,0.0,0.0,0.0
710632,上櫃,0.4,0.42,719.0
710633,上櫃,0.0,0.0,0.0
710634,上櫃,0.64,0.61,407.0
710636,上櫃,0.0,0.0,0.0
710637,上櫃,0.44,0.44,15.0
710638,上櫃,0.0,0.0,0.0
710639,上櫃,0.0,0.0,0.0
710640,上櫃,0.0,0.0,0.0
710641,上櫃,0.35,0.35,30.0
710642,上櫃,0.0,0.0,0.0
710643,上櫃,0.48,0.43,35.0
710644,上櫃,0.0,0.0,0.0
710645,上櫃,0.0,0.0,0.0
710646,上櫃,1.58,1.65,107.0
710647,上櫃,0.48,0.47,72.0
710648,上櫃,0.0,0.0,0.0
710649,上櫃,0.65,0.62,58.0
710650,上櫃,0.55,0.55,200.0
710651,上櫃,1.22,1.38,179.0
710652,上櫃,0.0,0.0,0.0
710653,上櫃,0.0,0.0,0.0
710654,上櫃,0.78,0.76,1039.0
710655,上櫃,0.65,0.65,8.0
710656,上櫃,0.0,0.0,0.0
710657,上櫃,0.0,0.0,0.0
710658,上櫃,0.68,0.64,6.0
710659,上櫃,1.49,1.17,541.0
710660,上櫃,0.0,0.0,0.0
710661,上櫃,0.0,0.0,0.0
710662,上櫃,0.77,0.77,10.0
710663,上櫃,0.0,0.0,0.0
710664,上櫃,0.99,1.06,38.0
710665,上櫃,0.76,0.74,20.0
710666,上櫃,0.0,0.0,0.0
710667,上櫃,0.49,0.44,41.0
710668,上櫃,0.0,0.0,0.0
710669,上櫃,0.0,0.0,0.0
710670,上櫃,0.0,0.0,0.0
710671,上櫃,0.0,0.0,0.0
710672,上櫃,0.0,0.0,0.0
710673,上櫃,0.0,0.0,0.0
710674,上櫃,0.0,0.0,0.0
710675,上櫃,0.0,0.0,0.0
710676,上櫃,0.0,0.0,0.0
710677,上櫃,0.47,0.41,66.0
710678,上櫃,0.0,0.0,0.0
710679,上櫃,0.6,0.55,50.0
710680,上櫃,0.0,0.0,0.0
710681,上櫃,0.0,0.0,0.0
710682,上櫃,0.0,0.0,0.0
710683,上櫃,0.0,0.0,0.0
710684,上櫃,0.0,0.0,0.0
710685,上櫃,0.94,0.96,86.0
710686,上櫃,0.0,0.0,0.0
710687,上櫃,0.76,0.86,27.0
710688,上櫃,0.43,0.46,57.0
710689,上櫃,1.03,1.03,8.0
710690,上櫃,0.97,0.84,215.0
710691,上櫃,0.74,0.72,125.0
710692,上櫃,0.74,0.67,66.0
710693,上櫃,0.34,0.3,327.0
710694,上櫃,0.54,0.45,388.0
710695,上櫃,0.37,0.37,20.0
710696,上櫃,0.0,0.0,0.0
710697,上櫃,0.0,0.0,0.0
710698,上櫃,0.0,0.0,0.0
710699,上櫃,0.7,0.77,321.0
710700,上櫃,0.0,0.0,0.0
710701,上櫃,1.03,0.98,88.0
710702,上櫃,0.0,0.0,0.0
710703,上櫃,0.0,0.0,0.0
710704,上櫃,0.0,0.0,0.0
710705,上櫃,0.0,0.0,0.0
710706,上櫃,0.0,0.0,0.0
710707,上櫃,0.0,0.0,0.0
710708,上櫃,0.0,0.0,0.0
710709,上櫃,0.0,0.0,0.0
710710,上櫃,0.65,0.65,15.0
710711,上櫃,0.0,0.0,0.0
710712,上櫃,0.0,0.0,0.0
710713,上櫃,0.0,0.0,0.0
710714,上櫃,0.54,0.54,151.0
710715,上櫃,0.41,0.37,158.0
710716,上櫃,0.45,0.39,88.0
710717,上櫃,0.0,0.0,0.0
710718,上櫃,0.49,0.48,34.0
710719,上櫃,0.83,0.87,36.0
710720,上櫃,0.0,0.0,0.0
710721,上櫃,0.0,0.0,0.0
710722,上櫃,0.0,0.0,0.0
710723,上櫃,0.52,0.52,100.0
710724,上櫃,0.0,0.0,0.0
710725,上櫃,0.0,0.0,0.0
710726,上櫃,0.0,0.0,0.0
710727,上櫃,1.11,1.17,292.0
710728,上櫃,0.37,0.37,10.0
710729,上櫃,0.0,0.0,0.0
710730,上櫃,0.77,0.77,1.0
710731,上櫃,0.36,0.38,165.0
710732,上櫃,0.0,0.0,0.0
710733,上櫃,0.0,0.0,0.0
710734,上櫃,0.0,0.0,0.0
710735,上櫃,1.84,1.84,17.0
710736,上櫃,0.0,0.0,0.0
710737,上櫃,0.0,0.0,0.0
710738,上櫃,0.0,0.0,0.0
710739,上櫃,0.95,0.95,88.0
710740,上櫃,0.78,0.78,20.0
710741,上櫃,0.0,0.0,0.0
710742,上櫃,0.0,0.0,0.0
710743,上櫃,1.27,1.27,525.0
710744,上櫃,0.39,0.39,100.0
710745,上櫃,0.0,0.0,0.0
710746,上櫃,0.0,0.0,0.0
710747,上櫃,0.0,0.0,0.0
710748,上櫃,0.0,0.0,0.0
710749,上櫃,0.44,0.44,10.0
710750,上櫃,0.44,0.44,20.0
710751,上櫃,0.48,0.48,725.0
710752,上櫃,0.0,0.0,0.0
710753,上櫃,0.0,0.0,0.0
710754,上櫃,0.34,0.34,21.0
710755,上櫃,0.0,0.0,0.0
710756,上櫃,0.0,0.0,0.0
710757,上櫃,0.0,0.0,0.0
710758,上櫃,0.0,0.0,0.0
710759,上櫃,0.0,0.0,0.0
710760,上櫃,0.0,0.0,0.0
710761,上櫃,0.0,0.0,0.0
710762,上櫃,0.4,0.39,1222.0
710763,上櫃,0.0,0.0,0.0
710764,上櫃,0.0,0.0,0.0
710765,上櫃,0.0,0.0,0.0
710766,上櫃,0.0,0.0,0.0
710767,上櫃,0.0,0.0,0.0
710768,上櫃,0.9,0.91,228.0
710769,上櫃,0.0,0.0,0.0
710770,上櫃,0.0,0.0,0.0
710771,上櫃,0.4,0.4,76.0
710772,上櫃,0.56,0.54,8.0
710773,上櫃,0.71,0.75,121.0
710774,上櫃,0.0,0.0,0.0
710775,上櫃,1.01,1.04,310.0
710776,上櫃,0.0,0.0,0.0
710777,上櫃,0.0,0.0,0.0
710778,上櫃,1.48,1.44,218.0
710779,上櫃,0.63,0.63,26.0
710780,上櫃,0.0,0.0,0.0
710781,上櫃,0.99,0.92,20.0
710782,上櫃,0.0,0.0,0.0
710783,上櫃,0.0,0.0,0.0
710784,上櫃,1.01,1.01,90.0
710785,上櫃,0.31,0.29,1129.0
710786,上櫃,0.58,0.58,15.0
710787,上櫃,0.39,0.39,6.0
710789,上櫃,0.0,0.0,0.0
710790,上櫃,0.0,0.0,0.0
710791,上櫃,1.4,1.4,10.0
710792,上櫃,0.74,0.74,1.0
710793,上櫃,0.81,0.62,179.0
710794,上櫃,0.0,0.0,0.0
710795,上櫃,0.83,0.83,100.0
710796,上櫃,0.0,0.0,0.0
710797,上櫃,1.92,1.88,252.0
710798,上櫃,0.47,0.46,147.0
710799,上櫃,0.37,0.34,55.0
710800,上櫃,0.53,0.58,217.0
710801,上櫃,0.37,0.35,551.0
710802,上櫃,0.0,0.0,0.0
710803,上櫃,0.0,0.0,0.0
710804,上櫃,0.23,0.23,23.0
710805,上櫃,2.21,1.99,506.0
710806,上櫃,0.98,0.96,57.0
710807,上櫃,1.01,0.95,74.0
710808,上櫃,0.0,0.0,0.0
710809,上櫃,0.0,0.0,0.0
710810,上櫃,0.65,0.6,94.0
710811,上櫃,1.1,1.05,836.0
710812,上櫃,0.0,0.0,0.0
710813,上櫃,1.06,1.06,2.0
710814,上櫃,0.56,0.56,55.0
710815,上櫃,0.0,0.0,0.0
710816,上櫃,1.88,1.91,20.0
710817,上櫃,0.37,0.38,70.0
710818,上櫃,0.31,0.32,70.0
710819,上櫃,2.33,2.17,78.0
710820,上櫃,0.0,0.0,0.0
710821,上櫃,0.0,0.0,0.0
710822,上櫃,0.0,0.0,0.0
710823,上櫃,0.66,0.66,10.0
710824,上櫃,0.0,0.0,0.0
710825,上櫃,0.36,0.36,27.0
710826,上櫃,0.0,0.0,0.0
710827,上櫃,0.0,0.0,0.0
710828,上櫃,0.65,0.65,10.0
710829,上櫃,0.44,0.43,70.0
710830,上櫃,0.54,0.54,80.0
710831,上櫃,0.0,0.0,0.0
710832,上櫃,0.0,0.0,0.0
710833,上櫃,0.0,0.0,0.0
710834,上櫃,1.23,1.23,10.0
710835,上櫃,0.0,0.0,0.0
710836,上櫃,0.0,0.0,0.0
710837,上櫃,0.42,0.38,565.0
710838,上櫃,0.41,0.35,1779.0
710839,上櫃,0.42,0.4,200.0
710840,上櫃,0.0,0.0,0.0
710841,上櫃,0.57,0.57,33.0
710842,上櫃,0.0,0.0,0.0
710843,上櫃,0.0,0.0,0.0
710844,上櫃,0.84,0.84,25.0
710845,上櫃,0.0,0.0,0.0
710846,上櫃,0.59,0.58,16.0
710847,上櫃,0.87,0.87,13.0
710848,上櫃,0.0,0.0,0.0
710849,上櫃,0.0,0.0,0.0
710850,上櫃,0.0,0.0,0.0
710851,上櫃,0.0,0.0,0.0
710852,上櫃,0.4,0.42,10.0
710853,上櫃,0.0,0.0,0.0
710854,上櫃,0.0,0.0,0.0
710855,上櫃,0.36,0.36,20.0
710856,上櫃,0.0,0.0,0.0
710857,上櫃,0.0,0.0,0.0
710858,上櫃,0.0,0.0,0.0
710859,上櫃,0.42,0.41,58.0
710860,上櫃,0.0,0.0,0.0
710861,上櫃,0.0,0.0,0.0
710862,上櫃,0.78,0.78,27.0
710863,上櫃,0.99,0.99,2.0
710864,上櫃,0.0,0.0,0.0
710865,上櫃,0.0,0.0,0.0
710866,上櫃,0.65,0.65,37.0
710867,上櫃,0.0,0.0,0.0
710868,上櫃,0.62,0.62,16.0
710869,上櫃,0.48,0.48,3.0
710870,上櫃,0.99,0.94,11.0
710871,上櫃,0.0,0.0,0.0
710872,上櫃,0.0,0.0,0.0
710873,上櫃,0.0,0.0,0.0
710874,上櫃,0.0,0.0,0.0
710875,上櫃,0.75,0.77,540.0
710876,上櫃,0.0,0.0,0.0
710877,上櫃,1.5,1.54,27.0
710878,上櫃,0.59,0.59,20.0
710879,上櫃,1.54,1.54,10.0
710880,上櫃,0.0,0.0,0.0
710881,上櫃,0.57,0.56,362.0
710882,上櫃,0.0,0.0,0.0
710883,上櫃,1.2,0.95,146.0
710884,上櫃,1.02,0.81,675.0
710885,上櫃,0.97,0.9,171.0
710886,上櫃,0.39,0.39,234.0
710887,上櫃,2.78,2.71,394.0
710888,上櫃,0.8,0.73,92.0
710889,上櫃,0.0,0.0,0.0
710890,上櫃,0.0,0.0,0.0
710891,上櫃,0.0,0.0,0.0
710892,上櫃,3.07,2.72,69.0
710893,上櫃,1.26,1.26,283.0
710894,上櫃,0.0,0.0,0.0
710895,上櫃,0.0,0.0,0.0
710896,上櫃,0.0,0.0,0.0
710897,上櫃,0.95,0.95,332.0
710898,上櫃,0.92,0.85,525.0
710899,上櫃,0.84,0.87,541.0
710900,上櫃,1.07,0.93,19.0
710901,上櫃,1.28,1.25,27.0
710902,上櫃,0.0,0.0,0.0
710903,上櫃,0.0,0.0,0.0
710904,上櫃,0.0,0.0,0.0
710905,上櫃,0.0,0.0,0.0
710906,上櫃,0.55,0.59,80.0
710907,上櫃,0.45,0.45,8.0
710908,上櫃,1.06,1.06,100.0
710909,上櫃,1.18,1.19,92.0
710910,上櫃,1.21,1.21,121.0
710911,上櫃,0.0,0.0,0.0
710912,上櫃,0.55,0.54,107.0
710913,上櫃,0.47,0.45,64.0
710914,上櫃,0.0,0.0,0.0
710916,上櫃,0.0,0.0,0.0
710917,上櫃,0.0,0.0,0.0
710918,上櫃,0.0,0.0,0.0
710919,上櫃,0.0,0.0,0.0
710920,上櫃,0.0,0.0,0.0
710921,上櫃,1.17,0.92,1672.0
710922,上櫃,0.0,0.0,0.0
710923,上櫃,1.47,1.47,107.0
710924,上櫃,0.0,0.0,0.0
710925,上櫃,0.54,0.54,20.0
710926,上櫃,1.34,1.26,449.0
710927,上櫃,0.0,0.0,0.0
710928,上櫃,0.0,0.0,0.0
710929,上櫃,0.38,0.33,64.0
710930,上櫃,0.0,0.0,0.0
710931,上櫃,0.0,0.0,0.0
710932,上櫃,0.0,0.0,0.0
710933,上櫃,0.0,0.0,0.0
710934,上櫃,0.0,0.0,0.0
710935,上櫃,0.0,0.0,0.0
710936,上櫃,1.22,1.23,57.0
710937,上櫃,0.4,0.41,147.0
710938,上櫃,0.53,0.49,8.0
710939,上櫃,0.0,0.0,0.0
710940,上櫃,0.0,0.0,0.0
710941,上櫃,0.0,0.0,0.0
710942,上櫃,0.0,0.0,0.0
710943,上櫃,0.0,0.0,0.0
710944,上櫃,0.51,0.53,348.0
710945,上櫃,0.62,0.62,8.0
710946,上櫃,0.61,0.62,67.0
710947,上櫃,0.82,0.82,178.0
710948,上櫃,1.02,1.0,8.0
710949,上櫃,0.0,0.0,0.0
710950,上櫃,1.59,1.37,223.0
710951,上櫃,2.23,1.92,33.0
710952,上櫃,0.66,0.66,3.0
710953,上櫃,1.26,1.26,2.0
710954,上櫃,0.0,0.0,0.0
710955,上櫃,0.0,0.0,0.0
710956,上櫃,0.63,0.58,18.0
710957,上櫃,0.0,0.0,0.0
710958,上櫃,0.5,0.5,86.0
710959,上櫃,1.12,1.14,356.0
710960,上櫃,0.0,0.0,0.0
710961,上櫃,1.2,1.23,797.0
710962,上櫃,1.06,1.02,541.0
710963,上櫃,0.75,0.79,237.0
710964,上櫃,1.14,1.03,831.0
710965,上櫃,1.44,1.56,194.0
710966,上櫃,0.91,0.91,100.0
710967,上櫃,0.0,0.0,0.0
710968,上櫃,0.58,0.54,311.0
710969,上櫃,1.2,1.22,228.0
710970,上櫃,0.0,0.0,0.0
710971,上櫃,0.85,0.89,669.0
710972,上櫃,0.92,0.91,410.0
710973,上櫃,0.0,0.0,0.0
710974,上櫃,0.0,0.0,0.0
710975,上櫃,0.23,0.23,14.0
710976,上櫃,0.0,0.0,0.0
710977,上櫃,0.58,0.58,25.0
710978,上櫃,0.44,0.44,26.0
710979,上櫃,1.45,1.46,362.0
710980,上櫃,0.0,0.0,0.0
710981,上櫃,0.38,0.38,28.0
710982,上櫃,1.02,0.81,27.0
710983,上櫃,0.0,0.0,0.0
710984,上櫃,0.0,0.0,0.0
710985,上櫃,0.96,0.9,1300.0
710986,上櫃,0.0,0.0,0.0
710987,上櫃,0.0,0.0,0.0
710988,上櫃,0.64,0.64,8.0
710989,上櫃,0.48,0.48,10.0
710990,上櫃,2.95,2.8,25.0
710991,上櫃,0.92,0.91,423.0
710992,上櫃,1.17,1.19,171.0
710994,上櫃,0.7,0.75,222.0
710995,上櫃,0.0,0.0,0.0
710996,上櫃,0.78,0.73,76.0
710997,上櫃,0.8,0.89,39.0
710998,上櫃,0.0,0.0,0.0
710999,上櫃,0.0,0.0,0.0
711000,上櫃,0.0,0.0,0.0
711001,上櫃,1.38,1.35,11.0
711002,上櫃,1.07,1.21,187.0
711003,上櫃,0.57,0.57,20.0
711004,上櫃,0.7,0.69,28.0
711005,上櫃,1.65,1.66,70.0
711006,上櫃,0.0,0.0,0.0
711007,上櫃,0.0,0.0,0.0
711008,上櫃,0.0,0.0,0.0
711009,上櫃,0.0,0.0,0.0
711010,上櫃,0.0,0.0,0.0
711011,上櫃,0.38,0.38,1.0
711012,上櫃,0.92,0.79,4680.0
711013,上櫃,1.5,1.24,1843.0
711014,上櫃,0.0,0.0,0.0
711015,上櫃,0.56,0.55,232.0
711016,上櫃,1.58,1.51,131.0
711017,上櫃,0.0,0.0,0.0
711018,上櫃,0.0,0.0,0.0
711019,上櫃,0.0,0.0,0.0
711020,上櫃,1.1,1.07,233.0
711021,上櫃,0.78,0.43,65.0
711022,上櫃,0.73,0.7,111.0
711023,上櫃,1.58,1.62,166.0
711024,上櫃,0.0,0.0,0.0
711025,上櫃,0.0,0.0,0.0
711026,上櫃,0.0,0.0,0.0
711027,上櫃,0.68,0.65,95.0
711028,上櫃,0.0,0.0,0.0
711029,上櫃,0.7,0.63,267.0
711030,上櫃,0.79,0.74,94.0
711031,上櫃,0.93,0.81,164.0
711032,上櫃,0.7,0.7,10.0
711033,上櫃,0.18,0.18,2.0
711034,上櫃,0.0,0.0,0.0
711035,上櫃,0.0,0.0,0.0
711036,上櫃,1.03,1.0,48.0
711037,上櫃,0.0,0.0,0.0
711038,上櫃,0.0,0.0,0.0
711039,上櫃,1.07,1.04,361.0
711040,上櫃,0.88,0.85,178.0
711041,上櫃,0.0,0.0,0.0
711042,上櫃,1.11,1.28,1265.0
711043,上櫃,0.5,0.5,35.0
711044,上櫃,0.0,0.0,0.0
711045,上櫃,0.0,0.0,0.0
711046,上櫃,1.09,1.09,80.0
711047,上櫃,0.55,0.53,14.0
711048,上櫃,0.73,0.7,55.0
711049,上櫃,1.49,1.23,586.0
711050,上櫃,0.0,0.0,0.0
711051,上櫃,1.02,1.02,8.0
711052,上櫃,0.47,0.42,30.0
711053,上櫃,0.68,0.63,101.0
711054,上櫃,2.08,2.08,24.0
711055,上櫃,2.21,2.21,31.0
711056,上櫃,1.21,1.21,25.0
711057,上櫃,1.39,1.39,2.0
711058,上櫃,0.0,0.0,0.0
711059,上櫃,0.73,0.78,1755.0
711060,上櫃,0.75,0.79,70.0
711061,上櫃,0.0,0.0,0.0
711062,上櫃,0.0,0.0,0.0
711063,上櫃,4.0,4.0,79.0
711064,上櫃,2.46,2.19,30.0
711065,上櫃,0.76,0.75,53.0
711066,上櫃,0.0,0.0,0.0
711067,上櫃,0.0,0.0,0.0
711068,上櫃,0.0,0.0,0.0
711069,上櫃,0.0,0.0,0.0
711070,上櫃,0.84,0.85,44.0
711071,上櫃,1.54,1.31,441.0
711072,上櫃,0.0,0.0,0.0
711073,上櫃,0.0,0.0,0.0
711074,上櫃,0.0,0.0,0.0
711075,上櫃,0.62,0.62,30.0
711076,上櫃,0.0,0.0,0.0
711077,上櫃,0.87,0.81,26.0
711078,上櫃,0.0,0.0,0.0
711079,上櫃,1.43,1.13,3212.0
711080,上櫃,0.0,0.0,0.0
711081,上櫃,1.1,1.06,4646.0
711082,上櫃,0.38,0.38,1.0
711083,上櫃,0.0,0.0,0.0
711084,上櫃,0.82,0.84,66.0
711085,上櫃,1.55,1.6,113.0
711086,上櫃,0.0,0.0,0.0
711087,上櫃,1.65,1.65,2.0
711088,上櫃,0.53,0.52,4.0
711089,上櫃,0.89,0.89,12.0
711090,上櫃,0.0,0.0,0.0
711091,上櫃,0.41,0.43,85.0
711092,上櫃,0.69,0.63,1559.0
711093,上櫃,0.49,0.48,308.0
711094,上櫃,0.0,0.0,0.0
711095,上櫃,0.0,0.0,0.0
711096,上櫃,0.82,0.85,720.0
711097,上櫃,1.09,1.03,388.0
711098,上櫃,1.15,1.2,74.0
711099,上櫃,0.46,0.46,375.0
711100,上櫃,0.0,0.0,0.0
711101,上櫃,0.0,0.0,0.0
711102,上櫃,0.0,0.0,0.0
711103,上櫃,0.0,0.0,0.0
711104,上櫃,0.0,0.0,0.0
711105,上櫃,0.0,0.0,0.0
711106,上櫃,0.0,0.0,0.0
711107,上櫃,0.0,0.0,0.0
711108,上櫃,0.0,0.0,0.0
711109,上櫃,0.0,0.0,0.0
711110,上櫃,0.0,0.0,0.0
711111,上櫃,0.0,0.0,0.0
711112,上櫃,0.0,0.0,0.0
711113,上櫃,0.6,0.6,1.0
711114,上櫃,0.0,0.0,0.0
711115,上櫃,0.44,0.44,48.0
711116,上櫃,0.57,0.59,127.0
711117,上櫃,0.0,0.0,0.0
711118,上櫃,0.34,0.33,23.0
711119,上櫃,0.0,0.0,0.0
711120,上櫃,0.0,0.0,0.0
711121,上櫃,0.0,0.0,0.0
711122,上櫃,0.55,0.52,1425.0
711123,上櫃,0.52,0.52,135.0
711124,上櫃,0.0,0.0,0.0
711125,上櫃,0.94,0.94,1.0
711126,上櫃,0.65,0.65,20.0
711127,上櫃,0.6,0.6,10.0
711128,上櫃,1.45,1.51,31.0
711129,上櫃,1.33,1.36,171.0
711130,上櫃,0.0,0.0,0.0
711131,上櫃,0.64,0.53,254.0
711132,上櫃,0.49,0.49,19.0
711133,上櫃,1.26,1.27,167.0
711134,上櫃,0.54,0.54,40.0
711135,上櫃,0.83,0.83,7.0
711136,上櫃,1.7,1.7,20.0
711137,上櫃,1.41,1.33,205.0
711138,上櫃,0.58,0.55,15.0
711139,上櫃,0.0,0.0,0.0
711140,上櫃,0.0,0.0,0.0
711141,上櫃,0.88,0.87,17.0
711142,上櫃,0.0,0.0,0.0
711143,上櫃,0.0,0.0,0.0
711144,上櫃,1.83,1.9,328.0
711145,上櫃,0.0,0.0,0.0
711146,上櫃,0.0,0.0,0.0
711147,上櫃,0.55,0.55,30.0
711148,上櫃,0.91,0.93,69.0
711149,上櫃,0.0,0.0,0.0
711150,上櫃,0.84,0.8,23.0
711151,上櫃,0.0,0.0,0.0
711152,上櫃,1.15,1.15,4.0
711153,上櫃,1.58,1.57,157.0
711154,上櫃,0.0,0.0,0.0
711155,上櫃,0.0,0.0,0.0
711156,上櫃,1.08,1.08,262.0
711157,上櫃,0.91,0.88,35.0
711158,上櫃,1.35,1.3,310.0
711159,上櫃,2.26,2.2,726.0
711160,上櫃,1.83,1.87,60.0
711161,上櫃,0.0,0.0,0.0
711162,上櫃,2.38,2.3,420.0
711163,上櫃,1.65,1.34,35.0
711164,上櫃,0.61,0.6,1121.0
711165,上櫃,0.64,0.59,4017.0
711166,上櫃,0.0,0.0,0.0
711167,上櫃,1.57,1.28,560.0
711168,上櫃,0.0,0.0,0.0
711169,上櫃,0.55,0.53,24.0
711170,上櫃,0.52,0.51,270.0
711171,上櫃,0.79,0.79,5.0
711172,上櫃,1.01,0.95,2528.0
711173,上櫃,0.0,0.0,0.0
711174,上櫃,0.63,0.59,1034.0
711175,上櫃,1.32,1.3,40.0
711176,上櫃,0.96,0.94,241.0
711177,上櫃,1.17,1.2,866.0
711178,上櫃,0.0,0.0,0.0
711179,上櫃,0.0,0.0,0.0
711180,上櫃,0.0,0.0,0.0
711181,上櫃,0.0,0.0,0.0
711182,上櫃,0.0,0.0,0.0
711183,上櫃,0.0,0.0,0.0
711184,上櫃,0.49,0.49,5.0
711185,上櫃,0.0,0.0,0.0
711186,上櫃,0.0,0.0,0.0
711187,上櫃,0.52,0.5,4.0
711188,上櫃,0.0,0.0,0.0
711189,上櫃,0.0,0.0,0.0
711190,上櫃,0.0,0.0,0.0
711191,上櫃,0.0,0.0,0.0
711192,上櫃,0.0,0.0,0.0
711193,上櫃,0.97,0.81,349.0
711194,上櫃,0.45,0.45,162.0
711195,上櫃,0.48,0.48,47.0
711196,上櫃,0.0,0.0,0.0
711197,上櫃,0.43,0.43,104.0
711198,上櫃,0.0,0.0,0.0
711199,上櫃,0.0,0.0,0.0
711200,上櫃,0.0,0.0,0.0
711201,上櫃,0.0,0.0,0.0
711202,上櫃,0.0,0.0,0.0
711203,上櫃,0.0,0.0,0.0
711204,上櫃,0.0,0.0,0.0
711205,上櫃,0.0,0.0,0.0
711206,上櫃,0.0,0.0,0.0
711207,上櫃,0.33,0.31,50.0
711208,上櫃,0.32,0.32,50.0
711209,上櫃,0.4,0.4,40.0
711210,上櫃,0.0,0.0,0.0
711211,上櫃,0.65,0.64,20.0
711212,上櫃,1.0,1.0,60.0
711213,上櫃,0.83,0.88,135.0
711214,上櫃,1.24,1.09,925.0
711215,上櫃,0.63,0.61,125.0
711216,上櫃,0.0,0.0,0.0
711217,上櫃,0.45,0.45,178.0
711218,上櫃,0.49,0.49,2.0
711219,上櫃,0.0,0.0,0.0
711220,上櫃,0.0,0.0,0.0
711221,上櫃,0.97,1.09,333.0
711222,上櫃,2.98,3.5,1304.0
711223,上櫃,2.32,2.17,37.0
711224,上櫃,0.0,0.0,0.0
711225,上櫃,0.8,0.8,1464.0
711226,上櫃,0.78,0.79,2350.0
711227,上櫃,0.0,0.0,0.0
711228,上櫃,0.47,0.43,157.0
711229,上櫃,0.38,0.34,306.0
711230,上櫃,0.0,0.0,0.0
711231,上櫃,0.84,0.85,723.0
711232,上櫃,0.0,0.0,0.0
711233,上櫃,1.64,1.27,114.0
711234,上櫃,2.25,1.92,104.0
711235,上櫃,0.0,0.0,0.0
711236,上櫃,0.73,0.81,238.0
711237,上櫃,0.73,0.69,25.0
711238,上櫃,0.0,0.0,0.0
711239,上櫃,0.0,0.0,0.0
711240,上櫃,0.0,0.0,0.0
711241,上櫃,1.15,0.94,328.0
711242,上櫃,1.44,1.41,138.0
711243,上櫃,1.68,1.71,78.0
711244,上櫃,0.68,0.68,4.0
711245,上櫃,0.0,0.0,0.0
711246,上櫃,0.0,0.0,0.0
711247,上櫃,1.38,1.41,166.0
711248,上櫃,2.57,2.41,31.0
711249,上櫃,0.0,0.0,0.0
711250,上櫃,0.71,0.72,66.0
711251,上櫃,0.0,0.0,0.0
711252,上櫃,0.83,0.82,60.0
711253,上櫃,0.0,0.0,0.0
711254,上櫃,0.92,0.86,60.0
711255,上櫃,0.0,0.0,0.0
711256,上櫃,1.05,1.07,358.0
711257,上櫃,0.49,0.49,499.0
711258,上櫃,0.58,0.54,28.0
711259,上櫃,0.54,0.5,426.0
711260,上櫃,0.0,0.0,0.0
711261,上櫃,1.43,1.19,1078.0
711262,上櫃,0.62,0.6,464.0
711263,上櫃,0.91,0.91,16.0
711264,上櫃,1.12,1.07,290.0
711265,上櫃,1.19,1.11,48.0
711266,上櫃,1.33,1.26,186.0
711267,上櫃,1.02,0.92,433.0
711268,上櫃,1.52,1.62,392.0
711269,上櫃,0.91,0.95,4.0
711270,上櫃,0.38,0.37,106.0
711271,上櫃,0.44,0.44,30.0
711272,上櫃,0.46,0.46,162.0
711273,上櫃,1.04,1.08,81.0
711274,上櫃,0.97,0.96,20.0
711275,上櫃,0.58,0.53,130.0
711276,上櫃,0.0,0.0,0.0
711277,上櫃,0.0,0.0,0.0
711278,上櫃,0.0,0.0,0.0
711279,上櫃,0.0,0.0,0.0
711280,上櫃,0.0,0.0,0.0
711281,上櫃,0.57,0.56,85.0
711282,上櫃,1.13,1.12,12.0
711283,上櫃,0.0,0.0,0.0
711284,上櫃,0.5,0.5,21.0
711285,上櫃,0.0,0.0,0.0
711286,上櫃,0.0,0.0,0.0
711287,上櫃,1.85,1.74,167.0
711288,上櫃,0.0,0.0,0.0
711289,上櫃,0.0,0.0,0.0
711290,上櫃,0.64,0.68,39.0
711291,上櫃,1.19,1.23,1425.0
711292,上櫃,0.63,0.59,2997.0
711293,上櫃,0.0,0.0,0.0
711294,上櫃,0.0,0.0,0.0
711295,上櫃,1.4,1.36,16.0
711296,上櫃,0.56,0.6,124.0
711297,上櫃,0.0,0.0,0.0
711298,上櫃,0.0,0.0,0.0
711299,上櫃,0.0,0.0,0.0
711300,上櫃,0.0,0.0,0.0
711301,上櫃,0.91,0.91,10.0
711302,上櫃,0.0,0.0,0.0
711303,上櫃,1.9,1.9,35.0
711304,上櫃,0.85,0.86,111.0
711305,上櫃,2.06,1.93,279.0
711306,上櫃,0.87,0.83,284.0
711307,上櫃,1.35,1.2,859.0
711308,上櫃,1.26,1.06,289.0
711309,上櫃,1.61,1.35,402.0
711310,上櫃,1.85,1.83,32.0
711311,上櫃,1.23,1.2,94.0
711312,上櫃,1.85,1.75,234.0
711313,上櫃,1.25,1.25,3.0
711314,上櫃,0.86,0.86,8.0
711315,上櫃,1.56,1.73,255.0
711316,上櫃,0.0,0.0,0.0
711317,上櫃,0.0,0.0,0.0
711318,上櫃,0.82,0.82,20.0
711319,上櫃,0.0,0.0,0.0
711320,上櫃,1.01,1.01,5.0
711321,上櫃,0.74,0.74,16.0
711322,上櫃,0.0,0.0,0.0
711323,上櫃,0.0,0.0,0.0
711324,上櫃,0.0,0.0,0.0
711325,上櫃,0.0,0.0,0.0
711326,上櫃,0.76,0.78,106.0
711327,上櫃,0.83,0.83,8.0
711328,上櫃,2.74,2.8,21.0
711329,上櫃,1.13,1.23,244.0
711330,上櫃,1.42,1.4,68.0
711331,上櫃,0.98,0.87,105.0
711332,上櫃,0.41,0.44,537.0
711333,上櫃,0.28,0.28,1.0
711334,上櫃,0.0,0.0,0.0
711335,上櫃,1.33,1.37,36.0
711336,上櫃,2.42,2.43,25.0
711337,上櫃,1.6,1.6,69.0
711338,上櫃,0.71,0.65,105.0
711339,上櫃,0.92,0.92,11.0
711340,上櫃,0.54,0.52,67.0
711341,上櫃,0.53,0.51,126.0
711342,上櫃,0.0,0.0,0.0
711343,上櫃,0.0,0.0,0.0
711344,上櫃,1.84,1.41,102.0
711345,上櫃,1.89,1.87,20.0
711346,上櫃,0.0,0.0,0.0
711347,上櫃,1.62,1.59,159.0
711348,上櫃,0.75,0.72,30.0
711349,上櫃,2.39,2.27,12.0
711350,上櫃,1.25,1.13,4029.0
711351,上櫃,0.55,0.55,20.0
711352,上櫃,0.0,0.0,0.0
711353,上櫃,0.35,0.32,454.0
711354,上櫃,0.45,0.41,176.0
711355,上櫃,1.15,1.1,160.0
711356,上櫃,1.32,1.32,55.0
711357,上櫃,0.0,0.0,0.0
711358,上櫃,0.0,0.0,0.0
711359,上櫃,0.0,0.0,0.0
711360,上櫃,0.35,0.35,29.0
711361,上櫃,4.2,4.05,264.0
711362,上櫃,1.73,1.77,49.0
711363,上櫃,0.47,0.47,66.0
711364,上櫃,1.04,0.98,123.0
711365,上櫃,1.37,1.39,120.0
711366,上櫃,0.72,0.71,26.0
711367,上櫃,0.57,0.57,34.0
711368,上櫃,1.5,1.5,7.0
711369,上櫃,0.74,0.74,2.0
711370,上櫃,0.0,0.0,0.0
711371,上櫃,1.24,1.24,31.0
711372,上櫃,0.0,0.0,0.0
711373,上櫃,1.31,1.26,135.0
711374,上櫃,1.55,1.55,52.0
711375,上櫃,1.29,1.32,12.0
711376,上櫃,0.0,0.0,0.0
711377,上櫃,1.77,1.79,70.0
711378,上櫃,0.0,0.0,0.0
711379,上櫃,0.71,0.71,2.0
711380,上櫃,0.85,0.83,20.0
711381,上櫃,0.0,0.0,0.0
711382,上櫃,1.48,1.43,35.0
711383,上櫃,2.1,2.03,378.0
711384,上櫃,0.86,0.93,24.0
711385,上櫃,1.26,1.26,23.0
711386,上櫃,3.03,2.26,95.0
711387,上櫃,2.14,2.16,248.0
711388,上櫃,1.51,1.33,147.0
711389,上櫃,1.76,1.85,216.0
711390,上櫃,1.75,1.77,61.0
711391,上櫃,0.0,0.0,0.0
711392,上櫃,0.87,0.7,1112.0
711393,上櫃,0.51,0.49,4.0
711394,上櫃,0.82,0.74,335.0
711395,上櫃,0.86,0.86,6.0
711396,上櫃,0.0,0.0,0.0
711397,上櫃,0.0,0.0,0.0
711398,上櫃,0.48,0.49,131.0
711399,上櫃,0.41,0.41,110.0
711400,上櫃,0.0,0.0,0.0
711401,上櫃,0.0,0.0,0.0
711402,上櫃,0.0,0.0,0.0
711403,上櫃,0.58,0.58,96.0
711404,上櫃,0.6,0.6,425.0
711405,上櫃,0.0,0.0,0.0
711406,上櫃,0.67,0.67,5.0
711407,上櫃,0.61,0.6,208.0
711408,上櫃,0.67,0.67,499.0
711409,上櫃,0.94,0.92,34.0
711410,上櫃,1.77,1.78,115.0
711411,上櫃,0.0,0.0,0.0
711412,上櫃,0.0,0.0,0.0
711413,上櫃,0.0,0.0,0.0
711414,上櫃,2.04,1.98,57.0
711415,上櫃,0.0,0.0,0.0
711416,上櫃,1.5,1.48,8.0
711417,上櫃,0.0,0.0,0.0
711418,上櫃,1.08,1.02,10.0
711419,上櫃,0.5,0.53,109.0
711420,上櫃,0.0,0.0,0.0
711421,上櫃,0.0,0.0,0.0
711422,上櫃,0.0,0.0,0.0
711423,上櫃,1.19,1.33,169.0
711424,上櫃,1.27,1.27,3.0
711425,上櫃,0.75,0.75,1.0
711426,上櫃,0.0,0.0,0.0
711427,上櫃,0.0,0.0,0.0
711428,上櫃,0.0,0.0,0.0
711429,上櫃,0.0,0.0,0.0
711430,上櫃,0.0,0.0,0.0
711431,上櫃,0.68,0.68,190.0
711432,上櫃,0.67,0.67,177.0
711433,上櫃,1.12,1.05,348.0
711434,上櫃,0.54,0.54,22.0
711435,上櫃,0.29,0.29,13.0
711436,上櫃,0.56,0.54,866.0
711437,上櫃,0.53,0.53,176.0
711438,上櫃,0.89,0.87,889.0
711439,上櫃,1.3,1.23,267.0
711440,上櫃,0.0,0.0,0.0
711441,上櫃,0.42,0.39,2264.0
711442,上櫃,0.68,0.65,149.0
711443,上櫃,0.0,0.0,0.0
711444,上櫃,0.0,0.0,0.0
711445,上櫃,0.0,0.0,0.0
711446,上櫃,0.0,0.0,0.0
711447,上櫃,0.0,0.0,0.0
711448,上櫃,0.0,0.0,0.0
711449,上櫃,0.67,0.68,119.0
711450,上櫃,0.0,0.0,0.0
711451,上櫃,0.55,0.55,60.0
711452,上櫃,0.66,0.66,15.0
711453,上櫃,0.0,0.0,0.0
711454,上櫃,0.92,0.77,31.0
711455,上櫃,0.0,0.0,0.0
711456,上櫃,0.49,0.47,71.0
711457,上櫃,0.83,0.7,220.0
711458,上櫃,0.81,0.81,62.0
711459,上櫃,1.09,1.1,11.0
711460,上櫃,0.0,0.0,0.0
711461,上櫃,0.0,0.0,0.0
711462,上櫃,0.0,0.0,0.0
711463,上櫃,1.0,1.0,10.0
711464,上櫃,1.53,1.54,19.0
711465,上櫃,0.0,0.0,0.0
711466,上櫃,0.0,0.0,0.0
711467,上櫃,0.45,0.43,227.0
711468,上櫃,0.0,0.0,0.0
711469,上櫃,0.35,0.32,494.0
711470,上櫃,0.33,0.33,200.0
711471,上櫃,0.0,0.0,0.0
711472,上櫃,0.0,0.0,0.0
711473,上櫃,0.0,0.0,0.0
711474,上櫃,0.0,0.0,0.0
711475,上櫃,0.0,0.0,0.0
711476,上櫃,0.0,0.0,0.0
711477,上櫃,0.69,0.67,6.0
711478,上櫃,0.0,0.0,0.0
711479,上櫃,0.14,0.15,20.0
711480,上櫃,0.39,0.37,164.0
711481,上櫃,0.84,0.68,761.0
711482,上櫃,2.66,2.23,328.0
711483,上櫃,1.08,1.08,20.0
711484,上櫃,0.7,0.68,162.0
711485,上櫃,1.3,1.25,74.0
711486,上櫃,2.18,2.1,2.0
711487,上櫃,0.75,0.68,42.0
711488,上櫃,0.98,0.85,779.0
711489,上櫃,1.28,1.2,80.0
711490,上櫃,0.0,0.0,0.0
711491,上櫃,1.28,1.15,29.0
711492,上櫃,1.12,1.13,545.0
711493,上櫃,1.77,1.5,207.0
711494,上櫃,0.0,0.0,0.0
711495,上櫃,0.0,0.0,0.0
711496,上櫃,0.0,0.0,0.0
711497,上櫃,1.15,1.03,74.0
711498,上櫃,3.2,2.68,50.0
711499,上櫃,0.0,0.0,0.0
711500,上櫃,0.0,0.0,0.0
711501,上櫃,2.2,2.06,245.0
711502,上櫃,0.0,0.0,0.0
711503,上櫃,1.88,1.96,229.0
711504,上櫃,0.58,0.58,25.0
711505,上櫃,1.32,1.27,1099.0
711506,上櫃,2.82,2.7,105.0
711507,上櫃,1.32,1.3,109.0
711508,上櫃,3.54,3.5,20.0
711509,上櫃,1.03,1.09,527.0
711510,上櫃,0.0,0.0,0.0
711511,上櫃,1.65,1.47,341.0
711512,上櫃,1.36,1.37,1794.0
711513,上櫃,0.45,0.46,295.0
711514,上櫃,0.0,0.0,0.0
711515,上櫃,0.71,0.65,260.0
711516,上櫃,1.08,0.92,1035.0
711517,上櫃,0.72,0.65,557.0
711518,上櫃,1.57,1.71,361.0
711519,上櫃,1.56,1.56,1.0
711520,上櫃,0.0,0.0,0.0
711521,上櫃,0.0,0.0,0.0
711522,上櫃,1.13,1.13,9.0
711523,上櫃,3.4,3.25,81.0
711524,上櫃,1.01,0.92,136.0
711525,上櫃,1.27,1.15,53.0
711526,上櫃,2.05,1.79,375.0
711527,上櫃,0.0,0.0,0.0
711528,上櫃,0.0,0.0,0.0
711529,上櫃,0.49,0.47,55.0
711530,上櫃,1.19,1.08,195.0
711531,上櫃,0.55,0.56,152.0
711532,上櫃,1.26,1.05,637.0
711533,上櫃,0.49,0.48,317.0
711534,上櫃,0.52,0.53,662.0
711535,上櫃,0.7,0.71,153.0
711536,上櫃,0.63,0.71,734.0
711537,上櫃,0.37,0.36,266.0
711538,上櫃,0.42,0.47,511.0
711539,上櫃,0.0,0.0,0.0
711540,上櫃,1.04,1.0,345.0
711541,上櫃,1.33,1.33,10.0
711542,上櫃,0.67,0.69,102.0
711543,上櫃,0.0,0.0,0.0
711544,上櫃,1.55,1.55,19.0
711545,上櫃,0.0,0.0,0.0
711546,上櫃,3.05,2.82,12.0
711547,上櫃,0.0,0.0,0.0
711548,上櫃,0.0,0.0,0.0
711549,上櫃,0.0,0.0,0.0
711550,上櫃,4.74,4.8,150.0
711551,上櫃,1.16,1.18,33.0
711552,上櫃,0.0,0.0,0.0
711553,上櫃,1.71,1.66,18.0
711554,上櫃,1.58,1.44,13.0
711555,上櫃,1.67,1.47,31.0
711556,上櫃,0.0,0.0,0.0
711557,上櫃,0.0,0.0,0.0
711558,上櫃,1.03,0.98,35.0
711559,上櫃,1.2,1.2,8.0
711560,上櫃,0.0,0.0,0.0
711561,上櫃,1.19,1.23,21.0
711562,上櫃,0.99,0.99,10.0
711563,上櫃,1.25,1.32,33.0
711564,上櫃,0.95,0.94,66.0
711565,上櫃,0.0,0.0,0.0
711566,上櫃,1.27,1.27,35.0
711567,上櫃,0.0,0.0,0.0
711568,上櫃,1.8,1.53,41.0
711569,上櫃,1.24,1.3,116.0
711570,上櫃,0.0,0.0,0.0
711571,上櫃,2.81,2.82,55.0
711572,上櫃,0.74,0.78,26.0
711573,上櫃,1.46,1.45,10.0
711574,上櫃,1.64,1.64,50.0
711575,上櫃,1.81,1.8,456.0
711576,上櫃,0.0,0.0,0.0
711577,上櫃,2.25,2.26,111.0
711578,上櫃,0.0,0.0,0.0
711579,上櫃,2.51,2.47,66.0
711580,上櫃,1.92,1.83,361.0
711581,上櫃,1.96,1.96,47.0
711582,上櫃,0.78,0.75,1722.0
711583,上櫃,2.2,2.34,165.0
711584,上櫃,2.65,2.57,120.0
711585,上櫃,1.8,1.91,38.0
711586,上櫃,1.47,1.48,126.0
711587,上櫃,1.57,1.56,472.0
711588,上櫃,1.14,1.19,224.0
711589,上櫃,2.25,2.25,6.0
711590,上櫃,1.19,1.24,23.0
711591,上櫃,2.43,2.38,266.0
711592,上櫃,4.6,4.6,200.0
711593,上櫃,0.69,0.7,268.0
711594,上櫃,0.0,0.0,0.0
711595,上櫃,0.0,0.0,0.0
711596,上櫃,1.19,1.07,43.0
711597,上櫃,0.0,0.0,0.0
711598,上櫃,0.0,0.0,0.0
711599,上櫃,0.71,0.7,35.0
711600,上櫃,1.01,0.91,297.0
711601,上櫃,0.68,0.62,55.0
711602,上櫃,0.48,0.47,1088.0
711603,上櫃,0.48,0.44,658.0
711604,上櫃,0.0,0.0,0.0
711605,上櫃,0.62,0.62,10.0
711606,上櫃,1.48,1.48,127.0
711607,上櫃,2.93,2.4,173.0
711608,上櫃,0.0,0.0,0.0
711609,上櫃,1.61,1.64,136.0
711610,上櫃,1.59,1.59,28.0
711611,上櫃,2.26,2.26,11.0
711612,上櫃,0.0,0.0,0.0
711613,上櫃,1.38,1.19,154.0
711614,上櫃,1.63,1.63,9.0
711615,上櫃,1.32,1.33,23.0
711616,上櫃,0.0,0.0,0.0
711617,上櫃,2.34,2.15,15.0
711618,上櫃,0.57,0.56,4337.0
711619,上櫃,1.7,1.74,298.0
711620,上櫃,0.0,0.0,0.0
711621,上櫃,1.39,1.39,184.0
711622,上櫃,1.0,0.9,119.0
711623,上櫃,1.43,1.55,37.0
711624,上櫃,1.62,1.59,531.0
711625,上櫃,1.88,1.86,4.0
711626,上櫃,1.45,1.43,125.0
711627,上櫃,1.33,1.23,218.0
711628,上櫃,1.3,1.38,485.0
711629,上櫃,0.0,0.0,0.0
711630,上櫃,4.13,3.74,93.0
711631,上櫃,0.0,0.0,0.0
711632,上櫃,1.13,1.16,110.0
711633,上櫃,4.71,4.61,35.0
711634,上櫃,1.45,1.38,57.0
711635,上櫃,0.92,0.92,200.0
711636,上櫃,0.0,0.0,0.0
711637,上櫃,0.0,0.0,0.0
711638,上櫃,1.11,1.11,23.0
711639,上櫃,2.12,2.14,25.0
711640,上櫃,0.76,0.76,28.0
711641,上櫃,0.99,0.99,1.0
711642,上櫃,0.0,0.0,0.0
711643,上櫃,0.0,0.0,0.0
711644,上櫃,1.79,1.83,439.0
711645,上櫃,0.0,0.0,0.0
711646,上櫃,0.0,0.0,0.0
711647,上櫃,0.74,0.71,216.0
711648,上櫃,0.0,0.0,0.0
711649,上櫃,0.0,0.0,0.0
711650,上櫃,2.89,2.71,1135.0
711651,上櫃,0.0,0.0,0.0
711652,上櫃,1.14,1.09,6.0
711653,上櫃,1.15,1.14,50.0
711654,上櫃,0.62,0.62,250.0
711655,上櫃,0.0,0.0,0.0
711656,上櫃,0.0,0.0,0.0
711657,上櫃,0.9,0.86,6.0
711658,上櫃,0.0,0.0,0.0
711659,上櫃,0.65,0.62,44.0
711660,上櫃,0.0,0.0,0.0
711661,上櫃,0.0,0.0,0.0
711662,上櫃,1.32,1.4,138.0
711663,上櫃,0.86,0.86,30.0
711664,上櫃,0.0,0.0,0.0
711665,上櫃,1.15,1.15,18.0
711666,上櫃,0.79,0.86,437.0
711667,上櫃,0.74,0.74,81.0
711668,上櫃,1.39,1.39,9.0
711669,上櫃,0.0,0.0,0.0
711670,上櫃,2.61,2.67,64.0
711671,上櫃,0.0,0.0,0.0
711672,上櫃,0.79,0.79,5.0
711673,上櫃,0.0,0.0,0.0
711674,上櫃,1.98,1.98,23.0
711675,上櫃,0.0,0.0,0.0
711676,上櫃,1.89,1.71,39.0
711677,上櫃,0.96,1.02,503.0
711678,上櫃,0.9,0.9,16.0
711679,上櫃,1.41,1.26,11.0
711680,上櫃,1.28,1.32,933.0
711681,上櫃,1.29,1.36,618.0
711682,上櫃,0.0,0.0,0.0
711683,上櫃,1.05,1.07,99.0
711684,上櫃,0.96,0.97,36.0
711685,上櫃,0.0,0.0,0.0
711686,上櫃,0.0,0.0,0.0
711687,上櫃,0.0,0.0,0.0
711688,上櫃,0.83,0.83,40.0
711689,上櫃,2.06,2.06,4.0
711690,上櫃,0.96,0.96,27.0
711691,上櫃,0.0,0.0,0.0
711692,上櫃,0.0,0.0,0.0
711693,上櫃,1.12,1.03,1887.0
711694,上櫃,0.98,0.97,33.0
711695,上櫃,0.43,0.43,499.0
711696,上櫃,1.46,1.49,203.0
711697,上櫃,1.02,1.05,92.0
711698,上櫃,1.05,1.05,1150.0
711699,上櫃,0.98,0.89,37.0
711700,上櫃,0.84,0.84,73.0
711701,上櫃,0.0,0.0,0.0
711702,上櫃,1.67,1.67,58.0
711703,上櫃,2.09,2.03,369.0
711704,上櫃,0.0,0.0,0.0
711705,上櫃,0.0,0.0,0.0
711706,上櫃,0.0,0.0,0.0
711707,上櫃,0.0,0.0,0.0
711708,上櫃,0.96,0.92,126.0
711709,上櫃,1.02,1.07,64.0
711710,上櫃,4.47,4.47,43.0
711711,上櫃,1.24,1.29,888.0
711712,上櫃,0.0,0.0,0.0
711713,上櫃,1.02,1.07,925.0
711714,上櫃,2.03,2.01,120.0
711715,上櫃,2.15,2.19,86.0
711716,上櫃,0.67,0.67,6.0
711717,上櫃,1.2,1.3,476.0
711718,上櫃,1.5,1.48,65.0
711719,上櫃,2.02,2.02,10.0
711720,上櫃,1.1,0.94,194.0
711721,上櫃,0.71,0.72,295.0
711722,上櫃,0.0,0.0,0.0
711723,上櫃,2.19,2.26,92.0
711724,上櫃,0.65,0.67,49.0
711725,上櫃,0.96,0.94,1083.0
711726,上櫃,0.0,0.0,0.0
711727,上櫃,1.4,1.44,70.0
711728,上櫃,0.0,0.0,0.0
711729,上櫃,0.0,0.0,0.0
711730,上櫃,1.18,1.18,1.0
711731,上櫃,1.39,1.39,148.0
711732,上櫃,0.0,0.0,0.0
711733,上櫃,1.31,1.24,117.0
711734,上櫃,1.92,1.92,37.0
711735,上櫃,1.68,1.68,10.0
711736,上櫃,2.91,2.91,9.0
711737,上櫃,0.0,0.0,0.0
711738,上櫃,0.63,0.56,260.0
711739,上櫃,0.0,0.0,0.0
711740,上櫃,0.72,0.71,435.0
711741,上櫃,0.59,0.59,94.0
711742,上櫃,0.6,0.63,210.0
711743,上櫃,0.6,0.63,106.0
711744,上櫃,0.63,0.63,184.0
711745,上櫃,0.61,0.61,715.0
711746,上櫃,0.96,0.96,10.0
711747,上櫃,0.0,0.0,0.0
711748,上櫃,0.0,0.0,0.0
711749,上櫃,7.4,7.0,89.0
711750,上櫃,6.5,6.55,5.0
711751,上櫃,0.0,0.0,0.0
711752,上櫃,7.6,6.8,7.0
711753,上櫃,7.3,6.7,6.0
711754,上櫃,2.23,2.23,5.0
711755,上櫃,0.99,1.03,30.0
711756,上櫃,3.01,2.84,915.0
711757,上櫃,0.0,0.0,0.0
711758,上櫃,1.23,1.38,143.0
711759,上櫃,1.49,1.41,13.0
711760,上櫃,2.19,2.19,130.0
711761,上櫃,1.17,1.27,13.0
711762,上櫃,0.0,0.0,0.0
711763,上櫃,0.0,0.0,0.0
711764,上櫃,0.0,0.0,0.0
711765,上櫃,0.82,0.84,509.0
711766,上櫃,0.0,0.0,0.0
711767,上櫃,0.0,0.0,0.0
711768,上櫃,0.0,0.0,0.0
711769,上櫃,2.42,2.56,234.0
711770,上櫃,0.7,0.7,135.0
711771,上櫃,1.1,1.1,23.0
711772,上櫃,0.0,0.0,0.0
711773,上櫃,0.97,0.97,30.0
711774,上櫃,0.0,0.0,0.0
711775,上櫃,0.96,0.84,257.0
711776,上櫃,0.0,0.0,0.0
711777,上櫃,0.0,0.0,0.0
711778,上櫃,1.14,1.05,291.0
711779,上櫃,1.12,1.11,81.0
711780,上櫃,1.62,1.7,184.0
711781,上櫃,1.62,1.66,62.0
711782,上櫃,1.57,1.62,274.0
711783,上櫃,1.6,1.52,108.0
711784,上櫃,0.83,0.87,1101.0
711785,上櫃,1.18,1.18,642.0
711786,上櫃,1.53,1.53,73.0
711787,上櫃,2.21,2.14,101.0
711788,上櫃,0.0,0.0,0.0
711789,上櫃,1.14,1.14,10.0
711790,上櫃,1.15,1.26,377.0
711791,上櫃,0.84,0.77,1660.0
711792,上櫃,0.9,0.93,127.0
711793,上櫃,1.65,1.58,26.0
711794,上櫃,0.0,0.0,0.0
711795,上櫃,0.0,0.0,0.0
711796,上櫃,0.75,0.75,5.0
711797,上櫃,1.81,1.42,530.0
711798,上櫃,0.81,0.83,42.0
711799,上櫃,1.0,1.0,49.0
711800,上櫃,0.83,0.91,1055.0
711801,上櫃,0.87,0.95,409.0
711802,上櫃,0.92,0.98,341.0
711803,上櫃,1.36,1.5,378.0
711804,上櫃,0.89,0.89,5.0
711805,上櫃,1.26,1.26,30.0
711806,上櫃,1.6,1.86,124.0
711807,上櫃,0.0,0.0,0.0
711808,上櫃,0.0,0.0,0.0
711809,上櫃,1.2,1.2,84.0
711810,上櫃,0.68,0.68,13.0
711811,上櫃,0.62,0.57,79.0
711812,上櫃,0.79,0.7,89.0
711813,上櫃,1.49,1.6,74.0
711814,上櫃,1.0,1.09,97.0
711815,上櫃,0.0,0.0,0.0
711816,上櫃,0.0,0.0,0.0
711817,上櫃,0.57,0.53,349.0
711818,上櫃,0.47,0.5,310.0
711819,上櫃,1.14,0.99,572.0
711820,上櫃,0.93,0.99,61.0
711821,上櫃,0.54,0.48,326.0
711822,上櫃,0.0,0.0,0.0
711823,上櫃,0.59,0.59,112.0
711824,上櫃,0.0,0.0,0.0
711825,上櫃,0.0,0.0,0.0
711826,上櫃,0.0,0.0,0.0
711827,上櫃,0.0,0.0,0.0
711828,上櫃,0.0,0.0,0.0
711829,上櫃,1.55,1.58,74.0
711830,上櫃,1.45,1.45,48.0
711831,上櫃,0.0,0.0,0.0
711832,上櫃,0.89,0.96,40.0
711833,上櫃,0.0,0.0,0.0
711834,上櫃,1.03,1.04,698.0
711835,上櫃,0.75,0.75,8.0
711836,上櫃,1.41,1.41,20.0
711837,上櫃,0.71,0.71,9.0
711838,上櫃,1.23,1.21,3.0
711839,上櫃,1.15,1.12,24.0
711840,上櫃,0.0,0.0,0.0
711841,上櫃,0.0,0.0,0.0
711842,上櫃,1.28,1.28,60.0
711843,上櫃,0.0,0.0,0.0
711844,上櫃,0.0,0.0,0.0
711845,上櫃,0.0,0.0,0.0
711846,上櫃,0.78,0.78,10.0
711847,上櫃,0.0,0.0,0.0
711848,上櫃,0.62,0.62,10.0
711849,上櫃,0.0,0.0,0.0
711850,上櫃,0.0,0.0,0.0
711851,上櫃,1.65,1.65,40.0
711852,上櫃,1.03,1.04,148.0
711853,上櫃,0.48,0.48,496.0
711854,上櫃,1.32,1.36,341.0
711855,上櫃,0.91,0.96,1041.0
711856,上櫃,1.35,1.37,362.0
711857,上櫃,1.16,1.17,817.0
711858,上櫃,1.35,1.35,100.0
711859,上櫃,1.27,1.25,276.0
711860,上櫃,1.54,1.49,499.0
711861,上櫃,1.14,1.36,2760.0
711862,上櫃,2.31,2.06,251.0
711863,上櫃,1.18,1.12,722.0
711864,上櫃,0.71,0.69,1058.0
711865,上櫃,0.78,0.78,13.0
711866,上櫃,0.87,0.85,80.0
711867,上櫃,2.36,2.37,52.0
711868,上櫃,1.49,1.44,198.0
711869,上櫃,1.45,1.3,209.0
711870,上櫃,1.87,2.14,288.0
711871,上櫃,0.0,0.0,0.0
711872,上櫃,0.0,0.0,0.0
711873,上櫃,2.17,2.32,44.0
711874,上櫃,1.45,1.45,10.0
711875,上櫃,2.1,1.79,131.0
711876,上櫃,2.75,2.15,100.0
711877,上櫃,2.64,2.86,42.0
711878,上櫃,0.0,0.0,0.0
711879,上櫃,1.11,1.11,27.0
711880,上櫃,1.88,2.01,29.0
711881,上櫃,1.75,1.69,301.0
711882,上櫃,0.0,0.0,0.0
711883,上櫃,0.0,0.0,0.0
711884,上櫃,1.55,1.57,32.0
711885,上櫃,1.91,2.18,32.0
711886,上櫃,0.0,0.0,0.0
711887,上櫃,0.99,0.92,1186.0
711888,上櫃,2.42,2.93,68.0
711889,上櫃,0.0,0.0,0.0
711890,上櫃,0.0,0.0,0.0
711891,上櫃,0.0,0.0,0.0
711892,上櫃,0.0,0.0,0.0
711893,上櫃,0.6,0.6,10.0
711894,上櫃,0.65,0.69,1117.0
711895,上櫃,0.0,0.0,0.0
711896,上櫃,0.63,0.66,94.0
711897,上櫃,0.57,0.55,184.0
711898,上櫃,0.69,0.67,17.0
711899,上櫃,1.3,1.29,42.0
711900,上櫃,3.75,3.69,58.0
711901,上櫃,1.71,1.73,725.0
711902,上櫃,1.25,1.45,581.0
711903,上櫃,1.34,1.41,403.0
711904,上櫃,1.42,1.57,207.0
711905,上櫃,0.0,0.0,0.0
711906,上櫃,0.0,0.0,0.0
711907,上櫃,0.0,0.0,0.0
711908,上櫃,1.03,1.0,46.0
711909,上櫃,1.29,1.29,49.0
711910,上櫃,1.49,1.59,98.0
711911,上櫃,2.18,2.19,30.0
711912,上櫃,0.0,0.0,0.0
711913,上櫃,1.18,1.17,31.0
711914,上櫃,1.49,1.35,171.0
711915,上櫃,1.73,1.73,2.0
711916,上櫃,2.55,2.37,50.0
711917,上櫃,0.0,0.0,0.0
711918,上櫃,0.0,0.0,0.0
711919,上櫃,3.22,3.17,111.0
711920,上櫃,0.0,0.0,0.0
711921,上櫃,0.98,0.91,526.0
711922,上櫃,0.0,0.0,0.0
711923,上櫃,1.22,1.14,768.0
711924,上櫃,1.91,1.6,539.0
711925,上櫃,1.34,1.39,332.0
711926,上櫃,2.27,2.28,578.0
711927,上櫃,2.19,2.2,253.0
711928,上櫃,1.54,1.51,460.0
711929,上櫃,1.43,1.37,486.0
711930,上櫃,0.0,0.0,0.0
711931,上櫃,1.37,1.24,77.0
711932,上櫃,2.36,1.79,426.0
711933,上櫃,2.3,1.98,196.0
711934,上櫃,1.8,1.77,26.0
711935,上櫃,1.25,1.43,210.0
711936,上櫃,0.0,0.0,0.0
711937,上櫃,0.0,0.0,0.0
711938,上櫃,1.3,1.36,273.0
711939,上櫃,0.0,0.0,0.0
711940,上櫃,1.26,1.36,1045.0
711941,上櫃,1.17,1.17,19.0
711942,上櫃,0.92,1.0,126.0
711943,上櫃,0.8,0.82,131.0
711944,上櫃,1.18,1.16,255.0
711945,上櫃,0.0,0.0,0.0
711946,上櫃,0.85,0.85,245.0
711947,上櫃,0.73,0.73,5.0
711948,上櫃,0.0,0.0,0.0
711949,上櫃,1.18,1.19,136.0
711950,上櫃,1.85,1.85,20.0
711951,上櫃,1.39,1.32,34.0
711952,上櫃,0.0,0.0,0.0
711953,上櫃,1.49,1.36,227.0
711954,上櫃,0.74,0.66,298.0
711955,上櫃,3.0,2.38,794.0
711956,上櫃,0.0,0.0,0.0
711957,上櫃,2.36,2.62,148.0
711958,上櫃,2.13,2.04,13.0
711959,上櫃,3.82,3.23,133.0
711960,上櫃,2.71,2.53,69.0
711961,上櫃,1.47,1.42,240.0
711962,上櫃,1.38,1.37,499.0
711963,上櫃,1.49,1.43,197.0
711964,上櫃,0.71,0.67,489.0
711965,上櫃,1.23,1.1,40.0
711966,上櫃,1.29,1.29,37.0
711967,上櫃,0.0,0.0,0.0
711968,上櫃,2.02,1.85,49.0
711969,上櫃,2.34,2.25,342.0
711970,上櫃,0.0,0.0,0.0
711971,上櫃,2.77,2.65,80.0
711972,上櫃,2.26,2.42,117.0
711973,上櫃,3.79,3.79,1.0
711974,上櫃,3.45,3.32,70.0
711975,上櫃,2.32,2.3,8.0
711976,上櫃,0.0,0.0,0.0
711977,上櫃,2.08,2.18,376.0
711978,上櫃,3.72,3.61,13.0
711979,上櫃,0.0,0.0,0.0
711980,上櫃,1.42,1.42,12.0
711981,上櫃,1.73,1.63,50.0
711982,上櫃,1.38,1.29,131.0
711983,上櫃,2.6,2.48,433.0
711984,上櫃,2.53,2.52,51.0
711985,上櫃,2.57,2.73,94.0
711986,上櫃,2.23,2.19,256.0
711987,上櫃,2.32,2.34,181.0
711988,上櫃,2.2,2.11,251.0
711989,上櫃,0.0,0.0,0.0
711990,上櫃,0.0,0.0,0.0
711991,上櫃,2.56,2.82,65.0
711992,上櫃,2.54,2.67,114.0
711993,上櫃,2.25,2.24,21.0
711994,上櫃,2.29,2.21,62.0
711995,上櫃,1.11,1.02,303.0
711996,上櫃,0.0,0.0,0.0
711997,上櫃,2.72,2.69,323.0
711998,上櫃,1.61,1.54,52.0
711999,上櫃,2.0,2.0,2.0
712000,上櫃,2.22,2.22,15.0
712001,上櫃,0.0,0.0,0.0
712002,上櫃,0.0,0.0,0.0
712003,上櫃,1.94,1.94,3.0
712004,上櫃,1.6,1.45,50.0
712005,上櫃,0.0,0.0,0.0
712006,上櫃,2.03,1.99,26.0
712007,上櫃,3.47,3.44,6.0
712008,上櫃,0.0,0.0,0.0
712009,上櫃,3.94,3.99,49.0
712010,上櫃,1.49,1.48,112.0
712011,上櫃,1.55,1.55,8.0
712012,上櫃,0.0,0.0,0.0
712013,上櫃,0.0,0.0,0.0
712014,上櫃,1.65,1.65,26.0
712015,上櫃,2.04,1.76,217.0
712016,上櫃,1.53,1.51,7.0
712017,上櫃,0.0,0.0,0.0
712018,上櫃,0.0,0.0,0.0
712019,上櫃,0.0,0.0,0.0
712020,上櫃,2.01,1.88,100.0
712021,上櫃,0.0,0.0,0.0
712022,上櫃,2.51,2.51,2.0
712023,上櫃,2.08,2.01,11.0
712024,上櫃,0.97,0.88,19.0
712025,上櫃,2.05,1.7,145.0
712026,上櫃,1.41,1.46,258.0
712027,上櫃,1.91,1.91,278.0
712028,上櫃,1.41,1.44,415.0
712029,上櫃,1.07,1.06,367.0
712030,上櫃,2.66,2.64,144.0
712031,上櫃,2.41,2.42,76.0
712032,上櫃,0.0,0.0,0.0
712033,上櫃,2.61,2.56,71.0
712034,上櫃,2.27,2.14,143.0
712035,上櫃,2.63,2.63,193.0
712036,上櫃,1.54,1.52,69.0
712037,上櫃,2.3,2.2,27.0
712038,上櫃,1.95,1.95,18.0
712039,上櫃,0.91,0.88,130.0
712040,上櫃,0.0,0.0,0.0
712041,上櫃,0.0,0.0,0.0
712042,上櫃,0.0,0.0,0.0
712043,上櫃,0.0,0.0,0.0
712044,上櫃,1.59,1.61,383.0
712045,上櫃,1.2,1.11,17.0
712046,上櫃,0.0,0.0,0.0
712047,上櫃,2.45,2.36,10.0
712048,上櫃,1.88,1.86,106.0
712049,上櫃,2.02,1.97,68.0
712050,上櫃,3.33,3.47,30.0
712051,上櫃,3.09,2.94,393.0
712052,上櫃,0.0,0.0,0.0
712053,上櫃,2.23,1.93,64.0
712054,上櫃,1.95,1.65,95.0
712055,上櫃,2.13,2.09,47.0
712056,上櫃,1.86,1.84,17.0
712057,上櫃,1.8,1.8,478.0
712058,上櫃,2.39,2.47,324.0
712059,上櫃,0.0,0.0,0.0
712060,上櫃,2.6,2.54,15.0
712061,上櫃,1.61,1.57,43.0
712062,上櫃,2.13,2.15,13.0
712063,上櫃,0.83,0.81,205.0
712064,上櫃,1.09,1.05,74.0
712065,上櫃,3.31,2.99,105.0
712066,上櫃,1.42,1.3,158.0
712067,上櫃,1.15,1.01,16.0
712068,上櫃,3.16,2.97,91.0
712069,上櫃,0.0,0.0,0.0
712070,上櫃,2.05,1.93,36.0
712071,上櫃,1.81,1.81,2.0
712072,上櫃,2.32,2.34,46.0
712073,上櫃,3.27,3.35,45.0
712074,上櫃,3.03,2.94,164.0
712075,上櫃,1.34,1.35,656.0
712076,上櫃,1.72,1.68,77.0
712077,上櫃,1.87,1.63,7.0
712078,上櫃,2.15,2.15,18.0
712079,上櫃,0.0,0.0,0.0
712080,上櫃,1.07,1.07,10.0
712081,上櫃,1.13,1.13,47.0
712082,上櫃,2.27,2.27,20.0
712083,上櫃,2.35,2.25,907.0
712084,上櫃,2.23,2.1,90.0
712085,上櫃,3.85,3.85,9.0
712086,上櫃,2.43,2.43,116.0
712087,上櫃,3.13,3.13,142.0
712088,上櫃,3.13,3.17,47.0
712089,上櫃,3.02,3.01,271.0
712090,上櫃,4.04,3.98,148.0
712091,上櫃,2.85,2.76,54.0
712092,上櫃,0.0,0.0,0.0
712093,上櫃,2.23,2.2,60.0
712094,上櫃,0.0,0.0,0.0
712095,上櫃,2.67,2.6,39.0
712096,上櫃,0.0,0.0,0.0
712097,上櫃,0.0,0.0,0.0
712098,上櫃,2.92,2.45,14.0
712099,上櫃,2.19,1.95,92.0
712100,上櫃,0.0,0.0,0.0
712101,上櫃,0.0,0.0,0.0
712102,上櫃,1.88,1.73,42.0
712103,上櫃,3.58,3.53,15.0
712104,上櫃,1.77,1.88,120.0
712105,上櫃,1.84,1.83,71.0
712106,上櫃,2.02,2.17,105.0
712107,上櫃,2.21,2.35,123.0
712108,上櫃,1.2,1.11,56.0
712109,上櫃,1.71,1.44,231.0
712110,上櫃,0.0,0.0,0.0
712111,上櫃,0.0,0.0,0.0
712112,上櫃,1.11,1.09,96.0
712113,上櫃,1.27,1.29,392.0
712114,上櫃,1.13,1.12,670.0
712115,上櫃,0.0,0.0,0.0
712116,上櫃,0.96,0.96,32.0
712117,上櫃,0.94,0.95,76.0
712118,上櫃,1.1,1.12,157.0
712119,上櫃,0.0,0.0,0.0
712120,上櫃,0.94,0.94,3.0
712121,上櫃,0.0,0.0,0.0
712122,上櫃,0.0,0.0,0.0
712123,上櫃,1.11,0.96,28.0
712124,上櫃,1.66,1.55,12.0
712125,上櫃,1.39,1.39,4.0
712126,上櫃,1.75,1.79,21.0
712127,上櫃,1.27,1.25,245.0
712128,上櫃,0.0,0.0,0.0
712129,上櫃,3.18,3.14,83.0
712130,上櫃,2.04,2.02,16.0
712131,上櫃,3.21,3.17,29.0
712132,上櫃,0.0,0.0,0.0
712133,上櫃,1.52,1.46,19.0
712134,上櫃,1.69,1.69,26.0
712135,上櫃,1.13,1.19,201.0
712136,上櫃,3.21,3.74,100.0
712137,上櫃,1.91,2.02,166.0
712138,上櫃,0.8,0.75,149.0
712139,上櫃,1.25,1.38,72.0
712140,上櫃,0.0,0.0,0.0
712141,上櫃,1.33,1.34,7.0
712142,上櫃,2.77,2.18,130.0
712143,上櫃,0.0,0.0,0.0
712144,上櫃,0.0,0.0,0.0
712145,上櫃,1.15,1.15,31.0
712146,上櫃,0.0,0.0,0.0
712147,上櫃,0.0,0.0,0.0
712148,上櫃,1.63,1.57,37.0
712149,上櫃,0.0,0.0,0.0
712150,上櫃,0.0,0.0,0.0
712151,上櫃,0.0,0.0,0.0
712152,上櫃,1.86,1.87,10.0
712153,上櫃,2.73,2.73,3.0
712154,上櫃,1.97,1.97,50.0
712155,上櫃,0.0,0.0,0.0
712156,上櫃,0.0,0.0,0.0
712157,上櫃,0.0,0.0,0.0
712158,上櫃,0.0,0.0,0.0
712159,上櫃,3.22,3.22,10.0
712160,上櫃,0.0,0.0,0.0
712161,上櫃,0.0,0.0,0.0
712162,上櫃,0.0,0.0,0.0
712163,上櫃,3.29,2.81,25.0
712164,上櫃,0.0,0.0,0.0
712165,上櫃,0.0,0.0,0.0
712166,上櫃,2.5,2.37,22.0
712167,上櫃,0.0,0.0,0.0
712168,上櫃,0.0,0.0,0.0
712169,上櫃,2.88,3.04,34.0
712170,上櫃,0.0,0.0,0.0
712171,上櫃,0.93,0.92,182.0
712172,上櫃,0.96,0.94,156.0
712173,上櫃,0.0,0.0,0.0
712174,上櫃,0.0,0.0,0.0
712175,上櫃,2.78,2.78,4.0
712176,上櫃,0.0,0.0,0.0
712177,上櫃,0.0,0.0,0.0
712178,上櫃,0.79,0.82,145.0
712179,上櫃,1.06,1.15,254.0
712180,上櫃,0.0,0.0,0.0
712181,上櫃,1.14,1.14,2372.0
712182,上櫃,1.23,1.2,593.0
712183,上櫃,1.48,1.52,71.0
712184,上櫃,1.92,1.91,59.0
712185,上櫃,1.26,1.22,64.0
712186,上櫃,0.71,0.67,400.0
712187,上櫃,1.11,1.14,935.0
712188,上櫃,0.0,0.0,0.0
712189,上櫃,0.0,0.0,0.0
712190,上櫃,0.0,0.0,0.0
712191,上櫃,3.37,3.5,14.0
712192,上櫃,1.17,1.15,34.0
712193,上櫃,1.53,1.49,14.0
712194,上櫃,0.0,0.0,0.0
712195,上櫃,0.0,0.0,0.0
712196,上櫃,1.25,1.18,60.0
712197,上櫃,1.8,1.72,18.0
712198,上櫃,2.22,2.11,235.0
712199,上櫃,1.8,1.75,63.0
712200,上櫃,2.04,2.09,13.0
712201,上櫃,0.0,0.0,0.0
712202,上櫃,0.0,0.0,0.0
712203,上櫃,0.0,0.0,0.0
712204,上櫃,0.0,0.0,0.0
712205,上櫃,1.58,1.58,7.0
712206,上櫃,0.0,0.0,0.0
712207,上櫃,0.0,0.0,0.0
712208,上櫃,0.0,0.0,0.0
712209,上櫃,1.87,2.16,43.0
712210,上櫃,0.0,0.0,0.0
712211,上櫃,1.06,1.12,182.0
712212,上櫃,0.0,0.0,0.0
712213,上櫃,0.0,0.0,0.0
712214,上櫃,1.26,1.23,400.0
712215,上櫃,0.91,0.9,4.0
712216,上櫃,0.0,0.0,0.0
712217,上櫃,0.0,0.0,0.0
712218,上櫃,1.09,1.02,6.0
712219,上櫃,1.07,1.03,30.0
712220,上櫃,1.58,1.52,168.0
712221,上櫃,0.0,0.0,0.0
712222,上櫃,1.5,1.5,3.0
712223,上櫃,0.0,0.0,0.0
712224,上櫃,0.0,0.0,0.0
712225,上櫃,0.97,0.96,300.0
712226,上櫃,0.75,0.84,72.0
712227,上櫃,0.95,0.96,18.0
712228,上櫃,0.0,0.0,0.0
712229,上櫃,1.1,1.11,21.0
712230,上櫃,0.0,0.0,0.0
712231,上櫃,0.77,0.77,1.0
712232,上櫃,0.0,0.0,0.0
712233,上櫃,0.0,0.0,0.0
712234,上櫃,0.0,0.0,0.0
712235,上櫃,0.0,0.0,0.0
712236,上櫃,0.0,0.0,0.0
712237,上櫃,0.81,0.85,225.0
712238,上櫃,0.0,0.0,0.0
712239,上櫃,0.0,0.0,0.0
712240,上櫃,0.0,0.0,0.0
712241,上櫃,0.0,0.0,0.0
712242,上櫃,1.22,1.22,10.0
712243,上櫃,1.34,1.34,1.0
712244,上櫃,0.0,0.0,0.0
712245,上櫃,1.92,1.56,661.0
712246,上櫃,1.7,1.7,10.0
712247,上櫃,0.0,0.0,0.0
712248,上櫃,0.0,0.0,0.0
712249,上櫃,2.52,2.58,13.0
712250,上櫃,0.0,0.0,0.0
712251,上櫃,0.0,0.0,0.0
712252,上櫃,1.77,1.75,115.0
712253,上櫃,0.0,0.0,0.0
712254,上櫃,0.0,0.0,0.0
712255,上櫃,1.45,1.45,499.0
712256,上櫃,0.73,0.79,399.0
712257,上櫃,0.0,0.0,0.0
712258,上櫃,0.0,0.0,0.0
712259,上櫃,0.56,0.59,15.0
712260,上櫃,0.69,0.69,8.0
712261,上櫃,0.0,0.0,0.0
712262,上櫃,0.8,0.8,10.0
712263,上櫃,0.0,0.0,0.0
712264,上櫃,0.0,0.0,0.0
712265,上櫃,0.97,0.93,281.0
712266,上櫃,0.0,0.0,0.0
712267,上櫃,0.69,0.67,31.0
712268,上櫃,0.65,0.62,141.0
712269,上櫃,0.0,0.0,0.0
712270,上櫃,0.0,0.0,0.0
712271,上櫃,1.78,1.76,10.0
712272,上櫃,2.47,2.53,2.0
712273,上櫃,2.34,2.4,3.0
712274,上櫃,1.5,1.38,571.0
712275,上櫃,0.0,0.0,0.0
712276,上櫃,0.0,0.0,0.0
712277,上櫃,0.0,0.0,0.0
712278,上櫃,0.0,0.0,0.0
712279,上櫃,1.13,1.13,14.0
712280,上櫃,1.5,1.43,305.0
712281,上櫃,0.0,0.0,0.0
712282,上櫃,0.0,0.0,0.0
712283,上櫃,0.0,0.0,0.0
712284,上櫃,1.55,1.55,1.0
712285,上櫃,0.0,0.0,0.0
712286,上櫃,0.0,0.0,0.0
712287,上櫃,0.0,0.0,0.0
712288,上櫃,0.0,0.0,0.0
712289,上櫃,0.0,0.0,0.0
712290,上櫃,0.0,0.0,0.0
712291,上櫃,1.36,1.34,7.0
712292,上櫃,1.54,1.51,300.0
712293,上櫃,0.0,0.0,0.0
712294,上櫃,1.23,1.23,250.0
712295,上櫃,0.0,0.0,0.0
712296,上櫃,0.0,0.0,0.0
712297,上櫃,0.76,0.71,15.0
712298,上櫃,0.0,0.0,0.0
712299,上櫃,1.79,1.51,46.0
712300,上櫃,0.0,0.0,0.0
712301,上櫃,1.63,1.63,21.0
712302,上櫃,1.57,1.57,6.0
712303,上櫃,0.0,0.0,0.0
712304,上櫃,0.0,0.0,0.0
712305,上櫃,0.0,0.0,0.0
712306,上櫃,0.0,0.0,0.0
712307,上櫃,0.0,0.0,0.0
712308,上櫃,0.0,0.0,0.0
712309,上櫃,0.0,0.0,0.0
712310,上櫃,0.0,0.0,0.0
712311,上櫃,0.0,0.0,0.0
712312,上櫃,0.0,0.0,0.0
712313,上櫃,0.0,0.0,0.0
712314,上櫃,0.61,0.61,5.0
712315,上櫃,0.0,0.0,0.0
712316,上櫃,0.0,0.0,0.0
712317,上櫃,0.0,0.0,0.0
712318,上櫃,0.0,0.0,0.0
712319,上櫃,0.0,0.0,0.0
712320,上櫃,0.0,0.0,0.0
712321,上櫃,0.0,0.0,0.0
712322,上櫃,0.0,0.0,0.0
712323,上櫃,0.0,0.0,0.0
712324,上櫃,1.05,1.05,10.0
712325,上櫃,1.07,1.08,164.0
712326,上櫃,0.0,0.0,0.0
712327,上櫃,0.0,0.0,0.0
712328,上櫃,1.36,1.36,1.0
712329,上櫃,0.0,0.0,0.0
712330,上櫃,0.0,0.0,0.0
712331,上櫃,0.0,0.0,0.0
712332,上櫃,1.27,1.23,9.0
712333,上櫃,0.0,0.0,0.0
712334,上櫃,1.25,1.23,4.0
712335,上櫃,0.0,0.0,0.0
712336,上櫃,0.0,0.0,0.0
712337,上櫃,0.0,0.0,0.0
712338,上櫃,0.0,0.0,0.0
712339,上櫃,0.0,0.0,0.0
712340,上櫃,0.0,0.0,0.0
712341,上櫃,0.0,0.0,0.0
712342,上櫃,0.0,0.0,0.0
712343,上櫃,0.0,0.0,0.0
712344,上櫃,0.0,0.0,0.0
712345,上櫃,0.0,0.0,0.0
712346,上櫃,0.0,0.0,0.0
712347,上櫃,1.43,1.42,40.0
712348,上櫃,1.03,1.03,1.0
712349,上櫃,0.0,0.0,0.0
712350,上櫃,0.0,0.0,0.0
72124U,上櫃,0.0,0.0,0.0
722944,上櫃,0.0,0.0,0.0
723132,上櫃,0.0,0.0,0.0
723195,上櫃,0.0,0.0,0.0
723287,上櫃,0.0,0.0,0.0
723288,上櫃,0.0,0.0,0.0
723289,上櫃,0.0,0.0,0.0
72328U,上櫃,2.5,2.5,1.0
723290,上櫃,0.0,0.0,0.0
723292,上櫃,0.72,0.72,1.0
723411,上櫃,0.0,0.0,0.0
723422,上櫃,0.08,0.09,40.0
723425,上櫃,0.0,0.0,0.0
723454,上櫃,0.0,0.0,0.0
723457,上櫃,0.0,0.0,0.0
72348U,上櫃,0.0,0.0,0.0
723511,上櫃,0.0,0.0,0.0
723516,上櫃,0.0,0.0,0.0
723681,上櫃,0.63,0.63,101.0
723779,上櫃,0.0,0.0,0.0
723780,上櫃,0.0,0.0,0.0
72400U,上櫃,0.0,0.0,0.0
724017,上櫃,0.0,0.0,0.0
724019,上櫃,0.0,0.0,0.0
724023,上櫃,0.0,0.0,0.0
724061,上櫃,0.0,0.0,0.0
724062,上櫃,0.0,0.0,0.0
724063,上櫃,6.6,6.6,2.0
724064,上櫃,0.0,0.0,0.0
724128,上櫃,0.27,0.27,80.0
724130,上櫃,0.0,0.0,0.0
72414U,上櫃,0.0,0.0,0.0
724240,上櫃,0.0,0.0,0.0
724241,上櫃,0.0,0.0,0.0
724242,上櫃,0.0,0.0,0.0
724243,上櫃,0.0,0.0,0.0
724244,上櫃,0.0,0.0,0.0
724372,上櫃,0.0,0.0,0.0
724374,上櫃,0.0,0.0,0.0
724431,上櫃,0.0,0.0,0.0
724436,上櫃,0.0,0.0,0.0
724478,上櫃,0.0,0.0,0.0
724481,上櫃,0.81,0.81,1.0
724668,上櫃,0.0,0.0,0.0
724669,上櫃,0.0,0.0,0.0
724670,上櫃,0.0,0.0,0.0
72479U,上櫃,0.0,0.0,0.0
72485U,上櫃,0.0,0.0,0.0
724979,上櫃,0.0,0.0,0.0
72501U,上櫃,0.0,0.0,0.0
725048,上櫃,0.0,0.0,0.0
72523U,上櫃,0.0,0.0,0.0
72535U,上櫃,0.0,0.0,0.0
725632,上櫃,0.0,0.0,0.0
72572U,上櫃,0.0,0.0,0.0
725744,上櫃,0.1,0.1,1.0
72587U,上櫃,0.0,0.0,0.0
725881,上櫃,0.03,0.03,5.0
72600U,上櫃,0.03,0.03,1.0
72602U,上櫃,0.0,0.0,0.0
726037,上櫃,0.0,0.0,0.0
726070,上櫃,0.0,0.0,0.0
72609U,上櫃,0.0,0.0,0.0
72610U,上櫃,0.65,0.67,1014.0
726119,上櫃,0.0,0.0,0.0
72614U,上櫃,0.0,0.0,0.0
726194,上櫃,0.0,0.0,0.0
72622U,上櫃,0.0,0.0,0.0
72629U,上櫃,0.12,0.12,88.0
72637U,上櫃,0.0,0.0,0.0
72638U,上櫃,0.0,0.0,0.0
72650U,上櫃,0.2,0.2,40.0
72651U,上櫃,0.0,0.0,0.0
72662U,上櫃,0.0,0.0,0.0
72665U,上櫃,0.0,0.0,0.0
72667U,上櫃,0.0,0.0,0.0
72671U,上櫃,0.0,0.0,0.0
72675U,上櫃,0.0,0.0,0.0
72680U,上櫃,0.0,0.0,0.0
72682U,上櫃,0.0,0.0,0.0
72688U,上櫃,0.0,0.0,0.0
72690U,上櫃,0.0,0.0,0.0
72691U,上櫃,0.01,0.01,419.0
726924,上櫃,0.0,0.0,0.0
726925,上櫃,0.0,0.0,0.0
726926,上櫃,0.0,0.0,0.0
726927,上櫃,0.07,0.14,2.0
72692U,上櫃,0.05,0.05,662.0
72693U,上櫃,0.0,0.0,0.0
72697U,上櫃,0.0,0.0,0.0
72700U,上櫃,0.0,0.0,0.0
72704U,上櫃,0.0,0.0,0.0
72707U,上櫃,0.02,0.02,66.0
727095,上櫃,0.24,0.24,1.0
72713U,上櫃,0.96,0.96,30.0
72718U,上櫃,0.0,0.0,0.0
72721U,上櫃,0.0,0.0,0.0
72722U,上櫃,0.0,0.0,0.0
72723U,上櫃,0.0,0.0,0.0
72724U,上櫃,0.0,0.0,0.0
72725U,上櫃,0.0,0.0,0.0
72726U,上櫃,0.0,0.0,0.0
72727U,上櫃,0.0,0.0,0.0
72729U,上櫃,0.0,0.0,0.0
72730U,上櫃,0.0,0.0,0.0
72731U,上櫃,0.0,0.0,0.0
72732U,上櫃,0.0,0.0,0.0
72733U,上櫃,0.22,0.24,9.0
72735U,上櫃,0.56,0.61,181.0
72736U,上櫃,0.0,0.0,0.0
72737U,上櫃,1.14,1.24,150.0
72738U,上櫃,0.0,0.0,0.0
72740U,上櫃,0.0,0.0,0.0
72741U,上櫃,0.0,0.0,0.0
72742U,上櫃,0.0,0.0,0.0
72743U,上櫃,0.0,0.0,0.0
72747U,上櫃,0.0,0.0,0.0
72748U,上櫃,0.0,0.0,0.0
72749U,上櫃,1.1,1.14,12.0
72753U,上櫃,0.0,0.0,0.0
72754U,上櫃,0.0,0.0,0.0
72756U,上櫃,0.0,0.0,0.0
72757U,上櫃,0.0,0.0,0.0
72758U,上櫃,0.0,0.0,0.0
72759U,上櫃,0.0,0.0,0.0
72760U,上櫃,0.0,0.0,0.0
72761U,上櫃,0.0,0.0,0.0
72762U,上櫃,0.0,0.0,0.0
72763U,上櫃,0.21,0.19,100.0
72764U,上櫃,0.0,0.0,0.0
72765U,上櫃,0.0,0.0,0.0
72766U,上櫃,0.0,0.0,0.0
72767U,上櫃,0.0,0.0,0.0
72769U,上櫃,0.0,0.0,0.0
72770U,上櫃,0.0,0.0,0.0
72771U,上櫃,0.0,0.0,0.0
72772U,上櫃,0.38,0.4,200.0
72773U,上櫃,0.0,0.0,0.0
72774U,上櫃,0.0,0.0,0.0
72775U,上櫃,0.0,0.0,0.0
72776U,上櫃,0.0,0.0,0.0
72777U,上櫃,0.0,0.0,0.0
72778U,上櫃,0.0,0.0,0.0
72779U,上櫃,0.0,0.0,0.0
72780U,上櫃,0.0,0.0,0.0
72781U,上櫃,0.0,0.0,0.0
72782U,上櫃,0.55,0.55,2.0
72783U,上櫃,0.0,0.0,0.0
72784U,上櫃,0.0,0.0,0.0
72785U,上櫃,0.02,0.02,3.0
72786U,上櫃,0.0,0.0,0.0
72787U,上櫃,0.07,0.07,36.0
72788U,上櫃,0.0,0.0,0.0
72789U,上櫃,0.0,0.0,0.0
72790U,上櫃,0.85,0.84,5.0
72791U,上櫃,1.65,1.65,3.0
72792U,上櫃,0.0,0.0,0.0
72793U,上櫃,0.0,0.0,0.0
72794U,上櫃,0.88,0.99,215.0
72795U,上櫃,0.0,0.0,0.0
72796U,上櫃,0.0,0.0,0.0
72797U,上櫃,1.16,1.16,20.0
72798U,上櫃,0.0,0.0,0.0
72799U,上櫃,0.14,0.15,262.0
728003,上櫃,0.0,0.0,0.0
72800U,上櫃,0.0,0.0,0.0
72801U,上櫃,0.0,0.0,0.0
72802U,上櫃,0.0,0.0,0.0
72803U,上櫃,0.0,0.0,0.0
72804U,上櫃,0.0,0.0,0.0
72805U,上櫃,0.0,0.0,0.0
72806U,上櫃,0.0,0.0,0.0
72807U,上櫃,0.0,0.0,0.0
728086,上櫃,0.0,0.0,0.0
72808U,上櫃,0.0,0.0,0.0
72809U,上櫃,0.0,0.0,0.0
72810U,上櫃,0.0,0.0,0.0
72811U,上櫃,0.0,0.0,0.0
72812U,上櫃,1.02,1.06,40.0
72813U,上櫃,0.19,0.25,342.0
72814U,上櫃,0.76,0.83,140.0
72815U,上櫃,1.46,1.52,33.0
72816U,上櫃,1.96,1.96,3.0
72817U,上櫃,0.0,0.0,0.0
72818U,上櫃,0.0,0.0,0.0
72819U,上櫃,0.91,0.91,30.0
72820U,上櫃,0.0,0.0,0.0
72821U,上櫃,0.0,0.0,0.0
72822U,上櫃,0.0,0.0,0.0
72823U,上櫃,0.0,0.0,0.0
72824U,上櫃,0.0,0.0,0.0
72825U,上櫃,0.0,0.0,0.0
728264,上櫃,0.0,0.0,0.0
72826U,上櫃,0.01,0.01,1.0
72827U,上櫃,0.0,0.0,0.0
72828U,上櫃,0.0,0.0,0.0
72829U,上櫃,0.83,0.88,580.0
72830U,上櫃,0.16,0.2,718.0
72831U,上櫃,0.0,0.0,0.0
72832U,上櫃,0.25,0.25,40.0
72833U,上櫃,0.0,0.0,0.0
72834U,上櫃,0.0,0.0,0.0
72835U,上櫃,0.0,0.0,0.0
72836U,上櫃,0.64,0.61,4.0
72837U,上櫃,0.0,0.0,0.0
72838U,上櫃,0.0,0.0,0.0
72839U,上櫃,0.0,0.0,0.0
72840U,上櫃,0.0,0.0,0.0
72841U,上櫃,0.0,0.0,0.0
72842U,上櫃,0.89,0.89,20.0
72843U,上櫃,0.29,0.29,20.0
72844U,上櫃,0.0,0.0,0.0
72845U,上櫃,0.28,0.28,20.0
72846U,上櫃,0.0,0.0,0.0
72847U,上櫃,0.15,0.14,6.0
72848U,上櫃,0.0,0.0,0.0
72849U,上櫃,0.0,0.0,0.0
72850U,上櫃,0.27,0.27,315.0
728516,上櫃,0.04,0.04,10.0
72851U,上櫃,0.0,0.0,0.0
728520,上櫃,0.0,0.0,0.0
72852U,上櫃,0.0,0.0,0.0
72853U,上櫃,0.71,0.71,198.0
72854U,上櫃,0.2,0.22,146.0
72855U,上櫃,0.78,0.84,1227.0
72856U,上櫃,0.0,0.0,0.0
72857U,上櫃,0.78,0.83,151.0
72858U,上櫃,0.0,0.0,0.0
72859U,上櫃,0.65,0.66,72.0
72860U,上櫃,1.55,1.44,13.0
72861U,上櫃,0.0,0.0,0.0
72862U,上櫃,0.26,0.26,16.0
72863U,上櫃,0.18,0.21,68.0
72864U,上櫃,0.45,0.43,40.0
72865U,上櫃,0.12,0.12,10.0
72866U,上櫃,0.57,0.58,27.0
72867U,上櫃,0.66,0.66,59.0
72868U,上櫃,0.0,0.0,0.0
72869U,上櫃,0.77,0.87,183.0
72870U,上櫃,0.0,0.0,0.0
72871U,上櫃,0.0,0.0,0.0
72872U,上櫃,0.6,0.6,100.0
72873U,上櫃,0.85,0.85,20.0
72874U,上櫃,0.65,0.68,554.0
72875U,上櫃,0.35,0.35,11.0
728767,上櫃,0.0,0.0,0.0
728768,上櫃,0.0,0.0,0.0
72876U,上櫃,0.6,0.6,1.0
72877U,上櫃,1.19,1.19,11.0
72878U,上櫃,1.74,1.76,6.0
72879U,上櫃,0.74,0.83,34.0
72880U,上櫃,1.27,1.27,1.0
72881U,上櫃,0.62,0.62,21.0
72882U,上櫃,0.66,0.72,58.0
72883U,上櫃,0.86,0.88,848.0
72884U,上櫃,0.0,0.0,0.0
72885U,上櫃,0.0,0.0,0.0
72886U,上櫃,1.23,1.25,50.0
72887U,上櫃,0.0,0.0,0.0
72888U,上櫃,0.0,0.0,0.0
72889U,上櫃,0.65,0.64,826.0
72890U,上櫃,0.29,0.3,40.0
72891U,上櫃,2.1,2.34,67.0
728920,上櫃,0.0,0.0,0.0
72892U,上櫃,0.0,0.0,0.0
72893U,上櫃,0.0,0.0,0.0
72894U,上櫃,0.0,0.0,0.0
72895U,上櫃,0.0,0.0,0.0
728967,上櫃,0.0,0.0,0.0
72896U,上櫃,0.0,0.0,0.0
72897U,上櫃,0.0,0.0,0.0
72898U,上櫃,0.74,0.78,633.0
72899U,上櫃,0.0,0.0,0.0
72900U,上櫃,0.88,0.93,40.0
72901U,上櫃,1.03,1.07,54.0
72902U,上櫃,0.49,0.53,229.0
72903U,上櫃,1.14,1.17,6.0
72904U,上櫃,0.0,0.0,0.0
72905U,上櫃,0.0,0.0,0.0
72906U,上櫃,0.0,0.0,0.0
72907U,上櫃,0.75,0.76,19.0
72908U,上櫃,0.0,0.0,0.0
72909U,上櫃,0.66,0.68,12.0
72910U,上櫃,0.7,0.64,5.0
72911U,上櫃,0.87,0.88,10.0
72912U,上櫃,0.0,0.0,0.0
72913U,上櫃,0.0,0.0,0.0
72914U,上櫃,0.0,0.0,0.0
72915U,上櫃,1.47,1.52,135.0
72916U,上櫃,1.0,1.05,488.0
729170,上櫃,0.16,0.16,20.0
729171,上櫃,0.0,0.0,0.0
729172,上櫃,0.0,0.0,0.0
72917U,上櫃,0.78,0.82,702.0
729185,上櫃,0.0,0.0,0.0
729186,上櫃,2.6,2.52,7.0
729187,上櫃,1.99,2.13,59.0
72918U,上櫃,0.0,0.0,0.0
72919U,上櫃,1.27,1.32,12.0
72920U,上櫃,2.42,2.42,5.0
72921U,上櫃,1.31,1.31,103.0
72922U,上櫃,0.49,0.52,1298.0
72923U,上櫃,2.31,2.64,55.0
72924U,上櫃,0.0,0.0,0.0
72925U,上櫃,0.99,1.0,5.0
72926U,上櫃,0.0,0.0,0.0
72927U,上櫃,0.0,0.0,0.0
72928U,上櫃,0.95,0.95,119.0
72929U,上櫃,0.0,0.0,0.0
72930U,上櫃,0.0,0.0,0.0
729313,上櫃,9.75,9.75,1.0
72931U,上櫃,0.0,0.0,0.0
72932U,上櫃,1.66,1.65,12.0
72933U,上櫃,3.18,3.29,46.0
72934U,上櫃,0.0,0.0,0.0
72935U,上櫃,0.0,0.0,0.0
72936U,上櫃,1.67,1.89,136.0
72937U,上櫃,1.03,1.03,1.0
72938U,上櫃,1.43,1.51,16.0
72939U,上櫃,0.96,0.99,1019.0
72940U,上櫃,0.0,0.0,0.0
72941U,上櫃,1.04,1.11,111.0
72942U,上櫃,0.0,0.0,0.0
72943U,上櫃,1.86,1.94,59.0
72944U,上櫃,1.54,1.61,60.0
72945U,上櫃,2.72,2.76,30.0
72946U,上櫃,1.61,1.75,80.0
72947U,上櫃,0.0,0.0,0.0
72948U,上櫃,2.2,2.23,7.0
72949U,上櫃,1.88,1.92,12.0
72950U,上櫃,0.0,0.0,0.0
72951U,上櫃,1.97,1.97,10.0
72952U,上櫃,1.72,1.74,32.0
72953U,上櫃,0.0,0.0,0.0
72954U,上櫃,0.0,0.0,0.0
72955U,上櫃,1.08,1.26,16.0
72956U,上櫃,1.31,1.36,9.0
72957U,上櫃,1.94,1.94,5.0
72958U,上櫃,0.0,0.0,0.0
72959U,上櫃,1.17,1.28,87.0
72960U,上櫃,2.1,2.16,11.0
72961U,上櫃,0.0,0.0,0.0
72962U,上櫃,0.0,0.0,0.0
72963U,上櫃,0.0,0.0,0.0
72964U,上櫃,2.3,2.3,50.0
72965U,上櫃,1.91,1.91,6.0
72966U,上櫃,1.06,1.19,59.0
72967U,上櫃,1.63,1.63,2.0
72968U,上櫃,0.0,0.0,0.0
72969U,上櫃,0.0,0.0,0.0
72970U,上櫃,0.0,0.0,0.0
72971U,上櫃,2.74,2.76,6.0
72972U,上櫃,0.0,0.0,0.0
72973U,上櫃,1.01,1.01,3.0
72974U,上櫃,0.0,0.0,0.0
72975U,上櫃,1.17,1.16,23.0
72976U,上櫃,0.0,0.0,0.0
72977U,上櫃,1.27,1.36,129.0
72978U,上櫃,0.0,0.0,0.0
72979U,上櫃,0.92,0.92,20.0
729804,上櫃,0.0,0.0,0.0
729808,上櫃,0.0,0.0,0.0
72980U,上櫃,2.54,2.54,10.0
72981U,上櫃,1.21,1.18,59.0
72982U,上櫃,0.0,0.0,0.0
72983U,上櫃,0.0,0.0,0.0
72984U,上櫃,1.15,1.18,43.0
72985U,上櫃,1.3,1.31,832.0
72986U,上櫃,0.89,0.94,3.0
72987U,上櫃,1.05,1.08,40.0
72988U,上櫃,0.0,0.0,0.0
729890,上櫃,0.14,0.14,2.0
72989U,上櫃,1.03,1.05,65.0
72990U,上櫃,0.0,0.0,0.0
72991U,上櫃,0.0,0.0,0.0
72992U,上櫃,0.84,0.84,6.0
72993U,上櫃,0.0,0.0,0.0
72994U,上櫃,0.0,0.0,0.0
72995U,上櫃,0.0,0.0,0.0
729960,上櫃,0.0,0.0,0.0
729961,上櫃,0.0,0.0,0.0
729964,上櫃,2.74,2.74,3.0
729966,上櫃,0.0,0.0,0.0
729967,上櫃,0.0,0.0,0.0
72996U,上櫃,1.05,1.1,4.0
729971,上櫃,0.0,0.0,0.0
729973,上櫃,0.0,0.0,0.0
72997U,上櫃,1.19,1.25,60.0
72998U,上櫃,0.0,0.0,0.0
72999U,上櫃,0.0,0.0,0.0
73000U,上櫃,0.0,0.0,0.0
73001U,上櫃,0.0,0.0,0.0
73002U,上櫃,0.0,0.0,0.0
73003U,上櫃,0.99,0.99,20.0
730046,上櫃,0.0,0.0,0.0
730048,上櫃,0.0,0.0,0.0
73004U,上櫃,0.0,0.0,0.0
730051,上櫃,0.0,0.0,0.0
730052,上櫃,0.0,0.0,0.0
73005U,上櫃,0.0,0.0,0.0
73006U,上櫃,0.0,0.0,0.0
73007U,上櫃,0.0,0.0,0.0
73008U,上櫃,0.88,0.88,4.0
73009U,上櫃,0.54,0.54,80.0
73010U,上櫃,0.86,0.85,115.0
73011U,上櫃,0.9,0.9,499.0
73012U,上櫃,0.0,0.0,0.0
730135,上櫃,0.12,0.12,3.0
73013U,上櫃,0.0,0.0,0.0
730146,上櫃,0.0,0.0,0.0
73014U,上櫃,0.0,0.0,0.0
730152,上櫃,0.0,0.0,0.0
730157,上櫃,0.12,0.12,1.0
73015U,上櫃,0.0,0.0,0.0
730160,上櫃,0.0,0.0,0.0
730161,上櫃,0.0,0.0,0.0
73016U,上櫃,0.0,0.0,0.0
73017U,上櫃,0.0,0.0,0.0
73018U,上櫃,1.0,1.0,50.0
73019U,上櫃,0.0,0.0,0.0
73020U,上櫃,1.54,1.56,23.0
73021U,上櫃,0.0,0.0,0.0
73022U,上櫃,1.28,1.29,190.0
730235,上櫃,0.0,0.0,0.0
730238,上櫃,8.4,8.2,18.0
73023U,上櫃,0.0,0.0,0.0
730240,上櫃,0.0,0.0,0.0
73024U,上櫃,0.0,0.0,0.0
73025U,上櫃,1.26,1.26,60.0
73026U,上櫃,0.0,0.0,0.0
73027U,上櫃,0.0,0.0,0.0
73028U,上櫃,0.0,0.0,0.0
73029U,上櫃,0.0,0.0,0.0
73030U,上櫃,0.0,0.0,0.0
730317,上櫃,0.0,0.0,0.0
73031U,上櫃,0.0,0.0,0.0
730399,上櫃,0.0,0.0,0.0
730400,上櫃,0.0,0.0,0.0
730401,上櫃,0.0,0.0,0.0
730402,上櫃,0.0,0.0,0.0
730403,上櫃,0.0,0.0,0.0
730493,上櫃,0.0,0.0,0.0
730543,上櫃,0.0,0.0,0.0
730635,上櫃,0.56,0.61,3.0
730636,上櫃,3.01,3.01,16.0
730722,上櫃,0.0,0.0,0.0
730732,上櫃,0.0,0.0,0.0
730733,上櫃,0.03,0.03,39.0
730735,上櫃,0.0,0.0,0.0
730737,上櫃,0.0,0.0,0.0
731063,上櫃,0.0,0.0,0.0
731093,上櫃,0.0,0.0,0.0
731162,上櫃,0.0,0.0,0.0
731240,上櫃,0.0,0.0,0.0
731248,上櫃,0.0,0.0,0.0
731264,上櫃,0.0,0.0,0.0
731265,上櫃,0.0,0.0,0.0
731277,上櫃,0.0,0.0,0.0
731332,上櫃,0.0,0.0,0.0
731493,上櫃,0.0,0.0,0.0
731495,上櫃,0.0,0.0,0.0
731555,上櫃,0.0,0.0,0.0
731584,上櫃,0.0,0.0,0.0
731670,上櫃,0.0,0.0,0.0
731671,上櫃,0.0,0.0,0.0
731730,上櫃,0.94,0.94,10.0
731874,上櫃,0.0,0.0,0.0
731877,上櫃,0.0,0.0,0.0
731945,上櫃,0.0,0.0,0.0
731949,上櫃,0.0,0.0,0.0
732049,上櫃,0.0,0.0,0.0
732050,上櫃,0.0,0.0,0.0
732051,上櫃,0.0,0.0,0.0
732054,上櫃,0.0,0.0,0.0
732069,上櫃,0.0,0.0,0.0
732167,上櫃,0.0,0.0,0.0
732269,上櫃,0.0,0.0,0.0
732271,上櫃,0.0,0.0,0.0
732272,上櫃,0.28,0.29,109.0
732275,上櫃,0.0,0.0,0.0
732277,上櫃,0.0,0.0,0.0
732332,上櫃,0.0,0.0,0.0
732545,上櫃,0.33,0.33,15.0
732586,上櫃,0.0,0.0,0.0
732653,上櫃,0.0,0.0,0.0
733025,上櫃,0.0,0.0,0.0
733133,上櫃,0.03,0.03,10.0
733178,上櫃,0.0,0.0,0.0
733248,上櫃,0.0,0.0,0.0
733332,上櫃,0.0,0.0,0.0
733411,上櫃,0.0,0.0,0.0
733460,上櫃,1.07,1.05,24.0
733461,上櫃,0.63,0.52,325.0
733467,上櫃,0.0,0.0,0.0
733470,上櫃,0.0,0.0,0.0
733471,上櫃,1.52,1.36,2.0
733533,上櫃,0.0,0.0,0.0
733560,上櫃,0.0,0.0,0.0
733563,上櫃,0.0,0.0,0.0
733653,上櫃,0.01,0.01,15.0
733654,上櫃,0.0,0.0,0.0
733655,上櫃,0.0,0.0,0.0
733656,上櫃,0.0,0.0,0.0
733695,上櫃,0.52,0.55,61.0
733696,上櫃,0.54,0.59,858.0
733701,上櫃,0.0,0.0,0.0
733702,上櫃,0.0,0.0,0.0
733756,上櫃,0.0,0.0,0.0
733760,上櫃,0.32,0.44,26.0
733800,上櫃,0.0,0.0,0.0
733958,上櫃,0.33,0.33,151.0
733959,上櫃,0.0,0.0,0.0
733983,上櫃,2.12,2.12,5.0
734209,上櫃,2.78,2.85,66.0
734284,上櫃,0.0,0.0,0.0
734285,上櫃,0.0,0.0,0.0
734287,上櫃,1.95,1.88,16.0
734294,上櫃,0.0,0.0,0.0
734351,上櫃,6.3,6.3,1.0
734352,上櫃,0.0,0.0,0.0
734355,上櫃,3.77,3.77,10.0
734508,上櫃,0.0,0.0,0.0
734514,上櫃,0.0,0.0,0.0
734519,上櫃,0.0,0.0,0.0
734521,上櫃,0.0,0.0,0.0
734535,上櫃,0.0,0.0,0.0
734608,上櫃,0.0,0.0,0.0
734707,上櫃,0.0,0.0,0.0
734708,上櫃,0.0,0.0,0.0
734710,上櫃,0.0,0.0,0.0
734781,上櫃,0.0,0.0,0.0
734782,上櫃,0.0,0.0,0.0
734783,上櫃,0.0,0.0,0.0
734785,上櫃,3.38,3.35,44.0
734873,上櫃,1.2,1.2,15.0
734874,上櫃,0.0,0.0,0.0
734994,上櫃,0.4,0.54,172.0
735028,上櫃,1.11,1.12,322.0
735029,上櫃,0.0,0.0,0.0
735271,上櫃,0.0,0.0,0.0
735304,上櫃,0.0,0.0,0.0
735306,上櫃,0.0,0.0,0.0
735307,上櫃,0.0,0.0,0.0
735512,上櫃,2.38,2.3,36.0
735556,上櫃,0.0,0.0,0.0
735557,上櫃,9.9,9.9,15.0
735647,上櫃,0.0,0.0,0.0
735648,上櫃,0.0,0.0,0.0
735650,上櫃,0.0,0.0,0.0
735654,上櫃,0.0,0.0,0.0
735658,上櫃,0.0,0.0,0.0
735659,上櫃,0.0,0.0,0.0
735660,上櫃,0.0,0.0,0.0
735661,上櫃,0.0,0.0,0.0
735665,上櫃,0.0,0.0,0.0
735724,上櫃,0.0,0.0,0.0
735848,上櫃,0.0,0.0,0.0
735849,上櫃,0.53,0.53,4.0
735852,上櫃,0.0,0.0,0.0
735853,上櫃,0.0,0.0,0.0
735855,上櫃,2.94,2.94,10.0
735923,上櫃,0.0,0.0,0.0
735925,上櫃,0.0,0.0,0.0
736081,上櫃,0.44,0.44,10.0
736082,上櫃,0.0,0.0,0.0
736084,上櫃,0.0,0.0,0.0
736086,上櫃,0.0,0.0,0.0
736153,上櫃,0.0,0.0,0.0
736154,上櫃,0.6,0.6,3.0
736156,上櫃,0.0,0.0,0.0
736157,上櫃,0.0,0.0,0.0
736158,上櫃,0.0,0.0,0.0
736159,上櫃,0.0,0.0,0.0
736160,上櫃,9.3,9.0,8.0
736161,上櫃,0.0,0.0,0.0
736242,上櫃,0.0,0.0,0.0
736243,上櫃,0.34,0.3,15.0
736244,上櫃,6.6,6.3,11.0
736249,上櫃,0.0,0.0,0.0
736346,上櫃,0.0,0.0,0.0
736349,上櫃,0.0,0.0,0.0
736350,上櫃,0.0,0.0,0.0
736351,上櫃,0.15,0.15,34.0
736352,上櫃,0.0,0.0,0.0
736353,上櫃,0.0,0.0,0.0
736354,上櫃,0.26,0.27,2.0
736360,上櫃,0.65,0.61,9.0
736427,上櫃,0.16,0.16,10.0
736428,上櫃,0.2,0.19,119.0
736430,上櫃,0.0,0.0,0.0
736431,上櫃,0.0,0.0,0.0
736433,上櫃,0.0,0.0,0.0
736434,上櫃,0.0,0.0,0.0
736436,上櫃,3.49,3.49,1.0
736439,上櫃,0.0,0.0,0.0
736443,上櫃,0.0,0.0,0.0
736444,上櫃,0.0,0.0,0.0
736474,上櫃,0.0,0.0,0.0
736475,上櫃,0.0,0.0,0.0
736476,上櫃,0.0,0.0,0.0
736477,上櫃,0.0,0.0,0.0
736478,上櫃,2.88,2.88,4.0
736479,上櫃,0.88,0.81,17.0
736480,上櫃,0.15,0.15,1.0
736585,上櫃,0.0,0.0,0.0
736586,上櫃,0.0,0.0,0.0
736587,上櫃,0.0,0.0,0.0
736604,上櫃,0.0,0.0,0.0
736736,上櫃,0.8,0.84,11.0
736740,上櫃,0.0,0.0,0.0
736741,上櫃,0.0,0.0,0.0
736834,上櫃,0.0,0.0,0.0
736933,上櫃,0.0,0.0,0.0
736934,上櫃,5.35,5.45,36.0
736935,上櫃,0.0,0.0,0.0
736938,上櫃,3.01,3.01,1.0
736997,上櫃,0.0,0.0,0.0
737015,上櫃,0.0,0.0,0.0
737086,上櫃,0.0,0.0,0.0
737088,上櫃,0.0,0.0,0.0
737153,上櫃,0.0,0.0,0.0
737161,上櫃,0.0,0.0,0.0
737163,上櫃,0.0,0.0,0.0
737197,上櫃,0.0,0.0,0.0
737198,上櫃,0.0,0.0,0.0
737321,上櫃,0.5,0.4,17.0
737487,上櫃,0.0,0.0,0.0
737510,上櫃,0.0,0.0,0.0
737517,上櫃,0.0,0.0,0.0
737675,上櫃,0.1,0.18,15.0
737701,上櫃,0.0,0.0,0.0
737795,上櫃,0.0,0.0,0.0
737800,上櫃,0.0,0.0,0.0
737801,上櫃,1.98,1.98,1.0
737846,上櫃,0.0,0.0,0.0
737870,上櫃,0.0,0.0,0.0
737913,上櫃,0.0,0.0,0.0
737914,上櫃,0.0,0.0,0.0
737927,上櫃,0.0,0.0,0.0
737929,上櫃,0.0,0.0,0.0
737930,上櫃,1.43,1.34,2.0
737931,上櫃,0.0,0.0,0.0
737933,上櫃,0.0,0.0,0.0
738020,上櫃,0.0,0.0,0.0
738051,上櫃,0.0,0.0,0.0
738060,上櫃,0.0,0.0,0.0
738072,上櫃,0.0,0.0,0.0
738079,上櫃,0.0,0.0,0.0
738080,上櫃,0.0,0.0,0.0
738082,上櫃,0.0,0.0,0.0
738123,上櫃,0.0,0.0,0.0
738128,上櫃,0.0,0.0,0.0
738130,上櫃,0.0,0.0,0.0
738131,上櫃,0.0,0.0,0.0
738132,上櫃,0.0,0.0,0.0
738133,上櫃,0.0,0.0,0.0
738134,上櫃,0.0,0.0,0.0
738135,上櫃,0.0,0.0,0.0
738136,上櫃,0.0,0.0,0.0
738137,上櫃,0.0,0.0,0.0
738138,上櫃,0.0,0.0,0.0
738139,上櫃,0.0,0.0,0.0
738140,上櫃,0.0,0.0,0.0
738142,上櫃,0.13,0.13,4.0
738143,上櫃,0.0,0.0,0.0
738144,上櫃,0.2,0.09,28.0
738145,上櫃,0.34,0.31,83.0
738146,上櫃,0.0,0.0,0.0
738147,上櫃,0.0,0.0,0.0
738148,上櫃,0.0,0.0,0.0
738149,上櫃,0.0,0.0,0.0
738150,上櫃,0.1,0.1,20.0
738151,上櫃,0.0,0.0,0.0
738152,上櫃,0.0,0.0,0.0
738153,上櫃,0.0,0.0,0.0
738154,上櫃,0.0,0.0,0.0
738155,上櫃,0.0,0.0,0.0
738156,上櫃,0.0,0.0,0.0
738157,上櫃,0.0,0.0,0.0
738183,上櫃,0.0,0.0,0.0
738184,上櫃,0.0,0.0,0.0
738185,上櫃,6.25,6.25,10.0
738186,上櫃,0.0,0.0,0.0
738187,上櫃,0.0,0.0,0.0
738188,上櫃,0.0,0.0,0.0
738189,上櫃,0.0,0.0,0.0
738190,上櫃,0.32,0.29,12.0
738191,上櫃,0.0,0.0,0.0
738192,上櫃,0.0,0.0,0.0
738193,上櫃,0.0,0.0,0.0
738194,上櫃,0.0,0.0,0.0
738195,上櫃,0.0,0.0,0.0
738196,上櫃,0.0,0.0,0.0
738197,上櫃,0.0,0.0,0.0
738198,上櫃,0.0,0.0,0.0
738202,上櫃,0.0,0.0,0.0
738226,上櫃,0.0,0.0,0.0
738269,上櫃,0.0,0.0,0.0
738281,上櫃,0.0,0.0,0.0
738282,上櫃,0.0,0.0,0.0
738283,上櫃,0.0,0.0,0.0
738284,上櫃,0.0,0.0,0.0
738285,上櫃,0.0,0.0,0.0
738286,上櫃,0.0,0.0,0.0
738287,上櫃,0.0,0.0,0.0
738288,上櫃,0.35,0.35,9.0
738289,上櫃,0.3,0.3,116.0
738291,上櫃,0.0,0.0,0.0
738292,上櫃,0.0,0.0,0.0
738293,上櫃,0.0,0.0,0.0
738296,上櫃,0.0,0.0,0.0
738299,上櫃,0.21,0.2,50.0
738373,上櫃,0.0,0.0,0.0
738439,上櫃,3.15,3.15,10.0
738442,上櫃,0.0,0.0,0.0
738465,上櫃,0.0,0.0,0.0
738491,上櫃,0.0,0.0,0.0
738497,上櫃,0.0,0.0,0.0
738503,上櫃,0.0,0.0,0.0
738557,上櫃,0.0,0.0,0.0
738567,上櫃,0.0,0.0,0.0
738588,上櫃,0.0,0.0,0.0
738605,上櫃,0.0,0.0,0.0
738619,上櫃,0.0,0.0,0.0
738651,上櫃,0.0,0.0,0.0
738653,上櫃,0.0,0.0,0.0
738654,上櫃,0.0,0.0,0.0
738655,上櫃,0.0,0.0,0.0
738658,上櫃,0.0,0.0,0.0
738661,上櫃,0.0,0.0,0.0
738663,上櫃,0.0,0.0,0.0
738675,上櫃,0.0,0.0,0.0
738690,上櫃,0.0,0.0,0.0
738720,上櫃,0.0,0.0,0.0
738726,上櫃,0.21,0.21,1.0
738736,上櫃,0.0,0.0,0.0
738737,上櫃,0.17,0.17,125.0
738739,上櫃,0.0,0.0,0.0
738740,上櫃,0.0,0.0,0.0
738741,上櫃,0.0,0.0,0.0
738742,上櫃,0.35,0.35,86.0
738743,上櫃,0.0,0.0,0.0
738744,上櫃,0.0,0.0,0.0
738745,上櫃,0.0,0.0,0.0
738746,上櫃,0.0,0.0,0.0
738747,上櫃,0.0,0.0,0.0
738748,上櫃,0.0,0.0,0.0
738749,上櫃,0.0,0.0,0.0
738750,上櫃,0.0,0.0,0.0
738751,上櫃,0.69,0.67,158.0
738753,上櫃,0.0,0.0,0.0
738754,上櫃,0.0,0.0,0.0
738755,上櫃,0.0,0.0,0.0
738756,上櫃,0.19,0.19,20.0
738757,上櫃,0.28,0.28,10.0
738758,上櫃,0.0,0.0,0.0
738759,上櫃,0.0,0.0,0.0
738760,上櫃,0.0,0.0,0.0
738761,上櫃,0.0,0.0,0.0
738762,上櫃,0.0,0.0,0.0
738764,上櫃,0.0,0.0,0.0
738765,上櫃,0.14,0.13,20.0
738767,上櫃,0.0,0.0,0.0
738776,上櫃,0.0,0.0,0.0
738781,上櫃,0.0,0.0,0.0
738802,上櫃,0.0,0.0,0.0
738807,上櫃,0.0,0.0,0.0
738808,上櫃,0.0,0.0,0.0
738870,上櫃,44.7,44.7,1.0
738874,上櫃,0.0,0.0,0.0
738898,上櫃,0.0,0.0,0.0
738899,上櫃,0.0,0.0,0.0
738929,上櫃,0.0,0.0,0.0
738931,上櫃,0.19,0.19,20.0
738932,上櫃,0.0,0.0,0.0
738933,上櫃,0.22,0.21,40.0
738934,上櫃,0.0,0.0,0.0
738938,上櫃,0.0,0.0,0.0
738939,上櫃,0.0,0.0,0.0
738940,上櫃,0.0,0.0,0.0
738941,上櫃,0.0,0.0,0.0
738942,上櫃,0.0,0.0,0.0
738943,上櫃,0.0,0.0,0.0
738944,上櫃,0.09,0.09,10.0
738945,上櫃,0.0,0.0,0.0
738946,上櫃,0.0,0.0,0.0
738947,上櫃,1.26,1.26,42.0
738963,上櫃,0.0,0.0,0.0
739002,上櫃,0.0,0.0,0.0
739045,上櫃,0.0,0.0,0.0
739053,上櫃,0.0,0.0,0.0
739057,上櫃,0.0,0.0,0.0
739063,上櫃,0.0,0.0,0.0
739071,上櫃,0.0,0.0,0.0
739073,上櫃,0.0,0.0,0.0
739105,上櫃,0.0,0.0,0.0
739106,上櫃,0.0,0.0,0.0
739116,上櫃,0.0,0.0,0.0
739122,上櫃,0.0,0.0,0.0
739123,上櫃,0.0,0.0,0.0
739131,上櫃,0.0,0.0,0.0
739161,上櫃,0.0,0.0,0.0
739209,上櫃,0.0,0.0,0.0
739217,上櫃,0.0,0.0,0.0
739284,上櫃,0.0,0.0,0.0
739303,上櫃,0.0,0.0,0.0
739372,上櫃,0.5,0.49,23.0
739373,上櫃,0.0,0.0,0.0
739374,上櫃,0.0,0.0,0.0
739375,上櫃,0.0,0.0,0.0
739376,上櫃,0.0,0.0,0.0
739378,上櫃,13.6,13.6,10.0
739379,上櫃,12.5,12.6,29.0
739380,上櫃,0.0,0.0,0.0
739381,上櫃,0.0,0.0,0.0
739382,上櫃,0.0,0.0,0.0
739383,上櫃,0.0,0.0,0.0
739384,上櫃,0.16,0.16,10.0
739385,上櫃,0.0,0.0,0.0
739386,上櫃,0.0,0.0,0.0
739387,上櫃,0.0,0.0,0.0
739388,上櫃,0.0,0.0,0.0
739389,上櫃,0.0,0.0,0.0
739404,上櫃,0.0,0.0,0.0
739419,上櫃,0.0,0.0,0.0
739425,上櫃,0.04,0.04,5.0
739433,上櫃,0.0,0.0,0.0
739441,上櫃,0.0,0.0,0.0
739442,上櫃,0.0,0.0,0.0
739443,上櫃,0.0,0.0,0.0
739444,上櫃,0.0,0.0,0.0
739445,上櫃,0.0,0.0,0.0
739446,上櫃,0.0,0.0,0.0
739447,上櫃,0.0,0.0,0.0
739448,上櫃,0.0,0.0,0.0
739451,上櫃,0.0,0.0,0.0
739452,上櫃,0.0,0.0,0.0
739453,上櫃,0.0,0.0,0.0
739454,上櫃,0.0,0.0,0.0
739455,上櫃,0.0,0.0,0.0
739456,上櫃,0.0,0.0,0.0
739457,上櫃,0.0,0.0,0.0
739458,上櫃,0.0,0.0,0.0
739459,上櫃,0.0,0.0,0.0
739460,上櫃,1.66,1.97,29.0
739478,上櫃,0.0,0.0,0.0
739519,上櫃,0.0,0.0,0.0
739520,上櫃,0.0,0.0,0.0
739521,上櫃,0.0,0.0,0.0
739522,上櫃,0.0,0.0,0.0
739523,上櫃,0.0,0.0,0.0
739549,上櫃,0.0,0.0,0.0
739581,上櫃,0.0,0.0,0.0
739598,上櫃,0.0,0.0,0.0
739634,上櫃,0.0,0.0,0.0
739639,上櫃,0.0,0.0,0.0
739640,上櫃,0.0,0.0,0.0
739641,上櫃,0.0,0.0,0.0
739642,上櫃,0.0,0.0,0.0
739643,上櫃,0.0,0.0,0.0
739644,上櫃,0.0,0.0,0.0
739645,上櫃,0.0,0.0,0.0
739646,上櫃,0.0,0.0,0.0
739647,上櫃,0.0,0.0,0.0
739648,上櫃,0.0,0.0,0.0
739649,上櫃,0.22,0.22,1.0
739650,上櫃,0.0,0.0,0.0
739651,上櫃,0.0,0.0,0.0
739652,上櫃,0.0,0.0,0.0
739696,上櫃,0.0,0.0,0.0
739709,上櫃,0.0,0.0,0.0
739715,上櫃,3.16,3.16,1.0
739716,上櫃,0.0,0.0,0.0
739718,上櫃,0.0,0.0,0.0
739723,上櫃,0.0,0.0,0.0
739724,上櫃,0.0,0.0,0.0
739742,上櫃,0.0,0.0,0.0
739750,上櫃,0.0,0.0,0.0
739751,上櫃,0.0,0.0,0.0
739806,上櫃,0.0,0.0,0.0
739825,上櫃,0.0,0.0,0.0
739826,上櫃,0.0,0.0,0.0
739841,上櫃,0.0,0.0,0.0
739842,上櫃,0.0,0.0,0.0
739850,上櫃,0.0,0.0,0.0
739856,上櫃,0.0,0.0,0.0
739858,上櫃,0.0,0.0,0.0
739913,上櫃,0.0,0.0,0.0
739986,上櫃,0.01,0.01,5.0
7402,上櫃,104.5,103.5,222.509
7547,上櫃,54.2,54.3,65.524
7556,上櫃,222.0,223.0,20.684
7584,上櫃,25.35,25.35,1.0
7642,上櫃,78.6,80.1,27.344
7703,上櫃,182.0,178.0,63.751
7704,上櫃,66.7,65.4,148.285
7708,上櫃,93.0,93.4,10.989
7709,上櫃,74.0,71.3,60.639
7712,上櫃,143.5,141.0,263.913
7713,上櫃,69.1,68.9,11.1
7714,上櫃,158.0,153.0,160.034
7715,上櫃,35.1,35.15,112.161
7716,上櫃,24.0,23.95,19.001
7717,上櫃,418.5,419.0,128.9
7718,上櫃,47.25,47.25,7.0
7723,上櫃,18.5,20.35,211.458
7728,上櫃,619.0,598.0,10.847
7734,上櫃,3465.0,3375.0,125.038
7738,上櫃,167.5,166.5,4.111
7743,上櫃,21.2,21.2,2.302
7744,上櫃,495.5,470.0,95.35
7747,上櫃,0.0,0.0,0.0
7751,上櫃,1450.0,1385.0,259.485
7753,上櫃,38.0,37.6,29.538
7757,上櫃,89.0,89.5,6.213
7767,上櫃,47.0,46.8,34.029
7770,上櫃,39.4,39.95,2.01
7772,上櫃,94.5,91.0,45.514
7777,上櫃,41.85,40.35,2576.638
7782,上櫃,0.0,0.0,0.005
7792,上櫃,220.0,207.0,227.329
7794,上櫃,30.0,29.3,16.02
7805,上櫃,642.0,644.0,30.887
7810,上櫃,203.0,200.5,34.724
7811,上櫃,71.0,71.1,33.054
7814,上櫃,30.85,30.15,38.708
7819,上櫃,34.65,34.8,15.109
7820,上櫃,110.0,110.0,17.06
7828,上櫃,1730.0,1710.0,88.326
7839,上櫃,46.0,45.0,4.0
7842,上櫃,81.5,83.3,54.788
8024,上櫃,14.7,14.4,26.347
8027,上櫃,181.5,172.0,2004.642
8032,上櫃,36.1,36.1,72.176
8034,上櫃,19.6,19.1,151.61
8038,上櫃,32.55,32.1,110.085
8040,上櫃,72.9,73.0,538.998
8042,上櫃,110.5,116.5,3999.699
8043,上櫃,132.0,126.0,3058.164
8044,上櫃,27.65,28.0,855.98
8047,上櫃,44.05,48.5,38.361
8048,上櫃,53.9,52.2,128.674
8049,上櫃,26.3,26.4,143.633
8050,上櫃,63.6,69.0,16275.861
8054,上櫃,86.6,82.8,1348.384
8059,上櫃,15.25,15.1,123.719
8064,上櫃,104.5,103.0,1978.931
8066,上櫃,0.0,0.0,1.533
8067,上櫃,12.9,13.35,11.45
8068,上櫃,18.2,17.9,152.708
8069,上櫃,195.0,196.0,17207.705
8071,上櫃,23.4,23.15,944.598
8074,上櫃,55.8,53.4,515.324
8076,上櫃,23.15,23.15,352.986
8077,上櫃,0.0,0.0,0.005
8080,上櫃,27.8,27.5,31.375
8083,上櫃,159.0,158.5,41.344
8084,上櫃,43.3,44.4,181.305
8085,上櫃,11.2,11.3,171.923
8086,上櫃,122.0,111.5,7335.466
8087,上櫃,29.45,29.5,4.454
8088,上櫃,48.5,47.1,2189.023
8089,上櫃,18.5,18.15,63.511
8091,上櫃,227.0,225.0,300.339
8092,上櫃,13.55,13.15,77.011
8093,上櫃,20.1,21.0,24.033
8096,上櫃,135.5,131.5,6936.428
8097,上櫃,51.2,51.8,44.1
8099,上櫃,58.6,58.1,75.448
8102,上櫃,69.7,68.3,7.0
8107,上櫃,11.55,11.65,20.097
8109,上櫃,132.0,132.5,268.679
8111,上櫃,61.6,59.4,5813.783
8121,上櫃,29.35,28.35,827.038
8147,上櫃,129.0,125.5,130.013
8155,上櫃,303.5,295.5,555.591
8171,上櫃,19.45,19.5,30.34
8176,上櫃,9.83,9.78,66.56
8182,上櫃,39.55,38.55,702.753
8183,上櫃,29.25,28.9,149.708
8227,上櫃,148.0,145.0,235.31
8234,上櫃,68.8,70.0,1691.885
8240,上櫃,42.1,42.35,393.78
8255,上櫃,144.0,141.0,322.697
8272,上櫃,65.8,64.4,11.12
8277,上櫃,8.12,8.1,193.46
8279,上櫃,90.2,89.0,7.932
8284,上櫃,62.5,62.2,8.197
8289,上櫃,43.2,41.9,301.532
8291,上櫃,41.0,41.0,53.505
8299,上櫃,2060.0,2020.0,7008.572
8342,上櫃,0.0,0.0,0.02
8349,上櫃,39.75,39.7,71.485
8349A,上櫃,45.3,45.25,2.0
8354,上櫃,15.3,15.15,47.945
8358,上櫃,393.0,352.0,31793.172
8383,上櫃,71.5,70.0,1867.946
8390,上櫃,98.5,97.0,338.944
8401,上櫃,22.9,22.75,21.37
8403,上櫃,18.95,18.85,107.025
8409,上櫃,18.15,18.35,12.104
8410,上櫃,31.3,31.6,50.24
8415,上櫃,38.2,38.05,376.258
8416,上櫃,167.5,169.5,6.105
8421,上櫃,14.5,15.3,268.043
8423,上櫃,18.05,18.0,12.81
8424,上櫃,68.8,69.2,38.141
8426,上櫃,21.45,21.4,9.724
8431,上櫃,49.9,48.05,281.304
8432,上櫃,51.2,50.8,45.09
8433,上櫃,54.1,54.9,11.16
8435,上櫃,54.0,54.0,121.633
8436,上櫃,120.5,117.0,837.941
8437,上櫃,9.44,9.1,16.069
8440,上櫃,19.6,19.55,33.187
8444,上櫃,5.55,5.35,23.0
8446,上櫃,86.0,85.1,44.27
8450,上櫃,15.0,15.1,31.869
8455,上櫃,24.15,24.0,2.0
8472,上櫃,66.6,68.9,30.098
8477,上櫃,15.95,15.65,10.106
8489,上櫃,22.6,22.9,13.574
8905,上櫃,34.0,34.75,6.418
8906,上櫃,25.95,26.55,3.05
8908,上櫃,39.6,39.5,33.43
8916,上櫃,43.5,42.9,119.416
8917,上櫃,0.0,0.0,0.0
8921,上櫃,17.3,17.3,1.0
8923,上櫃,18.8,18.8,1.02
8924,上櫃,51.7,51.5,91.789
8927,上櫃,21.0,21.05,295.569
8928,上櫃,22.6,22.85,16.054
8929,上櫃,13.3,13.3,9.034
8930,上櫃,30.85,30.9,23.166
8931,上櫃,40.75,40.75,14.131
8932,上櫃,99.5,98.0,1493.734
8933,上櫃,4.5,4.49,97.388
8935,上櫃,17.4,17.5,90.353
8936,上櫃,52.6,52.7,854.111
8937,上櫃,23.95,23.8,45.11
8938,上櫃,52.9,52.9,96.581
8941,上櫃,43.35,43.4,2.0
8942,上櫃,37.9,38.6,172.067
9949,上櫃,23.3,23.55,19.048
9950,上櫃,10.5,10.45,31.065
9951,上櫃,53.1,53.0,10.112
9960,上櫃,30.5,30.5,11.259
9962,上櫃,10.0,9.98,109.6
