code,market,open,close,lots
00400A,上市,11.71,11.86,75273.003
00401A,上市,11.18,11.24,16415.031
0050,上市,84.75,85.0,80696.269
0051,上市,119.2,120.45,73.834
0052,上市,50.5,50.7,43501.721
0053,上市,191.95,194.5,26.782
0055,上市,33.3,33.52,1005.85
0056,上市,40.53,40.8,55846.803
0057,上市,250.4,251.8,18.861
0061,上市,24.13,24.13,133.546
006203,上市,153.6,154.4,11.353
006204,上市,185.85,186.6,25.527
006205,上市,40.44,40.29,495.639
006206,上市,37.34,37.03,27.827
006207,上市,32.43,32.41,107.597
006208,上市,196.0,196.8,3639.775
00625K,上市,0.0,0.0,0.0
00631L,上市,25.71,25.98,186875.928
00632R,上市,12.68,12.63,69512.65
00633L,上市,50.4,50.8,3772.87
00634R,上市,3.15,3.12,210.902
00635U,上市,50.85,50.8,3887.854
00636,上市,28.05,28.15,794.72
00636K,上市,8.85,8.85,0.9
00637L,上市,20.78,20.95,26731.098
00638R,上市,6.76,6.71,308.697
00639,上市,16.62,16.74,738.624
00640L,上市,95.7,95.75,402.195
00641R,上市,4.0,3.99,3075.407
00642U,上市,26.5,26.62,8801.484
00643,上市,18.92,18.89,2463.762
00643K,上市,0.0,0.0,0.0
00645,上市,53.55,53.75,205.007
00646,上市,69.75,69.7,2592.733
00647L,上市,119.6,119.45,160.505
00648R,上市,4.26,4.26,381.246
00650L,上市,17.84,18.03,3929.362
00651R,上市,5.16,5.14,227.41
00652,上市,33.99,33.89,173.461
00653L,上市,48.0,47.92,275.579
00654R,上市,6.7,6.69,93.603
00655L,上市,35.01,35.42,1352.454
00656R,上市,5.95,5.9,53.669
00657,上市,69.25,69.9,71.171
00657K,上市,22.23,22.23,0.2
00660,上市,43.54,43.37,27.888
00661,上市,76.05,76.8,309.978
00662,上市,106.55,106.55,6672.093
00663L,上市,73.7,74.45,8559.46
00664R,上市,2.04,2.04,29212.551
00665L,上市,10.08,10.31,23205.634
00666R,上市,8.91,8.83,91.825
00668,上市,56.05,55.9,830.198
00668K,上市,17.7,17.7,0.2
00669R,上市,5.67,5.65,877.524
00670L,上市,167.5,167.6,2108.235
00671R,上市,2.75,2.75,10097.067
00673R,上市,14.14,14.12,13100.661
00675L,上市,223.55,226.0,2779.721
00676R,上市,7.0,6.97,3973.04
00678,上市,36.76,36.74,242.677
00680L,上市,7.14,7.11,10270.79
00681R,上市,20.84,20.84,5.3
00682U,上市,20.07,20.05,9.299
00683L,上市,20.74,20.62,43.25
00684R,上市,15.44,15.46,3.068
00685L,上市,201.45,203.45,870.064
00686R,上市,1.25,1.25,4418.047
00688L,上市,7.12,7.09,2470.65
00689R,上市,21.74,21.73,105.0
00690,上市,59.75,60.25,419.327
00692,上市,74.4,74.4,2502.871
00693U,上市,21.95,21.98,1236.243
00700,上市,17.71,17.93,246.96
00701,上市,29.52,29.85,1687.742
00702,上市,23.64,23.62,106.633
00703,上市,20.83,20.98,149.715
00706L,上市,19.51,19.5,1304.397
00707R,上市,0.0,0.0,0.0
00708L,上市,104.25,104.1,1865.789
00709,上市,38.65,38.81,96.006
00710B,上市,18.84,18.9,260.213
00711B,上市,16.2,16.16,252.229
00712,上市,9.05,9.04,25246.464
00713,上市,53.5,53.6,17390.765
00714,上市,21.3,21.26,26.588
00715L,上市,47.82,47.77,14707.703
00717,上市,15.12,15.14,311.629
00728,上市,49.6,50.65,228.072
00730,上市,23.96,24.12,563.924
00731,上市,72.8,72.85,1000.295
00733,上市,61.85,61.35,1589.93
00735,上市,77.05,77.8,1595.981
00736,上市,29.67,29.81,254.625
00737,上市,33.89,34.23,447.305
00738U,上市,65.15,65.55,5711.554
00739,上市,27.86,27.88,25.982
00752,上市,24.86,24.79,1410.96
00753L,上市,10.87,11.17,16960.339
00757,上市,118.8,118.8,3379.118
00762,上市,90.8,91.75,668.382
00763U,上市,33.02,33.1,1980.298
00770,上市,55.6,56.05,1607.397
00771,上市,16.16,16.13,18.362
00775B,上市,32.6,32.75,161.0
00783,上市,28.53,28.78,72.751
00830,上市,64.6,64.55,10570.837
00850,上市,70.0,70.5,1833.559
00851,上市,59.9,60.15,27.379
00852L,上市,30.27,30.22,502.067
00861,上市,72.05,72.3,590.583
00865B,上市,47.76,47.73,4572.779
00875,上市,38.36,38.8,270.695
00876,上市,70.45,71.7,436.99
00878,上市,23.72,23.8,99939.373
00881,上市,42.37,42.6,10513.548
00882,上市,15.83,15.78,4503.098
00885,上市,18.45,18.57,5794.718
00891,上市,27.66,28.07,12749.434
00892,上市,35.01,35.56,1884.863
00893,上市,36.78,37.26,2814.121
00894,上市,40.1,40.38,2316.496
00895,上市,43.5,43.54,1090.599
00896,上市,23.3,23.41,3207.879
00897,上市,10.24,10.25,1614.711
00898,上市,8.45,8.45,1018.1
00899,上市,24.81,24.74,285.588
00900,上市,15.01,15.02,30019.236
00901,上市,33.88,33.98,311.757
00902,上市,15.21,15.52,9597.568
00903,上市,17.35,17.47,929.578
00904,上市,32.25,32.68,6332.965
00905,上市,21.99,22.13,3112.639
00907,上市,14.89,14.87,1033.382
00908,上市,14.14,14.16,200.733
00909,上市,43.95,43.99,6144.377
00910,上市,67.85,68.05,1812.999
00911,上市,42.15,42.66,757.103
00912,上市,27.57,27.65,1083.615
00913,上市,34.95,35.32,1194.238
00915,上市,24.1,24.4,12999.792
00916,上市,26.69,26.78,490.951
00917,上市,21.63,21.75,978.413
00918,上市,23.1,23.26,44976.243
00919,上市,23.23,23.3,122385.867
00920,上市,23.8,23.96,348.017
00921,上市,20.1,20.15,858.468
00922,上市,31.48,31.52,29571.239
00923,上市,32.5,32.72,11647.814
00924,上市,29.8,29.81,3652.067
00926,上市,23.9,23.91,466.693
00927,上市,27.6,27.76,39210.299
00929,上市,20.98,21.05,130143.314
00930,上市,18.09,18.22,3857.105
00932,上市,15.52,15.56,3379.794
00934,上市,22.67,22.77,2961.466
00935,上市,44.0,44.51,6660.809
00936,上市,18.28,18.4,12572.562
00938,上市,19.84,19.85,644.315
00939,上市,16.39,16.45,14428.285
00940,上市,10.06,10.17,404518.607
00941,上市,23.97,23.96,1435.717
00943,上市,16.78,16.97,637.885
00944,上市,16.67,16.81,826.664
00945B,上市,14.58,14.56,5592.231
00946,上市,10.92,11.02,20291.224
00947,上市,26.07,26.7,6427.023
00949,上市,19.9,19.89,1104.672
00951,上市,15.23,15.47,4418.733
00952,上市,14.75,15.0,1869.478
00953B,上市,9.66,9.66,26182.112
00954,上市,16.26,16.5,2535.404
00956,上市,12.47,12.47,234.85
00960,上市,17.63,17.68,513.317
00961,上市,10.27,10.29,4770.585
00962,上市,11.88,11.94,494.458
00963,上市,12.93,12.88,994.788
00964,上市,13.91,13.93,2592.033
00965,上市,26.05,26.02,4253.438
00971,上市,15.96,15.98,1167.94
00972,上市,19.25,19.14,185.175
009800,上市,11.51,11.49,1937.212
009801,上市,11.23,11.25,2515.514
009802,上市,14.14,14.24,5444.418
009803,上市,17.6,17.67,801.325
009804,上市,18.85,18.88,4093.325
009805,上市,16.03,15.91,10203.552
009808,上市,24.45,24.57,870.139
009809,上市,13.6,13.71,470.791
00980A,上市,19.83,19.91,10503.255
009810,上市,19.31,19.31,262.766
009811,上市,11.86,11.88,4492.361
009812,上市,11.9,11.91,1333.664
009813,上市,10.58,10.57,9006.521
009816,上市,11.97,12.0,161953.301
009817,上市,9.5,9.5,2826.239
009818,上市,16.35,16.55,2082.172
00981A,上市,24.72,25.07,335318.478
00981T,上市,11.54,11.5,3820.216
00982A,上市,19.01,19.09,28955.069
00982D,上市,10.05,10.09,1063.408
00982T,上市,12.01,12.16,1756.43
00983A,上市,11.47,11.56,6608.513
00983D,上市,10.26,10.25,1947.285
00984A,上市,13.77,13.9,20745.618
00984D,上市,10.05,10.07,2744.909
00985A,上市,17.82,17.99,8061.596
00985B,上市,10.25,10.23,10275.09
00986A,上市,13.1,13.08,286.366
00987A,上市,14.91,14.9,7426.068
00988A,上市,15.45,15.48,82828.259
00989A,上市,14.97,15.07,4059.675
00990A,上市,14.55,14.57,25956.474
00991A,上市,14.45,14.54,47746.233
00992A,上市,15.56,15.68,76394.962
00993A,上市,11.76,11.95,30266.506
00994A,上市,15.0,15.18,19394.246
00995A,上市,14.06,14.3,9518.226
00996A,上市,11.26,11.41,13683.392
00997A,上市,10.5,10.38,81464.782
01001T,上市,11.92,11.95,173.0
01002T,上市,14.25,14.25,22.0
01004T,上市,10.93,10.93,10.0
01007T,上市,13.3,13.28,124.0
01009T,上市,5.75,5.75,10.0
01010T,上市,10.0,10.01,58.0
020000,上市,0.0,0.0,0.0
020011,上市,0.0,0.0,0.0
020012,上市,20.0,20.0,9.0
02001L,上市,87.3,89.2,23.0
02001R,上市,0.61,0.61,110.0
020020,上市,19.75,19.82,35.0
020028,上市,16.7,16.91,23.0
020029,上市,10.86,10.88,33.0
020030,上市,13.6,13.75,149.0
020031,上市,7.55,7.68,42.0
020032,上市,10.08,10.06,6.0
020034,上市,10.24,10.29,3.0
020036,上市,0.0,0.0,0.0
020037,上市,8.6,8.6,2.0
020038,上市,8.4,8.43,18.0
020039,上市,11.67,11.76,15.0
1101,上市,24.75,25.0,21772.98
1101B,上市,45.65,45.65,27.023
1102,上市,35.45,35.5,9143.578
1103,上市,13.85,13.9,228.987
1104,上市,29.35,29.35,332.405
1108,上市,14.85,14.85,268.057
1109,上市,15.6,15.45,171.221
1110,上市,15.75,15.95,282.835
1201,上市,13.35,13.3,341.179
1203,上市,42.4,42.9,68.878
1210,上市,55.1,54.8,1896.255
1213,上市,8.93,9.28,36.423
1215,上市,144.0,144.0,1073.724
1216,上市,72.8,73.0,8508.981
1217,上市,10.4,10.35,454.407
1218,上市,19.1,19.2,705.626
1219,上市,14.5,14.15,1177.674
1220,上市,12.75,12.75,82.847
1225,上市,34.1,34.05,173.783
1227,上市,30.0,29.9,680.944
1229,上市,43.9,44.3,1473.168
1231,上市,89.9,90.4,236.114
1232,上市,150.0,150.5,83.056
1233,上市,29.65,29.6,15.006
1234,上市,36.1,36.25,136.583
1235,上市,43.45,45.35,51.261
1236,上市,26.9,26.95,55.555
1256,上市,153.0,155.0,45.63
1301,上市,53.0,54.5,40659.384
1303,上市,89.8,90.5,93119.071
1304,上市,15.4,15.25,8171.643
1305,上市,16.95,16.1,10948.096
1307,上市,32.05,32.05,539.101
1308,上市,16.05,15.95,3957.228
1309,上市,21.25,20.75,10488.883
1310,上市,10.4,10.15,5711.142
1312,上市,14.5,14.1,13957.184
1312A,上市,23.2,23.1,10.0
1313,上市,12.65,12.35,8261.586
1314,上市,7.8,7.8,15671.642
1315,上市,64.7,64.7,39.676
1316,上市,12.25,12.2,2135.335
1319,上市,78.6,79.9,2121.655
1321,上市,33.25,33.1,127.108
1323,上市,21.7,21.3,107.237
1324,上市,11.4,11.4,296.034
1325,上市,27.1,27.0,128.985
1326,上市,50.6,52.1,34183.302
1337,上市,5.7,5.62,803.69
1338,上市,16.3,16.45,130.591
1339,上市,40.65,40.8,98.473
1340,上市,6.46,6.45,154.413
1341,上市,60.5,60.4,6.018
1342,上市,88.8,92.0,492.001
1402,上市,26.5,26.45,16950.019
1409,上市,16.9,17.05,12119.096
1410,上市,31.3,30.75,169.45
1413,上市,9.85,9.85,37.511
1414,上市,16.9,16.8,362.587
1416,上市,11.65,11.6,188.009
1417,上市,9.06,9.04,193.79
1418,上市,18.45,18.75,12.552
1419,上市,64.1,63.9,89.366
1423,上市,40.8,40.6,110.604
1432,上市,17.1,17.2,164.981
1434,上市,16.85,16.85,1928.076
1435,上市,14.55,14.6,3.232
1436,上市,53.4,53.3,228.93
1437,上市,30.5,30.5,75.245
1438,上市,29.6,28.7,38.89
1439,上市,27.8,27.5,17.835
1440,上市,13.6,13.55,1453.788
1441,上市,9.82,9.92,24.872
1442,上市,27.35,27.3,651.113
1443,上市,24.15,24.3,75.801
1444,上市,6.68,6.71,1245.341
1445,上市,13.05,13.0,56.984
1446,上市,16.35,16.8,125.571
1447,上市,5.32,5.44,1710.179
1449,上市,14.65,14.55,2744.182
1451,上市,17.8,17.55,327.912
1452,上市,11.85,11.95,126.51
1453,上市,12.2,12.2,77.819
1454,上市,13.0,13.3,117.029
1455,上市,8.87,9.18,1780.369
1456,上市,14.6,14.75,84.365
1457,上市,15.0,15.0,156.899
1459,上市,11.75,11.75,94.027
1460,上市,7.0,6.96,632.802
1463,上市,17.9,18.0,40.084
1464,上市,10.4,10.45,416.569
1465,上市,12.9,13.1,186.778
1466,上市,16.55,16.75,265.905
1467,上市,7.03,7.0,464.103
1468,上市,12.05,12.0,56.0
1470,上市,23.35,23.3,16.126
1471,上市,11.95,12.0,735.146
1472,上市,96.0,94.9,12.225
1473,上市,23.5,23.45,156.929
1474,上市,10.35,10.5,176.764
1475,上市,28.5,28.5,43.309
1476,上市,340.0,346.0,966.825
1477,上市,219.0,216.5,1616.443
1503,上市,196.5,196.0,1699.422
1504,上市,62.9,63.2,9239.786
1506,上市,11.25,11.05,148.686
1512,上市,7.39,7.44,132.44
1513,上市,151.0,155.0,4730.032
1514,上市,111.5,111.5,3451.366
1515,上市,23.1,23.2,243.842
1516,上市,20.2,20.0,32.614
1517,上市,11.25,11.2,224.709
1519,上市,879.0,872.0,5477.52
1521,上市,25.2,25.2,25.853
1522,上市,32.8,33.2,842.911
1522A,上市,50.6,50.6,2.0
1524,上市,29.5,29.3,946.845
1525,上市,62.1,60.7,23.512
1526,上市,16.8,16.85,112.341
1527,上市,32.85,32.95,206.179
1528,上市,31.3,29.8,52680.061
1529,上市,24.0,23.75,541.365
1530,上市,27.35,28.4,62.696
1531,上市,13.3,13.05,218.021
1532,上市,21.85,22.15,688.013
1533,上市,31.2,31.35,176.548
1535,上市,51.9,51.9,69.665
1536,上市,51.7,50.8,986.497
1537,上市,124.0,125.0,55.962
1538,上市,12.15,12.6,49.044
1539,上市,16.7,16.45,133.828
1540,上市,22.3,22.2,271.986
1541,上市,25.65,25.3,74.221
1558,上市,92.9,93.8,50.78
1560,上市,530.0,544.0,2824.498
1563,上市,42.5,42.8,421.653
1568,上市,25.35,25.3,213.593
1582,上市,103.0,101.5,5597.187
1583,上市,47.25,47.55,36.375
1587,上市,35.0,35.0,354.754
1590,上市,1220.0,1225.0,1959.373
1597,上市,119.5,117.0,6967.255
1598,上市,20.05,20.4,393.774
1603,上市,32.85,32.75,225.436
1604,上市,23.9,23.85,1040.925
1605,上市,32.65,32.1,14405.399
1608,上市,33.5,33.45,1546.271
1609,上市,34.45,34.5,2198.616
1611,上市,12.35,12.4,429.176
1612,上市,35.4,35.65,508.187
1614,上市,32.1,32.25,66.331
1615,上市,47.1,47.65,181.851
1616,上市,23.75,23.7,438.619
1617,上市,15.6,15.9,305.249
1618,上市,39.55,39.2,475.346
1623,上市,190.0,195.5,210.383
1626,上市,10.05,10.95,577.281
1702,上市,37.2,36.95,284.73
1707,上市,119.0,118.0,170.163
1708,上市,41.0,39.95,2444.481
1709,上市,19.25,19.1,618.987
1710,上市,13.85,13.85,2856.129
1711,上市,43.8,43.6,46353.052
1712,上市,42.45,42.85,504.491
1713,上市,48.4,48.3,158.053
1714,上市,9.93,9.86,2839.536
1717,上市,79.1,76.1,58538.693
1718,上市,7.09,7.03,3268.624
1720,上市,63.9,63.7,236.477
1721,上市,19.0,18.65,2614.799
1722,上市,45.75,45.65,2250.601
1723,上市,81.9,81.5,728.714
1725,上市,30.5,30.9,99.58
1726,上市,76.0,76.4,43.402
1727,上市,57.1,54.2,6285.444
1730,上市,52.6,52.8,31.175
1731,上市,21.9,21.9,55.817
1732,上市,26.15,26.2,50.316
1733,上市,30.0,29.95,165.8
1734,上市,31.9,32.1,502.223
1735,上市,29.2,28.1,1374.176
1736,上市,117.0,120.0,657.074
1737,上市,32.2,32.2,89.624
1752,上市,35.55,35.6,85.43
1760,上市,64.0,65.0,278.544
1762,上市,30.25,29.7,106.965
1773,上市,158.5,155.5,1067.151
1776,上市,16.3,16.3,101.241
1783,上市,41.8,41.95,66.796
1786,上市,63.3,64.9,130.428
1789,上市,21.3,21.6,993.789
1795,上市,235.0,236.0,2247.275
1802,上市,70.5,69.9,241025.94
1805,上市,10.95,11.0,46.429
1806,上市,8.48,8.44,313.637
1808,上市,30.25,30.35,904.069
1809,上市,27.5,27.1,3547.585
1810,上市,17.5,18.05,1467.866
1817,上市,38.95,38.85,44.492
1903,上市,49.15,49.45,165.076
1904,上市,19.15,18.9,1585.479
1905,上市,14.3,14.6,3291.81
1906,上市,12.0,11.8,86.327
1907,上市,26.4,25.95,925.34
1909,上市,9.65,9.69,1590.493
2002,上市,20.25,19.95,46230.149
2002A,上市,38.75,38.95,53.087
2006,上市,70.6,71.0,2592.951
2007,上市,8.01,8.03,348.842
2008,上市,27.5,27.45,44.949
2009,上市,41.1,41.25,1326.714
2010,上市,25.2,25.1,1293.854
2012,上市,15.9,15.95,65.543
2013,上市,44.3,44.1,136.453
2014,上市,18.65,18.55,5090.16
2015,上市,63.5,63.7,254.633
2017,上市,9.51,9.43,688.999
2020,上市,23.35,23.4,1238.226
2022,上市,8.92,8.86,813.379
2023,上市,14.05,14.0,2936.969
2024,上市,14.65,14.65,16.372
2025,上市,11.6,12.25,328.709
2027,上市,37.65,37.3,14305.515
2028,上市,19.2,19.5,186.92
2029,上市,20.8,20.75,135.208
2030,上市,16.6,16.45,733.458
2031,上市,40.9,41.0,727.991
2032,上市,16.85,16.45,501.481
2033,上市,16.5,16.6,151.064
2034,上市,20.65,20.75,1035.228
2038,上市,15.65,15.35,587.03
2049,上市,285.0,279.0,13390.552
2059,上市,3515.0,3445.0,615.442
2062,上市,22.2,21.9,408.491
2069,上市,18.45,18.5,245.656
2072,上市,177.5,185.0,866.29
2101,上市,36.75,36.45,1265.906
2102,上市,19.25,19.2,204.163
2103,上市,19.45,19.35,2603.589
2104,上市,11.55,11.5,2352.2
2105,上市,32.0,32.7,7021.674
2106,上市,18.6,18.65,515.993
2107,上市,25.85,26.1,454.028
2108,上市,26.1,26.0,667.561
2109,上市,14.7,14.75,74.445
2114,上市,89.6,89.3,13.355
2115,上市,21.6,21.6,257.162
2201,上市,27.3,27.25,6527.581
2204,上市,55.2,55.0,1574.877
2206,上市,59.1,58.8,816.291
2207,上市,517.0,516.0,349.162
2208,上市,20.5,20.8,4392.764
2211,上市,100.5,100.5,488.766
2227,上市,53.6,55.0,115.768
2228,上市,91.4,90.6,118.266
2231,上市,119.0,128.0,5236.512
2233,上市,229.0,231.5,902.316
2236,上市,125.5,129.5,800.813
2239,上市,23.45,23.55,76.233
2241,上市,28.6,27.9,364.186
2243,上市,23.2,23.2,933.456
2247,上市,238.0,236.0,96.237
2248,上市,53.2,52.8,42.34
2250,上市,64.2,63.8,41.83
2254,上市,69.5,69.6,25.154
2258,上市,28.45,28.25,1441.794
2301,上市,161.5,161.0,18577.52
2302,上市,18.25,18.3,574.827
2303,上市,66.5,68.3,282525.368
2305,上市,18.0,17.75,3864.745
2308,上市,1835.0,1845.0,13254.811
2312,上市,25.7,25.7,23712.991
2313,上市,265.5,260.0,50105.057
2314,上市,13.8,14.05,341.956
2316,上市,115.5,114.5,5480.751
2317,上市,207.5,207.0,45261.862
2321,上市,13.2,13.35,35.247
2323,上市,10.85,10.9,6363.587
2324,上市,30.5,29.4,66959.632
2327,上市,320.0,325.0,68355.051
2328,上市,45.4,45.3,2757.683
2329,上市,58.6,60.5,34583.221
2330,上市,2080.0,2085.0,35974.352
2331,上市,21.95,22.15,1936.04
2332,上市,15.3,15.45,3576.199
2337,上市,138.5,139.0,144760.855
2338,上市,44.6,46.35,4217.664
2340,上市,29.65,32.25,11175.026
2342,上市,29.9,30.05,1120.299
2344,上市,90.6,89.6,112136.484
2345,上市,2025.0,2035.0,3884.881
2347,上市,82.2,82.2,3586.776
2348,上市,79.0,78.5,313.425
2348A,上市,38.0,38.0,20.247
2349,上市,13.75,14.15,10290.426
2351,上市,121.5,122.0,3007.781
2352,上市,25.1,25.25,5276.656
2353,上市,27.75,28.4,44076.99
2354,上市,52.2,52.6,6889.083
2355,上市,52.1,51.8,10553.507
2356,上市,44.8,45.0,19237.455
2357,上市,584.0,589.0,4191.246
2359,上市,116.5,115.0,1053.395
2360,上市,2080.0,2050.0,6937.309
2362,上市,38.45,38.3,547.203
2363,上市,49.0,53.3,22414.304
2364,上市,63.8,63.8,97.756
2365,上市,34.9,34.3,2629.14
2367,上市,73.0,70.4,30646.352
2368,上市,1195.0,1165.0,4307.343
2369,上市,31.65,31.1,11708.1
2371,上市,32.4,32.55,13818.599
2373,上市,57.2,57.5,79.228
2374,上市,72.6,72.2,3932.225
2375,上市,85.9,87.5,8809.777
2376,上市,280.0,281.0,15475.639
2377,上市,89.6,90.8,5786.788
2379,上市,535.0,540.0,5860.577
2380,上市,5.22,5.41,193.637
2382,上市,314.5,318.5,19430.054
2383,上市,3950.0,3835.0,2880.746
2385,上市,125.5,126.0,4494.448
2387,上市,40.15,40.1,533.136
2388,上市,62.4,61.4,17817.268
2390,上市,10.05,10.1,567.224
2392,上市,36.55,36.85,2664.391
2393,上市,71.4,72.6,2609.625
2395,上市,353.0,355.0,3946.978
2397,上市,60.2,59.3,174.401
2399,上市,37.7,35.0,36327.298
2401,上市,22.9,22.7,3585.933
2402,上市,69.3,70.7,54054.083
2404,上市,919.0,935.0,3873.294
2405,上市,15.85,15.8,3034.958
2406,上市,33.6,32.8,12483.243
2408,上市,212.5,213.5,52962.831
2409,上市,20.35,20.7,651170.065
2412,上市,136.0,136.5,10487.078
2413,上市,52.2,50.6,2425.43
2414,上市,45.2,45.65,382.046
2415,上市,29.2,29.05,134.212
2417,上市,40.5,40.95,871.919
2419,上市,35.4,37.75,35521.289
2420,上市,55.8,55.4,413.259
2421,上市,142.5,147.0,8642.481
2423,上市,51.5,50.8,246.188
2424,上市,23.3,22.8,378.607
2425,上市,31.4,31.05,571.369
2426,上市,50.0,53.2,3546.129
2427,上市,22.2,22.4,779.179
2428,上市,183.0,183.0,1199.985
2429,上市,39.7,41.2,735.385
2430,上市,21.75,21.7,77.109
2431,上市,11.6,11.65,394.447
2432,上市,28.1,27.95,91.11
2433,上市,46.0,45.75,28.726
2434,上市,29.3,29.4,14.185
2436,上市,61.5,63.1,2968.097
2438,上市,21.9,21.8,183.213
2439,上市,88.2,88.9,2751.946
2440,上市,15.1,15.3,264.411
2441,上市,89.9,89.5,6281.587
2442,上市,19.9,19.9,3109.755
2444,上市,12.9,12.65,387.908
2449,上市,293.0,283.5,24883.282
2450,上市,30.1,30.25,199.581
2451,上市,249.0,247.0,4175.407
2453,上市,54.6,56.0,850.421
2454,上市,1850.0,1895.0,17931.934
2455,上市,280.0,290.0,2418.13
2457,上市,24.95,24.9,2216.353
2458,上市,137.0,138.5,6469.644
2459,上市,66.0,66.0,86.12
2460,上市,34.0,37.3,4369.127
2461,上市,17.55,17.5,822.747
2462,上市,21.85,22.0,425.196
2464,上市,76.5,73.4,5001.006
2465,上市,59.7,58.8,1751.731
2466,上市,65.0,65.0,954.695
2467,上市,525.0,515.0,1007.226
2468,上市,35.0,35.05,286.633
2471,上市,51.9,54.8,850.105
2472,上市,178.0,179.0,8372.654
2474,上市,200.5,197.5,2462.993
2476,上市,110.5,107.5,6005.786
2477,上市,23.9,23.9,135.629
2478,上市,71.5,74.2,6526.807
2480,上市,139.0,140.0,142.118
2481,上市,101.0,107.5,48501.916
2482,上市,17.1,17.3,175.636
2483,上市,22.35,22.35,169.944
2484,上市,37.3,40.3,17633.554
2485,上市,80.9,79.1,29052.795
2486,上市,186.0,185.5,1455.641
2488,上市,50.5,52.4,414.655
2489,上市,43.3,44.0,7212.271
2491,上市,15.5,15.65,98.893
2492,上市,143.5,148.5,20871.92
2493,上市,152.5,147.0,8666.931
2495,上市,44.8,43.6,30564.613
2496,上市,65.8,66.2,25.772
2497,上市,56.8,55.6,570.177
2498,上市,41.5,41.4,6703.014
2501,上市,25.0,24.75,2382.721
2504,上市,36.4,35.9,2410.542
2505,上市,19.0,18.8,829.694
2506,上市,9.03,8.98,137.184
2509,上市,14.35,14.5,196.797
2511,上市,8.24,8.24,593.176
2514,上市,13.5,13.5,96.111
2515,上市,13.7,13.65,13729.875
2516,上市,13.85,13.65,289.289
2520,上市,31.2,30.85,998.514
2524,上市,39.25,39.85,144.438
2527,上市,39.85,39.7,1202.816
2528,上市,24.5,24.45,437.167
2530,上市,22.8,22.65,907.284
2534,上市,19.85,19.9,266.042
2535,上市,71.4,70.4,374.618
2536,上市,22.5,22.4,110.071
2537,上市,10.45,10.4,433.526
2538,上市,10.1,10.05,237.874
2539,上市,47.45,46.95,1120.38
2540,上市,52.3,53.9,1750.618
2542,上市,35.5,35.3,4057.253
2543,上市,57.9,57.7,1003.628
2545,上市,36.7,36.7,286.99
2546,上市,86.2,86.2,107.876
2547,上市,10.9,10.85,1141.801
2548,上市,130.0,128.5,1492.919
2597,上市,151.5,150.5,586.058
2601,上市,5.73,5.72,1251.333
2603,上市,203.0,201.5,13533.108
2605,上市,36.95,35.7,11803.38
2606,上市,64.0,64.0,4934.645
2607,上市,51.0,50.4,667.349
2608,上市,31.2,31.1,253.885
2609,上市,51.7,51.0,12895.593
2610,上市,18.3,18.35,22525.389
2611,上市,15.0,15.0,608.378
2612,上市,60.5,59.2,1525.435
2613,上市,23.25,23.1,309.392
2614,上市,20.6,20.5,606.388
2615,上市,78.0,76.9,8137.819
2616,上市,15.9,15.45,724.763
2617,上市,31.5,31.25,657.735
2618,上市,35.0,35.25,16056.028
2630,上市,47.05,48.7,2659.79
2633,上市,26.9,26.95,3303.269
2634,上市,47.75,49.7,13388.169
2636,上市,68.4,68.2,330.973
2637,上市,73.5,74.5,4492.142
2642,上市,22.9,23.0,44.117
2645,上市,154.0,157.0,2023.762
2646,上市,21.0,21.25,4817.235
2701,上市,10.9,10.9,103.141
2702,上市,17.1,16.55,596.957
2704,上市,43.0,43.3,117.904
2705,上市,17.1,17.05,129.429
2706,上市,12.7,12.75,172.003
2707,上市,181.0,180.0,966.332
2712,上市,16.6,16.85,39.45
2722,上市,24.9,24.9,43.648
2723,上市,66.7,67.3,293.651
2727,上市,228.0,225.5,340.552
2731,上市,161.5,160.0,697.593
2739,上市,36.9,36.8,344.758
2748,上市,41.8,41.65,179.809
2753,上市,184.5,183.0,163.653
2762,上市,73.4,73.5,38.828
2801,上市,21.4,21.35,18894.925
2812,上市,20.75,20.65,9215.122
2816,上市,31.1,31.1,385.063
2820,上市,17.2,17.3,1322.024
2832,上市,48.6,49.0,307.706
2834,上市,16.0,16.2,81019.272
2836,上市,12.3,12.25,2728.284
2836A,上市,24.65,24.65,76.25
2838,上市,21.2,21.25,1709.551
2838A,上市,54.6,54.6,7.01
2845,上市,12.65,12.7,8018.65
2849,上市,13.9,13.95,315.386
2850,上市,128.0,124.5,402.765
2851,上市,30.5,29.65,9165.517
2852,上市,26.25,26.4,257.859
2855,上市,32.85,33.5,9166.77
2867,上市,7.93,7.91,9704.214
2880,上市,36.2,35.95,19799.475
2881,上市,87.3,87.9,21047.422
2881A,上市,64.1,64.2,114.155
2881B,上市,62.5,62.7,80.295
2881C,上市,51.5,51.6,51.932
2882,上市,73.0,74.2,35352.539
2882A,上市,62.3,62.4,152.586
2882B,上市,60.7,60.8,254.631
2883,上市,20.95,21.15,35441.021
2883B,上市,8.27,8.29,593.463
2884,上市,33.0,33.0,24595.463
2885,上市,50.4,50.7,22493.867
2886,上市,39.65,39.95,19884.407
2887,上市,24.65,24.95,51289.068
2887E,上市,51.3,51.4,116.128
2887F,上市,47.75,47.7,19.361
2887G,上市,42.65,42.5,155.29
2887H,上市,41.3,41.35,1172.352
2887I,上市,9.39,9.38,8738.668
2887Z1,上市,17.8,17.75,90.165
2889,上市,15.3,15.45,2920.339
2890,上市,33.3,33.3,18394.054
2891,上市,53.0,53.4,51776.658
2891B,上市,64.0,64.2,30.224
2891C,上市,62.0,62.0,61.834
2892,上市,28.95,28.8,12387.426
2897,上市,10.4,10.3,2877.495
2897B,上市,11.9,11.9,18.544
2901,上市,23.75,23.45,46.7
2903,上市,23.1,23.05,1549.971
2904,上市,16.7,16.7,89.199
2905,上市,14.7,14.6,1390.899
2906,上市,13.0,13.0,72.373
2908,上市,20.2,20.3,258.693
2910,上市,22.5,22.85,48.0
2911,上市,4.99,4.93,229.713
2912,上市,231.5,234.0,3076.038
2913,上市,12.3,12.35,1473.327
2915,上市,46.35,45.6,4735.962
2923,上市,25.5,27.05,451.518
2929,上市,6.25,6.26,137.446
2939,上市,24.35,24.75,24.06
2945,上市,42.45,42.2,14.509
3002,上市,19.25,19.5,440.516
3003,上市,53.9,54.5,1214.627
3004,上市,116.0,115.5,384.253
3005,上市,97.9,98.4,5083.312
3006,上市,156.5,157.0,7000.763
3008,上市,2835.0,2820.0,2889.528
3010,上市,136.0,130.5,1886.503
3011,上市,12.7,13.0,733.094
3013,上市,105.0,105.0,4576.38
3014,上市,121.0,122.5,1207.097
3015,上市,50.7,51.3,237.201
3016,上市,62.6,62.6,2037.199
3017,上市,2380.0,2440.0,4611.118
3018,上市,10.9,11.0,13.794
3019,上市,128.0,129.0,2644.626
3021,上市,16.5,16.35,200.567
3022,上市,67.8,68.4,956.384
3023,上市,270.0,279.5,2369.928
3024,上市,10.05,10.4,2317.358
3025,上市,64.8,63.2,515.621
3026,上市,228.0,240.5,4504.617
3027,上市,19.3,19.4,247.253
3028,上市,62.8,63.2,3350.526
3029,上市,97.9,97.5,772.938
3030,上市,309.0,308.0,3301.971
3031,上市,31.6,33.0,11339.949
3032,上市,61.0,62.7,594.428
3033,上市,34.15,34.2,4086.078
3034,上市,409.5,412.0,4105.596
3035,上市,152.0,156.5,5770.673
3036,上市,231.5,235.0,6488.522
3037,上市,620.0,645.0,7013.959
3038,上市,23.3,23.3,1655.699
3040,上市,46.4,46.2,95.47
3041,上市,22.3,22.4,582.961
3042,上市,131.5,140.0,10599.216
3043,上市,19.5,20.2,177.1
3044,上市,405.0,410.5,6042.823
3045,上市,110.0,110.0,7856.615
3046,上市,48.7,49.0,242.36
3047,上市,15.95,15.85,971.137
3048,上市,40.45,39.3,3153.776
3049,上市,12.05,12.9,14570.729
3050,上市,13.4,13.35,704.216
3051,上市,20.7,20.75,525.081
3052,上市,11.1,11.1,584.966
3054,上市,68.0,73.2,517.409
3055,上市,62.6,62.0,176.864
3056,上市,14.85,14.85,933.127
3057,上市,18.8,18.1,495.183
3058,上市,9.07,9.3,1290.767
3059,上市,36.8,37.1,1526.197
3060,上市,31.5,30.75,2262.762
3062,上市,30.9,30.75,9245.519
3090,上市,107.5,108.5,7660.962
3092,上市,38.65,34.3,8521.959
3094,上市,23.15,25.15,1611.978
3130,上市,221.0,221.0,20.118
3135,上市,125.0,122.0,1136.444
3138,上市,177.5,175.0,1861.729
3149,上市,42.75,42.1,2064.429
3150,上市,18.5,19.4,81.257
3164,上市,18.2,17.95,30.835
3167,上市,680.0,670.0,738.091
3168,上市,48.5,47.7,68.881
3189,上市,389.0,393.5,43262.498
3209,上市,47.2,47.0,5661.955
3229,上市,27.95,27.95,456.8
3231,上市,134.0,134.0,35493.258
3257,上市,54.4,54.2,244.373
3266,上市,13.9,14.0,115.131
3296,上市,21.45,21.55,113.692
3305,上市,120.0,121.0,9097.743
3308,上市,20.9,21.0,149.558
3311,上市,33.0,33.0,281.874
3312,上市,41.7,41.85,4479.168
3321,上市,15.95,16.0,184.418
3338,上市,65.1,64.5,1683.61
3346,上市,18.2,18.4,330.159
3356,上市,53.5,53.4,871.29
3376,上市,195.0,195.0,3529.162
3380,上市,39.15,41.0,14332.568
3406,上市,510.0,511.0,1249.462
3413,上市,316.5,315.5,1300.737
3416,上市,158.0,159.0,445.638
3419,上市,14.45,14.5,360.167
3432,上市,16.4,16.35,43.056
3437,上市,26.8,24.75,14383.953
3443,上市,3165.0,3345.0,4238.415
3447,上市,40.0,39.5,169.04
3450,上市,345.5,341.0,33930.014
3481,上市,28.2,27.25,559188.666
3494,上市,8.39,8.32,116.72
3501,上市,48.3,48.55,126.346
3504,上市,61.4,61.3,621.644
3515,上市,223.0,224.0,515.441
3518,上市,24.25,26.2,4188.182
3528,上市,71.0,70.4,189.844
3530,上市,61.5,62.0,320.2
3532,上市,190.5,194.0,1993.232
3533,上市,2430.0,2510.0,1689.602
3535,上市,129.0,126.0,3948.234
3543,上市,44.0,43.05,977.57
3545,上市,48.5,49.45,991.995
3550,上市,19.8,19.55,2261.48
3557,上市,31.6,31.45,37.905
3563,上市,958.0,948.0,3749.879
3576,上市,16.85,18.55,47111.743
3583,上市,711.0,704.0,1125.989
3588,上市,53.7,54.0,433.159
3591,上市,24.3,23.7,3900.419
3592,上市,230.5,232.5,462.774
3593,上市,19.35,19.1,141.408
3596,上市,177.5,176.5,1103.223
3605,上市,64.5,64.7,963.763
3607,上市,14.95,14.8,242.264
3617,上市,191.5,189.5,423.661
3622,上市,57.0,56.5,255.583
3645,上市,93.3,100.5,40776.749
3652,上市,28.1,27.95,53.042
3653,上市,4300.0,4380.0,1568.897
3661,上市,3260.0,3475.0,5172.101
3665,上市,2430.0,2395.0,2756.549
3669,上市,40.5,39.3,108.383
3673,上市,69.5,68.4,47550.943
3679,上市,122.0,122.0,31.823
3686,上市,18.1,17.7,242.92
3694,上市,60.4,61.3,798.448
3701,上市,67.3,63.4,12670.531
3702,上市,98.5,98.2,17536.296
3703,上市,22.1,22.0,1150.167
3704,上市,36.85,37.0,3272.748
3705,上市,55.4,56.2,208.295
3706,上市,83.0,82.8,9448.431
3708,上市,114.5,118.5,1118.52
3711,上市,450.0,450.5,23542.998
3712,上市,18.25,19.2,1392.779
3714,上市,71.9,76.0,180045.652
3715,上市,188.5,186.5,15930.163
3716,上市,33.05,33.0,141.442
3717,上市,21.95,21.85,1009.795
4104,上市,78.8,79.4,214.266
4106,上市,22.45,22.55,80.227
4108,上市,12.5,13.1,691.773
4119,上市,50.0,50.0,259.756
4133,上市,22.6,22.8,87.829
4137,上市,110.0,110.0,135.533
4142,上市,18.65,18.7,2622.654
4148,上市,39.1,38.4,115.581
4155,上市,13.15,13.15,312.964
4164,上市,31.15,31.45,880.176
4169,上市,157.0,167.5,554.127
4190,上市,27.4,27.0,38.89
4306,上市,13.85,13.8,931.413
4414,上市,11.15,10.95,400.414
4426,上市,8.61,8.64,209.235
4438,上市,58.6,59.2,77.075
4439,上市,98.4,98.5,7.203
4440,上市,18.05,18.1,181.764
4441,上市,196.5,195.5,48.803
4526,上市,34.65,34.1,2135.581
4532,上市,24.1,24.25,978.78
4536,上市,155.0,156.0,234.392
4540,上市,54.0,52.9,4736.794
4545,上市,31.25,31.6,145.99
4551,上市,137.5,142.0,1142.684
4552,上市,21.6,21.3,232.332
4555,上市,39.1,40.1,1008.199
4557,上市,53.7,54.8,44.502
4560,上市,33.3,33.5,378.062
4562,上市,37.75,35.7,3660.36
4564,上市,19.25,19.65,1144.463
4566,上市,70.6,69.9,1793.385
4569,上市,201.0,194.0,447.298
4571,上市,162.0,159.5,240.526
4572,上市,143.0,146.0,51.371
4576,上市,193.5,193.0,1603.202
4581,上市,50.5,50.4,12.197
4583,上市,750.0,737.0,409.36
4585,上市,320.0,312.0,283.992
4588,上市,60.5,61.0,54.457
4590,上市,76.0,76.7,182.388
4720,上市,22.0,21.55,7550.79
4722,上市,183.5,177.0,1508.523
4736,上市,126.0,126.0,211.125
4737,上市,68.6,68.9,83.203
4739,上市,87.0,89.4,4747.746
4746,上市,53.4,53.6,775.468
4755,上市,153.0,143.5,1200.694
4763,上市,48.5,47.2,27439.385
4764,上市,190.0,193.5,1636.006
4766,上市,352.0,345.5,801.577
4770,上市,228.5,227.5,214.536
4771,上市,192.5,195.5,220.891
4807,上市,15.0,15.0,68.992
4904,上市,95.5,95.8,5341.081
4906,上市,39.85,39.05,24927.821
4912,上市,89.6,90.0,279.651
4915,上市,74.3,74.6,2192.043
4916,上市,61.6,65.2,20846.578
4919,上市,105.5,117.5,25551.456
4927,上市,47.85,47.6,11900.214
4930,上市,19.3,19.2,46.614
4934,上市,16.6,16.4,1060.472
4935,上市,36.45,37.8,215.942
4938,上市,79.5,80.1,12946.933
4942,上市,38.35,38.4,133.7
4943,上市,10.5,10.2,42.396
4949,上市,88.1,88.4,1341.497
4952,上市,42.05,42.2,199.102
4956,上市,46.25,45.25,35512.671
4958,上市,255.5,256.5,23091.973
4960,上市,30.7,30.85,11326.78
4961,上市,152.0,156.0,1440.365
4967,上市,216.5,213.0,3958.962
4968,上市,107.5,110.5,1593.272
4976,上市,30.0,29.9,620.082
4977,上市,204.0,214.5,7590.044
4989,上市,98.6,105.0,63862.894
4994,上市,96.0,99.3,37.6
4999,上市,20.8,20.8,151.161
5007,上市,57.7,57.5,59.02
5203,上市,64.4,65.6,332.255
5215,上市,38.4,38.25,42.068
5222,上市,130.0,131.5,950.092
5225,上市,77.9,78.5,290.918
5234,上市,420.0,429.5,1268.532
5243,上市,128.0,122.0,1890.122
5244,上市,41.7,42.0,1588.977
5258,上市,49.3,50.6,953.92
5269,上市,1185.0,1290.0,2261.713
5283,上市,55.0,55.4,138.737
5284,上市,329.0,317.0,1622.94
5285,上市,51.4,52.0,145.556
5288,上市,165.5,161.0,370.463
5292,上市,238.5,227.5,851.96
5306,上市,85.4,85.5,127.761
5388,上市,83.1,83.5,2751.214
5434,上市,420.0,417.5,1211.033
5469,上市,92.0,91.7,4831.111
5471,上市,41.7,41.6,690.576
5484,上市,39.3,38.8,423.221
5515,上市,44.2,42.55,1216.162
5519,上市,33.4,33.45,625.198
5521,上市,12.4,12.35,5757.198
5522,上市,71.0,70.5,653.011
5525,上市,25.15,25.2,85.442
5531,上市,8.85,8.85,346.232
5533,上市,14.65,14.75,295.395
5534,上市,81.8,79.6,1287.607
5538,上市,31.7,31.85,41.005
5546,上市,16.95,17.15,71.127
5607,上市,49.3,48.3,440.245
5608,上市,16.8,16.4,1559.168
5706,上市,53.0,53.1,391.195
5871,上市,118.0,116.5,9334.588
5871A,上市,102.0,102.0,134.22
5876,上市,39.7,39.75,5296.287
5880,上市,23.9,23.9,11154.17
5906,上市,49.5,49.5,1.01
5907,上市,5.64,5.73,263.328
6005,上市,28.0,28.0,11474.569
6024,上市,56.7,56.5,349.925
6108,上市,17.35,17.8,983.78
6112,上市,47.0,47.45,425.186
6115,上市,47.65,47.8,251.878
6116,上市,9.03,9.27,57231.567
6117,上市,81.1,81.2,621.429
6120,上市,15.45,15.05,8044.698
6128,上市,20.9,21.0,124.684
6133,上市,23.55,23.0,1775.7
6136,上市,24.6,24.0,594.428
6139,上市,638.0,669.0,8054.775
6141,上市,28.4,28.4,1889.639
6142,上市,9.26,9.36,360.185
6152,上市,17.8,17.7,2812.913
6153,上市,17.9,17.45,3244.644
6155,上市,49.2,52.6,7545.252
6164,上市,13.05,12.9,1844.709
6165,上市,44.95,44.9,253.505
6166,上市,72.8,70.5,1980.997
6168,上市,28.0,28.2,16655.686
6176,上市,90.2,90.7,4545.525
6177,上市,46.4,46.05,695.964
6183,上市,94.5,94.9,40.524
6184,上市,47.7,47.65,68.893
6189,上市,47.2,47.4,685.657
6191,上市,104.5,105.0,8865.623
6192,上市,121.0,122.0,292.829
6196,上市,349.5,340.0,5493.48
6197,上市,183.5,180.0,3263.994
6201,上市,50.9,50.7,16.782
6202,上市,52.9,53.5,3106.324
6205,上市,69.0,68.2,1934.242
6206,上市,104.5,106.5,1340.638
6209,上市,61.3,60.8,3142.568
6213,上市,237.0,252.0,46275.824
6214,上市,120.0,123.5,2267.52
6215,上市,105.5,104.5,1034.817
6216,上市,25.1,25.85,367.756
6224,上市,55.0,59.2,3140.595
6225,上市,18.5,18.5,3.07
6226,上市,12.8,13.3,2040.991
6230,上市,164.5,155.0,173.752
6235,上市,45.4,45.9,530.554
6239,上市,210.5,212.5,9445.588
6243,上市,30.65,31.4,350.843
6257,上市,178.0,180.0,17991.977
6269,上市,62.1,63.6,2395.522
6271,上市,191.0,185.0,20196.785
6272,上市,32.7,32.3,246.819
6277,上市,69.8,70.7,266.057
6278,上市,140.0,143.0,24569.853
6281,上市,52.4,53.0,85.29
6282,上市,51.2,50.1,33881.843
6283,上市,22.8,22.1,205.332
6285,上市,251.0,267.0,53385.894
6405,上市,36.45,35.95,1323.643
6409,上市,808.0,792.0,1465.285
6412,上市,79.0,78.8,640.942
6414,上市,296.0,300.0,1629.906
6415,上市,280.5,302.5,10538.311
6416,上市,81.2,80.6,155.716
6426,上市,199.0,206.5,3828.229
6431,上市,20.6,21.05,90.015
6438,上市,176.5,176.5,1471.849
6442,上市,2115.0,2075.0,2824.413
6443,上市,41.7,40.45,11402.235
6446,上市,655.0,660.0,1342.439
6449,上市,176.5,174.0,1625.822
6451,上市,460.0,494.0,1107.127
6456,上市,70.2,76.8,50429.597
6464,上市,76.5,76.2,35.25
6472,上市,430.0,425.5,913.17
6477,上市,34.45,34.75,838.364
6491,上市,292.5,294.5,377.967
6504,上市,41.8,41.3,46.601
6505,上市,54.8,55.1,9644.017
6515,上市,9750.0,9820.0,464.61
6525,上市,87.9,88.3,327.777
6526,上市,496.0,503.0,941.473
6531,上市,594.0,586.0,6458.08
6533,上市,210.0,218.5,1495.218
6534,上市,100.5,98.7,471.019
6541,上市,40.8,40.7,396.625
6550,上市,18.0,18.3,1022.093
6552,上市,27.6,27.2,134.681
6558,上市,29.85,29.75,301.042
6573,上市,12.35,12.6,154.24
6579,上市,117.0,118.0,178.713
6581,上市,108.5,107.0,23.011
6582,上市,32.95,33.0,44.66
6585,上市,92.3,90.9,154.925
6589,上市,52.2,51.3,1203.447
6591,上市,57.8,58.2,291.676
6592,上市,64.5,64.8,430.589
6592A,上市,0.0,0.0,0.318
6592B,上市,0.0,0.0,0.555
6598,上市,23.0,22.9,137.134
6605,上市,131.5,130.0,530.011
6606,上市,24.4,24.7,84.501
6614,上市,40.5,41.8,194.336
6625,上市,77.3,77.3,363.206
6641,上市,18.4,18.45,21.604
6645,上市,13.2,13.35,45.957
6655,上市,135.5,135.5,11.15
6657,上市,45.35,49.65,2021.35
6658,上市,80.0,78.0,883.031
6666,上市,41.75,41.2,13.09
6668,上市,35.15,35.1,258.63
6669,上市,3780.0,3700.0,1380.449
6670,上市,263.5,263.5,362.215
6671,上市,33.65,33.0,56.617
6672,上市,151.5,160.0,11114.136
6674,上市,19.45,19.0,48.0
6689,上市,73.9,72.6,330.06
6691,上市,640.0,658.0,787.818
6695,上市,38.9,40.6,986.092
6698,上市,30.6,30.95,188.642
6706,上市,151.5,147.0,13507.892
6715,上市,445.0,419.5,2417.457
6719,上市,162.5,166.0,580.939
6722,上市,40.95,40.7,107.274
6742,上市,43.6,43.4,297.547
6743,上市,23.4,23.05,320.105
6753,上市,140.5,141.0,2850.786
6754,上市,47.4,46.9,24.351
6756,上市,75.0,77.0,239.829
6757,上市,50.3,50.1,737.849
6768,上市,83.8,85.7,646.622
6770,上市,53.3,54.0,85975.346
6771,上市,44.05,44.45,20.418
6776,上市,61.8,61.0,303.863
6781,上市,992.0,1015.0,1451.428
6782,上市,217.5,230.5,1395.704
6789,上市,418.0,414.0,8528.307
6790,上市,40.3,40.35,154.421
6792,上市,59.0,60.6,144.434
6794,上市,84.5,81.0,47.0
6796,上市,76.0,77.7,81.001
6799,上市,78.3,79.3,126.872
6805,上市,1860.0,1900.0,2745.952
6806,上市,21.85,22.45,1347.71
6807,上市,39.9,39.1,39.218
6830,上市,803.0,805.0,229.698
6831,上市,427.5,432.0,1134.456
6834,上市,39.25,37.0,1183.457
6835,上市,39.7,38.85,482.497
6838,上市,31.8,31.7,170.207
6854,上市,158.0,153.5,717.626
6861,上市,155.0,148.0,1928.403
6862,上市,197.0,194.5,2205.82
6863,上市,99.5,102.0,80.551
6869,上市,87.4,86.5,369.152
6873,上市,87.8,88.8,750.637
6885,上市,24.15,24.75,142.632
6887,上市,42.0,42.4,18.93
6890,上市,160.5,172.0,1322.459
6901,上市,14.75,14.8,1573.501
6902,上市,93.9,93.9,339.284
6906,上市,67.1,67.4,45.195
6908,上市,37.9,38.9,49.32
6909,上市,60.7,59.0,9331.147
6914,上市,152.0,152.0,64.68
6916,上市,19.2,19.0,43.051
6918,上市,75.5,74.7,37.134
6919,上市,107.5,107.0,7145.797
6921,上市,76.1,79.7,130.209
6923,上市,77.8,76.1,126.876
6924,上市,79.9,81.6,76.12
6928,上市,50.0,48.05,192.584
6931,上市,50.1,50.2,108.095
6933,上市,186.5,182.5,449.128
6934,上市,95.7,97.6,555.15
6936,上市,35.65,35.5,24.593
6937,上市,315.0,303.5,1074.569
6944,上市,937.0,902.0,1156.881
6949,上市,767.0,780.0,202.18
6951,上市,79.6,82.2,186.276
6952,上市,39.7,40.3,19.1
6955,上市,167.0,168.0,3.024
6957,上市,160.5,166.5,127.805
6958,上市,20.0,20.05,286.643
6958A,上市,18.75,18.75,12.0
6962,上市,35.1,34.8,2800.155
6965,上市,89.1,89.3,41.705
6969,上市,29.4,29.35,68.661
6988,上市,15.0,14.7,25.01
6994,上市,68.8,69.3,467.623
7610,上市,643.0,647.0,946.792
7631,上市,131.0,137.5,181.24
7705,上市,35.2,35.15,36.308
7711,上市,313.0,305.0,542.337
7721,上市,90.0,91.9,962.764
7722,上市,305.5,310.0,89.363
7730,上市,191.0,191.0,69.1
7732,上市,35.75,35.0,18.0
7736,上市,79.9,80.6,28.121
7740,上市,180.5,180.5,199.153
7749,上市,409.5,412.0,270.101
7750,上市,1675.0,1670.0,263.631
7765,上市,232.0,235.5,107.317
7769,上市,4265.0,4295.0,1084.223
7780,上市,20.8,20.7,2035.452
7786,上市,137.0,142.5,211.862
7788,上市,156.0,151.5,383.825
7791,上市,65.8,65.6,40.059
7795,上市,410.0,395.0,583.581
7799,上市,390.0,395.5,341.711
7822,上市,1745.0,1645.0,778.141
7823,上市,79.9,80.0,20.149
8011,上市,20.6,20.4,910.904
8016,上市,211.5,210.5,544.377
8021,上市,351.0,355.0,4969.829
8028,上市,189.0,191.5,9051.603
8033,上市,139.0,145.0,9899.418
8039,上市,137.5,138.5,15496.09
8045,上市,77.5,75.0,286.827
8046,上市,665.0,721.0,21809.4
8070,上市,47.25,46.4,4732.263
8072,上市,29.05,29.9,744.62
8081,上市,234.5,237.5,475.335
8101,上市,14.3,14.3,2.809
8103,上市,93.0,92.2,2033.67
8104,上市,37.0,38.0,6454.348
8105,上市,14.6,14.3,2551.992
8110,上市,49.5,49.5,7907.012
8112,上市,84.5,85.8,23295.79
8112A,上市,46.2,46.2,7.185
8114,上市,171.0,171.0,284.956
8131,上市,62.1,61.7,4080.991
8150,上市,69.2,73.7,50429.107
8162,上市,42.8,41.9,220.395
8163,上市,27.85,28.3,1917.714
8201,上市,13.4,13.55,44.829
8210,上市,1010.0,1020.0,4506.813
8213,上市,35.5,36.05,1076.468
8215,上市,26.75,26.6,3736.163
8222,上市,36.6,37.7,1385.274
8249,上市,50.5,50.0,427.075
8261,上市,108.5,116.0,5802.825
8271,上市,160.0,163.5,4851.1
8341,上市,76.0,76.4,218.809
8367,上市,44.1,43.8,34.132
8374,上市,86.3,82.6,4324.602
8404,上市,18.5,18.1,442.207
8411,上市,12.3,12.4,52.568
8422,上市,29.6,29.9,12714.014
8429,上市,6.88,6.9,188.589
8438,上市,87.3,85.6,2171.176
8442,上市,52.6,52.3,67.039
8443,上市,11.75,12.05,60.947
8454,上市,180.0,179.5,500.62
8462,上市,141.0,142.0,127.634
8463,上市,23.25,23.1,80.168
8464,上市,365.0,370.0,549.192
8466,上市,18.0,17.85,114.543
8467,上市,156.5,157.0,25.679
8473,上市,37.7,37.8,405.816
8476,上市,18.35,18.2,342.412
8478,上市,169.0,169.5,135.765
8481,上市,42.0,41.95,37.197
8482,上市,49.9,49.2,18.0
8487,上市,80.2,79.7,23.467
8488,上市,10.35,10.35,19.297
8499,上市,285.0,270.0,200.715
8926,上市,44.35,44.6,825.3
8940,上市,18.55,18.0,60.337
8996,上市,1100.0,1115.0,1627.804
9103,上市,5.04,5.04,973.77
910322,上市,26.1,26.2,6.053
9105,上市,5.78,5.94,32136.696
910861,上市,4.39,4.34,66.8
9110,上市,3.06,3.07,31.0
911608,上市,2.84,2.88,93.0
911622,上市,3.85,3.86,24.006
911868,上市,1.24,1.26,704.012
912000,上市,2.47,2.46,558.001
9136,上市,9.8,9.46,1342.413
9802,上市,78.6,81.0,1492.212
9902,上市,14.45,14.9,188.915
9904,上市,28.15,28.1,11464.808
9905,上市,21.35,21.6,233.525
9906,上市,42.8,42.0,68.869
9907,上市,18.0,18.05,2254.056
9908,上市,29.9,29.8,359.165
9910,上市,77.4,78.1,2236.054
9911,上市,85.0,84.2,208.686
9912,上市,12.55,12.6,18.971
9914,上市,60.6,62.3,1525.178
9917,上市,116.0,116.5,449.702
9918,上市,43.3,43.5,178.536
9919,上市,15.1,15.05,466.916
9921,上市,68.4,71.4,2433.714
9924,上市,45.2,45.25,116.381
9925,上市,40.8,40.75,226.623
9926,上市,50.0,49.95,32.24
9927,上市,70.4,70.7,106.194
9928,上市,18.2,17.9,96.317
9929,上市,12.05,13.35,67.912
9930,上市,70.8,70.9,65.118
9931,上市,36.1,36.0,119.826
9933,上市,39.15,37.95,17727.633
9934,上市,9.59,9.64,678.364
9935,上市,18.95,19.25,344.998
9937,上市,57.2,57.4,75.202
9938,上市,47.5,46.75,2577.586
9939,上市,112.5,114.5,1499.434
9940,上市,20.15,20.2,511.461
9941,上市,77.4,77.8,1264.582
9941A,上市,0.0,0.0,0.0
9942,上市,117.5,118.0,102.166
9943,上市,57.5,57.2,96.996
9944,上市,16.5,16.65,49.625
9945,上市,25.2,25.15,5145.377
9946,上市,17.05,17.0,527.45
9955,上市,32.6,32.05,364.979
9958,上市,104.5,106.5,1249.547
006201,上櫃,38.8,40.34,199.499
00679B,上櫃,27.15,27.09,24393.521
00687B,上櫃,28.23,28.14,14916.929
00687C,上櫃,9.41,9.42,50.2
00694B,上櫃,41.8,41.77,224.023
00695B,上櫃,35.66,35.62,236.281
00696B,上櫃,29.57,29.47,15954.647
00697B,上櫃,36.0,35.91,303.26
00719B,上櫃,31.23,31.16,5763.479
00720B,上櫃,33.71,33.63,8475.261
00722B,上櫃,36.78,36.74,1666.068
00723B,上櫃,31.42,31.4,406.0
00724B,上櫃,34.28,34.29,5004.428
00725B,上櫃,35.76,35.68,4907.916
00726B,上櫃,33.57,33.48,13735.96
00727B,上櫃,40.13,40.17,258.706
00734B,上櫃,16.04,15.99,12.244
00740B,上櫃,39.16,39.09,3228.06
00741B,上櫃,37.6,37.64,133.785
00746B,上櫃,36.13,36.16,1253.168
00749B,上櫃,32.32,32.29,440.097
00750B,上櫃,33.66,33.67,218.0
00751B,上櫃,32.17,32.08,3686.058
00754B,上櫃,34.27,34.26,244.0
00755B,上櫃,33.29,33.28,178.485
00756B,上櫃,31.97,31.99,218.114
00758B,上櫃,52.1,52.1,100.212
00759B,上櫃,55.35,55.35,101.803
00760B,上櫃,54.25,54.25,107.206
00761B,上櫃,34.71,35.05,137.124
00764B,上櫃,28.19,28.1,3838.608
00768B,上櫃,51.4,51.15,105.954
00772B,上櫃,34.26,34.21,2063.486
00773B,上櫃,36.18,36.18,1192.805
00777B,上櫃,33.17,33.17,200.032
00778B,上櫃,34.74,34.74,200.03
00779B,上櫃,28.6,28.47,611.582
00780B,上櫃,37.66,37.66,224.063
00781B,上櫃,29.01,28.98,36.226
00782B,上櫃,31.29,31.13,459.494
00785B,上櫃,35.51,35.46,23103.0
00786B,上櫃,33.0,32.93,15.0
00787B,上櫃,32.93,32.92,8.439
00788B,上櫃,30.45,30.49,117.205
00789B,上櫃,49.55,49.43,209.008
00791B,上櫃,57.15,57.15,200.009
00792B,上櫃,32.03,32.03,217.92
00793B,上櫃,31.18,31.11,102.151
00795B,上櫃,27.42,27.31,4996.7
00799B,上櫃,30.25,30.18,256.401
00834B,上櫃,34.64,34.63,218.0
00836B,上櫃,29.14,29.12,20.763
00840B,上櫃,30.44,30.44,200.0
00841B,上櫃,29.59,29.59,200.004
00842B,上櫃,31.71,31.95,414.552
00844B,上櫃,32.01,31.95,163.01
00845B,上櫃,33.55,33.54,122.0
00846B,上櫃,35.88,36.31,102.223
00847B,上櫃,26.07,26.04,406.0
00848B,上櫃,34.91,34.83,401.003
00849B,上櫃,37.44,37.44,411.72
00853B,上櫃,28.06,28.04,1649.921
00856B,上櫃,37.69,37.64,13.174
00857B,上櫃,23.5,23.41,680.877
00858,上櫃,33.41,33.42,1053.871
00859B,上櫃,40.84,40.83,2756.774
00860B,上櫃,38.33,38.19,118.104
00862B,上櫃,31.96,31.94,1281.565
00863B,上櫃,32.46,32.45,525.044
00864B,上櫃,46.31,46.17,1969.193
00867B,上櫃,31.73,31.73,160.017
00870B,上櫃,28.97,29.0,9.443
00877,上櫃,31.86,32.14,3070.632
00883B,上櫃,31.28,31.24,393.69
00884B,上櫃,30.33,30.3,405.74
00886,上櫃,38.12,36.93,175.172
00887,上櫃,13.62,13.65,5872.006
00888,上櫃,25.81,25.98,14612.779
00890B,上櫃,32.68,32.65,602.328
00928,上櫃,28.8,29.38,408.464
00931B,上櫃,13.75,13.7,2300.481
00933B,上櫃,16.19,16.17,8323.916
00937B,上櫃,15.03,15.01,35029.745
00942B,上櫃,14.53,14.52,2029.32
00948B,上櫃,9.55,9.57,7165.589
00950B,上櫃,14.28,14.23,3696.136
00955,上櫃,15.6,15.63,8196.105
00957B,上櫃,13.71,13.66,497.116
00958B,上櫃,9.37,9.36,380.982
00959B,上櫃,9.47,9.45,971.78
00966B,上櫃,14.1,14.06,915.802
00967B,上櫃,9.24,9.24,384.503
00968B,上櫃,9.37,9.38,1386.74
00969B,上櫃,8.5,8.44,328.348
00970B,上櫃,9.46,9.48,1193.62
009806,上櫃,12.3,12.31,29.979
009807,上櫃,13.4,13.42,293.592
00980B,上櫃,9.59,9.6,309.507
00980D,上櫃,20.64,20.61,564.491
00980T,上櫃,10.97,11.0,1873.955
009814,上櫃,10.31,10.29,3184.885
009815,上櫃,10.17,10.22,23658.266
00981B,上櫃,9.35,9.34,10283.419
00981D,上櫃,10.43,10.44,10283.734
00982B,上櫃,9.94,9.96,36.544
00983B,上櫃,15.9,15.84,357.395
00984B,上櫃,16.56,16.53,2095.023
00985D,上櫃,10.22,10.2,782.012
00986B,上櫃,10.01,9.99,43.028
00986D,上櫃,14.91,14.85,3711.666
00987B,上櫃,15.91,15.97,2452.251
00988B,上櫃,20.0,20.0,866.439
00989B,上櫃,10.03,10.05,2107.139
00998A,上櫃,16.03,16.06,17318.054
020001,上櫃,0.0,0.0,0.0
020025,上櫃,27.35,27.43,96.0
020027,上櫃,8.33,8.51,13.0
020033,上櫃,3.97,4.0,14.0
020035,上櫃,10.9,10.87,13.0
020040,上櫃,8.95,8.92,9.0
020041,上櫃,16.74,17.07,101.0
1240,上櫃,59.8,59.5,27.593
1259,上櫃,59.8,59.3,10.063
1264,上櫃,275.0,275.5,75.996
1268,上櫃,158.0,158.0,12.759
1294,上櫃,80.2,80.9,36.769
1295,上櫃,58.8,60.0,44.631
1336,上櫃,14.2,14.25,110.878
1565,上櫃,104.0,109.0,487.453
1569,上櫃,53.5,52.9,888.147
1570,上櫃,33.55,33.2,270.59
1580,上櫃,127.5,127.5,73.289
1584,上櫃,20.95,21.1,1144.753
1586,上櫃,22.6,22.65,325.923
1591,上櫃,60.7,58.0,628.491
1593,上櫃,33.3,33.5,25.689
1595,上櫃,49.7,53.0,2435.432
1599,上櫃,25.5,25.35,44.734
1742,上櫃,16.0,16.15,50.148
1777,上櫃,71.0,70.8,61.619
1781,上櫃,11.3,11.7,52.045
1784,上櫃,83.0,81.6,184.395
1785,上櫃,138.0,142.0,12357.573
1788,上櫃,136.5,136.5,15.612
1796,上櫃,39.0,40.0,15.004
1799,上櫃,41.6,41.3,170.06
1813,上櫃,13.55,13.55,25.545
1815,上櫃,114.0,115.5,103586.903
2035,上櫃,0.0,0.0,0.104
2061,上櫃,16.4,16.2,65.44
2063,上櫃,27.15,27.4,27.96
2064,上櫃,11.75,11.65,8.434
2065,上櫃,31.25,31.1,143.586
2066,上櫃,47.9,47.65,63.6
2067,上櫃,7.07,7.23,65.136
2070,上櫃,40.2,41.5,418.649
2073,上櫃,0.0,0.0,0.0
2221,上櫃,32.25,31.7,80.503
2230,上櫃,30.35,30.6,248.764
2235,上櫃,32.4,32.6,17.089
2596,上櫃,32.5,32.0,210.031
2640,上櫃,179.5,183.0,50.137
2641,上櫃,18.7,18.25,1798.57
2643,上櫃,69.1,68.8,21.212
2718,上櫃,47.8,47.7,17.047
2719,上櫃,29.85,29.25,29.315
2724,上櫃,17.85,18.0,3.67
2726,上櫃,9.95,10.0,16.421
2729,上櫃,171.5,173.5,13.32
2732,上櫃,64.5,65.9,33.945
2734,上櫃,17.0,17.3,121.885
2736,上櫃,13.55,13.75,189.307
2740,上櫃,35.2,35.3,6.001
2743,上櫃,73.0,72.7,85.857
2745,上櫃,104.5,106.0,182.012
2751,上櫃,58.0,57.1,10.214
2752,上櫃,194.5,192.0,31.809
2754,上櫃,70.1,70.0,27.214
2755,上櫃,140.5,140.0,37.462
2756,上櫃,69.9,69.9,12.731
2916,上櫃,46.65,46.4,80.765
2924,上櫃,0.0,0.0,0.0
2926,上櫃,37.5,37.5,1.244
2937,上櫃,45.3,45.3,6.01
2941,上櫃,35.5,35.3,19.126
2947,上櫃,78.2,78.0,6.104
2948,上櫃,0.0,0.0,0.0
2949,上櫃,58.5,58.4,3.517
3064,上櫃,19.95,19.95,1.182
3066,上櫃,22.5,21.75,2602.695
3067,上櫃,19.1,18.5,12.205
3071,上櫃,31.65,30.0,1626.798
3073,上櫃,26.35,26.0,72.761
3078,上櫃,55.7,56.5,1697.602
3081,上櫃,2350.0,2365.0,2182.029
3083,上櫃,27.4,27.1,130.311
3085,上櫃,12.85,12.85,4.746
3088,上櫃,93.6,95.3,2884.894
3093,上櫃,75.6,73.2,10761.28
3095,上櫃,34.0,33.5,16.283
3105,上櫃,448.0,490.5,51229.921
3114,上櫃,26.85,26.45,171.222
3115,上櫃,9.53,9.47,122.13
3118,上櫃,33.5,33.45,4.686
3122,上櫃,26.2,26.0,112.874
3128,上櫃,24.45,24.7,149.079
3131,上櫃,3320.0,3255.0,825.368
3141,上櫃,43.05,43.65,510.465
3147,上櫃,164.0,164.5,105.451
3152,上櫃,177.0,168.5,2869.894
3158,上櫃,90.0,90.0,2.387
3162,上櫃,69.0,63.0,5254.762
3163,上櫃,1220.0,1135.0,770.049
3169,上櫃,92.0,95.6,359.12
3171,上櫃,67.5,66.1,384.514
3176,上櫃,31.3,31.4,244.338
3178,上櫃,69.8,70.0,351.276
3188,上櫃,26.8,26.65,362.083
3191,上櫃,13.55,14.0,10.881
3205,上櫃,60.2,61.9,453.126
3206,上櫃,37.65,37.75,153.918
3207,上櫃,67.5,67.4,418.748
3211,上櫃,351.0,348.5,5991.278
3213,上櫃,105.0,106.5,911.272
3217,上櫃,165.0,162.0,836.522
3218,上櫃,132.0,132.0,193.018
3219,上櫃,63.0,68.8,575.011
3221,上櫃,42.05,45.7,21112.481
3224,上櫃,40.8,42.2,126.299
3226,上櫃,42.1,41.0,14.025
3227,上櫃,192.5,198.0,1875.795
3228,上櫃,131.5,134.5,620.441
3230,上櫃,38.8,39.45,418.939
3232,上櫃,22.25,22.45,48.601
3234,上櫃,113.0,112.5,1964.997
3236,上櫃,34.9,35.8,14760.222
3252,上櫃,20.3,20.0,45.0
3259,上櫃,17.4,17.3,46.0
3260,上櫃,371.0,360.5,15452.833
3264,上櫃,186.5,175.0,18971.859
3265,上櫃,170.0,169.5,3217.214
3268,上櫃,16.45,17.25,372.067
3272,上櫃,14.5,15.95,182.973
3276,上櫃,14.4,14.4,165.472
3284,上櫃,19.0,18.75,150.08
3285,上櫃,28.55,28.4,15.283
3287,上櫃,29.05,29.4,55.876
3288,上櫃,15.2,15.6,34.992
3289,上櫃,181.5,182.0,9837.093
3290,上櫃,50.8,49.4,1476.389
3293,上櫃,751.0,768.0,2009.494
3294,上櫃,33.3,33.25,495.492
3297,上櫃,36.4,36.5,181.64
3303,上櫃,46.2,46.6,184.65
3306,上櫃,47.3,47.45,143.383
3310,上櫃,69.7,70.0,136.193
3313,上櫃,12.95,13.1,140.704
3317,上櫃,51.4,51.1,1068.863
3322,上櫃,13.25,13.6,1231.654
3323,上櫃,32.8,32.8,591.841
3324,上櫃,986.0,1045.0,10102.443
3325,上櫃,12.15,12.15,242.826
3332,上櫃,61.8,61.0,10.103
3339,上櫃,59.0,63.0,13884.405
3349,上櫃,27.35,27.8,205.508
3354,上櫃,27.45,28.0,1691.086
3357,上櫃,173.0,175.0,6777.729
3360,上櫃,14.35,14.2,286.475
3362,上櫃,113.5,113.5,2190.079
3363,上櫃,848.0,830.0,7104.769
3372,上櫃,20.1,20.0,574.352
3373,上櫃,17.2,17.0,48.13
3374,上櫃,175.5,184.5,14669.508
3379,上櫃,37.5,37.15,164.404
3388,上櫃,90.3,90.3,1446.876
3390,上櫃,24.35,24.25,234.819
3402,上櫃,124.0,124.5,367.475
3426,上櫃,47.65,47.7,32.099
3430,上櫃,79.0,77.9,609.319
3434,上櫃,32.65,30.95,452.264
3438,上櫃,46.2,47.35,62.183
3441,上櫃,32.5,32.7,173.599
3444,上櫃,79.7,80.0,1212.927
3455,上櫃,184.0,186.0,1448.103
3465,上櫃,34.2,34.2,35.015
3466,上櫃,43.5,40.85,1110.275
3467,上櫃,59.8,59.4,1807.034
3479,上櫃,91.9,91.9,397.234
3483,上櫃,90.7,88.8,986.53
3484,上櫃,46.7,46.2,264.563
3489,上櫃,23.9,23.95,89.269
3490,上櫃,28.05,29.05,2039.069
3491,上櫃,1750.0,1750.0,1190.726
3492,上櫃,23.6,23.75,99.1
3498,上櫃,82.2,81.4,2234.136
3499,上櫃,17.0,16.95,157.18
3508,上櫃,26.7,26.5,940.664
3511,上櫃,19.35,19.5,79.193
3512,上櫃,21.7,21.6,83.666
3516,上櫃,19.85,20.0,11.145
3520,上櫃,14.1,13.95,155.584
3521,上櫃,14.05,14.2,98.63
3522,上櫃,13.05,13.1,229.897
3523,上櫃,12.2,12.4,6.096
3526,上櫃,278.0,266.5,2083.388
3527,上櫃,57.1,57.1,252.504
3529,上櫃,3450.0,3705.0,1180.778
3531,上櫃,22.95,22.75,6.152
3537,上櫃,46.0,46.35,165.857
3540,上櫃,28.25,27.3,273.718
3541,上櫃,23.85,23.85,39.547
3546,上櫃,71.4,71.8,177.035
3548,上櫃,104.0,102.0,1300.484
3551,上櫃,198.5,193.5,1666.457
3552,上櫃,54.6,54.1,340.874
3555,上櫃,236.5,236.5,1078.982
3556,上櫃,49.0,48.25,268.185
3558,上櫃,113.0,111.0,157.812
3564,上櫃,41.7,41.95,55.448
3567,上櫃,26.3,26.35,90.373
3570,上櫃,162.5,163.5,41.61
3577,上櫃,77.9,77.4,154.205
3580,上櫃,82.9,81.9,1075.413
3581,上櫃,108.5,108.5,1149.383
3587,上櫃,312.5,334.0,4162.249
3594,上櫃,44.05,43.3,224.144
3597,上櫃,24.6,24.8,31.0
3609,上櫃,25.9,25.9,110.485
3611,上櫃,187.0,187.5,31.043
3615,上櫃,32.65,32.45,1020.041
3623,上櫃,22.5,22.45,31.405
3624,上櫃,54.6,56.0,5867.537
3625,上櫃,17.25,17.0,275.024
3628,上櫃,68.1,67.1,189.584
3629,上櫃,17.2,18.0,16.0
3630,上櫃,29.0,28.9,534.261
3631,上櫃,26.85,26.7,79.411
3632,上櫃,9.01,9.04,35.852
3646,上櫃,23.35,23.3,42.214
3663,上櫃,73.0,71.0,3234.125
3664,上櫃,7.8,7.55,49.857
3666,上櫃,24.6,25.3,53.544
3672,上櫃,11.25,11.3,21.087
3675,上櫃,195.0,198.0,991.384
3680,上櫃,412.0,435.0,7671.897
3684,上櫃,58.0,57.7,37.689
3685,上櫃,32.5,32.95,471.039
3687,上櫃,69.1,69.5,43.306
3689,上櫃,136.5,135.5,6958.646
3691,上櫃,122.0,123.5,1498.226
3693,上櫃,604.0,602.0,3360.38
3707,上櫃,55.5,54.7,3995.036
3709,上櫃,70.9,69.0,1706.729
3710,上櫃,6.23,6.22,346.9
3713,上櫃,16.75,16.55,186.211
4102,上櫃,18.95,19.1,64.174
4105,上櫃,74.3,74.2,848.524
4107,上櫃,120.5,120.0,28.276
4109,上櫃,12.35,12.35,207.07
4111,上櫃,29.25,29.45,67.719
4113,上櫃,15.8,16.1,217.461
4114,上櫃,31.95,32.05,867.162
4116,上櫃,40.05,41.35,89.799
4120,上櫃,47.4,47.5,70.801
4121,上櫃,15.5,15.55,146.094
4123,上櫃,41.7,41.65,2882.203
4126,上櫃,81.1,80.8,23.588
4127,上櫃,35.8,36.3,122.133
4128,上櫃,17.35,17.75,3139.892
4129,上櫃,108.0,105.0,336.816
4130,上櫃,33.65,32.6,630.819
4131,上櫃,35.6,35.7,65.771
4138,上櫃,63.1,63.2,26.742
4139,上櫃,24.95,24.9,9.009
4147,上櫃,53.7,53.4,725.604
4153,上櫃,32.2,32.2,60.81
4154,上櫃,13.75,14.0,38.106
4157,上櫃,10.95,10.9,847.542
4160,上櫃,44.45,44.6,24.987
4161,上櫃,24.25,24.2,81.04
4162,上櫃,58.2,58.9,362.146
4163,上櫃,108.5,108.0,22.124
4166,上櫃,25.6,25.1,360.353
4167,上櫃,19.95,19.9,748.491
4168,上櫃,24.45,24.1,217.853
4171,上櫃,18.95,19.6,442.211
4173,上櫃,19.55,19.8,297.179
4174,上櫃,38.6,37.9,371.105
4175,上櫃,54.9,55.4,14.81
4183,上櫃,15.25,15.3,2.001
4188,上櫃,12.05,12.15,21.766
4192,上櫃,19.3,20.45,21.929
4198,上櫃,39.75,40.15,11.56
4205,上櫃,77.0,77.1,9.545
4207,上櫃,18.0,17.85,153.576
4303,上櫃,54.7,54.9,1071.382
4304,上櫃,28.1,28.25,43.939
4305,上櫃,43.6,45.0,8.001
4401,上櫃,14.95,14.9,85.864
4402,上櫃,16.4,16.5,53.425
4406,上櫃,9.85,9.98,5.0
4413,上櫃,17.6,17.9,6.0
4416,上櫃,13.2,13.75,538.67
4417,上櫃,47.8,47.95,108.491
4419,上櫃,45.05,45.1,9.001
4420,上櫃,45.1,44.8,53.813
4430,上櫃,17.35,17.3,26.233
4432,上櫃,15.35,15.15,37.421
4433,上櫃,20.1,20.65,23.868
4442,上櫃,58.5,57.7,106.96
4502,上櫃,16.05,15.9,34.247
4503,上櫃,41.25,40.7,114.264
4506,上櫃,120.0,121.0,50.656
4510,上櫃,48.0,47.1,2922.388
4513,上櫃,16.55,16.6,263.14
4523,上櫃,30.7,30.45,164.945
4527,上櫃,43.7,43.2,14.615
4528,上櫃,17.3,17.1,31.035
4529,上櫃,3.0,3.07,21.001
4530,上櫃,28.4,28.55,8.718
4533,上櫃,31.55,31.6,1602.299
4534,上櫃,26.3,26.6,1061.1
4535,上櫃,28.65,28.55,28.103
4538,上櫃,19.15,18.9,30.002
4541,上櫃,47.6,48.15,4460.482
4542,上櫃,173.0,171.5,651.279
4543,上櫃,35.45,37.4,4088.57
4549,上櫃,99.3,99.5,107.25
4550,上櫃,24.9,24.7,26.801
4554,上櫃,30.0,29.95,74.368
4556,上櫃,27.45,29.8,311.628
4558,上櫃,20.1,19.8,43.135
4561,上櫃,38.8,37.4,771.951
4563,上櫃,41.05,41.6,103.068
4568,上櫃,40.25,41.45,2.419
4577,上櫃,137.0,137.5,675.352
4580,上櫃,79.5,79.8,68.103
4584,上櫃,41.9,41.2,5.047
4609,上櫃,4.4,4.06,157.111
4702,上櫃,9.98,10.0,177.848
4706,上櫃,31.7,32.45,38.0
4707,上櫃,14.6,14.25,5693.656
4711,上櫃,15.4,15.35,105.722
4714,上櫃,14.5,15.7,5616.679
4716,上櫃,15.7,15.35,838.368
4721,上櫃,86.3,89.4,8015.766
4726,上櫃,29.85,30.35,325.042
4728,上櫃,397.5,400.0,14.48
4729,上櫃,20.2,20.5,487.015
4735,上櫃,30.65,30.6,18.551
4741,上櫃,52.8,57.0,320.06
4743,上櫃,54.9,55.7,2203.821
4744,上櫃,32.85,31.85,687.856
4745,上櫃,19.85,19.75,141.705
4747,上櫃,54.5,54.1,24.228
4749,上櫃,918.0,891.0,2931.077
4754,上櫃,37.45,37.7,36.011
4760,上櫃,268.0,266.0,681.593
4767,上櫃,27.65,27.9,10.867
4768,上櫃,488.0,479.0,1436.757
4772,上櫃,315.5,308.0,2775.738
4806,上櫃,10.4,10.15,7.393
4903,上櫃,49.35,49.05,6212.962
4905,上櫃,91.0,93.1,357.469
4907,上櫃,41.0,40.65,38.445
4908,上櫃,147.0,155.0,4116.323
4909,上櫃,64.5,63.3,2116.852
4911,上櫃,37.4,37.45,15.222
4923,上櫃,36.1,36.05,36.339
4924,上櫃,10.3,10.05,104.115
4931,上櫃,139.0,140.5,3038.875
4933,上櫃,59.9,60.1,137.568
4939,上櫃,34.1,37.45,14759.467
4946,上櫃,108.5,113.0,69.161
4950,上櫃,16.5,16.8,18.141
4951,上櫃,70.5,71.9,193.025
4953,上櫃,118.0,119.0,406.989
4966,上櫃,534.0,555.0,1763.227
4971,上櫃,711.0,698.0,327.932
4972,上櫃,17.0,17.0,21.624
4973,上櫃,76.9,76.8,2957.01
4974,上櫃,70.2,70.8,148.536
4979,上櫃,551.0,586.0,32773.935
4987,上櫃,81.4,81.4,23.602
4991,上櫃,609.0,600.0,1057.436
4995,上櫃,42.5,42.15,32.033
5009,上櫃,31.15,31.2,1491.312
5011,上櫃,13.65,15.0,1647.738
5013,上櫃,31.0,30.5,18.296
5014,上櫃,10.15,10.15,113.137
5015,上櫃,25.05,24.65,121.101
5016,上櫃,31.0,31.15,1116.731
5201,上櫃,39.5,39.4,26.326
5202,上櫃,12.8,12.9,186.787
5205,上櫃,26.9,26.0,13.18
5206,上櫃,27.85,25.4,1155.055
5209,上櫃,166.0,165.0,39.784
5210,上櫃,22.25,22.1,82.244
5211,上櫃,24.2,22.9,184.801
5212,上櫃,48.5,48.25,41.02
5213,上櫃,26.75,26.5,842.613
5220,上櫃,20.0,20.2,23.039
5223,上櫃,25.65,26.45,101.682
5227,上櫃,21.85,21.9,115.135
5228,上櫃,31.8,33.75,2025.729
5230,上櫃,19.05,17.8,1349.326
5236,上櫃,141.5,146.0,483.197
5245,上櫃,26.0,24.8,283.149
5251,上櫃,30.65,30.1,114.698
5263,上櫃,94.1,95.9,175.312
5272,上櫃,22.55,22.15,207.38
5274,上櫃,13640.0,14480.0,315.794
5276,上櫃,15.3,15.25,20.672
5278,上櫃,24.05,23.95,360.21
5287,上櫃,162.5,162.5,86.907
5289,上櫃,1125.0,1085.0,3587.423
5291,上櫃,73.8,72.2,1407.117
5299,上櫃,80.2,81.9,220.319
5301,上櫃,9.4,9.4,3.691
5302,上櫃,11.0,10.9,385.36
5309,上櫃,59.3,59.2,6421.884
5310,上櫃,26.0,25.5,32.049
5312,上櫃,97.4,98.5,41.384
5314,上櫃,78.5,81.0,9503.552
5315,上櫃,22.8,22.9,761.467
5321,上櫃,23.95,23.95,61.938
5324,上櫃,11.95,11.95,430.03
5328,上櫃,26.75,27.2,11023.229
5340,上櫃,115.5,125.0,10727.267
5344,上櫃,14.75,14.75,71.11
5345,上櫃,23.2,23.4,6.246
5347,上櫃,133.0,132.5,48689.384
5348,上櫃,17.0,17.0,14.026
5351,上櫃,68.5,66.5,9359.662
5353,上櫃,25.0,24.95,83.895
5355,上櫃,6.45,6.49,9.01
5356,上櫃,25.9,25.9,125.324
5364,上櫃,11.4,11.35,59.544
5371,上櫃,75.7,78.6,10478.153
5381,上櫃,24.25,24.8,636.824
5386,上櫃,411.5,355.0,5205.364
5392,上櫃,39.7,39.0,1526.243
5398,上櫃,20.75,21.3,34.021
5403,上櫃,94.0,94.4,95.488
5410,上櫃,32.2,32.3,210.505
5425,上櫃,59.5,59.8,11043.236
5426,上櫃,19.1,19.55,560.502
5432,上櫃,132.5,133.5,28.607
5438,上櫃,19.05,19.25,92.952
5439,上櫃,401.0,392.5,13966.604
5443,上櫃,118.0,114.0,4994.888
5450,上櫃,14.1,14.05,101.419
5452,上櫃,33.4,34.55,2297.932
5455,上櫃,23.8,24.2,3.292
5457,上櫃,38.25,37.95,704.857
5460,上櫃,14.95,14.9,55.483
5464,上櫃,30.3,29.8,334.118
5465,上櫃,25.9,26.05,96.316
5468,上櫃,18.35,18.35,39.414
5474,上櫃,145.5,145.0,198.706
5475,上櫃,330.0,335.0,4737.239
5478,上櫃,99.0,100.0,175.905
5481,上櫃,21.7,22.8,501.088
5483,上櫃,123.0,127.0,12808.416
5487,上櫃,28.75,29.05,20.138
5488,上櫃,10.1,10.2,161.736
5489,上櫃,41.0,40.9,46.25
5490,上櫃,26.05,26.3,251.423
5493,上櫃,84.1,83.5,365.018
5498,上櫃,64.2,69.3,26217.54
5508,上櫃,51.0,50.9,368.266
5511,上櫃,71.1,71.2,345.742
5512,上櫃,7.85,7.86,869.925
5514,上櫃,0.0,0.0,0.001
5516,上櫃,12.1,12.1,32.836
5520,上櫃,80.4,80.4,2.404
5523,上櫃,30.3,30.5,15.136
5529,上櫃,24.8,24.8,11.664
5530,上櫃,45.4,45.0,171.506
5536,上櫃,837.0,790.0,3859.16
5543,上櫃,26.5,26.8,41.31
5547,上櫃,22.2,22.2,38.14
5548,上櫃,24.35,24.4,75.997
5601,上櫃,36.95,36.95,3.068
5603,上櫃,16.8,16.85,105.822
5604,上櫃,34.2,34.4,26.172
5609,上櫃,79.0,79.6,158.84
5701,上櫃,3.43,3.58,36.99
5703,上櫃,14.85,14.95,13.077
5704,上櫃,22.15,22.2,84.121
5864,上櫃,25.45,25.25,1421.67
5878,上櫃,41.0,41.1,6.453
5902,上櫃,38.7,38.5,35.092
5903,上櫃,191.5,190.5,14.484
5904,上櫃,502.0,501.0,254.354
5905,上櫃,8.5,8.63,747.683
6015,上櫃,13.1,13.05,2058.492
6016,上櫃,17.2,17.1,2478.343
6020,上櫃,19.3,19.15,7.275
6021,上櫃,28.8,28.75,354.891
6023,上櫃,99.5,100.0,286.078
6026,上櫃,14.85,14.8,871.158
6028,上櫃,81.7,81.4,37.754
6101,上櫃,40.6,40.1,86.415
6103,上櫃,41.8,41.9,3.0
6104,上櫃,87.3,92.8,2788.444
6109,上櫃,12.0,11.9,330.142
6111,上櫃,45.6,47.25,1426.966
6113,上櫃,23.7,23.0,1362.45
6114,上櫃,29.5,29.45,13.372
6118,上櫃,17.15,17.1,179.662
6121,上櫃,352.5,348.5,510.623
6122,上櫃,50.8,50.3,335.553
6123,上櫃,42.3,42.25,96.324
6124,上櫃,30.95,31.7,101.236
6125,上櫃,56.7,56.5,1149.814
6126,上櫃,33.0,33.1,5741.825
6127,上櫃,47.9,51.3,42542.094
6129,上櫃,16.2,16.3,411.398
6130,上櫃,25.05,24.1,774.444
6134,上櫃,32.5,31.95,729.43
6138,上櫃,222.5,223.5,267.707
6140,上櫃,18.0,19.1,292.066
6143,上櫃,94.1,94.8,1264.251
6144,上櫃,16.95,16.35,7.008
6146,上櫃,214.0,216.0,549.665
6147,上櫃,107.5,114.0,23635.576
6148,上櫃,32.7,33.2,295.844
6150,上櫃,53.9,53.6,151.234
6151,上櫃,36.1,35.5,349.13
6154,上櫃,13.25,13.3,30.672
6156,上櫃,20.35,20.15,453.741
6158,上櫃,18.2,18.3,47.782
6160,上櫃,15.75,15.65,77.615
6161,上櫃,42.0,42.2,73.62
6163,上櫃,60.7,67.2,18479.434
6167,上櫃,14.3,14.35,1150.527
6169,上櫃,17.5,16.9,17.983
6170,上櫃,51.3,51.3,113.936
6171,上櫃,26.4,26.25,45.372
6173,上櫃,76.3,83.9,23912.892
6174,上櫃,24.9,27.3,3375.836
6175,上櫃,62.0,63.5,18192.664
6179,上櫃,25.1,24.55,1202.48
6180,上櫃,41.3,42.15,517.609
6182,上櫃,37.05,37.0,10290.885
6185,上櫃,14.0,14.05,185.374
6186,上櫃,40.6,41.05,435.446
6187,上櫃,1130.0,1105.0,6341.122
6188,上櫃,87.5,87.5,1896.585
6190,上櫃,62.2,63.2,5564.656
6194,上櫃,33.45,33.3,23.1
6195,上櫃,24.6,24.5,23.688
6198,上櫃,21.25,21.55,15.162
6199,上櫃,112.0,112.5,714.481
6203,上櫃,65.0,64.9,122.876
6204,上櫃,65.3,64.8,122.949
6207,上櫃,56.7,57.2,4188.126
6208,上櫃,75.0,75.4,5605.544
6210,上櫃,21.0,20.85,23.097
6212,上櫃,0.0,0.0,0.042
6217,上櫃,226.0,226.5,2181.628
6218,上櫃,35.5,38.2,1457.19
6219,上櫃,14.2,14.45,392.771
6220,上櫃,35.95,34.25,730.736
6221,上櫃,26.7,26.8,89.109
6222,上櫃,20.2,20.85,15.08
6223,上櫃,4700.0,4915.0,1243.028
6227,上櫃,92.5,93.1,593.609
6228,上櫃,25.0,25.0,1.201
6229,上櫃,25.05,24.7,673.659
6231,上櫃,256.0,261.5,712.701
6233,上櫃,26.75,26.5,305.197
6234,上櫃,32.95,33.8,4324.016
6236,上櫃,0.0,0.0,0.0
6237,上櫃,37.85,37.85,280.8
6240,上櫃,17.9,18.55,6.0
6241,上櫃,10.1,10.25,39.109
6242,上櫃,38.0,38.35,9.009
6244,上櫃,29.05,28.8,18301.716
6245,上櫃,78.4,78.9,1535.712
6246,上櫃,16.25,17.0,99.374
6248,上櫃,19.9,20.05,179.1
6259,上櫃,23.35,24.25,3482.825
6261,上櫃,79.2,78.6,1065.821
6263,上櫃,131.5,131.5,53.934
6264,上櫃,6.13,6.25,96.959
6265,上櫃,39.7,38.65,3844.844
6266,上櫃,27.95,28.1,293.102
6270,上櫃,25.2,25.35,280.67
6274,上櫃,945.0,960.0,15852.427
6275,上櫃,48.95,48.8,362.698
6276,上櫃,31.1,31.85,64.06
6279,上櫃,106.0,107.0,410.185
6284,上櫃,85.7,88.1,4195.944
6290,上櫃,227.0,226.5,16720.809
6291,上櫃,425.0,414.5,1602.579
6292,上櫃,49.0,48.3,191.559
6294,上櫃,38.9,39.65,59.591
6411,上櫃,76.0,77.5,263.955
6417,上櫃,109.5,121.0,374.577
6418,上櫃,29.05,29.2,140.666
6419,上櫃,127.5,136.0,1127.881
6423,上櫃,89.7,89.0,245.574
6425,上櫃,81.7,78.1,2970.229
6432,上櫃,39.0,39.5,908.427
6435,上櫃,163.5,164.0,497.483
6441,上櫃,19.45,20.95,667.166
6461,上櫃,18.1,18.0,84.206
6462,上櫃,107.5,116.5,3534.36
6465,上櫃,42.9,44.6,316.673
6469,上櫃,79.5,81.2,628.872
6470,上櫃,46.3,47.1,93.735
6474,上櫃,36.9,36.9,62.56
6482,上櫃,31.05,31.35,49.866
6485,上櫃,77.5,77.6,411.128
6486,上櫃,87.5,88.4,256.104
6488,上櫃,518.0,540.0,8129.658
6492,上櫃,53.3,54.5,494.737
6494,上櫃,53.7,53.4,252.007
6496,上櫃,26.2,26.3,13.926
6498,上櫃,94.2,95.1,103.989
6499,上櫃,86.4,84.4,583.332
6506,上櫃,16.9,16.95,134.654
6508,上櫃,26.55,26.35,81.565
6509,上櫃,45.0,44.55,2780.393
6510,上櫃,3800.0,3660.0,1737.043
6512,上櫃,19.6,19.45,24.044
6516,上櫃,61.8,61.3,35.735
6517,上櫃,61.4,60.7,302.567
6523,上櫃,107.5,106.5,124.559
6527,上櫃,69.8,70.1,29.292
6530,上櫃,109.5,114.5,5811.021
6532,上櫃,78.9,78.5,1058.626
6535,上櫃,135.0,135.0,130.316
6538,上櫃,70.9,74.0,228.099
6542,上櫃,50.5,50.8,3.013
6546,上櫃,71.5,71.0,559.437
6547,上櫃,51.5,50.7,4931.284
6548,上櫃,50.1,49.75,3756.839
6556,上櫃,69.5,69.0,3.3
6560,上櫃,38.3,38.5,75.076
6561,上櫃,372.5,373.5,124.814
6568,上櫃,209.0,208.5,693.564
6569,上櫃,101.0,100.5,46.484
6570,上櫃,40.3,40.25,108.813
6574,上櫃,99.7,103.0,46.501
6576,上櫃,76.2,77.0,151.162
6577,上櫃,78.2,78.5,23.217
6578,上櫃,17.8,17.8,63.435
6584,上櫃,655.0,676.0,1647.412
6588,上櫃,146.0,152.0,5247.561
6590,上櫃,69.9,69.9,1.925
6593,上櫃,38.0,37.35,51.618
6596,上櫃,103.5,101.5,228.224
6597,上櫃,58.0,57.5,18.071
6603,上櫃,23.05,23.15,817.769
6609,上櫃,39.8,39.0,210.061
6612,上櫃,69.0,70.0,28.467
6613,上櫃,245.0,236.0,750.53
6615,上櫃,34.0,33.7,25.408
6616,上櫃,9.95,10.05,6.201
6617,上櫃,67.2,68.0,171.991
6620,上櫃,72.9,73.4,592.738
6624,上櫃,57.0,57.8,8.252
6629,上櫃,107.5,110.5,63.481
6637,上櫃,71.8,72.1,20.585
6640,上櫃,1740.0,1625.0,1168.427
6642,上櫃,57.9,57.5,175.349
6643,上櫃,487.0,492.0,1053.522
6649,上櫃,39.55,40.25,47.518
6651,上櫃,91.6,91.9,19.4
6654,上櫃,86.8,87.8,12.151
6661,上櫃,18.4,18.2,7.001
6662,上櫃,30.0,30.4,6.502
6664,上櫃,431.0,434.0,3670.516
6667,上櫃,282.0,282.5,3270.729
6679,上櫃,264.0,266.0,388.845
6680,上櫃,55.8,55.8,1.512
6683,上櫃,1950.0,1890.0,176.287
6684,上櫃,43.5,47.75,521.442
6690,上櫃,170.0,170.5,51.319
6692,上櫃,32.55,32.2,57.942
6693,上櫃,150.0,141.5,1187.878
6697,上櫃,40.6,40.8,41.0
6703,上櫃,113.5,114.5,64.124
6708,上櫃,38.0,38.5,22.954
6712,上櫃,143.0,141.0,187.003
6716,上櫃,75.1,75.9,235.904
6720,上櫃,164.0,163.5,23.738
6721,上櫃,58.6,58.4,15.233
6725,上櫃,385.0,375.5,4010.478
6727,上櫃,379.5,392.0,192.305
6728,上櫃,120.0,118.0,18.669
6730,上櫃,38.85,39.0,15.027
6732,上櫃,151.0,152.0,241.632
6733,上櫃,31.45,31.1,122.879
6735,上櫃,72.1,69.0,207.556
6739,上櫃,1670.0,1575.0,1007.349
6741,上櫃,62.5,63.6,249.901
6751,上櫃,52.8,51.7,65.196
6752,上櫃,103.5,105.0,60.262
6761,上櫃,197.0,194.5,1721.283
6762,上櫃,163.5,163.0,5.077
6763,上櫃,49.3,49.35,324.643
6767,上櫃,28.0,28.0,8.166
6785,上櫃,167.5,172.5,94.549
6788,上櫃,391.0,392.0,1423.547
6791,上櫃,132.0,132.0,156.756
6803,上櫃,290.5,290.0,35.043
6804,上櫃,16.55,16.65,14.025
6811,上櫃,193.0,195.0,61.085
6821,上櫃,64.2,61.4,2693.65
6823,上櫃,71.5,70.1,327.353
6829,上櫃,168.0,179.5,5383.221
6840,上櫃,70.1,69.9,123.07
6841,上櫃,58.9,58.9,240.282
6843,上櫃,46.0,47.15,26.001
6844,上櫃,63.0,62.9,6.335
6846,上櫃,71.0,71.1,19.175
6855,上櫃,106.0,106.5,70.039
6856,上櫃,50.1,51.7,5.002
6859,上櫃,117.5,118.5,119.806
6865,上櫃,36.5,36.35,26.453
6870,上櫃,192.0,192.5,102.844
6872,上櫃,18.35,17.75,30.185
6874,上櫃,88.7,94.0,341.802
6875,上櫃,37.35,37.4,71.679
6877,上櫃,134.0,143.5,1452.284
6881,上櫃,250.0,251.5,12.064
6884,上櫃,34.75,34.7,18.0
6894,上櫃,358.5,362.5,213.723
6895,上櫃,162.0,165.0,65.174
6899,上櫃,55.5,54.5,48.08
6903,上櫃,387.0,383.0,842.486
6904,上櫃,120.0,121.0,10.184
6907,上櫃,139.5,142.0,648.252
6910,上櫃,29.4,29.3,122.722
6913,上櫃,129.0,128.0,250.122
6922,上櫃,165.5,167.0,79.225
6925,上櫃,71.8,72.4,75.12
6929,上櫃,30.8,30.5,14.086
6953,上櫃,221.5,229.5,94.382
6961,上櫃,57.2,57.4,38.829
6967,上櫃,70.8,71.3,132.47
6968,上櫃,47.5,46.95,95.799
6971,上櫃,29.45,29.35,20.188
6982,上櫃,58.3,58.9,39.482
6996,上櫃,189.5,182.5,283.355
6997,上櫃,82.0,82.0,1.012
700008,上櫃,0.22,0.26,268.0
700010,上櫃,19.8,18.7,5.0
700015,上櫃,0.0,0.0,0.0
700016,上櫃,0.0,0.0,0.0
700017,上櫃,0.0,0.0,0.0
700018,上櫃,0.73,0.69,182.0
700019,上櫃,0.45,0.47,75.0
700020,上櫃,0.52,0.54,40.0
700021,上櫃,0.0,0.0,0.0
700022,上櫃,3.4,3.53,1029.0
700023,上櫃,0.34,0.33,430.0
700024,上櫃,0.4,0.42,72.0
700025,上櫃,0.49,0.52,240.0
700027,上櫃,0.33,0.3,100.0
700028,上櫃,0.92,0.92,8.0
700029,上櫃,0.0,0.0,0.0
700030,上櫃,0.0,0.0,0.0
700032,上櫃,0.0,0.0,0.0
700033,上櫃,0.0,0.0,0.0
700034,上櫃,0.0,0.0,0.0
700035,上櫃,1.89,1.89,5.0
700042,上櫃,0.0,0.0,0.0
700043,上櫃,0.45,0.41,191.0
700044,上櫃,0.55,0.49,9.0
700045,上櫃,0.0,0.0,0.0
700046,上櫃,0.51,0.51,80.0
700047,上櫃,0.0,0.0,0.0
700050,上櫃,0.0,0.0,0.0
700051,上櫃,0.0,0.0,0.0
700052,上櫃,0.0,0.0,0.0
700054,上櫃,1.19,1.34,90.0
700057,上櫃,0.06,0.06,1.0
700058,上櫃,0.0,0.0,0.0
700059,上櫃,0.0,0.0,0.0
700060,上櫃,0.0,0.0,0.0
700061,上櫃,0.0,0.0,0.0
700062,上櫃,0.0,0.0,0.0
700063,上櫃,0.0,0.0,0.0
700064,上櫃,0.0,0.0,0.0
700065,上櫃,0.18,0.18,1153.0
700066,上櫃,0.0,0.0,0.0
700067,上櫃,0.0,0.0,0.0
700068,上櫃,0.0,0.0,0.0
700069,上櫃,0.0,0.0,0.0
70006C,上櫃,0.0,0.0,0.0
700070,上櫃,0.0,0.0,0.0
700074,上櫃,0.0,0.0,0.0
700075,上櫃,0.0,0.0,0.0
700076,上櫃,0.0,0.0,0.0
700077,上櫃,0.57,0.64,83.0
700078,上櫃,16.0,16.0,1.0
700083,上櫃,0.0,0.0,0.0
700086,上櫃,0.0,0.0,0.0
700092,上櫃,0.0,0.0,0.0
700096,上櫃,0.01,0.01,30.0
700099,上櫃,2.09,2.09,100.0
700102,上櫃,0.0,0.0,0.0
700103,上櫃,0.23,0.21,101.0
700113,上櫃,1.08,1.29,229.0
700117,上櫃,0.0,0.0,0.0
700118,上櫃,0.0,0.0,0.0
700119,上櫃,0.0,0.0,0.0
700120,上櫃,0.02,0.02,39.0
700121,上櫃,0.0,0.0,0.0
700122,上櫃,0.0,0.0,0.0
700124,上櫃,0.0,0.0,0.0
700125,上櫃,0.0,0.0,0.0
700126,上櫃,0.0,0.0,0.0
700127,上櫃,0.03,0.09,230.0
700128,上櫃,0.0,0.0,0.0
700129,上櫃,0.0,0.0,0.0
700130,上櫃,0.0,0.0,0.0
700132,上櫃,0.21,0.21,30.0
700133,上櫃,0.16,0.16,327.0
700134,上櫃,0.26,0.26,2.0
700135,上櫃,0.0,0.0,0.0
700137,上櫃,0.0,0.0,0.0
700138,上櫃,0.0,0.0,0.0
700139,上櫃,0.0,0.0,0.0
700141,上櫃,0.0,0.0,0.0
700142,上櫃,0.0,0.0,0.0
700143,上櫃,0.0,0.0,0.0
700144,上櫃,0.0,0.0,0.0
700146,上櫃,0.0,0.0,0.0
700149,上櫃,28.2,28.2,1.0
700150,上櫃,0.0,0.0,0.0
700151,上櫃,3.41,3.41,10.0
700153,上櫃,0.0,0.0,0.0
700154,上櫃,0.13,0.12,100.0
700155,上櫃,0.2,0.24,53.0
700157,上櫃,0.0,0.0,0.0
700163,上櫃,0.0,0.0,0.0
700164,上櫃,8.75,8.75,1.0
700170,上櫃,0.0,0.0,0.0
700171,上櫃,0.03,0.03,10.0
700173,上櫃,1.94,2.21,331.0
700176,上櫃,0.16,0.15,120.0
700178,上櫃,0.0,0.0,0.0
700179,上櫃,0.0,0.0,0.0
700180,上櫃,0.0,0.0,0.0
700183,上櫃,0.0,0.0,0.0
700184,上櫃,0.45,0.46,571.0
700185,上櫃,0.08,0.08,1.0
700186,上櫃,0.27,0.28,21.0
700187,上櫃,0.4,0.41,35.0
700188,上櫃,0.3,0.36,5154.0
700189,上櫃,0.0,0.0,0.0
700190,上櫃,4.63,4.63,299.0
700191,上櫃,0.25,0.25,500.0
700192,上櫃,0.0,0.0,0.0
700193,上櫃,0.0,0.0,0.0
700194,上櫃,0.0,0.0,0.0
700195,上櫃,0.66,0.78,2258.0
700196,上櫃,0.0,0.0,0.0
700197,上櫃,0.26,0.26,48.0
700198,上櫃,0.37,0.37,46.0
700199,上櫃,1.3,1.27,25.0
700200,上櫃,6.65,6.8,7.0
700201,上櫃,2.75,2.85,178.0
700202,上櫃,0.64,0.61,824.0
700203,上櫃,0.27,0.28,147.0
700204,上櫃,0.58,0.65,858.0
700205,上櫃,0.54,0.63,3775.0
700206,上櫃,0.48,0.54,1086.0
700207,上櫃,0.7,0.75,2661.0
700208,上櫃,0.0,0.0,0.0
700212,上櫃,0.0,0.0,0.0
700227,上櫃,0.06,0.06,100.0
700228,上櫃,0.36,0.39,537.0
700229,上櫃,0.0,0.0,0.0
700230,上櫃,0.0,0.0,0.0
700231,上櫃,9.9,9.9,1.0
700232,上櫃,0.0,0.0,0.0
700243,上櫃,0.0,0.0,0.0
700245,上櫃,0.0,0.0,0.0
700247,上櫃,0.0,0.0,0.0
700248,上櫃,0.0,0.0,0.0
700249,上櫃,0.56,0.66,15.0
700250,上櫃,0.02,0.02,150.0
700251,上櫃,0.0,0.0,0.0
700252,上櫃,0.0,0.0,0.0
700253,上櫃,0.0,0.0,0.0
700254,上櫃,0.32,0.35,532.0
700255,上櫃,11.0,10.7,19.0
700256,上櫃,0.0,0.0,0.0
700257,上櫃,0.35,0.35,1.0
700258,上櫃,0.43,0.42,35.0
700259,上櫃,0.0,0.0,0.0
700260,上櫃,0.24,0.24,1.0
700261,上櫃,3.41,3.35,132.0
700262,上櫃,0.26,0.26,50.0
700263,上櫃,0.0,0.0,0.0
700264,上櫃,0.32,0.32,48.0
700265,上櫃,1.33,1.71,277.0
700266,上櫃,1.71,1.71,36.0
700267,上櫃,2.16,2.16,89.0
700268,上櫃,0.0,0.0,0.0
700269,上櫃,0.0,0.0,0.0
700270,上櫃,0.14,0.15,308.0
700271,上櫃,0.0,0.0,0.0
700272,上櫃,0.42,0.32,172.0
700273,上櫃,0.45,0.45,10.0
700274,上櫃,0.0,0.0,0.0
700275,上櫃,0.79,0.84,678.0
700276,上櫃,0.74,0.8,324.0
700277,上櫃,0.0,0.0,0.0
700278,上櫃,0.0,0.0,0.0
700279,上櫃,4.27,4.38,15.0
700281,上櫃,0.0,0.0,0.0
700282,上櫃,2.6,2.6,400.0
700283,上櫃,2.13,3.37,501.0
700284,上櫃,0.0,0.0,0.0
700285,上櫃,0.0,0.0,0.0
700286,上櫃,0.0,0.0,0.0
700287,上櫃,0.0,0.0,0.0
700288,上櫃,0.0,0.0,0.0
700289,上櫃,18.0,18.0,3.0
700290,上櫃,0.0,0.0,0.0
700291,上櫃,0.0,0.0,0.0
700292,上櫃,0.0,0.0,0.0
700300,上櫃,1.43,1.43,1.0
700301,上櫃,0.06,0.06,234.0
700302,上櫃,0.0,0.0,0.0
700303,上櫃,0.0,0.0,0.0
700304,上櫃,0.0,0.0,0.0
700305,上櫃,0.0,0.0,0.0
700306,上櫃,0.0,0.0,0.0
700307,上櫃,0.0,0.0,0.0
700308,上櫃,0.0,0.0,0.0
700309,上櫃,0.0,0.0,0.0
700310,上櫃,0.0,0.0,0.0
700313,上櫃,0.0,0.0,0.0
700317,上櫃,1.45,1.45,160.0
700321,上櫃,0.0,0.0,0.0
700329,上櫃,0.0,0.0,0.0
700330,上櫃,0.0,0.0,0.0
700331,上櫃,0.0,0.0,0.0
700332,上櫃,0.0,0.0,0.0
700333,上櫃,0.0,0.0,0.0
700337,上櫃,0.0,0.0,0.0
700338,上櫃,0.0,0.0,0.0
700339,上櫃,0.0,0.0,0.0
700340,上櫃,0.0,0.0,0.0
700342,上櫃,0.0,0.0,0.0
700343,上櫃,0.26,0.26,30.0
700344,上櫃,0.41,0.41,25.0
700345,上櫃,0.7,0.72,641.0
700346,上櫃,1.13,1.15,1805.0
700347,上櫃,0.17,0.17,2.0
700348,上櫃,0.0,0.0,0.0
700349,上櫃,0.19,0.18,202.0
700350,上櫃,0.46,0.45,90.0
700351,上櫃,0.0,0.0,0.0
700352,上櫃,0.0,0.0,0.0
700353,上櫃,0.38,0.38,20.0
700354,上櫃,0.63,0.53,147.0
700355,上櫃,0.28,0.28,50.0
700356,上櫃,1.87,1.87,49.0
700357,上櫃,0.37,0.38,11.0
700358,上櫃,0.0,0.0,0.0
700359,上櫃,0.77,0.81,194.0
700360,上櫃,0.0,0.0,0.0
700361,上櫃,0.09,0.08,450.0
700364,上櫃,0.0,0.0,0.0
700366,上櫃,0.0,0.0,0.0
700367,上櫃,0.0,0.0,0.0
700377,上櫃,0.0,0.0,0.0
700380,上櫃,0.0,0.0,0.0
700381,上櫃,0.0,0.0,0.0
700382,上櫃,0.0,0.0,0.0
700383,上櫃,0.0,0.0,0.0
700384,上櫃,2.74,3.39,314.0
700385,上櫃,0.0,0.0,0.0
700394,上櫃,0.0,0.0,0.0
700395,上櫃,0.0,0.0,0.0
700397,上櫃,0.57,0.57,1.0
700399,上櫃,0.0,0.0,0.0
700400,上櫃,0.0,0.0,0.0
700402,上櫃,7.05,7.05,20.0
700405,上櫃,0.0,0.0,0.0
700406,上櫃,1.51,1.24,51.0
700407,上櫃,2.48,3.05,278.0
700408,上櫃,0.0,0.0,0.0
700410,上櫃,0.0,0.0,0.0
700411,上櫃,0.21,0.22,179.0
700412,上櫃,2.85,2.92,25.0
700413,上櫃,1.63,1.74,209.0
700414,上櫃,0.0,0.0,0.0
700415,上櫃,1.56,1.81,526.0
700416,上櫃,0.87,0.82,2323.0
700417,上櫃,0.44,0.45,168.0
700418,上櫃,4.32,5.25,472.0
700419,上櫃,4.96,5.05,299.0
700421,上櫃,0.0,0.0,0.0
700429,上櫃,0.0,0.0,0.0
700430,上櫃,0.0,0.0,0.0
700436,上櫃,0.65,0.58,42.0
700439,上櫃,4.22,5.0,674.0
700442,上櫃,5.3,7.7,14.0
700443,上櫃,7.55,7.55,14.0
700444,上櫃,0.0,0.0,0.0
700445,上櫃,0.0,0.0,0.0
700447,上櫃,0.0,0.0,0.0
700448,上櫃,0.02,0.02,134.0
700449,上櫃,0.0,0.0,0.0
700450,上櫃,0.0,0.0,0.0
700451,上櫃,1.49,1.63,197.0
700452,上櫃,0.0,0.0,0.0
700453,上櫃,59.0,70.0,64.0
700454,上櫃,0.0,0.0,0.0
700455,上櫃,0.0,0.0,0.0
700456,上櫃,0.0,0.0,0.0
700458,上櫃,0.55,0.5,92.0
700459,上櫃,4.09,4.09,1.0
700460,上櫃,0.0,0.0,0.0
700461,上櫃,0.45,0.37,122.0
700464,上櫃,7.05,7.1,52.0
700467,上櫃,0.0,0.0,0.0
700468,上櫃,1.04,1.04,19.0
700469,上櫃,0.0,0.0,0.0
700471,上櫃,0.14,0.14,2.0
700472,上櫃,0.0,0.0,0.0
700475,上櫃,0.3,0.38,50.0
700481,上櫃,0.0,0.0,0.0
700482,上櫃,0.0,0.0,0.0
700484,上櫃,0.0,0.0,0.0
700493,上櫃,0.0,0.0,0.0
700495,上櫃,0.78,1.04,5.0
700496,上櫃,0.25,0.23,63.0
700499,上櫃,0.0,0.0,0.0
700502,上櫃,0.0,0.0,0.0
700507,上櫃,0.0,0.0,0.0
700508,上櫃,0.0,0.0,0.0
700509,上櫃,1.9,1.9,1.0
700514,上櫃,0.0,0.0,0.0
700515,上櫃,0.13,0.16,423.0
700516,上櫃,0.0,0.0,0.0
700517,上櫃,0.0,0.0,0.0
700518,上櫃,0.0,0.0,0.0
700520,上櫃,0.0,0.0,0.0
700522,上櫃,0.0,0.0,0.0
700523,上櫃,0.13,0.13,1001.0
700530,上櫃,0.47,0.65,469.0
700532,上櫃,0.27,0.35,280.0
700534,上櫃,0.0,0.0,0.0
700538,上櫃,0.0,0.0,0.0
700542,上櫃,2.2,2.35,165.0
700544,上櫃,0.0,0.0,0.0
700545,上櫃,0.0,0.0,0.0
700546,上櫃,0.33,0.24,145.0
700547,上櫃,0.0,0.0,0.0
700548,上櫃,0.0,0.0,0.0
700549,上櫃,6.7,6.7,2.0
700550,上櫃,0.0,0.0,0.0
700551,上櫃,1.02,1.02,12.0
700552,上櫃,9.35,9.7,4.0
700553,上櫃,0.0,0.0,0.0
700554,上櫃,4.85,4.85,2.0
700555,上櫃,0.63,0.7,18.0
700556,上櫃,3.3,3.3,10.0
700557,上櫃,0.0,0.0,0.0
700558,上櫃,0.11,0.1,96.0
700559,上櫃,12.7,12.7,10.0
700560,上櫃,0.0,0.0,0.0
700563,上櫃,0.59,1.3,179.0
700564,上櫃,0.0,0.0,0.0
700566,上櫃,0.0,0.0,0.0
700569,上櫃,8.45,8.75,11.0
700571,上櫃,0.0,0.0,0.0
700573,上櫃,4.22,4.22,15.0
700576,上櫃,0.95,0.95,161.0
700579,上櫃,2.07,1.68,4.0
700580,上櫃,0.0,0.0,0.0
700581,上櫃,0.05,0.05,859.0
700582,上櫃,6.2,6.45,5.0
700583,上櫃,0.0,0.0,0.0
700584,上櫃,0.54,0.72,1874.0
700585,上櫃,0.28,0.28,10.0
700588,上櫃,0.0,0.0,0.0
700590,上櫃,9.7,10.5,14.0
700594,上櫃,0.7,0.76,510.0
700595,上櫃,5.35,5.75,34.0
700598,上櫃,0.0,0.0,0.0
700599,上櫃,0.0,0.0,0.0
700600,上櫃,0.0,0.0,0.0
700601,上櫃,0.0,0.0,0.0
700602,上櫃,0.0,0.0,0.0
700603,上櫃,1.41,1.35,3.0
700604,上櫃,0.04,0.04,6.0
700605,上櫃,0.0,0.0,0.0
700607,上櫃,0.0,0.0,0.0
700608,上櫃,0.0,0.0,0.0
700609,上櫃,0.0,0.0,0.0
700610,上櫃,0.0,0.0,0.0
700613,上櫃,0.0,0.0,0.0
700614,上櫃,0.0,0.0,0.0
700616,上櫃,1.33,1.33,104.0
700620,上櫃,0.0,0.0,0.0
700623,上櫃,0.0,0.0,0.0
700624,上櫃,0.0,0.0,0.0
700630,上櫃,0.0,0.0,0.0
700631,上櫃,0.0,0.0,0.0
700635,上櫃,4.14,4.14,2.0
700638,上櫃,0.46,0.52,529.0
700647,上櫃,0.84,0.84,459.0
700650,上櫃,0.0,0.0,0.0
700654,上櫃,0.0,0.0,0.0
700655,上櫃,0.0,0.0,0.0
700656,上櫃,0.0,0.0,0.0
700657,上櫃,0.31,0.34,102.0
700658,上櫃,0.0,0.0,0.0
700660,上櫃,0.7,0.72,60.0
700661,上櫃,0.0,0.0,0.0
700662,上櫃,0.0,0.0,0.0
700664,上櫃,0.0,0.0,0.0
700665,上櫃,0.0,0.0,0.0
700666,上櫃,1.12,1.25,30.0
700667,上櫃,0.0,0.0,0.0
700668,上櫃,0.0,0.0,0.0
700669,上櫃,1.99,2.11,88.0
700670,上櫃,0.25,0.25,858.0
700671,上櫃,0.0,0.0,0.0
700672,上櫃,5.2,5.35,5.0
700673,上櫃,0.91,1.09,642.0
700674,上櫃,1.07,1.27,521.0
700675,上櫃,0.94,0.92,157.0
700676,上櫃,0.76,0.66,1600.0
700677,上櫃,0.82,0.76,1072.0
700678,上櫃,0.0,0.0,0.0
700679,上櫃,0.0,0.0,0.0
700680,上櫃,5.55,5.55,10.0
700681,上櫃,0.45,0.46,870.0
700682,上櫃,3.43,3.49,243.0
700683,上櫃,6.3,7.0,4.0
700684,上櫃,0.0,0.0,0.0
700685,上櫃,0.56,0.61,878.0
700686,上櫃,0.73,0.74,419.0
700687,上櫃,0.47,0.47,1.0
700688,上櫃,2.6,2.46,504.0
700689,上櫃,0.0,0.0,0.0
700692,上櫃,0.0,0.0,0.0
700697,上櫃,0.0,0.0,0.0
700698,上櫃,0.0,0.0,0.0
700699,上櫃,0.0,0.0,0.0
700700,上櫃,0.0,0.0,0.0
700701,上櫃,4.81,7.5,13.0
700702,上櫃,0.0,0.0,0.0
700703,上櫃,0.0,0.0,0.0
700704,上櫃,0.0,0.0,0.0
700705,上櫃,0.0,0.0,0.0
700706,上櫃,0.14,0.15,12.0
700707,上櫃,2.72,2.77,6.0
700708,上櫃,0.0,0.0,0.0
700709,上櫃,0.3,0.36,73.0
700710,上櫃,0.43,0.42,400.0
700711,上櫃,3.2,3.4,422.0
700712,上櫃,0.4,0.4,5.0
700713,上櫃,0.0,0.0,0.0
700714,上櫃,0.0,0.0,0.0
700715,上櫃,0.0,0.0,0.0
700716,上櫃,0.0,0.0,0.0
700717,上櫃,0.0,0.0,0.0
700718,上櫃,0.0,0.0,0.0
700719,上櫃,0.0,0.0,0.0
700720,上櫃,0.0,0.0,0.0
700721,上櫃,0.21,0.2,1545.0
700722,上櫃,0.0,0.0,0.0
700723,上櫃,0.0,0.0,0.0
700724,上櫃,2.25,2.25,1.0
700725,上櫃,0.0,0.0,0.0
700726,上櫃,0.0,0.0,0.0
700727,上櫃,0.0,0.0,0.0
700728,上櫃,0.0,0.0,0.0
700729,上櫃,0.0,0.0,0.0
700730,上櫃,0.0,0.0,0.0
700731,上櫃,0.0,0.0,0.0
700732,上櫃,0.0,0.0,0.0
700733,上櫃,0.0,0.0,0.0
700734,上櫃,0.0,0.0,0.0
700735,上櫃,0.0,0.0,0.0
700736,上櫃,0.0,0.0,0.0
700737,上櫃,0.0,0.0,0.0
700738,上櫃,0.94,1.04,203.0
700739,上櫃,16.2,16.2,1.0
700740,上櫃,0.0,0.0,0.0
700741,上櫃,0.07,0.07,3.0
700742,上櫃,0.38,0.38,12.0
700743,上櫃,0.0,0.0,0.0
700744,上櫃,0.0,0.0,0.0
700745,上櫃,0.0,0.0,0.0
700746,上櫃,0.4,0.4,10.0
700747,上櫃,0.0,0.0,0.0
700748,上櫃,0.0,0.0,0.0
700749,上櫃,0.0,0.0,0.0
700750,上櫃,13.7,13.7,3.0
700751,上櫃,0.0,0.0,0.0
700752,上櫃,0.0,0.0,0.0
700753,上櫃,0.0,0.0,0.0
700754,上櫃,0.52,0.52,7.0
700755,上櫃,2.68,2.53,161.0
700756,上櫃,2.27,2.17,247.0
700757,上櫃,4.35,3.73,342.0
700758,上櫃,0.89,0.89,100.0
700759,上櫃,0.0,0.0,0.0
700760,上櫃,0.0,0.0,0.0
700761,上櫃,0.0,0.0,0.0
700762,上櫃,0.0,0.0,0.0
700763,上櫃,0.0,0.0,0.0
700764,上櫃,0.0,0.0,0.0
700765,上櫃,0.0,0.0,0.0
700766,上櫃,0.0,0.0,0.0
700767,上櫃,0.0,0.0,0.0
700768,上櫃,1.79,1.79,19.0
700769,上櫃,11.7,12.7,2.0
700770,上櫃,0.0,0.0,0.0
700771,上櫃,0.0,0.0,0.0
700772,上櫃,0.0,0.0,0.0
700773,上櫃,0.3,0.2,209.0
700774,上櫃,1.2,1.11,1235.0
700775,上櫃,0.0,0.0,0.0
700776,上櫃,0.04,0.04,100.0
700777,上櫃,0.0,0.0,0.0
700778,上櫃,0.0,0.0,0.0
700779,上櫃,0.63,0.88,71.0
700780,上櫃,0.0,0.0,0.0
700781,上櫃,0.0,0.0,0.0
700782,上櫃,0.26,0.17,571.0
700783,上櫃,0.0,0.0,0.0
700784,上櫃,4.83,4.83,3.0
700785,上櫃,0.0,0.0,0.0
700786,上櫃,7.0,7.0,1.0
700787,上櫃,3.8,4.48,7.0
700788,上櫃,0.0,0.0,0.0
700789,上櫃,1.08,1.17,598.0
700790,上櫃,0.0,0.0,0.0
700791,上櫃,0.0,0.0,0.0
700792,上櫃,0.0,0.0,0.0
700793,上櫃,0.0,0.0,0.0
700794,上櫃,0.0,0.0,0.0
700795,上櫃,3.21,3.16,44.0
700796,上櫃,0.0,0.0,0.0
700797,上櫃,0.0,0.0,0.0
700798,上櫃,0.0,0.0,0.0
700799,上櫃,0.0,0.0,0.0
700800,上櫃,0.27,0.3,421.0
700801,上櫃,0.02,0.02,25.0
700802,上櫃,0.0,0.0,0.0
700803,上櫃,0.0,0.0,0.0
700804,上櫃,0.0,0.0,0.0
700805,上櫃,0.0,0.0,0.0
700806,上櫃,0.0,0.0,0.0
700807,上櫃,0.0,0.0,0.0
700808,上櫃,0.31,0.31,1.0
700809,上櫃,0.0,0.0,0.0
700810,上櫃,0.22,0.22,80.0
700811,上櫃,0.75,0.82,248.0
700812,上櫃,0.68,0.9,789.0
700813,上櫃,0.0,0.0,0.0
700814,上櫃,0.0,0.0,0.0
700815,上櫃,0.0,0.0,0.0
700816,上櫃,0.01,0.01,114.0
700817,上櫃,0.0,0.0,0.0
700818,上櫃,0.0,0.0,0.0
700819,上櫃,0.0,0.0,0.0
700820,上櫃,0.0,0.0,0.0
700821,上櫃,5.9,5.9,3.0
700822,上櫃,0.0,0.0,0.0
700823,上櫃,0.42,0.39,65.0
700824,上櫃,0.0,0.0,0.0
700825,上櫃,0.0,0.0,0.0
700826,上櫃,0.02,0.02,20.0
700827,上櫃,0.19,0.19,5.0
700828,上櫃,0.0,0.0,0.0
700829,上櫃,0.26,0.26,2.0
700830,上櫃,0.5,0.56,1757.0
700831,上櫃,0.0,0.0,0.0
700832,上櫃,0.0,0.0,0.0
700833,上櫃,0.0,0.0,0.0
700834,上櫃,0.0,0.0,0.0
700835,上櫃,1.8,1.8,50.0
700836,上櫃,0.0,0.0,0.0
700837,上櫃,0.0,0.0,0.0
700838,上櫃,1.19,1.32,5.0
700839,上櫃,0.0,0.0,0.0
700840,上櫃,0.0,0.0,0.0
700841,上櫃,0.0,0.0,0.0
700842,上櫃,0.0,0.0,0.0
700843,上櫃,0.55,0.52,1987.0
700844,上櫃,0.63,0.68,2226.0
700845,上櫃,0.49,0.51,411.0
700846,上櫃,0.0,0.0,0.0
700847,上櫃,1.75,1.88,4.0
700848,上櫃,4.2,4.2,1.0
700849,上櫃,0.32,0.37,100.0
700850,上櫃,0.0,0.0,0.0
700851,上櫃,0.76,1.03,13.0
700852,上櫃,0.0,0.0,0.0
700853,上櫃,0.0,0.0,0.0
700854,上櫃,0.0,0.0,0.0
700855,上櫃,0.0,0.0,0.0
700856,上櫃,0.0,0.0,0.0
700857,上櫃,1.81,1.9,12.0
700858,上櫃,0.0,0.0,0.0
700859,上櫃,0.0,0.0,0.0
700860,上櫃,0.34,0.33,66.0
700861,上櫃,0.0,0.0,0.0
700862,上櫃,0.0,0.0,0.0
700863,上櫃,0.0,0.0,0.0
700864,上櫃,0.0,0.0,0.0
700865,上櫃,0.0,0.0,0.0
700866,上櫃,0.55,0.5,8.0
700867,上櫃,0.0,0.0,0.0
700868,上櫃,0.95,1.87,53.0
700869,上櫃,1.42,1.42,10.0
700870,上櫃,0.62,1.25,5.0
700871,上櫃,0.0,0.0,0.0
700872,上櫃,0.0,0.0,0.0
700873,上櫃,0.0,0.0,0.0
700874,上櫃,0.0,0.0,0.0
700875,上櫃,1.39,1.6,97.0
700876,上櫃,37.0,39.0,12.0
700877,上櫃,0.0,0.0,0.0
700878,上櫃,0.14,0.1,102.0
700879,上櫃,0.0,0.0,0.0
700880,上櫃,0.0,0.0,0.0
700881,上櫃,0.0,0.0,0.0
700882,上櫃,0.0,0.0,0.0
700883,上櫃,0.0,0.0,0.0
700884,上櫃,0.0,0.0,0.0
700885,上櫃,0.01,0.01,50.0
700886,上櫃,0.0,0.0,0.0
700887,上櫃,2.39,3.9,74.0
700888,上櫃,0.36,0.41,53.0
700889,上櫃,0.0,0.0,0.0
700890,上櫃,0.0,0.0,0.0
700891,上櫃,0.0,0.0,0.0
700892,上櫃,1.7,1.82,13.0
700893,上櫃,0.6,0.63,38.0
700894,上櫃,2.16,2.37,324.0
700895,上櫃,0.0,0.0,0.0
700896,上櫃,0.0,0.0,0.0
700897,上櫃,0.0,0.0,0.0
700898,上櫃,0.92,1.11,2005.0
700899,上櫃,1.33,1.62,1753.0
700900,上櫃,0.27,0.27,13.0
700901,上櫃,0.0,0.0,0.0
700902,上櫃,0.61,0.59,201.0
700903,上櫃,0.0,0.0,0.0
700904,上櫃,6.2,6.5,100.0
700905,上櫃,5.3,7.2,12.0
700906,上櫃,2.4,3.36,60.0
700907,上櫃,3.55,4.54,282.0
700908,上櫃,0.08,0.08,6.0
700909,上櫃,0.02,0.02,140.0
700910,上櫃,0.0,0.0,0.0
700911,上櫃,0.0,0.0,0.0
700912,上櫃,0.0,0.0,0.0
700913,上櫃,1.09,1.0,43.0
700914,上櫃,1.15,1.15,33.0
700915,上櫃,0.0,0.0,0.0
700916,上櫃,0.0,0.0,0.0
700917,上櫃,0.19,0.21,529.0
700918,上櫃,0.0,0.0,0.0
700919,上櫃,0.03,0.03,151.0
700920,上櫃,42.1,43.1,2.0
700921,上櫃,0.0,0.0,0.0
700922,上櫃,0.05,0.05,120.0
700923,上櫃,0.07,0.11,4358.0
700924,上櫃,0.63,0.8,4.0
700925,上櫃,0.67,0.66,29.0
700926,上櫃,0.0,0.0,0.0
700927,上櫃,0.0,0.0,0.0
700928,上櫃,5.0,4.93,50.0
700929,上櫃,4.2,5.4,49.0
700930,上櫃,0.0,0.0,0.0
700931,上櫃,1.24,1.95,45.0
700932,上櫃,0.0,0.0,0.0
700933,上櫃,0.0,0.0,0.0
700934,上櫃,0.0,0.0,0.0
700935,上櫃,0.0,0.0,0.0
700936,上櫃,0.0,0.0,0.0
700937,上櫃,2.62,4.36,13.0
700938,上櫃,0.79,0.78,70.0
700939,上櫃,0.0,0.0,0.0
700940,上櫃,0.0,0.0,0.0
700941,上櫃,0.0,0.0,0.0
700942,上櫃,0.01,0.01,70.0
700943,上櫃,0.0,0.0,0.0
700944,上櫃,0.1,0.13,189.0
700945,上櫃,0.08,0.09,23.0
700946,上櫃,0.0,0.0,0.0
700947,上櫃,0.0,0.0,0.0
700948,上櫃,0.0,0.0,0.0
700949,上櫃,1.65,1.83,290.0
700950,上櫃,0.0,0.0,0.0
700951,上櫃,0.0,0.0,0.0
700952,上櫃,0.14,0.16,600.0
700953,上櫃,0.0,0.0,0.0
700954,上櫃,0.0,0.0,0.0
700955,上櫃,0.0,0.0,0.0
700956,上櫃,0.0,0.0,0.0
700957,上櫃,0.0,0.0,0.0
700958,上櫃,0.0,0.0,0.0
700959,上櫃,1.78,2.5,224.0
700960,上櫃,0.0,0.0,0.0
700961,上櫃,0.0,0.0,0.0
700962,上櫃,0.0,0.0,0.0
700963,上櫃,0.0,0.0,0.0
700964,上櫃,1.98,1.84,198.0
700965,上櫃,0.0,0.0,0.0
700966,上櫃,0.0,0.0,0.0
700967,上櫃,0.0,0.0,0.0
700968,上櫃,0.0,0.0,0.0
700969,上櫃,18.3,18.3,6.0
700970,上櫃,0.0,0.0,0.0
700971,上櫃,0.0,0.0,0.0
700972,上櫃,0.25,0.23,4.0
700973,上櫃,0.0,0.0,0.0
700974,上櫃,0.0,0.0,0.0
700975,上櫃,0.0,0.0,0.0
700976,上櫃,0.0,0.0,0.0
700977,上櫃,0.0,0.0,0.0
700978,上櫃,0.0,0.0,0.0
700979,上櫃,0.0,0.0,0.0
700980,上櫃,0.0,0.0,0.0
700981,上櫃,0.1,0.12,565.0
700982,上櫃,0.11,0.11,300.0
700983,上櫃,0.0,0.0,0.0
700984,上櫃,2.56,3.08,15.0
700985,上櫃,0.0,0.0,0.0
700986,上櫃,0.0,0.0,0.0
700987,上櫃,0.0,0.0,0.0
700988,上櫃,0.0,0.0,0.0
700989,上櫃,0.0,0.0,0.0
700990,上櫃,0.0,0.0,0.0
700991,上櫃,5.1,5.1,5.0
700992,上櫃,0.0,0.0,0.0
700993,上櫃,0.17,0.43,24.0
700994,上櫃,0.0,0.0,0.0
700995,上櫃,0.3,0.3,30.0
700996,上櫃,0.44,0.56,151.0
700997,上櫃,0.0,0.0,0.0
700998,上櫃,0.0,0.0,0.0
700999,上櫃,0.27,0.31,164.0
701000,上櫃,0.0,0.0,0.0
701001,上櫃,0.0,0.0,0.0
701002,上櫃,0.94,0.95,55.0
701003,上櫃,0.0,0.0,0.0
701004,上櫃,0.0,0.0,0.0
701005,上櫃,2.5,3.01,51.0
701006,上櫃,0.0,0.0,0.0
701007,上櫃,0.0,0.0,0.0
701008,上櫃,0.0,0.0,0.0
701009,上櫃,0.0,0.0,0.0
701010,上櫃,0.92,0.9,2.0
701011,上櫃,0.3,0.3,10.0
701012,上櫃,0.0,0.0,0.0
701013,上櫃,0.0,0.0,0.0
701014,上櫃,0.0,0.0,0.0
701015,上櫃,0.0,0.0,0.0
701016,上櫃,115.0,125.0,11.0
701017,上櫃,0.0,0.0,0.0
701018,上櫃,0.0,0.0,0.0
701019,上櫃,0.0,0.0,0.0
701020,上櫃,0.0,0.0,0.0
701021,上櫃,0.0,0.0,0.0
701022,上櫃,0.0,0.0,0.0
701023,上櫃,0.0,0.0,0.0
701024,上櫃,0.0,0.0,0.0
701025,上櫃,0.0,0.0,0.0
701026,上櫃,0.0,0.0,0.0
701027,上櫃,0.0,0.0,0.0
701028,上櫃,0.0,0.0,0.0
701029,上櫃,0.0,0.0,0.0
701030,上櫃,0.0,0.0,0.0
701031,上櫃,0.0,0.0,0.0
701032,上櫃,38.4,38.4,5.0
701033,上櫃,0.0,0.0,0.0
701034,上櫃,0.13,0.15,80.0
701035,上櫃,0.0,0.0,0.0
701036,上櫃,0.63,0.72,75.0
701037,上櫃,5.1,4.87,28.0
701038,上櫃,0.0,0.0,0.0
701039,上櫃,0.0,0.0,0.0
701040,上櫃,0.0,0.0,0.0
701041,上櫃,0.7,0.66,41.0
701042,上櫃,1.55,1.15,20.0
701043,上櫃,0.0,0.0,0.0
701044,上櫃,0.13,0.13,5.0
701045,上櫃,0.0,0.0,0.0
701046,上櫃,3.1,2.99,260.0
701047,上櫃,0.25,0.22,486.0
701048,上櫃,0.0,0.0,0.0
701049,上櫃,0.0,0.0,0.0
701050,上櫃,0.0,0.0,0.0
701051,上櫃,0.37,0.37,10.0
701052,上櫃,0.0,0.0,0.0
701053,上櫃,0.0,0.0,0.0
701054,上櫃,0.0,0.0,0.0
701055,上櫃,0.0,0.0,0.0
701056,上櫃,0.13,0.15,20.0
701057,上櫃,0.0,0.0,0.0
701058,上櫃,0.0,0.0,0.0
701059,上櫃,0.0,0.0,0.0
701060,上櫃,0.0,0.0,0.0
701061,上櫃,1.8,1.8,2.0
701062,上櫃,0.0,0.0,0.0
701063,上櫃,0.0,0.0,0.0
701064,上櫃,0.0,0.0,0.0
701065,上櫃,0.0,0.0,0.0
701066,上櫃,0.0,0.0,0.0
701067,上櫃,0.0,0.0,0.0
701068,上櫃,0.0,0.0,0.0
701069,上櫃,0.0,0.0,0.0
701070,上櫃,0.0,0.0,0.0
701071,上櫃,0.0,0.0,0.0
701072,上櫃,0.0,0.0,0.0
701073,上櫃,0.0,0.0,0.0
701074,上櫃,1.43,1.43,30.0
701075,上櫃,0.0,0.0,0.0
701076,上櫃,0.0,0.0,0.0
701077,上櫃,0.0,0.0,0.0
701078,上櫃,0.0,0.0,0.0
701079,上櫃,0.0,0.0,0.0
701080,上櫃,0.0,0.0,0.0
701081,上櫃,0.0,0.0,0.0
701082,上櫃,0.0,0.0,0.0
701083,上櫃,0.0,0.0,0.0
701084,上櫃,0.0,0.0,0.0
701085,上櫃,0.0,0.0,0.0
701086,上櫃,0.33,0.46,32.0
701087,上櫃,0.0,0.0,0.0
701088,上櫃,0.0,0.0,0.0
701089,上櫃,0.0,0.0,0.0
701090,上櫃,0.0,0.0,0.0
701091,上櫃,0.0,0.0,0.0
701092,上櫃,0.0,0.0,0.0
701093,上櫃,0.0,0.0,0.0
701094,上櫃,0.0,0.0,0.0
701095,上櫃,0.0,0.0,0.0
701096,上櫃,1.86,1.86,1.0
701097,上櫃,3.45,3.35,19.0
701098,上櫃,0.0,0.0,0.0
701099,上櫃,0.22,0.3,26.0
701100,上櫃,0.0,0.0,0.0
701101,上櫃,0.0,0.0,0.0
701102,上櫃,0.0,0.0,0.0
701103,上櫃,0.0,0.0,0.0
701104,上櫃,0.0,0.0,0.0
701105,上櫃,1.17,1.09,460.0
701106,上櫃,1.03,1.03,52.0
701107,上櫃,2.03,2.07,45.0
701108,上櫃,0.0,0.0,0.0
701109,上櫃,3.51,3.78,10.0
701110,上櫃,0.0,0.0,0.0
701111,上櫃,0.0,0.0,0.0
701112,上櫃,0.0,0.0,0.0
701113,上櫃,0.0,0.0,0.0
701114,上櫃,0.0,0.0,0.0
701115,上櫃,0.0,0.0,0.0
701116,上櫃,0.0,0.0,0.0
701117,上櫃,0.0,0.0,0.0
701118,上櫃,0.0,0.0,0.0
701119,上櫃,0.0,0.0,0.0
701120,上櫃,0.0,0.0,0.0
701121,上櫃,0.0,0.0,0.0
701122,上櫃,0.0,0.0,0.0
701123,上櫃,0.0,0.0,0.0
701124,上櫃,1.28,1.42,6.0
701125,上櫃,0.32,0.32,1.0
701126,上櫃,15.0,15.0,1.0
701127,上櫃,0.0,0.0,0.0
701128,上櫃,0.0,0.0,0.0
701129,上櫃,0.0,0.0,0.0
701130,上櫃,0.0,0.0,0.0
701131,上櫃,0.0,0.0,0.0
701132,上櫃,0.3,0.3,2.0
701133,上櫃,0.0,0.0,0.0
701134,上櫃,9.0,9.45,6.0
701135,上櫃,0.0,0.0,0.0
701136,上櫃,0.0,0.0,0.0
701137,上櫃,10.5,11.5,176.0
701138,上櫃,0.0,0.0,0.0
701139,上櫃,0.0,0.0,0.0
701140,上櫃,0.0,0.0,0.0
701141,上櫃,0.0,0.0,0.0
701142,上櫃,0.3,0.28,21.0
701143,上櫃,0.0,0.0,0.0
701144,上櫃,0.0,0.0,0.0
701145,上櫃,0.0,0.0,0.0
701146,上櫃,0.0,0.0,0.0
701147,上櫃,0.09,0.09,10.0
701148,上櫃,1.55,1.65,57.0
701149,上櫃,0.39,0.45,4814.0
701150,上櫃,0.63,0.62,207.0
701151,上櫃,0.0,0.0,0.0
701152,上櫃,0.0,0.0,0.0
701153,上櫃,0.0,0.0,0.0
701154,上櫃,0.0,0.0,0.0
701155,上櫃,0.0,0.0,0.0
701156,上櫃,10.5,11.4,30.0
701157,上櫃,0.0,0.0,0.0
701158,上櫃,9.85,9.85,5.0
701159,上櫃,0.0,0.0,0.0
701160,上櫃,0.0,0.0,0.0
701161,上櫃,0.0,0.0,0.0
701162,上櫃,1.37,1.38,372.0
701163,上櫃,0.0,0.0,0.0
701164,上櫃,0.0,0.0,0.0
701165,上櫃,6.65,6.65,100.0
701166,上櫃,0.0,0.0,0.0
701167,上櫃,0.94,0.98,430.0
701168,上櫃,0.0,0.0,0.0
701169,上櫃,0.0,0.0,0.0
701170,上櫃,0.0,0.0,0.0
701171,上櫃,0.0,0.0,0.0
701172,上櫃,0.0,0.0,0.0
701173,上櫃,10.3,10.9,17.0
701174,上櫃,0.0,0.0,0.0
701175,上櫃,0.21,0.21,100.0
701176,上櫃,0.0,0.0,0.0
701177,上櫃,0.0,0.0,0.0
701178,上櫃,0.0,0.0,0.0
701179,上櫃,8.6,8.65,4.0
701180,上櫃,0.0,0.0,0.0
701181,上櫃,0.0,0.0,0.0
701182,上櫃,1.2,1.09,480.0
701183,上櫃,0.0,0.0,0.0
701184,上櫃,0.0,0.0,0.0
701185,上櫃,2.82,2.82,10.0
701186,上櫃,0.0,0.0,0.0
701187,上櫃,0.0,0.0,0.0
701188,上櫃,0.0,0.0,0.0
701189,上櫃,0.0,0.0,0.0
701190,上櫃,4.72,5.7,60.0
701191,上櫃,4.33,4.82,154.0
701192,上櫃,0.0,0.0,0.0
701193,上櫃,3.9,3.9,1.0
701194,上櫃,0.0,0.0,0.0
701195,上櫃,7.35,7.35,1.0
701196,上櫃,0.0,0.0,0.0
701197,上櫃,0.0,0.0,0.0
701198,上櫃,0.0,0.0,0.0
701199,上櫃,0.0,0.0,0.0
701200,上櫃,0.42,0.42,10.0
701201,上櫃,0.68,0.65,784.0
701202,上櫃,0.53,0.52,69.0
701203,上櫃,0.28,0.31,405.0
701204,上櫃,0.0,0.0,0.0
701205,上櫃,0.0,0.0,0.0
701206,上櫃,0.0,0.0,0.0
701207,上櫃,0.0,0.0,0.0
701208,上櫃,5.4,5.4,8.0
701209,上櫃,0.0,0.0,0.0
701211,上櫃,0.0,0.0,0.0
701212,上櫃,0.0,0.0,0.0
701213,上櫃,0.41,0.39,60.0
701214,上櫃,0.0,0.0,0.0
701215,上櫃,0.0,0.0,0.0
701216,上櫃,0.0,0.0,0.0
701217,上櫃,0.0,0.0,0.0
701218,上櫃,6.75,7.45,70.0
701219,上櫃,0.0,0.0,0.0
701220,上櫃,0.0,0.0,0.0
701221,上櫃,0.0,0.0,0.0
701222,上櫃,0.0,0.0,0.0
701223,上櫃,0.0,0.0,0.0
701224,上櫃,0.0,0.0,0.0
701225,上櫃,0.0,0.0,0.0
701226,上櫃,0.94,0.84,1309.0
701227,上櫃,0.43,0.6,120.0
701228,上櫃,9.0,9.0,2.0
701229,上櫃,0.0,0.0,0.0
701230,上櫃,0.0,0.0,0.0
701231,上櫃,0.0,0.0,0.0
701232,上櫃,0.0,0.0,0.0
701233,上櫃,0.0,0.0,0.0
701234,上櫃,0.0,0.0,0.0
701235,上櫃,0.0,0.0,0.0
701236,上櫃,0.0,0.0,0.0
701237,上櫃,1.07,0.95,142.0
701238,上櫃,0.0,0.0,0.0
701239,上櫃,0.0,0.0,0.0
701240,上櫃,0.04,0.05,66.0
701241,上櫃,0.0,0.0,0.0
701242,上櫃,0.0,0.0,0.0
701243,上櫃,15.2,15.4,20.0
701244,上櫃,0.9,0.9,2340.0
701245,上櫃,0.0,0.0,0.0
701246,上櫃,4.89,4.84,80.0
701247,上櫃,0.0,0.0,0.0
701248,上櫃,0.0,0.0,0.0
701249,上櫃,0.39,0.39,1703.0
701250,上櫃,0.0,0.0,0.0
701251,上櫃,0.0,0.0,0.0
701252,上櫃,0.0,0.0,0.0
701253,上櫃,0.0,0.0,0.0
701254,上櫃,0.27,0.31,190.0
701255,上櫃,0.0,0.0,0.0
701256,上櫃,0.0,0.0,0.0
701257,上櫃,0.0,0.0,0.0
701258,上櫃,0.0,0.0,0.0
701259,上櫃,0.0,0.0,0.0
701260,上櫃,0.0,0.0,0.0
701261,上櫃,0.0,0.0,0.0
701262,上櫃,0.82,0.71,221.0
701263,上櫃,0.99,0.99,2.0
701266,上櫃,0.0,0.0,0.0
701270,上櫃,0.0,0.0,0.0
701271,上櫃,0.0,0.0,0.0
701272,上櫃,0.0,0.0,0.0
701273,上櫃,0.0,0.0,0.0
701274,上櫃,0.0,0.0,0.0
701275,上櫃,1.2,1.24,64.0
701276,上櫃,3.08,3.08,100.0
701277,上櫃,0.0,0.0,0.0
701278,上櫃,0.0,0.0,0.0
701279,上櫃,0.71,0.68,273.0
701280,上櫃,0.0,0.0,0.0
701281,上櫃,1.24,1.24,10.0
701282,上櫃,0.0,0.0,0.0
701283,上櫃,0.0,0.0,0.0
701284,上櫃,0.95,0.94,2212.0
701285,上櫃,0.41,0.41,70.0
701286,上櫃,0.54,0.7,7.0
701287,上櫃,0.0,0.0,0.0
701288,上櫃,0.0,0.0,0.0
701289,上櫃,0.34,0.3,1742.0
701290,上櫃,0.14,0.14,500.0
701291,上櫃,0.47,0.44,267.0
701293,上櫃,0.59,0.52,860.0
701294,上櫃,0.54,0.53,3642.0
701295,上櫃,0.0,0.0,0.0
701296,上櫃,0.0,0.0,0.0
701297,上櫃,0.0,0.0,0.0
701298,上櫃,0.47,0.46,394.0
701299,上櫃,0.0,0.0,0.0
701300,上櫃,0.0,0.0,0.0
701301,上櫃,0.0,0.0,0.0
701302,上櫃,0.79,0.79,1.0
701303,上櫃,4.02,3.7,3.0
701304,上櫃,19.8,19.8,1.0
701305,上櫃,0.0,0.0,0.0
701306,上櫃,0.0,0.0,0.0
701307,上櫃,0.86,0.7,40.0
701308,上櫃,0.0,0.0,0.0
701309,上櫃,0.0,0.0,0.0
701310,上櫃,0.0,0.0,0.0
701311,上櫃,0.46,0.42,145.0
701312,上櫃,0.0,0.0,0.0
701313,上櫃,0.0,0.0,0.0
701314,上櫃,0.0,0.0,0.0
701315,上櫃,0.2,0.2,18.0
701316,上櫃,0.0,0.0,0.0
701317,上櫃,0.0,0.0,0.0
701318,上櫃,0.0,0.0,0.0
701319,上櫃,0.22,0.22,50.0
701320,上櫃,0.14,0.18,142.0
701321,上櫃,0.0,0.0,0.0
701322,上櫃,0.0,0.0,0.0
701323,上櫃,0.38,0.42,92.0
701324,上櫃,1.89,1.86,293.0
701325,上櫃,0.45,0.53,570.0
701326,上櫃,2.62,2.56,66.0
701327,上櫃,0.0,0.0,0.0
701328,上櫃,0.0,0.0,0.0
701329,上櫃,0.0,0.0,0.0
701330,上櫃,0.0,0.0,0.0
701331,上櫃,26.0,26.0,5.0
701332,上櫃,0.0,0.0,0.0
701333,上櫃,0.0,0.0,0.0
701334,上櫃,0.0,0.0,0.0
701335,上櫃,0.0,0.0,0.0
701336,上櫃,28.6,28.6,2.0
701337,上櫃,1.3,1.3,20.0
701338,上櫃,0.0,0.0,0.0
701339,上櫃,0.0,0.0,0.0
701340,上櫃,38.8,38.8,1.0
701341,上櫃,0.03,0.04,22.0
701342,上櫃,0.0,0.0,0.0
701343,上櫃,0.0,0.0,0.0
701344,上櫃,0.0,0.0,0.0
701345,上櫃,0.0,0.0,0.0
701346,上櫃,1.13,1.77,130.0
701347,上櫃,0.0,0.0,0.0
701348,上櫃,2.04,2.04,3.0
701349,上櫃,0.0,0.0,0.0
701350,上櫃,0.0,0.0,0.0
701351,上櫃,0.67,0.67,85.0
701352,上櫃,0.0,0.0,0.0
701353,上櫃,0.0,0.0,0.0
701354,上櫃,0.01,0.01,85.0
701355,上櫃,0.0,0.0,0.0
701356,上櫃,0.0,0.0,0.0
701357,上櫃,0.0,0.0,0.0
701358,上櫃,0.0,0.0,0.0
701359,上櫃,0.0,0.0,0.0
701360,上櫃,0.0,0.0,0.0
701361,上櫃,0.0,0.0,0.0
701362,上櫃,0.0,0.0,0.0
701363,上櫃,0.0,0.0,0.0
701364,上櫃,0.0,0.0,0.0
701365,上櫃,0.19,0.19,1.0
701366,上櫃,0.16,0.16,10.0
701367,上櫃,0.0,0.0,0.0
701368,上櫃,0.0,0.0,0.0
701371,上櫃,1.27,1.34,291.0
701372,上櫃,0.0,0.0,0.0
701374,上櫃,0.0,0.0,0.0
701375,上櫃,0.0,0.0,0.0
701376,上櫃,0.0,0.0,0.0
701377,上櫃,0.0,0.0,0.0
701378,上櫃,0.85,1.52,125.0
701379,上櫃,0.0,0.0,0.0
701380,上櫃,0.0,0.0,0.0
701381,上櫃,0.75,0.69,2552.0
701382,上櫃,0.0,0.0,0.0
701383,上櫃,0.0,0.0,0.0
701384,上櫃,0.0,0.0,0.0
701386,上櫃,0.0,0.0,0.0
701387,上櫃,0.0,0.0,0.0
701388,上櫃,0.25,0.26,20.0
701389,上櫃,0.06,0.06,5.0
701390,上櫃,0.0,0.0,0.0
701391,上櫃,0.0,0.0,0.0
701392,上櫃,0.0,0.0,0.0
701393,上櫃,4.15,4.15,10.0
701394,上櫃,0.0,0.0,0.0
701395,上櫃,0.0,0.0,0.0
701397,上櫃,0.0,0.0,0.0
701398,上櫃,0.54,0.59,455.0
701399,上櫃,0.0,0.0,0.0
701400,上櫃,3.92,4.34,77.0
701401,上櫃,0.0,0.0,0.0
701402,上櫃,0.0,0.0,0.0
701403,上櫃,0.29,0.43,1643.0
701405,上櫃,0.01,0.01,4.0
701406,上櫃,0.0,0.0,0.0
701407,上櫃,0.26,0.19,242.0
701408,上櫃,0.0,0.0,0.0
701409,上櫃,0.0,0.0,0.0
701410,上櫃,0.01,0.01,100.0
701411,上櫃,0.0,0.0,0.0
701412,上櫃,0.9,0.9,1.0
701413,上櫃,0.0,0.0,0.0
701415,上櫃,33.0,33.0,1.0
701416,上櫃,0.8,0.79,33.0
701417,上櫃,0.0,0.0,0.0
701418,上櫃,0.0,0.0,0.0
701419,上櫃,2.54,2.54,11.0
701420,上櫃,0.0,0.0,0.0
701421,上櫃,0.33,0.38,30.0
701422,上櫃,0.39,0.39,812.0
701423,上櫃,0.0,0.0,0.0
701424,上櫃,0.64,0.64,1.0
701425,上櫃,0.0,0.0,0.0
701426,上櫃,0.0,0.0,0.0
701428,上櫃,0.0,0.0,0.0
701429,上櫃,0.0,0.0,0.0
701430,上櫃,3.74,3.87,304.0
701431,上櫃,4.55,4.75,129.0
701432,上櫃,0.0,0.0,0.0
701433,上櫃,0.55,0.55,10.0
701434,上櫃,0.74,0.74,230.0
701435,上櫃,0.41,0.43,130.0
701436,上櫃,3.26,3.26,14.0
701437,上櫃,2.37,2.14,34.0
701438,上櫃,2.35,2.15,177.0
701439,上櫃,0.0,0.0,0.0
701440,上櫃,4.53,5.05,111.0
701441,上櫃,5.45,5.7,11.0
701442,上櫃,0.39,0.42,134.0
701443,上櫃,0.0,0.0,0.0
701444,上櫃,33.8,34.0,2.0
701445,上櫃,0.0,0.0,0.0
701446,上櫃,0.0,0.0,0.0
701447,上櫃,15.4,15.4,17.0
701448,上櫃,0.0,0.0,0.0
701449,上櫃,0.0,0.0,0.0
701450,上櫃,0.0,0.0,0.0
701451,上櫃,0.0,0.0,0.0
701452,上櫃,0.0,0.0,0.0
701453,上櫃,0.0,0.0,0.0
701454,上櫃,0.0,0.0,0.0
701455,上櫃,0.0,0.0,0.0
701456,上櫃,0.0,0.0,0.0
701457,上櫃,0.0,0.0,0.0
701458,上櫃,0.0,0.0,0.0
701460,上櫃,0.75,0.75,5.0
701461,上櫃,0.0,0.0,0.0
701462,上櫃,0.0,0.0,0.0
701464,上櫃,0.0,0.0,0.0
701465,上櫃,0.0,0.0,0.0
701466,上櫃,0.0,0.0,0.0
701467,上櫃,0.0,0.0,0.0
701468,上櫃,0.84,0.87,325.0
701469,上櫃,0.0,0.0,0.0
701470,上櫃,0.0,0.0,0.0
701471,上櫃,2.48,2.6,284.0
701472,上櫃,0.34,0.37,70.0
701473,上櫃,0.0,0.0,0.0
701474,上櫃,4.6,4.97,18.0
701475,上櫃,3.96,4.32,21.0
701476,上櫃,0.0,0.0,0.0
701477,上櫃,0.36,0.36,1780.0
701478,上櫃,8.6,8.6,1.0
701479,上櫃,0.0,0.0,0.0
701481,上櫃,0.03,0.13,96.0
701482,上櫃,0.29,0.24,252.0
701483,上櫃,0.77,0.51,74.0
701484,上櫃,0.0,0.0,0.0
701485,上櫃,0.0,0.0,0.0
701486,上櫃,0.0,0.0,0.0
701487,上櫃,1.2,1.2,10.0
701488,上櫃,0.0,0.0,0.0
701489,上櫃,0.0,0.0,0.0
701490,上櫃,0.0,0.0,0.0
701491,上櫃,0.0,0.0,0.0
701492,上櫃,1.75,1.75,15.0
701493,上櫃,0.85,0.84,50.0
701494,上櫃,0.0,0.0,0.0
701495,上櫃,0.38,0.36,103.0
701496,上櫃,0.0,0.0,0.0
701497,上櫃,0.0,0.0,0.0
701498,上櫃,0.0,0.0,0.0
701500,上櫃,0.3,0.3,1.0
701501,上櫃,0.0,0.0,0.0
701502,上櫃,0.0,0.0,0.0
701503,上櫃,0.0,0.0,0.0
701504,上櫃,0.0,0.0,0.0
701505,上櫃,0.0,0.0,0.0
701508,上櫃,0.0,0.0,0.0
701509,上櫃,2.6,3.74,27.0
701510,上櫃,0.0,0.0,0.0
701511,上櫃,2.16,2.11,466.0
701512,上櫃,0.0,0.0,0.0
701513,上櫃,1.29,1.04,35.0
701514,上櫃,0.0,0.0,0.0
701515,上櫃,0.0,0.0,0.0
701516,上櫃,0.0,0.0,0.0
701517,上櫃,0.0,0.0,0.0
701518,上櫃,0.0,0.0,0.0
701519,上櫃,0.0,0.0,0.0
701520,上櫃,0.0,0.0,0.0
701521,上櫃,0.16,0.16,130.0
701522,上櫃,32.6,32.6,1.0
701523,上櫃,0.0,0.0,0.0
701524,上櫃,0.48,0.45,312.0
701525,上櫃,7.3,7.7,6.0
701526,上櫃,0.22,0.26,520.0
701527,上櫃,0.6,0.57,1309.0
701528,上櫃,0.0,0.0,0.0
701529,上櫃,0.0,0.0,0.0
701530,上櫃,0.91,0.8,315.0
701531,上櫃,0.55,0.71,499.0
701532,上櫃,0.01,0.01,10.0
701533,上櫃,0.56,0.54,466.0
701534,上櫃,0.0,0.0,0.0
701535,上櫃,0.0,0.0,0.0
701536,上櫃,1.1,1.07,15.0
701537,上櫃,0.0,0.0,0.0
701538,上櫃,0.97,0.97,710.0
701540,上櫃,0.0,0.0,0.0
701541,上櫃,0.0,0.0,0.0
701542,上櫃,0.0,0.0,0.0
701543,上櫃,0.0,0.0,0.0
701545,上櫃,0.0,0.0,0.0
701546,上櫃,0.0,0.0,0.0
701547,上櫃,31.8,31.8,2.0
701548,上櫃,0.51,0.51,13.0
701549,上櫃,0.38,0.42,628.0
701550,上櫃,0.66,0.66,15.0
701551,上櫃,11.5,10.4,7.0
701552,上櫃,0.0,0.0,0.0
701553,上櫃,0.0,0.0,0.0
701554,上櫃,0.0,0.0,0.0
701555,上櫃,0.0,0.0,0.0
701556,上櫃,0.0,0.0,0.0
701557,上櫃,2.58,2.58,13.0
701558,上櫃,0.57,0.57,1.0
701559,上櫃,1.01,1.23,78.0
701560,上櫃,0.0,0.0,0.0
701561,上櫃,8.3,8.3,5.0
701562,上櫃,0.0,0.0,0.0
701563,上櫃,0.0,0.0,0.0
701564,上櫃,0.0,0.0,0.0
701565,上櫃,0.0,0.0,0.0
701566,上櫃,0.0,0.0,0.0
701567,上櫃,0.0,0.0,0.0
701569,上櫃,0.0,0.0,0.0
701570,上櫃,0.92,0.74,556.0
701571,上櫃,1.51,1.49,690.0
701572,上櫃,0.0,0.0,0.0
701573,上櫃,0.0,0.0,0.0
701574,上櫃,1.23,1.23,1.0
701575,上櫃,0.0,0.0,0.0
701576,上櫃,0.0,0.0,0.0
701577,上櫃,0.0,0.0,0.0
701578,上櫃,0.0,0.0,0.0
701579,上櫃,0.0,0.0,0.0
701580,上櫃,0.0,0.0,0.0
701581,上櫃,0.0,0.0,0.0
701582,上櫃,11.5,11.5,2.0
701583,上櫃,0.0,0.0,0.0
701584,上櫃,0.0,0.0,0.0
701585,上櫃,0.0,0.0,0.0
701586,上櫃,0.0,0.0,0.0
701587,上櫃,0.0,0.0,0.0
701588,上櫃,0.0,0.0,0.0
701589,上櫃,0.0,0.0,0.0
701590,上櫃,0.0,0.0,0.0
701591,上櫃,0.0,0.0,0.0
701592,上櫃,2.09,1.97,7.0
701593,上櫃,2.0,1.87,93.0
701594,上櫃,0.0,0.0,0.0
701595,上櫃,0.34,0.36,343.0
701596,上櫃,0.0,0.0,0.0
701597,上櫃,0.0,0.0,0.0
701598,上櫃,0.0,0.0,0.0
701599,上櫃,0.0,0.0,0.0
701600,上櫃,0.0,0.0,0.0
701601,上櫃,0.0,0.0,0.0
701602,上櫃,1.47,1.47,1.0
701603,上櫃,0.23,0.24,2.0
701604,上櫃,0.0,0.0,0.0
701605,上櫃,0.0,0.0,0.0
701606,上櫃,0.0,0.0,0.0
701607,上櫃,0.0,0.0,0.0
701608,上櫃,0.0,0.0,0.0
701609,上櫃,0.0,0.0,0.0
701610,上櫃,0.07,0.07,115.0
701611,上櫃,0.42,0.48,56.0
701612,上櫃,9.0,9.0,1.0
701613,上櫃,0.0,0.0,0.0
701614,上櫃,0.0,0.0,0.0
701615,上櫃,2.9,2.9,1.0
701616,上櫃,0.55,0.42,706.0
701617,上櫃,0.69,0.49,485.0
701618,上櫃,0.37,0.23,605.0
701619,上櫃,0.0,0.0,0.0
701620,上櫃,0.13,0.13,10.0
701621,上櫃,0.33,0.33,30.0
701622,上櫃,0.0,0.0,0.0
701623,上櫃,0.16,0.15,31.0
701624,上櫃,2.55,2.7,13.0
701625,上櫃,2.05,1.84,254.0
701626,上櫃,1.41,1.4,7.0
701627,上櫃,0.0,0.0,0.0
701628,上櫃,0.0,0.0,0.0
701629,上櫃,0.0,0.0,0.0
701630,上櫃,0.0,0.0,0.0
701631,上櫃,0.0,0.0,0.0
701632,上櫃,0.0,0.0,0.0
701633,上櫃,3.73,3.72,13.0
701634,上櫃,0.53,0.91,117.0
701635,上櫃,0.0,0.0,0.0
701636,上櫃,0.0,0.0,0.0
701637,上櫃,8.2,8.25,100.0
701640,上櫃,9.15,11.0,20.0
701641,上櫃,0.0,0.0,0.0
701642,上櫃,0.0,0.0,0.0
701643,上櫃,0.0,0.0,0.0
701644,上櫃,0.95,1.47,623.0
701645,上櫃,0.0,0.0,0.0
701646,上櫃,1.24,1.0,183.0
701647,上櫃,10.1,11.7,75.0
701648,上櫃,0.0,0.0,0.0
701650,上櫃,3.91,3.91,1.0
701651,上櫃,0.0,0.0,0.0
701652,上櫃,0.5,0.5,50.0
701653,上櫃,2.31,2.35,12.0
701654,上櫃,0.7,0.61,158.0
701655,上櫃,0.52,0.7,323.0
701656,上櫃,1.37,2.17,19.0
701657,上櫃,0.87,0.87,3.0
701658,上櫃,0.0,0.0,0.0
701659,上櫃,0.0,0.0,0.0
701660,上櫃,0.0,0.0,0.0
701661,上櫃,0.0,0.0,0.0
701662,上櫃,0.0,0.0,0.0
701663,上櫃,0.0,0.0,0.0
701664,上櫃,0.0,0.0,0.0
701665,上櫃,0.0,0.0,0.0
701666,上櫃,0.0,0.0,0.0
701667,上櫃,0.62,0.62,13.0
701668,上櫃,0.0,0.0,0.0
701669,上櫃,0.0,0.0,0.0
701670,上櫃,0.0,0.0,0.0
701671,上櫃,0.51,0.5,119.0
701672,上櫃,2.1,2.1,3.0
701673,上櫃,0.0,0.0,0.0
701674,上櫃,0.73,0.73,1.0
701675,上櫃,0.0,0.0,0.0
701676,上櫃,27.6,27.6,1.0
701677,上櫃,16.7,18.9,3.0
701678,上櫃,0.0,0.0,0.0
701679,上櫃,0.0,0.0,0.0
701680,上櫃,7.1,6.35,5.0
701681,上櫃,0.7,0.89,1233.0
701682,上櫃,0.0,0.0,0.0
701683,上櫃,0.26,0.28,210.0
701684,上櫃,0.04,0.04,260.0
701685,上櫃,1.39,1.43,30.0
701686,上櫃,2.5,3.66,66.0
701688,上櫃,0.85,0.87,38.0
701689,上櫃,0.45,0.54,163.0
701690,上櫃,0.0,0.0,0.0
701691,上櫃,1.31,1.15,37.0
701692,上櫃,2.01,2.09,258.0
701693,上櫃,0.63,0.62,108.0
701694,上櫃,0.54,0.54,2.0
701695,上櫃,0.56,0.58,130.0
701696,上櫃,2.39,2.27,63.0
701697,上櫃,2.05,1.91,155.0
701698,上櫃,1.76,1.78,63.0
701699,上櫃,0.0,0.0,0.0
701700,上櫃,16.2,16.7,50.0
701701,上櫃,0.0,0.0,0.0
701702,上櫃,0.0,0.0,0.0
701703,上櫃,0.0,0.0,0.0
701705,上櫃,0.0,0.0,0.0
701706,上櫃,1.55,1.54,11.0
701707,上櫃,3.13,3.13,1.0
701708,上櫃,0.0,0.0,0.0
701709,上櫃,0.0,0.0,0.0
701710,上櫃,0.0,0.0,0.0
701711,上櫃,0.0,0.0,0.0
701712,上櫃,0.0,0.0,0.0
701713,上櫃,0.0,0.0,0.0
701714,上櫃,4.55,4.6,3.0
701715,上櫃,4.16,5.45,22.0
701716,上櫃,0.0,0.0,0.0
701717,上櫃,0.5,0.5,8.0
701718,上櫃,0.0,0.0,0.0
701719,上櫃,0.0,0.0,0.0
701720,上櫃,1.37,1.49,120.0
701721,上櫃,4.78,4.78,1.0
701722,上櫃,4.83,4.85,25.0
701723,上櫃,0.0,0.0,0.0
701724,上櫃,0.0,0.0,0.0
701725,上櫃,0.0,0.0,0.0
701726,上櫃,3.67,4.96,295.0
701727,上櫃,8.9,8.9,18.0
701728,上櫃,0.0,0.0,0.0
701729,上櫃,0.0,0.0,0.0
701730,上櫃,0.0,0.0,0.0
701731,上櫃,1.89,1.89,20.0
701732,上櫃,0.0,0.0,0.0
701733,上櫃,0.0,0.0,0.0
701734,上櫃,0.0,0.0,0.0
701735,上櫃,0.0,0.0,0.0
701736,上櫃,1.74,2.11,7.0
701737,上櫃,0.0,0.0,0.0
701738,上櫃,2.53,2.53,13.0
701739,上櫃,0.0,0.0,0.0
701740,上櫃,4.08,6.5,149.0
701741,上櫃,4.23,5.35,60.0
701742,上櫃,0.0,0.0,0.0
701743,上櫃,0.0,0.0,0.0
701744,上櫃,0.0,0.0,0.0
701745,上櫃,0.0,0.0,0.0
701746,上櫃,8.8,9.5,7.0
701747,上櫃,0.1,0.15,16.0
701748,上櫃,1.16,1.27,500.0
701749,上櫃,0.86,1.19,52.0
701750,上櫃,0.29,0.38,184.0
701751,上櫃,0.3,0.44,83.0
701752,上櫃,0.0,0.0,0.0
701753,上櫃,3.44,3.44,10.0
701754,上櫃,0.0,0.0,0.0
701755,上櫃,0.0,0.0,0.0
701756,上櫃,0.0,0.0,0.0
701757,上櫃,1.51,1.19,361.0
701758,上櫃,0.0,0.0,0.0
701759,上櫃,0.47,0.47,100.0
701760,上櫃,0.0,0.0,0.0
701761,上櫃,3.2,2.59,110.0
701762,上櫃,0.0,0.0,0.0
701763,上櫃,8.15,10.8,15.0
701764,上櫃,1.41,1.4,641.0
701765,上櫃,1.46,1.42,249.0
701767,上櫃,0.0,0.0,0.0
701768,上櫃,0.0,0.0,0.0
701769,上櫃,0.0,0.0,0.0
701770,上櫃,0.0,0.0,0.0
701771,上櫃,0.0,0.0,0.0
701772,上櫃,0.0,0.0,0.0
701773,上櫃,0.3,0.3,2.0
701774,上櫃,0.38,0.37,66.0
701775,上櫃,0.0,0.0,0.0
701776,上櫃,0.0,0.0,0.0
701777,上櫃,11.6,11.6,5.0
701778,上櫃,0.21,0.18,472.0
701779,上櫃,0.0,0.0,0.0
701780,上櫃,0.0,0.0,0.0
701781,上櫃,0.29,0.29,1.0
701782,上櫃,0.0,0.0,0.0
701783,上櫃,0.86,1.15,358.0
701784,上櫃,5.5,6.95,88.0
701785,上櫃,0.0,0.0,0.0
701786,上櫃,0.45,0.45,1.0
701787,上櫃,0.37,0.39,100.0
701788,上櫃,0.0,0.0,0.0
701789,上櫃,0.25,0.22,325.0
701790,上櫃,0.0,0.0,0.0
701791,上櫃,0.0,0.0,0.0
701792,上櫃,0.0,0.0,0.0
701793,上櫃,0.0,0.0,0.0
701794,上櫃,0.0,0.0,0.0
701797,上櫃,1.64,1.64,1.0
701798,上櫃,0.0,0.0,0.0
701799,上櫃,0.0,0.0,0.0
701800,上櫃,1.84,2.02,86.0
701801,上櫃,0.0,0.0,0.0
701802,上櫃,0.0,0.0,0.0
701803,上櫃,3.66,3.49,6.0
701804,上櫃,0.41,0.47,121.0
701805,上櫃,0.0,0.0,0.0
701806,上櫃,0.45,0.45,13.0
701807,上櫃,0.4,0.4,20.0
701808,上櫃,0.0,0.0,0.0
701809,上櫃,0.0,0.0,0.0
701810,上櫃,0.3,0.34,1507.0
701811,上櫃,0.0,0.0,0.0
701812,上櫃,0.41,0.73,35.0
701813,上櫃,1.34,1.59,157.0
701815,上櫃,0.0,0.0,0.0
701817,上櫃,0.54,0.56,193.0
701818,上櫃,7.65,8.5,3.0
701819,上櫃,1.31,1.45,106.0
701820,上櫃,0.22,0.24,175.0
701821,上櫃,0.97,1.03,108.0
701822,上櫃,0.0,0.0,0.0
701824,上櫃,5.7,6.0,9.0
701825,上櫃,0.0,0.0,0.0
701826,上櫃,1.28,1.21,103.0
701827,上櫃,0.0,0.0,0.0
701828,上櫃,4.77,4.45,46.0
701829,上櫃,0.0,0.0,0.0
701830,上櫃,0.1,0.1,20.0
701831,上櫃,0.0,0.0,0.0
701832,上櫃,1.22,1.19,20.0
701833,上櫃,0.0,0.0,0.0
701834,上櫃,0.32,0.36,52.0
701835,上櫃,0.0,0.0,0.0
701836,上櫃,0.35,0.42,304.0
701837,上櫃,6.05,6.05,1.0
701838,上櫃,1.9,1.51,184.0
701839,上櫃,1.0,0.87,2.0
701840,上櫃,6.4,6.8,2.0
701841,上櫃,4.05,3.85,17.0
701842,上櫃,0.0,0.0,0.0
701843,上櫃,0.88,0.88,10.0
701844,上櫃,0.0,0.0,0.0
701845,上櫃,4.38,4.55,15.0
701846,上櫃,9.4,9.4,39.0
701847,上櫃,0.0,0.0,0.0
701848,上櫃,0.0,0.0,0.0
701849,上櫃,0.38,0.38,20.0
701850,上櫃,1.96,1.96,46.0
701851,上櫃,1.14,1.2,23.0
701852,上櫃,0.0,0.0,0.0
701853,上櫃,0.49,0.51,74.0
701854,上櫃,0.0,0.0,0.0
701855,上櫃,2.7,2.6,22.0
701856,上櫃,0.0,0.0,0.0
701857,上櫃,1.64,1.64,15.0
701858,上櫃,0.0,0.0,0.0
701859,上櫃,0.0,0.0,0.0
701860,上櫃,0.0,0.0,0.0
701861,上櫃,0.0,0.0,0.0
701862,上櫃,0.0,0.0,0.0
701863,上櫃,0.0,0.0,0.0
701864,上櫃,0.34,0.35,251.0
701865,上櫃,0.29,0.36,293.0
701866,上櫃,0.0,0.0,0.0
701867,上櫃,0.0,0.0,0.0
701868,上櫃,0.79,0.79,5.0
701869,上櫃,0.0,0.0,0.0
701870,上櫃,5.65,5.65,14.0
701871,上櫃,0.0,0.0,0.0
701872,上櫃,0.0,0.0,0.0
701873,上櫃,0.0,0.0,0.0
701874,上櫃,0.0,0.0,0.0
701875,上櫃,0.0,0.0,0.0
701876,上櫃,4.79,4.98,5.0
701877,上櫃,0.86,1.1,22.0
701878,上櫃,0.3,0.35,399.0
701880,上櫃,0.0,0.0,0.0
701881,上櫃,1.87,1.87,1.0
701882,上櫃,0.0,0.0,0.0
701884,上櫃,1.0,1.06,17.0
701885,上櫃,0.0,0.0,0.0
701886,上櫃,2.28,2.84,21.0
701887,上櫃,3.89,4.27,14.0
701888,上櫃,1.8,1.47,46.0
701889,上櫃,0.0,0.0,0.0
701890,上櫃,0.0,0.0,0.0
701891,上櫃,0.0,0.0,0.0
701892,上櫃,0.0,0.0,0.0
701893,上櫃,0.0,0.0,0.0
701894,上櫃,0.91,0.99,25.0
701895,上櫃,0.31,0.32,262.0
701896,上櫃,0.0,0.0,0.0
701897,上櫃,0.12,0.12,170.0
701898,上櫃,0.0,0.0,0.0
701899,上櫃,6.5,6.9,7.0
701900,上櫃,0.0,0.0,0.0
701901,上櫃,1.24,1.09,13.0
701902,上櫃,1.86,1.86,10.0
701903,上櫃,0.6,0.61,619.0
701905,上櫃,0.17,0.35,27.0
701906,上櫃,0.0,0.0,0.0
701907,上櫃,0.0,0.0,0.0
701908,上櫃,0.0,0.0,0.0
701909,上櫃,25.2,25.2,14.0
701911,上櫃,2.76,3.63,25.0
701912,上櫃,0.0,0.0,0.0
701913,上櫃,3.75,3.82,20.0
701914,上櫃,0.78,0.82,112.0
701917,上櫃,0.0,0.0,0.0
701918,上櫃,0.0,0.0,0.0
701919,上櫃,0.0,0.0,0.0
701920,上櫃,1.05,1.03,165.0
701921,上櫃,0.0,0.0,0.0
701922,上櫃,0.0,0.0,0.0
701923,上櫃,0.0,0.0,0.0
701925,上櫃,0.0,0.0,0.0
701926,上櫃,1.37,1.05,236.0
701927,上櫃,0.0,0.0,0.0
701928,上櫃,0.0,0.0,0.0
701929,上櫃,0.05,0.05,100.0
701930,上櫃,0.86,1.07,58.0
701931,上櫃,0.9,0.9,5.0
701932,上櫃,0.37,0.41,201.0
701933,上櫃,0.0,0.0,0.0
701934,上櫃,0.0,0.0,0.0
701935,上櫃,0.0,0.0,0.0
701936,上櫃,0.0,0.0,0.0
701937,上櫃,0.0,0.0,0.0
701938,上櫃,0.0,0.0,0.0
701939,上櫃,0.0,0.0,0.0
701940,上櫃,0.0,0.0,0.0
701941,上櫃,0.0,0.0,0.0
701942,上櫃,0.0,0.0,0.0
701943,上櫃,0.0,0.0,0.0
701944,上櫃,0.74,0.66,83.0
701945,上櫃,3.94,3.94,1.0
701946,上櫃,0.0,0.0,0.0
701947,上櫃,0.0,0.0,0.0
701948,上櫃,0.0,0.0,0.0
701949,上櫃,0.31,0.31,1.0
701950,上櫃,7.95,7.25,32.0
701951,上櫃,0.0,0.0,0.0
701952,上櫃,2.5,2.47,17.0
701953,上櫃,0.0,0.0,0.0
701954,上櫃,11.9,11.9,20.0
701955,上櫃,0.0,0.0,0.0
701956,上櫃,0.0,0.0,0.0
701957,上櫃,5.55,5.55,1.0
701959,上櫃,1.04,1.34,24.0
701960,上櫃,0.51,0.54,422.0
701961,上櫃,1.97,2.01,20.0
701963,上櫃,0.0,0.0,0.0
701964,上櫃,0.37,0.45,908.0
701965,上櫃,0.0,0.0,0.0
701966,上櫃,0.0,0.0,0.0
701967,上櫃,0.0,0.0,0.0
701968,上櫃,1.17,1.17,2.0
701971,上櫃,2.48,2.76,219.0
701972,上櫃,0.54,0.51,35.0
701973,上櫃,0.0,0.0,0.0
701974,上櫃,0.0,0.0,0.0
701976,上櫃,0.0,0.0,0.0
701977,上櫃,0.0,0.0,0.0
701978,上櫃,0.0,0.0,0.0
701979,上櫃,1.22,1.21,38.0
701980,上櫃,1.73,1.5,37.0
701981,上櫃,0.0,0.0,0.0
701982,上櫃,0.0,0.0,0.0
701983,上櫃,0.65,0.8,112.0
701984,上櫃,0.0,0.0,0.0
701986,上櫃,0.94,0.9,65.0
701987,上櫃,0.0,0.0,0.0
701989,上櫃,2.14,1.95,1548.0
701990,上櫃,0.0,0.0,0.0
701991,上櫃,0.0,0.0,0.0
701992,上櫃,0.12,0.12,3.0
701993,上櫃,0.0,0.0,0.0
701994,上櫃,0.48,0.47,10.0
701995,上櫃,0.0,0.0,0.0
701996,上櫃,0.0,0.0,0.0
701997,上櫃,0.35,0.35,4.0
701998,上櫃,0.0,0.0,0.0
701999,上櫃,0.0,0.0,0.0
702000,上櫃,0.0,0.0,0.0
702001,上櫃,1.13,1.13,4.0
702002,上櫃,0.0,0.0,0.0
702003,上櫃,0.0,0.0,0.0
702004,上櫃,0.0,0.0,0.0
702005,上櫃,0.0,0.0,0.0
702006,上櫃,1.76,1.72,50.0
702007,上櫃,0.0,0.0,0.0
702008,上櫃,0.0,0.0,0.0
702009,上櫃,0.0,0.0,0.0
702010,上櫃,0.0,0.0,0.0
702011,上櫃,1.49,1.64,32.0
702012,上櫃,0.0,0.0,0.0
702016,上櫃,7.25,7.8,9.0
702017,上櫃,0.0,0.0,0.0
702018,上櫃,15.8,15.8,10.0
702019,上櫃,0.0,0.0,0.0
702020,上櫃,2.09,1.77,421.0
702021,上櫃,4.58,4.98,12.0
702022,上櫃,0.0,0.0,0.0
702023,上櫃,2.53,2.53,1.0
702024,上櫃,2.78,3.02,700.0
702025,上櫃,0.0,0.0,0.0
702027,上櫃,0.0,0.0,0.0
702028,上櫃,11.4,11.4,2.0
702029,上櫃,0.0,0.0,0.0
702030,上櫃,1.46,1.49,150.0
702031,上櫃,0.25,0.25,250.0
702033,上櫃,0.0,0.0,0.0
702034,上櫃,0.0,0.0,0.0
702035,上櫃,0.73,0.7,21.0
702038,上櫃,0.0,0.0,0.0
702039,上櫃,0.0,0.0,0.0
702040,上櫃,0.0,0.0,0.0
702041,上櫃,1.65,1.74,154.0
702042,上櫃,0.0,0.0,0.0
702043,上櫃,0.0,0.0,0.0
702044,上櫃,0.93,0.92,148.0
702045,上櫃,26.1,26.7,6.0
702046,上櫃,0.0,0.0,0.0
702047,上櫃,0.0,0.0,0.0
702049,上櫃,0.0,0.0,0.0
702051,上櫃,3.79,3.79,3.0
702053,上櫃,17.9,17.9,1.0
702054,上櫃,0.0,0.0,0.0
702055,上櫃,0.0,0.0,0.0
702056,上櫃,0.0,0.0,0.0
702057,上櫃,0.0,0.0,0.0
702058,上櫃,0.0,0.0,0.0
702059,上櫃,0.0,0.0,0.0
702060,上櫃,7.15,7.15,1.0
702061,上櫃,0.0,0.0,0.0
702062,上櫃,16.4,17.7,200.0
702063,上櫃,0.49,0.5,11.0
702064,上櫃,0.0,0.0,0.0
702065,上櫃,0.0,0.0,0.0
702067,上櫃,0.0,0.0,0.0
702068,上櫃,0.0,0.0,0.0
702069,上櫃,0.0,0.0,0.0
702071,上櫃,0.0,0.0,0.0
702072,上櫃,2.12,1.62,368.0
702073,上櫃,0.0,0.0,0.0
702074,上櫃,0.39,0.39,20.0
702075,上櫃,0.0,0.0,0.0
702076,上櫃,3.64,3.64,10.0
702077,上櫃,0.0,0.0,0.0
702078,上櫃,1.81,1.81,230.0
702079,上櫃,0.0,0.0,0.0
702080,上櫃,0.0,0.0,0.0
702081,上櫃,0.0,0.0,0.0
702082,上櫃,0.0,0.0,0.0
702083,上櫃,22.4,22.4,1.0
702084,上櫃,0.0,0.0,0.0
702085,上櫃,0.0,0.0,0.0
702086,上櫃,0.0,0.0,0.0
702087,上櫃,0.0,0.0,0.0
702089,上櫃,2.37,3.55,35.0
702091,上櫃,0.0,0.0,0.0
702092,上櫃,0.0,0.0,0.0
702093,上櫃,0.0,0.0,0.0
702094,上櫃,0.0,0.0,0.0
702095,上櫃,0.0,0.0,0.0
702096,上櫃,1.76,2.8,311.0
702097,上櫃,0.0,0.0,0.0
702098,上櫃,18.5,19.9,30.0
702099,上櫃,3.14,2.97,100.0
702101,上櫃,0.83,0.83,10.0
702102,上櫃,0.0,0.0,0.0
702103,上櫃,0.0,0.0,0.0
702104,上櫃,0.0,0.0,0.0
702105,上櫃,0.0,0.0,0.0
702106,上櫃,0.0,0.0,0.0
702107,上櫃,0.0,0.0,0.0
702108,上櫃,0.0,0.0,0.0
702109,上櫃,0.0,0.0,0.0
702110,上櫃,0.0,0.0,0.0
702111,上櫃,0.0,0.0,0.0
702112,上櫃,0.38,0.37,107.0
702113,上櫃,0.0,0.0,0.0
702114,上櫃,0.0,0.0,0.0
702115,上櫃,0.0,0.0,0.0
702116,上櫃,25.0,25.0,1.0
702117,上櫃,13.9,13.9,1.0
702118,上櫃,19.0,20.0,2.0
702119,上櫃,0.0,0.0,0.0
702120,上櫃,1.34,1.58,31.0
702121,上櫃,8.15,8.55,40.0
702123,上櫃,0.0,0.0,0.0
702124,上櫃,0.0,0.0,0.0
702125,上櫃,4.26,4.32,14.0
702126,上櫃,0.0,0.0,0.0
702127,上櫃,0.63,0.62,17.0
702128,上櫃,0.62,1.03,100.0
702129,上櫃,1.38,1.38,30.0
702130,上櫃,0.0,0.0,0.0
702131,上櫃,0.0,0.0,0.0
702133,上櫃,0.0,0.0,0.0
702134,上櫃,0.0,0.0,0.0
702135,上櫃,0.0,0.0,0.0
702137,上櫃,0.0,0.0,0.0
702138,上櫃,0.0,0.0,0.0
702139,上櫃,0.0,0.0,0.0
702140,上櫃,0.0,0.0,0.0
702141,上櫃,0.0,0.0,0.0
702142,上櫃,3.19,3.19,4.0
702143,上櫃,0.0,0.0,0.0
702144,上櫃,0.0,0.0,0.0
702145,上櫃,0.73,1.12,72.0
702146,上櫃,0.0,0.0,0.0
702147,上櫃,0.0,0.0,0.0
702148,上櫃,13.5,14.7,47.0
702149,上櫃,0.0,0.0,0.0
702150,上櫃,0.0,0.0,0.0
702151,上櫃,6.8,6.8,1.0
702152,上櫃,0.66,0.66,2848.0
702153,上櫃,0.0,0.0,0.0
702154,上櫃,0.0,0.0,0.0
702155,上櫃,1.16,1.45,2.0
702156,上櫃,0.0,0.0,0.0
702157,上櫃,6.4,6.95,709.0
702158,上櫃,0.35,0.37,1048.0
702160,上櫃,6.15,6.15,2.0
702161,上櫃,7.35,7.35,10.0
702162,上櫃,0.0,0.0,0.0
702163,上櫃,3.34,4.24,61.0
702164,上櫃,0.0,0.0,0.0
702165,上櫃,0.0,0.0,0.0
702166,上櫃,1.66,1.79,1005.0
702167,上櫃,0.0,0.0,0.0
702168,上櫃,0.0,0.0,0.0
702169,上櫃,0.0,0.0,0.0
702170,上櫃,0.0,0.0,0.0
702171,上櫃,8.0,7.55,2.0
702172,上櫃,0.0,0.0,0.0
702173,上櫃,0.0,0.0,0.0
702174,上櫃,0.0,0.0,0.0
702175,上櫃,0.0,0.0,0.0
702176,上櫃,0.0,0.0,0.0
702177,上櫃,0.32,0.39,48.0
702178,上櫃,0.0,0.0,0.0
702179,上櫃,0.0,0.0,0.0
702180,上櫃,0.0,0.0,0.0
702181,上櫃,0.0,0.0,0.0
702182,上櫃,0.0,0.0,0.0
702183,上櫃,0.0,0.0,0.0
702185,上櫃,0.0,0.0,0.0
702186,上櫃,0.39,0.34,902.0
702187,上櫃,0.0,0.0,0.0
702188,上櫃,0.0,0.0,0.0
702189,上櫃,25.0,27.0,12.0
702190,上櫃,17.4,17.4,5.0
702191,上櫃,0.72,0.71,56.0
702192,上櫃,1.84,1.81,456.0
702193,上櫃,0.0,0.0,0.0
702194,上櫃,3.79,4.5,55.0
702195,上櫃,0.0,0.0,0.0
702198,上櫃,0.0,0.0,0.0
702199,上櫃,0.0,0.0,0.0
702200,上櫃,0.0,0.0,0.0
702201,上櫃,0.0,0.0,0.0
702202,上櫃,0.0,0.0,0.0
702203,上櫃,0.0,0.0,0.0
702204,上櫃,0.0,0.0,0.0
702205,上櫃,2.34,2.34,5.0
702206,上櫃,0.0,0.0,0.0
702207,上櫃,0.0,0.0,0.0
702208,上櫃,0.0,0.0,0.0
702209,上櫃,0.0,0.0,0.0
702210,上櫃,0.0,0.0,0.0
702211,上櫃,0.0,0.0,0.0
702212,上櫃,0.0,0.0,0.0
702213,上櫃,0.0,0.0,0.0
702214,上櫃,0.0,0.0,0.0
702215,上櫃,5.2,4.86,75.0
702216,上櫃,2.88,3.39,6.0
702217,上櫃,0.8,0.83,1733.0
702218,上櫃,0.91,0.84,29.0
702219,上櫃,0.0,0.0,0.0
702220,上櫃,0.0,0.0,0.0
702221,上櫃,7.95,7.75,9.0
702222,上櫃,0.46,0.46,1138.0
702223,上櫃,0.0,0.0,0.0
702224,上櫃,0.0,0.0,0.0
702225,上櫃,1.02,1.02,311.0
702226,上櫃,1.31,1.28,22.0
702228,上櫃,0.0,0.0,0.0
702229,上櫃,8.6,9.9,15.0
702230,上櫃,0.0,0.0,0.0
702231,上櫃,0.0,0.0,0.0
702232,上櫃,0.0,0.0,0.0
702233,上櫃,8.5,11.0,6.0
702234,上櫃,0.0,0.0,0.0
702238,上櫃,0.0,0.0,0.0
702239,上櫃,0.0,0.0,0.0
702240,上櫃,0.0,0.0,0.0
702241,上櫃,8.0,8.0,10.0
702242,上櫃,3.4,3.37,5.0
702244,上櫃,0.0,0.0,0.0
702245,上櫃,0.0,0.0,0.0
702246,上櫃,0.0,0.0,0.0
702247,上櫃,7.1,8.3,454.0
702248,上櫃,0.0,0.0,0.0
702249,上櫃,0.0,0.0,0.0
702250,上櫃,0.0,0.0,0.0
702251,上櫃,0.0,0.0,0.0
702252,上櫃,0.0,0.0,0.0
702253,上櫃,0.0,0.0,0.0
702254,上櫃,0.0,0.0,0.0
702255,上櫃,0.0,0.0,0.0
702256,上櫃,0.0,0.0,0.0
702257,上櫃,0.0,0.0,0.0
702258,上櫃,0.0,0.0,0.0
702259,上櫃,3.71,3.79,244.0
702260,上櫃,1.0,1.0,20.0
702261,上櫃,12.2,14.3,17.0
702262,上櫃,0.0,0.0,0.0
702263,上櫃,0.0,0.0,0.0
702264,上櫃,0.0,0.0,0.0
702265,上櫃,1.9,1.74,67.0
702266,上櫃,0.0,0.0,0.0
702267,上櫃,0.0,0.0,0.0
702268,上櫃,5.0,7.2,318.0
702269,上櫃,4.25,5.15,375.0
702270,上櫃,0.0,0.0,0.0
702271,上櫃,4.39,5.1,106.0
702272,上櫃,0.0,0.0,0.0
702273,上櫃,0.82,0.83,236.0
702274,上櫃,0.0,0.0,0.0
702275,上櫃,0.0,0.0,0.0
702276,上櫃,0.0,0.0,0.0
702278,上櫃,2.46,2.46,220.0
702280,上櫃,0.0,0.0,0.0
702281,上櫃,3.14,2.83,21.0
702283,上櫃,0.0,0.0,0.0
702284,上櫃,0.0,0.0,0.0
702285,上櫃,2.37,2.37,10.0
702286,上櫃,0.0,0.0,0.0
702287,上櫃,0.0,0.0,0.0
702288,上櫃,0.0,0.0,0.0
702289,上櫃,0.0,0.0,0.0
702290,上櫃,3.26,3.81,125.0
702291,上櫃,0.0,0.0,0.0
702292,上櫃,0.0,0.0,0.0
702293,上櫃,0.0,0.0,0.0
702294,上櫃,0.0,0.0,0.0
702296,上櫃,0.0,0.0,0.0
702298,上櫃,0.0,0.0,0.0
702299,上櫃,1.41,1.7,144.0
702300,上櫃,1.6,1.6,506.0
702301,上櫃,0.16,0.16,10.0
702302,上櫃,0.0,0.0,0.0
702303,上櫃,0.0,0.0,0.0
702304,上櫃,0.0,0.0,0.0
702305,上櫃,0.0,0.0,0.0
702306,上櫃,20.7,20.7,1.0
702307,上櫃,2.9,3.2,28.0
702308,上櫃,2.82,3.29,38.0
702309,上櫃,0.0,0.0,0.0
702310,上櫃,0.0,0.0,0.0
702311,上櫃,0.0,0.0,0.0
702312,上櫃,6.2,6.2,1.0
702313,上櫃,0.0,0.0,0.0
702314,上櫃,0.0,0.0,0.0
702315,上櫃,0.0,0.0,0.0
702316,上櫃,0.0,0.0,0.0
702317,上櫃,0.0,0.0,0.0
702318,上櫃,0.0,0.0,0.0
702319,上櫃,0.0,0.0,0.0
702320,上櫃,0.0,0.0,0.0
702321,上櫃,0.0,0.0,0.0
702322,上櫃,1.04,1.37,319.0
702323,上櫃,0.0,0.0,0.0
702324,上櫃,0.0,0.0,0.0
702325,上櫃,0.76,0.8,169.0
702327,上櫃,0.19,0.21,30.0
702328,上櫃,0.0,0.0,0.0
702329,上櫃,0.0,0.0,0.0
702330,上櫃,0.0,0.0,0.0
702331,上櫃,0.0,0.0,0.0
702332,上櫃,0.0,0.0,0.0
702333,上櫃,2.0,2.75,253.0
702334,上櫃,0.0,0.0,0.0
702336,上櫃,0.0,0.0,0.0
702337,上櫃,0.3,0.29,83.0
702338,上櫃,0.0,0.0,0.0
702339,上櫃,0.0,0.0,0.0
702340,上櫃,0.0,0.0,0.0
702341,上櫃,0.0,0.0,0.0
702342,上櫃,0.0,0.0,0.0
702343,上櫃,0.0,0.0,0.0
702344,上櫃,0.0,0.0,0.0
702345,上櫃,2.02,2.01,10.0
702346,上櫃,0.0,0.0,0.0
702347,上櫃,0.0,0.0,0.0
702348,上櫃,0.95,0.95,25.0
702349,上櫃,0.15,0.15,20.0
702350,上櫃,0.0,0.0,0.0
702351,上櫃,2.18,2.25,6.0
702352,上櫃,3.07,3.5,106.0
702353,上櫃,2.16,2.0,217.0
702354,上櫃,0.0,0.0,0.0
702355,上櫃,0.0,0.0,0.0
702356,上櫃,0.0,0.0,0.0
702357,上櫃,0.43,0.43,425.0
702358,上櫃,15.3,15.3,1.0
702359,上櫃,0.0,0.0,0.0
702361,上櫃,0.0,0.0,0.0
702362,上櫃,1.86,1.98,8.0
702363,上櫃,3.09,3.12,30.0
702364,上櫃,1.6,1.5,36.0
702365,上櫃,0.0,0.0,0.0
702366,上櫃,0.0,0.0,0.0
702367,上櫃,0.0,0.0,0.0
702368,上櫃,0.0,0.0,0.0
702369,上櫃,0.0,0.0,0.0
702370,上櫃,5.8,5.9,30.0
702371,上櫃,0.0,0.0,0.0
702372,上櫃,1.31,1.72,578.0
702373,上櫃,0.0,0.0,0.0
702374,上櫃,0.0,0.0,0.0
702375,上櫃,0.0,0.0,0.0
702376,上櫃,0.0,0.0,0.0
702377,上櫃,0.0,0.0,0.0
702378,上櫃,3.38,3.64,100.0
702379,上櫃,0.0,0.0,0.0
702380,上櫃,0.0,0.0,0.0
702381,上櫃,0.0,0.0,0.0
702384,上櫃,0.0,0.0,0.0
702385,上櫃,0.17,0.17,5.0
702386,上櫃,0.0,0.0,0.0
702387,上櫃,0.0,0.0,0.0
702388,上櫃,0.0,0.0,0.0
702389,上櫃,1.84,1.97,80.0
702390,上櫃,0.0,0.0,0.0
702391,上櫃,0.0,0.0,0.0
702392,上櫃,0.0,0.0,0.0
702393,上櫃,0.0,0.0,0.0
702394,上櫃,0.0,0.0,0.0
702395,上櫃,2.32,2.8,32.0
702397,上櫃,1.37,1.37,54.0
702398,上櫃,0.52,0.52,20.0
702400,上櫃,0.0,0.0,0.0
702401,上櫃,0.0,0.0,0.0
702402,上櫃,0.52,0.75,152.0
702403,上櫃,0.0,0.0,0.0
702404,上櫃,0.0,0.0,0.0
702405,上櫃,0.0,0.0,0.0
702406,上櫃,2.06,2.21,54.0
702408,上櫃,0.0,0.0,0.0
702409,上櫃,0.46,0.53,725.0
702410,上櫃,0.41,0.58,69.0
702411,上櫃,0.0,0.0,0.0
702412,上櫃,2.4,2.42,10.0
702413,上櫃,2.37,2.33,17.0
702414,上櫃,1.37,1.42,157.0
702415,上櫃,12.3,12.3,3.0
702416,上櫃,0.0,0.0,0.0
702417,上櫃,0.0,0.0,0.0
702418,上櫃,0.0,0.0,0.0
702419,上櫃,0.38,0.37,178.0
702420,上櫃,0.0,0.0,0.0
702421,上櫃,0.0,0.0,0.0
702422,上櫃,1.93,1.91,5.0
702423,上櫃,0.0,0.0,0.0
702424,上櫃,0.0,0.0,0.0
702425,上櫃,0.0,0.0,0.0
702426,上櫃,0.0,0.0,0.0
702427,上櫃,0.0,0.0,0.0
702428,上櫃,1.22,1.24,549.0
702429,上櫃,1.14,1.07,31.0
702430,上櫃,2.09,2.13,187.0
702431,上櫃,0.98,0.98,190.0
702434,上櫃,0.0,0.0,0.0
702435,上櫃,1.72,1.72,227.0
702436,上櫃,0.0,0.0,0.0
702437,上櫃,1.3,1.29,1000.0
702438,上櫃,0.94,0.85,1076.0
702439,上櫃,1.08,0.92,284.0
702440,上櫃,0.68,0.62,603.0
702441,上櫃,2.29,2.45,351.0
702442,上櫃,0.0,0.0,0.0
702443,上櫃,0.29,0.29,100.0
702444,上櫃,1.13,1.04,30.0
702445,上櫃,3.64,3.39,127.0
702446,上櫃,0.0,0.0,0.0
702447,上櫃,0.0,0.0,0.0
702448,上櫃,0.0,0.0,0.0
702449,上櫃,1.03,0.97,1505.0
702450,上櫃,0.95,0.82,1139.0
702451,上櫃,0.0,0.0,0.0
702455,上櫃,0.0,0.0,0.0
702456,上櫃,0.0,0.0,0.0
702457,上櫃,0.0,0.0,0.0
702458,上櫃,5.45,5.0,500.0
702459,上櫃,0.0,0.0,0.0
702460,上櫃,0.0,0.0,0.0
702461,上櫃,0.0,0.0,0.0
702462,上櫃,3.15,3.15,1.0
702463,上櫃,0.0,0.0,0.0
702464,上櫃,2.62,2.38,144.0
702465,上櫃,3.3,3.3,2.0
702466,上櫃,1.59,1.42,20.0
702467,上櫃,4.97,5.0,59.0
702468,上櫃,1.54,1.54,50.0
702469,上櫃,0.0,0.0,0.0
702471,上櫃,0.17,0.17,50.0
702472,上櫃,0.18,0.18,5.0
702473,上櫃,0.0,0.0,0.0
702474,上櫃,0.0,0.0,0.0
702475,上櫃,0.0,0.0,0.0
702476,上櫃,0.0,0.0,0.0
702477,上櫃,0.0,0.0,0.0
702478,上櫃,0.0,0.0,0.0
702480,上櫃,0.56,0.57,5.0
702481,上櫃,2.52,2.28,107.0
702482,上櫃,3.86,3.86,1.0
702483,上櫃,2.24,2.01,81.0
702484,上櫃,0.0,0.0,0.0
702485,上櫃,0.36,0.36,30.0
702486,上櫃,0.0,0.0,0.0
702487,上櫃,0.0,0.0,0.0
702488,上櫃,0.0,0.0,0.0
702489,上櫃,0.0,0.0,0.0
702490,上櫃,0.0,0.0,0.0
702491,上櫃,0.0,0.0,0.0
702492,上櫃,0.0,0.0,0.0
702493,上櫃,0.16,0.18,15.0
702495,上櫃,11.6,11.6,1.0
702496,上櫃,11.5,11.4,30.0
702498,上櫃,1.19,1.06,313.0
702499,上櫃,2.17,2.17,1.0
702501,上櫃,0.0,0.0,0.0
702502,上櫃,0.0,0.0,0.0
702503,上櫃,0.0,0.0,0.0
702504,上櫃,0.0,0.0,0.0
702505,上櫃,0.0,0.0,0.0
702506,上櫃,2.41,2.85,108.0
702507,上櫃,1.65,1.73,16.0
702508,上櫃,0.64,0.84,629.0
702509,上櫃,0.0,0.0,0.0
702510,上櫃,4.16,4.43,15.0
702511,上櫃,0.0,0.0,0.0
702512,上櫃,0.0,0.0,0.0
702513,上櫃,0.0,0.0,0.0
702514,上櫃,1.44,1.32,73.0
702515,上櫃,0.85,0.89,846.0
702516,上櫃,0.82,0.75,96.0
702517,上櫃,0.0,0.0,0.0
702518,上櫃,0.6,0.65,172.0
702519,上櫃,0.0,0.0,0.0
702520,上櫃,0.0,0.0,0.0
702521,上櫃,4.24,3.89,5.0
702522,上櫃,0.0,0.0,0.0
702523,上櫃,0.22,0.21,939.0
702525,上櫃,0.0,0.0,0.0
702526,上櫃,0.0,0.0,0.0
702527,上櫃,0.0,0.0,0.0
702528,上櫃,0.0,0.0,0.0
702529,上櫃,0.0,0.0,0.0
702530,上櫃,0.0,0.0,0.0
702532,上櫃,4.31,4.35,21.0
702533,上櫃,4.52,4.9,34.0
702534,上櫃,7.85,7.85,2.0
702536,上櫃,0.99,0.96,99.0
702537,上櫃,0.0,0.0,0.0
702538,上櫃,0.0,0.0,0.0
702539,上櫃,10.5,10.5,1.0
702540,上櫃,0.0,0.0,0.0
702541,上櫃,0.0,0.0,0.0
702542,上櫃,0.0,0.0,0.0
702543,上櫃,0.4,0.38,405.0
702544,上櫃,0.0,0.0,0.0
702545,上櫃,0.0,0.0,0.0
702546,上櫃,0.0,0.0,0.0
702547,上櫃,0.16,0.16,49.0
702548,上櫃,12.4,12.4,2.0
702549,上櫃,1.18,1.88,123.0
702550,上櫃,2.46,2.38,1231.0
702551,上櫃,3.35,3.35,2.0
702552,上櫃,0.0,0.0,0.0
702553,上櫃,6.2,6.45,4.0
702554,上櫃,0.0,0.0,0.0
702555,上櫃,1.92,2.23,130.0
702556,上櫃,0.0,0.0,0.0
702557,上櫃,36.2,36.5,2.0
702558,上櫃,0.0,0.0,0.0
702559,上櫃,0.0,0.0,0.0
702560,上櫃,6.3,6.55,66.0
702561,上櫃,0.0,0.0,0.0
702562,上櫃,0.0,0.0,0.0
702563,上櫃,0.0,0.0,0.0
702564,上櫃,0.92,0.74,601.0
702565,上櫃,2.49,2.59,193.0
702566,上櫃,0.0,0.0,0.0
702567,上櫃,0.0,0.0,0.0
702568,上櫃,0.8,0.8,26.0
702569,上櫃,2.44,2.8,19.0
702570,上櫃,10.0,10.0,1.0
702571,上櫃,0.0,0.0,0.0
702572,上櫃,4.5,4.6,42.0
702573,上櫃,0.0,0.0,0.0
702574,上櫃,0.0,0.0,0.0
702575,上櫃,4.0,4.0,1.0
702576,上櫃,6.95,7.0,12.0
702577,上櫃,0.0,0.0,0.0
702578,上櫃,2.85,2.85,10.0
702579,上櫃,36.4,36.4,10.0
702580,上櫃,0.0,0.0,0.0
702581,上櫃,0.0,0.0,0.0
702582,上櫃,8.85,8.85,2.0
702583,上櫃,11.4,11.4,1.0
702584,上櫃,7.45,7.45,5.0
702585,上櫃,0.0,0.0,0.0
702586,上櫃,1.95,1.77,248.0
702587,上櫃,0.0,0.0,0.0
702588,上櫃,0.0,0.0,0.0
702589,上櫃,0.0,0.0,0.0
702590,上櫃,3.68,3.96,67.0
702591,上櫃,3.0,3.49,46.0
702592,上櫃,3.63,4.31,17.0
702593,上櫃,3.45,3.68,113.0
702594,上櫃,1.52,1.55,50.0
702595,上櫃,2.94,3.19,438.0
702597,上櫃,0.0,0.0,0.0
702598,上櫃,3.12,3.26,65.0
702599,上櫃,0.0,0.0,0.0
702600,上櫃,4.92,4.49,44.0
702601,上櫃,0.0,0.0,0.0
702602,上櫃,0.0,0.0,0.0
702603,上櫃,0.6,0.74,796.0
702604,上櫃,5.05,4.6,37.0
702605,上櫃,0.35,0.37,960.0
702607,上櫃,3.53,3.61,11.0
702608,上櫃,0.38,0.38,73.0
702609,上櫃,5.4,5.4,1.0
702610,上櫃,1.44,1.33,988.0
702611,上櫃,1.5,1.08,232.0
702612,上櫃,1.18,1.3,615.0
702613,上櫃,1.35,1.46,712.0
702614,上櫃,0.0,0.0,0.0
702615,上櫃,1.76,1.66,560.0
702616,上櫃,3.03,3.04,101.0
702617,上櫃,7.75,7.75,1.0
702618,上櫃,0.0,0.0,0.0
702619,上櫃,3.0,3.0,3.0
702620,上櫃,0.0,0.0,0.0
702621,上櫃,0.0,0.0,0.0
702622,上櫃,0.0,0.0,0.0
702623,上櫃,0.17,0.2,905.0
702624,上櫃,6.2,6.3,10.0
702625,上櫃,0.0,0.0,0.0
702626,上櫃,1.6,1.6,1.0
702627,上櫃,2.45,2.45,2.0
702628,上櫃,0.0,0.0,0.0
702629,上櫃,0.0,0.0,0.0
702630,上櫃,0.0,0.0,0.0
702631,上櫃,14.0,14.0,1.0
702632,上櫃,0.0,0.0,0.0
702633,上櫃,0.8,0.79,106.0
702634,上櫃,0.0,0.0,0.0
702635,上櫃,0.0,0.0,0.0
702636,上櫃,3.62,4.6,244.0
702637,上櫃,0.0,0.0,0.0
702638,上櫃,0.0,0.0,0.0
702639,上櫃,6.0,6.3,12.0
702640,上櫃,0.0,0.0,0.0
702641,上櫃,0.92,0.93,70.0
702642,上櫃,6.0,6.0,10.0
702643,上櫃,11.7,11.7,10.0
702644,上櫃,0.0,0.0,0.0
702645,上櫃,13.6,13.6,1.0
702646,上櫃,0.93,1.68,33.0
702647,上櫃,1.0,1.07,173.0
702648,上櫃,2.11,2.36,172.0
702649,上櫃,3.64,3.74,533.0
702650,上櫃,4.44,4.56,13.0
702651,上櫃,0.0,0.0,0.0
702652,上櫃,0.0,0.0,0.0
702653,上櫃,0.0,0.0,0.0
702654,上櫃,1.53,1.65,50.0
702655,上櫃,0.0,0.0,0.0
702656,上櫃,4.63,5.8,4.0
702657,上櫃,3.17,3.4,4.0
702658,上櫃,0.0,0.0,0.0
702659,上櫃,1.5,1.48,7.0
702660,上櫃,1.73,1.73,785.0
702661,上櫃,0.0,0.0,0.0
702662,上櫃,0.0,0.0,0.0
702663,上櫃,0.13,0.13,10.0
702664,上櫃,0.0,0.0,0.0
702665,上櫃,0.89,1.13,31.0
702666,上櫃,1.12,1.31,147.0
702667,上櫃,0.29,0.29,2026.0
702668,上櫃,0.0,0.0,0.0
702669,上櫃,0.0,0.0,0.0
702670,上櫃,2.74,2.7,2.0
702671,上櫃,1.82,1.76,84.0
702672,上櫃,0.0,0.0,0.0
702673,上櫃,1.32,1.45,535.0
702674,上櫃,0.5,0.56,909.0
702675,上櫃,0.0,0.0,0.0
702676,上櫃,7.5,7.5,2.0
702677,上櫃,0.0,0.0,0.0
702678,上櫃,0.86,0.86,3.0
702679,上櫃,0.0,0.0,0.0
702680,上櫃,0.0,0.0,0.0
702681,上櫃,0.0,0.0,0.0
702682,上櫃,0.0,0.0,0.0
702683,上櫃,0.48,0.5,79.0
702685,上櫃,3.25,3.75,460.0
702686,上櫃,0.0,0.0,0.0
702687,上櫃,0.0,0.0,0.0
702688,上櫃,0.27,0.27,1.0
702689,上櫃,0.37,0.34,72.0
702690,上櫃,0.0,0.0,0.0
702691,上櫃,16.1,16.1,1.0
702692,上櫃,0.0,0.0,0.0
702693,上櫃,2.11,2.06,13.0
702694,上櫃,0.0,0.0,0.0
702695,上櫃,0.0,0.0,0.0
702696,上櫃,0.0,0.0,0.0
702697,上櫃,0.0,0.0,0.0
702698,上櫃,0.0,0.0,0.0
702699,上櫃,0.0,0.0,0.0
702700,上櫃,2.4,2.7,136.0
702701,上櫃,0.0,0.0,0.0
702702,上櫃,2.83,3.33,2.0
702703,上櫃,1.03,1.03,5.0
702704,上櫃,0.34,0.38,35.0
702705,上櫃,2.68,2.68,100.0
702706,上櫃,0.0,0.0,0.0
702707,上櫃,2.81,3.75,30.0
702708,上櫃,0.0,0.0,0.0
702709,上櫃,0.0,0.0,0.0
702710,上櫃,0.0,0.0,0.0
702711,上櫃,0.0,0.0,0.0
702712,上櫃,0.0,0.0,0.0
702713,上櫃,0.55,0.76,303.0
702714,上櫃,0.06,0.06,1.0
702715,上櫃,0.0,0.0,0.0
702716,上櫃,0.0,0.0,0.0
702717,上櫃,6.3,6.85,9.0
702718,上櫃,0.38,0.51,130.0
702719,上櫃,0.27,0.28,1105.0
702722,上櫃,0.8,0.9,567.0
702723,上櫃,0.81,0.99,101.0
702724,上櫃,0.89,0.95,58.0
702725,上櫃,1.31,1.26,251.0
702726,上櫃,0.0,0.0,0.0
702727,上櫃,0.0,0.0,0.0
702728,上櫃,0.0,0.0,0.0
702729,上櫃,0.91,0.83,289.0
702730,上櫃,0.0,0.0,0.0
702731,上櫃,0.0,0.0,0.0
702732,上櫃,0.0,0.0,0.0
702733,上櫃,0.0,0.0,0.0
702734,上櫃,0.26,0.26,10.0
702735,上櫃,0.81,0.79,18.0
702736,上櫃,0.0,0.0,0.0
702737,上櫃,0.0,0.0,0.0
702738,上櫃,0.0,0.0,0.0
702739,上櫃,2.82,3.31,85.0
702740,上櫃,0.0,0.0,0.0
702741,上櫃,3.81,3.81,11.0
702742,上櫃,0.0,0.0,0.0
702743,上櫃,0.0,0.0,0.0
702744,上櫃,2.6,2.33,99.0
702745,上櫃,0.0,0.0,0.0
702746,上櫃,9.6,9.6,3.0
702747,上櫃,0.0,0.0,0.0
702748,上櫃,0.0,0.0,0.0
702749,上櫃,0.63,0.62,40.0
702751,上櫃,0.0,0.0,0.0
702752,上櫃,0.53,0.51,896.0
702753,上櫃,1.72,1.72,26.0
702754,上櫃,0.77,0.77,295.0
702755,上櫃,0.0,0.0,0.0
702757,上櫃,0.0,0.0,0.0
702758,上櫃,0.0,0.0,0.0
702759,上櫃,0.0,0.0,0.0
702760,上櫃,0.62,0.62,3.0
702761,上櫃,0.0,0.0,0.0
702762,上櫃,0.0,0.0,0.0
702763,上櫃,1.58,1.67,347.0
702764,上櫃,0.0,0.0,0.0
702765,上櫃,0.0,0.0,0.0
702766,上櫃,0.0,0.0,0.0
702767,上櫃,0.57,0.45,1097.0
702768,上櫃,3.81,3.81,4.0
702769,上櫃,2.77,2.75,200.0
702770,上櫃,0.32,0.28,158.0
702771,上櫃,0.0,0.0,0.0
702772,上櫃,0.87,0.78,130.0
702773,上櫃,1.16,1.04,371.0
702774,上櫃,5.0,5.25,4.0
702775,上櫃,0.0,0.0,0.0
702776,上櫃,1.62,1.58,629.0
702777,上櫃,3.43,3.11,35.0
702778,上櫃,0.0,0.0,0.0
702779,上櫃,0.0,0.0,0.0
702780,上櫃,0.0,0.0,0.0
702781,上櫃,0.0,0.0,0.0
702782,上櫃,26.3,28.2,3.0
702783,上櫃,0.0,0.0,0.0
702784,上櫃,8.85,7.35,60.0
702785,上櫃,0.0,0.0,0.0
702786,上櫃,0.0,0.0,0.0
702787,上櫃,2.35,2.36,25.0
702788,上櫃,0.0,0.0,0.0
702789,上櫃,0.0,0.0,0.0
702790,上櫃,0.0,0.0,0.0
702791,上櫃,0.5,0.5,2.0
702792,上櫃,0.84,0.89,1135.0
702794,上櫃,3.94,3.77,17.0
702795,上櫃,1.93,1.93,100.0
702796,上櫃,0.0,0.0,0.0
702797,上櫃,0.0,0.0,0.0
702798,上櫃,1.34,1.34,10.0
702800,上櫃,0.7,0.66,172.0
702801,上櫃,0.0,0.0,0.0
702802,上櫃,0.39,0.41,170.0
702803,上櫃,0.0,0.0,0.0
702804,上櫃,0.88,0.86,248.0
702805,上櫃,0.93,1.12,44.0
702806,上櫃,1.6,1.6,3.0
702807,上櫃,1.85,1.78,120.0
702808,上櫃,1.04,1.0,1441.0
702809,上櫃,0.92,0.85,437.0
702810,上櫃,0.6,0.53,312.0
702811,上櫃,0.53,0.5,21.0
702813,上櫃,0.0,0.0,0.0
702814,上櫃,1.85,1.85,2.0
702815,上櫃,3.07,3.07,31.0
702816,上櫃,0.75,0.93,11.0
702817,上櫃,9.75,9.75,1.0
702818,上櫃,0.0,0.0,0.0
702819,上櫃,4.12,4.17,56.0
702820,上櫃,0.0,0.0,0.0
702821,上櫃,0.42,0.39,2.0
702822,上櫃,0.0,0.0,0.0
702823,上櫃,0.0,0.0,0.0
702824,上櫃,1.74,1.74,4.0
702825,上櫃,2.65,2.98,151.0
702826,上櫃,0.0,0.0,0.0
702827,上櫃,9.1,9.1,1.0
702828,上櫃,0.91,0.93,336.0
702829,上櫃,1.06,1.06,182.0
702830,上櫃,1.31,1.31,29.0
702831,上櫃,0.0,0.0,0.0
702832,上櫃,0.0,0.0,0.0
702833,上櫃,4.99,4.91,847.0
702834,上櫃,5.35,5.15,50.0
702835,上櫃,0.0,0.0,0.0
702836,上櫃,0.0,0.0,0.0
702837,上櫃,0.0,0.0,0.0
702838,上櫃,0.42,0.49,100.0
702839,上櫃,0.0,0.0,0.0
702840,上櫃,0.0,0.0,0.0
702841,上櫃,19.9,19.9,2.0
702842,上櫃,0.0,0.0,0.0
702843,上櫃,2.64,2.78,28.0
702844,上櫃,1.66,1.66,43.0
702845,上櫃,0.0,0.0,0.0
702846,上櫃,0.0,0.0,0.0
702847,上櫃,2.96,2.96,2.0
702848,上櫃,0.91,1.01,267.0
702849,上櫃,0.71,0.74,302.0
702850,上櫃,0.39,0.39,1.0
702851,上櫃,1.35,1.27,130.0
702853,上櫃,0.0,0.0,0.0
702854,上櫃,0.0,0.0,0.0
702855,上櫃,4.51,4.48,22.0
702856,上櫃,3.95,4.61,56.0
702857,上櫃,0.0,0.0,0.0
702858,上櫃,0.0,0.0,0.0
702859,上櫃,1.63,1.63,2.0
702860,上櫃,0.0,0.0,0.0
702861,上櫃,3.75,3.64,13.0
702862,上櫃,1.76,1.4,280.0
702863,上櫃,0.0,0.0,0.0
702864,上櫃,0.0,0.0,0.0
702865,上櫃,0.0,0.0,0.0
702866,上櫃,0.0,0.0,0.0
702867,上櫃,1.2,0.88,97.0
702868,上櫃,0.0,0.0,0.0
702869,上櫃,0.0,0.0,0.0
702870,上櫃,0.0,0.0,0.0
702871,上櫃,0.0,0.0,0.0
702872,上櫃,2.25,2.25,5.0
702873,上櫃,1.65,1.59,12.0
702874,上櫃,1.83,1.75,130.0
702875,上櫃,3.92,5.0,4.0
702876,上櫃,5.4,5.7,22.0
702877,上櫃,0.0,0.0,0.0
702878,上櫃,8.45,8.45,4.0
702879,上櫃,0.0,0.0,0.0
702880,上櫃,7.35,7.35,5.0
702881,上櫃,5.55,5.55,100.0
702882,上櫃,0.78,0.81,260.0
702883,上櫃,1.11,1.3,26.0
702884,上櫃,1.2,1.36,103.0
702885,上櫃,3.01,2.89,492.0
702886,上櫃,2.13,2.03,731.0
702888,上櫃,0.0,0.0,0.0
702889,上櫃,0.0,0.0,0.0
702890,上櫃,1.1,1.08,184.0
702891,上櫃,0.0,0.0,0.0
702892,上櫃,0.0,0.0,0.0
702893,上櫃,0.22,0.16,410.0
702894,上櫃,0.0,0.0,0.0
702895,上櫃,2.6,2.63,24.0
702896,上櫃,0.0,0.0,0.0
702897,上櫃,0.0,0.0,0.0
702898,上櫃,0.0,0.0,0.0
702899,上櫃,8.4,9.8,7.0
702901,上櫃,0.0,0.0,0.0
702902,上櫃,0.0,0.0,0.0
702903,上櫃,0.0,0.0,0.0
702904,上櫃,1.35,1.43,261.0
702905,上櫃,11.2,13.0,25.0
702907,上櫃,0.0,0.0,0.0
702908,上櫃,0.0,0.0,0.0
702909,上櫃,0.55,0.56,438.0
702910,上櫃,2.52,2.81,40.0
702911,上櫃,6.35,6.35,5.0
702912,上櫃,0.23,0.23,5.0
702913,上櫃,0.0,0.0,0.0
702914,上櫃,0.0,0.0,0.0
702915,上櫃,0.0,0.0,0.0
702917,上櫃,0.0,0.0,0.0
702918,上櫃,4.02,4.02,11.0
702919,上櫃,1.99,1.59,338.0
702920,上櫃,3.65,4.94,384.0
702921,上櫃,0.36,0.54,1284.0
702922,上櫃,1.02,1.02,5.0
702923,上櫃,0.0,0.0,0.0
702924,上櫃,0.79,0.87,373.0
702925,上櫃,2.95,2.95,14.0
702926,上櫃,0.0,0.0,0.0
702927,上櫃,1.46,1.4,32.0
702928,上櫃,0.0,0.0,0.0
702929,上櫃,0.0,0.0,0.0
702930,上櫃,0.0,0.0,0.0
702931,上櫃,0.0,0.0,0.0
702932,上櫃,0.0,0.0,0.0
702935,上櫃,3.17,3.17,5.0
702936,上櫃,0.24,0.26,106.0
702937,上櫃,0.0,0.0,0.0
702938,上櫃,0.0,0.0,0.0
702939,上櫃,0.0,0.0,0.0
702940,上櫃,0.0,0.0,0.0
702941,上櫃,0.0,0.0,0.0
702942,上櫃,0.0,0.0,0.0
702943,上櫃,14.7,14.9,3.0
702944,上櫃,0.0,0.0,0.0
702945,上櫃,0.79,0.79,190.0
702946,上櫃,7.75,7.75,1.0
702947,上櫃,1.21,1.4,320.0
702948,上櫃,3.05,3.31,30.0
702949,上櫃,4.19,4.28,19.0
702950,上櫃,1.63,1.49,89.0
702951,上櫃,1.13,1.12,31.0
702952,上櫃,1.15,0.96,533.0
702953,上櫃,3.42,4.08,238.0
702954,上櫃,0.0,0.0,0.0
702955,上櫃,0.0,0.0,0.0
702956,上櫃,0.0,0.0,0.0
702957,上櫃,0.0,0.0,0.0
702958,上櫃,0.0,0.0,0.0
702959,上櫃,0.0,0.0,0.0
702960,上櫃,0.0,0.0,0.0
702961,上櫃,2.69,2.86,24.0
702962,上櫃,1.48,1.4,29.0
702963,上櫃,0.0,0.0,0.0
702964,上櫃,0.5,0.48,205.0
702965,上櫃,0.0,0.0,0.0
702966,上櫃,0.0,0.0,0.0
702967,上櫃,0.0,0.0,0.0
702968,上櫃,2.61,3.02,26.0
702969,上櫃,0.0,0.0,0.0
702970,上櫃,1.27,1.3,37.0
702971,上櫃,0.0,0.0,0.0
702973,上櫃,2.46,2.6,42.0
702974,上櫃,1.95,1.95,1.0
702975,上櫃,0.0,0.0,0.0
702976,上櫃,1.33,1.33,23.0
702977,上櫃,0.0,0.0,0.0
702978,上櫃,36.8,36.4,15.0
702979,上櫃,0.0,0.0,0.0
702980,上櫃,0.0,0.0,0.0
702981,上櫃,0.75,0.82,323.0
702982,上櫃,0.0,0.0,0.0
702983,上櫃,0.0,0.0,0.0
702984,上櫃,1.15,1.15,5.0
702985,上櫃,0.0,0.0,0.0
702986,上櫃,0.0,0.0,0.0
702987,上櫃,0.0,0.0,0.0
702988,上櫃,0.0,0.0,0.0
702989,上櫃,1.26,1.34,208.0
702990,上櫃,3.29,3.29,5.0
702991,上櫃,2.04,2.04,5.0
702992,上櫃,1.78,1.78,10.0
702993,上櫃,0.0,0.0,0.0
702994,上櫃,0.0,0.0,0.0
702995,上櫃,0.0,0.0,0.0
702996,上櫃,0.83,1.05,227.0
702997,上櫃,0.0,0.0,0.0
702998,上櫃,5.1,5.4,200.0
702999,上櫃,1.84,1.85,144.0
703000,上櫃,1.64,1.63,72.0
703001,上櫃,0.0,0.0,0.0
703002,上櫃,0.0,0.0,0.0
703003,上櫃,2.31,2.31,5.0
703004,上櫃,2.62,2.62,50.0
703005,上櫃,0.0,0.0,0.0
703006,上櫃,1.18,1.32,229.0
703007,上櫃,1.73,1.8,29.0
703008,上櫃,0.0,0.0,0.0
703009,上櫃,0.56,0.62,86.0
703010,上櫃,2.56,2.56,2.0
703011,上櫃,2.91,2.81,31.0
703012,上櫃,0.99,0.99,14.0
703013,上櫃,2.09,2.02,195.0
703014,上櫃,2.2,2.35,30.0
703016,上櫃,1.06,1.03,586.0
703017,上櫃,0.64,0.59,365.0
703018,上櫃,1.16,1.25,5.0
703019,上櫃,0.0,0.0,0.0
703021,上櫃,0.0,0.0,0.0
703022,上櫃,0.0,0.0,0.0
703023,上櫃,0.0,0.0,0.0
703024,上櫃,0.0,0.0,0.0
703025,上櫃,0.0,0.0,0.0
703026,上櫃,2.15,2.11,30.0
703027,上櫃,0.0,0.0,0.0
703029,上櫃,0.0,0.0,0.0
703030,上櫃,0.71,0.71,20.0
703031,上櫃,0.0,0.0,0.0
703032,上櫃,0.0,0.0,0.0
703033,上櫃,1.19,1.19,30.0
703034,上櫃,0.0,0.0,0.0
703036,上櫃,0.0,0.0,0.0
703037,上櫃,0.0,0.0,0.0
703038,上櫃,1.58,1.49,967.0
703039,上櫃,0.0,0.0,0.0
703040,上櫃,0.0,0.0,0.0
703041,上櫃,0.0,0.0,0.0
703042,上櫃,0.0,0.0,0.0
703043,上櫃,0.0,0.0,0.0
703044,上櫃,0.54,0.47,63.0
703045,上櫃,0.0,0.0,0.0
703046,上櫃,0.99,1.06,95.0
703047,上櫃,2.2,2.04,131.0
703048,上櫃,1.45,1.37,114.0
703049,上櫃,4.74,4.52,89.0
703050,上櫃,8.15,9.2,239.0
703051,上櫃,1.75,1.75,5.0
703052,上櫃,0.0,0.0,0.0
703053,上櫃,0.0,0.0,0.0
703054,上櫃,0.0,0.0,0.0
703055,上櫃,0.0,0.0,0.0
703056,上櫃,0.0,0.0,0.0
703058,上櫃,2.35,2.39,14.0
703059,上櫃,0.0,0.0,0.0
703060,上櫃,0.98,1.04,73.0
703061,上櫃,0.61,0.74,180.0
703062,上櫃,0.0,0.0,0.0
703063,上櫃,19.5,19.5,10.0
703064,上櫃,2.93,2.93,42.0
703065,上櫃,3.8,3.89,36.0
703066,上櫃,1.13,1.11,40.0
703067,上櫃,0.0,0.0,0.0
703068,上櫃,2.02,1.93,165.0
703069,上櫃,1.02,0.95,62.0
703070,上櫃,0.0,0.0,0.0
703071,上櫃,0.0,0.0,0.0
703072,上櫃,0.27,0.24,738.0
703073,上櫃,0.0,0.0,0.0
703074,上櫃,1.39,1.39,5.0
703075,上櫃,0.7,0.68,3132.0
703076,上櫃,0.0,0.0,0.0
703077,上櫃,0.0,0.0,0.0
703078,上櫃,0.55,0.5,40.0
703079,上櫃,0.29,0.26,414.0
703080,上櫃,4.83,5.25,14.0
703082,上櫃,0.0,0.0,0.0
703083,上櫃,0.0,0.0,0.0
703084,上櫃,0.0,0.0,0.0
703085,上櫃,0.0,0.0,0.0
703086,上櫃,1.32,1.35,40.0
703087,上櫃,0.0,0.0,0.0
703088,上櫃,0.0,0.0,0.0
703089,上櫃,0.0,0.0,0.0
703090,上櫃,0.0,0.0,0.0
703091,上櫃,2.67,2.67,5.0
703092,上櫃,0.0,0.0,0.0
703093,上櫃,0.0,0.0,0.0
703094,上櫃,0.65,0.51,386.0
703095,上櫃,2.15,2.43,35.0
703096,上櫃,0.0,0.0,0.0
703097,上櫃,16.9,16.9,1.0
703098,上櫃,20.8,20.8,4.0
703099,上櫃,35.6,35.6,3.0
703100,上櫃,0.0,0.0,0.0
703101,上櫃,26.0,26.0,1.0
703102,上櫃,13.2,13.2,1.0
703103,上櫃,0.0,0.0,0.0
703104,上櫃,0.0,0.0,0.0
703105,上櫃,0.18,0.22,188.0
703106,上櫃,0.0,0.0,0.0
703107,上櫃,1.7,1.55,100.0
703108,上櫃,0.0,0.0,0.0
703109,上櫃,0.0,0.0,0.0
703110,上櫃,2.51,2.28,50.0
703111,上櫃,0.0,0.0,0.0
703112,上櫃,0.0,0.0,0.0
703113,上櫃,0.0,0.0,0.0
703114,上櫃,0.12,0.13,90.0
703115,上櫃,1.23,1.23,10.0
703116,上櫃,0.81,0.8,36.0
703117,上櫃,0.77,0.75,31.0
703118,上櫃,0.0,0.0,0.0
703119,上櫃,2.72,2.53,12.0
703120,上櫃,0.0,0.0,0.0
703121,上櫃,0.42,0.39,248.0
703122,上櫃,0.69,0.65,352.0
703123,上櫃,0.81,0.81,33.0
703124,上櫃,0.96,0.93,322.0
703125,上櫃,0.75,0.66,881.0
703126,上櫃,0.0,0.0,0.0
703127,上櫃,0.67,0.61,130.0
703128,上櫃,0.0,0.0,0.0
703129,上櫃,0.0,0.0,0.0
703130,上櫃,0.0,0.0,0.0
703131,上櫃,1.86,1.45,737.0
703132,上櫃,1.01,0.85,1546.0
703133,上櫃,0.0,0.0,0.0
703134,上櫃,0.23,0.23,20.0
703135,上櫃,0.74,0.68,7.0
703136,上櫃,1.59,1.59,2.0
703137,上櫃,0.49,0.47,81.0
703138,上櫃,0.0,0.0,0.0
703139,上櫃,0.3,0.3,1.0
703140,上櫃,5.8,5.8,1.0
703141,上櫃,0.0,0.0,0.0
703142,上櫃,4.24,4.24,5.0
703143,上櫃,12.5,12.5,30.0
703144,上櫃,4.2,4.0,25.0
703145,上櫃,1.86,2.63,219.0
703146,上櫃,1.49,0.98,51.0
703147,上櫃,0.0,0.0,0.0
703148,上櫃,0.0,0.0,0.0
703149,上櫃,0.55,0.55,1.0
703150,上櫃,0.0,0.0,0.0
703151,上櫃,0.16,0.18,399.0
703152,上櫃,0.0,0.0,0.0
703153,上櫃,0.0,0.0,0.0
703154,上櫃,0.0,0.0,0.0
703155,上櫃,0.0,0.0,0.0
703156,上櫃,0.0,0.0,0.0
703157,上櫃,0.0,0.0,0.0
703158,上櫃,0.0,0.0,0.0
703159,上櫃,0.0,0.0,0.0
703160,上櫃,0.0,0.0,0.0
703161,上櫃,0.0,0.0,0.0
703162,上櫃,0.52,0.51,286.0
703163,上櫃,0.65,0.65,75.0
703164,上櫃,0.0,0.0,0.0
703165,上櫃,0.0,0.0,0.0
703166,上櫃,0.41,0.39,169.0
703167,上櫃,0.2,0.22,650.0
703168,上櫃,0.0,0.0,0.0
703169,上櫃,6.4,6.7,25.0
703170,上櫃,0.0,0.0,0.0
703171,上櫃,0.0,0.0,0.0
703172,上櫃,0.0,0.0,0.0
703173,上櫃,0.0,0.0,0.0
703174,上櫃,0.48,0.48,10.0
703175,上櫃,0.84,0.79,65.0
703176,上櫃,1.09,1.03,583.0
703177,上櫃,1.39,1.36,484.0
703178,上櫃,2.13,2.12,110.0
703179,上櫃,0.0,0.0,0.0
703180,上櫃,0.0,0.0,0.0
703181,上櫃,0.0,0.0,0.0
703182,上櫃,0.56,0.56,40.0
703183,上櫃,3.05,2.94,18.0
703184,上櫃,18.3,18.9,3.0
703185,上櫃,0.0,0.0,0.0
703186,上櫃,1.67,1.67,3.0
703187,上櫃,2.85,3.42,6.0
703188,上櫃,1.45,1.45,1.0
703189,上櫃,3.34,3.22,40.0
703190,上櫃,1.21,1.2,140.0
703191,上櫃,0.85,0.82,50.0
703192,上櫃,0.0,0.0,0.0
703193,上櫃,0.0,0.0,0.0
703194,上櫃,0.29,0.23,131.0
703195,上櫃,1.52,1.52,150.0
703196,上櫃,0.0,0.0,0.0
703197,上櫃,1.84,1.84,350.0
703198,上櫃,0.0,0.0,0.0
703199,上櫃,2.08,2.12,11.0
703200,上櫃,0.0,0.0,0.0
703201,上櫃,0.54,0.49,30.0
703202,上櫃,0.63,0.68,110.0
703203,上櫃,0.0,0.0,0.0
703204,上櫃,0.59,0.71,4130.0
703205,上櫃,0.0,0.0,0.0
703206,上櫃,3.49,3.49,10.0
703207,上櫃,14.0,14.0,1.0
703208,上櫃,0.0,0.0,0.0
703209,上櫃,0.0,0.0,0.0
703210,上櫃,0.0,0.0,0.0
703211,上櫃,0.11,0.11,2.0
703212,上櫃,0.39,0.39,100.0
703213,上櫃,0.0,0.0,0.0
703214,上櫃,3.95,3.95,25.0
703215,上櫃,16.0,19.6,29.0
703216,上櫃,4.59,5.0,19.0
703217,上櫃,0.0,0.0,0.0
703218,上櫃,0.0,0.0,0.0
703219,上櫃,0.0,0.0,0.0
703220,上櫃,0.0,0.0,0.0
703221,上櫃,20.1,20.1,1.0
703222,上櫃,0.0,0.0,0.0
703223,上櫃,1.85,1.85,5.0
703224,上櫃,1.06,1.0,112.0
703225,上櫃,0.0,0.0,0.0
703226,上櫃,0.0,0.0,0.0
703227,上櫃,0.0,0.0,0.0
703228,上櫃,0.83,0.83,40.0
703229,上櫃,0.0,0.0,0.0
703230,上櫃,0.0,0.0,0.0
703231,上櫃,0.96,0.7,140.0
703232,上櫃,0.0,0.0,0.0
703233,上櫃,0.0,0.0,0.0
703234,上櫃,0.0,0.0,0.0
703235,上櫃,0.0,0.0,0.0
703236,上櫃,1.23,1.28,31.0
703237,上櫃,5.95,6.7,4.0
703238,上櫃,0.0,0.0,0.0
703239,上櫃,0.0,0.0,0.0
703240,上櫃,0.0,0.0,0.0
703241,上櫃,2.38,2.38,10.0
703242,上櫃,0.81,0.73,445.0
703243,上櫃,1.72,1.89,147.0
703245,上櫃,0.0,0.0,0.0
703246,上櫃,5.85,6.2,16.0
703247,上櫃,3.93,3.93,10.0
703248,上櫃,4.03,4.03,2.0
703249,上櫃,0.0,0.0,0.0
703250,上櫃,0.0,0.0,0.0
703251,上櫃,0.0,0.0,0.0
703252,上櫃,3.54,3.21,49.0
703253,上櫃,0.0,0.0,0.0
703254,上櫃,0.0,0.0,0.0
703255,上櫃,0.0,0.0,0.0
703256,上櫃,2.1,2.04,14.0
703257,上櫃,3.89,4.27,93.0
703258,上櫃,7.85,7.85,22.0
703259,上櫃,0.42,0.39,87.0
703260,上櫃,0.0,0.0,0.0
703261,上櫃,9.9,9.9,2.0
703262,上櫃,0.0,0.0,0.0
703263,上櫃,2.02,1.98,99.0
703264,上櫃,0.03,0.03,20.0
703265,上櫃,0.66,0.66,15.0
703266,上櫃,1.43,1.43,1.0
703267,上櫃,0.0,0.0,0.0
703268,上櫃,0.0,0.0,0.0
703269,上櫃,0.0,0.0,0.0
703271,上櫃,0.54,0.52,611.0
703272,上櫃,0.0,0.0,0.0
703273,上櫃,3.92,4.05,19.0
703274,上櫃,7.1,7.1,10.0
703275,上櫃,23.7,23.7,10.0
703277,上櫃,0.0,0.0,0.0
703278,上櫃,0.78,0.76,20.0
703279,上櫃,0.0,0.0,0.0
703280,上櫃,0.0,0.0,0.0
703281,上櫃,0.0,0.0,0.0
703282,上櫃,3.11,2.88,22.0
703283,上櫃,1.92,2.15,23.0
703284,上櫃,12.7,14.2,12.0
703285,上櫃,0.0,0.0,0.0
703286,上櫃,1.39,1.39,78.0
703287,上櫃,1.55,1.39,8.0
703288,上櫃,3.11,3.62,32.0
703289,上櫃,1.4,1.29,89.0
703290,上櫃,1.47,1.22,283.0
703291,上櫃,0.87,1.01,55.0
703292,上櫃,3.68,3.68,1.0
703293,上櫃,3.25,2.6,30.0
703294,上櫃,0.0,0.0,0.0
703295,上櫃,4.52,4.7,20.0
703296,上櫃,3.6,3.97,141.0
703297,上櫃,0.0,0.0,0.0
703298,上櫃,0.75,0.88,130.0
703299,上櫃,1.37,1.46,26.0
703300,上櫃,5.0,5.0,1.0
703301,上櫃,0.0,0.0,0.0
703302,上櫃,2.96,2.47,20.0
703303,上櫃,0.0,0.0,0.0
703305,上櫃,0.0,0.0,0.0
703306,上櫃,8.3,8.95,6.0
703307,上櫃,2.85,2.6,23.0
703308,上櫃,3.15,3.15,10.0
703309,上櫃,0.56,0.49,822.0
703310,上櫃,0.39,0.35,353.0
703311,上櫃,0.0,0.0,0.0
703312,上櫃,4.03,4.03,20.0
703313,上櫃,0.0,0.0,0.0
703314,上櫃,0.0,0.0,0.0
703315,上櫃,0.0,0.0,0.0
703316,上櫃,0.0,0.0,0.0
703317,上櫃,0.0,0.0,0.0
703318,上櫃,3.15,3.15,10.0
703319,上櫃,0.0,0.0,0.0
703320,上櫃,0.46,0.44,71.0
703321,上櫃,0.0,0.0,0.0
703322,上櫃,0.0,0.0,0.0
703323,上櫃,5.1,4.13,125.0
703324,上櫃,0.0,0.0,0.0
703325,上櫃,0.0,0.0,0.0
703326,上櫃,1.19,1.2,101.0
703327,上櫃,1.2,1.19,76.0
703328,上櫃,0.85,0.73,78.0
703329,上櫃,1.98,2.02,98.0
703330,上櫃,0.0,0.0,0.0
703331,上櫃,3.94,3.94,7.0
703332,上櫃,0.96,1.18,62.0
703333,上櫃,0.0,0.0,0.0
703334,上櫃,1.37,1.33,140.0
703335,上櫃,4.81,4.98,300.0
703336,上櫃,1.25,0.95,196.0
703337,上櫃,0.0,0.0,0.0
703338,上櫃,0.2,0.2,1996.0
703339,上櫃,3.59,4.01,18.0
703340,上櫃,0.0,0.0,0.0
703341,上櫃,0.0,0.0,0.0
703342,上櫃,0.62,0.63,70.0
703343,上櫃,3.68,3.6,38.0
703344,上櫃,0.0,0.0,0.0
703345,上櫃,0.0,0.0,0.0
703346,上櫃,4.18,3.42,40.0
703347,上櫃,0.0,0.0,0.0
703348,上櫃,0.0,0.0,0.0
703349,上櫃,0.0,0.0,0.0
703350,上櫃,0.52,0.67,3.0
703351,上櫃,4.88,5.45,503.0
703352,上櫃,0.0,0.0,0.0
703353,上櫃,3.4,3.27,60.0
703354,上櫃,3.21,3.21,10.0
703355,上櫃,0.0,0.0,0.0
703356,上櫃,0.0,0.0,0.0
703357,上櫃,1.22,1.24,6.0
703358,上櫃,0.63,0.77,42.0
703359,上櫃,0.0,0.0,0.0
703360,上櫃,0.0,0.0,0.0
703361,上櫃,0.0,0.0,0.0
703362,上櫃,20.0,20.0,1.0
703363,上櫃,0.0,0.0,0.0
703364,上櫃,0.0,0.0,0.0
703365,上櫃,0.51,0.49,66.0
703366,上櫃,4.45,4.4,24.0
703367,上櫃,3.51,3.51,1.0
703368,上櫃,6.75,6.15,56.0
703369,上櫃,1.5,1.62,11.0
703370,上櫃,0.0,0.0,0.0
703371,上櫃,2.17,2.32,59.0
703372,上櫃,3.44,3.61,84.0
703373,上櫃,1.48,1.36,9.0
703374,上櫃,0.0,0.0,0.0
703375,上櫃,0.0,0.0,0.0
703376,上櫃,0.0,0.0,0.0
703377,上櫃,0.0,0.0,0.0
703378,上櫃,0.0,0.0,0.0
703379,上櫃,0.0,0.0,0.0
703380,上櫃,0.0,0.0,0.0
703381,上櫃,4.54,4.52,27.0
703382,上櫃,0.0,0.0,0.0
703383,上櫃,8.9,5.7,13.0
703384,上櫃,0.27,0.27,5.0
703385,上櫃,0.0,0.0,0.0
703386,上櫃,1.15,1.2,22.0
703387,上櫃,0.59,0.43,746.0
703388,上櫃,0.0,0.0,0.0
703389,上櫃,0.64,0.62,846.0
703390,上櫃,0.0,0.0,0.0
703391,上櫃,0.0,0.0,0.0
703392,上櫃,0.0,0.0,0.0
703393,上櫃,0.0,0.0,0.0
703394,上櫃,0.0,0.0,0.0
703395,上櫃,0.0,0.0,0.0
703396,上櫃,3.92,4.15,5.0
703397,上櫃,0.98,0.99,37.0
703398,上櫃,0.68,0.63,1566.0
703399,上櫃,1.75,1.64,759.0
703400,上櫃,5.3,5.8,21.0
703401,上櫃,0.67,0.73,53.0
703402,上櫃,0.0,0.0,0.0
703403,上櫃,0.0,0.0,0.0
703404,上櫃,0.0,0.0,0.0
703405,上櫃,0.0,0.0,0.0
703406,上櫃,0.96,0.96,9.0
703407,上櫃,0.98,1.05,155.0
703408,上櫃,0.0,0.0,0.0
703409,上櫃,0.0,0.0,0.0
703410,上櫃,0.84,0.75,13.0
703411,上櫃,0.0,0.0,0.0
703412,上櫃,0.12,0.12,65.0
703413,上櫃,0.0,0.0,0.0
703414,上櫃,0.52,0.53,105.0
703415,上櫃,0.72,0.68,85.0
703416,上櫃,0.8,0.87,128.0
703417,上櫃,0.9,1.1,93.0
703418,上櫃,1.0,1.1,1270.0
703419,上櫃,1.2,1.26,710.0
703420,上櫃,1.08,1.08,13.0
703421,上櫃,0.0,0.0,0.0
703422,上櫃,3.33,3.33,1.0
703423,上櫃,0.0,0.0,0.0
703424,上櫃,18.7,18.7,5.0
703425,上櫃,0.0,0.0,0.0
703426,上櫃,1.66,1.36,112.0
703427,上櫃,1.01,1.01,68.0
703428,上櫃,5.2,5.7,46.0
703429,上櫃,0.0,0.0,0.0
703430,上櫃,3.08,2.72,48.0
703431,上櫃,1.21,1.21,5.0
703432,上櫃,2.73,2.62,52.0
703433,上櫃,36.1,36.1,1.0
703434,上櫃,2.23,2.28,62.0
703435,上櫃,0.0,0.0,0.0
703436,上櫃,0.46,0.42,163.0
703437,上櫃,0.0,0.0,0.0
703438,上櫃,2.76,2.38,324.0
703439,上櫃,0.47,0.6,6.0
703440,上櫃,1.48,1.51,31.0
703441,上櫃,1.59,1.63,51.0
703442,上櫃,1.58,1.56,33.0
703443,上櫃,2.1,2.05,10.0
703444,上櫃,0.6,0.6,24.0
703445,上櫃,0.0,0.0,0.0
703446,上櫃,1.54,1.46,195.0
703447,上櫃,0.37,0.37,1.0
703448,上櫃,0.0,0.0,0.0
703449,上櫃,0.73,0.74,193.0
703450,上櫃,0.0,0.0,0.0
703451,上櫃,0.0,0.0,0.0
703452,上櫃,0.0,0.0,0.0
703453,上櫃,1.55,1.21,388.0
703454,上櫃,1.9,1.59,587.0
703455,上櫃,0.0,0.0,0.0
703456,上櫃,0.0,0.0,0.0
703457,上櫃,0.0,0.0,0.0
703458,上櫃,0.0,0.0,0.0
703459,上櫃,3.15,3.66,69.0
703460,上櫃,0.87,0.87,1.0
703461,上櫃,0.77,0.77,10.0
703462,上櫃,3.2,2.4,2.0
703463,上櫃,0.55,0.55,5.0
703464,上櫃,0.36,0.36,60.0
703465,上櫃,0.58,0.57,115.0
703466,上櫃,2.99,3.08,46.0
703467,上櫃,2.64,2.98,139.0
703468,上櫃,0.77,0.81,18.0
703469,上櫃,1.79,1.6,32.0
703470,上櫃,1.25,1.19,349.0
703471,上櫃,1.37,1.21,361.0
703472,上櫃,1.01,0.92,659.0
703473,上櫃,1.06,0.97,1427.0
703474,上櫃,0.0,0.0,0.0
703475,上櫃,0.86,0.88,24.0
703476,上櫃,0.43,0.49,200.0
703477,上櫃,0.44,0.45,1178.0
703478,上櫃,0.82,0.84,167.0
703479,上櫃,5.1,5.1,1.0
703480,上櫃,4.61,4.98,14.0
703481,上櫃,5.2,5.35,6.0
703482,上櫃,6.0,6.1,7.0
703483,上櫃,2.97,3.12,18.0
703484,上櫃,0.36,0.33,1205.0
703485,上櫃,0.0,0.0,0.0
703486,上櫃,0.0,0.0,0.0
703487,上櫃,0.5,0.46,577.0
703488,上櫃,11.0,11.0,1.0
703489,上櫃,0.0,0.0,0.0
703490,上櫃,0.0,0.0,0.0
703491,上櫃,0.0,0.0,0.0
703492,上櫃,2.91,2.88,100.0
703493,上櫃,0.95,0.87,123.0
703494,上櫃,4.21,4.21,12.0
703495,上櫃,13.8,13.8,1.0
703496,上櫃,0.0,0.0,0.0
703497,上櫃,2.22,2.35,98.0
703498,上櫃,4.2,4.3,3.0
703499,上櫃,0.0,0.0,0.0
703500,上櫃,2.74,2.7,28.0
703501,上櫃,3.5,3.59,43.0
703502,上櫃,0.86,0.85,8.0
703503,上櫃,0.0,0.0,0.0
703504,上櫃,0.46,0.46,33.0
703505,上櫃,0.0,0.0,0.0
703506,上櫃,0.88,0.88,10.0
703507,上櫃,0.0,0.0,0.0
703508,上櫃,0.0,0.0,0.0
703509,上櫃,0.0,0.0,0.0
703510,上櫃,0.0,0.0,0.0
703511,上櫃,0.0,0.0,0.0
703512,上櫃,4.11,3.58,93.0
703513,上櫃,0.95,0.95,20.0
703514,上櫃,0.0,0.0,0.0
703515,上櫃,0.0,0.0,0.0
703516,上櫃,0.98,1.1,24.0
703517,上櫃,0.24,0.24,10.0
703518,上櫃,0.0,0.0,0.0
703519,上櫃,0.34,0.34,60.0
703520,上櫃,0.0,0.0,0.0
703521,上櫃,0.0,0.0,0.0
703522,上櫃,1.7,1.54,977.0
703523,上櫃,0.44,0.44,68.0
703524,上櫃,0.0,0.0,0.0
703525,上櫃,1.6,1.6,40.0
703526,上櫃,1.22,1.2,1019.0
703527,上櫃,1.18,1.21,435.0
703528,上櫃,0.67,0.66,272.0
703529,上櫃,0.31,0.7,872.0
703530,上櫃,0.0,0.0,0.0
703531,上櫃,2.06,1.71,179.0
703532,上櫃,1.66,1.58,169.0
703533,上櫃,1.72,1.67,32.0
703534,上櫃,2.36,1.94,926.0
703535,上櫃,2.18,1.86,513.0
703536,上櫃,0.96,0.91,142.0
703537,上櫃,1.3,1.29,536.0
703538,上櫃,18.2,16.0,66.0
703539,上櫃,1.02,1.06,104.0
703540,上櫃,0.0,0.0,0.0
703541,上櫃,0.64,0.66,405.0
703542,上櫃,0.17,0.17,5.0
703543,上櫃,1.38,1.56,125.0
703544,上櫃,0.23,0.24,11.0
703545,上櫃,0.34,0.31,338.0
703546,上櫃,1.6,1.36,124.0
703547,上櫃,2.05,1.77,179.0
703548,上櫃,1.55,1.4,49.0
703549,上櫃,0.0,0.0,0.0
703550,上櫃,0.0,0.0,0.0
703552,上櫃,0.0,0.0,0.0
703553,上櫃,0.0,0.0,0.0
703554,上櫃,0.0,0.0,0.0
703555,上櫃,0.0,0.0,0.0
703556,上櫃,0.0,0.0,0.0
703557,上櫃,0.0,0.0,0.0
703558,上櫃,0.0,0.0,0.0
703559,上櫃,0.0,0.0,0.0
703560,上櫃,0.0,0.0,0.0
703561,上櫃,1.85,1.66,251.0
703562,上櫃,4.24,4.24,10.0
703563,上櫃,0.0,0.0,0.0
703564,上櫃,0.0,0.0,0.0
703565,上櫃,0.0,0.0,0.0
703566,上櫃,0.0,0.0,0.0
703568,上櫃,0.0,0.0,0.0
703569,上櫃,0.33,0.34,51.0
703570,上櫃,0.0,0.0,0.0
703571,上櫃,4.42,3.45,80.0
703572,上櫃,5.0,3.34,215.0
703573,上櫃,0.0,0.0,0.0
703574,上櫃,2.4,2.33,41.0
703575,上櫃,1.75,1.75,2.0
703576,上櫃,2.48,2.55,47.0
703577,上櫃,0.91,0.91,11.0
703578,上櫃,0.41,0.38,3.0
703579,上櫃,0.0,0.0,0.0
703580,上櫃,0.0,0.0,0.0
703581,上櫃,2.48,2.65,25.0
703582,上櫃,0.0,0.0,0.0
703583,上櫃,0.98,0.97,35.0
703584,上櫃,0.0,0.0,0.0
703585,上櫃,0.0,0.0,0.0
703586,上櫃,3.05,2.92,97.0
703587,上櫃,0.0,0.0,0.0
703588,上櫃,4.15,3.27,282.0
703589,上櫃,1.36,1.36,1.0
703590,上櫃,1.82,2.01,2.0
703591,上櫃,0.0,0.0,0.0
703592,上櫃,0.19,0.23,51.0
703593,上櫃,0.9,0.83,145.0
703594,上櫃,1.48,1.55,18.0
703595,上櫃,0.06,0.06,220.0
703596,上櫃,0.0,0.0,0.0
703597,上櫃,0.18,0.18,440.0
703598,上櫃,0.0,0.0,0.0
703599,上櫃,0.76,0.76,236.0
703600,上櫃,0.0,0.0,0.0
703601,上櫃,0.28,0.28,5.0
703602,上櫃,0.0,0.0,0.0
703603,上櫃,2.52,2.52,6.0
703604,上櫃,2.27,2.02,1019.0
703605,上櫃,1.78,1.6,298.0
703606,上櫃,63.5,63.5,3.0
703607,上櫃,0.54,0.56,19.0
703608,上櫃,0.57,0.57,2.0
703609,上櫃,0.0,0.0,0.0
703610,上櫃,0.0,0.0,0.0
703611,上櫃,2.61,2.44,3.0
703612,上櫃,1.08,1.24,189.0
703613,上櫃,0.0,0.0,0.0
703614,上櫃,0.0,0.0,0.0
703615,上櫃,2.54,2.5,23.0
703616,上櫃,0.89,0.84,55.0
703617,上櫃,0.0,0.0,0.0
703618,上櫃,0.63,0.62,112.0
703619,上櫃,0.74,0.78,122.0
703620,上櫃,0.0,0.0,0.0
703621,上櫃,0.38,0.36,15.0
703622,上櫃,2.89,2.94,131.0
703623,上櫃,0.0,0.0,0.0
703624,上櫃,0.0,0.0,0.0
703625,上櫃,0.0,0.0,0.0
703626,上櫃,0.0,0.0,0.0
703627,上櫃,3.53,3.53,30.0
703628,上櫃,0.0,0.0,0.0
703629,上櫃,0.7,0.7,233.0
703630,上櫃,1.39,1.17,215.0
703631,上櫃,0.0,0.0,0.0
703632,上櫃,0.0,0.0,0.0
703633,上櫃,0.0,0.0,0.0
703634,上櫃,0.95,0.99,110.0
703635,上櫃,0.0,0.0,0.0
703636,上櫃,0.58,0.58,100.0
703637,上櫃,2.34,2.34,2.0
703638,上櫃,16.0,16.0,10.0
703639,上櫃,0.0,0.0,0.0
703640,上櫃,0.0,0.0,0.0
703641,上櫃,13.6,13.6,2.0
703642,上櫃,0.59,0.59,10.0
703643,上櫃,1.16,1.06,17.0
703644,上櫃,0.15,0.17,115.0
703645,上櫃,0.09,0.09,365.0
703646,上櫃,8.6,8.6,1.0
703647,上櫃,0.64,0.64,572.0
703648,上櫃,0.0,0.0,0.0
703649,上櫃,0.0,0.0,0.0
703650,上櫃,0.46,0.53,401.0
703651,上櫃,1.44,1.45,2.0
703652,上櫃,0.0,0.0,0.0
703653,上櫃,1.65,1.65,5.0
703654,上櫃,0.0,0.0,0.0
703655,上櫃,0.09,0.09,74.0
703656,上櫃,0.11,0.1,140.0
703657,上櫃,2.25,2.49,134.0
703658,上櫃,3.74,4.16,37.0
703659,上櫃,1.45,1.12,209.0
703660,上櫃,0.88,0.71,673.0
703661,上櫃,9.2,9.2,1.0
703662,上櫃,0.0,0.0,0.0
703663,上櫃,0.0,0.0,0.0
703664,上櫃,1.2,1.2,2.0
703665,上櫃,0.0,0.0,0.0
703666,上櫃,1.93,1.93,10.0
703667,上櫃,1.39,1.6,436.0
703668,上櫃,0.0,0.0,0.0
703669,上櫃,0.0,0.0,0.0
703670,上櫃,0.15,0.15,16.0
703671,上櫃,2.79,2.55,54.0
703672,上櫃,0.0,0.0,0.0
703673,上櫃,0.0,0.0,0.0
703674,上櫃,0.0,0.0,0.0
703675,上櫃,0.67,0.66,4.0
703676,上櫃,0.0,0.0,0.0
703677,上櫃,0.67,0.7,1410.0
703678,上櫃,0.0,0.0,0.0
703679,上櫃,0.0,0.0,0.0
703681,上櫃,0.71,0.82,84.0
703682,上櫃,0.76,0.8,523.0
703683,上櫃,0.91,0.91,10.0
703684,上櫃,0.87,0.68,259.0
703685,上櫃,7.65,7.65,1.0
703686,上櫃,19.5,20.3,2.0
703687,上櫃,0.0,0.0,0.0
703688,上櫃,0.0,0.0,0.0
703689,上櫃,0.94,1.13,116.0
703690,上櫃,1.55,1.68,45.0
703691,上櫃,2.81,3.45,83.0
703692,上櫃,0.0,0.0,0.0
703693,上櫃,0.56,0.56,40.0
703694,上櫃,0.0,0.0,0.0
703695,上櫃,0.0,0.0,0.0
703696,上櫃,0.0,0.0,0.0
703697,上櫃,0.0,0.0,0.0
703698,上櫃,0.0,0.0,0.0
703699,上櫃,0.98,0.98,5.0
703700,上櫃,0.0,0.0,0.0
703701,上櫃,0.88,1.02,513.0
703702,上櫃,0.0,0.0,0.0
703703,上櫃,0.81,0.6,237.0
703704,上櫃,0.29,0.29,499.0
703705,上櫃,0.0,0.0,0.0
703707,上櫃,1.02,1.01,32.0
703708,上櫃,0.0,0.0,0.0
703709,上櫃,0.0,0.0,0.0
703710,上櫃,0.0,0.0,0.0
703711,上櫃,7.8,7.8,14.0
703712,上櫃,1.44,1.77,78.0
703713,上櫃,0.0,0.0,0.0
703714,上櫃,1.75,1.33,284.0
703716,上櫃,0.0,0.0,0.0
703717,上櫃,1.83,1.69,120.0
703718,上櫃,0.0,0.0,0.0
703719,上櫃,28.1,28.1,10.0
703720,上櫃,1.81,1.81,3.0
703721,上櫃,0.2,0.2,25.0
703722,上櫃,0.0,0.0,0.0
703723,上櫃,0.0,0.0,0.0
703724,上櫃,0.0,0.0,0.0
703725,上櫃,0.0,0.0,0.0
703726,上櫃,1.82,1.82,35.0
703727,上櫃,0.74,0.69,41.0
703728,上櫃,1.69,1.69,20.0
703729,上櫃,0.82,0.73,604.0
703730,上櫃,0.0,0.0,0.0
703731,上櫃,0.48,0.59,693.0
703732,上櫃,0.55,0.72,1653.0
703733,上櫃,0.65,0.76,1027.0
703734,上櫃,1.33,1.31,103.0
703735,上櫃,0.0,0.0,0.0
703736,上櫃,0.0,0.0,0.0
703737,上櫃,0.0,0.0,0.0
703738,上櫃,0.0,0.0,0.0
703739,上櫃,0.0,0.0,0.0
703740,上櫃,0.9,0.89,62.0
703741,上櫃,0.0,0.0,0.0
703742,上櫃,1.48,1.38,10.0
703743,上櫃,0.0,0.0,0.0
703744,上櫃,1.94,1.71,381.0
703745,上櫃,0.0,0.0,0.0
703746,上櫃,1.61,1.5,4.0
703747,上櫃,0.0,0.0,0.0
703748,上櫃,0.28,0.49,136.0
703749,上櫃,0.0,0.0,0.0
703750,上櫃,0.54,0.52,136.0
703751,上櫃,20.3,20.3,1.0
703752,上櫃,1.34,1.6,62.0
703753,上櫃,0.37,0.36,205.0
703754,上櫃,1.75,1.69,13.0
703755,上櫃,1.23,1.23,1.0
703756,上櫃,0.23,0.23,60.0
703757,上櫃,0.0,0.0,0.0
703758,上櫃,0.0,0.0,0.0
703759,上櫃,1.83,1.83,10.0
703760,上櫃,1.64,1.86,349.0
703761,上櫃,0.05,0.05,40.0
703762,上櫃,0.82,1.06,64.0
703763,上櫃,1.01,1.02,92.0
703764,上櫃,0.0,0.0,0.0
703765,上櫃,0.0,0.0,0.0
703766,上櫃,0.0,0.0,0.0
703767,上櫃,1.62,1.74,49.0
703768,上櫃,0.0,0.0,0.0
703769,上櫃,1.3,1.26,135.0
703770,上櫃,2.83,2.42,145.0
703771,上櫃,1.57,1.7,109.0
703772,上櫃,0.0,0.0,0.0
703773,上櫃,2.09,1.98,232.0
703774,上櫃,1.83,1.47,85.0
703775,上櫃,4.14,3.87,15.0
703776,上櫃,0.0,0.0,0.0
703777,上櫃,0.0,0.0,0.0
703778,上櫃,0.51,0.58,332.0
703779,上櫃,1.43,1.47,30.0
703780,上櫃,0.66,0.73,1186.0
703781,上櫃,0.0,0.0,0.0
703782,上櫃,0.62,0.65,354.0
703783,上櫃,0.0,0.0,0.0
703784,上櫃,1.22,1.28,110.0
703785,上櫃,2.3,2.07,92.0
703786,上櫃,0.0,0.0,0.0
703787,上櫃,0.0,0.0,0.0
703788,上櫃,0.88,0.88,2.0
703789,上櫃,1.65,1.49,50.0
703790,上櫃,0.9,0.97,189.0
703791,上櫃,0.23,0.23,499.0
703792,上櫃,0.0,0.0,0.0
703793,上櫃,0.0,0.0,0.0
703794,上櫃,0.0,0.0,0.0
703795,上櫃,1.11,1.11,166.0
703796,上櫃,0.0,0.0,0.0
703797,上櫃,0.0,0.0,0.0
703798,上櫃,0.0,0.0,0.0
703799,上櫃,3.16,3.16,10.0
703800,上櫃,0.0,0.0,0.0
703801,上櫃,13.5,13.5,1.0
703802,上櫃,0.0,0.0,0.0
703803,上櫃,0.0,0.0,0.0
703804,上櫃,0.5,0.48,5.0
703805,上櫃,0.0,0.0,0.0
703806,上櫃,1.3,1.26,41.0
703807,上櫃,2.02,1.93,40.0
703808,上櫃,0.08,0.08,2.0
703809,上櫃,0.0,0.0,0.0
703810,上櫃,0.0,0.0,0.0
703811,上櫃,0.5,0.5,200.0
703812,上櫃,2.65,2.48,207.0
703813,上櫃,0.82,0.69,229.0
703814,上櫃,1.67,1.79,138.0
703815,上櫃,0.0,0.0,0.0
703816,上櫃,0.0,0.0,0.0
703817,上櫃,0.0,0.0,0.0
703818,上櫃,0.0,0.0,0.0
703819,上櫃,0.0,0.0,0.0
703820,上櫃,3.03,2.96,15.0
703821,上櫃,0.0,0.0,0.0
703822,上櫃,0.92,0.92,536.0
703823,上櫃,4.39,4.39,1.0
703824,上櫃,0.0,0.0,0.0
703825,上櫃,2.87,3.14,97.0
703826,上櫃,3.19,3.58,41.0
703827,上櫃,0.0,0.0,0.0
703828,上櫃,0.0,0.0,0.0
703829,上櫃,0.85,0.85,2.0
703831,上櫃,0.0,0.0,0.0
703832,上櫃,0.0,0.0,0.0
703833,上櫃,0.0,0.0,0.0
703834,上櫃,8.65,8.65,1.0
703835,上櫃,0.0,0.0,0.0
703836,上櫃,0.81,0.94,921.0
703837,上櫃,0.41,0.41,4519.0
703838,上櫃,3.11,2.93,340.0
703839,上櫃,2.29,2.02,225.0
703840,上櫃,0.11,0.11,100.0
703841,上櫃,0.0,0.0,0.0
703842,上櫃,4.4,3.88,230.0
703843,上櫃,0.0,0.0,0.0
703844,上櫃,0.0,0.0,0.0
703845,上櫃,0.87,0.81,38.0
703846,上櫃,1.1,1.1,4.0
703847,上櫃,1.41,1.29,63.0
703848,上櫃,4.32,4.32,1.0
703849,上櫃,1.02,1.46,158.0
703850,上櫃,20.5,20.5,20.0
703851,上櫃,0.0,0.0,0.0
703853,上櫃,0.0,0.0,0.0
703854,上櫃,0.25,0.33,8.0
703855,上櫃,1.2,1.24,5.0
703856,上櫃,0.63,0.48,165.0
703857,上櫃,0.57,0.6,245.0
703858,上櫃,0.3,0.3,499.0
703859,上櫃,0.0,0.0,0.0
703860,上櫃,0.66,0.64,4166.0
703861,上櫃,0.66,0.64,423.0
703862,上櫃,1.88,1.39,14.0
703863,上櫃,2.24,2.39,65.0
703864,上櫃,0.0,0.0,0.0
703865,上櫃,0.55,0.55,105.0
703866,上櫃,0.85,0.84,41.0
703867,上櫃,0.0,0.0,0.0
703868,上櫃,0.0,0.0,0.0
703869,上櫃,0.55,0.55,30.0
703870,上櫃,0.0,0.0,0.0
703871,上櫃,0.48,0.48,20.0
703872,上櫃,0.0,0.0,0.0
703873,上櫃,1.31,1.31,290.0
703874,上櫃,0.96,1.0,639.0
703875,上櫃,0.92,0.95,158.0
703876,上櫃,0.93,1.05,414.0
703877,上櫃,0.75,0.78,43.0
703878,上櫃,0.75,0.76,249.0
703879,上櫃,0.77,0.8,232.0
703880,上櫃,3.63,3.73,43.0
703881,上櫃,0.0,0.0,0.0
703882,上櫃,2.47,2.51,82.0
703883,上櫃,0.0,0.0,0.0
703884,上櫃,2.24,1.78,331.0
703885,上櫃,1.39,1.59,172.0
703886,上櫃,1.16,1.16,31.0
703887,上櫃,0.0,0.0,0.0
703888,上櫃,0.8,0.81,17.0
703889,上櫃,1.57,1.56,50.0
703890,上櫃,0.88,1.12,51.0
703891,上櫃,0.94,0.9,204.0
703892,上櫃,1.55,1.55,20.0
703893,上櫃,0.5,0.5,180.0
703894,上櫃,2.25,2.35,111.0
703895,上櫃,13.2,13.2,1.0
703896,上櫃,0.0,0.0,0.0
703897,上櫃,0.0,0.0,0.0
703898,上櫃,0.0,0.0,0.0
703899,上櫃,0.0,0.0,0.0
703900,上櫃,10.5,10.5,1.0
703901,上櫃,1.05,1.02,11.0
703902,上櫃,1.22,1.41,347.0
703903,上櫃,0.0,0.0,0.0
703904,上櫃,0.0,0.0,0.0
703905,上櫃,2.19,2.19,18.0
703906,上櫃,1.6,1.7,240.0
703907,上櫃,0.39,0.39,14.0
703908,上櫃,0.0,0.0,0.0
703909,上櫃,1.0,1.04,44.0
703910,上櫃,1.11,1.07,5.0
703911,上櫃,1.33,1.4,98.0
703912,上櫃,1.53,1.7,311.0
703913,上櫃,0.0,0.0,0.0
703914,上櫃,2.15,1.79,308.0
703917,上櫃,0.0,0.0,0.0
703918,上櫃,0.0,0.0,0.0
703919,上櫃,0.0,0.0,0.0
703920,上櫃,0.0,0.0,0.0
703921,上櫃,0.27,0.27,123.0
703922,上櫃,0.26,0.26,100.0
703923,上櫃,0.0,0.0,0.0
703924,上櫃,0.0,0.0,0.0
703925,上櫃,2.44,2.63,62.0
703926,上櫃,0.33,0.33,350.0
703927,上櫃,0.0,0.0,0.0
703928,上櫃,0.0,0.0,0.0
703929,上櫃,0.0,0.0,0.0
703930,上櫃,0.56,0.64,375.0
703931,上櫃,5.75,5.75,2.0
703932,上櫃,0.0,0.0,0.0
703933,上櫃,0.55,0.55,10.0
703934,上櫃,1.14,1.26,145.0
703935,上櫃,2.17,1.99,16.0
703937,上櫃,0.5,0.53,1129.0
703938,上櫃,0.09,0.13,41.0
703939,上櫃,0.68,0.68,10.0
703940,上櫃,0.46,0.44,513.0
703941,上櫃,0.0,0.0,0.0
703942,上櫃,1.86,1.63,183.0
703943,上櫃,4.61,4.9,11.0
703944,上櫃,0.0,0.0,0.0
703945,上櫃,1.8,1.52,157.0
703946,上櫃,3.41,2.88,5.0
703947,上櫃,2.45,2.91,6.0
703948,上櫃,0.0,0.0,0.0
703949,上櫃,1.2,1.3,157.0
703950,上櫃,0.0,0.0,0.0
703951,上櫃,15.0,16.8,18.0
703952,上櫃,0.0,0.0,0.0
703953,上櫃,1.36,1.58,1032.0
703954,上櫃,2.14,1.87,173.0
703955,上櫃,1.0,1.07,112.0
703956,上櫃,0.0,0.0,0.0
703957,上櫃,0.0,0.0,0.0
703958,上櫃,0.0,0.0,0.0
703959,上櫃,0.45,0.5,4.0
703960,上櫃,1.85,2.14,174.0
703961,上櫃,0.68,0.68,30.0
703962,上櫃,0.53,0.59,1261.0
703963,上櫃,5.4,5.35,21.0
703964,上櫃,0.0,0.0,0.0
703965,上櫃,0.83,0.77,162.0
703966,上櫃,0.72,0.72,115.0
703967,上櫃,0.0,0.0,0.0
703968,上櫃,0.93,0.94,124.0
703969,上櫃,2.34,2.34,17.0
703970,上櫃,0.0,0.0,0.0
703971,上櫃,0.0,0.0,0.0
703972,上櫃,0.63,0.62,22.0
703973,上櫃,4.24,3.98,39.0
703974,上櫃,0.53,0.53,92.0
703975,上櫃,0.74,0.77,62.0
703976,上櫃,0.8,1.22,866.0
703977,上櫃,0.0,0.0,0.0
703978,上櫃,0.0,0.0,0.0
703979,上櫃,0.88,0.84,537.0
703980,上櫃,0.78,0.74,526.0
703981,上櫃,5.65,5.8,17.0
703982,上櫃,1.04,1.09,361.0
703983,上櫃,0.65,0.68,70.0
703984,上櫃,0.24,0.24,3.0
703985,上櫃,3.23,3.23,1.0
703986,上櫃,7.55,7.55,3.0
703987,上櫃,1.71,1.54,44.0
703988,上櫃,0.0,0.0,0.0
703989,上櫃,8.5,8.5,1.0
703990,上櫃,0.0,0.0,0.0
703991,上櫃,0.0,0.0,0.0
703992,上櫃,2.91,3.14,121.0
703993,上櫃,3.73,3.34,73.0
703994,上櫃,0.0,0.0,0.0
703995,上櫃,0.0,0.0,0.0
703996,上櫃,0.0,0.0,0.0
703997,上櫃,0.0,0.0,0.0
703998,上櫃,0.0,0.0,0.0
703999,上櫃,0.0,0.0,0.0
704000,上櫃,0.0,0.0,0.0
704001,上櫃,0.9,0.94,72.0
704002,上櫃,0.47,0.6,67.0
704003,上櫃,1.05,1.0,98.0
704004,上櫃,0.0,0.0,0.0
704005,上櫃,0.0,0.0,0.0
704006,上櫃,0.0,0.0,0.0
704007,上櫃,0.37,0.37,1.0
704009,上櫃,9.9,10.7,27.0
704010,上櫃,0.0,0.0,0.0
704011,上櫃,0.29,0.32,1439.0
704012,上櫃,0.0,0.0,0.0
704013,上櫃,0.5,0.5,640.0
704014,上櫃,0.69,0.68,426.0
704015,上櫃,1.59,1.65,418.0
704016,上櫃,1.15,1.15,15.0
704017,上櫃,0.0,0.0,0.0
704018,上櫃,0.45,0.45,5.0
704019,上櫃,2.88,2.8,40.0
704020,上櫃,0.84,0.91,1226.0
704021,上櫃,1.06,0.94,651.0
704022,上櫃,0.52,0.53,60.0
704023,上櫃,0.0,0.0,0.0
704024,上櫃,1.06,1.1,69.0
704025,上櫃,0.43,0.44,484.0
704026,上櫃,0.51,0.5,51.0
704027,上櫃,3.29,3.41,17.0
704028,上櫃,0.0,0.0,0.0
704029,上櫃,2.6,2.6,3.0
704030,上櫃,0.0,0.0,0.0
704031,上櫃,0.0,0.0,0.0
704032,上櫃,0.18,0.18,3.0
704033,上櫃,0.0,0.0,0.0
704034,上櫃,0.86,0.82,176.0
704035,上櫃,0.67,0.64,458.0
704036,上櫃,0.73,0.74,738.0
704037,上櫃,0.0,0.0,0.0
704038,上櫃,0.89,0.89,10.0
704039,上櫃,1.11,1.11,2.0
704040,上櫃,0.53,0.4,613.0
704041,上櫃,0.77,0.66,592.0
704042,上櫃,5.5,6.25,2.0
704043,上櫃,0.0,0.0,0.0
704044,上櫃,0.0,0.0,0.0
704045,上櫃,0.61,0.65,66.0
704046,上櫃,2.14,2.19,817.0
704047,上櫃,2.69,2.69,1.0
704048,上櫃,0.0,0.0,0.0
704049,上櫃,1.62,1.8,42.0
704050,上櫃,9.0,13.0,3.0
704051,上櫃,5.15,5.65,174.0
704052,上櫃,0.0,0.0,0.0
704053,上櫃,0.0,0.0,0.0
704054,上櫃,1.05,1.07,628.0
704055,上櫃,3.07,3.08,6.0
704056,上櫃,6.1,4.84,1164.0
704057,上櫃,0.0,0.0,0.0
704058,上櫃,0.0,0.0,0.0
704059,上櫃,0.0,0.0,0.0
704060,上櫃,1.21,1.26,171.0
704061,上櫃,0.43,0.45,262.0
704062,上櫃,3.0,3.2,26.0
704063,上櫃,0.0,0.0,0.0
704064,上櫃,2.66,3.1,2.0
704065,上櫃,1.2,1.18,66.0
704066,上櫃,1.16,1.16,4.0
704067,上櫃,2.19,2.06,104.0
704068,上櫃,1.33,1.3,148.0
704069,上櫃,3.3,2.92,41.0
704070,上櫃,0.0,0.0,0.0
704071,上櫃,1.49,1.87,127.0
704072,上櫃,0.8,0.5,314.0
704073,上櫃,0.0,0.0,0.0
704074,上櫃,0.24,0.26,203.0
704075,上櫃,1.37,1.37,40.0
704076,上櫃,0.71,0.66,169.0
704077,上櫃,0.0,0.0,0.0
704078,上櫃,1.41,1.41,110.0
704079,上櫃,0.0,0.0,0.0
704080,上櫃,0.0,0.0,0.0
704081,上櫃,0.6,0.74,2472.0
704082,上櫃,1.46,1.51,495.0
704083,上櫃,0.65,0.54,2238.0
704084,上櫃,0.0,0.0,0.0
704085,上櫃,0.54,0.49,1039.0
704086,上櫃,0.57,0.59,53.0
704087,上櫃,0.37,0.39,26.0
704088,上櫃,0.41,0.42,10.0
704089,上櫃,0.0,0.0,0.0
704090,上櫃,0.66,0.67,59.0
704091,上櫃,1.2,1.2,96.0
704092,上櫃,0.37,0.37,43.0
704093,上櫃,0.0,0.0,0.0
704094,上櫃,0.45,0.45,10.0
704095,上櫃,1.26,1.16,330.0
704096,上櫃,0.0,0.0,0.0
704097,上櫃,0.0,0.0,0.0
704098,上櫃,0.0,0.0,0.0
704099,上櫃,0.0,0.0,0.0
704100,上櫃,0.53,0.56,60.0
704101,上櫃,0.38,0.42,41.0
704102,上櫃,0.0,0.0,0.0
704103,上櫃,2.39,2.36,34.0
704104,上櫃,0.7,0.67,1450.0
704105,上櫃,0.63,0.72,591.0
704106,上櫃,0.65,0.64,701.0
704107,上櫃,0.0,0.0,0.0
704108,上櫃,0.75,0.75,156.0
704109,上櫃,2.48,2.94,272.0
704110,上櫃,1.02,1.02,10.0
704111,上櫃,1.29,1.4,69.0
704112,上櫃,1.04,0.94,39.0
704113,上櫃,0.68,0.68,10.0
704114,上櫃,0.0,0.0,0.0
704115,上櫃,0.0,0.0,0.0
704116,上櫃,1.96,1.65,154.0
704117,上櫃,0.78,0.78,5.0
704118,上櫃,2.43,2.03,317.0
704119,上櫃,0.0,0.0,0.0
704120,上櫃,0.48,0.49,210.0
704121,上櫃,0.0,0.0,0.0
704122,上櫃,1.03,1.19,1348.0
704123,上櫃,0.0,0.0,0.0
704124,上櫃,2.33,2.33,1.0
704125,上櫃,0.67,0.67,294.0
704126,上櫃,0.44,0.5,10.0
704127,上櫃,0.0,0.0,0.0
704128,上櫃,0.0,0.0,0.0
704129,上櫃,0.99,1.14,61.0
704130,上櫃,1.56,1.7,95.0
704131,上櫃,0.25,0.25,200.0
704132,上櫃,0.49,0.5,150.0
704133,上櫃,0.0,0.0,0.0
704134,上櫃,1.33,1.33,5.0
704135,上櫃,0.62,0.57,468.0
704136,上櫃,1.16,1.09,156.0
704137,上櫃,0.0,0.0,0.0
704138,上櫃,0.49,0.58,89.0
704139,上櫃,1.0,0.86,56.0
704140,上櫃,1.33,1.3,146.0
704141,上櫃,0.0,0.0,0.0
704142,上櫃,0.0,0.0,0.0
704143,上櫃,0.37,0.4,510.0
704144,上櫃,0.0,0.0,0.0
704145,上櫃,0.0,0.0,0.0
704146,上櫃,0.0,0.0,0.0
704147,上櫃,0.0,0.0,0.0
704148,上櫃,1.0,1.15,395.0
704149,上櫃,0.0,0.0,0.0
704151,上櫃,0.0,0.0,0.0
704152,上櫃,0.0,0.0,0.0
704153,上櫃,1.91,1.91,1.0
704154,上櫃,0.82,0.82,402.0
704155,上櫃,0.36,0.38,15.0
704156,上櫃,1.88,1.92,26.0
704157,上櫃,0.63,0.45,80.0
704159,上櫃,0.0,0.0,0.0
704160,上櫃,0.0,0.0,0.0
704161,上櫃,0.0,0.0,0.0
704162,上櫃,5.15,5.15,3.0
704163,上櫃,4.34,4.67,131.0
704164,上櫃,0.68,0.79,170.0
704165,上櫃,1.11,1.04,200.0
704166,上櫃,0.0,0.0,0.0
704167,上櫃,0.9,0.95,297.0
704168,上櫃,1.33,1.27,497.0
704169,上櫃,0.0,0.0,0.0
704170,上櫃,0.0,0.0,0.0
704171,上櫃,0.0,0.0,0.0
704172,上櫃,0.35,0.44,218.0
704173,上櫃,0.0,0.0,0.0
704174,上櫃,0.0,0.0,0.0
704175,上櫃,0.0,0.0,0.0
704176,上櫃,0.0,0.0,0.0
704177,上櫃,1.66,1.35,39.0
704178,上櫃,0.91,0.89,560.0
704179,上櫃,0.58,0.52,40.0
704180,上櫃,0.73,0.63,449.0
704181,上櫃,0.34,0.5,22.0
704182,上櫃,0.45,0.45,14.0
704183,上櫃,1.16,1.19,38.0
704184,上櫃,0.6,0.6,100.0
704185,上櫃,1.61,1.97,101.0
704186,上櫃,0.8,0.68,119.0
704187,上櫃,3.15,3.11,56.0
704188,上櫃,0.0,0.0,0.0
704189,上櫃,0.0,0.0,0.0
704190,上櫃,1.91,2.3,130.0
704191,上櫃,1.34,1.36,11.0
704192,上櫃,1.33,1.49,153.0
704193,上櫃,0.73,0.56,609.0
704194,上櫃,0.0,0.0,0.0
704195,上櫃,0.0,0.0,0.0
704196,上櫃,1.6,1.55,42.0
704197,上櫃,0.97,0.97,55.0
704198,上櫃,1.2,1.33,106.0
704199,上櫃,0.44,0.43,544.0
704200,上櫃,0.0,0.0,0.0
704201,上櫃,0.26,0.25,624.0
704202,上櫃,1.25,1.24,102.0
704203,上櫃,0.65,0.69,502.0
704204,上櫃,0.0,0.0,0.0
704205,上櫃,0.29,0.32,295.0
704206,上櫃,0.0,0.0,0.0
704207,上櫃,0.55,0.55,100.0
704208,上櫃,2.44,2.44,4.0
704209,上櫃,0.0,0.0,0.0
704210,上櫃,1.49,1.46,301.0
704211,上櫃,1.59,1.5,1738.0
704212,上櫃,2.22,2.33,4.0
704213,上櫃,2.46,2.6,24.0
704214,上櫃,2.82,2.84,12.0
704215,上櫃,0.0,0.0,0.0
704216,上櫃,0.0,0.0,0.0
704217,上櫃,0.0,0.0,0.0
704218,上櫃,0.56,0.56,26.0
704219,上櫃,0.51,0.54,132.0
704220,上櫃,0.68,0.68,50.0
704221,上櫃,0.0,0.0,0.0
704222,上櫃,0.0,0.0,0.0
704223,上櫃,0.65,0.62,683.0
704224,上櫃,0.61,0.61,24.0
704225,上櫃,0.0,0.0,0.0
704227,上櫃,0.51,0.53,30.0
704228,上櫃,2.1,2.65,92.0
704229,上櫃,1.98,1.85,89.0
704230,上櫃,0.0,0.0,0.0
704231,上櫃,0.0,0.0,0.0
704232,上櫃,0.0,0.0,0.0
704233,上櫃,0.79,0.79,3.0
704234,上櫃,0.46,0.54,10.0
704235,上櫃,0.87,0.83,724.0
704236,上櫃,0.7,0.58,52.0
704237,上櫃,0.0,0.0,0.0
704238,上櫃,0.65,0.63,302.0
704239,上櫃,0.86,0.85,113.0
704240,上櫃,0.0,0.0,0.0
704241,上櫃,1.8,1.8,3.0
704242,上櫃,1.72,1.9,1007.0
704243,上櫃,1.87,1.95,165.0
704244,上櫃,1.61,1.61,5.0
704245,上櫃,0.79,0.61,824.0
704246,上櫃,0.49,0.64,1554.0
704247,上櫃,0.54,0.61,214.0
704248,上櫃,0.0,0.0,0.0
704249,上櫃,0.0,0.0,0.0
704250,上櫃,0.31,0.28,995.0
704251,上櫃,0.71,0.66,153.0
704252,上櫃,0.0,0.0,0.0
704253,上櫃,0.81,0.84,7.0
704254,上櫃,1.3,1.12,302.0
704255,上櫃,0.67,0.72,17.0
704256,上櫃,1.63,1.75,2.0
704257,上櫃,1.71,1.87,531.0
704258,上櫃,2.14,2.4,55.0
704259,上櫃,0.89,0.99,698.0
704260,上櫃,1.4,1.19,137.0
704261,上櫃,0.71,0.7,13.0
704262,上櫃,5.15,4.9,51.0
704263,上櫃,0.92,0.62,866.0
704264,上櫃,0.0,0.0,0.0
704265,上櫃,0.0,0.0,0.0
704266,上櫃,0.61,0.62,338.0
704267,上櫃,0.0,0.0,0.0
704268,上櫃,0.0,0.0,0.0
704269,上櫃,0.85,0.85,9.0
704270,上櫃,2.25,2.25,10.0
704271,上櫃,4.04,4.2,117.0
704272,上櫃,3.5,3.86,415.0
704273,上櫃,0.9,0.9,1713.0
704274,上櫃,0.47,0.47,1.0
704275,上櫃,0.0,0.0,0.0
704276,上櫃,0.87,0.84,70.0
704277,上櫃,0.81,0.84,46.0
704278,上櫃,11.3,11.5,26.0
704279,上櫃,0.0,0.0,0.0
704280,上櫃,0.57,0.55,284.0
704281,上櫃,0.67,0.67,1256.0
704282,上櫃,1.77,1.8,53.0
704283,上櫃,1.09,1.09,20.0
704284,上櫃,0.0,0.0,0.0
704285,上櫃,0.51,0.5,32.0
704286,上櫃,0.0,0.0,0.0
704287,上櫃,0.59,0.68,2174.0
704288,上櫃,0.88,0.91,1433.0
704289,上櫃,0.94,0.9,17.0
704290,上櫃,0.64,0.7,1854.0
704291,上櫃,0.76,0.74,208.0
704292,上櫃,0.71,0.72,316.0
704293,上櫃,0.7,0.71,1619.0
704294,上櫃,0.7,0.74,624.0
704295,上櫃,0.63,0.64,2589.0
704296,上櫃,0.0,0.0,0.0
704297,上櫃,0.75,0.75,19.0
704298,上櫃,0.62,0.57,60.0
704299,上櫃,0.0,0.0,0.0
704300,上櫃,0.0,0.0,0.0
704301,上櫃,0.0,0.0,0.0
704304,上櫃,3.4,4.89,9.0
704305,上櫃,0.0,0.0,0.0
704307,上櫃,0.0,0.0,0.0
704308,上櫃,0.73,0.76,212.0
704309,上櫃,0.0,0.0,0.0
704310,上櫃,0.0,0.0,0.0
704311,上櫃,0.65,0.65,1.0
704312,上櫃,0.46,0.49,38.0
704313,上櫃,0.55,0.55,30.0
704314,上櫃,0.0,0.0,0.0
704315,上櫃,0.4,0.4,439.0
704316,上櫃,2.81,2.81,12.0
704317,上櫃,0.95,0.97,263.0
704318,上櫃,0.38,0.44,67.0
704319,上櫃,0.35,0.37,501.0
704320,上櫃,1.77,1.79,79.0
704321,上櫃,0.0,0.0,0.0
704322,上櫃,2.24,1.97,335.0
704323,上櫃,0.0,0.0,0.0
704324,上櫃,5.1,4.38,162.0
704325,上櫃,2.16,1.98,279.0
704326,上櫃,0.0,0.0,0.0
704327,上櫃,0.0,0.0,0.0
704328,上櫃,0.81,0.8,101.0
704329,上櫃,3.0,3.26,31.0
704330,上櫃,0.0,0.0,0.0
704331,上櫃,0.0,0.0,0.0
704332,上櫃,0.6,0.6,5.0
704333,上櫃,0.0,0.0,0.0
704334,上櫃,1.14,1.08,103.0
704335,上櫃,0.0,0.0,0.0
704336,上櫃,0.0,0.0,0.0
704337,上櫃,0.0,0.0,0.0
704338,上櫃,0.0,0.0,0.0
704339,上櫃,3.78,3.33,256.0
704340,上櫃,0.0,0.0,0.0
704341,上櫃,0.0,0.0,0.0
704342,上櫃,0.0,0.0,0.0
704343,上櫃,0.42,0.42,100.0
704344,上櫃,0.51,0.51,50.0
704345,上櫃,0.75,0.59,288.0
704346,上櫃,0.0,0.0,0.0
704347,上櫃,0.5,0.5,398.0
704348,上櫃,0.49,0.49,20.0
704349,上櫃,0.0,0.0,0.0
704350,上櫃,0.0,0.0,0.0
704351,上櫃,1.13,1.01,1132.0
704352,上櫃,1.24,1.17,688.0
704353,上櫃,2.11,1.98,482.0
704354,上櫃,9.3,9.3,1.0
704355,上櫃,0.0,0.0,0.0
704356,上櫃,0.0,0.0,0.0
704357,上櫃,9.5,9.5,10.0
704358,上櫃,13.9,12.8,8.0
704359,上櫃,2.95,2.89,970.0
704360,上櫃,0.0,0.0,0.0
704361,上櫃,0.69,0.69,142.0
704362,上櫃,1.0,1.0,182.0
704363,上櫃,0.0,0.0,0.0
704364,上櫃,0.0,0.0,0.0
704365,上櫃,3.63,3.21,112.0
704366,上櫃,0.86,0.97,185.0
704367,上櫃,0.0,0.0,0.0
704368,上櫃,0.32,0.32,1.0
704369,上櫃,0.32,0.3,35.0
704370,上櫃,0.77,0.77,90.0
704371,上櫃,0.0,0.0,0.0
704372,上櫃,0.61,0.6,60.0
704373,上櫃,2.8,2.43,50.0
704374,上櫃,1.89,1.83,85.0
704375,上櫃,0.66,0.75,440.0
704376,上櫃,0.0,0.0,0.0
704377,上櫃,2.23,1.9,122.0
704378,上櫃,17.3,17.3,1.0
704379,上櫃,0.0,0.0,0.0
704380,上櫃,5.25,5.25,17.0
704381,上櫃,0.0,0.0,0.0
704382,上櫃,4.09,3.54,292.0
704383,上櫃,0.0,0.0,0.0
704384,上櫃,0.0,0.0,0.0
704385,上櫃,1.57,2.21,142.0
704386,上櫃,0.98,1.6,38.0
704387,上櫃,2.34,2.67,85.0
704388,上櫃,0.0,0.0,0.0
704389,上櫃,0.59,0.59,10.0
704390,上櫃,0.5,0.51,210.0
704391,上櫃,0.68,0.66,32.0
704392,上櫃,0.8,0.82,327.0
704393,上櫃,0.66,0.75,1304.0
704394,上櫃,0.4,0.41,3157.0
704395,上櫃,0.0,0.0,0.0
704396,上櫃,0.0,0.0,0.0
704397,上櫃,1.65,1.54,1844.0
704398,上櫃,0.0,0.0,0.0
704399,上櫃,0.63,0.62,48.0
704400,上櫃,1.48,1.5,108.0
704401,上櫃,0.54,0.68,1019.0
704402,上櫃,0.0,0.0,0.0
704403,上櫃,0.0,0.0,0.0
704404,上櫃,1.74,1.52,617.0
704405,上櫃,0.0,0.0,0.0
704406,上櫃,0.66,0.69,23.0
704407,上櫃,0.49,0.48,188.0
704408,上櫃,0.0,0.0,0.0
704409,上櫃,2.58,2.35,113.0
704410,上櫃,0.0,0.0,0.0
704411,上櫃,0.0,0.0,0.0
704412,上櫃,1.09,1.09,46.0
704413,上櫃,0.25,0.26,444.0
704414,上櫃,1.51,1.74,10.0
704415,上櫃,0.0,0.0,0.0
704416,上櫃,0.55,0.6,44.0
704417,上櫃,1.66,1.66,1.0
704418,上櫃,3.14,2.71,250.0
704419,上櫃,0.0,0.0,0.0
704420,上櫃,0.62,0.65,406.0
704421,上櫃,0.69,0.74,10.0
704422,上櫃,0.0,0.0,0.0
704423,上櫃,0.66,0.78,508.0
704424,上櫃,0.0,0.0,0.0
704425,上櫃,0.0,0.0,0.0
704426,上櫃,1.39,1.51,67.0
704427,上櫃,1.15,1.23,832.0
704428,上櫃,0.0,0.0,0.0
704429,上櫃,4.6,4.6,1.0
704430,上櫃,1.18,1.18,17.0
704431,上櫃,0.4,0.4,11.0
704432,上櫃,1.37,1.49,293.0
704433,上櫃,0.0,0.0,0.0
704434,上櫃,1.81,1.98,61.0
704435,上櫃,0.44,0.47,60.0
704436,上櫃,2.26,1.99,157.0
704437,上櫃,5.15,4.95,2.0
704438,上櫃,0.0,0.0,0.0
704439,上櫃,0.0,0.0,0.0
704440,上櫃,0.0,0.0,0.0
704441,上櫃,1.61,1.58,35.0
704442,上櫃,0.0,0.0,0.0
704443,上櫃,0.0,0.0,0.0
704444,上櫃,0.81,0.84,499.0
704445,上櫃,0.36,0.36,560.0
704446,上櫃,3.4,3.75,3.0
704447,上櫃,8.2,9.7,6.0
704448,上櫃,0.0,0.0,0.0
704449,上櫃,0.0,0.0,0.0
704450,上櫃,1.16,1.21,71.0
704451,上櫃,0.0,0.0,0.0
704452,上櫃,0.54,0.54,30.0
704453,上櫃,0.0,0.0,0.0
704454,上櫃,0.36,0.36,50.0
704455,上櫃,0.0,0.0,0.0
704456,上櫃,0.0,0.0,0.0
704457,上櫃,0.0,0.0,0.0
704458,上櫃,13.8,13.8,1.0
704459,上櫃,0.59,0.55,1097.0
704460,上櫃,0.0,0.0,0.0
704461,上櫃,1.48,1.53,109.0
704462,上櫃,0.3,0.31,880.0
704463,上櫃,0.0,0.0,0.0
704464,上櫃,1.08,1.6,25.0
704465,上櫃,0.0,0.0,0.0
704466,上櫃,3.63,3.65,97.0
704467,上櫃,1.19,1.14,133.0
704468,上櫃,0.0,0.0,0.0
704469,上櫃,0.88,0.89,25.0
704470,上櫃,1.19,1.21,18.0
704471,上櫃,0.86,0.83,211.0
704472,上櫃,0.29,0.3,340.0
704473,上櫃,0.0,0.0,0.0
704474,上櫃,0.0,0.0,0.0
704475,上櫃,0.33,0.33,21.0
704476,上櫃,0.82,0.81,12.0
704477,上櫃,2.59,2.9,32.0
704478,上櫃,8.0,8.4,9.0
704479,上櫃,7.7,8.5,15.0
704480,上櫃,0.55,0.64,369.0
704481,上櫃,7.6,7.4,8.0
704482,上櫃,0.55,0.55,981.0
704483,上櫃,0.23,0.23,96.0
704484,上櫃,0.67,0.67,250.0
704485,上櫃,0.29,0.27,105.0
704486,上櫃,0.0,0.0,0.0
704487,上櫃,0.23,0.23,50.0
704488,上櫃,0.6,0.63,362.0
704489,上櫃,0.35,0.35,30.0
704490,上櫃,0.94,1.1,271.0
704491,上櫃,1.28,1.17,530.0
704492,上櫃,1.55,1.56,76.0
704493,上櫃,0.0,0.0,0.0
704494,上櫃,1.28,1.41,550.0
704495,上櫃,1.05,1.02,559.0
704496,上櫃,0.84,0.88,2588.0
704497,上櫃,0.0,0.0,0.0
704498,上櫃,0.0,0.0,0.0
704499,上櫃,0.0,0.0,0.0
704500,上櫃,0.0,0.0,0.0
704501,上櫃,0.34,0.36,79.0
704502,上櫃,1.01,1.05,306.0
704503,上櫃,0.0,0.0,0.0
704504,上櫃,0.0,0.0,0.0
704505,上櫃,0.0,0.0,0.0
704506,上櫃,0.91,0.92,54.0
704507,上櫃,0.57,0.57,40.0
704508,上櫃,0.0,0.0,0.0
704509,上櫃,2.98,3.13,39.0
704510,上櫃,2.13,2.02,252.0
704511,上櫃,2.7,2.76,166.0
704512,上櫃,1.28,1.13,36.0
704513,上櫃,0.0,0.0,0.0
704514,上櫃,0.0,0.0,0.0
704515,上櫃,0.18,0.29,340.0
704516,上櫃,0.32,0.32,30.0
704517,上櫃,0.0,0.0,0.0
704518,上櫃,0.0,0.0,0.0
704519,上櫃,1.25,1.06,333.0
704520,上櫃,0.24,0.24,2.0
704521,上櫃,0.0,0.0,0.0
704522,上櫃,1.41,1.7,438.0
704523,上櫃,1.38,1.24,1356.0
704524,上櫃,2.6,3.2,155.0
704525,上櫃,0.0,0.0,0.0
704526,上櫃,0.0,0.0,0.0
704527,上櫃,0.0,0.0,0.0
704528,上櫃,4.3,4.54,12.0
704529,上櫃,0.0,0.0,0.0
704530,上櫃,1.12,1.12,1.0
704531,上櫃,23.8,23.8,3.0
704532,上櫃,0.7,0.7,92.0
704533,上櫃,0.0,0.0,0.0
704534,上櫃,0.0,0.0,0.0
704535,上櫃,2.46,2.67,592.0
704536,上櫃,0.49,0.49,15.0
704537,上櫃,1.32,1.26,11.0
704538,上櫃,0.0,0.0,0.0
704539,上櫃,2.76,2.52,24.0
704540,上櫃,0.69,0.74,594.0
704541,上櫃,0.0,0.0,0.0
704542,上櫃,1.78,1.72,261.0
704543,上櫃,1.11,1.11,116.0
704544,上櫃,1.11,1.14,220.0
704545,上櫃,1.18,1.13,806.0
704546,上櫃,0.0,0.0,0.0
704547,上櫃,0.5,0.54,745.0
704548,上櫃,0.0,0.0,0.0
704549,上櫃,1.11,1.08,90.0
704550,上櫃,0.0,0.0,0.0
704551,上櫃,0.43,0.43,1.0
704552,上櫃,1.02,0.99,458.0
704553,上櫃,5.55,5.7,11.0
704554,上櫃,6.7,7.15,50.0
704556,上櫃,0.0,0.0,0.0
704557,上櫃,0.0,0.0,0.0
704558,上櫃,0.64,0.66,202.0
704560,上櫃,0.81,0.81,5.0
704561,上櫃,0.32,0.33,157.0
704562,上櫃,6.9,6.9,3.0
704563,上櫃,1.89,1.77,227.0
704564,上櫃,2.3,2.65,29.0
704565,上櫃,1.37,1.37,1.0
704566,上櫃,0.57,0.56,865.0
704567,上櫃,3.68,3.93,100.0
704568,上櫃,0.0,0.0,0.0
704569,上櫃,0.0,0.0,0.0
704570,上櫃,0.0,0.0,0.0
704571,上櫃,0.0,0.0,0.0
704572,上櫃,1.17,1.37,162.0
704573,上櫃,0.0,0.0,0.0
704574,上櫃,0.0,0.0,0.0
704575,上櫃,0.0,0.0,0.0
704576,上櫃,0.17,0.18,92.0
704577,上櫃,0.33,0.38,371.0
704578,上櫃,0.65,0.7,1359.0
704579,上櫃,1.08,1.11,299.0
704580,上櫃,0.0,0.0,0.0
704581,上櫃,0.7,0.78,1179.0
704582,上櫃,0.25,0.22,725.0
704583,上櫃,1.0,1.19,387.0
704584,上櫃,1.14,1.11,44.0
704585,上櫃,0.0,0.0,0.0
704586,上櫃,0.12,0.12,400.0
704587,上櫃,0.0,0.0,0.0
704588,上櫃,0.0,0.0,0.0
704589,上櫃,0.85,0.82,741.0
704590,上櫃,0.0,0.0,0.0
704591,上櫃,0.0,0.0,0.0
704592,上櫃,0.52,0.52,31.0
704593,上櫃,11.8,11.0,6.0
704594,上櫃,0.0,0.0,0.0
704595,上櫃,0.0,0.0,0.0
704596,上櫃,0.0,0.0,0.0
704597,上櫃,0.53,0.56,145.0
704598,上櫃,0.52,0.57,186.0
704599,上櫃,0.0,0.0,0.0
704600,上櫃,0.0,0.0,0.0
704601,上櫃,5.25,5.9,180.0
704602,上櫃,0.0,0.0,0.0
704603,上櫃,0.0,0.0,0.0
704604,上櫃,0.0,0.0,0.0
704605,上櫃,0.93,0.93,5.0
704606,上櫃,13.5,13.5,1.0
704607,上櫃,1.35,1.35,1.0
704608,上櫃,1.45,1.59,114.0
704609,上櫃,12.1,12.3,2.0
704610,上櫃,0.0,0.0,0.0
704611,上櫃,0.0,0.0,0.0
704612,上櫃,7.75,8.5,4.0
704613,上櫃,0.0,0.0,0.0
704614,上櫃,0.49,0.49,50.0
704615,上櫃,0.0,0.0,0.0
704616,上櫃,0.0,0.0,0.0
704617,上櫃,0.0,0.0,0.0
704618,上櫃,0.0,0.0,0.0
704619,上櫃,0.0,0.0,0.0
704620,上櫃,4.84,4.89,6.0
704621,上櫃,0.0,0.0,0.0
704622,上櫃,1.12,1.28,48.0
704623,上櫃,1.23,1.24,129.0
704624,上櫃,0.0,0.0,0.0
704625,上櫃,0.0,0.0,0.0
704626,上櫃,0.0,0.0,0.0
704627,上櫃,0.0,0.0,0.0
704628,上櫃,0.25,0.25,20.0
704629,上櫃,0.34,0.34,10.0
704630,上櫃,8.6,8.6,2.0
704631,上櫃,0.0,0.0,0.0
704632,上櫃,0.0,0.0,0.0
704633,上櫃,0.0,0.0,0.0
704634,上櫃,8.65,8.65,1.0
704635,上櫃,0.76,0.66,133.0
704636,上櫃,0.0,0.0,0.0
704637,上櫃,0.0,0.0,0.0
704638,上櫃,0.0,0.0,0.0
704639,上櫃,0.71,0.71,10.0
704640,上櫃,0.0,0.0,0.0
704641,上櫃,0.0,0.0,0.0
704642,上櫃,0.72,0.63,180.0
704643,上櫃,1.91,2.02,40.0
704644,上櫃,12.6,13.7,4.0
704645,上櫃,0.0,0.0,0.0
704646,上櫃,0.4,0.48,431.0
704647,上櫃,0.0,0.0,0.0
704648,上櫃,0.0,0.0,0.0
704649,上櫃,0.0,0.0,0.0
704650,上櫃,3.22,2.93,31.0
704651,上櫃,0.0,0.0,0.0
704652,上櫃,0.0,0.0,0.0
704653,上櫃,4.05,4.23,9.0
704654,上櫃,0.0,0.0,0.0
704655,上櫃,1.83,2.03,663.0
704656,上櫃,0.28,0.33,608.0
704657,上櫃,0.54,0.55,404.0
704658,上櫃,0.0,0.0,0.0
704659,上櫃,0.0,0.0,0.0
704660,上櫃,0.0,0.0,0.0
704661,上櫃,2.01,1.77,23.0
704662,上櫃,2.99,3.33,5.0
704663,上櫃,0.0,0.0,0.0
704664,上櫃,0.34,0.34,209.0
704665,上櫃,1.4,1.38,654.0
704666,上櫃,1.96,2.1,66.0
704667,上櫃,0.68,0.72,228.0
704668,上櫃,1.2,1.2,7.0
704669,上櫃,1.3,1.3,183.0
704670,上櫃,0.0,0.0,0.0
704671,上櫃,0.25,0.25,30.0
704672,上櫃,0.67,0.73,138.0
704673,上櫃,0.0,0.0,0.0
704674,上櫃,0.0,0.0,0.0
704675,上櫃,8.4,8.05,14.0
704676,上櫃,0.0,0.0,0.0
704677,上櫃,1.73,1.71,220.0
704678,上櫃,0.0,0.0,0.0
704679,上櫃,0.69,0.79,575.0
704680,上櫃,0.37,0.31,575.0
704681,上櫃,0.0,0.0,0.0
704682,上櫃,0.0,0.0,0.0
704683,上櫃,3.86,3.82,30.0
704684,上櫃,0.12,0.12,499.0
704685,上櫃,9.05,9.7,71.0
704686,上櫃,0.38,0.3,81.0
704687,上櫃,1.98,1.98,10.0
704688,上櫃,0.0,0.0,0.0
704689,上櫃,0.0,0.0,0.0
704690,上櫃,0.0,0.0,0.0
704691,上櫃,14.1,12.7,3.0
704692,上櫃,3.27,3.76,57.0
704693,上櫃,0.0,0.0,0.0
704694,上櫃,0.0,0.0,0.0
704695,上櫃,5.3,5.2,19.0
704696,上櫃,0.0,0.0,0.0
704697,上櫃,1.65,1.65,42.0
704698,上櫃,0.7,0.71,290.0
704699,上櫃,0.46,0.53,695.0
704700,上櫃,0.39,0.42,21.0
704701,上櫃,0.0,0.0,0.0
704702,上櫃,3.98,3.71,210.0
704703,上櫃,0.0,0.0,0.0
704704,上櫃,0.75,0.83,924.0
704705,上櫃,0.99,1.1,230.0
704706,上櫃,0.81,0.97,1261.0
704707,上櫃,0.46,0.55,1648.0
704708,上櫃,0.0,0.0,0.0
704709,上櫃,21.8,21.8,1.0
704710,上櫃,0.54,0.61,1742.0
704711,上櫃,0.45,0.49,941.0
704712,上櫃,0.53,0.54,10780.0
704713,上櫃,3.0,3.2,4.0
704714,上櫃,0.6,0.7,795.0
704715,上櫃,1.29,1.29,160.0
704716,上櫃,0.13,0.13,57.0
704717,上櫃,0.0,0.0,0.0
704718,上櫃,0.0,0.0,0.0
704719,上櫃,0.0,0.0,0.0
704720,上櫃,0.0,0.0,0.0
704721,上櫃,9.7,9.55,10.0
704722,上櫃,0.0,0.0,0.0
704723,上櫃,6.0,5.25,7.0
704724,上櫃,3.88,3.43,31.0
704725,上櫃,2.65,2.97,18.0
704726,上櫃,0.92,0.89,12.0
704727,上櫃,2.15,2.14,736.0
704728,上櫃,0.78,0.86,1666.0
704729,上櫃,0.0,0.0,0.0
704730,上櫃,0.0,0.0,0.0
704731,上櫃,0.0,0.0,0.0
704732,上櫃,1.78,1.61,52.0
704733,上櫃,2.9,2.69,45.0
704734,上櫃,0.0,0.0,0.0
704735,上櫃,0.69,0.71,181.0
704736,上櫃,0.0,0.0,0.0
704737,上櫃,0.0,0.0,0.0
704738,上櫃,5.45,4.94,249.0
704739,上櫃,5.65,5.85,6.0
704740,上櫃,0.0,0.0,0.0
704741,上櫃,3.1,3.2,22.0
704742,上櫃,2.21,2.29,19.0
704743,上櫃,7.35,6.65,106.0
704744,上櫃,0.0,0.0,0.0
704745,上櫃,1.97,2.03,890.0
704746,上櫃,0.3,0.3,164.0
704747,上櫃,4.1,4.39,195.0
704748,上櫃,4.15,4.42,510.0
704749,上櫃,0.29,0.29,100.0
704750,上櫃,0.51,0.49,340.0
704751,上櫃,0.0,0.0,0.0
704752,上櫃,0.63,0.74,884.0
704753,上櫃,0.59,0.68,387.0
704754,上櫃,0.51,0.54,60.0
704755,上櫃,0.15,0.17,40.0
704756,上櫃,4.03,4.11,11.0
704757,上櫃,0.0,0.0,0.0
704758,上櫃,3.65,3.34,107.0
704759,上櫃,1.44,1.44,1.0
704760,上櫃,0.0,0.0,0.0
704761,上櫃,0.0,0.0,0.0
704762,上櫃,2.07,2.07,1.0
704763,上櫃,0.0,0.0,0.0
704764,上櫃,1.0,0.91,466.0
704765,上櫃,1.14,1.14,88.0
704766,上櫃,0.72,0.77,7040.0
704767,上櫃,4.9,4.34,40.0
704768,上櫃,0.0,0.0,0.0
704769,上櫃,0.71,0.76,143.0
704770,上櫃,0.98,1.06,362.0
704771,上櫃,0.0,0.0,0.0
704772,上櫃,0.0,0.0,0.0
704773,上櫃,0.27,0.28,30.0
704774,上櫃,0.0,0.0,0.0
704775,上櫃,3.39,3.76,29.0
704776,上櫃,5.25,6.55,54.0
704777,上櫃,0.0,0.0,0.0
704778,上櫃,0.53,0.53,1.0
704779,上櫃,2.66,2.57,88.0
704780,上櫃,0.0,0.0,0.0
704781,上櫃,0.0,0.0,0.0
704782,上櫃,0.0,0.0,0.0
704783,上櫃,0.3,0.3,849.0
704784,上櫃,0.0,0.0,0.0
704785,上櫃,2.18,2.18,31.0
704786,上櫃,6.75,7.25,86.0
704787,上櫃,8.85,9.2,14.0
704788,上櫃,0.0,0.0,0.0
704789,上櫃,29.1,34.0,13.0
704790,上櫃,0.0,0.0,0.0
704791,上櫃,2.36,2.3,430.0
704792,上櫃,0.0,0.0,0.0
704793,上櫃,4.06,3.98,15.0
704794,上櫃,2.01,2.0,57.0
704795,上櫃,0.41,0.48,513.0
704796,上櫃,6.05,6.05,100.0
704797,上櫃,5.4,5.8,71.0
704798,上櫃,0.0,0.0,0.0
704799,上櫃,0.0,0.0,0.0
704800,上櫃,0.68,0.72,175.0
704801,上櫃,0.0,0.0,0.0
704802,上櫃,6.15,6.15,10.0
704803,上櫃,0.0,0.0,0.0
704804,上櫃,5.1,5.1,1.0
704805,上櫃,5.05,5.3,216.0
704806,上櫃,0.0,0.0,0.0
704807,上櫃,0.0,0.0,0.0
704808,上櫃,2.83,3.24,572.0
704809,上櫃,8.05,9.0,24.0
704810,上櫃,0.0,0.0,0.0
704811,上櫃,3.04,3.04,10.0
704812,上櫃,0.0,0.0,0.0
704813,上櫃,0.0,0.0,0.0
704814,上櫃,1.39,1.45,120.0
704815,上櫃,0.97,0.97,201.0
704816,上櫃,0.0,0.0,0.0
704817,上櫃,0.0,0.0,0.0
704818,上櫃,0.0,0.0,0.0
704819,上櫃,1.47,1.63,416.0
704820,上櫃,0.0,0.0,0.0
704821,上櫃,3.8,3.77,51.0
704822,上櫃,0.0,0.0,0.0
704823,上櫃,4.36,4.36,3.0
704824,上櫃,0.0,0.0,0.0
704825,上櫃,0.0,0.0,0.0
704826,上櫃,2.73,2.71,552.0
704827,上櫃,1.05,1.05,19.0
704828,上櫃,0.8,1.0,118.0
704829,上櫃,4.44,4.34,10.0
704830,上櫃,4.14,4.54,21.0
704831,上櫃,4.03,3.91,6.0
704832,上櫃,0.31,0.31,5.0
704833,上櫃,1.61,1.64,29.0
704834,上櫃,32.9,35.7,11.0
704835,上櫃,0.0,0.0,0.0
704837,上櫃,0.58,0.54,1260.0
704838,上櫃,1.95,1.92,252.0
704839,上櫃,2.19,2.15,272.0
704840,上櫃,0.0,0.0,0.0
704841,上櫃,0.39,0.38,223.0
704842,上櫃,0.97,0.96,40.0
704843,上櫃,0.0,0.0,0.0
704844,上櫃,1.27,1.34,57.0
704845,上櫃,3.74,4.22,166.0
704846,上櫃,0.42,0.43,43.0
704847,上櫃,0.25,0.25,75.0
704848,上櫃,1.1,1.06,160.0
704849,上櫃,0.0,0.0,0.0
704850,上櫃,0.44,0.44,80.0
704851,上櫃,1.34,1.33,86.0
704852,上櫃,1.91,1.85,35.0
704853,上櫃,0.0,0.0,0.0
704854,上櫃,1.03,1.0,76.0
704855,上櫃,0.72,0.79,1584.0
704856,上櫃,8.8,8.8,20.0
704858,上櫃,0.0,0.0,0.0
704859,上櫃,0.0,0.0,0.0
704860,上櫃,3.92,3.35,13.0
704861,上櫃,1.45,1.61,17.0
704862,上櫃,2.16,2.16,2.0
704863,上櫃,1.86,2.02,133.0
704864,上櫃,0.0,0.0,0.0
704865,上櫃,0.0,0.0,0.0
704866,上櫃,0.53,0.61,136.0
704867,上櫃,0.61,0.61,10.0
704868,上櫃,0.84,0.78,1731.0
704869,上櫃,0.5,0.5,1.0
704870,上櫃,0.26,0.3,732.0
704871,上櫃,0.0,0.0,0.0
704872,上櫃,0.74,0.76,247.0
704873,上櫃,0.39,0.39,137.0
704874,上櫃,0.0,0.0,0.0
704875,上櫃,0.0,0.0,0.0
704876,上櫃,0.0,0.0,0.0
704877,上櫃,0.0,0.0,0.0
704878,上櫃,0.82,0.84,181.0
704879,上櫃,3.69,3.23,35.0
704880,上櫃,0.54,0.54,52.0
704881,上櫃,1.63,1.83,700.0
704882,上櫃,1.03,1.02,284.0
704883,上櫃,0.95,0.96,160.0
704884,上櫃,0.0,0.0,0.0
704885,上櫃,0.0,0.0,0.0
704886,上櫃,1.46,1.55,40.0
704887,上櫃,0.28,0.27,100.0
704888,上櫃,2.28,2.28,2.0
704889,上櫃,13.0,13.0,1.0
704890,上櫃,0.0,0.0,0.0
704891,上櫃,0.0,0.0,0.0
704892,上櫃,0.0,0.0,0.0
704893,上櫃,11.0,11.0,96.0
704894,上櫃,2.4,2.36,35.0
704895,上櫃,0.48,0.45,184.0
704896,上櫃,0.83,0.82,211.0
704897,上櫃,2.06,2.23,71.0
704898,上櫃,0.58,0.57,21.0
704899,上櫃,0.44,0.45,60.0
704900,上櫃,0.55,0.55,4.0
704901,上櫃,0.0,0.0,0.0
704902,上櫃,0.0,0.0,0.0
704903,上櫃,0.0,0.0,0.0
704904,上櫃,0.0,0.0,0.0
704905,上櫃,0.0,0.0,0.0
704906,上櫃,0.0,0.0,0.0
704907,上櫃,0.8,0.78,168.0
704908,上櫃,0.0,0.0,0.0
704909,上櫃,0.0,0.0,0.0
704910,上櫃,0.0,0.0,0.0
704911,上櫃,3.53,3.53,2.0
704912,上櫃,0.0,0.0,0.0
704913,上櫃,0.0,0.0,0.0
704914,上櫃,0.88,0.87,50.0
704915,上櫃,10.1,10.1,1.0
704916,上櫃,0.98,1.13,525.0
704917,上櫃,0.0,0.0,0.0
704918,上櫃,0.79,0.75,238.0
704919,上櫃,0.52,0.65,27.0
704920,上櫃,0.0,0.0,0.0
704921,上櫃,3.81,3.74,115.0
704922,上櫃,0.0,0.0,0.0
704923,上櫃,0.0,0.0,0.0
704924,上櫃,1.45,1.53,120.0
704925,上櫃,0.48,0.49,1324.0
704926,上櫃,2.54,2.43,82.0
704927,上櫃,0.42,0.42,59.0
704928,上櫃,0.23,0.23,22.0
704929,上櫃,3.21,3.21,4.0
704930,上櫃,0.43,0.43,10.0
704931,上櫃,0.44,0.42,11.0
704932,上櫃,0.69,0.67,4.0
704933,上櫃,1.13,1.11,15.0
704934,上櫃,0.0,0.0,0.0
704935,上櫃,1.04,1.3,96.0
704936,上櫃,1.86,1.8,35.0
704937,上櫃,0.9,0.94,19.0
704939,上櫃,0.0,0.0,0.0
704940,上櫃,5.1,4.57,29.0
704941,上櫃,4.88,4.34,79.0
704942,上櫃,23.0,19.3,23.0
704943,上櫃,0.0,0.0,0.0
704944,上櫃,1.25,1.19,168.0
704945,上櫃,1.25,1.28,1053.0
704946,上櫃,1.15,1.22,383.0
704947,上櫃,0.76,0.76,10.0
704948,上櫃,0.67,0.78,4563.0
704949,上櫃,0.6,0.63,847.0
704950,上櫃,0.0,0.0,0.0
704951,上櫃,1.01,1.01,15.0
704952,上櫃,0.0,0.0,0.0
704953,上櫃,0.0,0.0,0.0
704954,上櫃,2.79,2.92,173.0
704955,上櫃,1.41,1.41,33.0
704956,上櫃,0.0,0.0,0.0
704957,上櫃,0.87,0.87,17.0
704958,上櫃,0.0,0.0,0.0
704959,上櫃,1.48,1.34,184.0
704960,上櫃,0.0,0.0,0.0
704961,上櫃,0.0,0.0,0.0
704962,上櫃,0.0,0.0,0.0
704963,上櫃,0.68,0.68,13.0
704964,上櫃,0.0,0.0,0.0
704965,上櫃,1.7,1.7,52.0
704966,上櫃,0.0,0.0,0.0
704967,上櫃,0.0,0.0,0.0
704968,上櫃,3.37,3.61,370.0
704969,上櫃,1.33,1.33,150.0
704970,上櫃,0.84,0.99,141.0
704971,上櫃,3.22,3.22,1.0
704972,上櫃,0.0,0.0,0.0
704973,上櫃,0.0,0.0,0.0
704974,上櫃,0.0,0.0,0.0
704975,上櫃,0.0,0.0,0.0
704976,上櫃,0.0,0.0,0.0
704977,上櫃,0.0,0.0,0.0
704978,上櫃,2.23,2.23,1.0
704979,上櫃,0.0,0.0,0.0
704980,上櫃,2.35,2.55,13.0
704981,上櫃,0.0,0.0,0.0
704982,上櫃,2.82,2.82,100.0
704983,上櫃,1.14,1.19,26.0
704984,上櫃,1.48,1.61,36.0
704985,上櫃,0.0,0.0,0.0
704986,上櫃,0.7,0.8,273.0
704987,上櫃,0.72,0.69,378.0
704988,上櫃,0.98,0.98,5.0
704989,上櫃,1.54,1.78,61.0
704990,上櫃,2.12,2.1,25.0
704991,上櫃,1.46,1.47,104.0
704992,上櫃,0.0,0.0,0.0
704993,上櫃,0.0,0.0,0.0
704994,上櫃,0.0,0.0,0.0
704995,上櫃,0.6,0.64,385.0
704996,上櫃,0.0,0.0,0.0
704997,上櫃,0.0,0.0,0.0
704998,上櫃,0.64,0.64,5.0
704999,上櫃,1.86,1.67,190.0
705000,上櫃,0.93,1.05,915.0
705001,上櫃,4.62,4.4,327.0
705002,上櫃,0.76,0.82,106.0
705003,上櫃,0.77,0.75,58.0
705004,上櫃,0.82,0.8,235.0
705005,上櫃,0.72,0.67,21.0
705006,上櫃,0.46,0.46,20.0
705007,上櫃,0.41,0.41,10.0
705008,上櫃,0.95,0.92,950.0
705009,上櫃,2.8,2.8,1.0
705010,上櫃,2.39,2.57,10.0
705011,上櫃,0.73,0.67,329.0
705012,上櫃,0.0,0.0,0.0
705013,上櫃,0.0,0.0,0.0
705014,上櫃,2.63,2.96,143.0
705015,上櫃,9.8,10.0,3.0
705016,上櫃,1.53,1.37,26.0
705017,上櫃,1.26,1.26,12.0
705018,上櫃,0.0,0.0,0.0
705019,上櫃,2.67,2.67,10.0
705020,上櫃,0.0,0.0,0.0
705021,上櫃,0.0,0.0,0.0
705022,上櫃,0.0,0.0,0.0
705023,上櫃,1.3,1.3,3.0
705024,上櫃,0.0,0.0,0.0
705025,上櫃,0.0,0.0,0.0
705026,上櫃,1.98,1.99,372.0
705027,上櫃,0.55,0.55,10.0
705028,上櫃,2.36,2.45,1210.0
705029,上櫃,1.59,1.81,189.0
705030,上櫃,0.0,0.0,0.0
705031,上櫃,0.0,0.0,0.0
705032,上櫃,1.8,1.8,1.0
705033,上櫃,33.1,32.3,11.0
705034,上櫃,3.27,3.46,45.0
705035,上櫃,7.75,8.15,11.0
705036,上櫃,2.46,2.46,4.0
705037,上櫃,0.0,0.0,0.0
705038,上櫃,2.0,2.0,102.0
705039,上櫃,15.1,13.7,47.0
705040,上櫃,17.1,14.3,21.0
705041,上櫃,0.0,0.0,0.0
705042,上櫃,0.55,0.56,41.0
705043,上櫃,1.73,1.61,62.0
705044,上櫃,0.44,0.43,54.0
705045,上櫃,0.47,0.46,320.0
705046,上櫃,1.81,1.57,676.0
705047,上櫃,1.05,0.95,873.0
705048,上櫃,2.36,2.31,68.0
705049,上櫃,5.4,4.93,14.0
705050,上櫃,0.66,0.68,199.0
705051,上櫃,1.75,1.76,37.0
705052,上櫃,1.77,1.47,110.0
705053,上櫃,1.5,1.31,100.0
705054,上櫃,1.26,1.11,138.0
705055,上櫃,2.0,2.0,11.0
705056,上櫃,1.5,1.59,57.0
705057,上櫃,0.81,0.69,1144.0
705058,上櫃,1.28,1.17,456.0
705059,上櫃,0.67,0.85,277.0
705060,上櫃,0.57,0.64,522.0
705061,上櫃,3.93,4.11,93.0
705062,上櫃,0.0,0.0,0.0
705063,上櫃,3.05,3.05,1.0
705064,上櫃,0.69,0.63,74.0
705065,上櫃,0.0,0.0,0.0
705066,上櫃,1.55,1.53,33.0
705067,上櫃,0.0,0.0,0.0
705068,上櫃,0.0,0.0,0.0
705069,上櫃,0.0,0.0,0.0
705070,上櫃,2.32,2.41,6.0
705071,上櫃,0.0,0.0,0.0
705072,上櫃,2.44,2.31,975.0
705073,上櫃,0.0,0.0,0.0
705074,上櫃,0.74,0.67,482.0
705075,上櫃,0.93,0.8,1363.0
705076,上櫃,1.49,1.19,602.0
705077,上櫃,0.0,0.0,0.0
705078,上櫃,0.0,0.0,0.0
705079,上櫃,0.0,0.0,0.0
705080,上櫃,1.2,1.06,35.0
705081,上櫃,6.1,6.5,6.0
705082,上櫃,1.76,1.72,37.0
705083,上櫃,1.36,1.19,128.0
705084,上櫃,2.9,2.63,98.0
705085,上櫃,1.6,1.6,9.0
705086,上櫃,2.24,1.99,59.0
705087,上櫃,0.98,0.91,997.0
705088,上櫃,0.84,0.76,90.0
705089,上櫃,0.61,0.54,155.0
705090,上櫃,0.52,0.51,3565.0
705091,上櫃,0.84,0.87,64.0
705092,上櫃,0.0,0.0,0.0
705093,上櫃,0.88,0.88,17.0
705094,上櫃,1.13,1.09,131.0
705095,上櫃,0.7,0.69,75.0
705096,上櫃,0.65,0.57,1004.0
705097,上櫃,1.23,1.14,500.0
705098,上櫃,1.53,1.49,284.0
705099,上櫃,0.55,0.55,118.0
705100,上櫃,0.9,0.79,451.0
705101,上櫃,1.34,1.24,78.0
705102,上櫃,0.0,0.0,0.0
705103,上櫃,0.0,0.0,0.0
705104,上櫃,1.6,1.6,100.0
705105,上櫃,0.0,0.0,0.0
705106,上櫃,1.69,1.44,1865.0
705107,上櫃,1.16,0.87,679.0
705108,上櫃,2.08,1.82,295.0
705109,上櫃,0.0,0.0,0.0
705110,上櫃,1.38,1.15,180.0
705111,上櫃,1.44,1.53,214.0
705112,上櫃,1.44,1.39,405.0
705113,上櫃,3.95,4.82,23.0
705114,上櫃,4.24,4.05,24.0
705115,上櫃,0.0,0.0,0.0
705116,上櫃,0.0,0.0,0.0
705117,上櫃,1.01,1.02,100.0
705118,上櫃,1.86,1.81,10.0
705119,上櫃,0.0,0.0,0.0
705120,上櫃,0.0,0.0,0.0
705121,上櫃,6.5,6.5,10.0
705122,上櫃,0.0,0.0,0.0
705123,上櫃,0.0,0.0,0.0
705124,上櫃,1.14,1.07,15.0
705125,上櫃,3.06,3.06,10.0
705126,上櫃,0.68,0.68,241.0
705127,上櫃,1.1,1.14,27.0
705128,上櫃,1.19,1.26,172.0
705129,上櫃,1.14,1.15,496.0
705130,上櫃,0.78,0.78,18.0
705131,上櫃,0.61,0.59,122.0
705132,上櫃,0.78,0.78,16.0
705133,上櫃,1.52,1.75,230.0
705134,上櫃,1.51,1.73,96.0
705135,上櫃,2.25,2.28,15.0
705136,上櫃,1.12,1.22,241.0
705137,上櫃,0.0,0.0,0.0
705138,上櫃,1.5,1.42,196.0
705139,上櫃,0.0,0.0,0.0
705140,上櫃,0.0,0.0,0.0
705141,上櫃,2.28,2.22,30.0
705142,上櫃,3.13,3.1,17.0
705143,上櫃,0.0,0.0,0.0
705144,上櫃,0.9,0.88,5.0
705145,上櫃,0.36,0.38,6.0
705146,上櫃,6.15,6.15,1.0
705147,上櫃,1.59,1.61,69.0
705148,上櫃,0.0,0.0,0.0
705149,上櫃,0.94,0.91,81.0
705150,上櫃,0.0,0.0,0.0
705151,上櫃,0.0,0.0,0.0
705152,上櫃,1.88,2.45,300.0
705153,上櫃,3.9,3.9,6.0
705154,上櫃,0.0,0.0,0.0
705155,上櫃,2.51,2.51,6.0
705156,上櫃,1.81,1.87,28.0
705157,上櫃,0.0,0.0,0.0
705158,上櫃,0.0,0.0,0.0
705159,上櫃,0.0,0.0,0.0
705160,上櫃,0.0,0.0,0.0
705161,上櫃,1.06,1.06,14.0
705162,上櫃,4.3,4.3,10.0
705163,上櫃,1.53,1.44,24.0
705164,上櫃,0.73,0.9,40.0
705165,上櫃,13.1,13.1,1.0
705166,上櫃,0.0,0.0,0.0
705167,上櫃,0.0,0.0,0.0
705168,上櫃,0.0,0.0,0.0
705169,上櫃,0.0,0.0,0.0
705170,上櫃,0.0,0.0,0.0
705171,上櫃,1.33,1.38,82.0
705172,上櫃,4.78,4.55,28.0
705173,上櫃,0.0,0.0,0.0
705174,上櫃,1.4,1.37,7.0
705175,上櫃,2.33,2.25,13.0
705176,上櫃,2.74,2.74,10.0
705177,上櫃,0.0,0.0,0.0
705178,上櫃,38.8,38.8,2.0
705179,上櫃,0.0,0.0,0.0
705180,上櫃,0.0,0.0,0.0
705181,上櫃,2.58,2.9,60.0
705182,上櫃,0.0,0.0,0.0
705183,上櫃,0.62,0.75,220.0
705184,上櫃,0.0,0.0,0.0
705185,上櫃,0.0,0.0,0.0
705186,上櫃,3.37,3.44,4.0
705187,上櫃,1.08,1.24,619.0
705188,上櫃,0.49,0.49,39.0
705189,上櫃,0.0,0.0,0.0
705190,上櫃,0.0,0.0,0.0
705191,上櫃,0.79,0.78,105.0
705192,上櫃,0.0,0.0,0.0
705193,上櫃,1.19,1.15,956.0
705194,上櫃,0.0,0.0,0.0
705195,上櫃,1.13,1.12,119.0
705196,上櫃,0.93,0.94,119.0
705197,上櫃,0.0,0.0,0.0
705198,上櫃,3.87,4.66,236.0
705199,上櫃,1.14,1.13,38.0
705200,上櫃,0.0,0.0,0.0
705201,上櫃,0.61,0.61,20.0
705202,上櫃,0.0,0.0,0.0
705203,上櫃,1.4,1.33,5.0
705204,上櫃,2.9,2.82,76.0
705205,上櫃,1.86,1.86,10.0
705206,上櫃,1.93,2.42,414.0
705207,上櫃,1.18,1.23,173.0
705208,上櫃,1.85,1.88,164.0
705209,上櫃,0.83,0.83,10.0
705210,上櫃,0.65,0.75,283.0
705211,上櫃,0.0,0.0,0.0
705212,上櫃,0.98,0.97,500.0
705213,上櫃,0.0,0.0,0.0
705214,上櫃,0.62,0.77,147.0
705215,上櫃,1.53,1.53,7.0
705216,上櫃,0.89,1.07,357.0
705217,上櫃,0.0,0.0,0.0
705218,上櫃,2.64,2.31,1489.0
705219,上櫃,2.13,1.86,67.0
705220,上櫃,19.5,20.5,3.0
705221,上櫃,2.43,2.43,4.0
705222,上櫃,2.21,2.21,12.0
705223,上櫃,1.46,1.46,39.0
705224,上櫃,0.0,0.0,0.0
705225,上櫃,0.0,0.0,0.0
705226,上櫃,1.4,1.32,103.0
705227,上櫃,0.0,0.0,0.0
705228,上櫃,0.0,0.0,0.0
705229,上櫃,0.0,0.0,0.0
705230,上櫃,0.51,0.62,650.0
705231,上櫃,1.52,1.52,150.0
705232,上櫃,0.0,0.0,0.0
705233,上櫃,0.0,0.0,0.0
705234,上櫃,0.0,0.0,0.0
705235,上櫃,0.0,0.0,0.0
705236,上櫃,1.48,1.3,59.0
705237,上櫃,0.0,0.0,0.0
705238,上櫃,3.79,3.79,5.0
705239,上櫃,1.87,1.87,57.0
705240,上櫃,0.0,0.0,0.0
705241,上櫃,0.0,0.0,0.0
705242,上櫃,0.0,0.0,0.0
705243,上櫃,0.0,0.0,0.0
705244,上櫃,0.0,0.0,0.0
705245,上櫃,0.0,0.0,0.0
705246,上櫃,0.0,0.0,0.0
705247,上櫃,0.64,0.66,78.0
705248,上櫃,2.97,2.85,178.0
705249,上櫃,0.0,0.0,0.0
705250,上櫃,1.58,1.58,1.0
705251,上櫃,1.53,1.53,98.0
705252,上櫃,1.19,1.4,518.0
705253,上櫃,9.0,9.0,1.0
705254,上櫃,0.58,0.67,627.0
705255,上櫃,0.71,0.86,175.0
705256,上櫃,0.0,0.0,0.0
705257,上櫃,1.91,1.91,8.0
705258,上櫃,1.98,2.15,74.0
705259,上櫃,0.67,0.67,42.0
705260,上櫃,0.79,0.75,172.0
705261,上櫃,0.4,0.41,104.0
705262,上櫃,0.41,0.41,39.0
705263,上櫃,0.0,0.0,0.0
705264,上櫃,0.0,0.0,0.0
705265,上櫃,1.38,1.38,54.0
705266,上櫃,1.53,1.62,51.0
705267,上櫃,1.5,1.61,289.0
705268,上櫃,0.54,0.54,1.0
705269,上櫃,1.82,2.1,466.0
705270,上櫃,0.0,0.0,0.0
705271,上櫃,0.0,0.0,0.0
705272,上櫃,0.48,0.52,612.0
705273,上櫃,8.3,9.25,51.0
705274,上櫃,6.0,6.2,16.0
705275,上櫃,5.2,5.85,169.0
705276,上櫃,6.9,7.75,15.0
705277,上櫃,0.0,0.0,0.0
705278,上櫃,0.0,0.0,0.0
705279,上櫃,1.68,1.64,1390.0
705280,上櫃,0.0,0.0,0.0
705281,上櫃,1.5,1.5,15.0
705282,上櫃,33.0,33.0,1.0
705283,上櫃,0.0,0.0,0.0
705284,上櫃,5.2,5.35,190.0
705285,上櫃,0.9,0.94,2126.0
705286,上櫃,1.02,1.03,468.0
705287,上櫃,0.0,0.0,0.0
705288,上櫃,1.7,1.7,8.0
705289,上櫃,2.05,2.12,132.0
705290,上櫃,0.0,0.0,0.0
705291,上櫃,0.67,0.71,489.0
705292,上櫃,2.47,2.57,179.0
705293,上櫃,17.3,17.3,10.0
705294,上櫃,0.0,0.0,0.0
705295,上櫃,0.0,0.0,0.0
705296,上櫃,2.33,2.33,167.0
705297,上櫃,2.07,2.36,145.0
705298,上櫃,2.14,2.28,106.0
705299,上櫃,0.0,0.0,0.0
705300,上櫃,4.11,4.11,9.0
705301,上櫃,0.78,0.78,32.0
705302,上櫃,0.0,0.0,0.0
705303,上櫃,1.36,1.36,3.0
705304,上櫃,2.49,2.75,31.0
705305,上櫃,1.18,1.18,10.0
705306,上櫃,1.32,1.26,1083.0
705307,上櫃,1.05,1.09,886.0
705308,上櫃,0.0,0.0,0.0
705309,上櫃,0.0,0.0,0.0
705310,上櫃,1.12,1.15,110.0
705311,上櫃,0.71,0.74,3032.0
705312,上櫃,0.72,0.75,1866.0
705313,上櫃,0.71,0.73,193.0
705314,上櫃,0.0,0.0,0.0
705315,上櫃,0.72,0.72,22.0
705316,上櫃,4.22,4.0,30.0
705317,上櫃,0.0,0.0,0.0
705318,上櫃,6.7,6.4,22.0
705319,上櫃,0.09,0.09,80.0
705320,上櫃,0.09,0.09,30.0
705321,上櫃,0.0,0.0,0.0
705322,上櫃,2.58,2.72,334.0
705323,上櫃,2.0,2.17,57.0
705324,上櫃,2.53,2.61,499.0
705325,上櫃,1.18,1.15,69.0
705326,上櫃,0.0,0.0,0.0
705327,上櫃,1.45,1.49,2372.0
705328,上櫃,1.54,1.56,410.0
705329,上櫃,1.78,1.9,166.0
705330,上櫃,1.53,1.55,669.0
705331,上櫃,0.9,0.93,1850.0
705332,上櫃,2.55,2.65,52.0
705333,上櫃,2.39,2.38,155.0
705334,上櫃,0.0,0.0,0.0
705335,上櫃,0.0,0.0,0.0
705336,上櫃,0.0,0.0,0.0
705337,上櫃,2.8,2.7,71.0
705338,上櫃,2.38,2.38,20.0
705339,上櫃,1.62,1.62,247.0
705340,上櫃,1.63,1.65,1866.0
705341,上櫃,1.62,1.64,1869.0
705342,上櫃,1.38,1.57,56.0
705343,上櫃,7.15,7.15,1.0
705344,上櫃,0.82,0.88,1654.0
705345,上櫃,1.59,1.67,2957.0
705346,上櫃,0.84,0.92,582.0
705347,上櫃,1.12,1.19,778.0
705348,上櫃,1.2,1.3,1172.0
705349,上櫃,0.94,0.96,140.0
705350,上櫃,8.05,8.05,16.0
705351,上櫃,1.54,1.4,106.0
705352,上櫃,0.0,0.0,0.0
705353,上櫃,1.38,1.38,15.0
705354,上櫃,2.27,2.24,12.0
705355,上櫃,0.0,0.0,0.0
705356,上櫃,7.3,8.6,112.0
705357,上櫃,7.75,8.6,18.0
705358,上櫃,1.45,1.56,39.0
705359,上櫃,0.41,0.41,400.0
705360,上櫃,0.95,1.08,380.0
705361,上櫃,0.0,0.0,0.0
705362,上櫃,0.59,0.67,416.0
705363,上櫃,1.4,1.43,64.0
705364,上櫃,1.09,1.26,47.0
705365,上櫃,1.04,1.16,754.0
705366,上櫃,0.88,0.88,4.0
705367,上櫃,3.8,4.0,26.0
705368,上櫃,3.71,3.69,6.0
705369,上櫃,2.25,2.51,120.0
705370,上櫃,1.9,2.08,153.0
705371,上櫃,2.99,2.99,2.0
705372,上櫃,0.66,0.66,70.0
705373,上櫃,0.62,0.55,165.0
705374,上櫃,0.51,0.52,1139.0
705375,上櫃,2.08,2.23,849.0
705376,上櫃,0.56,0.55,601.0
705377,上櫃,0.92,0.9,463.0
705378,上櫃,0.86,0.93,844.0
705379,上櫃,1.22,1.17,165.0
705380,上櫃,0.0,0.0,0.0
705381,上櫃,0.95,1.0,94.0
705382,上櫃,0.0,0.0,0.0
705383,上櫃,1.2,1.2,1124.0
705384,上櫃,1.57,1.55,111.0
705385,上櫃,0.9,1.18,12.0
705386,上櫃,0.63,0.63,11.0
705387,上櫃,0.59,0.59,61.0
705388,上櫃,0.47,0.47,7.0
705389,上櫃,0.0,0.0,0.0
705390,上櫃,0.0,0.0,0.0
705391,上櫃,0.0,0.0,0.0
705392,上櫃,0.0,0.0,0.0
705393,上櫃,0.98,0.96,361.0
705394,上櫃,0.57,0.61,95.0
705395,上櫃,0.65,0.63,118.0
705396,上櫃,0.0,0.0,0.0
705397,上櫃,1.18,1.14,247.0
705398,上櫃,2.2,2.55,391.0
705399,上櫃,1.72,1.85,249.0
705400,上櫃,2.41,2.71,113.0
705401,上櫃,1.64,1.84,1342.0
705402,上櫃,0.64,0.64,170.0
705403,上櫃,0.0,0.0,0.0
705404,上櫃,0.0,0.0,0.0
705405,上櫃,0.95,0.92,410.0
705406,上櫃,0.0,0.0,0.0
705407,上櫃,3.64,3.09,176.0
705408,上櫃,2.48,2.5,75.0
705409,上櫃,1.38,1.39,85.0
705410,上櫃,2.18,2.08,17.0
705411,上櫃,4.48,4.08,114.0
705412,上櫃,0.0,0.0,0.0
705413,上櫃,0.59,0.66,201.0
705414,上櫃,1.78,2.02,98.0
705415,上櫃,1.31,1.31,1.0
705416,上櫃,3.32,3.25,29.0
705417,上櫃,0.0,0.0,0.0
705418,上櫃,2.58,2.39,189.0
705419,上櫃,1.07,1.13,311.0
705420,上櫃,0.0,0.0,0.0
705421,上櫃,7.55,8.5,13.0
705422,上櫃,1.5,1.5,252.0
705423,上櫃,0.88,0.8,75.0
705424,上櫃,0.0,0.0,0.0
705425,上櫃,2.5,2.34,82.0
705426,上櫃,0.0,0.0,0.0
705427,上櫃,0.0,0.0,0.0
705428,上櫃,10.3,10.3,10.0
705429,上櫃,2.22,2.27,338.0
705430,上櫃,6.55,7.4,75.0
705431,上櫃,1.83,1.91,48.0
705432,上櫃,0.7,0.8,190.0
705433,上櫃,0.0,0.0,0.0
705434,上櫃,0.0,0.0,0.0
705435,上櫃,1.58,1.3,188.0
705436,上櫃,0.73,0.73,100.0
705437,上櫃,12.4,12.4,1.0
705438,上櫃,3.97,3.75,148.0
705439,上櫃,5.85,6.8,144.0
705440,上櫃,5.8,5.8,10.0
705441,上櫃,0.9,0.88,270.0
705442,上櫃,0.76,0.76,12.0
705443,上櫃,0.85,0.75,101.0
705444,上櫃,2.09,2.16,60.0
705445,上櫃,0.92,0.85,25.0
705446,上櫃,4.65,4.56,7.0
705447,上櫃,8.3,8.45,15.0
705448,上櫃,14.2,14.5,158.0
705449,上櫃,1.42,1.65,11.0
705450,上櫃,2.3,2.25,17.0
705451,上櫃,4.49,4.59,164.0
705452,上櫃,2.04,2.04,4.0
705453,上櫃,0.0,0.0,0.0
705454,上櫃,0.0,0.0,0.0
705455,上櫃,1.43,1.28,290.0
705456,上櫃,1.88,1.85,56.0
705457,上櫃,1.64,1.84,713.0
705458,上櫃,1.25,1.28,444.0
705459,上櫃,2.24,2.75,423.0
705460,上櫃,5.75,6.6,104.0
705461,上櫃,0.0,0.0,0.0
705462,上櫃,2.03,2.03,20.0
705463,上櫃,7.85,8.6,24.0
705464,上櫃,0.0,0.0,0.0
705465,上櫃,0.0,0.0,0.0
705466,上櫃,0.79,0.71,691.0
705467,上櫃,0.4,0.4,10.0
705468,上櫃,0.87,1.33,469.0
705469,上櫃,0.0,0.0,0.0
705470,上櫃,2.11,2.16,19.0
705471,上櫃,0.92,0.92,10.0
705472,上櫃,0.85,1.04,427.0
705473,上櫃,1.09,1.12,72.0
705474,上櫃,1.21,1.32,107.0
705475,上櫃,1.2,1.36,50.0
705476,上櫃,1.04,1.17,1073.0
705477,上櫃,0.48,0.48,10.0
705478,上櫃,0.83,0.83,125.0
705479,上櫃,0.81,0.83,584.0
705480,上櫃,0.74,0.82,860.0
705481,上櫃,0.0,0.0,0.0
705482,上櫃,0.74,0.96,1044.0
705483,上櫃,0.0,0.0,0.0
705484,上櫃,5.05,4.91,494.0
705485,上櫃,3.28,3.57,15.0
705486,上櫃,0.78,0.82,339.0
705487,上櫃,1.44,1.58,867.0
705488,上櫃,1.85,1.94,35.0
705489,上櫃,1.79,2.08,1474.0
705490,上櫃,1.05,1.05,28.0
705491,上櫃,0.58,0.53,375.0
705492,上櫃,6.0,5.35,143.0
705493,上櫃,0.0,0.0,0.0
705494,上櫃,0.84,0.75,342.0
705495,上櫃,3.83,4.0,2.0
705496,上櫃,0.52,0.51,110.0
705497,上櫃,1.77,1.77,48.0
705498,上櫃,1.0,1.37,283.0
705499,上櫃,2.93,3.34,52.0
705500,上櫃,1.33,1.42,174.0
705501,上櫃,1.0,1.0,20.0
705502,上櫃,7.55,7.55,14.0
705503,上櫃,1.18,1.29,68.0
705504,上櫃,1.35,1.45,152.0
705505,上櫃,2.85,3.21,725.0
705506,上櫃,4.91,5.05,242.0
705507,上櫃,2.7,2.98,16.0
705508,上櫃,4.22,4.39,208.0
705509,上櫃,0.0,0.0,0.0
705510,上櫃,0.81,0.81,17.0
705511,上櫃,2.31,2.25,19.0
705512,上櫃,1.84,1.93,112.0
705513,上櫃,1.62,1.71,94.0
705514,上櫃,1.76,1.9,25.0
705515,上櫃,4.45,4.95,28.0
705516,上櫃,3.17,3.6,697.0
705517,上櫃,0.0,0.0,0.0
705518,上櫃,3.5,3.87,501.0
705519,上櫃,0.0,0.0,0.0
705520,上櫃,2.58,2.34,53.0
705521,上櫃,1.44,1.37,631.0
705522,上櫃,0.47,0.47,1.0
705523,上櫃,17.5,17.5,2.0
705524,上櫃,2.27,2.56,217.0
705525,上櫃,1.59,1.52,213.0
705526,上櫃,0.0,0.0,0.0
705527,上櫃,0.0,0.0,0.0
705528,上櫃,1.52,1.73,13.0
705529,上櫃,3.05,3.52,336.0
705530,上櫃,2.87,3.49,429.0
705531,上櫃,2.29,2.73,106.0
705532,上櫃,2.93,3.27,77.0
705533,上櫃,0.0,0.0,0.0
705534,上櫃,0.0,0.0,0.0
705535,上櫃,3.99,4.88,429.0
705536,上櫃,4.1,4.2,69.0
705537,上櫃,3.86,4.83,103.0
705538,上櫃,0.0,0.0,0.0
705539,上櫃,0.0,0.0,0.0
705540,上櫃,2.18,2.18,6.0
705541,上櫃,0.41,0.4,62.0
705542,上櫃,0.0,0.0,0.0
705543,上櫃,0.0,0.0,0.0
705544,上櫃,0.0,0.0,0.0
705545,上櫃,1.67,1.56,93.0
705546,上櫃,0.3,0.32,986.0
705547,上櫃,0.52,0.54,482.0
705548,上櫃,0.51,0.58,3617.0
705549,上櫃,3.22,3.9,37.0
705550,上櫃,2.94,3.0,26.0
705551,上櫃,2.3,3.04,2587.0
705552,上櫃,2.1,2.15,36.0
705553,上櫃,1.61,1.82,481.0
705554,上櫃,1.49,1.49,1.0
705555,上櫃,6.3,6.5,110.0
705556,上櫃,0.0,0.0,0.0
705557,上櫃,0.61,0.59,68.0
705558,上櫃,0.38,0.38,19.0
705559,上櫃,0.0,0.0,0.0
705560,上櫃,3.78,3.4,119.0
705561,上櫃,2.62,3.08,183.0
705562,上櫃,2.29,2.55,211.0
705563,上櫃,0.62,0.69,120.0
705564,上櫃,0.54,0.65,123.0
705565,上櫃,2.25,2.55,1701.0
705566,上櫃,0.0,0.0,0.0
705567,上櫃,0.0,0.0,0.0
705568,上櫃,0.0,0.0,0.0
705569,上櫃,0.0,0.0,0.0
705570,上櫃,1.49,1.35,59.0
705571,上櫃,8.45,8.45,1.0
705572,上櫃,7.9,8.5,97.0
705573,上櫃,0.0,0.0,0.0
705574,上櫃,4.24,3.98,108.0
705575,上櫃,1.24,1.25,98.0
705576,上櫃,2.08,1.83,91.0
705577,上櫃,1.24,1.24,12.0
705578,上櫃,2.46,2.46,10.0
705579,上櫃,2.8,2.8,5.0
705580,上櫃,4.49,4.51,6.0
705581,上櫃,1.98,1.91,159.0
705582,上櫃,0.0,0.0,0.0
705583,上櫃,0.0,0.0,0.0
705584,上櫃,7.4,7.65,70.0
705585,上櫃,2.98,3.3,9.0
705586,上櫃,7.25,7.25,15.0
705587,上櫃,0.6,0.61,124.0
705588,上櫃,0.65,0.65,1.0
705589,上櫃,1.5,2.03,167.0
705590,上櫃,0.0,0.0,0.0
705591,上櫃,1.3,1.14,752.0
705592,上櫃,0.0,0.0,0.0
705593,上櫃,5.55,5.55,222.0
705594,上櫃,5.15,5.2,286.0
705595,上櫃,4.72,3.34,3.0
705596,上櫃,1.81,1.76,1053.0
705597,上櫃,0.62,0.74,377.0
705598,上櫃,0.89,0.88,185.0
705599,上櫃,0.55,0.65,661.0
705600,上櫃,1.42,1.22,97.0
705601,上櫃,0.0,0.0,0.0
705602,上櫃,0.0,0.0,0.0
705603,上櫃,0.51,0.49,94.0
705604,上櫃,2.34,2.42,197.0
705605,上櫃,0.51,0.56,619.0
705606,上櫃,6.4,6.35,25.0
705607,上櫃,6.15,7.1,2.0
705608,上櫃,0.81,0.83,100.0
705609,上櫃,0.0,0.0,0.0
705610,上櫃,1.29,1.28,16.0
705611,上櫃,0.7,0.68,3.0
705612,上櫃,0.86,0.84,7.0
705613,上櫃,1.46,1.65,641.0
705614,上櫃,0.0,0.0,0.0
705615,上櫃,0.0,0.0,0.0
705616,上櫃,1.25,1.42,118.0
705617,上櫃,2.0,1.9,165.0
705618,上櫃,0.65,0.65,10.0
705619,上櫃,0.0,0.0,0.0
705620,上櫃,0.0,0.0,0.0
705621,上櫃,4.75,4.78,4.0
705622,上櫃,2.35,2.22,264.0
705623,上櫃,2.38,2.0,321.0
705624,上櫃,2.23,2.23,10.0
705625,上櫃,1.94,2.25,476.0
705626,上櫃,1.91,2.22,1633.0
705627,上櫃,1.92,2.21,125.0
705628,上櫃,1.25,1.47,386.0
705629,上櫃,1.38,1.59,157.0
705630,上櫃,3.6,3.6,8.0
705631,上櫃,0.44,0.45,33.0
705632,上櫃,0.0,0.0,0.0
705633,上櫃,3.36,3.23,133.0
705634,上櫃,0.0,0.0,0.0
705635,上櫃,1.44,1.41,278.0
705636,上櫃,1.17,1.3,1935.0
705637,上櫃,0.0,0.0,0.0
705638,上櫃,6.25,4.05,4.0
705639,上櫃,0.0,0.0,0.0
705640,上櫃,0.0,0.0,0.0
705641,上櫃,3.72,4.13,291.0
705642,上櫃,0.0,0.0,0.0
705643,上櫃,0.0,0.0,0.0
705644,上櫃,0.94,0.95,101.0
705645,上櫃,2.16,1.81,63.0
705646,上櫃,1.17,1.18,135.0
705647,上櫃,1.16,1.08,27.0
705648,上櫃,0.0,0.0,0.0
705649,上櫃,3.18,2.9,250.0
705650,上櫃,3.0,2.61,64.0
705651,上櫃,2.06,2.02,95.0
705652,上櫃,0.0,0.0,0.0
705653,上櫃,6.35,7.0,203.0
705654,上櫃,0.0,0.0,0.0
705655,上櫃,3.13,3.21,168.0
705656,上櫃,0.0,0.0,0.0
705657,上櫃,2.15,2.15,20.0
705658,上櫃,2.46,2.16,8.0
705659,上櫃,1.4,1.35,18.0
705660,上櫃,0.0,0.0,0.0
705661,上櫃,0.34,0.34,1.0
705662,上櫃,0.81,0.81,88.0
705663,上櫃,0.0,0.0,0.0
705664,上櫃,4.01,4.01,20.0
705665,上櫃,1.62,1.83,399.0
705666,上櫃,0.56,0.52,1951.0
705667,上櫃,0.0,0.0,0.0
705668,上櫃,1.3,1.52,26.0
705669,上櫃,0.0,0.0,0.0
705670,上櫃,0.0,0.0,0.0
705671,上櫃,1.28,1.23,354.0
705672,上櫃,1.18,0.98,99.0
705673,上櫃,0.54,0.61,234.0
705674,上櫃,0.87,0.99,668.0
705675,上櫃,0.74,0.87,209.0
705676,上櫃,0.0,0.0,0.0
705677,上櫃,1.01,1.07,770.0
705678,上櫃,2.48,3.01,262.0
705679,上櫃,2.31,2.82,110.0
705680,上櫃,0.73,0.73,15.0
705681,上櫃,2.74,2.56,202.0
705682,上櫃,3.72,3.63,123.0
705683,上櫃,0.6,0.6,9.0
705684,上櫃,0.0,0.0,0.0
705685,上櫃,0.56,0.55,156.0
705686,上櫃,0.76,0.76,5.0
705687,上櫃,0.0,0.0,0.0
705688,上櫃,0.0,0.0,0.0
705690,上櫃,0.55,0.55,20.0
705691,上櫃,0.0,0.0,0.0
705692,上櫃,0.7,0.82,53.0
705693,上櫃,1.55,1.69,26.0
705694,上櫃,0.0,0.0,0.0
705695,上櫃,3.13,3.61,177.0
705696,上櫃,1.19,1.19,5.0
705697,上櫃,1.14,1.14,5.0
705698,上櫃,1.99,1.99,4.0
705699,上櫃,1.62,1.62,55.0
705700,上櫃,1.26,1.26,9.0
705701,上櫃,0.0,0.0,0.0
705702,上櫃,1.11,1.11,2.0
705703,上櫃,0.0,0.0,0.0
705704,上櫃,0.0,0.0,0.0
705705,上櫃,0.0,0.0,0.0
705706,上櫃,2.43,2.5,49.0
705707,上櫃,0.61,0.61,414.0
705708,上櫃,0.0,0.0,0.0
705709,上櫃,3.36,3.36,1.0
705710,上櫃,1.12,1.06,69.0
705711,上櫃,1.42,1.35,101.0
705712,上櫃,0.0,0.0,0.0
705713,上櫃,0.0,0.0,0.0
705714,上櫃,0.0,0.0,0.0
705715,上櫃,0.0,0.0,0.0
705716,上櫃,0.0,0.0,0.0
705717,上櫃,0.0,0.0,0.0
705718,上櫃,0.0,0.0,0.0
705719,上櫃,2.0,1.89,28.0
705720,上櫃,4.58,4.77,146.0
705721,上櫃,1.67,1.6,58.0
705722,上櫃,0.0,0.0,0.0
705723,上櫃,0.0,0.0,0.0
705724,上櫃,0.58,0.51,32.0
705725,上櫃,1.86,2.2,544.0
705726,上櫃,1.18,1.3,1057.0
705727,上櫃,1.6,1.94,138.0
705728,上櫃,0.0,0.0,0.0
705729,上櫃,0.0,0.0,0.0
705730,上櫃,2.49,2.49,10.0
705731,上櫃,0.79,0.92,399.0
705732,上櫃,1.03,1.01,166.0
705733,上櫃,1.44,1.44,412.0
705734,上櫃,0.0,0.0,0.0
705735,上櫃,0.82,0.82,1.0
705736,上櫃,0.0,0.0,0.0
705737,上櫃,2.5,2.28,44.0
705738,上櫃,0.87,1.07,88.0
705739,上櫃,1.63,1.66,412.0
705740,上櫃,2.24,2.24,26.0
705741,上櫃,1.16,1.16,25.0
705742,上櫃,3.26,3.29,72.0
705743,上櫃,2.19,1.92,101.0
705744,上櫃,0.0,0.0,0.0
705745,上櫃,0.0,0.0,0.0
705746,上櫃,5.15,4.67,370.0
705747,上櫃,1.23,1.37,120.0
705748,上櫃,0.0,0.0,0.0
705749,上櫃,4.2,3.84,12.0
705750,上櫃,0.0,0.0,0.0
705751,上櫃,3.82,3.82,10.0
705752,上櫃,10.2,10.2,12.0
705753,上櫃,0.0,0.0,0.0
705754,上櫃,2.07,2.02,21.0
705755,上櫃,1.97,2.05,6.0
705756,上櫃,2.91,2.86,20.0
705757,上櫃,1.15,1.26,15.0
705758,上櫃,1.53,1.42,556.0
705759,上櫃,1.14,1.15,53.0
705760,上櫃,0.0,0.0,0.0
705761,上櫃,0.0,0.0,0.0
705762,上櫃,1.14,1.21,148.0
705763,上櫃,1.09,1.06,683.0
705764,上櫃,1.19,1.36,340.0
705765,上櫃,4.91,5.0,33.0
705766,上櫃,0.0,0.0,0.0
705767,上櫃,5.2,5.2,1.0
705768,上櫃,1.81,1.68,503.0
705769,上櫃,1.52,1.38,170.0
705770,上櫃,1.31,1.2,795.0
705771,上櫃,2.6,2.92,397.0
705772,上櫃,1.53,1.75,491.0
705773,上櫃,1.08,1.17,461.0
705774,上櫃,1.0,1.12,1134.0
705775,上櫃,2.68,2.79,74.0
705776,上櫃,0.0,0.0,0.0
705777,上櫃,7.15,7.15,1.0
705778,上櫃,2.2,2.19,42.0
705779,上櫃,0.5,0.5,10.0
705780,上櫃,1.86,2.28,158.0
705781,上櫃,1.93,2.16,20.0
705782,上櫃,1.46,1.44,6.0
705783,上櫃,1.1,1.13,591.0
705784,上櫃,1.03,1.2,1351.0
705785,上櫃,1.08,1.08,30.0
705786,上櫃,0.0,0.0,0.0
705787,上櫃,1.99,1.88,163.0
705788,上櫃,0.0,0.0,0.0
705789,上櫃,3.64,3.64,3.0
705790,上櫃,3.77,3.77,3.0
705791,上櫃,1.52,1.72,133.0
705792,上櫃,0.0,0.0,0.0
705793,上櫃,1.43,1.38,52.0
705794,上櫃,0.0,0.0,0.0
705795,上櫃,1.06,1.0,31.0
705796,上櫃,1.13,1.12,12.0
705797,上櫃,1.25,1.33,58.0
705798,上櫃,1.14,1.25,53.0
705799,上櫃,0.0,0.0,0.0
705800,上櫃,0.0,0.0,0.0
705801,上櫃,1.7,1.54,57.0
705802,上櫃,1.78,1.89,406.0
705803,上櫃,1.6,1.5,164.0
705804,上櫃,0.92,1.02,687.0
705805,上櫃,0.79,0.9,1227.0
705806,上櫃,1.16,1.23,320.0
705807,上櫃,0.9,0.91,119.0
705808,上櫃,0.0,0.0,0.0
705809,上櫃,1.1,1.22,107.0
705810,上櫃,0.0,0.0,0.0
705811,上櫃,0.65,0.65,3.0
705812,上櫃,3.2,3.26,9.0
705813,上櫃,0.53,0.53,50.0
705814,上櫃,0.97,0.97,5.0
705815,上櫃,1.17,1.14,110.0
705816,上櫃,0.0,0.0,0.0
705817,上櫃,0.0,0.0,0.0
705818,上櫃,0.87,0.87,147.0
705819,上櫃,1.78,1.78,124.0
705820,上櫃,1.88,1.72,53.0
705821,上櫃,4.08,4.57,11.0
705822,上櫃,0.0,0.0,0.0
705823,上櫃,2.37,2.37,3.0
705824,上櫃,0.6,0.6,3.0
705825,上櫃,2.84,2.91,61.0
705826,上櫃,4.41,4.41,34.0
705827,上櫃,0.84,0.83,740.0
705828,上櫃,0.0,0.0,0.0
705829,上櫃,1.92,1.96,426.0
705830,上櫃,0.0,0.0,0.0
705831,上櫃,0.0,0.0,0.0
705832,上櫃,1.78,1.75,50.0
705833,上櫃,0.0,0.0,0.0
705834,上櫃,0.0,0.0,0.0
705835,上櫃,5.35,5.35,3.0
705836,上櫃,0.0,0.0,0.0
705837,上櫃,3.7,3.69,21.0
705838,上櫃,2.96,2.96,21.0
705839,上櫃,3.08,2.85,1581.0
705840,上櫃,5.9,5.2,50.0
705841,上櫃,1.01,1.07,236.0
705842,上櫃,1.26,1.16,143.0
705843,上櫃,1.84,1.76,108.0
705844,上櫃,1.11,1.13,41.0
705845,上櫃,7.55,8.45,113.0
705846,上櫃,1.45,1.42,223.0
705847,上櫃,1.36,1.27,810.0
705848,上櫃,1.2,1.33,393.0
705849,上櫃,1.04,1.03,302.0
705850,上櫃,1.47,1.68,664.0
705851,上櫃,0.96,1.08,143.0
705852,上櫃,1.0,1.11,4496.0
705853,上櫃,1.02,1.04,737.0
705854,上櫃,0.0,0.0,0.0
705855,上櫃,1.86,1.84,214.0
705856,上櫃,1.47,1.4,203.0
705857,上櫃,1.12,1.1,63.0
705858,上櫃,0.52,0.51,255.0
705859,上櫃,2.85,2.88,365.0
705860,上櫃,0.63,0.63,10.0
705861,上櫃,0.45,0.43,152.0
705862,上櫃,1.28,1.33,619.0
705863,上櫃,0.99,1.04,128.0
705864,上櫃,0.87,0.96,3832.0
705865,上櫃,0.84,0.85,89.0
705866,上櫃,1.17,1.06,1140.0
705867,上櫃,0.0,0.0,0.0
705868,上櫃,5.15,5.15,10.0
705869,上櫃,7.05,7.1,90.0
705870,上櫃,4.13,4.32,53.0
705871,上櫃,3.7,4.17,526.0
705872,上櫃,4.93,5.5,19.0
705873,上櫃,6.85,6.85,2.0
705874,上櫃,2.72,2.73,25.0
705875,上櫃,1.32,1.29,8.0
705876,上櫃,0.0,0.0,0.0
705877,上櫃,2.55,2.93,395.0
705878,上櫃,0.0,0.0,0.0
705879,上櫃,0.79,0.79,825.0
705880,上櫃,0.64,0.57,172.0
705881,上櫃,1.77,2.02,1308.0
705882,上櫃,2.08,1.88,134.0
705883,上櫃,0.0,0.0,0.0
705884,上櫃,12.1,11.9,2.0
705885,上櫃,11.5,11.5,1.0
705886,上櫃,0.0,0.0,0.0
705887,上櫃,1.12,1.08,12.0
705888,上櫃,0.62,0.61,53.0
705889,上櫃,1.52,1.64,87.0
705890,上櫃,1.44,1.44,13.0
705891,上櫃,4.32,4.32,10.0
705892,上櫃,0.0,0.0,0.0
705893,上櫃,1.52,1.52,10.0
705894,上櫃,1.33,1.33,124.0
705895,上櫃,1.68,1.45,217.0
705896,上櫃,1.4,1.4,3.0
705897,上櫃,2.84,2.74,180.0
705898,上櫃,7.5,7.5,1.0
705899,上櫃,6.6,6.8,121.0
705900,上櫃,2.31,2.24,32.0
705901,上櫃,1.01,1.01,15.0
705902,上櫃,3.36,2.9,238.0
705903,上櫃,1.32,1.41,44.0
705904,上櫃,0.0,0.0,0.0
705905,上櫃,1.14,1.19,17.0
705906,上櫃,0.0,0.0,0.0
705907,上櫃,0.0,0.0,0.0
705908,上櫃,0.0,0.0,0.0
705909,上櫃,0.72,0.68,721.0
705910,上櫃,0.0,0.0,0.0
705911,上櫃,8.15,8.15,1.0
705912,上櫃,0.0,0.0,0.0
705913,上櫃,0.0,0.0,0.0
705914,上櫃,0.0,0.0,0.0
705915,上櫃,1.64,1.58,93.0
705916,上櫃,0.0,0.0,0.0
705917,上櫃,0.79,0.83,160.0
705918,上櫃,1.8,1.7,1127.0
705919,上櫃,0.0,0.0,0.0
705920,上櫃,1.89,1.72,125.0
705921,上櫃,1.86,2.06,221.0
705922,上櫃,2.39,2.56,371.0
705923,上櫃,2.93,2.92,8.0
705924,上櫃,0.0,0.0,0.0
705925,上櫃,0.35,0.35,1.0
705926,上櫃,0.0,0.0,0.0
705927,上櫃,0.58,0.58,10.0
705928,上櫃,1.27,1.27,5.0
705929,上櫃,0.97,0.97,2.0
705930,上櫃,0.94,0.87,287.0
705931,上櫃,1.68,1.75,7.0
705932,上櫃,9.0,9.0,1.0
705933,上櫃,3.9,3.86,64.0
705934,上櫃,0.88,0.91,102.0
705935,上櫃,0.61,0.63,156.0
705936,上櫃,2.62,2.64,21.0
705937,上櫃,0.79,0.79,10.0
705938,上櫃,0.0,0.0,0.0
705939,上櫃,0.0,0.0,0.0
705940,上櫃,0.0,0.0,0.0
705941,上櫃,0.0,0.0,0.0
705942,上櫃,3.42,3.09,209.0
705943,上櫃,2.44,2.34,233.0
705944,上櫃,0.61,0.6,28.0
705945,上櫃,0.67,0.67,120.0
705946,上櫃,0.73,0.82,304.0
705947,上櫃,0.86,0.89,52.0
705948,上櫃,0.69,0.69,339.0
705949,上櫃,0.77,0.74,135.0
705950,上櫃,0.9,0.88,89.0
705951,上櫃,0.63,0.63,348.0
705952,上櫃,1.07,1.06,86.0
705953,上櫃,0.72,0.72,21.0
705954,上櫃,0.65,0.65,206.0
705955,上櫃,1.02,0.92,415.0
705956,上櫃,1.0,0.96,30.0
705957,上櫃,1.04,1.04,26.0
705958,上櫃,1.47,1.4,155.0
705959,上櫃,0.51,0.51,700.0
705960,上櫃,0.0,0.0,0.0
705961,上櫃,0.0,0.0,0.0
705962,上櫃,3.75,3.96,132.0
705963,上櫃,0.0,0.0,0.0
705964,上櫃,0.0,0.0,0.0
705965,上櫃,0.54,0.48,496.0
705966,上櫃,0.56,0.56,9.0
705967,上櫃,0.71,0.66,452.0
705968,上櫃,0.47,0.47,264.0
705969,上櫃,0.59,0.58,994.0
705970,上櫃,3.41,3.29,500.0
705971,上櫃,3.52,4.02,57.0
705972,上櫃,0.0,0.0,0.0
705973,上櫃,1.25,1.13,123.0
705974,上櫃,1.57,1.57,1.0
705975,上櫃,1.84,1.83,87.0
705976,上櫃,0.0,0.0,0.0
705977,上櫃,0.0,0.0,0.0
705978,上櫃,0.0,0.0,0.0
705979,上櫃,0.0,0.0,0.0
705980,上櫃,0.0,0.0,0.0
705981,上櫃,4.97,4.97,4.0
705982,上櫃,4.68,5.0,106.0
705983,上櫃,4.7,4.44,36.0
705984,上櫃,5.5,5.5,5.0
705985,上櫃,0.0,0.0,0.0
705986,上櫃,2.02,2.19,437.0
705987,上櫃,1.67,1.66,89.0
705988,上櫃,7.6,7.8,36.0
705989,上櫃,0.0,0.0,0.0
705990,上櫃,2.62,2.6,55.0
705991,上櫃,0.0,0.0,0.0
705992,上櫃,0.0,0.0,0.0
705993,上櫃,1.32,1.32,2.0
705994,上櫃,0.83,1.03,788.0
705995,上櫃,0.85,1.01,177.0
705996,上櫃,0.0,0.0,0.0
705997,上櫃,8.05,8.4,2.0
705998,上櫃,4.32,4.49,25.0
705999,上櫃,0.0,0.0,0.0
706000,上櫃,0.0,0.0,0.0
706001,上櫃,0.0,0.0,0.0
706002,上櫃,1.01,1.14,507.0
706003,上櫃,1.21,1.11,899.0
706004,上櫃,0.57,0.61,63.0
706005,上櫃,1.36,2.08,161.0
706006,上櫃,1.99,1.88,28.0
706007,上櫃,3.41,3.41,10.0
706008,上櫃,7.65,7.65,24.0
706009,上櫃,0.0,0.0,0.0
706010,上櫃,0.0,0.0,0.0
706011,上櫃,5.8,6.75,41.0
706012,上櫃,2.85,2.85,5.0
706013,上櫃,0.0,0.0,0.0
706014,上櫃,0.0,0.0,0.0
706015,上櫃,0.7,0.73,73.0
706016,上櫃,0.0,0.0,0.0
706017,上櫃,0.98,0.86,47.0
706018,上櫃,4.74,4.95,7.0
706019,上櫃,34.4,34.4,1.0
706020,上櫃,3.22,3.43,14.0
706021,上櫃,2.15,2.26,135.0
706022,上櫃,4.67,4.77,22.0
706023,上櫃,0.0,0.0,0.0
706024,上櫃,0.0,0.0,0.0
706025,上櫃,0.0,0.0,0.0
706026,上櫃,1.64,1.65,7.0
706027,上櫃,0.64,0.64,3.0
706028,上櫃,0.6,0.57,143.0
706029,上櫃,0.0,0.0,0.0
706030,上櫃,2.51,2.19,50.0
706031,上櫃,2.24,2.03,485.0
706032,上櫃,1.24,1.1,127.0
706033,上櫃,0.92,0.9,431.0
706034,上櫃,0.9,0.95,1147.0
706035,上櫃,1.88,1.95,130.0
706036,上櫃,0.69,0.69,105.0
706037,上櫃,0.61,0.61,220.0
706038,上櫃,0.87,0.75,775.0
706039,上櫃,1.12,1.36,238.0
706040,上櫃,0.0,0.0,0.0
706041,上櫃,0.0,0.0,0.0
706042,上櫃,7.2,7.2,3.0
706043,上櫃,0.0,0.0,0.0
706044,上櫃,1.18,1.17,604.0
706045,上櫃,0.0,0.0,0.0
706046,上櫃,1.36,1.51,2274.0
706047,上櫃,0.0,0.0,0.0
706048,上櫃,0.99,1.1,217.0
706049,上櫃,0.0,0.0,0.0
706050,上櫃,1.26,1.66,135.0
706051,上櫃,0.0,0.0,0.0
706052,上櫃,0.0,0.0,0.0
706053,上櫃,1.91,1.92,161.0
706054,上櫃,1.83,1.81,51.0
706055,上櫃,1.26,1.26,101.0
706056,上櫃,0.0,0.0,0.0
706057,上櫃,0.0,0.0,0.0
706058,上櫃,0.0,0.0,0.0
706059,上櫃,0.0,0.0,0.0
706060,上櫃,5.15,5.4,13.0
706061,上櫃,2.8,2.76,12.0
706062,上櫃,1.18,1.31,408.0
706063,上櫃,0.87,0.89,1098.0
706064,上櫃,0.0,0.0,0.0
706065,上櫃,4.03,4.05,101.0
706066,上櫃,0.0,0.0,0.0
706067,上櫃,0.0,0.0,0.0
706068,上櫃,1.99,1.95,14.0
706069,上櫃,0.86,0.99,243.0
706070,上櫃,0.97,1.05,556.0
706071,上櫃,0.94,1.03,1020.0
706072,上櫃,5.45,5.95,72.0
706073,上櫃,1.72,1.72,45.0
706074,上櫃,1.88,1.88,5.0
706075,上櫃,0.0,0.0,0.0
706076,上櫃,0.0,0.0,0.0
706077,上櫃,2.23,2.11,15.0
706078,上櫃,0.49,0.52,240.0
706079,上櫃,4.47,4.94,91.0
706080,上櫃,0.43,0.52,589.0
706081,上櫃,0.0,0.0,0.0
706082,上櫃,1.55,1.51,20.0
706083,上櫃,3.7,3.7,10.0
706084,上櫃,3.69,3.5,19.0
706085,上櫃,3.15,3.36,229.0
706086,上櫃,2.85,2.92,39.0
706087,上櫃,2.5,2.56,334.0
706088,上櫃,3.55,3.72,79.0
706089,上櫃,0.0,0.0,0.0
706090,上櫃,1.84,1.89,150.0
706091,上櫃,0.79,0.92,178.0
706092,上櫃,1.8,1.71,12.0
706093,上櫃,0.0,0.0,0.0
706094,上櫃,2.55,2.53,50.0
706095,上櫃,1.08,1.08,11.0
706096,上櫃,0.0,0.0,0.0
706097,上櫃,0.0,0.0,0.0
706098,上櫃,0.9,0.86,448.0
706099,上櫃,1.57,1.63,642.0
706100,上櫃,1.73,1.78,263.0
706101,上櫃,0.0,0.0,0.0
706102,上櫃,1.24,1.13,323.0
706103,上櫃,1.34,1.34,293.0
706104,上櫃,2.03,2.03,3.0
706105,上櫃,0.99,1.11,294.0
706106,上櫃,1.18,1.3,31.0
706107,上櫃,1.62,1.55,471.0
706108,上櫃,0.86,0.86,61.0
706109,上櫃,0.0,0.0,0.0
706110,上櫃,0.87,0.8,83.0
706111,上櫃,2.41,2.76,140.0
706112,上櫃,1.7,1.97,216.0
706113,上櫃,0.0,0.0,0.0
706114,上櫃,0.66,0.82,393.0
706115,上櫃,0.81,0.9,96.0
706116,上櫃,1.05,1.05,5.0
706117,上櫃,1.62,1.62,18.0
706118,上櫃,2.21,2.26,5.0
706119,上櫃,0.93,0.94,127.0
706120,上櫃,2.27,2.05,25.0
706121,上櫃,1.17,1.13,770.0
706122,上櫃,3.99,3.89,15.0
706123,上櫃,3.46,2.98,440.0
706124,上櫃,1.3,1.29,248.0
706125,上櫃,0.0,0.0,0.0
706126,上櫃,0.49,0.49,169.0
706127,上櫃,0.0,0.0,0.0
706128,上櫃,0.59,0.59,52.0
706129,上櫃,1.02,0.98,262.0
706130,上櫃,0.0,0.0,0.0
706131,上櫃,0.0,0.0,0.0
706132,上櫃,0.0,0.0,0.0
706133,上櫃,0.88,0.84,437.0
706134,上櫃,0.92,0.87,1227.0
706135,上櫃,0.55,0.54,538.0
706136,上櫃,0.67,0.67,131.0
706137,上櫃,0.59,0.59,689.0
706138,上櫃,0.57,0.57,68.0
706139,上櫃,0.0,0.0,0.0
706140,上櫃,1.35,1.35,1.0
706141,上櫃,0.77,1.0,58.0
706142,上櫃,0.56,0.62,3237.0
706143,上櫃,0.91,0.96,276.0
706144,上櫃,1.0,1.11,208.0
706145,上櫃,1.0,1.0,35.0
706146,上櫃,1.07,1.03,50.0
706147,上櫃,0.0,0.0,0.0
706148,上櫃,1.61,1.59,814.0
706149,上櫃,2.48,2.37,114.0
706150,上櫃,3.59,3.76,14.0
706151,上櫃,2.63,2.48,47.0
706152,上櫃,6.45,7.0,4.0
706153,上櫃,1.79,1.79,11.0
706154,上櫃,0.53,0.57,52.0
706155,上櫃,1.25,1.25,10.0
706156,上櫃,3.37,3.37,1.0
706157,上櫃,0.0,0.0,0.0
706158,上櫃,1.54,1.43,147.0
706159,上櫃,0.0,0.0,0.0
706160,上櫃,1.58,1.53,309.0
706161,上櫃,2.8,2.78,225.0
706162,上櫃,2.8,3.19,211.0
706163,上櫃,3.53,3.26,12.0
706164,上櫃,2.49,2.22,90.0
706165,上櫃,1.19,0.97,192.0
706166,上櫃,0.0,0.0,0.0
706167,上櫃,2.42,2.93,90.0
706168,上櫃,0.0,0.0,0.0
706169,上櫃,3.54,3.42,2.0
706170,上櫃,1.89,1.98,103.0
706171,上櫃,2.89,3.03,1081.0
706172,上櫃,0.0,0.0,0.0
706173,上櫃,0.66,0.56,80.0
706174,上櫃,1.83,2.04,62.0
706175,上櫃,1.88,1.83,581.0
706176,上櫃,2.12,2.11,134.0
706177,上櫃,0.0,0.0,0.0
706178,上櫃,2.07,2.07,3.0
706179,上櫃,0.0,0.0,0.0
706180,上櫃,1.92,1.77,200.0
706181,上櫃,0.6,0.6,22.0
706182,上櫃,1.31,1.37,2710.0
706183,上櫃,0.0,0.0,0.0
706184,上櫃,1.2,1.19,70.0
706185,上櫃,2.24,2.27,198.0
706186,上櫃,1.01,1.18,285.0
706187,上櫃,1.67,1.63,322.0
706188,上櫃,2.01,1.95,164.0
706189,上櫃,0.0,0.0,0.0
706190,上櫃,0.0,0.0,0.0
706191,上櫃,0.0,0.0,0.0
706192,上櫃,3.0,3.14,570.0
706193,上櫃,3.26,3.45,527.0
706194,上櫃,2.76,2.88,531.0
706195,上櫃,1.34,1.3,282.0
706196,上櫃,0.86,0.74,760.0
706197,上櫃,1.32,1.16,288.0
706198,上櫃,0.63,0.54,2367.0
706199,上櫃,0.59,0.59,50.0
706200,上櫃,0.63,0.61,261.0
706201,上櫃,0.63,0.7,427.0
706202,上櫃,1.12,0.95,235.0
706203,上櫃,0.7,0.68,350.0
706204,上櫃,1.56,1.69,153.0
706205,上櫃,0.0,0.0,0.0
706206,上櫃,6.1,5.8,90.0
706207,上櫃,1.62,1.56,273.0
706208,上櫃,0.0,0.0,0.0
706209,上櫃,0.0,0.0,0.0
706210,上櫃,1.86,1.86,2.0
706211,上櫃,0.0,0.0,0.0
706212,上櫃,0.62,0.53,133.0
706213,上櫃,0.51,0.46,376.0
706214,上櫃,1.05,1.01,127.0
706215,上櫃,2.34,2.4,315.0
706216,上櫃,2.8,2.71,100.0
706217,上櫃,0.68,0.68,10.0
706218,上櫃,0.0,0.0,0.0
706219,上櫃,0.72,0.72,10.0
706220,上櫃,0.0,0.0,0.0
706221,上櫃,1.46,1.33,85.0
706222,上櫃,0.0,0.0,0.0
706223,上櫃,0.0,0.0,0.0
706224,上櫃,0.0,0.0,0.0
706225,上櫃,1.54,1.63,34.0
706226,上櫃,2.72,2.82,44.0
706227,上櫃,2.21,2.28,198.0
706228,上櫃,1.82,1.9,230.0
706229,上櫃,3.41,2.73,265.0
706230,上櫃,0.0,0.0,0.0
706231,上櫃,1.41,1.2,100.0
706232,上櫃,1.19,1.11,1084.0
706233,上櫃,1.44,1.65,12.0
706234,上櫃,0.82,0.88,820.0
706235,上櫃,2.0,2.0,9.0
706236,上櫃,1.75,1.75,20.0
706237,上櫃,1.58,1.58,20.0
706238,上櫃,1.77,1.5,26.0
706239,上櫃,2.0,2.18,527.0
706240,上櫃,1.19,1.28,587.0
706241,上櫃,1.43,1.68,610.0
706242,上櫃,0.0,0.0,0.0
706243,上櫃,1.48,1.46,44.0
706244,上櫃,1.56,1.56,2.0
706245,上櫃,1.59,1.59,40.0
706246,上櫃,6.5,6.85,20.0
706247,上櫃,2.14,2.22,7.0
706248,上櫃,0.0,0.0,0.0
706249,上櫃,1.86,1.86,10.0
706250,上櫃,4.86,5.2,194.0
706251,上櫃,3.9,3.9,10.0
706252,上櫃,5.4,5.9,94.0
706253,上櫃,3.72,4.11,399.0
706254,上櫃,0.0,0.0,0.0
706255,上櫃,1.8,1.6,79.0
706256,上櫃,1.64,1.93,207.0
706257,上櫃,3.01,3.25,76.0
706258,上櫃,2.45,2.78,63.0
706259,上櫃,1.15,1.15,17.0
706260,上櫃,0.0,0.0,0.0
706261,上櫃,0.64,0.68,260.0
706262,上櫃,0.0,0.0,0.0
706263,上櫃,0.0,0.0,0.0
706264,上櫃,9.45,9.45,4.0
706265,上櫃,1.76,1.9,216.0
706266,上櫃,3.86,3.86,9.0
706267,上櫃,1.84,1.83,32.0
706268,上櫃,0.92,0.91,23.0
706269,上櫃,1.62,1.62,20.0
706270,上櫃,0.0,0.0,0.0
706271,上櫃,1.64,1.65,47.0
706272,上櫃,1.07,1.07,32.0
706273,上櫃,9.1,9.1,9.0
706274,上櫃,1.64,1.64,76.0
706275,上櫃,3.81,4.36,272.0
706276,上櫃,2.08,1.84,204.0
706277,上櫃,2.74,3.23,673.0
706278,上櫃,3.11,3.09,290.0
706279,上櫃,0.0,0.0,0.0
706280,上櫃,0.0,0.0,0.0
706281,上櫃,1.5,1.56,51.0
706282,上櫃,0.68,0.69,271.0
706283,上櫃,0.8,0.82,160.0
706284,上櫃,0.49,0.51,15.0
706285,上櫃,3.4,3.89,121.0
706286,上櫃,0.0,0.0,0.0
706287,上櫃,0.75,0.89,230.0
706288,上櫃,1.81,1.85,202.0
706289,上櫃,2.7,2.67,28.0
706290,上櫃,0.0,0.0,0.0
706291,上櫃,2.7,2.67,38.0
706292,上櫃,1.42,1.45,64.0
706293,上櫃,1.83,1.74,113.0
706294,上櫃,3.4,3.82,44.0
706295,上櫃,0.0,0.0,0.0
706296,上櫃,3.13,3.24,300.0
706297,上櫃,2.46,2.87,156.0
706298,上櫃,1.51,1.41,25.0
706299,上櫃,1.64,1.68,146.0
706300,上櫃,1.95,1.96,36.0
706301,上櫃,1.38,1.32,12.0
706302,上櫃,1.75,1.77,255.0
706303,上櫃,0.96,1.07,56.0
706304,上櫃,1.6,1.7,122.0
706305,上櫃,0.0,0.0,0.0
706306,上櫃,2.04,2.04,1.0
706307,上櫃,7.9,8.25,68.0
706308,上櫃,2.72,3.19,282.0
706309,上櫃,2.16,2.23,78.0
706310,上櫃,1.75,1.68,408.0
706311,上櫃,0.66,0.64,278.0
706312,上櫃,0.51,0.59,1058.0
706313,上櫃,0.8,0.81,666.0
706314,上櫃,1.23,1.2,30.0
706315,上櫃,0.0,0.0,0.0
706316,上櫃,4.38,4.38,10.0
706317,上櫃,0.0,0.0,0.0
706318,上櫃,1.41,1.19,1048.0
706319,上櫃,2.98,2.59,20.0
706320,上櫃,1.15,1.22,205.0
706321,上櫃,1.83,1.76,365.0
706322,上櫃,3.46,3.83,30.0
706323,上櫃,2.97,2.97,1.0
706324,上櫃,2.75,2.21,113.0
706325,上櫃,2.4,2.71,454.0
706326,上櫃,1.26,1.41,33.0
706327,上櫃,0.0,0.0,0.0
706328,上櫃,4.27,4.48,80.0
706329,上櫃,0.0,0.0,0.0
706330,上櫃,2.67,2.67,10.0
706331,上櫃,2.49,2.78,20.0
706332,上櫃,1.86,2.06,170.0
706333,上櫃,0.0,0.0,0.0
706334,上櫃,1.81,1.75,363.0
706335,上櫃,0.0,0.0,0.0
706336,上櫃,0.72,0.77,65.0
706337,上櫃,0.57,0.68,902.0
706338,上櫃,0.56,0.66,634.0
706339,上櫃,0.65,0.66,389.0
706340,上櫃,0.95,0.93,232.0
706341,上櫃,0.63,0.62,312.0
706342,上櫃,1.33,1.5,435.0
706343,上櫃,0.0,0.0,0.0
706344,上櫃,0.54,0.54,212.0
706345,上櫃,0.84,0.79,487.0
706346,上櫃,0.0,0.0,0.0
706347,上櫃,1.0,0.74,587.0
706348,上櫃,1.4,1.4,9.0
706349,上櫃,1.59,1.78,56.0
706350,上櫃,0.74,0.74,169.0
706351,上櫃,3.77,3.77,100.0
706352,上櫃,0.0,0.0,0.0
706353,上櫃,0.97,0.96,50.0
706354,上櫃,1.24,1.38,132.0
706355,上櫃,1.26,1.38,174.0
706356,上櫃,0.0,0.0,0.0
706357,上櫃,0.0,0.0,0.0
706358,上櫃,0.0,0.0,0.0
706359,上櫃,2.84,2.84,14.0
706360,上櫃,2.91,2.91,10.0
706361,上櫃,0.0,0.0,0.0
706362,上櫃,3.2,3.35,30.0
706363,上櫃,1.62,1.71,529.0
706364,上櫃,1.44,1.47,728.0
706365,上櫃,1.53,1.58,802.0
706366,上櫃,1.34,1.31,485.0
706367,上櫃,1.08,1.2,236.0
706368,上櫃,1.61,1.61,10.0
706369,上櫃,0.0,0.0,0.0
706370,上櫃,4.05,4.02,79.0
706371,上櫃,1.68,1.69,97.0
706372,上櫃,0.0,0.0,0.0
706374,上櫃,0.0,0.0,0.0
706375,上櫃,1.85,2.05,349.0
706376,上櫃,1.5,1.51,30.0
706377,上櫃,0.0,0.0,0.0
706378,上櫃,0.0,0.0,0.0
706379,上櫃,1.51,1.43,79.0
706380,上櫃,1.36,1.38,886.0
706381,上櫃,0.0,0.0,0.0
706382,上櫃,1.84,1.97,200.0
706383,上櫃,2.05,1.97,27.0
706384,上櫃,2.75,3.2,18.0
706385,上櫃,1.9,2.2,39.0
706386,上櫃,0.0,0.0,0.0
706387,上櫃,0.77,0.78,14.0
706388,上櫃,1.19,1.19,20.0
706389,上櫃,0.92,0.99,406.0
706390,上櫃,1.99,1.76,80.0
706391,上櫃,2.4,2.79,51.0
706392,上櫃,0.61,0.61,106.0
706393,上櫃,0.0,0.0,0.0
706394,上櫃,1.59,1.57,16.0
706395,上櫃,0.0,0.0,0.0
706396,上櫃,2.05,1.81,97.0
706397,上櫃,0.0,0.0,0.0
706398,上櫃,1.1,1.22,86.0
706400,上櫃,1.61,1.64,125.0
706401,上櫃,6.15,6.15,1.0
706402,上櫃,0.85,0.8,55.0
706403,上櫃,0.7,0.74,464.0
706404,上櫃,0.9,0.9,374.0
706405,上櫃,0.88,0.84,263.0
706406,上櫃,1.97,1.96,156.0
706407,上櫃,2.0,2.03,275.0
706408,上櫃,1.01,0.99,334.0
706409,上櫃,2.2,2.2,34.0
706410,上櫃,0.64,0.64,327.0
706411,上櫃,1.11,1.11,20.0
706412,上櫃,3.82,3.99,23.0
706413,上櫃,2.49,2.24,37.0
706414,上櫃,0.0,0.0,0.0
706415,上櫃,8.45,8.45,6.0
706416,上櫃,0.0,0.0,0.0
706417,上櫃,0.0,0.0,0.0
706418,上櫃,1.7,1.7,294.0
706419,上櫃,0.0,0.0,0.0
706420,上櫃,0.79,0.89,812.0
706421,上櫃,0.77,0.86,861.0
706422,上櫃,1.2,1.35,535.0
706423,上櫃,0.0,0.0,0.0
706424,上櫃,0.72,0.79,1223.0
706425,上櫃,0.59,0.7,609.0
706426,上櫃,2.83,2.89,98.0
706427,上櫃,3.54,3.57,127.0
706428,上櫃,1.43,1.28,44.0
706429,上櫃,1.43,1.52,82.0
706430,上櫃,1.95,2.1,15.0
706431,上櫃,0.0,0.0,0.0
706432,上櫃,0.81,0.79,25.0
706433,上櫃,1.76,1.93,43.0
706434,上櫃,1.81,1.89,382.0
706435,上櫃,0.0,0.0,0.0
706436,上櫃,1.15,1.34,98.0
706437,上櫃,0.6,0.69,433.0
706438,上櫃,0.8,0.8,161.0
706439,上櫃,0.92,0.92,145.0
706440,上櫃,0.0,0.0,0.0
706441,上櫃,3.2,3.33,130.0
706442,上櫃,0.0,0.0,0.0
706443,上櫃,0.0,0.0,0.0
706444,上櫃,1.67,1.68,2.0
706445,上櫃,1.64,1.87,76.0
706446,上櫃,1.78,1.67,215.0
706447,上櫃,1.66,1.92,121.0
706448,上櫃,1.76,2.17,661.0
706449,上櫃,1.09,1.09,5.0
706450,上櫃,0.58,0.67,368.0
706451,上櫃,0.45,0.49,72.0
706452,上櫃,0.46,0.46,71.0
706453,上櫃,2.08,2.1,62.0
706454,上櫃,0.8,0.93,183.0
706455,上櫃,0.74,0.79,1030.0
706456,上櫃,3.8,3.8,1.0
706457,上櫃,0.51,0.58,114.0
706459,上櫃,0.85,0.83,73.0
706460,上櫃,0.0,0.0,0.0
706461,上櫃,1.1,1.07,9.0
706462,上櫃,1.16,1.34,140.0
706463,上櫃,1.68,1.52,63.0
706464,上櫃,0.0,0.0,0.0
706465,上櫃,3.71,3.94,278.0
706466,上櫃,1.98,2.16,86.0
706467,上櫃,1.69,2.35,289.0
706468,上櫃,1.65,1.93,695.0
706469,上櫃,9.5,9.85,11.0
706470,上櫃,10.5,11.3,58.0
706471,上櫃,1.76,1.76,10.0
706472,上櫃,1.85,2.03,92.0
706473,上櫃,7.75,8.7,19.0
706474,上櫃,2.29,2.12,14.0
706475,上櫃,0.0,0.0,0.0
706476,上櫃,2.02,2.05,242.0
706477,上櫃,2.57,2.74,1477.0
706478,上櫃,0.0,0.0,0.0
706479,上櫃,3.43,3.7,38.0
706480,上櫃,2.22,2.01,32.0
706481,上櫃,7.55,7.85,60.0
706482,上櫃,1.57,1.64,24.0
706483,上櫃,2.12,2.19,20.0
706484,上櫃,2.03,2.12,69.0
706485,上櫃,0.0,0.0,0.0
706486,上櫃,1.59,1.9,681.0
706487,上櫃,6.15,6.15,5.0
706488,上櫃,1.62,1.72,64.0
706489,上櫃,1.38,1.44,3.0
706490,上櫃,4.09,4.55,38.0
706491,上櫃,0.0,0.0,0.0
706492,上櫃,0.99,1.0,27.0
706493,上櫃,1.83,2.3,141.0
706494,上櫃,0.0,0.0,0.0
706495,上櫃,0.0,0.0,0.0
706496,上櫃,2.25,2.26,231.0
706497,上櫃,0.91,0.9,60.0
706498,上櫃,0.0,0.0,0.0
706499,上櫃,0.0,0.0,0.0
706500,上櫃,1.66,1.66,9.0
706501,上櫃,2.0,2.09,59.0
706502,上櫃,1.29,1.32,5979.0
706503,上櫃,0.81,0.75,139.0
706504,上櫃,0.0,0.0,0.0
706505,上櫃,0.0,0.0,0.0
706506,上櫃,0.76,0.85,776.0
706507,上櫃,0.68,0.76,1632.0
706508,上櫃,0.63,0.7,2722.0
706509,上櫃,0.94,0.89,216.0
706510,上櫃,1.77,1.68,182.0
706511,上櫃,1.25,1.27,8.0
706512,上櫃,1.58,1.74,159.0
706513,上櫃,1.75,1.83,16.0
706514,上櫃,1.18,1.18,241.0
706515,上櫃,1.35,1.25,201.0
706516,上櫃,1.57,1.43,188.0
706517,上櫃,1.91,2.01,384.0
706518,上櫃,0.0,0.0,0.0
706519,上櫃,1.74,2.1,345.0
706520,上櫃,0.98,1.16,2533.0
706521,上櫃,0.5,0.62,946.0
706522,上櫃,2.32,2.54,118.0
706523,上櫃,1.08,1.25,172.0
706524,上櫃,0.41,0.41,1.0
706525,上櫃,5.6,5.8,121.0
706526,上櫃,1.13,1.09,32.0
706527,上櫃,1.32,1.4,23.0
706528,上櫃,1.68,1.69,26.0
706529,上櫃,1.04,1.04,18.0
706530,上櫃,1.64,1.64,34.0
706531,上櫃,1.73,1.68,11.0
706532,上櫃,0.0,0.0,0.0
706533,上櫃,0.82,0.91,18.0
706534,上櫃,0.0,0.0,0.0
706535,上櫃,3.44,4.22,180.0
706536,上櫃,1.83,1.89,15.0
706537,上櫃,1.5,1.46,68.0
706538,上櫃,1.38,1.38,30.0
706539,上櫃,0.0,0.0,0.0
706540,上櫃,1.7,1.67,43.0
706541,上櫃,0.0,0.0,0.0
706542,上櫃,1.83,2.02,53.0
706543,上櫃,1.49,1.45,57.0
706544,上櫃,1.63,1.82,727.0
706545,上櫃,4.23,4.68,13.0
706546,上櫃,0.0,0.0,0.0
706547,上櫃,1.63,1.42,951.0
706548,上櫃,0.0,0.0,0.0
706549,上櫃,1.57,1.59,264.0
706550,上櫃,0.0,0.0,0.0
706551,上櫃,0.6,0.6,48.0
706552,上櫃,3.33,3.49,15.0
706553,上櫃,3.74,3.74,10.0
706554,上櫃,1.02,1.02,15.0
706555,上櫃,0.39,0.38,84.0
706556,上櫃,1.28,1.28,45.0
706557,上櫃,1.0,0.82,153.0
706558,上櫃,0.66,0.66,15.0
706559,上櫃,0.0,0.0,0.0
706560,上櫃,0.0,0.0,0.0
706561,上櫃,3.45,3.45,78.0
706562,上櫃,0.0,0.0,0.0
706563,上櫃,1.49,1.62,90.0
706564,上櫃,0.64,0.64,1425.0
706565,上櫃,1.51,1.58,126.0
706566,上櫃,1.26,1.22,158.0
706567,上櫃,1.0,0.91,2770.0
706568,上櫃,1.47,1.5,40.0
706569,上櫃,1.41,1.57,176.0
706570,上櫃,0.8,0.81,4.0
706571,上櫃,1.11,1.11,47.0
706572,上櫃,1.51,1.59,25.0
706573,上櫃,0.0,0.0,0.0
706574,上櫃,3.38,3.44,21.0
706575,上櫃,5.55,6.8,10.0
706576,上櫃,2.53,2.42,70.0
706577,上櫃,1.96,2.11,298.0
706578,上櫃,1.76,1.52,243.0
706579,上櫃,2.07,2.13,81.0
706580,上櫃,1.41,1.65,321.0
706581,上櫃,1.0,1.4,369.0
706582,上櫃,7.85,7.85,1.0
706583,上櫃,7.55,7.55,6.0
706584,上櫃,3.6,3.7,4.0
706585,上櫃,0.92,1.06,327.0
706586,上櫃,1.79,1.93,468.0
706587,上櫃,0.0,0.0,0.0
706588,上櫃,1.19,1.28,35.0
706589,上櫃,4.79,4.89,10.0
706590,上櫃,0.97,1.01,69.0
706591,上櫃,1.39,1.38,1706.0
706592,上櫃,1.79,1.72,316.0
706593,上櫃,1.54,1.33,284.0
706594,上櫃,0.84,0.73,844.0
706595,上櫃,1.91,2.16,28.0
706596,上櫃,1.52,1.66,231.0
706597,上櫃,1.64,1.67,182.0
706598,上櫃,0.0,0.0,0.0
706599,上櫃,4.07,4.07,137.0
706600,上櫃,0.0,0.0,0.0
706601,上櫃,0.96,1.01,6.0
706602,上櫃,2.09,2.29,13.0
706603,上櫃,2.25,2.35,95.0
706604,上櫃,1.61,1.97,31.0
706605,上櫃,0.0,0.0,0.0
706606,上櫃,1.98,1.98,35.0
706607,上櫃,4.63,4.63,4.0
706608,上櫃,2.72,2.72,7.0
706609,上櫃,1.96,1.96,29.0
706610,上櫃,2.26,2.23,322.0
706611,上櫃,1.05,1.16,187.0
706612,上櫃,1.76,1.78,201.0
706613,上櫃,0.0,0.0,0.0
706614,上櫃,2.68,2.72,14.0
706615,上櫃,1.53,1.53,16.0
706616,上櫃,0.0,0.0,0.0
706617,上櫃,1.57,1.72,98.0
706618,上櫃,1.01,1.01,10.0
706619,上櫃,0.0,0.0,0.0
706620,上櫃,1.07,1.08,399.0
706621,上櫃,1.27,1.49,86.0
706622,上櫃,1.15,1.17,44.0
706623,上櫃,2.09,2.13,46.0
706624,上櫃,1.63,1.6,118.0
706625,上櫃,2.55,2.84,33.0
706626,上櫃,1.01,1.03,235.0
706627,上櫃,1.61,1.61,10.0
706628,上櫃,0.0,0.0,0.0
706629,上櫃,0.0,0.0,0.0
706630,上櫃,2.79,3.1,81.0
706631,上櫃,3.09,3.2,68.0
706632,上櫃,2.05,2.17,37.0
706633,上櫃,2.24,2.19,64.0
706634,上櫃,2.36,2.3,37.0
706635,上櫃,2.62,2.86,83.0
706636,上櫃,2.11,1.94,124.0
706637,上櫃,2.87,3.03,75.0
706638,上櫃,2.02,1.98,1260.0
706639,上櫃,0.75,0.81,214.0
706640,上櫃,1.0,1.09,310.0
706641,上櫃,1.35,1.41,59.0
706642,上櫃,1.57,1.67,334.0
706643,上櫃,0.95,1.0,4.0
706644,上櫃,2.14,2.2,65.0
706645,上櫃,0.83,1.01,811.0
706646,上櫃,3.05,2.78,56.0
706647,上櫃,2.86,2.87,183.0
706648,上櫃,2.64,2.64,20.0
706649,上櫃,1.24,1.41,165.0
706650,上櫃,1.16,1.53,16.0
706651,上櫃,0.0,0.0,0.0
706652,上櫃,0.56,0.75,213.0
706653,上櫃,2.87,2.87,5.0
706654,上櫃,2.66,2.84,45.0
706655,上櫃,1.13,1.13,23.0
706656,上櫃,1.61,1.61,30.0
706657,上櫃,2.15,2.15,5.0
706658,上櫃,1.08,1.16,960.0
706659,上櫃,1.81,1.87,84.0
706660,上櫃,0.0,0.0,0.0
706661,上櫃,0.75,0.77,177.0
706662,上櫃,0.92,0.89,280.0
706663,上櫃,0.73,0.8,107.0
706664,上櫃,0.74,0.75,232.0
706665,上櫃,0.0,0.0,0.0
706666,上櫃,1.88,2.16,86.0
706667,上櫃,3.3,3.61,7.0
706668,上櫃,1.06,1.06,31.0
706669,上櫃,0.0,0.0,0.0
706670,上櫃,0.0,0.0,0.0
706671,上櫃,1.18,1.18,499.0
706672,上櫃,0.0,0.0,0.0
706673,上櫃,3.19,3.19,28.0
706675,上櫃,0.0,0.0,0.0
706676,上櫃,1.07,1.04,154.0
706677,上櫃,1.11,1.06,348.0
706678,上櫃,0.9,0.96,478.0
706679,上櫃,1.86,1.85,331.0
706680,上櫃,1.21,1.21,66.0
706681,上櫃,1.21,1.44,441.0
706682,上櫃,1.98,2.09,238.0
706683,上櫃,1.76,1.93,249.0
706684,上櫃,3.77,3.77,1.0
706685,上櫃,0.0,0.0,0.0
706686,上櫃,3.37,3.66,11.0
706687,上櫃,1.74,1.77,26.0
706688,上櫃,0.0,0.0,0.0
706689,上櫃,1.41,1.49,20.0
706690,上櫃,1.54,1.46,511.0
706691,上櫃,1.57,1.7,93.0
706692,上櫃,0.0,0.0,0.0
706693,上櫃,2.7,3.0,789.0
706694,上櫃,0.0,0.0,0.0
706695,上櫃,1.38,1.41,773.0
706696,上櫃,1.89,1.9,158.0
706697,上櫃,0.0,0.0,0.0
706698,上櫃,1.59,1.61,39.0
706699,上櫃,3.16,3.38,20.0
706700,上櫃,2.59,2.69,50.0
706701,上櫃,1.96,2.04,21.0
706702,上櫃,1.23,1.24,68.0
706703,上櫃,0.0,0.0,0.0
706704,上櫃,0.91,0.77,186.0
706705,上櫃,0.0,0.0,0.0
706706,上櫃,2.79,2.79,10.0
706707,上櫃,1.01,1.2,234.0
706708,上櫃,3.45,4.0,27.0
706709,上櫃,2.31,2.41,679.0
706710,上櫃,0.68,0.77,448.0
706711,上櫃,1.09,1.14,1440.0
706712,上櫃,0.82,0.83,1455.0
706713,上櫃,1.33,1.33,25.0
706714,上櫃,1.0,1.23,403.0
706715,上櫃,0.85,0.87,189.0
706716,上櫃,0.78,0.85,546.0
706717,上櫃,2.45,2.57,120.0
706718,上櫃,0.0,0.0,0.0
706719,上櫃,0.0,0.0,0.0
706720,上櫃,0.0,0.0,0.0
706721,上櫃,2.07,2.2,277.0
706722,上櫃,0.0,0.0,0.0
706723,上櫃,1.0,0.97,556.0
706724,上櫃,1.07,1.0,317.0
706725,上櫃,1.77,1.74,297.0
706726,上櫃,0.0,0.0,0.0
706727,上櫃,2.03,2.03,10.0
706728,上櫃,1.96,1.95,26.0
706729,上櫃,3.61,3.61,3.0
706730,上櫃,2.88,2.94,14.0
706731,上櫃,3.32,3.62,4.0
706732,上櫃,2.4,2.73,33.0
706733,上櫃,1.45,1.62,64.0
706734,上櫃,1.88,1.93,120.0
706735,上櫃,0.71,0.81,785.0
706736,上櫃,2.0,2.19,247.0
706737,上櫃,1.36,1.46,76.0
706738,上櫃,1.94,2.03,37.0
706739,上櫃,0.0,0.0,0.0
706740,上櫃,0.0,0.0,0.0
706741,上櫃,1.65,1.65,5.0
706742,上櫃,2.84,2.93,58.0
706743,上櫃,2.56,2.78,72.0
706744,上櫃,1.66,1.68,13.0
706745,上櫃,1.4,1.4,50.0
706746,上櫃,7.7,7.6,8.0
706747,上櫃,2.11,2.2,20.0
706748,上櫃,0.0,0.0,0.0
706749,上櫃,0.0,0.0,0.0
706750,上櫃,0.0,0.0,0.0
706751,上櫃,1.03,0.9,758.0
706752,上櫃,1.09,1.09,238.0
706753,上櫃,0.0,0.0,0.0
706754,上櫃,1.85,2.0,133.0
706755,上櫃,2.3,1.96,1336.0
706756,上櫃,2.06,1.76,707.0
706757,上櫃,0.0,0.0,0.0
706758,上櫃,1.11,1.14,62.0
706759,上櫃,0.0,0.0,0.0
706760,上櫃,1.64,1.55,106.0
706761,上櫃,0.0,0.0,0.0
706762,上櫃,2.08,1.99,78.0
706763,上櫃,5.1,5.6,32.0
706764,上櫃,5.3,5.9,13.0
706765,上櫃,0.0,0.0,0.0
706766,上櫃,1.47,1.59,377.0
706767,上櫃,1.14,1.24,185.0
706768,上櫃,1.15,1.03,439.0
706769,上櫃,1.11,1.11,5.0
706770,上櫃,4.71,3.89,140.0
706771,上櫃,2.24,1.85,307.0
706772,上櫃,0.0,0.0,0.0
706773,上櫃,0.49,0.5,439.0
706774,上櫃,1.52,1.43,220.0
706775,上櫃,1.96,1.97,149.0
706776,上櫃,1.9,1.99,113.0
706777,上櫃,2.09,1.99,454.0
706778,上櫃,5.0,6.2,4.0
706779,上櫃,1.6,1.69,364.0
706780,上櫃,0.82,0.87,1685.0
706781,上櫃,0.66,0.72,342.0
706782,上櫃,0.0,0.0,0.0
706783,上櫃,2.95,3.24,24.0
706784,上櫃,1.42,1.43,22.0
706785,上櫃,1.3,1.06,24.0
706786,上櫃,5.05,4.88,370.0
706787,上櫃,1.77,1.77,46.0
706788,上櫃,5.2,5.15,279.0
706789,上櫃,2.21,2.11,263.0
706790,上櫃,1.87,1.89,42.0
706791,上櫃,1.5,1.55,75.0
706792,上櫃,0.0,0.0,0.0
706793,上櫃,0.74,0.81,906.0
706794,上櫃,1.06,1.06,2.0
706795,上櫃,0.0,0.0,0.0
706796,上櫃,0.0,0.0,0.0
706797,上櫃,2.72,3.05,53.0
706798,上櫃,0.83,0.96,833.0
706799,上櫃,0.9,0.92,198.0
706800,上櫃,0.76,0.77,110.0
706801,上櫃,0.71,0.71,40.0
706802,上櫃,0.57,0.57,1.0
706803,上櫃,0.8,0.67,362.0
706804,上櫃,0.0,0.0,0.0
706805,上櫃,0.51,0.51,25.0
706806,上櫃,0.64,0.69,69.0
706807,上櫃,3.79,3.42,29.0
706808,上櫃,0.55,0.52,154.0
706809,上櫃,2.95,3.2,2.0
706810,上櫃,0.0,0.0,0.0
706811,上櫃,7.5,7.5,350.0
706812,上櫃,3.36,3.73,39.0
706813,上櫃,4.34,4.42,47.0
706814,上櫃,2.87,2.68,86.0
706815,上櫃,2.08,2.08,1.0
706816,上櫃,2.11,2.02,33.0
706817,上櫃,2.08,2.04,120.0
706818,上櫃,2.17,2.17,16.0
706819,上櫃,2.22,2.22,115.0
706820,上櫃,6.05,6.05,1.0
706821,上櫃,2.96,3.04,14.0
706822,上櫃,1.94,1.9,40.0
706823,上櫃,0.0,0.0,0.0
706824,上櫃,0.0,0.0,0.0
706825,上櫃,3.64,3.8,32.0
706826,上櫃,1.38,1.38,13.0
706827,上櫃,0.0,0.0,0.0
706828,上櫃,1.77,1.77,72.0
706829,上櫃,1.42,1.41,740.0
706830,上櫃,1.0,1.0,450.0
706831,上櫃,0.0,0.0,0.0
706832,上櫃,5.1,5.55,58.0
706833,上櫃,3.91,4.53,95.0
706834,上櫃,0.0,0.0,0.0
706835,上櫃,2.39,2.6,155.0
706836,上櫃,0.86,1.03,629.0
706837,上櫃,1.98,2.13,191.0
706838,上櫃,0.73,0.74,548.0
706839,上櫃,0.0,0.0,0.0
706840,上櫃,1.26,1.25,18.0
706841,上櫃,1.41,1.61,406.0
706842,上櫃,1.92,1.92,16.0
706843,上櫃,1.04,1.02,523.0
706844,上櫃,0.67,0.67,15.0
706845,上櫃,0.92,0.94,209.0
706846,上櫃,0.75,0.87,541.0
706847,上櫃,0.81,0.81,225.0
706848,上櫃,1.56,1.69,387.0
706849,上櫃,4.32,4.86,139.0
706850,上櫃,0.0,0.0,0.0
706851,上櫃,0.0,0.0,0.0
706852,上櫃,0.92,0.96,64.0
706853,上櫃,2.16,2.09,5.0
706854,上櫃,8.1,8.35,24.0
706855,上櫃,0.0,0.0,0.0
706856,上櫃,3.31,3.52,351.0
706857,上櫃,0.0,0.0,0.0
706858,上櫃,2.59,2.39,60.0
706859,上櫃,1.47,1.47,1.0
706860,上櫃,0.0,0.0,0.0
706861,上櫃,2.32,2.32,1.0
706862,上櫃,1.41,1.35,161.0
706863,上櫃,0.0,0.0,0.0
706864,上櫃,4.81,5.5,40.0
706865,上櫃,0.0,0.0,0.0
706866,上櫃,0.0,0.0,0.0
706867,上櫃,0.0,0.0,0.0
706868,上櫃,0.0,0.0,0.0
706869,上櫃,1.78,1.78,17.0
706870,上櫃,0.0,0.0,0.0
706871,上櫃,0.0,0.0,0.0
706872,上櫃,1.48,1.48,52.0
706873,上櫃,2.92,2.9,95.0
706874,上櫃,2.85,2.82,123.0
706875,上櫃,0.0,0.0,0.0
706876,上櫃,1.29,1.23,20.0
706877,上櫃,1.79,1.93,117.0
706878,上櫃,0.0,0.0,0.0
706879,上櫃,1.49,1.49,29.0
706880,上櫃,3.0,3.59,3.0
706881,上櫃,1.7,1.86,628.0
706882,上櫃,0.0,0.0,0.0
706883,上櫃,5.15,5.35,22.0
706884,上櫃,0.0,0.0,0.0
706885,上櫃,2.31,2.4,37.0
706886,上櫃,1.75,1.93,145.0
706887,上櫃,2.04,1.83,188.0
706888,上櫃,0.0,0.0,0.0
706889,上櫃,1.67,1.59,388.0
706890,上櫃,0.83,0.78,78.0
706891,上櫃,0.53,0.53,10.0
706892,上櫃,1.65,1.71,31.0
706893,上櫃,0.0,0.0,0.0
706894,上櫃,2.02,2.24,38.0
706895,上櫃,2.07,1.98,77.0
706896,上櫃,0.67,0.66,207.0
706897,上櫃,1.66,1.66,18.0
706898,上櫃,1.57,1.57,10.0
706899,上櫃,3.76,3.86,268.0
706900,上櫃,0.0,0.0,0.0
706901,上櫃,2.05,1.7,272.0
706902,上櫃,0.0,0.0,0.0
706903,上櫃,5.1,5.65,15.0
706904,上櫃,1.34,1.2,110.0
706905,上櫃,1.23,1.23,5.0
706906,上櫃,1.7,2.35,134.0
706907,上櫃,1.31,1.31,20.0
706908,上櫃,0.0,0.0,0.0
706909,上櫃,1.17,1.18,125.0
706910,上櫃,2.38,2.57,125.0
706911,上櫃,6.15,7.1,213.0
706912,上櫃,0.0,0.0,0.0
706913,上櫃,0.98,1.13,66.0
706914,上櫃,0.41,0.41,90.0
706915,上櫃,1.6,1.74,96.0
706916,上櫃,1.41,1.5,112.0
706917,上櫃,1.5,1.63,129.0
706918,上櫃,0.0,0.0,0.0
706919,上櫃,1.18,1.24,107.0
706920,上櫃,0.0,0.0,0.0
706921,上櫃,0.0,0.0,0.0
706922,上櫃,2.49,2.5,66.0
706923,上櫃,1.73,1.66,71.0
706924,上櫃,1.04,1.09,187.0
706925,上櫃,0.0,0.0,0.0
706926,上櫃,0.0,0.0,0.0
706927,上櫃,0.0,0.0,0.0
706928,上櫃,0.0,0.0,0.0
706929,上櫃,1.06,1.05,55.0
706930,上櫃,2.3,2.25,149.0
706931,上櫃,0.0,0.0,0.0
706932,上櫃,1.58,1.58,30.0
706933,上櫃,0.0,0.0,0.0
706934,上櫃,1.2,1.33,239.0
706935,上櫃,2.18,2.83,80.0
706936,上櫃,0.0,0.0,0.0
706937,上櫃,0.8,0.8,2.0
706938,上櫃,1.82,1.82,7.0
706939,上櫃,1.63,1.63,7.0
706940,上櫃,1.96,2.4,66.0
706941,上櫃,2.55,2.75,69.0
706942,上櫃,0.84,0.84,74.0
706943,上櫃,1.88,1.92,25.0
706944,上櫃,0.0,0.0,0.0
706945,上櫃,4.48,4.64,6.0
706946,上櫃,2.01,2.07,11.0
706947,上櫃,1.9,1.7,112.0
706948,上櫃,1.46,1.46,5.0
706949,上櫃,2.34,2.31,184.0
706950,上櫃,2.36,2.13,200.0
706951,上櫃,1.5,1.41,317.0
706952,上櫃,1.0,1.02,113.0
706953,上櫃,1.11,1.17,336.0
706954,上櫃,0.0,0.0,0.0
706955,上櫃,0.0,0.0,0.0
706956,上櫃,0.0,0.0,0.0
706957,上櫃,1.79,2.02,279.0
706958,上櫃,0.0,0.0,0.0
706959,上櫃,4.57,4.57,50.0
706960,上櫃,0.0,0.0,0.0
706961,上櫃,2.86,2.86,10.0
706962,上櫃,2.2,2.9,74.0
706963,上櫃,0.0,0.0,0.0
706964,上櫃,1.86,1.83,17.0
706965,上櫃,1.43,1.53,172.0
706966,上櫃,2.54,3.15,130.0
706967,上櫃,0.0,0.0,0.0
706968,上櫃,1.92,1.72,40.0
706969,上櫃,1.17,1.18,55.0
706970,上櫃,0.0,0.0,0.0
706971,上櫃,2.18,2.26,7.0
706972,上櫃,0.0,0.0,0.0
706973,上櫃,0.0,0.0,0.0
706974,上櫃,1.46,1.94,157.0
706975,上櫃,1.26,1.24,71.0
706976,上櫃,0.0,0.0,0.0
706977,上櫃,0.0,0.0,0.0
706978,上櫃,2.59,2.26,509.0
706979,上櫃,2.91,2.88,6.0
706980,上櫃,0.69,0.79,391.0
706981,上櫃,0.67,0.79,259.0
706982,上櫃,0.0,0.0,0.0
706983,上櫃,2.37,2.58,6.0
706984,上櫃,1.66,2.15,248.0
706985,上櫃,1.7,1.76,267.0
706986,上櫃,0.84,0.92,50.0
706987,上櫃,0.97,1.09,53.0
706988,上櫃,0.0,0.0,0.0
706989,上櫃,1.15,1.2,378.0
706990,上櫃,0.76,0.68,468.0
706991,上櫃,0.68,0.76,853.0
706992,上櫃,0.0,0.0,0.0
706993,上櫃,0.0,0.0,0.0
706994,上櫃,1.18,1.39,294.0
706995,上櫃,1.77,1.64,16.0
706996,上櫃,1.51,1.63,23.0
706997,上櫃,0.0,0.0,0.0
706998,上櫃,1.72,1.48,40.0
706999,上櫃,0.0,0.0,0.0
707000,上櫃,1.15,1.16,78.0
707001,上櫃,0.0,0.0,0.0
707002,上櫃,1.31,1.31,3.0
707003,上櫃,3.8,4.1,2.0
707004,上櫃,3.88,4.41,257.0
707005,上櫃,1.91,1.97,118.0
707006,上櫃,1.39,1.64,174.0
707007,上櫃,0.0,0.0,0.0
707008,上櫃,0.0,0.0,0.0
707009,上櫃,0.0,0.0,0.0
707010,上櫃,0.0,0.0,0.0
707011,上櫃,0.0,0.0,0.0
707012,上櫃,0.0,0.0,0.0
707013,上櫃,0.0,0.0,0.0
707014,上櫃,0.58,0.58,10.0
707015,上櫃,0.98,0.98,814.0
707016,上櫃,1.17,1.31,375.0
707017,上櫃,1.23,1.31,382.0
707018,上櫃,1.38,1.47,295.0
707019,上櫃,0.0,0.0,0.0
707020,上櫃,0.93,0.9,160.0
707021,上櫃,0.0,0.0,0.0
707022,上櫃,1.75,1.89,1400.0
707023,上櫃,1.79,2.15,54.0
707024,上櫃,2.75,2.52,43.0
707025,上櫃,1.9,2.12,304.0
707026,上櫃,0.0,0.0,0.0
707027,上櫃,5.25,5.7,123.0
707028,上櫃,1.58,1.32,71.0
707029,上櫃,1.61,1.61,20.0
707030,上櫃,1.73,1.73,1.0
707031,上櫃,0.0,0.0,0.0
707032,上櫃,0.0,0.0,0.0
707033,上櫃,2.39,2.49,32.0
707034,上櫃,0.0,0.0,0.0
707035,上櫃,2.0,2.0,1.0
707036,上櫃,2.16,2.16,7.0
707037,上櫃,0.0,0.0,0.0
707038,上櫃,2.61,2.71,20.0
707039,上櫃,0.0,0.0,0.0
707040,上櫃,1.06,1.23,788.0
707041,上櫃,1.82,2.35,70.0
707042,上櫃,0.0,0.0,0.0
707043,上櫃,1.59,1.44,24.0
707044,上櫃,0.66,0.66,10.0
707045,上櫃,0.69,0.69,1.0
707046,上櫃,0.74,1.2,299.0
707047,上櫃,1.22,1.23,255.0
707048,上櫃,0.7,0.77,645.0
707049,上櫃,0.0,0.0,0.0
707050,上櫃,1.0,0.9,322.0
707051,上櫃,1.45,1.32,363.0
707052,上櫃,0.7,0.7,10.0
707053,上櫃,0.0,0.0,0.0
707054,上櫃,1.91,1.93,184.0
707055,上櫃,0.0,0.0,0.0
707056,上櫃,2.65,2.65,11.0
707057,上櫃,0.92,0.92,78.0
707058,上櫃,1.98,1.96,63.0
707059,上櫃,0.0,0.0,0.0
707060,上櫃,0.0,0.0,0.0
707061,上櫃,0.86,0.83,415.0
707062,上櫃,0.0,0.0,0.0
707063,上櫃,3.2,3.9,102.0
707064,上櫃,3.03,3.36,135.0
707065,上櫃,4.2,4.53,458.0
707066,上櫃,1.16,1.2,503.0
707067,上櫃,1.52,1.63,38.0
707068,上櫃,0.0,0.0,0.0
707069,上櫃,1.33,1.49,816.0
707070,上櫃,1.59,1.56,132.0
707071,上櫃,0.94,0.94,28.0
707072,上櫃,0.9,0.9,1.0
707073,上櫃,0.65,0.61,343.0
707074,上櫃,1.28,1.28,5.0
707075,上櫃,0.8,0.78,118.0
707076,上櫃,0.73,0.75,346.0
707077,上櫃,0.94,0.88,500.0
707078,上櫃,0.77,0.78,40.0
707079,上櫃,0.68,0.68,20.0
707080,上櫃,0.82,0.82,15.0
707081,上櫃,0.81,0.82,12.0
707082,上櫃,0.0,0.0,0.0
707083,上櫃,1.4,1.48,96.0
707084,上櫃,1.78,1.78,24.0
707085,上櫃,1.18,1.18,48.0
707086,上櫃,0.9,0.83,51.0
707087,上櫃,0.0,0.0,0.0
707088,上櫃,0.78,0.76,42.0
707089,上櫃,0.72,0.84,487.0
707090,上櫃,0.74,0.74,7.0
707091,上櫃,1.22,1.23,22.0
707092,上櫃,2.21,2.51,94.0
707093,上櫃,0.0,0.0,0.0
707094,上櫃,1.34,1.42,149.0
707095,上櫃,0.0,0.0,0.0
707096,上櫃,1.19,1.18,60.0
707097,上櫃,1.0,1.0,75.0
707098,上櫃,0.88,1.11,101.0
707099,上櫃,0.0,0.0,0.0
707100,上櫃,0.0,0.0,0.0
707101,上櫃,2.44,2.44,15.0
707102,上櫃,0.0,0.0,0.0
707103,上櫃,1.43,1.56,507.0
707104,上櫃,2.44,2.31,62.0
707105,上櫃,0.0,0.0,0.0
707106,上櫃,0.0,0.0,0.0
707107,上櫃,0.0,0.0,0.0
707108,上櫃,2.47,2.63,68.0
707109,上櫃,1.57,1.57,10.0
707110,上櫃,0.0,0.0,0.0
707111,上櫃,2.78,2.75,20.0
707112,上櫃,2.4,2.79,114.0
707113,上櫃,2.01,2.11,36.0
707114,上櫃,3.19,3.72,21.0
707115,上櫃,0.0,0.0,0.0
707116,上櫃,0.0,0.0,0.0
707117,上櫃,2.42,2.42,1.0
707118,上櫃,0.0,0.0,0.0
707119,上櫃,0.0,0.0,0.0
707120,上櫃,0.0,0.0,0.0
707121,上櫃,0.0,0.0,0.0
707122,上櫃,2.65,2.24,135.0
707123,上櫃,1.04,1.09,1727.0
707124,上櫃,1.2,1.13,168.0
707125,上櫃,1.65,1.65,605.0
707126,上櫃,2.77,2.77,20.0
707127,上櫃,1.62,1.5,1185.0
707128,上櫃,2.12,2.14,151.0
707129,上櫃,0.0,0.0,0.0
707130,上櫃,1.62,1.62,10.0
707131,上櫃,1.04,1.22,1057.0
707132,上櫃,0.53,0.54,22.0
707133,上櫃,0.79,0.79,50.0
707134,上櫃,0.54,0.54,6.0
707135,上櫃,0.0,0.0,0.0
707136,上櫃,0.0,0.0,0.0
707137,上櫃,0.73,0.73,42.0
707138,上櫃,0.7,0.7,100.0
707139,上櫃,0.6,0.6,22.0
707140,上櫃,0.72,0.72,21.0
707141,上櫃,1.21,1.2,507.0
707142,上櫃,0.67,0.69,2004.0
707143,上櫃,0.0,0.0,0.0
707144,上櫃,0.81,0.88,686.0
707145,上櫃,2.96,3.66,376.0
707146,上櫃,0.0,0.0,0.0
707147,上櫃,1.46,1.66,198.0
707148,上櫃,2.2,2.2,10.0
707149,上櫃,1.37,1.42,164.0
707150,上櫃,2.24,2.29,20.0
707151,上櫃,1.04,1.01,11.0
707152,上櫃,1.61,1.48,99.0
707153,上櫃,2.93,2.96,17.0
707154,上櫃,4.35,4.35,10.0
707155,上櫃,2.49,2.49,26.0
707156,上櫃,1.08,1.03,847.0
707157,上櫃,0.0,0.0,0.0
707158,上櫃,1.76,1.91,25.0
707159,上櫃,1.36,1.69,39.0
707160,上櫃,3.26,3.33,20.0
707161,上櫃,2.41,2.65,76.0
707162,上櫃,1.72,1.81,11.0
707163,上櫃,0.0,0.0,0.0
707164,上櫃,1.45,1.36,146.0
707165,上櫃,0.0,0.0,0.0
707166,上櫃,0.0,0.0,0.0
707167,上櫃,1.81,1.87,43.0
707168,上櫃,2.32,2.32,2.0
707169,上櫃,2.47,2.78,183.0
707170,上櫃,0.0,0.0,0.0
707171,上櫃,0.0,0.0,0.0
707172,上櫃,0.0,0.0,0.0
707173,上櫃,1.72,1.84,734.0
707174,上櫃,1.79,1.87,271.0
707175,上櫃,1.78,1.79,150.0
707176,上櫃,2.89,2.86,161.0
707177,上櫃,1.74,2.16,11.0
707178,上櫃,0.0,0.0,0.0
707179,上櫃,1.57,1.58,187.0
707180,上櫃,3.39,3.73,839.0
707181,上櫃,3.45,3.94,173.0
707182,上櫃,0.0,0.0,0.0
707183,上櫃,1.7,1.74,107.0
707184,上櫃,0.0,0.0,0.0
707185,上櫃,0.0,0.0,0.0
707186,上櫃,0.0,0.0,0.0
707187,上櫃,3.35,3.56,14.0
707188,上櫃,1.27,1.26,190.0
707189,上櫃,1.68,1.61,400.0
707190,上櫃,1.93,1.97,19.0
707191,上櫃,0.0,0.0,0.0
707192,上櫃,1.84,1.86,69.0
707193,上櫃,2.7,2.85,179.0
707194,上櫃,0.0,0.0,0.0
707195,上櫃,0.0,0.0,0.0
707196,上櫃,0.81,0.81,19.0
707197,上櫃,0.72,0.73,477.0
707198,上櫃,0.84,0.87,32.0
707199,上櫃,0.67,0.67,22.0
707200,上櫃,0.69,0.72,89.0
707201,上櫃,0.0,0.0,0.0
707202,上櫃,0.0,0.0,0.0
707203,上櫃,0.95,0.99,180.0
707204,上櫃,0.86,0.88,1083.0
707205,上櫃,0.98,1.02,68.0
707206,上櫃,0.0,0.0,0.0
707207,上櫃,3.09,3.16,5.0
707208,上櫃,2.39,2.73,241.0
707209,上櫃,1.69,1.78,552.0
707210,上櫃,0.57,0.58,4782.0
707211,上櫃,1.41,1.53,304.0
707212,上櫃,1.67,1.74,170.0
707213,上櫃,1.72,1.68,163.0
707214,上櫃,2.29,2.29,18.0
707215,上櫃,1.59,1.68,649.0
707216,上櫃,1.0,1.07,543.0
707217,上櫃,1.16,1.26,253.0
707218,上櫃,1.51,1.52,158.0
707219,上櫃,1.84,1.77,108.0
707220,上櫃,1.6,1.75,292.0
707221,上櫃,1.72,1.95,270.0
707222,上櫃,1.47,1.48,97.0
707223,上櫃,1.52,1.47,147.0
707224,上櫃,2.6,2.8,304.0
707225,上櫃,3.49,3.81,58.0
707226,上櫃,5.85,5.2,45.0
707227,上櫃,1.52,1.55,55.0
707228,上櫃,1.58,1.64,173.0
707229,上櫃,0.94,0.87,300.0
707230,上櫃,0.0,0.0,0.0
707231,上櫃,0.81,0.8,10.0
707232,上櫃,1.94,1.85,68.0
707233,上櫃,0.0,0.0,0.0
707234,上櫃,0.92,0.92,92.0
707235,上櫃,1.36,1.38,3019.0
707236,上櫃,1.54,1.57,4601.0
707237,上櫃,1.91,2.03,30.0
707238,上櫃,0.0,0.0,0.0
707239,上櫃,0.86,0.93,538.0
707240,上櫃,1.0,0.98,767.0
707241,上櫃,1.0,1.09,52.0
707242,上櫃,2.37,2.63,395.0
707243,上櫃,1.03,0.98,538.0
707244,上櫃,0.87,0.75,3.0
707245,上櫃,0.0,0.0,0.0
707246,上櫃,1.63,1.65,75.0
707247,上櫃,0.98,0.99,2334.0
707248,上櫃,0.7,0.72,45.0
707249,上櫃,0.0,0.0,0.0
707250,上櫃,3.79,3.78,100.0
707251,上櫃,0.0,0.0,0.0
707252,上櫃,1.25,1.25,3379.0
707253,上櫃,1.4,1.43,1155.0
707254,上櫃,0.0,0.0,0.0
707255,上櫃,1.22,1.33,77.0
707256,上櫃,1.02,1.18,39.0
707257,上櫃,1.69,1.67,168.0
707258,上櫃,1.64,1.64,48.0
707259,上櫃,0.9,0.95,167.0
707260,上櫃,0.0,0.0,0.0
707261,上櫃,1.14,1.16,1562.0
707262,上櫃,1.46,1.48,644.0
707263,上櫃,0.84,0.86,99.0
707264,上櫃,1.12,1.2,495.0
707265,上櫃,0.58,0.59,101.0
707266,上櫃,0.72,0.72,1.0
707267,上櫃,0.77,0.74,61.0
707268,上櫃,0.71,0.71,221.0
707269,上櫃,0.83,0.85,64.0
707270,上櫃,0.65,0.64,26.0
707271,上櫃,0.79,0.79,64.0
707272,上櫃,0.62,0.62,10.0
707273,上櫃,0.0,0.0,0.0
707274,上櫃,0.91,0.92,691.0
707275,上櫃,0.93,0.96,130.0
707276,上櫃,0.7,0.71,28.0
707277,上櫃,0.0,0.0,0.0
707278,上櫃,0.0,0.0,0.0
707279,上櫃,0.0,0.0,0.0
707280,上櫃,1.89,1.94,13.0
707281,上櫃,1.18,1.16,33.0
707282,上櫃,2.73,3.08,176.0
707283,上櫃,1.08,1.08,10.0
707284,上櫃,0.0,0.0,0.0
707285,上櫃,1.9,1.96,105.0
707286,上櫃,1.29,1.24,12.0
707287,上櫃,0.0,0.0,0.0
707288,上櫃,1.69,1.67,15.0
707289,上櫃,1.34,1.53,1063.0
707290,上櫃,0.0,0.0,0.0
707291,上櫃,1.16,1.22,156.0
707292,上櫃,1.01,1.01,7.0
707293,上櫃,0.0,0.0,0.0
707294,上櫃,2.24,2.32,6.0
707295,上櫃,1.93,2.1,202.0
707296,上櫃,1.7,1.89,156.0
707297,上櫃,1.42,1.56,271.0
707298,上櫃,1.03,1.09,216.0
707299,上櫃,1.0,1.3,2636.0
707300,上櫃,2.52,2.67,254.0
707301,上櫃,1.95,2.03,329.0
707302,上櫃,2.64,3.01,376.0
707303,上櫃,0.83,0.83,347.0
707304,上櫃,0.64,0.64,250.0
707305,上櫃,1.16,1.07,14.0
707306,上櫃,2.28,2.28,2.0
707307,上櫃,1.85,2.0,81.0
707308,上櫃,2.5,2.5,2.0
707309,上櫃,0.0,0.0,0.0
707310,上櫃,1.11,1.08,87.0
707311,上櫃,1.05,1.05,10.0
707312,上櫃,2.21,2.38,96.0
707313,上櫃,1.81,1.82,119.0
707314,上櫃,1.74,1.9,226.0
707315,上櫃,2.32,2.41,165.0
707316,上櫃,0.99,0.93,65.0
707317,上櫃,1.94,2.29,269.0
707318,上櫃,1.34,1.34,2.0
707319,上櫃,0.91,0.91,1.0
707320,上櫃,0.59,0.59,3.0
707321,上櫃,1.33,1.42,155.0
707322,上櫃,1.3,1.23,332.0
707323,上櫃,0.0,0.0,0.0
707324,上櫃,2.56,2.73,89.0
707325,上櫃,1.13,1.23,279.0
707326,上櫃,0.84,0.91,87.0
707327,上櫃,1.06,1.11,197.0
707328,上櫃,1.18,1.23,432.0
707329,上櫃,0.0,0.0,0.0
707330,上櫃,2.64,2.64,3.0
707331,上櫃,0.98,1.04,691.0
707332,上櫃,0.81,0.87,224.0
707333,上櫃,1.01,1.09,847.0
707334,上櫃,0.88,0.88,792.0
707335,上櫃,0.93,0.93,116.0
707336,上櫃,0.65,0.67,550.0
707337,上櫃,0.0,0.0,0.0
707338,上櫃,0.0,0.0,0.0
707339,上櫃,0.61,0.61,200.0
707340,上櫃,1.19,1.24,1717.0
707341,上櫃,1.24,1.26,652.0
707342,上櫃,0.0,0.0,0.0
707343,上櫃,1.03,1.02,50.0
707344,上櫃,0.88,0.85,207.0
707345,上櫃,0.76,0.76,46.0
707346,上櫃,0.0,0.0,0.0
707347,上櫃,0.99,0.96,235.0
707348,上櫃,0.75,0.75,1293.0
707349,上櫃,0.72,0.73,386.0
707350,上櫃,0.9,0.89,165.0
707351,上櫃,0.74,0.75,53.0
707352,上櫃,0.75,0.76,141.0
707353,上櫃,0.0,0.0,0.0
707354,上櫃,0.0,0.0,0.0
707355,上櫃,0.0,0.0,0.0
707356,上櫃,0.0,0.0,0.0
707357,上櫃,2.41,2.44,35.0
707358,上櫃,0.0,0.0,0.0
707359,上櫃,0.0,0.0,0.0
707360,上櫃,1.54,1.58,6.0
707361,上櫃,2.69,2.51,72.0
707362,上櫃,2.24,2.27,1445.0
707363,上櫃,0.0,0.0,0.0
707364,上櫃,1.86,1.86,2.0
707365,上櫃,2.35,2.44,4.0
707366,上櫃,1.06,1.06,10.0
707367,上櫃,1.92,1.96,56.0
707368,上櫃,1.42,1.42,1.0
707369,上櫃,0.0,0.0,0.0
707370,上櫃,1.76,1.76,3.0
707371,上櫃,0.0,0.0,0.0
707372,上櫃,1.23,1.33,25.0
707373,上櫃,0.0,0.0,0.0
707374,上櫃,1.07,1.07,2.0
707375,上櫃,1.34,1.42,19.0
707376,上櫃,1.39,1.44,97.0
707377,上櫃,0.0,0.0,0.0
707378,上櫃,0.97,0.93,80.0
707379,上櫃,1.58,1.58,10.0
707380,上櫃,0.0,0.0,0.0
707381,上櫃,0.0,0.0,0.0
707382,上櫃,1.07,1.02,120.0
707383,上櫃,0.73,0.73,20.0
707384,上櫃,2.84,3.0,22.0
707385,上櫃,2.74,2.62,121.0
707386,上櫃,2.52,2.66,6.0
707387,上櫃,2.89,2.89,10.0
707388,上櫃,0.0,0.0,0.0
707389,上櫃,0.0,0.0,0.0
707390,上櫃,2.11,2.11,3.0
707391,上櫃,2.82,2.5,63.0
707392,上櫃,0.0,0.0,0.0
707393,上櫃,0.0,0.0,0.0
707394,上櫃,0.0,0.0,0.0
707395,上櫃,1.98,1.98,30.0
707396,上櫃,1.77,1.91,100.0
707397,上櫃,0.0,0.0,0.0
707398,上櫃,0.0,0.0,0.0
707399,上櫃,1.56,1.45,21.0
707400,上櫃,3.02,3.08,184.0
707401,上櫃,0.0,0.0,0.0
707402,上櫃,0.0,0.0,0.0
707403,上櫃,0.79,0.81,121.0
707404,上櫃,0.0,0.0,0.0
707405,上櫃,3.87,4.19,14.0
707406,上櫃,0.0,0.0,0.0
707407,上櫃,0.0,0.0,0.0
707408,上櫃,0.95,0.95,51.0
707409,上櫃,0.68,0.69,14.0
707410,上櫃,0.0,0.0,0.0
707411,上櫃,0.76,0.74,35.0
707412,上櫃,0.0,0.0,0.0
707413,上櫃,0.0,0.0,0.0
707414,上櫃,0.0,0.0,0.0
707415,上櫃,0.0,0.0,0.0
707416,上櫃,0.63,0.63,10.0
707417,上櫃,0.0,0.0,0.0
707418,上櫃,0.91,0.91,16.0
707419,上櫃,0.0,0.0,0.0
707420,上櫃,0.88,0.91,114.0
707421,上櫃,0.81,0.94,72.0
707422,上櫃,0.95,0.91,35.0
707423,上櫃,0.0,0.0,0.0
707424,上櫃,0.0,0.0,0.0
707425,上櫃,1.39,1.37,6.0
707426,上櫃,1.45,1.43,10.0
707427,上櫃,0.83,0.83,55.0
707428,上櫃,1.18,1.18,30.0
707429,上櫃,0.0,0.0,0.0
707430,上櫃,0.0,0.0,0.0
707431,上櫃,0.0,0.0,0.0
707432,上櫃,0.0,0.0,0.0
707433,上櫃,0.89,0.92,185.0
707434,上櫃,0.0,0.0,0.0
707435,上櫃,0.0,0.0,0.0
707436,上櫃,1.37,1.34,80.0
707437,上櫃,0.0,0.0,0.0
707438,上櫃,0.0,0.0,0.0
707439,上櫃,0.0,0.0,0.0
707440,上櫃,0.0,0.0,0.0
707441,上櫃,0.0,0.0,0.0
707442,上櫃,0.0,0.0,0.0
707443,上櫃,0.0,0.0,0.0
707444,上櫃,0.0,0.0,0.0
707445,上櫃,1.52,1.51,130.0
707446,上櫃,0.0,0.0,0.0
707447,上櫃,0.0,0.0,0.0
707448,上櫃,0.0,0.0,0.0
707449,上櫃,3.3,3.32,2.0
707450,上櫃,0.0,0.0,0.0
707451,上櫃,0.0,0.0,0.0
707452,上櫃,0.0,0.0,0.0
707453,上櫃,0.67,0.68,20.0
707454,上櫃,0.0,0.0,0.0
707455,上櫃,0.0,0.0,0.0
707456,上櫃,0.6,0.6,5.0
707457,上櫃,0.58,0.58,5.0
707458,上櫃,0.0,0.0,0.0
707459,上櫃,0.0,0.0,0.0
707460,上櫃,0.0,0.0,0.0
707461,上櫃,0.0,0.0,0.0
707462,上櫃,0.0,0.0,0.0
707463,上櫃,1.01,1.01,3.0
707464,上櫃,0.0,0.0,0.0
707465,上櫃,0.0,0.0,0.0
707466,上櫃,0.67,0.67,78.0
707467,上櫃,0.0,0.0,0.0
707468,上櫃,0.51,0.51,10.0
707469,上櫃,0.0,0.0,0.0
707470,上櫃,0.68,0.68,15.0
707471,上櫃,0.62,0.62,10.0
707472,上櫃,0.74,0.75,1098.0
707473,上櫃,0.0,0.0,0.0
707474,上櫃,0.0,0.0,0.0
707475,上櫃,0.0,0.0,0.0
707476,上櫃,0.0,0.0,0.0
707477,上櫃,2.28,2.28,2.0
707478,上櫃,0.0,0.0,0.0
707479,上櫃,0.0,0.0,0.0
707480,上櫃,1.85,1.85,10.0
707481,上櫃,0.0,0.0,0.0
707482,上櫃,0.0,0.0,0.0
707483,上櫃,0.0,0.0,0.0
707484,上櫃,0.0,0.0,0.0
707485,上櫃,0.0,0.0,0.0
707486,上櫃,0.0,0.0,0.0
707487,上櫃,0.0,0.0,0.0
707488,上櫃,0.0,0.0,0.0
707489,上櫃,0.0,0.0,0.0
707490,上櫃,0.0,0.0,0.0
707491,上櫃,0.64,0.64,3142.0
707492,上櫃,0.58,0.58,1250.0
707493,上櫃,0.58,0.61,757.0
707494,上櫃,0.0,0.0,0.0
707495,上櫃,0.0,0.0,0.0
707496,上櫃,0.0,0.0,0.0
707497,上櫃,0.0,0.0,0.0
707498,上櫃,0.0,0.0,0.0
707499,上櫃,0.0,0.0,0.0
707500,上櫃,1.47,1.52,62.0
707501,上櫃,0.0,0.0,0.0
707502,上櫃,0.0,0.0,0.0
707503,上櫃,1.95,2.08,55.0
707504,上櫃,1.44,1.44,43.0
707505,上櫃,1.65,1.65,10.0
707506,上櫃,1.41,1.41,12.0
707507,上櫃,1.03,1.01,293.0
707508,上櫃,0.85,0.8,159.0
707509,上櫃,0.0,0.0,0.0
707510,上櫃,0.0,0.0,0.0
707511,上櫃,0.0,0.0,0.0
707512,上櫃,0.0,0.0,0.0
707513,上櫃,1.74,1.58,15.0
707514,上櫃,0.0,0.0,0.0
707515,上櫃,1.38,1.38,100.0
707516,上櫃,0.0,0.0,0.0
707517,上櫃,0.79,0.79,190.0
707518,上櫃,0.0,0.0,0.0
707519,上櫃,0.0,0.0,0.0
707520,上櫃,0.0,0.0,0.0
707521,上櫃,0.0,0.0,0.0
707522,上櫃,0.0,0.0,0.0
707523,上櫃,0.0,0.0,0.0
707524,上櫃,0.0,0.0,0.0
707525,上櫃,0.0,0.0,0.0
718098,上櫃,0.0,0.0,0.0
718099,上櫃,0.0,0.0,0.0
71841U,上櫃,0.0,0.0,0.0
71845U,上櫃,0.03,0.03,11.0
718730,上櫃,0.0,0.0,0.0
71874U,上櫃,0.0,0.0,0.0
718937,上櫃,0.0,0.0,0.0
71923U,上櫃,0.0,0.0,0.0
71958U,上櫃,0.0,0.0,0.0
71969U,上櫃,0.0,0.0,0.0
719715,上櫃,0.0,0.0,0.0
719716,上櫃,0.0,0.0,0.0
719719,上櫃,0.0,0.0,0.0
72011U,上櫃,0.0,0.0,0.0
720183,上櫃,0.0,0.0,0.0
720184,上櫃,0.0,0.0,0.0
720186,上櫃,0.0,0.0,0.0
720187,上櫃,0.0,0.0,0.0
72050U,上櫃,0.01,0.01,8.0
720746,上櫃,0.0,0.0,0.0
720748,上櫃,0.24,0.24,10.0
72076U,上櫃,0.0,0.0,0.0
72096U,上櫃,0.02,0.02,9.0
72117U,上櫃,0.0,0.0,0.0
72124U,上櫃,0.0,0.0,0.0
72131U,上櫃,0.0,0.0,0.0
72132U,上櫃,0.0,0.0,0.0
72134U,上櫃,0.0,0.0,0.0
72135U,上櫃,0.0,0.0,0.0
72142U,上櫃,0.0,0.0,0.0
72143U,上櫃,0.0,0.0,0.0
72159U,上櫃,0.0,0.0,0.0
72164U,上櫃,0.0,0.0,0.0
72179U,上櫃,0.0,0.0,0.0
72185U,上櫃,0.0,0.0,0.0
72192U,上櫃,0.0,0.0,0.0
72203U,上櫃,0.0,0.0,0.0
72204U,上櫃,0.0,0.0,0.0
72205U,上櫃,0.0,0.0,0.0
72218U,上櫃,0.0,0.0,0.0
72219U,上櫃,0.0,0.0,0.0
72223U,上櫃,0.0,0.0,0.0
72224U,上櫃,0.0,0.0,0.0
722353,上櫃,0.0,0.0,0.0
722354,上櫃,0.43,0.43,10.0
722428,上櫃,0.06,0.06,20.0
722429,上櫃,0.0,0.0,0.0
72242U,上櫃,0.0,0.0,0.0
72243U,上櫃,0.0,0.0,0.0
72245U,上櫃,0.0,0.0,0.0
722527,上櫃,0.0,0.0,0.0
722572,上櫃,0.0,0.0,0.0
72263U,上櫃,0.0,0.0,0.0
722675,上櫃,0.0,0.0,0.0
72267U,上櫃,0.0,0.0,0.0
722722,上櫃,0.0,0.0,0.0
722723,上櫃,0.0,0.0,0.0
722726,上櫃,0.02,0.02,65.0
722728,上櫃,0.0,0.0,0.0
722731,上櫃,0.49,0.52,241.0
72280U,上櫃,0.0,0.0,0.0
72285U,上櫃,0.0,0.0,0.0
722865,上櫃,0.34,0.35,209.0
72286U,上櫃,0.0,0.0,0.0
72287U,上櫃,0.0,0.0,0.0
722880,上櫃,0.0,0.0,0.0
722881,上櫃,0.0,0.0,0.0
722884,上櫃,0.66,0.62,39.0
72288U,上櫃,0.0,0.0,0.0
72290U,上櫃,0.0,0.0,0.0
72291U,上櫃,0.0,0.0,0.0
722943,上櫃,0.0,0.0,0.0
722944,上櫃,0.0,0.0,0.0
72298U,上櫃,0.0,0.0,0.0
72300U,上櫃,0.0,0.0,0.0
72303U,上櫃,0.0,0.0,0.0
72306U,上櫃,0.0,0.0,0.0
72309U,上櫃,0.0,0.0,0.0
72311U,上櫃,0.0,0.0,0.0
72312U,上櫃,0.0,0.0,0.0
723132,上櫃,0.0,0.0,0.0
72315U,上櫃,0.0,0.0,0.0
723195,上櫃,0.0,0.0,0.0
72322U,上櫃,0.0,0.0,0.0
72323U,上櫃,0.17,0.17,10.0
72324U,上櫃,0.0,0.0,0.0
72325U,上櫃,0.23,0.17,302.0
72326U,上櫃,0.0,0.0,0.0
72327U,上櫃,0.0,0.0,0.0
723287,上櫃,0.15,0.16,60.0
723288,上櫃,0.0,0.0,0.0
723289,上櫃,0.12,0.12,10.0
72328U,上櫃,0.0,0.0,0.0
723290,上櫃,0.0,0.0,0.0
723292,上櫃,0.0,0.0,0.0
72329U,上櫃,0.0,0.0,0.0
72332U,上櫃,0.4,0.4,10.0
72334U,上櫃,0.0,0.0,0.0
72336U,上櫃,0.0,0.0,0.0
72337U,上櫃,0.29,0.29,10.0
72338U,上櫃,0.91,0.69,18.0
723410,上櫃,0.0,0.0,0.0
723411,上櫃,0.0,0.0,0.0
72341U,上櫃,0.0,0.0,0.0
723422,上櫃,0.0,0.0,0.0
723425,上櫃,2.26,2.26,15.0
723451,上櫃,0.0,0.0,0.0
723452,上櫃,0.0,0.0,0.0
723453,上櫃,0.0,0.0,0.0
723454,上櫃,0.0,0.0,0.0
723456,上櫃,0.0,0.0,0.0
723457,上櫃,0.34,0.31,81.0
72346U,上櫃,0.0,0.0,0.0
72348U,上櫃,0.0,0.0,0.0
723511,上櫃,0.0,0.0,0.0
723512,上櫃,0.0,0.0,0.0
723516,上櫃,0.0,0.0,0.0
72353U,上櫃,0.0,0.0,0.0
72354U,上櫃,0.0,0.0,0.0
72355U,上櫃,0.0,0.0,0.0
72356U,上櫃,0.0,0.0,0.0
72357U,上櫃,0.0,0.0,0.0
72359U,上櫃,0.0,0.0,0.0
72360U,上櫃,0.0,0.0,0.0
72361U,上櫃,0.0,0.0,0.0
72363U,上櫃,0.0,0.0,0.0
72365U,上櫃,0.0,0.0,0.0
723681,上櫃,0.27,0.27,14.0
72368U,上櫃,0.0,0.0,0.0
72369U,上櫃,0.0,0.0,0.0
72370U,上櫃,0.0,0.0,0.0
72371U,上櫃,0.0,0.0,0.0
72372U,上櫃,0.0,0.0,0.0
72373U,上櫃,0.0,0.0,0.0
72374U,上櫃,0.0,0.0,0.0
72375U,上櫃,0.0,0.0,0.0
72376U,上櫃,0.0,0.0,0.0
723779,上櫃,0.0,0.0,0.0
72377U,上櫃,0.0,0.0,0.0
723780,上櫃,0.0,0.0,0.0
72378U,上櫃,0.0,0.0,0.0
72379U,上櫃,0.0,0.0,0.0
72380U,上櫃,0.0,0.0,0.0
72381U,上櫃,9.0,9.0,1.0
72382U,上櫃,0.0,0.0,0.0
72383U,上櫃,0.0,0.0,0.0
72384U,上櫃,1.06,0.94,50.0
72386U,上櫃,0.34,0.26,30.0
72390U,上櫃,0.0,0.0,0.0
72391U,上櫃,0.0,0.0,0.0
72392U,上櫃,0.0,0.0,0.0
72393U,上櫃,0.0,0.0,0.0
72394U,上櫃,0.0,0.0,0.0
72396U,上櫃,0.0,0.0,0.0
72397U,上櫃,0.0,0.0,0.0
72399U,上櫃,0.0,0.0,0.0
72400U,上櫃,0.1,0.1,151.0
724013,上櫃,0.0,0.0,0.0
724017,上櫃,0.18,0.18,10.0
724019,上櫃,0.55,0.55,245.0
724023,上櫃,0.0,0.0,0.0
72402U,上櫃,0.05,0.05,10.0
72405U,上櫃,0.0,0.0,0.0
724061,上櫃,0.0,0.0,0.0
724062,上櫃,0.0,0.0,0.0
724063,上櫃,0.0,0.0,0.0
724064,上櫃,0.0,0.0,0.0
72407U,上櫃,0.0,0.0,0.0
72408U,上櫃,0.0,0.0,0.0
72411U,上櫃,0.0,0.0,0.0
724126,上櫃,0.51,0.51,1.0
724127,上櫃,0.0,0.0,0.0
724128,上櫃,0.37,0.37,30.0
72412U,上櫃,0.0,0.0,0.0
724130,上櫃,0.0,0.0,0.0
72414U,上櫃,0.0,0.0,0.0
724176,上櫃,0.0,0.0,0.0
72421U,上櫃,0.0,0.0,0.0
72423U,上櫃,0.0,0.0,0.0
724240,上櫃,0.0,0.0,0.0
724241,上櫃,0.0,0.0,0.0
724242,上櫃,0.46,0.45,255.0
724243,上櫃,4.11,4.06,39.0
724244,上櫃,3.94,4.2,19.0
72424U,上櫃,0.0,0.0,0.0
72425U,上櫃,0.0,0.0,0.0
72426U,上櫃,0.0,0.0,0.0
72427U,上櫃,0.0,0.0,0.0
72428U,上櫃,0.0,0.0,0.0
72429U,上櫃,0.0,0.0,0.0
72430U,上櫃,0.0,0.0,0.0
72431U,上櫃,0.0,0.0,0.0
72432U,上櫃,0.0,0.0,0.0
72433U,上櫃,0.0,0.0,0.0
72434U,上櫃,0.59,0.61,10.0
72435U,上櫃,0.0,0.0,0.0
72436U,上櫃,0.0,0.0,0.0
724372,上櫃,0.0,0.0,0.0
724373,上櫃,0.0,0.0,0.0
724374,上櫃,0.0,0.0,0.0
72437U,上櫃,0.0,0.0,0.0
72438U,上櫃,0.0,0.0,0.0
72439U,上櫃,0.0,0.0,0.0
72440U,上櫃,0.0,0.0,0.0
72441U,上櫃,0.0,0.0,0.0
72442U,上櫃,0.0,0.0,0.0
724431,上櫃,0.0,0.0,0.0
724436,上櫃,0.0,0.0,0.0
72443U,上櫃,0.0,0.0,0.0
72444U,上櫃,0.0,0.0,0.0
72445U,上櫃,0.0,0.0,0.0
72446U,上櫃,0.0,0.0,0.0
724478,上櫃,0.42,0.42,50.0
72447U,上櫃,0.0,0.0,0.0
724481,上櫃,0.0,0.0,0.0
72448U,上櫃,0.0,0.0,0.0
72449U,上櫃,0.25,0.25,10.0
72450U,上櫃,0.0,0.0,0.0
72451U,上櫃,0.0,0.0,0.0
72452U,上櫃,0.0,0.0,0.0
72453U,上櫃,0.0,0.0,0.0
72454U,上櫃,0.0,0.0,0.0
72455U,上櫃,0.0,0.0,0.0
72456U,上櫃,0.0,0.0,0.0
72457U,上櫃,0.0,0.0,0.0
72458U,上櫃,0.0,0.0,0.0
72460U,上櫃,0.0,0.0,0.0
72461U,上櫃,0.0,0.0,0.0
72462U,上櫃,0.0,0.0,0.0
72464U,上櫃,0.0,0.0,0.0
72465U,上櫃,0.0,0.0,0.0
724668,上櫃,0.0,0.0,0.0
724669,上櫃,4.98,4.98,20.0
72466U,上櫃,0.0,0.0,0.0
724670,上櫃,0.0,0.0,0.0
72467U,上櫃,0.0,0.0,0.0
72468U,上櫃,0.0,0.0,0.0
72469U,上櫃,0.0,0.0,0.0
72470U,上櫃,0.0,0.0,0.0
72471U,上櫃,0.0,0.0,0.0
72472U,上櫃,0.0,0.0,0.0
72473U,上櫃,0.0,0.0,0.0
72474U,上櫃,0.0,0.0,0.0
724756,上櫃,0.0,0.0,0.0
72475U,上櫃,0.0,0.0,0.0
72476U,上櫃,0.0,0.0,0.0
72477U,上櫃,0.01,0.01,6.0
72478U,上櫃,0.0,0.0,0.0
72479U,上櫃,0.17,0.18,310.0
72480U,上櫃,0.0,0.0,0.0
72481U,上櫃,0.0,0.0,0.0
72482U,上櫃,0.17,0.17,70.0
724830,上櫃,0.0,0.0,0.0
72483U,上櫃,0.0,0.0,0.0
72484U,上櫃,0.0,0.0,0.0
72485U,上櫃,0.05,0.06,811.0
72486U,上櫃,0.0,0.0,0.0
72487U,上櫃,0.0,0.0,0.0
72488U,上櫃,0.0,0.0,0.0
72489U,上櫃,0.0,0.0,0.0
72490U,上櫃,0.0,0.0,0.0
72491U,上櫃,0.0,0.0,0.0
72492U,上櫃,0.0,0.0,0.0
72493U,上櫃,0.3,0.32,300.0
72494U,上櫃,0.0,0.0,0.0
72495U,上櫃,0.0,0.0,0.0
72496U,上櫃,0.0,0.0,0.0
724978,上櫃,0.01,0.01,124.0
724979,上櫃,0.08,0.15,101.0
72497U,上櫃,0.0,0.0,0.0
724983,上櫃,0.0,0.0,0.0
72498U,上櫃,0.0,0.0,0.0
72499U,上櫃,0.0,0.0,0.0
72500U,上櫃,0.0,0.0,0.0
72501U,上櫃,0.0,0.0,0.0
72502U,上櫃,0.0,0.0,0.0
72503U,上櫃,0.0,0.0,0.0
725044,上櫃,0.0,0.0,0.0
725045,上櫃,0.2,0.2,11.0
725048,上櫃,0.11,0.11,1.0
72504U,上櫃,0.0,0.0,0.0
72505U,上櫃,0.01,0.01,20.0
72506U,上櫃,0.47,0.47,80.0
72507U,上櫃,0.0,0.0,0.0
72508U,上櫃,0.0,0.0,0.0
72509U,上櫃,0.0,0.0,0.0
72510U,上櫃,0.0,0.0,0.0
72511U,上櫃,0.0,0.0,0.0
725129,上櫃,0.0,0.0,0.0
72512U,上櫃,0.0,0.0,0.0
725135,上櫃,0.0,0.0,0.0
72513U,上櫃,0.0,0.0,0.0
72514U,上櫃,0.0,0.0,0.0
72515U,上櫃,0.0,0.0,0.0
72516U,上櫃,0.0,0.0,0.0
72517U,上櫃,0.0,0.0,0.0
72518U,上櫃,0.0,0.0,0.0
72519U,上櫃,0.0,0.0,0.0
72520U,上櫃,0.0,0.0,0.0
72521U,上櫃,0.0,0.0,0.0
72522U,上櫃,0.0,0.0,0.0
72523U,上櫃,0.0,0.0,0.0
72524U,上櫃,0.0,0.0,0.0
72525U,上櫃,0.0,0.0,0.0
72526U,上櫃,0.0,0.0,0.0
725288,上櫃,0.02,0.02,10.0
72528U,上櫃,0.0,0.0,0.0
72529U,上櫃,0.06,0.06,5.0
72530U,上櫃,0.0,0.0,0.0
72531U,上櫃,0.0,0.0,0.0
72532U,上櫃,0.0,0.0,0.0
72533U,上櫃,0.0,0.0,0.0
72534U,上櫃,0.0,0.0,0.0
72535U,上櫃,0.04,0.05,303.0
72536U,上櫃,0.0,0.0,0.0
72537U,上櫃,0.0,0.0,0.0
72538U,上櫃,0.0,0.0,0.0
72539U,上櫃,0.0,0.0,0.0
72540U,上櫃,0.0,0.0,0.0
725411,上櫃,0.0,0.0,0.0
72541U,上櫃,0.0,0.0,0.0
72542U,上櫃,0.0,0.0,0.0
72543U,上櫃,0.0,0.0,0.0
725440,上櫃,0.0,0.0,0.0
72544U,上櫃,0.0,0.0,0.0
72545U,上櫃,0.0,0.0,0.0
72546U,上櫃,0.0,0.0,0.0
72547U,上櫃,0.0,0.0,0.0
72548U,上櫃,0.0,0.0,0.0
72549U,上櫃,0.0,0.0,0.0
72550U,上櫃,0.0,0.0,0.0
72551U,上櫃,0.0,0.0,0.0
72552U,上櫃,0.0,0.0,0.0
72553U,上櫃,0.88,0.88,4.0
725542,上櫃,0.0,0.0,0.0
72554U,上櫃,0.0,0.0,0.0
72555U,上櫃,0.0,0.0,0.0
72556U,上櫃,0.0,0.0,0.0
72557U,上櫃,0.4,0.02,12.0
72558U,上櫃,0.0,0.0,0.0
72559U,上櫃,0.0,0.0,0.0
72560U,上櫃,0.0,0.0,0.0
72561U,上櫃,0.0,0.0,0.0
72562U,上櫃,0.0,0.0,0.0
725631,上櫃,0.0,0.0,0.0
725632,上櫃,0.0,0.0,0.0
725634,上櫃,0.0,0.0,0.0
72563U,上櫃,0.0,0.0,0.0
72564U,上櫃,0.0,0.0,0.0
72565U,上櫃,0.0,0.0,0.0
72566U,上櫃,0.0,0.0,0.0
72567U,上櫃,0.0,0.0,0.0
72568U,上櫃,0.0,0.0,0.0
72569U,上櫃,0.0,0.0,0.0
72570U,上櫃,0.77,0.37,35.0
725711,上櫃,0.0,0.0,0.0
72571U,上櫃,0.0,0.0,0.0
72572U,上櫃,0.0,0.0,0.0
72573U,上櫃,0.0,0.0,0.0
725744,上櫃,0.0,0.0,0.0
72574U,上櫃,0.0,0.0,0.0
72575U,上櫃,0.0,0.0,0.0
72576U,上櫃,0.0,0.0,0.0
72577U,上櫃,0.17,0.12,16.0
72578U,上櫃,0.01,0.01,44.0
72579U,上櫃,0.0,0.0,0.0
725803,上櫃,0.0,0.0,0.0
725804,上櫃,0.0,0.0,0.0
72580U,上櫃,0.0,0.0,0.0
72581U,上櫃,0.0,0.0,0.0
72583U,上櫃,0.0,0.0,0.0
72584U,上櫃,0.0,0.0,0.0
72585U,上櫃,0.0,0.0,0.0
72586U,上櫃,0.39,0.39,300.0
72587U,上櫃,0.55,0.53,406.0
725881,上櫃,0.13,0.14,63.0
72588U,上櫃,0.0,0.0,0.0
72589U,上櫃,0.4,0.42,128.0
72590U,上櫃,0.3,0.3,33.0
72591U,上櫃,0.0,0.0,0.0
725924,上櫃,0.0,0.0,0.0
72592U,上櫃,0.0,0.0,0.0
72593U,上櫃,0.0,0.0,0.0
72596U,上櫃,0.16,0.16,1.0
72597U,上櫃,0.0,0.0,0.0
72598U,上櫃,0.0,0.0,0.0
72599U,上櫃,0.0,0.0,0.0
72600U,上櫃,0.04,0.03,60.0
72601U,上櫃,0.0,0.0,0.0
72602U,上櫃,0.82,0.69,6.0
726037,上櫃,0.0,0.0,0.0
72603U,上櫃,0.0,0.0,0.0
72604U,上櫃,0.0,0.0,0.0
72605U,上櫃,0.27,0.24,60.0
72606U,上櫃,0.05,0.05,25.0
726070,上櫃,0.0,0.0,0.0
726078,上櫃,0.0,0.0,0.0
72607U,上櫃,0.49,0.44,376.0
72608U,上櫃,0.42,0.43,161.0
72609U,上櫃,0.63,0.56,130.0
72610U,上櫃,0.75,0.75,30.0
726119,上櫃,3.54,3.88,65.0
72611U,上櫃,0.0,0.0,0.0
72612U,上櫃,0.0,0.0,0.0
72613U,上櫃,0.0,0.0,0.0
72614U,上櫃,0.0,0.0,0.0
72615U,上櫃,0.0,0.0,0.0
72616U,上櫃,0.27,0.27,20.0
72617U,上櫃,0.0,0.0,0.0
72618U,上櫃,0.0,0.0,0.0
726194,上櫃,0.0,0.0,0.0
72619U,上櫃,0.0,0.0,0.0
72620U,上櫃,0.94,0.94,5.0
72621U,上櫃,0.0,0.0,0.0
72622U,上櫃,0.26,0.27,25.0
72623U,上櫃,0.0,0.0,0.0
72624U,上櫃,0.0,0.0,0.0
72625U,上櫃,0.0,0.0,0.0
72626U,上櫃,0.0,0.0,0.0
72627U,上櫃,0.39,0.39,101.0
72628U,上櫃,0.0,0.0,0.0
72629U,上櫃,0.6,0.6,19.0
72630U,上櫃,0.0,0.0,0.0
72631U,上櫃,0.0,0.0,0.0
72632U,上櫃,0.04,0.04,30.0
72633U,上櫃,0.07,0.07,50.0
72634U,上櫃,0.0,0.0,0.0
72635U,上櫃,0.0,0.0,0.0
726360,上櫃,0.0,0.0,0.0
72636U,上櫃,0.0,0.0,0.0
72637U,上櫃,0.09,0.07,306.0
72638U,上櫃,0.0,0.0,0.0
72639U,上櫃,0.0,0.0,0.0
726408,上櫃,0.0,0.0,0.0
72640U,上櫃,0.0,0.0,0.0
72641U,上櫃,0.0,0.0,0.0
72642U,上櫃,0.0,0.0,0.0
72643U,上櫃,0.0,0.0,0.0
72644U,上櫃,0.0,0.0,0.0
72645U,上櫃,0.0,0.0,0.0
72646U,上櫃,0.0,0.0,0.0
72647U,上櫃,0.0,0.0,0.0
72648U,上櫃,0.01,0.01,1.0
72649U,上櫃,0.02,0.02,2.0
72650U,上櫃,0.0,0.0,0.0
72651U,上櫃,0.0,0.0,0.0
72652U,上櫃,0.0,0.0,0.0
72653U,上櫃,1.22,1.24,20.0
72654U,上櫃,0.0,0.0,0.0
726555,上櫃,0.0,0.0,0.0
72655U,上櫃,0.0,0.0,0.0
726560,上櫃,0.0,0.0,0.0
726561,上櫃,0.1,0.11,13.0
72656U,上櫃,0.79,0.79,50.0
72657U,上櫃,0.0,0.0,0.0
72658U,上櫃,0.0,0.0,0.0
72659U,上櫃,0.0,0.0,0.0
72660U,上櫃,0.0,0.0,0.0
726612,上櫃,0.0,0.0,0.0
72661U,上櫃,0.0,0.0,0.0
72662U,上櫃,0.08,0.11,255.0
72663U,上櫃,0.0,0.0,0.0
72664U,上櫃,0.0,0.0,0.0
72665U,上櫃,0.13,0.11,99.0
72666U,上櫃,0.94,0.94,1.0
726676,上櫃,0.0,0.0,0.0
72667U,上櫃,0.0,0.0,0.0
72668U,上櫃,0.0,0.0,0.0
72669U,上櫃,0.22,0.25,57.0
72670U,上櫃,1.4,1.4,5.0
72671U,上櫃,0.0,0.0,0.0
72672U,上櫃,0.0,0.0,0.0
72673U,上櫃,0.0,0.0,0.0
72674U,上櫃,0.05,0.05,40.0
72675U,上櫃,0.4,0.4,20.0
72676U,上櫃,0.0,0.0,0.0
72677U,上櫃,0.0,0.0,0.0
72678U,上櫃,0.0,0.0,0.0
72679U,上櫃,0.0,0.0,0.0
72680U,上櫃,0.0,0.0,0.0
72681U,上櫃,0.0,0.0,0.0
72682U,上櫃,0.0,0.0,0.0
72683U,上櫃,0.51,0.51,1.0
72684U,上櫃,0.05,0.05,150.0
72685U,上櫃,0.0,0.0,0.0
72686U,上櫃,0.0,0.0,0.0
72687U,上櫃,0.04,0.04,20.0
72688U,上櫃,0.0,0.0,0.0
72689U,上櫃,0.16,0.12,190.0
72690U,上櫃,0.21,0.18,200.0
72691U,上櫃,0.26,0.24,351.0
726924,上櫃,0.0,0.0,0.0
726925,上櫃,0.0,0.0,0.0
726926,上櫃,0.18,0.18,150.0
726927,上櫃,0.22,0.2,508.0
72692U,上櫃,0.33,0.3,249.0
72693U,上櫃,0.0,0.0,0.0
72694U,上櫃,0.0,0.0,0.0
72695U,上櫃,0.24,0.24,20.0
72696U,上櫃,0.08,0.07,26.0
72697U,上櫃,0.0,0.0,0.0
72698U,上櫃,0.0,0.0,0.0
726991,上櫃,0.0,0.0,0.0
72699U,上櫃,0.16,0.13,671.0
72700U,上櫃,0.12,0.11,220.0
72701U,上櫃,0.0,0.0,0.0
72702U,上櫃,0.0,0.0,0.0
72703U,上櫃,1.39,1.22,47.0
72704U,上櫃,0.0,0.0,0.0
72705U,上櫃,0.0,0.0,0.0
72706U,上櫃,0.59,0.7,26.0
72707U,上櫃,0.26,0.29,15.0
72708U,上櫃,0.0,0.0,0.0
727095,上櫃,0.0,0.0,0.0
72709U,上櫃,0.31,0.31,10.0
72710U,上櫃,0.0,0.0,0.0
72711U,上櫃,2.71,2.71,5.0
72712U,上櫃,1.62,1.62,2.0
72713U,上櫃,0.0,0.0,0.0
72714U,上櫃,1.28,1.28,5.0
72715U,上櫃,0.0,0.0,0.0
72716U,上櫃,0.0,0.0,0.0
72717U,上櫃,0.16,0.13,549.0
72718U,上櫃,0.58,0.51,30.0
72719U,上櫃,0.16,0.14,100.0
72720U,上櫃,0.54,0.43,2183.0
72721U,上櫃,0.0,0.0,0.0
72722U,上櫃,0.22,0.2,386.0
72723U,上櫃,0.33,0.36,71.0
72724U,上櫃,0.35,0.3,520.0
72725U,上櫃,0.05,0.04,292.0
72726U,上櫃,0.68,0.67,8.0
72727U,上櫃,0.0,0.0,0.0
72728U,上櫃,0.85,0.94,4.0
72729U,上櫃,0.51,0.51,10.0
72730U,上櫃,0.15,0.12,1091.0
72731U,上櫃,0.58,0.59,40.0
72732U,上櫃,0.27,0.29,501.0
72733U,上櫃,0.3,0.3,491.0
72734U,上櫃,0.0,0.0,0.0
72735U,上櫃,2.1,2.22,8.0
72736U,上櫃,0.0,0.0,0.0
72737U,上櫃,0.0,0.0,0.0
72738U,上櫃,0.5,0.52,120.0
72739U,上櫃,0.0,0.0,0.0
72740U,上櫃,0.91,1.01,126.0
72741U,上櫃,1.06,1.17,50.0
72742U,上櫃,1.09,1.16,17.0
72743U,上櫃,0.7,0.77,72.0
72744U,上櫃,0.84,0.75,487.0
727459,上櫃,0.0,0.0,0.0
72745U,上櫃,0.0,0.0,0.0
72746U,上櫃,0.0,0.0,0.0
72747U,上櫃,0.44,0.46,100.0
72748U,上櫃,1.52,1.52,60.0
72749U,上櫃,0.0,0.0,0.0
72750U,上櫃,0.05,0.05,10.0
72751U,上櫃,0.84,0.77,12.0
72752U,上櫃,0.07,0.07,2.0
727536,上櫃,0.24,0.34,871.0
72753U,上櫃,0.58,0.58,42.0
72754U,上櫃,0.0,0.0,0.0
72755U,上櫃,0.0,0.0,0.0
72756U,上櫃,0.36,0.36,10.0
72757U,上櫃,0.2,0.19,20.0
72758U,上櫃,0.2,0.16,100.0
72759U,上櫃,0.69,0.69,1.0
72760U,上櫃,0.23,0.19,1027.0
727613,上櫃,0.0,0.0,0.0
72761U,上櫃,1.19,1.19,1.0
72762U,上櫃,0.0,0.0,0.0
72763U,上櫃,0.0,0.0,0.0
72764U,上櫃,0.0,0.0,0.0
72765U,上櫃,0.0,0.0,0.0
72766U,上櫃,1.0,1.0,63.0
72767U,上櫃,0.76,0.73,100.0
72768U,上櫃,0.0,0.0,0.0
72769U,上櫃,0.47,0.47,998.0
72770U,上櫃,0.55,0.48,1094.0
72771U,上櫃,0.52,0.46,1662.0
72772U,上櫃,0.61,0.56,15.0
72773U,上櫃,0.0,0.0,0.0
72774U,上櫃,0.54,0.51,91.0
72775U,上櫃,0.27,0.27,699.0
727760,上櫃,5.7,5.7,1.0
72776U,上櫃,0.46,0.38,10.0
72777U,上櫃,1.23,1.07,74.0
72778U,上櫃,0.56,0.46,1346.0
72779U,上櫃,1.33,1.09,400.0
72780U,上櫃,0.2,0.19,616.0
72781U,上櫃,0.0,0.0,0.0
72782U,上櫃,0.78,0.7,228.0
727836,上櫃,0.0,0.0,0.0
72783U,上櫃,0.53,0.53,512.0
72784U,上櫃,0.0,0.0,0.0
72785U,上櫃,0.17,0.16,895.0
727869,上櫃,0.0,0.0,0.0
72786U,上櫃,0.0,0.0,0.0
727870,上櫃,0.0,0.0,0.0
72787U,上櫃,0.76,0.76,50.0
72788U,上櫃,0.0,0.0,0.0
72789U,上櫃,0.0,0.0,0.0
72790U,上櫃,0.98,0.94,47.0
72791U,上櫃,0.0,0.0,0.0
72792U,上櫃,0.0,0.0,0.0
727930,上櫃,0.0,0.0,0.0
72793U,上櫃,0.52,0.52,5.0
72794U,上櫃,1.63,1.6,203.0
72795U,上櫃,0.0,0.0,0.0
72796U,上櫃,0.0,0.0,0.0
72797U,上櫃,0.0,0.0,0.0
72798U,上櫃,0.53,0.59,35.0
72799U,上櫃,0.0,0.0,0.0
728002,上櫃,0.0,0.0,0.0
728003,上櫃,0.11,0.12,118.0
728004,上櫃,0.0,0.0,0.0
728005,上櫃,0.0,0.0,0.0
72800U,上櫃,0.74,0.74,10.0
72801U,上櫃,0.0,0.0,0.0
72802U,上櫃,0.67,0.67,7.0
72803U,上櫃,0.0,0.0,0.0
728047,上櫃,0.0,0.0,0.0
72804U,上櫃,0.87,0.83,816.0
728051,上櫃,0.0,0.0,0.0
72805U,上櫃,1.39,1.39,1.0
72806U,上櫃,0.0,0.0,0.0
72807U,上櫃,2.23,2.29,19.0
728086,上櫃,0.0,0.0,0.0
728088,上櫃,0.1,0.1,1.0
72808U,上櫃,2.04,2.04,20.0
72809U,上櫃,0.56,0.56,43.0
72810U,上櫃,1.07,1.07,10.0
72811U,上櫃,0.09,0.09,130.0
72812U,上櫃,1.65,1.65,5.0
72813U,上櫃,1.35,1.36,173.0
72814U,上櫃,0.0,0.0,0.0
72815U,上櫃,0.0,0.0,0.0
72816U,上櫃,1.51,1.53,6.0
728171,上櫃,0.0,0.0,0.0
728172,上櫃,0.0,0.0,0.0
728176,上櫃,0.0,0.0,0.0
72817U,上櫃,1.57,1.58,5.0
72818U,上櫃,0.6,0.56,211.0
72819U,上櫃,1.45,1.45,77.0
72820U,上櫃,0.0,0.0,0.0
72821U,上櫃,1.46,1.38,440.0
72822U,上櫃,1.04,0.95,176.0
72823U,上櫃,0.25,0.24,882.0
72824U,上櫃,0.0,0.0,0.0
72825U,上櫃,0.45,0.5,157.0
728264,上櫃,0.0,0.0,0.0
72826U,上櫃,1.09,1.15,24.0
728271,上櫃,0.0,0.0,0.0
72827U,上櫃,0.91,0.91,2.0
72828U,上櫃,0.39,0.39,60.0
72829U,上櫃,1.02,1.02,5.0
72830U,上櫃,1.36,1.36,20.0
72831U,上櫃,0.47,0.42,520.0
728323,上櫃,0.0,0.0,0.0
728324,上櫃,0.0,0.0,0.0
728325,上櫃,0.21,0.21,160.0
72832U,上櫃,1.02,0.85,300.0
72833U,上櫃,0.67,0.59,359.0
72834U,上櫃,0.25,0.22,900.0
72835U,上櫃,0.0,0.0,0.0
72836U,上櫃,0.0,0.0,0.0
72837U,上櫃,0.0,0.0,0.0
72838U,上櫃,0.0,0.0,0.0
728392,上櫃,0.09,0.05,2.0
728394,上櫃,0.0,0.0,0.0
728395,上櫃,0.0,0.0,0.0
728396,上櫃,0.0,0.0,0.0
72839U,上櫃,0.73,0.66,90.0
728402,上櫃,0.0,0.0,0.0
728403,上櫃,0.0,0.0,0.0
728404,上櫃,0.0,0.0,0.0
72840U,上櫃,0.0,0.0,0.0
728411,上櫃,0.0,0.0,0.0
72841U,上櫃,0.0,0.0,0.0
728420,上櫃,0.0,0.0,0.0
72842U,上櫃,0.0,0.0,0.0
72843U,上櫃,0.0,0.0,0.0
72844U,上櫃,0.0,0.0,0.0
72845U,上櫃,1.0,1.0,8.0
72846U,上櫃,0.0,0.0,0.0
72847U,上櫃,1.44,1.55,20.0
72848U,上櫃,0.28,0.28,50.0
72849U,上櫃,0.59,0.6,18.0
72850U,上櫃,1.35,1.47,25.0
728516,上櫃,0.11,0.11,10.0
728519,上櫃,0.99,0.99,1.0
72851U,上櫃,0.32,0.32,80.0
728520,上櫃,0.16,0.16,100.0
728523,上櫃,0.0,0.0,0.0
72852U,上櫃,1.48,1.49,162.0
72853U,上櫃,2.81,2.61,259.0
72854U,上櫃,0.85,0.76,305.0
72855U,上櫃,0.0,0.0,0.0
72856U,上櫃,1.47,1.47,4.0
72857U,上櫃,0.0,0.0,0.0
72858U,上櫃,0.0,0.0,0.0
728595,上櫃,0.0,0.0,0.0
728657,上櫃,3.18,3.18,1.0
728658,上櫃,2.77,2.98,40.0
728660,上櫃,0.06,0.06,10.0
728663,上櫃,0.0,0.0,0.0
728666,上櫃,0.0,0.0,0.0
728667,上櫃,0.0,0.0,0.0
728753,上櫃,0.0,0.0,0.0
728755,上櫃,0.0,0.0,0.0
728758,上櫃,0.0,0.0,0.0
728764,上櫃,0.0,0.0,0.0
728765,上櫃,0.0,0.0,0.0
728766,上櫃,0.0,0.0,0.0
728767,上櫃,0.0,0.0,0.0
728768,上櫃,0.0,0.0,0.0
728774,上櫃,0.0,0.0,0.0
728853,上櫃,0.0,0.0,0.0
728920,上櫃,2.09,2.09,10.0
728963,上櫃,5.0,5.2,12.0
728965,上櫃,0.0,0.0,0.0
728966,上櫃,0.0,0.0,0.0
728967,上櫃,0.12,0.12,66.0
729010,上櫃,0.0,0.0,0.0
729028,上櫃,0.0,0.0,0.0
729031,上櫃,4.59,4.59,1.0
729069,上櫃,0.0,0.0,0.0
729170,上櫃,0.37,0.37,1.0
729171,上櫃,0.0,0.0,0.0
729172,上櫃,0.0,0.0,0.0
729174,上櫃,0.37,0.37,50.0
729177,上櫃,0.0,0.0,0.0
729178,上櫃,0.0,0.0,0.0
729181,上櫃,0.0,0.0,0.0
729185,上櫃,3.11,3.64,31.0
729186,上櫃,2.62,2.91,215.0
729187,上櫃,2.72,2.7,39.0
729313,上櫃,0.0,0.0,0.0
729314,上櫃,0.0,0.0,0.0
729411,上櫃,0.15,0.15,100.0
729413,上櫃,0.3,0.3,3.0
729426,上櫃,0.0,0.0,0.0
729489,上櫃,0.0,0.0,0.0
729499,上櫃,0.0,0.0,0.0
729528,上櫃,0.69,0.75,366.0
729530,上櫃,0.0,0.0,0.0
729531,上櫃,0.0,0.0,0.0
729532,上櫃,0.0,0.0,0.0
729534,上櫃,0.13,0.12,201.0
729535,上櫃,0.0,0.0,0.0
729536,上櫃,0.0,0.0,0.0
729625,上櫃,2.57,2.85,1000.0
729629,上櫃,4.14,3.97,48.0
729701,上櫃,0.0,0.0,0.0
729711,上櫃,2.92,2.99,73.0
729714,上櫃,0.1,0.1,360.0
729791,上櫃,0.0,0.0,0.0
729794,上櫃,0.0,0.0,0.0
729799,上櫃,0.0,0.0,0.0
729803,上櫃,0.0,0.0,0.0
729804,上櫃,0.16,0.16,1.0
729807,上櫃,0.0,0.0,0.0
729808,上櫃,0.26,0.26,1.0
729872,上櫃,0.0,0.0,0.0
729879,上櫃,0.14,0.15,31.0
729884,上櫃,0.0,0.0,0.0
729887,上櫃,0.0,0.0,0.0
729890,上櫃,0.0,0.0,0.0
729895,上櫃,0.0,0.0,0.0
729960,上櫃,0.0,0.0,0.0
729961,上櫃,0.0,0.0,0.0
729963,上櫃,0.0,0.0,0.0
729964,上櫃,0.0,0.0,0.0
729966,上櫃,0.0,0.0,0.0
729967,上櫃,0.37,0.37,1.0
729971,上櫃,0.0,0.0,0.0
729973,上櫃,0.0,0.0,0.0
730041,上櫃,0.0,0.0,0.0
730046,上櫃,0.0,0.0,0.0
730048,上櫃,0.0,0.0,0.0
730051,上櫃,0.0,0.0,0.0
730052,上櫃,0.0,0.0,0.0
730057,上櫃,0.0,0.0,0.0
730135,上櫃,0.0,0.0,0.0
730146,上櫃,0.0,0.0,0.0
730152,上櫃,0.0,0.0,0.0
730154,上櫃,0.0,0.0,0.0
730157,上櫃,0.15,0.15,3.0
730160,上櫃,0.0,0.0,0.0
730161,上櫃,0.35,0.35,10.0
730235,上櫃,0.0,0.0,0.0
730238,上櫃,9.45,9.3,32.0
730240,上櫃,5.35,5.35,2.0
730242,上櫃,0.0,0.0,0.0
730244,上櫃,0.0,0.0,0.0
730317,上櫃,0.0,0.0,0.0
730398,上櫃,0.0,0.0,0.0
730399,上櫃,0.0,0.0,0.0
730400,上櫃,0.0,0.0,0.0
730401,上櫃,0.0,0.0,0.0
730402,上櫃,0.0,0.0,0.0
730403,上櫃,0.0,0.0,0.0
730407,上櫃,0.0,0.0,0.0
730492,上櫃,0.0,0.0,0.0
730493,上櫃,4.96,4.96,17.0
730529,上櫃,0.0,0.0,0.0
730542,上櫃,0.21,0.21,1.0
730543,上櫃,0.35,0.38,217.0
730635,上櫃,0.74,0.65,696.0
730636,上櫃,2.46,2.78,58.0
730681,上櫃,0.0,0.0,0.0
730722,上櫃,0.0,0.0,0.0
730732,上櫃,0.0,0.0,0.0
730733,上櫃,0.1,0.1,1.0
730735,上櫃,0.0,0.0,0.0
730737,上櫃,0.0,0.0,0.0
730804,上櫃,0.0,0.0,0.0
730913,上櫃,0.0,0.0,0.0
730922,上櫃,0.0,0.0,0.0
730926,上櫃,0.49,0.49,10.0
731007,上櫃,0.0,0.0,0.0
731063,上櫃,0.0,0.0,0.0
731082,上櫃,0.0,0.0,0.0
731093,上櫃,0.0,0.0,0.0
731095,上櫃,0.0,0.0,0.0
731162,上櫃,0.13,0.12,4.0
731168,上櫃,0.0,0.0,0.0
731240,上櫃,0.0,0.0,0.0
731248,上櫃,0.0,0.0,0.0
731257,上櫃,0.0,0.0,0.0
731261,上櫃,0.0,0.0,0.0
731262,上櫃,0.0,0.0,0.0
731263,上櫃,2.47,2.47,21.0
731264,上櫃,0.0,0.0,0.0
731265,上櫃,0.0,0.0,0.0
731277,上櫃,0.0,0.0,0.0
731332,上櫃,0.0,0.0,0.0
731336,上櫃,0.0,0.0,0.0
731389,上櫃,0.1,0.1,100.0
731393,上櫃,0.0,0.0,0.0
731395,上櫃,0.0,0.0,0.0
731492,上櫃,0.0,0.0,0.0
731493,上櫃,0.0,0.0,0.0
731495,上櫃,0.0,0.0,0.0
731496,上櫃,0.0,0.0,0.0
731499,上櫃,0.0,0.0,0.0
731554,上櫃,0.0,0.0,0.0
731555,上櫃,0.0,0.0,0.0
731583,上櫃,0.0,0.0,0.0
731584,上櫃,9.5,9.35,80.0
731585,上櫃,0.76,0.76,20.0
731631,上櫃,0.0,0.0,0.0
731670,上櫃,0.67,0.7,110.0
731671,上櫃,0.27,0.27,10.0
731730,上櫃,1.13,1.07,13.0
731751,上櫃,7.55,7.55,3.0
731820,上櫃,0.0,0.0,0.0
731873,上櫃,0.0,0.0,0.0
731874,上櫃,0.22,0.22,1.0
731875,上櫃,0.0,0.0,0.0
731877,上櫃,0.26,0.26,20.0
731945,上櫃,0.51,0.61,660.0
731949,上櫃,0.0,0.0,0.0
732049,上櫃,0.42,0.43,50.0
732050,上櫃,0.14,0.14,1.0
732051,上櫃,0.16,0.16,20.0
732053,上櫃,0.0,0.0,0.0
732054,上櫃,1.77,1.77,10.0
732055,上櫃,0.15,0.15,120.0
732068,上櫃,0.69,0.81,411.0
732069,上櫃,0.62,0.71,587.0
732070,上櫃,0.0,0.0,0.0
732165,上櫃,0.0,0.0,0.0
732167,上櫃,0.0,0.0,0.0
732217,上櫃,0.25,0.25,20.0
732269,上櫃,0.0,0.0,0.0
732271,上櫃,0.33,0.33,30.0
732272,上櫃,0.27,0.27,15.0
732275,上櫃,0.84,0.88,35.0
732277,上櫃,0.0,0.0,0.0
732332,上櫃,0.37,0.36,102.0
732333,上櫃,0.0,0.0,0.0
732334,上櫃,0.0,0.0,0.0
732391,上櫃,0.0,0.0,0.0
732468,上櫃,0.25,0.26,52.0
732521,上櫃,0.0,0.0,0.0
732545,上櫃,0.68,0.67,95.0
732585,上櫃,0.0,0.0,0.0
732586,上櫃,0.0,0.0,0.0
732653,上櫃,2.07,1.96,14.0
732913,上櫃,0.0,0.0,0.0
732921,上櫃,0.0,0.0,0.0
732925,上櫃,0.0,0.0,0.0
732931,上櫃,0.06,0.06,12.0
732940,上櫃,0.0,0.0,0.0
732996,上櫃,0.0,0.0,0.0
733008,上櫃,0.0,0.0,0.0
733009,上櫃,0.0,0.0,0.0
733025,上櫃,0.0,0.0,0.0
733056,上櫃,28.0,28.0,10.0
733070,上櫃,0.0,0.0,0.0
733074,上櫃,0.0,0.0,0.0
733083,上櫃,0.0,0.0,0.0
733084,上櫃,0.0,0.0,0.0
733122,上櫃,0.0,0.0,0.0
733133,上櫃,0.25,0.25,1.0
733140,上櫃,0.0,0.0,0.0
733142,上櫃,0.0,0.0,0.0
733150,上櫃,0.0,0.0,0.0
733155,上櫃,0.0,0.0,0.0
733177,上櫃,0.0,0.0,0.0
733178,上櫃,0.0,0.0,0.0
733179,上櫃,0.0,0.0,0.0
733183,上櫃,18.5,18.5,2.0
733193,上櫃,0.0,0.0,0.0
733204,上櫃,0.0,0.0,0.0
733215,上櫃,0.0,0.0,0.0
733222,上櫃,0.0,0.0,0.0
733227,上櫃,0.0,0.0,0.0
733236,上櫃,0.0,0.0,0.0
733243,上櫃,0.0,0.0,0.0
733248,上櫃,0.0,0.0,0.0
733264,上櫃,0.0,0.0,0.0
733306,上櫃,0.0,0.0,0.0
733307,上櫃,0.0,0.0,0.0
733308,上櫃,15.9,15.9,1.0
733317,上櫃,0.0,0.0,0.0
733332,上櫃,0.12,0.14,55.0
733333,上櫃,0.23,0.23,10.0
733334,上櫃,0.0,0.0,0.0
733335,上櫃,0.0,0.0,0.0
733336,上櫃,0.43,0.48,69.0
733337,上櫃,0.0,0.0,0.0
733338,上櫃,2.03,2.2,9.0
733339,上櫃,0.0,0.0,0.0
733356,上櫃,0.0,0.0,0.0
733357,上櫃,0.0,0.0,0.0
733358,上櫃,0.0,0.0,0.0
733359,上櫃,0.0,0.0,0.0
733360,上櫃,0.0,0.0,0.0
733382,上櫃,0.0,0.0,0.0
733396,上櫃,0.0,0.0,0.0
733405,上櫃,0.0,0.0,0.0
733406,上櫃,0.0,0.0,0.0
733407,上櫃,3.28,3.11,20.0
733408,上櫃,0.0,0.0,0.0
733409,上櫃,0.0,0.0,0.0
733410,上櫃,0.29,0.36,6.0
733411,上櫃,0.93,0.98,334.0
733412,上櫃,0.0,0.0,0.0
733413,上櫃,0.0,0.0,0.0
733414,上櫃,0.0,0.0,0.0
733415,上櫃,0.0,0.0,0.0
733416,上櫃,0.0,0.0,0.0
733417,上櫃,0.0,0.0,0.0
733456,上櫃,0.89,0.83,21.0
733457,上櫃,0.0,0.0,0.0
733458,上櫃,0.0,0.0,0.0
733459,上櫃,0.02,0.02,25.0
733460,上櫃,0.23,0.21,269.0
733461,上櫃,0.3,0.3,1330.0
733462,上櫃,0.0,0.0,0.0
733463,上櫃,0.0,0.0,0.0
733464,上櫃,0.26,0.32,52.0
733465,上櫃,0.0,0.0,0.0
733466,上櫃,0.0,0.0,0.0
733467,上櫃,1.35,1.35,10.0
733468,上櫃,5.6,5.6,2.0
733469,上櫃,0.44,0.44,10.0
733470,上櫃,1.79,1.95,3.0
733471,上櫃,2.15,2.31,50.0
733476,上櫃,0.0,0.0,0.0
733483,上櫃,0.1,0.14,200.0
733488,上櫃,0.0,0.0,0.0
733489,上櫃,0.0,0.0,0.0
733503,上櫃,0.0,0.0,0.0
733507,上櫃,0.0,0.0,0.0
733517,上櫃,1.18,1.05,9.0
733518,上櫃,0.14,0.14,250.0
733520,上櫃,0.0,0.0,0.0
733522,上櫃,0.0,0.0,0.0
733523,上櫃,0.0,0.0,0.0
733524,上櫃,0.0,0.0,0.0
733525,上櫃,0.0,0.0,0.0
733526,上櫃,0.36,0.37,26.0
733527,上櫃,0.0,0.0,0.0
733528,上櫃,0.0,0.0,0.0
733529,上櫃,0.0,0.0,0.0
733530,上櫃,1.28,1.03,58.0
733532,上櫃,0.0,0.0,0.0
733533,上櫃,0.0,0.0,0.0
733534,上櫃,0.0,0.0,0.0
733535,上櫃,0.41,0.41,10.0
733536,上櫃,0.0,0.0,0.0
733537,上櫃,0.0,0.0,0.0
733545,上櫃,2.46,2.54,58.0
733560,上櫃,0.14,0.2,393.0
733562,上櫃,0.0,0.0,0.0
733563,上櫃,0.0,0.0,0.0
733564,上櫃,0.0,0.0,0.0
733565,上櫃,0.0,0.0,0.0
733566,上櫃,0.0,0.0,0.0
733567,上櫃,2.7,2.7,1.0
733568,上櫃,0.0,0.0,0.0
733569,上櫃,0.0,0.0,0.0
733570,上櫃,0.0,0.0,0.0
733571,上櫃,0.0,0.0,0.0
733572,上櫃,0.0,0.0,0.0
733573,上櫃,0.0,0.0,0.0
733574,上櫃,0.0,0.0,0.0
733575,上櫃,0.0,0.0,0.0
733643,上櫃,0.0,0.0,0.0
733644,上櫃,0.0,0.0,0.0
733645,上櫃,0.15,0.15,10.0
733647,上櫃,0.0,0.0,0.0
733648,上櫃,0.0,0.0,0.0
733649,上櫃,0.0,0.0,0.0
733650,上櫃,0.0,0.0,0.0
733651,上櫃,0.0,0.0,0.0
733652,上櫃,0.0,0.0,0.0
733653,上櫃,0.05,0.05,10.0
733654,上櫃,0.0,0.0,0.0
733655,上櫃,0.0,0.0,0.0
733656,上櫃,0.0,0.0,0.0
733657,上櫃,0.0,0.0,0.0
733658,上櫃,0.0,0.0,0.0
733677,上櫃,0.0,0.0,0.0
733693,上櫃,0.64,0.64,48.0
733694,上櫃,0.38,0.37,2.0
733695,上櫃,0.71,0.7,844.0
733696,上櫃,0.0,0.0,0.0
733698,上櫃,0.0,0.0,0.0
733699,上櫃,0.0,0.0,0.0
733700,上櫃,0.0,0.0,0.0
733701,上櫃,0.1,0.04,11.0
733702,上櫃,0.0,0.0,0.0
733703,上櫃,0.0,0.0,0.0
733709,上櫃,0.0,0.0,0.0
733711,上櫃,0.0,0.0,0.0
733720,上櫃,0.0,0.0,0.0
733746,上櫃,8.95,10.5,4.0
733755,上櫃,0.0,0.0,0.0
733756,上櫃,0.0,0.0,0.0
733757,上櫃,0.0,0.0,0.0
733758,上櫃,0.12,0.12,934.0
733759,上櫃,0.0,0.0,0.0
733760,上櫃,0.47,0.44,614.0
733761,上櫃,0.0,0.0,0.0
733762,上櫃,0.0,0.0,0.0
733763,上櫃,0.0,0.0,0.0
733777,上櫃,0.0,0.0,0.0
733784,上櫃,0.0,0.0,0.0
733798,上櫃,0.0,0.0,0.0
733799,上櫃,0.0,0.0,0.0
733800,上櫃,3.32,3.36,12.0
733801,上櫃,0.0,0.0,0.0
733811,上櫃,0.0,0.0,0.0
733841,上櫃,0.0,0.0,0.0
733848,上櫃,0.07,0.07,20.0
733849,上櫃,0.0,0.0,0.0
733850,上櫃,0.0,0.0,0.0
733851,上櫃,0.0,0.0,0.0
733852,上櫃,0.31,0.31,1.0
733853,上櫃,0.0,0.0,0.0
733854,上櫃,0.0,0.0,0.0
733855,上櫃,0.0,0.0,0.0
733856,上櫃,0.55,0.53,282.0
733867,上櫃,0.0,0.0,0.0
733884,上櫃,0.0,0.0,0.0
733885,上櫃,0.0,0.0,0.0
733886,上櫃,0.15,0.2,12.0
733887,上櫃,0.0,0.0,0.0
733888,上櫃,0.0,0.0,0.0
733889,上櫃,0.0,0.0,0.0
733956,上櫃,0.0,0.0,0.0
733957,上櫃,0.0,0.0,0.0
733958,上櫃,0.67,0.68,593.0
733959,上櫃,1.16,1.16,5.0
733960,上櫃,0.0,0.0,0.0
733981,上櫃,0.0,0.0,0.0
733982,上櫃,0.0,0.0,0.0
733983,上櫃,0.0,0.0,0.0
733984,上櫃,0.57,0.51,380.0
733985,上櫃,0.0,0.0,0.0
733986,上櫃,0.0,0.0,0.0
733991,上櫃,0.2,0.18,1248.0
733992,上櫃,0.0,0.0,0.0
733993,上櫃,0.21,0.26,95.0
734030,上櫃,0.0,0.0,0.0
734033,上櫃,13.0,13.0,1.0
734041,上櫃,2.32,2.55,23.0
734042,上櫃,0.17,0.16,31.0
734067,上櫃,0.0,0.0,0.0
734100,上櫃,0.55,0.63,29.0
734101,上櫃,0.26,0.3,387.0
734102,上櫃,0.0,0.0,0.0
734103,上櫃,0.0,0.0,0.0
734134,上櫃,0.0,0.0,0.0
734135,上櫃,0.08,0.09,50.0
734136,上櫃,0.0,0.0,0.0
734137,上櫃,3.07,3.01,30.0
734138,上櫃,2.5,2.5,3.0
734139,上櫃,1.57,1.72,30.0
734145,上櫃,0.0,0.0,0.0
734158,上櫃,0.0,0.0,0.0
734160,上櫃,0.0,0.0,0.0
734162,上櫃,1.2,1.13,133.0
734202,上櫃,0.0,0.0,0.0
734205,上櫃,0.0,0.0,0.0
734206,上櫃,0.0,0.0,0.0
734207,上櫃,0.0,0.0,0.0
734208,上櫃,0.0,0.0,0.0
734209,上櫃,3.29,3.64,109.0
734210,上櫃,2.56,2.56,140.0
734228,上櫃,1.53,1.53,10.0
734230,上櫃,0.2,0.19,111.0
734232,上櫃,0.0,0.0,0.0
734249,上櫃,0.0,0.0,0.0
734252,上櫃,0.0,0.0,0.0
734276,上櫃,0.0,0.0,0.0
734277,上櫃,0.0,0.0,0.0
734278,上櫃,0.0,0.0,0.0
734280,上櫃,0.0,0.0,0.0
734281,上櫃,0.0,0.0,0.0
734282,上櫃,0.0,0.0,0.0
734283,上櫃,0.0,0.0,0.0
734284,上櫃,10.5,10.5,5.0
734285,上櫃,0.0,0.0,0.0
734286,上櫃,0.0,0.0,0.0
734287,上櫃,1.63,1.5,542.0
734288,上櫃,0.0,0.0,0.0
734289,上櫃,0.48,0.48,254.0
734290,上櫃,0.25,0.25,100.0
734291,上櫃,0.72,0.72,5.0
734292,上櫃,9.7,9.7,1.0
734293,上櫃,0.12,0.12,27.0
734294,上櫃,0.0,0.0,0.0
734342,上櫃,1.29,1.29,1.0
734344,上櫃,0.0,0.0,0.0
734345,上櫃,0.0,0.0,0.0
734346,上櫃,0.92,0.87,50.0
734347,上櫃,0.0,0.0,0.0
734348,上櫃,0.0,0.0,0.0
734351,上櫃,0.0,0.0,0.0
734352,上櫃,0.0,0.0,0.0
734354,上櫃,0.0,0.0,0.0
734355,上櫃,0.0,0.0,0.0
734359,上櫃,0.0,0.0,0.0
734386,上櫃,3.89,3.84,3.0
734408,上櫃,0.0,0.0,0.0
734409,上櫃,0.0,0.0,0.0
734410,上櫃,0.0,0.0,0.0
734411,上櫃,0.0,0.0,0.0
734412,上櫃,0.32,0.29,532.0
734413,上櫃,0.0,0.0,0.0
734414,上櫃,0.0,0.0,0.0
734415,上櫃,0.55,0.65,865.0
734416,上櫃,0.0,0.0,0.0
734417,上櫃,0.0,0.0,0.0
734468,上櫃,0.0,0.0,0.0
734505,上櫃,0.0,0.0,0.0
734506,上櫃,0.37,0.27,14.0
734507,上櫃,0.0,0.0,0.0
734508,上櫃,0.0,0.0,0.0
734509,上櫃,0.0,0.0,0.0
734510,上櫃,0.0,0.0,0.0
734511,上櫃,0.0,0.0,0.0
734512,上櫃,0.0,0.0,0.0
734513,上櫃,0.0,0.0,0.0
734514,上櫃,0.0,0.0,0.0
734515,上櫃,37.3,38.2,3.0
734516,上櫃,0.0,0.0,0.0
734518,上櫃,3.17,3.17,10.0
734519,上櫃,2.6,2.78,12.0
734520,上櫃,0.0,0.0,0.0
734521,上櫃,0.0,0.0,0.0
734522,上櫃,5.9,5.9,30.0
734523,上櫃,2.0,2.0,21.0
734524,上櫃,0.0,0.0,0.0
734525,上櫃,0.38,0.32,650.0
734534,上櫃,0.0,0.0,0.0
734535,上櫃,0.0,0.0,0.0
734574,上櫃,1.69,1.91,45.0
734605,上櫃,0.0,0.0,0.0
734606,上櫃,0.0,0.0,0.0
734607,上櫃,0.0,0.0,0.0
734608,上櫃,0.0,0.0,0.0
734609,上櫃,0.0,0.0,0.0
734613,上櫃,0.98,0.94,340.0
734614,上櫃,0.0,0.0,0.0
734615,上櫃,0.0,0.0,0.0
734616,上櫃,0.0,0.0,0.0
734618,上櫃,0.0,0.0,0.0
734619,上櫃,2.54,2.54,4.0
734620,上櫃,0.0,0.0,0.0
734621,上櫃,2.57,2.57,1.0
734628,上櫃,0.0,0.0,0.0
734639,上櫃,0.0,0.0,0.0
734706,上櫃,0.0,0.0,0.0
734707,上櫃,0.7,0.7,64.0
734708,上櫃,0.0,0.0,0.0
734709,上櫃,0.0,0.0,0.0
734710,上櫃,0.73,0.76,155.0
734743,上櫃,0.0,0.0,0.0
734745,上櫃,0.0,0.0,0.0
734747,上櫃,0.0,0.0,0.0
734780,上櫃,0.6,0.56,117.0
734781,上櫃,0.25,0.23,1158.0
734782,上櫃,0.0,0.0,0.0
734783,上櫃,0.0,0.0,0.0
734784,上櫃,1.16,1.18,19.0
734785,上櫃,3.24,3.43,147.0
734786,上櫃,0.37,0.37,270.0
734787,上櫃,0.0,0.0,0.0
734791,上櫃,0.0,0.0,0.0
734805,上櫃,0.86,0.87,37.0
734857,上櫃,0.69,0.6,284.0
734859,上櫃,0.0,0.0,0.0
734869,上櫃,0.0,0.0,0.0
734870,上櫃,0.0,0.0,0.0
734871,上櫃,0.0,0.0,0.0
734872,上櫃,0.0,0.0,0.0
734873,上櫃,1.39,1.52,27.0
734874,上櫃,0.0,0.0,0.0
734880,上櫃,0.0,0.0,0.0
734886,上櫃,0.0,0.0,0.0
734892,上櫃,3.46,3.46,1.0
734910,上櫃,0.0,0.0,0.0
734923,上櫃,0.0,0.0,0.0
734925,上櫃,0.0,0.0,0.0
734926,上櫃,0.0,0.0,0.0
734937,上櫃,0.0,0.0,0.0
734938,上櫃,2.0,1.93,42.0
734939,上櫃,0.25,0.24,40.0
734940,上櫃,1.08,1.08,2.0
734941,上櫃,12.8,12.8,2.0
734967,上櫃,0.0,0.0,0.0
734991,上櫃,0.0,0.0,0.0
734992,上櫃,0.0,0.0,0.0
734993,上櫃,0.0,0.0,0.0
734994,上櫃,0.52,0.51,1739.0
734995,上櫃,0.0,0.0,0.0
734996,上櫃,0.0,0.0,0.0
735000,上櫃,13.5,13.9,10.0
735009,上櫃,0.0,0.0,0.0
735011,上櫃,0.0,0.0,0.0
735012,上櫃,0.0,0.0,0.0
735013,上櫃,37.0,37.8,15.0
735021,上櫃,0.0,0.0,0.0
735028,上櫃,0.0,0.0,0.0
735029,上櫃,3.7,3.55,194.0
735030,上櫃,0.0,0.0,0.0
735035,上櫃,2.1,2.1,2.0
735045,上櫃,0.0,0.0,0.0
735046,上櫃,0.0,0.0,0.0
735047,上櫃,0.4,0.39,164.0
735056,上櫃,0.0,0.0,0.0
735073,上櫃,0.0,0.0,0.0
735086,上櫃,3.17,3.17,30.0
735089,上櫃,0.0,0.0,0.0
735090,上櫃,0.11,0.11,50.0
735102,上櫃,0.0,0.0,0.0
735103,上櫃,0.1,0.09,9.0
735104,上櫃,0.0,0.0,0.0
735105,上櫃,0.0,0.0,0.0
735106,上櫃,0.0,0.0,0.0
735122,上櫃,0.0,0.0,0.0
735181,上櫃,0.03,0.03,30.0
735182,上櫃,0.16,0.16,70.0
735183,上櫃,0.0,0.0,0.0
735184,上櫃,0.0,0.0,0.0
735211,上櫃,0.0,0.0,0.0
735213,上櫃,0.0,0.0,0.0
735217,上櫃,4.47,4.47,1.0
735239,上櫃,0.0,0.0,0.0
735257,上櫃,3.07,3.83,208.0
735271,上櫃,0.0,0.0,0.0
735272,上櫃,0.0,0.0,0.0
735273,上櫃,0.0,0.0,0.0
735274,上櫃,0.0,0.0,0.0
735299,上櫃,0.0,0.0,0.0
735300,上櫃,0.0,0.0,0.0
735301,上櫃,0.0,0.0,0.0
735302,上櫃,0.55,0.56,37.0
735303,上櫃,0.0,0.0,0.0
735304,上櫃,1.0,1.07,11.0
735305,上櫃,0.0,0.0,0.0
735306,上櫃,0.73,0.76,13.0
735307,上櫃,0.0,0.0,0.0
735312,上櫃,4.95,4.95,10.0
735323,上櫃,0.0,0.0,0.0
735343,上櫃,0.0,0.0,0.0
735344,上櫃,0.0,0.0,0.0
735352,上櫃,0.0,0.0,0.0
735370,上櫃,6.85,6.85,12.0
735387,上櫃,0.12,0.12,60.0
735388,上櫃,0.0,0.0,0.0
735389,上櫃,0.0,0.0,0.0
735390,上櫃,0.0,0.0,0.0
735391,上櫃,0.0,0.0,0.0
735392,上櫃,1.78,1.78,1.0
735432,上櫃,0.0,0.0,0.0
735444,上櫃,0.0,0.0,0.0
735445,上櫃,0.0,0.0,0.0
735472,上櫃,0.0,0.0,0.0
735488,上櫃,0.0,0.0,0.0
735489,上櫃,0.0,0.0,0.0
735507,上櫃,0.0,0.0,0.0
735508,上櫃,0.0,0.0,0.0
735509,上櫃,0.0,0.0,0.0
735510,上櫃,0.67,0.64,97.0
735511,上櫃,0.62,0.55,125.0
735512,上櫃,3.15,3.15,11.0
735513,上櫃,0.35,0.34,478.0
735518,上櫃,0.0,0.0,0.0
735523,上櫃,0.0,0.0,0.0
735534,上櫃,0.0,0.0,0.0
735556,上櫃,0.0,0.0,0.0
735557,上櫃,0.0,0.0,0.0
735558,上櫃,0.0,0.0,0.0
735559,上櫃,0.0,0.0,0.0
735560,上櫃,0.0,0.0,0.0
735561,上櫃,0.0,0.0,0.0
735562,上櫃,0.0,0.0,0.0
735563,上櫃,0.53,0.53,10.0
735564,上櫃,0.74,0.74,70.0
735565,上櫃,0.0,0.0,0.0
735566,上櫃,2.45,2.45,5.0
735580,上櫃,0.0,0.0,0.0
735598,上櫃,16.0,16.0,1.0
735621,上櫃,5.05,5.05,50.0
735622,上櫃,0.0,0.0,0.0
735636,上櫃,0.0,0.0,0.0
735646,上櫃,0.0,0.0,0.0
735647,上櫃,0.23,0.23,4.0
735648,上櫃,0.0,0.0,0.0
735649,上櫃,1.13,1.12,40.0
735650,上櫃,0.95,0.95,2.0
735651,上櫃,2.5,2.5,5.0
735652,上櫃,0.0,0.0,0.0
735653,上櫃,0.0,0.0,0.0
735654,上櫃,0.6,0.61,710.0
735655,上櫃,0.0,0.0,0.0
735656,上櫃,0.0,0.0,0.0
735657,上櫃,0.0,0.0,0.0
735658,上櫃,0.0,0.0,0.0
735659,上櫃,0.0,0.0,0.0
735660,上櫃,0.0,0.0,0.0
735661,上櫃,0.0,0.0,0.0
735662,上櫃,0.35,0.36,30.0
735663,上櫃,0.0,0.0,0.0
735664,上櫃,1.33,1.03,345.0
735665,上櫃,0.91,0.97,160.0
735666,上櫃,0.0,0.0,0.0
735675,上櫃,0.0,0.0,0.0
735683,上櫃,0.0,0.0,0.0
735719,上櫃,0.0,0.0,0.0
735723,上櫃,0.0,0.0,0.0
735724,上櫃,0.0,0.0,0.0
735726,上櫃,2.83,3.0,3.0
735727,上櫃,0.1,0.1,1.0
735728,上櫃,0.2,0.2,100.0
735729,上櫃,0.0,0.0,0.0
735730,上櫃,0.0,0.0,0.0
735731,上櫃,0.0,0.0,0.0
735732,上櫃,0.0,0.0,0.0
735733,上櫃,0.09,0.09,200.0
735734,上櫃,0.0,0.0,0.0
735743,上櫃,5.2,5.05,13.0
735754,上櫃,0.0,0.0,0.0
735758,上櫃,0.0,0.0,0.0
735786,上櫃,0.0,0.0,0.0
735789,上櫃,0.0,0.0,0.0
735791,上櫃,0.0,0.0,0.0
735797,上櫃,0.0,0.0,0.0
735804,上櫃,0.0,0.0,0.0
735807,上櫃,1.11,1.12,130.0
735844,上櫃,0.0,0.0,0.0
735847,上櫃,0.0,0.0,0.0
735848,上櫃,0.0,0.0,0.0
735849,上櫃,0.0,0.0,0.0
735850,上櫃,0.0,0.0,0.0
735851,上櫃,0.0,0.0,0.0
735852,上櫃,0.81,0.84,487.0
735853,上櫃,0.0,0.0,0.0
735854,上櫃,0.31,0.33,76.0
735855,上櫃,4.45,4.56,621.0
735856,上櫃,0.0,0.0,0.0
735857,上櫃,0.0,0.0,0.0
735858,上櫃,0.0,0.0,0.0
735859,上櫃,1.74,1.74,5.0
735860,上櫃,0.0,0.0,0.0
735871,上櫃,0.0,0.0,0.0
735909,上櫃,0.0,0.0,0.0
735916,上櫃,2.15,2.21,3.0
735917,上櫃,0.0,0.0,0.0
735918,上櫃,0.69,0.71,1481.0
735919,上櫃,0.0,0.0,0.0
735920,上櫃,0.0,0.0,0.0
735921,上櫃,5.6,5.6,3.0
735922,上櫃,1.16,1.15,47.0
735923,上櫃,0.0,0.0,0.0
735924,上櫃,0.0,0.0,0.0
735925,上櫃,0.0,0.0,0.0
735926,上櫃,15.4,15.4,1.0
735932,上櫃,0.0,0.0,0.0
735962,上櫃,0.08,0.08,298.0
735963,上櫃,0.0,0.0,0.0
735964,上櫃,0.0,0.0,0.0
735974,上櫃,0.0,0.0,0.0
735975,上櫃,0.08,0.08,9.0
736006,上櫃,0.14,0.14,50.0
736009,上櫃,0.0,0.0,0.0
736010,上櫃,0.0,0.0,0.0
736011,上櫃,0.0,0.0,0.0
736039,上櫃,0.0,0.0,0.0
736079,上櫃,0.0,0.0,0.0
736081,上櫃,1.62,1.6,22.0
736082,上櫃,0.71,0.7,1054.0
736083,上櫃,0.0,0.0,0.0
736084,上櫃,0.0,0.0,0.0
736085,上櫃,0.0,0.0,0.0
736086,上櫃,0.0,0.0,0.0
736087,上櫃,2.59,2.59,30.0
736088,上櫃,0.0,0.0,0.0
736090,上櫃,0.0,0.0,0.0
736116,上櫃,0.0,0.0,0.0
736124,上櫃,0.0,0.0,0.0
736125,上櫃,0.0,0.0,0.0
736153,上櫃,5.5,5.5,10.0
736154,上櫃,1.13,1.17,441.0
736155,上櫃,0.0,0.0,0.0
736156,上櫃,1.98,2.27,210.0
736157,上櫃,0.0,0.0,0.0
736158,上櫃,0.0,0.0,0.0
736159,上櫃,0.0,0.0,0.0
736160,上櫃,5.9,5.85,120.0
736161,上櫃,2.14,2.3,37.0
736162,上櫃,0.66,0.63,805.0
736163,上櫃,0.0,0.0,0.0
736164,上櫃,0.0,0.0,0.0
736177,上櫃,0.0,0.0,0.0
736188,上櫃,0.0,0.0,0.0
736210,上櫃,0.0,0.0,0.0
736216,上櫃,0.0,0.0,0.0
736238,上櫃,0.7,0.8,234.0
736239,上櫃,0.06,0.06,30.0
736241,上櫃,0.77,0.81,364.0
736242,上櫃,0.71,0.75,661.0
736243,上櫃,0.81,0.8,159.0
736244,上櫃,5.55,5.7,28.0
736245,上櫃,0.41,0.41,42.0
736247,上櫃,0.09,0.09,351.0
736248,上櫃,0.8,0.8,10.0
736249,上櫃,0.46,0.51,166.0
736250,上櫃,0.12,0.12,10.0
736251,上櫃,2.09,2.13,16.0
736258,上櫃,0.0,0.0,0.0
736287,上櫃,0.0,0.0,0.0
736288,上櫃,0.78,0.86,467.0
736306,上櫃,0.05,0.05,1.0
736307,上櫃,0.3,0.27,33.0
736311,上櫃,0.0,0.0,0.0
736320,上櫃,0.0,0.0,0.0
736322,上櫃,0.0,0.0,0.0
736323,上櫃,4.37,4.37,5.0
736335,上櫃,0.0,0.0,0.0
736346,上櫃,0.0,0.0,0.0
736347,上櫃,0.1,0.09,30.0
736348,上櫃,0.1,0.15,20.0
736349,上櫃,0.74,0.81,1625.0
736350,上櫃,0.36,0.4,689.0
736351,上櫃,0.38,0.38,5.0
736352,上櫃,0.35,0.33,136.0
736353,上櫃,0.3,0.3,70.0
736354,上櫃,0.35,0.38,223.0
736355,上櫃,5.8,5.8,5.0
736356,上櫃,0.1,0.1,2313.0
736357,上櫃,0.11,0.11,3.0
736358,上櫃,0.0,0.0,0.0
736359,上櫃,0.0,0.0,0.0
736360,上櫃,1.19,1.3,122.0
736361,上櫃,0.0,0.0,0.0
736362,上櫃,0.0,0.0,0.0
736399,上櫃,0.0,0.0,0.0
736400,上櫃,0.0,0.0,0.0
736401,上櫃,0.0,0.0,0.0
736403,上櫃,0.0,0.0,0.0
736405,上櫃,0.0,0.0,0.0
736411,上櫃,0.0,0.0,0.0
736421,上櫃,50.0,50.0,1.0
736427,上櫃,0.3,0.29,2.0
736428,上櫃,0.84,0.89,649.0
736429,上櫃,0.0,0.0,0.0
736430,上櫃,1.34,1.35,51.0
736431,上櫃,1.09,1.12,51.0
736432,上櫃,0.0,0.0,0.0
736433,上櫃,0.0,0.0,0.0
736434,上櫃,0.48,0.49,74.0
736435,上櫃,0.0,0.0,0.0
736436,上櫃,4.69,4.69,10.0
736437,上櫃,0.0,0.0,0.0
736438,上櫃,1.59,1.73,355.0
736439,上櫃,0.0,0.0,0.0
736440,上櫃,0.5,0.57,459.0
736441,上櫃,0.0,0.0,0.0
736442,上櫃,1.77,1.78,532.0
736443,上櫃,0.73,0.71,281.0
736444,上櫃,8.4,8.4,20.0
736447,上櫃,2.75,2.85,9.0
736452,上櫃,0.0,0.0,0.0
736472,上櫃,0.0,0.0,0.0
736474,上櫃,0.31,0.34,81.0
736475,上櫃,1.61,1.61,20.0
736476,上櫃,0.47,0.48,12.0
736477,上櫃,0.0,0.0,0.0
736478,上櫃,1.41,1.42,45.0
736479,上櫃,0.75,0.72,76.0
736480,上櫃,0.0,0.0,0.0
736483,上櫃,0.38,0.38,114.0
736488,上櫃,0.02,0.02,9.0
736489,上櫃,0.0,0.0,0.0
736495,上櫃,0.0,0.0,0.0
736496,上櫃,0.0,0.0,0.0
736501,上櫃,0.06,0.06,10.0
736503,上櫃,0.0,0.0,0.0
736505,上櫃,32.0,32.0,10.0
736506,上櫃,16.9,16.9,1.0
736518,上櫃,0.0,0.0,0.0
736523,上櫃,0.39,0.39,50.0
736524,上櫃,1.16,1.19,17.0
736528,上櫃,3.54,3.54,10.0
736536,上櫃,0.05,0.05,10.0
736538,上櫃,0.0,0.0,0.0
736540,上櫃,0.0,0.0,0.0
736559,上櫃,0.0,0.0,0.0
736561,上櫃,0.0,0.0,0.0
736567,上櫃,0.33,0.32,5.0
736576,上櫃,0.0,0.0,0.0
736581,上櫃,0.0,0.0,0.0
736584,上櫃,0.0,0.0,0.0
736585,上櫃,0.17,0.19,221.0
736586,上櫃,0.15,0.15,10.0
736587,上櫃,0.89,0.89,10.0
736593,上櫃,22.5,22.5,1.0
736604,上櫃,0.0,0.0,0.0
736621,上櫃,0.56,0.56,10.0
736627,上櫃,0.27,0.27,20.0
736640,上櫃,0.0,0.0,0.0
736641,上櫃,0.0,0.0,0.0
736649,上櫃,0.0,0.0,0.0
736650,上櫃,0.0,0.0,0.0
736653,上櫃,0.0,0.0,0.0
736660,上櫃,0.0,0.0,0.0
736672,上櫃,0.0,0.0,0.0
736722,上櫃,0.0,0.0,0.0
736735,上櫃,1.49,1.49,10.0
736736,上櫃,1.44,1.64,66.0
736737,上櫃,1.0,1.26,226.0
736738,上櫃,0.0,0.0,0.0
736739,上櫃,0.11,0.12,51.0
736740,上櫃,0.18,0.31,180.0
736741,上櫃,0.21,0.22,510.0
736742,上櫃,0.0,0.0,0.0
736743,上櫃,0.0,0.0,0.0
736748,上櫃,0.0,0.0,0.0
736750,上櫃,3.77,4.32,34.0
736756,上櫃,0.0,0.0,0.0
736775,上櫃,0.0,0.0,0.0
736780,上櫃,0.0,0.0,0.0
736787,上櫃,0.0,0.0,0.0
736792,上櫃,0.0,0.0,0.0
736793,上櫃,0.0,0.0,0.0
736795,上櫃,12.0,12.0,2.0
736800,上櫃,0.0,0.0,0.0
736833,上櫃,0.01,0.01,14.0
736834,上櫃,0.54,0.61,240.0
736855,上櫃,21.9,21.9,1.0
736856,上櫃,0.0,0.0,0.0
736883,上櫃,4.9,4.9,15.0
736884,上櫃,0.0,0.0,0.0
736904,上櫃,0.0,0.0,0.0
736914,上櫃,0.0,0.0,0.0
736921,上櫃,0.0,0.0,0.0
736922,上櫃,9.6,10.4,106.0
736930,上櫃,0.3,0.3,60.0
736931,上櫃,0.0,0.0,0.0
736932,上櫃,6.35,6.6,22.0
736933,上櫃,0.0,0.0,0.0
736934,上櫃,5.35,5.4,87.0
736935,上櫃,1.7,1.71,95.0
736936,上櫃,3.56,3.56,10.0
736937,上櫃,0.0,0.0,0.0
736938,上櫃,0.0,0.0,0.0
736951,上櫃,0.0,0.0,0.0
736960,上櫃,0.0,0.0,0.0
736964,上櫃,0.0,0.0,0.0
736972,上櫃,1.43,1.49,10.0
736976,上櫃,0.0,0.0,0.0
736982,上櫃,0.0,0.0,0.0
736987,上櫃,1.01,1.01,10.0
736994,上櫃,0.31,0.31,5.0
736995,上櫃,6.25,6.25,22.0
736996,上櫃,0.0,0.0,0.0
736997,上櫃,0.0,0.0,0.0
737003,上櫃,0.0,0.0,0.0
737004,上櫃,0.0,0.0,0.0
737011,上櫃,0.0,0.0,0.0
737015,上櫃,0.0,0.0,0.0
737027,上櫃,0.0,0.0,0.0
737038,上櫃,0.0,0.0,0.0
737042,上櫃,0.02,0.02,30.0
737050,上櫃,0.0,0.0,0.0
737051,上櫃,0.14,0.14,4.0
737058,上櫃,8.3,8.3,12.0
737078,上櫃,0.15,0.15,2.0
737085,上櫃,0.15,0.15,1.0
737086,上櫃,1.53,1.55,36.0
737088,上櫃,3.64,3.82,4.0
737092,上櫃,0.0,0.0,0.0
737106,上櫃,0.0,0.0,0.0
737121,上櫃,0.0,0.0,0.0
737127,上櫃,0.0,0.0,0.0
737129,上櫃,0.0,0.0,0.0
737132,上櫃,0.0,0.0,0.0
737147,上櫃,7.0,7.0,4.0
737150,上櫃,0.64,0.6,93.0
737151,上櫃,0.0,0.0,0.0
737152,上櫃,0.0,0.0,0.0
737153,上櫃,0.19,0.19,10.0
737154,上櫃,1.99,1.98,6.0
737155,上櫃,0.0,0.0,0.0
737156,上櫃,0.0,0.0,0.0
737157,上櫃,0.0,0.0,0.0
737158,上櫃,5.65,5.65,1.0
737159,上櫃,0.31,0.33,113.0
737160,上櫃,0.0,0.0,0.0
737161,上櫃,0.0,0.0,0.0
737162,上櫃,4.86,4.86,2.0
737163,上櫃,0.0,0.0,0.0
737164,上櫃,0.43,0.42,66.0
737165,上櫃,1.13,1.3,92.0
737166,上櫃,0.0,0.0,0.0
737175,上櫃,0.0,0.0,0.0
737177,上櫃,0.0,0.0,0.0
737184,上櫃,0.0,0.0,0.0
737186,上櫃,0.0,0.0,0.0
737188,上櫃,0.05,0.05,1.0
737195,上櫃,0.0,0.0,0.0
737196,上櫃,0.0,0.0,0.0
737197,上櫃,1.83,1.77,22.0
737198,上櫃,1.82,1.76,94.0
737202,上櫃,0.0,0.0,0.0
737203,上櫃,0.0,0.0,0.0
737204,上櫃,3.09,3.36,41.0
737205,上櫃,0.0,0.0,0.0
737210,上櫃,0.0,0.0,0.0
737211,上櫃,0.0,0.0,0.0
737223,上櫃,0.0,0.0,0.0
737230,上櫃,0.0,0.0,0.0
737255,上櫃,0.0,0.0,0.0
737257,上櫃,0.0,0.0,0.0
737267,上櫃,0.67,0.73,270.0
737270,上櫃,0.0,0.0,0.0
737276,上櫃,0.0,0.0,0.0
737278,上櫃,0.0,0.0,0.0
737285,上櫃,1.02,1.02,70.0
737286,上櫃,0.51,0.5,31.0
737292,上櫃,0.0,0.0,0.0
737295,上櫃,4.53,5.1,348.0
737299,上櫃,0.0,0.0,0.0
737319,上櫃,0.18,0.18,499.0
737320,上櫃,0.01,0.01,10.0
737321,上櫃,0.9,0.91,339.0
737322,上櫃,1.75,1.75,3.0
737323,上櫃,0.08,0.11,17.0
737324,上櫃,0.94,0.89,5.0
737325,上櫃,0.45,0.46,342.0
737326,上櫃,0.0,0.0,0.0
737327,上櫃,3.7,3.56,18.0
737328,上櫃,0.42,0.47,141.0
737329,上櫃,0.0,0.0,0.0
737330,上櫃,0.0,0.0,0.0
737331,上櫃,0.0,0.0,0.0
737332,上櫃,4.93,5.0,36.0
737333,上櫃,0.0,0.0,0.0
737334,上櫃,0.75,0.75,5.0
737335,上櫃,0.0,0.0,0.0
737336,上櫃,1.29,1.29,10.0
737337,上櫃,0.0,0.0,0.0
737338,上櫃,0.0,0.0,0.0
737352,上櫃,0.0,0.0,0.0
737354,上櫃,0.0,0.0,0.0
737389,上櫃,0.0,0.0,0.0
737396,上櫃,0.0,0.0,0.0
737404,上櫃,5.6,5.85,9.0
737426,上櫃,0.33,0.4,15.0
737427,上櫃,0.0,0.0,0.0
737428,上櫃,0.0,0.0,0.0
737450,上櫃,0.0,0.0,0.0
737468,上櫃,0.0,0.0,0.0
737487,上櫃,3.59,4.14,40.0
737490,上櫃,0.09,0.1,1038.0
737491,上櫃,0.22,0.23,90.0
737493,上櫃,0.0,0.0,0.0
737495,上櫃,0.18,0.22,163.0
737510,上櫃,0.0,0.0,0.0
737517,上櫃,1.4,1.4,4.0
737518,上櫃,0.0,0.0,0.0
737529,上櫃,0.0,0.0,0.0
737541,上櫃,0.0,0.0,0.0
737579,上櫃,0.0,0.0,0.0
737600,上櫃,0.0,0.0,0.0
737606,上櫃,0.0,0.0,0.0
737629,上櫃,0.0,0.0,0.0
737671,上櫃,0.0,0.0,0.0
737675,上櫃,7.5,7.5,20.0
737687,上櫃,13.5,13.4,15.0
737688,上櫃,0.0,0.0,0.0
737692,上櫃,0.66,0.62,131.0
737701,上櫃,0.08,0.1,75.0
737704,上櫃,0.0,0.0,0.0
737705,上櫃,3.09,3.0,7.0
737744,上櫃,0.0,0.0,0.0
737745,上櫃,0.0,0.0,0.0
737747,上櫃,0.0,0.0,0.0
737754,上櫃,0.0,0.0,0.0
737755,上櫃,0.0,0.0,0.0
737757,上櫃,0.0,0.0,0.0
737768,上櫃,0.0,0.0,0.0
737769,上櫃,0.0,0.0,0.0
737773,上櫃,0.0,0.0,0.0
737776,上櫃,0.0,0.0,0.0
737777,上櫃,0.0,0.0,0.0
737779,上櫃,0.0,0.0,0.0
737784,上櫃,0.0,0.0,0.0
737787,上櫃,0.0,0.0,0.0
737792,上櫃,0.0,0.0,0.0
737795,上櫃,5.5,4.99,36.0
737799,上櫃,1.39,1.51,2.0
737800,上櫃,2.17,2.17,792.0
737801,上櫃,2.31,2.37,430.0
737803,上櫃,0.0,0.0,0.0
737808,上櫃,0.0,0.0,0.0
737809,上櫃,0.0,0.0,0.0
737810,上櫃,0.0,0.0,0.0
737816,上櫃,0.0,0.0,0.0
737819,上櫃,0.0,0.0,0.0
737820,上櫃,0.0,0.0,0.0
737821,上櫃,0.0,0.0,0.0
737826,上櫃,0.0,0.0,0.0
737831,上櫃,1.06,0.85,41.0
737837,上櫃,0.0,0.0,0.0
737841,上櫃,0.0,0.0,0.0
737843,上櫃,0.0,0.0,0.0
737846,上櫃,0.0,0.0,0.0
737856,上櫃,0.0,0.0,0.0
737860,上櫃,0.0,0.0,0.0
737866,上櫃,0.0,0.0,0.0
737867,上櫃,0.0,0.0,0.0
737868,上櫃,0.0,0.0,0.0
737869,上櫃,0.0,0.0,0.0
737870,上櫃,0.16,0.16,1.0
737871,上櫃,0.0,0.0,0.0
737876,上櫃,0.0,0.0,0.0
737880,上櫃,0.0,0.0,0.0
737885,上櫃,3.36,3.46,160.0
737888,上櫃,0.0,0.0,0.0
737892,上櫃,0.0,0.0,0.0
737905,上櫃,0.0,0.0,0.0
737912,上櫃,0.0,0.0,0.0
737913,上櫃,4.65,4.98,3.0
737914,上櫃,0.0,0.0,0.0
737919,上櫃,0.0,0.0,0.0
737924,上櫃,0.0,0.0,0.0
737926,上櫃,0.01,0.01,10.0
737927,上櫃,0.12,0.09,5.0
737928,上櫃,6.4,6.4,1.0
737929,上櫃,2.92,2.88,40.0
737930,上櫃,3.8,3.74,12.0
737931,上櫃,0.49,0.52,418.0
737932,上櫃,0.01,0.01,30.0
737933,上櫃,0.0,0.0,0.0
737935,上櫃,0.0,0.0,0.0
737939,上櫃,0.0,0.0,0.0
737940,上櫃,0.0,0.0,0.0
737944,上櫃,0.0,0.0,0.0
737950,上櫃,0.0,0.0,0.0
737953,上櫃,0.0,0.0,0.0
737955,上櫃,0.49,0.96,80.0
737958,上櫃,0.0,0.0,0.0
737966,上櫃,0.0,0.0,0.0
737972,上櫃,23.4,23.8,15.0
737973,上櫃,0.0,0.0,0.0
737974,上櫃,0.0,0.0,0.0
737975,上櫃,0.0,0.0,0.0
737976,上櫃,0.0,0.0,0.0
737978,上櫃,0.0,0.0,0.0
737980,上櫃,0.0,0.0,0.0
737981,上櫃,0.0,0.0,0.0
737982,上櫃,0.28,0.28,107.0
737983,上櫃,1.92,1.92,10.0
737984,上櫃,0.0,0.0,0.0
737986,上櫃,0.0,0.0,0.0
737989,上櫃,0.0,0.0,0.0
737990,上櫃,9.7,10.4,4.0
737991,上櫃,0.0,0.0,0.0
737995,上櫃,0.0,0.0,0.0
737997,上櫃,0.0,0.0,0.0
737998,上櫃,0.0,0.0,0.0
737999,上櫃,12.2,12.6,7.0
738001,上櫃,7.75,7.75,1.0
738002,上櫃,0.0,0.0,0.0
738009,上櫃,0.0,0.0,0.0
738014,上櫃,0.0,0.0,0.0
738015,上櫃,0.0,0.0,0.0
738020,上櫃,0.0,0.0,0.0
738021,上櫃,0.15,0.15,5.0
738026,上櫃,0.0,0.0,0.0
738032,上櫃,0.0,0.0,0.0
738036,上櫃,0.0,0.0,0.0
738041,上櫃,0.05,0.05,100.0
738042,上櫃,0.0,0.0,0.0
738044,上櫃,13.8,13.8,1.0
738049,上櫃,1.93,3.12,208.0
738051,上櫃,0.0,0.0,0.0
738053,上櫃,0.32,0.29,56.0
738060,上櫃,0.0,0.0,0.0
738071,上櫃,0.0,0.0,0.0
738072,上櫃,0.0,0.0,0.0
738074,上櫃,0.0,0.0,0.0
738079,上櫃,0.0,0.0,0.0
738080,上櫃,0.0,0.0,0.0
738081,上櫃,0.0,0.0,0.0
738082,上櫃,0.0,0.0,0.0
738086,上櫃,0.0,0.0,0.0
738091,上櫃,0.0,0.0,0.0
738092,上櫃,0.0,0.0,0.0
738093,上櫃,0.0,0.0,0.0
738097,上櫃,4.6,5.2,2.0
738100,上櫃,0.0,0.0,0.0
738102,上櫃,0.0,0.0,0.0
738105,上櫃,0.0,0.0,0.0
738106,上櫃,0.15,0.15,27.0
738108,上櫃,0.0,0.0,0.0
738112,上櫃,0.0,0.0,0.0
738113,上櫃,2.71,3.22,697.0
738114,上櫃,3.36,4.17,373.0
738116,上櫃,0.0,0.0,0.0
738117,上櫃,0.0,0.0,0.0
738123,上櫃,0.0,0.0,0.0
738128,上櫃,0.72,0.72,28.0
738130,上櫃,0.12,0.12,20.0
738131,上櫃,0.1,0.1,61.0
738132,上櫃,0.5,0.6,123.0
738133,上櫃,0.0,0.0,0.0
738134,上櫃,4.72,5.4,2.0
738135,上櫃,3.94,3.94,10.0
738136,上櫃,0.49,0.49,4.0
738137,上櫃,0.0,0.0,0.0
738138,上櫃,0.0,0.0,0.0
738139,上櫃,0.43,0.44,992.0
738140,上櫃,0.59,0.63,281.0
738141,上櫃,0.43,0.41,915.0
738142,上櫃,0.39,0.36,15.0
738143,上櫃,0.19,0.16,402.0
738144,上櫃,0.24,0.24,10.0
738145,上櫃,0.61,0.61,40.0
738146,上櫃,4.73,4.86,7.0
738147,上櫃,1.94,2.04,17.0
738148,上櫃,0.0,0.0,0.0
738149,上櫃,0.0,0.0,0.0
738150,上櫃,0.0,0.0,0.0
738151,上櫃,0.0,0.0,0.0
738152,上櫃,0.0,0.0,0.0
738153,上櫃,2.61,2.63,5.0
738154,上櫃,0.0,0.0,0.0
738155,上櫃,0.0,0.0,0.0
738156,上櫃,0.28,0.27,20.0
738157,上櫃,0.16,0.16,5.0
738159,上櫃,0.0,0.0,0.0
738160,上櫃,0.0,0.0,0.0
738169,上櫃,0.0,0.0,0.0
738182,上櫃,0.0,0.0,0.0
738183,上櫃,0.72,0.67,160.0
738184,上櫃,0.47,0.43,108.0
738185,上櫃,0.0,0.0,0.0
738186,上櫃,0.16,0.16,499.0
738187,上櫃,0.0,0.0,0.0
738188,上櫃,0.35,0.38,457.0
738189,上櫃,0.0,0.0,0.0
738190,上櫃,0.0,0.0,0.0
738191,上櫃,0.33,0.29,699.0
738192,上櫃,0.38,0.38,20.0
738193,上櫃,0.0,0.0,0.0
738194,上櫃,1.19,1.29,12.0
738195,上櫃,0.93,1.14,492.0
738196,上櫃,0.28,0.29,216.0
738197,上櫃,0.0,0.0,0.0
738198,上櫃,0.0,0.0,0.0
738199,上櫃,0.0,0.0,0.0
738202,上櫃,0.68,0.67,1055.0
738207,上櫃,10.8,10.8,1.0
738210,上櫃,0.0,0.0,0.0
738222,上櫃,0.0,0.0,0.0
738224,上櫃,0.0,0.0,0.0
738226,上櫃,0.0,0.0,0.0
738239,上櫃,0.0,0.0,0.0
738253,上櫃,0.0,0.0,0.0
738260,上櫃,0.0,0.0,0.0
738263,上櫃,0.0,0.0,0.0
738264,上櫃,0.0,0.0,0.0
738266,上櫃,0.0,0.0,0.0
738269,上櫃,0.0,0.0,0.0
738271,上櫃,0.0,0.0,0.0
738281,上櫃,0.45,0.44,15.0
738282,上櫃,0.0,0.0,0.0
738283,上櫃,0.43,0.41,199.0
738284,上櫃,0.79,1.09,46.0
738285,上櫃,0.0,0.0,0.0
738286,上櫃,0.54,0.54,108.0
738287,上櫃,0.74,0.71,183.0
738288,上櫃,0.41,0.5,102.0
738289,上櫃,0.0,0.0,0.0
738290,上櫃,0.03,0.03,200.0
738291,上櫃,0.9,0.93,98.0
738292,上櫃,0.0,0.0,0.0
738293,上櫃,0.0,0.0,0.0
738294,上櫃,0.02,0.03,21.0
738296,上櫃,0.0,0.0,0.0
738299,上櫃,0.0,0.0,0.0
738302,上櫃,0.0,0.0,0.0
738306,上櫃,0.0,0.0,0.0
738308,上櫃,0.0,0.0,0.0
738311,上櫃,0.0,0.0,0.0
738312,上櫃,0.0,0.0,0.0
738313,上櫃,10.3,10.3,10.0
738315,上櫃,0.0,0.0,0.0
738318,上櫃,0.0,0.0,0.0
738319,上櫃,0.11,0.11,10.0
738320,上櫃,0.0,0.0,0.0
738327,上櫃,0.0,0.0,0.0
738332,上櫃,0.0,0.0,0.0
738345,上櫃,0.0,0.0,0.0
738360,上櫃,0.0,0.0,0.0
738364,上櫃,0.0,0.0,0.0
738366,上櫃,0.0,0.0,0.0
738367,上櫃,0.58,0.51,1131.0
738373,上櫃,0.0,0.0,0.0
738374,上櫃,0.0,0.0,0.0
738382,上櫃,0.0,0.0,0.0
738383,上櫃,0.0,0.0,0.0
738391,上櫃,0.0,0.0,0.0
738403,上櫃,0.0,0.0,0.0
738404,上櫃,0.0,0.0,0.0
738411,上櫃,0.0,0.0,0.0
738423,上櫃,0.0,0.0,0.0
738426,上櫃,0.01,0.01,31.0
738427,上櫃,0.0,0.0,0.0
738437,上櫃,3.07,3.4,31.0
738439,上櫃,3.37,3.63,21.0
738440,上櫃,0.0,0.0,0.0
738442,上櫃,0.0,0.0,0.0
738446,上櫃,0.0,0.0,0.0
738447,上櫃,0.08,0.08,2.0
738451,上櫃,0.0,0.0,0.0
738456,上櫃,0.0,0.0,0.0
738461,上櫃,0.0,0.0,0.0
738465,上櫃,0.0,0.0,0.0
738468,上櫃,0.0,0.0,0.0
738472,上櫃,0.0,0.0,0.0
738473,上櫃,0.0,0.0,0.0
738477,上櫃,0.0,0.0,0.0
738481,上櫃,0.0,0.0,0.0
738486,上櫃,0.99,1.17,7.0
738487,上櫃,0.0,0.0,0.0
738491,上櫃,0.0,0.0,0.0
738492,上櫃,0.0,0.0,0.0
738493,上櫃,0.0,0.0,0.0
738496,上櫃,0.0,0.0,0.0
738497,上櫃,0.0,0.0,0.0
738499,上櫃,0.0,0.0,0.0
738503,上櫃,0.99,1.04,426.0
738510,上櫃,0.0,0.0,0.0
738514,上櫃,0.0,0.0,0.0
738515,上櫃,0.0,0.0,0.0
738517,上櫃,0.0,0.0,0.0
738521,上櫃,0.0,0.0,0.0
738522,上櫃,0.0,0.0,0.0
738531,上櫃,0.0,0.0,0.0
738535,上櫃,0.0,0.0,0.0
738555,上櫃,0.0,0.0,0.0
738556,上櫃,0.0,0.0,0.0
738557,上櫃,0.11,0.11,20.0
738558,上櫃,0.0,0.0,0.0
738566,上櫃,0.0,0.0,0.0
738567,上櫃,0.0,0.0,0.0
738577,上櫃,0.0,0.0,0.0
738587,上櫃,0.0,0.0,0.0
738588,上櫃,0.27,0.3,1367.0
738598,上櫃,0.0,0.0,0.0
738599,上櫃,0.0,0.0,0.0
738600,上櫃,0.0,0.0,0.0
738605,上櫃,0.15,0.15,9.0
738606,上櫃,0.0,0.0,0.0
738615,上櫃,0.0,0.0,0.0
738619,上櫃,0.0,0.0,0.0
738625,上櫃,0.0,0.0,0.0
738638,上櫃,0.0,0.0,0.0
738639,上櫃,2.68,2.68,1.0
738640,上櫃,0.0,0.0,0.0
738641,上櫃,0.0,0.0,0.0
738643,上櫃,16.8,16.8,2.0
738644,上櫃,0.0,0.0,0.0
738645,上櫃,0.0,0.0,0.0
738646,上櫃,0.0,0.0,0.0
738647,上櫃,0.0,0.0,0.0
738648,上櫃,3.81,3.81,1.0
738649,上櫃,0.0,0.0,0.0
738650,上櫃,0.0,0.0,0.0
738651,上櫃,0.55,0.55,200.0
738652,上櫃,0.23,0.18,56.0
738653,上櫃,0.34,0.3,792.0
738654,上櫃,0.0,0.0,0.0
738655,上櫃,0.0,0.0,0.0
738656,上櫃,0.0,0.0,0.0
738657,上櫃,0.0,0.0,0.0
738658,上櫃,0.3,0.28,165.0
738659,上櫃,0.13,0.13,50.0
738660,上櫃,0.0,0.0,0.0
738661,上櫃,0.0,0.0,0.0
738662,上櫃,0.0,0.0,0.0
738663,上櫃,1.99,2.05,24.0
738664,上櫃,24.7,26.8,9.0
738666,上櫃,2.82,3.32,212.0
738674,上櫃,23.3,23.3,1.0
738675,上櫃,0.13,0.13,100.0
738678,上櫃,0.0,0.0,0.0
738682,上櫃,0.02,0.02,31.0
738686,上櫃,0.0,0.0,0.0
738690,上櫃,0.0,0.0,0.0
738696,上櫃,0.0,0.0,0.0
738706,上櫃,0.0,0.0,0.0
738707,上櫃,0.0,0.0,0.0
738708,上櫃,0.0,0.0,0.0
738709,上櫃,0.0,0.0,0.0
738712,上櫃,0.0,0.0,0.0
738714,上櫃,0.0,0.0,0.0
738717,上櫃,0.0,0.0,0.0
738720,上櫃,0.0,0.0,0.0
738726,上櫃,1.35,1.47,72.0
738731,上櫃,0.4,0.35,24.0
738734,上櫃,0.0,0.0,0.0
738736,上櫃,0.0,0.0,0.0
738737,上櫃,0.0,0.0,0.0
738738,上櫃,0.5,0.65,1018.0
738739,上櫃,0.0,0.0,0.0
738740,上櫃,0.0,0.0,0.0
738741,上櫃,0.0,0.0,0.0
738742,上櫃,0.2,0.2,19.0
738743,上櫃,0.0,0.0,0.0
738744,上櫃,0.0,0.0,0.0
738745,上櫃,0.0,0.0,0.0
738746,上櫃,0.0,0.0,0.0
738747,上櫃,0.0,0.0,0.0
738748,上櫃,0.39,0.37,360.0
738749,上櫃,1.64,1.64,1.0
738750,上櫃,0.0,0.0,0.0
738751,上櫃,0.26,0.27,830.0
738752,上櫃,0.0,0.0,0.0
738753,上櫃,0.0,0.0,0.0
738754,上櫃,0.32,0.32,8.0
738755,上櫃,0.15,0.15,3.0
738756,上櫃,0.85,0.85,2.0
738757,上櫃,0.44,0.42,61.0
738758,上櫃,0.59,0.62,120.0
738759,上櫃,1.06,1.19,425.0
738760,上櫃,0.89,0.88,328.0
738761,上櫃,0.0,0.0,0.0
738762,上櫃,0.0,0.0,0.0
738763,上櫃,0.0,0.0,0.0
738764,上櫃,0.0,0.0,0.0
738765,上櫃,0.38,0.38,10.0
738766,上櫃,0.0,0.0,0.0
738767,上櫃,0.44,0.44,25.0
738772,上櫃,0.0,0.0,0.0
738776,上櫃,0.0,0.0,0.0
738781,上櫃,0.0,0.0,0.0
738783,上櫃,0.0,0.0,0.0
738784,上櫃,0.0,0.0,0.0
738789,上櫃,0.0,0.0,0.0
738798,上櫃,0.0,0.0,0.0
738802,上櫃,0.0,0.0,0.0
738806,上櫃,0.42,0.45,380.0
738807,上櫃,0.56,0.54,84.0
738808,上櫃,0.17,0.17,100.0
738809,上櫃,0.0,0.0,0.0
738817,上櫃,0.0,0.0,0.0
738821,上櫃,0.0,0.0,0.0
738825,上櫃,0.0,0.0,0.0
738826,上櫃,0.0,0.0,0.0
738827,上櫃,0.23,0.15,45.0
738831,上櫃,0.0,0.0,0.0
738837,上櫃,0.0,0.0,0.0
738842,上櫃,0.0,0.0,0.0
738844,上櫃,0.14,0.14,15.0
738845,上櫃,0.0,0.0,0.0
738851,上櫃,0.42,0.42,265.0
738853,上櫃,0.0,0.0,0.0
738861,上櫃,0.0,0.0,0.0
738863,上櫃,0.0,0.0,0.0
738866,上櫃,0.0,0.0,0.0
738870,上櫃,0.0,0.0,0.0
738871,上櫃,0.0,0.0,0.0
738872,上櫃,0.0,0.0,0.0
738873,上櫃,0.0,0.0,0.0
738874,上櫃,0.0,0.0,0.0
738880,上櫃,0.0,0.0,0.0
738887,上櫃,0.0,0.0,0.0
738888,上櫃,0.0,0.0,0.0
738889,上櫃,0.0,0.0,0.0
738898,上櫃,0.0,0.0,0.0
738899,上櫃,0.0,0.0,0.0
738901,上櫃,0.0,0.0,0.0
738904,上櫃,0.0,0.0,0.0
738906,上櫃,211.0,211.0,1.0
738911,上櫃,0.0,0.0,0.0
738914,上櫃,0.0,0.0,0.0
738917,上櫃,0.0,0.0,0.0
738921,上櫃,1.85,1.85,297.0
738929,上櫃,0.0,0.0,0.0
738931,上櫃,0.0,0.0,0.0
738932,上櫃,0.0,0.0,0.0
738933,上櫃,0.47,0.44,221.0
738934,上櫃,0.54,0.55,23.0
738935,上櫃,0.11,0.11,10.0
738936,上櫃,0.0,0.0,0.0
738937,上櫃,0.0,0.0,0.0
738938,上櫃,0.0,0.0,0.0
738939,上櫃,2.57,2.57,10.0
738940,上櫃,2.81,2.92,20.0
738941,上櫃,0.0,0.0,0.0
738942,上櫃,7.5,7.5,5.0
738943,上櫃,0.52,0.5,407.0
738944,上櫃,0.0,0.0,0.0
738945,上櫃,0.0,0.0,0.0
738946,上櫃,1.3,1.36,20.0
738947,上櫃,2.05,2.05,1.0
738948,上櫃,0.0,0.0,0.0
738949,上櫃,0.0,0.0,0.0
738950,上櫃,0.0,0.0,0.0
738954,上櫃,0.0,0.0,0.0
738963,上櫃,5.25,5.85,3.0
738971,上櫃,0.0,0.0,0.0
738979,上櫃,0.0,0.0,0.0
738999,上櫃,0.0,0.0,0.0
739002,上櫃,0.0,0.0,0.0
739003,上櫃,0.0,0.0,0.0
739006,上櫃,0.0,0.0,0.0
739015,上櫃,0.0,0.0,0.0
739017,上櫃,0.0,0.0,0.0
739018,上櫃,0.0,0.0,0.0
739027,上櫃,0.0,0.0,0.0
739029,上櫃,7.75,8.4,38.0
739031,上櫃,2.59,3.2,20.0
739032,上櫃,0.0,0.0,0.0
739045,上櫃,0.0,0.0,0.0
739053,上櫃,0.0,0.0,0.0
739057,上櫃,0.08,0.08,5.0
739059,上櫃,0.0,0.0,0.0
739062,上櫃,0.27,0.27,81.0
739063,上櫃,0.0,0.0,0.0
739064,上櫃,0.0,0.0,0.0
739067,上櫃,0.0,0.0,0.0
739068,上櫃,0.0,0.0,0.0
739071,上櫃,0.0,0.0,0.0
739073,上櫃,0.0,0.0,0.0
739076,上櫃,0.0,0.0,0.0
739077,上櫃,0.0,0.0,0.0
739078,上櫃,0.0,0.0,0.0
739079,上櫃,0.0,0.0,0.0
739083,上櫃,0.0,0.0,0.0
739089,上櫃,0.0,0.0,0.0
739096,上櫃,0.0,0.0,0.0
739100,上櫃,0.0,0.0,0.0
739102,上櫃,0.0,0.0,0.0
739105,上櫃,0.14,0.14,1.0
739106,上櫃,3.04,2.94,195.0
739116,上櫃,0.0,0.0,0.0
739117,上櫃,0.0,0.0,0.0
739118,上櫃,0.0,0.0,0.0
739122,上櫃,0.0,0.0,0.0
739123,上櫃,0.0,0.0,0.0
739131,上櫃,0.0,0.0,0.0
739133,上櫃,0.0,0.0,0.0
739143,上櫃,0.13,0.18,722.0
739148,上櫃,0.12,0.17,613.0
739149,上櫃,0.0,0.0,0.0
739151,上櫃,0.0,0.0,0.0
739152,上櫃,0.0,0.0,0.0
739155,上櫃,0.0,0.0,0.0
739156,上櫃,0.0,0.0,0.0
739157,上櫃,0.14,0.14,10.0
739160,上櫃,0.0,0.0,0.0
739161,上櫃,0.0,0.0,0.0
739162,上櫃,0.0,0.0,0.0
739166,上櫃,0.0,0.0,0.0
739174,上櫃,0.0,0.0,0.0
739185,上櫃,0.0,0.0,0.0
739208,上櫃,4.47,4.65,25.0
739209,上櫃,0.0,0.0,0.0
739211,上櫃,0.0,0.0,0.0
739215,上櫃,0.0,0.0,0.0
739216,上櫃,0.0,0.0,0.0
739217,上櫃,2.1,2.3,55.0
739220,上櫃,0.0,0.0,0.0
739221,上櫃,0.0,0.0,0.0
739224,上櫃,0.0,0.0,0.0
739225,上櫃,0.0,0.0,0.0
739227,上櫃,0.0,0.0,0.0
739234,上櫃,0.0,0.0,0.0
739235,上櫃,1.36,1.32,15.0
739251,上櫃,11.0,12.5,17.0
739252,上櫃,0.0,0.0,0.0
739262,上櫃,0.0,0.0,0.0
739263,上櫃,10.2,9.55,25.0
739270,上櫃,16.5,16.5,1.0
739273,上櫃,0.0,0.0,0.0
739276,上櫃,6.0,6.0,1.0
739277,上櫃,0.0,0.0,0.0
739280,上櫃,0.0,0.0,0.0
739281,上櫃,0.0,0.0,0.0
739284,上櫃,0.0,0.0,0.0
739288,上櫃,0.0,0.0,0.0
739292,上櫃,0.0,0.0,0.0
739293,上櫃,0.0,0.0,0.0
739295,上櫃,0.0,0.0,0.0
739303,上櫃,1.56,1.72,46.0
739310,上櫃,0.0,0.0,0.0
739317,上櫃,2.02,2.56,26.0
739320,上櫃,0.0,0.0,0.0
739321,上櫃,0.0,0.0,0.0
739322,上櫃,1.84,1.94,25.0
739327,上櫃,0.0,0.0,0.0
739337,上櫃,0.0,0.0,0.0
739340,上櫃,0.94,1.26,12.0
739341,上櫃,1.01,1.3,194.0
739345,上櫃,0.12,0.09,70.0
739353,上櫃,0.13,0.13,284.0
739359,上櫃,0.0,0.0,0.0
739362,上櫃,0.0,0.0,0.0
739365,上櫃,0.71,0.8,63.0
739367,上櫃,0.0,0.0,0.0
739369,上櫃,0.0,0.0,0.0
739372,上櫃,1.1,1.3,2193.0
739373,上櫃,0.0,0.0,0.0
739374,上櫃,0.82,0.85,641.0
739375,上櫃,0.5,0.5,8.0
739376,上櫃,0.0,0.0,0.0
739377,上櫃,0.0,0.0,0.0
739378,上櫃,0.0,0.0,0.0
739379,上櫃,0.0,0.0,0.0
739380,上櫃,0.0,0.0,0.0
739381,上櫃,0.0,0.0,0.0
739382,上櫃,2.92,2.8,109.0
739383,上櫃,2.89,2.81,101.0
739384,上櫃,0.27,0.27,100.0
739385,上櫃,0.84,0.84,36.0
739386,上櫃,1.15,1.13,390.0
739387,上櫃,0.51,0.51,275.0
739388,上櫃,0.78,0.81,46.0
739389,上櫃,0.0,0.0,0.0
739390,上櫃,1.43,1.74,174.0
739391,上櫃,0.0,0.0,0.0
739392,上櫃,0.0,0.0,0.0
739395,上櫃,0.0,0.0,0.0
739396,上櫃,0.0,0.0,0.0
739397,上櫃,0.0,0.0,0.0
739398,上櫃,0.0,0.0,0.0
739399,上櫃,0.0,0.0,0.0
739402,上櫃,0.0,0.0,0.0
739403,上櫃,0.0,0.0,0.0
739404,上櫃,0.0,0.0,0.0
739405,上櫃,0.0,0.0,0.0
739406,上櫃,0.0,0.0,0.0
739407,上櫃,0.0,0.0,0.0
739408,上櫃,0.0,0.0,0.0
739409,上櫃,0.0,0.0,0.0
739410,上櫃,0.34,0.37,122.0
739411,上櫃,16.6,16.6,10.0
739412,上櫃,0.0,0.0,0.0
739413,上櫃,0.0,0.0,0.0
739414,上櫃,0.0,0.0,0.0
739415,上櫃,0.0,0.0,0.0
739416,上櫃,0.68,0.99,325.0
739417,上櫃,0.33,0.45,2823.0
739418,上櫃,0.0,0.0,0.0
739419,上櫃,0.0,0.0,0.0
739421,上櫃,0.0,0.0,0.0
739422,上櫃,0.0,0.0,0.0
739423,上櫃,0.0,0.0,0.0
739424,上櫃,0.0,0.0,0.0
739425,上櫃,0.01,0.01,9.0
739426,上櫃,0.0,0.0,0.0
739427,上櫃,0.0,0.0,0.0
739428,上櫃,0.46,0.46,7.0
739429,上櫃,0.0,0.0,0.0
739431,上櫃,0.0,0.0,0.0
739432,上櫃,0.42,0.7,331.0
739433,上櫃,0.0,0.0,0.0
739434,上櫃,0.0,0.0,0.0
739436,上櫃,0.67,0.88,2.0
739437,上櫃,0.0,0.0,0.0
739438,上櫃,0.0,0.0,0.0
739439,上櫃,0.0,0.0,0.0
739440,上櫃,0.0,0.0,0.0
739441,上櫃,0.15,0.14,10.0
739442,上櫃,0.3,0.3,1.0
739443,上櫃,0.0,0.0,0.0
739444,上櫃,0.68,0.71,543.0
739445,上櫃,0.77,0.8,191.0
739446,上櫃,0.0,0.0,0.0
739447,上櫃,0.0,0.0,0.0
739448,上櫃,0.0,0.0,0.0
739450,上櫃,5.5,5.5,5.0
739451,上櫃,0.0,0.0,0.0
739452,上櫃,0.3,0.3,30.0
739453,上櫃,0.15,0.19,11.0
739454,上櫃,0.18,0.18,3.0
739455,上櫃,0.0,0.0,0.0
739456,上櫃,0.0,0.0,0.0
739457,上櫃,2.62,3.04,3.0
739458,上櫃,0.59,0.75,411.0
739459,上櫃,0.63,0.75,3191.0
739460,上櫃,0.62,0.67,1551.0
739461,上櫃,0.0,0.0,0.0
739462,上櫃,0.0,0.0,0.0
739463,上櫃,0.12,0.12,1.0
739465,上櫃,0.0,0.0,0.0
739466,上櫃,0.0,0.0,0.0
739467,上櫃,0.4,0.62,25.0
739468,上櫃,0.5,0.72,170.0
739471,上櫃,0.0,0.0,0.0
739475,上櫃,0.0,0.0,0.0
739476,上櫃,0.0,0.0,0.0
739477,上櫃,0.54,0.49,46.0
739478,上櫃,0.19,0.21,403.0
739480,上櫃,0.0,0.0,0.0
739481,上櫃,0.0,0.0,0.0
739484,上櫃,0.0,0.0,0.0
739485,上櫃,0.0,0.0,0.0
739489,上櫃,0.0,0.0,0.0
739493,上櫃,0.0,0.0,0.0
739494,上櫃,0.12,0.12,15.0
739495,上櫃,0.0,0.0,0.0
739496,上櫃,0.0,0.0,0.0
739497,上櫃,0.0,0.0,0.0
739498,上櫃,0.0,0.0,0.0
739499,上櫃,0.0,0.0,0.0
739500,上櫃,0.0,0.0,0.0
739501,上櫃,0.0,0.0,0.0
739502,上櫃,0.0,0.0,0.0
739504,上櫃,0.0,0.0,0.0
739505,上櫃,0.0,0.0,0.0
739506,上櫃,0.0,0.0,0.0
739510,上櫃,0.0,0.0,0.0
739511,上櫃,0.0,0.0,0.0
739513,上櫃,0.0,0.0,0.0
739515,上櫃,0.0,0.0,0.0
739517,上櫃,0.58,0.61,446.0
739518,上櫃,0.0,0.0,0.0
739519,上櫃,0.34,0.34,5.0
739520,上櫃,6.1,6.1,10.0
739521,上櫃,1.05,1.05,321.0
739522,上櫃,0.0,0.0,0.0
739523,上櫃,1.79,1.79,10.0
739524,上櫃,0.23,0.3,56.0
739525,上櫃,0.27,0.27,10.0
739526,上櫃,0.0,0.0,0.0
739527,上櫃,0.0,0.0,0.0
739528,上櫃,0.84,0.86,19.0
739531,上櫃,0.0,0.0,0.0
739534,上櫃,0.0,0.0,0.0
739535,上櫃,0.0,0.0,0.0
739536,上櫃,0.0,0.0,0.0
739537,上櫃,0.0,0.0,0.0
739538,上櫃,0.0,0.0,0.0
739539,上櫃,0.0,0.0,0.0
739540,上櫃,0.0,0.0,0.0
739541,上櫃,0.0,0.0,0.0
739542,上櫃,0.0,0.0,0.0
739545,上櫃,0.0,0.0,0.0
739546,上櫃,0.0,0.0,0.0
739547,上櫃,1.29,1.77,10.0
739548,上櫃,0.0,0.0,0.0
739549,上櫃,0.28,0.28,60.0
739550,上櫃,0.0,0.0,0.0
739551,上櫃,0.0,0.0,0.0
739552,上櫃,0.0,0.0,0.0
739553,上櫃,0.0,0.0,0.0
739554,上櫃,0.0,0.0,0.0
739555,上櫃,44.9,45.1,28.0
739556,上櫃,0.0,0.0,0.0
739557,上櫃,0.0,0.0,0.0
739558,上櫃,0.0,0.0,0.0
739559,上櫃,0.0,0.0,0.0
739560,上櫃,0.0,0.0,0.0
739561,上櫃,0.0,0.0,0.0
739562,上櫃,0.0,0.0,0.0
739563,上櫃,0.0,0.0,0.0
739564,上櫃,0.0,0.0,0.0
739565,上櫃,0.0,0.0,0.0
739566,上櫃,0.0,0.0,0.0
739567,上櫃,0.0,0.0,0.0
739568,上櫃,0.27,0.32,30.0
739569,上櫃,0.0,0.0,0.0
739576,上櫃,0.0,0.0,0.0
739578,上櫃,0.0,0.0,0.0
739579,上櫃,1.73,1.72,12.0
739580,上櫃,0.0,0.0,0.0
739581,上櫃,7.0,6.8,6.0
739583,上櫃,0.0,0.0,0.0
739584,上櫃,0.0,0.0,0.0
739586,上櫃,0.0,0.0,0.0
739588,上櫃,0.0,0.0,0.0
739590,上櫃,0.0,0.0,0.0
739591,上櫃,0.0,0.0,0.0
739593,上櫃,0.0,0.0,0.0
739595,上櫃,0.0,0.0,0.0
739596,上櫃,0.0,0.0,0.0
739597,上櫃,0.0,0.0,0.0
739598,上櫃,0.67,0.7,34.0
739600,上櫃,0.0,0.0,0.0
739602,上櫃,0.0,0.0,0.0
739605,上櫃,0.0,0.0,0.0
739606,上櫃,0.0,0.0,0.0
739607,上櫃,0.0,0.0,0.0
739608,上櫃,0.0,0.0,0.0
739609,上櫃,0.0,0.0,0.0
739610,上櫃,0.0,0.0,0.0
739611,上櫃,0.0,0.0,0.0
739612,上櫃,0.0,0.0,0.0
739614,上櫃,0.31,0.31,16.0
739615,上櫃,0.0,0.0,0.0
739616,上櫃,0.0,0.0,0.0
739617,上櫃,0.0,0.0,0.0
739618,上櫃,0.0,0.0,0.0
739619,上櫃,0.0,0.0,0.0
739620,上櫃,0.0,0.0,0.0
739621,上櫃,5.45,5.45,10.0
739622,上櫃,0.0,0.0,0.0
739623,上櫃,0.0,0.0,0.0
739624,上櫃,0.0,0.0,0.0
739625,上櫃,0.0,0.0,0.0
739626,上櫃,0.0,0.0,0.0
739627,上櫃,0.0,0.0,0.0
739628,上櫃,0.0,0.0,0.0
739629,上櫃,0.0,0.0,0.0
739630,上櫃,0.0,0.0,0.0
739631,上櫃,0.0,0.0,0.0
739632,上櫃,0.0,0.0,0.0
739633,上櫃,0.0,0.0,0.0
739634,上櫃,0.0,0.0,0.0
739635,上櫃,0.0,0.0,0.0
739636,上櫃,0.0,0.0,0.0
739639,上櫃,0.38,0.38,7.0
739640,上櫃,0.0,0.0,0.0
739641,上櫃,0.0,0.0,0.0
739642,上櫃,1.34,1.34,10.0
739643,上櫃,0.0,0.0,0.0
739644,上櫃,0.0,0.0,0.0
739645,上櫃,0.28,0.29,115.0
739646,上櫃,0.0,0.0,0.0
739647,上櫃,0.0,0.0,0.0
739648,上櫃,0.0,0.0,0.0
739649,上櫃,0.2,0.2,5.0
739650,上櫃,0.92,0.92,1.0
739651,上櫃,0.52,0.52,5.0
739652,上櫃,0.38,0.38,2.0
739654,上櫃,0.0,0.0,0.0
739656,上櫃,0.0,0.0,0.0
739660,上櫃,0.0,0.0,0.0
739662,上櫃,0.0,0.0,0.0
739668,上櫃,0.0,0.0,0.0
739669,上櫃,0.0,0.0,0.0
739670,上櫃,0.0,0.0,0.0
739672,上櫃,0.0,0.0,0.0
739673,上櫃,0.0,0.0,0.0
739674,上櫃,0.0,0.0,0.0
739675,上櫃,0.0,0.0,0.0
739676,上櫃,0.0,0.0,0.0
739677,上櫃,0.0,0.0,0.0
739678,上櫃,0.0,0.0,0.0
739679,上櫃,10.0,10.0,1.0
739680,上櫃,0.0,0.0,0.0
739682,上櫃,0.1,0.1,20.0
739683,上櫃,0.0,0.0,0.0
739684,上櫃,0.0,0.0,0.0
739685,上櫃,0.0,0.0,0.0
739687,上櫃,0.0,0.0,0.0
739688,上櫃,0.0,0.0,0.0
739689,上櫃,0.0,0.0,0.0
739690,上櫃,0.0,0.0,0.0
739692,上櫃,0.0,0.0,0.0
739696,上櫃,1.12,1.1,111.0
739698,上櫃,0.0,0.0,0.0
739699,上櫃,0.0,0.0,0.0
739700,上櫃,0.0,0.0,0.0
739701,上櫃,0.0,0.0,0.0
739702,上櫃,20.7,20.7,10.0
739703,上櫃,0.0,0.0,0.0
739704,上櫃,0.65,0.75,41.0
739705,上櫃,0.0,0.0,0.0
739706,上櫃,0.0,0.0,0.0
739707,上櫃,0.0,0.0,0.0
739709,上櫃,0.5,0.5,23.0
739710,上櫃,0.5,0.51,11.0
739711,上櫃,0.0,0.0,0.0
739712,上櫃,0.0,0.0,0.0
739715,上櫃,1.02,1.02,1.0
739716,上櫃,0.84,0.82,169.0
739718,上櫃,0.0,0.0,0.0
739720,上櫃,0.0,0.0,0.0
739723,上櫃,0.0,0.0,0.0
739724,上櫃,0.0,0.0,0.0
739725,上櫃,0.38,0.4,599.0
739726,上櫃,0.0,0.0,0.0
739727,上櫃,0.09,0.09,50.0
739729,上櫃,0.0,0.0,0.0
739730,上櫃,0.0,0.0,0.0
739731,上櫃,0.0,0.0,0.0
739732,上櫃,0.18,0.26,846.0
739735,上櫃,0.0,0.0,0.0
739738,上櫃,0.0,0.0,0.0
739739,上櫃,0.0,0.0,0.0
739740,上櫃,0.0,0.0,0.0
739741,上櫃,0.0,0.0,0.0
739742,上櫃,0.0,0.0,0.0
739745,上櫃,0.0,0.0,0.0
739747,上櫃,0.84,0.85,20.0
739749,上櫃,0.19,0.27,2.0
739750,上櫃,0.93,1.21,45.0
739751,上櫃,0.69,0.84,222.0
739752,上櫃,0.04,0.04,20.0
739753,上櫃,0.0,0.0,0.0
739754,上櫃,0.0,0.0,0.0
739755,上櫃,0.0,0.0,0.0
739756,上櫃,0.07,0.11,225.0
739757,上櫃,1.6,1.6,1.0
739758,上櫃,0.1,0.13,490.0
739759,上櫃,0.0,0.0,0.0
739760,上櫃,0.0,0.0,0.0
739761,上櫃,0.0,0.0,0.0
739762,上櫃,0.0,0.0,0.0
739763,上櫃,0.0,0.0,0.0
739764,上櫃,0.0,0.0,0.0
739765,上櫃,0.0,0.0,0.0
739766,上櫃,0.0,0.0,0.0
739770,上櫃,0.0,0.0,0.0
739771,上櫃,0.0,0.0,0.0
739774,上櫃,0.0,0.0,0.0
739775,上櫃,0.0,0.0,0.0
739778,上櫃,0.0,0.0,0.0
739779,上櫃,0.0,0.0,0.0
739781,上櫃,0.0,0.0,0.0
739782,上櫃,0.0,0.0,0.0
739783,上櫃,0.56,0.56,1.0
739799,上櫃,0.0,0.0,0.0
739800,上櫃,0.0,0.0,0.0
739801,上櫃,0.0,0.0,0.0
739802,上櫃,0.0,0.0,0.0
739803,上櫃,0.0,0.0,0.0
739805,上櫃,0.0,0.0,0.0
739806,上櫃,0.91,0.91,2.0
739808,上櫃,0.0,0.0,0.0
739809,上櫃,0.64,0.69,118.0
739811,上櫃,0.0,0.0,0.0
739812,上櫃,0.0,0.0,0.0
739813,上櫃,0.0,0.0,0.0
739814,上櫃,0.0,0.0,0.0
739815,上櫃,0.0,0.0,0.0
739824,上櫃,0.0,0.0,0.0
739825,上櫃,0.0,0.0,0.0
739826,上櫃,1.52,1.35,665.0
739829,上櫃,0.46,0.46,30.0
739831,上櫃,0.0,0.0,0.0
739833,上櫃,0.0,0.0,0.0
739835,上櫃,13.0,14.0,7.0
739836,上櫃,0.0,0.0,0.0
739837,上櫃,0.0,0.0,0.0
739838,上櫃,0.0,0.0,0.0
739840,上櫃,0.0,0.0,0.0
739841,上櫃,0.0,0.0,0.0
739842,上櫃,0.0,0.0,0.0
739844,上櫃,0.04,0.09,384.0
739845,上櫃,0.0,0.0,0.0
739846,上櫃,0.0,0.0,0.0
739847,上櫃,0.0,0.0,0.0
739849,上櫃,0.02,0.02,1.0
739850,上櫃,0.0,0.0,0.0
739855,上櫃,0.1,0.11,1758.0
739856,上櫃,0.3,0.32,890.0
739858,上櫃,0.0,0.0,0.0
739870,上櫃,0.0,0.0,0.0
739873,上櫃,0.0,0.0,0.0
739874,上櫃,0.0,0.0,0.0
739875,上櫃,0.0,0.0,0.0
739876,上櫃,0.0,0.0,0.0
739877,上櫃,0.0,0.0,0.0
739878,上櫃,0.0,0.0,0.0
739879,上櫃,0.0,0.0,0.0
739880,上櫃,9.85,9.85,1.0
739881,上櫃,0.0,0.0,0.0
739882,上櫃,0.0,0.0,0.0
739883,上櫃,0.0,0.0,0.0
739884,上櫃,0.0,0.0,0.0
739885,上櫃,0.0,0.0,0.0
739886,上櫃,0.0,0.0,0.0
739887,上櫃,0.0,0.0,0.0
739891,上櫃,0.0,0.0,0.0
739894,上櫃,0.0,0.0,0.0
739895,上櫃,0.0,0.0,0.0
739903,上櫃,0.0,0.0,0.0
739906,上櫃,0.0,0.0,0.0
739907,上櫃,4.04,4.04,1.0
739908,上櫃,29.2,29.2,2.0
739909,上櫃,0.37,0.32,481.0
739910,上櫃,0.0,0.0,0.0
739913,上櫃,0.0,0.0,0.0
739914,上櫃,0.0,0.0,0.0
739915,上櫃,0.0,0.0,0.0
739916,上櫃,0.0,0.0,0.0
739921,上櫃,0.0,0.0,0.0
739924,上櫃,0.0,0.0,0.0
739933,上櫃,0.0,0.0,0.0
739934,上櫃,0.0,0.0,0.0
739935,上櫃,0.0,0.0,0.0
739936,上櫃,0.0,0.0,0.0
739941,上櫃,0.22,0.24,1127.0
739953,上櫃,0.46,0.58,42.0
739958,上櫃,0.0,0.0,0.0
739960,上櫃,0.0,0.0,0.0
739963,上櫃,0.0,0.0,0.0
739965,上櫃,0.0,0.0,0.0
739966,上櫃,0.0,0.0,0.0
739968,上櫃,0.0,0.0,0.0
739972,上櫃,0.0,0.0,0.0
739973,上櫃,9.9,9.9,100.0
739974,上櫃,0.0,0.0,0.0
739977,上櫃,0.26,0.23,100.0
739978,上櫃,0.0,0.0,0.0
739979,上櫃,0.0,0.0,0.0
739980,上櫃,0.0,0.0,0.0
739982,上櫃,0.0,0.0,0.0
739983,上櫃,0.17,0.17,10.0
739985,上櫃,0.0,0.0,0.0
739986,上櫃,0.0,0.0,0.0
739987,上櫃,0.0,0.0,0.0
739988,上櫃,0.01,0.02,800.0
739989,上櫃,0.0,0.0,0.0
739990,上櫃,0.0,0.0,0.0
739991,上櫃,0.0,0.0,0.0
739992,上櫃,0.0,0.0,0.0
739994,上櫃,0.0,0.0,0.0
739995,上櫃,0.0,0.0,0.0
739999,上櫃,0.0,0.0,0.0
7402,上櫃,119.5,125.0,1500.202
7547,上櫃,71.9,70.9,74.287
7556,上櫃,280.0,270.0,1773.88
7584,上櫃,33.15,32.75,72.051
7642,上櫃,70.7,70.9,19.993
7703,上櫃,241.5,237.5,348.021
7704,上櫃,63.9,61.0,199.934
7708,上櫃,92.0,92.2,6.763
7709,上櫃,79.2,74.2,684.029
7712,上櫃,109.0,118.0,626.33
7713,上櫃,67.0,67.0,9.0
7714,上櫃,131.0,134.0,175.932
7715,上櫃,28.9,29.0,36.377
7716,上櫃,25.65,25.3,2.001
7717,上櫃,905.0,836.0,927.984
7718,上櫃,48.9,48.25,40.024
7723,上櫃,34.4,34.35,125.663
7728,上櫃,855.0,811.0,469.045
7734,上櫃,2340.0,2280.0,536.927
7738,上櫃,184.5,181.0,88.404
7743,上櫃,20.0,20.0,31.397
7744,上櫃,491.0,486.0,104.617
7747,上櫃,126.0,130.5,27.799
7751,上櫃,2060.0,1845.0,806.197
7753,上櫃,39.6,39.6,18.044
7757,上櫃,111.0,111.5,12.862
7767,上櫃,44.5,44.8,4.0
7770,上櫃,46.7,48.2,13.066
7777,上櫃,26.8,26.55,642.969
7782,上櫃,28.9,29.3,58.242
7792,上櫃,364.5,357.5,210.762
7805,上櫃,662.0,655.0,67.67
7810,上櫃,249.0,252.0,179.552
7811,上櫃,90.0,88.8,41.482
8024,上櫃,13.15,13.15,65.631
8027,上櫃,160.5,145.5,13651.537
8032,上櫃,37.35,36.75,68.249
8034,上櫃,25.05,25.65,2622.905
8038,上櫃,41.1,41.1,343.046
8040,上櫃,61.0,63.6,3929.64
8042,上櫃,64.3,66.0,8449.527
8043,上櫃,86.3,94.1,12413.778
8044,上櫃,24.65,24.05,1816.58
8047,上櫃,57.0,56.0,175.3
8048,上櫃,62.0,62.4,793.445
8049,上櫃,25.55,25.6,121.873
8050,上櫃,40.85,41.2,414.651
8054,上櫃,98.9,105.5,7347.17
8059,上櫃,19.2,19.45,502.763
8064,上櫃,75.6,75.3,11374.903
8066,上櫃,18.0,18.25,232.442
8067,上櫃,13.5,13.3,4.022
8068,上櫃,23.2,23.35,534.688
8069,上櫃,151.0,155.0,5939.293
8071,上櫃,16.7,16.55,120.033
8074,上櫃,68.7,69.7,10103.483
8076,上櫃,23.35,23.4,807.382
8077,上櫃,42.25,42.25,3.53
8080,上櫃,29.15,28.75,24.838
8083,上櫃,174.0,173.5,75.152
8084,上櫃,47.1,46.6,66.299
8085,上櫃,15.15,15.25,407.241
8086,上櫃,135.0,141.0,10661.807
8087,上櫃,35.4,35.95,37.006
8088,上櫃,50.8,50.4,1686.124
8089,上櫃,21.5,21.75,143.011
8091,上櫃,187.5,178.5,1220.844
8092,上櫃,11.85,12.95,527.72
8093,上櫃,20.3,20.0,26.145
8096,上櫃,96.3,94.9,6045.999
8097,上櫃,53.5,54.0,105.942
8099,上櫃,72.0,69.8,167.563
8102,上櫃,59.2,61.7,50.439
8107,上櫃,12.7,12.75,78.165
8109,上櫃,109.0,107.0,114.873
8111,上櫃,72.5,72.0,7196.333
8121,上櫃,25.5,27.55,1683.312
8147,上櫃,146.0,147.5,356.613
8155,上櫃,341.0,356.5,5920.759
8171,上櫃,24.25,24.05,175.072
8176,上櫃,10.5,10.6,171.504
8182,上櫃,33.15,35.5,3930.884
8183,上櫃,35.55,35.75,894.728
8227,上櫃,126.5,136.0,1693.94
8234,上櫃,61.7,61.4,320.971
8240,上櫃,62.5,64.4,5312.467
8255,上櫃,123.5,127.0,557.29
8272,上櫃,71.0,71.0,29.707
8277,上櫃,7.53,7.58,185.907
8279,上櫃,106.0,106.5,15.23
8284,上櫃,63.6,63.6,6.015
8289,上櫃,44.8,47.2,3236.002
8291,上櫃,13.6,13.5,20.54
8299,上櫃,1640.0,1585.0,8821.88
8342,上櫃,93.1,93.5,3.05
8349,上櫃,43.05,43.8,212.638
8349A,上櫃,47.5,47.3,11.0
8354,上櫃,15.75,16.3,461.673
8358,上櫃,340.0,334.5,45703.915
8383,上櫃,54.7,56.8,4479.548
8390,上櫃,91.4,91.6,392.348
8401,上櫃,24.9,25.0,29.328
8403,上櫃,22.35,22.35,143.252
8409,上櫃,20.9,20.8,15.145
8410,上櫃,36.35,36.8,61.472
8415,上櫃,33.8,33.7,307.974
8416,上櫃,170.5,169.0,18.421
8421,上櫃,13.45,13.5,59.235
8423,上櫃,18.35,18.2,13.576
8424,上櫃,74.2,74.3,9.31
8426,上櫃,25.2,24.75,48.16
8431,上櫃,67.0,65.4,958.599
8432,上櫃,51.5,51.2,13.332
8433,上櫃,57.1,59.0,451.704
8435,上櫃,57.5,57.5,42.973
8436,上櫃,122.0,123.0,888.749
8437,上櫃,12.1,12.4,86.463
8440,上櫃,22.8,22.8,77.604
8444,上櫃,5.19,5.3,38.331
8446,上櫃,91.0,90.7,423.408
8450,上櫃,17.95,17.5,28.135
8455,上櫃,19.95,19.95,2.0
8472,上櫃,78.6,75.6,43.02
8477,上櫃,13.2,13.35,24.395
8489,上櫃,26.35,26.45,637.734
8905,上櫃,40.15,40.3,65.634
8906,上櫃,28.65,28.7,24.002
8908,上櫃,41.0,41.5,424.058
8916,上櫃,47.9,47.9,60.916
8917,上櫃,54.0,52.5,18.613
8921,上櫃,17.75,17.4,21.0
8923,上櫃,0.0,0.0,0.01
8924,上櫃,67.7,67.7,140.66
8927,上櫃,23.1,23.6,247.89
8928,上櫃,22.85,22.65,26.526
8929,上櫃,15.6,15.6,31.479
8930,上櫃,29.85,31.5,101.614
8931,上櫃,42.3,42.3,7.123
8932,上櫃,88.9,86.6,1452.288
8933,上櫃,6.53,6.57,251.465
8935,上櫃,19.25,19.0,255.737
8936,上櫃,50.7,50.4,1013.816
8937,上櫃,33.85,31.5,1281.254
8938,上櫃,63.5,63.2,150.415
8941,上櫃,46.1,45.05,24.384
8942,上櫃,44.9,43.5,616.86
9949,上櫃,35.05,35.6,318.786
9950,上櫃,14.05,13.3,3576.861
9951,上櫃,54.9,55.2,84.454
9960,上櫃,27.55,26.55,214.071
9962,上櫃,10.1,10.2,103.09
